feature_id,name_ar,field_availability_status,evidence_reference,ownership_status,legal_status,license_status,investment_value_status,area_status,infrastructure_status,institutional_confirmation_required,notes
LY-INV-RES-ZUW-00001,قرية إدوس السياحية,"{""ownership_type"": ""institutional_confirmation_required"", ""ownership_entity"": ""institutional_confirmation_required"", ""legal_status"": ""institutional_confirmation_required"", ""license_status"": ""institutional_confirmation_required"", ""planning_status"": ""institutional_confirmation_required"", ""environmental_status"": ""institutional_confirmation_required"", ""investment_value"": ""institutional_confirmation_required"", ""estimated_cost"": ""institutional_confirmation_required"", ""currency"": ""institutional_confirmation_required"", ""site_area_m2"": ""institutional_confirmation_required"", ""site_area_hectares"": ""institutional_confirmation_required"", ""implementing_entity"": ""institutional_confirmation_required"", ""supervising_entity"": ""institutional_confirmation_required"", ""investor_name"": ""institutional_confirmation_required"", ""operator_name"": ""institutional_confirmation_required"", ""infrastructure_status"": ""institutional_confirmation_required"", ""completion_percentage"": ""institutional_confirmation_required""}",data/incoming/tourism-investment-projects.kml,institutional_confirmation_required,institutional_confirmation_required,institutional_confirmation_required,institutional_confirmation_required,institutional_confirmation_required,institutional_confirmation_required,true,"Missing is not interpreted as negative, unlicensed, private, or stalled."
LY-INV-RES-TRI-00001,قرية مرمرة السياحية,"{""ownership_type"": ""institutional_confirmation_required"", ""ownership_entity"": ""institutional_confirmation_required"", ""legal_status"": ""institutional_confirmation_required"", ""license_status"": ""institutional_confirmation_required"", ""planning_status"": ""institutional_confirmation_required"", ""environmental_status"": ""institutional_confirmation_required"", ""investment_value"": ""institutional_confirmation_required"", ""estimated_cost"": ""institutional_confirmation_required"", ""currency"": ""institutional_confirmation_required"", ""site_area_m2"": ""institutional_confirmation_required"", ""site_area_hectares"": ""institutional_confirmation_required"", ""implementing_entity"": ""institutional_confirmation_required"", ""supervising_entity"": ""institutional_confirmation_required"", ""investor_name"": ""institutional_confirmation_required"", ""operator_name"": ""institutional_confirmation_required"", ""infrastructure_status"": ""institutional_confirmation_required"", ""completion_percentage"": ""institutional_confirmation_required""}",data/incoming/tourism-investment-projects.kml,institutional_confirmation_required,institutional_confirmation_required,institutional_confirmation_required,institutional_confirmation_required,institutional_confirmation_required,institutional_confirmation_required,true,"Missing is not interpreted as negative, unlicensed, private, or stalled."
LY-INV-RES-ZUW-00002,قرية فيرونا السياحية,"{""ownership_type"": ""institutional_confirmation_required"", ""ownership_entity"": ""institutional_confirmation_required"", ""legal_status"": ""institutional_confirmation_required"", ""license_status"": ""institutional_confirmation_required"", ""planning_status"": ""institutional_confirmation_required"", ""environmental_status"": ""institutional_confirmation_required"", ""investment_value"": ""institutional_confirmation_required"", ""estimated_cost"": ""institutional_confirmation_required"", ""currency"": ""institutional_confirmation_required"", ""site_area_m2"": ""institutional_confirmation_required"", ""site_area_hectares"": ""institutional_confirmation_required"", ""implementing_entity"": ""institutional_confirmation_required"", ""supervising_entity"": ""institutional_confirmation_required"", ""investor_name"": ""institutional_confirmation_required"", ""operator_name"": ""institutional_confirmation_required"", ""infrastructure_status"": ""institutional_confirmation_required"", ""completion_percentage"": ""institutional_confirmation_required""}",data/incoming/tourism-investment-projects.kml,institutional_confirmation_required,institutional_confirmation_required,institutional_confirmation_required,institutional_confirmation_required,institutional_confirmation_required,institutional_confirmation_required,true,"Missing is not interpreted as negative, unlicensed, private, or stalled."
LY-INV-RES-ZUW-00003,قرية البرتقالة,"{""ownership_type"": ""institutional_confirmation_required"", ""ownership_entity"": ""institutional_confirmation_required"", ""legal_status"": ""institutional_confirmation_required"", ""license_status"": ""institutional_confirmation_required"", ""planning_status"": ""institutional_confirmation_required"", ""environmental_status"": ""institutional_confirmation_required"", ""investment_value"": ""institutional_confirmation_required"", ""estimated_cost"": ""institutional_confirmation_required"", ""currency"": ""institutional_confirmation_required"", ""site_area_m2"": ""institutional_confirmation_required"", ""site_area_hectares"": ""institutional_confirmation_required"", ""implementing_entity"": ""institutional_confirmation_required"", ""supervising_entity"": ""institutional_confirmation_required"", ""investor_name"": ""institutional_confirmation_required"", ""operator_name"": ""institutional_confirmation_required"", ""infrastructure_status"": ""institutional_confirmation_required"", ""completion_percentage"": ""institutional_confirmation_required""}",data/incoming/tourism-investment-projects.kml,institutional_confirmation_required,institutional_confirmation_required,institutional_confirmation_required,institutional_confirmation_required,institutional_confirmation_required,institutional_confirmation_required,true,"Missing is not interpreted as negative, unlicensed, private, or stalled."
LY-INV-RES-ZUW-00004,قرية شط النخيل زوارة,"{""ownership_type"": ""institutional_confirmation_required"", ""ownership_entity"": ""institutional_confirmation_required"", ""legal_status"": ""institutional_confirmation_required"", ""license_status"": ""institutional_confirmation_required"", ""planning_status"": ""institutional_confirmation_required"", ""environmental_status"": ""institutional_confirmation_required"", ""investment_value"": ""institutional_confirmation_required"", ""estimated_cost"": ""institutional_confirmation_required"", ""currency"": ""institutional_confirmation_required"", ""site_area_m2"": ""institutional_confirmation_required"", ""site_area_hectares"": ""institutional_confirmation_required"", ""implementing_entity"": ""institutional_confirmation_required"", ""supervising_entity"": ""institutional_confirmation_required"", ""investor_name"": ""institutional_confirmation_required"", ""operator_name"": ""institutional_confirmation_required"", ""infrastructure_status"": ""institutional_confirmation_required"", ""completion_percentage"": ""institutional_confirmation_required""}",data/incoming/tourism-investment-projects.kml,institutional_confirmation_required,institutional_confirmation_required,institutional_confirmation_required,institutional_confirmation_required,institutional_confirmation_required,institutional_confirmation_required,true,"Missing is not interpreted as negative, unlicensed, private, or stalled."
LY-INV-RES-ZUW-00005,قرية أوليڤيا السياحية - زوارة,"{""ownership_type"": ""institutional_confirmation_required"", ""ownership_entity"": ""institutional_confirmation_required"", ""legal_status"": ""institutional_confirmation_required"", ""license_status"": ""institutional_confirmation_required"", ""planning_status"": ""institutional_confirmation_required"", ""environmental_status"": ""institutional_confirmation_required"", ""investment_value"": ""institutional_confirmation_required"", ""estimated_cost"": ""institutional_confirmation_required"", ""currency"": ""institutional_confirmation_required"", ""site_area_m2"": ""institutional_confirmation_required"", ""site_area_hectares"": ""institutional_confirmation_required"", ""implementing_entity"": ""institutional_confirmation_required"", ""supervising_entity"": ""institutional_confirmation_required"", ""investor_name"": ""institutional_confirmation_required"", ""operator_name"": ""institutional_confirmation_required"", ""infrastructure_status"": ""institutional_confirmation_required"", ""completion_percentage"": ""institutional_confirmation_required""}",data/incoming/tourism-investment-projects.kml,institutional_confirmation_required,institutional_confirmation_required,institutional_confirmation_required,institutional_confirmation_required,institutional_confirmation_required,institutional_confirmation_required,true,"Missing is not interpreted as negative, unlicensed, private, or stalled."
LY-INV-RES-ZUW-00006,منتجع رياض المنصوري,"{""ownership_type"": ""institutional_confirmation_required"", ""ownership_entity"": ""institutional_confirmation_required"", ""legal_status"": ""institutional_confirmation_required"", ""license_status"": ""institutional_confirmation_required"", ""planning_status"": ""institutional_confirmation_required"", ""environmental_status"": ""institutional_confirmation_required"", ""investment_value"": ""institutional_confirmation_required"", ""estimated_cost"": ""institutional_confirmation_required"", ""currency"": ""institutional_confirmation_required"", ""site_area_m2"": ""institutional_confirmation_required"", ""site_area_hectares"": ""institutional_confirmation_required"", ""implementing_entity"": ""institutional_confirmation_required"", ""supervising_entity"": ""institutional_confirmation_required"", ""investor_name"": ""institutional_confirmation_required"", ""operator_name"": ""institutional_confirmation_required"", ""infrastructure_status"": ""institutional_confirmation_required"", ""completion_percentage"": ""institutional_confirmation_required""}",data/incoming/tourism-investment-projects.kml,institutional_confirmation_required,institutional_confirmation_required,institutional_confirmation_required,institutional_confirmation_required,institutional_confirmation_required,institutional_confirmation_required,true,"Missing is not interpreted as negative, unlicensed, private, or stalled."
LY-INV-RES-ZUW-00007,إقامة تولين السياحية,"{""ownership_type"": ""institutional_confirmation_required"", ""ownership_entity"": ""institutional_confirmation_required"", ""legal_status"": ""institutional_confirmation_required"", ""license_status"": ""institutional_confirmation_required"", ""planning_status"": ""institutional_confirmation_required"", ""environmental_status"": ""institutional_confirmation_required"", ""investment_value"": ""institutional_confirmation_required"", ""estimated_cost"": ""institutional_confirmation_required"", ""currency"": ""institutional_confirmation_required"", ""site_area_m2"": ""institutional_confirmation_required"", ""site_area_hectares"": ""institutional_confirmation_required"", ""implementing_entity"": ""institutional_confirmation_required"", ""supervising_entity"": ""institutional_confirmation_required"", ""investor_name"": ""institutional_confirmation_required"", ""operator_name"": ""institutional_confirmation_required"", ""infrastructure_status"": ""institutional_confirmation_required"", ""completion_percentage"": ""institutional_confirmation_required""}",data/incoming/tourism-investment-projects.kml,institutional_confirmation_required,institutional_confirmation_required,institutional_confirmation_required,institutional_confirmation_required,institutional_confirmation_required,institutional_confirmation_required,true,"Missing is not interpreted as negative, unlicensed, private, or stalled."
LY-INV-RES-ZUW-00008,VILLA HAYA,"{""ownership_type"": ""institutional_confirmation_required"", ""ownership_entity"": ""institutional_confirmation_required"", ""legal_status"": ""institutional_confirmation_required"", ""license_status"": ""institutional_confirmation_required"", ""planning_status"": ""institutional_confirmation_required"", ""environmental_status"": ""institutional_confirmation_required"", ""investment_value"": ""institutional_confirmation_required"", ""estimated_cost"": ""institutional_confirmation_required"", ""currency"": ""institutional_confirmation_required"", ""site_area_m2"": ""institutional_confirmation_required"", ""site_area_hectares"": ""institutional_confirmation_required"", ""implementing_entity"": ""institutional_confirmation_required"", ""supervising_entity"": ""institutional_confirmation_required"", ""investor_name"": ""institutional_confirmation_required"", ""operator_name"": ""institutional_confirmation_required"", ""infrastructure_status"": ""institutional_confirmation_required"", ""completion_percentage"": ""institutional_confirmation_required""}",data/incoming/tourism-investment-projects.kml,institutional_confirmation_required,institutional_confirmation_required,institutional_confirmation_required,institutional_confirmation_required,institutional_confirmation_required,institutional_confirmation_required,true,"Missing is not interpreted as negative, unlicensed, private, or stalled."
LY-INV-RES-ZUW-00009,منتجع زين السياحي,"{""ownership_type"": ""institutional_confirmation_required"", ""ownership_entity"": ""institutional_confirmation_required"", ""legal_status"": ""institutional_confirmation_required"", ""license_status"": ""institutional_confirmation_required"", ""planning_status"": ""institutional_confirmation_required"", ""environmental_status"": ""institutional_confirmation_required"", ""investment_value"": ""institutional_confirmation_required"", ""estimated_cost"": ""institutional_confirmation_required"", ""currency"": ""institutional_confirmation_required"", ""site_area_m2"": ""institutional_confirmation_required"", ""site_area_hectares"": ""institutional_confirmation_required"", ""implementing_entity"": ""institutional_confirmation_required"", ""supervising_entity"": ""institutional_confirmation_required"", ""investor_name"": ""institutional_confirmation_required"", ""operator_name"": ""institutional_confirmation_required"", ""infrastructure_status"": ""institutional_confirmation_required"", ""completion_percentage"": ""institutional_confirmation_required""}",data/incoming/tourism-investment-projects.kml,institutional_confirmation_required,institutional_confirmation_required,institutional_confirmation_required,institutional_confirmation_required,institutional_confirmation_required,institutional_confirmation_required,true,"Missing is not interpreted as negative, unlicensed, private, or stalled."
LY-INV-RES-ZUW-00010,قرية تيبودا السياحيه,"{""ownership_type"": ""institutional_confirmation_required"", ""ownership_entity"": ""institutional_confirmation_required"", ""legal_status"": ""institutional_confirmation_required"", ""license_status"": ""institutional_confirmation_required"", ""planning_status"": ""institutional_confirmation_required"", ""environmental_status"": ""institutional_confirmation_required"", ""investment_value"": ""institutional_confirmation_required"", ""estimated_cost"": ""institutional_confirmation_required"", ""currency"": ""institutional_confirmation_required"", ""site_area_m2"": ""institutional_confirmation_required"", ""site_area_hectares"": ""institutional_confirmation_required"", ""implementing_entity"": ""institutional_confirmation_required"", ""supervising_entity"": ""institutional_confirmation_required"", ""investor_name"": ""institutional_confirmation_required"", ""operator_name"": ""institutional_confirmation_required"", ""infrastructure_status"": ""institutional_confirmation_required"", ""completion_percentage"": ""institutional_confirmation_required""}",data/incoming/tourism-investment-projects.kml,institutional_confirmation_required,institutional_confirmation_required,institutional_confirmation_required,institutional_confirmation_required,institutional_confirmation_required,institutional_confirmation_required,true,"Missing is not interpreted as negative, unlicensed, private, or stalled."
LY-INV-RES-ZUW-00011,منتجع سيتي بارك زوارة,"{""ownership_type"": ""institutional_confirmation_required"", ""ownership_entity"": ""institutional_confirmation_required"", ""legal_status"": ""institutional_confirmation_required"", ""license_status"": ""institutional_confirmation_required"", ""planning_status"": ""institutional_confirmation_required"", ""environmental_status"": ""institutional_confirmation_required"", ""investment_value"": ""institutional_confirmation_required"", ""estimated_cost"": ""institutional_confirmation_required"", ""currency"": ""institutional_confirmation_required"", ""site_area_m2"": ""institutional_confirmation_required"", ""site_area_hectares"": ""institutional_confirmation_required"", ""implementing_entity"": ""institutional_confirmation_required"", ""supervising_entity"": ""institutional_confirmation_required"", ""investor_name"": ""institutional_confirmation_required"", ""operator_name"": ""institutional_confirmation_required"", ""infrastructure_status"": ""institutional_confirmation_required"", ""completion_percentage"": ""institutional_confirmation_required""}",data/incoming/tourism-investment-projects.kml,institutional_confirmation_required,institutional_confirmation_required,institutional_confirmation_required,institutional_confirmation_required,institutional_confirmation_required,institutional_confirmation_required,true,"Missing is not interpreted as negative, unlicensed, private, or stalled."
LY-INV-RES-SAB-00001,قرية جوهرة صبراتة السياحية,"{""ownership_type"": ""institutional_confirmation_required"", ""ownership_entity"": ""institutional_confirmation_required"", ""legal_status"": ""institutional_confirmation_required"", ""license_status"": ""institutional_confirmation_required"", ""planning_status"": ""institutional_confirmation_required"", ""environmental_status"": ""institutional_confirmation_required"", ""investment_value"": ""institutional_confirmation_required"", ""estimated_cost"": ""institutional_confirmation_required"", ""currency"": ""institutional_confirmation_required"", ""site_area_m2"": ""institutional_confirmation_required"", ""site_area_hectares"": ""institutional_confirmation_required"", ""implementing_entity"": ""institutional_confirmation_required"", ""supervising_entity"": ""institutional_confirmation_required"", ""investor_name"": ""institutional_confirmation_required"", ""operator_name"": ""institutional_confirmation_required"", ""infrastructure_status"": ""institutional_confirmation_required"", ""completion_percentage"": ""institutional_confirmation_required""}",data/incoming/tourism-investment-projects.kml,institutional_confirmation_required,institutional_confirmation_required,institutional_confirmation_required,institutional_confirmation_required,institutional_confirmation_required,institutional_confirmation_required,true,"Missing is not interpreted as negative, unlicensed, private, or stalled."
LY-INV-HOT-SAB-00001,قرية المغرب العربي صبراتة,"{""ownership_type"": ""institutional_confirmation_required"", ""ownership_entity"": ""institutional_confirmation_required"", ""legal_status"": ""institutional_confirmation_required"", ""license_status"": ""institutional_confirmation_required"", ""planning_status"": ""institutional_confirmation_required"", ""environmental_status"": ""institutional_confirmation_required"", ""investment_value"": ""institutional_confirmation_required"", ""estimated_cost"": ""institutional_confirmation_required"", ""currency"": ""institutional_confirmation_required"", ""site_area_m2"": ""institutional_confirmation_required"", ""site_area_hectares"": ""institutional_confirmation_required"", ""implementing_entity"": ""institutional_confirmation_required"", ""supervising_entity"": ""institutional_confirmation_required"", ""investor_name"": ""institutional_confirmation_required"", ""operator_name"": ""institutional_confirmation_required"", ""infrastructure_status"": ""institutional_confirmation_required"", ""completion_percentage"": ""institutional_confirmation_required""}",data/incoming/tourism-investment-projects.kml,institutional_confirmation_required,institutional_confirmation_required,institutional_confirmation_required,institutional_confirmation_required,institutional_confirmation_required,institutional_confirmation_required,true,"Missing is not interpreted as negative, unlicensed, private, or stalled."
LY-INV-RES-SAB-00002,مركب تليل السياحي_صبراتة,"{""ownership_type"": ""institutional_confirmation_required"", ""ownership_entity"": ""institutional_confirmation_required"", ""legal_status"": ""institutional_confirmation_required"", ""license_status"": ""institutional_confirmation_required"", ""planning_status"": ""institutional_confirmation_required"", ""environmental_status"": ""institutional_confirmation_required"", ""investment_value"": ""institutional_confirmation_required"", ""estimated_cost"": ""institutional_confirmation_required"", ""currency"": ""institutional_confirmation_required"", ""site_area_m2"": ""institutional_confirmation_required"", ""site_area_hectares"": ""institutional_confirmation_required"", ""implementing_entity"": ""institutional_confirmation_required"", ""supervising_entity"": ""institutional_confirmation_required"", ""investor_name"": ""institutional_confirmation_required"", ""operator_name"": ""institutional_confirmation_required"", ""infrastructure_status"": ""institutional_confirmation_required"", ""completion_percentage"": ""institutional_confirmation_required""}",data/incoming/tourism-investment-projects.kml,institutional_confirmation_required,institutional_confirmation_required,institutional_confirmation_required,institutional_confirmation_required,institutional_confirmation_required,institutional_confirmation_required,true,"Missing is not interpreted as negative, unlicensed, private, or stalled."
LY-INV-RES-NAT-00001,القرية السياحية جنزور,"{""ownership_type"": ""institutional_confirmation_required"", ""ownership_entity"": ""institutional_confirmation_required"", ""legal_status"": ""institutional_confirmation_required"", ""license_status"": ""institutional_confirmation_required"", ""planning_status"": ""institutional_confirmation_required"", ""environmental_status"": ""institutional_confirmation_required"", ""investment_value"": ""institutional_confirmation_required"", ""estimated_cost"": ""institutional_confirmation_required"", ""currency"": ""institutional_confirmation_required"", ""site_area_m2"": ""institutional_confirmation_required"", ""site_area_hectares"": ""institutional_confirmation_required"", ""implementing_entity"": ""institutional_confirmation_required"", ""supervising_entity"": ""institutional_confirmation_required"", ""investor_name"": ""institutional_confirmation_required"", ""operator_name"": ""institutional_confirmation_required"", ""infrastructure_status"": ""institutional_confirmation_required"", ""completion_percentage"": ""institutional_confirmation_required""}",data/incoming/tourism-investment-projects.kml,institutional_confirmation_required,institutional_confirmation_required,institutional_confirmation_required,institutional_confirmation_required,institutional_confirmation_required,institutional_confirmation_required,true,"Missing is not interpreted as negative, unlicensed, private, or stalled."
LY-INV-RES-TRI-00002,قرية بالم سيتي/قرية النخيل السياحية طرابلس,"{""ownership_type"": ""institutional_confirmation_required"", ""ownership_entity"": ""institutional_confirmation_required"", ""legal_status"": ""institutional_confirmation_required"", ""license_status"": ""institutional_confirmation_required"", ""planning_status"": ""institutional_confirmation_required"", ""environmental_status"": ""institutional_confirmation_required"", ""investment_value"": ""institutional_confirmation_required"", ""estimated_cost"": ""institutional_confirmation_required"", ""currency"": ""institutional_confirmation_required"", ""site_area_m2"": ""institutional_confirmation_required"", ""site_area_hectares"": ""institutional_confirmation_required"", ""implementing_entity"": ""institutional_confirmation_required"", ""supervising_entity"": ""institutional_confirmation_required"", ""investor_name"": ""institutional_confirmation_required"", ""operator_name"": ""institutional_confirmation_required"", ""infrastructure_status"": ""institutional_confirmation_required"", ""completion_percentage"": ""institutional_confirmation_required""}",data/incoming/tourism-investment-projects.kml,institutional_confirmation_required,institutional_confirmation_required,institutional_confirmation_required,institutional_confirmation_required,institutional_confirmation_required,institutional_confirmation_required,true,"Missing is not interpreted as negative, unlicensed, private, or stalled."
LY-INV-RES-TRI-00003,القرية السياحية الريقاتة,"{""ownership_type"": ""institutional_confirmation_required"", ""ownership_entity"": ""institutional_confirmation_required"", ""legal_status"": ""institutional_confirmation_required"", ""license_status"": ""institutional_confirmation_required"", ""planning_status"": ""institutional_confirmation_required"", ""environmental_status"": ""institutional_confirmation_required"", ""investment_value"": ""institutional_confirmation_required"", ""estimated_cost"": ""institutional_confirmation_required"", ""currency"": ""institutional_confirmation_required"", ""site_area_m2"": ""institutional_confirmation_required"", ""site_area_hectares"": ""institutional_confirmation_required"", ""implementing_entity"": ""institutional_confirmation_required"", ""supervising_entity"": ""institutional_confirmation_required"", ""investor_name"": ""institutional_confirmation_required"", ""operator_name"": ""institutional_confirmation_required"", ""infrastructure_status"": ""institutional_confirmation_required"", ""completion_percentage"": ""institutional_confirmation_required""}",data/incoming/tourism-investment-projects.kml,institutional_confirmation_required,institutional_confirmation_required,institutional_confirmation_required,institutional_confirmation_required,institutional_confirmation_required,institutional_confirmation_required,true,"Missing is not interpreted as negative, unlicensed, private, or stalled."
LY-INV-HOT-TRI-00001,مركب شيراتون - النقاط الأربعة,"{""ownership_type"": ""institutional_confirmation_required"", ""ownership_entity"": ""institutional_confirmation_required"", ""legal_status"": ""institutional_confirmation_required"", ""license_status"": ""institutional_confirmation_required"", ""planning_status"": ""institutional_confirmation_required"", ""environmental_status"": ""institutional_confirmation_required"", ""investment_value"": ""institutional_confirmation_required"", ""estimated_cost"": ""institutional_confirmation_required"", ""currency"": ""institutional_confirmation_required"", ""site_area_m2"": ""institutional_confirmation_required"", ""site_area_hectares"": ""institutional_confirmation_required"", ""implementing_entity"": ""institutional_confirmation_required"", ""supervising_entity"": ""institutional_confirmation_required"", ""investor_name"": ""institutional_confirmation_required"", ""operator_name"": ""institutional_confirmation_required"", ""infrastructure_status"": ""institutional_confirmation_required"", ""completion_percentage"": ""institutional_confirmation_required""}",data/incoming/tourism-investment-projects.kml,institutional_confirmation_required,institutional_confirmation_required,institutional_confirmation_required,institutional_confirmation_required,institutional_confirmation_required,institutional_confirmation_required,true,"Missing is not interpreted as negative, unlicensed, private, or stalled."
LY-INV-RES-NAT-00002,القرية السياحية تاجوراء,"{""ownership_type"": ""institutional_confirmation_required"", ""ownership_entity"": ""institutional_confirmation_required"", ""legal_status"": ""institutional_confirmation_required"", ""license_status"": ""institutional_confirmation_required"", ""planning_status"": ""institutional_confirmation_required"", ""environmental_status"": ""institutional_confirmation_required"", ""investment_value"": ""institutional_confirmation_required"", ""estimated_cost"": ""institutional_confirmation_required"", ""currency"": ""institutional_confirmation_required"", ""site_area_m2"": ""institutional_confirmation_required"", ""site_area_hectares"": ""institutional_confirmation_required"", ""implementing_entity"": ""institutional_confirmation_required"", ""supervising_entity"": ""institutional_confirmation_required"", ""investor_name"": ""institutional_confirmation_required"", ""operator_name"": ""institutional_confirmation_required"", ""infrastructure_status"": ""institutional_confirmation_required"", ""completion_percentage"": ""institutional_confirmation_required""}",data/incoming/tourism-investment-projects.kml,institutional_confirmation_required,institutional_confirmation_required,institutional_confirmation_required,institutional_confirmation_required,institutional_confirmation_required,institutional_confirmation_required,true,"Missing is not interpreted as negative, unlicensed, private, or stalled."
LY-INV-RES-NAT-00003,منتجع سمرلاند المائي,"{""ownership_type"": ""institutional_confirmation_required"", ""ownership_entity"": ""institutional_confirmation_required"", ""legal_status"": ""institutional_confirmation_required"", ""license_status"": ""institutional_confirmation_required"", ""planning_status"": ""institutional_confirmation_required"", ""environmental_status"": ""institutional_confirmation_required"", ""investment_value"": ""institutional_confirmation_required"", ""estimated_cost"": ""institutional_confirmation_required"", ""currency"": ""institutional_confirmation_required"", ""site_area_m2"": ""institutional_confirmation_required"", ""site_area_hectares"": ""institutional_confirmation_required"", ""implementing_entity"": ""institutional_confirmation_required"", ""supervising_entity"": ""institutional_confirmation_required"", ""investor_name"": ""institutional_confirmation_required"", ""operator_name"": ""institutional_confirmation_required"", ""infrastructure_status"": ""institutional_confirmation_required"", ""completion_percentage"": ""institutional_confirmation_required""}",data/incoming/tourism-investment-projects.kml,institutional_confirmation_required,institutional_confirmation_required,institutional_confirmation_required,institutional_confirmation_required,institutional_confirmation_required,institutional_confirmation_required,true,"Missing is not interpreted as negative, unlicensed, private, or stalled."
LY-INV-RES-KHO-00001,مصيف قرية مارينا السياحية,"{""ownership_type"": ""institutional_confirmation_required"", ""ownership_entity"": ""institutional_confirmation_required"", ""legal_status"": ""institutional_confirmation_required"", ""license_status"": ""institutional_confirmation_required"", ""planning_status"": ""institutional_confirmation_required"", ""environmental_status"": ""institutional_confirmation_required"", ""investment_value"": ""institutional_confirmation_required"", ""estimated_cost"": ""institutional_confirmation_required"", ""currency"": ""institutional_confirmation_required"", ""site_area_m2"": ""institutional_confirmation_required"", ""site_area_hectares"": ""institutional_confirmation_required"", ""implementing_entity"": ""institutional_confirmation_required"", ""supervising_entity"": ""institutional_confirmation_required"", ""investor_name"": ""institutional_confirmation_required"", ""operator_name"": ""institutional_confirmation_required"", ""infrastructure_status"": ""institutional_confirmation_required"", ""completion_percentage"": ""institutional_confirmation_required""}",data/incoming/tourism-investment-projects.kml,institutional_confirmation_required,institutional_confirmation_required,institutional_confirmation_required,institutional_confirmation_required,institutional_confirmation_required,institutional_confirmation_required,true,"Missing is not interpreted as negative, unlicensed, private, or stalled."
LY-INV-RES-KHO-00002,قرية قصر سيلين العائلية,"{""ownership_type"": ""institutional_confirmation_required"", ""ownership_entity"": ""institutional_confirmation_required"", ""legal_status"": ""institutional_confirmation_required"", ""license_status"": ""institutional_confirmation_required"", ""planning_status"": ""institutional_confirmation_required"", ""environmental_status"": ""institutional_confirmation_required"", ""investment_value"": ""institutional_confirmation_required"", ""estimated_cost"": ""institutional_confirmation_required"", ""currency"": ""institutional_confirmation_required"", ""site_area_m2"": ""institutional_confirmation_required"", ""site_area_hectares"": ""institutional_confirmation_required"", ""implementing_entity"": ""institutional_confirmation_required"", ""supervising_entity"": ""institutional_confirmation_required"", ""investor_name"": ""institutional_confirmation_required"", ""operator_name"": ""institutional_confirmation_required"", ""infrastructure_status"": ""institutional_confirmation_required"", ""completion_percentage"": ""institutional_confirmation_required""}",data/incoming/tourism-investment-projects.kml,institutional_confirmation_required,institutional_confirmation_required,institutional_confirmation_required,institutional_confirmation_required,institutional_confirmation_required,institutional_confirmation_required,true,"Missing is not interpreted as negative, unlicensed, private, or stalled."
LY-INV-RES-KHO-00003,قرية حدائق غنيمة,"{""ownership_type"": ""institutional_confirmation_required"", ""ownership_entity"": ""institutional_confirmation_required"", ""legal_status"": ""institutional_confirmation_required"", ""license_status"": ""institutional_confirmation_required"", ""planning_status"": ""institutional_confirmation_required"", ""environmental_status"": ""institutional_confirmation_required"", ""investment_value"": ""institutional_confirmation_required"", ""estimated_cost"": ""institutional_confirmation_required"", ""currency"": ""institutional_confirmation_required"", ""site_area_m2"": ""institutional_confirmation_required"", ""site_area_hectares"": ""institutional_confirmation_required"", ""implementing_entity"": ""institutional_confirmation_required"", ""supervising_entity"": ""institutional_confirmation_required"", ""investor_name"": ""institutional_confirmation_required"", ""operator_name"": ""institutional_confirmation_required"", ""infrastructure_status"": ""institutional_confirmation_required"", ""completion_percentage"": ""institutional_confirmation_required""}",data/incoming/tourism-investment-projects.kml,institutional_confirmation_required,institutional_confirmation_required,institutional_confirmation_required,institutional_confirmation_required,institutional_confirmation_required,institutional_confirmation_required,true,"Missing is not interpreted as negative, unlicensed, private, or stalled."
LY-INV-RES-KHO-00004,إستراحة شط غنيمة,"{""ownership_type"": ""institutional_confirmation_required"", ""ownership_entity"": ""institutional_confirmation_required"", ""legal_status"": ""institutional_confirmation_required"", ""license_status"": ""institutional_confirmation_required"", ""planning_status"": ""institutional_confirmation_required"", ""environmental_status"": ""institutional_confirmation_required"", ""investment_value"": ""institutional_confirmation_required"", ""estimated_cost"": ""institutional_confirmation_required"", ""currency"": ""institutional_confirmation_required"", ""site_area_m2"": ""institutional_confirmation_required"", ""site_area_hectares"": ""institutional_confirmation_required"", ""implementing_entity"": ""institutional_confirmation_required"", ""supervising_entity"": ""institutional_confirmation_required"", ""investor_name"": ""institutional_confirmation_required"", ""operator_name"": ""institutional_confirmation_required"", ""infrastructure_status"": ""institutional_confirmation_required"", ""completion_percentage"": ""institutional_confirmation_required""}",data/incoming/tourism-investment-projects.kml,institutional_confirmation_required,institutional_confirmation_required,institutional_confirmation_required,institutional_confirmation_required,institutional_confirmation_required,institutional_confirmation_required,true,"Missing is not interpreted as negative, unlicensed, private, or stalled."
LY-INV-RES-TRI-00004,قرية المتوسط العائلية,"{""ownership_type"": ""institutional_confirmation_required"", ""ownership_entity"": ""institutional_confirmation_required"", ""legal_status"": ""institutional_confirmation_required"", ""license_status"": ""institutional_confirmation_required"", ""planning_status"": ""institutional_confirmation_required"", ""environmental_status"": ""institutional_confirmation_required"", ""investment_value"": ""institutional_confirmation_required"", ""estimated_cost"": ""institutional_confirmation_required"", ""currency"": ""institutional_confirmation_required"", ""site_area_m2"": ""institutional_confirmation_required"", ""site_area_hectares"": ""institutional_confirmation_required"", ""implementing_entity"": ""institutional_confirmation_required"", ""supervising_entity"": ""institutional_confirmation_required"", ""investor_name"": ""institutional_confirmation_required"", ""operator_name"": ""institutional_confirmation_required"", ""infrastructure_status"": ""institutional_confirmation_required"", ""completion_percentage"": ""institutional_confirmation_required""}",data/incoming/tourism-investment-projects.kml,institutional_confirmation_required,institutional_confirmation_required,institutional_confirmation_required,institutional_confirmation_required,institutional_confirmation_required,institutional_confirmation_required,true,"Missing is not interpreted as negative, unlicensed, private, or stalled."
LY-INV-RES-KHO-00005,قرية قوس غنيمة السياحية,"{""ownership_type"": ""institutional_confirmation_required"", ""ownership_entity"": ""institutional_confirmation_required"", ""legal_status"": ""institutional_confirmation_required"", ""license_status"": ""institutional_confirmation_required"", ""planning_status"": ""institutional_confirmation_required"", ""environmental_status"": ""institutional_confirmation_required"", ""investment_value"": ""institutional_confirmation_required"", ""estimated_cost"": ""institutional_confirmation_required"", ""currency"": ""institutional_confirmation_required"", ""site_area_m2"": ""institutional_confirmation_required"", ""site_area_hectares"": ""institutional_confirmation_required"", ""implementing_entity"": ""institutional_confirmation_required"", ""supervising_entity"": ""institutional_confirmation_required"", ""investor_name"": ""institutional_confirmation_required"", ""operator_name"": ""institutional_confirmation_required"", ""infrastructure_status"": ""institutional_confirmation_required"", ""completion_percentage"": ""institutional_confirmation_required""}",data/incoming/tourism-investment-projects.kml,institutional_confirmation_required,institutional_confirmation_required,institutional_confirmation_required,institutional_confirmation_required,institutional_confirmation_required,institutional_confirmation_required,true,"Missing is not interpreted as negative, unlicensed, private, or stalled."
LY-INV-RES-KHO-00006,قرية لؤلؤة غنيمة العائلية,"{""ownership_type"": ""institutional_confirmation_required"", ""ownership_entity"": ""institutional_confirmation_required"", ""legal_status"": ""institutional_confirmation_required"", ""license_status"": ""institutional_confirmation_required"", ""planning_status"": ""institutional_confirmation_required"", ""environmental_status"": ""institutional_confirmation_required"", ""investment_value"": ""institutional_confirmation_required"", ""estimated_cost"": ""institutional_confirmation_required"", ""currency"": ""institutional_confirmation_required"", ""site_area_m2"": ""institutional_confirmation_required"", ""site_area_hectares"": ""institutional_confirmation_required"", ""implementing_entity"": ""institutional_confirmation_required"", ""supervising_entity"": ""institutional_confirmation_required"", ""investor_name"": ""institutional_confirmation_required"", ""operator_name"": ""institutional_confirmation_required"", ""infrastructure_status"": ""institutional_confirmation_required"", ""completion_percentage"": ""institutional_confirmation_required""}",data/incoming/tourism-investment-projects.kml,institutional_confirmation_required,institutional_confirmation_required,institutional_confirmation_required,institutional_confirmation_required,institutional_confirmation_required,institutional_confirmation_required,true,"Missing is not interpreted as negative, unlicensed, private, or stalled."
LY-INV-RES-KHO-00007,قرية شمس البحر,"{""ownership_type"": ""institutional_confirmation_required"", ""ownership_entity"": ""institutional_confirmation_required"", ""legal_status"": ""institutional_confirmation_required"", ""license_status"": ""institutional_confirmation_required"", ""planning_status"": ""institutional_confirmation_required"", ""environmental_status"": ""institutional_confirmation_required"", ""investment_value"": ""institutional_confirmation_required"", ""estimated_cost"": ""institutional_confirmation_required"", ""currency"": ""institutional_confirmation_required"", ""site_area_m2"": ""institutional_confirmation_required"", ""site_area_hectares"": ""institutional_confirmation_required"", ""implementing_entity"": ""institutional_confirmation_required"", ""supervising_entity"": ""institutional_confirmation_required"", ""investor_name"": ""institutional_confirmation_required"", ""operator_name"": ""institutional_confirmation_required"", ""infrastructure_status"": ""institutional_confirmation_required"", ""completion_percentage"": ""institutional_confirmation_required""}",data/incoming/tourism-investment-projects.kml,institutional_confirmation_required,institutional_confirmation_required,institutional_confirmation_required,institutional_confirmation_required,institutional_confirmation_required,institutional_confirmation_required,true,"Missing is not interpreted as negative, unlicensed, private, or stalled."
LY-INV-RES-KHO-00008,قرية الشاطيء الذهبي,"{""ownership_type"": ""institutional_confirmation_required"", ""ownership_entity"": ""institutional_confirmation_required"", ""legal_status"": ""institutional_confirmation_required"", ""license_status"": ""institutional_confirmation_required"", ""planning_status"": ""institutional_confirmation_required"", ""environmental_status"": ""institutional_confirmation_required"", ""investment_value"": ""institutional_confirmation_required"", ""estimated_cost"": ""institutional_confirmation_required"", ""currency"": ""institutional_confirmation_required"", ""site_area_m2"": ""institutional_confirmation_required"", ""site_area_hectares"": ""institutional_confirmation_required"", ""implementing_entity"": ""institutional_confirmation_required"", ""supervising_entity"": ""institutional_confirmation_required"", ""investor_name"": ""institutional_confirmation_required"", ""operator_name"": ""institutional_confirmation_required"", ""infrastructure_status"": ""institutional_confirmation_required"", ""completion_percentage"": ""institutional_confirmation_required""}",data/incoming/tourism-investment-projects.kml,institutional_confirmation_required,institutional_confirmation_required,institutional_confirmation_required,institutional_confirmation_required,institutional_confirmation_required,institutional_confirmation_required,true,"Missing is not interpreted as negative, unlicensed, private, or stalled."
LY-INV-RES-KHO-00009,منتجع سي شيلز,"{""ownership_type"": ""institutional_confirmation_required"", ""ownership_entity"": ""institutional_confirmation_required"", ""legal_status"": ""institutional_confirmation_required"", ""license_status"": ""institutional_confirmation_required"", ""planning_status"": ""institutional_confirmation_required"", ""environmental_status"": ""institutional_confirmation_required"", ""investment_value"": ""institutional_confirmation_required"", ""estimated_cost"": ""institutional_confirmation_required"", ""currency"": ""institutional_confirmation_required"", ""site_area_m2"": ""institutional_confirmation_required"", ""site_area_hectares"": ""institutional_confirmation_required"", ""implementing_entity"": ""institutional_confirmation_required"", ""supervising_entity"": ""institutional_confirmation_required"", ""investor_name"": ""institutional_confirmation_required"", ""operator_name"": ""institutional_confirmation_required"", ""infrastructure_status"": ""institutional_confirmation_required"", ""completion_percentage"": ""institutional_confirmation_required""}",data/incoming/tourism-investment-projects.kml,institutional_confirmation_required,institutional_confirmation_required,institutional_confirmation_required,institutional_confirmation_required,institutional_confirmation_required,institutional_confirmation_required,true,"Missing is not interpreted as negative, unlicensed, private, or stalled."
LY-INV-RES-KHO-00010,منتجع حوض البحر Seapool Resort,"{""ownership_type"": ""institutional_confirmation_required"", ""ownership_entity"": ""institutional_confirmation_required"", ""legal_status"": ""institutional_confirmation_required"", ""license_status"": ""institutional_confirmation_required"", ""planning_status"": ""institutional_confirmation_required"", ""environmental_status"": ""institutional_confirmation_required"", ""investment_value"": ""institutional_confirmation_required"", ""estimated_cost"": ""institutional_confirmation_required"", ""currency"": ""institutional_confirmation_required"", ""site_area_m2"": ""institutional_confirmation_required"", ""site_area_hectares"": ""institutional_confirmation_required"", ""implementing_entity"": ""institutional_confirmation_required"", ""supervising_entity"": ""institutional_confirmation_required"", ""investor_name"": ""institutional_confirmation_required"", ""operator_name"": ""institutional_confirmation_required"", ""infrastructure_status"": ""institutional_confirmation_required"", ""completion_percentage"": ""institutional_confirmation_required""}",data/incoming/tourism-investment-projects.kml,institutional_confirmation_required,institutional_confirmation_required,institutional_confirmation_required,institutional_confirmation_required,institutional_confirmation_required,institutional_confirmation_required,true,"Missing is not interpreted as negative, unlicensed, private, or stalled."
LY-INV-RES-KHO-00011,قرية الخمس السياحية,"{""ownership_type"": ""institutional_confirmation_required"", ""ownership_entity"": ""institutional_confirmation_required"", ""legal_status"": ""institutional_confirmation_required"", ""license_status"": ""institutional_confirmation_required"", ""planning_status"": ""institutional_confirmation_required"", ""environmental_status"": ""institutional_confirmation_required"", ""investment_value"": ""institutional_confirmation_required"", ""estimated_cost"": ""institutional_confirmation_required"", ""currency"": ""institutional_confirmation_required"", ""site_area_m2"": ""institutional_confirmation_required"", ""site_area_hectares"": ""institutional_confirmation_required"", ""implementing_entity"": ""institutional_confirmation_required"", ""supervising_entity"": ""institutional_confirmation_required"", ""investor_name"": ""institutional_confirmation_required"", ""operator_name"": ""institutional_confirmation_required"", ""infrastructure_status"": ""institutional_confirmation_required"", ""completion_percentage"": ""institutional_confirmation_required""}",data/incoming/tourism-investment-projects.kml,institutional_confirmation_required,institutional_confirmation_required,institutional_confirmation_required,institutional_confirmation_required,institutional_confirmation_required,institutional_confirmation_required,true,"Missing is not interpreted as negative, unlicensed, private, or stalled."
LY-INV-RES-KHO-00012,قريه غنيمه العائليه,"{""ownership_type"": ""institutional_confirmation_required"", ""ownership_entity"": ""institutional_confirmation_required"", ""legal_status"": ""institutional_confirmation_required"", ""license_status"": ""institutional_confirmation_required"", ""planning_status"": ""institutional_confirmation_required"", ""environmental_status"": ""institutional_confirmation_required"", ""investment_value"": ""institutional_confirmation_required"", ""estimated_cost"": ""institutional_confirmation_required"", ""currency"": ""institutional_confirmation_required"", ""site_area_m2"": ""institutional_confirmation_required"", ""site_area_hectares"": ""institutional_confirmation_required"", ""implementing_entity"": ""institutional_confirmation_required"", ""supervising_entity"": ""institutional_confirmation_required"", ""investor_name"": ""institutional_confirmation_required"", ""operator_name"": ""institutional_confirmation_required"", ""infrastructure_status"": ""institutional_confirmation_required"", ""completion_percentage"": ""institutional_confirmation_required""}",data/incoming/tourism-investment-projects.kml,institutional_confirmation_required,institutional_confirmation_required,institutional_confirmation_required,institutional_confirmation_required,institutional_confirmation_required,institutional_confirmation_required,true,"Missing is not interpreted as negative, unlicensed, private, or stalled."
LY-INV-RES-KHO-00013,قرية اكوا مارين السياحية,"{""ownership_type"": ""institutional_confirmation_required"", ""ownership_entity"": ""institutional_confirmation_required"", ""legal_status"": ""institutional_confirmation_required"", ""license_status"": ""institutional_confirmation_required"", ""planning_status"": ""institutional_confirmation_required"", ""environmental_status"": ""institutional_confirmation_required"", ""investment_value"": ""institutional_confirmation_required"", ""estimated_cost"": ""institutional_confirmation_required"", ""currency"": ""institutional_confirmation_required"", ""site_area_m2"": ""institutional_confirmation_required"", ""site_area_hectares"": ""institutional_confirmation_required"", ""implementing_entity"": ""institutional_confirmation_required"", ""supervising_entity"": ""institutional_confirmation_required"", ""investor_name"": ""institutional_confirmation_required"", ""operator_name"": ""institutional_confirmation_required"", ""infrastructure_status"": ""institutional_confirmation_required"", ""completion_percentage"": ""institutional_confirmation_required""}",data/incoming/tourism-investment-projects.kml,institutional_confirmation_required,institutional_confirmation_required,institutional_confirmation_required,institutional_confirmation_required,institutional_confirmation_required,institutional_confirmation_required,true,"Missing is not interpreted as negative, unlicensed, private, or stalled."
LY-INV-HOT-KHO-00001,قرية جنيف العائلية غنيمة,"{""ownership_type"": ""institutional_confirmation_required"", ""ownership_entity"": ""institutional_confirmation_required"", ""legal_status"": ""institutional_confirmation_required"", ""license_status"": ""institutional_confirmation_required"", ""planning_status"": ""institutional_confirmation_required"", ""environmental_status"": ""institutional_confirmation_required"", ""investment_value"": ""institutional_confirmation_required"", ""estimated_cost"": ""institutional_confirmation_required"", ""currency"": ""institutional_confirmation_required"", ""site_area_m2"": ""institutional_confirmation_required"", ""site_area_hectares"": ""institutional_confirmation_required"", ""implementing_entity"": ""institutional_confirmation_required"", ""supervising_entity"": ""institutional_confirmation_required"", ""investor_name"": ""institutional_confirmation_required"", ""operator_name"": ""institutional_confirmation_required"", ""infrastructure_status"": ""institutional_confirmation_required"", ""completion_percentage"": ""institutional_confirmation_required""}",data/incoming/tourism-investment-projects.kml,institutional_confirmation_required,institutional_confirmation_required,institutional_confirmation_required,institutional_confirmation_required,institutional_confirmation_required,institutional_confirmation_required,true,"Missing is not interpreted as negative, unlicensed, private, or stalled."
LY-INV-RES-KHO-00014,منتجع شاطئ غنيمة,"{""ownership_type"": ""institutional_confirmation_required"", ""ownership_entity"": ""institutional_confirmation_required"", ""legal_status"": ""institutional_confirmation_required"", ""license_status"": ""institutional_confirmation_required"", ""planning_status"": ""institutional_confirmation_required"", ""environmental_status"": ""institutional_confirmation_required"", ""investment_value"": ""institutional_confirmation_required"", ""estimated_cost"": ""institutional_confirmation_required"", ""currency"": ""institutional_confirmation_required"", ""site_area_m2"": ""institutional_confirmation_required"", ""site_area_hectares"": ""institutional_confirmation_required"", ""implementing_entity"": ""institutional_confirmation_required"", ""supervising_entity"": ""institutional_confirmation_required"", ""investor_name"": ""institutional_confirmation_required"", ""operator_name"": ""institutional_confirmation_required"", ""infrastructure_status"": ""institutional_confirmation_required"", ""completion_percentage"": ""institutional_confirmation_required""}",data/incoming/tourism-investment-projects.kml,institutional_confirmation_required,institutional_confirmation_required,institutional_confirmation_required,institutional_confirmation_required,institutional_confirmation_required,institutional_confirmation_required,true,"Missing is not interpreted as negative, unlicensed, private, or stalled."
LY-INV-RES-KHO-00015,شاليهات بن حمودة العائلي,"{""ownership_type"": ""institutional_confirmation_required"", ""ownership_entity"": ""institutional_confirmation_required"", ""legal_status"": ""institutional_confirmation_required"", ""license_status"": ""institutional_confirmation_required"", ""planning_status"": ""institutional_confirmation_required"", ""environmental_status"": ""institutional_confirmation_required"", ""investment_value"": ""institutional_confirmation_required"", ""estimated_cost"": ""institutional_confirmation_required"", ""currency"": ""institutional_confirmation_required"", ""site_area_m2"": ""institutional_confirmation_required"", ""site_area_hectares"": ""institutional_confirmation_required"", ""implementing_entity"": ""institutional_confirmation_required"", ""supervising_entity"": ""institutional_confirmation_required"", ""investor_name"": ""institutional_confirmation_required"", ""operator_name"": ""institutional_confirmation_required"", ""infrastructure_status"": ""institutional_confirmation_required"", ""completion_percentage"": ""institutional_confirmation_required""}",data/incoming/tourism-investment-projects.kml,institutional_confirmation_required,institutional_confirmation_required,institutional_confirmation_required,institutional_confirmation_required,institutional_confirmation_required,institutional_confirmation_required,true,"Missing is not interpreted as negative, unlicensed, private, or stalled."
LY-INV-RES-NAT-00004,منتجع كريستال السياحي,"{""ownership_type"": ""institutional_confirmation_required"", ""ownership_entity"": ""institutional_confirmation_required"", ""legal_status"": ""institutional_confirmation_required"", ""license_status"": ""institutional_confirmation_required"", ""planning_status"": ""institutional_confirmation_required"", ""environmental_status"": ""institutional_confirmation_required"", ""investment_value"": ""institutional_confirmation_required"", ""estimated_cost"": ""institutional_confirmation_required"", ""currency"": ""institutional_confirmation_required"", ""site_area_m2"": ""institutional_confirmation_required"", ""site_area_hectares"": ""institutional_confirmation_required"", ""implementing_entity"": ""institutional_confirmation_required"", ""supervising_entity"": ""institutional_confirmation_required"", ""investor_name"": ""institutional_confirmation_required"", ""operator_name"": ""institutional_confirmation_required"", ""infrastructure_status"": ""institutional_confirmation_required"", ""completion_percentage"": ""institutional_confirmation_required""}",data/incoming/tourism-investment-projects.kml,institutional_confirmation_required,institutional_confirmation_required,institutional_confirmation_required,institutional_confirmation_required,institutional_confirmation_required,institutional_confirmation_required,true,"Missing is not interpreted as negative, unlicensed, private, or stalled."
LY-INV-RES-NAT-00005,منتجع رويال السياحي,"{""ownership_type"": ""institutional_confirmation_required"", ""ownership_entity"": ""institutional_confirmation_required"", ""legal_status"": ""institutional_confirmation_required"", ""license_status"": ""institutional_confirmation_required"", ""planning_status"": ""institutional_confirmation_required"", ""environmental_status"": ""institutional_confirmation_required"", ""investment_value"": ""institutional_confirmation_required"", ""estimated_cost"": ""institutional_confirmation_required"", ""currency"": ""institutional_confirmation_required"", ""site_area_m2"": ""institutional_confirmation_required"", ""site_area_hectares"": ""institutional_confirmation_required"", ""implementing_entity"": ""institutional_confirmation_required"", ""supervising_entity"": ""institutional_confirmation_required"", ""investor_name"": ""institutional_confirmation_required"", ""operator_name"": ""institutional_confirmation_required"", ""infrastructure_status"": ""institutional_confirmation_required"", ""completion_percentage"": ""institutional_confirmation_required""}",data/incoming/tourism-investment-projects.kml,institutional_confirmation_required,institutional_confirmation_required,institutional_confirmation_required,institutional_confirmation_required,institutional_confirmation_required,institutional_confirmation_required,true,"Missing is not interpreted as negative, unlicensed, private, or stalled."
LY-INV-RES-NAT-00006,القويعة,"{""ownership_type"": ""institutional_confirmation_required"", ""ownership_entity"": ""institutional_confirmation_required"", ""legal_status"": ""institutional_confirmation_required"", ""license_status"": ""institutional_confirmation_required"", ""planning_status"": ""institutional_confirmation_required"", ""environmental_status"": ""institutional_confirmation_required"", ""investment_value"": ""institutional_confirmation_required"", ""estimated_cost"": ""institutional_confirmation_required"", ""currency"": ""institutional_confirmation_required"", ""site_area_m2"": ""institutional_confirmation_required"", ""site_area_hectares"": ""institutional_confirmation_required"", ""implementing_entity"": ""institutional_confirmation_required"", ""supervising_entity"": ""institutional_confirmation_required"", ""investor_name"": ""institutional_confirmation_required"", ""operator_name"": ""institutional_confirmation_required"", ""infrastructure_status"": ""institutional_confirmation_required"", ""completion_percentage"": ""institutional_confirmation_required""}",data/incoming/tourism-investment-projects.kml,institutional_confirmation_required,institutional_confirmation_required,institutional_confirmation_required,institutional_confirmation_required,institutional_confirmation_required,institutional_confirmation_required,true,"Missing is not interpreted as negative, unlicensed, private, or stalled."
LY-INV-RES-NAT-00007,منتجع فيلا دريم هاوس,"{""ownership_type"": ""institutional_confirmation_required"", ""ownership_entity"": ""institutional_confirmation_required"", ""legal_status"": ""institutional_confirmation_required"", ""license_status"": ""institutional_confirmation_required"", ""planning_status"": ""institutional_confirmation_required"", ""environmental_status"": ""institutional_confirmation_required"", ""investment_value"": ""institutional_confirmation_required"", ""estimated_cost"": ""institutional_confirmation_required"", ""currency"": ""institutional_confirmation_required"", ""site_area_m2"": ""institutional_confirmation_required"", ""site_area_hectares"": ""institutional_confirmation_required"", ""implementing_entity"": ""institutional_confirmation_required"", ""supervising_entity"": ""institutional_confirmation_required"", ""investor_name"": ""institutional_confirmation_required"", ""operator_name"": ""institutional_confirmation_required"", ""infrastructure_status"": ""institutional_confirmation_required"", ""completion_percentage"": ""institutional_confirmation_required""}",data/incoming/tourism-investment-projects.kml,institutional_confirmation_required,institutional_confirmation_required,institutional_confirmation_required,institutional_confirmation_required,institutional_confirmation_required,institutional_confirmation_required,true,"Missing is not interpreted as negative, unlicensed, private, or stalled."
LY-INV-RES-NAT-00008,منتجع شط مريم,"{""ownership_type"": ""institutional_confirmation_required"", ""ownership_entity"": ""institutional_confirmation_required"", ""legal_status"": ""institutional_confirmation_required"", ""license_status"": ""institutional_confirmation_required"", ""planning_status"": ""institutional_confirmation_required"", ""environmental_status"": ""institutional_confirmation_required"", ""investment_value"": ""institutional_confirmation_required"", ""estimated_cost"": ""institutional_confirmation_required"", ""currency"": ""institutional_confirmation_required"", ""site_area_m2"": ""institutional_confirmation_required"", ""site_area_hectares"": ""institutional_confirmation_required"", ""implementing_entity"": ""institutional_confirmation_required"", ""supervising_entity"": ""institutional_confirmation_required"", ""investor_name"": ""institutional_confirmation_required"", ""operator_name"": ""institutional_confirmation_required"", ""infrastructure_status"": ""institutional_confirmation_required"", ""completion_percentage"": ""institutional_confirmation_required""}",data/incoming/tourism-investment-projects.kml,institutional_confirmation_required,institutional_confirmation_required,institutional_confirmation_required,institutional_confirmation_required,institutional_confirmation_required,institutional_confirmation_required,true,"Missing is not interpreted as negative, unlicensed, private, or stalled."
LY-INV-RES-NAT-00009,استراحة الجود القويعه,"{""ownership_type"": ""institutional_confirmation_required"", ""ownership_entity"": ""institutional_confirmation_required"", ""legal_status"": ""institutional_confirmation_required"", ""license_status"": ""institutional_confirmation_required"", ""planning_status"": ""institutional_confirmation_required"", ""environmental_status"": ""institutional_confirmation_required"", ""investment_value"": ""institutional_confirmation_required"", ""estimated_cost"": ""institutional_confirmation_required"", ""currency"": ""institutional_confirmation_required"", ""site_area_m2"": ""institutional_confirmation_required"", ""site_area_hectares"": ""institutional_confirmation_required"", ""implementing_entity"": ""institutional_confirmation_required"", ""supervising_entity"": ""institutional_confirmation_required"", ""investor_name"": ""institutional_confirmation_required"", ""operator_name"": ""institutional_confirmation_required"", ""infrastructure_status"": ""institutional_confirmation_required"", ""completion_percentage"": ""institutional_confirmation_required""}",data/incoming/tourism-investment-projects.kml,institutional_confirmation_required,institutional_confirmation_required,institutional_confirmation_required,institutional_confirmation_required,institutional_confirmation_required,institutional_confirmation_required,true,"Missing is not interpreted as negative, unlicensed, private, or stalled."
LY-INV-RES-NAT-00010,منتجع اتش تي السياحي,"{""ownership_type"": ""institutional_confirmation_required"", ""ownership_entity"": ""institutional_confirmation_required"", ""legal_status"": ""institutional_confirmation_required"", ""license_status"": ""institutional_confirmation_required"", ""planning_status"": ""institutional_confirmation_required"", ""environmental_status"": ""institutional_confirmation_required"", ""investment_value"": ""institutional_confirmation_required"", ""estimated_cost"": ""institutional_confirmation_required"", ""currency"": ""institutional_confirmation_required"", ""site_area_m2"": ""institutional_confirmation_required"", ""site_area_hectares"": ""institutional_confirmation_required"", ""implementing_entity"": ""institutional_confirmation_required"", ""supervising_entity"": ""institutional_confirmation_required"", ""investor_name"": ""institutional_confirmation_required"", ""operator_name"": ""institutional_confirmation_required"", ""infrastructure_status"": ""institutional_confirmation_required"", ""completion_percentage"": ""institutional_confirmation_required""}",data/incoming/tourism-investment-projects.kml,institutional_confirmation_required,institutional_confirmation_required,institutional_confirmation_required,institutional_confirmation_required,institutional_confirmation_required,institutional_confirmation_required,true,"Missing is not interpreted as negative, unlicensed, private, or stalled."
LY-INV-RES-NAT-00011,منتجع اتش تي 3,"{""ownership_type"": ""institutional_confirmation_required"", ""ownership_entity"": ""institutional_confirmation_required"", ""legal_status"": ""institutional_confirmation_required"", ""license_status"": ""institutional_confirmation_required"", ""planning_status"": ""institutional_confirmation_required"", ""environmental_status"": ""institutional_confirmation_required"", ""investment_value"": ""institutional_confirmation_required"", ""estimated_cost"": ""institutional_confirmation_required"", ""currency"": ""institutional_confirmation_required"", ""site_area_m2"": ""institutional_confirmation_required"", ""site_area_hectares"": ""institutional_confirmation_required"", ""implementing_entity"": ""institutional_confirmation_required"", ""supervising_entity"": ""institutional_confirmation_required"", ""investor_name"": ""institutional_confirmation_required"", ""operator_name"": ""institutional_confirmation_required"", ""infrastructure_status"": ""institutional_confirmation_required"", ""completion_percentage"": ""institutional_confirmation_required""}",data/incoming/tourism-investment-projects.kml,institutional_confirmation_required,institutional_confirmation_required,institutional_confirmation_required,institutional_confirmation_required,institutional_confirmation_required,institutional_confirmation_required,true,"Missing is not interpreted as negative, unlicensed, private, or stalled."
LY-INV-RES-NAT-00012,منتجع شاليهات للاجار,"{""ownership_type"": ""institutional_confirmation_required"", ""ownership_entity"": ""institutional_confirmation_required"", ""legal_status"": ""institutional_confirmation_required"", ""license_status"": ""institutional_confirmation_required"", ""planning_status"": ""institutional_confirmation_required"", ""environmental_status"": ""institutional_confirmation_required"", ""investment_value"": ""institutional_confirmation_required"", ""estimated_cost"": ""institutional_confirmation_required"", ""currency"": ""institutional_confirmation_required"", ""site_area_m2"": ""institutional_confirmation_required"", ""site_area_hectares"": ""institutional_confirmation_required"", ""implementing_entity"": ""institutional_confirmation_required"", ""supervising_entity"": ""institutional_confirmation_required"", ""investor_name"": ""institutional_confirmation_required"", ""operator_name"": ""institutional_confirmation_required"", ""infrastructure_status"": ""institutional_confirmation_required"", ""completion_percentage"": ""institutional_confirmation_required""}",data/incoming/tourism-investment-projects.kml,institutional_confirmation_required,institutional_confirmation_required,institutional_confirmation_required,institutional_confirmation_required,institutional_confirmation_required,institutional_confirmation_required,true,"Missing is not interpreted as negative, unlicensed, private, or stalled."
LY-INV-RES-NAT-00013,قرية العطايا العائلية,"{""ownership_type"": ""institutional_confirmation_required"", ""ownership_entity"": ""institutional_confirmation_required"", ""legal_status"": ""institutional_confirmation_required"", ""license_status"": ""institutional_confirmation_required"", ""planning_status"": ""institutional_confirmation_required"", ""environmental_status"": ""institutional_confirmation_required"", ""investment_value"": ""institutional_confirmation_required"", ""estimated_cost"": ""institutional_confirmation_required"", ""currency"": ""institutional_confirmation_required"", ""site_area_m2"": ""institutional_confirmation_required"", ""site_area_hectares"": ""institutional_confirmation_required"", ""implementing_entity"": ""institutional_confirmation_required"", ""supervising_entity"": ""institutional_confirmation_required"", ""investor_name"": ""institutional_confirmation_required"", ""operator_name"": ""institutional_confirmation_required"", ""infrastructure_status"": ""institutional_confirmation_required"", ""completion_percentage"": ""institutional_confirmation_required""}",data/incoming/tourism-investment-projects.kml,institutional_confirmation_required,institutional_confirmation_required,institutional_confirmation_required,institutional_confirmation_required,institutional_confirmation_required,institutional_confirmation_required,true,"Missing is not interpreted as negative, unlicensed, private, or stalled."
LY-INV-RES-NAT-00014,منتجع برستيج,"{""ownership_type"": ""institutional_confirmation_required"", ""ownership_entity"": ""institutional_confirmation_required"", ""legal_status"": ""institutional_confirmation_required"", ""license_status"": ""institutional_confirmation_required"", ""planning_status"": ""institutional_confirmation_required"", ""environmental_status"": ""institutional_confirmation_required"", ""investment_value"": ""institutional_confirmation_required"", ""estimated_cost"": ""institutional_confirmation_required"", ""currency"": ""institutional_confirmation_required"", ""site_area_m2"": ""institutional_confirmation_required"", ""site_area_hectares"": ""institutional_confirmation_required"", ""implementing_entity"": ""institutional_confirmation_required"", ""supervising_entity"": ""institutional_confirmation_required"", ""investor_name"": ""institutional_confirmation_required"", ""operator_name"": ""institutional_confirmation_required"", ""infrastructure_status"": ""institutional_confirmation_required"", ""completion_percentage"": ""institutional_confirmation_required""}",data/incoming/tourism-investment-projects.kml,institutional_confirmation_required,institutional_confirmation_required,institutional_confirmation_required,institutional_confirmation_required,institutional_confirmation_required,institutional_confirmation_required,true,"Missing is not interpreted as negative, unlicensed, private, or stalled."
LY-INV-RES-NAT-00015,قرية القويعة السياحية,"{""ownership_type"": ""institutional_confirmation_required"", ""ownership_entity"": ""institutional_confirmation_required"", ""legal_status"": ""institutional_confirmation_required"", ""license_status"": ""institutional_confirmation_required"", ""planning_status"": ""institutional_confirmation_required"", ""environmental_status"": ""institutional_confirmation_required"", ""investment_value"": ""institutional_confirmation_required"", ""estimated_cost"": ""institutional_confirmation_required"", ""currency"": ""institutional_confirmation_required"", ""site_area_m2"": ""institutional_confirmation_required"", ""site_area_hectares"": ""institutional_confirmation_required"", ""implementing_entity"": ""institutional_confirmation_required"", ""supervising_entity"": ""institutional_confirmation_required"", ""investor_name"": ""institutional_confirmation_required"", ""operator_name"": ""institutional_confirmation_required"", ""infrastructure_status"": ""institutional_confirmation_required"", ""completion_percentage"": ""institutional_confirmation_required""}",data/incoming/tourism-investment-projects.kml,institutional_confirmation_required,institutional_confirmation_required,institutional_confirmation_required,institutional_confirmation_required,institutional_confirmation_required,institutional_confirmation_required,true,"Missing is not interpreted as negative, unlicensed, private, or stalled."
LY-INV-RES-NAT-00016,شاليهات بن بية,"{""ownership_type"": ""institutional_confirmation_required"", ""ownership_entity"": ""institutional_confirmation_required"", ""legal_status"": ""institutional_confirmation_required"", ""license_status"": ""institutional_confirmation_required"", ""planning_status"": ""institutional_confirmation_required"", ""environmental_status"": ""institutional_confirmation_required"", ""investment_value"": ""institutional_confirmation_required"", ""estimated_cost"": ""institutional_confirmation_required"", ""currency"": ""institutional_confirmation_required"", ""site_area_m2"": ""institutional_confirmation_required"", ""site_area_hectares"": ""institutional_confirmation_required"", ""implementing_entity"": ""institutional_confirmation_required"", ""supervising_entity"": ""institutional_confirmation_required"", ""investor_name"": ""institutional_confirmation_required"", ""operator_name"": ""institutional_confirmation_required"", ""infrastructure_status"": ""institutional_confirmation_required"", ""completion_percentage"": ""institutional_confirmation_required""}",data/incoming/tourism-investment-projects.kml,institutional_confirmation_required,institutional_confirmation_required,institutional_confirmation_required,institutional_confirmation_required,institutional_confirmation_required,institutional_confirmation_required,true,"Missing is not interpreted as negative, unlicensed, private, or stalled."
LY-INV-RES-NAT-00017,قرية ميار البحر العائليه,"{""ownership_type"": ""institutional_confirmation_required"", ""ownership_entity"": ""institutional_confirmation_required"", ""legal_status"": ""institutional_confirmation_required"", ""license_status"": ""institutional_confirmation_required"", ""planning_status"": ""institutional_confirmation_required"", ""environmental_status"": ""institutional_confirmation_required"", ""investment_value"": ""institutional_confirmation_required"", ""estimated_cost"": ""institutional_confirmation_required"", ""currency"": ""institutional_confirmation_required"", ""site_area_m2"": ""institutional_confirmation_required"", ""site_area_hectares"": ""institutional_confirmation_required"", ""implementing_entity"": ""institutional_confirmation_required"", ""supervising_entity"": ""institutional_confirmation_required"", ""investor_name"": ""institutional_confirmation_required"", ""operator_name"": ""institutional_confirmation_required"", ""infrastructure_status"": ""institutional_confirmation_required"", ""completion_percentage"": ""institutional_confirmation_required""}",data/incoming/tourism-investment-projects.kml,institutional_confirmation_required,institutional_confirmation_required,institutional_confirmation_required,institutional_confirmation_required,institutional_confirmation_required,institutional_confirmation_required,true,"Missing is not interpreted as negative, unlicensed, private, or stalled."
LY-INV-RES-NAT-00018,قرية أغيث السياحية,"{""ownership_type"": ""institutional_confirmation_required"", ""ownership_entity"": ""institutional_confirmation_required"", ""legal_status"": ""institutional_confirmation_required"", ""license_status"": ""institutional_confirmation_required"", ""planning_status"": ""institutional_confirmation_required"", ""environmental_status"": ""institutional_confirmation_required"", ""investment_value"": ""institutional_confirmation_required"", ""estimated_cost"": ""institutional_confirmation_required"", ""currency"": ""institutional_confirmation_required"", ""site_area_m2"": ""institutional_confirmation_required"", ""site_area_hectares"": ""institutional_confirmation_required"", ""implementing_entity"": ""institutional_confirmation_required"", ""supervising_entity"": ""institutional_confirmation_required"", ""investor_name"": ""institutional_confirmation_required"", ""operator_name"": ""institutional_confirmation_required"", ""infrastructure_status"": ""institutional_confirmation_required"", ""completion_percentage"": ""institutional_confirmation_required""}",data/incoming/tourism-investment-projects.kml,institutional_confirmation_required,institutional_confirmation_required,institutional_confirmation_required,institutional_confirmation_required,institutional_confirmation_required,institutional_confirmation_required,true,"Missing is not interpreted as negative, unlicensed, private, or stalled."
LY-INV-RES-NAT-00019,قرية الخلة السياحية العائلية,"{""ownership_type"": ""institutional_confirmation_required"", ""ownership_entity"": ""institutional_confirmation_required"", ""legal_status"": ""institutional_confirmation_required"", ""license_status"": ""institutional_confirmation_required"", ""planning_status"": ""institutional_confirmation_required"", ""environmental_status"": ""institutional_confirmation_required"", ""investment_value"": ""institutional_confirmation_required"", ""estimated_cost"": ""institutional_confirmation_required"", ""currency"": ""institutional_confirmation_required"", ""site_area_m2"": ""institutional_confirmation_required"", ""site_area_hectares"": ""institutional_confirmation_required"", ""implementing_entity"": ""institutional_confirmation_required"", ""supervising_entity"": ""institutional_confirmation_required"", ""investor_name"": ""institutional_confirmation_required"", ""operator_name"": ""institutional_confirmation_required"", ""infrastructure_status"": ""institutional_confirmation_required"", ""completion_percentage"": ""institutional_confirmation_required""}",data/incoming/tourism-investment-projects.kml,institutional_confirmation_required,institutional_confirmation_required,institutional_confirmation_required,institutional_confirmation_required,institutional_confirmation_required,institutional_confirmation_required,true,"Missing is not interpreted as negative, unlicensed, private, or stalled."
LY-INV-RES-NAT-00020,مجمع جواهر لاند,"{""ownership_type"": ""institutional_confirmation_required"", ""ownership_entity"": ""institutional_confirmation_required"", ""legal_status"": ""institutional_confirmation_required"", ""license_status"": ""institutional_confirmation_required"", ""planning_status"": ""institutional_confirmation_required"", ""environmental_status"": ""institutional_confirmation_required"", ""investment_value"": ""institutional_confirmation_required"", ""estimated_cost"": ""institutional_confirmation_required"", ""currency"": ""institutional_confirmation_required"", ""site_area_m2"": ""institutional_confirmation_required"", ""site_area_hectares"": ""institutional_confirmation_required"", ""implementing_entity"": ""institutional_confirmation_required"", ""supervising_entity"": ""institutional_confirmation_required"", ""investor_name"": ""institutional_confirmation_required"", ""operator_name"": ""institutional_confirmation_required"", ""infrastructure_status"": ""institutional_confirmation_required"", ""completion_percentage"": ""institutional_confirmation_required""}",data/incoming/tourism-investment-projects.kml,institutional_confirmation_required,institutional_confirmation_required,institutional_confirmation_required,institutional_confirmation_required,institutional_confirmation_required,institutional_confirmation_required,true,"Missing is not interpreted as negative, unlicensed, private, or stalled."
LY-INV-RES-NAT-00021,منتجع دار البحر,"{""ownership_type"": ""institutional_confirmation_required"", ""ownership_entity"": ""institutional_confirmation_required"", ""legal_status"": ""institutional_confirmation_required"", ""license_status"": ""institutional_confirmation_required"", ""planning_status"": ""institutional_confirmation_required"", ""environmental_status"": ""institutional_confirmation_required"", ""investment_value"": ""institutional_confirmation_required"", ""estimated_cost"": ""institutional_confirmation_required"", ""currency"": ""institutional_confirmation_required"", ""site_area_m2"": ""institutional_confirmation_required"", ""site_area_hectares"": ""institutional_confirmation_required"", ""implementing_entity"": ""institutional_confirmation_required"", ""supervising_entity"": ""institutional_confirmation_required"", ""investor_name"": ""institutional_confirmation_required"", ""operator_name"": ""institutional_confirmation_required"", ""infrastructure_status"": ""institutional_confirmation_required"", ""completion_percentage"": ""institutional_confirmation_required""}",data/incoming/tourism-investment-projects.kml,institutional_confirmation_required,institutional_confirmation_required,institutional_confirmation_required,institutional_confirmation_required,institutional_confirmation_required,institutional_confirmation_required,true,"Missing is not interpreted as negative, unlicensed, private, or stalled."
LY-INV-RES-NAT-00022,منتجع وادي بالنور,"{""ownership_type"": ""institutional_confirmation_required"", ""ownership_entity"": ""institutional_confirmation_required"", ""legal_status"": ""institutional_confirmation_required"", ""license_status"": ""institutional_confirmation_required"", ""planning_status"": ""institutional_confirmation_required"", ""environmental_status"": ""institutional_confirmation_required"", ""investment_value"": ""institutional_confirmation_required"", ""estimated_cost"": ""institutional_confirmation_required"", ""currency"": ""institutional_confirmation_required"", ""site_area_m2"": ""institutional_confirmation_required"", ""site_area_hectares"": ""institutional_confirmation_required"", ""implementing_entity"": ""institutional_confirmation_required"", ""supervising_entity"": ""institutional_confirmation_required"", ""investor_name"": ""institutional_confirmation_required"", ""operator_name"": ""institutional_confirmation_required"", ""infrastructure_status"": ""institutional_confirmation_required"", ""completion_percentage"": ""institutional_confirmation_required""}",data/incoming/tourism-investment-projects.kml,institutional_confirmation_required,institutional_confirmation_required,institutional_confirmation_required,institutional_confirmation_required,institutional_confirmation_required,institutional_confirmation_required,true,"Missing is not interpreted as negative, unlicensed, private, or stalled."
LY-INV-RES-NAT-00023,منتجع بيتش هاوس,"{""ownership_type"": ""institutional_confirmation_required"", ""ownership_entity"": ""institutional_confirmation_required"", ""legal_status"": ""institutional_confirmation_required"", ""license_status"": ""institutional_confirmation_required"", ""planning_status"": ""institutional_confirmation_required"", ""environmental_status"": ""institutional_confirmation_required"", ""investment_value"": ""institutional_confirmation_required"", ""estimated_cost"": ""institutional_confirmation_required"", ""currency"": ""institutional_confirmation_required"", ""site_area_m2"": ""institutional_confirmation_required"", ""site_area_hectares"": ""institutional_confirmation_required"", ""implementing_entity"": ""institutional_confirmation_required"", ""supervising_entity"": ""institutional_confirmation_required"", ""investor_name"": ""institutional_confirmation_required"", ""operator_name"": ""institutional_confirmation_required"", ""infrastructure_status"": ""institutional_confirmation_required"", ""completion_percentage"": ""institutional_confirmation_required""}",data/incoming/tourism-investment-projects.kml,institutional_confirmation_required,institutional_confirmation_required,institutional_confirmation_required,institutional_confirmation_required,institutional_confirmation_required,institutional_confirmation_required,true,"Missing is not interpreted as negative, unlicensed, private, or stalled."
LY-INV-RES-NAT-00024,قرية قوس غنيمة السياحية,"{""ownership_type"": ""institutional_confirmation_required"", ""ownership_entity"": ""institutional_confirmation_required"", ""legal_status"": ""institutional_confirmation_required"", ""license_status"": ""institutional_confirmation_required"", ""planning_status"": ""institutional_confirmation_required"", ""environmental_status"": ""institutional_confirmation_required"", ""investment_value"": ""institutional_confirmation_required"", ""estimated_cost"": ""institutional_confirmation_required"", ""currency"": ""institutional_confirmation_required"", ""site_area_m2"": ""institutional_confirmation_required"", ""site_area_hectares"": ""institutional_confirmation_required"", ""implementing_entity"": ""institutional_confirmation_required"", ""supervising_entity"": ""institutional_confirmation_required"", ""investor_name"": ""institutional_confirmation_required"", ""operator_name"": ""institutional_confirmation_required"", ""infrastructure_status"": ""institutional_confirmation_required"", ""completion_percentage"": ""institutional_confirmation_required""}",data/incoming/tourism-investment-projects.kml,institutional_confirmation_required,institutional_confirmation_required,institutional_confirmation_required,institutional_confirmation_required,institutional_confirmation_required,institutional_confirmation_required,true,"Missing is not interpreted as negative, unlicensed, private, or stalled."
LY-INV-RES-NAT-00025,منتجع ايليت السياحي,"{""ownership_type"": ""institutional_confirmation_required"", ""ownership_entity"": ""institutional_confirmation_required"", ""legal_status"": ""institutional_confirmation_required"", ""license_status"": ""institutional_confirmation_required"", ""planning_status"": ""institutional_confirmation_required"", ""environmental_status"": ""institutional_confirmation_required"", ""investment_value"": ""institutional_confirmation_required"", ""estimated_cost"": ""institutional_confirmation_required"", ""currency"": ""institutional_confirmation_required"", ""site_area_m2"": ""institutional_confirmation_required"", ""site_area_hectares"": ""institutional_confirmation_required"", ""implementing_entity"": ""institutional_confirmation_required"", ""supervising_entity"": ""institutional_confirmation_required"", ""investor_name"": ""institutional_confirmation_required"", ""operator_name"": ""institutional_confirmation_required"", ""infrastructure_status"": ""institutional_confirmation_required"", ""completion_percentage"": ""institutional_confirmation_required""}",data/incoming/tourism-investment-projects.kml,institutional_confirmation_required,institutional_confirmation_required,institutional_confirmation_required,institutional_confirmation_required,institutional_confirmation_required,institutional_confirmation_required,true,"Missing is not interpreted as negative, unlicensed, private, or stalled."
LY-INV-RES-NAT-00026,قرية شمس البحر,"{""ownership_type"": ""institutional_confirmation_required"", ""ownership_entity"": ""institutional_confirmation_required"", ""legal_status"": ""institutional_confirmation_required"", ""license_status"": ""institutional_confirmation_required"", ""planning_status"": ""institutional_confirmation_required"", ""environmental_status"": ""institutional_confirmation_required"", ""investment_value"": ""institutional_confirmation_required"", ""estimated_cost"": ""institutional_confirmation_required"", ""currency"": ""institutional_confirmation_required"", ""site_area_m2"": ""institutional_confirmation_required"", ""site_area_hectares"": ""institutional_confirmation_required"", ""implementing_entity"": ""institutional_confirmation_required"", ""supervising_entity"": ""institutional_confirmation_required"", ""investor_name"": ""institutional_confirmation_required"", ""operator_name"": ""institutional_confirmation_required"", ""infrastructure_status"": ""institutional_confirmation_required"", ""completion_percentage"": ""institutional_confirmation_required""}",data/incoming/tourism-investment-projects.kml,institutional_confirmation_required,institutional_confirmation_required,institutional_confirmation_required,institutional_confirmation_required,institutional_confirmation_required,institutional_confirmation_required,true,"Missing is not interpreted as negative, unlicensed, private, or stalled."
LY-INV-RES-KHO-00016,قرية لؤلؤة غنيمة العائلية,"{""ownership_type"": ""institutional_confirmation_required"", ""ownership_entity"": ""institutional_confirmation_required"", ""legal_status"": ""institutional_confirmation_required"", ""license_status"": ""institutional_confirmation_required"", ""planning_status"": ""institutional_confirmation_required"", ""environmental_status"": ""institutional_confirmation_required"", ""investment_value"": ""institutional_confirmation_required"", ""estimated_cost"": ""institutional_confirmation_required"", ""currency"": ""institutional_confirmation_required"", ""site_area_m2"": ""institutional_confirmation_required"", ""site_area_hectares"": ""institutional_confirmation_required"", ""implementing_entity"": ""institutional_confirmation_required"", ""supervising_entity"": ""institutional_confirmation_required"", ""investor_name"": ""institutional_confirmation_required"", ""operator_name"": ""institutional_confirmation_required"", ""infrastructure_status"": ""institutional_confirmation_required"", ""completion_percentage"": ""institutional_confirmation_required""}",data/incoming/tourism-investment-projects.kml,institutional_confirmation_required,institutional_confirmation_required,institutional_confirmation_required,institutional_confirmation_required,institutional_confirmation_required,institutional_confirmation_required,true,"Missing is not interpreted as negative, unlicensed, private, or stalled."
LY-INV-RES-NAT-00027,شاليهات ركن النيروز,"{""ownership_type"": ""institutional_confirmation_required"", ""ownership_entity"": ""institutional_confirmation_required"", ""legal_status"": ""institutional_confirmation_required"", ""license_status"": ""institutional_confirmation_required"", ""planning_status"": ""institutional_confirmation_required"", ""environmental_status"": ""institutional_confirmation_required"", ""investment_value"": ""institutional_confirmation_required"", ""estimated_cost"": ""institutional_confirmation_required"", ""currency"": ""institutional_confirmation_required"", ""site_area_m2"": ""institutional_confirmation_required"", ""site_area_hectares"": ""institutional_confirmation_required"", ""implementing_entity"": ""institutional_confirmation_required"", ""supervising_entity"": ""institutional_confirmation_required"", ""investor_name"": ""institutional_confirmation_required"", ""operator_name"": ""institutional_confirmation_required"", ""infrastructure_status"": ""institutional_confirmation_required"", ""completion_percentage"": ""institutional_confirmation_required""}",data/incoming/tourism-investment-projects.kml,institutional_confirmation_required,institutional_confirmation_required,institutional_confirmation_required,institutional_confirmation_required,institutional_confirmation_required,institutional_confirmation_required,true,"Missing is not interpreted as negative, unlicensed, private, or stalled."
LY-INV-RES-NAT-00028,قرية رأس الحمراء العائلية,"{""ownership_type"": ""institutional_confirmation_required"", ""ownership_entity"": ""institutional_confirmation_required"", ""legal_status"": ""institutional_confirmation_required"", ""license_status"": ""institutional_confirmation_required"", ""planning_status"": ""institutional_confirmation_required"", ""environmental_status"": ""institutional_confirmation_required"", ""investment_value"": ""institutional_confirmation_required"", ""estimated_cost"": ""institutional_confirmation_required"", ""currency"": ""institutional_confirmation_required"", ""site_area_m2"": ""institutional_confirmation_required"", ""site_area_hectares"": ""institutional_confirmation_required"", ""implementing_entity"": ""institutional_confirmation_required"", ""supervising_entity"": ""institutional_confirmation_required"", ""investor_name"": ""institutional_confirmation_required"", ""operator_name"": ""institutional_confirmation_required"", ""infrastructure_status"": ""institutional_confirmation_required"", ""completion_percentage"": ""institutional_confirmation_required""}",data/incoming/tourism-investment-projects.kml,institutional_confirmation_required,institutional_confirmation_required,institutional_confirmation_required,institutional_confirmation_required,institutional_confirmation_required,institutional_confirmation_required,true,"Missing is not interpreted as negative, unlicensed, private, or stalled."
LY-INV-RES-KHO-00017,قرية شاطئ النخيل الذهبي,"{""ownership_type"": ""institutional_confirmation_required"", ""ownership_entity"": ""institutional_confirmation_required"", ""legal_status"": ""institutional_confirmation_required"", ""license_status"": ""institutional_confirmation_required"", ""planning_status"": ""institutional_confirmation_required"", ""environmental_status"": ""institutional_confirmation_required"", ""investment_value"": ""institutional_confirmation_required"", ""estimated_cost"": ""institutional_confirmation_required"", ""currency"": ""institutional_confirmation_required"", ""site_area_m2"": ""institutional_confirmation_required"", ""site_area_hectares"": ""institutional_confirmation_required"", ""implementing_entity"": ""institutional_confirmation_required"", ""supervising_entity"": ""institutional_confirmation_required"", ""investor_name"": ""institutional_confirmation_required"", ""operator_name"": ""institutional_confirmation_required"", ""infrastructure_status"": ""institutional_confirmation_required"", ""completion_percentage"": ""institutional_confirmation_required""}",data/incoming/tourism-investment-projects.kml,institutional_confirmation_required,institutional_confirmation_required,institutional_confirmation_required,institutional_confirmation_required,institutional_confirmation_required,institutional_confirmation_required,true,"Missing is not interpreted as negative, unlicensed, private, or stalled."
LY-INV-RES-ZLI-00001,قرية أصيل السياحية,"{""ownership_type"": ""institutional_confirmation_required"", ""ownership_entity"": ""institutional_confirmation_required"", ""legal_status"": ""institutional_confirmation_required"", ""license_status"": ""institutional_confirmation_required"", ""planning_status"": ""institutional_confirmation_required"", ""environmental_status"": ""institutional_confirmation_required"", ""investment_value"": ""institutional_confirmation_required"", ""estimated_cost"": ""institutional_confirmation_required"", ""currency"": ""institutional_confirmation_required"", ""site_area_m2"": ""institutional_confirmation_required"", ""site_area_hectares"": ""institutional_confirmation_required"", ""implementing_entity"": ""institutional_confirmation_required"", ""supervising_entity"": ""institutional_confirmation_required"", ""investor_name"": ""institutional_confirmation_required"", ""operator_name"": ""institutional_confirmation_required"", ""infrastructure_status"": ""institutional_confirmation_required"", ""completion_percentage"": ""institutional_confirmation_required""}",data/incoming/tourism-investment-projects.kml,institutional_confirmation_required,institutional_confirmation_required,institutional_confirmation_required,institutional_confirmation_required,institutional_confirmation_required,institutional_confirmation_required,true,"Missing is not interpreted as negative, unlicensed, private, or stalled."
LY-INV-RES-ZLI-00002,قرية الهُزم السياحية,"{""ownership_type"": ""institutional_confirmation_required"", ""ownership_entity"": ""institutional_confirmation_required"", ""legal_status"": ""institutional_confirmation_required"", ""license_status"": ""institutional_confirmation_required"", ""planning_status"": ""institutional_confirmation_required"", ""environmental_status"": ""institutional_confirmation_required"", ""investment_value"": ""institutional_confirmation_required"", ""estimated_cost"": ""institutional_confirmation_required"", ""currency"": ""institutional_confirmation_required"", ""site_area_m2"": ""institutional_confirmation_required"", ""site_area_hectares"": ""institutional_confirmation_required"", ""implementing_entity"": ""institutional_confirmation_required"", ""supervising_entity"": ""institutional_confirmation_required"", ""investor_name"": ""institutional_confirmation_required"", ""operator_name"": ""institutional_confirmation_required"", ""infrastructure_status"": ""institutional_confirmation_required"", ""completion_percentage"": ""institutional_confirmation_required""}",data/incoming/tourism-investment-projects.kml,institutional_confirmation_required,institutional_confirmation_required,institutional_confirmation_required,institutional_confirmation_required,institutional_confirmation_required,institutional_confirmation_required,true,"Missing is not interpreted as negative, unlicensed, private, or stalled."
LY-INV-HOT-MIS-00001,منتجع الأمان السياحي,"{""ownership_type"": ""institutional_confirmation_required"", ""ownership_entity"": ""institutional_confirmation_required"", ""legal_status"": ""institutional_confirmation_required"", ""license_status"": ""institutional_confirmation_required"", ""planning_status"": ""institutional_confirmation_required"", ""environmental_status"": ""institutional_confirmation_required"", ""investment_value"": ""institutional_confirmation_required"", ""estimated_cost"": ""institutional_confirmation_required"", ""currency"": ""institutional_confirmation_required"", ""site_area_m2"": ""institutional_confirmation_required"", ""site_area_hectares"": ""institutional_confirmation_required"", ""implementing_entity"": ""institutional_confirmation_required"", ""supervising_entity"": ""institutional_confirmation_required"", ""investor_name"": ""institutional_confirmation_required"", ""operator_name"": ""institutional_confirmation_required"", ""infrastructure_status"": ""institutional_confirmation_required"", ""completion_percentage"": ""institutional_confirmation_required""}",data/incoming/tourism-investment-projects.kml,institutional_confirmation_required,institutional_confirmation_required,institutional_confirmation_required,institutional_confirmation_required,institutional_confirmation_required,institutional_confirmation_required,true,"Missing is not interpreted as negative, unlicensed, private, or stalled."
LY-INV-RES-MIS-00001,منتجع مصراتة,"{""ownership_type"": ""institutional_confirmation_required"", ""ownership_entity"": ""institutional_confirmation_required"", ""legal_status"": ""institutional_confirmation_required"", ""license_status"": ""institutional_confirmation_required"", ""planning_status"": ""institutional_confirmation_required"", ""environmental_status"": ""institutional_confirmation_required"", ""investment_value"": ""institutional_confirmation_required"", ""estimated_cost"": ""institutional_confirmation_required"", ""currency"": ""institutional_confirmation_required"", ""site_area_m2"": ""institutional_confirmation_required"", ""site_area_hectares"": ""institutional_confirmation_required"", ""implementing_entity"": ""institutional_confirmation_required"", ""supervising_entity"": ""institutional_confirmation_required"", ""investor_name"": ""institutional_confirmation_required"", ""operator_name"": ""institutional_confirmation_required"", ""infrastructure_status"": ""institutional_confirmation_required"", ""completion_percentage"": ""institutional_confirmation_required""}",data/incoming/tourism-investment-projects.kml,institutional_confirmation_required,institutional_confirmation_required,institutional_confirmation_required,institutional_confirmation_required,institutional_confirmation_required,institutional_confirmation_required,true,"Missing is not interpreted as negative, unlicensed, private, or stalled."
LY-INV-RES-MIS-00002,منتجع فينيسيا/مصراتة,"{""ownership_type"": ""institutional_confirmation_required"", ""ownership_entity"": ""institutional_confirmation_required"", ""legal_status"": ""institutional_confirmation_required"", ""license_status"": ""institutional_confirmation_required"", ""planning_status"": ""institutional_confirmation_required"", ""environmental_status"": ""institutional_confirmation_required"", ""investment_value"": ""institutional_confirmation_required"", ""estimated_cost"": ""institutional_confirmation_required"", ""currency"": ""institutional_confirmation_required"", ""site_area_m2"": ""institutional_confirmation_required"", ""site_area_hectares"": ""institutional_confirmation_required"", ""implementing_entity"": ""institutional_confirmation_required"", ""supervising_entity"": ""institutional_confirmation_required"", ""investor_name"": ""institutional_confirmation_required"", ""operator_name"": ""institutional_confirmation_required"", ""infrastructure_status"": ""institutional_confirmation_required"", ""completion_percentage"": ""institutional_confirmation_required""}",data/incoming/tourism-investment-projects.kml,institutional_confirmation_required,institutional_confirmation_required,institutional_confirmation_required,institutional_confirmation_required,institutional_confirmation_required,institutional_confirmation_required,true,"Missing is not interpreted as negative, unlicensed, private, or stalled."
LY-INV-RES-MIS-00003,قرية زريق السياحية,"{""ownership_type"": ""institutional_confirmation_required"", ""ownership_entity"": ""institutional_confirmation_required"", ""legal_status"": ""institutional_confirmation_required"", ""license_status"": ""institutional_confirmation_required"", ""planning_status"": ""institutional_confirmation_required"", ""environmental_status"": ""institutional_confirmation_required"", ""investment_value"": ""institutional_confirmation_required"", ""estimated_cost"": ""institutional_confirmation_required"", ""currency"": ""institutional_confirmation_required"", ""site_area_m2"": ""institutional_confirmation_required"", ""site_area_hectares"": ""institutional_confirmation_required"", ""implementing_entity"": ""institutional_confirmation_required"", ""supervising_entity"": ""institutional_confirmation_required"", ""investor_name"": ""institutional_confirmation_required"", ""operator_name"": ""institutional_confirmation_required"", ""infrastructure_status"": ""institutional_confirmation_required"", ""completion_percentage"": ""institutional_confirmation_required""}",data/incoming/tourism-investment-projects.kml,institutional_confirmation_required,institutional_confirmation_required,institutional_confirmation_required,institutional_confirmation_required,institutional_confirmation_required,institutional_confirmation_required,true,"Missing is not interpreted as negative, unlicensed, private, or stalled."
LY-INV-RES-NAT-00029,حي قصور الضيافة_سرت,"{""ownership_type"": ""institutional_confirmation_required"", ""ownership_entity"": ""institutional_confirmation_required"", ""legal_status"": ""institutional_confirmation_required"", ""license_status"": ""institutional_confirmation_required"", ""planning_status"": ""institutional_confirmation_required"", ""environmental_status"": ""institutional_confirmation_required"", ""investment_value"": ""institutional_confirmation_required"", ""estimated_cost"": ""institutional_confirmation_required"", ""currency"": ""institutional_confirmation_required"", ""site_area_m2"": ""institutional_confirmation_required"", ""site_area_hectares"": ""institutional_confirmation_required"", ""implementing_entity"": ""institutional_confirmation_required"", ""supervising_entity"": ""institutional_confirmation_required"", ""investor_name"": ""institutional_confirmation_required"", ""operator_name"": ""institutional_confirmation_required"", ""infrastructure_status"": ""institutional_confirmation_required"", ""completion_percentage"": ""institutional_confirmation_required""}",data/incoming/tourism-investment-projects.kml,institutional_confirmation_required,institutional_confirmation_required,institutional_confirmation_required,institutional_confirmation_required,institutional_confirmation_required,institutional_confirmation_required,true,"Missing is not interpreted as negative, unlicensed, private, or stalled."
LY-INV-RES-BEN-00001,شاليهات ريماس,"{""ownership_type"": ""institutional_confirmation_required"", ""ownership_entity"": ""institutional_confirmation_required"", ""legal_status"": ""institutional_confirmation_required"", ""license_status"": ""institutional_confirmation_required"", ""planning_status"": ""institutional_confirmation_required"", ""environmental_status"": ""institutional_confirmation_required"", ""investment_value"": ""institutional_confirmation_required"", ""estimated_cost"": ""institutional_confirmation_required"", ""currency"": ""institutional_confirmation_required"", ""site_area_m2"": ""institutional_confirmation_required"", ""site_area_hectares"": ""institutional_confirmation_required"", ""implementing_entity"": ""institutional_confirmation_required"", ""supervising_entity"": ""institutional_confirmation_required"", ""investor_name"": ""institutional_confirmation_required"", ""operator_name"": ""institutional_confirmation_required"", ""infrastructure_status"": ""institutional_confirmation_required"", ""completion_percentage"": ""institutional_confirmation_required""}",data/incoming/tourism-investment-projects.kml,institutional_confirmation_required,institutional_confirmation_required,institutional_confirmation_required,institutional_confirmation_required,institutional_confirmation_required,institutional_confirmation_required,true,"Missing is not interpreted as negative, unlicensed, private, or stalled."
LY-INV-RES-BEN-00002,قرية شاطيء النخيل,"{""ownership_type"": ""institutional_confirmation_required"", ""ownership_entity"": ""institutional_confirmation_required"", ""legal_status"": ""institutional_confirmation_required"", ""license_status"": ""institutional_confirmation_required"", ""planning_status"": ""institutional_confirmation_required"", ""environmental_status"": ""institutional_confirmation_required"", ""investment_value"": ""institutional_confirmation_required"", ""estimated_cost"": ""institutional_confirmation_required"", ""currency"": ""institutional_confirmation_required"", ""site_area_m2"": ""institutional_confirmation_required"", ""site_area_hectares"": ""institutional_confirmation_required"", ""implementing_entity"": ""institutional_confirmation_required"", ""supervising_entity"": ""institutional_confirmation_required"", ""investor_name"": ""institutional_confirmation_required"", ""operator_name"": ""institutional_confirmation_required"", ""infrastructure_status"": ""institutional_confirmation_required"", ""completion_percentage"": ""institutional_confirmation_required""}",data/incoming/tourism-investment-projects.kml,institutional_confirmation_required,institutional_confirmation_required,institutional_confirmation_required,institutional_confirmation_required,institutional_confirmation_required,institutional_confirmation_required,true,"Missing is not interpreted as negative, unlicensed, private, or stalled."
LY-INV-RES-BEN-00003,منتجع مارينا بنغازي السياحي,"{""ownership_type"": ""institutional_confirmation_required"", ""ownership_entity"": ""institutional_confirmation_required"", ""legal_status"": ""institutional_confirmation_required"", ""license_status"": ""institutional_confirmation_required"", ""planning_status"": ""institutional_confirmation_required"", ""environmental_status"": ""institutional_confirmation_required"", ""investment_value"": ""institutional_confirmation_required"", ""estimated_cost"": ""institutional_confirmation_required"", ""currency"": ""institutional_confirmation_required"", ""site_area_m2"": ""institutional_confirmation_required"", ""site_area_hectares"": ""institutional_confirmation_required"", ""implementing_entity"": ""institutional_confirmation_required"", ""supervising_entity"": ""institutional_confirmation_required"", ""investor_name"": ""institutional_confirmation_required"", ""operator_name"": ""institutional_confirmation_required"", ""infrastructure_status"": ""institutional_confirmation_required"", ""completion_percentage"": ""institutional_confirmation_required""}",data/incoming/tourism-investment-projects.kml,institutional_confirmation_required,institutional_confirmation_required,institutional_confirmation_required,institutional_confirmation_required,institutional_confirmation_required,institutional_confirmation_required,true,"Missing is not interpreted as negative, unlicensed, private, or stalled."
LY-INV-RES-BEN-00004,منتجع الصفوة السياحي,"{""ownership_type"": ""institutional_confirmation_required"", ""ownership_entity"": ""institutional_confirmation_required"", ""legal_status"": ""institutional_confirmation_required"", ""license_status"": ""institutional_confirmation_required"", ""planning_status"": ""institutional_confirmation_required"", ""environmental_status"": ""institutional_confirmation_required"", ""investment_value"": ""institutional_confirmation_required"", ""estimated_cost"": ""institutional_confirmation_required"", ""currency"": ""institutional_confirmation_required"", ""site_area_m2"": ""institutional_confirmation_required"", ""site_area_hectares"": ""institutional_confirmation_required"", ""implementing_entity"": ""institutional_confirmation_required"", ""supervising_entity"": ""institutional_confirmation_required"", ""investor_name"": ""institutional_confirmation_required"", ""operator_name"": ""institutional_confirmation_required"", ""infrastructure_status"": ""institutional_confirmation_required"", ""completion_percentage"": ""institutional_confirmation_required""}",data/incoming/tourism-investment-projects.kml,institutional_confirmation_required,institutional_confirmation_required,institutional_confirmation_required,institutional_confirmation_required,institutional_confirmation_required,institutional_confirmation_required,true,"Missing is not interpreted as negative, unlicensed, private, or stalled."
LY-INV-RES-BEN-00005,منتجع ماربيلا السياحي,"{""ownership_type"": ""institutional_confirmation_required"", ""ownership_entity"": ""institutional_confirmation_required"", ""legal_status"": ""institutional_confirmation_required"", ""license_status"": ""institutional_confirmation_required"", ""planning_status"": ""institutional_confirmation_required"", ""environmental_status"": ""institutional_confirmation_required"", ""investment_value"": ""institutional_confirmation_required"", ""estimated_cost"": ""institutional_confirmation_required"", ""currency"": ""institutional_confirmation_required"", ""site_area_m2"": ""institutional_confirmation_required"", ""site_area_hectares"": ""institutional_confirmation_required"", ""implementing_entity"": ""institutional_confirmation_required"", ""supervising_entity"": ""institutional_confirmation_required"", ""investor_name"": ""institutional_confirmation_required"", ""operator_name"": ""institutional_confirmation_required"", ""infrastructure_status"": ""institutional_confirmation_required"", ""completion_percentage"": ""institutional_confirmation_required""}",data/incoming/tourism-investment-projects.kml,institutional_confirmation_required,institutional_confirmation_required,institutional_confirmation_required,institutional_confirmation_required,institutional_confirmation_required,institutional_confirmation_required,true,"Missing is not interpreted as negative, unlicensed, private, or stalled."
LY-INV-RES-BEN-00006,مجمع الاصالة السياحي,"{""ownership_type"": ""institutional_confirmation_required"", ""ownership_entity"": ""institutional_confirmation_required"", ""legal_status"": ""institutional_confirmation_required"", ""license_status"": ""institutional_confirmation_required"", ""planning_status"": ""institutional_confirmation_required"", ""environmental_status"": ""institutional_confirmation_required"", ""investment_value"": ""institutional_confirmation_required"", ""estimated_cost"": ""institutional_confirmation_required"", ""currency"": ""institutional_confirmation_required"", ""site_area_m2"": ""institutional_confirmation_required"", ""site_area_hectares"": ""institutional_confirmation_required"", ""implementing_entity"": ""institutional_confirmation_required"", ""supervising_entity"": ""institutional_confirmation_required"", ""investor_name"": ""institutional_confirmation_required"", ""operator_name"": ""institutional_confirmation_required"", ""infrastructure_status"": ""institutional_confirmation_required"", ""completion_percentage"": ""institutional_confirmation_required""}",data/incoming/tourism-investment-projects.kml,institutional_confirmation_required,institutional_confirmation_required,institutional_confirmation_required,institutional_confirmation_required,institutional_confirmation_required,institutional_confirmation_required,true,"Missing is not interpreted as negative, unlicensed, private, or stalled."
LY-INV-RES-BEN-00007,قرية الفاضل,"{""ownership_type"": ""institutional_confirmation_required"", ""ownership_entity"": ""institutional_confirmation_required"", ""legal_status"": ""institutional_confirmation_required"", ""license_status"": ""institutional_confirmation_required"", ""planning_status"": ""institutional_confirmation_required"", ""environmental_status"": ""institutional_confirmation_required"", ""investment_value"": ""institutional_confirmation_required"", ""estimated_cost"": ""institutional_confirmation_required"", ""currency"": ""institutional_confirmation_required"", ""site_area_m2"": ""institutional_confirmation_required"", ""site_area_hectares"": ""institutional_confirmation_required"", ""implementing_entity"": ""institutional_confirmation_required"", ""supervising_entity"": ""institutional_confirmation_required"", ""investor_name"": ""institutional_confirmation_required"", ""operator_name"": ""institutional_confirmation_required"", ""infrastructure_status"": ""institutional_confirmation_required"", ""completion_percentage"": ""institutional_confirmation_required""}",data/incoming/tourism-investment-projects.kml,institutional_confirmation_required,institutional_confirmation_required,institutional_confirmation_required,institutional_confirmation_required,institutional_confirmation_required,institutional_confirmation_required,true,"Missing is not interpreted as negative, unlicensed, private, or stalled."
LY-INV-RES-BEN-00008,منتجع الأسيل,"{""ownership_type"": ""institutional_confirmation_required"", ""ownership_entity"": ""institutional_confirmation_required"", ""legal_status"": ""institutional_confirmation_required"", ""license_status"": ""institutional_confirmation_required"", ""planning_status"": ""institutional_confirmation_required"", ""environmental_status"": ""institutional_confirmation_required"", ""investment_value"": ""institutional_confirmation_required"", ""estimated_cost"": ""institutional_confirmation_required"", ""currency"": ""institutional_confirmation_required"", ""site_area_m2"": ""institutional_confirmation_required"", ""site_area_hectares"": ""institutional_confirmation_required"", ""implementing_entity"": ""institutional_confirmation_required"", ""supervising_entity"": ""institutional_confirmation_required"", ""investor_name"": ""institutional_confirmation_required"", ""operator_name"": ""institutional_confirmation_required"", ""infrastructure_status"": ""institutional_confirmation_required"", ""completion_percentage"": ""institutional_confirmation_required""}",data/incoming/tourism-investment-projects.kml,institutional_confirmation_required,institutional_confirmation_required,institutional_confirmation_required,institutional_confirmation_required,institutional_confirmation_required,institutional_confirmation_required,true,"Missing is not interpreted as negative, unlicensed, private, or stalled."
LY-INV-RES-BEN-00009,منتجع الماسة السياحي,"{""ownership_type"": ""institutional_confirmation_required"", ""ownership_entity"": ""institutional_confirmation_required"", ""legal_status"": ""institutional_confirmation_required"", ""license_status"": ""institutional_confirmation_required"", ""planning_status"": ""institutional_confirmation_required"", ""environmental_status"": ""institutional_confirmation_required"", ""investment_value"": ""institutional_confirmation_required"", ""estimated_cost"": ""institutional_confirmation_required"", ""currency"": ""institutional_confirmation_required"", ""site_area_m2"": ""institutional_confirmation_required"", ""site_area_hectares"": ""institutional_confirmation_required"", ""implementing_entity"": ""institutional_confirmation_required"", ""supervising_entity"": ""institutional_confirmation_required"", ""investor_name"": ""institutional_confirmation_required"", ""operator_name"": ""institutional_confirmation_required"", ""infrastructure_status"": ""institutional_confirmation_required"", ""completion_percentage"": ""institutional_confirmation_required""}",data/incoming/tourism-investment-projects.kml,institutional_confirmation_required,institutional_confirmation_required,institutional_confirmation_required,institutional_confirmation_required,institutional_confirmation_required,institutional_confirmation_required,true,"Missing is not interpreted as negative, unlicensed, private, or stalled."
LY-INV-RES-BEN-00010,منتجع قاريونس العائلي,"{""ownership_type"": ""institutional_confirmation_required"", ""ownership_entity"": ""institutional_confirmation_required"", ""legal_status"": ""institutional_confirmation_required"", ""license_status"": ""institutional_confirmation_required"", ""planning_status"": ""institutional_confirmation_required"", ""environmental_status"": ""institutional_confirmation_required"", ""investment_value"": ""institutional_confirmation_required"", ""estimated_cost"": ""institutional_confirmation_required"", ""currency"": ""institutional_confirmation_required"", ""site_area_m2"": ""institutional_confirmation_required"", ""site_area_hectares"": ""institutional_confirmation_required"", ""implementing_entity"": ""institutional_confirmation_required"", ""supervising_entity"": ""institutional_confirmation_required"", ""investor_name"": ""institutional_confirmation_required"", ""operator_name"": ""institutional_confirmation_required"", ""infrastructure_status"": ""institutional_confirmation_required"", ""completion_percentage"": ""institutional_confirmation_required""}",data/incoming/tourism-investment-projects.kml,institutional_confirmation_required,institutional_confirmation_required,institutional_confirmation_required,institutional_confirmation_required,institutional_confirmation_required,institutional_confirmation_required,true,"Missing is not interpreted as negative, unlicensed, private, or stalled."
LY-INV-RES-BEN-00011,منتجع النخلة الذهبية,"{""ownership_type"": ""institutional_confirmation_required"", ""ownership_entity"": ""institutional_confirmation_required"", ""legal_status"": ""institutional_confirmation_required"", ""license_status"": ""institutional_confirmation_required"", ""planning_status"": ""institutional_confirmation_required"", ""environmental_status"": ""institutional_confirmation_required"", ""investment_value"": ""institutional_confirmation_required"", ""estimated_cost"": ""institutional_confirmation_required"", ""currency"": ""institutional_confirmation_required"", ""site_area_m2"": ""institutional_confirmation_required"", ""site_area_hectares"": ""institutional_confirmation_required"", ""implementing_entity"": ""institutional_confirmation_required"", ""supervising_entity"": ""institutional_confirmation_required"", ""investor_name"": ""institutional_confirmation_required"", ""operator_name"": ""institutional_confirmation_required"", ""infrastructure_status"": ""institutional_confirmation_required"", ""completion_percentage"": ""institutional_confirmation_required""}",data/incoming/tourism-investment-projects.kml,institutional_confirmation_required,institutional_confirmation_required,institutional_confirmation_required,institutional_confirmation_required,institutional_confirmation_required,institutional_confirmation_required,true,"Missing is not interpreted as negative, unlicensed, private, or stalled."
LY-INV-RES-BEN-00012,منتجع فايا لارجو,"{""ownership_type"": ""institutional_confirmation_required"", ""ownership_entity"": ""institutional_confirmation_required"", ""legal_status"": ""institutional_confirmation_required"", ""license_status"": ""institutional_confirmation_required"", ""planning_status"": ""institutional_confirmation_required"", ""environmental_status"": ""institutional_confirmation_required"", ""investment_value"": ""institutional_confirmation_required"", ""estimated_cost"": ""institutional_confirmation_required"", ""currency"": ""institutional_confirmation_required"", ""site_area_m2"": ""institutional_confirmation_required"", ""site_area_hectares"": ""institutional_confirmation_required"", ""implementing_entity"": ""institutional_confirmation_required"", ""supervising_entity"": ""institutional_confirmation_required"", ""investor_name"": ""institutional_confirmation_required"", ""operator_name"": ""institutional_confirmation_required"", ""infrastructure_status"": ""institutional_confirmation_required"", ""completion_percentage"": ""institutional_confirmation_required""}",data/incoming/tourism-investment-projects.kml,institutional_confirmation_required,institutional_confirmation_required,institutional_confirmation_required,institutional_confirmation_required,institutional_confirmation_required,institutional_confirmation_required,true,"Missing is not interpreted as negative, unlicensed, private, or stalled."
LY-INV-RES-BEN-00013,قرية قمرت السياحية,"{""ownership_type"": ""institutional_confirmation_required"", ""ownership_entity"": ""institutional_confirmation_required"", ""legal_status"": ""institutional_confirmation_required"", ""license_status"": ""institutional_confirmation_required"", ""planning_status"": ""institutional_confirmation_required"", ""environmental_status"": ""institutional_confirmation_required"", ""investment_value"": ""institutional_confirmation_required"", ""estimated_cost"": ""institutional_confirmation_required"", ""currency"": ""institutional_confirmation_required"", ""site_area_m2"": ""institutional_confirmation_required"", ""site_area_hectares"": ""institutional_confirmation_required"", ""implementing_entity"": ""institutional_confirmation_required"", ""supervising_entity"": ""institutional_confirmation_required"", ""investor_name"": ""institutional_confirmation_required"", ""operator_name"": ""institutional_confirmation_required"", ""infrastructure_status"": ""institutional_confirmation_required"", ""completion_percentage"": ""institutional_confirmation_required""}",data/incoming/tourism-investment-projects.kml,institutional_confirmation_required,institutional_confirmation_required,institutional_confirmation_required,institutional_confirmation_required,institutional_confirmation_required,institutional_confirmation_required,true,"Missing is not interpreted as negative, unlicensed, private, or stalled."
LY-INV-RES-NAT-00030,منتجع التلال الحمامة,"{""ownership_type"": ""institutional_confirmation_required"", ""ownership_entity"": ""institutional_confirmation_required"", ""legal_status"": ""institutional_confirmation_required"", ""license_status"": ""institutional_confirmation_required"", ""planning_status"": ""institutional_confirmation_required"", ""environmental_status"": ""institutional_confirmation_required"", ""investment_value"": ""institutional_confirmation_required"", ""estimated_cost"": ""institutional_confirmation_required"", ""currency"": ""institutional_confirmation_required"", ""site_area_m2"": ""institutional_confirmation_required"", ""site_area_hectares"": ""institutional_confirmation_required"", ""implementing_entity"": ""institutional_confirmation_required"", ""supervising_entity"": ""institutional_confirmation_required"", ""investor_name"": ""institutional_confirmation_required"", ""operator_name"": ""institutional_confirmation_required"", ""infrastructure_status"": ""institutional_confirmation_required"", ""completion_percentage"": ""institutional_confirmation_required""}",data/incoming/tourism-investment-projects.kml,institutional_confirmation_required,institutional_confirmation_required,institutional_confirmation_required,institutional_confirmation_required,institutional_confirmation_required,institutional_confirmation_required,true,"Missing is not interpreted as negative, unlicensed, private, or stalled."
LY-INV-RES-NAT-00031,منتجع الجراري السياحي - للعائلات,"{""ownership_type"": ""institutional_confirmation_required"", ""ownership_entity"": ""institutional_confirmation_required"", ""legal_status"": ""institutional_confirmation_required"", ""license_status"": ""institutional_confirmation_required"", ""planning_status"": ""institutional_confirmation_required"", ""environmental_status"": ""institutional_confirmation_required"", ""investment_value"": ""institutional_confirmation_required"", ""estimated_cost"": ""institutional_confirmation_required"", ""currency"": ""institutional_confirmation_required"", ""site_area_m2"": ""institutional_confirmation_required"", ""site_area_hectares"": ""institutional_confirmation_required"", ""implementing_entity"": ""institutional_confirmation_required"", ""supervising_entity"": ""institutional_confirmation_required"", ""investor_name"": ""institutional_confirmation_required"", ""operator_name"": ""institutional_confirmation_required"", ""infrastructure_status"": ""institutional_confirmation_required"", ""completion_percentage"": ""institutional_confirmation_required""}",data/incoming/tourism-investment-projects.kml,institutional_confirmation_required,institutional_confirmation_required,institutional_confirmation_required,institutional_confirmation_required,institutional_confirmation_required,institutional_confirmation_required,true,"Missing is not interpreted as negative, unlicensed, private, or stalled."
LY-INV-RES-NAT-00032,منتجع ومصيف الحمامة,"{""ownership_type"": ""institutional_confirmation_required"", ""ownership_entity"": ""institutional_confirmation_required"", ""legal_status"": ""institutional_confirmation_required"", ""license_status"": ""institutional_confirmation_required"", ""planning_status"": ""institutional_confirmation_required"", ""environmental_status"": ""institutional_confirmation_required"", ""investment_value"": ""institutional_confirmation_required"", ""estimated_cost"": ""institutional_confirmation_required"", ""currency"": ""institutional_confirmation_required"", ""site_area_m2"": ""institutional_confirmation_required"", ""site_area_hectares"": ""institutional_confirmation_required"", ""implementing_entity"": ""institutional_confirmation_required"", ""supervising_entity"": ""institutional_confirmation_required"", ""investor_name"": ""institutional_confirmation_required"", ""operator_name"": ""institutional_confirmation_required"", ""infrastructure_status"": ""institutional_confirmation_required"", ""completion_percentage"": ""institutional_confirmation_required""}",data/incoming/tourism-investment-projects.kml,institutional_confirmation_required,institutional_confirmation_required,institutional_confirmation_required,institutional_confirmation_required,institutional_confirmation_required,institutional_confirmation_required,true,"Missing is not interpreted as negative, unlicensed, private, or stalled."
LY-INV-RES-NAT-00033,قرية إيلاف السياحية,"{""ownership_type"": ""institutional_confirmation_required"", ""ownership_entity"": ""institutional_confirmation_required"", ""legal_status"": ""institutional_confirmation_required"", ""license_status"": ""institutional_confirmation_required"", ""planning_status"": ""institutional_confirmation_required"", ""environmental_status"": ""institutional_confirmation_required"", ""investment_value"": ""institutional_confirmation_required"", ""estimated_cost"": ""institutional_confirmation_required"", ""currency"": ""institutional_confirmation_required"", ""site_area_m2"": ""institutional_confirmation_required"", ""site_area_hectares"": ""institutional_confirmation_required"", ""implementing_entity"": ""institutional_confirmation_required"", ""supervising_entity"": ""institutional_confirmation_required"", ""investor_name"": ""institutional_confirmation_required"", ""operator_name"": ""institutional_confirmation_required"", ""infrastructure_status"": ""institutional_confirmation_required"", ""completion_percentage"": ""institutional_confirmation_required""}",data/incoming/tourism-investment-projects.kml,institutional_confirmation_required,institutional_confirmation_required,institutional_confirmation_required,institutional_confirmation_required,institutional_confirmation_required,institutional_confirmation_required,true,"Missing is not interpreted as negative, unlicensed, private, or stalled."
LY-INV-RES-BAY-00001,شاليهات الحدائق الملكية,"{""ownership_type"": ""institutional_confirmation_required"", ""ownership_entity"": ""institutional_confirmation_required"", ""legal_status"": ""institutional_confirmation_required"", ""license_status"": ""institutional_confirmation_required"", ""planning_status"": ""institutional_confirmation_required"", ""environmental_status"": ""institutional_confirmation_required"", ""investment_value"": ""institutional_confirmation_required"", ""estimated_cost"": ""institutional_confirmation_required"", ""currency"": ""institutional_confirmation_required"", ""site_area_m2"": ""institutional_confirmation_required"", ""site_area_hectares"": ""institutional_confirmation_required"", ""implementing_entity"": ""institutional_confirmation_required"", ""supervising_entity"": ""institutional_confirmation_required"", ""investor_name"": ""institutional_confirmation_required"", ""operator_name"": ""institutional_confirmation_required"", ""infrastructure_status"": ""institutional_confirmation_required"", ""completion_percentage"": ""institutional_confirmation_required""}",data/incoming/tourism-investment-projects.kml,institutional_confirmation_required,institutional_confirmation_required,institutional_confirmation_required,institutional_confirmation_required,institutional_confirmation_required,institutional_confirmation_required,true,"Missing is not interpreted as negative, unlicensed, private, or stalled."
LY-INV-RES-BAY-00002,منتجع وادي الكوف,"{""ownership_type"": ""institutional_confirmation_required"", ""ownership_entity"": ""institutional_confirmation_required"", ""legal_status"": ""institutional_confirmation_required"", ""license_status"": ""institutional_confirmation_required"", ""planning_status"": ""institutional_confirmation_required"", ""environmental_status"": ""institutional_confirmation_required"", ""investment_value"": ""institutional_confirmation_required"", ""estimated_cost"": ""institutional_confirmation_required"", ""currency"": ""institutional_confirmation_required"", ""site_area_m2"": ""institutional_confirmation_required"", ""site_area_hectares"": ""institutional_confirmation_required"", ""implementing_entity"": ""institutional_confirmation_required"", ""supervising_entity"": ""institutional_confirmation_required"", ""investor_name"": ""institutional_confirmation_required"", ""operator_name"": ""institutional_confirmation_required"", ""infrastructure_status"": ""institutional_confirmation_required"", ""completion_percentage"": ""institutional_confirmation_required""}",data/incoming/tourism-investment-projects.kml,institutional_confirmation_required,institutional_confirmation_required,institutional_confirmation_required,institutional_confirmation_required,institutional_confirmation_required,institutional_confirmation_required,true,"Missing is not interpreted as negative, unlicensed, private, or stalled."
LY-INV-RES-NAT-00034,منتجع إيلاند السياحي,"{""ownership_type"": ""institutional_confirmation_required"", ""ownership_entity"": ""institutional_confirmation_required"", ""legal_status"": ""institutional_confirmation_required"", ""license_status"": ""institutional_confirmation_required"", ""planning_status"": ""institutional_confirmation_required"", ""environmental_status"": ""institutional_confirmation_required"", ""investment_value"": ""institutional_confirmation_required"", ""estimated_cost"": ""institutional_confirmation_required"", ""currency"": ""institutional_confirmation_required"", ""site_area_m2"": ""institutional_confirmation_required"", ""site_area_hectares"": ""institutional_confirmation_required"", ""implementing_entity"": ""institutional_confirmation_required"", ""supervising_entity"": ""institutional_confirmation_required"", ""investor_name"": ""institutional_confirmation_required"", ""operator_name"": ""institutional_confirmation_required"", ""infrastructure_status"": ""institutional_confirmation_required"", ""completion_percentage"": ""institutional_confirmation_required""}",data/incoming/tourism-investment-projects.kml,institutional_confirmation_required,institutional_confirmation_required,institutional_confirmation_required,institutional_confirmation_required,institutional_confirmation_required,institutional_confirmation_required,true,"Missing is not interpreted as negative, unlicensed, private, or stalled."
LY-INV-RES-NAT-00035,منتجع كنزي السياحي,"{""ownership_type"": ""institutional_confirmation_required"", ""ownership_entity"": ""institutional_confirmation_required"", ""legal_status"": ""institutional_confirmation_required"", ""license_status"": ""institutional_confirmation_required"", ""planning_status"": ""institutional_confirmation_required"", ""environmental_status"": ""institutional_confirmation_required"", ""investment_value"": ""institutional_confirmation_required"", ""estimated_cost"": ""institutional_confirmation_required"", ""currency"": ""institutional_confirmation_required"", ""site_area_m2"": ""institutional_confirmation_required"", ""site_area_hectares"": ""institutional_confirmation_required"", ""implementing_entity"": ""institutional_confirmation_required"", ""supervising_entity"": ""institutional_confirmation_required"", ""investor_name"": ""institutional_confirmation_required"", ""operator_name"": ""institutional_confirmation_required"", ""infrastructure_status"": ""institutional_confirmation_required"", ""completion_percentage"": ""institutional_confirmation_required""}",data/incoming/tourism-investment-projects.kml,institutional_confirmation_required,institutional_confirmation_required,institutional_confirmation_required,institutional_confirmation_required,institutional_confirmation_required,institutional_confirmation_required,true,"Missing is not interpreted as negative, unlicensed, private, or stalled."
LY-INV-RES-NAT-00036,منتجع سوسه,"{""ownership_type"": ""institutional_confirmation_required"", ""ownership_entity"": ""institutional_confirmation_required"", ""legal_status"": ""institutional_confirmation_required"", ""license_status"": ""institutional_confirmation_required"", ""planning_status"": ""institutional_confirmation_required"", ""environmental_status"": ""institutional_confirmation_required"", ""investment_value"": ""institutional_confirmation_required"", ""estimated_cost"": ""institutional_confirmation_required"", ""currency"": ""institutional_confirmation_required"", ""site_area_m2"": ""institutional_confirmation_required"", ""site_area_hectares"": ""institutional_confirmation_required"", ""implementing_entity"": ""institutional_confirmation_required"", ""supervising_entity"": ""institutional_confirmation_required"", ""investor_name"": ""institutional_confirmation_required"", ""operator_name"": ""institutional_confirmation_required"", ""infrastructure_status"": ""institutional_confirmation_required"", ""completion_percentage"": ""institutional_confirmation_required""}",data/incoming/tourism-investment-projects.kml,institutional_confirmation_required,institutional_confirmation_required,institutional_confirmation_required,institutional_confirmation_required,institutional_confirmation_required,institutional_confirmation_required,true,"Missing is not interpreted as negative, unlicensed, private, or stalled."
LY-INV-RES-NAT-00037,مصيف القريه/رأس الهلال,"{""ownership_type"": ""institutional_confirmation_required"", ""ownership_entity"": ""institutional_confirmation_required"", ""legal_status"": ""institutional_confirmation_required"", ""license_status"": ""institutional_confirmation_required"", ""planning_status"": ""institutional_confirmation_required"", ""environmental_status"": ""institutional_confirmation_required"", ""investment_value"": ""institutional_confirmation_required"", ""estimated_cost"": ""institutional_confirmation_required"", ""currency"": ""institutional_confirmation_required"", ""site_area_m2"": ""institutional_confirmation_required"", ""site_area_hectares"": ""institutional_confirmation_required"", ""implementing_entity"": ""institutional_confirmation_required"", ""supervising_entity"": ""institutional_confirmation_required"", ""investor_name"": ""institutional_confirmation_required"", ""operator_name"": ""institutional_confirmation_required"", ""infrastructure_status"": ""institutional_confirmation_required"", ""completion_percentage"": ""institutional_confirmation_required""}",data/incoming/tourism-investment-projects.kml,institutional_confirmation_required,institutional_confirmation_required,institutional_confirmation_required,institutional_confirmation_required,institutional_confirmation_required,institutional_confirmation_required,true,"Missing is not interpreted as negative, unlicensed, private, or stalled."
LY-INV-RES-NAT-00038,منتجع الينابيع السياحي,"{""ownership_type"": ""institutional_confirmation_required"", ""ownership_entity"": ""institutional_confirmation_required"", ""legal_status"": ""institutional_confirmation_required"", ""license_status"": ""institutional_confirmation_required"", ""planning_status"": ""institutional_confirmation_required"", ""environmental_status"": ""institutional_confirmation_required"", ""investment_value"": ""institutional_confirmation_required"", ""estimated_cost"": ""institutional_confirmation_required"", ""currency"": ""institutional_confirmation_required"", ""site_area_m2"": ""institutional_confirmation_required"", ""site_area_hectares"": ""institutional_confirmation_required"", ""implementing_entity"": ""institutional_confirmation_required"", ""supervising_entity"": ""institutional_confirmation_required"", ""investor_name"": ""institutional_confirmation_required"", ""operator_name"": ""institutional_confirmation_required"", ""infrastructure_status"": ""institutional_confirmation_required"", ""completion_percentage"": ""institutional_confirmation_required""}",data/incoming/tourism-investment-projects.kml,institutional_confirmation_required,institutional_confirmation_required,institutional_confirmation_required,institutional_confirmation_required,institutional_confirmation_required,institutional_confirmation_required,true,"Missing is not interpreted as negative, unlicensed, private, or stalled."
LY-INV-RES-NAT-00039,منتجع الاثرون السياحي,"{""ownership_type"": ""institutional_confirmation_required"", ""ownership_entity"": ""institutional_confirmation_required"", ""legal_status"": ""institutional_confirmation_required"", ""license_status"": ""institutional_confirmation_required"", ""planning_status"": ""institutional_confirmation_required"", ""environmental_status"": ""institutional_confirmation_required"", ""investment_value"": ""institutional_confirmation_required"", ""estimated_cost"": ""institutional_confirmation_required"", ""currency"": ""institutional_confirmation_required"", ""site_area_m2"": ""institutional_confirmation_required"", ""site_area_hectares"": ""institutional_confirmation_required"", ""implementing_entity"": ""institutional_confirmation_required"", ""supervising_entity"": ""institutional_confirmation_required"", ""investor_name"": ""institutional_confirmation_required"", ""operator_name"": ""institutional_confirmation_required"", ""infrastructure_status"": ""institutional_confirmation_required"", ""completion_percentage"": ""institutional_confirmation_required""}",data/incoming/tourism-investment-projects.kml,institutional_confirmation_required,institutional_confirmation_required,institutional_confirmation_required,institutional_confirmation_required,institutional_confirmation_required,institutional_confirmation_required,true,"Missing is not interpreted as negative, unlicensed, private, or stalled."
LY-INV-RES-DER-00001,منتجع إيميليا السياحي,"{""ownership_type"": ""institutional_confirmation_required"", ""ownership_entity"": ""institutional_confirmation_required"", ""legal_status"": ""institutional_confirmation_required"", ""license_status"": ""institutional_confirmation_required"", ""planning_status"": ""institutional_confirmation_required"", ""environmental_status"": ""institutional_confirmation_required"", ""investment_value"": ""institutional_confirmation_required"", ""estimated_cost"": ""institutional_confirmation_required"", ""currency"": ""institutional_confirmation_required"", ""site_area_m2"": ""institutional_confirmation_required"", ""site_area_hectares"": ""institutional_confirmation_required"", ""implementing_entity"": ""institutional_confirmation_required"", ""supervising_entity"": ""institutional_confirmation_required"", ""investor_name"": ""institutional_confirmation_required"", ""operator_name"": ""institutional_confirmation_required"", ""infrastructure_status"": ""institutional_confirmation_required"", ""completion_percentage"": ""institutional_confirmation_required""}",data/incoming/tourism-investment-projects.kml,institutional_confirmation_required,institutional_confirmation_required,institutional_confirmation_required,institutional_confirmation_required,institutional_confirmation_required,institutional_confirmation_required,true,"Missing is not interpreted as negative, unlicensed, private, or stalled."
LY-INV-RES-DER-00002,مصيف 1805,"{""ownership_type"": ""institutional_confirmation_required"", ""ownership_entity"": ""institutional_confirmation_required"", ""legal_status"": ""institutional_confirmation_required"", ""license_status"": ""institutional_confirmation_required"", ""planning_status"": ""institutional_confirmation_required"", ""environmental_status"": ""institutional_confirmation_required"", ""investment_value"": ""institutional_confirmation_required"", ""estimated_cost"": ""institutional_confirmation_required"", ""currency"": ""institutional_confirmation_required"", ""site_area_m2"": ""institutional_confirmation_required"", ""site_area_hectares"": ""institutional_confirmation_required"", ""implementing_entity"": ""institutional_confirmation_required"", ""supervising_entity"": ""institutional_confirmation_required"", ""investor_name"": ""institutional_confirmation_required"", ""operator_name"": ""institutional_confirmation_required"", ""infrastructure_status"": ""institutional_confirmation_required"", ""completion_percentage"": ""institutional_confirmation_required""}",data/incoming/tourism-investment-projects.kml,institutional_confirmation_required,institutional_confirmation_required,institutional_confirmation_required,institutional_confirmation_required,institutional_confirmation_required,institutional_confirmation_required,true,"Missing is not interpreted as negative, unlicensed, private, or stalled."
LY-INV-RES-NAT-00040,منتجع الابرق السياحي,"{""ownership_type"": ""institutional_confirmation_required"", ""ownership_entity"": ""institutional_confirmation_required"", ""legal_status"": ""institutional_confirmation_required"", ""license_status"": ""institutional_confirmation_required"", ""planning_status"": ""institutional_confirmation_required"", ""environmental_status"": ""institutional_confirmation_required"", ""investment_value"": ""institutional_confirmation_required"", ""estimated_cost"": ""institutional_confirmation_required"", ""currency"": ""institutional_confirmation_required"", ""site_area_m2"": ""institutional_confirmation_required"", ""site_area_hectares"": ""institutional_confirmation_required"", ""implementing_entity"": ""institutional_confirmation_required"", ""supervising_entity"": ""institutional_confirmation_required"", ""investor_name"": ""institutional_confirmation_required"", ""operator_name"": ""institutional_confirmation_required"", ""infrastructure_status"": ""institutional_confirmation_required"", ""completion_percentage"": ""institutional_confirmation_required""}",data/incoming/tourism-investment-projects.kml,institutional_confirmation_required,institutional_confirmation_required,institutional_confirmation_required,institutional_confirmation_required,institutional_confirmation_required,institutional_confirmation_required,true,"Missing is not interpreted as negative, unlicensed, private, or stalled."
LY-INV-RES-SHA-00001,منتج شحات السياحي,"{""ownership_type"": ""institutional_confirmation_required"", ""ownership_entity"": ""institutional_confirmation_required"", ""legal_status"": ""institutional_confirmation_required"", ""license_status"": ""institutional_confirmation_required"", ""planning_status"": ""institutional_confirmation_required"", ""environmental_status"": ""institutional_confirmation_required"", ""investment_value"": ""institutional_confirmation_required"", ""estimated_cost"": ""institutional_confirmation_required"", ""currency"": ""institutional_confirmation_required"", ""site_area_m2"": ""institutional_confirmation_required"", ""site_area_hectares"": ""institutional_confirmation_required"", ""implementing_entity"": ""institutional_confirmation_required"", ""supervising_entity"": ""institutional_confirmation_required"", ""investor_name"": ""institutional_confirmation_required"", ""operator_name"": ""institutional_confirmation_required"", ""infrastructure_status"": ""institutional_confirmation_required"", ""completion_percentage"": ""institutional_confirmation_required""}",data/incoming/tourism-investment-projects.kml,institutional_confirmation_required,institutional_confirmation_required,institutional_confirmation_required,institutional_confirmation_required,institutional_confirmation_required,institutional_confirmation_required,true,"Missing is not interpreted as negative, unlicensed, private, or stalled."
LY-INV-RES-SHA-00002,منتجع وموتيل الأمان 1,"{""ownership_type"": ""institutional_confirmation_required"", ""ownership_entity"": ""institutional_confirmation_required"", ""legal_status"": ""institutional_confirmation_required"", ""license_status"": ""institutional_confirmation_required"", ""planning_status"": ""institutional_confirmation_required"", ""environmental_status"": ""institutional_confirmation_required"", ""investment_value"": ""institutional_confirmation_required"", ""estimated_cost"": ""institutional_confirmation_required"", ""currency"": ""institutional_confirmation_required"", ""site_area_m2"": ""institutional_confirmation_required"", ""site_area_hectares"": ""institutional_confirmation_required"", ""implementing_entity"": ""institutional_confirmation_required"", ""supervising_entity"": ""institutional_confirmation_required"", ""investor_name"": ""institutional_confirmation_required"", ""operator_name"": ""institutional_confirmation_required"", ""infrastructure_status"": ""institutional_confirmation_required"", ""completion_percentage"": ""institutional_confirmation_required""}",data/incoming/tourism-investment-projects.kml,institutional_confirmation_required,institutional_confirmation_required,institutional_confirmation_required,institutional_confirmation_required,institutional_confirmation_required,institutional_confirmation_required,true,"Missing is not interpreted as negative, unlicensed, private, or stalled."
LY-INV-RES-SHA-00003,منتجع وموتيل الأمان 3,"{""ownership_type"": ""institutional_confirmation_required"", ""ownership_entity"": ""institutional_confirmation_required"", ""legal_status"": ""institutional_confirmation_required"", ""license_status"": ""institutional_confirmation_required"", ""planning_status"": ""institutional_confirmation_required"", ""environmental_status"": ""institutional_confirmation_required"", ""investment_value"": ""institutional_confirmation_required"", ""estimated_cost"": ""institutional_confirmation_required"", ""currency"": ""institutional_confirmation_required"", ""site_area_m2"": ""institutional_confirmation_required"", ""site_area_hectares"": ""institutional_confirmation_required"", ""implementing_entity"": ""institutional_confirmation_required"", ""supervising_entity"": ""institutional_confirmation_required"", ""investor_name"": ""institutional_confirmation_required"", ""operator_name"": ""institutional_confirmation_required"", ""infrastructure_status"": ""institutional_confirmation_required"", ""completion_percentage"": ""institutional_confirmation_required""}",data/incoming/tourism-investment-projects.kml,institutional_confirmation_required,institutional_confirmation_required,institutional_confirmation_required,institutional_confirmation_required,institutional_confirmation_required,institutional_confirmation_required,true,"Missing is not interpreted as negative, unlicensed, private, or stalled."
LY-INV-RES-SHA-00004,شاليهات بوعطية,"{""ownership_type"": ""institutional_confirmation_required"", ""ownership_entity"": ""institutional_confirmation_required"", ""legal_status"": ""institutional_confirmation_required"", ""license_status"": ""institutional_confirmation_required"", ""planning_status"": ""institutional_confirmation_required"", ""environmental_status"": ""institutional_confirmation_required"", ""investment_value"": ""institutional_confirmation_required"", ""estimated_cost"": ""institutional_confirmation_required"", ""currency"": ""institutional_confirmation_required"", ""site_area_m2"": ""institutional_confirmation_required"", ""site_area_hectares"": ""institutional_confirmation_required"", ""implementing_entity"": ""institutional_confirmation_required"", ""supervising_entity"": ""institutional_confirmation_required"", ""investor_name"": ""institutional_confirmation_required"", ""operator_name"": ""institutional_confirmation_required"", ""infrastructure_status"": ""institutional_confirmation_required"", ""completion_percentage"": ""institutional_confirmation_required""}",data/incoming/tourism-investment-projects.kml,institutional_confirmation_required,institutional_confirmation_required,institutional_confirmation_required,institutional_confirmation_required,institutional_confirmation_required,institutional_confirmation_required,true,"Missing is not interpreted as negative, unlicensed, private, or stalled."
LY-INV-RES-SHA-00005,منتجع جود السياحي,"{""ownership_type"": ""institutional_confirmation_required"", ""ownership_entity"": ""institutional_confirmation_required"", ""legal_status"": ""institutional_confirmation_required"", ""license_status"": ""institutional_confirmation_required"", ""planning_status"": ""institutional_confirmation_required"", ""environmental_status"": ""institutional_confirmation_required"", ""investment_value"": ""institutional_confirmation_required"", ""estimated_cost"": ""institutional_confirmation_required"", ""currency"": ""institutional_confirmation_required"", ""site_area_m2"": ""institutional_confirmation_required"", ""site_area_hectares"": ""institutional_confirmation_required"", ""implementing_entity"": ""institutional_confirmation_required"", ""supervising_entity"": ""institutional_confirmation_required"", ""investor_name"": ""institutional_confirmation_required"", ""operator_name"": ""institutional_confirmation_required"", ""infrastructure_status"": ""institutional_confirmation_required"", ""completion_percentage"": ""institutional_confirmation_required""}",data/incoming/tourism-investment-projects.kml,institutional_confirmation_required,institutional_confirmation_required,institutional_confirmation_required,institutional_confirmation_required,institutional_confirmation_required,institutional_confirmation_required,true,"Missing is not interpreted as negative, unlicensed, private, or stalled."
LY-INV-RES-KHO-00018,إستراحات فردية درجة أولى,"{""ownership_type"": ""institutional_confirmation_required"", ""ownership_entity"": ""institutional_confirmation_required"", ""legal_status"": ""institutional_confirmation_required"", ""license_status"": ""institutional_confirmation_required"", ""planning_status"": ""institutional_confirmation_required"", ""environmental_status"": ""institutional_confirmation_required"", ""investment_value"": ""institutional_confirmation_required"", ""estimated_cost"": ""institutional_confirmation_required"", ""currency"": ""institutional_confirmation_required"", ""site_area_m2"": ""institutional_confirmation_required"", ""site_area_hectares"": ""institutional_confirmation_required"", ""implementing_entity"": ""institutional_confirmation_required"", ""supervising_entity"": ""institutional_confirmation_required"", ""investor_name"": ""institutional_confirmation_required"", ""operator_name"": ""institutional_confirmation_required"", ""infrastructure_status"": ""institutional_confirmation_required"", ""completion_percentage"": ""institutional_confirmation_required""}",data/incoming/tourism-investment-projects.kml,institutional_confirmation_required,institutional_confirmation_required,institutional_confirmation_required,institutional_confirmation_required,institutional_confirmation_required,institutional_confirmation_required,true,"Missing is not interpreted as negative, unlicensed, private, or stalled."
LY-INV-RES-SHA-00006,إستراحات فردية,"{""ownership_type"": ""institutional_confirmation_required"", ""ownership_entity"": ""institutional_confirmation_required"", ""legal_status"": ""institutional_confirmation_required"", ""license_status"": ""institutional_confirmation_required"", ""planning_status"": ""institutional_confirmation_required"", ""environmental_status"": ""institutional_confirmation_required"", ""investment_value"": ""institutional_confirmation_required"", ""estimated_cost"": ""institutional_confirmation_required"", ""currency"": ""institutional_confirmation_required"", ""site_area_m2"": ""institutional_confirmation_required"", ""site_area_hectares"": ""institutional_confirmation_required"", ""implementing_entity"": ""institutional_confirmation_required"", ""supervising_entity"": ""institutional_confirmation_required"", ""investor_name"": ""institutional_confirmation_required"", ""operator_name"": ""institutional_confirmation_required"", ""infrastructure_status"": ""institutional_confirmation_required"", ""completion_percentage"": ""institutional_confirmation_required""}",data/incoming/tourism-investment-projects.kml,institutional_confirmation_required,institutional_confirmation_required,institutional_confirmation_required,institutional_confirmation_required,institutional_confirmation_required,institutional_confirmation_required,true,"Missing is not interpreted as negative, unlicensed, private, or stalled."
LY-INV-RES-SHA-00007,منتجع الاسرة السعيدة,"{""ownership_type"": ""institutional_confirmation_required"", ""ownership_entity"": ""institutional_confirmation_required"", ""legal_status"": ""institutional_confirmation_required"", ""license_status"": ""institutional_confirmation_required"", ""planning_status"": ""institutional_confirmation_required"", ""environmental_status"": ""institutional_confirmation_required"", ""investment_value"": ""institutional_confirmation_required"", ""estimated_cost"": ""institutional_confirmation_required"", ""currency"": ""institutional_confirmation_required"", ""site_area_m2"": ""institutional_confirmation_required"", ""site_area_hectares"": ""institutional_confirmation_required"", ""implementing_entity"": ""institutional_confirmation_required"", ""supervising_entity"": ""institutional_confirmation_required"", ""investor_name"": ""institutional_confirmation_required"", ""operator_name"": ""institutional_confirmation_required"", ""infrastructure_status"": ""institutional_confirmation_required"", ""completion_percentage"": ""institutional_confirmation_required""}",data/incoming/tourism-investment-projects.kml,institutional_confirmation_required,institutional_confirmation_required,institutional_confirmation_required,institutional_confirmation_required,institutional_confirmation_required,institutional_confirmation_required,true,"Missing is not interpreted as negative, unlicensed, private, or stalled."
LY-INV-RES-SHA-00008,شاليهات بومؤمن,"{""ownership_type"": ""institutional_confirmation_required"", ""ownership_entity"": ""institutional_confirmation_required"", ""legal_status"": ""institutional_confirmation_required"", ""license_status"": ""institutional_confirmation_required"", ""planning_status"": ""institutional_confirmation_required"", ""environmental_status"": ""institutional_confirmation_required"", ""investment_value"": ""institutional_confirmation_required"", ""estimated_cost"": ""institutional_confirmation_required"", ""currency"": ""institutional_confirmation_required"", ""site_area_m2"": ""institutional_confirmation_required"", ""site_area_hectares"": ""institutional_confirmation_required"", ""implementing_entity"": ""institutional_confirmation_required"", ""supervising_entity"": ""institutional_confirmation_required"", ""investor_name"": ""institutional_confirmation_required"", ""operator_name"": ""institutional_confirmation_required"", ""infrastructure_status"": ""institutional_confirmation_required"", ""completion_percentage"": ""institutional_confirmation_required""}",data/incoming/tourism-investment-projects.kml,institutional_confirmation_required,institutional_confirmation_required,institutional_confirmation_required,institutional_confirmation_required,institutional_confirmation_required,institutional_confirmation_required,true,"Missing is not interpreted as negative, unlicensed, private, or stalled."
LY-INV-RES-SHA-00009,منتجع سيف للسياحه ولاستثمار,"{""ownership_type"": ""institutional_confirmation_required"", ""ownership_entity"": ""institutional_confirmation_required"", ""legal_status"": ""institutional_confirmation_required"", ""license_status"": ""institutional_confirmation_required"", ""planning_status"": ""institutional_confirmation_required"", ""environmental_status"": ""institutional_confirmation_required"", ""investment_value"": ""institutional_confirmation_required"", ""estimated_cost"": ""institutional_confirmation_required"", ""currency"": ""institutional_confirmation_required"", ""site_area_m2"": ""institutional_confirmation_required"", ""site_area_hectares"": ""institutional_confirmation_required"", ""implementing_entity"": ""institutional_confirmation_required"", ""supervising_entity"": ""institutional_confirmation_required"", ""investor_name"": ""institutional_confirmation_required"", ""operator_name"": ""institutional_confirmation_required"", ""infrastructure_status"": ""institutional_confirmation_required"", ""completion_percentage"": ""institutional_confirmation_required""}",data/incoming/tourism-investment-projects.kml,institutional_confirmation_required,institutional_confirmation_required,institutional_confirmation_required,institutional_confirmation_required,institutional_confirmation_required,institutional_confirmation_required,true,"Missing is not interpreted as negative, unlicensed, private, or stalled."
LY-INV-HOT-TOB-00001,منتجع وفندق ريفان السياحي,"{""ownership_type"": ""institutional_confirmation_required"", ""ownership_entity"": ""institutional_confirmation_required"", ""legal_status"": ""institutional_confirmation_required"", ""license_status"": ""institutional_confirmation_required"", ""planning_status"": ""institutional_confirmation_required"", ""environmental_status"": ""institutional_confirmation_required"", ""investment_value"": ""institutional_confirmation_required"", ""estimated_cost"": ""institutional_confirmation_required"", ""currency"": ""institutional_confirmation_required"", ""site_area_m2"": ""institutional_confirmation_required"", ""site_area_hectares"": ""institutional_confirmation_required"", ""implementing_entity"": ""institutional_confirmation_required"", ""supervising_entity"": ""institutional_confirmation_required"", ""investor_name"": ""institutional_confirmation_required"", ""operator_name"": ""institutional_confirmation_required"", ""infrastructure_status"": ""institutional_confirmation_required"", ""completion_percentage"": ""institutional_confirmation_required""}",data/incoming/tourism-investment-projects.kml,institutional_confirmation_required,institutional_confirmation_required,institutional_confirmation_required,institutional_confirmation_required,institutional_confirmation_required,institutional_confirmation_required,true,"Missing is not interpreted as negative, unlicensed, private, or stalled."
LY-INV-RES-ZUW-00012,قرية سبتيموس السياحية - زوارة,"{""ownership_type"": ""institutional_confirmation_required"", ""ownership_entity"": ""institutional_confirmation_required"", ""legal_status"": ""institutional_confirmation_required"", ""license_status"": ""institutional_confirmation_required"", ""planning_status"": ""institutional_confirmation_required"", ""environmental_status"": ""institutional_confirmation_required"", ""investment_value"": ""institutional_confirmation_required"", ""estimated_cost"": ""institutional_confirmation_required"", ""currency"": ""institutional_confirmation_required"", ""site_area_m2"": ""institutional_confirmation_required"", ""site_area_hectares"": ""institutional_confirmation_required"", ""implementing_entity"": ""institutional_confirmation_required"", ""supervising_entity"": ""institutional_confirmation_required"", ""investor_name"": ""institutional_confirmation_required"", ""operator_name"": ""institutional_confirmation_required"", ""infrastructure_status"": ""institutional_confirmation_required"", ""completion_percentage"": ""institutional_confirmation_required""}",data/incoming/tourism-investment-projects.kml,institutional_confirmation_required,institutional_confirmation_required,institutional_confirmation_required,institutional_confirmation_required,institutional_confirmation_required,institutional_confirmation_required,true,"Missing is not interpreted as negative, unlicensed, private, or stalled."
LY-INV-HOT-ZUW-00001,قرية سيمو السياحية - زوارة,"{""ownership_type"": ""institutional_confirmation_required"", ""ownership_entity"": ""institutional_confirmation_required"", ""legal_status"": ""institutional_confirmation_required"", ""license_status"": ""institutional_confirmation_required"", ""planning_status"": ""institutional_confirmation_required"", ""environmental_status"": ""institutional_confirmation_required"", ""investment_value"": ""institutional_confirmation_required"", ""estimated_cost"": ""institutional_confirmation_required"", ""currency"": ""institutional_confirmation_required"", ""site_area_m2"": ""institutional_confirmation_required"", ""site_area_hectares"": ""institutional_confirmation_required"", ""implementing_entity"": ""institutional_confirmation_required"", ""supervising_entity"": ""institutional_confirmation_required"", ""investor_name"": ""institutional_confirmation_required"", ""operator_name"": ""institutional_confirmation_required"", ""infrastructure_status"": ""institutional_confirmation_required"", ""completion_percentage"": ""institutional_confirmation_required""}",data/incoming/tourism-investment-projects.kml,institutional_confirmation_required,institutional_confirmation_required,institutional_confirmation_required,institutional_confirmation_required,institutional_confirmation_required,institutional_confirmation_required,true,"Missing is not interpreted as negative, unlicensed, private, or stalled."
LY-INV-RES-ZLI-00003,منتجع الهادريان زليتن,"{""ownership_type"": ""institutional_confirmation_required"", ""ownership_entity"": ""institutional_confirmation_required"", ""legal_status"": ""institutional_confirmation_required"", ""license_status"": ""institutional_confirmation_required"", ""planning_status"": ""institutional_confirmation_required"", ""environmental_status"": ""institutional_confirmation_required"", ""investment_value"": ""institutional_confirmation_required"", ""estimated_cost"": ""institutional_confirmation_required"", ""currency"": ""institutional_confirmation_required"", ""site_area_m2"": ""institutional_confirmation_required"", ""site_area_hectares"": ""institutional_confirmation_required"", ""implementing_entity"": ""institutional_confirmation_required"", ""supervising_entity"": ""institutional_confirmation_required"", ""investor_name"": ""institutional_confirmation_required"", ""operator_name"": ""institutional_confirmation_required"", ""infrastructure_status"": ""institutional_confirmation_required"", ""completion_percentage"": ""institutional_confirmation_required""}",data/incoming/tourism-investment-projects.kml,institutional_confirmation_required,institutional_confirmation_required,institutional_confirmation_required,institutional_confirmation_required,institutional_confirmation_required,institutional_confirmation_required,true,"Missing is not interpreted as negative, unlicensed, private, or stalled."
LY-INV-RES-NAT-00041,منتجع سفارى السياحى,"{""ownership_type"": ""institutional_confirmation_required"", ""ownership_entity"": ""institutional_confirmation_required"", ""legal_status"": ""institutional_confirmation_required"", ""license_status"": ""institutional_confirmation_required"", ""planning_status"": ""institutional_confirmation_required"", ""environmental_status"": ""institutional_confirmation_required"", ""investment_value"": ""institutional_confirmation_required"", ""estimated_cost"": ""institutional_confirmation_required"", ""currency"": ""institutional_confirmation_required"", ""site_area_m2"": ""institutional_confirmation_required"", ""site_area_hectares"": ""institutional_confirmation_required"", ""implementing_entity"": ""institutional_confirmation_required"", ""supervising_entity"": ""institutional_confirmation_required"", ""investor_name"": ""institutional_confirmation_required"", ""operator_name"": ""institutional_confirmation_required"", ""infrastructure_status"": ""institutional_confirmation_required"", ""completion_percentage"": ""institutional_confirmation_required""}",data/incoming/tourism-investment-projects.kml,institutional_confirmation_required,institutional_confirmation_required,institutional_confirmation_required,institutional_confirmation_required,institutional_confirmation_required,institutional_confirmation_required,true,"Missing is not interpreted as negative, unlicensed, private, or stalled."
LY-INV-RES-ZUW-00013,قرية اوديسا السياحية,"{""ownership_type"": ""institutional_confirmation_required"", ""ownership_entity"": ""institutional_confirmation_required"", ""legal_status"": ""institutional_confirmation_required"", ""license_status"": ""institutional_confirmation_required"", ""planning_status"": ""institutional_confirmation_required"", ""environmental_status"": ""institutional_confirmation_required"", ""investment_value"": ""institutional_confirmation_required"", ""estimated_cost"": ""institutional_confirmation_required"", ""currency"": ""institutional_confirmation_required"", ""site_area_m2"": ""institutional_confirmation_required"", ""site_area_hectares"": ""institutional_confirmation_required"", ""implementing_entity"": ""institutional_confirmation_required"", ""supervising_entity"": ""institutional_confirmation_required"", ""investor_name"": ""institutional_confirmation_required"", ""operator_name"": ""institutional_confirmation_required"", ""infrastructure_status"": ""institutional_confirmation_required"", ""completion_percentage"": ""institutional_confirmation_required""}",data/incoming/tourism-investment-projects.kml,institutional_confirmation_required,institutional_confirmation_required,institutional_confirmation_required,institutional_confirmation_required,institutional_confirmation_required,institutional_confirmation_required,true,"Missing is not interpreted as negative, unlicensed, private, or stalled."
LY-INV-RES-ZUW-00014,Azul house استراحة ازول,"{""ownership_type"": ""institutional_confirmation_required"", ""ownership_entity"": ""institutional_confirmation_required"", ""legal_status"": ""institutional_confirmation_required"", ""license_status"": ""institutional_confirmation_required"", ""planning_status"": ""institutional_confirmation_required"", ""environmental_status"": ""institutional_confirmation_required"", ""investment_value"": ""institutional_confirmation_required"", ""estimated_cost"": ""institutional_confirmation_required"", ""currency"": ""institutional_confirmation_required"", ""site_area_m2"": ""institutional_confirmation_required"", ""site_area_hectares"": ""institutional_confirmation_required"", ""implementing_entity"": ""institutional_confirmation_required"", ""supervising_entity"": ""institutional_confirmation_required"", ""investor_name"": ""institutional_confirmation_required"", ""operator_name"": ""institutional_confirmation_required"", ""infrastructure_status"": ""institutional_confirmation_required"", ""completion_percentage"": ""institutional_confirmation_required""}",data/incoming/tourism-investment-projects.kml,institutional_confirmation_required,institutional_confirmation_required,institutional_confirmation_required,institutional_confirmation_required,institutional_confirmation_required,institutional_confirmation_required,true,"Missing is not interpreted as negative, unlicensed, private, or stalled."
LY-INV-RES-ZUW-00015,DiVano Resort,"{""ownership_type"": ""institutional_confirmation_required"", ""ownership_entity"": ""institutional_confirmation_required"", ""legal_status"": ""institutional_confirmation_required"", ""license_status"": ""institutional_confirmation_required"", ""planning_status"": ""institutional_confirmation_required"", ""environmental_status"": ""institutional_confirmation_required"", ""investment_value"": ""institutional_confirmation_required"", ""estimated_cost"": ""institutional_confirmation_required"", ""currency"": ""institutional_confirmation_required"", ""site_area_m2"": ""institutional_confirmation_required"", ""site_area_hectares"": ""institutional_confirmation_required"", ""implementing_entity"": ""institutional_confirmation_required"", ""supervising_entity"": ""institutional_confirmation_required"", ""investor_name"": ""institutional_confirmation_required"", ""operator_name"": ""institutional_confirmation_required"", ""infrastructure_status"": ""institutional_confirmation_required"", ""completion_percentage"": ""institutional_confirmation_required""}",data/incoming/tourism-investment-projects.kml,institutional_confirmation_required,institutional_confirmation_required,institutional_confirmation_required,institutional_confirmation_required,institutional_confirmation_required,institutional_confirmation_required,true,"Missing is not interpreted as negative, unlicensed, private, or stalled."
LY-INV-RES-ZUW-00016,منتجع لاجون Lagoon Resort,"{""ownership_type"": ""institutional_confirmation_required"", ""ownership_entity"": ""institutional_confirmation_required"", ""legal_status"": ""institutional_confirmation_required"", ""license_status"": ""institutional_confirmation_required"", ""planning_status"": ""institutional_confirmation_required"", ""environmental_status"": ""institutional_confirmation_required"", ""investment_value"": ""institutional_confirmation_required"", ""estimated_cost"": ""institutional_confirmation_required"", ""currency"": ""institutional_confirmation_required"", ""site_area_m2"": ""institutional_confirmation_required"", ""site_area_hectares"": ""institutional_confirmation_required"", ""implementing_entity"": ""institutional_confirmation_required"", ""supervising_entity"": ""institutional_confirmation_required"", ""investor_name"": ""institutional_confirmation_required"", ""operator_name"": ""institutional_confirmation_required"", ""infrastructure_status"": ""institutional_confirmation_required"", ""completion_percentage"": ""institutional_confirmation_required""}",data/incoming/tourism-investment-projects.kml,institutional_confirmation_required,institutional_confirmation_required,institutional_confirmation_required,institutional_confirmation_required,institutional_confirmation_required,institutional_confirmation_required,true,"Missing is not interpreted as negative, unlicensed, private, or stalled."
LY-INV-RES-ZUW-00017,Barracuda Village - منتجع باراكودا,"{""ownership_type"": ""institutional_confirmation_required"", ""ownership_entity"": ""institutional_confirmation_required"", ""legal_status"": ""institutional_confirmation_required"", ""license_status"": ""institutional_confirmation_required"", ""planning_status"": ""institutional_confirmation_required"", ""environmental_status"": ""institutional_confirmation_required"", ""investment_value"": ""institutional_confirmation_required"", ""estimated_cost"": ""institutional_confirmation_required"", ""currency"": ""institutional_confirmation_required"", ""site_area_m2"": ""institutional_confirmation_required"", ""site_area_hectares"": ""institutional_confirmation_required"", ""implementing_entity"": ""institutional_confirmation_required"", ""supervising_entity"": ""institutional_confirmation_required"", ""investor_name"": ""institutional_confirmation_required"", ""operator_name"": ""institutional_confirmation_required"", ""infrastructure_status"": ""institutional_confirmation_required"", ""completion_percentage"": ""institutional_confirmation_required""}",data/incoming/tourism-investment-projects.kml,institutional_confirmation_required,institutional_confirmation_required,institutional_confirmation_required,institutional_confirmation_required,institutional_confirmation_required,institutional_confirmation_required,true,"Missing is not interpreted as negative, unlicensed, private, or stalled."
LY-INV-RES-NAT-00042,Oea Village - Diar Al Bahr,"{""ownership_type"": ""institutional_confirmation_required"", ""ownership_entity"": ""institutional_confirmation_required"", ""legal_status"": ""institutional_confirmation_required"", ""license_status"": ""institutional_confirmation_required"", ""planning_status"": ""institutional_confirmation_required"", ""environmental_status"": ""institutional_confirmation_required"", ""investment_value"": ""institutional_confirmation_required"", ""estimated_cost"": ""institutional_confirmation_required"", ""currency"": ""institutional_confirmation_required"", ""site_area_m2"": ""institutional_confirmation_required"", ""site_area_hectares"": ""institutional_confirmation_required"", ""implementing_entity"": ""institutional_confirmation_required"", ""supervising_entity"": ""institutional_confirmation_required"", ""investor_name"": ""institutional_confirmation_required"", ""operator_name"": ""institutional_confirmation_required"", ""infrastructure_status"": ""institutional_confirmation_required"", ""completion_percentage"": ""institutional_confirmation_required""}",data/incoming/tourism-investment-projects.kml,institutional_confirmation_required,institutional_confirmation_required,institutional_confirmation_required,institutional_confirmation_required,institutional_confirmation_required,institutional_confirmation_required,true,"Missing is not interpreted as negative, unlicensed, private, or stalled."
LY-INV-RES-NAT-00043,قرية قوس غنيمة السياحية,"{""ownership_type"": ""institutional_confirmation_required"", ""ownership_entity"": ""institutional_confirmation_required"", ""legal_status"": ""institutional_confirmation_required"", ""license_status"": ""institutional_confirmation_required"", ""planning_status"": ""institutional_confirmation_required"", ""environmental_status"": ""institutional_confirmation_required"", ""investment_value"": ""institutional_confirmation_required"", ""estimated_cost"": ""institutional_confirmation_required"", ""currency"": ""institutional_confirmation_required"", ""site_area_m2"": ""institutional_confirmation_required"", ""site_area_hectares"": ""institutional_confirmation_required"", ""implementing_entity"": ""institutional_confirmation_required"", ""supervising_entity"": ""institutional_confirmation_required"", ""investor_name"": ""institutional_confirmation_required"", ""operator_name"": ""institutional_confirmation_required"", ""infrastructure_status"": ""institutional_confirmation_required"", ""completion_percentage"": ""institutional_confirmation_required""}",data/incoming/tourism-investment-projects.kml,institutional_confirmation_required,institutional_confirmation_required,institutional_confirmation_required,institutional_confirmation_required,institutional_confirmation_required,institutional_confirmation_required,true,"Missing is not interpreted as negative, unlicensed, private, or stalled."
LY-INV-HOT-TRI-00002,فندق كورنثيا,"{""ownership_type"": ""institutional_confirmation_required"", ""ownership_entity"": ""institutional_confirmation_required"", ""legal_status"": ""institutional_confirmation_required"", ""license_status"": ""institutional_confirmation_required"", ""planning_status"": ""institutional_confirmation_required"", ""environmental_status"": ""institutional_confirmation_required"", ""investment_value"": ""institutional_confirmation_required"", ""estimated_cost"": ""institutional_confirmation_required"", ""currency"": ""institutional_confirmation_required"", ""site_area_m2"": ""institutional_confirmation_required"", ""site_area_hectares"": ""institutional_confirmation_required"", ""implementing_entity"": ""institutional_confirmation_required"", ""supervising_entity"": ""institutional_confirmation_required"", ""investor_name"": ""institutional_confirmation_required"", ""operator_name"": ""institutional_confirmation_required"", ""infrastructure_status"": ""institutional_confirmation_required"", ""completion_percentage"": ""institutional_confirmation_required""}",data/incoming/tourism-investment-projects.kml,institutional_confirmation_required,institutional_confirmation_required,institutional_confirmation_required,institutional_confirmation_required,institutional_confirmation_required,institutional_confirmation_required,true,"Missing is not interpreted as negative, unlicensed, private, or stalled."
LY-INV-HOT-BAY-00001,فندق بينثابوليس,"{""ownership_type"": ""institutional_confirmation_required"", ""ownership_entity"": ""institutional_confirmation_required"", ""legal_status"": ""institutional_confirmation_required"", ""license_status"": ""institutional_confirmation_required"", ""planning_status"": ""institutional_confirmation_required"", ""environmental_status"": ""institutional_confirmation_required"", ""investment_value"": ""institutional_confirmation_required"", ""estimated_cost"": ""institutional_confirmation_required"", ""currency"": ""institutional_confirmation_required"", ""site_area_m2"": ""institutional_confirmation_required"", ""site_area_hectares"": ""institutional_confirmation_required"", ""implementing_entity"": ""institutional_confirmation_required"", ""supervising_entity"": ""institutional_confirmation_required"", ""investor_name"": ""institutional_confirmation_required"", ""operator_name"": ""institutional_confirmation_required"", ""infrastructure_status"": ""institutional_confirmation_required"", ""completion_percentage"": ""institutional_confirmation_required""}",data/incoming/tourism-investment-projects.kml,institutional_confirmation_required,institutional_confirmation_required,institutional_confirmation_required,institutional_confirmation_required,institutional_confirmation_required,institutional_confirmation_required,true,"Missing is not interpreted as negative, unlicensed, private, or stalled."
LY-INV-HOT-GHA-00001,فندق جوهرة الواحة,"{""ownership_type"": ""institutional_confirmation_required"", ""ownership_entity"": ""institutional_confirmation_required"", ""legal_status"": ""institutional_confirmation_required"", ""license_status"": ""institutional_confirmation_required"", ""planning_status"": ""institutional_confirmation_required"", ""environmental_status"": ""institutional_confirmation_required"", ""investment_value"": ""institutional_confirmation_required"", ""estimated_cost"": ""institutional_confirmation_required"", ""currency"": ""institutional_confirmation_required"", ""site_area_m2"": ""institutional_confirmation_required"", ""site_area_hectares"": ""institutional_confirmation_required"", ""implementing_entity"": ""institutional_confirmation_required"", ""supervising_entity"": ""institutional_confirmation_required"", ""investor_name"": ""institutional_confirmation_required"", ""operator_name"": ""institutional_confirmation_required"", ""infrastructure_status"": ""institutional_confirmation_required"", ""completion_percentage"": ""institutional_confirmation_required""}",data/incoming/tourism-investment-projects.kml,institutional_confirmation_required,institutional_confirmation_required,institutional_confirmation_required,institutional_confirmation_required,institutional_confirmation_required,institutional_confirmation_required,true,"Missing is not interpreted as negative, unlicensed, private, or stalled."
LY-INV-HOT-TRI-00003,فندق تبرس,"{""ownership_type"": ""institutional_confirmation_required"", ""ownership_entity"": ""institutional_confirmation_required"", ""legal_status"": ""institutional_confirmation_required"", ""license_status"": ""institutional_confirmation_required"", ""planning_status"": ""institutional_confirmation_required"", ""environmental_status"": ""institutional_confirmation_required"", ""investment_value"": ""institutional_confirmation_required"", ""estimated_cost"": ""institutional_confirmation_required"", ""currency"": ""institutional_confirmation_required"", ""site_area_m2"": ""institutional_confirmation_required"", ""site_area_hectares"": ""institutional_confirmation_required"", ""implementing_entity"": ""institutional_confirmation_required"", ""supervising_entity"": ""institutional_confirmation_required"", ""investor_name"": ""institutional_confirmation_required"", ""operator_name"": ""institutional_confirmation_required"", ""infrastructure_status"": ""institutional_confirmation_required"", ""completion_percentage"": ""institutional_confirmation_required""}",data/incoming/tourism-investment-projects.kml,institutional_confirmation_required,institutional_confirmation_required,institutional_confirmation_required,institutional_confirmation_required,institutional_confirmation_required,institutional_confirmation_required,true,"Missing is not interpreted as negative, unlicensed, private, or stalled."
LY-INV-RES-SHA-00010,منتجع شحات السياحي,"{""ownership_type"": ""institutional_confirmation_required"", ""ownership_entity"": ""institutional_confirmation_required"", ""legal_status"": ""institutional_confirmation_required"", ""license_status"": ""institutional_confirmation_required"", ""planning_status"": ""institutional_confirmation_required"", ""environmental_status"": ""institutional_confirmation_required"", ""investment_value"": ""institutional_confirmation_required"", ""estimated_cost"": ""institutional_confirmation_required"", ""currency"": ""institutional_confirmation_required"", ""site_area_m2"": ""institutional_confirmation_required"", ""site_area_hectares"": ""institutional_confirmation_required"", ""implementing_entity"": ""institutional_confirmation_required"", ""supervising_entity"": ""institutional_confirmation_required"", ""investor_name"": ""institutional_confirmation_required"", ""operator_name"": ""institutional_confirmation_required"", ""infrastructure_status"": ""institutional_confirmation_required"", ""completion_percentage"": ""institutional_confirmation_required""}",data/incoming/tourism-investment-projects.kml,institutional_confirmation_required,institutional_confirmation_required,institutional_confirmation_required,institutional_confirmation_required,institutional_confirmation_required,institutional_confirmation_required,true,"Missing is not interpreted as negative, unlicensed, private, or stalled."
LY-INV-HOT-NAT-00001,فندق المنارة,"{""ownership_type"": ""institutional_confirmation_required"", ""ownership_entity"": ""institutional_confirmation_required"", ""legal_status"": ""institutional_confirmation_required"", ""license_status"": ""institutional_confirmation_required"", ""planning_status"": ""institutional_confirmation_required"", ""environmental_status"": ""institutional_confirmation_required"", ""investment_value"": ""institutional_confirmation_required"", ""estimated_cost"": ""institutional_confirmation_required"", ""currency"": ""institutional_confirmation_required"", ""site_area_m2"": ""institutional_confirmation_required"", ""site_area_hectares"": ""institutional_confirmation_required"", ""implementing_entity"": ""institutional_confirmation_required"", ""supervising_entity"": ""institutional_confirmation_required"", ""investor_name"": ""institutional_confirmation_required"", ""operator_name"": ""institutional_confirmation_required"", ""infrastructure_status"": ""institutional_confirmation_required"", ""completion_percentage"": ""institutional_confirmation_required""}",data/incoming/tourism-investment-projects.kml,institutional_confirmation_required,institutional_confirmation_required,institutional_confirmation_required,institutional_confirmation_required,institutional_confirmation_required,institutional_confirmation_required,true,"Missing is not interpreted as negative, unlicensed, private, or stalled."
LY-INV-HOT-BAY-00002,فندق لؤلؤة الخليج,"{""ownership_type"": ""institutional_confirmation_required"", ""ownership_entity"": ""institutional_confirmation_required"", ""legal_status"": ""institutional_confirmation_required"", ""license_status"": ""institutional_confirmation_required"", ""planning_status"": ""institutional_confirmation_required"", ""environmental_status"": ""institutional_confirmation_required"", ""investment_value"": ""institutional_confirmation_required"", ""estimated_cost"": ""institutional_confirmation_required"", ""currency"": ""institutional_confirmation_required"", ""site_area_m2"": ""institutional_confirmation_required"", ""site_area_hectares"": ""institutional_confirmation_required"", ""implementing_entity"": ""institutional_confirmation_required"", ""supervising_entity"": ""institutional_confirmation_required"", ""investor_name"": ""institutional_confirmation_required"", ""operator_name"": ""institutional_confirmation_required"", ""infrastructure_status"": ""institutional_confirmation_required"", ""completion_percentage"": ""institutional_confirmation_required""}",data/incoming/tourism-investment-projects.kml,institutional_confirmation_required,institutional_confirmation_required,institutional_confirmation_required,institutional_confirmation_required,institutional_confirmation_required,institutional_confirmation_required,true,"Missing is not interpreted as negative, unlicensed, private, or stalled."
LY-INV-HOT-BAY-00003,فندق التلال الوسيطة البيضاء,"{""ownership_type"": ""institutional_confirmation_required"", ""ownership_entity"": ""institutional_confirmation_required"", ""legal_status"": ""institutional_confirmation_required"", ""license_status"": ""institutional_confirmation_required"", ""planning_status"": ""institutional_confirmation_required"", ""environmental_status"": ""institutional_confirmation_required"", ""investment_value"": ""institutional_confirmation_required"", ""estimated_cost"": ""institutional_confirmation_required"", ""currency"": ""institutional_confirmation_required"", ""site_area_m2"": ""institutional_confirmation_required"", ""site_area_hectares"": ""institutional_confirmation_required"", ""implementing_entity"": ""institutional_confirmation_required"", ""supervising_entity"": ""institutional_confirmation_required"", ""investor_name"": ""institutional_confirmation_required"", ""operator_name"": ""institutional_confirmation_required"", ""infrastructure_status"": ""institutional_confirmation_required"", ""completion_percentage"": ""institutional_confirmation_required""}",data/incoming/tourism-investment-projects.kml,institutional_confirmation_required,institutional_confirmation_required,institutional_confirmation_required,institutional_confirmation_required,institutional_confirmation_required,institutional_confirmation_required,true,"Missing is not interpreted as negative, unlicensed, private, or stalled."
LY-INV-HOT-NAT-00002,العنود للشقق الفندقية,"{""ownership_type"": ""institutional_confirmation_required"", ""ownership_entity"": ""institutional_confirmation_required"", ""legal_status"": ""institutional_confirmation_required"", ""license_status"": ""institutional_confirmation_required"", ""planning_status"": ""institutional_confirmation_required"", ""environmental_status"": ""institutional_confirmation_required"", ""investment_value"": ""institutional_confirmation_required"", ""estimated_cost"": ""institutional_confirmation_required"", ""currency"": ""institutional_confirmation_required"", ""site_area_m2"": ""institutional_confirmation_required"", ""site_area_hectares"": ""institutional_confirmation_required"", ""implementing_entity"": ""institutional_confirmation_required"", ""supervising_entity"": ""institutional_confirmation_required"", ""investor_name"": ""institutional_confirmation_required"", ""operator_name"": ""institutional_confirmation_required"", ""infrastructure_status"": ""institutional_confirmation_required"", ""completion_percentage"": ""institutional_confirmation_required""}",data/incoming/tourism-investment-projects.kml,institutional_confirmation_required,institutional_confirmation_required,institutional_confirmation_required,institutional_confirmation_required,institutional_confirmation_required,institutional_confirmation_required,true,"Missing is not interpreted as negative, unlicensed, private, or stalled."
LY-INV-HOT-NAT-00003,فندق الثريا,"{""ownership_type"": ""institutional_confirmation_required"", ""ownership_entity"": ""institutional_confirmation_required"", ""legal_status"": ""institutional_confirmation_required"", ""license_status"": ""institutional_confirmation_required"", ""planning_status"": ""institutional_confirmation_required"", ""environmental_status"": ""institutional_confirmation_required"", ""investment_value"": ""institutional_confirmation_required"", ""estimated_cost"": ""institutional_confirmation_required"", ""currency"": ""institutional_confirmation_required"", ""site_area_m2"": ""institutional_confirmation_required"", ""site_area_hectares"": ""institutional_confirmation_required"", ""implementing_entity"": ""institutional_confirmation_required"", ""supervising_entity"": ""institutional_confirmation_required"", ""investor_name"": ""institutional_confirmation_required"", ""operator_name"": ""institutional_confirmation_required"", ""infrastructure_status"": ""institutional_confirmation_required"", ""completion_percentage"": ""institutional_confirmation_required""}",data/incoming/tourism-investment-projects.kml,institutional_confirmation_required,institutional_confirmation_required,institutional_confirmation_required,institutional_confirmation_required,institutional_confirmation_required,institutional_confirmation_required,true,"Missing is not interpreted as negative, unlicensed, private, or stalled."
LY-INV-EXP-SHA-00001,منتجع الينابيع السياحي,"{""ownership_type"": ""institutional_confirmation_required"", ""ownership_entity"": ""institutional_confirmation_required"", ""legal_status"": ""institutional_confirmation_required"", ""license_status"": ""institutional_confirmation_required"", ""planning_status"": ""institutional_confirmation_required"", ""environmental_status"": ""institutional_confirmation_required"", ""investment_value"": ""institutional_confirmation_required"", ""estimated_cost"": ""institutional_confirmation_required"", ""currency"": ""institutional_confirmation_required"", ""site_area_m2"": ""institutional_confirmation_required"", ""site_area_hectares"": ""institutional_confirmation_required"", ""implementing_entity"": ""institutional_confirmation_required"", ""supervising_entity"": ""institutional_confirmation_required"", ""investor_name"": ""institutional_confirmation_required"", ""operator_name"": ""institutional_confirmation_required"", ""infrastructure_status"": ""institutional_confirmation_required"", ""completion_percentage"": ""institutional_confirmation_required""}",data/incoming/tourism-investment-projects.kml,institutional_confirmation_required,institutional_confirmation_required,institutional_confirmation_required,institutional_confirmation_required,institutional_confirmation_required,institutional_confirmation_required,true,"Missing is not interpreted as negative, unlicensed, private, or stalled."
LY-INV-HOT-NAT-00004,فندق برقة,"{""ownership_type"": ""institutional_confirmation_required"", ""ownership_entity"": ""institutional_confirmation_required"", ""legal_status"": ""institutional_confirmation_required"", ""license_status"": ""institutional_confirmation_required"", ""planning_status"": ""institutional_confirmation_required"", ""environmental_status"": ""institutional_confirmation_required"", ""investment_value"": ""institutional_confirmation_required"", ""estimated_cost"": ""institutional_confirmation_required"", ""currency"": ""institutional_confirmation_required"", ""site_area_m2"": ""institutional_confirmation_required"", ""site_area_hectares"": ""institutional_confirmation_required"", ""implementing_entity"": ""institutional_confirmation_required"", ""supervising_entity"": ""institutional_confirmation_required"", ""investor_name"": ""institutional_confirmation_required"", ""operator_name"": ""institutional_confirmation_required"", ""infrastructure_status"": ""institutional_confirmation_required"", ""completion_percentage"": ""institutional_confirmation_required""}",data/incoming/tourism-investment-projects.kml,institutional_confirmation_required,institutional_confirmation_required,institutional_confirmation_required,institutional_confirmation_required,institutional_confirmation_required,institutional_confirmation_required,true,"Missing is not interpreted as negative, unlicensed, private, or stalled."
LY-INV-HOT-NAT-00005,فندق الهديل,"{""ownership_type"": ""institutional_confirmation_required"", ""ownership_entity"": ""institutional_confirmation_required"", ""legal_status"": ""institutional_confirmation_required"", ""license_status"": ""institutional_confirmation_required"", ""planning_status"": ""institutional_confirmation_required"", ""environmental_status"": ""institutional_confirmation_required"", ""investment_value"": ""institutional_confirmation_required"", ""estimated_cost"": ""institutional_confirmation_required"", ""currency"": ""institutional_confirmation_required"", ""site_area_m2"": ""institutional_confirmation_required"", ""site_area_hectares"": ""institutional_confirmation_required"", ""implementing_entity"": ""institutional_confirmation_required"", ""supervising_entity"": ""institutional_confirmation_required"", ""investor_name"": ""institutional_confirmation_required"", ""operator_name"": ""institutional_confirmation_required"", ""infrastructure_status"": ""institutional_confirmation_required"", ""completion_percentage"": ""institutional_confirmation_required""}",data/incoming/tourism-investment-projects.kml,institutional_confirmation_required,institutional_confirmation_required,institutional_confirmation_required,institutional_confirmation_required,institutional_confirmation_required,institutional_confirmation_required,true,"Missing is not interpreted as negative, unlicensed, private, or stalled."
LY-INV-HOT-GHA-00002,فندق بن يدر,"{""ownership_type"": ""institutional_confirmation_required"", ""ownership_entity"": ""institutional_confirmation_required"", ""legal_status"": ""institutional_confirmation_required"", ""license_status"": ""institutional_confirmation_required"", ""planning_status"": ""institutional_confirmation_required"", ""environmental_status"": ""institutional_confirmation_required"", ""investment_value"": ""institutional_confirmation_required"", ""estimated_cost"": ""institutional_confirmation_required"", ""currency"": ""institutional_confirmation_required"", ""site_area_m2"": ""institutional_confirmation_required"", ""site_area_hectares"": ""institutional_confirmation_required"", ""implementing_entity"": ""institutional_confirmation_required"", ""supervising_entity"": ""institutional_confirmation_required"", ""investor_name"": ""institutional_confirmation_required"", ""operator_name"": ""institutional_confirmation_required"", ""infrastructure_status"": ""institutional_confirmation_required"", ""completion_percentage"": ""institutional_confirmation_required""}",data/incoming/tourism-investment-projects.kml,institutional_confirmation_required,institutional_confirmation_required,institutional_confirmation_required,institutional_confirmation_required,institutional_confirmation_required,institutional_confirmation_required,true,"Missing is not interpreted as negative, unlicensed, private, or stalled."
LY-INV-HOT-GHA-00003,فندق نجوم غدامس,"{""ownership_type"": ""institutional_confirmation_required"", ""ownership_entity"": ""institutional_confirmation_required"", ""legal_status"": ""institutional_confirmation_required"", ""license_status"": ""institutional_confirmation_required"", ""planning_status"": ""institutional_confirmation_required"", ""environmental_status"": ""institutional_confirmation_required"", ""investment_value"": ""institutional_confirmation_required"", ""estimated_cost"": ""institutional_confirmation_required"", ""currency"": ""institutional_confirmation_required"", ""site_area_m2"": ""institutional_confirmation_required"", ""site_area_hectares"": ""institutional_confirmation_required"", ""implementing_entity"": ""institutional_confirmation_required"", ""supervising_entity"": ""institutional_confirmation_required"", ""investor_name"": ""institutional_confirmation_required"", ""operator_name"": ""institutional_confirmation_required"", ""infrastructure_status"": ""institutional_confirmation_required"", ""completion_percentage"": ""institutional_confirmation_required""}",data/incoming/tourism-investment-projects.kml,institutional_confirmation_required,institutional_confirmation_required,institutional_confirmation_required,institutional_confirmation_required,institutional_confirmation_required,institutional_confirmation_required,true,"Missing is not interpreted as negative, unlicensed, private, or stalled."
LY-INV-REV-GHA-00001,Hotel bab al fatah,"{""ownership_type"": ""institutional_confirmation_required"", ""ownership_entity"": ""institutional_confirmation_required"", ""legal_status"": ""institutional_confirmation_required"", ""license_status"": ""institutional_confirmation_required"", ""planning_status"": ""institutional_confirmation_required"", ""environmental_status"": ""institutional_confirmation_required"", ""investment_value"": ""institutional_confirmation_required"", ""estimated_cost"": ""institutional_confirmation_required"", ""currency"": ""institutional_confirmation_required"", ""site_area_m2"": ""institutional_confirmation_required"", ""site_area_hectares"": ""institutional_confirmation_required"", ""implementing_entity"": ""institutional_confirmation_required"", ""supervising_entity"": ""institutional_confirmation_required"", ""investor_name"": ""institutional_confirmation_required"", ""operator_name"": ""institutional_confirmation_required"", ""infrastructure_status"": ""institutional_confirmation_required"", ""completion_percentage"": ""institutional_confirmation_required""}",data/incoming/tourism-investment-projects.kml,institutional_confirmation_required,institutional_confirmation_required,institutional_confirmation_required,institutional_confirmation_required,institutional_confirmation_required,institutional_confirmation_required,true,"Missing is not interpreted as negative, unlicensed, private, or stalled."
LY-INV-HOT-TRI-00004,فندق فكتوريا,"{""ownership_type"": ""institutional_confirmation_required"", ""ownership_entity"": ""institutional_confirmation_required"", ""legal_status"": ""institutional_confirmation_required"", ""license_status"": ""institutional_confirmation_required"", ""planning_status"": ""institutional_confirmation_required"", ""environmental_status"": ""institutional_confirmation_required"", ""investment_value"": ""institutional_confirmation_required"", ""estimated_cost"": ""institutional_confirmation_required"", ""currency"": ""institutional_confirmation_required"", ""site_area_m2"": ""institutional_confirmation_required"", ""site_area_hectares"": ""institutional_confirmation_required"", ""implementing_entity"": ""institutional_confirmation_required"", ""supervising_entity"": ""institutional_confirmation_required"", ""investor_name"": ""institutional_confirmation_required"", ""operator_name"": ""institutional_confirmation_required"", ""infrastructure_status"": ""institutional_confirmation_required"", ""completion_percentage"": ""institutional_confirmation_required""}",data/incoming/tourism-investment-projects.kml,institutional_confirmation_required,institutional_confirmation_required,institutional_confirmation_required,institutional_confirmation_required,institutional_confirmation_required,institutional_confirmation_required,true,"Missing is not interpreted as negative, unlicensed, private, or stalled."
LY-INV-HOT-TRI-00005,فندق الطاووس,"{""ownership_type"": ""institutional_confirmation_required"", ""ownership_entity"": ""institutional_confirmation_required"", ""legal_status"": ""institutional_confirmation_required"", ""license_status"": ""institutional_confirmation_required"", ""planning_status"": ""institutional_confirmation_required"", ""environmental_status"": ""institutional_confirmation_required"", ""investment_value"": ""institutional_confirmation_required"", ""estimated_cost"": ""institutional_confirmation_required"", ""currency"": ""institutional_confirmation_required"", ""site_area_m2"": ""institutional_confirmation_required"", ""site_area_hectares"": ""institutional_confirmation_required"", ""implementing_entity"": ""institutional_confirmation_required"", ""supervising_entity"": ""institutional_confirmation_required"", ""investor_name"": ""institutional_confirmation_required"", ""operator_name"": ""institutional_confirmation_required"", ""infrastructure_status"": ""institutional_confirmation_required"", ""completion_percentage"": ""institutional_confirmation_required""}",data/incoming/tourism-investment-projects.kml,institutional_confirmation_required,institutional_confirmation_required,institutional_confirmation_required,institutional_confirmation_required,institutional_confirmation_required,institutional_confirmation_required,true,"Missing is not interpreted as negative, unlicensed, private, or stalled."
LY-INV-HOT-TRI-00006,فندق المهاري,"{""ownership_type"": ""institutional_confirmation_required"", ""ownership_entity"": ""institutional_confirmation_required"", ""legal_status"": ""institutional_confirmation_required"", ""license_status"": ""institutional_confirmation_required"", ""planning_status"": ""institutional_confirmation_required"", ""environmental_status"": ""institutional_confirmation_required"", ""investment_value"": ""institutional_confirmation_required"", ""estimated_cost"": ""institutional_confirmation_required"", ""currency"": ""institutional_confirmation_required"", ""site_area_m2"": ""institutional_confirmation_required"", ""site_area_hectares"": ""institutional_confirmation_required"", ""implementing_entity"": ""institutional_confirmation_required"", ""supervising_entity"": ""institutional_confirmation_required"", ""investor_name"": ""institutional_confirmation_required"", ""operator_name"": ""institutional_confirmation_required"", ""infrastructure_status"": ""institutional_confirmation_required"", ""completion_percentage"": ""institutional_confirmation_required""}",data/incoming/tourism-investment-projects.kml,institutional_confirmation_required,institutional_confirmation_required,institutional_confirmation_required,institutional_confirmation_required,institutional_confirmation_required,institutional_confirmation_required,true,"Missing is not interpreted as negative, unlicensed, private, or stalled."
LY-INV-HOT-TRI-00007,فندق الودان,"{""ownership_type"": ""institutional_confirmation_required"", ""ownership_entity"": ""institutional_confirmation_required"", ""legal_status"": ""institutional_confirmation_required"", ""license_status"": ""institutional_confirmation_required"", ""planning_status"": ""institutional_confirmation_required"", ""environmental_status"": ""institutional_confirmation_required"", ""investment_value"": ""institutional_confirmation_required"", ""estimated_cost"": ""institutional_confirmation_required"", ""currency"": ""institutional_confirmation_required"", ""site_area_m2"": ""institutional_confirmation_required"", ""site_area_hectares"": ""institutional_confirmation_required"", ""implementing_entity"": ""institutional_confirmation_required"", ""supervising_entity"": ""institutional_confirmation_required"", ""investor_name"": ""institutional_confirmation_required"", ""operator_name"": ""institutional_confirmation_required"", ""infrastructure_status"": ""institutional_confirmation_required"", ""completion_percentage"": ""institutional_confirmation_required""}",data/incoming/tourism-investment-projects.kml,institutional_confirmation_required,institutional_confirmation_required,institutional_confirmation_required,institutional_confirmation_required,institutional_confirmation_required,institutional_confirmation_required,true,"Missing is not interpreted as negative, unlicensed, private, or stalled."
LY-INV-HOT-TRI-00008,فندق بلازما,"{""ownership_type"": ""institutional_confirmation_required"", ""ownership_entity"": ""institutional_confirmation_required"", ""legal_status"": ""institutional_confirmation_required"", ""license_status"": ""institutional_confirmation_required"", ""planning_status"": ""institutional_confirmation_required"", ""environmental_status"": ""institutional_confirmation_required"", ""investment_value"": ""institutional_confirmation_required"", ""estimated_cost"": ""institutional_confirmation_required"", ""currency"": ""institutional_confirmation_required"", ""site_area_m2"": ""institutional_confirmation_required"", ""site_area_hectares"": ""institutional_confirmation_required"", ""implementing_entity"": ""institutional_confirmation_required"", ""supervising_entity"": ""institutional_confirmation_required"", ""investor_name"": ""institutional_confirmation_required"", ""operator_name"": ""institutional_confirmation_required"", ""infrastructure_status"": ""institutional_confirmation_required"", ""completion_percentage"": ""institutional_confirmation_required""}",data/incoming/tourism-investment-projects.kml,institutional_confirmation_required,institutional_confirmation_required,institutional_confirmation_required,institutional_confirmation_required,institutional_confirmation_required,institutional_confirmation_required,true,"Missing is not interpreted as negative, unlicensed, private, or stalled."
LY-INV-HOT-TOB-00002,فندق دار السلام,"{""ownership_type"": ""institutional_confirmation_required"", ""ownership_entity"": ""institutional_confirmation_required"", ""legal_status"": ""institutional_confirmation_required"", ""license_status"": ""institutional_confirmation_required"", ""planning_status"": ""institutional_confirmation_required"", ""environmental_status"": ""institutional_confirmation_required"", ""investment_value"": ""institutional_confirmation_required"", ""estimated_cost"": ""institutional_confirmation_required"", ""currency"": ""institutional_confirmation_required"", ""site_area_m2"": ""institutional_confirmation_required"", ""site_area_hectares"": ""institutional_confirmation_required"", ""implementing_entity"": ""institutional_confirmation_required"", ""supervising_entity"": ""institutional_confirmation_required"", ""investor_name"": ""institutional_confirmation_required"", ""operator_name"": ""institutional_confirmation_required"", ""infrastructure_status"": ""institutional_confirmation_required"", ""completion_percentage"": ""institutional_confirmation_required""}",data/incoming/tourism-investment-projects.kml,institutional_confirmation_required,institutional_confirmation_required,institutional_confirmation_required,institutional_confirmation_required,institutional_confirmation_required,institutional_confirmation_required,true,"Missing is not interpreted as negative, unlicensed, private, or stalled."
LY-INV-HOT-TOB-00003,فندق سان جورج,"{""ownership_type"": ""institutional_confirmation_required"", ""ownership_entity"": ""institutional_confirmation_required"", ""legal_status"": ""institutional_confirmation_required"", ""license_status"": ""institutional_confirmation_required"", ""planning_status"": ""institutional_confirmation_required"", ""environmental_status"": ""institutional_confirmation_required"", ""investment_value"": ""institutional_confirmation_required"", ""estimated_cost"": ""institutional_confirmation_required"", ""currency"": ""institutional_confirmation_required"", ""site_area_m2"": ""institutional_confirmation_required"", ""site_area_hectares"": ""institutional_confirmation_required"", ""implementing_entity"": ""institutional_confirmation_required"", ""supervising_entity"": ""institutional_confirmation_required"", ""investor_name"": ""institutional_confirmation_required"", ""operator_name"": ""institutional_confirmation_required"", ""infrastructure_status"": ""institutional_confirmation_required"", ""completion_percentage"": ""institutional_confirmation_required""}",data/incoming/tourism-investment-projects.kml,institutional_confirmation_required,institutional_confirmation_required,institutional_confirmation_required,institutional_confirmation_required,institutional_confirmation_required,institutional_confirmation_required,true,"Missing is not interpreted as negative, unlicensed, private, or stalled."
LY-INV-HOT-KHO-00002,فندق الحسنين الكبير,"{""ownership_type"": ""institutional_confirmation_required"", ""ownership_entity"": ""institutional_confirmation_required"", ""legal_status"": ""institutional_confirmation_required"", ""license_status"": ""institutional_confirmation_required"", ""planning_status"": ""institutional_confirmation_required"", ""environmental_status"": ""institutional_confirmation_required"", ""investment_value"": ""institutional_confirmation_required"", ""estimated_cost"": ""institutional_confirmation_required"", ""currency"": ""institutional_confirmation_required"", ""site_area_m2"": ""institutional_confirmation_required"", ""site_area_hectares"": ""institutional_confirmation_required"", ""implementing_entity"": ""institutional_confirmation_required"", ""supervising_entity"": ""institutional_confirmation_required"", ""investor_name"": ""institutional_confirmation_required"", ""operator_name"": ""institutional_confirmation_required"", ""infrastructure_status"": ""institutional_confirmation_required"", ""completion_percentage"": ""institutional_confirmation_required""}",data/incoming/tourism-investment-projects.kml,institutional_confirmation_required,institutional_confirmation_required,institutional_confirmation_required,institutional_confirmation_required,institutional_confirmation_required,institutional_confirmation_required,true,"Missing is not interpreted as negative, unlicensed, private, or stalled."
LY-INV-REV-SHA-00001,بيوت الشباب,"{""ownership_type"": ""institutional_confirmation_required"", ""ownership_entity"": ""institutional_confirmation_required"", ""legal_status"": ""institutional_confirmation_required"", ""license_status"": ""institutional_confirmation_required"", ""planning_status"": ""institutional_confirmation_required"", ""environmental_status"": ""institutional_confirmation_required"", ""investment_value"": ""institutional_confirmation_required"", ""estimated_cost"": ""institutional_confirmation_required"", ""currency"": ""institutional_confirmation_required"", ""site_area_m2"": ""institutional_confirmation_required"", ""site_area_hectares"": ""institutional_confirmation_required"", ""implementing_entity"": ""institutional_confirmation_required"", ""supervising_entity"": ""institutional_confirmation_required"", ""investor_name"": ""institutional_confirmation_required"", ""operator_name"": ""institutional_confirmation_required"", ""infrastructure_status"": ""institutional_confirmation_required"", ""completion_percentage"": ""institutional_confirmation_required""}",data/incoming/tourism-investment-projects.kml,institutional_confirmation_required,institutional_confirmation_required,institutional_confirmation_required,institutional_confirmation_required,institutional_confirmation_required,institutional_confirmation_required,true,"Missing is not interpreted as negative, unlicensed, private, or stalled."
LY-INV-HOT-BAY-00004,فندق بلاغراي السياحي ( التلال سابقا ),"{""ownership_type"": ""institutional_confirmation_required"", ""ownership_entity"": ""institutional_confirmation_required"", ""legal_status"": ""institutional_confirmation_required"", ""license_status"": ""institutional_confirmation_required"", ""planning_status"": ""institutional_confirmation_required"", ""environmental_status"": ""institutional_confirmation_required"", ""investment_value"": ""institutional_confirmation_required"", ""estimated_cost"": ""institutional_confirmation_required"", ""currency"": ""institutional_confirmation_required"", ""site_area_m2"": ""institutional_confirmation_required"", ""site_area_hectares"": ""institutional_confirmation_required"", ""implementing_entity"": ""institutional_confirmation_required"", ""supervising_entity"": ""institutional_confirmation_required"", ""investor_name"": ""institutional_confirmation_required"", ""operator_name"": ""institutional_confirmation_required"", ""infrastructure_status"": ""institutional_confirmation_required"", ""completion_percentage"": ""institutional_confirmation_required""}",data/incoming/tourism-investment-projects.kml,institutional_confirmation_required,institutional_confirmation_required,institutional_confirmation_required,institutional_confirmation_required,institutional_confirmation_required,institutional_confirmation_required,true,"Missing is not interpreted as negative, unlicensed, private, or stalled."
LY-INV-RES-DER-00003,منتجع ايميليا,"{""ownership_type"": ""institutional_confirmation_required"", ""ownership_entity"": ""institutional_confirmation_required"", ""legal_status"": ""institutional_confirmation_required"", ""license_status"": ""institutional_confirmation_required"", ""planning_status"": ""institutional_confirmation_required"", ""environmental_status"": ""institutional_confirmation_required"", ""investment_value"": ""institutional_confirmation_required"", ""estimated_cost"": ""institutional_confirmation_required"", ""currency"": ""institutional_confirmation_required"", ""site_area_m2"": ""institutional_confirmation_required"", ""site_area_hectares"": ""institutional_confirmation_required"", ""implementing_entity"": ""institutional_confirmation_required"", ""supervising_entity"": ""institutional_confirmation_required"", ""investor_name"": ""institutional_confirmation_required"", ""operator_name"": ""institutional_confirmation_required"", ""infrastructure_status"": ""institutional_confirmation_required"", ""completion_percentage"": ""institutional_confirmation_required""}",data/incoming/tourism-investment-projects.kml,institutional_confirmation_required,institutional_confirmation_required,institutional_confirmation_required,institutional_confirmation_required,institutional_confirmation_required,institutional_confirmation_required,true,"Missing is not interpreted as negative, unlicensed, private, or stalled."
LY-INV-RES-SHA-00011,منتجع وموتيل الأمان,"{""ownership_type"": ""institutional_confirmation_required"", ""ownership_entity"": ""institutional_confirmation_required"", ""legal_status"": ""institutional_confirmation_required"", ""license_status"": ""institutional_confirmation_required"", ""planning_status"": ""institutional_confirmation_required"", ""environmental_status"": ""institutional_confirmation_required"", ""investment_value"": ""institutional_confirmation_required"", ""estimated_cost"": ""institutional_confirmation_required"", ""currency"": ""institutional_confirmation_required"", ""site_area_m2"": ""institutional_confirmation_required"", ""site_area_hectares"": ""institutional_confirmation_required"", ""implementing_entity"": ""institutional_confirmation_required"", ""supervising_entity"": ""institutional_confirmation_required"", ""investor_name"": ""institutional_confirmation_required"", ""operator_name"": ""institutional_confirmation_required"", ""infrastructure_status"": ""institutional_confirmation_required"", ""completion_percentage"": ""institutional_confirmation_required""}",data/incoming/tourism-investment-projects.kml,institutional_confirmation_required,institutional_confirmation_required,institutional_confirmation_required,institutional_confirmation_required,institutional_confirmation_required,institutional_confirmation_required,true,"Missing is not interpreted as negative, unlicensed, private, or stalled."
LY-INV-REV-GHA-00002,بيوت شباب غدامس,"{""ownership_type"": ""institutional_confirmation_required"", ""ownership_entity"": ""institutional_confirmation_required"", ""legal_status"": ""institutional_confirmation_required"", ""license_status"": ""institutional_confirmation_required"", ""planning_status"": ""institutional_confirmation_required"", ""environmental_status"": ""institutional_confirmation_required"", ""investment_value"": ""institutional_confirmation_required"", ""estimated_cost"": ""institutional_confirmation_required"", ""currency"": ""institutional_confirmation_required"", ""site_area_m2"": ""institutional_confirmation_required"", ""site_area_hectares"": ""institutional_confirmation_required"", ""implementing_entity"": ""institutional_confirmation_required"", ""supervising_entity"": ""institutional_confirmation_required"", ""investor_name"": ""institutional_confirmation_required"", ""operator_name"": ""institutional_confirmation_required"", ""infrastructure_status"": ""institutional_confirmation_required"", ""completion_percentage"": ""institutional_confirmation_required""}",data/incoming/tourism-investment-projects.kml,institutional_confirmation_required,institutional_confirmation_required,institutional_confirmation_required,institutional_confirmation_required,institutional_confirmation_required,institutional_confirmation_required,true,"Missing is not interpreted as negative, unlicensed, private, or stalled."
LY-INV-HOT-GHA-00004,نالوت غدامس فندق باب العز,"{""ownership_type"": ""institutional_confirmation_required"", ""ownership_entity"": ""institutional_confirmation_required"", ""legal_status"": ""institutional_confirmation_required"", ""license_status"": ""institutional_confirmation_required"", ""planning_status"": ""institutional_confirmation_required"", ""environmental_status"": ""institutional_confirmation_required"", ""investment_value"": ""institutional_confirmation_required"", ""estimated_cost"": ""institutional_confirmation_required"", ""currency"": ""institutional_confirmation_required"", ""site_area_m2"": ""institutional_confirmation_required"", ""site_area_hectares"": ""institutional_confirmation_required"", ""implementing_entity"": ""institutional_confirmation_required"", ""supervising_entity"": ""institutional_confirmation_required"", ""investor_name"": ""institutional_confirmation_required"", ""operator_name"": ""institutional_confirmation_required"", ""infrastructure_status"": ""institutional_confirmation_required"", ""completion_percentage"": ""institutional_confirmation_required""}",data/incoming/tourism-investment-projects.kml,institutional_confirmation_required,institutional_confirmation_required,institutional_confirmation_required,institutional_confirmation_required,institutional_confirmation_required,institutional_confirmation_required,true,"Missing is not interpreted as negative, unlicensed, private, or stalled."
LY-INV-HOT-NAT-00006,فندق أبراج الوسطى,"{""ownership_type"": ""institutional_confirmation_required"", ""ownership_entity"": ""institutional_confirmation_required"", ""legal_status"": ""institutional_confirmation_required"", ""license_status"": ""institutional_confirmation_required"", ""planning_status"": ""institutional_confirmation_required"", ""environmental_status"": ""institutional_confirmation_required"", ""investment_value"": ""institutional_confirmation_required"", ""estimated_cost"": ""institutional_confirmation_required"", ""currency"": ""institutional_confirmation_required"", ""site_area_m2"": ""institutional_confirmation_required"", ""site_area_hectares"": ""institutional_confirmation_required"", ""implementing_entity"": ""institutional_confirmation_required"", ""supervising_entity"": ""institutional_confirmation_required"", ""investor_name"": ""institutional_confirmation_required"", ""operator_name"": ""institutional_confirmation_required"", ""infrastructure_status"": ""institutional_confirmation_required"", ""completion_percentage"": ""institutional_confirmation_required""}",data/incoming/tourism-investment-projects.kml,institutional_confirmation_required,institutional_confirmation_required,institutional_confirmation_required,institutional_confirmation_required,institutional_confirmation_required,institutional_confirmation_required,true,"Missing is not interpreted as negative, unlicensed, private, or stalled."
LY-INV-HOT-SEB-00001,فندق طيبة,"{""ownership_type"": ""institutional_confirmation_required"", ""ownership_entity"": ""institutional_confirmation_required"", ""legal_status"": ""institutional_confirmation_required"", ""license_status"": ""institutional_confirmation_required"", ""planning_status"": ""institutional_confirmation_required"", ""environmental_status"": ""institutional_confirmation_required"", ""investment_value"": ""institutional_confirmation_required"", ""estimated_cost"": ""institutional_confirmation_required"", ""currency"": ""institutional_confirmation_required"", ""site_area_m2"": ""institutional_confirmation_required"", ""site_area_hectares"": ""institutional_confirmation_required"", ""implementing_entity"": ""institutional_confirmation_required"", ""supervising_entity"": ""institutional_confirmation_required"", ""investor_name"": ""institutional_confirmation_required"", ""operator_name"": ""institutional_confirmation_required"", ""infrastructure_status"": ""institutional_confirmation_required"", ""completion_percentage"": ""institutional_confirmation_required""}",data/incoming/tourism-investment-projects.kml,institutional_confirmation_required,institutional_confirmation_required,institutional_confirmation_required,institutional_confirmation_required,institutional_confirmation_required,institutional_confirmation_required,true,"Missing is not interpreted as negative, unlicensed, private, or stalled."
LY-INV-HOT-TRI-00009,فندق قصر الفيروز,"{""ownership_type"": ""institutional_confirmation_required"", ""ownership_entity"": ""institutional_confirmation_required"", ""legal_status"": ""institutional_confirmation_required"", ""license_status"": ""institutional_confirmation_required"", ""planning_status"": ""institutional_confirmation_required"", ""environmental_status"": ""institutional_confirmation_required"", ""investment_value"": ""institutional_confirmation_required"", ""estimated_cost"": ""institutional_confirmation_required"", ""currency"": ""institutional_confirmation_required"", ""site_area_m2"": ""institutional_confirmation_required"", ""site_area_hectares"": ""institutional_confirmation_required"", ""implementing_entity"": ""institutional_confirmation_required"", ""supervising_entity"": ""institutional_confirmation_required"", ""investor_name"": ""institutional_confirmation_required"", ""operator_name"": ""institutional_confirmation_required"", ""infrastructure_status"": ""institutional_confirmation_required"", ""completion_percentage"": ""institutional_confirmation_required""}",data/incoming/tourism-investment-projects.kml,institutional_confirmation_required,institutional_confirmation_required,institutional_confirmation_required,institutional_confirmation_required,institutional_confirmation_required,institutional_confirmation_required,true,"Missing is not interpreted as negative, unlicensed, private, or stalled."
LY-INV-HOT-NAT-00007,فندق ابونواس,"{""ownership_type"": ""institutional_confirmation_required"", ""ownership_entity"": ""institutional_confirmation_required"", ""legal_status"": ""institutional_confirmation_required"", ""license_status"": ""institutional_confirmation_required"", ""planning_status"": ""institutional_confirmation_required"", ""environmental_status"": ""institutional_confirmation_required"", ""investment_value"": ""institutional_confirmation_required"", ""estimated_cost"": ""institutional_confirmation_required"", ""currency"": ""institutional_confirmation_required"", ""site_area_m2"": ""institutional_confirmation_required"", ""site_area_hectares"": ""institutional_confirmation_required"", ""implementing_entity"": ""institutional_confirmation_required"", ""supervising_entity"": ""institutional_confirmation_required"", ""investor_name"": ""institutional_confirmation_required"", ""operator_name"": ""institutional_confirmation_required"", ""infrastructure_status"": ""institutional_confirmation_required"", ""completion_percentage"": ""institutional_confirmation_required""}",data/incoming/tourism-investment-projects.kml,institutional_confirmation_required,institutional_confirmation_required,institutional_confirmation_required,institutional_confirmation_required,institutional_confirmation_required,institutional_confirmation_required,true,"Missing is not interpreted as negative, unlicensed, private, or stalled."
LY-INV-HOT-NAT-00008,فندق احواص,"{""ownership_type"": ""institutional_confirmation_required"", ""ownership_entity"": ""institutional_confirmation_required"", ""legal_status"": ""institutional_confirmation_required"", ""license_status"": ""institutional_confirmation_required"", ""planning_status"": ""institutional_confirmation_required"", ""environmental_status"": ""institutional_confirmation_required"", ""investment_value"": ""institutional_confirmation_required"", ""estimated_cost"": ""institutional_confirmation_required"", ""currency"": ""institutional_confirmation_required"", ""site_area_m2"": ""institutional_confirmation_required"", ""site_area_hectares"": ""institutional_confirmation_required"", ""implementing_entity"": ""institutional_confirmation_required"", ""supervising_entity"": ""institutional_confirmation_required"", ""investor_name"": ""institutional_confirmation_required"", ""operator_name"": ""institutional_confirmation_required"", ""infrastructure_status"": ""institutional_confirmation_required"", ""completion_percentage"": ""institutional_confirmation_required""}",data/incoming/tourism-investment-projects.kml,institutional_confirmation_required,institutional_confirmation_required,institutional_confirmation_required,institutional_confirmation_required,institutional_confirmation_required,institutional_confirmation_required,true,"Missing is not interpreted as negative, unlicensed, private, or stalled."
LY-INV-HOT-NAT-00009,فندق الانوار,"{""ownership_type"": ""institutional_confirmation_required"", ""ownership_entity"": ""institutional_confirmation_required"", ""legal_status"": ""institutional_confirmation_required"", ""license_status"": ""institutional_confirmation_required"", ""planning_status"": ""institutional_confirmation_required"", ""environmental_status"": ""institutional_confirmation_required"", ""investment_value"": ""institutional_confirmation_required"", ""estimated_cost"": ""institutional_confirmation_required"", ""currency"": ""institutional_confirmation_required"", ""site_area_m2"": ""institutional_confirmation_required"", ""site_area_hectares"": ""institutional_confirmation_required"", ""implementing_entity"": ""institutional_confirmation_required"", ""supervising_entity"": ""institutional_confirmation_required"", ""investor_name"": ""institutional_confirmation_required"", ""operator_name"": ""institutional_confirmation_required"", ""infrastructure_status"": ""institutional_confirmation_required"", ""completion_percentage"": ""institutional_confirmation_required""}",data/incoming/tourism-investment-projects.kml,institutional_confirmation_required,institutional_confirmation_required,institutional_confirmation_required,institutional_confirmation_required,institutional_confirmation_required,institutional_confirmation_required,true,"Missing is not interpreted as negative, unlicensed, private, or stalled."
LY-INV-HOT-TRI-00010,فندق الأخوة,"{""ownership_type"": ""institutional_confirmation_required"", ""ownership_entity"": ""institutional_confirmation_required"", ""legal_status"": ""institutional_confirmation_required"", ""license_status"": ""institutional_confirmation_required"", ""planning_status"": ""institutional_confirmation_required"", ""environmental_status"": ""institutional_confirmation_required"", ""investment_value"": ""institutional_confirmation_required"", ""estimated_cost"": ""institutional_confirmation_required"", ""currency"": ""institutional_confirmation_required"", ""site_area_m2"": ""institutional_confirmation_required"", ""site_area_hectares"": ""institutional_confirmation_required"", ""implementing_entity"": ""institutional_confirmation_required"", ""supervising_entity"": ""institutional_confirmation_required"", ""investor_name"": ""institutional_confirmation_required"", ""operator_name"": ""institutional_confirmation_required"", ""infrastructure_status"": ""institutional_confirmation_required"", ""completion_percentage"": ""institutional_confirmation_required""}",data/incoming/tourism-investment-projects.kml,institutional_confirmation_required,institutional_confirmation_required,institutional_confirmation_required,institutional_confirmation_required,institutional_confirmation_required,institutional_confirmation_required,true,"Missing is not interpreted as negative, unlicensed, private, or stalled."
LY-INV-HOT-TRI-00011,فندق الأصالة,"{""ownership_type"": ""institutional_confirmation_required"", ""ownership_entity"": ""institutional_confirmation_required"", ""legal_status"": ""institutional_confirmation_required"", ""license_status"": ""institutional_confirmation_required"", ""planning_status"": ""institutional_confirmation_required"", ""environmental_status"": ""institutional_confirmation_required"", ""investment_value"": ""institutional_confirmation_required"", ""estimated_cost"": ""institutional_confirmation_required"", ""currency"": ""institutional_confirmation_required"", ""site_area_m2"": ""institutional_confirmation_required"", ""site_area_hectares"": ""institutional_confirmation_required"", ""implementing_entity"": ""institutional_confirmation_required"", ""supervising_entity"": ""institutional_confirmation_required"", ""investor_name"": ""institutional_confirmation_required"", ""operator_name"": ""institutional_confirmation_required"", ""infrastructure_status"": ""institutional_confirmation_required"", ""completion_percentage"": ""institutional_confirmation_required""}",data/incoming/tourism-investment-projects.kml,institutional_confirmation_required,institutional_confirmation_required,institutional_confirmation_required,institutional_confirmation_required,institutional_confirmation_required,institutional_confirmation_required,true,"Missing is not interpreted as negative, unlicensed, private, or stalled."
LY-INV-HOT-NAT-00010,فندق الأصيل,"{""ownership_type"": ""institutional_confirmation_required"", ""ownership_entity"": ""institutional_confirmation_required"", ""legal_status"": ""institutional_confirmation_required"", ""license_status"": ""institutional_confirmation_required"", ""planning_status"": ""institutional_confirmation_required"", ""environmental_status"": ""institutional_confirmation_required"", ""investment_value"": ""institutional_confirmation_required"", ""estimated_cost"": ""institutional_confirmation_required"", ""currency"": ""institutional_confirmation_required"", ""site_area_m2"": ""institutional_confirmation_required"", ""site_area_hectares"": ""institutional_confirmation_required"", ""implementing_entity"": ""institutional_confirmation_required"", ""supervising_entity"": ""institutional_confirmation_required"", ""investor_name"": ""institutional_confirmation_required"", ""operator_name"": ""institutional_confirmation_required"", ""infrastructure_status"": ""institutional_confirmation_required"", ""completion_percentage"": ""institutional_confirmation_required""}",data/incoming/tourism-investment-projects.kml,institutional_confirmation_required,institutional_confirmation_required,institutional_confirmation_required,institutional_confirmation_required,institutional_confirmation_required,institutional_confirmation_required,true,"Missing is not interpreted as negative, unlicensed, private, or stalled."
LY-INV-HOT-NAT-00011,فندق الأندلس,"{""ownership_type"": ""institutional_confirmation_required"", ""ownership_entity"": ""institutional_confirmation_required"", ""legal_status"": ""institutional_confirmation_required"", ""license_status"": ""institutional_confirmation_required"", ""planning_status"": ""institutional_confirmation_required"", ""environmental_status"": ""institutional_confirmation_required"", ""investment_value"": ""institutional_confirmation_required"", ""estimated_cost"": ""institutional_confirmation_required"", ""currency"": ""institutional_confirmation_required"", ""site_area_m2"": ""institutional_confirmation_required"", ""site_area_hectares"": ""institutional_confirmation_required"", ""implementing_entity"": ""institutional_confirmation_required"", ""supervising_entity"": ""institutional_confirmation_required"", ""investor_name"": ""institutional_confirmation_required"", ""operator_name"": ""institutional_confirmation_required"", ""infrastructure_status"": ""institutional_confirmation_required"", ""completion_percentage"": ""institutional_confirmation_required""}",data/incoming/tourism-investment-projects.kml,institutional_confirmation_required,institutional_confirmation_required,institutional_confirmation_required,institutional_confirmation_required,institutional_confirmation_required,institutional_confirmation_required,true,"Missing is not interpreted as negative, unlicensed, private, or stalled."
LY-INV-HOT-MIS-00002,فندق البركة,"{""ownership_type"": ""institutional_confirmation_required"", ""ownership_entity"": ""institutional_confirmation_required"", ""legal_status"": ""institutional_confirmation_required"", ""license_status"": ""institutional_confirmation_required"", ""planning_status"": ""institutional_confirmation_required"", ""environmental_status"": ""institutional_confirmation_required"", ""investment_value"": ""institutional_confirmation_required"", ""estimated_cost"": ""institutional_confirmation_required"", ""currency"": ""institutional_confirmation_required"", ""site_area_m2"": ""institutional_confirmation_required"", ""site_area_hectares"": ""institutional_confirmation_required"", ""implementing_entity"": ""institutional_confirmation_required"", ""supervising_entity"": ""institutional_confirmation_required"", ""investor_name"": ""institutional_confirmation_required"", ""operator_name"": ""institutional_confirmation_required"", ""infrastructure_status"": ""institutional_confirmation_required"", ""completion_percentage"": ""institutional_confirmation_required""}",data/incoming/tourism-investment-projects.kml,institutional_confirmation_required,institutional_confirmation_required,institutional_confirmation_required,institutional_confirmation_required,institutional_confirmation_required,institutional_confirmation_required,true,"Missing is not interpreted as negative, unlicensed, private, or stalled."
LY-INV-HOT-NAT-00012,فندق البستان,"{""ownership_type"": ""institutional_confirmation_required"", ""ownership_entity"": ""institutional_confirmation_required"", ""legal_status"": ""institutional_confirmation_required"", ""license_status"": ""institutional_confirmation_required"", ""planning_status"": ""institutional_confirmation_required"", ""environmental_status"": ""institutional_confirmation_required"", ""investment_value"": ""institutional_confirmation_required"", ""estimated_cost"": ""institutional_confirmation_required"", ""currency"": ""institutional_confirmation_required"", ""site_area_m2"": ""institutional_confirmation_required"", ""site_area_hectares"": ""institutional_confirmation_required"", ""implementing_entity"": ""institutional_confirmation_required"", ""supervising_entity"": ""institutional_confirmation_required"", ""investor_name"": ""institutional_confirmation_required"", ""operator_name"": ""institutional_confirmation_required"", ""infrastructure_status"": ""institutional_confirmation_required"", ""completion_percentage"": ""institutional_confirmation_required""}",data/incoming/tourism-investment-projects.kml,institutional_confirmation_required,institutional_confirmation_required,institutional_confirmation_required,institutional_confirmation_required,institutional_confirmation_required,institutional_confirmation_required,true,"Missing is not interpreted as negative, unlicensed, private, or stalled."
LY-INV-HOT-MIS-00003,التاج للشقق الفندقية,"{""ownership_type"": ""institutional_confirmation_required"", ""ownership_entity"": ""institutional_confirmation_required"", ""legal_status"": ""institutional_confirmation_required"", ""license_status"": ""institutional_confirmation_required"", ""planning_status"": ""institutional_confirmation_required"", ""environmental_status"": ""institutional_confirmation_required"", ""investment_value"": ""institutional_confirmation_required"", ""estimated_cost"": ""institutional_confirmation_required"", ""currency"": ""institutional_confirmation_required"", ""site_area_m2"": ""institutional_confirmation_required"", ""site_area_hectares"": ""institutional_confirmation_required"", ""implementing_entity"": ""institutional_confirmation_required"", ""supervising_entity"": ""institutional_confirmation_required"", ""investor_name"": ""institutional_confirmation_required"", ""operator_name"": ""institutional_confirmation_required"", ""infrastructure_status"": ""institutional_confirmation_required"", ""completion_percentage"": ""institutional_confirmation_required""}",data/incoming/tourism-investment-projects.kml,institutional_confirmation_required,institutional_confirmation_required,institutional_confirmation_required,institutional_confirmation_required,institutional_confirmation_required,institutional_confirmation_required,true,"Missing is not interpreted as negative, unlicensed, private, or stalled."
LY-INV-HOT-NAT-00013,فندق التاجوري,"{""ownership_type"": ""institutional_confirmation_required"", ""ownership_entity"": ""institutional_confirmation_required"", ""legal_status"": ""institutional_confirmation_required"", ""license_status"": ""institutional_confirmation_required"", ""planning_status"": ""institutional_confirmation_required"", ""environmental_status"": ""institutional_confirmation_required"", ""investment_value"": ""institutional_confirmation_required"", ""estimated_cost"": ""institutional_confirmation_required"", ""currency"": ""institutional_confirmation_required"", ""site_area_m2"": ""institutional_confirmation_required"", ""site_area_hectares"": ""institutional_confirmation_required"", ""implementing_entity"": ""institutional_confirmation_required"", ""supervising_entity"": ""institutional_confirmation_required"", ""investor_name"": ""institutional_confirmation_required"", ""operator_name"": ""institutional_confirmation_required"", ""infrastructure_status"": ""institutional_confirmation_required"", ""completion_percentage"": ""institutional_confirmation_required""}",data/incoming/tourism-investment-projects.kml,institutional_confirmation_required,institutional_confirmation_required,institutional_confirmation_required,institutional_confirmation_required,institutional_confirmation_required,institutional_confirmation_required,true,"Missing is not interpreted as negative, unlicensed, private, or stalled."
LY-INV-HOT-NAT-00014,فندق الجبل,"{""ownership_type"": ""institutional_confirmation_required"", ""ownership_entity"": ""institutional_confirmation_required"", ""legal_status"": ""institutional_confirmation_required"", ""license_status"": ""institutional_confirmation_required"", ""planning_status"": ""institutional_confirmation_required"", ""environmental_status"": ""institutional_confirmation_required"", ""investment_value"": ""institutional_confirmation_required"", ""estimated_cost"": ""institutional_confirmation_required"", ""currency"": ""institutional_confirmation_required"", ""site_area_m2"": ""institutional_confirmation_required"", ""site_area_hectares"": ""institutional_confirmation_required"", ""implementing_entity"": ""institutional_confirmation_required"", ""supervising_entity"": ""institutional_confirmation_required"", ""investor_name"": ""institutional_confirmation_required"", ""operator_name"": ""institutional_confirmation_required"", ""infrastructure_status"": ""institutional_confirmation_required"", ""completion_percentage"": ""institutional_confirmation_required""}",data/incoming/tourism-investment-projects.kml,institutional_confirmation_required,institutional_confirmation_required,institutional_confirmation_required,institutional_confirmation_required,institutional_confirmation_required,institutional_confirmation_required,true,"Missing is not interpreted as negative, unlicensed, private, or stalled."
LY-INV-HOT-SAB-00002,فندق جوهرة صبراتة السياحي,"{""ownership_type"": ""institutional_confirmation_required"", ""ownership_entity"": ""institutional_confirmation_required"", ""legal_status"": ""institutional_confirmation_required"", ""license_status"": ""institutional_confirmation_required"", ""planning_status"": ""institutional_confirmation_required"", ""environmental_status"": ""institutional_confirmation_required"", ""investment_value"": ""institutional_confirmation_required"", ""estimated_cost"": ""institutional_confirmation_required"", ""currency"": ""institutional_confirmation_required"", ""site_area_m2"": ""institutional_confirmation_required"", ""site_area_hectares"": ""institutional_confirmation_required"", ""implementing_entity"": ""institutional_confirmation_required"", ""supervising_entity"": ""institutional_confirmation_required"", ""investor_name"": ""institutional_confirmation_required"", ""operator_name"": ""institutional_confirmation_required"", ""infrastructure_status"": ""institutional_confirmation_required"", ""completion_percentage"": ""institutional_confirmation_required""}",data/incoming/tourism-investment-projects.kml,institutional_confirmation_required,institutional_confirmation_required,institutional_confirmation_required,institutional_confirmation_required,institutional_confirmation_required,institutional_confirmation_required,true,"Missing is not interpreted as negative, unlicensed, private, or stalled."
LY-INV-HOT-NAT-00015,فندق الجوهرة الزاوية,"{""ownership_type"": ""institutional_confirmation_required"", ""ownership_entity"": ""institutional_confirmation_required"", ""legal_status"": ""institutional_confirmation_required"", ""license_status"": ""institutional_confirmation_required"", ""planning_status"": ""institutional_confirmation_required"", ""environmental_status"": ""institutional_confirmation_required"", ""investment_value"": ""institutional_confirmation_required"", ""estimated_cost"": ""institutional_confirmation_required"", ""currency"": ""institutional_confirmation_required"", ""site_area_m2"": ""institutional_confirmation_required"", ""site_area_hectares"": ""institutional_confirmation_required"", ""implementing_entity"": ""institutional_confirmation_required"", ""supervising_entity"": ""institutional_confirmation_required"", ""investor_name"": ""institutional_confirmation_required"", ""operator_name"": ""institutional_confirmation_required"", ""infrastructure_status"": ""institutional_confirmation_required"", ""completion_percentage"": ""institutional_confirmation_required""}",data/incoming/tourism-investment-projects.kml,institutional_confirmation_required,institutional_confirmation_required,institutional_confirmation_required,institutional_confirmation_required,institutional_confirmation_required,institutional_confirmation_required,true,"Missing is not interpreted as negative, unlicensed, private, or stalled."
LY-INV-HOT-NAT-00016,فندق الحديقة,"{""ownership_type"": ""institutional_confirmation_required"", ""ownership_entity"": ""institutional_confirmation_required"", ""legal_status"": ""institutional_confirmation_required"", ""license_status"": ""institutional_confirmation_required"", ""planning_status"": ""institutional_confirmation_required"", ""environmental_status"": ""institutional_confirmation_required"", ""investment_value"": ""institutional_confirmation_required"", ""estimated_cost"": ""institutional_confirmation_required"", ""currency"": ""institutional_confirmation_required"", ""site_area_m2"": ""institutional_confirmation_required"", ""site_area_hectares"": ""institutional_confirmation_required"", ""implementing_entity"": ""institutional_confirmation_required"", ""supervising_entity"": ""institutional_confirmation_required"", ""investor_name"": ""institutional_confirmation_required"", ""operator_name"": ""institutional_confirmation_required"", ""infrastructure_status"": ""institutional_confirmation_required"", ""completion_percentage"": ""institutional_confirmation_required""}",data/incoming/tourism-investment-projects.kml,institutional_confirmation_required,institutional_confirmation_required,institutional_confirmation_required,institutional_confirmation_required,institutional_confirmation_required,institutional_confirmation_required,true,"Missing is not interpreted as negative, unlicensed, private, or stalled."
LY-INV-HOT-NAT-00017,فندق الحمام السياحي,"{""ownership_type"": ""institutional_confirmation_required"", ""ownership_entity"": ""institutional_confirmation_required"", ""legal_status"": ""institutional_confirmation_required"", ""license_status"": ""institutional_confirmation_required"", ""planning_status"": ""institutional_confirmation_required"", ""environmental_status"": ""institutional_confirmation_required"", ""investment_value"": ""institutional_confirmation_required"", ""estimated_cost"": ""institutional_confirmation_required"", ""currency"": ""institutional_confirmation_required"", ""site_area_m2"": ""institutional_confirmation_required"", ""site_area_hectares"": ""institutional_confirmation_required"", ""implementing_entity"": ""institutional_confirmation_required"", ""supervising_entity"": ""institutional_confirmation_required"", ""investor_name"": ""institutional_confirmation_required"", ""operator_name"": ""institutional_confirmation_required"", ""infrastructure_status"": ""institutional_confirmation_required"", ""completion_percentage"": ""institutional_confirmation_required""}",data/incoming/tourism-investment-projects.kml,institutional_confirmation_required,institutional_confirmation_required,institutional_confirmation_required,institutional_confirmation_required,institutional_confirmation_required,institutional_confirmation_required,true,"Missing is not interpreted as negative, unlicensed, private, or stalled."
LY-INV-HOT-NAT-00018,فندق الحياة,"{""ownership_type"": ""institutional_confirmation_required"", ""ownership_entity"": ""institutional_confirmation_required"", ""legal_status"": ""institutional_confirmation_required"", ""license_status"": ""institutional_confirmation_required"", ""planning_status"": ""institutional_confirmation_required"", ""environmental_status"": ""institutional_confirmation_required"", ""investment_value"": ""institutional_confirmation_required"", ""estimated_cost"": ""institutional_confirmation_required"", ""currency"": ""institutional_confirmation_required"", ""site_area_m2"": ""institutional_confirmation_required"", ""site_area_hectares"": ""institutional_confirmation_required"", ""implementing_entity"": ""institutional_confirmation_required"", ""supervising_entity"": ""institutional_confirmation_required"", ""investor_name"": ""institutional_confirmation_required"", ""operator_name"": ""institutional_confirmation_required"", ""infrastructure_status"": ""institutional_confirmation_required"", ""completion_percentage"": ""institutional_confirmation_required""}",data/incoming/tourism-investment-projects.kml,institutional_confirmation_required,institutional_confirmation_required,institutional_confirmation_required,institutional_confirmation_required,institutional_confirmation_required,institutional_confirmation_required,true,"Missing is not interpreted as negative, unlicensed, private, or stalled."
LY-INV-HOT-TRI-00012,فندق الخان الطرابلسي,"{""ownership_type"": ""institutional_confirmation_required"", ""ownership_entity"": ""institutional_confirmation_required"", ""legal_status"": ""institutional_confirmation_required"", ""license_status"": ""institutional_confirmation_required"", ""planning_status"": ""institutional_confirmation_required"", ""environmental_status"": ""institutional_confirmation_required"", ""investment_value"": ""institutional_confirmation_required"", ""estimated_cost"": ""institutional_confirmation_required"", ""currency"": ""institutional_confirmation_required"", ""site_area_m2"": ""institutional_confirmation_required"", ""site_area_hectares"": ""institutional_confirmation_required"", ""implementing_entity"": ""institutional_confirmation_required"", ""supervising_entity"": ""institutional_confirmation_required"", ""investor_name"": ""institutional_confirmation_required"", ""operator_name"": ""institutional_confirmation_required"", ""infrastructure_status"": ""institutional_confirmation_required"", ""completion_percentage"": ""institutional_confirmation_required""}",data/incoming/tourism-investment-projects.kml,institutional_confirmation_required,institutional_confirmation_required,institutional_confirmation_required,institutional_confirmation_required,institutional_confirmation_required,institutional_confirmation_required,true,"Missing is not interpreted as negative, unlicensed, private, or stalled."
LY-INV-HOT-NAT-00019,فندق الخليج,"{""ownership_type"": ""institutional_confirmation_required"", ""ownership_entity"": ""institutional_confirmation_required"", ""legal_status"": ""institutional_confirmation_required"", ""license_status"": ""institutional_confirmation_required"", ""planning_status"": ""institutional_confirmation_required"", ""environmental_status"": ""institutional_confirmation_required"", ""investment_value"": ""institutional_confirmation_required"", ""estimated_cost"": ""institutional_confirmation_required"", ""currency"": ""institutional_confirmation_required"", ""site_area_m2"": ""institutional_confirmation_required"", ""site_area_hectares"": ""institutional_confirmation_required"", ""implementing_entity"": ""institutional_confirmation_required"", ""supervising_entity"": ""institutional_confirmation_required"", ""investor_name"": ""institutional_confirmation_required"", ""operator_name"": ""institutional_confirmation_required"", ""infrastructure_status"": ""institutional_confirmation_required"", ""completion_percentage"": ""institutional_confirmation_required""}",data/incoming/tourism-investment-projects.kml,institutional_confirmation_required,institutional_confirmation_required,institutional_confirmation_required,institutional_confirmation_required,institutional_confirmation_required,institutional_confirmation_required,true,"Missing is not interpreted as negative, unlicensed, private, or stalled."
LY-INV-HOT-NAT-00020,فندق الخليل السياحي,"{""ownership_type"": ""institutional_confirmation_required"", ""ownership_entity"": ""institutional_confirmation_required"", ""legal_status"": ""institutional_confirmation_required"", ""license_status"": ""institutional_confirmation_required"", ""planning_status"": ""institutional_confirmation_required"", ""environmental_status"": ""institutional_confirmation_required"", ""investment_value"": ""institutional_confirmation_required"", ""estimated_cost"": ""institutional_confirmation_required"", ""currency"": ""institutional_confirmation_required"", ""site_area_m2"": ""institutional_confirmation_required"", ""site_area_hectares"": ""institutional_confirmation_required"", ""implementing_entity"": ""institutional_confirmation_required"", ""supervising_entity"": ""institutional_confirmation_required"", ""investor_name"": ""institutional_confirmation_required"", ""operator_name"": ""institutional_confirmation_required"", ""infrastructure_status"": ""institutional_confirmation_required"", ""completion_percentage"": ""institutional_confirmation_required""}",data/incoming/tourism-investment-projects.kml,institutional_confirmation_required,institutional_confirmation_required,institutional_confirmation_required,institutional_confirmation_required,institutional_confirmation_required,institutional_confirmation_required,true,"Missing is not interpreted as negative, unlicensed, private, or stalled."
LY-INV-HOT-TRI-00013,فندق الدبلوماسي,"{""ownership_type"": ""institutional_confirmation_required"", ""ownership_entity"": ""institutional_confirmation_required"", ""legal_status"": ""institutional_confirmation_required"", ""license_status"": ""institutional_confirmation_required"", ""planning_status"": ""institutional_confirmation_required"", ""environmental_status"": ""institutional_confirmation_required"", ""investment_value"": ""institutional_confirmation_required"", ""estimated_cost"": ""institutional_confirmation_required"", ""currency"": ""institutional_confirmation_required"", ""site_area_m2"": ""institutional_confirmation_required"", ""site_area_hectares"": ""institutional_confirmation_required"", ""implementing_entity"": ""institutional_confirmation_required"", ""supervising_entity"": ""institutional_confirmation_required"", ""investor_name"": ""institutional_confirmation_required"", ""operator_name"": ""institutional_confirmation_required"", ""infrastructure_status"": ""institutional_confirmation_required"", ""completion_percentage"": ""institutional_confirmation_required""}",data/incoming/tourism-investment-projects.kml,institutional_confirmation_required,institutional_confirmation_required,institutional_confirmation_required,institutional_confirmation_required,institutional_confirmation_required,institutional_confirmation_required,true,"Missing is not interpreted as negative, unlicensed, private, or stalled."
LY-INV-HOT-NAT-00021,فندق الدوحة,"{""ownership_type"": ""institutional_confirmation_required"", ""ownership_entity"": ""institutional_confirmation_required"", ""legal_status"": ""institutional_confirmation_required"", ""license_status"": ""institutional_confirmation_required"", ""planning_status"": ""institutional_confirmation_required"", ""environmental_status"": ""institutional_confirmation_required"", ""investment_value"": ""institutional_confirmation_required"", ""estimated_cost"": ""institutional_confirmation_required"", ""currency"": ""institutional_confirmation_required"", ""site_area_m2"": ""institutional_confirmation_required"", ""site_area_hectares"": ""institutional_confirmation_required"", ""implementing_entity"": ""institutional_confirmation_required"", ""supervising_entity"": ""institutional_confirmation_required"", ""investor_name"": ""institutional_confirmation_required"", ""operator_name"": ""institutional_confirmation_required"", ""infrastructure_status"": ""institutional_confirmation_required"", ""completion_percentage"": ""institutional_confirmation_required""}",data/incoming/tourism-investment-projects.kml,institutional_confirmation_required,institutional_confirmation_required,institutional_confirmation_required,institutional_confirmation_required,institutional_confirmation_required,institutional_confirmation_required,true,"Missing is not interpreted as negative, unlicensed, private, or stalled."
LY-INV-HOT-NAT-00022,فندق الديار,"{""ownership_type"": ""institutional_confirmation_required"", ""ownership_entity"": ""institutional_confirmation_required"", ""legal_status"": ""institutional_confirmation_required"", ""license_status"": ""institutional_confirmation_required"", ""planning_status"": ""institutional_confirmation_required"", ""environmental_status"": ""institutional_confirmation_required"", ""investment_value"": ""institutional_confirmation_required"", ""estimated_cost"": ""institutional_confirmation_required"", ""currency"": ""institutional_confirmation_required"", ""site_area_m2"": ""institutional_confirmation_required"", ""site_area_hectares"": ""institutional_confirmation_required"", ""implementing_entity"": ""institutional_confirmation_required"", ""supervising_entity"": ""institutional_confirmation_required"", ""investor_name"": ""institutional_confirmation_required"", ""operator_name"": ""institutional_confirmation_required"", ""infrastructure_status"": ""institutional_confirmation_required"", ""completion_percentage"": ""institutional_confirmation_required""}",data/incoming/tourism-investment-projects.kml,institutional_confirmation_required,institutional_confirmation_required,institutional_confirmation_required,institutional_confirmation_required,institutional_confirmation_required,institutional_confirmation_required,true,"Missing is not interpreted as negative, unlicensed, private, or stalled."
LY-INV-HOT-NAT-00023,فندق الرابطة,"{""ownership_type"": ""institutional_confirmation_required"", ""ownership_entity"": ""institutional_confirmation_required"", ""legal_status"": ""institutional_confirmation_required"", ""license_status"": ""institutional_confirmation_required"", ""planning_status"": ""institutional_confirmation_required"", ""environmental_status"": ""institutional_confirmation_required"", ""investment_value"": ""institutional_confirmation_required"", ""estimated_cost"": ""institutional_confirmation_required"", ""currency"": ""institutional_confirmation_required"", ""site_area_m2"": ""institutional_confirmation_required"", ""site_area_hectares"": ""institutional_confirmation_required"", ""implementing_entity"": ""institutional_confirmation_required"", ""supervising_entity"": ""institutional_confirmation_required"", ""investor_name"": ""institutional_confirmation_required"", ""operator_name"": ""institutional_confirmation_required"", ""infrastructure_status"": ""institutional_confirmation_required"", ""completion_percentage"": ""institutional_confirmation_required""}",data/incoming/tourism-investment-projects.kml,institutional_confirmation_required,institutional_confirmation_required,institutional_confirmation_required,institutional_confirmation_required,institutional_confirmation_required,institutional_confirmation_required,true,"Missing is not interpreted as negative, unlicensed, private, or stalled."
LY-INV-HOT-NAT-00024,فندق الرفيع,"{""ownership_type"": ""institutional_confirmation_required"", ""ownership_entity"": ""institutional_confirmation_required"", ""legal_status"": ""institutional_confirmation_required"", ""license_status"": ""institutional_confirmation_required"", ""planning_status"": ""institutional_confirmation_required"", ""environmental_status"": ""institutional_confirmation_required"", ""investment_value"": ""institutional_confirmation_required"", ""estimated_cost"": ""institutional_confirmation_required"", ""currency"": ""institutional_confirmation_required"", ""site_area_m2"": ""institutional_confirmation_required"", ""site_area_hectares"": ""institutional_confirmation_required"", ""implementing_entity"": ""institutional_confirmation_required"", ""supervising_entity"": ""institutional_confirmation_required"", ""investor_name"": ""institutional_confirmation_required"", ""operator_name"": ""institutional_confirmation_required"", ""infrastructure_status"": ""institutional_confirmation_required"", ""completion_percentage"": ""institutional_confirmation_required""}",data/incoming/tourism-investment-projects.kml,institutional_confirmation_required,institutional_confirmation_required,institutional_confirmation_required,institutional_confirmation_required,institutional_confirmation_required,institutional_confirmation_required,true,"Missing is not interpreted as negative, unlicensed, private, or stalled."
LY-INV-HOT-TRI-00014,فندق الريان,"{""ownership_type"": ""institutional_confirmation_required"", ""ownership_entity"": ""institutional_confirmation_required"", ""legal_status"": ""institutional_confirmation_required"", ""license_status"": ""institutional_confirmation_required"", ""planning_status"": ""institutional_confirmation_required"", ""environmental_status"": ""institutional_confirmation_required"", ""investment_value"": ""institutional_confirmation_required"", ""estimated_cost"": ""institutional_confirmation_required"", ""currency"": ""institutional_confirmation_required"", ""site_area_m2"": ""institutional_confirmation_required"", ""site_area_hectares"": ""institutional_confirmation_required"", ""implementing_entity"": ""institutional_confirmation_required"", ""supervising_entity"": ""institutional_confirmation_required"", ""investor_name"": ""institutional_confirmation_required"", ""operator_name"": ""institutional_confirmation_required"", ""infrastructure_status"": ""institutional_confirmation_required"", ""completion_percentage"": ""institutional_confirmation_required""}",data/incoming/tourism-investment-projects.kml,institutional_confirmation_required,institutional_confirmation_required,institutional_confirmation_required,institutional_confirmation_required,institutional_confirmation_required,institutional_confirmation_required,true,"Missing is not interpreted as negative, unlicensed, private, or stalled."
LY-INV-HOT-NAT-00025,فندق الزهر,"{""ownership_type"": ""institutional_confirmation_required"", ""ownership_entity"": ""institutional_confirmation_required"", ""legal_status"": ""institutional_confirmation_required"", ""license_status"": ""institutional_confirmation_required"", ""planning_status"": ""institutional_confirmation_required"", ""environmental_status"": ""institutional_confirmation_required"", ""investment_value"": ""institutional_confirmation_required"", ""estimated_cost"": ""institutional_confirmation_required"", ""currency"": ""institutional_confirmation_required"", ""site_area_m2"": ""institutional_confirmation_required"", ""site_area_hectares"": ""institutional_confirmation_required"", ""implementing_entity"": ""institutional_confirmation_required"", ""supervising_entity"": ""institutional_confirmation_required"", ""investor_name"": ""institutional_confirmation_required"", ""operator_name"": ""institutional_confirmation_required"", ""infrastructure_status"": ""institutional_confirmation_required"", ""completion_percentage"": ""institutional_confirmation_required""}",data/incoming/tourism-investment-projects.kml,institutional_confirmation_required,institutional_confirmation_required,institutional_confirmation_required,institutional_confirmation_required,institutional_confirmation_required,institutional_confirmation_required,true,"Missing is not interpreted as negative, unlicensed, private, or stalled."
LY-INV-HOT-NAT-00026,فندق الزيتونة,"{""ownership_type"": ""institutional_confirmation_required"", ""ownership_entity"": ""institutional_confirmation_required"", ""legal_status"": ""institutional_confirmation_required"", ""license_status"": ""institutional_confirmation_required"", ""planning_status"": ""institutional_confirmation_required"", ""environmental_status"": ""institutional_confirmation_required"", ""investment_value"": ""institutional_confirmation_required"", ""estimated_cost"": ""institutional_confirmation_required"", ""currency"": ""institutional_confirmation_required"", ""site_area_m2"": ""institutional_confirmation_required"", ""site_area_hectares"": ""institutional_confirmation_required"", ""implementing_entity"": ""institutional_confirmation_required"", ""supervising_entity"": ""institutional_confirmation_required"", ""investor_name"": ""institutional_confirmation_required"", ""operator_name"": ""institutional_confirmation_required"", ""infrastructure_status"": ""institutional_confirmation_required"", ""completion_percentage"": ""institutional_confirmation_required""}",data/incoming/tourism-investment-projects.kml,institutional_confirmation_required,institutional_confirmation_required,institutional_confirmation_required,institutional_confirmation_required,institutional_confirmation_required,institutional_confirmation_required,true,"Missing is not interpreted as negative, unlicensed, private, or stalled."
LY-INV-HOT-NAT-00027,فندق السرايا,"{""ownership_type"": ""institutional_confirmation_required"", ""ownership_entity"": ""institutional_confirmation_required"", ""legal_status"": ""institutional_confirmation_required"", ""license_status"": ""institutional_confirmation_required"", ""planning_status"": ""institutional_confirmation_required"", ""environmental_status"": ""institutional_confirmation_required"", ""investment_value"": ""institutional_confirmation_required"", ""estimated_cost"": ""institutional_confirmation_required"", ""currency"": ""institutional_confirmation_required"", ""site_area_m2"": ""institutional_confirmation_required"", ""site_area_hectares"": ""institutional_confirmation_required"", ""implementing_entity"": ""institutional_confirmation_required"", ""supervising_entity"": ""institutional_confirmation_required"", ""investor_name"": ""institutional_confirmation_required"", ""operator_name"": ""institutional_confirmation_required"", ""infrastructure_status"": ""institutional_confirmation_required"", ""completion_percentage"": ""institutional_confirmation_required""}",data/incoming/tourism-investment-projects.kml,institutional_confirmation_required,institutional_confirmation_required,institutional_confirmation_required,institutional_confirmation_required,institutional_confirmation_required,institutional_confirmation_required,true,"Missing is not interpreted as negative, unlicensed, private, or stalled."
LY-INV-HOT-ZUW-00002,فندق زوارة,"{""ownership_type"": ""institutional_confirmation_required"", ""ownership_entity"": ""institutional_confirmation_required"", ""legal_status"": ""institutional_confirmation_required"", ""license_status"": ""institutional_confirmation_required"", ""planning_status"": ""institutional_confirmation_required"", ""environmental_status"": ""institutional_confirmation_required"", ""investment_value"": ""institutional_confirmation_required"", ""estimated_cost"": ""institutional_confirmation_required"", ""currency"": ""institutional_confirmation_required"", ""site_area_m2"": ""institutional_confirmation_required"", ""site_area_hectares"": ""institutional_confirmation_required"", ""implementing_entity"": ""institutional_confirmation_required"", ""supervising_entity"": ""institutional_confirmation_required"", ""investor_name"": ""institutional_confirmation_required"", ""operator_name"": ""institutional_confirmation_required"", ""infrastructure_status"": ""institutional_confirmation_required"", ""completion_percentage"": ""institutional_confirmation_required""}",data/incoming/tourism-investment-projects.kml,institutional_confirmation_required,institutional_confirmation_required,institutional_confirmation_required,institutional_confirmation_required,institutional_confirmation_required,institutional_confirmation_required,true,"Missing is not interpreted as negative, unlicensed, private, or stalled."
LY-INV-HOT-TRI-00015,فندق السندباد,"{""ownership_type"": ""institutional_confirmation_required"", ""ownership_entity"": ""institutional_confirmation_required"", ""legal_status"": ""institutional_confirmation_required"", ""license_status"": ""institutional_confirmation_required"", ""planning_status"": ""institutional_confirmation_required"", ""environmental_status"": ""institutional_confirmation_required"", ""investment_value"": ""institutional_confirmation_required"", ""estimated_cost"": ""institutional_confirmation_required"", ""currency"": ""institutional_confirmation_required"", ""site_area_m2"": ""institutional_confirmation_required"", ""site_area_hectares"": ""institutional_confirmation_required"", ""implementing_entity"": ""institutional_confirmation_required"", ""supervising_entity"": ""institutional_confirmation_required"", ""investor_name"": ""institutional_confirmation_required"", ""operator_name"": ""institutional_confirmation_required"", ""infrastructure_status"": ""institutional_confirmation_required"", ""completion_percentage"": ""institutional_confirmation_required""}",data/incoming/tourism-investment-projects.kml,institutional_confirmation_required,institutional_confirmation_required,institutional_confirmation_required,institutional_confirmation_required,institutional_confirmation_required,institutional_confirmation_required,true,"Missing is not interpreted as negative, unlicensed, private, or stalled."
LY-INV-HOT-NAT-00028,فندق السهم,"{""ownership_type"": ""institutional_confirmation_required"", ""ownership_entity"": ""institutional_confirmation_required"", ""legal_status"": ""institutional_confirmation_required"", ""license_status"": ""institutional_confirmation_required"", ""planning_status"": ""institutional_confirmation_required"", ""environmental_status"": ""institutional_confirmation_required"", ""investment_value"": ""institutional_confirmation_required"", ""estimated_cost"": ""institutional_confirmation_required"", ""currency"": ""institutional_confirmation_required"", ""site_area_m2"": ""institutional_confirmation_required"", ""site_area_hectares"": ""institutional_confirmation_required"", ""implementing_entity"": ""institutional_confirmation_required"", ""supervising_entity"": ""institutional_confirmation_required"", ""investor_name"": ""institutional_confirmation_required"", ""operator_name"": ""institutional_confirmation_required"", ""infrastructure_status"": ""institutional_confirmation_required"", ""completion_percentage"": ""institutional_confirmation_required""}",data/incoming/tourism-investment-projects.kml,institutional_confirmation_required,institutional_confirmation_required,institutional_confirmation_required,institutional_confirmation_required,institutional_confirmation_required,institutional_confirmation_required,true,"Missing is not interpreted as negative, unlicensed, private, or stalled."
LY-INV-HOT-NAT-00029,فندق السياحي,"{""ownership_type"": ""institutional_confirmation_required"", ""ownership_entity"": ""institutional_confirmation_required"", ""legal_status"": ""institutional_confirmation_required"", ""license_status"": ""institutional_confirmation_required"", ""planning_status"": ""institutional_confirmation_required"", ""environmental_status"": ""institutional_confirmation_required"", ""investment_value"": ""institutional_confirmation_required"", ""estimated_cost"": ""institutional_confirmation_required"", ""currency"": ""institutional_confirmation_required"", ""site_area_m2"": ""institutional_confirmation_required"", ""site_area_hectares"": ""institutional_confirmation_required"", ""implementing_entity"": ""institutional_confirmation_required"", ""supervising_entity"": ""institutional_confirmation_required"", ""investor_name"": ""institutional_confirmation_required"", ""operator_name"": ""institutional_confirmation_required"", ""infrastructure_status"": ""institutional_confirmation_required"", ""completion_percentage"": ""institutional_confirmation_required""}",data/incoming/tourism-investment-projects.kml,institutional_confirmation_required,institutional_confirmation_required,institutional_confirmation_required,institutional_confirmation_required,institutional_confirmation_required,institutional_confirmation_required,true,"Missing is not interpreted as negative, unlicensed, private, or stalled."
LY-INV-HOT-NAT-00030,فندق الشاطىء,"{""ownership_type"": ""institutional_confirmation_required"", ""ownership_entity"": ""institutional_confirmation_required"", ""legal_status"": ""institutional_confirmation_required"", ""license_status"": ""institutional_confirmation_required"", ""planning_status"": ""institutional_confirmation_required"", ""environmental_status"": ""institutional_confirmation_required"", ""investment_value"": ""institutional_confirmation_required"", ""estimated_cost"": ""institutional_confirmation_required"", ""currency"": ""institutional_confirmation_required"", ""site_area_m2"": ""institutional_confirmation_required"", ""site_area_hectares"": ""institutional_confirmation_required"", ""implementing_entity"": ""institutional_confirmation_required"", ""supervising_entity"": ""institutional_confirmation_required"", ""investor_name"": ""institutional_confirmation_required"", ""operator_name"": ""institutional_confirmation_required"", ""infrastructure_status"": ""institutional_confirmation_required"", ""completion_percentage"": ""institutional_confirmation_required""}",data/incoming/tourism-investment-projects.kml,institutional_confirmation_required,institutional_confirmation_required,institutional_confirmation_required,institutional_confirmation_required,institutional_confirmation_required,institutional_confirmation_required,true,"Missing is not interpreted as negative, unlicensed, private, or stalled."
LY-INV-HOT-NAT-00031,فندق الشجرة,"{""ownership_type"": ""institutional_confirmation_required"", ""ownership_entity"": ""institutional_confirmation_required"", ""legal_status"": ""institutional_confirmation_required"", ""license_status"": ""institutional_confirmation_required"", ""planning_status"": ""institutional_confirmation_required"", ""environmental_status"": ""institutional_confirmation_required"", ""investment_value"": ""institutional_confirmation_required"", ""estimated_cost"": ""institutional_confirmation_required"", ""currency"": ""institutional_confirmation_required"", ""site_area_m2"": ""institutional_confirmation_required"", ""site_area_hectares"": ""institutional_confirmation_required"", ""implementing_entity"": ""institutional_confirmation_required"", ""supervising_entity"": ""institutional_confirmation_required"", ""investor_name"": ""institutional_confirmation_required"", ""operator_name"": ""institutional_confirmation_required"", ""infrastructure_status"": ""institutional_confirmation_required"", ""completion_percentage"": ""institutional_confirmation_required""}",data/incoming/tourism-investment-projects.kml,institutional_confirmation_required,institutional_confirmation_required,institutional_confirmation_required,institutional_confirmation_required,institutional_confirmation_required,institutional_confirmation_required,true,"Missing is not interpreted as negative, unlicensed, private, or stalled."
LY-INV-HOT-NAT-00032,فندق الشرق,"{""ownership_type"": ""institutional_confirmation_required"", ""ownership_entity"": ""institutional_confirmation_required"", ""legal_status"": ""institutional_confirmation_required"", ""license_status"": ""institutional_confirmation_required"", ""planning_status"": ""institutional_confirmation_required"", ""environmental_status"": ""institutional_confirmation_required"", ""investment_value"": ""institutional_confirmation_required"", ""estimated_cost"": ""institutional_confirmation_required"", ""currency"": ""institutional_confirmation_required"", ""site_area_m2"": ""institutional_confirmation_required"", ""site_area_hectares"": ""institutional_confirmation_required"", ""implementing_entity"": ""institutional_confirmation_required"", ""supervising_entity"": ""institutional_confirmation_required"", ""investor_name"": ""institutional_confirmation_required"", ""operator_name"": ""institutional_confirmation_required"", ""infrastructure_status"": ""institutional_confirmation_required"", ""completion_percentage"": ""institutional_confirmation_required""}",data/incoming/tourism-investment-projects.kml,institutional_confirmation_required,institutional_confirmation_required,institutional_confirmation_required,institutional_confirmation_required,institutional_confirmation_required,institutional_confirmation_required,true,"Missing is not interpreted as negative, unlicensed, private, or stalled."
LY-INV-HOT-TRI-00016,فندق الشمس,"{""ownership_type"": ""institutional_confirmation_required"", ""ownership_entity"": ""institutional_confirmation_required"", ""legal_status"": ""institutional_confirmation_required"", ""license_status"": ""institutional_confirmation_required"", ""planning_status"": ""institutional_confirmation_required"", ""environmental_status"": ""institutional_confirmation_required"", ""investment_value"": ""institutional_confirmation_required"", ""estimated_cost"": ""institutional_confirmation_required"", ""currency"": ""institutional_confirmation_required"", ""site_area_m2"": ""institutional_confirmation_required"", ""site_area_hectares"": ""institutional_confirmation_required"", ""implementing_entity"": ""institutional_confirmation_required"", ""supervising_entity"": ""institutional_confirmation_required"", ""investor_name"": ""institutional_confirmation_required"", ""operator_name"": ""institutional_confirmation_required"", ""infrastructure_status"": ""institutional_confirmation_required"", ""completion_percentage"": ""institutional_confirmation_required""}",data/incoming/tourism-investment-projects.kml,institutional_confirmation_required,institutional_confirmation_required,institutional_confirmation_required,institutional_confirmation_required,institutional_confirmation_required,institutional_confirmation_required,true,"Missing is not interpreted as negative, unlicensed, private, or stalled."
LY-INV-HOT-NAT-00033,فندق الصحراوي,"{""ownership_type"": ""institutional_confirmation_required"", ""ownership_entity"": ""institutional_confirmation_required"", ""legal_status"": ""institutional_confirmation_required"", ""license_status"": ""institutional_confirmation_required"", ""planning_status"": ""institutional_confirmation_required"", ""environmental_status"": ""institutional_confirmation_required"", ""investment_value"": ""institutional_confirmation_required"", ""estimated_cost"": ""institutional_confirmation_required"", ""currency"": ""institutional_confirmation_required"", ""site_area_m2"": ""institutional_confirmation_required"", ""site_area_hectares"": ""institutional_confirmation_required"", ""implementing_entity"": ""institutional_confirmation_required"", ""supervising_entity"": ""institutional_confirmation_required"", ""investor_name"": ""institutional_confirmation_required"", ""operator_name"": ""institutional_confirmation_required"", ""infrastructure_status"": ""institutional_confirmation_required"", ""completion_percentage"": ""institutional_confirmation_required""}",data/incoming/tourism-investment-projects.kml,institutional_confirmation_required,institutional_confirmation_required,institutional_confirmation_required,institutional_confirmation_required,institutional_confirmation_required,institutional_confirmation_required,true,"Missing is not interpreted as negative, unlicensed, private, or stalled."
LY-INV-HOT-NAT-00034,فندق الصفوة,"{""ownership_type"": ""institutional_confirmation_required"", ""ownership_entity"": ""institutional_confirmation_required"", ""legal_status"": ""institutional_confirmation_required"", ""license_status"": ""institutional_confirmation_required"", ""planning_status"": ""institutional_confirmation_required"", ""environmental_status"": ""institutional_confirmation_required"", ""investment_value"": ""institutional_confirmation_required"", ""estimated_cost"": ""institutional_confirmation_required"", ""currency"": ""institutional_confirmation_required"", ""site_area_m2"": ""institutional_confirmation_required"", ""site_area_hectares"": ""institutional_confirmation_required"", ""implementing_entity"": ""institutional_confirmation_required"", ""supervising_entity"": ""institutional_confirmation_required"", ""investor_name"": ""institutional_confirmation_required"", ""operator_name"": ""institutional_confirmation_required"", ""infrastructure_status"": ""institutional_confirmation_required"", ""completion_percentage"": ""institutional_confirmation_required""}",data/incoming/tourism-investment-projects.kml,institutional_confirmation_required,institutional_confirmation_required,institutional_confirmation_required,institutional_confirmation_required,institutional_confirmation_required,institutional_confirmation_required,true,"Missing is not interpreted as negative, unlicensed, private, or stalled."
LY-INV-HOT-MIS-00004,فندق الصناعية مصراتة,"{""ownership_type"": ""institutional_confirmation_required"", ""ownership_entity"": ""institutional_confirmation_required"", ""legal_status"": ""institutional_confirmation_required"", ""license_status"": ""institutional_confirmation_required"", ""planning_status"": ""institutional_confirmation_required"", ""environmental_status"": ""institutional_confirmation_required"", ""investment_value"": ""institutional_confirmation_required"", ""estimated_cost"": ""institutional_confirmation_required"", ""currency"": ""institutional_confirmation_required"", ""site_area_m2"": ""institutional_confirmation_required"", ""site_area_hectares"": ""institutional_confirmation_required"", ""implementing_entity"": ""institutional_confirmation_required"", ""supervising_entity"": ""institutional_confirmation_required"", ""investor_name"": ""institutional_confirmation_required"", ""operator_name"": ""institutional_confirmation_required"", ""infrastructure_status"": ""institutional_confirmation_required"", ""completion_percentage"": ""institutional_confirmation_required""}",data/incoming/tourism-investment-projects.kml,institutional_confirmation_required,institutional_confirmation_required,institutional_confirmation_required,institutional_confirmation_required,institutional_confirmation_required,institutional_confirmation_required,true,"Missing is not interpreted as negative, unlicensed, private, or stalled."
LY-INV-HOT-TRI-00017,فندق الصولجان,"{""ownership_type"": ""institutional_confirmation_required"", ""ownership_entity"": ""institutional_confirmation_required"", ""legal_status"": ""institutional_confirmation_required"", ""license_status"": ""institutional_confirmation_required"", ""planning_status"": ""institutional_confirmation_required"", ""environmental_status"": ""institutional_confirmation_required"", ""investment_value"": ""institutional_confirmation_required"", ""estimated_cost"": ""institutional_confirmation_required"", ""currency"": ""institutional_confirmation_required"", ""site_area_m2"": ""institutional_confirmation_required"", ""site_area_hectares"": ""institutional_confirmation_required"", ""implementing_entity"": ""institutional_confirmation_required"", ""supervising_entity"": ""institutional_confirmation_required"", ""investor_name"": ""institutional_confirmation_required"", ""operator_name"": ""institutional_confirmation_required"", ""infrastructure_status"": ""institutional_confirmation_required"", ""completion_percentage"": ""institutional_confirmation_required""}",data/incoming/tourism-investment-projects.kml,institutional_confirmation_required,institutional_confirmation_required,institutional_confirmation_required,institutional_confirmation_required,institutional_confirmation_required,institutional_confirmation_required,true,"Missing is not interpreted as negative, unlicensed, private, or stalled."
LY-INV-HOT-NAT-00035,فندق الضيافة,"{""ownership_type"": ""institutional_confirmation_required"", ""ownership_entity"": ""institutional_confirmation_required"", ""legal_status"": ""institutional_confirmation_required"", ""license_status"": ""institutional_confirmation_required"", ""planning_status"": ""institutional_confirmation_required"", ""environmental_status"": ""institutional_confirmation_required"", ""investment_value"": ""institutional_confirmation_required"", ""estimated_cost"": ""institutional_confirmation_required"", ""currency"": ""institutional_confirmation_required"", ""site_area_m2"": ""institutional_confirmation_required"", ""site_area_hectares"": ""institutional_confirmation_required"", ""implementing_entity"": ""institutional_confirmation_required"", ""supervising_entity"": ""institutional_confirmation_required"", ""investor_name"": ""institutional_confirmation_required"", ""operator_name"": ""institutional_confirmation_required"", ""infrastructure_status"": ""institutional_confirmation_required"", ""completion_percentage"": ""institutional_confirmation_required""}",data/incoming/tourism-investment-projects.kml,institutional_confirmation_required,institutional_confirmation_required,institutional_confirmation_required,institutional_confirmation_required,institutional_confirmation_required,institutional_confirmation_required,true,"Missing is not interpreted as negative, unlicensed, private, or stalled."
LY-INV-HOT-TRI-00018,فندق العاصمة,"{""ownership_type"": ""institutional_confirmation_required"", ""ownership_entity"": ""institutional_confirmation_required"", ""legal_status"": ""institutional_confirmation_required"", ""license_status"": ""institutional_confirmation_required"", ""planning_status"": ""institutional_confirmation_required"", ""environmental_status"": ""institutional_confirmation_required"", ""investment_value"": ""institutional_confirmation_required"", ""estimated_cost"": ""institutional_confirmation_required"", ""currency"": ""institutional_confirmation_required"", ""site_area_m2"": ""institutional_confirmation_required"", ""site_area_hectares"": ""institutional_confirmation_required"", ""implementing_entity"": ""institutional_confirmation_required"", ""supervising_entity"": ""institutional_confirmation_required"", ""investor_name"": ""institutional_confirmation_required"", ""operator_name"": ""institutional_confirmation_required"", ""infrastructure_status"": ""institutional_confirmation_required"", ""completion_percentage"": ""institutional_confirmation_required""}",data/incoming/tourism-investment-projects.kml,institutional_confirmation_required,institutional_confirmation_required,institutional_confirmation_required,institutional_confirmation_required,institutional_confirmation_required,institutional_confirmation_required,true,"Missing is not interpreted as negative, unlicensed, private, or stalled."
LY-INV-HOT-GHA-00005,فندق الغدامسية,"{""ownership_type"": ""institutional_confirmation_required"", ""ownership_entity"": ""institutional_confirmation_required"", ""legal_status"": ""institutional_confirmation_required"", ""license_status"": ""institutional_confirmation_required"", ""planning_status"": ""institutional_confirmation_required"", ""environmental_status"": ""institutional_confirmation_required"", ""investment_value"": ""institutional_confirmation_required"", ""estimated_cost"": ""institutional_confirmation_required"", ""currency"": ""institutional_confirmation_required"", ""site_area_m2"": ""institutional_confirmation_required"", ""site_area_hectares"": ""institutional_confirmation_required"", ""implementing_entity"": ""institutional_confirmation_required"", ""supervising_entity"": ""institutional_confirmation_required"", ""investor_name"": ""institutional_confirmation_required"", ""operator_name"": ""institutional_confirmation_required"", ""infrastructure_status"": ""institutional_confirmation_required"", ""completion_percentage"": ""institutional_confirmation_required""}",data/incoming/tourism-investment-projects.kml,institutional_confirmation_required,institutional_confirmation_required,institutional_confirmation_required,institutional_confirmation_required,institutional_confirmation_required,institutional_confirmation_required,true,"Missing is not interpreted as negative, unlicensed, private, or stalled."
LY-INV-HOT-NAT-00036,فندق القرقني,"{""ownership_type"": ""institutional_confirmation_required"", ""ownership_entity"": ""institutional_confirmation_required"", ""legal_status"": ""institutional_confirmation_required"", ""license_status"": ""institutional_confirmation_required"", ""planning_status"": ""institutional_confirmation_required"", ""environmental_status"": ""institutional_confirmation_required"", ""investment_value"": ""institutional_confirmation_required"", ""estimated_cost"": ""institutional_confirmation_required"", ""currency"": ""institutional_confirmation_required"", ""site_area_m2"": ""institutional_confirmation_required"", ""site_area_hectares"": ""institutional_confirmation_required"", ""implementing_entity"": ""institutional_confirmation_required"", ""supervising_entity"": ""institutional_confirmation_required"", ""investor_name"": ""institutional_confirmation_required"", ""operator_name"": ""institutional_confirmation_required"", ""infrastructure_status"": ""institutional_confirmation_required"", ""completion_percentage"": ""institutional_confirmation_required""}",data/incoming/tourism-investment-projects.kml,institutional_confirmation_required,institutional_confirmation_required,institutional_confirmation_required,institutional_confirmation_required,institutional_confirmation_required,institutional_confirmation_required,true,"Missing is not interpreted as negative, unlicensed, private, or stalled."
LY-INV-HOT-NAT-00037,فندق القوس,"{""ownership_type"": ""institutional_confirmation_required"", ""ownership_entity"": ""institutional_confirmation_required"", ""legal_status"": ""institutional_confirmation_required"", ""license_status"": ""institutional_confirmation_required"", ""planning_status"": ""institutional_confirmation_required"", ""environmental_status"": ""institutional_confirmation_required"", ""investment_value"": ""institutional_confirmation_required"", ""estimated_cost"": ""institutional_confirmation_required"", ""currency"": ""institutional_confirmation_required"", ""site_area_m2"": ""institutional_confirmation_required"", ""site_area_hectares"": ""institutional_confirmation_required"", ""implementing_entity"": ""institutional_confirmation_required"", ""supervising_entity"": ""institutional_confirmation_required"", ""investor_name"": ""institutional_confirmation_required"", ""operator_name"": ""institutional_confirmation_required"", ""infrastructure_status"": ""institutional_confirmation_required"", ""completion_percentage"": ""institutional_confirmation_required""}",data/incoming/tourism-investment-projects.kml,institutional_confirmation_required,institutional_confirmation_required,institutional_confirmation_required,institutional_confirmation_required,institutional_confirmation_required,institutional_confirmation_required,true,"Missing is not interpreted as negative, unlicensed, private, or stalled."
LY-INV-HOT-NAT-00038,فندق الكبير,"{""ownership_type"": ""institutional_confirmation_required"", ""ownership_entity"": ""institutional_confirmation_required"", ""legal_status"": ""institutional_confirmation_required"", ""license_status"": ""institutional_confirmation_required"", ""planning_status"": ""institutional_confirmation_required"", ""environmental_status"": ""institutional_confirmation_required"", ""investment_value"": ""institutional_confirmation_required"", ""estimated_cost"": ""institutional_confirmation_required"", ""currency"": ""institutional_confirmation_required"", ""site_area_m2"": ""institutional_confirmation_required"", ""site_area_hectares"": ""institutional_confirmation_required"", ""implementing_entity"": ""institutional_confirmation_required"", ""supervising_entity"": ""institutional_confirmation_required"", ""investor_name"": ""institutional_confirmation_required"", ""operator_name"": ""institutional_confirmation_required"", ""infrastructure_status"": ""institutional_confirmation_required"", ""completion_percentage"": ""institutional_confirmation_required""}",data/incoming/tourism-investment-projects.kml,institutional_confirmation_required,institutional_confirmation_required,institutional_confirmation_required,institutional_confirmation_required,institutional_confirmation_required,institutional_confirmation_required,true,"Missing is not interpreted as negative, unlicensed, private, or stalled."
LY-INV-HOT-NAT-00039,فندق الكرومة,"{""ownership_type"": ""institutional_confirmation_required"", ""ownership_entity"": ""institutional_confirmation_required"", ""legal_status"": ""institutional_confirmation_required"", ""license_status"": ""institutional_confirmation_required"", ""planning_status"": ""institutional_confirmation_required"", ""environmental_status"": ""institutional_confirmation_required"", ""investment_value"": ""institutional_confirmation_required"", ""estimated_cost"": ""institutional_confirmation_required"", ""currency"": ""institutional_confirmation_required"", ""site_area_m2"": ""institutional_confirmation_required"", ""site_area_hectares"": ""institutional_confirmation_required"", ""implementing_entity"": ""institutional_confirmation_required"", ""supervising_entity"": ""institutional_confirmation_required"", ""investor_name"": ""institutional_confirmation_required"", ""operator_name"": ""institutional_confirmation_required"", ""infrastructure_status"": ""institutional_confirmation_required"", ""completion_percentage"": ""institutional_confirmation_required""}",data/incoming/tourism-investment-projects.kml,institutional_confirmation_required,institutional_confirmation_required,institutional_confirmation_required,institutional_confirmation_required,institutional_confirmation_required,institutional_confirmation_required,true,"Missing is not interpreted as negative, unlicensed, private, or stalled."
LY-INV-HOT-NAT-00040,فندق الماسة,"{""ownership_type"": ""institutional_confirmation_required"", ""ownership_entity"": ""institutional_confirmation_required"", ""legal_status"": ""institutional_confirmation_required"", ""license_status"": ""institutional_confirmation_required"", ""planning_status"": ""institutional_confirmation_required"", ""environmental_status"": ""institutional_confirmation_required"", ""investment_value"": ""institutional_confirmation_required"", ""estimated_cost"": ""institutional_confirmation_required"", ""currency"": ""institutional_confirmation_required"", ""site_area_m2"": ""institutional_confirmation_required"", ""site_area_hectares"": ""institutional_confirmation_required"", ""implementing_entity"": ""institutional_confirmation_required"", ""supervising_entity"": ""institutional_confirmation_required"", ""investor_name"": ""institutional_confirmation_required"", ""operator_name"": ""institutional_confirmation_required"", ""infrastructure_status"": ""institutional_confirmation_required"", ""completion_percentage"": ""institutional_confirmation_required""}",data/incoming/tourism-investment-projects.kml,institutional_confirmation_required,institutional_confirmation_required,institutional_confirmation_required,institutional_confirmation_required,institutional_confirmation_required,institutional_confirmation_required,true,"Missing is not interpreted as negative, unlicensed, private, or stalled."
LY-INV-HOT-NAT-00041,فندق المتوسط,"{""ownership_type"": ""institutional_confirmation_required"", ""ownership_entity"": ""institutional_confirmation_required"", ""legal_status"": ""institutional_confirmation_required"", ""license_status"": ""institutional_confirmation_required"", ""planning_status"": ""institutional_confirmation_required"", ""environmental_status"": ""institutional_confirmation_required"", ""investment_value"": ""institutional_confirmation_required"", ""estimated_cost"": ""institutional_confirmation_required"", ""currency"": ""institutional_confirmation_required"", ""site_area_m2"": ""institutional_confirmation_required"", ""site_area_hectares"": ""institutional_confirmation_required"", ""implementing_entity"": ""institutional_confirmation_required"", ""supervising_entity"": ""institutional_confirmation_required"", ""investor_name"": ""institutional_confirmation_required"", ""operator_name"": ""institutional_confirmation_required"", ""infrastructure_status"": ""institutional_confirmation_required"", ""completion_percentage"": ""institutional_confirmation_required""}",data/incoming/tourism-investment-projects.kml,institutional_confirmation_required,institutional_confirmation_required,institutional_confirmation_required,institutional_confirmation_required,institutional_confirmation_required,institutional_confirmation_required,true,"Missing is not interpreted as negative, unlicensed, private, or stalled."
LY-INV-HOT-NAT-00042,فندق المدينة,"{""ownership_type"": ""institutional_confirmation_required"", ""ownership_entity"": ""institutional_confirmation_required"", ""legal_status"": ""institutional_confirmation_required"", ""license_status"": ""institutional_confirmation_required"", ""planning_status"": ""institutional_confirmation_required"", ""environmental_status"": ""institutional_confirmation_required"", ""investment_value"": ""institutional_confirmation_required"", ""estimated_cost"": ""institutional_confirmation_required"", ""currency"": ""institutional_confirmation_required"", ""site_area_m2"": ""institutional_confirmation_required"", ""site_area_hectares"": ""institutional_confirmation_required"", ""implementing_entity"": ""institutional_confirmation_required"", ""supervising_entity"": ""institutional_confirmation_required"", ""investor_name"": ""institutional_confirmation_required"", ""operator_name"": ""institutional_confirmation_required"", ""infrastructure_status"": ""institutional_confirmation_required"", ""completion_percentage"": ""institutional_confirmation_required""}",data/incoming/tourism-investment-projects.kml,institutional_confirmation_required,institutional_confirmation_required,institutional_confirmation_required,institutional_confirmation_required,institutional_confirmation_required,institutional_confirmation_required,true,"Missing is not interpreted as negative, unlicensed, private, or stalled."
LY-INV-HOT-NAT-00043,فندق المرقب,"{""ownership_type"": ""institutional_confirmation_required"", ""ownership_entity"": ""institutional_confirmation_required"", ""legal_status"": ""institutional_confirmation_required"", ""license_status"": ""institutional_confirmation_required"", ""planning_status"": ""institutional_confirmation_required"", ""environmental_status"": ""institutional_confirmation_required"", ""investment_value"": ""institutional_confirmation_required"", ""estimated_cost"": ""institutional_confirmation_required"", ""currency"": ""institutional_confirmation_required"", ""site_area_m2"": ""institutional_confirmation_required"", ""site_area_hectares"": ""institutional_confirmation_required"", ""implementing_entity"": ""institutional_confirmation_required"", ""supervising_entity"": ""institutional_confirmation_required"", ""investor_name"": ""institutional_confirmation_required"", ""operator_name"": ""institutional_confirmation_required"", ""infrastructure_status"": ""institutional_confirmation_required"", ""completion_percentage"": ""institutional_confirmation_required""}",data/incoming/tourism-investment-projects.kml,institutional_confirmation_required,institutional_confirmation_required,institutional_confirmation_required,institutional_confirmation_required,institutional_confirmation_required,institutional_confirmation_required,true,"Missing is not interpreted as negative, unlicensed, private, or stalled."
LY-INV-HOT-NAT-00044,فندق المشكاة,"{""ownership_type"": ""institutional_confirmation_required"", ""ownership_entity"": ""institutional_confirmation_required"", ""legal_status"": ""institutional_confirmation_required"", ""license_status"": ""institutional_confirmation_required"", ""planning_status"": ""institutional_confirmation_required"", ""environmental_status"": ""institutional_confirmation_required"", ""investment_value"": ""institutional_confirmation_required"", ""estimated_cost"": ""institutional_confirmation_required"", ""currency"": ""institutional_confirmation_required"", ""site_area_m2"": ""institutional_confirmation_required"", ""site_area_hectares"": ""institutional_confirmation_required"", ""implementing_entity"": ""institutional_confirmation_required"", ""supervising_entity"": ""institutional_confirmation_required"", ""investor_name"": ""institutional_confirmation_required"", ""operator_name"": ""institutional_confirmation_required"", ""infrastructure_status"": ""institutional_confirmation_required"", ""completion_percentage"": ""institutional_confirmation_required""}",data/incoming/tourism-investment-projects.kml,institutional_confirmation_required,institutional_confirmation_required,institutional_confirmation_required,institutional_confirmation_required,institutional_confirmation_required,institutional_confirmation_required,true,"Missing is not interpreted as negative, unlicensed, private, or stalled."
LY-INV-HOT-NAT-00045,فندق المنامة,"{""ownership_type"": ""institutional_confirmation_required"", ""ownership_entity"": ""institutional_confirmation_required"", ""legal_status"": ""institutional_confirmation_required"", ""license_status"": ""institutional_confirmation_required"", ""planning_status"": ""institutional_confirmation_required"", ""environmental_status"": ""institutional_confirmation_required"", ""investment_value"": ""institutional_confirmation_required"", ""estimated_cost"": ""institutional_confirmation_required"", ""currency"": ""institutional_confirmation_required"", ""site_area_m2"": ""institutional_confirmation_required"", ""site_area_hectares"": ""institutional_confirmation_required"", ""implementing_entity"": ""institutional_confirmation_required"", ""supervising_entity"": ""institutional_confirmation_required"", ""investor_name"": ""institutional_confirmation_required"", ""operator_name"": ""institutional_confirmation_required"", ""infrastructure_status"": ""institutional_confirmation_required"", ""completion_percentage"": ""institutional_confirmation_required""}",data/incoming/tourism-investment-projects.kml,institutional_confirmation_required,institutional_confirmation_required,institutional_confirmation_required,institutional_confirmation_required,institutional_confirmation_required,institutional_confirmation_required,true,"Missing is not interpreted as negative, unlicensed, private, or stalled."
LY-INV-HOT-NAT-00046,فندق النخلة,"{""ownership_type"": ""institutional_confirmation_required"", ""ownership_entity"": ""institutional_confirmation_required"", ""legal_status"": ""institutional_confirmation_required"", ""license_status"": ""institutional_confirmation_required"", ""planning_status"": ""institutional_confirmation_required"", ""environmental_status"": ""institutional_confirmation_required"", ""investment_value"": ""institutional_confirmation_required"", ""estimated_cost"": ""institutional_confirmation_required"", ""currency"": ""institutional_confirmation_required"", ""site_area_m2"": ""institutional_confirmation_required"", ""site_area_hectares"": ""institutional_confirmation_required"", ""implementing_entity"": ""institutional_confirmation_required"", ""supervising_entity"": ""institutional_confirmation_required"", ""investor_name"": ""institutional_confirmation_required"", ""operator_name"": ""institutional_confirmation_required"", ""infrastructure_status"": ""institutional_confirmation_required"", ""completion_percentage"": ""institutional_confirmation_required""}",data/incoming/tourism-investment-projects.kml,institutional_confirmation_required,institutional_confirmation_required,institutional_confirmation_required,institutional_confirmation_required,institutional_confirmation_required,institutional_confirmation_required,true,"Missing is not interpreted as negative, unlicensed, private, or stalled."
LY-INV-HOT-KHO-00003,فندق النقازة الخمس,"{""ownership_type"": ""institutional_confirmation_required"", ""ownership_entity"": ""institutional_confirmation_required"", ""legal_status"": ""institutional_confirmation_required"", ""license_status"": ""institutional_confirmation_required"", ""planning_status"": ""institutional_confirmation_required"", ""environmental_status"": ""institutional_confirmation_required"", ""investment_value"": ""institutional_confirmation_required"", ""estimated_cost"": ""institutional_confirmation_required"", ""currency"": ""institutional_confirmation_required"", ""site_area_m2"": ""institutional_confirmation_required"", ""site_area_hectares"": ""institutional_confirmation_required"", ""implementing_entity"": ""institutional_confirmation_required"", ""supervising_entity"": ""institutional_confirmation_required"", ""investor_name"": ""institutional_confirmation_required"", ""operator_name"": ""institutional_confirmation_required"", ""infrastructure_status"": ""institutional_confirmation_required"", ""completion_percentage"": ""institutional_confirmation_required""}",data/incoming/tourism-investment-projects.kml,institutional_confirmation_required,institutional_confirmation_required,institutional_confirmation_required,institutional_confirmation_required,institutional_confirmation_required,institutional_confirmation_required,true,"Missing is not interpreted as negative, unlicensed, private, or stalled."
LY-INV-HOT-NAT-00047,فندق النهر,"{""ownership_type"": ""institutional_confirmation_required"", ""ownership_entity"": ""institutional_confirmation_required"", ""legal_status"": ""institutional_confirmation_required"", ""license_status"": ""institutional_confirmation_required"", ""planning_status"": ""institutional_confirmation_required"", ""environmental_status"": ""institutional_confirmation_required"", ""investment_value"": ""institutional_confirmation_required"", ""estimated_cost"": ""institutional_confirmation_required"", ""currency"": ""institutional_confirmation_required"", ""site_area_m2"": ""institutional_confirmation_required"", ""site_area_hectares"": ""institutional_confirmation_required"", ""implementing_entity"": ""institutional_confirmation_required"", ""supervising_entity"": ""institutional_confirmation_required"", ""investor_name"": ""institutional_confirmation_required"", ""operator_name"": ""institutional_confirmation_required"", ""infrastructure_status"": ""institutional_confirmation_required"", ""completion_percentage"": ""institutional_confirmation_required""}",data/incoming/tourism-investment-projects.kml,institutional_confirmation_required,institutional_confirmation_required,institutional_confirmation_required,institutional_confirmation_required,institutional_confirmation_required,institutional_confirmation_required,true,"Missing is not interpreted as negative, unlicensed, private, or stalled."
LY-INV-HOT-NAT-00048,فندق الهنشيري,"{""ownership_type"": ""institutional_confirmation_required"", ""ownership_entity"": ""institutional_confirmation_required"", ""legal_status"": ""institutional_confirmation_required"", ""license_status"": ""institutional_confirmation_required"", ""planning_status"": ""institutional_confirmation_required"", ""environmental_status"": ""institutional_confirmation_required"", ""investment_value"": ""institutional_confirmation_required"", ""estimated_cost"": ""institutional_confirmation_required"", ""currency"": ""institutional_confirmation_required"", ""site_area_m2"": ""institutional_confirmation_required"", ""site_area_hectares"": ""institutional_confirmation_required"", ""implementing_entity"": ""institutional_confirmation_required"", ""supervising_entity"": ""institutional_confirmation_required"", ""investor_name"": ""institutional_confirmation_required"", ""operator_name"": ""institutional_confirmation_required"", ""infrastructure_status"": ""institutional_confirmation_required"", ""completion_percentage"": ""institutional_confirmation_required""}",data/incoming/tourism-investment-projects.kml,institutional_confirmation_required,institutional_confirmation_required,institutional_confirmation_required,institutional_confirmation_required,institutional_confirmation_required,institutional_confirmation_required,true,"Missing is not interpreted as negative, unlicensed, private, or stalled."
LY-INV-HOT-NAT-00049,فندق الهيشة,"{""ownership_type"": ""institutional_confirmation_required"", ""ownership_entity"": ""institutional_confirmation_required"", ""legal_status"": ""institutional_confirmation_required"", ""license_status"": ""institutional_confirmation_required"", ""planning_status"": ""institutional_confirmation_required"", ""environmental_status"": ""institutional_confirmation_required"", ""investment_value"": ""institutional_confirmation_required"", ""estimated_cost"": ""institutional_confirmation_required"", ""currency"": ""institutional_confirmation_required"", ""site_area_m2"": ""institutional_confirmation_required"", ""site_area_hectares"": ""institutional_confirmation_required"", ""implementing_entity"": ""institutional_confirmation_required"", ""supervising_entity"": ""institutional_confirmation_required"", ""investor_name"": ""institutional_confirmation_required"", ""operator_name"": ""institutional_confirmation_required"", ""infrastructure_status"": ""institutional_confirmation_required"", ""completion_percentage"": ""institutional_confirmation_required""}",data/incoming/tourism-investment-projects.kml,institutional_confirmation_required,institutional_confirmation_required,institutional_confirmation_required,institutional_confirmation_required,institutional_confirmation_required,institutional_confirmation_required,true,"Missing is not interpreted as negative, unlicensed, private, or stalled."
LY-INV-HOT-NAT-00050,فندق الواحات,"{""ownership_type"": ""institutional_confirmation_required"", ""ownership_entity"": ""institutional_confirmation_required"", ""legal_status"": ""institutional_confirmation_required"", ""license_status"": ""institutional_confirmation_required"", ""planning_status"": ""institutional_confirmation_required"", ""environmental_status"": ""institutional_confirmation_required"", ""investment_value"": ""institutional_confirmation_required"", ""estimated_cost"": ""institutional_confirmation_required"", ""currency"": ""institutional_confirmation_required"", ""site_area_m2"": ""institutional_confirmation_required"", ""site_area_hectares"": ""institutional_confirmation_required"", ""implementing_entity"": ""institutional_confirmation_required"", ""supervising_entity"": ""institutional_confirmation_required"", ""investor_name"": ""institutional_confirmation_required"", ""operator_name"": ""institutional_confirmation_required"", ""infrastructure_status"": ""institutional_confirmation_required"", ""completion_percentage"": ""institutional_confirmation_required""}",data/incoming/tourism-investment-projects.kml,institutional_confirmation_required,institutional_confirmation_required,institutional_confirmation_required,institutional_confirmation_required,institutional_confirmation_required,institutional_confirmation_required,true,"Missing is not interpreted as negative, unlicensed, private, or stalled."
LY-INV-HOT-NAT-00051,فندق الياسمين,"{""ownership_type"": ""institutional_confirmation_required"", ""ownership_entity"": ""institutional_confirmation_required"", ""legal_status"": ""institutional_confirmation_required"", ""license_status"": ""institutional_confirmation_required"", ""planning_status"": ""institutional_confirmation_required"", ""environmental_status"": ""institutional_confirmation_required"", ""investment_value"": ""institutional_confirmation_required"", ""estimated_cost"": ""institutional_confirmation_required"", ""currency"": ""institutional_confirmation_required"", ""site_area_m2"": ""institutional_confirmation_required"", ""site_area_hectares"": ""institutional_confirmation_required"", ""implementing_entity"": ""institutional_confirmation_required"", ""supervising_entity"": ""institutional_confirmation_required"", ""investor_name"": ""institutional_confirmation_required"", ""operator_name"": ""institutional_confirmation_required"", ""infrastructure_status"": ""institutional_confirmation_required"", ""completion_percentage"": ""institutional_confirmation_required""}",data/incoming/tourism-investment-projects.kml,institutional_confirmation_required,institutional_confirmation_required,institutional_confirmation_required,institutional_confirmation_required,institutional_confirmation_required,institutional_confirmation_required,true,"Missing is not interpreted as negative, unlicensed, private, or stalled."
LY-INV-HOT-NAT-00052,فندق أجنحة قرطاج,"{""ownership_type"": ""institutional_confirmation_required"", ""ownership_entity"": ""institutional_confirmation_required"", ""legal_status"": ""institutional_confirmation_required"", ""license_status"": ""institutional_confirmation_required"", ""planning_status"": ""institutional_confirmation_required"", ""environmental_status"": ""institutional_confirmation_required"", ""investment_value"": ""institutional_confirmation_required"", ""estimated_cost"": ""institutional_confirmation_required"", ""currency"": ""institutional_confirmation_required"", ""site_area_m2"": ""institutional_confirmation_required"", ""site_area_hectares"": ""institutional_confirmation_required"", ""implementing_entity"": ""institutional_confirmation_required"", ""supervising_entity"": ""institutional_confirmation_required"", ""investor_name"": ""institutional_confirmation_required"", ""operator_name"": ""institutional_confirmation_required"", ""infrastructure_status"": ""institutional_confirmation_required"", ""completion_percentage"": ""institutional_confirmation_required""}",data/incoming/tourism-investment-projects.kml,institutional_confirmation_required,institutional_confirmation_required,institutional_confirmation_required,institutional_confirmation_required,institutional_confirmation_required,institutional_confirmation_required,true,"Missing is not interpreted as negative, unlicensed, private, or stalled."
LY-INV-HOT-NAT-00053,فندق أفريقيا,"{""ownership_type"": ""institutional_confirmation_required"", ""ownership_entity"": ""institutional_confirmation_required"", ""legal_status"": ""institutional_confirmation_required"", ""license_status"": ""institutional_confirmation_required"", ""planning_status"": ""institutional_confirmation_required"", ""environmental_status"": ""institutional_confirmation_required"", ""investment_value"": ""institutional_confirmation_required"", ""estimated_cost"": ""institutional_confirmation_required"", ""currency"": ""institutional_confirmation_required"", ""site_area_m2"": ""institutional_confirmation_required"", ""site_area_hectares"": ""institutional_confirmation_required"", ""implementing_entity"": ""institutional_confirmation_required"", ""supervising_entity"": ""institutional_confirmation_required"", ""investor_name"": ""institutional_confirmation_required"", ""operator_name"": ""institutional_confirmation_required"", ""infrastructure_status"": ""institutional_confirmation_required"", ""completion_percentage"": ""institutional_confirmation_required""}",data/incoming/tourism-investment-projects.kml,institutional_confirmation_required,institutional_confirmation_required,institutional_confirmation_required,institutional_confirmation_required,institutional_confirmation_required,institutional_confirmation_required,true,"Missing is not interpreted as negative, unlicensed, private, or stalled."
LY-INV-HOT-NAT-00054,فندق أوال,"{""ownership_type"": ""institutional_confirmation_required"", ""ownership_entity"": ""institutional_confirmation_required"", ""legal_status"": ""institutional_confirmation_required"", ""license_status"": ""institutional_confirmation_required"", ""planning_status"": ""institutional_confirmation_required"", ""environmental_status"": ""institutional_confirmation_required"", ""investment_value"": ""institutional_confirmation_required"", ""estimated_cost"": ""institutional_confirmation_required"", ""currency"": ""institutional_confirmation_required"", ""site_area_m2"": ""institutional_confirmation_required"", ""site_area_hectares"": ""institutional_confirmation_required"", ""implementing_entity"": ""institutional_confirmation_required"", ""supervising_entity"": ""institutional_confirmation_required"", ""investor_name"": ""institutional_confirmation_required"", ""operator_name"": ""institutional_confirmation_required"", ""infrastructure_status"": ""institutional_confirmation_required"", ""completion_percentage"": ""institutional_confirmation_required""}",data/incoming/tourism-investment-projects.kml,institutional_confirmation_required,institutional_confirmation_required,institutional_confirmation_required,institutional_confirmation_required,institutional_confirmation_required,institutional_confirmation_required,true,"Missing is not interpreted as negative, unlicensed, private, or stalled."
LY-INV-HOT-NAT-00055,فندق بلازما,"{""ownership_type"": ""institutional_confirmation_required"", ""ownership_entity"": ""institutional_confirmation_required"", ""legal_status"": ""institutional_confirmation_required"", ""license_status"": ""institutional_confirmation_required"", ""planning_status"": ""institutional_confirmation_required"", ""environmental_status"": ""institutional_confirmation_required"", ""investment_value"": ""institutional_confirmation_required"", ""estimated_cost"": ""institutional_confirmation_required"", ""currency"": ""institutional_confirmation_required"", ""site_area_m2"": ""institutional_confirmation_required"", ""site_area_hectares"": ""institutional_confirmation_required"", ""implementing_entity"": ""institutional_confirmation_required"", ""supervising_entity"": ""institutional_confirmation_required"", ""investor_name"": ""institutional_confirmation_required"", ""operator_name"": ""institutional_confirmation_required"", ""infrastructure_status"": ""institutional_confirmation_required"", ""completion_percentage"": ""institutional_confirmation_required""}",data/incoming/tourism-investment-projects.kml,institutional_confirmation_required,institutional_confirmation_required,institutional_confirmation_required,institutional_confirmation_required,institutional_confirmation_required,institutional_confirmation_required,true,"Missing is not interpreted as negative, unlicensed, private, or stalled."
LY-INV-HOT-NAT-00056,فندق بن يدر,"{""ownership_type"": ""institutional_confirmation_required"", ""ownership_entity"": ""institutional_confirmation_required"", ""legal_status"": ""institutional_confirmation_required"", ""license_status"": ""institutional_confirmation_required"", ""planning_status"": ""institutional_confirmation_required"", ""environmental_status"": ""institutional_confirmation_required"", ""investment_value"": ""institutional_confirmation_required"", ""estimated_cost"": ""institutional_confirmation_required"", ""currency"": ""institutional_confirmation_required"", ""site_area_m2"": ""institutional_confirmation_required"", ""site_area_hectares"": ""institutional_confirmation_required"", ""implementing_entity"": ""institutional_confirmation_required"", ""supervising_entity"": ""institutional_confirmation_required"", ""investor_name"": ""institutional_confirmation_required"", ""operator_name"": ""institutional_confirmation_required"", ""infrastructure_status"": ""institutional_confirmation_required"", ""completion_percentage"": ""institutional_confirmation_required""}",data/incoming/tourism-investment-projects.kml,institutional_confirmation_required,institutional_confirmation_required,institutional_confirmation_required,institutional_confirmation_required,institutional_confirmation_required,institutional_confirmation_required,true,"Missing is not interpreted as negative, unlicensed, private, or stalled."
LY-INV-HOT-NAT-00057,فندق بنت السيد,"{""ownership_type"": ""institutional_confirmation_required"", ""ownership_entity"": ""institutional_confirmation_required"", ""legal_status"": ""institutional_confirmation_required"", ""license_status"": ""institutional_confirmation_required"", ""planning_status"": ""institutional_confirmation_required"", ""environmental_status"": ""institutional_confirmation_required"", ""investment_value"": ""institutional_confirmation_required"", ""estimated_cost"": ""institutional_confirmation_required"", ""currency"": ""institutional_confirmation_required"", ""site_area_m2"": ""institutional_confirmation_required"", ""site_area_hectares"": ""institutional_confirmation_required"", ""implementing_entity"": ""institutional_confirmation_required"", ""supervising_entity"": ""institutional_confirmation_required"", ""investor_name"": ""institutional_confirmation_required"", ""operator_name"": ""institutional_confirmation_required"", ""infrastructure_status"": ""institutional_confirmation_required"", ""completion_percentage"": ""institutional_confirmation_required""}",data/incoming/tourism-investment-projects.kml,institutional_confirmation_required,institutional_confirmation_required,institutional_confirmation_required,institutional_confirmation_required,institutional_confirmation_required,institutional_confirmation_required,true,"Missing is not interpreted as negative, unlicensed, private, or stalled."
LY-INV-HOT-NAT-00058,فندق بودلغوسة,"{""ownership_type"": ""institutional_confirmation_required"", ""ownership_entity"": ""institutional_confirmation_required"", ""legal_status"": ""institutional_confirmation_required"", ""license_status"": ""institutional_confirmation_required"", ""planning_status"": ""institutional_confirmation_required"", ""environmental_status"": ""institutional_confirmation_required"", ""investment_value"": ""institutional_confirmation_required"", ""estimated_cost"": ""institutional_confirmation_required"", ""currency"": ""institutional_confirmation_required"", ""site_area_m2"": ""institutional_confirmation_required"", ""site_area_hectares"": ""institutional_confirmation_required"", ""implementing_entity"": ""institutional_confirmation_required"", ""supervising_entity"": ""institutional_confirmation_required"", ""investor_name"": ""institutional_confirmation_required"", ""operator_name"": ""institutional_confirmation_required"", ""infrastructure_status"": ""institutional_confirmation_required"", ""completion_percentage"": ""institutional_confirmation_required""}",data/incoming/tourism-investment-projects.kml,institutional_confirmation_required,institutional_confirmation_required,institutional_confirmation_required,institutional_confirmation_required,institutional_confirmation_required,institutional_confirmation_required,true,"Missing is not interpreted as negative, unlicensed, private, or stalled."
LY-INV-HOT-NAT-00059,فندق بيت الأمان,"{""ownership_type"": ""institutional_confirmation_required"", ""ownership_entity"": ""institutional_confirmation_required"", ""legal_status"": ""institutional_confirmation_required"", ""license_status"": ""institutional_confirmation_required"", ""planning_status"": ""institutional_confirmation_required"", ""environmental_status"": ""institutional_confirmation_required"", ""investment_value"": ""institutional_confirmation_required"", ""estimated_cost"": ""institutional_confirmation_required"", ""currency"": ""institutional_confirmation_required"", ""site_area_m2"": ""institutional_confirmation_required"", ""site_area_hectares"": ""institutional_confirmation_required"", ""implementing_entity"": ""institutional_confirmation_required"", ""supervising_entity"": ""institutional_confirmation_required"", ""investor_name"": ""institutional_confirmation_required"", ""operator_name"": ""institutional_confirmation_required"", ""infrastructure_status"": ""institutional_confirmation_required"", ""completion_percentage"": ""institutional_confirmation_required""}",data/incoming/tourism-investment-projects.kml,institutional_confirmation_required,institutional_confirmation_required,institutional_confirmation_required,institutional_confirmation_required,institutional_confirmation_required,institutional_confirmation_required,true,"Missing is not interpreted as negative, unlicensed, private, or stalled."
LY-INV-HOT-NAT-00060,فندق بيت الشرق,"{""ownership_type"": ""institutional_confirmation_required"", ""ownership_entity"": ""institutional_confirmation_required"", ""legal_status"": ""institutional_confirmation_required"", ""license_status"": ""institutional_confirmation_required"", ""planning_status"": ""institutional_confirmation_required"", ""environmental_status"": ""institutional_confirmation_required"", ""investment_value"": ""institutional_confirmation_required"", ""estimated_cost"": ""institutional_confirmation_required"", ""currency"": ""institutional_confirmation_required"", ""site_area_m2"": ""institutional_confirmation_required"", ""site_area_hectares"": ""institutional_confirmation_required"", ""implementing_entity"": ""institutional_confirmation_required"", ""supervising_entity"": ""institutional_confirmation_required"", ""investor_name"": ""institutional_confirmation_required"", ""operator_name"": ""institutional_confirmation_required"", ""infrastructure_status"": ""institutional_confirmation_required"", ""completion_percentage"": ""institutional_confirmation_required""}",data/incoming/tourism-investment-projects.kml,institutional_confirmation_required,institutional_confirmation_required,institutional_confirmation_required,institutional_confirmation_required,institutional_confirmation_required,institutional_confirmation_required,true,"Missing is not interpreted as negative, unlicensed, private, or stalled."
LY-INV-HOT-NAT-00061,فندق تابكت,"{""ownership_type"": ""institutional_confirmation_required"", ""ownership_entity"": ""institutional_confirmation_required"", ""legal_status"": ""institutional_confirmation_required"", ""license_status"": ""institutional_confirmation_required"", ""planning_status"": ""institutional_confirmation_required"", ""environmental_status"": ""institutional_confirmation_required"", ""investment_value"": ""institutional_confirmation_required"", ""estimated_cost"": ""institutional_confirmation_required"", ""currency"": ""institutional_confirmation_required"", ""site_area_m2"": ""institutional_confirmation_required"", ""site_area_hectares"": ""institutional_confirmation_required"", ""implementing_entity"": ""institutional_confirmation_required"", ""supervising_entity"": ""institutional_confirmation_required"", ""investor_name"": ""institutional_confirmation_required"", ""operator_name"": ""institutional_confirmation_required"", ""infrastructure_status"": ""institutional_confirmation_required"", ""completion_percentage"": ""institutional_confirmation_required""}",data/incoming/tourism-investment-projects.kml,institutional_confirmation_required,institutional_confirmation_required,institutional_confirmation_required,institutional_confirmation_required,institutional_confirmation_required,institutional_confirmation_required,true,"Missing is not interpreted as negative, unlicensed, private, or stalled."
LY-INV-HOT-NAT-00062,فندق توباكتس,"{""ownership_type"": ""institutional_confirmation_required"", ""ownership_entity"": ""institutional_confirmation_required"", ""legal_status"": ""institutional_confirmation_required"", ""license_status"": ""institutional_confirmation_required"", ""planning_status"": ""institutional_confirmation_required"", ""environmental_status"": ""institutional_confirmation_required"", ""investment_value"": ""institutional_confirmation_required"", ""estimated_cost"": ""institutional_confirmation_required"", ""currency"": ""institutional_confirmation_required"", ""site_area_m2"": ""institutional_confirmation_required"", ""site_area_hectares"": ""institutional_confirmation_required"", ""implementing_entity"": ""institutional_confirmation_required"", ""supervising_entity"": ""institutional_confirmation_required"", ""investor_name"": ""institutional_confirmation_required"", ""operator_name"": ""institutional_confirmation_required"", ""infrastructure_status"": ""institutional_confirmation_required"", ""completion_percentage"": ""institutional_confirmation_required""}",data/incoming/tourism-investment-projects.kml,institutional_confirmation_required,institutional_confirmation_required,institutional_confirmation_required,institutional_confirmation_required,institutional_confirmation_required,institutional_confirmation_required,true,"Missing is not interpreted as negative, unlicensed, private, or stalled."
LY-INV-HOT-NAT-00063,فندق جي دبليو ماريوت,"{""ownership_type"": ""institutional_confirmation_required"", ""ownership_entity"": ""institutional_confirmation_required"", ""legal_status"": ""institutional_confirmation_required"", ""license_status"": ""institutional_confirmation_required"", ""planning_status"": ""institutional_confirmation_required"", ""environmental_status"": ""institutional_confirmation_required"", ""investment_value"": ""institutional_confirmation_required"", ""estimated_cost"": ""institutional_confirmation_required"", ""currency"": ""institutional_confirmation_required"", ""site_area_m2"": ""institutional_confirmation_required"", ""site_area_hectares"": ""institutional_confirmation_required"", ""implementing_entity"": ""institutional_confirmation_required"", ""supervising_entity"": ""institutional_confirmation_required"", ""investor_name"": ""institutional_confirmation_required"", ""operator_name"": ""institutional_confirmation_required"", ""infrastructure_status"": ""institutional_confirmation_required"", ""completion_percentage"": ""institutional_confirmation_required""}",data/incoming/tourism-investment-projects.kml,institutional_confirmation_required,institutional_confirmation_required,institutional_confirmation_required,institutional_confirmation_required,institutional_confirmation_required,institutional_confirmation_required,true,"Missing is not interpreted as negative, unlicensed, private, or stalled."
LY-INV-HOT-GHA-00006,فندق دار غدامس,"{""ownership_type"": ""institutional_confirmation_required"", ""ownership_entity"": ""institutional_confirmation_required"", ""legal_status"": ""institutional_confirmation_required"", ""license_status"": ""institutional_confirmation_required"", ""planning_status"": ""institutional_confirmation_required"", ""environmental_status"": ""institutional_confirmation_required"", ""investment_value"": ""institutional_confirmation_required"", ""estimated_cost"": ""institutional_confirmation_required"", ""currency"": ""institutional_confirmation_required"", ""site_area_m2"": ""institutional_confirmation_required"", ""site_area_hectares"": ""institutional_confirmation_required"", ""implementing_entity"": ""institutional_confirmation_required"", ""supervising_entity"": ""institutional_confirmation_required"", ""investor_name"": ""institutional_confirmation_required"", ""operator_name"": ""institutional_confirmation_required"", ""infrastructure_status"": ""institutional_confirmation_required"", ""completion_percentage"": ""institutional_confirmation_required""}",data/incoming/tourism-investment-projects.kml,institutional_confirmation_required,institutional_confirmation_required,institutional_confirmation_required,institutional_confirmation_required,institutional_confirmation_required,institutional_confirmation_required,true,"Missing is not interpreted as negative, unlicensed, private, or stalled."
LY-INV-HOT-NAT-00064,فندق ديار الهناء,"{""ownership_type"": ""institutional_confirmation_required"", ""ownership_entity"": ""institutional_confirmation_required"", ""legal_status"": ""institutional_confirmation_required"", ""license_status"": ""institutional_confirmation_required"", ""planning_status"": ""institutional_confirmation_required"", ""environmental_status"": ""institutional_confirmation_required"", ""investment_value"": ""institutional_confirmation_required"", ""estimated_cost"": ""institutional_confirmation_required"", ""currency"": ""institutional_confirmation_required"", ""site_area_m2"": ""institutional_confirmation_required"", ""site_area_hectares"": ""institutional_confirmation_required"", ""implementing_entity"": ""institutional_confirmation_required"", ""supervising_entity"": ""institutional_confirmation_required"", ""investor_name"": ""institutional_confirmation_required"", ""operator_name"": ""institutional_confirmation_required"", ""infrastructure_status"": ""institutional_confirmation_required"", ""completion_percentage"": ""institutional_confirmation_required""}",data/incoming/tourism-investment-projects.kml,institutional_confirmation_required,institutional_confirmation_required,institutional_confirmation_required,institutional_confirmation_required,institutional_confirmation_required,institutional_confirmation_required,true,"Missing is not interpreted as negative, unlicensed, private, or stalled."
LY-INV-HOT-NAT-00065,فندق ليبوس,"{""ownership_type"": ""institutional_confirmation_required"", ""ownership_entity"": ""institutional_confirmation_required"", ""legal_status"": ""institutional_confirmation_required"", ""license_status"": ""institutional_confirmation_required"", ""planning_status"": ""institutional_confirmation_required"", ""environmental_status"": ""institutional_confirmation_required"", ""investment_value"": ""institutional_confirmation_required"", ""estimated_cost"": ""institutional_confirmation_required"", ""currency"": ""institutional_confirmation_required"", ""site_area_m2"": ""institutional_confirmation_required"", ""site_area_hectares"": ""institutional_confirmation_required"", ""implementing_entity"": ""institutional_confirmation_required"", ""supervising_entity"": ""institutional_confirmation_required"", ""investor_name"": ""institutional_confirmation_required"", ""operator_name"": ""institutional_confirmation_required"", ""infrastructure_status"": ""institutional_confirmation_required"", ""completion_percentage"": ""institutional_confirmation_required""}",data/incoming/tourism-investment-projects.kml,institutional_confirmation_required,institutional_confirmation_required,institutional_confirmation_required,institutional_confirmation_required,institutional_confirmation_required,institutional_confirmation_required,true,"Missing is not interpreted as negative, unlicensed, private, or stalled."
LY-INV-HOT-NAT-00066,فندق ريكسوس,"{""ownership_type"": ""institutional_confirmation_required"", ""ownership_entity"": ""institutional_confirmation_required"", ""legal_status"": ""institutional_confirmation_required"", ""license_status"": ""institutional_confirmation_required"", ""planning_status"": ""institutional_confirmation_required"", ""environmental_status"": ""institutional_confirmation_required"", ""investment_value"": ""institutional_confirmation_required"", ""estimated_cost"": ""institutional_confirmation_required"", ""currency"": ""institutional_confirmation_required"", ""site_area_m2"": ""institutional_confirmation_required"", ""site_area_hectares"": ""institutional_confirmation_required"", ""implementing_entity"": ""institutional_confirmation_required"", ""supervising_entity"": ""institutional_confirmation_required"", ""investor_name"": ""institutional_confirmation_required"", ""operator_name"": ""institutional_confirmation_required"", ""infrastructure_status"": ""institutional_confirmation_required"", ""completion_percentage"": ""institutional_confirmation_required""}",data/incoming/tourism-investment-projects.kml,institutional_confirmation_required,institutional_confirmation_required,institutional_confirmation_required,institutional_confirmation_required,institutional_confirmation_required,institutional_confirmation_required,true,"Missing is not interpreted as negative, unlicensed, private, or stalled."
LY-INV-HOT-ZLI-00001,فندق زليتن,"{""ownership_type"": ""institutional_confirmation_required"", ""ownership_entity"": ""institutional_confirmation_required"", ""legal_status"": ""institutional_confirmation_required"", ""license_status"": ""institutional_confirmation_required"", ""planning_status"": ""institutional_confirmation_required"", ""environmental_status"": ""institutional_confirmation_required"", ""investment_value"": ""institutional_confirmation_required"", ""estimated_cost"": ""institutional_confirmation_required"", ""currency"": ""institutional_confirmation_required"", ""site_area_m2"": ""institutional_confirmation_required"", ""site_area_hectares"": ""institutional_confirmation_required"", ""implementing_entity"": ""institutional_confirmation_required"", ""supervising_entity"": ""institutional_confirmation_required"", ""investor_name"": ""institutional_confirmation_required"", ""operator_name"": ""institutional_confirmation_required"", ""infrastructure_status"": ""institutional_confirmation_required"", ""completion_percentage"": ""institutional_confirmation_required""}",data/incoming/tourism-investment-projects.kml,institutional_confirmation_required,institutional_confirmation_required,institutional_confirmation_required,institutional_confirmation_required,institutional_confirmation_required,institutional_confirmation_required,true,"Missing is not interpreted as negative, unlicensed, private, or stalled."
LY-INV-HOT-NAT-00067,فندق زميت,"{""ownership_type"": ""institutional_confirmation_required"", ""ownership_entity"": ""institutional_confirmation_required"", ""legal_status"": ""institutional_confirmation_required"", ""license_status"": ""institutional_confirmation_required"", ""planning_status"": ""institutional_confirmation_required"", ""environmental_status"": ""institutional_confirmation_required"", ""investment_value"": ""institutional_confirmation_required"", ""estimated_cost"": ""institutional_confirmation_required"", ""currency"": ""institutional_confirmation_required"", ""site_area_m2"": ""institutional_confirmation_required"", ""site_area_hectares"": ""institutional_confirmation_required"", ""implementing_entity"": ""institutional_confirmation_required"", ""supervising_entity"": ""institutional_confirmation_required"", ""investor_name"": ""institutional_confirmation_required"", ""operator_name"": ""institutional_confirmation_required"", ""infrastructure_status"": ""institutional_confirmation_required"", ""completion_percentage"": ""institutional_confirmation_required""}",data/incoming/tourism-investment-projects.kml,institutional_confirmation_required,institutional_confirmation_required,institutional_confirmation_required,institutional_confirmation_required,institutional_confirmation_required,institutional_confirmation_required,true,"Missing is not interpreted as negative, unlicensed, private, or stalled."
LY-INV-HOT-NAT-00068,فندق زهرة الخليج,"{""ownership_type"": ""institutional_confirmation_required"", ""ownership_entity"": ""institutional_confirmation_required"", ""legal_status"": ""institutional_confirmation_required"", ""license_status"": ""institutional_confirmation_required"", ""planning_status"": ""institutional_confirmation_required"", ""environmental_status"": ""institutional_confirmation_required"", ""investment_value"": ""institutional_confirmation_required"", ""estimated_cost"": ""institutional_confirmation_required"", ""currency"": ""institutional_confirmation_required"", ""site_area_m2"": ""institutional_confirmation_required"", ""site_area_hectares"": ""institutional_confirmation_required"", ""implementing_entity"": ""institutional_confirmation_required"", ""supervising_entity"": ""institutional_confirmation_required"", ""investor_name"": ""institutional_confirmation_required"", ""operator_name"": ""institutional_confirmation_required"", ""infrastructure_status"": ""institutional_confirmation_required"", ""completion_percentage"": ""institutional_confirmation_required""}",data/incoming/tourism-investment-projects.kml,institutional_confirmation_required,institutional_confirmation_required,institutional_confirmation_required,institutional_confirmation_required,institutional_confirmation_required,institutional_confirmation_required,true,"Missing is not interpreted as negative, unlicensed, private, or stalled."
LY-INV-HOT-ZUW-00003,فندق زوارة,"{""ownership_type"": ""institutional_confirmation_required"", ""ownership_entity"": ""institutional_confirmation_required"", ""legal_status"": ""institutional_confirmation_required"", ""license_status"": ""institutional_confirmation_required"", ""planning_status"": ""institutional_confirmation_required"", ""environmental_status"": ""institutional_confirmation_required"", ""investment_value"": ""institutional_confirmation_required"", ""estimated_cost"": ""institutional_confirmation_required"", ""currency"": ""institutional_confirmation_required"", ""site_area_m2"": ""institutional_confirmation_required"", ""site_area_hectares"": ""institutional_confirmation_required"", ""implementing_entity"": ""institutional_confirmation_required"", ""supervising_entity"": ""institutional_confirmation_required"", ""investor_name"": ""institutional_confirmation_required"", ""operator_name"": ""institutional_confirmation_required"", ""infrastructure_status"": ""institutional_confirmation_required"", ""completion_percentage"": ""institutional_confirmation_required""}",data/incoming/tourism-investment-projects.kml,institutional_confirmation_required,institutional_confirmation_required,institutional_confirmation_required,institutional_confirmation_required,institutional_confirmation_required,institutional_confirmation_required,true,"Missing is not interpreted as negative, unlicensed, private, or stalled."
LY-INV-HOT-NAT-00069,فندق سرايا الليبو,"{""ownership_type"": ""institutional_confirmation_required"", ""ownership_entity"": ""institutional_confirmation_required"", ""legal_status"": ""institutional_confirmation_required"", ""license_status"": ""institutional_confirmation_required"", ""planning_status"": ""institutional_confirmation_required"", ""environmental_status"": ""institutional_confirmation_required"", ""investment_value"": ""institutional_confirmation_required"", ""estimated_cost"": ""institutional_confirmation_required"", ""currency"": ""institutional_confirmation_required"", ""site_area_m2"": ""institutional_confirmation_required"", ""site_area_hectares"": ""institutional_confirmation_required"", ""implementing_entity"": ""institutional_confirmation_required"", ""supervising_entity"": ""institutional_confirmation_required"", ""investor_name"": ""institutional_confirmation_required"", ""operator_name"": ""institutional_confirmation_required"", ""infrastructure_status"": ""institutional_confirmation_required"", ""completion_percentage"": ""institutional_confirmation_required""}",data/incoming/tourism-investment-projects.kml,institutional_confirmation_required,institutional_confirmation_required,institutional_confirmation_required,institutional_confirmation_required,institutional_confirmation_required,institutional_confirmation_required,true,"Missing is not interpreted as negative, unlicensed, private, or stalled."
LY-INV-HOT-NAT-00070,فندق سفاري,"{""ownership_type"": ""institutional_confirmation_required"", ""ownership_entity"": ""institutional_confirmation_required"", ""legal_status"": ""institutional_confirmation_required"", ""license_status"": ""institutional_confirmation_required"", ""planning_status"": ""institutional_confirmation_required"", ""environmental_status"": ""institutional_confirmation_required"", ""investment_value"": ""institutional_confirmation_required"", ""estimated_cost"": ""institutional_confirmation_required"", ""currency"": ""institutional_confirmation_required"", ""site_area_m2"": ""institutional_confirmation_required"", ""site_area_hectares"": ""institutional_confirmation_required"", ""implementing_entity"": ""institutional_confirmation_required"", ""supervising_entity"": ""institutional_confirmation_required"", ""investor_name"": ""institutional_confirmation_required"", ""operator_name"": ""institutional_confirmation_required"", ""infrastructure_status"": ""institutional_confirmation_required"", ""completion_percentage"": ""institutional_confirmation_required""}",data/incoming/tourism-investment-projects.kml,institutional_confirmation_required,institutional_confirmation_required,institutional_confirmation_required,institutional_confirmation_required,institutional_confirmation_required,institutional_confirmation_required,true,"Missing is not interpreted as negative, unlicensed, private, or stalled."
LY-INV-HOT-NAT-00071,فندق سفاري 2,"{""ownership_type"": ""institutional_confirmation_required"", ""ownership_entity"": ""institutional_confirmation_required"", ""legal_status"": ""institutional_confirmation_required"", ""license_status"": ""institutional_confirmation_required"", ""planning_status"": ""institutional_confirmation_required"", ""environmental_status"": ""institutional_confirmation_required"", ""investment_value"": ""institutional_confirmation_required"", ""estimated_cost"": ""institutional_confirmation_required"", ""currency"": ""institutional_confirmation_required"", ""site_area_m2"": ""institutional_confirmation_required"", ""site_area_hectares"": ""institutional_confirmation_required"", ""implementing_entity"": ""institutional_confirmation_required"", ""supervising_entity"": ""institutional_confirmation_required"", ""investor_name"": ""institutional_confirmation_required"", ""operator_name"": ""institutional_confirmation_required"", ""infrastructure_status"": ""institutional_confirmation_required"", ""completion_percentage"": ""institutional_confirmation_required""}",data/incoming/tourism-investment-projects.kml,institutional_confirmation_required,institutional_confirmation_required,institutional_confirmation_required,institutional_confirmation_required,institutional_confirmation_required,institutional_confirmation_required,true,"Missing is not interpreted as negative, unlicensed, private, or stalled."
LY-INV-HOT-NAT-00072,فندق سفيروس,"{""ownership_type"": ""institutional_confirmation_required"", ""ownership_entity"": ""institutional_confirmation_required"", ""legal_status"": ""institutional_confirmation_required"", ""license_status"": ""institutional_confirmation_required"", ""planning_status"": ""institutional_confirmation_required"", ""environmental_status"": ""institutional_confirmation_required"", ""investment_value"": ""institutional_confirmation_required"", ""estimated_cost"": ""institutional_confirmation_required"", ""currency"": ""institutional_confirmation_required"", ""site_area_m2"": ""institutional_confirmation_required"", ""site_area_hectares"": ""institutional_confirmation_required"", ""implementing_entity"": ""institutional_confirmation_required"", ""supervising_entity"": ""institutional_confirmation_required"", ""investor_name"": ""institutional_confirmation_required"", ""operator_name"": ""institutional_confirmation_required"", ""infrastructure_status"": ""institutional_confirmation_required"", ""completion_percentage"": ""institutional_confirmation_required""}",data/incoming/tourism-investment-projects.kml,institutional_confirmation_required,institutional_confirmation_required,institutional_confirmation_required,institutional_confirmation_required,institutional_confirmation_required,institutional_confirmation_required,true,"Missing is not interpreted as negative, unlicensed, private, or stalled."
LY-INV-HOT-NAT-00073,فندق شروق افريقيا,"{""ownership_type"": ""institutional_confirmation_required"", ""ownership_entity"": ""institutional_confirmation_required"", ""legal_status"": ""institutional_confirmation_required"", ""license_status"": ""institutional_confirmation_required"", ""planning_status"": ""institutional_confirmation_required"", ""environmental_status"": ""institutional_confirmation_required"", ""investment_value"": ""institutional_confirmation_required"", ""estimated_cost"": ""institutional_confirmation_required"", ""currency"": ""institutional_confirmation_required"", ""site_area_m2"": ""institutional_confirmation_required"", ""site_area_hectares"": ""institutional_confirmation_required"", ""implementing_entity"": ""institutional_confirmation_required"", ""supervising_entity"": ""institutional_confirmation_required"", ""investor_name"": ""institutional_confirmation_required"", ""operator_name"": ""institutional_confirmation_required"", ""infrastructure_status"": ""institutional_confirmation_required"", ""completion_percentage"": ""institutional_confirmation_required""}",data/incoming/tourism-investment-projects.kml,institutional_confirmation_required,institutional_confirmation_required,institutional_confirmation_required,institutional_confirmation_required,institutional_confirmation_required,institutional_confirmation_required,true,"Missing is not interpreted as negative, unlicensed, private, or stalled."
LY-INV-HOT-NAT-00074,فندق صحارى ليبيا,"{""ownership_type"": ""institutional_confirmation_required"", ""ownership_entity"": ""institutional_confirmation_required"", ""legal_status"": ""institutional_confirmation_required"", ""license_status"": ""institutional_confirmation_required"", ""planning_status"": ""institutional_confirmation_required"", ""environmental_status"": ""institutional_confirmation_required"", ""investment_value"": ""institutional_confirmation_required"", ""estimated_cost"": ""institutional_confirmation_required"", ""currency"": ""institutional_confirmation_required"", ""site_area_m2"": ""institutional_confirmation_required"", ""site_area_hectares"": ""institutional_confirmation_required"", ""implementing_entity"": ""institutional_confirmation_required"", ""supervising_entity"": ""institutional_confirmation_required"", ""investor_name"": ""institutional_confirmation_required"", ""operator_name"": ""institutional_confirmation_required"", ""infrastructure_status"": ""institutional_confirmation_required"", ""completion_percentage"": ""institutional_confirmation_required""}",data/incoming/tourism-investment-projects.kml,institutional_confirmation_required,institutional_confirmation_required,institutional_confirmation_required,institutional_confirmation_required,institutional_confirmation_required,institutional_confirmation_required,true,"Missing is not interpreted as negative, unlicensed, private, or stalled."
LY-INV-HOT-NAT-00075,فندق ضيافة ونيس,"{""ownership_type"": ""institutional_confirmation_required"", ""ownership_entity"": ""institutional_confirmation_required"", ""legal_status"": ""institutional_confirmation_required"", ""license_status"": ""institutional_confirmation_required"", ""planning_status"": ""institutional_confirmation_required"", ""environmental_status"": ""institutional_confirmation_required"", ""investment_value"": ""institutional_confirmation_required"", ""estimated_cost"": ""institutional_confirmation_required"", ""currency"": ""institutional_confirmation_required"", ""site_area_m2"": ""institutional_confirmation_required"", ""site_area_hectares"": ""institutional_confirmation_required"", ""implementing_entity"": ""institutional_confirmation_required"", ""supervising_entity"": ""institutional_confirmation_required"", ""investor_name"": ""institutional_confirmation_required"", ""operator_name"": ""institutional_confirmation_required"", ""infrastructure_status"": ""institutional_confirmation_required"", ""completion_percentage"": ""institutional_confirmation_required""}",data/incoming/tourism-investment-projects.kml,institutional_confirmation_required,institutional_confirmation_required,institutional_confirmation_required,institutional_confirmation_required,institutional_confirmation_required,institutional_confirmation_required,true,"Missing is not interpreted as negative, unlicensed, private, or stalled."
LY-INV-HOT-TRI-00020,فندق طرابلس الدولي,"{""ownership_type"": ""institutional_confirmation_required"", ""ownership_entity"": ""institutional_confirmation_required"", ""legal_status"": ""institutional_confirmation_required"", ""license_status"": ""institutional_confirmation_required"", ""planning_status"": ""institutional_confirmation_required"", ""environmental_status"": ""institutional_confirmation_required"", ""investment_value"": ""institutional_confirmation_required"", ""estimated_cost"": ""institutional_confirmation_required"", ""currency"": ""institutional_confirmation_required"", ""site_area_m2"": ""institutional_confirmation_required"", ""site_area_hectares"": ""institutional_confirmation_required"", ""implementing_entity"": ""institutional_confirmation_required"", ""supervising_entity"": ""institutional_confirmation_required"", ""investor_name"": ""institutional_confirmation_required"", ""operator_name"": ""institutional_confirmation_required"", ""infrastructure_status"": ""institutional_confirmation_required"", ""completion_percentage"": ""institutional_confirmation_required""}",data/incoming/tourism-investment-projects.kml,institutional_confirmation_required,institutional_confirmation_required,institutional_confirmation_required,institutional_confirmation_required,institutional_confirmation_required,institutional_confirmation_required,true,"Missing is not interpreted as negative, unlicensed, private, or stalled."
LY-INV-HOT-NAT-00076,فندق طليطلة,"{""ownership_type"": ""institutional_confirmation_required"", ""ownership_entity"": ""institutional_confirmation_required"", ""legal_status"": ""institutional_confirmation_required"", ""license_status"": ""institutional_confirmation_required"", ""planning_status"": ""institutional_confirmation_required"", ""environmental_status"": ""institutional_confirmation_required"", ""investment_value"": ""institutional_confirmation_required"", ""estimated_cost"": ""institutional_confirmation_required"", ""currency"": ""institutional_confirmation_required"", ""site_area_m2"": ""institutional_confirmation_required"", ""site_area_hectares"": ""institutional_confirmation_required"", ""implementing_entity"": ""institutional_confirmation_required"", ""supervising_entity"": ""institutional_confirmation_required"", ""investor_name"": ""institutional_confirmation_required"", ""operator_name"": ""institutional_confirmation_required"", ""infrastructure_status"": ""institutional_confirmation_required"", ""completion_percentage"": ""institutional_confirmation_required""}",data/incoming/tourism-investment-projects.kml,institutional_confirmation_required,institutional_confirmation_required,institutional_confirmation_required,institutional_confirmation_required,institutional_confirmation_required,institutional_confirmation_required,true,"Missing is not interpreted as negative, unlicensed, private, or stalled."
LY-INV-HOT-NAT-00077,فندق طيبة,"{""ownership_type"": ""institutional_confirmation_required"", ""ownership_entity"": ""institutional_confirmation_required"", ""legal_status"": ""institutional_confirmation_required"", ""license_status"": ""institutional_confirmation_required"", ""planning_status"": ""institutional_confirmation_required"", ""environmental_status"": ""institutional_confirmation_required"", ""investment_value"": ""institutional_confirmation_required"", ""estimated_cost"": ""institutional_confirmation_required"", ""currency"": ""institutional_confirmation_required"", ""site_area_m2"": ""institutional_confirmation_required"", ""site_area_hectares"": ""institutional_confirmation_required"", ""implementing_entity"": ""institutional_confirmation_required"", ""supervising_entity"": ""institutional_confirmation_required"", ""investor_name"": ""institutional_confirmation_required"", ""operator_name"": ""institutional_confirmation_required"", ""infrastructure_status"": ""institutional_confirmation_required"", ""completion_percentage"": ""institutional_confirmation_required""}",data/incoming/tourism-investment-projects.kml,institutional_confirmation_required,institutional_confirmation_required,institutional_confirmation_required,institutional_confirmation_required,institutional_confirmation_required,institutional_confirmation_required,true,"Missing is not interpreted as negative, unlicensed, private, or stalled."
LY-INV-HOT-NAT-00078,فندق عمير,"{""ownership_type"": ""institutional_confirmation_required"", ""ownership_entity"": ""institutional_confirmation_required"", ""legal_status"": ""institutional_confirmation_required"", ""license_status"": ""institutional_confirmation_required"", ""planning_status"": ""institutional_confirmation_required"", ""environmental_status"": ""institutional_confirmation_required"", ""investment_value"": ""institutional_confirmation_required"", ""estimated_cost"": ""institutional_confirmation_required"", ""currency"": ""institutional_confirmation_required"", ""site_area_m2"": ""institutional_confirmation_required"", ""site_area_hectares"": ""institutional_confirmation_required"", ""implementing_entity"": ""institutional_confirmation_required"", ""supervising_entity"": ""institutional_confirmation_required"", ""investor_name"": ""institutional_confirmation_required"", ""operator_name"": ""institutional_confirmation_required"", ""infrastructure_status"": ""institutional_confirmation_required"", ""completion_percentage"": ""institutional_confirmation_required""}",data/incoming/tourism-investment-projects.kml,institutional_confirmation_required,institutional_confirmation_required,institutional_confirmation_required,institutional_confirmation_required,institutional_confirmation_required,institutional_confirmation_required,true,"Missing is not interpreted as negative, unlicensed, private, or stalled."
LY-INV-HOT-NAT-00079,فندق عين الفرس,"{""ownership_type"": ""institutional_confirmation_required"", ""ownership_entity"": ""institutional_confirmation_required"", ""legal_status"": ""institutional_confirmation_required"", ""license_status"": ""institutional_confirmation_required"", ""planning_status"": ""institutional_confirmation_required"", ""environmental_status"": ""institutional_confirmation_required"", ""investment_value"": ""institutional_confirmation_required"", ""estimated_cost"": ""institutional_confirmation_required"", ""currency"": ""institutional_confirmation_required"", ""site_area_m2"": ""institutional_confirmation_required"", ""site_area_hectares"": ""institutional_confirmation_required"", ""implementing_entity"": ""institutional_confirmation_required"", ""supervising_entity"": ""institutional_confirmation_required"", ""investor_name"": ""institutional_confirmation_required"", ""operator_name"": ""institutional_confirmation_required"", ""infrastructure_status"": ""institutional_confirmation_required"", ""completion_percentage"": ""institutional_confirmation_required""}",data/incoming/tourism-investment-projects.kml,institutional_confirmation_required,institutional_confirmation_required,institutional_confirmation_required,institutional_confirmation_required,institutional_confirmation_required,institutional_confirmation_required,true,"Missing is not interpreted as negative, unlicensed, private, or stalled."
LY-INV-HOT-NAT-00080,فندق غابة الكشافة,"{""ownership_type"": ""institutional_confirmation_required"", ""ownership_entity"": ""institutional_confirmation_required"", ""legal_status"": ""institutional_confirmation_required"", ""license_status"": ""institutional_confirmation_required"", ""planning_status"": ""institutional_confirmation_required"", ""environmental_status"": ""institutional_confirmation_required"", ""investment_value"": ""institutional_confirmation_required"", ""estimated_cost"": ""institutional_confirmation_required"", ""currency"": ""institutional_confirmation_required"", ""site_area_m2"": ""institutional_confirmation_required"", ""site_area_hectares"": ""institutional_confirmation_required"", ""implementing_entity"": ""institutional_confirmation_required"", ""supervising_entity"": ""institutional_confirmation_required"", ""investor_name"": ""institutional_confirmation_required"", ""operator_name"": ""institutional_confirmation_required"", ""infrastructure_status"": ""institutional_confirmation_required"", ""completion_percentage"": ""institutional_confirmation_required""}",data/incoming/tourism-investment-projects.kml,institutional_confirmation_required,institutional_confirmation_required,institutional_confirmation_required,institutional_confirmation_required,institutional_confirmation_required,institutional_confirmation_required,true,"Missing is not interpreted as negative, unlicensed, private, or stalled."
LY-INV-HOT-NAT-00081,فندق غريان السياحي,"{""ownership_type"": ""institutional_confirmation_required"", ""ownership_entity"": ""institutional_confirmation_required"", ""legal_status"": ""institutional_confirmation_required"", ""license_status"": ""institutional_confirmation_required"", ""planning_status"": ""institutional_confirmation_required"", ""environmental_status"": ""institutional_confirmation_required"", ""investment_value"": ""institutional_confirmation_required"", ""estimated_cost"": ""institutional_confirmation_required"", ""currency"": ""institutional_confirmation_required"", ""site_area_m2"": ""institutional_confirmation_required"", ""site_area_hectares"": ""institutional_confirmation_required"", ""implementing_entity"": ""institutional_confirmation_required"", ""supervising_entity"": ""institutional_confirmation_required"", ""investor_name"": ""institutional_confirmation_required"", ""operator_name"": ""institutional_confirmation_required"", ""infrastructure_status"": ""institutional_confirmation_required"", ""completion_percentage"": ""institutional_confirmation_required""}",data/incoming/tourism-investment-projects.kml,institutional_confirmation_required,institutional_confirmation_required,institutional_confirmation_required,institutional_confirmation_required,institutional_confirmation_required,institutional_confirmation_required,true,"Missing is not interpreted as negative, unlicensed, private, or stalled."
LY-INV-HOT-NAT-00082,فندق قرطاج,"{""ownership_type"": ""institutional_confirmation_required"", ""ownership_entity"": ""institutional_confirmation_required"", ""legal_status"": ""institutional_confirmation_required"", ""license_status"": ""institutional_confirmation_required"", ""planning_status"": ""institutional_confirmation_required"", ""environmental_status"": ""institutional_confirmation_required"", ""investment_value"": ""institutional_confirmation_required"", ""estimated_cost"": ""institutional_confirmation_required"", ""currency"": ""institutional_confirmation_required"", ""site_area_m2"": ""institutional_confirmation_required"", ""site_area_hectares"": ""institutional_confirmation_required"", ""implementing_entity"": ""institutional_confirmation_required"", ""supervising_entity"": ""institutional_confirmation_required"", ""investor_name"": ""institutional_confirmation_required"", ""operator_name"": ""institutional_confirmation_required"", ""infrastructure_status"": ""institutional_confirmation_required"", ""completion_percentage"": ""institutional_confirmation_required""}",data/incoming/tourism-investment-projects.kml,institutional_confirmation_required,institutional_confirmation_required,institutional_confirmation_required,institutional_confirmation_required,institutional_confirmation_required,institutional_confirmation_required,true,"Missing is not interpreted as negative, unlicensed, private, or stalled."
LY-INV-HOT-NAT-00083,فندق قصر الظهرة,"{""ownership_type"": ""institutional_confirmation_required"", ""ownership_entity"": ""institutional_confirmation_required"", ""legal_status"": ""institutional_confirmation_required"", ""license_status"": ""institutional_confirmation_required"", ""planning_status"": ""institutional_confirmation_required"", ""environmental_status"": ""institutional_confirmation_required"", ""investment_value"": ""institutional_confirmation_required"", ""estimated_cost"": ""institutional_confirmation_required"", ""currency"": ""institutional_confirmation_required"", ""site_area_m2"": ""institutional_confirmation_required"", ""site_area_hectares"": ""institutional_confirmation_required"", ""implementing_entity"": ""institutional_confirmation_required"", ""supervising_entity"": ""institutional_confirmation_required"", ""investor_name"": ""institutional_confirmation_required"", ""operator_name"": ""institutional_confirmation_required"", ""infrastructure_status"": ""institutional_confirmation_required"", ""completion_percentage"": ""institutional_confirmation_required""}",data/incoming/tourism-investment-projects.kml,institutional_confirmation_required,institutional_confirmation_required,institutional_confirmation_required,institutional_confirmation_required,institutional_confirmation_required,institutional_confirmation_required,true,"Missing is not interpreted as negative, unlicensed, private, or stalled."
LY-INV-HOT-NAT-00084,فندق قصر الفيروز,"{""ownership_type"": ""institutional_confirmation_required"", ""ownership_entity"": ""institutional_confirmation_required"", ""legal_status"": ""institutional_confirmation_required"", ""license_status"": ""institutional_confirmation_required"", ""planning_status"": ""institutional_confirmation_required"", ""environmental_status"": ""institutional_confirmation_required"", ""investment_value"": ""institutional_confirmation_required"", ""estimated_cost"": ""institutional_confirmation_required"", ""currency"": ""institutional_confirmation_required"", ""site_area_m2"": ""institutional_confirmation_required"", ""site_area_hectares"": ""institutional_confirmation_required"", ""implementing_entity"": ""institutional_confirmation_required"", ""supervising_entity"": ""institutional_confirmation_required"", ""investor_name"": ""institutional_confirmation_required"", ""operator_name"": ""institutional_confirmation_required"", ""infrastructure_status"": ""institutional_confirmation_required"", ""completion_percentage"": ""institutional_confirmation_required""}",data/incoming/tourism-investment-projects.kml,institutional_confirmation_required,institutional_confirmation_required,institutional_confirmation_required,institutional_confirmation_required,institutional_confirmation_required,institutional_confirmation_required,true,"Missing is not interpreted as negative, unlicensed, private, or stalled."
LY-INV-HOT-SAB-00003,فندق قمر صبراتة,"{""ownership_type"": ""institutional_confirmation_required"", ""ownership_entity"": ""institutional_confirmation_required"", ""legal_status"": ""institutional_confirmation_required"", ""license_status"": ""institutional_confirmation_required"", ""planning_status"": ""institutional_confirmation_required"", ""environmental_status"": ""institutional_confirmation_required"", ""investment_value"": ""institutional_confirmation_required"", ""estimated_cost"": ""institutional_confirmation_required"", ""currency"": ""institutional_confirmation_required"", ""site_area_m2"": ""institutional_confirmation_required"", ""site_area_hectares"": ""institutional_confirmation_required"", ""implementing_entity"": ""institutional_confirmation_required"", ""supervising_entity"": ""institutional_confirmation_required"", ""investor_name"": ""institutional_confirmation_required"", ""operator_name"": ""institutional_confirmation_required"", ""infrastructure_status"": ""institutional_confirmation_required"", ""completion_percentage"": ""institutional_confirmation_required""}",data/incoming/tourism-investment-projects.kml,institutional_confirmation_required,institutional_confirmation_required,institutional_confirmation_required,institutional_confirmation_required,institutional_confirmation_required,institutional_confirmation_required,true,"Missing is not interpreted as negative, unlicensed, private, or stalled."
LY-INV-HOT-NAT-00085,فندق كونتنتال,"{""ownership_type"": ""institutional_confirmation_required"", ""ownership_entity"": ""institutional_confirmation_required"", ""legal_status"": ""institutional_confirmation_required"", ""license_status"": ""institutional_confirmation_required"", ""planning_status"": ""institutional_confirmation_required"", ""environmental_status"": ""institutional_confirmation_required"", ""investment_value"": ""institutional_confirmation_required"", ""estimated_cost"": ""institutional_confirmation_required"", ""currency"": ""institutional_confirmation_required"", ""site_area_m2"": ""institutional_confirmation_required"", ""site_area_hectares"": ""institutional_confirmation_required"", ""implementing_entity"": ""institutional_confirmation_required"", ""supervising_entity"": ""institutional_confirmation_required"", ""investor_name"": ""institutional_confirmation_required"", ""operator_name"": ""institutional_confirmation_required"", ""infrastructure_status"": ""institutional_confirmation_required"", ""completion_percentage"": ""institutional_confirmation_required""}",data/incoming/tourism-investment-projects.kml,institutional_confirmation_required,institutional_confirmation_required,institutional_confirmation_required,institutional_confirmation_required,institutional_confirmation_required,institutional_confirmation_required,true,"Missing is not interpreted as negative, unlicensed, private, or stalled."
LY-INV-HOT-KHO-00004,فندق لبدة السياحي الخمس,"{""ownership_type"": ""institutional_confirmation_required"", ""ownership_entity"": ""institutional_confirmation_required"", ""legal_status"": ""institutional_confirmation_required"", ""license_status"": ""institutional_confirmation_required"", ""planning_status"": ""institutional_confirmation_required"", ""environmental_status"": ""institutional_confirmation_required"", ""investment_value"": ""institutional_confirmation_required"", ""estimated_cost"": ""institutional_confirmation_required"", ""currency"": ""institutional_confirmation_required"", ""site_area_m2"": ""institutional_confirmation_required"", ""site_area_hectares"": ""institutional_confirmation_required"", ""implementing_entity"": ""institutional_confirmation_required"", ""supervising_entity"": ""institutional_confirmation_required"", ""investor_name"": ""institutional_confirmation_required"", ""operator_name"": ""institutional_confirmation_required"", ""infrastructure_status"": ""institutional_confirmation_required"", ""completion_percentage"": ""institutional_confirmation_required""}",data/incoming/tourism-investment-projects.kml,institutional_confirmation_required,institutional_confirmation_required,institutional_confirmation_required,institutional_confirmation_required,institutional_confirmation_required,institutional_confirmation_required,true,"Missing is not interpreted as negative, unlicensed, private, or stalled."
LY-INV-HOT-NAT-00086,فندق ليالي قرطاج,"{""ownership_type"": ""institutional_confirmation_required"", ""ownership_entity"": ""institutional_confirmation_required"", ""legal_status"": ""institutional_confirmation_required"", ""license_status"": ""institutional_confirmation_required"", ""planning_status"": ""institutional_confirmation_required"", ""environmental_status"": ""institutional_confirmation_required"", ""investment_value"": ""institutional_confirmation_required"", ""estimated_cost"": ""institutional_confirmation_required"", ""currency"": ""institutional_confirmation_required"", ""site_area_m2"": ""institutional_confirmation_required"", ""site_area_hectares"": ""institutional_confirmation_required"", ""implementing_entity"": ""institutional_confirmation_required"", ""supervising_entity"": ""institutional_confirmation_required"", ""investor_name"": ""institutional_confirmation_required"", ""operator_name"": ""institutional_confirmation_required"", ""infrastructure_status"": ""institutional_confirmation_required"", ""completion_percentage"": ""institutional_confirmation_required""}",data/incoming/tourism-investment-projects.kml,institutional_confirmation_required,institutional_confirmation_required,institutional_confirmation_required,institutional_confirmation_required,institutional_confirmation_required,institutional_confirmation_required,true,"Missing is not interpreted as negative, unlicensed, private, or stalled."
LY-INV-HOT-NAT-00087,فندق ليبيا,"{""ownership_type"": ""institutional_confirmation_required"", ""ownership_entity"": ""institutional_confirmation_required"", ""legal_status"": ""institutional_confirmation_required"", ""license_status"": ""institutional_confirmation_required"", ""planning_status"": ""institutional_confirmation_required"", ""environmental_status"": ""institutional_confirmation_required"", ""investment_value"": ""institutional_confirmation_required"", ""estimated_cost"": ""institutional_confirmation_required"", ""currency"": ""institutional_confirmation_required"", ""site_area_m2"": ""institutional_confirmation_required"", ""site_area_hectares"": ""institutional_confirmation_required"", ""implementing_entity"": ""institutional_confirmation_required"", ""supervising_entity"": ""institutional_confirmation_required"", ""investor_name"": ""institutional_confirmation_required"", ""operator_name"": ""institutional_confirmation_required"", ""infrastructure_status"": ""institutional_confirmation_required"", ""completion_percentage"": ""institutional_confirmation_required""}",data/incoming/tourism-investment-projects.kml,institutional_confirmation_required,institutional_confirmation_required,institutional_confirmation_required,institutional_confirmation_required,institutional_confirmation_required,institutional_confirmation_required,true,"Missing is not interpreted as negative, unlicensed, private, or stalled."
LY-INV-HOT-NAT-00088,فندق مادي الحسان,"{""ownership_type"": ""institutional_confirmation_required"", ""ownership_entity"": ""institutional_confirmation_required"", ""legal_status"": ""institutional_confirmation_required"", ""license_status"": ""institutional_confirmation_required"", ""planning_status"": ""institutional_confirmation_required"", ""environmental_status"": ""institutional_confirmation_required"", ""investment_value"": ""institutional_confirmation_required"", ""estimated_cost"": ""institutional_confirmation_required"", ""currency"": ""institutional_confirmation_required"", ""site_area_m2"": ""institutional_confirmation_required"", ""site_area_hectares"": ""institutional_confirmation_required"", ""implementing_entity"": ""institutional_confirmation_required"", ""supervising_entity"": ""institutional_confirmation_required"", ""investor_name"": ""institutional_confirmation_required"", ""operator_name"": ""institutional_confirmation_required"", ""infrastructure_status"": ""institutional_confirmation_required"", ""completion_percentage"": ""institutional_confirmation_required""}",data/incoming/tourism-investment-projects.kml,institutional_confirmation_required,institutional_confirmation_required,institutional_confirmation_required,institutional_confirmation_required,institutional_confirmation_required,institutional_confirmation_required,true,"Missing is not interpreted as negative, unlicensed, private, or stalled."
LY-INV-HOT-GHA-00007,فندق نجوم غدامس,"{""ownership_type"": ""institutional_confirmation_required"", ""ownership_entity"": ""institutional_confirmation_required"", ""legal_status"": ""institutional_confirmation_required"", ""license_status"": ""institutional_confirmation_required"", ""planning_status"": ""institutional_confirmation_required"", ""environmental_status"": ""institutional_confirmation_required"", ""investment_value"": ""institutional_confirmation_required"", ""estimated_cost"": ""institutional_confirmation_required"", ""currency"": ""institutional_confirmation_required"", ""site_area_m2"": ""institutional_confirmation_required"", ""site_area_hectares"": ""institutional_confirmation_required"", ""implementing_entity"": ""institutional_confirmation_required"", ""supervising_entity"": ""institutional_confirmation_required"", ""investor_name"": ""institutional_confirmation_required"", ""operator_name"": ""institutional_confirmation_required"", ""infrastructure_status"": ""institutional_confirmation_required"", ""completion_percentage"": ""institutional_confirmation_required""}",data/incoming/tourism-investment-projects.kml,institutional_confirmation_required,institutional_confirmation_required,institutional_confirmation_required,institutional_confirmation_required,institutional_confirmation_required,institutional_confirmation_required,true,"Missing is not interpreted as negative, unlicensed, private, or stalled."
LY-INV-HOT-NAT-00089,فندق نور الثريا,"{""ownership_type"": ""institutional_confirmation_required"", ""ownership_entity"": ""institutional_confirmation_required"", ""legal_status"": ""institutional_confirmation_required"", ""license_status"": ""institutional_confirmation_required"", ""planning_status"": ""institutional_confirmation_required"", ""environmental_status"": ""institutional_confirmation_required"", ""investment_value"": ""institutional_confirmation_required"", ""estimated_cost"": ""institutional_confirmation_required"", ""currency"": ""institutional_confirmation_required"", ""site_area_m2"": ""institutional_confirmation_required"", ""site_area_hectares"": ""institutional_confirmation_required"", ""implementing_entity"": ""institutional_confirmation_required"", ""supervising_entity"": ""institutional_confirmation_required"", ""investor_name"": ""institutional_confirmation_required"", ""operator_name"": ""institutional_confirmation_required"", ""infrastructure_status"": ""institutional_confirmation_required"", ""completion_percentage"": ""institutional_confirmation_required""}",data/incoming/tourism-investment-projects.kml,institutional_confirmation_required,institutional_confirmation_required,institutional_confirmation_required,institutional_confirmation_required,institutional_confirmation_required,institutional_confirmation_required,true,"Missing is not interpreted as negative, unlicensed, private, or stalled."
LY-INV-HOT-NAT-00090,فندق واستراحة جادو,"{""ownership_type"": ""institutional_confirmation_required"", ""ownership_entity"": ""institutional_confirmation_required"", ""legal_status"": ""institutional_confirmation_required"", ""license_status"": ""institutional_confirmation_required"", ""planning_status"": ""institutional_confirmation_required"", ""environmental_status"": ""institutional_confirmation_required"", ""investment_value"": ""institutional_confirmation_required"", ""estimated_cost"": ""institutional_confirmation_required"", ""currency"": ""institutional_confirmation_required"", ""site_area_m2"": ""institutional_confirmation_required"", ""site_area_hectares"": ""institutional_confirmation_required"", ""implementing_entity"": ""institutional_confirmation_required"", ""supervising_entity"": ""institutional_confirmation_required"", ""investor_name"": ""institutional_confirmation_required"", ""operator_name"": ""institutional_confirmation_required"", ""infrastructure_status"": ""institutional_confirmation_required"", ""completion_percentage"": ""institutional_confirmation_required""}",data/incoming/tourism-investment-projects.kml,institutional_confirmation_required,institutional_confirmation_required,institutional_confirmation_required,institutional_confirmation_required,institutional_confirmation_required,institutional_confirmation_required,true,"Missing is not interpreted as negative, unlicensed, private, or stalled."
LY-INV-HOT-NAT-00091,فندق ومطعم الامتياز,"{""ownership_type"": ""institutional_confirmation_required"", ""ownership_entity"": ""institutional_confirmation_required"", ""legal_status"": ""institutional_confirmation_required"", ""license_status"": ""institutional_confirmation_required"", ""planning_status"": ""institutional_confirmation_required"", ""environmental_status"": ""institutional_confirmation_required"", ""investment_value"": ""institutional_confirmation_required"", ""estimated_cost"": ""institutional_confirmation_required"", ""currency"": ""institutional_confirmation_required"", ""site_area_m2"": ""institutional_confirmation_required"", ""site_area_hectares"": ""institutional_confirmation_required"", ""implementing_entity"": ""institutional_confirmation_required"", ""supervising_entity"": ""institutional_confirmation_required"", ""investor_name"": ""institutional_confirmation_required"", ""operator_name"": ""institutional_confirmation_required"", ""infrastructure_status"": ""institutional_confirmation_required"", ""completion_percentage"": ""institutional_confirmation_required""}",data/incoming/tourism-investment-projects.kml,institutional_confirmation_required,institutional_confirmation_required,institutional_confirmation_required,institutional_confirmation_required,institutional_confirmation_required,institutional_confirmation_required,true,"Missing is not interpreted as negative, unlicensed, private, or stalled."
LY-INV-HOT-NAT-00092,فندق ومطعم النزهة,"{""ownership_type"": ""institutional_confirmation_required"", ""ownership_entity"": ""institutional_confirmation_required"", ""legal_status"": ""institutional_confirmation_required"", ""license_status"": ""institutional_confirmation_required"", ""planning_status"": ""institutional_confirmation_required"", ""environmental_status"": ""institutional_confirmation_required"", ""investment_value"": ""institutional_confirmation_required"", ""estimated_cost"": ""institutional_confirmation_required"", ""currency"": ""institutional_confirmation_required"", ""site_area_m2"": ""institutional_confirmation_required"", ""site_area_hectares"": ""institutional_confirmation_required"", ""implementing_entity"": ""institutional_confirmation_required"", ""supervising_entity"": ""institutional_confirmation_required"", ""investor_name"": ""institutional_confirmation_required"", ""operator_name"": ""institutional_confirmation_required"", ""infrastructure_status"": ""institutional_confirmation_required"", ""completion_percentage"": ""institutional_confirmation_required""}",data/incoming/tourism-investment-projects.kml,institutional_confirmation_required,institutional_confirmation_required,institutional_confirmation_required,institutional_confirmation_required,institutional_confirmation_required,institutional_confirmation_required,true,"Missing is not interpreted as negative, unlicensed, private, or stalled."
LY-INV-HOT-NAT-00093,فندق يفرن,"{""ownership_type"": ""institutional_confirmation_required"", ""ownership_entity"": ""institutional_confirmation_required"", ""legal_status"": ""institutional_confirmation_required"", ""license_status"": ""institutional_confirmation_required"", ""planning_status"": ""institutional_confirmation_required"", ""environmental_status"": ""institutional_confirmation_required"", ""investment_value"": ""institutional_confirmation_required"", ""estimated_cost"": ""institutional_confirmation_required"", ""currency"": ""institutional_confirmation_required"", ""site_area_m2"": ""institutional_confirmation_required"", ""site_area_hectares"": ""institutional_confirmation_required"", ""implementing_entity"": ""institutional_confirmation_required"", ""supervising_entity"": ""institutional_confirmation_required"", ""investor_name"": ""institutional_confirmation_required"", ""operator_name"": ""institutional_confirmation_required"", ""infrastructure_status"": ""institutional_confirmation_required"", ""completion_percentage"": ""institutional_confirmation_required""}",data/incoming/tourism-investment-projects.kml,institutional_confirmation_required,institutional_confirmation_required,institutional_confirmation_required,institutional_confirmation_required,institutional_confirmation_required,institutional_confirmation_required,true,"Missing is not interpreted as negative, unlicensed, private, or stalled."
LY-INV-HOT-TRI-00021,طرابلس للشقق الفندقية,"{""ownership_type"": ""institutional_confirmation_required"", ""ownership_entity"": ""institutional_confirmation_required"", ""legal_status"": ""institutional_confirmation_required"", ""license_status"": ""institutional_confirmation_required"", ""planning_status"": ""institutional_confirmation_required"", ""environmental_status"": ""institutional_confirmation_required"", ""investment_value"": ""institutional_confirmation_required"", ""estimated_cost"": ""institutional_confirmation_required"", ""currency"": ""institutional_confirmation_required"", ""site_area_m2"": ""institutional_confirmation_required"", ""site_area_hectares"": ""institutional_confirmation_required"", ""implementing_entity"": ""institutional_confirmation_required"", ""supervising_entity"": ""institutional_confirmation_required"", ""investor_name"": ""institutional_confirmation_required"", ""operator_name"": ""institutional_confirmation_required"", ""infrastructure_status"": ""institutional_confirmation_required"", ""completion_percentage"": ""institutional_confirmation_required""}",data/incoming/tourism-investment-projects.kml,institutional_confirmation_required,institutional_confirmation_required,institutional_confirmation_required,institutional_confirmation_required,institutional_confirmation_required,institutional_confirmation_required,true,"Missing is not interpreted as negative, unlicensed, private, or stalled."
LY-INV-REV-TRI-00001,نزل طرابلس الحديث,"{""ownership_type"": ""institutional_confirmation_required"", ""ownership_entity"": ""institutional_confirmation_required"", ""legal_status"": ""institutional_confirmation_required"", ""license_status"": ""institutional_confirmation_required"", ""planning_status"": ""institutional_confirmation_required"", ""environmental_status"": ""institutional_confirmation_required"", ""investment_value"": ""institutional_confirmation_required"", ""estimated_cost"": ""institutional_confirmation_required"", ""currency"": ""institutional_confirmation_required"", ""site_area_m2"": ""institutional_confirmation_required"", ""site_area_hectares"": ""institutional_confirmation_required"", ""implementing_entity"": ""institutional_confirmation_required"", ""supervising_entity"": ""institutional_confirmation_required"", ""investor_name"": ""institutional_confirmation_required"", ""operator_name"": ""institutional_confirmation_required"", ""infrastructure_status"": ""institutional_confirmation_required"", ""completion_percentage"": ""institutional_confirmation_required""}",data/incoming/tourism-investment-projects.kml,institutional_confirmation_required,institutional_confirmation_required,institutional_confirmation_required,institutional_confirmation_required,institutional_confirmation_required,institutional_confirmation_required,true,"Missing is not interpreted as negative, unlicensed, private, or stalled."
LY-INV-HOT-NAT-00094,فندق الثريا السياحي,"{""ownership_type"": ""institutional_confirmation_required"", ""ownership_entity"": ""institutional_confirmation_required"", ""legal_status"": ""institutional_confirmation_required"", ""license_status"": ""institutional_confirmation_required"", ""planning_status"": ""institutional_confirmation_required"", ""environmental_status"": ""institutional_confirmation_required"", ""investment_value"": ""institutional_confirmation_required"", ""estimated_cost"": ""institutional_confirmation_required"", ""currency"": ""institutional_confirmation_required"", ""site_area_m2"": ""institutional_confirmation_required"", ""site_area_hectares"": ""institutional_confirmation_required"", ""implementing_entity"": ""institutional_confirmation_required"", ""supervising_entity"": ""institutional_confirmation_required"", ""investor_name"": ""institutional_confirmation_required"", ""operator_name"": ""institutional_confirmation_required"", ""infrastructure_status"": ""institutional_confirmation_required"", ""completion_percentage"": ""institutional_confirmation_required""}",data/incoming/tourism-investment-projects.kml,institutional_confirmation_required,institutional_confirmation_required,institutional_confirmation_required,institutional_confirmation_required,institutional_confirmation_required,institutional_confirmation_required,true,"Missing is not interpreted as negative, unlicensed, private, or stalled."
LY-INV-HOT-NAT-00095,فندق الأنيس,"{""ownership_type"": ""institutional_confirmation_required"", ""ownership_entity"": ""institutional_confirmation_required"", ""legal_status"": ""institutional_confirmation_required"", ""license_status"": ""institutional_confirmation_required"", ""planning_status"": ""institutional_confirmation_required"", ""environmental_status"": ""institutional_confirmation_required"", ""investment_value"": ""institutional_confirmation_required"", ""estimated_cost"": ""institutional_confirmation_required"", ""currency"": ""institutional_confirmation_required"", ""site_area_m2"": ""institutional_confirmation_required"", ""site_area_hectares"": ""institutional_confirmation_required"", ""implementing_entity"": ""institutional_confirmation_required"", ""supervising_entity"": ""institutional_confirmation_required"", ""investor_name"": ""institutional_confirmation_required"", ""operator_name"": ""institutional_confirmation_required"", ""infrastructure_status"": ""institutional_confirmation_required"", ""completion_percentage"": ""institutional_confirmation_required""}",data/incoming/tourism-investment-projects.kml,institutional_confirmation_required,institutional_confirmation_required,institutional_confirmation_required,institutional_confirmation_required,institutional_confirmation_required,institutional_confirmation_required,true,"Missing is not interpreted as negative, unlicensed, private, or stalled."
LY-INV-HOT-NAT-00096,فندق البتراء,"{""ownership_type"": ""institutional_confirmation_required"", ""ownership_entity"": ""institutional_confirmation_required"", ""legal_status"": ""institutional_confirmation_required"", ""license_status"": ""institutional_confirmation_required"", ""planning_status"": ""institutional_confirmation_required"", ""environmental_status"": ""institutional_confirmation_required"", ""investment_value"": ""institutional_confirmation_required"", ""estimated_cost"": ""institutional_confirmation_required"", ""currency"": ""institutional_confirmation_required"", ""site_area_m2"": ""institutional_confirmation_required"", ""site_area_hectares"": ""institutional_confirmation_required"", ""implementing_entity"": ""institutional_confirmation_required"", ""supervising_entity"": ""institutional_confirmation_required"", ""investor_name"": ""institutional_confirmation_required"", ""operator_name"": ""institutional_confirmation_required"", ""infrastructure_status"": ""institutional_confirmation_required"", ""completion_percentage"": ""institutional_confirmation_required""}",data/incoming/tourism-investment-projects.kml,institutional_confirmation_required,institutional_confirmation_required,institutional_confirmation_required,institutional_confirmation_required,institutional_confirmation_required,institutional_confirmation_required,true,"Missing is not interpreted as negative, unlicensed, private, or stalled."
LY-INV-HOT-NAT-00097,فندق البردي,"{""ownership_type"": ""institutional_confirmation_required"", ""ownership_entity"": ""institutional_confirmation_required"", ""legal_status"": ""institutional_confirmation_required"", ""license_status"": ""institutional_confirmation_required"", ""planning_status"": ""institutional_confirmation_required"", ""environmental_status"": ""institutional_confirmation_required"", ""investment_value"": ""institutional_confirmation_required"", ""estimated_cost"": ""institutional_confirmation_required"", ""currency"": ""institutional_confirmation_required"", ""site_area_m2"": ""institutional_confirmation_required"", ""site_area_hectares"": ""institutional_confirmation_required"", ""implementing_entity"": ""institutional_confirmation_required"", ""supervising_entity"": ""institutional_confirmation_required"", ""investor_name"": ""institutional_confirmation_required"", ""operator_name"": ""institutional_confirmation_required"", ""infrastructure_status"": ""institutional_confirmation_required"", ""completion_percentage"": ""institutional_confirmation_required""}",data/incoming/tourism-investment-projects.kml,institutional_confirmation_required,institutional_confirmation_required,institutional_confirmation_required,institutional_confirmation_required,institutional_confirmation_required,institutional_confirmation_required,true,"Missing is not interpreted as negative, unlicensed, private, or stalled."
LY-INV-HOT-NAT-00098,فندق التلال,"{""ownership_type"": ""institutional_confirmation_required"", ""ownership_entity"": ""institutional_confirmation_required"", ""legal_status"": ""institutional_confirmation_required"", ""license_status"": ""institutional_confirmation_required"", ""planning_status"": ""institutional_confirmation_required"", ""environmental_status"": ""institutional_confirmation_required"", ""investment_value"": ""institutional_confirmation_required"", ""estimated_cost"": ""institutional_confirmation_required"", ""currency"": ""institutional_confirmation_required"", ""site_area_m2"": ""institutional_confirmation_required"", ""site_area_hectares"": ""institutional_confirmation_required"", ""implementing_entity"": ""institutional_confirmation_required"", ""supervising_entity"": ""institutional_confirmation_required"", ""investor_name"": ""institutional_confirmation_required"", ""operator_name"": ""institutional_confirmation_required"", ""infrastructure_status"": ""institutional_confirmation_required"", ""completion_percentage"": ""institutional_confirmation_required""}",data/incoming/tourism-investment-projects.kml,institutional_confirmation_required,institutional_confirmation_required,institutional_confirmation_required,institutional_confirmation_required,institutional_confirmation_required,institutional_confirmation_required,true,"Missing is not interpreted as negative, unlicensed, private, or stalled."
LY-INV-HOT-NAT-00100,فندق الجبل الأخضر,"{""ownership_type"": ""institutional_confirmation_required"", ""ownership_entity"": ""institutional_confirmation_required"", ""legal_status"": ""institutional_confirmation_required"", ""license_status"": ""institutional_confirmation_required"", ""planning_status"": ""institutional_confirmation_required"", ""environmental_status"": ""institutional_confirmation_required"", ""investment_value"": ""institutional_confirmation_required"", ""estimated_cost"": ""institutional_confirmation_required"", ""currency"": ""institutional_confirmation_required"", ""site_area_m2"": ""institutional_confirmation_required"", ""site_area_hectares"": ""institutional_confirmation_required"", ""implementing_entity"": ""institutional_confirmation_required"", ""supervising_entity"": ""institutional_confirmation_required"", ""investor_name"": ""institutional_confirmation_required"", ""operator_name"": ""institutional_confirmation_required"", ""infrastructure_status"": ""institutional_confirmation_required"", ""completion_percentage"": ""institutional_confirmation_required""}",data/incoming/tourism-investment-projects.kml,institutional_confirmation_required,institutional_confirmation_required,institutional_confirmation_required,institutional_confirmation_required,institutional_confirmation_required,institutional_confirmation_required,true,"Missing is not interpreted as negative, unlicensed, private, or stalled."
LY-INV-HOT-NAT-00101,فندق الجغبوب,"{""ownership_type"": ""institutional_confirmation_required"", ""ownership_entity"": ""institutional_confirmation_required"", ""legal_status"": ""institutional_confirmation_required"", ""license_status"": ""institutional_confirmation_required"", ""planning_status"": ""institutional_confirmation_required"", ""environmental_status"": ""institutional_confirmation_required"", ""investment_value"": ""institutional_confirmation_required"", ""estimated_cost"": ""institutional_confirmation_required"", ""currency"": ""institutional_confirmation_required"", ""site_area_m2"": ""institutional_confirmation_required"", ""site_area_hectares"": ""institutional_confirmation_required"", ""implementing_entity"": ""institutional_confirmation_required"", ""supervising_entity"": ""institutional_confirmation_required"", ""investor_name"": ""institutional_confirmation_required"", ""operator_name"": ""institutional_confirmation_required"", ""infrastructure_status"": ""institutional_confirmation_required"", ""completion_percentage"": ""institutional_confirmation_required""}",data/incoming/tourism-investment-projects.kml,institutional_confirmation_required,institutional_confirmation_required,institutional_confirmation_required,institutional_confirmation_required,institutional_confirmation_required,institutional_confirmation_required,true,"Missing is not interpreted as negative, unlicensed, private, or stalled."
LY-INV-HOT-NAT-00102,فندق الجلاء,"{""ownership_type"": ""institutional_confirmation_required"", ""ownership_entity"": ""institutional_confirmation_required"", ""legal_status"": ""institutional_confirmation_required"", ""license_status"": ""institutional_confirmation_required"", ""planning_status"": ""institutional_confirmation_required"", ""environmental_status"": ""institutional_confirmation_required"", ""investment_value"": ""institutional_confirmation_required"", ""estimated_cost"": ""institutional_confirmation_required"", ""currency"": ""institutional_confirmation_required"", ""site_area_m2"": ""institutional_confirmation_required"", ""site_area_hectares"": ""institutional_confirmation_required"", ""implementing_entity"": ""institutional_confirmation_required"", ""supervising_entity"": ""institutional_confirmation_required"", ""investor_name"": ""institutional_confirmation_required"", ""operator_name"": ""institutional_confirmation_required"", ""infrastructure_status"": ""institutional_confirmation_required"", ""completion_percentage"": ""institutional_confirmation_required""}",data/incoming/tourism-investment-projects.kml,institutional_confirmation_required,institutional_confirmation_required,institutional_confirmation_required,institutional_confirmation_required,institutional_confirmation_required,institutional_confirmation_required,true,"Missing is not interpreted as negative, unlicensed, private, or stalled."
LY-INV-HOT-NAT-00108,فندق الرحاب,"{""ownership_type"": ""institutional_confirmation_required"", ""ownership_entity"": ""institutional_confirmation_required"", ""legal_status"": ""institutional_confirmation_required"", ""license_status"": ""institutional_confirmation_required"", ""planning_status"": ""institutional_confirmation_required"", ""environmental_status"": ""institutional_confirmation_required"", ""investment_value"": ""institutional_confirmation_required"", ""estimated_cost"": ""institutional_confirmation_required"", ""currency"": ""institutional_confirmation_required"", ""site_area_m2"": ""institutional_confirmation_required"", ""site_area_hectares"": ""institutional_confirmation_required"", ""implementing_entity"": ""institutional_confirmation_required"", ""supervising_entity"": ""institutional_confirmation_required"", ""investor_name"": ""institutional_confirmation_required"", ""operator_name"": ""institutional_confirmation_required"", ""infrastructure_status"": ""institutional_confirmation_required"", ""completion_percentage"": ""institutional_confirmation_required""}",data/incoming/tourism-investment-projects.kml,institutional_confirmation_required,institutional_confirmation_required,institutional_confirmation_required,institutional_confirmation_required,institutional_confirmation_required,institutional_confirmation_required,true,"Missing is not interpreted as negative, unlicensed, private, or stalled."
LY-INV-HOT-NAT-00112,فندق السلام,"{""ownership_type"": ""institutional_confirmation_required"", ""ownership_entity"": ""institutional_confirmation_required"", ""legal_status"": ""institutional_confirmation_required"", ""license_status"": ""institutional_confirmation_required"", ""planning_status"": ""institutional_confirmation_required"", ""environmental_status"": ""institutional_confirmation_required"", ""investment_value"": ""institutional_confirmation_required"", ""estimated_cost"": ""institutional_confirmation_required"", ""currency"": ""institutional_confirmation_required"", ""site_area_m2"": ""institutional_confirmation_required"", ""site_area_hectares"": ""institutional_confirmation_required"", ""implementing_entity"": ""institutional_confirmation_required"", ""supervising_entity"": ""institutional_confirmation_required"", ""investor_name"": ""institutional_confirmation_required"", ""operator_name"": ""institutional_confirmation_required"", ""infrastructure_status"": ""institutional_confirmation_required"", ""completion_percentage"": ""institutional_confirmation_required""}",data/incoming/tourism-investment-projects.kml,institutional_confirmation_required,institutional_confirmation_required,institutional_confirmation_required,institutional_confirmation_required,institutional_confirmation_required,institutional_confirmation_required,true,"Missing is not interpreted as negative, unlicensed, private, or stalled."
LY-INV-HOT-TRI-00023,فندق ابن الرومي,"{""ownership_type"": ""institutional_confirmation_required"", ""ownership_entity"": ""institutional_confirmation_required"", ""legal_status"": ""institutional_confirmation_required"", ""license_status"": ""institutional_confirmation_required"", ""planning_status"": ""institutional_confirmation_required"", ""environmental_status"": ""institutional_confirmation_required"", ""investment_value"": ""institutional_confirmation_required"", ""estimated_cost"": ""institutional_confirmation_required"", ""currency"": ""institutional_confirmation_required"", ""site_area_m2"": ""institutional_confirmation_required"", ""site_area_hectares"": ""institutional_confirmation_required"", ""implementing_entity"": ""institutional_confirmation_required"", ""supervising_entity"": ""institutional_confirmation_required"", ""investor_name"": ""institutional_confirmation_required"", ""operator_name"": ""institutional_confirmation_required"", ""infrastructure_status"": ""institutional_confirmation_required"", ""completion_percentage"": ""institutional_confirmation_required""}",data/incoming/tourism-investment-projects.kml,institutional_confirmation_required,institutional_confirmation_required,institutional_confirmation_required,institutional_confirmation_required,institutional_confirmation_required,institutional_confirmation_required,true,"Missing is not interpreted as negative, unlicensed, private, or stalled."
LY-INV-HOT-NAT-00115,فندق اجدابيا,"{""ownership_type"": ""institutional_confirmation_required"", ""ownership_entity"": ""institutional_confirmation_required"", ""legal_status"": ""institutional_confirmation_required"", ""license_status"": ""institutional_confirmation_required"", ""planning_status"": ""institutional_confirmation_required"", ""environmental_status"": ""institutional_confirmation_required"", ""investment_value"": ""institutional_confirmation_required"", ""estimated_cost"": ""institutional_confirmation_required"", ""currency"": ""institutional_confirmation_required"", ""site_area_m2"": ""institutional_confirmation_required"", ""site_area_hectares"": ""institutional_confirmation_required"", ""implementing_entity"": ""institutional_confirmation_required"", ""supervising_entity"": ""institutional_confirmation_required"", ""investor_name"": ""institutional_confirmation_required"", ""operator_name"": ""institutional_confirmation_required"", ""infrastructure_status"": ""institutional_confirmation_required"", ""completion_percentage"": ""institutional_confirmation_required""}",data/incoming/tourism-investment-projects.kml,institutional_confirmation_required,institutional_confirmation_required,institutional_confirmation_required,institutional_confirmation_required,institutional_confirmation_required,institutional_confirmation_required,true,"Missing is not interpreted as negative, unlicensed, private, or stalled."
LY-INV-HOT-MIS-00005,فندق الحياة,"{""ownership_type"": ""institutional_confirmation_required"", ""ownership_entity"": ""institutional_confirmation_required"", ""legal_status"": ""institutional_confirmation_required"", ""license_status"": ""institutional_confirmation_required"", ""planning_status"": ""institutional_confirmation_required"", ""environmental_status"": ""institutional_confirmation_required"", ""investment_value"": ""institutional_confirmation_required"", ""estimated_cost"": ""institutional_confirmation_required"", ""currency"": ""institutional_confirmation_required"", ""site_area_m2"": ""institutional_confirmation_required"", ""site_area_hectares"": ""institutional_confirmation_required"", ""implementing_entity"": ""institutional_confirmation_required"", ""supervising_entity"": ""institutional_confirmation_required"", ""investor_name"": ""institutional_confirmation_required"", ""operator_name"": ""institutional_confirmation_required"", ""infrastructure_status"": ""institutional_confirmation_required"", ""completion_percentage"": ""institutional_confirmation_required""}",data/incoming/tourism-investment-projects.kml,institutional_confirmation_required,institutional_confirmation_required,institutional_confirmation_required,institutional_confirmation_required,institutional_confirmation_required,institutional_confirmation_required,true,"Missing is not interpreted as negative, unlicensed, private, or stalled."
LY-INV-HOT-NAT-00117,فندق العوينات,"{""ownership_type"": ""institutional_confirmation_required"", ""ownership_entity"": ""institutional_confirmation_required"", ""legal_status"": ""institutional_confirmation_required"", ""license_status"": ""institutional_confirmation_required"", ""planning_status"": ""institutional_confirmation_required"", ""environmental_status"": ""institutional_confirmation_required"", ""investment_value"": ""institutional_confirmation_required"", ""estimated_cost"": ""institutional_confirmation_required"", ""currency"": ""institutional_confirmation_required"", ""site_area_m2"": ""institutional_confirmation_required"", ""site_area_hectares"": ""institutional_confirmation_required"", ""implementing_entity"": ""institutional_confirmation_required"", ""supervising_entity"": ""institutional_confirmation_required"", ""investor_name"": ""institutional_confirmation_required"", ""operator_name"": ""institutional_confirmation_required"", ""infrastructure_status"": ""institutional_confirmation_required"", ""completion_percentage"": ""institutional_confirmation_required""}",data/incoming/tourism-investment-projects.kml,institutional_confirmation_required,institutional_confirmation_required,institutional_confirmation_required,institutional_confirmation_required,institutional_confirmation_required,institutional_confirmation_required,true,"Missing is not interpreted as negative, unlicensed, private, or stalled."
LY-INV-HOT-NAT-00118,فندق الفردوس,"{""ownership_type"": ""institutional_confirmation_required"", ""ownership_entity"": ""institutional_confirmation_required"", ""legal_status"": ""institutional_confirmation_required"", ""license_status"": ""institutional_confirmation_required"", ""planning_status"": ""institutional_confirmation_required"", ""environmental_status"": ""institutional_confirmation_required"", ""investment_value"": ""institutional_confirmation_required"", ""estimated_cost"": ""institutional_confirmation_required"", ""currency"": ""institutional_confirmation_required"", ""site_area_m2"": ""institutional_confirmation_required"", ""site_area_hectares"": ""institutional_confirmation_required"", ""implementing_entity"": ""institutional_confirmation_required"", ""supervising_entity"": ""institutional_confirmation_required"", ""investor_name"": ""institutional_confirmation_required"", ""operator_name"": ""institutional_confirmation_required"", ""infrastructure_status"": ""institutional_confirmation_required"", ""completion_percentage"": ""institutional_confirmation_required""}",data/incoming/tourism-investment-projects.kml,institutional_confirmation_required,institutional_confirmation_required,institutional_confirmation_required,institutional_confirmation_required,institutional_confirmation_required,institutional_confirmation_required,true,"Missing is not interpreted as negative, unlicensed, private, or stalled."
LY-INV-HOT-NAT-00119,فندق الفضيل,"{""ownership_type"": ""institutional_confirmation_required"", ""ownership_entity"": ""institutional_confirmation_required"", ""legal_status"": ""institutional_confirmation_required"", ""license_status"": ""institutional_confirmation_required"", ""planning_status"": ""institutional_confirmation_required"", ""environmental_status"": ""institutional_confirmation_required"", ""investment_value"": ""institutional_confirmation_required"", ""estimated_cost"": ""institutional_confirmation_required"", ""currency"": ""institutional_confirmation_required"", ""site_area_m2"": ""institutional_confirmation_required"", ""site_area_hectares"": ""institutional_confirmation_required"", ""implementing_entity"": ""institutional_confirmation_required"", ""supervising_entity"": ""institutional_confirmation_required"", ""investor_name"": ""institutional_confirmation_required"", ""operator_name"": ""institutional_confirmation_required"", ""infrastructure_status"": ""institutional_confirmation_required"", ""completion_percentage"": ""institutional_confirmation_required""}",data/incoming/tourism-investment-projects.kml,institutional_confirmation_required,institutional_confirmation_required,institutional_confirmation_required,institutional_confirmation_required,institutional_confirmation_required,institutional_confirmation_required,true,"Missing is not interpreted as negative, unlicensed, private, or stalled."
LY-INV-HOT-NAT-00120,فندق الفضيل رأس لانوف,"{""ownership_type"": ""institutional_confirmation_required"", ""ownership_entity"": ""institutional_confirmation_required"", ""legal_status"": ""institutional_confirmation_required"", ""license_status"": ""institutional_confirmation_required"", ""planning_status"": ""institutional_confirmation_required"", ""environmental_status"": ""institutional_confirmation_required"", ""investment_value"": ""institutional_confirmation_required"", ""estimated_cost"": ""institutional_confirmation_required"", ""currency"": ""institutional_confirmation_required"", ""site_area_m2"": ""institutional_confirmation_required"", ""site_area_hectares"": ""institutional_confirmation_required"", ""implementing_entity"": ""institutional_confirmation_required"", ""supervising_entity"": ""institutional_confirmation_required"", ""investor_name"": ""institutional_confirmation_required"", ""operator_name"": ""institutional_confirmation_required"", ""infrastructure_status"": ""institutional_confirmation_required"", ""completion_percentage"": ""institutional_confirmation_required""}",data/incoming/tourism-investment-projects.kml,institutional_confirmation_required,institutional_confirmation_required,institutional_confirmation_required,institutional_confirmation_required,institutional_confirmation_required,institutional_confirmation_required,true,"Missing is not interpreted as negative, unlicensed, private, or stalled."
LY-INV-HOT-NAT-00121,فندق الفلك,"{""ownership_type"": ""institutional_confirmation_required"", ""ownership_entity"": ""institutional_confirmation_required"", ""legal_status"": ""institutional_confirmation_required"", ""license_status"": ""institutional_confirmation_required"", ""planning_status"": ""institutional_confirmation_required"", ""environmental_status"": ""institutional_confirmation_required"", ""investment_value"": ""institutional_confirmation_required"", ""estimated_cost"": ""institutional_confirmation_required"", ""currency"": ""institutional_confirmation_required"", ""site_area_m2"": ""institutional_confirmation_required"", ""site_area_hectares"": ""institutional_confirmation_required"", ""implementing_entity"": ""institutional_confirmation_required"", ""supervising_entity"": ""institutional_confirmation_required"", ""investor_name"": ""institutional_confirmation_required"", ""operator_name"": ""institutional_confirmation_required"", ""infrastructure_status"": ""institutional_confirmation_required"", ""completion_percentage"": ""institutional_confirmation_required""}",data/incoming/tourism-investment-projects.kml,institutional_confirmation_required,institutional_confirmation_required,institutional_confirmation_required,institutional_confirmation_required,institutional_confirmation_required,institutional_confirmation_required,true,"Missing is not interpreted as negative, unlicensed, private, or stalled."
LY-INV-HOT-NAT-00122,فندق القرضابية,"{""ownership_type"": ""institutional_confirmation_required"", ""ownership_entity"": ""institutional_confirmation_required"", ""legal_status"": ""institutional_confirmation_required"", ""license_status"": ""institutional_confirmation_required"", ""planning_status"": ""institutional_confirmation_required"", ""environmental_status"": ""institutional_confirmation_required"", ""investment_value"": ""institutional_confirmation_required"", ""estimated_cost"": ""institutional_confirmation_required"", ""currency"": ""institutional_confirmation_required"", ""site_area_m2"": ""institutional_confirmation_required"", ""site_area_hectares"": ""institutional_confirmation_required"", ""implementing_entity"": ""institutional_confirmation_required"", ""supervising_entity"": ""institutional_confirmation_required"", ""investor_name"": ""institutional_confirmation_required"", ""operator_name"": ""institutional_confirmation_required"", ""infrastructure_status"": ""institutional_confirmation_required"", ""completion_percentage"": ""institutional_confirmation_required""}",data/incoming/tourism-investment-projects.kml,institutional_confirmation_required,institutional_confirmation_required,institutional_confirmation_required,institutional_confirmation_required,institutional_confirmation_required,institutional_confirmation_required,true,"Missing is not interpreted as negative, unlicensed, private, or stalled."
LY-INV-HOT-NAT-00123,فندق القلعة,"{""ownership_type"": ""institutional_confirmation_required"", ""ownership_entity"": ""institutional_confirmation_required"", ""legal_status"": ""institutional_confirmation_required"", ""license_status"": ""institutional_confirmation_required"", ""planning_status"": ""institutional_confirmation_required"", ""environmental_status"": ""institutional_confirmation_required"", ""investment_value"": ""institutional_confirmation_required"", ""estimated_cost"": ""institutional_confirmation_required"", ""currency"": ""institutional_confirmation_required"", ""site_area_m2"": ""institutional_confirmation_required"", ""site_area_hectares"": ""institutional_confirmation_required"", ""implementing_entity"": ""institutional_confirmation_required"", ""supervising_entity"": ""institutional_confirmation_required"", ""investor_name"": ""institutional_confirmation_required"", ""operator_name"": ""institutional_confirmation_required"", ""infrastructure_status"": ""institutional_confirmation_required"", ""completion_percentage"": ""institutional_confirmation_required""}",data/incoming/tourism-investment-projects.kml,institutional_confirmation_required,institutional_confirmation_required,institutional_confirmation_required,institutional_confirmation_required,institutional_confirmation_required,institutional_confirmation_required,true,"Missing is not interpreted as negative, unlicensed, private, or stalled."
LY-INV-HOT-NAT-00124,فندق الكاظم,"{""ownership_type"": ""institutional_confirmation_required"", ""ownership_entity"": ""institutional_confirmation_required"", ""legal_status"": ""institutional_confirmation_required"", ""license_status"": ""institutional_confirmation_required"", ""planning_status"": ""institutional_confirmation_required"", ""environmental_status"": ""institutional_confirmation_required"", ""investment_value"": ""institutional_confirmation_required"", ""estimated_cost"": ""institutional_confirmation_required"", ""currency"": ""institutional_confirmation_required"", ""site_area_m2"": ""institutional_confirmation_required"", ""site_area_hectares"": ""institutional_confirmation_required"", ""implementing_entity"": ""institutional_confirmation_required"", ""supervising_entity"": ""institutional_confirmation_required"", ""investor_name"": ""institutional_confirmation_required"", ""operator_name"": ""institutional_confirmation_required"", ""infrastructure_status"": ""institutional_confirmation_required"", ""completion_percentage"": ""institutional_confirmation_required""}",data/incoming/tourism-investment-projects.kml,institutional_confirmation_required,institutional_confirmation_required,institutional_confirmation_required,institutional_confirmation_required,institutional_confirmation_required,institutional_confirmation_required,true,"Missing is not interpreted as negative, unlicensed, private, or stalled."
LY-INV-HOT-NAT-00126,فندق المبروك,"{""ownership_type"": ""institutional_confirmation_required"", ""ownership_entity"": ""institutional_confirmation_required"", ""legal_status"": ""institutional_confirmation_required"", ""license_status"": ""institutional_confirmation_required"", ""planning_status"": ""institutional_confirmation_required"", ""environmental_status"": ""institutional_confirmation_required"", ""investment_value"": ""institutional_confirmation_required"", ""estimated_cost"": ""institutional_confirmation_required"", ""currency"": ""institutional_confirmation_required"", ""site_area_m2"": ""institutional_confirmation_required"", ""site_area_hectares"": ""institutional_confirmation_required"", ""implementing_entity"": ""institutional_confirmation_required"", ""supervising_entity"": ""institutional_confirmation_required"", ""investor_name"": ""institutional_confirmation_required"", ""operator_name"": ""institutional_confirmation_required"", ""infrastructure_status"": ""institutional_confirmation_required"", ""completion_percentage"": ""institutional_confirmation_required""}",data/incoming/tourism-investment-projects.kml,institutional_confirmation_required,institutional_confirmation_required,institutional_confirmation_required,institutional_confirmation_required,institutional_confirmation_required,institutional_confirmation_required,true,"Missing is not interpreted as negative, unlicensed, private, or stalled."
LY-INV-HOT-KHO-00005,فندق المتوسط الخمس,"{""ownership_type"": ""institutional_confirmation_required"", ""ownership_entity"": ""institutional_confirmation_required"", ""legal_status"": ""institutional_confirmation_required"", ""license_status"": ""institutional_confirmation_required"", ""planning_status"": ""institutional_confirmation_required"", ""environmental_status"": ""institutional_confirmation_required"", ""investment_value"": ""institutional_confirmation_required"", ""estimated_cost"": ""institutional_confirmation_required"", ""currency"": ""institutional_confirmation_required"", ""site_area_m2"": ""institutional_confirmation_required"", ""site_area_hectares"": ""institutional_confirmation_required"", ""implementing_entity"": ""institutional_confirmation_required"", ""supervising_entity"": ""institutional_confirmation_required"", ""investor_name"": ""institutional_confirmation_required"", ""operator_name"": ""institutional_confirmation_required"", ""infrastructure_status"": ""institutional_confirmation_required"", ""completion_percentage"": ""institutional_confirmation_required""}",data/incoming/tourism-investment-projects.kml,institutional_confirmation_required,institutional_confirmation_required,institutional_confirmation_required,institutional_confirmation_required,institutional_confirmation_required,institutional_confirmation_required,true,"Missing is not interpreted as negative, unlicensed, private, or stalled."
LY-INV-HOT-BAY-00005,فندق المدينة,"{""ownership_type"": ""institutional_confirmation_required"", ""ownership_entity"": ""institutional_confirmation_required"", ""legal_status"": ""institutional_confirmation_required"", ""license_status"": ""institutional_confirmation_required"", ""planning_status"": ""institutional_confirmation_required"", ""environmental_status"": ""institutional_confirmation_required"", ""investment_value"": ""institutional_confirmation_required"", ""estimated_cost"": ""institutional_confirmation_required"", ""currency"": ""institutional_confirmation_required"", ""site_area_m2"": ""institutional_confirmation_required"", ""site_area_hectares"": ""institutional_confirmation_required"", ""implementing_entity"": ""institutional_confirmation_required"", ""supervising_entity"": ""institutional_confirmation_required"", ""investor_name"": ""institutional_confirmation_required"", ""operator_name"": ""institutional_confirmation_required"", ""infrastructure_status"": ""institutional_confirmation_required"", ""completion_percentage"": ""institutional_confirmation_required""}",data/incoming/tourism-investment-projects.kml,institutional_confirmation_required,institutional_confirmation_required,institutional_confirmation_required,institutional_confirmation_required,institutional_confirmation_required,institutional_confirmation_required,true,"Missing is not interpreted as negative, unlicensed, private, or stalled."
LY-INV-HOT-NAT-00127,فندق المدينة,"{""ownership_type"": ""institutional_confirmation_required"", ""ownership_entity"": ""institutional_confirmation_required"", ""legal_status"": ""institutional_confirmation_required"", ""license_status"": ""institutional_confirmation_required"", ""planning_status"": ""institutional_confirmation_required"", ""environmental_status"": ""institutional_confirmation_required"", ""investment_value"": ""institutional_confirmation_required"", ""estimated_cost"": ""institutional_confirmation_required"", ""currency"": ""institutional_confirmation_required"", ""site_area_m2"": ""institutional_confirmation_required"", ""site_area_hectares"": ""institutional_confirmation_required"", ""implementing_entity"": ""institutional_confirmation_required"", ""supervising_entity"": ""institutional_confirmation_required"", ""investor_name"": ""institutional_confirmation_required"", ""operator_name"": ""institutional_confirmation_required"", ""infrastructure_status"": ""institutional_confirmation_required"", ""completion_percentage"": ""institutional_confirmation_required""}",data/incoming/tourism-investment-projects.kml,institutional_confirmation_required,institutional_confirmation_required,institutional_confirmation_required,institutional_confirmation_required,institutional_confirmation_required,institutional_confirmation_required,true,"Missing is not interpreted as negative, unlicensed, private, or stalled."
LY-INV-HOT-NAT-00129,فندق المدينة,"{""ownership_type"": ""institutional_confirmation_required"", ""ownership_entity"": ""institutional_confirmation_required"", ""legal_status"": ""institutional_confirmation_required"", ""license_status"": ""institutional_confirmation_required"", ""planning_status"": ""institutional_confirmation_required"", ""environmental_status"": ""institutional_confirmation_required"", ""investment_value"": ""institutional_confirmation_required"", ""estimated_cost"": ""institutional_confirmation_required"", ""currency"": ""institutional_confirmation_required"", ""site_area_m2"": ""institutional_confirmation_required"", ""site_area_hectares"": ""institutional_confirmation_required"", ""implementing_entity"": ""institutional_confirmation_required"", ""supervising_entity"": ""institutional_confirmation_required"", ""investor_name"": ""institutional_confirmation_required"", ""operator_name"": ""institutional_confirmation_required"", ""infrastructure_status"": ""institutional_confirmation_required"", ""completion_percentage"": ""institutional_confirmation_required""}",data/incoming/tourism-investment-projects.kml,institutional_confirmation_required,institutional_confirmation_required,institutional_confirmation_required,institutional_confirmation_required,institutional_confirmation_required,institutional_confirmation_required,true,"Missing is not interpreted as negative, unlicensed, private, or stalled."
LY-INV-HOT-NAT-00130,فندق المرج السياحي,"{""ownership_type"": ""institutional_confirmation_required"", ""ownership_entity"": ""institutional_confirmation_required"", ""legal_status"": ""institutional_confirmation_required"", ""license_status"": ""institutional_confirmation_required"", ""planning_status"": ""institutional_confirmation_required"", ""environmental_status"": ""institutional_confirmation_required"", ""investment_value"": ""institutional_confirmation_required"", ""estimated_cost"": ""institutional_confirmation_required"", ""currency"": ""institutional_confirmation_required"", ""site_area_m2"": ""institutional_confirmation_required"", ""site_area_hectares"": ""institutional_confirmation_required"", ""implementing_entity"": ""institutional_confirmation_required"", ""supervising_entity"": ""institutional_confirmation_required"", ""investor_name"": ""institutional_confirmation_required"", ""operator_name"": ""institutional_confirmation_required"", ""infrastructure_status"": ""institutional_confirmation_required"", ""completion_percentage"": ""institutional_confirmation_required""}",data/incoming/tourism-investment-projects.kml,institutional_confirmation_required,institutional_confirmation_required,institutional_confirmation_required,institutional_confirmation_required,institutional_confirmation_required,institutional_confirmation_required,true,"Missing is not interpreted as negative, unlicensed, private, or stalled."
LY-INV-HOT-NAT-00132,فندق المسيرة,"{""ownership_type"": ""institutional_confirmation_required"", ""ownership_entity"": ""institutional_confirmation_required"", ""legal_status"": ""institutional_confirmation_required"", ""license_status"": ""institutional_confirmation_required"", ""planning_status"": ""institutional_confirmation_required"", ""environmental_status"": ""institutional_confirmation_required"", ""investment_value"": ""institutional_confirmation_required"", ""estimated_cost"": ""institutional_confirmation_required"", ""currency"": ""institutional_confirmation_required"", ""site_area_m2"": ""institutional_confirmation_required"", ""site_area_hectares"": ""institutional_confirmation_required"", ""implementing_entity"": ""institutional_confirmation_required"", ""supervising_entity"": ""institutional_confirmation_required"", ""investor_name"": ""institutional_confirmation_required"", ""operator_name"": ""institutional_confirmation_required"", ""infrastructure_status"": ""institutional_confirmation_required"", ""completion_percentage"": ""institutional_confirmation_required""}",data/incoming/tourism-investment-projects.kml,institutional_confirmation_required,institutional_confirmation_required,institutional_confirmation_required,institutional_confirmation_required,institutional_confirmation_required,institutional_confirmation_required,true,"Missing is not interpreted as negative, unlicensed, private, or stalled."
LY-INV-HOT-NAT-00134,فندق المغرب العربي,"{""ownership_type"": ""institutional_confirmation_required"", ""ownership_entity"": ""institutional_confirmation_required"", ""legal_status"": ""institutional_confirmation_required"", ""license_status"": ""institutional_confirmation_required"", ""planning_status"": ""institutional_confirmation_required"", ""environmental_status"": ""institutional_confirmation_required"", ""investment_value"": ""institutional_confirmation_required"", ""estimated_cost"": ""institutional_confirmation_required"", ""currency"": ""institutional_confirmation_required"", ""site_area_m2"": ""institutional_confirmation_required"", ""site_area_hectares"": ""institutional_confirmation_required"", ""implementing_entity"": ""institutional_confirmation_required"", ""supervising_entity"": ""institutional_confirmation_required"", ""investor_name"": ""institutional_confirmation_required"", ""operator_name"": ""institutional_confirmation_required"", ""infrastructure_status"": ""institutional_confirmation_required"", ""completion_percentage"": ""institutional_confirmation_required""}",data/incoming/tourism-investment-projects.kml,institutional_confirmation_required,institutional_confirmation_required,institutional_confirmation_required,institutional_confirmation_required,institutional_confirmation_required,institutional_confirmation_required,true,"Missing is not interpreted as negative, unlicensed, private, or stalled."
LY-INV-HOT-NAT-00135,فندق المنار,"{""ownership_type"": ""institutional_confirmation_required"", ""ownership_entity"": ""institutional_confirmation_required"", ""legal_status"": ""institutional_confirmation_required"", ""license_status"": ""institutional_confirmation_required"", ""planning_status"": ""institutional_confirmation_required"", ""environmental_status"": ""institutional_confirmation_required"", ""investment_value"": ""institutional_confirmation_required"", ""estimated_cost"": ""institutional_confirmation_required"", ""currency"": ""institutional_confirmation_required"", ""site_area_m2"": ""institutional_confirmation_required"", ""site_area_hectares"": ""institutional_confirmation_required"", ""implementing_entity"": ""institutional_confirmation_required"", ""supervising_entity"": ""institutional_confirmation_required"", ""investor_name"": ""institutional_confirmation_required"", ""operator_name"": ""institutional_confirmation_required"", ""infrastructure_status"": ""institutional_confirmation_required"", ""completion_percentage"": ""institutional_confirmation_required""}",data/incoming/tourism-investment-projects.kml,institutional_confirmation_required,institutional_confirmation_required,institutional_confirmation_required,institutional_confirmation_required,institutional_confirmation_required,institutional_confirmation_required,true,"Missing is not interpreted as negative, unlicensed, private, or stalled."
LY-INV-HOT-NAT-00136,فندق النادي الليبي,"{""ownership_type"": ""institutional_confirmation_required"", ""ownership_entity"": ""institutional_confirmation_required"", ""legal_status"": ""institutional_confirmation_required"", ""license_status"": ""institutional_confirmation_required"", ""planning_status"": ""institutional_confirmation_required"", ""environmental_status"": ""institutional_confirmation_required"", ""investment_value"": ""institutional_confirmation_required"", ""estimated_cost"": ""institutional_confirmation_required"", ""currency"": ""institutional_confirmation_required"", ""site_area_m2"": ""institutional_confirmation_required"", ""site_area_hectares"": ""institutional_confirmation_required"", ""implementing_entity"": ""institutional_confirmation_required"", ""supervising_entity"": ""institutional_confirmation_required"", ""investor_name"": ""institutional_confirmation_required"", ""operator_name"": ""institutional_confirmation_required"", ""infrastructure_status"": ""institutional_confirmation_required"", ""completion_percentage"": ""institutional_confirmation_required""}",data/incoming/tourism-investment-projects.kml,institutional_confirmation_required,institutional_confirmation_required,institutional_confirmation_required,institutional_confirmation_required,institutional_confirmation_required,institutional_confirmation_required,true,"Missing is not interpreted as negative, unlicensed, private, or stalled."
LY-INV-HOT-NAT-00137,فندق النخلة السياحي,"{""ownership_type"": ""institutional_confirmation_required"", ""ownership_entity"": ""institutional_confirmation_required"", ""legal_status"": ""institutional_confirmation_required"", ""license_status"": ""institutional_confirmation_required"", ""planning_status"": ""institutional_confirmation_required"", ""environmental_status"": ""institutional_confirmation_required"", ""investment_value"": ""institutional_confirmation_required"", ""estimated_cost"": ""institutional_confirmation_required"", ""currency"": ""institutional_confirmation_required"", ""site_area_m2"": ""institutional_confirmation_required"", ""site_area_hectares"": ""institutional_confirmation_required"", ""implementing_entity"": ""institutional_confirmation_required"", ""supervising_entity"": ""institutional_confirmation_required"", ""investor_name"": ""institutional_confirmation_required"", ""operator_name"": ""institutional_confirmation_required"", ""infrastructure_status"": ""institutional_confirmation_required"", ""completion_percentage"": ""institutional_confirmation_required""}",data/incoming/tourism-investment-projects.kml,institutional_confirmation_required,institutional_confirmation_required,institutional_confirmation_required,institutional_confirmation_required,institutional_confirmation_required,institutional_confirmation_required,true,"Missing is not interpreted as negative, unlicensed, private, or stalled."
LY-INV-HOT-NAT-00138,فندق النخيل - مغلق,"{""ownership_type"": ""institutional_confirmation_required"", ""ownership_entity"": ""institutional_confirmation_required"", ""legal_status"": ""institutional_confirmation_required"", ""license_status"": ""institutional_confirmation_required"", ""planning_status"": ""institutional_confirmation_required"", ""environmental_status"": ""institutional_confirmation_required"", ""investment_value"": ""institutional_confirmation_required"", ""estimated_cost"": ""institutional_confirmation_required"", ""currency"": ""institutional_confirmation_required"", ""site_area_m2"": ""institutional_confirmation_required"", ""site_area_hectares"": ""institutional_confirmation_required"", ""implementing_entity"": ""institutional_confirmation_required"", ""supervising_entity"": ""institutional_confirmation_required"", ""investor_name"": ""institutional_confirmation_required"", ""operator_name"": ""institutional_confirmation_required"", ""infrastructure_status"": ""institutional_confirmation_required"", ""completion_percentage"": ""institutional_confirmation_required""}",data/incoming/tourism-investment-projects.kml,institutional_confirmation_required,institutional_confirmation_required,institutional_confirmation_required,institutional_confirmation_required,institutional_confirmation_required,institutional_confirmation_required,true,"Missing is not interpreted as negative, unlicensed, private, or stalled."
LY-INV-HOT-NAT-00139,فندق النوران,"{""ownership_type"": ""institutional_confirmation_required"", ""ownership_entity"": ""institutional_confirmation_required"", ""legal_status"": ""institutional_confirmation_required"", ""license_status"": ""institutional_confirmation_required"", ""planning_status"": ""institutional_confirmation_required"", ""environmental_status"": ""institutional_confirmation_required"", ""investment_value"": ""institutional_confirmation_required"", ""estimated_cost"": ""institutional_confirmation_required"", ""currency"": ""institutional_confirmation_required"", ""site_area_m2"": ""institutional_confirmation_required"", ""site_area_hectares"": ""institutional_confirmation_required"", ""implementing_entity"": ""institutional_confirmation_required"", ""supervising_entity"": ""institutional_confirmation_required"", ""investor_name"": ""institutional_confirmation_required"", ""operator_name"": ""institutional_confirmation_required"", ""infrastructure_status"": ""institutional_confirmation_required"", ""completion_percentage"": ""institutional_confirmation_required""}",data/incoming/tourism-investment-projects.kml,institutional_confirmation_required,institutional_confirmation_required,institutional_confirmation_required,institutional_confirmation_required,institutional_confirmation_required,institutional_confirmation_required,true,"Missing is not interpreted as negative, unlicensed, private, or stalled."
LY-INV-HOT-NAT-00140,فندق الهاروج,"{""ownership_type"": ""institutional_confirmation_required"", ""ownership_entity"": ""institutional_confirmation_required"", ""legal_status"": ""institutional_confirmation_required"", ""license_status"": ""institutional_confirmation_required"", ""planning_status"": ""institutional_confirmation_required"", ""environmental_status"": ""institutional_confirmation_required"", ""investment_value"": ""institutional_confirmation_required"", ""estimated_cost"": ""institutional_confirmation_required"", ""currency"": ""institutional_confirmation_required"", ""site_area_m2"": ""institutional_confirmation_required"", ""site_area_hectares"": ""institutional_confirmation_required"", ""implementing_entity"": ""institutional_confirmation_required"", ""supervising_entity"": ""institutional_confirmation_required"", ""investor_name"": ""institutional_confirmation_required"", ""operator_name"": ""institutional_confirmation_required"", ""infrastructure_status"": ""institutional_confirmation_required"", ""completion_percentage"": ""institutional_confirmation_required""}",data/incoming/tourism-investment-projects.kml,institutional_confirmation_required,institutional_confirmation_required,institutional_confirmation_required,institutional_confirmation_required,institutional_confirmation_required,institutional_confirmation_required,true,"Missing is not interpreted as negative, unlicensed, private, or stalled."
LY-INV-HOT-NAT-00141,فندق الهاني/ نزل,"{""ownership_type"": ""institutional_confirmation_required"", ""ownership_entity"": ""institutional_confirmation_required"", ""legal_status"": ""institutional_confirmation_required"", ""license_status"": ""institutional_confirmation_required"", ""planning_status"": ""institutional_confirmation_required"", ""environmental_status"": ""institutional_confirmation_required"", ""investment_value"": ""institutional_confirmation_required"", ""estimated_cost"": ""institutional_confirmation_required"", ""currency"": ""institutional_confirmation_required"", ""site_area_m2"": ""institutional_confirmation_required"", ""site_area_hectares"": ""institutional_confirmation_required"", ""implementing_entity"": ""institutional_confirmation_required"", ""supervising_entity"": ""institutional_confirmation_required"", ""investor_name"": ""institutional_confirmation_required"", ""operator_name"": ""institutional_confirmation_required"", ""infrastructure_status"": ""institutional_confirmation_required"", ""completion_percentage"": ""institutional_confirmation_required""}",data/incoming/tourism-investment-projects.kml,institutional_confirmation_required,institutional_confirmation_required,institutional_confirmation_required,institutional_confirmation_required,institutional_confirmation_required,institutional_confirmation_required,true,"Missing is not interpreted as negative, unlicensed, private, or stalled."
LY-INV-HOT-NAT-00142,فندق الهناء,"{""ownership_type"": ""institutional_confirmation_required"", ""ownership_entity"": ""institutional_confirmation_required"", ""legal_status"": ""institutional_confirmation_required"", ""license_status"": ""institutional_confirmation_required"", ""planning_status"": ""institutional_confirmation_required"", ""environmental_status"": ""institutional_confirmation_required"", ""investment_value"": ""institutional_confirmation_required"", ""estimated_cost"": ""institutional_confirmation_required"", ""currency"": ""institutional_confirmation_required"", ""site_area_m2"": ""institutional_confirmation_required"", ""site_area_hectares"": ""institutional_confirmation_required"", ""implementing_entity"": ""institutional_confirmation_required"", ""supervising_entity"": ""institutional_confirmation_required"", ""investor_name"": ""institutional_confirmation_required"", ""operator_name"": ""institutional_confirmation_required"", ""infrastructure_status"": ""institutional_confirmation_required"", ""completion_percentage"": ""institutional_confirmation_required""}",data/incoming/tourism-investment-projects.kml,institutional_confirmation_required,institutional_confirmation_required,institutional_confirmation_required,institutional_confirmation_required,institutional_confirmation_required,institutional_confirmation_required,true,"Missing is not interpreted as negative, unlicensed, private, or stalled."
LY-INV-HOT-NAT-00146,فندق الوادي,"{""ownership_type"": ""institutional_confirmation_required"", ""ownership_entity"": ""institutional_confirmation_required"", ""legal_status"": ""institutional_confirmation_required"", ""license_status"": ""institutional_confirmation_required"", ""planning_status"": ""institutional_confirmation_required"", ""environmental_status"": ""institutional_confirmation_required"", ""investment_value"": ""institutional_confirmation_required"", ""estimated_cost"": ""institutional_confirmation_required"", ""currency"": ""institutional_confirmation_required"", ""site_area_m2"": ""institutional_confirmation_required"", ""site_area_hectares"": ""institutional_confirmation_required"", ""implementing_entity"": ""institutional_confirmation_required"", ""supervising_entity"": ""institutional_confirmation_required"", ""investor_name"": ""institutional_confirmation_required"", ""operator_name"": ""institutional_confirmation_required"", ""infrastructure_status"": ""institutional_confirmation_required"", ""completion_percentage"": ""institutional_confirmation_required""}",data/incoming/tourism-investment-projects.kml,institutional_confirmation_required,institutional_confirmation_required,institutional_confirmation_required,institutional_confirmation_required,institutional_confirmation_required,institutional_confirmation_required,true,"Missing is not interpreted as negative, unlicensed, private, or stalled."
LY-INV-HOT-NAT-00148,فندق الياقوتة,"{""ownership_type"": ""institutional_confirmation_required"", ""ownership_entity"": ""institutional_confirmation_required"", ""legal_status"": ""institutional_confirmation_required"", ""license_status"": ""institutional_confirmation_required"", ""planning_status"": ""institutional_confirmation_required"", ""environmental_status"": ""institutional_confirmation_required"", ""investment_value"": ""institutional_confirmation_required"", ""estimated_cost"": ""institutional_confirmation_required"", ""currency"": ""institutional_confirmation_required"", ""site_area_m2"": ""institutional_confirmation_required"", ""site_area_hectares"": ""institutional_confirmation_required"", ""implementing_entity"": ""institutional_confirmation_required"", ""supervising_entity"": ""institutional_confirmation_required"", ""investor_name"": ""institutional_confirmation_required"", ""operator_name"": ""institutional_confirmation_required"", ""infrastructure_status"": ""institutional_confirmation_required"", ""completion_percentage"": ""institutional_confirmation_required""}",data/incoming/tourism-investment-projects.kml,institutional_confirmation_required,institutional_confirmation_required,institutional_confirmation_required,institutional_confirmation_required,institutional_confirmation_required,institutional_confirmation_required,true,"Missing is not interpreted as negative, unlicensed, private, or stalled."
LY-INV-HOT-NAT-00149,فندق الياقوتة,"{""ownership_type"": ""institutional_confirmation_required"", ""ownership_entity"": ""institutional_confirmation_required"", ""legal_status"": ""institutional_confirmation_required"", ""license_status"": ""institutional_confirmation_required"", ""planning_status"": ""institutional_confirmation_required"", ""environmental_status"": ""institutional_confirmation_required"", ""investment_value"": ""institutional_confirmation_required"", ""estimated_cost"": ""institutional_confirmation_required"", ""currency"": ""institutional_confirmation_required"", ""site_area_m2"": ""institutional_confirmation_required"", ""site_area_hectares"": ""institutional_confirmation_required"", ""implementing_entity"": ""institutional_confirmation_required"", ""supervising_entity"": ""institutional_confirmation_required"", ""investor_name"": ""institutional_confirmation_required"", ""operator_name"": ""institutional_confirmation_required"", ""infrastructure_status"": ""institutional_confirmation_required"", ""completion_percentage"": ""institutional_confirmation_required""}",data/incoming/tourism-investment-projects.kml,institutional_confirmation_required,institutional_confirmation_required,institutional_confirmation_required,institutional_confirmation_required,institutional_confirmation_required,institutional_confirmation_required,true,"Missing is not interpreted as negative, unlicensed, private, or stalled."
LY-INV-HOT-NAT-00150,فندق اليقين,"{""ownership_type"": ""institutional_confirmation_required"", ""ownership_entity"": ""institutional_confirmation_required"", ""legal_status"": ""institutional_confirmation_required"", ""license_status"": ""institutional_confirmation_required"", ""planning_status"": ""institutional_confirmation_required"", ""environmental_status"": ""institutional_confirmation_required"", ""investment_value"": ""institutional_confirmation_required"", ""estimated_cost"": ""institutional_confirmation_required"", ""currency"": ""institutional_confirmation_required"", ""site_area_m2"": ""institutional_confirmation_required"", ""site_area_hectares"": ""institutional_confirmation_required"", ""implementing_entity"": ""institutional_confirmation_required"", ""supervising_entity"": ""institutional_confirmation_required"", ""investor_name"": ""institutional_confirmation_required"", ""operator_name"": ""institutional_confirmation_required"", ""infrastructure_status"": ""institutional_confirmation_required"", ""completion_percentage"": ""institutional_confirmation_required""}",data/incoming/tourism-investment-projects.kml,institutional_confirmation_required,institutional_confirmation_required,institutional_confirmation_required,institutional_confirmation_required,institutional_confirmation_required,institutional_confirmation_required,true,"Missing is not interpreted as negative, unlicensed, private, or stalled."
LY-INV-HOT-NAT-00151,فندق اليمامة,"{""ownership_type"": ""institutional_confirmation_required"", ""ownership_entity"": ""institutional_confirmation_required"", ""legal_status"": ""institutional_confirmation_required"", ""license_status"": ""institutional_confirmation_required"", ""planning_status"": ""institutional_confirmation_required"", ""environmental_status"": ""institutional_confirmation_required"", ""investment_value"": ""institutional_confirmation_required"", ""estimated_cost"": ""institutional_confirmation_required"", ""currency"": ""institutional_confirmation_required"", ""site_area_m2"": ""institutional_confirmation_required"", ""site_area_hectares"": ""institutional_confirmation_required"", ""implementing_entity"": ""institutional_confirmation_required"", ""supervising_entity"": ""institutional_confirmation_required"", ""investor_name"": ""institutional_confirmation_required"", ""operator_name"": ""institutional_confirmation_required"", ""infrastructure_status"": ""institutional_confirmation_required"", ""completion_percentage"": ""institutional_confirmation_required""}",data/incoming/tourism-investment-projects.kml,institutional_confirmation_required,institutional_confirmation_required,institutional_confirmation_required,institutional_confirmation_required,institutional_confirmation_required,institutional_confirmation_required,true,"Missing is not interpreted as negative, unlicensed, private, or stalled."
LY-INV-HOT-NAT-00152,فندق اوزو,"{""ownership_type"": ""institutional_confirmation_required"", ""ownership_entity"": ""institutional_confirmation_required"", ""legal_status"": ""institutional_confirmation_required"", ""license_status"": ""institutional_confirmation_required"", ""planning_status"": ""institutional_confirmation_required"", ""environmental_status"": ""institutional_confirmation_required"", ""investment_value"": ""institutional_confirmation_required"", ""estimated_cost"": ""institutional_confirmation_required"", ""currency"": ""institutional_confirmation_required"", ""site_area_m2"": ""institutional_confirmation_required"", ""site_area_hectares"": ""institutional_confirmation_required"", ""implementing_entity"": ""institutional_confirmation_required"", ""supervising_entity"": ""institutional_confirmation_required"", ""investor_name"": ""institutional_confirmation_required"", ""operator_name"": ""institutional_confirmation_required"", ""infrastructure_status"": ""institutional_confirmation_required"", ""completion_percentage"": ""institutional_confirmation_required""}",data/incoming/tourism-investment-projects.kml,institutional_confirmation_required,institutional_confirmation_required,institutional_confirmation_required,institutional_confirmation_required,institutional_confirmation_required,institutional_confirmation_required,true,"Missing is not interpreted as negative, unlicensed, private, or stalled."
LY-INV-HOT-NAT-00153,فندق ايلاف,"{""ownership_type"": ""institutional_confirmation_required"", ""ownership_entity"": ""institutional_confirmation_required"", ""legal_status"": ""institutional_confirmation_required"", ""license_status"": ""institutional_confirmation_required"", ""planning_status"": ""institutional_confirmation_required"", ""environmental_status"": ""institutional_confirmation_required"", ""investment_value"": ""institutional_confirmation_required"", ""estimated_cost"": ""institutional_confirmation_required"", ""currency"": ""institutional_confirmation_required"", ""site_area_m2"": ""institutional_confirmation_required"", ""site_area_hectares"": ""institutional_confirmation_required"", ""implementing_entity"": ""institutional_confirmation_required"", ""supervising_entity"": ""institutional_confirmation_required"", ""investor_name"": ""institutional_confirmation_required"", ""operator_name"": ""institutional_confirmation_required"", ""infrastructure_status"": ""institutional_confirmation_required"", ""completion_percentage"": ""institutional_confirmation_required""}",data/incoming/tourism-investment-projects.kml,institutional_confirmation_required,institutional_confirmation_required,institutional_confirmation_required,institutional_confirmation_required,institutional_confirmation_required,institutional_confirmation_required,true,"Missing is not interpreted as negative, unlicensed, private, or stalled."
LY-INV-HOT-NAT-00154,فندق أبراج المدينة,"{""ownership_type"": ""institutional_confirmation_required"", ""ownership_entity"": ""institutional_confirmation_required"", ""legal_status"": ""institutional_confirmation_required"", ""license_status"": ""institutional_confirmation_required"", ""planning_status"": ""institutional_confirmation_required"", ""environmental_status"": ""institutional_confirmation_required"", ""investment_value"": ""institutional_confirmation_required"", ""estimated_cost"": ""institutional_confirmation_required"", ""currency"": ""institutional_confirmation_required"", ""site_area_m2"": ""institutional_confirmation_required"", ""site_area_hectares"": ""institutional_confirmation_required"", ""implementing_entity"": ""institutional_confirmation_required"", ""supervising_entity"": ""institutional_confirmation_required"", ""investor_name"": ""institutional_confirmation_required"", ""operator_name"": ""institutional_confirmation_required"", ""infrastructure_status"": ""institutional_confirmation_required"", ""completion_percentage"": ""institutional_confirmation_required""}",data/incoming/tourism-investment-projects.kml,institutional_confirmation_required,institutional_confirmation_required,institutional_confirmation_required,institutional_confirmation_required,institutional_confirmation_required,institutional_confirmation_required,true,"Missing is not interpreted as negative, unlicensed, private, or stalled."
LY-INV-HOT-NAT-00156,فندق أفريقيا,"{""ownership_type"": ""institutional_confirmation_required"", ""ownership_entity"": ""institutional_confirmation_required"", ""legal_status"": ""institutional_confirmation_required"", ""license_status"": ""institutional_confirmation_required"", ""planning_status"": ""institutional_confirmation_required"", ""environmental_status"": ""institutional_confirmation_required"", ""investment_value"": ""institutional_confirmation_required"", ""estimated_cost"": ""institutional_confirmation_required"", ""currency"": ""institutional_confirmation_required"", ""site_area_m2"": ""institutional_confirmation_required"", ""site_area_hectares"": ""institutional_confirmation_required"", ""implementing_entity"": ""institutional_confirmation_required"", ""supervising_entity"": ""institutional_confirmation_required"", ""investor_name"": ""institutional_confirmation_required"", ""operator_name"": ""institutional_confirmation_required"", ""infrastructure_status"": ""institutional_confirmation_required"", ""completion_percentage"": ""institutional_confirmation_required""}",data/incoming/tourism-investment-projects.kml,institutional_confirmation_required,institutional_confirmation_required,institutional_confirmation_required,institutional_confirmation_required,institutional_confirmation_required,institutional_confirmation_required,true,"Missing is not interpreted as negative, unlicensed, private, or stalled."
LY-INV-HOT-NAT-00157,فندق أفريقيا,"{""ownership_type"": ""institutional_confirmation_required"", ""ownership_entity"": ""institutional_confirmation_required"", ""legal_status"": ""institutional_confirmation_required"", ""license_status"": ""institutional_confirmation_required"", ""planning_status"": ""institutional_confirmation_required"", ""environmental_status"": ""institutional_confirmation_required"", ""investment_value"": ""institutional_confirmation_required"", ""estimated_cost"": ""institutional_confirmation_required"", ""currency"": ""institutional_confirmation_required"", ""site_area_m2"": ""institutional_confirmation_required"", ""site_area_hectares"": ""institutional_confirmation_required"", ""implementing_entity"": ""institutional_confirmation_required"", ""supervising_entity"": ""institutional_confirmation_required"", ""investor_name"": ""institutional_confirmation_required"", ""operator_name"": ""institutional_confirmation_required"", ""infrastructure_status"": ""institutional_confirmation_required"", ""completion_percentage"": ""institutional_confirmation_required""}",data/incoming/tourism-investment-projects.kml,institutional_confirmation_required,institutional_confirmation_required,institutional_confirmation_required,institutional_confirmation_required,institutional_confirmation_required,institutional_confirmation_required,true,"Missing is not interpreted as negative, unlicensed, private, or stalled."
LY-INV-HOT-NAT-00158,فندق أكاكوس,"{""ownership_type"": ""institutional_confirmation_required"", ""ownership_entity"": ""institutional_confirmation_required"", ""legal_status"": ""institutional_confirmation_required"", ""license_status"": ""institutional_confirmation_required"", ""planning_status"": ""institutional_confirmation_required"", ""environmental_status"": ""institutional_confirmation_required"", ""investment_value"": ""institutional_confirmation_required"", ""estimated_cost"": ""institutional_confirmation_required"", ""currency"": ""institutional_confirmation_required"", ""site_area_m2"": ""institutional_confirmation_required"", ""site_area_hectares"": ""institutional_confirmation_required"", ""implementing_entity"": ""institutional_confirmation_required"", ""supervising_entity"": ""institutional_confirmation_required"", ""investor_name"": ""institutional_confirmation_required"", ""operator_name"": ""institutional_confirmation_required"", ""infrastructure_status"": ""institutional_confirmation_required"", ""completion_percentage"": ""institutional_confirmation_required""}",data/incoming/tourism-investment-projects.kml,institutional_confirmation_required,institutional_confirmation_required,institutional_confirmation_required,institutional_confirmation_required,institutional_confirmation_required,institutional_confirmation_required,true,"Missing is not interpreted as negative, unlicensed, private, or stalled."
LY-INV-HOT-NAT-00159,فندق أكاكوس,"{""ownership_type"": ""institutional_confirmation_required"", ""ownership_entity"": ""institutional_confirmation_required"", ""legal_status"": ""institutional_confirmation_required"", ""license_status"": ""institutional_confirmation_required"", ""planning_status"": ""institutional_confirmation_required"", ""environmental_status"": ""institutional_confirmation_required"", ""investment_value"": ""institutional_confirmation_required"", ""estimated_cost"": ""institutional_confirmation_required"", ""currency"": ""institutional_confirmation_required"", ""site_area_m2"": ""institutional_confirmation_required"", ""site_area_hectares"": ""institutional_confirmation_required"", ""implementing_entity"": ""institutional_confirmation_required"", ""supervising_entity"": ""institutional_confirmation_required"", ""investor_name"": ""institutional_confirmation_required"", ""operator_name"": ""institutional_confirmation_required"", ""infrastructure_status"": ""institutional_confirmation_required"", ""completion_percentage"": ""institutional_confirmation_required""}",data/incoming/tourism-investment-projects.kml,institutional_confirmation_required,institutional_confirmation_required,institutional_confirmation_required,institutional_confirmation_required,institutional_confirmation_required,institutional_confirmation_required,true,"Missing is not interpreted as negative, unlicensed, private, or stalled."
LY-INV-HOT-NAT-00160,فندق أمال ليبيا,"{""ownership_type"": ""institutional_confirmation_required"", ""ownership_entity"": ""institutional_confirmation_required"", ""legal_status"": ""institutional_confirmation_required"", ""license_status"": ""institutional_confirmation_required"", ""planning_status"": ""institutional_confirmation_required"", ""environmental_status"": ""institutional_confirmation_required"", ""investment_value"": ""institutional_confirmation_required"", ""estimated_cost"": ""institutional_confirmation_required"", ""currency"": ""institutional_confirmation_required"", ""site_area_m2"": ""institutional_confirmation_required"", ""site_area_hectares"": ""institutional_confirmation_required"", ""implementing_entity"": ""institutional_confirmation_required"", ""supervising_entity"": ""institutional_confirmation_required"", ""investor_name"": ""institutional_confirmation_required"", ""operator_name"": ""institutional_confirmation_required"", ""infrastructure_status"": ""institutional_confirmation_required"", ""completion_percentage"": ""institutional_confirmation_required""}",data/incoming/tourism-investment-projects.kml,institutional_confirmation_required,institutional_confirmation_required,institutional_confirmation_required,institutional_confirmation_required,institutional_confirmation_required,institutional_confirmation_required,true,"Missing is not interpreted as negative, unlicensed, private, or stalled."
LY-INV-HOT-NAT-00161,فندق أوال,"{""ownership_type"": ""institutional_confirmation_required"", ""ownership_entity"": ""institutional_confirmation_required"", ""legal_status"": ""institutional_confirmation_required"", ""license_status"": ""institutional_confirmation_required"", ""planning_status"": ""institutional_confirmation_required"", ""environmental_status"": ""institutional_confirmation_required"", ""investment_value"": ""institutional_confirmation_required"", ""estimated_cost"": ""institutional_confirmation_required"", ""currency"": ""institutional_confirmation_required"", ""site_area_m2"": ""institutional_confirmation_required"", ""site_area_hectares"": ""institutional_confirmation_required"", ""implementing_entity"": ""institutional_confirmation_required"", ""supervising_entity"": ""institutional_confirmation_required"", ""investor_name"": ""institutional_confirmation_required"", ""operator_name"": ""institutional_confirmation_required"", ""infrastructure_status"": ""institutional_confirmation_required"", ""completion_percentage"": ""institutional_confirmation_required""}",data/incoming/tourism-investment-projects.kml,institutional_confirmation_required,institutional_confirmation_required,institutional_confirmation_required,institutional_confirmation_required,institutional_confirmation_required,institutional_confirmation_required,true,"Missing is not interpreted as negative, unlicensed, private, or stalled."
LY-INV-HOT-NAT-00162,فندق أوجلة السياحي,"{""ownership_type"": ""institutional_confirmation_required"", ""ownership_entity"": ""institutional_confirmation_required"", ""legal_status"": ""institutional_confirmation_required"", ""license_status"": ""institutional_confirmation_required"", ""planning_status"": ""institutional_confirmation_required"", ""environmental_status"": ""institutional_confirmation_required"", ""investment_value"": ""institutional_confirmation_required"", ""estimated_cost"": ""institutional_confirmation_required"", ""currency"": ""institutional_confirmation_required"", ""site_area_m2"": ""institutional_confirmation_required"", ""site_area_hectares"": ""institutional_confirmation_required"", ""implementing_entity"": ""institutional_confirmation_required"", ""supervising_entity"": ""institutional_confirmation_required"", ""investor_name"": ""institutional_confirmation_required"", ""operator_name"": ""institutional_confirmation_required"", ""infrastructure_status"": ""institutional_confirmation_required"", ""completion_percentage"": ""institutional_confirmation_required""}",data/incoming/tourism-investment-projects.kml,institutional_confirmation_required,institutional_confirmation_required,institutional_confirmation_required,institutional_confirmation_required,institutional_confirmation_required,institutional_confirmation_required,true,"Missing is not interpreted as negative, unlicensed, private, or stalled."
LY-INV-HOT-NAT-00163,فندق أويا,"{""ownership_type"": ""institutional_confirmation_required"", ""ownership_entity"": ""institutional_confirmation_required"", ""legal_status"": ""institutional_confirmation_required"", ""license_status"": ""institutional_confirmation_required"", ""planning_status"": ""institutional_confirmation_required"", ""environmental_status"": ""institutional_confirmation_required"", ""investment_value"": ""institutional_confirmation_required"", ""estimated_cost"": ""institutional_confirmation_required"", ""currency"": ""institutional_confirmation_required"", ""site_area_m2"": ""institutional_confirmation_required"", ""site_area_hectares"": ""institutional_confirmation_required"", ""implementing_entity"": ""institutional_confirmation_required"", ""supervising_entity"": ""institutional_confirmation_required"", ""investor_name"": ""institutional_confirmation_required"", ""operator_name"": ""institutional_confirmation_required"", ""infrastructure_status"": ""institutional_confirmation_required"", ""completion_percentage"": ""institutional_confirmation_required""}",data/incoming/tourism-investment-projects.kml,institutional_confirmation_required,institutional_confirmation_required,institutional_confirmation_required,institutional_confirmation_required,institutional_confirmation_required,institutional_confirmation_required,true,"Missing is not interpreted as negative, unlicensed, private, or stalled."
LY-INV-HOT-NAT-00164,فندق باب البحر,"{""ownership_type"": ""institutional_confirmation_required"", ""ownership_entity"": ""institutional_confirmation_required"", ""legal_status"": ""institutional_confirmation_required"", ""license_status"": ""institutional_confirmation_required"", ""planning_status"": ""institutional_confirmation_required"", ""environmental_status"": ""institutional_confirmation_required"", ""investment_value"": ""institutional_confirmation_required"", ""estimated_cost"": ""institutional_confirmation_required"", ""currency"": ""institutional_confirmation_required"", ""site_area_m2"": ""institutional_confirmation_required"", ""site_area_hectares"": ""institutional_confirmation_required"", ""implementing_entity"": ""institutional_confirmation_required"", ""supervising_entity"": ""institutional_confirmation_required"", ""investor_name"": ""institutional_confirmation_required"", ""operator_name"": ""institutional_confirmation_required"", ""infrastructure_status"": ""institutional_confirmation_required"", ""completion_percentage"": ""institutional_confirmation_required""}",data/incoming/tourism-investment-projects.kml,institutional_confirmation_required,institutional_confirmation_required,institutional_confirmation_required,institutional_confirmation_required,institutional_confirmation_required,institutional_confirmation_required,true,"Missing is not interpreted as negative, unlicensed, private, or stalled."
LY-INV-HOT-NAT-00165,فندق براك,"{""ownership_type"": ""institutional_confirmation_required"", ""ownership_entity"": ""institutional_confirmation_required"", ""legal_status"": ""institutional_confirmation_required"", ""license_status"": ""institutional_confirmation_required"", ""planning_status"": ""institutional_confirmation_required"", ""environmental_status"": ""institutional_confirmation_required"", ""investment_value"": ""institutional_confirmation_required"", ""estimated_cost"": ""institutional_confirmation_required"", ""currency"": ""institutional_confirmation_required"", ""site_area_m2"": ""institutional_confirmation_required"", ""site_area_hectares"": ""institutional_confirmation_required"", ""implementing_entity"": ""institutional_confirmation_required"", ""supervising_entity"": ""institutional_confirmation_required"", ""investor_name"": ""institutional_confirmation_required"", ""operator_name"": ""institutional_confirmation_required"", ""infrastructure_status"": ""institutional_confirmation_required"", ""completion_percentage"": ""institutional_confirmation_required""}",data/incoming/tourism-investment-projects.kml,institutional_confirmation_required,institutional_confirmation_required,institutional_confirmation_required,institutional_confirmation_required,institutional_confirmation_required,institutional_confirmation_required,true,"Missing is not interpreted as negative, unlicensed, private, or stalled."
LY-INV-HOT-NAT-00166,فندق برينيتشي,"{""ownership_type"": ""institutional_confirmation_required"", ""ownership_entity"": ""institutional_confirmation_required"", ""legal_status"": ""institutional_confirmation_required"", ""license_status"": ""institutional_confirmation_required"", ""planning_status"": ""institutional_confirmation_required"", ""environmental_status"": ""institutional_confirmation_required"", ""investment_value"": ""institutional_confirmation_required"", ""estimated_cost"": ""institutional_confirmation_required"", ""currency"": ""institutional_confirmation_required"", ""site_area_m2"": ""institutional_confirmation_required"", ""site_area_hectares"": ""institutional_confirmation_required"", ""implementing_entity"": ""institutional_confirmation_required"", ""supervising_entity"": ""institutional_confirmation_required"", ""investor_name"": ""institutional_confirmation_required"", ""operator_name"": ""institutional_confirmation_required"", ""infrastructure_status"": ""institutional_confirmation_required"", ""completion_percentage"": ""institutional_confirmation_required""}",data/incoming/tourism-investment-projects.kml,institutional_confirmation_required,institutional_confirmation_required,institutional_confirmation_required,institutional_confirmation_required,institutional_confirmation_required,institutional_confirmation_required,true,"Missing is not interpreted as negative, unlicensed, private, or stalled."
LY-INV-HOT-BEN-00001,فندق بنغازي,"{""ownership_type"": ""institutional_confirmation_required"", ""ownership_entity"": ""institutional_confirmation_required"", ""legal_status"": ""institutional_confirmation_required"", ""license_status"": ""institutional_confirmation_required"", ""planning_status"": ""institutional_confirmation_required"", ""environmental_status"": ""institutional_confirmation_required"", ""investment_value"": ""institutional_confirmation_required"", ""estimated_cost"": ""institutional_confirmation_required"", ""currency"": ""institutional_confirmation_required"", ""site_area_m2"": ""institutional_confirmation_required"", ""site_area_hectares"": ""institutional_confirmation_required"", ""implementing_entity"": ""institutional_confirmation_required"", ""supervising_entity"": ""institutional_confirmation_required"", ""investor_name"": ""institutional_confirmation_required"", ""operator_name"": ""institutional_confirmation_required"", ""infrastructure_status"": ""institutional_confirmation_required"", ""completion_percentage"": ""institutional_confirmation_required""}",data/incoming/tourism-investment-projects.kml,institutional_confirmation_required,institutional_confirmation_required,institutional_confirmation_required,institutional_confirmation_required,institutional_confirmation_required,institutional_confirmation_required,true,"Missing is not interpreted as negative, unlicensed, private, or stalled."
LY-INV-HOT-NAT-00173,فندق تيبستي,"{""ownership_type"": ""institutional_confirmation_required"", ""ownership_entity"": ""institutional_confirmation_required"", ""legal_status"": ""institutional_confirmation_required"", ""license_status"": ""institutional_confirmation_required"", ""planning_status"": ""institutional_confirmation_required"", ""environmental_status"": ""institutional_confirmation_required"", ""investment_value"": ""institutional_confirmation_required"", ""estimated_cost"": ""institutional_confirmation_required"", ""currency"": ""institutional_confirmation_required"", ""site_area_m2"": ""institutional_confirmation_required"", ""site_area_hectares"": ""institutional_confirmation_required"", ""implementing_entity"": ""institutional_confirmation_required"", ""supervising_entity"": ""institutional_confirmation_required"", ""investor_name"": ""institutional_confirmation_required"", ""operator_name"": ""institutional_confirmation_required"", ""infrastructure_status"": ""institutional_confirmation_required"", ""completion_percentage"": ""institutional_confirmation_required""}",data/incoming/tourism-investment-projects.kml,institutional_confirmation_required,institutional_confirmation_required,institutional_confirmation_required,institutional_confirmation_required,institutional_confirmation_required,institutional_confirmation_required,true,"Missing is not interpreted as negative, unlicensed, private, or stalled."
LY-INV-HOT-NAT-00174,فندق جاكرتا,"{""ownership_type"": ""institutional_confirmation_required"", ""ownership_entity"": ""institutional_confirmation_required"", ""legal_status"": ""institutional_confirmation_required"", ""license_status"": ""institutional_confirmation_required"", ""planning_status"": ""institutional_confirmation_required"", ""environmental_status"": ""institutional_confirmation_required"", ""investment_value"": ""institutional_confirmation_required"", ""estimated_cost"": ""institutional_confirmation_required"", ""currency"": ""institutional_confirmation_required"", ""site_area_m2"": ""institutional_confirmation_required"", ""site_area_hectares"": ""institutional_confirmation_required"", ""implementing_entity"": ""institutional_confirmation_required"", ""supervising_entity"": ""institutional_confirmation_required"", ""investor_name"": ""institutional_confirmation_required"", ""operator_name"": ""institutional_confirmation_required"", ""infrastructure_status"": ""institutional_confirmation_required"", ""completion_percentage"": ""institutional_confirmation_required""}",data/incoming/tourism-investment-projects.kml,institutional_confirmation_required,institutional_confirmation_required,institutional_confirmation_required,institutional_confirmation_required,institutional_confirmation_required,institutional_confirmation_required,true,"Missing is not interpreted as negative, unlicensed, private, or stalled."
LY-INV-HOT-NAT-00175,فندق جالو السياحي,"{""ownership_type"": ""institutional_confirmation_required"", ""ownership_entity"": ""institutional_confirmation_required"", ""legal_status"": ""institutional_confirmation_required"", ""license_status"": ""institutional_confirmation_required"", ""planning_status"": ""institutional_confirmation_required"", ""environmental_status"": ""institutional_confirmation_required"", ""investment_value"": ""institutional_confirmation_required"", ""estimated_cost"": ""institutional_confirmation_required"", ""currency"": ""institutional_confirmation_required"", ""site_area_m2"": ""institutional_confirmation_required"", ""site_area_hectares"": ""institutional_confirmation_required"", ""implementing_entity"": ""institutional_confirmation_required"", ""supervising_entity"": ""institutional_confirmation_required"", ""investor_name"": ""institutional_confirmation_required"", ""operator_name"": ""institutional_confirmation_required"", ""infrastructure_status"": ""institutional_confirmation_required"", ""completion_percentage"": ""institutional_confirmation_required""}",data/incoming/tourism-investment-projects.kml,institutional_confirmation_required,institutional_confirmation_required,institutional_confirmation_required,institutional_confirmation_required,institutional_confirmation_required,institutional_confirmation_required,true,"Missing is not interpreted as negative, unlicensed, private, or stalled."
LY-INV-HOT-NAT-00176,فندق جرمة السياحي,"{""ownership_type"": ""institutional_confirmation_required"", ""ownership_entity"": ""institutional_confirmation_required"", ""legal_status"": ""institutional_confirmation_required"", ""license_status"": ""institutional_confirmation_required"", ""planning_status"": ""institutional_confirmation_required"", ""environmental_status"": ""institutional_confirmation_required"", ""investment_value"": ""institutional_confirmation_required"", ""estimated_cost"": ""institutional_confirmation_required"", ""currency"": ""institutional_confirmation_required"", ""site_area_m2"": ""institutional_confirmation_required"", ""site_area_hectares"": ""institutional_confirmation_required"", ""implementing_entity"": ""institutional_confirmation_required"", ""supervising_entity"": ""institutional_confirmation_required"", ""investor_name"": ""institutional_confirmation_required"", ""operator_name"": ""institutional_confirmation_required"", ""infrastructure_status"": ""institutional_confirmation_required"", ""completion_percentage"": ""institutional_confirmation_required""}",data/incoming/tourism-investment-projects.kml,institutional_confirmation_required,institutional_confirmation_required,institutional_confirmation_required,institutional_confirmation_required,institutional_confirmation_required,institutional_confirmation_required,true,"Missing is not interpreted as negative, unlicensed, private, or stalled."
LY-INV-HOT-NAT-00177,فندق جليانة,"{""ownership_type"": ""institutional_confirmation_required"", ""ownership_entity"": ""institutional_confirmation_required"", ""legal_status"": ""institutional_confirmation_required"", ""license_status"": ""institutional_confirmation_required"", ""planning_status"": ""institutional_confirmation_required"", ""environmental_status"": ""institutional_confirmation_required"", ""investment_value"": ""institutional_confirmation_required"", ""estimated_cost"": ""institutional_confirmation_required"", ""currency"": ""institutional_confirmation_required"", ""site_area_m2"": ""institutional_confirmation_required"", ""site_area_hectares"": ""institutional_confirmation_required"", ""implementing_entity"": ""institutional_confirmation_required"", ""supervising_entity"": ""institutional_confirmation_required"", ""investor_name"": ""institutional_confirmation_required"", ""operator_name"": ""institutional_confirmation_required"", ""infrastructure_status"": ""institutional_confirmation_required"", ""completion_percentage"": ""institutional_confirmation_required""}",data/incoming/tourism-investment-projects.kml,institutional_confirmation_required,institutional_confirmation_required,institutional_confirmation_required,institutional_confirmation_required,institutional_confirmation_required,institutional_confirmation_required,true,"Missing is not interpreted as negative, unlicensed, private, or stalled."
LY-INV-HOT-NAT-00179,فندق دار جرمة,"{""ownership_type"": ""institutional_confirmation_required"", ""ownership_entity"": ""institutional_confirmation_required"", ""legal_status"": ""institutional_confirmation_required"", ""license_status"": ""institutional_confirmation_required"", ""planning_status"": ""institutional_confirmation_required"", ""environmental_status"": ""institutional_confirmation_required"", ""investment_value"": ""institutional_confirmation_required"", ""estimated_cost"": ""institutional_confirmation_required"", ""currency"": ""institutional_confirmation_required"", ""site_area_m2"": ""institutional_confirmation_required"", ""site_area_hectares"": ""institutional_confirmation_required"", ""implementing_entity"": ""institutional_confirmation_required"", ""supervising_entity"": ""institutional_confirmation_required"", ""investor_name"": ""institutional_confirmation_required"", ""operator_name"": ""institutional_confirmation_required"", ""infrastructure_status"": ""institutional_confirmation_required"", ""completion_percentage"": ""institutional_confirmation_required""}",data/incoming/tourism-investment-projects.kml,institutional_confirmation_required,institutional_confirmation_required,institutional_confirmation_required,institutional_confirmation_required,institutional_confirmation_required,institutional_confirmation_required,true,"Missing is not interpreted as negative, unlicensed, private, or stalled."
LY-INV-HOT-NAT-00180,فندق دبي,"{""ownership_type"": ""institutional_confirmation_required"", ""ownership_entity"": ""institutional_confirmation_required"", ""legal_status"": ""institutional_confirmation_required"", ""license_status"": ""institutional_confirmation_required"", ""planning_status"": ""institutional_confirmation_required"", ""environmental_status"": ""institutional_confirmation_required"", ""investment_value"": ""institutional_confirmation_required"", ""estimated_cost"": ""institutional_confirmation_required"", ""currency"": ""institutional_confirmation_required"", ""site_area_m2"": ""institutional_confirmation_required"", ""site_area_hectares"": ""institutional_confirmation_required"", ""implementing_entity"": ""institutional_confirmation_required"", ""supervising_entity"": ""institutional_confirmation_required"", ""investor_name"": ""institutional_confirmation_required"", ""operator_name"": ""institutional_confirmation_required"", ""infrastructure_status"": ""institutional_confirmation_required"", ""completion_percentage"": ""institutional_confirmation_required""}",data/incoming/tourism-investment-projects.kml,institutional_confirmation_required,institutional_confirmation_required,institutional_confirmation_required,institutional_confirmation_required,institutional_confirmation_required,institutional_confirmation_required,true,"Missing is not interpreted as negative, unlicensed, private, or stalled."
LY-INV-HOT-NAT-00181,فندق دوجال السياحي,"{""ownership_type"": ""institutional_confirmation_required"", ""ownership_entity"": ""institutional_confirmation_required"", ""legal_status"": ""institutional_confirmation_required"", ""license_status"": ""institutional_confirmation_required"", ""planning_status"": ""institutional_confirmation_required"", ""environmental_status"": ""institutional_confirmation_required"", ""investment_value"": ""institutional_confirmation_required"", ""estimated_cost"": ""institutional_confirmation_required"", ""currency"": ""institutional_confirmation_required"", ""site_area_m2"": ""institutional_confirmation_required"", ""site_area_hectares"": ""institutional_confirmation_required"", ""implementing_entity"": ""institutional_confirmation_required"", ""supervising_entity"": ""institutional_confirmation_required"", ""investor_name"": ""institutional_confirmation_required"", ""operator_name"": ""institutional_confirmation_required"", ""infrastructure_status"": ""institutional_confirmation_required"", ""completion_percentage"": ""institutional_confirmation_required""}",data/incoming/tourism-investment-projects.kml,institutional_confirmation_required,institutional_confirmation_required,institutional_confirmation_required,institutional_confirmation_required,institutional_confirmation_required,institutional_confirmation_required,true,"Missing is not interpreted as negative, unlicensed, private, or stalled."
LY-INV-HOT-NAT-00182,فندق ديار الهناء,"{""ownership_type"": ""institutional_confirmation_required"", ""ownership_entity"": ""institutional_confirmation_required"", ""legal_status"": ""institutional_confirmation_required"", ""license_status"": ""institutional_confirmation_required"", ""planning_status"": ""institutional_confirmation_required"", ""environmental_status"": ""institutional_confirmation_required"", ""investment_value"": ""institutional_confirmation_required"", ""estimated_cost"": ""institutional_confirmation_required"", ""currency"": ""institutional_confirmation_required"", ""site_area_m2"": ""institutional_confirmation_required"", ""site_area_hectares"": ""institutional_confirmation_required"", ""implementing_entity"": ""institutional_confirmation_required"", ""supervising_entity"": ""institutional_confirmation_required"", ""investor_name"": ""institutional_confirmation_required"", ""operator_name"": ""institutional_confirmation_required"", ""infrastructure_status"": ""institutional_confirmation_required"", ""completion_percentage"": ""institutional_confirmation_required""}",data/incoming/tourism-investment-projects.kml,institutional_confirmation_required,institutional_confirmation_required,institutional_confirmation_required,institutional_confirmation_required,institutional_confirmation_required,institutional_confirmation_required,true,"Missing is not interpreted as negative, unlicensed, private, or stalled."
LY-INV-HOT-NAT-00183,فندق رواسي,"{""ownership_type"": ""institutional_confirmation_required"", ""ownership_entity"": ""institutional_confirmation_required"", ""legal_status"": ""institutional_confirmation_required"", ""license_status"": ""institutional_confirmation_required"", ""planning_status"": ""institutional_confirmation_required"", ""environmental_status"": ""institutional_confirmation_required"", ""investment_value"": ""institutional_confirmation_required"", ""estimated_cost"": ""institutional_confirmation_required"", ""currency"": ""institutional_confirmation_required"", ""site_area_m2"": ""institutional_confirmation_required"", ""site_area_hectares"": ""institutional_confirmation_required"", ""implementing_entity"": ""institutional_confirmation_required"", ""supervising_entity"": ""institutional_confirmation_required"", ""investor_name"": ""institutional_confirmation_required"", ""operator_name"": ""institutional_confirmation_required"", ""infrastructure_status"": ""institutional_confirmation_required"", ""completion_percentage"": ""institutional_confirmation_required""}",data/incoming/tourism-investment-projects.kml,institutional_confirmation_required,institutional_confirmation_required,institutional_confirmation_required,institutional_confirmation_required,institutional_confirmation_required,institutional_confirmation_required,true,"Missing is not interpreted as negative, unlicensed, private, or stalled."
LY-INV-HOT-NAT-00184,فندق رويال,"{""ownership_type"": ""institutional_confirmation_required"", ""ownership_entity"": ""institutional_confirmation_required"", ""legal_status"": ""institutional_confirmation_required"", ""license_status"": ""institutional_confirmation_required"", ""planning_status"": ""institutional_confirmation_required"", ""environmental_status"": ""institutional_confirmation_required"", ""investment_value"": ""institutional_confirmation_required"", ""estimated_cost"": ""institutional_confirmation_required"", ""currency"": ""institutional_confirmation_required"", ""site_area_m2"": ""institutional_confirmation_required"", ""site_area_hectares"": ""institutional_confirmation_required"", ""implementing_entity"": ""institutional_confirmation_required"", ""supervising_entity"": ""institutional_confirmation_required"", ""investor_name"": ""institutional_confirmation_required"", ""operator_name"": ""institutional_confirmation_required"", ""infrastructure_status"": ""institutional_confirmation_required"", ""completion_percentage"": ""institutional_confirmation_required""}",data/incoming/tourism-investment-projects.kml,institutional_confirmation_required,institutional_confirmation_required,institutional_confirmation_required,institutional_confirmation_required,institutional_confirmation_required,institutional_confirmation_required,true,"Missing is not interpreted as negative, unlicensed, private, or stalled."
LY-INV-HOT-NAT-00185,فندق ريباس,"{""ownership_type"": ""institutional_confirmation_required"", ""ownership_entity"": ""institutional_confirmation_required"", ""legal_status"": ""institutional_confirmation_required"", ""license_status"": ""institutional_confirmation_required"", ""planning_status"": ""institutional_confirmation_required"", ""environmental_status"": ""institutional_confirmation_required"", ""investment_value"": ""institutional_confirmation_required"", ""estimated_cost"": ""institutional_confirmation_required"", ""currency"": ""institutional_confirmation_required"", ""site_area_m2"": ""institutional_confirmation_required"", ""site_area_hectares"": ""institutional_confirmation_required"", ""implementing_entity"": ""institutional_confirmation_required"", ""supervising_entity"": ""institutional_confirmation_required"", ""investor_name"": ""institutional_confirmation_required"", ""operator_name"": ""institutional_confirmation_required"", ""infrastructure_status"": ""institutional_confirmation_required"", ""completion_percentage"": ""institutional_confirmation_required""}",data/incoming/tourism-investment-projects.kml,institutional_confirmation_required,institutional_confirmation_required,institutional_confirmation_required,institutional_confirmation_required,institutional_confirmation_required,institutional_confirmation_required,true,"Missing is not interpreted as negative, unlicensed, private, or stalled."
LY-INV-HOT-NAT-00188,فندق زهرة البطنان,"{""ownership_type"": ""institutional_confirmation_required"", ""ownership_entity"": ""institutional_confirmation_required"", ""legal_status"": ""institutional_confirmation_required"", ""license_status"": ""institutional_confirmation_required"", ""planning_status"": ""institutional_confirmation_required"", ""environmental_status"": ""institutional_confirmation_required"", ""investment_value"": ""institutional_confirmation_required"", ""estimated_cost"": ""institutional_confirmation_required"", ""currency"": ""institutional_confirmation_required"", ""site_area_m2"": ""institutional_confirmation_required"", ""site_area_hectares"": ""institutional_confirmation_required"", ""implementing_entity"": ""institutional_confirmation_required"", ""supervising_entity"": ""institutional_confirmation_required"", ""investor_name"": ""institutional_confirmation_required"", ""operator_name"": ""institutional_confirmation_required"", ""infrastructure_status"": ""institutional_confirmation_required"", ""completion_percentage"": ""institutional_confirmation_required""}",data/incoming/tourism-investment-projects.kml,institutional_confirmation_required,institutional_confirmation_required,institutional_confirmation_required,institutional_confirmation_required,institutional_confirmation_required,institutional_confirmation_required,true,"Missing is not interpreted as negative, unlicensed, private, or stalled."
LY-INV-HOT-NAT-00190,فندق زين,"{""ownership_type"": ""institutional_confirmation_required"", ""ownership_entity"": ""institutional_confirmation_required"", ""legal_status"": ""institutional_confirmation_required"", ""license_status"": ""institutional_confirmation_required"", ""planning_status"": ""institutional_confirmation_required"", ""environmental_status"": ""institutional_confirmation_required"", ""investment_value"": ""institutional_confirmation_required"", ""estimated_cost"": ""institutional_confirmation_required"", ""currency"": ""institutional_confirmation_required"", ""site_area_m2"": ""institutional_confirmation_required"", ""site_area_hectares"": ""institutional_confirmation_required"", ""implementing_entity"": ""institutional_confirmation_required"", ""supervising_entity"": ""institutional_confirmation_required"", ""investor_name"": ""institutional_confirmation_required"", ""operator_name"": ""institutional_confirmation_required"", ""infrastructure_status"": ""institutional_confirmation_required"", ""completion_percentage"": ""institutional_confirmation_required""}",data/incoming/tourism-investment-projects.kml,institutional_confirmation_required,institutional_confirmation_required,institutional_confirmation_required,institutional_confirmation_required,institutional_confirmation_required,institutional_confirmation_required,true,"Missing is not interpreted as negative, unlicensed, private, or stalled."
LY-INV-HOT-KHO-00006,فندق سفيروس الخمس,"{""ownership_type"": ""institutional_confirmation_required"", ""ownership_entity"": ""institutional_confirmation_required"", ""legal_status"": ""institutional_confirmation_required"", ""license_status"": ""institutional_confirmation_required"", ""planning_status"": ""institutional_confirmation_required"", ""environmental_status"": ""institutional_confirmation_required"", ""investment_value"": ""institutional_confirmation_required"", ""estimated_cost"": ""institutional_confirmation_required"", ""currency"": ""institutional_confirmation_required"", ""site_area_m2"": ""institutional_confirmation_required"", ""site_area_hectares"": ""institutional_confirmation_required"", ""implementing_entity"": ""institutional_confirmation_required"", ""supervising_entity"": ""institutional_confirmation_required"", ""investor_name"": ""institutional_confirmation_required"", ""operator_name"": ""institutional_confirmation_required"", ""infrastructure_status"": ""institutional_confirmation_required"", ""completion_percentage"": ""institutional_confirmation_required""}",data/incoming/tourism-investment-projects.kml,institutional_confirmation_required,institutional_confirmation_required,institutional_confirmation_required,institutional_confirmation_required,institutional_confirmation_required,institutional_confirmation_required,true,"Missing is not interpreted as negative, unlicensed, private, or stalled."
LY-INV-HOT-NAT-00197,فندق عمر الخيام,"{""ownership_type"": ""institutional_confirmation_required"", ""ownership_entity"": ""institutional_confirmation_required"", ""legal_status"": ""institutional_confirmation_required"", ""license_status"": ""institutional_confirmation_required"", ""planning_status"": ""institutional_confirmation_required"", ""environmental_status"": ""institutional_confirmation_required"", ""investment_value"": ""institutional_confirmation_required"", ""estimated_cost"": ""institutional_confirmation_required"", ""currency"": ""institutional_confirmation_required"", ""site_area_m2"": ""institutional_confirmation_required"", ""site_area_hectares"": ""institutional_confirmation_required"", ""implementing_entity"": ""institutional_confirmation_required"", ""supervising_entity"": ""institutional_confirmation_required"", ""investor_name"": ""institutional_confirmation_required"", ""operator_name"": ""institutional_confirmation_required"", ""infrastructure_status"": ""institutional_confirmation_required"", ""completion_percentage"": ""institutional_confirmation_required""}",data/incoming/tourism-investment-projects.kml,institutional_confirmation_required,institutional_confirmation_required,institutional_confirmation_required,institutional_confirmation_required,institutional_confirmation_required,institutional_confirmation_required,true,"Missing is not interpreted as negative, unlicensed, private, or stalled."
LY-INV-HOT-NAT-00200,فندق فيلا النوران,"{""ownership_type"": ""institutional_confirmation_required"", ""ownership_entity"": ""institutional_confirmation_required"", ""legal_status"": ""institutional_confirmation_required"", ""license_status"": ""institutional_confirmation_required"", ""planning_status"": ""institutional_confirmation_required"", ""environmental_status"": ""institutional_confirmation_required"", ""investment_value"": ""institutional_confirmation_required"", ""estimated_cost"": ""institutional_confirmation_required"", ""currency"": ""institutional_confirmation_required"", ""site_area_m2"": ""institutional_confirmation_required"", ""site_area_hectares"": ""institutional_confirmation_required"", ""implementing_entity"": ""institutional_confirmation_required"", ""supervising_entity"": ""institutional_confirmation_required"", ""investor_name"": ""institutional_confirmation_required"", ""operator_name"": ""institutional_confirmation_required"", ""infrastructure_status"": ""institutional_confirmation_required"", ""completion_percentage"": ""institutional_confirmation_required""}",data/incoming/tourism-investment-projects.kml,institutional_confirmation_required,institutional_confirmation_required,institutional_confirmation_required,institutional_confirmation_required,institutional_confirmation_required,institutional_confirmation_required,true,"Missing is not interpreted as negative, unlicensed, private, or stalled."
LY-INV-HOT-NAT-00201,فندق قاطش,"{""ownership_type"": ""institutional_confirmation_required"", ""ownership_entity"": ""institutional_confirmation_required"", ""legal_status"": ""institutional_confirmation_required"", ""license_status"": ""institutional_confirmation_required"", ""planning_status"": ""institutional_confirmation_required"", ""environmental_status"": ""institutional_confirmation_required"", ""investment_value"": ""institutional_confirmation_required"", ""estimated_cost"": ""institutional_confirmation_required"", ""currency"": ""institutional_confirmation_required"", ""site_area_m2"": ""institutional_confirmation_required"", ""site_area_hectares"": ""institutional_confirmation_required"", ""implementing_entity"": ""institutional_confirmation_required"", ""supervising_entity"": ""institutional_confirmation_required"", ""investor_name"": ""institutional_confirmation_required"", ""operator_name"": ""institutional_confirmation_required"", ""infrastructure_status"": ""institutional_confirmation_required"", ""completion_percentage"": ""institutional_confirmation_required""}",data/incoming/tourism-investment-projects.kml,institutional_confirmation_required,institutional_confirmation_required,institutional_confirmation_required,institutional_confirmation_required,institutional_confirmation_required,institutional_confirmation_required,true,"Missing is not interpreted as negative, unlicensed, private, or stalled."
LY-INV-HOT-BAY-00006,فندق قصر البيضاء,"{""ownership_type"": ""institutional_confirmation_required"", ""ownership_entity"": ""institutional_confirmation_required"", ""legal_status"": ""institutional_confirmation_required"", ""license_status"": ""institutional_confirmation_required"", ""planning_status"": ""institutional_confirmation_required"", ""environmental_status"": ""institutional_confirmation_required"", ""investment_value"": ""institutional_confirmation_required"", ""estimated_cost"": ""institutional_confirmation_required"", ""currency"": ""institutional_confirmation_required"", ""site_area_m2"": ""institutional_confirmation_required"", ""site_area_hectares"": ""institutional_confirmation_required"", ""implementing_entity"": ""institutional_confirmation_required"", ""supervising_entity"": ""institutional_confirmation_required"", ""investor_name"": ""institutional_confirmation_required"", ""operator_name"": ""institutional_confirmation_required"", ""infrastructure_status"": ""institutional_confirmation_required"", ""completion_percentage"": ""institutional_confirmation_required""}",data/incoming/tourism-investment-projects.kml,institutional_confirmation_required,institutional_confirmation_required,institutional_confirmation_required,institutional_confirmation_required,institutional_confirmation_required,institutional_confirmation_required,true,"Missing is not interpreted as negative, unlicensed, private, or stalled."
LY-INV-HOT-NAT-00204,فندق قصر الفضيل,"{""ownership_type"": ""institutional_confirmation_required"", ""ownership_entity"": ""institutional_confirmation_required"", ""legal_status"": ""institutional_confirmation_required"", ""license_status"": ""institutional_confirmation_required"", ""planning_status"": ""institutional_confirmation_required"", ""environmental_status"": ""institutional_confirmation_required"", ""investment_value"": ""institutional_confirmation_required"", ""estimated_cost"": ""institutional_confirmation_required"", ""currency"": ""institutional_confirmation_required"", ""site_area_m2"": ""institutional_confirmation_required"", ""site_area_hectares"": ""institutional_confirmation_required"", ""implementing_entity"": ""institutional_confirmation_required"", ""supervising_entity"": ""institutional_confirmation_required"", ""investor_name"": ""institutional_confirmation_required"", ""operator_name"": ""institutional_confirmation_required"", ""infrastructure_status"": ""institutional_confirmation_required"", ""completion_percentage"": ""institutional_confirmation_required""}",data/incoming/tourism-investment-projects.kml,institutional_confirmation_required,institutional_confirmation_required,institutional_confirmation_required,institutional_confirmation_required,institutional_confirmation_required,institutional_confirmation_required,true,"Missing is not interpreted as negative, unlicensed, private, or stalled."
LY-INV-HOT-NAT-00206,فندق قصر النيل,"{""ownership_type"": ""institutional_confirmation_required"", ""ownership_entity"": ""institutional_confirmation_required"", ""legal_status"": ""institutional_confirmation_required"", ""license_status"": ""institutional_confirmation_required"", ""planning_status"": ""institutional_confirmation_required"", ""environmental_status"": ""institutional_confirmation_required"", ""investment_value"": ""institutional_confirmation_required"", ""estimated_cost"": ""institutional_confirmation_required"", ""currency"": ""institutional_confirmation_required"", ""site_area_m2"": ""institutional_confirmation_required"", ""site_area_hectares"": ""institutional_confirmation_required"", ""implementing_entity"": ""institutional_confirmation_required"", ""supervising_entity"": ""institutional_confirmation_required"", ""investor_name"": ""institutional_confirmation_required"", ""operator_name"": ""institutional_confirmation_required"", ""infrastructure_status"": ""institutional_confirmation_required"", ""completion_percentage"": ""institutional_confirmation_required""}",data/incoming/tourism-investment-projects.kml,institutional_confirmation_required,institutional_confirmation_required,institutional_confirmation_required,institutional_confirmation_required,institutional_confirmation_required,institutional_confirmation_required,true,"Missing is not interpreted as negative, unlicensed, private, or stalled."
LY-INV-HOT-NAT-00207,فندق قصر الواحة,"{""ownership_type"": ""institutional_confirmation_required"", ""ownership_entity"": ""institutional_confirmation_required"", ""legal_status"": ""institutional_confirmation_required"", ""license_status"": ""institutional_confirmation_required"", ""planning_status"": ""institutional_confirmation_required"", ""environmental_status"": ""institutional_confirmation_required"", ""investment_value"": ""institutional_confirmation_required"", ""estimated_cost"": ""institutional_confirmation_required"", ""currency"": ""institutional_confirmation_required"", ""site_area_m2"": ""institutional_confirmation_required"", ""site_area_hectares"": ""institutional_confirmation_required"", ""implementing_entity"": ""institutional_confirmation_required"", ""supervising_entity"": ""institutional_confirmation_required"", ""investor_name"": ""institutional_confirmation_required"", ""operator_name"": ""institutional_confirmation_required"", ""infrastructure_status"": ""institutional_confirmation_required"", ""completion_percentage"": ""institutional_confirmation_required""}",data/incoming/tourism-investment-projects.kml,institutional_confirmation_required,institutional_confirmation_required,institutional_confirmation_required,institutional_confirmation_required,institutional_confirmation_required,institutional_confirmation_required,true,"Missing is not interpreted as negative, unlicensed, private, or stalled."
LY-INV-HOT-NAT-00208,فندق قصور الضيافة,"{""ownership_type"": ""institutional_confirmation_required"", ""ownership_entity"": ""institutional_confirmation_required"", ""legal_status"": ""institutional_confirmation_required"", ""license_status"": ""institutional_confirmation_required"", ""planning_status"": ""institutional_confirmation_required"", ""environmental_status"": ""institutional_confirmation_required"", ""investment_value"": ""institutional_confirmation_required"", ""estimated_cost"": ""institutional_confirmation_required"", ""currency"": ""institutional_confirmation_required"", ""site_area_m2"": ""institutional_confirmation_required"", ""site_area_hectares"": ""institutional_confirmation_required"", ""implementing_entity"": ""institutional_confirmation_required"", ""supervising_entity"": ""institutional_confirmation_required"", ""investor_name"": ""institutional_confirmation_required"", ""operator_name"": ""institutional_confirmation_required"", ""infrastructure_status"": ""institutional_confirmation_required"", ""completion_percentage"": ""institutional_confirmation_required""}",data/incoming/tourism-investment-projects.kml,institutional_confirmation_required,institutional_confirmation_required,institutional_confirmation_required,institutional_confirmation_required,institutional_confirmation_required,institutional_confirmation_required,true,"Missing is not interpreted as negative, unlicensed, private, or stalled."
LY-INV-HOT-NAT-00209,فندق قصي للشقق المفروشة,"{""ownership_type"": ""institutional_confirmation_required"", ""ownership_entity"": ""institutional_confirmation_required"", ""legal_status"": ""institutional_confirmation_required"", ""license_status"": ""institutional_confirmation_required"", ""planning_status"": ""institutional_confirmation_required"", ""environmental_status"": ""institutional_confirmation_required"", ""investment_value"": ""institutional_confirmation_required"", ""estimated_cost"": ""institutional_confirmation_required"", ""currency"": ""institutional_confirmation_required"", ""site_area_m2"": ""institutional_confirmation_required"", ""site_area_hectares"": ""institutional_confirmation_required"", ""implementing_entity"": ""institutional_confirmation_required"", ""supervising_entity"": ""institutional_confirmation_required"", ""investor_name"": ""institutional_confirmation_required"", ""operator_name"": ""institutional_confirmation_required"", ""infrastructure_status"": ""institutional_confirmation_required"", ""completion_percentage"": ""institutional_confirmation_required""}",data/incoming/tourism-investment-projects.kml,institutional_confirmation_required,institutional_confirmation_required,institutional_confirmation_required,institutional_confirmation_required,institutional_confirmation_required,institutional_confirmation_required,true,"Missing is not interpreted as negative, unlicensed, private, or stalled."
LY-INV-HOT-NAT-00210,فندق قورينا,"{""ownership_type"": ""institutional_confirmation_required"", ""ownership_entity"": ""institutional_confirmation_required"", ""legal_status"": ""institutional_confirmation_required"", ""license_status"": ""institutional_confirmation_required"", ""planning_status"": ""institutional_confirmation_required"", ""environmental_status"": ""institutional_confirmation_required"", ""investment_value"": ""institutional_confirmation_required"", ""estimated_cost"": ""institutional_confirmation_required"", ""currency"": ""institutional_confirmation_required"", ""site_area_m2"": ""institutional_confirmation_required"", ""site_area_hectares"": ""institutional_confirmation_required"", ""implementing_entity"": ""institutional_confirmation_required"", ""supervising_entity"": ""institutional_confirmation_required"", ""investor_name"": ""institutional_confirmation_required"", ""operator_name"": ""institutional_confirmation_required"", ""infrastructure_status"": ""institutional_confirmation_required"", ""completion_percentage"": ""institutional_confirmation_required""}",data/incoming/tourism-investment-projects.kml,institutional_confirmation_required,institutional_confirmation_required,institutional_confirmation_required,institutional_confirmation_required,institutional_confirmation_required,institutional_confirmation_required,true,"Missing is not interpreted as negative, unlicensed, private, or stalled."
LY-INV-HOT-KHO-00007,فندق لؤلؤة درنة,"{""ownership_type"": ""institutional_confirmation_required"", ""ownership_entity"": ""institutional_confirmation_required"", ""legal_status"": ""institutional_confirmation_required"", ""license_status"": ""institutional_confirmation_required"", ""planning_status"": ""institutional_confirmation_required"", ""environmental_status"": ""institutional_confirmation_required"", ""investment_value"": ""institutional_confirmation_required"", ""estimated_cost"": ""institutional_confirmation_required"", ""currency"": ""institutional_confirmation_required"", ""site_area_m2"": ""institutional_confirmation_required"", ""site_area_hectares"": ""institutional_confirmation_required"", ""implementing_entity"": ""institutional_confirmation_required"", ""supervising_entity"": ""institutional_confirmation_required"", ""investor_name"": ""institutional_confirmation_required"", ""operator_name"": ""institutional_confirmation_required"", ""infrastructure_status"": ""institutional_confirmation_required"", ""completion_percentage"": ""institutional_confirmation_required""}",data/incoming/tourism-investment-projects.kml,institutional_confirmation_required,institutional_confirmation_required,institutional_confirmation_required,institutional_confirmation_required,institutional_confirmation_required,institutional_confirmation_required,true,"Missing is not interpreted as negative, unlicensed, private, or stalled."
LY-INV-HOT-NAT-00215,فندق ميزران,"{""ownership_type"": ""institutional_confirmation_required"", ""ownership_entity"": ""institutional_confirmation_required"", ""legal_status"": ""institutional_confirmation_required"", ""license_status"": ""institutional_confirmation_required"", ""planning_status"": ""institutional_confirmation_required"", ""environmental_status"": ""institutional_confirmation_required"", ""investment_value"": ""institutional_confirmation_required"", ""estimated_cost"": ""institutional_confirmation_required"", ""currency"": ""institutional_confirmation_required"", ""site_area_m2"": ""institutional_confirmation_required"", ""site_area_hectares"": ""institutional_confirmation_required"", ""implementing_entity"": ""institutional_confirmation_required"", ""supervising_entity"": ""institutional_confirmation_required"", ""investor_name"": ""institutional_confirmation_required"", ""operator_name"": ""institutional_confirmation_required"", ""infrastructure_status"": ""institutional_confirmation_required"", ""completion_percentage"": ""institutional_confirmation_required""}",data/incoming/tourism-investment-projects.kml,institutional_confirmation_required,institutional_confirmation_required,institutional_confirmation_required,institutional_confirmation_required,institutional_confirmation_required,institutional_confirmation_required,true,"Missing is not interpreted as negative, unlicensed, private, or stalled."
LY-INV-HOT-NAT-00216,فندق هارون,"{""ownership_type"": ""institutional_confirmation_required"", ""ownership_entity"": ""institutional_confirmation_required"", ""legal_status"": ""institutional_confirmation_required"", ""license_status"": ""institutional_confirmation_required"", ""planning_status"": ""institutional_confirmation_required"", ""environmental_status"": ""institutional_confirmation_required"", ""investment_value"": ""institutional_confirmation_required"", ""estimated_cost"": ""institutional_confirmation_required"", ""currency"": ""institutional_confirmation_required"", ""site_area_m2"": ""institutional_confirmation_required"", ""site_area_hectares"": ""institutional_confirmation_required"", ""implementing_entity"": ""institutional_confirmation_required"", ""supervising_entity"": ""institutional_confirmation_required"", ""investor_name"": ""institutional_confirmation_required"", ""operator_name"": ""institutional_confirmation_required"", ""infrastructure_status"": ""institutional_confirmation_required"", ""completion_percentage"": ""institutional_confirmation_required""}",data/incoming/tourism-investment-projects.kml,institutional_confirmation_required,institutional_confirmation_required,institutional_confirmation_required,institutional_confirmation_required,institutional_confirmation_required,institutional_confirmation_required,true,"Missing is not interpreted as negative, unlicensed, private, or stalled."
LY-INV-HOT-NAT-00220,الفندق السياحي,"{""ownership_type"": ""institutional_confirmation_required"", ""ownership_entity"": ""institutional_confirmation_required"", ""legal_status"": ""institutional_confirmation_required"", ""license_status"": ""institutional_confirmation_required"", ""planning_status"": ""institutional_confirmation_required"", ""environmental_status"": ""institutional_confirmation_required"", ""investment_value"": ""institutional_confirmation_required"", ""estimated_cost"": ""institutional_confirmation_required"", ""currency"": ""institutional_confirmation_required"", ""site_area_m2"": ""institutional_confirmation_required"", ""site_area_hectares"": ""institutional_confirmation_required"", ""implementing_entity"": ""institutional_confirmation_required"", ""supervising_entity"": ""institutional_confirmation_required"", ""investor_name"": ""institutional_confirmation_required"", ""operator_name"": ""institutional_confirmation_required"", ""infrastructure_status"": ""institutional_confirmation_required"", ""completion_percentage"": ""institutional_confirmation_required""}",data/incoming/tourism-investment-projects.kml,institutional_confirmation_required,institutional_confirmation_required,institutional_confirmation_required,institutional_confirmation_required,institutional_confirmation_required,institutional_confirmation_required,true,"Missing is not interpreted as negative, unlicensed, private, or stalled."
LY-INV-HOT-NAT-00221,الفندق القديم,"{""ownership_type"": ""institutional_confirmation_required"", ""ownership_entity"": ""institutional_confirmation_required"", ""legal_status"": ""institutional_confirmation_required"", ""license_status"": ""institutional_confirmation_required"", ""planning_status"": ""institutional_confirmation_required"", ""environmental_status"": ""institutional_confirmation_required"", ""investment_value"": ""institutional_confirmation_required"", ""estimated_cost"": ""institutional_confirmation_required"", ""currency"": ""institutional_confirmation_required"", ""site_area_m2"": ""institutional_confirmation_required"", ""site_area_hectares"": ""institutional_confirmation_required"", ""implementing_entity"": ""institutional_confirmation_required"", ""supervising_entity"": ""institutional_confirmation_required"", ""investor_name"": ""institutional_confirmation_required"", ""operator_name"": ""institutional_confirmation_required"", ""infrastructure_status"": ""institutional_confirmation_required"", ""completion_percentage"": ""institutional_confirmation_required""}",data/incoming/tourism-investment-projects.kml,institutional_confirmation_required,institutional_confirmation_required,institutional_confirmation_required,institutional_confirmation_required,institutional_confirmation_required,institutional_confirmation_required,true,"Missing is not interpreted as negative, unlicensed, private, or stalled."
LY-INV-HOT-NAT-00222,الفندق الكبير,"{""ownership_type"": ""institutional_confirmation_required"", ""ownership_entity"": ""institutional_confirmation_required"", ""legal_status"": ""institutional_confirmation_required"", ""license_status"": ""institutional_confirmation_required"", ""planning_status"": ""institutional_confirmation_required"", ""environmental_status"": ""institutional_confirmation_required"", ""investment_value"": ""institutional_confirmation_required"", ""estimated_cost"": ""institutional_confirmation_required"", ""currency"": ""institutional_confirmation_required"", ""site_area_m2"": ""institutional_confirmation_required"", ""site_area_hectares"": ""institutional_confirmation_required"", ""implementing_entity"": ""institutional_confirmation_required"", ""supervising_entity"": ""institutional_confirmation_required"", ""investor_name"": ""institutional_confirmation_required"", ""operator_name"": ""institutional_confirmation_required"", ""infrastructure_status"": ""institutional_confirmation_required"", ""completion_percentage"": ""institutional_confirmation_required""}",data/incoming/tourism-investment-projects.kml,institutional_confirmation_required,institutional_confirmation_required,institutional_confirmation_required,institutional_confirmation_required,institutional_confirmation_required,institutional_confirmation_required,true,"Missing is not interpreted as negative, unlicensed, private, or stalled."
LY-INV-REV-NAT-00001,القرية السياحية قاريونس,"{""ownership_type"": ""institutional_confirmation_required"", ""ownership_entity"": ""institutional_confirmation_required"", ""legal_status"": ""institutional_confirmation_required"", ""license_status"": ""institutional_confirmation_required"", ""planning_status"": ""institutional_confirmation_required"", ""environmental_status"": ""institutional_confirmation_required"", ""investment_value"": ""institutional_confirmation_required"", ""estimated_cost"": ""institutional_confirmation_required"", ""currency"": ""institutional_confirmation_required"", ""site_area_m2"": ""institutional_confirmation_required"", ""site_area_hectares"": ""institutional_confirmation_required"", ""implementing_entity"": ""institutional_confirmation_required"", ""supervising_entity"": ""institutional_confirmation_required"", ""investor_name"": ""institutional_confirmation_required"", ""operator_name"": ""institutional_confirmation_required"", ""infrastructure_status"": ""institutional_confirmation_required"", ""completion_percentage"": ""institutional_confirmation_required""}",data/incoming/tourism-investment-projects.kml,institutional_confirmation_required,institutional_confirmation_required,institutional_confirmation_required,institutional_confirmation_required,institutional_confirmation_required,institutional_confirmation_required,true,"Missing is not interpreted as negative, unlicensed, private, or stalled."
LY-INV-REV-NAT-00002,نزل المدينة,"{""ownership_type"": ""institutional_confirmation_required"", ""ownership_entity"": ""institutional_confirmation_required"", ""legal_status"": ""institutional_confirmation_required"", ""license_status"": ""institutional_confirmation_required"", ""planning_status"": ""institutional_confirmation_required"", ""environmental_status"": ""institutional_confirmation_required"", ""investment_value"": ""institutional_confirmation_required"", ""estimated_cost"": ""institutional_confirmation_required"", ""currency"": ""institutional_confirmation_required"", ""site_area_m2"": ""institutional_confirmation_required"", ""site_area_hectares"": ""institutional_confirmation_required"", ""implementing_entity"": ""institutional_confirmation_required"", ""supervising_entity"": ""institutional_confirmation_required"", ""investor_name"": ""institutional_confirmation_required"", ""operator_name"": ""institutional_confirmation_required"", ""infrastructure_status"": ""institutional_confirmation_required"", ""completion_percentage"": ""institutional_confirmation_required""}",data/incoming/tourism-investment-projects.kml,institutional_confirmation_required,institutional_confirmation_required,institutional_confirmation_required,institutional_confirmation_required,institutional_confirmation_required,institutional_confirmation_required,true,"Missing is not interpreted as negative, unlicensed, private, or stalled."
LY-INV-REV-NAT-00003,نزل أمباي,"{""ownership_type"": ""institutional_confirmation_required"", ""ownership_entity"": ""institutional_confirmation_required"", ""legal_status"": ""institutional_confirmation_required"", ""license_status"": ""institutional_confirmation_required"", ""planning_status"": ""institutional_confirmation_required"", ""environmental_status"": ""institutional_confirmation_required"", ""investment_value"": ""institutional_confirmation_required"", ""estimated_cost"": ""institutional_confirmation_required"", ""currency"": ""institutional_confirmation_required"", ""site_area_m2"": ""institutional_confirmation_required"", ""site_area_hectares"": ""institutional_confirmation_required"", ""implementing_entity"": ""institutional_confirmation_required"", ""supervising_entity"": ""institutional_confirmation_required"", ""investor_name"": ""institutional_confirmation_required"", ""operator_name"": ""institutional_confirmation_required"", ""infrastructure_status"": ""institutional_confirmation_required"", ""completion_percentage"": ""institutional_confirmation_required""}",data/incoming/tourism-investment-projects.kml,institutional_confirmation_required,institutional_confirmation_required,institutional_confirmation_required,institutional_confirmation_required,institutional_confirmation_required,institutional_confirmation_required,true,"Missing is not interpreted as negative, unlicensed, private, or stalled."
LY-INV-REV-NAT-00004,نزل بيروت,"{""ownership_type"": ""institutional_confirmation_required"", ""ownership_entity"": ""institutional_confirmation_required"", ""legal_status"": ""institutional_confirmation_required"", ""license_status"": ""institutional_confirmation_required"", ""planning_status"": ""institutional_confirmation_required"", ""environmental_status"": ""institutional_confirmation_required"", ""investment_value"": ""institutional_confirmation_required"", ""estimated_cost"": ""institutional_confirmation_required"", ""currency"": ""institutional_confirmation_required"", ""site_area_m2"": ""institutional_confirmation_required"", ""site_area_hectares"": ""institutional_confirmation_required"", ""implementing_entity"": ""institutional_confirmation_required"", ""supervising_entity"": ""institutional_confirmation_required"", ""investor_name"": ""institutional_confirmation_required"", ""operator_name"": ""institutional_confirmation_required"", ""infrastructure_status"": ""institutional_confirmation_required"", ""completion_percentage"": ""institutional_confirmation_required""}",data/incoming/tourism-investment-projects.kml,institutional_confirmation_required,institutional_confirmation_required,institutional_confirmation_required,institutional_confirmation_required,institutional_confirmation_required,institutional_confirmation_required,true,"Missing is not interpreted as negative, unlicensed, private, or stalled."
LY-INV-REV-NAT-00005,نزل مرحبا,"{""ownership_type"": ""institutional_confirmation_required"", ""ownership_entity"": ""institutional_confirmation_required"", ""legal_status"": ""institutional_confirmation_required"", ""license_status"": ""institutional_confirmation_required"", ""planning_status"": ""institutional_confirmation_required"", ""environmental_status"": ""institutional_confirmation_required"", ""investment_value"": ""institutional_confirmation_required"", ""estimated_cost"": ""institutional_confirmation_required"", ""currency"": ""institutional_confirmation_required"", ""site_area_m2"": ""institutional_confirmation_required"", ""site_area_hectares"": ""institutional_confirmation_required"", ""implementing_entity"": ""institutional_confirmation_required"", ""supervising_entity"": ""institutional_confirmation_required"", ""investor_name"": ""institutional_confirmation_required"", ""operator_name"": ""institutional_confirmation_required"", ""infrastructure_status"": ""institutional_confirmation_required"", ""completion_percentage"": ""institutional_confirmation_required""}",data/incoming/tourism-investment-projects.kml,institutional_confirmation_required,institutional_confirmation_required,institutional_confirmation_required,institutional_confirmation_required,institutional_confirmation_required,institutional_confirmation_required,true,"Missing is not interpreted as negative, unlicensed, private, or stalled."
LY-INV-HOT-NAT-00223,الماسة للشقق الفندقية,"{""ownership_type"": ""institutional_confirmation_required"", ""ownership_entity"": ""institutional_confirmation_required"", ""legal_status"": ""institutional_confirmation_required"", ""license_status"": ""institutional_confirmation_required"", ""planning_status"": ""institutional_confirmation_required"", ""environmental_status"": ""institutional_confirmation_required"", ""investment_value"": ""institutional_confirmation_required"", ""estimated_cost"": ""institutional_confirmation_required"", ""currency"": ""institutional_confirmation_required"", ""site_area_m2"": ""institutional_confirmation_required"", ""site_area_hectares"": ""institutional_confirmation_required"", ""implementing_entity"": ""institutional_confirmation_required"", ""supervising_entity"": ""institutional_confirmation_required"", ""investor_name"": ""institutional_confirmation_required"", ""operator_name"": ""institutional_confirmation_required"", ""infrastructure_status"": ""institutional_confirmation_required"", ""completion_percentage"": ""institutional_confirmation_required""}",data/incoming/tourism-investment-projects.kml,institutional_confirmation_required,institutional_confirmation_required,institutional_confirmation_required,institutional_confirmation_required,institutional_confirmation_required,institutional_confirmation_required,true,"Missing is not interpreted as negative, unlicensed, private, or stalled."
LY-INV-HOT-SEB-00002,فندق فزان,"{""ownership_type"": ""institutional_confirmation_required"", ""ownership_entity"": ""institutional_confirmation_required"", ""legal_status"": ""institutional_confirmation_required"", ""license_status"": ""institutional_confirmation_required"", ""planning_status"": ""institutional_confirmation_required"", ""environmental_status"": ""institutional_confirmation_required"", ""investment_value"": ""institutional_confirmation_required"", ""estimated_cost"": ""institutional_confirmation_required"", ""currency"": ""institutional_confirmation_required"", ""site_area_m2"": ""institutional_confirmation_required"", ""site_area_hectares"": ""institutional_confirmation_required"", ""implementing_entity"": ""institutional_confirmation_required"", ""supervising_entity"": ""institutional_confirmation_required"", ""investor_name"": ""institutional_confirmation_required"", ""operator_name"": ""institutional_confirmation_required"", ""infrastructure_status"": ""institutional_confirmation_required"", ""completion_percentage"": ""institutional_confirmation_required""}",data/incoming/tourism-investment-projects.kml,institutional_confirmation_required,institutional_confirmation_required,institutional_confirmation_required,institutional_confirmation_required,institutional_confirmation_required,institutional_confirmation_required,true,"Missing is not interpreted as negative, unlicensed, private, or stalled."
LY-INV-HOT-NAT-00224,فندق المختار,"{""ownership_type"": ""institutional_confirmation_required"", ""ownership_entity"": ""institutional_confirmation_required"", ""legal_status"": ""institutional_confirmation_required"", ""license_status"": ""institutional_confirmation_required"", ""planning_status"": ""institutional_confirmation_required"", ""environmental_status"": ""institutional_confirmation_required"", ""investment_value"": ""institutional_confirmation_required"", ""estimated_cost"": ""institutional_confirmation_required"", ""currency"": ""institutional_confirmation_required"", ""site_area_m2"": ""institutional_confirmation_required"", ""site_area_hectares"": ""institutional_confirmation_required"", ""implementing_entity"": ""institutional_confirmation_required"", ""supervising_entity"": ""institutional_confirmation_required"", ""investor_name"": ""institutional_confirmation_required"", ""operator_name"": ""institutional_confirmation_required"", ""infrastructure_status"": ""institutional_confirmation_required"", ""completion_percentage"": ""institutional_confirmation_required""}",data/incoming/tourism-investment-projects.kml,institutional_confirmation_required,institutional_confirmation_required,institutional_confirmation_required,institutional_confirmation_required,institutional_confirmation_required,institutional_confirmation_required,true,"Missing is not interpreted as negative, unlicensed, private, or stalled."
LY-INV-HOT-NAT-00225,فندق قصر كاباو,"{""ownership_type"": ""institutional_confirmation_required"", ""ownership_entity"": ""institutional_confirmation_required"", ""legal_status"": ""institutional_confirmation_required"", ""license_status"": ""institutional_confirmation_required"", ""planning_status"": ""institutional_confirmation_required"", ""environmental_status"": ""institutional_confirmation_required"", ""investment_value"": ""institutional_confirmation_required"", ""estimated_cost"": ""institutional_confirmation_required"", ""currency"": ""institutional_confirmation_required"", ""site_area_m2"": ""institutional_confirmation_required"", ""site_area_hectares"": ""institutional_confirmation_required"", ""implementing_entity"": ""institutional_confirmation_required"", ""supervising_entity"": ""institutional_confirmation_required"", ""investor_name"": ""institutional_confirmation_required"", ""operator_name"": ""institutional_confirmation_required"", ""infrastructure_status"": ""institutional_confirmation_required"", ""completion_percentage"": ""institutional_confirmation_required""}",data/incoming/tourism-investment-projects.kml,institutional_confirmation_required,institutional_confirmation_required,institutional_confirmation_required,institutional_confirmation_required,institutional_confirmation_required,institutional_confirmation_required,true,"Missing is not interpreted as negative, unlicensed, private, or stalled."
LY-INV-HOT-DER-00001,فندق الأفريقي,"{""ownership_type"": ""institutional_confirmation_required"", ""ownership_entity"": ""institutional_confirmation_required"", ""legal_status"": ""institutional_confirmation_required"", ""license_status"": ""institutional_confirmation_required"", ""planning_status"": ""institutional_confirmation_required"", ""environmental_status"": ""institutional_confirmation_required"", ""investment_value"": ""institutional_confirmation_required"", ""estimated_cost"": ""institutional_confirmation_required"", ""currency"": ""institutional_confirmation_required"", ""site_area_m2"": ""institutional_confirmation_required"", ""site_area_hectares"": ""institutional_confirmation_required"", ""implementing_entity"": ""institutional_confirmation_required"", ""supervising_entity"": ""institutional_confirmation_required"", ""investor_name"": ""institutional_confirmation_required"", ""operator_name"": ""institutional_confirmation_required"", ""infrastructure_status"": ""institutional_confirmation_required"", ""completion_percentage"": ""institutional_confirmation_required""}",data/incoming/tourism-investment-projects.kml,institutional_confirmation_required,institutional_confirmation_required,institutional_confirmation_required,institutional_confirmation_required,institutional_confirmation_required,institutional_confirmation_required,true,"Missing is not interpreted as negative, unlicensed, private, or stalled."
LY-INV-HOT-TRI-00025,فندق قرطاج السياحى1,"{""ownership_type"": ""institutional_confirmation_required"", ""ownership_entity"": ""institutional_confirmation_required"", ""legal_status"": ""institutional_confirmation_required"", ""license_status"": ""institutional_confirmation_required"", ""planning_status"": ""institutional_confirmation_required"", ""environmental_status"": ""institutional_confirmation_required"", ""investment_value"": ""institutional_confirmation_required"", ""estimated_cost"": ""institutional_confirmation_required"", ""currency"": ""institutional_confirmation_required"", ""site_area_m2"": ""institutional_confirmation_required"", ""site_area_hectares"": ""institutional_confirmation_required"", ""implementing_entity"": ""institutional_confirmation_required"", ""supervising_entity"": ""institutional_confirmation_required"", ""investor_name"": ""institutional_confirmation_required"", ""operator_name"": ""institutional_confirmation_required"", ""infrastructure_status"": ""institutional_confirmation_required"", ""completion_percentage"": ""institutional_confirmation_required""}",data/incoming/tourism-investment-projects.kml,institutional_confirmation_required,institutional_confirmation_required,institutional_confirmation_required,institutional_confirmation_required,institutional_confirmation_required,institutional_confirmation_required,true,"Missing is not interpreted as negative, unlicensed, private, or stalled."
LY-INV-HOT-TRI-00026,فندق السارة,"{""ownership_type"": ""institutional_confirmation_required"", ""ownership_entity"": ""institutional_confirmation_required"", ""legal_status"": ""institutional_confirmation_required"", ""license_status"": ""institutional_confirmation_required"", ""planning_status"": ""institutional_confirmation_required"", ""environmental_status"": ""institutional_confirmation_required"", ""investment_value"": ""institutional_confirmation_required"", ""estimated_cost"": ""institutional_confirmation_required"", ""currency"": ""institutional_confirmation_required"", ""site_area_m2"": ""institutional_confirmation_required"", ""site_area_hectares"": ""institutional_confirmation_required"", ""implementing_entity"": ""institutional_confirmation_required"", ""supervising_entity"": ""institutional_confirmation_required"", ""investor_name"": ""institutional_confirmation_required"", ""operator_name"": ""institutional_confirmation_required"", ""infrastructure_status"": ""institutional_confirmation_required"", ""completion_percentage"": ""institutional_confirmation_required""}",data/incoming/tourism-investment-projects.kml,institutional_confirmation_required,institutional_confirmation_required,institutional_confirmation_required,institutional_confirmation_required,institutional_confirmation_required,institutional_confirmation_required,true,"Missing is not interpreted as negative, unlicensed, private, or stalled."
LY-INV-HOT-TRI-00027,فندق الفصول الاربعة 3,"{""ownership_type"": ""institutional_confirmation_required"", ""ownership_entity"": ""institutional_confirmation_required"", ""legal_status"": ""institutional_confirmation_required"", ""license_status"": ""institutional_confirmation_required"", ""planning_status"": ""institutional_confirmation_required"", ""environmental_status"": ""institutional_confirmation_required"", ""investment_value"": ""institutional_confirmation_required"", ""estimated_cost"": ""institutional_confirmation_required"", ""currency"": ""institutional_confirmation_required"", ""site_area_m2"": ""institutional_confirmation_required"", ""site_area_hectares"": ""institutional_confirmation_required"", ""implementing_entity"": ""institutional_confirmation_required"", ""supervising_entity"": ""institutional_confirmation_required"", ""investor_name"": ""institutional_confirmation_required"", ""operator_name"": ""institutional_confirmation_required"", ""infrastructure_status"": ""institutional_confirmation_required"", ""completion_percentage"": ""institutional_confirmation_required""}",data/incoming/tourism-investment-projects.kml,institutional_confirmation_required,institutional_confirmation_required,institutional_confirmation_required,institutional_confirmation_required,institutional_confirmation_required,institutional_confirmation_required,true,"Missing is not interpreted as negative, unlicensed, private, or stalled."
LY-INV-HOT-TRI-00028,فندق أوال,"{""ownership_type"": ""institutional_confirmation_required"", ""ownership_entity"": ""institutional_confirmation_required"", ""legal_status"": ""institutional_confirmation_required"", ""license_status"": ""institutional_confirmation_required"", ""planning_status"": ""institutional_confirmation_required"", ""environmental_status"": ""institutional_confirmation_required"", ""investment_value"": ""institutional_confirmation_required"", ""estimated_cost"": ""institutional_confirmation_required"", ""currency"": ""institutional_confirmation_required"", ""site_area_m2"": ""institutional_confirmation_required"", ""site_area_hectares"": ""institutional_confirmation_required"", ""implementing_entity"": ""institutional_confirmation_required"", ""supervising_entity"": ""institutional_confirmation_required"", ""investor_name"": ""institutional_confirmation_required"", ""operator_name"": ""institutional_confirmation_required"", ""infrastructure_status"": ""institutional_confirmation_required"", ""completion_percentage"": ""institutional_confirmation_required""}",data/incoming/tourism-investment-projects.kml,institutional_confirmation_required,institutional_confirmation_required,institutional_confirmation_required,institutional_confirmation_required,institutional_confirmation_required,institutional_confirmation_required,true,"Missing is not interpreted as negative, unlicensed, private, or stalled."
LY-INV-HOT-TRI-00029,فندق المتوسط,"{""ownership_type"": ""institutional_confirmation_required"", ""ownership_entity"": ""institutional_confirmation_required"", ""legal_status"": ""institutional_confirmation_required"", ""license_status"": ""institutional_confirmation_required"", ""planning_status"": ""institutional_confirmation_required"", ""environmental_status"": ""institutional_confirmation_required"", ""investment_value"": ""institutional_confirmation_required"", ""estimated_cost"": ""institutional_confirmation_required"", ""currency"": ""institutional_confirmation_required"", ""site_area_m2"": ""institutional_confirmation_required"", ""site_area_hectares"": ""institutional_confirmation_required"", ""implementing_entity"": ""institutional_confirmation_required"", ""supervising_entity"": ""institutional_confirmation_required"", ""investor_name"": ""institutional_confirmation_required"", ""operator_name"": ""institutional_confirmation_required"", ""infrastructure_status"": ""institutional_confirmation_required"", ""completion_percentage"": ""institutional_confirmation_required""}",data/incoming/tourism-investment-projects.kml,institutional_confirmation_required,institutional_confirmation_required,institutional_confirmation_required,institutional_confirmation_required,institutional_confirmation_required,institutional_confirmation_required,true,"Missing is not interpreted as negative, unlicensed, private, or stalled."
LY-INV-HOT-TRI-00030,فندق صحراء ليبيا,"{""ownership_type"": ""institutional_confirmation_required"", ""ownership_entity"": ""institutional_confirmation_required"", ""legal_status"": ""institutional_confirmation_required"", ""license_status"": ""institutional_confirmation_required"", ""planning_status"": ""institutional_confirmation_required"", ""environmental_status"": ""institutional_confirmation_required"", ""investment_value"": ""institutional_confirmation_required"", ""estimated_cost"": ""institutional_confirmation_required"", ""currency"": ""institutional_confirmation_required"", ""site_area_m2"": ""institutional_confirmation_required"", ""site_area_hectares"": ""institutional_confirmation_required"", ""implementing_entity"": ""institutional_confirmation_required"", ""supervising_entity"": ""institutional_confirmation_required"", ""investor_name"": ""institutional_confirmation_required"", ""operator_name"": ""institutional_confirmation_required"", ""infrastructure_status"": ""institutional_confirmation_required"", ""completion_percentage"": ""institutional_confirmation_required""}",data/incoming/tourism-investment-projects.kml,institutional_confirmation_required,institutional_confirmation_required,institutional_confirmation_required,institutional_confirmation_required,institutional_confirmation_required,institutional_confirmation_required,true,"Missing is not interpreted as negative, unlicensed, private, or stalled."
LY-INV-HOT-TRI-00031,فندق قرطاج السياحى2,"{""ownership_type"": ""institutional_confirmation_required"", ""ownership_entity"": ""institutional_confirmation_required"", ""legal_status"": ""institutional_confirmation_required"", ""license_status"": ""institutional_confirmation_required"", ""planning_status"": ""institutional_confirmation_required"", ""environmental_status"": ""institutional_confirmation_required"", ""investment_value"": ""institutional_confirmation_required"", ""estimated_cost"": ""institutional_confirmation_required"", ""currency"": ""institutional_confirmation_required"", ""site_area_m2"": ""institutional_confirmation_required"", ""site_area_hectares"": ""institutional_confirmation_required"", ""implementing_entity"": ""institutional_confirmation_required"", ""supervising_entity"": ""institutional_confirmation_required"", ""investor_name"": ""institutional_confirmation_required"", ""operator_name"": ""institutional_confirmation_required"", ""infrastructure_status"": ""institutional_confirmation_required"", ""completion_percentage"": ""institutional_confirmation_required""}",data/incoming/tourism-investment-projects.kml,institutional_confirmation_required,institutional_confirmation_required,institutional_confirmation_required,institutional_confirmation_required,institutional_confirmation_required,institutional_confirmation_required,true,"Missing is not interpreted as negative, unlicensed, private, or stalled."
LY-INV-HOT-TRI-00032,فندق التوفيق 2,"{""ownership_type"": ""institutional_confirmation_required"", ""ownership_entity"": ""institutional_confirmation_required"", ""legal_status"": ""institutional_confirmation_required"", ""license_status"": ""institutional_confirmation_required"", ""planning_status"": ""institutional_confirmation_required"", ""environmental_status"": ""institutional_confirmation_required"", ""investment_value"": ""institutional_confirmation_required"", ""estimated_cost"": ""institutional_confirmation_required"", ""currency"": ""institutional_confirmation_required"", ""site_area_m2"": ""institutional_confirmation_required"", ""site_area_hectares"": ""institutional_confirmation_required"", ""implementing_entity"": ""institutional_confirmation_required"", ""supervising_entity"": ""institutional_confirmation_required"", ""investor_name"": ""institutional_confirmation_required"", ""operator_name"": ""institutional_confirmation_required"", ""infrastructure_status"": ""institutional_confirmation_required"", ""completion_percentage"": ""institutional_confirmation_required""}",data/incoming/tourism-investment-projects.kml,institutional_confirmation_required,institutional_confirmation_required,institutional_confirmation_required,institutional_confirmation_required,institutional_confirmation_required,institutional_confirmation_required,true,"Missing is not interpreted as negative, unlicensed, private, or stalled."
LY-INV-HOT-TRI-00033,فندق النعيم,"{""ownership_type"": ""institutional_confirmation_required"", ""ownership_entity"": ""institutional_confirmation_required"", ""legal_status"": ""institutional_confirmation_required"", ""license_status"": ""institutional_confirmation_required"", ""planning_status"": ""institutional_confirmation_required"", ""environmental_status"": ""institutional_confirmation_required"", ""investment_value"": ""institutional_confirmation_required"", ""estimated_cost"": ""institutional_confirmation_required"", ""currency"": ""institutional_confirmation_required"", ""site_area_m2"": ""institutional_confirmation_required"", ""site_area_hectares"": ""institutional_confirmation_required"", ""implementing_entity"": ""institutional_confirmation_required"", ""supervising_entity"": ""institutional_confirmation_required"", ""investor_name"": ""institutional_confirmation_required"", ""operator_name"": ""institutional_confirmation_required"", ""infrastructure_status"": ""institutional_confirmation_required"", ""completion_percentage"": ""institutional_confirmation_required""}",data/incoming/tourism-investment-projects.kml,institutional_confirmation_required,institutional_confirmation_required,institutional_confirmation_required,institutional_confirmation_required,institutional_confirmation_required,institutional_confirmation_required,true,"Missing is not interpreted as negative, unlicensed, private, or stalled."
LY-INV-HOT-TRI-00034,فندق الخليج,"{""ownership_type"": ""institutional_confirmation_required"", ""ownership_entity"": ""institutional_confirmation_required"", ""legal_status"": ""institutional_confirmation_required"", ""license_status"": ""institutional_confirmation_required"", ""planning_status"": ""institutional_confirmation_required"", ""environmental_status"": ""institutional_confirmation_required"", ""investment_value"": ""institutional_confirmation_required"", ""estimated_cost"": ""institutional_confirmation_required"", ""currency"": ""institutional_confirmation_required"", ""site_area_m2"": ""institutional_confirmation_required"", ""site_area_hectares"": ""institutional_confirmation_required"", ""implementing_entity"": ""institutional_confirmation_required"", ""supervising_entity"": ""institutional_confirmation_required"", ""investor_name"": ""institutional_confirmation_required"", ""operator_name"": ""institutional_confirmation_required"", ""infrastructure_status"": ""institutional_confirmation_required"", ""completion_percentage"": ""institutional_confirmation_required""}",data/incoming/tourism-investment-projects.kml,institutional_confirmation_required,institutional_confirmation_required,institutional_confirmation_required,institutional_confirmation_required,institutional_confirmation_required,institutional_confirmation_required,true,"Missing is not interpreted as negative, unlicensed, private, or stalled."
LY-INV-HOT-TRI-00035,فندق نور الثرياء,"{""ownership_type"": ""institutional_confirmation_required"", ""ownership_entity"": ""institutional_confirmation_required"", ""legal_status"": ""institutional_confirmation_required"", ""license_status"": ""institutional_confirmation_required"", ""planning_status"": ""institutional_confirmation_required"", ""environmental_status"": ""institutional_confirmation_required"", ""investment_value"": ""institutional_confirmation_required"", ""estimated_cost"": ""institutional_confirmation_required"", ""currency"": ""institutional_confirmation_required"", ""site_area_m2"": ""institutional_confirmation_required"", ""site_area_hectares"": ""institutional_confirmation_required"", ""implementing_entity"": ""institutional_confirmation_required"", ""supervising_entity"": ""institutional_confirmation_required"", ""investor_name"": ""institutional_confirmation_required"", ""operator_name"": ""institutional_confirmation_required"", ""infrastructure_status"": ""institutional_confirmation_required"", ""completion_percentage"": ""institutional_confirmation_required""}",data/incoming/tourism-investment-projects.kml,institutional_confirmation_required,institutional_confirmation_required,institutional_confirmation_required,institutional_confirmation_required,institutional_confirmation_required,institutional_confirmation_required,true,"Missing is not interpreted as negative, unlicensed, private, or stalled."
LY-INV-REV-TRI-00003,نزل كيلو بتراء,"{""ownership_type"": ""institutional_confirmation_required"", ""ownership_entity"": ""institutional_confirmation_required"", ""legal_status"": ""institutional_confirmation_required"", ""license_status"": ""institutional_confirmation_required"", ""planning_status"": ""institutional_confirmation_required"", ""environmental_status"": ""institutional_confirmation_required"", ""investment_value"": ""institutional_confirmation_required"", ""estimated_cost"": ""institutional_confirmation_required"", ""currency"": ""institutional_confirmation_required"", ""site_area_m2"": ""institutional_confirmation_required"", ""site_area_hectares"": ""institutional_confirmation_required"", ""implementing_entity"": ""institutional_confirmation_required"", ""supervising_entity"": ""institutional_confirmation_required"", ""investor_name"": ""institutional_confirmation_required"", ""operator_name"": ""institutional_confirmation_required"", ""infrastructure_status"": ""institutional_confirmation_required"", ""completion_percentage"": ""institutional_confirmation_required""}",data/incoming/tourism-investment-projects.kml,institutional_confirmation_required,institutional_confirmation_required,institutional_confirmation_required,institutional_confirmation_required,institutional_confirmation_required,institutional_confirmation_required,true,"Missing is not interpreted as negative, unlicensed, private, or stalled."
LY-INV-HOT-TRI-00036,فندق الفصول الاربعة 2,"{""ownership_type"": ""institutional_confirmation_required"", ""ownership_entity"": ""institutional_confirmation_required"", ""legal_status"": ""institutional_confirmation_required"", ""license_status"": ""institutional_confirmation_required"", ""planning_status"": ""institutional_confirmation_required"", ""environmental_status"": ""institutional_confirmation_required"", ""investment_value"": ""institutional_confirmation_required"", ""estimated_cost"": ""institutional_confirmation_required"", ""currency"": ""institutional_confirmation_required"", ""site_area_m2"": ""institutional_confirmation_required"", ""site_area_hectares"": ""institutional_confirmation_required"", ""implementing_entity"": ""institutional_confirmation_required"", ""supervising_entity"": ""institutional_confirmation_required"", ""investor_name"": ""institutional_confirmation_required"", ""operator_name"": ""institutional_confirmation_required"", ""infrastructure_status"": ""institutional_confirmation_required"", ""completion_percentage"": ""institutional_confirmation_required""}",data/incoming/tourism-investment-projects.kml,institutional_confirmation_required,institutional_confirmation_required,institutional_confirmation_required,institutional_confirmation_required,institutional_confirmation_required,institutional_confirmation_required,true,"Missing is not interpreted as negative, unlicensed, private, or stalled."
LY-INV-HOT-TRI-00037,فندق السفير,"{""ownership_type"": ""institutional_confirmation_required"", ""ownership_entity"": ""institutional_confirmation_required"", ""legal_status"": ""institutional_confirmation_required"", ""license_status"": ""institutional_confirmation_required"", ""planning_status"": ""institutional_confirmation_required"", ""environmental_status"": ""institutional_confirmation_required"", ""investment_value"": ""institutional_confirmation_required"", ""estimated_cost"": ""institutional_confirmation_required"", ""currency"": ""institutional_confirmation_required"", ""site_area_m2"": ""institutional_confirmation_required"", ""site_area_hectares"": ""institutional_confirmation_required"", ""implementing_entity"": ""institutional_confirmation_required"", ""supervising_entity"": ""institutional_confirmation_required"", ""investor_name"": ""institutional_confirmation_required"", ""operator_name"": ""institutional_confirmation_required"", ""infrastructure_status"": ""institutional_confirmation_required"", ""completion_percentage"": ""institutional_confirmation_required""}",data/incoming/tourism-investment-projects.kml,institutional_confirmation_required,institutional_confirmation_required,institutional_confirmation_required,institutional_confirmation_required,institutional_confirmation_required,institutional_confirmation_required,true,"Missing is not interpreted as negative, unlicensed, private, or stalled."
LY-INV-HOT-TRI-00038,فندق الثريا,"{""ownership_type"": ""institutional_confirmation_required"", ""ownership_entity"": ""institutional_confirmation_required"", ""legal_status"": ""institutional_confirmation_required"", ""license_status"": ""institutional_confirmation_required"", ""planning_status"": ""institutional_confirmation_required"", ""environmental_status"": ""institutional_confirmation_required"", ""investment_value"": ""institutional_confirmation_required"", ""estimated_cost"": ""institutional_confirmation_required"", ""currency"": ""institutional_confirmation_required"", ""site_area_m2"": ""institutional_confirmation_required"", ""site_area_hectares"": ""institutional_confirmation_required"", ""implementing_entity"": ""institutional_confirmation_required"", ""supervising_entity"": ""institutional_confirmation_required"", ""investor_name"": ""institutional_confirmation_required"", ""operator_name"": ""institutional_confirmation_required"", ""infrastructure_status"": ""institutional_confirmation_required"", ""completion_percentage"": ""institutional_confirmation_required""}",data/incoming/tourism-investment-projects.kml,institutional_confirmation_required,institutional_confirmation_required,institutional_confirmation_required,institutional_confirmation_required,institutional_confirmation_required,institutional_confirmation_required,true,"Missing is not interpreted as negative, unlicensed, private, or stalled."
LY-INV-HOT-TRI-00039,فندق الشاطئ الذهبى,"{""ownership_type"": ""institutional_confirmation_required"", ""ownership_entity"": ""institutional_confirmation_required"", ""legal_status"": ""institutional_confirmation_required"", ""license_status"": ""institutional_confirmation_required"", ""planning_status"": ""institutional_confirmation_required"", ""environmental_status"": ""institutional_confirmation_required"", ""investment_value"": ""institutional_confirmation_required"", ""estimated_cost"": ""institutional_confirmation_required"", ""currency"": ""institutional_confirmation_required"", ""site_area_m2"": ""institutional_confirmation_required"", ""site_area_hectares"": ""institutional_confirmation_required"", ""implementing_entity"": ""institutional_confirmation_required"", ""supervising_entity"": ""institutional_confirmation_required"", ""investor_name"": ""institutional_confirmation_required"", ""operator_name"": ""institutional_confirmation_required"", ""infrastructure_status"": ""institutional_confirmation_required"", ""completion_percentage"": ""institutional_confirmation_required""}",data/incoming/tourism-investment-projects.kml,institutional_confirmation_required,institutional_confirmation_required,institutional_confirmation_required,institutional_confirmation_required,institutional_confirmation_required,institutional_confirmation_required,true,"Missing is not interpreted as negative, unlicensed, private, or stalled."
LY-INV-HOT-TRI-00040,فندق الصافي,"{""ownership_type"": ""institutional_confirmation_required"", ""ownership_entity"": ""institutional_confirmation_required"", ""legal_status"": ""institutional_confirmation_required"", ""license_status"": ""institutional_confirmation_required"", ""planning_status"": ""institutional_confirmation_required"", ""environmental_status"": ""institutional_confirmation_required"", ""investment_value"": ""institutional_confirmation_required"", ""estimated_cost"": ""institutional_confirmation_required"", ""currency"": ""institutional_confirmation_required"", ""site_area_m2"": ""institutional_confirmation_required"", ""site_area_hectares"": ""institutional_confirmation_required"", ""implementing_entity"": ""institutional_confirmation_required"", ""supervising_entity"": ""institutional_confirmation_required"", ""investor_name"": ""institutional_confirmation_required"", ""operator_name"": ""institutional_confirmation_required"", ""infrastructure_status"": ""institutional_confirmation_required"", ""completion_percentage"": ""institutional_confirmation_required""}",data/incoming/tourism-investment-projects.kml,institutional_confirmation_required,institutional_confirmation_required,institutional_confirmation_required,institutional_confirmation_required,institutional_confirmation_required,institutional_confirmation_required,true,"Missing is not interpreted as negative, unlicensed, private, or stalled."
LY-INV-HOT-TRI-00041,فندق بوابة أفريقيا,"{""ownership_type"": ""institutional_confirmation_required"", ""ownership_entity"": ""institutional_confirmation_required"", ""legal_status"": ""institutional_confirmation_required"", ""license_status"": ""institutional_confirmation_required"", ""planning_status"": ""institutional_confirmation_required"", ""environmental_status"": ""institutional_confirmation_required"", ""investment_value"": ""institutional_confirmation_required"", ""estimated_cost"": ""institutional_confirmation_required"", ""currency"": ""institutional_confirmation_required"", ""site_area_m2"": ""institutional_confirmation_required"", ""site_area_hectares"": ""institutional_confirmation_required"", ""implementing_entity"": ""institutional_confirmation_required"", ""supervising_entity"": ""institutional_confirmation_required"", ""investor_name"": ""institutional_confirmation_required"", ""operator_name"": ""institutional_confirmation_required"", ""infrastructure_status"": ""institutional_confirmation_required"", ""completion_percentage"": ""institutional_confirmation_required""}",data/incoming/tourism-investment-projects.kml,institutional_confirmation_required,institutional_confirmation_required,institutional_confirmation_required,institutional_confirmation_required,institutional_confirmation_required,institutional_confirmation_required,true,"Missing is not interpreted as negative, unlicensed, private, or stalled."
LY-INV-HOT-TRI-00042,فندق الفصول الابعة 1,"{""ownership_type"": ""institutional_confirmation_required"", ""ownership_entity"": ""institutional_confirmation_required"", ""legal_status"": ""institutional_confirmation_required"", ""license_status"": ""institutional_confirmation_required"", ""planning_status"": ""institutional_confirmation_required"", ""environmental_status"": ""institutional_confirmation_required"", ""investment_value"": ""institutional_confirmation_required"", ""estimated_cost"": ""institutional_confirmation_required"", ""currency"": ""institutional_confirmation_required"", ""site_area_m2"": ""institutional_confirmation_required"", ""site_area_hectares"": ""institutional_confirmation_required"", ""implementing_entity"": ""institutional_confirmation_required"", ""supervising_entity"": ""institutional_confirmation_required"", ""investor_name"": ""institutional_confirmation_required"", ""operator_name"": ""institutional_confirmation_required"", ""infrastructure_status"": ""institutional_confirmation_required"", ""completion_percentage"": ""institutional_confirmation_required""}",data/incoming/tourism-investment-projects.kml,institutional_confirmation_required,institutional_confirmation_required,institutional_confirmation_required,institutional_confirmation_required,institutional_confirmation_required,institutional_confirmation_required,true,"Missing is not interpreted as negative, unlicensed, private, or stalled."
LY-INV-HOT-TRI-00043,فندق سفارى,"{""ownership_type"": ""institutional_confirmation_required"", ""ownership_entity"": ""institutional_confirmation_required"", ""legal_status"": ""institutional_confirmation_required"", ""license_status"": ""institutional_confirmation_required"", ""planning_status"": ""institutional_confirmation_required"", ""environmental_status"": ""institutional_confirmation_required"", ""investment_value"": ""institutional_confirmation_required"", ""estimated_cost"": ""institutional_confirmation_required"", ""currency"": ""institutional_confirmation_required"", ""site_area_m2"": ""institutional_confirmation_required"", ""site_area_hectares"": ""institutional_confirmation_required"", ""implementing_entity"": ""institutional_confirmation_required"", ""supervising_entity"": ""institutional_confirmation_required"", ""investor_name"": ""institutional_confirmation_required"", ""operator_name"": ""institutional_confirmation_required"", ""infrastructure_status"": ""institutional_confirmation_required"", ""completion_percentage"": ""institutional_confirmation_required""}",data/incoming/tourism-investment-projects.kml,institutional_confirmation_required,institutional_confirmation_required,institutional_confirmation_required,institutional_confirmation_required,institutional_confirmation_required,institutional_confirmation_required,true,"Missing is not interpreted as negative, unlicensed, private, or stalled."
LY-INV-HOT-TRI-00044,فندق زهرة الخليج,"{""ownership_type"": ""institutional_confirmation_required"", ""ownership_entity"": ""institutional_confirmation_required"", ""legal_status"": ""institutional_confirmation_required"", ""license_status"": ""institutional_confirmation_required"", ""planning_status"": ""institutional_confirmation_required"", ""environmental_status"": ""institutional_confirmation_required"", ""investment_value"": ""institutional_confirmation_required"", ""estimated_cost"": ""institutional_confirmation_required"", ""currency"": ""institutional_confirmation_required"", ""site_area_m2"": ""institutional_confirmation_required"", ""site_area_hectares"": ""institutional_confirmation_required"", ""implementing_entity"": ""institutional_confirmation_required"", ""supervising_entity"": ""institutional_confirmation_required"", ""investor_name"": ""institutional_confirmation_required"", ""operator_name"": ""institutional_confirmation_required"", ""infrastructure_status"": ""institutional_confirmation_required"", ""completion_percentage"": ""institutional_confirmation_required""}",data/incoming/tourism-investment-projects.kml,institutional_confirmation_required,institutional_confirmation_required,institutional_confirmation_required,institutional_confirmation_required,institutional_confirmation_required,institutional_confirmation_required,true,"Missing is not interpreted as negative, unlicensed, private, or stalled."
LY-INV-HOT-TRI-00045,فندق السلاسل الذهبية,"{""ownership_type"": ""institutional_confirmation_required"", ""ownership_entity"": ""institutional_confirmation_required"", ""legal_status"": ""institutional_confirmation_required"", ""license_status"": ""institutional_confirmation_required"", ""planning_status"": ""institutional_confirmation_required"", ""environmental_status"": ""institutional_confirmation_required"", ""investment_value"": ""institutional_confirmation_required"", ""estimated_cost"": ""institutional_confirmation_required"", ""currency"": ""institutional_confirmation_required"", ""site_area_m2"": ""institutional_confirmation_required"", ""site_area_hectares"": ""institutional_confirmation_required"", ""implementing_entity"": ""institutional_confirmation_required"", ""supervising_entity"": ""institutional_confirmation_required"", ""investor_name"": ""institutional_confirmation_required"", ""operator_name"": ""institutional_confirmation_required"", ""infrastructure_status"": ""institutional_confirmation_required"", ""completion_percentage"": ""institutional_confirmation_required""}",data/incoming/tourism-investment-projects.kml,institutional_confirmation_required,institutional_confirmation_required,institutional_confirmation_required,institutional_confirmation_required,institutional_confirmation_required,institutional_confirmation_required,true,"Missing is not interpreted as negative, unlicensed, private, or stalled."
LY-INV-HOT-TRI-00046,فندق بلازما,"{""ownership_type"": ""institutional_confirmation_required"", ""ownership_entity"": ""institutional_confirmation_required"", ""legal_status"": ""institutional_confirmation_required"", ""license_status"": ""institutional_confirmation_required"", ""planning_status"": ""institutional_confirmation_required"", ""environmental_status"": ""institutional_confirmation_required"", ""investment_value"": ""institutional_confirmation_required"", ""estimated_cost"": ""institutional_confirmation_required"", ""currency"": ""institutional_confirmation_required"", ""site_area_m2"": ""institutional_confirmation_required"", ""site_area_hectares"": ""institutional_confirmation_required"", ""implementing_entity"": ""institutional_confirmation_required"", ""supervising_entity"": ""institutional_confirmation_required"", ""investor_name"": ""institutional_confirmation_required"", ""operator_name"": ""institutional_confirmation_required"", ""infrastructure_status"": ""institutional_confirmation_required"", ""completion_percentage"": ""institutional_confirmation_required""}",data/incoming/tourism-investment-projects.kml,institutional_confirmation_required,institutional_confirmation_required,institutional_confirmation_required,institutional_confirmation_required,institutional_confirmation_required,institutional_confirmation_required,true,"Missing is not interpreted as negative, unlicensed, private, or stalled."
LY-INV-HOT-TRI-00047,فندق النورس,"{""ownership_type"": ""institutional_confirmation_required"", ""ownership_entity"": ""institutional_confirmation_required"", ""legal_status"": ""institutional_confirmation_required"", ""license_status"": ""institutional_confirmation_required"", ""planning_status"": ""institutional_confirmation_required"", ""environmental_status"": ""institutional_confirmation_required"", ""investment_value"": ""institutional_confirmation_required"", ""estimated_cost"": ""institutional_confirmation_required"", ""currency"": ""institutional_confirmation_required"", ""site_area_m2"": ""institutional_confirmation_required"", ""site_area_hectares"": ""institutional_confirmation_required"", ""implementing_entity"": ""institutional_confirmation_required"", ""supervising_entity"": ""institutional_confirmation_required"", ""investor_name"": ""institutional_confirmation_required"", ""operator_name"": ""institutional_confirmation_required"", ""infrastructure_status"": ""institutional_confirmation_required"", ""completion_percentage"": ""institutional_confirmation_required""}",data/incoming/tourism-investment-projects.kml,institutional_confirmation_required,institutional_confirmation_required,institutional_confirmation_required,institutional_confirmation_required,institutional_confirmation_required,institutional_confirmation_required,true,"Missing is not interpreted as negative, unlicensed, private, or stalled."
LY-INV-HOT-TRI-00048,فندق التوفيق 1,"{""ownership_type"": ""institutional_confirmation_required"", ""ownership_entity"": ""institutional_confirmation_required"", ""legal_status"": ""institutional_confirmation_required"", ""license_status"": ""institutional_confirmation_required"", ""planning_status"": ""institutional_confirmation_required"", ""environmental_status"": ""institutional_confirmation_required"", ""investment_value"": ""institutional_confirmation_required"", ""estimated_cost"": ""institutional_confirmation_required"", ""currency"": ""institutional_confirmation_required"", ""site_area_m2"": ""institutional_confirmation_required"", ""site_area_hectares"": ""institutional_confirmation_required"", ""implementing_entity"": ""institutional_confirmation_required"", ""supervising_entity"": ""institutional_confirmation_required"", ""investor_name"": ""institutional_confirmation_required"", ""operator_name"": ""institutional_confirmation_required"", ""infrastructure_status"": ""institutional_confirmation_required"", ""completion_percentage"": ""institutional_confirmation_required""}",data/incoming/tourism-investment-projects.kml,institutional_confirmation_required,institutional_confirmation_required,institutional_confirmation_required,institutional_confirmation_required,institutional_confirmation_required,institutional_confirmation_required,true,"Missing is not interpreted as negative, unlicensed, private, or stalled."
LY-INV-HOT-TRI-00049,فندق اليسر,"{""ownership_type"": ""institutional_confirmation_required"", ""ownership_entity"": ""institutional_confirmation_required"", ""legal_status"": ""institutional_confirmation_required"", ""license_status"": ""institutional_confirmation_required"", ""planning_status"": ""institutional_confirmation_required"", ""environmental_status"": ""institutional_confirmation_required"", ""investment_value"": ""institutional_confirmation_required"", ""estimated_cost"": ""institutional_confirmation_required"", ""currency"": ""institutional_confirmation_required"", ""site_area_m2"": ""institutional_confirmation_required"", ""site_area_hectares"": ""institutional_confirmation_required"", ""implementing_entity"": ""institutional_confirmation_required"", ""supervising_entity"": ""institutional_confirmation_required"", ""investor_name"": ""institutional_confirmation_required"", ""operator_name"": ""institutional_confirmation_required"", ""infrastructure_status"": ""institutional_confirmation_required"", ""completion_percentage"": ""institutional_confirmation_required""}",data/incoming/tourism-investment-projects.kml,institutional_confirmation_required,institutional_confirmation_required,institutional_confirmation_required,institutional_confirmation_required,institutional_confirmation_required,institutional_confirmation_required,true,"Missing is not interpreted as negative, unlicensed, private, or stalled."
LY-INV-HOT-TRI-00050,فندق الخيام العربية,"{""ownership_type"": ""institutional_confirmation_required"", ""ownership_entity"": ""institutional_confirmation_required"", ""legal_status"": ""institutional_confirmation_required"", ""license_status"": ""institutional_confirmation_required"", ""planning_status"": ""institutional_confirmation_required"", ""environmental_status"": ""institutional_confirmation_required"", ""investment_value"": ""institutional_confirmation_required"", ""estimated_cost"": ""institutional_confirmation_required"", ""currency"": ""institutional_confirmation_required"", ""site_area_m2"": ""institutional_confirmation_required"", ""site_area_hectares"": ""institutional_confirmation_required"", ""implementing_entity"": ""institutional_confirmation_required"", ""supervising_entity"": ""institutional_confirmation_required"", ""investor_name"": ""institutional_confirmation_required"", ""operator_name"": ""institutional_confirmation_required"", ""infrastructure_status"": ""institutional_confirmation_required"", ""completion_percentage"": ""institutional_confirmation_required""}",data/incoming/tourism-investment-projects.kml,institutional_confirmation_required,institutional_confirmation_required,institutional_confirmation_required,institutional_confirmation_required,institutional_confirmation_required,institutional_confirmation_required,true,"Missing is not interpreted as negative, unlicensed, private, or stalled."
LY-INV-HOT-TRI-00051,فندق توباكتس,"{""ownership_type"": ""institutional_confirmation_required"", ""ownership_entity"": ""institutional_confirmation_required"", ""legal_status"": ""institutional_confirmation_required"", ""license_status"": ""institutional_confirmation_required"", ""planning_status"": ""institutional_confirmation_required"", ""environmental_status"": ""institutional_confirmation_required"", ""investment_value"": ""institutional_confirmation_required"", ""estimated_cost"": ""institutional_confirmation_required"", ""currency"": ""institutional_confirmation_required"", ""site_area_m2"": ""institutional_confirmation_required"", ""site_area_hectares"": ""institutional_confirmation_required"", ""implementing_entity"": ""institutional_confirmation_required"", ""supervising_entity"": ""institutional_confirmation_required"", ""investor_name"": ""institutional_confirmation_required"", ""operator_name"": ""institutional_confirmation_required"", ""infrastructure_status"": ""institutional_confirmation_required"", ""completion_percentage"": ""institutional_confirmation_required""}",data/incoming/tourism-investment-projects.kml,institutional_confirmation_required,institutional_confirmation_required,institutional_confirmation_required,institutional_confirmation_required,institutional_confirmation_required,institutional_confirmation_required,true,"Missing is not interpreted as negative, unlicensed, private, or stalled."
LY-INV-HOT-TRI-00052,فندق الرشيد,"{""ownership_type"": ""institutional_confirmation_required"", ""ownership_entity"": ""institutional_confirmation_required"", ""legal_status"": ""institutional_confirmation_required"", ""license_status"": ""institutional_confirmation_required"", ""planning_status"": ""institutional_confirmation_required"", ""environmental_status"": ""institutional_confirmation_required"", ""investment_value"": ""institutional_confirmation_required"", ""estimated_cost"": ""institutional_confirmation_required"", ""currency"": ""institutional_confirmation_required"", ""site_area_m2"": ""institutional_confirmation_required"", ""site_area_hectares"": ""institutional_confirmation_required"", ""implementing_entity"": ""institutional_confirmation_required"", ""supervising_entity"": ""institutional_confirmation_required"", ""investor_name"": ""institutional_confirmation_required"", ""operator_name"": ""institutional_confirmation_required"", ""infrastructure_status"": ""institutional_confirmation_required"", ""completion_percentage"": ""institutional_confirmation_required""}",data/incoming/tourism-investment-projects.kml,institutional_confirmation_required,institutional_confirmation_required,institutional_confirmation_required,institutional_confirmation_required,institutional_confirmation_required,institutional_confirmation_required,true,"Missing is not interpreted as negative, unlicensed, private, or stalled."
LY-INV-HOT-NAT-00226,فندق أسامة,"{""ownership_type"": ""institutional_confirmation_required"", ""ownership_entity"": ""institutional_confirmation_required"", ""legal_status"": ""institutional_confirmation_required"", ""license_status"": ""institutional_confirmation_required"", ""planning_status"": ""institutional_confirmation_required"", ""environmental_status"": ""institutional_confirmation_required"", ""investment_value"": ""institutional_confirmation_required"", ""estimated_cost"": ""institutional_confirmation_required"", ""currency"": ""institutional_confirmation_required"", ""site_area_m2"": ""institutional_confirmation_required"", ""site_area_hectares"": ""institutional_confirmation_required"", ""implementing_entity"": ""institutional_confirmation_required"", ""supervising_entity"": ""institutional_confirmation_required"", ""investor_name"": ""institutional_confirmation_required"", ""operator_name"": ""institutional_confirmation_required"", ""infrastructure_status"": ""institutional_confirmation_required"", ""completion_percentage"": ""institutional_confirmation_required""}",data/incoming/tourism-investment-projects.kml,institutional_confirmation_required,institutional_confirmation_required,institutional_confirmation_required,institutional_confirmation_required,institutional_confirmation_required,institutional_confirmation_required,true,"Missing is not interpreted as negative, unlicensed, private, or stalled."
LY-INV-HOT-TRI-00053,فندق الزيتونة,"{""ownership_type"": ""institutional_confirmation_required"", ""ownership_entity"": ""institutional_confirmation_required"", ""legal_status"": ""institutional_confirmation_required"", ""license_status"": ""institutional_confirmation_required"", ""planning_status"": ""institutional_confirmation_required"", ""environmental_status"": ""institutional_confirmation_required"", ""investment_value"": ""institutional_confirmation_required"", ""estimated_cost"": ""institutional_confirmation_required"", ""currency"": ""institutional_confirmation_required"", ""site_area_m2"": ""institutional_confirmation_required"", ""site_area_hectares"": ""institutional_confirmation_required"", ""implementing_entity"": ""institutional_confirmation_required"", ""supervising_entity"": ""institutional_confirmation_required"", ""investor_name"": ""institutional_confirmation_required"", ""operator_name"": ""institutional_confirmation_required"", ""infrastructure_status"": ""institutional_confirmation_required"", ""completion_percentage"": ""institutional_confirmation_required""}",data/incoming/tourism-investment-projects.kml,institutional_confirmation_required,institutional_confirmation_required,institutional_confirmation_required,institutional_confirmation_required,institutional_confirmation_required,institutional_confirmation_required,true,"Missing is not interpreted as negative, unlicensed, private, or stalled."
LY-INV-HOT-TRI-00054,فندق ريباس,"{""ownership_type"": ""institutional_confirmation_required"", ""ownership_entity"": ""institutional_confirmation_required"", ""legal_status"": ""institutional_confirmation_required"", ""license_status"": ""institutional_confirmation_required"", ""planning_status"": ""institutional_confirmation_required"", ""environmental_status"": ""institutional_confirmation_required"", ""investment_value"": ""institutional_confirmation_required"", ""estimated_cost"": ""institutional_confirmation_required"", ""currency"": ""institutional_confirmation_required"", ""site_area_m2"": ""institutional_confirmation_required"", ""site_area_hectares"": ""institutional_confirmation_required"", ""implementing_entity"": ""institutional_confirmation_required"", ""supervising_entity"": ""institutional_confirmation_required"", ""investor_name"": ""institutional_confirmation_required"", ""operator_name"": ""institutional_confirmation_required"", ""infrastructure_status"": ""institutional_confirmation_required"", ""completion_percentage"": ""institutional_confirmation_required""}",data/incoming/tourism-investment-projects.kml,institutional_confirmation_required,institutional_confirmation_required,institutional_confirmation_required,institutional_confirmation_required,institutional_confirmation_required,institutional_confirmation_required,true,"Missing is not interpreted as negative, unlicensed, private, or stalled."
LY-INV-HOT-TRI-00055,فندق طليطلة,"{""ownership_type"": ""institutional_confirmation_required"", ""ownership_entity"": ""institutional_confirmation_required"", ""legal_status"": ""institutional_confirmation_required"", ""license_status"": ""institutional_confirmation_required"", ""planning_status"": ""institutional_confirmation_required"", ""environmental_status"": ""institutional_confirmation_required"", ""investment_value"": ""institutional_confirmation_required"", ""estimated_cost"": ""institutional_confirmation_required"", ""currency"": ""institutional_confirmation_required"", ""site_area_m2"": ""institutional_confirmation_required"", ""site_area_hectares"": ""institutional_confirmation_required"", ""implementing_entity"": ""institutional_confirmation_required"", ""supervising_entity"": ""institutional_confirmation_required"", ""investor_name"": ""institutional_confirmation_required"", ""operator_name"": ""institutional_confirmation_required"", ""infrastructure_status"": ""institutional_confirmation_required"", ""completion_percentage"": ""institutional_confirmation_required""}",data/incoming/tourism-investment-projects.kml,institutional_confirmation_required,institutional_confirmation_required,institutional_confirmation_required,institutional_confirmation_required,institutional_confirmation_required,institutional_confirmation_required,true,"Missing is not interpreted as negative, unlicensed, private, or stalled."
LY-INV-HOT-SAB-00005,فندق صبراتة,"{""ownership_type"": ""institutional_confirmation_required"", ""ownership_entity"": ""institutional_confirmation_required"", ""legal_status"": ""institutional_confirmation_required"", ""license_status"": ""institutional_confirmation_required"", ""planning_status"": ""institutional_confirmation_required"", ""environmental_status"": ""institutional_confirmation_required"", ""investment_value"": ""institutional_confirmation_required"", ""estimated_cost"": ""institutional_confirmation_required"", ""currency"": ""institutional_confirmation_required"", ""site_area_m2"": ""institutional_confirmation_required"", ""site_area_hectares"": ""institutional_confirmation_required"", ""implementing_entity"": ""institutional_confirmation_required"", ""supervising_entity"": ""institutional_confirmation_required"", ""investor_name"": ""institutional_confirmation_required"", ""operator_name"": ""institutional_confirmation_required"", ""infrastructure_status"": ""institutional_confirmation_required"", ""completion_percentage"": ""institutional_confirmation_required""}",data/incoming/tourism-investment-projects.kml,institutional_confirmation_required,institutional_confirmation_required,institutional_confirmation_required,institutional_confirmation_required,institutional_confirmation_required,institutional_confirmation_required,true,"Missing is not interpreted as negative, unlicensed, private, or stalled."
LY-INV-HOT-NAT-00227,فندق تاج,"{""ownership_type"": ""institutional_confirmation_required"", ""ownership_entity"": ""institutional_confirmation_required"", ""legal_status"": ""institutional_confirmation_required"", ""license_status"": ""institutional_confirmation_required"", ""planning_status"": ""institutional_confirmation_required"", ""environmental_status"": ""institutional_confirmation_required"", ""investment_value"": ""institutional_confirmation_required"", ""estimated_cost"": ""institutional_confirmation_required"", ""currency"": ""institutional_confirmation_required"", ""site_area_m2"": ""institutional_confirmation_required"", ""site_area_hectares"": ""institutional_confirmation_required"", ""implementing_entity"": ""institutional_confirmation_required"", ""supervising_entity"": ""institutional_confirmation_required"", ""investor_name"": ""institutional_confirmation_required"", ""operator_name"": ""institutional_confirmation_required"", ""infrastructure_status"": ""institutional_confirmation_required"", ""completion_percentage"": ""institutional_confirmation_required""}",data/incoming/tourism-investment-projects.kml,institutional_confirmation_required,institutional_confirmation_required,institutional_confirmation_required,institutional_confirmation_required,institutional_confirmation_required,institutional_confirmation_required,true,"Missing is not interpreted as negative, unlicensed, private, or stalled."
LY-INV-HOT-NAT-00228,فندق الكندي,"{""ownership_type"": ""institutional_confirmation_required"", ""ownership_entity"": ""institutional_confirmation_required"", ""legal_status"": ""institutional_confirmation_required"", ""license_status"": ""institutional_confirmation_required"", ""planning_status"": ""institutional_confirmation_required"", ""environmental_status"": ""institutional_confirmation_required"", ""investment_value"": ""institutional_confirmation_required"", ""estimated_cost"": ""institutional_confirmation_required"", ""currency"": ""institutional_confirmation_required"", ""site_area_m2"": ""institutional_confirmation_required"", ""site_area_hectares"": ""institutional_confirmation_required"", ""implementing_entity"": ""institutional_confirmation_required"", ""supervising_entity"": ""institutional_confirmation_required"", ""investor_name"": ""institutional_confirmation_required"", ""operator_name"": ""institutional_confirmation_required"", ""infrastructure_status"": ""institutional_confirmation_required"", ""completion_percentage"": ""institutional_confirmation_required""}",data/incoming/tourism-investment-projects.kml,institutional_confirmation_required,institutional_confirmation_required,institutional_confirmation_required,institutional_confirmation_required,institutional_confirmation_required,institutional_confirmation_required,true,"Missing is not interpreted as negative, unlicensed, private, or stalled."
LY-INV-HOT-NAT-00229,فندق أضواء قرطاج,"{""ownership_type"": ""institutional_confirmation_required"", ""ownership_entity"": ""institutional_confirmation_required"", ""legal_status"": ""institutional_confirmation_required"", ""license_status"": ""institutional_confirmation_required"", ""planning_status"": ""institutional_confirmation_required"", ""environmental_status"": ""institutional_confirmation_required"", ""investment_value"": ""institutional_confirmation_required"", ""estimated_cost"": ""institutional_confirmation_required"", ""currency"": ""institutional_confirmation_required"", ""site_area_m2"": ""institutional_confirmation_required"", ""site_area_hectares"": ""institutional_confirmation_required"", ""implementing_entity"": ""institutional_confirmation_required"", ""supervising_entity"": ""institutional_confirmation_required"", ""investor_name"": ""institutional_confirmation_required"", ""operator_name"": ""institutional_confirmation_required"", ""infrastructure_status"": ""institutional_confirmation_required"", ""completion_percentage"": ""institutional_confirmation_required""}",data/incoming/tourism-investment-projects.kml,institutional_confirmation_required,institutional_confirmation_required,institutional_confirmation_required,institutional_confirmation_required,institutional_confirmation_required,institutional_confirmation_required,true,"Missing is not interpreted as negative, unlicensed, private, or stalled."
LY-INV-HOT-NAT-00230,فندق البشير,"{""ownership_type"": ""institutional_confirmation_required"", ""ownership_entity"": ""institutional_confirmation_required"", ""legal_status"": ""institutional_confirmation_required"", ""license_status"": ""institutional_confirmation_required"", ""planning_status"": ""institutional_confirmation_required"", ""environmental_status"": ""institutional_confirmation_required"", ""investment_value"": ""institutional_confirmation_required"", ""estimated_cost"": ""institutional_confirmation_required"", ""currency"": ""institutional_confirmation_required"", ""site_area_m2"": ""institutional_confirmation_required"", ""site_area_hectares"": ""institutional_confirmation_required"", ""implementing_entity"": ""institutional_confirmation_required"", ""supervising_entity"": ""institutional_confirmation_required"", ""investor_name"": ""institutional_confirmation_required"", ""operator_name"": ""institutional_confirmation_required"", ""infrastructure_status"": ""institutional_confirmation_required"", ""completion_percentage"": ""institutional_confirmation_required""}",data/incoming/tourism-investment-projects.kml,institutional_confirmation_required,institutional_confirmation_required,institutional_confirmation_required,institutional_confirmation_required,institutional_confirmation_required,institutional_confirmation_required,true,"Missing is not interpreted as negative, unlicensed, private, or stalled."
LY-INV-HOT-NAT-00231,فندق الهاني,"{""ownership_type"": ""institutional_confirmation_required"", ""ownership_entity"": ""institutional_confirmation_required"", ""legal_status"": ""institutional_confirmation_required"", ""license_status"": ""institutional_confirmation_required"", ""planning_status"": ""institutional_confirmation_required"", ""environmental_status"": ""institutional_confirmation_required"", ""investment_value"": ""institutional_confirmation_required"", ""estimated_cost"": ""institutional_confirmation_required"", ""currency"": ""institutional_confirmation_required"", ""site_area_m2"": ""institutional_confirmation_required"", ""site_area_hectares"": ""institutional_confirmation_required"", ""implementing_entity"": ""institutional_confirmation_required"", ""supervising_entity"": ""institutional_confirmation_required"", ""investor_name"": ""institutional_confirmation_required"", ""operator_name"": ""institutional_confirmation_required"", ""infrastructure_status"": ""institutional_confirmation_required"", ""completion_percentage"": ""institutional_confirmation_required""}",data/incoming/tourism-investment-projects.kml,institutional_confirmation_required,institutional_confirmation_required,institutional_confirmation_required,institutional_confirmation_required,institutional_confirmation_required,institutional_confirmation_required,true,"Missing is not interpreted as negative, unlicensed, private, or stalled."
LY-INV-HOT-NAT-00232,فندق القنصل فندق القنصل,"{""ownership_type"": ""institutional_confirmation_required"", ""ownership_entity"": ""institutional_confirmation_required"", ""legal_status"": ""institutional_confirmation_required"", ""license_status"": ""institutional_confirmation_required"", ""planning_status"": ""institutional_confirmation_required"", ""environmental_status"": ""institutional_confirmation_required"", ""investment_value"": ""institutional_confirmation_required"", ""estimated_cost"": ""institutional_confirmation_required"", ""currency"": ""institutional_confirmation_required"", ""site_area_m2"": ""institutional_confirmation_required"", ""site_area_hectares"": ""institutional_confirmation_required"", ""implementing_entity"": ""institutional_confirmation_required"", ""supervising_entity"": ""institutional_confirmation_required"", ""investor_name"": ""institutional_confirmation_required"", ""operator_name"": ""institutional_confirmation_required"", ""infrastructure_status"": ""institutional_confirmation_required"", ""completion_percentage"": ""institutional_confirmation_required""}",data/incoming/tourism-investment-projects.kml,institutional_confirmation_required,institutional_confirmation_required,institutional_confirmation_required,institutional_confirmation_required,institutional_confirmation_required,institutional_confirmation_required,true,"Missing is not interpreted as negative, unlicensed, private, or stalled."
LY-INV-HOT-NAT-00233,فندق الجبل الاخضر,"{""ownership_type"": ""institutional_confirmation_required"", ""ownership_entity"": ""institutional_confirmation_required"", ""legal_status"": ""institutional_confirmation_required"", ""license_status"": ""institutional_confirmation_required"", ""planning_status"": ""institutional_confirmation_required"", ""environmental_status"": ""institutional_confirmation_required"", ""investment_value"": ""institutional_confirmation_required"", ""estimated_cost"": ""institutional_confirmation_required"", ""currency"": ""institutional_confirmation_required"", ""site_area_m2"": ""institutional_confirmation_required"", ""site_area_hectares"": ""institutional_confirmation_required"", ""implementing_entity"": ""institutional_confirmation_required"", ""supervising_entity"": ""institutional_confirmation_required"", ""investor_name"": ""institutional_confirmation_required"", ""operator_name"": ""institutional_confirmation_required"", ""infrastructure_status"": ""institutional_confirmation_required"", ""completion_percentage"": ""institutional_confirmation_required""}",data/incoming/tourism-investment-projects.kml,institutional_confirmation_required,institutional_confirmation_required,institutional_confirmation_required,institutional_confirmation_required,institutional_confirmation_required,institutional_confirmation_required,true,"Missing is not interpreted as negative, unlicensed, private, or stalled."
LY-INV-REV-NAT-00006,الفتح,"{""ownership_type"": ""institutional_confirmation_required"", ""ownership_entity"": ""institutional_confirmation_required"", ""legal_status"": ""institutional_confirmation_required"", ""license_status"": ""institutional_confirmation_required"", ""planning_status"": ""institutional_confirmation_required"", ""environmental_status"": ""institutional_confirmation_required"", ""investment_value"": ""institutional_confirmation_required"", ""estimated_cost"": ""institutional_confirmation_required"", ""currency"": ""institutional_confirmation_required"", ""site_area_m2"": ""institutional_confirmation_required"", ""site_area_hectares"": ""institutional_confirmation_required"", ""implementing_entity"": ""institutional_confirmation_required"", ""supervising_entity"": ""institutional_confirmation_required"", ""investor_name"": ""institutional_confirmation_required"", ""operator_name"": ""institutional_confirmation_required"", ""infrastructure_status"": ""institutional_confirmation_required"", ""completion_percentage"": ""institutional_confirmation_required""}",data/incoming/tourism-investment-projects.kml,institutional_confirmation_required,institutional_confirmation_required,institutional_confirmation_required,institutional_confirmation_required,institutional_confirmation_required,institutional_confirmation_required,true,"Missing is not interpreted as negative, unlicensed, private, or stalled."
LY-INV-HOT-TRI-00056,فندق قصر ليبيا,"{""ownership_type"": ""institutional_confirmation_required"", ""ownership_entity"": ""institutional_confirmation_required"", ""legal_status"": ""institutional_confirmation_required"", ""license_status"": ""institutional_confirmation_required"", ""planning_status"": ""institutional_confirmation_required"", ""environmental_status"": ""institutional_confirmation_required"", ""investment_value"": ""institutional_confirmation_required"", ""estimated_cost"": ""institutional_confirmation_required"", ""currency"": ""institutional_confirmation_required"", ""site_area_m2"": ""institutional_confirmation_required"", ""site_area_hectares"": ""institutional_confirmation_required"", ""implementing_entity"": ""institutional_confirmation_required"", ""supervising_entity"": ""institutional_confirmation_required"", ""investor_name"": ""institutional_confirmation_required"", ""operator_name"": ""institutional_confirmation_required"", ""infrastructure_status"": ""institutional_confirmation_required"", ""completion_percentage"": ""institutional_confirmation_required""}",data/incoming/tourism-investment-projects.kml,institutional_confirmation_required,institutional_confirmation_required,institutional_confirmation_required,institutional_confirmation_required,institutional_confirmation_required,institutional_confirmation_required,true,"Missing is not interpreted as negative, unlicensed, private, or stalled."
LY-INV-REV-NAT-00007,Hotel Haroun 2,"{""ownership_type"": ""institutional_confirmation_required"", ""ownership_entity"": ""institutional_confirmation_required"", ""legal_status"": ""institutional_confirmation_required"", ""license_status"": ""institutional_confirmation_required"", ""planning_status"": ""institutional_confirmation_required"", ""environmental_status"": ""institutional_confirmation_required"", ""investment_value"": ""institutional_confirmation_required"", ""estimated_cost"": ""institutional_confirmation_required"", ""currency"": ""institutional_confirmation_required"", ""site_area_m2"": ""institutional_confirmation_required"", ""site_area_hectares"": ""institutional_confirmation_required"", ""implementing_entity"": ""institutional_confirmation_required"", ""supervising_entity"": ""institutional_confirmation_required"", ""investor_name"": ""institutional_confirmation_required"", ""operator_name"": ""institutional_confirmation_required"", ""infrastructure_status"": ""institutional_confirmation_required"", ""completion_percentage"": ""institutional_confirmation_required""}",data/incoming/tourism-investment-projects.kml,institutional_confirmation_required,institutional_confirmation_required,institutional_confirmation_required,institutional_confirmation_required,institutional_confirmation_required,institutional_confirmation_required,true,"Missing is not interpreted as negative, unlicensed, private, or stalled."
LY-INV-HOT-NAT-00234,فندق الغزالة,"{""ownership_type"": ""institutional_confirmation_required"", ""ownership_entity"": ""institutional_confirmation_required"", ""legal_status"": ""institutional_confirmation_required"", ""license_status"": ""institutional_confirmation_required"", ""planning_status"": ""institutional_confirmation_required"", ""environmental_status"": ""institutional_confirmation_required"", ""investment_value"": ""institutional_confirmation_required"", ""estimated_cost"": ""institutional_confirmation_required"", ""currency"": ""institutional_confirmation_required"", ""site_area_m2"": ""institutional_confirmation_required"", ""site_area_hectares"": ""institutional_confirmation_required"", ""implementing_entity"": ""institutional_confirmation_required"", ""supervising_entity"": ""institutional_confirmation_required"", ""investor_name"": ""institutional_confirmation_required"", ""operator_name"": ""institutional_confirmation_required"", ""infrastructure_status"": ""institutional_confirmation_required"", ""completion_percentage"": ""institutional_confirmation_required""}",data/incoming/tourism-investment-projects.kml,institutional_confirmation_required,institutional_confirmation_required,institutional_confirmation_required,institutional_confirmation_required,institutional_confirmation_required,institutional_confirmation_required,true,"Missing is not interpreted as negative, unlicensed, private, or stalled."
LY-INV-HOT-TRI-00057,فندق كيان طرابلس,"{""ownership_type"": ""institutional_confirmation_required"", ""ownership_entity"": ""institutional_confirmation_required"", ""legal_status"": ""institutional_confirmation_required"", ""license_status"": ""institutional_confirmation_required"", ""planning_status"": ""institutional_confirmation_required"", ""environmental_status"": ""institutional_confirmation_required"", ""investment_value"": ""institutional_confirmation_required"", ""estimated_cost"": ""institutional_confirmation_required"", ""currency"": ""institutional_confirmation_required"", ""site_area_m2"": ""institutional_confirmation_required"", ""site_area_hectares"": ""institutional_confirmation_required"", ""implementing_entity"": ""institutional_confirmation_required"", ""supervising_entity"": ""institutional_confirmation_required"", ""investor_name"": ""institutional_confirmation_required"", ""operator_name"": ""institutional_confirmation_required"", ""infrastructure_status"": ""institutional_confirmation_required"", ""completion_percentage"": ""institutional_confirmation_required""}",data/incoming/tourism-investment-projects.kml,institutional_confirmation_required,institutional_confirmation_required,institutional_confirmation_required,institutional_confirmation_required,institutional_confirmation_required,institutional_confirmation_required,true,"Missing is not interpreted as negative, unlicensed, private, or stalled."
LY-INV-HOT-NAT-00235,فندق الديوان,"{""ownership_type"": ""institutional_confirmation_required"", ""ownership_entity"": ""institutional_confirmation_required"", ""legal_status"": ""institutional_confirmation_required"", ""license_status"": ""institutional_confirmation_required"", ""planning_status"": ""institutional_confirmation_required"", ""environmental_status"": ""institutional_confirmation_required"", ""investment_value"": ""institutional_confirmation_required"", ""estimated_cost"": ""institutional_confirmation_required"", ""currency"": ""institutional_confirmation_required"", ""site_area_m2"": ""institutional_confirmation_required"", ""site_area_hectares"": ""institutional_confirmation_required"", ""implementing_entity"": ""institutional_confirmation_required"", ""supervising_entity"": ""institutional_confirmation_required"", ""investor_name"": ""institutional_confirmation_required"", ""operator_name"": ""institutional_confirmation_required"", ""infrastructure_status"": ""institutional_confirmation_required"", ""completion_percentage"": ""institutional_confirmation_required""}",data/incoming/tourism-investment-projects.kml,institutional_confirmation_required,institutional_confirmation_required,institutional_confirmation_required,institutional_confirmation_required,institutional_confirmation_required,institutional_confirmation_required,true,"Missing is not interpreted as negative, unlicensed, private, or stalled."
LY-INV-HOT-NAT-00236,فندق نيو ستي New City hotel,"{""ownership_type"": ""institutional_confirmation_required"", ""ownership_entity"": ""institutional_confirmation_required"", ""legal_status"": ""institutional_confirmation_required"", ""license_status"": ""institutional_confirmation_required"", ""planning_status"": ""institutional_confirmation_required"", ""environmental_status"": ""institutional_confirmation_required"", ""investment_value"": ""institutional_confirmation_required"", ""estimated_cost"": ""institutional_confirmation_required"", ""currency"": ""institutional_confirmation_required"", ""site_area_m2"": ""institutional_confirmation_required"", ""site_area_hectares"": ""institutional_confirmation_required"", ""implementing_entity"": ""institutional_confirmation_required"", ""supervising_entity"": ""institutional_confirmation_required"", ""investor_name"": ""institutional_confirmation_required"", ""operator_name"": ""institutional_confirmation_required"", ""infrastructure_status"": ""institutional_confirmation_required"", ""completion_percentage"": ""institutional_confirmation_required""}",data/incoming/tourism-investment-projects.kml,institutional_confirmation_required,institutional_confirmation_required,institutional_confirmation_required,institutional_confirmation_required,institutional_confirmation_required,institutional_confirmation_required,true,"Missing is not interpreted as negative, unlicensed, private, or stalled."
LY-INV-HOT-NAT-00237,فندق الدالي,"{""ownership_type"": ""institutional_confirmation_required"", ""ownership_entity"": ""institutional_confirmation_required"", ""legal_status"": ""institutional_confirmation_required"", ""license_status"": ""institutional_confirmation_required"", ""planning_status"": ""institutional_confirmation_required"", ""environmental_status"": ""institutional_confirmation_required"", ""investment_value"": ""institutional_confirmation_required"", ""estimated_cost"": ""institutional_confirmation_required"", ""currency"": ""institutional_confirmation_required"", ""site_area_m2"": ""institutional_confirmation_required"", ""site_area_hectares"": ""institutional_confirmation_required"", ""implementing_entity"": ""institutional_confirmation_required"", ""supervising_entity"": ""institutional_confirmation_required"", ""investor_name"": ""institutional_confirmation_required"", ""operator_name"": ""institutional_confirmation_required"", ""infrastructure_status"": ""institutional_confirmation_required"", ""completion_percentage"": ""institutional_confirmation_required""}",data/incoming/tourism-investment-projects.kml,institutional_confirmation_required,institutional_confirmation_required,institutional_confirmation_required,institutional_confirmation_required,institutional_confirmation_required,institutional_confirmation_required,true,"Missing is not interpreted as negative, unlicensed, private, or stalled."
LY-INV-REV-NAT-00008,زهرة الشمس,"{""ownership_type"": ""institutional_confirmation_required"", ""ownership_entity"": ""institutional_confirmation_required"", ""legal_status"": ""institutional_confirmation_required"", ""license_status"": ""institutional_confirmation_required"", ""planning_status"": ""institutional_confirmation_required"", ""environmental_status"": ""institutional_confirmation_required"", ""investment_value"": ""institutional_confirmation_required"", ""estimated_cost"": ""institutional_confirmation_required"", ""currency"": ""institutional_confirmation_required"", ""site_area_m2"": ""institutional_confirmation_required"", ""site_area_hectares"": ""institutional_confirmation_required"", ""implementing_entity"": ""institutional_confirmation_required"", ""supervising_entity"": ""institutional_confirmation_required"", ""investor_name"": ""institutional_confirmation_required"", ""operator_name"": ""institutional_confirmation_required"", ""infrastructure_status"": ""institutional_confirmation_required"", ""completion_percentage"": ""institutional_confirmation_required""}",data/incoming/tourism-investment-projects.kml,institutional_confirmation_required,institutional_confirmation_required,institutional_confirmation_required,institutional_confirmation_required,institutional_confirmation_required,institutional_confirmation_required,true,"Missing is not interpreted as negative, unlicensed, private, or stalled."
LY-INV-HOT-TRI-00058,فندق ضيافة طرابلس,"{""ownership_type"": ""institutional_confirmation_required"", ""ownership_entity"": ""institutional_confirmation_required"", ""legal_status"": ""institutional_confirmation_required"", ""license_status"": ""institutional_confirmation_required"", ""planning_status"": ""institutional_confirmation_required"", ""environmental_status"": ""institutional_confirmation_required"", ""investment_value"": ""institutional_confirmation_required"", ""estimated_cost"": ""institutional_confirmation_required"", ""currency"": ""institutional_confirmation_required"", ""site_area_m2"": ""institutional_confirmation_required"", ""site_area_hectares"": ""institutional_confirmation_required"", ""implementing_entity"": ""institutional_confirmation_required"", ""supervising_entity"": ""institutional_confirmation_required"", ""investor_name"": ""institutional_confirmation_required"", ""operator_name"": ""institutional_confirmation_required"", ""infrastructure_status"": ""institutional_confirmation_required"", ""completion_percentage"": ""institutional_confirmation_required""}",data/incoming/tourism-investment-projects.kml,institutional_confirmation_required,institutional_confirmation_required,institutional_confirmation_required,institutional_confirmation_required,institutional_confirmation_required,institutional_confirmation_required,true,"Missing is not interpreted as negative, unlicensed, private, or stalled."
LY-INV-HOT-NAT-00238,فندق الفتح شارع الرشيد,"{""ownership_type"": ""institutional_confirmation_required"", ""ownership_entity"": ""institutional_confirmation_required"", ""legal_status"": ""institutional_confirmation_required"", ""license_status"": ""institutional_confirmation_required"", ""planning_status"": ""institutional_confirmation_required"", ""environmental_status"": ""institutional_confirmation_required"", ""investment_value"": ""institutional_confirmation_required"", ""estimated_cost"": ""institutional_confirmation_required"", ""currency"": ""institutional_confirmation_required"", ""site_area_m2"": ""institutional_confirmation_required"", ""site_area_hectares"": ""institutional_confirmation_required"", ""implementing_entity"": ""institutional_confirmation_required"", ""supervising_entity"": ""institutional_confirmation_required"", ""investor_name"": ""institutional_confirmation_required"", ""operator_name"": ""institutional_confirmation_required"", ""infrastructure_status"": ""institutional_confirmation_required"", ""completion_percentage"": ""institutional_confirmation_required""}",data/incoming/tourism-investment-projects.kml,institutional_confirmation_required,institutional_confirmation_required,institutional_confirmation_required,institutional_confirmation_required,institutional_confirmation_required,institutional_confirmation_required,true,"Missing is not interpreted as negative, unlicensed, private, or stalled."
LY-INV-HOT-NAT-00239,فندق بلخير,"{""ownership_type"": ""institutional_confirmation_required"", ""ownership_entity"": ""institutional_confirmation_required"", ""legal_status"": ""institutional_confirmation_required"", ""license_status"": ""institutional_confirmation_required"", ""planning_status"": ""institutional_confirmation_required"", ""environmental_status"": ""institutional_confirmation_required"", ""investment_value"": ""institutional_confirmation_required"", ""estimated_cost"": ""institutional_confirmation_required"", ""currency"": ""institutional_confirmation_required"", ""site_area_m2"": ""institutional_confirmation_required"", ""site_area_hectares"": ""institutional_confirmation_required"", ""implementing_entity"": ""institutional_confirmation_required"", ""supervising_entity"": ""institutional_confirmation_required"", ""investor_name"": ""institutional_confirmation_required"", ""operator_name"": ""institutional_confirmation_required"", ""infrastructure_status"": ""institutional_confirmation_required"", ""completion_percentage"": ""institutional_confirmation_required""}",data/incoming/tourism-investment-projects.kml,institutional_confirmation_required,institutional_confirmation_required,institutional_confirmation_required,institutional_confirmation_required,institutional_confirmation_required,institutional_confirmation_required,true,"Missing is not interpreted as negative, unlicensed, private, or stalled."
LY-INV-HOT-NAT-00240,فندق السرايا,"{""ownership_type"": ""institutional_confirmation_required"", ""ownership_entity"": ""institutional_confirmation_required"", ""legal_status"": ""institutional_confirmation_required"", ""license_status"": ""institutional_confirmation_required"", ""planning_status"": ""institutional_confirmation_required"", ""environmental_status"": ""institutional_confirmation_required"", ""investment_value"": ""institutional_confirmation_required"", ""estimated_cost"": ""institutional_confirmation_required"", ""currency"": ""institutional_confirmation_required"", ""site_area_m2"": ""institutional_confirmation_required"", ""site_area_hectares"": ""institutional_confirmation_required"", ""implementing_entity"": ""institutional_confirmation_required"", ""supervising_entity"": ""institutional_confirmation_required"", ""investor_name"": ""institutional_confirmation_required"", ""operator_name"": ""institutional_confirmation_required"", ""infrastructure_status"": ""institutional_confirmation_required"", ""completion_percentage"": ""institutional_confirmation_required""}",data/incoming/tourism-investment-projects.kml,institutional_confirmation_required,institutional_confirmation_required,institutional_confirmation_required,institutional_confirmation_required,institutional_confirmation_required,institutional_confirmation_required,true,"Missing is not interpreted as negative, unlicensed, private, or stalled."
LY-INV-HOT-NAT-00241,فندق الوحدة العربية,"{""ownership_type"": ""institutional_confirmation_required"", ""ownership_entity"": ""institutional_confirmation_required"", ""legal_status"": ""institutional_confirmation_required"", ""license_status"": ""institutional_confirmation_required"", ""planning_status"": ""institutional_confirmation_required"", ""environmental_status"": ""institutional_confirmation_required"", ""investment_value"": ""institutional_confirmation_required"", ""estimated_cost"": ""institutional_confirmation_required"", ""currency"": ""institutional_confirmation_required"", ""site_area_m2"": ""institutional_confirmation_required"", ""site_area_hectares"": ""institutional_confirmation_required"", ""implementing_entity"": ""institutional_confirmation_required"", ""supervising_entity"": ""institutional_confirmation_required"", ""investor_name"": ""institutional_confirmation_required"", ""operator_name"": ""institutional_confirmation_required"", ""infrastructure_status"": ""institutional_confirmation_required"", ""completion_percentage"": ""institutional_confirmation_required""}",data/incoming/tourism-investment-projects.kml,institutional_confirmation_required,institutional_confirmation_required,institutional_confirmation_required,institutional_confirmation_required,institutional_confirmation_required,institutional_confirmation_required,true,"Missing is not interpreted as negative, unlicensed, private, or stalled."
LY-INV-HOT-NAT-00242,فندق الكنوز الذهبية,"{""ownership_type"": ""institutional_confirmation_required"", ""ownership_entity"": ""institutional_confirmation_required"", ""legal_status"": ""institutional_confirmation_required"", ""license_status"": ""institutional_confirmation_required"", ""planning_status"": ""institutional_confirmation_required"", ""environmental_status"": ""institutional_confirmation_required"", ""investment_value"": ""institutional_confirmation_required"", ""estimated_cost"": ""institutional_confirmation_required"", ""currency"": ""institutional_confirmation_required"", ""site_area_m2"": ""institutional_confirmation_required"", ""site_area_hectares"": ""institutional_confirmation_required"", ""implementing_entity"": ""institutional_confirmation_required"", ""supervising_entity"": ""institutional_confirmation_required"", ""investor_name"": ""institutional_confirmation_required"", ""operator_name"": ""institutional_confirmation_required"", ""infrastructure_status"": ""institutional_confirmation_required"", ""completion_percentage"": ""institutional_confirmation_required""}",data/incoming/tourism-investment-projects.kml,institutional_confirmation_required,institutional_confirmation_required,institutional_confirmation_required,institutional_confirmation_required,institutional_confirmation_required,institutional_confirmation_required,true,"Missing is not interpreted as negative, unlicensed, private, or stalled."
LY-INV-HOT-NAT-00243,فندق الوطن العربي,"{""ownership_type"": ""institutional_confirmation_required"", ""ownership_entity"": ""institutional_confirmation_required"", ""legal_status"": ""institutional_confirmation_required"", ""license_status"": ""institutional_confirmation_required"", ""planning_status"": ""institutional_confirmation_required"", ""environmental_status"": ""institutional_confirmation_required"", ""investment_value"": ""institutional_confirmation_required"", ""estimated_cost"": ""institutional_confirmation_required"", ""currency"": ""institutional_confirmation_required"", ""site_area_m2"": ""institutional_confirmation_required"", ""site_area_hectares"": ""institutional_confirmation_required"", ""implementing_entity"": ""institutional_confirmation_required"", ""supervising_entity"": ""institutional_confirmation_required"", ""investor_name"": ""institutional_confirmation_required"", ""operator_name"": ""institutional_confirmation_required"", ""infrastructure_status"": ""institutional_confirmation_required"", ""completion_percentage"": ""institutional_confirmation_required""}",data/incoming/tourism-investment-projects.kml,institutional_confirmation_required,institutional_confirmation_required,institutional_confirmation_required,institutional_confirmation_required,institutional_confirmation_required,institutional_confirmation_required,true,"Missing is not interpreted as negative, unlicensed, private, or stalled."
LY-INV-HOT-NAT-00244,فندق الشراع,"{""ownership_type"": ""institutional_confirmation_required"", ""ownership_entity"": ""institutional_confirmation_required"", ""legal_status"": ""institutional_confirmation_required"", ""license_status"": ""institutional_confirmation_required"", ""planning_status"": ""institutional_confirmation_required"", ""environmental_status"": ""institutional_confirmation_required"", ""investment_value"": ""institutional_confirmation_required"", ""estimated_cost"": ""institutional_confirmation_required"", ""currency"": ""institutional_confirmation_required"", ""site_area_m2"": ""institutional_confirmation_required"", ""site_area_hectares"": ""institutional_confirmation_required"", ""implementing_entity"": ""institutional_confirmation_required"", ""supervising_entity"": ""institutional_confirmation_required"", ""investor_name"": ""institutional_confirmation_required"", ""operator_name"": ""institutional_confirmation_required"", ""infrastructure_status"": ""institutional_confirmation_required"", ""completion_percentage"": ""institutional_confirmation_required""}",data/incoming/tourism-investment-projects.kml,institutional_confirmation_required,institutional_confirmation_required,institutional_confirmation_required,institutional_confirmation_required,institutional_confirmation_required,institutional_confirmation_required,true,"Missing is not interpreted as negative, unlicensed, private, or stalled."
LY-INV-REV-TRI-00004,الحبايب,"{""ownership_type"": ""institutional_confirmation_required"", ""ownership_entity"": ""institutional_confirmation_required"", ""legal_status"": ""institutional_confirmation_required"", ""license_status"": ""institutional_confirmation_required"", ""planning_status"": ""institutional_confirmation_required"", ""environmental_status"": ""institutional_confirmation_required"", ""investment_value"": ""institutional_confirmation_required"", ""estimated_cost"": ""institutional_confirmation_required"", ""currency"": ""institutional_confirmation_required"", ""site_area_m2"": ""institutional_confirmation_required"", ""site_area_hectares"": ""institutional_confirmation_required"", ""implementing_entity"": ""institutional_confirmation_required"", ""supervising_entity"": ""institutional_confirmation_required"", ""investor_name"": ""institutional_confirmation_required"", ""operator_name"": ""institutional_confirmation_required"", ""infrastructure_status"": ""institutional_confirmation_required"", ""completion_percentage"": ""institutional_confirmation_required""}",data/incoming/tourism-investment-projects.kml,institutional_confirmation_required,institutional_confirmation_required,institutional_confirmation_required,institutional_confirmation_required,institutional_confirmation_required,institutional_confirmation_required,true,"Missing is not interpreted as negative, unlicensed, private, or stalled."
LY-INV-HOT-MIS-00007,هوم بلازا_للشقق الفندقية,"{""ownership_type"": ""institutional_confirmation_required"", ""ownership_entity"": ""institutional_confirmation_required"", ""legal_status"": ""institutional_confirmation_required"", ""license_status"": ""institutional_confirmation_required"", ""planning_status"": ""institutional_confirmation_required"", ""environmental_status"": ""institutional_confirmation_required"", ""investment_value"": ""institutional_confirmation_required"", ""estimated_cost"": ""institutional_confirmation_required"", ""currency"": ""institutional_confirmation_required"", ""site_area_m2"": ""institutional_confirmation_required"", ""site_area_hectares"": ""institutional_confirmation_required"", ""implementing_entity"": ""institutional_confirmation_required"", ""supervising_entity"": ""institutional_confirmation_required"", ""investor_name"": ""institutional_confirmation_required"", ""operator_name"": ""institutional_confirmation_required"", ""infrastructure_status"": ""institutional_confirmation_required"", ""completion_percentage"": ""institutional_confirmation_required""}",data/incoming/tourism-investment-projects.kml,institutional_confirmation_required,institutional_confirmation_required,institutional_confirmation_required,institutional_confirmation_required,institutional_confirmation_required,institutional_confirmation_required,true,"Missing is not interpreted as negative, unlicensed, private, or stalled."
LY-INV-HOT-NAT-00245,فندق الرحال,"{""ownership_type"": ""institutional_confirmation_required"", ""ownership_entity"": ""institutional_confirmation_required"", ""legal_status"": ""institutional_confirmation_required"", ""license_status"": ""institutional_confirmation_required"", ""planning_status"": ""institutional_confirmation_required"", ""environmental_status"": ""institutional_confirmation_required"", ""investment_value"": ""institutional_confirmation_required"", ""estimated_cost"": ""institutional_confirmation_required"", ""currency"": ""institutional_confirmation_required"", ""site_area_m2"": ""institutional_confirmation_required"", ""site_area_hectares"": ""institutional_confirmation_required"", ""implementing_entity"": ""institutional_confirmation_required"", ""supervising_entity"": ""institutional_confirmation_required"", ""investor_name"": ""institutional_confirmation_required"", ""operator_name"": ""institutional_confirmation_required"", ""infrastructure_status"": ""institutional_confirmation_required"", ""completion_percentage"": ""institutional_confirmation_required""}",data/incoming/tourism-investment-projects.kml,institutional_confirmation_required,institutional_confirmation_required,institutional_confirmation_required,institutional_confirmation_required,institutional_confirmation_required,institutional_confirmation_required,true,"Missing is not interpreted as negative, unlicensed, private, or stalled."
LY-INV-HOT-MIS-00008,الوادي 2 للشقق الفندقية,"{""ownership_type"": ""institutional_confirmation_required"", ""ownership_entity"": ""institutional_confirmation_required"", ""legal_status"": ""institutional_confirmation_required"", ""license_status"": ""institutional_confirmation_required"", ""planning_status"": ""institutional_confirmation_required"", ""environmental_status"": ""institutional_confirmation_required"", ""investment_value"": ""institutional_confirmation_required"", ""estimated_cost"": ""institutional_confirmation_required"", ""currency"": ""institutional_confirmation_required"", ""site_area_m2"": ""institutional_confirmation_required"", ""site_area_hectares"": ""institutional_confirmation_required"", ""implementing_entity"": ""institutional_confirmation_required"", ""supervising_entity"": ""institutional_confirmation_required"", ""investor_name"": ""institutional_confirmation_required"", ""operator_name"": ""institutional_confirmation_required"", ""infrastructure_status"": ""institutional_confirmation_required"", ""completion_percentage"": ""institutional_confirmation_required""}",data/incoming/tourism-investment-projects.kml,institutional_confirmation_required,institutional_confirmation_required,institutional_confirmation_required,institutional_confirmation_required,institutional_confirmation_required,institutional_confirmation_required,true,"Missing is not interpreted as negative, unlicensed, private, or stalled."
LY-INV-HOT-NAT-00246,الأطلس للشقق الفندقية,"{""ownership_type"": ""institutional_confirmation_required"", ""ownership_entity"": ""institutional_confirmation_required"", ""legal_status"": ""institutional_confirmation_required"", ""license_status"": ""institutional_confirmation_required"", ""planning_status"": ""institutional_confirmation_required"", ""environmental_status"": ""institutional_confirmation_required"", ""investment_value"": ""institutional_confirmation_required"", ""estimated_cost"": ""institutional_confirmation_required"", ""currency"": ""institutional_confirmation_required"", ""site_area_m2"": ""institutional_confirmation_required"", ""site_area_hectares"": ""institutional_confirmation_required"", ""implementing_entity"": ""institutional_confirmation_required"", ""supervising_entity"": ""institutional_confirmation_required"", ""investor_name"": ""institutional_confirmation_required"", ""operator_name"": ""institutional_confirmation_required"", ""infrastructure_status"": ""institutional_confirmation_required"", ""completion_percentage"": ""institutional_confirmation_required""}",data/incoming/tourism-investment-projects.kml,institutional_confirmation_required,institutional_confirmation_required,institutional_confirmation_required,institutional_confirmation_required,institutional_confirmation_required,institutional_confirmation_required,true,"Missing is not interpreted as negative, unlicensed, private, or stalled."
LY-INV-HOT-MIS-00009,الفاخر للشقق الفندقية,"{""ownership_type"": ""institutional_confirmation_required"", ""ownership_entity"": ""institutional_confirmation_required"", ""legal_status"": ""institutional_confirmation_required"", ""license_status"": ""institutional_confirmation_required"", ""planning_status"": ""institutional_confirmation_required"", ""environmental_status"": ""institutional_confirmation_required"", ""investment_value"": ""institutional_confirmation_required"", ""estimated_cost"": ""institutional_confirmation_required"", ""currency"": ""institutional_confirmation_required"", ""site_area_m2"": ""institutional_confirmation_required"", ""site_area_hectares"": ""institutional_confirmation_required"", ""implementing_entity"": ""institutional_confirmation_required"", ""supervising_entity"": ""institutional_confirmation_required"", ""investor_name"": ""institutional_confirmation_required"", ""operator_name"": ""institutional_confirmation_required"", ""infrastructure_status"": ""institutional_confirmation_required"", ""completion_percentage"": ""institutional_confirmation_required""}",data/incoming/tourism-investment-projects.kml,institutional_confirmation_required,institutional_confirmation_required,institutional_confirmation_required,institutional_confirmation_required,institutional_confirmation_required,institutional_confirmation_required,true,"Missing is not interpreted as negative, unlicensed, private, or stalled."
LY-INV-HOT-NAT-00247,فندق بيزا السياحي,"{""ownership_type"": ""institutional_confirmation_required"", ""ownership_entity"": ""institutional_confirmation_required"", ""legal_status"": ""institutional_confirmation_required"", ""license_status"": ""institutional_confirmation_required"", ""planning_status"": ""institutional_confirmation_required"", ""environmental_status"": ""institutional_confirmation_required"", ""investment_value"": ""institutional_confirmation_required"", ""estimated_cost"": ""institutional_confirmation_required"", ""currency"": ""institutional_confirmation_required"", ""site_area_m2"": ""institutional_confirmation_required"", ""site_area_hectares"": ""institutional_confirmation_required"", ""implementing_entity"": ""institutional_confirmation_required"", ""supervising_entity"": ""institutional_confirmation_required"", ""investor_name"": ""institutional_confirmation_required"", ""operator_name"": ""institutional_confirmation_required"", ""infrastructure_status"": ""institutional_confirmation_required"", ""completion_percentage"": ""institutional_confirmation_required""}",data/incoming/tourism-investment-projects.kml,institutional_confirmation_required,institutional_confirmation_required,institutional_confirmation_required,institutional_confirmation_required,institutional_confirmation_required,institutional_confirmation_required,true,"Missing is not interpreted as negative, unlicensed, private, or stalled."
LY-INV-HOT-NAT-00248,فندق قوز التيك,"{""ownership_type"": ""institutional_confirmation_required"", ""ownership_entity"": ""institutional_confirmation_required"", ""legal_status"": ""institutional_confirmation_required"", ""license_status"": ""institutional_confirmation_required"", ""planning_status"": ""institutional_confirmation_required"", ""environmental_status"": ""institutional_confirmation_required"", ""investment_value"": ""institutional_confirmation_required"", ""estimated_cost"": ""institutional_confirmation_required"", ""currency"": ""institutional_confirmation_required"", ""site_area_m2"": ""institutional_confirmation_required"", ""site_area_hectares"": ""institutional_confirmation_required"", ""implementing_entity"": ""institutional_confirmation_required"", ""supervising_entity"": ""institutional_confirmation_required"", ""investor_name"": ""institutional_confirmation_required"", ""operator_name"": ""institutional_confirmation_required"", ""infrastructure_status"": ""institutional_confirmation_required"", ""completion_percentage"": ""institutional_confirmation_required""}",data/incoming/tourism-investment-projects.kml,institutional_confirmation_required,institutional_confirmation_required,institutional_confirmation_required,institutional_confirmation_required,institutional_confirmation_required,institutional_confirmation_required,true,"Missing is not interpreted as negative, unlicensed, private, or stalled."
LY-INV-HOT-NAT-00249,النجمة الذهبية لشقق الفندقية,"{""ownership_type"": ""institutional_confirmation_required"", ""ownership_entity"": ""institutional_confirmation_required"", ""legal_status"": ""institutional_confirmation_required"", ""license_status"": ""institutional_confirmation_required"", ""planning_status"": ""institutional_confirmation_required"", ""environmental_status"": ""institutional_confirmation_required"", ""investment_value"": ""institutional_confirmation_required"", ""estimated_cost"": ""institutional_confirmation_required"", ""currency"": ""institutional_confirmation_required"", ""site_area_m2"": ""institutional_confirmation_required"", ""site_area_hectares"": ""institutional_confirmation_required"", ""implementing_entity"": ""institutional_confirmation_required"", ""supervising_entity"": ""institutional_confirmation_required"", ""investor_name"": ""institutional_confirmation_required"", ""operator_name"": ""institutional_confirmation_required"", ""infrastructure_status"": ""institutional_confirmation_required"", ""completion_percentage"": ""institutional_confirmation_required""}",data/incoming/tourism-investment-projects.kml,institutional_confirmation_required,institutional_confirmation_required,institutional_confirmation_required,institutional_confirmation_required,institutional_confirmation_required,institutional_confirmation_required,true,"Missing is not interpreted as negative, unlicensed, private, or stalled."
LY-INV-REV-TRI-00005,الفخامه للشقق المفروشه,"{""ownership_type"": ""institutional_confirmation_required"", ""ownership_entity"": ""institutional_confirmation_required"", ""legal_status"": ""institutional_confirmation_required"", ""license_status"": ""institutional_confirmation_required"", ""planning_status"": ""institutional_confirmation_required"", ""environmental_status"": ""institutional_confirmation_required"", ""investment_value"": ""institutional_confirmation_required"", ""estimated_cost"": ""institutional_confirmation_required"", ""currency"": ""institutional_confirmation_required"", ""site_area_m2"": ""institutional_confirmation_required"", ""site_area_hectares"": ""institutional_confirmation_required"", ""implementing_entity"": ""institutional_confirmation_required"", ""supervising_entity"": ""institutional_confirmation_required"", ""investor_name"": ""institutional_confirmation_required"", ""operator_name"": ""institutional_confirmation_required"", ""infrastructure_status"": ""institutional_confirmation_required"", ""completion_percentage"": ""institutional_confirmation_required""}",data/incoming/tourism-investment-projects.kml,institutional_confirmation_required,institutional_confirmation_required,institutional_confirmation_required,institutional_confirmation_required,institutional_confirmation_required,institutional_confirmation_required,true,"Missing is not interpreted as negative, unlicensed, private, or stalled."
LY-INV-REV-NAT-00009,اوس لشقق المفروشه,"{""ownership_type"": ""institutional_confirmation_required"", ""ownership_entity"": ""institutional_confirmation_required"", ""legal_status"": ""institutional_confirmation_required"", ""license_status"": ""institutional_confirmation_required"", ""planning_status"": ""institutional_confirmation_required"", ""environmental_status"": ""institutional_confirmation_required"", ""investment_value"": ""institutional_confirmation_required"", ""estimated_cost"": ""institutional_confirmation_required"", ""currency"": ""institutional_confirmation_required"", ""site_area_m2"": ""institutional_confirmation_required"", ""site_area_hectares"": ""institutional_confirmation_required"", ""implementing_entity"": ""institutional_confirmation_required"", ""supervising_entity"": ""institutional_confirmation_required"", ""investor_name"": ""institutional_confirmation_required"", ""operator_name"": ""institutional_confirmation_required"", ""infrastructure_status"": ""institutional_confirmation_required"", ""completion_percentage"": ""institutional_confirmation_required""}",data/incoming/tourism-investment-projects.kml,institutional_confirmation_required,institutional_confirmation_required,institutional_confirmation_required,institutional_confirmation_required,institutional_confirmation_required,institutional_confirmation_required,true,"Missing is not interpreted as negative, unlicensed, private, or stalled."
LY-INV-HOT-SAB-00006,فندق الساحل,"{""ownership_type"": ""institutional_confirmation_required"", ""ownership_entity"": ""institutional_confirmation_required"", ""legal_status"": ""institutional_confirmation_required"", ""license_status"": ""institutional_confirmation_required"", ""planning_status"": ""institutional_confirmation_required"", ""environmental_status"": ""institutional_confirmation_required"", ""investment_value"": ""institutional_confirmation_required"", ""estimated_cost"": ""institutional_confirmation_required"", ""currency"": ""institutional_confirmation_required"", ""site_area_m2"": ""institutional_confirmation_required"", ""site_area_hectares"": ""institutional_confirmation_required"", ""implementing_entity"": ""institutional_confirmation_required"", ""supervising_entity"": ""institutional_confirmation_required"", ""investor_name"": ""institutional_confirmation_required"", ""operator_name"": ""institutional_confirmation_required"", ""infrastructure_status"": ""institutional_confirmation_required"", ""completion_percentage"": ""institutional_confirmation_required""}",data/incoming/tourism-investment-projects.kml,institutional_confirmation_required,institutional_confirmation_required,institutional_confirmation_required,institutional_confirmation_required,institutional_confirmation_required,institutional_confirmation_required,true,"Missing is not interpreted as negative, unlicensed, private, or stalled."
LY-INV-HOT-NAT-00250,فندق الشاطىء الذهبي,"{""ownership_type"": ""institutional_confirmation_required"", ""ownership_entity"": ""institutional_confirmation_required"", ""legal_status"": ""institutional_confirmation_required"", ""license_status"": ""institutional_confirmation_required"", ""planning_status"": ""institutional_confirmation_required"", ""environmental_status"": ""institutional_confirmation_required"", ""investment_value"": ""institutional_confirmation_required"", ""estimated_cost"": ""institutional_confirmation_required"", ""currency"": ""institutional_confirmation_required"", ""site_area_m2"": ""institutional_confirmation_required"", ""site_area_hectares"": ""institutional_confirmation_required"", ""implementing_entity"": ""institutional_confirmation_required"", ""supervising_entity"": ""institutional_confirmation_required"", ""investor_name"": ""institutional_confirmation_required"", ""operator_name"": ""institutional_confirmation_required"", ""infrastructure_status"": ""institutional_confirmation_required"", ""completion_percentage"": ""institutional_confirmation_required""}",data/incoming/tourism-investment-projects.kml,institutional_confirmation_required,institutional_confirmation_required,institutional_confirmation_required,institutional_confirmation_required,institutional_confirmation_required,institutional_confirmation_required,true,"Missing is not interpreted as negative, unlicensed, private, or stalled."
LY-INV-HOT-NAT-00251,الجوهرة للشقق الفندقية,"{""ownership_type"": ""institutional_confirmation_required"", ""ownership_entity"": ""institutional_confirmation_required"", ""legal_status"": ""institutional_confirmation_required"", ""license_status"": ""institutional_confirmation_required"", ""planning_status"": ""institutional_confirmation_required"", ""environmental_status"": ""institutional_confirmation_required"", ""investment_value"": ""institutional_confirmation_required"", ""estimated_cost"": ""institutional_confirmation_required"", ""currency"": ""institutional_confirmation_required"", ""site_area_m2"": ""institutional_confirmation_required"", ""site_area_hectares"": ""institutional_confirmation_required"", ""implementing_entity"": ""institutional_confirmation_required"", ""supervising_entity"": ""institutional_confirmation_required"", ""investor_name"": ""institutional_confirmation_required"", ""operator_name"": ""institutional_confirmation_required"", ""infrastructure_status"": ""institutional_confirmation_required"", ""completion_percentage"": ""institutional_confirmation_required""}",data/incoming/tourism-investment-projects.kml,institutional_confirmation_required,institutional_confirmation_required,institutional_confirmation_required,institutional_confirmation_required,institutional_confirmation_required,institutional_confirmation_required,true,"Missing is not interpreted as negative, unlicensed, private, or stalled."
LY-INV-HOT-NAT-00252,فندق اجدابيا السياحي,"{""ownership_type"": ""institutional_confirmation_required"", ""ownership_entity"": ""institutional_confirmation_required"", ""legal_status"": ""institutional_confirmation_required"", ""license_status"": ""institutional_confirmation_required"", ""planning_status"": ""institutional_confirmation_required"", ""environmental_status"": ""institutional_confirmation_required"", ""investment_value"": ""institutional_confirmation_required"", ""estimated_cost"": ""institutional_confirmation_required"", ""currency"": ""institutional_confirmation_required"", ""site_area_m2"": ""institutional_confirmation_required"", ""site_area_hectares"": ""institutional_confirmation_required"", ""implementing_entity"": ""institutional_confirmation_required"", ""supervising_entity"": ""institutional_confirmation_required"", ""investor_name"": ""institutional_confirmation_required"", ""operator_name"": ""institutional_confirmation_required"", ""infrastructure_status"": ""institutional_confirmation_required"", ""completion_percentage"": ""institutional_confirmation_required""}",data/incoming/tourism-investment-projects.kml,institutional_confirmation_required,institutional_confirmation_required,institutional_confirmation_required,institutional_confirmation_required,institutional_confirmation_required,institutional_confirmation_required,true,"Missing is not interpreted as negative, unlicensed, private, or stalled."
LY-INV-HOT-NAT-00253,فندق الراحة اجدابيا,"{""ownership_type"": ""institutional_confirmation_required"", ""ownership_entity"": ""institutional_confirmation_required"", ""legal_status"": ""institutional_confirmation_required"", ""license_status"": ""institutional_confirmation_required"", ""planning_status"": ""institutional_confirmation_required"", ""environmental_status"": ""institutional_confirmation_required"", ""investment_value"": ""institutional_confirmation_required"", ""estimated_cost"": ""institutional_confirmation_required"", ""currency"": ""institutional_confirmation_required"", ""site_area_m2"": ""institutional_confirmation_required"", ""site_area_hectares"": ""institutional_confirmation_required"", ""implementing_entity"": ""institutional_confirmation_required"", ""supervising_entity"": ""institutional_confirmation_required"", ""investor_name"": ""institutional_confirmation_required"", ""operator_name"": ""institutional_confirmation_required"", ""infrastructure_status"": ""institutional_confirmation_required"", ""completion_percentage"": ""institutional_confirmation_required""}",data/incoming/tourism-investment-projects.kml,institutional_confirmation_required,institutional_confirmation_required,institutional_confirmation_required,institutional_confirmation_required,institutional_confirmation_required,institutional_confirmation_required,true,"Missing is not interpreted as negative, unlicensed, private, or stalled."
LY-INV-HOT-NAT-00254,عمار او المجد للشقق الفندقية,"{""ownership_type"": ""institutional_confirmation_required"", ""ownership_entity"": ""institutional_confirmation_required"", ""legal_status"": ""institutional_confirmation_required"", ""license_status"": ""institutional_confirmation_required"", ""planning_status"": ""institutional_confirmation_required"", ""environmental_status"": ""institutional_confirmation_required"", ""investment_value"": ""institutional_confirmation_required"", ""estimated_cost"": ""institutional_confirmation_required"", ""currency"": ""institutional_confirmation_required"", ""site_area_m2"": ""institutional_confirmation_required"", ""site_area_hectares"": ""institutional_confirmation_required"", ""implementing_entity"": ""institutional_confirmation_required"", ""supervising_entity"": ""institutional_confirmation_required"", ""investor_name"": ""institutional_confirmation_required"", ""operator_name"": ""institutional_confirmation_required"", ""infrastructure_status"": ""institutional_confirmation_required"", ""completion_percentage"": ""institutional_confirmation_required""}",data/incoming/tourism-investment-projects.kml,institutional_confirmation_required,institutional_confirmation_required,institutional_confirmation_required,institutional_confirmation_required,institutional_confirmation_required,institutional_confirmation_required,true,"Missing is not interpreted as negative, unlicensed, private, or stalled."
LY-INV-HOT-NAT-00255,فندق مزايا اجدابيا,"{""ownership_type"": ""institutional_confirmation_required"", ""ownership_entity"": ""institutional_confirmation_required"", ""legal_status"": ""institutional_confirmation_required"", ""license_status"": ""institutional_confirmation_required"", ""planning_status"": ""institutional_confirmation_required"", ""environmental_status"": ""institutional_confirmation_required"", ""investment_value"": ""institutional_confirmation_required"", ""estimated_cost"": ""institutional_confirmation_required"", ""currency"": ""institutional_confirmation_required"", ""site_area_m2"": ""institutional_confirmation_required"", ""site_area_hectares"": ""institutional_confirmation_required"", ""implementing_entity"": ""institutional_confirmation_required"", ""supervising_entity"": ""institutional_confirmation_required"", ""investor_name"": ""institutional_confirmation_required"", ""operator_name"": ""institutional_confirmation_required"", ""infrastructure_status"": ""institutional_confirmation_required"", ""completion_percentage"": ""institutional_confirmation_required""}",data/incoming/tourism-investment-projects.kml,institutional_confirmation_required,institutional_confirmation_required,institutional_confirmation_required,institutional_confirmation_required,institutional_confirmation_required,institutional_confirmation_required,true,"Missing is not interpreted as negative, unlicensed, private, or stalled."
LY-INV-HOT-NAT-00256,فندق التوجان السياحي,"{""ownership_type"": ""institutional_confirmation_required"", ""ownership_entity"": ""institutional_confirmation_required"", ""legal_status"": ""institutional_confirmation_required"", ""license_status"": ""institutional_confirmation_required"", ""planning_status"": ""institutional_confirmation_required"", ""environmental_status"": ""institutional_confirmation_required"", ""investment_value"": ""institutional_confirmation_required"", ""estimated_cost"": ""institutional_confirmation_required"", ""currency"": ""institutional_confirmation_required"", ""site_area_m2"": ""institutional_confirmation_required"", ""site_area_hectares"": ""institutional_confirmation_required"", ""implementing_entity"": ""institutional_confirmation_required"", ""supervising_entity"": ""institutional_confirmation_required"", ""investor_name"": ""institutional_confirmation_required"", ""operator_name"": ""institutional_confirmation_required"", ""infrastructure_status"": ""institutional_confirmation_required"", ""completion_percentage"": ""institutional_confirmation_required""}",data/incoming/tourism-investment-projects.kml,institutional_confirmation_required,institutional_confirmation_required,institutional_confirmation_required,institutional_confirmation_required,institutional_confirmation_required,institutional_confirmation_required,true,"Missing is not interpreted as negative, unlicensed, private, or stalled."
LY-INV-HOT-TOB-00004,نزل وقاعة الهاشمي,"{""ownership_type"": ""institutional_confirmation_required"", ""ownership_entity"": ""institutional_confirmation_required"", ""legal_status"": ""institutional_confirmation_required"", ""license_status"": ""institutional_confirmation_required"", ""planning_status"": ""institutional_confirmation_required"", ""environmental_status"": ""institutional_confirmation_required"", ""investment_value"": ""institutional_confirmation_required"", ""estimated_cost"": ""institutional_confirmation_required"", ""currency"": ""institutional_confirmation_required"", ""site_area_m2"": ""institutional_confirmation_required"", ""site_area_hectares"": ""institutional_confirmation_required"", ""implementing_entity"": ""institutional_confirmation_required"", ""supervising_entity"": ""institutional_confirmation_required"", ""investor_name"": ""institutional_confirmation_required"", ""operator_name"": ""institutional_confirmation_required"", ""infrastructure_status"": ""institutional_confirmation_required"", ""completion_percentage"": ""institutional_confirmation_required""}",data/incoming/tourism-investment-projects.kml,institutional_confirmation_required,institutional_confirmation_required,institutional_confirmation_required,institutional_confirmation_required,institutional_confirmation_required,institutional_confirmation_required,true,"Missing is not interpreted as negative, unlicensed, private, or stalled."
LY-INV-REV-NAT-00010,نزل وقاعة زهرة الخليج,"{""ownership_type"": ""institutional_confirmation_required"", ""ownership_entity"": ""institutional_confirmation_required"", ""legal_status"": ""institutional_confirmation_required"", ""license_status"": ""institutional_confirmation_required"", ""planning_status"": ""institutional_confirmation_required"", ""environmental_status"": ""institutional_confirmation_required"", ""investment_value"": ""institutional_confirmation_required"", ""estimated_cost"": ""institutional_confirmation_required"", ""currency"": ""institutional_confirmation_required"", ""site_area_m2"": ""institutional_confirmation_required"", ""site_area_hectares"": ""institutional_confirmation_required"", ""implementing_entity"": ""institutional_confirmation_required"", ""supervising_entity"": ""institutional_confirmation_required"", ""investor_name"": ""institutional_confirmation_required"", ""operator_name"": ""institutional_confirmation_required"", ""infrastructure_status"": ""institutional_confirmation_required"", ""completion_percentage"": ""institutional_confirmation_required""}",data/incoming/tourism-investment-projects.kml,institutional_confirmation_required,institutional_confirmation_required,institutional_confirmation_required,institutional_confirmation_required,institutional_confirmation_required,institutional_confirmation_required,true,"Missing is not interpreted as negative, unlicensed, private, or stalled."
LY-INV-HOT-TOB-00005,الهضبة للشقق الفندقية,"{""ownership_type"": ""institutional_confirmation_required"", ""ownership_entity"": ""institutional_confirmation_required"", ""legal_status"": ""institutional_confirmation_required"", ""license_status"": ""institutional_confirmation_required"", ""planning_status"": ""institutional_confirmation_required"", ""environmental_status"": ""institutional_confirmation_required"", ""investment_value"": ""institutional_confirmation_required"", ""estimated_cost"": ""institutional_confirmation_required"", ""currency"": ""institutional_confirmation_required"", ""site_area_m2"": ""institutional_confirmation_required"", ""site_area_hectares"": ""institutional_confirmation_required"", ""implementing_entity"": ""institutional_confirmation_required"", ""supervising_entity"": ""institutional_confirmation_required"", ""investor_name"": ""institutional_confirmation_required"", ""operator_name"": ""institutional_confirmation_required"", ""infrastructure_status"": ""institutional_confirmation_required"", ""completion_percentage"": ""institutional_confirmation_required""}",data/incoming/tourism-investment-projects.kml,institutional_confirmation_required,institutional_confirmation_required,institutional_confirmation_required,institutional_confirmation_required,institutional_confirmation_required,institutional_confirmation_required,true,"Missing is not interpreted as negative, unlicensed, private, or stalled."
LY-INV-HOT-TOB-00006,الامان للشقق الفندقية,"{""ownership_type"": ""institutional_confirmation_required"", ""ownership_entity"": ""institutional_confirmation_required"", ""legal_status"": ""institutional_confirmation_required"", ""license_status"": ""institutional_confirmation_required"", ""planning_status"": ""institutional_confirmation_required"", ""environmental_status"": ""institutional_confirmation_required"", ""investment_value"": ""institutional_confirmation_required"", ""estimated_cost"": ""institutional_confirmation_required"", ""currency"": ""institutional_confirmation_required"", ""site_area_m2"": ""institutional_confirmation_required"", ""site_area_hectares"": ""institutional_confirmation_required"", ""implementing_entity"": ""institutional_confirmation_required"", ""supervising_entity"": ""institutional_confirmation_required"", ""investor_name"": ""institutional_confirmation_required"", ""operator_name"": ""institutional_confirmation_required"", ""infrastructure_status"": ""institutional_confirmation_required"", ""completion_percentage"": ""institutional_confirmation_required""}",data/incoming/tourism-investment-projects.kml,institutional_confirmation_required,institutional_confirmation_required,institutional_confirmation_required,institutional_confirmation_required,institutional_confirmation_required,institutional_confirmation_required,true,"Missing is not interpreted as negative, unlicensed, private, or stalled."
LY-INV-HOT-TOB-00007,نزل ماريا MARIYA,"{""ownership_type"": ""institutional_confirmation_required"", ""ownership_entity"": ""institutional_confirmation_required"", ""legal_status"": ""institutional_confirmation_required"", ""license_status"": ""institutional_confirmation_required"", ""planning_status"": ""institutional_confirmation_required"", ""environmental_status"": ""institutional_confirmation_required"", ""investment_value"": ""institutional_confirmation_required"", ""estimated_cost"": ""institutional_confirmation_required"", ""currency"": ""institutional_confirmation_required"", ""site_area_m2"": ""institutional_confirmation_required"", ""site_area_hectares"": ""institutional_confirmation_required"", ""implementing_entity"": ""institutional_confirmation_required"", ""supervising_entity"": ""institutional_confirmation_required"", ""investor_name"": ""institutional_confirmation_required"", ""operator_name"": ""institutional_confirmation_required"", ""infrastructure_status"": ""institutional_confirmation_required"", ""completion_percentage"": ""institutional_confirmation_required""}",data/incoming/tourism-investment-projects.kml,institutional_confirmation_required,institutional_confirmation_required,institutional_confirmation_required,institutional_confirmation_required,institutional_confirmation_required,institutional_confirmation_required,true,"Missing is not interpreted as negative, unlicensed, private, or stalled."
LY-INV-HOT-NAT-00257,فندق الرابطة,"{""ownership_type"": ""institutional_confirmation_required"", ""ownership_entity"": ""institutional_confirmation_required"", ""legal_status"": ""institutional_confirmation_required"", ""license_status"": ""institutional_confirmation_required"", ""planning_status"": ""institutional_confirmation_required"", ""environmental_status"": ""institutional_confirmation_required"", ""investment_value"": ""institutional_confirmation_required"", ""estimated_cost"": ""institutional_confirmation_required"", ""currency"": ""institutional_confirmation_required"", ""site_area_m2"": ""institutional_confirmation_required"", ""site_area_hectares"": ""institutional_confirmation_required"", ""implementing_entity"": ""institutional_confirmation_required"", ""supervising_entity"": ""institutional_confirmation_required"", ""investor_name"": ""institutional_confirmation_required"", ""operator_name"": ""institutional_confirmation_required"", ""infrastructure_status"": ""institutional_confirmation_required"", ""completion_percentage"": ""institutional_confirmation_required""}",data/incoming/tourism-investment-projects.kml,institutional_confirmation_required,institutional_confirmation_required,institutional_confirmation_required,institutional_confirmation_required,institutional_confirmation_required,institutional_confirmation_required,true,"Missing is not interpreted as negative, unlicensed, private, or stalled."
LY-INV-HOT-NAT-00258,فندق سمر قند,"{""ownership_type"": ""institutional_confirmation_required"", ""ownership_entity"": ""institutional_confirmation_required"", ""legal_status"": ""institutional_confirmation_required"", ""license_status"": ""institutional_confirmation_required"", ""planning_status"": ""institutional_confirmation_required"", ""environmental_status"": ""institutional_confirmation_required"", ""investment_value"": ""institutional_confirmation_required"", ""estimated_cost"": ""institutional_confirmation_required"", ""currency"": ""institutional_confirmation_required"", ""site_area_m2"": ""institutional_confirmation_required"", ""site_area_hectares"": ""institutional_confirmation_required"", ""implementing_entity"": ""institutional_confirmation_required"", ""supervising_entity"": ""institutional_confirmation_required"", ""investor_name"": ""institutional_confirmation_required"", ""operator_name"": ""institutional_confirmation_required"", ""infrastructure_status"": ""institutional_confirmation_required"", ""completion_percentage"": ""institutional_confirmation_required""}",data/incoming/tourism-investment-projects.kml,institutional_confirmation_required,institutional_confirmation_required,institutional_confirmation_required,institutional_confirmation_required,institutional_confirmation_required,institutional_confirmation_required,true,"Missing is not interpreted as negative, unlicensed, private, or stalled."
LY-INV-HOT-NAT-00259,فندق غريان السياحي,"{""ownership_type"": ""institutional_confirmation_required"", ""ownership_entity"": ""institutional_confirmation_required"", ""legal_status"": ""institutional_confirmation_required"", ""license_status"": ""institutional_confirmation_required"", ""planning_status"": ""institutional_confirmation_required"", ""environmental_status"": ""institutional_confirmation_required"", ""investment_value"": ""institutional_confirmation_required"", ""estimated_cost"": ""institutional_confirmation_required"", ""currency"": ""institutional_confirmation_required"", ""site_area_m2"": ""institutional_confirmation_required"", ""site_area_hectares"": ""institutional_confirmation_required"", ""implementing_entity"": ""institutional_confirmation_required"", ""supervising_entity"": ""institutional_confirmation_required"", ""investor_name"": ""institutional_confirmation_required"", ""operator_name"": ""institutional_confirmation_required"", ""infrastructure_status"": ""institutional_confirmation_required"", ""completion_percentage"": ""institutional_confirmation_required""}",data/incoming/tourism-investment-projects.kml,institutional_confirmation_required,institutional_confirmation_required,institutional_confirmation_required,institutional_confirmation_required,institutional_confirmation_required,institutional_confirmation_required,true,"Missing is not interpreted as negative, unlicensed, private, or stalled."
LY-INV-HOT-NAT-00260,فندق روايال غريان,"{""ownership_type"": ""institutional_confirmation_required"", ""ownership_entity"": ""institutional_confirmation_required"", ""legal_status"": ""institutional_confirmation_required"", ""license_status"": ""institutional_confirmation_required"", ""planning_status"": ""institutional_confirmation_required"", ""environmental_status"": ""institutional_confirmation_required"", ""investment_value"": ""institutional_confirmation_required"", ""estimated_cost"": ""institutional_confirmation_required"", ""currency"": ""institutional_confirmation_required"", ""site_area_m2"": ""institutional_confirmation_required"", ""site_area_hectares"": ""institutional_confirmation_required"", ""implementing_entity"": ""institutional_confirmation_required"", ""supervising_entity"": ""institutional_confirmation_required"", ""investor_name"": ""institutional_confirmation_required"", ""operator_name"": ""institutional_confirmation_required"", ""infrastructure_status"": ""institutional_confirmation_required"", ""completion_percentage"": ""institutional_confirmation_required""}",data/incoming/tourism-investment-projects.kml,institutional_confirmation_required,institutional_confirmation_required,institutional_confirmation_required,institutional_confirmation_required,institutional_confirmation_required,institutional_confirmation_required,true,"Missing is not interpreted as negative, unlicensed, private, or stalled."
LY-INV-HOT-NAT-00261,فندق حوش بوغنوش,"{""ownership_type"": ""institutional_confirmation_required"", ""ownership_entity"": ""institutional_confirmation_required"", ""legal_status"": ""institutional_confirmation_required"", ""license_status"": ""institutional_confirmation_required"", ""planning_status"": ""institutional_confirmation_required"", ""environmental_status"": ""institutional_confirmation_required"", ""investment_value"": ""institutional_confirmation_required"", ""estimated_cost"": ""institutional_confirmation_required"", ""currency"": ""institutional_confirmation_required"", ""site_area_m2"": ""institutional_confirmation_required"", ""site_area_hectares"": ""institutional_confirmation_required"", ""implementing_entity"": ""institutional_confirmation_required"", ""supervising_entity"": ""institutional_confirmation_required"", ""investor_name"": ""institutional_confirmation_required"", ""operator_name"": ""institutional_confirmation_required"", ""infrastructure_status"": ""institutional_confirmation_required"", ""completion_percentage"": ""institutional_confirmation_required""}",data/incoming/tourism-investment-projects.kml,institutional_confirmation_required,institutional_confirmation_required,institutional_confirmation_required,institutional_confirmation_required,institutional_confirmation_required,institutional_confirmation_required,true,"Missing is not interpreted as negative, unlicensed, private, or stalled."
LY-INV-HOT-NAT-00262,فندق اللؤلؤة السياحي البضاء,"{""ownership_type"": ""institutional_confirmation_required"", ""ownership_entity"": ""institutional_confirmation_required"", ""legal_status"": ""institutional_confirmation_required"", ""license_status"": ""institutional_confirmation_required"", ""planning_status"": ""institutional_confirmation_required"", ""environmental_status"": ""institutional_confirmation_required"", ""investment_value"": ""institutional_confirmation_required"", ""estimated_cost"": ""institutional_confirmation_required"", ""currency"": ""institutional_confirmation_required"", ""site_area_m2"": ""institutional_confirmation_required"", ""site_area_hectares"": ""institutional_confirmation_required"", ""implementing_entity"": ""institutional_confirmation_required"", ""supervising_entity"": ""institutional_confirmation_required"", ""investor_name"": ""institutional_confirmation_required"", ""operator_name"": ""institutional_confirmation_required"", ""infrastructure_status"": ""institutional_confirmation_required"", ""completion_percentage"": ""institutional_confirmation_required""}",data/incoming/tourism-investment-projects.kml,institutional_confirmation_required,institutional_confirmation_required,institutional_confirmation_required,institutional_confirmation_required,institutional_confirmation_required,institutional_confirmation_required,true,"Missing is not interpreted as negative, unlicensed, private, or stalled."
LY-INV-HOT-BAY-00007,فندق لؤلؤة الخليج البيضاء,"{""ownership_type"": ""institutional_confirmation_required"", ""ownership_entity"": ""institutional_confirmation_required"", ""legal_status"": ""institutional_confirmation_required"", ""license_status"": ""institutional_confirmation_required"", ""planning_status"": ""institutional_confirmation_required"", ""environmental_status"": ""institutional_confirmation_required"", ""investment_value"": ""institutional_confirmation_required"", ""estimated_cost"": ""institutional_confirmation_required"", ""currency"": ""institutional_confirmation_required"", ""site_area_m2"": ""institutional_confirmation_required"", ""site_area_hectares"": ""institutional_confirmation_required"", ""implementing_entity"": ""institutional_confirmation_required"", ""supervising_entity"": ""institutional_confirmation_required"", ""investor_name"": ""institutional_confirmation_required"", ""operator_name"": ""institutional_confirmation_required"", ""infrastructure_status"": ""institutional_confirmation_required"", ""completion_percentage"": ""institutional_confirmation_required""}",data/incoming/tourism-investment-projects.kml,institutional_confirmation_required,institutional_confirmation_required,institutional_confirmation_required,institutional_confirmation_required,institutional_confirmation_required,institutional_confirmation_required,true,"Missing is not interpreted as negative, unlicensed, private, or stalled."
LY-INV-HOT-BAY-00008,فندق قصر البيضاء,"{""ownership_type"": ""institutional_confirmation_required"", ""ownership_entity"": ""institutional_confirmation_required"", ""legal_status"": ""institutional_confirmation_required"", ""license_status"": ""institutional_confirmation_required"", ""planning_status"": ""institutional_confirmation_required"", ""environmental_status"": ""institutional_confirmation_required"", ""investment_value"": ""institutional_confirmation_required"", ""estimated_cost"": ""institutional_confirmation_required"", ""currency"": ""institutional_confirmation_required"", ""site_area_m2"": ""institutional_confirmation_required"", ""site_area_hectares"": ""institutional_confirmation_required"", ""implementing_entity"": ""institutional_confirmation_required"", ""supervising_entity"": ""institutional_confirmation_required"", ""investor_name"": ""institutional_confirmation_required"", ""operator_name"": ""institutional_confirmation_required"", ""infrastructure_status"": ""institutional_confirmation_required"", ""completion_percentage"": ""institutional_confirmation_required""}",data/incoming/tourism-investment-projects.kml,institutional_confirmation_required,institutional_confirmation_required,institutional_confirmation_required,institutional_confirmation_required,institutional_confirmation_required,institutional_confirmation_required,true,"Missing is not interpreted as negative, unlicensed, private, or stalled."
LY-INV-HOT-BAY-00009,فندق القاهرة البيضاء,"{""ownership_type"": ""institutional_confirmation_required"", ""ownership_entity"": ""institutional_confirmation_required"", ""legal_status"": ""institutional_confirmation_required"", ""license_status"": ""institutional_confirmation_required"", ""planning_status"": ""institutional_confirmation_required"", ""environmental_status"": ""institutional_confirmation_required"", ""investment_value"": ""institutional_confirmation_required"", ""estimated_cost"": ""institutional_confirmation_required"", ""currency"": ""institutional_confirmation_required"", ""site_area_m2"": ""institutional_confirmation_required"", ""site_area_hectares"": ""institutional_confirmation_required"", ""implementing_entity"": ""institutional_confirmation_required"", ""supervising_entity"": ""institutional_confirmation_required"", ""investor_name"": ""institutional_confirmation_required"", ""operator_name"": ""institutional_confirmation_required"", ""infrastructure_status"": ""institutional_confirmation_required"", ""completion_percentage"": ""institutional_confirmation_required""}",data/incoming/tourism-investment-projects.kml,institutional_confirmation_required,institutional_confirmation_required,institutional_confirmation_required,institutional_confirmation_required,institutional_confirmation_required,institutional_confirmation_required,true,"Missing is not interpreted as negative, unlicensed, private, or stalled."
LY-INV-HOT-BAY-00010,النوران_ للشقق_الفندقية,"{""ownership_type"": ""institutional_confirmation_required"", ""ownership_entity"": ""institutional_confirmation_required"", ""legal_status"": ""institutional_confirmation_required"", ""license_status"": ""institutional_confirmation_required"", ""planning_status"": ""institutional_confirmation_required"", ""environmental_status"": ""institutional_confirmation_required"", ""investment_value"": ""institutional_confirmation_required"", ""estimated_cost"": ""institutional_confirmation_required"", ""currency"": ""institutional_confirmation_required"", ""site_area_m2"": ""institutional_confirmation_required"", ""site_area_hectares"": ""institutional_confirmation_required"", ""implementing_entity"": ""institutional_confirmation_required"", ""supervising_entity"": ""institutional_confirmation_required"", ""investor_name"": ""institutional_confirmation_required"", ""operator_name"": ""institutional_confirmation_required"", ""infrastructure_status"": ""institutional_confirmation_required"", ""completion_percentage"": ""institutional_confirmation_required""}",data/incoming/tourism-investment-projects.kml,institutional_confirmation_required,institutional_confirmation_required,institutional_confirmation_required,institutional_confirmation_required,institutional_confirmation_required,institutional_confirmation_required,true,"Missing is not interpreted as negative, unlicensed, private, or stalled."
LY-INV-HOT-BAY-00011,مكة للشقق الفندقية البيضاء,"{""ownership_type"": ""institutional_confirmation_required"", ""ownership_entity"": ""institutional_confirmation_required"", ""legal_status"": ""institutional_confirmation_required"", ""license_status"": ""institutional_confirmation_required"", ""planning_status"": ""institutional_confirmation_required"", ""environmental_status"": ""institutional_confirmation_required"", ""investment_value"": ""institutional_confirmation_required"", ""estimated_cost"": ""institutional_confirmation_required"", ""currency"": ""institutional_confirmation_required"", ""site_area_m2"": ""institutional_confirmation_required"", ""site_area_hectares"": ""institutional_confirmation_required"", ""implementing_entity"": ""institutional_confirmation_required"", ""supervising_entity"": ""institutional_confirmation_required"", ""investor_name"": ""institutional_confirmation_required"", ""operator_name"": ""institutional_confirmation_required"", ""infrastructure_status"": ""institutional_confirmation_required"", ""completion_percentage"": ""institutional_confirmation_required""}",data/incoming/tourism-investment-projects.kml,institutional_confirmation_required,institutional_confirmation_required,institutional_confirmation_required,institutional_confirmation_required,institutional_confirmation_required,institutional_confirmation_required,true,"Missing is not interpreted as negative, unlicensed, private, or stalled."
LY-INV-HOT-BAY-00012,برج المدينة للشقق الفندقية البيضاء,"{""ownership_type"": ""institutional_confirmation_required"", ""ownership_entity"": ""institutional_confirmation_required"", ""legal_status"": ""institutional_confirmation_required"", ""license_status"": ""institutional_confirmation_required"", ""planning_status"": ""institutional_confirmation_required"", ""environmental_status"": ""institutional_confirmation_required"", ""investment_value"": ""institutional_confirmation_required"", ""estimated_cost"": ""institutional_confirmation_required"", ""currency"": ""institutional_confirmation_required"", ""site_area_m2"": ""institutional_confirmation_required"", ""site_area_hectares"": ""institutional_confirmation_required"", ""implementing_entity"": ""institutional_confirmation_required"", ""supervising_entity"": ""institutional_confirmation_required"", ""investor_name"": ""institutional_confirmation_required"", ""operator_name"": ""institutional_confirmation_required"", ""infrastructure_status"": ""institutional_confirmation_required"", ""completion_percentage"": ""institutional_confirmation_required""}",data/incoming/tourism-investment-projects.kml,institutional_confirmation_required,institutional_confirmation_required,institutional_confirmation_required,institutional_confirmation_required,institutional_confirmation_required,institutional_confirmation_required,true,"Missing is not interpreted as negative, unlicensed, private, or stalled."
LY-INV-HOT-BAY-00013,فندق اية الجبل البيضاء,"{""ownership_type"": ""institutional_confirmation_required"", ""ownership_entity"": ""institutional_confirmation_required"", ""legal_status"": ""institutional_confirmation_required"", ""license_status"": ""institutional_confirmation_required"", ""planning_status"": ""institutional_confirmation_required"", ""environmental_status"": ""institutional_confirmation_required"", ""investment_value"": ""institutional_confirmation_required"", ""estimated_cost"": ""institutional_confirmation_required"", ""currency"": ""institutional_confirmation_required"", ""site_area_m2"": ""institutional_confirmation_required"", ""site_area_hectares"": ""institutional_confirmation_required"", ""implementing_entity"": ""institutional_confirmation_required"", ""supervising_entity"": ""institutional_confirmation_required"", ""investor_name"": ""institutional_confirmation_required"", ""operator_name"": ""institutional_confirmation_required"", ""infrastructure_status"": ""institutional_confirmation_required"", ""completion_percentage"": ""institutional_confirmation_required""}",data/incoming/tourism-investment-projects.kml,institutional_confirmation_required,institutional_confirmation_required,institutional_confirmation_required,institutional_confirmation_required,institutional_confirmation_required,institutional_confirmation_required,true,"Missing is not interpreted as negative, unlicensed, private, or stalled."
LY-INV-HOT-NAT-00263,فندق برقة السياحي,"{""ownership_type"": ""institutional_confirmation_required"", ""ownership_entity"": ""institutional_confirmation_required"", ""legal_status"": ""institutional_confirmation_required"", ""license_status"": ""institutional_confirmation_required"", ""planning_status"": ""institutional_confirmation_required"", ""environmental_status"": ""institutional_confirmation_required"", ""investment_value"": ""institutional_confirmation_required"", ""estimated_cost"": ""institutional_confirmation_required"", ""currency"": ""institutional_confirmation_required"", ""site_area_m2"": ""institutional_confirmation_required"", ""site_area_hectares"": ""institutional_confirmation_required"", ""implementing_entity"": ""institutional_confirmation_required"", ""supervising_entity"": ""institutional_confirmation_required"", ""investor_name"": ""institutional_confirmation_required"", ""operator_name"": ""institutional_confirmation_required"", ""infrastructure_status"": ""institutional_confirmation_required"", ""completion_percentage"": ""institutional_confirmation_required""}",data/incoming/tourism-investment-projects.kml,institutional_confirmation_required,institutional_confirmation_required,institutional_confirmation_required,institutional_confirmation_required,institutional_confirmation_required,institutional_confirmation_required,true,"Missing is not interpreted as negative, unlicensed, private, or stalled."
LY-INV-HOT-BAY-00014,فندق افريقيا البيضاء,"{""ownership_type"": ""institutional_confirmation_required"", ""ownership_entity"": ""institutional_confirmation_required"", ""legal_status"": ""institutional_confirmation_required"", ""license_status"": ""institutional_confirmation_required"", ""planning_status"": ""institutional_confirmation_required"", ""environmental_status"": ""institutional_confirmation_required"", ""investment_value"": ""institutional_confirmation_required"", ""estimated_cost"": ""institutional_confirmation_required"", ""currency"": ""institutional_confirmation_required"", ""site_area_m2"": ""institutional_confirmation_required"", ""site_area_hectares"": ""institutional_confirmation_required"", ""implementing_entity"": ""institutional_confirmation_required"", ""supervising_entity"": ""institutional_confirmation_required"", ""investor_name"": ""institutional_confirmation_required"", ""operator_name"": ""institutional_confirmation_required"", ""infrastructure_status"": ""institutional_confirmation_required"", ""completion_percentage"": ""institutional_confirmation_required""}",data/incoming/tourism-investment-projects.kml,institutional_confirmation_required,institutional_confirmation_required,institutional_confirmation_required,institutional_confirmation_required,institutional_confirmation_required,institutional_confirmation_required,true,"Missing is not interpreted as negative, unlicensed, private, or stalled."
LY-INV-HOT-BAY-00015,فندق برونتو البيضاء,"{""ownership_type"": ""institutional_confirmation_required"", ""ownership_entity"": ""institutional_confirmation_required"", ""legal_status"": ""institutional_confirmation_required"", ""license_status"": ""institutional_confirmation_required"", ""planning_status"": ""institutional_confirmation_required"", ""environmental_status"": ""institutional_confirmation_required"", ""investment_value"": ""institutional_confirmation_required"", ""estimated_cost"": ""institutional_confirmation_required"", ""currency"": ""institutional_confirmation_required"", ""site_area_m2"": ""institutional_confirmation_required"", ""site_area_hectares"": ""institutional_confirmation_required"", ""implementing_entity"": ""institutional_confirmation_required"", ""supervising_entity"": ""institutional_confirmation_required"", ""investor_name"": ""institutional_confirmation_required"", ""operator_name"": ""institutional_confirmation_required"", ""infrastructure_status"": ""institutional_confirmation_required"", ""completion_percentage"": ""institutional_confirmation_required""}",data/incoming/tourism-investment-projects.kml,institutional_confirmation_required,institutional_confirmation_required,institutional_confirmation_required,institutional_confirmation_required,institutional_confirmation_required,institutional_confirmation_required,true,"Missing is not interpreted as negative, unlicensed, private, or stalled."
LY-INV-HOT-NAT-00264,عمارة الجوري للشقق الفندقية,"{""ownership_type"": ""institutional_confirmation_required"", ""ownership_entity"": ""institutional_confirmation_required"", ""legal_status"": ""institutional_confirmation_required"", ""license_status"": ""institutional_confirmation_required"", ""planning_status"": ""institutional_confirmation_required"", ""environmental_status"": ""institutional_confirmation_required"", ""investment_value"": ""institutional_confirmation_required"", ""estimated_cost"": ""institutional_confirmation_required"", ""currency"": ""institutional_confirmation_required"", ""site_area_m2"": ""institutional_confirmation_required"", ""site_area_hectares"": ""institutional_confirmation_required"", ""implementing_entity"": ""institutional_confirmation_required"", ""supervising_entity"": ""institutional_confirmation_required"", ""investor_name"": ""institutional_confirmation_required"", ""operator_name"": ""institutional_confirmation_required"", ""infrastructure_status"": ""institutional_confirmation_required"", ""completion_percentage"": ""institutional_confirmation_required""}",data/incoming/tourism-investment-projects.kml,institutional_confirmation_required,institutional_confirmation_required,institutional_confirmation_required,institutional_confirmation_required,institutional_confirmation_required,institutional_confirmation_required,true,"Missing is not interpreted as negative, unlicensed, private, or stalled."
LY-INV-HOT-BAY-00016,فندق العنود البيضاء,"{""ownership_type"": ""institutional_confirmation_required"", ""ownership_entity"": ""institutional_confirmation_required"", ""legal_status"": ""institutional_confirmation_required"", ""license_status"": ""institutional_confirmation_required"", ""planning_status"": ""institutional_confirmation_required"", ""environmental_status"": ""institutional_confirmation_required"", ""investment_value"": ""institutional_confirmation_required"", ""estimated_cost"": ""institutional_confirmation_required"", ""currency"": ""institutional_confirmation_required"", ""site_area_m2"": ""institutional_confirmation_required"", ""site_area_hectares"": ""institutional_confirmation_required"", ""implementing_entity"": ""institutional_confirmation_required"", ""supervising_entity"": ""institutional_confirmation_required"", ""investor_name"": ""institutional_confirmation_required"", ""operator_name"": ""institutional_confirmation_required"", ""infrastructure_status"": ""institutional_confirmation_required"", ""completion_percentage"": ""institutional_confirmation_required""}",data/incoming/tourism-investment-projects.kml,institutional_confirmation_required,institutional_confirmation_required,institutional_confirmation_required,institutional_confirmation_required,institutional_confirmation_required,institutional_confirmation_required,true,"Missing is not interpreted as negative, unlicensed, private, or stalled."
LY-INV-HOT-BAY-00017,فندق الفردوس للشقق الفندقية,"{""ownership_type"": ""institutional_confirmation_required"", ""ownership_entity"": ""institutional_confirmation_required"", ""legal_status"": ""institutional_confirmation_required"", ""license_status"": ""institutional_confirmation_required"", ""planning_status"": ""institutional_confirmation_required"", ""environmental_status"": ""institutional_confirmation_required"", ""investment_value"": ""institutional_confirmation_required"", ""estimated_cost"": ""institutional_confirmation_required"", ""currency"": ""institutional_confirmation_required"", ""site_area_m2"": ""institutional_confirmation_required"", ""site_area_hectares"": ""institutional_confirmation_required"", ""implementing_entity"": ""institutional_confirmation_required"", ""supervising_entity"": ""institutional_confirmation_required"", ""investor_name"": ""institutional_confirmation_required"", ""operator_name"": ""institutional_confirmation_required"", ""infrastructure_status"": ""institutional_confirmation_required"", ""completion_percentage"": ""institutional_confirmation_required""}",data/incoming/tourism-investment-projects.kml,institutional_confirmation_required,institutional_confirmation_required,institutional_confirmation_required,institutional_confirmation_required,institutional_confirmation_required,institutional_confirmation_required,true,"Missing is not interpreted as negative, unlicensed, private, or stalled."
LY-INV-HOT-BAY-00018,فندق قصر الضيافة للشقق الفندقية البيضاء,"{""ownership_type"": ""institutional_confirmation_required"", ""ownership_entity"": ""institutional_confirmation_required"", ""legal_status"": ""institutional_confirmation_required"", ""license_status"": ""institutional_confirmation_required"", ""planning_status"": ""institutional_confirmation_required"", ""environmental_status"": ""institutional_confirmation_required"", ""investment_value"": ""institutional_confirmation_required"", ""estimated_cost"": ""institutional_confirmation_required"", ""currency"": ""institutional_confirmation_required"", ""site_area_m2"": ""institutional_confirmation_required"", ""site_area_hectares"": ""institutional_confirmation_required"", ""implementing_entity"": ""institutional_confirmation_required"", ""supervising_entity"": ""institutional_confirmation_required"", ""investor_name"": ""institutional_confirmation_required"", ""operator_name"": ""institutional_confirmation_required"", ""infrastructure_status"": ""institutional_confirmation_required"", ""completion_percentage"": ""institutional_confirmation_required""}",data/incoming/tourism-investment-projects.kml,institutional_confirmation_required,institutional_confirmation_required,institutional_confirmation_required,institutional_confirmation_required,institutional_confirmation_required,institutional_confirmation_required,true,"Missing is not interpreted as negative, unlicensed, private, or stalled."
LY-INV-HOT-BAY-00019,فندق مرحبا للخدمات السياحية,"{""ownership_type"": ""institutional_confirmation_required"", ""ownership_entity"": ""institutional_confirmation_required"", ""legal_status"": ""institutional_confirmation_required"", ""license_status"": ""institutional_confirmation_required"", ""planning_status"": ""institutional_confirmation_required"", ""environmental_status"": ""institutional_confirmation_required"", ""investment_value"": ""institutional_confirmation_required"", ""estimated_cost"": ""institutional_confirmation_required"", ""currency"": ""institutional_confirmation_required"", ""site_area_m2"": ""institutional_confirmation_required"", ""site_area_hectares"": ""institutional_confirmation_required"", ""implementing_entity"": ""institutional_confirmation_required"", ""supervising_entity"": ""institutional_confirmation_required"", ""investor_name"": ""institutional_confirmation_required"", ""operator_name"": ""institutional_confirmation_required"", ""infrastructure_status"": ""institutional_confirmation_required"", ""completion_percentage"": ""institutional_confirmation_required""}",data/incoming/tourism-investment-projects.kml,institutional_confirmation_required,institutional_confirmation_required,institutional_confirmation_required,institutional_confirmation_required,institutional_confirmation_required,institutional_confirmation_required,true,"Missing is not interpreted as negative, unlicensed, private, or stalled."
LY-INV-HOT-BAY-00020,عمارة اضواء ليبيا للشقق الفندقية البيضاء,"{""ownership_type"": ""institutional_confirmation_required"", ""ownership_entity"": ""institutional_confirmation_required"", ""legal_status"": ""institutional_confirmation_required"", ""license_status"": ""institutional_confirmation_required"", ""planning_status"": ""institutional_confirmation_required"", ""environmental_status"": ""institutional_confirmation_required"", ""investment_value"": ""institutional_confirmation_required"", ""estimated_cost"": ""institutional_confirmation_required"", ""currency"": ""institutional_confirmation_required"", ""site_area_m2"": ""institutional_confirmation_required"", ""site_area_hectares"": ""institutional_confirmation_required"", ""implementing_entity"": ""institutional_confirmation_required"", ""supervising_entity"": ""institutional_confirmation_required"", ""investor_name"": ""institutional_confirmation_required"", ""operator_name"": ""institutional_confirmation_required"", ""infrastructure_status"": ""institutional_confirmation_required"", ""completion_percentage"": ""institutional_confirmation_required""}",data/incoming/tourism-investment-projects.kml,institutional_confirmation_required,institutional_confirmation_required,institutional_confirmation_required,institutional_confirmation_required,institutional_confirmation_required,institutional_confirmation_required,true,"Missing is not interpreted as negative, unlicensed, private, or stalled."
LY-INV-HOT-TRI-00059,فندق الاندلس السياحي الخمس,"{""ownership_type"": ""institutional_confirmation_required"", ""ownership_entity"": ""institutional_confirmation_required"", ""legal_status"": ""institutional_confirmation_required"", ""license_status"": ""institutional_confirmation_required"", ""planning_status"": ""institutional_confirmation_required"", ""environmental_status"": ""institutional_confirmation_required"", ""investment_value"": ""institutional_confirmation_required"", ""estimated_cost"": ""institutional_confirmation_required"", ""currency"": ""institutional_confirmation_required"", ""site_area_m2"": ""institutional_confirmation_required"", ""site_area_hectares"": ""institutional_confirmation_required"", ""implementing_entity"": ""institutional_confirmation_required"", ""supervising_entity"": ""institutional_confirmation_required"", ""investor_name"": ""institutional_confirmation_required"", ""operator_name"": ""institutional_confirmation_required"", ""infrastructure_status"": ""institutional_confirmation_required"", ""completion_percentage"": ""institutional_confirmation_required""}",data/incoming/tourism-investment-projects.kml,institutional_confirmation_required,institutional_confirmation_required,institutional_confirmation_required,institutional_confirmation_required,institutional_confirmation_required,institutional_confirmation_required,true,"Missing is not interpreted as negative, unlicensed, private, or stalled."
LY-INV-HOT-KHO-00008,فندق المرقب السياحي الخمس,"{""ownership_type"": ""institutional_confirmation_required"", ""ownership_entity"": ""institutional_confirmation_required"", ""legal_status"": ""institutional_confirmation_required"", ""license_status"": ""institutional_confirmation_required"", ""planning_status"": ""institutional_confirmation_required"", ""environmental_status"": ""institutional_confirmation_required"", ""investment_value"": ""institutional_confirmation_required"", ""estimated_cost"": ""institutional_confirmation_required"", ""currency"": ""institutional_confirmation_required"", ""site_area_m2"": ""institutional_confirmation_required"", ""site_area_hectares"": ""institutional_confirmation_required"", ""implementing_entity"": ""institutional_confirmation_required"", ""supervising_entity"": ""institutional_confirmation_required"", ""investor_name"": ""institutional_confirmation_required"", ""operator_name"": ""institutional_confirmation_required"", ""infrastructure_status"": ""institutional_confirmation_required"", ""completion_percentage"": ""institutional_confirmation_required""}",data/incoming/tourism-investment-projects.kml,institutional_confirmation_required,institutional_confirmation_required,institutional_confirmation_required,institutional_confirmation_required,institutional_confirmation_required,institutional_confirmation_required,true,"Missing is not interpreted as negative, unlicensed, private, or stalled."
LY-INV-HOT-KHO-00009,فندق التوليب السياحي الخمس,"{""ownership_type"": ""institutional_confirmation_required"", ""ownership_entity"": ""institutional_confirmation_required"", ""legal_status"": ""institutional_confirmation_required"", ""license_status"": ""institutional_confirmation_required"", ""planning_status"": ""institutional_confirmation_required"", ""environmental_status"": ""institutional_confirmation_required"", ""investment_value"": ""institutional_confirmation_required"", ""estimated_cost"": ""institutional_confirmation_required"", ""currency"": ""institutional_confirmation_required"", ""site_area_m2"": ""institutional_confirmation_required"", ""site_area_hectares"": ""institutional_confirmation_required"", ""implementing_entity"": ""institutional_confirmation_required"", ""supervising_entity"": ""institutional_confirmation_required"", ""investor_name"": ""institutional_confirmation_required"", ""operator_name"": ""institutional_confirmation_required"", ""infrastructure_status"": ""institutional_confirmation_required"", ""completion_percentage"": ""institutional_confirmation_required""}",data/incoming/tourism-investment-projects.kml,institutional_confirmation_required,institutional_confirmation_required,institutional_confirmation_required,institutional_confirmation_required,institutional_confirmation_required,institutional_confirmation_required,true,"Missing is not interpreted as negative, unlicensed, private, or stalled."
LY-INV-HOT-KHO-00010,فندق بيت سباب الخمس,"{""ownership_type"": ""institutional_confirmation_required"", ""ownership_entity"": ""institutional_confirmation_required"", ""legal_status"": ""institutional_confirmation_required"", ""license_status"": ""institutional_confirmation_required"", ""planning_status"": ""institutional_confirmation_required"", ""environmental_status"": ""institutional_confirmation_required"", ""investment_value"": ""institutional_confirmation_required"", ""estimated_cost"": ""institutional_confirmation_required"", ""currency"": ""institutional_confirmation_required"", ""site_area_m2"": ""institutional_confirmation_required"", ""site_area_hectares"": ""institutional_confirmation_required"", ""implementing_entity"": ""institutional_confirmation_required"", ""supervising_entity"": ""institutional_confirmation_required"", ""investor_name"": ""institutional_confirmation_required"", ""operator_name"": ""institutional_confirmation_required"", ""infrastructure_status"": ""institutional_confirmation_required"", ""completion_percentage"": ""institutional_confirmation_required""}",data/incoming/tourism-investment-projects.kml,institutional_confirmation_required,institutional_confirmation_required,institutional_confirmation_required,institutional_confirmation_required,institutional_confirmation_required,institutional_confirmation_required,true,"Missing is not interpreted as negative, unlicensed, private, or stalled."
LY-INV-HOT-KHO-00011,فندق الاخوة السياحي الخمس,"{""ownership_type"": ""institutional_confirmation_required"", ""ownership_entity"": ""institutional_confirmation_required"", ""legal_status"": ""institutional_confirmation_required"", ""license_status"": ""institutional_confirmation_required"", ""planning_status"": ""institutional_confirmation_required"", ""environmental_status"": ""institutional_confirmation_required"", ""investment_value"": ""institutional_confirmation_required"", ""estimated_cost"": ""institutional_confirmation_required"", ""currency"": ""institutional_confirmation_required"", ""site_area_m2"": ""institutional_confirmation_required"", ""site_area_hectares"": ""institutional_confirmation_required"", ""implementing_entity"": ""institutional_confirmation_required"", ""supervising_entity"": ""institutional_confirmation_required"", ""investor_name"": ""institutional_confirmation_required"", ""operator_name"": ""institutional_confirmation_required"", ""infrastructure_status"": ""institutional_confirmation_required"", ""completion_percentage"": ""institutional_confirmation_required""}",data/incoming/tourism-investment-projects.kml,institutional_confirmation_required,institutional_confirmation_required,institutional_confirmation_required,institutional_confirmation_required,institutional_confirmation_required,institutional_confirmation_required,true,"Missing is not interpreted as negative, unlicensed, private, or stalled."
LY-INV-HOT-NAT-00265,فندق الليلك,"{""ownership_type"": ""institutional_confirmation_required"", ""ownership_entity"": ""institutional_confirmation_required"", ""legal_status"": ""institutional_confirmation_required"", ""license_status"": ""institutional_confirmation_required"", ""planning_status"": ""institutional_confirmation_required"", ""environmental_status"": ""institutional_confirmation_required"", ""investment_value"": ""institutional_confirmation_required"", ""estimated_cost"": ""institutional_confirmation_required"", ""currency"": ""institutional_confirmation_required"", ""site_area_m2"": ""institutional_confirmation_required"", ""site_area_hectares"": ""institutional_confirmation_required"", ""implementing_entity"": ""institutional_confirmation_required"", ""supervising_entity"": ""institutional_confirmation_required"", ""investor_name"": ""institutional_confirmation_required"", ""operator_name"": ""institutional_confirmation_required"", ""infrastructure_status"": ""institutional_confirmation_required"", ""completion_percentage"": ""institutional_confirmation_required""}",data/incoming/tourism-investment-projects.kml,institutional_confirmation_required,institutional_confirmation_required,institutional_confirmation_required,institutional_confirmation_required,institutional_confirmation_required,institutional_confirmation_required,true,"Missing is not interpreted as negative, unlicensed, private, or stalled."
LY-INV-REV-NAT-00011,أبوزاهية,"{""ownership_type"": ""institutional_confirmation_required"", ""ownership_entity"": ""institutional_confirmation_required"", ""legal_status"": ""institutional_confirmation_required"", ""license_status"": ""institutional_confirmation_required"", ""planning_status"": ""institutional_confirmation_required"", ""environmental_status"": ""institutional_confirmation_required"", ""investment_value"": ""institutional_confirmation_required"", ""estimated_cost"": ""institutional_confirmation_required"", ""currency"": ""institutional_confirmation_required"", ""site_area_m2"": ""institutional_confirmation_required"", ""site_area_hectares"": ""institutional_confirmation_required"", ""implementing_entity"": ""institutional_confirmation_required"", ""supervising_entity"": ""institutional_confirmation_required"", ""investor_name"": ""institutional_confirmation_required"", ""operator_name"": ""institutional_confirmation_required"", ""infrastructure_status"": ""institutional_confirmation_required"", ""completion_percentage"": ""institutional_confirmation_required""}",data/incoming/tourism-investment-projects.kml,institutional_confirmation_required,institutional_confirmation_required,institutional_confirmation_required,institutional_confirmation_required,institutional_confirmation_required,institutional_confirmation_required,true,"Missing is not interpreted as negative, unlicensed, private, or stalled."
LY-INV-REV-NAT-00012,زعفران,"{""ownership_type"": ""institutional_confirmation_required"", ""ownership_entity"": ""institutional_confirmation_required"", ""legal_status"": ""institutional_confirmation_required"", ""license_status"": ""institutional_confirmation_required"", ""planning_status"": ""institutional_confirmation_required"", ""environmental_status"": ""institutional_confirmation_required"", ""investment_value"": ""institutional_confirmation_required"", ""estimated_cost"": ""institutional_confirmation_required"", ""currency"": ""institutional_confirmation_required"", ""site_area_m2"": ""institutional_confirmation_required"", ""site_area_hectares"": ""institutional_confirmation_required"", ""implementing_entity"": ""institutional_confirmation_required"", ""supervising_entity"": ""institutional_confirmation_required"", ""investor_name"": ""institutional_confirmation_required"", ""operator_name"": ""institutional_confirmation_required"", ""infrastructure_status"": ""institutional_confirmation_required"", ""completion_percentage"": ""institutional_confirmation_required""}",data/incoming/tourism-investment-projects.kml,institutional_confirmation_required,institutional_confirmation_required,institutional_confirmation_required,institutional_confirmation_required,institutional_confirmation_required,institutional_confirmation_required,true,"Missing is not interpreted as negative, unlicensed, private, or stalled."
LY-INV-REV-NAT-00013,القبيبة,"{""ownership_type"": ""institutional_confirmation_required"", ""ownership_entity"": ""institutional_confirmation_required"", ""legal_status"": ""institutional_confirmation_required"", ""license_status"": ""institutional_confirmation_required"", ""planning_status"": ""institutional_confirmation_required"", ""environmental_status"": ""institutional_confirmation_required"", ""investment_value"": ""institutional_confirmation_required"", ""estimated_cost"": ""institutional_confirmation_required"", ""currency"": ""institutional_confirmation_required"", ""site_area_m2"": ""institutional_confirmation_required"", ""site_area_hectares"": ""institutional_confirmation_required"", ""implementing_entity"": ""institutional_confirmation_required"", ""supervising_entity"": ""institutional_confirmation_required"", ""investor_name"": ""institutional_confirmation_required"", ""operator_name"": ""institutional_confirmation_required"", ""infrastructure_status"": ""institutional_confirmation_required"", ""completion_percentage"": ""institutional_confirmation_required""}",data/incoming/tourism-investment-projects.kml,institutional_confirmation_required,institutional_confirmation_required,institutional_confirmation_required,institutional_confirmation_required,institutional_confirmation_required,institutional_confirmation_required,true,"Missing is not interpreted as negative, unlicensed, private, or stalled."
LY-INV-REV-NAT-00014,سلطان,"{""ownership_type"": ""institutional_confirmation_required"", ""ownership_entity"": ""institutional_confirmation_required"", ""legal_status"": ""institutional_confirmation_required"", ""license_status"": ""institutional_confirmation_required"", ""planning_status"": ""institutional_confirmation_required"", ""environmental_status"": ""institutional_confirmation_required"", ""investment_value"": ""institutional_confirmation_required"", ""estimated_cost"": ""institutional_confirmation_required"", ""currency"": ""institutional_confirmation_required"", ""site_area_m2"": ""institutional_confirmation_required"", ""site_area_hectares"": ""institutional_confirmation_required"", ""implementing_entity"": ""institutional_confirmation_required"", ""supervising_entity"": ""institutional_confirmation_required"", ""investor_name"": ""institutional_confirmation_required"", ""operator_name"": ""institutional_confirmation_required"", ""infrastructure_status"": ""institutional_confirmation_required"", ""completion_percentage"": ""institutional_confirmation_required""}",data/incoming/tourism-investment-projects.kml,institutional_confirmation_required,institutional_confirmation_required,institutional_confirmation_required,institutional_confirmation_required,institutional_confirmation_required,institutional_confirmation_required,true,"Missing is not interpreted as negative, unlicensed, private, or stalled."
LY-INV-REV-NAT-00015,النقازة,"{""ownership_type"": ""institutional_confirmation_required"", ""ownership_entity"": ""institutional_confirmation_required"", ""legal_status"": ""institutional_confirmation_required"", ""license_status"": ""institutional_confirmation_required"", ""planning_status"": ""institutional_confirmation_required"", ""environmental_status"": ""institutional_confirmation_required"", ""investment_value"": ""institutional_confirmation_required"", ""estimated_cost"": ""institutional_confirmation_required"", ""currency"": ""institutional_confirmation_required"", ""site_area_m2"": ""institutional_confirmation_required"", ""site_area_hectares"": ""institutional_confirmation_required"", ""implementing_entity"": ""institutional_confirmation_required"", ""supervising_entity"": ""institutional_confirmation_required"", ""investor_name"": ""institutional_confirmation_required"", ""operator_name"": ""institutional_confirmation_required"", ""infrastructure_status"": ""institutional_confirmation_required"", ""completion_percentage"": ""institutional_confirmation_required""}",data/incoming/tourism-investment-projects.kml,institutional_confirmation_required,institutional_confirmation_required,institutional_confirmation_required,institutional_confirmation_required,institutional_confirmation_required,institutional_confirmation_required,true,"Missing is not interpreted as negative, unlicensed, private, or stalled."
LY-INV-REV-NAT-00016,غنيمة,"{""ownership_type"": ""institutional_confirmation_required"", ""ownership_entity"": ""institutional_confirmation_required"", ""legal_status"": ""institutional_confirmation_required"", ""license_status"": ""institutional_confirmation_required"", ""planning_status"": ""institutional_confirmation_required"", ""environmental_status"": ""institutional_confirmation_required"", ""investment_value"": ""institutional_confirmation_required"", ""estimated_cost"": ""institutional_confirmation_required"", ""currency"": ""institutional_confirmation_required"", ""site_area_m2"": ""institutional_confirmation_required"", ""site_area_hectares"": ""institutional_confirmation_required"", ""implementing_entity"": ""institutional_confirmation_required"", ""supervising_entity"": ""institutional_confirmation_required"", ""investor_name"": ""institutional_confirmation_required"", ""operator_name"": ""institutional_confirmation_required"", ""infrastructure_status"": ""institutional_confirmation_required"", ""completion_percentage"": ""institutional_confirmation_required""}",data/incoming/tourism-investment-projects.kml,institutional_confirmation_required,institutional_confirmation_required,institutional_confirmation_required,institutional_confirmation_required,institutional_confirmation_required,institutional_confirmation_required,true,"Missing is not interpreted as negative, unlicensed, private, or stalled."
LY-INV-REV-NAT-00017,فلفول,"{""ownership_type"": ""institutional_confirmation_required"", ""ownership_entity"": ""institutional_confirmation_required"", ""legal_status"": ""institutional_confirmation_required"", ""license_status"": ""institutional_confirmation_required"", ""planning_status"": ""institutional_confirmation_required"", ""environmental_status"": ""institutional_confirmation_required"", ""investment_value"": ""institutional_confirmation_required"", ""estimated_cost"": ""institutional_confirmation_required"", ""currency"": ""institutional_confirmation_required"", ""site_area_m2"": ""institutional_confirmation_required"", ""site_area_hectares"": ""institutional_confirmation_required"", ""implementing_entity"": ""institutional_confirmation_required"", ""supervising_entity"": ""institutional_confirmation_required"", ""investor_name"": ""institutional_confirmation_required"", ""operator_name"": ""institutional_confirmation_required"", ""infrastructure_status"": ""institutional_confirmation_required"", ""completion_percentage"": ""institutional_confirmation_required""}",data/incoming/tourism-investment-projects.kml,institutional_confirmation_required,institutional_confirmation_required,institutional_confirmation_required,institutional_confirmation_required,institutional_confirmation_required,institutional_confirmation_required,true,"Missing is not interpreted as negative, unlicensed, private, or stalled."
LY-INV-REV-NAT-00018,فيللا سيلين,"{""ownership_type"": ""institutional_confirmation_required"", ""ownership_entity"": ""institutional_confirmation_required"", ""legal_status"": ""institutional_confirmation_required"", ""license_status"": ""institutional_confirmation_required"", ""planning_status"": ""institutional_confirmation_required"", ""environmental_status"": ""institutional_confirmation_required"", ""investment_value"": ""institutional_confirmation_required"", ""estimated_cost"": ""institutional_confirmation_required"", ""currency"": ""institutional_confirmation_required"", ""site_area_m2"": ""institutional_confirmation_required"", ""site_area_hectares"": ""institutional_confirmation_required"", ""implementing_entity"": ""institutional_confirmation_required"", ""supervising_entity"": ""institutional_confirmation_required"", ""investor_name"": ""institutional_confirmation_required"", ""operator_name"": ""institutional_confirmation_required"", ""infrastructure_status"": ""institutional_confirmation_required"", ""completion_percentage"": ""institutional_confirmation_required""}",data/incoming/tourism-investment-projects.kml,institutional_confirmation_required,institutional_confirmation_required,institutional_confirmation_required,institutional_confirmation_required,institutional_confirmation_required,institutional_confirmation_required,true,"Missing is not interpreted as negative, unlicensed, private, or stalled."
LY-INV-REV-NAT-00019,قريم,"{""ownership_type"": ""institutional_confirmation_required"", ""ownership_entity"": ""institutional_confirmation_required"", ""legal_status"": ""institutional_confirmation_required"", ""license_status"": ""institutional_confirmation_required"", ""planning_status"": ""institutional_confirmation_required"", ""environmental_status"": ""institutional_confirmation_required"", ""investment_value"": ""institutional_confirmation_required"", ""estimated_cost"": ""institutional_confirmation_required"", ""currency"": ""institutional_confirmation_required"", ""site_area_m2"": ""institutional_confirmation_required"", ""site_area_hectares"": ""institutional_confirmation_required"", ""implementing_entity"": ""institutional_confirmation_required"", ""supervising_entity"": ""institutional_confirmation_required"", ""investor_name"": ""institutional_confirmation_required"", ""operator_name"": ""institutional_confirmation_required"", ""infrastructure_status"": ""institutional_confirmation_required"", ""completion_percentage"": ""institutional_confirmation_required""}",data/incoming/tourism-investment-projects.kml,institutional_confirmation_required,institutional_confirmation_required,institutional_confirmation_required,institutional_confirmation_required,institutional_confirmation_required,institutional_confirmation_required,true,"Missing is not interpreted as negative, unlicensed, private, or stalled."
LY-INV-REV-NAT-00020,الطويبية,"{""ownership_type"": ""institutional_confirmation_required"", ""ownership_entity"": ""institutional_confirmation_required"", ""legal_status"": ""institutional_confirmation_required"", ""license_status"": ""institutional_confirmation_required"", ""planning_status"": ""institutional_confirmation_required"", ""environmental_status"": ""institutional_confirmation_required"", ""investment_value"": ""institutional_confirmation_required"", ""estimated_cost"": ""institutional_confirmation_required"", ""currency"": ""institutional_confirmation_required"", ""site_area_m2"": ""institutional_confirmation_required"", ""site_area_hectares"": ""institutional_confirmation_required"", ""implementing_entity"": ""institutional_confirmation_required"", ""supervising_entity"": ""institutional_confirmation_required"", ""investor_name"": ""institutional_confirmation_required"", ""operator_name"": ""institutional_confirmation_required"", ""infrastructure_status"": ""institutional_confirmation_required"", ""completion_percentage"": ""institutional_confirmation_required""}",data/incoming/tourism-investment-projects.kml,institutional_confirmation_required,institutional_confirmation_required,institutional_confirmation_required,institutional_confirmation_required,institutional_confirmation_required,institutional_confirmation_required,true,"Missing is not interpreted as negative, unlicensed, private, or stalled."
LY-INV-REV-NAT-00021,هانيبال,"{""ownership_type"": ""institutional_confirmation_required"", ""ownership_entity"": ""institutional_confirmation_required"", ""legal_status"": ""institutional_confirmation_required"", ""license_status"": ""institutional_confirmation_required"", ""planning_status"": ""institutional_confirmation_required"", ""environmental_status"": ""institutional_confirmation_required"", ""investment_value"": ""institutional_confirmation_required"", ""estimated_cost"": ""institutional_confirmation_required"", ""currency"": ""institutional_confirmation_required"", ""site_area_m2"": ""institutional_confirmation_required"", ""site_area_hectares"": ""institutional_confirmation_required"", ""implementing_entity"": ""institutional_confirmation_required"", ""supervising_entity"": ""institutional_confirmation_required"", ""investor_name"": ""institutional_confirmation_required"", ""operator_name"": ""institutional_confirmation_required"", ""infrastructure_status"": ""institutional_confirmation_required"", ""completion_percentage"": ""institutional_confirmation_required""}",data/incoming/tourism-investment-projects.kml,institutional_confirmation_required,institutional_confirmation_required,institutional_confirmation_required,institutional_confirmation_required,institutional_confirmation_required,institutional_confirmation_required,true,"Missing is not interpreted as negative, unlicensed, private, or stalled."
LY-INV-REV-NAT-00022,ماتشوك,"{""ownership_type"": ""institutional_confirmation_required"", ""ownership_entity"": ""institutional_confirmation_required"", ""legal_status"": ""institutional_confirmation_required"", ""license_status"": ""institutional_confirmation_required"", ""planning_status"": ""institutional_confirmation_required"", ""environmental_status"": ""institutional_confirmation_required"", ""investment_value"": ""institutional_confirmation_required"", ""estimated_cost"": ""institutional_confirmation_required"", ""currency"": ""institutional_confirmation_required"", ""site_area_m2"": ""institutional_confirmation_required"", ""site_area_hectares"": ""institutional_confirmation_required"", ""implementing_entity"": ""institutional_confirmation_required"", ""supervising_entity"": ""institutional_confirmation_required"", ""investor_name"": ""institutional_confirmation_required"", ""operator_name"": ""institutional_confirmation_required"", ""infrastructure_status"": ""institutional_confirmation_required"", ""completion_percentage"": ""institutional_confirmation_required""}",data/incoming/tourism-investment-projects.kml,institutional_confirmation_required,institutional_confirmation_required,institutional_confirmation_required,institutional_confirmation_required,institutional_confirmation_required,institutional_confirmation_required,true,"Missing is not interpreted as negative, unlicensed, private, or stalled."
LY-INV-REV-NAT-00023,ملليتة-2,"{""ownership_type"": ""institutional_confirmation_required"", ""ownership_entity"": ""institutional_confirmation_required"", ""legal_status"": ""institutional_confirmation_required"", ""license_status"": ""institutional_confirmation_required"", ""planning_status"": ""institutional_confirmation_required"", ""environmental_status"": ""institutional_confirmation_required"", ""investment_value"": ""institutional_confirmation_required"", ""estimated_cost"": ""institutional_confirmation_required"", ""currency"": ""institutional_confirmation_required"", ""site_area_m2"": ""institutional_confirmation_required"", ""site_area_hectares"": ""institutional_confirmation_required"", ""implementing_entity"": ""institutional_confirmation_required"", ""supervising_entity"": ""institutional_confirmation_required"", ""investor_name"": ""institutional_confirmation_required"", ""operator_name"": ""institutional_confirmation_required"", ""infrastructure_status"": ""institutional_confirmation_required"", ""completion_percentage"": ""institutional_confirmation_required""}",data/incoming/tourism-investment-projects.kml,institutional_confirmation_required,institutional_confirmation_required,institutional_confirmation_required,institutional_confirmation_required,institutional_confirmation_required,institutional_confirmation_required,true,"Missing is not interpreted as negative, unlicensed, private, or stalled."
LY-INV-REV-NAT-00024,ملليتة-1,"{""ownership_type"": ""institutional_confirmation_required"", ""ownership_entity"": ""institutional_confirmation_required"", ""legal_status"": ""institutional_confirmation_required"", ""license_status"": ""institutional_confirmation_required"", ""planning_status"": ""institutional_confirmation_required"", ""environmental_status"": ""institutional_confirmation_required"", ""investment_value"": ""institutional_confirmation_required"", ""estimated_cost"": ""institutional_confirmation_required"", ""currency"": ""institutional_confirmation_required"", ""site_area_m2"": ""institutional_confirmation_required"", ""site_area_hectares"": ""institutional_confirmation_required"", ""implementing_entity"": ""institutional_confirmation_required"", ""supervising_entity"": ""institutional_confirmation_required"", ""investor_name"": ""institutional_confirmation_required"", ""operator_name"": ""institutional_confirmation_required"", ""infrastructure_status"": ""institutional_confirmation_required"", ""completion_percentage"": ""institutional_confirmation_required""}",data/incoming/tourism-investment-projects.kml,institutional_confirmation_required,institutional_confirmation_required,institutional_confirmation_required,institutional_confirmation_required,institutional_confirmation_required,institutional_confirmation_required,true,"Missing is not interpreted as negative, unlicensed, private, or stalled."
LY-INV-REV-NAT-00025,تلليل-غرب,"{""ownership_type"": ""institutional_confirmation_required"", ""ownership_entity"": ""institutional_confirmation_required"", ""legal_status"": ""institutional_confirmation_required"", ""license_status"": ""institutional_confirmation_required"", ""planning_status"": ""institutional_confirmation_required"", ""environmental_status"": ""institutional_confirmation_required"", ""investment_value"": ""institutional_confirmation_required"", ""estimated_cost"": ""institutional_confirmation_required"", ""currency"": ""institutional_confirmation_required"", ""site_area_m2"": ""institutional_confirmation_required"", ""site_area_hectares"": ""institutional_confirmation_required"", ""implementing_entity"": ""institutional_confirmation_required"", ""supervising_entity"": ""institutional_confirmation_required"", ""investor_name"": ""institutional_confirmation_required"", ""operator_name"": ""institutional_confirmation_required"", ""infrastructure_status"": ""institutional_confirmation_required"", ""completion_percentage"": ""institutional_confirmation_required""}",data/incoming/tourism-investment-projects.kml,institutional_confirmation_required,institutional_confirmation_required,institutional_confirmation_required,institutional_confirmation_required,institutional_confirmation_required,institutional_confirmation_required,true,"Missing is not interpreted as negative, unlicensed, private, or stalled."
LY-INV-REV-NAT-00026,تلليل-شرق,"{""ownership_type"": ""institutional_confirmation_required"", ""ownership_entity"": ""institutional_confirmation_required"", ""legal_status"": ""institutional_confirmation_required"", ""license_status"": ""institutional_confirmation_required"", ""planning_status"": ""institutional_confirmation_required"", ""environmental_status"": ""institutional_confirmation_required"", ""investment_value"": ""institutional_confirmation_required"", ""estimated_cost"": ""institutional_confirmation_required"", ""currency"": ""institutional_confirmation_required"", ""site_area_m2"": ""institutional_confirmation_required"", ""site_area_hectares"": ""institutional_confirmation_required"", ""implementing_entity"": ""institutional_confirmation_required"", ""supervising_entity"": ""institutional_confirmation_required"", ""investor_name"": ""institutional_confirmation_required"", ""operator_name"": ""institutional_confirmation_required"", ""infrastructure_status"": ""institutional_confirmation_required"", ""completion_percentage"": ""institutional_confirmation_required""}",data/incoming/tourism-investment-projects.kml,institutional_confirmation_required,institutional_confirmation_required,institutional_confirmation_required,institutional_confirmation_required,institutional_confirmation_required,institutional_confirmation_required,true,"Missing is not interpreted as negative, unlicensed, private, or stalled."
LY-INV-REV-NAT-00027,الجرف,"{""ownership_type"": ""institutional_confirmation_required"", ""ownership_entity"": ""institutional_confirmation_required"", ""legal_status"": ""institutional_confirmation_required"", ""license_status"": ""institutional_confirmation_required"", ""planning_status"": ""institutional_confirmation_required"", ""environmental_status"": ""institutional_confirmation_required"", ""investment_value"": ""institutional_confirmation_required"", ""estimated_cost"": ""institutional_confirmation_required"", ""currency"": ""institutional_confirmation_required"", ""site_area_m2"": ""institutional_confirmation_required"", ""site_area_hectares"": ""institutional_confirmation_required"", ""implementing_entity"": ""institutional_confirmation_required"", ""supervising_entity"": ""institutional_confirmation_required"", ""investor_name"": ""institutional_confirmation_required"", ""operator_name"": ""institutional_confirmation_required"", ""infrastructure_status"": ""institutional_confirmation_required"", ""completion_percentage"": ""institutional_confirmation_required""}",data/incoming/tourism-investment-projects.kml,institutional_confirmation_required,institutional_confirmation_required,institutional_confirmation_required,institutional_confirmation_required,institutional_confirmation_required,institutional_confirmation_required,true,"Missing is not interpreted as negative, unlicensed, private, or stalled."
LY-INV-REV-NAT-00028,صرمان,"{""ownership_type"": ""institutional_confirmation_required"", ""ownership_entity"": ""institutional_confirmation_required"", ""legal_status"": ""institutional_confirmation_required"", ""license_status"": ""institutional_confirmation_required"", ""planning_status"": ""institutional_confirmation_required"", ""environmental_status"": ""institutional_confirmation_required"", ""investment_value"": ""institutional_confirmation_required"", ""estimated_cost"": ""institutional_confirmation_required"", ""currency"": ""institutional_confirmation_required"", ""site_area_m2"": ""institutional_confirmation_required"", ""site_area_hectares"": ""institutional_confirmation_required"", ""implementing_entity"": ""institutional_confirmation_required"", ""supervising_entity"": ""institutional_confirmation_required"", ""investor_name"": ""institutional_confirmation_required"", ""operator_name"": ""institutional_confirmation_required"", ""infrastructure_status"": ""institutional_confirmation_required"", ""completion_percentage"": ""institutional_confirmation_required""}",data/incoming/tourism-investment-projects.kml,institutional_confirmation_required,institutional_confirmation_required,institutional_confirmation_required,institutional_confirmation_required,institutional_confirmation_required,institutional_confirmation_required,true,"Missing is not interpreted as negative, unlicensed, private, or stalled."
LY-INV-REV-NAT-00029,المطرد,"{""ownership_type"": ""institutional_confirmation_required"", ""ownership_entity"": ""institutional_confirmation_required"", ""legal_status"": ""institutional_confirmation_required"", ""license_status"": ""institutional_confirmation_required"", ""planning_status"": ""institutional_confirmation_required"", ""environmental_status"": ""institutional_confirmation_required"", ""investment_value"": ""institutional_confirmation_required"", ""estimated_cost"": ""institutional_confirmation_required"", ""currency"": ""institutional_confirmation_required"", ""site_area_m2"": ""institutional_confirmation_required"", ""site_area_hectares"": ""institutional_confirmation_required"", ""implementing_entity"": ""institutional_confirmation_required"", ""supervising_entity"": ""institutional_confirmation_required"", ""investor_name"": ""institutional_confirmation_required"", ""operator_name"": ""institutional_confirmation_required"", ""infrastructure_status"": ""institutional_confirmation_required"", ""completion_percentage"": ""institutional_confirmation_required""}",data/incoming/tourism-investment-projects.kml,institutional_confirmation_required,institutional_confirmation_required,institutional_confirmation_required,institutional_confirmation_required,institutional_confirmation_required,institutional_confirmation_required,true,"Missing is not interpreted as negative, unlicensed, private, or stalled."
LY-INV-REV-NAT-00030,السياحية,"{""ownership_type"": ""institutional_confirmation_required"", ""ownership_entity"": ""institutional_confirmation_required"", ""legal_status"": ""institutional_confirmation_required"", ""license_status"": ""institutional_confirmation_required"", ""planning_status"": ""institutional_confirmation_required"", ""environmental_status"": ""institutional_confirmation_required"", ""investment_value"": ""institutional_confirmation_required"", ""estimated_cost"": ""institutional_confirmation_required"", ""currency"": ""institutional_confirmation_required"", ""site_area_m2"": ""institutional_confirmation_required"", ""site_area_hectares"": ""institutional_confirmation_required"", ""implementing_entity"": ""institutional_confirmation_required"", ""supervising_entity"": ""institutional_confirmation_required"", ""investor_name"": ""institutional_confirmation_required"", ""operator_name"": ""institutional_confirmation_required"", ""infrastructure_status"": ""institutional_confirmation_required"", ""completion_percentage"": ""institutional_confirmation_required""}",data/incoming/tourism-investment-projects.kml,institutional_confirmation_required,institutional_confirmation_required,institutional_confirmation_required,institutional_confirmation_required,institutional_confirmation_required,institutional_confirmation_required,true,"Missing is not interpreted as negative, unlicensed, private, or stalled."
LY-INV-REV-NAT-00031,أوياء,"{""ownership_type"": ""institutional_confirmation_required"", ""ownership_entity"": ""institutional_confirmation_required"", ""legal_status"": ""institutional_confirmation_required"", ""license_status"": ""institutional_confirmation_required"", ""planning_status"": ""institutional_confirmation_required"", ""environmental_status"": ""institutional_confirmation_required"", ""investment_value"": ""institutional_confirmation_required"", ""estimated_cost"": ""institutional_confirmation_required"", ""currency"": ""institutional_confirmation_required"", ""site_area_m2"": ""institutional_confirmation_required"", ""site_area_hectares"": ""institutional_confirmation_required"", ""implementing_entity"": ""institutional_confirmation_required"", ""supervising_entity"": ""institutional_confirmation_required"", ""investor_name"": ""institutional_confirmation_required"", ""operator_name"": ""institutional_confirmation_required"", ""infrastructure_status"": ""institutional_confirmation_required"", ""completion_percentage"": ""institutional_confirmation_required""}",data/incoming/tourism-investment-projects.kml,institutional_confirmation_required,institutional_confirmation_required,institutional_confirmation_required,institutional_confirmation_required,institutional_confirmation_required,institutional_confirmation_required,true,"Missing is not interpreted as negative, unlicensed, private, or stalled."
LY-INV-REV-NAT-00032,جنزور-1,"{""ownership_type"": ""institutional_confirmation_required"", ""ownership_entity"": ""institutional_confirmation_required"", ""legal_status"": ""institutional_confirmation_required"", ""license_status"": ""institutional_confirmation_required"", ""planning_status"": ""institutional_confirmation_required"", ""environmental_status"": ""institutional_confirmation_required"", ""investment_value"": ""institutional_confirmation_required"", ""estimated_cost"": ""institutional_confirmation_required"", ""currency"": ""institutional_confirmation_required"", ""site_area_m2"": ""institutional_confirmation_required"", ""site_area_hectares"": ""institutional_confirmation_required"", ""implementing_entity"": ""institutional_confirmation_required"", ""supervising_entity"": ""institutional_confirmation_required"", ""investor_name"": ""institutional_confirmation_required"", ""operator_name"": ""institutional_confirmation_required"", ""infrastructure_status"": ""institutional_confirmation_required"", ""completion_percentage"": ""institutional_confirmation_required""}",data/incoming/tourism-investment-projects.kml,institutional_confirmation_required,institutional_confirmation_required,institutional_confirmation_required,institutional_confirmation_required,institutional_confirmation_required,institutional_confirmation_required,true,"Missing is not interpreted as negative, unlicensed, private, or stalled."
LY-INV-REV-NAT-00033,جنزور-2,"{""ownership_type"": ""institutional_confirmation_required"", ""ownership_entity"": ""institutional_confirmation_required"", ""legal_status"": ""institutional_confirmation_required"", ""license_status"": ""institutional_confirmation_required"", ""planning_status"": ""institutional_confirmation_required"", ""environmental_status"": ""institutional_confirmation_required"", ""investment_value"": ""institutional_confirmation_required"", ""estimated_cost"": ""institutional_confirmation_required"", ""currency"": ""institutional_confirmation_required"", ""site_area_m2"": ""institutional_confirmation_required"", ""site_area_hectares"": ""institutional_confirmation_required"", ""implementing_entity"": ""institutional_confirmation_required"", ""supervising_entity"": ""institutional_confirmation_required"", ""investor_name"": ""institutional_confirmation_required"", ""operator_name"": ""institutional_confirmation_required"", ""infrastructure_status"": ""institutional_confirmation_required"", ""completion_percentage"": ""institutional_confirmation_required""}",data/incoming/tourism-investment-projects.kml,institutional_confirmation_required,institutional_confirmation_required,institutional_confirmation_required,institutional_confirmation_required,institutional_confirmation_required,institutional_confirmation_required,true,"Missing is not interpreted as negative, unlicensed, private, or stalled."
LY-INV-REV-NAT-00034,جنزور-3,"{""ownership_type"": ""institutional_confirmation_required"", ""ownership_entity"": ""institutional_confirmation_required"", ""legal_status"": ""institutional_confirmation_required"", ""license_status"": ""institutional_confirmation_required"", ""planning_status"": ""institutional_confirmation_required"", ""environmental_status"": ""institutional_confirmation_required"", ""investment_value"": ""institutional_confirmation_required"", ""estimated_cost"": ""institutional_confirmation_required"", ""currency"": ""institutional_confirmation_required"", ""site_area_m2"": ""institutional_confirmation_required"", ""site_area_hectares"": ""institutional_confirmation_required"", ""implementing_entity"": ""institutional_confirmation_required"", ""supervising_entity"": ""institutional_confirmation_required"", ""investor_name"": ""institutional_confirmation_required"", ""operator_name"": ""institutional_confirmation_required"", ""infrastructure_status"": ""institutional_confirmation_required"", ""completion_percentage"": ""institutional_confirmation_required""}",data/incoming/tourism-investment-projects.kml,institutional_confirmation_required,institutional_confirmation_required,institutional_confirmation_required,institutional_confirmation_required,institutional_confirmation_required,institutional_confirmation_required,true,"Missing is not interpreted as negative, unlicensed, private, or stalled."
LY-INV-REV-NAT-00035,سيدي عبدالجليل-1,"{""ownership_type"": ""institutional_confirmation_required"", ""ownership_entity"": ""institutional_confirmation_required"", ""legal_status"": ""institutional_confirmation_required"", ""license_status"": ""institutional_confirmation_required"", ""planning_status"": ""institutional_confirmation_required"", ""environmental_status"": ""institutional_confirmation_required"", ""investment_value"": ""institutional_confirmation_required"", ""estimated_cost"": ""institutional_confirmation_required"", ""currency"": ""institutional_confirmation_required"", ""site_area_m2"": ""institutional_confirmation_required"", ""site_area_hectares"": ""institutional_confirmation_required"", ""implementing_entity"": ""institutional_confirmation_required"", ""supervising_entity"": ""institutional_confirmation_required"", ""investor_name"": ""institutional_confirmation_required"", ""operator_name"": ""institutional_confirmation_required"", ""infrastructure_status"": ""institutional_confirmation_required"", ""completion_percentage"": ""institutional_confirmation_required""}",data/incoming/tourism-investment-projects.kml,institutional_confirmation_required,institutional_confirmation_required,institutional_confirmation_required,institutional_confirmation_required,institutional_confirmation_required,institutional_confirmation_required,true,"Missing is not interpreted as negative, unlicensed, private, or stalled."
LY-INV-REV-NAT-00036,سيدي عبدالجليل-2,"{""ownership_type"": ""institutional_confirmation_required"", ""ownership_entity"": ""institutional_confirmation_required"", ""legal_status"": ""institutional_confirmation_required"", ""license_status"": ""institutional_confirmation_required"", ""planning_status"": ""institutional_confirmation_required"", ""environmental_status"": ""institutional_confirmation_required"", ""investment_value"": ""institutional_confirmation_required"", ""estimated_cost"": ""institutional_confirmation_required"", ""currency"": ""institutional_confirmation_required"", ""site_area_m2"": ""institutional_confirmation_required"", ""site_area_hectares"": ""institutional_confirmation_required"", ""implementing_entity"": ""institutional_confirmation_required"", ""supervising_entity"": ""institutional_confirmation_required"", ""investor_name"": ""institutional_confirmation_required"", ""operator_name"": ""institutional_confirmation_required"", ""infrastructure_status"": ""institutional_confirmation_required"", ""completion_percentage"": ""institutional_confirmation_required""}",data/incoming/tourism-investment-projects.kml,institutional_confirmation_required,institutional_confirmation_required,institutional_confirmation_required,institutional_confirmation_required,institutional_confirmation_required,institutional_confirmation_required,true,"Missing is not interpreted as negative, unlicensed, private, or stalled."
LY-INV-REV-NAT-00037,سيدي عبدالجليل-3,"{""ownership_type"": ""institutional_confirmation_required"", ""ownership_entity"": ""institutional_confirmation_required"", ""legal_status"": ""institutional_confirmation_required"", ""license_status"": ""institutional_confirmation_required"", ""planning_status"": ""institutional_confirmation_required"", ""environmental_status"": ""institutional_confirmation_required"", ""investment_value"": ""institutional_confirmation_required"", ""estimated_cost"": ""institutional_confirmation_required"", ""currency"": ""institutional_confirmation_required"", ""site_area_m2"": ""institutional_confirmation_required"", ""site_area_hectares"": ""institutional_confirmation_required"", ""implementing_entity"": ""institutional_confirmation_required"", ""supervising_entity"": ""institutional_confirmation_required"", ""investor_name"": ""institutional_confirmation_required"", ""operator_name"": ""institutional_confirmation_required"", ""infrastructure_status"": ""institutional_confirmation_required"", ""completion_percentage"": ""institutional_confirmation_required""}",data/incoming/tourism-investment-projects.kml,institutional_confirmation_required,institutional_confirmation_required,institutional_confirmation_required,institutional_confirmation_required,institutional_confirmation_required,institutional_confirmation_required,true,"Missing is not interpreted as negative, unlicensed, private, or stalled."
LY-INV-REV-NAT-00038,سيدي عبدالجليل-4,"{""ownership_type"": ""institutional_confirmation_required"", ""ownership_entity"": ""institutional_confirmation_required"", ""legal_status"": ""institutional_confirmation_required"", ""license_status"": ""institutional_confirmation_required"", ""planning_status"": ""institutional_confirmation_required"", ""environmental_status"": ""institutional_confirmation_required"", ""investment_value"": ""institutional_confirmation_required"", ""estimated_cost"": ""institutional_confirmation_required"", ""currency"": ""institutional_confirmation_required"", ""site_area_m2"": ""institutional_confirmation_required"", ""site_area_hectares"": ""institutional_confirmation_required"", ""implementing_entity"": ""institutional_confirmation_required"", ""supervising_entity"": ""institutional_confirmation_required"", ""investor_name"": ""institutional_confirmation_required"", ""operator_name"": ""institutional_confirmation_required"", ""infrastructure_status"": ""institutional_confirmation_required"", ""completion_percentage"": ""institutional_confirmation_required""}",data/incoming/tourism-investment-projects.kml,institutional_confirmation_required,institutional_confirmation_required,institutional_confirmation_required,institutional_confirmation_required,institutional_confirmation_required,institutional_confirmation_required,true,"Missing is not interpreted as negative, unlicensed, private, or stalled."
LY-INV-REV-NAT-00039,سيدي عبدالجليل-5,"{""ownership_type"": ""institutional_confirmation_required"", ""ownership_entity"": ""institutional_confirmation_required"", ""legal_status"": ""institutional_confirmation_required"", ""license_status"": ""institutional_confirmation_required"", ""planning_status"": ""institutional_confirmation_required"", ""environmental_status"": ""institutional_confirmation_required"", ""investment_value"": ""institutional_confirmation_required"", ""estimated_cost"": ""institutional_confirmation_required"", ""currency"": ""institutional_confirmation_required"", ""site_area_m2"": ""institutional_confirmation_required"", ""site_area_hectares"": ""institutional_confirmation_required"", ""implementing_entity"": ""institutional_confirmation_required"", ""supervising_entity"": ""institutional_confirmation_required"", ""investor_name"": ""institutional_confirmation_required"", ""operator_name"": ""institutional_confirmation_required"", ""infrastructure_status"": ""institutional_confirmation_required"", ""completion_percentage"": ""institutional_confirmation_required""}",data/incoming/tourism-investment-projects.kml,institutional_confirmation_required,institutional_confirmation_required,institutional_confirmation_required,institutional_confirmation_required,institutional_confirmation_required,institutional_confirmation_required,true,"Missing is not interpreted as negative, unlicensed, private, or stalled."
LY-INV-REV-NAT-00040,سيدي عبدالجليل-6,"{""ownership_type"": ""institutional_confirmation_required"", ""ownership_entity"": ""institutional_confirmation_required"", ""legal_status"": ""institutional_confirmation_required"", ""license_status"": ""institutional_confirmation_required"", ""planning_status"": ""institutional_confirmation_required"", ""environmental_status"": ""institutional_confirmation_required"", ""investment_value"": ""institutional_confirmation_required"", ""estimated_cost"": ""institutional_confirmation_required"", ""currency"": ""institutional_confirmation_required"", ""site_area_m2"": ""institutional_confirmation_required"", ""site_area_hectares"": ""institutional_confirmation_required"", ""implementing_entity"": ""institutional_confirmation_required"", ""supervising_entity"": ""institutional_confirmation_required"", ""investor_name"": ""institutional_confirmation_required"", ""operator_name"": ""institutional_confirmation_required"", ""infrastructure_status"": ""institutional_confirmation_required"", ""completion_percentage"": ""institutional_confirmation_required""}",data/incoming/tourism-investment-projects.kml,institutional_confirmation_required,institutional_confirmation_required,institutional_confirmation_required,institutional_confirmation_required,institutional_confirmation_required,institutional_confirmation_required,true,"Missing is not interpreted as negative, unlicensed, private, or stalled."
LY-INV-REV-TRI-00006,محطة غرب طرابلس,"{""ownership_type"": ""institutional_confirmation_required"", ""ownership_entity"": ""institutional_confirmation_required"", ""legal_status"": ""institutional_confirmation_required"", ""license_status"": ""institutional_confirmation_required"", ""planning_status"": ""institutional_confirmation_required"", ""environmental_status"": ""institutional_confirmation_required"", ""investment_value"": ""institutional_confirmation_required"", ""estimated_cost"": ""institutional_confirmation_required"", ""currency"": ""institutional_confirmation_required"", ""site_area_m2"": ""institutional_confirmation_required"", ""site_area_hectares"": ""institutional_confirmation_required"", ""implementing_entity"": ""institutional_confirmation_required"", ""supervising_entity"": ""institutional_confirmation_required"", ""investor_name"": ""institutional_confirmation_required"", ""operator_name"": ""institutional_confirmation_required"", ""infrastructure_status"": ""institutional_confirmation_required"", ""completion_percentage"": ""institutional_confirmation_required""}",data/incoming/tourism-investment-projects.kml,institutional_confirmation_required,institutional_confirmation_required,institutional_confirmation_required,institutional_confirmation_required,institutional_confirmation_required,institutional_confirmation_required,true,"Missing is not interpreted as negative, unlicensed, private, or stalled."
LY-INV-REV-NAT-00041,مصيف جربة,"{""ownership_type"": ""institutional_confirmation_required"", ""ownership_entity"": ""institutional_confirmation_required"", ""legal_status"": ""institutional_confirmation_required"", ""license_status"": ""institutional_confirmation_required"", ""planning_status"": ""institutional_confirmation_required"", ""environmental_status"": ""institutional_confirmation_required"", ""investment_value"": ""institutional_confirmation_required"", ""estimated_cost"": ""institutional_confirmation_required"", ""currency"": ""institutional_confirmation_required"", ""site_area_m2"": ""institutional_confirmation_required"", ""site_area_hectares"": ""institutional_confirmation_required"", ""implementing_entity"": ""institutional_confirmation_required"", ""supervising_entity"": ""institutional_confirmation_required"", ""investor_name"": ""institutional_confirmation_required"", ""operator_name"": ""institutional_confirmation_required"", ""infrastructure_status"": ""institutional_confirmation_required"", ""completion_percentage"": ""institutional_confirmation_required""}",data/incoming/tourism-investment-projects.kml,institutional_confirmation_required,institutional_confirmation_required,institutional_confirmation_required,institutional_confirmation_required,institutional_confirmation_required,institutional_confirmation_required,true,"Missing is not interpreted as negative, unlicensed, private, or stalled."
LY-INV-REV-NAT-00042,مصيف جنزور-1,"{""ownership_type"": ""institutional_confirmation_required"", ""ownership_entity"": ""institutional_confirmation_required"", ""legal_status"": ""institutional_confirmation_required"", ""license_status"": ""institutional_confirmation_required"", ""planning_status"": ""institutional_confirmation_required"", ""environmental_status"": ""institutional_confirmation_required"", ""investment_value"": ""institutional_confirmation_required"", ""estimated_cost"": ""institutional_confirmation_required"", ""currency"": ""institutional_confirmation_required"", ""site_area_m2"": ""institutional_confirmation_required"", ""site_area_hectares"": ""institutional_confirmation_required"", ""implementing_entity"": ""institutional_confirmation_required"", ""supervising_entity"": ""institutional_confirmation_required"", ""investor_name"": ""institutional_confirmation_required"", ""operator_name"": ""institutional_confirmation_required"", ""infrastructure_status"": ""institutional_confirmation_required"", ""completion_percentage"": ""institutional_confirmation_required""}",data/incoming/tourism-investment-projects.kml,institutional_confirmation_required,institutional_confirmation_required,institutional_confirmation_required,institutional_confirmation_required,institutional_confirmation_required,institutional_confirmation_required,true,"Missing is not interpreted as negative, unlicensed, private, or stalled."
LY-INV-REV-NAT-00043,مصيف جنزور-2,"{""ownership_type"": ""institutional_confirmation_required"", ""ownership_entity"": ""institutional_confirmation_required"", ""legal_status"": ""institutional_confirmation_required"", ""license_status"": ""institutional_confirmation_required"", ""planning_status"": ""institutional_confirmation_required"", ""environmental_status"": ""institutional_confirmation_required"", ""investment_value"": ""institutional_confirmation_required"", ""estimated_cost"": ""institutional_confirmation_required"", ""currency"": ""institutional_confirmation_required"", ""site_area_m2"": ""institutional_confirmation_required"", ""site_area_hectares"": ""institutional_confirmation_required"", ""implementing_entity"": ""institutional_confirmation_required"", ""supervising_entity"": ""institutional_confirmation_required"", ""investor_name"": ""institutional_confirmation_required"", ""operator_name"": ""institutional_confirmation_required"", ""infrastructure_status"": ""institutional_confirmation_required"", ""completion_percentage"": ""institutional_confirmation_required""}",data/incoming/tourism-investment-projects.kml,institutional_confirmation_required,institutional_confirmation_required,institutional_confirmation_required,institutional_confirmation_required,institutional_confirmation_required,institutional_confirmation_required,true,"Missing is not interpreted as negative, unlicensed, private, or stalled."
LY-INV-REV-NAT-00044,الغيران,"{""ownership_type"": ""institutional_confirmation_required"", ""ownership_entity"": ""institutional_confirmation_required"", ""legal_status"": ""institutional_confirmation_required"", ""license_status"": ""institutional_confirmation_required"", ""planning_status"": ""institutional_confirmation_required"", ""environmental_status"": ""institutional_confirmation_required"", ""investment_value"": ""institutional_confirmation_required"", ""estimated_cost"": ""institutional_confirmation_required"", ""currency"": ""institutional_confirmation_required"", ""site_area_m2"": ""institutional_confirmation_required"", ""site_area_hectares"": ""institutional_confirmation_required"", ""implementing_entity"": ""institutional_confirmation_required"", ""supervising_entity"": ""institutional_confirmation_required"", ""investor_name"": ""institutional_confirmation_required"", ""operator_name"": ""institutional_confirmation_required"", ""infrastructure_status"": ""institutional_confirmation_required"", ""completion_percentage"": ""institutional_confirmation_required""}",data/incoming/tourism-investment-projects.kml,institutional_confirmation_required,institutional_confirmation_required,institutional_confirmation_required,institutional_confirmation_required,institutional_confirmation_required,institutional_confirmation_required,true,"Missing is not interpreted as negative, unlicensed, private, or stalled."
LY-INV-REV-NAT-00045,حي الأندلس-2,"{""ownership_type"": ""institutional_confirmation_required"", ""ownership_entity"": ""institutional_confirmation_required"", ""legal_status"": ""institutional_confirmation_required"", ""license_status"": ""institutional_confirmation_required"", ""planning_status"": ""institutional_confirmation_required"", ""environmental_status"": ""institutional_confirmation_required"", ""investment_value"": ""institutional_confirmation_required"", ""estimated_cost"": ""institutional_confirmation_required"", ""currency"": ""institutional_confirmation_required"", ""site_area_m2"": ""institutional_confirmation_required"", ""site_area_hectares"": ""institutional_confirmation_required"", ""implementing_entity"": ""institutional_confirmation_required"", ""supervising_entity"": ""institutional_confirmation_required"", ""investor_name"": ""institutional_confirmation_required"", ""operator_name"": ""institutional_confirmation_required"", ""infrastructure_status"": ""institutional_confirmation_required"", ""completion_percentage"": ""institutional_confirmation_required""}",data/incoming/tourism-investment-projects.kml,institutional_confirmation_required,institutional_confirmation_required,institutional_confirmation_required,institutional_confirmation_required,institutional_confirmation_required,institutional_confirmation_required,true,"Missing is not interpreted as negative, unlicensed, private, or stalled."
LY-INV-REV-NAT-00046,حي الأندلس-1,"{""ownership_type"": ""institutional_confirmation_required"", ""ownership_entity"": ""institutional_confirmation_required"", ""legal_status"": ""institutional_confirmation_required"", ""license_status"": ""institutional_confirmation_required"", ""planning_status"": ""institutional_confirmation_required"", ""environmental_status"": ""institutional_confirmation_required"", ""investment_value"": ""institutional_confirmation_required"", ""estimated_cost"": ""institutional_confirmation_required"", ""currency"": ""institutional_confirmation_required"", ""site_area_m2"": ""institutional_confirmation_required"", ""site_area_hectares"": ""institutional_confirmation_required"", ""implementing_entity"": ""institutional_confirmation_required"", ""supervising_entity"": ""institutional_confirmation_required"", ""investor_name"": ""institutional_confirmation_required"", ""operator_name"": ""institutional_confirmation_required"", ""infrastructure_status"": ""institutional_confirmation_required"", ""completion_percentage"": ""institutional_confirmation_required""}",data/incoming/tourism-investment-projects.kml,institutional_confirmation_required,institutional_confirmation_required,institutional_confirmation_required,institutional_confirmation_required,institutional_confirmation_required,institutional_confirmation_required,true,"Missing is not interpreted as negative, unlicensed, private, or stalled."
LY-INV-REV-NAT-00047,الدلفين,"{""ownership_type"": ""institutional_confirmation_required"", ""ownership_entity"": ""institutional_confirmation_required"", ""legal_status"": ""institutional_confirmation_required"", ""license_status"": ""institutional_confirmation_required"", ""planning_status"": ""institutional_confirmation_required"", ""environmental_status"": ""institutional_confirmation_required"", ""investment_value"": ""institutional_confirmation_required"", ""estimated_cost"": ""institutional_confirmation_required"", ""currency"": ""institutional_confirmation_required"", ""site_area_m2"": ""institutional_confirmation_required"", ""site_area_hectares"": ""institutional_confirmation_required"", ""implementing_entity"": ""institutional_confirmation_required"", ""supervising_entity"": ""institutional_confirmation_required"", ""investor_name"": ""institutional_confirmation_required"", ""operator_name"": ""institutional_confirmation_required"", ""infrastructure_status"": ""institutional_confirmation_required"", ""completion_percentage"": ""institutional_confirmation_required""}",data/incoming/tourism-investment-projects.kml,institutional_confirmation_required,institutional_confirmation_required,institutional_confirmation_required,institutional_confirmation_required,institutional_confirmation_required,institutional_confirmation_required,true,"Missing is not interpreted as negative, unlicensed, private, or stalled."
LY-INV-REV-NAT-00048,النادي البحري,"{""ownership_type"": ""institutional_confirmation_required"", ""ownership_entity"": ""institutional_confirmation_required"", ""legal_status"": ""institutional_confirmation_required"", ""license_status"": ""institutional_confirmation_required"", ""planning_status"": ""institutional_confirmation_required"", ""environmental_status"": ""institutional_confirmation_required"", ""investment_value"": ""institutional_confirmation_required"", ""estimated_cost"": ""institutional_confirmation_required"", ""currency"": ""institutional_confirmation_required"", ""site_area_m2"": ""institutional_confirmation_required"", ""site_area_hectares"": ""institutional_confirmation_required"", ""implementing_entity"": ""institutional_confirmation_required"", ""supervising_entity"": ""institutional_confirmation_required"", ""investor_name"": ""institutional_confirmation_required"", ""operator_name"": ""institutional_confirmation_required"", ""infrastructure_status"": ""institutional_confirmation_required"", ""completion_percentage"": ""institutional_confirmation_required""}",data/incoming/tourism-investment-projects.kml,institutional_confirmation_required,institutional_confirmation_required,institutional_confirmation_required,institutional_confirmation_required,institutional_confirmation_required,institutional_confirmation_required,true,"Missing is not interpreted as negative, unlicensed, private, or stalled."
LY-INV-REV-NAT-00049,شاطيء النخيل,"{""ownership_type"": ""institutional_confirmation_required"", ""ownership_entity"": ""institutional_confirmation_required"", ""legal_status"": ""institutional_confirmation_required"", ""license_status"": ""institutional_confirmation_required"", ""planning_status"": ""institutional_confirmation_required"", ""environmental_status"": ""institutional_confirmation_required"", ""investment_value"": ""institutional_confirmation_required"", ""estimated_cost"": ""institutional_confirmation_required"", ""currency"": ""institutional_confirmation_required"", ""site_area_m2"": ""institutional_confirmation_required"", ""site_area_hectares"": ""institutional_confirmation_required"", ""implementing_entity"": ""institutional_confirmation_required"", ""supervising_entity"": ""institutional_confirmation_required"", ""investor_name"": ""institutional_confirmation_required"", ""operator_name"": ""institutional_confirmation_required"", ""infrastructure_status"": ""institutional_confirmation_required"", ""completion_percentage"": ""institutional_confirmation_required""}",data/incoming/tourism-investment-projects.kml,institutional_confirmation_required,institutional_confirmation_required,institutional_confirmation_required,institutional_confirmation_required,institutional_confirmation_required,institutional_confirmation_required,true,"Missing is not interpreted as negative, unlicensed, private, or stalled."
LY-INV-REV-NAT-00050,الدخلة الشمالية,"{""ownership_type"": ""institutional_confirmation_required"", ""ownership_entity"": ""institutional_confirmation_required"", ""legal_status"": ""institutional_confirmation_required"", ""license_status"": ""institutional_confirmation_required"", ""planning_status"": ""institutional_confirmation_required"", ""environmental_status"": ""institutional_confirmation_required"", ""investment_value"": ""institutional_confirmation_required"", ""estimated_cost"": ""institutional_confirmation_required"", ""currency"": ""institutional_confirmation_required"", ""site_area_m2"": ""institutional_confirmation_required"", ""site_area_hectares"": ""institutional_confirmation_required"", ""implementing_entity"": ""institutional_confirmation_required"", ""supervising_entity"": ""institutional_confirmation_required"", ""investor_name"": ""institutional_confirmation_required"", ""operator_name"": ""institutional_confirmation_required"", ""infrastructure_status"": ""institutional_confirmation_required"", ""completion_percentage"": ""institutional_confirmation_required""}",data/incoming/tourism-investment-projects.kml,institutional_confirmation_required,institutional_confirmation_required,institutional_confirmation_required,institutional_confirmation_required,institutional_confirmation_required,institutional_confirmation_required,true,"Missing is not interpreted as negative, unlicensed, private, or stalled."
LY-INV-REV-NAT-00051,الدخلة الجنوبية,"{""ownership_type"": ""institutional_confirmation_required"", ""ownership_entity"": ""institutional_confirmation_required"", ""legal_status"": ""institutional_confirmation_required"", ""license_status"": ""institutional_confirmation_required"", ""planning_status"": ""institutional_confirmation_required"", ""environmental_status"": ""institutional_confirmation_required"", ""investment_value"": ""institutional_confirmation_required"", ""estimated_cost"": ""institutional_confirmation_required"", ""currency"": ""institutional_confirmation_required"", ""site_area_m2"": ""institutional_confirmation_required"", ""site_area_hectares"": ""institutional_confirmation_required"", ""implementing_entity"": ""institutional_confirmation_required"", ""supervising_entity"": ""institutional_confirmation_required"", ""investor_name"": ""institutional_confirmation_required"", ""operator_name"": ""institutional_confirmation_required"", ""infrastructure_status"": ""institutional_confirmation_required"", ""completion_percentage"": ""institutional_confirmation_required""}",data/incoming/tourism-investment-projects.kml,institutional_confirmation_required,institutional_confirmation_required,institutional_confirmation_required,institutional_confirmation_required,institutional_confirmation_required,institutional_confirmation_required,true,"Missing is not interpreted as negative, unlicensed, private, or stalled."
LY-INV-REV-NAT-00052,الفوار,"{""ownership_type"": ""institutional_confirmation_required"", ""ownership_entity"": ""institutional_confirmation_required"", ""legal_status"": ""institutional_confirmation_required"", ""license_status"": ""institutional_confirmation_required"", ""planning_status"": ""institutional_confirmation_required"", ""environmental_status"": ""institutional_confirmation_required"", ""investment_value"": ""institutional_confirmation_required"", ""estimated_cost"": ""institutional_confirmation_required"", ""currency"": ""institutional_confirmation_required"", ""site_area_m2"": ""institutional_confirmation_required"", ""site_area_hectares"": ""institutional_confirmation_required"", ""implementing_entity"": ""institutional_confirmation_required"", ""supervising_entity"": ""institutional_confirmation_required"", ""investor_name"": ""institutional_confirmation_required"", ""operator_name"": ""institutional_confirmation_required"", ""infrastructure_status"": ""institutional_confirmation_required"", ""completion_percentage"": ""institutional_confirmation_required""}",data/incoming/tourism-investment-projects.kml,institutional_confirmation_required,institutional_confirmation_required,institutional_confirmation_required,institutional_confirmation_required,institutional_confirmation_required,institutional_confirmation_required,true,"Missing is not interpreted as negative, unlicensed, private, or stalled."
LY-INV-REV-NAT-00053,الجولف,"{""ownership_type"": ""institutional_confirmation_required"", ""ownership_entity"": ""institutional_confirmation_required"", ""legal_status"": ""institutional_confirmation_required"", ""license_status"": ""institutional_confirmation_required"", ""planning_status"": ""institutional_confirmation_required"", ""environmental_status"": ""institutional_confirmation_required"", ""investment_value"": ""institutional_confirmation_required"", ""estimated_cost"": ""institutional_confirmation_required"", ""currency"": ""institutional_confirmation_required"", ""site_area_m2"": ""institutional_confirmation_required"", ""site_area_hectares"": ""institutional_confirmation_required"", ""implementing_entity"": ""institutional_confirmation_required"", ""supervising_entity"": ""institutional_confirmation_required"", ""investor_name"": ""institutional_confirmation_required"", ""operator_name"": ""institutional_confirmation_required"", ""infrastructure_status"": ""institutional_confirmation_required"", ""completion_percentage"": ""institutional_confirmation_required""}",data/incoming/tourism-investment-projects.kml,institutional_confirmation_required,institutional_confirmation_required,institutional_confirmation_required,institutional_confirmation_required,institutional_confirmation_required,institutional_confirmation_required,true,"Missing is not interpreted as negative, unlicensed, private, or stalled."
LY-INV-REV-NAT-00054,الحرية,"{""ownership_type"": ""institutional_confirmation_required"", ""ownership_entity"": ""institutional_confirmation_required"", ""legal_status"": ""institutional_confirmation_required"", ""license_status"": ""institutional_confirmation_required"", ""planning_status"": ""institutional_confirmation_required"", ""environmental_status"": ""institutional_confirmation_required"", ""investment_value"": ""institutional_confirmation_required"", ""estimated_cost"": ""institutional_confirmation_required"", ""currency"": ""institutional_confirmation_required"", ""site_area_m2"": ""institutional_confirmation_required"", ""site_area_hectares"": ""institutional_confirmation_required"", ""implementing_entity"": ""institutional_confirmation_required"", ""supervising_entity"": ""institutional_confirmation_required"", ""investor_name"": ""institutional_confirmation_required"", ""operator_name"": ""institutional_confirmation_required"", ""infrastructure_status"": ""institutional_confirmation_required"", ""completion_percentage"": ""institutional_confirmation_required""}",data/incoming/tourism-investment-projects.kml,institutional_confirmation_required,institutional_confirmation_required,institutional_confirmation_required,institutional_confirmation_required,institutional_confirmation_required,institutional_confirmation_required,true,"Missing is not interpreted as negative, unlicensed, private, or stalled."
LY-INV-REV-NAT-00055,المنارة,"{""ownership_type"": ""institutional_confirmation_required"", ""ownership_entity"": ""institutional_confirmation_required"", ""legal_status"": ""institutional_confirmation_required"", ""license_status"": ""institutional_confirmation_required"", ""planning_status"": ""institutional_confirmation_required"", ""environmental_status"": ""institutional_confirmation_required"", ""investment_value"": ""institutional_confirmation_required"", ""estimated_cost"": ""institutional_confirmation_required"", ""currency"": ""institutional_confirmation_required"", ""site_area_m2"": ""institutional_confirmation_required"", ""site_area_hectares"": ""institutional_confirmation_required"", ""implementing_entity"": ""institutional_confirmation_required"", ""supervising_entity"": ""institutional_confirmation_required"", ""investor_name"": ""institutional_confirmation_required"", ""operator_name"": ""institutional_confirmation_required"", ""infrastructure_status"": ""institutional_confirmation_required"", ""completion_percentage"": ""institutional_confirmation_required""}",data/incoming/tourism-investment-projects.kml,institutional_confirmation_required,institutional_confirmation_required,institutional_confirmation_required,institutional_confirmation_required,institutional_confirmation_required,institutional_confirmation_required,true,"Missing is not interpreted as negative, unlicensed, private, or stalled."
LY-INV-REV-NAT-00056,الحميدية,"{""ownership_type"": ""institutional_confirmation_required"", ""ownership_entity"": ""institutional_confirmation_required"", ""legal_status"": ""institutional_confirmation_required"", ""license_status"": ""institutional_confirmation_required"", ""planning_status"": ""institutional_confirmation_required"", ""environmental_status"": ""institutional_confirmation_required"", ""investment_value"": ""institutional_confirmation_required"", ""estimated_cost"": ""institutional_confirmation_required"", ""currency"": ""institutional_confirmation_required"", ""site_area_m2"": ""institutional_confirmation_required"", ""site_area_hectares"": ""institutional_confirmation_required"", ""implementing_entity"": ""institutional_confirmation_required"", ""supervising_entity"": ""institutional_confirmation_required"", ""investor_name"": ""institutional_confirmation_required"", ""operator_name"": ""institutional_confirmation_required"", ""infrastructure_status"": ""institutional_confirmation_required"", ""completion_percentage"": ""institutional_confirmation_required""}",data/incoming/tourism-investment-projects.kml,institutional_confirmation_required,institutional_confirmation_required,institutional_confirmation_required,institutional_confirmation_required,institutional_confirmation_required,institutional_confirmation_required,true,"Missing is not interpreted as negative, unlicensed, private, or stalled."
LY-INV-REV-NAT-00057,مصيف تاجوراء,"{""ownership_type"": ""institutional_confirmation_required"", ""ownership_entity"": ""institutional_confirmation_required"", ""legal_status"": ""institutional_confirmation_required"", ""license_status"": ""institutional_confirmation_required"", ""planning_status"": ""institutional_confirmation_required"", ""environmental_status"": ""institutional_confirmation_required"", ""investment_value"": ""institutional_confirmation_required"", ""estimated_cost"": ""institutional_confirmation_required"", ""currency"": ""institutional_confirmation_required"", ""site_area_m2"": ""institutional_confirmation_required"", ""site_area_hectares"": ""institutional_confirmation_required"", ""implementing_entity"": ""institutional_confirmation_required"", ""supervising_entity"": ""institutional_confirmation_required"", ""investor_name"": ""institutional_confirmation_required"", ""operator_name"": ""institutional_confirmation_required"", ""infrastructure_status"": ""institutional_confirmation_required"", ""completion_percentage"": ""institutional_confirmation_required""}",data/incoming/tourism-investment-projects.kml,institutional_confirmation_required,institutional_confirmation_required,institutional_confirmation_required,institutional_confirmation_required,institutional_confirmation_required,institutional_confirmation_required,true,"Missing is not interpreted as negative, unlicensed, private, or stalled."
LY-INV-REV-NAT-00058,النصر,"{""ownership_type"": ""institutional_confirmation_required"", ""ownership_entity"": ""institutional_confirmation_required"", ""legal_status"": ""institutional_confirmation_required"", ""license_status"": ""institutional_confirmation_required"", ""planning_status"": ""institutional_confirmation_required"", ""environmental_status"": ""institutional_confirmation_required"", ""investment_value"": ""institutional_confirmation_required"", ""estimated_cost"": ""institutional_confirmation_required"", ""currency"": ""institutional_confirmation_required"", ""site_area_m2"": ""institutional_confirmation_required"", ""site_area_hectares"": ""institutional_confirmation_required"", ""implementing_entity"": ""institutional_confirmation_required"", ""supervising_entity"": ""institutional_confirmation_required"", ""investor_name"": ""institutional_confirmation_required"", ""operator_name"": ""institutional_confirmation_required"", ""infrastructure_status"": ""institutional_confirmation_required"", ""completion_percentage"": ""institutional_confirmation_required""}",data/incoming/tourism-investment-projects.kml,institutional_confirmation_required,institutional_confirmation_required,institutional_confirmation_required,institutional_confirmation_required,institutional_confirmation_required,institutional_confirmation_required,true,"Missing is not interpreted as negative, unlicensed, private, or stalled."
LY-INV-REV-NAT-00059,الأندلسي,"{""ownership_type"": ""institutional_confirmation_required"", ""ownership_entity"": ""institutional_confirmation_required"", ""legal_status"": ""institutional_confirmation_required"", ""license_status"": ""institutional_confirmation_required"", ""planning_status"": ""institutional_confirmation_required"", ""environmental_status"": ""institutional_confirmation_required"", ""investment_value"": ""institutional_confirmation_required"", ""estimated_cost"": ""institutional_confirmation_required"", ""currency"": ""institutional_confirmation_required"", ""site_area_m2"": ""institutional_confirmation_required"", ""site_area_hectares"": ""institutional_confirmation_required"", ""implementing_entity"": ""institutional_confirmation_required"", ""supervising_entity"": ""institutional_confirmation_required"", ""investor_name"": ""institutional_confirmation_required"", ""operator_name"": ""institutional_confirmation_required"", ""infrastructure_status"": ""institutional_confirmation_required"", ""completion_percentage"": ""institutional_confirmation_required""}",data/incoming/tourism-investment-projects.kml,institutional_confirmation_required,institutional_confirmation_required,institutional_confirmation_required,institutional_confirmation_required,institutional_confirmation_required,institutional_confirmation_required,true,"Missing is not interpreted as negative, unlicensed, private, or stalled."
LY-INV-REV-NAT-00060,النشيع,"{""ownership_type"": ""institutional_confirmation_required"", ""ownership_entity"": ""institutional_confirmation_required"", ""legal_status"": ""institutional_confirmation_required"", ""license_status"": ""institutional_confirmation_required"", ""planning_status"": ""institutional_confirmation_required"", ""environmental_status"": ""institutional_confirmation_required"", ""investment_value"": ""institutional_confirmation_required"", ""estimated_cost"": ""institutional_confirmation_required"", ""currency"": ""institutional_confirmation_required"", ""site_area_m2"": ""institutional_confirmation_required"", ""site_area_hectares"": ""institutional_confirmation_required"", ""implementing_entity"": ""institutional_confirmation_required"", ""supervising_entity"": ""institutional_confirmation_required"", ""investor_name"": ""institutional_confirmation_required"", ""operator_name"": ""institutional_confirmation_required"", ""infrastructure_status"": ""institutional_confirmation_required"", ""completion_percentage"": ""institutional_confirmation_required""}",data/incoming/tourism-investment-projects.kml,institutional_confirmation_required,institutional_confirmation_required,institutional_confirmation_required,institutional_confirmation_required,institutional_confirmation_required,institutional_confirmation_required,true,"Missing is not interpreted as negative, unlicensed, private, or stalled."
LY-INV-REV-NAT-00061,غوط الرمان,"{""ownership_type"": ""institutional_confirmation_required"", ""ownership_entity"": ""institutional_confirmation_required"", ""legal_status"": ""institutional_confirmation_required"", ""license_status"": ""institutional_confirmation_required"", ""planning_status"": ""institutional_confirmation_required"", ""environmental_status"": ""institutional_confirmation_required"", ""investment_value"": ""institutional_confirmation_required"", ""estimated_cost"": ""institutional_confirmation_required"", ""currency"": ""institutional_confirmation_required"", ""site_area_m2"": ""institutional_confirmation_required"", ""site_area_hectares"": ""institutional_confirmation_required"", ""implementing_entity"": ""institutional_confirmation_required"", ""supervising_entity"": ""institutional_confirmation_required"", ""investor_name"": ""institutional_confirmation_required"", ""operator_name"": ""institutional_confirmation_required"", ""infrastructure_status"": ""institutional_confirmation_required"", ""completion_percentage"": ""institutional_confirmation_required""}",data/incoming/tourism-investment-projects.kml,institutional_confirmation_required,institutional_confirmation_required,institutional_confirmation_required,institutional_confirmation_required,institutional_confirmation_required,institutional_confirmation_required,true,"Missing is not interpreted as negative, unlicensed, private, or stalled."
LY-INV-REV-NAT-00062,السليسلة,"{""ownership_type"": ""institutional_confirmation_required"", ""ownership_entity"": ""institutional_confirmation_required"", ""legal_status"": ""institutional_confirmation_required"", ""license_status"": ""institutional_confirmation_required"", ""planning_status"": ""institutional_confirmation_required"", ""environmental_status"": ""institutional_confirmation_required"", ""investment_value"": ""institutional_confirmation_required"", ""estimated_cost"": ""institutional_confirmation_required"", ""currency"": ""institutional_confirmation_required"", ""site_area_m2"": ""institutional_confirmation_required"", ""site_area_hectares"": ""institutional_confirmation_required"", ""implementing_entity"": ""institutional_confirmation_required"", ""supervising_entity"": ""institutional_confirmation_required"", ""investor_name"": ""institutional_confirmation_required"", ""operator_name"": ""institutional_confirmation_required"", ""infrastructure_status"": ""institutional_confirmation_required"", ""completion_percentage"": ""institutional_confirmation_required""}",data/incoming/tourism-investment-projects.kml,institutional_confirmation_required,institutional_confirmation_required,institutional_confirmation_required,institutional_confirmation_required,institutional_confirmation_required,institutional_confirmation_required,true,"Missing is not interpreted as negative, unlicensed, private, or stalled."
LY-INV-REV-NAT-00063,العطايا,"{""ownership_type"": ""institutional_confirmation_required"", ""ownership_entity"": ""institutional_confirmation_required"", ""legal_status"": ""institutional_confirmation_required"", ""license_status"": ""institutional_confirmation_required"", ""planning_status"": ""institutional_confirmation_required"", ""environmental_status"": ""institutional_confirmation_required"", ""investment_value"": ""institutional_confirmation_required"", ""estimated_cost"": ""institutional_confirmation_required"", ""currency"": ""institutional_confirmation_required"", ""site_area_m2"": ""institutional_confirmation_required"", ""site_area_hectares"": ""institutional_confirmation_required"", ""implementing_entity"": ""institutional_confirmation_required"", ""supervising_entity"": ""institutional_confirmation_required"", ""investor_name"": ""institutional_confirmation_required"", ""operator_name"": ""institutional_confirmation_required"", ""infrastructure_status"": ""institutional_confirmation_required"", ""completion_percentage"": ""institutional_confirmation_required""}",data/incoming/tourism-investment-projects.kml,institutional_confirmation_required,institutional_confirmation_required,institutional_confirmation_required,institutional_confirmation_required,institutional_confirmation_required,institutional_confirmation_required,true,"Missing is not interpreted as negative, unlicensed, private, or stalled."
LY-INV-REV-NAT-00064,الكراوة-3,"{""ownership_type"": ""institutional_confirmation_required"", ""ownership_entity"": ""institutional_confirmation_required"", ""legal_status"": ""institutional_confirmation_required"", ""license_status"": ""institutional_confirmation_required"", ""planning_status"": ""institutional_confirmation_required"", ""environmental_status"": ""institutional_confirmation_required"", ""investment_value"": ""institutional_confirmation_required"", ""estimated_cost"": ""institutional_confirmation_required"", ""currency"": ""institutional_confirmation_required"", ""site_area_m2"": ""institutional_confirmation_required"", ""site_area_hectares"": ""institutional_confirmation_required"", ""implementing_entity"": ""institutional_confirmation_required"", ""supervising_entity"": ""institutional_confirmation_required"", ""investor_name"": ""institutional_confirmation_required"", ""operator_name"": ""institutional_confirmation_required"", ""infrastructure_status"": ""institutional_confirmation_required"", ""completion_percentage"": ""institutional_confirmation_required""}",data/incoming/tourism-investment-projects.kml,institutional_confirmation_required,institutional_confirmation_required,institutional_confirmation_required,institutional_confirmation_required,institutional_confirmation_required,institutional_confirmation_required,true,"Missing is not interpreted as negative, unlicensed, private, or stalled."
LY-INV-REV-NAT-00065,الكراوة-1,"{""ownership_type"": ""institutional_confirmation_required"", ""ownership_entity"": ""institutional_confirmation_required"", ""legal_status"": ""institutional_confirmation_required"", ""license_status"": ""institutional_confirmation_required"", ""planning_status"": ""institutional_confirmation_required"", ""environmental_status"": ""institutional_confirmation_required"", ""investment_value"": ""institutional_confirmation_required"", ""estimated_cost"": ""institutional_confirmation_required"", ""currency"": ""institutional_confirmation_required"", ""site_area_m2"": ""institutional_confirmation_required"", ""site_area_hectares"": ""institutional_confirmation_required"", ""implementing_entity"": ""institutional_confirmation_required"", ""supervising_entity"": ""institutional_confirmation_required"", ""investor_name"": ""institutional_confirmation_required"", ""operator_name"": ""institutional_confirmation_required"", ""infrastructure_status"": ""institutional_confirmation_required"", ""completion_percentage"": ""institutional_confirmation_required""}",data/incoming/tourism-investment-projects.kml,institutional_confirmation_required,institutional_confirmation_required,institutional_confirmation_required,institutional_confirmation_required,institutional_confirmation_required,institutional_confirmation_required,true,"Missing is not interpreted as negative, unlicensed, private, or stalled."
LY-INV-REV-NAT-00066,الكراوة-2,"{""ownership_type"": ""institutional_confirmation_required"", ""ownership_entity"": ""institutional_confirmation_required"", ""legal_status"": ""institutional_confirmation_required"", ""license_status"": ""institutional_confirmation_required"", ""planning_status"": ""institutional_confirmation_required"", ""environmental_status"": ""institutional_confirmation_required"", ""investment_value"": ""institutional_confirmation_required"", ""estimated_cost"": ""institutional_confirmation_required"", ""currency"": ""institutional_confirmation_required"", ""site_area_m2"": ""institutional_confirmation_required"", ""site_area_hectares"": ""institutional_confirmation_required"", ""implementing_entity"": ""institutional_confirmation_required"", ""supervising_entity"": ""institutional_confirmation_required"", ""investor_name"": ""institutional_confirmation_required"", ""operator_name"": ""institutional_confirmation_required"", ""infrastructure_status"": ""institutional_confirmation_required"", ""completion_percentage"": ""institutional_confirmation_required""}",data/incoming/tourism-investment-projects.kml,institutional_confirmation_required,institutional_confirmation_required,institutional_confirmation_required,institutional_confirmation_required,institutional_confirmation_required,institutional_confirmation_required,true,"Missing is not interpreted as negative, unlicensed, private, or stalled."
LY-INV-REV-NAT-00067,سيدي عمير-1,"{""ownership_type"": ""institutional_confirmation_required"", ""ownership_entity"": ""institutional_confirmation_required"", ""legal_status"": ""institutional_confirmation_required"", ""license_status"": ""institutional_confirmation_required"", ""planning_status"": ""institutional_confirmation_required"", ""environmental_status"": ""institutional_confirmation_required"", ""investment_value"": ""institutional_confirmation_required"", ""estimated_cost"": ""institutional_confirmation_required"", ""currency"": ""institutional_confirmation_required"", ""site_area_m2"": ""institutional_confirmation_required"", ""site_area_hectares"": ""institutional_confirmation_required"", ""implementing_entity"": ""institutional_confirmation_required"", ""supervising_entity"": ""institutional_confirmation_required"", ""investor_name"": ""institutional_confirmation_required"", ""operator_name"": ""institutional_confirmation_required"", ""infrastructure_status"": ""institutional_confirmation_required"", ""completion_percentage"": ""institutional_confirmation_required""}",data/incoming/tourism-investment-projects.kml,institutional_confirmation_required,institutional_confirmation_required,institutional_confirmation_required,institutional_confirmation_required,institutional_confirmation_required,institutional_confirmation_required,true,"Missing is not interpreted as negative, unlicensed, private, or stalled."
LY-INV-REV-NAT-00068,سيدي عمير-2,"{""ownership_type"": ""institutional_confirmation_required"", ""ownership_entity"": ""institutional_confirmation_required"", ""legal_status"": ""institutional_confirmation_required"", ""license_status"": ""institutional_confirmation_required"", ""planning_status"": ""institutional_confirmation_required"", ""environmental_status"": ""institutional_confirmation_required"", ""investment_value"": ""institutional_confirmation_required"", ""estimated_cost"": ""institutional_confirmation_required"", ""currency"": ""institutional_confirmation_required"", ""site_area_m2"": ""institutional_confirmation_required"", ""site_area_hectares"": ""institutional_confirmation_required"", ""implementing_entity"": ""institutional_confirmation_required"", ""supervising_entity"": ""institutional_confirmation_required"", ""investor_name"": ""institutional_confirmation_required"", ""operator_name"": ""institutional_confirmation_required"", ""infrastructure_status"": ""institutional_confirmation_required"", ""completion_percentage"": ""institutional_confirmation_required""}",data/incoming/tourism-investment-projects.kml,institutional_confirmation_required,institutional_confirmation_required,institutional_confirmation_required,institutional_confirmation_required,institutional_confirmation_required,institutional_confirmation_required,true,"Missing is not interpreted as negative, unlicensed, private, or stalled."
LY-INV-REV-NAT-00069,المثلث الرملي,"{""ownership_type"": ""institutional_confirmation_required"", ""ownership_entity"": ""institutional_confirmation_required"", ""legal_status"": ""institutional_confirmation_required"", ""license_status"": ""institutional_confirmation_required"", ""planning_status"": ""institutional_confirmation_required"", ""environmental_status"": ""institutional_confirmation_required"", ""investment_value"": ""institutional_confirmation_required"", ""estimated_cost"": ""institutional_confirmation_required"", ""currency"": ""institutional_confirmation_required"", ""site_area_m2"": ""institutional_confirmation_required"", ""site_area_hectares"": ""institutional_confirmation_required"", ""implementing_entity"": ""institutional_confirmation_required"", ""supervising_entity"": ""institutional_confirmation_required"", ""investor_name"": ""institutional_confirmation_required"", ""operator_name"": ""institutional_confirmation_required"", ""infrastructure_status"": ""institutional_confirmation_required"", ""completion_percentage"": ""institutional_confirmation_required""}",data/incoming/tourism-investment-projects.kml,institutional_confirmation_required,institutional_confirmation_required,institutional_confirmation_required,institutional_confirmation_required,institutional_confirmation_required,institutional_confirmation_required,true,"Missing is not interpreted as negative, unlicensed, private, or stalled."
LY-INV-REV-NAT-00070,الشعاب,"{""ownership_type"": ""institutional_confirmation_required"", ""ownership_entity"": ""institutional_confirmation_required"", ""legal_status"": ""institutional_confirmation_required"", ""license_status"": ""institutional_confirmation_required"", ""planning_status"": ""institutional_confirmation_required"", ""environmental_status"": ""institutional_confirmation_required"", ""investment_value"": ""institutional_confirmation_required"", ""estimated_cost"": ""institutional_confirmation_required"", ""currency"": ""institutional_confirmation_required"", ""site_area_m2"": ""institutional_confirmation_required"", ""site_area_hectares"": ""institutional_confirmation_required"", ""implementing_entity"": ""institutional_confirmation_required"", ""supervising_entity"": ""institutional_confirmation_required"", ""investor_name"": ""institutional_confirmation_required"", ""operator_name"": ""institutional_confirmation_required"", ""infrastructure_status"": ""institutional_confirmation_required"", ""completion_percentage"": ""institutional_confirmation_required""}",data/incoming/tourism-investment-projects.kml,institutional_confirmation_required,institutional_confirmation_required,institutional_confirmation_required,institutional_confirmation_required,institutional_confirmation_required,institutional_confirmation_required,true,"Missing is not interpreted as negative, unlicensed, private, or stalled."
LY-INV-REV-NAT-00071,أبيار السبابيل,"{""ownership_type"": ""institutional_confirmation_required"", ""ownership_entity"": ""institutional_confirmation_required"", ""legal_status"": ""institutional_confirmation_required"", ""license_status"": ""institutional_confirmation_required"", ""planning_status"": ""institutional_confirmation_required"", ""environmental_status"": ""institutional_confirmation_required"", ""investment_value"": ""institutional_confirmation_required"", ""estimated_cost"": ""institutional_confirmation_required"", ""currency"": ""institutional_confirmation_required"", ""site_area_m2"": ""institutional_confirmation_required"", ""site_area_hectares"": ""institutional_confirmation_required"", ""implementing_entity"": ""institutional_confirmation_required"", ""supervising_entity"": ""institutional_confirmation_required"", ""investor_name"": ""institutional_confirmation_required"", ""operator_name"": ""institutional_confirmation_required"", ""infrastructure_status"": ""institutional_confirmation_required"", ""completion_percentage"": ""institutional_confirmation_required""}",data/incoming/tourism-investment-projects.kml,institutional_confirmation_required,institutional_confirmation_required,institutional_confirmation_required,institutional_confirmation_required,institutional_confirmation_required,institutional_confirmation_required,true,"Missing is not interpreted as negative, unlicensed, private, or stalled."
LY-INV-REV-NAT-00072,ملليتة 3,"{""ownership_type"": ""institutional_confirmation_required"", ""ownership_entity"": ""institutional_confirmation_required"", ""legal_status"": ""institutional_confirmation_required"", ""license_status"": ""institutional_confirmation_required"", ""planning_status"": ""institutional_confirmation_required"", ""environmental_status"": ""institutional_confirmation_required"", ""investment_value"": ""institutional_confirmation_required"", ""estimated_cost"": ""institutional_confirmation_required"", ""currency"": ""institutional_confirmation_required"", ""site_area_m2"": ""institutional_confirmation_required"", ""site_area_hectares"": ""institutional_confirmation_required"", ""implementing_entity"": ""institutional_confirmation_required"", ""supervising_entity"": ""institutional_confirmation_required"", ""investor_name"": ""institutional_confirmation_required"", ""operator_name"": ""institutional_confirmation_required"", ""infrastructure_status"": ""institutional_confirmation_required"", ""completion_percentage"": ""institutional_confirmation_required""}",data/incoming/tourism-investment-projects.kml,institutional_confirmation_required,institutional_confirmation_required,institutional_confirmation_required,institutional_confirmation_required,institutional_confirmation_required,institutional_confirmation_required,true,"Missing is not interpreted as negative, unlicensed, private, or stalled."
LY-INV-REV-NAT-00073,البريقاء,"{""ownership_type"": ""institutional_confirmation_required"", ""ownership_entity"": ""institutional_confirmation_required"", ""legal_status"": ""institutional_confirmation_required"", ""license_status"": ""institutional_confirmation_required"", ""planning_status"": ""institutional_confirmation_required"", ""environmental_status"": ""institutional_confirmation_required"", ""investment_value"": ""institutional_confirmation_required"", ""estimated_cost"": ""institutional_confirmation_required"", ""currency"": ""institutional_confirmation_required"", ""site_area_m2"": ""institutional_confirmation_required"", ""site_area_hectares"": ""institutional_confirmation_required"", ""implementing_entity"": ""institutional_confirmation_required"", ""supervising_entity"": ""institutional_confirmation_required"", ""investor_name"": ""institutional_confirmation_required"", ""operator_name"": ""institutional_confirmation_required"", ""infrastructure_status"": ""institutional_confirmation_required"", ""completion_percentage"": ""institutional_confirmation_required""}",data/incoming/tourism-investment-projects.kml,institutional_confirmation_required,institutional_confirmation_required,institutional_confirmation_required,institutional_confirmation_required,institutional_confirmation_required,institutional_confirmation_required,true,"Missing is not interpreted as negative, unlicensed, private, or stalled."
LY-INV-REV-NAT-00074,أبوكشفة,"{""ownership_type"": ""institutional_confirmation_required"", ""ownership_entity"": ""institutional_confirmation_required"", ""legal_status"": ""institutional_confirmation_required"", ""license_status"": ""institutional_confirmation_required"", ""planning_status"": ""institutional_confirmation_required"", ""environmental_status"": ""institutional_confirmation_required"", ""investment_value"": ""institutional_confirmation_required"", ""estimated_cost"": ""institutional_confirmation_required"", ""currency"": ""institutional_confirmation_required"", ""site_area_m2"": ""institutional_confirmation_required"", ""site_area_hectares"": ""institutional_confirmation_required"", ""implementing_entity"": ""institutional_confirmation_required"", ""supervising_entity"": ""institutional_confirmation_required"", ""investor_name"": ""institutional_confirmation_required"", ""operator_name"": ""institutional_confirmation_required"", ""infrastructure_status"": ""institutional_confirmation_required"", ""completion_percentage"": ""institutional_confirmation_required""}",data/incoming/tourism-investment-projects.kml,institutional_confirmation_required,institutional_confirmation_required,institutional_confirmation_required,institutional_confirmation_required,institutional_confirmation_required,institutional_confirmation_required,true,"Missing is not interpreted as negative, unlicensed, private, or stalled."
LY-INV-REV-NAT-00075,مصيف بياض,"{""ownership_type"": ""institutional_confirmation_required"", ""ownership_entity"": ""institutional_confirmation_required"", ""legal_status"": ""institutional_confirmation_required"", ""license_status"": ""institutional_confirmation_required"", ""planning_status"": ""institutional_confirmation_required"", ""environmental_status"": ""institutional_confirmation_required"", ""investment_value"": ""institutional_confirmation_required"", ""estimated_cost"": ""institutional_confirmation_required"", ""currency"": ""institutional_confirmation_required"", ""site_area_m2"": ""institutional_confirmation_required"", ""site_area_hectares"": ""institutional_confirmation_required"", ""implementing_entity"": ""institutional_confirmation_required"", ""supervising_entity"": ""institutional_confirmation_required"", ""investor_name"": ""institutional_confirmation_required"", ""operator_name"": ""institutional_confirmation_required"", ""infrastructure_status"": ""institutional_confirmation_required"", ""completion_percentage"": ""institutional_confirmation_required""}",data/incoming/tourism-investment-projects.kml,institutional_confirmation_required,institutional_confirmation_required,institutional_confirmation_required,institutional_confirmation_required,institutional_confirmation_required,institutional_confirmation_required,true,"Missing is not interpreted as negative, unlicensed, private, or stalled."
LY-INV-REV-NAT-00076,البردي-1,"{""ownership_type"": ""institutional_confirmation_required"", ""ownership_entity"": ""institutional_confirmation_required"", ""legal_status"": ""institutional_confirmation_required"", ""license_status"": ""institutional_confirmation_required"", ""planning_status"": ""institutional_confirmation_required"", ""environmental_status"": ""institutional_confirmation_required"", ""investment_value"": ""institutional_confirmation_required"", ""estimated_cost"": ""institutional_confirmation_required"", ""currency"": ""institutional_confirmation_required"", ""site_area_m2"": ""institutional_confirmation_required"", ""site_area_hectares"": ""institutional_confirmation_required"", ""implementing_entity"": ""institutional_confirmation_required"", ""supervising_entity"": ""institutional_confirmation_required"", ""investor_name"": ""institutional_confirmation_required"", ""operator_name"": ""institutional_confirmation_required"", ""infrastructure_status"": ""institutional_confirmation_required"", ""completion_percentage"": ""institutional_confirmation_required""}",data/incoming/tourism-investment-projects.kml,institutional_confirmation_required,institutional_confirmation_required,institutional_confirmation_required,institutional_confirmation_required,institutional_confirmation_required,institutional_confirmation_required,true,"Missing is not interpreted as negative, unlicensed, private, or stalled."
LY-INV-REV-NAT-00077,العزلية,"{""ownership_type"": ""institutional_confirmation_required"", ""ownership_entity"": ""institutional_confirmation_required"", ""legal_status"": ""institutional_confirmation_required"", ""license_status"": ""institutional_confirmation_required"", ""planning_status"": ""institutional_confirmation_required"", ""environmental_status"": ""institutional_confirmation_required"", ""investment_value"": ""institutional_confirmation_required"", ""estimated_cost"": ""institutional_confirmation_required"", ""currency"": ""institutional_confirmation_required"", ""site_area_m2"": ""institutional_confirmation_required"", ""site_area_hectares"": ""institutional_confirmation_required"", ""implementing_entity"": ""institutional_confirmation_required"", ""supervising_entity"": ""institutional_confirmation_required"", ""investor_name"": ""institutional_confirmation_required"", ""operator_name"": ""institutional_confirmation_required"", ""infrastructure_status"": ""institutional_confirmation_required"", ""completion_percentage"": ""institutional_confirmation_required""}",data/incoming/tourism-investment-projects.kml,institutional_confirmation_required,institutional_confirmation_required,institutional_confirmation_required,institutional_confirmation_required,institutional_confirmation_required,institutional_confirmation_required,true,"Missing is not interpreted as negative, unlicensed, private, or stalled."
LY-INV-REV-NAT-00078,دليس,"{""ownership_type"": ""institutional_confirmation_required"", ""ownership_entity"": ""institutional_confirmation_required"", ""legal_status"": ""institutional_confirmation_required"", ""license_status"": ""institutional_confirmation_required"", ""planning_status"": ""institutional_confirmation_required"", ""environmental_status"": ""institutional_confirmation_required"", ""investment_value"": ""institutional_confirmation_required"", ""estimated_cost"": ""institutional_confirmation_required"", ""currency"": ""institutional_confirmation_required"", ""site_area_m2"": ""institutional_confirmation_required"", ""site_area_hectares"": ""institutional_confirmation_required"", ""implementing_entity"": ""institutional_confirmation_required"", ""supervising_entity"": ""institutional_confirmation_required"", ""investor_name"": ""institutional_confirmation_required"", ""operator_name"": ""institutional_confirmation_required"", ""infrastructure_status"": ""institutional_confirmation_required"", ""completion_percentage"": ""institutional_confirmation_required""}",data/incoming/tourism-investment-projects.kml,institutional_confirmation_required,institutional_confirmation_required,institutional_confirmation_required,institutional_confirmation_required,institutional_confirmation_required,institutional_confirmation_required,true,"Missing is not interpreted as negative, unlicensed, private, or stalled."
LY-INV-REV-NAT-00079,راس التين,"{""ownership_type"": ""institutional_confirmation_required"", ""ownership_entity"": ""institutional_confirmation_required"", ""legal_status"": ""institutional_confirmation_required"", ""license_status"": ""institutional_confirmation_required"", ""planning_status"": ""institutional_confirmation_required"", ""environmental_status"": ""institutional_confirmation_required"", ""investment_value"": ""institutional_confirmation_required"", ""estimated_cost"": ""institutional_confirmation_required"", ""currency"": ""institutional_confirmation_required"", ""site_area_m2"": ""institutional_confirmation_required"", ""site_area_hectares"": ""institutional_confirmation_required"", ""implementing_entity"": ""institutional_confirmation_required"", ""supervising_entity"": ""institutional_confirmation_required"", ""investor_name"": ""institutional_confirmation_required"", ""operator_name"": ""institutional_confirmation_required"", ""infrastructure_status"": ""institutional_confirmation_required"", ""completion_percentage"": ""institutional_confirmation_required""}",data/incoming/tourism-investment-projects.kml,institutional_confirmation_required,institutional_confirmation_required,institutional_confirmation_required,institutional_confirmation_required,institutional_confirmation_required,institutional_confirmation_required,true,"Missing is not interpreted as negative, unlicensed, private, or stalled."
LY-INV-REV-NAT-00080,الاترون,"{""ownership_type"": ""institutional_confirmation_required"", ""ownership_entity"": ""institutional_confirmation_required"", ""legal_status"": ""institutional_confirmation_required"", ""license_status"": ""institutional_confirmation_required"", ""planning_status"": ""institutional_confirmation_required"", ""environmental_status"": ""institutional_confirmation_required"", ""investment_value"": ""institutional_confirmation_required"", ""estimated_cost"": ""institutional_confirmation_required"", ""currency"": ""institutional_confirmation_required"", ""site_area_m2"": ""institutional_confirmation_required"", ""site_area_hectares"": ""institutional_confirmation_required"", ""implementing_entity"": ""institutional_confirmation_required"", ""supervising_entity"": ""institutional_confirmation_required"", ""investor_name"": ""institutional_confirmation_required"", ""operator_name"": ""institutional_confirmation_required"", ""infrastructure_status"": ""institutional_confirmation_required"", ""completion_percentage"": ""institutional_confirmation_required""}",data/incoming/tourism-investment-projects.kml,institutional_confirmation_required,institutional_confirmation_required,institutional_confirmation_required,institutional_confirmation_required,institutional_confirmation_required,institutional_confirmation_required,true,"Missing is not interpreted as negative, unlicensed, private, or stalled."
LY-INV-REV-NAT-00081,قاريونس,"{""ownership_type"": ""institutional_confirmation_required"", ""ownership_entity"": ""institutional_confirmation_required"", ""legal_status"": ""institutional_confirmation_required"", ""license_status"": ""institutional_confirmation_required"", ""planning_status"": ""institutional_confirmation_required"", ""environmental_status"": ""institutional_confirmation_required"", ""investment_value"": ""institutional_confirmation_required"", ""estimated_cost"": ""institutional_confirmation_required"", ""currency"": ""institutional_confirmation_required"", ""site_area_m2"": ""institutional_confirmation_required"", ""site_area_hectares"": ""institutional_confirmation_required"", ""implementing_entity"": ""institutional_confirmation_required"", ""supervising_entity"": ""institutional_confirmation_required"", ""investor_name"": ""institutional_confirmation_required"", ""operator_name"": ""institutional_confirmation_required"", ""infrastructure_status"": ""institutional_confirmation_required"", ""completion_percentage"": ""institutional_confirmation_required""}",data/incoming/tourism-investment-projects.kml,institutional_confirmation_required,institutional_confirmation_required,institutional_confirmation_required,institutional_confirmation_required,institutional_confirmation_required,institutional_confirmation_required,true,"Missing is not interpreted as negative, unlicensed, private, or stalled."
LY-INV-REV-NAT-00082,عين زيانة,"{""ownership_type"": ""institutional_confirmation_required"", ""ownership_entity"": ""institutional_confirmation_required"", ""legal_status"": ""institutional_confirmation_required"", ""license_status"": ""institutional_confirmation_required"", ""planning_status"": ""institutional_confirmation_required"", ""environmental_status"": ""institutional_confirmation_required"", ""investment_value"": ""institutional_confirmation_required"", ""estimated_cost"": ""institutional_confirmation_required"", ""currency"": ""institutional_confirmation_required"", ""site_area_m2"": ""institutional_confirmation_required"", ""site_area_hectares"": ""institutional_confirmation_required"", ""implementing_entity"": ""institutional_confirmation_required"", ""supervising_entity"": ""institutional_confirmation_required"", ""investor_name"": ""institutional_confirmation_required"", ""operator_name"": ""institutional_confirmation_required"", ""infrastructure_status"": ""institutional_confirmation_required"", ""completion_percentage"": ""institutional_confirmation_required""}",data/incoming/tourism-investment-projects.kml,institutional_confirmation_required,institutional_confirmation_required,institutional_confirmation_required,institutional_confirmation_required,institutional_confirmation_required,institutional_confirmation_required,true,"Missing is not interpreted as negative, unlicensed, private, or stalled."
LY-INV-REV-NAT-00083,سيدي خليفة,"{""ownership_type"": ""institutional_confirmation_required"", ""ownership_entity"": ""institutional_confirmation_required"", ""legal_status"": ""institutional_confirmation_required"", ""license_status"": ""institutional_confirmation_required"", ""planning_status"": ""institutional_confirmation_required"", ""environmental_status"": ""institutional_confirmation_required"", ""investment_value"": ""institutional_confirmation_required"", ""estimated_cost"": ""institutional_confirmation_required"", ""currency"": ""institutional_confirmation_required"", ""site_area_m2"": ""institutional_confirmation_required"", ""site_area_hectares"": ""institutional_confirmation_required"", ""implementing_entity"": ""institutional_confirmation_required"", ""supervising_entity"": ""institutional_confirmation_required"", ""investor_name"": ""institutional_confirmation_required"", ""operator_name"": ""institutional_confirmation_required"", ""infrastructure_status"": ""institutional_confirmation_required"", ""completion_percentage"": ""institutional_confirmation_required""}",data/incoming/tourism-investment-projects.kml,institutional_confirmation_required,institutional_confirmation_required,institutional_confirmation_required,institutional_confirmation_required,institutional_confirmation_required,institutional_confirmation_required,true,"Missing is not interpreted as negative, unlicensed, private, or stalled."
LY-INV-REV-NAT-00084,أبوترابة,"{""ownership_type"": ""institutional_confirmation_required"", ""ownership_entity"": ""institutional_confirmation_required"", ""legal_status"": ""institutional_confirmation_required"", ""license_status"": ""institutional_confirmation_required"", ""planning_status"": ""institutional_confirmation_required"", ""environmental_status"": ""institutional_confirmation_required"", ""investment_value"": ""institutional_confirmation_required"", ""estimated_cost"": ""institutional_confirmation_required"", ""currency"": ""institutional_confirmation_required"", ""site_area_m2"": ""institutional_confirmation_required"", ""site_area_hectares"": ""institutional_confirmation_required"", ""implementing_entity"": ""institutional_confirmation_required"", ""supervising_entity"": ""institutional_confirmation_required"", ""investor_name"": ""institutional_confirmation_required"", ""operator_name"": ""institutional_confirmation_required"", ""infrastructure_status"": ""institutional_confirmation_required"", ""completion_percentage"": ""institutional_confirmation_required""}",data/incoming/tourism-investment-projects.kml,institutional_confirmation_required,institutional_confirmation_required,institutional_confirmation_required,institutional_confirmation_required,institutional_confirmation_required,institutional_confirmation_required,true,"Missing is not interpreted as negative, unlicensed, private, or stalled."
LY-INV-REV-NAT-00085,مصيف طلميثة,"{""ownership_type"": ""institutional_confirmation_required"", ""ownership_entity"": ""institutional_confirmation_required"", ""legal_status"": ""institutional_confirmation_required"", ""license_status"": ""institutional_confirmation_required"", ""planning_status"": ""institutional_confirmation_required"", ""environmental_status"": ""institutional_confirmation_required"", ""investment_value"": ""institutional_confirmation_required"", ""estimated_cost"": ""institutional_confirmation_required"", ""currency"": ""institutional_confirmation_required"", ""site_area_m2"": ""institutional_confirmation_required"", ""site_area_hectares"": ""institutional_confirmation_required"", ""implementing_entity"": ""institutional_confirmation_required"", ""supervising_entity"": ""institutional_confirmation_required"", ""investor_name"": ""institutional_confirmation_required"", ""operator_name"": ""institutional_confirmation_required"", ""infrastructure_status"": ""institutional_confirmation_required"", ""completion_percentage"": ""institutional_confirmation_required""}",data/incoming/tourism-investment-projects.kml,institutional_confirmation_required,institutional_confirmation_required,institutional_confirmation_required,institutional_confirmation_required,institutional_confirmation_required,institutional_confirmation_required,true,"Missing is not interpreted as negative, unlicensed, private, or stalled."
LY-INV-REV-NAT-00086,طلميثة,"{""ownership_type"": ""institutional_confirmation_required"", ""ownership_entity"": ""institutional_confirmation_required"", ""legal_status"": ""institutional_confirmation_required"", ""license_status"": ""institutional_confirmation_required"", ""planning_status"": ""institutional_confirmation_required"", ""environmental_status"": ""institutional_confirmation_required"", ""investment_value"": ""institutional_confirmation_required"", ""estimated_cost"": ""institutional_confirmation_required"", ""currency"": ""institutional_confirmation_required"", ""site_area_m2"": ""institutional_confirmation_required"", ""site_area_hectares"": ""institutional_confirmation_required"", ""implementing_entity"": ""institutional_confirmation_required"", ""supervising_entity"": ""institutional_confirmation_required"", ""investor_name"": ""institutional_confirmation_required"", ""operator_name"": ""institutional_confirmation_required"", ""infrastructure_status"": ""institutional_confirmation_required"", ""completion_percentage"": ""institutional_confirmation_required""}",data/incoming/tourism-investment-projects.kml,institutional_confirmation_required,institutional_confirmation_required,institutional_confirmation_required,institutional_confirmation_required,institutional_confirmation_required,institutional_confirmation_required,true,"Missing is not interpreted as negative, unlicensed, private, or stalled."
LY-INV-REV-NAT-00087,جرجارامه,"{""ownership_type"": ""institutional_confirmation_required"", ""ownership_entity"": ""institutional_confirmation_required"", ""legal_status"": ""institutional_confirmation_required"", ""license_status"": ""institutional_confirmation_required"", ""planning_status"": ""institutional_confirmation_required"", ""environmental_status"": ""institutional_confirmation_required"", ""investment_value"": ""institutional_confirmation_required"", ""estimated_cost"": ""institutional_confirmation_required"", ""currency"": ""institutional_confirmation_required"", ""site_area_m2"": ""institutional_confirmation_required"", ""site_area_hectares"": ""institutional_confirmation_required"", ""implementing_entity"": ""institutional_confirmation_required"", ""supervising_entity"": ""institutional_confirmation_required"", ""investor_name"": ""institutional_confirmation_required"", ""operator_name"": ""institutional_confirmation_required"", ""infrastructure_status"": ""institutional_confirmation_required"", ""completion_percentage"": ""institutional_confirmation_required""}",data/incoming/tourism-investment-projects.kml,institutional_confirmation_required,institutional_confirmation_required,institutional_confirmation_required,institutional_confirmation_required,institutional_confirmation_required,institutional_confirmation_required,true,"Missing is not interpreted as negative, unlicensed, private, or stalled."
LY-INV-REV-NAT-00088,مويلح,"{""ownership_type"": ""institutional_confirmation_required"", ""ownership_entity"": ""institutional_confirmation_required"", ""legal_status"": ""institutional_confirmation_required"", ""license_status"": ""institutional_confirmation_required"", ""planning_status"": ""institutional_confirmation_required"", ""environmental_status"": ""institutional_confirmation_required"", ""investment_value"": ""institutional_confirmation_required"", ""estimated_cost"": ""institutional_confirmation_required"", ""currency"": ""institutional_confirmation_required"", ""site_area_m2"": ""institutional_confirmation_required"", ""site_area_hectares"": ""institutional_confirmation_required"", ""implementing_entity"": ""institutional_confirmation_required"", ""supervising_entity"": ""institutional_confirmation_required"", ""investor_name"": ""institutional_confirmation_required"", ""operator_name"": ""institutional_confirmation_required"", ""infrastructure_status"": ""institutional_confirmation_required"", ""completion_percentage"": ""institutional_confirmation_required""}",data/incoming/tourism-investment-projects.kml,institutional_confirmation_required,institutional_confirmation_required,institutional_confirmation_required,institutional_confirmation_required,institutional_confirmation_required,institutional_confirmation_required,true,"Missing is not interpreted as negative, unlicensed, private, or stalled."
LY-INV-REV-NAT-00089,الحمامة,"{""ownership_type"": ""institutional_confirmation_required"", ""ownership_entity"": ""institutional_confirmation_required"", ""legal_status"": ""institutional_confirmation_required"", ""license_status"": ""institutional_confirmation_required"", ""planning_status"": ""institutional_confirmation_required"", ""environmental_status"": ""institutional_confirmation_required"", ""investment_value"": ""institutional_confirmation_required"", ""estimated_cost"": ""institutional_confirmation_required"", ""currency"": ""institutional_confirmation_required"", ""site_area_m2"": ""institutional_confirmation_required"", ""site_area_hectares"": ""institutional_confirmation_required"", ""implementing_entity"": ""institutional_confirmation_required"", ""supervising_entity"": ""institutional_confirmation_required"", ""investor_name"": ""institutional_confirmation_required"", ""operator_name"": ""institutional_confirmation_required"", ""infrastructure_status"": ""institutional_confirmation_required"", ""completion_percentage"": ""institutional_confirmation_required""}",data/incoming/tourism-investment-projects.kml,institutional_confirmation_required,institutional_confirmation_required,institutional_confirmation_required,institutional_confirmation_required,institutional_confirmation_required,institutional_confirmation_required,true,"Missing is not interpreted as negative, unlicensed, private, or stalled."
LY-INV-REV-NAT-00090,أبوشيبة,"{""ownership_type"": ""institutional_confirmation_required"", ""ownership_entity"": ""institutional_confirmation_required"", ""legal_status"": ""institutional_confirmation_required"", ""license_status"": ""institutional_confirmation_required"", ""planning_status"": ""institutional_confirmation_required"", ""environmental_status"": ""institutional_confirmation_required"", ""investment_value"": ""institutional_confirmation_required"", ""estimated_cost"": ""institutional_confirmation_required"", ""currency"": ""institutional_confirmation_required"", ""site_area_m2"": ""institutional_confirmation_required"", ""site_area_hectares"": ""institutional_confirmation_required"", ""implementing_entity"": ""institutional_confirmation_required"", ""supervising_entity"": ""institutional_confirmation_required"", ""investor_name"": ""institutional_confirmation_required"", ""operator_name"": ""institutional_confirmation_required"", ""infrastructure_status"": ""institutional_confirmation_required"", ""completion_percentage"": ""institutional_confirmation_required""}",data/incoming/tourism-investment-projects.kml,institutional_confirmation_required,institutional_confirmation_required,institutional_confirmation_required,institutional_confirmation_required,institutional_confirmation_required,institutional_confirmation_required,true,"Missing is not interpreted as negative, unlicensed, private, or stalled."
LY-INV-REV-NAT-00091,المريسة,"{""ownership_type"": ""institutional_confirmation_required"", ""ownership_entity"": ""institutional_confirmation_required"", ""legal_status"": ""institutional_confirmation_required"", ""license_status"": ""institutional_confirmation_required"", ""planning_status"": ""institutional_confirmation_required"", ""environmental_status"": ""institutional_confirmation_required"", ""investment_value"": ""institutional_confirmation_required"", ""estimated_cost"": ""institutional_confirmation_required"", ""currency"": ""institutional_confirmation_required"", ""site_area_m2"": ""institutional_confirmation_required"", ""site_area_hectares"": ""institutional_confirmation_required"", ""implementing_entity"": ""institutional_confirmation_required"", ""supervising_entity"": ""institutional_confirmation_required"", ""investor_name"": ""institutional_confirmation_required"", ""operator_name"": ""institutional_confirmation_required"", ""infrastructure_status"": ""institutional_confirmation_required"", ""completion_percentage"": ""institutional_confirmation_required""}",data/incoming/tourism-investment-projects.kml,institutional_confirmation_required,institutional_confirmation_required,institutional_confirmation_required,institutional_confirmation_required,institutional_confirmation_required,institutional_confirmation_required,true,"Missing is not interpreted as negative, unlicensed, private, or stalled."
LY-INV-REV-NAT-00092,قمينس,"{""ownership_type"": ""institutional_confirmation_required"", ""ownership_entity"": ""institutional_confirmation_required"", ""legal_status"": ""institutional_confirmation_required"", ""license_status"": ""institutional_confirmation_required"", ""planning_status"": ""institutional_confirmation_required"", ""environmental_status"": ""institutional_confirmation_required"", ""investment_value"": ""institutional_confirmation_required"", ""estimated_cost"": ""institutional_confirmation_required"", ""currency"": ""institutional_confirmation_required"", ""site_area_m2"": ""institutional_confirmation_required"", ""site_area_hectares"": ""institutional_confirmation_required"", ""implementing_entity"": ""institutional_confirmation_required"", ""supervising_entity"": ""institutional_confirmation_required"", ""investor_name"": ""institutional_confirmation_required"", ""operator_name"": ""institutional_confirmation_required"", ""infrastructure_status"": ""institutional_confirmation_required"", ""completion_percentage"": ""institutional_confirmation_required""}",data/incoming/tourism-investment-projects.kml,institutional_confirmation_required,institutional_confirmation_required,institutional_confirmation_required,institutional_confirmation_required,institutional_confirmation_required,institutional_confirmation_required,true,"Missing is not interpreted as negative, unlicensed, private, or stalled."
LY-INV-REV-NAT-00093,جاروتة,"{""ownership_type"": ""institutional_confirmation_required"", ""ownership_entity"": ""institutional_confirmation_required"", ""legal_status"": ""institutional_confirmation_required"", ""license_status"": ""institutional_confirmation_required"", ""planning_status"": ""institutional_confirmation_required"", ""environmental_status"": ""institutional_confirmation_required"", ""investment_value"": ""institutional_confirmation_required"", ""estimated_cost"": ""institutional_confirmation_required"", ""currency"": ""institutional_confirmation_required"", ""site_area_m2"": ""institutional_confirmation_required"", ""site_area_hectares"": ""institutional_confirmation_required"", ""implementing_entity"": ""institutional_confirmation_required"", ""supervising_entity"": ""institutional_confirmation_required"", ""investor_name"": ""institutional_confirmation_required"", ""operator_name"": ""institutional_confirmation_required"", ""infrastructure_status"": ""institutional_confirmation_required"", ""completion_percentage"": ""institutional_confirmation_required""}",data/incoming/tourism-investment-projects.kml,institutional_confirmation_required,institutional_confirmation_required,institutional_confirmation_required,institutional_confirmation_required,institutional_confirmation_required,institutional_confirmation_required,true,"Missing is not interpreted as negative, unlicensed, private, or stalled."
LY-INV-REV-NAT-00094,الساحل الغربي,"{""ownership_type"": ""institutional_confirmation_required"", ""ownership_entity"": ""institutional_confirmation_required"", ""legal_status"": ""institutional_confirmation_required"", ""license_status"": ""institutional_confirmation_required"", ""planning_status"": ""institutional_confirmation_required"", ""environmental_status"": ""institutional_confirmation_required"", ""investment_value"": ""institutional_confirmation_required"", ""estimated_cost"": ""institutional_confirmation_required"", ""currency"": ""institutional_confirmation_required"", ""site_area_m2"": ""institutional_confirmation_required"", ""site_area_hectares"": ""institutional_confirmation_required"", ""implementing_entity"": ""institutional_confirmation_required"", ""supervising_entity"": ""institutional_confirmation_required"", ""investor_name"": ""institutional_confirmation_required"", ""operator_name"": ""institutional_confirmation_required"", ""infrastructure_status"": ""institutional_confirmation_required"", ""completion_percentage"": ""institutional_confirmation_required""}",data/incoming/tourism-investment-projects.kml,institutional_confirmation_required,institutional_confirmation_required,institutional_confirmation_required,institutional_confirmation_required,institutional_confirmation_required,institutional_confirmation_required,true,"Missing is not interpreted as negative, unlicensed, private, or stalled."
LY-INV-REV-NAT-00095,حبيب,"{""ownership_type"": ""institutional_confirmation_required"", ""ownership_entity"": ""institutional_confirmation_required"", ""legal_status"": ""institutional_confirmation_required"", ""license_status"": ""institutional_confirmation_required"", ""planning_status"": ""institutional_confirmation_required"", ""environmental_status"": ""institutional_confirmation_required"", ""investment_value"": ""institutional_confirmation_required"", ""estimated_cost"": ""institutional_confirmation_required"", ""currency"": ""institutional_confirmation_required"", ""site_area_m2"": ""institutional_confirmation_required"", ""site_area_hectares"": ""institutional_confirmation_required"", ""implementing_entity"": ""institutional_confirmation_required"", ""supervising_entity"": ""institutional_confirmation_required"", ""investor_name"": ""institutional_confirmation_required"", ""operator_name"": ""institutional_confirmation_required"", ""infrastructure_status"": ""institutional_confirmation_required"", ""completion_percentage"": ""institutional_confirmation_required""}",data/incoming/tourism-investment-projects.kml,institutional_confirmation_required,institutional_confirmation_required,institutional_confirmation_required,institutional_confirmation_required,institutional_confirmation_required,institutional_confirmation_required,true,"Missing is not interpreted as negative, unlicensed, private, or stalled."
LY-INV-REV-NAT-00096,كركورة,"{""ownership_type"": ""institutional_confirmation_required"", ""ownership_entity"": ""institutional_confirmation_required"", ""legal_status"": ""institutional_confirmation_required"", ""license_status"": ""institutional_confirmation_required"", ""planning_status"": ""institutional_confirmation_required"", ""environmental_status"": ""institutional_confirmation_required"", ""investment_value"": ""institutional_confirmation_required"", ""estimated_cost"": ""institutional_confirmation_required"", ""currency"": ""institutional_confirmation_required"", ""site_area_m2"": ""institutional_confirmation_required"", ""site_area_hectares"": ""institutional_confirmation_required"", ""implementing_entity"": ""institutional_confirmation_required"", ""supervising_entity"": ""institutional_confirmation_required"", ""investor_name"": ""institutional_confirmation_required"", ""operator_name"": ""institutional_confirmation_required"", ""infrastructure_status"": ""institutional_confirmation_required"", ""completion_percentage"": ""institutional_confirmation_required""}",data/incoming/tourism-investment-projects.kml,institutional_confirmation_required,institutional_confirmation_required,institutional_confirmation_required,institutional_confirmation_required,institutional_confirmation_required,institutional_confirmation_required,true,"Missing is not interpreted as negative, unlicensed, private, or stalled."
LY-INV-REV-NAT-00097,الحليسي,"{""ownership_type"": ""institutional_confirmation_required"", ""ownership_entity"": ""institutional_confirmation_required"", ""legal_status"": ""institutional_confirmation_required"", ""license_status"": ""institutional_confirmation_required"", ""planning_status"": ""institutional_confirmation_required"", ""environmental_status"": ""institutional_confirmation_required"", ""investment_value"": ""institutional_confirmation_required"", ""estimated_cost"": ""institutional_confirmation_required"", ""currency"": ""institutional_confirmation_required"", ""site_area_m2"": ""institutional_confirmation_required"", ""site_area_hectares"": ""institutional_confirmation_required"", ""implementing_entity"": ""institutional_confirmation_required"", ""supervising_entity"": ""institutional_confirmation_required"", ""investor_name"": ""institutional_confirmation_required"", ""operator_name"": ""institutional_confirmation_required"", ""infrastructure_status"": ""institutional_confirmation_required"", ""completion_percentage"": ""institutional_confirmation_required""}",data/incoming/tourism-investment-projects.kml,institutional_confirmation_required,institutional_confirmation_required,institutional_confirmation_required,institutional_confirmation_required,institutional_confirmation_required,institutional_confirmation_required,true,"Missing is not interpreted as negative, unlicensed, private, or stalled."
LY-INV-REV-NAT-00098,سيدي علي,"{""ownership_type"": ""institutional_confirmation_required"", ""ownership_entity"": ""institutional_confirmation_required"", ""legal_status"": ""institutional_confirmation_required"", ""license_status"": ""institutional_confirmation_required"", ""planning_status"": ""institutional_confirmation_required"", ""environmental_status"": ""institutional_confirmation_required"", ""investment_value"": ""institutional_confirmation_required"", ""estimated_cost"": ""institutional_confirmation_required"", ""currency"": ""institutional_confirmation_required"", ""site_area_m2"": ""institutional_confirmation_required"", ""site_area_hectares"": ""institutional_confirmation_required"", ""implementing_entity"": ""institutional_confirmation_required"", ""supervising_entity"": ""institutional_confirmation_required"", ""investor_name"": ""institutional_confirmation_required"", ""operator_name"": ""institutional_confirmation_required"", ""infrastructure_status"": ""institutional_confirmation_required"", ""completion_percentage"": ""institutional_confirmation_required""}",data/incoming/tourism-investment-projects.kml,institutional_confirmation_required,institutional_confirmation_required,institutional_confirmation_required,institutional_confirmation_required,institutional_confirmation_required,institutional_confirmation_required,true,"Missing is not interpreted as negative, unlicensed, private, or stalled."
LY-INV-REV-NAT-00099,دريانة,"{""ownership_type"": ""institutional_confirmation_required"", ""ownership_entity"": ""institutional_confirmation_required"", ""legal_status"": ""institutional_confirmation_required"", ""license_status"": ""institutional_confirmation_required"", ""planning_status"": ""institutional_confirmation_required"", ""environmental_status"": ""institutional_confirmation_required"", ""investment_value"": ""institutional_confirmation_required"", ""estimated_cost"": ""institutional_confirmation_required"", ""currency"": ""institutional_confirmation_required"", ""site_area_m2"": ""institutional_confirmation_required"", ""site_area_hectares"": ""institutional_confirmation_required"", ""implementing_entity"": ""institutional_confirmation_required"", ""supervising_entity"": ""institutional_confirmation_required"", ""investor_name"": ""institutional_confirmation_required"", ""operator_name"": ""institutional_confirmation_required"", ""infrastructure_status"": ""institutional_confirmation_required"", ""completion_percentage"": ""institutional_confirmation_required""}",data/incoming/tourism-investment-projects.kml,institutional_confirmation_required,institutional_confirmation_required,institutional_confirmation_required,institutional_confirmation_required,institutional_confirmation_required,institutional_confirmation_required,true,"Missing is not interpreted as negative, unlicensed, private, or stalled."
LY-INV-REV-NAT-00100,مبنى,"{""ownership_type"": ""institutional_confirmation_required"", ""ownership_entity"": ""institutional_confirmation_required"", ""legal_status"": ""institutional_confirmation_required"", ""license_status"": ""institutional_confirmation_required"", ""planning_status"": ""institutional_confirmation_required"", ""environmental_status"": ""institutional_confirmation_required"", ""investment_value"": ""institutional_confirmation_required"", ""estimated_cost"": ""institutional_confirmation_required"", ""currency"": ""institutional_confirmation_required"", ""site_area_m2"": ""institutional_confirmation_required"", ""site_area_hectares"": ""institutional_confirmation_required"", ""implementing_entity"": ""institutional_confirmation_required"", ""supervising_entity"": ""institutional_confirmation_required"", ""investor_name"": ""institutional_confirmation_required"", ""operator_name"": ""institutional_confirmation_required"", ""infrastructure_status"": ""institutional_confirmation_required"", ""completion_percentage"": ""institutional_confirmation_required""}",data/incoming/tourism-investment-projects.kml,institutional_confirmation_required,institutional_confirmation_required,institutional_confirmation_required,institutional_confirmation_required,institutional_confirmation_required,institutional_confirmation_required,true,"Missing is not interpreted as negative, unlicensed, private, or stalled."
LY-INV-REV-NAT-00101,البرسس,"{""ownership_type"": ""institutional_confirmation_required"", ""ownership_entity"": ""institutional_confirmation_required"", ""legal_status"": ""institutional_confirmation_required"", ""license_status"": ""institutional_confirmation_required"", ""planning_status"": ""institutional_confirmation_required"", ""environmental_status"": ""institutional_confirmation_required"", ""investment_value"": ""institutional_confirmation_required"", ""estimated_cost"": ""institutional_confirmation_required"", ""currency"": ""institutional_confirmation_required"", ""site_area_m2"": ""institutional_confirmation_required"", ""site_area_hectares"": ""institutional_confirmation_required"", ""implementing_entity"": ""institutional_confirmation_required"", ""supervising_entity"": ""institutional_confirmation_required"", ""investor_name"": ""institutional_confirmation_required"", ""operator_name"": ""institutional_confirmation_required"", ""infrastructure_status"": ""institutional_confirmation_required"", ""completion_percentage"": ""institutional_confirmation_required""}",data/incoming/tourism-investment-projects.kml,institutional_confirmation_required,institutional_confirmation_required,institutional_confirmation_required,institutional_confirmation_required,institutional_confirmation_required,institutional_confirmation_required,true,"Missing is not interpreted as negative, unlicensed, private, or stalled."
LY-INV-REV-NAT-00102,العقورية,"{""ownership_type"": ""institutional_confirmation_required"", ""ownership_entity"": ""institutional_confirmation_required"", ""legal_status"": ""institutional_confirmation_required"", ""license_status"": ""institutional_confirmation_required"", ""planning_status"": ""institutional_confirmation_required"", ""environmental_status"": ""institutional_confirmation_required"", ""investment_value"": ""institutional_confirmation_required"", ""estimated_cost"": ""institutional_confirmation_required"", ""currency"": ""institutional_confirmation_required"", ""site_area_m2"": ""institutional_confirmation_required"", ""site_area_hectares"": ""institutional_confirmation_required"", ""implementing_entity"": ""institutional_confirmation_required"", ""supervising_entity"": ""institutional_confirmation_required"", ""investor_name"": ""institutional_confirmation_required"", ""operator_name"": ""institutional_confirmation_required"", ""infrastructure_status"": ""institutional_confirmation_required"", ""completion_percentage"": ""institutional_confirmation_required""}",data/incoming/tourism-investment-projects.kml,institutional_confirmation_required,institutional_confirmation_required,institutional_confirmation_required,institutional_confirmation_required,institutional_confirmation_required,institutional_confirmation_required,true,"Missing is not interpreted as negative, unlicensed, private, or stalled."
LY-INV-REV-NAT-00103,بابا طلميثة,"{""ownership_type"": ""institutional_confirmation_required"", ""ownership_entity"": ""institutional_confirmation_required"", ""legal_status"": ""institutional_confirmation_required"", ""license_status"": ""institutional_confirmation_required"", ""planning_status"": ""institutional_confirmation_required"", ""environmental_status"": ""institutional_confirmation_required"", ""investment_value"": ""institutional_confirmation_required"", ""estimated_cost"": ""institutional_confirmation_required"", ""currency"": ""institutional_confirmation_required"", ""site_area_m2"": ""institutional_confirmation_required"", ""site_area_hectares"": ""institutional_confirmation_required"", ""implementing_entity"": ""institutional_confirmation_required"", ""supervising_entity"": ""institutional_confirmation_required"", ""investor_name"": ""institutional_confirmation_required"", ""operator_name"": ""institutional_confirmation_required"", ""infrastructure_status"": ""institutional_confirmation_required"", ""completion_percentage"": ""institutional_confirmation_required""}",data/incoming/tourism-investment-projects.kml,institutional_confirmation_required,institutional_confirmation_required,institutional_confirmation_required,institutional_confirmation_required,institutional_confirmation_required,institutional_confirmation_required,true,"Missing is not interpreted as negative, unlicensed, private, or stalled."
LY-INV-REV-NAT-00104,عقلة,"{""ownership_type"": ""institutional_confirmation_required"", ""ownership_entity"": ""institutional_confirmation_required"", ""legal_status"": ""institutional_confirmation_required"", ""license_status"": ""institutional_confirmation_required"", ""planning_status"": ""institutional_confirmation_required"", ""environmental_status"": ""institutional_confirmation_required"", ""investment_value"": ""institutional_confirmation_required"", ""estimated_cost"": ""institutional_confirmation_required"", ""currency"": ""institutional_confirmation_required"", ""site_area_m2"": ""institutional_confirmation_required"", ""site_area_hectares"": ""institutional_confirmation_required"", ""implementing_entity"": ""institutional_confirmation_required"", ""supervising_entity"": ""institutional_confirmation_required"", ""investor_name"": ""institutional_confirmation_required"", ""operator_name"": ""institutional_confirmation_required"", ""infrastructure_status"": ""institutional_confirmation_required"", ""completion_percentage"": ""institutional_confirmation_required""}",data/incoming/tourism-investment-projects.kml,institutional_confirmation_required,institutional_confirmation_required,institutional_confirmation_required,institutional_confirmation_required,institutional_confirmation_required,institutional_confirmation_required,true,"Missing is not interpreted as negative, unlicensed, private, or stalled."
LY-INV-REV-NAT-00105,نوطة سوسة,"{""ownership_type"": ""institutional_confirmation_required"", ""ownership_entity"": ""institutional_confirmation_required"", ""legal_status"": ""institutional_confirmation_required"", ""license_status"": ""institutional_confirmation_required"", ""planning_status"": ""institutional_confirmation_required"", ""environmental_status"": ""institutional_confirmation_required"", ""investment_value"": ""institutional_confirmation_required"", ""estimated_cost"": ""institutional_confirmation_required"", ""currency"": ""institutional_confirmation_required"", ""site_area_m2"": ""institutional_confirmation_required"", ""site_area_hectares"": ""institutional_confirmation_required"", ""implementing_entity"": ""institutional_confirmation_required"", ""supervising_entity"": ""institutional_confirmation_required"", ""investor_name"": ""institutional_confirmation_required"", ""operator_name"": ""institutional_confirmation_required"", ""infrastructure_status"": ""institutional_confirmation_required"", ""completion_percentage"": ""institutional_confirmation_required""}",data/incoming/tourism-investment-projects.kml,institutional_confirmation_required,institutional_confirmation_required,institutional_confirmation_required,institutional_confirmation_required,institutional_confirmation_required,institutional_confirmation_required,true,"Missing is not interpreted as negative, unlicensed, private, or stalled."
LY-INV-REV-NAT-00106,مهبول,"{""ownership_type"": ""institutional_confirmation_required"", ""ownership_entity"": ""institutional_confirmation_required"", ""legal_status"": ""institutional_confirmation_required"", ""license_status"": ""institutional_confirmation_required"", ""planning_status"": ""institutional_confirmation_required"", ""environmental_status"": ""institutional_confirmation_required"", ""investment_value"": ""institutional_confirmation_required"", ""estimated_cost"": ""institutional_confirmation_required"", ""currency"": ""institutional_confirmation_required"", ""site_area_m2"": ""institutional_confirmation_required"", ""site_area_hectares"": ""institutional_confirmation_required"", ""implementing_entity"": ""institutional_confirmation_required"", ""supervising_entity"": ""institutional_confirmation_required"", ""investor_name"": ""institutional_confirmation_required"", ""operator_name"": ""institutional_confirmation_required"", ""infrastructure_status"": ""institutional_confirmation_required"", ""completion_percentage"": ""institutional_confirmation_required""}",data/incoming/tourism-investment-projects.kml,institutional_confirmation_required,institutional_confirmation_required,institutional_confirmation_required,institutional_confirmation_required,institutional_confirmation_required,institutional_confirmation_required,true,"Missing is not interpreted as negative, unlicensed, private, or stalled."
LY-INV-REV-NAT-00107,بركة ناصر,"{""ownership_type"": ""institutional_confirmation_required"", ""ownership_entity"": ""institutional_confirmation_required"", ""legal_status"": ""institutional_confirmation_required"", ""license_status"": ""institutional_confirmation_required"", ""planning_status"": ""institutional_confirmation_required"", ""environmental_status"": ""institutional_confirmation_required"", ""investment_value"": ""institutional_confirmation_required"", ""estimated_cost"": ""institutional_confirmation_required"", ""currency"": ""institutional_confirmation_required"", ""site_area_m2"": ""institutional_confirmation_required"", ""site_area_hectares"": ""institutional_confirmation_required"", ""implementing_entity"": ""institutional_confirmation_required"", ""supervising_entity"": ""institutional_confirmation_required"", ""investor_name"": ""institutional_confirmation_required"", ""operator_name"": ""institutional_confirmation_required"", ""infrastructure_status"": ""institutional_confirmation_required"", ""completion_percentage"": ""institutional_confirmation_required""}",data/incoming/tourism-investment-projects.kml,institutional_confirmation_required,institutional_confirmation_required,institutional_confirmation_required,institutional_confirmation_required,institutional_confirmation_required,institutional_confirmation_required,true,"Missing is not interpreted as negative, unlicensed, private, or stalled."
LY-INV-REV-NAT-00108,كرسة,"{""ownership_type"": ""institutional_confirmation_required"", ""ownership_entity"": ""institutional_confirmation_required"", ""legal_status"": ""institutional_confirmation_required"", ""license_status"": ""institutional_confirmation_required"", ""planning_status"": ""institutional_confirmation_required"", ""environmental_status"": ""institutional_confirmation_required"", ""investment_value"": ""institutional_confirmation_required"", ""estimated_cost"": ""institutional_confirmation_required"", ""currency"": ""institutional_confirmation_required"", ""site_area_m2"": ""institutional_confirmation_required"", ""site_area_hectares"": ""institutional_confirmation_required"", ""implementing_entity"": ""institutional_confirmation_required"", ""supervising_entity"": ""institutional_confirmation_required"", ""investor_name"": ""institutional_confirmation_required"", ""operator_name"": ""institutional_confirmation_required"", ""infrastructure_status"": ""institutional_confirmation_required"", ""completion_percentage"": ""institutional_confirmation_required""}",data/incoming/tourism-investment-projects.kml,institutional_confirmation_required,institutional_confirmation_required,institutional_confirmation_required,institutional_confirmation_required,institutional_confirmation_required,institutional_confirmation_required,true,"Missing is not interpreted as negative, unlicensed, private, or stalled."
LY-INV-REV-NAT-00109,الناقة,"{""ownership_type"": ""institutional_confirmation_required"", ""ownership_entity"": ""institutional_confirmation_required"", ""legal_status"": ""institutional_confirmation_required"", ""license_status"": ""institutional_confirmation_required"", ""planning_status"": ""institutional_confirmation_required"", ""environmental_status"": ""institutional_confirmation_required"", ""investment_value"": ""institutional_confirmation_required"", ""estimated_cost"": ""institutional_confirmation_required"", ""currency"": ""institutional_confirmation_required"", ""site_area_m2"": ""institutional_confirmation_required"", ""site_area_hectares"": ""institutional_confirmation_required"", ""implementing_entity"": ""institutional_confirmation_required"", ""supervising_entity"": ""institutional_confirmation_required"", ""investor_name"": ""institutional_confirmation_required"", ""operator_name"": ""institutional_confirmation_required"", ""infrastructure_status"": ""institutional_confirmation_required"", ""completion_percentage"": ""institutional_confirmation_required""}",data/incoming/tourism-investment-projects.kml,institutional_confirmation_required,institutional_confirmation_required,institutional_confirmation_required,institutional_confirmation_required,institutional_confirmation_required,institutional_confirmation_required,true,"Missing is not interpreted as negative, unlicensed, private, or stalled."
LY-INV-REV-NAT-00110,بومسافر,"{""ownership_type"": ""institutional_confirmation_required"", ""ownership_entity"": ""institutional_confirmation_required"", ""legal_status"": ""institutional_confirmation_required"", ""license_status"": ""institutional_confirmation_required"", ""planning_status"": ""institutional_confirmation_required"", ""environmental_status"": ""institutional_confirmation_required"", ""investment_value"": ""institutional_confirmation_required"", ""estimated_cost"": ""institutional_confirmation_required"", ""currency"": ""institutional_confirmation_required"", ""site_area_m2"": ""institutional_confirmation_required"", ""site_area_hectares"": ""institutional_confirmation_required"", ""implementing_entity"": ""institutional_confirmation_required"", ""supervising_entity"": ""institutional_confirmation_required"", ""investor_name"": ""institutional_confirmation_required"", ""operator_name"": ""institutional_confirmation_required"", ""infrastructure_status"": ""institutional_confirmation_required"", ""completion_percentage"": ""institutional_confirmation_required""}",data/incoming/tourism-investment-projects.kml,institutional_confirmation_required,institutional_confirmation_required,institutional_confirmation_required,institutional_confirmation_required,institutional_confirmation_required,institutional_confirmation_required,true,"Missing is not interpreted as negative, unlicensed, private, or stalled."
LY-INV-REV-NAT-00111,الشاطيء,"{""ownership_type"": ""institutional_confirmation_required"", ""ownership_entity"": ""institutional_confirmation_required"", ""legal_status"": ""institutional_confirmation_required"", ""license_status"": ""institutional_confirmation_required"", ""planning_status"": ""institutional_confirmation_required"", ""environmental_status"": ""institutional_confirmation_required"", ""investment_value"": ""institutional_confirmation_required"", ""estimated_cost"": ""institutional_confirmation_required"", ""currency"": ""institutional_confirmation_required"", ""site_area_m2"": ""institutional_confirmation_required"", ""site_area_hectares"": ""institutional_confirmation_required"", ""implementing_entity"": ""institutional_confirmation_required"", ""supervising_entity"": ""institutional_confirmation_required"", ""investor_name"": ""institutional_confirmation_required"", ""operator_name"": ""institutional_confirmation_required"", ""infrastructure_status"": ""institutional_confirmation_required"", ""completion_percentage"": ""institutional_confirmation_required""}",data/incoming/tourism-investment-projects.kml,institutional_confirmation_required,institutional_confirmation_required,institutional_confirmation_required,institutional_confirmation_required,institutional_confirmation_required,institutional_confirmation_required,true,"Missing is not interpreted as negative, unlicensed, private, or stalled."
LY-INV-OPP-NAT-00001,فرصة استثمارية غير مسماة – منطقة غير محددة – 00001,"{""ownership_type"": ""institutional_confirmation_required"", ""ownership_entity"": ""institutional_confirmation_required"", ""legal_status"": ""institutional_confirmation_required"", ""license_status"": ""institutional_confirmation_required"", ""planning_status"": ""institutional_confirmation_required"", ""environmental_status"": ""institutional_confirmation_required"", ""investment_value"": ""institutional_confirmation_required"", ""estimated_cost"": ""institutional_confirmation_required"", ""currency"": ""institutional_confirmation_required"", ""site_area_m2"": ""institutional_confirmation_required"", ""site_area_hectares"": ""institutional_confirmation_required"", ""implementing_entity"": ""institutional_confirmation_required"", ""supervising_entity"": ""institutional_confirmation_required"", ""investor_name"": ""institutional_confirmation_required"", ""operator_name"": ""institutional_confirmation_required"", ""infrastructure_status"": ""institutional_confirmation_required"", ""completion_percentage"": ""institutional_confirmation_required""}",data/incoming/tourism-investment-projects.kml,institutional_confirmation_required,institutional_confirmation_required,institutional_confirmation_required,institutional_confirmation_required,institutional_confirmation_required,institutional_confirmation_required,true,"Missing is not interpreted as negative, unlicensed, private, or stalled."
LY-INV-REV-NAT-00112,المقرون,"{""ownership_type"": ""institutional_confirmation_required"", ""ownership_entity"": ""institutional_confirmation_required"", ""legal_status"": ""institutional_confirmation_required"", ""license_status"": ""institutional_confirmation_required"", ""planning_status"": ""institutional_confirmation_required"", ""environmental_status"": ""institutional_confirmation_required"", ""investment_value"": ""institutional_confirmation_required"", ""estimated_cost"": ""institutional_confirmation_required"", ""currency"": ""institutional_confirmation_required"", ""site_area_m2"": ""institutional_confirmation_required"", ""site_area_hectares"": ""institutional_confirmation_required"", ""implementing_entity"": ""institutional_confirmation_required"", ""supervising_entity"": ""institutional_confirmation_required"", ""investor_name"": ""institutional_confirmation_required"", ""operator_name"": ""institutional_confirmation_required"", ""infrastructure_status"": ""institutional_confirmation_required"", ""completion_percentage"": ""institutional_confirmation_required""}",data/incoming/tourism-investment-projects.kml,institutional_confirmation_required,institutional_confirmation_required,institutional_confirmation_required,institutional_confirmation_required,institutional_confirmation_required,institutional_confirmation_required,true,"Missing is not interpreted as negative, unlicensed, private, or stalled."
LY-INV-REV-NAT-00113,البردي-3,"{""ownership_type"": ""institutional_confirmation_required"", ""ownership_entity"": ""institutional_confirmation_required"", ""legal_status"": ""institutional_confirmation_required"", ""license_status"": ""institutional_confirmation_required"", ""planning_status"": ""institutional_confirmation_required"", ""environmental_status"": ""institutional_confirmation_required"", ""investment_value"": ""institutional_confirmation_required"", ""estimated_cost"": ""institutional_confirmation_required"", ""currency"": ""institutional_confirmation_required"", ""site_area_m2"": ""institutional_confirmation_required"", ""site_area_hectares"": ""institutional_confirmation_required"", ""implementing_entity"": ""institutional_confirmation_required"", ""supervising_entity"": ""institutional_confirmation_required"", ""investor_name"": ""institutional_confirmation_required"", ""operator_name"": ""institutional_confirmation_required"", ""infrastructure_status"": ""institutional_confirmation_required"", ""completion_percentage"": ""institutional_confirmation_required""}",data/incoming/tourism-investment-projects.kml,institutional_confirmation_required,institutional_confirmation_required,institutional_confirmation_required,institutional_confirmation_required,institutional_confirmation_required,institutional_confirmation_required,true,"Missing is not interpreted as negative, unlicensed, private, or stalled."
LY-INV-REV-NAT-00114,البردي-2,"{""ownership_type"": ""institutional_confirmation_required"", ""ownership_entity"": ""institutional_confirmation_required"", ""legal_status"": ""institutional_confirmation_required"", ""license_status"": ""institutional_confirmation_required"", ""planning_status"": ""institutional_confirmation_required"", ""environmental_status"": ""institutional_confirmation_required"", ""investment_value"": ""institutional_confirmation_required"", ""estimated_cost"": ""institutional_confirmation_required"", ""currency"": ""institutional_confirmation_required"", ""site_area_m2"": ""institutional_confirmation_required"", ""site_area_hectares"": ""institutional_confirmation_required"", ""implementing_entity"": ""institutional_confirmation_required"", ""supervising_entity"": ""institutional_confirmation_required"", ""investor_name"": ""institutional_confirmation_required"", ""operator_name"": ""institutional_confirmation_required"", ""infrastructure_status"": ""institutional_confirmation_required"", ""completion_percentage"": ""institutional_confirmation_required""}",data/incoming/tourism-investment-projects.kml,institutional_confirmation_required,institutional_confirmation_required,institutional_confirmation_required,institutional_confirmation_required,institutional_confirmation_required,institutional_confirmation_required,true,"Missing is not interpreted as negative, unlicensed, private, or stalled."
LY-INV-REV-NAT-00115,عزاز,"{""ownership_type"": ""institutional_confirmation_required"", ""ownership_entity"": ""institutional_confirmation_required"", ""legal_status"": ""institutional_confirmation_required"", ""license_status"": ""institutional_confirmation_required"", ""planning_status"": ""institutional_confirmation_required"", ""environmental_status"": ""institutional_confirmation_required"", ""investment_value"": ""institutional_confirmation_required"", ""estimated_cost"": ""institutional_confirmation_required"", ""currency"": ""institutional_confirmation_required"", ""site_area_m2"": ""institutional_confirmation_required"", ""site_area_hectares"": ""institutional_confirmation_required"", ""implementing_entity"": ""institutional_confirmation_required"", ""supervising_entity"": ""institutional_confirmation_required"", ""investor_name"": ""institutional_confirmation_required"", ""operator_name"": ""institutional_confirmation_required"", ""infrastructure_status"": ""institutional_confirmation_required"", ""completion_percentage"": ""institutional_confirmation_required""}",data/incoming/tourism-investment-projects.kml,institutional_confirmation_required,institutional_confirmation_required,institutional_confirmation_required,institutional_confirmation_required,institutional_confirmation_required,institutional_confirmation_required,true,"Missing is not interpreted as negative, unlicensed, private, or stalled."
LY-INV-REV-NAT-00116,الجدي,"{""ownership_type"": ""institutional_confirmation_required"", ""ownership_entity"": ""institutional_confirmation_required"", ""legal_status"": ""institutional_confirmation_required"", ""license_status"": ""institutional_confirmation_required"", ""planning_status"": ""institutional_confirmation_required"", ""environmental_status"": ""institutional_confirmation_required"", ""investment_value"": ""institutional_confirmation_required"", ""estimated_cost"": ""institutional_confirmation_required"", ""currency"": ""institutional_confirmation_required"", ""site_area_m2"": ""institutional_confirmation_required"", ""site_area_hectares"": ""institutional_confirmation_required"", ""implementing_entity"": ""institutional_confirmation_required"", ""supervising_entity"": ""institutional_confirmation_required"", ""investor_name"": ""institutional_confirmation_required"", ""operator_name"": ""institutional_confirmation_required"", ""infrastructure_status"": ""institutional_confirmation_required"", ""completion_percentage"": ""institutional_confirmation_required""}",data/incoming/tourism-investment-projects.kml,institutional_confirmation_required,institutional_confirmation_required,institutional_confirmation_required,institutional_confirmation_required,institutional_confirmation_required,institutional_confirmation_required,true,"Missing is not interpreted as negative, unlicensed, private, or stalled."
LY-INV-REV-NAT-00117,شويمر,"{""ownership_type"": ""institutional_confirmation_required"", ""ownership_entity"": ""institutional_confirmation_required"", ""legal_status"": ""institutional_confirmation_required"", ""license_status"": ""institutional_confirmation_required"", ""planning_status"": ""institutional_confirmation_required"", ""environmental_status"": ""institutional_confirmation_required"", ""investment_value"": ""institutional_confirmation_required"", ""estimated_cost"": ""institutional_confirmation_required"", ""currency"": ""institutional_confirmation_required"", ""site_area_m2"": ""institutional_confirmation_required"", ""site_area_hectares"": ""institutional_confirmation_required"", ""implementing_entity"": ""institutional_confirmation_required"", ""supervising_entity"": ""institutional_confirmation_required"", ""investor_name"": ""institutional_confirmation_required"", ""operator_name"": ""institutional_confirmation_required"", ""infrastructure_status"": ""institutional_confirmation_required"", ""completion_percentage"": ""institutional_confirmation_required""}",data/incoming/tourism-investment-projects.kml,institutional_confirmation_required,institutional_confirmation_required,institutional_confirmation_required,institutional_confirmation_required,institutional_confirmation_required,institutional_confirmation_required,true,"Missing is not interpreted as negative, unlicensed, private, or stalled."
LY-INV-REV-NAT-00118,مرسة دفنة,"{""ownership_type"": ""institutional_confirmation_required"", ""ownership_entity"": ""institutional_confirmation_required"", ""legal_status"": ""institutional_confirmation_required"", ""license_status"": ""institutional_confirmation_required"", ""planning_status"": ""institutional_confirmation_required"", ""environmental_status"": ""institutional_confirmation_required"", ""investment_value"": ""institutional_confirmation_required"", ""estimated_cost"": ""institutional_confirmation_required"", ""currency"": ""institutional_confirmation_required"", ""site_area_m2"": ""institutional_confirmation_required"", ""site_area_hectares"": ""institutional_confirmation_required"", ""implementing_entity"": ""institutional_confirmation_required"", ""supervising_entity"": ""institutional_confirmation_required"", ""investor_name"": ""institutional_confirmation_required"", ""operator_name"": ""institutional_confirmation_required"", ""infrastructure_status"": ""institutional_confirmation_required"", ""completion_percentage"": ""institutional_confirmation_required""}",data/incoming/tourism-investment-projects.kml,institutional_confirmation_required,institutional_confirmation_required,institutional_confirmation_required,institutional_confirmation_required,institutional_confirmation_required,institutional_confirmation_required,true,"Missing is not interpreted as negative, unlicensed, private, or stalled."
LY-INV-REV-NAT-00119,بئرالأشهب,"{""ownership_type"": ""institutional_confirmation_required"", ""ownership_entity"": ""institutional_confirmation_required"", ""legal_status"": ""institutional_confirmation_required"", ""license_status"": ""institutional_confirmation_required"", ""planning_status"": ""institutional_confirmation_required"", ""environmental_status"": ""institutional_confirmation_required"", ""investment_value"": ""institutional_confirmation_required"", ""estimated_cost"": ""institutional_confirmation_required"", ""currency"": ""institutional_confirmation_required"", ""site_area_m2"": ""institutional_confirmation_required"", ""site_area_hectares"": ""institutional_confirmation_required"", ""implementing_entity"": ""institutional_confirmation_required"", ""supervising_entity"": ""institutional_confirmation_required"", ""investor_name"": ""institutional_confirmation_required"", ""operator_name"": ""institutional_confirmation_required"", ""infrastructure_status"": ""institutional_confirmation_required"", ""completion_percentage"": ""institutional_confirmation_required""}",data/incoming/tourism-investment-projects.kml,institutional_confirmation_required,institutional_confirmation_required,institutional_confirmation_required,institutional_confirmation_required,institutional_confirmation_required,institutional_confirmation_required,true,"Missing is not interpreted as negative, unlicensed, private, or stalled."
LY-INV-REV-NAT-00120,قابس,"{""ownership_type"": ""institutional_confirmation_required"", ""ownership_entity"": ""institutional_confirmation_required"", ""legal_status"": ""institutional_confirmation_required"", ""license_status"": ""institutional_confirmation_required"", ""planning_status"": ""institutional_confirmation_required"", ""environmental_status"": ""institutional_confirmation_required"", ""investment_value"": ""institutional_confirmation_required"", ""estimated_cost"": ""institutional_confirmation_required"", ""currency"": ""institutional_confirmation_required"", ""site_area_m2"": ""institutional_confirmation_required"", ""site_area_hectares"": ""institutional_confirmation_required"", ""implementing_entity"": ""institutional_confirmation_required"", ""supervising_entity"": ""institutional_confirmation_required"", ""investor_name"": ""institutional_confirmation_required"", ""operator_name"": ""institutional_confirmation_required"", ""infrastructure_status"": ""institutional_confirmation_required"", ""completion_percentage"": ""institutional_confirmation_required""}",data/incoming/tourism-investment-projects.kml,institutional_confirmation_required,institutional_confirmation_required,institutional_confirmation_required,institutional_confirmation_required,institutional_confirmation_required,institutional_confirmation_required,true,"Missing is not interpreted as negative, unlicensed, private, or stalled."
LY-INV-REV-NAT-00121,كمبوت,"{""ownership_type"": ""institutional_confirmation_required"", ""ownership_entity"": ""institutional_confirmation_required"", ""legal_status"": ""institutional_confirmation_required"", ""license_status"": ""institutional_confirmation_required"", ""planning_status"": ""institutional_confirmation_required"", ""environmental_status"": ""institutional_confirmation_required"", ""investment_value"": ""institutional_confirmation_required"", ""estimated_cost"": ""institutional_confirmation_required"", ""currency"": ""institutional_confirmation_required"", ""site_area_m2"": ""institutional_confirmation_required"", ""site_area_hectares"": ""institutional_confirmation_required"", ""implementing_entity"": ""institutional_confirmation_required"", ""supervising_entity"": ""institutional_confirmation_required"", ""investor_name"": ""institutional_confirmation_required"", ""operator_name"": ""institutional_confirmation_required"", ""infrastructure_status"": ""institutional_confirmation_required"", ""completion_percentage"": ""institutional_confirmation_required""}",data/incoming/tourism-investment-projects.kml,institutional_confirmation_required,institutional_confirmation_required,institutional_confirmation_required,institutional_confirmation_required,institutional_confirmation_required,institutional_confirmation_required,true,"Missing is not interpreted as negative, unlicensed, private, or stalled."
LY-INV-REV-NAT-00122,العقلة,"{""ownership_type"": ""institutional_confirmation_required"", ""ownership_entity"": ""institutional_confirmation_required"", ""legal_status"": ""institutional_confirmation_required"", ""license_status"": ""institutional_confirmation_required"", ""planning_status"": ""institutional_confirmation_required"", ""environmental_status"": ""institutional_confirmation_required"", ""investment_value"": ""institutional_confirmation_required"", ""estimated_cost"": ""institutional_confirmation_required"", ""currency"": ""institutional_confirmation_required"", ""site_area_m2"": ""institutional_confirmation_required"", ""site_area_hectares"": ""institutional_confirmation_required"", ""implementing_entity"": ""institutional_confirmation_required"", ""supervising_entity"": ""institutional_confirmation_required"", ""investor_name"": ""institutional_confirmation_required"", ""operator_name"": ""institutional_confirmation_required"", ""infrastructure_status"": ""institutional_confirmation_required"", ""completion_percentage"": ""institutional_confirmation_required""}",data/incoming/tourism-investment-projects.kml,institutional_confirmation_required,institutional_confirmation_required,institutional_confirmation_required,institutional_confirmation_required,institutional_confirmation_required,institutional_confirmation_required,true,"Missing is not interpreted as negative, unlicensed, private, or stalled."
LY-INV-REV-NAT-00123,العودا,"{""ownership_type"": ""institutional_confirmation_required"", ""ownership_entity"": ""institutional_confirmation_required"", ""legal_status"": ""institutional_confirmation_required"", ""license_status"": ""institutional_confirmation_required"", ""planning_status"": ""institutional_confirmation_required"", ""environmental_status"": ""institutional_confirmation_required"", ""investment_value"": ""institutional_confirmation_required"", ""estimated_cost"": ""institutional_confirmation_required"", ""currency"": ""institutional_confirmation_required"", ""site_area_m2"": ""institutional_confirmation_required"", ""site_area_hectares"": ""institutional_confirmation_required"", ""implementing_entity"": ""institutional_confirmation_required"", ""supervising_entity"": ""institutional_confirmation_required"", ""investor_name"": ""institutional_confirmation_required"", ""operator_name"": ""institutional_confirmation_required"", ""infrastructure_status"": ""institutional_confirmation_required"", ""completion_percentage"": ""institutional_confirmation_required""}",data/incoming/tourism-investment-projects.kml,institutional_confirmation_required,institutional_confirmation_required,institutional_confirmation_required,institutional_confirmation_required,institutional_confirmation_required,institutional_confirmation_required,true,"Missing is not interpreted as negative, unlicensed, private, or stalled."
LY-INV-REV-NAT-00124,المرصص,"{""ownership_type"": ""institutional_confirmation_required"", ""ownership_entity"": ""institutional_confirmation_required"", ""legal_status"": ""institutional_confirmation_required"", ""license_status"": ""institutional_confirmation_required"", ""planning_status"": ""institutional_confirmation_required"", ""environmental_status"": ""institutional_confirmation_required"", ""investment_value"": ""institutional_confirmation_required"", ""estimated_cost"": ""institutional_confirmation_required"", ""currency"": ""institutional_confirmation_required"", ""site_area_m2"": ""institutional_confirmation_required"", ""site_area_hectares"": ""institutional_confirmation_required"", ""implementing_entity"": ""institutional_confirmation_required"", ""supervising_entity"": ""institutional_confirmation_required"", ""investor_name"": ""institutional_confirmation_required"", ""operator_name"": ""institutional_confirmation_required"", ""infrastructure_status"": ""institutional_confirmation_required"", ""completion_percentage"": ""institutional_confirmation_required""}",data/incoming/tourism-investment-projects.kml,institutional_confirmation_required,institutional_confirmation_required,institutional_confirmation_required,institutional_confirmation_required,institutional_confirmation_required,institutional_confirmation_required,true,"Missing is not interpreted as negative, unlicensed, private, or stalled."
LY-INV-REV-NAT-00125,بلخاتر,"{""ownership_type"": ""institutional_confirmation_required"", ""ownership_entity"": ""institutional_confirmation_required"", ""legal_status"": ""institutional_confirmation_required"", ""license_status"": ""institutional_confirmation_required"", ""planning_status"": ""institutional_confirmation_required"", ""environmental_status"": ""institutional_confirmation_required"", ""investment_value"": ""institutional_confirmation_required"", ""estimated_cost"": ""institutional_confirmation_required"", ""currency"": ""institutional_confirmation_required"", ""site_area_m2"": ""institutional_confirmation_required"", ""site_area_hectares"": ""institutional_confirmation_required"", ""implementing_entity"": ""institutional_confirmation_required"", ""supervising_entity"": ""institutional_confirmation_required"", ""investor_name"": ""institutional_confirmation_required"", ""operator_name"": ""institutional_confirmation_required"", ""infrastructure_status"": ""institutional_confirmation_required"", ""completion_percentage"": ""institutional_confirmation_required""}",data/incoming/tourism-investment-projects.kml,institutional_confirmation_required,institutional_confirmation_required,institutional_confirmation_required,institutional_confirmation_required,institutional_confirmation_required,institutional_confirmation_required,true,"Missing is not interpreted as negative, unlicensed, private, or stalled."
LY-INV-REV-NAT-00126,عين الغزال,"{""ownership_type"": ""institutional_confirmation_required"", ""ownership_entity"": ""institutional_confirmation_required"", ""legal_status"": ""institutional_confirmation_required"", ""license_status"": ""institutional_confirmation_required"", ""planning_status"": ""institutional_confirmation_required"", ""environmental_status"": ""institutional_confirmation_required"", ""investment_value"": ""institutional_confirmation_required"", ""estimated_cost"": ""institutional_confirmation_required"", ""currency"": ""institutional_confirmation_required"", ""site_area_m2"": ""institutional_confirmation_required"", ""site_area_hectares"": ""institutional_confirmation_required"", ""implementing_entity"": ""institutional_confirmation_required"", ""supervising_entity"": ""institutional_confirmation_required"", ""investor_name"": ""institutional_confirmation_required"", ""operator_name"": ""institutional_confirmation_required"", ""infrastructure_status"": ""institutional_confirmation_required"", ""completion_percentage"": ""institutional_confirmation_required""}",data/incoming/tourism-investment-projects.kml,institutional_confirmation_required,institutional_confirmation_required,institutional_confirmation_required,institutional_confirmation_required,institutional_confirmation_required,institutional_confirmation_required,true,"Missing is not interpreted as negative, unlicensed, private, or stalled."
LY-INV-REV-NAT-00127,التميمي,"{""ownership_type"": ""institutional_confirmation_required"", ""ownership_entity"": ""institutional_confirmation_required"", ""legal_status"": ""institutional_confirmation_required"", ""license_status"": ""institutional_confirmation_required"", ""planning_status"": ""institutional_confirmation_required"", ""environmental_status"": ""institutional_confirmation_required"", ""investment_value"": ""institutional_confirmation_required"", ""estimated_cost"": ""institutional_confirmation_required"", ""currency"": ""institutional_confirmation_required"", ""site_area_m2"": ""institutional_confirmation_required"", ""site_area_hectares"": ""institutional_confirmation_required"", ""implementing_entity"": ""institutional_confirmation_required"", ""supervising_entity"": ""institutional_confirmation_required"", ""investor_name"": ""institutional_confirmation_required"", ""operator_name"": ""institutional_confirmation_required"", ""infrastructure_status"": ""institutional_confirmation_required"", ""completion_percentage"": ""institutional_confirmation_required""}",data/incoming/tourism-investment-projects.kml,institutional_confirmation_required,institutional_confirmation_required,institutional_confirmation_required,institutional_confirmation_required,institutional_confirmation_required,institutional_confirmation_required,true,"Missing is not interpreted as negative, unlicensed, private, or stalled."
LY-INV-REV-NAT-00128,بالقردان,"{""ownership_type"": ""institutional_confirmation_required"", ""ownership_entity"": ""institutional_confirmation_required"", ""legal_status"": ""institutional_confirmation_required"", ""license_status"": ""institutional_confirmation_required"", ""planning_status"": ""institutional_confirmation_required"", ""environmental_status"": ""institutional_confirmation_required"", ""investment_value"": ""institutional_confirmation_required"", ""estimated_cost"": ""institutional_confirmation_required"", ""currency"": ""institutional_confirmation_required"", ""site_area_m2"": ""institutional_confirmation_required"", ""site_area_hectares"": ""institutional_confirmation_required"", ""implementing_entity"": ""institutional_confirmation_required"", ""supervising_entity"": ""institutional_confirmation_required"", ""investor_name"": ""institutional_confirmation_required"", ""operator_name"": ""institutional_confirmation_required"", ""infrastructure_status"": ""institutional_confirmation_required"", ""completion_percentage"": ""institutional_confirmation_required""}",data/incoming/tourism-investment-projects.kml,institutional_confirmation_required,institutional_confirmation_required,institutional_confirmation_required,institutional_confirmation_required,institutional_confirmation_required,institutional_confirmation_required,true,"Missing is not interpreted as negative, unlicensed, private, or stalled."
LY-INV-REV-NAT-00129,راس التين-2,"{""ownership_type"": ""institutional_confirmation_required"", ""ownership_entity"": ""institutional_confirmation_required"", ""legal_status"": ""institutional_confirmation_required"", ""license_status"": ""institutional_confirmation_required"", ""planning_status"": ""institutional_confirmation_required"", ""environmental_status"": ""institutional_confirmation_required"", ""investment_value"": ""institutional_confirmation_required"", ""estimated_cost"": ""institutional_confirmation_required"", ""currency"": ""institutional_confirmation_required"", ""site_area_m2"": ""institutional_confirmation_required"", ""site_area_hectares"": ""institutional_confirmation_required"", ""implementing_entity"": ""institutional_confirmation_required"", ""supervising_entity"": ""institutional_confirmation_required"", ""investor_name"": ""institutional_confirmation_required"", ""operator_name"": ""institutional_confirmation_required"", ""infrastructure_status"": ""institutional_confirmation_required"", ""completion_percentage"": ""institutional_confirmation_required""}",data/incoming/tourism-investment-projects.kml,institutional_confirmation_required,institutional_confirmation_required,institutional_confirmation_required,institutional_confirmation_required,institutional_confirmation_required,institutional_confirmation_required,true,"Missing is not interpreted as negative, unlicensed, private, or stalled."
LY-INV-REV-NAT-00130,خبطة,"{""ownership_type"": ""institutional_confirmation_required"", ""ownership_entity"": ""institutional_confirmation_required"", ""legal_status"": ""institutional_confirmation_required"", ""license_status"": ""institutional_confirmation_required"", ""planning_status"": ""institutional_confirmation_required"", ""environmental_status"": ""institutional_confirmation_required"", ""investment_value"": ""institutional_confirmation_required"", ""estimated_cost"": ""institutional_confirmation_required"", ""currency"": ""institutional_confirmation_required"", ""site_area_m2"": ""institutional_confirmation_required"", ""site_area_hectares"": ""institutional_confirmation_required"", ""implementing_entity"": ""institutional_confirmation_required"", ""supervising_entity"": ""institutional_confirmation_required"", ""investor_name"": ""institutional_confirmation_required"", ""operator_name"": ""institutional_confirmation_required"", ""infrastructure_status"": ""institutional_confirmation_required"", ""completion_percentage"": ""institutional_confirmation_required""}",data/incoming/tourism-investment-projects.kml,institutional_confirmation_required,institutional_confirmation_required,institutional_confirmation_required,institutional_confirmation_required,institutional_confirmation_required,institutional_confirmation_required,true,"Missing is not interpreted as negative, unlicensed, private, or stalled."
LY-INV-REV-NAT-00131,بوهريشيمة,"{""ownership_type"": ""institutional_confirmation_required"", ""ownership_entity"": ""institutional_confirmation_required"", ""legal_status"": ""institutional_confirmation_required"", ""license_status"": ""institutional_confirmation_required"", ""planning_status"": ""institutional_confirmation_required"", ""environmental_status"": ""institutional_confirmation_required"", ""investment_value"": ""institutional_confirmation_required"", ""estimated_cost"": ""institutional_confirmation_required"", ""currency"": ""institutional_confirmation_required"", ""site_area_m2"": ""institutional_confirmation_required"", ""site_area_hectares"": ""institutional_confirmation_required"", ""implementing_entity"": ""institutional_confirmation_required"", ""supervising_entity"": ""institutional_confirmation_required"", ""investor_name"": ""institutional_confirmation_required"", ""operator_name"": ""institutional_confirmation_required"", ""infrastructure_status"": ""institutional_confirmation_required"", ""completion_percentage"": ""institutional_confirmation_required""}",data/incoming/tourism-investment-projects.kml,institutional_confirmation_required,institutional_confirmation_required,institutional_confirmation_required,institutional_confirmation_required,institutional_confirmation_required,institutional_confirmation_required,true,"Missing is not interpreted as negative, unlicensed, private, or stalled."
LY-INV-REV-NAT-00132,الزويتينة الشمالي,"{""ownership_type"": ""institutional_confirmation_required"", ""ownership_entity"": ""institutional_confirmation_required"", ""legal_status"": ""institutional_confirmation_required"", ""license_status"": ""institutional_confirmation_required"", ""planning_status"": ""institutional_confirmation_required"", ""environmental_status"": ""institutional_confirmation_required"", ""investment_value"": ""institutional_confirmation_required"", ""estimated_cost"": ""institutional_confirmation_required"", ""currency"": ""institutional_confirmation_required"", ""site_area_m2"": ""institutional_confirmation_required"", ""site_area_hectares"": ""institutional_confirmation_required"", ""implementing_entity"": ""institutional_confirmation_required"", ""supervising_entity"": ""institutional_confirmation_required"", ""investor_name"": ""institutional_confirmation_required"", ""operator_name"": ""institutional_confirmation_required"", ""infrastructure_status"": ""institutional_confirmation_required"", ""completion_percentage"": ""institutional_confirmation_required""}",data/incoming/tourism-investment-projects.kml,institutional_confirmation_required,institutional_confirmation_required,institutional_confirmation_required,institutional_confirmation_required,institutional_confirmation_required,institutional_confirmation_required,true,"Missing is not interpreted as negative, unlicensed, private, or stalled."
LY-INV-REV-NAT-00133,الزويتينة الجنوبي,"{""ownership_type"": ""institutional_confirmation_required"", ""ownership_entity"": ""institutional_confirmation_required"", ""legal_status"": ""institutional_confirmation_required"", ""license_status"": ""institutional_confirmation_required"", ""planning_status"": ""institutional_confirmation_required"", ""environmental_status"": ""institutional_confirmation_required"", ""investment_value"": ""institutional_confirmation_required"", ""estimated_cost"": ""institutional_confirmation_required"", ""currency"": ""institutional_confirmation_required"", ""site_area_m2"": ""institutional_confirmation_required"", ""site_area_hectares"": ""institutional_confirmation_required"", ""implementing_entity"": ""institutional_confirmation_required"", ""supervising_entity"": ""institutional_confirmation_required"", ""investor_name"": ""institutional_confirmation_required"", ""operator_name"": ""institutional_confirmation_required"", ""infrastructure_status"": ""institutional_confirmation_required"", ""completion_percentage"": ""institutional_confirmation_required""}",data/incoming/tourism-investment-projects.kml,institutional_confirmation_required,institutional_confirmation_required,institutional_confirmation_required,institutional_confirmation_required,institutional_confirmation_required,institutional_confirmation_required,true,"Missing is not interpreted as negative, unlicensed, private, or stalled."
LY-INV-REV-NAT-00134,مرير قابس,"{""ownership_type"": ""institutional_confirmation_required"", ""ownership_entity"": ""institutional_confirmation_required"", ""legal_status"": ""institutional_confirmation_required"", ""license_status"": ""institutional_confirmation_required"", ""planning_status"": ""institutional_confirmation_required"", ""environmental_status"": ""institutional_confirmation_required"", ""investment_value"": ""institutional_confirmation_required"", ""estimated_cost"": ""institutional_confirmation_required"", ""currency"": ""institutional_confirmation_required"", ""site_area_m2"": ""institutional_confirmation_required"", ""site_area_hectares"": ""institutional_confirmation_required"", ""implementing_entity"": ""institutional_confirmation_required"", ""supervising_entity"": ""institutional_confirmation_required"", ""investor_name"": ""institutional_confirmation_required"", ""operator_name"": ""institutional_confirmation_required"", ""infrastructure_status"": ""institutional_confirmation_required"", ""completion_percentage"": ""institutional_confirmation_required""}",data/incoming/tourism-investment-projects.kml,institutional_confirmation_required,institutional_confirmation_required,institutional_confirmation_required,institutional_confirmation_required,institutional_confirmation_required,institutional_confirmation_required,true,"Missing is not interpreted as negative, unlicensed, private, or stalled."
LY-INV-REV-NAT-00135,بشر,"{""ownership_type"": ""institutional_confirmation_required"", ""ownership_entity"": ""institutional_confirmation_required"", ""legal_status"": ""institutional_confirmation_required"", ""license_status"": ""institutional_confirmation_required"", ""planning_status"": ""institutional_confirmation_required"", ""environmental_status"": ""institutional_confirmation_required"", ""investment_value"": ""institutional_confirmation_required"", ""estimated_cost"": ""institutional_confirmation_required"", ""currency"": ""institutional_confirmation_required"", ""site_area_m2"": ""institutional_confirmation_required"", ""site_area_hectares"": ""institutional_confirmation_required"", ""implementing_entity"": ""institutional_confirmation_required"", ""supervising_entity"": ""institutional_confirmation_required"", ""investor_name"": ""institutional_confirmation_required"", ""operator_name"": ""institutional_confirmation_required"", ""infrastructure_status"": ""institutional_confirmation_required"", ""completion_percentage"": ""institutional_confirmation_required""}",data/incoming/tourism-investment-projects.kml,institutional_confirmation_required,institutional_confirmation_required,institutional_confirmation_required,institutional_confirmation_required,institutional_confirmation_required,institutional_confirmation_required,true,"Missing is not interpreted as negative, unlicensed, private, or stalled."
LY-INV-REV-NAT-00136,العقيلة,"{""ownership_type"": ""institutional_confirmation_required"", ""ownership_entity"": ""institutional_confirmation_required"", ""legal_status"": ""institutional_confirmation_required"", ""license_status"": ""institutional_confirmation_required"", ""planning_status"": ""institutional_confirmation_required"", ""environmental_status"": ""institutional_confirmation_required"", ""investment_value"": ""institutional_confirmation_required"", ""estimated_cost"": ""institutional_confirmation_required"", ""currency"": ""institutional_confirmation_required"", ""site_area_m2"": ""institutional_confirmation_required"", ""site_area_hectares"": ""institutional_confirmation_required"", ""implementing_entity"": ""institutional_confirmation_required"", ""supervising_entity"": ""institutional_confirmation_required"", ""investor_name"": ""institutional_confirmation_required"", ""operator_name"": ""institutional_confirmation_required"", ""infrastructure_status"": ""institutional_confirmation_required"", ""completion_percentage"": ""institutional_confirmation_required""}",data/incoming/tourism-investment-projects.kml,institutional_confirmation_required,institutional_confirmation_required,institutional_confirmation_required,institutional_confirmation_required,institutional_confirmation_required,institutional_confirmation_required,true,"Missing is not interpreted as negative, unlicensed, private, or stalled."
LY-INV-REV-NAT-00137,راس لانوف,"{""ownership_type"": ""institutional_confirmation_required"", ""ownership_entity"": ""institutional_confirmation_required"", ""legal_status"": ""institutional_confirmation_required"", ""license_status"": ""institutional_confirmation_required"", ""planning_status"": ""institutional_confirmation_required"", ""environmental_status"": ""institutional_confirmation_required"", ""investment_value"": ""institutional_confirmation_required"", ""estimated_cost"": ""institutional_confirmation_required"", ""currency"": ""institutional_confirmation_required"", ""site_area_m2"": ""institutional_confirmation_required"", ""site_area_hectares"": ""institutional_confirmation_required"", ""implementing_entity"": ""institutional_confirmation_required"", ""supervising_entity"": ""institutional_confirmation_required"", ""investor_name"": ""institutional_confirmation_required"", ""operator_name"": ""institutional_confirmation_required"", ""infrastructure_status"": ""institutional_confirmation_required"", ""completion_percentage"": ""institutional_confirmation_required""}",data/incoming/tourism-investment-projects.kml,institutional_confirmation_required,institutional_confirmation_required,institutional_confirmation_required,institutional_confirmation_required,institutional_confirmation_required,institutional_confirmation_required,true,"Missing is not interpreted as negative, unlicensed, private, or stalled."
LY-INV-REV-NAT-00138,السدرة,"{""ownership_type"": ""institutional_confirmation_required"", ""ownership_entity"": ""institutional_confirmation_required"", ""legal_status"": ""institutional_confirmation_required"", ""license_status"": ""institutional_confirmation_required"", ""planning_status"": ""institutional_confirmation_required"", ""environmental_status"": ""institutional_confirmation_required"", ""investment_value"": ""institutional_confirmation_required"", ""estimated_cost"": ""institutional_confirmation_required"", ""currency"": ""institutional_confirmation_required"", ""site_area_m2"": ""institutional_confirmation_required"", ""site_area_hectares"": ""institutional_confirmation_required"", ""implementing_entity"": ""institutional_confirmation_required"", ""supervising_entity"": ""institutional_confirmation_required"", ""investor_name"": ""institutional_confirmation_required"", ""operator_name"": ""institutional_confirmation_required"", ""infrastructure_status"": ""institutional_confirmation_required"", ""completion_percentage"": ""institutional_confirmation_required""}",data/incoming/tourism-investment-projects.kml,institutional_confirmation_required,institutional_confirmation_required,institutional_confirmation_required,institutional_confirmation_required,institutional_confirmation_required,institutional_confirmation_required,true,"Missing is not interpreted as negative, unlicensed, private, or stalled."
LY-INV-REV-NAT-00139,بن جواد,"{""ownership_type"": ""institutional_confirmation_required"", ""ownership_entity"": ""institutional_confirmation_required"", ""legal_status"": ""institutional_confirmation_required"", ""license_status"": ""institutional_confirmation_required"", ""planning_status"": ""institutional_confirmation_required"", ""environmental_status"": ""institutional_confirmation_required"", ""investment_value"": ""institutional_confirmation_required"", ""estimated_cost"": ""institutional_confirmation_required"", ""currency"": ""institutional_confirmation_required"", ""site_area_m2"": ""institutional_confirmation_required"", ""site_area_hectares"": ""institutional_confirmation_required"", ""implementing_entity"": ""institutional_confirmation_required"", ""supervising_entity"": ""institutional_confirmation_required"", ""investor_name"": ""institutional_confirmation_required"", ""operator_name"": ""institutional_confirmation_required"", ""infrastructure_status"": ""institutional_confirmation_required"", ""completion_percentage"": ""institutional_confirmation_required""}",data/incoming/tourism-investment-projects.kml,institutional_confirmation_required,institutional_confirmation_required,institutional_confirmation_required,institutional_confirmation_required,institutional_confirmation_required,institutional_confirmation_required,true,"Missing is not interpreted as negative, unlicensed, private, or stalled."
LY-INV-REV-NAT-00140,عسيلة الغربي,"{""ownership_type"": ""institutional_confirmation_required"", ""ownership_entity"": ""institutional_confirmation_required"", ""legal_status"": ""institutional_confirmation_required"", ""license_status"": ""institutional_confirmation_required"", ""planning_status"": ""institutional_confirmation_required"", ""environmental_status"": ""institutional_confirmation_required"", ""investment_value"": ""institutional_confirmation_required"", ""estimated_cost"": ""institutional_confirmation_required"", ""currency"": ""institutional_confirmation_required"", ""site_area_m2"": ""institutional_confirmation_required"", ""site_area_hectares"": ""institutional_confirmation_required"", ""implementing_entity"": ""institutional_confirmation_required"", ""supervising_entity"": ""institutional_confirmation_required"", ""investor_name"": ""institutional_confirmation_required"", ""operator_name"": ""institutional_confirmation_required"", ""infrastructure_status"": ""institutional_confirmation_required"", ""completion_percentage"": ""institutional_confirmation_required""}",data/incoming/tourism-investment-projects.kml,institutional_confirmation_required,institutional_confirmation_required,institutional_confirmation_required,institutional_confirmation_required,institutional_confirmation_required,institutional_confirmation_required,true,"Missing is not interpreted as negative, unlicensed, private, or stalled."
LY-INV-REV-NAT-00141,هراوة,"{""ownership_type"": ""institutional_confirmation_required"", ""ownership_entity"": ""institutional_confirmation_required"", ""legal_status"": ""institutional_confirmation_required"", ""license_status"": ""institutional_confirmation_required"", ""planning_status"": ""institutional_confirmation_required"", ""environmental_status"": ""institutional_confirmation_required"", ""investment_value"": ""institutional_confirmation_required"", ""estimated_cost"": ""institutional_confirmation_required"", ""currency"": ""institutional_confirmation_required"", ""site_area_m2"": ""institutional_confirmation_required"", ""site_area_hectares"": ""institutional_confirmation_required"", ""implementing_entity"": ""institutional_confirmation_required"", ""supervising_entity"": ""institutional_confirmation_required"", ""investor_name"": ""institutional_confirmation_required"", ""operator_name"": ""institutional_confirmation_required"", ""infrastructure_status"": ""institutional_confirmation_required"", ""completion_percentage"": ""institutional_confirmation_required""}",data/incoming/tourism-investment-projects.kml,institutional_confirmation_required,institutional_confirmation_required,institutional_confirmation_required,institutional_confirmation_required,institutional_confirmation_required,institutional_confirmation_required,true,"Missing is not interpreted as negative, unlicensed, private, or stalled."
LY-INV-REV-NAT-00142,السميدة,"{""ownership_type"": ""institutional_confirmation_required"", ""ownership_entity"": ""institutional_confirmation_required"", ""legal_status"": ""institutional_confirmation_required"", ""license_status"": ""institutional_confirmation_required"", ""planning_status"": ""institutional_confirmation_required"", ""environmental_status"": ""institutional_confirmation_required"", ""investment_value"": ""institutional_confirmation_required"", ""estimated_cost"": ""institutional_confirmation_required"", ""currency"": ""institutional_confirmation_required"", ""site_area_m2"": ""institutional_confirmation_required"", ""site_area_hectares"": ""institutional_confirmation_required"", ""implementing_entity"": ""institutional_confirmation_required"", ""supervising_entity"": ""institutional_confirmation_required"", ""investor_name"": ""institutional_confirmation_required"", ""operator_name"": ""institutional_confirmation_required"", ""infrastructure_status"": ""institutional_confirmation_required"", ""completion_percentage"": ""institutional_confirmation_required""}",data/incoming/tourism-investment-projects.kml,institutional_confirmation_required,institutional_confirmation_required,institutional_confirmation_required,institutional_confirmation_required,institutional_confirmation_required,institutional_confirmation_required,true,"Missing is not interpreted as negative, unlicensed, private, or stalled."
LY-INV-REV-NAT-00143,قصر أحمد,"{""ownership_type"": ""institutional_confirmation_required"", ""ownership_entity"": ""institutional_confirmation_required"", ""legal_status"": ""institutional_confirmation_required"", ""license_status"": ""institutional_confirmation_required"", ""planning_status"": ""institutional_confirmation_required"", ""environmental_status"": ""institutional_confirmation_required"", ""investment_value"": ""institutional_confirmation_required"", ""estimated_cost"": ""institutional_confirmation_required"", ""currency"": ""institutional_confirmation_required"", ""site_area_m2"": ""institutional_confirmation_required"", ""site_area_hectares"": ""institutional_confirmation_required"", ""implementing_entity"": ""institutional_confirmation_required"", ""supervising_entity"": ""institutional_confirmation_required"", ""investor_name"": ""institutional_confirmation_required"", ""operator_name"": ""institutional_confirmation_required"", ""infrastructure_status"": ""institutional_confirmation_required"", ""completion_percentage"": ""institutional_confirmation_required""}",data/incoming/tourism-investment-projects.kml,institutional_confirmation_required,institutional_confirmation_required,institutional_confirmation_required,institutional_confirmation_required,institutional_confirmation_required,institutional_confirmation_required,true,"Missing is not interpreted as negative, unlicensed, private, or stalled."
LY-INV-REV-NAT-00144,الدافنية,"{""ownership_type"": ""institutional_confirmation_required"", ""ownership_entity"": ""institutional_confirmation_required"", ""legal_status"": ""institutional_confirmation_required"", ""license_status"": ""institutional_confirmation_required"", ""planning_status"": ""institutional_confirmation_required"", ""environmental_status"": ""institutional_confirmation_required"", ""investment_value"": ""institutional_confirmation_required"", ""estimated_cost"": ""institutional_confirmation_required"", ""currency"": ""institutional_confirmation_required"", ""site_area_m2"": ""institutional_confirmation_required"", ""site_area_hectares"": ""institutional_confirmation_required"", ""implementing_entity"": ""institutional_confirmation_required"", ""supervising_entity"": ""institutional_confirmation_required"", ""investor_name"": ""institutional_confirmation_required"", ""operator_name"": ""institutional_confirmation_required"", ""infrastructure_status"": ""institutional_confirmation_required"", ""completion_percentage"": ""institutional_confirmation_required""}",data/incoming/tourism-investment-projects.kml,institutional_confirmation_required,institutional_confirmation_required,institutional_confirmation_required,institutional_confirmation_required,institutional_confirmation_required,institutional_confirmation_required,true,"Missing is not interpreted as negative, unlicensed, private, or stalled."
LY-INV-REV-NAT-00145,العويجة,"{""ownership_type"": ""institutional_confirmation_required"", ""ownership_entity"": ""institutional_confirmation_required"", ""legal_status"": ""institutional_confirmation_required"", ""license_status"": ""institutional_confirmation_required"", ""planning_status"": ""institutional_confirmation_required"", ""environmental_status"": ""institutional_confirmation_required"", ""investment_value"": ""institutional_confirmation_required"", ""estimated_cost"": ""institutional_confirmation_required"", ""currency"": ""institutional_confirmation_required"", ""site_area_m2"": ""institutional_confirmation_required"", ""site_area_hectares"": ""institutional_confirmation_required"", ""implementing_entity"": ""institutional_confirmation_required"", ""supervising_entity"": ""institutional_confirmation_required"", ""investor_name"": ""institutional_confirmation_required"", ""operator_name"": ""institutional_confirmation_required"", ""infrastructure_status"": ""institutional_confirmation_required"", ""completion_percentage"": ""institutional_confirmation_required""}",data/incoming/tourism-investment-projects.kml,institutional_confirmation_required,institutional_confirmation_required,institutional_confirmation_required,institutional_confirmation_required,institutional_confirmation_required,institutional_confirmation_required,true,"Missing is not interpreted as negative, unlicensed, private, or stalled."
LY-INV-REV-NAT-00146,أم الخنفس,"{""ownership_type"": ""institutional_confirmation_required"", ""ownership_entity"": ""institutional_confirmation_required"", ""legal_status"": ""institutional_confirmation_required"", ""license_status"": ""institutional_confirmation_required"", ""planning_status"": ""institutional_confirmation_required"", ""environmental_status"": ""institutional_confirmation_required"", ""investment_value"": ""institutional_confirmation_required"", ""estimated_cost"": ""institutional_confirmation_required"", ""currency"": ""institutional_confirmation_required"", ""site_area_m2"": ""institutional_confirmation_required"", ""site_area_hectares"": ""institutional_confirmation_required"", ""implementing_entity"": ""institutional_confirmation_required"", ""supervising_entity"": ""institutional_confirmation_required"", ""investor_name"": ""institutional_confirmation_required"", ""operator_name"": ""institutional_confirmation_required"", ""infrastructure_status"": ""institutional_confirmation_required"", ""completion_percentage"": ""institutional_confirmation_required""}",data/incoming/tourism-investment-projects.kml,institutional_confirmation_required,institutional_confirmation_required,institutional_confirmation_required,institutional_confirmation_required,institutional_confirmation_required,institutional_confirmation_required,true,"Missing is not interpreted as negative, unlicensed, private, or stalled."
LY-INV-REV-NAT-00147,عسيلة الشرقي,"{""ownership_type"": ""institutional_confirmation_required"", ""ownership_entity"": ""institutional_confirmation_required"", ""legal_status"": ""institutional_confirmation_required"", ""license_status"": ""institutional_confirmation_required"", ""planning_status"": ""institutional_confirmation_required"", ""environmental_status"": ""institutional_confirmation_required"", ""investment_value"": ""institutional_confirmation_required"", ""estimated_cost"": ""institutional_confirmation_required"", ""currency"": ""institutional_confirmation_required"", ""site_area_m2"": ""institutional_confirmation_required"", ""site_area_hectares"": ""institutional_confirmation_required"", ""implementing_entity"": ""institutional_confirmation_required"", ""supervising_entity"": ""institutional_confirmation_required"", ""investor_name"": ""institutional_confirmation_required"", ""operator_name"": ""institutional_confirmation_required"", ""infrastructure_status"": ""institutional_confirmation_required"", ""completion_percentage"": ""institutional_confirmation_required""}",data/incoming/tourism-investment-projects.kml,institutional_confirmation_required,institutional_confirmation_required,institutional_confirmation_required,institutional_confirmation_required,institutional_confirmation_required,institutional_confirmation_required,true,"Missing is not interpreted as negative, unlicensed, private, or stalled."
LY-INV-REV-NAT-00148,القرضابية,"{""ownership_type"": ""institutional_confirmation_required"", ""ownership_entity"": ""institutional_confirmation_required"", ""legal_status"": ""institutional_confirmation_required"", ""license_status"": ""institutional_confirmation_required"", ""planning_status"": ""institutional_confirmation_required"", ""environmental_status"": ""institutional_confirmation_required"", ""investment_value"": ""institutional_confirmation_required"", ""estimated_cost"": ""institutional_confirmation_required"", ""currency"": ""institutional_confirmation_required"", ""site_area_m2"": ""institutional_confirmation_required"", ""site_area_hectares"": ""institutional_confirmation_required"", ""implementing_entity"": ""institutional_confirmation_required"", ""supervising_entity"": ""institutional_confirmation_required"", ""investor_name"": ""institutional_confirmation_required"", ""operator_name"": ""institutional_confirmation_required"", ""infrastructure_status"": ""institutional_confirmation_required"", ""completion_percentage"": ""institutional_confirmation_required""}",data/incoming/tourism-investment-projects.kml,institutional_confirmation_required,institutional_confirmation_required,institutional_confirmation_required,institutional_confirmation_required,institutional_confirmation_required,institutional_confirmation_required,true,"Missing is not interpreted as negative, unlicensed, private, or stalled."
