<?xml version='1.0' encoding='utf-8'?>
<kml xmlns="http://www.opengis.net/kml/2.2"><Document><name>أكاكوس والفن الصخري</name><Placemark><name>قوس أفزجار</name><description>&lt;div class="atlas-popup" dir="rtl"&gt;&lt;h3&gt;قوس أفزجار&lt;/h3&gt;&lt;div class="atlas-popup-gallery"&gt;&lt;img src="https://lh3.googleusercontent.com/umsh/AN6v0v6l0Y3EPbTKqGzEkAT6R0TPlQCQ0mfIqeNgAlSwDnSATOyEsYPfMj1XLfR9VH1n4yw0cAHSU20vPEacLXMCo1bu4GWUFkauawBMwnzSVU2PMLu3es5y_fa-hsSU8T78N3f1etGyZQeLW1PWAXSE9hU4vMgxWhF11HZwLTwshzqxUp2zPKt5zIJgWASBM-WeR_W6Xp_ddGbwR-QSYuLMUtX123koPLYTsR_uDyA83VaT1-e7c6mFgB6iVNOwSMH_goENlhEC8eEaWrjx5TcdQjI2W-cdBaRf_GsDIM4XUD6r1u3CBdCvVwVIqOmPd9jwo1SaAXQvJcr_nT3ewlTbuyn5llzsT0qBLpooVgsPsxWsJzFwEfA9a3JKn-Nl_Yy58MTL28xATIeGPDPgtCueS0i26MNbBsHLOdUEhdDl0sAyKQCYgUjCdGwIxFLk_TS5Ox00vpvgeyu0wjppH_twVAGalxt2xk1_O6-AOaO9XZf4RmzmupGMqPZYbsPPgsSUMGV-ET9AiKUqC1TwaMdF9yxdk4t2tDDh_j4pR4x7g6WdnPropC6CdBrfojxWtkFdxaerr0oIgdTBEBilDhglSHjc9-UUIrC4hNB2hrrAPtwYy5NCUTfcBGqsTV-D-vnIBe54I72ICUHs2Q" alt="قوس أفزجار" loading="lazy" class="atlas-popup-image"&gt;&lt;/div&gt;&lt;div class="atlas-popup-details"&gt;&lt;div&gt;&lt;strong&gt;التصنيف:&lt;/strong&gt; مواقع طبيعية&lt;/div&gt;&lt;div&gt;&lt;strong&gt;الوصف:&lt;/strong&gt; قوس يبلغ ارتفاعه حوالي 19 مترًا، يقع إلى الغرب من وادي بوبو ويعرف باسم قوس أفزجان أو تين خليقة، نحتته عوامل التعرية، وتحيط به تشكيلات من الصخور التي تنتشر في محيطها ملاءات تحيط به الكهوف.&lt;/div&gt;&lt;div&gt;&lt;strong&gt;الكود:&lt;/strong&gt; Akk_NAT&lt;/div&gt;&lt;/div&gt;&lt;/div&gt;</description><ExtendedData><Data name="atlas_id"><value>LY-AKAKUS-00001</value></Data><Data name="category"><value>مواقع طبيعية</value></Data><Data name="description"><value>قوس يبلغ ارتفاعه حوالي 19 مترًا، يقع إلى الغرب من وادي بوبو ويعرف باسم قوس أفزجان أو تين خليقة، نحتته عوامل التعرية، وتحيط به تشكيلات من الصخور التي تنتشر في محيطها ملاءات تحيط به الكهوف.</value></Data><Data name="code"><value>Akk_NAT</value></Data><Data name="image_count"><value>1</value></Data><Data name="source_file"><value>اكاكوس.kml</value></Data><Data name="images_json"><value>["https://lh3.googleusercontent.com/umsh/AN6v0v6l0Y3EPbTKqGzEkAT6R0TPlQCQ0mfIqeNgAlSwDnSATOyEsYPfMj1XLfR9VH1n4yw0cAHSU20vPEacLXMCo1bu4GWUFkauawBMwnzSVU2PMLu3es5y_fa-hsSU8T78N3f1etGyZQeLW1PWAXSE9hU4vMgxWhF11HZwLTwshzqxUp2zPKt5zIJgWASBM-WeR_W6Xp_ddGbwR-QSYuLMUtX123koPLYTsR_uDyA83VaT1-e7c6mFgB6iVNOwSMH_goENlhEC8eEaWrjx5TcdQjI2W-cdBaRf_GsDIM4XUD6r1u3CBdCvVwVIqOmPd9jwo1SaAXQvJcr_nT3ewlTbuyn5llzsT0qBLpooVgsPsxWsJzFwEfA9a3JKn-Nl_Yy58MTL28xATIeGPDPgtCueS0i26MNbBsHLOdUEhdDl0sAyKQCYgUjCdGwIxFLk_TS5Ox00vpvgeyu0wjppH_twVAGalxt2xk1_O6-AOaO9XZf4RmzmupGMqPZYbsPPgsSUMGV-ET9AiKUqC1TwaMdF9yxdk4t2tDDh_j4pR4x7g6WdnPropC6CdBrfojxWtkFdxaerr0oIgdTBEBilDhglSHjc9-UUIrC4hNB2hrrAPtwYy5NCUTfcBGqsTV-D-vnIBe54I72ICUHs2Q"]</value></Data><Data name="atlas_id"><value>LY-AKAKUS-00001</value></Data><Data name="image_count"><value>1</value></Data><Data name="source_file"><value>اكاكوس.kml</value></Data><Data name="images_json"><value>["https://lh3.googleusercontent.com/umsh/AN6v0v6l0Y3EPbTKqGzEkAT6R0TPlQCQ0mfIqeNgAlSwDnSATOyEsYPfMj1XLfR9VH1n4yw0cAHSU20vPEacLXMCo1bu4GWUFkauawBMwnzSVU2PMLu3es5y_fa-hsSU8T78N3f1etGyZQeLW1PWAXSE9hU4vMgxWhF11HZwLTwshzqxUp2zPKt5zIJgWASBM-WeR_W6Xp_ddGbwR-QSYuLMUtX123koPLYTsR_uDyA83VaT1-e7c6mFgB6iVNOwSMH_goENlhEC8eEaWrjx5TcdQjI2W-cdBaRf_GsDIM4XUD6r1u3CBdCvVwVIqOmPd9jwo1SaAXQvJcr_nT3ewlTbuyn5llzsT0qBLpooVgsPsxWsJzFwEfA9a3JKn-Nl_Yy58MTL28xATIeGPDPgtCueS0i26MNbBsHLOdUEhdDl0sAyKQCYgUjCdGwIxFLk_TS5Ox00vpvgeyu0wjppH_twVAGalxt2xk1_O6-AOaO9XZf4RmzmupGMqPZYbsPPgsSUMGV-ET9AiKUqC1TwaMdF9yxdk4t2tDDh_j4pR4x7g6WdnPropC6CdBrfojxWtkFdxaerr0oIgdTBEBilDhglSHjc9-UUIrC4hNB2hrrAPtwYy5NCUTfcBGqsTV-D-vnIBe54I72ICUHs2Q"]</value></Data><Data name="atlas_id"><value>LY-AKA-000001</value></Data><Data name="layer_id"><value>akakus</value></Data><Data name="layer_name_ar"><value>أكاكوس</value></Data><Data name="layer_name_en"><value>Akakus</value></Data><Data name="name_ar"><value>قوس أفزجار</value></Data><Data name="latitude"><value>24.684159</value></Data><Data name="longitude"><value>10.633603</value></Data><Data name="images_json"><value>[&quot;https://lh3.googleusercontent.com/umsh/AN6v0v6l0Y3EPbTKqGzEkAT6R0TPlQCQ0mfIqeNgAlSwDnSATOyEsYPfMj1XLfR9VH1n4yw0cAHSU20vPEacLXMCo1bu4GWUFkauawBMwnzSVU2PMLu3es5y_fa-hsSU8T78N3f1etGyZQeLW1PWAXSE9hU4vMgxWhF11HZwLTwshzqxUp2zPKt5zIJgWASBM-WeR_W6Xp_ddGbwR-QSYuLMUtX123koPLYTsR_uDyA83VaT1-e7c6mFgB6iVNOwSMH_goENlhEC8eEaWrjx5TcdQjI2W-cdBaRf_GsDIM4XUD6r1u3CBdCvVwVIqOmPd9jwo1SaAXQvJcr_nT3ewlTbuyn5llzsT0qBLpooVgsPsxWsJzFwEfA9a3JKn-Nl_Yy58MTL28xATIeGPDPgtCueS0i26MNbBsHLOdUEhdDl0sAyKQCYgUjCdGwIxFLk_TS5Ox00vpvgeyu0wjppH_twVAGalxt2xk1_O6-AOaO9XZf4RmzmupGMqPZYbsPPgsSUMGV-ET9AiKUqC1TwaMdF9yxdk4t2tDDh_j4pR4x7g6WdnPropC6CdBrfojxWtkFdxaerr0oIgdTBEBilDhglSHjc9-UUIrC4hNB2hrrAPtwYy5NCUTfcBGqsTV-D-vnIBe54I72ICUHs2Q&quot;]</value></Data><Data name="image_count"><value>1</value></Data><Data name="source_file"><value>developed/akakus-developed.kml</value></Data><Data name="source_placemark_index"><value>1</value></Data><Data name="data_quality_status"><value>ok</value></Data></ExtendedData><Point><coordinates>10.633603,24.684159,0</coordinates></Point></Placemark><Placemark><name>قوس أفزجارن وقوس تنخليفة</name><description>&lt;div class="atlas-popup" dir="rtl"&gt;&lt;h3&gt;قوس أفزجارن وقوس تنخليفة&lt;/h3&gt;&lt;div class="atlas-popup-gallery"&gt;&lt;img src="https://lh3.googleusercontent.com/umsh/AN6v0v4oX1pCNgRSdymBXlTiJUGmeGxr4VDnG7F_sERciqIvPc-im8RkCTFPUWv_JqJm6Jo7UqLnEPTmuk7E2qXGPTSxpSpBxaLv3gIikb9QobxpkJqKZkQQaCg2uIlfHHOlS1jHvL5REMx95Tmj047OZGBfYGBTMOOj-ismUrB7euDmI791ZQ29wdO44jWBpXMjjnaPiKPVChwJrLAcfomlylfVUJjg5KtiSdDqCvgM95UMTd3ZxVWrQaj3l-Rir2EjgHN8KaDTHL54jcI_umFjDvRzB9eRxusfULJf6fiCkJslu6WLILgXExS-ZBDYl0j-QYuYor-YpjfV8EEct64aNhKR79VRLlU2JoNlHozpG57CbaEQtRfYY6jzeXb2hLjVNXELRAM3KNmjuf030RERg9PYqnE8e0L5oAoNMevxOyf2JRvcRzoTyzws4vHYsvz4KkBW18aVBefq07MHFOYT_hwUJa6wqrslcAw1GCVcuy1hJFioYEHbiNEgYbJCfuz91y0jMGU9YLkQoZJonm2YE9p6jtlXbAXCmxDkc93ZoX8ZYtoq6S8v4XkprYp7dI3bqqO3XUSO8usZKcBtf6L_viVH5Cp8hxVwdmb4cR2Y52BSfLO2858myIKliTez9Q3XBZaF8hlfvHG-Eg" alt="قوس أفزجارن وقوس تنخليفة" loading="lazy" class="atlas-popup-image"&gt;&lt;/div&gt;&lt;div class="atlas-popup-details"&gt;&lt;div&gt;&lt;strong&gt;الوصف:&lt;/strong&gt; قوس يبلغ ارتفاعه حوالي 19 مترًا، يقع إلى الغرب من وادي بوبو ويعرف باسم قوس أفزجان أو تين خليقة، نحتته عوامل التعرية، وتحيط به تشكيلات من الصخور التي تنتشر في محيطها ملاءات تحيط به الكهوف.&lt;/div&gt;&lt;/div&gt;&lt;/div&gt;</description><ExtendedData><Data name="atlas_id"><value>LY-AKAKUS-00002</value></Data><Data name="description"><value>قوس يبلغ ارتفاعه حوالي 19 مترًا، يقع إلى الغرب من وادي بوبو ويعرف باسم قوس أفزجان أو تين خليقة، نحتته عوامل التعرية، وتحيط به تشكيلات من الصخور التي تنتشر في محيطها ملاءات تحيط به الكهوف.</value></Data><Data name="image_count"><value>1</value></Data><Data name="source_file"><value>اكاكوس.kml</value></Data><Data name="images_json"><value>["https://lh3.googleusercontent.com/umsh/AN6v0v4oX1pCNgRSdymBXlTiJUGmeGxr4VDnG7F_sERciqIvPc-im8RkCTFPUWv_JqJm6Jo7UqLnEPTmuk7E2qXGPTSxpSpBxaLv3gIikb9QobxpkJqKZkQQaCg2uIlfHHOlS1jHvL5REMx95Tmj047OZGBfYGBTMOOj-ismUrB7euDmI791ZQ29wdO44jWBpXMjjnaPiKPVChwJrLAcfomlylfVUJjg5KtiSdDqCvgM95UMTd3ZxVWrQaj3l-Rir2EjgHN8KaDTHL54jcI_umFjDvRzB9eRxusfULJf6fiCkJslu6WLILgXExS-ZBDYl0j-QYuYor-YpjfV8EEct64aNhKR79VRLlU2JoNlHozpG57CbaEQtRfYY6jzeXb2hLjVNXELRAM3KNmjuf030RERg9PYqnE8e0L5oAoNMevxOyf2JRvcRzoTyzws4vHYsvz4KkBW18aVBefq07MHFOYT_hwUJa6wqrslcAw1GCVcuy1hJFioYEHbiNEgYbJCfuz91y0jMGU9YLkQoZJonm2YE9p6jtlXbAXCmxDkc93ZoX8ZYtoq6S8v4XkprYp7dI3bqqO3XUSO8usZKcBtf6L_viVH5Cp8hxVwdmb4cR2Y52BSfLO2858myIKliTez9Q3XBZaF8hlfvHG-Eg"]</value></Data><Data name="atlas_id"><value>LY-AKAKUS-00002</value></Data><Data name="image_count"><value>1</value></Data><Data name="source_file"><value>اكاكوس.kml</value></Data><Data name="images_json"><value>["https://lh3.googleusercontent.com/umsh/AN6v0v4oX1pCNgRSdymBXlTiJUGmeGxr4VDnG7F_sERciqIvPc-im8RkCTFPUWv_JqJm6Jo7UqLnEPTmuk7E2qXGPTSxpSpBxaLv3gIikb9QobxpkJqKZkQQaCg2uIlfHHOlS1jHvL5REMx95Tmj047OZGBfYGBTMOOj-ismUrB7euDmI791ZQ29wdO44jWBpXMjjnaPiKPVChwJrLAcfomlylfVUJjg5KtiSdDqCvgM95UMTd3ZxVWrQaj3l-Rir2EjgHN8KaDTHL54jcI_umFjDvRzB9eRxusfULJf6fiCkJslu6WLILgXExS-ZBDYl0j-QYuYor-YpjfV8EEct64aNhKR79VRLlU2JoNlHozpG57CbaEQtRfYY6jzeXb2hLjVNXELRAM3KNmjuf030RERg9PYqnE8e0L5oAoNMevxOyf2JRvcRzoTyzws4vHYsvz4KkBW18aVBefq07MHFOYT_hwUJa6wqrslcAw1GCVcuy1hJFioYEHbiNEgYbJCfuz91y0jMGU9YLkQoZJonm2YE9p6jtlXbAXCmxDkc93ZoX8ZYtoq6S8v4XkprYp7dI3bqqO3XUSO8usZKcBtf6L_viVH5Cp8hxVwdmb4cR2Y52BSfLO2858myIKliTez9Q3XBZaF8hlfvHG-Eg"]</value></Data><Data name="atlas_id"><value>LY-AKA-000002</value></Data><Data name="layer_id"><value>akakus</value></Data><Data name="layer_name_ar"><value>أكاكوس</value></Data><Data name="layer_name_en"><value>Akakus</value></Data><Data name="name_ar"><value>قوس أفزجارن وقوس تنخليفة</value></Data><Data name="latitude"><value>24.857511</value></Data><Data name="longitude"><value>10.577589</value></Data><Data name="images_json"><value>[&quot;https://lh3.googleusercontent.com/umsh/AN6v0v4oX1pCNgRSdymBXlTiJUGmeGxr4VDnG7F_sERciqIvPc-im8RkCTFPUWv_JqJm6Jo7UqLnEPTmuk7E2qXGPTSxpSpBxaLv3gIikb9QobxpkJqKZkQQaCg2uIlfHHOlS1jHvL5REMx95Tmj047OZGBfYGBTMOOj-ismUrB7euDmI791ZQ29wdO44jWBpXMjjnaPiKPVChwJrLAcfomlylfVUJjg5KtiSdDqCvgM95UMTd3ZxVWrQaj3l-Rir2EjgHN8KaDTHL54jcI_umFjDvRzB9eRxusfULJf6fiCkJslu6WLILgXExS-ZBDYl0j-QYuYor-YpjfV8EEct64aNhKR79VRLlU2JoNlHozpG57CbaEQtRfYY6jzeXb2hLjVNXELRAM3KNmjuf030RERg9PYqnE8e0L5oAoNMevxOyf2JRvcRzoTyzws4vHYsvz4KkBW18aVBefq07MHFOYT_hwUJa6wqrslcAw1GCVcuy1hJFioYEHbiNEgYbJCfuz91y0jMGU9YLkQoZJonm2YE9p6jtlXbAXCmxDkc93ZoX8ZYtoq6S8v4XkprYp7dI3bqqO3XUSO8usZKcBtf6L_viVH5Cp8hxVwdmb4cR2Y52BSfLO2858myIKliTez9Q3XBZaF8hlfvHG-Eg&quot;]</value></Data><Data name="image_count"><value>1</value></Data><Data name="source_file"><value>developed/akakus-developed.kml</value></Data><Data name="source_placemark_index"><value>2</value></Data><Data name="data_quality_status"><value>ok</value></Data></ExtendedData><Point><coordinates>10.577589,24.857511,0</coordinates></Point></Placemark><Placemark><name>قوس صخري</name><description>&lt;div class="atlas-popup" dir="rtl"&gt;&lt;h3&gt;قوس صخري&lt;/h3&gt;&lt;div class="atlas-popup-gallery"&gt;&lt;img src="https://lh3.googleusercontent.com/umsh/AN6v0v6ORSZch1gQz_4YcEyN73iL1QAvGggcRps7MiUBwV4BbSL7IaVoqvN2yNsH8pNHgi92VF4qeROZXRwAU8gq96tuX1mBnkfn-qaOxaYN4xf9Lu-eCzcC0X4QYi_hSQevfTpTbZtXtip5pm7YM0BjTQedq-UqzGLqzUMrXbvEakl0wi2kP0-NakuHVzTLIG9knXiJUfI4xl_o1J9sorrdNM_0-ctoEJaXALQDfKGCvzcNmwn71JfWTVmvpVnZsSIR0nVrIieTCWd5MADUDo0rfN5df0fdZIIYeRvhmM0XkUmg3r-_viofiCEdN1WCri0AIYIJlXDaVZHfSzZ3Bq2Vr1r5Dh4fMipAPIvr0pFa57Egz65lxXa6uPivYrvNjoFX5X39nVX0hBNKoKUvcS7PzKot61kAWbtigVf9m80gQ2nXBo9HpOqtY0OYG-fwAf_ddmLSw9fxr_NAmbpMK5g-A4QR-kRIL_sSkvCaOUhpk1eaJH6nbpoKWk_D2PcHohSHeMhrMTgd3AB5bTjlilUxmYNCQGJf1vnhGZC4DDh5WE7f2MWH8CDc5HQAxqAOxNO3QpdViNTPaumj2RwJxUFjeZ_N2_wMNhcWUhzCQS-_2V-5N9x0SNtQyM6W-NepvacqL2EX9sv_TRU8mA" alt="قوس صخري" loading="lazy" class="atlas-popup-image"&gt;&lt;/div&gt;&lt;div class="atlas-popup-details"&gt;&lt;div&gt;&lt;strong&gt;الوصف:&lt;/strong&gt; 4- يقع القوس على امتداد روافد وادي تاشوينات، ويعتبر أحد المناظر الرائعة، بارتفاع يصل إلى 11 مترًا.&lt;/div&gt;&lt;/div&gt;&lt;/div&gt;</description><ExtendedData><Data name="atlas_id"><value>LY-AKAKUS-00003</value></Data><Data name="description"><value>4- يقع القوس على امتداد روافد وادي تاشوينات، ويعتبر أحد المناظر الرائعة، بارتفاع يصل إلى 11 مترًا.</value></Data><Data name="image_count"><value>1</value></Data><Data name="source_file"><value>اكاكوس.kml</value></Data><Data name="images_json"><value>["https://lh3.googleusercontent.com/umsh/AN6v0v6ORSZch1gQz_4YcEyN73iL1QAvGggcRps7MiUBwV4BbSL7IaVoqvN2yNsH8pNHgi92VF4qeROZXRwAU8gq96tuX1mBnkfn-qaOxaYN4xf9Lu-eCzcC0X4QYi_hSQevfTpTbZtXtip5pm7YM0BjTQedq-UqzGLqzUMrXbvEakl0wi2kP0-NakuHVzTLIG9knXiJUfI4xl_o1J9sorrdNM_0-ctoEJaXALQDfKGCvzcNmwn71JfWTVmvpVnZsSIR0nVrIieTCWd5MADUDo0rfN5df0fdZIIYeRvhmM0XkUmg3r-_viofiCEdN1WCri0AIYIJlXDaVZHfSzZ3Bq2Vr1r5Dh4fMipAPIvr0pFa57Egz65lxXa6uPivYrvNjoFX5X39nVX0hBNKoKUvcS7PzKot61kAWbtigVf9m80gQ2nXBo9HpOqtY0OYG-fwAf_ddmLSw9fxr_NAmbpMK5g-A4QR-kRIL_sSkvCaOUhpk1eaJH6nbpoKWk_D2PcHohSHeMhrMTgd3AB5bTjlilUxmYNCQGJf1vnhGZC4DDh5WE7f2MWH8CDc5HQAxqAOxNO3QpdViNTPaumj2RwJxUFjeZ_N2_wMNhcWUhzCQS-_2V-5N9x0SNtQyM6W-NepvacqL2EX9sv_TRU8mA"]</value></Data><Data name="atlas_id"><value>LY-AKAKUS-00003</value></Data><Data name="image_count"><value>1</value></Data><Data name="source_file"><value>اكاكوس.kml</value></Data><Data name="images_json"><value>["https://lh3.googleusercontent.com/umsh/AN6v0v6ORSZch1gQz_4YcEyN73iL1QAvGggcRps7MiUBwV4BbSL7IaVoqvN2yNsH8pNHgi92VF4qeROZXRwAU8gq96tuX1mBnkfn-qaOxaYN4xf9Lu-eCzcC0X4QYi_hSQevfTpTbZtXtip5pm7YM0BjTQedq-UqzGLqzUMrXbvEakl0wi2kP0-NakuHVzTLIG9knXiJUfI4xl_o1J9sorrdNM_0-ctoEJaXALQDfKGCvzcNmwn71JfWTVmvpVnZsSIR0nVrIieTCWd5MADUDo0rfN5df0fdZIIYeRvhmM0XkUmg3r-_viofiCEdN1WCri0AIYIJlXDaVZHfSzZ3Bq2Vr1r5Dh4fMipAPIvr0pFa57Egz65lxXa6uPivYrvNjoFX5X39nVX0hBNKoKUvcS7PzKot61kAWbtigVf9m80gQ2nXBo9HpOqtY0OYG-fwAf_ddmLSw9fxr_NAmbpMK5g-A4QR-kRIL_sSkvCaOUhpk1eaJH6nbpoKWk_D2PcHohSHeMhrMTgd3AB5bTjlilUxmYNCQGJf1vnhGZC4DDh5WE7f2MWH8CDc5HQAxqAOxNO3QpdViNTPaumj2RwJxUFjeZ_N2_wMNhcWUhzCQS-_2V-5N9x0SNtQyM6W-NepvacqL2EX9sv_TRU8mA"]</value></Data><Data name="atlas_id"><value>LY-AKA-000003</value></Data><Data name="layer_id"><value>akakus</value></Data><Data name="layer_name_ar"><value>أكاكوس</value></Data><Data name="layer_name_en"><value>Akakus</value></Data><Data name="name_ar"><value>قوس صخري</value></Data><Data name="latitude"><value>24.805344</value></Data><Data name="longitude"><value>10.486827</value></Data><Data name="images_json"><value>[&quot;https://lh3.googleusercontent.com/umsh/AN6v0v6ORSZch1gQz_4YcEyN73iL1QAvGggcRps7MiUBwV4BbSL7IaVoqvN2yNsH8pNHgi92VF4qeROZXRwAU8gq96tuX1mBnkfn-qaOxaYN4xf9Lu-eCzcC0X4QYi_hSQevfTpTbZtXtip5pm7YM0BjTQedq-UqzGLqzUMrXbvEakl0wi2kP0-NakuHVzTLIG9knXiJUfI4xl_o1J9sorrdNM_0-ctoEJaXALQDfKGCvzcNmwn71JfWTVmvpVnZsSIR0nVrIieTCWd5MADUDo0rfN5df0fdZIIYeRvhmM0XkUmg3r-_viofiCEdN1WCri0AIYIJlXDaVZHfSzZ3Bq2Vr1r5Dh4fMipAPIvr0pFa57Egz65lxXa6uPivYrvNjoFX5X39nVX0hBNKoKUvcS7PzKot61kAWbtigVf9m80gQ2nXBo9HpOqtY0OYG-fwAf_ddmLSw9fxr_NAmbpMK5g-A4QR-kRIL_sSkvCaOUhpk1eaJH6nbpoKWk_D2PcHohSHeMhrMTgd3AB5bTjlilUxmYNCQGJf1vnhGZC4DDh5WE7f2MWH8CDc5HQAxqAOxNO3QpdViNTPaumj2RwJxUFjeZ_N2_wMNhcWUhzCQS-_2V-5N9x0SNtQyM6W-NepvacqL2EX9sv_TRU8mA&quot;]</value></Data><Data name="image_count"><value>1</value></Data><Data name="source_file"><value>developed/akakus-developed.kml</value></Data><Data name="source_placemark_index"><value>3</value></Data><Data name="data_quality_status"><value>ok</value></Data></ExtendedData><Point><coordinates>10.486827,24.805344,0</coordinates></Point></Placemark><Placemark><name>قوس صخري</name><description>&lt;div class="atlas-popup" dir="rtl"&gt;&lt;h3&gt;قوس صخري&lt;/h3&gt;&lt;div class="atlas-popup-gallery"&gt;&lt;img src="https://lh3.googleusercontent.com/umsh/AN6v0v4zb5-bK_t7y_4G6H8-OqFpJ9TcN6qtHBkV7R7e4y8GBzLNXEmcmjb_OYm6kr4zJnI95naFFfh-ko55epSBUMytILIspMyAll3q79SRAWPURG62jXKBgfVOgRxNa7inxMQSiCM5nJ0w5GY7Xgk8sVgBuvl0RU69t91gUii-nTfiRKpL9Eanx-41083YDhFMqg57y0csDE3l61HcQxtKSJZI61pCL82Oio17C7DNToHIkTuMSA5Dct5OiYVEdSMcviSAsAQ4AMThE1E16VAuIRNqePEAln2rcLKB-amwFkii18mB5mEOGH-hiqCkwdWitg-KArITB0MYCz2aA-UkMolAV1m-0JkHn_9IOVJgv7TaXB5-kmmBWOWxt-GpMkt_RyGgccu4G1cIVniWpwq91zQhuPEBixXhdM6q0Z4EDB0ZvabPdhazfJfDurFeQhneNB4wR8_GnRjXXEUhyYtP37BdWMmqpw-d9Ebx8aurlNTHIZWf5OscK0n3Ye-fii3wEg9z8Z5kbUKV9CWg40jUhJs84HOlIg0Hz8I7w-qCEqRzDmTgKoiNw9pllisPeMLtpk41QUHFH72vfxdpriZoaYZ3SbmyE0RVURGq4GJRD9azs-keoMHGx8refoDRoogkVQzuNpBaZaXHXw" alt="قوس صخري" loading="lazy" class="atlas-popup-image"&gt;&lt;/div&gt;&lt;div class="atlas-popup-details"&gt;&lt;div&gt;&lt;strong&gt;الوصف:&lt;/strong&gt; 3- يقع القوس في أحد روافد وادي تاشوينات الكبير، ويشكل أحد المناظر الطبيعية والظواهر المتشكلة جراء عوامل الطبيعة، ويبلغ ارتفاع القوس حوالي 18 مترًا.&lt;/div&gt;&lt;/div&gt;&lt;/div&gt;</description><ExtendedData><Data name="atlas_id"><value>LY-AKAKUS-00004</value></Data><Data name="description"><value>3- يقع القوس في أحد روافد وادي تاشوينات الكبير، ويشكل أحد المناظر الطبيعية والظواهر المتشكلة جراء عوامل الطبيعة، ويبلغ ارتفاع القوس حوالي 18 مترًا.</value></Data><Data name="image_count"><value>1</value></Data><Data name="source_file"><value>اكاكوس.kml</value></Data><Data name="images_json"><value>["https://lh3.googleusercontent.com/umsh/AN6v0v4zb5-bK_t7y_4G6H8-OqFpJ9TcN6qtHBkV7R7e4y8GBzLNXEmcmjb_OYm6kr4zJnI95naFFfh-ko55epSBUMytILIspMyAll3q79SRAWPURG62jXKBgfVOgRxNa7inxMQSiCM5nJ0w5GY7Xgk8sVgBuvl0RU69t91gUii-nTfiRKpL9Eanx-41083YDhFMqg57y0csDE3l61HcQxtKSJZI61pCL82Oio17C7DNToHIkTuMSA5Dct5OiYVEdSMcviSAsAQ4AMThE1E16VAuIRNqePEAln2rcLKB-amwFkii18mB5mEOGH-hiqCkwdWitg-KArITB0MYCz2aA-UkMolAV1m-0JkHn_9IOVJgv7TaXB5-kmmBWOWxt-GpMkt_RyGgccu4G1cIVniWpwq91zQhuPEBixXhdM6q0Z4EDB0ZvabPdhazfJfDurFeQhneNB4wR8_GnRjXXEUhyYtP37BdWMmqpw-d9Ebx8aurlNTHIZWf5OscK0n3Ye-fii3wEg9z8Z5kbUKV9CWg40jUhJs84HOlIg0Hz8I7w-qCEqRzDmTgKoiNw9pllisPeMLtpk41QUHFH72vfxdpriZoaYZ3SbmyE0RVURGq4GJRD9azs-keoMHGx8refoDRoogkVQzuNpBaZaXHXw"]</value></Data><Data name="atlas_id"><value>LY-AKAKUS-00004</value></Data><Data name="image_count"><value>1</value></Data><Data name="source_file"><value>اكاكوس.kml</value></Data><Data name="images_json"><value>["https://lh3.googleusercontent.com/umsh/AN6v0v4zb5-bK_t7y_4G6H8-OqFpJ9TcN6qtHBkV7R7e4y8GBzLNXEmcmjb_OYm6kr4zJnI95naFFfh-ko55epSBUMytILIspMyAll3q79SRAWPURG62jXKBgfVOgRxNa7inxMQSiCM5nJ0w5GY7Xgk8sVgBuvl0RU69t91gUii-nTfiRKpL9Eanx-41083YDhFMqg57y0csDE3l61HcQxtKSJZI61pCL82Oio17C7DNToHIkTuMSA5Dct5OiYVEdSMcviSAsAQ4AMThE1E16VAuIRNqePEAln2rcLKB-amwFkii18mB5mEOGH-hiqCkwdWitg-KArITB0MYCz2aA-UkMolAV1m-0JkHn_9IOVJgv7TaXB5-kmmBWOWxt-GpMkt_RyGgccu4G1cIVniWpwq91zQhuPEBixXhdM6q0Z4EDB0ZvabPdhazfJfDurFeQhneNB4wR8_GnRjXXEUhyYtP37BdWMmqpw-d9Ebx8aurlNTHIZWf5OscK0n3Ye-fii3wEg9z8Z5kbUKV9CWg40jUhJs84HOlIg0Hz8I7w-qCEqRzDmTgKoiNw9pllisPeMLtpk41QUHFH72vfxdpriZoaYZ3SbmyE0RVURGq4GJRD9azs-keoMHGx8refoDRoogkVQzuNpBaZaXHXw"]</value></Data><Data name="atlas_id"><value>LY-AKA-000004</value></Data><Data name="layer_id"><value>akakus</value></Data><Data name="layer_name_ar"><value>أكاكوس</value></Data><Data name="layer_name_en"><value>Akakus</value></Data><Data name="name_ar"><value>قوس صخري</value></Data><Data name="latitude"><value>24.800558</value></Data><Data name="longitude"><value>10.488511</value></Data><Data name="images_json"><value>[&quot;https://lh3.googleusercontent.com/umsh/AN6v0v4zb5-bK_t7y_4G6H8-OqFpJ9TcN6qtHBkV7R7e4y8GBzLNXEmcmjb_OYm6kr4zJnI95naFFfh-ko55epSBUMytILIspMyAll3q79SRAWPURG62jXKBgfVOgRxNa7inxMQSiCM5nJ0w5GY7Xgk8sVgBuvl0RU69t91gUii-nTfiRKpL9Eanx-41083YDhFMqg57y0csDE3l61HcQxtKSJZI61pCL82Oio17C7DNToHIkTuMSA5Dct5OiYVEdSMcviSAsAQ4AMThE1E16VAuIRNqePEAln2rcLKB-amwFkii18mB5mEOGH-hiqCkwdWitg-KArITB0MYCz2aA-UkMolAV1m-0JkHn_9IOVJgv7TaXB5-kmmBWOWxt-GpMkt_RyGgccu4G1cIVniWpwq91zQhuPEBixXhdM6q0Z4EDB0ZvabPdhazfJfDurFeQhneNB4wR8_GnRjXXEUhyYtP37BdWMmqpw-d9Ebx8aurlNTHIZWf5OscK0n3Ye-fii3wEg9z8Z5kbUKV9CWg40jUhJs84HOlIg0Hz8I7w-qCEqRzDmTgKoiNw9pllisPeMLtpk41QUHFH72vfxdpriZoaYZ3SbmyE0RVURGq4GJRD9azs-keoMHGx8refoDRoogkVQzuNpBaZaXHXw&quot;]</value></Data><Data name="image_count"><value>1</value></Data><Data name="source_file"><value>developed/akakus-developed.kml</value></Data><Data name="source_placemark_index"><value>4</value></Data><Data name="data_quality_status"><value>ok</value></Data></ExtendedData><Point><coordinates>10.488511,24.800558,0</coordinates></Point></Placemark><Placemark><name>قوس صخري</name><description>&lt;div class="atlas-popup" dir="rtl"&gt;&lt;h3&gt;قوس صخري&lt;/h3&gt;&lt;div class="atlas-popup-gallery"&gt;&lt;img src="https://lh3.googleusercontent.com/umsh/AN6v0v6HeEE2wVb-srhkro1lkyL6CfgDHwaQlcRjiMIfq2zta8oxYbsbimC7mrPLSUO7BBg2JuarG3mNEUpHVUuzDxbIj0oHGVcdKHWCpqLao7UeDkGqBA95uM47-0MSXrvml4dXKpNMLIfb_gKeTr8cbo1PhzVRwy2z-33-oLqQ58xSz1G1Jp6Lz_NfR6Bu6oYPVhTiHfN11vIPFKFLWLvyGqYLa43SaDxLzJHFccdsuogWTeYw_PJvvBquxyRyHCZlOEExf9ZQVd5W9IHmJcljPmEg5amu78bG6RyDeRFUTvx4HGAzlzWDiya0XjtXeWi_fh3VV5aIsv2YaKj4k7lyvmxvR5qOzctSUf2WOFtnIzDFvgyJa0mZao0JoVhkHV9KpggcoMwyBKPeyMlWJTgy57vrtBqQPmA_WekkRzu2n6NRVMaw8J1o5hHYnTZ92giIyqmZ0CkmCL0cwtsjYpKwDHuLutAZage95c_3_IdYo_OHwPRSQ4MrThgLQp2QuJuAyXT6rnDRxyThnR40iTsodUrrbGOWYErlKWpP21-2U9Ly1YMBZ2XpXrLoa9-kKUiO_w6ycyxMd5U7ruqNNhjrLxcxNG5JrhGMqkr_iaRLepM-o67NOewCwH8uExl8nu1FR1-71jWzBo1V" alt="قوس صخري" loading="lazy" class="atlas-popup-image"&gt;&lt;/div&gt;&lt;div class="atlas-popup-details"&gt;&lt;div&gt;&lt;strong&gt;الوصف:&lt;/strong&gt; التصنيف: الكود: الوصف: X: 10.49638 Y: 24.7877743&lt;/div&gt;&lt;/div&gt;&lt;/div&gt;</description><ExtendedData><Data name="atlas_id"><value>LY-AKAKUS-00005</value></Data><Data name="description"><value>التصنيف: الكود: الوصف: X: 10.49638 Y: 24.7877743</value></Data><Data name="image_count"><value>1</value></Data><Data name="source_file"><value>اكاكوس.kml</value></Data><Data name="images_json"><value>["https://lh3.googleusercontent.com/umsh/AN6v0v6HeEE2wVb-srhkro1lkyL6CfgDHwaQlcRjiMIfq2zta8oxYbsbimC7mrPLSUO7BBg2JuarG3mNEUpHVUuzDxbIj0oHGVcdKHWCpqLao7UeDkGqBA95uM47-0MSXrvml4dXKpNMLIfb_gKeTr8cbo1PhzVRwy2z-33-oLqQ58xSz1G1Jp6Lz_NfR6Bu6oYPVhTiHfN11vIPFKFLWLvyGqYLa43SaDxLzJHFccdsuogWTeYw_PJvvBquxyRyHCZlOEExf9ZQVd5W9IHmJcljPmEg5amu78bG6RyDeRFUTvx4HGAzlzWDiya0XjtXeWi_fh3VV5aIsv2YaKj4k7lyvmxvR5qOzctSUf2WOFtnIzDFvgyJa0mZao0JoVhkHV9KpggcoMwyBKPeyMlWJTgy57vrtBqQPmA_WekkRzu2n6NRVMaw8J1o5hHYnTZ92giIyqmZ0CkmCL0cwtsjYpKwDHuLutAZage95c_3_IdYo_OHwPRSQ4MrThgLQp2QuJuAyXT6rnDRxyThnR40iTsodUrrbGOWYErlKWpP21-2U9Ly1YMBZ2XpXrLoa9-kKUiO_w6ycyxMd5U7ruqNNhjrLxcxNG5JrhGMqkr_iaRLepM-o67NOewCwH8uExl8nu1FR1-71jWzBo1V"]</value></Data><Data name="atlas_id"><value>LY-AKAKUS-00005</value></Data><Data name="image_count"><value>1</value></Data><Data name="source_file"><value>اكاكوس.kml</value></Data><Data name="images_json"><value>["https://lh3.googleusercontent.com/umsh/AN6v0v6HeEE2wVb-srhkro1lkyL6CfgDHwaQlcRjiMIfq2zta8oxYbsbimC7mrPLSUO7BBg2JuarG3mNEUpHVUuzDxbIj0oHGVcdKHWCpqLao7UeDkGqBA95uM47-0MSXrvml4dXKpNMLIfb_gKeTr8cbo1PhzVRwy2z-33-oLqQ58xSz1G1Jp6Lz_NfR6Bu6oYPVhTiHfN11vIPFKFLWLvyGqYLa43SaDxLzJHFccdsuogWTeYw_PJvvBquxyRyHCZlOEExf9ZQVd5W9IHmJcljPmEg5amu78bG6RyDeRFUTvx4HGAzlzWDiya0XjtXeWi_fh3VV5aIsv2YaKj4k7lyvmxvR5qOzctSUf2WOFtnIzDFvgyJa0mZao0JoVhkHV9KpggcoMwyBKPeyMlWJTgy57vrtBqQPmA_WekkRzu2n6NRVMaw8J1o5hHYnTZ92giIyqmZ0CkmCL0cwtsjYpKwDHuLutAZage95c_3_IdYo_OHwPRSQ4MrThgLQp2QuJuAyXT6rnDRxyThnR40iTsodUrrbGOWYErlKWpP21-2U9Ly1YMBZ2XpXrLoa9-kKUiO_w6ycyxMd5U7ruqNNhjrLxcxNG5JrhGMqkr_iaRLepM-o67NOewCwH8uExl8nu1FR1-71jWzBo1V"]</value></Data><Data name="atlas_id"><value>LY-AKA-000005</value></Data><Data name="layer_id"><value>akakus</value></Data><Data name="layer_name_ar"><value>أكاكوس</value></Data><Data name="layer_name_en"><value>Akakus</value></Data><Data name="name_ar"><value>قوس صخري</value></Data><Data name="latitude"><value>24.787774</value></Data><Data name="longitude"><value>10.49638</value></Data><Data name="images_json"><value>[&quot;https://lh3.googleusercontent.com/umsh/AN6v0v6HeEE2wVb-srhkro1lkyL6CfgDHwaQlcRjiMIfq2zta8oxYbsbimC7mrPLSUO7BBg2JuarG3mNEUpHVUuzDxbIj0oHGVcdKHWCpqLao7UeDkGqBA95uM47-0MSXrvml4dXKpNMLIfb_gKeTr8cbo1PhzVRwy2z-33-oLqQ58xSz1G1Jp6Lz_NfR6Bu6oYPVhTiHfN11vIPFKFLWLvyGqYLa43SaDxLzJHFccdsuogWTeYw_PJvvBquxyRyHCZlOEExf9ZQVd5W9IHmJcljPmEg5amu78bG6RyDeRFUTvx4HGAzlzWDiya0XjtXeWi_fh3VV5aIsv2YaKj4k7lyvmxvR5qOzctSUf2WOFtnIzDFvgyJa0mZao0JoVhkHV9KpggcoMwyBKPeyMlWJTgy57vrtBqQPmA_WekkRzu2n6NRVMaw8J1o5hHYnTZ92giIyqmZ0CkmCL0cwtsjYpKwDHuLutAZage95c_3_IdYo_OHwPRSQ4MrThgLQp2QuJuAyXT6rnDRxyThnR40iTsodUrrbGOWYErlKWpP21-2U9Ly1YMBZ2XpXrLoa9-kKUiO_w6ycyxMd5U7ruqNNhjrLxcxNG5JrhGMqkr_iaRLepM-o67NOewCwH8uExl8nu1FR1-71jWzBo1V&quot;]</value></Data><Data name="image_count"><value>1</value></Data><Data name="source_file"><value>developed/akakus-developed.kml</value></Data><Data name="source_placemark_index"><value>5</value></Data><Data name="data_quality_status"><value>ok</value></Data></ExtendedData><Point><coordinates>10.49638,24.787774,0</coordinates></Point></Placemark><Placemark><name>قوس صخري</name><description>&lt;div class="atlas-popup" dir="rtl"&gt;&lt;h3&gt;قوس صخري&lt;/h3&gt;&lt;div class="atlas-popup-gallery"&gt;&lt;img src="https://lh3.googleusercontent.com/umsh/AN6v0v6FhShpQDBk_QUWmlvjIzEY_waT41jgVkoTypSgtuzsJ1NiFOVHxoAwaFdKAW7BCvWrwgJYBstZj_eP3rP8vV99NwHvo56WQzBhP1_2Gq1iHYTG0oLEy6yvW6sEiCxjqwTX4xLvECWdlmYCEGfAlFu2PHwPdAtn4r6EURjZdmUrcsePFZzFX1j1B0NS62n40Pbnb1Leuv8pambVp-Q89iNVbCMhQAGCvqsBwBHjzzMEeR4y4oAfKi9UmFuvxx2mZeXsAekywcItM-i-qWs1I_SP1Bz-gRxyNWiiyqwiDuM8YwTN3meiyG75NsBNTJc9ksxpfJb9fIkzphXHdwoKEJ_ZjQL5pePyHtZKpfjRmWJTBTwwviGERSYN85sajYx70eaeqMCFOyOuOJ7VRUfa9O2L838iFCSQrmwDNnM-ZlcoTM31LtWEOCR3SVbTi3UvzORNw5nMRbslC0mntEBpXbNYJHK6culfhmSbZ6oyqMJpKouJqXS0Q0paMSUxZCFwodLbvqprcGcdWIYMGNUgmM1HsFXduDy_8Tyik5XNn-MCYlKnfWN1pzuclZmkg65N5UvATEF4juCzNx9DZmKQn4nznNgnhSDOQKGpV_wWaEp-D9IAQkvDtDp7C-VMQ3CO7JAJOSdZGqGAfg" alt="قوس صخري" loading="lazy" class="atlas-popup-image"&gt;&lt;/div&gt;&lt;div class="atlas-popup-details"&gt;&lt;div&gt;&lt;strong&gt;الوصف:&lt;/strong&gt; 6- يصنف القوس ضمن المناظر الطبيعية الرائعة، وهو أحد التكوينات الصخرية في وادي أنشال.&lt;/div&gt;&lt;/div&gt;&lt;/div&gt;</description><ExtendedData><Data name="atlas_id"><value>LY-AKAKUS-00006</value></Data><Data name="description"><value>6- يصنف القوس ضمن المناظر الطبيعية الرائعة، وهو أحد التكوينات الصخرية في وادي أنشال.</value></Data><Data name="image_count"><value>1</value></Data><Data name="source_file"><value>اكاكوس.kml</value></Data><Data name="images_json"><value>["https://lh3.googleusercontent.com/umsh/AN6v0v6FhShpQDBk_QUWmlvjIzEY_waT41jgVkoTypSgtuzsJ1NiFOVHxoAwaFdKAW7BCvWrwgJYBstZj_eP3rP8vV99NwHvo56WQzBhP1_2Gq1iHYTG0oLEy6yvW6sEiCxjqwTX4xLvECWdlmYCEGfAlFu2PHwPdAtn4r6EURjZdmUrcsePFZzFX1j1B0NS62n40Pbnb1Leuv8pambVp-Q89iNVbCMhQAGCvqsBwBHjzzMEeR4y4oAfKi9UmFuvxx2mZeXsAekywcItM-i-qWs1I_SP1Bz-gRxyNWiiyqwiDuM8YwTN3meiyG75NsBNTJc9ksxpfJb9fIkzphXHdwoKEJ_ZjQL5pePyHtZKpfjRmWJTBTwwviGERSYN85sajYx70eaeqMCFOyOuOJ7VRUfa9O2L838iFCSQrmwDNnM-ZlcoTM31LtWEOCR3SVbTi3UvzORNw5nMRbslC0mntEBpXbNYJHK6culfhmSbZ6oyqMJpKouJqXS0Q0paMSUxZCFwodLbvqprcGcdWIYMGNUgmM1HsFXduDy_8Tyik5XNn-MCYlKnfWN1pzuclZmkg65N5UvATEF4juCzNx9DZmKQn4nznNgnhSDOQKGpV_wWaEp-D9IAQkvDtDp7C-VMQ3CO7JAJOSdZGqGAfg"]</value></Data><Data name="atlas_id"><value>LY-AKAKUS-00006</value></Data><Data name="image_count"><value>1</value></Data><Data name="source_file"><value>اكاكوس.kml</value></Data><Data name="images_json"><value>["https://lh3.googleusercontent.com/umsh/AN6v0v6FhShpQDBk_QUWmlvjIzEY_waT41jgVkoTypSgtuzsJ1NiFOVHxoAwaFdKAW7BCvWrwgJYBstZj_eP3rP8vV99NwHvo56WQzBhP1_2Gq1iHYTG0oLEy6yvW6sEiCxjqwTX4xLvECWdlmYCEGfAlFu2PHwPdAtn4r6EURjZdmUrcsePFZzFX1j1B0NS62n40Pbnb1Leuv8pambVp-Q89iNVbCMhQAGCvqsBwBHjzzMEeR4y4oAfKi9UmFuvxx2mZeXsAekywcItM-i-qWs1I_SP1Bz-gRxyNWiiyqwiDuM8YwTN3meiyG75NsBNTJc9ksxpfJb9fIkzphXHdwoKEJ_ZjQL5pePyHtZKpfjRmWJTBTwwviGERSYN85sajYx70eaeqMCFOyOuOJ7VRUfa9O2L838iFCSQrmwDNnM-ZlcoTM31LtWEOCR3SVbTi3UvzORNw5nMRbslC0mntEBpXbNYJHK6culfhmSbZ6oyqMJpKouJqXS0Q0paMSUxZCFwodLbvqprcGcdWIYMGNUgmM1HsFXduDy_8Tyik5XNn-MCYlKnfWN1pzuclZmkg65N5UvATEF4juCzNx9DZmKQn4nznNgnhSDOQKGpV_wWaEp-D9IAQkvDtDp7C-VMQ3CO7JAJOSdZGqGAfg"]</value></Data><Data name="atlas_id"><value>LY-AKA-000006</value></Data><Data name="layer_id"><value>akakus</value></Data><Data name="layer_name_ar"><value>أكاكوس</value></Data><Data name="layer_name_en"><value>Akakus</value></Data><Data name="name_ar"><value>قوس صخري</value></Data><Data name="latitude"><value>24.914286</value></Data><Data name="longitude"><value>10.632464</value></Data><Data name="images_json"><value>[&quot;https://lh3.googleusercontent.com/umsh/AN6v0v6FhShpQDBk_QUWmlvjIzEY_waT41jgVkoTypSgtuzsJ1NiFOVHxoAwaFdKAW7BCvWrwgJYBstZj_eP3rP8vV99NwHvo56WQzBhP1_2Gq1iHYTG0oLEy6yvW6sEiCxjqwTX4xLvECWdlmYCEGfAlFu2PHwPdAtn4r6EURjZdmUrcsePFZzFX1j1B0NS62n40Pbnb1Leuv8pambVp-Q89iNVbCMhQAGCvqsBwBHjzzMEeR4y4oAfKi9UmFuvxx2mZeXsAekywcItM-i-qWs1I_SP1Bz-gRxyNWiiyqwiDuM8YwTN3meiyG75NsBNTJc9ksxpfJb9fIkzphXHdwoKEJ_ZjQL5pePyHtZKpfjRmWJTBTwwviGERSYN85sajYx70eaeqMCFOyOuOJ7VRUfa9O2L838iFCSQrmwDNnM-ZlcoTM31LtWEOCR3SVbTi3UvzORNw5nMRbslC0mntEBpXbNYJHK6culfhmSbZ6oyqMJpKouJqXS0Q0paMSUxZCFwodLbvqprcGcdWIYMGNUgmM1HsFXduDy_8Tyik5XNn-MCYlKnfWN1pzuclZmkg65N5UvATEF4juCzNx9DZmKQn4nznNgnhSDOQKGpV_wWaEp-D9IAQkvDtDp7C-VMQ3CO7JAJOSdZGqGAfg&quot;]</value></Data><Data name="image_count"><value>1</value></Data><Data name="source_file"><value>developed/akakus-developed.kml</value></Data><Data name="source_placemark_index"><value>6</value></Data><Data name="data_quality_status"><value>ok</value></Data></ExtendedData><Point><coordinates>10.632464,24.914286,0</coordinates></Point></Placemark><Placemark><name>قوس أويص</name><description>&lt;div class="atlas-popup" dir="rtl"&gt;&lt;h3&gt;قوس أويص&lt;/h3&gt;&lt;div class="atlas-popup-gallery"&gt;&lt;img src="https://lh3.googleusercontent.com/umsh/AN6v0v4VZ0QXBTHTsyQMNZib2YxoFQErV1BE3IgXuEZehVMHhV86qnpL9mjSjIhiJLQO3IREggfvad5Kkh_eDECKyEAHoCFLse8JMmlaH5bVcoW5ja_-JCCs5Xg9k4TXg7MfaTCU4MMD5DdicEmdBaE9EBIdc7Qg1fL7E5ujnoSviErDeevXIQlyDKvfe5Ky2ItPkUCUvxJ86QpqPyXbWff2WHTYsyv_Alpdi5Vm7rYo-FYYfgD8uE2cwAOTIQ33JX5l4jlBfIaVjsaBoEuUE0Ro-sR7-uU0cnEbt0SXD5krjL572nioQ8Gx6MvMrZS8cKWyycx4hW_saSGo49meJ10h4Ks-ZivtKgHpYDjHR51KVFd6ofl0lx64n2BZbPGlbjRME2waXLjU3bY8NJ28NNZBirwPmfQItD7qqTN6iHHFBGZFda5u0sJL149p4v4X94g7jUQuu_zIC_1T6KpmuxQswCedRYwhVe6Z_CZ7NBbHCl74A7Xu7SIZSxxWyEfEZREdk2IASguUhE127DlKXplLxLN4YROxL3BFwNIxuHBrTtzcvtRLyTyIanT46dfWhd1T9-nPLz5M3x8EXulVX_Z4DU6wV-jkj-S8HrFb5euWGEKMni_We9Tr-G_GFWr3meuG7Q7KSYOgE-ivmw" alt="قوس أويص" loading="lazy" class="atlas-popup-image"&gt;&lt;/div&gt;&lt;div class="atlas-popup-details"&gt;&lt;div&gt;&lt;strong&gt;الوصف:&lt;/strong&gt; 8- قوس أويص : يشكل القوس أحد العلامات البارزة في المنطقة، ويعتبر نقطة دالة وسط وادي أويص من المزارات السياحية، بسبب انتشار التشكيلات الصخرية الطبيعية المنتصبة على بساط رملي لامتناهي، إلى جانب وجود عدد من الكهوف، ومجموعة من المواقع الحاضنة للفن الصخري، ويبلغ ارتفاع فتحة القوس حوالي ثلاثة أمتار، وعرضها 10 أمتار.&lt;/div&gt;&lt;/div&gt;&lt;/div&gt;</description><ExtendedData><Data name="atlas_id"><value>LY-AKAKUS-00007</value></Data><Data name="description"><value>8- قوس أويص : يشكل القوس أحد العلامات البارزة في المنطقة، ويعتبر نقطة دالة وسط وادي أويص من المزارات السياحية، بسبب انتشار التشكيلات الصخرية الطبيعية المنتصبة على بساط رملي لامتناهي، إلى جانب وجود عدد من الكهوف، ومجموعة من المواقع الحاضنة للفن الصخري، ويبلغ ارتفاع فتحة القوس حوالي ثلاثة أمتار، وعرضها 10 أمتار.</value></Data><Data name="image_count"><value>1</value></Data><Data name="source_file"><value>اكاكوس.kml</value></Data><Data name="images_json"><value>["https://lh3.googleusercontent.com/umsh/AN6v0v4VZ0QXBTHTsyQMNZib2YxoFQErV1BE3IgXuEZehVMHhV86qnpL9mjSjIhiJLQO3IREggfvad5Kkh_eDECKyEAHoCFLse8JMmlaH5bVcoW5ja_-JCCs5Xg9k4TXg7MfaTCU4MMD5DdicEmdBaE9EBIdc7Qg1fL7E5ujnoSviErDeevXIQlyDKvfe5Ky2ItPkUCUvxJ86QpqPyXbWff2WHTYsyv_Alpdi5Vm7rYo-FYYfgD8uE2cwAOTIQ33JX5l4jlBfIaVjsaBoEuUE0Ro-sR7-uU0cnEbt0SXD5krjL572nioQ8Gx6MvMrZS8cKWyycx4hW_saSGo49meJ10h4Ks-ZivtKgHpYDjHR51KVFd6ofl0lx64n2BZbPGlbjRME2waXLjU3bY8NJ28NNZBirwPmfQItD7qqTN6iHHFBGZFda5u0sJL149p4v4X94g7jUQuu_zIC_1T6KpmuxQswCedRYwhVe6Z_CZ7NBbHCl74A7Xu7SIZSxxWyEfEZREdk2IASguUhE127DlKXplLxLN4YROxL3BFwNIxuHBrTtzcvtRLyTyIanT46dfWhd1T9-nPLz5M3x8EXulVX_Z4DU6wV-jkj-S8HrFb5euWGEKMni_We9Tr-G_GFWr3meuG7Q7KSYOgE-ivmw"]</value></Data><Data name="atlas_id"><value>LY-AKAKUS-00007</value></Data><Data name="image_count"><value>1</value></Data><Data name="source_file"><value>اكاكوس.kml</value></Data><Data name="images_json"><value>["https://lh3.googleusercontent.com/umsh/AN6v0v4VZ0QXBTHTsyQMNZib2YxoFQErV1BE3IgXuEZehVMHhV86qnpL9mjSjIhiJLQO3IREggfvad5Kkh_eDECKyEAHoCFLse8JMmlaH5bVcoW5ja_-JCCs5Xg9k4TXg7MfaTCU4MMD5DdicEmdBaE9EBIdc7Qg1fL7E5ujnoSviErDeevXIQlyDKvfe5Ky2ItPkUCUvxJ86QpqPyXbWff2WHTYsyv_Alpdi5Vm7rYo-FYYfgD8uE2cwAOTIQ33JX5l4jlBfIaVjsaBoEuUE0Ro-sR7-uU0cnEbt0SXD5krjL572nioQ8Gx6MvMrZS8cKWyycx4hW_saSGo49meJ10h4Ks-ZivtKgHpYDjHR51KVFd6ofl0lx64n2BZbPGlbjRME2waXLjU3bY8NJ28NNZBirwPmfQItD7qqTN6iHHFBGZFda5u0sJL149p4v4X94g7jUQuu_zIC_1T6KpmuxQswCedRYwhVe6Z_CZ7NBbHCl74A7Xu7SIZSxxWyEfEZREdk2IASguUhE127DlKXplLxLN4YROxL3BFwNIxuHBrTtzcvtRLyTyIanT46dfWhd1T9-nPLz5M3x8EXulVX_Z4DU6wV-jkj-S8HrFb5euWGEKMni_We9Tr-G_GFWr3meuG7Q7KSYOgE-ivmw"]</value></Data><Data name="atlas_id"><value>LY-AKA-000007</value></Data><Data name="layer_id"><value>akakus</value></Data><Data name="layer_name_ar"><value>أكاكوس</value></Data><Data name="layer_name_en"><value>Akakus</value></Data><Data name="name_ar"><value>قوس أويص</value></Data><Data name="latitude"><value>25.337911</value></Data><Data name="longitude"><value>10.5472</value></Data><Data name="images_json"><value>[&quot;https://lh3.googleusercontent.com/umsh/AN6v0v4VZ0QXBTHTsyQMNZib2YxoFQErV1BE3IgXuEZehVMHhV86qnpL9mjSjIhiJLQO3IREggfvad5Kkh_eDECKyEAHoCFLse8JMmlaH5bVcoW5ja_-JCCs5Xg9k4TXg7MfaTCU4MMD5DdicEmdBaE9EBIdc7Qg1fL7E5ujnoSviErDeevXIQlyDKvfe5Ky2ItPkUCUvxJ86QpqPyXbWff2WHTYsyv_Alpdi5Vm7rYo-FYYfgD8uE2cwAOTIQ33JX5l4jlBfIaVjsaBoEuUE0Ro-sR7-uU0cnEbt0SXD5krjL572nioQ8Gx6MvMrZS8cKWyycx4hW_saSGo49meJ10h4Ks-ZivtKgHpYDjHR51KVFd6ofl0lx64n2BZbPGlbjRME2waXLjU3bY8NJ28NNZBirwPmfQItD7qqTN6iHHFBGZFda5u0sJL149p4v4X94g7jUQuu_zIC_1T6KpmuxQswCedRYwhVe6Z_CZ7NBbHCl74A7Xu7SIZSxxWyEfEZREdk2IASguUhE127DlKXplLxLN4YROxL3BFwNIxuHBrTtzcvtRLyTyIanT46dfWhd1T9-nPLz5M3x8EXulVX_Z4DU6wV-jkj-S8HrFb5euWGEKMni_We9Tr-G_GFWr3meuG7Q7KSYOgE-ivmw&quot;]</value></Data><Data name="image_count"><value>1</value></Data><Data name="source_file"><value>developed/akakus-developed.kml</value></Data><Data name="source_placemark_index"><value>7</value></Data><Data name="data_quality_status"><value>ok</value></Data></ExtendedData><Point><coordinates>10.5472,25.337911,0</coordinates></Point></Placemark><Placemark><name>قوس صخري</name><description>&lt;div class="atlas-popup" dir="rtl"&gt;&lt;h3&gt;قوس صخري&lt;/h3&gt;&lt;div class="atlas-popup-gallery"&gt;&lt;img src="https://lh3.googleusercontent.com/umsh/AN6v0v5P90Jy-imbz3lhz1IFaHif5qZJu6SuJzCrHrm0qVPOISKPQFtJjB0YoupBv8vqGUKS9QlaUheZAZqMAtPLe6ABoiJdJrT1lkdqxJIu0E2646WzRiqMAxdzKALseV_NiTWCRGDO63oCSmNQv9ODDS_K7_OYNarF0vToCc7vZ0bUvELtbA2Qnu9hFp_l3QvRaP9Y89EPC2_p9YCxPIsaJ5oBMlBj7UXKSUZEnLoFfnOX4wSuCnXxsbKeZHWGvnI4Pc6fH_NiLAHXKyYtED-o1shVh5aHGI3CBA7z3uTPJEokXsxiKU_8weX5QhKAbt9uJQl6kZ9bsga6mRanG3O4soOVOSF9I8dYTuLhDuyR2aJQUiL0ojoHWUhJv8d7GOWG6zIiHu9WW_D2_cgR4rFIsa1LTjgob8HAWbHJaC_mvtpDs_5x1V0XheePi_wELjTB18Lx5Gy8b8SPBw3VvbBSjGg7eGuwbsHZVOyI0ShI03hUhLOu0oEj3zH9fhRHsZQgt-9ch-kdSCvkDyg9WTp4k1PlMVOPELNUQUJZmO-mPoMEzt8JDUq2CiS_rjukEkw8qu0SlniTJ6z8d85VXPUs9whTTOG1BZcwbbRQsCIcizmdULBLc3PqsV0_CkmWNG8lf9h-lMCNebww8A" alt="قوس صخري" loading="lazy" class="atlas-popup-image"&gt;&lt;/div&gt;&lt;div class="atlas-popup-details"&gt;&lt;div&gt;&lt;strong&gt;الوصف:&lt;/strong&gt; 9- يبلغ عرض القوس حوالي 8 أمتار، وارتفاع فتحة القوس حوالي 3 أمتار، ويشكل أحد المظاهر الطبيعية المميزة لتضاريس وادي أويص وتفرعاته.&lt;/div&gt;&lt;/div&gt;&lt;/div&gt;</description><ExtendedData><Data name="atlas_id"><value>LY-AKAKUS-00008</value></Data><Data name="description"><value>9- يبلغ عرض القوس حوالي 8 أمتار، وارتفاع فتحة القوس حوالي 3 أمتار، ويشكل أحد المظاهر الطبيعية المميزة لتضاريس وادي أويص وتفرعاته.</value></Data><Data name="image_count"><value>1</value></Data><Data name="source_file"><value>اكاكوس.kml</value></Data><Data name="images_json"><value>["https://lh3.googleusercontent.com/umsh/AN6v0v5P90Jy-imbz3lhz1IFaHif5qZJu6SuJzCrHrm0qVPOISKPQFtJjB0YoupBv8vqGUKS9QlaUheZAZqMAtPLe6ABoiJdJrT1lkdqxJIu0E2646WzRiqMAxdzKALseV_NiTWCRGDO63oCSmNQv9ODDS_K7_OYNarF0vToCc7vZ0bUvELtbA2Qnu9hFp_l3QvRaP9Y89EPC2_p9YCxPIsaJ5oBMlBj7UXKSUZEnLoFfnOX4wSuCnXxsbKeZHWGvnI4Pc6fH_NiLAHXKyYtED-o1shVh5aHGI3CBA7z3uTPJEokXsxiKU_8weX5QhKAbt9uJQl6kZ9bsga6mRanG3O4soOVOSF9I8dYTuLhDuyR2aJQUiL0ojoHWUhJv8d7GOWG6zIiHu9WW_D2_cgR4rFIsa1LTjgob8HAWbHJaC_mvtpDs_5x1V0XheePi_wELjTB18Lx5Gy8b8SPBw3VvbBSjGg7eGuwbsHZVOyI0ShI03hUhLOu0oEj3zH9fhRHsZQgt-9ch-kdSCvkDyg9WTp4k1PlMVOPELNUQUJZmO-mPoMEzt8JDUq2CiS_rjukEkw8qu0SlniTJ6z8d85VXPUs9whTTOG1BZcwbbRQsCIcizmdULBLc3PqsV0_CkmWNG8lf9h-lMCNebww8A"]</value></Data><Data name="atlas_id"><value>LY-AKAKUS-00008</value></Data><Data name="image_count"><value>1</value></Data><Data name="source_file"><value>اكاكوس.kml</value></Data><Data name="images_json"><value>["https://lh3.googleusercontent.com/umsh/AN6v0v5P90Jy-imbz3lhz1IFaHif5qZJu6SuJzCrHrm0qVPOISKPQFtJjB0YoupBv8vqGUKS9QlaUheZAZqMAtPLe6ABoiJdJrT1lkdqxJIu0E2646WzRiqMAxdzKALseV_NiTWCRGDO63oCSmNQv9ODDS_K7_OYNarF0vToCc7vZ0bUvELtbA2Qnu9hFp_l3QvRaP9Y89EPC2_p9YCxPIsaJ5oBMlBj7UXKSUZEnLoFfnOX4wSuCnXxsbKeZHWGvnI4Pc6fH_NiLAHXKyYtED-o1shVh5aHGI3CBA7z3uTPJEokXsxiKU_8weX5QhKAbt9uJQl6kZ9bsga6mRanG3O4soOVOSF9I8dYTuLhDuyR2aJQUiL0ojoHWUhJv8d7GOWG6zIiHu9WW_D2_cgR4rFIsa1LTjgob8HAWbHJaC_mvtpDs_5x1V0XheePi_wELjTB18Lx5Gy8b8SPBw3VvbBSjGg7eGuwbsHZVOyI0ShI03hUhLOu0oEj3zH9fhRHsZQgt-9ch-kdSCvkDyg9WTp4k1PlMVOPELNUQUJZmO-mPoMEzt8JDUq2CiS_rjukEkw8qu0SlniTJ6z8d85VXPUs9whTTOG1BZcwbbRQsCIcizmdULBLc3PqsV0_CkmWNG8lf9h-lMCNebww8A"]</value></Data><Data name="atlas_id"><value>LY-AKA-000008</value></Data><Data name="layer_id"><value>akakus</value></Data><Data name="layer_name_ar"><value>أكاكوس</value></Data><Data name="layer_name_en"><value>Akakus</value></Data><Data name="name_ar"><value>قوس صخري</value></Data><Data name="latitude"><value>25.306461</value></Data><Data name="longitude"><value>10.561725</value></Data><Data name="images_json"><value>[&quot;https://lh3.googleusercontent.com/umsh/AN6v0v5P90Jy-imbz3lhz1IFaHif5qZJu6SuJzCrHrm0qVPOISKPQFtJjB0YoupBv8vqGUKS9QlaUheZAZqMAtPLe6ABoiJdJrT1lkdqxJIu0E2646WzRiqMAxdzKALseV_NiTWCRGDO63oCSmNQv9ODDS_K7_OYNarF0vToCc7vZ0bUvELtbA2Qnu9hFp_l3QvRaP9Y89EPC2_p9YCxPIsaJ5oBMlBj7UXKSUZEnLoFfnOX4wSuCnXxsbKeZHWGvnI4Pc6fH_NiLAHXKyYtED-o1shVh5aHGI3CBA7z3uTPJEokXsxiKU_8weX5QhKAbt9uJQl6kZ9bsga6mRanG3O4soOVOSF9I8dYTuLhDuyR2aJQUiL0ojoHWUhJv8d7GOWG6zIiHu9WW_D2_cgR4rFIsa1LTjgob8HAWbHJaC_mvtpDs_5x1V0XheePi_wELjTB18Lx5Gy8b8SPBw3VvbBSjGg7eGuwbsHZVOyI0ShI03hUhLOu0oEj3zH9fhRHsZQgt-9ch-kdSCvkDyg9WTp4k1PlMVOPELNUQUJZmO-mPoMEzt8JDUq2CiS_rjukEkw8qu0SlniTJ6z8d85VXPUs9whTTOG1BZcwbbRQsCIcizmdULBLc3PqsV0_CkmWNG8lf9h-lMCNebww8A&quot;]</value></Data><Data name="image_count"><value>1</value></Data><Data name="source_file"><value>developed/akakus-developed.kml</value></Data><Data name="source_placemark_index"><value>8</value></Data><Data name="data_quality_status"><value>ok</value></Data></ExtendedData><Point><coordinates>10.561725,25.306461,0</coordinates></Point></Placemark><Placemark><name>قوس صخري</name><description>&lt;div class="atlas-popup" dir="rtl"&gt;&lt;h3&gt;قوس صخري&lt;/h3&gt;&lt;div class="atlas-popup-gallery"&gt;&lt;img src="https://lh3.googleusercontent.com/umsh/AN6v0v49kjaFzCkg9RiRXCpx8X7S2utUnTLNIxS9ky1Y0NScpSZfgLPH7i_roNBUpHpDBma1zVfcKoJ075YO1bHe2kqrlwcivoK6aMVIzAEdyCKIYLhKjlRh28hiBngFA-KErgGgBVfb2xRNO2MLVpmhwxtpuLeeCedh70jobeJlOSNYUnC5bqRib4jwJcRbcsh2WyseXvZJESIgU9_mq8_iOB_csWj6TXfLh9KblCzQaH3w4OLwpxxL7htd60naVckhW8JaokVPZWd9ememsj2fIzEEg77-yvO2YD8vekdBJIf0zFKXYVnMf6VNyEapUgV_R3GhQmSq0pmbxWVHIUwZspxCtfQOISwsIImD6K2UAj_7ahaA0qgg4ScXN-bMVM4lQJbk2oShC9GuqXtcRUu933a2f9t0icPtnrNTr6j3a2Xkv1mLPJxkmr-ZEPbYa5rBjhJAQKWJIoQ7USNGJ4oMpFb1j-GZkkRVPj8_SwaiELqcVzfVSnTb5nqnAyShanYnHkP1UAyE4xtx3PBbfW5vzIw2IBhWh7GoorLYjUkWSlRf83n8-rm3DcPPSkDJSE5fBpjld579hDNmPYR53dwyb9aTrSv4zQb0qD5egjq5xkqNej1gtgsjczOPk9TcXDTXm_CoIikWRYoPnw" alt="قوس صخري" loading="lazy" class="atlas-popup-image"&gt;&lt;/div&gt;&lt;div class="atlas-popup-details"&gt;&lt;div&gt;&lt;strong&gt;الوصف:&lt;/strong&gt; 10- يقع القوس فوق مرتفع وسط تفرعات وادي أويص، وهو قوس صغير يبلغ ارتفاع فتحته حوالي 3 أمتار، وبارتفاع يصل إلى مترين.&lt;/div&gt;&lt;/div&gt;&lt;/div&gt;</description><ExtendedData><Data name="atlas_id"><value>LY-AKAKUS-00009</value></Data><Data name="description"><value>10- يقع القوس فوق مرتفع وسط تفرعات وادي أويص، وهو قوس صغير يبلغ ارتفاع فتحته حوالي 3 أمتار، وبارتفاع يصل إلى مترين.</value></Data><Data name="image_count"><value>1</value></Data><Data name="source_file"><value>اكاكوس.kml</value></Data><Data name="images_json"><value>["https://lh3.googleusercontent.com/umsh/AN6v0v49kjaFzCkg9RiRXCpx8X7S2utUnTLNIxS9ky1Y0NScpSZfgLPH7i_roNBUpHpDBma1zVfcKoJ075YO1bHe2kqrlwcivoK6aMVIzAEdyCKIYLhKjlRh28hiBngFA-KErgGgBVfb2xRNO2MLVpmhwxtpuLeeCedh70jobeJlOSNYUnC5bqRib4jwJcRbcsh2WyseXvZJESIgU9_mq8_iOB_csWj6TXfLh9KblCzQaH3w4OLwpxxL7htd60naVckhW8JaokVPZWd9ememsj2fIzEEg77-yvO2YD8vekdBJIf0zFKXYVnMf6VNyEapUgV_R3GhQmSq0pmbxWVHIUwZspxCtfQOISwsIImD6K2UAj_7ahaA0qgg4ScXN-bMVM4lQJbk2oShC9GuqXtcRUu933a2f9t0icPtnrNTr6j3a2Xkv1mLPJxkmr-ZEPbYa5rBjhJAQKWJIoQ7USNGJ4oMpFb1j-GZkkRVPj8_SwaiELqcVzfVSnTb5nqnAyShanYnHkP1UAyE4xtx3PBbfW5vzIw2IBhWh7GoorLYjUkWSlRf83n8-rm3DcPPSkDJSE5fBpjld579hDNmPYR53dwyb9aTrSv4zQb0qD5egjq5xkqNej1gtgsjczOPk9TcXDTXm_CoIikWRYoPnw"]</value></Data><Data name="atlas_id"><value>LY-AKAKUS-00009</value></Data><Data name="image_count"><value>1</value></Data><Data name="source_file"><value>اكاكوس.kml</value></Data><Data name="images_json"><value>["https://lh3.googleusercontent.com/umsh/AN6v0v49kjaFzCkg9RiRXCpx8X7S2utUnTLNIxS9ky1Y0NScpSZfgLPH7i_roNBUpHpDBma1zVfcKoJ075YO1bHe2kqrlwcivoK6aMVIzAEdyCKIYLhKjlRh28hiBngFA-KErgGgBVfb2xRNO2MLVpmhwxtpuLeeCedh70jobeJlOSNYUnC5bqRib4jwJcRbcsh2WyseXvZJESIgU9_mq8_iOB_csWj6TXfLh9KblCzQaH3w4OLwpxxL7htd60naVckhW8JaokVPZWd9ememsj2fIzEEg77-yvO2YD8vekdBJIf0zFKXYVnMf6VNyEapUgV_R3GhQmSq0pmbxWVHIUwZspxCtfQOISwsIImD6K2UAj_7ahaA0qgg4ScXN-bMVM4lQJbk2oShC9GuqXtcRUu933a2f9t0icPtnrNTr6j3a2Xkv1mLPJxkmr-ZEPbYa5rBjhJAQKWJIoQ7USNGJ4oMpFb1j-GZkkRVPj8_SwaiELqcVzfVSnTb5nqnAyShanYnHkP1UAyE4xtx3PBbfW5vzIw2IBhWh7GoorLYjUkWSlRf83n8-rm3DcPPSkDJSE5fBpjld579hDNmPYR53dwyb9aTrSv4zQb0qD5egjq5xkqNej1gtgsjczOPk9TcXDTXm_CoIikWRYoPnw"]</value></Data><Data name="atlas_id"><value>LY-AKA-000009</value></Data><Data name="layer_id"><value>akakus</value></Data><Data name="layer_name_ar"><value>أكاكوس</value></Data><Data name="layer_name_en"><value>Akakus</value></Data><Data name="name_ar"><value>قوس صخري</value></Data><Data name="latitude"><value>25.308144</value></Data><Data name="longitude"><value>10.554221</value></Data><Data name="images_json"><value>[&quot;https://lh3.googleusercontent.com/umsh/AN6v0v49kjaFzCkg9RiRXCpx8X7S2utUnTLNIxS9ky1Y0NScpSZfgLPH7i_roNBUpHpDBma1zVfcKoJ075YO1bHe2kqrlwcivoK6aMVIzAEdyCKIYLhKjlRh28hiBngFA-KErgGgBVfb2xRNO2MLVpmhwxtpuLeeCedh70jobeJlOSNYUnC5bqRib4jwJcRbcsh2WyseXvZJESIgU9_mq8_iOB_csWj6TXfLh9KblCzQaH3w4OLwpxxL7htd60naVckhW8JaokVPZWd9ememsj2fIzEEg77-yvO2YD8vekdBJIf0zFKXYVnMf6VNyEapUgV_R3GhQmSq0pmbxWVHIUwZspxCtfQOISwsIImD6K2UAj_7ahaA0qgg4ScXN-bMVM4lQJbk2oShC9GuqXtcRUu933a2f9t0icPtnrNTr6j3a2Xkv1mLPJxkmr-ZEPbYa5rBjhJAQKWJIoQ7USNGJ4oMpFb1j-GZkkRVPj8_SwaiELqcVzfVSnTb5nqnAyShanYnHkP1UAyE4xtx3PBbfW5vzIw2IBhWh7GoorLYjUkWSlRf83n8-rm3DcPPSkDJSE5fBpjld579hDNmPYR53dwyb9aTrSv4zQb0qD5egjq5xkqNej1gtgsjczOPk9TcXDTXm_CoIikWRYoPnw&quot;]</value></Data><Data name="image_count"><value>1</value></Data><Data name="source_file"><value>developed/akakus-developed.kml</value></Data><Data name="source_placemark_index"><value>9</value></Data><Data name="data_quality_status"><value>ok</value></Data></ExtendedData><Point><coordinates>10.554221,25.308144,0</coordinates></Point></Placemark><Placemark><name>قوس صخري</name><description>&lt;div class="atlas-popup" dir="rtl"&gt;&lt;h3&gt;قوس صخري&lt;/h3&gt;&lt;div class="atlas-popup-gallery"&gt;&lt;img src="https://lh3.googleusercontent.com/umsh/AN6v0v4FfJOvwwnJgvOkEIdO65WxdZ_2eEetI_55y0UzLECi_jH0jToNMJ-g0D18gvPN83cLEl_A3L-SlDWRcCYPSiUUuR8UTmbMyTbU7Uto-bPxyZhSs-sLNdQC43jl2WV9Ccb0fdSuuSpdzH0wOkL07xzydCdlbRDs50CSykcn2b2y82z5jXw2JBI_ZlLaWvcjgsiLyhpd9fIY19DumCll8VAsrNcgqhqaDHYvRmQT5zVIE9-gC1dYk2ttNst1ZUgJX6YnH_VVPozA52k52kKgURQr0rR1C_vrgyQq3Mjc2xEItBYANWRRnY8etPKs0dHqoFfy-YOqATJz0NNQ0oMy0We8F2vDnDMwoi3CRenJN4-NDOBHvk4eUczvLzLWcWCPGhw_FcUU6lICG3eMPvNDRwGZxOrI4O4wAiN0jw9P36QoT6Tu9KC3x3UzWaJljjU3lgeyler5l7CEk6cWK56j3s1zyJv5fe3RtB9Fnlm8_AwtMjipbzi4UVxFgDYues8gzqeLMGMWt6NsP15zXntceB97i3uLt24H4UfV44gV4fbDG6PE5yU3D2aqpke3-F4uwAM0WJUbc6_rWJ18FJjL-YSflR7jFcuyxEbhqitMeryKe8CbwwXg2mcD32Zppk32x9Tl7nlG_UAAnA" alt="قوس صخري" loading="lazy" class="atlas-popup-image"&gt;&lt;/div&gt;&lt;div class="atlas-popup-details"&gt;&lt;div&gt;&lt;strong&gt;الوصف:&lt;/strong&gt; التصنيف: الكود: الوصف: X: 10.5598188 Y: 25.3114496&lt;/div&gt;&lt;/div&gt;&lt;/div&gt;</description><ExtendedData><Data name="atlas_id"><value>LY-AKAKUS-00010</value></Data><Data name="description"><value>التصنيف: الكود: الوصف: X: 10.5598188 Y: 25.3114496</value></Data><Data name="image_count"><value>1</value></Data><Data name="source_file"><value>اكاكوس.kml</value></Data><Data name="images_json"><value>["https://lh3.googleusercontent.com/umsh/AN6v0v4FfJOvwwnJgvOkEIdO65WxdZ_2eEetI_55y0UzLECi_jH0jToNMJ-g0D18gvPN83cLEl_A3L-SlDWRcCYPSiUUuR8UTmbMyTbU7Uto-bPxyZhSs-sLNdQC43jl2WV9Ccb0fdSuuSpdzH0wOkL07xzydCdlbRDs50CSykcn2b2y82z5jXw2JBI_ZlLaWvcjgsiLyhpd9fIY19DumCll8VAsrNcgqhqaDHYvRmQT5zVIE9-gC1dYk2ttNst1ZUgJX6YnH_VVPozA52k52kKgURQr0rR1C_vrgyQq3Mjc2xEItBYANWRRnY8etPKs0dHqoFfy-YOqATJz0NNQ0oMy0We8F2vDnDMwoi3CRenJN4-NDOBHvk4eUczvLzLWcWCPGhw_FcUU6lICG3eMPvNDRwGZxOrI4O4wAiN0jw9P36QoT6Tu9KC3x3UzWaJljjU3lgeyler5l7CEk6cWK56j3s1zyJv5fe3RtB9Fnlm8_AwtMjipbzi4UVxFgDYues8gzqeLMGMWt6NsP15zXntceB97i3uLt24H4UfV44gV4fbDG6PE5yU3D2aqpke3-F4uwAM0WJUbc6_rWJ18FJjL-YSflR7jFcuyxEbhqitMeryKe8CbwwXg2mcD32Zppk32x9Tl7nlG_UAAnA"]</value></Data><Data name="atlas_id"><value>LY-AKAKUS-00010</value></Data><Data name="image_count"><value>1</value></Data><Data name="source_file"><value>اكاكوس.kml</value></Data><Data name="images_json"><value>["https://lh3.googleusercontent.com/umsh/AN6v0v4FfJOvwwnJgvOkEIdO65WxdZ_2eEetI_55y0UzLECi_jH0jToNMJ-g0D18gvPN83cLEl_A3L-SlDWRcCYPSiUUuR8UTmbMyTbU7Uto-bPxyZhSs-sLNdQC43jl2WV9Ccb0fdSuuSpdzH0wOkL07xzydCdlbRDs50CSykcn2b2y82z5jXw2JBI_ZlLaWvcjgsiLyhpd9fIY19DumCll8VAsrNcgqhqaDHYvRmQT5zVIE9-gC1dYk2ttNst1ZUgJX6YnH_VVPozA52k52kKgURQr0rR1C_vrgyQq3Mjc2xEItBYANWRRnY8etPKs0dHqoFfy-YOqATJz0NNQ0oMy0We8F2vDnDMwoi3CRenJN4-NDOBHvk4eUczvLzLWcWCPGhw_FcUU6lICG3eMPvNDRwGZxOrI4O4wAiN0jw9P36QoT6Tu9KC3x3UzWaJljjU3lgeyler5l7CEk6cWK56j3s1zyJv5fe3RtB9Fnlm8_AwtMjipbzi4UVxFgDYues8gzqeLMGMWt6NsP15zXntceB97i3uLt24H4UfV44gV4fbDG6PE5yU3D2aqpke3-F4uwAM0WJUbc6_rWJ18FJjL-YSflR7jFcuyxEbhqitMeryKe8CbwwXg2mcD32Zppk32x9Tl7nlG_UAAnA"]</value></Data><Data name="atlas_id"><value>LY-AKA-000010</value></Data><Data name="layer_id"><value>akakus</value></Data><Data name="layer_name_ar"><value>أكاكوس</value></Data><Data name="layer_name_en"><value>Akakus</value></Data><Data name="name_ar"><value>قوس صخري</value></Data><Data name="latitude"><value>25.31145</value></Data><Data name="longitude"><value>10.559819</value></Data><Data name="images_json"><value>[&quot;https://lh3.googleusercontent.com/umsh/AN6v0v4FfJOvwwnJgvOkEIdO65WxdZ_2eEetI_55y0UzLECi_jH0jToNMJ-g0D18gvPN83cLEl_A3L-SlDWRcCYPSiUUuR8UTmbMyTbU7Uto-bPxyZhSs-sLNdQC43jl2WV9Ccb0fdSuuSpdzH0wOkL07xzydCdlbRDs50CSykcn2b2y82z5jXw2JBI_ZlLaWvcjgsiLyhpd9fIY19DumCll8VAsrNcgqhqaDHYvRmQT5zVIE9-gC1dYk2ttNst1ZUgJX6YnH_VVPozA52k52kKgURQr0rR1C_vrgyQq3Mjc2xEItBYANWRRnY8etPKs0dHqoFfy-YOqATJz0NNQ0oMy0We8F2vDnDMwoi3CRenJN4-NDOBHvk4eUczvLzLWcWCPGhw_FcUU6lICG3eMPvNDRwGZxOrI4O4wAiN0jw9P36QoT6Tu9KC3x3UzWaJljjU3lgeyler5l7CEk6cWK56j3s1zyJv5fe3RtB9Fnlm8_AwtMjipbzi4UVxFgDYues8gzqeLMGMWt6NsP15zXntceB97i3uLt24H4UfV44gV4fbDG6PE5yU3D2aqpke3-F4uwAM0WJUbc6_rWJ18FJjL-YSflR7jFcuyxEbhqitMeryKe8CbwwXg2mcD32Zppk32x9Tl7nlG_UAAnA&quot;]</value></Data><Data name="image_count"><value>1</value></Data><Data name="source_file"><value>developed/akakus-developed.kml</value></Data><Data name="source_placemark_index"><value>10</value></Data><Data name="data_quality_status"><value>ok</value></Data></ExtendedData><Point><coordinates>10.559819,25.31145,0</coordinates></Point></Placemark><Placemark><name>قوس صخري</name><description>&lt;div class="atlas-popup" dir="rtl"&gt;&lt;h3&gt;قوس صخري&lt;/h3&gt;&lt;div class="atlas-popup-gallery"&gt;&lt;img src="https://lh3.googleusercontent.com/umsh/AN6v0v42qzvFddbkB4bImoh4mYyDshOFDqhNh6y9ouQ1PqIFAEG6DXW096_NuyRIygaL-352aqCjyOO7Ca8WBYFzwdh6gbVoZMZbA9JIa8Aq8YDTMwLB8qDjUwSgMtz-N1HqYs7nviCfXSx6k17BQCkm5cMqt7BmrCnHijmJ9dVu9QABtxMe3rjaQhqMEB7hgQq_TvmI-mfLes1eQzZunopme1xg25iUV1dKfQZle-urZHy0ZOtf5ToyXJXejklu7nBuUZPw5nRJl2tlerVlsPBlEh1I2VrCqhFUx54Vjy3sPoBIXcFpyBfBNEjVg1YU4BmkDn8CSvu8cjmTS5sGAijaDOv9x5Ulc-y3RK0cwmDzo-EXgYQy97SpL-NY1_W6ibuF33Jpo09dGgh6naDGLJafnZFH8aw3Xa9Il5PeWF3wJby20eTm65JpEtDbNNF8CNI7UZ_D7YPyhDG-2lHERoqSr3LbjjWoAwdNKOD0M4l_fGT4Z44Y5sV5xe_nUixevpOHaKy8XjSrin05-3NRWA50LJGjn64kbNWWuNLikwP4j1YtP72oGHnCjX9xs_BBnRhpabv6xA97yMeo7kzemTGyFdgQfWZl9_sh5Wuz9XPfXmyGk2CsC17XRtMKWE6Fgaar-xM5NFUrnSsA" alt="قوس صخري" loading="lazy" class="atlas-popup-image"&gt;&lt;/div&gt;&lt;div class="atlas-popup-details"&gt;&lt;div&gt;&lt;strong&gt;الوصف:&lt;/strong&gt; التصنيف: الكود: الوصف: X: 10.5600566 Y: 25.311701&lt;/div&gt;&lt;/div&gt;&lt;/div&gt;</description><ExtendedData><Data name="atlas_id"><value>LY-AKAKUS-00011</value></Data><Data name="description"><value>التصنيف: الكود: الوصف: X: 10.5600566 Y: 25.311701</value></Data><Data name="image_count"><value>1</value></Data><Data name="source_file"><value>اكاكوس.kml</value></Data><Data name="images_json"><value>["https://lh3.googleusercontent.com/umsh/AN6v0v42qzvFddbkB4bImoh4mYyDshOFDqhNh6y9ouQ1PqIFAEG6DXW096_NuyRIygaL-352aqCjyOO7Ca8WBYFzwdh6gbVoZMZbA9JIa8Aq8YDTMwLB8qDjUwSgMtz-N1HqYs7nviCfXSx6k17BQCkm5cMqt7BmrCnHijmJ9dVu9QABtxMe3rjaQhqMEB7hgQq_TvmI-mfLes1eQzZunopme1xg25iUV1dKfQZle-urZHy0ZOtf5ToyXJXejklu7nBuUZPw5nRJl2tlerVlsPBlEh1I2VrCqhFUx54Vjy3sPoBIXcFpyBfBNEjVg1YU4BmkDn8CSvu8cjmTS5sGAijaDOv9x5Ulc-y3RK0cwmDzo-EXgYQy97SpL-NY1_W6ibuF33Jpo09dGgh6naDGLJafnZFH8aw3Xa9Il5PeWF3wJby20eTm65JpEtDbNNF8CNI7UZ_D7YPyhDG-2lHERoqSr3LbjjWoAwdNKOD0M4l_fGT4Z44Y5sV5xe_nUixevpOHaKy8XjSrin05-3NRWA50LJGjn64kbNWWuNLikwP4j1YtP72oGHnCjX9xs_BBnRhpabv6xA97yMeo7kzemTGyFdgQfWZl9_sh5Wuz9XPfXmyGk2CsC17XRtMKWE6Fgaar-xM5NFUrnSsA"]</value></Data><Data name="atlas_id"><value>LY-AKAKUS-00011</value></Data><Data name="image_count"><value>1</value></Data><Data name="source_file"><value>اكاكوس.kml</value></Data><Data name="images_json"><value>["https://lh3.googleusercontent.com/umsh/AN6v0v42qzvFddbkB4bImoh4mYyDshOFDqhNh6y9ouQ1PqIFAEG6DXW096_NuyRIygaL-352aqCjyOO7Ca8WBYFzwdh6gbVoZMZbA9JIa8Aq8YDTMwLB8qDjUwSgMtz-N1HqYs7nviCfXSx6k17BQCkm5cMqt7BmrCnHijmJ9dVu9QABtxMe3rjaQhqMEB7hgQq_TvmI-mfLes1eQzZunopme1xg25iUV1dKfQZle-urZHy0ZOtf5ToyXJXejklu7nBuUZPw5nRJl2tlerVlsPBlEh1I2VrCqhFUx54Vjy3sPoBIXcFpyBfBNEjVg1YU4BmkDn8CSvu8cjmTS5sGAijaDOv9x5Ulc-y3RK0cwmDzo-EXgYQy97SpL-NY1_W6ibuF33Jpo09dGgh6naDGLJafnZFH8aw3Xa9Il5PeWF3wJby20eTm65JpEtDbNNF8CNI7UZ_D7YPyhDG-2lHERoqSr3LbjjWoAwdNKOD0M4l_fGT4Z44Y5sV5xe_nUixevpOHaKy8XjSrin05-3NRWA50LJGjn64kbNWWuNLikwP4j1YtP72oGHnCjX9xs_BBnRhpabv6xA97yMeo7kzemTGyFdgQfWZl9_sh5Wuz9XPfXmyGk2CsC17XRtMKWE6Fgaar-xM5NFUrnSsA"]</value></Data><Data name="atlas_id"><value>LY-AKA-000011</value></Data><Data name="layer_id"><value>akakus</value></Data><Data name="layer_name_ar"><value>أكاكوس</value></Data><Data name="layer_name_en"><value>Akakus</value></Data><Data name="name_ar"><value>قوس صخري</value></Data><Data name="latitude"><value>25.311701</value></Data><Data name="longitude"><value>10.560057</value></Data><Data name="images_json"><value>[&quot;https://lh3.googleusercontent.com/umsh/AN6v0v42qzvFddbkB4bImoh4mYyDshOFDqhNh6y9ouQ1PqIFAEG6DXW096_NuyRIygaL-352aqCjyOO7Ca8WBYFzwdh6gbVoZMZbA9JIa8Aq8YDTMwLB8qDjUwSgMtz-N1HqYs7nviCfXSx6k17BQCkm5cMqt7BmrCnHijmJ9dVu9QABtxMe3rjaQhqMEB7hgQq_TvmI-mfLes1eQzZunopme1xg25iUV1dKfQZle-urZHy0ZOtf5ToyXJXejklu7nBuUZPw5nRJl2tlerVlsPBlEh1I2VrCqhFUx54Vjy3sPoBIXcFpyBfBNEjVg1YU4BmkDn8CSvu8cjmTS5sGAijaDOv9x5Ulc-y3RK0cwmDzo-EXgYQy97SpL-NY1_W6ibuF33Jpo09dGgh6naDGLJafnZFH8aw3Xa9Il5PeWF3wJby20eTm65JpEtDbNNF8CNI7UZ_D7YPyhDG-2lHERoqSr3LbjjWoAwdNKOD0M4l_fGT4Z44Y5sV5xe_nUixevpOHaKy8XjSrin05-3NRWA50LJGjn64kbNWWuNLikwP4j1YtP72oGHnCjX9xs_BBnRhpabv6xA97yMeo7kzemTGyFdgQfWZl9_sh5Wuz9XPfXmyGk2CsC17XRtMKWE6Fgaar-xM5NFUrnSsA&quot;]</value></Data><Data name="image_count"><value>1</value></Data><Data name="source_file"><value>developed/akakus-developed.kml</value></Data><Data name="source_placemark_index"><value>11</value></Data><Data name="data_quality_status"><value>ok</value></Data></ExtendedData><Point><coordinates>10.560057,25.311701,0</coordinates></Point></Placemark><Placemark><name>قوس صخري 13</name><description>&lt;div class="atlas-popup" dir="rtl"&gt;&lt;h3&gt;قوس صخري 13&lt;/h3&gt;&lt;div class="atlas-popup-gallery"&gt;&lt;img src="https://lh3.googleusercontent.com/umsh/AN6v0v4xpIJ1y2Gj5D5xtp-49tAA360fwuh7kkPzVuyklrOJ1ygcMnazqzMgeNMjyiibim6TE3NHml17wx05CRZVELpjK_ty6694aR-boIroqGETEsVgsTY90DnkM1zvNcesMUAQMoTGQoaG6xw77YqYsvs_CzBPDZoD4Od1BPv_jO3wUutQUQSnab_fnmfoOGLJTwE_5LzmTsBnYikgUgzXjBkLPjUQlihKW7WBCkCCIU9WPzfHz88UKfZa7QGNOAIAcPy9LbnD55qtbiliyrV-K2zE_yHecRcI9KFWEilegmJNtxtzhvTSmLCNHoPO1SNUxo-lZT1cJils3Pz3iNopNUXDZtKA2EXnuWxKgE3zBF60N06bRdpCT8zsdBA8mzxxl3RvzEzXyQw0C1aVh7kAzl4-D5JH5eRsuDnjTiabmMY2VDxNbIA7N8VlsPC8tdJePXs_U_cODoNF3XIzj5DosHyI_6RSHR6Kqpb-EEiRq115aKpX6NXkgOvTpwZ58-G4G1fJpUJnTmV1qCLHqmHa5dW8hcIBmQFVcC7OdK_vvYpNMIKoS-lK2L-DN--HgCH6nCnOTNCNS56X7wXB6Qme-P3thMntzuhsrbLX9hYfepIfYRQvhkAXRXb0IgQy5EImCM-d1FI04qlAMQ" alt="قوس صخري 13" loading="lazy" class="atlas-popup-image"&gt;&lt;/div&gt;&lt;div class="atlas-popup-details"&gt;&lt;div&gt;&lt;strong&gt;الوصف:&lt;/strong&gt; 13- ينهض القوس وسط وادي أنشال، بارتفاع 12 متر، وعرض 5 أمتار، ويشكل أحد المناظر الطبيعية والظواهر الجيولوجية في الوادي.&lt;/div&gt;&lt;/div&gt;&lt;/div&gt;</description><ExtendedData><Data name="atlas_id"><value>LY-AKAKUS-00012</value></Data><Data name="description"><value>13- ينهض القوس وسط وادي أنشال، بارتفاع 12 متر، وعرض 5 أمتار، ويشكل أحد المناظر الطبيعية والظواهر الجيولوجية في الوادي.</value></Data><Data name="image_count"><value>1</value></Data><Data name="source_file"><value>اكاكوس.kml</value></Data><Data name="images_json"><value>["https://lh3.googleusercontent.com/umsh/AN6v0v4xpIJ1y2Gj5D5xtp-49tAA360fwuh7kkPzVuyklrOJ1ygcMnazqzMgeNMjyiibim6TE3NHml17wx05CRZVELpjK_ty6694aR-boIroqGETEsVgsTY90DnkM1zvNcesMUAQMoTGQoaG6xw77YqYsvs_CzBPDZoD4Od1BPv_jO3wUutQUQSnab_fnmfoOGLJTwE_5LzmTsBnYikgUgzXjBkLPjUQlihKW7WBCkCCIU9WPzfHz88UKfZa7QGNOAIAcPy9LbnD55qtbiliyrV-K2zE_yHecRcI9KFWEilegmJNtxtzhvTSmLCNHoPO1SNUxo-lZT1cJils3Pz3iNopNUXDZtKA2EXnuWxKgE3zBF60N06bRdpCT8zsdBA8mzxxl3RvzEzXyQw0C1aVh7kAzl4-D5JH5eRsuDnjTiabmMY2VDxNbIA7N8VlsPC8tdJePXs_U_cODoNF3XIzj5DosHyI_6RSHR6Kqpb-EEiRq115aKpX6NXkgOvTpwZ58-G4G1fJpUJnTmV1qCLHqmHa5dW8hcIBmQFVcC7OdK_vvYpNMIKoS-lK2L-DN--HgCH6nCnOTNCNS56X7wXB6Qme-P3thMntzuhsrbLX9hYfepIfYRQvhkAXRXb0IgQy5EImCM-d1FI04qlAMQ"]</value></Data><Data name="atlas_id"><value>LY-AKAKUS-00012</value></Data><Data name="image_count"><value>1</value></Data><Data name="source_file"><value>اكاكوس.kml</value></Data><Data name="images_json"><value>["https://lh3.googleusercontent.com/umsh/AN6v0v4xpIJ1y2Gj5D5xtp-49tAA360fwuh7kkPzVuyklrOJ1ygcMnazqzMgeNMjyiibim6TE3NHml17wx05CRZVELpjK_ty6694aR-boIroqGETEsVgsTY90DnkM1zvNcesMUAQMoTGQoaG6xw77YqYsvs_CzBPDZoD4Od1BPv_jO3wUutQUQSnab_fnmfoOGLJTwE_5LzmTsBnYikgUgzXjBkLPjUQlihKW7WBCkCCIU9WPzfHz88UKfZa7QGNOAIAcPy9LbnD55qtbiliyrV-K2zE_yHecRcI9KFWEilegmJNtxtzhvTSmLCNHoPO1SNUxo-lZT1cJils3Pz3iNopNUXDZtKA2EXnuWxKgE3zBF60N06bRdpCT8zsdBA8mzxxl3RvzEzXyQw0C1aVh7kAzl4-D5JH5eRsuDnjTiabmMY2VDxNbIA7N8VlsPC8tdJePXs_U_cODoNF3XIzj5DosHyI_6RSHR6Kqpb-EEiRq115aKpX6NXkgOvTpwZ58-G4G1fJpUJnTmV1qCLHqmHa5dW8hcIBmQFVcC7OdK_vvYpNMIKoS-lK2L-DN--HgCH6nCnOTNCNS56X7wXB6Qme-P3thMntzuhsrbLX9hYfepIfYRQvhkAXRXb0IgQy5EImCM-d1FI04qlAMQ"]</value></Data><Data name="atlas_id"><value>LY-AKA-000012</value></Data><Data name="layer_id"><value>akakus</value></Data><Data name="layer_name_ar"><value>أكاكوس</value></Data><Data name="layer_name_en"><value>Akakus</value></Data><Data name="name_ar"><value>قوس صخري 13</value></Data><Data name="latitude"><value>24.912561</value></Data><Data name="longitude"><value>10.664895</value></Data><Data name="images_json"><value>[&quot;https://lh3.googleusercontent.com/umsh/AN6v0v4xpIJ1y2Gj5D5xtp-49tAA360fwuh7kkPzVuyklrOJ1ygcMnazqzMgeNMjyiibim6TE3NHml17wx05CRZVELpjK_ty6694aR-boIroqGETEsVgsTY90DnkM1zvNcesMUAQMoTGQoaG6xw77YqYsvs_CzBPDZoD4Od1BPv_jO3wUutQUQSnab_fnmfoOGLJTwE_5LzmTsBnYikgUgzXjBkLPjUQlihKW7WBCkCCIU9WPzfHz88UKfZa7QGNOAIAcPy9LbnD55qtbiliyrV-K2zE_yHecRcI9KFWEilegmJNtxtzhvTSmLCNHoPO1SNUxo-lZT1cJils3Pz3iNopNUXDZtKA2EXnuWxKgE3zBF60N06bRdpCT8zsdBA8mzxxl3RvzEzXyQw0C1aVh7kAzl4-D5JH5eRsuDnjTiabmMY2VDxNbIA7N8VlsPC8tdJePXs_U_cODoNF3XIzj5DosHyI_6RSHR6Kqpb-EEiRq115aKpX6NXkgOvTpwZ58-G4G1fJpUJnTmV1qCLHqmHa5dW8hcIBmQFVcC7OdK_vvYpNMIKoS-lK2L-DN--HgCH6nCnOTNCNS56X7wXB6Qme-P3thMntzuhsrbLX9hYfepIfYRQvhkAXRXb0IgQy5EImCM-d1FI04qlAMQ&quot;]</value></Data><Data name="image_count"><value>1</value></Data><Data name="source_file"><value>developed/akakus-developed.kml</value></Data><Data name="source_placemark_index"><value>12</value></Data><Data name="data_quality_status"><value>ok</value></Data></ExtendedData><Point><coordinates>10.664895,24.912561,0</coordinates></Point></Placemark><Placemark><name>قوس تين لوبو</name><description>&lt;div class="atlas-popup" dir="rtl"&gt;&lt;h3&gt;قوس تين لوبو&lt;/h3&gt;&lt;div class="atlas-popup-gallery"&gt;&lt;img src="https://lh3.googleusercontent.com/umsh/AN6v0v6PQHkpSj8n6Wv4ISn5ZJWl2YDrdRxYxukfAvROpbYGUe-TpA-i_tLWauXoF2g8DXw0vPqoZXJkx4LPz2RpJVQ8XtDsDuJrrlp-Y7Yacuqp1NwZFJhM2tpZ-IUXmiOpzQIC0uGQjF231BmyD1jJIdpwcgLy1QtBKdNjFRt1wU2OZgMyF9lQSSAPK9ym9Sg1OSgew_gZ7j9oXMXWxJL92KmyqZ-GRp_0AcsPCsL6OQbfobXXvWkwFfeos0pa_DMrDaZb6YeZl7vVXCzt7L5fTud57a1DMNOGBxK3YL7GjcOFA3eq_D9kv98ZKPJqjqQShuCm9syzNjAQrqfGCOxL7iQt8LU7qcrDotjQvZ0lSYwvPvNi3hbmPUZnJOpjyn0zS_MNRdSVn4PdYWPdSFQ50pHQaJMSPYvO4UT9imR-osNadL7dVXfLvI_o8J1i8Li3_K-7-Pq8TW3sT2hTNadO4_knnwJgtO8uCm5q_YrjcNOaBd9FoDlHNzkxXQi5tu8PrCm-aO4lLmNQV2IRmdcObiy1fmpEwpQ_je3pyQY5cnDFCfl09LWFh0WRYHbQvOq1U8lPbhfmISETY1oVaaWNrUB_4YFQP-Zx-5sCB3tiMjg-7Z03aQu5YYzqHyLglz4jyHoPJSNxgQoa" alt="قوس تين لوبو" loading="lazy" class="atlas-popup-image"&gt;&lt;/div&gt;&lt;div class="atlas-popup-details"&gt;&lt;div&gt;&lt;strong&gt;الوصف:&lt;/strong&gt; 14- قوس تين لوبو : يصف زوار الموقع بأنه يشبه قدم الفيل، وهو أحد المناظر الأكثر استقطابًا للزوار، وسط وادي تانشالت، ويبلغ ارتفاع فتحة القوس حوالي 14 مترًا، وعرض 12 متر.&lt;/div&gt;&lt;/div&gt;&lt;/div&gt;</description><ExtendedData><Data name="atlas_id"><value>LY-AKAKUS-00013</value></Data><Data name="description"><value>14- قوس تين لوبو : يصف زوار الموقع بأنه يشبه قدم الفيل، وهو أحد المناظر الأكثر استقطابًا للزوار، وسط وادي تانشالت، ويبلغ ارتفاع فتحة القوس حوالي 14 مترًا، وعرض 12 متر.</value></Data><Data name="image_count"><value>1</value></Data><Data name="source_file"><value>اكاكوس.kml</value></Data><Data name="images_json"><value>["https://lh3.googleusercontent.com/umsh/AN6v0v6PQHkpSj8n6Wv4ISn5ZJWl2YDrdRxYxukfAvROpbYGUe-TpA-i_tLWauXoF2g8DXw0vPqoZXJkx4LPz2RpJVQ8XtDsDuJrrlp-Y7Yacuqp1NwZFJhM2tpZ-IUXmiOpzQIC0uGQjF231BmyD1jJIdpwcgLy1QtBKdNjFRt1wU2OZgMyF9lQSSAPK9ym9Sg1OSgew_gZ7j9oXMXWxJL92KmyqZ-GRp_0AcsPCsL6OQbfobXXvWkwFfeos0pa_DMrDaZb6YeZl7vVXCzt7L5fTud57a1DMNOGBxK3YL7GjcOFA3eq_D9kv98ZKPJqjqQShuCm9syzNjAQrqfGCOxL7iQt8LU7qcrDotjQvZ0lSYwvPvNi3hbmPUZnJOpjyn0zS_MNRdSVn4PdYWPdSFQ50pHQaJMSPYvO4UT9imR-osNadL7dVXfLvI_o8J1i8Li3_K-7-Pq8TW3sT2hTNadO4_knnwJgtO8uCm5q_YrjcNOaBd9FoDlHNzkxXQi5tu8PrCm-aO4lLmNQV2IRmdcObiy1fmpEwpQ_je3pyQY5cnDFCfl09LWFh0WRYHbQvOq1U8lPbhfmISETY1oVaaWNrUB_4YFQP-Zx-5sCB3tiMjg-7Z03aQu5YYzqHyLglz4jyHoPJSNxgQoa"]</value></Data><Data name="atlas_id"><value>LY-AKAKUS-00013</value></Data><Data name="image_count"><value>1</value></Data><Data name="source_file"><value>اكاكوس.kml</value></Data><Data name="images_json"><value>["https://lh3.googleusercontent.com/umsh/AN6v0v6PQHkpSj8n6Wv4ISn5ZJWl2YDrdRxYxukfAvROpbYGUe-TpA-i_tLWauXoF2g8DXw0vPqoZXJkx4LPz2RpJVQ8XtDsDuJrrlp-Y7Yacuqp1NwZFJhM2tpZ-IUXmiOpzQIC0uGQjF231BmyD1jJIdpwcgLy1QtBKdNjFRt1wU2OZgMyF9lQSSAPK9ym9Sg1OSgew_gZ7j9oXMXWxJL92KmyqZ-GRp_0AcsPCsL6OQbfobXXvWkwFfeos0pa_DMrDaZb6YeZl7vVXCzt7L5fTud57a1DMNOGBxK3YL7GjcOFA3eq_D9kv98ZKPJqjqQShuCm9syzNjAQrqfGCOxL7iQt8LU7qcrDotjQvZ0lSYwvPvNi3hbmPUZnJOpjyn0zS_MNRdSVn4PdYWPdSFQ50pHQaJMSPYvO4UT9imR-osNadL7dVXfLvI_o8J1i8Li3_K-7-Pq8TW3sT2hTNadO4_knnwJgtO8uCm5q_YrjcNOaBd9FoDlHNzkxXQi5tu8PrCm-aO4lLmNQV2IRmdcObiy1fmpEwpQ_je3pyQY5cnDFCfl09LWFh0WRYHbQvOq1U8lPbhfmISETY1oVaaWNrUB_4YFQP-Zx-5sCB3tiMjg-7Z03aQu5YYzqHyLglz4jyHoPJSNxgQoa"]</value></Data><Data name="atlas_id"><value>LY-AKA-000013</value></Data><Data name="layer_id"><value>akakus</value></Data><Data name="layer_name_ar"><value>أكاكوس</value></Data><Data name="layer_name_en"><value>Akakus</value></Data><Data name="name_ar"><value>قوس تين لوبو</value></Data><Data name="latitude"><value>24.918914</value></Data><Data name="longitude"><value>10.645623</value></Data><Data name="images_json"><value>[&quot;https://lh3.googleusercontent.com/umsh/AN6v0v6PQHkpSj8n6Wv4ISn5ZJWl2YDrdRxYxukfAvROpbYGUe-TpA-i_tLWauXoF2g8DXw0vPqoZXJkx4LPz2RpJVQ8XtDsDuJrrlp-Y7Yacuqp1NwZFJhM2tpZ-IUXmiOpzQIC0uGQjF231BmyD1jJIdpwcgLy1QtBKdNjFRt1wU2OZgMyF9lQSSAPK9ym9Sg1OSgew_gZ7j9oXMXWxJL92KmyqZ-GRp_0AcsPCsL6OQbfobXXvWkwFfeos0pa_DMrDaZb6YeZl7vVXCzt7L5fTud57a1DMNOGBxK3YL7GjcOFA3eq_D9kv98ZKPJqjqQShuCm9syzNjAQrqfGCOxL7iQt8LU7qcrDotjQvZ0lSYwvPvNi3hbmPUZnJOpjyn0zS_MNRdSVn4PdYWPdSFQ50pHQaJMSPYvO4UT9imR-osNadL7dVXfLvI_o8J1i8Li3_K-7-Pq8TW3sT2hTNadO4_knnwJgtO8uCm5q_YrjcNOaBd9FoDlHNzkxXQi5tu8PrCm-aO4lLmNQV2IRmdcObiy1fmpEwpQ_je3pyQY5cnDFCfl09LWFh0WRYHbQvOq1U8lPbhfmISETY1oVaaWNrUB_4YFQP-Zx-5sCB3tiMjg-7Z03aQu5YYzqHyLglz4jyHoPJSNxgQoa&quot;]</value></Data><Data name="image_count"><value>1</value></Data><Data name="source_file"><value>developed/akakus-developed.kml</value></Data><Data name="source_placemark_index"><value>13</value></Data><Data name="data_quality_status"><value>ok</value></Data></ExtendedData><Point><coordinates>10.645623,24.918914,0</coordinates></Point></Placemark><Placemark><name>قوس صخري</name><description>&lt;div class="atlas-popup" dir="rtl"&gt;&lt;h3&gt;قوس صخري&lt;/h3&gt;&lt;div class="atlas-popup-gallery"&gt;&lt;img src="https://lh3.googleusercontent.com/umsh/AN6v0v7X7ZFthAIH1h6aL4a_1fbvK_LNYYNSvrWfSqNcBm1G-Y_HhQL-DhE3jvxEL7E7Y3bZ3-TuLK-aB4mFL6YwUHWA-j23arvmrr9O-LmTaIftbrugvix5Dvw85xwA2Ye3-y1_-1yr2G-J3jj8JHBj9KGWF_5lWKSFnM3jeV_6TKdXSOW9-N9aHmzmUqRW7KOenYcAStbd9WDN1LOKEJ_-nQzM3IuF6RI0fz4RnnvG0DvEl5UGcOjhQQ_Cp03qGDbiy0vAwUMpDQfwgyX3_oUxrR0aHslkuKe-R6EvpcCuxhOHDDV2GxuxM3phciNc7GMnaUbOsp3U6Sfa43nV7oQkZDDmWknvdrAuLLYJBZbBXH1lXuP4eGM0k9HN1D3mi1VbMGrUkyhzn-rlaj1L1CXyDwWpRHhn6MKweZZ6P6d92xJ_a6895G3_WKWd_Hdabg2_jhKAbPro3WqCmiidE7DwrZcLXCEcah0N9cXWTH2Ofh4ph0ZQL1EZIZgZQM2Pb0ECmDO9xJAmAkAUHpRXKlsjqdP4ERJo2cCc7Fjq5vZmv1BTXf-CDn3k3TL77QNe7Pj9Obr6py1JWR3f9AIpqo2lWHfF_Hiw2j5PjeldWaLvoMUhYVl1qPR5da_igYa_C9JbalWzDntKiUGT8Q" alt="قوس صخري" loading="lazy" class="atlas-popup-image"&gt;&lt;/div&gt;&lt;div class="atlas-popup-details"&gt;&lt;div&gt;&lt;strong&gt;الوصف:&lt;/strong&gt; 15- تشكيلة صخرية على شكل قوس يبلغ ارتفاع فتحة القوس حوالي 2.5 متر، ويتجاوز عرضه 8 أمتار، ويقع القوس ضمن نطاق وادي أنشال.&lt;/div&gt;&lt;/div&gt;&lt;/div&gt;</description><ExtendedData><Data name="atlas_id"><value>LY-AKAKUS-00014</value></Data><Data name="description"><value>15- تشكيلة صخرية على شكل قوس يبلغ ارتفاع فتحة القوس حوالي 2.5 متر، ويتجاوز عرضه 8 أمتار، ويقع القوس ضمن نطاق وادي أنشال.</value></Data><Data name="image_count"><value>1</value></Data><Data name="source_file"><value>اكاكوس.kml</value></Data><Data name="images_json"><value>["https://lh3.googleusercontent.com/umsh/AN6v0v7X7ZFthAIH1h6aL4a_1fbvK_LNYYNSvrWfSqNcBm1G-Y_HhQL-DhE3jvxEL7E7Y3bZ3-TuLK-aB4mFL6YwUHWA-j23arvmrr9O-LmTaIftbrugvix5Dvw85xwA2Ye3-y1_-1yr2G-J3jj8JHBj9KGWF_5lWKSFnM3jeV_6TKdXSOW9-N9aHmzmUqRW7KOenYcAStbd9WDN1LOKEJ_-nQzM3IuF6RI0fz4RnnvG0DvEl5UGcOjhQQ_Cp03qGDbiy0vAwUMpDQfwgyX3_oUxrR0aHslkuKe-R6EvpcCuxhOHDDV2GxuxM3phciNc7GMnaUbOsp3U6Sfa43nV7oQkZDDmWknvdrAuLLYJBZbBXH1lXuP4eGM0k9HN1D3mi1VbMGrUkyhzn-rlaj1L1CXyDwWpRHhn6MKweZZ6P6d92xJ_a6895G3_WKWd_Hdabg2_jhKAbPro3WqCmiidE7DwrZcLXCEcah0N9cXWTH2Ofh4ph0ZQL1EZIZgZQM2Pb0ECmDO9xJAmAkAUHpRXKlsjqdP4ERJo2cCc7Fjq5vZmv1BTXf-CDn3k3TL77QNe7Pj9Obr6py1JWR3f9AIpqo2lWHfF_Hiw2j5PjeldWaLvoMUhYVl1qPR5da_igYa_C9JbalWzDntKiUGT8Q"]</value></Data><Data name="atlas_id"><value>LY-AKAKUS-00014</value></Data><Data name="image_count"><value>1</value></Data><Data name="source_file"><value>اكاكوس.kml</value></Data><Data name="images_json"><value>["https://lh3.googleusercontent.com/umsh/AN6v0v7X7ZFthAIH1h6aL4a_1fbvK_LNYYNSvrWfSqNcBm1G-Y_HhQL-DhE3jvxEL7E7Y3bZ3-TuLK-aB4mFL6YwUHWA-j23arvmrr9O-LmTaIftbrugvix5Dvw85xwA2Ye3-y1_-1yr2G-J3jj8JHBj9KGWF_5lWKSFnM3jeV_6TKdXSOW9-N9aHmzmUqRW7KOenYcAStbd9WDN1LOKEJ_-nQzM3IuF6RI0fz4RnnvG0DvEl5UGcOjhQQ_Cp03qGDbiy0vAwUMpDQfwgyX3_oUxrR0aHslkuKe-R6EvpcCuxhOHDDV2GxuxM3phciNc7GMnaUbOsp3U6Sfa43nV7oQkZDDmWknvdrAuLLYJBZbBXH1lXuP4eGM0k9HN1D3mi1VbMGrUkyhzn-rlaj1L1CXyDwWpRHhn6MKweZZ6P6d92xJ_a6895G3_WKWd_Hdabg2_jhKAbPro3WqCmiidE7DwrZcLXCEcah0N9cXWTH2Ofh4ph0ZQL1EZIZgZQM2Pb0ECmDO9xJAmAkAUHpRXKlsjqdP4ERJo2cCc7Fjq5vZmv1BTXf-CDn3k3TL77QNe7Pj9Obr6py1JWR3f9AIpqo2lWHfF_Hiw2j5PjeldWaLvoMUhYVl1qPR5da_igYa_C9JbalWzDntKiUGT8Q"]</value></Data><Data name="atlas_id"><value>LY-AKA-000014</value></Data><Data name="layer_id"><value>akakus</value></Data><Data name="layer_name_ar"><value>أكاكوس</value></Data><Data name="layer_name_en"><value>Akakus</value></Data><Data name="name_ar"><value>قوس صخري</value></Data><Data name="latitude"><value>24.922319</value></Data><Data name="longitude"><value>10.646391</value></Data><Data name="images_json"><value>[&quot;https://lh3.googleusercontent.com/umsh/AN6v0v7X7ZFthAIH1h6aL4a_1fbvK_LNYYNSvrWfSqNcBm1G-Y_HhQL-DhE3jvxEL7E7Y3bZ3-TuLK-aB4mFL6YwUHWA-j23arvmrr9O-LmTaIftbrugvix5Dvw85xwA2Ye3-y1_-1yr2G-J3jj8JHBj9KGWF_5lWKSFnM3jeV_6TKdXSOW9-N9aHmzmUqRW7KOenYcAStbd9WDN1LOKEJ_-nQzM3IuF6RI0fz4RnnvG0DvEl5UGcOjhQQ_Cp03qGDbiy0vAwUMpDQfwgyX3_oUxrR0aHslkuKe-R6EvpcCuxhOHDDV2GxuxM3phciNc7GMnaUbOsp3U6Sfa43nV7oQkZDDmWknvdrAuLLYJBZbBXH1lXuP4eGM0k9HN1D3mi1VbMGrUkyhzn-rlaj1L1CXyDwWpRHhn6MKweZZ6P6d92xJ_a6895G3_WKWd_Hdabg2_jhKAbPro3WqCmiidE7DwrZcLXCEcah0N9cXWTH2Ofh4ph0ZQL1EZIZgZQM2Pb0ECmDO9xJAmAkAUHpRXKlsjqdP4ERJo2cCc7Fjq5vZmv1BTXf-CDn3k3TL77QNe7Pj9Obr6py1JWR3f9AIpqo2lWHfF_Hiw2j5PjeldWaLvoMUhYVl1qPR5da_igYa_C9JbalWzDntKiUGT8Q&quot;]</value></Data><Data name="image_count"><value>1</value></Data><Data name="source_file"><value>developed/akakus-developed.kml</value></Data><Data name="source_placemark_index"><value>14</value></Data><Data name="data_quality_status"><value>ok</value></Data></ExtendedData><Point><coordinates>10.646391,24.922319,0</coordinates></Point></Placemark><Placemark><name>قوس صخري</name><description>&lt;div class="atlas-popup" dir="rtl"&gt;&lt;h3&gt;قوس صخري&lt;/h3&gt;&lt;div class="atlas-popup-gallery"&gt;&lt;/div&gt;&lt;div class="atlas-popup-details"&gt;&lt;div&gt;&lt;strong&gt;الوصف:&lt;/strong&gt; التصنيف: الكود: الوصف: X: 10.5831103611111 Y: 24.8794213333333&lt;/div&gt;&lt;/div&gt;&lt;/div&gt;</description><ExtendedData><Data name="atlas_id"><value>LY-AKAKUS-00015</value></Data><Data name="description"><value>التصنيف: الكود: الوصف: X: 10.5831103611111 Y: 24.8794213333333</value></Data><Data name="image_count"><value>0</value></Data><Data name="source_file"><value>اكاكوس.kml</value></Data><Data name="images_json"><value>[]</value></Data><Data name="atlas_id"><value>LY-AKAKUS-00015</value></Data><Data name="image_count"><value>0</value></Data><Data name="source_file"><value>اكاكوس.kml</value></Data><Data name="images_json"><value>[]</value></Data><Data name="atlas_id"><value>LY-AKA-000015</value></Data><Data name="layer_id"><value>akakus</value></Data><Data name="layer_name_ar"><value>أكاكوس</value></Data><Data name="layer_name_en"><value>Akakus</value></Data><Data name="name_ar"><value>قوس صخري</value></Data><Data name="latitude"><value>24.879421</value></Data><Data name="longitude"><value>10.58311</value></Data><Data name="images_json"><value>[]</value></Data><Data name="image_count"><value>0</value></Data><Data name="source_file"><value>developed/akakus-developed.kml</value></Data><Data name="source_placemark_index"><value>15</value></Data><Data name="data_quality_status"><value>missing_media</value></Data></ExtendedData><Point><coordinates>10.58311,24.879421,0</coordinates></Point></Placemark><Placemark><name>قوس صخري</name><description>&lt;div class="atlas-popup" dir="rtl"&gt;&lt;h3&gt;قوس صخري&lt;/h3&gt;&lt;div class="atlas-popup-gallery"&gt;&lt;img src="https://lh3.googleusercontent.com/umsh/AN6v0v6LuBM5jyAlJ7pmjph3wzycEROlOl4Di7pYRhLXNbd315ECJHqyROBSE_uWpaPwYihuBp1bWux8pJmfGTHTzvd8KJjfEAX2MY9O9p8cxyQjZlC8L-S68fsgC1xdNrlpM-5ETuqeN8yBg3EqGwXVl1GeA3PQTTqTAEfR7eFzd1wyzGNkuTeuxPk5T2qUZLfKjGZtVSDnSD4V9-eM3ou1P8yM1Ny9pTA9W-wBqxYzdUvWSIAVXfYP9auvn7DTSh-tYTs-pep0pwacf84j48-zolym3c9lPmbSPRA8lCbVug5Pps0Q9Vjo5T6VXIAy2O5AMzuBYrzWGHeIfNh8RDMsyMC_4zYdnj3Bx6fe2BCc-cRdgsGolqA8ml84oKm9bIwNbjsRAI3vlIWxPgUT7SRCKBQt6nIOzgfQYCMosDp_sRk8swSHUD5aPrFKu8ydrUYbTz23hqb0r-anNe36JINPAg9o4QhIqr5S_lY-ydq9HCYhvsuKIoiZzePI8338K6fzwus2gFnC2mX_hEZCNEEpC-rcwkPHbxf9r8dfdu0Im-RzHPREMTKE9UFSbfQJ5Pj1Myd05TLoWMRBVSqZDiZPMW6tPKotyriRBkfm1btjx8TDXvMyfmStzlJNao7-KcyN7badLGzTcUHy" alt="قوس صخري" loading="lazy" class="atlas-popup-image"&gt;&lt;/div&gt;&lt;div class="atlas-popup-details"&gt;&lt;div&gt;&lt;strong&gt;الوصف:&lt;/strong&gt; التصنيف: الكود: الوصف: X: 10.6541822 Y: 24.8271006&lt;/div&gt;&lt;/div&gt;&lt;/div&gt;</description><ExtendedData><Data name="atlas_id"><value>LY-AKAKUS-00016</value></Data><Data name="description"><value>التصنيف: الكود: الوصف: X: 10.6541822 Y: 24.8271006</value></Data><Data name="image_count"><value>1</value></Data><Data name="source_file"><value>اكاكوس.kml</value></Data><Data name="images_json"><value>["https://lh3.googleusercontent.com/umsh/AN6v0v6LuBM5jyAlJ7pmjph3wzycEROlOl4Di7pYRhLXNbd315ECJHqyROBSE_uWpaPwYihuBp1bWux8pJmfGTHTzvd8KJjfEAX2MY9O9p8cxyQjZlC8L-S68fsgC1xdNrlpM-5ETuqeN8yBg3EqGwXVl1GeA3PQTTqTAEfR7eFzd1wyzGNkuTeuxPk5T2qUZLfKjGZtVSDnSD4V9-eM3ou1P8yM1Ny9pTA9W-wBqxYzdUvWSIAVXfYP9auvn7DTSh-tYTs-pep0pwacf84j48-zolym3c9lPmbSPRA8lCbVug5Pps0Q9Vjo5T6VXIAy2O5AMzuBYrzWGHeIfNh8RDMsyMC_4zYdnj3Bx6fe2BCc-cRdgsGolqA8ml84oKm9bIwNbjsRAI3vlIWxPgUT7SRCKBQt6nIOzgfQYCMosDp_sRk8swSHUD5aPrFKu8ydrUYbTz23hqb0r-anNe36JINPAg9o4QhIqr5S_lY-ydq9HCYhvsuKIoiZzePI8338K6fzwus2gFnC2mX_hEZCNEEpC-rcwkPHbxf9r8dfdu0Im-RzHPREMTKE9UFSbfQJ5Pj1Myd05TLoWMRBVSqZDiZPMW6tPKotyriRBkfm1btjx8TDXvMyfmStzlJNao7-KcyN7badLGzTcUHy"]</value></Data><Data name="atlas_id"><value>LY-AKAKUS-00016</value></Data><Data name="image_count"><value>1</value></Data><Data name="source_file"><value>اكاكوس.kml</value></Data><Data name="images_json"><value>["https://lh3.googleusercontent.com/umsh/AN6v0v6LuBM5jyAlJ7pmjph3wzycEROlOl4Di7pYRhLXNbd315ECJHqyROBSE_uWpaPwYihuBp1bWux8pJmfGTHTzvd8KJjfEAX2MY9O9p8cxyQjZlC8L-S68fsgC1xdNrlpM-5ETuqeN8yBg3EqGwXVl1GeA3PQTTqTAEfR7eFzd1wyzGNkuTeuxPk5T2qUZLfKjGZtVSDnSD4V9-eM3ou1P8yM1Ny9pTA9W-wBqxYzdUvWSIAVXfYP9auvn7DTSh-tYTs-pep0pwacf84j48-zolym3c9lPmbSPRA8lCbVug5Pps0Q9Vjo5T6VXIAy2O5AMzuBYrzWGHeIfNh8RDMsyMC_4zYdnj3Bx6fe2BCc-cRdgsGolqA8ml84oKm9bIwNbjsRAI3vlIWxPgUT7SRCKBQt6nIOzgfQYCMosDp_sRk8swSHUD5aPrFKu8ydrUYbTz23hqb0r-anNe36JINPAg9o4QhIqr5S_lY-ydq9HCYhvsuKIoiZzePI8338K6fzwus2gFnC2mX_hEZCNEEpC-rcwkPHbxf9r8dfdu0Im-RzHPREMTKE9UFSbfQJ5Pj1Myd05TLoWMRBVSqZDiZPMW6tPKotyriRBkfm1btjx8TDXvMyfmStzlJNao7-KcyN7badLGzTcUHy"]</value></Data><Data name="atlas_id"><value>LY-AKA-000016</value></Data><Data name="layer_id"><value>akakus</value></Data><Data name="layer_name_ar"><value>أكاكوس</value></Data><Data name="layer_name_en"><value>Akakus</value></Data><Data name="name_ar"><value>قوس صخري</value></Data><Data name="latitude"><value>24.827101</value></Data><Data name="longitude"><value>10.654182</value></Data><Data name="images_json"><value>[&quot;https://lh3.googleusercontent.com/umsh/AN6v0v6LuBM5jyAlJ7pmjph3wzycEROlOl4Di7pYRhLXNbd315ECJHqyROBSE_uWpaPwYihuBp1bWux8pJmfGTHTzvd8KJjfEAX2MY9O9p8cxyQjZlC8L-S68fsgC1xdNrlpM-5ETuqeN8yBg3EqGwXVl1GeA3PQTTqTAEfR7eFzd1wyzGNkuTeuxPk5T2qUZLfKjGZtVSDnSD4V9-eM3ou1P8yM1Ny9pTA9W-wBqxYzdUvWSIAVXfYP9auvn7DTSh-tYTs-pep0pwacf84j48-zolym3c9lPmbSPRA8lCbVug5Pps0Q9Vjo5T6VXIAy2O5AMzuBYrzWGHeIfNh8RDMsyMC_4zYdnj3Bx6fe2BCc-cRdgsGolqA8ml84oKm9bIwNbjsRAI3vlIWxPgUT7SRCKBQt6nIOzgfQYCMosDp_sRk8swSHUD5aPrFKu8ydrUYbTz23hqb0r-anNe36JINPAg9o4QhIqr5S_lY-ydq9HCYhvsuKIoiZzePI8338K6fzwus2gFnC2mX_hEZCNEEpC-rcwkPHbxf9r8dfdu0Im-RzHPREMTKE9UFSbfQJ5Pj1Myd05TLoWMRBVSqZDiZPMW6tPKotyriRBkfm1btjx8TDXvMyfmStzlJNao7-KcyN7badLGzTcUHy&quot;]</value></Data><Data name="image_count"><value>1</value></Data><Data name="source_file"><value>developed/akakus-developed.kml</value></Data><Data name="source_placemark_index"><value>16</value></Data><Data name="data_quality_status"><value>ok</value></Data></ExtendedData><Point><coordinates>10.654182,24.827101,0</coordinates></Point></Placemark><Placemark><name>قوس صخري</name><description>&lt;div class="atlas-popup" dir="rtl"&gt;&lt;h3&gt;قوس صخري&lt;/h3&gt;&lt;div class="atlas-popup-gallery"&gt;&lt;img src="https://lh3.googleusercontent.com/umsh/AN6v0v7C0Dsj9sLtPFZ1sTG1iKfkcnlkrmpJCCPmK_5Z2gFNtOF20VkKDxs8nZcpV4z-niQcBBVfKVG3kT7iwENeGn2wUfhG75b9UNUeohoho7oOcRV3fMUCpPXHfpGsoUrWZRLaRBpW6AFsgKPrLAy1Diao6d1KVHfo14_-pefGvVaCssFko_yLq1zsurNZPdRqzFca7d8ZZ3Zw9V_txONKZKS10LG7djTxwA5lrvPzTi-AXwhJta8rKBG2AOV6zixI8EiLy_OkPGSjGPhbQ5I9kOyYeg0_e4-ANSLD1Ey2XV1tSz8mBweNkr5Z_gGSYrO3SF1qHhEZ8PLSys7guT4Pm8lzhu23Gg1csv1sdnhXbsxsKgTTD5njJ0DOvd2FykCrO7VRTNjEyek-v3zMQEIHoZ3ZeFzVsi_ckGSXjplVZ1EqBIA3zEUg2pLXjI2V8B3t9m-fOxF4B5ullbGXhYWd2sbFmKSpgkPKAMg0E1gNpT2NHharRcFk_7Fv7yNoWiRkesgkrpONWWZUKuP5-iTIZ2cD3VVgPKRbEAxI8xVnrYiVBZuoQKGbAqfxnvheUbKKWYLbZean1trZ8WF33aTX8_QJe1mrVMHMutzx3UIqp88KmK7rEv2OWwo3-y_AThhHDJKgU-xtSyE0MQ" alt="قوس صخري" loading="lazy" class="atlas-popup-image"&gt;&lt;/div&gt;&lt;div class="atlas-popup-details"&gt;&lt;div&gt;&lt;strong&gt;الوصف:&lt;/strong&gt; التصنيف: الكود: الوصف: X: 10.6435371 Y: 24.8048501&lt;/div&gt;&lt;/div&gt;&lt;/div&gt;</description><ExtendedData><Data name="atlas_id"><value>LY-AKAKUS-00017</value></Data><Data name="description"><value>التصنيف: الكود: الوصف: X: 10.6435371 Y: 24.8048501</value></Data><Data name="image_count"><value>1</value></Data><Data name="source_file"><value>اكاكوس.kml</value></Data><Data name="images_json"><value>["https://lh3.googleusercontent.com/umsh/AN6v0v7C0Dsj9sLtPFZ1sTG1iKfkcnlkrmpJCCPmK_5Z2gFNtOF20VkKDxs8nZcpV4z-niQcBBVfKVG3kT7iwENeGn2wUfhG75b9UNUeohoho7oOcRV3fMUCpPXHfpGsoUrWZRLaRBpW6AFsgKPrLAy1Diao6d1KVHfo14_-pefGvVaCssFko_yLq1zsurNZPdRqzFca7d8ZZ3Zw9V_txONKZKS10LG7djTxwA5lrvPzTi-AXwhJta8rKBG2AOV6zixI8EiLy_OkPGSjGPhbQ5I9kOyYeg0_e4-ANSLD1Ey2XV1tSz8mBweNkr5Z_gGSYrO3SF1qHhEZ8PLSys7guT4Pm8lzhu23Gg1csv1sdnhXbsxsKgTTD5njJ0DOvd2FykCrO7VRTNjEyek-v3zMQEIHoZ3ZeFzVsi_ckGSXjplVZ1EqBIA3zEUg2pLXjI2V8B3t9m-fOxF4B5ullbGXhYWd2sbFmKSpgkPKAMg0E1gNpT2NHharRcFk_7Fv7yNoWiRkesgkrpONWWZUKuP5-iTIZ2cD3VVgPKRbEAxI8xVnrYiVBZuoQKGbAqfxnvheUbKKWYLbZean1trZ8WF33aTX8_QJe1mrVMHMutzx3UIqp88KmK7rEv2OWwo3-y_AThhHDJKgU-xtSyE0MQ"]</value></Data><Data name="atlas_id"><value>LY-AKAKUS-00017</value></Data><Data name="image_count"><value>1</value></Data><Data name="source_file"><value>اكاكوس.kml</value></Data><Data name="images_json"><value>["https://lh3.googleusercontent.com/umsh/AN6v0v7C0Dsj9sLtPFZ1sTG1iKfkcnlkrmpJCCPmK_5Z2gFNtOF20VkKDxs8nZcpV4z-niQcBBVfKVG3kT7iwENeGn2wUfhG75b9UNUeohoho7oOcRV3fMUCpPXHfpGsoUrWZRLaRBpW6AFsgKPrLAy1Diao6d1KVHfo14_-pefGvVaCssFko_yLq1zsurNZPdRqzFca7d8ZZ3Zw9V_txONKZKS10LG7djTxwA5lrvPzTi-AXwhJta8rKBG2AOV6zixI8EiLy_OkPGSjGPhbQ5I9kOyYeg0_e4-ANSLD1Ey2XV1tSz8mBweNkr5Z_gGSYrO3SF1qHhEZ8PLSys7guT4Pm8lzhu23Gg1csv1sdnhXbsxsKgTTD5njJ0DOvd2FykCrO7VRTNjEyek-v3zMQEIHoZ3ZeFzVsi_ckGSXjplVZ1EqBIA3zEUg2pLXjI2V8B3t9m-fOxF4B5ullbGXhYWd2sbFmKSpgkPKAMg0E1gNpT2NHharRcFk_7Fv7yNoWiRkesgkrpONWWZUKuP5-iTIZ2cD3VVgPKRbEAxI8xVnrYiVBZuoQKGbAqfxnvheUbKKWYLbZean1trZ8WF33aTX8_QJe1mrVMHMutzx3UIqp88KmK7rEv2OWwo3-y_AThhHDJKgU-xtSyE0MQ"]</value></Data><Data name="atlas_id"><value>LY-AKA-000017</value></Data><Data name="layer_id"><value>akakus</value></Data><Data name="layer_name_ar"><value>أكاكوس</value></Data><Data name="layer_name_en"><value>Akakus</value></Data><Data name="name_ar"><value>قوس صخري</value></Data><Data name="latitude"><value>24.80485</value></Data><Data name="longitude"><value>10.643537</value></Data><Data name="images_json"><value>[&quot;https://lh3.googleusercontent.com/umsh/AN6v0v7C0Dsj9sLtPFZ1sTG1iKfkcnlkrmpJCCPmK_5Z2gFNtOF20VkKDxs8nZcpV4z-niQcBBVfKVG3kT7iwENeGn2wUfhG75b9UNUeohoho7oOcRV3fMUCpPXHfpGsoUrWZRLaRBpW6AFsgKPrLAy1Diao6d1KVHfo14_-pefGvVaCssFko_yLq1zsurNZPdRqzFca7d8ZZ3Zw9V_txONKZKS10LG7djTxwA5lrvPzTi-AXwhJta8rKBG2AOV6zixI8EiLy_OkPGSjGPhbQ5I9kOyYeg0_e4-ANSLD1Ey2XV1tSz8mBweNkr5Z_gGSYrO3SF1qHhEZ8PLSys7guT4Pm8lzhu23Gg1csv1sdnhXbsxsKgTTD5njJ0DOvd2FykCrO7VRTNjEyek-v3zMQEIHoZ3ZeFzVsi_ckGSXjplVZ1EqBIA3zEUg2pLXjI2V8B3t9m-fOxF4B5ullbGXhYWd2sbFmKSpgkPKAMg0E1gNpT2NHharRcFk_7Fv7yNoWiRkesgkrpONWWZUKuP5-iTIZ2cD3VVgPKRbEAxI8xVnrYiVBZuoQKGbAqfxnvheUbKKWYLbZean1trZ8WF33aTX8_QJe1mrVMHMutzx3UIqp88KmK7rEv2OWwo3-y_AThhHDJKgU-xtSyE0MQ&quot;]</value></Data><Data name="image_count"><value>1</value></Data><Data name="source_file"><value>developed/akakus-developed.kml</value></Data><Data name="source_placemark_index"><value>17</value></Data><Data name="data_quality_status"><value>ok</value></Data></ExtendedData><Point><coordinates>10.643537,24.80485,0</coordinates></Point></Placemark><Placemark><name>قوس صخري</name><description>&lt;div class="atlas-popup" dir="rtl"&gt;&lt;h3&gt;قوس صخري&lt;/h3&gt;&lt;div class="atlas-popup-gallery"&gt;&lt;img src="https://lh3.googleusercontent.com/umsh/AN6v0v4oOKjJfMF7GCNA-TyUgmyzlviGmqf9W3ooZwh0EHiCm9HeAafVS-pOCDgo08xDPSCKE6pklN5ijziEpUVphZFdS4IyRYoS5kV2eugktWQ_LI9TrlCXSD2L-3KHhKd1kYkHq1ReU1CizUskq_Y6YPmLAuDGi_kNyKRDAgr7UQLk6BrVMij2r1AkSPm1beIwk-mOztZ6t81OXD73ORJ06PsJhqy-n5qECOA07fO_k36Vv6-acmeky1Zs3HYJ94d0_KrRu9mCidSmO-Yahd-e_TA122DOm8FnWMknIrpuoheou5HWEg58hTsJYM_f-RtxhcArNr5kg5Ui0IY9RNIaIEiUxKfP-9562-BXvuDN0sVwA9diOalenmvwbTevnpy121nHtSLpLwfaIbgMQ4Vb3zftgdl2d7r8nt7IzRnXfxv3FH0KgY4cKOBJT_YQnTv6OGvTs_bGZzErY1k7uWz4MeyK31bhi0bDntmn0ZZvv6lWHAOakQ3bgEvGt2vPqY7cvlEwt4WyjvjghAM8t3KkW8_eTP9U1i9-bI1iyHrff5P42ws8mt4I0ShGH-aT5GUGkpYQGwhLvpFFS8hd4cnu3xUTVeFpsM9XLmmUfsN3dWbg1gbywg-3E0IbMcapGUUMeUwNo7cRnVM8Yg" alt="قوس صخري" loading="lazy" class="atlas-popup-image"&gt;&lt;/div&gt;&lt;div class="atlas-popup-details"&gt;&lt;div&gt;&lt;strong&gt;الوصف:&lt;/strong&gt; التصنيف: الكود: الوصف: X: 10.6384730277778 Y: 24.6908142222222&lt;/div&gt;&lt;/div&gt;&lt;/div&gt;</description><ExtendedData><Data name="atlas_id"><value>LY-AKAKUS-00018</value></Data><Data name="description"><value>التصنيف: الكود: الوصف: X: 10.6384730277778 Y: 24.6908142222222</value></Data><Data name="image_count"><value>1</value></Data><Data name="source_file"><value>اكاكوس.kml</value></Data><Data name="images_json"><value>["https://lh3.googleusercontent.com/umsh/AN6v0v4oOKjJfMF7GCNA-TyUgmyzlviGmqf9W3ooZwh0EHiCm9HeAafVS-pOCDgo08xDPSCKE6pklN5ijziEpUVphZFdS4IyRYoS5kV2eugktWQ_LI9TrlCXSD2L-3KHhKd1kYkHq1ReU1CizUskq_Y6YPmLAuDGi_kNyKRDAgr7UQLk6BrVMij2r1AkSPm1beIwk-mOztZ6t81OXD73ORJ06PsJhqy-n5qECOA07fO_k36Vv6-acmeky1Zs3HYJ94d0_KrRu9mCidSmO-Yahd-e_TA122DOm8FnWMknIrpuoheou5HWEg58hTsJYM_f-RtxhcArNr5kg5Ui0IY9RNIaIEiUxKfP-9562-BXvuDN0sVwA9diOalenmvwbTevnpy121nHtSLpLwfaIbgMQ4Vb3zftgdl2d7r8nt7IzRnXfxv3FH0KgY4cKOBJT_YQnTv6OGvTs_bGZzErY1k7uWz4MeyK31bhi0bDntmn0ZZvv6lWHAOakQ3bgEvGt2vPqY7cvlEwt4WyjvjghAM8t3KkW8_eTP9U1i9-bI1iyHrff5P42ws8mt4I0ShGH-aT5GUGkpYQGwhLvpFFS8hd4cnu3xUTVeFpsM9XLmmUfsN3dWbg1gbywg-3E0IbMcapGUUMeUwNo7cRnVM8Yg"]</value></Data><Data name="atlas_id"><value>LY-AKAKUS-00018</value></Data><Data name="image_count"><value>1</value></Data><Data name="source_file"><value>اكاكوس.kml</value></Data><Data name="images_json"><value>["https://lh3.googleusercontent.com/umsh/AN6v0v4oOKjJfMF7GCNA-TyUgmyzlviGmqf9W3ooZwh0EHiCm9HeAafVS-pOCDgo08xDPSCKE6pklN5ijziEpUVphZFdS4IyRYoS5kV2eugktWQ_LI9TrlCXSD2L-3KHhKd1kYkHq1ReU1CizUskq_Y6YPmLAuDGi_kNyKRDAgr7UQLk6BrVMij2r1AkSPm1beIwk-mOztZ6t81OXD73ORJ06PsJhqy-n5qECOA07fO_k36Vv6-acmeky1Zs3HYJ94d0_KrRu9mCidSmO-Yahd-e_TA122DOm8FnWMknIrpuoheou5HWEg58hTsJYM_f-RtxhcArNr5kg5Ui0IY9RNIaIEiUxKfP-9562-BXvuDN0sVwA9diOalenmvwbTevnpy121nHtSLpLwfaIbgMQ4Vb3zftgdl2d7r8nt7IzRnXfxv3FH0KgY4cKOBJT_YQnTv6OGvTs_bGZzErY1k7uWz4MeyK31bhi0bDntmn0ZZvv6lWHAOakQ3bgEvGt2vPqY7cvlEwt4WyjvjghAM8t3KkW8_eTP9U1i9-bI1iyHrff5P42ws8mt4I0ShGH-aT5GUGkpYQGwhLvpFFS8hd4cnu3xUTVeFpsM9XLmmUfsN3dWbg1gbywg-3E0IbMcapGUUMeUwNo7cRnVM8Yg"]</value></Data><Data name="atlas_id"><value>LY-AKA-000018</value></Data><Data name="layer_id"><value>akakus</value></Data><Data name="layer_name_ar"><value>أكاكوس</value></Data><Data name="layer_name_en"><value>Akakus</value></Data><Data name="name_ar"><value>قوس صخري</value></Data><Data name="latitude"><value>24.690814</value></Data><Data name="longitude"><value>10.638473</value></Data><Data name="images_json"><value>[&quot;https://lh3.googleusercontent.com/umsh/AN6v0v4oOKjJfMF7GCNA-TyUgmyzlviGmqf9W3ooZwh0EHiCm9HeAafVS-pOCDgo08xDPSCKE6pklN5ijziEpUVphZFdS4IyRYoS5kV2eugktWQ_LI9TrlCXSD2L-3KHhKd1kYkHq1ReU1CizUskq_Y6YPmLAuDGi_kNyKRDAgr7UQLk6BrVMij2r1AkSPm1beIwk-mOztZ6t81OXD73ORJ06PsJhqy-n5qECOA07fO_k36Vv6-acmeky1Zs3HYJ94d0_KrRu9mCidSmO-Yahd-e_TA122DOm8FnWMknIrpuoheou5HWEg58hTsJYM_f-RtxhcArNr5kg5Ui0IY9RNIaIEiUxKfP-9562-BXvuDN0sVwA9diOalenmvwbTevnpy121nHtSLpLwfaIbgMQ4Vb3zftgdl2d7r8nt7IzRnXfxv3FH0KgY4cKOBJT_YQnTv6OGvTs_bGZzErY1k7uWz4MeyK31bhi0bDntmn0ZZvv6lWHAOakQ3bgEvGt2vPqY7cvlEwt4WyjvjghAM8t3KkW8_eTP9U1i9-bI1iyHrff5P42ws8mt4I0ShGH-aT5GUGkpYQGwhLvpFFS8hd4cnu3xUTVeFpsM9XLmmUfsN3dWbg1gbywg-3E0IbMcapGUUMeUwNo7cRnVM8Yg&quot;]</value></Data><Data name="image_count"><value>1</value></Data><Data name="source_file"><value>developed/akakus-developed.kml</value></Data><Data name="source_placemark_index"><value>18</value></Data><Data name="data_quality_status"><value>ok</value></Data></ExtendedData><Point><coordinates>10.638473,24.690814,0</coordinates></Point></Placemark><Placemark><name>قوس صخري</name><description>&lt;div class="atlas-popup" dir="rtl"&gt;&lt;h3&gt;قوس صخري&lt;/h3&gt;&lt;div class="atlas-popup-gallery"&gt;&lt;img src="https://lh3.googleusercontent.com/umsh/AN6v0v5VSO01wueS_1GpcEnRMZ54TG4WK3yyPC-iZQX8o-99Bo0QY6UvQiaTGMfevaF-WhfOI8fPLstuHTnHKt_AqRoVd4R9zI5zWs0-vjIsQnhjITZk9AOhbNzahmlzmrkvVoRDIVfCNHEdAkSCyeyfIQ5dOx-r3zHibqhd5YfWDPi0uOolTMI4Gb3sjT6yZtD36cHMzqxeY3rtDxcebHOI67WIUxAqMcqfkm6ovLsYAYdQ0mSmAWWdeC_BVQIrvsyKF_lU6LNwi4aMIZ37CSJPsTwgJJnulbA5bj7QNY-Z6OVmHAbnpE3UpiCM4pLdzmIzy600rPAS72hFe3pqCTvG8xXks1dyS4jo30yRKdu8cWa-Swlh2Kk_ydM1HaP5iQIRX0E_qFgaKJuR3bzkR8cPlQk0sCyRtJuxWq8f4v5J3j60pot79bzQn7WHOaumAVOwJaaK9HFNpE9jMK53X1eS5WeUusuxDsEXIQauAAXMb1zpY-YrZZAtRfW9VWc7aX1avJm7ZIqazGsfkSdz7iqL6FAxds0MmztekHq5Ok6qPJb0qYPBRvw9CDhhJPG0ZFL9IwZH6jI6ahv97LG81yv2ahw81plnS8HfhZhL-3TxjwmCCJsOmZVCN7vH80711o6QmU-disuQWRzkow" alt="قوس صخري" loading="lazy" class="atlas-popup-image"&gt;&lt;/div&gt;&lt;div class="atlas-popup-details"&gt;&lt;div&gt;&lt;strong&gt;الوصف:&lt;/strong&gt; التصنيف: الكود: الوصف: X: 10.6072055 Y: 24.7218265&lt;/div&gt;&lt;/div&gt;&lt;/div&gt;</description><ExtendedData><Data name="atlas_id"><value>LY-AKAKUS-00019</value></Data><Data name="description"><value>التصنيف: الكود: الوصف: X: 10.6072055 Y: 24.7218265</value></Data><Data name="image_count"><value>1</value></Data><Data name="source_file"><value>اكاكوس.kml</value></Data><Data name="images_json"><value>["https://lh3.googleusercontent.com/umsh/AN6v0v5VSO01wueS_1GpcEnRMZ54TG4WK3yyPC-iZQX8o-99Bo0QY6UvQiaTGMfevaF-WhfOI8fPLstuHTnHKt_AqRoVd4R9zI5zWs0-vjIsQnhjITZk9AOhbNzahmlzmrkvVoRDIVfCNHEdAkSCyeyfIQ5dOx-r3zHibqhd5YfWDPi0uOolTMI4Gb3sjT6yZtD36cHMzqxeY3rtDxcebHOI67WIUxAqMcqfkm6ovLsYAYdQ0mSmAWWdeC_BVQIrvsyKF_lU6LNwi4aMIZ37CSJPsTwgJJnulbA5bj7QNY-Z6OVmHAbnpE3UpiCM4pLdzmIzy600rPAS72hFe3pqCTvG8xXks1dyS4jo30yRKdu8cWa-Swlh2Kk_ydM1HaP5iQIRX0E_qFgaKJuR3bzkR8cPlQk0sCyRtJuxWq8f4v5J3j60pot79bzQn7WHOaumAVOwJaaK9HFNpE9jMK53X1eS5WeUusuxDsEXIQauAAXMb1zpY-YrZZAtRfW9VWc7aX1avJm7ZIqazGsfkSdz7iqL6FAxds0MmztekHq5Ok6qPJb0qYPBRvw9CDhhJPG0ZFL9IwZH6jI6ahv97LG81yv2ahw81plnS8HfhZhL-3TxjwmCCJsOmZVCN7vH80711o6QmU-disuQWRzkow"]</value></Data><Data name="atlas_id"><value>LY-AKAKUS-00019</value></Data><Data name="image_count"><value>1</value></Data><Data name="source_file"><value>اكاكوس.kml</value></Data><Data name="images_json"><value>["https://lh3.googleusercontent.com/umsh/AN6v0v5VSO01wueS_1GpcEnRMZ54TG4WK3yyPC-iZQX8o-99Bo0QY6UvQiaTGMfevaF-WhfOI8fPLstuHTnHKt_AqRoVd4R9zI5zWs0-vjIsQnhjITZk9AOhbNzahmlzmrkvVoRDIVfCNHEdAkSCyeyfIQ5dOx-r3zHibqhd5YfWDPi0uOolTMI4Gb3sjT6yZtD36cHMzqxeY3rtDxcebHOI67WIUxAqMcqfkm6ovLsYAYdQ0mSmAWWdeC_BVQIrvsyKF_lU6LNwi4aMIZ37CSJPsTwgJJnulbA5bj7QNY-Z6OVmHAbnpE3UpiCM4pLdzmIzy600rPAS72hFe3pqCTvG8xXks1dyS4jo30yRKdu8cWa-Swlh2Kk_ydM1HaP5iQIRX0E_qFgaKJuR3bzkR8cPlQk0sCyRtJuxWq8f4v5J3j60pot79bzQn7WHOaumAVOwJaaK9HFNpE9jMK53X1eS5WeUusuxDsEXIQauAAXMb1zpY-YrZZAtRfW9VWc7aX1avJm7ZIqazGsfkSdz7iqL6FAxds0MmztekHq5Ok6qPJb0qYPBRvw9CDhhJPG0ZFL9IwZH6jI6ahv97LG81yv2ahw81plnS8HfhZhL-3TxjwmCCJsOmZVCN7vH80711o6QmU-disuQWRzkow"]</value></Data><Data name="atlas_id"><value>LY-AKA-000019</value></Data><Data name="layer_id"><value>akakus</value></Data><Data name="layer_name_ar"><value>أكاكوس</value></Data><Data name="layer_name_en"><value>Akakus</value></Data><Data name="name_ar"><value>قوس صخري</value></Data><Data name="latitude"><value>24.721826</value></Data><Data name="longitude"><value>10.607206</value></Data><Data name="images_json"><value>[&quot;https://lh3.googleusercontent.com/umsh/AN6v0v5VSO01wueS_1GpcEnRMZ54TG4WK3yyPC-iZQX8o-99Bo0QY6UvQiaTGMfevaF-WhfOI8fPLstuHTnHKt_AqRoVd4R9zI5zWs0-vjIsQnhjITZk9AOhbNzahmlzmrkvVoRDIVfCNHEdAkSCyeyfIQ5dOx-r3zHibqhd5YfWDPi0uOolTMI4Gb3sjT6yZtD36cHMzqxeY3rtDxcebHOI67WIUxAqMcqfkm6ovLsYAYdQ0mSmAWWdeC_BVQIrvsyKF_lU6LNwi4aMIZ37CSJPsTwgJJnulbA5bj7QNY-Z6OVmHAbnpE3UpiCM4pLdzmIzy600rPAS72hFe3pqCTvG8xXks1dyS4jo30yRKdu8cWa-Swlh2Kk_ydM1HaP5iQIRX0E_qFgaKJuR3bzkR8cPlQk0sCyRtJuxWq8f4v5J3j60pot79bzQn7WHOaumAVOwJaaK9HFNpE9jMK53X1eS5WeUusuxDsEXIQauAAXMb1zpY-YrZZAtRfW9VWc7aX1avJm7ZIqazGsfkSdz7iqL6FAxds0MmztekHq5Ok6qPJb0qYPBRvw9CDhhJPG0ZFL9IwZH6jI6ahv97LG81yv2ahw81plnS8HfhZhL-3TxjwmCCJsOmZVCN7vH80711o6QmU-disuQWRzkow&quot;]</value></Data><Data name="image_count"><value>1</value></Data><Data name="source_file"><value>developed/akakus-developed.kml</value></Data><Data name="source_placemark_index"><value>19</value></Data><Data name="data_quality_status"><value>ok</value></Data></ExtendedData><Point><coordinates>10.607206,24.721826,0</coordinates></Point></Placemark><Placemark><name>قوس صخري</name><description>&lt;div class="atlas-popup" dir="rtl"&gt;&lt;h3&gt;قوس صخري&lt;/h3&gt;&lt;div class="atlas-popup-gallery"&gt;&lt;img src="https://lh3.googleusercontent.com/umsh/AN6v0v730g9o298keMk3rIqAIfbSXfYbQvwP5gb21U5k2Zh6Cq3PTe1uAClr_y9bksi01N7a18WeA8WhcAfgqZlkQphJWLVDtwliGEQuiFk9UhFknv89XU0CTwH8QXDDCVOkO-VabMtIHoubnCvS4y5EU12JJMEzGuxl7lYXOGQeTL_LBFW4h952x5U7Rq_fosU2KWJAaAJRtD38JD0KjqDClHFVXVR2s2NCfTixnk_vC-Gu9t5h6G1KNRtH4k1sEEEkLPcX3svAyxeZox1xuTcrH3uP7TIXR6Zb0E5sJZOIfUU63pt9ksjws2fhxNmKgr8xU3dffkL-BD9BJLJi1xtAccxG0O20yM0sYph7bJ2yCuDZPEDDLU0qLCGa5cqK0hhsCYOIlPO4QGw6F3YenIvHBRiL6SD4TPsLBCepFWEDcXHwSm2vrhW1NrTZSmkAZPNIBjEf1owTvSlNInQrdvC0VWsEDCWtEdBlb6BsJ5afa1sxstG0MNStO6z5BSJV1Ba2lddDPfq0zcynBrNQ3AcmRPubBHqflcyAwcyWz3Vvq3iAS0L1oUKwjRm6gDBBlyoPiV7rix3FsGP2d-8NTAM-0SCjE3wH-5tS6cdIyfemxfzFxCi-PCRwmAVYa7yUxYyRx1ptGo9Mz31vNw" alt="قوس صخري" loading="lazy" class="atlas-popup-image"&gt;&lt;/div&gt;&lt;div class="atlas-popup-details"&gt;&lt;div&gt;&lt;strong&gt;الوصف:&lt;/strong&gt; التصنيف: الكود: الوصف: X: 10.584348 Y: 24.7240611&lt;/div&gt;&lt;/div&gt;&lt;/div&gt;</description><ExtendedData><Data name="atlas_id"><value>LY-AKAKUS-00020</value></Data><Data name="description"><value>التصنيف: الكود: الوصف: X: 10.584348 Y: 24.7240611</value></Data><Data name="image_count"><value>1</value></Data><Data name="source_file"><value>اكاكوس.kml</value></Data><Data name="images_json"><value>["https://lh3.googleusercontent.com/umsh/AN6v0v730g9o298keMk3rIqAIfbSXfYbQvwP5gb21U5k2Zh6Cq3PTe1uAClr_y9bksi01N7a18WeA8WhcAfgqZlkQphJWLVDtwliGEQuiFk9UhFknv89XU0CTwH8QXDDCVOkO-VabMtIHoubnCvS4y5EU12JJMEzGuxl7lYXOGQeTL_LBFW4h952x5U7Rq_fosU2KWJAaAJRtD38JD0KjqDClHFVXVR2s2NCfTixnk_vC-Gu9t5h6G1KNRtH4k1sEEEkLPcX3svAyxeZox1xuTcrH3uP7TIXR6Zb0E5sJZOIfUU63pt9ksjws2fhxNmKgr8xU3dffkL-BD9BJLJi1xtAccxG0O20yM0sYph7bJ2yCuDZPEDDLU0qLCGa5cqK0hhsCYOIlPO4QGw6F3YenIvHBRiL6SD4TPsLBCepFWEDcXHwSm2vrhW1NrTZSmkAZPNIBjEf1owTvSlNInQrdvC0VWsEDCWtEdBlb6BsJ5afa1sxstG0MNStO6z5BSJV1Ba2lddDPfq0zcynBrNQ3AcmRPubBHqflcyAwcyWz3Vvq3iAS0L1oUKwjRm6gDBBlyoPiV7rix3FsGP2d-8NTAM-0SCjE3wH-5tS6cdIyfemxfzFxCi-PCRwmAVYa7yUxYyRx1ptGo9Mz31vNw"]</value></Data><Data name="atlas_id"><value>LY-AKAKUS-00020</value></Data><Data name="image_count"><value>1</value></Data><Data name="source_file"><value>اكاكوس.kml</value></Data><Data name="images_json"><value>["https://lh3.googleusercontent.com/umsh/AN6v0v730g9o298keMk3rIqAIfbSXfYbQvwP5gb21U5k2Zh6Cq3PTe1uAClr_y9bksi01N7a18WeA8WhcAfgqZlkQphJWLVDtwliGEQuiFk9UhFknv89XU0CTwH8QXDDCVOkO-VabMtIHoubnCvS4y5EU12JJMEzGuxl7lYXOGQeTL_LBFW4h952x5U7Rq_fosU2KWJAaAJRtD38JD0KjqDClHFVXVR2s2NCfTixnk_vC-Gu9t5h6G1KNRtH4k1sEEEkLPcX3svAyxeZox1xuTcrH3uP7TIXR6Zb0E5sJZOIfUU63pt9ksjws2fhxNmKgr8xU3dffkL-BD9BJLJi1xtAccxG0O20yM0sYph7bJ2yCuDZPEDDLU0qLCGa5cqK0hhsCYOIlPO4QGw6F3YenIvHBRiL6SD4TPsLBCepFWEDcXHwSm2vrhW1NrTZSmkAZPNIBjEf1owTvSlNInQrdvC0VWsEDCWtEdBlb6BsJ5afa1sxstG0MNStO6z5BSJV1Ba2lddDPfq0zcynBrNQ3AcmRPubBHqflcyAwcyWz3Vvq3iAS0L1oUKwjRm6gDBBlyoPiV7rix3FsGP2d-8NTAM-0SCjE3wH-5tS6cdIyfemxfzFxCi-PCRwmAVYa7yUxYyRx1ptGo9Mz31vNw"]</value></Data><Data name="atlas_id"><value>LY-AKA-000020</value></Data><Data name="layer_id"><value>akakus</value></Data><Data name="layer_name_ar"><value>أكاكوس</value></Data><Data name="layer_name_en"><value>Akakus</value></Data><Data name="name_ar"><value>قوس صخري</value></Data><Data name="latitude"><value>24.724061</value></Data><Data name="longitude"><value>10.584348</value></Data><Data name="images_json"><value>[&quot;https://lh3.googleusercontent.com/umsh/AN6v0v730g9o298keMk3rIqAIfbSXfYbQvwP5gb21U5k2Zh6Cq3PTe1uAClr_y9bksi01N7a18WeA8WhcAfgqZlkQphJWLVDtwliGEQuiFk9UhFknv89XU0CTwH8QXDDCVOkO-VabMtIHoubnCvS4y5EU12JJMEzGuxl7lYXOGQeTL_LBFW4h952x5U7Rq_fosU2KWJAaAJRtD38JD0KjqDClHFVXVR2s2NCfTixnk_vC-Gu9t5h6G1KNRtH4k1sEEEkLPcX3svAyxeZox1xuTcrH3uP7TIXR6Zb0E5sJZOIfUU63pt9ksjws2fhxNmKgr8xU3dffkL-BD9BJLJi1xtAccxG0O20yM0sYph7bJ2yCuDZPEDDLU0qLCGa5cqK0hhsCYOIlPO4QGw6F3YenIvHBRiL6SD4TPsLBCepFWEDcXHwSm2vrhW1NrTZSmkAZPNIBjEf1owTvSlNInQrdvC0VWsEDCWtEdBlb6BsJ5afa1sxstG0MNStO6z5BSJV1Ba2lddDPfq0zcynBrNQ3AcmRPubBHqflcyAwcyWz3Vvq3iAS0L1oUKwjRm6gDBBlyoPiV7rix3FsGP2d-8NTAM-0SCjE3wH-5tS6cdIyfemxfzFxCi-PCRwmAVYa7yUxYyRx1ptGo9Mz31vNw&quot;]</value></Data><Data name="image_count"><value>1</value></Data><Data name="source_file"><value>developed/akakus-developed.kml</value></Data><Data name="source_placemark_index"><value>20</value></Data><Data name="data_quality_status"><value>ok</value></Data></ExtendedData><Point><coordinates>10.584348,24.724061,0</coordinates></Point></Placemark><Placemark><name>قوس صخري وأن أفودا</name><description>&lt;div class="atlas-popup" dir="rtl"&gt;&lt;h3&gt;قوس صخري وأن أفودا&lt;/h3&gt;&lt;div class="atlas-popup-gallery"&gt;&lt;img src="https://lh3.googleusercontent.com/umsh/AN6v0v4d8UihjuGTQJqugrIwFcqU_9gkYe38qe_keQiQTDxo-oqP8ttQwR3kd5IAszSOi125fV07fkMChhkJbWJQ64TkOAA8KegWDOzn0Uz5nJvQaUuljHbm3zEyUfdslzpBmBu0SK8Zu5F_IHZ3wqA9W1guUgzheOGpBhQW5AUYY8B6cDWqL70G7cHNsQ0_tHnpnttcM3Iyn7pExJ3n87rb4l-3bmyJ_Y4RQvYYKeBba1e58e-A0mefr__04MJ-5M-KBh-XOV61buMcH-UorawVQE4V2P5ljD6CME-PXfLx_Wex9t-gvrqtdBvhKD2ycpXvpbdgLhmNmYzv4XmxX2qOmzKQ6jJVj3Y8AJZ2_DmKlQhMb2XQX3pULhxUJKLonBA_SC3Tvr10unwNG6VVYCVvjdyI3_VvfheJgAtoBr3PtzydIEeMZv9rQTDwlhm7IHmQ7RFdMRdO8KnVsOS3cY9lKP7eEC5ASNIpmPibknW6eqhYTvKF0vSvBNoXoCjSxcBN8QGErAjHDxmG5zEnY4u-LaZqPtOh6YYDIKs6HNVQAm-CBiAxp__rrEudMZZKvM-qD3ijYuEbHzN9z_cQSr_uP1yisr8ZCB3L2TCzG_9ieWt4GzDFBUQc2opNiXAIRfaCrkeJ43JMzlQ6KA" alt="قوس صخري وأن أفودا" loading="lazy" class="atlas-popup-image"&gt;&lt;/div&gt;&lt;div class="atlas-popup-details"&gt;&lt;div&gt;&lt;strong&gt;الوصف:&lt;/strong&gt; التصنيف: الكود: الوصف: X: 10.6736137 Y: 24.6916641&lt;/div&gt;&lt;/div&gt;&lt;/div&gt;</description><ExtendedData><Data name="atlas_id"><value>LY-AKAKUS-00021</value></Data><Data name="description"><value>التصنيف: الكود: الوصف: X: 10.6736137 Y: 24.6916641</value></Data><Data name="image_count"><value>1</value></Data><Data name="source_file"><value>اكاكوس.kml</value></Data><Data name="images_json"><value>["https://lh3.googleusercontent.com/umsh/AN6v0v4d8UihjuGTQJqugrIwFcqU_9gkYe38qe_keQiQTDxo-oqP8ttQwR3kd5IAszSOi125fV07fkMChhkJbWJQ64TkOAA8KegWDOzn0Uz5nJvQaUuljHbm3zEyUfdslzpBmBu0SK8Zu5F_IHZ3wqA9W1guUgzheOGpBhQW5AUYY8B6cDWqL70G7cHNsQ0_tHnpnttcM3Iyn7pExJ3n87rb4l-3bmyJ_Y4RQvYYKeBba1e58e-A0mefr__04MJ-5M-KBh-XOV61buMcH-UorawVQE4V2P5ljD6CME-PXfLx_Wex9t-gvrqtdBvhKD2ycpXvpbdgLhmNmYzv4XmxX2qOmzKQ6jJVj3Y8AJZ2_DmKlQhMb2XQX3pULhxUJKLonBA_SC3Tvr10unwNG6VVYCVvjdyI3_VvfheJgAtoBr3PtzydIEeMZv9rQTDwlhm7IHmQ7RFdMRdO8KnVsOS3cY9lKP7eEC5ASNIpmPibknW6eqhYTvKF0vSvBNoXoCjSxcBN8QGErAjHDxmG5zEnY4u-LaZqPtOh6YYDIKs6HNVQAm-CBiAxp__rrEudMZZKvM-qD3ijYuEbHzN9z_cQSr_uP1yisr8ZCB3L2TCzG_9ieWt4GzDFBUQc2opNiXAIRfaCrkeJ43JMzlQ6KA"]</value></Data><Data name="atlas_id"><value>LY-AKAKUS-00021</value></Data><Data name="image_count"><value>1</value></Data><Data name="source_file"><value>اكاكوس.kml</value></Data><Data name="images_json"><value>["https://lh3.googleusercontent.com/umsh/AN6v0v4d8UihjuGTQJqugrIwFcqU_9gkYe38qe_keQiQTDxo-oqP8ttQwR3kd5IAszSOi125fV07fkMChhkJbWJQ64TkOAA8KegWDOzn0Uz5nJvQaUuljHbm3zEyUfdslzpBmBu0SK8Zu5F_IHZ3wqA9W1guUgzheOGpBhQW5AUYY8B6cDWqL70G7cHNsQ0_tHnpnttcM3Iyn7pExJ3n87rb4l-3bmyJ_Y4RQvYYKeBba1e58e-A0mefr__04MJ-5M-KBh-XOV61buMcH-UorawVQE4V2P5ljD6CME-PXfLx_Wex9t-gvrqtdBvhKD2ycpXvpbdgLhmNmYzv4XmxX2qOmzKQ6jJVj3Y8AJZ2_DmKlQhMb2XQX3pULhxUJKLonBA_SC3Tvr10unwNG6VVYCVvjdyI3_VvfheJgAtoBr3PtzydIEeMZv9rQTDwlhm7IHmQ7RFdMRdO8KnVsOS3cY9lKP7eEC5ASNIpmPibknW6eqhYTvKF0vSvBNoXoCjSxcBN8QGErAjHDxmG5zEnY4u-LaZqPtOh6YYDIKs6HNVQAm-CBiAxp__rrEudMZZKvM-qD3ijYuEbHzN9z_cQSr_uP1yisr8ZCB3L2TCzG_9ieWt4GzDFBUQc2opNiXAIRfaCrkeJ43JMzlQ6KA"]</value></Data><Data name="atlas_id"><value>LY-AKA-000021</value></Data><Data name="layer_id"><value>akakus</value></Data><Data name="layer_name_ar"><value>أكاكوس</value></Data><Data name="layer_name_en"><value>Akakus</value></Data><Data name="name_ar"><value>قوس صخري وأن أفودا</value></Data><Data name="latitude"><value>24.691664</value></Data><Data name="longitude"><value>10.673614</value></Data><Data name="images_json"><value>[&quot;https://lh3.googleusercontent.com/umsh/AN6v0v4d8UihjuGTQJqugrIwFcqU_9gkYe38qe_keQiQTDxo-oqP8ttQwR3kd5IAszSOi125fV07fkMChhkJbWJQ64TkOAA8KegWDOzn0Uz5nJvQaUuljHbm3zEyUfdslzpBmBu0SK8Zu5F_IHZ3wqA9W1guUgzheOGpBhQW5AUYY8B6cDWqL70G7cHNsQ0_tHnpnttcM3Iyn7pExJ3n87rb4l-3bmyJ_Y4RQvYYKeBba1e58e-A0mefr__04MJ-5M-KBh-XOV61buMcH-UorawVQE4V2P5ljD6CME-PXfLx_Wex9t-gvrqtdBvhKD2ycpXvpbdgLhmNmYzv4XmxX2qOmzKQ6jJVj3Y8AJZ2_DmKlQhMb2XQX3pULhxUJKLonBA_SC3Tvr10unwNG6VVYCVvjdyI3_VvfheJgAtoBr3PtzydIEeMZv9rQTDwlhm7IHmQ7RFdMRdO8KnVsOS3cY9lKP7eEC5ASNIpmPibknW6eqhYTvKF0vSvBNoXoCjSxcBN8QGErAjHDxmG5zEnY4u-LaZqPtOh6YYDIKs6HNVQAm-CBiAxp__rrEudMZZKvM-qD3ijYuEbHzN9z_cQSr_uP1yisr8ZCB3L2TCzG_9ieWt4GzDFBUQc2opNiXAIRfaCrkeJ43JMzlQ6KA&quot;]</value></Data><Data name="image_count"><value>1</value></Data><Data name="source_file"><value>developed/akakus-developed.kml</value></Data><Data name="source_placemark_index"><value>21</value></Data><Data name="data_quality_status"><value>ok</value></Data></ExtendedData><Point><coordinates>10.673614,24.691664,0</coordinates></Point></Placemark><Placemark><name>قوس صخري</name><description>&lt;div class="atlas-popup" dir="rtl"&gt;&lt;h3&gt;قوس صخري&lt;/h3&gt;&lt;div class="atlas-popup-gallery"&gt;&lt;img src="https://lh3.googleusercontent.com/umsh/AN6v0v7BozdDaoKu9CAnSh8cxViYVtYYup4dPyXINQXy3PRQslblIoQ2aXNrXpJWDk44CL65aQOOvMiLNFod-DUc8x_cURY3gxXN9cYeoyD7rJuYoGxMZfHbTfvq0q5hfPAIt6OqXEmsz6n9tNtJx_0R78bzA7JSft5LEkQCl6sgcIUzDEvsKCehqIY38_1P7sn3h41P0hMua33NZNaNfPTdICesCLyFsZfRFuiQMvl-c4f_A1jEje8nKOT1X1_AtT3ScGjDy2BYdtM6SYiDOOX9DqC81QTQCCQo3Rei8SYCB_gsH5cbP43dPWIURE6yODn0WntnPaQYIz98lRUDHlb_P_R1yAKSZXiBnLMiYmb8LC3MacDG3BbD3tKG45knwqvda_UL7riCa5kKkZ0GuuhTq0JG1t4j-x6sV2PMXWPlI4dyhL3YaBLyNKS_oSttyHnmgoqcRt1JobAxYSUSWAlesOhhmtOnsGzH7vaM5mgIodsSIDCaTS1HVDORLQBxHJ6bbhADTbT39pNBGzNotcdum5SdoSHde1Yw_HXTHn0zd82twcWCyDRp8URl7n_TlkljKuWH2XQg_r9w-sHijeKuPNd3Nj_LsD2aLDj3ZiU8sTAQ-jhKuq9b7pQVhNepJMs17yRPzgSloYuogw" alt="قوس صخري" loading="lazy" class="atlas-popup-image"&gt;&lt;/div&gt;&lt;div class="atlas-popup-details"&gt;&lt;div&gt;&lt;strong&gt;الوصف:&lt;/strong&gt; التصنيف: الكود: الوصف: X: 10.6871481 Y: 24.6809232&lt;/div&gt;&lt;/div&gt;&lt;/div&gt;</description><ExtendedData><Data name="atlas_id"><value>LY-AKAKUS-00022</value></Data><Data name="description"><value>التصنيف: الكود: الوصف: X: 10.6871481 Y: 24.6809232</value></Data><Data name="image_count"><value>1</value></Data><Data name="source_file"><value>اكاكوس.kml</value></Data><Data name="images_json"><value>["https://lh3.googleusercontent.com/umsh/AN6v0v7BozdDaoKu9CAnSh8cxViYVtYYup4dPyXINQXy3PRQslblIoQ2aXNrXpJWDk44CL65aQOOvMiLNFod-DUc8x_cURY3gxXN9cYeoyD7rJuYoGxMZfHbTfvq0q5hfPAIt6OqXEmsz6n9tNtJx_0R78bzA7JSft5LEkQCl6sgcIUzDEvsKCehqIY38_1P7sn3h41P0hMua33NZNaNfPTdICesCLyFsZfRFuiQMvl-c4f_A1jEje8nKOT1X1_AtT3ScGjDy2BYdtM6SYiDOOX9DqC81QTQCCQo3Rei8SYCB_gsH5cbP43dPWIURE6yODn0WntnPaQYIz98lRUDHlb_P_R1yAKSZXiBnLMiYmb8LC3MacDG3BbD3tKG45knwqvda_UL7riCa5kKkZ0GuuhTq0JG1t4j-x6sV2PMXWPlI4dyhL3YaBLyNKS_oSttyHnmgoqcRt1JobAxYSUSWAlesOhhmtOnsGzH7vaM5mgIodsSIDCaTS1HVDORLQBxHJ6bbhADTbT39pNBGzNotcdum5SdoSHde1Yw_HXTHn0zd82twcWCyDRp8URl7n_TlkljKuWH2XQg_r9w-sHijeKuPNd3Nj_LsD2aLDj3ZiU8sTAQ-jhKuq9b7pQVhNepJMs17yRPzgSloYuogw"]</value></Data><Data name="atlas_id"><value>LY-AKAKUS-00022</value></Data><Data name="image_count"><value>1</value></Data><Data name="source_file"><value>اكاكوس.kml</value></Data><Data name="images_json"><value>["https://lh3.googleusercontent.com/umsh/AN6v0v7BozdDaoKu9CAnSh8cxViYVtYYup4dPyXINQXy3PRQslblIoQ2aXNrXpJWDk44CL65aQOOvMiLNFod-DUc8x_cURY3gxXN9cYeoyD7rJuYoGxMZfHbTfvq0q5hfPAIt6OqXEmsz6n9tNtJx_0R78bzA7JSft5LEkQCl6sgcIUzDEvsKCehqIY38_1P7sn3h41P0hMua33NZNaNfPTdICesCLyFsZfRFuiQMvl-c4f_A1jEje8nKOT1X1_AtT3ScGjDy2BYdtM6SYiDOOX9DqC81QTQCCQo3Rei8SYCB_gsH5cbP43dPWIURE6yODn0WntnPaQYIz98lRUDHlb_P_R1yAKSZXiBnLMiYmb8LC3MacDG3BbD3tKG45knwqvda_UL7riCa5kKkZ0GuuhTq0JG1t4j-x6sV2PMXWPlI4dyhL3YaBLyNKS_oSttyHnmgoqcRt1JobAxYSUSWAlesOhhmtOnsGzH7vaM5mgIodsSIDCaTS1HVDORLQBxHJ6bbhADTbT39pNBGzNotcdum5SdoSHde1Yw_HXTHn0zd82twcWCyDRp8URl7n_TlkljKuWH2XQg_r9w-sHijeKuPNd3Nj_LsD2aLDj3ZiU8sTAQ-jhKuq9b7pQVhNepJMs17yRPzgSloYuogw"]</value></Data><Data name="atlas_id"><value>LY-AKA-000022</value></Data><Data name="layer_id"><value>akakus</value></Data><Data name="layer_name_ar"><value>أكاكوس</value></Data><Data name="layer_name_en"><value>Akakus</value></Data><Data name="name_ar"><value>قوس صخري</value></Data><Data name="latitude"><value>24.680923</value></Data><Data name="longitude"><value>10.687148</value></Data><Data name="images_json"><value>[&quot;https://lh3.googleusercontent.com/umsh/AN6v0v7BozdDaoKu9CAnSh8cxViYVtYYup4dPyXINQXy3PRQslblIoQ2aXNrXpJWDk44CL65aQOOvMiLNFod-DUc8x_cURY3gxXN9cYeoyD7rJuYoGxMZfHbTfvq0q5hfPAIt6OqXEmsz6n9tNtJx_0R78bzA7JSft5LEkQCl6sgcIUzDEvsKCehqIY38_1P7sn3h41P0hMua33NZNaNfPTdICesCLyFsZfRFuiQMvl-c4f_A1jEje8nKOT1X1_AtT3ScGjDy2BYdtM6SYiDOOX9DqC81QTQCCQo3Rei8SYCB_gsH5cbP43dPWIURE6yODn0WntnPaQYIz98lRUDHlb_P_R1yAKSZXiBnLMiYmb8LC3MacDG3BbD3tKG45knwqvda_UL7riCa5kKkZ0GuuhTq0JG1t4j-x6sV2PMXWPlI4dyhL3YaBLyNKS_oSttyHnmgoqcRt1JobAxYSUSWAlesOhhmtOnsGzH7vaM5mgIodsSIDCaTS1HVDORLQBxHJ6bbhADTbT39pNBGzNotcdum5SdoSHde1Yw_HXTHn0zd82twcWCyDRp8URl7n_TlkljKuWH2XQg_r9w-sHijeKuPNd3Nj_LsD2aLDj3ZiU8sTAQ-jhKuq9b7pQVhNepJMs17yRPzgSloYuogw&quot;]</value></Data><Data name="image_count"><value>1</value></Data><Data name="source_file"><value>developed/akakus-developed.kml</value></Data><Data name="source_placemark_index"><value>22</value></Data><Data name="data_quality_status"><value>ok</value></Data></ExtendedData><Point><coordinates>10.687148,24.680923,0</coordinates></Point></Placemark><Placemark><name>وادي ماتخيندوش</name><description>&lt;div class="atlas-popup" dir="rtl"&gt;&lt;h3&gt;وادي ماتخيندوش&lt;/h3&gt;&lt;div class="atlas-popup-gallery"&gt;&lt;img src="https://mymaps.usercontent.google.com/hostedimage/m/*/3AAjQbR72cRv2IjatJhkjPPWOphaNPKyiyFWLuz0K6Xa4QhwiWaaiYzB0EBbfH9T_SZb4CgAmEtcAW1IEN5jkmtrhHOSe3t0Nri2YzXuMXHXD7qw2YRFCD8Jq0Wy4u8AEpsZJ9UekBmkdxZTd4M1rYhMuVfsiKcR0uzPu0Rt46dHIU5tkAbv3KDXaANksdPs8WwgbadLze5_UDff8vgsDePUYGPeoKewcztbEJwHrbK3RN8fiZlvSIPAxpxWmL3o?authuser=1&amp;amp;fife=s16383" alt="وادي ماتخيندوش" loading="lazy" class="atlas-popup-image"&gt;&lt;/div&gt;&lt;div class="atlas-popup-details"&gt;&lt;div&gt;&lt;strong&gt;التصنيف:&lt;/strong&gt; طبيعي&lt;/div&gt;&lt;div&gt;&lt;strong&gt;الوصف:&lt;/strong&gt; • هو وادٍ طبيعي يمتد داخل سلسلة جبال أكاكوس ويُعدّ من المسارات المستخدمة للوصول إلى أعماق جبال الأكاكوس من الشمال أو الشرق.&lt;/div&gt;&lt;/div&gt;&lt;/div&gt;</description><ExtendedData><Data name="atlas_id"><value>LY-AKAKUS-00023</value></Data><Data name="category"><value>طبيعي</value></Data><Data name="description"><value>• هو وادٍ طبيعي يمتد داخل سلسلة جبال أكاكوس ويُعدّ من المسارات المستخدمة للوصول إلى أعماق جبال الأكاكوس من الشمال أو الشرق.</value></Data><Data name="image_count"><value>1</value></Data><Data name="source_file"><value>اكاكوس.kml</value></Data><Data name="images_json"><value>["https://mymaps.usercontent.google.com/hostedimage/m/*/3AAjQbR72cRv2IjatJhkjPPWOphaNPKyiyFWLuz0K6Xa4QhwiWaaiYzB0EBbfH9T_SZb4CgAmEtcAW1IEN5jkmtrhHOSe3t0Nri2YzXuMXHXD7qw2YRFCD8Jq0Wy4u8AEpsZJ9UekBmkdxZTd4M1rYhMuVfsiKcR0uzPu0Rt46dHIU5tkAbv3KDXaANksdPs8WwgbadLze5_UDff8vgsDePUYGPeoKewcztbEJwHrbK3RN8fiZlvSIPAxpxWmL3o?authuser=1&amp;fife=s16383"]</value></Data><Data name="atlas_id"><value>LY-AKAKUS-00023</value></Data><Data name="image_count"><value>1</value></Data><Data name="source_file"><value>اكاكوس.kml</value></Data><Data name="images_json"><value>["https://mymaps.usercontent.google.com/hostedimage/m/*/3AAjQbR72cRv2IjatJhkjPPWOphaNPKyiyFWLuz0K6Xa4QhwiWaaiYzB0EBbfH9T_SZb4CgAmEtcAW1IEN5jkmtrhHOSe3t0Nri2YzXuMXHXD7qw2YRFCD8Jq0Wy4u8AEpsZJ9UekBmkdxZTd4M1rYhMuVfsiKcR0uzPu0Rt46dHIU5tkAbv3KDXaANksdPs8WwgbadLze5_UDff8vgsDePUYGPeoKewcztbEJwHrbK3RN8fiZlvSIPAxpxWmL3o?authuser=1&amp;fife=s16383"]</value></Data><Data name="atlas_id"><value>LY-AKA-000023</value></Data><Data name="layer_id"><value>akakus</value></Data><Data name="layer_name_ar"><value>أكاكوس</value></Data><Data name="layer_name_en"><value>Akakus</value></Data><Data name="name_ar"><value>وادي ماتخيندوش</value></Data><Data name="latitude"><value>24.957273</value></Data><Data name="longitude"><value>10.516772</value></Data><Data name="images_json"><value>[&quot;https://mymaps.usercontent.google.com/hostedimage/m/*/3AAjQbR72cRv2IjatJhkjPPWOphaNPKyiyFWLuz0K6Xa4QhwiWaaiYzB0EBbfH9T_SZb4CgAmEtcAW1IEN5jkmtrhHOSe3t0Nri2YzXuMXHXD7qw2YRFCD8Jq0Wy4u8AEpsZJ9UekBmkdxZTd4M1rYhMuVfsiKcR0uzPu0Rt46dHIU5tkAbv3KDXaANksdPs8WwgbadLze5_UDff8vgsDePUYGPeoKewcztbEJwHrbK3RN8fiZlvSIPAxpxWmL3o?authuser=1&amp;fife=s16383&quot;]</value></Data><Data name="image_count"><value>1</value></Data><Data name="source_file"><value>developed/akakus-developed.kml</value></Data><Data name="source_placemark_index"><value>23</value></Data><Data name="data_quality_status"><value>ok</value></Data></ExtendedData><Point><coordinates>10.516772,24.957273,0</coordinates></Point></Placemark><Placemark><name>تيهيدن</name><description>&lt;div class="atlas-popup" dir="rtl"&gt;&lt;h3&gt;تيهيدن&lt;/h3&gt;&lt;div class="atlas-popup-gallery"&gt;&lt;/div&gt;&lt;div class="atlas-popup-details"&gt;&lt;div&gt;&lt;strong&gt;الوصف:&lt;/strong&gt; الاسم باللغة الانجليزية: التصنيف: الوصف: X_COORD: 10.5982954 Y: 25.2667577&lt;/div&gt;&lt;/div&gt;&lt;/div&gt;</description><ExtendedData><Data name="atlas_id"><value>LY-AKAKUS-00024</value></Data><Data name="description"><value>الاسم باللغة الانجليزية: التصنيف: الوصف: X_COORD: 10.5982954 Y: 25.2667577</value></Data><Data name="image_count"><value>0</value></Data><Data name="source_file"><value>اكاكوس.kml</value></Data><Data name="images_json"><value>[]</value></Data><Data name="atlas_id"><value>LY-AKAKUS-00024</value></Data><Data name="image_count"><value>0</value></Data><Data name="source_file"><value>اكاكوس.kml</value></Data><Data name="images_json"><value>[]</value></Data><Data name="atlas_id"><value>LY-AKA-000024</value></Data><Data name="layer_id"><value>akakus</value></Data><Data name="layer_name_ar"><value>أكاكوس</value></Data><Data name="layer_name_en"><value>Akakus</value></Data><Data name="name_ar"><value>تيهيدن</value></Data><Data name="latitude"><value>25.266758</value></Data><Data name="longitude"><value>10.598295</value></Data><Data name="images_json"><value>[]</value></Data><Data name="image_count"><value>0</value></Data><Data name="source_file"><value>developed/akakus-developed.kml</value></Data><Data name="source_placemark_index"><value>24</value></Data><Data name="data_quality_status"><value>missing_media</value></Data></ExtendedData><Point><coordinates>10.598295,25.266758,0</coordinates></Point></Placemark><Placemark><name>وادي رحملالين</name><description>&lt;div class="atlas-popup" dir="rtl"&gt;&lt;h3&gt;وادي رحملالين&lt;/h3&gt;&lt;div class="atlas-popup-gallery"&gt;&lt;/div&gt;&lt;div class="atlas-popup-details"&gt;&lt;div&gt;&lt;strong&gt;الوصف:&lt;/strong&gt; الاسم باللغة الانجليزية: التصنيف: الوصف: X_COORD: 10.6578554 Y: 25.01601&lt;/div&gt;&lt;/div&gt;&lt;/div&gt;</description><ExtendedData><Data name="atlas_id"><value>LY-AKAKUS-00025</value></Data><Data name="description"><value>الاسم باللغة الانجليزية: التصنيف: الوصف: X_COORD: 10.6578554 Y: 25.01601</value></Data><Data name="image_count"><value>0</value></Data><Data name="source_file"><value>اكاكوس.kml</value></Data><Data name="images_json"><value>[]</value></Data><Data name="atlas_id"><value>LY-AKAKUS-00025</value></Data><Data name="image_count"><value>0</value></Data><Data name="source_file"><value>اكاكوس.kml</value></Data><Data name="images_json"><value>[]</value></Data><Data name="atlas_id"><value>LY-AKA-000025</value></Data><Data name="layer_id"><value>akakus</value></Data><Data name="layer_name_ar"><value>أكاكوس</value></Data><Data name="layer_name_en"><value>Akakus</value></Data><Data name="name_ar"><value>وادي رحملالين</value></Data><Data name="latitude"><value>25.01601</value></Data><Data name="longitude"><value>10.657855</value></Data><Data name="images_json"><value>[]</value></Data><Data name="image_count"><value>0</value></Data><Data name="source_file"><value>developed/akakus-developed.kml</value></Data><Data name="source_placemark_index"><value>25</value></Data><Data name="data_quality_status"><value>missing_media</value></Data></ExtendedData><Point><coordinates>10.657855,25.01601,0</coordinates></Point></Placemark><Placemark><name>وادي سيندار</name><description>&lt;div class="atlas-popup" dir="rtl"&gt;&lt;h3&gt;وادي سيندار&lt;/h3&gt;&lt;div class="atlas-popup-gallery"&gt;&lt;/div&gt;&lt;div class="atlas-popup-details"&gt;&lt;div&gt;&lt;strong&gt;الوصف:&lt;/strong&gt; الاسم باللغة الانجليزية: التصنيف: الوصف: X_COORD: 10.6740392 Y: 25.0502407&lt;/div&gt;&lt;/div&gt;&lt;/div&gt;</description><ExtendedData><Data name="atlas_id"><value>LY-AKAKUS-00026</value></Data><Data name="description"><value>الاسم باللغة الانجليزية: التصنيف: الوصف: X_COORD: 10.6740392 Y: 25.0502407</value></Data><Data name="image_count"><value>0</value></Data><Data name="source_file"><value>اكاكوس.kml</value></Data><Data name="images_json"><value>[]</value></Data><Data name="atlas_id"><value>LY-AKAKUS-00026</value></Data><Data name="image_count"><value>0</value></Data><Data name="source_file"><value>اكاكوس.kml</value></Data><Data name="images_json"><value>[]</value></Data><Data name="atlas_id"><value>LY-AKA-000026</value></Data><Data name="layer_id"><value>akakus</value></Data><Data name="layer_name_ar"><value>أكاكوس</value></Data><Data name="layer_name_en"><value>Akakus</value></Data><Data name="name_ar"><value>وادي سيندار</value></Data><Data name="latitude"><value>25.050241</value></Data><Data name="longitude"><value>10.674039</value></Data><Data name="images_json"><value>[]</value></Data><Data name="image_count"><value>0</value></Data><Data name="source_file"><value>developed/akakus-developed.kml</value></Data><Data name="source_placemark_index"><value>26</value></Data><Data name="data_quality_status"><value>missing_media</value></Data></ExtendedData><Point><coordinates>10.674039,25.050241,0</coordinates></Point></Placemark><Placemark><name>وادي تانشالت</name><description>&lt;div class="atlas-popup" dir="rtl"&gt;&lt;h3&gt;وادي تانشالت&lt;/h3&gt;&lt;div class="atlas-popup-gallery"&gt;&lt;/div&gt;&lt;div class="atlas-popup-details"&gt;&lt;div&gt;&lt;strong&gt;التصنيف:&lt;/strong&gt; طبيعي&lt;/div&gt;&lt;div&gt;&lt;strong&gt;الوصف:&lt;/strong&gt; وادي تانشالت يقع ضمن نطاق جبال أكاكوس في جنوب غربي ليبيا، وهي منطقة صحراوية صخرية غنية بمظاهر الطبيعة والتضاريس الخلابة، بما في ذلك: • صخور منحوتة • الكهوف والملاجئ الصخرية • رسومات ونقوش أثرية&lt;/div&gt;&lt;/div&gt;&lt;/div&gt;</description><ExtendedData><Data name="atlas_id"><value>LY-AKAKUS-00027</value></Data><Data name="category"><value>طبيعي</value></Data><Data name="description"><value>وادي تانشالت يقع ضمن نطاق جبال أكاكوس في جنوب غربي ليبيا، وهي منطقة صحراوية صخرية غنية بمظاهر الطبيعة والتضاريس الخلابة، بما في ذلك: • صخور منحوتة • الكهوف والملاجئ الصخرية • رسومات ونقوش أثرية</value></Data><Data name="image_count"><value>0</value></Data><Data name="source_file"><value>اكاكوس.kml</value></Data><Data name="images_json"><value>[]</value></Data><Data name="atlas_id"><value>LY-AKAKUS-00027</value></Data><Data name="image_count"><value>0</value></Data><Data name="source_file"><value>اكاكوس.kml</value></Data><Data name="images_json"><value>[]</value></Data><Data name="atlas_id"><value>LY-AKA-000027</value></Data><Data name="layer_id"><value>akakus</value></Data><Data name="layer_name_ar"><value>أكاكوس</value></Data><Data name="layer_name_en"><value>Akakus</value></Data><Data name="name_ar"><value>وادي تانشالت</value></Data><Data name="latitude"><value>24.66386</value></Data><Data name="longitude"><value>10.59597</value></Data><Data name="images_json"><value>[]</value></Data><Data name="image_count"><value>0</value></Data><Data name="source_file"><value>developed/akakus-developed.kml</value></Data><Data name="source_placemark_index"><value>27</value></Data><Data name="data_quality_status"><value>missing_media</value></Data></ExtendedData><Point><coordinates>10.59597,24.66386,0</coordinates></Point></Placemark><Placemark><name>وادي تين قويما</name><description>&lt;div class="atlas-popup" dir="rtl"&gt;&lt;h3&gt;وادي تين قويما&lt;/h3&gt;&lt;div class="atlas-popup-gallery"&gt;&lt;img src="https://mymaps.usercontent.google.com/hostedimage/m/*/3AAjQbR69tQEZrAkTMV7I3eR6d0_t-3XZTEPt_u_YnbN75CFS2NGdCJ3mjzJomU4LEKrYnWSqV_wI-Iv1kGN_AM7yLwO9vrobzFNIA96aFEPOhYivaHWOMWFoPCvQQ59sb6dyWz9oBFxyS8c5e5rQ1h4EcwEIYnWRWqMsQ3GMVrBzq06hmwbr9M1GRgXHldtYElElgNVh1hO5EgAnq1vQ6Fg8gVs1VDCeW86HPYOM3FDFBmL_3IQ_uYLm3GVuEHg?authuser=1&amp;amp;fife=s16383" alt="وادي تين قويما" loading="lazy" class="atlas-popup-image"&gt;&lt;img src="https://mymaps.usercontent.google.com/hostedimage/m/*/3AAjQbR7IfNT5eCyQHvH-Hj8dN5dA0kX5TkmTEOOIbQwXCCD2KRBsn16UZFbz1lSukb55sGrz-9e1pm9K4zYm09_8lwtZ0HH-dJhERMXSqy5yrYm3RJgqqV4WbCB1B04mvO1x-UmJS2cJhhpxiP4N3_beAo9dFKIi_T5LM-CttElI9cyOKzwO2KWLm9r80XtAJSR2yWduDLU92ogPRqa5dvuSjPfGHONkAlxlUkcr3qYs1MydCAbFlpDRKcUph7c?authuser=1&amp;amp;fife=s16383" alt="وادي تين قويما" loading="lazy" class="atlas-popup-image"&gt;&lt;/div&gt;&lt;div class="atlas-popup-details"&gt;&lt;div&gt;&lt;strong&gt;التصنيف:&lt;/strong&gt; طبيعي&lt;/div&gt;&lt;div&gt;&lt;strong&gt;الوصف:&lt;/strong&gt; ويُنطق ويُكتب محلياً أيضاً تين قويما أو تين غيمة) هو أحد أشهر الوديان الأثرية والممرات الطبيعية الساحرة داخل سلسلة جبال تدرارت أكاكوس في أقصى الجنوب الغربي الليبييتميز هذا الوادي العريق بما يلي:الفن الصخري: يضم كنزاً من الكهوف والملاجئ الصخرية الغنية بالنقوش والرسومات الملونة التي تعود لآلاف السنين قبل التاريخ (مثل رسومات الزرافات، الأبقار، والنعام).المسار السياحي: يُعتبر محطة رئيسية لعشاق رحلات السفاري، الاستكشاف، والتخييم وسط الطبيعة الصحراوية المذهلة.التكوينات الجيولوجية: تحيط به الصخور الرملية المنحوتة بفعل الرياح، والتي تشكل لوحات طبيعية تتداخل مع الكثبان الذهبية&lt;/div&gt;&lt;/div&gt;&lt;/div&gt;</description><ExtendedData><Data name="atlas_id"><value>LY-AKAKUS-00028</value></Data><Data name="category"><value>طبيعي</value></Data><Data name="description"><value>ويُنطق ويُكتب محلياً أيضاً تين قويما أو تين غيمة) هو أحد أشهر الوديان الأثرية والممرات الطبيعية الساحرة داخل سلسلة جبال تدرارت أكاكوس في أقصى الجنوب الغربي الليبييتميز هذا الوادي العريق بما يلي:الفن الصخري: يضم كنزاً من الكهوف والملاجئ الصخرية الغنية بالنقوش والرسومات الملونة التي تعود لآلاف السنين قبل التاريخ (مثل رسومات الزرافات، الأبقار، والنعام).المسار السياحي: يُعتبر محطة رئيسية لعشاق رحلات السفاري، الاستكشاف، والتخييم وسط الطبيعة الصحراوية المذهلة.التكوينات الجيولوجية: تحيط به الصخور الرملية المنحوتة بفعل الرياح، والتي تشكل لوحات طبيعية تتداخل مع الكثبان الذهبية</value></Data><Data name="image_count"><value>2</value></Data><Data name="source_file"><value>اكاكوس.kml</value></Data><Data name="images_json"><value>["https://mymaps.usercontent.google.com/hostedimage/m/*/3AAjQbR69tQEZrAkTMV7I3eR6d0_t-3XZTEPt_u_YnbN75CFS2NGdCJ3mjzJomU4LEKrYnWSqV_wI-Iv1kGN_AM7yLwO9vrobzFNIA96aFEPOhYivaHWOMWFoPCvQQ59sb6dyWz9oBFxyS8c5e5rQ1h4EcwEIYnWRWqMsQ3GMVrBzq06hmwbr9M1GRgXHldtYElElgNVh1hO5EgAnq1vQ6Fg8gVs1VDCeW86HPYOM3FDFBmL_3IQ_uYLm3GVuEHg?authuser=1&amp;fife=s16383", "https://mymaps.usercontent.google.com/hostedimage/m/*/3AAjQbR7IfNT5eCyQHvH-Hj8dN5dA0kX5TkmTEOOIbQwXCCD2KRBsn16UZFbz1lSukb55sGrz-9e1pm9K4zYm09_8lwtZ0HH-dJhERMXSqy5yrYm3RJgqqV4WbCB1B04mvO1x-UmJS2cJhhpxiP4N3_beAo9dFKIi_T5LM-CttElI9cyOKzwO2KWLm9r80XtAJSR2yWduDLU92ogPRqa5dvuSjPfGHONkAlxlUkcr3qYs1MydCAbFlpDRKcUph7c?authuser=1&amp;fife=s16383"]</value></Data><Data name="atlas_id"><value>LY-AKAKUS-00028</value></Data><Data name="image_count"><value>2</value></Data><Data name="source_file"><value>اكاكوس.kml</value></Data><Data name="images_json"><value>["https://mymaps.usercontent.google.com/hostedimage/m/*/3AAjQbR69tQEZrAkTMV7I3eR6d0_t-3XZTEPt_u_YnbN75CFS2NGdCJ3mjzJomU4LEKrYnWSqV_wI-Iv1kGN_AM7yLwO9vrobzFNIA96aFEPOhYivaHWOMWFoPCvQQ59sb6dyWz9oBFxyS8c5e5rQ1h4EcwEIYnWRWqMsQ3GMVrBzq06hmwbr9M1GRgXHldtYElElgNVh1hO5EgAnq1vQ6Fg8gVs1VDCeW86HPYOM3FDFBmL_3IQ_uYLm3GVuEHg?authuser=1&amp;fife=s16383", "https://mymaps.usercontent.google.com/hostedimage/m/*/3AAjQbR7IfNT5eCyQHvH-Hj8dN5dA0kX5TkmTEOOIbQwXCCD2KRBsn16UZFbz1lSukb55sGrz-9e1pm9K4zYm09_8lwtZ0HH-dJhERMXSqy5yrYm3RJgqqV4WbCB1B04mvO1x-UmJS2cJhhpxiP4N3_beAo9dFKIi_T5LM-CttElI9cyOKzwO2KWLm9r80XtAJSR2yWduDLU92ogPRqa5dvuSjPfGHONkAlxlUkcr3qYs1MydCAbFlpDRKcUph7c?authuser=1&amp;fife=s16383"]</value></Data><Data name="atlas_id"><value>LY-AKA-000028</value></Data><Data name="layer_id"><value>akakus</value></Data><Data name="layer_name_ar"><value>أكاكوس</value></Data><Data name="layer_name_en"><value>Akakus</value></Data><Data name="name_ar"><value>وادي تين قويما</value></Data><Data name="latitude"><value>25.24124</value></Data><Data name="longitude"><value>11.67142</value></Data><Data name="images_json"><value>[&quot;https://mymaps.usercontent.google.com/hostedimage/m/*/3AAjQbR69tQEZrAkTMV7I3eR6d0_t-3XZTEPt_u_YnbN75CFS2NGdCJ3mjzJomU4LEKrYnWSqV_wI-Iv1kGN_AM7yLwO9vrobzFNIA96aFEPOhYivaHWOMWFoPCvQQ59sb6dyWz9oBFxyS8c5e5rQ1h4EcwEIYnWRWqMsQ3GMVrBzq06hmwbr9M1GRgXHldtYElElgNVh1hO5EgAnq1vQ6Fg8gVs1VDCeW86HPYOM3FDFBmL_3IQ_uYLm3GVuEHg?authuser=1&amp;fife=s16383&quot;,&quot;https://mymaps.usercontent.google.com/hostedimage/m/*/3AAjQbR7IfNT5eCyQHvH-Hj8dN5dA0kX5TkmTEOOIbQwXCCD2KRBsn16UZFbz1lSukb55sGrz-9e1pm9K4zYm09_8lwtZ0HH-dJhERMXSqy5yrYm3RJgqqV4WbCB1B04mvO1x-UmJS2cJhhpxiP4N3_beAo9dFKIi_T5LM-CttElI9cyOKzwO2KWLm9r80XtAJSR2yWduDLU92ogPRqa5dvuSjPfGHONkAlxlUkcr3qYs1MydCAbFlpDRKcUph7c?authuser=1&amp;fife=s16383&quot;]</value></Data><Data name="image_count"><value>2</value></Data><Data name="source_file"><value>developed/akakus-developed.kml</value></Data><Data name="source_placemark_index"><value>28</value></Data><Data name="data_quality_status"><value>ok</value></Data></ExtendedData><Point><coordinates>11.67142,25.24124,0</coordinates></Point></Placemark><Placemark><name>وادي أويس</name><description>&lt;div class="atlas-popup" dir="rtl"&gt;&lt;h3&gt;وادي أويس&lt;/h3&gt;&lt;div class="atlas-popup-gallery"&gt;&lt;img src="https://mymaps.usercontent.google.com/hostedimage/m/*/3AAjQbR7x0VKRSCj_s0A2vYrMuYqA-pbd5nnDFS3GqRBbUP-qd-_0csjf50EbDhR6jRWQGUM067Y2g89VWPDp-0FWTSBT0sICB7l8qU7gMCQMbcXsGpQVteQKHExQ9LDR6rVvpXkdSE3dGuihBlkGhruEC2uau4gar6eZLchlFanCf2N7XVEQ-vZSpVJbeBAwexo1rAW1wWa2HZW7ZPQiSJlpgCCrcH_XZmhmcT3Qcv9HemAcuwmQPTeDEi5bWx8?authuser=1&amp;amp;fife=s16383" alt="وادي أويس" loading="lazy" class="atlas-popup-image"&gt;&lt;/div&gt;&lt;div class="atlas-popup-details"&gt;&lt;div&gt;&lt;strong&gt;التصنيف:&lt;/strong&gt; طبيعي&lt;/div&gt;&lt;div&gt;&lt;strong&gt;الوصف:&lt;/strong&gt; هو أحد أشهر وأجمل الأودية الطبيعية والأثرية الواقعة في الجزء الشمالي من سلسلة جبال تدرارت أكاكوس في أقصى جنوب غرب ليبيا. به ثلاثة مواقع أثرية.يقع الوادي على بعد حوالي 30 كيلومتراً من منطقة العوينات (المعروفة بـ سردلس)يعتبر البوابة الشمالية الرئيسية للدخول واستكشاف أعماق جبال أكاكوس.يتميز بامتداد جرفي صخري طويل يمر عبر تضاريس مذهلة وتكوينات حجرية ديفونية نحتتها الرياح على مر ملايين السنين.وهو أحد المحميات المدرجة في قائمة اليونسكو للتراث العالمي، يضم وادي أويس إرثاً تاريخياً يتميز بتباين البصري واشتهر الوادي بأبرز اللوحات الفن الصخري التي تصور فرسانا على خيولهم يطاردون النعام&lt;/div&gt;&lt;/div&gt;&lt;/div&gt;</description><ExtendedData><Data name="atlas_id"><value>LY-AKAKUS-00029</value></Data><Data name="category"><value>طبيعي</value></Data><Data name="description"><value>هو أحد أشهر وأجمل الأودية الطبيعية والأثرية الواقعة في الجزء الشمالي من سلسلة جبال تدرارت أكاكوس في أقصى جنوب غرب ليبيا. به ثلاثة مواقع أثرية.يقع الوادي على بعد حوالي 30 كيلومتراً من منطقة العوينات (المعروفة بـ سردلس)يعتبر البوابة الشمالية الرئيسية للدخول واستكشاف أعماق جبال أكاكوس.يتميز بامتداد جرفي صخري طويل يمر عبر تضاريس مذهلة وتكوينات حجرية ديفونية نحتتها الرياح على مر ملايين السنين.وهو أحد المحميات المدرجة في قائمة اليونسكو للتراث العالمي، يضم وادي أويس إرثاً تاريخياً يتميز بتباين البصري واشتهر الوادي بأبرز اللوحات الفن الصخري التي تصور فرسانا على خيولهم يطاردون النعام</value></Data><Data name="image_count"><value>1</value></Data><Data name="source_file"><value>اكاكوس.kml</value></Data><Data name="images_json"><value>["https://mymaps.usercontent.google.com/hostedimage/m/*/3AAjQbR7x0VKRSCj_s0A2vYrMuYqA-pbd5nnDFS3GqRBbUP-qd-_0csjf50EbDhR6jRWQGUM067Y2g89VWPDp-0FWTSBT0sICB7l8qU7gMCQMbcXsGpQVteQKHExQ9LDR6rVvpXkdSE3dGuihBlkGhruEC2uau4gar6eZLchlFanCf2N7XVEQ-vZSpVJbeBAwexo1rAW1wWa2HZW7ZPQiSJlpgCCrcH_XZmhmcT3Qcv9HemAcuwmQPTeDEi5bWx8?authuser=1&amp;fife=s16383"]</value></Data><Data name="atlas_id"><value>LY-AKAKUS-00029</value></Data><Data name="image_count"><value>1</value></Data><Data name="source_file"><value>اكاكوس.kml</value></Data><Data name="images_json"><value>["https://mymaps.usercontent.google.com/hostedimage/m/*/3AAjQbR7x0VKRSCj_s0A2vYrMuYqA-pbd5nnDFS3GqRBbUP-qd-_0csjf50EbDhR6jRWQGUM067Y2g89VWPDp-0FWTSBT0sICB7l8qU7gMCQMbcXsGpQVteQKHExQ9LDR6rVvpXkdSE3dGuihBlkGhruEC2uau4gar6eZLchlFanCf2N7XVEQ-vZSpVJbeBAwexo1rAW1wWa2HZW7ZPQiSJlpgCCrcH_XZmhmcT3Qcv9HemAcuwmQPTeDEi5bWx8?authuser=1&amp;fife=s16383"]</value></Data><Data name="atlas_id"><value>LY-AKA-000029</value></Data><Data name="layer_id"><value>akakus</value></Data><Data name="layer_name_ar"><value>أكاكوس</value></Data><Data name="layer_name_en"><value>Akakus</value></Data><Data name="name_ar"><value>وادي أويس</value></Data><Data name="latitude"><value>25.357286</value></Data><Data name="longitude"><value>10.539056</value></Data><Data name="images_json"><value>[&quot;https://mymaps.usercontent.google.com/hostedimage/m/*/3AAjQbR7x0VKRSCj_s0A2vYrMuYqA-pbd5nnDFS3GqRBbUP-qd-_0csjf50EbDhR6jRWQGUM067Y2g89VWPDp-0FWTSBT0sICB7l8qU7gMCQMbcXsGpQVteQKHExQ9LDR6rVvpXkdSE3dGuihBlkGhruEC2uau4gar6eZLchlFanCf2N7XVEQ-vZSpVJbeBAwexo1rAW1wWa2HZW7ZPQiSJlpgCCrcH_XZmhmcT3Qcv9HemAcuwmQPTeDEi5bWx8?authuser=1&amp;fife=s16383&quot;]</value></Data><Data name="image_count"><value>1</value></Data><Data name="source_file"><value>developed/akakus-developed.kml</value></Data><Data name="source_placemark_index"><value>29</value></Data><Data name="data_quality_status"><value>ok</value></Data></ExtendedData><Point><coordinates>10.539056,25.357286,0</coordinates></Point></Placemark><Placemark><name>وادي أفاغ</name><description>&lt;div class="atlas-popup" dir="rtl"&gt;&lt;h3&gt;وادي أفاغ&lt;/h3&gt;&lt;div class="atlas-popup-gallery"&gt;&lt;img src="https://mymaps.usercontent.google.com/hostedimage/m/*/3AAjQbR6KTcOyjNjt-rtSQRqKe9Ls0z0ec-5uecrK2ZXcNJjLo9NszpugPaavfiYJlyETMhBrqFH7BjemhEWjI87qDbbKeS1EpDyzAqYkQ4Vv7CJjX-ujCdWXcUP3gbK8ge3LIkTfDrIGgsJCUW-LlL58S5iftl5X5ku62mgoYs310DzR8CI55PrufL9AD0DmdMneJWC1MLEChA6O2_B0ew5y-trpHtJma24zes5xqGmCJEXdCNYsAgLQnbWal9k?authuser=1&amp;amp;fife=s16383" alt="وادي أفاغ" loading="lazy" class="atlas-popup-image"&gt;&lt;/div&gt;&lt;div class="atlas-popup-details"&gt;&lt;div&gt;&lt;strong&gt;التصنيف:&lt;/strong&gt; طبيعي&lt;/div&gt;&lt;div&gt;&lt;strong&gt;الوصف:&lt;/strong&gt; يقع الوادي بسلسلة جبال تدرارت أكاكوس بجنوب غرب ليبيا، بالقرب من مدينة غات ويضم أحد أروع المعالم الطبيعية الجيولوجية بهذا الوادي أكبر قوس طبيعي:حيث يُصنف قوس أفازاجار كأحد أكبر الأقواس الصخرية الطبيعية الناتجة عن نحت الرياح وعوامل التعرية في الصحراء الكبرى وشمال إفريقيا.أيقونة العملة الليبية: يحظى هذا المعلم بشهرة واسعة جداً بين الليبيين؛ لكونه الصورة الشهيرة المطبوعة على خلفية العملة الورقية الليبية من فئة الـ 50 ديناراً.&lt;/div&gt;&lt;/div&gt;&lt;/div&gt;</description><ExtendedData><Data name="atlas_id"><value>LY-AKAKUS-00030</value></Data><Data name="category"><value>طبيعي</value></Data><Data name="description"><value>يقع الوادي بسلسلة جبال تدرارت أكاكوس بجنوب غرب ليبيا، بالقرب من مدينة غات ويضم أحد أروع المعالم الطبيعية الجيولوجية بهذا الوادي أكبر قوس طبيعي:حيث يُصنف قوس أفازاجار كأحد أكبر الأقواس الصخرية الطبيعية الناتجة عن نحت الرياح وعوامل التعرية في الصحراء الكبرى وشمال إفريقيا.أيقونة العملة الليبية: يحظى هذا المعلم بشهرة واسعة جداً بين الليبيين؛ لكونه الصورة الشهيرة المطبوعة على خلفية العملة الورقية الليبية من فئة الـ 50 ديناراً.</value></Data><Data name="image_count"><value>1</value></Data><Data name="source_file"><value>اكاكوس.kml</value></Data><Data name="images_json"><value>["https://mymaps.usercontent.google.com/hostedimage/m/*/3AAjQbR6KTcOyjNjt-rtSQRqKe9Ls0z0ec-5uecrK2ZXcNJjLo9NszpugPaavfiYJlyETMhBrqFH7BjemhEWjI87qDbbKeS1EpDyzAqYkQ4Vv7CJjX-ujCdWXcUP3gbK8ge3LIkTfDrIGgsJCUW-LlL58S5iftl5X5ku62mgoYs310DzR8CI55PrufL9AD0DmdMneJWC1MLEChA6O2_B0ew5y-trpHtJma24zes5xqGmCJEXdCNYsAgLQnbWal9k?authuser=1&amp;fife=s16383"]</value></Data><Data name="atlas_id"><value>LY-AKAKUS-00030</value></Data><Data name="image_count"><value>1</value></Data><Data name="source_file"><value>اكاكوس.kml</value></Data><Data name="images_json"><value>["https://mymaps.usercontent.google.com/hostedimage/m/*/3AAjQbR6KTcOyjNjt-rtSQRqKe9Ls0z0ec-5uecrK2ZXcNJjLo9NszpugPaavfiYJlyETMhBrqFH7BjemhEWjI87qDbbKeS1EpDyzAqYkQ4Vv7CJjX-ujCdWXcUP3gbK8ge3LIkTfDrIGgsJCUW-LlL58S5iftl5X5ku62mgoYs310DzR8CI55PrufL9AD0DmdMneJWC1MLEChA6O2_B0ew5y-trpHtJma24zes5xqGmCJEXdCNYsAgLQnbWal9k?authuser=1&amp;fife=s16383"]</value></Data><Data name="atlas_id"><value>LY-AKA-000030</value></Data><Data name="layer_id"><value>akakus</value></Data><Data name="layer_name_ar"><value>أكاكوس</value></Data><Data name="layer_name_en"><value>Akakus</value></Data><Data name="name_ar"><value>وادي أفاغ</value></Data><Data name="latitude"><value>24.63179</value></Data><Data name="longitude"><value>10.63673</value></Data><Data name="images_json"><value>[&quot;https://mymaps.usercontent.google.com/hostedimage/m/*/3AAjQbR6KTcOyjNjt-rtSQRqKe9Ls0z0ec-5uecrK2ZXcNJjLo9NszpugPaavfiYJlyETMhBrqFH7BjemhEWjI87qDbbKeS1EpDyzAqYkQ4Vv7CJjX-ujCdWXcUP3gbK8ge3LIkTfDrIGgsJCUW-LlL58S5iftl5X5ku62mgoYs310DzR8CI55PrufL9AD0DmdMneJWC1MLEChA6O2_B0ew5y-trpHtJma24zes5xqGmCJEXdCNYsAgLQnbWal9k?authuser=1&amp;fife=s16383&quot;]</value></Data><Data name="image_count"><value>1</value></Data><Data name="source_file"><value>developed/akakus-developed.kml</value></Data><Data name="source_placemark_index"><value>30</value></Data><Data name="data_quality_status"><value>ok</value></Data></ExtendedData><Point><coordinates>10.63673,24.63179,0</coordinates></Point></Placemark><Placemark><name>وادي تاشوينات</name><description>&lt;div class="atlas-popup" dir="rtl"&gt;&lt;h3&gt;وادي تاشوينات&lt;/h3&gt;&lt;div class="atlas-popup-gallery"&gt;&lt;img src="https://mymaps.usercontent.google.com/hostedimage/m/*/3AAjQbR7TmQClmr98g8vPq6tjS9ZUB9Fvo-gIVKjIbbjPU5FT2bWKZmvgHS_QlbB7oxVJPWrYSzv9OFy-Y2GhMXA4PyXdsZCmuTz0sIPDMCfHTpXcaZ8n7mF7sZDsr8X21ElvkQZ8saY2uhisXJGLKhLZ8xmOi_EcMb5uU8XLASf3HF45RgDQ5buUx98UjRvjlEHn4ufknu578bZLeypa5xr8LmXYmyxwMzkDxgcoNHl7BDpN4lU5Eh_9cXccnH8?authuser=1&amp;amp;fife=s16383" alt="وادي تاشوينات" loading="lazy" class="atlas-popup-image"&gt;&lt;/div&gt;&lt;div class="atlas-popup-details"&gt;&lt;div&gt;&lt;strong&gt;التصنيف:&lt;/strong&gt; طبيعي&lt;/div&gt;&lt;div&gt;&lt;strong&gt;الوصف:&lt;/strong&gt; يقع جنوب مدينة غات وهو أحد أودية تادرارات به العدبد من الملاجئ والكهوف حيث بمناظره الطبيعية وتفاصيله الجميلة يضم عشرة مواقع أثرية قديمة ، وتتمثل في صور حيوانات مرسومة على الصخور ، وهي تعود الى الدور الرعوي القديم مثل الحصان ، والفيل.&lt;/div&gt;&lt;/div&gt;&lt;/div&gt;</description><ExtendedData><Data name="atlas_id"><value>LY-AKAKUS-00031</value></Data><Data name="category"><value>طبيعي</value></Data><Data name="description"><value>يقع جنوب مدينة غات وهو أحد أودية تادرارات به العدبد من الملاجئ والكهوف حيث بمناظره الطبيعية وتفاصيله الجميلة يضم عشرة مواقع أثرية قديمة ، وتتمثل في صور حيوانات مرسومة على الصخور ، وهي تعود الى الدور الرعوي القديم مثل الحصان ، والفيل.</value></Data><Data name="image_count"><value>1</value></Data><Data name="source_file"><value>اكاكوس.kml</value></Data><Data name="images_json"><value>["https://mymaps.usercontent.google.com/hostedimage/m/*/3AAjQbR7TmQClmr98g8vPq6tjS9ZUB9Fvo-gIVKjIbbjPU5FT2bWKZmvgHS_QlbB7oxVJPWrYSzv9OFy-Y2GhMXA4PyXdsZCmuTz0sIPDMCfHTpXcaZ8n7mF7sZDsr8X21ElvkQZ8saY2uhisXJGLKhLZ8xmOi_EcMb5uU8XLASf3HF45RgDQ5buUx98UjRvjlEHn4ufknu578bZLeypa5xr8LmXYmyxwMzkDxgcoNHl7BDpN4lU5Eh_9cXccnH8?authuser=1&amp;fife=s16383"]</value></Data><Data name="atlas_id"><value>LY-AKAKUS-00031</value></Data><Data name="image_count"><value>1</value></Data><Data name="source_file"><value>اكاكوس.kml</value></Data><Data name="images_json"><value>["https://mymaps.usercontent.google.com/hostedimage/m/*/3AAjQbR7TmQClmr98g8vPq6tjS9ZUB9Fvo-gIVKjIbbjPU5FT2bWKZmvgHS_QlbB7oxVJPWrYSzv9OFy-Y2GhMXA4PyXdsZCmuTz0sIPDMCfHTpXcaZ8n7mF7sZDsr8X21ElvkQZ8saY2uhisXJGLKhLZ8xmOi_EcMb5uU8XLASf3HF45RgDQ5buUx98UjRvjlEHn4ufknu578bZLeypa5xr8LmXYmyxwMzkDxgcoNHl7BDpN4lU5Eh_9cXccnH8?authuser=1&amp;fife=s16383"]</value></Data><Data name="atlas_id"><value>LY-AKA-000031</value></Data><Data name="layer_id"><value>akakus</value></Data><Data name="layer_name_ar"><value>أكاكوس</value></Data><Data name="layer_name_en"><value>Akakus</value></Data><Data name="name_ar"><value>وادي تاشوينات</value></Data><Data name="latitude"><value>24.80699</value></Data><Data name="longitude"><value>10.4607</value></Data><Data name="images_json"><value>[&quot;https://mymaps.usercontent.google.com/hostedimage/m/*/3AAjQbR7TmQClmr98g8vPq6tjS9ZUB9Fvo-gIVKjIbbjPU5FT2bWKZmvgHS_QlbB7oxVJPWrYSzv9OFy-Y2GhMXA4PyXdsZCmuTz0sIPDMCfHTpXcaZ8n7mF7sZDsr8X21ElvkQZ8saY2uhisXJGLKhLZ8xmOi_EcMb5uU8XLASf3HF45RgDQ5buUx98UjRvjlEHn4ufknu578bZLeypa5xr8LmXYmyxwMzkDxgcoNHl7BDpN4lU5Eh_9cXccnH8?authuser=1&amp;fife=s16383&quot;]</value></Data><Data name="image_count"><value>1</value></Data><Data name="source_file"><value>developed/akakus-developed.kml</value></Data><Data name="source_placemark_index"><value>31</value></Data><Data name="data_quality_status"><value>ok</value></Data></ExtendedData><Point><coordinates>10.4607,24.80699,0</coordinates></Point></Placemark><Placemark><name>وادي آمها</name><description>&lt;div class="atlas-popup" dir="rtl"&gt;&lt;h3&gt;وادي آمها&lt;/h3&gt;&lt;div class="atlas-popup-gallery"&gt;&lt;img src="https://mymaps.usercontent.google.com/hostedimage/m/*/3AAjQbR5lErZUeiYBRreK9g_vMZy-9yA2ySKO49Egj08WDQIepBu3KZ8Vt8OwmIfJRy3MiZ41UYIpNptvasCViH5ewtfM6Xl8CUK1urvzy5CvdrmR_Re35a_tMaUEPJFRf01y8Rv26fX_1AJHrC0B0Y2-fJJ9ox9Akt3-YwhwrGk7tZaTlXzekNg_8tqIllI7R98g4cLHAgnra-Xs9PFtQIOtZiCCKww4XR7pyHK9Xdua5jHnq6YXL7g-VJPM1DY?authuser=1&amp;amp;fife=s16383" alt="وادي آمها" loading="lazy" class="atlas-popup-image"&gt;&lt;/div&gt;&lt;div class="atlas-popup-details"&gt;&lt;div&gt;&lt;strong&gt;التصنيف:&lt;/strong&gt; طبيعي&lt;/div&gt;&lt;div&gt;&lt;strong&gt;الوصف:&lt;/strong&gt; أحد الأودية الأثرية الهامة الواقعة ضمن سلسلة جبال تادرارت أكاكوس في جنوب غرب ليبيا. يشتهر هذا الوادي بكونه معرضاً طبيعياً مفتوحاً للفنون الصخرية التي تعود لفترات ما قبل التاريخ، وهو جزء من المنطقة المحمية المسجلة على قائمة التراث العالمي لليونسكو.ومن أشهر رسومات الوادي رسومات الماشية التي تعكس العصر الرعوي والفيلة الذي يدل على ان الصحراء كانت منطقة خضراء،وأصحاب الرؤوس المستديرة تنتمي لـ &amp;quot;فترة الرؤوس المستديرة&amp;quot; الشهيرة في الفن الصحراوي، وهي من أقدم الفترات الفنية بالمنطقة وتتميز بصبغتها الروحية والرمزية الغامضة كما يضم الوادي الأشكال البشرية والرموز الفريدة، رسومات لبشر ذوي رؤوس تشبه العصي، بالإضافة إلى نقوش نادرة يُعتقد أنها تجسد ثعابين أو حتى ملامح أولية لـ قوارب بدائية.&lt;/div&gt;&lt;/div&gt;&lt;/div&gt;</description><ExtendedData><Data name="atlas_id"><value>LY-AKAKUS-00032</value></Data><Data name="category"><value>طبيعي</value></Data><Data name="description"><value>أحد الأودية الأثرية الهامة الواقعة ضمن سلسلة جبال تادرارت أكاكوس في جنوب غرب ليبيا. يشتهر هذا الوادي بكونه معرضاً طبيعياً مفتوحاً للفنون الصخرية التي تعود لفترات ما قبل التاريخ، وهو جزء من المنطقة المحمية المسجلة على قائمة التراث العالمي لليونسكو.ومن أشهر رسومات الوادي رسومات الماشية التي تعكس العصر الرعوي والفيلة الذي يدل على ان الصحراء كانت منطقة خضراء،وأصحاب الرؤوس المستديرة تنتمي لـ "فترة الرؤوس المستديرة" الشهيرة في الفن الصحراوي، وهي من أقدم الفترات الفنية بالمنطقة وتتميز بصبغتها الروحية والرمزية الغامضة كما يضم الوادي الأشكال البشرية والرموز الفريدة، رسومات لبشر ذوي رؤوس تشبه العصي، بالإضافة إلى نقوش نادرة يُعتقد أنها تجسد ثعابين أو حتى ملامح أولية لـ قوارب بدائية.</value></Data><Data name="image_count"><value>1</value></Data><Data name="source_file"><value>اكاكوس.kml</value></Data><Data name="images_json"><value>["https://mymaps.usercontent.google.com/hostedimage/m/*/3AAjQbR5lErZUeiYBRreK9g_vMZy-9yA2ySKO49Egj08WDQIepBu3KZ8Vt8OwmIfJRy3MiZ41UYIpNptvasCViH5ewtfM6Xl8CUK1urvzy5CvdrmR_Re35a_tMaUEPJFRf01y8Rv26fX_1AJHrC0B0Y2-fJJ9ox9Akt3-YwhwrGk7tZaTlXzekNg_8tqIllI7R98g4cLHAgnra-Xs9PFtQIOtZiCCKww4XR7pyHK9Xdua5jHnq6YXL7g-VJPM1DY?authuser=1&amp;fife=s16383"]</value></Data><Data name="atlas_id"><value>LY-AKAKUS-00032</value></Data><Data name="image_count"><value>1</value></Data><Data name="source_file"><value>اكاكوس.kml</value></Data><Data name="images_json"><value>["https://mymaps.usercontent.google.com/hostedimage/m/*/3AAjQbR5lErZUeiYBRreK9g_vMZy-9yA2ySKO49Egj08WDQIepBu3KZ8Vt8OwmIfJRy3MiZ41UYIpNptvasCViH5ewtfM6Xl8CUK1urvzy5CvdrmR_Re35a_tMaUEPJFRf01y8Rv26fX_1AJHrC0B0Y2-fJJ9ox9Akt3-YwhwrGk7tZaTlXzekNg_8tqIllI7R98g4cLHAgnra-Xs9PFtQIOtZiCCKww4XR7pyHK9Xdua5jHnq6YXL7g-VJPM1DY?authuser=1&amp;fife=s16383"]</value></Data><Data name="atlas_id"><value>LY-AKA-000032</value></Data><Data name="layer_id"><value>akakus</value></Data><Data name="layer_name_ar"><value>أكاكوس</value></Data><Data name="layer_name_en"><value>Akakus</value></Data><Data name="name_ar"><value>وادي آمها</value></Data><Data name="latitude"><value>24.768498</value></Data><Data name="longitude"><value>10.555753</value></Data><Data name="images_json"><value>[&quot;https://mymaps.usercontent.google.com/hostedimage/m/*/3AAjQbR5lErZUeiYBRreK9g_vMZy-9yA2ySKO49Egj08WDQIepBu3KZ8Vt8OwmIfJRy3MiZ41UYIpNptvasCViH5ewtfM6Xl8CUK1urvzy5CvdrmR_Re35a_tMaUEPJFRf01y8Rv26fX_1AJHrC0B0Y2-fJJ9ox9Akt3-YwhwrGk7tZaTlXzekNg_8tqIllI7R98g4cLHAgnra-Xs9PFtQIOtZiCCKww4XR7pyHK9Xdua5jHnq6YXL7g-VJPM1DY?authuser=1&amp;fife=s16383&quot;]</value></Data><Data name="image_count"><value>1</value></Data><Data name="source_file"><value>developed/akakus-developed.kml</value></Data><Data name="source_placemark_index"><value>32</value></Data><Data name="data_quality_status"><value>ok</value></Data></ExtendedData><Point><coordinates>10.555753,24.768498,0</coordinates></Point></Placemark><Placemark><name>وادي بوبو</name><description>&lt;div class="atlas-popup" dir="rtl"&gt;&lt;h3&gt;وادي بوبو&lt;/h3&gt;&lt;div class="atlas-popup-gallery"&gt;&lt;/div&gt;&lt;div class="atlas-popup-details"&gt;&lt;div&gt;&lt;strong&gt;الوصف:&lt;/strong&gt; الاسم باللغة الانجليزية: التصنيف: الوصف: X_COORD: 10.6251469 Y: 24.5912982&lt;/div&gt;&lt;/div&gt;&lt;/div&gt;</description><ExtendedData><Data name="atlas_id"><value>LY-AKAKUS-00033</value></Data><Data name="description"><value>الاسم باللغة الانجليزية: التصنيف: الوصف: X_COORD: 10.6251469 Y: 24.5912982</value></Data><Data name="image_count"><value>0</value></Data><Data name="source_file"><value>اكاكوس.kml</value></Data><Data name="images_json"><value>[]</value></Data><Data name="atlas_id"><value>LY-AKAKUS-00033</value></Data><Data name="image_count"><value>0</value></Data><Data name="source_file"><value>اكاكوس.kml</value></Data><Data name="images_json"><value>[]</value></Data><Data name="atlas_id"><value>LY-AKA-000033</value></Data><Data name="layer_id"><value>akakus</value></Data><Data name="layer_name_ar"><value>أكاكوس</value></Data><Data name="layer_name_en"><value>Akakus</value></Data><Data name="name_ar"><value>وادي بوبو</value></Data><Data name="latitude"><value>24.591298</value></Data><Data name="longitude"><value>10.625147</value></Data><Data name="images_json"><value>[]</value></Data><Data name="image_count"><value>0</value></Data><Data name="source_file"><value>developed/akakus-developed.kml</value></Data><Data name="source_placemark_index"><value>33</value></Data><Data name="data_quality_status"><value>missing_media</value></Data></ExtendedData><Point><coordinates>10.625147,24.591298,0</coordinates></Point></Placemark><Placemark><name>وادي أمها</name><description>&lt;div class="atlas-popup" dir="rtl"&gt;&lt;h3&gt;وادي أمها&lt;/h3&gt;&lt;div class="atlas-popup-gallery"&gt;&lt;/div&gt;&lt;div class="atlas-popup-details"&gt;&lt;div&gt;&lt;strong&gt;الوصف:&lt;/strong&gt; الاسم باللغة الانجليزية: التصنيف: الوصف: X_COORD: 10.6359 Y: 24.76286&lt;/div&gt;&lt;/div&gt;&lt;/div&gt;</description><ExtendedData><Data name="atlas_id"><value>LY-AKAKUS-00034</value></Data><Data name="description"><value>الاسم باللغة الانجليزية: التصنيف: الوصف: X_COORD: 10.6359 Y: 24.76286</value></Data><Data name="image_count"><value>0</value></Data><Data name="source_file"><value>اكاكوس.kml</value></Data><Data name="images_json"><value>[]</value></Data><Data name="atlas_id"><value>LY-AKAKUS-00034</value></Data><Data name="image_count"><value>0</value></Data><Data name="source_file"><value>اكاكوس.kml</value></Data><Data name="images_json"><value>[]</value></Data><Data name="atlas_id"><value>LY-AKA-000034</value></Data><Data name="layer_id"><value>akakus</value></Data><Data name="layer_name_ar"><value>أكاكوس</value></Data><Data name="layer_name_en"><value>Akakus</value></Data><Data name="name_ar"><value>وادي أمها</value></Data><Data name="latitude"><value>24.76286</value></Data><Data name="longitude"><value>10.6359</value></Data><Data name="images_json"><value>[]</value></Data><Data name="image_count"><value>0</value></Data><Data name="source_file"><value>developed/akakus-developed.kml</value></Data><Data name="source_placemark_index"><value>34</value></Data><Data name="data_quality_status"><value>missing_media</value></Data></ExtendedData><Point><coordinates>10.6359,24.76286,0</coordinates></Point></Placemark><Placemark><name>وادي أفازاجار</name><description>&lt;div class="atlas-popup" dir="rtl"&gt;&lt;h3&gt;وادي أفازاجار&lt;/h3&gt;&lt;div class="atlas-popup-gallery"&gt;&lt;img src="https://mymaps.usercontent.google.com/hostedimage/m/*/3AAjQbR6cgmI6Ng11k9SkoqKWQbh44U99qx1LNV07CvRlPRrDfjSeiQr-_WSXJu6I6s3bKiMXS9FpkdNA5Tq6rsSWHHlUE-kgmQhUCa_wwgVXMLIvInXCq4KYE_upsIZPDNumBixyAZE903stxASTl6VKo1stLSK-xloX2PwySSK3xFjGFeiwseq64haqL78aU2dzmH5HeDHCAXBnJGdgpgox0KNUCMWNIdZGx7nRiBzsGkOmXwr9IdjtIJS_lQ0?authuser=1&amp;amp;fife=s16383" alt="وادي أفازاجار" loading="lazy" class="atlas-popup-image"&gt;&lt;img src="https://mymaps.usercontent.google.com/hostedimage/m/*/3AAjQbR79R40m8gnB0BE0-ehNknRfinvmc57lco-nTy4AbYwCnmLqYUr8RfSpa4urpLZzHRde3Y4ucxPE6k75qd6xaeA7e2GXVO13IKDZViotCyye-XZG_EvJhUsVZ8KOabJlHF1SoxjQxAf3170QVPkoIgRxyWgmnt8gNmg5SEBiZeqmqZKejXBAAMB8GbPBa8hOw6tMmuW2zTpzjk2paKqIOOgghW1UQF6a4ZhauRb53afFEjo_bCLzAaZ2Rvo?authuser=1&amp;amp;fife=s16383" alt="وادي أفازاجار" loading="lazy" class="atlas-popup-image"&gt;&lt;/div&gt;&lt;div class="atlas-popup-details"&gt;&lt;div&gt;&lt;strong&gt;التصنيف:&lt;/strong&gt; طبيعي&lt;/div&gt;&lt;div&gt;&lt;strong&gt;الوصف:&lt;/strong&gt; أحد أبرز المعالم الطبيعية والأثرية الساحرة في سلسلة جبال أكاكوس (تدرارت أكاكوس) الواقعة في أقصى الجنوب الغربي الليبي بالقرب من مدينة غات الأثرية. يشتهر الوادي بوجود قوس أفاظجار الطبيعي الضخم، وهو جسر صخري عملاق نحتته عوامل التعرية والرياح عبر آلاف السنين ليصبح رمزاً للمنطقة. يجمع الموقع بين الرمال الناعمة الملونة، التشكيلات الصخرية الداكنة، وبعض النباتات الصحراوية النادرة مثل نبات &amp;quot;الكالوتروبيس&amp;quot; (العشار) كما يضم الوادي على كهوف وملاجئ صخرية تضم نقوشاً ورسومات ملونة تعود لفترة ما قبل التاريخ، وتجسد حياة البشر والحيوانات قديماً.&lt;/div&gt;&lt;/div&gt;&lt;/div&gt;</description><ExtendedData><Data name="atlas_id"><value>LY-AKAKUS-00035</value></Data><Data name="category"><value>طبيعي</value></Data><Data name="description"><value>أحد أبرز المعالم الطبيعية والأثرية الساحرة في سلسلة جبال أكاكوس (تدرارت أكاكوس) الواقعة في أقصى الجنوب الغربي الليبي بالقرب من مدينة غات الأثرية. يشتهر الوادي بوجود قوس أفاظجار الطبيعي الضخم، وهو جسر صخري عملاق نحتته عوامل التعرية والرياح عبر آلاف السنين ليصبح رمزاً للمنطقة. يجمع الموقع بين الرمال الناعمة الملونة، التشكيلات الصخرية الداكنة، وبعض النباتات الصحراوية النادرة مثل نبات "الكالوتروبيس" (العشار) كما يضم الوادي على كهوف وملاجئ صخرية تضم نقوشاً ورسومات ملونة تعود لفترة ما قبل التاريخ، وتجسد حياة البشر والحيوانات قديماً.</value></Data><Data name="image_count"><value>2</value></Data><Data name="source_file"><value>اكاكوس.kml</value></Data><Data name="images_json"><value>["https://mymaps.usercontent.google.com/hostedimage/m/*/3AAjQbR6cgmI6Ng11k9SkoqKWQbh44U99qx1LNV07CvRlPRrDfjSeiQr-_WSXJu6I6s3bKiMXS9FpkdNA5Tq6rsSWHHlUE-kgmQhUCa_wwgVXMLIvInXCq4KYE_upsIZPDNumBixyAZE903stxASTl6VKo1stLSK-xloX2PwySSK3xFjGFeiwseq64haqL78aU2dzmH5HeDHCAXBnJGdgpgox0KNUCMWNIdZGx7nRiBzsGkOmXwr9IdjtIJS_lQ0?authuser=1&amp;fife=s16383", "https://mymaps.usercontent.google.com/hostedimage/m/*/3AAjQbR79R40m8gnB0BE0-ehNknRfinvmc57lco-nTy4AbYwCnmLqYUr8RfSpa4urpLZzHRde3Y4ucxPE6k75qd6xaeA7e2GXVO13IKDZViotCyye-XZG_EvJhUsVZ8KOabJlHF1SoxjQxAf3170QVPkoIgRxyWgmnt8gNmg5SEBiZeqmqZKejXBAAMB8GbPBa8hOw6tMmuW2zTpzjk2paKqIOOgghW1UQF6a4ZhauRb53afFEjo_bCLzAaZ2Rvo?authuser=1&amp;fife=s16383"]</value></Data><Data name="atlas_id"><value>LY-AKAKUS-00035</value></Data><Data name="image_count"><value>2</value></Data><Data name="source_file"><value>اكاكوس.kml</value></Data><Data name="images_json"><value>["https://mymaps.usercontent.google.com/hostedimage/m/*/3AAjQbR6cgmI6Ng11k9SkoqKWQbh44U99qx1LNV07CvRlPRrDfjSeiQr-_WSXJu6I6s3bKiMXS9FpkdNA5Tq6rsSWHHlUE-kgmQhUCa_wwgVXMLIvInXCq4KYE_upsIZPDNumBixyAZE903stxASTl6VKo1stLSK-xloX2PwySSK3xFjGFeiwseq64haqL78aU2dzmH5HeDHCAXBnJGdgpgox0KNUCMWNIdZGx7nRiBzsGkOmXwr9IdjtIJS_lQ0?authuser=1&amp;fife=s16383", "https://mymaps.usercontent.google.com/hostedimage/m/*/3AAjQbR79R40m8gnB0BE0-ehNknRfinvmc57lco-nTy4AbYwCnmLqYUr8RfSpa4urpLZzHRde3Y4ucxPE6k75qd6xaeA7e2GXVO13IKDZViotCyye-XZG_EvJhUsVZ8KOabJlHF1SoxjQxAf3170QVPkoIgRxyWgmnt8gNmg5SEBiZeqmqZKejXBAAMB8GbPBa8hOw6tMmuW2zTpzjk2paKqIOOgghW1UQF6a4ZhauRb53afFEjo_bCLzAaZ2Rvo?authuser=1&amp;fife=s16383"]</value></Data><Data name="atlas_id"><value>LY-AKA-000035</value></Data><Data name="layer_id"><value>akakus</value></Data><Data name="layer_name_ar"><value>أكاكوس</value></Data><Data name="layer_name_en"><value>Akakus</value></Data><Data name="name_ar"><value>وادي أفازاجار</value></Data><Data name="latitude"><value>24.69134</value></Data><Data name="longitude"><value>10.63467</value></Data><Data name="images_json"><value>[&quot;https://mymaps.usercontent.google.com/hostedimage/m/*/3AAjQbR6cgmI6Ng11k9SkoqKWQbh44U99qx1LNV07CvRlPRrDfjSeiQr-_WSXJu6I6s3bKiMXS9FpkdNA5Tq6rsSWHHlUE-kgmQhUCa_wwgVXMLIvInXCq4KYE_upsIZPDNumBixyAZE903stxASTl6VKo1stLSK-xloX2PwySSK3xFjGFeiwseq64haqL78aU2dzmH5HeDHCAXBnJGdgpgox0KNUCMWNIdZGx7nRiBzsGkOmXwr9IdjtIJS_lQ0?authuser=1&amp;fife=s16383&quot;,&quot;https://mymaps.usercontent.google.com/hostedimage/m/*/3AAjQbR79R40m8gnB0BE0-ehNknRfinvmc57lco-nTy4AbYwCnmLqYUr8RfSpa4urpLZzHRde3Y4ucxPE6k75qd6xaeA7e2GXVO13IKDZViotCyye-XZG_EvJhUsVZ8KOabJlHF1SoxjQxAf3170QVPkoIgRxyWgmnt8gNmg5SEBiZeqmqZKejXBAAMB8GbPBa8hOw6tMmuW2zTpzjk2paKqIOOgghW1UQF6a4ZhauRb53afFEjo_bCLzAaZ2Rvo?authuser=1&amp;fife=s16383&quot;]</value></Data><Data name="image_count"><value>2</value></Data><Data name="source_file"><value>developed/akakus-developed.kml</value></Data><Data name="source_placemark_index"><value>35</value></Data><Data name="data_quality_status"><value>ok</value></Data></ExtendedData><Point><coordinates>10.63467,24.69134,0</coordinates></Point></Placemark><Placemark><name>وادي البركات</name><description>&lt;div class="atlas-popup" dir="rtl"&gt;&lt;h3&gt;وادي البركات&lt;/h3&gt;&lt;div class="atlas-popup-gallery"&gt;&lt;/div&gt;&lt;div class="atlas-popup-details"&gt;&lt;div&gt;&lt;strong&gt;التصنيف:&lt;/strong&gt; طبيعي&lt;/div&gt;&lt;div&gt;&lt;strong&gt;الوصف:&lt;/strong&gt; منطقة البركات (أو البركت) الواقعة في شعبية غات بجنوب غرب ليبيا، : يقطن المنطقة سُكان من الطوارق (ملوك الصحراء) المحتفظين بهويتهم، عاداتهم، وزيهم التقليدي المميز.تعتبر المنطقة نقطة انطلاق حيوية للمجموعات السياحية والبعثات المتجهة لاستكشاف جبال تدرارت أكاكوس والوديان المحيطة بها.: تحيط بها التكوينات الصخرية المميزة والكثبان الرملية الذهبية التي تشتهر بها الصحراء الكبرى.واحة البركت: تمثل بلدة البركت تاريخياً واحة زراعية ونقطة استراحة حيوية على مشارف الصحراء الكبرى.شكلت المنطقة ممراً أساسياً للقوافل التجارية التي ربطت بين غات، غدامس، وأفريقيا جنوب الصحراء.&lt;/div&gt;&lt;/div&gt;&lt;/div&gt;</description><ExtendedData><Data name="atlas_id"><value>LY-AKAKUS-00036</value></Data><Data name="category"><value>طبيعي</value></Data><Data name="description"><value>منطقة البركات (أو البركت) الواقعة في شعبية غات بجنوب غرب ليبيا، : يقطن المنطقة سُكان من الطوارق (ملوك الصحراء) المحتفظين بهويتهم، عاداتهم، وزيهم التقليدي المميز.تعتبر المنطقة نقطة انطلاق حيوية للمجموعات السياحية والبعثات المتجهة لاستكشاف جبال تدرارت أكاكوس والوديان المحيطة بها.: تحيط بها التكوينات الصخرية المميزة والكثبان الرملية الذهبية التي تشتهر بها الصحراء الكبرى.واحة البركت: تمثل بلدة البركت تاريخياً واحة زراعية ونقطة استراحة حيوية على مشارف الصحراء الكبرى.شكلت المنطقة ممراً أساسياً للقوافل التجارية التي ربطت بين غات، غدامس، وأفريقيا جنوب الصحراء.</value></Data><Data name="image_count"><value>0</value></Data><Data name="source_file"><value>اكاكوس.kml</value></Data><Data name="images_json"><value>[]</value></Data><Data name="atlas_id"><value>LY-AKAKUS-00036</value></Data><Data name="image_count"><value>0</value></Data><Data name="source_file"><value>اكاكوس.kml</value></Data><Data name="images_json"><value>[]</value></Data><Data name="atlas_id"><value>LY-AKA-000036</value></Data><Data name="layer_id"><value>akakus</value></Data><Data name="layer_name_ar"><value>أكاكوس</value></Data><Data name="layer_name_en"><value>Akakus</value></Data><Data name="name_ar"><value>وادي البركات</value></Data><Data name="latitude"><value>24.85341</value></Data><Data name="longitude"><value>10.58908</value></Data><Data name="images_json"><value>[]</value></Data><Data name="image_count"><value>0</value></Data><Data name="source_file"><value>developed/akakus-developed.kml</value></Data><Data name="source_placemark_index"><value>36</value></Data><Data name="data_quality_status"><value>missing_media</value></Data></ExtendedData><Point><coordinates>10.58908,24.85341,0</coordinates></Point></Placemark><Placemark><name>وادي أمركا</name><description>&lt;div class="atlas-popup" dir="rtl"&gt;&lt;h3&gt;وادي أمركا&lt;/h3&gt;&lt;div class="atlas-popup-gallery"&gt;&lt;img src="https://mymaps.usercontent.google.com/hostedimage/m/*/3AAjQbR5xIprMqSfq7mu0eiYIGMx1KTQvcJdbTqxz2xh2mS6dZ6NB3KVJhfmvW287vCxA6VnyqxRjm2aUaca654JcwDf_7oGMwYkOTKH4fErYBVsB3UUCIkBD7ModHRF7MYe2Lu___LBrO2j1JqPpAhbfR101M3IveINS9HZ87_r1PzzD0kbxu6hLTy2DgbTV6v2or9WIkrDyOyN4x9aYLg0STJdpAoeVgH5FILhkNjq7STMfdcB4Z1H1IM85ZIo?authuser=1&amp;amp;fife=s16383" alt="وادي أمركا" loading="lazy" class="atlas-popup-image"&gt;&lt;img src="https://mymaps.usercontent.google.com/hostedimage/m/*/3AAjQbR6UKuB4O5xyRf7giPNkLXHqAFHVMbCtHJPLXbu2Y1oda39BuL1XG1L6iGCOMMHLhgwZuRpiS5IIbM_Fi5lwI8YDw5rz6N0aOO9zKYWRodoGH_dEv9IO8EYiJLw_ncHccWtGqPkiQLqZyTXrc6Nieo_M0eKLfcUE3eUx17266bPR77HLlfNxulkXsDuvVazhX5dP_Vs9P38FfNQyiV_ATxexZfs7i_EWl00FxO3PZg_XiH4q5UIo0hrJG-0?authuser=1&amp;amp;fife=s16383" alt="وادي أمركا" loading="lazy" class="atlas-popup-image"&gt;&lt;/div&gt;&lt;div class="atlas-popup-details"&gt;&lt;div&gt;&lt;strong&gt;التصنيف:&lt;/strong&gt; طبيعي&lt;/div&gt;&lt;div&gt;&lt;strong&gt;الوصف:&lt;/strong&gt; أحد الأودية الصحراوية البارزة الواقعة داخل سلسلة جبال تدرارت أكاكوس في أقصى الجنوب الغربي الليبي بالقرب من مدينة غات.يعد هذا الوادي محطة رئيسية ضمن مسارات الرحلات السياحية واستكشاف السفاري في المنطقة، يتميز الوادي بانتشار الصخور الرملية المنحوتة بفعل الرياح، والتي تحيط بها الرمال الذهبية الممتدة من الصحراء الكبرى.يقع الوادي ضمن المحيط المصنف على لائحة التراث العالمي لليونسكو، حيث تحتضن الكهوف والكتل الجبلية المحيطة به نقوشاً ورسومات ملونة تعود لعصور ما قبل التاريخ وتجسد الحياة البرية،يربط مسار الوادي جغرافياً وسياحياً بين أودية ومعالم شهيرة أخرى في أكاكوس، مثل: وادي تخرخوري، ووادي تاشوينت، وبئر آمنانيغ وقوس أفازاجار الكبير&lt;/div&gt;&lt;/div&gt;&lt;/div&gt;</description><ExtendedData><Data name="atlas_id"><value>LY-AKAKUS-00037</value></Data><Data name="category"><value>طبيعي</value></Data><Data name="description"><value>أحد الأودية الصحراوية البارزة الواقعة داخل سلسلة جبال تدرارت أكاكوس في أقصى الجنوب الغربي الليبي بالقرب من مدينة غات.يعد هذا الوادي محطة رئيسية ضمن مسارات الرحلات السياحية واستكشاف السفاري في المنطقة، يتميز الوادي بانتشار الصخور الرملية المنحوتة بفعل الرياح، والتي تحيط بها الرمال الذهبية الممتدة من الصحراء الكبرى.يقع الوادي ضمن المحيط المصنف على لائحة التراث العالمي لليونسكو، حيث تحتضن الكهوف والكتل الجبلية المحيطة به نقوشاً ورسومات ملونة تعود لعصور ما قبل التاريخ وتجسد الحياة البرية،يربط مسار الوادي جغرافياً وسياحياً بين أودية ومعالم شهيرة أخرى في أكاكوس، مثل: وادي تخرخوري، ووادي تاشوينت، وبئر آمنانيغ وقوس أفازاجار الكبير</value></Data><Data name="image_count"><value>2</value></Data><Data name="source_file"><value>اكاكوس.kml</value></Data><Data name="images_json"><value>["https://mymaps.usercontent.google.com/hostedimage/m/*/3AAjQbR5xIprMqSfq7mu0eiYIGMx1KTQvcJdbTqxz2xh2mS6dZ6NB3KVJhfmvW287vCxA6VnyqxRjm2aUaca654JcwDf_7oGMwYkOTKH4fErYBVsB3UUCIkBD7ModHRF7MYe2Lu___LBrO2j1JqPpAhbfR101M3IveINS9HZ87_r1PzzD0kbxu6hLTy2DgbTV6v2or9WIkrDyOyN4x9aYLg0STJdpAoeVgH5FILhkNjq7STMfdcB4Z1H1IM85ZIo?authuser=1&amp;fife=s16383", "https://mymaps.usercontent.google.com/hostedimage/m/*/3AAjQbR6UKuB4O5xyRf7giPNkLXHqAFHVMbCtHJPLXbu2Y1oda39BuL1XG1L6iGCOMMHLhgwZuRpiS5IIbM_Fi5lwI8YDw5rz6N0aOO9zKYWRodoGH_dEv9IO8EYiJLw_ncHccWtGqPkiQLqZyTXrc6Nieo_M0eKLfcUE3eUx17266bPR77HLlfNxulkXsDuvVazhX5dP_Vs9P38FfNQyiV_ATxexZfs7i_EWl00FxO3PZg_XiH4q5UIo0hrJG-0?authuser=1&amp;fife=s16383"]</value></Data><Data name="atlas_id"><value>LY-AKAKUS-00037</value></Data><Data name="image_count"><value>2</value></Data><Data name="source_file"><value>اكاكوس.kml</value></Data><Data name="images_json"><value>["https://mymaps.usercontent.google.com/hostedimage/m/*/3AAjQbR5xIprMqSfq7mu0eiYIGMx1KTQvcJdbTqxz2xh2mS6dZ6NB3KVJhfmvW287vCxA6VnyqxRjm2aUaca654JcwDf_7oGMwYkOTKH4fErYBVsB3UUCIkBD7ModHRF7MYe2Lu___LBrO2j1JqPpAhbfR101M3IveINS9HZ87_r1PzzD0kbxu6hLTy2DgbTV6v2or9WIkrDyOyN4x9aYLg0STJdpAoeVgH5FILhkNjq7STMfdcB4Z1H1IM85ZIo?authuser=1&amp;fife=s16383", "https://mymaps.usercontent.google.com/hostedimage/m/*/3AAjQbR6UKuB4O5xyRf7giPNkLXHqAFHVMbCtHJPLXbu2Y1oda39BuL1XG1L6iGCOMMHLhgwZuRpiS5IIbM_Fi5lwI8YDw5rz6N0aOO9zKYWRodoGH_dEv9IO8EYiJLw_ncHccWtGqPkiQLqZyTXrc6Nieo_M0eKLfcUE3eUx17266bPR77HLlfNxulkXsDuvVazhX5dP_Vs9P38FfNQyiV_ATxexZfs7i_EWl00FxO3PZg_XiH4q5UIo0hrJG-0?authuser=1&amp;fife=s16383"]</value></Data><Data name="atlas_id"><value>LY-AKA-000037</value></Data><Data name="layer_id"><value>akakus</value></Data><Data name="layer_name_ar"><value>أكاكوس</value></Data><Data name="layer_name_en"><value>Akakus</value></Data><Data name="name_ar"><value>وادي أمركا</value></Data><Data name="latitude"><value>24.81276</value></Data><Data name="longitude"><value>10.64956</value></Data><Data name="images_json"><value>[&quot;https://mymaps.usercontent.google.com/hostedimage/m/*/3AAjQbR5xIprMqSfq7mu0eiYIGMx1KTQvcJdbTqxz2xh2mS6dZ6NB3KVJhfmvW287vCxA6VnyqxRjm2aUaca654JcwDf_7oGMwYkOTKH4fErYBVsB3UUCIkBD7ModHRF7MYe2Lu___LBrO2j1JqPpAhbfR101M3IveINS9HZ87_r1PzzD0kbxu6hLTy2DgbTV6v2or9WIkrDyOyN4x9aYLg0STJdpAoeVgH5FILhkNjq7STMfdcB4Z1H1IM85ZIo?authuser=1&amp;fife=s16383&quot;,&quot;https://mymaps.usercontent.google.com/hostedimage/m/*/3AAjQbR6UKuB4O5xyRf7giPNkLXHqAFHVMbCtHJPLXbu2Y1oda39BuL1XG1L6iGCOMMHLhgwZuRpiS5IIbM_Fi5lwI8YDw5rz6N0aOO9zKYWRodoGH_dEv9IO8EYiJLw_ncHccWtGqPkiQLqZyTXrc6Nieo_M0eKLfcUE3eUx17266bPR77HLlfNxulkXsDuvVazhX5dP_Vs9P38FfNQyiV_ATxexZfs7i_EWl00FxO3PZg_XiH4q5UIo0hrJG-0?authuser=1&amp;fife=s16383&quot;]</value></Data><Data name="image_count"><value>2</value></Data><Data name="source_file"><value>developed/akakus-developed.kml</value></Data><Data name="source_placemark_index"><value>37</value></Data><Data name="data_quality_status"><value>ok</value></Data></ExtendedData><Point><coordinates>10.64956,24.81276,0</coordinates></Point></Placemark><Placemark><name>وادي تلووات</name><description>&lt;div class="atlas-popup" dir="rtl"&gt;&lt;h3&gt;وادي تلووات&lt;/h3&gt;&lt;div class="atlas-popup-gallery"&gt;&lt;/div&gt;&lt;div class="atlas-popup-details"&gt;&lt;div&gt;&lt;strong&gt;التصنيف:&lt;/strong&gt; طبيعي&lt;/div&gt;&lt;div&gt;&lt;strong&gt;الوصف:&lt;/strong&gt; يقع بقلب سلسلة جبال تادرارت أكاكوس التاريخية في جنوب غرب ليبيا، وتحديداً على بُعد حوالي 80 كيلومتراً جنوب بلدة العوينات القريبة من مدينة غات الأثرية.: يقع الوادي ضمن حدود الصحراء الكبرى في إقليم فزان، وهو من المسارات الرئيسية التي يسلكها السياح والمكتشفون أثناء جولات التخييم في أكاكوس.: تحيط بالوادي كهوف جبال أكاكوس المصنفة كإرث عالمي للبشرية من قبل منظمة اليونسكو، نظراً لاحتوائها على نقوش ورسوم صخرية مذهلة لحيوانات وبشر تعود لأكثر من 12 ألف عام قبل الميلاد.&lt;/div&gt;&lt;/div&gt;&lt;/div&gt;</description><ExtendedData><Data name="atlas_id"><value>LY-AKAKUS-00038</value></Data><Data name="category"><value>طبيعي</value></Data><Data name="description"><value>يقع بقلب سلسلة جبال تادرارت أكاكوس التاريخية في جنوب غرب ليبيا، وتحديداً على بُعد حوالي 80 كيلومتراً جنوب بلدة العوينات القريبة من مدينة غات الأثرية.: يقع الوادي ضمن حدود الصحراء الكبرى في إقليم فزان، وهو من المسارات الرئيسية التي يسلكها السياح والمكتشفون أثناء جولات التخييم في أكاكوس.: تحيط بالوادي كهوف جبال أكاكوس المصنفة كإرث عالمي للبشرية من قبل منظمة اليونسكو، نظراً لاحتوائها على نقوش ورسوم صخرية مذهلة لحيوانات وبشر تعود لأكثر من 12 ألف عام قبل الميلاد.</value></Data><Data name="image_count"><value>0</value></Data><Data name="source_file"><value>اكاكوس.kml</value></Data><Data name="images_json"><value>[]</value></Data><Data name="atlas_id"><value>LY-AKAKUS-00038</value></Data><Data name="image_count"><value>0</value></Data><Data name="source_file"><value>اكاكوس.kml</value></Data><Data name="images_json"><value>[]</value></Data><Data name="atlas_id"><value>LY-AKA-000038</value></Data><Data name="layer_id"><value>akakus</value></Data><Data name="layer_name_ar"><value>أكاكوس</value></Data><Data name="layer_name_en"><value>Akakus</value></Data><Data name="name_ar"><value>وادي تلووات</value></Data><Data name="latitude"><value>24.966125</value></Data><Data name="longitude"><value>10.672206</value></Data><Data name="images_json"><value>[]</value></Data><Data name="image_count"><value>0</value></Data><Data name="source_file"><value>developed/akakus-developed.kml</value></Data><Data name="source_placemark_index"><value>38</value></Data><Data name="data_quality_status"><value>missing_media</value></Data></ExtendedData><Point><coordinates>10.672206,24.966125,0</coordinates></Point></Placemark><Placemark><name>وادي توجين</name><description>&lt;div class="atlas-popup" dir="rtl"&gt;&lt;h3&gt;وادي توجين&lt;/h3&gt;&lt;div class="atlas-popup-gallery"&gt;&lt;img src="https://mymaps.usercontent.google.com/hostedimage/m/*/3AAjQbR6ziEGGGPmu5G7sL5aiIZe3CrfUaA1e_qG2UOvL75SDVfW9d5V4f2OOJ4p1r4yunLG6gIB0iEan2GFgWqlqWHm8peL4x7n6Ir1v72Sw4M8l8Z9kvDWjCFYafvBfxDdZ4EDsl6vJorxdAKbhYvUzn9b3gW24jQmRqKiOdRPxVJ0W2WQBK36D-928OrlzwMSRsqhf3hlhNAS7ZMwOgca8Do_aasCEScLG3XcWvTGtBJja7KofpxKLAWrW-UM?authuser=1&amp;amp;fife=s16383" alt="وادي توجين" loading="lazy" class="atlas-popup-image"&gt;&lt;/div&gt;&lt;div class="atlas-popup-details"&gt;&lt;div&gt;&lt;strong&gt;التصنيف:&lt;/strong&gt; طبيعي&lt;/div&gt;&lt;div&gt;&lt;strong&gt;الوصف:&lt;/strong&gt; هو أحد الأودية الجغرافية البارزة في منطقة جبال تدرارت أكاكوس الواقعة في جنوب غرب ليبيا بالقرب من مدينة غات الأثرية. يحمل الوادي اسمًا يعود في أصوله اللغوية إلى الثقافة الأمازيغية المحسوبة على سكان المنطقة المحليين (الطوارق)، ويكتب بتيفيناغ تتميز المنطقة بتضاريسها الفريدة التي تجمع بين الكثبان الرملية الملونة، الأبراج والأقواس الصخرية الشاهقة، والأودية العميقة كما تصنف ضمن التراث العالمي الانساني لما تضمه من رسوم صخرية أشهرها العربات والخيول المقاتلة والحيوانات الضخمة التي تعيش بأماكن وفيرة المياه وخضراء&lt;/div&gt;&lt;/div&gt;&lt;/div&gt;</description><ExtendedData><Data name="atlas_id"><value>LY-AKAKUS-00039</value></Data><Data name="category"><value>طبيعي</value></Data><Data name="description"><value>هو أحد الأودية الجغرافية البارزة في منطقة جبال تدرارت أكاكوس الواقعة في جنوب غرب ليبيا بالقرب من مدينة غات الأثرية. يحمل الوادي اسمًا يعود في أصوله اللغوية إلى الثقافة الأمازيغية المحسوبة على سكان المنطقة المحليين (الطوارق)، ويكتب بتيفيناغ تتميز المنطقة بتضاريسها الفريدة التي تجمع بين الكثبان الرملية الملونة، الأبراج والأقواس الصخرية الشاهقة، والأودية العميقة كما تصنف ضمن التراث العالمي الانساني لما تضمه من رسوم صخرية أشهرها العربات والخيول المقاتلة والحيوانات الضخمة التي تعيش بأماكن وفيرة المياه وخضراء</value></Data><Data name="image_count"><value>1</value></Data><Data name="source_file"><value>اكاكوس.kml</value></Data><Data name="images_json"><value>["https://mymaps.usercontent.google.com/hostedimage/m/*/3AAjQbR6ziEGGGPmu5G7sL5aiIZe3CrfUaA1e_qG2UOvL75SDVfW9d5V4f2OOJ4p1r4yunLG6gIB0iEan2GFgWqlqWHm8peL4x7n6Ir1v72Sw4M8l8Z9kvDWjCFYafvBfxDdZ4EDsl6vJorxdAKbhYvUzn9b3gW24jQmRqKiOdRPxVJ0W2WQBK36D-928OrlzwMSRsqhf3hlhNAS7ZMwOgca8Do_aasCEScLG3XcWvTGtBJja7KofpxKLAWrW-UM?authuser=1&amp;fife=s16383"]</value></Data><Data name="atlas_id"><value>LY-AKAKUS-00039</value></Data><Data name="image_count"><value>1</value></Data><Data name="source_file"><value>اكاكوس.kml</value></Data><Data name="images_json"><value>["https://mymaps.usercontent.google.com/hostedimage/m/*/3AAjQbR6ziEGGGPmu5G7sL5aiIZe3CrfUaA1e_qG2UOvL75SDVfW9d5V4f2OOJ4p1r4yunLG6gIB0iEan2GFgWqlqWHm8peL4x7n6Ir1v72Sw4M8l8Z9kvDWjCFYafvBfxDdZ4EDsl6vJorxdAKbhYvUzn9b3gW24jQmRqKiOdRPxVJ0W2WQBK36D-928OrlzwMSRsqhf3hlhNAS7ZMwOgca8Do_aasCEScLG3XcWvTGtBJja7KofpxKLAWrW-UM?authuser=1&amp;fife=s16383"]</value></Data><Data name="atlas_id"><value>LY-AKA-000039</value></Data><Data name="layer_id"><value>akakus</value></Data><Data name="layer_name_ar"><value>أكاكوس</value></Data><Data name="layer_name_en"><value>Akakus</value></Data><Data name="name_ar"><value>وادي توجين</value></Data><Data name="latitude"><value>25.06071</value></Data><Data name="longitude"><value>10.83462</value></Data><Data name="images_json"><value>[&quot;https://mymaps.usercontent.google.com/hostedimage/m/*/3AAjQbR6ziEGGGPmu5G7sL5aiIZe3CrfUaA1e_qG2UOvL75SDVfW9d5V4f2OOJ4p1r4yunLG6gIB0iEan2GFgWqlqWHm8peL4x7n6Ir1v72Sw4M8l8Z9kvDWjCFYafvBfxDdZ4EDsl6vJorxdAKbhYvUzn9b3gW24jQmRqKiOdRPxVJ0W2WQBK36D-928OrlzwMSRsqhf3hlhNAS7ZMwOgca8Do_aasCEScLG3XcWvTGtBJja7KofpxKLAWrW-UM?authuser=1&amp;fife=s16383&quot;]</value></Data><Data name="image_count"><value>1</value></Data><Data name="source_file"><value>developed/akakus-developed.kml</value></Data><Data name="source_placemark_index"><value>39</value></Data><Data name="data_quality_status"><value>ok</value></Data></ExtendedData><Point><coordinates>10.83462,25.06071,0</coordinates></Point></Placemark><Placemark><name>وادي ايكومسين</name><description>&lt;div class="atlas-popup" dir="rtl"&gt;&lt;h3&gt;وادي ايكومسين&lt;/h3&gt;&lt;div class="atlas-popup-gallery"&gt;&lt;img src="https://mymaps.usercontent.google.com/hostedimage/m/*/3AAjQbR6IUZr2entVPEKlwMwFG4D7EeblaneZwti13fTSrWfLdatxx-cUNP3Sm2kGnI7KJUqdW_aueaZEDFA8AC5LyDgK4ykc5GpbFL588WAk01OqGMSKq-pGFxPDQO_8eSeIKD-_nv3Q1zL_ll-f_fgiRAZZr9hU0jo1OBiLZixYAPYUortnHvVg_3mDeubtzshTzDieKL730nWG1_Lgin7AHQi12w8sCu7UcxwweQIY1gyn_Lsli3SMBscG6Ok?authuser=1&amp;amp;fife=s16383" alt="وادي ايكومسين" loading="lazy" class="atlas-popup-image"&gt;&lt;/div&gt;&lt;div class="atlas-popup-details"&gt;&lt;div&gt;&lt;strong&gt;التصنيف:&lt;/strong&gt; طبيعي&lt;/div&gt;&lt;div&gt;&lt;strong&gt;الوصف:&lt;/strong&gt; أو وادي إيوان العجائب هو أحد أشهر الأودية السياحية والطبيعية الساحرة الواقعة في جبال أكاكوس (تدرارت أكاكوس) في أقصى الجنوب الغربي الليبي، بالقرب من مدينة غات الأثرية.بالرغم من وقوعه في قلب الصحراء الكبرى القاحلة، يضم الوادي بعض النباتات الصحراوية مثل &amp;quot;الكالوتروبيس&amp;quot; وممرات رملية ملونة تستهوي عشاق السفاري والمغامرات كما يحتوي الوادي والمنطقة المحيطة به على أعمدة صخرية ضخمة وأقواس حجرية طبيعية نحتتها الرياح عبر آلاف السنين.&lt;/div&gt;&lt;/div&gt;&lt;/div&gt;</description><ExtendedData><Data name="atlas_id"><value>LY-AKAKUS-00040</value></Data><Data name="category"><value>طبيعي</value></Data><Data name="description"><value>أو وادي إيوان العجائب هو أحد أشهر الأودية السياحية والطبيعية الساحرة الواقعة في جبال أكاكوس (تدرارت أكاكوس) في أقصى الجنوب الغربي الليبي، بالقرب من مدينة غات الأثرية.بالرغم من وقوعه في قلب الصحراء الكبرى القاحلة، يضم الوادي بعض النباتات الصحراوية مثل "الكالوتروبيس" وممرات رملية ملونة تستهوي عشاق السفاري والمغامرات كما يحتوي الوادي والمنطقة المحيطة به على أعمدة صخرية ضخمة وأقواس حجرية طبيعية نحتتها الرياح عبر آلاف السنين.</value></Data><Data name="image_count"><value>1</value></Data><Data name="source_file"><value>اكاكوس.kml</value></Data><Data name="images_json"><value>["https://mymaps.usercontent.google.com/hostedimage/m/*/3AAjQbR6IUZr2entVPEKlwMwFG4D7EeblaneZwti13fTSrWfLdatxx-cUNP3Sm2kGnI7KJUqdW_aueaZEDFA8AC5LyDgK4ykc5GpbFL588WAk01OqGMSKq-pGFxPDQO_8eSeIKD-_nv3Q1zL_ll-f_fgiRAZZr9hU0jo1OBiLZixYAPYUortnHvVg_3mDeubtzshTzDieKL730nWG1_Lgin7AHQi12w8sCu7UcxwweQIY1gyn_Lsli3SMBscG6Ok?authuser=1&amp;fife=s16383"]</value></Data><Data name="atlas_id"><value>LY-AKAKUS-00040</value></Data><Data name="image_count"><value>1</value></Data><Data name="source_file"><value>اكاكوس.kml</value></Data><Data name="images_json"><value>["https://mymaps.usercontent.google.com/hostedimage/m/*/3AAjQbR6IUZr2entVPEKlwMwFG4D7EeblaneZwti13fTSrWfLdatxx-cUNP3Sm2kGnI7KJUqdW_aueaZEDFA8AC5LyDgK4ykc5GpbFL588WAk01OqGMSKq-pGFxPDQO_8eSeIKD-_nv3Q1zL_ll-f_fgiRAZZr9hU0jo1OBiLZixYAPYUortnHvVg_3mDeubtzshTzDieKL730nWG1_Lgin7AHQi12w8sCu7UcxwweQIY1gyn_Lsli3SMBscG6Ok?authuser=1&amp;fife=s16383"]</value></Data><Data name="atlas_id"><value>LY-AKA-000040</value></Data><Data name="layer_id"><value>akakus</value></Data><Data name="layer_name_ar"><value>أكاكوس</value></Data><Data name="layer_name_en"><value>Akakus</value></Data><Data name="name_ar"><value>وادي ايكومسين</value></Data><Data name="latitude"><value>25.228639</value></Data><Data name="longitude"><value>10.695963</value></Data><Data name="images_json"><value>[&quot;https://mymaps.usercontent.google.com/hostedimage/m/*/3AAjQbR6IUZr2entVPEKlwMwFG4D7EeblaneZwti13fTSrWfLdatxx-cUNP3Sm2kGnI7KJUqdW_aueaZEDFA8AC5LyDgK4ykc5GpbFL588WAk01OqGMSKq-pGFxPDQO_8eSeIKD-_nv3Q1zL_ll-f_fgiRAZZr9hU0jo1OBiLZixYAPYUortnHvVg_3mDeubtzshTzDieKL730nWG1_Lgin7AHQi12w8sCu7UcxwweQIY1gyn_Lsli3SMBscG6Ok?authuser=1&amp;fife=s16383&quot;]</value></Data><Data name="image_count"><value>1</value></Data><Data name="source_file"><value>developed/akakus-developed.kml</value></Data><Data name="source_placemark_index"><value>40</value></Data><Data name="data_quality_status"><value>ok</value></Data></ExtendedData><Point><coordinates>10.695963,25.228639,0</coordinates></Point></Placemark><Placemark><name>وادي تيتا</name><description>&lt;div class="atlas-popup" dir="rtl"&gt;&lt;h3&gt;وادي تيتا&lt;/h3&gt;&lt;div class="atlas-popup-gallery"&gt;&lt;img src="https://mymaps.usercontent.google.com/hostedimage/m/*/3AAjQbR7sOTmRu7IlNmwQxG2TZsFUcQFVjKY9iooaN_SoxcTP2nXXnCtue0Ecw80wPjMYieHafrXY3lGqSHsLB6Mw1_z8j5wzWamLSuVx5Vu3hA2Vl_Jq2daM2843RPSNb3l2yFdrvlE2M1VoomZkvbVEsOoxxn06pLITHe5vmW1BASEpvPTlHYF3bLr34i-vjNgT0bkloOIkJO1UTo04TcbfZqHy9PllpWobi8jcr9OTNTO4E0UzAcXcYVyeoQ0?authuser=1&amp;amp;fife=s16383" alt="وادي تيتا" loading="lazy" class="atlas-popup-image"&gt;&lt;/div&gt;&lt;div class="atlas-popup-details"&gt;&lt;div&gt;&lt;strong&gt;التصنيف:&lt;/strong&gt; طبيعي&lt;/div&gt;&lt;div&gt;&lt;strong&gt;الوصف:&lt;/strong&gt; (المعروف أيضاً في بعض المسارات السياحية بـ تيتغسين) هو أحد الأودية الساحرة الواقعة في جبال أكاكوس (تدرارت أكاكوس) في أقصى الجنوب الغربي الليبي بالقرب من مدينة غات الأثرية. يُعد هذا الوادي جزءاً من محمية أكاكوس الطبيعية والتاريخية المدرجة على قائمة التراث العالمي لليونسكو منذ عام 1985.التكوينات الصخرية: يتميز الوادي بأعمدته الحجرية الشاهقة وأقواسه الطبيعية التي نحتتها الرياح عبر ملايين السنين.الفن الصخري القديم: يضم الوادي والمناطق المحيطة به كهوفاً وملاذات صخرية تحتوي على نقوش ورسومات ملونة تعود لفترة ما قبل التاريخ (من 12,000 ق.م إلى 100 م).الحياة البرية البدائية: توثق اللوحات الجدارية في المنطقة العصور الرطبة القديمة للصحراء، حيث تظهر رسومات لحيوانات مثل الزرافات، الفيلة، والنعام&lt;/div&gt;&lt;/div&gt;&lt;/div&gt;</description><ExtendedData><Data name="atlas_id"><value>LY-AKAKUS-00041</value></Data><Data name="category"><value>طبيعي</value></Data><Data name="description"><value>(المعروف أيضاً في بعض المسارات السياحية بـ تيتغسين) هو أحد الأودية الساحرة الواقعة في جبال أكاكوس (تدرارت أكاكوس) في أقصى الجنوب الغربي الليبي بالقرب من مدينة غات الأثرية. يُعد هذا الوادي جزءاً من محمية أكاكوس الطبيعية والتاريخية المدرجة على قائمة التراث العالمي لليونسكو منذ عام 1985.التكوينات الصخرية: يتميز الوادي بأعمدته الحجرية الشاهقة وأقواسه الطبيعية التي نحتتها الرياح عبر ملايين السنين.الفن الصخري القديم: يضم الوادي والمناطق المحيطة به كهوفاً وملاذات صخرية تحتوي على نقوش ورسومات ملونة تعود لفترة ما قبل التاريخ (من 12,000 ق.م إلى 100 م).الحياة البرية البدائية: توثق اللوحات الجدارية في المنطقة العصور الرطبة القديمة للصحراء، حيث تظهر رسومات لحيوانات مثل الزرافات، الفيلة، والنعام</value></Data><Data name="image_count"><value>1</value></Data><Data name="source_file"><value>اكاكوس.kml</value></Data><Data name="images_json"><value>["https://mymaps.usercontent.google.com/hostedimage/m/*/3AAjQbR7sOTmRu7IlNmwQxG2TZsFUcQFVjKY9iooaN_SoxcTP2nXXnCtue0Ecw80wPjMYieHafrXY3lGqSHsLB6Mw1_z8j5wzWamLSuVx5Vu3hA2Vl_Jq2daM2843RPSNb3l2yFdrvlE2M1VoomZkvbVEsOoxxn06pLITHe5vmW1BASEpvPTlHYF3bLr34i-vjNgT0bkloOIkJO1UTo04TcbfZqHy9PllpWobi8jcr9OTNTO4E0UzAcXcYVyeoQ0?authuser=1&amp;fife=s16383"]</value></Data><Data name="atlas_id"><value>LY-AKAKUS-00041</value></Data><Data name="image_count"><value>1</value></Data><Data name="source_file"><value>اكاكوس.kml</value></Data><Data name="images_json"><value>["https://mymaps.usercontent.google.com/hostedimage/m/*/3AAjQbR7sOTmRu7IlNmwQxG2TZsFUcQFVjKY9iooaN_SoxcTP2nXXnCtue0Ecw80wPjMYieHafrXY3lGqSHsLB6Mw1_z8j5wzWamLSuVx5Vu3hA2Vl_Jq2daM2843RPSNb3l2yFdrvlE2M1VoomZkvbVEsOoxxn06pLITHe5vmW1BASEpvPTlHYF3bLr34i-vjNgT0bkloOIkJO1UTo04TcbfZqHy9PllpWobi8jcr9OTNTO4E0UzAcXcYVyeoQ0?authuser=1&amp;fife=s16383"]</value></Data><Data name="atlas_id"><value>LY-AKA-000041</value></Data><Data name="layer_id"><value>akakus</value></Data><Data name="layer_name_ar"><value>أكاكوس</value></Data><Data name="layer_name_en"><value>Akakus</value></Data><Data name="name_ar"><value>وادي تيتا</value></Data><Data name="latitude"><value>24.85867</value></Data><Data name="longitude"><value>10.93085</value></Data><Data name="images_json"><value>[&quot;https://mymaps.usercontent.google.com/hostedimage/m/*/3AAjQbR7sOTmRu7IlNmwQxG2TZsFUcQFVjKY9iooaN_SoxcTP2nXXnCtue0Ecw80wPjMYieHafrXY3lGqSHsLB6Mw1_z8j5wzWamLSuVx5Vu3hA2Vl_Jq2daM2843RPSNb3l2yFdrvlE2M1VoomZkvbVEsOoxxn06pLITHe5vmW1BASEpvPTlHYF3bLr34i-vjNgT0bkloOIkJO1UTo04TcbfZqHy9PllpWobi8jcr9OTNTO4E0UzAcXcYVyeoQ0?authuser=1&amp;fife=s16383&quot;]</value></Data><Data name="image_count"><value>1</value></Data><Data name="source_file"><value>developed/akakus-developed.kml</value></Data><Data name="source_placemark_index"><value>41</value></Data><Data name="data_quality_status"><value>ok</value></Data></ExtendedData><Point><coordinates>10.93085,24.85867,0</coordinates></Point></Placemark><Placemark><name>وادي أورزاق</name><description>&lt;div class="atlas-popup" dir="rtl"&gt;&lt;h3&gt;وادي أورزاق&lt;/h3&gt;&lt;div class="atlas-popup-gallery"&gt;&lt;/div&gt;&lt;div class="atlas-popup-details"&gt;&lt;div&gt;&lt;strong&gt;الوصف:&lt;/strong&gt; الاسم باللغة الانجليزية: التصنيف: الوصف: X_COORD: 10.49755 Y: 24.56726&lt;/div&gt;&lt;/div&gt;&lt;/div&gt;</description><ExtendedData><Data name="atlas_id"><value>LY-AKAKUS-00042</value></Data><Data name="description"><value>الاسم باللغة الانجليزية: التصنيف: الوصف: X_COORD: 10.49755 Y: 24.56726</value></Data><Data name="image_count"><value>0</value></Data><Data name="source_file"><value>اكاكوس.kml</value></Data><Data name="images_json"><value>[]</value></Data><Data name="atlas_id"><value>LY-AKAKUS-00042</value></Data><Data name="image_count"><value>0</value></Data><Data name="source_file"><value>اكاكوس.kml</value></Data><Data name="images_json"><value>[]</value></Data><Data name="atlas_id"><value>LY-AKA-000042</value></Data><Data name="layer_id"><value>akakus</value></Data><Data name="layer_name_ar"><value>أكاكوس</value></Data><Data name="layer_name_en"><value>Akakus</value></Data><Data name="name_ar"><value>وادي أورزاق</value></Data><Data name="latitude"><value>24.56726</value></Data><Data name="longitude"><value>10.49755</value></Data><Data name="images_json"><value>[]</value></Data><Data name="image_count"><value>0</value></Data><Data name="source_file"><value>developed/akakus-developed.kml</value></Data><Data name="source_placemark_index"><value>42</value></Data><Data name="data_quality_status"><value>missing_media</value></Data></ExtendedData><Point><coordinates>10.49755,24.56726,0</coordinates></Point></Placemark><Placemark><name>وادي تخرخوري</name><description>&lt;div class="atlas-popup" dir="rtl"&gt;&lt;h3&gt;وادي تخرخوري&lt;/h3&gt;&lt;div class="atlas-popup-gallery"&gt;&lt;img src="https://mymaps.usercontent.google.com/hostedimage/m/*/3AAjQbR4tTybtW_ktm4jIwGapAoWgkAxEbqQYDTs_DwfSDcSUe2uA031MbBzoyVdLaNQcLDyQ4-M0iDdtcFZH9CHKA-Rdq84jolTIPV-BJgQ9cxDxl5NgTpp9J4c-6d99LfhNPhzen0ejWXtplq9ckeAeDtDIj6o06189-YWP53qgnmrf6Sqa40gg-doj9SZfWZnjc0E_peWvoFz-S13R3kk8rJ3yFCFIfjAlU7PO4p9U6MpGrixicmfzB_GSlkM?authuser=1&amp;amp;fife=s16383" alt="وادي تخرخوري" loading="lazy" class="atlas-popup-image"&gt;&lt;img src="https://mymaps.usercontent.google.com/hostedimage/m/*/3AAjQbR5fo87ABY6ZoIXPRhipGgowAv3nbZ6Au3YC4WNhhQpvhQbF2uKes9lwrr5yR4jRMvaHoWueYegyU-lDnUTmVnj6X77D2d46ju0Pl1bUJY6h5R58F1joDZi21VHCMl3kxUmhCDgxnXVA9pVZY1jIKf_cHARo2zmKqVJKhUs9KYHXSpjNdUf_QKI7utbcNgT_x54rGs4_5myr9zIKf8TsutzHm0qZLvUZq8eym9oCY1TnJsIxUPV9CL1PlgQ?authuser=1&amp;amp;fife=s16383" alt="وادي تخرخوري" loading="lazy" class="atlas-popup-image"&gt;&lt;/div&gt;&lt;div class="atlas-popup-details"&gt;&lt;div&gt;&lt;strong&gt;التصنيف:&lt;/strong&gt; طبيعي&lt;/div&gt;&lt;div&gt;&lt;strong&gt;الوصف:&lt;/strong&gt; أحد أبرز الأودية الساحرة والمداخل الطبيعية المؤدية إلى جبال أكاكوس (تدرارت أكاكوس) الواقعة في أقصى الجنوب الغربي لبلدنا ليبيا بالقرب من مدينة غات الأثرية، يحظى هذا الوادي بأهمية تاريخية وجغرافية استثنائية لعدة أسباب أهمها اكتشاف مومياء تخرخوري:عام 2004 ع لامرأة عاشت قبل حوالي 7000 عام (العصر الحجري الحديث)، وحُفظت بفعل جفاف الطبيعة. وقد عادت مؤخراً إلى ليبيا لعرضها في المتحف الوطني بعد رحلة صيانة علمية دقيقة في إيطاليا.&lt;/div&gt;&lt;/div&gt;&lt;/div&gt;</description><ExtendedData><Data name="atlas_id"><value>LY-AKAKUS-00043</value></Data><Data name="category"><value>طبيعي</value></Data><Data name="description"><value>أحد أبرز الأودية الساحرة والمداخل الطبيعية المؤدية إلى جبال أكاكوس (تدرارت أكاكوس) الواقعة في أقصى الجنوب الغربي لبلدنا ليبيا بالقرب من مدينة غات الأثرية، يحظى هذا الوادي بأهمية تاريخية وجغرافية استثنائية لعدة أسباب أهمها اكتشاف مومياء تخرخوري:عام 2004 ع لامرأة عاشت قبل حوالي 7000 عام (العصر الحجري الحديث)، وحُفظت بفعل جفاف الطبيعة. وقد عادت مؤخراً إلى ليبيا لعرضها في المتحف الوطني بعد رحلة صيانة علمية دقيقة في إيطاليا.</value></Data><Data name="image_count"><value>2</value></Data><Data name="source_file"><value>اكاكوس.kml</value></Data><Data name="images_json"><value>["https://mymaps.usercontent.google.com/hostedimage/m/*/3AAjQbR4tTybtW_ktm4jIwGapAoWgkAxEbqQYDTs_DwfSDcSUe2uA031MbBzoyVdLaNQcLDyQ4-M0iDdtcFZH9CHKA-Rdq84jolTIPV-BJgQ9cxDxl5NgTpp9J4c-6d99LfhNPhzen0ejWXtplq9ckeAeDtDIj6o06189-YWP53qgnmrf6Sqa40gg-doj9SZfWZnjc0E_peWvoFz-S13R3kk8rJ3yFCFIfjAlU7PO4p9U6MpGrixicmfzB_GSlkM?authuser=1&amp;fife=s16383", "https://mymaps.usercontent.google.com/hostedimage/m/*/3AAjQbR5fo87ABY6ZoIXPRhipGgowAv3nbZ6Au3YC4WNhhQpvhQbF2uKes9lwrr5yR4jRMvaHoWueYegyU-lDnUTmVnj6X77D2d46ju0Pl1bUJY6h5R58F1joDZi21VHCMl3kxUmhCDgxnXVA9pVZY1jIKf_cHARo2zmKqVJKhUs9KYHXSpjNdUf_QKI7utbcNgT_x54rGs4_5myr9zIKf8TsutzHm0qZLvUZq8eym9oCY1TnJsIxUPV9CL1PlgQ?authuser=1&amp;fife=s16383"]</value></Data><Data name="atlas_id"><value>LY-AKAKUS-00043</value></Data><Data name="image_count"><value>2</value></Data><Data name="source_file"><value>اكاكوس.kml</value></Data><Data name="images_json"><value>["https://mymaps.usercontent.google.com/hostedimage/m/*/3AAjQbR4tTybtW_ktm4jIwGapAoWgkAxEbqQYDTs_DwfSDcSUe2uA031MbBzoyVdLaNQcLDyQ4-M0iDdtcFZH9CHKA-Rdq84jolTIPV-BJgQ9cxDxl5NgTpp9J4c-6d99LfhNPhzen0ejWXtplq9ckeAeDtDIj6o06189-YWP53qgnmrf6Sqa40gg-doj9SZfWZnjc0E_peWvoFz-S13R3kk8rJ3yFCFIfjAlU7PO4p9U6MpGrixicmfzB_GSlkM?authuser=1&amp;fife=s16383", "https://mymaps.usercontent.google.com/hostedimage/m/*/3AAjQbR5fo87ABY6ZoIXPRhipGgowAv3nbZ6Au3YC4WNhhQpvhQbF2uKes9lwrr5yR4jRMvaHoWueYegyU-lDnUTmVnj6X77D2d46ju0Pl1bUJY6h5R58F1joDZi21VHCMl3kxUmhCDgxnXVA9pVZY1jIKf_cHARo2zmKqVJKhUs9KYHXSpjNdUf_QKI7utbcNgT_x54rGs4_5myr9zIKf8TsutzHm0qZLvUZq8eym9oCY1TnJsIxUPV9CL1PlgQ?authuser=1&amp;fife=s16383"]</value></Data><Data name="atlas_id"><value>LY-AKA-000043</value></Data><Data name="layer_id"><value>akakus</value></Data><Data name="layer_name_ar"><value>أكاكوس</value></Data><Data name="layer_name_en"><value>Akakus</value></Data><Data name="name_ar"><value>وادي تخرخوري</value></Data><Data name="latitude"><value>24.535272</value></Data><Data name="longitude"><value>10.420415</value></Data><Data name="images_json"><value>[&quot;https://mymaps.usercontent.google.com/hostedimage/m/*/3AAjQbR4tTybtW_ktm4jIwGapAoWgkAxEbqQYDTs_DwfSDcSUe2uA031MbBzoyVdLaNQcLDyQ4-M0iDdtcFZH9CHKA-Rdq84jolTIPV-BJgQ9cxDxl5NgTpp9J4c-6d99LfhNPhzen0ejWXtplq9ckeAeDtDIj6o06189-YWP53qgnmrf6Sqa40gg-doj9SZfWZnjc0E_peWvoFz-S13R3kk8rJ3yFCFIfjAlU7PO4p9U6MpGrixicmfzB_GSlkM?authuser=1&amp;fife=s16383&quot;,&quot;https://mymaps.usercontent.google.com/hostedimage/m/*/3AAjQbR5fo87ABY6ZoIXPRhipGgowAv3nbZ6Au3YC4WNhhQpvhQbF2uKes9lwrr5yR4jRMvaHoWueYegyU-lDnUTmVnj6X77D2d46ju0Pl1bUJY6h5R58F1joDZi21VHCMl3kxUmhCDgxnXVA9pVZY1jIKf_cHARo2zmKqVJKhUs9KYHXSpjNdUf_QKI7utbcNgT_x54rGs4_5myr9zIKf8TsutzHm0qZLvUZq8eym9oCY1TnJsIxUPV9CL1PlgQ?authuser=1&amp;fife=s16383&quot;]</value></Data><Data name="image_count"><value>2</value></Data><Data name="source_file"><value>developed/akakus-developed.kml</value></Data><Data name="source_placemark_index"><value>43</value></Data><Data name="data_quality_status"><value>ok</value></Data></ExtendedData><Point><coordinates>10.420415,24.535272,0</coordinates></Point></Placemark><Placemark><name>وادي ابهوها</name><description>&lt;div class="atlas-popup" dir="rtl"&gt;&lt;h3&gt;وادي ابهوها&lt;/h3&gt;&lt;div class="atlas-popup-gallery"&gt;&lt;/div&gt;&lt;div class="atlas-popup-details"&gt;&lt;div&gt;&lt;strong&gt;الوصف:&lt;/strong&gt; الاسم باللغة الانجليزية: التصنيف: الوصف: X_COORD: 11.16967 Y: 25.11614&lt;/div&gt;&lt;/div&gt;&lt;/div&gt;</description><ExtendedData><Data name="atlas_id"><value>LY-AKAKUS-00044</value></Data><Data name="description"><value>الاسم باللغة الانجليزية: التصنيف: الوصف: X_COORD: 11.16967 Y: 25.11614</value></Data><Data name="image_count"><value>0</value></Data><Data name="source_file"><value>اكاكوس.kml</value></Data><Data name="images_json"><value>[]</value></Data><Data name="atlas_id"><value>LY-AKAKUS-00044</value></Data><Data name="image_count"><value>0</value></Data><Data name="source_file"><value>اكاكوس.kml</value></Data><Data name="images_json"><value>[]</value></Data><Data name="atlas_id"><value>LY-AKA-000044</value></Data><Data name="layer_id"><value>akakus</value></Data><Data name="layer_name_ar"><value>أكاكوس</value></Data><Data name="layer_name_en"><value>Akakus</value></Data><Data name="name_ar"><value>وادي ابهوها</value></Data><Data name="latitude"><value>25.11614</value></Data><Data name="longitude"><value>11.16967</value></Data><Data name="images_json"><value>[]</value></Data><Data name="image_count"><value>0</value></Data><Data name="source_file"><value>developed/akakus-developed.kml</value></Data><Data name="source_placemark_index"><value>44</value></Data><Data name="data_quality_status"><value>missing_media</value></Data></ExtendedData><Point><coordinates>11.16967,25.11614,0</coordinates></Point></Placemark><Placemark><name>تين أوينين</name><description>&lt;div class="atlas-popup" dir="rtl"&gt;&lt;h3&gt;تين أوينين&lt;/h3&gt;&lt;div class="atlas-popup-gallery"&gt;&lt;/div&gt;&lt;div class="atlas-popup-details"&gt;&lt;div&gt;&lt;strong&gt;الوصف:&lt;/strong&gt; الاسم باللغة الانجليزية: التصنيف: الوصف: X_COORD: 10.5414347 Y: 24.9547643&lt;/div&gt;&lt;/div&gt;&lt;/div&gt;</description><ExtendedData><Data name="atlas_id"><value>LY-AKAKUS-00045</value></Data><Data name="description"><value>الاسم باللغة الانجليزية: التصنيف: الوصف: X_COORD: 10.5414347 Y: 24.9547643</value></Data><Data name="image_count"><value>0</value></Data><Data name="source_file"><value>اكاكوس.kml</value></Data><Data name="images_json"><value>[]</value></Data><Data name="atlas_id"><value>LY-AKAKUS-00045</value></Data><Data name="image_count"><value>0</value></Data><Data name="source_file"><value>اكاكوس.kml</value></Data><Data name="images_json"><value>[]</value></Data><Data name="atlas_id"><value>LY-AKA-000045</value></Data><Data name="layer_id"><value>akakus</value></Data><Data name="layer_name_ar"><value>أكاكوس</value></Data><Data name="layer_name_en"><value>Akakus</value></Data><Data name="name_ar"><value>تين أوينين</value></Data><Data name="latitude"><value>24.954764</value></Data><Data name="longitude"><value>10.541435</value></Data><Data name="images_json"><value>[]</value></Data><Data name="image_count"><value>0</value></Data><Data name="source_file"><value>developed/akakus-developed.kml</value></Data><Data name="source_placemark_index"><value>45</value></Data><Data name="data_quality_status"><value>missing_media</value></Data></ExtendedData><Point><coordinates>10.541435,24.954764,0</coordinates></Point></Placemark><Placemark><name>وادي سوقد</name><description>&lt;div class="atlas-popup" dir="rtl"&gt;&lt;h3&gt;وادي سوقد&lt;/h3&gt;&lt;div class="atlas-popup-gallery"&gt;&lt;/div&gt;&lt;div class="atlas-popup-details"&gt;&lt;div&gt;&lt;strong&gt;الوصف:&lt;/strong&gt; الاسم باللغة الانجليزية: التصنيف: الوصف: X_COORD: 10.6745784 Y: 25.2000223&lt;/div&gt;&lt;/div&gt;&lt;/div&gt;</description><ExtendedData><Data name="atlas_id"><value>LY-AKAKUS-00046</value></Data><Data name="description"><value>الاسم باللغة الانجليزية: التصنيف: الوصف: X_COORD: 10.6745784 Y: 25.2000223</value></Data><Data name="image_count"><value>0</value></Data><Data name="source_file"><value>اكاكوس.kml</value></Data><Data name="images_json"><value>[]</value></Data><Data name="atlas_id"><value>LY-AKAKUS-00046</value></Data><Data name="image_count"><value>0</value></Data><Data name="source_file"><value>اكاكوس.kml</value></Data><Data name="images_json"><value>[]</value></Data><Data name="atlas_id"><value>LY-AKA-000046</value></Data><Data name="layer_id"><value>akakus</value></Data><Data name="layer_name_ar"><value>أكاكوس</value></Data><Data name="layer_name_en"><value>Akakus</value></Data><Data name="name_ar"><value>وادي سوقد</value></Data><Data name="latitude"><value>25.200022</value></Data><Data name="longitude"><value>10.674578</value></Data><Data name="images_json"><value>[]</value></Data><Data name="image_count"><value>0</value></Data><Data name="source_file"><value>developed/akakus-developed.kml</value></Data><Data name="source_placemark_index"><value>46</value></Data><Data name="data_quality_status"><value>missing_media</value></Data></ExtendedData><Point><coordinates>10.674578,25.200022,0</coordinates></Point></Placemark><Placemark><name>وادي تسبا</name><description>&lt;div class="atlas-popup" dir="rtl"&gt;&lt;h3&gt;وادي تسبا&lt;/h3&gt;&lt;div class="atlas-popup-gallery"&gt;&lt;/div&gt;&lt;div class="atlas-popup-details"&gt;&lt;div&gt;&lt;strong&gt;الوصف:&lt;/strong&gt; الاسم باللغة الانجليزية: التصنيف: الوصف: X_COORD: 10.471202 Y: 25.2966347&lt;/div&gt;&lt;/div&gt;&lt;/div&gt;</description><ExtendedData><Data name="atlas_id"><value>LY-AKAKUS-00047</value></Data><Data name="description"><value>الاسم باللغة الانجليزية: التصنيف: الوصف: X_COORD: 10.471202 Y: 25.2966347</value></Data><Data name="image_count"><value>0</value></Data><Data name="source_file"><value>اكاكوس.kml</value></Data><Data name="images_json"><value>[]</value></Data><Data name="atlas_id"><value>LY-AKAKUS-00047</value></Data><Data name="image_count"><value>0</value></Data><Data name="source_file"><value>اكاكوس.kml</value></Data><Data name="images_json"><value>[]</value></Data><Data name="atlas_id"><value>LY-AKA-000047</value></Data><Data name="layer_id"><value>akakus</value></Data><Data name="layer_name_ar"><value>أكاكوس</value></Data><Data name="layer_name_en"><value>Akakus</value></Data><Data name="name_ar"><value>وادي تسبا</value></Data><Data name="latitude"><value>25.296635</value></Data><Data name="longitude"><value>10.471202</value></Data><Data name="images_json"><value>[]</value></Data><Data name="image_count"><value>0</value></Data><Data name="source_file"><value>developed/akakus-developed.kml</value></Data><Data name="source_placemark_index"><value>47</value></Data><Data name="data_quality_status"><value>missing_media</value></Data></ExtendedData><Point><coordinates>10.471202,25.296635,0</coordinates></Point></Placemark><Placemark><name>وادي أنشال</name><description>&lt;div class="atlas-popup" dir="rtl"&gt;&lt;h3&gt;وادي أنشال&lt;/h3&gt;&lt;div class="atlas-popup-gallery"&gt;&lt;/div&gt;&lt;div class="atlas-popup-details"&gt;&lt;div&gt;&lt;strong&gt;الوصف:&lt;/strong&gt; الاسم باللغة الانجليزية: التصنيف: الوصف: X_COORD: 10.59408 Y: 24.91477&lt;/div&gt;&lt;/div&gt;&lt;/div&gt;</description><ExtendedData><Data name="atlas_id"><value>LY-AKAKUS-00048</value></Data><Data name="description"><value>الاسم باللغة الانجليزية: التصنيف: الوصف: X_COORD: 10.59408 Y: 24.91477</value></Data><Data name="image_count"><value>0</value></Data><Data name="source_file"><value>اكاكوس.kml</value></Data><Data name="images_json"><value>[]</value></Data><Data name="atlas_id"><value>LY-AKAKUS-00048</value></Data><Data name="image_count"><value>0</value></Data><Data name="source_file"><value>اكاكوس.kml</value></Data><Data name="images_json"><value>[]</value></Data><Data name="atlas_id"><value>LY-AKA-000048</value></Data><Data name="layer_id"><value>akakus</value></Data><Data name="layer_name_ar"><value>أكاكوس</value></Data><Data name="layer_name_en"><value>Akakus</value></Data><Data name="name_ar"><value>وادي أنشال</value></Data><Data name="latitude"><value>24.91477</value></Data><Data name="longitude"><value>10.59408</value></Data><Data name="images_json"><value>[]</value></Data><Data name="image_count"><value>0</value></Data><Data name="source_file"><value>developed/akakus-developed.kml</value></Data><Data name="source_placemark_index"><value>48</value></Data><Data name="data_quality_status"><value>missing_media</value></Data></ExtendedData><Point><coordinates>10.59408,24.91477,0</coordinates></Point></Placemark><Placemark><name>تين لالان</name><description>&lt;div class="atlas-popup" dir="rtl"&gt;&lt;h3&gt;تين لالان&lt;/h3&gt;&lt;div class="atlas-popup-gallery"&gt;&lt;img src="https://mymaps.usercontent.google.com/hostedimage/m/*/3AAjQbR4zHEJqDAcUMb2-eX3iqpNbk3oSWnEGq5-9dA1pPj8lYarp0mIkBFu6pOGiJkfuIn9maWLgQdwCLKMjs4Sj-iNqhuoOVCLVnvAlrZX6FsL1-Tmuk8WXxLLrgAmbEbsQWcSgXfUfJlPQxaT4cR2FML0HFt7X8HmbJT9aB9v3bmLj0a_7XfVyoZAFPib4s9QcJe6W2pdgiRN5vJzttPjBcyti9WNbX_bujYfHfyP00YbQuLBZzdmun8UnjG0?authuser=1&amp;amp;fife=s16383" alt="تين لالان" loading="lazy" class="atlas-popup-image"&gt;&lt;/div&gt;&lt;div class="atlas-popup-details"&gt;&lt;div&gt;&lt;strong&gt;التصنيف:&lt;/strong&gt; طبيعي&lt;/div&gt;&lt;div&gt;&lt;strong&gt;الوصف:&lt;/strong&gt; تدرارت أكاكوس في أقصى الجنوب الغربي لليبيا. يقع الموقع في منطقة صحراوية نائية تبعد حوالي 100 كيلومتر شرق مدينة غات.يُعرف &amp;quot;تيلالان&amp;quot; بشكل رئيسي بكونه موقعاً عالمياً بارزاً ضمن محمية أكاكوس الطبيعية التي أدرجتها منظمة اليونسكو (UNESCO) على قائمة التراث العالمي في عام 1985 • فنون ما قبل التاريخ: يضم الموقع ملجأ صخرياً شهيراً (Rock Shelter) يحتوي على أقدم المراكز الفنية في شمال إفريقيا والعالم العربي. • النقوش واللوحات: تحتضن جدران الموقع لوحات مرسومة ونقوشاً صخرية يعود تاريخ بعضها إلى ما بين 12,000 إلى 21,000 عام، وهي تصور حيوانات كانت تعيش في المنطقة عندما كانت عبارة عن سافانا خضراء (مثل الفيلة، الزرافات، والنعام)، إلى جانب مشاهد لحياة الإنسان القديم&lt;/div&gt;&lt;/div&gt;&lt;/div&gt;</description><ExtendedData><Data name="atlas_id"><value>LY-AKAKUS-00049</value></Data><Data name="category"><value>طبيعي</value></Data><Data name="description"><value>تدرارت أكاكوس في أقصى الجنوب الغربي لليبيا. يقع الموقع في منطقة صحراوية نائية تبعد حوالي 100 كيلومتر شرق مدينة غات.يُعرف "تيلالان" بشكل رئيسي بكونه موقعاً عالمياً بارزاً ضمن محمية أكاكوس الطبيعية التي أدرجتها منظمة اليونسكو (UNESCO) على قائمة التراث العالمي في عام 1985 • فنون ما قبل التاريخ: يضم الموقع ملجأ صخرياً شهيراً (Rock Shelter) يحتوي على أقدم المراكز الفنية في شمال إفريقيا والعالم العربي. • النقوش واللوحات: تحتضن جدران الموقع لوحات مرسومة ونقوشاً صخرية يعود تاريخ بعضها إلى ما بين 12,000 إلى 21,000 عام، وهي تصور حيوانات كانت تعيش في المنطقة عندما كانت عبارة عن سافانا خضراء (مثل الفيلة، الزرافات، والنعام)، إلى جانب مشاهد لحياة الإنسان القديم</value></Data><Data name="image_count"><value>1</value></Data><Data name="source_file"><value>اكاكوس.kml</value></Data><Data name="images_json"><value>["https://mymaps.usercontent.google.com/hostedimage/m/*/3AAjQbR4zHEJqDAcUMb2-eX3iqpNbk3oSWnEGq5-9dA1pPj8lYarp0mIkBFu6pOGiJkfuIn9maWLgQdwCLKMjs4Sj-iNqhuoOVCLVnvAlrZX6FsL1-Tmuk8WXxLLrgAmbEbsQWcSgXfUfJlPQxaT4cR2FML0HFt7X8HmbJT9aB9v3bmLj0a_7XfVyoZAFPib4s9QcJe6W2pdgiRN5vJzttPjBcyti9WNbX_bujYfHfyP00YbQuLBZzdmun8UnjG0?authuser=1&amp;fife=s16383"]</value></Data><Data name="atlas_id"><value>LY-AKAKUS-00049</value></Data><Data name="image_count"><value>1</value></Data><Data name="source_file"><value>اكاكوس.kml</value></Data><Data name="images_json"><value>["https://mymaps.usercontent.google.com/hostedimage/m/*/3AAjQbR4zHEJqDAcUMb2-eX3iqpNbk3oSWnEGq5-9dA1pPj8lYarp0mIkBFu6pOGiJkfuIn9maWLgQdwCLKMjs4Sj-iNqhuoOVCLVnvAlrZX6FsL1-Tmuk8WXxLLrgAmbEbsQWcSgXfUfJlPQxaT4cR2FML0HFt7X8HmbJT9aB9v3bmLj0a_7XfVyoZAFPib4s9QcJe6W2pdgiRN5vJzttPjBcyti9WNbX_bujYfHfyP00YbQuLBZzdmun8UnjG0?authuser=1&amp;fife=s16383"]</value></Data><Data name="atlas_id"><value>LY-AKA-000049</value></Data><Data name="layer_id"><value>akakus</value></Data><Data name="layer_name_ar"><value>أكاكوس</value></Data><Data name="layer_name_en"><value>Akakus</value></Data><Data name="name_ar"><value>تين لالان</value></Data><Data name="latitude"><value>24.981246</value></Data><Data name="longitude"><value>10.480439</value></Data><Data name="images_json"><value>[&quot;https://mymaps.usercontent.google.com/hostedimage/m/*/3AAjQbR4zHEJqDAcUMb2-eX3iqpNbk3oSWnEGq5-9dA1pPj8lYarp0mIkBFu6pOGiJkfuIn9maWLgQdwCLKMjs4Sj-iNqhuoOVCLVnvAlrZX6FsL1-Tmuk8WXxLLrgAmbEbsQWcSgXfUfJlPQxaT4cR2FML0HFt7X8HmbJT9aB9v3bmLj0a_7XfVyoZAFPib4s9QcJe6W2pdgiRN5vJzttPjBcyti9WNbX_bujYfHfyP00YbQuLBZzdmun8UnjG0?authuser=1&amp;fife=s16383&quot;]</value></Data><Data name="image_count"><value>1</value></Data><Data name="source_file"><value>developed/akakus-developed.kml</value></Data><Data name="source_placemark_index"><value>49</value></Data><Data name="data_quality_status"><value>ok</value></Data></ExtendedData><Point><coordinates>10.480439,24.981246,0</coordinates></Point></Placemark><Placemark><name>وادي ارلالان</name><description>&lt;div class="atlas-popup" dir="rtl"&gt;&lt;h3&gt;وادي ارلالان&lt;/h3&gt;&lt;div class="atlas-popup-gallery"&gt;&lt;/div&gt;&lt;div class="atlas-popup-details"&gt;&lt;div&gt;&lt;strong&gt;الوصف:&lt;/strong&gt; الاسم باللغة الانجليزية: التصنيف: الوصف: X_COORD: 10.43283 Y: 25.56951&lt;/div&gt;&lt;/div&gt;&lt;/div&gt;</description><ExtendedData><Data name="atlas_id"><value>LY-AKAKUS-00050</value></Data><Data name="description"><value>الاسم باللغة الانجليزية: التصنيف: الوصف: X_COORD: 10.43283 Y: 25.56951</value></Data><Data name="image_count"><value>0</value></Data><Data name="source_file"><value>اكاكوس.kml</value></Data><Data name="images_json"><value>[]</value></Data><Data name="atlas_id"><value>LY-AKAKUS-00050</value></Data><Data name="image_count"><value>0</value></Data><Data name="source_file"><value>اكاكوس.kml</value></Data><Data name="images_json"><value>[]</value></Data><Data name="atlas_id"><value>LY-AKA-000050</value></Data><Data name="layer_id"><value>akakus</value></Data><Data name="layer_name_ar"><value>أكاكوس</value></Data><Data name="layer_name_en"><value>Akakus</value></Data><Data name="name_ar"><value>وادي ارلالان</value></Data><Data name="latitude"><value>25.56951</value></Data><Data name="longitude"><value>10.43283</value></Data><Data name="images_json"><value>[]</value></Data><Data name="image_count"><value>0</value></Data><Data name="source_file"><value>developed/akakus-developed.kml</value></Data><Data name="source_placemark_index"><value>50</value></Data><Data name="data_quality_status"><value>missing_media</value></Data></ExtendedData><Point><coordinates>10.43283,25.56951,0</coordinates></Point></Placemark><Placemark><name>وادي تيهت</name><description>&lt;div class="atlas-popup" dir="rtl"&gt;&lt;h3&gt;وادي تيهت&lt;/h3&gt;&lt;div class="atlas-popup-gallery"&gt;&lt;/div&gt;&lt;div class="atlas-popup-details"&gt;&lt;div&gt;&lt;strong&gt;الوصف:&lt;/strong&gt; الاسم باللغة الانجليزية: التصنيف: الوصف: X_COORD: 10.5833633 Y: 25.2739485&lt;/div&gt;&lt;/div&gt;&lt;/div&gt;</description><ExtendedData><Data name="atlas_id"><value>LY-AKAKUS-00051</value></Data><Data name="description"><value>الاسم باللغة الانجليزية: التصنيف: الوصف: X_COORD: 10.5833633 Y: 25.2739485</value></Data><Data name="image_count"><value>0</value></Data><Data name="source_file"><value>اكاكوس.kml</value></Data><Data name="images_json"><value>[]</value></Data><Data name="atlas_id"><value>LY-AKAKUS-00051</value></Data><Data name="image_count"><value>0</value></Data><Data name="source_file"><value>اكاكوس.kml</value></Data><Data name="images_json"><value>[]</value></Data><Data name="atlas_id"><value>LY-AKA-000051</value></Data><Data name="layer_id"><value>akakus</value></Data><Data name="layer_name_ar"><value>أكاكوس</value></Data><Data name="layer_name_en"><value>Akakus</value></Data><Data name="name_ar"><value>وادي تيهت</value></Data><Data name="latitude"><value>25.273948</value></Data><Data name="longitude"><value>10.583363</value></Data><Data name="images_json"><value>[]</value></Data><Data name="image_count"><value>0</value></Data><Data name="source_file"><value>developed/akakus-developed.kml</value></Data><Data name="source_placemark_index"><value>51</value></Data><Data name="data_quality_status"><value>missing_media</value></Data></ExtendedData><Point><coordinates>10.583363,25.273948,0</coordinates></Point></Placemark><Placemark><name>وادي كيسان</name><description>&lt;div class="atlas-popup" dir="rtl"&gt;&lt;h3&gt;وادي كيسان&lt;/h3&gt;&lt;div class="atlas-popup-gallery"&gt;&lt;/div&gt;&lt;div class="atlas-popup-details"&gt;&lt;div&gt;&lt;strong&gt;الوصف:&lt;/strong&gt; الاسم باللغة الانجليزية: التصنيف: الوصف: X_COORD: 10.49297 Y: 24.90278&lt;/div&gt;&lt;/div&gt;&lt;/div&gt;</description><ExtendedData><Data name="atlas_id"><value>LY-AKAKUS-00052</value></Data><Data name="description"><value>الاسم باللغة الانجليزية: التصنيف: الوصف: X_COORD: 10.49297 Y: 24.90278</value></Data><Data name="image_count"><value>0</value></Data><Data name="source_file"><value>اكاكوس.kml</value></Data><Data name="images_json"><value>[]</value></Data><Data name="atlas_id"><value>LY-AKAKUS-00052</value></Data><Data name="image_count"><value>0</value></Data><Data name="source_file"><value>اكاكوس.kml</value></Data><Data name="images_json"><value>[]</value></Data><Data name="atlas_id"><value>LY-AKA-000052</value></Data><Data name="layer_id"><value>akakus</value></Data><Data name="layer_name_ar"><value>أكاكوس</value></Data><Data name="layer_name_en"><value>Akakus</value></Data><Data name="name_ar"><value>وادي كيسان</value></Data><Data name="latitude"><value>24.90278</value></Data><Data name="longitude"><value>10.49297</value></Data><Data name="images_json"><value>[]</value></Data><Data name="image_count"><value>0</value></Data><Data name="source_file"><value>developed/akakus-developed.kml</value></Data><Data name="source_placemark_index"><value>52</value></Data><Data name="data_quality_status"><value>missing_media</value></Data></ExtendedData><Point><coordinates>10.49297,24.90278,0</coordinates></Point></Placemark><Placemark><name>وادي أنجاكور</name><description>&lt;div class="atlas-popup" dir="rtl"&gt;&lt;h3&gt;وادي أنجاكور&lt;/h3&gt;&lt;div class="atlas-popup-gallery"&gt;&lt;/div&gt;&lt;div class="atlas-popup-details"&gt;&lt;div&gt;&lt;strong&gt;الوصف:&lt;/strong&gt; الاسم باللغة الانجليزية: التصنيف: الوصف: X_COORD: 10.33529 Y: 25.1226&lt;/div&gt;&lt;/div&gt;&lt;/div&gt;</description><ExtendedData><Data name="atlas_id"><value>LY-AKAKUS-00053</value></Data><Data name="description"><value>الاسم باللغة الانجليزية: التصنيف: الوصف: X_COORD: 10.33529 Y: 25.1226</value></Data><Data name="image_count"><value>0</value></Data><Data name="source_file"><value>اكاكوس.kml</value></Data><Data name="images_json"><value>[]</value></Data><Data name="atlas_id"><value>LY-AKAKUS-00053</value></Data><Data name="image_count"><value>0</value></Data><Data name="source_file"><value>اكاكوس.kml</value></Data><Data name="images_json"><value>[]</value></Data><Data name="atlas_id"><value>LY-AKA-000053</value></Data><Data name="layer_id"><value>akakus</value></Data><Data name="layer_name_ar"><value>أكاكوس</value></Data><Data name="layer_name_en"><value>Akakus</value></Data><Data name="name_ar"><value>وادي أنجاكور</value></Data><Data name="latitude"><value>25.1226</value></Data><Data name="longitude"><value>10.33529</value></Data><Data name="images_json"><value>[]</value></Data><Data name="image_count"><value>0</value></Data><Data name="source_file"><value>developed/akakus-developed.kml</value></Data><Data name="source_placemark_index"><value>53</value></Data><Data name="data_quality_status"><value>missing_media</value></Data></ExtendedData><Point><coordinates>10.33529,25.1226,0</coordinates></Point></Placemark><Placemark><name>وان جارين</name><description>&lt;div class="atlas-popup" dir="rtl"&gt;&lt;h3&gt;وان جارين&lt;/h3&gt;&lt;div class="atlas-popup-gallery"&gt;&lt;/div&gt;&lt;div class="atlas-popup-details"&gt;&lt;div&gt;&lt;strong&gt;الوصف:&lt;/strong&gt; الاسم باللغة الانجليزية: التصنيف: الوصف: X_COORD: 10.52226 Y: 25.33266&lt;/div&gt;&lt;/div&gt;&lt;/div&gt;</description><ExtendedData><Data name="atlas_id"><value>LY-AKAKUS-00054</value></Data><Data name="description"><value>الاسم باللغة الانجليزية: التصنيف: الوصف: X_COORD: 10.52226 Y: 25.33266</value></Data><Data name="image_count"><value>0</value></Data><Data name="source_file"><value>اكاكوس.kml</value></Data><Data name="images_json"><value>[]</value></Data><Data name="atlas_id"><value>LY-AKAKUS-00054</value></Data><Data name="image_count"><value>0</value></Data><Data name="source_file"><value>اكاكوس.kml</value></Data><Data name="images_json"><value>[]</value></Data><Data name="atlas_id"><value>LY-AKA-000054</value></Data><Data name="layer_id"><value>akakus</value></Data><Data name="layer_name_ar"><value>أكاكوس</value></Data><Data name="layer_name_en"><value>Akakus</value></Data><Data name="name_ar"><value>وان جارين</value></Data><Data name="latitude"><value>25.33266</value></Data><Data name="longitude"><value>10.52226</value></Data><Data name="images_json"><value>[]</value></Data><Data name="image_count"><value>0</value></Data><Data name="source_file"><value>developed/akakus-developed.kml</value></Data><Data name="source_placemark_index"><value>54</value></Data><Data name="data_quality_status"><value>missing_media</value></Data></ExtendedData><Point><coordinates>10.52226,25.33266,0</coordinates></Point></Placemark><Placemark><name>وادي تين طرة</name><description>&lt;div class="atlas-popup" dir="rtl"&gt;&lt;h3&gt;وادي تين طرة&lt;/h3&gt;&lt;div class="atlas-popup-gallery"&gt;&lt;/div&gt;&lt;div class="atlas-popup-details"&gt;&lt;div&gt;&lt;strong&gt;الوصف:&lt;/strong&gt; الاسم باللغة الانجليزية: التصنيف: الوصف: X_COORD: 10.5248483 Y: 25.3335418&lt;/div&gt;&lt;/div&gt;&lt;/div&gt;</description><ExtendedData><Data name="atlas_id"><value>LY-AKAKUS-00055</value></Data><Data name="description"><value>الاسم باللغة الانجليزية: التصنيف: الوصف: X_COORD: 10.5248483 Y: 25.3335418</value></Data><Data name="image_count"><value>0</value></Data><Data name="source_file"><value>اكاكوس.kml</value></Data><Data name="images_json"><value>[]</value></Data><Data name="atlas_id"><value>LY-AKAKUS-00055</value></Data><Data name="image_count"><value>0</value></Data><Data name="source_file"><value>اكاكوس.kml</value></Data><Data name="images_json"><value>[]</value></Data><Data name="atlas_id"><value>LY-AKA-000055</value></Data><Data name="layer_id"><value>akakus</value></Data><Data name="layer_name_ar"><value>أكاكوس</value></Data><Data name="layer_name_en"><value>Akakus</value></Data><Data name="name_ar"><value>وادي تين طرة</value></Data><Data name="latitude"><value>25.333542</value></Data><Data name="longitude"><value>10.524848</value></Data><Data name="images_json"><value>[]</value></Data><Data name="image_count"><value>0</value></Data><Data name="source_file"><value>developed/akakus-developed.kml</value></Data><Data name="source_placemark_index"><value>55</value></Data><Data name="data_quality_status"><value>missing_media</value></Data></ExtendedData><Point><coordinates>10.524848,25.333542,0</coordinates></Point></Placemark><Placemark><name>وادي قرقور</name><description>&lt;div class="atlas-popup" dir="rtl"&gt;&lt;h3&gt;وادي قرقور&lt;/h3&gt;&lt;div class="atlas-popup-gallery"&gt;&lt;/div&gt;&lt;div class="atlas-popup-details"&gt;&lt;div&gt;&lt;strong&gt;الوصف:&lt;/strong&gt; الاسم باللغة الانجليزية: التصنيف: الوصف: X_COORD: 10.61878 Y: 25.23828&lt;/div&gt;&lt;/div&gt;&lt;/div&gt;</description><ExtendedData><Data name="atlas_id"><value>LY-AKAKUS-00056</value></Data><Data name="description"><value>الاسم باللغة الانجليزية: التصنيف: الوصف: X_COORD: 10.61878 Y: 25.23828</value></Data><Data name="image_count"><value>0</value></Data><Data name="source_file"><value>اكاكوس.kml</value></Data><Data name="images_json"><value>[]</value></Data><Data name="atlas_id"><value>LY-AKAKUS-00056</value></Data><Data name="image_count"><value>0</value></Data><Data name="source_file"><value>اكاكوس.kml</value></Data><Data name="images_json"><value>[]</value></Data><Data name="atlas_id"><value>LY-AKA-000056</value></Data><Data name="layer_id"><value>akakus</value></Data><Data name="layer_name_ar"><value>أكاكوس</value></Data><Data name="layer_name_en"><value>Akakus</value></Data><Data name="name_ar"><value>وادي قرقور</value></Data><Data name="latitude"><value>25.23828</value></Data><Data name="longitude"><value>10.61878</value></Data><Data name="images_json"><value>[]</value></Data><Data name="image_count"><value>0</value></Data><Data name="source_file"><value>developed/akakus-developed.kml</value></Data><Data name="source_placemark_index"><value>56</value></Data><Data name="data_quality_status"><value>missing_media</value></Data></ExtendedData><Point><coordinates>10.61878,25.23828,0</coordinates></Point></Placemark><Placemark><name>وادي غلاشم</name><description>&lt;div class="atlas-popup" dir="rtl"&gt;&lt;h3&gt;وادي غلاشم&lt;/h3&gt;&lt;div class="atlas-popup-gallery"&gt;&lt;/div&gt;&lt;div class="atlas-popup-details"&gt;&lt;div&gt;&lt;strong&gt;الوصف:&lt;/strong&gt; الاسم باللغة الانجليزية: التصنيف: الوصف: X_COORD: 10.39612 Y: 25.1775&lt;/div&gt;&lt;/div&gt;&lt;/div&gt;</description><ExtendedData><Data name="atlas_id"><value>LY-AKAKUS-00057</value></Data><Data name="description"><value>الاسم باللغة الانجليزية: التصنيف: الوصف: X_COORD: 10.39612 Y: 25.1775</value></Data><Data name="image_count"><value>0</value></Data><Data name="source_file"><value>اكاكوس.kml</value></Data><Data name="images_json"><value>[]</value></Data><Data name="atlas_id"><value>LY-AKAKUS-00057</value></Data><Data name="image_count"><value>0</value></Data><Data name="source_file"><value>اكاكوس.kml</value></Data><Data name="images_json"><value>[]</value></Data><Data name="atlas_id"><value>LY-AKA-000057</value></Data><Data name="layer_id"><value>akakus</value></Data><Data name="layer_name_ar"><value>أكاكوس</value></Data><Data name="layer_name_en"><value>Akakus</value></Data><Data name="name_ar"><value>وادي غلاشم</value></Data><Data name="latitude"><value>25.1775</value></Data><Data name="longitude"><value>10.39612</value></Data><Data name="images_json"><value>[]</value></Data><Data name="image_count"><value>0</value></Data><Data name="source_file"><value>developed/akakus-developed.kml</value></Data><Data name="source_placemark_index"><value>57</value></Data><Data name="data_quality_status"><value>missing_media</value></Data></ExtendedData><Point><coordinates>10.39612,25.1775,0</coordinates></Point></Placemark><Placemark><name>وادي ايسين</name><description>&lt;div class="atlas-popup" dir="rtl"&gt;&lt;h3&gt;وادي ايسين&lt;/h3&gt;&lt;div class="atlas-popup-gallery"&gt;&lt;/div&gt;&lt;div class="atlas-popup-details"&gt;&lt;div&gt;&lt;strong&gt;الوصف:&lt;/strong&gt; الاسم باللغة الانجليزية: التصنيف: الوصف: X_COORD: 10.2 Y: 24.86667&lt;/div&gt;&lt;/div&gt;&lt;/div&gt;</description><ExtendedData><Data name="atlas_id"><value>LY-AKAKUS-00058</value></Data><Data name="description"><value>الاسم باللغة الانجليزية: التصنيف: الوصف: X_COORD: 10.2 Y: 24.86667</value></Data><Data name="image_count"><value>0</value></Data><Data name="source_file"><value>اكاكوس.kml</value></Data><Data name="images_json"><value>[]</value></Data><Data name="atlas_id"><value>LY-AKAKUS-00058</value></Data><Data name="image_count"><value>0</value></Data><Data name="source_file"><value>اكاكوس.kml</value></Data><Data name="images_json"><value>[]</value></Data><Data name="atlas_id"><value>LY-AKA-000058</value></Data><Data name="layer_id"><value>akakus</value></Data><Data name="layer_name_ar"><value>أكاكوس</value></Data><Data name="layer_name_en"><value>Akakus</value></Data><Data name="name_ar"><value>وادي ايسين</value></Data><Data name="latitude"><value>24.86667</value></Data><Data name="longitude"><value>10.2</value></Data><Data name="images_json"><value>[]</value></Data><Data name="image_count"><value>0</value></Data><Data name="source_file"><value>developed/akakus-developed.kml</value></Data><Data name="source_placemark_index"><value>58</value></Data><Data name="data_quality_status"><value>missing_media</value></Data></ExtendedData><Point><coordinates>10.2,24.86667,0</coordinates></Point></Placemark><Placemark><name>وادي ايضر</name><description>&lt;div class="atlas-popup" dir="rtl"&gt;&lt;h3&gt;وادي ايضر&lt;/h3&gt;&lt;div class="atlas-popup-gallery"&gt;&lt;/div&gt;&lt;div class="atlas-popup-details"&gt;&lt;div&gt;&lt;strong&gt;الوصف:&lt;/strong&gt; الاسم باللغة الانجليزية: التصنيف: الوصف: X_COORD: 10.23456 Y: 24.6386&lt;/div&gt;&lt;/div&gt;&lt;/div&gt;</description><ExtendedData><Data name="atlas_id"><value>LY-AKAKUS-00059</value></Data><Data name="description"><value>الاسم باللغة الانجليزية: التصنيف: الوصف: X_COORD: 10.23456 Y: 24.6386</value></Data><Data name="image_count"><value>0</value></Data><Data name="source_file"><value>اكاكوس.kml</value></Data><Data name="images_json"><value>[]</value></Data><Data name="atlas_id"><value>LY-AKAKUS-00059</value></Data><Data name="image_count"><value>0</value></Data><Data name="source_file"><value>اكاكوس.kml</value></Data><Data name="images_json"><value>[]</value></Data><Data name="atlas_id"><value>LY-AKA-000059</value></Data><Data name="layer_id"><value>akakus</value></Data><Data name="layer_name_ar"><value>أكاكوس</value></Data><Data name="layer_name_en"><value>Akakus</value></Data><Data name="name_ar"><value>وادي ايضر</value></Data><Data name="latitude"><value>24.6386</value></Data><Data name="longitude"><value>10.23456</value></Data><Data name="images_json"><value>[]</value></Data><Data name="image_count"><value>0</value></Data><Data name="source_file"><value>developed/akakus-developed.kml</value></Data><Data name="source_placemark_index"><value>59</value></Data><Data name="data_quality_status"><value>missing_media</value></Data></ExtendedData><Point><coordinates>10.23456,24.6386,0</coordinates></Point></Placemark><Placemark><name>تين الكوم</name><description>&lt;div class="atlas-popup" dir="rtl"&gt;&lt;h3&gt;تين الكوم&lt;/h3&gt;&lt;div class="atlas-popup-gallery"&gt;&lt;/div&gt;&lt;div class="atlas-popup-details"&gt;&lt;div&gt;&lt;strong&gt;الوصف:&lt;/strong&gt; الاسم باللغة الانجليزية: التصنيف: الوصف: X_COORD: 10.2178565 Y: 24.6075359&lt;/div&gt;&lt;/div&gt;&lt;/div&gt;</description><ExtendedData><Data name="atlas_id"><value>LY-AKAKUS-00060</value></Data><Data name="description"><value>الاسم باللغة الانجليزية: التصنيف: الوصف: X_COORD: 10.2178565 Y: 24.6075359</value></Data><Data name="image_count"><value>0</value></Data><Data name="source_file"><value>اكاكوس.kml</value></Data><Data name="images_json"><value>[]</value></Data><Data name="atlas_id"><value>LY-AKAKUS-00060</value></Data><Data name="image_count"><value>0</value></Data><Data name="source_file"><value>اكاكوس.kml</value></Data><Data name="images_json"><value>[]</value></Data><Data name="atlas_id"><value>LY-AKA-000060</value></Data><Data name="layer_id"><value>akakus</value></Data><Data name="layer_name_ar"><value>أكاكوس</value></Data><Data name="layer_name_en"><value>Akakus</value></Data><Data name="name_ar"><value>تين الكوم</value></Data><Data name="latitude"><value>24.607536</value></Data><Data name="longitude"><value>10.217856</value></Data><Data name="images_json"><value>[]</value></Data><Data name="image_count"><value>0</value></Data><Data name="source_file"><value>developed/akakus-developed.kml</value></Data><Data name="source_placemark_index"><value>60</value></Data><Data name="data_quality_status"><value>missing_media</value></Data></ExtendedData><Point><coordinates>10.217856,24.607536,0</coordinates></Point></Placemark><Placemark><name>وادي تاجنرؤوت</name><description>&lt;div class="atlas-popup" dir="rtl"&gt;&lt;h3&gt;وادي تاجنرؤوت&lt;/h3&gt;&lt;div class="atlas-popup-gallery"&gt;&lt;/div&gt;&lt;div class="atlas-popup-details"&gt;&lt;div&gt;&lt;strong&gt;الوصف:&lt;/strong&gt; الاسم باللغة الانجليزية: التصنيف: الوصف: X_COORD: 10.3957055 Y: 24.5407792&lt;/div&gt;&lt;/div&gt;&lt;/div&gt;</description><ExtendedData><Data name="atlas_id"><value>LY-AKAKUS-00061</value></Data><Data name="description"><value>الاسم باللغة الانجليزية: التصنيف: الوصف: X_COORD: 10.3957055 Y: 24.5407792</value></Data><Data name="image_count"><value>0</value></Data><Data name="source_file"><value>اكاكوس.kml</value></Data><Data name="images_json"><value>[]</value></Data><Data name="atlas_id"><value>LY-AKAKUS-00061</value></Data><Data name="image_count"><value>0</value></Data><Data name="source_file"><value>اكاكوس.kml</value></Data><Data name="images_json"><value>[]</value></Data><Data name="atlas_id"><value>LY-AKA-000061</value></Data><Data name="layer_id"><value>akakus</value></Data><Data name="layer_name_ar"><value>أكاكوس</value></Data><Data name="layer_name_en"><value>Akakus</value></Data><Data name="name_ar"><value>وادي تاجنرؤوت</value></Data><Data name="latitude"><value>24.540779</value></Data><Data name="longitude"><value>10.395706</value></Data><Data name="images_json"><value>[]</value></Data><Data name="image_count"><value>0</value></Data><Data name="source_file"><value>developed/akakus-developed.kml</value></Data><Data name="source_placemark_index"><value>61</value></Data><Data name="data_quality_status"><value>missing_media</value></Data></ExtendedData><Point><coordinates>10.395706,24.540779,0</coordinates></Point></Placemark><Placemark><name>وادي سلفوفيت</name><description>&lt;div class="atlas-popup" dir="rtl"&gt;&lt;h3&gt;وادي سلفوفيت&lt;/h3&gt;&lt;div class="atlas-popup-gallery"&gt;&lt;/div&gt;&lt;div class="atlas-popup-details"&gt;&lt;div&gt;&lt;strong&gt;الوصف:&lt;/strong&gt; الاسم باللغة الانجليزية: التصنيف: الوصف: X_COORD: 10.79999 Y: 24.5630791&lt;/div&gt;&lt;/div&gt;&lt;/div&gt;</description><ExtendedData><Data name="atlas_id"><value>LY-AKAKUS-00062</value></Data><Data name="description"><value>الاسم باللغة الانجليزية: التصنيف: الوصف: X_COORD: 10.79999 Y: 24.5630791</value></Data><Data name="image_count"><value>0</value></Data><Data name="source_file"><value>اكاكوس.kml</value></Data><Data name="images_json"><value>[]</value></Data><Data name="atlas_id"><value>LY-AKAKUS-00062</value></Data><Data name="image_count"><value>0</value></Data><Data name="source_file"><value>اكاكوس.kml</value></Data><Data name="images_json"><value>[]</value></Data><Data name="atlas_id"><value>LY-AKA-000062</value></Data><Data name="layer_id"><value>akakus</value></Data><Data name="layer_name_ar"><value>أكاكوس</value></Data><Data name="layer_name_en"><value>Akakus</value></Data><Data name="name_ar"><value>وادي سلفوفيت</value></Data><Data name="latitude"><value>24.563079</value></Data><Data name="longitude"><value>10.79999</value></Data><Data name="images_json"><value>[]</value></Data><Data name="image_count"><value>0</value></Data><Data name="source_file"><value>developed/akakus-developed.kml</value></Data><Data name="source_placemark_index"><value>62</value></Data><Data name="data_quality_status"><value>missing_media</value></Data></ExtendedData><Point><coordinates>10.79999,24.563079,0</coordinates></Point></Placemark><Placemark><name>وادي تكظالت</name><description>&lt;div class="atlas-popup" dir="rtl"&gt;&lt;h3&gt;وادي تكظالت&lt;/h3&gt;&lt;div class="atlas-popup-gallery"&gt;&lt;/div&gt;&lt;div class="atlas-popup-details"&gt;&lt;div&gt;&lt;strong&gt;الوصف:&lt;/strong&gt; الاسم باللغة الانجليزية: التصنيف: الوصف: X_COORD: 10.5206708 Y: 24.8463745&lt;/div&gt;&lt;/div&gt;&lt;/div&gt;</description><ExtendedData><Data name="atlas_id"><value>LY-AKAKUS-00063</value></Data><Data name="description"><value>الاسم باللغة الانجليزية: التصنيف: الوصف: X_COORD: 10.5206708 Y: 24.8463745</value></Data><Data name="image_count"><value>0</value></Data><Data name="source_file"><value>اكاكوس.kml</value></Data><Data name="images_json"><value>[]</value></Data><Data name="atlas_id"><value>LY-AKAKUS-00063</value></Data><Data name="image_count"><value>0</value></Data><Data name="source_file"><value>اكاكوس.kml</value></Data><Data name="images_json"><value>[]</value></Data><Data name="atlas_id"><value>LY-AKA-000063</value></Data><Data name="layer_id"><value>akakus</value></Data><Data name="layer_name_ar"><value>أكاكوس</value></Data><Data name="layer_name_en"><value>Akakus</value></Data><Data name="name_ar"><value>وادي تكظالت</value></Data><Data name="latitude"><value>24.846374</value></Data><Data name="longitude"><value>10.520671</value></Data><Data name="images_json"><value>[]</value></Data><Data name="image_count"><value>0</value></Data><Data name="source_file"><value>developed/akakus-developed.kml</value></Data><Data name="source_placemark_index"><value>63</value></Data><Data name="data_quality_status"><value>missing_media</value></Data></ExtendedData><Point><coordinates>10.520671,24.846374,0</coordinates></Point></Placemark><Placemark><name>جبل تين بب</name><description>&lt;div class="atlas-popup" dir="rtl"&gt;&lt;h3&gt;جبل تين بب&lt;/h3&gt;&lt;div class="atlas-popup-gallery"&gt;&lt;/div&gt;&lt;div class="atlas-popup-details"&gt;&lt;div&gt;&lt;strong&gt;الوصف:&lt;/strong&gt; الاسم باللغة الانجليزية: التصنيف: الوصف: X_COORD: 10.20833 Y: 24.72916&lt;/div&gt;&lt;/div&gt;&lt;/div&gt;</description><ExtendedData><Data name="atlas_id"><value>LY-AKAKUS-00064</value></Data><Data name="description"><value>الاسم باللغة الانجليزية: التصنيف: الوصف: X_COORD: 10.20833 Y: 24.72916</value></Data><Data name="image_count"><value>0</value></Data><Data name="source_file"><value>اكاكوس.kml</value></Data><Data name="images_json"><value>[]</value></Data><Data name="atlas_id"><value>LY-AKAKUS-00064</value></Data><Data name="image_count"><value>0</value></Data><Data name="source_file"><value>اكاكوس.kml</value></Data><Data name="images_json"><value>[]</value></Data><Data name="atlas_id"><value>LY-AKA-000064</value></Data><Data name="layer_id"><value>akakus</value></Data><Data name="layer_name_ar"><value>أكاكوس</value></Data><Data name="layer_name_en"><value>Akakus</value></Data><Data name="name_ar"><value>جبل تين بب</value></Data><Data name="latitude"><value>24.72916</value></Data><Data name="longitude"><value>10.20833</value></Data><Data name="images_json"><value>[]</value></Data><Data name="image_count"><value>0</value></Data><Data name="source_file"><value>developed/akakus-developed.kml</value></Data><Data name="source_placemark_index"><value>64</value></Data><Data name="data_quality_status"><value>missing_media</value></Data></ExtendedData><Point><coordinates>10.20833,24.72916,0</coordinates></Point></Placemark><Placemark><name>تنسو</name><description>&lt;div class="atlas-popup" dir="rtl"&gt;&lt;h3&gt;تنسو&lt;/h3&gt;&lt;div class="atlas-popup-gallery"&gt;&lt;/div&gt;&lt;div class="atlas-popup-details"&gt;&lt;div&gt;&lt;strong&gt;الوصف:&lt;/strong&gt; الاسم باللغة الانجليزية: التصنيف: الوصف: X_COORD: 10.0639001 Y: 25.199184&lt;/div&gt;&lt;/div&gt;&lt;/div&gt;</description><ExtendedData><Data name="atlas_id"><value>LY-AKAKUS-00065</value></Data><Data name="description"><value>الاسم باللغة الانجليزية: التصنيف: الوصف: X_COORD: 10.0639001 Y: 25.199184</value></Data><Data name="image_count"><value>0</value></Data><Data name="source_file"><value>اكاكوس.kml</value></Data><Data name="images_json"><value>[]</value></Data><Data name="atlas_id"><value>LY-AKAKUS-00065</value></Data><Data name="image_count"><value>0</value></Data><Data name="source_file"><value>اكاكوس.kml</value></Data><Data name="images_json"><value>[]</value></Data><Data name="atlas_id"><value>LY-AKA-000065</value></Data><Data name="layer_id"><value>akakus</value></Data><Data name="layer_name_ar"><value>أكاكوس</value></Data><Data name="layer_name_en"><value>Akakus</value></Data><Data name="name_ar"><value>تنسو</value></Data><Data name="latitude"><value>25.199184</value></Data><Data name="longitude"><value>10.0639</value></Data><Data name="images_json"><value>[]</value></Data><Data name="image_count"><value>0</value></Data><Data name="source_file"><value>developed/akakus-developed.kml</value></Data><Data name="source_placemark_index"><value>65</value></Data><Data name="data_quality_status"><value>missing_media</value></Data></ExtendedData><Point><coordinates>10.0639,25.199184,0</coordinates></Point></Placemark><Placemark><name>جبل ايدينان - كاف الجنون</name><description>&lt;div class="atlas-popup" dir="rtl"&gt;&lt;h3&gt;جبل ايدينان - كاف الجنون&lt;/h3&gt;&lt;div class="atlas-popup-gallery"&gt;&lt;/div&gt;&lt;div class="atlas-popup-details"&gt;&lt;div&gt;&lt;strong&gt;الوصف:&lt;/strong&gt; الاسم باللغة الانجليزية: التصنيف: الوصف: X_COORD: 10.22552 Y: 25.26705&lt;/div&gt;&lt;/div&gt;&lt;/div&gt;</description><ExtendedData><Data name="atlas_id"><value>LY-AKAKUS-00066</value></Data><Data name="description"><value>الاسم باللغة الانجليزية: التصنيف: الوصف: X_COORD: 10.22552 Y: 25.26705</value></Data><Data name="image_count"><value>0</value></Data><Data name="source_file"><value>اكاكوس.kml</value></Data><Data name="images_json"><value>[]</value></Data><Data name="atlas_id"><value>LY-AKAKUS-00066</value></Data><Data name="image_count"><value>0</value></Data><Data name="source_file"><value>اكاكوس.kml</value></Data><Data name="images_json"><value>[]</value></Data><Data name="atlas_id"><value>LY-AKA-000066</value></Data><Data name="layer_id"><value>akakus</value></Data><Data name="layer_name_ar"><value>أكاكوس</value></Data><Data name="layer_name_en"><value>Akakus</value></Data><Data name="name_ar"><value>جبل ايدينان - كاف الجنون</value></Data><Data name="latitude"><value>25.26705</value></Data><Data name="longitude"><value>10.22552</value></Data><Data name="images_json"><value>[]</value></Data><Data name="image_count"><value>0</value></Data><Data name="source_file"><value>developed/akakus-developed.kml</value></Data><Data name="source_placemark_index"><value>66</value></Data><Data name="data_quality_status"><value>missing_media</value></Data></ExtendedData><Point><coordinates>10.22552,25.26705,0</coordinates></Point></Placemark><Placemark><name>قارة تزول</name><description>&lt;div class="atlas-popup" dir="rtl"&gt;&lt;h3&gt;قارة تزول&lt;/h3&gt;&lt;div class="atlas-popup-gallery"&gt;&lt;/div&gt;&lt;div class="atlas-popup-details"&gt;&lt;div&gt;&lt;strong&gt;الوصف:&lt;/strong&gt; الاسم باللغة الانجليزية: التصنيف: الوصف: X_COORD: 10.18539 Y: 25.61072&lt;/div&gt;&lt;/div&gt;&lt;/div&gt;</description><ExtendedData><Data name="atlas_id"><value>LY-AKAKUS-00067</value></Data><Data name="description"><value>الاسم باللغة الانجليزية: التصنيف: الوصف: X_COORD: 10.18539 Y: 25.61072</value></Data><Data name="image_count"><value>0</value></Data><Data name="source_file"><value>اكاكوس.kml</value></Data><Data name="images_json"><value>[]</value></Data><Data name="atlas_id"><value>LY-AKAKUS-00067</value></Data><Data name="image_count"><value>0</value></Data><Data name="source_file"><value>اكاكوس.kml</value></Data><Data name="images_json"><value>[]</value></Data><Data name="atlas_id"><value>LY-AKA-000067</value></Data><Data name="layer_id"><value>akakus</value></Data><Data name="layer_name_ar"><value>أكاكوس</value></Data><Data name="layer_name_en"><value>Akakus</value></Data><Data name="name_ar"><value>قارة تزول</value></Data><Data name="latitude"><value>25.61072</value></Data><Data name="longitude"><value>10.18539</value></Data><Data name="images_json"><value>[]</value></Data><Data name="image_count"><value>0</value></Data><Data name="source_file"><value>developed/akakus-developed.kml</value></Data><Data name="source_placemark_index"><value>67</value></Data><Data name="data_quality_status"><value>missing_media</value></Data></ExtendedData><Point><coordinates>10.18539,25.61072,0</coordinates></Point></Placemark><Placemark><name>رمال تيتغسين أو صحراء تهاريت</name><description>&lt;div class="atlas-popup" dir="rtl"&gt;&lt;h3&gt;رمال تيتغسين أو صحراء تهاريت&lt;/h3&gt;&lt;div class="atlas-popup-gallery"&gt;&lt;/div&gt;&lt;div class="atlas-popup-details"&gt;&lt;div&gt;&lt;strong&gt;الوصف:&lt;/strong&gt; الاسم باللغة الانجليزية: التصنيف: الوصف: X_COORD: 10.18432 Y: 25.72073&lt;/div&gt;&lt;/div&gt;&lt;/div&gt;</description><ExtendedData><Data name="atlas_id"><value>LY-AKAKUS-00068</value></Data><Data name="description"><value>الاسم باللغة الانجليزية: التصنيف: الوصف: X_COORD: 10.18432 Y: 25.72073</value></Data><Data name="image_count"><value>0</value></Data><Data name="source_file"><value>اكاكوس.kml</value></Data><Data name="images_json"><value>[]</value></Data><Data name="atlas_id"><value>LY-AKAKUS-00068</value></Data><Data name="image_count"><value>0</value></Data><Data name="source_file"><value>اكاكوس.kml</value></Data><Data name="images_json"><value>[]</value></Data><Data name="atlas_id"><value>LY-AKA-000068</value></Data><Data name="layer_id"><value>akakus</value></Data><Data name="layer_name_ar"><value>أكاكوس</value></Data><Data name="layer_name_en"><value>Akakus</value></Data><Data name="name_ar"><value>رمال تيتغسين أو صحراء تهاريت</value></Data><Data name="latitude"><value>25.72073</value></Data><Data name="longitude"><value>10.18432</value></Data><Data name="images_json"><value>[]</value></Data><Data name="image_count"><value>0</value></Data><Data name="source_file"><value>developed/akakus-developed.kml</value></Data><Data name="source_placemark_index"><value>68</value></Data><Data name="data_quality_status"><value>missing_media</value></Data></ExtendedData><Point><coordinates>10.18432,25.72073,0</coordinates></Point></Placemark><Placemark><name>أغرم نودان</name><description>&lt;div class="atlas-popup" dir="rtl"&gt;&lt;h3&gt;أغرم نودان&lt;/h3&gt;&lt;div class="atlas-popup-gallery"&gt;&lt;/div&gt;&lt;div class="atlas-popup-details"&gt;&lt;div&gt;&lt;strong&gt;الوصف:&lt;/strong&gt; الاسم باللغة الانجليزية: التصنيف: الوصف: X_COORD: 10.2883467 Y: 25.8743526&lt;/div&gt;&lt;/div&gt;&lt;/div&gt;</description><ExtendedData><Data name="atlas_id"><value>LY-AKAKUS-00069</value></Data><Data name="description"><value>الاسم باللغة الانجليزية: التصنيف: الوصف: X_COORD: 10.2883467 Y: 25.8743526</value></Data><Data name="image_count"><value>0</value></Data><Data name="source_file"><value>اكاكوس.kml</value></Data><Data name="images_json"><value>[]</value></Data><Data name="atlas_id"><value>LY-AKAKUS-00069</value></Data><Data name="image_count"><value>0</value></Data><Data name="source_file"><value>اكاكوس.kml</value></Data><Data name="images_json"><value>[]</value></Data><Data name="atlas_id"><value>LY-AKA-000069</value></Data><Data name="layer_id"><value>akakus</value></Data><Data name="layer_name_ar"><value>أكاكوس</value></Data><Data name="layer_name_en"><value>Akakus</value></Data><Data name="name_ar"><value>أغرم نودان</value></Data><Data name="latitude"><value>25.874353</value></Data><Data name="longitude"><value>10.288347</value></Data><Data name="images_json"><value>[]</value></Data><Data name="image_count"><value>0</value></Data><Data name="source_file"><value>developed/akakus-developed.kml</value></Data><Data name="source_placemark_index"><value>69</value></Data><Data name="data_quality_status"><value>missing_media</value></Data></ExtendedData><Point><coordinates>10.288347,25.874353,0</coordinates></Point></Placemark><Placemark><name>وادي ميغدت</name><description>&lt;div class="atlas-popup" dir="rtl"&gt;&lt;h3&gt;وادي ميغدت&lt;/h3&gt;&lt;div class="atlas-popup-gallery"&gt;&lt;/div&gt;&lt;div class="atlas-popup-details"&gt;&lt;div&gt;&lt;strong&gt;الوصف:&lt;/strong&gt; الاسم باللغة الانجليزية: التصنيف: الوصف: X_COORD: 10.03494 Y: 25.76468&lt;/div&gt;&lt;/div&gt;&lt;/div&gt;</description><ExtendedData><Data name="atlas_id"><value>LY-AKAKUS-00070</value></Data><Data name="description"><value>الاسم باللغة الانجليزية: التصنيف: الوصف: X_COORD: 10.03494 Y: 25.76468</value></Data><Data name="image_count"><value>0</value></Data><Data name="source_file"><value>اكاكوس.kml</value></Data><Data name="images_json"><value>[]</value></Data><Data name="atlas_id"><value>LY-AKAKUS-00070</value></Data><Data name="image_count"><value>0</value></Data><Data name="source_file"><value>اكاكوس.kml</value></Data><Data name="images_json"><value>[]</value></Data><Data name="atlas_id"><value>LY-AKA-000070</value></Data><Data name="layer_id"><value>akakus</value></Data><Data name="layer_name_ar"><value>أكاكوس</value></Data><Data name="layer_name_en"><value>Akakus</value></Data><Data name="name_ar"><value>وادي ميغدت</value></Data><Data name="latitude"><value>25.76468</value></Data><Data name="longitude"><value>10.03494</value></Data><Data name="images_json"><value>[]</value></Data><Data name="image_count"><value>0</value></Data><Data name="source_file"><value>developed/akakus-developed.kml</value></Data><Data name="source_placemark_index"><value>70</value></Data><Data name="data_quality_status"><value>missing_media</value></Data></ExtendedData><Point><coordinates>10.03494,25.76468,0</coordinates></Point></Placemark><Placemark><name>جبل مفتغت</name><description>&lt;div class="atlas-popup" dir="rtl"&gt;&lt;h3&gt;جبل مفتغت&lt;/h3&gt;&lt;div class="atlas-popup-gallery"&gt;&lt;/div&gt;&lt;div class="atlas-popup-details"&gt;&lt;div&gt;&lt;strong&gt;الوصف:&lt;/strong&gt; الاسم باللغة الانجليزية: التصنيف: الوصف: X_COORD: 9.94048 Y: 25.83705&lt;/div&gt;&lt;/div&gt;&lt;/div&gt;</description><ExtendedData><Data name="atlas_id"><value>LY-AKAKUS-00071</value></Data><Data name="description"><value>الاسم باللغة الانجليزية: التصنيف: الوصف: X_COORD: 9.94048 Y: 25.83705</value></Data><Data name="image_count"><value>0</value></Data><Data name="source_file"><value>اكاكوس.kml</value></Data><Data name="images_json"><value>[]</value></Data><Data name="atlas_id"><value>LY-AKAKUS-00071</value></Data><Data name="image_count"><value>0</value></Data><Data name="source_file"><value>اكاكوس.kml</value></Data><Data name="images_json"><value>[]</value></Data><Data name="atlas_id"><value>LY-AKA-000071</value></Data><Data name="layer_id"><value>akakus</value></Data><Data name="layer_name_ar"><value>أكاكوس</value></Data><Data name="layer_name_en"><value>Akakus</value></Data><Data name="name_ar"><value>جبل مفتغت</value></Data><Data name="latitude"><value>25.83705</value></Data><Data name="longitude"><value>9.94048</value></Data><Data name="images_json"><value>[]</value></Data><Data name="image_count"><value>0</value></Data><Data name="source_file"><value>developed/akakus-developed.kml</value></Data><Data name="source_placemark_index"><value>71</value></Data><Data name="data_quality_status"><value>missing_media</value></Data></ExtendedData><Point><coordinates>9.94048,25.83705,0</coordinates></Point></Placemark><Placemark><name>ميغدت</name><description>&lt;div class="atlas-popup" dir="rtl"&gt;&lt;h3&gt;ميغدت&lt;/h3&gt;&lt;div class="atlas-popup-gallery"&gt;&lt;/div&gt;&lt;div class="atlas-popup-details"&gt;&lt;div&gt;&lt;strong&gt;الوصف:&lt;/strong&gt; الاسم باللغة الانجليزية: التصنيف: الوصف: X_COORD: 9.9408233 Y: 25.8188116&lt;/div&gt;&lt;/div&gt;&lt;/div&gt;</description><ExtendedData><Data name="atlas_id"><value>LY-AKAKUS-00072</value></Data><Data name="description"><value>الاسم باللغة الانجليزية: التصنيف: الوصف: X_COORD: 9.9408233 Y: 25.8188116</value></Data><Data name="image_count"><value>0</value></Data><Data name="source_file"><value>اكاكوس.kml</value></Data><Data name="images_json"><value>[]</value></Data><Data name="atlas_id"><value>LY-AKAKUS-00072</value></Data><Data name="image_count"><value>0</value></Data><Data name="source_file"><value>اكاكوس.kml</value></Data><Data name="images_json"><value>[]</value></Data><Data name="atlas_id"><value>LY-AKA-000072</value></Data><Data name="layer_id"><value>akakus</value></Data><Data name="layer_name_ar"><value>أكاكوس</value></Data><Data name="layer_name_en"><value>Akakus</value></Data><Data name="name_ar"><value>ميغدت</value></Data><Data name="latitude"><value>25.818812</value></Data><Data name="longitude"><value>9.940823</value></Data><Data name="images_json"><value>[]</value></Data><Data name="image_count"><value>0</value></Data><Data name="source_file"><value>developed/akakus-developed.kml</value></Data><Data name="source_placemark_index"><value>72</value></Data><Data name="data_quality_status"><value>missing_media</value></Data></ExtendedData><Point><coordinates>9.940823,25.818812,0</coordinates></Point></Placemark><Placemark><name>وان تكوفي</name><description>&lt;div class="atlas-popup" dir="rtl"&gt;&lt;h3&gt;وان تكوفي&lt;/h3&gt;&lt;div class="atlas-popup-gallery"&gt;&lt;/div&gt;&lt;div class="atlas-popup-details"&gt;&lt;div&gt;&lt;strong&gt;الوصف:&lt;/strong&gt; الاسم باللغة الانجليزية: التصنيف: الوصف: X_COORD: 10.60991 Y: 26.20319&lt;/div&gt;&lt;/div&gt;&lt;/div&gt;</description><ExtendedData><Data name="atlas_id"><value>LY-AKAKUS-00073</value></Data><Data name="description"><value>الاسم باللغة الانجليزية: التصنيف: الوصف: X_COORD: 10.60991 Y: 26.20319</value></Data><Data name="image_count"><value>0</value></Data><Data name="source_file"><value>اكاكوس.kml</value></Data><Data name="images_json"><value>[]</value></Data><Data name="atlas_id"><value>LY-AKAKUS-00073</value></Data><Data name="image_count"><value>0</value></Data><Data name="source_file"><value>اكاكوس.kml</value></Data><Data name="images_json"><value>[]</value></Data><Data name="atlas_id"><value>LY-AKA-000073</value></Data><Data name="layer_id"><value>akakus</value></Data><Data name="layer_name_ar"><value>أكاكوس</value></Data><Data name="layer_name_en"><value>Akakus</value></Data><Data name="name_ar"><value>وان تكوفي</value></Data><Data name="latitude"><value>26.20319</value></Data><Data name="longitude"><value>10.60991</value></Data><Data name="images_json"><value>[]</value></Data><Data name="image_count"><value>0</value></Data><Data name="source_file"><value>developed/akakus-developed.kml</value></Data><Data name="source_placemark_index"><value>73</value></Data><Data name="data_quality_status"><value>missing_media</value></Data></ExtendedData><Point><coordinates>10.60991,26.20319,0</coordinates></Point></Placemark><Placemark><name>الغابة المتحجرة</name><description>&lt;div class="atlas-popup" dir="rtl"&gt;&lt;h3&gt;الغابة المتحجرة&lt;/h3&gt;&lt;div class="atlas-popup-gallery"&gt;&lt;/div&gt;&lt;div class="atlas-popup-details"&gt;&lt;div&gt;&lt;strong&gt;الوصف:&lt;/strong&gt; الاسم باللغة الانجليزية: التصنيف: الوصف: X_COORD: 11.41026 Y: 25.9625&lt;/div&gt;&lt;/div&gt;&lt;/div&gt;</description><ExtendedData><Data name="atlas_id"><value>LY-AKAKUS-00074</value></Data><Data name="description"><value>الاسم باللغة الانجليزية: التصنيف: الوصف: X_COORD: 11.41026 Y: 25.9625</value></Data><Data name="image_count"><value>0</value></Data><Data name="source_file"><value>اكاكوس.kml</value></Data><Data name="images_json"><value>[]</value></Data><Data name="atlas_id"><value>LY-AKAKUS-00074</value></Data><Data name="image_count"><value>0</value></Data><Data name="source_file"><value>اكاكوس.kml</value></Data><Data name="images_json"><value>[]</value></Data><Data name="atlas_id"><value>LY-AKA-000074</value></Data><Data name="layer_id"><value>akakus</value></Data><Data name="layer_name_ar"><value>أكاكوس</value></Data><Data name="layer_name_en"><value>Akakus</value></Data><Data name="name_ar"><value>الغابة المتحجرة</value></Data><Data name="latitude"><value>25.9625</value></Data><Data name="longitude"><value>11.41026</value></Data><Data name="images_json"><value>[]</value></Data><Data name="image_count"><value>0</value></Data><Data name="source_file"><value>developed/akakus-developed.kml</value></Data><Data name="source_placemark_index"><value>74</value></Data><Data name="data_quality_status"><value>missing_media</value></Data></ExtendedData><Point><coordinates>11.41026,25.9625,0</coordinates></Point></Placemark><Placemark><name>مساك مللت</name><description>&lt;div class="atlas-popup" dir="rtl"&gt;&lt;h3&gt;مساك مللت&lt;/h3&gt;&lt;div class="atlas-popup-gallery"&gt;&lt;/div&gt;&lt;div class="atlas-popup-details"&gt;&lt;div&gt;&lt;strong&gt;الوصف:&lt;/strong&gt; الاسم باللغة الانجليزية: التصنيف: الوصف: X_COORD: 11.6410587 Y: 25.4668852&lt;/div&gt;&lt;/div&gt;&lt;/div&gt;</description><ExtendedData><Data name="atlas_id"><value>LY-AKAKUS-00075</value></Data><Data name="description"><value>الاسم باللغة الانجليزية: التصنيف: الوصف: X_COORD: 11.6410587 Y: 25.4668852</value></Data><Data name="image_count"><value>0</value></Data><Data name="source_file"><value>اكاكوس.kml</value></Data><Data name="images_json"><value>[]</value></Data><Data name="atlas_id"><value>LY-AKAKUS-00075</value></Data><Data name="image_count"><value>0</value></Data><Data name="source_file"><value>اكاكوس.kml</value></Data><Data name="images_json"><value>[]</value></Data><Data name="atlas_id"><value>LY-AKA-000075</value></Data><Data name="layer_id"><value>akakus</value></Data><Data name="layer_name_ar"><value>أكاكوس</value></Data><Data name="layer_name_en"><value>Akakus</value></Data><Data name="name_ar"><value>مساك مللت</value></Data><Data name="latitude"><value>25.466885</value></Data><Data name="longitude"><value>11.641059</value></Data><Data name="images_json"><value>[]</value></Data><Data name="image_count"><value>0</value></Data><Data name="source_file"><value>developed/akakus-developed.kml</value></Data><Data name="source_placemark_index"><value>75</value></Data><Data name="data_quality_status"><value>missing_media</value></Data></ExtendedData><Point><coordinates>11.641059,25.466885,0</coordinates></Point></Placemark><Placemark><name>طريق يفضي إلى برجوج</name><description>&lt;div class="atlas-popup" dir="rtl"&gt;&lt;h3&gt;طريق يفضي إلى برجوج&lt;/h3&gt;&lt;div class="atlas-popup-gallery"&gt;&lt;/div&gt;&lt;div class="atlas-popup-details"&gt;&lt;div&gt;&lt;strong&gt;الوصف:&lt;/strong&gt; الاسم باللغة الانجليزية: التصنيف: الوصف: X_COORD: 13.0648891 Y: 26.5263411&lt;/div&gt;&lt;/div&gt;&lt;/div&gt;</description><ExtendedData><Data name="atlas_id"><value>LY-AKAKUS-00076</value></Data><Data name="description"><value>الاسم باللغة الانجليزية: التصنيف: الوصف: X_COORD: 13.0648891 Y: 26.5263411</value></Data><Data name="image_count"><value>0</value></Data><Data name="source_file"><value>اكاكوس.kml</value></Data><Data name="images_json"><value>[]</value></Data><Data name="atlas_id"><value>LY-AKAKUS-00076</value></Data><Data name="image_count"><value>0</value></Data><Data name="source_file"><value>اكاكوس.kml</value></Data><Data name="images_json"><value>[]</value></Data><Data name="atlas_id"><value>LY-AKA-000076</value></Data><Data name="layer_id"><value>akakus</value></Data><Data name="layer_name_ar"><value>أكاكوس</value></Data><Data name="layer_name_en"><value>Akakus</value></Data><Data name="name_ar"><value>طريق يفضي إلى برجوج</value></Data><Data name="latitude"><value>26.526341</value></Data><Data name="longitude"><value>13.064889</value></Data><Data name="images_json"><value>[]</value></Data><Data name="image_count"><value>0</value></Data><Data name="source_file"><value>developed/akakus-developed.kml</value></Data><Data name="source_placemark_index"><value>76</value></Data><Data name="data_quality_status"><value>missing_media</value></Data></ExtendedData><Point><coordinates>13.064889,26.526341,0</coordinates></Point></Placemark><Placemark><name>وادي لانجوسي</name><description>&lt;div class="atlas-popup" dir="rtl"&gt;&lt;h3&gt;وادي لانجوسي&lt;/h3&gt;&lt;div class="atlas-popup-gallery"&gt;&lt;/div&gt;&lt;div class="atlas-popup-details"&gt;&lt;div&gt;&lt;strong&gt;الوصف:&lt;/strong&gt; الاسم باللغة الانجليزية: التصنيف: الوصف: X_COORD: 10.6931999 Y: 24.9109843&lt;/div&gt;&lt;/div&gt;&lt;/div&gt;</description><ExtendedData><Data name="atlas_id"><value>LY-AKAKUS-00077</value></Data><Data name="description"><value>الاسم باللغة الانجليزية: التصنيف: الوصف: X_COORD: 10.6931999 Y: 24.9109843</value></Data><Data name="image_count"><value>0</value></Data><Data name="source_file"><value>اكاكوس.kml</value></Data><Data name="images_json"><value>[]</value></Data><Data name="atlas_id"><value>LY-AKAKUS-00077</value></Data><Data name="image_count"><value>0</value></Data><Data name="source_file"><value>اكاكوس.kml</value></Data><Data name="images_json"><value>[]</value></Data><Data name="atlas_id"><value>LY-AKA-000077</value></Data><Data name="layer_id"><value>akakus</value></Data><Data name="layer_name_ar"><value>أكاكوس</value></Data><Data name="layer_name_en"><value>Akakus</value></Data><Data name="name_ar"><value>وادي لانجوسي</value></Data><Data name="latitude"><value>24.910984</value></Data><Data name="longitude"><value>10.6932</value></Data><Data name="images_json"><value>[]</value></Data><Data name="image_count"><value>0</value></Data><Data name="source_file"><value>developed/akakus-developed.kml</value></Data><Data name="source_placemark_index"><value>77</value></Data><Data name="data_quality_status"><value>missing_media</value></Data></ExtendedData><Point><coordinates>10.6932,24.910984,0</coordinates></Point></Placemark><Placemark><name>وادي اشناتين</name><description>&lt;div class="atlas-popup" dir="rtl"&gt;&lt;h3&gt;وادي اشناتين&lt;/h3&gt;&lt;div class="atlas-popup-gallery"&gt;&lt;/div&gt;&lt;div class="atlas-popup-details"&gt;&lt;div&gt;&lt;strong&gt;الوصف:&lt;/strong&gt; الاسم باللغة الانجليزية: التصنيف: الوصف: X_COORD: 10.3907326 Y: 24.9209481&lt;/div&gt;&lt;/div&gt;&lt;/div&gt;</description><ExtendedData><Data name="atlas_id"><value>LY-AKAKUS-00078</value></Data><Data name="description"><value>الاسم باللغة الانجليزية: التصنيف: الوصف: X_COORD: 10.3907326 Y: 24.9209481</value></Data><Data name="image_count"><value>0</value></Data><Data name="source_file"><value>اكاكوس.kml</value></Data><Data name="images_json"><value>[]</value></Data><Data name="atlas_id"><value>LY-AKAKUS-00078</value></Data><Data name="image_count"><value>0</value></Data><Data name="source_file"><value>اكاكوس.kml</value></Data><Data name="images_json"><value>[]</value></Data><Data name="atlas_id"><value>LY-AKA-000078</value></Data><Data name="layer_id"><value>akakus</value></Data><Data name="layer_name_ar"><value>أكاكوس</value></Data><Data name="layer_name_en"><value>Akakus</value></Data><Data name="name_ar"><value>وادي اشناتين</value></Data><Data name="latitude"><value>24.920948</value></Data><Data name="longitude"><value>10.390733</value></Data><Data name="images_json"><value>[]</value></Data><Data name="image_count"><value>0</value></Data><Data name="source_file"><value>developed/akakus-developed.kml</value></Data><Data name="source_placemark_index"><value>78</value></Data><Data name="data_quality_status"><value>missing_media</value></Data></ExtendedData><Point><coordinates>10.390733,24.920948,0</coordinates></Point></Placemark><Placemark><name>وادي اميتالي</name><description>&lt;div class="atlas-popup" dir="rtl"&gt;&lt;h3&gt;وادي اميتالي&lt;/h3&gt;&lt;div class="atlas-popup-gallery"&gt;&lt;/div&gt;&lt;div class="atlas-popup-details"&gt;&lt;div&gt;&lt;strong&gt;الوصف:&lt;/strong&gt; الاسم باللغة الانجليزية: التصنيف: الوصف: X_COORD: 10.6287557 Y: 24.6122121&lt;/div&gt;&lt;/div&gt;&lt;/div&gt;</description><ExtendedData><Data name="atlas_id"><value>LY-AKAKUS-00079</value></Data><Data name="description"><value>الاسم باللغة الانجليزية: التصنيف: الوصف: X_COORD: 10.6287557 Y: 24.6122121</value></Data><Data name="image_count"><value>0</value></Data><Data name="source_file"><value>اكاكوس.kml</value></Data><Data name="images_json"><value>[]</value></Data><Data name="atlas_id"><value>LY-AKAKUS-00079</value></Data><Data name="image_count"><value>0</value></Data><Data name="source_file"><value>اكاكوس.kml</value></Data><Data name="images_json"><value>[]</value></Data><Data name="atlas_id"><value>LY-AKA-000079</value></Data><Data name="layer_id"><value>akakus</value></Data><Data name="layer_name_ar"><value>أكاكوس</value></Data><Data name="layer_name_en"><value>Akakus</value></Data><Data name="name_ar"><value>وادي اميتالي</value></Data><Data name="latitude"><value>24.612212</value></Data><Data name="longitude"><value>10.628756</value></Data><Data name="images_json"><value>[]</value></Data><Data name="image_count"><value>0</value></Data><Data name="source_file"><value>developed/akakus-developed.kml</value></Data><Data name="source_placemark_index"><value>79</value></Data><Data name="data_quality_status"><value>missing_media</value></Data></ExtendedData><Point><coordinates>10.628756,24.612212,0</coordinates></Point></Placemark><Placemark><name>تنسو</name><description>&lt;div class="atlas-popup" dir="rtl"&gt;&lt;h3&gt;تنسو&lt;/h3&gt;&lt;div class="atlas-popup-gallery"&gt;&lt;/div&gt;&lt;div class="atlas-popup-details"&gt;&lt;div&gt;&lt;strong&gt;الوصف:&lt;/strong&gt; الاسم باللغة الانجليزية: التصنيف: الوصف: X_COORD: 10.0479461 Y: 25.1114188&lt;/div&gt;&lt;/div&gt;&lt;/div&gt;</description><ExtendedData><Data name="atlas_id"><value>LY-AKAKUS-00080</value></Data><Data name="description"><value>الاسم باللغة الانجليزية: التصنيف: الوصف: X_COORD: 10.0479461 Y: 25.1114188</value></Data><Data name="image_count"><value>0</value></Data><Data name="source_file"><value>اكاكوس.kml</value></Data><Data name="images_json"><value>[]</value></Data><Data name="atlas_id"><value>LY-AKAKUS-00080</value></Data><Data name="image_count"><value>0</value></Data><Data name="source_file"><value>اكاكوس.kml</value></Data><Data name="images_json"><value>[]</value></Data><Data name="atlas_id"><value>LY-AKA-000080</value></Data><Data name="layer_id"><value>akakus</value></Data><Data name="layer_name_ar"><value>أكاكوس</value></Data><Data name="layer_name_en"><value>Akakus</value></Data><Data name="name_ar"><value>تنسو</value></Data><Data name="latitude"><value>25.111419</value></Data><Data name="longitude"><value>10.047946</value></Data><Data name="images_json"><value>[]</value></Data><Data name="image_count"><value>0</value></Data><Data name="source_file"><value>developed/akakus-developed.kml</value></Data><Data name="source_placemark_index"><value>80</value></Data><Data name="data_quality_status"><value>missing_media</value></Data></ExtendedData><Point><coordinates>10.047946,25.111419,0</coordinates></Point></Placemark><Placemark><name>بئر وادي الخير</name><description>&lt;div class="atlas-popup" dir="rtl"&gt;&lt;h3&gt;بئر وادي الخير&lt;/h3&gt;&lt;div class="atlas-popup-gallery"&gt;&lt;/div&gt;&lt;div class="atlas-popup-details"&gt;&lt;div&gt;&lt;strong&gt;الوصف:&lt;/strong&gt; التصنيف: الوصف: X: 11.0108792 Y: 25.4610419&lt;/div&gt;&lt;/div&gt;&lt;/div&gt;</description><ExtendedData><Data name="atlas_id"><value>LY-AKAKUS-00081</value></Data><Data name="description"><value>التصنيف: الوصف: X: 11.0108792 Y: 25.4610419</value></Data><Data name="image_count"><value>0</value></Data><Data name="source_file"><value>اكاكوس.kml</value></Data><Data name="images_json"><value>[]</value></Data><Data name="atlas_id"><value>LY-AKAKUS-00081</value></Data><Data name="image_count"><value>0</value></Data><Data name="source_file"><value>اكاكوس.kml</value></Data><Data name="images_json"><value>[]</value></Data><Data name="atlas_id"><value>LY-AKA-000081</value></Data><Data name="layer_id"><value>akakus</value></Data><Data name="layer_name_ar"><value>أكاكوس</value></Data><Data name="layer_name_en"><value>Akakus</value></Data><Data name="name_ar"><value>بئر وادي الخير</value></Data><Data name="latitude"><value>25.461042</value></Data><Data name="longitude"><value>11.010879</value></Data><Data name="images_json"><value>[]</value></Data><Data name="image_count"><value>0</value></Data><Data name="source_file"><value>developed/akakus-developed.kml</value></Data><Data name="source_placemark_index"><value>81</value></Data><Data name="data_quality_status"><value>missing_media</value></Data></ExtendedData><Point><coordinates>11.010879,25.461042,0</coordinates></Point></Placemark><Placemark><name>بئر تللوات</name><description>&lt;div class="atlas-popup" dir="rtl"&gt;&lt;h3&gt;بئر تللوات&lt;/h3&gt;&lt;div class="atlas-popup-gallery"&gt;&lt;/div&gt;&lt;div class="atlas-popup-details"&gt;&lt;div&gt;&lt;strong&gt;الوصف:&lt;/strong&gt; وادي تالواوت وسط جبال أكاكوس.. هي منطقة لا يصلها التيار الكهربائي، تقع على بعد 80 كم جنوب مدينة #العوينات.&lt;/div&gt;&lt;/div&gt;&lt;/div&gt;</description><ExtendedData><Data name="atlas_id"><value>LY-AKAKUS-00082</value></Data><Data name="description"><value>وادي تالواوت وسط جبال أكاكوس.. هي منطقة لا يصلها التيار الكهربائي، تقع على بعد 80 كم جنوب مدينة #العوينات.</value></Data><Data name="image_count"><value>0</value></Data><Data name="source_file"><value>اكاكوس.kml</value></Data><Data name="images_json"><value>[]</value></Data><Data name="atlas_id"><value>LY-AKAKUS-00082</value></Data><Data name="image_count"><value>0</value></Data><Data name="source_file"><value>اكاكوس.kml</value></Data><Data name="images_json"><value>[]</value></Data><Data name="atlas_id"><value>LY-AKA-000082</value></Data><Data name="layer_id"><value>akakus</value></Data><Data name="layer_name_ar"><value>أكاكوس</value></Data><Data name="layer_name_en"><value>Akakus</value></Data><Data name="name_ar"><value>بئر تللوات</value></Data><Data name="latitude"><value>25.22815</value></Data><Data name="longitude"><value>10.77752</value></Data><Data name="images_json"><value>[]</value></Data><Data name="image_count"><value>0</value></Data><Data name="source_file"><value>developed/akakus-developed.kml</value></Data><Data name="source_placemark_index"><value>82</value></Data><Data name="data_quality_status"><value>missing_media</value></Data></ExtendedData><Point><coordinates>10.77752,25.22815,0</coordinates></Point></Placemark><Placemark><name>بئر أباناكور</name><description>&lt;div class="atlas-popup" dir="rtl"&gt;&lt;h3&gt;بئر أباناكور&lt;/h3&gt;&lt;div class="atlas-popup-gallery"&gt;&lt;/div&gt;&lt;div class="atlas-popup-details"&gt;&lt;div&gt;&lt;strong&gt;الوصف:&lt;/strong&gt; التصنيف: الوصف: X: 10.35 Y: 25.31666&lt;/div&gt;&lt;/div&gt;&lt;/div&gt;</description><ExtendedData><Data name="atlas_id"><value>LY-AKAKUS-00083</value></Data><Data name="description"><value>التصنيف: الوصف: X: 10.35 Y: 25.31666</value></Data><Data name="image_count"><value>0</value></Data><Data name="source_file"><value>اكاكوس.kml</value></Data><Data name="images_json"><value>[]</value></Data><Data name="atlas_id"><value>LY-AKAKUS-00083</value></Data><Data name="image_count"><value>0</value></Data><Data name="source_file"><value>اكاكوس.kml</value></Data><Data name="images_json"><value>[]</value></Data><Data name="atlas_id"><value>LY-AKA-000083</value></Data><Data name="layer_id"><value>akakus</value></Data><Data name="layer_name_ar"><value>أكاكوس</value></Data><Data name="layer_name_en"><value>Akakus</value></Data><Data name="name_ar"><value>بئر أباناكور</value></Data><Data name="latitude"><value>25.31666</value></Data><Data name="longitude"><value>10.35</value></Data><Data name="images_json"><value>[]</value></Data><Data name="image_count"><value>0</value></Data><Data name="source_file"><value>developed/akakus-developed.kml</value></Data><Data name="source_placemark_index"><value>83</value></Data><Data name="data_quality_status"><value>missing_media</value></Data></ExtendedData><Point><coordinates>10.35,25.31666,0</coordinates></Point></Placemark><Placemark><name>بئر امينينغ</name><description>&lt;div class="atlas-popup" dir="rtl"&gt;&lt;h3&gt;بئر امينينغ&lt;/h3&gt;&lt;div class="atlas-popup-gallery"&gt;&lt;/div&gt;&lt;div class="atlas-popup-details"&gt;&lt;div&gt;&lt;strong&gt;التصنيف:&lt;/strong&gt; مصدر مياه جوفية&lt;/div&gt;&lt;div&gt;&lt;strong&gt;الوصف:&lt;/strong&gt; بئر أمينانر هو واحد من المصادر المائية القليلة في أعماق جبال أكاكوس جنوب-غرب ليبيا، ويعتبر نقطة مائية مهمة للسكان المحليين والرحّالين والقوافل الصحراوية. وهو أحد الآبار الحفرية الحديثة التي حُفرت للوصول إلى المياه الجوفية في طبقات الرمال العميقة للصحراء.&lt;/div&gt;&lt;/div&gt;&lt;/div&gt;</description><ExtendedData><Data name="atlas_id"><value>LY-AKAKUS-00084</value></Data><Data name="category"><value>مصدر مياه جوفية</value></Data><Data name="description"><value>بئر أمينانر هو واحد من المصادر المائية القليلة في أعماق جبال أكاكوس جنوب-غرب ليبيا، ويعتبر نقطة مائية مهمة للسكان المحليين والرحّالين والقوافل الصحراوية. وهو أحد الآبار الحفرية الحديثة التي حُفرت للوصول إلى المياه الجوفية في طبقات الرمال العميقة للصحراء.</value></Data><Data name="image_count"><value>0</value></Data><Data name="source_file"><value>اكاكوس.kml</value></Data><Data name="images_json"><value>[]</value></Data><Data name="atlas_id"><value>LY-AKAKUS-00084</value></Data><Data name="image_count"><value>0</value></Data><Data name="source_file"><value>اكاكوس.kml</value></Data><Data name="images_json"><value>[]</value></Data><Data name="atlas_id"><value>LY-AKA-000084</value></Data><Data name="layer_id"><value>akakus</value></Data><Data name="layer_name_ar"><value>أكاكوس</value></Data><Data name="layer_name_en"><value>Akakus</value></Data><Data name="name_ar"><value>بئر امينينغ</value></Data><Data name="latitude"><value>24.85944</value></Data><Data name="longitude"><value>10.66083</value></Data><Data name="images_json"><value>[]</value></Data><Data name="image_count"><value>0</value></Data><Data name="source_file"><value>developed/akakus-developed.kml</value></Data><Data name="source_placemark_index"><value>84</value></Data><Data name="data_quality_status"><value>missing_media</value></Data></ExtendedData><Point><coordinates>10.66083,24.85944,0</coordinates></Point></Placemark><Placemark><name>قلتة تين تراريت</name><description>&lt;div class="atlas-popup" dir="rtl"&gt;&lt;h3&gt;قلتة تين تراريت&lt;/h3&gt;&lt;div class="atlas-popup-gallery"&gt;&lt;/div&gt;&lt;div class="atlas-popup-details"&gt;&lt;div&gt;&lt;strong&gt;التصنيف:&lt;/strong&gt; هي احدى البرك المياه الطبيعية الواقعة في قلب الصحراء بمنطقة تادرارت أكاكوس وسط تكوينات صخرية شاهقة، تتجمع فيها المياه الأمطار لتشكل واحة مائية نادرة في بيئة صحراوية قاحلة وهي عبارة عن متحف مفتوح حيث تحتضن المنطقة العديد من النقوش الصخرية التي يعود بعضها الى أكثر من 12.000 سنة&lt;/div&gt;&lt;div&gt;&lt;strong&gt;الوصف:&lt;/strong&gt; طبيعي&lt;/div&gt;&lt;/div&gt;&lt;/div&gt;</description><ExtendedData><Data name="atlas_id"><value>LY-AKAKUS-00085</value></Data><Data name="category"><value>هي احدى البرك المياه الطبيعية الواقعة في قلب الصحراء بمنطقة تادرارت أكاكوس وسط تكوينات صخرية شاهقة، تتجمع فيها المياه الأمطار لتشكل واحة مائية نادرة في بيئة صحراوية قاحلة وهي عبارة عن متحف مفتوح حيث تحتضن المنطقة العديد من النقوش الصخرية التي يعود بعضها الى أكثر من 12.000 سنة</value></Data><Data name="description"><value>طبيعي</value></Data><Data name="image_count"><value>0</value></Data><Data name="source_file"><value>اكاكوس.kml</value></Data><Data name="images_json"><value>[]</value></Data><Data name="atlas_id"><value>LY-AKAKUS-00085</value></Data><Data name="image_count"><value>0</value></Data><Data name="source_file"><value>اكاكوس.kml</value></Data><Data name="images_json"><value>[]</value></Data><Data name="atlas_id"><value>LY-AKA-000085</value></Data><Data name="layer_id"><value>akakus</value></Data><Data name="layer_name_ar"><value>أكاكوس</value></Data><Data name="layer_name_en"><value>Akakus</value></Data><Data name="name_ar"><value>قلتة تين تراريت</value></Data><Data name="latitude"><value>25.291489</value></Data><Data name="longitude"><value>10.512277</value></Data><Data name="images_json"><value>[]</value></Data><Data name="image_count"><value>0</value></Data><Data name="source_file"><value>developed/akakus-developed.kml</value></Data><Data name="source_placemark_index"><value>85</value></Data><Data name="data_quality_status"><value>missing_media</value></Data></ExtendedData><Point><coordinates>10.512277,25.291489,0</coordinates></Point></Placemark><Placemark><name>قلتة ايوانين</name><description>&lt;div class="atlas-popup" dir="rtl"&gt;&lt;h3&gt;قلتة ايوانين&lt;/h3&gt;&lt;div class="atlas-popup-gallery"&gt;&lt;/div&gt;&lt;div class="atlas-popup-details"&gt;&lt;div&gt;&lt;strong&gt;التصنيف:&lt;/strong&gt; طبيعي&lt;/div&gt;&lt;div&gt;&lt;strong&gt;الوصف:&lt;/strong&gt; عي حوض كبير في التضاريس الصحراوية تتجمع فيه مياه الأمطار والسيول تتميز بموقعها الفريد الدي تحيط به التكوينات الصخرية العجيبة، مما يوفر بيئة خلابة ومصدر نادرا للحياة والمياه في قلب الصحراء القاحلة.&lt;/div&gt;&lt;/div&gt;&lt;/div&gt;</description><ExtendedData><Data name="atlas_id"><value>LY-AKAKUS-00086</value></Data><Data name="category"><value>طبيعي</value></Data><Data name="description"><value>عي حوض كبير في التضاريس الصحراوية تتجمع فيه مياه الأمطار والسيول تتميز بموقعها الفريد الدي تحيط به التكوينات الصخرية العجيبة، مما يوفر بيئة خلابة ومصدر نادرا للحياة والمياه في قلب الصحراء القاحلة.</value></Data><Data name="image_count"><value>0</value></Data><Data name="source_file"><value>اكاكوس.kml</value></Data><Data name="images_json"><value>[]</value></Data><Data name="atlas_id"><value>LY-AKAKUS-00086</value></Data><Data name="image_count"><value>0</value></Data><Data name="source_file"><value>اكاكوس.kml</value></Data><Data name="images_json"><value>[]</value></Data><Data name="atlas_id"><value>LY-AKA-000086</value></Data><Data name="layer_id"><value>akakus</value></Data><Data name="layer_name_ar"><value>أكاكوس</value></Data><Data name="layer_name_en"><value>Akakus</value></Data><Data name="name_ar"><value>قلتة ايوانين</value></Data><Data name="latitude"><value>24.961926</value></Data><Data name="longitude"><value>10.578334</value></Data><Data name="images_json"><value>[]</value></Data><Data name="image_count"><value>0</value></Data><Data name="source_file"><value>developed/akakus-developed.kml</value></Data><Data name="source_placemark_index"><value>86</value></Data><Data name="data_quality_status"><value>missing_media</value></Data></ExtendedData><Point><coordinates>10.578334,24.961926,0</coordinates></Point></Placemark><Placemark><name>بئر تلووا</name><description>&lt;div class="atlas-popup" dir="rtl"&gt;&lt;h3&gt;بئر تلووا&lt;/h3&gt;&lt;div class="atlas-popup-gallery"&gt;&lt;/div&gt;&lt;div class="atlas-popup-details"&gt;&lt;div&gt;&lt;strong&gt;التصنيف:&lt;/strong&gt; طبيعي&lt;/div&gt;&lt;div&gt;&lt;strong&gt;الوصف:&lt;/strong&gt; نقطة مياه شهيرة تقع في عمق سلسلة جبال الاكاكوس باقصى الجنوب الغربي لليبيا ضمن نطاق جبلي وعر ممتد لشرق مدينة غات الأثريةوتعتبر محطة أساسية وموقعاً استراتيجياً للتزود بالمياه والتخييم خلال الرحلات الاستكشافية والسياحية وسط الصحراء الكبرى&lt;/div&gt;&lt;/div&gt;&lt;/div&gt;</description><ExtendedData><Data name="atlas_id"><value>LY-AKAKUS-00087</value></Data><Data name="category"><value>طبيعي</value></Data><Data name="description"><value>نقطة مياه شهيرة تقع في عمق سلسلة جبال الاكاكوس باقصى الجنوب الغربي لليبيا ضمن نطاق جبلي وعر ممتد لشرق مدينة غات الأثريةوتعتبر محطة أساسية وموقعاً استراتيجياً للتزود بالمياه والتخييم خلال الرحلات الاستكشافية والسياحية وسط الصحراء الكبرى</value></Data><Data name="image_count"><value>0</value></Data><Data name="source_file"><value>اكاكوس.kml</value></Data><Data name="images_json"><value>[]</value></Data><Data name="atlas_id"><value>LY-AKAKUS-00087</value></Data><Data name="image_count"><value>0</value></Data><Data name="source_file"><value>اكاكوس.kml</value></Data><Data name="images_json"><value>[]</value></Data><Data name="atlas_id"><value>LY-AKA-000087</value></Data><Data name="layer_id"><value>akakus</value></Data><Data name="layer_name_ar"><value>أكاكوس</value></Data><Data name="layer_name_en"><value>Akakus</value></Data><Data name="name_ar"><value>بئر تلووا</value></Data><Data name="latitude"><value>25.4575</value></Data><Data name="longitude"><value>10.43968</value></Data><Data name="images_json"><value>[]</value></Data><Data name="image_count"><value>0</value></Data><Data name="source_file"><value>developed/akakus-developed.kml</value></Data><Data name="source_placemark_index"><value>87</value></Data><Data name="data_quality_status"><value>missing_media</value></Data></ExtendedData><Point><coordinates>10.43968,25.4575,0</coordinates></Point></Placemark><Placemark><name>بئر عليوين</name><description>&lt;div class="atlas-popup" dir="rtl"&gt;&lt;h3&gt;بئر عليوين&lt;/h3&gt;&lt;div class="atlas-popup-gallery"&gt;&lt;/div&gt;&lt;div class="atlas-popup-details"&gt;&lt;div&gt;&lt;strong&gt;الوصف:&lt;/strong&gt; التصنيف: الوصف: X: 10.7775 Y: 25.8055555555556&lt;/div&gt;&lt;/div&gt;&lt;/div&gt;</description><ExtendedData><Data name="atlas_id"><value>LY-AKAKUS-00088</value></Data><Data name="description"><value>التصنيف: الوصف: X: 10.7775 Y: 25.8055555555556</value></Data><Data name="image_count"><value>0</value></Data><Data name="source_file"><value>اكاكوس.kml</value></Data><Data name="images_json"><value>[]</value></Data><Data name="atlas_id"><value>LY-AKAKUS-00088</value></Data><Data name="image_count"><value>0</value></Data><Data name="source_file"><value>اكاكوس.kml</value></Data><Data name="images_json"><value>[]</value></Data><Data name="atlas_id"><value>LY-AKA-000088</value></Data><Data name="layer_id"><value>akakus</value></Data><Data name="layer_name_ar"><value>أكاكوس</value></Data><Data name="layer_name_en"><value>Akakus</value></Data><Data name="name_ar"><value>بئر عليوين</value></Data><Data name="latitude"><value>25.805556</value></Data><Data name="longitude"><value>10.7775</value></Data><Data name="images_json"><value>[]</value></Data><Data name="image_count"><value>0</value></Data><Data name="source_file"><value>developed/akakus-developed.kml</value></Data><Data name="source_placemark_index"><value>88</value></Data><Data name="data_quality_status"><value>missing_media</value></Data></ExtendedData><Point><coordinates>10.7775,25.805556,0</coordinates></Point></Placemark><Placemark><name>بئر تيلالان</name><description>&lt;div class="atlas-popup" dir="rtl"&gt;&lt;h3&gt;بئر تيلالان&lt;/h3&gt;&lt;div class="atlas-popup-gallery"&gt;&lt;/div&gt;&lt;div class="atlas-popup-details"&gt;&lt;div&gt;&lt;strong&gt;التصنيف:&lt;/strong&gt; مصدر مياه جوفية&lt;/div&gt;&lt;div&gt;&lt;strong&gt;الوصف:&lt;/strong&gt; هو أحد أهم المعالم والمواقع الأثرية والسياحية في قلب سلسلة جبال تدرارت أكاكوس في أقصى الجنوب الغربي لليبيا. يقع الموقع في منطقة صحراوية نائية تبعد حوالي 100 كيلومتر شرق مدينة غات. يُعرف &amp;quot;تيلالان&amp;quot; بشكل رئيسي بكونه موقعاً عالمياً بارزاً ضمن محمية أكاكوس الطبيعية التي أدرجتها منظمة اليونسكو (UNESCO) على قائمة التراث العالمي في عام 1985.&lt;/div&gt;&lt;/div&gt;&lt;/div&gt;</description><ExtendedData><Data name="atlas_id"><value>LY-AKAKUS-00089</value></Data><Data name="category"><value>مصدر مياه جوفية</value></Data><Data name="description"><value>هو أحد أهم المعالم والمواقع الأثرية والسياحية في قلب سلسلة جبال تدرارت أكاكوس في أقصى الجنوب الغربي لليبيا. يقع الموقع في منطقة صحراوية نائية تبعد حوالي 100 كيلومتر شرق مدينة غات. يُعرف "تيلالان" بشكل رئيسي بكونه موقعاً عالمياً بارزاً ضمن محمية أكاكوس الطبيعية التي أدرجتها منظمة اليونسكو (UNESCO) على قائمة التراث العالمي في عام 1985.</value></Data><Data name="image_count"><value>0</value></Data><Data name="source_file"><value>اكاكوس.kml</value></Data><Data name="images_json"><value>[]</value></Data><Data name="atlas_id"><value>LY-AKAKUS-00089</value></Data><Data name="image_count"><value>0</value></Data><Data name="source_file"><value>اكاكوس.kml</value></Data><Data name="images_json"><value>[]</value></Data><Data name="atlas_id"><value>LY-AKA-000089</value></Data><Data name="layer_id"><value>akakus</value></Data><Data name="layer_name_ar"><value>أكاكوس</value></Data><Data name="layer_name_en"><value>Akakus</value></Data><Data name="name_ar"><value>بئر تيلالان</value></Data><Data name="latitude"><value>25.61103</value></Data><Data name="longitude"><value>10.6287</value></Data><Data name="images_json"><value>[]</value></Data><Data name="image_count"><value>0</value></Data><Data name="source_file"><value>developed/akakus-developed.kml</value></Data><Data name="source_placemark_index"><value>89</value></Data><Data name="data_quality_status"><value>missing_media</value></Data></ExtendedData><Point><coordinates>10.6287,25.61103,0</coordinates></Point></Placemark><Placemark><name>بئر سلماجين</name><description>&lt;div class="atlas-popup" dir="rtl"&gt;&lt;h3&gt;بئر سلماجين&lt;/h3&gt;&lt;div class="atlas-popup-gallery"&gt;&lt;/div&gt;&lt;div class="atlas-popup-details"&gt;&lt;div&gt;&lt;strong&gt;التصنيف:&lt;/strong&gt; مصدر مياه جوفية&lt;/div&gt;&lt;div&gt;&lt;strong&gt;الوصف:&lt;/strong&gt; • يقع وادي سلماجين (الذي يُعرف محلياً أيضاً باسم &amp;quot;تن خلجة&amp;quot;) في قلب سلسلة جبال أكاكوس الصخرية المهيبة في أقصى الجنوب الغربي للصحراء الليبية، ويبعد حوالي 100 كم إلى الشرق من مدينة غات الأثرية. المنطقة عبارة عن متحف طبيعي مفتوح يزخر بالنقوش القديمة والتكوينات الصخرية الفريدة.&lt;/div&gt;&lt;/div&gt;&lt;/div&gt;</description><ExtendedData><Data name="atlas_id"><value>LY-AKAKUS-00090</value></Data><Data name="category"><value>مصدر مياه جوفية</value></Data><Data name="description"><value>• يقع وادي سلماجين (الذي يُعرف محلياً أيضاً باسم "تن خلجة") في قلب سلسلة جبال أكاكوس الصخرية المهيبة في أقصى الجنوب الغربي للصحراء الليبية، ويبعد حوالي 100 كم إلى الشرق من مدينة غات الأثرية. المنطقة عبارة عن متحف طبيعي مفتوح يزخر بالنقوش القديمة والتكوينات الصخرية الفريدة.</value></Data><Data name="image_count"><value>0</value></Data><Data name="source_file"><value>اكاكوس.kml</value></Data><Data name="images_json"><value>[]</value></Data><Data name="atlas_id"><value>LY-AKAKUS-00090</value></Data><Data name="image_count"><value>0</value></Data><Data name="source_file"><value>اكاكوس.kml</value></Data><Data name="images_json"><value>[]</value></Data><Data name="atlas_id"><value>LY-AKA-000090</value></Data><Data name="layer_id"><value>akakus</value></Data><Data name="layer_name_ar"><value>أكاكوس</value></Data><Data name="layer_name_en"><value>Akakus</value></Data><Data name="name_ar"><value>بئر سلماجين</value></Data><Data name="latitude"><value>25.482636</value></Data><Data name="longitude"><value>10.005756</value></Data><Data name="images_json"><value>[]</value></Data><Data name="image_count"><value>0</value></Data><Data name="source_file"><value>developed/akakus-developed.kml</value></Data><Data name="source_placemark_index"><value>90</value></Data><Data name="data_quality_status"><value>missing_media</value></Data></ExtendedData><Point><coordinates>10.005756,25.482636,0</coordinates></Point></Placemark><Placemark><name>بئر تيترزين</name><description>&lt;div class="atlas-popup" dir="rtl"&gt;&lt;h3&gt;بئر تيترزين&lt;/h3&gt;&lt;div class="atlas-popup-gallery"&gt;&lt;/div&gt;&lt;div class="atlas-popup-details"&gt;&lt;div&gt;&lt;strong&gt;التصنيف:&lt;/strong&gt; مصدر مياه جوفية&lt;/div&gt;&lt;div&gt;&lt;strong&gt;الوصف:&lt;/strong&gt; يُعد بئر تيترزين (أو تيترا زين) من أهم وأشهر آبار المياه الجوفية التاريخية، ويقع في قلب صحراء &amp;quot;تادرارت أكاكوس&amp;quot; (جبال أكاكوس) في أقصى الجنوب الغربي لليبيا، بالقرب من مدينة غات التاريخية.&lt;/div&gt;&lt;/div&gt;&lt;/div&gt;</description><ExtendedData><Data name="atlas_id"><value>LY-AKAKUS-00091</value></Data><Data name="category"><value>مصدر مياه جوفية</value></Data><Data name="description"><value>يُعد بئر تيترزين (أو تيترا زين) من أهم وأشهر آبار المياه الجوفية التاريخية، ويقع في قلب صحراء "تادرارت أكاكوس" (جبال أكاكوس) في أقصى الجنوب الغربي لليبيا، بالقرب من مدينة غات التاريخية.</value></Data><Data name="image_count"><value>0</value></Data><Data name="source_file"><value>اكاكوس.kml</value></Data><Data name="images_json"><value>[]</value></Data><Data name="atlas_id"><value>LY-AKAKUS-00091</value></Data><Data name="image_count"><value>0</value></Data><Data name="source_file"><value>اكاكوس.kml</value></Data><Data name="images_json"><value>[]</value></Data><Data name="atlas_id"><value>LY-AKA-000091</value></Data><Data name="layer_id"><value>akakus</value></Data><Data name="layer_name_ar"><value>أكاكوس</value></Data><Data name="layer_name_en"><value>Akakus</value></Data><Data name="name_ar"><value>بئر تيترزين</value></Data><Data name="latitude"><value>25.519922</value></Data><Data name="longitude"><value>9.928975</value></Data><Data name="images_json"><value>[]</value></Data><Data name="image_count"><value>0</value></Data><Data name="source_file"><value>developed/akakus-developed.kml</value></Data><Data name="source_placemark_index"><value>91</value></Data><Data name="data_quality_status"><value>missing_media</value></Data></ExtendedData><Point><coordinates>9.928975,25.519922,0</coordinates></Point></Placemark><Placemark><name>قلتة تين اميتيلي</name><description>&lt;div class="atlas-popup" dir="rtl"&gt;&lt;h3&gt;قلتة تين اميتيلي&lt;/h3&gt;&lt;div class="atlas-popup-gallery"&gt;&lt;/div&gt;&lt;div class="atlas-popup-details"&gt;&lt;div&gt;&lt;strong&gt;الوصف:&lt;/strong&gt; التصنيف: الوصف: X: 10.6466397 Y: 24.6032768&lt;/div&gt;&lt;/div&gt;&lt;/div&gt;</description><ExtendedData><Data name="atlas_id"><value>LY-AKAKUS-00092</value></Data><Data name="description"><value>التصنيف: الوصف: X: 10.6466397 Y: 24.6032768</value></Data><Data name="image_count"><value>0</value></Data><Data name="source_file"><value>اكاكوس.kml</value></Data><Data name="images_json"><value>[]</value></Data><Data name="atlas_id"><value>LY-AKAKUS-00092</value></Data><Data name="image_count"><value>0</value></Data><Data name="source_file"><value>اكاكوس.kml</value></Data><Data name="images_json"><value>[]</value></Data><Data name="atlas_id"><value>LY-AKA-000092</value></Data><Data name="layer_id"><value>akakus</value></Data><Data name="layer_name_ar"><value>أكاكوس</value></Data><Data name="layer_name_en"><value>Akakus</value></Data><Data name="name_ar"><value>قلتة تين اميتيلي</value></Data><Data name="latitude"><value>24.603277</value></Data><Data name="longitude"><value>10.64664</value></Data><Data name="images_json"><value>[]</value></Data><Data name="image_count"><value>0</value></Data><Data name="source_file"><value>developed/akakus-developed.kml</value></Data><Data name="source_placemark_index"><value>92</value></Data><Data name="data_quality_status"><value>missing_media</value></Data></ExtendedData><Point><coordinates>10.64664,24.603277,0</coordinates></Point></Placemark><Placemark><name>قلتة بوبو</name><description>&lt;div class="atlas-popup" dir="rtl"&gt;&lt;h3&gt;قلتة بوبو&lt;/h3&gt;&lt;div class="atlas-popup-gallery"&gt;&lt;/div&gt;&lt;div class="atlas-popup-details"&gt;&lt;div&gt;&lt;strong&gt;الوصف:&lt;/strong&gt; التصنيف: الوصف: X: 10.6378348 Y: 24.5799032&lt;/div&gt;&lt;/div&gt;&lt;/div&gt;</description><ExtendedData><Data name="atlas_id"><value>LY-AKAKUS-00093</value></Data><Data name="description"><value>التصنيف: الوصف: X: 10.6378348 Y: 24.5799032</value></Data><Data name="image_count"><value>0</value></Data><Data name="source_file"><value>اكاكوس.kml</value></Data><Data name="images_json"><value>[]</value></Data><Data name="atlas_id"><value>LY-AKAKUS-00093</value></Data><Data name="image_count"><value>0</value></Data><Data name="source_file"><value>اكاكوس.kml</value></Data><Data name="images_json"><value>[]</value></Data><Data name="atlas_id"><value>LY-AKA-000093</value></Data><Data name="layer_id"><value>akakus</value></Data><Data name="layer_name_ar"><value>أكاكوس</value></Data><Data name="layer_name_en"><value>Akakus</value></Data><Data name="name_ar"><value>قلتة بوبو</value></Data><Data name="latitude"><value>24.579903</value></Data><Data name="longitude"><value>10.637835</value></Data><Data name="images_json"><value>[]</value></Data><Data name="image_count"><value>0</value></Data><Data name="source_file"><value>developed/akakus-developed.kml</value></Data><Data name="source_placemark_index"><value>93</value></Data><Data name="data_quality_status"><value>missing_media</value></Data></ExtendedData><Point><coordinates>10.637835,24.579903,0</coordinates></Point></Placemark><Placemark><name>قلتة تيبستين</name><description>&lt;div class="atlas-popup" dir="rtl"&gt;&lt;h3&gt;قلتة تيبستين&lt;/h3&gt;&lt;div class="atlas-popup-gallery"&gt;&lt;/div&gt;&lt;div class="atlas-popup-details"&gt;&lt;div&gt;&lt;strong&gt;الوصف:&lt;/strong&gt; التصنيف: الوصف: X: 10.5558641 Y: 24.894657&lt;/div&gt;&lt;/div&gt;&lt;/div&gt;</description><ExtendedData><Data name="atlas_id"><value>LY-AKAKUS-00094</value></Data><Data name="description"><value>التصنيف: الوصف: X: 10.5558641 Y: 24.894657</value></Data><Data name="image_count"><value>0</value></Data><Data name="source_file"><value>اكاكوس.kml</value></Data><Data name="images_json"><value>[]</value></Data><Data name="atlas_id"><value>LY-AKAKUS-00094</value></Data><Data name="image_count"><value>0</value></Data><Data name="source_file"><value>اكاكوس.kml</value></Data><Data name="images_json"><value>[]</value></Data><Data name="atlas_id"><value>LY-AKA-000094</value></Data><Data name="layer_id"><value>akakus</value></Data><Data name="layer_name_ar"><value>أكاكوس</value></Data><Data name="layer_name_en"><value>Akakus</value></Data><Data name="name_ar"><value>قلتة تيبستين</value></Data><Data name="latitude"><value>24.894657</value></Data><Data name="longitude"><value>10.555864</value></Data><Data name="images_json"><value>[]</value></Data><Data name="image_count"><value>0</value></Data><Data name="source_file"><value>developed/akakus-developed.kml</value></Data><Data name="source_placemark_index"><value>94</value></Data><Data name="data_quality_status"><value>missing_media</value></Data></ExtendedData><Point><coordinates>10.555864,24.894657,0</coordinates></Point></Placemark><Placemark><name>قلتة انتريكي</name><description>&lt;div class="atlas-popup" dir="rtl"&gt;&lt;h3&gt;قلتة انتريكي&lt;/h3&gt;&lt;div class="atlas-popup-gallery"&gt;&lt;/div&gt;&lt;div class="atlas-popup-details"&gt;&lt;div&gt;&lt;strong&gt;الوصف:&lt;/strong&gt; التصنيف: الوصف: X: 10.5412635 Y: 24.7432667&lt;/div&gt;&lt;/div&gt;&lt;/div&gt;</description><ExtendedData><Data name="atlas_id"><value>LY-AKAKUS-00095</value></Data><Data name="description"><value>التصنيف: الوصف: X: 10.5412635 Y: 24.7432667</value></Data><Data name="image_count"><value>0</value></Data><Data name="source_file"><value>اكاكوس.kml</value></Data><Data name="images_json"><value>[]</value></Data><Data name="atlas_id"><value>LY-AKAKUS-00095</value></Data><Data name="image_count"><value>0</value></Data><Data name="source_file"><value>اكاكوس.kml</value></Data><Data name="images_json"><value>[]</value></Data><Data name="atlas_id"><value>LY-AKA-000095</value></Data><Data name="layer_id"><value>akakus</value></Data><Data name="layer_name_ar"><value>أكاكوس</value></Data><Data name="layer_name_en"><value>Akakus</value></Data><Data name="name_ar"><value>قلتة انتريكي</value></Data><Data name="latitude"><value>24.743267</value></Data><Data name="longitude"><value>10.541264</value></Data><Data name="images_json"><value>[]</value></Data><Data name="image_count"><value>0</value></Data><Data name="source_file"><value>developed/akakus-developed.kml</value></Data><Data name="source_placemark_index"><value>95</value></Data><Data name="data_quality_status"><value>missing_media</value></Data></ExtendedData><Point><coordinates>10.541264,24.743267,0</coordinates></Point></Placemark><Placemark><name>الفوار الساخن</name><description>&lt;div class="atlas-popup" dir="rtl"&gt;&lt;h3&gt;الفوار الساخن&lt;/h3&gt;&lt;div class="atlas-popup-gallery"&gt;&lt;/div&gt;&lt;div class="atlas-popup-details"&gt;&lt;div&gt;&lt;strong&gt;الوصف:&lt;/strong&gt; التصنيف: الوصف: X: 10.25588 Y: 25.17864&lt;/div&gt;&lt;/div&gt;&lt;/div&gt;</description><ExtendedData><Data name="atlas_id"><value>LY-AKAKUS-00096</value></Data><Data name="description"><value>التصنيف: الوصف: X: 10.25588 Y: 25.17864</value></Data><Data name="image_count"><value>0</value></Data><Data name="source_file"><value>اكاكوس.kml</value></Data><Data name="images_json"><value>[]</value></Data><Data name="atlas_id"><value>LY-AKAKUS-00096</value></Data><Data name="image_count"><value>0</value></Data><Data name="source_file"><value>اكاكوس.kml</value></Data><Data name="images_json"><value>[]</value></Data><Data name="atlas_id"><value>LY-AKA-000096</value></Data><Data name="layer_id"><value>akakus</value></Data><Data name="layer_name_ar"><value>أكاكوس</value></Data><Data name="layer_name_en"><value>Akakus</value></Data><Data name="name_ar"><value>الفوار الساخن</value></Data><Data name="latitude"><value>25.17864</value></Data><Data name="longitude"><value>10.25588</value></Data><Data name="images_json"><value>[]</value></Data><Data name="image_count"><value>0</value></Data><Data name="source_file"><value>developed/akakus-developed.kml</value></Data><Data name="source_placemark_index"><value>96</value></Data><Data name="data_quality_status"><value>missing_media</value></Data></ExtendedData><Point><coordinates>10.25588,25.17864,0</coordinates></Point></Placemark><Placemark><name>قلتة تيقلتري</name><description>&lt;div class="atlas-popup" dir="rtl"&gt;&lt;h3&gt;قلتة تيقلتري&lt;/h3&gt;&lt;div class="atlas-popup-gallery"&gt;&lt;/div&gt;&lt;div class="atlas-popup-details"&gt;&lt;div&gt;&lt;strong&gt;الوصف:&lt;/strong&gt; التصنيف: الوصف: X: 10.5817294 Y: 25.0416571&lt;/div&gt;&lt;/div&gt;&lt;/div&gt;</description><ExtendedData><Data name="atlas_id"><value>LY-AKAKUS-00097</value></Data><Data name="description"><value>التصنيف: الوصف: X: 10.5817294 Y: 25.0416571</value></Data><Data name="image_count"><value>0</value></Data><Data name="source_file"><value>اكاكوس.kml</value></Data><Data name="images_json"><value>[]</value></Data><Data name="atlas_id"><value>LY-AKAKUS-00097</value></Data><Data name="image_count"><value>0</value></Data><Data name="source_file"><value>اكاكوس.kml</value></Data><Data name="images_json"><value>[]</value></Data><Data name="atlas_id"><value>LY-AKA-000097</value></Data><Data name="layer_id"><value>akakus</value></Data><Data name="layer_name_ar"><value>أكاكوس</value></Data><Data name="layer_name_en"><value>Akakus</value></Data><Data name="name_ar"><value>قلتة تيقلتري</value></Data><Data name="latitude"><value>25.041657</value></Data><Data name="longitude"><value>10.581729</value></Data><Data name="images_json"><value>[]</value></Data><Data name="image_count"><value>0</value></Data><Data name="source_file"><value>developed/akakus-developed.kml</value></Data><Data name="source_placemark_index"><value>97</value></Data><Data name="data_quality_status"><value>missing_media</value></Data></ExtendedData><Point><coordinates>10.581729,25.041657,0</coordinates></Point></Placemark><Placemark><name>وادي تيهرين</name><description>&lt;div class="atlas-popup" dir="rtl"&gt;&lt;h3&gt;وادي تيهرين&lt;/h3&gt;&lt;div class="atlas-popup-gallery"&gt;&lt;/div&gt;&lt;div class="atlas-popup-details"&gt;&lt;div&gt;&lt;strong&gt;الوصف:&lt;/strong&gt; التصنيف: الوصف: X: 10.5532873 Y: 24.906083&lt;/div&gt;&lt;/div&gt;&lt;/div&gt;</description><ExtendedData><Data name="atlas_id"><value>LY-AKAKUS-00098</value></Data><Data name="description"><value>التصنيف: الوصف: X: 10.5532873 Y: 24.906083</value></Data><Data name="image_count"><value>0</value></Data><Data name="source_file"><value>اكاكوس.kml</value></Data><Data name="images_json"><value>[]</value></Data><Data name="atlas_id"><value>LY-AKAKUS-00098</value></Data><Data name="image_count"><value>0</value></Data><Data name="source_file"><value>اكاكوس.kml</value></Data><Data name="images_json"><value>[]</value></Data><Data name="atlas_id"><value>LY-AKA-000098</value></Data><Data name="layer_id"><value>akakus</value></Data><Data name="layer_name_ar"><value>أكاكوس</value></Data><Data name="layer_name_en"><value>Akakus</value></Data><Data name="name_ar"><value>وادي تيهرين</value></Data><Data name="latitude"><value>24.906083</value></Data><Data name="longitude"><value>10.553287</value></Data><Data name="images_json"><value>[]</value></Data><Data name="image_count"><value>0</value></Data><Data name="source_file"><value>developed/akakus-developed.kml</value></Data><Data name="source_placemark_index"><value>98</value></Data><Data name="data_quality_status"><value>missing_media</value></Data></ExtendedData><Point><coordinates>10.553287,24.906083,0</coordinates></Point></Placemark><Placemark><name>مدخل تين لالان</name><description>&lt;div class="atlas-popup" dir="rtl"&gt;&lt;h3&gt;مدخل تين لالان&lt;/h3&gt;&lt;div class="atlas-popup-gallery"&gt;&lt;/div&gt;&lt;div class="atlas-popup-details"&gt;&lt;div&gt;&lt;strong&gt;الوصف:&lt;/strong&gt; التصنيف: الوصف: X: 11.0034562 Y: 25.8246694&lt;/div&gt;&lt;/div&gt;&lt;/div&gt;</description><ExtendedData><Data name="atlas_id"><value>LY-AKAKUS-00099</value></Data><Data name="description"><value>التصنيف: الوصف: X: 11.0034562 Y: 25.8246694</value></Data><Data name="image_count"><value>0</value></Data><Data name="source_file"><value>اكاكوس.kml</value></Data><Data name="images_json"><value>[]</value></Data><Data name="atlas_id"><value>LY-AKAKUS-00099</value></Data><Data name="image_count"><value>0</value></Data><Data name="source_file"><value>اكاكوس.kml</value></Data><Data name="images_json"><value>[]</value></Data><Data name="atlas_id"><value>LY-AKA-000099</value></Data><Data name="layer_id"><value>akakus</value></Data><Data name="layer_name_ar"><value>أكاكوس</value></Data><Data name="layer_name_en"><value>Akakus</value></Data><Data name="name_ar"><value>مدخل تين لالان</value></Data><Data name="latitude"><value>25.824669</value></Data><Data name="longitude"><value>11.003456</value></Data><Data name="images_json"><value>[]</value></Data><Data name="image_count"><value>0</value></Data><Data name="source_file"><value>developed/akakus-developed.kml</value></Data><Data name="source_placemark_index"><value>99</value></Data><Data name="data_quality_status"><value>missing_media</value></Data></ExtendedData><Point><coordinates>11.003456,25.824669,0</coordinates></Point></Placemark><Placemark><name>نقطة مراقبة الشرطة السياحية</name><description>&lt;div class="atlas-popup" dir="rtl"&gt;&lt;h3&gt;نقطة مراقبة الشرطة السياحية&lt;/h3&gt;&lt;div class="atlas-popup-gallery"&gt;&lt;/div&gt;&lt;div class="atlas-popup-details"&gt;&lt;div&gt;&lt;strong&gt;الوصف:&lt;/strong&gt; التصنيف: الوصف: X: 10.6645793 Y: 24.8606097&lt;/div&gt;&lt;/div&gt;&lt;/div&gt;</description><ExtendedData><Data name="atlas_id"><value>LY-AKAKUS-00100</value></Data><Data name="description"><value>التصنيف: الوصف: X: 10.6645793 Y: 24.8606097</value></Data><Data name="image_count"><value>0</value></Data><Data name="source_file"><value>اكاكوس.kml</value></Data><Data name="images_json"><value>[]</value></Data><Data name="atlas_id"><value>LY-AKAKUS-00100</value></Data><Data name="image_count"><value>0</value></Data><Data name="source_file"><value>اكاكوس.kml</value></Data><Data name="images_json"><value>[]</value></Data><Data name="atlas_id"><value>LY-AKA-000100</value></Data><Data name="layer_id"><value>akakus</value></Data><Data name="layer_name_ar"><value>أكاكوس</value></Data><Data name="layer_name_en"><value>Akakus</value></Data><Data name="name_ar"><value>نقطة مراقبة الشرطة السياحية</value></Data><Data name="latitude"><value>24.86061</value></Data><Data name="longitude"><value>10.664579</value></Data><Data name="images_json"><value>[]</value></Data><Data name="image_count"><value>0</value></Data><Data name="source_file"><value>developed/akakus-developed.kml</value></Data><Data name="source_placemark_index"><value>100</value></Data><Data name="data_quality_status"><value>missing_media</value></Data></ExtendedData><Point><coordinates>10.664579,24.86061,0</coordinates></Point></Placemark><Placemark><name>مدخل حقل الفيل</name><description>&lt;div class="atlas-popup" dir="rtl"&gt;&lt;h3&gt;مدخل حقل الفيل&lt;/h3&gt;&lt;div class="atlas-popup-gallery"&gt;&lt;/div&gt;&lt;div class="atlas-popup-details"&gt;&lt;div&gt;&lt;strong&gt;الوصف:&lt;/strong&gt; التصنيف: الوصف: X: 11.5463137 Y: 25.9385472&lt;/div&gt;&lt;/div&gt;&lt;/div&gt;</description><ExtendedData><Data name="atlas_id"><value>LY-AKAKUS-00101</value></Data><Data name="description"><value>التصنيف: الوصف: X: 11.5463137 Y: 25.9385472</value></Data><Data name="image_count"><value>0</value></Data><Data name="source_file"><value>اكاكوس.kml</value></Data><Data name="images_json"><value>[]</value></Data><Data name="atlas_id"><value>LY-AKAKUS-00101</value></Data><Data name="image_count"><value>0</value></Data><Data name="source_file"><value>اكاكوس.kml</value></Data><Data name="images_json"><value>[]</value></Data><Data name="atlas_id"><value>LY-AKA-000101</value></Data><Data name="layer_id"><value>akakus</value></Data><Data name="layer_name_ar"><value>أكاكوس</value></Data><Data name="layer_name_en"><value>Akakus</value></Data><Data name="name_ar"><value>مدخل حقل الفيل</value></Data><Data name="latitude"><value>25.938547</value></Data><Data name="longitude"><value>11.546314</value></Data><Data name="images_json"><value>[]</value></Data><Data name="image_count"><value>0</value></Data><Data name="source_file"><value>developed/akakus-developed.kml</value></Data><Data name="source_placemark_index"><value>101</value></Data><Data name="data_quality_status"><value>missing_media</value></Data></ExtendedData><Point><coordinates>11.546314,25.938547,0</coordinates></Point></Placemark><Placemark><name>مدخل يفضي إلى مساك ستافت</name><description>&lt;div class="atlas-popup" dir="rtl"&gt;&lt;h3&gt;مدخل يفضي إلى مساك ستافت&lt;/h3&gt;&lt;div class="atlas-popup-gallery"&gt;&lt;/div&gt;&lt;div class="atlas-popup-details"&gt;&lt;div&gt;&lt;strong&gt;الوصف:&lt;/strong&gt; التصنيف: الوصف: X: 10.77604 Y: 25.81492&lt;/div&gt;&lt;/div&gt;&lt;/div&gt;</description><ExtendedData><Data name="atlas_id"><value>LY-AKAKUS-00102</value></Data><Data name="description"><value>التصنيف: الوصف: X: 10.77604 Y: 25.81492</value></Data><Data name="image_count"><value>0</value></Data><Data name="source_file"><value>اكاكوس.kml</value></Data><Data name="images_json"><value>[]</value></Data><Data name="atlas_id"><value>LY-AKAKUS-00102</value></Data><Data name="image_count"><value>0</value></Data><Data name="source_file"><value>اكاكوس.kml</value></Data><Data name="images_json"><value>[]</value></Data><Data name="atlas_id"><value>LY-AKA-000102</value></Data><Data name="layer_id"><value>akakus</value></Data><Data name="layer_name_ar"><value>أكاكوس</value></Data><Data name="layer_name_en"><value>Akakus</value></Data><Data name="name_ar"><value>مدخل يفضي إلى مساك ستافت</value></Data><Data name="latitude"><value>25.81492</value></Data><Data name="longitude"><value>10.77604</value></Data><Data name="images_json"><value>[]</value></Data><Data name="image_count"><value>0</value></Data><Data name="source_file"><value>developed/akakus-developed.kml</value></Data><Data name="source_placemark_index"><value>102</value></Data><Data name="data_quality_status"><value>missing_media</value></Data></ExtendedData><Point><coordinates>10.77604,25.81492,0</coordinates></Point></Placemark><Placemark><name>مدخل تخرخوري</name><description>&lt;div class="atlas-popup" dir="rtl"&gt;&lt;h3&gt;مدخل تخرخوري&lt;/h3&gt;&lt;div class="atlas-popup-gallery"&gt;&lt;/div&gt;&lt;div class="atlas-popup-details"&gt;&lt;div&gt;&lt;strong&gt;الوصف:&lt;/strong&gt; التصنيف: الوصف: X: 10.1961285 Y: 24.6808745&lt;/div&gt;&lt;/div&gt;&lt;/div&gt;</description><ExtendedData><Data name="atlas_id"><value>LY-AKAKUS-00103</value></Data><Data name="description"><value>التصنيف: الوصف: X: 10.1961285 Y: 24.6808745</value></Data><Data name="image_count"><value>0</value></Data><Data name="source_file"><value>اكاكوس.kml</value></Data><Data name="images_json"><value>[]</value></Data><Data name="atlas_id"><value>LY-AKAKUS-00103</value></Data><Data name="image_count"><value>0</value></Data><Data name="source_file"><value>اكاكوس.kml</value></Data><Data name="images_json"><value>[]</value></Data><Data name="atlas_id"><value>LY-AKA-000103</value></Data><Data name="layer_id"><value>akakus</value></Data><Data name="layer_name_ar"><value>أكاكوس</value></Data><Data name="layer_name_en"><value>Akakus</value></Data><Data name="name_ar"><value>مدخل تخرخوري</value></Data><Data name="latitude"><value>24.680874</value></Data><Data name="longitude"><value>10.196128</value></Data><Data name="images_json"><value>[]</value></Data><Data name="image_count"><value>0</value></Data><Data name="source_file"><value>developed/akakus-developed.kml</value></Data><Data name="source_placemark_index"><value>103</value></Data><Data name="data_quality_status"><value>missing_media</value></Data></ExtendedData><Point><coordinates>10.196128,24.680874,0</coordinates></Point></Placemark><Placemark><name>ممر تلمسين</name><description>&lt;div class="atlas-popup" dir="rtl"&gt;&lt;h3&gt;ممر تلمسين&lt;/h3&gt;&lt;div class="atlas-popup-gallery"&gt;&lt;/div&gt;&lt;div class="atlas-popup-details"&gt;&lt;div&gt;&lt;strong&gt;الوصف:&lt;/strong&gt; التصنيف: الوصف: X: 11.58233 Y: 24.77426&lt;/div&gt;&lt;/div&gt;&lt;/div&gt;</description><ExtendedData><Data name="atlas_id"><value>LY-AKAKUS-00104</value></Data><Data name="description"><value>التصنيف: الوصف: X: 11.58233 Y: 24.77426</value></Data><Data name="image_count"><value>0</value></Data><Data name="source_file"><value>اكاكوس.kml</value></Data><Data name="images_json"><value>[]</value></Data><Data name="atlas_id"><value>LY-AKAKUS-00104</value></Data><Data name="image_count"><value>0</value></Data><Data name="source_file"><value>اكاكوس.kml</value></Data><Data name="images_json"><value>[]</value></Data><Data name="atlas_id"><value>LY-AKA-000104</value></Data><Data name="layer_id"><value>akakus</value></Data><Data name="layer_name_ar"><value>أكاكوس</value></Data><Data name="layer_name_en"><value>Akakus</value></Data><Data name="name_ar"><value>ممر تلمسين</value></Data><Data name="latitude"><value>24.77426</value></Data><Data name="longitude"><value>11.58233</value></Data><Data name="images_json"><value>[]</value></Data><Data name="image_count"><value>0</value></Data><Data name="source_file"><value>developed/akakus-developed.kml</value></Data><Data name="source_placemark_index"><value>104</value></Data><Data name="data_quality_status"><value>missing_media</value></Data></ExtendedData><Point><coordinates>11.58233,24.77426,0</coordinates></Point></Placemark><Placemark><name>المثلث الحدودي</name><description>&lt;div class="atlas-popup" dir="rtl"&gt;&lt;h3&gt;المثلث الحدودي&lt;/h3&gt;&lt;div class="atlas-popup-gallery"&gt;&lt;/div&gt;&lt;div class="atlas-popup-details"&gt;&lt;div&gt;&lt;strong&gt;الوصف:&lt;/strong&gt; التصنيف: الوصف: X: 12.00009 Y: 23.49846&lt;/div&gt;&lt;/div&gt;&lt;/div&gt;</description><ExtendedData><Data name="atlas_id"><value>LY-AKAKUS-00105</value></Data><Data name="description"><value>التصنيف: الوصف: X: 12.00009 Y: 23.49846</value></Data><Data name="image_count"><value>0</value></Data><Data name="source_file"><value>اكاكوس.kml</value></Data><Data name="images_json"><value>[]</value></Data><Data name="atlas_id"><value>LY-AKAKUS-00105</value></Data><Data name="image_count"><value>0</value></Data><Data name="source_file"><value>اكاكوس.kml</value></Data><Data name="images_json"><value>[]</value></Data><Data name="atlas_id"><value>LY-AKA-000105</value></Data><Data name="layer_id"><value>akakus</value></Data><Data name="layer_name_ar"><value>أكاكوس</value></Data><Data name="layer_name_en"><value>Akakus</value></Data><Data name="name_ar"><value>المثلث الحدودي</value></Data><Data name="latitude"><value>23.49846</value></Data><Data name="longitude"><value>12.00009</value></Data><Data name="images_json"><value>[]</value></Data><Data name="image_count"><value>0</value></Data><Data name="source_file"><value>developed/akakus-developed.kml</value></Data><Data name="source_placemark_index"><value>105</value></Data><Data name="data_quality_status"><value>missing_media</value></Data></ExtendedData><Point><coordinates>12.00009,23.49846,0</coordinates></Point></Placemark><Placemark><name>متخندوش</name><description>&lt;div class="atlas-popup" dir="rtl"&gt;&lt;h3&gt;متخندوش&lt;/h3&gt;&lt;div class="atlas-popup-gallery"&gt;&lt;img src="https://mymaps.usercontent.google.com/hostedimage/m/*/3AAjQbR7DUCv6p4F_WQ0rgqMoEtXJ20vfTpiOfY9AU2mZaYM9Xnru-X8KiXDHsZiwIe6pmb8cPWFBsr_FSST58PhXh74E6FhCyB0_bZyB0ywrhAnafh1273W6MQhFDumCBS07fHH1lttUR4ms00zFGaAB0_vFgw_71aS74EzwwPNlMaHff-LKbsnTOIGMUxxr1iqkzpg8wt5_LGmBSF8789ItEXkEf5nBXCFWXcHh_saAdlvvM732QWS0y70GHkE?authuser=1&amp;amp;fife=s16383" alt="متخندوش" loading="lazy" class="atlas-popup-image"&gt;&lt;/div&gt;&lt;div class="atlas-popup-details"&gt;&lt;div&gt;&lt;strong&gt;التصنيف:&lt;/strong&gt; طبيعي&lt;/div&gt;&lt;div&gt;&lt;strong&gt;الوصف:&lt;/strong&gt; يوجد وادي متخندوش بمنطقة المساك سطفت وملت بمحاداة لإدهان مرزق ، بجونب الغربي الليبي،يصنف كموقع أثري عالمي ومتحف طبيعي مفتوح.يتميز هذا الوادي التاريخي بالنقوش والرسومات الصخرية الفريدة المحفورة على صخوره، والتي تعود إلى العصر الحجري الحديث منذ أكثر من 8000 إلى 12000 سنة واكتُشفت بفضل البعثات الاستكشافية التاريخية.: توثق النقوش حقبة تاريخية كانت فيها الصحراء الليبية عبارة عن مروج خضراء (بيئة سافانا) تعج بالحياة والحيوانات البرية.ومن أشهر الرسوم الصخرية الموجودة بالدادي لوحة السنوريات المتصارعة التي تجسد دقة فنان ما قبل التاريخ في استخدام تقنيات النحت الغائر والظلال لإبراز البعد الثالث للحيوانات المتصارعة.&lt;/div&gt;&lt;/div&gt;&lt;/div&gt;</description><ExtendedData><Data name="atlas_id"><value>LY-AKAKUS-00106</value></Data><Data name="category"><value>طبيعي</value></Data><Data name="description"><value>يوجد وادي متخندوش بمنطقة المساك سطفت وملت بمحاداة لإدهان مرزق ، بجونب الغربي الليبي،يصنف كموقع أثري عالمي ومتحف طبيعي مفتوح.يتميز هذا الوادي التاريخي بالنقوش والرسومات الصخرية الفريدة المحفورة على صخوره، والتي تعود إلى العصر الحجري الحديث منذ أكثر من 8000 إلى 12000 سنة واكتُشفت بفضل البعثات الاستكشافية التاريخية.: توثق النقوش حقبة تاريخية كانت فيها الصحراء الليبية عبارة عن مروج خضراء (بيئة سافانا) تعج بالحياة والحيوانات البرية.ومن أشهر الرسوم الصخرية الموجودة بالدادي لوحة السنوريات المتصارعة التي تجسد دقة فنان ما قبل التاريخ في استخدام تقنيات النحت الغائر والظلال لإبراز البعد الثالث للحيوانات المتصارعة.</value></Data><Data name="image_count"><value>1</value></Data><Data name="source_file"><value>اكاكوس.kml</value></Data><Data name="images_json"><value>["https://mymaps.usercontent.google.com/hostedimage/m/*/3AAjQbR7DUCv6p4F_WQ0rgqMoEtXJ20vfTpiOfY9AU2mZaYM9Xnru-X8KiXDHsZiwIe6pmb8cPWFBsr_FSST58PhXh74E6FhCyB0_bZyB0ywrhAnafh1273W6MQhFDumCBS07fHH1lttUR4ms00zFGaAB0_vFgw_71aS74EzwwPNlMaHff-LKbsnTOIGMUxxr1iqkzpg8wt5_LGmBSF8789ItEXkEf5nBXCFWXcHh_saAdlvvM732QWS0y70GHkE?authuser=1&amp;fife=s16383"]</value></Data><Data name="atlas_id"><value>LY-AKAKUS-00106</value></Data><Data name="image_count"><value>1</value></Data><Data name="source_file"><value>اكاكوس.kml</value></Data><Data name="images_json"><value>["https://mymaps.usercontent.google.com/hostedimage/m/*/3AAjQbR7DUCv6p4F_WQ0rgqMoEtXJ20vfTpiOfY9AU2mZaYM9Xnru-X8KiXDHsZiwIe6pmb8cPWFBsr_FSST58PhXh74E6FhCyB0_bZyB0ywrhAnafh1273W6MQhFDumCBS07fHH1lttUR4ms00zFGaAB0_vFgw_71aS74EzwwPNlMaHff-LKbsnTOIGMUxxr1iqkzpg8wt5_LGmBSF8789ItEXkEf5nBXCFWXcHh_saAdlvvM732QWS0y70GHkE?authuser=1&amp;fife=s16383"]</value></Data><Data name="atlas_id"><value>LY-AKA-000106</value></Data><Data name="layer_id"><value>akakus</value></Data><Data name="layer_name_ar"><value>أكاكوس</value></Data><Data name="layer_name_en"><value>Akakus</value></Data><Data name="name_ar"><value>متخندوش</value></Data><Data name="latitude"><value>25.68827</value></Data><Data name="longitude"><value>11.93451</value></Data><Data name="images_json"><value>[&quot;https://mymaps.usercontent.google.com/hostedimage/m/*/3AAjQbR7DUCv6p4F_WQ0rgqMoEtXJ20vfTpiOfY9AU2mZaYM9Xnru-X8KiXDHsZiwIe6pmb8cPWFBsr_FSST58PhXh74E6FhCyB0_bZyB0ywrhAnafh1273W6MQhFDumCBS07fHH1lttUR4ms00zFGaAB0_vFgw_71aS74EzwwPNlMaHff-LKbsnTOIGMUxxr1iqkzpg8wt5_LGmBSF8789ItEXkEf5nBXCFWXcHh_saAdlvvM732QWS0y70GHkE?authuser=1&amp;fife=s16383&quot;]</value></Data><Data name="image_count"><value>1</value></Data><Data name="source_file"><value>developed/akakus-developed.kml</value></Data><Data name="source_placemark_index"><value>106</value></Data><Data name="data_quality_status"><value>ok</value></Data></ExtendedData><Point><coordinates>11.93451,25.68827,0</coordinates></Point></Placemark><Placemark><name>تفرع يفضي إلى الأكاكوس</name><description>&lt;div class="atlas-popup" dir="rtl"&gt;&lt;h3&gt;تفرع يفضي إلى الأكاكوس&lt;/h3&gt;&lt;div class="atlas-popup-gallery"&gt;&lt;/div&gt;&lt;div class="atlas-popup-details"&gt;&lt;div&gt;&lt;strong&gt;الوصف:&lt;/strong&gt; التصنيف: الوصف: X: 10.5625679 Y: 25.7798742&lt;/div&gt;&lt;/div&gt;&lt;/div&gt;</description><ExtendedData><Data name="atlas_id"><value>LY-AKAKUS-00107</value></Data><Data name="description"><value>التصنيف: الوصف: X: 10.5625679 Y: 25.7798742</value></Data><Data name="image_count"><value>0</value></Data><Data name="source_file"><value>اكاكوس.kml</value></Data><Data name="images_json"><value>[]</value></Data><Data name="atlas_id"><value>LY-AKAKUS-00107</value></Data><Data name="image_count"><value>0</value></Data><Data name="source_file"><value>اكاكوس.kml</value></Data><Data name="images_json"><value>[]</value></Data><Data name="atlas_id"><value>LY-AKA-000107</value></Data><Data name="layer_id"><value>akakus</value></Data><Data name="layer_name_ar"><value>أكاكوس</value></Data><Data name="layer_name_en"><value>Akakus</value></Data><Data name="name_ar"><value>تفرع يفضي إلى الأكاكوس</value></Data><Data name="latitude"><value>25.779874</value></Data><Data name="longitude"><value>10.562568</value></Data><Data name="images_json"><value>[]</value></Data><Data name="image_count"><value>0</value></Data><Data name="source_file"><value>developed/akakus-developed.kml</value></Data><Data name="source_placemark_index"><value>107</value></Data><Data name="data_quality_status"><value>missing_media</value></Data></ExtendedData><Point><coordinates>10.562568,25.779874,0</coordinates></Point></Placemark><Placemark><name>قرية تين أظاريف</name><description>&lt;div class="atlas-popup" dir="rtl"&gt;&lt;h3&gt;قرية تين أظاريف&lt;/h3&gt;&lt;div class="atlas-popup-gallery"&gt;&lt;/div&gt;&lt;div class="atlas-popup-details"&gt;&lt;div&gt;&lt;strong&gt;الوصف:&lt;/strong&gt; التصنيف: الوصف: X: 10.5658185 Y: 25.7428855&lt;/div&gt;&lt;/div&gt;&lt;/div&gt;</description><ExtendedData><Data name="atlas_id"><value>LY-AKAKUS-00108</value></Data><Data name="description"><value>التصنيف: الوصف: X: 10.5658185 Y: 25.7428855</value></Data><Data name="image_count"><value>0</value></Data><Data name="source_file"><value>اكاكوس.kml</value></Data><Data name="images_json"><value>[]</value></Data><Data name="atlas_id"><value>LY-AKAKUS-00108</value></Data><Data name="image_count"><value>0</value></Data><Data name="source_file"><value>اكاكوس.kml</value></Data><Data name="images_json"><value>[]</value></Data><Data name="atlas_id"><value>LY-AKA-000108</value></Data><Data name="layer_id"><value>akakus</value></Data><Data name="layer_name_ar"><value>أكاكوس</value></Data><Data name="layer_name_en"><value>Akakus</value></Data><Data name="name_ar"><value>قرية تين أظاريف</value></Data><Data name="latitude"><value>25.742886</value></Data><Data name="longitude"><value>10.565818</value></Data><Data name="images_json"><value>[]</value></Data><Data name="image_count"><value>0</value></Data><Data name="source_file"><value>developed/akakus-developed.kml</value></Data><Data name="source_placemark_index"><value>108</value></Data><Data name="data_quality_status"><value>missing_media</value></Data></ExtendedData><Point><coordinates>10.565818,25.742886,0</coordinates></Point></Placemark><Placemark><name>مدخل حقل الفيل</name><description>&lt;div class="atlas-popup" dir="rtl"&gt;&lt;h3&gt;مدخل حقل الفيل&lt;/h3&gt;&lt;div class="atlas-popup-gallery"&gt;&lt;/div&gt;&lt;div class="atlas-popup-details"&gt;&lt;div&gt;&lt;strong&gt;الوصف:&lt;/strong&gt; التصنيف: الوصف: X: 11.5321972 Y: 26.0901512&lt;/div&gt;&lt;/div&gt;&lt;/div&gt;</description><ExtendedData><Data name="atlas_id"><value>LY-AKAKUS-00109</value></Data><Data name="description"><value>التصنيف: الوصف: X: 11.5321972 Y: 26.0901512</value></Data><Data name="image_count"><value>0</value></Data><Data name="source_file"><value>اكاكوس.kml</value></Data><Data name="images_json"><value>[]</value></Data><Data name="atlas_id"><value>LY-AKAKUS-00109</value></Data><Data name="image_count"><value>0</value></Data><Data name="source_file"><value>اكاكوس.kml</value></Data><Data name="images_json"><value>[]</value></Data><Data name="atlas_id"><value>LY-AKA-000109</value></Data><Data name="layer_id"><value>akakus</value></Data><Data name="layer_name_ar"><value>أكاكوس</value></Data><Data name="layer_name_en"><value>Akakus</value></Data><Data name="name_ar"><value>مدخل حقل الفيل</value></Data><Data name="latitude"><value>26.090151</value></Data><Data name="longitude"><value>11.532197</value></Data><Data name="images_json"><value>[]</value></Data><Data name="image_count"><value>0</value></Data><Data name="source_file"><value>developed/akakus-developed.kml</value></Data><Data name="source_placemark_index"><value>109</value></Data><Data name="data_quality_status"><value>missing_media</value></Data></ExtendedData><Point><coordinates>11.532197,26.090151,0</coordinates></Point></Placemark><Placemark><name>مدينة غات القديمة</name><description>&lt;div class="atlas-popup" dir="rtl"&gt;&lt;h3&gt;مدينة غات القديمة&lt;/h3&gt;&lt;div class="atlas-popup-gallery"&gt;&lt;/div&gt;&lt;div class="atlas-popup-details"&gt;&lt;div&gt;&lt;strong&gt;الوصف:&lt;/strong&gt; التصنيف: الوصف:&lt;/div&gt;&lt;/div&gt;&lt;/div&gt;</description><ExtendedData><Data name="atlas_id"><value>LY-AKAKUS-00110</value></Data><Data name="description"><value>التصنيف: الوصف:</value></Data><Data name="image_count"><value>0</value></Data><Data name="source_file"><value>اكاكوس.kml</value></Data><Data name="images_json"><value>[]</value></Data><Data name="atlas_id"><value>LY-AKAKUS-00110</value></Data><Data name="image_count"><value>0</value></Data><Data name="source_file"><value>اكاكوس.kml</value></Data><Data name="images_json"><value>[]</value></Data><Data name="atlas_id"><value>LY-AKA-000110</value></Data><Data name="layer_id"><value>akakus</value></Data><Data name="layer_name_ar"><value>أكاكوس</value></Data><Data name="layer_name_en"><value>Akakus</value></Data><Data name="name_ar"><value>مدينة غات القديمة</value></Data><Data name="latitude"><value>24.965854</value></Data><Data name="longitude"><value>10.179683</value></Data><Data name="images_json"><value>[]</value></Data><Data name="image_count"><value>0</value></Data><Data name="source_file"><value>developed/akakus-developed.kml</value></Data><Data name="source_placemark_index"><value>110</value></Data><Data name="data_quality_status"><value>missing_media</value></Data></ExtendedData><Point><coordinates>10.179683,24.965854,0</coordinates></Point></Placemark><Placemark><name>موقع تين الشيخ</name><description>&lt;div class="atlas-popup" dir="rtl"&gt;&lt;h3&gt;موقع تين الشيخ&lt;/h3&gt;&lt;div class="atlas-popup-gallery"&gt;&lt;/div&gt;&lt;div class="atlas-popup-details"&gt;&lt;div&gt;&lt;strong&gt;الوصف:&lt;/strong&gt; فن صخري&lt;/div&gt;&lt;/div&gt;&lt;/div&gt;</description><ExtendedData><Data name="atlas_id"><value>LY-AKAKUS-00111</value></Data><Data name="description"><value>فن صخري</value></Data><Data name="image_count"><value>0</value></Data><Data name="source_file"><value>اكاكوس.kml</value></Data><Data name="images_json"><value>[]</value></Data><Data name="atlas_id"><value>LY-AKAKUS-00111</value></Data><Data name="image_count"><value>0</value></Data><Data name="source_file"><value>اكاكوس.kml</value></Data><Data name="images_json"><value>[]</value></Data><Data name="atlas_id"><value>LY-AKA-000111</value></Data><Data name="layer_id"><value>akakus</value></Data><Data name="layer_name_ar"><value>أكاكوس</value></Data><Data name="layer_name_en"><value>Akakus</value></Data><Data name="name_ar"><value>موقع تين الشيخ</value></Data><Data name="latitude"><value>24.955968</value></Data><Data name="longitude"><value>10.541697</value></Data><Data name="images_json"><value>[]</value></Data><Data name="image_count"><value>0</value></Data><Data name="source_file"><value>developed/akakus-developed.kml</value></Data><Data name="source_placemark_index"><value>111</value></Data><Data name="data_quality_status"><value>missing_media</value></Data></ExtendedData><Point><coordinates>10.541697,24.955968,0</coordinates></Point></Placemark><Placemark><name>موقع فن صخري</name><description>&lt;div class="atlas-popup" dir="rtl"&gt;&lt;h3&gt;موقع فن صخري&lt;/h3&gt;&lt;div class="atlas-popup-gallery"&gt;&lt;/div&gt;&lt;div class="atlas-popup-details"&gt;&lt;div&gt;&lt;strong&gt;الوصف:&lt;/strong&gt; التصنيف: الوصف:&lt;/div&gt;&lt;/div&gt;&lt;/div&gt;</description><ExtendedData><Data name="atlas_id"><value>LY-AKAKUS-00112</value></Data><Data name="description"><value>التصنيف: الوصف:</value></Data><Data name="image_count"><value>0</value></Data><Data name="source_file"><value>اكاكوس.kml</value></Data><Data name="images_json"><value>[]</value></Data><Data name="atlas_id"><value>LY-AKAKUS-00112</value></Data><Data name="image_count"><value>0</value></Data><Data name="source_file"><value>اكاكوس.kml</value></Data><Data name="images_json"><value>[]</value></Data><Data name="atlas_id"><value>LY-AKA-000112</value></Data><Data name="layer_id"><value>akakus</value></Data><Data name="layer_name_ar"><value>أكاكوس</value></Data><Data name="layer_name_en"><value>Akakus</value></Data><Data name="name_ar"><value>موقع فن صخري</value></Data><Data name="latitude"><value>24.95715</value></Data><Data name="longitude"><value>10.515549</value></Data><Data name="images_json"><value>[]</value></Data><Data name="image_count"><value>0</value></Data><Data name="source_file"><value>developed/akakus-developed.kml</value></Data><Data name="source_placemark_index"><value>112</value></Data><Data name="data_quality_status"><value>missing_media</value></Data></ExtendedData><Point><coordinates>10.515549,24.95715,0</coordinates></Point></Placemark><Placemark><name>موقع فن صخري</name><description>&lt;div class="atlas-popup" dir="rtl"&gt;&lt;h3&gt;موقع فن صخري&lt;/h3&gt;&lt;div class="atlas-popup-gallery"&gt;&lt;/div&gt;&lt;div class="atlas-popup-details"&gt;&lt;div&gt;&lt;strong&gt;الوصف:&lt;/strong&gt; التصنيف: الوصف:&lt;/div&gt;&lt;/div&gt;&lt;/div&gt;</description><ExtendedData><Data name="atlas_id"><value>LY-AKAKUS-00113</value></Data><Data name="description"><value>التصنيف: الوصف:</value></Data><Data name="image_count"><value>0</value></Data><Data name="source_file"><value>اكاكوس.kml</value></Data><Data name="images_json"><value>[]</value></Data><Data name="atlas_id"><value>LY-AKAKUS-00113</value></Data><Data name="image_count"><value>0</value></Data><Data name="source_file"><value>اكاكوس.kml</value></Data><Data name="images_json"><value>[]</value></Data><Data name="atlas_id"><value>LY-AKA-000113</value></Data><Data name="layer_id"><value>akakus</value></Data><Data name="layer_name_ar"><value>أكاكوس</value></Data><Data name="layer_name_en"><value>Akakus</value></Data><Data name="name_ar"><value>موقع فن صخري</value></Data><Data name="latitude"><value>24.959418</value></Data><Data name="longitude"><value>10.503531</value></Data><Data name="images_json"><value>[]</value></Data><Data name="image_count"><value>0</value></Data><Data name="source_file"><value>developed/akakus-developed.kml</value></Data><Data name="source_placemark_index"><value>113</value></Data><Data name="data_quality_status"><value>missing_media</value></Data></ExtendedData><Point><coordinates>10.503531,24.959418,0</coordinates></Point></Placemark><Placemark><name>موقع فن صخري أويس</name><description>&lt;div class="atlas-popup" dir="rtl"&gt;&lt;h3&gt;موقع فن صخري أويس&lt;/h3&gt;&lt;div class="atlas-popup-gallery"&gt;&lt;/div&gt;&lt;div class="atlas-popup-details"&gt;&lt;div&gt;&lt;strong&gt;الوصف:&lt;/strong&gt; التصنيف: الوصف:&lt;/div&gt;&lt;/div&gt;&lt;/div&gt;</description><ExtendedData><Data name="atlas_id"><value>LY-AKAKUS-00114</value></Data><Data name="description"><value>التصنيف: الوصف:</value></Data><Data name="image_count"><value>0</value></Data><Data name="source_file"><value>اكاكوس.kml</value></Data><Data name="images_json"><value>[]</value></Data><Data name="atlas_id"><value>LY-AKAKUS-00114</value></Data><Data name="image_count"><value>0</value></Data><Data name="source_file"><value>اكاكوس.kml</value></Data><Data name="images_json"><value>[]</value></Data><Data name="atlas_id"><value>LY-AKA-000114</value></Data><Data name="layer_id"><value>akakus</value></Data><Data name="layer_name_ar"><value>أكاكوس</value></Data><Data name="layer_name_en"><value>Akakus</value></Data><Data name="name_ar"><value>موقع فن صخري أويس</value></Data><Data name="latitude"><value>25.522422</value></Data><Data name="longitude"><value>10.6007</value></Data><Data name="images_json"><value>[]</value></Data><Data name="image_count"><value>0</value></Data><Data name="source_file"><value>developed/akakus-developed.kml</value></Data><Data name="source_placemark_index"><value>114</value></Data><Data name="data_quality_status"><value>missing_media</value></Data></ExtendedData><Point><coordinates>10.6007,25.522422,0</coordinates></Point></Placemark><Placemark><name>موقع فن صخري</name><description>&lt;div class="atlas-popup" dir="rtl"&gt;&lt;h3&gt;موقع فن صخري&lt;/h3&gt;&lt;div class="atlas-popup-gallery"&gt;&lt;/div&gt;&lt;div class="atlas-popup-details"&gt;&lt;div&gt;&lt;strong&gt;الوصف:&lt;/strong&gt; التصنيف: الوصف:&lt;/div&gt;&lt;/div&gt;&lt;/div&gt;</description><ExtendedData><Data name="atlas_id"><value>LY-AKAKUS-00115</value></Data><Data name="description"><value>التصنيف: الوصف:</value></Data><Data name="image_count"><value>0</value></Data><Data name="source_file"><value>اكاكوس.kml</value></Data><Data name="images_json"><value>[]</value></Data><Data name="atlas_id"><value>LY-AKAKUS-00115</value></Data><Data name="image_count"><value>0</value></Data><Data name="source_file"><value>اكاكوس.kml</value></Data><Data name="images_json"><value>[]</value></Data><Data name="atlas_id"><value>LY-AKA-000115</value></Data><Data name="layer_id"><value>akakus</value></Data><Data name="layer_name_ar"><value>أكاكوس</value></Data><Data name="layer_name_en"><value>Akakus</value></Data><Data name="name_ar"><value>موقع فن صخري</value></Data><Data name="latitude"><value>25.325897</value></Data><Data name="longitude"><value>10.537751</value></Data><Data name="images_json"><value>[]</value></Data><Data name="image_count"><value>0</value></Data><Data name="source_file"><value>developed/akakus-developed.kml</value></Data><Data name="source_placemark_index"><value>115</value></Data><Data name="data_quality_status"><value>missing_media</value></Data></ExtendedData><Point><coordinates>10.537751,25.325897,0</coordinates></Point></Placemark><Placemark><name>مدينة بركت القديمة</name><description>&lt;div class="atlas-popup" dir="rtl"&gt;&lt;h3&gt;مدينة بركت القديمة&lt;/h3&gt;&lt;div class="atlas-popup-gallery"&gt;&lt;/div&gt;&lt;div class="atlas-popup-details"&gt;&lt;div&gt;&lt;strong&gt;الوصف:&lt;/strong&gt; التصنيف: الوصف:&lt;/div&gt;&lt;/div&gt;&lt;/div&gt;</description><ExtendedData><Data name="atlas_id"><value>LY-AKAKUS-00116</value></Data><Data name="description"><value>التصنيف: الوصف:</value></Data><Data name="image_count"><value>0</value></Data><Data name="source_file"><value>اكاكوس.kml</value></Data><Data name="images_json"><value>[]</value></Data><Data name="atlas_id"><value>LY-AKAKUS-00116</value></Data><Data name="image_count"><value>0</value></Data><Data name="source_file"><value>اكاكوس.kml</value></Data><Data name="images_json"><value>[]</value></Data><Data name="atlas_id"><value>LY-AKA-000116</value></Data><Data name="layer_id"><value>akakus</value></Data><Data name="layer_name_ar"><value>أكاكوس</value></Data><Data name="layer_name_en"><value>Akakus</value></Data><Data name="name_ar"><value>مدينة بركت القديمة</value></Data><Data name="latitude"><value>24.896048</value></Data><Data name="longitude"><value>10.179331</value></Data><Data name="images_json"><value>[]</value></Data><Data name="image_count"><value>0</value></Data><Data name="source_file"><value>developed/akakus-developed.kml</value></Data><Data name="source_placemark_index"><value>116</value></Data><Data name="data_quality_status"><value>missing_media</value></Data></ExtendedData><Point><coordinates>10.179331,24.896048,0</coordinates></Point></Placemark><Placemark><name>موقع فن صخري</name><description>&lt;div class="atlas-popup" dir="rtl"&gt;&lt;h3&gt;موقع فن صخري&lt;/h3&gt;&lt;div class="atlas-popup-gallery"&gt;&lt;/div&gt;&lt;div class="atlas-popup-details"&gt;&lt;div&gt;&lt;strong&gt;الوصف:&lt;/strong&gt; التصنيف: الوصف:&lt;/div&gt;&lt;/div&gt;&lt;/div&gt;</description><ExtendedData><Data name="atlas_id"><value>LY-AKAKUS-00117</value></Data><Data name="description"><value>التصنيف: الوصف:</value></Data><Data name="image_count"><value>0</value></Data><Data name="source_file"><value>اكاكوس.kml</value></Data><Data name="images_json"><value>[]</value></Data><Data name="atlas_id"><value>LY-AKAKUS-00117</value></Data><Data name="image_count"><value>0</value></Data><Data name="source_file"><value>اكاكوس.kml</value></Data><Data name="images_json"><value>[]</value></Data><Data name="atlas_id"><value>LY-AKA-000117</value></Data><Data name="layer_id"><value>akakus</value></Data><Data name="layer_name_ar"><value>أكاكوس</value></Data><Data name="layer_name_en"><value>Akakus</value></Data><Data name="name_ar"><value>موقع فن صخري</value></Data><Data name="latitude"><value>24.98241</value></Data><Data name="longitude"><value>10.477319</value></Data><Data name="images_json"><value>[]</value></Data><Data name="image_count"><value>0</value></Data><Data name="source_file"><value>developed/akakus-developed.kml</value></Data><Data name="source_placemark_index"><value>117</value></Data><Data name="data_quality_status"><value>missing_media</value></Data></ExtendedData><Point><coordinates>10.477319,24.98241,0</coordinates></Point></Placemark><Placemark><name>موقع فن صخري</name><description>&lt;div class="atlas-popup" dir="rtl"&gt;&lt;h3&gt;موقع فن صخري&lt;/h3&gt;&lt;div class="atlas-popup-gallery"&gt;&lt;/div&gt;&lt;div class="atlas-popup-details"&gt;&lt;div&gt;&lt;strong&gt;الوصف:&lt;/strong&gt; التصنيف: الوصف:&lt;/div&gt;&lt;/div&gt;&lt;/div&gt;</description><ExtendedData><Data name="atlas_id"><value>LY-AKAKUS-00118</value></Data><Data name="description"><value>التصنيف: الوصف:</value></Data><Data name="image_count"><value>0</value></Data><Data name="source_file"><value>اكاكوس.kml</value></Data><Data name="images_json"><value>[]</value></Data><Data name="atlas_id"><value>LY-AKAKUS-00118</value></Data><Data name="image_count"><value>0</value></Data><Data name="source_file"><value>اكاكوس.kml</value></Data><Data name="images_json"><value>[]</value></Data><Data name="atlas_id"><value>LY-AKA-000118</value></Data><Data name="layer_id"><value>akakus</value></Data><Data name="layer_name_ar"><value>أكاكوس</value></Data><Data name="layer_name_en"><value>Akakus</value></Data><Data name="name_ar"><value>موقع فن صخري</value></Data><Data name="latitude"><value>25.326587</value></Data><Data name="longitude"><value>10.535949</value></Data><Data name="images_json"><value>[]</value></Data><Data name="image_count"><value>0</value></Data><Data name="source_file"><value>developed/akakus-developed.kml</value></Data><Data name="source_placemark_index"><value>118</value></Data><Data name="data_quality_status"><value>missing_media</value></Data></ExtendedData><Point><coordinates>10.535949,25.326587,0</coordinates></Point></Placemark><Placemark><name>رسوم فن صخري - تاهوين</name><description>&lt;div class="atlas-popup" dir="rtl"&gt;&lt;h3&gt;رسوم فن صخري - تاهوين&lt;/h3&gt;&lt;div class="atlas-popup-gallery"&gt;&lt;/div&gt;&lt;div class="atlas-popup-details"&gt;&lt;div&gt;&lt;strong&gt;الوصف:&lt;/strong&gt; التصنيف: الوصف:&lt;/div&gt;&lt;/div&gt;&lt;/div&gt;</description><ExtendedData><Data name="atlas_id"><value>LY-AKAKUS-00119</value></Data><Data name="description"><value>التصنيف: الوصف:</value></Data><Data name="image_count"><value>0</value></Data><Data name="source_file"><value>اكاكوس.kml</value></Data><Data name="images_json"><value>[]</value></Data><Data name="atlas_id"><value>LY-AKAKUS-00119</value></Data><Data name="image_count"><value>0</value></Data><Data name="source_file"><value>اكاكوس.kml</value></Data><Data name="images_json"><value>[]</value></Data><Data name="atlas_id"><value>LY-AKA-000119</value></Data><Data name="layer_id"><value>akakus</value></Data><Data name="layer_name_ar"><value>أكاكوس</value></Data><Data name="layer_name_en"><value>Akakus</value></Data><Data name="name_ar"><value>رسوم فن صخري - تاهوين</value></Data><Data name="latitude"><value>25.42324</value></Data><Data name="longitude"><value>10.60012</value></Data><Data name="images_json"><value>[]</value></Data><Data name="image_count"><value>0</value></Data><Data name="source_file"><value>developed/akakus-developed.kml</value></Data><Data name="source_placemark_index"><value>119</value></Data><Data name="data_quality_status"><value>missing_media</value></Data></ExtendedData><Point><coordinates>10.60012,25.42324,0</coordinates></Point></Placemark><Placemark><name>موقع فن صخري أويس</name><description>&lt;div class="atlas-popup" dir="rtl"&gt;&lt;h3&gt;موقع فن صخري أويس&lt;/h3&gt;&lt;div class="atlas-popup-gallery"&gt;&lt;/div&gt;&lt;div class="atlas-popup-details"&gt;&lt;div&gt;&lt;strong&gt;الوصف:&lt;/strong&gt; التصنيف: الوصف:&lt;/div&gt;&lt;/div&gt;&lt;/div&gt;</description><ExtendedData><Data name="atlas_id"><value>LY-AKAKUS-00120</value></Data><Data name="description"><value>التصنيف: الوصف:</value></Data><Data name="image_count"><value>0</value></Data><Data name="source_file"><value>اكاكوس.kml</value></Data><Data name="images_json"><value>[]</value></Data><Data name="atlas_id"><value>LY-AKAKUS-00120</value></Data><Data name="image_count"><value>0</value></Data><Data name="source_file"><value>اكاكوس.kml</value></Data><Data name="images_json"><value>[]</value></Data><Data name="atlas_id"><value>LY-AKA-000120</value></Data><Data name="layer_id"><value>akakus</value></Data><Data name="layer_name_ar"><value>أكاكوس</value></Data><Data name="layer_name_en"><value>Akakus</value></Data><Data name="name_ar"><value>موقع فن صخري أويس</value></Data><Data name="latitude"><value>25.521704</value></Data><Data name="longitude"><value>10.600959</value></Data><Data name="images_json"><value>[]</value></Data><Data name="image_count"><value>0</value></Data><Data name="source_file"><value>developed/akakus-developed.kml</value></Data><Data name="source_placemark_index"><value>120</value></Data><Data name="data_quality_status"><value>missing_media</value></Data></ExtendedData><Point><coordinates>10.600959,25.521704,0</coordinates></Point></Placemark><Placemark><name>موقع فن صخري</name><description>&lt;div class="atlas-popup" dir="rtl"&gt;&lt;h3&gt;موقع فن صخري&lt;/h3&gt;&lt;div class="atlas-popup-gallery"&gt;&lt;/div&gt;&lt;div class="atlas-popup-details"&gt;&lt;div&gt;&lt;strong&gt;الوصف:&lt;/strong&gt; التصنيف: الوصف:&lt;/div&gt;&lt;/div&gt;&lt;/div&gt;</description><ExtendedData><Data name="atlas_id"><value>LY-AKAKUS-00121</value></Data><Data name="description"><value>التصنيف: الوصف:</value></Data><Data name="image_count"><value>0</value></Data><Data name="source_file"><value>اكاكوس.kml</value></Data><Data name="images_json"><value>[]</value></Data><Data name="atlas_id"><value>LY-AKAKUS-00121</value></Data><Data name="image_count"><value>0</value></Data><Data name="source_file"><value>اكاكوس.kml</value></Data><Data name="images_json"><value>[]</value></Data><Data name="atlas_id"><value>LY-AKA-000121</value></Data><Data name="layer_id"><value>akakus</value></Data><Data name="layer_name_ar"><value>أكاكوس</value></Data><Data name="layer_name_en"><value>Akakus</value></Data><Data name="name_ar"><value>موقع فن صخري</value></Data><Data name="latitude"><value>25.015363</value></Data><Data name="longitude"><value>10.329763</value></Data><Data name="images_json"><value>[]</value></Data><Data name="image_count"><value>0</value></Data><Data name="source_file"><value>developed/akakus-developed.kml</value></Data><Data name="source_placemark_index"><value>121</value></Data><Data name="data_quality_status"><value>missing_media</value></Data></ExtendedData><Point><coordinates>10.329763,25.015363,0</coordinates></Point></Placemark><Placemark><name>موقع فن صخري</name><description>&lt;div class="atlas-popup" dir="rtl"&gt;&lt;h3&gt;موقع فن صخري&lt;/h3&gt;&lt;div class="atlas-popup-gallery"&gt;&lt;/div&gt;&lt;div class="atlas-popup-details"&gt;&lt;div&gt;&lt;strong&gt;الوصف:&lt;/strong&gt; التصنيف: الوصف:&lt;/div&gt;&lt;/div&gt;&lt;/div&gt;</description><ExtendedData><Data name="atlas_id"><value>LY-AKAKUS-00122</value></Data><Data name="description"><value>التصنيف: الوصف:</value></Data><Data name="image_count"><value>0</value></Data><Data name="source_file"><value>اكاكوس.kml</value></Data><Data name="images_json"><value>[]</value></Data><Data name="atlas_id"><value>LY-AKAKUS-00122</value></Data><Data name="image_count"><value>0</value></Data><Data name="source_file"><value>اكاكوس.kml</value></Data><Data name="images_json"><value>[]</value></Data><Data name="atlas_id"><value>LY-AKA-000122</value></Data><Data name="layer_id"><value>akakus</value></Data><Data name="layer_name_ar"><value>أكاكوس</value></Data><Data name="layer_name_en"><value>Akakus</value></Data><Data name="name_ar"><value>موقع فن صخري</value></Data><Data name="latitude"><value>25.266652</value></Data><Data name="longitude"><value>10.595863</value></Data><Data name="images_json"><value>[]</value></Data><Data name="image_count"><value>0</value></Data><Data name="source_file"><value>developed/akakus-developed.kml</value></Data><Data name="source_placemark_index"><value>122</value></Data><Data name="data_quality_status"><value>missing_media</value></Data></ExtendedData><Point><coordinates>10.595863,25.266652,0</coordinates></Point></Placemark><Placemark><name>موقع فن صخري</name><description>&lt;div class="atlas-popup" dir="rtl"&gt;&lt;h3&gt;موقع فن صخري&lt;/h3&gt;&lt;div class="atlas-popup-gallery"&gt;&lt;/div&gt;&lt;div class="atlas-popup-details"&gt;&lt;div&gt;&lt;strong&gt;الوصف:&lt;/strong&gt; التصنيف: الوصف:&lt;/div&gt;&lt;/div&gt;&lt;/div&gt;</description><ExtendedData><Data name="atlas_id"><value>LY-AKAKUS-00123</value></Data><Data name="description"><value>التصنيف: الوصف:</value></Data><Data name="image_count"><value>0</value></Data><Data name="source_file"><value>اكاكوس.kml</value></Data><Data name="images_json"><value>[]</value></Data><Data name="atlas_id"><value>LY-AKAKUS-00123</value></Data><Data name="image_count"><value>0</value></Data><Data name="source_file"><value>اكاكوس.kml</value></Data><Data name="images_json"><value>[]</value></Data><Data name="atlas_id"><value>LY-AKA-000123</value></Data><Data name="layer_id"><value>akakus</value></Data><Data name="layer_name_ar"><value>أكاكوس</value></Data><Data name="layer_name_en"><value>Akakus</value></Data><Data name="name_ar"><value>موقع فن صخري</value></Data><Data name="latitude"><value>25.286949</value></Data><Data name="longitude"><value>10.581232</value></Data><Data name="images_json"><value>[]</value></Data><Data name="image_count"><value>0</value></Data><Data name="source_file"><value>developed/akakus-developed.kml</value></Data><Data name="source_placemark_index"><value>123</value></Data><Data name="data_quality_status"><value>missing_media</value></Data></ExtendedData><Point><coordinates>10.581232,25.286949,0</coordinates></Point></Placemark><Placemark><name>موقع فن صخري</name><description>&lt;div class="atlas-popup" dir="rtl"&gt;&lt;h3&gt;موقع فن صخري&lt;/h3&gt;&lt;div class="atlas-popup-gallery"&gt;&lt;/div&gt;&lt;div class="atlas-popup-details"&gt;&lt;div&gt;&lt;strong&gt;الوصف:&lt;/strong&gt; التصنيف: الوصف:&lt;/div&gt;&lt;/div&gt;&lt;/div&gt;</description><ExtendedData><Data name="atlas_id"><value>LY-AKAKUS-00124</value></Data><Data name="description"><value>التصنيف: الوصف:</value></Data><Data name="image_count"><value>0</value></Data><Data name="source_file"><value>اكاكوس.kml</value></Data><Data name="images_json"><value>[]</value></Data><Data name="atlas_id"><value>LY-AKAKUS-00124</value></Data><Data name="image_count"><value>0</value></Data><Data name="source_file"><value>اكاكوس.kml</value></Data><Data name="images_json"><value>[]</value></Data><Data name="atlas_id"><value>LY-AKA-000124</value></Data><Data name="layer_id"><value>akakus</value></Data><Data name="layer_name_ar"><value>أكاكوس</value></Data><Data name="layer_name_en"><value>Akakus</value></Data><Data name="name_ar"><value>موقع فن صخري</value></Data><Data name="latitude"><value>25.334942</value></Data><Data name="longitude"><value>10.526397</value></Data><Data name="images_json"><value>[]</value></Data><Data name="image_count"><value>0</value></Data><Data name="source_file"><value>developed/akakus-developed.kml</value></Data><Data name="source_placemark_index"><value>124</value></Data><Data name="data_quality_status"><value>missing_media</value></Data></ExtendedData><Point><coordinates>10.526397,25.334942,0</coordinates></Point></Placemark><Placemark><name>موقع فن صخري تين الشيخ</name><description>&lt;div class="atlas-popup" dir="rtl"&gt;&lt;h3&gt;موقع فن صخري تين الشيخ&lt;/h3&gt;&lt;div class="atlas-popup-gallery"&gt;&lt;/div&gt;&lt;div class="atlas-popup-details"&gt;&lt;div&gt;&lt;strong&gt;الوصف:&lt;/strong&gt; التصنيف: الوصف:&lt;/div&gt;&lt;/div&gt;&lt;/div&gt;</description><ExtendedData><Data name="atlas_id"><value>LY-AKAKUS-00125</value></Data><Data name="description"><value>التصنيف: الوصف:</value></Data><Data name="image_count"><value>0</value></Data><Data name="source_file"><value>اكاكوس.kml</value></Data><Data name="images_json"><value>[]</value></Data><Data name="atlas_id"><value>LY-AKAKUS-00125</value></Data><Data name="image_count"><value>0</value></Data><Data name="source_file"><value>اكاكوس.kml</value></Data><Data name="images_json"><value>[]</value></Data><Data name="atlas_id"><value>LY-AKA-000125</value></Data><Data name="layer_id"><value>akakus</value></Data><Data name="layer_name_ar"><value>أكاكوس</value></Data><Data name="layer_name_en"><value>Akakus</value></Data><Data name="name_ar"><value>موقع فن صخري تين الشيخ</value></Data><Data name="latitude"><value>24.958082</value></Data><Data name="longitude"><value>10.51573</value></Data><Data name="images_json"><value>[]</value></Data><Data name="image_count"><value>0</value></Data><Data name="source_file"><value>developed/akakus-developed.kml</value></Data><Data name="source_placemark_index"><value>125</value></Data><Data name="data_quality_status"><value>missing_media</value></Data></ExtendedData><Point><coordinates>10.51573,24.958082,0</coordinates></Point></Placemark><Placemark><name>موقع فن صخري</name><description>&lt;div class="atlas-popup" dir="rtl"&gt;&lt;h3&gt;موقع فن صخري&lt;/h3&gt;&lt;div class="atlas-popup-gallery"&gt;&lt;/div&gt;&lt;div class="atlas-popup-details"&gt;&lt;div&gt;&lt;strong&gt;الوصف:&lt;/strong&gt; التصنيف: الوصف:&lt;/div&gt;&lt;/div&gt;&lt;/div&gt;</description><ExtendedData><Data name="atlas_id"><value>LY-AKAKUS-00126</value></Data><Data name="description"><value>التصنيف: الوصف:</value></Data><Data name="image_count"><value>0</value></Data><Data name="source_file"><value>اكاكوس.kml</value></Data><Data name="images_json"><value>[]</value></Data><Data name="atlas_id"><value>LY-AKAKUS-00126</value></Data><Data name="image_count"><value>0</value></Data><Data name="source_file"><value>اكاكوس.kml</value></Data><Data name="images_json"><value>[]</value></Data><Data name="atlas_id"><value>LY-AKA-000126</value></Data><Data name="layer_id"><value>akakus</value></Data><Data name="layer_name_ar"><value>أكاكوس</value></Data><Data name="layer_name_en"><value>Akakus</value></Data><Data name="name_ar"><value>موقع فن صخري</value></Data><Data name="latitude"><value>24.919298</value></Data><Data name="longitude"><value>10.645977</value></Data><Data name="images_json"><value>[]</value></Data><Data name="image_count"><value>0</value></Data><Data name="source_file"><value>developed/akakus-developed.kml</value></Data><Data name="source_placemark_index"><value>126</value></Data><Data name="data_quality_status"><value>missing_media</value></Data></ExtendedData><Point><coordinates>10.645977,24.919298,0</coordinates></Point></Placemark><Placemark><name>قلعة كوكمنت</name><description>&lt;div class="atlas-popup" dir="rtl"&gt;&lt;h3&gt;قلعة كوكمنت&lt;/h3&gt;&lt;div class="atlas-popup-gallery"&gt;&lt;/div&gt;&lt;div class="atlas-popup-details"&gt;&lt;div&gt;&lt;strong&gt;الوصف:&lt;/strong&gt; التصنيف: الوصف:&lt;/div&gt;&lt;/div&gt;&lt;/div&gt;</description><ExtendedData><Data name="atlas_id"><value>LY-AKAKUS-00127</value></Data><Data name="description"><value>التصنيف: الوصف:</value></Data><Data name="image_count"><value>0</value></Data><Data name="source_file"><value>اكاكوس.kml</value></Data><Data name="images_json"><value>[]</value></Data><Data name="atlas_id"><value>LY-AKAKUS-00127</value></Data><Data name="image_count"><value>0</value></Data><Data name="source_file"><value>اكاكوس.kml</value></Data><Data name="images_json"><value>[]</value></Data><Data name="atlas_id"><value>LY-AKA-000127</value></Data><Data name="layer_id"><value>akakus</value></Data><Data name="layer_name_ar"><value>أكاكوس</value></Data><Data name="layer_name_en"><value>Akakus</value></Data><Data name="name_ar"><value>قلعة كوكمنت</value></Data><Data name="latitude"><value>24.96695</value></Data><Data name="longitude"><value>10.18052</value></Data><Data name="images_json"><value>[]</value></Data><Data name="image_count"><value>0</value></Data><Data name="source_file"><value>developed/akakus-developed.kml</value></Data><Data name="source_placemark_index"><value>127</value></Data><Data name="data_quality_status"><value>missing_media</value></Data></ExtendedData><Point><coordinates>10.18052,24.96695,0</coordinates></Point></Placemark><Placemark><name>موقع فن صخري</name><description>&lt;div class="atlas-popup" dir="rtl"&gt;&lt;h3&gt;موقع فن صخري&lt;/h3&gt;&lt;div class="atlas-popup-gallery"&gt;&lt;/div&gt;&lt;div class="atlas-popup-details"&gt;&lt;div&gt;&lt;strong&gt;الوصف:&lt;/strong&gt; التصنيف: الوصف:&lt;/div&gt;&lt;/div&gt;&lt;/div&gt;</description><ExtendedData><Data name="atlas_id"><value>LY-AKAKUS-00128</value></Data><Data name="description"><value>التصنيف: الوصف:</value></Data><Data name="image_count"><value>0</value></Data><Data name="source_file"><value>اكاكوس.kml</value></Data><Data name="images_json"><value>[]</value></Data><Data name="atlas_id"><value>LY-AKAKUS-00128</value></Data><Data name="image_count"><value>0</value></Data><Data name="source_file"><value>اكاكوس.kml</value></Data><Data name="images_json"><value>[]</value></Data><Data name="atlas_id"><value>LY-AKA-000128</value></Data><Data name="layer_id"><value>akakus</value></Data><Data name="layer_name_ar"><value>أكاكوس</value></Data><Data name="layer_name_en"><value>Akakus</value></Data><Data name="name_ar"><value>موقع فن صخري</value></Data><Data name="latitude"><value>25.3266</value></Data><Data name="longitude"><value>10.536291</value></Data><Data name="images_json"><value>[]</value></Data><Data name="image_count"><value>0</value></Data><Data name="source_file"><value>developed/akakus-developed.kml</value></Data><Data name="source_placemark_index"><value>128</value></Data><Data name="data_quality_status"><value>missing_media</value></Data></ExtendedData><Point><coordinates>10.536291,25.3266,0</coordinates></Point></Placemark><Placemark><name>موقع فن صخري</name><description>&lt;div class="atlas-popup" dir="rtl"&gt;&lt;h3&gt;موقع فن صخري&lt;/h3&gt;&lt;div class="atlas-popup-gallery"&gt;&lt;/div&gt;&lt;div class="atlas-popup-details"&gt;&lt;div&gt;&lt;strong&gt;الوصف:&lt;/strong&gt; التصنيف: الوصف:&lt;/div&gt;&lt;/div&gt;&lt;/div&gt;</description><ExtendedData><Data name="atlas_id"><value>LY-AKAKUS-00129</value></Data><Data name="description"><value>التصنيف: الوصف:</value></Data><Data name="image_count"><value>0</value></Data><Data name="source_file"><value>اكاكوس.kml</value></Data><Data name="images_json"><value>[]</value></Data><Data name="atlas_id"><value>LY-AKAKUS-00129</value></Data><Data name="image_count"><value>0</value></Data><Data name="source_file"><value>اكاكوس.kml</value></Data><Data name="images_json"><value>[]</value></Data><Data name="atlas_id"><value>LY-AKA-000129</value></Data><Data name="layer_id"><value>akakus</value></Data><Data name="layer_name_ar"><value>أكاكوس</value></Data><Data name="layer_name_en"><value>Akakus</value></Data><Data name="name_ar"><value>موقع فن صخري</value></Data><Data name="latitude"><value>24.981842</value></Data><Data name="longitude"><value>10.48327</value></Data><Data name="images_json"><value>[]</value></Data><Data name="image_count"><value>0</value></Data><Data name="source_file"><value>developed/akakus-developed.kml</value></Data><Data name="source_placemark_index"><value>129</value></Data><Data name="data_quality_status"><value>missing_media</value></Data></ExtendedData><Point><coordinates>10.48327,24.981842,0</coordinates></Point></Placemark><Placemark><name>موقع فن صخري</name><description>&lt;div class="atlas-popup" dir="rtl"&gt;&lt;h3&gt;موقع فن صخري&lt;/h3&gt;&lt;div class="atlas-popup-gallery"&gt;&lt;/div&gt;&lt;div class="atlas-popup-details"&gt;&lt;div&gt;&lt;strong&gt;الوصف:&lt;/strong&gt; التصنيف: الوصف:&lt;/div&gt;&lt;/div&gt;&lt;/div&gt;</description><ExtendedData><Data name="atlas_id"><value>LY-AKAKUS-00130</value></Data><Data name="description"><value>التصنيف: الوصف:</value></Data><Data name="image_count"><value>0</value></Data><Data name="source_file"><value>اكاكوس.kml</value></Data><Data name="images_json"><value>[]</value></Data><Data name="atlas_id"><value>LY-AKAKUS-00130</value></Data><Data name="image_count"><value>0</value></Data><Data name="source_file"><value>اكاكوس.kml</value></Data><Data name="images_json"><value>[]</value></Data><Data name="atlas_id"><value>LY-AKA-000130</value></Data><Data name="layer_id"><value>akakus</value></Data><Data name="layer_name_ar"><value>أكاكوس</value></Data><Data name="layer_name_en"><value>Akakus</value></Data><Data name="name_ar"><value>موقع فن صخري</value></Data><Data name="latitude"><value>25.023916</value></Data><Data name="longitude"><value>10.549325</value></Data><Data name="images_json"><value>[]</value></Data><Data name="image_count"><value>0</value></Data><Data name="source_file"><value>developed/akakus-developed.kml</value></Data><Data name="source_placemark_index"><value>130</value></Data><Data name="data_quality_status"><value>missing_media</value></Data></ExtendedData><Point><coordinates>10.549325,25.023916,0</coordinates></Point></Placemark><Placemark><name>موقع فن صخري</name><description>&lt;div class="atlas-popup" dir="rtl"&gt;&lt;h3&gt;موقع فن صخري&lt;/h3&gt;&lt;div class="atlas-popup-gallery"&gt;&lt;/div&gt;&lt;div class="atlas-popup-details"&gt;&lt;div&gt;&lt;strong&gt;الوصف:&lt;/strong&gt; التصنيف: الوصف:&lt;/div&gt;&lt;/div&gt;&lt;/div&gt;</description><ExtendedData><Data name="atlas_id"><value>LY-AKAKUS-00131</value></Data><Data name="description"><value>التصنيف: الوصف:</value></Data><Data name="image_count"><value>0</value></Data><Data name="source_file"><value>اكاكوس.kml</value></Data><Data name="images_json"><value>[]</value></Data><Data name="atlas_id"><value>LY-AKAKUS-00131</value></Data><Data name="image_count"><value>0</value></Data><Data name="source_file"><value>اكاكوس.kml</value></Data><Data name="images_json"><value>[]</value></Data><Data name="atlas_id"><value>LY-AKA-000131</value></Data><Data name="layer_id"><value>akakus</value></Data><Data name="layer_name_ar"><value>أكاكوس</value></Data><Data name="layer_name_en"><value>Akakus</value></Data><Data name="name_ar"><value>موقع فن صخري</value></Data><Data name="latitude"><value>25.520186</value></Data><Data name="longitude"><value>10.603027</value></Data><Data name="images_json"><value>[]</value></Data><Data name="image_count"><value>0</value></Data><Data name="source_file"><value>developed/akakus-developed.kml</value></Data><Data name="source_placemark_index"><value>131</value></Data><Data name="data_quality_status"><value>missing_media</value></Data></ExtendedData><Point><coordinates>10.603027,25.520186,0</coordinates></Point></Placemark><Placemark><name>موقع فن صخري</name><description>&lt;div class="atlas-popup" dir="rtl"&gt;&lt;h3&gt;موقع فن صخري&lt;/h3&gt;&lt;div class="atlas-popup-gallery"&gt;&lt;/div&gt;&lt;div class="atlas-popup-details"&gt;&lt;div&gt;&lt;strong&gt;الوصف:&lt;/strong&gt; التصنيف: الوصف:&lt;/div&gt;&lt;/div&gt;&lt;/div&gt;</description><ExtendedData><Data name="atlas_id"><value>LY-AKAKUS-00132</value></Data><Data name="description"><value>التصنيف: الوصف:</value></Data><Data name="image_count"><value>0</value></Data><Data name="source_file"><value>اكاكوس.kml</value></Data><Data name="images_json"><value>[]</value></Data><Data name="atlas_id"><value>LY-AKAKUS-00132</value></Data><Data name="image_count"><value>0</value></Data><Data name="source_file"><value>اكاكوس.kml</value></Data><Data name="images_json"><value>[]</value></Data><Data name="atlas_id"><value>LY-AKA-000132</value></Data><Data name="layer_id"><value>akakus</value></Data><Data name="layer_name_ar"><value>أكاكوس</value></Data><Data name="layer_name_en"><value>Akakus</value></Data><Data name="name_ar"><value>موقع فن صخري</value></Data><Data name="latitude"><value>25.520984</value></Data><Data name="longitude"><value>10.603824</value></Data><Data name="images_json"><value>[]</value></Data><Data name="image_count"><value>0</value></Data><Data name="source_file"><value>developed/akakus-developed.kml</value></Data><Data name="source_placemark_index"><value>132</value></Data><Data name="data_quality_status"><value>missing_media</value></Data></ExtendedData><Point><coordinates>10.603824,25.520984,0</coordinates></Point></Placemark><Placemark><name>موقع فن صخري وادي تيسبت</name><description>&lt;div class="atlas-popup" dir="rtl"&gt;&lt;h3&gt;موقع فن صخري وادي تيسبت&lt;/h3&gt;&lt;div class="atlas-popup-gallery"&gt;&lt;/div&gt;&lt;div class="atlas-popup-details"&gt;&lt;div&gt;&lt;strong&gt;الوصف:&lt;/strong&gt; التصنيف: الوصف:&lt;/div&gt;&lt;/div&gt;&lt;/div&gt;</description><ExtendedData><Data name="atlas_id"><value>LY-AKAKUS-00133</value></Data><Data name="description"><value>التصنيف: الوصف:</value></Data><Data name="image_count"><value>0</value></Data><Data name="source_file"><value>اكاكوس.kml</value></Data><Data name="images_json"><value>[]</value></Data><Data name="atlas_id"><value>LY-AKAKUS-00133</value></Data><Data name="image_count"><value>0</value></Data><Data name="source_file"><value>اكاكوس.kml</value></Data><Data name="images_json"><value>[]</value></Data><Data name="atlas_id"><value>LY-AKA-000133</value></Data><Data name="layer_id"><value>akakus</value></Data><Data name="layer_name_ar"><value>أكاكوس</value></Data><Data name="layer_name_en"><value>Akakus</value></Data><Data name="name_ar"><value>موقع فن صخري وادي تيسبت</value></Data><Data name="latitude"><value>25.333376</value></Data><Data name="longitude"><value>10.522067</value></Data><Data name="images_json"><value>[]</value></Data><Data name="image_count"><value>0</value></Data><Data name="source_file"><value>developed/akakus-developed.kml</value></Data><Data name="source_placemark_index"><value>133</value></Data><Data name="data_quality_status"><value>missing_media</value></Data></ExtendedData><Point><coordinates>10.522067,25.333376,0</coordinates></Point></Placemark><Placemark><name>موقع فن صخري</name><description>&lt;div class="atlas-popup" dir="rtl"&gt;&lt;h3&gt;موقع فن صخري&lt;/h3&gt;&lt;div class="atlas-popup-gallery"&gt;&lt;/div&gt;&lt;div class="atlas-popup-details"&gt;&lt;div&gt;&lt;strong&gt;الوصف:&lt;/strong&gt; التصنيف: الوصف:&lt;/div&gt;&lt;/div&gt;&lt;/div&gt;</description><ExtendedData><Data name="atlas_id"><value>LY-AKAKUS-00134</value></Data><Data name="description"><value>التصنيف: الوصف:</value></Data><Data name="image_count"><value>0</value></Data><Data name="source_file"><value>اكاكوس.kml</value></Data><Data name="images_json"><value>[]</value></Data><Data name="atlas_id"><value>LY-AKAKUS-00134</value></Data><Data name="image_count"><value>0</value></Data><Data name="source_file"><value>اكاكوس.kml</value></Data><Data name="images_json"><value>[]</value></Data><Data name="atlas_id"><value>LY-AKA-000134</value></Data><Data name="layer_id"><value>akakus</value></Data><Data name="layer_name_ar"><value>أكاكوس</value></Data><Data name="layer_name_en"><value>Akakus</value></Data><Data name="name_ar"><value>موقع فن صخري</value></Data><Data name="latitude"><value>24.982528</value></Data><Data name="longitude"><value>10.476111</value></Data><Data name="images_json"><value>[]</value></Data><Data name="image_count"><value>0</value></Data><Data name="source_file"><value>developed/akakus-developed.kml</value></Data><Data name="source_placemark_index"><value>134</value></Data><Data name="data_quality_status"><value>missing_media</value></Data></ExtendedData><Point><coordinates>10.476111,24.982528,0</coordinates></Point></Placemark><Placemark><name>موقع فن صخري</name><description>&lt;div class="atlas-popup" dir="rtl"&gt;&lt;h3&gt;موقع فن صخري&lt;/h3&gt;&lt;div class="atlas-popup-gallery"&gt;&lt;/div&gt;&lt;div class="atlas-popup-details"&gt;&lt;div&gt;&lt;strong&gt;الوصف:&lt;/strong&gt; تين لالان&lt;/div&gt;&lt;/div&gt;&lt;/div&gt;</description><ExtendedData><Data name="atlas_id"><value>LY-AKAKUS-00135</value></Data><Data name="description"><value>تين لالان</value></Data><Data name="image_count"><value>0</value></Data><Data name="source_file"><value>اكاكوس.kml</value></Data><Data name="images_json"><value>[]</value></Data><Data name="atlas_id"><value>LY-AKAKUS-00135</value></Data><Data name="image_count"><value>0</value></Data><Data name="source_file"><value>اكاكوس.kml</value></Data><Data name="images_json"><value>[]</value></Data><Data name="atlas_id"><value>LY-AKA-000135</value></Data><Data name="layer_id"><value>akakus</value></Data><Data name="layer_name_ar"><value>أكاكوس</value></Data><Data name="layer_name_en"><value>Akakus</value></Data><Data name="name_ar"><value>موقع فن صخري</value></Data><Data name="latitude"><value>25.355281</value></Data><Data name="longitude"><value>10.515686</value></Data><Data name="images_json"><value>[]</value></Data><Data name="image_count"><value>0</value></Data><Data name="source_file"><value>developed/akakus-developed.kml</value></Data><Data name="source_placemark_index"><value>135</value></Data><Data name="data_quality_status"><value>missing_media</value></Data></ExtendedData><Point><coordinates>10.515686,25.355281,0</coordinates></Point></Placemark><Placemark><name>القلعة الايطالية</name><description>&lt;div class="atlas-popup" dir="rtl"&gt;&lt;h3&gt;القلعة الايطالية&lt;/h3&gt;&lt;div class="atlas-popup-gallery"&gt;&lt;/div&gt;&lt;div class="atlas-popup-details"&gt;&lt;div&gt;&lt;strong&gt;الوصف:&lt;/strong&gt; التصنيف: الوصف:&lt;/div&gt;&lt;/div&gt;&lt;/div&gt;</description><ExtendedData><Data name="atlas_id"><value>LY-AKAKUS-00136</value></Data><Data name="description"><value>التصنيف: الوصف:</value></Data><Data name="image_count"><value>0</value></Data><Data name="source_file"><value>اكاكوس.kml</value></Data><Data name="images_json"><value>[]</value></Data><Data name="atlas_id"><value>LY-AKAKUS-00136</value></Data><Data name="image_count"><value>0</value></Data><Data name="source_file"><value>اكاكوس.kml</value></Data><Data name="images_json"><value>[]</value></Data><Data name="atlas_id"><value>LY-AKA-000136</value></Data><Data name="layer_id"><value>akakus</value></Data><Data name="layer_name_ar"><value>أكاكوس</value></Data><Data name="layer_name_en"><value>Akakus</value></Data><Data name="name_ar"><value>القلعة الايطالية</value></Data><Data name="latitude"><value>24.96497</value></Data><Data name="longitude"><value>10.17706</value></Data><Data name="images_json"><value>[]</value></Data><Data name="image_count"><value>0</value></Data><Data name="source_file"><value>developed/akakus-developed.kml</value></Data><Data name="source_placemark_index"><value>136</value></Data><Data name="data_quality_status"><value>missing_media</value></Data></ExtendedData><Point><coordinates>10.17706,24.96497,0</coordinates></Point></Placemark><Placemark><name>القلعة الفرنسية</name><description>&lt;div class="atlas-popup" dir="rtl"&gt;&lt;h3&gt;القلعة الفرنسية&lt;/h3&gt;&lt;div class="atlas-popup-gallery"&gt;&lt;/div&gt;&lt;div class="atlas-popup-details"&gt;&lt;div&gt;&lt;strong&gt;الوصف:&lt;/strong&gt; التصنيف: الوصف:&lt;/div&gt;&lt;/div&gt;&lt;/div&gt;</description><ExtendedData><Data name="atlas_id"><value>LY-AKAKUS-00137</value></Data><Data name="description"><value>التصنيف: الوصف:</value></Data><Data name="image_count"><value>0</value></Data><Data name="source_file"><value>اكاكوس.kml</value></Data><Data name="images_json"><value>[]</value></Data><Data name="atlas_id"><value>LY-AKAKUS-00137</value></Data><Data name="image_count"><value>0</value></Data><Data name="source_file"><value>اكاكوس.kml</value></Data><Data name="images_json"><value>[]</value></Data><Data name="atlas_id"><value>LY-AKA-000137</value></Data><Data name="layer_id"><value>akakus</value></Data><Data name="layer_name_ar"><value>أكاكوس</value></Data><Data name="layer_name_en"><value>Akakus</value></Data><Data name="name_ar"><value>القلعة الفرنسية</value></Data><Data name="latitude"><value>25.77872</value></Data><Data name="longitude"><value>10.56405</value></Data><Data name="images_json"><value>[]</value></Data><Data name="image_count"><value>0</value></Data><Data name="source_file"><value>developed/akakus-developed.kml</value></Data><Data name="source_placemark_index"><value>137</value></Data><Data name="data_quality_status"><value>missing_media</value></Data></ExtendedData><Point><coordinates>10.56405,25.77872,0</coordinates></Point></Placemark><Placemark><name>جامع أغرم العتيق</name><description>&lt;div class="atlas-popup" dir="rtl"&gt;&lt;h3&gt;جامع أغرم العتيق&lt;/h3&gt;&lt;div class="atlas-popup-gallery"&gt;&lt;/div&gt;&lt;div class="atlas-popup-details"&gt;&lt;div&gt;&lt;strong&gt;الوصف:&lt;/strong&gt; التصنيف: الوصف:&lt;/div&gt;&lt;/div&gt;&lt;/div&gt;</description><ExtendedData><Data name="atlas_id"><value>LY-AKAKUS-00138</value></Data><Data name="description"><value>التصنيف: الوصف:</value></Data><Data name="image_count"><value>0</value></Data><Data name="source_file"><value>اكاكوس.kml</value></Data><Data name="images_json"><value>[]</value></Data><Data name="atlas_id"><value>LY-AKAKUS-00138</value></Data><Data name="image_count"><value>0</value></Data><Data name="source_file"><value>اكاكوس.kml</value></Data><Data name="images_json"><value>[]</value></Data><Data name="atlas_id"><value>LY-AKA-000138</value></Data><Data name="layer_id"><value>akakus</value></Data><Data name="layer_name_ar"><value>أكاكوس</value></Data><Data name="layer_name_en"><value>Akakus</value></Data><Data name="name_ar"><value>جامع أغرم العتيق</value></Data><Data name="latitude"><value>25.7794</value></Data><Data name="longitude"><value>10.56635</value></Data><Data name="images_json"><value>[]</value></Data><Data name="image_count"><value>0</value></Data><Data name="source_file"><value>developed/akakus-developed.kml</value></Data><Data name="source_placemark_index"><value>138</value></Data><Data name="data_quality_status"><value>missing_media</value></Data></ExtendedData><Point><coordinates>10.56635,25.7794,0</coordinates></Point></Placemark><Placemark><name>حصن آغرم نظاريف</name><description>&lt;div class="atlas-popup" dir="rtl"&gt;&lt;h3&gt;حصن آغرم نظاريف&lt;/h3&gt;&lt;div class="atlas-popup-gallery"&gt;&lt;/div&gt;&lt;div class="atlas-popup-details"&gt;&lt;div&gt;&lt;strong&gt;الوصف:&lt;/strong&gt; التصنيف: الوصف:&lt;/div&gt;&lt;/div&gt;&lt;/div&gt;</description><ExtendedData><Data name="atlas_id"><value>LY-AKAKUS-00139</value></Data><Data name="description"><value>التصنيف: الوصف:</value></Data><Data name="image_count"><value>0</value></Data><Data name="source_file"><value>اكاكوس.kml</value></Data><Data name="images_json"><value>[]</value></Data><Data name="atlas_id"><value>LY-AKAKUS-00139</value></Data><Data name="image_count"><value>0</value></Data><Data name="source_file"><value>اكاكوس.kml</value></Data><Data name="images_json"><value>[]</value></Data><Data name="atlas_id"><value>LY-AKA-000139</value></Data><Data name="layer_id"><value>akakus</value></Data><Data name="layer_name_ar"><value>أكاكوس</value></Data><Data name="layer_name_en"><value>Akakus</value></Data><Data name="name_ar"><value>حصن آغرم نظاريف</value></Data><Data name="latitude"><value>24.88365</value></Data><Data name="longitude"><value>10.20214</value></Data><Data name="images_json"><value>[]</value></Data><Data name="image_count"><value>0</value></Data><Data name="source_file"><value>developed/akakus-developed.kml</value></Data><Data name="source_placemark_index"><value>139</value></Data><Data name="data_quality_status"><value>missing_media</value></Data></ExtendedData><Point><coordinates>10.20214,24.88365,0</coordinates></Point></Placemark><Placemark><name>موقع جرمنتي - تين أفلا</name><description>&lt;div class="atlas-popup" dir="rtl"&gt;&lt;h3&gt;موقع جرمنتي - تين أفلا&lt;/h3&gt;&lt;div class="atlas-popup-gallery"&gt;&lt;/div&gt;&lt;div class="atlas-popup-details"&gt;&lt;div&gt;&lt;strong&gt;الوصف:&lt;/strong&gt; التصنيف: الوصف:&lt;/div&gt;&lt;/div&gt;&lt;/div&gt;</description><ExtendedData><Data name="atlas_id"><value>LY-AKAKUS-00140</value></Data><Data name="description"><value>التصنيف: الوصف:</value></Data><Data name="image_count"><value>0</value></Data><Data name="source_file"><value>اكاكوس.kml</value></Data><Data name="images_json"><value>[]</value></Data><Data name="atlas_id"><value>LY-AKAKUS-00140</value></Data><Data name="image_count"><value>0</value></Data><Data name="source_file"><value>اكاكوس.kml</value></Data><Data name="images_json"><value>[]</value></Data><Data name="atlas_id"><value>LY-AKA-000140</value></Data><Data name="layer_id"><value>akakus</value></Data><Data name="layer_name_ar"><value>أكاكوس</value></Data><Data name="layer_name_en"><value>Akakus</value></Data><Data name="name_ar"><value>موقع جرمنتي - تين أفلا</value></Data><Data name="latitude"><value>24.94937</value></Data><Data name="longitude"><value>10.07945</value></Data><Data name="images_json"><value>[]</value></Data><Data name="image_count"><value>0</value></Data><Data name="source_file"><value>developed/akakus-developed.kml</value></Data><Data name="source_placemark_index"><value>140</value></Data><Data name="data_quality_status"><value>missing_media</value></Data></ExtendedData><Point><coordinates>10.07945,24.94937,0</coordinates></Point></Placemark><Placemark><name>مدافن جرمنتية</name><description>&lt;div class="atlas-popup" dir="rtl"&gt;&lt;h3&gt;مدافن جرمنتية&lt;/h3&gt;&lt;div class="atlas-popup-gallery"&gt;&lt;/div&gt;&lt;div class="atlas-popup-details"&gt;&lt;div&gt;&lt;strong&gt;الوصف:&lt;/strong&gt; التصنيف: الوصف:&lt;/div&gt;&lt;/div&gt;&lt;/div&gt;</description><ExtendedData><Data name="atlas_id"><value>LY-AKAKUS-00141</value></Data><Data name="description"><value>التصنيف: الوصف:</value></Data><Data name="image_count"><value>0</value></Data><Data name="source_file"><value>اكاكوس.kml</value></Data><Data name="images_json"><value>[]</value></Data><Data name="atlas_id"><value>LY-AKAKUS-00141</value></Data><Data name="image_count"><value>0</value></Data><Data name="source_file"><value>اكاكوس.kml</value></Data><Data name="images_json"><value>[]</value></Data><Data name="atlas_id"><value>LY-AKA-000141</value></Data><Data name="layer_id"><value>akakus</value></Data><Data name="layer_name_ar"><value>أكاكوس</value></Data><Data name="layer_name_en"><value>Akakus</value></Data><Data name="name_ar"><value>مدافن جرمنتية</value></Data><Data name="latitude"><value>24.88722</value></Data><Data name="longitude"><value>10.20755</value></Data><Data name="images_json"><value>[]</value></Data><Data name="image_count"><value>0</value></Data><Data name="source_file"><value>developed/akakus-developed.kml</value></Data><Data name="source_placemark_index"><value>141</value></Data><Data name="data_quality_status"><value>missing_media</value></Data></ExtendedData><Point><coordinates>10.20755,24.88722,0</coordinates></Point></Placemark><Placemark><name>مدافن أثرية</name><description>&lt;div class="atlas-popup" dir="rtl"&gt;&lt;h3&gt;مدافن أثرية&lt;/h3&gt;&lt;div class="atlas-popup-gallery"&gt;&lt;/div&gt;&lt;div class="atlas-popup-details"&gt;&lt;div&gt;&lt;strong&gt;الوصف:&lt;/strong&gt; التصنيف: الوصف:&lt;/div&gt;&lt;/div&gt;&lt;/div&gt;</description><ExtendedData><Data name="atlas_id"><value>LY-AKAKUS-00142</value></Data><Data name="description"><value>التصنيف: الوصف:</value></Data><Data name="image_count"><value>0</value></Data><Data name="source_file"><value>اكاكوس.kml</value></Data><Data name="images_json"><value>[]</value></Data><Data name="atlas_id"><value>LY-AKAKUS-00142</value></Data><Data name="image_count"><value>0</value></Data><Data name="source_file"><value>اكاكوس.kml</value></Data><Data name="images_json"><value>[]</value></Data><Data name="atlas_id"><value>LY-AKA-000142</value></Data><Data name="layer_id"><value>akakus</value></Data><Data name="layer_name_ar"><value>أكاكوس</value></Data><Data name="layer_name_en"><value>Akakus</value></Data><Data name="name_ar"><value>مدافن أثرية</value></Data><Data name="latitude"><value>25.42642</value></Data><Data name="longitude"><value>11.00139</value></Data><Data name="images_json"><value>[]</value></Data><Data name="image_count"><value>0</value></Data><Data name="source_file"><value>developed/akakus-developed.kml</value></Data><Data name="source_placemark_index"><value>142</value></Data><Data name="data_quality_status"><value>missing_media</value></Data></ExtendedData><Point><coordinates>11.00139,25.42642,0</coordinates></Point></Placemark><Placemark><name>مدافن حجرية</name><description>&lt;div class="atlas-popup" dir="rtl"&gt;&lt;h3&gt;مدافن حجرية&lt;/h3&gt;&lt;div class="atlas-popup-gallery"&gt;&lt;/div&gt;&lt;div class="atlas-popup-details"&gt;&lt;div&gt;&lt;strong&gt;الوصف:&lt;/strong&gt; التصنيف: الوصف:&lt;/div&gt;&lt;/div&gt;&lt;/div&gt;</description><ExtendedData><Data name="atlas_id"><value>LY-AKAKUS-00143</value></Data><Data name="description"><value>التصنيف: الوصف:</value></Data><Data name="image_count"><value>0</value></Data><Data name="source_file"><value>اكاكوس.kml</value></Data><Data name="images_json"><value>[]</value></Data><Data name="atlas_id"><value>LY-AKAKUS-00143</value></Data><Data name="image_count"><value>0</value></Data><Data name="source_file"><value>اكاكوس.kml</value></Data><Data name="images_json"><value>[]</value></Data><Data name="atlas_id"><value>LY-AKA-000143</value></Data><Data name="layer_id"><value>akakus</value></Data><Data name="layer_name_ar"><value>أكاكوس</value></Data><Data name="layer_name_en"><value>Akakus</value></Data><Data name="name_ar"><value>مدافن حجرية</value></Data><Data name="latitude"><value>25.425717</value></Data><Data name="longitude"><value>11.003034</value></Data><Data name="images_json"><value>[]</value></Data><Data name="image_count"><value>0</value></Data><Data name="source_file"><value>developed/akakus-developed.kml</value></Data><Data name="source_placemark_index"><value>143</value></Data><Data name="data_quality_status"><value>missing_media</value></Data></ExtendedData><Point><coordinates>11.003034,25.425717,0</coordinates></Point></Placemark><Placemark><name>مساك مللت</name><description>&lt;div class="atlas-popup" dir="rtl"&gt;&lt;h3&gt;مساك مللت&lt;/h3&gt;&lt;div class="atlas-popup-gallery"&gt;&lt;/div&gt;&lt;div class="atlas-popup-details"&gt;&lt;div&gt;&lt;strong&gt;الوصف:&lt;/strong&gt; التصنيف: الوصف:&lt;/div&gt;&lt;/div&gt;&lt;/div&gt;</description><ExtendedData><Data name="atlas_id"><value>LY-AKAKUS-00144</value></Data><Data name="description"><value>التصنيف: الوصف:</value></Data><Data name="image_count"><value>0</value></Data><Data name="source_file"><value>اكاكوس.kml</value></Data><Data name="images_json"><value>[]</value></Data><Data name="atlas_id"><value>LY-AKAKUS-00144</value></Data><Data name="image_count"><value>0</value></Data><Data name="source_file"><value>اكاكوس.kml</value></Data><Data name="images_json"><value>[]</value></Data><Data name="atlas_id"><value>LY-AKA-000144</value></Data><Data name="layer_id"><value>akakus</value></Data><Data name="layer_name_ar"><value>أكاكوس</value></Data><Data name="layer_name_en"><value>Akakus</value></Data><Data name="name_ar"><value>مساك مللت</value></Data><Data name="latitude"><value>24.46094</value></Data><Data name="longitude"><value>11.531693</value></Data><Data name="images_json"><value>[]</value></Data><Data name="image_count"><value>0</value></Data><Data name="source_file"><value>developed/akakus-developed.kml</value></Data><Data name="source_placemark_index"><value>144</value></Data><Data name="data_quality_status"><value>missing_media</value></Data></ExtendedData><Point><coordinates>11.531693,24.46094,0</coordinates></Point></Placemark><Placemark><name>البركت</name><description>&lt;div class="atlas-popup" dir="rtl"&gt;&lt;h3&gt;البركت&lt;/h3&gt;&lt;div class="atlas-popup-gallery"&gt;&lt;/div&gt;&lt;div class="atlas-popup-details"&gt;&lt;div&gt;&lt;strong&gt;التصنيف:&lt;/strong&gt; قرية مؤهولة&lt;/div&gt;&lt;div&gt;&lt;strong&gt;الوصف:&lt;/strong&gt; هي مدينة ليبية تقع في الجنوب الغربي لليبيا وتبعد عن العاصمة طرابلس حوالي1367 كيلو متر وجنوب غات بحوالي 7 كيلو متر ويحدها من الشرق جبال اكوكاس ومن الشمال مدينة غات ومن الجنوب والغرب الحدود الجزائرية. اسست البركت وغات في القرن الأول قبل الميلاد علي يد مجموعة من أربعة قبائل منهم كيل تلاق و امكمزن و ويسطوفا و كيل تارات الواقعة جنوب البركت وذلك لحماية القوافل التجارية في غات.&lt;/div&gt;&lt;/div&gt;&lt;/div&gt;</description><ExtendedData><Data name="atlas_id"><value>LY-AKAKUS-00145</value></Data><Data name="category"><value>قرية مؤهولة</value></Data><Data name="description"><value>هي مدينة ليبية تقع في الجنوب الغربي لليبيا وتبعد عن العاصمة طرابلس حوالي1367 كيلو متر وجنوب غات بحوالي 7 كيلو متر ويحدها من الشرق جبال اكوكاس ومن الشمال مدينة غات ومن الجنوب والغرب الحدود الجزائرية. اسست البركت وغات في القرن الأول قبل الميلاد علي يد مجموعة من أربعة قبائل منهم كيل تلاق و امكمزن و ويسطوفا و كيل تارات الواقعة جنوب البركت وذلك لحماية القوافل التجارية في غات.</value></Data><Data name="image_count"><value>0</value></Data><Data name="source_file"><value>اكاكوس.kml</value></Data><Data name="images_json"><value>[]</value></Data><Data name="atlas_id"><value>LY-AKAKUS-00145</value></Data><Data name="image_count"><value>0</value></Data><Data name="source_file"><value>اكاكوس.kml</value></Data><Data name="images_json"><value>[]</value></Data><Data name="atlas_id"><value>LY-AKA-000145</value></Data><Data name="layer_id"><value>akakus</value></Data><Data name="layer_name_ar"><value>أكاكوس</value></Data><Data name="layer_name_en"><value>Akakus</value></Data><Data name="name_ar"><value>البركت</value></Data><Data name="latitude"><value>24.887673</value></Data><Data name="longitude"><value>10.181487</value></Data><Data name="images_json"><value>[]</value></Data><Data name="image_count"><value>0</value></Data><Data name="source_file"><value>developed/akakus-developed.kml</value></Data><Data name="source_placemark_index"><value>145</value></Data><Data name="data_quality_status"><value>missing_media</value></Data></ExtendedData><Point><coordinates>10.181487,24.887673,0</coordinates></Point></Placemark><Placemark><name>مخيم الفيوت</name><description>&lt;div class="atlas-popup" dir="rtl"&gt;&lt;h3&gt;مخيم الفيوت&lt;/h3&gt;&lt;div class="atlas-popup-gallery"&gt;&lt;/div&gt;&lt;div class="atlas-popup-details"&gt;&lt;div&gt;&lt;strong&gt;الوصف:&lt;/strong&gt; التصنيف: الوصف:&lt;/div&gt;&lt;/div&gt;&lt;/div&gt;</description><ExtendedData><Data name="atlas_id"><value>LY-AKAKUS-00146</value></Data><Data name="description"><value>التصنيف: الوصف:</value></Data><Data name="image_count"><value>0</value></Data><Data name="source_file"><value>اكاكوس.kml</value></Data><Data name="images_json"><value>[]</value></Data><Data name="atlas_id"><value>LY-AKAKUS-00146</value></Data><Data name="image_count"><value>0</value></Data><Data name="source_file"><value>اكاكوس.kml</value></Data><Data name="images_json"><value>[]</value></Data><Data name="atlas_id"><value>LY-AKA-000146</value></Data><Data name="layer_id"><value>akakus</value></Data><Data name="layer_name_ar"><value>أكاكوس</value></Data><Data name="layer_name_en"><value>Akakus</value></Data><Data name="name_ar"><value>مخيم الفيوت</value></Data><Data name="latitude"><value>24.945741</value></Data><Data name="longitude"><value>10.082024</value></Data><Data name="images_json"><value>[]</value></Data><Data name="image_count"><value>0</value></Data><Data name="source_file"><value>developed/akakus-developed.kml</value></Data><Data name="source_placemark_index"><value>146</value></Data><Data name="data_quality_status"><value>missing_media</value></Data></ExtendedData><Point><coordinates>10.082024,24.945741,0</coordinates></Point></Placemark><Placemark><name>فندق تاسيلي</name><description>&lt;div class="atlas-popup" dir="rtl"&gt;&lt;h3&gt;فندق تاسيلي&lt;/h3&gt;&lt;div class="atlas-popup-gallery"&gt;&lt;/div&gt;&lt;div class="atlas-popup-details"&gt;&lt;div&gt;&lt;strong&gt;الوصف:&lt;/strong&gt; التصنيف: الوصف:&lt;/div&gt;&lt;/div&gt;&lt;/div&gt;</description><ExtendedData><Data name="atlas_id"><value>LY-AKAKUS-00147</value></Data><Data name="description"><value>التصنيف: الوصف:</value></Data><Data name="image_count"><value>0</value></Data><Data name="source_file"><value>اكاكوس.kml</value></Data><Data name="images_json"><value>[]</value></Data><Data name="atlas_id"><value>LY-AKAKUS-00147</value></Data><Data name="image_count"><value>0</value></Data><Data name="source_file"><value>اكاكوس.kml</value></Data><Data name="images_json"><value>[]</value></Data><Data name="atlas_id"><value>LY-AKA-000147</value></Data><Data name="layer_id"><value>akakus</value></Data><Data name="layer_name_ar"><value>أكاكوس</value></Data><Data name="layer_name_en"><value>Akakus</value></Data><Data name="name_ar"><value>فندق تاسيلي</value></Data><Data name="latitude"><value>24.961389</value></Data><Data name="longitude"><value>10.174318</value></Data><Data name="images_json"><value>[]</value></Data><Data name="image_count"><value>0</value></Data><Data name="source_file"><value>developed/akakus-developed.kml</value></Data><Data name="source_placemark_index"><value>147</value></Data><Data name="data_quality_status"><value>missing_media</value></Data></ExtendedData><Point><coordinates>10.174318,24.961389,0</coordinates></Point></Placemark><Placemark><name>ايسين</name><description>&lt;div class="atlas-popup" dir="rtl"&gt;&lt;h3&gt;ايسين&lt;/h3&gt;&lt;div class="atlas-popup-gallery"&gt;&lt;img src="https://mymaps.usercontent.google.com/hostedimage/m/*/3AAjQbR6-lGS7FttolpkEKPwyrdotejV3E05RVeSvlgFhZMQNkt5jdiCybW87UoM6Q_mL2_KeC5vXH_kJwNIgRzcSOgquPdMBCsRyGmOyWzXYVeUl5G-B97j3IcaDqmhF3lQYLgmlboED5gT0nJ0KMpaGRjOgzqd0ZIO4Clgc-sUIu5nZC0YR16DrjlYWvtAW2VKh6LCsLTVJUD3_J4HQLX_EHGXt8IsmYRM1a3M-jqfZyXjlaMtzgSVIkBkh6mE?authuser=1&amp;amp;fife=s16383" alt="ايسين" loading="lazy" class="atlas-popup-image"&gt;&lt;/div&gt;&lt;div class="atlas-popup-details"&gt;&lt;div&gt;&lt;strong&gt;التصنيف:&lt;/strong&gt; قرية&lt;/div&gt;&lt;div&gt;&lt;strong&gt;الوصف:&lt;/strong&gt; هي قرية حدودية وادعة تقع في أقصى الجنوب الغربي لليبيا جنوب مدينة غات، وتشتهر بمعالمها الطبيعية وتاريخها النضالي المشترك.: تشتهر المنطقة بـ &amp;quot;معركة إيسين&amp;quot; التاريخية التي وقعت في 5 أكتوبر 1957م، وتُعد رمزاً خالداً للكفاح المشترك بين الشعبين الليبي والجزائري ضد الاستعمار&lt;/div&gt;&lt;/div&gt;&lt;/div&gt;</description><ExtendedData><Data name="atlas_id"><value>LY-AKAKUS-00148</value></Data><Data name="category"><value>قرية</value></Data><Data name="description"><value>هي قرية حدودية وادعة تقع في أقصى الجنوب الغربي لليبيا جنوب مدينة غات، وتشتهر بمعالمها الطبيعية وتاريخها النضالي المشترك.: تشتهر المنطقة بـ "معركة إيسين" التاريخية التي وقعت في 5 أكتوبر 1957م، وتُعد رمزاً خالداً للكفاح المشترك بين الشعبين الليبي والجزائري ضد الاستعمار</value></Data><Data name="image_count"><value>1</value></Data><Data name="source_file"><value>اكاكوس.kml</value></Data><Data name="images_json"><value>["https://mymaps.usercontent.google.com/hostedimage/m/*/3AAjQbR6-lGS7FttolpkEKPwyrdotejV3E05RVeSvlgFhZMQNkt5jdiCybW87UoM6Q_mL2_KeC5vXH_kJwNIgRzcSOgquPdMBCsRyGmOyWzXYVeUl5G-B97j3IcaDqmhF3lQYLgmlboED5gT0nJ0KMpaGRjOgzqd0ZIO4Clgc-sUIu5nZC0YR16DrjlYWvtAW2VKh6LCsLTVJUD3_J4HQLX_EHGXt8IsmYRM1a3M-jqfZyXjlaMtzgSVIkBkh6mE?authuser=1&amp;fife=s16383"]</value></Data><Data name="atlas_id"><value>LY-AKAKUS-00148</value></Data><Data name="image_count"><value>1</value></Data><Data name="source_file"><value>اكاكوس.kml</value></Data><Data name="images_json"><value>["https://mymaps.usercontent.google.com/hostedimage/m/*/3AAjQbR6-lGS7FttolpkEKPwyrdotejV3E05RVeSvlgFhZMQNkt5jdiCybW87UoM6Q_mL2_KeC5vXH_kJwNIgRzcSOgquPdMBCsRyGmOyWzXYVeUl5G-B97j3IcaDqmhF3lQYLgmlboED5gT0nJ0KMpaGRjOgzqd0ZIO4Clgc-sUIu5nZC0YR16DrjlYWvtAW2VKh6LCsLTVJUD3_J4HQLX_EHGXt8IsmYRM1a3M-jqfZyXjlaMtzgSVIkBkh6mE?authuser=1&amp;fife=s16383"]</value></Data><Data name="atlas_id"><value>LY-AKA-000148</value></Data><Data name="layer_id"><value>akakus</value></Data><Data name="layer_name_ar"><value>أكاكوس</value></Data><Data name="layer_name_en"><value>Akakus</value></Data><Data name="name_ar"><value>ايسين</value></Data><Data name="latitude"><value>24.78679</value></Data><Data name="longitude"><value>10.21364</value></Data><Data name="images_json"><value>[&quot;https://mymaps.usercontent.google.com/hostedimage/m/*/3AAjQbR6-lGS7FttolpkEKPwyrdotejV3E05RVeSvlgFhZMQNkt5jdiCybW87UoM6Q_mL2_KeC5vXH_kJwNIgRzcSOgquPdMBCsRyGmOyWzXYVeUl5G-B97j3IcaDqmhF3lQYLgmlboED5gT0nJ0KMpaGRjOgzqd0ZIO4Clgc-sUIu5nZC0YR16DrjlYWvtAW2VKh6LCsLTVJUD3_J4HQLX_EHGXt8IsmYRM1a3M-jqfZyXjlaMtzgSVIkBkh6mE?authuser=1&amp;fife=s16383&quot;]</value></Data><Data name="image_count"><value>1</value></Data><Data name="source_file"><value>developed/akakus-developed.kml</value></Data><Data name="source_placemark_index"><value>148</value></Data><Data name="data_quality_status"><value>ok</value></Data></ExtendedData><Point><coordinates>10.21364,24.78679,0</coordinates></Point></Placemark><Placemark><name>مخيم آناي</name><description>&lt;div class="atlas-popup" dir="rtl"&gt;&lt;h3&gt;مخيم آناي&lt;/h3&gt;&lt;div class="atlas-popup-gallery"&gt;&lt;/div&gt;&lt;div class="atlas-popup-details"&gt;&lt;div&gt;&lt;strong&gt;الوصف:&lt;/strong&gt; التصنيف: الوصف:&lt;/div&gt;&lt;/div&gt;&lt;/div&gt;</description><ExtendedData><Data name="atlas_id"><value>LY-AKAKUS-00149</value></Data><Data name="description"><value>التصنيف: الوصف:</value></Data><Data name="image_count"><value>0</value></Data><Data name="source_file"><value>اكاكوس.kml</value></Data><Data name="images_json"><value>[]</value></Data><Data name="atlas_id"><value>LY-AKAKUS-00149</value></Data><Data name="image_count"><value>0</value></Data><Data name="source_file"><value>اكاكوس.kml</value></Data><Data name="images_json"><value>[]</value></Data><Data name="atlas_id"><value>LY-AKA-000149</value></Data><Data name="layer_id"><value>akakus</value></Data><Data name="layer_name_ar"><value>أكاكوس</value></Data><Data name="layer_name_en"><value>Akakus</value></Data><Data name="name_ar"><value>مخيم آناي</value></Data><Data name="latitude"><value>24.97157</value></Data><Data name="longitude"><value>10.20712</value></Data><Data name="images_json"><value>[]</value></Data><Data name="image_count"><value>0</value></Data><Data name="source_file"><value>developed/akakus-developed.kml</value></Data><Data name="source_placemark_index"><value>149</value></Data><Data name="data_quality_status"><value>missing_media</value></Data></ExtendedData><Point><coordinates>10.20712,24.97157,0</coordinates></Point></Placemark><Placemark><name>موقع مخيم ازيل سنة 2006</name><description>&lt;div class="atlas-popup" dir="rtl"&gt;&lt;h3&gt;موقع مخيم ازيل سنة 2006&lt;/h3&gt;&lt;div class="atlas-popup-gallery"&gt;&lt;/div&gt;&lt;div class="atlas-popup-details"&gt;&lt;div&gt;&lt;strong&gt;الوصف:&lt;/strong&gt; التصنيف: الوصف:&lt;/div&gt;&lt;/div&gt;&lt;/div&gt;</description><ExtendedData><Data name="atlas_id"><value>LY-AKAKUS-00150</value></Data><Data name="description"><value>التصنيف: الوصف:</value></Data><Data name="image_count"><value>0</value></Data><Data name="source_file"><value>اكاكوس.kml</value></Data><Data name="images_json"><value>[]</value></Data><Data name="atlas_id"><value>LY-AKAKUS-00150</value></Data><Data name="image_count"><value>0</value></Data><Data name="source_file"><value>اكاكوس.kml</value></Data><Data name="images_json"><value>[]</value></Data><Data name="atlas_id"><value>LY-AKA-000150</value></Data><Data name="layer_id"><value>akakus</value></Data><Data name="layer_name_ar"><value>أكاكوس</value></Data><Data name="layer_name_en"><value>Akakus</value></Data><Data name="name_ar"><value>موقع مخيم ازيل سنة 2006</value></Data><Data name="latitude"><value>25.54071</value></Data><Data name="longitude"><value>10.567235</value></Data><Data name="images_json"><value>[]</value></Data><Data name="image_count"><value>0</value></Data><Data name="source_file"><value>developed/akakus-developed.kml</value></Data><Data name="source_placemark_index"><value>150</value></Data><Data name="data_quality_status"><value>missing_media</value></Data></ExtendedData><Point><coordinates>10.567235,25.54071,0</coordinates></Point></Placemark><Placemark><name>محطة تزود بالوقود</name><description>&lt;div class="atlas-popup" dir="rtl"&gt;&lt;h3&gt;محطة تزود بالوقود&lt;/h3&gt;&lt;div class="atlas-popup-gallery"&gt;&lt;/div&gt;&lt;div class="atlas-popup-details"&gt;&lt;div&gt;&lt;strong&gt;الوصف:&lt;/strong&gt; التصنيف: الوصف:&lt;/div&gt;&lt;/div&gt;&lt;/div&gt;</description><ExtendedData><Data name="atlas_id"><value>LY-AKAKUS-00151</value></Data><Data name="description"><value>التصنيف: الوصف:</value></Data><Data name="image_count"><value>0</value></Data><Data name="source_file"><value>اكاكوس.kml</value></Data><Data name="images_json"><value>[]</value></Data><Data name="atlas_id"><value>LY-AKAKUS-00151</value></Data><Data name="image_count"><value>0</value></Data><Data name="source_file"><value>اكاكوس.kml</value></Data><Data name="images_json"><value>[]</value></Data><Data name="atlas_id"><value>LY-AKA-000151</value></Data><Data name="layer_id"><value>akakus</value></Data><Data name="layer_name_ar"><value>أكاكوس</value></Data><Data name="layer_name_en"><value>Akakus</value></Data><Data name="name_ar"><value>محطة تزود بالوقود</value></Data><Data name="latitude"><value>24.97892</value></Data><Data name="longitude"><value>10.18744</value></Data><Data name="images_json"><value>[]</value></Data><Data name="image_count"><value>0</value></Data><Data name="source_file"><value>developed/akakus-developed.kml</value></Data><Data name="source_placemark_index"><value>151</value></Data><Data name="data_quality_status"><value>missing_media</value></Data></ExtendedData><Point><coordinates>10.18744,24.97892,0</coordinates></Point></Placemark><Placemark><name>محطة تزود بالوقود</name><description>&lt;div class="atlas-popup" dir="rtl"&gt;&lt;h3&gt;محطة تزود بالوقود&lt;/h3&gt;&lt;div class="atlas-popup-gallery"&gt;&lt;/div&gt;&lt;div class="atlas-popup-details"&gt;&lt;div&gt;&lt;strong&gt;الوصف:&lt;/strong&gt; التصنيف: الوصف:&lt;/div&gt;&lt;/div&gt;&lt;/div&gt;</description><ExtendedData><Data name="atlas_id"><value>LY-AKAKUS-00152</value></Data><Data name="description"><value>التصنيف: الوصف:</value></Data><Data name="image_count"><value>0</value></Data><Data name="source_file"><value>اكاكوس.kml</value></Data><Data name="images_json"><value>[]</value></Data><Data name="atlas_id"><value>LY-AKAKUS-00152</value></Data><Data name="image_count"><value>0</value></Data><Data name="source_file"><value>اكاكوس.kml</value></Data><Data name="images_json"><value>[]</value></Data><Data name="atlas_id"><value>LY-AKA-000152</value></Data><Data name="layer_id"><value>akakus</value></Data><Data name="layer_name_ar"><value>أكاكوس</value></Data><Data name="layer_name_en"><value>Akakus</value></Data><Data name="name_ar"><value>محطة تزود بالوقود</value></Data><Data name="latitude"><value>24.89893</value></Data><Data name="longitude"><value>10.18584</value></Data><Data name="images_json"><value>[]</value></Data><Data name="image_count"><value>0</value></Data><Data name="source_file"><value>developed/akakus-developed.kml</value></Data><Data name="source_placemark_index"><value>152</value></Data><Data name="data_quality_status"><value>missing_media</value></Data></ExtendedData><Point><coordinates>10.18584,24.89893,0</coordinates></Point></Placemark><Placemark><name>بحيرة اجراجر</name><description>&lt;div class="atlas-popup" dir="rtl"&gt;&lt;h3&gt;بحيرة اجراجر&lt;/h3&gt;&lt;div class="atlas-popup-gallery"&gt;&lt;/div&gt;&lt;div class="atlas-popup-details"&gt;&lt;div&gt;&lt;strong&gt;التصنيف:&lt;/strong&gt; بحيرة طبيعة&lt;/div&gt;&lt;div&gt;&lt;strong&gt;الوصف:&lt;/strong&gt; هي واحدة من بحيرات أيسين الواقعة في جنوب-غرب مدينة غات في ليبيا، ضمن سلسلة جبال أَكّاكُوس وتاسيلي ُتعد من المعالم الطبيعية الجميلة في الصحراء بالقرب من الحدود الليبية-الجزائرية. وهي واحدة من أربع بحيرات رئيسية في المنطقة، إلى جانب بحيرات آملولاو، وايظيفن، وإنغان.&lt;/div&gt;&lt;/div&gt;&lt;/div&gt;</description><ExtendedData><Data name="atlas_id"><value>LY-AKAKUS-00153</value></Data><Data name="category"><value>بحيرة طبيعة</value></Data><Data name="description"><value>هي واحدة من بحيرات أيسين الواقعة في جنوب-غرب مدينة غات في ليبيا، ضمن سلسلة جبال أَكّاكُوس وتاسيلي ُتعد من المعالم الطبيعية الجميلة في الصحراء بالقرب من الحدود الليبية-الجزائرية. وهي واحدة من أربع بحيرات رئيسية في المنطقة، إلى جانب بحيرات آملولاو، وايظيفن، وإنغان.</value></Data><Data name="image_count"><value>0</value></Data><Data name="source_file"><value>اكاكوس.kml</value></Data><Data name="images_json"><value>[]</value></Data><Data name="atlas_id"><value>LY-AKAKUS-00153</value></Data><Data name="image_count"><value>0</value></Data><Data name="source_file"><value>اكاكوس.kml</value></Data><Data name="images_json"><value>[]</value></Data><Data name="atlas_id"><value>LY-AKA-000153</value></Data><Data name="layer_id"><value>akakus</value></Data><Data name="layer_name_ar"><value>أكاكوس</value></Data><Data name="layer_name_en"><value>Akakus</value></Data><Data name="name_ar"><value>بحيرة اجراجر</value></Data><Data name="latitude"><value>24.7712</value></Data><Data name="longitude"><value>10.15694</value></Data><Data name="images_json"><value>[]</value></Data><Data name="image_count"><value>0</value></Data><Data name="source_file"><value>developed/akakus-developed.kml</value></Data><Data name="source_placemark_index"><value>153</value></Data><Data name="data_quality_status"><value>missing_media</value></Data></ExtendedData><Point><coordinates>10.15694,24.7712,0</coordinates></Point></Placemark><Placemark><name>المركز الصحي الفيوت</name><description>&lt;div class="atlas-popup" dir="rtl"&gt;&lt;h3&gt;المركز الصحي الفيوت&lt;/h3&gt;&lt;div class="atlas-popup-gallery"&gt;&lt;/div&gt;&lt;div class="atlas-popup-details"&gt;&lt;div&gt;&lt;strong&gt;الوصف:&lt;/strong&gt; التصنيف: الوصف:&lt;/div&gt;&lt;/div&gt;&lt;/div&gt;</description><ExtendedData><Data name="atlas_id"><value>LY-AKAKUS-00154</value></Data><Data name="description"><value>التصنيف: الوصف:</value></Data><Data name="image_count"><value>0</value></Data><Data name="source_file"><value>اكاكوس.kml</value></Data><Data name="images_json"><value>[]</value></Data><Data name="atlas_id"><value>LY-AKAKUS-00154</value></Data><Data name="image_count"><value>0</value></Data><Data name="source_file"><value>اكاكوس.kml</value></Data><Data name="images_json"><value>[]</value></Data><Data name="atlas_id"><value>LY-AKA-000154</value></Data><Data name="layer_id"><value>akakus</value></Data><Data name="layer_name_ar"><value>أكاكوس</value></Data><Data name="layer_name_en"><value>Akakus</value></Data><Data name="name_ar"><value>المركز الصحي الفيوت</value></Data><Data name="latitude"><value>24.95092</value></Data><Data name="longitude"><value>10.082</value></Data><Data name="images_json"><value>[]</value></Data><Data name="image_count"><value>0</value></Data><Data name="source_file"><value>developed/akakus-developed.kml</value></Data><Data name="source_placemark_index"><value>154</value></Data><Data name="data_quality_status"><value>missing_media</value></Data></ExtendedData><Point><coordinates>10.082,24.95092,0</coordinates></Point></Placemark><Placemark><name>الفيوت</name><description>&lt;div class="atlas-popup" dir="rtl"&gt;&lt;h3&gt;الفيوت&lt;/h3&gt;&lt;div class="atlas-popup-gallery"&gt;&lt;img src="https://mymaps.usercontent.google.com/hostedimage/m/*/3AAjQbR5ud3TmBWeyed4z9ETVndzDaBInLp9Jy5_y4YJSFzDttMaZhgs6mKkqN6DHTAuKoHfi3ZZGa0s5TC6-7VtIE9bkyjNwh7k3ZR9ZwltrseI1tJ-cfgI0gVR8OgXTbKEZNiWhwJkGCLjvmaHM0LZd4yB3OjxibIAApA9kVuvrZckoF3TG1dh4A123F2qgsqJGj1Op4ziyc2b4BSS6i3nFAxCBO1eCfP7a_9kxuCnVJmSgBaRNrMOvOsX6BRg?authuser=1&amp;amp;fife=s16383" alt="الفيوت" loading="lazy" class="atlas-popup-image"&gt;&lt;/div&gt;&lt;div class="atlas-popup-details"&gt;&lt;div&gt;&lt;strong&gt;التصنيف:&lt;/strong&gt; منطقة سكنية&lt;/div&gt;&lt;div&gt;&lt;strong&gt;الوصف:&lt;/strong&gt; إحدى المحلات (الأحياء/المناطق) التابعة لمدينة منطقة الفيوت في بلدية غات وهي مجتمع محلي ومنطقة زراعية حول مدينة غات، معروفة بواحاتها ونخيلها ومنتجات التمور، وتعد جزءًا مهمًا من الحياة الاقتصادية والثقافية في غات تشتهر هذه المنطقة بوجود واحة وحقول نخيل واسعة تنتج أنواعًا مختلفة من التمور، وتعد من المناطق الزراعية البارزة حول غات في قلب الصحراء&lt;/div&gt;&lt;/div&gt;&lt;/div&gt;</description><ExtendedData><Data name="atlas_id"><value>LY-AKAKUS-00155</value></Data><Data name="category"><value>منطقة سكنية</value></Data><Data name="description"><value>إحدى المحلات (الأحياء/المناطق) التابعة لمدينة منطقة الفيوت في بلدية غات وهي مجتمع محلي ومنطقة زراعية حول مدينة غات، معروفة بواحاتها ونخيلها ومنتجات التمور، وتعد جزءًا مهمًا من الحياة الاقتصادية والثقافية في غات تشتهر هذه المنطقة بوجود واحة وحقول نخيل واسعة تنتج أنواعًا مختلفة من التمور، وتعد من المناطق الزراعية البارزة حول غات في قلب الصحراء</value></Data><Data name="image_count"><value>1</value></Data><Data name="source_file"><value>اكاكوس.kml</value></Data><Data name="images_json"><value>["https://mymaps.usercontent.google.com/hostedimage/m/*/3AAjQbR5ud3TmBWeyed4z9ETVndzDaBInLp9Jy5_y4YJSFzDttMaZhgs6mKkqN6DHTAuKoHfi3ZZGa0s5TC6-7VtIE9bkyjNwh7k3ZR9ZwltrseI1tJ-cfgI0gVR8OgXTbKEZNiWhwJkGCLjvmaHM0LZd4yB3OjxibIAApA9kVuvrZckoF3TG1dh4A123F2qgsqJGj1Op4ziyc2b4BSS6i3nFAxCBO1eCfP7a_9kxuCnVJmSgBaRNrMOvOsX6BRg?authuser=1&amp;fife=s16383"]</value></Data><Data name="atlas_id"><value>LY-AKAKUS-00155</value></Data><Data name="image_count"><value>1</value></Data><Data name="source_file"><value>اكاكوس.kml</value></Data><Data name="images_json"><value>["https://mymaps.usercontent.google.com/hostedimage/m/*/3AAjQbR5ud3TmBWeyed4z9ETVndzDaBInLp9Jy5_y4YJSFzDttMaZhgs6mKkqN6DHTAuKoHfi3ZZGa0s5TC6-7VtIE9bkyjNwh7k3ZR9ZwltrseI1tJ-cfgI0gVR8OgXTbKEZNiWhwJkGCLjvmaHM0LZd4yB3OjxibIAApA9kVuvrZckoF3TG1dh4A123F2qgsqJGj1Op4ziyc2b4BSS6i3nFAxCBO1eCfP7a_9kxuCnVJmSgBaRNrMOvOsX6BRg?authuser=1&amp;fife=s16383"]</value></Data><Data name="atlas_id"><value>LY-AKA-000155</value></Data><Data name="layer_id"><value>akakus</value></Data><Data name="layer_name_ar"><value>أكاكوس</value></Data><Data name="layer_name_en"><value>Akakus</value></Data><Data name="name_ar"><value>الفيوت</value></Data><Data name="latitude"><value>24.950106</value></Data><Data name="longitude"><value>10.08332</value></Data><Data name="images_json"><value>[&quot;https://mymaps.usercontent.google.com/hostedimage/m/*/3AAjQbR5ud3TmBWeyed4z9ETVndzDaBInLp9Jy5_y4YJSFzDttMaZhgs6mKkqN6DHTAuKoHfi3ZZGa0s5TC6-7VtIE9bkyjNwh7k3ZR9ZwltrseI1tJ-cfgI0gVR8OgXTbKEZNiWhwJkGCLjvmaHM0LZd4yB3OjxibIAApA9kVuvrZckoF3TG1dh4A123F2qgsqJGj1Op4ziyc2b4BSS6i3nFAxCBO1eCfP7a_9kxuCnVJmSgBaRNrMOvOsX6BRg?authuser=1&amp;fife=s16383&quot;]</value></Data><Data name="image_count"><value>1</value></Data><Data name="source_file"><value>developed/akakus-developed.kml</value></Data><Data name="source_placemark_index"><value>155</value></Data><Data name="data_quality_status"><value>ok</value></Data></ExtendedData><Point><coordinates>10.08332,24.950106,0</coordinates></Point></Placemark><Placemark><name>غات</name><description>&lt;div class="atlas-popup" dir="rtl"&gt;&lt;h3&gt;غات&lt;/h3&gt;&lt;div class="atlas-popup-gallery"&gt;&lt;img src="https://mymaps.usercontent.google.com/hostedimage/m/*/3AAjQbR5Y9ch9_Tv8huBtmCya4ycy-sl-J4mogx4EsavIQi-LeijM0zp85_C5Vy4XXqC0KUxw_Szx3rOZo25wghS7BbaYc35eK3vvsBE86X8dHcjYSHAj_RA_-1YQCDVe7uglJ7UslO8HjXRcwHtc1UkQKWkbXD7GfsHdRtwAhGSEvhKi3YYh5XVMQ0k3ttk0nM0ijixb1BiyC2yh2IXomzTCM6N5f0kcyT3awRu_9IzOrL1x9rLkC9_vw7KjQ7s?authuser=1&amp;amp;fife=s16383" alt="غات" loading="lazy" class="atlas-popup-image"&gt;&lt;/div&gt;&lt;div class="atlas-popup-details"&gt;&lt;div&gt;&lt;strong&gt;التصنيف:&lt;/strong&gt; مدينة&lt;/div&gt;&lt;div&gt;&lt;strong&gt;الوصف:&lt;/strong&gt; مدينة صحراوية في جنوب-غرب ليبيا بالقرب من الحدود الليبية-الجزائرية، وتُعد عاصمة بلدية غات في إقليم فزان في قلب الصحراء الكبرى وهي أيضاً هي من أقدم وأغنى المدن التاريخية في ليبيا، تجمع بين التراث الصحراوي العريق، والمعالم الأثرية القديمة، وموقع استراتيجي فريد في الصحراء الكبرى، ما يجعلها وجهة ذات أهمية ثقافية وتاريخية كبيرة حيث كانت محطة هامة في طرق التجارة عبر الصحراء.&lt;/div&gt;&lt;/div&gt;&lt;/div&gt;</description><ExtendedData><Data name="atlas_id"><value>LY-AKAKUS-00156</value></Data><Data name="category"><value>مدينة</value></Data><Data name="description"><value>مدينة صحراوية في جنوب-غرب ليبيا بالقرب من الحدود الليبية-الجزائرية، وتُعد عاصمة بلدية غات في إقليم فزان في قلب الصحراء الكبرى وهي أيضاً هي من أقدم وأغنى المدن التاريخية في ليبيا، تجمع بين التراث الصحراوي العريق، والمعالم الأثرية القديمة، وموقع استراتيجي فريد في الصحراء الكبرى، ما يجعلها وجهة ذات أهمية ثقافية وتاريخية كبيرة حيث كانت محطة هامة في طرق التجارة عبر الصحراء.</value></Data><Data name="image_count"><value>1</value></Data><Data name="source_file"><value>اكاكوس.kml</value></Data><Data name="images_json"><value>["https://mymaps.usercontent.google.com/hostedimage/m/*/3AAjQbR5Y9ch9_Tv8huBtmCya4ycy-sl-J4mogx4EsavIQi-LeijM0zp85_C5Vy4XXqC0KUxw_Szx3rOZo25wghS7BbaYc35eK3vvsBE86X8dHcjYSHAj_RA_-1YQCDVe7uglJ7UslO8HjXRcwHtc1UkQKWkbXD7GfsHdRtwAhGSEvhKi3YYh5XVMQ0k3ttk0nM0ijixb1BiyC2yh2IXomzTCM6N5f0kcyT3awRu_9IzOrL1x9rLkC9_vw7KjQ7s?authuser=1&amp;fife=s16383"]</value></Data><Data name="atlas_id"><value>LY-AKAKUS-00156</value></Data><Data name="image_count"><value>1</value></Data><Data name="source_file"><value>اكاكوس.kml</value></Data><Data name="images_json"><value>["https://mymaps.usercontent.google.com/hostedimage/m/*/3AAjQbR5Y9ch9_Tv8huBtmCya4ycy-sl-J4mogx4EsavIQi-LeijM0zp85_C5Vy4XXqC0KUxw_Szx3rOZo25wghS7BbaYc35eK3vvsBE86X8dHcjYSHAj_RA_-1YQCDVe7uglJ7UslO8HjXRcwHtc1UkQKWkbXD7GfsHdRtwAhGSEvhKi3YYh5XVMQ0k3ttk0nM0ijixb1BiyC2yh2IXomzTCM6N5f0kcyT3awRu_9IzOrL1x9rLkC9_vw7KjQ7s?authuser=1&amp;fife=s16383"]</value></Data><Data name="atlas_id"><value>LY-AKA-000156</value></Data><Data name="layer_id"><value>akakus</value></Data><Data name="layer_name_ar"><value>أكاكوس</value></Data><Data name="layer_name_en"><value>Akakus</value></Data><Data name="name_ar"><value>غات</value></Data><Data name="latitude"><value>24.962304</value></Data><Data name="longitude"><value>10.180169</value></Data><Data name="images_json"><value>[&quot;https://mymaps.usercontent.google.com/hostedimage/m/*/3AAjQbR5Y9ch9_Tv8huBtmCya4ycy-sl-J4mogx4EsavIQi-LeijM0zp85_C5Vy4XXqC0KUxw_Szx3rOZo25wghS7BbaYc35eK3vvsBE86X8dHcjYSHAj_RA_-1YQCDVe7uglJ7UslO8HjXRcwHtc1UkQKWkbXD7GfsHdRtwAhGSEvhKi3YYh5XVMQ0k3ttk0nM0ijixb1BiyC2yh2IXomzTCM6N5f0kcyT3awRu_9IzOrL1x9rLkC9_vw7KjQ7s?authuser=1&amp;fife=s16383&quot;]</value></Data><Data name="image_count"><value>1</value></Data><Data name="source_file"><value>developed/akakus-developed.kml</value></Data><Data name="source_placemark_index"><value>156</value></Data><Data name="data_quality_status"><value>ok</value></Data></ExtendedData><Point><coordinates>10.180169,24.962304,0</coordinates></Point></Placemark><Placemark><name>مخيم رفاق الصحراء</name><description>&lt;div class="atlas-popup" dir="rtl"&gt;&lt;h3&gt;مخيم رفاق الصحراء&lt;/h3&gt;&lt;div class="atlas-popup-gallery"&gt;&lt;/div&gt;&lt;div class="atlas-popup-details"&gt;&lt;div&gt;&lt;strong&gt;التصنيف:&lt;/strong&gt; مخيم&lt;/div&gt;&lt;div&gt;&lt;strong&gt;الوصف:&lt;/strong&gt; يعد &amp;quot;مخيم رفاق الصحراء&amp;quot; (Deserteurs Camp) في مدينة غات جنوب غرب ليبيا واحداً من أبرز الوجهات السياحية الصحراوية ومحطات التخييم القريبة من [موقع جبال أكاكوس]. يتيح المخيم تجربة سياحية متكاملة تتضمن: • جلسات السمر التقليدية: الاستمتاع بليالي الصحراء وشاي الطوارق حول نار المخيم تحت نجوم الصحراء اللامعة. • الاستكشاف والمغامرة: الانطلاق في رحلات دفع رباعي لاستكشاف تضاريس أكاكوس، والرسوم الصخرية التاريخية. • الخدمات الأساسية: توفير خيام مجهزة، ومرافق بسيطة تندمج مع الطبيعة الصحراوية&lt;/div&gt;&lt;/div&gt;&lt;/div&gt;</description><ExtendedData><Data name="atlas_id"><value>LY-AKAKUS-00157</value></Data><Data name="category"><value>مخيم</value></Data><Data name="description"><value>يعد "مخيم رفاق الصحراء" (Deserteurs Camp) في مدينة غات جنوب غرب ليبيا واحداً من أبرز الوجهات السياحية الصحراوية ومحطات التخييم القريبة من [موقع جبال أكاكوس]. يتيح المخيم تجربة سياحية متكاملة تتضمن: • جلسات السمر التقليدية: الاستمتاع بليالي الصحراء وشاي الطوارق حول نار المخيم تحت نجوم الصحراء اللامعة. • الاستكشاف والمغامرة: الانطلاق في رحلات دفع رباعي لاستكشاف تضاريس أكاكوس، والرسوم الصخرية التاريخية. • الخدمات الأساسية: توفير خيام مجهزة، ومرافق بسيطة تندمج مع الطبيعة الصحراوية</value></Data><Data name="image_count"><value>0</value></Data><Data name="source_file"><value>اكاكوس.kml</value></Data><Data name="images_json"><value>[]</value></Data><Data name="atlas_id"><value>LY-AKAKUS-00157</value></Data><Data name="image_count"><value>0</value></Data><Data name="source_file"><value>اكاكوس.kml</value></Data><Data name="images_json"><value>[]</value></Data><Data name="atlas_id"><value>LY-AKA-000157</value></Data><Data name="layer_id"><value>akakus</value></Data><Data name="layer_name_ar"><value>أكاكوس</value></Data><Data name="layer_name_en"><value>Akakus</value></Data><Data name="name_ar"><value>مخيم رفاق الصحراء</value></Data><Data name="latitude"><value>24.987479</value></Data><Data name="longitude"><value>10.186142</value></Data><Data name="images_json"><value>[]</value></Data><Data name="image_count"><value>0</value></Data><Data name="source_file"><value>developed/akakus-developed.kml</value></Data><Data name="source_placemark_index"><value>157</value></Data><Data name="data_quality_status"><value>missing_media</value></Data></ExtendedData><Point><coordinates>10.186142,24.987479,0</coordinates></Point></Placemark><Placemark><name>بيوت الشباب غات</name><description>&lt;div class="atlas-popup" dir="rtl"&gt;&lt;h3&gt;بيوت الشباب غات&lt;/h3&gt;&lt;div class="atlas-popup-gallery"&gt;&lt;/div&gt;&lt;div class="atlas-popup-details"&gt;&lt;div&gt;&lt;strong&gt;التصنيف:&lt;/strong&gt; فندق&lt;/div&gt;&lt;div&gt;&lt;strong&gt;الوصف:&lt;/strong&gt; • يُعرف باسم بيت شباب غات (Ghat Youth Hostel)، وهو أحد بيوت الشباب المنتشرة في ليبيا التي تشرف عليها جمعية بيوت الشباب الليبية. • يقع داخل مدينة غات، ويستقبل الزوار والشباب لتوفير إقامة بأسعار مناسبة وفرص للتعارف والأنشطة الشبابية. • البيت يشارك في تنظيم فعاليات مجتمعية وأنشطة مثل الاحتفال بالأعياد والمبادرات الخيرية (مثلاً إفطار رمضان). جمعية بيوت الشباب الليبية نفسها منظمة وطنية تأسست عام 1973 وتدير شبكة من بيوت الشباب في مدن ليبيا المختلفة لتوفير إقامة آمنة وبأسعار معقولة، وتشجيع السفر والترحال بين الشباب&lt;/div&gt;&lt;/div&gt;&lt;/div&gt;</description><ExtendedData><Data name="atlas_id"><value>LY-AKAKUS-00158</value></Data><Data name="category"><value>فندق</value></Data><Data name="description"><value>• يُعرف باسم بيت شباب غات (Ghat Youth Hostel)، وهو أحد بيوت الشباب المنتشرة في ليبيا التي تشرف عليها جمعية بيوت الشباب الليبية. • يقع داخل مدينة غات، ويستقبل الزوار والشباب لتوفير إقامة بأسعار مناسبة وفرص للتعارف والأنشطة الشبابية. • البيت يشارك في تنظيم فعاليات مجتمعية وأنشطة مثل الاحتفال بالأعياد والمبادرات الخيرية (مثلاً إفطار رمضان). جمعية بيوت الشباب الليبية نفسها منظمة وطنية تأسست عام 1973 وتدير شبكة من بيوت الشباب في مدن ليبيا المختلفة لتوفير إقامة آمنة وبأسعار معقولة، وتشجيع السفر والترحال بين الشباب</value></Data><Data name="image_count"><value>0</value></Data><Data name="source_file"><value>اكاكوس.kml</value></Data><Data name="images_json"><value>[]</value></Data><Data name="atlas_id"><value>LY-AKAKUS-00158</value></Data><Data name="image_count"><value>0</value></Data><Data name="source_file"><value>اكاكوس.kml</value></Data><Data name="images_json"><value>[]</value></Data><Data name="atlas_id"><value>LY-AKA-000158</value></Data><Data name="layer_id"><value>akakus</value></Data><Data name="layer_name_ar"><value>أكاكوس</value></Data><Data name="layer_name_en"><value>Akakus</value></Data><Data name="name_ar"><value>بيوت الشباب غات</value></Data><Data name="latitude"><value>24.95593</value></Data><Data name="longitude"><value>10.18331</value></Data><Data name="images_json"><value>[]</value></Data><Data name="image_count"><value>0</value></Data><Data name="source_file"><value>developed/akakus-developed.kml</value></Data><Data name="source_placemark_index"><value>158</value></Data><Data name="data_quality_status"><value>missing_media</value></Data></ExtendedData><Point><coordinates>10.18331,24.95593,0</coordinates></Point></Placemark><Placemark><name>المدينة الرياضية - غات</name><description>&lt;div class="atlas-popup" dir="rtl"&gt;&lt;h3&gt;المدينة الرياضية - غات&lt;/h3&gt;&lt;div class="atlas-popup-gallery"&gt;&lt;/div&gt;&lt;div class="atlas-popup-details"&gt;&lt;div&gt;&lt;strong&gt;التصنيف:&lt;/strong&gt; ملاعب رياضية&lt;/div&gt;&lt;div&gt;&lt;strong&gt;الوصف:&lt;/strong&gt; هي منشأة رياضية عامة في مدينة غات بصحراء ليبيا تُستخدم لممارسة الرياضات والتدريبات المختلفة وليست مجرد ملعب وحيد، وقد شهدت أعمال صيانة وتطوير في السنوات الأخيرة بدعم وزارة الشباب والرياضة الليبية ضمن مشاريع إعادة تأهيل المرافق الرياضية المحلية. • ويتضمن: ملعب كرة قدم للأطفال والشباب (قد يكون ترابي أو مع صيانة للملاعب). • مناطق تمرين بدني وفضاءات مفتوحة للتدريب. • يمكن أن تُستخدم أيضًا للمنافسات المحلية والمباريات بين الفرق&lt;/div&gt;&lt;/div&gt;&lt;/div&gt;</description><ExtendedData><Data name="atlas_id"><value>LY-AKAKUS-00159</value></Data><Data name="category"><value>ملاعب رياضية</value></Data><Data name="description"><value>هي منشأة رياضية عامة في مدينة غات بصحراء ليبيا تُستخدم لممارسة الرياضات والتدريبات المختلفة وليست مجرد ملعب وحيد، وقد شهدت أعمال صيانة وتطوير في السنوات الأخيرة بدعم وزارة الشباب والرياضة الليبية ضمن مشاريع إعادة تأهيل المرافق الرياضية المحلية. • ويتضمن: ملعب كرة قدم للأطفال والشباب (قد يكون ترابي أو مع صيانة للملاعب). • مناطق تمرين بدني وفضاءات مفتوحة للتدريب. • يمكن أن تُستخدم أيضًا للمنافسات المحلية والمباريات بين الفرق</value></Data><Data name="image_count"><value>0</value></Data><Data name="source_file"><value>اكاكوس.kml</value></Data><Data name="images_json"><value>[]</value></Data><Data name="atlas_id"><value>LY-AKAKUS-00159</value></Data><Data name="image_count"><value>0</value></Data><Data name="source_file"><value>اكاكوس.kml</value></Data><Data name="images_json"><value>[]</value></Data><Data name="atlas_id"><value>LY-AKA-000159</value></Data><Data name="layer_id"><value>akakus</value></Data><Data name="layer_name_ar"><value>أكاكوس</value></Data><Data name="layer_name_en"><value>Akakus</value></Data><Data name="name_ar"><value>المدينة الرياضية - غات</value></Data><Data name="latitude"><value>24.95506</value></Data><Data name="longitude"><value>10.18494</value></Data><Data name="images_json"><value>[]</value></Data><Data name="image_count"><value>0</value></Data><Data name="source_file"><value>developed/akakus-developed.kml</value></Data><Data name="source_placemark_index"><value>159</value></Data><Data name="data_quality_status"><value>missing_media</value></Data></ExtendedData><Point><coordinates>10.18494,24.95506,0</coordinates></Point></Placemark><Placemark><name>مصرف شمال افريقيا</name><description>&lt;div class="atlas-popup" dir="rtl"&gt;&lt;h3&gt;مصرف شمال افريقيا&lt;/h3&gt;&lt;div class="atlas-popup-gallery"&gt;&lt;img src="https://mymaps.usercontent.google.com/hostedimage/m/*/3AAjQbR4p05MqqFbePvToT7XEIG6eCECBt6n3gPMdZZ9sArqq4EWlu9cNJh9_4dWTD9IMMKUNB_hWtf_liSsfRHZeqiNQkbQ1vIOYZJ95-wm6xTxgdasK-TdD2lERNzg42J72SSVkB0NWIYx_NUjaHyVecloDFkxYzRSV9XjZO7Ot-twAcPZQ1uNoex4pQaDpoKVLXyVJLDDmAFoosYtUTG6GXR_OArwcH2pLk8kQCG6cZVyEYSQt0Mnmt5Utqgg?authuser=1&amp;amp;fife=s16383" alt="مصرف شمال افريقيا" loading="lazy" class="atlas-popup-image"&gt;&lt;/div&gt;&lt;div class="atlas-popup-details"&gt;&lt;div&gt;&lt;strong&gt;الوصف:&lt;/strong&gt; التصنيف: الوصف:&lt;/div&gt;&lt;/div&gt;&lt;/div&gt;</description><ExtendedData><Data name="atlas_id"><value>LY-AKAKUS-00160</value></Data><Data name="description"><value>التصنيف: الوصف:</value></Data><Data name="image_count"><value>1</value></Data><Data name="source_file"><value>اكاكوس.kml</value></Data><Data name="images_json"><value>["https://mymaps.usercontent.google.com/hostedimage/m/*/3AAjQbR4p05MqqFbePvToT7XEIG6eCECBt6n3gPMdZZ9sArqq4EWlu9cNJh9_4dWTD9IMMKUNB_hWtf_liSsfRHZeqiNQkbQ1vIOYZJ95-wm6xTxgdasK-TdD2lERNzg42J72SSVkB0NWIYx_NUjaHyVecloDFkxYzRSV9XjZO7Ot-twAcPZQ1uNoex4pQaDpoKVLXyVJLDDmAFoosYtUTG6GXR_OArwcH2pLk8kQCG6cZVyEYSQt0Mnmt5Utqgg?authuser=1&amp;fife=s16383"]</value></Data><Data name="atlas_id"><value>LY-AKAKUS-00160</value></Data><Data name="image_count"><value>1</value></Data><Data name="source_file"><value>اكاكوس.kml</value></Data><Data name="images_json"><value>["https://mymaps.usercontent.google.com/hostedimage/m/*/3AAjQbR4p05MqqFbePvToT7XEIG6eCECBt6n3gPMdZZ9sArqq4EWlu9cNJh9_4dWTD9IMMKUNB_hWtf_liSsfRHZeqiNQkbQ1vIOYZJ95-wm6xTxgdasK-TdD2lERNzg42J72SSVkB0NWIYx_NUjaHyVecloDFkxYzRSV9XjZO7Ot-twAcPZQ1uNoex4pQaDpoKVLXyVJLDDmAFoosYtUTG6GXR_OArwcH2pLk8kQCG6cZVyEYSQt0Mnmt5Utqgg?authuser=1&amp;fife=s16383"]</value></Data><Data name="atlas_id"><value>LY-AKA-000160</value></Data><Data name="layer_id"><value>akakus</value></Data><Data name="layer_name_ar"><value>أكاكوس</value></Data><Data name="layer_name_en"><value>Akakus</value></Data><Data name="name_ar"><value>مصرف شمال افريقيا</value></Data><Data name="latitude"><value>24.96561</value></Data><Data name="longitude"><value>10.176711</value></Data><Data name="images_json"><value>[&quot;https://mymaps.usercontent.google.com/hostedimage/m/*/3AAjQbR4p05MqqFbePvToT7XEIG6eCECBt6n3gPMdZZ9sArqq4EWlu9cNJh9_4dWTD9IMMKUNB_hWtf_liSsfRHZeqiNQkbQ1vIOYZJ95-wm6xTxgdasK-TdD2lERNzg42J72SSVkB0NWIYx_NUjaHyVecloDFkxYzRSV9XjZO7Ot-twAcPZQ1uNoex4pQaDpoKVLXyVJLDDmAFoosYtUTG6GXR_OArwcH2pLk8kQCG6cZVyEYSQt0Mnmt5Utqgg?authuser=1&amp;fife=s16383&quot;]</value></Data><Data name="image_count"><value>1</value></Data><Data name="source_file"><value>developed/akakus-developed.kml</value></Data><Data name="source_placemark_index"><value>160</value></Data><Data name="data_quality_status"><value>ok</value></Data></ExtendedData><Point><coordinates>10.176711,24.96561,0</coordinates></Point></Placemark><Placemark><name>فندق الواحة</name><description>&lt;div class="atlas-popup" dir="rtl"&gt;&lt;h3&gt;فندق الواحة&lt;/h3&gt;&lt;div class="atlas-popup-gallery"&gt;&lt;/div&gt;&lt;div class="atlas-popup-details"&gt;&lt;div&gt;&lt;strong&gt;الوصف:&lt;/strong&gt; التصنيف: الوصف:&lt;/div&gt;&lt;/div&gt;&lt;/div&gt;</description><ExtendedData><Data name="atlas_id"><value>LY-AKAKUS-00161</value></Data><Data name="description"><value>التصنيف: الوصف:</value></Data><Data name="image_count"><value>0</value></Data><Data name="source_file"><value>اكاكوس.kml</value></Data><Data name="images_json"><value>[]</value></Data><Data name="atlas_id"><value>LY-AKAKUS-00161</value></Data><Data name="image_count"><value>0</value></Data><Data name="source_file"><value>اكاكوس.kml</value></Data><Data name="images_json"><value>[]</value></Data><Data name="atlas_id"><value>LY-AKA-000161</value></Data><Data name="layer_id"><value>akakus</value></Data><Data name="layer_name_ar"><value>أكاكوس</value></Data><Data name="layer_name_en"><value>Akakus</value></Data><Data name="name_ar"><value>فندق الواحة</value></Data><Data name="latitude"><value>24.96402</value></Data><Data name="longitude"><value>10.17682</value></Data><Data name="images_json"><value>[]</value></Data><Data name="image_count"><value>0</value></Data><Data name="source_file"><value>developed/akakus-developed.kml</value></Data><Data name="source_placemark_index"><value>161</value></Data><Data name="data_quality_status"><value>missing_media</value></Data></ExtendedData><Point><coordinates>10.17682,24.96402,0</coordinates></Point></Placemark><Placemark><name>موقع مخيم متنقل</name><description>&lt;div class="atlas-popup" dir="rtl"&gt;&lt;h3&gt;موقع مخيم متنقل&lt;/h3&gt;&lt;div class="atlas-popup-gallery"&gt;&lt;/div&gt;&lt;div class="atlas-popup-details"&gt;&lt;div&gt;&lt;strong&gt;الوصف:&lt;/strong&gt; التصنيف: الوصف:&lt;/div&gt;&lt;/div&gt;&lt;/div&gt;</description><ExtendedData><Data name="atlas_id"><value>LY-AKAKUS-00162</value></Data><Data name="description"><value>التصنيف: الوصف:</value></Data><Data name="image_count"><value>0</value></Data><Data name="source_file"><value>اكاكوس.kml</value></Data><Data name="images_json"><value>[]</value></Data><Data name="atlas_id"><value>LY-AKAKUS-00162</value></Data><Data name="image_count"><value>0</value></Data><Data name="source_file"><value>اكاكوس.kml</value></Data><Data name="images_json"><value>[]</value></Data><Data name="atlas_id"><value>LY-AKA-000162</value></Data><Data name="layer_id"><value>akakus</value></Data><Data name="layer_name_ar"><value>أكاكوس</value></Data><Data name="layer_name_en"><value>Akakus</value></Data><Data name="name_ar"><value>موقع مخيم متنقل</value></Data><Data name="latitude"><value>25.016641</value></Data><Data name="longitude"><value>10.564725</value></Data><Data name="images_json"><value>[]</value></Data><Data name="image_count"><value>0</value></Data><Data name="source_file"><value>developed/akakus-developed.kml</value></Data><Data name="source_placemark_index"><value>162</value></Data><Data name="data_quality_status"><value>missing_media</value></Data></ExtendedData><Point><coordinates>10.564725,25.016641,0</coordinates></Point></Placemark><Placemark><name>مكتب الخطوط الجوية الليبية</name><description>&lt;div class="atlas-popup" dir="rtl"&gt;&lt;h3&gt;مكتب الخطوط الجوية الليبية&lt;/h3&gt;&lt;div class="atlas-popup-gallery"&gt;&lt;/div&gt;&lt;div class="atlas-popup-details"&gt;&lt;div&gt;&lt;strong&gt;الوصف:&lt;/strong&gt; التصنيف: الوصف:&lt;/div&gt;&lt;/div&gt;&lt;/div&gt;</description><ExtendedData><Data name="atlas_id"><value>LY-AKAKUS-00163</value></Data><Data name="description"><value>التصنيف: الوصف:</value></Data><Data name="image_count"><value>0</value></Data><Data name="source_file"><value>اكاكوس.kml</value></Data><Data name="images_json"><value>[]</value></Data><Data name="atlas_id"><value>LY-AKAKUS-00163</value></Data><Data name="image_count"><value>0</value></Data><Data name="source_file"><value>اكاكوس.kml</value></Data><Data name="images_json"><value>[]</value></Data><Data name="atlas_id"><value>LY-AKA-000163</value></Data><Data name="layer_id"><value>akakus</value></Data><Data name="layer_name_ar"><value>أكاكوس</value></Data><Data name="layer_name_en"><value>Akakus</value></Data><Data name="name_ar"><value>مكتب الخطوط الجوية الليبية</value></Data><Data name="latitude"><value>24.96355</value></Data><Data name="longitude"><value>10.17649</value></Data><Data name="images_json"><value>[]</value></Data><Data name="image_count"><value>0</value></Data><Data name="source_file"><value>developed/akakus-developed.kml</value></Data><Data name="source_placemark_index"><value>163</value></Data><Data name="data_quality_status"><value>missing_media</value></Data></ExtendedData><Point><coordinates>10.17649,24.96355,0</coordinates></Point></Placemark><Placemark><name>مصرف التجاري الوطني</name><description>&lt;div class="atlas-popup" dir="rtl"&gt;&lt;h3&gt;مصرف التجاري الوطني&lt;/h3&gt;&lt;div class="atlas-popup-gallery"&gt;&lt;/div&gt;&lt;div class="atlas-popup-details"&gt;&lt;div&gt;&lt;strong&gt;الوصف:&lt;/strong&gt; التصنيف: الوصف:&lt;/div&gt;&lt;/div&gt;&lt;/div&gt;</description><ExtendedData><Data name="atlas_id"><value>LY-AKAKUS-00164</value></Data><Data name="description"><value>التصنيف: الوصف:</value></Data><Data name="image_count"><value>0</value></Data><Data name="source_file"><value>اكاكوس.kml</value></Data><Data name="images_json"><value>[]</value></Data><Data name="atlas_id"><value>LY-AKAKUS-00164</value></Data><Data name="image_count"><value>0</value></Data><Data name="source_file"><value>اكاكوس.kml</value></Data><Data name="images_json"><value>[]</value></Data><Data name="atlas_id"><value>LY-AKA-000164</value></Data><Data name="layer_id"><value>akakus</value></Data><Data name="layer_name_ar"><value>أكاكوس</value></Data><Data name="layer_name_en"><value>Akakus</value></Data><Data name="name_ar"><value>مصرف التجاري الوطني</value></Data><Data name="latitude"><value>24.959536</value></Data><Data name="longitude"><value>10.17473</value></Data><Data name="images_json"><value>[]</value></Data><Data name="image_count"><value>0</value></Data><Data name="source_file"><value>developed/akakus-developed.kml</value></Data><Data name="source_placemark_index"><value>164</value></Data><Data name="data_quality_status"><value>missing_media</value></Data></ExtendedData><Point><coordinates>10.17473,24.959536,0</coordinates></Point></Placemark><Placemark><name>مطار غات</name><description>&lt;div class="atlas-popup" dir="rtl"&gt;&lt;h3&gt;مطار غات&lt;/h3&gt;&lt;div class="atlas-popup-gallery"&gt;&lt;/div&gt;&lt;div class="atlas-popup-details"&gt;&lt;div&gt;&lt;strong&gt;التصنيف:&lt;/strong&gt; مطار&lt;/div&gt;&lt;div&gt;&lt;strong&gt;الوصف:&lt;/strong&gt; مطار فرعي وداخلي حيوي، يقع في منطقة فزان على بُعد 23 كيلومتراً شمال مدينة غات في جنوب غرب ليبيا. يُشكل المطار شريانًا أساسيًا لربط منطقة أوباري وغات بالمدن الكبرى مثل طرابلس، ويدار عبر [مصلحة المطارات الليبية] يستقبل المطار رحلات الركاب التجارية والرحلات اللوجستية التي تربطه بـ مطار معيتيقة الدولي في طرابلس لتخفيف مشقة السفر البري عن مواطني الجنوب.&lt;/div&gt;&lt;/div&gt;&lt;/div&gt;</description><ExtendedData><Data name="atlas_id"><value>LY-AKAKUS-00165</value></Data><Data name="category"><value>مطار</value></Data><Data name="description"><value>مطار فرعي وداخلي حيوي، يقع في منطقة فزان على بُعد 23 كيلومتراً شمال مدينة غات في جنوب غرب ليبيا. يُشكل المطار شريانًا أساسيًا لربط منطقة أوباري وغات بالمدن الكبرى مثل طرابلس، ويدار عبر [مصلحة المطارات الليبية] يستقبل المطار رحلات الركاب التجارية والرحلات اللوجستية التي تربطه بـ مطار معيتيقة الدولي في طرابلس لتخفيف مشقة السفر البري عن مواطني الجنوب.</value></Data><Data name="image_count"><value>0</value></Data><Data name="source_file"><value>اكاكوس.kml</value></Data><Data name="images_json"><value>[]</value></Data><Data name="atlas_id"><value>LY-AKAKUS-00165</value></Data><Data name="image_count"><value>0</value></Data><Data name="source_file"><value>اكاكوس.kml</value></Data><Data name="images_json"><value>[]</value></Data><Data name="atlas_id"><value>LY-AKA-000165</value></Data><Data name="layer_id"><value>akakus</value></Data><Data name="layer_name_ar"><value>أكاكوس</value></Data><Data name="layer_name_en"><value>Akakus</value></Data><Data name="name_ar"><value>مطار غات</value></Data><Data name="latitude"><value>25.13689</value></Data><Data name="longitude"><value>10.1481</value></Data><Data name="images_json"><value>[]</value></Data><Data name="image_count"><value>0</value></Data><Data name="source_file"><value>developed/akakus-developed.kml</value></Data><Data name="source_placemark_index"><value>165</value></Data><Data name="data_quality_status"><value>missing_media</value></Data></ExtendedData><Point><coordinates>10.1481,25.13689,0</coordinates></Point></Placemark><Placemark><name>محطة وقود</name><description>&lt;div class="atlas-popup" dir="rtl"&gt;&lt;h3&gt;محطة وقود&lt;/h3&gt;&lt;div class="atlas-popup-gallery"&gt;&lt;/div&gt;&lt;div class="atlas-popup-details"&gt;&lt;div&gt;&lt;strong&gt;الوصف:&lt;/strong&gt; التصنيف: الوصف:&lt;/div&gt;&lt;/div&gt;&lt;/div&gt;</description><ExtendedData><Data name="atlas_id"><value>LY-AKAKUS-00166</value></Data><Data name="description"><value>التصنيف: الوصف:</value></Data><Data name="image_count"><value>0</value></Data><Data name="source_file"><value>اكاكوس.kml</value></Data><Data name="images_json"><value>[]</value></Data><Data name="atlas_id"><value>LY-AKAKUS-00166</value></Data><Data name="image_count"><value>0</value></Data><Data name="source_file"><value>اكاكوس.kml</value></Data><Data name="images_json"><value>[]</value></Data><Data name="atlas_id"><value>LY-AKA-000166</value></Data><Data name="layer_id"><value>akakus</value></Data><Data name="layer_name_ar"><value>أكاكوس</value></Data><Data name="layer_name_en"><value>Akakus</value></Data><Data name="name_ar"><value>محطة وقود</value></Data><Data name="latitude"><value>25.41227</value></Data><Data name="longitude"><value>10.37477</value></Data><Data name="images_json"><value>[]</value></Data><Data name="image_count"><value>0</value></Data><Data name="source_file"><value>developed/akakus-developed.kml</value></Data><Data name="source_placemark_index"><value>166</value></Data><Data name="data_quality_status"><value>missing_media</value></Data></ExtendedData><Point><coordinates>10.37477,25.41227,0</coordinates></Point></Placemark><Placemark><name>مشروع تهالة الزراعي</name><description>&lt;div class="atlas-popup" dir="rtl"&gt;&lt;h3&gt;مشروع تهالة الزراعي&lt;/h3&gt;&lt;div class="atlas-popup-gallery"&gt;&lt;/div&gt;&lt;div class="atlas-popup-details"&gt;&lt;div&gt;&lt;strong&gt;الوصف:&lt;/strong&gt; التصنيف: الوصف:&lt;/div&gt;&lt;/div&gt;&lt;/div&gt;</description><ExtendedData><Data name="atlas_id"><value>LY-AKAKUS-00167</value></Data><Data name="description"><value>التصنيف: الوصف:</value></Data><Data name="image_count"><value>0</value></Data><Data name="source_file"><value>اكاكوس.kml</value></Data><Data name="images_json"><value>[]</value></Data><Data name="atlas_id"><value>LY-AKAKUS-00167</value></Data><Data name="image_count"><value>0</value></Data><Data name="source_file"><value>اكاكوس.kml</value></Data><Data name="images_json"><value>[]</value></Data><Data name="atlas_id"><value>LY-AKA-000167</value></Data><Data name="layer_id"><value>akakus</value></Data><Data name="layer_name_ar"><value>أكاكوس</value></Data><Data name="layer_name_en"><value>Akakus</value></Data><Data name="name_ar"><value>مشروع تهالة الزراعي</value></Data><Data name="latitude"><value>25.434356</value></Data><Data name="longitude"><value>10.350909</value></Data><Data name="images_json"><value>[]</value></Data><Data name="image_count"><value>0</value></Data><Data name="source_file"><value>developed/akakus-developed.kml</value></Data><Data name="source_placemark_index"><value>167</value></Data><Data name="data_quality_status"><value>missing_media</value></Data></ExtendedData><Point><coordinates>10.350909,25.434356,0</coordinates></Point></Placemark><Placemark><name>مركز تهالة الصحي</name><description>&lt;div class="atlas-popup" dir="rtl"&gt;&lt;h3&gt;مركز تهالة الصحي&lt;/h3&gt;&lt;div class="atlas-popup-gallery"&gt;&lt;/div&gt;&lt;div class="atlas-popup-details"&gt;&lt;div&gt;&lt;strong&gt;الوصف:&lt;/strong&gt; التصنيف: الوصف:&lt;/div&gt;&lt;/div&gt;&lt;/div&gt;</description><ExtendedData><Data name="atlas_id"><value>LY-AKAKUS-00168</value></Data><Data name="description"><value>التصنيف: الوصف:</value></Data><Data name="image_count"><value>0</value></Data><Data name="source_file"><value>اكاكوس.kml</value></Data><Data name="images_json"><value>[]</value></Data><Data name="atlas_id"><value>LY-AKAKUS-00168</value></Data><Data name="image_count"><value>0</value></Data><Data name="source_file"><value>اكاكوس.kml</value></Data><Data name="images_json"><value>[]</value></Data><Data name="atlas_id"><value>LY-AKA-000168</value></Data><Data name="layer_id"><value>akakus</value></Data><Data name="layer_name_ar"><value>أكاكوس</value></Data><Data name="layer_name_en"><value>Akakus</value></Data><Data name="name_ar"><value>مركز تهالة الصحي</value></Data><Data name="latitude"><value>25.41569</value></Data><Data name="longitude"><value>10.35634</value></Data><Data name="images_json"><value>[]</value></Data><Data name="image_count"><value>0</value></Data><Data name="source_file"><value>developed/akakus-developed.kml</value></Data><Data name="source_placemark_index"><value>168</value></Data><Data name="data_quality_status"><value>missing_media</value></Data></ExtendedData><Point><coordinates>10.35634,25.41569,0</coordinates></Point></Placemark><Placemark><name>محطة تزود بالوقود</name><description>&lt;div class="atlas-popup" dir="rtl"&gt;&lt;h3&gt;محطة تزود بالوقود&lt;/h3&gt;&lt;div class="atlas-popup-gallery"&gt;&lt;/div&gt;&lt;div class="atlas-popup-details"&gt;&lt;div&gt;&lt;strong&gt;الوصف:&lt;/strong&gt; التصنيف: الوصف:&lt;/div&gt;&lt;/div&gt;&lt;/div&gt;</description><ExtendedData><Data name="atlas_id"><value>LY-AKAKUS-00169</value></Data><Data name="description"><value>التصنيف: الوصف:</value></Data><Data name="image_count"><value>0</value></Data><Data name="source_file"><value>اكاكوس.kml</value></Data><Data name="images_json"><value>[]</value></Data><Data name="atlas_id"><value>LY-AKAKUS-00169</value></Data><Data name="image_count"><value>0</value></Data><Data name="source_file"><value>اكاكوس.kml</value></Data><Data name="images_json"><value>[]</value></Data><Data name="atlas_id"><value>LY-AKA-000169</value></Data><Data name="layer_id"><value>akakus</value></Data><Data name="layer_name_ar"><value>أكاكوس</value></Data><Data name="layer_name_en"><value>Akakus</value></Data><Data name="name_ar"><value>محطة تزود بالوقود</value></Data><Data name="latitude"><value>25.79273</value></Data><Data name="longitude"><value>10.54832</value></Data><Data name="images_json"><value>[]</value></Data><Data name="image_count"><value>0</value></Data><Data name="source_file"><value>developed/akakus-developed.kml</value></Data><Data name="source_placemark_index"><value>169</value></Data><Data name="data_quality_status"><value>missing_media</value></Data></ExtendedData><Point><coordinates>10.54832,25.79273,0</coordinates></Point></Placemark><Placemark><name>مخيم الفاو 2 - منتزه اين أزان</name><description>&lt;div class="atlas-popup" dir="rtl"&gt;&lt;h3&gt;مخيم الفاو 2 - منتزه اين أزان&lt;/h3&gt;&lt;div class="atlas-popup-gallery"&gt;&lt;/div&gt;&lt;div class="atlas-popup-details"&gt;&lt;div&gt;&lt;strong&gt;الوصف:&lt;/strong&gt; التصنيف: الوصف:&lt;/div&gt;&lt;/div&gt;&lt;/div&gt;</description><ExtendedData><Data name="atlas_id"><value>LY-AKAKUS-00170</value></Data><Data name="description"><value>التصنيف: الوصف:</value></Data><Data name="image_count"><value>0</value></Data><Data name="source_file"><value>اكاكوس.kml</value></Data><Data name="images_json"><value>[]</value></Data><Data name="atlas_id"><value>LY-AKAKUS-00170</value></Data><Data name="image_count"><value>0</value></Data><Data name="source_file"><value>اكاكوس.kml</value></Data><Data name="images_json"><value>[]</value></Data><Data name="atlas_id"><value>LY-AKA-000170</value></Data><Data name="layer_id"><value>akakus</value></Data><Data name="layer_name_ar"><value>أكاكوس</value></Data><Data name="layer_name_en"><value>Akakus</value></Data><Data name="name_ar"><value>مخيم الفاو 2 - منتزه اين أزان</value></Data><Data name="latitude"><value>25.790812</value></Data><Data name="longitude"><value>10.549388</value></Data><Data name="images_json"><value>[]</value></Data><Data name="image_count"><value>0</value></Data><Data name="source_file"><value>developed/akakus-developed.kml</value></Data><Data name="source_placemark_index"><value>170</value></Data><Data name="data_quality_status"><value>missing_media</value></Data></ExtendedData><Point><coordinates>10.549388,25.790812,0</coordinates></Point></Placemark><Placemark><name>المدينة الرياضية - العوينات</name><description>&lt;div class="atlas-popup" dir="rtl"&gt;&lt;h3&gt;المدينة الرياضية - العوينات&lt;/h3&gt;&lt;div class="atlas-popup-gallery"&gt;&lt;/div&gt;&lt;div class="atlas-popup-details"&gt;&lt;div&gt;&lt;strong&gt;الوصف:&lt;/strong&gt; التصنيف: الوصف:&lt;/div&gt;&lt;/div&gt;&lt;/div&gt;</description><ExtendedData><Data name="atlas_id"><value>LY-AKAKUS-00171</value></Data><Data name="description"><value>التصنيف: الوصف:</value></Data><Data name="image_count"><value>0</value></Data><Data name="source_file"><value>اكاكوس.kml</value></Data><Data name="images_json"><value>[]</value></Data><Data name="atlas_id"><value>LY-AKAKUS-00171</value></Data><Data name="image_count"><value>0</value></Data><Data name="source_file"><value>اكاكوس.kml</value></Data><Data name="images_json"><value>[]</value></Data><Data name="atlas_id"><value>LY-AKA-000171</value></Data><Data name="layer_id"><value>akakus</value></Data><Data name="layer_name_ar"><value>أكاكوس</value></Data><Data name="layer_name_en"><value>Akakus</value></Data><Data name="name_ar"><value>المدينة الرياضية - العوينات</value></Data><Data name="latitude"><value>25.78527</value></Data><Data name="longitude"><value>10.55888</value></Data><Data name="images_json"><value>[]</value></Data><Data name="image_count"><value>0</value></Data><Data name="source_file"><value>developed/akakus-developed.kml</value></Data><Data name="source_placemark_index"><value>171</value></Data><Data name="data_quality_status"><value>missing_media</value></Data></ExtendedData><Point><coordinates>10.55888,25.78527,0</coordinates></Point></Placemark><Placemark><name>مخيم الفاو</name><description>&lt;div class="atlas-popup" dir="rtl"&gt;&lt;h3&gt;مخيم الفاو&lt;/h3&gt;&lt;div class="atlas-popup-gallery"&gt;&lt;/div&gt;&lt;div class="atlas-popup-details"&gt;&lt;div&gt;&lt;strong&gt;الوصف:&lt;/strong&gt; التصنيف: الوصف:&lt;/div&gt;&lt;/div&gt;&lt;/div&gt;</description><ExtendedData><Data name="atlas_id"><value>LY-AKAKUS-00172</value></Data><Data name="description"><value>التصنيف: الوصف:</value></Data><Data name="image_count"><value>0</value></Data><Data name="source_file"><value>اكاكوس.kml</value></Data><Data name="images_json"><value>[]</value></Data><Data name="atlas_id"><value>LY-AKAKUS-00172</value></Data><Data name="image_count"><value>0</value></Data><Data name="source_file"><value>اكاكوس.kml</value></Data><Data name="images_json"><value>[]</value></Data><Data name="atlas_id"><value>LY-AKA-000172</value></Data><Data name="layer_id"><value>akakus</value></Data><Data name="layer_name_ar"><value>أكاكوس</value></Data><Data name="layer_name_en"><value>Akakus</value></Data><Data name="name_ar"><value>مخيم الفاو</value></Data><Data name="latitude"><value>25.78316</value></Data><Data name="longitude"><value>10.56985</value></Data><Data name="images_json"><value>[]</value></Data><Data name="image_count"><value>0</value></Data><Data name="source_file"><value>developed/akakus-developed.kml</value></Data><Data name="source_placemark_index"><value>172</value></Data><Data name="data_quality_status"><value>missing_media</value></Data></ExtendedData><Point><coordinates>10.56985,25.78316,0</coordinates></Point></Placemark><Placemark><name>مخيم صحراوي</name><description>&lt;div class="atlas-popup" dir="rtl"&gt;&lt;h3&gt;مخيم صحراوي&lt;/h3&gt;&lt;div class="atlas-popup-gallery"&gt;&lt;/div&gt;&lt;div class="atlas-popup-details"&gt;&lt;div&gt;&lt;strong&gt;الوصف:&lt;/strong&gt; التصنيف: الوصف:&lt;/div&gt;&lt;/div&gt;&lt;/div&gt;</description><ExtendedData><Data name="atlas_id"><value>LY-AKAKUS-00173</value></Data><Data name="description"><value>التصنيف: الوصف:</value></Data><Data name="image_count"><value>0</value></Data><Data name="source_file"><value>اكاكوس.kml</value></Data><Data name="images_json"><value>[]</value></Data><Data name="atlas_id"><value>LY-AKAKUS-00173</value></Data><Data name="image_count"><value>0</value></Data><Data name="source_file"><value>اكاكوس.kml</value></Data><Data name="images_json"><value>[]</value></Data><Data name="atlas_id"><value>LY-AKA-000173</value></Data><Data name="layer_id"><value>akakus</value></Data><Data name="layer_name_ar"><value>أكاكوس</value></Data><Data name="layer_name_en"><value>Akakus</value></Data><Data name="name_ar"><value>مخيم صحراوي</value></Data><Data name="latitude"><value>25.784968</value></Data><Data name="longitude"><value>10.573932</value></Data><Data name="images_json"><value>[]</value></Data><Data name="image_count"><value>0</value></Data><Data name="source_file"><value>developed/akakus-developed.kml</value></Data><Data name="source_placemark_index"><value>173</value></Data><Data name="data_quality_status"><value>missing_media</value></Data></ExtendedData><Point><coordinates>10.573932,25.784968,0</coordinates></Point></Placemark><Placemark><name>فندق المهاري - العوينات</name><description>&lt;div class="atlas-popup" dir="rtl"&gt;&lt;h3&gt;فندق المهاري - العوينات&lt;/h3&gt;&lt;div class="atlas-popup-gallery"&gt;&lt;/div&gt;&lt;div class="atlas-popup-details"&gt;&lt;div&gt;&lt;strong&gt;الوصف:&lt;/strong&gt; التصنيف: الوصف:&lt;/div&gt;&lt;/div&gt;&lt;/div&gt;</description><ExtendedData><Data name="atlas_id"><value>LY-AKAKUS-00174</value></Data><Data name="description"><value>التصنيف: الوصف:</value></Data><Data name="image_count"><value>0</value></Data><Data name="source_file"><value>اكاكوس.kml</value></Data><Data name="images_json"><value>[]</value></Data><Data name="atlas_id"><value>LY-AKAKUS-00174</value></Data><Data name="image_count"><value>0</value></Data><Data name="source_file"><value>اكاكوس.kml</value></Data><Data name="images_json"><value>[]</value></Data><Data name="atlas_id"><value>LY-AKA-000174</value></Data><Data name="layer_id"><value>akakus</value></Data><Data name="layer_name_ar"><value>أكاكوس</value></Data><Data name="layer_name_en"><value>Akakus</value></Data><Data name="name_ar"><value>فندق المهاري - العوينات</value></Data><Data name="latitude"><value>25.78043</value></Data><Data name="longitude"><value>10.56684</value></Data><Data name="images_json"><value>[]</value></Data><Data name="image_count"><value>0</value></Data><Data name="source_file"><value>developed/akakus-developed.kml</value></Data><Data name="source_placemark_index"><value>174</value></Data><Data name="data_quality_status"><value>missing_media</value></Data></ExtendedData><Point><coordinates>10.56684,25.78043,0</coordinates></Point></Placemark><Placemark><name>مكتب بريد العوينات</name><description>&lt;div class="atlas-popup" dir="rtl"&gt;&lt;h3&gt;مكتب بريد العوينات&lt;/h3&gt;&lt;div class="atlas-popup-gallery"&gt;&lt;/div&gt;&lt;div class="atlas-popup-details"&gt;&lt;div&gt;&lt;strong&gt;الوصف:&lt;/strong&gt; التصنيف: الوصف:&lt;/div&gt;&lt;/div&gt;&lt;/div&gt;</description><ExtendedData><Data name="atlas_id"><value>LY-AKAKUS-00175</value></Data><Data name="description"><value>التصنيف: الوصف:</value></Data><Data name="image_count"><value>0</value></Data><Data name="source_file"><value>اكاكوس.kml</value></Data><Data name="images_json"><value>[]</value></Data><Data name="atlas_id"><value>LY-AKAKUS-00175</value></Data><Data name="image_count"><value>0</value></Data><Data name="source_file"><value>اكاكوس.kml</value></Data><Data name="images_json"><value>[]</value></Data><Data name="atlas_id"><value>LY-AKA-000175</value></Data><Data name="layer_id"><value>akakus</value></Data><Data name="layer_name_ar"><value>أكاكوس</value></Data><Data name="layer_name_en"><value>Akakus</value></Data><Data name="name_ar"><value>مكتب بريد العوينات</value></Data><Data name="latitude"><value>25.78031</value></Data><Data name="longitude"><value>10.56274</value></Data><Data name="images_json"><value>[]</value></Data><Data name="image_count"><value>0</value></Data><Data name="source_file"><value>developed/akakus-developed.kml</value></Data><Data name="source_placemark_index"><value>175</value></Data><Data name="data_quality_status"><value>missing_media</value></Data></ExtendedData><Point><coordinates>10.56274,25.78031,0</coordinates></Point></Placemark><Placemark><name>العوينات</name><description>&lt;div class="atlas-popup" dir="rtl"&gt;&lt;h3&gt;العوينات&lt;/h3&gt;&lt;div class="atlas-popup-gallery"&gt;&lt;/div&gt;&lt;div class="atlas-popup-details"&gt;&lt;div&gt;&lt;strong&gt;الوصف:&lt;/strong&gt; التصنيف: الوصف:&lt;/div&gt;&lt;/div&gt;&lt;/div&gt;</description><ExtendedData><Data name="atlas_id"><value>LY-AKAKUS-00176</value></Data><Data name="description"><value>التصنيف: الوصف:</value></Data><Data name="image_count"><value>0</value></Data><Data name="source_file"><value>اكاكوس.kml</value></Data><Data name="images_json"><value>[]</value></Data><Data name="atlas_id"><value>LY-AKAKUS-00176</value></Data><Data name="image_count"><value>0</value></Data><Data name="source_file"><value>اكاكوس.kml</value></Data><Data name="images_json"><value>[]</value></Data><Data name="atlas_id"><value>LY-AKA-000176</value></Data><Data name="layer_id"><value>akakus</value></Data><Data name="layer_name_ar"><value>أكاكوس</value></Data><Data name="layer_name_en"><value>Akakus</value></Data><Data name="name_ar"><value>العوينات</value></Data><Data name="latitude"><value>25.779444</value></Data><Data name="longitude"><value>10.563706</value></Data><Data name="images_json"><value>[]</value></Data><Data name="image_count"><value>0</value></Data><Data name="source_file"><value>developed/akakus-developed.kml</value></Data><Data name="source_placemark_index"><value>176</value></Data><Data name="data_quality_status"><value>missing_media</value></Data></ExtendedData><Point><coordinates>10.563706,25.779444,0</coordinates></Point></Placemark><Placemark><name>حديقة الشجرة</name><description>&lt;div class="atlas-popup" dir="rtl"&gt;&lt;h3&gt;حديقة الشجرة&lt;/h3&gt;&lt;div class="atlas-popup-gallery"&gt;&lt;/div&gt;&lt;div class="atlas-popup-details"&gt;&lt;div&gt;&lt;strong&gt;الوصف:&lt;/strong&gt; التصنيف: الوصف:&lt;/div&gt;&lt;/div&gt;&lt;/div&gt;</description><ExtendedData><Data name="atlas_id"><value>LY-AKAKUS-00177</value></Data><Data name="description"><value>التصنيف: الوصف:</value></Data><Data name="image_count"><value>0</value></Data><Data name="source_file"><value>اكاكوس.kml</value></Data><Data name="images_json"><value>[]</value></Data><Data name="atlas_id"><value>LY-AKAKUS-00177</value></Data><Data name="image_count"><value>0</value></Data><Data name="source_file"><value>اكاكوس.kml</value></Data><Data name="images_json"><value>[]</value></Data><Data name="atlas_id"><value>LY-AKA-000177</value></Data><Data name="layer_id"><value>akakus</value></Data><Data name="layer_name_ar"><value>أكاكوس</value></Data><Data name="layer_name_en"><value>Akakus</value></Data><Data name="name_ar"><value>حديقة الشجرة</value></Data><Data name="latitude"><value>25.77865</value></Data><Data name="longitude"><value>10.56342</value></Data><Data name="images_json"><value>[]</value></Data><Data name="image_count"><value>0</value></Data><Data name="source_file"><value>developed/akakus-developed.kml</value></Data><Data name="source_placemark_index"><value>177</value></Data><Data name="data_quality_status"><value>missing_media</value></Data></ExtendedData><Point><coordinates>10.56342,25.77865,0</coordinates></Point></Placemark><Placemark><name>مطار حقل الفيل</name><description>&lt;div class="atlas-popup" dir="rtl"&gt;&lt;h3&gt;مطار حقل الفيل&lt;/h3&gt;&lt;div class="atlas-popup-gallery"&gt;&lt;/div&gt;&lt;div class="atlas-popup-details"&gt;&lt;div&gt;&lt;strong&gt;الوصف:&lt;/strong&gt; التصنيف: الوصف:&lt;/div&gt;&lt;/div&gt;&lt;/div&gt;</description><ExtendedData><Data name="atlas_id"><value>LY-AKAKUS-00178</value></Data><Data name="description"><value>التصنيف: الوصف:</value></Data><Data name="image_count"><value>0</value></Data><Data name="source_file"><value>اكاكوس.kml</value></Data><Data name="images_json"><value>[]</value></Data><Data name="atlas_id"><value>LY-AKAKUS-00178</value></Data><Data name="image_count"><value>0</value></Data><Data name="source_file"><value>اكاكوس.kml</value></Data><Data name="images_json"><value>[]</value></Data><Data name="atlas_id"><value>LY-AKA-000178</value></Data><Data name="layer_id"><value>akakus</value></Data><Data name="layer_name_ar"><value>أكاكوس</value></Data><Data name="layer_name_en"><value>Akakus</value></Data><Data name="name_ar"><value>مطار حقل الفيل</value></Data><Data name="latitude"><value>26.03765</value></Data><Data name="longitude"><value>12.04556</value></Data><Data name="images_json"><value>[]</value></Data><Data name="image_count"><value>0</value></Data><Data name="source_file"><value>developed/akakus-developed.kml</value></Data><Data name="source_placemark_index"><value>178</value></Data><Data name="data_quality_status"><value>missing_media</value></Data></ExtendedData><Point><coordinates>12.04556,26.03765,0</coordinates></Point></Placemark><Placemark><name>حقل الفيل</name><description>&lt;div class="atlas-popup" dir="rtl"&gt;&lt;h3&gt;حقل الفيل&lt;/h3&gt;&lt;div class="atlas-popup-gallery"&gt;&lt;/div&gt;&lt;div class="atlas-popup-details"&gt;&lt;div&gt;&lt;strong&gt;الوصف:&lt;/strong&gt; التصنيف: الوصف:&lt;/div&gt;&lt;/div&gt;&lt;/div&gt;</description><ExtendedData><Data name="atlas_id"><value>LY-AKAKUS-00179</value></Data><Data name="description"><value>التصنيف: الوصف:</value></Data><Data name="image_count"><value>0</value></Data><Data name="source_file"><value>اكاكوس.kml</value></Data><Data name="images_json"><value>[]</value></Data><Data name="atlas_id"><value>LY-AKAKUS-00179</value></Data><Data name="image_count"><value>0</value></Data><Data name="source_file"><value>اكاكوس.kml</value></Data><Data name="images_json"><value>[]</value></Data><Data name="atlas_id"><value>LY-AKA-000179</value></Data><Data name="layer_id"><value>akakus</value></Data><Data name="layer_name_ar"><value>أكاكوس</value></Data><Data name="layer_name_en"><value>Akakus</value></Data><Data name="name_ar"><value>حقل الفيل</value></Data><Data name="latitude"><value>26.05107</value></Data><Data name="longitude"><value>11.97346</value></Data><Data name="images_json"><value>[]</value></Data><Data name="image_count"><value>0</value></Data><Data name="source_file"><value>developed/akakus-developed.kml</value></Data><Data name="source_placemark_index"><value>179</value></Data><Data name="data_quality_status"><value>missing_media</value></Data></ExtendedData><Point><coordinates>11.97346,26.05107,0</coordinates></Point></Placemark><Placemark><name>فندق أكاكوس</name><description>&lt;div class="atlas-popup" dir="rtl"&gt;&lt;h3&gt;فندق أكاكوس&lt;/h3&gt;&lt;div class="atlas-popup-gallery"&gt;&lt;/div&gt;&lt;div class="atlas-popup-details"&gt;&lt;div&gt;&lt;strong&gt;الوصف:&lt;/strong&gt; التصنيف: الوصف:&lt;/div&gt;&lt;/div&gt;&lt;/div&gt;</description><ExtendedData><Data name="atlas_id"><value>LY-AKAKUS-00180</value></Data><Data name="description"><value>التصنيف: الوصف:</value></Data><Data name="image_count"><value>0</value></Data><Data name="source_file"><value>اكاكوس.kml</value></Data><Data name="images_json"><value>[]</value></Data><Data name="atlas_id"><value>LY-AKAKUS-00180</value></Data><Data name="image_count"><value>0</value></Data><Data name="source_file"><value>اكاكوس.kml</value></Data><Data name="images_json"><value>[]</value></Data><Data name="atlas_id"><value>LY-AKA-000180</value></Data><Data name="layer_id"><value>akakus</value></Data><Data name="layer_name_ar"><value>أكاكوس</value></Data><Data name="layer_name_en"><value>Akakus</value></Data><Data name="name_ar"><value>فندق أكاكوس</value></Data><Data name="latitude"><value>24.95834</value></Data><Data name="longitude"><value>10.18259</value></Data><Data name="images_json"><value>[]</value></Data><Data name="image_count"><value>0</value></Data><Data name="source_file"><value>developed/akakus-developed.kml</value></Data><Data name="source_placemark_index"><value>180</value></Data><Data name="data_quality_status"><value>missing_media</value></Data></ExtendedData><Point><coordinates>10.18259,24.95834,0</coordinates></Point></Placemark><Placemark><name>مستشفى غات العام</name><description>&lt;div class="atlas-popup" dir="rtl"&gt;&lt;h3&gt;مستشفى غات العام&lt;/h3&gt;&lt;div class="atlas-popup-gallery"&gt;&lt;/div&gt;&lt;div class="atlas-popup-details"&gt;&lt;div&gt;&lt;strong&gt;الوصف:&lt;/strong&gt; التصنيف: الوصف:&lt;/div&gt;&lt;/div&gt;&lt;/div&gt;</description><ExtendedData><Data name="atlas_id"><value>LY-AKAKUS-00181</value></Data><Data name="description"><value>التصنيف: الوصف:</value></Data><Data name="image_count"><value>0</value></Data><Data name="source_file"><value>اكاكوس.kml</value></Data><Data name="images_json"><value>[]</value></Data><Data name="atlas_id"><value>LY-AKAKUS-00181</value></Data><Data name="image_count"><value>0</value></Data><Data name="source_file"><value>اكاكوس.kml</value></Data><Data name="images_json"><value>[]</value></Data><Data name="atlas_id"><value>LY-AKA-000181</value></Data><Data name="layer_id"><value>akakus</value></Data><Data name="layer_name_ar"><value>أكاكوس</value></Data><Data name="layer_name_en"><value>Akakus</value></Data><Data name="name_ar"><value>مستشفى غات العام</value></Data><Data name="latitude"><value>24.962528</value></Data><Data name="longitude"><value>10.176528</value></Data><Data name="images_json"><value>[]</value></Data><Data name="image_count"><value>0</value></Data><Data name="source_file"><value>developed/akakus-developed.kml</value></Data><Data name="source_placemark_index"><value>181</value></Data><Data name="data_quality_status"><value>missing_media</value></Data></ExtendedData><Point><coordinates>10.176528,24.962528,0</coordinates></Point></Placemark><Placemark><name>مستشفى البركت</name><description>&lt;div class="atlas-popup" dir="rtl"&gt;&lt;h3&gt;مستشفى البركت&lt;/h3&gt;&lt;div class="atlas-popup-gallery"&gt;&lt;/div&gt;&lt;div class="atlas-popup-details"&gt;&lt;div&gt;&lt;strong&gt;الوصف:&lt;/strong&gt; التصنيف: الوصف:&lt;/div&gt;&lt;/div&gt;&lt;/div&gt;</description><ExtendedData><Data name="atlas_id"><value>LY-AKAKUS-00182</value></Data><Data name="description"><value>التصنيف: الوصف:</value></Data><Data name="image_count"><value>0</value></Data><Data name="source_file"><value>اكاكوس.kml</value></Data><Data name="images_json"><value>[]</value></Data><Data name="atlas_id"><value>LY-AKAKUS-00182</value></Data><Data name="image_count"><value>0</value></Data><Data name="source_file"><value>اكاكوس.kml</value></Data><Data name="images_json"><value>[]</value></Data><Data name="atlas_id"><value>LY-AKA-000182</value></Data><Data name="layer_id"><value>akakus</value></Data><Data name="layer_name_ar"><value>أكاكوس</value></Data><Data name="layer_name_en"><value>Akakus</value></Data><Data name="name_ar"><value>مستشفى البركت</value></Data><Data name="latitude"><value>24.896286</value></Data><Data name="longitude"><value>10.183245</value></Data><Data name="images_json"><value>[]</value></Data><Data name="image_count"><value>0</value></Data><Data name="source_file"><value>developed/akakus-developed.kml</value></Data><Data name="source_placemark_index"><value>182</value></Data><Data name="data_quality_status"><value>missing_media</value></Data></ExtendedData><Point><coordinates>10.183245,24.896286,0</coordinates></Point></Placemark><Placemark><name>مكتب بريد البركت</name><description>&lt;div class="atlas-popup" dir="rtl"&gt;&lt;h3&gt;مكتب بريد البركت&lt;/h3&gt;&lt;div class="atlas-popup-gallery"&gt;&lt;/div&gt;&lt;div class="atlas-popup-details"&gt;&lt;div&gt;&lt;strong&gt;الوصف:&lt;/strong&gt; التصنيف: الوصف:&lt;/div&gt;&lt;/div&gt;&lt;/div&gt;</description><ExtendedData><Data name="atlas_id"><value>LY-AKAKUS-00183</value></Data><Data name="description"><value>التصنيف: الوصف:</value></Data><Data name="image_count"><value>0</value></Data><Data name="source_file"><value>اكاكوس.kml</value></Data><Data name="images_json"><value>[]</value></Data><Data name="atlas_id"><value>LY-AKAKUS-00183</value></Data><Data name="image_count"><value>0</value></Data><Data name="source_file"><value>اكاكوس.kml</value></Data><Data name="images_json"><value>[]</value></Data><Data name="atlas_id"><value>LY-AKA-000183</value></Data><Data name="layer_id"><value>akakus</value></Data><Data name="layer_name_ar"><value>أكاكوس</value></Data><Data name="layer_name_en"><value>Akakus</value></Data><Data name="name_ar"><value>مكتب بريد البركت</value></Data><Data name="latitude"><value>24.895961</value></Data><Data name="longitude"><value>10.184161</value></Data><Data name="images_json"><value>[]</value></Data><Data name="image_count"><value>0</value></Data><Data name="source_file"><value>developed/akakus-developed.kml</value></Data><Data name="source_placemark_index"><value>183</value></Data><Data name="data_quality_status"><value>missing_media</value></Data></ExtendedData><Point><coordinates>10.184161,24.895961,0</coordinates></Point></Placemark><Placemark><name>محطة وقود</name><description>&lt;div class="atlas-popup" dir="rtl"&gt;&lt;h3&gt;محطة وقود&lt;/h3&gt;&lt;div class="atlas-popup-gallery"&gt;&lt;/div&gt;&lt;div class="atlas-popup-details"&gt;&lt;div&gt;&lt;strong&gt;الوصف:&lt;/strong&gt; التصنيف: الوصف:&lt;/div&gt;&lt;/div&gt;&lt;/div&gt;</description><ExtendedData><Data name="atlas_id"><value>LY-AKAKUS-00184</value></Data><Data name="description"><value>التصنيف: الوصف:</value></Data><Data name="image_count"><value>0</value></Data><Data name="source_file"><value>اكاكوس.kml</value></Data><Data name="images_json"><value>[]</value></Data><Data name="atlas_id"><value>LY-AKAKUS-00184</value></Data><Data name="image_count"><value>0</value></Data><Data name="source_file"><value>اكاكوس.kml</value></Data><Data name="images_json"><value>[]</value></Data><Data name="atlas_id"><value>LY-AKA-000184</value></Data><Data name="layer_id"><value>akakus</value></Data><Data name="layer_name_ar"><value>أكاكوس</value></Data><Data name="layer_name_en"><value>Akakus</value></Data><Data name="name_ar"><value>محطة وقود</value></Data><Data name="latitude"><value>24.793331</value></Data><Data name="longitude"><value>10.221346</value></Data><Data name="images_json"><value>[]</value></Data><Data name="image_count"><value>0</value></Data><Data name="source_file"><value>developed/akakus-developed.kml</value></Data><Data name="source_placemark_index"><value>184</value></Data><Data name="data_quality_status"><value>missing_media</value></Data></ExtendedData><Point><coordinates>10.221346,24.793331,0</coordinates></Point></Placemark><Placemark><name>محطة وقود</name><description>&lt;div class="atlas-popup" dir="rtl"&gt;&lt;h3&gt;محطة وقود&lt;/h3&gt;&lt;div class="atlas-popup-gallery"&gt;&lt;/div&gt;&lt;div class="atlas-popup-details"&gt;&lt;div&gt;&lt;strong&gt;الوصف:&lt;/strong&gt; التصنيف: الوصف:&lt;/div&gt;&lt;/div&gt;&lt;/div&gt;</description><ExtendedData><Data name="atlas_id"><value>LY-AKAKUS-00185</value></Data><Data name="description"><value>التصنيف: الوصف:</value></Data><Data name="image_count"><value>0</value></Data><Data name="source_file"><value>اكاكوس.kml</value></Data><Data name="images_json"><value>[]</value></Data><Data name="atlas_id"><value>LY-AKAKUS-00185</value></Data><Data name="image_count"><value>0</value></Data><Data name="source_file"><value>اكاكوس.kml</value></Data><Data name="images_json"><value>[]</value></Data><Data name="atlas_id"><value>LY-AKA-000185</value></Data><Data name="layer_id"><value>akakus</value></Data><Data name="layer_name_ar"><value>أكاكوس</value></Data><Data name="layer_name_en"><value>Akakus</value></Data><Data name="name_ar"><value>محطة وقود</value></Data><Data name="latitude"><value>24.960244</value></Data><Data name="longitude"><value>10.157354</value></Data><Data name="images_json"><value>[]</value></Data><Data name="image_count"><value>0</value></Data><Data name="source_file"><value>developed/akakus-developed.kml</value></Data><Data name="source_placemark_index"><value>185</value></Data><Data name="data_quality_status"><value>missing_media</value></Data></ExtendedData><Point><coordinates>10.157354,24.960244,0</coordinates></Point></Placemark><Placemark><name>قارة وادي اميسراجن</name><description>&lt;div class="atlas-popup" dir="rtl"&gt;&lt;h3&gt;قارة وادي اميسراجن&lt;/h3&gt;&lt;div class="atlas-popup-gallery"&gt;&lt;/div&gt;&lt;div class="atlas-popup-details"&gt;&lt;div&gt;&lt;strong&gt;الوصف:&lt;/strong&gt; التصنيف: الوصف:&lt;/div&gt;&lt;/div&gt;&lt;/div&gt;</description><ExtendedData><Data name="atlas_id"><value>LY-AKAKUS-00186</value></Data><Data name="description"><value>التصنيف: الوصف:</value></Data><Data name="image_count"><value>0</value></Data><Data name="source_file"><value>اكاكوس.kml</value></Data><Data name="images_json"><value>[]</value></Data><Data name="atlas_id"><value>LY-AKAKUS-00186</value></Data><Data name="image_count"><value>0</value></Data><Data name="source_file"><value>اكاكوس.kml</value></Data><Data name="images_json"><value>[]</value></Data><Data name="atlas_id"><value>LY-AKA-000186</value></Data><Data name="layer_id"><value>akakus</value></Data><Data name="layer_name_ar"><value>أكاكوس</value></Data><Data name="layer_name_en"><value>Akakus</value></Data><Data name="name_ar"><value>قارة وادي اميسراجن</value></Data><Data name="latitude"><value>25.38336</value></Data><Data name="longitude"><value>10.64213</value></Data><Data name="images_json"><value>[]</value></Data><Data name="image_count"><value>0</value></Data><Data name="source_file"><value>developed/akakus-developed.kml</value></Data><Data name="source_placemark_index"><value>186</value></Data><Data name="data_quality_status"><value>missing_media</value></Data></ExtendedData><Point><coordinates>10.64213,25.38336,0</coordinates></Point></Placemark><Placemark><name>نقطة حدود بين ليبيا والجزائر</name><description>&lt;div class="atlas-popup" dir="rtl"&gt;&lt;h3&gt;نقطة حدود بين ليبيا والجزائر&lt;/h3&gt;&lt;div class="atlas-popup-gallery"&gt;&lt;/div&gt;&lt;div class="atlas-popup-details"&gt;&lt;div&gt;&lt;strong&gt;التصنيف:&lt;/strong&gt; حدود ليبيا&lt;/div&gt;&lt;div&gt;&lt;strong&gt;الوصف:&lt;/strong&gt; تمتد لمسافة طويلة عبر الصحراء الكبرى في الجهة الغربية من ليبيا وترتبط مباشرة بامتداد صحراء فزان من الشرق إلى الجنوب باتجاه الجزائر وأهم النقاط الحدود بين الدولتين غات- تين زواتين والحدود الصحراوية غير مؤهولة&lt;/div&gt;&lt;/div&gt;&lt;/div&gt;</description><ExtendedData><Data name="atlas_id"><value>LY-AKAKUS-00187</value></Data><Data name="category"><value>حدود ليبيا</value></Data><Data name="description"><value>تمتد لمسافة طويلة عبر الصحراء الكبرى في الجهة الغربية من ليبيا وترتبط مباشرة بامتداد صحراء فزان من الشرق إلى الجنوب باتجاه الجزائر وأهم النقاط الحدود بين الدولتين غات- تين زواتين والحدود الصحراوية غير مؤهولة</value></Data><Data name="image_count"><value>0</value></Data><Data name="source_file"><value>اكاكوس.kml</value></Data><Data name="images_json"><value>[]</value></Data><Data name="atlas_id"><value>LY-AKAKUS-00187</value></Data><Data name="image_count"><value>0</value></Data><Data name="source_file"><value>اكاكوس.kml</value></Data><Data name="images_json"><value>[]</value></Data><Data name="atlas_id"><value>LY-AKA-000187</value></Data><Data name="layer_id"><value>akakus</value></Data><Data name="layer_name_ar"><value>أكاكوس</value></Data><Data name="layer_name_en"><value>Akakus</value></Data><Data name="name_ar"><value>نقطة حدود بين ليبيا والجزائر</value></Data><Data name="latitude"><value>26.208559</value></Data><Data name="longitude"><value>9.422547</value></Data><Data name="images_json"><value>[]</value></Data><Data name="image_count"><value>0</value></Data><Data name="source_file"><value>developed/akakus-developed.kml</value></Data><Data name="source_placemark_index"><value>187</value></Data><Data name="data_quality_status"><value>missing_media</value></Data></ExtendedData><Point><coordinates>9.422547,26.208559,0</coordinates></Point></Placemark><Placemark><name>وان أفودا</name><description>&lt;div class="atlas-popup" dir="rtl"&gt;&lt;h3&gt;وان أفودا&lt;/h3&gt;&lt;div class="atlas-popup-gallery"&gt;&lt;/div&gt;&lt;div class="atlas-popup-details"&gt;&lt;div&gt;&lt;strong&gt;الوصف:&lt;/strong&gt; التصنيف: الوصف:&lt;/div&gt;&lt;/div&gt;&lt;/div&gt;</description><ExtendedData><Data name="atlas_id"><value>LY-AKAKUS-00188</value></Data><Data name="description"><value>التصنيف: الوصف:</value></Data><Data name="image_count"><value>0</value></Data><Data name="source_file"><value>اكاكوس.kml</value></Data><Data name="images_json"><value>[]</value></Data><Data name="atlas_id"><value>LY-AKAKUS-00188</value></Data><Data name="image_count"><value>0</value></Data><Data name="source_file"><value>اكاكوس.kml</value></Data><Data name="images_json"><value>[]</value></Data><Data name="atlas_id"><value>LY-AKA-000188</value></Data><Data name="layer_id"><value>akakus</value></Data><Data name="layer_name_ar"><value>أكاكوس</value></Data><Data name="layer_name_en"><value>Akakus</value></Data><Data name="name_ar"><value>وان أفودا</value></Data><Data name="latitude"><value>24.861402</value></Data><Data name="longitude"><value>10.507315</value></Data><Data name="images_json"><value>[]</value></Data><Data name="image_count"><value>0</value></Data><Data name="source_file"><value>developed/akakus-developed.kml</value></Data><Data name="source_placemark_index"><value>188</value></Data><Data name="data_quality_status"><value>missing_media</value></Data></ExtendedData><Point><coordinates>10.507315,24.861402,0</coordinates></Point></Placemark><Placemark><name>كهف في وادي تانشالت</name><description>&lt;div class="atlas-popup" dir="rtl"&gt;&lt;h3&gt;كهف في وادي تانشالت&lt;/h3&gt;&lt;div class="atlas-popup-gallery"&gt;&lt;/div&gt;&lt;div class="atlas-popup-details"&gt;&lt;div&gt;&lt;strong&gt;التصنيف:&lt;/strong&gt; طبيعي-أثري&lt;/div&gt;&lt;div&gt;&lt;strong&gt;الوصف:&lt;/strong&gt; يقع ضمن نطاق جبال الأكاكوس في جنوب غربي لليبيا،وهي عبارة عن متحف مفتوح غني بالمظاهر الطبيعية من أودية جافة،صخور منحوتة والكهوف والملاجئ الصخرية وروسومات نقوش الأثرية وهو نوع ملاجئ صخرية أو كهوف طبيعية التي تشكلت بفعل عوامل التعربية والرلاياح على مدى الاف السنين في الصخور الرملية للجبال وهو من الكهوف التي تشكات نتيجة جيولوجية طويلة تمتد على عرات الاف السنين وليست من نتاج نشاط بشري&lt;/div&gt;&lt;/div&gt;&lt;/div&gt;</description><ExtendedData><Data name="atlas_id"><value>LY-AKAKUS-00189</value></Data><Data name="category"><value>طبيعي-أثري</value></Data><Data name="description"><value>يقع ضمن نطاق جبال الأكاكوس في جنوب غربي لليبيا،وهي عبارة عن متحف مفتوح غني بالمظاهر الطبيعية من أودية جافة،صخور منحوتة والكهوف والملاجئ الصخرية وروسومات نقوش الأثرية وهو نوع ملاجئ صخرية أو كهوف طبيعية التي تشكلت بفعل عوامل التعربية والرلاياح على مدى الاف السنين في الصخور الرملية للجبال وهو من الكهوف التي تشكات نتيجة جيولوجية طويلة تمتد على عرات الاف السنين وليست من نتاج نشاط بشري</value></Data><Data name="image_count"><value>0</value></Data><Data name="source_file"><value>اكاكوس.kml</value></Data><Data name="images_json"><value>[]</value></Data><Data name="atlas_id"><value>LY-AKAKUS-00189</value></Data><Data name="image_count"><value>0</value></Data><Data name="source_file"><value>اكاكوس.kml</value></Data><Data name="images_json"><value>[]</value></Data><Data name="atlas_id"><value>LY-AKA-000189</value></Data><Data name="layer_id"><value>akakus</value></Data><Data name="layer_name_ar"><value>أكاكوس</value></Data><Data name="layer_name_en"><value>Akakus</value></Data><Data name="name_ar"><value>كهف في وادي تانشالت</value></Data><Data name="latitude"><value>24.678869</value></Data><Data name="longitude"><value>10.579423</value></Data><Data name="images_json"><value>[]</value></Data><Data name="image_count"><value>0</value></Data><Data name="source_file"><value>developed/akakus-developed.kml</value></Data><Data name="source_placemark_index"><value>189</value></Data><Data name="data_quality_status"><value>missing_media</value></Data></ExtendedData><Point><coordinates>10.579423,24.678869,0</coordinates></Point></Placemark><Placemark><name>كهف وان موهجاج</name><description>&lt;div class="atlas-popup" dir="rtl"&gt;&lt;h3&gt;كهف وان موهجاج&lt;/h3&gt;&lt;div class="atlas-popup-gallery"&gt;&lt;/div&gt;&lt;div class="atlas-popup-details"&gt;&lt;div&gt;&lt;strong&gt;التصنيف:&lt;/strong&gt; طبيعي-أثري&lt;/div&gt;&lt;div&gt;&lt;strong&gt;الوصف:&lt;/strong&gt; يقع بجبال الأكاكوس جنوب ليبيا ضمن سلسلة تضاريس صخرية صحراوية غنية بالملاجئ والكهوف الطبيعية والنقوش الأثريةيتميز كونه استخدمه البشر قديما للعيش المؤقت قبل التاريخكما يعكس أساليب الحياة القديمة كما ارتبط الكهف بأبحاث علماء الجيولوجيا والأنتروبولوجيا التي توج بالعثور على أقدم ممياء أفريقية والتي يعود تاريخها الى حوالي 5600 سنة والتي حنطت بطريقة أقدم من طريق الحضارة الفرعونية وهي تعود لطفل صغير يبلغ عمره قرابة عامين وتم نقل الممياء الى متحف الوطني لمدينة طرابلس&lt;/div&gt;&lt;/div&gt;&lt;/div&gt;</description><ExtendedData><Data name="atlas_id"><value>LY-AKAKUS-00190</value></Data><Data name="category"><value>طبيعي-أثري</value></Data><Data name="description"><value>يقع بجبال الأكاكوس جنوب ليبيا ضمن سلسلة تضاريس صخرية صحراوية غنية بالملاجئ والكهوف الطبيعية والنقوش الأثريةيتميز كونه استخدمه البشر قديما للعيش المؤقت قبل التاريخكما يعكس أساليب الحياة القديمة كما ارتبط الكهف بأبحاث علماء الجيولوجيا والأنتروبولوجيا التي توج بالعثور على أقدم ممياء أفريقية والتي يعود تاريخها الى حوالي 5600 سنة والتي حنطت بطريقة أقدم من طريق الحضارة الفرعونية وهي تعود لطفل صغير يبلغ عمره قرابة عامين وتم نقل الممياء الى متحف الوطني لمدينة طرابلس</value></Data><Data name="image_count"><value>0</value></Data><Data name="source_file"><value>اكاكوس.kml</value></Data><Data name="images_json"><value>[]</value></Data><Data name="atlas_id"><value>LY-AKAKUS-00190</value></Data><Data name="image_count"><value>0</value></Data><Data name="source_file"><value>اكاكوس.kml</value></Data><Data name="images_json"><value>[]</value></Data><Data name="atlas_id"><value>LY-AKA-000190</value></Data><Data name="layer_id"><value>akakus</value></Data><Data name="layer_name_ar"><value>أكاكوس</value></Data><Data name="layer_name_en"><value>Akakus</value></Data><Data name="name_ar"><value>كهف وان موهجاج</value></Data><Data name="latitude"><value>24.84138</value></Data><Data name="longitude"><value>10.50444</value></Data><Data name="images_json"><value>[]</value></Data><Data name="image_count"><value>0</value></Data><Data name="source_file"><value>developed/akakus-developed.kml</value></Data><Data name="source_placemark_index"><value>190</value></Data><Data name="data_quality_status"><value>missing_media</value></Data></ExtendedData><Point><coordinates>10.50444,24.84138,0</coordinates></Point></Placemark><Placemark><name>كهف غات</name><description>&lt;div class="atlas-popup" dir="rtl"&gt;&lt;h3&gt;كهف غات&lt;/h3&gt;&lt;div class="atlas-popup-gallery"&gt;&lt;img src="https://mymaps.usercontent.google.com/hostedimage/m/*/3AAjQbR7tY-NVwiJ4YI5gf5WoxyN23vYcZWTUAolrqx3pcdD_xOCCXUyhDrnlZXxl0F_Ng3P-xUwUThNpINLx90PLuWAUFYZ1tgNtKCdVacjoEUvPVthlcYpLmCGydH3GyOUuTncjsduqD_wMRNz3xrHgoNU7m5ez63r7Et5Um0WeFK6rW-Eb5FPgnlLTzkJ3OPLmSBCG-kFyzfrP2NdhAfbiB050vD2a4b1nf3nsf9xZhQTGUMTSABv_gsCjakk?authuser=1&amp;amp;fife=s16383" alt="كهف غات" loading="lazy" class="atlas-popup-image"&gt;&lt;/div&gt;&lt;div class="atlas-popup-details"&gt;&lt;div&gt;&lt;strong&gt;التصنيف:&lt;/strong&gt; طبيعي- أثري&lt;/div&gt;&lt;div&gt;&lt;strong&gt;الوصف:&lt;/strong&gt; يقصد بكاف عند الطوارق بالجبل وهو في الحققة جبل طبيعي يمتد لنصف كيلومتر تتخلله تشكيلات ونتوءات صخرية تتداخل مع ثقوب واسعة سوداء&lt;/div&gt;&lt;/div&gt;&lt;/div&gt;</description><ExtendedData><Data name="atlas_id"><value>LY-AKAKUS-00191</value></Data><Data name="category"><value>طبيعي- أثري</value></Data><Data name="description"><value>يقصد بكاف عند الطوارق بالجبل وهو في الحققة جبل طبيعي يمتد لنصف كيلومتر تتخلله تشكيلات ونتوءات صخرية تتداخل مع ثقوب واسعة سوداء</value></Data><Data name="image_count"><value>1</value></Data><Data name="source_file"><value>اكاكوس.kml</value></Data><Data name="images_json"><value>["https://mymaps.usercontent.google.com/hostedimage/m/*/3AAjQbR7tY-NVwiJ4YI5gf5WoxyN23vYcZWTUAolrqx3pcdD_xOCCXUyhDrnlZXxl0F_Ng3P-xUwUThNpINLx90PLuWAUFYZ1tgNtKCdVacjoEUvPVthlcYpLmCGydH3GyOUuTncjsduqD_wMRNz3xrHgoNU7m5ez63r7Et5Um0WeFK6rW-Eb5FPgnlLTzkJ3OPLmSBCG-kFyzfrP2NdhAfbiB050vD2a4b1nf3nsf9xZhQTGUMTSABv_gsCjakk?authuser=1&amp;fife=s16383"]</value></Data><Data name="atlas_id"><value>LY-AKAKUS-00191</value></Data><Data name="image_count"><value>1</value></Data><Data name="source_file"><value>اكاكوس.kml</value></Data><Data name="images_json"><value>["https://mymaps.usercontent.google.com/hostedimage/m/*/3AAjQbR7tY-NVwiJ4YI5gf5WoxyN23vYcZWTUAolrqx3pcdD_xOCCXUyhDrnlZXxl0F_Ng3P-xUwUThNpINLx90PLuWAUFYZ1tgNtKCdVacjoEUvPVthlcYpLmCGydH3GyOUuTncjsduqD_wMRNz3xrHgoNU7m5ez63r7Et5Um0WeFK6rW-Eb5FPgnlLTzkJ3OPLmSBCG-kFyzfrP2NdhAfbiB050vD2a4b1nf3nsf9xZhQTGUMTSABv_gsCjakk?authuser=1&amp;fife=s16383"]</value></Data><Data name="atlas_id"><value>LY-AKA-000191</value></Data><Data name="layer_id"><value>akakus</value></Data><Data name="layer_name_ar"><value>أكاكوس</value></Data><Data name="layer_name_en"><value>Akakus</value></Data><Data name="name_ar"><value>كهف غات</value></Data><Data name="latitude"><value>24.827832</value></Data><Data name="longitude"><value>10.494658</value></Data><Data name="images_json"><value>[&quot;https://mymaps.usercontent.google.com/hostedimage/m/*/3AAjQbR7tY-NVwiJ4YI5gf5WoxyN23vYcZWTUAolrqx3pcdD_xOCCXUyhDrnlZXxl0F_Ng3P-xUwUThNpINLx90PLuWAUFYZ1tgNtKCdVacjoEUvPVthlcYpLmCGydH3GyOUuTncjsduqD_wMRNz3xrHgoNU7m5ez63r7Et5Um0WeFK6rW-Eb5FPgnlLTzkJ3OPLmSBCG-kFyzfrP2NdhAfbiB050vD2a4b1nf3nsf9xZhQTGUMTSABv_gsCjakk?authuser=1&amp;fife=s16383&quot;]</value></Data><Data name="image_count"><value>1</value></Data><Data name="source_file"><value>developed/akakus-developed.kml</value></Data><Data name="source_placemark_index"><value>191</value></Data><Data name="data_quality_status"><value>ok</value></Data></ExtendedData><Point><coordinates>10.494658,24.827832,0</coordinates></Point></Placemark><Placemark><name>(الأهرمات الحطية)مدافن جرمنتية</name><description>&lt;div class="atlas-popup" dir="rtl"&gt;&lt;h3&gt;(الأهرمات الحطية)مدافن جرمنتية&lt;/h3&gt;&lt;div class="atlas-popup-gallery"&gt;&lt;img src="https://mymaps.usercontent.google.com/hostedimage/m/*/3AAjQbR5aQ-pY8A0fRVvGT0B8ZL4nEENoncf3KHIRd7dOMncyBaJ__QSD8l2t4dXb63FqX8HN01fx3gWosjy2K-VhygQsPKBKUMnZ19GoltQWpNdPz-mvDjtS-SrOAfSlbD0k_rYJkbVEc64erQ3HnJFXCGg-w7eJcm-qmIBHqvPYWkVcCV3Zth9Ni_mliGQHAFt0jC-zgjm842zFF3knGX6K5V8xxQMaOkHpS77tgF4JocrfibUlCbf28jacujo?authuser=1&amp;amp;fife=s16383" alt="(الأهرمات الحطية)مدافن جرمنتية" loading="lazy" class="atlas-popup-image"&gt;&lt;/div&gt;&lt;div class="atlas-popup-details"&gt;&lt;div&gt;&lt;strong&gt;التصنيف:&lt;/strong&gt; أثري معماري&lt;/div&gt;&lt;div&gt;&lt;strong&gt;الوصف:&lt;/strong&gt; تعود الاهرامات الاى الحضارة الجرمنتية أسلاف الطوارق، في الجنوب الليبي وتشمل ه&amp;gt;ه المدافن هياكل هرمية ومقابر مبنية ليتم دفن الميت بوضعية الجنن (القرفصاء)، وتحتوي على شواهد فريدة تبه راحة اليد تنتشر بوادي الحياة والفزان، عثر بداخلها على مقتنيات تدل على حياتهم وثقافتهم مثل قطع أثرية مرتبطة بالعربات والخيول التي كانت تستخدم في التنقل والحرب بقلب الصحراء&lt;/div&gt;&lt;/div&gt;&lt;/div&gt;</description><ExtendedData><Data name="atlas_id"><value>LY-AKAKUS-00192</value></Data><Data name="category"><value>أثري معماري</value></Data><Data name="description"><value>تعود الاهرامات الاى الحضارة الجرمنتية أسلاف الطوارق، في الجنوب الليبي وتشمل ه&gt;ه المدافن هياكل هرمية ومقابر مبنية ليتم دفن الميت بوضعية الجنن (القرفصاء)، وتحتوي على شواهد فريدة تبه راحة اليد تنتشر بوادي الحياة والفزان، عثر بداخلها على مقتنيات تدل على حياتهم وثقافتهم مثل قطع أثرية مرتبطة بالعربات والخيول التي كانت تستخدم في التنقل والحرب بقلب الصحراء</value></Data><Data name="image_count"><value>1</value></Data><Data name="source_file"><value>اكاكوس.kml</value></Data><Data name="images_json"><value>["https://mymaps.usercontent.google.com/hostedimage/m/*/3AAjQbR5aQ-pY8A0fRVvGT0B8ZL4nEENoncf3KHIRd7dOMncyBaJ__QSD8l2t4dXb63FqX8HN01fx3gWosjy2K-VhygQsPKBKUMnZ19GoltQWpNdPz-mvDjtS-SrOAfSlbD0k_rYJkbVEc64erQ3HnJFXCGg-w7eJcm-qmIBHqvPYWkVcCV3Zth9Ni_mliGQHAFt0jC-zgjm842zFF3knGX6K5V8xxQMaOkHpS77tgF4JocrfibUlCbf28jacujo?authuser=1&amp;fife=s16383"]</value></Data><Data name="atlas_id"><value>LY-AKAKUS-00192</value></Data><Data name="image_count"><value>1</value></Data><Data name="source_file"><value>اكاكوس.kml</value></Data><Data name="images_json"><value>["https://mymaps.usercontent.google.com/hostedimage/m/*/3AAjQbR5aQ-pY8A0fRVvGT0B8ZL4nEENoncf3KHIRd7dOMncyBaJ__QSD8l2t4dXb63FqX8HN01fx3gWosjy2K-VhygQsPKBKUMnZ19GoltQWpNdPz-mvDjtS-SrOAfSlbD0k_rYJkbVEc64erQ3HnJFXCGg-w7eJcm-qmIBHqvPYWkVcCV3Zth9Ni_mliGQHAFt0jC-zgjm842zFF3knGX6K5V8xxQMaOkHpS77tgF4JocrfibUlCbf28jacujo?authuser=1&amp;fife=s16383"]</value></Data><Data name="atlas_id"><value>LY-AKA-000192</value></Data><Data name="layer_id"><value>akakus</value></Data><Data name="layer_name_ar"><value>أكاكوس</value></Data><Data name="layer_name_en"><value>Akakus</value></Data><Data name="name_ar"><value>(الأهرمات الحطية)مدافن جرمنتية</value></Data><Data name="latitude"><value>24.9482947</value></Data><Data name="longitude"><value>10.0894749</value></Data><Data name="images_json"><value>[&quot;https://mymaps.usercontent.google.com/hostedimage/m/*/3AAjQbR5aQ-pY8A0fRVvGT0B8ZL4nEENoncf3KHIRd7dOMncyBaJ__QSD8l2t4dXb63FqX8HN01fx3gWosjy2K-VhygQsPKBKUMnZ19GoltQWpNdPz-mvDjtS-SrOAfSlbD0k_rYJkbVEc64erQ3HnJFXCGg-w7eJcm-qmIBHqvPYWkVcCV3Zth9Ni_mliGQHAFt0jC-zgjm842zFF3knGX6K5V8xxQMaOkHpS77tgF4JocrfibUlCbf28jacujo?authuser=1&amp;fife=s16383&quot;]</value></Data><Data name="image_count"><value>1</value></Data><Data name="source_file"><value>developed/akakus-developed.kml</value></Data><Data name="source_placemark_index"><value>192</value></Data><Data name="data_quality_status"><value>ok</value></Data></ExtendedData><Point><coordinates>10.0894749,24.9482947,0</coordinates></Point></Placemark><Placemark><name>نقش صخري</name><description>&lt;div class="atlas-popup" dir="rtl"&gt;&lt;h3&gt;نقش صخري&lt;/h3&gt;&lt;div class="atlas-popup-gallery"&gt;&lt;img src="https://mymaps.usercontent.google.com/hostedimage/m/*/3AAjQbR4kxKEiUIa9_OQyk1404zjA4NfTRA2vdbSwbWJs-79e7fOEM5klddO4zWnsiwiOhcVK5zCTOCkz5KHMMWZIufcAKPnknb9RW5PcxXtedaHTpPZGsa5a4RaJW-LS_j9t7kddc4GJOoRfgDiJh2WjbmnXM2hqPXeX0JFpyPEPMRPHUvFplB8VUQ-qIh-eHaTzfKgx6W70A1vUyw5cbvGdCqq87O7nUiDvAcls8V-NP5Ya8FYBTY-nHMJWHnM?authuser=1&amp;amp;fife=s16383" alt="نقش صخري" loading="lazy" class="atlas-popup-image"&gt;&lt;/div&gt;&lt;div class="atlas-popup-details"&gt;&lt;div&gt;&lt;strong&gt;التصنيف:&lt;/strong&gt; نقوش صخرية&lt;/div&gt;&lt;div&gt;&lt;strong&gt;الوصف:&lt;/strong&gt; غات غرب ليبيا. تشتهر المنطقة بفنونها الصخرية، وقد أُدرجت ضمن قائمة مواقع التراث العالمي لليونسكو عام 1985 نظرًا لأهمية هذه الرسومات والنقوش. يعود تاريخ هذه الرسومات إلى الفترة ما بين 12000 قبل الميلاد و100 ميلادي، وتعكس التغيرات الثقافية والطبيعية التي شهدتها المنطقة&lt;/div&gt;&lt;/div&gt;&lt;/div&gt;</description><ExtendedData><Data name="atlas_id"><value>LY-AKAKUS-00193</value></Data><Data name="category"><value>نقوش صخرية</value></Data><Data name="description"><value>غات غرب ليبيا. تشتهر المنطقة بفنونها الصخرية، وقد أُدرجت ضمن قائمة مواقع التراث العالمي لليونسكو عام 1985 نظرًا لأهمية هذه الرسومات والنقوش. يعود تاريخ هذه الرسومات إلى الفترة ما بين 12000 قبل الميلاد و100 ميلادي، وتعكس التغيرات الثقافية والطبيعية التي شهدتها المنطقة</value></Data><Data name="image_count"><value>1</value></Data><Data name="source_file"><value>اكاكوس.kml</value></Data><Data name="images_json"><value>["https://mymaps.usercontent.google.com/hostedimage/m/*/3AAjQbR4kxKEiUIa9_OQyk1404zjA4NfTRA2vdbSwbWJs-79e7fOEM5klddO4zWnsiwiOhcVK5zCTOCkz5KHMMWZIufcAKPnknb9RW5PcxXtedaHTpPZGsa5a4RaJW-LS_j9t7kddc4GJOoRfgDiJh2WjbmnXM2hqPXeX0JFpyPEPMRPHUvFplB8VUQ-qIh-eHaTzfKgx6W70A1vUyw5cbvGdCqq87O7nUiDvAcls8V-NP5Ya8FYBTY-nHMJWHnM?authuser=1&amp;fife=s16383"]</value></Data><Data name="atlas_id"><value>LY-AKAKUS-00193</value></Data><Data name="image_count"><value>1</value></Data><Data name="source_file"><value>اكاكوس.kml</value></Data><Data name="images_json"><value>["https://mymaps.usercontent.google.com/hostedimage/m/*/3AAjQbR4kxKEiUIa9_OQyk1404zjA4NfTRA2vdbSwbWJs-79e7fOEM5klddO4zWnsiwiOhcVK5zCTOCkz5KHMMWZIufcAKPnknb9RW5PcxXtedaHTpPZGsa5a4RaJW-LS_j9t7kddc4GJOoRfgDiJh2WjbmnXM2hqPXeX0JFpyPEPMRPHUvFplB8VUQ-qIh-eHaTzfKgx6W70A1vUyw5cbvGdCqq87O7nUiDvAcls8V-NP5Ya8FYBTY-nHMJWHnM?authuser=1&amp;fife=s16383"]</value></Data><Data name="atlas_id"><value>LY-AKA-000193</value></Data><Data name="layer_id"><value>akakus</value></Data><Data name="layer_name_ar"><value>أكاكوس</value></Data><Data name="layer_name_en"><value>Akakus</value></Data><Data name="name_ar"><value>نقش صخري</value></Data><Data name="latitude"><value>24.852067</value></Data><Data name="longitude"><value>10.51905</value></Data><Data name="images_json"><value>[&quot;https://mymaps.usercontent.google.com/hostedimage/m/*/3AAjQbR4kxKEiUIa9_OQyk1404zjA4NfTRA2vdbSwbWJs-79e7fOEM5klddO4zWnsiwiOhcVK5zCTOCkz5KHMMWZIufcAKPnknb9RW5PcxXtedaHTpPZGsa5a4RaJW-LS_j9t7kddc4GJOoRfgDiJh2WjbmnXM2hqPXeX0JFpyPEPMRPHUvFplB8VUQ-qIh-eHaTzfKgx6W70A1vUyw5cbvGdCqq87O7nUiDvAcls8V-NP5Ya8FYBTY-nHMJWHnM?authuser=1&amp;fife=s16383&quot;]</value></Data><Data name="image_count"><value>1</value></Data><Data name="source_file"><value>developed/akakus-developed.kml</value></Data><Data name="source_placemark_index"><value>193</value></Data><Data name="data_quality_status"><value>ok</value></Data></ExtendedData><Point><coordinates>10.51905,24.852067,0</coordinates></Point></Placemark><Placemark><name>كهف</name><description>&lt;div class="atlas-popup" dir="rtl"&gt;&lt;h3&gt;كهف&lt;/h3&gt;&lt;div class="atlas-popup-gallery"&gt;&lt;/div&gt;&lt;div class="atlas-popup-details"&gt;&lt;div&gt;&lt;strong&gt;الوصف:&lt;/strong&gt; التصنيف: الوصف:&lt;/div&gt;&lt;/div&gt;&lt;/div&gt;</description><ExtendedData><Data name="atlas_id"><value>LY-AKAKUS-00194</value></Data><Data name="description"><value>التصنيف: الوصف:</value></Data><Data name="image_count"><value>0</value></Data><Data name="source_file"><value>اكاكوس.kml</value></Data><Data name="images_json"><value>[]</value></Data><Data name="atlas_id"><value>LY-AKAKUS-00194</value></Data><Data name="image_count"><value>0</value></Data><Data name="source_file"><value>اكاكوس.kml</value></Data><Data name="images_json"><value>[]</value></Data><Data name="atlas_id"><value>LY-AKA-000194</value></Data><Data name="layer_id"><value>akakus</value></Data><Data name="layer_name_ar"><value>أكاكوس</value></Data><Data name="layer_name_en"><value>Akakus</value></Data><Data name="name_ar"><value>كهف</value></Data><Data name="latitude"><value>24.881262</value></Data><Data name="longitude"><value>10.616836</value></Data><Data name="images_json"><value>[]</value></Data><Data name="image_count"><value>0</value></Data><Data name="source_file"><value>developed/akakus-developed.kml</value></Data><Data name="source_placemark_index"><value>194</value></Data><Data name="data_quality_status"><value>missing_media</value></Data></ExtendedData><Point><coordinates>10.616836,24.881262,0</coordinates></Point></Placemark><Placemark><name>كهف وان أفودا</name><description>&lt;div class="atlas-popup" dir="rtl"&gt;&lt;h3&gt;كهف وان أفودا&lt;/h3&gt;&lt;div class="atlas-popup-gallery"&gt;&lt;/div&gt;&lt;div class="atlas-popup-details"&gt;&lt;div&gt;&lt;strong&gt;الوصف:&lt;/strong&gt; التصنيف: الوصف:&lt;/div&gt;&lt;/div&gt;&lt;/div&gt;</description><ExtendedData><Data name="atlas_id"><value>LY-AKAKUS-00195</value></Data><Data name="description"><value>التصنيف: الوصف:</value></Data><Data name="image_count"><value>0</value></Data><Data name="source_file"><value>اكاكوس.kml</value></Data><Data name="images_json"><value>[]</value></Data><Data name="atlas_id"><value>LY-AKAKUS-00195</value></Data><Data name="image_count"><value>0</value></Data><Data name="source_file"><value>اكاكوس.kml</value></Data><Data name="images_json"><value>[]</value></Data><Data name="atlas_id"><value>LY-AKA-000195</value></Data><Data name="layer_id"><value>akakus</value></Data><Data name="layer_name_ar"><value>أكاكوس</value></Data><Data name="layer_name_en"><value>Akakus</value></Data><Data name="name_ar"><value>كهف وان أفودا</value></Data><Data name="latitude"><value>24.867866</value></Data><Data name="longitude"><value>10.500716</value></Data><Data name="images_json"><value>[]</value></Data><Data name="image_count"><value>0</value></Data><Data name="source_file"><value>developed/akakus-developed.kml</value></Data><Data name="source_placemark_index"><value>195</value></Data><Data name="data_quality_status"><value>missing_media</value></Data></ExtendedData><Point><coordinates>10.500716,24.867866,0</coordinates></Point></Placemark><Placemark><name>مقبرة جرمنتية أثرية</name><description>&lt;div class="atlas-popup" dir="rtl"&gt;&lt;h3&gt;مقبرة جرمنتية أثرية&lt;/h3&gt;&lt;div class="atlas-popup-gallery"&gt;&lt;img src="https://mymaps.usercontent.google.com/hostedimage/m/*/3AAjQbR654UMP95UMHqc1SnYakCobKQ59JKOltoLcBYWTYBY8JoKWoB6-qtr9Poy8fk_gvn16_lQ1vRgbnfYS2r2XLwMRSKu_CWkKrhNt2QRdycnQwWn8YQYY9Um_czybphne-lAc1sel_C9NjUxH5VW3hgHpurwJ6Ii1-HXAnQugTDOBinv5-6HVzem0DtDO_7jzB1e8wZibt_dB8Z9AfgBuIfgodC_-zJrr4Qogqfny2PYgEVhtonJVm5RQRIE?authuser=1&amp;amp;fife=s16383" alt="مقبرة جرمنتية أثرية" loading="lazy" class="atlas-popup-image"&gt;&lt;/div&gt;&lt;div class="atlas-popup-details"&gt;&lt;div&gt;&lt;strong&gt;التصنيف:&lt;/strong&gt; أثري معماري&lt;/div&gt;&lt;div&gt;&lt;strong&gt;الوصف:&lt;/strong&gt; هي مدافن صخرية منحوتة في الحجر او احوض دفن وهي مواقع طبيعية أو منقبة في الصخر ، يعود تاريخها الى ماقبل التاريخ وحتى العصور القديمة، وتشمل ثقافات مختلفة سكنت الصحراء الكبرى قبل الاف السنين تعتبر شاهد على طقوس الدفن القديمة لدى الشعوب التي سكنت المنطقة&lt;/div&gt;&lt;/div&gt;&lt;/div&gt;</description><ExtendedData><Data name="atlas_id"><value>LY-AKAKUS-00196</value></Data><Data name="category"><value>أثري معماري</value></Data><Data name="description"><value>هي مدافن صخرية منحوتة في الحجر او احوض دفن وهي مواقع طبيعية أو منقبة في الصخر ، يعود تاريخها الى ماقبل التاريخ وحتى العصور القديمة، وتشمل ثقافات مختلفة سكنت الصحراء الكبرى قبل الاف السنين تعتبر شاهد على طقوس الدفن القديمة لدى الشعوب التي سكنت المنطقة</value></Data><Data name="image_count"><value>1</value></Data><Data name="source_file"><value>اكاكوس.kml</value></Data><Data name="images_json"><value>["https://mymaps.usercontent.google.com/hostedimage/m/*/3AAjQbR654UMP95UMHqc1SnYakCobKQ59JKOltoLcBYWTYBY8JoKWoB6-qtr9Poy8fk_gvn16_lQ1vRgbnfYS2r2XLwMRSKu_CWkKrhNt2QRdycnQwWn8YQYY9Um_czybphne-lAc1sel_C9NjUxH5VW3hgHpurwJ6Ii1-HXAnQugTDOBinv5-6HVzem0DtDO_7jzB1e8wZibt_dB8Z9AfgBuIfgodC_-zJrr4Qogqfny2PYgEVhtonJVm5RQRIE?authuser=1&amp;fife=s16383"]</value></Data><Data name="atlas_id"><value>LY-AKAKUS-00196</value></Data><Data name="image_count"><value>1</value></Data><Data name="source_file"><value>اكاكوس.kml</value></Data><Data name="images_json"><value>["https://mymaps.usercontent.google.com/hostedimage/m/*/3AAjQbR654UMP95UMHqc1SnYakCobKQ59JKOltoLcBYWTYBY8JoKWoB6-qtr9Poy8fk_gvn16_lQ1vRgbnfYS2r2XLwMRSKu_CWkKrhNt2QRdycnQwWn8YQYY9Um_czybphne-lAc1sel_C9NjUxH5VW3hgHpurwJ6Ii1-HXAnQugTDOBinv5-6HVzem0DtDO_7jzB1e8wZibt_dB8Z9AfgBuIfgodC_-zJrr4Qogqfny2PYgEVhtonJVm5RQRIE?authuser=1&amp;fife=s16383"]</value></Data><Data name="atlas_id"><value>LY-AKA-000196</value></Data><Data name="layer_id"><value>akakus</value></Data><Data name="layer_name_ar"><value>أكاكوس</value></Data><Data name="layer_name_en"><value>Akakus</value></Data><Data name="name_ar"><value>مقبرة جرمنتية أثرية</value></Data><Data name="latitude"><value>26.1175655</value></Data><Data name="longitude"><value>13.5070249</value></Data><Data name="images_json"><value>[&quot;https://mymaps.usercontent.google.com/hostedimage/m/*/3AAjQbR654UMP95UMHqc1SnYakCobKQ59JKOltoLcBYWTYBY8JoKWoB6-qtr9Poy8fk_gvn16_lQ1vRgbnfYS2r2XLwMRSKu_CWkKrhNt2QRdycnQwWn8YQYY9Um_czybphne-lAc1sel_C9NjUxH5VW3hgHpurwJ6Ii1-HXAnQugTDOBinv5-6HVzem0DtDO_7jzB1e8wZibt_dB8Z9AfgBuIfgodC_-zJrr4Qogqfny2PYgEVhtonJVm5RQRIE?authuser=1&amp;fife=s16383&quot;]</value></Data><Data name="image_count"><value>1</value></Data><Data name="source_file"><value>developed/akakus-developed.kml</value></Data><Data name="source_placemark_index"><value>196</value></Data><Data name="data_quality_status"><value>ok</value></Data></ExtendedData><Point><coordinates>13.5070249,26.1175655,0</coordinates></Point></Placemark></Document></kml>