<?xml version='1.0' encoding='utf-8'?>
<kml xmlns="http://www.opengis.net/kml/2.2"><Document><name>المدينة القديمة طرابلس</name><Placemark><name>متحف السرايا الحمراء</name><description>&lt;div class="atlas-popup" dir="rtl"&gt;&lt;h3&gt;متحف السرايا الحمراء&lt;/h3&gt;&lt;div class="atlas-popup-gallery"&gt;&lt;img src="https://lh3.googleusercontent.com/umsh/AN6v0v6zsTKnVVYm_L1g4InTEc6f8sC0BNiY5xrjqzsBCru10bIdxAF7BwuwNcVZb5Hi_bVH9CvBy9FrHxL7Crd9FcCC0N0kS4T3ArgLR1qjwG43_P0klEVu1EO7IG3NVyJL08049G4Kr1kAfBldLQfWdgLlIBYlfV_2_A5ylPccaqGc8GrZZHC8RHZ5TE9ptkLk-d6zb0uXCV8M_zKc3mu862EBPdUXUrzKhKVXMdg_XTnwdulV2Cql5pOH_mSIIfYiGA8TNnlPDx8Cbh6PZt-dAOSOWS9aWJlzuMAOAS0avx5iGmb3HJswcc9V-CUX5Dg0C6psZLMSRvgeBDik96HO6I49dHCl99ceFQYuNVC64Xnm72GN6_nU5zLnyzA0xz5IP8Odpckc5q93qCT94OskEgXldBIZRTuERD26re2xivC5e2oLtrkX7eHrz7jK8lz5u8B9itkx5nwuh9V6qEbMCsASbiFzDBf59F5CvCidZhHnj-_AEBwUu51LnooF9XR262x3TfDQ6gCF0SLTmFtjuJtYNp3NF35qstibUURuXfN4pYY24npMqNWi2_KkZzVNJpySeFQ6i0qTrYFDIXEyzMsNgWmV6mem3vHo_O--BRiQc2ESzCzU7MDoBMhKGa7uwTXTZlNRgJkF39imBaIplCanA3fkJbLffwsUvQy1qlboKNjE78AjycTgIb-OeQomFcm50y8ME_g" alt="متحف السرايا الحمراء" loading="lazy" class="atlas-popup-image"&gt;&lt;/div&gt;&lt;div class="atlas-popup-details"&gt;&lt;div&gt;&lt;strong&gt;الاسم بالإنجليزية:&lt;/strong&gt; Al saraya Alhamra Museum&lt;/div&gt;&lt;div&gt;&lt;strong&gt;التصنيف:&lt;/strong&gt; متحف&lt;/div&gt;&lt;div&gt;&lt;strong&gt;العنوان:&lt;/strong&gt; طرابلس/المدينة القديمة&lt;/div&gt;&lt;div&gt;&lt;strong&gt;الوصف:&lt;/strong&gt; متحف السرايا الحمراء&lt;/div&gt;&lt;/div&gt;&lt;/div&gt;</description><ExtendedData><Data name="atlas_id"><value>LY-OLD-TRIPOLI-00001</value></Data><Data name="name_en"><value>Al saraya Alhamra Museum</value></Data><Data name="category"><value>متحف</value></Data><Data name="address"><value>طرابلس/المدينة القديمة</value></Data><Data name="description"><value>متحف السرايا الحمراء</value></Data><Data name="image_count"><value>1</value></Data><Data name="source_file"><value>المدينة القديمة _طرابلس.kml</value></Data><Data name="images_json"><value>["/assets/images/old-tripoli/old-tripoli-LY-OLD-TRIPOLI-00001-01.png"]</value></Data><Data name="atlas_id"><value>LY-OLD-TRIPOLI-00001</value></Data><Data name="image_count"><value>1</value></Data><Data name="source_file"><value>المدينة القديمة _طرابلس.kml</value></Data><Data name="images_json"><value>["/assets/images/old-tripoli/old-tripoli-LY-OLD-TRIPOLI-00001-01.png"]</value></Data><Data name="atlas_id"><value>LY-TRI-000001</value></Data><Data name="layer_id"><value>old-tripoli</value></Data><Data name="layer_name_ar"><value>المدينة القديمة طرابلس</value></Data><Data name="layer_name_en"><value>Old Tripoli</value></Data><Data name="name_ar"><value>متحف السرايا الحمراء</value></Data><Data name="latitude"><value>32.8958861</value></Data><Data name="longitude"><value>13.1807868</value></Data><Data name="images_json"><value>["/assets/images/old-tripoli/old-tripoli-LY-OLD-TRIPOLI-00001-01.png"]</value></Data><Data name="image_count"><value>1</value></Data><Data name="source_file"><value>developed/old-tripoli-developed.kml</value></Data><Data name="source_placemark_index"><value>1</value></Data><Data name="data_quality_status"><value>ok</value></Data><Data name="source_media_url"><value>["https://lh3.googleusercontent.com/umsh/AN6v0v6zsTKnVVYm_L1g4InTEc6f8sC0BNiY5xrjqzsBCru10bIdxAF7BwuwNcVZb5Hi_bVH9CvBy9FrHxL7Crd9FcCC0N0kS4T3ArgLR1qjwG43_P0klEVu1EO7IG3NVyJL08049G4Kr1kAfBldLQfWdgLlIBYlfV_2_A5ylPccaqGc8GrZZHC8RHZ5TE9ptkLk-d6zb0uXCV8M_zKc3mu862EBPdUXUrzKhKVXMdg_XTnwdulV2Cql5pOH_mSIIfYiGA8TNnlPDx8Cbh6PZt-dAOSOWS9aWJlzuMAOAS0avx5iGmb3HJswcc9V-CUX5Dg0C6psZLMSRvgeBDik96HO6I49dHCl99ceFQYuNVC64Xnm72GN6_nU5zLnyzA0xz5IP8Odpckc5q93qCT94OskEgXldBIZRTuERD26re2xivC5e2oLtrkX7eHrz7jK8lz5u8B9itkx5nwuh9V6qEbMCsASbiFzDBf59F5CvCidZhHnj-_AEBwUu51LnooF9XR262x3TfDQ6gCF0SLTmFtjuJtYNp3NF35qstibUURuXfN4pYY24npMqNWi2_KkZzVNJpySeFQ6i0qTrYFDIXEyzMsNgWmV6mem3vHo_O--BRiQc2ESzCzU7MDoBMhKGa7uwTXTZlNRgJkF39imBaIplCanA3fkJbLffwsUvQy1qlboKNjE78AjycTgIb-OeQomFcm50y8ME_g"]</value></Data></ExtendedData><Point><coordinates>13.1807868,32.8958861,0</coordinates></Point></Placemark><Placemark><name>قلعة السرايا الحمراء</name><description>&lt;div class="atlas-popup" dir="rtl"&gt;&lt;h3&gt;قلعة السرايا الحمراء&lt;/h3&gt;&lt;div class="atlas-popup-gallery"&gt;&lt;img src="https://mymaps.usercontent.google.com/hostedimage/m/*/3AAjQbR5asdDvjLpmUX02Qtb8nrHmFJVUQfiN8HFtk1bLzDl0K6uLIY2Ge1tgQYc1JRnMjoKzRSkDwRWS4v1pl2O2Xntocrx_EzmbwIxFgOf8iU0U7sgK8JR-ysyhUbyyRmp7kL23wumjD9a-rbFybPEelNz_681wzr4LN1jbDcsM_mhALLD1JQ7qG-u0T4MH5CrLPC-pZQr2jw7Y6w-_EZXgVFhaw0A5-fRU5z1k9aUj1rA-foP98dWY97aPf1A?authuser=1&amp;amp;fife=s16383" alt="قلعة السرايا الحمراء" loading="lazy" class="atlas-popup-image"&gt;&lt;/div&gt;&lt;div class="atlas-popup-details"&gt;&lt;div&gt;&lt;strong&gt;الاسم بالإنجليزية:&lt;/strong&gt; The Red Castle&lt;/div&gt;&lt;div&gt;&lt;strong&gt;التصنيف:&lt;/strong&gt; معلم تاريخي&lt;/div&gt;&lt;div&gt;&lt;strong&gt;العنوان:&lt;/strong&gt; طرابلس /المدينة القديمة&lt;/div&gt;&lt;div&gt;&lt;strong&gt;الوصف:&lt;/strong&gt; قلعة السرايا الحمراء&lt;/div&gt;&lt;/div&gt;&lt;/div&gt;</description><ExtendedData><Data name="atlas_id"><value>LY-OLD-TRIPOLI-00002</value></Data><Data name="name_en"><value>The Red Castle</value></Data><Data name="category"><value>معلم تاريخي</value></Data><Data name="address"><value>طرابلس /المدينة القديمة</value></Data><Data name="description"><value>قلعة السرايا الحمراء</value></Data><Data name="image_count"><value>1</value></Data><Data name="source_file"><value>المدينة القديمة _طرابلس.kml</value></Data><Data name="images_json"><value>["/assets/images/old-tripoli/old-tripoli-LY-OLD-TRIPOLI-00002-01.png"]</value></Data><Data name="atlas_id"><value>LY-OLD-TRIPOLI-00002</value></Data><Data name="image_count"><value>1</value></Data><Data name="source_file"><value>المدينة القديمة _طرابلس.kml</value></Data><Data name="images_json"><value>["/assets/images/old-tripoli/old-tripoli-LY-OLD-TRIPOLI-00002-01.png"]</value></Data><Data name="atlas_id"><value>LY-TRI-000002</value></Data><Data name="layer_id"><value>old-tripoli</value></Data><Data name="layer_name_ar"><value>المدينة القديمة طرابلس</value></Data><Data name="layer_name_en"><value>Old Tripoli</value></Data><Data name="name_ar"><value>قلعة السرايا الحمراء</value></Data><Data name="latitude"><value>32.8960003</value></Data><Data name="longitude"><value>13.1805473</value></Data><Data name="images_json"><value>["/assets/images/old-tripoli/old-tripoli-LY-OLD-TRIPOLI-00002-01.png"]</value></Data><Data name="image_count"><value>1</value></Data><Data name="source_file"><value>developed/old-tripoli-developed.kml</value></Data><Data name="source_placemark_index"><value>2</value></Data><Data name="data_quality_status"><value>ok</value></Data><Data name="source_media_url"><value>["https://mymaps.usercontent.google.com/hostedimage/m/*/3AAjQbR5asdDvjLpmUX02Qtb8nrHmFJVUQfiN8HFtk1bLzDl0K6uLIY2Ge1tgQYc1JRnMjoKzRSkDwRWS4v1pl2O2Xntocrx_EzmbwIxFgOf8iU0U7sgK8JR-ysyhUbyyRmp7kL23wumjD9a-rbFybPEelNz_681wzr4LN1jbDcsM_mhALLD1JQ7qG-u0T4MH5CrLPC-pZQr2jw7Y6w-_EZXgVFhaw0A5-fRU5z1k9aUj1rA-foP98dWY97aPf1A?authuser=1&amp;fife=s16383"]</value></Data></ExtendedData><Point><coordinates>13.1805473,32.8960003,0</coordinates></Point></Placemark><Placemark><name>بحيرة السرايا الحمراء</name><description>&lt;div class="atlas-popup" dir="rtl"&gt;&lt;h3&gt;بحيرة السرايا الحمراء&lt;/h3&gt;&lt;div class="atlas-popup-gallery"&gt;&lt;img src="https://lh3.googleusercontent.com/umsh/AN6v0v4tfKmdpKvcXOUgUx_MKRfqbW9ZmWy2MUQerup-QuC-ZLN1XrZTLhZop91Y_RxFrZ4VVpI3BVjNqhOtPJtufM5m6QhD9oB-po1EaXF5qugBvKzJqWSZX0R54M4xmcIkEsXUZiUlK4X2r6sbKv-rQddOw554ac8nCW5zO2wY0iy_MZvGl33FWpiQRlfG7R1J97TdekBihi5gZSnp9iaTCjnq1IvIbpMawLxUnuIz3ypk4ERv90vEISK9IjBxQoAVJK8u-yOGcTdEoVH2mErtO8udj65ZRliSmAYXWHbDS0bDPgCv8TFavM3HEEujkttICWS7Vc3P5Zt1uU7zS_VK2QOIYHl5xbZCWhIi6iOkCPwIq2wHfauO4htE2injneaIoIdtLEQ3e-phS5nXSdGQrRNQ84VQ9Wslj8ueJ2bQPaC-qwDT4wQ9XwfuA2YVM6m0MbaYA4_qv4QfVjTWKdNKXJP4JlTc27zyzVs-O1NvJiVMMoW-_kVv96OdJ0py1jhRhP7ucjJekrtoutox7dfbxy-yAbVv6p2CbRWyK4QKmnQ6MlNRQBnbzS08LU93GMXQU3Q2BA3KHRjm1QQZVje3x5lzw59ECpC-6t9NghVorGl4ZlI_XnWZXKBkuHL9Qjt1JLwsiHDy_9bu4_OjwXoPUrITSzU9McMH4dumXNs-WYvhPORZqjv8TxjvZjzolwu6RreTeZ28vhw" alt="بحيرة السرايا الحمراء" loading="lazy" class="atlas-popup-image"&gt;&lt;img src="https://lh3.googleusercontent.com/umsh/AN6v0v62j0HMBzYyAAHPref11TclNt0jeuOBRCMYv9Pr2P20HttjUqILyn4WZfe23rT2QMTK5TyxQIvhTRWB67C7nFrbPkt1ObqNMF1iH5mt9-MLovOA5YZW8NLz6SQwpv7d61-ELI7FxXqnMzwF5nWQY7l3yKOINVW-V_UcMWDq7oYaW-LXZDK-UlotJIh8z8GhIConM7UU5gJRlLK8lpQ7zKBpchvgC_wU4Smg5y69oIzZmsICokMyhjxEfYWMGloBylRdl3IQuT8uW6OjT9TMsIyq5t-orIjYuiBtYm8JEP1TKi2TviF5kdGXVzz5IU4g761ndhhB9J5h_Xqr7lsj56fO3wMR2EZjOFXyE2sCg6IcIXFnnLq8_ne-ejUgo_pJmqWVmJVwEIJkQqs5zHF5VR3N-zTrk0kAohvI3wjqL0HBv_TrNDrEf9w0j8S_9BH1XAyHiSxIWtmaziz9uKz-BFXZ3Q-63MdhyD4ABBCxGO93bUG2hr6LfNPX0eTroPYxXLKFhWup0xOUnQklBhIp4L2cmmQbvp8GqcprJY9WE94iFmXh9_aFDz83oNuCnXCjVUerEXtSx2PkhWyEFQHmVzz1xWnmecuc4y3xIjx9i4fC1j0wfnQbl8GPLUHehSG3ufukBOtlAXFPz6iguDT1NliPcExMuHzt-_o0GK52ES1VHDrwgDyKAa4EaSYUFgmf5_JMQLhcKuY" alt="بحيرة السرايا الحمراء" loading="lazy" class="atlas-popup-image"&gt;&lt;img src="https://lh3.googleusercontent.com/umsh/AN6v0v5ePAXLtf8Jpzr9s1DybyciFPUT-ZAGCeMtiIvvdVbZtUtwWZIStrG5lkpr7HZFX73QTTBG474r_H5KD8qP5u13hC_PllXIONDTkujhxF9GrW9ZxDnG27wvX58psFh7DSwI1EbLaJo0JnsNAihf-vASovaazMvA0612ZuFPAui3makF8HB7ceNPO1XkPtDnNIW1dNYiinA1XBjz1DgVpiagEP5jiiOtApsXV1aKC4g1f_kBic4mfrVKzHEEGQmo3so_2h0m5I-qAL2pjjgH3T806fSlNVSG8QpQFLSwaV9SXylUhch7Br5HtHyRQTCMrZU2kvP9vbi_OP2JYL6WwwxUZFE96hEl6HGKueccA-ly2JxhPgpJ4GMp__oOQ_297XMZ3kItl7QAHZWCroIBRrfkxMSwKSefmN92ZLyX7UrsAX8rZkyDpB6bcLZXLMSPdVFReSVSOz8zrFWaxbBB_wcKPSO2crzgU5MDMsDYQEoxaxB0sSDv7kJkj7Tzqtg--bUOFJff7xKx9X4-0G020Wh_EfJW10AxJ3Eefjib3HiG2X7b-rM61F7hkcEYh0KvpuBjoyB2DApQKbBDMs4XfuBGFZh-ChtJzJCKChUuLqIHqetMqleJkqTcO7RTOGSvpb6huvQ-rDgxvzNb6jVWBfZrLpuqKuBwyvNNs-gTA4iwCBfbrF9Grv5ip26NHUdWnD8c4UqZVQ" alt="بحيرة السرايا الحمراء" loading="lazy" class="atlas-popup-image"&gt;&lt;img src="https://lh3.googleusercontent.com/umsh/AN6v0v6cbXqnUnnjdkbv7Kd6ch7BDgOs_9L2ne2w-R41flpVjCZrveSjHmcc5pfNnKHcgVSJMRSpZCEf1c17UErFxn661MCrC15JnlmV9NlC9bU-c0cOc77BSSwSm_CbK7Be-uiGEZZcBNBiVtIouq4fyBNbswRSJlyXl-GbNhbnzJIfPVX4Dn898grPWUAUXcXiT5oQMsti3tCWg-JP06s5q8KhXjujZlAbNO2T5rxHCbonw8yPfI4_XAIM0g9liefr9r-xpUj3mZunUBwaqbi9I8ibzcruGqQs04mD544BqmP4_C1-YTUmgCZgejLVUCOB7roMw0VQg5uxix-P9X93XASlRDnZyEx3MTATM26_xTmIHKxRPe4TiRUvv_drhOnBaPqUgBE-0Of1MwycbeYIQ8P-MW_ABSgsYbqWX5-OmyT3TJuiyd9SgYzqKayHlIa0m5D_umiDzs0pi8VxtffN9IKMXVgynR7h5hlShj4ORq8mfucjJXDqLN-2RrNDyzjrkGAfbTe9hJq5QpD0AP7hlNv_yRPsS40eiVaFeiEGpnssPM221IFe-L1dnymYLWV2BsW9fN3CHluaXoVoOPp02MKh_1B3COeso8CIuLQ1Z4gSpeWmfKuWIbGdKLtPOxmZb3-Oqf7sWhc1Pk_jrayY2UYYPuhVgSdNf9QWAJJ55vsyS__y16-E06XBhyEHqNsxLqkJDhPZMuc" alt="بحيرة السرايا الحمراء" loading="lazy" class="atlas-popup-image"&gt;&lt;/div&gt;&lt;div class="atlas-popup-details"&gt;&lt;div&gt;&lt;strong&gt;الاسم بالإنجليزية:&lt;/strong&gt; Assaraya Alhamra Lake&lt;/div&gt;&lt;div&gt;&lt;strong&gt;التصنيف:&lt;/strong&gt; بجيرة&lt;/div&gt;&lt;div&gt;&lt;strong&gt;العنوان:&lt;/strong&gt; طرابلس/المدينة القديمة&lt;/div&gt;&lt;div&gt;&lt;strong&gt;الوصف:&lt;/strong&gt; بحيرة السرايا الحمراء&lt;/div&gt;&lt;/div&gt;&lt;/div&gt;</description><ExtendedData><Data name="atlas_id"><value>LY-OLD-TRIPOLI-00003</value></Data><Data name="name_en"><value>Assaraya Alhamra Lake</value></Data><Data name="category"><value>بجيرة</value></Data><Data name="address"><value>طرابلس/المدينة القديمة</value></Data><Data name="description"><value>بحيرة السرايا الحمراء</value></Data><Data name="image_count"><value>4</value></Data><Data name="source_file"><value>المدينة القديمة _طرابلس.kml</value></Data><Data name="images_json"><value>["/assets/images/old-tripoli/old-tripoli-LY-OLD-TRIPOLI-00003-01.png","/assets/images/old-tripoli/old-tripoli-LY-OLD-TRIPOLI-00003-02.png","/assets/images/old-tripoli/old-tripoli-LY-OLD-TRIPOLI-00003-03.png","/assets/images/old-tripoli/old-tripoli-LY-OLD-TRIPOLI-00003-04.png"]</value></Data><Data name="atlas_id"><value>LY-OLD-TRIPOLI-00003</value></Data><Data name="image_count"><value>4</value></Data><Data name="source_file"><value>المدينة القديمة _طرابلس.kml</value></Data><Data name="images_json"><value>["/assets/images/old-tripoli/old-tripoli-LY-OLD-TRIPOLI-00003-01.png","/assets/images/old-tripoli/old-tripoli-LY-OLD-TRIPOLI-00003-02.png","/assets/images/old-tripoli/old-tripoli-LY-OLD-TRIPOLI-00003-03.png","/assets/images/old-tripoli/old-tripoli-LY-OLD-TRIPOLI-00003-04.png"]</value></Data><Data name="atlas_id"><value>LY-TRI-000003</value></Data><Data name="layer_id"><value>old-tripoli</value></Data><Data name="layer_name_ar"><value>المدينة القديمة طرابلس</value></Data><Data name="layer_name_en"><value>Old Tripoli</value></Data><Data name="name_ar"><value>بحيرة السرايا الحمراء</value></Data><Data name="latitude"><value>32.897264</value></Data><Data name="longitude"><value>13.181027</value></Data><Data name="images_json"><value>["/assets/images/old-tripoli/old-tripoli-LY-OLD-TRIPOLI-00003-01.png","/assets/images/old-tripoli/old-tripoli-LY-OLD-TRIPOLI-00003-02.png","/assets/images/old-tripoli/old-tripoli-LY-OLD-TRIPOLI-00003-03.png","/assets/images/old-tripoli/old-tripoli-LY-OLD-TRIPOLI-00003-04.png"]</value></Data><Data name="image_count"><value>4</value></Data><Data name="source_file"><value>developed/old-tripoli-developed.kml</value></Data><Data name="source_placemark_index"><value>3</value></Data><Data name="data_quality_status"><value>ok</value></Data><Data name="source_media_url"><value>["https://lh3.googleusercontent.com/umsh/AN6v0v4tfKmdpKvcXOUgUx_MKRfqbW9ZmWy2MUQerup-QuC-ZLN1XrZTLhZop91Y_RxFrZ4VVpI3BVjNqhOtPJtufM5m6QhD9oB-po1EaXF5qugBvKzJqWSZX0R54M4xmcIkEsXUZiUlK4X2r6sbKv-rQddOw554ac8nCW5zO2wY0iy_MZvGl33FWpiQRlfG7R1J97TdekBihi5gZSnp9iaTCjnq1IvIbpMawLxUnuIz3ypk4ERv90vEISK9IjBxQoAVJK8u-yOGcTdEoVH2mErtO8udj65ZRliSmAYXWHbDS0bDPgCv8TFavM3HEEujkttICWS7Vc3P5Zt1uU7zS_VK2QOIYHl5xbZCWhIi6iOkCPwIq2wHfauO4htE2injneaIoIdtLEQ3e-phS5nXSdGQrRNQ84VQ9Wslj8ueJ2bQPaC-qwDT4wQ9XwfuA2YVM6m0MbaYA4_qv4QfVjTWKdNKXJP4JlTc27zyzVs-O1NvJiVMMoW-_kVv96OdJ0py1jhRhP7ucjJekrtoutox7dfbxy-yAbVv6p2CbRWyK4QKmnQ6MlNRQBnbzS08LU93GMXQU3Q2BA3KHRjm1QQZVje3x5lzw59ECpC-6t9NghVorGl4ZlI_XnWZXKBkuHL9Qjt1JLwsiHDy_9bu4_OjwXoPUrITSzU9McMH4dumXNs-WYvhPORZqjv8TxjvZjzolwu6RreTeZ28vhw","https://lh3.googleusercontent.com/umsh/AN6v0v62j0HMBzYyAAHPref11TclNt0jeuOBRCMYv9Pr2P20HttjUqILyn4WZfe23rT2QMTK5TyxQIvhTRWB67C7nFrbPkt1ObqNMF1iH5mt9-MLovOA5YZW8NLz6SQwpv7d61-ELI7FxXqnMzwF5nWQY7l3yKOINVW-V_UcMWDq7oYaW-LXZDK-UlotJIh8z8GhIConM7UU5gJRlLK8lpQ7zKBpchvgC_wU4Smg5y69oIzZmsICokMyhjxEfYWMGloBylRdl3IQuT8uW6OjT9TMsIyq5t-orIjYuiBtYm8JEP1TKi2TviF5kdGXVzz5IU4g761ndhhB9J5h_Xqr7lsj56fO3wMR2EZjOFXyE2sCg6IcIXFnnLq8_ne-ejUgo_pJmqWVmJVwEIJkQqs5zHF5VR3N-zTrk0kAohvI3wjqL0HBv_TrNDrEf9w0j8S_9BH1XAyHiSxIWtmaziz9uKz-BFXZ3Q-63MdhyD4ABBCxGO93bUG2hr6LfNPX0eTroPYxXLKFhWup0xOUnQklBhIp4L2cmmQbvp8GqcprJY9WE94iFmXh9_aFDz83oNuCnXCjVUerEXtSx2PkhWyEFQHmVzz1xWnmecuc4y3xIjx9i4fC1j0wfnQbl8GPLUHehSG3ufukBOtlAXFPz6iguDT1NliPcExMuHzt-_o0GK52ES1VHDrwgDyKAa4EaSYUFgmf5_JMQLhcKuY","https://lh3.googleusercontent.com/umsh/AN6v0v5ePAXLtf8Jpzr9s1DybyciFPUT-ZAGCeMtiIvvdVbZtUtwWZIStrG5lkpr7HZFX73QTTBG474r_H5KD8qP5u13hC_PllXIONDTkujhxF9GrW9ZxDnG27wvX58psFh7DSwI1EbLaJo0JnsNAihf-vASovaazMvA0612ZuFPAui3makF8HB7ceNPO1XkPtDnNIW1dNYiinA1XBjz1DgVpiagEP5jiiOtApsXV1aKC4g1f_kBic4mfrVKzHEEGQmo3so_2h0m5I-qAL2pjjgH3T806fSlNVSG8QpQFLSwaV9SXylUhch7Br5HtHyRQTCMrZU2kvP9vbi_OP2JYL6WwwxUZFE96hEl6HGKueccA-ly2JxhPgpJ4GMp__oOQ_297XMZ3kItl7QAHZWCroIBRrfkxMSwKSefmN92ZLyX7UrsAX8rZkyDpB6bcLZXLMSPdVFReSVSOz8zrFWaxbBB_wcKPSO2crzgU5MDMsDYQEoxaxB0sSDv7kJkj7Tzqtg--bUOFJff7xKx9X4-0G020Wh_EfJW10AxJ3Eefjib3HiG2X7b-rM61F7hkcEYh0KvpuBjoyB2DApQKbBDMs4XfuBGFZh-ChtJzJCKChUuLqIHqetMqleJkqTcO7RTOGSvpb6huvQ-rDgxvzNb6jVWBfZrLpuqKuBwyvNNs-gTA4iwCBfbrF9Grv5ip26NHUdWnD8c4UqZVQ","https://lh3.googleusercontent.com/umsh/AN6v0v6cbXqnUnnjdkbv7Kd6ch7BDgOs_9L2ne2w-R41flpVjCZrveSjHmcc5pfNnKHcgVSJMRSpZCEf1c17UErFxn661MCrC15JnlmV9NlC9bU-c0cOc77BSSwSm_CbK7Be-uiGEZZcBNBiVtIouq4fyBNbswRSJlyXl-GbNhbnzJIfPVX4Dn898grPWUAUXcXiT5oQMsti3tCWg-JP06s5q8KhXjujZlAbNO2T5rxHCbonw8yPfI4_XAIM0g9liefr9r-xpUj3mZunUBwaqbi9I8ibzcruGqQs04mD544BqmP4_C1-YTUmgCZgejLVUCOB7roMw0VQg5uxix-P9X93XASlRDnZyEx3MTATM26_xTmIHKxRPe4TiRUvv_drhOnBaPqUgBE-0Of1MwycbeYIQ8P-MW_ABSgsYbqWX5-OmyT3TJuiyd9SgYzqKayHlIa0m5D_umiDzs0pi8VxtffN9IKMXVgynR7h5hlShj4ORq8mfucjJXDqLN-2RrNDyzjrkGAfbTe9hJq5QpD0AP7hlNv_yRPsS40eiVaFeiEGpnssPM221IFe-L1dnymYLWV2BsW9fN3CHluaXoVoOPp02MKh_1B3COeso8CIuLQ1Z4gSpeWmfKuWIbGdKLtPOxmZb3-Oqf7sWhc1Pk_jrayY2UYYPuhVgSdNf9QWAJJ55vsyS__y16-E06XBhyEHqNsxLqkJDhPZMuc"]</value></Data></ExtendedData><Point><coordinates>13.181027,32.897264,0</coordinates></Point></Placemark><Placemark><name>قوس ماركوس اوريليوس</name><description>&lt;div class="atlas-popup" dir="rtl"&gt;&lt;h3&gt;قوس ماركوس اوريليوس&lt;/h3&gt;&lt;div class="atlas-popup-gallery"&gt;&lt;img src="https://lh3.googleusercontent.com/umsh/AN6v0v77Ft_qJ12aBCG2oFaTLKTeOTBg_pkruHsqDtJoXjn1pG9LbpkIgfjzGfpYN85n5wJAB8FIh6hHH8-wzADoWIqwYbahObjnCyDBaeawWJ5Jw-3xCsK_S4ujQwKkTrHp_pnMV3xSDHYLF7pPwhlrb8wSz64Tfz7YM8n_JbWh8eWaaU-V3N4BB-zp199NOyeliHjCHZDKZdJmSdeUaN8rBZYVLNWBMipDrOyarxXzqnYmco18Bom2QnonvSZZnNLfmM_NbSTQW834fcncnYa0MRIEQ0yum3e5Opr_Scl_GdydbjPvW5IukSfCYj-9yUnjKWZVNflE4eJkvcUCaA7X7Kt3CsRIchj-sr34Q6VfTIyosq41ORvGAgEs0fvScUI0M_J9n1f6G1GTHy1Z9BswSPBfr05grDrQJw5bKM1i3ZSt8ZIcD_lY64apOO01vZE0kTUKSkV2h-IKSB1skr8hoxN7m-YabXQiMt0KhNaxC4nQycRdVS0mhg1UKhAOn-n_u8sR_dZXdMmT9Zqvs6EQgG-4n2GkmmeELq4vdhrbplpCBo_VnHTSS_xIKggyDZ-W1G6OEZ6qd02fc1c-Y8gZJbaZjCt9wZi5J6l5zA1NKImTOcpc1BBPVw1a0TpViwGlTauztnHZ9qnRhYn5qsOqafac8ezB98fP3fGG_ncG36wy1UbiUlDCRJjsN6BfVDoXbIuJE_Vf2EI" alt="قوس ماركوس اوريليوس" loading="lazy" class="atlas-popup-image"&gt;&lt;img src="https://mymaps.usercontent.google.com/hostedimage/m/*/3AAjQbR4kEYQCMPem7G7y04FPmmXhSqgyl1YGxLYg40-gJwda8Ka5YEOeXomeQXDM6RnReCQvOzoo-WUybqTXr9_iQObcJHV4ax2qf7FEi0lQdp8X5fYU9ttIAQF9u86ZIAFOZGPZSYU5AWU8bfyWX4fvi8BO7o89W4YgfIXD2K3fXu9yHiSmhsKFNONTJ3EGAPo9qE83XjygY5a1MVk8Ivlm8Z41-feZN3wbjlc_hbOYzo5ncRbB8Rd6ED0YW3o?authuser=1&amp;amp;fife=s16383" alt="قوس ماركوس اوريليوس" loading="lazy" class="atlas-popup-image"&gt;&lt;/div&gt;&lt;div class="atlas-popup-details"&gt;&lt;div&gt;&lt;strong&gt;الاسم بالإنجليزية:&lt;/strong&gt; Arch of Marcus Aurilus&lt;/div&gt;&lt;div&gt;&lt;strong&gt;التصنيف:&lt;/strong&gt; معلم اثري&lt;/div&gt;&lt;div&gt;&lt;strong&gt;العنوان:&lt;/strong&gt; طرابلس /المدينة القديمة&lt;/div&gt;&lt;div&gt;&lt;strong&gt;الوصف:&lt;/strong&gt; معلم تاريخي&lt;/div&gt;&lt;/div&gt;&lt;/div&gt;</description><ExtendedData><Data name="atlas_id"><value>LY-OLD-TRIPOLI-00004</value></Data><Data name="name_en"><value>Arch of Marcus Aurilus</value></Data><Data name="category"><value>معلم اثري</value></Data><Data name="address"><value>طرابلس /المدينة القديمة</value></Data><Data name="description"><value>معلم تاريخي</value></Data><Data name="image_count"><value>2</value></Data><Data name="source_file"><value>المدينة القديمة _طرابلس.kml</value></Data><Data name="images_json"><value>["/assets/images/old-tripoli/old-tripoli-LY-OLD-TRIPOLI-00004-01.png","/assets/images/old-tripoli/old-tripoli-LY-OLD-TRIPOLI-00004-02.png"]</value></Data><Data name="atlas_id"><value>LY-OLD-TRIPOLI-00004</value></Data><Data name="image_count"><value>2</value></Data><Data name="source_file"><value>المدينة القديمة _طرابلس.kml</value></Data><Data name="images_json"><value>["/assets/images/old-tripoli/old-tripoli-LY-OLD-TRIPOLI-00004-01.png","/assets/images/old-tripoli/old-tripoli-LY-OLD-TRIPOLI-00004-02.png"]</value></Data><Data name="atlas_id"><value>LY-TRI-000004</value></Data><Data name="layer_id"><value>old-tripoli</value></Data><Data name="layer_name_ar"><value>المدينة القديمة طرابلس</value></Data><Data name="layer_name_en"><value>Old Tripoli</value></Data><Data name="name_ar"><value>قوس ماركوس اوريليوس</value></Data><Data name="latitude"><value>32.9000001</value></Data><Data name="longitude"><value>13.1759973</value></Data><Data name="images_json"><value>["/assets/images/old-tripoli/old-tripoli-LY-OLD-TRIPOLI-00004-01.png","/assets/images/old-tripoli/old-tripoli-LY-OLD-TRIPOLI-00004-02.png"]</value></Data><Data name="image_count"><value>2</value></Data><Data name="source_file"><value>developed/old-tripoli-developed.kml</value></Data><Data name="source_placemark_index"><value>4</value></Data><Data name="data_quality_status"><value>ok</value></Data><Data name="source_media_url"><value>["https://lh3.googleusercontent.com/umsh/AN6v0v77Ft_qJ12aBCG2oFaTLKTeOTBg_pkruHsqDtJoXjn1pG9LbpkIgfjzGfpYN85n5wJAB8FIh6hHH8-wzADoWIqwYbahObjnCyDBaeawWJ5Jw-3xCsK_S4ujQwKkTrHp_pnMV3xSDHYLF7pPwhlrb8wSz64Tfz7YM8n_JbWh8eWaaU-V3N4BB-zp199NOyeliHjCHZDKZdJmSdeUaN8rBZYVLNWBMipDrOyarxXzqnYmco18Bom2QnonvSZZnNLfmM_NbSTQW834fcncnYa0MRIEQ0yum3e5Opr_Scl_GdydbjPvW5IukSfCYj-9yUnjKWZVNflE4eJkvcUCaA7X7Kt3CsRIchj-sr34Q6VfTIyosq41ORvGAgEs0fvScUI0M_J9n1f6G1GTHy1Z9BswSPBfr05grDrQJw5bKM1i3ZSt8ZIcD_lY64apOO01vZE0kTUKSkV2h-IKSB1skr8hoxN7m-YabXQiMt0KhNaxC4nQycRdVS0mhg1UKhAOn-n_u8sR_dZXdMmT9Zqvs6EQgG-4n2GkmmeELq4vdhrbplpCBo_VnHTSS_xIKggyDZ-W1G6OEZ6qd02fc1c-Y8gZJbaZjCt9wZi5J6l5zA1NKImTOcpc1BBPVw1a0TpViwGlTauztnHZ9qnRhYn5qsOqafac8ezB98fP3fGG_ncG36wy1UbiUlDCRJjsN6BfVDoXbIuJE_Vf2EI","https://mymaps.usercontent.google.com/hostedimage/m/*/3AAjQbR4kEYQCMPem7G7y04FPmmXhSqgyl1YGxLYg40-gJwda8Ka5YEOeXomeQXDM6RnReCQvOzoo-WUybqTXr9_iQObcJHV4ax2qf7FEi0lQdp8X5fYU9ttIAQF9u86ZIAFOZGPZSYU5AWU8bfyWX4fvi8BO7o89W4YgfIXD2K3fXu9yHiSmhsKFNONTJ3EGAPo9qE83XjygY5a1MVk8Ivlm8Z41-feZN3wbjlc_hbOYzo5ncRbB8Rd6ED0YW3o?authuser=1&amp;fife=s16383"]</value></Data></ExtendedData><Point><coordinates>13.1759973,32.9000001,0</coordinates></Point></Placemark><Placemark><name>حصن القديس يعقوب (السرايا الحمراء)</name><description>&lt;div class="atlas-popup" dir="rtl"&gt;&lt;h3&gt;حصن القديس يعقوب (السرايا الحمراء)&lt;/h3&gt;&lt;div class="atlas-popup-gallery"&gt;&lt;img src="https://mymaps.usercontent.google.com/hostedimage/m/*/3AAjQbR5ba-IbLiw73mKjLtGNPIGM7qRFQ1pwsqERN8YsYhpLcNJf-lTri5DoOpQOTvHQfeU1bwYn1SY_a4WoSpIYr8BOSaGRGRkCr1UMR6orj1ZCvPBQz3fzjyJApOvV5z0YmoncIa4YCXJixYEE9wIdtQTTMFWXPRzH-pgePxzI52x72j7y1sRl_5EpuGfNUwa3EebeyF4tdUyfkVnXvgmRuchLmzyube1Fi5H4I5AHeqmQsM6tMqQ0ko2aJFg?authuser=1&amp;amp;fife=s16383" alt="حصن القديس يعقوب (السرايا الحمراء)" loading="lazy" class="atlas-popup-image"&gt;&lt;/div&gt;&lt;div class="atlas-popup-details"&gt;&lt;div&gt;&lt;strong&gt;الاسم بالإنجليزية:&lt;/strong&gt; &amp;quot;Saint Yaqoub&lt;/div&gt;&lt;div&gt;&lt;strong&gt;التصنيف:&lt;/strong&gt; حصن اثري معماري&lt;/div&gt;&lt;div&gt;&lt;strong&gt;العنوان:&lt;/strong&gt; طرابلس/المدينة القديمة&lt;/div&gt;&lt;div&gt;&lt;strong&gt;الوصف:&lt;/strong&gt; حصن القديس يعقوب&lt;/div&gt;&lt;/div&gt;&lt;/div&gt;</description><ExtendedData><Data name="atlas_id"><value>LY-OLD-TRIPOLI-00005</value></Data><Data name="name_en"><value>"Saint Yaqoub</value></Data><Data name="category"><value>حصن اثري معماري</value></Data><Data name="address"><value>طرابلس/المدينة القديمة</value></Data><Data name="description"><value>حصن القديس يعقوب</value></Data><Data name="image_count"><value>1</value></Data><Data name="source_file"><value>المدينة القديمة _طرابلس.kml</value></Data><Data name="images_json"><value>["/assets/images/old-tripoli/old-tripoli-LY-OLD-TRIPOLI-00005-01.png"]</value></Data><Data name="atlas_id"><value>LY-OLD-TRIPOLI-00005</value></Data><Data name="image_count"><value>1</value></Data><Data name="source_file"><value>المدينة القديمة _طرابلس.kml</value></Data><Data name="images_json"><value>["/assets/images/old-tripoli/old-tripoli-LY-OLD-TRIPOLI-00005-01.png"]</value></Data><Data name="atlas_id"><value>LY-TRI-000005</value></Data><Data name="layer_id"><value>old-tripoli</value></Data><Data name="layer_name_ar"><value>المدينة القديمة طرابلس</value></Data><Data name="layer_name_en"><value>Old Tripoli</value></Data><Data name="name_ar"><value>حصن القديس يعقوب (السرايا الحمراء)</value></Data><Data name="latitude"><value>32.8962</value></Data><Data name="longitude"><value>13.179828</value></Data><Data name="images_json"><value>["/assets/images/old-tripoli/old-tripoli-LY-OLD-TRIPOLI-00005-01.png"]</value></Data><Data name="image_count"><value>1</value></Data><Data name="source_file"><value>developed/old-tripoli-developed.kml</value></Data><Data name="source_placemark_index"><value>5</value></Data><Data name="data_quality_status"><value>ok</value></Data><Data name="source_media_url"><value>["https://mymaps.usercontent.google.com/hostedimage/m/*/3AAjQbR5ba-IbLiw73mKjLtGNPIGM7qRFQ1pwsqERN8YsYhpLcNJf-lTri5DoOpQOTvHQfeU1bwYn1SY_a4WoSpIYr8BOSaGRGRkCr1UMR6orj1ZCvPBQz3fzjyJApOvV5z0YmoncIa4YCXJixYEE9wIdtQTTMFWXPRzH-pgePxzI52x72j7y1sRl_5EpuGfNUwa3EebeyF4tdUyfkVnXvgmRuchLmzyube1Fi5H4I5AHeqmQsM6tMqQ0ko2aJFg?authuser=1&amp;fife=s16383"]</value></Data></ExtendedData><Point><coordinates>13.179828,32.8962,0</coordinates></Point></Placemark><Placemark><name>برج "القديس جورج"</name><description>&lt;div class="atlas-popup" dir="rtl"&gt;&lt;h3&gt;برج &amp;quot;القديس جورج&amp;quot;&lt;/h3&gt;&lt;div class="atlas-popup-gallery"&gt;&lt;img src="https://lh3.googleusercontent.com/umsh/AN6v0v4lAAyLWwQBe0HjE3UT16X8EYzWye6CcSoUcScQZmjh-3uza_CRxxmstjUjsGARpPFJuII6xeACuak1j97XHtOiT-Pe2qkGu3T1VHJWQTxL5fo2G9BfLpMhzX9kA8ebbUKYocgZHQt2ws5amur2UOS6tGc-02fvXErkrMD9Lx1veKuLkXw1AmnW2RJb8GK2162SonhYgvs39gAApmfqn_l3Yo7xE9h6Dz6L8_w04w0feVi5nND0G8tBzGRvKcsX3GfbHDxLpSBJky8x_uUcLB6MBHy4a7bstefjv3JmEwNSsCdJK1aPpzJOzvS60ilV4JHsOQ9Mti_iEA2Eycl1G8HHGolBhZLkkh5kg3EKPliw3zqDl_vXlRWYzaLmca3HdGn44kPmWK0lZe_h3YUT1RBC3fiKsBW4d-j4Y4CxeZs67VMJN9o77Xjn_GAEfnZY4AYl-SBRPnoMaxllcdQ2Ygz3rf6Chj76lwlBNpw-xGGVJLnjiA3my-yfj79iVYZ2zbovAZgmzMyrZtwRHtPc0LuldVf1rxfQqT8e_IbTzLWcvtm1BPgrWzvZVKJv_ySm4akCFOqE4L7xtgzDk_NFwHPw6yXnhsGOnikufoVlih6ueBc0uyzCsfRKZ2PdzIW00WRtqAS1hUcAuYuYd8IIdMTk6kjD58bwPZsd3WYCnBd2dE9IZzPxps8UfNt1HX2O4mkzYfLV9Q" alt="برج &amp;quot;القديس جورج&amp;quot;" loading="lazy" class="atlas-popup-image"&gt;&lt;/div&gt;&lt;div class="atlas-popup-details"&gt;&lt;div&gt;&lt;strong&gt;الاسم بالإنجليزية:&lt;/strong&gt; &amp;quot;Saint George&amp;#x27;&amp;#x27; Tower&lt;/div&gt;&lt;div&gt;&lt;strong&gt;التصنيف:&lt;/strong&gt; معلم اثري تاريخي&lt;/div&gt;&lt;div&gt;&lt;strong&gt;العنوان:&lt;/strong&gt; طرابلس/المدينة القديمة&lt;/div&gt;&lt;div&gt;&lt;strong&gt;الوصف:&lt;/strong&gt; برج &amp;quot;القديس جورج&amp;quot;&lt;/div&gt;&lt;/div&gt;&lt;/div&gt;</description><ExtendedData><Data name="atlas_id"><value>LY-OLD-TRIPOLI-00006</value></Data><Data name="name_en"><value>"Saint George'' Tower</value></Data><Data name="category"><value>معلم اثري تاريخي</value></Data><Data name="address"><value>طرابلس/المدينة القديمة</value></Data><Data name="description"><value>برج "القديس جورج"</value></Data><Data name="image_count"><value>1</value></Data><Data name="source_file"><value>المدينة القديمة _طرابلس.kml</value></Data><Data name="images_json"><value>["/assets/images/old-tripoli/old-tripoli-LY-OLD-TRIPOLI-00006-01.png"]</value></Data><Data name="atlas_id"><value>LY-OLD-TRIPOLI-00006</value></Data><Data name="image_count"><value>1</value></Data><Data name="source_file"><value>المدينة القديمة _طرابلس.kml</value></Data><Data name="images_json"><value>["/assets/images/old-tripoli/old-tripoli-LY-OLD-TRIPOLI-00006-01.png"]</value></Data><Data name="atlas_id"><value>LY-TRI-000006</value></Data><Data name="layer_id"><value>old-tripoli</value></Data><Data name="layer_name_ar"><value>المدينة القديمة طرابلس</value></Data><Data name="layer_name_en"><value>Old Tripoli</value></Data><Data name="name_ar"><value>برج &quot;القديس جورج&quot;</value></Data><Data name="latitude"><value>32.895227</value></Data><Data name="longitude"><value>13.180496</value></Data><Data name="images_json"><value>["/assets/images/old-tripoli/old-tripoli-LY-OLD-TRIPOLI-00006-01.png"]</value></Data><Data name="image_count"><value>1</value></Data><Data name="source_file"><value>developed/old-tripoli-developed.kml</value></Data><Data name="source_placemark_index"><value>6</value></Data><Data name="data_quality_status"><value>ok</value></Data><Data name="source_media_url"><value>["https://lh3.googleusercontent.com/umsh/AN6v0v4lAAyLWwQBe0HjE3UT16X8EYzWye6CcSoUcScQZmjh-3uza_CRxxmstjUjsGARpPFJuII6xeACuak1j97XHtOiT-Pe2qkGu3T1VHJWQTxL5fo2G9BfLpMhzX9kA8ebbUKYocgZHQt2ws5amur2UOS6tGc-02fvXErkrMD9Lx1veKuLkXw1AmnW2RJb8GK2162SonhYgvs39gAApmfqn_l3Yo7xE9h6Dz6L8_w04w0feVi5nND0G8tBzGRvKcsX3GfbHDxLpSBJky8x_uUcLB6MBHy4a7bstefjv3JmEwNSsCdJK1aPpzJOzvS60ilV4JHsOQ9Mti_iEA2Eycl1G8HHGolBhZLkkh5kg3EKPliw3zqDl_vXlRWYzaLmca3HdGn44kPmWK0lZe_h3YUT1RBC3fiKsBW4d-j4Y4CxeZs67VMJN9o77Xjn_GAEfnZY4AYl-SBRPnoMaxllcdQ2Ygz3rf6Chj76lwlBNpw-xGGVJLnjiA3my-yfj79iVYZ2zbovAZgmzMyrZtwRHtPc0LuldVf1rxfQqT8e_IbTzLWcvtm1BPgrWzvZVKJv_ySm4akCFOqE4L7xtgzDk_NFwHPw6yXnhsGOnikufoVlih6ueBc0uyzCsfRKZ2PdzIW00WRtqAS1hUcAuYuYd8IIdMTk6kjD58bwPZsd3WYCnBd2dE9IZzPxps8UfNt1HX2O4mkzYfLV9Q"]</value></Data></ExtendedData><Point><coordinates>13.180496,32.895227,0</coordinates></Point></Placemark><Placemark><name>برج الساعة</name><description>&lt;div class="atlas-popup" dir="rtl"&gt;&lt;h3&gt;برج الساعة&lt;/h3&gt;&lt;div class="atlas-popup-gallery"&gt;&lt;img src="https://lh3.googleusercontent.com/umsh/AN6v0v5VqUkGms-HDWdnpzyxaR457_Ip7-lRX51rZ7PUUcJ54kvuX2M9m4q-xzLW6s1ZDWhcRea38fDsvKzopxv6XpJoBVl4ThWXGdJlM0qpv7UB6EEqMhwougHJsUsQx8QGOiNBVSdFU-KV0TIvJeNA9tL_kETHBl2FoMSYZ1B9m9C1PAGqUxsXeFVyRZce28AkmCJMygatDyEllegyw0vqNhrPR3BkmjVfatufrxzOCB36B7HqHcNx3yT0TlnShorXGVYjEkml63jW8jTdPQqFTJWj55k6z7sdRUatVlBhvjhiVsvbmV1kQFr5yQF6GaHKLcptS7CGwc-sHFVt30RUckJma_NrmIdHqxEpgUA8MC28cx1vkvb9jolTw66V57jDA0tNP1Se3_afMVwlpxeuRRXV6oBv6i0GGUXEiy5UfJVGFxAi6IzF634GiDaCo_B8cJDxQXFuDa4LfjoicOwFM7Sfn5TLPQfFkuNyvnrbWcKfGE-PQThZS6_xqCQxWnE0Y4Sm3GCHPuhqyFke3Ks1xLJX_2W1Zz6AA60_YEvbWFyPAPeDlOpB72w0iWzG7BcMM343asRy_hImfHM7QCvVZJW9G-sUb8cOz437U-CeN2Tx8Mi1hRi2YdVcqBYJPt-6W38pzWgDas0nRulJyEUaxyJ2k3vgEYp_k-mjIbITT2ShG7DSWQl6lMhiwhYguIO5nOYhWlXZ5A" alt="برج الساعة" loading="lazy" class="atlas-popup-image"&gt;&lt;img src="https://lh3.googleusercontent.com/umsh/AN6v0v7HT9X3DOxJmIYXbjleXTQ-TZnGSqRDh-L0K_1ATDWmYDjz3pVvYm8svFEHKGr4ZfxC_MhWGHByxwUZBHsTL4u-WO59IKo5o4xNqV3c2pc8DsVgq6p42sn_qCS78pAos8utPoMCO-MzYgrL-nCj_gy4a69wwXx2YN1L3SVOdfsjEgJ4clmsB41ypr5hbabRbd7GxwjssJWQe65YCCISKKcwTP0BeqtQAxmRd-8GWcR7brtUjl-xUx7qnBu4lTP05HDpWMNgd0vwruQ1sNAW6vOI8zyo7nOZM8YVRJ_lBBRqNcjYs1tRkctLUPWzALZeb3E18PdV0171jc0iNOmEjI5AgMuWAn2HJu8JnmTgmATuNSUzAHuRb0KP1nFu4P--byuams3RGzgtMI7WHhXHj4u4Rm0utVr1yVay67Uda8CynM0NRT_3tJQbddP0-FjgMB0ScuGA3b34Ag6IKjayAx2gcBNRlZd5bwOrMYCOtQ70lBrjLviEeg-puYGP9aVU6wl5EboY0SbM1iZxuWwMk--FYWdzqD_G-KgjK1hnhJg0OnrXfQxXo-JjvNcsKZVHslNT7JGyKtMsTe2QG3aSiDw36n3-XWMMPUvMH_auxkslbctwHbsP3QYR3EA8hXHzY8kXzpF7NlgYYI7ce9MFmheCawSWeZQtx_9QeF-2dBjeivrr1WaJb8jk9ndlcoOZPoBXmcbqgA" alt="برج الساعة" loading="lazy" class="atlas-popup-image"&gt;&lt;/div&gt;&lt;div class="atlas-popup-details"&gt;&lt;div&gt;&lt;strong&gt;الاسم بالإنجليزية:&lt;/strong&gt; The Clock Tower&lt;/div&gt;&lt;div&gt;&lt;strong&gt;التصنيف:&lt;/strong&gt; معلم اثري&lt;/div&gt;&lt;div&gt;&lt;strong&gt;العنوان:&lt;/strong&gt; طرابلس/المدينة القديمة&lt;/div&gt;&lt;div&gt;&lt;strong&gt;الوصف:&lt;/strong&gt; برج الساعة&lt;/div&gt;&lt;/div&gt;&lt;/div&gt;</description><ExtendedData><Data name="atlas_id"><value>LY-OLD-TRIPOLI-00007</value></Data><Data name="name_en"><value>The Clock Tower</value></Data><Data name="category"><value>معلم اثري</value></Data><Data name="address"><value>طرابلس/المدينة القديمة</value></Data><Data name="description"><value>برج الساعة</value></Data><Data name="image_count"><value>2</value></Data><Data name="source_file"><value>المدينة القديمة _طرابلس.kml</value></Data><Data name="images_json"><value>["/assets/images/old-tripoli/old-tripoli-LY-OLD-TRIPOLI-00007-01.png","/assets/images/old-tripoli/old-tripoli-LY-OLD-TRIPOLI-00007-02.png"]</value></Data><Data name="atlas_id"><value>LY-OLD-TRIPOLI-00007</value></Data><Data name="image_count"><value>2</value></Data><Data name="source_file"><value>المدينة القديمة _طرابلس.kml</value></Data><Data name="images_json"><value>["/assets/images/old-tripoli/old-tripoli-LY-OLD-TRIPOLI-00007-01.png","/assets/images/old-tripoli/old-tripoli-LY-OLD-TRIPOLI-00007-02.png"]</value></Data><Data name="atlas_id"><value>LY-TRI-000007</value></Data><Data name="layer_id"><value>old-tripoli</value></Data><Data name="layer_name_ar"><value>المدينة القديمة طرابلس</value></Data><Data name="layer_name_en"><value>Old Tripoli</value></Data><Data name="name_ar"><value>برج الساعة</value></Data><Data name="latitude"><value>32.896196</value></Data><Data name="longitude"><value>13.179058</value></Data><Data name="images_json"><value>["/assets/images/old-tripoli/old-tripoli-LY-OLD-TRIPOLI-00007-01.png","/assets/images/old-tripoli/old-tripoli-LY-OLD-TRIPOLI-00007-02.png"]</value></Data><Data name="image_count"><value>2</value></Data><Data name="source_file"><value>developed/old-tripoli-developed.kml</value></Data><Data name="source_placemark_index"><value>7</value></Data><Data name="data_quality_status"><value>ok</value></Data><Data name="source_media_url"><value>["https://lh3.googleusercontent.com/umsh/AN6v0v5VqUkGms-HDWdnpzyxaR457_Ip7-lRX51rZ7PUUcJ54kvuX2M9m4q-xzLW6s1ZDWhcRea38fDsvKzopxv6XpJoBVl4ThWXGdJlM0qpv7UB6EEqMhwougHJsUsQx8QGOiNBVSdFU-KV0TIvJeNA9tL_kETHBl2FoMSYZ1B9m9C1PAGqUxsXeFVyRZce28AkmCJMygatDyEllegyw0vqNhrPR3BkmjVfatufrxzOCB36B7HqHcNx3yT0TlnShorXGVYjEkml63jW8jTdPQqFTJWj55k6z7sdRUatVlBhvjhiVsvbmV1kQFr5yQF6GaHKLcptS7CGwc-sHFVt30RUckJma_NrmIdHqxEpgUA8MC28cx1vkvb9jolTw66V57jDA0tNP1Se3_afMVwlpxeuRRXV6oBv6i0GGUXEiy5UfJVGFxAi6IzF634GiDaCo_B8cJDxQXFuDa4LfjoicOwFM7Sfn5TLPQfFkuNyvnrbWcKfGE-PQThZS6_xqCQxWnE0Y4Sm3GCHPuhqyFke3Ks1xLJX_2W1Zz6AA60_YEvbWFyPAPeDlOpB72w0iWzG7BcMM343asRy_hImfHM7QCvVZJW9G-sUb8cOz437U-CeN2Tx8Mi1hRi2YdVcqBYJPt-6W38pzWgDas0nRulJyEUaxyJ2k3vgEYp_k-mjIbITT2ShG7DSWQl6lMhiwhYguIO5nOYhWlXZ5A","https://lh3.googleusercontent.com/umsh/AN6v0v7HT9X3DOxJmIYXbjleXTQ-TZnGSqRDh-L0K_1ATDWmYDjz3pVvYm8svFEHKGr4ZfxC_MhWGHByxwUZBHsTL4u-WO59IKo5o4xNqV3c2pc8DsVgq6p42sn_qCS78pAos8utPoMCO-MzYgrL-nCj_gy4a69wwXx2YN1L3SVOdfsjEgJ4clmsB41ypr5hbabRbd7GxwjssJWQe65YCCISKKcwTP0BeqtQAxmRd-8GWcR7brtUjl-xUx7qnBu4lTP05HDpWMNgd0vwruQ1sNAW6vOI8zyo7nOZM8YVRJ_lBBRqNcjYs1tRkctLUPWzALZeb3E18PdV0171jc0iNOmEjI5AgMuWAn2HJu8JnmTgmATuNSUzAHuRb0KP1nFu4P--byuams3RGzgtMI7WHhXHj4u4Rm0utVr1yVay67Uda8CynM0NRT_3tJQbddP0-FjgMB0ScuGA3b34Ag6IKjayAx2gcBNRlZd5bwOrMYCOtQ70lBrjLviEeg-puYGP9aVU6wl5EboY0SbM1iZxuWwMk--FYWdzqD_G-KgjK1hnhJg0OnrXfQxXo-JjvNcsKZVHslNT7JGyKtMsTe2QG3aSiDw36n3-XWMMPUvMH_auxkslbctwHbsP3QYR3EA8hXHzY8kXzpF7NlgYYI7ce9MFmheCawSWeZQtx_9QeF-2dBjeivrr1WaJb8jk9ndlcoOZPoBXmcbqgA"]</value></Data></ExtendedData><Point><coordinates>13.179058,32.896196,0</coordinates></Point></Placemark><Placemark><name>المكتبة الطرابلسية</name><description>&lt;div class="atlas-popup" dir="rtl"&gt;&lt;h3&gt;المكتبة الطرابلسية&lt;/h3&gt;&lt;div class="atlas-popup-gallery"&gt;&lt;img src="https://lh3.googleusercontent.com/umsh/AN6v0v5J0t5gP4mGpxJXtpxFT3cJE4_o3SCWZ67VzDWobf9gMP7m9GeLOL1KKvqqfJh5lhBaPBHRLFs2uQfbMtT7t3e3r-qmp7kQjvgH24-FvcJkaHHb5FYCIINZFNPly3QspQlWWrBZ1ybxwfu5_cgrGVU6xQY0T6uqv8lYKcXvRFsS1mWcn9BmHKAZ1MFzhzUL06nqKXRwc33Gl5osPHwO60Ca7DUM5Yi7eMwv5JYYJk_S1zeXHoxWbHLtinEauZ8MZboG5vkSCyvcDpkU2sJGr-MMMfHPFy-TQPAKJSh7U36i0yawyeSfyzTLb-aqxHgPAAUf7vI0hORQMG_58F5Ysf5KwyYEeLZ2p5Monr7wNYoDbUsGpGnIRjYvaNBpS8jGYODnx22y-NvM47QifO5gh5Qt-soOKPpDrUMAGZmTAQNi759GifH2pYjdDqtQWvs2_1Vh1OYRUi3S8aSBSRocCdeIcmK31ksbKXb3bkT-GZO3YHnfv_c6iNTZJmfxug1qQH0A7Dpm_v728mKogorV_bXqZS3nqUCePFaXBupIbjIN0jo5mvjGX5xp49B8z1wTs5lkfTqfCo1JIFN40IiXpputO1OETw6a3m5tpZMYN6r68Cszf7mCGwG_yNvEhLhRsD8smlLR-WMq5q1EcAr3g3dfRD1G8K8ox7OxaEBeN_TqMxz_8JrSl7y5CxPZhluSx3grt0qnEvo" alt="المكتبة الطرابلسية" loading="lazy" class="atlas-popup-image"&gt;&lt;img src="https://lh3.googleusercontent.com/umsh/AN6v0v7dsGlYkfGrxLtCm2kbfnaZwHWzwAwS15O0Ldry-AT-LCZzDkTFWyBPLAUP_ZhYf6HRhD4hraUpsPdcuroOH5aIzna3xGTYCRLNo7Dat721UloEf1rfAVBQGdQpY7tgNTtX1Qfa1LtKivlFBlyy1vTxPuhkkBAh6krY9WzIJ8QHdsImoPwR00ggKSSJIVx-523ItkB0BSlMXXAQULVC57bozYLkMkoBko56zfSCJlo0F-AAPXiC0jIHCNVtUA6lzd4q4pvlVGCF5yv9lHIlDNl9_T-KFVrY-oJv899TqMQcNY33hK37qqlBlbtQVUmOzxEz94PqR5DD4U7D2c6KHDzqKy0qh74JdVNhi8sK2JDheuvQg5fPeHPG7XiuQIVuwrXg9JefOqgQPyioW6DMFmNWcT5feGuaHxt7lq3F7SjxlrTdqB1lgJGYuC-_hHeUypzC0iNNBm8Jou4gyRVuokvczR9Fwtazoe9IM6yOZmLmP7D6hq8E7vuv58vtVZkvyT0PaSnQsRznyQyXUDd9ahGLZ1eH7GrLyoBrzQrDheWjzB4gb0wtatYQ6CaTRA-On92m8hglkHlSmI7yiBytIYBtmxPOxTct0cxBafCYpP2A53YcyS_0S_rTjXH578hAJf1yMnXkxOc_DSKMvu2_f4riv4pBnHHnfv9lN2WdJBg-Ut3c42j0kZPX1M-eKwHhyY1ZNyisVvs" alt="المكتبة الطرابلسية" loading="lazy" class="atlas-popup-image"&gt;&lt;img src="https://lh3.googleusercontent.com/umsh/AN6v0v6oB6qaO5x7-XIw_UwBUHdeCR0qK7NGq8ERgQbBFa3lM8B0F3Dq-YbLaoarFaKXkItHasIKGgOnxPliTWVWWAbrrl1Jv08WXGVFRQ0SNrikNlf9OHrFfAT1B7ZN3qn825I2MWegQPPnu1o3-CO9Gwo7RjhwCNI_VTTDcm1EmIDzh8PIT46hcjeP3Vnf9KEECOOsVKmhZnuVIC4yMHENbf6doFyHaQ6rTktovSbbxgAIBdpBLjA4Zx4RXiioZ32ggeE8ODhXfF-Jfx7-1tYry8AMK_PjZTJEdAAcLFrl4WAvU3mC8llUvDHugPJwI7i_ybRryDAkbNWO-PxPKxZqsSELRzFwTt0sOC4KineX0SshDITZ_JEveXKQo-7_YUR8ls0kNTj3HSl0H2PHAp1G-FP1LbFZagIrXatRAHGcLIxDOVyvZ7Kre3ynMFrlp7KYKXCg_oHii-d47ZQfG_RJIji23Cr5jZIDQ2KIc38yUhJMKkQpgxK3ZMB3Szz6D62c4S0JKVmszHB7aovU2Weh1bojZ9K9ueyHqepX7_APucD8_xvQ6m_WaowTrlIqLXWwBaD7ibHCI26VCpQ9S4fyEQzsmtQetRUYSk1-Gz4AUE-4TVzEHngC20FZuJvax79y1oRRkF-eUtp6-9WbCFJnxHk96XYhymOmjQNOQOu6FjQ9YlECVZwKDxPCILU44Cpfqm7f7K-uIzs" alt="المكتبة الطرابلسية" loading="lazy" class="atlas-popup-image"&gt;&lt;/div&gt;&lt;div class="atlas-popup-details"&gt;&lt;div&gt;&lt;strong&gt;الاسم بالإنجليزية:&lt;/strong&gt; Library of Tripoli&lt;/div&gt;&lt;div&gt;&lt;strong&gt;التصنيف:&lt;/strong&gt; مكتبة قديمة محدثة&lt;/div&gt;&lt;div&gt;&lt;strong&gt;العنوان:&lt;/strong&gt; طرابلس/المدينة القديمة&lt;/div&gt;&lt;div&gt;&lt;strong&gt;الوصف:&lt;/strong&gt; المكتبة الطرابلسية&lt;/div&gt;&lt;/div&gt;&lt;/div&gt;</description><ExtendedData><Data name="atlas_id"><value>LY-OLD-TRIPOLI-00008</value></Data><Data name="name_en"><value>Library of Tripoli</value></Data><Data name="category"><value>مكتبة قديمة محدثة</value></Data><Data name="address"><value>طرابلس/المدينة القديمة</value></Data><Data name="description"><value>المكتبة الطرابلسية</value></Data><Data name="image_count"><value>3</value></Data><Data name="source_file"><value>المدينة القديمة _طرابلس.kml</value></Data><Data name="images_json"><value>["/assets/images/old-tripoli/old-tripoli-LY-OLD-TRIPOLI-00008-01.png","/assets/images/old-tripoli/old-tripoli-LY-OLD-TRIPOLI-00008-02.png","/assets/images/old-tripoli/old-tripoli-LY-OLD-TRIPOLI-00008-03.png"]</value></Data><Data name="atlas_id"><value>LY-OLD-TRIPOLI-00008</value></Data><Data name="image_count"><value>3</value></Data><Data name="source_file"><value>المدينة القديمة _طرابلس.kml</value></Data><Data name="images_json"><value>["/assets/images/old-tripoli/old-tripoli-LY-OLD-TRIPOLI-00008-01.png","/assets/images/old-tripoli/old-tripoli-LY-OLD-TRIPOLI-00008-02.png","/assets/images/old-tripoli/old-tripoli-LY-OLD-TRIPOLI-00008-03.png"]</value></Data><Data name="atlas_id"><value>LY-TRI-000008</value></Data><Data name="layer_id"><value>old-tripoli</value></Data><Data name="layer_name_ar"><value>المدينة القديمة طرابلس</value></Data><Data name="layer_name_en"><value>Old Tripoli</value></Data><Data name="name_ar"><value>المكتبة الطرابلسية</value></Data><Data name="latitude"><value>32.898942</value></Data><Data name="longitude"><value>13.176059</value></Data><Data name="images_json"><value>["/assets/images/old-tripoli/old-tripoli-LY-OLD-TRIPOLI-00008-01.png","/assets/images/old-tripoli/old-tripoli-LY-OLD-TRIPOLI-00008-02.png","/assets/images/old-tripoli/old-tripoli-LY-OLD-TRIPOLI-00008-03.png"]</value></Data><Data name="image_count"><value>3</value></Data><Data name="source_file"><value>developed/old-tripoli-developed.kml</value></Data><Data name="source_placemark_index"><value>8</value></Data><Data name="data_quality_status"><value>ok</value></Data><Data name="source_media_url"><value>["https://lh3.googleusercontent.com/umsh/AN6v0v5J0t5gP4mGpxJXtpxFT3cJE4_o3SCWZ67VzDWobf9gMP7m9GeLOL1KKvqqfJh5lhBaPBHRLFs2uQfbMtT7t3e3r-qmp7kQjvgH24-FvcJkaHHb5FYCIINZFNPly3QspQlWWrBZ1ybxwfu5_cgrGVU6xQY0T6uqv8lYKcXvRFsS1mWcn9BmHKAZ1MFzhzUL06nqKXRwc33Gl5osPHwO60Ca7DUM5Yi7eMwv5JYYJk_S1zeXHoxWbHLtinEauZ8MZboG5vkSCyvcDpkU2sJGr-MMMfHPFy-TQPAKJSh7U36i0yawyeSfyzTLb-aqxHgPAAUf7vI0hORQMG_58F5Ysf5KwyYEeLZ2p5Monr7wNYoDbUsGpGnIRjYvaNBpS8jGYODnx22y-NvM47QifO5gh5Qt-soOKPpDrUMAGZmTAQNi759GifH2pYjdDqtQWvs2_1Vh1OYRUi3S8aSBSRocCdeIcmK31ksbKXb3bkT-GZO3YHnfv_c6iNTZJmfxug1qQH0A7Dpm_v728mKogorV_bXqZS3nqUCePFaXBupIbjIN0jo5mvjGX5xp49B8z1wTs5lkfTqfCo1JIFN40IiXpputO1OETw6a3m5tpZMYN6r68Cszf7mCGwG_yNvEhLhRsD8smlLR-WMq5q1EcAr3g3dfRD1G8K8ox7OxaEBeN_TqMxz_8JrSl7y5CxPZhluSx3grt0qnEvo","https://lh3.googleusercontent.com/umsh/AN6v0v7dsGlYkfGrxLtCm2kbfnaZwHWzwAwS15O0Ldry-AT-LCZzDkTFWyBPLAUP_ZhYf6HRhD4hraUpsPdcuroOH5aIzna3xGTYCRLNo7Dat721UloEf1rfAVBQGdQpY7tgNTtX1Qfa1LtKivlFBlyy1vTxPuhkkBAh6krY9WzIJ8QHdsImoPwR00ggKSSJIVx-523ItkB0BSlMXXAQULVC57bozYLkMkoBko56zfSCJlo0F-AAPXiC0jIHCNVtUA6lzd4q4pvlVGCF5yv9lHIlDNl9_T-KFVrY-oJv899TqMQcNY33hK37qqlBlbtQVUmOzxEz94PqR5DD4U7D2c6KHDzqKy0qh74JdVNhi8sK2JDheuvQg5fPeHPG7XiuQIVuwrXg9JefOqgQPyioW6DMFmNWcT5feGuaHxt7lq3F7SjxlrTdqB1lgJGYuC-_hHeUypzC0iNNBm8Jou4gyRVuokvczR9Fwtazoe9IM6yOZmLmP7D6hq8E7vuv58vtVZkvyT0PaSnQsRznyQyXUDd9ahGLZ1eH7GrLyoBrzQrDheWjzB4gb0wtatYQ6CaTRA-On92m8hglkHlSmI7yiBytIYBtmxPOxTct0cxBafCYpP2A53YcyS_0S_rTjXH578hAJf1yMnXkxOc_DSKMvu2_f4riv4pBnHHnfv9lN2WdJBg-Ut3c42j0kZPX1M-eKwHhyY1ZNyisVvs","https://lh3.googleusercontent.com/umsh/AN6v0v6oB6qaO5x7-XIw_UwBUHdeCR0qK7NGq8ERgQbBFa3lM8B0F3Dq-YbLaoarFaKXkItHasIKGgOnxPliTWVWWAbrrl1Jv08WXGVFRQ0SNrikNlf9OHrFfAT1B7ZN3qn825I2MWegQPPnu1o3-CO9Gwo7RjhwCNI_VTTDcm1EmIDzh8PIT46hcjeP3Vnf9KEECOOsVKmhZnuVIC4yMHENbf6doFyHaQ6rTktovSbbxgAIBdpBLjA4Zx4RXiioZ32ggeE8ODhXfF-Jfx7-1tYry8AMK_PjZTJEdAAcLFrl4WAvU3mC8llUvDHugPJwI7i_ybRryDAkbNWO-PxPKxZqsSELRzFwTt0sOC4KineX0SshDITZ_JEveXKQo-7_YUR8ls0kNTj3HSl0H2PHAp1G-FP1LbFZagIrXatRAHGcLIxDOVyvZ7Kre3ynMFrlp7KYKXCg_oHii-d47ZQfG_RJIji23Cr5jZIDQ2KIc38yUhJMKkQpgxK3ZMB3Szz6D62c4S0JKVmszHB7aovU2Weh1bojZ9K9ueyHqepX7_APucD8_xvQ6m_WaowTrlIqLXWwBaD7ibHCI26VCpQ9S4fyEQzsmtQetRUYSk1-Gz4AUE-4TVzEHngC20FZuJvax79y1oRRkF-eUtp6-9WbCFJnxHk96XYhymOmjQNOQOu6FjQ9YlECVZwKDxPCILU44Cpfqm7f7K-uIzs"]</value></Data></ExtendedData><Point><coordinates>13.176059,32.898942,0</coordinates></Point></Placemark><Placemark><name>الكنيسة الأرتذوكسية</name><description>&lt;div class="atlas-popup" dir="rtl"&gt;&lt;h3&gt;الكنيسة الأرتذوكسية&lt;/h3&gt;&lt;div class="atlas-popup-gallery"&gt;&lt;img src="https://lh3.googleusercontent.com/umsh/AN6v0v4dZrExVipL88xT1xyQKZY4V29EVKmwxQFe9JyzTu44T7qWD_tW_bzAs1n2RfPSHa_x9KKeGvhuH4NTdEEmzeQgMxpkNVzgg4FIfqu_6kDxc4Ovx5OgZWuKjaXXwj4rLADpUzV5LyDEGqyG0gD8_SKU0VfbfsZI8xFlTDeINTMB1kS9oPnRSF3lo6ayZ3hFoivdBHilFxKDhwaC1sSz0sZBHVydO_NRUp9uhLKOBc1ARmwCfBb1SxEQbeDNJBFqWRYaLMPxomZ5XXCJl7BFnB8hXEUkRfGV48z-0L8WF1JA44sLyx54KAI0qtnQzdYbbvJ5jLnZgUNwnK9V_KMF3utt8w6-4J33L5M5QTohR9t9FwuopD253c9KQJx3eofYGDW3s52Y48LDn2xAerezXlKVxnt_13xU3VRKe0YgmVsnS-sWAjzx4vQePIQ4cXIx-E_Vx-128j3pWi_iLw5X3pJQEPAyki9_G8D7NfdZ16OKKYZ0Op8JHx7jVOxge_6_0TmhvY8V80keLBXdy0KKAolrw3pPKSJtIp0fBc5fztvboeAqnKPnAcbRMs1_j4Zr07y-JeGzrcLX4UTd8RF-dIxOj-VM72Nr3xwdc_v4j7JHatpOtn0W-ZTo0SoaSr0g1XhU6th-sVfUN6q5dWOEuvUCdvYOgIv4QRIRCBiR8IWqLWHTkz0z8YU1hn6c684EMkVE4fujlg" alt="الكنيسة الأرتذوكسية" loading="lazy" class="atlas-popup-image"&gt;&lt;/div&gt;&lt;div class="atlas-popup-details"&gt;&lt;div&gt;&lt;strong&gt;الاسم بالإنجليزية:&lt;/strong&gt; Greek Orthodox&lt;/div&gt;&lt;div&gt;&lt;strong&gt;التصنيف:&lt;/strong&gt; معلم اثري&lt;/div&gt;&lt;div&gt;&lt;strong&gt;العنوان:&lt;/strong&gt; طرابلس/المدينة القديمة&lt;/div&gt;&lt;div&gt;&lt;strong&gt;الوصف:&lt;/strong&gt; الكنيسة الأرثدوكسية (كنيسة السيدة مريم)&lt;/div&gt;&lt;/div&gt;&lt;/div&gt;</description><ExtendedData><Data name="atlas_id"><value>LY-OLD-TRIPOLI-00009</value></Data><Data name="name_en"><value>Greek Orthodox</value></Data><Data name="category"><value>معلم اثري</value></Data><Data name="address"><value>طرابلس/المدينة القديمة</value></Data><Data name="description"><value>الكنيسة الأرثدوكسية (كنيسة السيدة مريم)</value></Data><Data name="image_count"><value>1</value></Data><Data name="source_file"><value>المدينة القديمة _طرابلس.kml</value></Data><Data name="images_json"><value>["/assets/images/old-tripoli/old-tripoli-LY-OLD-TRIPOLI-00009-01.png"]</value></Data><Data name="atlas_id"><value>LY-OLD-TRIPOLI-00009</value></Data><Data name="image_count"><value>1</value></Data><Data name="source_file"><value>المدينة القديمة _طرابلس.kml</value></Data><Data name="images_json"><value>["/assets/images/old-tripoli/old-tripoli-LY-OLD-TRIPOLI-00009-01.png"]</value></Data><Data name="atlas_id"><value>LY-TRI-000009</value></Data><Data name="layer_id"><value>old-tripoli</value></Data><Data name="layer_name_ar"><value>المدينة القديمة طرابلس</value></Data><Data name="layer_name_en"><value>Old Tripoli</value></Data><Data name="name_ar"><value>الكنيسة الأرتذوكسية</value></Data><Data name="latitude"><value>32.898896</value></Data><Data name="longitude"><value>13.175939</value></Data><Data name="images_json"><value>["/assets/images/old-tripoli/old-tripoli-LY-OLD-TRIPOLI-00009-01.png"]</value></Data><Data name="image_count"><value>1</value></Data><Data name="source_file"><value>developed/old-tripoli-developed.kml</value></Data><Data name="source_placemark_index"><value>9</value></Data><Data name="data_quality_status"><value>ok</value></Data><Data name="source_media_url"><value>["https://lh3.googleusercontent.com/umsh/AN6v0v4dZrExVipL88xT1xyQKZY4V29EVKmwxQFe9JyzTu44T7qWD_tW_bzAs1n2RfPSHa_x9KKeGvhuH4NTdEEmzeQgMxpkNVzgg4FIfqu_6kDxc4Ovx5OgZWuKjaXXwj4rLADpUzV5LyDEGqyG0gD8_SKU0VfbfsZI8xFlTDeINTMB1kS9oPnRSF3lo6ayZ3hFoivdBHilFxKDhwaC1sSz0sZBHVydO_NRUp9uhLKOBc1ARmwCfBb1SxEQbeDNJBFqWRYaLMPxomZ5XXCJl7BFnB8hXEUkRfGV48z-0L8WF1JA44sLyx54KAI0qtnQzdYbbvJ5jLnZgUNwnK9V_KMF3utt8w6-4J33L5M5QTohR9t9FwuopD253c9KQJx3eofYGDW3s52Y48LDn2xAerezXlKVxnt_13xU3VRKe0YgmVsnS-sWAjzx4vQePIQ4cXIx-E_Vx-128j3pWi_iLw5X3pJQEPAyki9_G8D7NfdZ16OKKYZ0Op8JHx7jVOxge_6_0TmhvY8V80keLBXdy0KKAolrw3pPKSJtIp0fBc5fztvboeAqnKPnAcbRMs1_j4Zr07y-JeGzrcLX4UTd8RF-dIxOj-VM72Nr3xwdc_v4j7JHatpOtn0W-ZTo0SoaSr0g1XhU6th-sVfUN6q5dWOEuvUCdvYOgIv4QRIRCBiR8IWqLWHTkz0z8YU1hn6c684EMkVE4fujlg"]</value></Data></ExtendedData><Point><coordinates>13.175939,32.898896,0</coordinates></Point></Placemark><Placemark><name>كنيسة السيدة مريم</name><description>&lt;div class="atlas-popup" dir="rtl"&gt;&lt;h3&gt;كنيسة السيدة مريم&lt;/h3&gt;&lt;div class="atlas-popup-gallery"&gt;&lt;img src="https://lh3.googleusercontent.com/umsh/AN6v0v6-rCKU_QeHMtWDEfrtVg6iU-zDP0xVZKZHCAISh7tWrT1kA92biKswcIMIbOAlKadxk8zWSQz0ozhZqnK-l5juble_7lDzCghVwOYhtLUVJHxlY3lTvIz1psv0OtPk-1DOuFtwYnEIVjzjDtkH7TXwBz3cSlpIhMH7fSFEm7ygM8kDzNthNtu2w1xRrdJOu5tqIRRWgClmDeyMBRY6cv3DqO1ndfWqlyrni72henAbdfT_9XImg6Ceib48C4dSzvaspBN_jhO36L5ZbewXVYGeuQ67Ol1Bl3deQpBeHIzhpv5a6Tm1cUvvcCTVCRNdgT-GGM8tqSG9baUXMHNbnm_KsgKt2Q1ouMrS3-TGWDPsN3cjhR3869oe4sGNIHmsCvdugEd8zRpjY1qo4DVgIOkmnNj1etKmZp_zo2hnflsvgXKRKpxWapOf7_ZYHEzAdpshm-1ceEGS3U3gZ-BU6D4TxqIsDsJboP9_EZYrq0VG1q8SCjw-9knFtOIh_oR0oart8jgCJlXtzDRIxjzEjFNemusFd1Y2XZGByh8LulKliD4tzX8ZwdFPdyu2ZBms5JtbnFJeOLRpFW8QUch0qCHvwYJSHRSwLh0XXSvHd_j7GJlOM1rCOpD-wnRwl5x-NMOXf8VUF5VMy9n9LnymFY8i4z0rbrFi_J7UDciI_N9a_M7wGdis0nF2qbF9ZyhoD5FefK1l27Y" alt="كنيسة السيدة مريم" loading="lazy" class="atlas-popup-image"&gt;&lt;/div&gt;&lt;div class="atlas-popup-details"&gt;&lt;div&gt;&lt;strong&gt;الاسم بالإنجليزية:&lt;/strong&gt; Santa Maria Church&lt;/div&gt;&lt;div&gt;&lt;strong&gt;التصنيف:&lt;/strong&gt; معلم اثري&lt;/div&gt;&lt;div&gt;&lt;strong&gt;العنوان:&lt;/strong&gt; طرابلس/المدينة القديمة&lt;/div&gt;&lt;div&gt;&lt;strong&gt;الوصف:&lt;/strong&gt; كنيسة السيدة مريم&lt;/div&gt;&lt;/div&gt;&lt;/div&gt;</description><ExtendedData><Data name="atlas_id"><value>LY-OLD-TRIPOLI-00010</value></Data><Data name="name_en"><value>Santa Maria Church</value></Data><Data name="category"><value>معلم اثري</value></Data><Data name="address"><value>طرابلس/المدينة القديمة</value></Data><Data name="description"><value>كنيسة السيدة مريم</value></Data><Data name="image_count"><value>1</value></Data><Data name="source_file"><value>المدينة القديمة _طرابلس.kml</value></Data><Data name="images_json"><value>["/assets/images/old-tripoli/old-tripoli-LY-OLD-TRIPOLI-00010-01.png"]</value></Data><Data name="atlas_id"><value>LY-OLD-TRIPOLI-00010</value></Data><Data name="image_count"><value>1</value></Data><Data name="source_file"><value>المدينة القديمة _طرابلس.kml</value></Data><Data name="images_json"><value>["/assets/images/old-tripoli/old-tripoli-LY-OLD-TRIPOLI-00010-01.png"]</value></Data><Data name="atlas_id"><value>LY-TRI-000010</value></Data><Data name="layer_id"><value>old-tripoli</value></Data><Data name="layer_name_ar"><value>المدينة القديمة طرابلس</value></Data><Data name="layer_name_en"><value>Old Tripoli</value></Data><Data name="name_ar"><value>كنيسة السيدة مريم</value></Data><Data name="latitude"><value>32.898236</value></Data><Data name="longitude"><value>13.175719</value></Data><Data name="images_json"><value>["/assets/images/old-tripoli/old-tripoli-LY-OLD-TRIPOLI-00010-01.png"]</value></Data><Data name="image_count"><value>1</value></Data><Data name="source_file"><value>developed/old-tripoli-developed.kml</value></Data><Data name="source_placemark_index"><value>10</value></Data><Data name="data_quality_status"><value>ok</value></Data><Data name="source_media_url"><value>["https://lh3.googleusercontent.com/umsh/AN6v0v6-rCKU_QeHMtWDEfrtVg6iU-zDP0xVZKZHCAISh7tWrT1kA92biKswcIMIbOAlKadxk8zWSQz0ozhZqnK-l5juble_7lDzCghVwOYhtLUVJHxlY3lTvIz1psv0OtPk-1DOuFtwYnEIVjzjDtkH7TXwBz3cSlpIhMH7fSFEm7ygM8kDzNthNtu2w1xRrdJOu5tqIRRWgClmDeyMBRY6cv3DqO1ndfWqlyrni72henAbdfT_9XImg6Ceib48C4dSzvaspBN_jhO36L5ZbewXVYGeuQ67Ol1Bl3deQpBeHIzhpv5a6Tm1cUvvcCTVCRNdgT-GGM8tqSG9baUXMHNbnm_KsgKt2Q1ouMrS3-TGWDPsN3cjhR3869oe4sGNIHmsCvdugEd8zRpjY1qo4DVgIOkmnNj1etKmZp_zo2hnflsvgXKRKpxWapOf7_ZYHEzAdpshm-1ceEGS3U3gZ-BU6D4TxqIsDsJboP9_EZYrq0VG1q8SCjw-9knFtOIh_oR0oart8jgCJlXtzDRIxjzEjFNemusFd1Y2XZGByh8LulKliD4tzX8ZwdFPdyu2ZBms5JtbnFJeOLRpFW8QUch0qCHvwYJSHRSwLh0XXSvHd_j7GJlOM1rCOpD-wnRwl5x-NMOXf8VUF5VMy9n9LnymFY8i4z0rbrFi_J7UDciI_N9a_M7wGdis0nF2qbF9ZyhoD5FefK1l27Y"]</value></Data></ExtendedData><Point><coordinates>13.175719,32.898236,0</coordinates></Point></Placemark><Placemark><name>المعبد اليهودي</name><description>&lt;div class="atlas-popup" dir="rtl"&gt;&lt;h3&gt;المعبد اليهودي&lt;/h3&gt;&lt;div class="atlas-popup-gallery"&gt;&lt;img src="https://lh3.googleusercontent.com/umsh/AN6v0v6kVscl-sJbb7mZ9p_K2V3Eqvn7CCNUomJZiQZGo25SRAyMYi6IOHUbb16ytd-FCuloUmftu4Gq41-GlqtMgGwBVdJwN55z5QCXeHL2WIOSEnatJn031eowMnw4evzN1yosAG4r8o0e2GzTKnv2GozWK6arVrneFNQopCQgpCwYTDvt4QeWq2PPOiArf7EN45qiRLUF9-5IgBnggM9mdPsFrRfL_NhqHC5QhZg7h1pUN76bvugr5IcCu3gnLpzCbteTJiPx464PbuVz8Dhfkuya_jsqm6zwcWJ6VJxZgpwqpL_tEM02im7sZ72oWw1MRNMmqb1zg2LooHN6ZwCwIY6zsAgXh1N6ZHt_WJRnbl5Ki5piRMS1BQeA8ULrGEvo1W0Hiu9Y_P6Ks08hLnq5j3TjtAlY9rI19dxIP8tW8Uy_1o-XTnfNhzz0sL-VIp4JA3Al39_5t7JsIirhrQqLzTlmfevrwNzZUTfP8JkyVaJYlVFizluvAxRBad-kO3s5AXBTJUHmt76NfboorN9v01DgDS1PSLt9QyljpDyZ_WDiExZSC477cfAjxdV6qEDrb0j44OTz6mENRcBA_EdNmOojgTe-uDi-vi4J6g_AVzrtgCVvIEbdmzhl5xkvrWQRdvqBDOcG42ep9YYqI9TCttTJIGf1FRDyGp_uli5h441uDRI2LnFywA6xN7lwADtQ26JUc4SvGiM" alt="المعبد اليهودي" loading="lazy" class="atlas-popup-image"&gt;&lt;/div&gt;&lt;div class="atlas-popup-details"&gt;&lt;div&gt;&lt;strong&gt;الاسم بالإنجليزية:&lt;/strong&gt; Jewish Temple&lt;/div&gt;&lt;div&gt;&lt;strong&gt;التصنيف:&lt;/strong&gt; معلم اثري&lt;/div&gt;&lt;div&gt;&lt;strong&gt;العنوان:&lt;/strong&gt; طرابلس/المدينة القديمة&lt;/div&gt;&lt;div&gt;&lt;strong&gt;الوصف:&lt;/strong&gt; المعبد اليهودي&lt;/div&gt;&lt;/div&gt;&lt;/div&gt;</description><ExtendedData><Data name="atlas_id"><value>LY-OLD-TRIPOLI-00011</value></Data><Data name="name_en"><value>Jewish Temple</value></Data><Data name="category"><value>معلم اثري</value></Data><Data name="address"><value>طرابلس/المدينة القديمة</value></Data><Data name="description"><value>المعبد اليهودي</value></Data><Data name="image_count"><value>1</value></Data><Data name="source_file"><value>المدينة القديمة _طرابلس.kml</value></Data><Data name="images_json"><value>["/assets/images/old-tripoli/old-tripoli-LY-OLD-TRIPOLI-00011-01.png"]</value></Data><Data name="atlas_id"><value>LY-OLD-TRIPOLI-00011</value></Data><Data name="image_count"><value>1</value></Data><Data name="source_file"><value>المدينة القديمة _طرابلس.kml</value></Data><Data name="images_json"><value>["/assets/images/old-tripoli/old-tripoli-LY-OLD-TRIPOLI-00011-01.png"]</value></Data><Data name="atlas_id"><value>LY-TRI-000011</value></Data><Data name="layer_id"><value>old-tripoli</value></Data><Data name="layer_name_ar"><value>المدينة القديمة طرابلس</value></Data><Data name="layer_name_en"><value>Old Tripoli</value></Data><Data name="name_ar"><value>المعبد اليهودي</value></Data><Data name="latitude"><value>32.897088</value></Data><Data name="longitude"><value>13.172696</value></Data><Data name="images_json"><value>["/assets/images/old-tripoli/old-tripoli-LY-OLD-TRIPOLI-00011-01.png"]</value></Data><Data name="image_count"><value>1</value></Data><Data name="source_file"><value>developed/old-tripoli-developed.kml</value></Data><Data name="source_placemark_index"><value>11</value></Data><Data name="data_quality_status"><value>ok</value></Data><Data name="source_media_url"><value>["https://lh3.googleusercontent.com/umsh/AN6v0v6kVscl-sJbb7mZ9p_K2V3Eqvn7CCNUomJZiQZGo25SRAyMYi6IOHUbb16ytd-FCuloUmftu4Gq41-GlqtMgGwBVdJwN55z5QCXeHL2WIOSEnatJn031eowMnw4evzN1yosAG4r8o0e2GzTKnv2GozWK6arVrneFNQopCQgpCwYTDvt4QeWq2PPOiArf7EN45qiRLUF9-5IgBnggM9mdPsFrRfL_NhqHC5QhZg7h1pUN76bvugr5IcCu3gnLpzCbteTJiPx464PbuVz8Dhfkuya_jsqm6zwcWJ6VJxZgpwqpL_tEM02im7sZ72oWw1MRNMmqb1zg2LooHN6ZwCwIY6zsAgXh1N6ZHt_WJRnbl5Ki5piRMS1BQeA8ULrGEvo1W0Hiu9Y_P6Ks08hLnq5j3TjtAlY9rI19dxIP8tW8Uy_1o-XTnfNhzz0sL-VIp4JA3Al39_5t7JsIirhrQqLzTlmfevrwNzZUTfP8JkyVaJYlVFizluvAxRBad-kO3s5AXBTJUHmt76NfboorN9v01DgDS1PSLt9QyljpDyZ_WDiExZSC477cfAjxdV6qEDrb0j44OTz6mENRcBA_EdNmOojgTe-uDi-vi4J6g_AVzrtgCVvIEbdmzhl5xkvrWQRdvqBDOcG42ep9YYqI9TCttTJIGf1FRDyGp_uli5h441uDRI2LnFywA6xN7lwADtQ26JUc4SvGiM"]</value></Data></ExtendedData><Point><coordinates>13.172696,32.897088,0</coordinates></Point></Placemark><Placemark><name>مدرسة عثمان باشا الساقزلي</name><description>&lt;div class="atlas-popup" dir="rtl"&gt;&lt;h3&gt;مدرسة عثمان باشا الساقزلي&lt;/h3&gt;&lt;div class="atlas-popup-gallery"&gt;&lt;img src="https://lh3.googleusercontent.com/umsh/AN6v0v5KY10yfSAADrm_Yz0B8TCIt0v7wbbVGx9l9NQnK83yqX-5G4M8TlRpbxFFZN33KeSoTXIp4iSuLFa2x-KOfplSgCf0x7MVmAvsFtNYdKozYR5ATBWq9FhaiBb6ssvjIzc0Nlpc4QuyxapMekSKaqfmoFNEhPlrACOnhBRdjuCrlTvWHrPGncmF6BusjHpzJBJQtIz4yq5XedRNo-vJdU23T-7_ISEt-9AfHeUzCjJq6MMGoM-hD3-XvTaTQTjdio7TTyJpA7IQzCaGMRMbvkkXTCAI8o_V9YtvuxK4CtKsF5z1EFYzjlgh7akR3HjlOjLM2gawKMnC_PjxNkZ2IJfpkKbUE3qE4wBNEmqToQoQEJjBcEePTWQBxtbku4vvaPkV9tRHjrEZ0zjPuzcCy4wWodIg8MOCopFV9kA8SJP2pCDjYbOY829olzm2AhWYCcHX4Y8duVt80j1YCoSyeNxW0xy3rYx6bO7bK2-i9Tt8qgdfOcZasq0jHtFkwPrGEDADGtVt3ZOySJW6l7ZyDu8TEVFUrQk9erazcoRWKj5yU_shFRXft5xY1TC46N5OBzpAYvOaLdrTjAk5-R7mi47yYUdUE1o6sT5oisppL1mojP219lnl_q6XawFYksiCExOYFV1Y6HrlTOHjqmKxFACb1eXhUNKSiCd7iPH22tA3TdM8j6UJ3Nqn-GMdXBg6P8fL5B79X5k" alt="مدرسة عثمان باشا الساقزلي" loading="lazy" class="atlas-popup-image"&gt;&lt;img src="https://lh3.googleusercontent.com/umsh/AN6v0v4wAhy5RUHjBcMxBmPTLwqhi57gsyvGM_169l7J00KsD6rpGfNKX7n4FeWHcoxwib2ePStgcCh1MlDLoVJ6KpxqBZxis7Z2ltLnUMNxhIgS8tadnyV04A1A5f-KFHTCr2YoSm_OJXde6gpnHPaSs5cj2tVIiB8MnxIBuSVghdZ7t5UyqhAHx98NCpWglI3g0OyvZQWtnO00F7zjnq-xSSbbnaatXRCvSCZsGO0YOK3ZpRikANWQ5wz5hzvnpIbEdO_ZuX9-9znSpdtWKtE-6wkD577tXE8rnlUneutyx8VDRvFKe5oqR6ftjl3YPhXw19-rpgkfVfpTZNwwbZlgBhApQahYziAwD6hCD78CfKDyoV4Lsqg_MPJ4Zca6slqFbYQoWuqES2guifumy3qK2rOeRVgVOKKyRtE_U50QxNWkKtw0X_WhmHHDpc96UlQgBJi-3lF5HiFUZFxYjtqPtYHFz6f-wYQbFwqxBBnN05LEbETUf9oDoy44uUgO6abX2DATHh2eGoicbvS1cHK3HQLfqr1zDpSks3sM0fY6zLIXGmIQUkXKxaAkoWvovuWhh0GiXFy63ALn6YrH1ka2VVz9gXr615mGVUSjSold0a33023SgqLzhxKjWSyNxz9yrqH_WqRaSTEX-JpXbey6eNZMSf4u9aoqBStuqDPcYT0HOBXx-0YIWpxOEJ6_FoCnq63-kB6_4Ic" alt="مدرسة عثمان باشا الساقزلي" loading="lazy" class="atlas-popup-image"&gt;&lt;img src="https://lh3.googleusercontent.com/umsh/AN6v0v5gECzVemdQoDuOSouhn3yYUKoz_dMpiUCWg_vWPEtu3WkFF9kLnc49fGNWL89ISiKfIkAGrmrnAWZ4XTIrJcQFy10b3RPUc2cF8qvgNMRsfe-lDfKwrN0_K3bBJrJRG3JkW7-jKVmxZmgw0_BPZTB5G_T3Y3OBybzccWc1kn8whbBwezE1dqdTbJmYhlcm500tF9SJWB0dxL4p7Ad3tY6qwTIytKHclEDODwaABjpwqe9zCXctXtAM9J2J4MlRr8bsRewhVACYgPnxHxmzWM44y4xN6EInZ48UGxAXfuEJ4pQ02oC-8hT0BNKZofpQnaSeh4Hl6tWNQGsg1zoppK5N48guNf5PYcmzpDhvjayX35D6uwJZQ6ucvMJexofLVzXc-Lyojtp_El8tCIl1FU-BcNy8_vIHyi9u_8MpcfhqKB7Np6IYOwKc_XDVif7KYRduLHfDTcpy5bTzW-htb7OisDyBf7XVQ1q7Z0Tcsrph8Z9i29ObTiGQPdj3ITUzfFclPih_wirpcOEMgdBafvShU-Y2Pp6fpMHGBTyIeeFxh-xXU8zzwgb680a75lfaOpq5qRVWQRfVoa6SDaiWniU2nuU1T-Mo7-2Wi6PgHiXA3vJX-JY6YIXC4q0-CbyOGWkBEhnVI1N_QxLxJel3GtKEQv8BjNQz145OsuZWTFVqREm5XeyJB5uSzaAMgkRXKAfgNiNV61I" alt="مدرسة عثمان باشا الساقزلي" loading="lazy" class="atlas-popup-image"&gt;&lt;/div&gt;&lt;div class="atlas-popup-details"&gt;&lt;div&gt;&lt;strong&gt;الاسم بالإنجليزية:&lt;/strong&gt; Othman Pasha Mosque &amp;amp; School&lt;/div&gt;&lt;div&gt;&lt;strong&gt;التصنيف:&lt;/strong&gt; مدرسة دينية&lt;/div&gt;&lt;div&gt;&lt;strong&gt;العنوان:&lt;/strong&gt; طرابلس/المدينة القديمة&lt;/div&gt;&lt;div&gt;&lt;strong&gt;الوصف:&lt;/strong&gt; مدرسة عثمان باشا الساقزلي&lt;/div&gt;&lt;/div&gt;&lt;/div&gt;</description><ExtendedData><Data name="atlas_id"><value>LY-OLD-TRIPOLI-00012</value></Data><Data name="name_en"><value>Othman Pasha Mosque &amp; School</value></Data><Data name="category"><value>مدرسة دينية</value></Data><Data name="address"><value>طرابلس/المدينة القديمة</value></Data><Data name="description"><value>مدرسة عثمان باشا الساقزلي</value></Data><Data name="image_count"><value>3</value></Data><Data name="source_file"><value>المدينة القديمة _طرابلس.kml</value></Data><Data name="images_json"><value>["/assets/images/old-tripoli/old-tripoli-LY-OLD-TRIPOLI-00012-01.png","/assets/images/old-tripoli/old-tripoli-LY-OLD-TRIPOLI-00012-02.png","/assets/images/old-tripoli/old-tripoli-LY-OLD-TRIPOLI-00012-03.png"]</value></Data><Data name="atlas_id"><value>LY-OLD-TRIPOLI-00012</value></Data><Data name="image_count"><value>3</value></Data><Data name="source_file"><value>المدينة القديمة _طرابلس.kml</value></Data><Data name="images_json"><value>["/assets/images/old-tripoli/old-tripoli-LY-OLD-TRIPOLI-00012-01.png","/assets/images/old-tripoli/old-tripoli-LY-OLD-TRIPOLI-00012-02.png","/assets/images/old-tripoli/old-tripoli-LY-OLD-TRIPOLI-00012-03.png"]</value></Data><Data name="atlas_id"><value>LY-TRI-000012</value></Data><Data name="layer_id"><value>old-tripoli</value></Data><Data name="layer_name_ar"><value>المدينة القديمة طرابلس</value></Data><Data name="layer_name_en"><value>Old Tripoli</value></Data><Data name="name_ar"><value>مدرسة عثمان باشا الساقزلي</value></Data><Data name="latitude"><value>32.898813</value></Data><Data name="longitude"><value>13.176432</value></Data><Data name="images_json"><value>["/assets/images/old-tripoli/old-tripoli-LY-OLD-TRIPOLI-00012-01.png","/assets/images/old-tripoli/old-tripoli-LY-OLD-TRIPOLI-00012-02.png","/assets/images/old-tripoli/old-tripoli-LY-OLD-TRIPOLI-00012-03.png"]</value></Data><Data name="image_count"><value>3</value></Data><Data name="source_file"><value>developed/old-tripoli-developed.kml</value></Data><Data name="source_placemark_index"><value>12</value></Data><Data name="data_quality_status"><value>ok</value></Data><Data name="source_media_url"><value>["https://lh3.googleusercontent.com/umsh/AN6v0v5KY10yfSAADrm_Yz0B8TCIt0v7wbbVGx9l9NQnK83yqX-5G4M8TlRpbxFFZN33KeSoTXIp4iSuLFa2x-KOfplSgCf0x7MVmAvsFtNYdKozYR5ATBWq9FhaiBb6ssvjIzc0Nlpc4QuyxapMekSKaqfmoFNEhPlrACOnhBRdjuCrlTvWHrPGncmF6BusjHpzJBJQtIz4yq5XedRNo-vJdU23T-7_ISEt-9AfHeUzCjJq6MMGoM-hD3-XvTaTQTjdio7TTyJpA7IQzCaGMRMbvkkXTCAI8o_V9YtvuxK4CtKsF5z1EFYzjlgh7akR3HjlOjLM2gawKMnC_PjxNkZ2IJfpkKbUE3qE4wBNEmqToQoQEJjBcEePTWQBxtbku4vvaPkV9tRHjrEZ0zjPuzcCy4wWodIg8MOCopFV9kA8SJP2pCDjYbOY829olzm2AhWYCcHX4Y8duVt80j1YCoSyeNxW0xy3rYx6bO7bK2-i9Tt8qgdfOcZasq0jHtFkwPrGEDADGtVt3ZOySJW6l7ZyDu8TEVFUrQk9erazcoRWKj5yU_shFRXft5xY1TC46N5OBzpAYvOaLdrTjAk5-R7mi47yYUdUE1o6sT5oisppL1mojP219lnl_q6XawFYksiCExOYFV1Y6HrlTOHjqmKxFACb1eXhUNKSiCd7iPH22tA3TdM8j6UJ3Nqn-GMdXBg6P8fL5B79X5k","https://lh3.googleusercontent.com/umsh/AN6v0v4wAhy5RUHjBcMxBmPTLwqhi57gsyvGM_169l7J00KsD6rpGfNKX7n4FeWHcoxwib2ePStgcCh1MlDLoVJ6KpxqBZxis7Z2ltLnUMNxhIgS8tadnyV04A1A5f-KFHTCr2YoSm_OJXde6gpnHPaSs5cj2tVIiB8MnxIBuSVghdZ7t5UyqhAHx98NCpWglI3g0OyvZQWtnO00F7zjnq-xSSbbnaatXRCvSCZsGO0YOK3ZpRikANWQ5wz5hzvnpIbEdO_ZuX9-9znSpdtWKtE-6wkD577tXE8rnlUneutyx8VDRvFKe5oqR6ftjl3YPhXw19-rpgkfVfpTZNwwbZlgBhApQahYziAwD6hCD78CfKDyoV4Lsqg_MPJ4Zca6slqFbYQoWuqES2guifumy3qK2rOeRVgVOKKyRtE_U50QxNWkKtw0X_WhmHHDpc96UlQgBJi-3lF5HiFUZFxYjtqPtYHFz6f-wYQbFwqxBBnN05LEbETUf9oDoy44uUgO6abX2DATHh2eGoicbvS1cHK3HQLfqr1zDpSks3sM0fY6zLIXGmIQUkXKxaAkoWvovuWhh0GiXFy63ALn6YrH1ka2VVz9gXr615mGVUSjSold0a33023SgqLzhxKjWSyNxz9yrqH_WqRaSTEX-JpXbey6eNZMSf4u9aoqBStuqDPcYT0HOBXx-0YIWpxOEJ6_FoCnq63-kB6_4Ic","https://lh3.googleusercontent.com/umsh/AN6v0v5gECzVemdQoDuOSouhn3yYUKoz_dMpiUCWg_vWPEtu3WkFF9kLnc49fGNWL89ISiKfIkAGrmrnAWZ4XTIrJcQFy10b3RPUc2cF8qvgNMRsfe-lDfKwrN0_K3bBJrJRG3JkW7-jKVmxZmgw0_BPZTB5G_T3Y3OBybzccWc1kn8whbBwezE1dqdTbJmYhlcm500tF9SJWB0dxL4p7Ad3tY6qwTIytKHclEDODwaABjpwqe9zCXctXtAM9J2J4MlRr8bsRewhVACYgPnxHxmzWM44y4xN6EInZ48UGxAXfuEJ4pQ02oC-8hT0BNKZofpQnaSeh4Hl6tWNQGsg1zoppK5N48guNf5PYcmzpDhvjayX35D6uwJZQ6ucvMJexofLVzXc-Lyojtp_El8tCIl1FU-BcNy8_vIHyi9u_8MpcfhqKB7Np6IYOwKc_XDVif7KYRduLHfDTcpy5bTzW-htb7OisDyBf7XVQ1q7Z0Tcsrph8Z9i29ObTiGQPdj3ITUzfFclPih_wirpcOEMgdBafvShU-Y2Pp6fpMHGBTyIeeFxh-xXU8zzwgb680a75lfaOpq5qRVWQRfVoa6SDaiWniU2nuU1T-Mo7-2Wi6PgHiXA3vJX-JY6YIXC4q0-CbyOGWkBEhnVI1N_QxLxJel3GtKEQv8BjNQz145OsuZWTFVqREm5XeyJB5uSzaAMgkRXKAfgNiNV61I"]</value></Data></ExtendedData><Point><coordinates>13.176432,32.898813,0</coordinates></Point></Placemark><Placemark><name>قوس الصرارعي</name><description>&lt;div class="atlas-popup" dir="rtl"&gt;&lt;h3&gt;قوس الصرارعي&lt;/h3&gt;&lt;div class="atlas-popup-gallery"&gt;&lt;img src="https://mymaps.usercontent.google.com/hostedimage/m/*/3AAjQbR5Wo49w3LGlXC_DjzSpcszJ8b8OUWQBh_chcDmt8p7e38QBrnGBTx7lqAjWVj4PXdEowwYavTjwEeE-XPL1JUAMzVkBF-um0hBDN0XGU-LwFXcM3RMZOYumQ1YvA21Lgbzf9UgVTD4lAxKwUDHLG5xxAtycxcQf3aNL0Zw_JLaqMy_TTqwwYJkjx7-yLIZ5aPCehV_ruPC1zBIJl0AkoluDI44spc8mZIgONNLV3FpIzhjQyaZ0bcezXQc?authuser=1&amp;amp;fife=s16383" alt="قوس الصرارعي" loading="lazy" class="atlas-popup-image"&gt;&lt;/div&gt;&lt;div class="atlas-popup-details"&gt;&lt;div&gt;&lt;strong&gt;الاسم بالإنجليزية:&lt;/strong&gt; Al-Sarari Street and Al-Sarari Arch&lt;/div&gt;&lt;div&gt;&lt;strong&gt;التصنيف:&lt;/strong&gt; زقاق&lt;/div&gt;&lt;div&gt;&lt;strong&gt;العنوان:&lt;/strong&gt; المدينة القديمة&lt;/div&gt;&lt;div&gt;&lt;strong&gt;الوصف:&lt;/strong&gt; : يقع القوس ضمن زقاق أو شارع يحمل نفس الاسم &amp;quot;شارع قوس الصرارعي&amp;quot;. وهو يربط بين معالم حيوية بالمدينة، حيث يعد طريقاً نافذاً يتقاطع مع &amp;quot;زنقة النساء&amp;quot; الشهيرة.&lt;/div&gt;&lt;/div&gt;&lt;/div&gt;</description><ExtendedData><Data name="atlas_id"><value>LY-OLD-TRIPOLI-00013</value></Data><Data name="name_en"><value>Al-Sarari Street and Al-Sarari Arch</value></Data><Data name="category"><value>زقاق</value></Data><Data name="address"><value>المدينة القديمة</value></Data><Data name="description"><value>: يقع القوس ضمن زقاق أو شارع يحمل نفس الاسم "شارع قوس الصرارعي". وهو يربط بين معالم حيوية بالمدينة، حيث يعد طريقاً نافذاً يتقاطع مع "زنقة النساء" الشهيرة.</value></Data><Data name="image_count"><value>1</value></Data><Data name="source_file"><value>المدينة القديمة _طرابلس.kml</value></Data><Data name="images_json"><value>["/assets/images/old-tripoli/old-tripoli-LY-OLD-TRIPOLI-00013-01.png"]</value></Data><Data name="atlas_id"><value>LY-OLD-TRIPOLI-00013</value></Data><Data name="image_count"><value>1</value></Data><Data name="source_file"><value>المدينة القديمة _طرابلس.kml</value></Data><Data name="images_json"><value>["/assets/images/old-tripoli/old-tripoli-LY-OLD-TRIPOLI-00013-01.png"]</value></Data><Data name="atlas_id"><value>LY-TRI-000013</value></Data><Data name="layer_id"><value>old-tripoli</value></Data><Data name="layer_name_ar"><value>المدينة القديمة طرابلس</value></Data><Data name="layer_name_en"><value>Old Tripoli</value></Data><Data name="name_ar"><value>قوس الصرارعي</value></Data><Data name="latitude"><value>32.8945834</value></Data><Data name="longitude"><value>13.178123</value></Data><Data name="images_json"><value>["/assets/images/old-tripoli/old-tripoli-LY-OLD-TRIPOLI-00013-01.png"]</value></Data><Data name="image_count"><value>1</value></Data><Data name="source_file"><value>developed/old-tripoli-developed.kml</value></Data><Data name="source_placemark_index"><value>13</value></Data><Data name="data_quality_status"><value>ok</value></Data><Data name="source_media_url"><value>["https://mymaps.usercontent.google.com/hostedimage/m/*/3AAjQbR5Wo49w3LGlXC_DjzSpcszJ8b8OUWQBh_chcDmt8p7e38QBrnGBTx7lqAjWVj4PXdEowwYavTjwEeE-XPL1JUAMzVkBF-um0hBDN0XGU-LwFXcM3RMZOYumQ1YvA21Lgbzf9UgVTD4lAxKwUDHLG5xxAtycxcQf3aNL0Zw_JLaqMy_TTqwwYJkjx7-yLIZ5aPCehV_ruPC1zBIJl0AkoluDI44spc8mZIgONNLV3FpIzhjQyaZ0bcezXQc?authuser=1&amp;fife=s16383"]</value></Data></ExtendedData><Point><coordinates>13.178123,32.8945834,0</coordinates></Point></Placemark><Placemark><name>حوش الصابون</name><description>&lt;div class="atlas-popup" dir="rtl"&gt;&lt;h3&gt;حوش الصابون&lt;/h3&gt;&lt;div class="atlas-popup-gallery"&gt;&lt;img src="https://lh3.googleusercontent.com/umsh/AN6v0v5ZVh6fuy_wJohbQhZLy4BTo2OY28Gtr-T7b6pW7ssKohlH5BoTEAyMJ8C-nhGqrz-1CZXBYRR02gU89I801vKQIkxSJjXBfU-ULm6x-qIHmGAXml8BmUfd6UEdh_ReJgew6OrCUAvyThGE_DPMvLeKFFkCgAo5E_i3PH7fF1t1cmrOHFi9u_Ig0AA8qn76cwdcVGqiCaCuyashumtpubv7RpW0Uw1-XSmQl_xPR9MoHeddafXRBZq4gSkXMArqSMJkKTFALCs9o_1-t_8FoKbEW1J5dWPlFwx-e93_M16jN-_OhQD2X_cmwmyD6p83B5Hk4zy3GsArCIk3uW2ZcoPQhpomzj-PazR_KKf3tR8wgHP0bN6t5F82toYjCAum02Abm8mxXVvvTYjitJZSGFLoLh8fnfTMEE-8WKkeJ_l-eZ0oUnLD027NXx67mogAAIjbJ6HWL3X3d5oHhSWQGO6WbOgBntRLi0ja0IlBGo9qrTuNXwJDFad5XrLHXVWzlZAUhQK7hSZBLWpz3VKFCv0sDK-d1E9cyPngwLfq4uWz_xD_oT7EnItgkiGHfT_KHNegm6kBNCgnlfA6a4A2XYmQVYJumLSZor2UeXH6_ShuCNJ7YfrFQmxwO9a7-ZTfsIwRNMdvRvjDYnOE9uqpFrohboQtzNaFQM9xJ3nLQVr1c5DY3IBQQls4OdM_0BuExn4NFvyRgQ" alt="حوش الصابون" loading="lazy" class="atlas-popup-image"&gt;&lt;img src="https://lh3.googleusercontent.com/umsh/AN6v0v5i9TCVRHvLfKrrvO_FESYn3tTENpeaTbyu2t6wJ1B0td89lMjrWnGT2C4t6nmcEOdDEYAdWLT0vCejXYmxRHX1AXCkKICF5vCSlc8FfQ7YTzsnGxIXbGAUsR22OOuaPufGjutDKbNdsPpJ166lc96lZVCgO_7lcdxRP5dgUgeJpQMsNDF-m_eIk7NUNBSyyET7knFGTxSisCEovQr3wi9smU_Q7mM96LJflDtkCSn5iYITRRwRXKknSqJ6HkRGfdp84jipinbzVmIzjfjVMNvq3tSd8Ps43099deAO4bmTWxS9fUD9LJmJdXghi3ZP4kfA8umwP8Ia4VhZEmYdGzsWjb3JzuSfA5PUSDemLVkvZ_qImZoWHfGK54kQ7hxjLOWMIezcD2_RAZhzQB7mv8rQBiPUY-w41ObRimUt1FCgueOtansibogl887GysXjhYdI9PPJOA4-1-RCZ8bhj-wG9EtmsQQwVvf8D2KYbPP0HDBrmFxdR0Y8NQDnzOiWQGCPQyfBFGPnxHwla30zwVhGuladnM_Waz629UXfl6p7jdkPIMJCSTxdCI0ffJkOJKHvaA4jLJavsrPcOjhLhwZUa_djDWNwS607oOGVqZFPvKLkdpwHT2azgrABgfwW_iu3OJgH4urtFdCKFGzccjhr_NXj8QQKDlfyN5g3tviudqNLYfJymXenXz9EiqJ9-EwnZLVYGA" alt="حوش الصابون" loading="lazy" class="atlas-popup-image"&gt;&lt;img src="https://lh3.googleusercontent.com/umsh/AN6v0v7sbH9DeZhFvngpEeaL6vBm7UXNQtU4mLEvfFKdVFO9V5Gu56ZUHyTKCP-Sf9vJlltyuI9VWZrBR2ysCsJW1DLDOaxZ5WgxtwizXmlIbcE0YWYdyDydosOVfMp2HQ17VcYQNbUygRDztIWhJoEe8XMJ1WrUmcYcVygzxR62mo48LD7X3WylZEyIb6Yc-OAR6opundg7603aLtqpjCdml4YXo9JenJhNc7k8v1W_5U7l72rFCAOKOcEuvkfPjSJT_9BZbuf2R7tWnB8Vr67FIMIPj9bDo4VHV9n9DDsBtQe0TYfEk4ga_Gak-bJNpHkBchRWLSvLygK5njkfrPJ-L4FKo1hKFH-68e3r-na_ymJYPY-6X9pjBpW8kRWXrbTEYd-JXt7y4M6FFBwN3ZkX2CKRZSYQaDV4_8ypwD4W2oo8SUqhTViEaSllJsPlMh-cedkaQiTyRWfzWrd6S0uMudMK_v4lR3HYm_z-e9uJOhz26uXjkHuRTf_tC18oevUaS8SfPL53BdfLwsJaMCzuvbsqJ_ipCIcWgYR-d15x69GiWSxk09KakeP62_nWHvsWc9a11pvHrwiMRTIuiBWLNkxKQA1zNeilMIboczNm0WKXAbPu8U6E7LMHmI3SO8AOeWtq--844pf6KkcUQ6wQk8s4aZsCUMbS9flh6RU1khggeHeaGeuPKGfp3OYLUQzAZ-1kSUozNQ" alt="حوش الصابون" loading="lazy" class="atlas-popup-image"&gt;&lt;/div&gt;&lt;div class="atlas-popup-details"&gt;&lt;div&gt;&lt;strong&gt;الاسم بالإنجليزية:&lt;/strong&gt; Hoosh Al Saboon&lt;/div&gt;&lt;div&gt;&lt;strong&gt;التصنيف:&lt;/strong&gt; تاريخي&lt;/div&gt;&lt;div&gt;&lt;strong&gt;العنوان:&lt;/strong&gt; طرابلس/المدينة القديمة&lt;/div&gt;&lt;div&gt;&lt;strong&gt;الوصف:&lt;/strong&gt; حوش الصابون&lt;/div&gt;&lt;/div&gt;&lt;/div&gt;</description><ExtendedData><Data name="atlas_id"><value>LY-OLD-TRIPOLI-00014</value></Data><Data name="name_en"><value>Hoosh Al Saboon</value></Data><Data name="category"><value>تاريخي</value></Data><Data name="address"><value>طرابلس/المدينة القديمة</value></Data><Data name="description"><value>حوش الصابون</value></Data><Data name="image_count"><value>3</value></Data><Data name="source_file"><value>المدينة القديمة _طرابلس.kml</value></Data><Data name="images_json"><value>["/assets/images/old-tripoli/old-tripoli-LY-OLD-TRIPOLI-00014-01.png","/assets/images/old-tripoli/old-tripoli-LY-OLD-TRIPOLI-00014-02.png","/assets/images/old-tripoli/old-tripoli-LY-OLD-TRIPOLI-00014-03.png"]</value></Data><Data name="atlas_id"><value>LY-OLD-TRIPOLI-00014</value></Data><Data name="image_count"><value>3</value></Data><Data name="source_file"><value>المدينة القديمة _طرابلس.kml</value></Data><Data name="images_json"><value>["/assets/images/old-tripoli/old-tripoli-LY-OLD-TRIPOLI-00014-01.png","/assets/images/old-tripoli/old-tripoli-LY-OLD-TRIPOLI-00014-02.png","/assets/images/old-tripoli/old-tripoli-LY-OLD-TRIPOLI-00014-03.png"]</value></Data><Data name="atlas_id"><value>LY-TRI-000014</value></Data><Data name="layer_id"><value>old-tripoli</value></Data><Data name="layer_name_ar"><value>المدينة القديمة طرابلس</value></Data><Data name="layer_name_en"><value>Old Tripoli</value></Data><Data name="name_ar"><value>حوش الصابون</value></Data><Data name="latitude"><value>32.89726</value></Data><Data name="longitude"><value>13.174893</value></Data><Data name="images_json"><value>["/assets/images/old-tripoli/old-tripoli-LY-OLD-TRIPOLI-00014-01.png","/assets/images/old-tripoli/old-tripoli-LY-OLD-TRIPOLI-00014-02.png","/assets/images/old-tripoli/old-tripoli-LY-OLD-TRIPOLI-00014-03.png"]</value></Data><Data name="image_count"><value>3</value></Data><Data name="source_file"><value>developed/old-tripoli-developed.kml</value></Data><Data name="source_placemark_index"><value>14</value></Data><Data name="data_quality_status"><value>ok</value></Data><Data name="source_media_url"><value>["https://lh3.googleusercontent.com/umsh/AN6v0v5ZVh6fuy_wJohbQhZLy4BTo2OY28Gtr-T7b6pW7ssKohlH5BoTEAyMJ8C-nhGqrz-1CZXBYRR02gU89I801vKQIkxSJjXBfU-ULm6x-qIHmGAXml8BmUfd6UEdh_ReJgew6OrCUAvyThGE_DPMvLeKFFkCgAo5E_i3PH7fF1t1cmrOHFi9u_Ig0AA8qn76cwdcVGqiCaCuyashumtpubv7RpW0Uw1-XSmQl_xPR9MoHeddafXRBZq4gSkXMArqSMJkKTFALCs9o_1-t_8FoKbEW1J5dWPlFwx-e93_M16jN-_OhQD2X_cmwmyD6p83B5Hk4zy3GsArCIk3uW2ZcoPQhpomzj-PazR_KKf3tR8wgHP0bN6t5F82toYjCAum02Abm8mxXVvvTYjitJZSGFLoLh8fnfTMEE-8WKkeJ_l-eZ0oUnLD027NXx67mogAAIjbJ6HWL3X3d5oHhSWQGO6WbOgBntRLi0ja0IlBGo9qrTuNXwJDFad5XrLHXVWzlZAUhQK7hSZBLWpz3VKFCv0sDK-d1E9cyPngwLfq4uWz_xD_oT7EnItgkiGHfT_KHNegm6kBNCgnlfA6a4A2XYmQVYJumLSZor2UeXH6_ShuCNJ7YfrFQmxwO9a7-ZTfsIwRNMdvRvjDYnOE9uqpFrohboQtzNaFQM9xJ3nLQVr1c5DY3IBQQls4OdM_0BuExn4NFvyRgQ","https://lh3.googleusercontent.com/umsh/AN6v0v5i9TCVRHvLfKrrvO_FESYn3tTENpeaTbyu2t6wJ1B0td89lMjrWnGT2C4t6nmcEOdDEYAdWLT0vCejXYmxRHX1AXCkKICF5vCSlc8FfQ7YTzsnGxIXbGAUsR22OOuaPufGjutDKbNdsPpJ166lc96lZVCgO_7lcdxRP5dgUgeJpQMsNDF-m_eIk7NUNBSyyET7knFGTxSisCEovQr3wi9smU_Q7mM96LJflDtkCSn5iYITRRwRXKknSqJ6HkRGfdp84jipinbzVmIzjfjVMNvq3tSd8Ps43099deAO4bmTWxS9fUD9LJmJdXghi3ZP4kfA8umwP8Ia4VhZEmYdGzsWjb3JzuSfA5PUSDemLVkvZ_qImZoWHfGK54kQ7hxjLOWMIezcD2_RAZhzQB7mv8rQBiPUY-w41ObRimUt1FCgueOtansibogl887GysXjhYdI9PPJOA4-1-RCZ8bhj-wG9EtmsQQwVvf8D2KYbPP0HDBrmFxdR0Y8NQDnzOiWQGCPQyfBFGPnxHwla30zwVhGuladnM_Waz629UXfl6p7jdkPIMJCSTxdCI0ffJkOJKHvaA4jLJavsrPcOjhLhwZUa_djDWNwS607oOGVqZFPvKLkdpwHT2azgrABgfwW_iu3OJgH4urtFdCKFGzccjhr_NXj8QQKDlfyN5g3tviudqNLYfJymXenXz9EiqJ9-EwnZLVYGA","https://lh3.googleusercontent.com/umsh/AN6v0v7sbH9DeZhFvngpEeaL6vBm7UXNQtU4mLEvfFKdVFO9V5Gu56ZUHyTKCP-Sf9vJlltyuI9VWZrBR2ysCsJW1DLDOaxZ5WgxtwizXmlIbcE0YWYdyDydosOVfMp2HQ17VcYQNbUygRDztIWhJoEe8XMJ1WrUmcYcVygzxR62mo48LD7X3WylZEyIb6Yc-OAR6opundg7603aLtqpjCdml4YXo9JenJhNc7k8v1W_5U7l72rFCAOKOcEuvkfPjSJT_9BZbuf2R7tWnB8Vr67FIMIPj9bDo4VHV9n9DDsBtQe0TYfEk4ga_Gak-bJNpHkBchRWLSvLygK5njkfrPJ-L4FKo1hKFH-68e3r-na_ymJYPY-6X9pjBpW8kRWXrbTEYd-JXt7y4M6FFBwN3ZkX2CKRZSYQaDV4_8ypwD4W2oo8SUqhTViEaSllJsPlMh-cedkaQiTyRWfzWrd6S0uMudMK_v4lR3HYm_z-e9uJOhz26uXjkHuRTf_tC18oevUaS8SfPL53BdfLwsJaMCzuvbsqJ_ipCIcWgYR-d15x69GiWSxk09KakeP62_nWHvsWc9a11pvHrwiMRTIuiBWLNkxKQA1zNeilMIboczNm0WKXAbPu8U6E7LMHmI3SO8AOeWtq--844pf6KkcUQ6wQk8s4aZsCUMbS9flh6RU1khggeHeaGeuPKGfp3OYLUQzAZ-1kSUozNQ"]</value></Data></ExtendedData><Point><coordinates>13.174893,32.89726,0</coordinates></Point></Placemark><Placemark><name>محطة سيارات أجرة بين المدن</name><description>&lt;div class="atlas-popup" dir="rtl"&gt;&lt;h3&gt;محطة سيارات أجرة بين المدن&lt;/h3&gt;&lt;div class="atlas-popup-gallery"&gt;&lt;/div&gt;&lt;div class="atlas-popup-details"&gt;&lt;div&gt;&lt;strong&gt;الاسم بالإنجليزية:&lt;/strong&gt; Taxi stations&lt;/div&gt;&lt;div&gt;&lt;strong&gt;الوصف:&lt;/strong&gt; محطة سيارات أجرة بين المدن&lt;/div&gt;&lt;/div&gt;&lt;/div&gt;</description><ExtendedData><Data name="atlas_id"><value>LY-OLD-TRIPOLI-00015</value></Data><Data name="name_en"><value>Taxi stations</value></Data><Data name="description"><value>محطة سيارات أجرة بين المدن</value></Data><Data name="image_count"><value>0</value></Data><Data name="source_file"><value>المدينة القديمة _طرابلس.kml</value></Data><Data name="images_json"><value>[]</value></Data><Data name="atlas_id"><value>LY-OLD-TRIPOLI-00015</value></Data><Data name="image_count"><value>0</value></Data><Data name="source_file"><value>المدينة القديمة _طرابلس.kml</value></Data><Data name="images_json"><value>[]</value></Data><Data name="atlas_id"><value>LY-TRI-000015</value></Data><Data name="layer_id"><value>old-tripoli</value></Data><Data name="layer_name_ar"><value>المدينة القديمة طرابلس</value></Data><Data name="layer_name_en"><value>Old Tripoli</value></Data><Data name="name_ar"><value>محطة سيارات أجرة بين المدن</value></Data><Data name="latitude"><value>32.894993</value></Data><Data name="longitude"><value>13.172672</value></Data><Data name="images_json"><value>[]</value></Data><Data name="image_count"><value>0</value></Data><Data name="source_file"><value>developed/old-tripoli-developed.kml</value></Data><Data name="source_placemark_index"><value>15</value></Data><Data name="data_quality_status"><value>missing_media</value></Data></ExtendedData><Point><coordinates>13.172672,32.894993,0</coordinates></Point></Placemark><Placemark><name>مسرح "البولتياما</name><description>&lt;div class="atlas-popup" dir="rtl"&gt;&lt;h3&gt;مسرح &amp;quot;البولتياما&lt;/h3&gt;&lt;div class="atlas-popup-gallery"&gt;&lt;img src="https://mymaps.usercontent.google.com/hostedimage/m/*/3AAjQbR46Rm4xCpCGJDKz0aUnfir5wfEz21Nhr8sLvfvWoZHHNaYEZGYo-nyls4RAnrmDauUjyfeWyzF3fOggRUquOUogfZOFjjBnnMFhgddRZd5YOcVLW9T0s0hLYC50cRoEY2lTqahnGB45NzEB6Yj0D1vlNhg8QCFK3hZk8EHQ-x7T8HR7E2DU3YSS9-s71JcCycdiS_B_tDc1eRjb-yPaBclpHbgFQxJGs7dLc7M1v7lpgsJd4JtLi3Vt7Dg?authuser=1&amp;amp;fife=s16383" alt="مسرح &amp;quot;البولتياما" loading="lazy" class="atlas-popup-image"&gt;&lt;/div&gt;&lt;div class="atlas-popup-details"&gt;&lt;div&gt;&lt;strong&gt;الاسم بالإنجليزية:&lt;/strong&gt; theatre aاpoltiyama&lt;/div&gt;&lt;div&gt;&lt;strong&gt;التصنيف:&lt;/strong&gt; مسرح&lt;/div&gt;&lt;div&gt;&lt;strong&gt;العنوان:&lt;/strong&gt; شارع سوق الترك ومدخل اخر بسوق الحرير -المدينة القديمة طرابلس&lt;/div&gt;&lt;div&gt;&lt;strong&gt;الوصف:&lt;/strong&gt; مسرح &amp;quot;البولتياما&amp;quot;.&lt;/div&gt;&lt;/div&gt;&lt;/div&gt;</description><ExtendedData><Data name="atlas_id"><value>LY-OLD-TRIPOLI-00016</value></Data><Data name="name_en"><value>theatre aاpoltiyama</value></Data><Data name="category"><value>مسرح</value></Data><Data name="address"><value>شارع سوق الترك ومدخل اخر بسوق الحرير -المدينة القديمة طرابلس</value></Data><Data name="description"><value>مسرح "البولتياما".</value></Data><Data name="image_count"><value>1</value></Data><Data name="source_file"><value>المدينة القديمة _طرابلس.kml</value></Data><Data name="images_json"><value>["/assets/images/old-tripoli/old-tripoli-LY-OLD-TRIPOLI-00016-01.png"]</value></Data><Data name="atlas_id"><value>LY-OLD-TRIPOLI-00016</value></Data><Data name="image_count"><value>1</value></Data><Data name="source_file"><value>المدينة القديمة _طرابلس.kml</value></Data><Data name="images_json"><value>["/assets/images/old-tripoli/old-tripoli-LY-OLD-TRIPOLI-00016-01.png"]</value></Data><Data name="atlas_id"><value>LY-TRI-000016</value></Data><Data name="layer_id"><value>old-tripoli</value></Data><Data name="layer_name_ar"><value>المدينة القديمة طرابلس</value></Data><Data name="layer_name_en"><value>Old Tripoli</value></Data><Data name="name_ar"><value>مسرح &quot;البولتياما</value></Data><Data name="latitude"><value>32.897574</value></Data><Data name="longitude"><value>13.177918</value></Data><Data name="images_json"><value>["/assets/images/old-tripoli/old-tripoli-LY-OLD-TRIPOLI-00016-01.png"]</value></Data><Data name="image_count"><value>1</value></Data><Data name="source_file"><value>developed/old-tripoli-developed.kml</value></Data><Data name="source_placemark_index"><value>16</value></Data><Data name="data_quality_status"><value>ok</value></Data><Data name="source_media_url"><value>["https://mymaps.usercontent.google.com/hostedimage/m/*/3AAjQbR46Rm4xCpCGJDKz0aUnfir5wfEz21Nhr8sLvfvWoZHHNaYEZGYo-nyls4RAnrmDauUjyfeWyzF3fOggRUquOUogfZOFjjBnnMFhgddRZd5YOcVLW9T0s0hLYC50cRoEY2lTqahnGB45NzEB6Yj0D1vlNhg8QCFK3hZk8EHQ-x7T8HR7E2DU3YSS9-s71JcCycdiS_B_tDc1eRjb-yPaBclpHbgFQxJGs7dLc7M1v7lpgsJd4JtLi3Vt7Dg?authuser=1&amp;fife=s16383"]</value></Data></ExtendedData><Point><coordinates>13.177918,32.897574,0</coordinates></Point></Placemark><Placemark><name>دار البارود</name><description>&lt;div class="atlas-popup" dir="rtl"&gt;&lt;h3&gt;دار البارود&lt;/h3&gt;&lt;div class="atlas-popup-gallery"&gt;&lt;img src="https://mymaps.usercontent.google.com/hostedimage/m/*/3AAjQbR54iFEqJ7bV3fcCKI5P7_y5cEaFol-75xPYaGqvYysZXlD2yEdc64wFON__MnfGiu9ek6oHSZne7i9WlW_6boUviZ65ba_2UqovQNCgAIVWiLUOn_2mS87rCZrZQMKtNdCIBW-nM9gfuuuJ2z2SZyXP7e0HQ_gGzQDDSx6uYmIvuFukTJpCDqJVCYhGzffqpT2QO86G2Op4VU1PTytTmDix82ECQU0LnOs6PZfsWnKNu50CE6lcYbbD-oI?authuser=1&amp;amp;fife=s16383" alt="دار البارود" loading="lazy" class="atlas-popup-image"&gt;&lt;/div&gt;&lt;div class="atlas-popup-details"&gt;&lt;div&gt;&lt;strong&gt;الاسم بالإنجليزية:&lt;/strong&gt; Dar EL Barud&lt;/div&gt;&lt;div&gt;&lt;strong&gt;التصنيف:&lt;/strong&gt; معلم اثري&lt;/div&gt;&lt;div&gt;&lt;strong&gt;العنوان:&lt;/strong&gt; طرابلس/المدينة القديمة&lt;/div&gt;&lt;div&gt;&lt;strong&gt;الوصف:&lt;/strong&gt; دار البارود&lt;/div&gt;&lt;/div&gt;&lt;/div&gt;</description><ExtendedData><Data name="atlas_id"><value>LY-OLD-TRIPOLI-00017</value></Data><Data name="name_en"><value>Dar EL Barud</value></Data><Data name="category"><value>معلم اثري</value></Data><Data name="address"><value>طرابلس/المدينة القديمة</value></Data><Data name="description"><value>دار البارود</value></Data><Data name="image_count"><value>1</value></Data><Data name="source_file"><value>المدينة القديمة _طرابلس.kml</value></Data><Data name="images_json"><value>["/assets/images/old-tripoli/old-tripoli-LY-OLD-TRIPOLI-00017-01.png"]</value></Data><Data name="atlas_id"><value>LY-OLD-TRIPOLI-00017</value></Data><Data name="image_count"><value>1</value></Data><Data name="source_file"><value>المدينة القديمة _طرابلس.kml</value></Data><Data name="images_json"><value>["/assets/images/old-tripoli/old-tripoli-LY-OLD-TRIPOLI-00017-01.png"]</value></Data><Data name="atlas_id"><value>LY-TRI-000017</value></Data><Data name="layer_id"><value>old-tripoli</value></Data><Data name="layer_name_ar"><value>المدينة القديمة طرابلس</value></Data><Data name="layer_name_en"><value>Old Tripoli</value></Data><Data name="name_ar"><value>دار البارود</value></Data><Data name="latitude"><value>32.894734</value></Data><Data name="longitude"><value>13.180056</value></Data><Data name="images_json"><value>["/assets/images/old-tripoli/old-tripoli-LY-OLD-TRIPOLI-00017-01.png"]</value></Data><Data name="image_count"><value>1</value></Data><Data name="source_file"><value>developed/old-tripoli-developed.kml</value></Data><Data name="source_placemark_index"><value>17</value></Data><Data name="data_quality_status"><value>ok</value></Data><Data name="source_media_url"><value>["https://mymaps.usercontent.google.com/hostedimage/m/*/3AAjQbR54iFEqJ7bV3fcCKI5P7_y5cEaFol-75xPYaGqvYysZXlD2yEdc64wFON__MnfGiu9ek6oHSZne7i9WlW_6boUviZ65ba_2UqovQNCgAIVWiLUOn_2mS87rCZrZQMKtNdCIBW-nM9gfuuuJ2z2SZyXP7e0HQ_gGzQDDSx6uYmIvuFukTJpCDqJVCYhGzffqpT2QO86G2Op4VU1PTytTmDix82ECQU0LnOs6PZfsWnKNu50CE6lcYbbD-oI?authuser=1&amp;fife=s16383"]</value></Data></ExtendedData><Point><coordinates>13.180056,32.894734,0</coordinates></Point></Placemark><Placemark><name>الحنفية (الشيشمة) العثمانية</name><description>&lt;div class="atlas-popup" dir="rtl"&gt;&lt;h3&gt;الحنفية (الشيشمة) العثمانية&lt;/h3&gt;&lt;div class="atlas-popup-gallery"&gt;&lt;img src="https://mymaps.usercontent.google.com/hostedimage/m/*/3AAjQbR6Spk44f7vUp5qOnQOiUEgKPgtrOuvy7yEkJd7W2nLziqZcpSNXo23Pisdqd0K4OFcS4hvwCobYTKT4DyBQ7kSvUWuMwbOl2XGiSMzMAgNmYpsV_qYlKZZdiAkL5hsDVHQ6acguteaf51ECWAun7UTce6Q7kx2xWMPaFoW3pc1WO_XkOwhROgOhro_LkDymmEmJC9kwktDxkWfJWXYoxWorHe6A7fNHN7Kc6kX3txXbIzTSjpnVRjuy_vo?authuser=1&amp;amp;fife=s16383" alt="الحنفية (الشيشمة) العثمانية" loading="lazy" class="atlas-popup-image"&gt;&lt;img src="https://mymaps.usercontent.google.com/hostedimage/m/*/3AAjQbR4i5GSkQHC21wocxUKKxA9xBiCRAeVe91rEy7RspZax8DgI5fpT74RUR4tQ3qfxgAYglHhukpPRKPbAXBkgFw_DPmb5yYM3u24GKSS52bCwhgMoCL0nUHXexgLN_gRhLaPKU02M0Yzj_m_tDSt7ScJL8pi4ndmSIRgZGnvcvGlA7QqnhkZKEdmiDLmakv0okEcgqXyxOrD_rrpo5aCi047YanY0SDgeBnhGPvyXcyRNr5ylAu1HRHsODHk?authuser=1&amp;amp;fife=s16383" alt="الحنفية (الشيشمة) العثمانية" loading="lazy" class="atlas-popup-image"&gt;&lt;/div&gt;&lt;div class="atlas-popup-details"&gt;&lt;div&gt;&lt;strong&gt;الاسم بالإنجليزية:&lt;/strong&gt; A SHESHMA&lt;/div&gt;&lt;div&gt;&lt;strong&gt;التصنيف:&lt;/strong&gt; معلم تاريخي ( حنفية عمومية )&lt;/div&gt;&lt;div&gt;&lt;strong&gt;العنوان:&lt;/strong&gt; طرابلس/المدينة القديمة&lt;/div&gt;&lt;div&gt;&lt;strong&gt;الوصف:&lt;/strong&gt; الحنفية (الشيشمة) العثمانية&lt;/div&gt;&lt;/div&gt;&lt;/div&gt;</description><ExtendedData><Data name="atlas_id"><value>LY-OLD-TRIPOLI-00018</value></Data><Data name="name_en"><value>A SHESHMA</value></Data><Data name="category"><value>معلم تاريخي ( حنفية عمومية )</value></Data><Data name="address"><value>طرابلس/المدينة القديمة</value></Data><Data name="description"><value>الحنفية (الشيشمة) العثمانية</value></Data><Data name="image_count"><value>2</value></Data><Data name="source_file"><value>المدينة القديمة _طرابلس.kml</value></Data><Data name="images_json"><value>["/assets/images/old-tripoli/old-tripoli-LY-OLD-TRIPOLI-00018-01.png","/assets/images/old-tripoli/old-tripoli-LY-OLD-TRIPOLI-00018-02.png"]</value></Data><Data name="atlas_id"><value>LY-OLD-TRIPOLI-00018</value></Data><Data name="image_count"><value>2</value></Data><Data name="source_file"><value>المدينة القديمة _طرابلس.kml</value></Data><Data name="images_json"><value>["/assets/images/old-tripoli/old-tripoli-LY-OLD-TRIPOLI-00018-01.png","/assets/images/old-tripoli/old-tripoli-LY-OLD-TRIPOLI-00018-02.png"]</value></Data><Data name="atlas_id"><value>LY-TRI-000018</value></Data><Data name="layer_id"><value>old-tripoli</value></Data><Data name="layer_name_ar"><value>المدينة القديمة طرابلس</value></Data><Data name="layer_name_en"><value>Old Tripoli</value></Data><Data name="name_ar"><value>الحنفية (الشيشمة) العثمانية</value></Data><Data name="latitude"><value>32.895597</value></Data><Data name="longitude"><value>13.17309</value></Data><Data name="images_json"><value>["/assets/images/old-tripoli/old-tripoli-LY-OLD-TRIPOLI-00018-01.png","/assets/images/old-tripoli/old-tripoli-LY-OLD-TRIPOLI-00018-02.png"]</value></Data><Data name="image_count"><value>2</value></Data><Data name="source_file"><value>developed/old-tripoli-developed.kml</value></Data><Data name="source_placemark_index"><value>18</value></Data><Data name="data_quality_status"><value>ok</value></Data><Data name="source_media_url"><value>["https://mymaps.usercontent.google.com/hostedimage/m/*/3AAjQbR6Spk44f7vUp5qOnQOiUEgKPgtrOuvy7yEkJd7W2nLziqZcpSNXo23Pisdqd0K4OFcS4hvwCobYTKT4DyBQ7kSvUWuMwbOl2XGiSMzMAgNmYpsV_qYlKZZdiAkL5hsDVHQ6acguteaf51ECWAun7UTce6Q7kx2xWMPaFoW3pc1WO_XkOwhROgOhro_LkDymmEmJC9kwktDxkWfJWXYoxWorHe6A7fNHN7Kc6kX3txXbIzTSjpnVRjuy_vo?authuser=1&amp;fife=s16383","https://mymaps.usercontent.google.com/hostedimage/m/*/3AAjQbR4i5GSkQHC21wocxUKKxA9xBiCRAeVe91rEy7RspZax8DgI5fpT74RUR4tQ3qfxgAYglHhukpPRKPbAXBkgFw_DPmb5yYM3u24GKSS52bCwhgMoCL0nUHXexgLN_gRhLaPKU02M0Yzj_m_tDSt7ScJL8pi4ndmSIRgZGnvcvGlA7QqnhkZKEdmiDLmakv0okEcgqXyxOrD_rrpo5aCi047YanY0SDgeBnhGPvyXcyRNr5ylAu1HRHsODHk?authuser=1&amp;fife=s16383"]</value></Data></ExtendedData><Point><coordinates>13.17309,32.895597,0</coordinates></Point></Placemark><Placemark><name>البيت الموريسكي(كازا موريسكي)</name><description>&lt;div class="atlas-popup" dir="rtl"&gt;&lt;h3&gt;البيت الموريسكي(كازا موريسكي)&lt;/h3&gt;&lt;div class="atlas-popup-gallery"&gt;&lt;img src="https://mymaps.usercontent.google.com/hostedimage/m/*/3AAjQbR5xUcyHcv3iGajTgZsEuCQ5lvtSLOy0KgPXnD_L6vx4NIY7OVYdDMJ23M2xD4NobFH0wdk0zJ9qYK4gKsXuArXpr1SxLJ9jifEzR2ZhXu-ZFE5MQ2r27sucltS8vtFJ6-XTp4Rfd2qQ4FL8HjWj3WEwopLbd-kQKUXBx78BTjSDZ2IWocKfftkpUTkeA_lYSxQBYCkBJVY5q1OzHBdqVNH8CCBn58PgZjMThKjYk6tfyddyZBg8aZ6Qycw?authuser=1&amp;amp;fife=s16383" alt="البيت الموريسكي(كازا موريسكي)" loading="lazy" class="atlas-popup-image"&gt;&lt;/div&gt;&lt;div class="atlas-popup-details"&gt;&lt;div&gt;&lt;strong&gt;الاسم بالإنجليزية:&lt;/strong&gt; Casa Morischi&lt;/div&gt;&lt;div&gt;&lt;strong&gt;التصنيف:&lt;/strong&gt; معلم اثري&lt;/div&gt;&lt;div&gt;&lt;strong&gt;العنوان:&lt;/strong&gt; المدينه القديمة_شارع الأربع عرصات&lt;/div&gt;&lt;div&gt;&lt;strong&gt;الوصف:&lt;/strong&gt; مطعم تقليدي تراثي&lt;/div&gt;&lt;/div&gt;&lt;/div&gt;</description><ExtendedData><Data name="atlas_id"><value>LY-OLD-TRIPOLI-00019</value></Data><Data name="name_en"><value>Casa Morischi</value></Data><Data name="category"><value>معلم اثري</value></Data><Data name="address"><value>المدينه القديمة_شارع الأربع عرصات</value></Data><Data name="description"><value>مطعم تقليدي تراثي</value></Data><Data name="image_count"><value>1</value></Data><Data name="source_file"><value>المدينة القديمة _طرابلس.kml</value></Data><Data name="images_json"><value>["/assets/images/old-tripoli/old-tripoli-LY-OLD-TRIPOLI-00019-01.png"]</value></Data><Data name="atlas_id"><value>LY-OLD-TRIPOLI-00019</value></Data><Data name="image_count"><value>1</value></Data><Data name="source_file"><value>المدينة القديمة _طرابلس.kml</value></Data><Data name="images_json"><value>["/assets/images/old-tripoli/old-tripoli-LY-OLD-TRIPOLI-00019-01.png"]</value></Data><Data name="atlas_id"><value>LY-TRI-000019</value></Data><Data name="layer_id"><value>old-tripoli</value></Data><Data name="layer_name_ar"><value>المدينة القديمة طرابلس</value></Data><Data name="layer_name_en"><value>Old Tripoli</value></Data><Data name="name_ar"><value>البيت الموريسكي(كازا موريسكي)</value></Data><Data name="latitude"><value>32.8963209</value></Data><Data name="longitude"><value>13.1772054</value></Data><Data name="images_json"><value>["/assets/images/old-tripoli/old-tripoli-LY-OLD-TRIPOLI-00019-01.png"]</value></Data><Data name="image_count"><value>1</value></Data><Data name="source_file"><value>developed/old-tripoli-developed.kml</value></Data><Data name="source_placemark_index"><value>19</value></Data><Data name="data_quality_status"><value>ok</value></Data><Data name="source_media_url"><value>["https://mymaps.usercontent.google.com/hostedimage/m/*/3AAjQbR5xUcyHcv3iGajTgZsEuCQ5lvtSLOy0KgPXnD_L6vx4NIY7OVYdDMJ23M2xD4NobFH0wdk0zJ9qYK4gKsXuArXpr1SxLJ9jifEzR2ZhXu-ZFE5MQ2r27sucltS8vtFJ6-XTp4Rfd2qQ4FL8HjWj3WEwopLbd-kQKUXBx78BTjSDZ2IWocKfftkpUTkeA_lYSxQBYCkBJVY5q1OzHBdqVNH8CCBn58PgZjMThKjYk6tfyddyZBg8aZ6Qycw?authuser=1&amp;fife=s16383"]</value></Data></ExtendedData><Point><coordinates>13.1772054,32.8963209,0</coordinates></Point></Placemark><Placemark><name>البيت المزدهر كافي</name><description>&lt;div class="atlas-popup" dir="rtl"&gt;&lt;h3&gt;البيت المزدهر كافي&lt;/h3&gt;&lt;div class="atlas-popup-gallery"&gt;&lt;img src="https://mymaps.usercontent.google.com/hostedimage/m/*/3AAjQbR5Z2z6_bBYcvTfehcsfYaJuprjJ3XuGUOoje8UXpW8IfV3NxhuGC4aR91gcDypjF2l9F-ufFB0OgFF4muTUX6T2Ym8QwWSNOqKdKMw6l2AgYUJCYaHsqJo-meSntFonIUcnFTQhzJCO15r7lAPu1EJxgKuPEWMavNxeJmm55gpkwCY3067sN-b2QcuujBubbSm6D_Fpz-eJ8Kr0Hiiovw1a8j9DmbqaUJLtUyzW_lgZGR434f9Bm8RpS78?authuser=1&amp;amp;fife=s16383" alt="البيت المزدهر كافي" loading="lazy" class="atlas-popup-image"&gt;&lt;img src="https://mymaps.usercontent.google.com/hostedimage/m/*/3AAjQbR6KCAGpKpH2i8eHJE1KZ_8sKLRZB1a-GVRKuWNuNKEd7cCPUM2E1Gs2Y1FYtHTssEytLBGWnNVHmdFO-FoVp7XRV4eRB9pk0zjr_cJAtoKoOmt0jvRA6mgSL7_6IYRCujQY3D2SorMPs6NAFc-6gmuO-9OIRZ8Tzim00KbxS05FIHwU1FNQAFXifHJUGC6CoZInPaxPdzoQy-O2jpt3-uP0QqTR-HhzklXGDE-scltPclPNEstIhhpd8m4?authuser=1&amp;amp;fife=s16383" alt="البيت المزدهر كافي" loading="lazy" class="atlas-popup-image"&gt;&lt;img src="https://mymaps.usercontent.google.com/hostedimage/m/*/3AAjQbR7lmDPddH-D0mD8bkwzEZAGMawzpglJCiOZ7c6KxkD-iGOJT02Qfu8WpvpDK9Xk0OeM4ZVHId82-jzjv4AHkCD1QvGoJfWQwEC3p9BYIle_Ay7u0Op9jEc00EpIhx4sojgu5doUYeDvKZkqisX9l954pLzbkX3UO7ZFRsUbnVoHPQP3jMQmsozzhvl-n9bWV2jQauud33DTjV77eMd3-lYm4bHniSAY8Z1KZfCJZfhJ16ldakPk9uw35Lo?authuser=1&amp;amp;fife=s16383" alt="البيت المزدهر كافي" loading="lazy" class="atlas-popup-image"&gt;&lt;/div&gt;&lt;div class="atlas-popup-details"&gt;&lt;div&gt;&lt;strong&gt;الاسم بالإنجليزية:&lt;/strong&gt; House Cafe / Al Bait Al Mozdaher&lt;/div&gt;&lt;div&gt;&lt;strong&gt;التصنيف:&lt;/strong&gt; مقهى&lt;/div&gt;&lt;div&gt;&lt;strong&gt;العنوان:&lt;/strong&gt; يقع في الدور الأرضي لبيت تراثي قديم متفرع من الزقاق الواقع خلف مقهى دي روما (Caffè di Roma) مباشرة.ستجده بجوار باب معمر ومبنى مطعم تريبوليس.&lt;/div&gt;&lt;div&gt;&lt;strong&gt;الوصف:&lt;/strong&gt; كافي ملحق بمشتل في بيت على الطراز الغتيق&lt;/div&gt;&lt;/div&gt;&lt;/div&gt;</description><ExtendedData><Data name="atlas_id"><value>LY-OLD-TRIPOLI-00020</value></Data><Data name="name_en"><value>House Cafe / Al Bait Al Mozdaher</value></Data><Data name="category"><value>مقهى</value></Data><Data name="address"><value>يقع في الدور الأرضي لبيت تراثي قديم متفرع من الزقاق الواقع خلف مقهى دي روما (Caffè di Roma) مباشرة.ستجده بجوار باب معمر ومبنى مطعم تريبوليس.</value></Data><Data name="description"><value>كافي ملحق بمشتل في بيت على الطراز الغتيق</value></Data><Data name="image_count"><value>3</value></Data><Data name="source_file"><value>المدينة القديمة _طرابلس.kml</value></Data><Data name="images_json"><value>["/assets/images/old-tripoli/old-tripoli-LY-OLD-TRIPOLI-00020-01.png","/assets/images/old-tripoli/old-tripoli-LY-OLD-TRIPOLI-00020-02.png","/assets/images/old-tripoli/old-tripoli-LY-OLD-TRIPOLI-00020-03.png"]</value></Data><Data name="atlas_id"><value>LY-OLD-TRIPOLI-00020</value></Data><Data name="image_count"><value>3</value></Data><Data name="source_file"><value>المدينة القديمة _طرابلس.kml</value></Data><Data name="images_json"><value>["/assets/images/old-tripoli/old-tripoli-LY-OLD-TRIPOLI-00020-01.png","/assets/images/old-tripoli/old-tripoli-LY-OLD-TRIPOLI-00020-02.png","/assets/images/old-tripoli/old-tripoli-LY-OLD-TRIPOLI-00020-03.png"]</value></Data><Data name="atlas_id"><value>LY-TRI-000020</value></Data><Data name="layer_id"><value>old-tripoli</value></Data><Data name="layer_name_ar"><value>المدينة القديمة طرابلس</value></Data><Data name="layer_name_en"><value>Old Tripoli</value></Data><Data name="name_ar"><value>البيت المزدهر كافي</value></Data><Data name="latitude"><value>32.8966114</value></Data><Data name="longitude"><value>13.1787331</value></Data><Data name="images_json"><value>["/assets/images/old-tripoli/old-tripoli-LY-OLD-TRIPOLI-00020-01.png","/assets/images/old-tripoli/old-tripoli-LY-OLD-TRIPOLI-00020-02.png","/assets/images/old-tripoli/old-tripoli-LY-OLD-TRIPOLI-00020-03.png"]</value></Data><Data name="image_count"><value>3</value></Data><Data name="source_file"><value>developed/old-tripoli-developed.kml</value></Data><Data name="source_placemark_index"><value>20</value></Data><Data name="data_quality_status"><value>ok</value></Data><Data name="source_media_url"><value>["https://mymaps.usercontent.google.com/hostedimage/m/*/3AAjQbR5Z2z6_bBYcvTfehcsfYaJuprjJ3XuGUOoje8UXpW8IfV3NxhuGC4aR91gcDypjF2l9F-ufFB0OgFF4muTUX6T2Ym8QwWSNOqKdKMw6l2AgYUJCYaHsqJo-meSntFonIUcnFTQhzJCO15r7lAPu1EJxgKuPEWMavNxeJmm55gpkwCY3067sN-b2QcuujBubbSm6D_Fpz-eJ8Kr0Hiiovw1a8j9DmbqaUJLtUyzW_lgZGR434f9Bm8RpS78?authuser=1&amp;fife=s16383","https://mymaps.usercontent.google.com/hostedimage/m/*/3AAjQbR6KCAGpKpH2i8eHJE1KZ_8sKLRZB1a-GVRKuWNuNKEd7cCPUM2E1Gs2Y1FYtHTssEytLBGWnNVHmdFO-FoVp7XRV4eRB9pk0zjr_cJAtoKoOmt0jvRA6mgSL7_6IYRCujQY3D2SorMPs6NAFc-6gmuO-9OIRZ8Tzim00KbxS05FIHwU1FNQAFXifHJUGC6CoZInPaxPdzoQy-O2jpt3-uP0QqTR-HhzklXGDE-scltPclPNEstIhhpd8m4?authuser=1&amp;fife=s16383","https://mymaps.usercontent.google.com/hostedimage/m/*/3AAjQbR7lmDPddH-D0mD8bkwzEZAGMawzpglJCiOZ7c6KxkD-iGOJT02Qfu8WpvpDK9Xk0OeM4ZVHId82-jzjv4AHkCD1QvGoJfWQwEC3p9BYIle_Ay7u0Op9jEc00EpIhx4sojgu5doUYeDvKZkqisX9l954pLzbkX3UO7ZFRsUbnVoHPQP3jMQmsozzhvl-n9bWV2jQauud33DTjV77eMd3-lYm4bHniSAY8Z1KZfCJZfhJ16ldakPk9uw35Lo?authuser=1&amp;fife=s16383"]</value></Data></ExtendedData><Point><coordinates>13.1787331,32.8966114,0</coordinates></Point></Placemark><Placemark><name>ميدان السيدة مريم</name><description>&lt;div class="atlas-popup" dir="rtl"&gt;&lt;h3&gt;ميدان السيدة مريم&lt;/h3&gt;&lt;div class="atlas-popup-gallery"&gt;&lt;img src="https://mymaps.usercontent.google.com/hostedimage/m/*/3AAjQbR4vfHMYskbTngC0hGYkFqvxmeqVZUcTXVC6Eh9vnft3PlpPqa3lRw14vFXLJmfxMsyvPnFpJIFYY5n5k7WI4gaKQKdx9eBuJ0RZM5Hyuc8VWCMuWP7ihzI5sp-PrEZoyLwLy8jg6SWybfBEEszONG6aZVatvS7lKhOXg12HCT-Hz3yNpVVqgv_LsYJzW6A8iP6d9L9LJ6bVfv5MG2I5ela_LMUK-LnvwlMNJW5Up_ZrbNec2xl2pSgT6vA?authuser=1&amp;amp;fife=s16383" alt="ميدان السيدة مريم" loading="lazy" class="atlas-popup-image"&gt;&lt;img src="https://mymaps.usercontent.google.com/hostedimage/m/*/3AAjQbR72suai48LlMbR7mQjg5RWRi1Y_NWajeGr0_eWhbjKjX1dyRbIBfi5qYps4mpVYAzauy2lFUhekcIGuQ589fWsOtDxIRxdWMC9qzoKWIFs76EFXmw2fR9YLunz4sPtSUydHeSRg8ldNDw1QKE_mT6BURqRFP_7eJ49aslBIu0V-_taHbLI7dG9WL2xO0zlOiRD2Rt7bVCmHCcIj3mlzDCDYx7IRcEgW2D2XqSzWfe3Auusd5ODG5CYeElY?authuser=1&amp;amp;fife=s16383" alt="ميدان السيدة مريم" loading="lazy" class="atlas-popup-image"&gt;&lt;img src="https://mymaps.usercontent.google.com/hostedimage/m/*/3AAjQbR4TBwi9s96BRYMdoM2-C3bIGte8XIekT4DjiHuYvZ4CUp5WMcYnf8mEgvojnatfJIssl7jz0YGn5-NXg8CDnmbZTLwiHnmD8nQDb7Nsb4dkGYZrCz1vxSV5DZ69z6OLZCYM-FJBEbr0cVeIFlpfVWNxeEhHTdZwc1mtccW5zEZImmNTIBz9nF6NMoEVkUduiZ5IAq6ycUMDwI1GW87jADcHXJU84HBuDetVJbVI2U316NvJqJY4W37G26M?authuser=1&amp;amp;fife=s16383" alt="ميدان السيدة مريم" loading="lazy" class="atlas-popup-image"&gt;&lt;/div&gt;&lt;div class="atlas-popup-details"&gt;&lt;div&gt;&lt;strong&gt;الاسم بالإنجليزية:&lt;/strong&gt; Santa Maria Square&lt;/div&gt;&lt;div&gt;&lt;strong&gt;التصنيف:&lt;/strong&gt; تاريخي&lt;/div&gt;&lt;div&gt;&lt;strong&gt;العنوان:&lt;/strong&gt; المدينة القديمة&lt;/div&gt;&lt;div&gt;&lt;strong&gt;الوصف:&lt;/strong&gt; نشأ الميدان كفضاء مفتوح (وسعاية) تحيط به مبانٍ خدمية وقنصلية.&lt;/div&gt;&lt;/div&gt;&lt;/div&gt;</description><ExtendedData><Data name="atlas_id"><value>LY-OLD-TRIPOLI-00021</value></Data><Data name="name_en"><value>Santa Maria Square</value></Data><Data name="category"><value>تاريخي</value></Data><Data name="address"><value>المدينة القديمة</value></Data><Data name="description"><value>نشأ الميدان كفضاء مفتوح (وسعاية) تحيط به مبانٍ خدمية وقنصلية.</value></Data><Data name="image_count"><value>3</value></Data><Data name="source_file"><value>المدينة القديمة _طرابلس.kml</value></Data><Data name="images_json"><value>["/assets/images/old-tripoli/old-tripoli-LY-OLD-TRIPOLI-00021-01.png","/assets/images/old-tripoli/old-tripoli-LY-OLD-TRIPOLI-00021-02.png","/assets/images/old-tripoli/old-tripoli-LY-OLD-TRIPOLI-00021-03.png"]</value></Data><Data name="atlas_id"><value>LY-OLD-TRIPOLI-00021</value></Data><Data name="image_count"><value>3</value></Data><Data name="source_file"><value>المدينة القديمة _طرابلس.kml</value></Data><Data name="images_json"><value>["/assets/images/old-tripoli/old-tripoli-LY-OLD-TRIPOLI-00021-01.png","/assets/images/old-tripoli/old-tripoli-LY-OLD-TRIPOLI-00021-02.png","/assets/images/old-tripoli/old-tripoli-LY-OLD-TRIPOLI-00021-03.png"]</value></Data><Data name="atlas_id"><value>LY-TRI-000021</value></Data><Data name="layer_id"><value>old-tripoli</value></Data><Data name="layer_name_ar"><value>المدينة القديمة طرابلس</value></Data><Data name="layer_name_en"><value>Old Tripoli</value></Data><Data name="name_ar"><value>ميدان السيدة مريم</value></Data><Data name="latitude"><value>32.8987515</value></Data><Data name="longitude"><value>13.176104</value></Data><Data name="images_json"><value>["/assets/images/old-tripoli/old-tripoli-LY-OLD-TRIPOLI-00021-01.png","/assets/images/old-tripoli/old-tripoli-LY-OLD-TRIPOLI-00021-02.png","/assets/images/old-tripoli/old-tripoli-LY-OLD-TRIPOLI-00021-03.png"]</value></Data><Data name="image_count"><value>3</value></Data><Data name="source_file"><value>developed/old-tripoli-developed.kml</value></Data><Data name="source_placemark_index"><value>21</value></Data><Data name="data_quality_status"><value>ok</value></Data><Data name="source_media_url"><value>["https://mymaps.usercontent.google.com/hostedimage/m/*/3AAjQbR4vfHMYskbTngC0hGYkFqvxmeqVZUcTXVC6Eh9vnft3PlpPqa3lRw14vFXLJmfxMsyvPnFpJIFYY5n5k7WI4gaKQKdx9eBuJ0RZM5Hyuc8VWCMuWP7ihzI5sp-PrEZoyLwLy8jg6SWybfBEEszONG6aZVatvS7lKhOXg12HCT-Hz3yNpVVqgv_LsYJzW6A8iP6d9L9LJ6bVfv5MG2I5ela_LMUK-LnvwlMNJW5Up_ZrbNec2xl2pSgT6vA?authuser=1&amp;fife=s16383","https://mymaps.usercontent.google.com/hostedimage/m/*/3AAjQbR72suai48LlMbR7mQjg5RWRi1Y_NWajeGr0_eWhbjKjX1dyRbIBfi5qYps4mpVYAzauy2lFUhekcIGuQ589fWsOtDxIRxdWMC9qzoKWIFs76EFXmw2fR9YLunz4sPtSUydHeSRg8ldNDw1QKE_mT6BURqRFP_7eJ49aslBIu0V-_taHbLI7dG9WL2xO0zlOiRD2Rt7bVCmHCcIj3mlzDCDYx7IRcEgW2D2XqSzWfe3Auusd5ODG5CYeElY?authuser=1&amp;fife=s16383","https://mymaps.usercontent.google.com/hostedimage/m/*/3AAjQbR4TBwi9s96BRYMdoM2-C3bIGte8XIekT4DjiHuYvZ4CUp5WMcYnf8mEgvojnatfJIssl7jz0YGn5-NXg8CDnmbZTLwiHnmD8nQDb7Nsb4dkGYZrCz1vxSV5DZ69z6OLZCYM-FJBEbr0cVeIFlpfVWNxeEhHTdZwc1mtccW5zEZImmNTIBz9nF6NMoEVkUduiZ5IAq6ycUMDwI1GW87jADcHXJU84HBuDetVJbVI2U316NvJqJY4W37G26M?authuser=1&amp;fife=s16383"]</value></Data></ExtendedData><Point><coordinates>13.176104,32.8987515,0</coordinates></Point></Placemark><Placemark><name>ميدان بنك روما</name><description>&lt;div class="atlas-popup" dir="rtl"&gt;&lt;h3&gt;ميدان بنك روما&lt;/h3&gt;&lt;div class="atlas-popup-gallery"&gt;&lt;img src="https://mymaps.usercontent.google.com/hostedimage/m/*/3AAjQbR5VeosVDf33m6eb32zTQLF33_1Mp3BZKQuXj2r26X8DgnFPYCLlvOIEfcOE2C3xqDPJVLuOmZHaH6sNVxsFoXwcBxR7JeBJtPC53YkBtOoYIV9iafhndH4VtLpV9cDQHZanokQtbbVtrWWosHGjlGTn0lpnJKKS6xk6XkPkfMVBtfD3P9RMIWVxqgJvvTo6bZRItIKWD4I060m7KjjuGhiPw3xtMPWV3dyLG_tj7X1CAa2moC2sYHzNKEQ?authuser=1&amp;amp;fife=s16383" alt="ميدان بنك روما" loading="lazy" class="atlas-popup-image"&gt;&lt;/div&gt;&lt;div class="atlas-popup-details"&gt;&lt;div&gt;&lt;strong&gt;الاسم بالإنجليزية:&lt;/strong&gt; Bank of Rome Square&lt;/div&gt;&lt;div&gt;&lt;strong&gt;التصنيف:&lt;/strong&gt; معماري اثري تاريخي&lt;/div&gt;&lt;div&gt;&lt;strong&gt;العنوان:&lt;/strong&gt; يقع بالقرب من جامع المحمودي وكنيسة السيدة مريم العذراء داخل أسوار المدينة القديمة.&lt;/div&gt;&lt;div&gt;&lt;strong&gt;الوصف:&lt;/strong&gt; أُنشئ المبنى في العهد العثماني الثاني وعرف بـ &amp;quot;حوش رشيد بك&amp;quot;. تم افتتاحه كأول فرع لـ بنك روما في أبريل 1907.&lt;/div&gt;&lt;/div&gt;&lt;/div&gt;</description><ExtendedData><Data name="atlas_id"><value>LY-OLD-TRIPOLI-00022</value></Data><Data name="name_en"><value>Bank of Rome Square</value></Data><Data name="category"><value>معماري اثري تاريخي</value></Data><Data name="address"><value>يقع بالقرب من جامع المحمودي وكنيسة السيدة مريم العذراء داخل أسوار المدينة القديمة.</value></Data><Data name="description"><value>أُنشئ المبنى في العهد العثماني الثاني وعرف بـ "حوش رشيد بك". تم افتتاحه كأول فرع لـ بنك روما في أبريل 1907.</value></Data><Data name="image_count"><value>1</value></Data><Data name="source_file"><value>المدينة القديمة _طرابلس.kml</value></Data><Data name="images_json"><value>["/assets/images/old-tripoli/old-tripoli-LY-OLD-TRIPOLI-00022-01.png"]</value></Data><Data name="atlas_id"><value>LY-OLD-TRIPOLI-00022</value></Data><Data name="image_count"><value>1</value></Data><Data name="source_file"><value>المدينة القديمة _طرابلس.kml</value></Data><Data name="images_json"><value>["/assets/images/old-tripoli/old-tripoli-LY-OLD-TRIPOLI-00022-01.png"]</value></Data><Data name="atlas_id"><value>LY-TRI-000022</value></Data><Data name="layer_id"><value>old-tripoli</value></Data><Data name="layer_name_ar"><value>المدينة القديمة طرابلس</value></Data><Data name="layer_name_en"><value>Old Tripoli</value></Data><Data name="name_ar"><value>ميدان بنك روما</value></Data><Data name="latitude"><value>32.8987542</value></Data><Data name="longitude"><value>13.1760187</value></Data><Data name="images_json"><value>["/assets/images/old-tripoli/old-tripoli-LY-OLD-TRIPOLI-00022-01.png"]</value></Data><Data name="image_count"><value>1</value></Data><Data name="source_file"><value>developed/old-tripoli-developed.kml</value></Data><Data name="source_placemark_index"><value>22</value></Data><Data name="data_quality_status"><value>ok</value></Data><Data name="source_media_url"><value>["https://mymaps.usercontent.google.com/hostedimage/m/*/3AAjQbR5VeosVDf33m6eb32zTQLF33_1Mp3BZKQuXj2r26X8DgnFPYCLlvOIEfcOE2C3xqDPJVLuOmZHaH6sNVxsFoXwcBxR7JeBJtPC53YkBtOoYIV9iafhndH4VtLpV9cDQHZanokQtbbVtrWWosHGjlGTn0lpnJKKS6xk6XkPkfMVBtfD3P9RMIWVxqgJvvTo6bZRItIKWD4I060m7KjjuGhiPw3xtMPWV3dyLG_tj7X1CAa2moC2sYHzNKEQ?authuser=1&amp;fife=s16383"]</value></Data></ExtendedData><Point><coordinates>13.1760187,32.8987542,0</coordinates></Point></Placemark><Placemark><name>الساحة ميدان الشهداء</name><description>&lt;div class="atlas-popup" dir="rtl"&gt;&lt;h3&gt;الساحة ميدان الشهداء&lt;/h3&gt;&lt;div class="atlas-popup-gallery"&gt;&lt;/div&gt;&lt;div class="atlas-popup-details"&gt;&lt;div&gt;&lt;strong&gt;الوصف:&lt;/strong&gt; En: الوصف: العنوان: النوع: معلومات اخرى:&lt;/div&gt;&lt;/div&gt;&lt;/div&gt;</description><ExtendedData><Data name="atlas_id"><value>LY-OLD-TRIPOLI-00023</value></Data><Data name="description"><value>En: الوصف: العنوان: النوع: معلومات اخرى:</value></Data><Data name="image_count"><value>0</value></Data><Data name="source_file"><value>المدينة القديمة _طرابلس.kml</value></Data><Data name="images_json"><value>[]</value></Data><Data name="atlas_id"><value>LY-OLD-TRIPOLI-00023</value></Data><Data name="image_count"><value>0</value></Data><Data name="source_file"><value>المدينة القديمة _طرابلس.kml</value></Data><Data name="images_json"><value>[]</value></Data><Data name="atlas_id"><value>LY-TRI-000023</value></Data><Data name="layer_id"><value>old-tripoli</value></Data><Data name="layer_name_ar"><value>المدينة القديمة طرابلس</value></Data><Data name="layer_name_en"><value>Old Tripoli</value></Data><Data name="name_ar"><value>الساحة ميدان الشهداء</value></Data><Data name="latitude"><value>32.8946192</value></Data><Data name="longitude"><value>13.1806004</value></Data><Data name="images_json"><value>[]</value></Data><Data name="image_count"><value>0</value></Data><Data name="source_file"><value>developed/old-tripoli-developed.kml</value></Data><Data name="source_placemark_index"><value>23</value></Data><Data name="data_quality_status"><value>missing_media</value></Data></ExtendedData><Point><coordinates>13.1806004,32.8946192,0</coordinates></Point></Placemark><Placemark><name>قصر درغوت</name><description>&lt;div class="atlas-popup" dir="rtl"&gt;&lt;h3&gt;قصر درغوت&lt;/h3&gt;&lt;div class="atlas-popup-gallery"&gt;&lt;img src="https://mymaps.usercontent.google.com/hostedimage/m/*/3AAjQbR6xKJdH5Buz7XIbsSXm5MBPgvtOMlM0gVse5raAvhR_WBNczlJoRkfa7cjkVMCuqGi0M4am4cfl6HsNQUfUCWkx7soFhdUGCIkOl9ro-f66Q0DGrieVXdMHs6oa9CmIQzauN4hmmSKnrdxNx6PTk5ghTuZEdXpqiayhN6aYh7SnBdSiwRoDLSbTU6a675MjJpHJpnkrRLHQCahHQzYhE2S-W0MlPoKXV32M2o94bL79b3biJVSxLrgn6fc?authuser=1&amp;amp;fife=s16383" alt="قصر درغوت" loading="lazy" class="atlas-popup-image"&gt;&lt;img src="https://mymaps.usercontent.google.com/hostedimage/m/*/3AAjQbR4QjeZmEdGijANcOjf7u9LJlJBNHy3MUV2sCbiJAcQft7zcV_RrvhCsuGEfOpmVOBHTekhWzQF8P-IHE69M3vU4Mrndby-ye2Po646k6aj8fZxCbe3Dcguc6r_lpmribLjYl7qQ95Y9ydR_7kDqoTzuMJzCWJMCS9k7p5A9gL-fuh6Vs7s3I8n8cuOi72rnAZ7L9v5UE3HGWHw_uwhesmFKu31tBweHp6f5uuRRdrNayD0FJ2X5JpMEnlg?authuser=1&amp;amp;fife=s16383" alt="قصر درغوت" loading="lazy" class="atlas-popup-image"&gt;&lt;/div&gt;&lt;div class="atlas-popup-details"&gt;&lt;div&gt;&lt;strong&gt;الاسم بالإنجليزية:&lt;/strong&gt; Qasr Darghouth Restaurant&lt;/div&gt;&lt;div&gt;&lt;strong&gt;التصنيف:&lt;/strong&gt; مطعم سياحي&lt;/div&gt;&lt;div&gt;&lt;strong&gt;العنوان:&lt;/strong&gt; ميدان السيده مريم، طرابلس&lt;/div&gt;&lt;div&gt;&lt;strong&gt;الوصف:&lt;/strong&gt; مأكولات عربية&lt;/div&gt;&lt;/div&gt;&lt;/div&gt;</description><ExtendedData><Data name="atlas_id"><value>LY-OLD-TRIPOLI-00024</value></Data><Data name="name_en"><value>Qasr Darghouth Restaurant</value></Data><Data name="category"><value>مطعم سياحي</value></Data><Data name="address"><value>ميدان السيده مريم، طرابلس</value></Data><Data name="description"><value>مأكولات عربية</value></Data><Data name="image_count"><value>2</value></Data><Data name="source_file"><value>المدينة القديمة _طرابلس.kml</value></Data><Data name="images_json"><value>["/assets/images/old-tripoli/old-tripoli-LY-OLD-TRIPOLI-00024-01.png","/assets/images/old-tripoli/old-tripoli-LY-OLD-TRIPOLI-00024-02.png"]</value></Data><Data name="atlas_id"><value>LY-OLD-TRIPOLI-00024</value></Data><Data name="image_count"><value>2</value></Data><Data name="source_file"><value>المدينة القديمة _طرابلس.kml</value></Data><Data name="images_json"><value>["/assets/images/old-tripoli/old-tripoli-LY-OLD-TRIPOLI-00024-01.png","/assets/images/old-tripoli/old-tripoli-LY-OLD-TRIPOLI-00024-02.png"]</value></Data><Data name="atlas_id"><value>LY-TRI-000024</value></Data><Data name="layer_id"><value>old-tripoli</value></Data><Data name="layer_name_ar"><value>المدينة القديمة طرابلس</value></Data><Data name="layer_name_en"><value>Old Tripoli</value></Data><Data name="name_ar"><value>قصر درغوت</value></Data><Data name="latitude"><value>32.8986043</value></Data><Data name="longitude"><value>13.1757101</value></Data><Data name="images_json"><value>["/assets/images/old-tripoli/old-tripoli-LY-OLD-TRIPOLI-00024-01.png","/assets/images/old-tripoli/old-tripoli-LY-OLD-TRIPOLI-00024-02.png"]</value></Data><Data name="image_count"><value>2</value></Data><Data name="source_file"><value>developed/old-tripoli-developed.kml</value></Data><Data name="source_placemark_index"><value>24</value></Data><Data name="data_quality_status"><value>ok</value></Data><Data name="source_media_url"><value>["https://mymaps.usercontent.google.com/hostedimage/m/*/3AAjQbR6xKJdH5Buz7XIbsSXm5MBPgvtOMlM0gVse5raAvhR_WBNczlJoRkfa7cjkVMCuqGi0M4am4cfl6HsNQUfUCWkx7soFhdUGCIkOl9ro-f66Q0DGrieVXdMHs6oa9CmIQzauN4hmmSKnrdxNx6PTk5ghTuZEdXpqiayhN6aYh7SnBdSiwRoDLSbTU6a675MjJpHJpnkrRLHQCahHQzYhE2S-W0MlPoKXV32M2o94bL79b3biJVSxLrgn6fc?authuser=1&amp;fife=s16383","https://mymaps.usercontent.google.com/hostedimage/m/*/3AAjQbR4QjeZmEdGijANcOjf7u9LJlJBNHy3MUV2sCbiJAcQft7zcV_RrvhCsuGEfOpmVOBHTekhWzQF8P-IHE69M3vU4Mrndby-ye2Po646k6aj8fZxCbe3Dcguc6r_lpmribLjYl7qQ95Y9ydR_7kDqoTzuMJzCWJMCS9k7p5A9gL-fuh6Vs7s3I8n8cuOi72rnAZ7L9v5UE3HGWHw_uwhesmFKu31tBweHp6f5uuRRdrNayD0FJ2X5JpMEnlg?authuser=1&amp;fife=s16383"]</value></Data></ExtendedData><Point><coordinates>13.1757101,32.8986043,0</coordinates></Point></Placemark><Placemark><name>بيت اسكندر للفنون</name><description>&lt;div class="atlas-popup" dir="rtl"&gt;&lt;h3&gt;بيت اسكندر للفنون&lt;/h3&gt;&lt;div class="atlas-popup-gallery"&gt;&lt;img src="https://mymaps.usercontent.google.com/hostedimage/m/*/3AAjQbR7yZdF6J7-ZI_ICnG1Qw9O04wHA6bZYP2SHffbPXzIrgKzso4QhkHj8EFa_nqQ4aBCJ1r261_eNzaJpTPT6XkeUfXffInPfrs9uzKmXcOkBtLLGx2EC6QKE3pjIy0pq6uMvVyawb0XH4Q9pp69VA9hXFez8-kvcgFZ5UrPHzwzvn2-IL_1XxIa_sTj_yLSXN4IXtyXJJjoXn78Q4EcvB3mc_6IOO0IhxtcQfCymeosxxJ7mhqKxL2NkjGE?authuser=1&amp;amp;fife=s16383" alt="بيت اسكندر للفنون" loading="lazy" class="atlas-popup-image"&gt;&lt;img src="https://mymaps.usercontent.google.com/hostedimage/m/*/3AAjQbR73TjGD3BjURHpyeABZHhldriuBskU1YFGWCqmao_IiaaRJ0RkJDlKCvplVo2PJMjqp1M-rMlabeT8Uznz_I3Ux4xQx979MuTpznx4S6br7GhZiXe2gDqH1qHGz1TjwgItGfpSkbUJHwXP5ih86n2f7beNOh3kudb-6hoVYA8xlY94jjBMLlLH_Zg-rIqSb_RIHpEY0GRIBNjoZ5QjtGE544INLpDVQxnVJ9Pbb9YaqGLepgqTUgpwWTyg?authuser=1&amp;amp;fife=s16383" alt="بيت اسكندر للفنون" loading="lazy" class="atlas-popup-image"&gt;&lt;/div&gt;&lt;div class="atlas-popup-details"&gt;&lt;div&gt;&lt;strong&gt;الاسم بالإنجليزية:&lt;/strong&gt; Eskender Arts House&lt;/div&gt;&lt;div&gt;&lt;strong&gt;التصنيف:&lt;/strong&gt; معماري اثري&lt;/div&gt;&lt;div&gt;&lt;strong&gt;العنوان:&lt;/strong&gt; المدينة القديمة&lt;/div&gt;&lt;div&gt;&lt;strong&gt;الوصف:&lt;/strong&gt; مركز ثقافي وفني ليبي بارز، ويُعد بمثابة قلب الثقافة النابض في العاصمة طرابلس. تأسس هذا الصرح الفني بمبادرة وجهود خاصة من عائلة إسكندر (بقيادة رجل الأعمال مصطفى إسكندر) بهدف دعم الهوية الليبية&lt;/div&gt;&lt;/div&gt;&lt;/div&gt;</description><ExtendedData><Data name="atlas_id"><value>LY-OLD-TRIPOLI-00025</value></Data><Data name="name_en"><value>Eskender Arts House</value></Data><Data name="category"><value>معماري اثري</value></Data><Data name="address"><value>المدينة القديمة</value></Data><Data name="description"><value>مركز ثقافي وفني ليبي بارز، ويُعد بمثابة قلب الثقافة النابض في العاصمة طرابلس. تأسس هذا الصرح الفني بمبادرة وجهود خاصة من عائلة إسكندر (بقيادة رجل الأعمال مصطفى إسكندر) بهدف دعم الهوية الليبية</value></Data><Data name="image_count"><value>2</value></Data><Data name="source_file"><value>المدينة القديمة _طرابلس.kml</value></Data><Data name="images_json"><value>["/assets/images/old-tripoli/old-tripoli-LY-OLD-TRIPOLI-00025-01.png","/assets/images/old-tripoli/old-tripoli-LY-OLD-TRIPOLI-00025-02.png"]</value></Data><Data name="atlas_id"><value>LY-OLD-TRIPOLI-00025</value></Data><Data name="image_count"><value>2</value></Data><Data name="source_file"><value>المدينة القديمة _طرابلس.kml</value></Data><Data name="images_json"><value>["/assets/images/old-tripoli/old-tripoli-LY-OLD-TRIPOLI-00025-01.png","/assets/images/old-tripoli/old-tripoli-LY-OLD-TRIPOLI-00025-02.png"]</value></Data><Data name="atlas_id"><value>LY-TRI-000025</value></Data><Data name="layer_id"><value>old-tripoli</value></Data><Data name="layer_name_ar"><value>المدينة القديمة طرابلس</value></Data><Data name="layer_name_en"><value>Old Tripoli</value></Data><Data name="name_ar"><value>بيت اسكندر للفنون</value></Data><Data name="latitude"><value>32.8989823</value></Data><Data name="longitude"><value>13.1762335</value></Data><Data name="images_json"><value>["/assets/images/old-tripoli/old-tripoli-LY-OLD-TRIPOLI-00025-01.png","/assets/images/old-tripoli/old-tripoli-LY-OLD-TRIPOLI-00025-02.png"]</value></Data><Data name="image_count"><value>2</value></Data><Data name="source_file"><value>developed/old-tripoli-developed.kml</value></Data><Data name="source_placemark_index"><value>25</value></Data><Data name="data_quality_status"><value>ok</value></Data><Data name="source_media_url"><value>["https://mymaps.usercontent.google.com/hostedimage/m/*/3AAjQbR7yZdF6J7-ZI_ICnG1Qw9O04wHA6bZYP2SHffbPXzIrgKzso4QhkHj8EFa_nqQ4aBCJ1r261_eNzaJpTPT6XkeUfXffInPfrs9uzKmXcOkBtLLGx2EC6QKE3pjIy0pq6uMvVyawb0XH4Q9pp69VA9hXFez8-kvcgFZ5UrPHzwzvn2-IL_1XxIa_sTj_yLSXN4IXtyXJJjoXn78Q4EcvB3mc_6IOO0IhxtcQfCymeosxxJ7mhqKxL2NkjGE?authuser=1&amp;fife=s16383","https://mymaps.usercontent.google.com/hostedimage/m/*/3AAjQbR73TjGD3BjURHpyeABZHhldriuBskU1YFGWCqmao_IiaaRJ0RkJDlKCvplVo2PJMjqp1M-rMlabeT8Uznz_I3Ux4xQx979MuTpznx4S6br7GhZiXe2gDqH1qHGz1TjwgItGfpSkbUJHwXP5ih86n2f7beNOh3kudb-6hoVYA8xlY94jjBMLlLH_Zg-rIqSb_RIHpEY0GRIBNjoZ5QjtGE544INLpDVQxnVJ9Pbb9YaqGLepgqTUgpwWTyg?authuser=1&amp;fife=s16383"]</value></Data></ExtendedData><Point><coordinates>13.1762335,32.8989823,0</coordinates></Point></Placemark><Placemark><name>دار عبدالله كريستا</name><description>&lt;div class="atlas-popup" dir="rtl"&gt;&lt;h3&gt;دار عبدالله كريستا&lt;/h3&gt;&lt;div class="atlas-popup-gallery"&gt;&lt;img src="https://mymaps.usercontent.google.com/hostedimage/m/*/3AAjQbR7LnbDWn93N7hCboGJBtQ2KurLDHsIKqw_PDiZsSP3-Wqy0rVfcHLpaWLS8VvXotc8DXOcmW-qTM805QPglR7n2E2cTNdw-bfAk6rdTK4oBEtM6nfAwShkxSGrF_Og0rIT0ZjYe-6dRferuM_TfxzNsRc0WAQ-ddk0sOLIzpi04AZ6s1cwKu8Ajj9Xo2heGH3ojXJMAwnCgctM69NlX3ZkvTkTphuBL-0g9-NDzJvF3AoWcc8rqpj1f-DE?authuser=1&amp;amp;fife=s16383" alt="دار عبدالله كريستا" loading="lazy" class="atlas-popup-image"&gt;&lt;img src="https://mymaps.usercontent.google.com/hostedimage/m/*/3AAjQbR4CC3Npd43tBNOSshbd8nKRT8P8nH8fePdCZkcJgIeE7zAEUQj3cB-tbyWnZkmfW4TMReAEyt1n57RwtwPFffpsJvLyoy0-jhmLmMl9LcrndSdADSC1hw8-5aTbXlcDqXp7bN93_WFoZFRHf906W14K89iFavVZG7_YEFPYTJYVnfgrLSWFi1aeRNbgRQDA1jF0weYh8t40K3KUnYo6I5SBXxVxSqzpiDP6ik8GaRhZucd9zsg4snPABCA?authuser=1&amp;amp;fife=s16383" alt="دار عبدالله كريستا" loading="lazy" class="atlas-popup-image"&gt;&lt;img src="https://mymaps.usercontent.google.com/hostedimage/m/*/3AAjQbR7PojKX-TEAeGDy689ujwnQ2xhrZJm3BZOijyWMUWuTpTlGbVeINwh_rNnuQEEzEIQrpkSwvG8qph6xwY-ZsWEwhpzyLvV1q4fsyOO1atfol99PH1Ap31vTe4x2W-JXRfZjcYQc5egkodvVblfKF9myHQ6Q4wDxuNK-55GV9Ro6N0HaRHKQhxy1wmFvqWng5EQML6GR0YHVmOJlDQymemQhkg_xyhbotVlkG7IaE7ugwr-RltegU30LcNA?authuser=1&amp;amp;fife=s16383" alt="دار عبدالله كريستا" loading="lazy" class="atlas-popup-image"&gt;&lt;img src="https://mymaps.usercontent.google.com/hostedimage/m/*/3AAjQbR6Nzd9Az6zreMFSMC0uJv2ihqYUZluLtOGO1ST2V806vk-JUZbQ3gN-ut5FjqMqZQZkOmGBuczNXXeylL0gUHmho5ZhOSxI-W7za1E8d8UNHU0NYcLGNygHuuaJ6x8SczCvGtnpY6BVbCchqME_H-IscH5WTLbvWFY5gFiKTZ3imlDp8329iaVx4Ju_I0j7iALnPCqeLLyhuxcDI4Dd5e7ruloXCXDyZsnkXSoHQhucniVDRvNPqd6kL-0?authuser=1&amp;amp;fife=s16383" alt="دار عبدالله كريستا" loading="lazy" class="atlas-popup-image"&gt;&lt;/div&gt;&lt;div class="atlas-popup-details"&gt;&lt;div&gt;&lt;strong&gt;الاسم بالإنجليزية:&lt;/strong&gt; Dar Abdullah Krista Cultural Center&lt;/div&gt;&lt;div&gt;&lt;strong&gt;التصنيف:&lt;/strong&gt; تاريخي ثقافي&lt;/div&gt;&lt;div&gt;&lt;strong&gt;العنوان:&lt;/strong&gt; تقع في قلب المدينة القديمة بالعاصمة طرابلس.&lt;/div&gt;&lt;div&gt;&lt;strong&gt;الوصف:&lt;/strong&gt; اول فضاء ثقافي مخصص للطفل في ليبيا&lt;/div&gt;&lt;/div&gt;&lt;/div&gt;</description><ExtendedData><Data name="atlas_id"><value>LY-OLD-TRIPOLI-00026</value></Data><Data name="name_en"><value>Dar Abdullah Krista Cultural Center</value></Data><Data name="category"><value>تاريخي ثقافي</value></Data><Data name="address"><value>تقع في قلب المدينة القديمة بالعاصمة طرابلس.</value></Data><Data name="description"><value>اول فضاء ثقافي مخصص للطفل في ليبيا</value></Data><Data name="image_count"><value>4</value></Data><Data name="source_file"><value>المدينة القديمة _طرابلس.kml</value></Data><Data name="images_json"><value>["/assets/images/old-tripoli/old-tripoli-LY-OLD-TRIPOLI-00026-01.png","/assets/images/old-tripoli/old-tripoli-LY-OLD-TRIPOLI-00025-01.png","/assets/images/old-tripoli/old-tripoli-LY-OLD-TRIPOLI-00026-03.png","/assets/images/old-tripoli/old-tripoli-LY-OLD-TRIPOLI-00025-02.png"]</value></Data><Data name="atlas_id"><value>LY-OLD-TRIPOLI-00026</value></Data><Data name="image_count"><value>4</value></Data><Data name="source_file"><value>المدينة القديمة _طرابلس.kml</value></Data><Data name="images_json"><value>["/assets/images/old-tripoli/old-tripoli-LY-OLD-TRIPOLI-00026-01.png","/assets/images/old-tripoli/old-tripoli-LY-OLD-TRIPOLI-00025-01.png","/assets/images/old-tripoli/old-tripoli-LY-OLD-TRIPOLI-00026-03.png","/assets/images/old-tripoli/old-tripoli-LY-OLD-TRIPOLI-00025-02.png"]</value></Data><Data name="atlas_id"><value>LY-TRI-000026</value></Data><Data name="layer_id"><value>old-tripoli</value></Data><Data name="layer_name_ar"><value>المدينة القديمة طرابلس</value></Data><Data name="layer_name_en"><value>Old Tripoli</value></Data><Data name="name_ar"><value>دار عبدالله كريستا</value></Data><Data name="latitude"><value>32.8988394</value></Data><Data name="longitude"><value>13.1755069</value></Data><Data name="images_json"><value>["/assets/images/old-tripoli/old-tripoli-LY-OLD-TRIPOLI-00026-01.png","/assets/images/old-tripoli/old-tripoli-LY-OLD-TRIPOLI-00025-01.png","/assets/images/old-tripoli/old-tripoli-LY-OLD-TRIPOLI-00026-03.png","/assets/images/old-tripoli/old-tripoli-LY-OLD-TRIPOLI-00025-02.png"]</value></Data><Data name="image_count"><value>4</value></Data><Data name="source_file"><value>developed/old-tripoli-developed.kml</value></Data><Data name="source_placemark_index"><value>26</value></Data><Data name="data_quality_status"><value>ok</value></Data><Data name="source_media_url"><value>["https://mymaps.usercontent.google.com/hostedimage/m/*/3AAjQbR7LnbDWn93N7hCboGJBtQ2KurLDHsIKqw_PDiZsSP3-Wqy0rVfcHLpaWLS8VvXotc8DXOcmW-qTM805QPglR7n2E2cTNdw-bfAk6rdTK4oBEtM6nfAwShkxSGrF_Og0rIT0ZjYe-6dRferuM_TfxzNsRc0WAQ-ddk0sOLIzpi04AZ6s1cwKu8Ajj9Xo2heGH3ojXJMAwnCgctM69NlX3ZkvTkTphuBL-0g9-NDzJvF3AoWcc8rqpj1f-DE?authuser=1&amp;fife=s16383","https://mymaps.usercontent.google.com/hostedimage/m/*/3AAjQbR4CC3Npd43tBNOSshbd8nKRT8P8nH8fePdCZkcJgIeE7zAEUQj3cB-tbyWnZkmfW4TMReAEyt1n57RwtwPFffpsJvLyoy0-jhmLmMl9LcrndSdADSC1hw8-5aTbXlcDqXp7bN93_WFoZFRHf906W14K89iFavVZG7_YEFPYTJYVnfgrLSWFi1aeRNbgRQDA1jF0weYh8t40K3KUnYo6I5SBXxVxSqzpiDP6ik8GaRhZucd9zsg4snPABCA?authuser=1&amp;fife=s16383","https://mymaps.usercontent.google.com/hostedimage/m/*/3AAjQbR7PojKX-TEAeGDy689ujwnQ2xhrZJm3BZOijyWMUWuTpTlGbVeINwh_rNnuQEEzEIQrpkSwvG8qph6xwY-ZsWEwhpzyLvV1q4fsyOO1atfol99PH1Ap31vTe4x2W-JXRfZjcYQc5egkodvVblfKF9myHQ6Q4wDxuNK-55GV9Ro6N0HaRHKQhxy1wmFvqWng5EQML6GR0YHVmOJlDQymemQhkg_xyhbotVlkG7IaE7ugwr-RltegU30LcNA?authuser=1&amp;fife=s16383","https://mymaps.usercontent.google.com/hostedimage/m/*/3AAjQbR6Nzd9Az6zreMFSMC0uJv2ihqYUZluLtOGO1ST2V806vk-JUZbQ3gN-ut5FjqMqZQZkOmGBuczNXXeylL0gUHmho5ZhOSxI-W7za1E8d8UNHU0NYcLGNygHuuaJ6x8SczCvGtnpY6BVbCchqME_H-IscH5WTLbvWFY5gFiKTZ3imlDp8329iaVx4Ju_I0j7iALnPCqeLLyhuxcDI4Dd5e7ruloXCXDyZsnkXSoHQhucniVDRvNPqd6kL-0?authuser=1&amp;fife=s16383"]</value></Data></ExtendedData><Point><coordinates>13.1755069,32.8988394,0</coordinates></Point></Placemark><Placemark><name>دار حسن الفقيه حسن للثقافة والفنون</name><description>&lt;div class="atlas-popup" dir="rtl"&gt;&lt;h3&gt;دار حسن الفقيه حسن للثقافة والفنون&lt;/h3&gt;&lt;div class="atlas-popup-gallery"&gt;&lt;img src="https://mymaps.usercontent.google.com/hostedimage/m/*/3AAjQbR75BXy9qCLaCHPcf4cst5fl4WsyEORu11jQ5If38CVFK7Y1TusQXr2MhPkPJ7iwv7wGsD1WoU9UWES9rh085mNipG43Ta6pygM93yhNXAZV43kvM1Mnw9OvYmJAUxXdgoMIrndR_64PkpY4YOnBK5Q-lVyp8Wi7bdZaMqFR6SzGpY7moCwWkXug9mvJ7nTiC3Z7THB_QDmNmG8Y0k4tXZsjmnux8USiw5jIPEV923XEzWFJYB4KWqwRrTY?authuser=1&amp;amp;fife=s16383" alt="دار حسن الفقيه حسن للثقافة والفنون" loading="lazy" class="atlas-popup-image"&gt;&lt;/div&gt;&lt;div class="atlas-popup-details"&gt;&lt;div&gt;&lt;strong&gt;الاسم بالإنجليزية:&lt;/strong&gt; Dar Hasaan Alfaqeeh&lt;/div&gt;&lt;div&gt;&lt;strong&gt;التصنيف:&lt;/strong&gt; انشطة ثقافية&lt;/div&gt;&lt;div&gt;&lt;strong&gt;العنوان:&lt;/strong&gt; المدينة القديمة طرابلس&lt;/div&gt;&lt;div&gt;&lt;strong&gt;الوصف:&lt;/strong&gt; بيت ثقافي ومبنى تراثي يستخدم للانشطة الثقافية&lt;/div&gt;&lt;/div&gt;&lt;/div&gt;</description><ExtendedData><Data name="atlas_id"><value>LY-OLD-TRIPOLI-00027</value></Data><Data name="name_en"><value>Dar Hasaan Alfaqeeh</value></Data><Data name="category"><value>انشطة ثقافية</value></Data><Data name="address"><value>المدينة القديمة طرابلس</value></Data><Data name="description"><value>بيت ثقافي ومبنى تراثي يستخدم للانشطة الثقافية</value></Data><Data name="image_count"><value>1</value></Data><Data name="source_file"><value>المدينة القديمة _طرابلس.kml</value></Data><Data name="images_json"><value>["/assets/images/old-tripoli/old-tripoli-LY-OLD-TRIPOLI-00027-01.png"]</value></Data><Data name="atlas_id"><value>LY-OLD-TRIPOLI-00027</value></Data><Data name="image_count"><value>1</value></Data><Data name="source_file"><value>المدينة القديمة _طرابلس.kml</value></Data><Data name="images_json"><value>["/assets/images/old-tripoli/old-tripoli-LY-OLD-TRIPOLI-00027-01.png"]</value></Data><Data name="atlas_id"><value>LY-TRI-000027</value></Data><Data name="layer_id"><value>old-tripoli</value></Data><Data name="layer_name_ar"><value>المدينة القديمة طرابلس</value></Data><Data name="layer_name_en"><value>Old Tripoli</value></Data><Data name="name_ar"><value>دار حسن الفقيه حسن للثقافة والفنون</value></Data><Data name="latitude"><value>32.8995371</value></Data><Data name="longitude"><value>13.176053</value></Data><Data name="images_json"><value>["/assets/images/old-tripoli/old-tripoli-LY-OLD-TRIPOLI-00027-01.png"]</value></Data><Data name="image_count"><value>1</value></Data><Data name="source_file"><value>developed/old-tripoli-developed.kml</value></Data><Data name="source_placemark_index"><value>27</value></Data><Data name="data_quality_status"><value>ok</value></Data><Data name="source_media_url"><value>["https://mymaps.usercontent.google.com/hostedimage/m/*/3AAjQbR75BXy9qCLaCHPcf4cst5fl4WsyEORu11jQ5If38CVFK7Y1TusQXr2MhPkPJ7iwv7wGsD1WoU9UWES9rh085mNipG43Ta6pygM93yhNXAZV43kvM1Mnw9OvYmJAUxXdgoMIrndR_64PkpY4YOnBK5Q-lVyp8Wi7bdZaMqFR6SzGpY7moCwWkXug9mvJ7nTiC3Z7THB_QDmNmG8Y0k4tXZsjmnux8USiw5jIPEV923XEzWFJYB4KWqwRrTY?authuser=1&amp;fife=s16383"]</value></Data></ExtendedData><Point><coordinates>13.176053,32.8995371,0</coordinates></Point></Placemark><Placemark><name>جهاز ادارة المدينة القديمة طرابلس</name><description>&lt;div class="atlas-popup" dir="rtl"&gt;&lt;h3&gt;جهاز ادارة المدينة القديمة طرابلس&lt;/h3&gt;&lt;div class="atlas-popup-gallery"&gt;&lt;img src="https://mymaps.usercontent.google.com/hostedimage/m/*/3AAjQbR4effSlWEc4eb-RkmztZ6fgTo1o5_XLQQryWoeHcHY4ozagesjliEfVuxBooLvpVGpHvOrRoyI3BIT81MxJjsAW9Ys-aLfcKSWJWHmKyZnfz9NeSvqH9uCIk_duLmsMzG7ADEg5zsFbguBM3fw3SV2uD5H7WzK1Mkb_5vcuATkmgPGqwLp4cdncpWrYQXnYU8EGMkT-qMUJsNLJ0OjBQ0Zb6A_9rytQdvUhAEirlD8d8dvwrNkF53Qh8Hk?authuser=1&amp;amp;fife=s16383" alt="جهاز ادارة المدينة القديمة طرابلس" loading="lazy" class="atlas-popup-image"&gt;&lt;/div&gt;&lt;div class="atlas-popup-details"&gt;&lt;div&gt;&lt;strong&gt;الاسم بالإنجليزية:&lt;/strong&gt; Old Tripoli city administration board (main gate)&lt;/div&gt;&lt;div&gt;&lt;strong&gt;التصنيف:&lt;/strong&gt; مؤسسة&lt;/div&gt;&lt;div&gt;&lt;strong&gt;العنوان:&lt;/strong&gt; المدينة القديمة في طرابلس&lt;/div&gt;&lt;div&gt;&lt;strong&gt;الوصف:&lt;/strong&gt; مؤسسة عامة ذات شخصية اعتبارية وذمة مالية مستقلة، تتبع مجلس الوزراء الليبي&lt;/div&gt;&lt;/div&gt;&lt;/div&gt;</description><ExtendedData><Data name="atlas_id"><value>LY-OLD-TRIPOLI-00028</value></Data><Data name="name_en"><value>Old Tripoli city administration board (main gate)</value></Data><Data name="category"><value>مؤسسة</value></Data><Data name="address"><value>المدينة القديمة في طرابلس</value></Data><Data name="description"><value>مؤسسة عامة ذات شخصية اعتبارية وذمة مالية مستقلة، تتبع مجلس الوزراء الليبي</value></Data><Data name="image_count"><value>1</value></Data><Data name="source_file"><value>المدينة القديمة _طرابلس.kml</value></Data><Data name="images_json"><value>["/assets/images/old-tripoli/old-tripoli-LY-OLD-TRIPOLI-00028-01.png"]</value></Data><Data name="atlas_id"><value>LY-OLD-TRIPOLI-00028</value></Data><Data name="image_count"><value>1</value></Data><Data name="source_file"><value>المدينة القديمة _طرابلس.kml</value></Data><Data name="images_json"><value>["/assets/images/old-tripoli/old-tripoli-LY-OLD-TRIPOLI-00028-01.png"]</value></Data><Data name="atlas_id"><value>LY-TRI-000028</value></Data><Data name="layer_id"><value>old-tripoli</value></Data><Data name="layer_name_ar"><value>المدينة القديمة طرابلس</value></Data><Data name="layer_name_en"><value>Old Tripoli</value></Data><Data name="name_ar"><value>جهاز ادارة المدينة القديمة طرابلس</value></Data><Data name="latitude"><value>32.8986647</value></Data><Data name="longitude"><value>13.1740097</value></Data><Data name="images_json"><value>["/assets/images/old-tripoli/old-tripoli-LY-OLD-TRIPOLI-00028-01.png"]</value></Data><Data name="image_count"><value>1</value></Data><Data name="source_file"><value>developed/old-tripoli-developed.kml</value></Data><Data name="source_placemark_index"><value>28</value></Data><Data name="data_quality_status"><value>ok</value></Data><Data name="source_media_url"><value>["https://mymaps.usercontent.google.com/hostedimage/m/*/3AAjQbR4effSlWEc4eb-RkmztZ6fgTo1o5_XLQQryWoeHcHY4ozagesjliEfVuxBooLvpVGpHvOrRoyI3BIT81MxJjsAW9Ys-aLfcKSWJWHmKyZnfz9NeSvqH9uCIk_duLmsMzG7ADEg5zsFbguBM3fw3SV2uD5H7WzK1Mkb_5vcuATkmgPGqwLp4cdncpWrYQXnYU8EGMkT-qMUJsNLJ0OjBQ0Zb6A_9rytQdvUhAEirlD8d8dvwrNkF53Qh8Hk?authuser=1&amp;fife=s16383"]</value></Data></ExtendedData><Point><coordinates>13.1740097,32.8986647,0</coordinates></Point></Placemark><Placemark><name>Poseidon Art Gallery رواق بوسيدون للفنون</name><description>&lt;div class="atlas-popup" dir="rtl"&gt;&lt;h3&gt;Poseidon Art Gallery رواق بوسيدون للفنون&lt;/h3&gt;&lt;div class="atlas-popup-gallery"&gt;&lt;/div&gt;&lt;div class="atlas-popup-details"&gt;&lt;div&gt;&lt;strong&gt;الوصف:&lt;/strong&gt; En: الوصف: العنوان: النوع: معلومات اخرى:&lt;/div&gt;&lt;/div&gt;&lt;/div&gt;</description><ExtendedData><Data name="atlas_id"><value>LY-OLD-TRIPOLI-00029</value></Data><Data name="description"><value>En: الوصف: العنوان: النوع: معلومات اخرى:</value></Data><Data name="image_count"><value>0</value></Data><Data name="source_file"><value>المدينة القديمة _طرابلس.kml</value></Data><Data name="images_json"><value>[]</value></Data><Data name="atlas_id"><value>LY-OLD-TRIPOLI-00029</value></Data><Data name="image_count"><value>0</value></Data><Data name="source_file"><value>المدينة القديمة _طرابلس.kml</value></Data><Data name="images_json"><value>[]</value></Data><Data name="atlas_id"><value>LY-TRI-000029</value></Data><Data name="layer_id"><value>old-tripoli</value></Data><Data name="layer_name_ar"><value>المدينة القديمة طرابلس</value></Data><Data name="layer_name_en"><value>Old Tripoli</value></Data><Data name="name_ar"><value>Poseidon Art Gallery رواق بوسيدون للفنون</value></Data><Data name="latitude"><value>32.8986382</value></Data><Data name="longitude"><value>13.176379</value></Data><Data name="images_json"><value>[]</value></Data><Data name="image_count"><value>0</value></Data><Data name="source_file"><value>developed/old-tripoli-developed.kml</value></Data><Data name="source_placemark_index"><value>29</value></Data><Data name="data_quality_status"><value>missing_media</value></Data></ExtendedData><Point><coordinates>13.176379,32.8986382,0</coordinates></Point></Placemark><Placemark><name>دار الأمام على بن زياد الطرابلس</name><description>&lt;div class="atlas-popup" dir="rtl"&gt;&lt;h3&gt;دار الأمام على بن زياد الطرابلس&lt;/h3&gt;&lt;div class="atlas-popup-gallery"&gt;&lt;/div&gt;&lt;div class="atlas-popup-details"&gt;&lt;div&gt;&lt;strong&gt;الوصف:&lt;/strong&gt; En: الوصف: العنوان: النوع: معلومات اخرى:&lt;/div&gt;&lt;/div&gt;&lt;/div&gt;</description><ExtendedData><Data name="atlas_id"><value>LY-OLD-TRIPOLI-00030</value></Data><Data name="description"><value>En: الوصف: العنوان: النوع: معلومات اخرى:</value></Data><Data name="image_count"><value>0</value></Data><Data name="source_file"><value>المدينة القديمة _طرابلس.kml</value></Data><Data name="images_json"><value>[]</value></Data><Data name="atlas_id"><value>LY-OLD-TRIPOLI-00030</value></Data><Data name="image_count"><value>0</value></Data><Data name="source_file"><value>المدينة القديمة _طرابلس.kml</value></Data><Data name="images_json"><value>[]</value></Data><Data name="atlas_id"><value>LY-TRI-000030</value></Data><Data name="layer_id"><value>old-tripoli</value></Data><Data name="layer_name_ar"><value>المدينة القديمة طرابلس</value></Data><Data name="layer_name_en"><value>Old Tripoli</value></Data><Data name="name_ar"><value>دار الأمام على بن زياد الطرابلس</value></Data><Data name="latitude"><value>32.89894</value></Data><Data name="longitude"><value>13.1764858</value></Data><Data name="images_json"><value>[]</value></Data><Data name="image_count"><value>0</value></Data><Data name="source_file"><value>developed/old-tripoli-developed.kml</value></Data><Data name="source_placemark_index"><value>30</value></Data><Data name="data_quality_status"><value>missing_media</value></Data></ExtendedData><Point><coordinates>13.1764858,32.89894,0</coordinates></Point></Placemark><Placemark><name>حوش محمود بي</name><description>&lt;div class="atlas-popup" dir="rtl"&gt;&lt;h3&gt;حوش محمود بي&lt;/h3&gt;&lt;div class="atlas-popup-gallery"&gt;&lt;/div&gt;&lt;div class="atlas-popup-details"&gt;&lt;div&gt;&lt;strong&gt;الوصف:&lt;/strong&gt; En: الوصف: العنوان: النوع: معلومات اخرى:&lt;/div&gt;&lt;/div&gt;&lt;/div&gt;</description><ExtendedData><Data name="atlas_id"><value>LY-OLD-TRIPOLI-00031</value></Data><Data name="description"><value>En: الوصف: العنوان: النوع: معلومات اخرى:</value></Data><Data name="image_count"><value>0</value></Data><Data name="source_file"><value>المدينة القديمة _طرابلس.kml</value></Data><Data name="images_json"><value>[]</value></Data><Data name="atlas_id"><value>LY-OLD-TRIPOLI-00031</value></Data><Data name="image_count"><value>0</value></Data><Data name="source_file"><value>المدينة القديمة _طرابلس.kml</value></Data><Data name="images_json"><value>[]</value></Data><Data name="atlas_id"><value>LY-TRI-000031</value></Data><Data name="layer_id"><value>old-tripoli</value></Data><Data name="layer_name_ar"><value>المدينة القديمة طرابلس</value></Data><Data name="layer_name_en"><value>Old Tripoli</value></Data><Data name="name_ar"><value>حوش محمود بي</value></Data><Data name="latitude"><value>32.8993013</value></Data><Data name="longitude"><value>13.1760701</value></Data><Data name="images_json"><value>[]</value></Data><Data name="image_count"><value>0</value></Data><Data name="source_file"><value>developed/old-tripoli-developed.kml</value></Data><Data name="source_placemark_index"><value>31</value></Data><Data name="data_quality_status"><value>missing_media</value></Data></ExtendedData><Point><coordinates>13.1760701,32.8993013,0</coordinates></Point></Placemark><Placemark><name>نصب تذكاري الشهداء</name><description>&lt;div class="atlas-popup" dir="rtl"&gt;&lt;h3&gt;نصب تذكاري الشهداء&lt;/h3&gt;&lt;div class="atlas-popup-gallery"&gt;&lt;/div&gt;&lt;div class="atlas-popup-details"&gt;&lt;div&gt;&lt;strong&gt;الوصف:&lt;/strong&gt; En: الوصف: العنوان: النوع: معلومات اخرى:&lt;/div&gt;&lt;/div&gt;&lt;/div&gt;</description><ExtendedData><Data name="atlas_id"><value>LY-OLD-TRIPOLI-00032</value></Data><Data name="description"><value>En: الوصف: العنوان: النوع: معلومات اخرى:</value></Data><Data name="image_count"><value>0</value></Data><Data name="source_file"><value>المدينة القديمة _طرابلس.kml</value></Data><Data name="images_json"><value>[]</value></Data><Data name="atlas_id"><value>LY-OLD-TRIPOLI-00032</value></Data><Data name="image_count"><value>0</value></Data><Data name="source_file"><value>المدينة القديمة _طرابلس.kml</value></Data><Data name="images_json"><value>[]</value></Data><Data name="atlas_id"><value>LY-TRI-000032</value></Data><Data name="layer_id"><value>old-tripoli</value></Data><Data name="layer_name_ar"><value>المدينة القديمة طرابلس</value></Data><Data name="layer_name_en"><value>Old Tripoli</value></Data><Data name="name_ar"><value>نصب تذكاري الشهداء</value></Data><Data name="latitude"><value>32.89427</value></Data><Data name="longitude"><value>13.1805538</value></Data><Data name="images_json"><value>[]</value></Data><Data name="image_count"><value>0</value></Data><Data name="source_file"><value>developed/old-tripoli-developed.kml</value></Data><Data name="source_placemark_index"><value>32</value></Data><Data name="data_quality_status"><value>missing_media</value></Data></ExtendedData><Point><coordinates>13.1805538,32.89427,0</coordinates></Point></Placemark><Placemark><name>Fountain Of Horse Marine</name><description>&lt;div class="atlas-popup" dir="rtl"&gt;&lt;h3&gt;Fountain Of Horse Marine&lt;/h3&gt;&lt;div class="atlas-popup-gallery"&gt;&lt;/div&gt;&lt;div class="atlas-popup-details"&gt;&lt;div&gt;&lt;strong&gt;الوصف:&lt;/strong&gt; En: الوصف: العنوان: النوع: معلومات اخرى:&lt;/div&gt;&lt;/div&gt;&lt;/div&gt;</description><ExtendedData><Data name="atlas_id"><value>LY-OLD-TRIPOLI-00033</value></Data><Data name="description"><value>En: الوصف: العنوان: النوع: معلومات اخرى:</value></Data><Data name="image_count"><value>0</value></Data><Data name="source_file"><value>المدينة القديمة _طرابلس.kml</value></Data><Data name="images_json"><value>[]</value></Data><Data name="atlas_id"><value>LY-OLD-TRIPOLI-00033</value></Data><Data name="image_count"><value>0</value></Data><Data name="source_file"><value>المدينة القديمة _طرابلس.kml</value></Data><Data name="images_json"><value>[]</value></Data><Data name="atlas_id"><value>LY-TRI-000033</value></Data><Data name="layer_id"><value>old-tripoli</value></Data><Data name="layer_name_ar"><value>المدينة القديمة طرابلس</value></Data><Data name="layer_name_en"><value>Old Tripoli</value></Data><Data name="name_ar"><value>Fountain Of Horse Marine</value></Data><Data name="latitude"><value>32.8942245</value></Data><Data name="longitude"><value>13.1805458</value></Data><Data name="images_json"><value>[]</value></Data><Data name="image_count"><value>0</value></Data><Data name="source_file"><value>developed/old-tripoli-developed.kml</value></Data><Data name="source_placemark_index"><value>33</value></Data><Data name="data_quality_status"><value>missing_media</value></Data></ExtendedData><Point><coordinates>13.1805458,32.8942245,0</coordinates></Point></Placemark><Placemark><name>نافورة الميناء</name><description>&lt;div class="atlas-popup" dir="rtl"&gt;&lt;h3&gt;نافورة الميناء&lt;/h3&gt;&lt;div class="atlas-popup-gallery"&gt;&lt;/div&gt;&lt;div class="atlas-popup-details"&gt;&lt;div&gt;&lt;strong&gt;الوصف:&lt;/strong&gt; En: الوصف: العنوان: النوع: معلومات اخرى:&lt;/div&gt;&lt;/div&gt;&lt;/div&gt;</description><ExtendedData><Data name="atlas_id"><value>LY-OLD-TRIPOLI-00034</value></Data><Data name="description"><value>En: الوصف: العنوان: النوع: معلومات اخرى:</value></Data><Data name="image_count"><value>0</value></Data><Data name="source_file"><value>المدينة القديمة _طرابلس.kml</value></Data><Data name="images_json"><value>[]</value></Data><Data name="atlas_id"><value>LY-OLD-TRIPOLI-00034</value></Data><Data name="image_count"><value>0</value></Data><Data name="source_file"><value>المدينة القديمة _طرابلس.kml</value></Data><Data name="images_json"><value>[]</value></Data><Data name="atlas_id"><value>LY-TRI-000034</value></Data><Data name="layer_id"><value>old-tripoli</value></Data><Data name="layer_name_ar"><value>المدينة القديمة طرابلس</value></Data><Data name="layer_name_en"><value>Old Tripoli</value></Data><Data name="name_ar"><value>نافورة الميناء</value></Data><Data name="latitude"><value>32.9018306</value></Data><Data name="longitude"><value>13.1759414</value></Data><Data name="images_json"><value>[]</value></Data><Data name="image_count"><value>0</value></Data><Data name="source_file"><value>developed/old-tripoli-developed.kml</value></Data><Data name="source_placemark_index"><value>34</value></Data><Data name="data_quality_status"><value>missing_media</value></Data></ExtendedData><Point><coordinates>13.1759414,32.9018306,0</coordinates></Point></Placemark><Placemark><name>خزان مياه</name><description>&lt;div class="atlas-popup" dir="rtl"&gt;&lt;h3&gt;خزان مياه&lt;/h3&gt;&lt;div class="atlas-popup-gallery"&gt;&lt;/div&gt;&lt;div class="atlas-popup-details"&gt;&lt;div&gt;&lt;strong&gt;الوصف:&lt;/strong&gt; En: الوصف: العنوان: النوع: معلومات اخرى:&lt;/div&gt;&lt;/div&gt;&lt;/div&gt;</description><ExtendedData><Data name="atlas_id"><value>LY-OLD-TRIPOLI-00035</value></Data><Data name="description"><value>En: الوصف: العنوان: النوع: معلومات اخرى:</value></Data><Data name="image_count"><value>0</value></Data><Data name="source_file"><value>المدينة القديمة _طرابلس.kml</value></Data><Data name="images_json"><value>[]</value></Data><Data name="atlas_id"><value>LY-OLD-TRIPOLI-00035</value></Data><Data name="image_count"><value>0</value></Data><Data name="source_file"><value>المدينة القديمة _طرابلس.kml</value></Data><Data name="images_json"><value>[]</value></Data><Data name="atlas_id"><value>LY-TRI-000035</value></Data><Data name="layer_id"><value>old-tripoli</value></Data><Data name="layer_name_ar"><value>المدينة القديمة طرابلس</value></Data><Data name="layer_name_en"><value>Old Tripoli</value></Data><Data name="name_ar"><value>خزان مياه</value></Data><Data name="latitude"><value>32.9002288</value></Data><Data name="longitude"><value>13.1735391</value></Data><Data name="images_json"><value>[]</value></Data><Data name="image_count"><value>0</value></Data><Data name="source_file"><value>developed/old-tripoli-developed.kml</value></Data><Data name="source_placemark_index"><value>35</value></Data><Data name="data_quality_status"><value>missing_media</value></Data></ExtendedData><Point><coordinates>13.1735391,32.9002288,0</coordinates></Point></Placemark><Placemark><name>ميناء طرابلس</name><description>&lt;div class="atlas-popup" dir="rtl"&gt;&lt;h3&gt;ميناء طرابلس&lt;/h3&gt;&lt;div class="atlas-popup-gallery"&gt;&lt;/div&gt;&lt;div class="atlas-popup-details"&gt;&lt;div&gt;&lt;strong&gt;الوصف:&lt;/strong&gt; En: الوصف: العنوان: النوع: معلومات اخرى:&lt;/div&gt;&lt;/div&gt;&lt;/div&gt;</description><ExtendedData><Data name="atlas_id"><value>LY-OLD-TRIPOLI-00036</value></Data><Data name="description"><value>En: الوصف: العنوان: النوع: معلومات اخرى:</value></Data><Data name="image_count"><value>0</value></Data><Data name="source_file"><value>المدينة القديمة _طرابلس.kml</value></Data><Data name="images_json"><value>[]</value></Data><Data name="atlas_id"><value>LY-OLD-TRIPOLI-00036</value></Data><Data name="image_count"><value>0</value></Data><Data name="source_file"><value>المدينة القديمة _طرابلس.kml</value></Data><Data name="images_json"><value>[]</value></Data><Data name="atlas_id"><value>LY-TRI-000036</value></Data><Data name="layer_id"><value>old-tripoli</value></Data><Data name="layer_name_ar"><value>المدينة القديمة طرابلس</value></Data><Data name="layer_name_en"><value>Old Tripoli</value></Data><Data name="name_ar"><value>ميناء طرابلس</value></Data><Data name="latitude"><value>32.9022222</value></Data><Data name="longitude"><value>13.1858333</value></Data><Data name="images_json"><value>[]</value></Data><Data name="image_count"><value>0</value></Data><Data name="source_file"><value>developed/old-tripoli-developed.kml</value></Data><Data name="source_placemark_index"><value>36</value></Data><Data name="data_quality_status"><value>missing_media</value></Data></ExtendedData><Point><coordinates>13.1858333,32.9022222,0</coordinates></Point></Placemark><Placemark><name>زنقة الريح</name><description>&lt;div class="atlas-popup" dir="rtl"&gt;&lt;h3&gt;زنقة الريح&lt;/h3&gt;&lt;div class="atlas-popup-gallery"&gt;&lt;img src="https://lh3.googleusercontent.com/umsh/AN6v0v4YMkV0xtm90-hDAduvz6bcFEpTKuwHsPot9a0I5Wt0y4tdbt3YEOFiKdytq4rLeIFICIDwy82FBPvQUFGPC6kd1LW_B7oCPyIeGiheD_niJybCk8h-PA0vzLx2Ow08ecNnjDveZqrk1xJEtKw5aiojADzhRRrxC2qzTnDqO03e_F9fwVnBIUTMkh-ywiewlWo3Q-sE1Uys6h1DQqfTJRnF0_p3746g5s4TCuonRLRjoqDGV6zcaXgm0AGZ2l7iEIWJfNlFNuRMGCg0FnKDp_pdN-Tnu7MkB-3pwJuZiR7rNl4DBhwqbn0G7YIw_0RAd7Dq8t4hesd_9qEtOLD8c_Mhyr0VxmgZuDQJM6775rTayiFDwRCG0p7EfT4ldapah3BJo2mJgRMfUXZp82MyWuFSq5JVuFkHbwfIbKKabj5cOMdVE-IGT28011CEluRDLQzy7MEW-EZjNqUyzWDlETSCRpUNKyAOX2vS3sR1wOUYy5AYWuwnMFjDVtiOSMkz8mbxsj1F2DJTzWRPpkod9QPZmE8fIV0CEQKsL4E1vCCHlzo5bu8yh0SNSP_uEH3Qp7cZ1d_VPohb5Tlafec27l8RSPjWTQwwt2O_xrX7L-3DnoDLYC0N6IwFwu-u0oVunwKHlpoDJm_LHdnQjVKACcc081YRdzQfN0aDS9VwtdWCytUzVxJZBgCNhhxyRhx2cWN3Z4foF7E" alt="زنقة الريح" loading="lazy" class="atlas-popup-image"&gt;&lt;/div&gt;&lt;div class="atlas-popup-details"&gt;&lt;div&gt;&lt;strong&gt;الاسم بالإنجليزية:&lt;/strong&gt; Zanget El Reeh&lt;/div&gt;&lt;div&gt;&lt;strong&gt;العنوان:&lt;/strong&gt; طرابلس/المدينة القديمة&lt;/div&gt;&lt;div&gt;&lt;strong&gt;الوصف:&lt;/strong&gt; زنقة الريح&lt;/div&gt;&lt;/div&gt;&lt;/div&gt;</description><ExtendedData><Data name="atlas_id"><value>LY-OLD-TRIPOLI-00037</value></Data><Data name="name_en"><value>Zanget El Reeh</value></Data><Data name="address"><value>طرابلس/المدينة القديمة</value></Data><Data name="description"><value>زنقة الريح</value></Data><Data name="image_count"><value>1</value></Data><Data name="source_file"><value>المدينة القديمة _طرابلس.kml</value></Data><Data name="images_json"><value>["/assets/images/old-tripoli/old-tripoli-LY-OLD-TRIPOLI-00037-01.png"]</value></Data><Data name="atlas_id"><value>LY-OLD-TRIPOLI-00037</value></Data><Data name="image_count"><value>1</value></Data><Data name="source_file"><value>المدينة القديمة _طرابلس.kml</value></Data><Data name="images_json"><value>["/assets/images/old-tripoli/old-tripoli-LY-OLD-TRIPOLI-00037-01.png"]</value></Data><Data name="atlas_id"><value>LY-TRI-000037</value></Data><Data name="layer_id"><value>old-tripoli</value></Data><Data name="layer_name_ar"><value>المدينة القديمة طرابلس</value></Data><Data name="layer_name_en"><value>Old Tripoli</value></Data><Data name="name_ar"><value>زنقة الريح</value></Data><Data name="latitude"><value>32.898009</value></Data><Data name="longitude"><value>13.177757</value></Data><Data name="images_json"><value>["/assets/images/old-tripoli/old-tripoli-LY-OLD-TRIPOLI-00037-01.png"]</value></Data><Data name="image_count"><value>1</value></Data><Data name="source_file"><value>developed/old-tripoli-developed.kml</value></Data><Data name="source_placemark_index"><value>37</value></Data><Data name="data_quality_status"><value>ok</value></Data><Data name="source_media_url"><value>["https://lh3.googleusercontent.com/umsh/AN6v0v4YMkV0xtm90-hDAduvz6bcFEpTKuwHsPot9a0I5Wt0y4tdbt3YEOFiKdytq4rLeIFICIDwy82FBPvQUFGPC6kd1LW_B7oCPyIeGiheD_niJybCk8h-PA0vzLx2Ow08ecNnjDveZqrk1xJEtKw5aiojADzhRRrxC2qzTnDqO03e_F9fwVnBIUTMkh-ywiewlWo3Q-sE1Uys6h1DQqfTJRnF0_p3746g5s4TCuonRLRjoqDGV6zcaXgm0AGZ2l7iEIWJfNlFNuRMGCg0FnKDp_pdN-Tnu7MkB-3pwJuZiR7rNl4DBhwqbn0G7YIw_0RAd7Dq8t4hesd_9qEtOLD8c_Mhyr0VxmgZuDQJM6775rTayiFDwRCG0p7EfT4ldapah3BJo2mJgRMfUXZp82MyWuFSq5JVuFkHbwfIbKKabj5cOMdVE-IGT28011CEluRDLQzy7MEW-EZjNqUyzWDlETSCRpUNKyAOX2vS3sR1wOUYy5AYWuwnMFjDVtiOSMkz8mbxsj1F2DJTzWRPpkod9QPZmE8fIV0CEQKsL4E1vCCHlzo5bu8yh0SNSP_uEH3Qp7cZ1d_VPohb5Tlafec27l8RSPjWTQwwt2O_xrX7L-3DnoDLYC0N6IwFwu-u0oVunwKHlpoDJm_LHdnQjVKACcc081YRdzQfN0aDS9VwtdWCytUzVxJZBgCNhhxyRhx2cWN3Z4foF7E"]</value></Data></ExtendedData><Point><coordinates>13.177757,32.898009,0</coordinates></Point></Placemark><Placemark><name>وسعاية مخزن الرخام</name><description>&lt;div class="atlas-popup" dir="rtl"&gt;&lt;h3&gt;وسعاية مخزن الرخام&lt;/h3&gt;&lt;div class="atlas-popup-gallery"&gt;&lt;img src="https://mymaps.usercontent.google.com/hostedimage/m/*/3AAjQbR71OgHs4ONhwn3kCIH-p4vLtscrWs0R_4hZUyoHXhyuyqmGi-I5CBhswfF8O2o6X-VwAoY_J3oSKb9oO1IAD6xZSGrxPvn_4HHjahyrT0wJII-IRJ07O13HBN9HpvDFxPd6U5Iv_HMBt9QS687pMH8ABQpTqEgn12x8XvIxwavyfQwCcfidxBY9gm__xkKOi1as6FwK3JvKUV4PAbLQo8kfiKK_0HbXfR9AxyNsDtHCultruAcegemAGAs?authuser=1&amp;amp;fife=s16383" alt="وسعاية مخزن الرخام" loading="lazy" class="atlas-popup-image"&gt;&lt;/div&gt;&lt;div class="atlas-popup-details"&gt;&lt;div&gt;&lt;strong&gt;الاسم بالإنجليزية:&lt;/strong&gt; Marble Warehouse Square&lt;/div&gt;&lt;div&gt;&lt;strong&gt;التصنيف:&lt;/strong&gt; معلم اثري تاريخي ومعماري&lt;/div&gt;&lt;div&gt;&lt;strong&gt;العنوان:&lt;/strong&gt; باب بحر المدينة القديمة&lt;/div&gt;&lt;div&gt;&lt;strong&gt;الوصف:&lt;/strong&gt; هي ميدان وساحة تاريخية عريقة تقع في حي باب البحر، وتضم أحد أبرز المعالم الأثرية الرومانية وهو قوس ماركوس&lt;/div&gt;&lt;/div&gt;&lt;/div&gt;</description><ExtendedData><Data name="atlas_id"><value>LY-OLD-TRIPOLI-00038</value></Data><Data name="name_en"><value>Marble Warehouse Square</value></Data><Data name="category"><value>معلم اثري تاريخي ومعماري</value></Data><Data name="address"><value>باب بحر المدينة القديمة</value></Data><Data name="description"><value>هي ميدان وساحة تاريخية عريقة تقع في حي باب البحر، وتضم أحد أبرز المعالم الأثرية الرومانية وهو قوس ماركوس</value></Data><Data name="image_count"><value>1</value></Data><Data name="source_file"><value>المدينة القديمة _طرابلس.kml</value></Data><Data name="images_json"><value>["/assets/images/old-tripoli/old-tripoli-LY-OLD-TRIPOLI-00038-01.png"]</value></Data><Data name="atlas_id"><value>LY-OLD-TRIPOLI-00038</value></Data><Data name="image_count"><value>1</value></Data><Data name="source_file"><value>المدينة القديمة _طرابلس.kml</value></Data><Data name="images_json"><value>["/assets/images/old-tripoli/old-tripoli-LY-OLD-TRIPOLI-00038-01.png"]</value></Data><Data name="atlas_id"><value>LY-TRI-000038</value></Data><Data name="layer_id"><value>old-tripoli</value></Data><Data name="layer_name_ar"><value>المدينة القديمة طرابلس</value></Data><Data name="layer_name_en"><value>Old Tripoli</value></Data><Data name="name_ar"><value>وسعاية مخزن الرخام</value></Data><Data name="latitude"><value>32.9001011</value></Data><Data name="longitude"><value>13.1762314</value></Data><Data name="images_json"><value>["/assets/images/old-tripoli/old-tripoli-LY-OLD-TRIPOLI-00038-01.png"]</value></Data><Data name="image_count"><value>1</value></Data><Data name="source_file"><value>developed/old-tripoli-developed.kml</value></Data><Data name="source_placemark_index"><value>38</value></Data><Data name="data_quality_status"><value>ok</value></Data><Data name="source_media_url"><value>["https://mymaps.usercontent.google.com/hostedimage/m/*/3AAjQbR71OgHs4ONhwn3kCIH-p4vLtscrWs0R_4hZUyoHXhyuyqmGi-I5CBhswfF8O2o6X-VwAoY_J3oSKb9oO1IAD6xZSGrxPvn_4HHjahyrT0wJII-IRJ07O13HBN9HpvDFxPd6U5Iv_HMBt9QS687pMH8ABQpTqEgn12x8XvIxwavyfQwCcfidxBY9gm__xkKOi1as6FwK3JvKUV4PAbLQo8kfiKK_0HbXfR9AxyNsDtHCultruAcegemAGAs?authuser=1&amp;fife=s16383"]</value></Data></ExtendedData><Point><coordinates>13.1762314,32.9001011,0</coordinates></Point></Placemark><Placemark><name>كوشة الصفار</name><description>&lt;div class="atlas-popup" dir="rtl"&gt;&lt;h3&gt;كوشة الصفار&lt;/h3&gt;&lt;div class="atlas-popup-gallery"&gt;&lt;img src="https://mymaps.usercontent.google.com/hostedimage/m/*/3AAjQbR7n1Mrnk_mZK2o0zG05LoiP_NGEO8h8D3cMSwjQVCOcEv3TqEOCBBKQB90sUNQdfw2LEWUs0aGcq4HIHqmhbXX7p0VfS_SKj7MEMMGvKx2fAVIWv_og6LYp6S7weryMohW4r7p9TuOF5JPBUmVGqbhHpsStOH7mgq8zo4YCmT24wRpi6Yw99srn4YEMzcH-3u6X0xHx1N4m3_TDr646RPY9CZNeQhbAKRvZmsqr7uPykYHzS_TROCa34Eg?authuser=1&amp;amp;fife=s16383" alt="كوشة الصفار" loading="lazy" class="atlas-popup-image"&gt;&lt;img src="https://mymaps.usercontent.google.com/hostedimage/m/*/3AAjQbR6Wn_6uvWL8K1f4Ie9NnkXcgGB3ZoYifDGo4WlslftXRTJgvFXrHU4R4jpQFYCP7DU7fQQLp5UOnjdXhPXcEt3ijSZ9GAvQzb5hvwt_fXeRfZWHJsc9XQ1cbdzhFHc47KExWdWlkfNPuNlgOJCfnDFsOLOPRmdBcNd2xbEuYFhVFeC-OSHpRi4RXtP85ClYpI2kjr2yDsrvFnSV74bA88WpQ3SrsXiNS5NjRkLyo4_m9wvjPTnRMeyNXsA?authuser=1&amp;amp;fife=s16383" alt="كوشة الصفار" loading="lazy" class="atlas-popup-image"&gt;&lt;/div&gt;&lt;div class="atlas-popup-details"&gt;&lt;div&gt;&lt;strong&gt;الاسم بالإنجليزية:&lt;/strong&gt; Kushat As-Saffar&lt;/div&gt;&lt;div&gt;&lt;strong&gt;التصنيف:&lt;/strong&gt; زقاق&lt;/div&gt;&lt;div&gt;&lt;strong&gt;العنوان:&lt;/strong&gt; المدينة القديمة&lt;/div&gt;&lt;div&gt;&lt;strong&gt;الوصف:&lt;/strong&gt; كوشة الصفار (أو محلة كوشة سيدي الصفار) هي واحدة من أشهر المحلات والشوارع التاريخية العريقة داخل أسوار المدينة القديمة في طرابلس العاصمة الليبية.&lt;/div&gt;&lt;/div&gt;&lt;/div&gt;</description><ExtendedData><Data name="atlas_id"><value>LY-OLD-TRIPOLI-00039</value></Data><Data name="name_en"><value>Kushat As-Saffar</value></Data><Data name="category"><value>زقاق</value></Data><Data name="address"><value>المدينة القديمة</value></Data><Data name="description"><value>كوشة الصفار (أو محلة كوشة سيدي الصفار) هي واحدة من أشهر المحلات والشوارع التاريخية العريقة داخل أسوار المدينة القديمة في طرابلس العاصمة الليبية.</value></Data><Data name="image_count"><value>2</value></Data><Data name="source_file"><value>المدينة القديمة _طرابلس.kml</value></Data><Data name="images_json"><value>["/assets/images/old-tripoli/old-tripoli-LY-OLD-TRIPOLI-00039-01.png","/assets/images/old-tripoli/old-tripoli-LY-OLD-TRIPOLI-00039-02.png"]</value></Data><Data name="atlas_id"><value>LY-OLD-TRIPOLI-00039</value></Data><Data name="image_count"><value>2</value></Data><Data name="source_file"><value>المدينة القديمة _طرابلس.kml</value></Data><Data name="images_json"><value>["/assets/images/old-tripoli/old-tripoli-LY-OLD-TRIPOLI-00039-01.png","/assets/images/old-tripoli/old-tripoli-LY-OLD-TRIPOLI-00039-02.png"]</value></Data><Data name="atlas_id"><value>LY-TRI-000039</value></Data><Data name="layer_id"><value>old-tripoli</value></Data><Data name="layer_name_ar"><value>المدينة القديمة طرابلس</value></Data><Data name="layer_name_en"><value>Old Tripoli</value></Data><Data name="name_ar"><value>كوشة الصفار</value></Data><Data name="latitude"><value>32.8954983</value></Data><Data name="longitude"><value>13.1764672</value></Data><Data name="images_json"><value>["/assets/images/old-tripoli/old-tripoli-LY-OLD-TRIPOLI-00039-01.png","/assets/images/old-tripoli/old-tripoli-LY-OLD-TRIPOLI-00039-02.png"]</value></Data><Data name="image_count"><value>2</value></Data><Data name="source_file"><value>developed/old-tripoli-developed.kml</value></Data><Data name="source_placemark_index"><value>39</value></Data><Data name="data_quality_status"><value>ok</value></Data><Data name="source_media_url"><value>["https://mymaps.usercontent.google.com/hostedimage/m/*/3AAjQbR7n1Mrnk_mZK2o0zG05LoiP_NGEO8h8D3cMSwjQVCOcEv3TqEOCBBKQB90sUNQdfw2LEWUs0aGcq4HIHqmhbXX7p0VfS_SKj7MEMMGvKx2fAVIWv_og6LYp6S7weryMohW4r7p9TuOF5JPBUmVGqbhHpsStOH7mgq8zo4YCmT24wRpi6Yw99srn4YEMzcH-3u6X0xHx1N4m3_TDr646RPY9CZNeQhbAKRvZmsqr7uPykYHzS_TROCa34Eg?authuser=1&amp;fife=s16383","https://mymaps.usercontent.google.com/hostedimage/m/*/3AAjQbR6Wn_6uvWL8K1f4Ie9NnkXcgGB3ZoYifDGo4WlslftXRTJgvFXrHU4R4jpQFYCP7DU7fQQLp5UOnjdXhPXcEt3ijSZ9GAvQzb5hvwt_fXeRfZWHJsc9XQ1cbdzhFHc47KExWdWlkfNPuNlgOJCfnDFsOLOPRmdBcNd2xbEuYFhVFeC-OSHpRi4RXtP85ClYpI2kjr2yDsrvFnSV74bA88WpQ3SrsXiNS5NjRkLyo4_m9wvjPTnRMeyNXsA?authuser=1&amp;fife=s16383"]</value></Data></ExtendedData><Point><coordinates>13.1764672,32.8954983,0</coordinates></Point></Placemark><Placemark><name>زنقة البدوي</name><description>&lt;div class="atlas-popup" dir="rtl"&gt;&lt;h3&gt;زنقة البدوي&lt;/h3&gt;&lt;div class="atlas-popup-gallery"&gt;&lt;img src="https://mymaps.usercontent.google.com/hostedimage/m/*/3AAjQbR7l3O9zUtjSyvxfsAk2J2CIFIYrvnNdICNz543RvIlzNOW8367MhlRlgMTP-Vb-E5fnVunrVmgVZQhHhtNDOvLlcVAPjA3Hh0GYg3usHl6Zq3MrPtbCssyJm0Ji5kE5wgYGkHPhHtjYKaAK51_EyULayfUTFJFjg5Gjp_ODRcU-pjOVqte6w-Jh9w7synaJMPocGVwmGE1gaa_ucP3588O_wrD0h6cZkVceTuyVyfT94sPVxntuRDuihcM?authuser=1&amp;amp;fife=s16383" alt="زنقة البدوي" loading="lazy" class="atlas-popup-image"&gt;&lt;img src="https://mymaps.usercontent.google.com/hostedimage/m/*/3AAjQbR4x57gSc-hDLcXhiOf8cbYoeBpfhFLdpCVjcHD2QF7Tx54WKziwnHt4Tyhxlfs4Oiv-BEtw6LdjpEP1QcBfwOOdVNhSg3315D0Q3B2DYUyhOEy_rH2jGH8KZ7qAo6qHRPasdHV_klS_PoH5phtluqXXyxLEOfiTBipxAggq2H6DjloShb_NtlxoFa4vshxTPdrVWux_W_KffeiqkY45tUwwQoccii4SKfMUTyhj_hGpsD-zdyr-2ytUUew?authuser=1&amp;amp;fife=s16383" alt="زنقة البدوي" loading="lazy" class="atlas-popup-image"&gt;&lt;img src="https://mymaps.usercontent.google.com/hostedimage/m/*/3AAjQbR5ezxDHmSvB3ScxQaumoAJ08v2ixFAtYtk45Pw0KoXFda1Bs51HrP3qL2bD5VwKT5t24jOMc5UnB_8Mp_qqtaeZXHk6bkDBKiHVASRFxeiJwpFX-zvGl2JjLtKUbKOaWM2QLfLSfZV5RVzguNtvWL-ffE8SFiujue1SIdAND2154RYYIim1f4SsZRi4y3TyNZOaQWr6xhR0j1kc7Qd3J-EYoB3E84WPuLPAGRczyIZodp2Wh3uFER_Vuss?authuser=1&amp;amp;fife=s16383" alt="زنقة البدوي" loading="lazy" class="atlas-popup-image"&gt;&lt;/div&gt;&lt;div class="atlas-popup-details"&gt;&lt;div&gt;&lt;strong&gt;الاسم بالإنجليزية:&lt;/strong&gt; Zanqat Al Badawi&lt;/div&gt;&lt;div&gt;&lt;strong&gt;التصنيف:&lt;/strong&gt; زقاق عتيق&lt;/div&gt;&lt;div&gt;&lt;strong&gt;العنوان:&lt;/strong&gt; تطل الزنقة مباشرة على سوق الترك الشهير، وتعتبر رابطاً حيوياً بينه وبين الأزقة المجاورة.&lt;/div&gt;&lt;div&gt;&lt;strong&gt;الوصف:&lt;/strong&gt; أحد الشوارع والأزقة التاريخية العتيقة النابضة بالحياة في المدينة القديمة بـطرابلس، ليبيا&lt;/div&gt;&lt;/div&gt;&lt;/div&gt;</description><ExtendedData><Data name="atlas_id"><value>LY-OLD-TRIPOLI-00040</value></Data><Data name="name_en"><value>Zanqat Al Badawi</value></Data><Data name="category"><value>زقاق عتيق</value></Data><Data name="address"><value>تطل الزنقة مباشرة على سوق الترك الشهير، وتعتبر رابطاً حيوياً بينه وبين الأزقة المجاورة.</value></Data><Data name="description"><value>أحد الشوارع والأزقة التاريخية العتيقة النابضة بالحياة في المدينة القديمة بـطرابلس، ليبيا</value></Data><Data name="image_count"><value>3</value></Data><Data name="source_file"><value>المدينة القديمة _طرابلس.kml</value></Data><Data name="images_json"><value>["/assets/images/old-tripoli/old-tripoli-LY-OLD-TRIPOLI-00040-01.png","/assets/images/old-tripoli/old-tripoli-LY-OLD-TRIPOLI-00040-02.png","/assets/images/old-tripoli/old-tripoli-LY-OLD-TRIPOLI-00040-03.png"]</value></Data><Data name="atlas_id"><value>LY-OLD-TRIPOLI-00040</value></Data><Data name="image_count"><value>3</value></Data><Data name="source_file"><value>المدينة القديمة _طرابلس.kml</value></Data><Data name="images_json"><value>["/assets/images/old-tripoli/old-tripoli-LY-OLD-TRIPOLI-00040-01.png","/assets/images/old-tripoli/old-tripoli-LY-OLD-TRIPOLI-00040-02.png","/assets/images/old-tripoli/old-tripoli-LY-OLD-TRIPOLI-00040-03.png"]</value></Data><Data name="atlas_id"><value>LY-TRI-000040</value></Data><Data name="layer_id"><value>old-tripoli</value></Data><Data name="layer_name_ar"><value>المدينة القديمة طرابلس</value></Data><Data name="layer_name_en"><value>Old Tripoli</value></Data><Data name="name_ar"><value>زنقة البدوي</value></Data><Data name="latitude"><value>32.8969358</value></Data><Data name="longitude"><value>13.1786482</value></Data><Data name="images_json"><value>["/assets/images/old-tripoli/old-tripoli-LY-OLD-TRIPOLI-00040-01.png","/assets/images/old-tripoli/old-tripoli-LY-OLD-TRIPOLI-00040-02.png","/assets/images/old-tripoli/old-tripoli-LY-OLD-TRIPOLI-00040-03.png"]</value></Data><Data name="image_count"><value>3</value></Data><Data name="source_file"><value>developed/old-tripoli-developed.kml</value></Data><Data name="source_placemark_index"><value>40</value></Data><Data name="data_quality_status"><value>ok</value></Data><Data name="source_media_url"><value>["https://mymaps.usercontent.google.com/hostedimage/m/*/3AAjQbR7l3O9zUtjSyvxfsAk2J2CIFIYrvnNdICNz543RvIlzNOW8367MhlRlgMTP-Vb-E5fnVunrVmgVZQhHhtNDOvLlcVAPjA3Hh0GYg3usHl6Zq3MrPtbCssyJm0Ji5kE5wgYGkHPhHtjYKaAK51_EyULayfUTFJFjg5Gjp_ODRcU-pjOVqte6w-Jh9w7synaJMPocGVwmGE1gaa_ucP3588O_wrD0h6cZkVceTuyVyfT94sPVxntuRDuihcM?authuser=1&amp;fife=s16383","https://mymaps.usercontent.google.com/hostedimage/m/*/3AAjQbR4x57gSc-hDLcXhiOf8cbYoeBpfhFLdpCVjcHD2QF7Tx54WKziwnHt4Tyhxlfs4Oiv-BEtw6LdjpEP1QcBfwOOdVNhSg3315D0Q3B2DYUyhOEy_rH2jGH8KZ7qAo6qHRPasdHV_klS_PoH5phtluqXXyxLEOfiTBipxAggq2H6DjloShb_NtlxoFa4vshxTPdrVWux_W_KffeiqkY45tUwwQoccii4SKfMUTyhj_hGpsD-zdyr-2ytUUew?authuser=1&amp;fife=s16383","https://mymaps.usercontent.google.com/hostedimage/m/*/3AAjQbR5ezxDHmSvB3ScxQaumoAJ08v2ixFAtYtk45Pw0KoXFda1Bs51HrP3qL2bD5VwKT5t24jOMc5UnB_8Mp_qqtaeZXHk6bkDBKiHVASRFxeiJwpFX-zvGl2JjLtKUbKOaWM2QLfLSfZV5RVzguNtvWL-ffE8SFiujue1SIdAND2154RYYIim1f4SsZRi4y3TyNZOaQWr6xhR0j1kc7Qd3J-EYoB3E84WPuLPAGRczyIZodp2Wh3uFER_Vuss?authuser=1&amp;fife=s16383"]</value></Data></ExtendedData><Point><coordinates>13.1786482,32.8969358,0</coordinates></Point></Placemark><Placemark><name>زنقة الفرنسيس</name><description>&lt;div class="atlas-popup" dir="rtl"&gt;&lt;h3&gt;زنقة الفرنسيس&lt;/h3&gt;&lt;div class="atlas-popup-gallery"&gt;&lt;img src="https://mymaps.usercontent.google.com/hostedimage/m/*/3AAjQbR6SqhlareQpr_dJF93Bp1a7itmqbpIVbcaOr4Ugdy0yWRc2Y8Hugd3eYdWPDhlsbmeG2Q6LDPHb-UxTJkxat8Y0CRg3ZoWZQxpursyKgzwa_s1tYP8D48QwuijIBC5-0qdY8peJQEGGEUF7H1L9MQyy4Y1Oyl_a_9lhrdnThXWFcaYd315FsZiaYrE9WyHVMCip-4ynJcXOrxG1zy1x-csEje7KrxIFffDHCN4Zd9IT2bvs9tjkZv657EU?authuser=1&amp;amp;fife=s16383" alt="زنقة الفرنسيس" loading="lazy" class="atlas-popup-image"&gt;&lt;img src="https://mymaps.usercontent.google.com/hostedimage/m/*/3AAjQbR4hq4EP7ijKtFoiRLay66Wu5PR6LsZGQ2tjwfTeT9N-6OW22KNJ_Bf3S2IdcSEq9x9wVsJhupJC81pOLBv9qrsA43j86LpqLgSRPNAis97GucRlwMtwhZSwJzOHEZZ8Ekdrv7eqBh20xSRj0BrJ-lnLlMPmO6VCR4oaXh6qXhQ7tfZLnmcUzg5qIebMp8vQ7X-J_jdS5Msyy7qvMEYPsoplQyRiqYS9PPWXueTMTndF-UtfenArVl134Og?authuser=1&amp;amp;fife=s16383" alt="زنقة الفرنسيس" loading="lazy" class="atlas-popup-image"&gt;&lt;/div&gt;&lt;div class="atlas-popup-details"&gt;&lt;div&gt;&lt;strong&gt;الاسم بالإنجليزية:&lt;/strong&gt; Frances Alley&lt;/div&gt;&lt;div&gt;&lt;strong&gt;التصنيف:&lt;/strong&gt; زقاق&lt;/div&gt;&lt;div&gt;&lt;strong&gt;العنوان:&lt;/strong&gt; طرابلس المدينة القديمة&lt;/div&gt;&lt;div&gt;&lt;strong&gt;الوصف:&lt;/strong&gt; شارع عتيق&lt;/div&gt;&lt;/div&gt;&lt;/div&gt;</description><ExtendedData><Data name="atlas_id"><value>LY-OLD-TRIPOLI-00041</value></Data><Data name="name_en"><value>Frances Alley</value></Data><Data name="category"><value>زقاق</value></Data><Data name="address"><value>طرابلس المدينة القديمة</value></Data><Data name="description"><value>شارع عتيق</value></Data><Data name="image_count"><value>2</value></Data><Data name="source_file"><value>المدينة القديمة _طرابلس.kml</value></Data><Data name="images_json"><value>["/assets/images/old-tripoli/old-tripoli-LY-OLD-TRIPOLI-00041-01.png","/assets/images/old-tripoli/old-tripoli-LY-OLD-TRIPOLI-00041-02.png"]</value></Data><Data name="atlas_id"><value>LY-OLD-TRIPOLI-00041</value></Data><Data name="image_count"><value>2</value></Data><Data name="source_file"><value>المدينة القديمة _طرابلس.kml</value></Data><Data name="images_json"><value>["/assets/images/old-tripoli/old-tripoli-LY-OLD-TRIPOLI-00041-01.png","/assets/images/old-tripoli/old-tripoli-LY-OLD-TRIPOLI-00041-02.png"]</value></Data><Data name="atlas_id"><value>LY-TRI-000041</value></Data><Data name="layer_id"><value>old-tripoli</value></Data><Data name="layer_name_ar"><value>المدينة القديمة طرابلس</value></Data><Data name="layer_name_en"><value>Old Tripoli</value></Data><Data name="name_ar"><value>زنقة الفرنسيس</value></Data><Data name="latitude"><value>32.8985944</value></Data><Data name="longitude"><value>13.1754767</value></Data><Data name="images_json"><value>["/assets/images/old-tripoli/old-tripoli-LY-OLD-TRIPOLI-00041-01.png","/assets/images/old-tripoli/old-tripoli-LY-OLD-TRIPOLI-00041-02.png"]</value></Data><Data name="image_count"><value>2</value></Data><Data name="source_file"><value>developed/old-tripoli-developed.kml</value></Data><Data name="source_placemark_index"><value>41</value></Data><Data name="data_quality_status"><value>ok</value></Data><Data name="source_media_url"><value>["https://mymaps.usercontent.google.com/hostedimage/m/*/3AAjQbR6SqhlareQpr_dJF93Bp1a7itmqbpIVbcaOr4Ugdy0yWRc2Y8Hugd3eYdWPDhlsbmeG2Q6LDPHb-UxTJkxat8Y0CRg3ZoWZQxpursyKgzwa_s1tYP8D48QwuijIBC5-0qdY8peJQEGGEUF7H1L9MQyy4Y1Oyl_a_9lhrdnThXWFcaYd315FsZiaYrE9WyHVMCip-4ynJcXOrxG1zy1x-csEje7KrxIFffDHCN4Zd9IT2bvs9tjkZv657EU?authuser=1&amp;fife=s16383","https://mymaps.usercontent.google.com/hostedimage/m/*/3AAjQbR4hq4EP7ijKtFoiRLay66Wu5PR6LsZGQ2tjwfTeT9N-6OW22KNJ_Bf3S2IdcSEq9x9wVsJhupJC81pOLBv9qrsA43j86LpqLgSRPNAis97GucRlwMtwhZSwJzOHEZZ8Ekdrv7eqBh20xSRj0BrJ-lnLlMPmO6VCR4oaXh6qXhQ7tfZLnmcUzg5qIebMp8vQ7X-J_jdS5Msyy7qvMEYPsoplQyRiqYS9PPWXueTMTndF-UtfenArVl134Og?authuser=1&amp;fife=s16383"]</value></Data></ExtendedData><Point><coordinates>13.1754767,32.8985944,0</coordinates></Point></Placemark><Placemark><name>شارع الأربع عرصات</name><description>&lt;div class="atlas-popup" dir="rtl"&gt;&lt;h3&gt;شارع الأربع عرصات&lt;/h3&gt;&lt;div class="atlas-popup-gallery"&gt;&lt;img src="https://lh3.googleusercontent.com/umsh/AN6v0v5mcpZ-dkSoZf6ZypuiUa06Jnwl4MZUyWIjltow06eARYaBfGaCw1s9930TZbhKI3s04lPDhp9r0Fm0CHBNA-o2cjJmkitgT4-irDy4K7pxjMkBGkLK5hYTlN_2sDMbK7B8cXy7xh4iSZWL2NrMM-yOPfP3vPuqaRGZW-iW_n5RzcLky-U_IiQQ92K98uEC-G27a5iHNFxUgrdruE5pm3LHn2h7wTpzxbfdypXxDuaGaJbZ4G7wjEw8my5oJI41VRRLPSkscOz_hyByByW0qA-6NxVTC0IhNPenrmGkGKewizy7ZqkeCIB_9ZLJkXdmFuKXYKMs-EKiyK3bBNlufs6ypTunfMLYxVFq7wZqDY2mFA13ee9IuUL727alvV_bj59c0vsajJlxtGJRT7GKgpWtLXjR378jzRWPTeAyzrFWZQLXp_JDeu1po2q-txl-aQflYPvzTbCI1cv-fbcGvvdVFOD3UejPSxyJIRJAiurnOgarDv8u2oiKZQndHcbcvv2AauHs9TjzUSHcPYM2jVgg9FRp1WApdyx--RXoTpQ-OUL-vjpfG_rf0-gb8pXyVhIv--TW8v4o0diLrSIpFAxl6glkyVTZyhSg-V0kfCNOvyYZVXp6k4vnwN29TG_ayNR7pfHEUnV0VDcHyj7gVByjb42JeWjnlcvU77l84K5EhSb4EnEb3BubO4oM3KvJKBsrpg7JzQ" alt="شارع الأربع عرصات" loading="lazy" class="atlas-popup-image"&gt;&lt;img src="https://lh3.googleusercontent.com/umsh/AN6v0v6qScGFqe1QuBSZ70-613Ov1GNKnvOSfa1NjoXXlfSv3GB6Hcm9XVyRUxICmxqExrL7ZT0wq43l9AxVpNYyo-lExMjBuBBBN950ofhWIZNpWytRviUasXgcHj51nxO2hfMamd-u3A2uZQh_vPB9syHF--ij-s5egAauPpMMHHbvjK_fp0qILjtBw2bp74moSBwNOQ46Opi07pRropIfUfYZgSp3f0zZgRW8q0GJRYa-9WKIB52GRX8f-i9fGix6FsVy_kDVRdYqZYu-GT0qitb1gL7P7viQRQ7Amx-RKDnocgFygGWbh1dT2MugQXDJLVoYxA4sSYhAZkKlhbCVn8KybKCXfcOSakKMp3g9zONBtBVhuGtsMgOa34fPRtBYPTBEJaTaWlJbolWgLZC94VMTSBBaugs8RhP-pyCiwWaxG_mai653T0_G12gZLYnaaB_vuOx71VQt3HXN99P7OpV9mkCJEssXChdjobWeA6hc4cFwCQpZCwd6aplIMuSjyv0yTzruh3Zj-8_hRy4gI2_ZDF-S1_f3H7hsRqazov-ProwzJcd_k_Q0Qc0i8Sl160pt-uPp2D3sJr4ZN-YDOtizuZc-HxThMAvmT-VvRC2noM35NXaKSv-UCfkodDvVBNRCoDzAerRPx_opYZxGYJby2e9kB_qN9A0Em6957FVFqJ7V1yQ5EkL6kIiABesgkPrM8JM2ky4" alt="شارع الأربع عرصات" loading="lazy" class="atlas-popup-image"&gt;&lt;img src="https://lh3.googleusercontent.com/umsh/AN6v0v79fiuKKfZuZ4suBSzrGG92DutIeOHPSt1h_wpq2zXjt9jj0suaBowg9GalU29J6ePhFVj5nhO9smvOTyYStCTjxDtSP_UR4W2UB2d3U0F8bNi4ulwZuVM6Ofc5kaTqs0Lfv-jqYjdzk83_Tjqyur5WpAboundEwI-ctvBwWLLppTZ-ld5VmCWkrdPCCe_BljJn1VtCYCsungKBp9-dCSVWphcca_Ue2B21wWRDdDy4pO8v-Z5JlB8nk38hX3xYsTwJsvrKlZ1g5oR3iJ4D4-jUznpreeJ2lp5PFXOTCsmo8qakJosweBpbFMQGPNhMpP0UI9ECpAmYEcnrtBZQXZ93VKHUq1xW3wMfAxAXSGjJDG5MYjcwiHQyofPGNStclCozq4EYeD4iIEHCpuLt8qZT22Ncek9YV3EU_BSRVrTpAdpY9gjxsNyRd4dsAqAvm9UKmytCR10BSpnZ_6LLw2h5p8duRmpdAtUGywlqdrbw7wI0EvdQDDxsaABMAMbM_4f_OHkxL1w-NpYYSX5665rwD2IKp-81CBGrrOEyOq9Tll7iJHNzajwcM3hV3PdTy-Cl2_5jp4nf2a7ZBACNM_P7OMgYxUEOxXRx6RbaXwh5QcxCNpOiOAypXYMG_Ya0XPxFTV8p3F68WNiXiFk7v5UCcDX2O86L0kTYimZS4jaW6hE4FUhYS70dblPpvAkGeHYZcZynqg" alt="شارع الأربع عرصات" loading="lazy" class="atlas-popup-image"&gt;&lt;/div&gt;&lt;div class="atlas-popup-details"&gt;&lt;div&gt;&lt;strong&gt;الاسم بالإنجليزية:&lt;/strong&gt; Arbaa Arsat street&lt;/div&gt;&lt;div&gt;&lt;strong&gt;التصنيف:&lt;/strong&gt; عرصات رخامية تارخية&lt;/div&gt;&lt;div&gt;&lt;strong&gt;العنوان:&lt;/strong&gt; طرابلس/المدينة القديمة&lt;/div&gt;&lt;div&gt;&lt;strong&gt;الوصف:&lt;/strong&gt; أربع عرصات&lt;/div&gt;&lt;/div&gt;&lt;/div&gt;</description><ExtendedData><Data name="atlas_id"><value>LY-OLD-TRIPOLI-00042</value></Data><Data name="name_en"><value>Arbaa Arsat street</value></Data><Data name="category"><value>عرصات رخامية تارخية</value></Data><Data name="address"><value>طرابلس/المدينة القديمة</value></Data><Data name="description"><value>أربع عرصات</value></Data><Data name="image_count"><value>3</value></Data><Data name="source_file"><value>المدينة القديمة _طرابلس.kml</value></Data><Data name="images_json"><value>["/assets/images/old-tripoli/old-tripoli-LY-OLD-TRIPOLI-00042-01.png","/assets/images/old-tripoli/old-tripoli-LY-OLD-TRIPOLI-00042-02.png","/assets/images/old-tripoli/old-tripoli-LY-OLD-TRIPOLI-00042-03.png"]</value></Data><Data name="atlas_id"><value>LY-OLD-TRIPOLI-00042</value></Data><Data name="image_count"><value>3</value></Data><Data name="source_file"><value>المدينة القديمة _طرابلس.kml</value></Data><Data name="images_json"><value>["/assets/images/old-tripoli/old-tripoli-LY-OLD-TRIPOLI-00042-01.png","/assets/images/old-tripoli/old-tripoli-LY-OLD-TRIPOLI-00042-02.png","/assets/images/old-tripoli/old-tripoli-LY-OLD-TRIPOLI-00042-03.png"]</value></Data><Data name="atlas_id"><value>LY-TRI-000042</value></Data><Data name="layer_id"><value>old-tripoli</value></Data><Data name="layer_name_ar"><value>المدينة القديمة طرابلس</value></Data><Data name="layer_name_en"><value>Old Tripoli</value></Data><Data name="name_ar"><value>شارع الأربع عرصات</value></Data><Data name="latitude"><value>32.897513</value></Data><Data name="longitude"><value>13.176797</value></Data><Data name="images_json"><value>["/assets/images/old-tripoli/old-tripoli-LY-OLD-TRIPOLI-00042-01.png","/assets/images/old-tripoli/old-tripoli-LY-OLD-TRIPOLI-00042-02.png","/assets/images/old-tripoli/old-tripoli-LY-OLD-TRIPOLI-00042-03.png"]</value></Data><Data name="image_count"><value>3</value></Data><Data name="source_file"><value>developed/old-tripoli-developed.kml</value></Data><Data name="source_placemark_index"><value>42</value></Data><Data name="data_quality_status"><value>ok</value></Data><Data name="source_media_url"><value>["https://lh3.googleusercontent.com/umsh/AN6v0v5mcpZ-dkSoZf6ZypuiUa06Jnwl4MZUyWIjltow06eARYaBfGaCw1s9930TZbhKI3s04lPDhp9r0Fm0CHBNA-o2cjJmkitgT4-irDy4K7pxjMkBGkLK5hYTlN_2sDMbK7B8cXy7xh4iSZWL2NrMM-yOPfP3vPuqaRGZW-iW_n5RzcLky-U_IiQQ92K98uEC-G27a5iHNFxUgrdruE5pm3LHn2h7wTpzxbfdypXxDuaGaJbZ4G7wjEw8my5oJI41VRRLPSkscOz_hyByByW0qA-6NxVTC0IhNPenrmGkGKewizy7ZqkeCIB_9ZLJkXdmFuKXYKMs-EKiyK3bBNlufs6ypTunfMLYxVFq7wZqDY2mFA13ee9IuUL727alvV_bj59c0vsajJlxtGJRT7GKgpWtLXjR378jzRWPTeAyzrFWZQLXp_JDeu1po2q-txl-aQflYPvzTbCI1cv-fbcGvvdVFOD3UejPSxyJIRJAiurnOgarDv8u2oiKZQndHcbcvv2AauHs9TjzUSHcPYM2jVgg9FRp1WApdyx--RXoTpQ-OUL-vjpfG_rf0-gb8pXyVhIv--TW8v4o0diLrSIpFAxl6glkyVTZyhSg-V0kfCNOvyYZVXp6k4vnwN29TG_ayNR7pfHEUnV0VDcHyj7gVByjb42JeWjnlcvU77l84K5EhSb4EnEb3BubO4oM3KvJKBsrpg7JzQ","https://lh3.googleusercontent.com/umsh/AN6v0v6qScGFqe1QuBSZ70-613Ov1GNKnvOSfa1NjoXXlfSv3GB6Hcm9XVyRUxICmxqExrL7ZT0wq43l9AxVpNYyo-lExMjBuBBBN950ofhWIZNpWytRviUasXgcHj51nxO2hfMamd-u3A2uZQh_vPB9syHF--ij-s5egAauPpMMHHbvjK_fp0qILjtBw2bp74moSBwNOQ46Opi07pRropIfUfYZgSp3f0zZgRW8q0GJRYa-9WKIB52GRX8f-i9fGix6FsVy_kDVRdYqZYu-GT0qitb1gL7P7viQRQ7Amx-RKDnocgFygGWbh1dT2MugQXDJLVoYxA4sSYhAZkKlhbCVn8KybKCXfcOSakKMp3g9zONBtBVhuGtsMgOa34fPRtBYPTBEJaTaWlJbolWgLZC94VMTSBBaugs8RhP-pyCiwWaxG_mai653T0_G12gZLYnaaB_vuOx71VQt3HXN99P7OpV9mkCJEssXChdjobWeA6hc4cFwCQpZCwd6aplIMuSjyv0yTzruh3Zj-8_hRy4gI2_ZDF-S1_f3H7hsRqazov-ProwzJcd_k_Q0Qc0i8Sl160pt-uPp2D3sJr4ZN-YDOtizuZc-HxThMAvmT-VvRC2noM35NXaKSv-UCfkodDvVBNRCoDzAerRPx_opYZxGYJby2e9kB_qN9A0Em6957FVFqJ7V1yQ5EkL6kIiABesgkPrM8JM2ky4","https://lh3.googleusercontent.com/umsh/AN6v0v79fiuKKfZuZ4suBSzrGG92DutIeOHPSt1h_wpq2zXjt9jj0suaBowg9GalU29J6ePhFVj5nhO9smvOTyYStCTjxDtSP_UR4W2UB2d3U0F8bNi4ulwZuVM6Ofc5kaTqs0Lfv-jqYjdzk83_Tjqyur5WpAboundEwI-ctvBwWLLppTZ-ld5VmCWkrdPCCe_BljJn1VtCYCsungKBp9-dCSVWphcca_Ue2B21wWRDdDy4pO8v-Z5JlB8nk38hX3xYsTwJsvrKlZ1g5oR3iJ4D4-jUznpreeJ2lp5PFXOTCsmo8qakJosweBpbFMQGPNhMpP0UI9ECpAmYEcnrtBZQXZ93VKHUq1xW3wMfAxAXSGjJDG5MYjcwiHQyofPGNStclCozq4EYeD4iIEHCpuLt8qZT22Ncek9YV3EU_BSRVrTpAdpY9gjxsNyRd4dsAqAvm9UKmytCR10BSpnZ_6LLw2h5p8duRmpdAtUGywlqdrbw7wI0EvdQDDxsaABMAMbM_4f_OHkxL1w-NpYYSX5665rwD2IKp-81CBGrrOEyOq9Tll7iJHNzajwcM3hV3PdTy-Cl2_5jp4nf2a7ZBACNM_P7OMgYxUEOxXRx6RbaXwh5QcxCNpOiOAypXYMG_Ya0XPxFTV8p3F68WNiXiFk7v5UCcDX2O86L0kTYimZS4jaW6hE4FUhYS70dblPpvAkGeHYZcZynqg"]</value></Data></ExtendedData><Point><coordinates>13.176797,32.897513,0</coordinates></Point></Placemark><Placemark><name>زنقة البقار</name><description>&lt;div class="atlas-popup" dir="rtl"&gt;&lt;h3&gt;زنقة البقار&lt;/h3&gt;&lt;div class="atlas-popup-gallery"&gt;&lt;img src="https://mymaps.usercontent.google.com/hostedimage/m/*/3AAjQbR4thqe5Czg3UW_IvIWqttBc3co8S7hAq8YMolRAoo0N58TYeloaEZ5vi9PMWkEdu4zyI1bzPfZ9eoHyVzobYaqp2kgRsQ1LFGYsrJpQGPHxM4k1K8ZMowAfyN6SVB2wOnPbLnbeVvkEhWz04dwW_q3PZjeqRwLiijNjCqdigjqXiNdft6Trd1hyC_tTf31NAbCz-LRhFYqBpQSVl3Ucy52jozIYLBw0k_iLXgh67qOo8dFJf4N1e-2EuUM?authuser=1&amp;amp;fife=s16383" alt="زنقة البقار" loading="lazy" class="atlas-popup-image"&gt;&lt;img src="https://mymaps.usercontent.google.com/hostedimage/m/*/3AAjQbR40Vlq7y6X5oMxlb-d_zSxTna4z2u3bnE5fUIxgnvqU5Zr7DgSJ15pvlAVPFmTaayu1Xhd8OPN__3dIf2vMVAxHKPWeUYYdzembnKKrzceC1DJaDeAI32Blgw9LNSJW2oSzns5wGfZA-fmAWcLRHrcBX4mx99EloLz8hYPYlwUsKv1VrC9MWjE_g8Kl9QejxfXDgGa6mJ21UyLXNsPp618_axm-M5ogyz-HEu2ZUpysqB0QDnGR4Yv31f8?authuser=1&amp;amp;fife=s16383" alt="زنقة البقار" loading="lazy" class="atlas-popup-image"&gt;&lt;img src="https://mymaps.usercontent.google.com/hostedimage/m/*/3AAjQbR7vPizizQRmCgT5CGrLyCox_yRz_ZeglZjW03SjB_m8yRaEx77VKn86FtEAxeCqhkChehkF6rhXGK9amYAU8_SrULcGB3U2eJJm5PKSO2vh51ie8EGqhSgx-yQRqvLBoXCLEYcJooDNISLeG-2b4RPx61tR5wPNXSQYqxiL6hNlKy9mzDSxK6QRLW5cTYkW97r-qXQuG7D80dTAY6ERCCf_TOEtVedBAj1ksp3RSg7XDkfLjMOMDj6-_yo?authuser=1&amp;amp;fife=s16383" alt="زنقة البقار" loading="lazy" class="atlas-popup-image"&gt;&lt;/div&gt;&lt;div class="atlas-popup-details"&gt;&lt;div&gt;&lt;strong&gt;الاسم بالإنجليزية:&lt;/strong&gt; Zanqat Al-Baqqar&lt;/div&gt;&lt;div&gt;&lt;strong&gt;التصنيف:&lt;/strong&gt; زقاق&lt;/div&gt;&lt;div&gt;&lt;strong&gt;العنوان:&lt;/strong&gt; تبدأ الزنقة شرقاً من سوق الترك الشهير وتستمر حتى تنتهي غرباً عند شارع قوس الصرارعي&lt;/div&gt;&lt;div&gt;&lt;strong&gt;الوصف:&lt;/strong&gt; تتبع نظام التخطيط الروماني القديم المعروف بـ (ديكامانوس)، حيث تمتد من الشرق إلى الغرب&lt;/div&gt;&lt;/div&gt;&lt;/div&gt;</description><ExtendedData><Data name="atlas_id"><value>LY-OLD-TRIPOLI-00043</value></Data><Data name="name_en"><value>Zanqat Al-Baqqar</value></Data><Data name="category"><value>زقاق</value></Data><Data name="address"><value>تبدأ الزنقة شرقاً من سوق الترك الشهير وتستمر حتى تنتهي غرباً عند شارع قوس الصرارعي</value></Data><Data name="description"><value>تتبع نظام التخطيط الروماني القديم المعروف بـ (ديكامانوس)، حيث تمتد من الشرق إلى الغرب</value></Data><Data name="image_count"><value>3</value></Data><Data name="source_file"><value>المدينة القديمة _طرابلس.kml</value></Data><Data name="images_json"><value>["/assets/images/old-tripoli/old-tripoli-LY-OLD-TRIPOLI-00043-01.png","/assets/images/old-tripoli/old-tripoli-LY-OLD-TRIPOLI-00043-02.png","/assets/images/old-tripoli/old-tripoli-LY-OLD-TRIPOLI-00043-03.png"]</value></Data><Data name="atlas_id"><value>LY-OLD-TRIPOLI-00043</value></Data><Data name="image_count"><value>3</value></Data><Data name="source_file"><value>المدينة القديمة _طرابلس.kml</value></Data><Data name="images_json"><value>["/assets/images/old-tripoli/old-tripoli-LY-OLD-TRIPOLI-00043-01.png","/assets/images/old-tripoli/old-tripoli-LY-OLD-TRIPOLI-00043-02.png","/assets/images/old-tripoli/old-tripoli-LY-OLD-TRIPOLI-00043-03.png"]</value></Data><Data name="atlas_id"><value>LY-TRI-000043</value></Data><Data name="layer_id"><value>old-tripoli</value></Data><Data name="layer_name_ar"><value>المدينة القديمة طرابلس</value></Data><Data name="layer_name_en"><value>Old Tripoli</value></Data><Data name="name_ar"><value>زنقة البقار</value></Data><Data name="latitude"><value>32.8962658</value></Data><Data name="longitude"><value>13.1778578</value></Data><Data name="images_json"><value>["/assets/images/old-tripoli/old-tripoli-LY-OLD-TRIPOLI-00043-01.png","/assets/images/old-tripoli/old-tripoli-LY-OLD-TRIPOLI-00043-02.png","/assets/images/old-tripoli/old-tripoli-LY-OLD-TRIPOLI-00043-03.png"]</value></Data><Data name="image_count"><value>3</value></Data><Data name="source_file"><value>developed/old-tripoli-developed.kml</value></Data><Data name="source_placemark_index"><value>43</value></Data><Data name="data_quality_status"><value>ok</value></Data><Data name="source_media_url"><value>["https://mymaps.usercontent.google.com/hostedimage/m/*/3AAjQbR4thqe5Czg3UW_IvIWqttBc3co8S7hAq8YMolRAoo0N58TYeloaEZ5vi9PMWkEdu4zyI1bzPfZ9eoHyVzobYaqp2kgRsQ1LFGYsrJpQGPHxM4k1K8ZMowAfyN6SVB2wOnPbLnbeVvkEhWz04dwW_q3PZjeqRwLiijNjCqdigjqXiNdft6Trd1hyC_tTf31NAbCz-LRhFYqBpQSVl3Ucy52jozIYLBw0k_iLXgh67qOo8dFJf4N1e-2EuUM?authuser=1&amp;fife=s16383","https://mymaps.usercontent.google.com/hostedimage/m/*/3AAjQbR40Vlq7y6X5oMxlb-d_zSxTna4z2u3bnE5fUIxgnvqU5Zr7DgSJ15pvlAVPFmTaayu1Xhd8OPN__3dIf2vMVAxHKPWeUYYdzembnKKrzceC1DJaDeAI32Blgw9LNSJW2oSzns5wGfZA-fmAWcLRHrcBX4mx99EloLz8hYPYlwUsKv1VrC9MWjE_g8Kl9QejxfXDgGa6mJ21UyLXNsPp618_axm-M5ogyz-HEu2ZUpysqB0QDnGR4Yv31f8?authuser=1&amp;fife=s16383","https://mymaps.usercontent.google.com/hostedimage/m/*/3AAjQbR7vPizizQRmCgT5CGrLyCox_yRz_ZeglZjW03SjB_m8yRaEx77VKn86FtEAxeCqhkChehkF6rhXGK9amYAU8_SrULcGB3U2eJJm5PKSO2vh51ie8EGqhSgx-yQRqvLBoXCLEYcJooDNISLeG-2b4RPx61tR5wPNXSQYqxiL6hNlKy9mzDSxK6QRLW5cTYkW97r-qXQuG7D80dTAY6ERCCf_TOEtVedBAj1ksp3RSg7XDkfLjMOMDj6-_yo?authuser=1&amp;fife=s16383"]</value></Data></ExtendedData><Point><coordinates>13.1778578,32.8962658,0</coordinates></Point></Placemark><Placemark><name>زنقة القاجيجي</name><description>&lt;div class="atlas-popup" dir="rtl"&gt;&lt;h3&gt;زنقة القاجيجي&lt;/h3&gt;&lt;div class="atlas-popup-gallery"&gt;&lt;img src="https://mymaps.usercontent.google.com/hostedimage/m/*/3AAjQbR7c78A7A6j6EAGrISHfCf2Od5ExV_9GrCTXenx2PAxb-TTYcahAzGWxz35R-lP-FhlJ5ZBj5m1AGl_0B-Sh_5JjseXZWpnFVv8ZKrJo5LwvJl1txt59h5DUI-ZsGipWfGhKVoXuDxFYz75_ZpIBB-IU0d-yuBwBA-UB2Pet4MuGaRHMWFfALlpNRr8yWG_JkEkQgw_J5PLS_MVIC3mPbR669NnFJplKLzXRedE8FxrbNL_k00iGHQ4ZwO0?authuser=1&amp;amp;fife=s16383" alt="زنقة القاجيجي" loading="lazy" class="atlas-popup-image"&gt;&lt;img src="https://mymaps.usercontent.google.com/hostedimage/m/*/3AAjQbR5jg2Z0KqCCR4GL3yb-cKjt2NeeUGyWft5D7a_YpAEHntHKt5D4Km0TwETe4zXDQnQ3bpsSfMWOJ3WDDUVFwPPOo9zOvxzKEjtrNChL-F4o7ywK59bJK6u7JGCJG9Gu98_8H5RaRALXAG-Xc7JhrMg7zyhy89qTLhrt3jKZ1r68W8Z56Sobq66GFrCyXJ4iV72mZYjkyv6ekma1YS2a8eotFkX1Al3J7wd_1_vYfx_sf9iHLUNrU-E_Nuo?authuser=1&amp;amp;fife=s16383" alt="زنقة القاجيجي" loading="lazy" class="atlas-popup-image"&gt;&lt;img src="https://mymaps.usercontent.google.com/hostedimage/m/*/3AAjQbR5xJsBWAJYddX3M-6kue_V_qkbuGLFsrWuA2M6ZY1BE-ZQdectsgFDPIBn7wsXQSjRLZZuIIITACX20vh8OWxZwh2BV_NVcvP6qZSWU5TVg-IdJukQBqbIQG2EVZRFP-lfk5KYizg8ET2Na67MPwHK1v4tDMND8xFyto2kHHzxpyw0BzG06TPpe5uVUxnV7Tlx1OubH-bjjTkyEK9qEvUy9wWgOxEErpGdaQVukai2edQayQUQxxW2bWo0?authuser=1&amp;amp;fife=s16383" alt="زنقة القاجيجي" loading="lazy" class="atlas-popup-image"&gt;&lt;img src="https://mymaps.usercontent.google.com/hostedimage/m/*/3AAjQbR6cKSQppbEdyp0k2Q-VYTihVHbGezbCSUj_r-DCtYITLgh5np725IAFmbnidRLrukvBrcNPpOoRK65AE2xmJs_MOr4freqYVvvlY-aGNR-xwLAFGNGpMi9bl2u5F9EmnhwppZfx5g5J-DjKoy5nB4FHHUxFGQQAGGRoLRILER_kIWgC-VtYTBMHaKMn6iMyf3ja9SiaW2xBkV6xBwUPcYF2wSe_qmY-Ce3kcH0Lh473E2l3SfuE0WrJ3d0?authuser=1&amp;amp;fife=s16383" alt="زنقة القاجيجي" loading="lazy" class="atlas-popup-image"&gt;&lt;/div&gt;&lt;div class="atlas-popup-details"&gt;&lt;div&gt;&lt;strong&gt;الاسم بالإنجليزية:&lt;/strong&gt; Zanqat Al-Qajiji&lt;/div&gt;&lt;div&gt;&lt;strong&gt;التصنيف:&lt;/strong&gt; زقاق&lt;/div&gt;&lt;div&gt;&lt;strong&gt;العنوان:&lt;/strong&gt; تقع الزنقة ضمن محيط شارع كوشة سيدي الصفّار، ولها فتحة رئيسية تطل عليه مباشرة.&lt;/div&gt;&lt;div&gt;&lt;strong&gt;الوصف:&lt;/strong&gt; هي مسقط رأس القامة التربوية الشيخ امحمد علي المجراب، مؤلف كتاب &amp;quot;السفر الأدبي في الرسم العربي&amp;quot; الصادر عام 1922، وهو والد الأستاذ محمد عامر المجراب&lt;/div&gt;&lt;/div&gt;&lt;/div&gt;</description><ExtendedData><Data name="atlas_id"><value>LY-OLD-TRIPOLI-00044</value></Data><Data name="name_en"><value>Zanqat Al-Qajiji</value></Data><Data name="category"><value>زقاق</value></Data><Data name="address"><value>تقع الزنقة ضمن محيط شارع كوشة سيدي الصفّار، ولها فتحة رئيسية تطل عليه مباشرة.</value></Data><Data name="description"><value>هي مسقط رأس القامة التربوية الشيخ امحمد علي المجراب، مؤلف كتاب "السفر الأدبي في الرسم العربي" الصادر عام 1922، وهو والد الأستاذ محمد عامر المجراب</value></Data><Data name="image_count"><value>4</value></Data><Data name="source_file"><value>المدينة القديمة _طرابلس.kml</value></Data><Data name="images_json"><value>["/assets/images/old-tripoli/old-tripoli-LY-OLD-TRIPOLI-00044-01.png","/assets/images/old-tripoli/old-tripoli-LY-OLD-TRIPOLI-00044-02.png","/assets/images/old-tripoli/old-tripoli-LY-OLD-TRIPOLI-00044-03.png","/assets/images/old-tripoli/old-tripoli-LY-OLD-TRIPOLI-00044-04.png"]</value></Data><Data name="atlas_id"><value>LY-OLD-TRIPOLI-00044</value></Data><Data name="image_count"><value>4</value></Data><Data name="source_file"><value>المدينة القديمة _طرابلس.kml</value></Data><Data name="images_json"><value>["/assets/images/old-tripoli/old-tripoli-LY-OLD-TRIPOLI-00044-01.png","/assets/images/old-tripoli/old-tripoli-LY-OLD-TRIPOLI-00044-02.png","/assets/images/old-tripoli/old-tripoli-LY-OLD-TRIPOLI-00044-03.png","/assets/images/old-tripoli/old-tripoli-LY-OLD-TRIPOLI-00044-04.png"]</value></Data><Data name="atlas_id"><value>LY-TRI-000044</value></Data><Data name="layer_id"><value>old-tripoli</value></Data><Data name="layer_name_ar"><value>المدينة القديمة طرابلس</value></Data><Data name="layer_name_en"><value>Old Tripoli</value></Data><Data name="name_ar"><value>زنقة القاجيجي</value></Data><Data name="latitude"><value>32.8986335</value></Data><Data name="longitude"><value>13.1755343</value></Data><Data name="images_json"><value>["/assets/images/old-tripoli/old-tripoli-LY-OLD-TRIPOLI-00044-01.png","/assets/images/old-tripoli/old-tripoli-LY-OLD-TRIPOLI-00044-02.png","/assets/images/old-tripoli/old-tripoli-LY-OLD-TRIPOLI-00044-03.png","/assets/images/old-tripoli/old-tripoli-LY-OLD-TRIPOLI-00044-04.png"]</value></Data><Data name="image_count"><value>4</value></Data><Data name="source_file"><value>developed/old-tripoli-developed.kml</value></Data><Data name="source_placemark_index"><value>44</value></Data><Data name="data_quality_status"><value>ok</value></Data><Data name="source_media_url"><value>["https://mymaps.usercontent.google.com/hostedimage/m/*/3AAjQbR7c78A7A6j6EAGrISHfCf2Od5ExV_9GrCTXenx2PAxb-TTYcahAzGWxz35R-lP-FhlJ5ZBj5m1AGl_0B-Sh_5JjseXZWpnFVv8ZKrJo5LwvJl1txt59h5DUI-ZsGipWfGhKVoXuDxFYz75_ZpIBB-IU0d-yuBwBA-UB2Pet4MuGaRHMWFfALlpNRr8yWG_JkEkQgw_J5PLS_MVIC3mPbR669NnFJplKLzXRedE8FxrbNL_k00iGHQ4ZwO0?authuser=1&amp;fife=s16383","https://mymaps.usercontent.google.com/hostedimage/m/*/3AAjQbR5jg2Z0KqCCR4GL3yb-cKjt2NeeUGyWft5D7a_YpAEHntHKt5D4Km0TwETe4zXDQnQ3bpsSfMWOJ3WDDUVFwPPOo9zOvxzKEjtrNChL-F4o7ywK59bJK6u7JGCJG9Gu98_8H5RaRALXAG-Xc7JhrMg7zyhy89qTLhrt3jKZ1r68W8Z56Sobq66GFrCyXJ4iV72mZYjkyv6ekma1YS2a8eotFkX1Al3J7wd_1_vYfx_sf9iHLUNrU-E_Nuo?authuser=1&amp;fife=s16383","https://mymaps.usercontent.google.com/hostedimage/m/*/3AAjQbR5xJsBWAJYddX3M-6kue_V_qkbuGLFsrWuA2M6ZY1BE-ZQdectsgFDPIBn7wsXQSjRLZZuIIITACX20vh8OWxZwh2BV_NVcvP6qZSWU5TVg-IdJukQBqbIQG2EVZRFP-lfk5KYizg8ET2Na67MPwHK1v4tDMND8xFyto2kHHzxpyw0BzG06TPpe5uVUxnV7Tlx1OubH-bjjTkyEK9qEvUy9wWgOxEErpGdaQVukai2edQayQUQxxW2bWo0?authuser=1&amp;fife=s16383","https://mymaps.usercontent.google.com/hostedimage/m/*/3AAjQbR6cKSQppbEdyp0k2Q-VYTihVHbGezbCSUj_r-DCtYITLgh5np725IAFmbnidRLrukvBrcNPpOoRK65AE2xmJs_MOr4freqYVvvlY-aGNR-xwLAFGNGpMi9bl2u5F9EmnhwppZfx5g5J-DjKoy5nB4FHHUxFGQQAGGRoLRILER_kIWgC-VtYTBMHaKMn6iMyf3ja9SiaW2xBkV6xBwUPcYF2wSe_qmY-Ce3kcH0Lh473E2l3SfuE0WrJ3d0?authuser=1&amp;fife=s16383"]</value></Data></ExtendedData><Point><coordinates>13.1755343,32.8986335,0</coordinates></Point></Placemark><Placemark><name>زنقة الحرير</name><description>&lt;div class="atlas-popup" dir="rtl"&gt;&lt;h3&gt;زنقة الحرير&lt;/h3&gt;&lt;div class="atlas-popup-gallery"&gt;&lt;img src="https://mymaps.usercontent.google.com/hostedimage/m/*/3AAjQbR5D_R3DeazS2FILL07GKQIxyONTeqlFWzx271fxHOxgSr3a6mnUq_SR6BseHIR4eLcrLm-3v-61_COoW5HN51ynhFEcoISNXyovCG-r1gRmdqsmmg2y8VzWrRpUH3cGYc1xokTfHWnm2rs10mqQNvYmeQnjwh_06Hypv_dRiEMFafSRbIYzZuryLTY6yjSEtuv01jvPvGwKcV1_mAcvPq4LGysUuMV58eoNdFcuUQcOyoUlP3uKip3TAAc?authuser=1&amp;amp;fife=s16383" alt="زنقة الحرير" loading="lazy" class="atlas-popup-image"&gt;&lt;img src="https://mymaps.usercontent.google.com/hostedimage/m/*/3AAjQbR5EHZ41ioaomV3RB5isbq2ARmhY1le4XTA-USTbSq0zn3p1f6UeYOpfkvscImvoyvQ6MnekgXATJeMz6wic7RjnKjQtS18yjqpWeOt301hFoET6zT333qCXWA4CjQuKmSG_PCmrKhLXKXqoV5uQImUgDrhU7yoJXWH0KsDozAHM6_2WwRJuk1sx0DpXhusAIQuPs0lGKkTn4p2dclGGZQR1uF0F_BCBu5GUmghFiEN3pijcC8AGeMhIPbY?authuser=1&amp;amp;fife=s16383" alt="زنقة الحرير" loading="lazy" class="atlas-popup-image"&gt;&lt;img src="https://mymaps.usercontent.google.com/hostedimage/m/*/3AAjQbR7e6xd5gQH2N_W5HQsyeNldjBEh8OT9o8gtAQLYzqoZGG8XY8F6_gPEQXS7VvCUhoADNY76xDq22JgEX_nSSND4oLvoZ_nEK6x_XrDYG08dV-BaHgXpQnBG4vKvzq6TbUBZKjzu4drgq3qdNRVcgV488veqb5pdLMYkF0oW6Xw32GbKFpWMOkc6wyKsAqpWSCldRhywjnoWlMtWEGA69EFocHD1MP7FNNw7T5r6qNJA75zCbyxcD91sLgg?authuser=1&amp;amp;fife=s16383" alt="زنقة الحرير" loading="lazy" class="atlas-popup-image"&gt;&lt;img src="https://mymaps.usercontent.google.com/hostedimage/m/*/3AAjQbR6yRIvg8R0KLoaB-jYKiBjG35HatSwmr048bl2C7juXw112cngFBSC3ZCSGYpMNs7Rk1JK29B3ObKRuxgCnry2PXb_Yqjv-yMQFMfmdz5W8GzajM-vmCwjz4zeETH-vMBAHCaeCrM0H0R1QmYonZEtPS5HQTL6f052jsw1T0kHpffP4M4upnK-i2HfJHzRpKn2nwyYeEuaBPJK2WH7gDinBmOTvRczXRgNxsU_Wb1onuD_wIHWAnHiB2og?authuser=1&amp;amp;fife=s16383" alt="زنقة الحرير" loading="lazy" class="atlas-popup-image"&gt;&lt;/div&gt;&lt;div class="atlas-popup-details"&gt;&lt;div&gt;&lt;strong&gt;الاسم بالإنجليزية:&lt;/strong&gt; Zangat Al-Hareer.&lt;/div&gt;&lt;div&gt;&lt;strong&gt;التصنيف:&lt;/strong&gt; زقاق عتيق تجاري تم ترميمه&lt;/div&gt;&lt;div&gt;&lt;strong&gt;العنوان:&lt;/strong&gt; يقع الزقاق في قلب المدينة القديمة بطرابلس. ويمكن الدخول إليه عبر سوق الصياغة أو من جهة دكاكين العطرية المقابلة لجامع الناقة التاريخي&lt;/div&gt;&lt;div&gt;&lt;strong&gt;الوصف:&lt;/strong&gt; يُعرف الأزقّ أو المنطقة المحيطة به أيضاً بأسماء مثل &amp;quot;سوق الحرارة&amp;quot; أو &amp;quot;سوق الرداوات&lt;/div&gt;&lt;/div&gt;&lt;/div&gt;</description><ExtendedData><Data name="atlas_id"><value>LY-OLD-TRIPOLI-00045</value></Data><Data name="name_en"><value>Zangat Al-Hareer.</value></Data><Data name="category"><value>زقاق عتيق تجاري تم ترميمه</value></Data><Data name="address"><value>يقع الزقاق في قلب المدينة القديمة بطرابلس. ويمكن الدخول إليه عبر سوق الصياغة أو من جهة دكاكين العطرية المقابلة لجامع الناقة التاريخي</value></Data><Data name="description"><value>يُعرف الأزقّ أو المنطقة المحيطة به أيضاً بأسماء مثل "سوق الحرارة" أو "سوق الرداوات</value></Data><Data name="image_count"><value>4</value></Data><Data name="source_file"><value>المدينة القديمة _طرابلس.kml</value></Data><Data name="images_json"><value>["/assets/images/old-tripoli/old-tripoli-LY-OLD-TRIPOLI-00045-01.png","/assets/images/old-tripoli/old-tripoli-LY-OLD-TRIPOLI-00045-02.png","/assets/images/old-tripoli/old-tripoli-LY-OLD-TRIPOLI-00045-03.png","/assets/images/old-tripoli/old-tripoli-LY-OLD-TRIPOLI-00045-04.png"]</value></Data><Data name="atlas_id"><value>LY-OLD-TRIPOLI-00045</value></Data><Data name="image_count"><value>4</value></Data><Data name="source_file"><value>المدينة القديمة _طرابلس.kml</value></Data><Data name="images_json"><value>["/assets/images/old-tripoli/old-tripoli-LY-OLD-TRIPOLI-00045-01.png","/assets/images/old-tripoli/old-tripoli-LY-OLD-TRIPOLI-00045-02.png","/assets/images/old-tripoli/old-tripoli-LY-OLD-TRIPOLI-00045-03.png","/assets/images/old-tripoli/old-tripoli-LY-OLD-TRIPOLI-00045-04.png"]</value></Data><Data name="atlas_id"><value>LY-TRI-000045</value></Data><Data name="layer_id"><value>old-tripoli</value></Data><Data name="layer_name_ar"><value>المدينة القديمة طرابلس</value></Data><Data name="layer_name_en"><value>Old Tripoli</value></Data><Data name="name_ar"><value>زنقة الحرير</value></Data><Data name="latitude"><value>32.8975406</value></Data><Data name="longitude"><value>13.1773305</value></Data><Data name="images_json"><value>["/assets/images/old-tripoli/old-tripoli-LY-OLD-TRIPOLI-00045-01.png","/assets/images/old-tripoli/old-tripoli-LY-OLD-TRIPOLI-00045-02.png","/assets/images/old-tripoli/old-tripoli-LY-OLD-TRIPOLI-00045-03.png","/assets/images/old-tripoli/old-tripoli-LY-OLD-TRIPOLI-00045-04.png"]</value></Data><Data name="image_count"><value>4</value></Data><Data name="source_file"><value>developed/old-tripoli-developed.kml</value></Data><Data name="source_placemark_index"><value>45</value></Data><Data name="data_quality_status"><value>ok</value></Data><Data name="source_media_url"><value>["https://mymaps.usercontent.google.com/hostedimage/m/*/3AAjQbR5D_R3DeazS2FILL07GKQIxyONTeqlFWzx271fxHOxgSr3a6mnUq_SR6BseHIR4eLcrLm-3v-61_COoW5HN51ynhFEcoISNXyovCG-r1gRmdqsmmg2y8VzWrRpUH3cGYc1xokTfHWnm2rs10mqQNvYmeQnjwh_06Hypv_dRiEMFafSRbIYzZuryLTY6yjSEtuv01jvPvGwKcV1_mAcvPq4LGysUuMV58eoNdFcuUQcOyoUlP3uKip3TAAc?authuser=1&amp;fife=s16383","https://mymaps.usercontent.google.com/hostedimage/m/*/3AAjQbR5EHZ41ioaomV3RB5isbq2ARmhY1le4XTA-USTbSq0zn3p1f6UeYOpfkvscImvoyvQ6MnekgXATJeMz6wic7RjnKjQtS18yjqpWeOt301hFoET6zT333qCXWA4CjQuKmSG_PCmrKhLXKXqoV5uQImUgDrhU7yoJXWH0KsDozAHM6_2WwRJuk1sx0DpXhusAIQuPs0lGKkTn4p2dclGGZQR1uF0F_BCBu5GUmghFiEN3pijcC8AGeMhIPbY?authuser=1&amp;fife=s16383","https://mymaps.usercontent.google.com/hostedimage/m/*/3AAjQbR7e6xd5gQH2N_W5HQsyeNldjBEh8OT9o8gtAQLYzqoZGG8XY8F6_gPEQXS7VvCUhoADNY76xDq22JgEX_nSSND4oLvoZ_nEK6x_XrDYG08dV-BaHgXpQnBG4vKvzq6TbUBZKjzu4drgq3qdNRVcgV488veqb5pdLMYkF0oW6Xw32GbKFpWMOkc6wyKsAqpWSCldRhywjnoWlMtWEGA69EFocHD1MP7FNNw7T5r6qNJA75zCbyxcD91sLgg?authuser=1&amp;fife=s16383","https://mymaps.usercontent.google.com/hostedimage/m/*/3AAjQbR6yRIvg8R0KLoaB-jYKiBjG35HatSwmr048bl2C7juXw112cngFBSC3ZCSGYpMNs7Rk1JK29B3ObKRuxgCnry2PXb_Yqjv-yMQFMfmdz5W8GzajM-vmCwjz4zeETH-vMBAHCaeCrM0H0R1QmYonZEtPS5HQTL6f052jsw1T0kHpffP4M4upnK-i2HfJHzRpKn2nwyYeEuaBPJK2WH7gDinBmOTvRczXRgNxsU_Wb1onuD_wIHWAnHiB2og?authuser=1&amp;fife=s16383"]</value></Data></ExtendedData><Point><coordinates>13.1773305,32.8975406,0</coordinates></Point></Placemark><Placemark><name>طريق الخندق</name><description>&lt;div class="atlas-popup" dir="rtl"&gt;&lt;h3&gt;طريق الخندق&lt;/h3&gt;&lt;div class="atlas-popup-gallery"&gt;&lt;/div&gt;&lt;div class="atlas-popup-details"&gt;&lt;div&gt;&lt;strong&gt;الاسم بالإنجليزية:&lt;/strong&gt; Alkhandaq road&lt;/div&gt;&lt;div&gt;&lt;strong&gt;التصنيف:&lt;/strong&gt; تاريخي&lt;/div&gt;&lt;div&gt;&lt;strong&gt;العنوان:&lt;/strong&gt; طرابلس/المدينة القديمة&lt;/div&gt;&lt;div&gt;&lt;strong&gt;الوصف:&lt;/strong&gt; طريق الخندق&lt;/div&gt;&lt;/div&gt;&lt;/div&gt;</description><ExtendedData><Data name="atlas_id"><value>LY-OLD-TRIPOLI-00046</value></Data><Data name="name_en"><value>Alkhandaq road</value></Data><Data name="category"><value>تاريخي</value></Data><Data name="address"><value>طرابلس/المدينة القديمة</value></Data><Data name="description"><value>طريق الخندق</value></Data><Data name="image_count"><value>0</value></Data><Data name="source_file"><value>المدينة القديمة _طرابلس.kml</value></Data><Data name="images_json"><value>[]</value></Data><Data name="atlas_id"><value>LY-OLD-TRIPOLI-00046</value></Data><Data name="image_count"><value>0</value></Data><Data name="source_file"><value>المدينة القديمة _طرابلس.kml</value></Data><Data name="images_json"><value>[]</value></Data><Data name="atlas_id"><value>LY-TRI-000046</value></Data><Data name="layer_id"><value>old-tripoli</value></Data><Data name="layer_name_ar"><value>المدينة القديمة طرابلس</value></Data><Data name="layer_name_en"><value>Old Tripoli</value></Data><Data name="name_ar"><value>طريق الخندق</value></Data><Data name="latitude"><value>32.895709</value></Data><Data name="longitude"><value>13.179852</value></Data><Data name="images_json"><value>[]</value></Data><Data name="image_count"><value>0</value></Data><Data name="source_file"><value>developed/old-tripoli-developed.kml</value></Data><Data name="source_placemark_index"><value>46</value></Data><Data name="data_quality_status"><value>missing_media</value></Data></ExtendedData><Point><coordinates>13.179852,32.895709,0</coordinates></Point></Placemark><Placemark><name>زنقة الزلمومية</name><description>&lt;div class="atlas-popup" dir="rtl"&gt;&lt;h3&gt;زنقة الزلمومية&lt;/h3&gt;&lt;div class="atlas-popup-gallery"&gt;&lt;/div&gt;&lt;div class="atlas-popup-details"&gt;&lt;div&gt;&lt;strong&gt;الاسم بالإنجليزية:&lt;/strong&gt; Zanqat Al-Zalmoumiya&lt;/div&gt;&lt;div&gt;&lt;strong&gt;التصنيف:&lt;/strong&gt; ترتبط تسمية &amp;quot;زنقة الزلمومية&amp;quot; بـ &amp;quot;السحلية الصغيرة&amp;quot; (التي تُعرف شعبياً في ليبيا بالزلمومية)&lt;/div&gt;&lt;div&gt;&lt;strong&gt;العنوان:&lt;/strong&gt; تتفرع زنقة الزلمومية مباشرة من شارع الفنيدقة، والذي يُعرف تاريخياً بأنه &amp;quot;صرة المدينة القديمة&amp;quot; ومركزها النابض.&lt;/div&gt;&lt;div&gt;&lt;strong&gt;الوصف:&lt;/strong&gt; هي أحد الأزقة التاريخية العريقة الواقعة داخل المدينة القديمة في طرابلس، ليبيا&lt;/div&gt;&lt;/div&gt;&lt;/div&gt;</description><ExtendedData><Data name="atlas_id"><value>LY-OLD-TRIPOLI-00047</value></Data><Data name="name_en"><value>Zanqat Al-Zalmoumiya</value></Data><Data name="category"><value>ترتبط تسمية "زنقة الزلمومية" بـ "السحلية الصغيرة" (التي تُعرف شعبياً في ليبيا بالزلمومية)</value></Data><Data name="address"><value>تتفرع زنقة الزلمومية مباشرة من شارع الفنيدقة، والذي يُعرف تاريخياً بأنه "صرة المدينة القديمة" ومركزها النابض.</value></Data><Data name="description"><value>هي أحد الأزقة التاريخية العريقة الواقعة داخل المدينة القديمة في طرابلس، ليبيا</value></Data><Data name="image_count"><value>0</value></Data><Data name="source_file"><value>المدينة القديمة _طرابلس.kml</value></Data><Data name="images_json"><value>[]</value></Data><Data name="atlas_id"><value>LY-OLD-TRIPOLI-00047</value></Data><Data name="image_count"><value>0</value></Data><Data name="source_file"><value>المدينة القديمة _طرابلس.kml</value></Data><Data name="images_json"><value>[]</value></Data><Data name="atlas_id"><value>LY-TRI-000047</value></Data><Data name="layer_id"><value>old-tripoli</value></Data><Data name="layer_name_ar"><value>المدينة القديمة طرابلس</value></Data><Data name="layer_name_en"><value>Old Tripoli</value></Data><Data name="name_ar"><value>زنقة الزلمومية</value></Data><Data name="latitude"><value>32.8960338</value></Data><Data name="longitude"><value>13.1784741</value></Data><Data name="images_json"><value>[]</value></Data><Data name="image_count"><value>0</value></Data><Data name="source_file"><value>developed/old-tripoli-developed.kml</value></Data><Data name="source_placemark_index"><value>47</value></Data><Data name="data_quality_status"><value>missing_media</value></Data></ExtendedData><Point><coordinates>13.1784741,32.8960338,0</coordinates></Point></Placemark><Placemark><name>زنقة البليبك</name><description>&lt;div class="atlas-popup" dir="rtl"&gt;&lt;h3&gt;زنقة البليبك&lt;/h3&gt;&lt;div class="atlas-popup-gallery"&gt;&lt;img src="https://mymaps.usercontent.google.com/hostedimage/m/*/3AAjQbR4dN6wZr7aSdvbW52ZKHQ1On5mIUGfPgTqj5NZtSe-lyqCVZEUKkFGl_12B17ICW1w3pmwARvtTl_OjFHLNoX7JiZrsUfrPUJmGr6rGvHZXebzzC2XWOn9a54_RFJ1N1aQGe3qDvVoqXnuyWzGZdunipOyhcbIndUwfdk26KRjtdhMLrgzpHIQbHCz5UMmGqFAUBzehB08LEOEiwhgEWXd1azeUwKu9k1Q2RW64b83i-izbdgDvcT0cA5Q?authuser=1&amp;amp;fife=s16383" alt="زنقة البليبك" loading="lazy" class="atlas-popup-image"&gt;&lt;img src="https://mymaps.usercontent.google.com/hostedimage/m/*/3AAjQbR7w5G222g4Fz89AV_4Lj_ao310M8ZQmO2-HYarWQt0Aps7lIzjroTeBlv4GuaqZLTELWpn6YAcvlkHQJN6VrN9HGuoa3N6DJ5001pysGovfP5qcgj4_ahLFfUOJKSDTBU4Nu5GdpAMvFax1ICcB8TNiml7HQAVNp0VLXLErjFoYHinJHJNK498pzBBbdU2lni9bsq4EODg8IcSup0vsCarzXBkl849FMVLjtsmjqw4en0pBYQzFT9khYPI?authuser=1&amp;amp;fife=s16383" alt="زنقة البليبك" loading="lazy" class="atlas-popup-image"&gt;&lt;img src="https://mymaps.usercontent.google.com/hostedimage/m/*/3AAjQbR42eHQQckzm3JcNhN-f8G6o-oHDh8oxLstnmo7YPjEMM7aruH_aMabSGlHhsSDfgijS0Cp14gIipx6f0ZlP8uYpcnQp07L5y0K0gaYFTtLKbA5xovLIY-tSSmJsaCZ-wawioFjc3wo2Bo3AzDXhnQ8Az_MArWq7A4aA51W7xIMucxOmKMWQ-aaA0kEFGeKKXjANZ3_SAYwoqR5L3XNxh42Fx7AZPOhlLjBV-yywvwtKFIQcGGo0ESyvOk0?authuser=1&amp;amp;fife=s16383" alt="زنقة البليبك" loading="lazy" class="atlas-popup-image"&gt;&lt;img src="https://mymaps.usercontent.google.com/hostedimage/m/*/3AAjQbR6oKmjzGxbZ8jnXZHLeaAJ6tp6odkwres5x0M-p78E8LuWv59GJIuTvNAascY65FZChrJT_wsPW7g-5i1GK_UFouAHuZGmTYEiY78axGqvaBISLPjp75UOJtYXRIxUcwNPG90qT3HGTOaaejhM3y1DqE_3RBNVZIzRGp3zw81I5k-GUW7z-fxWsgbQx0r7qVvRwwMN3tE4VMZrU6itw3XZZ6C5q4j2XooXz6zLVB6nQWuO4XFjH8mzy-8g?authuser=1&amp;amp;fife=s16383" alt="زنقة البليبك" loading="lazy" class="atlas-popup-image"&gt;&lt;/div&gt;&lt;div class="atlas-popup-details"&gt;&lt;div&gt;&lt;strong&gt;الاسم بالإنجليزية:&lt;/strong&gt; AL Belibek Alley&lt;/div&gt;&lt;div&gt;&lt;strong&gt;التصنيف:&lt;/strong&gt; زقاق تجاري&lt;/div&gt;&lt;div&gt;&lt;strong&gt;العنوان:&lt;/strong&gt; يمكنك الوصول الى هذا الزقاق عبر الامتداد القادم من سوق النجارة (بعد ميدان الساعة) باتجاه سوق الترك.&lt;/div&gt;&lt;div&gt;&lt;strong&gt;الوصف:&lt;/strong&gt; أو ما يُعرف تاريخياً بـ سوق الحرارة أو سوق الرداوات&lt;/div&gt;&lt;/div&gt;&lt;/div&gt;</description><ExtendedData><Data name="atlas_id"><value>LY-OLD-TRIPOLI-00048</value></Data><Data name="name_en"><value>AL Belibek Alley</value></Data><Data name="category"><value>زقاق تجاري</value></Data><Data name="address"><value>يمكنك الوصول الى هذا الزقاق عبر الامتداد القادم من سوق النجارة (بعد ميدان الساعة) باتجاه سوق الترك.</value></Data><Data name="description"><value>أو ما يُعرف تاريخياً بـ سوق الحرارة أو سوق الرداوات</value></Data><Data name="image_count"><value>4</value></Data><Data name="source_file"><value>المدينة القديمة _طرابلس.kml</value></Data><Data name="images_json"><value>["/assets/images/old-tripoli/old-tripoli-LY-OLD-TRIPOLI-00045-01.png","/assets/images/old-tripoli/old-tripoli-LY-OLD-TRIPOLI-00045-02.png","/assets/images/old-tripoli/old-tripoli-LY-OLD-TRIPOLI-00045-03.png","/assets/images/old-tripoli/old-tripoli-LY-OLD-TRIPOLI-00045-04.png"]</value></Data><Data name="atlas_id"><value>LY-OLD-TRIPOLI-00048</value></Data><Data name="image_count"><value>4</value></Data><Data name="source_file"><value>المدينة القديمة _طرابلس.kml</value></Data><Data name="images_json"><value>["/assets/images/old-tripoli/old-tripoli-LY-OLD-TRIPOLI-00045-01.png","/assets/images/old-tripoli/old-tripoli-LY-OLD-TRIPOLI-00045-02.png","/assets/images/old-tripoli/old-tripoli-LY-OLD-TRIPOLI-00045-03.png","/assets/images/old-tripoli/old-tripoli-LY-OLD-TRIPOLI-00045-04.png"]</value></Data><Data name="atlas_id"><value>LY-TRI-000048</value></Data><Data name="layer_id"><value>old-tripoli</value></Data><Data name="layer_name_ar"><value>المدينة القديمة طرابلس</value></Data><Data name="layer_name_en"><value>Old Tripoli</value></Data><Data name="name_ar"><value>زنقة البليبك</value></Data><Data name="latitude"><value>32.899214</value></Data><Data name="longitude"><value>13.1751659</value></Data><Data name="images_json"><value>["/assets/images/old-tripoli/old-tripoli-LY-OLD-TRIPOLI-00045-01.png","/assets/images/old-tripoli/old-tripoli-LY-OLD-TRIPOLI-00045-02.png","/assets/images/old-tripoli/old-tripoli-LY-OLD-TRIPOLI-00045-03.png","/assets/images/old-tripoli/old-tripoli-LY-OLD-TRIPOLI-00045-04.png"]</value></Data><Data name="image_count"><value>4</value></Data><Data name="source_file"><value>developed/old-tripoli-developed.kml</value></Data><Data name="source_placemark_index"><value>48</value></Data><Data name="data_quality_status"><value>ok</value></Data><Data name="source_media_url"><value>["https://mymaps.usercontent.google.com/hostedimage/m/*/3AAjQbR4dN6wZr7aSdvbW52ZKHQ1On5mIUGfPgTqj5NZtSe-lyqCVZEUKkFGl_12B17ICW1w3pmwARvtTl_OjFHLNoX7JiZrsUfrPUJmGr6rGvHZXebzzC2XWOn9a54_RFJ1N1aQGe3qDvVoqXnuyWzGZdunipOyhcbIndUwfdk26KRjtdhMLrgzpHIQbHCz5UMmGqFAUBzehB08LEOEiwhgEWXd1azeUwKu9k1Q2RW64b83i-izbdgDvcT0cA5Q?authuser=1&amp;fife=s16383","https://mymaps.usercontent.google.com/hostedimage/m/*/3AAjQbR7w5G222g4Fz89AV_4Lj_ao310M8ZQmO2-HYarWQt0Aps7lIzjroTeBlv4GuaqZLTELWpn6YAcvlkHQJN6VrN9HGuoa3N6DJ5001pysGovfP5qcgj4_ahLFfUOJKSDTBU4Nu5GdpAMvFax1ICcB8TNiml7HQAVNp0VLXLErjFoYHinJHJNK498pzBBbdU2lni9bsq4EODg8IcSup0vsCarzXBkl849FMVLjtsmjqw4en0pBYQzFT9khYPI?authuser=1&amp;fife=s16383","https://mymaps.usercontent.google.com/hostedimage/m/*/3AAjQbR42eHQQckzm3JcNhN-f8G6o-oHDh8oxLstnmo7YPjEMM7aruH_aMabSGlHhsSDfgijS0Cp14gIipx6f0ZlP8uYpcnQp07L5y0K0gaYFTtLKbA5xovLIY-tSSmJsaCZ-wawioFjc3wo2Bo3AzDXhnQ8Az_MArWq7A4aA51W7xIMucxOmKMWQ-aaA0kEFGeKKXjANZ3_SAYwoqR5L3XNxh42Fx7AZPOhlLjBV-yywvwtKFIQcGGo0ESyvOk0?authuser=1&amp;fife=s16383","https://mymaps.usercontent.google.com/hostedimage/m/*/3AAjQbR6oKmjzGxbZ8jnXZHLeaAJ6tp6odkwres5x0M-p78E8LuWv59GJIuTvNAascY65FZChrJT_wsPW7g-5i1GK_UFouAHuZGmTYEiY78axGqvaBISLPjp75UOJtYXRIxUcwNPG90qT3HGTOaaejhM3y1DqE_3RBNVZIzRGp3zw81I5k-GUW7z-fxWsgbQx0r7qVvRwwMN3tE4VMZrU6itw3XZZ6C5q4j2XooXz6zLVB6nQWuO4XFjH8mzy-8g?authuser=1&amp;fife=s16383"]</value></Data></ExtendedData><Point><coordinates>13.1751659,32.899214,0</coordinates></Point></Placemark><Placemark><name>زنقة الاسبان القنصلية الاسبانية</name><description>&lt;div class="atlas-popup" dir="rtl"&gt;&lt;h3&gt;زنقة الاسبان القنصلية الاسبانية&lt;/h3&gt;&lt;div class="atlas-popup-gallery"&gt;&lt;img src="https://mymaps.usercontent.google.com/hostedimage/m/*/3AAjQbR79ZlK0RGB7eap_UXBZhFHnz_wdEnKg4YcGSNlo3RrsKeA-2ivdP3NhBlmZlnGnnpM4nv7ix5H2CiC4wRNG2ZPsUNy1zRHl9-VpcBokSsxbAYfj5iWddXDucNu8UonHHrLMwpxy3ndEYppZ6UZmpb9Woc547akERtW-nREQI-2rlHSBvwyLaHiw-z_KHYt5GsVBr4tCGKqRawVjytVUtWKKCq44BFLEFdaKk2Ah1UEFhZWjc691cSh8Z50?authuser=1&amp;amp;fife=s16383" alt="زنقة الاسبان القنصلية الاسبانية" loading="lazy" class="atlas-popup-image"&gt;&lt;img src="https://mymaps.usercontent.google.com/hostedimage/m/*/3AAjQbR5stoIw_XwnG5C-7KjIfSWzoCgmmbJG-BmEjg4dGMGHxh3hZLELoUs_ZKuZF1dvtksA0jVFXALLZjSLwdciTECH4gKn1Aycr-iJt_q5sZXq2mn0D4CI0C9LgZgt8_HKhgHyYXabG1zpNd1-pCJYpL51VAQORnjiRDCtTQqka2UumcQ0fFIyb8K0KhnEk0AwuJ2E2ki_ivxG6FoQf703SOmiRDvTNhprpxrgGwllZWWdZXqHLkWyCpRlg4w?authuser=1&amp;amp;fife=s16383" alt="زنقة الاسبان القنصلية الاسبانية" loading="lazy" class="atlas-popup-image"&gt;&lt;img src="https://mymaps.usercontent.google.com/hostedimage/m/*/3AAjQbR7oxjEAwPBuJcvTjIAvUT8VatmzOudHcXMGx6Sr31J_ElsnT7wYOW4KCDHr9duUqG8rViApJvKYGOm7TRc6KcoXXCO0qYx1hmJUDlq_ggTD_42zJzM-egKhfFd7VF_Q4E24gaXkJYM0WfoC-Hkk7AoV-E08zDyEJQJRDH4eymbVLQWbZDD_NCWGHJ1283--6ccDVg5gO9OaFxAonHNlg7nVBxFvGY0D8Ddmyg0SuMVMnoNZ0sVx1kTlZw8?authuser=1&amp;amp;fife=s16383" alt="زنقة الاسبان القنصلية الاسبانية" loading="lazy" class="atlas-popup-image"&gt;&lt;/div&gt;&lt;div class="atlas-popup-details"&gt;&lt;div&gt;&lt;strong&gt;الاسم بالإنجليزية:&lt;/strong&gt; Espanyol alley, Spanish Consulate&lt;/div&gt;&lt;div&gt;&lt;strong&gt;التصنيف:&lt;/strong&gt; معلم اثري معماري&lt;/div&gt;&lt;div&gt;&lt;strong&gt;العنوان:&lt;/strong&gt; زقاق نافذ يتفرع من شارع الأكواش الشهير بالمدينة القديمة.&lt;/div&gt;&lt;div&gt;&lt;strong&gt;الوصف:&lt;/strong&gt; تعد زنقة الإسبان (أو زنقة إسبانيول) ومبنى القنصلية الإسبانية السابقة من الأثرية التاريخية&lt;/div&gt;&lt;/div&gt;&lt;/div&gt;</description><ExtendedData><Data name="atlas_id"><value>LY-OLD-TRIPOLI-00049</value></Data><Data name="name_en"><value>Espanyol alley, Spanish Consulate</value></Data><Data name="category"><value>معلم اثري معماري</value></Data><Data name="address"><value>زقاق نافذ يتفرع من شارع الأكواش الشهير بالمدينة القديمة.</value></Data><Data name="description"><value>تعد زنقة الإسبان (أو زنقة إسبانيول) ومبنى القنصلية الإسبانية السابقة من الأثرية التاريخية</value></Data><Data name="image_count"><value>3</value></Data><Data name="source_file"><value>المدينة القديمة _طرابلس.kml</value></Data><Data name="images_json"><value>["/assets/images/old-tripoli/old-tripoli-LY-OLD-TRIPOLI-00049-01.png","/assets/images/old-tripoli/old-tripoli-LY-OLD-TRIPOLI-00049-02.png","/assets/images/old-tripoli/old-tripoli-LY-OLD-TRIPOLI-00049-03.png"]</value></Data><Data name="atlas_id"><value>LY-OLD-TRIPOLI-00049</value></Data><Data name="image_count"><value>3</value></Data><Data name="source_file"><value>المدينة القديمة _طرابلس.kml</value></Data><Data name="images_json"><value>["/assets/images/old-tripoli/old-tripoli-LY-OLD-TRIPOLI-00049-01.png","/assets/images/old-tripoli/old-tripoli-LY-OLD-TRIPOLI-00049-02.png","/assets/images/old-tripoli/old-tripoli-LY-OLD-TRIPOLI-00049-03.png"]</value></Data><Data name="atlas_id"><value>LY-TRI-000049</value></Data><Data name="layer_id"><value>old-tripoli</value></Data><Data name="layer_name_ar"><value>المدينة القديمة طرابلس</value></Data><Data name="layer_name_en"><value>Old Tripoli</value></Data><Data name="name_ar"><value>زنقة الاسبان القنصلية الاسبانية</value></Data><Data name="latitude"><value>32.8994392</value></Data><Data name="longitude"><value>13.1751854</value></Data><Data name="images_json"><value>["/assets/images/old-tripoli/old-tripoli-LY-OLD-TRIPOLI-00049-01.png","/assets/images/old-tripoli/old-tripoli-LY-OLD-TRIPOLI-00049-02.png","/assets/images/old-tripoli/old-tripoli-LY-OLD-TRIPOLI-00049-03.png"]</value></Data><Data name="image_count"><value>3</value></Data><Data name="source_file"><value>developed/old-tripoli-developed.kml</value></Data><Data name="source_placemark_index"><value>49</value></Data><Data name="data_quality_status"><value>ok</value></Data><Data name="source_media_url"><value>["https://mymaps.usercontent.google.com/hostedimage/m/*/3AAjQbR79ZlK0RGB7eap_UXBZhFHnz_wdEnKg4YcGSNlo3RrsKeA-2ivdP3NhBlmZlnGnnpM4nv7ix5H2CiC4wRNG2ZPsUNy1zRHl9-VpcBokSsxbAYfj5iWddXDucNu8UonHHrLMwpxy3ndEYppZ6UZmpb9Woc547akERtW-nREQI-2rlHSBvwyLaHiw-z_KHYt5GsVBr4tCGKqRawVjytVUtWKKCq44BFLEFdaKk2Ah1UEFhZWjc691cSh8Z50?authuser=1&amp;fife=s16383","https://mymaps.usercontent.google.com/hostedimage/m/*/3AAjQbR5stoIw_XwnG5C-7KjIfSWzoCgmmbJG-BmEjg4dGMGHxh3hZLELoUs_ZKuZF1dvtksA0jVFXALLZjSLwdciTECH4gKn1Aycr-iJt_q5sZXq2mn0D4CI0C9LgZgt8_HKhgHyYXabG1zpNd1-pCJYpL51VAQORnjiRDCtTQqka2UumcQ0fFIyb8K0KhnEk0AwuJ2E2ki_ivxG6FoQf703SOmiRDvTNhprpxrgGwllZWWdZXqHLkWyCpRlg4w?authuser=1&amp;fife=s16383","https://mymaps.usercontent.google.com/hostedimage/m/*/3AAjQbR7oxjEAwPBuJcvTjIAvUT8VatmzOudHcXMGx6Sr31J_ElsnT7wYOW4KCDHr9duUqG8rViApJvKYGOm7TRc6KcoXXCO0qYx1hmJUDlq_ggTD_42zJzM-egKhfFd7VF_Q4E24gaXkJYM0WfoC-Hkk7AoV-E08zDyEJQJRDH4eymbVLQWbZDD_NCWGHJ1283--6ccDVg5gO9OaFxAonHNlg7nVBxFvGY0D8Ddmyg0SuMVMnoNZ0sVx1kTlZw8?authuser=1&amp;fife=s16383"]</value></Data></ExtendedData><Point><coordinates>13.1751854,32.8994392,0</coordinates></Point></Placemark><Placemark><name>الساحة الشهداء</name><description>&lt;div class="atlas-popup" dir="rtl"&gt;&lt;h3&gt;الساحة الشهداء&lt;/h3&gt;&lt;div class="atlas-popup-gallery"&gt;&lt;/div&gt;&lt;div class="atlas-popup-details"&gt;&lt;div&gt;&lt;strong&gt;الوصف:&lt;/strong&gt; الوصف: العنوان: En: النوع: معلومات اخرى:&lt;/div&gt;&lt;/div&gt;&lt;/div&gt;</description><ExtendedData><Data name="atlas_id"><value>LY-OLD-TRIPOLI-00050</value></Data><Data name="description"><value>الوصف: العنوان: En: النوع: معلومات اخرى:</value></Data><Data name="image_count"><value>0</value></Data><Data name="source_file"><value>المدينة القديمة _طرابلس.kml</value></Data><Data name="images_json"><value>[]</value></Data><Data name="atlas_id"><value>LY-OLD-TRIPOLI-00050</value></Data><Data name="image_count"><value>0</value></Data><Data name="source_file"><value>المدينة القديمة _طرابلس.kml</value></Data><Data name="images_json"><value>[]</value></Data><Data name="atlas_id"><value>LY-TRI-000050</value></Data><Data name="layer_id"><value>old-tripoli</value></Data><Data name="layer_name_ar"><value>المدينة القديمة طرابلس</value></Data><Data name="layer_name_en"><value>Old Tripoli</value></Data><Data name="name_ar"><value>الساحة الشهداء</value></Data><Data name="latitude"><value>32.8946192</value></Data><Data name="longitude"><value>13.1806004</value></Data><Data name="images_json"><value>[]</value></Data><Data name="image_count"><value>0</value></Data><Data name="source_file"><value>developed/old-tripoli-developed.kml</value></Data><Data name="source_placemark_index"><value>50</value></Data><Data name="data_quality_status"><value>missing_media</value></Data></ExtendedData><Point><coordinates>13.1806004,32.8946192,0</coordinates></Point></Placemark><Placemark><name>جامع سيدي سالم المشاط</name><description>&lt;div class="atlas-popup" dir="rtl"&gt;&lt;h3&gt;جامع سيدي سالم المشاط&lt;/h3&gt;&lt;div class="atlas-popup-gallery"&gt;&lt;img src="https://mymaps.usercontent.google.com/hostedimage/m/*/3AAjQbR5Rnp9aaBxajFUeMYrUCKkox4XWEu5Lsu2-Ejgh8OfkWlONFN1Kmis_3zbLz_sW_b_i0bKveUJdQtIppESMTWwravJg6cSkrO3-Z2iCLAq0LfvZB6y9OvRcfEXdC5fbvrqAe3d4jJGUS_enzIBmNWfswKRo66MhDV8nIX9Xdpw0djfPgJxL_BVWdEQE_A-BoM-oaWcnzKHq9pqxuiXhcqC4yrj_bdj-T8X2iSo6ctlUwyj7f9ItDmUcX34?authuser=1&amp;amp;fife=s16383" alt="جامع سيدي سالم المشاط" loading="lazy" class="atlas-popup-image"&gt;&lt;/div&gt;&lt;div class="atlas-popup-details"&gt;&lt;div&gt;&lt;strong&gt;الاسم بالإنجليزية:&lt;/strong&gt; sidi salem mosque&lt;/div&gt;&lt;div&gt;&lt;strong&gt;التصنيف:&lt;/strong&gt; جامع&lt;/div&gt;&lt;div&gt;&lt;strong&gt;العنوان:&lt;/strong&gt; السور البحري للمدينة طرابلس المدينة القديمة&lt;/div&gt;&lt;div&gt;&lt;strong&gt;الوصف:&lt;/strong&gt; جامع سيدي سالم&lt;/div&gt;&lt;/div&gt;&lt;/div&gt;</description><ExtendedData><Data name="atlas_id"><value>LY-OLD-TRIPOLI-00051</value></Data><Data name="name_en"><value>sidi salem mosque</value></Data><Data name="category"><value>جامع</value></Data><Data name="address"><value>السور البحري للمدينة طرابلس المدينة القديمة</value></Data><Data name="description"><value>جامع سيدي سالم</value></Data><Data name="image_count"><value>1</value></Data><Data name="source_file"><value>المدينة القديمة _طرابلس.kml</value></Data><Data name="images_json"><value>["/assets/images/old-tripoli/old-tripoli-LY-OLD-TRIPOLI-00051-01.png"]</value></Data><Data name="atlas_id"><value>LY-OLD-TRIPOLI-00051</value></Data><Data name="image_count"><value>1</value></Data><Data name="source_file"><value>المدينة القديمة _طرابلس.kml</value></Data><Data name="images_json"><value>["/assets/images/old-tripoli/old-tripoli-LY-OLD-TRIPOLI-00051-01.png"]</value></Data><Data name="atlas_id"><value>LY-TRI-000051</value></Data><Data name="layer_id"><value>old-tripoli</value></Data><Data name="layer_name_ar"><value>المدينة القديمة طرابلس</value></Data><Data name="layer_name_en"><value>Old Tripoli</value></Data><Data name="name_ar"><value>جامع سيدي سالم المشاط</value></Data><Data name="latitude"><value>32.9000166</value></Data><Data name="longitude"><value>13.1746757</value></Data><Data name="images_json"><value>["/assets/images/old-tripoli/old-tripoli-LY-OLD-TRIPOLI-00051-01.png"]</value></Data><Data name="image_count"><value>1</value></Data><Data name="source_file"><value>developed/old-tripoli-developed.kml</value></Data><Data name="source_placemark_index"><value>51</value></Data><Data name="data_quality_status"><value>ok</value></Data><Data name="source_media_url"><value>["https://mymaps.usercontent.google.com/hostedimage/m/*/3AAjQbR5Rnp9aaBxajFUeMYrUCKkox4XWEu5Lsu2-Ejgh8OfkWlONFN1Kmis_3zbLz_sW_b_i0bKveUJdQtIppESMTWwravJg6cSkrO3-Z2iCLAq0LfvZB6y9OvRcfEXdC5fbvrqAe3d4jJGUS_enzIBmNWfswKRo66MhDV8nIX9Xdpw0djfPgJxL_BVWdEQE_A-BoM-oaWcnzKHq9pqxuiXhcqC4yrj_bdj-T8X2iSo6ctlUwyj7f9ItDmUcX34?authuser=1&amp;fife=s16383"]</value></Data></ExtendedData><Point><coordinates>13.1746757,32.9000166,0</coordinates></Point></Placemark><Placemark><name>مسجد بنور</name><description>&lt;div class="atlas-popup" dir="rtl"&gt;&lt;h3&gt;مسجد بنور&lt;/h3&gt;&lt;div class="atlas-popup-gallery"&gt;&lt;img src="https://mymaps.usercontent.google.com/hostedimage/m/*/3AAjQbR4CMqtITKJxG9jYuxYvaygDHSkFYgAr7iDpgc3kYxUxBpevqJR-i27f6U6Nva_GtSkxcJZy85U4bE0LDAGP3-9VeVTT7lhsaNLFc5HZVpoqFWtVUviYBfkvCeaQKXRWFHmESUPH8WGUGe5YIKMcnncY65NyQP-4v7fnYqIN9oHA6btnlKju903ambJtJMeGZ0rCSDkZ9nd_olQQ60ANyZW_3gm4GEm7E03sMDXaQkt2X12nm8ZmIqYeDvw?authuser=1&amp;amp;fife=s16383" alt="مسجد بنور" loading="lazy" class="atlas-popup-image"&gt;&lt;img src="https://mymaps.usercontent.google.com/hostedimage/m/*/3AAjQbR5RzkxjcGaL_IsIMqDgbIV4tbSTopU_WYLO7O2eOTFGp8mdtvY2DWo_YY9sYXavWBm5ZGD9JVff6fACFu2Ph_DWwqEmIlgo7zE_pigmq1Hf_U4o3FOI3dhBvAY9DM0vQUAA5dGtgCN-KfK3uerFN3MopXwjDly0bINgcgNNWjoxuk1J4-MB_IzViVJsaRQpcvBWM1cWKgL7al28T4Q8l2QXOtz_vZqrrd6w7aKJaulvl7YXrbGv8-7yMlw?authuser=1&amp;amp;fife=s16383" alt="مسجد بنور" loading="lazy" class="atlas-popup-image"&gt;&lt;img src="https://mymaps.usercontent.google.com/hostedimage/m/*/3AAjQbR5pRkFLKtxOwx8we8j9j1IcsZGl19ANpL7ihvy3IGMDHNyAUROpp7bOJnEBD1O6VMItBUGME7xmx1o7RQQI7k6Y3SeVCpvB1inUL3okWVftDCaqnJprt6DrzHVAiOJ-2HqecnzoOlmQ6pTCHOSNb_2szdnD4NFJXLE6UiUwg19Hw0QmN8SDp9EZs5NEguQmoa4Q2uzYr_1bdni-mYAV6be1YMoRt90fkRjpRZo2ZURFL7lTfLoFXo1YXnA?authuser=1&amp;amp;fife=s16383" alt="مسجد بنور" loading="lazy" class="atlas-popup-image"&gt;&lt;img src="https://mymaps.usercontent.google.com/hostedimage/m/*/3AAjQbR6YrtX25cEupEZE4HfSQvRjHAHwe3Cw39FVztqkNbJbbissQ4U-cwnoEw49icYXUEiXdl3Qufc2yqPwzxw-3Gyff5T59isOMxmTYsPKIdHnF3bAXa1weXxnoZNXNdUNQl9tjhWHNcW2RVYQdgpNrmylIpjboa2c8alHBVBFSZv_6jG89pwwsUEzR63xB0_EWJUuO-H4Ng4cQ1Hqhlr5fWCAr1cojaCklkiuowTKP1uf0hZGn9mLi5LcFQs?authuser=1&amp;amp;fife=s16383" alt="مسجد بنور" loading="lazy" class="atlas-popup-image"&gt;&lt;/div&gt;&lt;div class="atlas-popup-details"&gt;&lt;div&gt;&lt;strong&gt;الاسم بالإنجليزية:&lt;/strong&gt; Bin Nour Mosque&lt;/div&gt;&lt;div&gt;&lt;strong&gt;التصنيف:&lt;/strong&gt; مسجد&lt;/div&gt;&lt;div&gt;&lt;strong&gt;العنوان:&lt;/strong&gt; يقع المسجد ضمن النطاق العمراني العتيق لشارع كوشة الصفار في المدينة القديمة&lt;/div&gt;&lt;div&gt;&lt;strong&gt;الوصف:&lt;/strong&gt; هو مسجد صغير وبسيط، واجهته بيضاء ومدمجة في الزقاقسقفه مغطى بقباب طرابلسية تقليدية، وبداخله أعمدة بسيطة ومحراب متواضع&lt;/div&gt;&lt;/div&gt;&lt;/div&gt;</description><ExtendedData><Data name="atlas_id"><value>LY-OLD-TRIPOLI-00052</value></Data><Data name="name_en"><value>Bin Nour Mosque</value></Data><Data name="category"><value>مسجد</value></Data><Data name="address"><value>يقع المسجد ضمن النطاق العمراني العتيق لشارع كوشة الصفار في المدينة القديمة</value></Data><Data name="description"><value>هو مسجد صغير وبسيط، واجهته بيضاء ومدمجة في الزقاقسقفه مغطى بقباب طرابلسية تقليدية، وبداخله أعمدة بسيطة ومحراب متواضع</value></Data><Data name="image_count"><value>4</value></Data><Data name="source_file"><value>المدينة القديمة _طرابلس.kml</value></Data><Data name="images_json"><value>["/assets/images/old-tripoli/old-tripoli-LY-OLD-TRIPOLI-00052-01.png","/assets/images/old-tripoli/old-tripoli-LY-OLD-TRIPOLI-00052-02.png","/assets/images/old-tripoli/old-tripoli-LY-OLD-TRIPOLI-00052-03.png","/assets/images/old-tripoli/old-tripoli-LY-OLD-TRIPOLI-00052-04.png"]</value></Data><Data name="atlas_id"><value>LY-OLD-TRIPOLI-00052</value></Data><Data name="image_count"><value>4</value></Data><Data name="source_file"><value>المدينة القديمة _طرابلس.kml</value></Data><Data name="images_json"><value>["/assets/images/old-tripoli/old-tripoli-LY-OLD-TRIPOLI-00052-01.png","/assets/images/old-tripoli/old-tripoli-LY-OLD-TRIPOLI-00052-02.png","/assets/images/old-tripoli/old-tripoli-LY-OLD-TRIPOLI-00052-03.png","/assets/images/old-tripoli/old-tripoli-LY-OLD-TRIPOLI-00052-04.png"]</value></Data><Data name="atlas_id"><value>LY-TRI-000052</value></Data><Data name="layer_id"><value>old-tripoli</value></Data><Data name="layer_name_ar"><value>المدينة القديمة طرابلس</value></Data><Data name="layer_name_en"><value>Old Tripoli</value></Data><Data name="name_ar"><value>مسجد بنور</value></Data><Data name="latitude"><value>32.8957416</value></Data><Data name="longitude"><value>13.1760108</value></Data><Data name="images_json"><value>["/assets/images/old-tripoli/old-tripoli-LY-OLD-TRIPOLI-00052-01.png","/assets/images/old-tripoli/old-tripoli-LY-OLD-TRIPOLI-00052-02.png","/assets/images/old-tripoli/old-tripoli-LY-OLD-TRIPOLI-00052-03.png","/assets/images/old-tripoli/old-tripoli-LY-OLD-TRIPOLI-00052-04.png"]</value></Data><Data name="image_count"><value>4</value></Data><Data name="source_file"><value>developed/old-tripoli-developed.kml</value></Data><Data name="source_placemark_index"><value>52</value></Data><Data name="data_quality_status"><value>ok</value></Data><Data name="source_media_url"><value>["https://mymaps.usercontent.google.com/hostedimage/m/*/3AAjQbR4CMqtITKJxG9jYuxYvaygDHSkFYgAr7iDpgc3kYxUxBpevqJR-i27f6U6Nva_GtSkxcJZy85U4bE0LDAGP3-9VeVTT7lhsaNLFc5HZVpoqFWtVUviYBfkvCeaQKXRWFHmESUPH8WGUGe5YIKMcnncY65NyQP-4v7fnYqIN9oHA6btnlKju903ambJtJMeGZ0rCSDkZ9nd_olQQ60ANyZW_3gm4GEm7E03sMDXaQkt2X12nm8ZmIqYeDvw?authuser=1&amp;fife=s16383","https://mymaps.usercontent.google.com/hostedimage/m/*/3AAjQbR5RzkxjcGaL_IsIMqDgbIV4tbSTopU_WYLO7O2eOTFGp8mdtvY2DWo_YY9sYXavWBm5ZGD9JVff6fACFu2Ph_DWwqEmIlgo7zE_pigmq1Hf_U4o3FOI3dhBvAY9DM0vQUAA5dGtgCN-KfK3uerFN3MopXwjDly0bINgcgNNWjoxuk1J4-MB_IzViVJsaRQpcvBWM1cWKgL7al28T4Q8l2QXOtz_vZqrrd6w7aKJaulvl7YXrbGv8-7yMlw?authuser=1&amp;fife=s16383","https://mymaps.usercontent.google.com/hostedimage/m/*/3AAjQbR5pRkFLKtxOwx8we8j9j1IcsZGl19ANpL7ihvy3IGMDHNyAUROpp7bOJnEBD1O6VMItBUGME7xmx1o7RQQI7k6Y3SeVCpvB1inUL3okWVftDCaqnJprt6DrzHVAiOJ-2HqecnzoOlmQ6pTCHOSNb_2szdnD4NFJXLE6UiUwg19Hw0QmN8SDp9EZs5NEguQmoa4Q2uzYr_1bdni-mYAV6be1YMoRt90fkRjpRZo2ZURFL7lTfLoFXo1YXnA?authuser=1&amp;fife=s16383","https://mymaps.usercontent.google.com/hostedimage/m/*/3AAjQbR6YrtX25cEupEZE4HfSQvRjHAHwe3Cw39FVztqkNbJbbissQ4U-cwnoEw49icYXUEiXdl3Qufc2yqPwzxw-3Gyff5T59isOMxmTYsPKIdHnF3bAXa1weXxnoZNXNdUNQl9tjhWHNcW2RVYQdgpNrmylIpjboa2c8alHBVBFSZv_6jG89pwwsUEzR63xB0_EWJUuO-H4Ng4cQ1Hqhlr5fWCAr1cojaCklkiuowTKP1uf0hZGn9mLi5LcFQs?authuser=1&amp;fife=s16383"]</value></Data></ExtendedData><Point><coordinates>13.1760108,32.8957416,0</coordinates></Point></Placemark><Placemark><name>مسجد بن سليمان</name><description>&lt;div class="atlas-popup" dir="rtl"&gt;&lt;h3&gt;مسجد بن سليمان&lt;/h3&gt;&lt;div class="atlas-popup-gallery"&gt;&lt;img src="https://mymaps.usercontent.google.com/hostedimage/m/*/3AAjQbR66sGay7Ywu_1ffY3fkHbGgo1PhTzOPaaAdZUHOWDISg8uPCNiRhXbmGxansgBNzt8DmKDaw6TI9HRIuNRG_ipyHuAdfHUZA6Di5OB7QBHC31aQbpVZN1dSxDY9RhVyufgx4hQIFRVhE7XzbyDd-O69QIk1jQXghVKa740JwHYSBh7h4U_cspn18yDmdcpIbQ3uUX6YxMzua8MnFVFh95_pjnGeuIpadAIDG7ZjgZEmll6Czly6K1TpWDI?authuser=1&amp;amp;fife=s16383" alt="مسجد بن سليمان" loading="lazy" class="atlas-popup-image"&gt;&lt;img src="https://mymaps.usercontent.google.com/hostedimage/m/*/3AAjQbR7jVK8VLIrOGZRnTF_iA9zDWn2obPeKGn9J_UdBe-kiSxO1utLx7gFlGAWZu0yxls3ZX_tsoQTTzsLpzXJ_qpi00I8Ht_E7rRc1KuDUzvQ1LlSC598LtfYt8gk9NoPtjyh1NWJSwZpxPrUJFkykCtpYMdQsCRM_BSPDXCouBVgRq3jUT2c943Pypnbz2Tu81VNkGPNCxYIUj8DJbnvdHXDqWGF0ZuKSb6-AXhsRuXUPjEbNzAJDwkxWZSI?authuser=1&amp;amp;fife=s16383" alt="مسجد بن سليمان" loading="lazy" class="atlas-popup-image"&gt;&lt;/div&gt;&lt;div class="atlas-popup-details"&gt;&lt;div&gt;&lt;strong&gt;الاسم بالإنجليزية:&lt;/strong&gt; Sidi Soliman Mosque&lt;/div&gt;&lt;div&gt;&lt;strong&gt;التصنيف:&lt;/strong&gt; مسجد&lt;/div&gt;&lt;div&gt;&lt;strong&gt;العنوان:&lt;/strong&gt; يقع المسجد في محلة باب البحر داخل زنقة ضيقة متفرعة من الحارة الكبيرة (كانت تُعرف تاريخياً بزنقة الربي نسيم) وتسمى اليوم باسم زنقة بن سليمان.Map data ©2026 Terms200 m&lt;/div&gt;&lt;div&gt;&lt;strong&gt;الوصف:&lt;/strong&gt; ويعرف أيضاً بجامع بلخير) هو أحد المعالم الدينية التاريخية العريقة التي تقع في قلب المدينة القديمة&lt;/div&gt;&lt;/div&gt;&lt;/div&gt;</description><ExtendedData><Data name="atlas_id"><value>LY-OLD-TRIPOLI-00053</value></Data><Data name="name_en"><value>Sidi Soliman Mosque</value></Data><Data name="category"><value>مسجد</value></Data><Data name="address"><value>يقع المسجد في محلة باب البحر داخل زنقة ضيقة متفرعة من الحارة الكبيرة (كانت تُعرف تاريخياً بزنقة الربي نسيم) وتسمى اليوم باسم زنقة بن سليمان.Map data ©2026 Terms200 m</value></Data><Data name="description"><value>ويعرف أيضاً بجامع بلخير) هو أحد المعالم الدينية التاريخية العريقة التي تقع في قلب المدينة القديمة</value></Data><Data name="image_count"><value>2</value></Data><Data name="source_file"><value>المدينة القديمة _طرابلس.kml</value></Data><Data name="images_json"><value>["/assets/images/old-tripoli/old-tripoli-LY-OLD-TRIPOLI-00053-01.png","/assets/images/old-tripoli/old-tripoli-LY-OLD-TRIPOLI-00053-02.png"]</value></Data><Data name="atlas_id"><value>LY-OLD-TRIPOLI-00053</value></Data><Data name="image_count"><value>2</value></Data><Data name="source_file"><value>المدينة القديمة _طرابلس.kml</value></Data><Data name="images_json"><value>["/assets/images/old-tripoli/old-tripoli-LY-OLD-TRIPOLI-00053-01.png","/assets/images/old-tripoli/old-tripoli-LY-OLD-TRIPOLI-00053-02.png"]</value></Data><Data name="atlas_id"><value>LY-TRI-000053</value></Data><Data name="layer_id"><value>old-tripoli</value></Data><Data name="layer_name_ar"><value>المدينة القديمة طرابلس</value></Data><Data name="layer_name_en"><value>Old Tripoli</value></Data><Data name="name_ar"><value>مسجد بن سليمان</value></Data><Data name="latitude"><value>32.8991809</value></Data><Data name="longitude"><value>13.1731203</value></Data><Data name="images_json"><value>["/assets/images/old-tripoli/old-tripoli-LY-OLD-TRIPOLI-00053-01.png","/assets/images/old-tripoli/old-tripoli-LY-OLD-TRIPOLI-00053-02.png"]</value></Data><Data name="image_count"><value>2</value></Data><Data name="source_file"><value>developed/old-tripoli-developed.kml</value></Data><Data name="source_placemark_index"><value>53</value></Data><Data name="data_quality_status"><value>ok</value></Data><Data name="source_media_url"><value>["https://mymaps.usercontent.google.com/hostedimage/m/*/3AAjQbR66sGay7Ywu_1ffY3fkHbGgo1PhTzOPaaAdZUHOWDISg8uPCNiRhXbmGxansgBNzt8DmKDaw6TI9HRIuNRG_ipyHuAdfHUZA6Di5OB7QBHC31aQbpVZN1dSxDY9RhVyufgx4hQIFRVhE7XzbyDd-O69QIk1jQXghVKa740JwHYSBh7h4U_cspn18yDmdcpIbQ3uUX6YxMzua8MnFVFh95_pjnGeuIpadAIDG7ZjgZEmll6Czly6K1TpWDI?authuser=1&amp;fife=s16383","https://mymaps.usercontent.google.com/hostedimage/m/*/3AAjQbR7jVK8VLIrOGZRnTF_iA9zDWn2obPeKGn9J_UdBe-kiSxO1utLx7gFlGAWZu0yxls3ZX_tsoQTTzsLpzXJ_qpi00I8Ht_E7rRc1KuDUzvQ1LlSC598LtfYt8gk9NoPtjyh1NWJSwZpxPrUJFkykCtpYMdQsCRM_BSPDXCouBVgRq3jUT2c943Pypnbz2Tu81VNkGPNCxYIUj8DJbnvdHXDqWGF0ZuKSb6-AXhsRuXUPjEbNzAJDwkxWZSI?authuser=1&amp;fife=s16383"]</value></Data></ExtendedData><Point><coordinates>13.1731203,32.8991809,0</coordinates></Point></Placemark><Placemark><name>مسجد عبد الوهاب القيسي</name><description>&lt;div class="atlas-popup" dir="rtl"&gt;&lt;h3&gt;مسجد عبد الوهاب القيسي&lt;/h3&gt;&lt;div class="atlas-popup-gallery"&gt;&lt;img src="https://mymaps.usercontent.google.com/hostedimage/m/*/3AAjQbR4SQJ1cBeurqCIl3ZivDAgQ3Le2BD8Q65YHxP_2Y_h_0ayDoQ7XmR14lSSMz9N69VS-d1iRjEMDMyP-1XFm0Oy9aJo24yxyGRwW0vt65yK0gcvyb5UvfON1t-2h_d0MAYfPQsBYKyPSRg8C4PeGue8pMUM23mvzpwgIWhxYEqPX1YpEVRUyyVg2GPsfUi8e4XJVS6pzfGqxGkX6QaABjFb1MI5o6S_iTUBTTeCbu3UthOQGhDL0MeB6aWI?authuser=1&amp;amp;fife=s16383" alt="مسجد عبد الوهاب القيسي" loading="lazy" class="atlas-popup-image"&gt;&lt;img src="https://mymaps.usercontent.google.com/hostedimage/m/*/3AAjQbR4EqdN5hl4RYnVq-GjZoxmFiH6gsM-PGwE_XmUCU9tTIlTFtgzjJ_9DROkrR_gfU4trhIbuTR3zNXc5wZtqwjOfesbnD-v79qyLZAjNveP17_F0Bj_fWuwJpymnuehLMsgKMtBhwalLsh5VacI9WmQVVscOJvijJO-zmGQCtLtdvfa5-rzCRo_zOLmd0SUfeNpcQ36OagmrXG74vM705lllHBMRp9KpcQ5LpRH3gTuGfscAdK6QUgib3P8?authuser=1&amp;amp;fife=s16383" alt="مسجد عبد الوهاب القيسي" loading="lazy" class="atlas-popup-image"&gt;&lt;/div&gt;&lt;div class="atlas-popup-details"&gt;&lt;div&gt;&lt;strong&gt;الاسم بالإنجليزية:&lt;/strong&gt; Sidi Abdul Wahab Al-Qaisi Mosque&lt;/div&gt;&lt;div&gt;&lt;strong&gt;التصنيف:&lt;/strong&gt; مسجد&lt;/div&gt;&lt;div&gt;&lt;strong&gt;العنوان:&lt;/strong&gt; المدينة القديمة&lt;/div&gt;&lt;div&gt;&lt;strong&gt;الوصف:&lt;/strong&gt; يضم المسجد ضريح العالم والشيخ الفاضل عبد الوهاب القيسي، الذي ذكره الرحالة الشهير &amp;quot;التيجاني&amp;quot; في رحلته عام 1308م وأثنى عليه&lt;/div&gt;&lt;/div&gt;&lt;/div&gt;</description><ExtendedData><Data name="atlas_id"><value>LY-OLD-TRIPOLI-00054</value></Data><Data name="name_en"><value>Sidi Abdul Wahab Al-Qaisi Mosque</value></Data><Data name="category"><value>مسجد</value></Data><Data name="address"><value>المدينة القديمة</value></Data><Data name="description"><value>يضم المسجد ضريح العالم والشيخ الفاضل عبد الوهاب القيسي، الذي ذكره الرحالة الشهير "التيجاني" في رحلته عام 1308م وأثنى عليه</value></Data><Data name="image_count"><value>2</value></Data><Data name="source_file"><value>المدينة القديمة _طرابلس.kml</value></Data><Data name="images_json"><value>["/assets/images/old-tripoli/old-tripoli-LY-OLD-TRIPOLI-00054-01.png","/assets/images/old-tripoli/old-tripoli-LY-OLD-TRIPOLI-00054-02.png"]</value></Data><Data name="atlas_id"><value>LY-OLD-TRIPOLI-00054</value></Data><Data name="image_count"><value>2</value></Data><Data name="source_file"><value>المدينة القديمة _طرابلس.kml</value></Data><Data name="images_json"><value>["/assets/images/old-tripoli/old-tripoli-LY-OLD-TRIPOLI-00054-01.png","/assets/images/old-tripoli/old-tripoli-LY-OLD-TRIPOLI-00054-02.png"]</value></Data><Data name="atlas_id"><value>LY-TRI-000054</value></Data><Data name="layer_id"><value>old-tripoli</value></Data><Data name="layer_name_ar"><value>المدينة القديمة طرابلس</value></Data><Data name="layer_name_en"><value>Old Tripoli</value></Data><Data name="name_ar"><value>مسجد عبد الوهاب القيسي</value></Data><Data name="latitude"><value>32.9002274</value></Data><Data name="longitude"><value>13.176524</value></Data><Data name="images_json"><value>["/assets/images/old-tripoli/old-tripoli-LY-OLD-TRIPOLI-00054-01.png","/assets/images/old-tripoli/old-tripoli-LY-OLD-TRIPOLI-00054-02.png"]</value></Data><Data name="image_count"><value>2</value></Data><Data name="source_file"><value>developed/old-tripoli-developed.kml</value></Data><Data name="source_placemark_index"><value>54</value></Data><Data name="data_quality_status"><value>ok</value></Data><Data name="source_media_url"><value>["https://mymaps.usercontent.google.com/hostedimage/m/*/3AAjQbR4SQJ1cBeurqCIl3ZivDAgQ3Le2BD8Q65YHxP_2Y_h_0ayDoQ7XmR14lSSMz9N69VS-d1iRjEMDMyP-1XFm0Oy9aJo24yxyGRwW0vt65yK0gcvyb5UvfON1t-2h_d0MAYfPQsBYKyPSRg8C4PeGue8pMUM23mvzpwgIWhxYEqPX1YpEVRUyyVg2GPsfUi8e4XJVS6pzfGqxGkX6QaABjFb1MI5o6S_iTUBTTeCbu3UthOQGhDL0MeB6aWI?authuser=1&amp;fife=s16383","https://mymaps.usercontent.google.com/hostedimage/m/*/3AAjQbR4EqdN5hl4RYnVq-GjZoxmFiH6gsM-PGwE_XmUCU9tTIlTFtgzjJ_9DROkrR_gfU4trhIbuTR3zNXc5wZtqwjOfesbnD-v79qyLZAjNveP17_F0Bj_fWuwJpymnuehLMsgKMtBhwalLsh5VacI9WmQVVscOJvijJO-zmGQCtLtdvfa5-rzCRo_zOLmd0SUfeNpcQ36OagmrXG74vM705lllHBMRp9KpcQ5LpRH3gTuGfscAdK6QUgib3P8?authuser=1&amp;fife=s16383"]</value></Data></ExtendedData><Point><coordinates>13.176524,32.9002274,0</coordinates></Point></Placemark><Placemark><name>مسجد الصقلاني</name><description>&lt;div class="atlas-popup" dir="rtl"&gt;&lt;h3&gt;مسجد الصقلاني&lt;/h3&gt;&lt;div class="atlas-popup-gallery"&gt;&lt;img src="https://mymaps.usercontent.google.com/hostedimage/m/*/3AAjQbR7DEOLeGNb2lfrpTsaBifB9ici_C6j8fuLC0EvI1Ut1xUXEQ4d52hsNYPgZwyXbB7AKvtsekPpun_uvotlkNI58ZqDBPzBACvmNRLVVpQ7XN_x1_J-JvuH3L05fRW-cxOrrflx-leiC9-toRIgdttKwrmAED-06rTD3kZ6zjCi95hxFjZpA7NESxo9ZHF5Kqrs0bePmWcEtS2oMBIKoguPOBZ_OkbAMPoX11b_382Ms6fwd2y9NG-Cdtw4?authuser=1&amp;amp;fife=s16383" alt="مسجد الصقلاني" loading="lazy" class="atlas-popup-image"&gt;&lt;img src="https://mymaps.usercontent.google.com/hostedimage/m/*/3AAjQbR6A24MhDjUbyBHUS26YrVyll3GHs2PAxv56CC1wovkoK9iXkAVBYASeCDcFSxCeXx4CkhMXkB9a2Cp7EdFoir-GA-HuiWdCdhjP28BQPbnh_3dDsH4fYLksmyx_98h47Tx9_B69irTQXYsfz43obsu2hrJyuPaTDuN-JRW28hGlI0NSeI15aQYLiDs8d3FUkZQ8cGci78ctrkQu523oTJjfvPj7vEs8uXGu_RzRTfjqeGxTols-BjR3FtQ?authuser=1&amp;amp;fife=s16383" alt="مسجد الصقلاني" loading="lazy" class="atlas-popup-image"&gt;&lt;img src="https://mymaps.usercontent.google.com/hostedimage/m/*/3AAjQbR4XQ9D0RylQ2Yk3q0ESdMkjZs1cjr6VliixGjH8mmYsM6qpXvHYwlYxt7_nVBu9gNSCVDagrlT8yI0VzoKjUnFMswI2ue0g6B07yhXiYa8WQlms-OaBqfTeUUiApywKbRLq4AgwtDXZtVF-NDGAHBZhB4Q_TnwOrjecSz49jUGP65wfcU9rgoTqs4RJ08RKTHDIJ00dfXZIrXLD3F5mWoLhTceRDAMkRfuzl8AS8yFOc7R5NAU_Nd6nn1c?authuser=1&amp;amp;fife=s16383" alt="مسجد الصقلاني" loading="lazy" class="atlas-popup-image"&gt;&lt;/div&gt;&lt;div class="atlas-popup-details"&gt;&lt;div&gt;&lt;strong&gt;الاسم بالإنجليزية:&lt;/strong&gt; Al-Saqlani Mosque&lt;/div&gt;&lt;div&gt;&lt;strong&gt;التصنيف:&lt;/strong&gt; تاريخي ديني&lt;/div&gt;&lt;div&gt;&lt;strong&gt;العنوان:&lt;/strong&gt; يقع المسجد تحديداً في شارع حومة غريان، طرابلس، ليبيا.الرمز المكاني (Plus Code): V5WG+WGW.&lt;/div&gt;&lt;div&gt;&lt;strong&gt;الوصف:&lt;/strong&gt; مسجد&lt;/div&gt;&lt;/div&gt;&lt;/div&gt;</description><ExtendedData><Data name="atlas_id"><value>LY-OLD-TRIPOLI-00055</value></Data><Data name="name_en"><value>Al-Saqlani Mosque</value></Data><Data name="category"><value>تاريخي ديني</value></Data><Data name="address"><value>يقع المسجد تحديداً في شارع حومة غريان، طرابلس، ليبيا.الرمز المكاني (Plus Code): V5WG+WGW.</value></Data><Data name="description"><value>مسجد</value></Data><Data name="image_count"><value>3</value></Data><Data name="source_file"><value>المدينة القديمة _طرابلس.kml</value></Data><Data name="images_json"><value>["/assets/images/old-tripoli/old-tripoli-LY-OLD-TRIPOLI-00055-01.png","/assets/images/old-tripoli/old-tripoli-LY-OLD-TRIPOLI-00055-02.png","/assets/images/old-tripoli/old-tripoli-LY-OLD-TRIPOLI-00055-03.png"]</value></Data><Data name="atlas_id"><value>LY-OLD-TRIPOLI-00055</value></Data><Data name="image_count"><value>3</value></Data><Data name="source_file"><value>المدينة القديمة _طرابلس.kml</value></Data><Data name="images_json"><value>["/assets/images/old-tripoli/old-tripoli-LY-OLD-TRIPOLI-00055-01.png","/assets/images/old-tripoli/old-tripoli-LY-OLD-TRIPOLI-00055-02.png","/assets/images/old-tripoli/old-tripoli-LY-OLD-TRIPOLI-00055-03.png"]</value></Data><Data name="atlas_id"><value>LY-TRI-000055</value></Data><Data name="layer_id"><value>old-tripoli</value></Data><Data name="layer_name_ar"><value>المدينة القديمة طرابلس</value></Data><Data name="layer_name_en"><value>Old Tripoli</value></Data><Data name="name_ar"><value>مسجد الصقلاني</value></Data><Data name="latitude"><value>32.8969521</value></Data><Data name="longitude"><value>13.1760829</value></Data><Data name="images_json"><value>["/assets/images/old-tripoli/old-tripoli-LY-OLD-TRIPOLI-00055-01.png","/assets/images/old-tripoli/old-tripoli-LY-OLD-TRIPOLI-00055-02.png","/assets/images/old-tripoli/old-tripoli-LY-OLD-TRIPOLI-00055-03.png"]</value></Data><Data name="image_count"><value>3</value></Data><Data name="source_file"><value>developed/old-tripoli-developed.kml</value></Data><Data name="source_placemark_index"><value>55</value></Data><Data name="data_quality_status"><value>ok</value></Data><Data name="source_media_url"><value>["https://mymaps.usercontent.google.com/hostedimage/m/*/3AAjQbR7DEOLeGNb2lfrpTsaBifB9ici_C6j8fuLC0EvI1Ut1xUXEQ4d52hsNYPgZwyXbB7AKvtsekPpun_uvotlkNI58ZqDBPzBACvmNRLVVpQ7XN_x1_J-JvuH3L05fRW-cxOrrflx-leiC9-toRIgdttKwrmAED-06rTD3kZ6zjCi95hxFjZpA7NESxo9ZHF5Kqrs0bePmWcEtS2oMBIKoguPOBZ_OkbAMPoX11b_382Ms6fwd2y9NG-Cdtw4?authuser=1&amp;fife=s16383","https://mymaps.usercontent.google.com/hostedimage/m/*/3AAjQbR6A24MhDjUbyBHUS26YrVyll3GHs2PAxv56CC1wovkoK9iXkAVBYASeCDcFSxCeXx4CkhMXkB9a2Cp7EdFoir-GA-HuiWdCdhjP28BQPbnh_3dDsH4fYLksmyx_98h47Tx9_B69irTQXYsfz43obsu2hrJyuPaTDuN-JRW28hGlI0NSeI15aQYLiDs8d3FUkZQ8cGci78ctrkQu523oTJjfvPj7vEs8uXGu_RzRTfjqeGxTols-BjR3FtQ?authuser=1&amp;fife=s16383","https://mymaps.usercontent.google.com/hostedimage/m/*/3AAjQbR4XQ9D0RylQ2Yk3q0ESdMkjZs1cjr6VliixGjH8mmYsM6qpXvHYwlYxt7_nVBu9gNSCVDagrlT8yI0VzoKjUnFMswI2ue0g6B07yhXiYa8WQlms-OaBqfTeUUiApywKbRLq4AgwtDXZtVF-NDGAHBZhB4Q_TnwOrjecSz49jUGP65wfcU9rgoTqs4RJ08RKTHDIJ00dfXZIrXLD3F5mWoLhTceRDAMkRfuzl8AS8yFOc7R5NAU_Nd6nn1c?authuser=1&amp;fife=s16383"]</value></Data></ExtendedData><Point><coordinates>13.1760829,32.8969521,0</coordinates></Point></Placemark><Placemark><name>جامع السنوسية</name><description>&lt;div class="atlas-popup" dir="rtl"&gt;&lt;h3&gt;جامع السنوسية&lt;/h3&gt;&lt;div class="atlas-popup-gallery"&gt;&lt;img src="https://mymaps.usercontent.google.com/hostedimage/m/*/3AAjQbR6GgydiQ3lsg9xlhKtnhTOXb0iJgyJHmsFgsqYgS1_lTs9depi7ldahmhRfIYZh2kdJkd1eYofOwAnFBfGEYbru5eoWl0_tR2VpsMRitZkIBhTp1dkUYBUHtEMDt1bMGIb_a8rMnPEzcCDphlmNTwgtsIx-0YkD9u_rMjLXtx4PUieopzFOLUUd7AYaz0a7sJjWaFR7YKQ9JWvAUrifQ-gUsxvpP1dSm2tTt9STCaV0qGEeuHaWziGAh-A?authuser=1&amp;amp;fife=s16383" alt="جامع السنوسية" loading="lazy" class="atlas-popup-image"&gt;&lt;img src="https://mymaps.usercontent.google.com/hostedimage/m/*/3AAjQbR5r_xIsG708v2M3mrObOGTVUdDYi4nupbsU6DRQBXqBtlt70-zWkdTOvj4o156EYmhFTuufelELvGyArCKvLNzMki6KnRP9nStbsrG96KZkXq5f3DoN0utW0s2weMMDcw3eWwKW03sNuIB67ondVntM5sjBtJzwjNzPnjwWKRIuEov4VHU4MONfIGociXjksttu5rfFhKc6Lr0CXc-06Fia9H9p8avbIn0gelMa1F8dZpQ7vaBbhq0p1Kc?authuser=1&amp;amp;fife=s16383" alt="جامع السنوسية" loading="lazy" class="atlas-popup-image"&gt;&lt;/div&gt;&lt;div class="atlas-popup-details"&gt;&lt;div&gt;&lt;strong&gt;الاسم بالإنجليزية:&lt;/strong&gt; As-Sanusiya Mosque&lt;/div&gt;&lt;div&gt;&lt;strong&gt;التصنيف:&lt;/strong&gt; جامع&lt;/div&gt;&lt;div&gt;&lt;strong&gt;العنوان:&lt;/strong&gt; قع في قلب العاصمة طرابلس، وتحديداً في شارع عمر المختار بالقرب من مركز باب الحرية للتسوق&lt;/div&gt;&lt;div&gt;&lt;strong&gt;الوصف:&lt;/strong&gt; عُرف قديماً باسم &amp;quot;زاوية طرابلس&amp;quot;، وكان مقراً ومسجداً للحركة السنوسية.&lt;/div&gt;&lt;/div&gt;&lt;/div&gt;</description><ExtendedData><Data name="atlas_id"><value>LY-OLD-TRIPOLI-00056</value></Data><Data name="name_en"><value>As-Sanusiya Mosque</value></Data><Data name="category"><value>جامع</value></Data><Data name="address"><value>قع في قلب العاصمة طرابلس، وتحديداً في شارع عمر المختار بالقرب من مركز باب الحرية للتسوق</value></Data><Data name="description"><value>عُرف قديماً باسم "زاوية طرابلس"، وكان مقراً ومسجداً للحركة السنوسية.</value></Data><Data name="image_count"><value>2</value></Data><Data name="source_file"><value>المدينة القديمة _طرابلس.kml</value></Data><Data name="images_json"><value>["/assets/images/old-tripoli/old-tripoli-LY-OLD-TRIPOLI-00056-01.png","/assets/images/old-tripoli/old-tripoli-LY-OLD-TRIPOLI-00056-02.png"]</value></Data><Data name="atlas_id"><value>LY-OLD-TRIPOLI-00056</value></Data><Data name="image_count"><value>2</value></Data><Data name="source_file"><value>المدينة القديمة _طرابلس.kml</value></Data><Data name="images_json"><value>["/assets/images/old-tripoli/old-tripoli-LY-OLD-TRIPOLI-00056-01.png","/assets/images/old-tripoli/old-tripoli-LY-OLD-TRIPOLI-00056-02.png"]</value></Data><Data name="atlas_id"><value>LY-TRI-000056</value></Data><Data name="layer_id"><value>old-tripoli</value></Data><Data name="layer_name_ar"><value>المدينة القديمة طرابلس</value></Data><Data name="layer_name_en"><value>Old Tripoli</value></Data><Data name="name_ar"><value>جامع السنوسية</value></Data><Data name="latitude"><value>32.8934782</value></Data><Data name="longitude"><value>13.1783195</value></Data><Data name="images_json"><value>["/assets/images/old-tripoli/old-tripoli-LY-OLD-TRIPOLI-00056-01.png","/assets/images/old-tripoli/old-tripoli-LY-OLD-TRIPOLI-00056-02.png"]</value></Data><Data name="image_count"><value>2</value></Data><Data name="source_file"><value>developed/old-tripoli-developed.kml</value></Data><Data name="source_placemark_index"><value>56</value></Data><Data name="data_quality_status"><value>ok</value></Data><Data name="source_media_url"><value>["https://mymaps.usercontent.google.com/hostedimage/m/*/3AAjQbR6GgydiQ3lsg9xlhKtnhTOXb0iJgyJHmsFgsqYgS1_lTs9depi7ldahmhRfIYZh2kdJkd1eYofOwAnFBfGEYbru5eoWl0_tR2VpsMRitZkIBhTp1dkUYBUHtEMDt1bMGIb_a8rMnPEzcCDphlmNTwgtsIx-0YkD9u_rMjLXtx4PUieopzFOLUUd7AYaz0a7sJjWaFR7YKQ9JWvAUrifQ-gUsxvpP1dSm2tTt9STCaV0qGEeuHaWziGAh-A?authuser=1&amp;fife=s16383","https://mymaps.usercontent.google.com/hostedimage/m/*/3AAjQbR5r_xIsG708v2M3mrObOGTVUdDYi4nupbsU6DRQBXqBtlt70-zWkdTOvj4o156EYmhFTuufelELvGyArCKvLNzMki6KnRP9nStbsrG96KZkXq5f3DoN0utW0s2weMMDcw3eWwKW03sNuIB67ondVntM5sjBtJzwjNzPnjwWKRIuEov4VHU4MONfIGociXjksttu5rfFhKc6Lr0CXc-06Fia9H9p8avbIn0gelMa1F8dZpQ7vaBbhq0p1Kc?authuser=1&amp;fife=s16383"]</value></Data></ExtendedData><Point><coordinates>13.1783195,32.8934782,0</coordinates></Point></Placemark><Placemark><name>مسجد بن صابر</name><description>&lt;div class="atlas-popup" dir="rtl"&gt;&lt;h3&gt;مسجد بن صابر&lt;/h3&gt;&lt;div class="atlas-popup-gallery"&gt;&lt;img src="https://mymaps.usercontent.google.com/hostedimage/m/*/3AAjQbR5ty0o6ffyjMUfYI02r3ufgYI2cuK4WPETN_mJ-eZ6cbAJHG3Oe_KhMs9Xeb10AhovfmMdZDdTUtF1UTks4pI0qQGR67f9SKTViPtFWGO5juUlfpUlSv4o11CR1Ws8G7HQZ8FhaVTxcMFSnsKQuPUVWKWlbGjvBOvIDitYyAvmgWgyXL1ND33HsU6u55yZnArST3iQrudk6bHkfsdZ46SSJOE2Pc5rp17l1X4smVa4qO3wyb-jRqcPVk50?authuser=1&amp;amp;fife=s16383" alt="مسجد بن صابر" loading="lazy" class="atlas-popup-image"&gt;&lt;/div&gt;&lt;div class="atlas-popup-details"&gt;&lt;div&gt;&lt;strong&gt;الاسم بالإنجليزية:&lt;/strong&gt; Ibrahim Dey Mosque-Ibn Saber Mosque&lt;/div&gt;&lt;div&gt;&lt;strong&gt;التصنيف:&lt;/strong&gt; مسجد&lt;/div&gt;&lt;div&gt;&lt;strong&gt;العنوان:&lt;/strong&gt; المدينة القديمة طرابلس&lt;/div&gt;&lt;div&gt;&lt;strong&gt;الوصف:&lt;/strong&gt; له اسم اخر قديم جامع ابراهيم داي&lt;/div&gt;&lt;/div&gt;&lt;/div&gt;</description><ExtendedData><Data name="atlas_id"><value>LY-OLD-TRIPOLI-00057</value></Data><Data name="name_en"><value>Ibrahim Dey Mosque-Ibn Saber Mosque</value></Data><Data name="category"><value>مسجد</value></Data><Data name="address"><value>المدينة القديمة طرابلس</value></Data><Data name="description"><value>له اسم اخر قديم جامع ابراهيم داي</value></Data><Data name="image_count"><value>1</value></Data><Data name="source_file"><value>المدينة القديمة _طرابلس.kml</value></Data><Data name="images_json"><value>["/assets/images/old-tripoli/old-tripoli-LY-OLD-TRIPOLI-00051-01.png"]</value></Data><Data name="atlas_id"><value>LY-OLD-TRIPOLI-00057</value></Data><Data name="image_count"><value>1</value></Data><Data name="source_file"><value>المدينة القديمة _طرابلس.kml</value></Data><Data name="images_json"><value>["/assets/images/old-tripoli/old-tripoli-LY-OLD-TRIPOLI-00051-01.png"]</value></Data><Data name="atlas_id"><value>LY-TRI-000057</value></Data><Data name="layer_id"><value>old-tripoli</value></Data><Data name="layer_name_ar"><value>المدينة القديمة طرابلس</value></Data><Data name="layer_name_en"><value>Old Tripoli</value></Data><Data name="name_ar"><value>مسجد بن صابر</value></Data><Data name="latitude"><value>32.8992241</value></Data><Data name="longitude"><value>13.1742375</value></Data><Data name="images_json"><value>["/assets/images/old-tripoli/old-tripoli-LY-OLD-TRIPOLI-00051-01.png"]</value></Data><Data name="image_count"><value>1</value></Data><Data name="source_file"><value>developed/old-tripoli-developed.kml</value></Data><Data name="source_placemark_index"><value>57</value></Data><Data name="data_quality_status"><value>ok</value></Data><Data name="source_media_url"><value>["https://mymaps.usercontent.google.com/hostedimage/m/*/3AAjQbR5ty0o6ffyjMUfYI02r3ufgYI2cuK4WPETN_mJ-eZ6cbAJHG3Oe_KhMs9Xeb10AhovfmMdZDdTUtF1UTks4pI0qQGR67f9SKTViPtFWGO5juUlfpUlSv4o11CR1Ws8G7HQZ8FhaVTxcMFSnsKQuPUVWKWlbGjvBOvIDitYyAvmgWgyXL1ND33HsU6u55yZnArST3iQrudk6bHkfsdZ46SSJOE2Pc5rp17l1X4smVa4qO3wyb-jRqcPVk50?authuser=1&amp;fife=s16383"]</value></Data></ExtendedData><Point><coordinates>13.1742375,32.8992241,0</coordinates></Point></Placemark><Placemark><name>جامع بن طابون،المدينة القديمة ،طرابلس الغرب</name><description>&lt;div class="atlas-popup" dir="rtl"&gt;&lt;h3&gt;جامع بن طابون،المدينة القديمة ،طرابلس الغرب&lt;/h3&gt;&lt;div class="atlas-popup-gallery"&gt;&lt;img src="https://mymaps.usercontent.google.com/hostedimage/m/*/3AAjQbR4tMnc46-dP2_exB1TyHSCqCeDunIw_hWNsbYiHbyUeB7CmOtM79dQVlOozG76m-zOFvv1wSRNBT7wPZ_VbRalH6vudTfjdQUNXmsUJoM7QH0AxR_4mwAM0-QKysPuFGZDkjC6xbtUmMU-zEdODl_WSjSVZmpa-PFiFkUwCnNlu_I2ecCMHuamD8UXVvJcpeLy--h5AdA_Dq93CJGuRVheWs4v-mwnCWAfNHzOtKU2liTJ6kNm_QDeZGKc?authuser=1&amp;amp;fife=s16383" alt="جامع بن طابون،المدينة القديمة ،طرابلس الغرب" loading="lazy" class="atlas-popup-image"&gt;&lt;img src="https://mymaps.usercontent.google.com/hostedimage/m/*/3AAjQbR5U0e3TV_cN_E0FLXWOX23Bjf5BeGnnkxzo3bIKiLtHI5VH1TPWmZ3otqglYEYkENUSviUtkHVHzAY5e4QMOHmdHn-Y4mg53y0GzjH0TDPgFXyLASRdWJAZXFH5-YGZ1w-dM_JWM_zN4kQNgbLttVU1u2Nt5q0rN13wjONLaj8frovy8MGX3G0fArpsbsl4JDvlfAUShf-LL4KNTTs0G77gcu1ic6C8YKFoWM7PuyZ1Wf0u3DCmhuZiOgc?authuser=1&amp;amp;fife=s16383" alt="جامع بن طابون،المدينة القديمة ،طرابلس الغرب" loading="lazy" class="atlas-popup-image"&gt;&lt;img src="https://mymaps.usercontent.google.com/hostedimage/m/*/3AAjQbR7IPATDbheoDN6BpoTJ60DLP5LljylJe5I2jPPdNsshBVjvFwPNxb1nuUMOxNqAJiMlfMfCZwrNzmloPFoOAcjKCurHXYX_K9TCfPckUnDaMESXQrz1YbRYdtFcKKjpibjITJRrvi_OEo84m3qpPyaxq9rYJujJfYnb-t0Lh-vajBK0nSPMlH9w2kVSxS-5h7_oIa3iLscYBlmiuIioYOl8St-78xl2pvIm7sIIH8NCmbLGh0hoQ8dq2B4?authuser=1&amp;amp;fife=s16383" alt="جامع بن طابون،المدينة القديمة ،طرابلس الغرب" loading="lazy" class="atlas-popup-image"&gt;&lt;/div&gt;&lt;div class="atlas-popup-details"&gt;&lt;div&gt;&lt;strong&gt;الاسم بالإنجليزية:&lt;/strong&gt; Ibn Tabun Mosque&lt;/div&gt;&lt;div&gt;&lt;strong&gt;التصنيف:&lt;/strong&gt; مسجد&lt;/div&gt;&lt;div&gt;&lt;strong&gt;العنوان:&lt;/strong&gt; يقع المسجد تحديداً في شارع قوس المفتي.&lt;/div&gt;&lt;div&gt;&lt;strong&gt;الوصف:&lt;/strong&gt; هدا المسجد من المساجد ذات الطراز اليبي و يتميز بقبابه الدائريه و التى انتشر بناؤها فى طرابلس فى القرنين 1500 و 1600 م الخامس عشر و السادس عشر الميلادى و يقال ان بن طابون من سكان تاجوراء&lt;/div&gt;&lt;/div&gt;&lt;/div&gt;</description><ExtendedData><Data name="atlas_id"><value>LY-OLD-TRIPOLI-00058</value></Data><Data name="name_en"><value>Ibn Tabun Mosque</value></Data><Data name="category"><value>مسجد</value></Data><Data name="address"><value>يقع المسجد تحديداً في شارع قوس المفتي.</value></Data><Data name="description"><value>هدا المسجد من المساجد ذات الطراز اليبي و يتميز بقبابه الدائريه و التى انتشر بناؤها فى طرابلس فى القرنين 1500 و 1600 م الخامس عشر و السادس عشر الميلادى و يقال ان بن طابون من سكان تاجوراء</value></Data><Data name="image_count"><value>3</value></Data><Data name="source_file"><value>المدينة القديمة _طرابلس.kml</value></Data><Data name="images_json"><value>["/assets/images/old-tripoli/old-tripoli-LY-OLD-TRIPOLI-00058-01.png","/assets/images/old-tripoli/old-tripoli-LY-OLD-TRIPOLI-00058-02.png","/assets/images/old-tripoli/old-tripoli-LY-OLD-TRIPOLI-00058-03.png"]</value></Data><Data name="atlas_id"><value>LY-OLD-TRIPOLI-00058</value></Data><Data name="image_count"><value>3</value></Data><Data name="source_file"><value>المدينة القديمة _طرابلس.kml</value></Data><Data name="images_json"><value>["/assets/images/old-tripoli/old-tripoli-LY-OLD-TRIPOLI-00058-01.png","/assets/images/old-tripoli/old-tripoli-LY-OLD-TRIPOLI-00058-02.png","/assets/images/old-tripoli/old-tripoli-LY-OLD-TRIPOLI-00058-03.png"]</value></Data><Data name="atlas_id"><value>LY-TRI-000058</value></Data><Data name="layer_id"><value>old-tripoli</value></Data><Data name="layer_name_ar"><value>المدينة القديمة طرابلس</value></Data><Data name="layer_name_en"><value>Old Tripoli</value></Data><Data name="name_ar"><value>جامع بن طابون،المدينة القديمة ،طرابلس الغرب</value></Data><Data name="latitude"><value>32.8955075</value></Data><Data name="longitude"><value>13.1773673</value></Data><Data name="images_json"><value>["/assets/images/old-tripoli/old-tripoli-LY-OLD-TRIPOLI-00058-01.png","/assets/images/old-tripoli/old-tripoli-LY-OLD-TRIPOLI-00058-02.png","/assets/images/old-tripoli/old-tripoli-LY-OLD-TRIPOLI-00058-03.png"]</value></Data><Data name="image_count"><value>3</value></Data><Data name="source_file"><value>developed/old-tripoli-developed.kml</value></Data><Data name="source_placemark_index"><value>58</value></Data><Data name="data_quality_status"><value>ok</value></Data><Data name="source_media_url"><value>["https://mymaps.usercontent.google.com/hostedimage/m/*/3AAjQbR4tMnc46-dP2_exB1TyHSCqCeDunIw_hWNsbYiHbyUeB7CmOtM79dQVlOozG76m-zOFvv1wSRNBT7wPZ_VbRalH6vudTfjdQUNXmsUJoM7QH0AxR_4mwAM0-QKysPuFGZDkjC6xbtUmMU-zEdODl_WSjSVZmpa-PFiFkUwCnNlu_I2ecCMHuamD8UXVvJcpeLy--h5AdA_Dq93CJGuRVheWs4v-mwnCWAfNHzOtKU2liTJ6kNm_QDeZGKc?authuser=1&amp;fife=s16383","https://mymaps.usercontent.google.com/hostedimage/m/*/3AAjQbR5U0e3TV_cN_E0FLXWOX23Bjf5BeGnnkxzo3bIKiLtHI5VH1TPWmZ3otqglYEYkENUSviUtkHVHzAY5e4QMOHmdHn-Y4mg53y0GzjH0TDPgFXyLASRdWJAZXFH5-YGZ1w-dM_JWM_zN4kQNgbLttVU1u2Nt5q0rN13wjONLaj8frovy8MGX3G0fArpsbsl4JDvlfAUShf-LL4KNTTs0G77gcu1ic6C8YKFoWM7PuyZ1Wf0u3DCmhuZiOgc?authuser=1&amp;fife=s16383","https://mymaps.usercontent.google.com/hostedimage/m/*/3AAjQbR7IPATDbheoDN6BpoTJ60DLP5LljylJe5I2jPPdNsshBVjvFwPNxb1nuUMOxNqAJiMlfMfCZwrNzmloPFoOAcjKCurHXYX_K9TCfPckUnDaMESXQrz1YbRYdtFcKKjpibjITJRrvi_OEo84m3qpPyaxq9rYJujJfYnb-t0Lh-vajBK0nSPMlH9w2kVSxS-5h7_oIa3iLscYBlmiuIioYOl8St-78xl2pvIm7sIIH8NCmbLGh0hoQ8dq2B4?authuser=1&amp;fife=s16383"]</value></Data></ExtendedData><Point><coordinates>13.1773673,32.8955075,0</coordinates></Point></Placemark><Placemark><name>مسجد بن طبيب</name><description>&lt;div class="atlas-popup" dir="rtl"&gt;&lt;h3&gt;مسجد بن طبيب&lt;/h3&gt;&lt;div class="atlas-popup-gallery"&gt;&lt;img src="https://mymaps.usercontent.google.com/hostedimage/m/*/3AAjQbR5OAaxXTYiuxt8Bj6Bbwh7t5dXc6LGNK-0SOTN-ARn9O1kAMl8KMptBdiIN7b29hIlR-4ykRnfGrOST4SOYWxRUqu4324_WB4_zA2iI9PNe5qxC_HEOyiY13m64JoAZt4pWvRWJXLY8qn2wMM1DPUHcGvAeTWVKnk71Ymh6sEDXwo4m3MITmo56DKVERe_OpaPiHcBU-0Zd_vTA0EbhAIZKraQWA66QXDM0PS552jnVf30Rg8zO0gaY8Lk?authuser=1&amp;amp;fife=s16383" alt="مسجد بن طبيب" loading="lazy" class="atlas-popup-image"&gt;&lt;img src="https://mymaps.usercontent.google.com/hostedimage/m/*/3AAjQbR5kaR4EZDE9f3wbQZvfjceN7ZfZglLTK8XCYwlWfA5mtsM7jk_Qwg0Hchh9Wk7fU45NYXEuRhuXB3DuGGx85I1k5kXCpcUD41Cu9u7QcR9tHKvynbGWyZqL_rf5sOGic6E3uEsVDfJxKBACBmaO9xRdEs0GMSnFo3g03h3kqxyDlJME5v1MKdjwsFHdPGU9MBfWh8taOGxsi4nZFSMaousyzrqj-vl4ZfDKAhhFzx_ckTC9FHmmcDxsJgc?authuser=1&amp;amp;fife=s16383" alt="مسجد بن طبيب" loading="lazy" class="atlas-popup-image"&gt;&lt;/div&gt;&lt;div class="atlas-popup-details"&gt;&lt;div&gt;&lt;strong&gt;الاسم بالإنجليزية:&lt;/strong&gt; Bin Al-Tabib Mosque&lt;/div&gt;&lt;div&gt;&lt;strong&gt;التصنيف:&lt;/strong&gt; مسجد عتيق جدا وكان يسمى مسجد العزي&lt;/div&gt;&lt;div&gt;&lt;strong&gt;العنوان:&lt;/strong&gt; يقع في تقاطع شارع سوق الحرارة وزنقة اللحلاحي مسجد صغير من مساجد المدينة القديمة .&lt;/div&gt;&lt;div&gt;&lt;strong&gt;الوصف:&lt;/strong&gt; : يشتهر المسجد بوجود كتّاب مسجد بن الطبيب التاريخي الملحق به، والذي خُصص تاريخياً لتعليم الأطفال القرآن الكريم والعلوم الدينية.الطراز المعماري: يتميز المبنى بالبساطة المعمارية والتكوين التقليدي المتناغم مع أزقة طرابلس القديمة&lt;/div&gt;&lt;/div&gt;&lt;/div&gt;</description><ExtendedData><Data name="atlas_id"><value>LY-OLD-TRIPOLI-00059</value></Data><Data name="name_en"><value>Bin Al-Tabib Mosque</value></Data><Data name="category"><value>مسجد عتيق جدا وكان يسمى مسجد العزي</value></Data><Data name="address"><value>يقع في تقاطع شارع سوق الحرارة وزنقة اللحلاحي مسجد صغير من مساجد المدينة القديمة .</value></Data><Data name="description"><value>: يشتهر المسجد بوجود كتّاب مسجد بن الطبيب التاريخي الملحق به، والذي خُصص تاريخياً لتعليم الأطفال القرآن الكريم والعلوم الدينية.الطراز المعماري: يتميز المبنى بالبساطة المعمارية والتكوين التقليدي المتناغم مع أزقة طرابلس القديمة</value></Data><Data name="image_count"><value>2</value></Data><Data name="source_file"><value>المدينة القديمة _طرابلس.kml</value></Data><Data name="images_json"><value>["/assets/images/old-tripoli/old-tripoli-LY-OLD-TRIPOLI-00059-01.png","/assets/images/old-tripoli/old-tripoli-LY-OLD-TRIPOLI-00059-02.png"]</value></Data><Data name="atlas_id"><value>LY-OLD-TRIPOLI-00059</value></Data><Data name="image_count"><value>2</value></Data><Data name="source_file"><value>المدينة القديمة _طرابلس.kml</value></Data><Data name="images_json"><value>["/assets/images/old-tripoli/old-tripoli-LY-OLD-TRIPOLI-00059-01.png","/assets/images/old-tripoli/old-tripoli-LY-OLD-TRIPOLI-00059-02.png"]</value></Data><Data name="atlas_id"><value>LY-TRI-000059</value></Data><Data name="layer_id"><value>old-tripoli</value></Data><Data name="layer_name_ar"><value>المدينة القديمة طرابلس</value></Data><Data name="layer_name_en"><value>Old Tripoli</value></Data><Data name="name_ar"><value>مسجد بن طبيب</value></Data><Data name="latitude"><value>32.8972257</value></Data><Data name="longitude"><value>13.176356</value></Data><Data name="images_json"><value>["/assets/images/old-tripoli/old-tripoli-LY-OLD-TRIPOLI-00059-01.png","/assets/images/old-tripoli/old-tripoli-LY-OLD-TRIPOLI-00059-02.png"]</value></Data><Data name="image_count"><value>2</value></Data><Data name="source_file"><value>developed/old-tripoli-developed.kml</value></Data><Data name="source_placemark_index"><value>59</value></Data><Data name="data_quality_status"><value>ok</value></Data><Data name="source_media_url"><value>["https://mymaps.usercontent.google.com/hostedimage/m/*/3AAjQbR5OAaxXTYiuxt8Bj6Bbwh7t5dXc6LGNK-0SOTN-ARn9O1kAMl8KMptBdiIN7b29hIlR-4ykRnfGrOST4SOYWxRUqu4324_WB4_zA2iI9PNe5qxC_HEOyiY13m64JoAZt4pWvRWJXLY8qn2wMM1DPUHcGvAeTWVKnk71Ymh6sEDXwo4m3MITmo56DKVERe_OpaPiHcBU-0Zd_vTA0EbhAIZKraQWA66QXDM0PS552jnVf30Rg8zO0gaY8Lk?authuser=1&amp;fife=s16383","https://mymaps.usercontent.google.com/hostedimage/m/*/3AAjQbR5kaR4EZDE9f3wbQZvfjceN7ZfZglLTK8XCYwlWfA5mtsM7jk_Qwg0Hchh9Wk7fU45NYXEuRhuXB3DuGGx85I1k5kXCpcUD41Cu9u7QcR9tHKvynbGWyZqL_rf5sOGic6E3uEsVDfJxKBACBmaO9xRdEs0GMSnFo3g03h3kqxyDlJME5v1MKdjwsFHdPGU9MBfWh8taOGxsi4nZFSMaousyzrqj-vl4ZfDKAhhFzx_ckTC9FHmmcDxsJgc?authuser=1&amp;fife=s16383"]</value></Data></ExtendedData><Point><coordinates>13.176356,32.8972257,0</coordinates></Point></Placemark><Placemark><name>جامع بن لطيف زنقة الباز</name><description>&lt;div class="atlas-popup" dir="rtl"&gt;&lt;h3&gt;جامع بن لطيف زنقة الباز&lt;/h3&gt;&lt;div class="atlas-popup-gallery"&gt;&lt;/div&gt;&lt;div class="atlas-popup-details"&gt;&lt;div&gt;&lt;strong&gt;الاسم بالإنجليزية:&lt;/strong&gt; Benltayf Mosque&lt;/div&gt;&lt;div&gt;&lt;strong&gt;التصنيف:&lt;/strong&gt; مسجد عتيق ولازال يستقبل مصلين الى هذا اليوم&lt;/div&gt;&lt;div&gt;&lt;strong&gt;العنوان:&lt;/strong&gt; زنقة الباز، المدينة القديمة، طرابلس&lt;/div&gt;&lt;div&gt;&lt;strong&gt;الوصف:&lt;/strong&gt; أحد المساجد التاريخية القديمة التي تتميز بطابعها المعماري الإسلامي التقليدي، ويُعرف محلياً بنظافته والاهتمام الكبير المستمر به من قبل القائمين عليه.&lt;/div&gt;&lt;/div&gt;&lt;/div&gt;</description><ExtendedData><Data name="atlas_id"><value>LY-OLD-TRIPOLI-00060</value></Data><Data name="name_en"><value>Benltayf Mosque</value></Data><Data name="category"><value>مسجد عتيق ولازال يستقبل مصلين الى هذا اليوم</value></Data><Data name="address"><value>زنقة الباز، المدينة القديمة، طرابلس</value></Data><Data name="description"><value>أحد المساجد التاريخية القديمة التي تتميز بطابعها المعماري الإسلامي التقليدي، ويُعرف محلياً بنظافته والاهتمام الكبير المستمر به من قبل القائمين عليه.</value></Data><Data name="image_count"><value>0</value></Data><Data name="source_file"><value>المدينة القديمة _طرابلس.kml</value></Data><Data name="images_json"><value>[]</value></Data><Data name="atlas_id"><value>LY-OLD-TRIPOLI-00060</value></Data><Data name="image_count"><value>0</value></Data><Data name="source_file"><value>المدينة القديمة _طرابلس.kml</value></Data><Data name="images_json"><value>[]</value></Data><Data name="atlas_id"><value>LY-TRI-000060</value></Data><Data name="layer_id"><value>old-tripoli</value></Data><Data name="layer_name_ar"><value>المدينة القديمة طرابلس</value></Data><Data name="layer_name_en"><value>Old Tripoli</value></Data><Data name="name_ar"><value>جامع بن لطيف زنقة الباز</value></Data><Data name="latitude"><value>32.8954483</value></Data><Data name="longitude"><value>13.1743793</value></Data><Data name="images_json"><value>[]</value></Data><Data name="image_count"><value>0</value></Data><Data name="source_file"><value>developed/old-tripoli-developed.kml</value></Data><Data name="source_placemark_index"><value>60</value></Data><Data name="data_quality_status"><value>missing_media</value></Data></ExtendedData><Point><coordinates>13.1743793,32.8954483,0</coordinates></Point></Placemark><Placemark><name>مسجد بورقيبة</name><description>&lt;div class="atlas-popup" dir="rtl"&gt;&lt;h3&gt;مسجد بورقيبة&lt;/h3&gt;&lt;div class="atlas-popup-gallery"&gt;&lt;img src="https://mymaps.usercontent.google.com/hostedimage/m/*/3AAjQbR7CFHF4MowNAs6FLdj9283tpakWMqmVRzI1sbd7nxD6AOXwXvJIrjEvkfO8kxSPIXf7PdLF2bekDZMqGaKdNjgfxqv89ZrbnSa3iZhBtzKA4rsd_gcGnpvZ7rt-8KQJC-fMhAT9SNPOVgJGQjKG_iVkzFganNSn9Fz1CI7XWii-IUQvg6Yu__Z7Ep8eNBEsjwVjhHyZRQmx0x3WEBgAyCMUhDD4Dr9Ch2hCKNwB-tnt6cqP2I0SXnMAKRU?authuser=1&amp;amp;fife=s16383" alt="مسجد بورقيبة" loading="lazy" class="atlas-popup-image"&gt;&lt;/div&gt;&lt;div class="atlas-popup-details"&gt;&lt;div&gt;&lt;strong&gt;الاسم بالإنجليزية:&lt;/strong&gt; Abu Rquiba Mosque&lt;/div&gt;&lt;div&gt;&lt;strong&gt;التصنيف:&lt;/strong&gt; مسجد&lt;/div&gt;&lt;div&gt;&lt;strong&gt;العنوان:&lt;/strong&gt; محيط باب جديد وسور المدينة القديمة&lt;/div&gt;&lt;div&gt;&lt;strong&gt;الوصف:&lt;/strong&gt; القصة والتسمية: لا علاقة له بالرئيس التونسي، بل يعود الفضل في بنائه إلى رجل أعمال ليبي من وجهاء طرابلس يدعى الحاج إبراهيم بورقيبة (أو أحمد بورقيبة)&lt;/div&gt;&lt;/div&gt;&lt;/div&gt;</description><ExtendedData><Data name="atlas_id"><value>LY-OLD-TRIPOLI-00061</value></Data><Data name="name_en"><value>Abu Rquiba Mosque</value></Data><Data name="category"><value>مسجد</value></Data><Data name="address"><value>محيط باب جديد وسور المدينة القديمة</value></Data><Data name="description"><value>القصة والتسمية: لا علاقة له بالرئيس التونسي، بل يعود الفضل في بنائه إلى رجل أعمال ليبي من وجهاء طرابلس يدعى الحاج إبراهيم بورقيبة (أو أحمد بورقيبة)</value></Data><Data name="image_count"><value>1</value></Data><Data name="source_file"><value>المدينة القديمة _طرابلس.kml</value></Data><Data name="images_json"><value>["/assets/images/old-tripoli/old-tripoli-LY-OLD-TRIPOLI-00061-01.png"]</value></Data><Data name="atlas_id"><value>LY-OLD-TRIPOLI-00061</value></Data><Data name="image_count"><value>1</value></Data><Data name="source_file"><value>المدينة القديمة _طرابلس.kml</value></Data><Data name="images_json"><value>["/assets/images/old-tripoli/old-tripoli-LY-OLD-TRIPOLI-00061-01.png"]</value></Data><Data name="atlas_id"><value>LY-TRI-000061</value></Data><Data name="layer_id"><value>old-tripoli</value></Data><Data name="layer_name_ar"><value>المدينة القديمة طرابلس</value></Data><Data name="layer_name_en"><value>Old Tripoli</value></Data><Data name="name_ar"><value>مسجد بورقيبة</value></Data><Data name="latitude"><value>32.8943625</value></Data><Data name="longitude"><value>13.1713906</value></Data><Data name="images_json"><value>["/assets/images/old-tripoli/old-tripoli-LY-OLD-TRIPOLI-00061-01.png"]</value></Data><Data name="image_count"><value>1</value></Data><Data name="source_file"><value>developed/old-tripoli-developed.kml</value></Data><Data name="source_placemark_index"><value>61</value></Data><Data name="data_quality_status"><value>ok</value></Data><Data name="source_media_url"><value>["https://mymaps.usercontent.google.com/hostedimage/m/*/3AAjQbR7CFHF4MowNAs6FLdj9283tpakWMqmVRzI1sbd7nxD6AOXwXvJIrjEvkfO8kxSPIXf7PdLF2bekDZMqGaKdNjgfxqv89ZrbnSa3iZhBtzKA4rsd_gcGnpvZ7rt-8KQJC-fMhAT9SNPOVgJGQjKG_iVkzFganNSn9Fz1CI7XWii-IUQvg6Yu__Z7Ep8eNBEsjwVjhHyZRQmx0x3WEBgAyCMUhDD4Dr9Ch2hCKNwB-tnt6cqP2I0SXnMAKRU?authuser=1&amp;fife=s16383"]</value></Data></ExtendedData><Point><coordinates>13.1713906,32.8943625,0</coordinates></Point></Placemark><Placemark><name>جامع سيدي الحطاب</name><description>&lt;div class="atlas-popup" dir="rtl"&gt;&lt;h3&gt;جامع سيدي الحطاب&lt;/h3&gt;&lt;div class="atlas-popup-gallery"&gt;&lt;img src="https://mymaps.usercontent.google.com/hostedimage/m/*/3AAjQbR4_MMCadMIWfH6VsISobwUATAs1arWVQVAHoUfQjUMGqLJ4JXmQi9FZBESgWB2FLHI55lBKkSoGpDgaYHgpf0mJcmUlVC5_c5AzBegjnolBY7wQJtq0NOZ-SdEbr_PTTI9VF1gaoeGXDoSFm3ov1qoyCoxmfcnvhikL14aaXHzPdVbeg1A26bp6QTMjOUv2UAV1MpIkyK7ALMpZEP_013KATaZQfhwkvqfFJ1ePug1Janfa5FWyT8dEue4?authuser=1&amp;amp;fife=s16383" alt="جامع سيدي الحطاب" loading="lazy" class="atlas-popup-image"&gt;&lt;img src="https://mymaps.usercontent.google.com/hostedimage/m/*/3AAjQbR7nyQb5bvf1mDp1Ggdk3DAx9_DfgymcWsUz3gMdBuT7hIFUNfI_ZBYoRnEulGyVZV1yjwmJ6V-MvatmC0Gp0JrlqjLs0uo3PbYap5vTRmLp1jidl_DW2JB5VUsbRLQ9QWDJR8XA17gey7eAqn1LrdGoJ978Td7EHnNHv1FepH4zS0OXEHZgpB9f-GWNJP7Ku7C-9d6QLpk1zNBcz1YvfsxQkgqX2UTnlMNda_YlhSD_W6iPfVYKBgx0h4s?authuser=1&amp;amp;fife=s16383" alt="جامع سيدي الحطاب" loading="lazy" class="atlas-popup-image"&gt;&lt;/div&gt;&lt;div class="atlas-popup-details"&gt;&lt;div&gt;&lt;strong&gt;الاسم بالإنجليزية:&lt;/strong&gt; Jam&amp;#x27;a Sidi El Hattab&lt;/div&gt;&lt;div&gt;&lt;strong&gt;التصنيف:&lt;/strong&gt; مسجد&lt;/div&gt;&lt;div&gt;&lt;strong&gt;العنوان:&lt;/strong&gt; طرابلس/المدينة القديمة&lt;/div&gt;&lt;div&gt;&lt;strong&gt;الوصف:&lt;/strong&gt; جامع سيدي الحطاب&lt;/div&gt;&lt;/div&gt;&lt;/div&gt;</description><ExtendedData><Data name="atlas_id"><value>LY-OLD-TRIPOLI-00062</value></Data><Data name="name_en"><value>Jam'a Sidi El Hattab</value></Data><Data name="category"><value>مسجد</value></Data><Data name="address"><value>طرابلس/المدينة القديمة</value></Data><Data name="description"><value>جامع سيدي الحطاب</value></Data><Data name="image_count"><value>2</value></Data><Data name="source_file"><value>المدينة القديمة _طرابلس.kml</value></Data><Data name="images_json"><value>["/assets/images/old-tripoli/old-tripoli-LY-OLD-TRIPOLI-00051-01.png","/assets/images/old-tripoli/old-tripoli-LY-OLD-TRIPOLI-00062-02.png"]</value></Data><Data name="atlas_id"><value>LY-OLD-TRIPOLI-00062</value></Data><Data name="image_count"><value>2</value></Data><Data name="source_file"><value>المدينة القديمة _طرابلس.kml</value></Data><Data name="images_json"><value>["/assets/images/old-tripoli/old-tripoli-LY-OLD-TRIPOLI-00051-01.png","/assets/images/old-tripoli/old-tripoli-LY-OLD-TRIPOLI-00062-02.png"]</value></Data><Data name="atlas_id"><value>LY-TRI-000062</value></Data><Data name="layer_id"><value>old-tripoli</value></Data><Data name="layer_name_ar"><value>المدينة القديمة طرابلس</value></Data><Data name="layer_name_en"><value>Old Tripoli</value></Data><Data name="name_ar"><value>جامع سيدي الحطاب</value></Data><Data name="latitude"><value>32.897385</value></Data><Data name="longitude"><value>13.175005</value></Data><Data name="images_json"><value>["/assets/images/old-tripoli/old-tripoli-LY-OLD-TRIPOLI-00051-01.png","/assets/images/old-tripoli/old-tripoli-LY-OLD-TRIPOLI-00062-02.png"]</value></Data><Data name="image_count"><value>2</value></Data><Data name="source_file"><value>developed/old-tripoli-developed.kml</value></Data><Data name="source_placemark_index"><value>62</value></Data><Data name="data_quality_status"><value>ok</value></Data><Data name="source_media_url"><value>["https://mymaps.usercontent.google.com/hostedimage/m/*/3AAjQbR4_MMCadMIWfH6VsISobwUATAs1arWVQVAHoUfQjUMGqLJ4JXmQi9FZBESgWB2FLHI55lBKkSoGpDgaYHgpf0mJcmUlVC5_c5AzBegjnolBY7wQJtq0NOZ-SdEbr_PTTI9VF1gaoeGXDoSFm3ov1qoyCoxmfcnvhikL14aaXHzPdVbeg1A26bp6QTMjOUv2UAV1MpIkyK7ALMpZEP_013KATaZQfhwkvqfFJ1ePug1Janfa5FWyT8dEue4?authuser=1&amp;fife=s16383","https://mymaps.usercontent.google.com/hostedimage/m/*/3AAjQbR7nyQb5bvf1mDp1Ggdk3DAx9_DfgymcWsUz3gMdBuT7hIFUNfI_ZBYoRnEulGyVZV1yjwmJ6V-MvatmC0Gp0JrlqjLs0uo3PbYap5vTRmLp1jidl_DW2JB5VUsbRLQ9QWDJR8XA17gey7eAqn1LrdGoJ978Td7EHnNHv1FepH4zS0OXEHZgpB9f-GWNJP7Ku7C-9d6QLpk1zNBcz1YvfsxQkgqX2UTnlMNda_YlhSD_W6iPfVYKBgx0h4s?authuser=1&amp;fife=s16383"]</value></Data></ExtendedData><Point><coordinates>13.175005,32.897385,0</coordinates></Point></Placemark><Placemark><name>مسجد الدباغ</name><description>&lt;div class="atlas-popup" dir="rtl"&gt;&lt;h3&gt;مسجد الدباغ&lt;/h3&gt;&lt;div class="atlas-popup-gallery"&gt;&lt;img src="https://mymaps.usercontent.google.com/hostedimage/m/*/3AAjQbR7SncbX34h3MAf4IHoKliL7zS_wCrTpHuBLt6y_GqX6PBuycPw7vQIwTtGj6GIXT7Z2TRTvP3a9tolU4RxIg-Wh5K2He0yQrhIhEWJiWAz7DG-y3aszOFw5B2KeX9e9QjAteOxZ1q8EyQYvzrsBik3w3rjQY6I6gL47Qb7gxnBiHUFubiqMHgRXcAOF8ySA0DDfsdTKRKP59tGHnIkM2uOvsZA1lPxcMjjwyFvqAiFFxVHvGC-mA6y9XwI?authuser=1&amp;amp;fife=s16383" alt="مسجد الدباغ" loading="lazy" class="atlas-popup-image"&gt;&lt;/div&gt;&lt;div class="atlas-popup-details"&gt;&lt;div&gt;&lt;strong&gt;الاسم بالإنجليزية:&lt;/strong&gt; D_bagh mosque&lt;/div&gt;&lt;div&gt;&lt;strong&gt;التصنيف:&lt;/strong&gt; تاريخي&lt;/div&gt;&lt;div&gt;&lt;strong&gt;العنوان:&lt;/strong&gt; طرابلس/المدينة القديمة&lt;/div&gt;&lt;div&gt;&lt;strong&gt;الوصف:&lt;/strong&gt; مسجد&lt;/div&gt;&lt;/div&gt;&lt;/div&gt;</description><ExtendedData><Data name="atlas_id"><value>LY-OLD-TRIPOLI-00063</value></Data><Data name="name_en"><value>D_bagh mosque</value></Data><Data name="category"><value>تاريخي</value></Data><Data name="address"><value>طرابلس/المدينة القديمة</value></Data><Data name="description"><value>مسجد</value></Data><Data name="image_count"><value>1</value></Data><Data name="source_file"><value>المدينة القديمة _طرابلس.kml</value></Data><Data name="images_json"><value>["/assets/images/old-tripoli/old-tripoli-LY-OLD-TRIPOLI-00063-01.png"]</value></Data><Data name="atlas_id"><value>LY-OLD-TRIPOLI-00063</value></Data><Data name="image_count"><value>1</value></Data><Data name="source_file"><value>المدينة القديمة _طرابلس.kml</value></Data><Data name="images_json"><value>["/assets/images/old-tripoli/old-tripoli-LY-OLD-TRIPOLI-00063-01.png"]</value></Data><Data name="atlas_id"><value>LY-TRI-000063</value></Data><Data name="layer_id"><value>old-tripoli</value></Data><Data name="layer_name_ar"><value>المدينة القديمة طرابلس</value></Data><Data name="layer_name_en"><value>Old Tripoli</value></Data><Data name="name_ar"><value>مسجد الدباغ</value></Data><Data name="latitude"><value>32.8942735</value></Data><Data name="longitude"><value>13.177309</value></Data><Data name="images_json"><value>["/assets/images/old-tripoli/old-tripoli-LY-OLD-TRIPOLI-00063-01.png"]</value></Data><Data name="image_count"><value>1</value></Data><Data name="source_file"><value>developed/old-tripoli-developed.kml</value></Data><Data name="source_placemark_index"><value>63</value></Data><Data name="data_quality_status"><value>ok</value></Data><Data name="source_media_url"><value>["https://mymaps.usercontent.google.com/hostedimage/m/*/3AAjQbR7SncbX34h3MAf4IHoKliL7zS_wCrTpHuBLt6y_GqX6PBuycPw7vQIwTtGj6GIXT7Z2TRTvP3a9tolU4RxIg-Wh5K2He0yQrhIhEWJiWAz7DG-y3aszOFw5B2KeX9e9QjAteOxZ1q8EyQYvzrsBik3w3rjQY6I6gL47Qb7gxnBiHUFubiqMHgRXcAOF8ySA0DDfsdTKRKP59tGHnIkM2uOvsZA1lPxcMjjwyFvqAiFFxVHvGC-mA6y9XwI?authuser=1&amp;fife=s16383"]</value></Data></ExtendedData><Point><coordinates>13.177309,32.8942735,0</coordinates></Point></Placemark><Placemark><name>مسجد الهدار - المدينة القديمة</name><description>&lt;div class="atlas-popup" dir="rtl"&gt;&lt;h3&gt;مسجد الهدار - المدينة القديمة&lt;/h3&gt;&lt;div class="atlas-popup-gallery"&gt;&lt;img src="https://mymaps.usercontent.google.com/hostedimage/m/*/3AAjQbR5gOG7kNdGXglEGYqaru3HY5vsYdjiK93rtZSEmmgxCbSjNwD6kF6ERBptqYe_PPKJi2Z85VOa8eUKBJtEujpbXAvCMU9Gqh_Tg5-7wCoNK5YtnWscXD5U7JXli3wanSMTeOvKAu97OZ8n9lHWS67iru72PRo4dOtXvcc4D84hfuil9ToTjjTa1S-bauuiOr0RfP-HmblLsdijvs18kbxTQIzJ_tY1X6LLm4HwYMC96IoQIAA6niBENuW8?authuser=1&amp;amp;fife=s16383" alt="مسجد الهدار - المدينة القديمة" loading="lazy" class="atlas-popup-image"&gt;&lt;img src="https://mymaps.usercontent.google.com/hostedimage/m/*/3AAjQbR76vWqVG-pyaWzNnl3JTESVmNo13F6C1Hp_xL_lMrPJHhQCp4-sIC5_qOOWCwePv1ii9J0MQPo51DrWMx6VasWU77-0_lJ5rRGTl_STWTENi6ZazirBZazmNlU9gBeKeZel3ICLYPQ94O179S0CCfdW9b74qXTQCTYqhIK8H3CFv123M6qcZZSeIEzRwNOMeY-tm5m-qaPnuliiyew9ZMF7uqztR8L1XIcyj15iBuIzxxFDO5XOvmfJGec?authuser=1&amp;amp;fife=s16383" alt="مسجد الهدار - المدينة القديمة" loading="lazy" class="atlas-popup-image"&gt;&lt;/div&gt;&lt;div class="atlas-popup-details"&gt;&lt;div&gt;&lt;strong&gt;الاسم بالإنجليزية:&lt;/strong&gt; Sidi El-Haddar Mosque&lt;/div&gt;&lt;div&gt;&lt;strong&gt;التصنيف:&lt;/strong&gt; مسجد&lt;/div&gt;&lt;div&gt;&lt;strong&gt;العنوان:&lt;/strong&gt; قع المسجد في قلب أزقة المدينة القديمة بطرابلس.&lt;/div&gt;&lt;div&gt;&lt;strong&gt;الوصف:&lt;/strong&gt; حد المعالم الإسلامية والتاريخية البارزة التي تنتصب داخل النسيج العمراني العريق&lt;/div&gt;&lt;/div&gt;&lt;/div&gt;</description><ExtendedData><Data name="atlas_id"><value>LY-OLD-TRIPOLI-00064</value></Data><Data name="name_en"><value>Sidi El-Haddar Mosque</value></Data><Data name="category"><value>مسجد</value></Data><Data name="address"><value>قع المسجد في قلب أزقة المدينة القديمة بطرابلس.</value></Data><Data name="description"><value>حد المعالم الإسلامية والتاريخية البارزة التي تنتصب داخل النسيج العمراني العريق</value></Data><Data name="image_count"><value>2</value></Data><Data name="source_file"><value>المدينة القديمة _طرابلس.kml</value></Data><Data name="images_json"><value>["/assets/images/old-tripoli/old-tripoli-LY-OLD-TRIPOLI-00064-01.png","/assets/images/old-tripoli/old-tripoli-LY-OLD-TRIPOLI-00064-02.png"]</value></Data><Data name="atlas_id"><value>LY-OLD-TRIPOLI-00064</value></Data><Data name="image_count"><value>2</value></Data><Data name="source_file"><value>المدينة القديمة _طرابلس.kml</value></Data><Data name="images_json"><value>["/assets/images/old-tripoli/old-tripoli-LY-OLD-TRIPOLI-00064-01.png","/assets/images/old-tripoli/old-tripoli-LY-OLD-TRIPOLI-00064-02.png"]</value></Data><Data name="atlas_id"><value>LY-TRI-000064</value></Data><Data name="layer_id"><value>old-tripoli</value></Data><Data name="layer_name_ar"><value>المدينة القديمة طرابلس</value></Data><Data name="layer_name_en"><value>Old Tripoli</value></Data><Data name="name_ar"><value>مسجد الهدار - المدينة القديمة</value></Data><Data name="latitude"><value>32.8972753</value></Data><Data name="longitude"><value>13.1724371</value></Data><Data name="images_json"><value>["/assets/images/old-tripoli/old-tripoli-LY-OLD-TRIPOLI-00064-01.png","/assets/images/old-tripoli/old-tripoli-LY-OLD-TRIPOLI-00064-02.png"]</value></Data><Data name="image_count"><value>2</value></Data><Data name="source_file"><value>developed/old-tripoli-developed.kml</value></Data><Data name="source_placemark_index"><value>64</value></Data><Data name="data_quality_status"><value>ok</value></Data><Data name="source_media_url"><value>["https://mymaps.usercontent.google.com/hostedimage/m/*/3AAjQbR5gOG7kNdGXglEGYqaru3HY5vsYdjiK93rtZSEmmgxCbSjNwD6kF6ERBptqYe_PPKJi2Z85VOa8eUKBJtEujpbXAvCMU9Gqh_Tg5-7wCoNK5YtnWscXD5U7JXli3wanSMTeOvKAu97OZ8n9lHWS67iru72PRo4dOtXvcc4D84hfuil9ToTjjTa1S-bauuiOr0RfP-HmblLsdijvs18kbxTQIzJ_tY1X6LLm4HwYMC96IoQIAA6niBENuW8?authuser=1&amp;fife=s16383","https://mymaps.usercontent.google.com/hostedimage/m/*/3AAjQbR76vWqVG-pyaWzNnl3JTESVmNo13F6C1Hp_xL_lMrPJHhQCp4-sIC5_qOOWCwePv1ii9J0MQPo51DrWMx6VasWU77-0_lJ5rRGTl_STWTENi6ZazirBZazmNlU9gBeKeZel3ICLYPQ94O179S0CCfdW9b74qXTQCTYqhIK8H3CFv123M6qcZZSeIEzRwNOMeY-tm5m-qaPnuliiyew9ZMF7uqztR8L1XIcyj15iBuIzxxFDO5XOvmfJGec?authuser=1&amp;fife=s16383"]</value></Data></ExtendedData><Point><coordinates>13.1724371,32.8972753,0</coordinates></Point></Placemark><Placemark><name>جامع قرجي</name><description>&lt;div class="atlas-popup" dir="rtl"&gt;&lt;h3&gt;جامع قرجي&lt;/h3&gt;&lt;div class="atlas-popup-gallery"&gt;&lt;img src="https://lh3.googleusercontent.com/umsh/AN6v0v66RM_9KCMRF90WenSuwoLxtn-5XLralanD76IDbB--1fmnqqFcjZ7HCn0qkhqQARNGORmQiUSMl5-cKNG4IkMOG2mVAN9SBBAHGEcBltvxYtBVohajN-ncezW4W_xPQNTcoz3T2palLUiAfSGkqw83NzdLye3HYRBP4fDecz2lz3DmC7C1waSmny2edlobtr7uPgLlT0yW18XxdbY7zsTmUarm1vYzonlnm4ZgeJP8usVGnny0OjRhK0T43HkVIda8FwDCic8Z1l8-KeKlEeqS794G_TuHl1XdIcddMaDTdoHf7hIbSzL52DB7MD-NiNqvBbfCgJJN66loIovkD2Iq_63IJqNTI_psxnTD-UuCiMG8fXvRiA6akAUq7nGcZ21nANGPAG2JclNBD4B8V_uparamnbTZnonaMjM4MY2UZryJv46_EpEY6CWoU1_WVrHo1_o1adccFheWYab_gBjZFI1ewzuoJMVxaCaVppH0CtVi2hjiD3qqwqFKPIeYXOhrqkRWm5H8v3yIYEhqeD93sGtzu1JX_EbyKvyujKkwwvKKhR8nfi07fT6F7e2RhK5P0-tZkW-BnAA52ozkL64nv90rI8jEeyDeA1XKi6hm94TUiaaTJurBmE9gD141uSXx2NhfueIBI8wErj3iK1jre7vUAped3OyDj8nI8762GQIQ4MgiYDM57CXn-jObTV0kcVuMag" alt="جامع قرجي" loading="lazy" class="atlas-popup-image"&gt;&lt;img src="https://mymaps.usercontent.google.com/hostedimage/m/*/3AAjQbR5dYmg42v98hb7xFnMaoT_2A9csajfMWiOAylm-2huiFBvIr0grqNE7qQ8t04ymnRnQTyDL7Z4Gk1C4Nqowj3l-UE8uf0mxmJdPEOeAmNDakLW1pwqVsXfFytLS76ibmA9PKt6kHIsDG4vrPGqHlYbvJXZXptLRveLHi6RcS0Ql8mHZyrO5jJKA0HLOYlCbUdU_lXj-cCPPwENiPAZI3ObyL_g2e3nPUMzn8VF3Jk2zd1etTTHHpM-AdLI?authuser=1&amp;amp;fife=s16383" alt="جامع قرجي" loading="lazy" class="atlas-popup-image"&gt;&lt;img src="https://mymaps.usercontent.google.com/hostedimage/m/*/3AAjQbR7XojoIbmturEAEPa5Onoq_tfWUrVSTYr6JbNW4I7YygDmUECRJiTuiTrBuoLRAqxX0Ue8g2R24nouSwP5C-FpqfS9iRmO3EQkUuXbAl86E_chhdaBMzHWxUvpWz8sRxmrQC8BQPZTvwZyoLHTJ0cXghHSp601tUcNuXrwcGUlrtqYwV_FNkTw5SK115eN1fiA3dRjPHPn3I5b8I68qXVULyWalhXNg9pQNUSYufOn_nqD-bBs4bX6PKa4?authuser=1&amp;amp;fife=s16383" alt="جامع قرجي" loading="lazy" class="atlas-popup-image"&gt;&lt;img src="https://mymaps.usercontent.google.com/hostedimage/m/*/3AAjQbR43DULDAPh9beeNpGTfL6RfvXTVtdmyACzNyqY8iW8ez7wbXdP-1g7ZnxdJm-8YQj6W7I2LqvE_R-yx5wUoe_KEkcs_AH4xkynA9AFK7zJ040zRmteyR2Dyr47Atei_8DhS7vNNoHek0sKp5b-V8iNDdGRTkE2AXjMWneZwFqNQPU47Sw-gZ6ugWdnQS7maOU1DU1t5vGPuW3cxMgARIObTRqhh8_pe6KofpPXilZueqbMqzyqOzqpr1bA?authuser=1&amp;amp;fife=s16383" alt="جامع قرجي" loading="lazy" class="atlas-popup-image"&gt;&lt;/div&gt;&lt;div class="atlas-popup-details"&gt;&lt;div&gt;&lt;strong&gt;الاسم بالإنجليزية:&lt;/strong&gt; Gurji Mosque&lt;/div&gt;&lt;div&gt;&lt;strong&gt;التصنيف:&lt;/strong&gt; جامع ومعلم تاريخي&lt;/div&gt;&lt;div&gt;&lt;strong&gt;العنوان:&lt;/strong&gt; طرابلس/المدينة القديمة&lt;/div&gt;&lt;div&gt;&lt;strong&gt;الوصف:&lt;/strong&gt; جامع قرجي&lt;/div&gt;&lt;/div&gt;&lt;/div&gt;</description><ExtendedData><Data name="atlas_id"><value>LY-OLD-TRIPOLI-00065</value></Data><Data name="name_en"><value>Gurji Mosque</value></Data><Data name="category"><value>جامع ومعلم تاريخي</value></Data><Data name="address"><value>طرابلس/المدينة القديمة</value></Data><Data name="description"><value>جامع قرجي</value></Data><Data name="image_count"><value>4</value></Data><Data name="source_file"><value>المدينة القديمة _طرابلس.kml</value></Data><Data name="images_json"><value>["/assets/images/old-tripoli/old-tripoli-LY-OLD-TRIPOLI-00065-01.png","/assets/images/old-tripoli/old-tripoli-LY-OLD-TRIPOLI-00065-02.png","/assets/images/old-tripoli/old-tripoli-LY-OLD-TRIPOLI-00065-03.png","/assets/images/old-tripoli/old-tripoli-LY-OLD-TRIPOLI-00065-04.png"]</value></Data><Data name="atlas_id"><value>LY-OLD-TRIPOLI-00065</value></Data><Data name="image_count"><value>4</value></Data><Data name="source_file"><value>المدينة القديمة _طرابلس.kml</value></Data><Data name="images_json"><value>["/assets/images/old-tripoli/old-tripoli-LY-OLD-TRIPOLI-00065-01.png","/assets/images/old-tripoli/old-tripoli-LY-OLD-TRIPOLI-00065-02.png","/assets/images/old-tripoli/old-tripoli-LY-OLD-TRIPOLI-00065-03.png","/assets/images/old-tripoli/old-tripoli-LY-OLD-TRIPOLI-00065-04.png"]</value></Data><Data name="atlas_id"><value>LY-TRI-000065</value></Data><Data name="layer_id"><value>old-tripoli</value></Data><Data name="layer_name_ar"><value>المدينة القديمة طرابلس</value></Data><Data name="layer_name_en"><value>Old Tripoli</value></Data><Data name="name_ar"><value>جامع قرجي</value></Data><Data name="latitude"><value>32.899525</value></Data><Data name="longitude"><value>13.175434</value></Data><Data name="images_json"><value>["/assets/images/old-tripoli/old-tripoli-LY-OLD-TRIPOLI-00065-01.png","/assets/images/old-tripoli/old-tripoli-LY-OLD-TRIPOLI-00065-02.png","/assets/images/old-tripoli/old-tripoli-LY-OLD-TRIPOLI-00065-03.png","/assets/images/old-tripoli/old-tripoli-LY-OLD-TRIPOLI-00065-04.png"]</value></Data><Data name="image_count"><value>4</value></Data><Data name="source_file"><value>developed/old-tripoli-developed.kml</value></Data><Data name="source_placemark_index"><value>65</value></Data><Data name="data_quality_status"><value>ok</value></Data><Data name="source_media_url"><value>["https://lh3.googleusercontent.com/umsh/AN6v0v66RM_9KCMRF90WenSuwoLxtn-5XLralanD76IDbB--1fmnqqFcjZ7HCn0qkhqQARNGORmQiUSMl5-cKNG4IkMOG2mVAN9SBBAHGEcBltvxYtBVohajN-ncezW4W_xPQNTcoz3T2palLUiAfSGkqw83NzdLye3HYRBP4fDecz2lz3DmC7C1waSmny2edlobtr7uPgLlT0yW18XxdbY7zsTmUarm1vYzonlnm4ZgeJP8usVGnny0OjRhK0T43HkVIda8FwDCic8Z1l8-KeKlEeqS794G_TuHl1XdIcddMaDTdoHf7hIbSzL52DB7MD-NiNqvBbfCgJJN66loIovkD2Iq_63IJqNTI_psxnTD-UuCiMG8fXvRiA6akAUq7nGcZ21nANGPAG2JclNBD4B8V_uparamnbTZnonaMjM4MY2UZryJv46_EpEY6CWoU1_WVrHo1_o1adccFheWYab_gBjZFI1ewzuoJMVxaCaVppH0CtVi2hjiD3qqwqFKPIeYXOhrqkRWm5H8v3yIYEhqeD93sGtzu1JX_EbyKvyujKkwwvKKhR8nfi07fT6F7e2RhK5P0-tZkW-BnAA52ozkL64nv90rI8jEeyDeA1XKi6hm94TUiaaTJurBmE9gD141uSXx2NhfueIBI8wErj3iK1jre7vUAped3OyDj8nI8762GQIQ4MgiYDM57CXn-jObTV0kcVuMag","https://mymaps.usercontent.google.com/hostedimage/m/*/3AAjQbR5dYmg42v98hb7xFnMaoT_2A9csajfMWiOAylm-2huiFBvIr0grqNE7qQ8t04ymnRnQTyDL7Z4Gk1C4Nqowj3l-UE8uf0mxmJdPEOeAmNDakLW1pwqVsXfFytLS76ibmA9PKt6kHIsDG4vrPGqHlYbvJXZXptLRveLHi6RcS0Ql8mHZyrO5jJKA0HLOYlCbUdU_lXj-cCPPwENiPAZI3ObyL_g2e3nPUMzn8VF3Jk2zd1etTTHHpM-AdLI?authuser=1&amp;fife=s16383","https://mymaps.usercontent.google.com/hostedimage/m/*/3AAjQbR7XojoIbmturEAEPa5Onoq_tfWUrVSTYr6JbNW4I7YygDmUECRJiTuiTrBuoLRAqxX0Ue8g2R24nouSwP5C-FpqfS9iRmO3EQkUuXbAl86E_chhdaBMzHWxUvpWz8sRxmrQC8BQPZTvwZyoLHTJ0cXghHSp601tUcNuXrwcGUlrtqYwV_FNkTw5SK115eN1fiA3dRjPHPn3I5b8I68qXVULyWalhXNg9pQNUSYufOn_nqD-bBs4bX6PKa4?authuser=1&amp;fife=s16383","https://mymaps.usercontent.google.com/hostedimage/m/*/3AAjQbR43DULDAPh9beeNpGTfL6RfvXTVtdmyACzNyqY8iW8ez7wbXdP-1g7ZnxdJm-8YQj6W7I2LqvE_R-yx5wUoe_KEkcs_AH4xkynA9AFK7zJ040zRmteyR2Dyr47Atei_8DhS7vNNoHek0sKp5b-V8iNDdGRTkE2AXjMWneZwFqNQPU47Sw-gZ6ugWdnQS7maOU1DU1t5vGPuW3cxMgARIObTRqhh8_pe6KofpPXilZueqbMqzyqOzqpr1bA?authuser=1&amp;fife=s16383"]</value></Data></ExtendedData><Point><coordinates>13.175434,32.899525,0</coordinates></Point></Placemark><Placemark><name>جامع سيدي اعطية الفلاح</name><description>&lt;div class="atlas-popup" dir="rtl"&gt;&lt;h3&gt;جامع سيدي اعطية الفلاح&lt;/h3&gt;&lt;div class="atlas-popup-gallery"&gt;&lt;img src="https://lh3.googleusercontent.com/umsh/AN6v0v5ZPhoU98F_qRy4H39yGBQDV3OaX0Rsl6MBkqbW_zfZdkAkKAOy4bXWTEVZMFYD6w5z_PyE0_26aSbVq2TCWO1w9Ee2pXQibdYk8BT9hGlGN2I-d-mInCV3-irUB_TCbbo0_xbUTVjY5LUO5TBpvynOOJMmCKKcKCMQjPsM0shgHytZZ-7vB2UzWvOGU1ddUviJFSAzrercAM9wwvk3FDDRdiPFObrDJh6BpYnnYdnM-SL9LvhmwfnYe9BrxPPFnQIBvmS7iqIy7Uaalcb2GWQEZ9qlRBXibzJaVEyp8uwTQ4cPAECDumXUXdEKXlno9uS8iaDr9eiaO0v6Al6koVyzmV_e5XdF6Z4JX_82nCMQKFmIMS2eE0qNEB_Oa79hy7z0HJZ87AGIC-Q6dCmdSQ3uuAEbmpyLgSl7rLoUB6QaEoxTUJ7SucXqXju_No91utGLag6Rhnw7cRORJZMfO9L4aOqQcaQNMNGO1jWxqSUY9Z8pQniMkRQ1IMuYsgRihqY3diN-1o5OTATmCd4o4n8B0yinH5PPdRaeYVWlxBPdbKMGCXXpwtzcHHNXd4HjUyln5SUG8nfp47BddeuAfB94gCDeReTSHKZW_A5Mhh0r3BFvh-Iiq9QBi5lxf3sLa3V874OfF4OpuAp8Mlq5YHPf-61_TnMv6Bn0shAAvXOruuQiMh34_HYrm-R8C5U2aHAl7v6n3IE" alt="جامع سيدي اعطية الفلاح" loading="lazy" class="atlas-popup-image"&gt;&lt;img src="https://lh3.googleusercontent.com/umsh/AN6v0v5L-pS3Da38X0oibwB6I7Kp281VWlhnCMqS41yENpktq0TAayi8HIYPmQFuArLX_vVPkVqA40CAWPot8tXHcXaNvxfRdxNDKoLuFK2gEFPMur0Yspq3siX1z_dkgQdxsxSA7I5X2X9mBpTu6iLUBoR7Drog9-GFs3EdROHc66t5vxKSQ430ZEub7PWDxdoQGWVbgead9coQ1A0MKJVJ1cNNZ8IsxdR7Ct3JDaFjFCYvkZcDliA3O_jPA0esDYFDsbe8NHs50G6ALl5codxClBw9PFNPaw9aEkDCH_2K4igY2oicEIniWsFDFt3nnwbSJ1zOVMIdmo2bQJ802mX7UswqR23GLTbQUy4AeN4ZLB44iC4_uSHfR_EPu_9TbiA8Qhdz9G0_5SSM6Q4RzZUZk56-NWfvKCvyTgWfCmMTDvUsz8KWBoypMT3HlSHSjqRNwtQ2PLPCEO0kPxF8TChC7f7luRxuTwV_EnOh10QD16ErIWkm0yn0WNfuim22o31tNjD56ghhCl2FsE6AT2aIZ-kGw1HDBrj10SJXaDh670scyrZqMHyKokSJPynis-qRD20UlTBUJ4KC5dPB_uHN4g2-RbbmklESDtgauWRMHNmxa5Ui5UBkW_A74VcWlUx72s21xL1aVNvlB0E4A3uQ9SQ9atdShQsDyGgbEsfOOYbPAlsFi9lj3HwKgTm61m1pV3Ch7TpO2Xg" alt="جامع سيدي اعطية الفلاح" loading="lazy" class="atlas-popup-image"&gt;&lt;/div&gt;&lt;div class="atlas-popup-details"&gt;&lt;div&gt;&lt;strong&gt;الاسم بالإنجليزية:&lt;/strong&gt; Sidi Attia Mosque&lt;/div&gt;&lt;div&gt;&lt;strong&gt;التصنيف:&lt;/strong&gt; جامع&lt;/div&gt;&lt;div&gt;&lt;strong&gt;العنوان:&lt;/strong&gt; طرابلس/المدينة القديمة&lt;/div&gt;&lt;div&gt;&lt;strong&gt;الوصف:&lt;/strong&gt; جامع سيدي اعطية الفلاح&lt;/div&gt;&lt;/div&gt;&lt;/div&gt;</description><ExtendedData><Data name="atlas_id"><value>LY-OLD-TRIPOLI-00066</value></Data><Data name="name_en"><value>Sidi Attia Mosque</value></Data><Data name="category"><value>جامع</value></Data><Data name="address"><value>طرابلس/المدينة القديمة</value></Data><Data name="description"><value>جامع سيدي اعطية الفلاح</value></Data><Data name="image_count"><value>2</value></Data><Data name="source_file"><value>المدينة القديمة _طرابلس.kml</value></Data><Data name="images_json"><value>["/assets/images/old-tripoli/old-tripoli-LY-OLD-TRIPOLI-00066-01.png","/assets/images/old-tripoli/old-tripoli-LY-OLD-TRIPOLI-00066-02.png"]</value></Data><Data name="atlas_id"><value>LY-OLD-TRIPOLI-00066</value></Data><Data name="image_count"><value>2</value></Data><Data name="source_file"><value>المدينة القديمة _طرابلس.kml</value></Data><Data name="images_json"><value>["/assets/images/old-tripoli/old-tripoli-LY-OLD-TRIPOLI-00066-01.png","/assets/images/old-tripoli/old-tripoli-LY-OLD-TRIPOLI-00066-02.png"]</value></Data><Data name="atlas_id"><value>LY-TRI-000066</value></Data><Data name="layer_id"><value>old-tripoli</value></Data><Data name="layer_name_ar"><value>المدينة القديمة طرابلس</value></Data><Data name="layer_name_en"><value>Old Tripoli</value></Data><Data name="name_ar"><value>جامع سيدي اعطية الفلاح</value></Data><Data name="latitude"><value>32.894633</value></Data><Data name="longitude"><value>13.178345</value></Data><Data name="images_json"><value>["/assets/images/old-tripoli/old-tripoli-LY-OLD-TRIPOLI-00066-01.png","/assets/images/old-tripoli/old-tripoli-LY-OLD-TRIPOLI-00066-02.png"]</value></Data><Data name="image_count"><value>2</value></Data><Data name="source_file"><value>developed/old-tripoli-developed.kml</value></Data><Data name="source_placemark_index"><value>66</value></Data><Data name="data_quality_status"><value>ok</value></Data><Data name="source_media_url"><value>["https://lh3.googleusercontent.com/umsh/AN6v0v5ZPhoU98F_qRy4H39yGBQDV3OaX0Rsl6MBkqbW_zfZdkAkKAOy4bXWTEVZMFYD6w5z_PyE0_26aSbVq2TCWO1w9Ee2pXQibdYk8BT9hGlGN2I-d-mInCV3-irUB_TCbbo0_xbUTVjY5LUO5TBpvynOOJMmCKKcKCMQjPsM0shgHytZZ-7vB2UzWvOGU1ddUviJFSAzrercAM9wwvk3FDDRdiPFObrDJh6BpYnnYdnM-SL9LvhmwfnYe9BrxPPFnQIBvmS7iqIy7Uaalcb2GWQEZ9qlRBXibzJaVEyp8uwTQ4cPAECDumXUXdEKXlno9uS8iaDr9eiaO0v6Al6koVyzmV_e5XdF6Z4JX_82nCMQKFmIMS2eE0qNEB_Oa79hy7z0HJZ87AGIC-Q6dCmdSQ3uuAEbmpyLgSl7rLoUB6QaEoxTUJ7SucXqXju_No91utGLag6Rhnw7cRORJZMfO9L4aOqQcaQNMNGO1jWxqSUY9Z8pQniMkRQ1IMuYsgRihqY3diN-1o5OTATmCd4o4n8B0yinH5PPdRaeYVWlxBPdbKMGCXXpwtzcHHNXd4HjUyln5SUG8nfp47BddeuAfB94gCDeReTSHKZW_A5Mhh0r3BFvh-Iiq9QBi5lxf3sLa3V874OfF4OpuAp8Mlq5YHPf-61_TnMv6Bn0shAAvXOruuQiMh34_HYrm-R8C5U2aHAl7v6n3IE","https://lh3.googleusercontent.com/umsh/AN6v0v5L-pS3Da38X0oibwB6I7Kp281VWlhnCMqS41yENpktq0TAayi8HIYPmQFuArLX_vVPkVqA40CAWPot8tXHcXaNvxfRdxNDKoLuFK2gEFPMur0Yspq3siX1z_dkgQdxsxSA7I5X2X9mBpTu6iLUBoR7Drog9-GFs3EdROHc66t5vxKSQ430ZEub7PWDxdoQGWVbgead9coQ1A0MKJVJ1cNNZ8IsxdR7Ct3JDaFjFCYvkZcDliA3O_jPA0esDYFDsbe8NHs50G6ALl5codxClBw9PFNPaw9aEkDCH_2K4igY2oicEIniWsFDFt3nnwbSJ1zOVMIdmo2bQJ802mX7UswqR23GLTbQUy4AeN4ZLB44iC4_uSHfR_EPu_9TbiA8Qhdz9G0_5SSM6Q4RzZUZk56-NWfvKCvyTgWfCmMTDvUsz8KWBoypMT3HlSHSjqRNwtQ2PLPCEO0kPxF8TChC7f7luRxuTwV_EnOh10QD16ErIWkm0yn0WNfuim22o31tNjD56ghhCl2FsE6AT2aIZ-kGw1HDBrj10SJXaDh670scyrZqMHyKokSJPynis-qRD20UlTBUJ4KC5dPB_uHN4g2-RbbmklESDtgauWRMHNmxa5Ui5UBkW_A74VcWlUx72s21xL1aVNvlB0E4A3uQ9SQ9atdShQsDyGgbEsfOOYbPAlsFi9lj3HwKgTm61m1pV3Ch7TpO2Xg"]</value></Data></ExtendedData><Point><coordinates>13.178345,32.894633,0</coordinates></Point></Placemark><Placemark><name>جامع الخروبة</name><description>&lt;div class="atlas-popup" dir="rtl"&gt;&lt;h3&gt;جامع الخروبة&lt;/h3&gt;&lt;div class="atlas-popup-gallery"&gt;&lt;img src="https://lh3.googleusercontent.com/umsh/AN6v0v4xJB6ewzIAgzuPh5wGM9Cs9eqWHnC7xxsBiPNi4cSShpvxCtGdUdJ9OcQNUns24j8UGEOPy8rAzrTeV4R2DtbDTsc8ZabLVKl13crKOufNJyGpRrftyRYrlgdLNvn2RD2sctwXiW9yuuCHrRGPXeydZQ9LNBBEgIFMwmEiivXhkfyHfUDeJQMH_FUrAHuDZvAfqgb8kYzSeWaNrV2-t-c7VXltB6TJxQQvEwtpkxFcr8o1SVDKO1GY2YECuShPCwjyUG0x4unZtMII1negb6qfKsFacoiML1zzoO_oYvi23JjlkaCZWhJaZtiHAeN9GrSgpoFjT7gxkDJ5T9fGx9fVjZczUvD0YgsU64oRgLRQHZQMOO-BQFFHBk-XP3ulWzb-Ct1SEPQ7JiqL6FxGRu77WwJhRTa2h4BcR0rBecG1TQs8FiITjtjFeNR2xr0AGBC81hl2ateR_CqqEYAC2Q5Yj-M4hRB8RSUwKX9ogM5YX8rvhm6TzBNx5Z-dhnYCgDLiEbWIOVv7J92lT64R8ee6gqgjySxY1Vs6XvUbDhN2jKK-MztmMsDAr28hJmZCw3A_TGm7yoM-L6yR_RVJJAt3b5Y9TNz27mVmxqt7wl5ckC-oJw7g1aQfG7niMZ3hbfRFndndz6TJl_fvozBuyDHLcR4hBFeWNkXLhNY40q4imt7-6hwsNpnXt1odyn-V77VVB3O0icY" alt="جامع الخروبة" loading="lazy" class="atlas-popup-image"&gt;&lt;/div&gt;&lt;div class="atlas-popup-details"&gt;&lt;div&gt;&lt;strong&gt;الاسم بالإنجليزية:&lt;/strong&gt; Jama&amp;#x27; Al-kharruba&lt;/div&gt;&lt;div&gt;&lt;strong&gt;التصنيف:&lt;/strong&gt; ديني تاريخي&lt;/div&gt;&lt;div&gt;&lt;strong&gt;العنوان:&lt;/strong&gt; طرابلس/المدينة القديمة&lt;/div&gt;&lt;div&gt;&lt;strong&gt;الوصف:&lt;/strong&gt; جامع الخروبة&lt;/div&gt;&lt;/div&gt;&lt;/div&gt;</description><ExtendedData><Data name="atlas_id"><value>LY-OLD-TRIPOLI-00067</value></Data><Data name="name_en"><value>Jama' Al-kharruba</value></Data><Data name="category"><value>ديني تاريخي</value></Data><Data name="address"><value>طرابلس/المدينة القديمة</value></Data><Data name="description"><value>جامع الخروبة</value></Data><Data name="image_count"><value>1</value></Data><Data name="source_file"><value>المدينة القديمة _طرابلس.kml</value></Data><Data name="images_json"><value>["/assets/images/old-tripoli/old-tripoli-LY-OLD-TRIPOLI-00067-01.png"]</value></Data><Data name="atlas_id"><value>LY-OLD-TRIPOLI-00067</value></Data><Data name="image_count"><value>1</value></Data><Data name="source_file"><value>المدينة القديمة _طرابلس.kml</value></Data><Data name="images_json"><value>["/assets/images/old-tripoli/old-tripoli-LY-OLD-TRIPOLI-00067-01.png"]</value></Data><Data name="atlas_id"><value>LY-TRI-000067</value></Data><Data name="layer_id"><value>old-tripoli</value></Data><Data name="layer_name_ar"><value>المدينة القديمة طرابلس</value></Data><Data name="layer_name_en"><value>Old Tripoli</value></Data><Data name="name_ar"><value>جامع الخروبة</value></Data><Data name="latitude"><value>32.895984</value></Data><Data name="longitude"><value>13.178227</value></Data><Data name="images_json"><value>["/assets/images/old-tripoli/old-tripoli-LY-OLD-TRIPOLI-00067-01.png"]</value></Data><Data name="image_count"><value>1</value></Data><Data name="source_file"><value>developed/old-tripoli-developed.kml</value></Data><Data name="source_placemark_index"><value>67</value></Data><Data name="data_quality_status"><value>ok</value></Data><Data name="source_media_url"><value>["https://lh3.googleusercontent.com/umsh/AN6v0v4xJB6ewzIAgzuPh5wGM9Cs9eqWHnC7xxsBiPNi4cSShpvxCtGdUdJ9OcQNUns24j8UGEOPy8rAzrTeV4R2DtbDTsc8ZabLVKl13crKOufNJyGpRrftyRYrlgdLNvn2RD2sctwXiW9yuuCHrRGPXeydZQ9LNBBEgIFMwmEiivXhkfyHfUDeJQMH_FUrAHuDZvAfqgb8kYzSeWaNrV2-t-c7VXltB6TJxQQvEwtpkxFcr8o1SVDKO1GY2YECuShPCwjyUG0x4unZtMII1negb6qfKsFacoiML1zzoO_oYvi23JjlkaCZWhJaZtiHAeN9GrSgpoFjT7gxkDJ5T9fGx9fVjZczUvD0YgsU64oRgLRQHZQMOO-BQFFHBk-XP3ulWzb-Ct1SEPQ7JiqL6FxGRu77WwJhRTa2h4BcR0rBecG1TQs8FiITjtjFeNR2xr0AGBC81hl2ateR_CqqEYAC2Q5Yj-M4hRB8RSUwKX9ogM5YX8rvhm6TzBNx5Z-dhnYCgDLiEbWIOVv7J92lT64R8ee6gqgjySxY1Vs6XvUbDhN2jKK-MztmMsDAr28hJmZCw3A_TGm7yoM-L6yR_RVJJAt3b5Y9TNz27mVmxqt7wl5ckC-oJw7g1aQfG7niMZ3hbfRFndndz6TJl_fvozBuyDHLcR4hBFeWNkXLhNY40q4imt7-6hwsNpnXt1odyn-V77VVB3O0icY"]</value></Data></ExtendedData><Point><coordinates>13.178227,32.895984,0</coordinates></Point></Placemark><Placemark><name>جامع درغوث</name><description>&lt;div class="atlas-popup" dir="rtl"&gt;&lt;h3&gt;جامع درغوث&lt;/h3&gt;&lt;div class="atlas-popup-gallery"&gt;&lt;img src="https://lh3.googleusercontent.com/umsh/AN6v0v7i0VhcxGTko8TrwnyIzSDXDDBw1H2vpJWHb8U82u5-gY42P8Sg7wDxqoK-nlrWkE0S8t08sWEzI9zdUd-kjEvsjMX3sl1aTmYw1WmxdSgbMK-9O1jCtcKxXVeVno6DBTt-73pSQ0yetGK37xr074mQ45ynBpvOMBbzjWexaqsNw-J61XvDZAh7icKCLlvncvxKue2FmMFB0g12sm7tiojqsp_0Qb9qnKxEDyjVDkQ-spfzscAKUk9OChi9DAX2YIUI-DTLqnv0h79ZTqSiApqsi9Y0c7Viku2phMwKtHhLp5qHmDfbOiBqgztbMxdFu3DzMqO0Ox7Sco2VqiE1fryZNCH8s3pz65E6ohNStsFlpFgZN38fI6TxVky5X_sgTTrgYQBLBEjhRVFohcRilwXOreysF2J7TB-ih1CGQ7Hoa7loH8WQp4UrkerOTsCk07FJALyU07FiyAzPXC7H5tVNFjgmfFJSok66qCpZMOqd0D0dW7WP4RkFeOUrrHYuU0Era1xW0_yNRkm33o0IlyIQ_pXVAwu21_mqEqwimsPwx1PB41m_wYLWQBYtpvlMXzXjjbXlb7pjuzpHEnrl2ybPotxdD806ut7T9laVuiL_WL_6cz9G4dmfH9DQoxRRSsp33X3GPPmyEUrAWTnFrNc2DInGGNy8z09gx5SEtSNOelDw1VKtObLttcoD9kms7P4m7JRV_Rw" alt="جامع درغوث" loading="lazy" class="atlas-popup-image"&gt;&lt;img src="https://lh3.googleusercontent.com/umsh/AN6v0v6IaZMOjolXpa9mRyvOQ2SBAy5ey7HdJ-hni6b67w7Ieew9gJRF6diYPZQ-Z4JZhnXZo1l3pLtPirl_NSLbF4gwBvrO5BGcsHsw3ZSHcPDWKPWROFqkPChdUwgC_r-lPc4PHJCQiXnQ5bXVU47ib_nG3q4UdRmI4tJGYZ2VkdycjJrgos66A6O3rnpNpcavZJkf-ehMCKChqxzvht3xjbdfhzwAi_TzfRGNvwnkkw7gWpAdyfYfhBcg4nbEeULP5JduXGUgK2WB36QSKv69Ke9mHD9WPypvw30eSCqbWR6Nxf3pl45zAL0cmJ2g41b1Z-VtWyvZTuWzzlkuCV-UBrHT4kQgNs5Hc83L6bPkdCCdu0JfzQojHqtNFpibFfOv_rSR4N1jcQELn9YzCP7baDq72Z5ElI5IsRBYkMhPo78sCRgKSdBrXWQ0IK7dpljCN5IHT5uehsKCcB3nOy_L27lD3pOodgVUBh_sP6S08dbHp0ClQzjRLWxJdE_0ZCJpgELe6Oq3AFV6DWFS46HEXBcVYT2AZ61oUgjJHJKLC4TNrNZALhL0Cn3g-jGFa4j6bXnU1fY54Wn5b-WVCRetrkkvSAMv6tcUsOdDZ9BwUYXrQvw3YZKUt4ucWoxlfNZlzbeqfOej40tIWWbfbvu5S51-6AjbD7fuoYz56MUrkPo_WIlCzbyXsUZ2PqV84kjqM9-4XwIR6Gw" alt="جامع درغوث" loading="lazy" class="atlas-popup-image"&gt;&lt;/div&gt;&lt;div class="atlas-popup-details"&gt;&lt;div&gt;&lt;strong&gt;الاسم بالإنجليزية:&lt;/strong&gt; Turghut Mosque (Jama Turghut)&lt;/div&gt;&lt;div&gt;&lt;strong&gt;التصنيف:&lt;/strong&gt; معلم اثري&lt;/div&gt;&lt;div&gt;&lt;strong&gt;العنوان:&lt;/strong&gt; طرابلس/المدينة القديمة&lt;/div&gt;&lt;div&gt;&lt;strong&gt;الوصف:&lt;/strong&gt; جامع درغوث&lt;/div&gt;&lt;/div&gt;&lt;/div&gt;</description><ExtendedData><Data name="atlas_id"><value>LY-OLD-TRIPOLI-00068</value></Data><Data name="name_en"><value>Turghut Mosque (Jama Turghut)</value></Data><Data name="category"><value>معلم اثري</value></Data><Data name="address"><value>طرابلس/المدينة القديمة</value></Data><Data name="description"><value>جامع درغوث</value></Data><Data name="image_count"><value>2</value></Data><Data name="source_file"><value>المدينة القديمة _طرابلس.kml</value></Data><Data name="images_json"><value>["/assets/images/old-tripoli/old-tripoli-LY-OLD-TRIPOLI-00068-01.png","/assets/images/old-tripoli/old-tripoli-LY-OLD-TRIPOLI-00068-02.png"]</value></Data><Data name="atlas_id"><value>LY-OLD-TRIPOLI-00068</value></Data><Data name="image_count"><value>2</value></Data><Data name="source_file"><value>المدينة القديمة _طرابلس.kml</value></Data><Data name="images_json"><value>["/assets/images/old-tripoli/old-tripoli-LY-OLD-TRIPOLI-00068-01.png","/assets/images/old-tripoli/old-tripoli-LY-OLD-TRIPOLI-00068-02.png"]</value></Data><Data name="atlas_id"><value>LY-TRI-000068</value></Data><Data name="layer_id"><value>old-tripoli</value></Data><Data name="layer_name_ar"><value>المدينة القديمة طرابلس</value></Data><Data name="layer_name_en"><value>Old Tripoli</value></Data><Data name="name_ar"><value>جامع درغوث</value></Data><Data name="latitude"><value>32.8987936</value></Data><Data name="longitude"><value>13.1771649</value></Data><Data name="images_json"><value>["/assets/images/old-tripoli/old-tripoli-LY-OLD-TRIPOLI-00068-01.png","/assets/images/old-tripoli/old-tripoli-LY-OLD-TRIPOLI-00068-02.png"]</value></Data><Data name="image_count"><value>2</value></Data><Data name="source_file"><value>developed/old-tripoli-developed.kml</value></Data><Data name="source_placemark_index"><value>68</value></Data><Data name="data_quality_status"><value>ok</value></Data><Data name="source_media_url"><value>["https://lh3.googleusercontent.com/umsh/AN6v0v7i0VhcxGTko8TrwnyIzSDXDDBw1H2vpJWHb8U82u5-gY42P8Sg7wDxqoK-nlrWkE0S8t08sWEzI9zdUd-kjEvsjMX3sl1aTmYw1WmxdSgbMK-9O1jCtcKxXVeVno6DBTt-73pSQ0yetGK37xr074mQ45ynBpvOMBbzjWexaqsNw-J61XvDZAh7icKCLlvncvxKue2FmMFB0g12sm7tiojqsp_0Qb9qnKxEDyjVDkQ-spfzscAKUk9OChi9DAX2YIUI-DTLqnv0h79ZTqSiApqsi9Y0c7Viku2phMwKtHhLp5qHmDfbOiBqgztbMxdFu3DzMqO0Ox7Sco2VqiE1fryZNCH8s3pz65E6ohNStsFlpFgZN38fI6TxVky5X_sgTTrgYQBLBEjhRVFohcRilwXOreysF2J7TB-ih1CGQ7Hoa7loH8WQp4UrkerOTsCk07FJALyU07FiyAzPXC7H5tVNFjgmfFJSok66qCpZMOqd0D0dW7WP4RkFeOUrrHYuU0Era1xW0_yNRkm33o0IlyIQ_pXVAwu21_mqEqwimsPwx1PB41m_wYLWQBYtpvlMXzXjjbXlb7pjuzpHEnrl2ybPotxdD806ut7T9laVuiL_WL_6cz9G4dmfH9DQoxRRSsp33X3GPPmyEUrAWTnFrNc2DInGGNy8z09gx5SEtSNOelDw1VKtObLttcoD9kms7P4m7JRV_Rw","https://lh3.googleusercontent.com/umsh/AN6v0v6IaZMOjolXpa9mRyvOQ2SBAy5ey7HdJ-hni6b67w7Ieew9gJRF6diYPZQ-Z4JZhnXZo1l3pLtPirl_NSLbF4gwBvrO5BGcsHsw3ZSHcPDWKPWROFqkPChdUwgC_r-lPc4PHJCQiXnQ5bXVU47ib_nG3q4UdRmI4tJGYZ2VkdycjJrgos66A6O3rnpNpcavZJkf-ehMCKChqxzvht3xjbdfhzwAi_TzfRGNvwnkkw7gWpAdyfYfhBcg4nbEeULP5JduXGUgK2WB36QSKv69Ke9mHD9WPypvw30eSCqbWR6Nxf3pl45zAL0cmJ2g41b1Z-VtWyvZTuWzzlkuCV-UBrHT4kQgNs5Hc83L6bPkdCCdu0JfzQojHqtNFpibFfOv_rSR4N1jcQELn9YzCP7baDq72Z5ElI5IsRBYkMhPo78sCRgKSdBrXWQ0IK7dpljCN5IHT5uehsKCcB3nOy_L27lD3pOodgVUBh_sP6S08dbHp0ClQzjRLWxJdE_0ZCJpgELe6Oq3AFV6DWFS46HEXBcVYT2AZ61oUgjJHJKLC4TNrNZALhL0Cn3g-jGFa4j6bXnU1fY54Wn5b-WVCRetrkkvSAMv6tcUsOdDZ9BwUYXrQvw3YZKUt4ucWoxlfNZlzbeqfOej40tIWWbfbvu5S51-6AjbD7fuoYz56MUrkPo_WIlCzbyXsUZ2PqV84kjqM9-4XwIR6Gw"]</value></Data></ExtendedData><Point><coordinates>13.1771649,32.8987936,0</coordinates></Point></Placemark><Placemark><name>جامع شايب العين</name><description>&lt;div class="atlas-popup" dir="rtl"&gt;&lt;h3&gt;جامع شايب العين&lt;/h3&gt;&lt;div class="atlas-popup-gallery"&gt;&lt;img src="https://lh3.googleusercontent.com/umsh/AN6v0v5jO2dRyvlCRnJ2Lk712i0bUmKCLN2AAwNjO9haarLRycS_MwIjCA4foOFUOiO4h6-OSMGoLoMOApt1l5BYIO4BAQ3RvT6m1Envsv4VSL5ftC9cUhDX91a-PK1Q4SFo0PAb3ssq-o6DQg_bJsXRHkAstSqZYj8ETktrUXLYnxIoPDGucHOFfq4c1sULYOMZf27FTimL1Fah832784goNP2gVQelk-1BkEAz5GnrXOF4bwibtuW7RcG-3125QUUy5Knop3UdiKfWAZKWQVOJwRP4FYbXdfUFSPcPa-6jZE6AHJMKUqMRm16xh-xEnXgxKz9k8t6xHpMocAO_vYNktoSVsyLzzz7LMWGw8-WdMBHPLTLrSCLcsajyFwpHvrtkplRe5YaPG6UAiiZCT0PTcnjGXaon4R0n4syLLKimRkEdw8PdVIpYfrP8_Klrb7bLY3as0oX5pUboAZ19GPNDml706Xy4tp7hsttiMJPOVrIq2KIIG5x8jmpHQ9pnX3uqTxV4E3czbE32N4Ir0o_ijiPfuoXj1X7QXRZwL2ojoLQX8Aj2FnY88hVE4o0pRobhg6LTodfGKTKhsbCSigzwmuuKTd-9yTJfeAivEPBjD6wq2wsZpvnaoxXB9i0D-ub5NcGhC0ql5PZQfyOJo2Qv_tvIIiXdix52TOgcvnwPZcUdMVN8OXLUdPjRoOJQma0hb8Rwqa2ym48" alt="جامع شايب العين" loading="lazy" class="atlas-popup-image"&gt;&lt;img src="https://mymaps.usercontent.google.com/hostedimage/m/*/3AAjQbR7_83e0JflVP7eQIsXUTuVAjy__TgID5o8sddLMR30Tx7U93oUJK8r6D31M0kNw_pVGmbbqrp8dB4ODaIbjhrO8YTpw8jKw_nDif4GBFDXosv0PctpxcygyBHFcVLtFKiUtK0opse4JqvzBLQGvzxJ4g_VNl9GLV0eyEOl8MBtcuCGR71BssKVM3GaMdObsNQFuOy7LCwxDvBdyzaWOEerx2O44Hdx9A3g6a5a4Qggtq-dK7Cjv0bF-3GU?authuser=1&amp;amp;fife=s16383" alt="جامع شايب العين" loading="lazy" class="atlas-popup-image"&gt;&lt;img src="https://mymaps.usercontent.google.com/hostedimage/m/*/3AAjQbR6khIIuhW4ylwqhjqccWYpca7lvxrZbbczrzo7Y4_UtgKoNueQGfnXYhRQmIs6XBq_qZgUQgFOUXv_9_q9rox35aSUCAHCsQnBeQc_CSf53NugaN1nByxMBvXVjdkCXhwEgMl7dh55kZm7w_ZHmTmNbHlrU_GwqvKW6uVp3c7GOeKacZsFppmNoIfiKV3jzjBi-3grCW2ZN0t_vZJWFb1hHoFGpKDgXvQhW6_XGnnmpqleHUQHYOq45Yq8?authuser=1&amp;amp;fife=s16383" alt="جامع شايب العين" loading="lazy" class="atlas-popup-image"&gt;&lt;/div&gt;&lt;div class="atlas-popup-details"&gt;&lt;div&gt;&lt;strong&gt;الاسم بالإنجليزية:&lt;/strong&gt; Jama&amp;#x27; Sha&amp;#x27;eb Aleen&lt;/div&gt;&lt;div&gt;&lt;strong&gt;التصنيف:&lt;/strong&gt; مسجد&lt;/div&gt;&lt;div&gt;&lt;strong&gt;العنوان:&lt;/strong&gt; طرابلس/المدينة القديمة&lt;/div&gt;&lt;div&gt;&lt;strong&gt;الوصف:&lt;/strong&gt; جامع شايب العين&lt;/div&gt;&lt;/div&gt;&lt;/div&gt;</description><ExtendedData><Data name="atlas_id"><value>LY-OLD-TRIPOLI-00069</value></Data><Data name="name_en"><value>Jama' Sha'eb Aleen</value></Data><Data name="category"><value>مسجد</value></Data><Data name="address"><value>طرابلس/المدينة القديمة</value></Data><Data name="description"><value>جامع شايب العين</value></Data><Data name="image_count"><value>3</value></Data><Data name="source_file"><value>المدينة القديمة _طرابلس.kml</value></Data><Data name="images_json"><value>["/assets/images/old-tripoli/old-tripoli-LY-OLD-TRIPOLI-00069-01.png","/assets/images/old-tripoli/old-tripoli-LY-OLD-TRIPOLI-00069-02.png","/assets/images/old-tripoli/old-tripoli-LY-OLD-TRIPOLI-00069-03.png"]</value></Data><Data name="atlas_id"><value>LY-OLD-TRIPOLI-00069</value></Data><Data name="image_count"><value>3</value></Data><Data name="source_file"><value>المدينة القديمة _طرابلس.kml</value></Data><Data name="images_json"><value>["/assets/images/old-tripoli/old-tripoli-LY-OLD-TRIPOLI-00069-01.png","/assets/images/old-tripoli/old-tripoli-LY-OLD-TRIPOLI-00069-02.png","/assets/images/old-tripoli/old-tripoli-LY-OLD-TRIPOLI-00069-03.png"]</value></Data><Data name="atlas_id"><value>LY-TRI-000069</value></Data><Data name="layer_id"><value>old-tripoli</value></Data><Data name="layer_name_ar"><value>المدينة القديمة طرابلس</value></Data><Data name="layer_name_en"><value>Old Tripoli</value></Data><Data name="name_ar"><value>جامع شايب العين</value></Data><Data name="latitude"><value>32.897122</value></Data><Data name="longitude"><value>13.178114</value></Data><Data name="images_json"><value>["/assets/images/old-tripoli/old-tripoli-LY-OLD-TRIPOLI-00069-01.png","/assets/images/old-tripoli/old-tripoli-LY-OLD-TRIPOLI-00069-02.png","/assets/images/old-tripoli/old-tripoli-LY-OLD-TRIPOLI-00069-03.png"]</value></Data><Data name="image_count"><value>3</value></Data><Data name="source_file"><value>developed/old-tripoli-developed.kml</value></Data><Data name="source_placemark_index"><value>69</value></Data><Data name="data_quality_status"><value>ok</value></Data><Data name="source_media_url"><value>["https://lh3.googleusercontent.com/umsh/AN6v0v5jO2dRyvlCRnJ2Lk712i0bUmKCLN2AAwNjO9haarLRycS_MwIjCA4foOFUOiO4h6-OSMGoLoMOApt1l5BYIO4BAQ3RvT6m1Envsv4VSL5ftC9cUhDX91a-PK1Q4SFo0PAb3ssq-o6DQg_bJsXRHkAstSqZYj8ETktrUXLYnxIoPDGucHOFfq4c1sULYOMZf27FTimL1Fah832784goNP2gVQelk-1BkEAz5GnrXOF4bwibtuW7RcG-3125QUUy5Knop3UdiKfWAZKWQVOJwRP4FYbXdfUFSPcPa-6jZE6AHJMKUqMRm16xh-xEnXgxKz9k8t6xHpMocAO_vYNktoSVsyLzzz7LMWGw8-WdMBHPLTLrSCLcsajyFwpHvrtkplRe5YaPG6UAiiZCT0PTcnjGXaon4R0n4syLLKimRkEdw8PdVIpYfrP8_Klrb7bLY3as0oX5pUboAZ19GPNDml706Xy4tp7hsttiMJPOVrIq2KIIG5x8jmpHQ9pnX3uqTxV4E3czbE32N4Ir0o_ijiPfuoXj1X7QXRZwL2ojoLQX8Aj2FnY88hVE4o0pRobhg6LTodfGKTKhsbCSigzwmuuKTd-9yTJfeAivEPBjD6wq2wsZpvnaoxXB9i0D-ub5NcGhC0ql5PZQfyOJo2Qv_tvIIiXdix52TOgcvnwPZcUdMVN8OXLUdPjRoOJQma0hb8Rwqa2ym48","https://mymaps.usercontent.google.com/hostedimage/m/*/3AAjQbR7_83e0JflVP7eQIsXUTuVAjy__TgID5o8sddLMR30Tx7U93oUJK8r6D31M0kNw_pVGmbbqrp8dB4ODaIbjhrO8YTpw8jKw_nDif4GBFDXosv0PctpxcygyBHFcVLtFKiUtK0opse4JqvzBLQGvzxJ4g_VNl9GLV0eyEOl8MBtcuCGR71BssKVM3GaMdObsNQFuOy7LCwxDvBdyzaWOEerx2O44Hdx9A3g6a5a4Qggtq-dK7Cjv0bF-3GU?authuser=1&amp;fife=s16383","https://mymaps.usercontent.google.com/hostedimage/m/*/3AAjQbR6khIIuhW4ylwqhjqccWYpca7lvxrZbbczrzo7Y4_UtgKoNueQGfnXYhRQmIs6XBq_qZgUQgFOUXv_9_q9rox35aSUCAHCsQnBeQc_CSf53NugaN1nByxMBvXVjdkCXhwEgMl7dh55kZm7w_ZHmTmNbHlrU_GwqvKW6uVp3c7GOeKacZsFppmNoIfiKV3jzjBi-3grCW2ZN0t_vZJWFb1hHoFGpKDgXvQhW6_XGnnmpqleHUQHYOq45Yq8?authuser=1&amp;fife=s16383"]</value></Data></ExtendedData><Point><coordinates>13.178114,32.897122,0</coordinates></Point></Placemark><Placemark><name>جامع الدروج</name><description>&lt;div class="atlas-popup" dir="rtl"&gt;&lt;h3&gt;جامع الدروج&lt;/h3&gt;&lt;div class="atlas-popup-gallery"&gt;&lt;img src="https://lh3.googleusercontent.com/umsh/AN6v0v7lmeJMNxas3IkETvR1xHS5ksjTZuBJ-oysBsKhrXXl6xSblpDD5aGuFljZXJgyHw3SwIczPF-413uIbBvIbmhqLvTSifnQawXcTwBALokhZrJ_5EkMisUgv_zGRt_MoVaayveAelcZY9ACkZlyWFpcQPdko9QRPi-ny5g9Gc30Z5djJ_4h_NPQn3-62eYZAlSR9cictowtn_uQTWAaThp3wQaAJMAcgOoLgzVuV4g7nkhsc_mW4tC5UX8toXtJ9VwdPSwJK339JyPHwdhqRoUkWDmqGL1Pquj3h9K5YLRJmNXdkIGXGYSZ67omKpgJ17cbCsTWwvSXUvtnPo_Dxkdw10tO5QnPYf8eJBdXxxrPE54IJD1ZO4o6v8t793hUpzDtrJ1JHphHJP3t1Vr6cQYD2wbVuT8JMb0pqoN6H2zlOOCmmTHTqDiX6DkE_8T0S5iQI32LHDRb5zLBt_fOC5D8_Eehab7AZbhtkPJKtAUEVOh2JbK79YSUCHRYdawFaVeRTbxw0qGv99NaHcwx16pi85OX1N0zHcsGeDDMoCk-dULeBoMKp7UI5EuW9WCnmkHjV1Aki_JKBBkP1X6KcHIoJajjWgOjJkrm8v8yQF9YE1aqeRqueAillLfeAnvMm6iHDdLlhGv2eSmZaePo3iQgFakYnjHTsVs1w2EbWtzhQNadBjjpJDMDG5rOmSOoulRHvCcDbQ" alt="جامع الدروج" loading="lazy" class="atlas-popup-image"&gt;&lt;img src="https://lh3.googleusercontent.com/umsh/AN6v0v58zo4dr0tyCGduPbVrSeeuQMUu0LqiJJiulIUbkVuV_GeuqxT5LCFDT_LgZMvUKahoPPY7shAw7oaNYrMuakszKnd_aHR1g47Mu-Q_AoHxLKX4QAVPfIWRkpPtDkssD2a0X2Q4UDpyOsFg1bQosih9tLQc7cy9kv3PE6WcL2M9wIck0EdaSVlzoIcdK4FfxRpoD1SJeC9nGtL7Qleamt7v-tjOLmcJFq8wRXIkGjObYJ-uUzahgSnbY5avhw99t8Fu9Hn2cYgEMwX51L-zFjMdqRPzIyUEMOQu0RSOHDXDcZjP1lWrgju2taoQGXO63kRyKwzBa_mUhvAHzf1hUPpN--8XCDMjXh1Mf3x2NoWRYjxdOEO_4puvvR7Z4fnB1djKe1zEVapDwGuThbIegnXDWVL2CaUfvGaEM2kb7weAkmMXT5GpBFkfon9SFAymYEDtHCsuvDOvaWou-2hIG5Evv71SB9lxIWfJ8uXfmPm59yt52NuloucqWsn8_EMcdfyn5VB2-Xh8zawB8zZFS0i4wJsaJk0D5XowlZ98pr_84lszrmyB9GQmXS6KsENLaP7yykqkiG7c5ytCStFePgji9xAlo5snBULmQCsofW1hNfn2RgJ8IM_GQZkkNcB9uZ6vu4ZE7OFrZah_T5g3Lf6JkM_Y7IsShnoR9bsVFeupgIn7wtBvyAuR-FyWACf20hbGro7SNA" alt="جامع الدروج" loading="lazy" class="atlas-popup-image"&gt;&lt;img src="https://lh3.googleusercontent.com/umsh/AN6v0v71rksv5V6ex66qiV_e-WynQaGChVK-8ND-fMHxCX1VgCXgkLBBcgFKRVzqvXHEcWRUxthn4r0Fi73DyCmrzd55YeHw1wDN9dbnlebCpXLR0XvkJmdhZJgtljkIulm9CRPMUMFtKlbk5MS27qIbL468SdGLZFJP-7R2j7GPcEPNTFnza8eN3StshBCX4FFL5Z4JwdwZ39ovL04CYbCTcUi4XoVbngXuEtJj6oXyj-Bzve_W--HB1v9blt21TwsS0RuAt33RkN73ENCg8aLnV3Z1C1k9gd0yomeNh5tsGptM1o1nys3Dq2KCHcGPRXTil1P1mYWEEihI_IzJuTDGSeAPf85A2sC-UiezCAmQrLl735syqiOI_yKAIRJOPpq_AzEAjgToPSR674DXA2X7sCM8TbZSDtCt_GggcrJWKfKKjtV1RGSM4ij_D_bN4lICXU1McNBXRl1ZR5rNn_TuJ2zch996_9Uact6OHH4zAdEx9L2tXzqeYA9Feg5IP-y4OSo8hzqjZph_hIrmu_AOVltHSnKxgLYtdiYhsrrtX-foocyIYCanTOdy12B1pin3zZW1I89n1TolaSgSywX4GmluyTLSI-y_LqeiD4N-RcI5Bn6AGozrRLHzglZhA5kraEcGqY43DxtswJ2aMU3v8aUlIcd5K8vbzV0lFi3SkxIAJteInfc0YuEdfmWKRWVhz5C1rHTfTMU" alt="جامع الدروج" loading="lazy" class="atlas-popup-image"&gt;&lt;/div&gt;&lt;div class="atlas-popup-details"&gt;&lt;div&gt;&lt;strong&gt;الاسم بالإنجليزية:&lt;/strong&gt; Jam&amp;#x27;a El Drouj&lt;/div&gt;&lt;div&gt;&lt;strong&gt;التصنيف:&lt;/strong&gt; معلم اثري تاريخي ديني&lt;/div&gt;&lt;div&gt;&lt;strong&gt;العنوان:&lt;/strong&gt; طرابلس/المدينة القديمة&lt;/div&gt;&lt;div&gt;&lt;strong&gt;الوصف:&lt;/strong&gt; جامع الدروج&lt;/div&gt;&lt;/div&gt;&lt;/div&gt;</description><ExtendedData><Data name="atlas_id"><value>LY-OLD-TRIPOLI-00070</value></Data><Data name="name_en"><value>Jam'a El Drouj</value></Data><Data name="category"><value>معلم اثري تاريخي ديني</value></Data><Data name="address"><value>طرابلس/المدينة القديمة</value></Data><Data name="description"><value>جامع الدروج</value></Data><Data name="image_count"><value>3</value></Data><Data name="source_file"><value>المدينة القديمة _طرابلس.kml</value></Data><Data name="images_json"><value>["/assets/images/old-tripoli/old-tripoli-LY-OLD-TRIPOLI-00070-01.png","/assets/images/old-tripoli/old-tripoli-LY-OLD-TRIPOLI-00070-02.png","/assets/images/old-tripoli/old-tripoli-LY-OLD-TRIPOLI-00070-03.png"]</value></Data><Data name="atlas_id"><value>LY-OLD-TRIPOLI-00070</value></Data><Data name="image_count"><value>3</value></Data><Data name="source_file"><value>المدينة القديمة _طرابلس.kml</value></Data><Data name="images_json"><value>["/assets/images/old-tripoli/old-tripoli-LY-OLD-TRIPOLI-00070-01.png","/assets/images/old-tripoli/old-tripoli-LY-OLD-TRIPOLI-00070-02.png","/assets/images/old-tripoli/old-tripoli-LY-OLD-TRIPOLI-00070-03.png"]</value></Data><Data name="atlas_id"><value>LY-TRI-000070</value></Data><Data name="layer_id"><value>old-tripoli</value></Data><Data name="layer_name_ar"><value>المدينة القديمة طرابلس</value></Data><Data name="layer_name_en"><value>Old Tripoli</value></Data><Data name="name_ar"><value>جامع الدروج</value></Data><Data name="latitude"><value>32.8962718</value></Data><Data name="longitude"><value>13.1774526</value></Data><Data name="images_json"><value>["/assets/images/old-tripoli/old-tripoli-LY-OLD-TRIPOLI-00070-01.png","/assets/images/old-tripoli/old-tripoli-LY-OLD-TRIPOLI-00070-02.png","/assets/images/old-tripoli/old-tripoli-LY-OLD-TRIPOLI-00070-03.png"]</value></Data><Data name="image_count"><value>3</value></Data><Data name="source_file"><value>developed/old-tripoli-developed.kml</value></Data><Data name="source_placemark_index"><value>70</value></Data><Data name="data_quality_status"><value>ok</value></Data><Data name="source_media_url"><value>["https://lh3.googleusercontent.com/umsh/AN6v0v7lmeJMNxas3IkETvR1xHS5ksjTZuBJ-oysBsKhrXXl6xSblpDD5aGuFljZXJgyHw3SwIczPF-413uIbBvIbmhqLvTSifnQawXcTwBALokhZrJ_5EkMisUgv_zGRt_MoVaayveAelcZY9ACkZlyWFpcQPdko9QRPi-ny5g9Gc30Z5djJ_4h_NPQn3-62eYZAlSR9cictowtn_uQTWAaThp3wQaAJMAcgOoLgzVuV4g7nkhsc_mW4tC5UX8toXtJ9VwdPSwJK339JyPHwdhqRoUkWDmqGL1Pquj3h9K5YLRJmNXdkIGXGYSZ67omKpgJ17cbCsTWwvSXUvtnPo_Dxkdw10tO5QnPYf8eJBdXxxrPE54IJD1ZO4o6v8t793hUpzDtrJ1JHphHJP3t1Vr6cQYD2wbVuT8JMb0pqoN6H2zlOOCmmTHTqDiX6DkE_8T0S5iQI32LHDRb5zLBt_fOC5D8_Eehab7AZbhtkPJKtAUEVOh2JbK79YSUCHRYdawFaVeRTbxw0qGv99NaHcwx16pi85OX1N0zHcsGeDDMoCk-dULeBoMKp7UI5EuW9WCnmkHjV1Aki_JKBBkP1X6KcHIoJajjWgOjJkrm8v8yQF9YE1aqeRqueAillLfeAnvMm6iHDdLlhGv2eSmZaePo3iQgFakYnjHTsVs1w2EbWtzhQNadBjjpJDMDG5rOmSOoulRHvCcDbQ","https://lh3.googleusercontent.com/umsh/AN6v0v58zo4dr0tyCGduPbVrSeeuQMUu0LqiJJiulIUbkVuV_GeuqxT5LCFDT_LgZMvUKahoPPY7shAw7oaNYrMuakszKnd_aHR1g47Mu-Q_AoHxLKX4QAVPfIWRkpPtDkssD2a0X2Q4UDpyOsFg1bQosih9tLQc7cy9kv3PE6WcL2M9wIck0EdaSVlzoIcdK4FfxRpoD1SJeC9nGtL7Qleamt7v-tjOLmcJFq8wRXIkGjObYJ-uUzahgSnbY5avhw99t8Fu9Hn2cYgEMwX51L-zFjMdqRPzIyUEMOQu0RSOHDXDcZjP1lWrgju2taoQGXO63kRyKwzBa_mUhvAHzf1hUPpN--8XCDMjXh1Mf3x2NoWRYjxdOEO_4puvvR7Z4fnB1djKe1zEVapDwGuThbIegnXDWVL2CaUfvGaEM2kb7weAkmMXT5GpBFkfon9SFAymYEDtHCsuvDOvaWou-2hIG5Evv71SB9lxIWfJ8uXfmPm59yt52NuloucqWsn8_EMcdfyn5VB2-Xh8zawB8zZFS0i4wJsaJk0D5XowlZ98pr_84lszrmyB9GQmXS6KsENLaP7yykqkiG7c5ytCStFePgji9xAlo5snBULmQCsofW1hNfn2RgJ8IM_GQZkkNcB9uZ6vu4ZE7OFrZah_T5g3Lf6JkM_Y7IsShnoR9bsVFeupgIn7wtBvyAuR-FyWACf20hbGro7SNA","https://lh3.googleusercontent.com/umsh/AN6v0v71rksv5V6ex66qiV_e-WynQaGChVK-8ND-fMHxCX1VgCXgkLBBcgFKRVzqvXHEcWRUxthn4r0Fi73DyCmrzd55YeHw1wDN9dbnlebCpXLR0XvkJmdhZJgtljkIulm9CRPMUMFtKlbk5MS27qIbL468SdGLZFJP-7R2j7GPcEPNTFnza8eN3StshBCX4FFL5Z4JwdwZ39ovL04CYbCTcUi4XoVbngXuEtJj6oXyj-Bzve_W--HB1v9blt21TwsS0RuAt33RkN73ENCg8aLnV3Z1C1k9gd0yomeNh5tsGptM1o1nys3Dq2KCHcGPRXTil1P1mYWEEihI_IzJuTDGSeAPf85A2sC-UiezCAmQrLl735syqiOI_yKAIRJOPpq_AzEAjgToPSR674DXA2X7sCM8TbZSDtCt_GggcrJWKfKKjtV1RGSM4ij_D_bN4lICXU1McNBXRl1ZR5rNn_TuJ2zch996_9Uact6OHH4zAdEx9L2tXzqeYA9Feg5IP-y4OSo8hzqjZph_hIrmu_AOVltHSnKxgLYtdiYhsrrtX-foocyIYCanTOdy12B1pin3zZW1I89n1TolaSgSywX4GmluyTLSI-y_LqeiD4N-RcI5Bn6AGozrRLHzglZhA5kraEcGqY43DxtswJ2aMU3v8aUlIcd5K8vbzV0lFi3SkxIAJteInfc0YuEdfmWKRWVhz5C1rHTfTMU"]</value></Data></ExtendedData><Point><coordinates>13.1774526,32.8962718,0</coordinates></Point></Placemark><Placemark><name>جامع محمود خزنا دار</name><description>&lt;div class="atlas-popup" dir="rtl"&gt;&lt;h3&gt;جامع محمود خزنا دار&lt;/h3&gt;&lt;div class="atlas-popup-gallery"&gt;&lt;img src="https://mymaps.usercontent.google.com/hostedimage/m/*/3AAjQbR7QbFPWHVJH525_KnCQ6yy8OT7hzX7-KzsfvwyZDEnloITCP9XgO6NeI2JJo2UBSK4BupdoU5G9T_EbU6gOGKrD_hx_1jlJoNW-KJTrBGlRrNeTW7Uk3UOszELM6L6NBwPZpquhOjfngTtHRH2cPU5X1e6IpL_UMu0mJsnCtOI4ZZCePVuh-J_Az6dVJ_rU3lR9rmMNpggrtsBnAeCegscWpKv8dtWwI8XcgI-K9gx4_5xmQEqf5-PSC98?authuser=1&amp;amp;fife=s16383" alt="جامع محمود خزنا دار" loading="lazy" class="atlas-popup-image"&gt;&lt;img src="https://mymaps.usercontent.google.com/hostedimage/m/*/3AAjQbR4udAFzRmr-DIXDDaLlbAu4JeWULO22IepPZ3sxSYkjD436A4Z6UkPf_PYSiNe6zJHn1KHQKuIipJCdjR7nMTuC1nStTm38et_6hkCa6uWkmqexLU5WOU5Ylv9OaqPFY9tVCFlvPGaltoRJPqUjcdJC65G8ATrLsO_ZaFoKAHdzWpabRQUHkqb4Ozdoq_buXVYX1fff130KEL30wtjxAfJOV3XdlJpwdH744kWy-If9ZZhYYTI6FrBJCcc?authuser=1&amp;amp;fife=s16383" alt="جامع محمود خزنا دار" loading="lazy" class="atlas-popup-image"&gt;&lt;img src="https://mymaps.usercontent.google.com/hostedimage/m/*/3AAjQbR6w9qcWsNFsb-tzmv7Yldw2graRediL3_sz_pGqlbcKxJo0wVvs5yzOCWmUZ60eIg6tjuOBexY5BzdEah4B5rLuuBnKoFqKu7b9Z8fuBQcEjanrBmGr5vand5rDOWX78c_igs8CP9o0jA_yM9y3X1h23zBi9AGxaPPSJDzUqMASChTMm1FhYRhb3bPYRoGiI9x7wrucBRtiNbEfXb97i5Ecsrw2sjc_czWlWbkA0vLwfelr4sZ7ytUj0sA?authuser=1&amp;amp;fife=s16383" alt="جامع محمود خزنا دار" loading="lazy" class="atlas-popup-image"&gt;&lt;img src="https://mymaps.usercontent.google.com/hostedimage/m/*/3AAjQbR6YyxYIQIDMkT_bdEV7JHUGZBlAF69ySy0Z7FE-mRCzXNusOyMgyh_6mORguUno8RdQ8HmVLvf-YG_KatpIJQYngAntzAPrEnotFXV3GMvMC_LmautO0lpfnGVQvmQdqTox8VLpNN4p7n28xQYidkvbqGS5H65Djc46BXCn1ycPv4UHwCXOA7g-4uH1MTUCq6xX4lLAAddbZmtFPO7QtVt9_1zZxHGflX3aP1OALCfun2eUREUH7ZEyuA0?authuser=1&amp;amp;fife=s16383" alt="جامع محمود خزنا دار" loading="lazy" class="atlas-popup-image"&gt;&lt;/div&gt;&lt;div class="atlas-popup-details"&gt;&lt;div&gt;&lt;strong&gt;الاسم بالإنجليزية:&lt;/strong&gt; Mahmoud Mosque&lt;/div&gt;&lt;div&gt;&lt;strong&gt;التصنيف:&lt;/strong&gt; جامع&lt;/div&gt;&lt;div&gt;&lt;strong&gt;العنوان:&lt;/strong&gt; طرابلس/المدينة القديمة&lt;/div&gt;&lt;div&gt;&lt;strong&gt;الوصف:&lt;/strong&gt; جامع محمود خزنا دار&lt;/div&gt;&lt;/div&gt;&lt;/div&gt;</description><ExtendedData><Data name="atlas_id"><value>LY-OLD-TRIPOLI-00071</value></Data><Data name="name_en"><value>Mahmoud Mosque</value></Data><Data name="category"><value>جامع</value></Data><Data name="address"><value>طرابلس/المدينة القديمة</value></Data><Data name="description"><value>جامع محمود خزنا دار</value></Data><Data name="image_count"><value>4</value></Data><Data name="source_file"><value>المدينة القديمة _طرابلس.kml</value></Data><Data name="images_json"><value>["/assets/images/old-tripoli/old-tripoli-LY-OLD-TRIPOLI-00071-01.png","/assets/images/old-tripoli/old-tripoli-LY-OLD-TRIPOLI-00071-02.png","/assets/images/old-tripoli/old-tripoli-LY-OLD-TRIPOLI-00071-03.png","/assets/images/old-tripoli/old-tripoli-LY-OLD-TRIPOLI-00071-04.png"]</value></Data><Data name="atlas_id"><value>LY-OLD-TRIPOLI-00071</value></Data><Data name="image_count"><value>4</value></Data><Data name="source_file"><value>المدينة القديمة _طرابلس.kml</value></Data><Data name="images_json"><value>["/assets/images/old-tripoli/old-tripoli-LY-OLD-TRIPOLI-00071-01.png","/assets/images/old-tripoli/old-tripoli-LY-OLD-TRIPOLI-00071-02.png","/assets/images/old-tripoli/old-tripoli-LY-OLD-TRIPOLI-00071-03.png","/assets/images/old-tripoli/old-tripoli-LY-OLD-TRIPOLI-00071-04.png"]</value></Data><Data name="atlas_id"><value>LY-TRI-000071</value></Data><Data name="layer_id"><value>old-tripoli</value></Data><Data name="layer_name_ar"><value>المدينة القديمة طرابلس</value></Data><Data name="layer_name_en"><value>Old Tripoli</value></Data><Data name="name_ar"><value>جامع محمود خزنا دار</value></Data><Data name="latitude"><value>32.898146</value></Data><Data name="longitude"><value>13.174657</value></Data><Data name="images_json"><value>["/assets/images/old-tripoli/old-tripoli-LY-OLD-TRIPOLI-00071-01.png","/assets/images/old-tripoli/old-tripoli-LY-OLD-TRIPOLI-00071-02.png","/assets/images/old-tripoli/old-tripoli-LY-OLD-TRIPOLI-00071-03.png","/assets/images/old-tripoli/old-tripoli-LY-OLD-TRIPOLI-00071-04.png"]</value></Data><Data name="image_count"><value>4</value></Data><Data name="source_file"><value>developed/old-tripoli-developed.kml</value></Data><Data name="source_placemark_index"><value>71</value></Data><Data name="data_quality_status"><value>ok</value></Data><Data name="source_media_url"><value>["https://mymaps.usercontent.google.com/hostedimage/m/*/3AAjQbR7QbFPWHVJH525_KnCQ6yy8OT7hzX7-KzsfvwyZDEnloITCP9XgO6NeI2JJo2UBSK4BupdoU5G9T_EbU6gOGKrD_hx_1jlJoNW-KJTrBGlRrNeTW7Uk3UOszELM6L6NBwPZpquhOjfngTtHRH2cPU5X1e6IpL_UMu0mJsnCtOI4ZZCePVuh-J_Az6dVJ_rU3lR9rmMNpggrtsBnAeCegscWpKv8dtWwI8XcgI-K9gx4_5xmQEqf5-PSC98?authuser=1&amp;fife=s16383","https://mymaps.usercontent.google.com/hostedimage/m/*/3AAjQbR4udAFzRmr-DIXDDaLlbAu4JeWULO22IepPZ3sxSYkjD436A4Z6UkPf_PYSiNe6zJHn1KHQKuIipJCdjR7nMTuC1nStTm38et_6hkCa6uWkmqexLU5WOU5Ylv9OaqPFY9tVCFlvPGaltoRJPqUjcdJC65G8ATrLsO_ZaFoKAHdzWpabRQUHkqb4Ozdoq_buXVYX1fff130KEL30wtjxAfJOV3XdlJpwdH744kWy-If9ZZhYYTI6FrBJCcc?authuser=1&amp;fife=s16383","https://mymaps.usercontent.google.com/hostedimage/m/*/3AAjQbR6w9qcWsNFsb-tzmv7Yldw2graRediL3_sz_pGqlbcKxJo0wVvs5yzOCWmUZ60eIg6tjuOBexY5BzdEah4B5rLuuBnKoFqKu7b9Z8fuBQcEjanrBmGr5vand5rDOWX78c_igs8CP9o0jA_yM9y3X1h23zBi9AGxaPPSJDzUqMASChTMm1FhYRhb3bPYRoGiI9x7wrucBRtiNbEfXb97i5Ecsrw2sjc_czWlWbkA0vLwfelr4sZ7ytUj0sA?authuser=1&amp;fife=s16383","https://mymaps.usercontent.google.com/hostedimage/m/*/3AAjQbR6YyxYIQIDMkT_bdEV7JHUGZBlAF69ySy0Z7FE-mRCzXNusOyMgyh_6mORguUno8RdQ8HmVLvf-YG_KatpIJQYngAntzAPrEnotFXV3GMvMC_LmautO0lpfnGVQvmQdqTox8VLpNN4p7n28xQYidkvbqGS5H65Djc46BXCn1ycPv4UHwCXOA7g-4uH1MTUCq6xX4lLAAddbZmtFPO7QtVt9_1zZxHGflX3aP1OALCfun2eUREUH7ZEyuA0?authuser=1&amp;fife=s16383"]</value></Data></ExtendedData><Point><coordinates>13.174657,32.898146,0</coordinates></Point></Placemark><Placemark><name>او بما يعرف مسجد السريا الحمراء مسجد القلعة</name><description>&lt;div class="atlas-popup" dir="rtl"&gt;&lt;h3&gt;او بما يعرف مسجد السريا الحمراء مسجد القلعة&lt;/h3&gt;&lt;div class="atlas-popup-gallery"&gt;&lt;/div&gt;&lt;div class="atlas-popup-details"&gt;&lt;div&gt;&lt;strong&gt;الاسم بالإنجليزية:&lt;/strong&gt; The Red Castle&lt;/div&gt;&lt;div&gt;&lt;strong&gt;التصنيف:&lt;/strong&gt; معلم اثري تاريخي&lt;/div&gt;&lt;div&gt;&lt;strong&gt;العنوان:&lt;/strong&gt; طرابلس/المدينة القديمة&lt;/div&gt;&lt;div&gt;&lt;strong&gt;الوصف:&lt;/strong&gt; مسجد القلعة&lt;/div&gt;&lt;/div&gt;&lt;/div&gt;</description><ExtendedData><Data name="atlas_id"><value>LY-OLD-TRIPOLI-00072</value></Data><Data name="name_en"><value>The Red Castle</value></Data><Data name="category"><value>معلم اثري تاريخي</value></Data><Data name="address"><value>طرابلس/المدينة القديمة</value></Data><Data name="description"><value>مسجد القلعة</value></Data><Data name="image_count"><value>0</value></Data><Data name="source_file"><value>المدينة القديمة _طرابلس.kml</value></Data><Data name="images_json"><value>[]</value></Data><Data name="atlas_id"><value>LY-OLD-TRIPOLI-00072</value></Data><Data name="image_count"><value>0</value></Data><Data name="source_file"><value>المدينة القديمة _طرابلس.kml</value></Data><Data name="images_json"><value>[]</value></Data><Data name="atlas_id"><value>LY-TRI-000072</value></Data><Data name="layer_id"><value>old-tripoli</value></Data><Data name="layer_name_ar"><value>المدينة القديمة طرابلس</value></Data><Data name="layer_name_en"><value>Old Tripoli</value></Data><Data name="name_ar"><value>او بما يعرف مسجد السريا الحمراء مسجد القلعة</value></Data><Data name="latitude"><value>32.896034</value></Data><Data name="longitude"><value>13.180364</value></Data><Data name="images_json"><value>[]</value></Data><Data name="image_count"><value>0</value></Data><Data name="source_file"><value>developed/old-tripoli-developed.kml</value></Data><Data name="source_placemark_index"><value>72</value></Data><Data name="data_quality_status"><value>missing_media</value></Data></ExtendedData><Point><coordinates>13.180364,32.896034,0</coordinates></Point></Placemark><Placemark><name>جامع أحمد باشا القرمانللي</name><description>&lt;div class="atlas-popup" dir="rtl"&gt;&lt;h3&gt;جامع أحمد باشا القرمانللي&lt;/h3&gt;&lt;div class="atlas-popup-gallery"&gt;&lt;img src="https://lh3.googleusercontent.com/umsh/AN6v0v4RaO35A6bbENgVBOrPThwP1LHhcYTSWmzKCTBj3iMbRz9ktN6oMP4DQWMYBojSGE7De7QSBcKeNoZhetyxU-6DWqV34m1lqrxrQpCU3iLTe_O4sxek16g69_1F9n9bE3l0KHUp8N1a6SHwbrdMcVJpVG6oUtPMqeCNb-Nfj2GeRO5VsyfXRaBTyJUaMkpfJeGAhm_dM1Cu0xvrw8KgdFeP95vFwVTPTtEr1alppyxnXhdZAuH1dcFW0nlo6WKfUI4cXw7i7YA93QoIGfpUj-gFGKPwQbKcIK5TLbLfAm-vZk7-j48TD9uzbTndqORT4AVgATInLxY6k7GITRH3MJgd67v8idso6EJq8SvR8Yux17QHxbkvU7oAMUPykt1RPz7nHreK5fLgaQ2AwXlzCZV5_xoSSmPMUKfnDve4LcY7PCn1VjVjWPzKEs2f1qX6HTOAhLkTTGrLk8-Ki6aZxbLhJC1InQdyiWGRrhRdYrSLfa0PkfiySC0MsrQBjqiIXWUNuSVDqFdHrtpEZ06gXwFwVi8En81tMdSRYYzC2PrJqcOhVDO06aTnw_Yd1XEMpcIn-7pD2ihatJ1_pb_W8E7RFULA9KM_mLWSUUJoDznhp3ybzsWaNBiUidK3O7zTU_DZGAEscI8KNkE2i7pBMFEG_Jr6sVOTYd55ZVii1hy9WtS7WU7M2lc4rGRJBZ2IubpTDEJdKNo" alt="جامع أحمد باشا القرمانللي" loading="lazy" class="atlas-popup-image"&gt;&lt;img src="https://lh3.googleusercontent.com/umsh/AN6v0v6B3aT1AV3w-f9ABSRnsw9razV0wFUHiNPBk5dW_LiN-KGdBQr6STt1Y1bRcT-T9iznD3WT8BvJekCpe1hbmn-ZKH2xzv5EUImpiP0hXNxhPXxj5X65sBJsyeS36QokiiA_rjyQuycOkOz_7FOaX8ZvwIbk-_WeosweidCmqlXGYMPyP64e2WPDAwpfM1kO85hpA54q26zszDo3CFHulGscTOsFJH3OZ1pM7Fe6qRM3hLIrertRRFKu4CGvINs_coCeVk5atBq_qIfwOVd5FAMAeMYWPoHWi8hXhHPl9aywIt9cIr6tQht0eqYB18Z8v-frpjyuI2IpsVcAqgBHaokXLhrUOstfUgUyon-xsrYjXPXUU-hV2MPmoqe70fAXp1tPxzGm8lHRxOaaBLVgVV1sBaOJE_fyj9vYqomylSWw6sW_s-JB6SpIMuWD0AywiCSkRVbvmpOO2XUnO4sTh3l7x3rQjKbyjt-slxuDP9KbxBVpi8Y58SgS-8olSvrEDagiCx86C3UDYNlH-WpLNMXskHvL4f66f3o1nRk1ym-gLaxpHzw9tP35P5Z9gKxA8dejQyRbsrnULbZZKQFxheKp0j8-QpOQIBkKxF9F_9mx5nq1EMoXJa9odwBfgkTA5vMxLFTi-0re1D4DnFLgxhmVHMLwVYUqHuxmGf7GqzKJUpVygUsm4CcIY1ZU0WNEy4Agat8TyUQ" alt="جامع أحمد باشا القرمانللي" loading="lazy" class="atlas-popup-image"&gt;&lt;img src="https://lh3.googleusercontent.com/umsh/AN6v0v4hbwyYGMiEcNOFcHZzKFpbvytvjtP29iAmaQD671tshx208fpAYTD_YGnM0BMBjuMyrPFnsQpBcyn3Jt3Ia0368HVZJn-2jB3dDJ1XvXMgiLtkd04NrJ3BK4WJfDZfkVfNOfNinaRrL2SCDJ1CwsQFImFQKQPwVx_cYPWPJ-vr-eRi0p7nnrbNGcieVMD8THn5jdZpJ1qIaH8XYyUBFhoUc7058nW-krQG1QHUawlyVggMIomK3_doeERPDa5Tb86kMGKQ09Lo7XxuC14bv8OlZJ60bYa_0nyK1rFOZSaEG4wqwfTLaFadjqxn7CsRjBvu0r6ZGEZbrlhL4ULkGeroSXLqIkzqXFnRm5trd9Ms-XntntmHaeUCX0CQfrpbwnbFdS6CWt9wgv2_0ZTDjpLG6Id33LSB3GtUfGayHrgQqYTu63odjF2mLJ5pLBkoDuaNkNYKF7f2eoAhkC7hEoYgg5xbH3A1ZNC3LNogmeHjVb-JDFIJUHMbjX4rpDzU-Eg5WnNmxdzN0ffRO_guqnOYX1QEZ36gduJr9I-7xgZZIkiCOIMSw37ZupCfxb_0Zk2eJBNX4UiWWEts3BC7r-CrW3dmpcGkjUAcP7YIS1UV2594fDiZE-49XaSfYOP3TogJzH99-9ey5Ic0eeCDZouHHpv_wNjvkX60La2cQo5S-Ox-UV3LIb1RDZ1aD6mxYM-zMlHoYQ" alt="جامع أحمد باشا القرمانللي" loading="lazy" class="atlas-popup-image"&gt;&lt;img src="https://lh3.googleusercontent.com/umsh/AN6v0v7MZ4voWfPKqzAtzGQQGFIwcXMmgCTJH71MhkmLUV4krKJ6dT2eMguFu27n5qk7zP7JSM4wFB4jCS7kmVq1OLeHU8CR3HtF7G7KQol_WU13ho4Xm1vUdHeMq1lw_jUWC1ZxwHO4csPSQLqcE3E8DXrL1NPe0clmJJxez-8zQJ7ZcPnJCVwHTQ3k89BKcPJv0uOKXJ8ksIgjvUzOcWVpollPnsbvzOD-2snH01xDFcfnXqcGbFjoiFbwJ39oU0W4ANMSeJqsyH2q0pxqlqFTZUGM_uQrS0EEAC8uThr3NAtQlieiEJ1D5h_mquy7uShXI-qf1tfn-uMPzjrs6mNQmrdDI9nCUhd8hOWjmK_Ld9zPDkdyClCX0yBQaS-iFC9p4yXVn_2TiVYeg9_iyk5Z7np15bSrfF0PCRvJRw3_JC11c2XxtNftzB9I-XyFauMF_w70x89vFGlAc8CcTHHUgHBO48X2J3pyrlyU7Ri1z1ZZgiClvZLa3rjHf9ls4_5md9DZanQWixrgr6l3PgvWtUPs5HRXIqNnwSzBl_gea9kgFzVnz8co0Saif7RXlB0THzmiSxRxcieXd580tocctK8oswc7se76r4bumHNPtH41fcVXHuCKeFn3FcM75d36LH98jPz0L1w3oyMSCAGO7F2JmMMbinOvTjtJo-rEr4M1ZX-iKx7rz2LG9mk8plV0BT2Mflt3bZs" alt="جامع أحمد باشا القرمانللي" loading="lazy" class="atlas-popup-image"&gt;&lt;/div&gt;&lt;div class="atlas-popup-details"&gt;&lt;div&gt;&lt;strong&gt;الاسم بالإنجليزية:&lt;/strong&gt; Ahmed Basha Mosque&lt;/div&gt;&lt;div&gt;&lt;strong&gt;التصنيف:&lt;/strong&gt; مسجد&lt;/div&gt;&lt;div&gt;&lt;strong&gt;العنوان:&lt;/strong&gt; طرابلس/المدينة القديمة&lt;/div&gt;&lt;div&gt;&lt;strong&gt;الوصف:&lt;/strong&gt; جامع أحمد باشا القرمانللي&lt;/div&gt;&lt;/div&gt;&lt;/div&gt;</description><ExtendedData><Data name="atlas_id"><value>LY-OLD-TRIPOLI-00073</value></Data><Data name="name_en"><value>Ahmed Basha Mosque</value></Data><Data name="category"><value>مسجد</value></Data><Data name="address"><value>طرابلس/المدينة القديمة</value></Data><Data name="description"><value>جامع أحمد باشا القرمانللي</value></Data><Data name="image_count"><value>4</value></Data><Data name="source_file"><value>المدينة القديمة _طرابلس.kml</value></Data><Data name="images_json"><value>["/assets/images/old-tripoli/old-tripoli-LY-OLD-TRIPOLI-00073-01.png","/assets/images/old-tripoli/old-tripoli-LY-OLD-TRIPOLI-00073-02.png","/assets/images/old-tripoli/old-tripoli-LY-OLD-TRIPOLI-00073-03.png","/assets/images/old-tripoli/old-tripoli-LY-OLD-TRIPOLI-00073-04.png"]</value></Data><Data name="atlas_id"><value>LY-OLD-TRIPOLI-00073</value></Data><Data name="image_count"><value>4</value></Data><Data name="source_file"><value>المدينة القديمة _طرابلس.kml</value></Data><Data name="images_json"><value>["/assets/images/old-tripoli/old-tripoli-LY-OLD-TRIPOLI-00073-01.png","/assets/images/old-tripoli/old-tripoli-LY-OLD-TRIPOLI-00073-02.png","/assets/images/old-tripoli/old-tripoli-LY-OLD-TRIPOLI-00073-03.png","/assets/images/old-tripoli/old-tripoli-LY-OLD-TRIPOLI-00073-04.png"]</value></Data><Data name="atlas_id"><value>LY-TRI-000073</value></Data><Data name="layer_id"><value>old-tripoli</value></Data><Data name="layer_name_ar"><value>المدينة القديمة طرابلس</value></Data><Data name="layer_name_en"><value>Old Tripoli</value></Data><Data name="name_ar"><value>جامع أحمد باشا القرمانللي</value></Data><Data name="latitude"><value>32.895306</value></Data><Data name="longitude"><value>13.17953</value></Data><Data name="images_json"><value>["/assets/images/old-tripoli/old-tripoli-LY-OLD-TRIPOLI-00073-01.png","/assets/images/old-tripoli/old-tripoli-LY-OLD-TRIPOLI-00073-02.png","/assets/images/old-tripoli/old-tripoli-LY-OLD-TRIPOLI-00073-03.png","/assets/images/old-tripoli/old-tripoli-LY-OLD-TRIPOLI-00073-04.png"]</value></Data><Data name="image_count"><value>4</value></Data><Data name="source_file"><value>developed/old-tripoli-developed.kml</value></Data><Data name="source_placemark_index"><value>73</value></Data><Data name="data_quality_status"><value>ok</value></Data><Data name="source_media_url"><value>["https://lh3.googleusercontent.com/umsh/AN6v0v4RaO35A6bbENgVBOrPThwP1LHhcYTSWmzKCTBj3iMbRz9ktN6oMP4DQWMYBojSGE7De7QSBcKeNoZhetyxU-6DWqV34m1lqrxrQpCU3iLTe_O4sxek16g69_1F9n9bE3l0KHUp8N1a6SHwbrdMcVJpVG6oUtPMqeCNb-Nfj2GeRO5VsyfXRaBTyJUaMkpfJeGAhm_dM1Cu0xvrw8KgdFeP95vFwVTPTtEr1alppyxnXhdZAuH1dcFW0nlo6WKfUI4cXw7i7YA93QoIGfpUj-gFGKPwQbKcIK5TLbLfAm-vZk7-j48TD9uzbTndqORT4AVgATInLxY6k7GITRH3MJgd67v8idso6EJq8SvR8Yux17QHxbkvU7oAMUPykt1RPz7nHreK5fLgaQ2AwXlzCZV5_xoSSmPMUKfnDve4LcY7PCn1VjVjWPzKEs2f1qX6HTOAhLkTTGrLk8-Ki6aZxbLhJC1InQdyiWGRrhRdYrSLfa0PkfiySC0MsrQBjqiIXWUNuSVDqFdHrtpEZ06gXwFwVi8En81tMdSRYYzC2PrJqcOhVDO06aTnw_Yd1XEMpcIn-7pD2ihatJ1_pb_W8E7RFULA9KM_mLWSUUJoDznhp3ybzsWaNBiUidK3O7zTU_DZGAEscI8KNkE2i7pBMFEG_Jr6sVOTYd55ZVii1hy9WtS7WU7M2lc4rGRJBZ2IubpTDEJdKNo","https://lh3.googleusercontent.com/umsh/AN6v0v6B3aT1AV3w-f9ABSRnsw9razV0wFUHiNPBk5dW_LiN-KGdBQr6STt1Y1bRcT-T9iznD3WT8BvJekCpe1hbmn-ZKH2xzv5EUImpiP0hXNxhPXxj5X65sBJsyeS36QokiiA_rjyQuycOkOz_7FOaX8ZvwIbk-_WeosweidCmqlXGYMPyP64e2WPDAwpfM1kO85hpA54q26zszDo3CFHulGscTOsFJH3OZ1pM7Fe6qRM3hLIrertRRFKu4CGvINs_coCeVk5atBq_qIfwOVd5FAMAeMYWPoHWi8hXhHPl9aywIt9cIr6tQht0eqYB18Z8v-frpjyuI2IpsVcAqgBHaokXLhrUOstfUgUyon-xsrYjXPXUU-hV2MPmoqe70fAXp1tPxzGm8lHRxOaaBLVgVV1sBaOJE_fyj9vYqomylSWw6sW_s-JB6SpIMuWD0AywiCSkRVbvmpOO2XUnO4sTh3l7x3rQjKbyjt-slxuDP9KbxBVpi8Y58SgS-8olSvrEDagiCx86C3UDYNlH-WpLNMXskHvL4f66f3o1nRk1ym-gLaxpHzw9tP35P5Z9gKxA8dejQyRbsrnULbZZKQFxheKp0j8-QpOQIBkKxF9F_9mx5nq1EMoXJa9odwBfgkTA5vMxLFTi-0re1D4DnFLgxhmVHMLwVYUqHuxmGf7GqzKJUpVygUsm4CcIY1ZU0WNEy4Agat8TyUQ","https://lh3.googleusercontent.com/umsh/AN6v0v4hbwyYGMiEcNOFcHZzKFpbvytvjtP29iAmaQD671tshx208fpAYTD_YGnM0BMBjuMyrPFnsQpBcyn3Jt3Ia0368HVZJn-2jB3dDJ1XvXMgiLtkd04NrJ3BK4WJfDZfkVfNOfNinaRrL2SCDJ1CwsQFImFQKQPwVx_cYPWPJ-vr-eRi0p7nnrbNGcieVMD8THn5jdZpJ1qIaH8XYyUBFhoUc7058nW-krQG1QHUawlyVggMIomK3_doeERPDa5Tb86kMGKQ09Lo7XxuC14bv8OlZJ60bYa_0nyK1rFOZSaEG4wqwfTLaFadjqxn7CsRjBvu0r6ZGEZbrlhL4ULkGeroSXLqIkzqXFnRm5trd9Ms-XntntmHaeUCX0CQfrpbwnbFdS6CWt9wgv2_0ZTDjpLG6Id33LSB3GtUfGayHrgQqYTu63odjF2mLJ5pLBkoDuaNkNYKF7f2eoAhkC7hEoYgg5xbH3A1ZNC3LNogmeHjVb-JDFIJUHMbjX4rpDzU-Eg5WnNmxdzN0ffRO_guqnOYX1QEZ36gduJr9I-7xgZZIkiCOIMSw37ZupCfxb_0Zk2eJBNX4UiWWEts3BC7r-CrW3dmpcGkjUAcP7YIS1UV2594fDiZE-49XaSfYOP3TogJzH99-9ey5Ic0eeCDZouHHpv_wNjvkX60La2cQo5S-Ox-UV3LIb1RDZ1aD6mxYM-zMlHoYQ","https://lh3.googleusercontent.com/umsh/AN6v0v7MZ4voWfPKqzAtzGQQGFIwcXMmgCTJH71MhkmLUV4krKJ6dT2eMguFu27n5qk7zP7JSM4wFB4jCS7kmVq1OLeHU8CR3HtF7G7KQol_WU13ho4Xm1vUdHeMq1lw_jUWC1ZxwHO4csPSQLqcE3E8DXrL1NPe0clmJJxez-8zQJ7ZcPnJCVwHTQ3k89BKcPJv0uOKXJ8ksIgjvUzOcWVpollPnsbvzOD-2snH01xDFcfnXqcGbFjoiFbwJ39oU0W4ANMSeJqsyH2q0pxqlqFTZUGM_uQrS0EEAC8uThr3NAtQlieiEJ1D5h_mquy7uShXI-qf1tfn-uMPzjrs6mNQmrdDI9nCUhd8hOWjmK_Ld9zPDkdyClCX0yBQaS-iFC9p4yXVn_2TiVYeg9_iyk5Z7np15bSrfF0PCRvJRw3_JC11c2XxtNftzB9I-XyFauMF_w70x89vFGlAc8CcTHHUgHBO48X2J3pyrlyU7Ri1z1ZZgiClvZLa3rjHf9ls4_5md9DZanQWixrgr6l3PgvWtUPs5HRXIqNnwSzBl_gea9kgFzVnz8co0Saif7RXlB0THzmiSxRxcieXd580tocctK8oswc7se76r4bumHNPtH41fcVXHuCKeFn3FcM75d36LH98jPz0L1w3oyMSCAGO7F2JmMMbinOvTjtJo-rEr4M1ZX-iKx7rz2LG9mk8plV0BT2Mflt3bZs"]</value></Data></ExtendedData><Point><coordinates>13.17953,32.895306,0</coordinates></Point></Placemark><Placemark><name>جامع الناقة</name><description>&lt;div class="atlas-popup" dir="rtl"&gt;&lt;h3&gt;جامع الناقة&lt;/h3&gt;&lt;div class="atlas-popup-gallery"&gt;&lt;img src="https://lh3.googleusercontent.com/umsh/AN6v0v6VEEc4qSvyWX6Ver-C2CQA9jpLkpUyvawk8_5pUNYoeL_2vBMDjs77KdFqiIrx7Q7LHZJ_AvjNDC3WlZqz3TsiitgfUvrrniRlheFhNCPRr4tjYa9kR6QspZll3Pmgw6eJv57lYldRb6zubIR5jje-IhV7X9OKKpzB3vgpmrZ_1ZrOm9ocTz3oWirVOm_z_5cEuQBu0-BL9kku42mLKaokFzpBCFV08QNyO00CtxbA2_tTSCu4W6Y4AhMcXIKgFRNQyCqP6MnLP_j9TV92CNrLWCJpOzgAld_bk-6QkYSK1gKC4EnsBUq4Hl8pigrpJphEiIKlFO4_kp-U6EQdhJPEirfxr3VBS25KVUWY5XRGvuDbSnjHg7I-mo-_ojDy3yMPg3OXBjc8gD-mZ-H8iceRwG3_FDGKFN8SAD9qkGIDaSVWUHIsM-ibR6o9YUtqjDUbWlsHW_B5neuHC4ZIUDLLMZGFU4DM_QwF9ar_qYHcsgAUCEvIw3hQXjJ2ngMeyfm441yJqfA87uJtsmEXdlh3mauUqmK5U4eSdy62tBR7pS1zUgiZ5Xw0SUnn1oO1CIpPzHhIIjnUIe0vZ2tcFFtDc2LuZQMLHNibDIJBNxIsBZbI7sWI3LuxBI3uMPI8_J_MwBD45rxpAAmi0on8lPriZ5g2JV3h8sgeSmICvQYVVIu1OzLj-POkXuQyESlM5-ozxLA1VF0" alt="جامع الناقة" loading="lazy" class="atlas-popup-image"&gt;&lt;/div&gt;&lt;div class="atlas-popup-details"&gt;&lt;div&gt;&lt;strong&gt;الاسم بالإنجليزية:&lt;/strong&gt; Al-Naqa Mosque&lt;/div&gt;&lt;div&gt;&lt;strong&gt;التصنيف:&lt;/strong&gt; جامع&lt;/div&gt;&lt;div&gt;&lt;strong&gt;العنوان:&lt;/strong&gt; طرابلس/المدينة القديمة&lt;/div&gt;&lt;div&gt;&lt;strong&gt;الوصف:&lt;/strong&gt; جامع الناقة&lt;/div&gt;&lt;/div&gt;&lt;/div&gt;</description><ExtendedData><Data name="atlas_id"><value>LY-OLD-TRIPOLI-00074</value></Data><Data name="name_en"><value>Al-Naqa Mosque</value></Data><Data name="category"><value>جامع</value></Data><Data name="address"><value>طرابلس/المدينة القديمة</value></Data><Data name="description"><value>جامع الناقة</value></Data><Data name="image_count"><value>1</value></Data><Data name="source_file"><value>المدينة القديمة _طرابلس.kml</value></Data><Data name="images_json"><value>["/assets/images/old-tripoli/old-tripoli-LY-OLD-TRIPOLI-00074-01.png"]</value></Data><Data name="atlas_id"><value>LY-OLD-TRIPOLI-00074</value></Data><Data name="image_count"><value>1</value></Data><Data name="source_file"><value>المدينة القديمة _طرابلس.kml</value></Data><Data name="images_json"><value>["/assets/images/old-tripoli/old-tripoli-LY-OLD-TRIPOLI-00074-01.png"]</value></Data><Data name="atlas_id"><value>LY-TRI-000074</value></Data><Data name="layer_id"><value>old-tripoli</value></Data><Data name="layer_name_ar"><value>المدينة القديمة طرابلس</value></Data><Data name="layer_name_en"><value>Old Tripoli</value></Data><Data name="name_ar"><value>جامع الناقة</value></Data><Data name="latitude"><value>32.895372</value></Data><Data name="longitude"><value>13.17883</value></Data><Data name="images_json"><value>["/assets/images/old-tripoli/old-tripoli-LY-OLD-TRIPOLI-00074-01.png"]</value></Data><Data name="image_count"><value>1</value></Data><Data name="source_file"><value>developed/old-tripoli-developed.kml</value></Data><Data name="source_placemark_index"><value>74</value></Data><Data name="data_quality_status"><value>ok</value></Data><Data name="source_media_url"><value>["https://lh3.googleusercontent.com/umsh/AN6v0v6VEEc4qSvyWX6Ver-C2CQA9jpLkpUyvawk8_5pUNYoeL_2vBMDjs77KdFqiIrx7Q7LHZJ_AvjNDC3WlZqz3TsiitgfUvrrniRlheFhNCPRr4tjYa9kR6QspZll3Pmgw6eJv57lYldRb6zubIR5jje-IhV7X9OKKpzB3vgpmrZ_1ZrOm9ocTz3oWirVOm_z_5cEuQBu0-BL9kku42mLKaokFzpBCFV08QNyO00CtxbA2_tTSCu4W6Y4AhMcXIKgFRNQyCqP6MnLP_j9TV92CNrLWCJpOzgAld_bk-6QkYSK1gKC4EnsBUq4Hl8pigrpJphEiIKlFO4_kp-U6EQdhJPEirfxr3VBS25KVUWY5XRGvuDbSnjHg7I-mo-_ojDy3yMPg3OXBjc8gD-mZ-H8iceRwG3_FDGKFN8SAD9qkGIDaSVWUHIsM-ibR6o9YUtqjDUbWlsHW_B5neuHC4ZIUDLLMZGFU4DM_QwF9ar_qYHcsgAUCEvIw3hQXjJ2ngMeyfm441yJqfA87uJtsmEXdlh3mauUqmK5U4eSdy62tBR7pS1zUgiZ5Xw0SUnn1oO1CIpPzHhIIjnUIe0vZ2tcFFtDc2LuZQMLHNibDIJBNxIsBZbI7sWI3LuxBI3uMPI8_J_MwBD45rxpAAmi0on8lPriZ5g2JV3h8sgeSmICvQYVVIu1OzLj-POkXuQyESlM5-ozxLA1VF0"]</value></Data></ExtendedData><Point><coordinates>13.17883,32.895372,0</coordinates></Point></Placemark><Placemark><name>جامع شان الشأن/مسجد الشنشان</name><description>&lt;div class="atlas-popup" dir="rtl"&gt;&lt;h3&gt;جامع شان الشأن/مسجد الشنشان&lt;/h3&gt;&lt;div class="atlas-popup-gallery"&gt;&lt;img src="https://lh3.googleusercontent.com/umsh/AN6v0v5EFIwd15jhKR25MWLaZ6ht7e5ABlRuAT2X4LsKqF5Do4PYjf39h2FlwWjNgklZTZB5inTDBqIy2j5nc_THP-Viil34pzhoXW_5wrq14jRP5bucsLZW3n5DXWxRQwhJeVAuoqBNAD8J5ej1gcELxbTP7LsQjlL28zpw1tNifP9GGucwsKPFDIZt-VrmcX-w0Qiaclx0E0HyjVBJzxrSjg759mmgO9qOSKejb9cZ6CyKELWS0ahMmjyB8s2miDiNwZKfAqPCQaAMwijueczxhsAX7_kqesvkp8YNzs8QOBI-mmSU-zpzPL09arXrQBehzbI70p5tCtRESawGNSC2bFtRNb9hL7m10v1_jwFrtR-MgNxKCht8pkSCL22ez3lsAGg0nUMURl5TpbKEJzVmxZxqdNkSfa2A0-6efcxP1cw8_StNZP0rWiZelyd4OzUolo-0u9HcEXjpLMpfavGI00uIvoSVHXbvLEH2GX840LhFSQHFSxOQT-oWUwrgws-V6SFlDAutL5YR0wzXIvNiShgs6WawVcmtA2rf-pU-CCSayJSP6WBb-BhZJKRqqbsduJuxzrzIrT2Bgs9H1RME3fott8wHtYSApjHF0zKVNNWvP9gbh1SGk5C-Q_ttuE9DvX1Zr6okdaOyOXT8A3XLOzlgtfWZuL3Q87eRXlsfMFlr9gYB_AZvbH_87BsXqD1yQMH68wlkF9M" alt="جامع شان الشأن/مسجد الشنشان" loading="lazy" class="atlas-popup-image"&gt;&lt;img src="https://lh3.googleusercontent.com/umsh/AN6v0v6hZHXga8xPMmpKMXuHEwMGCFYglLf-iWRQ3r6nQ-roEQu8l9n9DFXvpUI6IgJiZg1uLwp3OQL7Y87iHvNptHzk6rMoeDkkafyVtTekOXoAtbnb0V5KLZA83QSUS-8zU9N_n-avKCYqObnnwepkGZofi0naGnrcO6_vblMDu0T5CLpXbaCLRvb1sh8CQmdm1LpwuD6Zl172vxrXkUv03QgulsDzozGzU1qwbgnov6GtTMkTiVnc4w16HrugDCuQm6MulXy0aWXnDTe2mahKPTHarylMT5-N-SKEEYJEKAAQgW2bnDxFXo4IGJf9njxcpqLENIxB_S3eexOquWKvgqyCX_4gJzU5MwZmff53orUWwGPY9lX6UI6SzJ94WHKliq6hytW6XcXvFcfmDd1685wbY2dg9sCanKRbV283MsjGQdSkRksMgxdtAxKwOylPSUhvnPs3M96JGfqQdqL8exfK3NI-tNKHSepwSFAYh3NTHoZQxxyiWuR_tI0c1prlHQP1RFX41p3Dp8QPmfZIhz9BZKot4okRVuXrYTW-vgyg4pDG2SGNR_gmtwRpD0EYMNw5yhEoeQ-ldKsPfrrf8U5UKF7SnJsOezAFW1pKOG440HD3sHB6ydmXefXswDXs8eNKx1aOF4VNVArts-59Bcw4QRfstOeZ7zuiZdG8hFcY4qR7w_gguhZeDn9w82Y3fVyyU1Ctt2Q" alt="جامع شان الشأن/مسجد الشنشان" loading="lazy" class="atlas-popup-image"&gt;&lt;img src="https://lh3.googleusercontent.com/umsh/AN6v0v5yPGaAm2_xUASVGYFzJIRGbdjDUAlkiNhyH-XllA2PuFnb4S4LrLncnVH_RLOJzuZcbZOsqePQUK_OwYomPkOY626nT3IRrB9_Nl6-Y6a1F2TEzVxJe-3ZpByG76sNdbuhtcudO6l9lxAM80U_PLy6639XTks0CEK84NVUNmUAcO1Nsj3GmkzV0JjCyOnqubZxMHMn3U1bYgrRzmTRefaMEQ9YIHxDlS6x13c4Rq4qMYFCcmsicfo0j6Y8otYz5j3CpvPdTwCyJomgPaHxrAt-zLhTjVX8etLg_1en7lw0sdRbbLXGDn69OA1kmLQMAxlPJfg4Z2HBdLZeEq866puanmrP7hEBhqEYbxi6joL1f5nK-VGlV7tk2IFY65j8snuluQEGJshYfS-uNh8nuclaF32S4J655YKVQ7SIuU7NG0ExCNW6z4_DdNl2Y5PYJzZJZcV3riEz2q0tN7PtYsUBPVit2QMEJyygdvNfZ-UnYiq0AtvY2u0piA-I5qQwqVqqusE9mOrJ4whVifuM7UYQAb4A5rkYZ-Ind-aX77sBOrzGtQDZl24yHFMV66Gf6soFwspCgahJjF5Wuxokjxa7L67cQb7ezJmEfewwfuHs6h7pDA1Xz_yaKjPqDOmL-bVyKm41xhYNqaQC_yOeZ0yQ-eHkQBrJ_cPFpRqgNdfVsVx4ZmoTlrjJ5rpYMSr7-MNbzEHa_Ew" alt="جامع شان الشأن/مسجد الشنشان" loading="lazy" class="atlas-popup-image"&gt;&lt;/div&gt;&lt;div class="atlas-popup-details"&gt;&lt;div&gt;&lt;strong&gt;الاسم بالإنجليزية:&lt;/strong&gt; Shan El Shan Mosque&lt;/div&gt;&lt;div&gt;&lt;strong&gt;التصنيف:&lt;/strong&gt; جامع تاريخي&lt;/div&gt;&lt;div&gt;&lt;strong&gt;العنوان:&lt;/strong&gt; طرابلس/المدينة القديمة&lt;/div&gt;&lt;div&gt;&lt;strong&gt;الوصف:&lt;/strong&gt; جامع شان الشأن&lt;/div&gt;&lt;/div&gt;&lt;/div&gt;</description><ExtendedData><Data name="atlas_id"><value>LY-OLD-TRIPOLI-00075</value></Data><Data name="name_en"><value>Shan El Shan Mosque</value></Data><Data name="category"><value>جامع تاريخي</value></Data><Data name="address"><value>طرابلس/المدينة القديمة</value></Data><Data name="description"><value>جامع شان الشأن</value></Data><Data name="image_count"><value>3</value></Data><Data name="source_file"><value>المدينة القديمة _طرابلس.kml</value></Data><Data name="images_json"><value>["/assets/images/old-tripoli/old-tripoli-LY-OLD-TRIPOLI-00075-01.png","/assets/images/old-tripoli/old-tripoli-LY-OLD-TRIPOLI-00075-02.png","/assets/images/old-tripoli/old-tripoli-LY-OLD-TRIPOLI-00075-03.png"]</value></Data><Data name="atlas_id"><value>LY-OLD-TRIPOLI-00075</value></Data><Data name="image_count"><value>3</value></Data><Data name="source_file"><value>المدينة القديمة _طرابلس.kml</value></Data><Data name="images_json"><value>["/assets/images/old-tripoli/old-tripoli-LY-OLD-TRIPOLI-00075-01.png","/assets/images/old-tripoli/old-tripoli-LY-OLD-TRIPOLI-00075-02.png","/assets/images/old-tripoli/old-tripoli-LY-OLD-TRIPOLI-00075-03.png"]</value></Data><Data name="atlas_id"><value>LY-TRI-000075</value></Data><Data name="layer_id"><value>old-tripoli</value></Data><Data name="layer_name_ar"><value>المدينة القديمة طرابلس</value></Data><Data name="layer_name_en"><value>Old Tripoli</value></Data><Data name="name_ar"><value>جامع شان الشأن/مسجد الشنشان</value></Data><Data name="latitude"><value>32.896844</value></Data><Data name="longitude"><value>13.179043</value></Data><Data name="images_json"><value>["/assets/images/old-tripoli/old-tripoli-LY-OLD-TRIPOLI-00075-01.png","/assets/images/old-tripoli/old-tripoli-LY-OLD-TRIPOLI-00075-02.png","/assets/images/old-tripoli/old-tripoli-LY-OLD-TRIPOLI-00075-03.png"]</value></Data><Data name="image_count"><value>3</value></Data><Data name="source_file"><value>developed/old-tripoli-developed.kml</value></Data><Data name="source_placemark_index"><value>75</value></Data><Data name="data_quality_status"><value>ok</value></Data><Data name="source_media_url"><value>["https://lh3.googleusercontent.com/umsh/AN6v0v5EFIwd15jhKR25MWLaZ6ht7e5ABlRuAT2X4LsKqF5Do4PYjf39h2FlwWjNgklZTZB5inTDBqIy2j5nc_THP-Viil34pzhoXW_5wrq14jRP5bucsLZW3n5DXWxRQwhJeVAuoqBNAD8J5ej1gcELxbTP7LsQjlL28zpw1tNifP9GGucwsKPFDIZt-VrmcX-w0Qiaclx0E0HyjVBJzxrSjg759mmgO9qOSKejb9cZ6CyKELWS0ahMmjyB8s2miDiNwZKfAqPCQaAMwijueczxhsAX7_kqesvkp8YNzs8QOBI-mmSU-zpzPL09arXrQBehzbI70p5tCtRESawGNSC2bFtRNb9hL7m10v1_jwFrtR-MgNxKCht8pkSCL22ez3lsAGg0nUMURl5TpbKEJzVmxZxqdNkSfa2A0-6efcxP1cw8_StNZP0rWiZelyd4OzUolo-0u9HcEXjpLMpfavGI00uIvoSVHXbvLEH2GX840LhFSQHFSxOQT-oWUwrgws-V6SFlDAutL5YR0wzXIvNiShgs6WawVcmtA2rf-pU-CCSayJSP6WBb-BhZJKRqqbsduJuxzrzIrT2Bgs9H1RME3fott8wHtYSApjHF0zKVNNWvP9gbh1SGk5C-Q_ttuE9DvX1Zr6okdaOyOXT8A3XLOzlgtfWZuL3Q87eRXlsfMFlr9gYB_AZvbH_87BsXqD1yQMH68wlkF9M","https://lh3.googleusercontent.com/umsh/AN6v0v6hZHXga8xPMmpKMXuHEwMGCFYglLf-iWRQ3r6nQ-roEQu8l9n9DFXvpUI6IgJiZg1uLwp3OQL7Y87iHvNptHzk6rMoeDkkafyVtTekOXoAtbnb0V5KLZA83QSUS-8zU9N_n-avKCYqObnnwepkGZofi0naGnrcO6_vblMDu0T5CLpXbaCLRvb1sh8CQmdm1LpwuD6Zl172vxrXkUv03QgulsDzozGzU1qwbgnov6GtTMkTiVnc4w16HrugDCuQm6MulXy0aWXnDTe2mahKPTHarylMT5-N-SKEEYJEKAAQgW2bnDxFXo4IGJf9njxcpqLENIxB_S3eexOquWKvgqyCX_4gJzU5MwZmff53orUWwGPY9lX6UI6SzJ94WHKliq6hytW6XcXvFcfmDd1685wbY2dg9sCanKRbV283MsjGQdSkRksMgxdtAxKwOylPSUhvnPs3M96JGfqQdqL8exfK3NI-tNKHSepwSFAYh3NTHoZQxxyiWuR_tI0c1prlHQP1RFX41p3Dp8QPmfZIhz9BZKot4okRVuXrYTW-vgyg4pDG2SGNR_gmtwRpD0EYMNw5yhEoeQ-ldKsPfrrf8U5UKF7SnJsOezAFW1pKOG440HD3sHB6ydmXefXswDXs8eNKx1aOF4VNVArts-59Bcw4QRfstOeZ7zuiZdG8hFcY4qR7w_gguhZeDn9w82Y3fVyyU1Ctt2Q","https://lh3.googleusercontent.com/umsh/AN6v0v5yPGaAm2_xUASVGYFzJIRGbdjDUAlkiNhyH-XllA2PuFnb4S4LrLncnVH_RLOJzuZcbZOsqePQUK_OwYomPkOY626nT3IRrB9_Nl6-Y6a1F2TEzVxJe-3ZpByG76sNdbuhtcudO6l9lxAM80U_PLy6639XTks0CEK84NVUNmUAcO1Nsj3GmkzV0JjCyOnqubZxMHMn3U1bYgrRzmTRefaMEQ9YIHxDlS6x13c4Rq4qMYFCcmsicfo0j6Y8otYz5j3CpvPdTwCyJomgPaHxrAt-zLhTjVX8etLg_1en7lw0sdRbbLXGDn69OA1kmLQMAxlPJfg4Z2HBdLZeEq866puanmrP7hEBhqEYbxi6joL1f5nK-VGlV7tk2IFY65j8snuluQEGJshYfS-uNh8nuclaF32S4J655YKVQ7SIuU7NG0ExCNW6z4_DdNl2Y5PYJzZJZcV3riEz2q0tN7PtYsUBPVit2QMEJyygdvNfZ-UnYiq0AtvY2u0piA-I5qQwqVqqusE9mOrJ4whVifuM7UYQAb4A5rkYZ-Ind-aX77sBOrzGtQDZl24yHFMV66Gf6soFwspCgahJjF5Wuxokjxa7L67cQb7ezJmEfewwfuHs6h7pDA1Xz_yaKjPqDOmL-bVyKm41xhYNqaQC_yOeZ0yQ-eHkQBrJ_cPFpRqgNdfVsVx4ZmoTlrjJ5rpYMSr7-MNbzEHa_Ew"]</value></Data></ExtendedData><Point><coordinates>13.179043,32.896844,0</coordinates></Point></Placemark><Placemark><name>مسجد الزواية الكبيرة</name><description>&lt;div class="atlas-popup" dir="rtl"&gt;&lt;h3&gt;مسجد الزواية الكبيرة&lt;/h3&gt;&lt;div class="atlas-popup-gallery"&gt;&lt;/div&gt;&lt;div class="atlas-popup-details"&gt;&lt;div&gt;&lt;strong&gt;الاسم بالإنجليزية:&lt;/strong&gt; Al Zawiyah El kabeera Mosque&lt;/div&gt;&lt;div&gt;&lt;strong&gt;التصنيف:&lt;/strong&gt; مسجد&lt;/div&gt;&lt;div&gt;&lt;strong&gt;العنوان:&lt;/strong&gt; طرابلس/المدينة القديمة&lt;/div&gt;&lt;div&gt;&lt;strong&gt;الوصف:&lt;/strong&gt; مسجد الزواية الكبيرة&lt;/div&gt;&lt;/div&gt;&lt;/div&gt;</description><ExtendedData><Data name="atlas_id"><value>LY-OLD-TRIPOLI-00076</value></Data><Data name="name_en"><value>Al Zawiyah El kabeera Mosque</value></Data><Data name="category"><value>مسجد</value></Data><Data name="address"><value>طرابلس/المدينة القديمة</value></Data><Data name="description"><value>مسجد الزواية الكبيرة</value></Data><Data name="image_count"><value>0</value></Data><Data name="source_file"><value>المدينة القديمة _طرابلس.kml</value></Data><Data name="images_json"><value>[]</value></Data><Data name="atlas_id"><value>LY-OLD-TRIPOLI-00076</value></Data><Data name="image_count"><value>0</value></Data><Data name="source_file"><value>المدينة القديمة _طرابلس.kml</value></Data><Data name="images_json"><value>[]</value></Data><Data name="atlas_id"><value>LY-TRI-000076</value></Data><Data name="layer_id"><value>old-tripoli</value></Data><Data name="layer_name_ar"><value>المدينة القديمة طرابلس</value></Data><Data name="layer_name_en"><value>Old Tripoli</value></Data><Data name="name_ar"><value>مسجد الزواية الكبيرة</value></Data><Data name="latitude"><value>32.8942938</value></Data><Data name="longitude"><value>13.1777915</value></Data><Data name="images_json"><value>[]</value></Data><Data name="image_count"><value>0</value></Data><Data name="source_file"><value>developed/old-tripoli-developed.kml</value></Data><Data name="source_placemark_index"><value>76</value></Data><Data name="data_quality_status"><value>missing_media</value></Data></ExtendedData><Point><coordinates>13.1777915,32.8942938,0</coordinates></Point></Placemark><Placemark><name>زاوية الكاتب</name><description>&lt;div class="atlas-popup" dir="rtl"&gt;&lt;h3&gt;زاوية الكاتب&lt;/h3&gt;&lt;div class="atlas-popup-gallery"&gt;&lt;img src="https://mymaps.usercontent.google.com/hostedimage/m/*/3AAjQbR7aEK2gukngnfvfWJl2AwrA8XPP5KIpXCqTl5OucnyEgIzVW20qBoJI8ZakLX4ksaAYPxciNKDM2p_Z4nazD0ExNMm6URP2-p5paS9x8p5ENXO2pXi9cv34MXOXMFcawdRVOuPnSzDi3QN32Fo5eO2Cszsb5an0AEE-k4vZnsbqkOA7ni5tQTjMMeZu0AVvrAMFr81Y8Zi0Wzi-VjSVLWBQky59XV2uHq3y1prW1n08dkb6e9J5jykmTrE?authuser=1&amp;amp;fife=s16383" alt="زاوية الكاتب" loading="lazy" class="atlas-popup-image"&gt;&lt;/div&gt;&lt;div class="atlas-popup-details"&gt;&lt;div&gt;&lt;strong&gt;الاسم بالإنجليزية:&lt;/strong&gt; zaweyat al kateb&lt;/div&gt;&lt;div&gt;&lt;strong&gt;التصنيف:&lt;/strong&gt; زاوية تعليمية&lt;/div&gt;&lt;div&gt;&lt;strong&gt;العنوان:&lt;/strong&gt; طرابلس/المدينة القديمة&lt;/div&gt;&lt;div&gt;&lt;strong&gt;الوصف:&lt;/strong&gt; زاوية الكاتب&lt;/div&gt;&lt;/div&gt;&lt;/div&gt;</description><ExtendedData><Data name="atlas_id"><value>LY-OLD-TRIPOLI-00077</value></Data><Data name="name_en"><value>zaweyat al kateb</value></Data><Data name="category"><value>زاوية تعليمية</value></Data><Data name="address"><value>طرابلس/المدينة القديمة</value></Data><Data name="description"><value>زاوية الكاتب</value></Data><Data name="image_count"><value>1</value></Data><Data name="source_file"><value>المدينة القديمة _طرابلس.kml</value></Data><Data name="images_json"><value>["/assets/images/old-tripoli/old-tripoli-LY-OLD-TRIPOLI-00077-01.png"]</value></Data><Data name="atlas_id"><value>LY-OLD-TRIPOLI-00077</value></Data><Data name="image_count"><value>1</value></Data><Data name="source_file"><value>المدينة القديمة _طرابلس.kml</value></Data><Data name="images_json"><value>["/assets/images/old-tripoli/old-tripoli-LY-OLD-TRIPOLI-00077-01.png"]</value></Data><Data name="atlas_id"><value>LY-TRI-000077</value></Data><Data name="layer_id"><value>old-tripoli</value></Data><Data name="layer_name_ar"><value>المدينة القديمة طرابلس</value></Data><Data name="layer_name_en"><value>Old Tripoli</value></Data><Data name="name_ar"><value>زاوية الكاتب</value></Data><Data name="latitude"><value>32.898054</value></Data><Data name="longitude"><value>13.17806</value></Data><Data name="images_json"><value>["/assets/images/old-tripoli/old-tripoli-LY-OLD-TRIPOLI-00077-01.png"]</value></Data><Data name="image_count"><value>1</value></Data><Data name="source_file"><value>developed/old-tripoli-developed.kml</value></Data><Data name="source_placemark_index"><value>77</value></Data><Data name="data_quality_status"><value>ok</value></Data><Data name="source_media_url"><value>["https://mymaps.usercontent.google.com/hostedimage/m/*/3AAjQbR7aEK2gukngnfvfWJl2AwrA8XPP5KIpXCqTl5OucnyEgIzVW20qBoJI8ZakLX4ksaAYPxciNKDM2p_Z4nazD0ExNMm6URP2-p5paS9x8p5ENXO2pXi9cv34MXOXMFcawdRVOuPnSzDi3QN32Fo5eO2Cszsb5an0AEE-k4vZnsbqkOA7ni5tQTjMMeZu0AVvrAMFr81Y8Zi0Wzi-VjSVLWBQky59XV2uHq3y1prW1n08dkb6e9J5jykmTrE?authuser=1&amp;fife=s16383"]</value></Data></ExtendedData><Point><coordinates>13.17806,32.898054,0</coordinates></Point></Placemark><Placemark><name>الزاوية الصغيرة</name><description>&lt;div class="atlas-popup" dir="rtl"&gt;&lt;h3&gt;الزاوية الصغيرة&lt;/h3&gt;&lt;div class="atlas-popup-gallery"&gt;&lt;img src="https://lh3.googleusercontent.com/umsh/AN6v0v5KOH1oWZzk_Mi9OcBWAf88cQ2Fw5mcE_dPariuuXOF5MaoXFr7_BmPCu15zyc86Yk2zGGnN63q2DnP0Mj1OKD8tUJFG_c7KhUC4Yvul7jGrwXsMx9qo27p7rsXY92uaOeaoEbi7mx0sE8h-jxXisBxre-49iE-JXHyzKCFLQtU6tz_Gnd1LSEH3zqLqR047myk11wPbBIfSJxpBHjwqKr1tAb4Aj9NieMHrfVfsIUPu1Q26KIxzfrjjLpyqzQP8ZezVsxt-IFq2ZDS27bnd296DJEkXhMe7VJ8vwB8i-F_7Zu_5pTkAC4NNbbNl1dK1jRPPc4ihpiQXGD3jlgNbD3OjutL9bV-PaGJSLisvUdVzrN7yppa6C8pKtOH_VxV0bADgDzg45O3-IXYhkv_48bEaQKSaaZkMwb4fg4ndD1p0dqRcb8_xdvLxb0I3jCkvJ0IP4d8CSxsVuY4oCpsoVEc-uvhIN_59cZmjQFoq9ZUAT-mUfveC8T-nf119uXwjaKrcRE6KZJHO9MBaQOMk7fOYlOCQ-4m8rJ-vKd34oRJHCTX6HyRQc6zOivlim9APFirl5L1CiExMUbqsOdyLDJzitTn4RzyTDIXBRk7rEBb6Ox_Z0Dx3br00wo2tZEmQbIdWOEltNq3i_L6buMzKip746GTxFPhkQXUNNiFd9tMtXYoXVgLZAQY40Ae9r85IEyQBuKaWhg" alt="الزاوية الصغيرة" loading="lazy" class="atlas-popup-image"&gt;&lt;img src="https://lh3.googleusercontent.com/umsh/AN6v0v7fvV479M-Izzk3Q-g-yy_E0WJ-Jne4b-rzOIl6Tf-5OuqthFi8ht3Tj7Ln6-d6BdLEFv3EObFlBnr-K_ly7YE_jVm_fj-Mxs59Lm1iTtpqqZ9_ipQB871xRr6iADqpMkcLyh8ffbTOCOtm5b1oAW1gwtSbc8k-KxTKsVCIWjl5VaeZYMKAOOOxsmCln_hpLDBj_3EwQobz1HhaXE3bxHruEXDgCuggZTWfLlh1ORGyzr4VStt_tHfzBZACC6Yxk_H9CCAgCUPuirhjpyRPpMrLO5bDc9xqTGEqxbOuxyHOylGEZb3F0-m45AO8LUDKRsGi119-Jz8og0g3bxybwVygVuIlf8cQMSkPVhQIn3pLoiuc3CsjqLZ6dAYrD4oh_Ev9PBS44COHRYdM-CTwF207Zphu5N7fFIh_zpLJSWSYwSIyFi7-LEfWc1Cxjiv3oxXI2rpot-uiGGWcNb50H_39Ny0cP-grzEJZwJPv7oVHMqC6z_p-Xaa20UWJoI-EmYRXOa8H11s06VU2fo2FP-tyCVDsZ6KwC9J1PfHLMOTH4dcjehcOY6ODtryVBgeBWbXrIJsukg1xr9TkV8AX5TlNQkLJORYNMZfPyjC4Kc8m8GBUbDIuNErI7PfCtilOYdRSDPVjnpP574O7t2amlC_FKsXu1z25P8DzJuPaaUB35ne-c72zw3_N0Cj0hJWqfO3IPOdbgsI" alt="الزاوية الصغيرة" loading="lazy" class="atlas-popup-image"&gt;&lt;/div&gt;&lt;div class="atlas-popup-details"&gt;&lt;div&gt;&lt;strong&gt;الاسم بالإنجليزية:&lt;/strong&gt; Azzawiya El Sghira&lt;/div&gt;&lt;div&gt;&lt;strong&gt;التصنيف:&lt;/strong&gt; مسجد&lt;/div&gt;&lt;div&gt;&lt;strong&gt;العنوان:&lt;/strong&gt; طرابلس/المدينة القديمة&lt;/div&gt;&lt;div&gt;&lt;strong&gt;الوصف:&lt;/strong&gt; الزاوية الصغيرة&lt;/div&gt;&lt;/div&gt;&lt;/div&gt;</description><ExtendedData><Data name="atlas_id"><value>LY-OLD-TRIPOLI-00078</value></Data><Data name="name_en"><value>Azzawiya El Sghira</value></Data><Data name="category"><value>مسجد</value></Data><Data name="address"><value>طرابلس/المدينة القديمة</value></Data><Data name="description"><value>الزاوية الصغيرة</value></Data><Data name="image_count"><value>2</value></Data><Data name="source_file"><value>المدينة القديمة _طرابلس.kml</value></Data><Data name="images_json"><value>["/assets/images/old-tripoli/old-tripoli-LY-OLD-TRIPOLI-00078-01.png","/assets/images/old-tripoli/old-tripoli-LY-OLD-TRIPOLI-00078-02.png"]</value></Data><Data name="atlas_id"><value>LY-OLD-TRIPOLI-00078</value></Data><Data name="image_count"><value>2</value></Data><Data name="source_file"><value>المدينة القديمة _طرابلس.kml</value></Data><Data name="images_json"><value>["/assets/images/old-tripoli/old-tripoli-LY-OLD-TRIPOLI-00078-01.png","/assets/images/old-tripoli/old-tripoli-LY-OLD-TRIPOLI-00078-02.png"]</value></Data><Data name="atlas_id"><value>LY-TRI-000078</value></Data><Data name="layer_id"><value>old-tripoli</value></Data><Data name="layer_name_ar"><value>المدينة القديمة طرابلس</value></Data><Data name="layer_name_en"><value>Old Tripoli</value></Data><Data name="name_ar"><value>الزاوية الصغيرة</value></Data><Data name="latitude"><value>32.90055</value></Data><Data name="longitude"><value>13.175712</value></Data><Data name="images_json"><value>["/assets/images/old-tripoli/old-tripoli-LY-OLD-TRIPOLI-00078-01.png","/assets/images/old-tripoli/old-tripoli-LY-OLD-TRIPOLI-00078-02.png"]</value></Data><Data name="image_count"><value>2</value></Data><Data name="source_file"><value>developed/old-tripoli-developed.kml</value></Data><Data name="source_placemark_index"><value>78</value></Data><Data name="data_quality_status"><value>ok</value></Data><Data name="source_media_url"><value>["https://lh3.googleusercontent.com/umsh/AN6v0v5KOH1oWZzk_Mi9OcBWAf88cQ2Fw5mcE_dPariuuXOF5MaoXFr7_BmPCu15zyc86Yk2zGGnN63q2DnP0Mj1OKD8tUJFG_c7KhUC4Yvul7jGrwXsMx9qo27p7rsXY92uaOeaoEbi7mx0sE8h-jxXisBxre-49iE-JXHyzKCFLQtU6tz_Gnd1LSEH3zqLqR047myk11wPbBIfSJxpBHjwqKr1tAb4Aj9NieMHrfVfsIUPu1Q26KIxzfrjjLpyqzQP8ZezVsxt-IFq2ZDS27bnd296DJEkXhMe7VJ8vwB8i-F_7Zu_5pTkAC4NNbbNl1dK1jRPPc4ihpiQXGD3jlgNbD3OjutL9bV-PaGJSLisvUdVzrN7yppa6C8pKtOH_VxV0bADgDzg45O3-IXYhkv_48bEaQKSaaZkMwb4fg4ndD1p0dqRcb8_xdvLxb0I3jCkvJ0IP4d8CSxsVuY4oCpsoVEc-uvhIN_59cZmjQFoq9ZUAT-mUfveC8T-nf119uXwjaKrcRE6KZJHO9MBaQOMk7fOYlOCQ-4m8rJ-vKd34oRJHCTX6HyRQc6zOivlim9APFirl5L1CiExMUbqsOdyLDJzitTn4RzyTDIXBRk7rEBb6Ox_Z0Dx3br00wo2tZEmQbIdWOEltNq3i_L6buMzKip746GTxFPhkQXUNNiFd9tMtXYoXVgLZAQY40Ae9r85IEyQBuKaWhg","https://lh3.googleusercontent.com/umsh/AN6v0v7fvV479M-Izzk3Q-g-yy_E0WJ-Jne4b-rzOIl6Tf-5OuqthFi8ht3Tj7Ln6-d6BdLEFv3EObFlBnr-K_ly7YE_jVm_fj-Mxs59Lm1iTtpqqZ9_ipQB871xRr6iADqpMkcLyh8ffbTOCOtm5b1oAW1gwtSbc8k-KxTKsVCIWjl5VaeZYMKAOOOxsmCln_hpLDBj_3EwQobz1HhaXE3bxHruEXDgCuggZTWfLlh1ORGyzr4VStt_tHfzBZACC6Yxk_H9CCAgCUPuirhjpyRPpMrLO5bDc9xqTGEqxbOuxyHOylGEZb3F0-m45AO8LUDKRsGi119-Jz8og0g3bxybwVygVuIlf8cQMSkPVhQIn3pLoiuc3CsjqLZ6dAYrD4oh_Ev9PBS44COHRYdM-CTwF207Zphu5N7fFIh_zpLJSWSYwSIyFi7-LEfWc1Cxjiv3oxXI2rpot-uiGGWcNb50H_39Ny0cP-grzEJZwJPv7oVHMqC6z_p-Xaa20UWJoI-EmYRXOa8H11s06VU2fo2FP-tyCVDsZ6KwC9J1PfHLMOTH4dcjehcOY6ODtryVBgeBWbXrIJsukg1xr9TkV8AX5TlNQkLJORYNMZfPyjC4Kc8m8GBUbDIuNErI7PfCtilOYdRSDPVjnpP574O7t2amlC_FKsXu1z25P8DzJuPaaUB35ne-c72zw3_N0Cj0hJWqfO3IPOdbgsI"]</value></Data></ExtendedData><Point><coordinates>13.175712,32.90055,0</coordinates></Point></Placemark><Placemark><name>مبنى بنك دي روما</name><description>&lt;div class="atlas-popup" dir="rtl"&gt;&lt;h3&gt;مبنى بنك دي روما&lt;/h3&gt;&lt;div class="atlas-popup-gallery"&gt;&lt;img src="https://mymaps.usercontent.google.com/hostedimage/m/*/3AAjQbR5ywZIdy7wftA_WCq3yMkhH7iqB00VwvNmOoiHE_X0vf0kMdzH0dQXr4ywc32EQLgMUoUMp90aHZBge4rx2CARkazTNxQuu7CVzKXbuIRAyekQ-NwGBZqSLxxcCRGEEk3Eok2uDpgZQ5Jf0fu8wsWGyUyS9wCoFvp6EpLwjyUwwTzpGpDZAvPw-EfzJ4ySUE64Zkp7SA74mMT2KE3xXwmw3AMVWOykmYhEo6FATJXBoZjWiH7NdOB8HHKI?authuser=1&amp;amp;fife=s16383" alt="مبنى بنك دي روما" loading="lazy" class="atlas-popup-image"&gt;&lt;img src="https://mymaps.usercontent.google.com/hostedimage/m/*/3AAjQbR4XJIfU1gbXXb0AYSxOb0oisQCqGsVXmF6NE6aadrKs6wJxlhJ5-GEAZo7fNwyNyHBkt097g73qaLna_3iDkv1I5q-nTJLB4_YrQ7NnN5xcR5KFQETY3QnRnuOhAEg77Pp1K_6XRVw63mvsZprXIn6SobCBncohVq4FtXVBFxyb9BdSItDkx87Mdcg79k8oP7JTBf1SpqC1aaRLLI8RgexiWovIqMznRbTGTJHihKeqUf2OcnqriohuNSo?authuser=1&amp;amp;fife=s16383" alt="مبنى بنك دي روما" loading="lazy" class="atlas-popup-image"&gt;&lt;img src="https://mymaps.usercontent.google.com/hostedimage/m/*/3AAjQbR4IFIj-RNxbAsL8ka_oP-doIgDJBCL5BCmJZ6n6czdDjY5oUalvsyJjrUgtfhpe8wYki1n2ZyqQqIicuNZhgeIGVyKfhtUEM_FxvH7PbB47jzyC5Z6-B50ea-vpCHMyBcaRlFMrldocLo1V5zn9GwOMnA5HCrI2yuP3O4Ci4L_aITLSijs0b6bSRFDQ7vlqVoQRFsuNgdFtsw5WlMaV8MHyFz-_iVfiMwZyVh9cOD21J5TpEOpvw71Yy2c?authuser=1&amp;amp;fife=s16383" alt="مبنى بنك دي روما" loading="lazy" class="atlas-popup-image"&gt;&lt;img src="https://mymaps.usercontent.google.com/hostedimage/m/*/3AAjQbR4yL8kNICssTYtZdkDfb8O46K3trjTivXAVgdZS3ZSDx_GqVQ4n0WmZovDg5tzqCWeQU4NTkonLIQ5jHVb1v2UGrqDFFko5aM1janaTUJW5uL44ntLmUsVYlch_oqueOKlBJhheuYr0SB8yL62dApkaRosdGA9GV_lLeyon-n5UEkSSZlSnHQxRIVuwEAfNcb3dzF0qfxvYMT3MrVaXvcmWhTyK4A92dyu_u0YuY61zA5j9dRN_GhCOdu4?authuser=1&amp;amp;fife=s16383" alt="مبنى بنك دي روما" loading="lazy" class="atlas-popup-image"&gt;&lt;/div&gt;&lt;div class="atlas-popup-details"&gt;&lt;div&gt;&lt;strong&gt;الاسم بالإنجليزية:&lt;/strong&gt; Bank di Roma&lt;/div&gt;&lt;div&gt;&lt;strong&gt;التصنيف:&lt;/strong&gt; مبنى&lt;/div&gt;&lt;div&gt;&lt;strong&gt;العنوان:&lt;/strong&gt; طرابلس/المدينة القديمة&lt;/div&gt;&lt;div&gt;&lt;strong&gt;الوصف:&lt;/strong&gt; مبنى بنك دي روما&lt;/div&gt;&lt;/div&gt;&lt;/div&gt;</description><ExtendedData><Data name="atlas_id"><value>LY-OLD-TRIPOLI-00079</value></Data><Data name="name_en"><value>Bank di Roma</value></Data><Data name="category"><value>مبنى</value></Data><Data name="address"><value>طرابلس/المدينة القديمة</value></Data><Data name="description"><value>مبنى بنك دي روما</value></Data><Data name="image_count"><value>4</value></Data><Data name="source_file"><value>المدينة القديمة _طرابلس.kml</value></Data><Data name="images_json"><value>["/assets/images/old-tripoli/old-tripoli-LY-OLD-TRIPOLI-00079-01.png","/assets/images/old-tripoli/old-tripoli-LY-OLD-TRIPOLI-00079-02.png","/assets/images/old-tripoli/old-tripoli-LY-OLD-TRIPOLI-00079-03.png","/assets/images/old-tripoli/old-tripoli-LY-OLD-TRIPOLI-00079-04.png"]</value></Data><Data name="atlas_id"><value>LY-OLD-TRIPOLI-00079</value></Data><Data name="image_count"><value>4</value></Data><Data name="source_file"><value>المدينة القديمة _طرابلس.kml</value></Data><Data name="images_json"><value>["/assets/images/old-tripoli/old-tripoli-LY-OLD-TRIPOLI-00079-01.png","/assets/images/old-tripoli/old-tripoli-LY-OLD-TRIPOLI-00079-02.png","/assets/images/old-tripoli/old-tripoli-LY-OLD-TRIPOLI-00079-03.png","/assets/images/old-tripoli/old-tripoli-LY-OLD-TRIPOLI-00079-04.png"]</value></Data><Data name="atlas_id"><value>LY-TRI-000079</value></Data><Data name="layer_id"><value>old-tripoli</value></Data><Data name="layer_name_ar"><value>المدينة القديمة طرابلس</value></Data><Data name="layer_name_en"><value>Old Tripoli</value></Data><Data name="name_ar"><value>مبنى بنك دي روما</value></Data><Data name="latitude"><value>32.898651</value></Data><Data name="longitude"><value>13.176054</value></Data><Data name="images_json"><value>["/assets/images/old-tripoli/old-tripoli-LY-OLD-TRIPOLI-00079-01.png","/assets/images/old-tripoli/old-tripoli-LY-OLD-TRIPOLI-00079-02.png","/assets/images/old-tripoli/old-tripoli-LY-OLD-TRIPOLI-00079-03.png","/assets/images/old-tripoli/old-tripoli-LY-OLD-TRIPOLI-00079-04.png"]</value></Data><Data name="image_count"><value>4</value></Data><Data name="source_file"><value>developed/old-tripoli-developed.kml</value></Data><Data name="source_placemark_index"><value>79</value></Data><Data name="data_quality_status"><value>ok</value></Data><Data name="source_media_url"><value>["https://mymaps.usercontent.google.com/hostedimage/m/*/3AAjQbR5ywZIdy7wftA_WCq3yMkhH7iqB00VwvNmOoiHE_X0vf0kMdzH0dQXr4ywc32EQLgMUoUMp90aHZBge4rx2CARkazTNxQuu7CVzKXbuIRAyekQ-NwGBZqSLxxcCRGEEk3Eok2uDpgZQ5Jf0fu8wsWGyUyS9wCoFvp6EpLwjyUwwTzpGpDZAvPw-EfzJ4ySUE64Zkp7SA74mMT2KE3xXwmw3AMVWOykmYhEo6FATJXBoZjWiH7NdOB8HHKI?authuser=1&amp;fife=s16383","https://mymaps.usercontent.google.com/hostedimage/m/*/3AAjQbR4XJIfU1gbXXb0AYSxOb0oisQCqGsVXmF6NE6aadrKs6wJxlhJ5-GEAZo7fNwyNyHBkt097g73qaLna_3iDkv1I5q-nTJLB4_YrQ7NnN5xcR5KFQETY3QnRnuOhAEg77Pp1K_6XRVw63mvsZprXIn6SobCBncohVq4FtXVBFxyb9BdSItDkx87Mdcg79k8oP7JTBf1SpqC1aaRLLI8RgexiWovIqMznRbTGTJHihKeqUf2OcnqriohuNSo?authuser=1&amp;fife=s16383","https://mymaps.usercontent.google.com/hostedimage/m/*/3AAjQbR4IFIj-RNxbAsL8ka_oP-doIgDJBCL5BCmJZ6n6czdDjY5oUalvsyJjrUgtfhpe8wYki1n2ZyqQqIicuNZhgeIGVyKfhtUEM_FxvH7PbB47jzyC5Z6-B50ea-vpCHMyBcaRlFMrldocLo1V5zn9GwOMnA5HCrI2yuP3O4Ci4L_aITLSijs0b6bSRFDQ7vlqVoQRFsuNgdFtsw5WlMaV8MHyFz-_iVfiMwZyVh9cOD21J5TpEOpvw71Yy2c?authuser=1&amp;fife=s16383","https://mymaps.usercontent.google.com/hostedimage/m/*/3AAjQbR4yL8kNICssTYtZdkDfb8O46K3trjTivXAVgdZS3ZSDx_GqVQ4n0WmZovDg5tzqCWeQU4NTkonLIQ5jHVb1v2UGrqDFFko5aM1janaTUJW5uL44ntLmUsVYlch_oqueOKlBJhheuYr0SB8yL62dApkaRosdGA9GV_lLeyon-n5UEkSSZlSnHQxRIVuwEAfNcb3dzF0qfxvYMT3MrVaXvcmWhTyK4A92dyu_u0YuY61zA5j9dRN_GhCOdu4?authuser=1&amp;fife=s16383"]</value></Data></ExtendedData><Point><coordinates>13.176054,32.898651,0</coordinates></Point></Placemark><Placemark><name>مبنى الريجية</name><description>&lt;div class="atlas-popup" dir="rtl"&gt;&lt;h3&gt;مبنى الريجية&lt;/h3&gt;&lt;div class="atlas-popup-gallery"&gt;&lt;img src="https://mymaps.usercontent.google.com/hostedimage/m/*/3AAjQbR6I-ynD0F36NFlMYBdmSXd1sria7EM8i6e3sT_EOYfIoZiFpwr0gTqoCUGz4aFEfl0akL5rwwMGF5H1LcKHysn5hnEKp4zzZIFnJpInOC0zl2rtHNDlMAhhBbFnCktVbYOL4BGQxuIzNi9d_XXgafKklcdSlD_lOxzDgMF79Km5OjYnNQht-uEZV31aItm9Uymw37fbXNH1CdwtWP7JyP7D9jVhgzUlbVhPAdUNtSzTRbeVDYFutU_Eu-w?authuser=1&amp;amp;fife=s16383" alt="مبنى الريجية" loading="lazy" class="atlas-popup-image"&gt;&lt;img src="https://mymaps.usercontent.google.com/hostedimage/m/*/3AAjQbR5spWcwtJDEdmXG2r4aS96_7Hn8_c_5vrwqBGL-kpqszjBeHTgIdZfisEKrJsYqwXiXD0Uh1De728b4AMMO67_Kat7LGvanfPkoGhtFn2S-s4tZTJG2YUTnZNgxTBaCiSw27O3sPUx8D1gbwkUS6UazQRF2c-tXXpOQZ2Sjbw3-NwT5c0wmSysr-h3KrQ0w5HH-FZQvCfUuvTtLNYSJKwaqV6fdhRcZEKbr6COcLaTu6Cc0j_djtqiCtQs?authuser=1&amp;amp;fife=s16383" alt="مبنى الريجية" loading="lazy" class="atlas-popup-image"&gt;&lt;/div&gt;&lt;div class="atlas-popup-details"&gt;&lt;div&gt;&lt;strong&gt;الاسم بالإنجليزية:&lt;/strong&gt; Al Rejiya Building&lt;/div&gt;&lt;div&gt;&lt;strong&gt;التصنيف:&lt;/strong&gt; مصنع تبغ&lt;/div&gt;&lt;div&gt;&lt;strong&gt;العنوان:&lt;/strong&gt; طرابلس/المدينة القديمة&lt;/div&gt;&lt;div&gt;&lt;strong&gt;الوصف:&lt;/strong&gt; مبنى الريجية&lt;/div&gt;&lt;/div&gt;&lt;/div&gt;</description><ExtendedData><Data name="atlas_id"><value>LY-OLD-TRIPOLI-00080</value></Data><Data name="name_en"><value>Al Rejiya Building</value></Data><Data name="category"><value>مصنع تبغ</value></Data><Data name="address"><value>طرابلس/المدينة القديمة</value></Data><Data name="description"><value>مبنى الريجية</value></Data><Data name="image_count"><value>2</value></Data><Data name="source_file"><value>المدينة القديمة _طرابلس.kml</value></Data><Data name="images_json"><value>["/assets/images/old-tripoli/old-tripoli-LY-OLD-TRIPOLI-00080-01.png","/assets/images/old-tripoli/old-tripoli-LY-OLD-TRIPOLI-00080-02.png"]</value></Data><Data name="atlas_id"><value>LY-OLD-TRIPOLI-00080</value></Data><Data name="image_count"><value>2</value></Data><Data name="source_file"><value>المدينة القديمة _طرابلس.kml</value></Data><Data name="images_json"><value>["/assets/images/old-tripoli/old-tripoli-LY-OLD-TRIPOLI-00080-01.png","/assets/images/old-tripoli/old-tripoli-LY-OLD-TRIPOLI-00080-02.png"]</value></Data><Data name="atlas_id"><value>LY-TRI-000080</value></Data><Data name="layer_id"><value>old-tripoli</value></Data><Data name="layer_name_ar"><value>المدينة القديمة طرابلس</value></Data><Data name="layer_name_en"><value>Old Tripoli</value></Data><Data name="name_ar"><value>مبنى الريجية</value></Data><Data name="latitude"><value>32.896212</value></Data><Data name="longitude"><value>13.171564</value></Data><Data name="images_json"><value>["/assets/images/old-tripoli/old-tripoli-LY-OLD-TRIPOLI-00080-01.png","/assets/images/old-tripoli/old-tripoli-LY-OLD-TRIPOLI-00080-02.png"]</value></Data><Data name="image_count"><value>2</value></Data><Data name="source_file"><value>developed/old-tripoli-developed.kml</value></Data><Data name="source_placemark_index"><value>80</value></Data><Data name="data_quality_status"><value>ok</value></Data><Data name="source_media_url"><value>["https://mymaps.usercontent.google.com/hostedimage/m/*/3AAjQbR6I-ynD0F36NFlMYBdmSXd1sria7EM8i6e3sT_EOYfIoZiFpwr0gTqoCUGz4aFEfl0akL5rwwMGF5H1LcKHysn5hnEKp4zzZIFnJpInOC0zl2rtHNDlMAhhBbFnCktVbYOL4BGQxuIzNi9d_XXgafKklcdSlD_lOxzDgMF79Km5OjYnNQht-uEZV31aItm9Uymw37fbXNH1CdwtWP7JyP7D9jVhgzUlbVhPAdUNtSzTRbeVDYFutU_Eu-w?authuser=1&amp;fife=s16383","https://mymaps.usercontent.google.com/hostedimage/m/*/3AAjQbR5spWcwtJDEdmXG2r4aS96_7Hn8_c_5vrwqBGL-kpqszjBeHTgIdZfisEKrJsYqwXiXD0Uh1De728b4AMMO67_Kat7LGvanfPkoGhtFn2S-s4tZTJG2YUTnZNgxTBaCiSw27O3sPUx8D1gbwkUS6UazQRF2c-tXXpOQZ2Sjbw3-NwT5c0wmSysr-h3KrQ0w5HH-FZQvCfUuvTtLNYSJKwaqV6fdhRcZEKbr6COcLaTu6Cc0j_djtqiCtQs?authuser=1&amp;fife=s16383"]</value></Data></ExtendedData><Point><coordinates>13.171564,32.896212,0</coordinates></Point></Placemark><Placemark><name>القنصلية الفرنسية</name><description>&lt;div class="atlas-popup" dir="rtl"&gt;&lt;h3&gt;القنصلية الفرنسية&lt;/h3&gt;&lt;div class="atlas-popup-gallery"&gt;&lt;img src="https://lh3.googleusercontent.com/umsh/AN6v0v7Z3W344VohozZyZfvwftctH6pxnJ4QidOZZ0CHZ7_LsVLqOnkvFmX7z411dBzG2DSNfL3pm_ioo9IaU_6ftUNeg7Z0WfQaP7KdiIEeoWUPJ7_39nI8HnXKL2dqkoncK8RE6J3a6YlRKFuc3SsNWnO04TXvIsMbVQUtJnZ4bXTI7XInCW9hhHTeubLXMjV4mF_YY52C4eP5uigk5x-ol6q4hZ6PoVapDLQhEYQVJY7WD8U76Ezfk3_pseBxm7m7pL-FOMIGkDYtpoQjvFRqDM9tMttg482a6T6NK9MXs3Pdc-xPMd2H1_C4VaUebRc4nKww6b9XeGaObBJE5Ec54aSfmfKSQuo43HGAYNBMp_lhGxYWYFiHzAWjjkrV-cLNYlUuFoKksQZ40ExAfiDRYjbhjUn6YziLCD_iISR_hEmj9s8I_Gj39qcX_iUadJDZheVtCECVecqLvDMMiSgWflCDFS42XgNOtTN4FITV79gKZwntpQ5fHEJGtvYKx2PGEtjZ8g2-c62DpRbXBXuIrt5G7u6dmC_PrmnpLXLYqyaC6OooP9LlOXb27-Rqxw1bIuYAKklX0-wapYvzhBJXuK4Z23-CoZzS6-kK2Nd_3vnQPIRUxexVZPc8vu43UQ9dSTjF_hqNDPY4vMdmQiLSTcme-v5DWa0gHVZLjcAtQSCJSkDBC3jVHKzV9GNcoWxhoTHS3fE_AQ" alt="القنصلية الفرنسية" loading="lazy" class="atlas-popup-image"&gt;&lt;img src="https://lh3.googleusercontent.com/umsh/AN6v0v5v-sYYNANIiUWPIVLh3tV53vSlw3KGXYCslkOOsApgfcDEJY-ZNmZbBtSRYThiBQtCCbVks4OrgyXmgaYLnDoNWhzbPdNLsh8LpmjiAiF3SvHPN1ZHVpyijmIrmb9n1b7m_sO9q-RJZlmaYfY1CMMng1yxcrchlqxGe5c9M-IW9cWXj-gt1KoU4cixRzXgt8-W0-TH9GLKHPvSsOm5cVP2IeoK1PbLmrPK67wwh7bMx264QvK2FVjedCj9VeHcn2XWr-6t17sUK4EtPz2wqcjC8mEcdXXgAuaZGeuNphZoM2_asOVy6ojpWL-PlkBcYTka3XFMmwH6LwgGautae_RP7kej_Md0FoCa6iO4pJsMwksm9_8uhv6tih3aWw-TxEROHOzwhx4U3MZs-05dAArlSNWLIRJkfTeUC5h-shDQVTqkeVydbxeOu_cwGhzGqijrtkSAXHbrOtUH6WApJXmn1dUxtppQGeBQJqj0ToEoG9T5-jRIpBy5ounnjUKuiwBCsmQG6ApMSzqmycEnjFSDOLmaBpVlPZDJS3b3qa6GubwDy8_6tCNDFBp8e7odo7R2g2Gp7OsDRVOtf_n_rsGvD1bT8i7Vtlt0dxaP1joPYucL3uBUL0zGWQy1YQHVRpP9FV5sL7uSjlvy9L2Wd1Nb-IVJAaN5OUh5XHpQcGIeMB9mBb7veK5PjB-fKCcHlmdYeIHwzQ" alt="القنصلية الفرنسية" loading="lazy" class="atlas-popup-image"&gt;&lt;img src="https://lh3.googleusercontent.com/umsh/AN6v0v5b2vu2v8V3COFUVoVI3G0dCMu-ZjW95qutmV_ffyo4VopqmCWbjOKE4qIJLRmt09xsbZn12MDkWQKzeyMS0UEh6h6BtHb6iiF1sCQZjED4zqwPEC37Myi86eJ36Un2BSpYSoIuyYKRxEXdOmRT7ScxR741PAUe6bNC3wT12G6-_gxRdTa8ztH93zW5CLBL5_UQiqloWYWr9fc0dOBI8Sv215bOukqxwZHIFtkLuODibJ8FPSjVH2a73LyrHMY74qjsTZgHb4VlY0gOSQWFpLGCbvP6VSAOc2H2OYFaSerrOZfYGCaT0-qhb3sbsmn_3GSbfZ4kiSBBOEjgfKY8CG9_PzXpevzF3lDNLqcg4Q2-MMgHKAAfhCTRNMUYsETmRY3YC6kBsM9YChRMPurk_rlcEsFy_WbCfC8T8errmJlyzjlwlGzrHIJ2TVUhA9bn3M5znonNccMfsDhRMx0bUeNWwNHSrlqzdY-KmaKrSNrWVKwy-2tPJJgvkYccrXlg809UD3XB0UNrD6KlUv8NnKTX6HGb3Of8OSe-TzxziSrk09PBcuE1wsPxzjp8tkEWwW-uH4VAM_fLs51e2DC1BE_zIB2C4Q3aksvRfK1Zq7D1dujsuy-5lDvJhbXqY7PlECWwyz5g5Jq4UqHzVLbt8QoTGHcAf-xGU56t7wwLipoku6ly6IpHbf07272oJp0D4WAOSqB3KQE" alt="القنصلية الفرنسية" loading="lazy" class="atlas-popup-image"&gt;&lt;/div&gt;&lt;div class="atlas-popup-details"&gt;&lt;div&gt;&lt;strong&gt;الاسم بالإنجليزية:&lt;/strong&gt; French Consulate&lt;/div&gt;&lt;div&gt;&lt;strong&gt;التصنيف:&lt;/strong&gt; المبنى التاريخي المعروف بـ القنصلية الفرنسية السابقة في المدينة القديمة بطرابلس يُعرف حالياً باسم دار حسن الفقيه حسن للثقافة والفنون&lt;/div&gt;&lt;div&gt;&lt;strong&gt;العنوان:&lt;/strong&gt; طرابلس/المدينة القديمة&lt;/div&gt;&lt;div&gt;&lt;strong&gt;الوصف:&lt;/strong&gt; القنصلية الفرنسية&lt;/div&gt;&lt;/div&gt;&lt;/div&gt;</description><ExtendedData><Data name="atlas_id"><value>LY-OLD-TRIPOLI-00081</value></Data><Data name="name_en"><value>French Consulate</value></Data><Data name="category"><value>المبنى التاريخي المعروف بـ القنصلية الفرنسية السابقة في المدينة القديمة بطرابلس يُعرف حالياً باسم دار حسن الفقيه حسن للثقافة والفنون</value></Data><Data name="address"><value>طرابلس/المدينة القديمة</value></Data><Data name="description"><value>القنصلية الفرنسية</value></Data><Data name="image_count"><value>3</value></Data><Data name="source_file"><value>المدينة القديمة _طرابلس.kml</value></Data><Data name="images_json"><value>["/assets/images/old-tripoli/old-tripoli-LY-OLD-TRIPOLI-00081-01.png","/assets/images/old-tripoli/old-tripoli-LY-OLD-TRIPOLI-00081-02.png","/assets/images/old-tripoli/old-tripoli-LY-OLD-TRIPOLI-00081-03.png"]</value></Data><Data name="atlas_id"><value>LY-OLD-TRIPOLI-00081</value></Data><Data name="image_count"><value>3</value></Data><Data name="source_file"><value>المدينة القديمة _طرابلس.kml</value></Data><Data name="images_json"><value>["/assets/images/old-tripoli/old-tripoli-LY-OLD-TRIPOLI-00081-01.png","/assets/images/old-tripoli/old-tripoli-LY-OLD-TRIPOLI-00081-02.png","/assets/images/old-tripoli/old-tripoli-LY-OLD-TRIPOLI-00081-03.png"]</value></Data><Data name="atlas_id"><value>LY-TRI-000081</value></Data><Data name="layer_id"><value>old-tripoli</value></Data><Data name="layer_name_ar"><value>المدينة القديمة طرابلس</value></Data><Data name="layer_name_en"><value>Old Tripoli</value></Data><Data name="name_ar"><value>القنصلية الفرنسية</value></Data><Data name="latitude"><value>32.899477</value></Data><Data name="longitude"><value>13.176054</value></Data><Data name="images_json"><value>["/assets/images/old-tripoli/old-tripoli-LY-OLD-TRIPOLI-00081-01.png","/assets/images/old-tripoli/old-tripoli-LY-OLD-TRIPOLI-00081-02.png","/assets/images/old-tripoli/old-tripoli-LY-OLD-TRIPOLI-00081-03.png"]</value></Data><Data name="image_count"><value>3</value></Data><Data name="source_file"><value>developed/old-tripoli-developed.kml</value></Data><Data name="source_placemark_index"><value>81</value></Data><Data name="data_quality_status"><value>ok</value></Data><Data name="source_media_url"><value>["https://lh3.googleusercontent.com/umsh/AN6v0v7Z3W344VohozZyZfvwftctH6pxnJ4QidOZZ0CHZ7_LsVLqOnkvFmX7z411dBzG2DSNfL3pm_ioo9IaU_6ftUNeg7Z0WfQaP7KdiIEeoWUPJ7_39nI8HnXKL2dqkoncK8RE6J3a6YlRKFuc3SsNWnO04TXvIsMbVQUtJnZ4bXTI7XInCW9hhHTeubLXMjV4mF_YY52C4eP5uigk5x-ol6q4hZ6PoVapDLQhEYQVJY7WD8U76Ezfk3_pseBxm7m7pL-FOMIGkDYtpoQjvFRqDM9tMttg482a6T6NK9MXs3Pdc-xPMd2H1_C4VaUebRc4nKww6b9XeGaObBJE5Ec54aSfmfKSQuo43HGAYNBMp_lhGxYWYFiHzAWjjkrV-cLNYlUuFoKksQZ40ExAfiDRYjbhjUn6YziLCD_iISR_hEmj9s8I_Gj39qcX_iUadJDZheVtCECVecqLvDMMiSgWflCDFS42XgNOtTN4FITV79gKZwntpQ5fHEJGtvYKx2PGEtjZ8g2-c62DpRbXBXuIrt5G7u6dmC_PrmnpLXLYqyaC6OooP9LlOXb27-Rqxw1bIuYAKklX0-wapYvzhBJXuK4Z23-CoZzS6-kK2Nd_3vnQPIRUxexVZPc8vu43UQ9dSTjF_hqNDPY4vMdmQiLSTcme-v5DWa0gHVZLjcAtQSCJSkDBC3jVHKzV9GNcoWxhoTHS3fE_AQ","https://lh3.googleusercontent.com/umsh/AN6v0v5v-sYYNANIiUWPIVLh3tV53vSlw3KGXYCslkOOsApgfcDEJY-ZNmZbBtSRYThiBQtCCbVks4OrgyXmgaYLnDoNWhzbPdNLsh8LpmjiAiF3SvHPN1ZHVpyijmIrmb9n1b7m_sO9q-RJZlmaYfY1CMMng1yxcrchlqxGe5c9M-IW9cWXj-gt1KoU4cixRzXgt8-W0-TH9GLKHPvSsOm5cVP2IeoK1PbLmrPK67wwh7bMx264QvK2FVjedCj9VeHcn2XWr-6t17sUK4EtPz2wqcjC8mEcdXXgAuaZGeuNphZoM2_asOVy6ojpWL-PlkBcYTka3XFMmwH6LwgGautae_RP7kej_Md0FoCa6iO4pJsMwksm9_8uhv6tih3aWw-TxEROHOzwhx4U3MZs-05dAArlSNWLIRJkfTeUC5h-shDQVTqkeVydbxeOu_cwGhzGqijrtkSAXHbrOtUH6WApJXmn1dUxtppQGeBQJqj0ToEoG9T5-jRIpBy5ounnjUKuiwBCsmQG6ApMSzqmycEnjFSDOLmaBpVlPZDJS3b3qa6GubwDy8_6tCNDFBp8e7odo7R2g2Gp7OsDRVOtf_n_rsGvD1bT8i7Vtlt0dxaP1joPYucL3uBUL0zGWQy1YQHVRpP9FV5sL7uSjlvy9L2Wd1Nb-IVJAaN5OUh5XHpQcGIeMB9mBb7veK5PjB-fKCcHlmdYeIHwzQ","https://lh3.googleusercontent.com/umsh/AN6v0v5b2vu2v8V3COFUVoVI3G0dCMu-ZjW95qutmV_ffyo4VopqmCWbjOKE4qIJLRmt09xsbZn12MDkWQKzeyMS0UEh6h6BtHb6iiF1sCQZjED4zqwPEC37Myi86eJ36Un2BSpYSoIuyYKRxEXdOmRT7ScxR741PAUe6bNC3wT12G6-_gxRdTa8ztH93zW5CLBL5_UQiqloWYWr9fc0dOBI8Sv215bOukqxwZHIFtkLuODibJ8FPSjVH2a73LyrHMY74qjsTZgHb4VlY0gOSQWFpLGCbvP6VSAOc2H2OYFaSerrOZfYGCaT0-qhb3sbsmn_3GSbfZ4kiSBBOEjgfKY8CG9_PzXpevzF3lDNLqcg4Q2-MMgHKAAfhCTRNMUYsETmRY3YC6kBsM9YChRMPurk_rlcEsFy_WbCfC8T8errmJlyzjlwlGzrHIJ2TVUhA9bn3M5znonNccMfsDhRMx0bUeNWwNHSrlqzdY-KmaKrSNrWVKwy-2tPJJgvkYccrXlg809UD3XB0UNrD6KlUv8NnKTX6HGb3Of8OSe-TzxziSrk09PBcuE1wsPxzjp8tkEWwW-uH4VAM_fLs51e2DC1BE_zIB2C4Q3aksvRfK1Zq7D1dujsuy-5lDvJhbXqY7PlECWwyz5g5Jq4UqHzVLbt8QoTGHcAf-xGU56t7wwLipoku6ly6IpHbf07272oJp0D4WAOSqB3KQE"]</value></Data></ExtendedData><Point><coordinates>13.176054,32.899477,0</coordinates></Point></Placemark><Placemark><name>حوش القرمانللي</name><description>&lt;div class="atlas-popup" dir="rtl"&gt;&lt;h3&gt;حوش القرمانللي&lt;/h3&gt;&lt;div class="atlas-popup-gallery"&gt;&lt;img src="https://mymaps.usercontent.google.com/hostedimage/m/*/3AAjQbR6DyfQo_0FcG0Br-qb8CevRnvZcD_Fp5aIoBDbuZFLtgVM5ZD8cHTWKNeZ_AR0-yw5hMktjprM07MF4KY64BFa06IpdNzGVyoC_KbxjpbnR5bCgS7qTYTdAGLy0VR1cALD-yYiKALhguDgHpO-5rMMJ4tpKYsv1R79hp0MaK5TaJa_IuglinL-pJLzAWpm27Run_VMQMuCZNxJZZWsvX2btbRNeM1RjpfDRkhja0AiE-5eVfxfB5yJSJXo?authuser=1&amp;amp;fife=s16383" alt="حوش القرمانللي" loading="lazy" class="atlas-popup-image"&gt;&lt;img src="https://mymaps.usercontent.google.com/hostedimage/m/*/3AAjQbR6Y3i-4DmdTidkeOwgSUF-nDtPD393Si5217W9RNA9weU6-SzkcHRZrPU8M7CqhIIbLQBNHWU-44uTMNGYUZ_Z2-lrWj7pr-2qVK7S4MW2jfQtZUQOoW_qQqJ7Bv6-hKtHqkGLDkuX2XZR8FoMwfCYOusTGtWX83ScngD7nleh7lGbMGisOfAv_f-3fgOCNQGLNKH9aqhmWd7ym0qnsdWuozZqjBBg2R-By0Ht_YeiUvLcihaatWgPxfpg?authuser=1&amp;amp;fife=s16383" alt="حوش القرمانللي" loading="lazy" class="atlas-popup-image"&gt;&lt;img src="https://mymaps.usercontent.google.com/hostedimage/m/*/3AAjQbR6SNky1vwy-SwNjK5hRDG4ezVzSP7EzZRAmjQfYMNKDw0D9ELxGJ0GkCViKVANr7E9SEAU8i3OU_0GE8XlG_tOvX9P7qSy1MLzdrVRwnz6m05xqEI9rqkDCszNpztlLNWwpy2LBZQC8lL8EtecPs4PcqbxpMFC2aH22RpF2ZaodO6A_gymaRw0aLm5tfwF6Q613YlA4Rf0wxbumhbCy5ykQrIrPAho5aycomOzWPEZc0nQLqqFi3iCf7vE?authuser=1&amp;amp;fife=s16383" alt="حوش القرمانللي" loading="lazy" class="atlas-popup-image"&gt;&lt;/div&gt;&lt;div class="atlas-popup-details"&gt;&lt;div&gt;&lt;strong&gt;الاسم بالإنجليزية:&lt;/strong&gt; Al Garamanli house&lt;/div&gt;&lt;div&gt;&lt;strong&gt;التصنيف:&lt;/strong&gt; معلم اثري&lt;/div&gt;&lt;div&gt;&lt;strong&gt;العنوان:&lt;/strong&gt; طرابلس/المدينة القديمة&lt;/div&gt;&lt;div&gt;&lt;strong&gt;الوصف:&lt;/strong&gt; حوش القرمانللي&lt;/div&gt;&lt;/div&gt;&lt;/div&gt;</description><ExtendedData><Data name="atlas_id"><value>LY-OLD-TRIPOLI-00082</value></Data><Data name="name_en"><value>Al Garamanli house</value></Data><Data name="category"><value>معلم اثري</value></Data><Data name="address"><value>طرابلس/المدينة القديمة</value></Data><Data name="description"><value>حوش القرمانللي</value></Data><Data name="image_count"><value>3</value></Data><Data name="source_file"><value>المدينة القديمة _طرابلس.kml</value></Data><Data name="images_json"><value>["/assets/images/old-tripoli/old-tripoli-LY-OLD-TRIPOLI-00082-01.png","/assets/images/old-tripoli/old-tripoli-LY-OLD-TRIPOLI-00082-02.png","/assets/images/old-tripoli/old-tripoli-LY-OLD-TRIPOLI-00082-03.png"]</value></Data><Data name="atlas_id"><value>LY-OLD-TRIPOLI-00082</value></Data><Data name="image_count"><value>3</value></Data><Data name="source_file"><value>المدينة القديمة _طرابلس.kml</value></Data><Data name="images_json"><value>["/assets/images/old-tripoli/old-tripoli-LY-OLD-TRIPOLI-00082-01.png","/assets/images/old-tripoli/old-tripoli-LY-OLD-TRIPOLI-00082-02.png","/assets/images/old-tripoli/old-tripoli-LY-OLD-TRIPOLI-00082-03.png"]</value></Data><Data name="atlas_id"><value>LY-TRI-000082</value></Data><Data name="layer_id"><value>old-tripoli</value></Data><Data name="layer_name_ar"><value>المدينة القديمة طرابلس</value></Data><Data name="layer_name_en"><value>Old Tripoli</value></Data><Data name="name_ar"><value>حوش القرمانللي</value></Data><Data name="latitude"><value>32.897335</value></Data><Data name="longitude"><value>13.176759</value></Data><Data name="images_json"><value>["/assets/images/old-tripoli/old-tripoli-LY-OLD-TRIPOLI-00082-01.png","/assets/images/old-tripoli/old-tripoli-LY-OLD-TRIPOLI-00082-02.png","/assets/images/old-tripoli/old-tripoli-LY-OLD-TRIPOLI-00082-03.png"]</value></Data><Data name="image_count"><value>3</value></Data><Data name="source_file"><value>developed/old-tripoli-developed.kml</value></Data><Data name="source_placemark_index"><value>82</value></Data><Data name="data_quality_status"><value>ok</value></Data><Data name="source_media_url"><value>["https://mymaps.usercontent.google.com/hostedimage/m/*/3AAjQbR6DyfQo_0FcG0Br-qb8CevRnvZcD_Fp5aIoBDbuZFLtgVM5ZD8cHTWKNeZ_AR0-yw5hMktjprM07MF4KY64BFa06IpdNzGVyoC_KbxjpbnR5bCgS7qTYTdAGLy0VR1cALD-yYiKALhguDgHpO-5rMMJ4tpKYsv1R79hp0MaK5TaJa_IuglinL-pJLzAWpm27Run_VMQMuCZNxJZZWsvX2btbRNeM1RjpfDRkhja0AiE-5eVfxfB5yJSJXo?authuser=1&amp;fife=s16383","https://mymaps.usercontent.google.com/hostedimage/m/*/3AAjQbR6Y3i-4DmdTidkeOwgSUF-nDtPD393Si5217W9RNA9weU6-SzkcHRZrPU8M7CqhIIbLQBNHWU-44uTMNGYUZ_Z2-lrWj7pr-2qVK7S4MW2jfQtZUQOoW_qQqJ7Bv6-hKtHqkGLDkuX2XZR8FoMwfCYOusTGtWX83ScngD7nleh7lGbMGisOfAv_f-3fgOCNQGLNKH9aqhmWd7ym0qnsdWuozZqjBBg2R-By0Ht_YeiUvLcihaatWgPxfpg?authuser=1&amp;fife=s16383","https://mymaps.usercontent.google.com/hostedimage/m/*/3AAjQbR6SNky1vwy-SwNjK5hRDG4ezVzSP7EzZRAmjQfYMNKDw0D9ELxGJ0GkCViKVANr7E9SEAU8i3OU_0GE8XlG_tOvX9P7qSy1MLzdrVRwnz6m05xqEI9rqkDCszNpztlLNWwpy2LBZQC8lL8EtecPs4PcqbxpMFC2aH22RpF2ZaodO6A_gymaRw0aLm5tfwF6Q613YlA4Rf0wxbumhbCy5ykQrIrPAho5aycomOzWPEZc0nQLqqFi3iCf7vE?authuser=1&amp;fife=s16383"]</value></Data></ExtendedData><Point><coordinates>13.176759,32.897335,0</coordinates></Point></Placemark><Placemark><name>Galleria de bono</name><description>&lt;div class="atlas-popup" dir="rtl"&gt;&lt;h3&gt;Galleria de bono&lt;/h3&gt;&lt;div class="atlas-popup-gallery"&gt;&lt;/div&gt;&lt;div class="atlas-popup-details"&gt;&lt;div&gt;&lt;strong&gt;الوصف:&lt;/strong&gt; الوصف: En: العنوان: النوع: معلومات اخرى:&lt;/div&gt;&lt;/div&gt;&lt;/div&gt;</description><ExtendedData><Data name="atlas_id"><value>LY-OLD-TRIPOLI-00083</value></Data><Data name="description"><value>الوصف: En: العنوان: النوع: معلومات اخرى:</value></Data><Data name="image_count"><value>0</value></Data><Data name="source_file"><value>المدينة القديمة _طرابلس.kml</value></Data><Data name="images_json"><value>[]</value></Data><Data name="atlas_id"><value>LY-OLD-TRIPOLI-00083</value></Data><Data name="image_count"><value>0</value></Data><Data name="source_file"><value>المدينة القديمة _طرابلس.kml</value></Data><Data name="images_json"><value>[]</value></Data><Data name="atlas_id"><value>LY-TRI-000083</value></Data><Data name="layer_id"><value>old-tripoli</value></Data><Data name="layer_name_ar"><value>المدينة القديمة طرابلس</value></Data><Data name="layer_name_en"><value>Old Tripoli</value></Data><Data name="name_ar"><value>Galleria de bono</value></Data><Data name="latitude"><value>32.8936113</value></Data><Data name="longitude"><value>13.1819713</value></Data><Data name="images_json"><value>[]</value></Data><Data name="image_count"><value>0</value></Data><Data name="source_file"><value>developed/old-tripoli-developed.kml</value></Data><Data name="source_placemark_index"><value>83</value></Data><Data name="data_quality_status"><value>missing_media</value></Data></ExtendedData><Point><coordinates>13.1819713,32.8936113,0</coordinates></Point></Placemark><Placemark><name>جالاريا ماريوتي</name><description>&lt;div class="atlas-popup" dir="rtl"&gt;&lt;h3&gt;جالاريا ماريوتي&lt;/h3&gt;&lt;div class="atlas-popup-gallery"&gt;&lt;img src="https://mymaps.usercontent.google.com/hostedimage/m/*/3AAjQbR7lLe6eK31ZQIVSI3FIhVwbjua2qItgG6pRBEUoH6XfhT8L7q9nAKDC-gMDz-eERckXvaNyHRLVvQmvGZ01sJQw47iA4AV3W_QShXScs4neqFprwY7BKXZQ8nBhb0nMkhsqsDvkmJEr2siZvYBxvCHM1ri4aszIoSGew5wbQJ9iVm650LNYsaIVoCJ5oMq4sLgseMh4ahxl3hdixoSdp0p3nJVaHmcIudi5uU2n_Q4B6h_CRAjxcc8mmNU?authuser=1&amp;amp;fife=s16383" alt="جالاريا ماريوتي" loading="lazy" class="atlas-popup-image"&gt;&lt;img src="https://mymaps.usercontent.google.com/hostedimage/m/*/3AAjQbR7DrDYNDLQrFjXGdR2vg6XS9Xq0jO1IB39jlvgqH30wa8Me1R4VRr6G6qhxl-YX3Oi-6ad2J8puBHYKDZiUhxhXQbOi5u1tRtbzKFo5DiX6fB_vQteeTGTjr8LtLklT2xTKmNL7e5Gxv7egd_wmsupcbtJ_s4mJTJpDdvbdFThSWLQdh_GQYSrVJ4FefYaJd1FZ1BIv_zoGCxQdk0Xsz8K1GO571Own1ru4id0fDjas_CuelawbsJZoFJg?authuser=1&amp;amp;fife=s16383" alt="جالاريا ماريوتي" loading="lazy" class="atlas-popup-image"&gt;&lt;img src="https://mymaps.usercontent.google.com/hostedimage/m/*/3AAjQbR7U99oYD2ZdA_Nm3qmMD_aCtwl8cF-8zdV5Fi6Eih-9MsOqT5BTVy2bATuXwKGof28sdt3ZaFZCLNbms08s15UaFI1_ZPZ-0YomJyTd_Mo5SjleTOS5CZSz18IdhWsIo1mjtQ3I7MV3xp0ZJL3iV2PKerzfzW7lcSdwlNsmUxLnudDncSmIHiLyX8MECXIQwA8rOo_slXsLIFjfpcNJoNghJlyGm56tFntduzHcdW0ezGhYae6wNxQz1Mw?authuser=1&amp;amp;fife=s16383" alt="جالاريا ماريوتي" loading="lazy" class="atlas-popup-image"&gt;&lt;/div&gt;&lt;div class="atlas-popup-details"&gt;&lt;div&gt;&lt;strong&gt;الاسم بالإنجليزية:&lt;/strong&gt; Tripoli Galleria Morioti&lt;/div&gt;&lt;div&gt;&lt;strong&gt;التصنيف:&lt;/strong&gt; مبنى تاريخي&lt;/div&gt;&lt;div&gt;&lt;strong&gt;العنوان:&lt;/strong&gt; تقع تحديداً عند منطقة باب الحرية المتاخمة لأطراف المدينة القديمة.&lt;/div&gt;&lt;div&gt;&lt;strong&gt;الوصف:&lt;/strong&gt; شُيدت هذه الجاليريا في خمسينيات القرن الماضي&lt;/div&gt;&lt;/div&gt;&lt;/div&gt;</description><ExtendedData><Data name="atlas_id"><value>LY-OLD-TRIPOLI-00084</value></Data><Data name="name_en"><value>Tripoli Galleria Morioti</value></Data><Data name="category"><value>مبنى تاريخي</value></Data><Data name="address"><value>تقع تحديداً عند منطقة باب الحرية المتاخمة لأطراف المدينة القديمة.</value></Data><Data name="description"><value>شُيدت هذه الجاليريا في خمسينيات القرن الماضي</value></Data><Data name="image_count"><value>3</value></Data><Data name="source_file"><value>المدينة القديمة _طرابلس.kml</value></Data><Data name="images_json"><value>["/assets/images/old-tripoli/old-tripoli-LY-OLD-TRIPOLI-00084-01.png","/assets/images/old-tripoli/old-tripoli-LY-OLD-TRIPOLI-00084-02.png","/assets/images/old-tripoli/old-tripoli-LY-OLD-TRIPOLI-00084-03.png"]</value></Data><Data name="atlas_id"><value>LY-OLD-TRIPOLI-00084</value></Data><Data name="image_count"><value>3</value></Data><Data name="source_file"><value>المدينة القديمة _طرابلس.kml</value></Data><Data name="images_json"><value>["/assets/images/old-tripoli/old-tripoli-LY-OLD-TRIPOLI-00084-01.png","/assets/images/old-tripoli/old-tripoli-LY-OLD-TRIPOLI-00084-02.png","/assets/images/old-tripoli/old-tripoli-LY-OLD-TRIPOLI-00084-03.png"]</value></Data><Data name="atlas_id"><value>LY-TRI-000084</value></Data><Data name="layer_id"><value>old-tripoli</value></Data><Data name="layer_name_ar"><value>المدينة القديمة طرابلس</value></Data><Data name="layer_name_en"><value>Old Tripoli</value></Data><Data name="name_ar"><value>جالاريا ماريوتي</value></Data><Data name="latitude"><value>32.8938593</value></Data><Data name="longitude"><value>13.178165</value></Data><Data name="images_json"><value>["/assets/images/old-tripoli/old-tripoli-LY-OLD-TRIPOLI-00084-01.png","/assets/images/old-tripoli/old-tripoli-LY-OLD-TRIPOLI-00084-02.png","/assets/images/old-tripoli/old-tripoli-LY-OLD-TRIPOLI-00084-03.png"]</value></Data><Data name="image_count"><value>3</value></Data><Data name="source_file"><value>developed/old-tripoli-developed.kml</value></Data><Data name="source_placemark_index"><value>84</value></Data><Data name="data_quality_status"><value>ok</value></Data><Data name="source_media_url"><value>["https://mymaps.usercontent.google.com/hostedimage/m/*/3AAjQbR7lLe6eK31ZQIVSI3FIhVwbjua2qItgG6pRBEUoH6XfhT8L7q9nAKDC-gMDz-eERckXvaNyHRLVvQmvGZ01sJQw47iA4AV3W_QShXScs4neqFprwY7BKXZQ8nBhb0nMkhsqsDvkmJEr2siZvYBxvCHM1ri4aszIoSGew5wbQJ9iVm650LNYsaIVoCJ5oMq4sLgseMh4ahxl3hdixoSdp0p3nJVaHmcIudi5uU2n_Q4B6h_CRAjxcc8mmNU?authuser=1&amp;fife=s16383","https://mymaps.usercontent.google.com/hostedimage/m/*/3AAjQbR7DrDYNDLQrFjXGdR2vg6XS9Xq0jO1IB39jlvgqH30wa8Me1R4VRr6G6qhxl-YX3Oi-6ad2J8puBHYKDZiUhxhXQbOi5u1tRtbzKFo5DiX6fB_vQteeTGTjr8LtLklT2xTKmNL7e5Gxv7egd_wmsupcbtJ_s4mJTJpDdvbdFThSWLQdh_GQYSrVJ4FefYaJd1FZ1BIv_zoGCxQdk0Xsz8K1GO571Own1ru4id0fDjas_CuelawbsJZoFJg?authuser=1&amp;fife=s16383","https://mymaps.usercontent.google.com/hostedimage/m/*/3AAjQbR7U99oYD2ZdA_Nm3qmMD_aCtwl8cF-8zdV5Fi6Eih-9MsOqT5BTVy2bATuXwKGof28sdt3ZaFZCLNbms08s15UaFI1_ZPZ-0YomJyTd_Mo5SjleTOS5CZSz18IdhWsIo1mjtQ3I7MV3xp0ZJL3iV2PKerzfzW7lcSdwlNsmUxLnudDncSmIHiLyX8MECXIQwA8rOo_slXsLIFjfpcNJoNghJlyGm56tFntduzHcdW0ezGhYae6wNxQz1Mw?authuser=1&amp;fife=s16383"]</value></Data></ExtendedData><Point><coordinates>13.178165,32.8938593,0</coordinates></Point></Placemark><Placemark><name>مبنى القنصلية الايطالية</name><description>&lt;div class="atlas-popup" dir="rtl"&gt;&lt;h3&gt;مبنى القنصلية الايطالية&lt;/h3&gt;&lt;div class="atlas-popup-gallery"&gt;&lt;/div&gt;&lt;div class="atlas-popup-details"&gt;&lt;div&gt;&lt;strong&gt;الاسم بالإنجليزية:&lt;/strong&gt; italian Consulate&lt;/div&gt;&lt;div&gt;&lt;strong&gt;التصنيف:&lt;/strong&gt; قنصلية&lt;/div&gt;&lt;div&gt;&lt;strong&gt;العنوان:&lt;/strong&gt; طرابلس/المدينة القديمة&lt;/div&gt;&lt;div&gt;&lt;strong&gt;الوصف:&lt;/strong&gt; مبنى القنصلية الايطالية&lt;/div&gt;&lt;/div&gt;&lt;/div&gt;</description><ExtendedData><Data name="atlas_id"><value>LY-OLD-TRIPOLI-00085</value></Data><Data name="name_en"><value>italian Consulate</value></Data><Data name="category"><value>قنصلية</value></Data><Data name="address"><value>طرابلس/المدينة القديمة</value></Data><Data name="description"><value>مبنى القنصلية الايطالية</value></Data><Data name="image_count"><value>0</value></Data><Data name="source_file"><value>المدينة القديمة _طرابلس.kml</value></Data><Data name="images_json"><value>[]</value></Data><Data name="atlas_id"><value>LY-OLD-TRIPOLI-00085</value></Data><Data name="image_count"><value>0</value></Data><Data name="source_file"><value>المدينة القديمة _طرابلس.kml</value></Data><Data name="images_json"><value>[]</value></Data><Data name="atlas_id"><value>LY-TRI-000085</value></Data><Data name="layer_id"><value>old-tripoli</value></Data><Data name="layer_name_ar"><value>المدينة القديمة طرابلس</value></Data><Data name="layer_name_en"><value>Old Tripoli</value></Data><Data name="name_ar"><value>مبنى القنصلية الايطالية</value></Data><Data name="latitude"><value>32.898182</value></Data><Data name="longitude"><value>13.176445</value></Data><Data name="images_json"><value>[]</value></Data><Data name="image_count"><value>0</value></Data><Data name="source_file"><value>developed/old-tripoli-developed.kml</value></Data><Data name="source_placemark_index"><value>85</value></Data><Data name="data_quality_status"><value>missing_media</value></Data></ExtendedData><Point><coordinates>13.176445,32.898182,0</coordinates></Point></Placemark><Placemark><name>مبنى بلدية طرابلس التاريخية</name><description>&lt;div class="atlas-popup" dir="rtl"&gt;&lt;h3&gt;مبنى بلدية طرابلس التاريخية&lt;/h3&gt;&lt;div class="atlas-popup-gallery"&gt;&lt;img src="https://mymaps.usercontent.google.com/hostedimage/m/*/3AAjQbR7X_SESjwW0q9-_59iTmSQY9UrpFynmlwQnj4ReGcvDN-2OKjjOaX5S6-LjM2IAjse4DApTJ33u5kS83GOjroh8oDXCvg_tG8tdkCVk82f-jatO314uAYb4F9hZWXomaJcXSBQZtcC-vTpGPrLy-84CSJSkTMpHwsvlArUaaMEW-HKMHgqbt3-nUtfX__VjQFW2AU7zZJAH6LRl5QJpPiZztVyWJ-K08yaneHThDTAgxpeNOfV78Kzduy0?authuser=1&amp;amp;fife=s16383" alt="مبنى بلدية طرابلس التاريخية" loading="lazy" class="atlas-popup-image"&gt;&lt;/div&gt;&lt;div class="atlas-popup-details"&gt;&lt;div&gt;&lt;strong&gt;الاسم بالإنجليزية:&lt;/strong&gt; Municipality of Tripoli Building&lt;/div&gt;&lt;div&gt;&lt;strong&gt;التصنيف:&lt;/strong&gt; مبنى اداري&lt;/div&gt;&lt;div&gt;&lt;strong&gt;العنوان:&lt;/strong&gt; يقع مبنى بلدية طرابلس التاريخي في العاصمة الليبية (طرابلس الغرب)، وتحديداً في منطقة باب البحر المتاخمة لمدخل المدينة القديمة والمطلة على البحر الأبيض المتوسط.&lt;/div&gt;&lt;div&gt;&lt;strong&gt;الوصف:&lt;/strong&gt; مبنى بلدية طرابلس التاريخية&lt;/div&gt;&lt;/div&gt;&lt;/div&gt;</description><ExtendedData><Data name="atlas_id"><value>LY-OLD-TRIPOLI-00086</value></Data><Data name="name_en"><value>Municipality of Tripoli Building</value></Data><Data name="category"><value>مبنى اداري</value></Data><Data name="address"><value>يقع مبنى بلدية طرابلس التاريخي في العاصمة الليبية (طرابلس الغرب)، وتحديداً في منطقة باب البحر المتاخمة لمدخل المدينة القديمة والمطلة على البحر الأبيض المتوسط.</value></Data><Data name="description"><value>مبنى بلدية طرابلس التاريخية</value></Data><Data name="image_count"><value>1</value></Data><Data name="source_file"><value>المدينة القديمة _طرابلس.kml</value></Data><Data name="images_json"><value>["/assets/images/old-tripoli/old-tripoli-LY-OLD-TRIPOLI-00086-01.png"]</value></Data><Data name="atlas_id"><value>LY-OLD-TRIPOLI-00086</value></Data><Data name="image_count"><value>1</value></Data><Data name="source_file"><value>المدينة القديمة _طرابلس.kml</value></Data><Data name="images_json"><value>["/assets/images/old-tripoli/old-tripoli-LY-OLD-TRIPOLI-00086-01.png"]</value></Data><Data name="atlas_id"><value>LY-TRI-000086</value></Data><Data name="layer_id"><value>old-tripoli</value></Data><Data name="layer_name_ar"><value>المدينة القديمة طرابلس</value></Data><Data name="layer_name_en"><value>Old Tripoli</value></Data><Data name="name_ar"><value>مبنى بلدية طرابلس التاريخية</value></Data><Data name="latitude"><value>32.89729</value></Data><Data name="longitude"><value>13.177768</value></Data><Data name="images_json"><value>["/assets/images/old-tripoli/old-tripoli-LY-OLD-TRIPOLI-00086-01.png"]</value></Data><Data name="image_count"><value>1</value></Data><Data name="source_file"><value>developed/old-tripoli-developed.kml</value></Data><Data name="source_placemark_index"><value>86</value></Data><Data name="data_quality_status"><value>ok</value></Data><Data name="source_media_url"><value>["https://mymaps.usercontent.google.com/hostedimage/m/*/3AAjQbR7X_SESjwW0q9-_59iTmSQY9UrpFynmlwQnj4ReGcvDN-2OKjjOaX5S6-LjM2IAjse4DApTJ33u5kS83GOjroh8oDXCvg_tG8tdkCVk82f-jatO314uAYb4F9hZWXomaJcXSBQZtcC-vTpGPrLy-84CSJSkTMpHwsvlArUaaMEW-HKMHgqbt3-nUtfX__VjQFW2AU7zZJAH6LRl5QJpPiZztVyWJ-K08yaneHThDTAgxpeNOfV78Kzduy0?authuser=1&amp;fife=s16383"]</value></Data></ExtendedData><Point><coordinates>13.177768,32.89729,0</coordinates></Point></Placemark><Placemark><name>برج بوليلة</name><description>&lt;div class="atlas-popup" dir="rtl"&gt;&lt;h3&gt;برج بوليلة&lt;/h3&gt;&lt;div class="atlas-popup-gallery"&gt;&lt;img src="https://mymaps.usercontent.google.com/hostedimage/m/*/3AAjQbR6WmcXJOqhV9Bq8Z1ppoE3Wibvz7pIQUtA6GH1QR1Fs9Iman5qDV76_OXWLL5_N-JXOcT0zyTlgTSc3ibwAfJovG4BlfjBGkMzaQJKOQ5oTyQNhYRAEaC3DfsKWh1tlj0aegRZ1L3zK4ZPGFQvfitp56A8pLun2P2VQfnGJzCTsrxAnzyuWTNavrJzZ6r2rAph5vhlemytnRDyOfXdqLMLdZqpX9K9Td9AUEupQ_RGPpKIBR4fnYt6GeV8?authuser=1&amp;amp;fife=s16383" alt="برج بوليلة" loading="lazy" class="atlas-popup-image"&gt;&lt;img src="https://mymaps.usercontent.google.com/hostedimage/m/*/3AAjQbR4giwOpOJGcGNMDm6XkkysLYIHztvuIZoc3dkR85L1kF0KbDevmCPR66E4zUZN9QVonAlUebdmpwLtYtADH8Ckx2R-GzQH-_TIJT8WtHHsVsYIufMQlb3Y2BhUuXvrM9PANbU0gQ9xlqLL3RBq9uf7fTE-QMJTP8F6Ki3XL5-gl_xgPYSt7Lgd4uR9zIML-ciIt4PSzzGn3mS7ksWmo4QesPlLqrCzhP4SaVo2iMAaA0z9QQdhtLQdCAc4?authuser=1&amp;amp;fife=s16383" alt="برج بوليلة" loading="lazy" class="atlas-popup-image"&gt;&lt;img src="https://mymaps.usercontent.google.com/hostedimage/m/*/3AAjQbR4COHt6ku58J9-7kKM_StDSENqTqRQ4u5Mzk731rKfrC3kLCDSr7kgfwCi8rij6C_HwWpp8vn_OPIHCDLBy_dbC6FbncwIOqdczmLD5_UtFvEms2BgYCZ--k1GDHsU6CDbYE3hfrDiR1F8AiLGVwX_jRXqRPpIE267hwv_YQm9t8TsEXUvxcZaHmFfksxHMDpsnL98joI2rz6QKeDWwgEmPYknSAgCrvchHm2YV_MIMO741Y06c41REz1A?authuser=1&amp;amp;fife=s16383" alt="برج بوليلة" loading="lazy" class="atlas-popup-image"&gt;&lt;/div&gt;&lt;div class="atlas-popup-details"&gt;&lt;div&gt;&lt;strong&gt;الاسم بالإنجليزية:&lt;/strong&gt; Burj Bu Layla&lt;/div&gt;&lt;div&gt;&lt;strong&gt;التصنيف:&lt;/strong&gt; : بُني قديماً على صخرة متقدمة داخل البحر (على بعد حوالي 300 متر) عند مكسر الموج شمال أسوار المدينة&lt;/div&gt;&lt;div&gt;&lt;strong&gt;العنوان:&lt;/strong&gt; بسبب التوسع العمراني وإنشاء الطرق الساحلية المحاذية للمدينة القديمة، باتت بقايا البرج تقع اليوم عند طرف جزيرة دوران (جزيرة بوليلة).&lt;/div&gt;&lt;div&gt;&lt;strong&gt;الوصف:&lt;/strong&gt; برج أبو ليله بمدينة طرابلس كان برج لدفاع عن مدينة طرابلس القديمة&lt;/div&gt;&lt;/div&gt;&lt;/div&gt;</description><ExtendedData><Data name="atlas_id"><value>LY-OLD-TRIPOLI-00087</value></Data><Data name="name_en"><value>Burj Bu Layla</value></Data><Data name="category"><value>: بُني قديماً على صخرة متقدمة داخل البحر (على بعد حوالي 300 متر) عند مكسر الموج شمال أسوار المدينة</value></Data><Data name="address"><value>بسبب التوسع العمراني وإنشاء الطرق الساحلية المحاذية للمدينة القديمة، باتت بقايا البرج تقع اليوم عند طرف جزيرة دوران (جزيرة بوليلة).</value></Data><Data name="description"><value>برج أبو ليله بمدينة طرابلس كان برج لدفاع عن مدينة طرابلس القديمة</value></Data><Data name="image_count"><value>3</value></Data><Data name="source_file"><value>المدينة القديمة _طرابلس.kml</value></Data><Data name="images_json"><value>["/assets/images/old-tripoli/old-tripoli-LY-OLD-TRIPOLI-00087-01.png","/assets/images/old-tripoli/old-tripoli-LY-OLD-TRIPOLI-00087-02.png","/assets/images/old-tripoli/old-tripoli-LY-OLD-TRIPOLI-00087-03.png"]</value></Data><Data name="atlas_id"><value>LY-OLD-TRIPOLI-00087</value></Data><Data name="image_count"><value>3</value></Data><Data name="source_file"><value>المدينة القديمة _طرابلس.kml</value></Data><Data name="images_json"><value>["/assets/images/old-tripoli/old-tripoli-LY-OLD-TRIPOLI-00087-01.png","/assets/images/old-tripoli/old-tripoli-LY-OLD-TRIPOLI-00087-02.png","/assets/images/old-tripoli/old-tripoli-LY-OLD-TRIPOLI-00087-03.png"]</value></Data><Data name="atlas_id"><value>LY-TRI-000087</value></Data><Data name="layer_id"><value>old-tripoli</value></Data><Data name="layer_name_ar"><value>المدينة القديمة طرابلس</value></Data><Data name="layer_name_en"><value>Old Tripoli</value></Data><Data name="name_ar"><value>برج بوليلة</value></Data><Data name="latitude"><value>32.8912251</value></Data><Data name="longitude"><value>13.1664521</value></Data><Data name="images_json"><value>["/assets/images/old-tripoli/old-tripoli-LY-OLD-TRIPOLI-00087-01.png","/assets/images/old-tripoli/old-tripoli-LY-OLD-TRIPOLI-00087-02.png","/assets/images/old-tripoli/old-tripoli-LY-OLD-TRIPOLI-00087-03.png"]</value></Data><Data name="image_count"><value>3</value></Data><Data name="source_file"><value>developed/old-tripoli-developed.kml</value></Data><Data name="source_placemark_index"><value>87</value></Data><Data name="data_quality_status"><value>ok</value></Data><Data name="source_media_url"><value>["https://mymaps.usercontent.google.com/hostedimage/m/*/3AAjQbR6WmcXJOqhV9Bq8Z1ppoE3Wibvz7pIQUtA6GH1QR1Fs9Iman5qDV76_OXWLL5_N-JXOcT0zyTlgTSc3ibwAfJovG4BlfjBGkMzaQJKOQ5oTyQNhYRAEaC3DfsKWh1tlj0aegRZ1L3zK4ZPGFQvfitp56A8pLun2P2VQfnGJzCTsrxAnzyuWTNavrJzZ6r2rAph5vhlemytnRDyOfXdqLMLdZqpX9K9Td9AUEupQ_RGPpKIBR4fnYt6GeV8?authuser=1&amp;fife=s16383","https://mymaps.usercontent.google.com/hostedimage/m/*/3AAjQbR4giwOpOJGcGNMDm6XkkysLYIHztvuIZoc3dkR85L1kF0KbDevmCPR66E4zUZN9QVonAlUebdmpwLtYtADH8Ckx2R-GzQH-_TIJT8WtHHsVsYIufMQlb3Y2BhUuXvrM9PANbU0gQ9xlqLL3RBq9uf7fTE-QMJTP8F6Ki3XL5-gl_xgPYSt7Lgd4uR9zIML-ciIt4PSzzGn3mS7ksWmo4QesPlLqrCzhP4SaVo2iMAaA0z9QQdhtLQdCAc4?authuser=1&amp;fife=s16383","https://mymaps.usercontent.google.com/hostedimage/m/*/3AAjQbR4COHt6ku58J9-7kKM_StDSENqTqRQ4u5Mzk731rKfrC3kLCDSr7kgfwCi8rij6C_HwWpp8vn_OPIHCDLBy_dbC6FbncwIOqdczmLD5_UtFvEms2BgYCZ--k1GDHsU6CDbYE3hfrDiR1F8AiLGVwX_jRXqRPpIE267hwv_YQm9t8TsEXUvxcZaHmFfksxHMDpsnL98joI2rz6QKeDWwgEmPYknSAgCrvchHm2YV_MIMO741Y06c41REz1A?authuser=1&amp;fife=s16383"]</value></Data></ExtendedData><Point><coordinates>13.1664521,32.8912251,0</coordinates></Point></Placemark><Placemark><name>المدرسة اليهودية</name><description>&lt;div class="atlas-popup" dir="rtl"&gt;&lt;h3&gt;المدرسة اليهودية&lt;/h3&gt;&lt;div class="atlas-popup-gallery"&gt;&lt;img src="https://mymaps.usercontent.google.com/hostedimage/m/*/3AAjQbR6Kn-cZXNPab-TUGGf5xseN1HbBlsxV3fHlkr2fjyBACYd1U4SvlSmJOIvvmbilMcKXt4wFSSzdOj_2az0o7Rkstkx3QTVH8UGD3uL87vMO05fzR0uzLNnFWPS1qb4tBhJvUJGnVQ-aeSRVAkduusUvvOzJ7z9q40gFT7AojuLNUvNiqwDbGKrSARR-gQS3jkJCMGgdDhJsfWZeyloa80pzcnD7SEjjRl778E4ZcMZkJU26NT-mBUNJSHY?authuser=1&amp;amp;fife=s16383" alt="المدرسة اليهودية" loading="lazy" class="atlas-popup-image"&gt;&lt;/div&gt;&lt;div class="atlas-popup-details"&gt;&lt;div&gt;&lt;strong&gt;الاسم بالإنجليزية:&lt;/strong&gt; Pietro Verri School for Jews of Tripoli&lt;/div&gt;&lt;div&gt;&lt;strong&gt;التصنيف:&lt;/strong&gt; مدرسة&lt;/div&gt;&lt;div&gt;&lt;strong&gt;العنوان:&lt;/strong&gt; شارع الأقواس بالحارة الكبيرة بالمدينة القديمة شمال المدخل المواجه لقوس ماركوس أريليوس جنوب شارع جميل القاضي&lt;/div&gt;&lt;div&gt;&lt;strong&gt;الوصف:&lt;/strong&gt; المدرسة اليهودية مدرسة بيترو فيري لليهود الطرابلسية&lt;/div&gt;&lt;/div&gt;&lt;/div&gt;</description><ExtendedData><Data name="atlas_id"><value>LY-OLD-TRIPOLI-00088</value></Data><Data name="name_en"><value>Pietro Verri School for Jews of Tripoli</value></Data><Data name="category"><value>مدرسة</value></Data><Data name="address"><value>شارع الأقواس بالحارة الكبيرة بالمدينة القديمة شمال المدخل المواجه لقوس ماركوس أريليوس جنوب شارع جميل القاضي</value></Data><Data name="description"><value>المدرسة اليهودية مدرسة بيترو فيري لليهود الطرابلسية</value></Data><Data name="image_count"><value>1</value></Data><Data name="source_file"><value>المدينة القديمة _طرابلس.kml</value></Data><Data name="images_json"><value>["/assets/images/old-tripoli/old-tripoli-LY-OLD-TRIPOLI-00088-01.png"]</value></Data><Data name="atlas_id"><value>LY-OLD-TRIPOLI-00088</value></Data><Data name="image_count"><value>1</value></Data><Data name="source_file"><value>المدينة القديمة _طرابلس.kml</value></Data><Data name="images_json"><value>["/assets/images/old-tripoli/old-tripoli-LY-OLD-TRIPOLI-00088-01.png"]</value></Data><Data name="atlas_id"><value>LY-TRI-000088</value></Data><Data name="layer_id"><value>old-tripoli</value></Data><Data name="layer_name_ar"><value>المدينة القديمة طرابلس</value></Data><Data name="layer_name_en"><value>Old Tripoli</value></Data><Data name="name_ar"><value>المدرسة اليهودية</value></Data><Data name="latitude"><value>32.898796</value></Data><Data name="longitude"><value>13.173403</value></Data><Data name="images_json"><value>["/assets/images/old-tripoli/old-tripoli-LY-OLD-TRIPOLI-00088-01.png"]</value></Data><Data name="image_count"><value>1</value></Data><Data name="source_file"><value>developed/old-tripoli-developed.kml</value></Data><Data name="source_placemark_index"><value>88</value></Data><Data name="data_quality_status"><value>ok</value></Data><Data name="source_media_url"><value>["https://mymaps.usercontent.google.com/hostedimage/m/*/3AAjQbR6Kn-cZXNPab-TUGGf5xseN1HbBlsxV3fHlkr2fjyBACYd1U4SvlSmJOIvvmbilMcKXt4wFSSzdOj_2az0o7Rkstkx3QTVH8UGD3uL87vMO05fzR0uzLNnFWPS1qb4tBhJvUJGnVQ-aeSRVAkduusUvvOzJ7z9q40gFT7AojuLNUvNiqwDbGKrSARR-gQS3jkJCMGgdDhJsfWZeyloa80pzcnD7SEjjRl778E4ZcMZkJU26NT-mBUNJSHY?authuser=1&amp;fife=s16383"]</value></Data></ExtendedData><Point><coordinates>13.173403,32.898796,0</coordinates></Point></Placemark><Placemark><name>القنصلية الإنجليزية</name><description>&lt;div class="atlas-popup" dir="rtl"&gt;&lt;h3&gt;القنصلية الإنجليزية&lt;/h3&gt;&lt;div class="atlas-popup-gallery"&gt;&lt;img src="https://lh3.googleusercontent.com/umsh/AN6v0v7K_orswghmOXCK6hJWC1kl0GX2Q8wEMnjbpdYfAkB0KN36cYcrInT6rZJBeMnl0uZIBgyQvZ7ZisF-lrPYYo20QYTMUL0vbmReOraOli9jM6tKnf-DAUYM05NP3nzhzOyIK-6VyckGqRFB0gpb4-YPQqGtJereinFoSUkffZzhZSxBEDhtJOVad32CBMnotqWKeGKuQbtku6x8-nkYtXf4G1VYONtUMpfxqDcRDjyD6vDFKJLz_eN_9y_7stXbi-ZwEJSHwMgFj5T7ApkfRnAvZtVCCsMPiPbH7krn8pJnCyN1aCAeIXj7w7MPDBQTZkTmyGzmqNPKg9HRzx126wwievIGShPoxtRExJwmtzaIgROHbHovDJhKKOrVZjyJZOCjWyRAojstaNROIbJbWYjPN1Zk5FKTspDVK0We0FwAQO3EInZPYUOyFho2eVbr-oXYiISU5SUfwqX_GOlJzcKfJ4cqhf-ycqaTRvoEj7rOgxwtbrJqc-AFxvs2XSwIji6MZrAmTRAjwMFs7K1s4j2ZVNI84qgxYHbE5fOP7-0_HNzV-kQDp65jgAbkCOeEVEKCaap_Qu9AiUV1F0xl-Br8o81LEEwfPm3cSv3Q5DfxzrAnJAvSwNlkWzXCV5HcrT0FNcIHVBdk99IivjlO9SrQ2sBxmlWHPiKuN9uAjeRgsOx92QHB5ZQG4w-3ec7Qz-0y6ZIeBg" alt="القنصلية الإنجليزية" loading="lazy" class="atlas-popup-image"&gt;&lt;img src="https://lh3.googleusercontent.com/umsh/AN6v0v4Mdl7ZCOEUHb6rrz3l7O4FOi9ynVKm9KvDT-HwA12Aci8zLHdmWRgea03mBR0q5iwyg9_Y0HutRAw44iCCExwJX_zqUEVL7hzzSKgDr1Celcccvzd8TfpWH7GJAkCN6WBUKrfwGAzqRAHfFpaOCZGanmycQ_zJOgJ8lnE1XX5J90VTsP1LAgdhA7nInMc1rvKahakeFodVid196AHbDFslTaxn18VncuGe0YacWkBkxTLRWkvz9Sepki6efDDg1t0f-vDbrNNyMuhbd19cvwhVpFCUQsqdvnsPVZ66yNIf3WlcG_MP093OvU3A4rSncas90th_-FaCYxjyVkpTQwcziNwZoIVdQh7oUFTEnbkiYCNnStPSBcITvqHr9MV_pvTIU_NvvOoJsrcOXD0JoiEpA0wSEQMQZ0dffhA0Y_JSMCtxWAzCLhuYKdifkx783Cyr_XXEhBQqDFRrbALRO_oe_0cWX_g92voKH--JaawWr9uidHug05d7MLYZXyDRwuarEHyjrJpi0TS0ofnpFhzn0zhx8kzBjOG0rvLp8dzfcNnmasJwYm0KlxGg4fhjyC5AHtkEYpEryF7aIaQ3YbZIbHtMIjE80WGG3CplrY9i4hs7hQpJpdfc1x92O1h3tzY1gxbgvJo-SvEC5QN-qh7qmaVyBItc79DZc-U004uO9ElNCxxXWTafj2YGv-HqB4tqzBYHa8Y" alt="القنصلية الإنجليزية" loading="lazy" class="atlas-popup-image"&gt;&lt;/div&gt;&lt;div class="atlas-popup-details"&gt;&lt;div&gt;&lt;strong&gt;الاسم بالإنجليزية:&lt;/strong&gt; Old British Consulate&lt;/div&gt;&lt;div&gt;&lt;strong&gt;التصنيف:&lt;/strong&gt; مكان تاريخي&lt;/div&gt;&lt;div&gt;&lt;strong&gt;العنوان:&lt;/strong&gt; طرابلس/المدينة القديمة street شارع الحارة الكبير، طرابلس&lt;/div&gt;&lt;div&gt;&lt;strong&gt;الوصف:&lt;/strong&gt; القنصلية الانجليزية&lt;/div&gt;&lt;/div&gt;&lt;/div&gt;</description><ExtendedData><Data name="atlas_id"><value>LY-OLD-TRIPOLI-00089</value></Data><Data name="name_en"><value>Old British Consulate</value></Data><Data name="category"><value>مكان تاريخي</value></Data><Data name="address"><value>طرابلس/المدينة القديمة street شارع الحارة الكبير، طرابلس</value></Data><Data name="description"><value>القنصلية الانجليزية</value></Data><Data name="image_count"><value>2</value></Data><Data name="source_file"><value>المدينة القديمة _طرابلس.kml</value></Data><Data name="images_json"><value>["/assets/images/old-tripoli/old-tripoli-LY-OLD-TRIPOLI-00089-01.png","/assets/images/old-tripoli/old-tripoli-LY-OLD-TRIPOLI-00089-02.png"]</value></Data><Data name="atlas_id"><value>LY-OLD-TRIPOLI-00089</value></Data><Data name="image_count"><value>2</value></Data><Data name="source_file"><value>المدينة القديمة _طرابلس.kml</value></Data><Data name="images_json"><value>["/assets/images/old-tripoli/old-tripoli-LY-OLD-TRIPOLI-00089-01.png","/assets/images/old-tripoli/old-tripoli-LY-OLD-TRIPOLI-00089-02.png"]</value></Data><Data name="atlas_id"><value>LY-TRI-000089</value></Data><Data name="layer_id"><value>old-tripoli</value></Data><Data name="layer_name_ar"><value>المدينة القديمة طرابلس</value></Data><Data name="layer_name_en"><value>Old Tripoli</value></Data><Data name="name_ar"><value>القنصلية الإنجليزية</value></Data><Data name="latitude"><value>32.899326</value></Data><Data name="longitude"><value>13.17493</value></Data><Data name="images_json"><value>["/assets/images/old-tripoli/old-tripoli-LY-OLD-TRIPOLI-00089-01.png","/assets/images/old-tripoli/old-tripoli-LY-OLD-TRIPOLI-00089-02.png"]</value></Data><Data name="image_count"><value>2</value></Data><Data name="source_file"><value>developed/old-tripoli-developed.kml</value></Data><Data name="source_placemark_index"><value>89</value></Data><Data name="data_quality_status"><value>ok</value></Data><Data name="source_media_url"><value>["https://lh3.googleusercontent.com/umsh/AN6v0v7K_orswghmOXCK6hJWC1kl0GX2Q8wEMnjbpdYfAkB0KN36cYcrInT6rZJBeMnl0uZIBgyQvZ7ZisF-lrPYYo20QYTMUL0vbmReOraOli9jM6tKnf-DAUYM05NP3nzhzOyIK-6VyckGqRFB0gpb4-YPQqGtJereinFoSUkffZzhZSxBEDhtJOVad32CBMnotqWKeGKuQbtku6x8-nkYtXf4G1VYONtUMpfxqDcRDjyD6vDFKJLz_eN_9y_7stXbi-ZwEJSHwMgFj5T7ApkfRnAvZtVCCsMPiPbH7krn8pJnCyN1aCAeIXj7w7MPDBQTZkTmyGzmqNPKg9HRzx126wwievIGShPoxtRExJwmtzaIgROHbHovDJhKKOrVZjyJZOCjWyRAojstaNROIbJbWYjPN1Zk5FKTspDVK0We0FwAQO3EInZPYUOyFho2eVbr-oXYiISU5SUfwqX_GOlJzcKfJ4cqhf-ycqaTRvoEj7rOgxwtbrJqc-AFxvs2XSwIji6MZrAmTRAjwMFs7K1s4j2ZVNI84qgxYHbE5fOP7-0_HNzV-kQDp65jgAbkCOeEVEKCaap_Qu9AiUV1F0xl-Br8o81LEEwfPm3cSv3Q5DfxzrAnJAvSwNlkWzXCV5HcrT0FNcIHVBdk99IivjlO9SrQ2sBxmlWHPiKuN9uAjeRgsOx92QHB5ZQG4w-3ec7Qz-0y6ZIeBg","https://lh3.googleusercontent.com/umsh/AN6v0v4Mdl7ZCOEUHb6rrz3l7O4FOi9ynVKm9KvDT-HwA12Aci8zLHdmWRgea03mBR0q5iwyg9_Y0HutRAw44iCCExwJX_zqUEVL7hzzSKgDr1Celcccvzd8TfpWH7GJAkCN6WBUKrfwGAzqRAHfFpaOCZGanmycQ_zJOgJ8lnE1XX5J90VTsP1LAgdhA7nInMc1rvKahakeFodVid196AHbDFslTaxn18VncuGe0YacWkBkxTLRWkvz9Sepki6efDDg1t0f-vDbrNNyMuhbd19cvwhVpFCUQsqdvnsPVZ66yNIf3WlcG_MP093OvU3A4rSncas90th_-FaCYxjyVkpTQwcziNwZoIVdQh7oUFTEnbkiYCNnStPSBcITvqHr9MV_pvTIU_NvvOoJsrcOXD0JoiEpA0wSEQMQZ0dffhA0Y_JSMCtxWAzCLhuYKdifkx783Cyr_XXEhBQqDFRrbALRO_oe_0cWX_g92voKH--JaawWr9uidHug05d7MLYZXyDRwuarEHyjrJpi0TS0ofnpFhzn0zhx8kzBjOG0rvLp8dzfcNnmasJwYm0KlxGg4fhjyC5AHtkEYpEryF7aIaQ3YbZIbHtMIjE80WGG3CplrY9i4hs7hQpJpdfc1x92O1h3tzY1gxbgvJo-SvEC5QN-qh7qmaVyBItc79DZc-U004uO9ElNCxxXWTafj2YGv-HqB4tqzBYHa8Y"]</value></Data></ExtendedData><Point><coordinates>13.17493,32.899326,0</coordinates></Point></Placemark><Placemark><name>المركز الصحي المدينة القديمة</name><description>&lt;div class="atlas-popup" dir="rtl"&gt;&lt;h3&gt;المركز الصحي المدينة القديمة&lt;/h3&gt;&lt;div class="atlas-popup-gallery"&gt;&lt;img src="https://mymaps.usercontent.google.com/hostedimage/m/*/3AAjQbR7SwYGl3n_CqcWwngKRHQ7M0vkufwhwomTl2DG3VV894ffTXhid6mu6Idv_cF08R_KMGwVJCFAi-kfhoZNVdjoV2vFwDzCfKunmWJ9vDFYKh1wMdsdWpFnkkrkihYRXFJiLv4pnE5-UBsVDobN_fJQ_VVKXxFEQROIK-Na6XzaJ6czbeX3vDORRl0cCs3Qyo5q3msUsXxeE4-a8KcrgyC7QLGtIJHNMPtq105iMRevEm_rqXxKFZ4mDgDI?authuser=1&amp;amp;fife=s16383" alt="المركز الصحي المدينة القديمة" loading="lazy" class="atlas-popup-image"&gt;&lt;img src="https://mymaps.usercontent.google.com/hostedimage/m/*/3AAjQbR6Zncx5raN7heLQYhwQPId9kbhkUqP9leGLPi3OdyERkB_ty-dDbBZI2NY2C0pJYXw7rfrmKPPNATbFxgMWExwSVGI9pqTr9Nk__X1sYPYLYnsYiHCEc96cZ3Dj-30dEDcty5QcpsMQJ2lTQnAsWideQpWZGXFF6s1bAZA5oAxWU1YlzKQT5CslP1ubBnX7xGdhZfG6przu9qUuMdCDsfcmmBGuRU959yOxVjQAu0WgYxXThrhSx3ek45Y?authuser=1&amp;amp;fife=s16383" alt="المركز الصحي المدينة القديمة" loading="lazy" class="atlas-popup-image"&gt;&lt;/div&gt;&lt;div class="atlas-popup-details"&gt;&lt;div&gt;&lt;strong&gt;الاسم بالإنجليزية:&lt;/strong&gt; Al-Madina Al-Qadima Health Center&lt;/div&gt;&lt;div&gt;&lt;strong&gt;التصنيف:&lt;/strong&gt; نوع المنشأة: مجمع صحي / رعاية صحية أولية (قطاع عام).&lt;/div&gt;&lt;div&gt;&lt;strong&gt;العنوان:&lt;/strong&gt; يقع في قلب المدينة القديمة بطرابلس بالقرب من منطقة باب الحرية.&lt;/div&gt;&lt;div&gt;&lt;strong&gt;الوصف:&lt;/strong&gt; المركز الصحي بالمدينة القديمة (والمعروف محلياً باسم مستوصف الأكواش)&lt;/div&gt;&lt;/div&gt;&lt;/div&gt;</description><ExtendedData><Data name="atlas_id"><value>LY-OLD-TRIPOLI-00090</value></Data><Data name="name_en"><value>Al-Madina Al-Qadima Health Center</value></Data><Data name="category"><value>نوع المنشأة: مجمع صحي / رعاية صحية أولية (قطاع عام).</value></Data><Data name="address"><value>يقع في قلب المدينة القديمة بطرابلس بالقرب من منطقة باب الحرية.</value></Data><Data name="description"><value>المركز الصحي بالمدينة القديمة (والمعروف محلياً باسم مستوصف الأكواش)</value></Data><Data name="image_count"><value>2</value></Data><Data name="source_file"><value>المدينة القديمة _طرابلس.kml</value></Data><Data name="images_json"><value>["/assets/images/old-tripoli/old-tripoli-LY-OLD-TRIPOLI-00090-01.png","/assets/images/old-tripoli/old-tripoli-LY-OLD-TRIPOLI-00090-02.png"]</value></Data><Data name="atlas_id"><value>LY-OLD-TRIPOLI-00090</value></Data><Data name="image_count"><value>2</value></Data><Data name="source_file"><value>المدينة القديمة _طرابلس.kml</value></Data><Data name="images_json"><value>["/assets/images/old-tripoli/old-tripoli-LY-OLD-TRIPOLI-00090-01.png","/assets/images/old-tripoli/old-tripoli-LY-OLD-TRIPOLI-00090-02.png"]</value></Data><Data name="atlas_id"><value>LY-TRI-000090</value></Data><Data name="layer_id"><value>old-tripoli</value></Data><Data name="layer_name_ar"><value>المدينة القديمة طرابلس</value></Data><Data name="layer_name_en"><value>Old Tripoli</value></Data><Data name="name_ar"><value>المركز الصحي المدينة القديمة</value></Data><Data name="latitude"><value>32.8991758301819</value></Data><Data name="longitude"><value>13.1720155021698</value></Data><Data name="images_json"><value>["/assets/images/old-tripoli/old-tripoli-LY-OLD-TRIPOLI-00090-01.png","/assets/images/old-tripoli/old-tripoli-LY-OLD-TRIPOLI-00090-02.png"]</value></Data><Data name="image_count"><value>2</value></Data><Data name="source_file"><value>developed/old-tripoli-developed.kml</value></Data><Data name="source_placemark_index"><value>90</value></Data><Data name="data_quality_status"><value>ok</value></Data><Data name="source_media_url"><value>["https://mymaps.usercontent.google.com/hostedimage/m/*/3AAjQbR7SwYGl3n_CqcWwngKRHQ7M0vkufwhwomTl2DG3VV894ffTXhid6mu6Idv_cF08R_KMGwVJCFAi-kfhoZNVdjoV2vFwDzCfKunmWJ9vDFYKh1wMdsdWpFnkkrkihYRXFJiLv4pnE5-UBsVDobN_fJQ_VVKXxFEQROIK-Na6XzaJ6czbeX3vDORRl0cCs3Qyo5q3msUsXxeE4-a8KcrgyC7QLGtIJHNMPtq105iMRevEm_rqXxKFZ4mDgDI?authuser=1&amp;fife=s16383","https://mymaps.usercontent.google.com/hostedimage/m/*/3AAjQbR6Zncx5raN7heLQYhwQPId9kbhkUqP9leGLPi3OdyERkB_ty-dDbBZI2NY2C0pJYXw7rfrmKPPNATbFxgMWExwSVGI9pqTr9Nk__X1sYPYLYnsYiHCEc96cZ3Dj-30dEDcty5QcpsMQJ2lTQnAsWideQpWZGXFF6s1bAZA5oAxWU1YlzKQT5CslP1ubBnX7xGdhZfG6przu9qUuMdCDsfcmmBGuRU959yOxVjQAu0WgYxXThrhSx3ek45Y?authuser=1&amp;fife=s16383"]</value></Data></ExtendedData><Point><coordinates>13.1720155021698,32.8991758301819,0</coordinates></Point></Placemark><Placemark><name>مبنى الكلية الحربية المدرسة البحرية العثمانية</name><description>&lt;div class="atlas-popup" dir="rtl"&gt;&lt;h3&gt;مبنى الكلية الحربية المدرسة البحرية العثمانية&lt;/h3&gt;&lt;div class="atlas-popup-gallery"&gt;&lt;img src="https://lh3.googleusercontent.com/umsh/AN6v0v7TSig7YZvadLMXf2eFeiwjWod1NS9UuomexasrCEh8xDAGeoMPNlVsyeAAeMxhc_BKWn85C-CQ0tvpB-loon65cruLmxmc-AnhW6iAR3OREBKyq4KK7jukkfTlSUIOZUe22dWq1ZVwMESgOuRju_nmy9cZCeXysL0v0dptia35AN4K6dewoph8dJZgyROswESHgfPcDIgqM-BvCjRhC0m2Qt36yQNlYotsAxIj0xSW0eYVwl_QXvRKfd-MGKeSagqR8GerS-BtJzD_q4SxaxV7d4ichNp9PssvPguV5E0NCHzCaXDF9KmBpl5CID9XluHH0ZVvImbRVdLUrr2zsvnGiIxhkG439Vj3Joueyxe90_jVdJBsxU2hx9uF8J8wTNMJ_wQRN43BacCOKa8x3t5ed565OHIJPdJn8125pqlHD4Yucjsv3xI4b8mViLJAycx283div0qaXh6aUII2pnqSJ6dTUvTi-X71Wa_RDX9gK6khFxd8cZlgjJ_uOjdym1rbA_XbrMxVwBGeDmEvMaUxSAxooyOt63R14nBPCrnQN8Sjj5Xjjd_qzLdDAbNJ7O2PdJD4DQMTFYLcgJMXYLzL7TG8RDeVAMEeSirV70JmXRJm9tdkHPlgcKAAgfXjpzgd2_rQ0loJ04p7exBJvviSOt9Rh2NLpWINGzT65kKRE16UFhXLy554eLwEyxW2ywbKv92sFw" alt="مبنى الكلية الحربية المدرسة البحرية العثمانية" loading="lazy" class="atlas-popup-image"&gt;&lt;/div&gt;&lt;div class="atlas-popup-details"&gt;&lt;div&gt;&lt;strong&gt;الاسم بالإنجليزية:&lt;/strong&gt; Military Academy&lt;/div&gt;&lt;div&gt;&lt;strong&gt;التصنيف:&lt;/strong&gt; مدرسة قديمة&lt;/div&gt;&lt;div&gt;&lt;strong&gt;العنوان:&lt;/strong&gt; طرابلس/المدينة القديمة&lt;/div&gt;&lt;div&gt;&lt;strong&gt;الوصف:&lt;/strong&gt; مبنى الكلية الحربية&lt;/div&gt;&lt;/div&gt;&lt;/div&gt;</description><ExtendedData><Data name="atlas_id"><value>LY-OLD-TRIPOLI-00091</value></Data><Data name="name_en"><value>Military Academy</value></Data><Data name="category"><value>مدرسة قديمة</value></Data><Data name="address"><value>طرابلس/المدينة القديمة</value></Data><Data name="description"><value>مبنى الكلية الحربية</value></Data><Data name="image_count"><value>1</value></Data><Data name="source_file"><value>المدينة القديمة _طرابلس.kml</value></Data><Data name="images_json"><value>["/assets/images/old-tripoli/old-tripoli-LY-OLD-TRIPOLI-00091-01.png"]</value></Data><Data name="atlas_id"><value>LY-OLD-TRIPOLI-00091</value></Data><Data name="image_count"><value>1</value></Data><Data name="source_file"><value>المدينة القديمة _طرابلس.kml</value></Data><Data name="images_json"><value>["/assets/images/old-tripoli/old-tripoli-LY-OLD-TRIPOLI-00091-01.png"]</value></Data><Data name="atlas_id"><value>LY-TRI-000091</value></Data><Data name="layer_id"><value>old-tripoli</value></Data><Data name="layer_name_ar"><value>المدينة القديمة طرابلس</value></Data><Data name="layer_name_en"><value>Old Tripoli</value></Data><Data name="name_ar"><value>مبنى الكلية الحربية المدرسة البحرية العثمانية</value></Data><Data name="latitude"><value>32.900769</value></Data><Data name="longitude"><value>13.176005</value></Data><Data name="images_json"><value>["/assets/images/old-tripoli/old-tripoli-LY-OLD-TRIPOLI-00091-01.png"]</value></Data><Data name="image_count"><value>1</value></Data><Data name="source_file"><value>developed/old-tripoli-developed.kml</value></Data><Data name="source_placemark_index"><value>91</value></Data><Data name="data_quality_status"><value>ok</value></Data><Data name="source_media_url"><value>["https://lh3.googleusercontent.com/umsh/AN6v0v7TSig7YZvadLMXf2eFeiwjWod1NS9UuomexasrCEh8xDAGeoMPNlVsyeAAeMxhc_BKWn85C-CQ0tvpB-loon65cruLmxmc-AnhW6iAR3OREBKyq4KK7jukkfTlSUIOZUe22dWq1ZVwMESgOuRju_nmy9cZCeXysL0v0dptia35AN4K6dewoph8dJZgyROswESHgfPcDIgqM-BvCjRhC0m2Qt36yQNlYotsAxIj0xSW0eYVwl_QXvRKfd-MGKeSagqR8GerS-BtJzD_q4SxaxV7d4ichNp9PssvPguV5E0NCHzCaXDF9KmBpl5CID9XluHH0ZVvImbRVdLUrr2zsvnGiIxhkG439Vj3Joueyxe90_jVdJBsxU2hx9uF8J8wTNMJ_wQRN43BacCOKa8x3t5ed565OHIJPdJn8125pqlHD4Yucjsv3xI4b8mViLJAycx283div0qaXh6aUII2pnqSJ6dTUvTi-X71Wa_RDX9gK6khFxd8cZlgjJ_uOjdym1rbA_XbrMxVwBGeDmEvMaUxSAxooyOt63R14nBPCrnQN8Sjj5Xjjd_qzLdDAbNJ7O2PdJD4DQMTFYLcgJMXYLzL7TG8RDeVAMEeSirV70JmXRJm9tdkHPlgcKAAgfXjpzgd2_rQ0loJ04p7exBJvviSOt9Rh2NLpWINGzT65kKRE16UFhXLy554eLwEyxW2ywbKv92sFw"]</value></Data></ExtendedData><Point><coordinates>13.176005,32.900769,0</coordinates></Point></Placemark><Placemark><name>نادي باب البحر للايكيدو_</name><description>&lt;div class="atlas-popup" dir="rtl"&gt;&lt;h3&gt;نادي باب البحر للايكيدو_&lt;/h3&gt;&lt;div class="atlas-popup-gallery"&gt;&lt;img src="https://mymaps.usercontent.google.com/hostedimage/m/*/3AAjQbR4BOBTKfX2zVKNrc7tFeulQw3zL4oW6jdYGmW_fjzZ5-Mn9moBVhb4b-NM2Nlil-3aO2B4jylQWiibbVHBwExLlaMxEZdP6Le3lwC2w_UGipNZqPRqT0cTI9hNMi9gXcNgHuq5gfUJx6tKFGO406PP6CKugB0fxkUWTyTOHEqPpX6quTAdykVR6ihdW4hC8aGyJHqxoJEE9nvZG7m2QUBylE4-5m7bg6qDR32dEZvHcxoMXO-YKqnV-ExE?authuser=1&amp;amp;fife=s16383" alt="نادي باب البحر للايكيدو_" loading="lazy" class="atlas-popup-image"&gt;&lt;/div&gt;&lt;div class="atlas-popup-details"&gt;&lt;div&gt;&lt;strong&gt;الاسم بالإنجليزية:&lt;/strong&gt; Bab Albaher Aikido Dojo&lt;/div&gt;&lt;div&gt;&lt;strong&gt;التصنيف:&lt;/strong&gt; نادي رياضي&lt;/div&gt;&lt;div&gt;&lt;strong&gt;العنوان:&lt;/strong&gt; : المدينة القديمة، طرابلس (بالقرب من محلة باب البحر&lt;/div&gt;&lt;div&gt;&lt;strong&gt;الوصف:&lt;/strong&gt; ادي باب البحر للايكيدون (المعروف بـ Bab Albaher Aikido Dojo) هو مركز رياضي متخصص في تعليم فنون الدفاع عن النفس ويقع في قلب المدينة القديمة بطرابلس.&lt;/div&gt;&lt;/div&gt;&lt;/div&gt;</description><ExtendedData><Data name="atlas_id"><value>LY-OLD-TRIPOLI-00092</value></Data><Data name="name_en"><value>Bab Albaher Aikido Dojo</value></Data><Data name="category"><value>نادي رياضي</value></Data><Data name="address"><value>: المدينة القديمة، طرابلس (بالقرب من محلة باب البحر</value></Data><Data name="description"><value>ادي باب البحر للايكيدون (المعروف بـ Bab Albaher Aikido Dojo) هو مركز رياضي متخصص في تعليم فنون الدفاع عن النفس ويقع في قلب المدينة القديمة بطرابلس.</value></Data><Data name="image_count"><value>1</value></Data><Data name="source_file"><value>المدينة القديمة _طرابلس.kml</value></Data><Data name="images_json"><value>["/assets/images/old-tripoli/old-tripoli-LY-OLD-TRIPOLI-00092-01.png"]</value></Data><Data name="atlas_id"><value>LY-OLD-TRIPOLI-00092</value></Data><Data name="image_count"><value>1</value></Data><Data name="source_file"><value>المدينة القديمة _طرابلس.kml</value></Data><Data name="images_json"><value>["/assets/images/old-tripoli/old-tripoli-LY-OLD-TRIPOLI-00092-01.png"]</value></Data><Data name="atlas_id"><value>LY-TRI-000092</value></Data><Data name="layer_id"><value>old-tripoli</value></Data><Data name="layer_name_ar"><value>المدينة القديمة طرابلس</value></Data><Data name="layer_name_en"><value>Old Tripoli</value></Data><Data name="name_ar"><value>نادي باب البحر للايكيدو_</value></Data><Data name="latitude"><value>32.8999626</value></Data><Data name="longitude"><value>13.1763685</value></Data><Data name="images_json"><value>["/assets/images/old-tripoli/old-tripoli-LY-OLD-TRIPOLI-00092-01.png"]</value></Data><Data name="image_count"><value>1</value></Data><Data name="source_file"><value>developed/old-tripoli-developed.kml</value></Data><Data name="source_placemark_index"><value>92</value></Data><Data name="data_quality_status"><value>ok</value></Data><Data name="source_media_url"><value>["https://mymaps.usercontent.google.com/hostedimage/m/*/3AAjQbR4BOBTKfX2zVKNrc7tFeulQw3zL4oW6jdYGmW_fjzZ5-Mn9moBVhb4b-NM2Nlil-3aO2B4jylQWiibbVHBwExLlaMxEZdP6Le3lwC2w_UGipNZqPRqT0cTI9hNMi9gXcNgHuq5gfUJx6tKFGO406PP6CKugB0fxkUWTyTOHEqPpX6quTAdykVR6ihdW4hC8aGyJHqxoJEE9nvZG7m2QUBylE4-5m7bg6qDR32dEZvHcxoMXO-YKqnV-ExE?authuser=1&amp;fife=s16383"]</value></Data></ExtendedData><Point><coordinates>13.1763685,32.8999626,0</coordinates></Point></Placemark><Placemark><name>مطعم الخان الطربلسي</name><description>&lt;div class="atlas-popup" dir="rtl"&gt;&lt;h3&gt;مطعم الخان الطربلسي&lt;/h3&gt;&lt;div class="atlas-popup-gallery"&gt;&lt;img src="https://mymaps.usercontent.google.com/hostedimage/m/*/3AAjQbR7zGRYgtejza-084KjLq8pflehdH4i8Sqd29qJwFQFQwqPiqDBItXgGYpV3sWSuJKUTJopHabmGtKqT4sjhcDEmZM_GUm5S8_KwebgWy6VoZeBkk7yk8a484lHFGRXpQjgxbarQTjskuI6u18bqoLZFXlgGllQhCZp6hYLdbMKIee1FHn7HijUBvO3gcAPhlwjhbhgTUDKk08lje0TLTov_b0ShHspjVsjwSz1w2SUBn2XBlGThCXQiJTY?authuser=1&amp;amp;fife=s16383" alt="مطعم الخان الطربلسي" loading="lazy" class="atlas-popup-image"&gt;&lt;img src="https://mymaps.usercontent.google.com/hostedimage/m/*/3AAjQbR7RdwbM0FSUeckJI6sWXo1cTn_V9Cf_2WuyMBL5Ulp0Ba8zhH4u7kIgH_I45wqPE89S4zb1FViBYqxf-jToNm4Fc_cO03OLLEOXpAq7LAF1zATNLXFRU_cVzxj0lWm2C301nllG6yjKuQ9ih7VHClICdZbKEH8iVISUIdpEDCYQji2uRq3THfVNmd8kpjT2_zSQIptG1ijCgRDoqooyJSMrsOu2O58yHIZO86ucmUZVL4X9LHsgPqE0L-I?authuser=1&amp;amp;fife=s16383" alt="مطعم الخان الطربلسي" loading="lazy" class="atlas-popup-image"&gt;&lt;/div&gt;&lt;div class="atlas-popup-details"&gt;&lt;div&gt;&lt;strong&gt;الاسم بالإنجليزية:&lt;/strong&gt; Al Khan Al Trabelsi&lt;/div&gt;&lt;div&gt;&lt;strong&gt;التصنيف:&lt;/strong&gt; مطعم&lt;/div&gt;&lt;div&gt;&lt;strong&gt;العنوان:&lt;/strong&gt; يقع في المدينة القديمة بطرابلس، على مقربة من المعلم الروماني الشهير قوس ماركوس أوريليوس.&lt;/div&gt;&lt;div&gt;&lt;strong&gt;الوصف:&lt;/strong&gt; الأجواء: يتميز بتصميم وديكورات تقليدية أصلية تحافظ على التراث الليبي، ويوفر بيئة هادئة ومريحة بعيداً عن صخب المدينة.&lt;/div&gt;&lt;/div&gt;&lt;/div&gt;</description><ExtendedData><Data name="atlas_id"><value>LY-OLD-TRIPOLI-00093</value></Data><Data name="name_en"><value>Al Khan Al Trabelsi</value></Data><Data name="category"><value>مطعم</value></Data><Data name="address"><value>يقع في المدينة القديمة بطرابلس، على مقربة من المعلم الروماني الشهير قوس ماركوس أوريليوس.</value></Data><Data name="description"><value>الأجواء: يتميز بتصميم وديكورات تقليدية أصلية تحافظ على التراث الليبي، ويوفر بيئة هادئة ومريحة بعيداً عن صخب المدينة.</value></Data><Data name="image_count"><value>2</value></Data><Data name="source_file"><value>المدينة القديمة _طرابلس.kml</value></Data><Data name="images_json"><value>["/assets/images/old-tripoli/old-tripoli-LY-OLD-TRIPOLI-00093-01.png","/assets/images/old-tripoli/old-tripoli-LY-OLD-TRIPOLI-00093-02.png"]</value></Data><Data name="atlas_id"><value>LY-OLD-TRIPOLI-00093</value></Data><Data name="image_count"><value>2</value></Data><Data name="source_file"><value>المدينة القديمة _طرابلس.kml</value></Data><Data name="images_json"><value>["/assets/images/old-tripoli/old-tripoli-LY-OLD-TRIPOLI-00093-01.png","/assets/images/old-tripoli/old-tripoli-LY-OLD-TRIPOLI-00093-02.png"]</value></Data><Data name="atlas_id"><value>LY-TRI-000093</value></Data><Data name="layer_id"><value>old-tripoli</value></Data><Data name="layer_name_ar"><value>المدينة القديمة طرابلس</value></Data><Data name="layer_name_en"><value>Old Tripoli</value></Data><Data name="name_ar"><value>مطعم الخان الطربلسي</value></Data><Data name="latitude"><value>32.8983701</value></Data><Data name="longitude"><value>13.1765266</value></Data><Data name="images_json"><value>["/assets/images/old-tripoli/old-tripoli-LY-OLD-TRIPOLI-00093-01.png","/assets/images/old-tripoli/old-tripoli-LY-OLD-TRIPOLI-00093-02.png"]</value></Data><Data name="image_count"><value>2</value></Data><Data name="source_file"><value>developed/old-tripoli-developed.kml</value></Data><Data name="source_placemark_index"><value>93</value></Data><Data name="data_quality_status"><value>ok</value></Data><Data name="source_media_url"><value>["https://mymaps.usercontent.google.com/hostedimage/m/*/3AAjQbR7zGRYgtejza-084KjLq8pflehdH4i8Sqd29qJwFQFQwqPiqDBItXgGYpV3sWSuJKUTJopHabmGtKqT4sjhcDEmZM_GUm5S8_KwebgWy6VoZeBkk7yk8a484lHFGRXpQjgxbarQTjskuI6u18bqoLZFXlgGllQhCZp6hYLdbMKIee1FHn7HijUBvO3gcAPhlwjhbhgTUDKk08lje0TLTov_b0ShHspjVsjwSz1w2SUBn2XBlGThCXQiJTY?authuser=1&amp;fife=s16383","https://mymaps.usercontent.google.com/hostedimage/m/*/3AAjQbR7RdwbM0FSUeckJI6sWXo1cTn_V9Cf_2WuyMBL5Ulp0Ba8zhH4u7kIgH_I45wqPE89S4zb1FViBYqxf-jToNm4Fc_cO03OLLEOXpAq7LAF1zATNLXFRU_cVzxj0lWm2C301nllG6yjKuQ9ih7VHClICdZbKEH8iVISUIdpEDCYQji2uRq3THfVNmd8kpjT2_zSQIptG1ijCgRDoqooyJSMrsOu2O58yHIZO86ucmUZVL4X9LHsgPqE0L-I?authuser=1&amp;fife=s16383"]</value></Data></ExtendedData><Point><coordinates>13.1765266,32.8983701,0</coordinates></Point></Placemark><Placemark><name>مطعم باب المدينة</name><description>&lt;div class="atlas-popup" dir="rtl"&gt;&lt;h3&gt;مطعم باب المدينة&lt;/h3&gt;&lt;div class="atlas-popup-gallery"&gt;&lt;img src="https://mymaps.usercontent.google.com/hostedimage/m/*/3AAjQbR7JvyHbp5TIvJ6c8D2BJ1YxRBfzweKGAg42Sl6JrqOp0AxbYZcmbCfVRV88h4NpdkkBri1RdHUyOMuZry5mnt2eMQqdW0JQHhIsE2op08G_2ciLrANflH9zb2NIRJOeXgfWL0lSJhcI6yq3dsLaHD6N4sS4gD_Nar9lfw57z0T4tEzRKvx1c86ATP1DSzpG9fSYKbd6Ys2gcmFP0FscEC3SX3py2nvL2SE5uTYCzNiZIEl8r-TqAdWMEx8?authuser=1&amp;amp;fife=s16383" alt="مطعم باب المدينة" loading="lazy" class="atlas-popup-image"&gt;&lt;/div&gt;&lt;div class="atlas-popup-details"&gt;&lt;div&gt;&lt;strong&gt;الاسم بالإنجليزية:&lt;/strong&gt; Bab Almadina Restaurant&lt;/div&gt;&lt;div&gt;&lt;strong&gt;التصنيف:&lt;/strong&gt; مطعم&lt;/div&gt;&lt;div&gt;&lt;strong&gt;العنوان:&lt;/strong&gt; طرابلس/المدينة القديمة&lt;/div&gt;&lt;div&gt;&lt;strong&gt;الوصف:&lt;/strong&gt; مطعم باب المدينة&lt;/div&gt;&lt;/div&gt;&lt;/div&gt;</description><ExtendedData><Data name="atlas_id"><value>LY-OLD-TRIPOLI-00094</value></Data><Data name="name_en"><value>Bab Almadina Restaurant</value></Data><Data name="category"><value>مطعم</value></Data><Data name="address"><value>طرابلس/المدينة القديمة</value></Data><Data name="description"><value>مطعم باب المدينة</value></Data><Data name="image_count"><value>1</value></Data><Data name="source_file"><value>المدينة القديمة _طرابلس.kml</value></Data><Data name="images_json"><value>["/assets/images/old-tripoli/old-tripoli-LY-OLD-TRIPOLI-00094-01.png"]</value></Data><Data name="atlas_id"><value>LY-OLD-TRIPOLI-00094</value></Data><Data name="image_count"><value>1</value></Data><Data name="source_file"><value>المدينة القديمة _طرابلس.kml</value></Data><Data name="images_json"><value>["/assets/images/old-tripoli/old-tripoli-LY-OLD-TRIPOLI-00094-01.png"]</value></Data><Data name="atlas_id"><value>LY-TRI-000094</value></Data><Data name="layer_id"><value>old-tripoli</value></Data><Data name="layer_name_ar"><value>المدينة القديمة طرابلس</value></Data><Data name="layer_name_en"><value>Old Tripoli</value></Data><Data name="name_ar"><value>مطعم باب المدينة</value></Data><Data name="latitude"><value>32.89564</value></Data><Data name="longitude"><value>13.172626</value></Data><Data name="images_json"><value>["/assets/images/old-tripoli/old-tripoli-LY-OLD-TRIPOLI-00094-01.png"]</value></Data><Data name="image_count"><value>1</value></Data><Data name="source_file"><value>developed/old-tripoli-developed.kml</value></Data><Data name="source_placemark_index"><value>94</value></Data><Data name="data_quality_status"><value>ok</value></Data><Data name="source_media_url"><value>["https://mymaps.usercontent.google.com/hostedimage/m/*/3AAjQbR7JvyHbp5TIvJ6c8D2BJ1YxRBfzweKGAg42Sl6JrqOp0AxbYZcmbCfVRV88h4NpdkkBri1RdHUyOMuZry5mnt2eMQqdW0JQHhIsE2op08G_2ciLrANflH9zb2NIRJOeXgfWL0lSJhcI6yq3dsLaHD6N4sS4gD_Nar9lfw57z0T4tEzRKvx1c86ATP1DSzpG9fSYKbd6Ys2gcmFP0FscEC3SX3py2nvL2SE5uTYCzNiZIEl8r-TqAdWMEx8?authuser=1&amp;fife=s16383"]</value></Data></ExtendedData><Point><coordinates>13.172626,32.89564,0</coordinates></Point></Placemark><Placemark><name>مقهى الطبجي</name><description>&lt;div class="atlas-popup" dir="rtl"&gt;&lt;h3&gt;مقهى الطبجي&lt;/h3&gt;&lt;div class="atlas-popup-gallery"&gt;&lt;img src="https://mymaps.usercontent.google.com/hostedimage/m/*/3AAjQbR6-EhbJg0pvr5bGPerzUbv-9GWuOCvluP20gFSDcxdfrJ55sTNz9Pm9mDyRnOhcx_3APUDEEWNANCV-d-ccvI1wxdXOB1LX4hBLDFHM9NZ_9MLqe9dHvOyHwOQI7ayZfw4wfMtNnnbsj5ajp8MCML3JzvzkGUCAnukU88RFjbvQUTOF76kiQLehKpIO2PUrh7Y6_K2oQkDmdewA6v5vOkvPrqH4lfTcByib7CWwE507mc0YA8SrNshtFOQ?authuser=1&amp;amp;fife=s16383" alt="مقهى الطبجي" loading="lazy" class="atlas-popup-image"&gt;&lt;img src="https://mymaps.usercontent.google.com/hostedimage/m/*/3AAjQbR6_PMAfDLL7re1MGgLxwNHVK_N6jik-9ihTbmfdP2kizveOM18p2NP0VWAdR1wHqFPXjcLODTfCClcgjRqSIxHesm3yIeSVeDHRmHPvcf6jmIdFE6baqKS0qv0YGGRIhIbUrsRqCWLC0dwi07f02eEcVmOMKzucnoQ40VvEc0tAG0UGKgflQ9leTIf1WpWThA_ULsG4RoYmyMNj76OIqZNQMVUVQ3jMVOUBu_10wqGzYhwSmoXc1jPsEDU?authuser=1&amp;amp;fife=s16383" alt="مقهى الطبجي" loading="lazy" class="atlas-popup-image"&gt;&lt;img src="https://mymaps.usercontent.google.com/hostedimage/m/*/3AAjQbR4r29jP4qHbtjKkb0gJTuHYO9dOSat-AHiAgczJ56dG08meA3PuWkvVSehMWO_BkPSXKXXUk0D3mGdV8SAPvJk09TZVmd9iLEf04oN-xDfpSHijLXl3dLojhS-z1la5jafIJFPvbJinYl49AMlyDb4p2tBCapjazlQYmsW0vnMtUcmxnVFk98N5tJg8awRS_9aZgm4iB1EfEgDPX0btVGl7QaAvbVKTTFIoIzrjaIOYKKFliYzROe__vug?authuser=1&amp;amp;fife=s16383" alt="مقهى الطبجي" loading="lazy" class="atlas-popup-image"&gt;&lt;/div&gt;&lt;div class="atlas-popup-details"&gt;&lt;div&gt;&lt;strong&gt;الاسم بالإنجليزية:&lt;/strong&gt; Adel Al-Tabaji Cafe &amp;amp; Restaurant&lt;/div&gt;&lt;div&gt;&lt;strong&gt;التصنيف:&lt;/strong&gt; مقهى&lt;/div&gt;&lt;div&gt;&lt;strong&gt;العنوان:&lt;/strong&gt; وسعاية مخزن الرخام، باب بحر، المدينة القديمة، طرابلس ليبيا.&lt;/div&gt;&lt;div&gt;&lt;strong&gt;الوصف:&lt;/strong&gt; يُعرف المكان ببساطته وأجوائه التراثية «الزمنية» التي تعكس أصالة المنطقة الجغرافية&lt;/div&gt;&lt;/div&gt;&lt;/div&gt;</description><ExtendedData><Data name="atlas_id"><value>LY-OLD-TRIPOLI-00095</value></Data><Data name="name_en"><value>Adel Al-Tabaji Cafe &amp; Restaurant</value></Data><Data name="category"><value>مقهى</value></Data><Data name="address"><value>وسعاية مخزن الرخام، باب بحر، المدينة القديمة، طرابلس ليبيا.</value></Data><Data name="description"><value>يُعرف المكان ببساطته وأجوائه التراثية «الزمنية» التي تعكس أصالة المنطقة الجغرافية</value></Data><Data name="image_count"><value>3</value></Data><Data name="source_file"><value>المدينة القديمة _طرابلس.kml</value></Data><Data name="images_json"><value>["/assets/images/old-tripoli/old-tripoli-LY-OLD-TRIPOLI-00095-01.png","/assets/images/old-tripoli/old-tripoli-LY-OLD-TRIPOLI-00095-02.png","/assets/images/old-tripoli/old-tripoli-LY-OLD-TRIPOLI-00095-03.png"]</value></Data><Data name="atlas_id"><value>LY-OLD-TRIPOLI-00095</value></Data><Data name="image_count"><value>3</value></Data><Data name="source_file"><value>المدينة القديمة _طرابلس.kml</value></Data><Data name="images_json"><value>["/assets/images/old-tripoli/old-tripoli-LY-OLD-TRIPOLI-00095-01.png","/assets/images/old-tripoli/old-tripoli-LY-OLD-TRIPOLI-00095-02.png","/assets/images/old-tripoli/old-tripoli-LY-OLD-TRIPOLI-00095-03.png"]</value></Data><Data name="atlas_id"><value>LY-TRI-000095</value></Data><Data name="layer_id"><value>old-tripoli</value></Data><Data name="layer_name_ar"><value>المدينة القديمة طرابلس</value></Data><Data name="layer_name_en"><value>Old Tripoli</value></Data><Data name="name_ar"><value>مقهى الطبجي</value></Data><Data name="latitude"><value>32.8996999</value></Data><Data name="longitude"><value>13.1757796</value></Data><Data name="images_json"><value>["/assets/images/old-tripoli/old-tripoli-LY-OLD-TRIPOLI-00095-01.png","/assets/images/old-tripoli/old-tripoli-LY-OLD-TRIPOLI-00095-02.png","/assets/images/old-tripoli/old-tripoli-LY-OLD-TRIPOLI-00095-03.png"]</value></Data><Data name="image_count"><value>3</value></Data><Data name="source_file"><value>developed/old-tripoli-developed.kml</value></Data><Data name="source_placemark_index"><value>95</value></Data><Data name="data_quality_status"><value>ok</value></Data><Data name="source_media_url"><value>["https://mymaps.usercontent.google.com/hostedimage/m/*/3AAjQbR6-EhbJg0pvr5bGPerzUbv-9GWuOCvluP20gFSDcxdfrJ55sTNz9Pm9mDyRnOhcx_3APUDEEWNANCV-d-ccvI1wxdXOB1LX4hBLDFHM9NZ_9MLqe9dHvOyHwOQI7ayZfw4wfMtNnnbsj5ajp8MCML3JzvzkGUCAnukU88RFjbvQUTOF76kiQLehKpIO2PUrh7Y6_K2oQkDmdewA6v5vOkvPrqH4lfTcByib7CWwE507mc0YA8SrNshtFOQ?authuser=1&amp;fife=s16383","https://mymaps.usercontent.google.com/hostedimage/m/*/3AAjQbR6_PMAfDLL7re1MGgLxwNHVK_N6jik-9ihTbmfdP2kizveOM18p2NP0VWAdR1wHqFPXjcLODTfCClcgjRqSIxHesm3yIeSVeDHRmHPvcf6jmIdFE6baqKS0qv0YGGRIhIbUrsRqCWLC0dwi07f02eEcVmOMKzucnoQ40VvEc0tAG0UGKgflQ9leTIf1WpWThA_ULsG4RoYmyMNj76OIqZNQMVUVQ3jMVOUBu_10wqGzYhwSmoXc1jPsEDU?authuser=1&amp;fife=s16383","https://mymaps.usercontent.google.com/hostedimage/m/*/3AAjQbR4r29jP4qHbtjKkb0gJTuHYO9dOSat-AHiAgczJ56dG08meA3PuWkvVSehMWO_BkPSXKXXUk0D3mGdV8SAPvJk09TZVmd9iLEf04oN-xDfpSHijLXl3dLojhS-z1la5jafIJFPvbJinYl49AMlyDb4p2tBCapjazlQYmsW0vnMtUcmxnVFk98N5tJg8awRS_9aZgm4iB1EfEgDPX0btVGl7QaAvbVKTTFIoIzrjaIOYKKFliYzROe__vug?authuser=1&amp;fife=s16383"]</value></Data></ExtendedData><Point><coordinates>13.1757796,32.8996999,0</coordinates></Point></Placemark><Placemark><name>مقهى السيدة مريم</name><description>&lt;div class="atlas-popup" dir="rtl"&gt;&lt;h3&gt;مقهى السيدة مريم&lt;/h3&gt;&lt;div class="atlas-popup-gallery"&gt;&lt;img src="https://mymaps.usercontent.google.com/hostedimage/m/*/3AAjQbR7ALz0MIV5NExz0UPEs2864vkjluSSEiKqt9cPStu_d_KbgnX3ko6gRciXcFHr2T34AoGPzv1dMTS8rgh7sjseMckKZOyqIm0vxSDA4SynCJrTMKbnjD2X45HNgKe1nQ0uHp47VAKHzfveqI8DJZYAVw3FIPUl-mCK_e0JwnG3d0oRgJOHuci0Qd7QQEHj6K6_6NAXy8P2GIa0AvEoESb21QhAPSHzLTmUKa4Mj57foSE7djy9UvnikB6Q?authuser=1&amp;amp;fife=s16383" alt="مقهى السيدة مريم" loading="lazy" class="atlas-popup-image"&gt;&lt;/div&gt;&lt;div class="atlas-popup-details"&gt;&lt;div&gt;&lt;strong&gt;الاسم بالإنجليزية:&lt;/strong&gt; La signora maria Cafe&lt;/div&gt;&lt;div&gt;&lt;strong&gt;التصنيف:&lt;/strong&gt; مقهى&lt;/div&gt;&lt;div&gt;&lt;strong&gt;العنوان:&lt;/strong&gt; المدينة القديمة، طرابلس.&lt;/div&gt;&lt;div&gt;&lt;strong&gt;الوصف:&lt;/strong&gt; يمتاز بأجواء رومانسية وهادئة تجمع بين عراقة الماضي والتصميم العصري.&lt;/div&gt;&lt;/div&gt;&lt;/div&gt;</description><ExtendedData><Data name="atlas_id"><value>LY-OLD-TRIPOLI-00096</value></Data><Data name="name_en"><value>La signora maria Cafe</value></Data><Data name="category"><value>مقهى</value></Data><Data name="address"><value>المدينة القديمة، طرابلس.</value></Data><Data name="description"><value>يمتاز بأجواء رومانسية وهادئة تجمع بين عراقة الماضي والتصميم العصري.</value></Data><Data name="image_count"><value>1</value></Data><Data name="source_file"><value>المدينة القديمة _طرابلس.kml</value></Data><Data name="images_json"><value>["/assets/images/old-tripoli/old-tripoli-LY-OLD-TRIPOLI-00096-01.png"]</value></Data><Data name="atlas_id"><value>LY-OLD-TRIPOLI-00096</value></Data><Data name="image_count"><value>1</value></Data><Data name="source_file"><value>المدينة القديمة _طرابلس.kml</value></Data><Data name="images_json"><value>["/assets/images/old-tripoli/old-tripoli-LY-OLD-TRIPOLI-00096-01.png"]</value></Data><Data name="atlas_id"><value>LY-TRI-000096</value></Data><Data name="layer_id"><value>old-tripoli</value></Data><Data name="layer_name_ar"><value>المدينة القديمة طرابلس</value></Data><Data name="layer_name_en"><value>Old Tripoli</value></Data><Data name="name_ar"><value>مقهى السيدة مريم</value></Data><Data name="latitude"><value>32.8986031</value></Data><Data name="longitude"><value>13.1758661</value></Data><Data name="images_json"><value>["/assets/images/old-tripoli/old-tripoli-LY-OLD-TRIPOLI-00096-01.png"]</value></Data><Data name="image_count"><value>1</value></Data><Data name="source_file"><value>developed/old-tripoli-developed.kml</value></Data><Data name="source_placemark_index"><value>96</value></Data><Data name="data_quality_status"><value>ok</value></Data><Data name="source_media_url"><value>["https://mymaps.usercontent.google.com/hostedimage/m/*/3AAjQbR7ALz0MIV5NExz0UPEs2864vkjluSSEiKqt9cPStu_d_KbgnX3ko6gRciXcFHr2T34AoGPzv1dMTS8rgh7sjseMckKZOyqIm0vxSDA4SynCJrTMKbnjD2X45HNgKe1nQ0uHp47VAKHzfveqI8DJZYAVw3FIPUl-mCK_e0JwnG3d0oRgJOHuci0Qd7QQEHj6K6_6NAXy8P2GIa0AvEoESb21QhAPSHzLTmUKa4Mj57foSE7djy9UvnikB6Q?authuser=1&amp;fife=s16383"]</value></Data></ExtendedData><Point><coordinates>13.1758661,32.8986031,0</coordinates></Point></Placemark><Placemark><name>لاكورنو كافي</name><description>&lt;div class="atlas-popup" dir="rtl"&gt;&lt;h3&gt;لاكورنو كافي&lt;/h3&gt;&lt;div class="atlas-popup-gallery"&gt;&lt;img src="https://mymaps.usercontent.google.com/hostedimage/m/*/3AAjQbR47Y-YhQcDLEktZUWOb-tWSys2uEMN8lDlivequHb_VnDM5GqDIzJozVw_1GJHYdS-b0ECajpDTlrOsKbS26boLuNNXlJgaz9yd_j0Zy_T8obVMEaH-01AasuzAyTNJVNH1eyAK9rh4CWl9WeTBGsrMztdrVqn9nqB7JL1wfHxYF6NhxuXLEqni9KMuGy0SY5AH1LT0OJbjZ6oT3fbye5sK53cjWmeplnLYxb1fkaBBsacHndKi5kY94Lk?authuser=1&amp;amp;fife=s16383" alt="لاكورنو كافي" loading="lazy" class="atlas-popup-image"&gt;&lt;img src="https://mymaps.usercontent.google.com/hostedimage/m/*/3AAjQbR7xF6vw_5oFJ7rU14mRBqqTDfnla87s-OR_PikmmJWRrzzZAhdZMVN3DOMLqTud6ofsH_PxokjZ5lMZYmjVlKET5qX2RQBLjkLXxZL5wydGlHpJG2ho8IkcG-htNvuZfPO6AsjvXtTMvutbbgTVTkgx2dtLjB94_xVICJlZK8526m61eZ7S65GV79qzidI8IbhAzg_VquCVwMcfoZyx8tOVx-prXsiEg3f8vLXpXE1qt1io1XYUo_6WvLk?authuser=1&amp;amp;fife=s16383" alt="لاكورنو كافي" loading="lazy" class="atlas-popup-image"&gt;&lt;img src="https://mymaps.usercontent.google.com/hostedimage/m/*/3AAjQbR4llSF8IQIGT1hjwdtOVohTD-clBkFn_ncD2LAcyCZvt84BjLtyeI4q3_RIp0WtbGIcKHwacN-0mYUOOS3YOBcqGEOWdm7gFvyoxO7iXZ3halGxC-KWfQG-fQkbY27DPmgiJHfD746Vq9DlrdIluQrSMh25chgeZZ7b5ekCqtA1oFP6rd9YohnjnMT2Q9TKrDcECwsGbUqI3hepneMZwhbC2YGzBzn_CG_R5lSFsE9d74y2vKhZR0RTzok?authuser=1&amp;amp;fife=s16383" alt="لاكورنو كافي" loading="lazy" class="atlas-popup-image"&gt;&lt;/div&gt;&lt;div class="atlas-popup-details"&gt;&lt;div&gt;&lt;strong&gt;الاسم بالإنجليزية:&lt;/strong&gt; La Corno Cafe&lt;/div&gt;&lt;div&gt;&lt;strong&gt;التصنيف:&lt;/strong&gt; كافيه&lt;/div&gt;&lt;div&gt;&lt;strong&gt;العنوان:&lt;/strong&gt; طرابلس، طريق الشط، أمام ميناء طرابلس، بالقرب من قوس ماركوس ونادي باب البحر.&lt;/div&gt;&lt;div&gt;&lt;strong&gt;الوصف:&lt;/strong&gt; مقهى ومطعم يقدم وجبات السندوتشات، البرجر، البيتزا، بالإضافة إلى القهوة ومشروبات تورالدو.&lt;/div&gt;&lt;/div&gt;&lt;/div&gt;</description><ExtendedData><Data name="atlas_id"><value>LY-OLD-TRIPOLI-00097</value></Data><Data name="name_en"><value>La Corno Cafe</value></Data><Data name="category"><value>كافيه</value></Data><Data name="address"><value>طرابلس، طريق الشط، أمام ميناء طرابلس، بالقرب من قوس ماركوس ونادي باب البحر.</value></Data><Data name="description"><value>مقهى ومطعم يقدم وجبات السندوتشات، البرجر، البيتزا، بالإضافة إلى القهوة ومشروبات تورالدو.</value></Data><Data name="image_count"><value>3</value></Data><Data name="source_file"><value>المدينة القديمة _طرابلس.kml</value></Data><Data name="images_json"><value>["/assets/images/old-tripoli/old-tripoli-LY-OLD-TRIPOLI-00097-01.png","/assets/images/old-tripoli/old-tripoli-LY-OLD-TRIPOLI-00097-02.png","/assets/images/old-tripoli/old-tripoli-LY-OLD-TRIPOLI-00097-03.png"]</value></Data><Data name="atlas_id"><value>LY-OLD-TRIPOLI-00097</value></Data><Data name="image_count"><value>3</value></Data><Data name="source_file"><value>المدينة القديمة _طرابلس.kml</value></Data><Data name="images_json"><value>["/assets/images/old-tripoli/old-tripoli-LY-OLD-TRIPOLI-00097-01.png","/assets/images/old-tripoli/old-tripoli-LY-OLD-TRIPOLI-00097-02.png","/assets/images/old-tripoli/old-tripoli-LY-OLD-TRIPOLI-00097-03.png"]</value></Data><Data name="atlas_id"><value>LY-TRI-000097</value></Data><Data name="layer_id"><value>old-tripoli</value></Data><Data name="layer_name_ar"><value>المدينة القديمة طرابلس</value></Data><Data name="layer_name_en"><value>Old Tripoli</value></Data><Data name="name_ar"><value>لاكورنو كافي</value></Data><Data name="latitude"><value>32.8996794</value></Data><Data name="longitude"><value>13.1767018</value></Data><Data name="images_json"><value>["/assets/images/old-tripoli/old-tripoli-LY-OLD-TRIPOLI-00097-01.png","/assets/images/old-tripoli/old-tripoli-LY-OLD-TRIPOLI-00097-02.png","/assets/images/old-tripoli/old-tripoli-LY-OLD-TRIPOLI-00097-03.png"]</value></Data><Data name="image_count"><value>3</value></Data><Data name="source_file"><value>developed/old-tripoli-developed.kml</value></Data><Data name="source_placemark_index"><value>97</value></Data><Data name="data_quality_status"><value>ok</value></Data><Data name="source_media_url"><value>["https://mymaps.usercontent.google.com/hostedimage/m/*/3AAjQbR47Y-YhQcDLEktZUWOb-tWSys2uEMN8lDlivequHb_VnDM5GqDIzJozVw_1GJHYdS-b0ECajpDTlrOsKbS26boLuNNXlJgaz9yd_j0Zy_T8obVMEaH-01AasuzAyTNJVNH1eyAK9rh4CWl9WeTBGsrMztdrVqn9nqB7JL1wfHxYF6NhxuXLEqni9KMuGy0SY5AH1LT0OJbjZ6oT3fbye5sK53cjWmeplnLYxb1fkaBBsacHndKi5kY94Lk?authuser=1&amp;fife=s16383","https://mymaps.usercontent.google.com/hostedimage/m/*/3AAjQbR7xF6vw_5oFJ7rU14mRBqqTDfnla87s-OR_PikmmJWRrzzZAhdZMVN3DOMLqTud6ofsH_PxokjZ5lMZYmjVlKET5qX2RQBLjkLXxZL5wydGlHpJG2ho8IkcG-htNvuZfPO6AsjvXtTMvutbbgTVTkgx2dtLjB94_xVICJlZK8526m61eZ7S65GV79qzidI8IbhAzg_VquCVwMcfoZyx8tOVx-prXsiEg3f8vLXpXE1qt1io1XYUo_6WvLk?authuser=1&amp;fife=s16383","https://mymaps.usercontent.google.com/hostedimage/m/*/3AAjQbR4llSF8IQIGT1hjwdtOVohTD-clBkFn_ncD2LAcyCZvt84BjLtyeI4q3_RIp0WtbGIcKHwacN-0mYUOOS3YOBcqGEOWdm7gFvyoxO7iXZ3halGxC-KWfQG-fQkbY27DPmgiJHfD746Vq9DlrdIluQrSMh25chgeZZ7b5ekCqtA1oFP6rd9YohnjnMT2Q9TKrDcECwsGbUqI3hepneMZwhbC2YGzBzn_CG_R5lSFsE9d74y2vKhZR0RTzok?authuser=1&amp;fife=s16383"]</value></Data></ExtendedData><Point><coordinates>13.1767018,32.8996794,0</coordinates></Point></Placemark><Placemark><name>كافي دي روما</name><description>&lt;div class="atlas-popup" dir="rtl"&gt;&lt;h3&gt;كافي دي روما&lt;/h3&gt;&lt;div class="atlas-popup-gallery"&gt;&lt;img src="https://mymaps.usercontent.google.com/hostedimage/m/*/3AAjQbR7iD1huUd9eiBa_AA0Kc-eEuagCu6_9eVKeArmZ84NhX2MHXIEISSeZy3hRz_i1QtJFXVnrUd6WIe_-WYHk2HkbmVGjGakcj64dY8AcnkoZWzYIR9LW7dbAeAJHh7rgvnWFQZqmlCzFqtDXTk4BPs7pbewyukrqBjVTsyb2Zzz-ZSYBxacywlMfGJuYqkJQ070NBAVOfQxI0xoBShQwAvQm5gOhwEtsT-irD1Y7zrN35_a9ddWLLx_DIkM?authuser=1&amp;amp;fife=s16383" alt="كافي دي روما" loading="lazy" class="atlas-popup-image"&gt;&lt;img src="https://mymaps.usercontent.google.com/hostedimage/m/*/3AAjQbR6XlAzwKXICgphi2Pa3gXyN87uEVxvIJeDWjv1LnSrSzc45t7X9DvNPlv8O9316jaBNHxQF28C2PmVhk65xYXTc0bhUqmqMZJ0a_ZXmvHrHptsddDCBMclzTkSVhf8ge2IofjODaobQOzUM6_9AzNy9wE5RmhdQ5xXn93RG2Tn_XfFa5ctx4J8eL33k_7hJDe3MKmmuNFUnAwqm87gXTJIWXrZVBWPOGh26-e7nNEdFcRr15ctQQ0MPkWE?authuser=1&amp;amp;fife=s16383" alt="كافي دي روما" loading="lazy" class="atlas-popup-image"&gt;&lt;/div&gt;&lt;div class="atlas-popup-details"&gt;&lt;div&gt;&lt;strong&gt;الاسم بالإنجليزية:&lt;/strong&gt; Caffè di Roma&lt;/div&gt;&lt;div&gt;&lt;strong&gt;التصنيف:&lt;/strong&gt; كافي&lt;/div&gt;&lt;div&gt;&lt;strong&gt;العنوان:&lt;/strong&gt; يقع في طريق الشط، تحديداً أمام مصرف ليبيا المركزي، ويفصل بين المدينة&lt;/div&gt;&lt;div&gt;&lt;strong&gt;الوصف:&lt;/strong&gt; كافي&lt;/div&gt;&lt;/div&gt;&lt;/div&gt;</description><ExtendedData><Data name="atlas_id"><value>LY-OLD-TRIPOLI-00098</value></Data><Data name="name_en"><value>Caffè di Roma</value></Data><Data name="category"><value>كافي</value></Data><Data name="address"><value>يقع في طريق الشط، تحديداً أمام مصرف ليبيا المركزي، ويفصل بين المدينة</value></Data><Data name="description"><value>كافي</value></Data><Data name="image_count"><value>2</value></Data><Data name="source_file"><value>المدينة القديمة _طرابلس.kml</value></Data><Data name="images_json"><value>["/assets/images/old-tripoli/old-tripoli-LY-OLD-TRIPOLI-00098-01.png","/assets/images/old-tripoli/old-tripoli-LY-OLD-TRIPOLI-00098-02.png"]</value></Data><Data name="atlas_id"><value>LY-OLD-TRIPOLI-00098</value></Data><Data name="image_count"><value>2</value></Data><Data name="source_file"><value>المدينة القديمة _طرابلس.kml</value></Data><Data name="images_json"><value>["/assets/images/old-tripoli/old-tripoli-LY-OLD-TRIPOLI-00098-01.png","/assets/images/old-tripoli/old-tripoli-LY-OLD-TRIPOLI-00098-02.png"]</value></Data><Data name="atlas_id"><value>LY-TRI-000098</value></Data><Data name="layer_id"><value>old-tripoli</value></Data><Data name="layer_name_ar"><value>المدينة القديمة طرابلس</value></Data><Data name="layer_name_en"><value>Old Tripoli</value></Data><Data name="name_ar"><value>كافي دي روما</value></Data><Data name="latitude"><value>32.8982841</value></Data><Data name="longitude"><value>13.1785669</value></Data><Data name="images_json"><value>["/assets/images/old-tripoli/old-tripoli-LY-OLD-TRIPOLI-00098-01.png","/assets/images/old-tripoli/old-tripoli-LY-OLD-TRIPOLI-00098-02.png"]</value></Data><Data name="image_count"><value>2</value></Data><Data name="source_file"><value>developed/old-tripoli-developed.kml</value></Data><Data name="source_placemark_index"><value>98</value></Data><Data name="data_quality_status"><value>ok</value></Data><Data name="source_media_url"><value>["https://mymaps.usercontent.google.com/hostedimage/m/*/3AAjQbR7iD1huUd9eiBa_AA0Kc-eEuagCu6_9eVKeArmZ84NhX2MHXIEISSeZy3hRz_i1QtJFXVnrUd6WIe_-WYHk2HkbmVGjGakcj64dY8AcnkoZWzYIR9LW7dbAeAJHh7rgvnWFQZqmlCzFqtDXTk4BPs7pbewyukrqBjVTsyb2Zzz-ZSYBxacywlMfGJuYqkJQ070NBAVOfQxI0xoBShQwAvQm5gOhwEtsT-irD1Y7zrN35_a9ddWLLx_DIkM?authuser=1&amp;fife=s16383","https://mymaps.usercontent.google.com/hostedimage/m/*/3AAjQbR6XlAzwKXICgphi2Pa3gXyN87uEVxvIJeDWjv1LnSrSzc45t7X9DvNPlv8O9316jaBNHxQF28C2PmVhk65xYXTc0bhUqmqMZJ0a_ZXmvHrHptsddDCBMclzTkSVhf8ge2IofjODaobQOzUM6_9AzNy9wE5RmhdQ5xXn93RG2Tn_XfFa5ctx4J8eL33k_7hJDe3MKmmuNFUnAwqm87gXTJIWXrZVBWPOGh26-e7nNEdFcRr15ctQQ0MPkWE?authuser=1&amp;fife=s16383"]</value></Data></ExtendedData><Point><coordinates>13.1785669,32.8982841,0</coordinates></Point></Placemark><Placemark><name>مقهي باديه</name><description>&lt;div class="atlas-popup" dir="rtl"&gt;&lt;h3&gt;مقهي باديه&lt;/h3&gt;&lt;div class="atlas-popup-gallery"&gt;&lt;img src="https://mymaps.usercontent.google.com/hostedimage/m/*/3AAjQbR5iC4UQkPlZVUPzSH6ipwyOG_FsrOOzO-n0LSww_uL0rKLkurp2p-VvQFksvfoHDP4174nQBUnCF39E5stYshzTnSNiAyDYXrcOTvimS7xVd_WhB89dk2BlyCrhcg6JY58KahK3AcHjRNDT-gLEiR8CZRqeThE1wTgwzxWpJbOJ-hvSn_JmD9tRrIckMSFe8QGzlrwj5W0ymvRhpJm9NJ75Eg7YBrNitu8QwZNivgZIvCOiBM0BCNDj8Y8?authuser=1&amp;amp;fife=s16383" alt="مقهي باديه" loading="lazy" class="atlas-popup-image"&gt;&lt;img src="https://mymaps.usercontent.google.com/hostedimage/m/*/3AAjQbR5u421HqLWDq7dkFubKaT-6qX6PsCLuIsVSnQKhQP5PRZFO2wyEuHUr-WF-m5kyUlvzn1as6Ij6sbCXcEcBI8d-fpTu-X2JgK3Te9F8u1DMu4pceAkVLyQ7SCcmUpmjOXBmC3ZVEF9jYL_Eb7ah_J0HmMwvps-Fi2YVNc2R7YUBF-VMPMsXIXDYQCDrqlG9Al_KlnNU8Mr-JFh6roJdFViaf2Jz0RoKWxrK4tL8bC6AKoZayConxt0tbSg?authuser=1&amp;amp;fife=s16383" alt="مقهي باديه" loading="lazy" class="atlas-popup-image"&gt;&lt;img src="https://mymaps.usercontent.google.com/hostedimage/m/*/3AAjQbR4tM4I8ZSjgymPSDo9eM-Abb1EGKdaWbKWKmWfMMqMmfiQasXnpdhy5X8nRrWLzKyVPmSDNQqkjClRa2HbAfazWIenfkPrVeXNC6hsnzZb-VkOZfO6gqT58xVVurCm6uybcH7G4WAQGQDw_beohf_sRgQiZjt5X5o2W7NET-5r_kmJO2uSkkevsfI114dBqK2of1MAvf2JBaRP8yPZohzAB1GfmAb853YskVD243nZWmA5pnGnDirhMpug?authuser=1&amp;amp;fife=s16383" alt="مقهي باديه" loading="lazy" class="atlas-popup-image"&gt;&lt;/div&gt;&lt;div class="atlas-popup-details"&gt;&lt;div&gt;&lt;strong&gt;الاسم بالإنجليزية:&lt;/strong&gt; Al-Badia Cafe&lt;/div&gt;&lt;div&gt;&lt;strong&gt;التصنيف:&lt;/strong&gt; مقهى&lt;/div&gt;&lt;div&gt;&lt;strong&gt;العنوان:&lt;/strong&gt; يقع المقهى بحلته الجديدة في المدينة القديمة، وتحديداً في وسعاية جامع محمود بجانب المبنى الإداري لجهاز المدينة القديمة.&lt;/div&gt;&lt;div&gt;&lt;strong&gt;الوصف:&lt;/strong&gt; قبل أن يتحول المكان إلى مقهى، كان العقار الأصلي عبارة عن حمام شعبي قديم داخل أزقة المدينة القديمة&lt;/div&gt;&lt;/div&gt;&lt;/div&gt;</description><ExtendedData><Data name="atlas_id"><value>LY-OLD-TRIPOLI-00099</value></Data><Data name="name_en"><value>Al-Badia Cafe</value></Data><Data name="category"><value>مقهى</value></Data><Data name="address"><value>يقع المقهى بحلته الجديدة في المدينة القديمة، وتحديداً في وسعاية جامع محمود بجانب المبنى الإداري لجهاز المدينة القديمة.</value></Data><Data name="description"><value>قبل أن يتحول المكان إلى مقهى، كان العقار الأصلي عبارة عن حمام شعبي قديم داخل أزقة المدينة القديمة</value></Data><Data name="image_count"><value>3</value></Data><Data name="source_file"><value>المدينة القديمة _طرابلس.kml</value></Data><Data name="images_json"><value>["/assets/images/old-tripoli/old-tripoli-LY-OLD-TRIPOLI-00099-01.png","/assets/images/old-tripoli/old-tripoli-LY-OLD-TRIPOLI-00099-02.png","/assets/images/old-tripoli/old-tripoli-LY-OLD-TRIPOLI-00099-03.png"]</value></Data><Data name="atlas_id"><value>LY-OLD-TRIPOLI-00099</value></Data><Data name="image_count"><value>3</value></Data><Data name="source_file"><value>المدينة القديمة _طرابلس.kml</value></Data><Data name="images_json"><value>["/assets/images/old-tripoli/old-tripoli-LY-OLD-TRIPOLI-00099-01.png","/assets/images/old-tripoli/old-tripoli-LY-OLD-TRIPOLI-00099-02.png","/assets/images/old-tripoli/old-tripoli-LY-OLD-TRIPOLI-00099-03.png"]</value></Data><Data name="atlas_id"><value>LY-TRI-000099</value></Data><Data name="layer_id"><value>old-tripoli</value></Data><Data name="layer_name_ar"><value>المدينة القديمة طرابلس</value></Data><Data name="layer_name_en"><value>Old Tripoli</value></Data><Data name="name_ar"><value>مقهي باديه</value></Data><Data name="latitude"><value>32.897921</value></Data><Data name="longitude"><value>13.174363</value></Data><Data name="images_json"><value>["/assets/images/old-tripoli/old-tripoli-LY-OLD-TRIPOLI-00099-01.png","/assets/images/old-tripoli/old-tripoli-LY-OLD-TRIPOLI-00099-02.png","/assets/images/old-tripoli/old-tripoli-LY-OLD-TRIPOLI-00099-03.png"]</value></Data><Data name="image_count"><value>3</value></Data><Data name="source_file"><value>developed/old-tripoli-developed.kml</value></Data><Data name="source_placemark_index"><value>99</value></Data><Data name="data_quality_status"><value>ok</value></Data><Data name="source_media_url"><value>["https://mymaps.usercontent.google.com/hostedimage/m/*/3AAjQbR5iC4UQkPlZVUPzSH6ipwyOG_FsrOOzO-n0LSww_uL0rKLkurp2p-VvQFksvfoHDP4174nQBUnCF39E5stYshzTnSNiAyDYXrcOTvimS7xVd_WhB89dk2BlyCrhcg6JY58KahK3AcHjRNDT-gLEiR8CZRqeThE1wTgwzxWpJbOJ-hvSn_JmD9tRrIckMSFe8QGzlrwj5W0ymvRhpJm9NJ75Eg7YBrNitu8QwZNivgZIvCOiBM0BCNDj8Y8?authuser=1&amp;fife=s16383","https://mymaps.usercontent.google.com/hostedimage/m/*/3AAjQbR5u421HqLWDq7dkFubKaT-6qX6PsCLuIsVSnQKhQP5PRZFO2wyEuHUr-WF-m5kyUlvzn1as6Ij6sbCXcEcBI8d-fpTu-X2JgK3Te9F8u1DMu4pceAkVLyQ7SCcmUpmjOXBmC3ZVEF9jYL_Eb7ah_J0HmMwvps-Fi2YVNc2R7YUBF-VMPMsXIXDYQCDrqlG9Al_KlnNU8Mr-JFh6roJdFViaf2Jz0RoKWxrK4tL8bC6AKoZayConxt0tbSg?authuser=1&amp;fife=s16383","https://mymaps.usercontent.google.com/hostedimage/m/*/3AAjQbR4tM4I8ZSjgymPSDo9eM-Abb1EGKdaWbKWKmWfMMqMmfiQasXnpdhy5X8nRrWLzKyVPmSDNQqkjClRa2HbAfazWIenfkPrVeXNC6hsnzZb-VkOZfO6gqT58xVVurCm6uybcH7G4WAQGQDw_beohf_sRgQiZjt5X5o2W7NET-5r_kmJO2uSkkevsfI114dBqK2of1MAvf2JBaRP8yPZohzAB1GfmAb853YskVD243nZWmA5pnGnDirhMpug?authuser=1&amp;fife=s16383"]</value></Data></ExtendedData><Point><coordinates>13.174363,32.897921,0</coordinates></Point></Placemark><Placemark><name>بيتزا درغوت</name><description>&lt;div class="atlas-popup" dir="rtl"&gt;&lt;h3&gt;بيتزا درغوت&lt;/h3&gt;&lt;div class="atlas-popup-gallery"&gt;&lt;img src="https://mymaps.usercontent.google.com/hostedimage/m/*/3AAjQbR7V4ZYWs0UbTxCA0aHaXC3NSO49-Y3tBxK3lO0H0X5wno93bcq44GMQTwtsxzX3qItmWD2wsL6uupO-NSlJ50e11Uu30_WYje9kHexyOfVNnKq8uzFKhYKPMFBCLuxVlI7V8i85sTW4hsdXIlKoE6UW2G4O-mPT6TouqtLJruG_PdLm7gK99QAeacGWv8rbjwMuogyh53lBaGscrKaiHgO6j_2K-cgj2EqZh0c_ncx3iWP22RARe9xW_Hk?authuser=1&amp;amp;fife=s16383" alt="بيتزا درغوت" loading="lazy" class="atlas-popup-image"&gt;&lt;img src="https://mymaps.usercontent.google.com/hostedimage/m/*/3AAjQbR7_hmZwEAKna9WuOk51aivlrdJL4LJPdTTzWtkqUdY8iQ73qWbXovEZ0qpZ3q0_uqF_fF5lUGm754SIwFPBYt--vkOG9gvRxREi0nxbIlEsqsfZuYlCtj_3xpDyZf7Sx9JEHLhCWqALc2xw7zFqCgANIIAa4mTCm1AkIW9yKbC976h0qn-DRbjEmIweX5tZMQa52S3ViptwVxDLqe8BMWO58oVzQlTqaoXNAjj9ZVdYivH_nLOPpyFDS6c?authuser=1&amp;amp;fife=s16383" alt="بيتزا درغوت" loading="lazy" class="atlas-popup-image"&gt;&lt;img src="https://mymaps.usercontent.google.com/hostedimage/m/*/3AAjQbR5S_6hQ_eIAEttNLVqeI_Ql_P4KcxJzVrHTRzTEfuKjSJ6rIg5RVcqCGjjbc5cYyVAcniEze9A-7apFok2Tf1P-dR5Hsl5k8L3nAMYObJO8spF2fUD8yDUONz8FP-Tr2Ule5nJAAItIdNU_fAckch4kmdanmjxjtI32X4ZoHcOlVeP6EILdsL3t7ipXIHjhuasNkHrXBpfLIh-RjEptNKqBe9X1hXkUyysOFru0wxAK9ExQZNQZ8Nr3PbA?authuser=1&amp;amp;fife=s16383" alt="بيتزا درغوت" loading="lazy" class="atlas-popup-image"&gt;&lt;/div&gt;&lt;div class="atlas-popup-details"&gt;&lt;div&gt;&lt;strong&gt;الاسم بالإنجليزية:&lt;/strong&gt; Pizza Dragut&lt;/div&gt;&lt;div&gt;&lt;strong&gt;التصنيف:&lt;/strong&gt; بتزاريا&lt;/div&gt;&lt;div&gt;&lt;strong&gt;العنوان:&lt;/strong&gt; طرابلس، المدينة القديمة، ميدان السيدة مريم (محاط بالتاريخ العثماني والروماني بالقرب من قوس ماركوس).&lt;/div&gt;&lt;div&gt;&lt;strong&gt;الوصف:&lt;/strong&gt; يقدم البيتزا الإيطالية، المكرونات المصنوعة يدويًا، وجبات الإفطار الصباحي&lt;/div&gt;&lt;/div&gt;&lt;/div&gt;</description><ExtendedData><Data name="atlas_id"><value>LY-OLD-TRIPOLI-00100</value></Data><Data name="name_en"><value>Pizza Dragut</value></Data><Data name="category"><value>بتزاريا</value></Data><Data name="address"><value>طرابلس، المدينة القديمة، ميدان السيدة مريم (محاط بالتاريخ العثماني والروماني بالقرب من قوس ماركوس).</value></Data><Data name="description"><value>يقدم البيتزا الإيطالية، المكرونات المصنوعة يدويًا، وجبات الإفطار الصباحي</value></Data><Data name="image_count"><value>3</value></Data><Data name="source_file"><value>المدينة القديمة _طرابلس.kml</value></Data><Data name="images_json"><value>["/assets/images/old-tripoli/old-tripoli-LY-OLD-TRIPOLI-00100-01.png","/assets/images/old-tripoli/old-tripoli-LY-OLD-TRIPOLI-00100-02.png","/assets/images/old-tripoli/old-tripoli-LY-OLD-TRIPOLI-00100-03.png"]</value></Data><Data name="atlas_id"><value>LY-OLD-TRIPOLI-00100</value></Data><Data name="image_count"><value>3</value></Data><Data name="source_file"><value>المدينة القديمة _طرابلس.kml</value></Data><Data name="images_json"><value>["/assets/images/old-tripoli/old-tripoli-LY-OLD-TRIPOLI-00100-01.png","/assets/images/old-tripoli/old-tripoli-LY-OLD-TRIPOLI-00100-02.png","/assets/images/old-tripoli/old-tripoli-LY-OLD-TRIPOLI-00100-03.png"]</value></Data><Data name="atlas_id"><value>LY-TRI-000100</value></Data><Data name="layer_id"><value>old-tripoli</value></Data><Data name="layer_name_ar"><value>المدينة القديمة طرابلس</value></Data><Data name="layer_name_en"><value>Old Tripoli</value></Data><Data name="name_ar"><value>بيتزا درغوت</value></Data><Data name="latitude"><value>32.8990992</value></Data><Data name="longitude"><value>13.1771226</value></Data><Data name="images_json"><value>["/assets/images/old-tripoli/old-tripoli-LY-OLD-TRIPOLI-00100-01.png","/assets/images/old-tripoli/old-tripoli-LY-OLD-TRIPOLI-00100-02.png","/assets/images/old-tripoli/old-tripoli-LY-OLD-TRIPOLI-00100-03.png"]</value></Data><Data name="image_count"><value>3</value></Data><Data name="source_file"><value>developed/old-tripoli-developed.kml</value></Data><Data name="source_placemark_index"><value>100</value></Data><Data name="data_quality_status"><value>ok</value></Data><Data name="source_media_url"><value>["https://mymaps.usercontent.google.com/hostedimage/m/*/3AAjQbR7V4ZYWs0UbTxCA0aHaXC3NSO49-Y3tBxK3lO0H0X5wno93bcq44GMQTwtsxzX3qItmWD2wsL6uupO-NSlJ50e11Uu30_WYje9kHexyOfVNnKq8uzFKhYKPMFBCLuxVlI7V8i85sTW4hsdXIlKoE6UW2G4O-mPT6TouqtLJruG_PdLm7gK99QAeacGWv8rbjwMuogyh53lBaGscrKaiHgO6j_2K-cgj2EqZh0c_ncx3iWP22RARe9xW_Hk?authuser=1&amp;fife=s16383","https://mymaps.usercontent.google.com/hostedimage/m/*/3AAjQbR7_hmZwEAKna9WuOk51aivlrdJL4LJPdTTzWtkqUdY8iQ73qWbXovEZ0qpZ3q0_uqF_fF5lUGm754SIwFPBYt--vkOG9gvRxREi0nxbIlEsqsfZuYlCtj_3xpDyZf7Sx9JEHLhCWqALc2xw7zFqCgANIIAa4mTCm1AkIW9yKbC976h0qn-DRbjEmIweX5tZMQa52S3ViptwVxDLqe8BMWO58oVzQlTqaoXNAjj9ZVdYivH_nLOPpyFDS6c?authuser=1&amp;fife=s16383","https://mymaps.usercontent.google.com/hostedimage/m/*/3AAjQbR5S_6hQ_eIAEttNLVqeI_Ql_P4KcxJzVrHTRzTEfuKjSJ6rIg5RVcqCGjjbc5cYyVAcniEze9A-7apFok2Tf1P-dR5Hsl5k8L3nAMYObJO8spF2fUD8yDUONz8FP-Tr2Ule5nJAAItIdNU_fAckch4kmdanmjxjtI32X4ZoHcOlVeP6EILdsL3t7ipXIHjhuasNkHrXBpfLIh-RjEptNKqBe9X1hXkUyysOFru0wxAK9ExQZNQZ8Nr3PbA?authuser=1&amp;fife=s16383"]</value></Data></ExtendedData><Point><coordinates>13.1771226,32.8990992,0</coordinates></Point></Placemark><Placemark><name>كازا كافيه</name><description>&lt;div class="atlas-popup" dir="rtl"&gt;&lt;h3&gt;كازا كافيه&lt;/h3&gt;&lt;div class="atlas-popup-gallery"&gt;&lt;img src="https://mymaps.usercontent.google.com/hostedimage/m/*/3AAjQbR7uSLZeHPi1wydur-6hwQYpshmfRLTIuXlmm-4LbD41ApcqeLYAGM1RDHQPN4roRi5a2yeuJiFSGrCBvI21ZjSZSqXj60xFWH9LlmyYNR3lIXC0ghNIFWwCuz9d161H6dC5ItCx8mh95y4iAoug1MwhwEE01kY4ek2ubRb8RNKleBSKyrc4-6_EBnyYLeDU7avmgnfvbEl4N7CppvsG0N7lW5aHGr75Bcg09ujYiwpOXBrbbIG0YvimfIs?authuser=1&amp;amp;fife=s16383" alt="كازا كافيه" loading="lazy" class="atlas-popup-image"&gt;&lt;/div&gt;&lt;div class="atlas-popup-details"&gt;&lt;div&gt;&lt;strong&gt;الاسم بالإنجليزية:&lt;/strong&gt; Caza Café&lt;/div&gt;&lt;div&gt;&lt;strong&gt;التصنيف:&lt;/strong&gt; مقهى&lt;/div&gt;&lt;div&gt;&lt;strong&gt;العنوان:&lt;/strong&gt; ميدان برج الساعة&lt;/div&gt;&lt;div&gt;&lt;strong&gt;الوصف:&lt;/strong&gt; كازا كافيه&lt;/div&gt;&lt;/div&gt;&lt;/div&gt;</description><ExtendedData><Data name="atlas_id"><value>LY-OLD-TRIPOLI-00101</value></Data><Data name="name_en"><value>Caza Café</value></Data><Data name="category"><value>مقهى</value></Data><Data name="address"><value>ميدان برج الساعة</value></Data><Data name="description"><value>كازا كافيه</value></Data><Data name="image_count"><value>1</value></Data><Data name="source_file"><value>المدينة القديمة _طرابلس.kml</value></Data><Data name="images_json"><value>["/assets/images/old-tripoli/old-tripoli-LY-OLD-TRIPOLI-00101-01.png"]</value></Data><Data name="atlas_id"><value>LY-OLD-TRIPOLI-00101</value></Data><Data name="image_count"><value>1</value></Data><Data name="source_file"><value>المدينة القديمة _طرابلس.kml</value></Data><Data name="images_json"><value>["/assets/images/old-tripoli/old-tripoli-LY-OLD-TRIPOLI-00101-01.png"]</value></Data><Data name="atlas_id"><value>LY-TRI-000101</value></Data><Data name="layer_id"><value>old-tripoli</value></Data><Data name="layer_name_ar"><value>المدينة القديمة طرابلس</value></Data><Data name="layer_name_en"><value>Old Tripoli</value></Data><Data name="name_ar"><value>كازا كافيه</value></Data><Data name="latitude"><value>32.896135</value></Data><Data name="longitude"><value>13.179286</value></Data><Data name="images_json"><value>["/assets/images/old-tripoli/old-tripoli-LY-OLD-TRIPOLI-00101-01.png"]</value></Data><Data name="image_count"><value>1</value></Data><Data name="source_file"><value>developed/old-tripoli-developed.kml</value></Data><Data name="source_placemark_index"><value>101</value></Data><Data name="data_quality_status"><value>ok</value></Data><Data name="source_media_url"><value>["https://mymaps.usercontent.google.com/hostedimage/m/*/3AAjQbR7uSLZeHPi1wydur-6hwQYpshmfRLTIuXlmm-4LbD41ApcqeLYAGM1RDHQPN4roRi5a2yeuJiFSGrCBvI21ZjSZSqXj60xFWH9LlmyYNR3lIXC0ghNIFWwCuz9d161H6dC5ItCx8mh95y4iAoug1MwhwEE01kY4ek2ubRb8RNKleBSKyrc4-6_EBnyYLeDU7avmgnfvbEl4N7CppvsG0N7lW5aHGr75Bcg09ujYiwpOXBrbbIG0YvimfIs?authuser=1&amp;fife=s16383"]</value></Data></ExtendedData><Point><coordinates>13.179286,32.896135,0</coordinates></Point></Placemark><Placemark><name>مطعم الأثار</name><description>&lt;div class="atlas-popup" dir="rtl"&gt;&lt;h3&gt;مطعم الأثار&lt;/h3&gt;&lt;div class="atlas-popup-gallery"&gt;&lt;img src="https://mymaps.usercontent.google.com/hostedimage/m/*/3AAjQbR54DNfxNONRsfPgIguxLA68IWU7OWA0SUh93SbjmTizky_wKMcS3N3xURnL0DvVG2Go8p1mRlbLzoEkN4-qBw3lcG7W8n68kS0seFUZSFbTo_1inoQwMEfcbxR5diQ8N1n8PKKKh6SE8GWy0pGw8G0UIzwwyFT0T3_-7Amtp2laNeSWFIgKNlVf4puE36wMm7pO6Iww3tZhRr2V0JZmEj8HaFY7MW7NbvquH9f5HJpqTWbrpw8DHYicrHY?authuser=1&amp;amp;fife=s16383" alt="مطعم الأثار" loading="lazy" class="atlas-popup-image"&gt;&lt;img src="https://mymaps.usercontent.google.com/hostedimage/m/*/3AAjQbR6BIxfAnTWQEiHGRvRF6qOSmEU41e394O-NYiqC-eRYoTIAGkPeENpNr1tMs72ZOgFBtCHN6iF0wWACCuMjDP17Eq5cmHG-TOn4R3FeHakDNzgZ5NTXTKSBHUSKgaUDUtXOtqXmeiEQ6LC5508ii_G1IbBD2Xs4lYW_-NJXN1ToVUqp7jNgyIlT0o-Hm9stbef6GWSxdz9sjGont0SUNiPzXVWoRJjFYP0adxSCohECDikj_u21zWiMPrM?authuser=1&amp;amp;fife=s16383" alt="مطعم الأثار" loading="lazy" class="atlas-popup-image"&gt;&lt;img src="https://mymaps.usercontent.google.com/hostedimage/m/*/3AAjQbR67I6Avnkt3xZrrmpXAVSFy22eAg4PcYcuYRXRDneHwJneYdr9vNNvXpblV7VVhZYRrZk6xWYkZBTYt9w2Oh-0cpevIGQnBj3QLbxMXW7K1GX_QAih-pPX4wrnbu43cNxC9jTXpxM-puhLOd-5dr-foRUnH5eIympoy5tmk9qaGMwrHgGAtSgtcj1DMk1_0FZBzYkuszCvFIvJ9gQ1A1Z9RBmsuIHl4Kw5uBNVHXcCKcjn3DHwc9bsKvpE?authuser=1&amp;amp;fife=s16383" alt="مطعم الأثار" loading="lazy" class="atlas-popup-image"&gt;&lt;/div&gt;&lt;div class="atlas-popup-details"&gt;&lt;div&gt;&lt;strong&gt;الاسم بالإنجليزية:&lt;/strong&gt; Al Athar Restaurant&lt;/div&gt;&lt;div&gt;&lt;strong&gt;التصنيف:&lt;/strong&gt; مطعم باجواء اثرية تارخية&lt;/div&gt;&lt;div&gt;&lt;strong&gt;العنوان:&lt;/strong&gt; المدينة القديمة بجانب قوس ماركوس&lt;/div&gt;&lt;div&gt;&lt;strong&gt;الوصف:&lt;/strong&gt; يقع المطعم داخل مبنى كلاسيكي قديم يعكس نمط العمارة الطرابلسية التقليدية الممزوجة ببعض التحديثات الهندسية ليتناسب مع وظيفته السياحية.&lt;/div&gt;&lt;/div&gt;&lt;/div&gt;</description><ExtendedData><Data name="atlas_id"><value>LY-OLD-TRIPOLI-00102</value></Data><Data name="name_en"><value>Al Athar Restaurant</value></Data><Data name="category"><value>مطعم باجواء اثرية تارخية</value></Data><Data name="address"><value>المدينة القديمة بجانب قوس ماركوس</value></Data><Data name="description"><value>يقع المطعم داخل مبنى كلاسيكي قديم يعكس نمط العمارة الطرابلسية التقليدية الممزوجة ببعض التحديثات الهندسية ليتناسب مع وظيفته السياحية.</value></Data><Data name="image_count"><value>3</value></Data><Data name="source_file"><value>المدينة القديمة _طرابلس.kml</value></Data><Data name="images_json"><value>["/assets/images/old-tripoli/old-tripoli-LY-OLD-TRIPOLI-00102-01.png","/assets/images/old-tripoli/old-tripoli-LY-OLD-TRIPOLI-00102-02.png","/assets/images/old-tripoli/old-tripoli-LY-OLD-TRIPOLI-00102-03.png"]</value></Data><Data name="atlas_id"><value>LY-OLD-TRIPOLI-00102</value></Data><Data name="image_count"><value>3</value></Data><Data name="source_file"><value>المدينة القديمة _طرابلس.kml</value></Data><Data name="images_json"><value>["/assets/images/old-tripoli/old-tripoli-LY-OLD-TRIPOLI-00102-01.png","/assets/images/old-tripoli/old-tripoli-LY-OLD-TRIPOLI-00102-02.png","/assets/images/old-tripoli/old-tripoli-LY-OLD-TRIPOLI-00102-03.png"]</value></Data><Data name="atlas_id"><value>LY-TRI-000102</value></Data><Data name="layer_id"><value>old-tripoli</value></Data><Data name="layer_name_ar"><value>المدينة القديمة طرابلس</value></Data><Data name="layer_name_en"><value>Old Tripoli</value></Data><Data name="name_ar"><value>مطعم الأثار</value></Data><Data name="latitude"><value>32.9001517</value></Data><Data name="longitude"><value>13.1756794</value></Data><Data name="images_json"><value>["/assets/images/old-tripoli/old-tripoli-LY-OLD-TRIPOLI-00102-01.png","/assets/images/old-tripoli/old-tripoli-LY-OLD-TRIPOLI-00102-02.png","/assets/images/old-tripoli/old-tripoli-LY-OLD-TRIPOLI-00102-03.png"]</value></Data><Data name="image_count"><value>3</value></Data><Data name="source_file"><value>developed/old-tripoli-developed.kml</value></Data><Data name="source_placemark_index"><value>102</value></Data><Data name="data_quality_status"><value>ok</value></Data><Data name="source_media_url"><value>["https://mymaps.usercontent.google.com/hostedimage/m/*/3AAjQbR54DNfxNONRsfPgIguxLA68IWU7OWA0SUh93SbjmTizky_wKMcS3N3xURnL0DvVG2Go8p1mRlbLzoEkN4-qBw3lcG7W8n68kS0seFUZSFbTo_1inoQwMEfcbxR5diQ8N1n8PKKKh6SE8GWy0pGw8G0UIzwwyFT0T3_-7Amtp2laNeSWFIgKNlVf4puE36wMm7pO6Iww3tZhRr2V0JZmEj8HaFY7MW7NbvquH9f5HJpqTWbrpw8DHYicrHY?authuser=1&amp;fife=s16383","https://mymaps.usercontent.google.com/hostedimage/m/*/3AAjQbR6BIxfAnTWQEiHGRvRF6qOSmEU41e394O-NYiqC-eRYoTIAGkPeENpNr1tMs72ZOgFBtCHN6iF0wWACCuMjDP17Eq5cmHG-TOn4R3FeHakDNzgZ5NTXTKSBHUSKgaUDUtXOtqXmeiEQ6LC5508ii_G1IbBD2Xs4lYW_-NJXN1ToVUqp7jNgyIlT0o-Hm9stbef6GWSxdz9sjGont0SUNiPzXVWoRJjFYP0adxSCohECDikj_u21zWiMPrM?authuser=1&amp;fife=s16383","https://mymaps.usercontent.google.com/hostedimage/m/*/3AAjQbR67I6Avnkt3xZrrmpXAVSFy22eAg4PcYcuYRXRDneHwJneYdr9vNNvXpblV7VVhZYRrZk6xWYkZBTYt9w2Oh-0cpevIGQnBj3QLbxMXW7K1GX_QAih-pPX4wrnbu43cNxC9jTXpxM-puhLOd-5dr-foRUnH5eIympoy5tmk9qaGMwrHgGAtSgtcj1DMk1_0FZBzYkuszCvFIvJ9gQ1A1Z9RBmsuIHl4Kw5uBNVHXcCKcjn3DHwc9bsKvpE?authuser=1&amp;fife=s16383"]</value></Data></ExtendedData><Point><coordinates>13.1756794,32.9001517,0</coordinates></Point></Placemark><Placemark><name>مطعم فتوش المدينة القديمة ( قوس ماركوس )</name><description>&lt;div class="atlas-popup" dir="rtl"&gt;&lt;h3&gt;مطعم فتوش المدينة القديمة ( قوس ماركوس )&lt;/h3&gt;&lt;div class="atlas-popup-gallery"&gt;&lt;img src="https://mymaps.usercontent.google.com/hostedimage/m/*/3AAjQbR4CVehVQzGs8ZBBRc3hfkmXa3oPvOhkVGeZSwDgrkKhdivih2WVpz-zSM-7wgkBv09Ewv-BwnEBSJTGE4X3jogzM9KYrYxreBm_KNJZ6CA2_W_INkyA5eHVCwdDr4ZXabt7jq81ZNyfKc1GtLGDnyI-8TcWPH_Vba3NbK1-SntJyeOWq7mdyYz5GPpk1Yupnu77eANE75zO37ZVf4fwnNN7SRW7jvdjuRccQIROzlzsOe5EXNLO4R4MKy0?authuser=1&amp;amp;fife=s16383" alt="مطعم فتوش المدينة القديمة ( قوس ماركوس )" loading="lazy" class="atlas-popup-image"&gt;&lt;img src="https://mymaps.usercontent.google.com/hostedimage/m/*/3AAjQbR4I2Ekma47gftFQGxNtnD3SRANSikra5ZZfwvGMm71ntLNiabXD-giDE5rkLhNatAxlPVY-K8j2VnDCgH_NtltIFGCVDmkXi-Z0y1lZD4xof7zCv9PvXCQJT1T7XFfPRqxJnQze8QTm1G6-rD8yLnBMoUwz85RBcpYCj8Gt2xoAfQ0ICRP3QrEGu-SK_rUjaJ8x2EMQ6GifuCWrKEvxkm-bFxMQ26rrlieJB-4N1sLhwMT7iIeZ-uJaZRk?authuser=1&amp;amp;fife=s16383" alt="مطعم فتوش المدينة القديمة ( قوس ماركوس )" loading="lazy" class="atlas-popup-image"&gt;&lt;img src="https://mymaps.usercontent.google.com/hostedimage/m/*/3AAjQbR5_kVuL5-j4heB6khgFD0TuuRn-QBiLqEpJzfBUXcSj4mcvBhYHR70KTUWrCLCKIcvD1bhHDThazIEoS2lUyv1paRbgfrqqcoyDiVtdS9DEHusipYznI3VTcj6YJJGjnd3lTwxyhuEkBtNZyeNSFsr1T5kZagRwnv7edQslmK3kKkPysJ4ZN0ako-rUGpgaW6-MflpbjWFWNnQF6uwm2AOKxpeXYnW10TDH-URI009bGT_39fhvsLmVdcA?authuser=1&amp;amp;fife=s16383" alt="مطعم فتوش المدينة القديمة ( قوس ماركوس )" loading="lazy" class="atlas-popup-image"&gt;&lt;/div&gt;&lt;div class="atlas-popup-details"&gt;&lt;div&gt;&lt;strong&gt;الاسم بالإنجليزية:&lt;/strong&gt; Fattoush Lebanese Restaurant (Old City)&lt;/div&gt;&lt;div&gt;&lt;strong&gt;التصنيف:&lt;/strong&gt; مطعم سياحي&lt;/div&gt;&lt;div&gt;&lt;strong&gt;العنوان:&lt;/strong&gt; المدينة القديمة&lt;/div&gt;&lt;div&gt;&lt;strong&gt;الوصف:&lt;/strong&gt; : شَغَلَ المبنى لفترة طويلة مقر القنصلية الفرنسية التاريخي في طرابلس، ويقع مباشرة في مواجهة &amp;quot;زنقة الفرنسيس&amp;quot; الشهيرة.&lt;/div&gt;&lt;/div&gt;&lt;/div&gt;</description><ExtendedData><Data name="atlas_id"><value>LY-OLD-TRIPOLI-00103</value></Data><Data name="name_en"><value>Fattoush Lebanese Restaurant (Old City)</value></Data><Data name="category"><value>مطعم سياحي</value></Data><Data name="address"><value>المدينة القديمة</value></Data><Data name="description"><value>: شَغَلَ المبنى لفترة طويلة مقر القنصلية الفرنسية التاريخي في طرابلس، ويقع مباشرة في مواجهة "زنقة الفرنسيس" الشهيرة.</value></Data><Data name="image_count"><value>3</value></Data><Data name="source_file"><value>المدينة القديمة _طرابلس.kml</value></Data><Data name="images_json"><value>["/assets/images/old-tripoli/old-tripoli-LY-OLD-TRIPOLI-00103-01.png","/assets/images/old-tripoli/old-tripoli-LY-OLD-TRIPOLI-00103-02.png","/assets/images/old-tripoli/old-tripoli-LY-OLD-TRIPOLI-00103-03.png"]</value></Data><Data name="atlas_id"><value>LY-OLD-TRIPOLI-00103</value></Data><Data name="image_count"><value>3</value></Data><Data name="source_file"><value>المدينة القديمة _طرابلس.kml</value></Data><Data name="images_json"><value>["/assets/images/old-tripoli/old-tripoli-LY-OLD-TRIPOLI-00103-01.png","/assets/images/old-tripoli/old-tripoli-LY-OLD-TRIPOLI-00103-02.png","/assets/images/old-tripoli/old-tripoli-LY-OLD-TRIPOLI-00103-03.png"]</value></Data><Data name="atlas_id"><value>LY-TRI-000103</value></Data><Data name="layer_id"><value>old-tripoli</value></Data><Data name="layer_name_ar"><value>المدينة القديمة طرابلس</value></Data><Data name="layer_name_en"><value>Old Tripoli</value></Data><Data name="name_ar"><value>مطعم فتوش المدينة القديمة ( قوس ماركوس )</value></Data><Data name="latitude"><value>32.9001439</value></Data><Data name="longitude"><value>13.1759619</value></Data><Data name="images_json"><value>["/assets/images/old-tripoli/old-tripoli-LY-OLD-TRIPOLI-00103-01.png","/assets/images/old-tripoli/old-tripoli-LY-OLD-TRIPOLI-00103-02.png","/assets/images/old-tripoli/old-tripoli-LY-OLD-TRIPOLI-00103-03.png"]</value></Data><Data name="image_count"><value>3</value></Data><Data name="source_file"><value>developed/old-tripoli-developed.kml</value></Data><Data name="source_placemark_index"><value>103</value></Data><Data name="data_quality_status"><value>ok</value></Data><Data name="source_media_url"><value>["https://mymaps.usercontent.google.com/hostedimage/m/*/3AAjQbR4CVehVQzGs8ZBBRc3hfkmXa3oPvOhkVGeZSwDgrkKhdivih2WVpz-zSM-7wgkBv09Ewv-BwnEBSJTGE4X3jogzM9KYrYxreBm_KNJZ6CA2_W_INkyA5eHVCwdDr4ZXabt7jq81ZNyfKc1GtLGDnyI-8TcWPH_Vba3NbK1-SntJyeOWq7mdyYz5GPpk1Yupnu77eANE75zO37ZVf4fwnNN7SRW7jvdjuRccQIROzlzsOe5EXNLO4R4MKy0?authuser=1&amp;fife=s16383","https://mymaps.usercontent.google.com/hostedimage/m/*/3AAjQbR4I2Ekma47gftFQGxNtnD3SRANSikra5ZZfwvGMm71ntLNiabXD-giDE5rkLhNatAxlPVY-K8j2VnDCgH_NtltIFGCVDmkXi-Z0y1lZD4xof7zCv9PvXCQJT1T7XFfPRqxJnQze8QTm1G6-rD8yLnBMoUwz85RBcpYCj8Gt2xoAfQ0ICRP3QrEGu-SK_rUjaJ8x2EMQ6GifuCWrKEvxkm-bFxMQ26rrlieJB-4N1sLhwMT7iIeZ-uJaZRk?authuser=1&amp;fife=s16383","https://mymaps.usercontent.google.com/hostedimage/m/*/3AAjQbR5_kVuL5-j4heB6khgFD0TuuRn-QBiLqEpJzfBUXcSj4mcvBhYHR70KTUWrCLCKIcvD1bhHDThazIEoS2lUyv1paRbgfrqqcoyDiVtdS9DEHusipYznI3VTcj6YJJGjnd3lTwxyhuEkBtNZyeNSFsr1T5kZagRwnv7edQslmK3kKkPysJ4ZN0ako-rUGpgaW6-MflpbjWFWNnQF6uwm2AOKxpeXYnW10TDH-URI009bGT_39fhvsLmVdcA?authuser=1&amp;fife=s16383"]</value></Data></ExtendedData><Point><coordinates>13.1759619,32.9001439,0</coordinates></Point></Placemark><Placemark><name>مطعم ومعرض الاندلسسة</name><description>&lt;div class="atlas-popup" dir="rtl"&gt;&lt;h3&gt;مطعم ومعرض الاندلسسة&lt;/h3&gt;&lt;div class="atlas-popup-gallery"&gt;&lt;img src="https://mymaps.usercontent.google.com/hostedimage/m/*/3AAjQbR5V6C2Lumi3uaK45qzSYzgGEV21ftq6gX0nu8ZKW3BVpkbpmOUParrMM16wwt5Aa_u4O_2zksFuJv4qm1OQVL1rPg1VZPWd943abMjJo61Yz3xDZgIPWVPp_T6bGYvABg8ILDMHmn58ZYPUaRIYmt72rmFU9VfshObV5JoaVNGAQtEsM-ircyAmCnAybYIB8JYbCriQOZEUI4m0aN8bhnMwJJSk1a_3C9shRJba4KAax2W_3xpj5UGOf-g?authuser=1&amp;amp;fife=s16383" alt="مطعم ومعرض الاندلسسة" loading="lazy" class="atlas-popup-image"&gt;&lt;img src="https://mymaps.usercontent.google.com/hostedimage/m/*/3AAjQbR5uA6-PwJYQdLEF8IP--2SoD8ocz0TAKckFOe5OXhkBcuvtjnlawyWejWENC7zBXhXm04_GIkK9Ygdi-YY2y_pih88IthyCtilYXqacX_db3J9xlNvnEG2aBG10IS8gZo74ChZmlVB6o7kAoWBPHLGvGWkPjYZh7l2gYICXoFyG2cDVPJevPEd8I3xWmhSPtKHU4SbANlRW-Ya5xMMhjQctNrS47EppKC1Fv8wMZ0eeYODDJO44fFSykaQ?authuser=1&amp;amp;fife=s16383" alt="مطعم ومعرض الاندلسسة" loading="lazy" class="atlas-popup-image"&gt;&lt;img src="https://mymaps.usercontent.google.com/hostedimage/m/*/3AAjQbR4gVe73HMF0HcgDqhcKBXVC0ivNrzvZR1swEVVCv0U86Z4Ec9foFE4DWnRkw6lc6BNj_zfJW8ghyPMytd19F2RZiVaWRAOBuNZxaUAmXEDKWw3UXIxMGy3SYw7x8Sqho397YbFb02AsmPi7PIm6nNTV22yHwKfdARX4xWY1_YY1eEst_VfJHxMoNhZXjJ2Iak2h-M4NKb80BRio4J4SxmKoIg3ql1iXKkBMgKAeY4HUd40OJmpi4GjrLnA?authuser=1&amp;amp;fife=s16383" alt="مطعم ومعرض الاندلسسة" loading="lazy" class="atlas-popup-image"&gt;&lt;img src="https://mymaps.usercontent.google.com/hostedimage/m/*/3AAjQbR7f68ddBQNCiMmtyqkqtNswVcRBaQDHgGX7Q_F2brfjQenqme8tmq_xoy787ehlfU3w2SWoiUI09M1_EkFxo346fmkY0Wz4LklwbQttFnBYH5-6r4uImTD-T-VfEOBPiMMN9DAMq4MG14TmzBFxiKJiQd-4dd9vHs6zch6BcX5eGtd-TQH4dAp8C575QDymJvdQJUH0-TU4mUnpBToVAPfSj87AaUrupBKKdGA1kraPnM5HNIdzqVd8x4o?authuser=1&amp;amp;fife=s16383" alt="مطعم ومعرض الاندلسسة" loading="lazy" class="atlas-popup-image"&gt;&lt;/div&gt;&lt;div class="atlas-popup-details"&gt;&lt;div&gt;&lt;strong&gt;الاسم بالإنجليزية:&lt;/strong&gt; Andalousia Resto &amp;amp; Galleria&lt;/div&gt;&lt;div&gt;&lt;strong&gt;التصنيف:&lt;/strong&gt; مطعم ومعرض ثراثي&lt;/div&gt;&lt;div&gt;&lt;strong&gt;العنوان:&lt;/strong&gt; المدينة القديمة&lt;/div&gt;&lt;div&gt;&lt;strong&gt;الوصف:&lt;/strong&gt; مطعم فاخر يقع في قلب المدينة القديمة في طرابلس، ويتميز بإطلالة ساحرة ومباشرة على المعلم التاريخي الشهير قوس ماركوس أوريليوس&lt;/div&gt;&lt;/div&gt;&lt;/div&gt;</description><ExtendedData><Data name="atlas_id"><value>LY-OLD-TRIPOLI-00104</value></Data><Data name="name_en"><value>Andalousia Resto &amp; Galleria</value></Data><Data name="category"><value>مطعم ومعرض ثراثي</value></Data><Data name="address"><value>المدينة القديمة</value></Data><Data name="description"><value>مطعم فاخر يقع في قلب المدينة القديمة في طرابلس، ويتميز بإطلالة ساحرة ومباشرة على المعلم التاريخي الشهير قوس ماركوس أوريليوس</value></Data><Data name="image_count"><value>4</value></Data><Data name="source_file"><value>المدينة القديمة _طرابلس.kml</value></Data><Data name="images_json"><value>["/assets/images/old-tripoli/old-tripoli-LY-OLD-TRIPOLI-00104-01.png","/assets/images/old-tripoli/old-tripoli-LY-OLD-TRIPOLI-00104-02.png","/assets/images/old-tripoli/old-tripoli-LY-OLD-TRIPOLI-00104-03.png","/assets/images/old-tripoli/old-tripoli-LY-OLD-TRIPOLI-00104-04.png"]</value></Data><Data name="atlas_id"><value>LY-OLD-TRIPOLI-00104</value></Data><Data name="image_count"><value>4</value></Data><Data name="source_file"><value>المدينة القديمة _طرابلس.kml</value></Data><Data name="images_json"><value>["/assets/images/old-tripoli/old-tripoli-LY-OLD-TRIPOLI-00104-01.png","/assets/images/old-tripoli/old-tripoli-LY-OLD-TRIPOLI-00104-02.png","/assets/images/old-tripoli/old-tripoli-LY-OLD-TRIPOLI-00104-03.png","/assets/images/old-tripoli/old-tripoli-LY-OLD-TRIPOLI-00104-04.png"]</value></Data><Data name="atlas_id"><value>LY-TRI-000104</value></Data><Data name="layer_id"><value>old-tripoli</value></Data><Data name="layer_name_ar"><value>المدينة القديمة طرابلس</value></Data><Data name="layer_name_en"><value>Old Tripoli</value></Data><Data name="name_ar"><value>مطعم ومعرض الاندلسسة</value></Data><Data name="latitude"><value>32.8998125</value></Data><Data name="longitude"><value>13.1760625</value></Data><Data name="images_json"><value>["/assets/images/old-tripoli/old-tripoli-LY-OLD-TRIPOLI-00104-01.png","/assets/images/old-tripoli/old-tripoli-LY-OLD-TRIPOLI-00104-02.png","/assets/images/old-tripoli/old-tripoli-LY-OLD-TRIPOLI-00104-03.png","/assets/images/old-tripoli/old-tripoli-LY-OLD-TRIPOLI-00104-04.png"]</value></Data><Data name="image_count"><value>4</value></Data><Data name="source_file"><value>developed/old-tripoli-developed.kml</value></Data><Data name="source_placemark_index"><value>104</value></Data><Data name="data_quality_status"><value>ok</value></Data><Data name="source_media_url"><value>["https://mymaps.usercontent.google.com/hostedimage/m/*/3AAjQbR5V6C2Lumi3uaK45qzSYzgGEV21ftq6gX0nu8ZKW3BVpkbpmOUParrMM16wwt5Aa_u4O_2zksFuJv4qm1OQVL1rPg1VZPWd943abMjJo61Yz3xDZgIPWVPp_T6bGYvABg8ILDMHmn58ZYPUaRIYmt72rmFU9VfshObV5JoaVNGAQtEsM-ircyAmCnAybYIB8JYbCriQOZEUI4m0aN8bhnMwJJSk1a_3C9shRJba4KAax2W_3xpj5UGOf-g?authuser=1&amp;fife=s16383","https://mymaps.usercontent.google.com/hostedimage/m/*/3AAjQbR5uA6-PwJYQdLEF8IP--2SoD8ocz0TAKckFOe5OXhkBcuvtjnlawyWejWENC7zBXhXm04_GIkK9Ygdi-YY2y_pih88IthyCtilYXqacX_db3J9xlNvnEG2aBG10IS8gZo74ChZmlVB6o7kAoWBPHLGvGWkPjYZh7l2gYICXoFyG2cDVPJevPEd8I3xWmhSPtKHU4SbANlRW-Ya5xMMhjQctNrS47EppKC1Fv8wMZ0eeYODDJO44fFSykaQ?authuser=1&amp;fife=s16383","https://mymaps.usercontent.google.com/hostedimage/m/*/3AAjQbR4gVe73HMF0HcgDqhcKBXVC0ivNrzvZR1swEVVCv0U86Z4Ec9foFE4DWnRkw6lc6BNj_zfJW8ghyPMytd19F2RZiVaWRAOBuNZxaUAmXEDKWw3UXIxMGy3SYw7x8Sqho397YbFb02AsmPi7PIm6nNTV22yHwKfdARX4xWY1_YY1eEst_VfJHxMoNhZXjJ2Iak2h-M4NKb80BRio4J4SxmKoIg3ql1iXKkBMgKAeY4HUd40OJmpi4GjrLnA?authuser=1&amp;fife=s16383","https://mymaps.usercontent.google.com/hostedimage/m/*/3AAjQbR7f68ddBQNCiMmtyqkqtNswVcRBaQDHgGX7Q_F2brfjQenqme8tmq_xoy787ehlfU3w2SWoiUI09M1_EkFxo346fmkY0Wz4LklwbQttFnBYH5-6r4uImTD-T-VfEOBPiMMN9DAMq4MG14TmzBFxiKJiQd-4dd9vHs6zch6BcX5eGtd-TQH4dAp8C575QDymJvdQJUH0-TU4mUnpBToVAPfSj87AaUrupBKKdGA1kraPnM5HNIdzqVd8x4o?authuser=1&amp;fife=s16383"]</value></Data></ExtendedData><Point><coordinates>13.1760625,32.8998125,0</coordinates></Point></Placemark><Placemark><name>مطعم باب الحرية للمأكولات الشعبية</name><description>&lt;div class="atlas-popup" dir="rtl"&gt;&lt;h3&gt;مطعم باب الحرية للمأكولات الشعبية&lt;/h3&gt;&lt;div class="atlas-popup-gallery"&gt;&lt;img src="https://mymaps.usercontent.google.com/hostedimage/m/*/3AAjQbR7UwIyFq7dhUIZt06GmRFRLGiSiZPclrp37Vj7Hfhd6J67d7jeOfGvBw1-duFdis4ZM0xaBUlP2ZPImELONZePxG9odcMl5BQyX7tlnvbPR0DU1tovZUHenWk5dMIM_KNVWicgFwbHp3pFjzFglYyV1IREZSjR64gtYHxBQGW_Zs4S-qGMM1dKcWqeqxNAphgU-FRULwlu6epgqBsHb3I_qzDIcrFu6PbaGF7aOPY5kaTQ_NobCBifZfqI?authuser=1&amp;amp;fife=s16383" alt="مطعم باب الحرية للمأكولات الشعبية" loading="lazy" class="atlas-popup-image"&gt;&lt;img src="https://mymaps.usercontent.google.com/hostedimage/m/*/3AAjQbR6IGdveRHS_HEozDadj5agqyjvl3E91ufBh4-OS_nDn7NnXyfRis_LI_roM7t4YA84sfNMobKe6Idg8B8tp5cbunYy4esBxN0XETqMJ1C7QqQmXalavMzhnfm1v6ZUL0buyfQr5eEt5hpSX2cXo2gKyGcZG73CnhQv_PsbVjsW-V4GAfDiWLBtBQm2kAqdfaRQSV_lOtNBI2fc-SNo-zKvuZUyhJGRBk-p1W31QPiKnsim48wGy_64rMsA?authuser=1&amp;amp;fife=s16383" alt="مطعم باب الحرية للمأكولات الشعبية" loading="lazy" class="atlas-popup-image"&gt;&lt;img src="https://mymaps.usercontent.google.com/hostedimage/m/*/3AAjQbR5l1I02WPzflb-v5p5jp1IeIILfbdUUns39zO_gw-6iCVExUdAK4dJZffREVlHezKXU-pLRqW-u0q_lKuv9g9BY_pNx-zbNfM1Auw8HD_-ya222GlVHAGXIv-j63wdqzyjZI5OhD7x9xtur_Ckm-vrR4ee_VDPPs0aGtxKTn3Tr4WhFlqj8jQ-2llTvSq1vGBAHrJV7EGiDjX4bJISCeuvBUT2btp612nQ2X3uGO7ZgUgwj9Cprrbxalss?authuser=1&amp;amp;fife=s16383" alt="مطعم باب الحرية للمأكولات الشعبية" loading="lazy" class="atlas-popup-image"&gt;&lt;img src="https://mymaps.usercontent.google.com/hostedimage/m/*/3AAjQbR58zs_Dbew9pbKdYtCVTcDOx3isFUeUZJpbUvzNh_TxlknpCdPDL7MZ56zan2aT7jCgT-dMBC-DV8klClDFl0ByFCj4FSwOzYpVlQnu1WFhZTJyGcebWee3mkYYj3f5_VYFk-iISE3vvLS8tim1pxKMyMsLQ1NO30PCHsO7CnbDx7E7Az8HFotcOmehrgTfVYSzd71zcAL4ZHUbZ8WiUwf3KYNYjpGPlPhWJcf4kDaGtohvePWNBnFGuFE?authuser=1&amp;amp;fife=s16383" alt="مطعم باب الحرية للمأكولات الشعبية" loading="lazy" class="atlas-popup-image"&gt;&lt;/div&gt;&lt;div class="atlas-popup-details"&gt;&lt;div&gt;&lt;strong&gt;الاسم بالإنجليزية:&lt;/strong&gt; Bab Al-Bahr Popular Food Restaurant&lt;/div&gt;&lt;div&gt;&lt;strong&gt;التصنيف:&lt;/strong&gt; مطعم شعبي على الطراز التقليدي&lt;/div&gt;&lt;div&gt;&lt;strong&gt;العنوان:&lt;/strong&gt; المدينة القديمة طرابلس&lt;/div&gt;&lt;div&gt;&lt;strong&gt;الوصف:&lt;/strong&gt; الأجواء: مريحة، هادئة، وتراثية ذات طابع تقليدي مميز داخل أزقة المدينة القديمة.&lt;/div&gt;&lt;/div&gt;&lt;/div&gt;</description><ExtendedData><Data name="atlas_id"><value>LY-OLD-TRIPOLI-00105</value></Data><Data name="name_en"><value>Bab Al-Bahr Popular Food Restaurant</value></Data><Data name="category"><value>مطعم شعبي على الطراز التقليدي</value></Data><Data name="address"><value>المدينة القديمة طرابلس</value></Data><Data name="description"><value>الأجواء: مريحة، هادئة، وتراثية ذات طابع تقليدي مميز داخل أزقة المدينة القديمة.</value></Data><Data name="image_count"><value>4</value></Data><Data name="source_file"><value>المدينة القديمة _طرابلس.kml</value></Data><Data name="images_json"><value>["/assets/images/old-tripoli/old-tripoli-LY-OLD-TRIPOLI-00105-01.png","/assets/images/old-tripoli/old-tripoli-LY-OLD-TRIPOLI-00105-02.png","/assets/images/old-tripoli/old-tripoli-LY-OLD-TRIPOLI-00105-03.png","/assets/images/old-tripoli/old-tripoli-LY-OLD-TRIPOLI-00105-04.png"]</value></Data><Data name="atlas_id"><value>LY-OLD-TRIPOLI-00105</value></Data><Data name="image_count"><value>4</value></Data><Data name="source_file"><value>المدينة القديمة _طرابلس.kml</value></Data><Data name="images_json"><value>["/assets/images/old-tripoli/old-tripoli-LY-OLD-TRIPOLI-00105-01.png","/assets/images/old-tripoli/old-tripoli-LY-OLD-TRIPOLI-00105-02.png","/assets/images/old-tripoli/old-tripoli-LY-OLD-TRIPOLI-00105-03.png","/assets/images/old-tripoli/old-tripoli-LY-OLD-TRIPOLI-00105-04.png"]</value></Data><Data name="atlas_id"><value>LY-TRI-000105</value></Data><Data name="layer_id"><value>old-tripoli</value></Data><Data name="layer_name_ar"><value>المدينة القديمة طرابلس</value></Data><Data name="layer_name_en"><value>Old Tripoli</value></Data><Data name="name_ar"><value>مطعم باب الحرية للمأكولات الشعبية</value></Data><Data name="latitude"><value>32.8943754</value></Data><Data name="longitude"><value>13.1781693</value></Data><Data name="images_json"><value>["/assets/images/old-tripoli/old-tripoli-LY-OLD-TRIPOLI-00105-01.png","/assets/images/old-tripoli/old-tripoli-LY-OLD-TRIPOLI-00105-02.png","/assets/images/old-tripoli/old-tripoli-LY-OLD-TRIPOLI-00105-03.png","/assets/images/old-tripoli/old-tripoli-LY-OLD-TRIPOLI-00105-04.png"]</value></Data><Data name="image_count"><value>4</value></Data><Data name="source_file"><value>developed/old-tripoli-developed.kml</value></Data><Data name="source_placemark_index"><value>105</value></Data><Data name="data_quality_status"><value>ok</value></Data><Data name="source_media_url"><value>["https://mymaps.usercontent.google.com/hostedimage/m/*/3AAjQbR7UwIyFq7dhUIZt06GmRFRLGiSiZPclrp37Vj7Hfhd6J67d7jeOfGvBw1-duFdis4ZM0xaBUlP2ZPImELONZePxG9odcMl5BQyX7tlnvbPR0DU1tovZUHenWk5dMIM_KNVWicgFwbHp3pFjzFglYyV1IREZSjR64gtYHxBQGW_Zs4S-qGMM1dKcWqeqxNAphgU-FRULwlu6epgqBsHb3I_qzDIcrFu6PbaGF7aOPY5kaTQ_NobCBifZfqI?authuser=1&amp;fife=s16383","https://mymaps.usercontent.google.com/hostedimage/m/*/3AAjQbR6IGdveRHS_HEozDadj5agqyjvl3E91ufBh4-OS_nDn7NnXyfRis_LI_roM7t4YA84sfNMobKe6Idg8B8tp5cbunYy4esBxN0XETqMJ1C7QqQmXalavMzhnfm1v6ZUL0buyfQr5eEt5hpSX2cXo2gKyGcZG73CnhQv_PsbVjsW-V4GAfDiWLBtBQm2kAqdfaRQSV_lOtNBI2fc-SNo-zKvuZUyhJGRBk-p1W31QPiKnsim48wGy_64rMsA?authuser=1&amp;fife=s16383","https://mymaps.usercontent.google.com/hostedimage/m/*/3AAjQbR5l1I02WPzflb-v5p5jp1IeIILfbdUUns39zO_gw-6iCVExUdAK4dJZffREVlHezKXU-pLRqW-u0q_lKuv9g9BY_pNx-zbNfM1Auw8HD_-ya222GlVHAGXIv-j63wdqzyjZI5OhD7x9xtur_Ckm-vrR4ee_VDPPs0aGtxKTn3Tr4WhFlqj8jQ-2llTvSq1vGBAHrJV7EGiDjX4bJISCeuvBUT2btp612nQ2X3uGO7ZgUgwj9Cprrbxalss?authuser=1&amp;fife=s16383","https://mymaps.usercontent.google.com/hostedimage/m/*/3AAjQbR58zs_Dbew9pbKdYtCVTcDOx3isFUeUZJpbUvzNh_TxlknpCdPDL7MZ56zan2aT7jCgT-dMBC-DV8klClDFl0ByFCj4FSwOzYpVlQnu1WFhZTJyGcebWee3mkYYj3f5_VYFk-iISE3vvLS8tim1pxKMyMsLQ1NO30PCHsO7CnbDx7E7Az8HFotcOmehrgTfVYSzd71zcAL4ZHUbZ8WiUwf3KYNYjpGPlPhWJcf4kDaGtohvePWNBnFGuFE?authuser=1&amp;fife=s16383"]</value></Data></ExtendedData><Point><coordinates>13.1781693,32.8943754,0</coordinates></Point></Placemark><Placemark><name>باب البحر</name><description>&lt;div class="atlas-popup" dir="rtl"&gt;&lt;h3&gt;باب البحر&lt;/h3&gt;&lt;div class="atlas-popup-gallery"&gt;&lt;img src="https://mymaps.usercontent.google.com/hostedimage/m/*/3AAjQbR7PI9ARcxOZ9IMUiJiLdXvcDg7fLu0iGl-lK2yvmAPVoDgiAiEbFmSqnw8E-2d2G2MAB_01YfpN8TnfnDo3HIuxAnTP-TVHc3ScctcWpPG9ziDndV82TzX1TPAoGWEwGyixvjgtF-0ClIxmDtj8I8ZUpWQvSyyWTCEUXikJSeAQzrepQlLF3L4QQ0uyBZHOEqoQe2n8opaXG5q6yuDDFyHu-bwc5P1kyPb4yJhxjzPPvW8L-RuHKhzaoIY?authuser=1&amp;amp;fife=s16383" alt="باب البحر" loading="lazy" class="atlas-popup-image"&gt;&lt;/div&gt;&lt;div class="atlas-popup-details"&gt;&lt;div&gt;&lt;strong&gt;الاسم بالإنجليزية:&lt;/strong&gt; Bab al-Bahr&lt;/div&gt;&lt;div&gt;&lt;strong&gt;التصنيف:&lt;/strong&gt; باب او مدخل اثري للسوار المدينة القديمة&lt;/div&gt;&lt;div&gt;&lt;strong&gt;العنوان:&lt;/strong&gt; المدينة القدبمة&lt;/div&gt;&lt;div&gt;&lt;strong&gt;الوصف:&lt;/strong&gt; يقع في السور الشمالي لـ المدينة القديمة في طرابلس. وكان يطل مباشرة على الساحل قبل عمليات الردم الحديثة وبناء الشوارع الجديدة.&lt;/div&gt;&lt;/div&gt;&lt;/div&gt;</description><ExtendedData><Data name="atlas_id"><value>LY-OLD-TRIPOLI-00106</value></Data><Data name="name_en"><value>Bab al-Bahr</value></Data><Data name="category"><value>باب او مدخل اثري للسوار المدينة القديمة</value></Data><Data name="address"><value>المدينة القدبمة</value></Data><Data name="description"><value>يقع في السور الشمالي لـ المدينة القديمة في طرابلس. وكان يطل مباشرة على الساحل قبل عمليات الردم الحديثة وبناء الشوارع الجديدة.</value></Data><Data name="image_count"><value>1</value></Data><Data name="source_file"><value>المدينة القديمة _طرابلس.kml</value></Data><Data name="images_json"><value>["/assets/images/old-tripoli/old-tripoli-LY-OLD-TRIPOLI-00106-01.png"]</value></Data><Data name="atlas_id"><value>LY-OLD-TRIPOLI-00106</value></Data><Data name="image_count"><value>1</value></Data><Data name="source_file"><value>المدينة القديمة _طرابلس.kml</value></Data><Data name="images_json"><value>["/assets/images/old-tripoli/old-tripoli-LY-OLD-TRIPOLI-00106-01.png"]</value></Data><Data name="atlas_id"><value>LY-TRI-000106</value></Data><Data name="layer_id"><value>old-tripoli</value></Data><Data name="layer_name_ar"><value>المدينة القديمة طرابلس</value></Data><Data name="layer_name_en"><value>Old Tripoli</value></Data><Data name="name_ar"><value>باب البحر</value></Data><Data name="latitude"><value>32.8997841</value></Data><Data name="longitude"><value>13.1766543</value></Data><Data name="images_json"><value>["/assets/images/old-tripoli/old-tripoli-LY-OLD-TRIPOLI-00106-01.png"]</value></Data><Data name="image_count"><value>1</value></Data><Data name="source_file"><value>developed/old-tripoli-developed.kml</value></Data><Data name="source_placemark_index"><value>106</value></Data><Data name="data_quality_status"><value>ok</value></Data><Data name="source_media_url"><value>["https://mymaps.usercontent.google.com/hostedimage/m/*/3AAjQbR7PI9ARcxOZ9IMUiJiLdXvcDg7fLu0iGl-lK2yvmAPVoDgiAiEbFmSqnw8E-2d2G2MAB_01YfpN8TnfnDo3HIuxAnTP-TVHc3ScctcWpPG9ziDndV82TzX1TPAoGWEwGyixvjgtF-0ClIxmDtj8I8ZUpWQvSyyWTCEUXikJSeAQzrepQlLF3L4QQ0uyBZHOEqoQe2n8opaXG5q6yuDDFyHu-bwc5P1kyPb4yJhxjzPPvW8L-RuHKhzaoIY?authuser=1&amp;fife=s16383"]</value></Data></ExtendedData><Point><coordinates>13.1766543,32.8997841,0</coordinates></Point></Placemark><Placemark><name>باب المنشية</name><description>&lt;div class="atlas-popup" dir="rtl"&gt;&lt;h3&gt;باب المنشية&lt;/h3&gt;&lt;div class="atlas-popup-gallery"&gt;&lt;img src="https://lh3.googleusercontent.com/umsh/AN6v0v5e3jbu-rVokt3tty9sY6xjvMnpLMz47CzWhOo4bGJg996yyPQZGYEDONq2LCYLDFlwcvyKWtCEGBGcNuyjBjQEy2NcFooAtaVv3qfCWwVz-TYrrT_tbZKaf3i2FNGpnglO_DOSH9ouPHiPYO_j2X2Ug7ru5ixsOY28UsTA40n2LZI9fTIaX7E_7_OO2yZNSg5rtXLpRGza6FQU4cbKUtUMcq39VWLZX1GIp4e_feshEhHqqXCeoF8HFXIRMXAkQd3mhfATyV6AABBYHP8UJw3cIEzTHRRlA3bw1sE0ctwAdsz1oNQLSLGjF5lOSdPTUpX8eB_GohZOYuqxDBkPO5c3BZ29UijrcnS4AmK8FjRpOCVXZwyn6Z5vZ5PEEmRVzS9cZ2BSGhX4Xzwnxp3UjkQa0i6fAUS_pOv_-lkfHnQJZm7FWyDvjvevQPJkyCnaIwXZhWcwYVKc0QkxbUSnj76HiTqxKH-NkSOX6ccaw_-DxMzYNvIBuEMuR9QAnReD9Oe3gRJf4BQSzzv6-v3n5dp1LnrlEy3flJPXoxreFDIp8CMIvcOiDeQ93TOmNw_kh3BEABL10t97KhIiB2_AipGhyTP1zEgNsipyntQZ7zkuIZc-D-LurQf51HLothydkuiKeaB7ItoMQL2vp3Q6hIaeDsHnIrbEttLe7OvqNVms3mHGfN2aFEPIOb8rwDirQ0fd_KDjWt8" alt="باب المنشية" loading="lazy" class="atlas-popup-image"&gt;&lt;/div&gt;&lt;div class="atlas-popup-details"&gt;&lt;div&gt;&lt;strong&gt;الاسم بالإنجليزية:&lt;/strong&gt; BaB El Manshiya&lt;/div&gt;&lt;div&gt;&lt;strong&gt;التصنيف:&lt;/strong&gt; بوابة اثرية&lt;/div&gt;&lt;div&gt;&lt;strong&gt;العنوان:&lt;/strong&gt; طرابلس/المدينة القديمة&lt;/div&gt;&lt;div&gt;&lt;strong&gt;الوصف:&lt;/strong&gt; باب المنشية&lt;/div&gt;&lt;/div&gt;&lt;/div&gt;</description><ExtendedData><Data name="atlas_id"><value>LY-OLD-TRIPOLI-00107</value></Data><Data name="name_en"><value>BaB El Manshiya</value></Data><Data name="category"><value>بوابة اثرية</value></Data><Data name="address"><value>طرابلس/المدينة القديمة</value></Data><Data name="description"><value>باب المنشية</value></Data><Data name="image_count"><value>1</value></Data><Data name="source_file"><value>المدينة القديمة _طرابلس.kml</value></Data><Data name="images_json"><value>["/assets/images/old-tripoli/old-tripoli-LY-OLD-TRIPOLI-00107-01.png"]</value></Data><Data name="atlas_id"><value>LY-OLD-TRIPOLI-00107</value></Data><Data name="image_count"><value>1</value></Data><Data name="source_file"><value>المدينة القديمة _طرابلس.kml</value></Data><Data name="images_json"><value>["/assets/images/old-tripoli/old-tripoli-LY-OLD-TRIPOLI-00107-01.png"]</value></Data><Data name="atlas_id"><value>LY-TRI-000107</value></Data><Data name="layer_id"><value>old-tripoli</value></Data><Data name="layer_name_ar"><value>المدينة القديمة طرابلس</value></Data><Data name="layer_name_en"><value>Old Tripoli</value></Data><Data name="name_ar"><value>باب المنشية</value></Data><Data name="latitude"><value>32.895083</value></Data><Data name="longitude"><value>13.18011</value></Data><Data name="images_json"><value>["/assets/images/old-tripoli/old-tripoli-LY-OLD-TRIPOLI-00107-01.png"]</value></Data><Data name="image_count"><value>1</value></Data><Data name="source_file"><value>developed/old-tripoli-developed.kml</value></Data><Data name="source_placemark_index"><value>107</value></Data><Data name="data_quality_status"><value>ok</value></Data><Data name="source_media_url"><value>["https://lh3.googleusercontent.com/umsh/AN6v0v5e3jbu-rVokt3tty9sY6xjvMnpLMz47CzWhOo4bGJg996yyPQZGYEDONq2LCYLDFlwcvyKWtCEGBGcNuyjBjQEy2NcFooAtaVv3qfCWwVz-TYrrT_tbZKaf3i2FNGpnglO_DOSH9ouPHiPYO_j2X2Ug7ru5ixsOY28UsTA40n2LZI9fTIaX7E_7_OO2yZNSg5rtXLpRGza6FQU4cbKUtUMcq39VWLZX1GIp4e_feshEhHqqXCeoF8HFXIRMXAkQd3mhfATyV6AABBYHP8UJw3cIEzTHRRlA3bw1sE0ctwAdsz1oNQLSLGjF5lOSdPTUpX8eB_GohZOYuqxDBkPO5c3BZ29UijrcnS4AmK8FjRpOCVXZwyn6Z5vZ5PEEmRVzS9cZ2BSGhX4Xzwnxp3UjkQa0i6fAUS_pOv_-lkfHnQJZm7FWyDvjvevQPJkyCnaIwXZhWcwYVKc0QkxbUSnj76HiTqxKH-NkSOX6ccaw_-DxMzYNvIBuEMuR9QAnReD9Oe3gRJf4BQSzzv6-v3n5dp1LnrlEy3flJPXoxreFDIp8CMIvcOiDeQ93TOmNw_kh3BEABL10t97KhIiB2_AipGhyTP1zEgNsipyntQZ7zkuIZc-D-LurQf51HLothydkuiKeaB7ItoMQL2vp3Q6hIaeDsHnIrbEttLe7OvqNVms3mHGfN2aFEPIOb8rwDirQ0fd_KDjWt8"]</value></Data></ExtendedData><Point><coordinates>13.18011,32.895083,0</coordinates></Point></Placemark><Placemark><name>باب عبدالله</name><description>&lt;div class="atlas-popup" dir="rtl"&gt;&lt;h3&gt;باب عبدالله&lt;/h3&gt;&lt;div class="atlas-popup-gallery"&gt;&lt;img src="https://mymaps.usercontent.google.com/hostedimage/m/*/3AAjQbR4wR9FSVlFfgcR9UQQM2BN2Xdkz5DW_fihDNC0x7jhwjY2T7xjiKhD2IZ5iZkNahVLnTGt80l6DI-VnVmHwGj7M4u9g5sOqGbW55enzo8vWpkAumRHVXeAh0PK5Fry7EA8zlDTsqdtx70hTXh71RNBQGsiE2guvqmhTkEoD-4PtFTP0iJUaJr92NnXWHTK4G7Atdz-B5uzO_lLg7w7e1rf38K6jO_yMnozvY1Mntkpvb27i2g7Jc-lAsqE?authuser=1&amp;amp;fife=s16383" alt="باب عبدالله" loading="lazy" class="atlas-popup-image"&gt;&lt;/div&gt;&lt;div class="atlas-popup-details"&gt;&lt;div&gt;&lt;strong&gt;الاسم بالإنجليزية:&lt;/strong&gt; bab abdullah&lt;/div&gt;&lt;div&gt;&lt;strong&gt;التصنيف:&lt;/strong&gt; باب مدينة قديمة&lt;/div&gt;&lt;div&gt;&lt;strong&gt;العنوان:&lt;/strong&gt; طرابلس المدينة القديمة سوق المشير&lt;/div&gt;&lt;div&gt;&lt;strong&gt;الوصف:&lt;/strong&gt; باب عبدالله&lt;/div&gt;&lt;/div&gt;&lt;/div&gt;</description><ExtendedData><Data name="atlas_id"><value>LY-OLD-TRIPOLI-00108</value></Data><Data name="name_en"><value>bab abdullah</value></Data><Data name="category"><value>باب مدينة قديمة</value></Data><Data name="address"><value>طرابلس المدينة القديمة سوق المشير</value></Data><Data name="description"><value>باب عبدالله</value></Data><Data name="image_count"><value>1</value></Data><Data name="source_file"><value>المدينة القديمة _طرابلس.kml</value></Data><Data name="images_json"><value>["/assets/images/old-tripoli/old-tripoli-LY-OLD-TRIPOLI-00108-01.png"]</value></Data><Data name="atlas_id"><value>LY-OLD-TRIPOLI-00108</value></Data><Data name="image_count"><value>1</value></Data><Data name="source_file"><value>المدينة القديمة _طرابلس.kml</value></Data><Data name="images_json"><value>["/assets/images/old-tripoli/old-tripoli-LY-OLD-TRIPOLI-00108-01.png"]</value></Data><Data name="atlas_id"><value>LY-TRI-000108</value></Data><Data name="layer_id"><value>old-tripoli</value></Data><Data name="layer_name_ar"><value>المدينة القديمة طرابلس</value></Data><Data name="layer_name_en"><value>Old Tripoli</value></Data><Data name="name_ar"><value>باب عبدالله</value></Data><Data name="latitude"><value>32.896173</value></Data><Data name="longitude"><value>13.179125</value></Data><Data name="images_json"><value>["/assets/images/old-tripoli/old-tripoli-LY-OLD-TRIPOLI-00108-01.png"]</value></Data><Data name="image_count"><value>1</value></Data><Data name="source_file"><value>developed/old-tripoli-developed.kml</value></Data><Data name="source_placemark_index"><value>108</value></Data><Data name="data_quality_status"><value>ok</value></Data><Data name="source_media_url"><value>["https://mymaps.usercontent.google.com/hostedimage/m/*/3AAjQbR4wR9FSVlFfgcR9UQQM2BN2Xdkz5DW_fihDNC0x7jhwjY2T7xjiKhD2IZ5iZkNahVLnTGt80l6DI-VnVmHwGj7M4u9g5sOqGbW55enzo8vWpkAumRHVXeAh0PK5Fry7EA8zlDTsqdtx70hTXh71RNBQGsiE2guvqmhTkEoD-4PtFTP0iJUaJr92NnXWHTK4G7Atdz-B5uzO_lLg7w7e1rf38K6jO_yMnozvY1Mntkpvb27i2g7Jc-lAsqE?authuser=1&amp;fife=s16383"]</value></Data></ExtendedData><Point><coordinates>13.179125,32.896173,0</coordinates></Point></Placemark><Placemark><name>باب زناتة</name><description>&lt;div class="atlas-popup" dir="rtl"&gt;&lt;h3&gt;باب زناتة&lt;/h3&gt;&lt;div class="atlas-popup-gallery"&gt;&lt;img src="https://lh3.googleusercontent.com/umsh/AN6v0v5DslkA3FRkjuKYd_KbUzk8-6W_sHh7dgjOdxNBTNYna27MmynDE-lcAd0ChKfmIPcoIgFiagNo0UVMMpIpwJNpUvE1ZKLToB_Avwi0FKlYYJhKqXnM3Bg7nbEixQ--IC1IicNU1ZBlJjczME6Y2sYPKqv_YUjlmdlYE-CVQvuSwTjJQzjrFrfgxr7Krn0HKxTBuYNR4CS2KSJEiC1RKaQap_LVCBTtlgasNrhclfNxlpvnEo0svavpbJRzMhphTSo4nl8I1mIhb6J7fNFonlQZowlI8CmjFEefgjNzeIWIrJIvrVMT8cm4cseL5-hPq25Zg3PQT2p3zgX20CZhjAcKN5DYwd3fMC725HSvcuI2VQifZiWb2E69UohG5hQT-D1T5zv6ss5VW7EP3Tps07N1onqEevvxBK8XEd4irvhDhhnCkMNZ3o41G0_tXcgptyljzzPXxy7ZB9OVPItiJObac_hXtJrMSyHc1JoSY3rMFGnXeek3YsyWkR4j1NfHSc2Nxnf11efPXofXH576drtYCDkHnVIjLlPrg3WidJusOeNWWdZdnnSCjq_Q-ywFYuiW5FuXtaNj0QfTAjM7UpuR82tl7v1jlrkpjtwokNjtvWwOsDHKICFHE3k8znuzGQCuozDUhAx9QbPXqDcarJ7fNRvwZcRY4NIDPDtv8iSM3YmgHVHn2SxZFL-AzYhmKuqEy9YxqgY" alt="باب زناتة" loading="lazy" class="atlas-popup-image"&gt;&lt;/div&gt;&lt;div class="atlas-popup-details"&gt;&lt;div&gt;&lt;strong&gt;الاسم بالإنجليزية:&lt;/strong&gt; Bab Z&amp;#x27;nathah&lt;/div&gt;&lt;div&gt;&lt;strong&gt;التصنيف:&lt;/strong&gt; معلم اثري ( قوس)&lt;/div&gt;&lt;div&gt;&lt;strong&gt;العنوان:&lt;/strong&gt; طرابلس/المدينة القديمة&lt;/div&gt;&lt;div&gt;&lt;strong&gt;الوصف:&lt;/strong&gt; باب زناتة&lt;/div&gt;&lt;/div&gt;&lt;/div&gt;</description><ExtendedData><Data name="atlas_id"><value>LY-OLD-TRIPOLI-00109</value></Data><Data name="name_en"><value>Bab Z'nathah</value></Data><Data name="category"><value>معلم اثري ( قوس)</value></Data><Data name="address"><value>طرابلس/المدينة القديمة</value></Data><Data name="description"><value>باب زناتة</value></Data><Data name="image_count"><value>1</value></Data><Data name="source_file"><value>المدينة القديمة _طرابلس.kml</value></Data><Data name="images_json"><value>["/assets/images/old-tripoli/old-tripoli-LY-OLD-TRIPOLI-00109-01.png"]</value></Data><Data name="atlas_id"><value>LY-OLD-TRIPOLI-00109</value></Data><Data name="image_count"><value>1</value></Data><Data name="source_file"><value>المدينة القديمة _طرابلس.kml</value></Data><Data name="images_json"><value>["/assets/images/old-tripoli/old-tripoli-LY-OLD-TRIPOLI-00109-01.png"]</value></Data><Data name="atlas_id"><value>LY-TRI-000109</value></Data><Data name="layer_id"><value>old-tripoli</value></Data><Data name="layer_name_ar"><value>المدينة القديمة طرابلس</value></Data><Data name="layer_name_en"><value>Old Tripoli</value></Data><Data name="name_ar"><value>باب زناتة</value></Data><Data name="latitude"><value>32.895345</value></Data><Data name="longitude"><value>13.172747</value></Data><Data name="images_json"><value>["/assets/images/old-tripoli/old-tripoli-LY-OLD-TRIPOLI-00109-01.png"]</value></Data><Data name="image_count"><value>1</value></Data><Data name="source_file"><value>developed/old-tripoli-developed.kml</value></Data><Data name="source_placemark_index"><value>109</value></Data><Data name="data_quality_status"><value>ok</value></Data><Data name="source_media_url"><value>["https://lh3.googleusercontent.com/umsh/AN6v0v5DslkA3FRkjuKYd_KbUzk8-6W_sHh7dgjOdxNBTNYna27MmynDE-lcAd0ChKfmIPcoIgFiagNo0UVMMpIpwJNpUvE1ZKLToB_Avwi0FKlYYJhKqXnM3Bg7nbEixQ--IC1IicNU1ZBlJjczME6Y2sYPKqv_YUjlmdlYE-CVQvuSwTjJQzjrFrfgxr7Krn0HKxTBuYNR4CS2KSJEiC1RKaQap_LVCBTtlgasNrhclfNxlpvnEo0svavpbJRzMhphTSo4nl8I1mIhb6J7fNFonlQZowlI8CmjFEefgjNzeIWIrJIvrVMT8cm4cseL5-hPq25Zg3PQT2p3zgX20CZhjAcKN5DYwd3fMC725HSvcuI2VQifZiWb2E69UohG5hQT-D1T5zv6ss5VW7EP3Tps07N1onqEevvxBK8XEd4irvhDhhnCkMNZ3o41G0_tXcgptyljzzPXxy7ZB9OVPItiJObac_hXtJrMSyHc1JoSY3rMFGnXeek3YsyWkR4j1NfHSc2Nxnf11efPXofXH576drtYCDkHnVIjLlPrg3WidJusOeNWWdZdnnSCjq_Q-ywFYuiW5FuXtaNj0QfTAjM7UpuR82tl7v1jlrkpjtwokNjtvWwOsDHKICFHE3k8znuzGQCuozDUhAx9QbPXqDcarJ7fNRvwZcRY4NIDPDtv8iSM3YmgHVHn2SxZFL-AzYhmKuqEy9YxqgY"]</value></Data></ExtendedData><Point><coordinates>13.172747,32.895345,0</coordinates></Point></Placemark><Placemark><name>باب الخندق</name><description>&lt;div class="atlas-popup" dir="rtl"&gt;&lt;h3&gt;باب الخندق&lt;/h3&gt;&lt;div class="atlas-popup-gallery"&gt;&lt;img src="https://lh3.googleusercontent.com/umsh/AN6v0v4fdJbz5yHHB0av_-TtvvZOhkOEzO-TRvHcwZFgJac6whcwRRsnPEhnBgWE3gT_sOEK2Sp-vekzC7SCp5kjT3lHamYUQISd5gNhNF-hk-TwiAvHKE-KsviyQqQIMR2I23t0UzOXCkQqRCG8AWIkF_tPzSoRKRwm1FL_EQtl0yv1angkzD7Z6S_5O6f198A6W_tCOhePjtbmPG_V2su9h7NgxRbX_IKmRUcbrabfPU3Yf6czeGLCXsx7JNLCGOFgx4EczO7AUeHCp_kY7FpPHC-x1ImyNdTP2QFoYjcSIJ0iA-UjrHsBiVKiMq-ve_JqBCl1t2P5q702DISmvgpXxftu4Zbvhn2Gae15Mb8GnPEM20uonUUd9YjWEYerDwe70bCV5SSTeqcmi4KU5xYjfEola_fmj35_lRP3cc2Ohegxwjk9mcKs8nIWHo9sBJH1zKDtLxxcpYBJpVtjkR1n03UrjPwBt0ZPltrvBKNPMPc2lioc96MrQ388s4cU1J7c-8W0GkwKGr3hCzCbrB1AyYha11nGEbTfukb3a2cHim9TyqyG_5RphRCwOqLXqM0G9D9z5XkV_5Pl0OLirkWLY2AmuSAGA0P05pcn8HO02dW-Eouxu-yCRO5fSvgII1DhgI7w9cvncgwYXdMcV2nuQOZXy7mz4ZCLDH8rFD0wa67b5X3-G7aRCfA5MihZP_jhtl2Kf9BAb-c" alt="باب الخندق" loading="lazy" class="atlas-popup-image"&gt;&lt;img src="https://lh3.googleusercontent.com/umsh/AN6v0v5CbMGJNEuIUDBpaH_OtTAMV69agrnYaZb7J55gWBGDjCuzZV0At0pMLcWQUbXRRNPQSPgJygxduytBdkJyYH4wgZFbwLIPQ2MfJ859HVRKt0X5kYzajPpCZ-fXxKUoau2uqjnDNM72uFVI1kYLcZN5DoUoa0A-8lviOjf4HsiaUlTmYxULImEa4kzMlIVgkBOMF7F-9pzRyXa0CcukaaTMi4KgIncw891iDQ-2J8R593I5HbejPaNaKWcL0uckZ3uhU_Ht4goCfOsLPId-Nnf54eFUVjhB3tC19tkFYie4ZOfdUDMZNCHk1Azlw591YmcWcOh9GMwvupbs7W_QQMNFitRSNYEUjjJoxIzjyrYpQByM5UEmpJrPeRnso9XxjS2t2KKOHS4e2EldAAMZnB-ubDg8cmKDRaIqBJQmrRzoo1UJnzlgbGorsOO2isAxw_DbbNpy5Ip0PHI2PkhWN4MGCT2HCaS776Et99ewEBRv8wkcgxseuRYQInn699t_8y1TsdFS50w-rlOexax_L9djcGMrn1luIBUvNmuWwbYoKzAnSAd7Oy-fG_fy4F7X4j3YaGngwtU3D_-in0ng9UGyrA3KzWIeRjC4g6-9aieeD2hpyEsax3Xj70WADXXrt1NKTmQoz3R6oRcXib9OU4KrzyfQOW3Gd_3OIKuB2xGE5Xx-DjFBBwm6yZjy10zpVop1vXMnDvc" alt="باب الخندق" loading="lazy" class="atlas-popup-image"&gt;&lt;img src="https://lh3.googleusercontent.com/umsh/AN6v0v6KDac1LRwB1zV0jIUSnOrVSWRN_5CRQf2p7Z4C0TzVG0l4YRfqgSX5UqIyKC1O_8agrETN1HtJbhbHC_G0CC0EUmfQ0STtMF1vIyNF-pLaA9ZZtgNEytzbNbUqXcYK5AYvQjWrYRpLlAQxN3VwFPI0rVhDQUeRZw507RtDFmLbjHWDSjoKlkXGTa7XiVDL2DXoN_H2gS1t5NTNYVzukkqX3ssKTTSaGACXeTDa2X4psksUF-bAS5hjFlyavnpg0rEG2avg92oHgTnHZfg-dLt6aB-wEkqCkZEKOoxphj9Tbf-77ka5iqrtzFQwbIE1l_qQJv-fstY486OmsGX1mEGS6EVt_-VzxJhbHKmkqZhJvt26uOgAolbhbVARvdWoHxK87Mxe4c0LXWZl4DSCi-IEny4ylgTaOyGm3agSnexlMhoEWgAfMAUmIyFkWzAYp9EJeuZXkUXKuZdOodEl-UUZ8CRgE5BvXNORoyYn-ZTpR5IdxRMskSr6ABRtZk29pUz2RT1iF5PJ9Oq-SyHXxJlZFC3pkRaUSYceyrhzH6_lLk1bxgzZCQ0QQF_x89-fsSn5ztBME0DAYVhGQ2tHH1IS-8P4vQDKPCZQnqRkyuhZg0ISoQUwmM6NTcbr529XrnUTm-NJiVtSRoS7grA40nUJJW6E3T5iNj8vqGEWfLei1NQGMGF2UWROvuC-FA3XUwg2AltgPw" alt="باب الخندق" loading="lazy" class="atlas-popup-image"&gt;&lt;/div&gt;&lt;div class="atlas-popup-details"&gt;&lt;div&gt;&lt;strong&gt;الاسم بالإنجليزية:&lt;/strong&gt; Bab El Khandaq&lt;/div&gt;&lt;div&gt;&lt;strong&gt;التصنيف:&lt;/strong&gt; معلم اثري ( ابواب )&lt;/div&gt;&lt;div&gt;&lt;strong&gt;العنوان:&lt;/strong&gt; طرابلس/المدينة القديمة&lt;/div&gt;&lt;div&gt;&lt;strong&gt;الوصف:&lt;/strong&gt; باب الخندق&lt;/div&gt;&lt;/div&gt;&lt;/div&gt;</description><ExtendedData><Data name="atlas_id"><value>LY-OLD-TRIPOLI-00110</value></Data><Data name="name_en"><value>Bab El Khandaq</value></Data><Data name="category"><value>معلم اثري ( ابواب )</value></Data><Data name="address"><value>طرابلس/المدينة القديمة</value></Data><Data name="description"><value>باب الخندق</value></Data><Data name="image_count"><value>3</value></Data><Data name="source_file"><value>المدينة القديمة _طرابلس.kml</value></Data><Data name="images_json"><value>["/assets/images/old-tripoli/old-tripoli-LY-OLD-TRIPOLI-00110-01.png","/assets/images/old-tripoli/old-tripoli-LY-OLD-TRIPOLI-00110-02.png","/assets/images/old-tripoli/old-tripoli-LY-OLD-TRIPOLI-00110-03.png"]</value></Data><Data name="atlas_id"><value>LY-OLD-TRIPOLI-00110</value></Data><Data name="image_count"><value>3</value></Data><Data name="source_file"><value>المدينة القديمة _طرابلس.kml</value></Data><Data name="images_json"><value>["/assets/images/old-tripoli/old-tripoli-LY-OLD-TRIPOLI-00110-01.png","/assets/images/old-tripoli/old-tripoli-LY-OLD-TRIPOLI-00110-02.png","/assets/images/old-tripoli/old-tripoli-LY-OLD-TRIPOLI-00110-03.png"]</value></Data><Data name="atlas_id"><value>LY-TRI-000110</value></Data><Data name="layer_id"><value>old-tripoli</value></Data><Data name="layer_name_ar"><value>المدينة القديمة طرابلس</value></Data><Data name="layer_name_en"><value>Old Tripoli</value></Data><Data name="name_ar"><value>باب الخندق</value></Data><Data name="latitude"><value>32.895115</value></Data><Data name="longitude"><value>13.180327</value></Data><Data name="images_json"><value>["/assets/images/old-tripoli/old-tripoli-LY-OLD-TRIPOLI-00110-01.png","/assets/images/old-tripoli/old-tripoli-LY-OLD-TRIPOLI-00110-02.png","/assets/images/old-tripoli/old-tripoli-LY-OLD-TRIPOLI-00110-03.png"]</value></Data><Data name="image_count"><value>3</value></Data><Data name="source_file"><value>developed/old-tripoli-developed.kml</value></Data><Data name="source_placemark_index"><value>110</value></Data><Data name="data_quality_status"><value>ok</value></Data><Data name="source_media_url"><value>["https://lh3.googleusercontent.com/umsh/AN6v0v4fdJbz5yHHB0av_-TtvvZOhkOEzO-TRvHcwZFgJac6whcwRRsnPEhnBgWE3gT_sOEK2Sp-vekzC7SCp5kjT3lHamYUQISd5gNhNF-hk-TwiAvHKE-KsviyQqQIMR2I23t0UzOXCkQqRCG8AWIkF_tPzSoRKRwm1FL_EQtl0yv1angkzD7Z6S_5O6f198A6W_tCOhePjtbmPG_V2su9h7NgxRbX_IKmRUcbrabfPU3Yf6czeGLCXsx7JNLCGOFgx4EczO7AUeHCp_kY7FpPHC-x1ImyNdTP2QFoYjcSIJ0iA-UjrHsBiVKiMq-ve_JqBCl1t2P5q702DISmvgpXxftu4Zbvhn2Gae15Mb8GnPEM20uonUUd9YjWEYerDwe70bCV5SSTeqcmi4KU5xYjfEola_fmj35_lRP3cc2Ohegxwjk9mcKs8nIWHo9sBJH1zKDtLxxcpYBJpVtjkR1n03UrjPwBt0ZPltrvBKNPMPc2lioc96MrQ388s4cU1J7c-8W0GkwKGr3hCzCbrB1AyYha11nGEbTfukb3a2cHim9TyqyG_5RphRCwOqLXqM0G9D9z5XkV_5Pl0OLirkWLY2AmuSAGA0P05pcn8HO02dW-Eouxu-yCRO5fSvgII1DhgI7w9cvncgwYXdMcV2nuQOZXy7mz4ZCLDH8rFD0wa67b5X3-G7aRCfA5MihZP_jhtl2Kf9BAb-c","https://lh3.googleusercontent.com/umsh/AN6v0v5CbMGJNEuIUDBpaH_OtTAMV69agrnYaZb7J55gWBGDjCuzZV0At0pMLcWQUbXRRNPQSPgJygxduytBdkJyYH4wgZFbwLIPQ2MfJ859HVRKt0X5kYzajPpCZ-fXxKUoau2uqjnDNM72uFVI1kYLcZN5DoUoa0A-8lviOjf4HsiaUlTmYxULImEa4kzMlIVgkBOMF7F-9pzRyXa0CcukaaTMi4KgIncw891iDQ-2J8R593I5HbejPaNaKWcL0uckZ3uhU_Ht4goCfOsLPId-Nnf54eFUVjhB3tC19tkFYie4ZOfdUDMZNCHk1Azlw591YmcWcOh9GMwvupbs7W_QQMNFitRSNYEUjjJoxIzjyrYpQByM5UEmpJrPeRnso9XxjS2t2KKOHS4e2EldAAMZnB-ubDg8cmKDRaIqBJQmrRzoo1UJnzlgbGorsOO2isAxw_DbbNpy5Ip0PHI2PkhWN4MGCT2HCaS776Et99ewEBRv8wkcgxseuRYQInn699t_8y1TsdFS50w-rlOexax_L9djcGMrn1luIBUvNmuWwbYoKzAnSAd7Oy-fG_fy4F7X4j3YaGngwtU3D_-in0ng9UGyrA3KzWIeRjC4g6-9aieeD2hpyEsax3Xj70WADXXrt1NKTmQoz3R6oRcXib9OU4KrzyfQOW3Gd_3OIKuB2xGE5Xx-DjFBBwm6yZjy10zpVop1vXMnDvc","https://lh3.googleusercontent.com/umsh/AN6v0v6KDac1LRwB1zV0jIUSnOrVSWRN_5CRQf2p7Z4C0TzVG0l4YRfqgSX5UqIyKC1O_8agrETN1HtJbhbHC_G0CC0EUmfQ0STtMF1vIyNF-pLaA9ZZtgNEytzbNbUqXcYK5AYvQjWrYRpLlAQxN3VwFPI0rVhDQUeRZw507RtDFmLbjHWDSjoKlkXGTa7XiVDL2DXoN_H2gS1t5NTNYVzukkqX3ssKTTSaGACXeTDa2X4psksUF-bAS5hjFlyavnpg0rEG2avg92oHgTnHZfg-dLt6aB-wEkqCkZEKOoxphj9Tbf-77ka5iqrtzFQwbIE1l_qQJv-fstY486OmsGX1mEGS6EVt_-VzxJhbHKmkqZhJvt26uOgAolbhbVARvdWoHxK87Mxe4c0LXWZl4DSCi-IEny4ylgTaOyGm3agSnexlMhoEWgAfMAUmIyFkWzAYp9EJeuZXkUXKuZdOodEl-UUZ8CRgE5BvXNORoyYn-ZTpR5IdxRMskSr6ABRtZk29pUz2RT1iF5PJ9Oq-SyHXxJlZFC3pkRaUSYceyrhzH6_lLk1bxgzZCQ0QQF_x89-fsSn5ztBME0DAYVhGQ2tHH1IS-8P4vQDKPCZQnqRkyuhZg0ISoQUwmM6NTcbr529XrnUTm-NJiVtSRoS7grA40nUJJW6E3T5iNj8vqGEWfLei1NQGMGF2UWROvuC-FA3XUwg2AltgPw"]</value></Data></ExtendedData><Point><coordinates>13.180327,32.895115,0</coordinates></Point></Placemark><Placemark><name>باب الجديد</name><description>&lt;div class="atlas-popup" dir="rtl"&gt;&lt;h3&gt;باب الجديد&lt;/h3&gt;&lt;div class="atlas-popup-gallery"&gt;&lt;img src="https://lh3.googleusercontent.com/umsh/AN6v0v6W_yAdDR_ePpzXHSLTSU16hVebNTAsdkO8fOonNTzHmQq7habRDc70EBNwFteiBim97FxG-0RsWEUcfXAHZO64RWjMJvsMTcieUAUwIS377fa8P7bvPi96SDkIvRSjRGcysDc2r4yL80EfavrvVHE9jUl9CIMMJJMJgKEa0jLaT0LYMBwmQn5RGgD43K3ZQjmRhcW1bajwPx8XabRgHd7OeWMpd4LvZ1bK0eVaIJh8_wB5DqhpYsMDRDuEOk2hD-15UZZF5A2Vok8Jp1m8fPYwJ7PNJLPLhFWtCCgEksXaSpRgTwLpiWQH8zmrumv45kXQyO0vVwtFhR__k4nqrjbP8AZlzyxjJMtkaocsOYi_fpdyXDLjZShHp6e6coQSVstfQczpj625C0r5qI8TjBgS9S0UB-Ll-bS5_096h1BzL9ReHrGyV4ktsDR4kw04s2qXRJWmru6oOAxyHLX5I2xXMlTqKFEV6crg1eEcTFCYHggNQX8OKgRV6swCEVAIga8IzrLX2VsAcqMwgqiZNRWgUyBSuBiNi8IcVYi73c-ypu-Iz1cicwIURMcxJV0gy6hPuSnvhrkKNKBRfuXR5MUHM2PsCdU-R4VMnYEZHs6H2Yc1guCn-3RRu6k-g2jUGD6s7QJCKHK5faI-akbHQ1Dwm-q027kVPySr3zJXvknxiqK_jdHL4bIMet6iD1OJ4_M4ytkUsA" alt="باب الجديد" loading="lazy" class="atlas-popup-image"&gt;&lt;/div&gt;&lt;div class="atlas-popup-details"&gt;&lt;div&gt;&lt;strong&gt;الاسم بالإنجليزية:&lt;/strong&gt; Bab ajdeed&lt;/div&gt;&lt;div&gt;&lt;strong&gt;التصنيف:&lt;/strong&gt; معلم اثري ( باب )&lt;/div&gt;&lt;div&gt;&lt;strong&gt;العنوان:&lt;/strong&gt; طرابلس/المدينة القديمة&lt;/div&gt;&lt;div&gt;&lt;strong&gt;الوصف:&lt;/strong&gt; باب الجديد&lt;/div&gt;&lt;/div&gt;&lt;/div&gt;</description><ExtendedData><Data name="atlas_id"><value>LY-OLD-TRIPOLI-00111</value></Data><Data name="name_en"><value>Bab ajdeed</value></Data><Data name="category"><value>معلم اثري ( باب )</value></Data><Data name="address"><value>طرابلس/المدينة القديمة</value></Data><Data name="description"><value>باب الجديد</value></Data><Data name="image_count"><value>1</value></Data><Data name="source_file"><value>المدينة القديمة _طرابلس.kml</value></Data><Data name="images_json"><value>["/assets/images/old-tripoli/old-tripoli-LY-OLD-TRIPOLI-00111-01.png"]</value></Data><Data name="atlas_id"><value>LY-OLD-TRIPOLI-00111</value></Data><Data name="image_count"><value>1</value></Data><Data name="source_file"><value>المدينة القديمة _طرابلس.kml</value></Data><Data name="images_json"><value>["/assets/images/old-tripoli/old-tripoli-LY-OLD-TRIPOLI-00111-01.png"]</value></Data><Data name="atlas_id"><value>LY-TRI-000111</value></Data><Data name="layer_id"><value>old-tripoli</value></Data><Data name="layer_name_ar"><value>المدينة القديمة طرابلس</value></Data><Data name="layer_name_en"><value>Old Tripoli</value></Data><Data name="name_ar"><value>باب الجديد</value></Data><Data name="latitude"><value>32.89557</value></Data><Data name="longitude"><value>13.172519</value></Data><Data name="images_json"><value>["/assets/images/old-tripoli/old-tripoli-LY-OLD-TRIPOLI-00111-01.png"]</value></Data><Data name="image_count"><value>1</value></Data><Data name="source_file"><value>developed/old-tripoli-developed.kml</value></Data><Data name="source_placemark_index"><value>111</value></Data><Data name="data_quality_status"><value>ok</value></Data><Data name="source_media_url"><value>["https://lh3.googleusercontent.com/umsh/AN6v0v6W_yAdDR_ePpzXHSLTSU16hVebNTAsdkO8fOonNTzHmQq7habRDc70EBNwFteiBim97FxG-0RsWEUcfXAHZO64RWjMJvsMTcieUAUwIS377fa8P7bvPi96SDkIvRSjRGcysDc2r4yL80EfavrvVHE9jUl9CIMMJJMJgKEa0jLaT0LYMBwmQn5RGgD43K3ZQjmRhcW1bajwPx8XabRgHd7OeWMpd4LvZ1bK0eVaIJh8_wB5DqhpYsMDRDuEOk2hD-15UZZF5A2Vok8Jp1m8fPYwJ7PNJLPLhFWtCCgEksXaSpRgTwLpiWQH8zmrumv45kXQyO0vVwtFhR__k4nqrjbP8AZlzyxjJMtkaocsOYi_fpdyXDLjZShHp6e6coQSVstfQczpj625C0r5qI8TjBgS9S0UB-Ll-bS5_096h1BzL9ReHrGyV4ktsDR4kw04s2qXRJWmru6oOAxyHLX5I2xXMlTqKFEV6crg1eEcTFCYHggNQX8OKgRV6swCEVAIga8IzrLX2VsAcqMwgqiZNRWgUyBSuBiNi8IcVYi73c-ypu-Iz1cicwIURMcxJV0gy6hPuSnvhrkKNKBRfuXR5MUHM2PsCdU-R4VMnYEZHs6H2Yc1guCn-3RRu6k-g2jUGD6s7QJCKHK5faI-akbHQ1Dwm-q027kVPySr3zJXvknxiqK_jdHL4bIMet6iD1OJ4_M4ytkUsA"]</value></Data></ExtendedData><Point><coordinates>13.172519,32.89557,0</coordinates></Point></Placemark><Placemark><name>باب الفلة أو باب الغولة</name><description>&lt;div class="atlas-popup" dir="rtl"&gt;&lt;h3&gt;باب الفلة أو باب الغولة&lt;/h3&gt;&lt;div class="atlas-popup-gallery"&gt;&lt;img src="https://lh3.googleusercontent.com/umsh/AN6v0v4azga9-hWPp28TCsx7w7JMTCA71D_-MJFDJuC4v3hZ6ijqqkw4Oc1TLiE9xBGmeAPprpmWF4Jk5i-4mwjw3sdmUJK_nQuZsPpXJOdevA9Wb4d311AfphbkckJL3ywKZteCal6Rd6EjJm7A2aWlUJNZrbbfU1Ba_ulaS5B5XCPyEKrVbht-grGzcT7PigXN3kDYX_s8qtRC--0u1HakWmzqb1MOAIR2X_u7BXfRdpWZUQKacE0gtfXVauIC9sjeFmCBVagXL_kbfuoI0sC4gRtfa7vUPEN2RzyULvX4ZtI0RVHpagyQhzVBrRHpwkto3ua_EfbygQuYD7ZfKQbE6uEjimt0pzULWzcMkWTlaIEaYmXRT1621bv_Ve1vfiUF-dmfpVuuuJPYEanzM87tp6kDgjBOejLKAqRwh_O4GbR_y6Fo8W34G7Zmt7zIkRMCGwvd6w-nkTOXxCvTJ6son9QAr_ODHsi2UlcToNHubCWGwjzDnJllavReITFFRNF_KipOweq9G2Upfh_ja92Z8GEQxE96oCVHGcGoeUhd_zIVoH-zyiARtdCE_1GPkhP8OPnDFWyCc2XbCrtyItvzCaRFS_bHYegIWoE8zXdTc9KvhytOFJX2GyZlkmkHetnFIYPQL4iVm4wY8zp6yvCllDZ4F8zpFOARsJxEclhaZeRBA5585jHtPHnkjRzw8XnBRQdfOde84g" alt="باب الفلة أو باب الغولة" loading="lazy" class="atlas-popup-image"&gt;&lt;/div&gt;&lt;div class="atlas-popup-details"&gt;&lt;div&gt;&lt;strong&gt;الاسم بالإنجليزية:&lt;/strong&gt; Bab alfalla&lt;/div&gt;&lt;div&gt;&lt;strong&gt;التصنيف:&lt;/strong&gt; معلم اثري&lt;/div&gt;&lt;div&gt;&lt;strong&gt;العنوان:&lt;/strong&gt; طرابلس/المدينة القديمة&lt;/div&gt;&lt;div&gt;&lt;strong&gt;الوصف:&lt;/strong&gt; باب الفلة أو باب الغولة&lt;/div&gt;&lt;/div&gt;&lt;/div&gt;</description><ExtendedData><Data name="atlas_id"><value>LY-OLD-TRIPOLI-00112</value></Data><Data name="name_en"><value>Bab alfalla</value></Data><Data name="category"><value>معلم اثري</value></Data><Data name="address"><value>طرابلس/المدينة القديمة</value></Data><Data name="description"><value>باب الفلة أو باب الغولة</value></Data><Data name="image_count"><value>1</value></Data><Data name="source_file"><value>المدينة القديمة _طرابلس.kml</value></Data><Data name="images_json"><value>["/assets/images/old-tripoli/old-tripoli-LY-OLD-TRIPOLI-00112-01.png"]</value></Data><Data name="atlas_id"><value>LY-OLD-TRIPOLI-00112</value></Data><Data name="image_count"><value>1</value></Data><Data name="source_file"><value>المدينة القديمة _طرابلس.kml</value></Data><Data name="images_json"><value>["/assets/images/old-tripoli/old-tripoli-LY-OLD-TRIPOLI-00112-01.png"]</value></Data><Data name="atlas_id"><value>LY-TRI-000112</value></Data><Data name="layer_id"><value>old-tripoli</value></Data><Data name="layer_name_ar"><value>المدينة القديمة طرابلس</value></Data><Data name="layer_name_en"><value>Old Tripoli</value></Data><Data name="name_ar"><value>باب الفلة أو باب الغولة</value></Data><Data name="latitude"><value>32.898039</value></Data><Data name="longitude"><value>13.171824</value></Data><Data name="images_json"><value>["/assets/images/old-tripoli/old-tripoli-LY-OLD-TRIPOLI-00112-01.png"]</value></Data><Data name="image_count"><value>1</value></Data><Data name="source_file"><value>developed/old-tripoli-developed.kml</value></Data><Data name="source_placemark_index"><value>112</value></Data><Data name="data_quality_status"><value>ok</value></Data><Data name="source_media_url"><value>["https://lh3.googleusercontent.com/umsh/AN6v0v4azga9-hWPp28TCsx7w7JMTCA71D_-MJFDJuC4v3hZ6ijqqkw4Oc1TLiE9xBGmeAPprpmWF4Jk5i-4mwjw3sdmUJK_nQuZsPpXJOdevA9Wb4d311AfphbkckJL3ywKZteCal6Rd6EjJm7A2aWlUJNZrbbfU1Ba_ulaS5B5XCPyEKrVbht-grGzcT7PigXN3kDYX_s8qtRC--0u1HakWmzqb1MOAIR2X_u7BXfRdpWZUQKacE0gtfXVauIC9sjeFmCBVagXL_kbfuoI0sC4gRtfa7vUPEN2RzyULvX4ZtI0RVHpagyQhzVBrRHpwkto3ua_EfbygQuYD7ZfKQbE6uEjimt0pzULWzcMkWTlaIEaYmXRT1621bv_Ve1vfiUF-dmfpVuuuJPYEanzM87tp6kDgjBOejLKAqRwh_O4GbR_y6Fo8W34G7Zmt7zIkRMCGwvd6w-nkTOXxCvTJ6son9QAr_ODHsi2UlcToNHubCWGwjzDnJllavReITFFRNF_KipOweq9G2Upfh_ja92Z8GEQxE96oCVHGcGoeUhd_zIVoH-zyiARtdCE_1GPkhP8OPnDFWyCc2XbCrtyItvzCaRFS_bHYegIWoE8zXdTc9KvhytOFJX2GyZlkmkHetnFIYPQL4iVm4wY8zp6yvCllDZ4F8zpFOARsJxEclhaZeRBA5585jHtPHnkjRzw8XnBRQdfOde84g"]</value></Data></ExtendedData><Point><coordinates>13.171824,32.898039,0</coordinates></Point></Placemark><Placemark><name>باب السريا باب القلعة</name><description>&lt;div class="atlas-popup" dir="rtl"&gt;&lt;h3&gt;باب السريا باب القلعة&lt;/h3&gt;&lt;div class="atlas-popup-gallery"&gt;&lt;img src="https://mymaps.usercontent.google.com/hostedimage/m/*/3AAjQbR4tzyWk4MO-O9MoKelM8Nk6_drQf6R4YXZPnE3I4AUpWVy5xSVChfHyQbtza-uomPBeaic104RG8Auq87Wrs7N7lYM-BEXsGTKUQJnz7ellThSFhdlabKhtnrDdGHeRuQl5lwugRtz_joJvrY_d0w9V8U-A_2f2Dm6DcGhvUd_GQ2xKmKhUDEZD5hH-ehXOsSvZx4gwaYHkS3tVzMPXaWMhSgXSJ1ZPCuwPkMsBxQKJyZ4NsNctB-c2ZbI?authuser=1&amp;amp;fife=s16383" alt="باب السريا باب القلعة" loading="lazy" class="atlas-popup-image"&gt;&lt;/div&gt;&lt;div class="atlas-popup-details"&gt;&lt;div&gt;&lt;strong&gt;الاسم بالإنجليزية:&lt;/strong&gt; The Old City Tunnel( entrance)&lt;/div&gt;&lt;div&gt;&lt;strong&gt;التصنيف:&lt;/strong&gt; معلم اثري&lt;/div&gt;&lt;div&gt;&lt;strong&gt;العنوان:&lt;/strong&gt; المدينة القديمة&lt;/div&gt;&lt;div&gt;&lt;strong&gt;الوصف:&lt;/strong&gt; باب السرايا (أو الباب الملاصق للقلعة) هو أحد الأبواب التاريخية البارزة في المدينة القديمة بطرابلس، ليبيا. يقع هذا الباب في الجهة الشمالية الشرقية للمدينة، ويرتبط مباشرة بـ قلعة السراي الحمراء التاريخية&lt;/div&gt;&lt;/div&gt;&lt;/div&gt;</description><ExtendedData><Data name="atlas_id"><value>LY-OLD-TRIPOLI-00113</value></Data><Data name="name_en"><value>The Old City Tunnel( entrance)</value></Data><Data name="category"><value>معلم اثري</value></Data><Data name="address"><value>المدينة القديمة</value></Data><Data name="description"><value>باب السرايا (أو الباب الملاصق للقلعة) هو أحد الأبواب التاريخية البارزة في المدينة القديمة بطرابلس، ليبيا. يقع هذا الباب في الجهة الشمالية الشرقية للمدينة، ويرتبط مباشرة بـ قلعة السراي الحمراء التاريخية</value></Data><Data name="image_count"><value>1</value></Data><Data name="source_file"><value>المدينة القديمة _طرابلس.kml</value></Data><Data name="images_json"><value>["/assets/images/old-tripoli/old-tripoli-LY-OLD-TRIPOLI-00113-01.png"]</value></Data><Data name="atlas_id"><value>LY-OLD-TRIPOLI-00113</value></Data><Data name="image_count"><value>1</value></Data><Data name="source_file"><value>المدينة القديمة _طرابلس.kml</value></Data><Data name="images_json"><value>["/assets/images/old-tripoli/old-tripoli-LY-OLD-TRIPOLI-00113-01.png"]</value></Data><Data name="atlas_id"><value>LY-TRI-000113</value></Data><Data name="layer_id"><value>old-tripoli</value></Data><Data name="layer_name_ar"><value>المدينة القديمة طرابلس</value></Data><Data name="layer_name_en"><value>Old Tripoli</value></Data><Data name="name_ar"><value>باب السريا باب القلعة</value></Data><Data name="latitude"><value>32.8980323</value></Data><Data name="longitude"><value>13.1810946</value></Data><Data name="images_json"><value>["/assets/images/old-tripoli/old-tripoli-LY-OLD-TRIPOLI-00113-01.png"]</value></Data><Data name="image_count"><value>1</value></Data><Data name="source_file"><value>developed/old-tripoli-developed.kml</value></Data><Data name="source_placemark_index"><value>113</value></Data><Data name="data_quality_status"><value>ok</value></Data><Data name="source_media_url"><value>["https://mymaps.usercontent.google.com/hostedimage/m/*/3AAjQbR4tzyWk4MO-O9MoKelM8Nk6_drQf6R4YXZPnE3I4AUpWVy5xSVChfHyQbtza-uomPBeaic104RG8Auq87Wrs7N7lYM-BEXsGTKUQJnz7ellThSFhdlabKhtnrDdGHeRuQl5lwugRtz_joJvrY_d0w9V8U-A_2f2Dm6DcGhvUd_GQ2xKmKhUDEZD5hH-ehXOsSvZx4gwaYHkS3tVzMPXaWMhSgXSJ1ZPCuwPkMsBxQKJyZ4NsNctB-c2ZbI?authuser=1&amp;fife=s16383"]</value></Data></ExtendedData><Point><coordinates>13.1810946,32.8980323,0</coordinates></Point></Placemark><Placemark><name>باب درغوث</name><description>&lt;div class="atlas-popup" dir="rtl"&gt;&lt;h3&gt;باب درغوث&lt;/h3&gt;&lt;div class="atlas-popup-gallery"&gt;&lt;img src="https://mymaps.usercontent.google.com/hostedimage/m/*/3AAjQbR4B34Njjmqa_5rtj0HZ2f6zDh2L0AztjDrX-vzHiFgyltPdGcaN1pNj2m-18B38zVTcIwUMtevAecIiOryKtAra9wRhtuRHCEbafXTySY9cwGf4Wbl6gqOVDAU9Y6asSS-juCvIlmMJc5wFnusDrW8U1E7MN9oEVKxCwlLcJjgVPbMRAWjGEWTlUGgsRGQ8Cm5ClK4GD0cFMR5_TdurqX6F6lR1aTc-6wwLEB_MG7T7wdeOhCUygha4r8E?authuser=1&amp;amp;fife=s16383" alt="باب درغوث" loading="lazy" class="atlas-popup-image"&gt;&lt;img src="https://mymaps.usercontent.google.com/hostedimage/m/*/3AAjQbR72ROhHOH9OOSuysnXXtu0kayaJ1z7QRDms08zS2lHY5rUy9A58Hy0MHXd7Iu1MTN9SwK6DalIB3dJCpoaYMqAbJp3ywxCY4QAVx1EV5-WPwiajEWrD2s3AC2QreOe83JF9LrbqEXKGv6cvU6N-H4IwubPLKrhEjvv4Fq6Ce9FbbtL-SX5ymZNonfo9qz6GQfcaCmvxmHyjeD-dAOmzBjpvl-Sa6uOpxHo8Pk7bKsXFIxuscTQ9rw822fY?authuser=1&amp;amp;fife=s16383" alt="باب درغوث" loading="lazy" class="atlas-popup-image"&gt;&lt;/div&gt;&lt;div class="atlas-popup-details"&gt;&lt;div&gt;&lt;strong&gt;الاسم بالإنجليزية:&lt;/strong&gt; Bab Darghouth&lt;/div&gt;&lt;div&gt;&lt;strong&gt;التصنيف:&lt;/strong&gt; باب تاريخي&lt;/div&gt;&lt;div&gt;&lt;strong&gt;العنوان:&lt;/strong&gt; يقع الباب في الجهة الشمالية المطلة على البحر (منطقة حومة باب البحر).&lt;/div&gt;&lt;div&gt;&lt;strong&gt;الوصف:&lt;/strong&gt; هو أحد المداخل التاريخية الهامة للمدينة القديمة في طرابلس، ليبيا&lt;/div&gt;&lt;/div&gt;&lt;/div&gt;</description><ExtendedData><Data name="atlas_id"><value>LY-OLD-TRIPOLI-00114</value></Data><Data name="name_en"><value>Bab Darghouth</value></Data><Data name="category"><value>باب تاريخي</value></Data><Data name="address"><value>يقع الباب في الجهة الشمالية المطلة على البحر (منطقة حومة باب البحر).</value></Data><Data name="description"><value>هو أحد المداخل التاريخية الهامة للمدينة القديمة في طرابلس، ليبيا</value></Data><Data name="image_count"><value>2</value></Data><Data name="source_file"><value>المدينة القديمة _طرابلس.kml</value></Data><Data name="images_json"><value>["/assets/images/old-tripoli/old-tripoli-LY-OLD-TRIPOLI-00114-01.png","/assets/images/old-tripoli/old-tripoli-LY-OLD-TRIPOLI-00114-02.png"]</value></Data><Data name="atlas_id"><value>LY-OLD-TRIPOLI-00114</value></Data><Data name="image_count"><value>2</value></Data><Data name="source_file"><value>المدينة القديمة _طرابلس.kml</value></Data><Data name="images_json"><value>["/assets/images/old-tripoli/old-tripoli-LY-OLD-TRIPOLI-00114-01.png","/assets/images/old-tripoli/old-tripoli-LY-OLD-TRIPOLI-00114-02.png"]</value></Data><Data name="atlas_id"><value>LY-TRI-000114</value></Data><Data name="layer_id"><value>old-tripoli</value></Data><Data name="layer_name_ar"><value>المدينة القديمة طرابلس</value></Data><Data name="layer_name_en"><value>Old Tripoli</value></Data><Data name="name_ar"><value>باب درغوث</value></Data><Data name="latitude"><value>32.8990341</value></Data><Data name="longitude"><value>13.1773082</value></Data><Data name="images_json"><value>["/assets/images/old-tripoli/old-tripoli-LY-OLD-TRIPOLI-00114-01.png","/assets/images/old-tripoli/old-tripoli-LY-OLD-TRIPOLI-00114-02.png"]</value></Data><Data name="image_count"><value>2</value></Data><Data name="source_file"><value>developed/old-tripoli-developed.kml</value></Data><Data name="source_placemark_index"><value>114</value></Data><Data name="data_quality_status"><value>ok</value></Data><Data name="source_media_url"><value>["https://mymaps.usercontent.google.com/hostedimage/m/*/3AAjQbR4B34Njjmqa_5rtj0HZ2f6zDh2L0AztjDrX-vzHiFgyltPdGcaN1pNj2m-18B38zVTcIwUMtevAecIiOryKtAra9wRhtuRHCEbafXTySY9cwGf4Wbl6gqOVDAU9Y6asSS-juCvIlmMJc5wFnusDrW8U1E7MN9oEVKxCwlLcJjgVPbMRAWjGEWTlUGgsRGQ8Cm5ClK4GD0cFMR5_TdurqX6F6lR1aTc-6wwLEB_MG7T7wdeOhCUygha4r8E?authuser=1&amp;fife=s16383","https://mymaps.usercontent.google.com/hostedimage/m/*/3AAjQbR72ROhHOH9OOSuysnXXtu0kayaJ1z7QRDms08zS2lHY5rUy9A58Hy0MHXd7Iu1MTN9SwK6DalIB3dJCpoaYMqAbJp3ywxCY4QAVx1EV5-WPwiajEWrD2s3AC2QreOe83JF9LrbqEXKGv6cvU6N-H4IwubPLKrhEjvv4Fq6Ce9FbbtL-SX5ymZNonfo9qz6GQfcaCmvxmHyjeD-dAOmzBjpvl-Sa6uOpxHo8Pk7bKsXFIxuscTQ9rw822fY?authuser=1&amp;fife=s16383"]</value></Data></ExtendedData><Point><coordinates>13.1773082,32.8990341,0</coordinates></Point></Placemark><Placemark><name>باب الحرية</name><description>&lt;div class="atlas-popup" dir="rtl"&gt;&lt;h3&gt;باب الحرية&lt;/h3&gt;&lt;div class="atlas-popup-gallery"&gt;&lt;img src="https://mymaps.usercontent.google.com/hostedimage/m/*/3AAjQbR4pa6UEVpCMOyLjzO6PkiGUwTSY0Z2iasJ2vOvIp8d0UjhrcgNaGPvZy1fOv_2hJZukzGOhFG1wZYgA9mmn3AFa3PcH7CaoNVO29QV5v8CsBkXu5bkVBaaMHxs9KZSzD4G00V7Ow7x9rmCAk1FnquvEFxJKq2zO2ap-qFVer7TwR4iVqwUnLepdHNt5MQkyJrVhNV-zekrcQp4ehi03QvfK-vILK5lPkLmxFTsoa-AhdEPSZBbjlLNfoeI?authuser=1&amp;amp;fife=s16383" alt="باب الحرية" loading="lazy" class="atlas-popup-image"&gt;&lt;img src="https://mymaps.usercontent.google.com/hostedimage/m/*/3AAjQbR7prIlau8Az59pWexOU5fJyINT223on5M0vKGVcjuB6J5SCrV3hs3hqvItRJ2XGmZfMvf0As2OsPdFxANSnSQQwAP-YdA8_EY8yg01EECSXYEmCNHxSMfs_aD9IgA4dt6k2ik3vhiTOTkKZGaTQdcOKFKxTdBxK2eTppKyKTVowH_ggvo5Lva7v_9uT5fKygWDm7HBjpccYP_hwekWGrZBD-XLsEppYwxFn7Z2ZhPIYxzK2dPIB6-q8Zlc?authuser=1&amp;amp;fife=s16383" alt="باب الحرية" loading="lazy" class="atlas-popup-image"&gt;&lt;img src="https://mymaps.usercontent.google.com/hostedimage/m/*/3AAjQbR6NPpqxy7lyyGSjdcOS4baQs2Pu1_yqwsiOOjOyJZ55bEFhUL7fcc5jlwF1WUJu3-fk6LLY84yaHz0elT2UG6I-qMzUmDpg37rbMAtch1tOBuUPVc6SR0IKk1FJWrFPgB8LNKlPCOaYLKxoSZGXvz_pJRtIBSt2eMyJef357FnCpF4waw2KRvpurUrQY6ArKFwxbdlhBh73RMa5DaVuzlHfWm2oiWH0VTjtKMuPGtqjIRi2RGLrHLvUI7g?authuser=1&amp;amp;fife=s16383" alt="باب الحرية" loading="lazy" class="atlas-popup-image"&gt;&lt;/div&gt;&lt;div class="atlas-popup-details"&gt;&lt;div&gt;&lt;strong&gt;الاسم بالإنجليزية:&lt;/strong&gt; Bab Al-Hurriya أو Bab Al-Hurryia&lt;/div&gt;&lt;div&gt;&lt;strong&gt;التصنيف:&lt;/strong&gt; تحولت المنطقة المحيطة به إلى سوق شعبي شهير ونشط يُعرف باسم &amp;quot;سوق باب الحرية&lt;/div&gt;&lt;div&gt;&lt;strong&gt;العنوان:&lt;/strong&gt; كان يقع قديماً عند السور الجنوبي للمدينة القديمة&lt;/div&gt;&lt;div&gt;&lt;strong&gt;الوصف:&lt;/strong&gt; يُصنف كمعلم تاريخي بارز يقصده الزوار لاستكشاف الحرف التقليدية&lt;/div&gt;&lt;/div&gt;&lt;/div&gt;</description><ExtendedData><Data name="atlas_id"><value>LY-OLD-TRIPOLI-00115</value></Data><Data name="name_en"><value>Bab Al-Hurriya أو Bab Al-Hurryia</value></Data><Data name="category"><value>تحولت المنطقة المحيطة به إلى سوق شعبي شهير ونشط يُعرف باسم "سوق باب الحرية</value></Data><Data name="address"><value>كان يقع قديماً عند السور الجنوبي للمدينة القديمة</value></Data><Data name="description"><value>يُصنف كمعلم تاريخي بارز يقصده الزوار لاستكشاف الحرف التقليدية</value></Data><Data name="image_count"><value>3</value></Data><Data name="source_file"><value>المدينة القديمة _طرابلس.kml</value></Data><Data name="images_json"><value>["/assets/images/old-tripoli/old-tripoli-LY-OLD-TRIPOLI-00115-01.png","/assets/images/old-tripoli/old-tripoli-LY-OLD-TRIPOLI-00115-02.png","/assets/images/old-tripoli/old-tripoli-LY-OLD-TRIPOLI-00115-03.png"]</value></Data><Data name="atlas_id"><value>LY-OLD-TRIPOLI-00115</value></Data><Data name="image_count"><value>3</value></Data><Data name="source_file"><value>المدينة القديمة _طرابلس.kml</value></Data><Data name="images_json"><value>["/assets/images/old-tripoli/old-tripoli-LY-OLD-TRIPOLI-00115-01.png","/assets/images/old-tripoli/old-tripoli-LY-OLD-TRIPOLI-00115-02.png","/assets/images/old-tripoli/old-tripoli-LY-OLD-TRIPOLI-00115-03.png"]</value></Data><Data name="atlas_id"><value>LY-TRI-000115</value></Data><Data name="layer_id"><value>old-tripoli</value></Data><Data name="layer_name_ar"><value>المدينة القديمة طرابلس</value></Data><Data name="layer_name_en"><value>Old Tripoli</value></Data><Data name="name_ar"><value>باب الحرية</value></Data><Data name="latitude"><value>32.8936459</value></Data><Data name="longitude"><value>13.1779712</value></Data><Data name="images_json"><value>["/assets/images/old-tripoli/old-tripoli-LY-OLD-TRIPOLI-00115-01.png","/assets/images/old-tripoli/old-tripoli-LY-OLD-TRIPOLI-00115-02.png","/assets/images/old-tripoli/old-tripoli-LY-OLD-TRIPOLI-00115-03.png"]</value></Data><Data name="image_count"><value>3</value></Data><Data name="source_file"><value>developed/old-tripoli-developed.kml</value></Data><Data name="source_placemark_index"><value>115</value></Data><Data name="data_quality_status"><value>ok</value></Data><Data name="source_media_url"><value>["https://mymaps.usercontent.google.com/hostedimage/m/*/3AAjQbR4pa6UEVpCMOyLjzO6PkiGUwTSY0Z2iasJ2vOvIp8d0UjhrcgNaGPvZy1fOv_2hJZukzGOhFG1wZYgA9mmn3AFa3PcH7CaoNVO29QV5v8CsBkXu5bkVBaaMHxs9KZSzD4G00V7Ow7x9rmCAk1FnquvEFxJKq2zO2ap-qFVer7TwR4iVqwUnLepdHNt5MQkyJrVhNV-zekrcQp4ehi03QvfK-vILK5lPkLmxFTsoa-AhdEPSZBbjlLNfoeI?authuser=1&amp;fife=s16383","https://mymaps.usercontent.google.com/hostedimage/m/*/3AAjQbR7prIlau8Az59pWexOU5fJyINT223on5M0vKGVcjuB6J5SCrV3hs3hqvItRJ2XGmZfMvf0As2OsPdFxANSnSQQwAP-YdA8_EY8yg01EECSXYEmCNHxSMfs_aD9IgA4dt6k2ik3vhiTOTkKZGaTQdcOKFKxTdBxK2eTppKyKTVowH_ggvo5Lva7v_9uT5fKygWDm7HBjpccYP_hwekWGrZBD-XLsEppYwxFn7Z2ZhPIYxzK2dPIB6-q8Zlc?authuser=1&amp;fife=s16383","https://mymaps.usercontent.google.com/hostedimage/m/*/3AAjQbR6NPpqxy7lyyGSjdcOS4baQs2Pu1_yqwsiOOjOyJZ55bEFhUL7fcc5jlwF1WUJu3-fk6LLY84yaHz0elT2UG6I-qMzUmDpg37rbMAtch1tOBuUPVc6SR0IKk1FJWrFPgB8LNKlPCOaYLKxoSZGXvz_pJRtIBSt2eMyJef357FnCpF4waw2KRvpurUrQY6ArKFwxbdlhBh73RMa5DaVuzlHfWm2oiWH0VTjtKMuPGtqjIRi2RGLrHLvUI7g?authuser=1&amp;fife=s16383"]</value></Data></ExtendedData><Point><coordinates>13.1779712,32.8936459,0</coordinates></Point></Placemark><Placemark><name>سور المديمة القديمة</name><description>&lt;div class="atlas-popup" dir="rtl"&gt;&lt;h3&gt;سور المديمة القديمة&lt;/h3&gt;&lt;div class="atlas-popup-gallery"&gt;&lt;img src="https://mymaps.usercontent.google.com/hostedimage/m/*/3AAjQbR7WQwXR4HmwlQtFR2dAdMA2s8FvFbj3B0lryMf-F0t1hXLxpeBO_USI7qlkt_Jcm9I7gvi_2GynKcoJQ3lr4mUcBm79I3mItzWXMtLcCo07O3Yt9dxsmvL_Tce4rcAONSGYizBQ6TUbNTZXTHRo-mWPEKbXyYBb6bOcD5Q-0H5-Y7VfgUG7Qumt-wTCo4_RaZIj0tRzsRKqFRBCGIrqgfB3AXFPUl9_nUqhJljiIOCkZfbGVgMzvwY-Jzw?authuser=1&amp;amp;fife=s16383" alt="سور المديمة القديمة" loading="lazy" class="atlas-popup-image"&gt;&lt;img src="https://mymaps.usercontent.google.com/hostedimage/m/*/3AAjQbR4OK_S_uLzQyRsA30K-6R0sUBFLWII8h8j22K1S2c2YwdZgAKHamYZGH6dVMNCy71khecBJs-6d2ZB4LhGzupDVJKOtozV2wRZ9n7M-ZskyttwXEICHBvBUtXRro6RZ3L6qEDgnqm1lNfJ-zJzoyZ3fhTeJttlStMsPXZMH6761D45RbipRfA8LARhXaC3s0VWm2KmNv9GSwjmmlKGILmwo5L8T6mz38i00XgSO0Cwd9PX41KGr_5XXXtU?authuser=1&amp;amp;fife=s16383" alt="سور المديمة القديمة" loading="lazy" class="atlas-popup-image"&gt;&lt;/div&gt;&lt;div class="atlas-popup-details"&gt;&lt;div&gt;&lt;strong&gt;الاسم بالإنجليزية:&lt;/strong&gt; Wall of the Old City&lt;/div&gt;&lt;div&gt;&lt;strong&gt;التصنيف:&lt;/strong&gt; معلم اثري&lt;/div&gt;&lt;div&gt;&lt;strong&gt;العنوان:&lt;/strong&gt; طرابلس/المدينة القديمة&lt;/div&gt;&lt;div&gt;&lt;strong&gt;الوصف:&lt;/strong&gt; سور المديمة القديمة&lt;/div&gt;&lt;/div&gt;&lt;/div&gt;</description><ExtendedData><Data name="atlas_id"><value>LY-OLD-TRIPOLI-00116</value></Data><Data name="name_en"><value>Wall of the Old City</value></Data><Data name="category"><value>معلم اثري</value></Data><Data name="address"><value>طرابلس/المدينة القديمة</value></Data><Data name="description"><value>سور المديمة القديمة</value></Data><Data name="image_count"><value>2</value></Data><Data name="source_file"><value>المدينة القديمة _طرابلس.kml</value></Data><Data name="images_json"><value>["/assets/images/old-tripoli/old-tripoli-LY-OLD-TRIPOLI-00116-01.png","/assets/images/old-tripoli/old-tripoli-LY-OLD-TRIPOLI-00116-02.png"]</value></Data><Data name="atlas_id"><value>LY-OLD-TRIPOLI-00116</value></Data><Data name="image_count"><value>2</value></Data><Data name="source_file"><value>المدينة القديمة _طرابلس.kml</value></Data><Data name="images_json"><value>["/assets/images/old-tripoli/old-tripoli-LY-OLD-TRIPOLI-00116-01.png","/assets/images/old-tripoli/old-tripoli-LY-OLD-TRIPOLI-00116-02.png"]</value></Data><Data name="atlas_id"><value>LY-TRI-000116</value></Data><Data name="layer_id"><value>old-tripoli</value></Data><Data name="layer_name_ar"><value>المدينة القديمة طرابلس</value></Data><Data name="layer_name_en"><value>Old Tripoli</value></Data><Data name="name_ar"><value>سور المديمة القديمة</value></Data><Data name="latitude"><value>32.896921</value></Data><Data name="longitude"><value>13.172157</value></Data><Data name="images_json"><value>["/assets/images/old-tripoli/old-tripoli-LY-OLD-TRIPOLI-00116-01.png","/assets/images/old-tripoli/old-tripoli-LY-OLD-TRIPOLI-00116-02.png"]</value></Data><Data name="image_count"><value>2</value></Data><Data name="source_file"><value>developed/old-tripoli-developed.kml</value></Data><Data name="source_placemark_index"><value>116</value></Data><Data name="data_quality_status"><value>ok</value></Data><Data name="source_media_url"><value>["https://mymaps.usercontent.google.com/hostedimage/m/*/3AAjQbR7WQwXR4HmwlQtFR2dAdMA2s8FvFbj3B0lryMf-F0t1hXLxpeBO_USI7qlkt_Jcm9I7gvi_2GynKcoJQ3lr4mUcBm79I3mItzWXMtLcCo07O3Yt9dxsmvL_Tce4rcAONSGYizBQ6TUbNTZXTHRo-mWPEKbXyYBb6bOcD5Q-0H5-Y7VfgUG7Qumt-wTCo4_RaZIj0tRzsRKqFRBCGIrqgfB3AXFPUl9_nUqhJljiIOCkZfbGVgMzvwY-Jzw?authuser=1&amp;fife=s16383","https://mymaps.usercontent.google.com/hostedimage/m/*/3AAjQbR4OK_S_uLzQyRsA30K-6R0sUBFLWII8h8j22K1S2c2YwdZgAKHamYZGH6dVMNCy71khecBJs-6d2ZB4LhGzupDVJKOtozV2wRZ9n7M-ZskyttwXEICHBvBUtXRro6RZ3L6qEDgnqm1lNfJ-zJzoyZ3fhTeJttlStMsPXZMH6761D45RbipRfA8LARhXaC3s0VWm2KmNv9GSwjmmlKGILmwo5L8T6mz38i00XgSO0Cwd9PX41KGr_5XXXtU?authuser=1&amp;fife=s16383"]</value></Data></ExtendedData><Point><coordinates>13.172157,32.896921,0</coordinates></Point></Placemark><Placemark><name>سوق الصناعات التقليدية</name><description>&lt;div class="atlas-popup" dir="rtl"&gt;&lt;h3&gt;سوق الصناعات التقليدية&lt;/h3&gt;&lt;div class="atlas-popup-gallery"&gt;&lt;img src="https://lh3.googleusercontent.com/umsh/AN6v0v5KGwlfB5foPX1lH4Qkn5DJ6LQhuDM2bVI_UdIu6Pr3dtW2RFkKby1HAtwdMaSW7X_LacM8iYCDVja0A2RXJX9hLcj5EdFhXvaUA1HwXxUKmkJTOoVRYZ_DqfhDSvEifryC0v1M8YSwSnG7SY0DK__AEmTc5BzYUgXSbiov-xgdokcCkYgMSHteKM0gCmQHWC4q21aFZpNhwqhxFp-is5HrPtk4eZNT2FotzV5Pq8I5W2OUKvnowvaiQSTDXy33GxrXSzq8AQYvo9V9goIsqrOkZ1pCIzwC2TPeAQ4G4VZRNkxBCV4wmci2FcQGJix4CUYRovSM_rgjYlQbIDalKUkgFO7zey5Vef4hBzc_zZzxKVVBcE6ZDAZhgztU5A3yJaGnii1tdclvcQurKBL05if0dt9ATNpYVPaG4MHYiFAgDN3TB1NUIkiExv2s1nAZ5mGHINPSEzsSjBetgpkoDXWFdQwxEOUst1e3YGCAse8CQSBBNcCSln3f5JlbMGeLQk5MoqnEXxLSEse-lDrnmItNn_XZRWyWHAo-IKm3DyEhWns8sFCAuY6WWZgwG7YzOvzsrBdFdEMoIBSY95cpJ0ei_jddP9UdCJ3K__FjFH4HkjWh4vDeU_yN3QGVM1O9eIYDyisp8_InbjJjRXlpHWQMc8mj874dnenVubkK0dFHeZd8u1ztULRIXS2IXPIIRA2U4Utl25g" alt="سوق الصناعات التقليدية" loading="lazy" class="atlas-popup-image"&gt;&lt;img src="https://lh3.googleusercontent.com/umsh/AN6v0v7Ov3l-u9r9NMKx2LZSbTk1gwvGY_S4fRdj3vfIl4W-R5Nw2lc-Ux7UrCbgH54LT6hcHa5pNR__kIrHrjGSe6OM6jgi43_YLn3hIDaK858i3xAdFDqKeEFsPUNIxGpQpKYHqz8NScr6-WDCoa6QlcYm0phutRLcTx7hEesJ16CeBfsK05uXVDKFa7rBGSOkD8mEZTpL06fPlkmjWCSdC2P3VYk4XhS_BzO_AGia_pbOzFb1VpA823PVHDObZL6fNNMhinUbpiBnYE3lQn5oeJOa1DNVG39sLO6E2WBnAQKYp5OMW1f7NRomhsaPIHj39V_w8p6B7mYMYRiIlbDVgTLMUhIFMmFDm06oqGQR-weF4ACXlZ4UNVHaW4VyF4gOankN1JHlW5_JIP1jWHwBDPwPy18L_P--qR467J6hT9ue1IRYwD2tUFlRkMTSpThxEo6J8q5lcHtAzobxGgLv-x1ZvrPcNTaq9vQtCyXVKM3okHOqGCTwolKrygTImjISl567NhYnNFYzmZpJCohuKDAf3QhIVP9LMOHxm8BmDlX45ZQrKvfyFbqyl_CPWly9LxBUET0o0eWicl-wuWybKvDC24YQVNb2_3f-x7RPDN0v_eh8VNEf8N5S0XhDKZRwzFL4lth7SiNf19aZxTpDfkvhfdpuFuRywBl5eya49q_afq1C6xLne0E5_wzmSEtYlDywnfgCF3c" alt="سوق الصناعات التقليدية" loading="lazy" class="atlas-popup-image"&gt;&lt;img src="https://lh3.googleusercontent.com/umsh/AN6v0v7SQxT6R_B1ImD6Vu8HKhy8v1wnYYtYxoxgUqqt2UobSeOtbAWHQVV4syjmCyiHlXbRh52iyPm_4s8rV2khTa0poM3_QsDwsry3Cc4I05JCJoHQIQV6_BLYoWlZvyjYh4RpLmjq951EkCiE-fYx9XVkiKpdUy27KpOeLMQDPvCuCfiAbK8pON_PMzi0HgrKgqwaPszktfWx8PnHxE5WvavIU-FWQipmpgL1iGr9YoGptIE0ugdkhj_hcPjx4nLvVDinrLipoCPnF9Jvkam9oktu353EZ6eupNbQ-UhCGx4Y3QdBtYpEJx-h1AevFBGApHAx_WlkC72HrfuFf6EUUqCVZvN9b5HWh7CmW9AbxyhiWUC3V1-sa9q-qb957K4JJBvvhOwTYZHhzql8MGDOc4htEzJWwxWShHlxikPHUGprzOXpqTLlA9yan7foIcLQjwe7fE97C_EOBJgx9O0WS_Iw40coFx2ptDd1KIf8feG_5rX9qwwpkTt5Y_Uw1uG3OHPPtzcoFsTkDnvsOCPTap_z8Yk3X32c8I6d3bbp7yvA1oExzibUu1Wn931i0uvfG3LW6_7zKtwWsfjAQ8em3nAg0zRQ_PerkzH--OfqJgjUJmX88vD7W8ic1c2aqn0Qfv4CHDdP4PTyzw3tw-762rZA4ybGdV0sfBqG8G_vrDrxZYsmy6BKPkMzIn9Tk7A4RooO0IiuxGI" alt="سوق الصناعات التقليدية" loading="lazy" class="atlas-popup-image"&gt;&lt;img src="https://lh3.googleusercontent.com/umsh/AN6v0v6C_TUKQWdbDxQQGF9HHvB75YEbZTd2x85EYsNrQJruSS1vDGyIS0frHTtNDCeZVUO2kHSPJtI0WIjMs7eJZgeHzRelUhxH8ScUJpHQq95C4kLWyytSzksvJpPxYgnmj5AGk57FnBKRSQcfiAK9RtHxMLToBzjyE60GY3gUm9FjhO2XJfKfZWhX4RBsTp-ByqbKAHYipY2SF7EXUPJ3tAEfx-oxeSK49v0pdlNNh575OIn7CwMdq78haXFJ-eMUMh6m8qOhiaGpaNQR0oosyxAzI_l1yzdKH9VMxvyiA3-nnG4Qf1TjkjDfbmXkgv3ojLgnLNIm0SeRhpHwRtduqFBohYgnA4BGlTe3md_RrkluDk41xoZcGe9eFB8ByvOZIFdagHLgWa00G1CHzwBo1yXZ5HYUNvkMdxbTCSHhzvYd9wiWA-kIdw_KW__nm7Hq1bjmMHjhbefUWwfGvdcOH2q7aPZATKDw8fiRrZcb3manf67W-F3EN6eg5hjJfMipdHnR4IG3VV7b5HK365rVvK8kV_rlBUSDYYlhRpmYxfl_ElhpaSHeVMIRO1NdwOf4ujLzmumn2q4yQspc-C-4d-wDhb0YaJXO6Vsn7_-d_cE3AwbS_Dwz4Pec-BU8g-1ED_eU8aglkwIFtr7G4Rys-v-rdtguLXOqUzu-SictlB99bmvHsi8mLoAAJKQKBCHdYTpKLlJIvw" alt="سوق الصناعات التقليدية" loading="lazy" class="atlas-popup-image"&gt;&lt;img src="https://lh3.googleusercontent.com/umsh/AN6v0v5-q2mu8gj-LCz3ocnm0kG8h3nwe55svdRiQx99X5_Mo16EmCHHryWrBLNus9ldfy_6-GiN3x6CvNqJG5xT1mowVShSQlAZjagvTbUa38ZP-bAek73S9Zni2jybw--Q41Crk_oqX3xlsY6OhBUXtJhyWRq3d2dn66pfkuSCJ2WhhDAjhzN25jHS1roy64KGPoNsfDXWL8ljM-VqnNc9sh4DoYi4xQ5AVjOPx5L2w1nIW_aX7gt6YnuAQIWd7q2lnEmgb2vHa9P6xrk8kDI0kbtwSkGXM3vgu3z1AFNvYojCwb7FdX7BIG9B4x9mRmLV2TSL9KZ2zKz98A9ye9h4qu1YVZK7b5ceWL7Ys8TmivCpSi3Q-dNAnwBhTJW2eCvQEAqgg2b87GqjXzFIZB6ObR6MLBFl3SyXCCsLkuxw3Zbrzd-dlYDrEKclOpkZ7k_bkEpgce7mjn6v-oVqc1EQ0s3SdGAy5M9PbGXQRNfCQI27yC6e82ib0PtG_FjARFZ-XgvekOZt9BZzRPw-16zv-MAkhsOntCsvTgAz9QL0PKCXQfwy9W8aGBJzUtWt7PS26QbTAVZ6veAwl1PadvG00xJZp2lH3ldOz42qvf_J2AQvVDsTPViUWKhV4ooKjyzmcUOnxRElPJwD9jtL6KrsMcgrykrI07cghLVsXkjstxvD1YeZRHVobdfrOU1OCBqSY6yUiG5RSg" alt="سوق الصناعات التقليدية" loading="lazy" class="atlas-popup-image"&gt;&lt;/div&gt;&lt;div class="atlas-popup-details"&gt;&lt;div&gt;&lt;strong&gt;الاسم بالإنجليزية:&lt;/strong&gt; Traditional Crafts Market&lt;/div&gt;&lt;div&gt;&lt;strong&gt;التصنيف:&lt;/strong&gt; سوق&lt;/div&gt;&lt;div&gt;&lt;strong&gt;العنوان:&lt;/strong&gt; طرابلس/المدينة القديمة&lt;/div&gt;&lt;div&gt;&lt;strong&gt;الوصف:&lt;/strong&gt; سوق الصناعات التقليدية&lt;/div&gt;&lt;/div&gt;&lt;/div&gt;</description><ExtendedData><Data name="atlas_id"><value>LY-OLD-TRIPOLI-00117</value></Data><Data name="name_en"><value>Traditional Crafts Market</value></Data><Data name="category"><value>سوق</value></Data><Data name="address"><value>طرابلس/المدينة القديمة</value></Data><Data name="description"><value>سوق الصناعات التقليدية</value></Data><Data name="image_count"><value>5</value></Data><Data name="source_file"><value>المدينة القديمة _طرابلس.kml</value></Data><Data name="images_json"><value>["/assets/images/old-tripoli/old-tripoli-LY-OLD-TRIPOLI-00117-01.png","/assets/images/old-tripoli/old-tripoli-LY-OLD-TRIPOLI-00117-02.png","/assets/images/old-tripoli/old-tripoli-LY-OLD-TRIPOLI-00117-03.png","/assets/images/old-tripoli/old-tripoli-LY-OLD-TRIPOLI-00117-04.png","/assets/images/old-tripoli/old-tripoli-LY-OLD-TRIPOLI-00117-05.png"]</value></Data><Data name="atlas_id"><value>LY-OLD-TRIPOLI-00117</value></Data><Data name="image_count"><value>5</value></Data><Data name="source_file"><value>المدينة القديمة _طرابلس.kml</value></Data><Data name="images_json"><value>["/assets/images/old-tripoli/old-tripoli-LY-OLD-TRIPOLI-00117-01.png","/assets/images/old-tripoli/old-tripoli-LY-OLD-TRIPOLI-00117-02.png","/assets/images/old-tripoli/old-tripoli-LY-OLD-TRIPOLI-00117-03.png","/assets/images/old-tripoli/old-tripoli-LY-OLD-TRIPOLI-00117-04.png","/assets/images/old-tripoli/old-tripoli-LY-OLD-TRIPOLI-00117-05.png"]</value></Data><Data name="atlas_id"><value>LY-TRI-000117</value></Data><Data name="layer_id"><value>old-tripoli</value></Data><Data name="layer_name_ar"><value>المدينة القديمة طرابلس</value></Data><Data name="layer_name_en"><value>Old Tripoli</value></Data><Data name="name_ar"><value>سوق الصناعات التقليدية</value></Data><Data name="latitude"><value>32.894921</value></Data><Data name="longitude"><value>13.179823</value></Data><Data name="images_json"><value>["/assets/images/old-tripoli/old-tripoli-LY-OLD-TRIPOLI-00117-01.png","/assets/images/old-tripoli/old-tripoli-LY-OLD-TRIPOLI-00117-02.png","/assets/images/old-tripoli/old-tripoli-LY-OLD-TRIPOLI-00117-03.png","/assets/images/old-tripoli/old-tripoli-LY-OLD-TRIPOLI-00117-04.png","/assets/images/old-tripoli/old-tripoli-LY-OLD-TRIPOLI-00117-05.png"]</value></Data><Data name="image_count"><value>5</value></Data><Data name="source_file"><value>developed/old-tripoli-developed.kml</value></Data><Data name="source_placemark_index"><value>117</value></Data><Data name="data_quality_status"><value>ok</value></Data><Data name="source_media_url"><value>["https://lh3.googleusercontent.com/umsh/AN6v0v5KGwlfB5foPX1lH4Qkn5DJ6LQhuDM2bVI_UdIu6Pr3dtW2RFkKby1HAtwdMaSW7X_LacM8iYCDVja0A2RXJX9hLcj5EdFhXvaUA1HwXxUKmkJTOoVRYZ_DqfhDSvEifryC0v1M8YSwSnG7SY0DK__AEmTc5BzYUgXSbiov-xgdokcCkYgMSHteKM0gCmQHWC4q21aFZpNhwqhxFp-is5HrPtk4eZNT2FotzV5Pq8I5W2OUKvnowvaiQSTDXy33GxrXSzq8AQYvo9V9goIsqrOkZ1pCIzwC2TPeAQ4G4VZRNkxBCV4wmci2FcQGJix4CUYRovSM_rgjYlQbIDalKUkgFO7zey5Vef4hBzc_zZzxKVVBcE6ZDAZhgztU5A3yJaGnii1tdclvcQurKBL05if0dt9ATNpYVPaG4MHYiFAgDN3TB1NUIkiExv2s1nAZ5mGHINPSEzsSjBetgpkoDXWFdQwxEOUst1e3YGCAse8CQSBBNcCSln3f5JlbMGeLQk5MoqnEXxLSEse-lDrnmItNn_XZRWyWHAo-IKm3DyEhWns8sFCAuY6WWZgwG7YzOvzsrBdFdEMoIBSY95cpJ0ei_jddP9UdCJ3K__FjFH4HkjWh4vDeU_yN3QGVM1O9eIYDyisp8_InbjJjRXlpHWQMc8mj874dnenVubkK0dFHeZd8u1ztULRIXS2IXPIIRA2U4Utl25g","https://lh3.googleusercontent.com/umsh/AN6v0v7Ov3l-u9r9NMKx2LZSbTk1gwvGY_S4fRdj3vfIl4W-R5Nw2lc-Ux7UrCbgH54LT6hcHa5pNR__kIrHrjGSe6OM6jgi43_YLn3hIDaK858i3xAdFDqKeEFsPUNIxGpQpKYHqz8NScr6-WDCoa6QlcYm0phutRLcTx7hEesJ16CeBfsK05uXVDKFa7rBGSOkD8mEZTpL06fPlkmjWCSdC2P3VYk4XhS_BzO_AGia_pbOzFb1VpA823PVHDObZL6fNNMhinUbpiBnYE3lQn5oeJOa1DNVG39sLO6E2WBnAQKYp5OMW1f7NRomhsaPIHj39V_w8p6B7mYMYRiIlbDVgTLMUhIFMmFDm06oqGQR-weF4ACXlZ4UNVHaW4VyF4gOankN1JHlW5_JIP1jWHwBDPwPy18L_P--qR467J6hT9ue1IRYwD2tUFlRkMTSpThxEo6J8q5lcHtAzobxGgLv-x1ZvrPcNTaq9vQtCyXVKM3okHOqGCTwolKrygTImjISl567NhYnNFYzmZpJCohuKDAf3QhIVP9LMOHxm8BmDlX45ZQrKvfyFbqyl_CPWly9LxBUET0o0eWicl-wuWybKvDC24YQVNb2_3f-x7RPDN0v_eh8VNEf8N5S0XhDKZRwzFL4lth7SiNf19aZxTpDfkvhfdpuFuRywBl5eya49q_afq1C6xLne0E5_wzmSEtYlDywnfgCF3c","https://lh3.googleusercontent.com/umsh/AN6v0v7SQxT6R_B1ImD6Vu8HKhy8v1wnYYtYxoxgUqqt2UobSeOtbAWHQVV4syjmCyiHlXbRh52iyPm_4s8rV2khTa0poM3_QsDwsry3Cc4I05JCJoHQIQV6_BLYoWlZvyjYh4RpLmjq951EkCiE-fYx9XVkiKpdUy27KpOeLMQDPvCuCfiAbK8pON_PMzi0HgrKgqwaPszktfWx8PnHxE5WvavIU-FWQipmpgL1iGr9YoGptIE0ugdkhj_hcPjx4nLvVDinrLipoCPnF9Jvkam9oktu353EZ6eupNbQ-UhCGx4Y3QdBtYpEJx-h1AevFBGApHAx_WlkC72HrfuFf6EUUqCVZvN9b5HWh7CmW9AbxyhiWUC3V1-sa9q-qb957K4JJBvvhOwTYZHhzql8MGDOc4htEzJWwxWShHlxikPHUGprzOXpqTLlA9yan7foIcLQjwe7fE97C_EOBJgx9O0WS_Iw40coFx2ptDd1KIf8feG_5rX9qwwpkTt5Y_Uw1uG3OHPPtzcoFsTkDnvsOCPTap_z8Yk3X32c8I6d3bbp7yvA1oExzibUu1Wn931i0uvfG3LW6_7zKtwWsfjAQ8em3nAg0zRQ_PerkzH--OfqJgjUJmX88vD7W8ic1c2aqn0Qfv4CHDdP4PTyzw3tw-762rZA4ybGdV0sfBqG8G_vrDrxZYsmy6BKPkMzIn9Tk7A4RooO0IiuxGI","https://lh3.googleusercontent.com/umsh/AN6v0v6C_TUKQWdbDxQQGF9HHvB75YEbZTd2x85EYsNrQJruSS1vDGyIS0frHTtNDCeZVUO2kHSPJtI0WIjMs7eJZgeHzRelUhxH8ScUJpHQq95C4kLWyytSzksvJpPxYgnmj5AGk57FnBKRSQcfiAK9RtHxMLToBzjyE60GY3gUm9FjhO2XJfKfZWhX4RBsTp-ByqbKAHYipY2SF7EXUPJ3tAEfx-oxeSK49v0pdlNNh575OIn7CwMdq78haXFJ-eMUMh6m8qOhiaGpaNQR0oosyxAzI_l1yzdKH9VMxvyiA3-nnG4Qf1TjkjDfbmXkgv3ojLgnLNIm0SeRhpHwRtduqFBohYgnA4BGlTe3md_RrkluDk41xoZcGe9eFB8ByvOZIFdagHLgWa00G1CHzwBo1yXZ5HYUNvkMdxbTCSHhzvYd9wiWA-kIdw_KW__nm7Hq1bjmMHjhbefUWwfGvdcOH2q7aPZATKDw8fiRrZcb3manf67W-F3EN6eg5hjJfMipdHnR4IG3VV7b5HK365rVvK8kV_rlBUSDYYlhRpmYxfl_ElhpaSHeVMIRO1NdwOf4ujLzmumn2q4yQspc-C-4d-wDhb0YaJXO6Vsn7_-d_cE3AwbS_Dwz4Pec-BU8g-1ED_eU8aglkwIFtr7G4Rys-v-rdtguLXOqUzu-SictlB99bmvHsi8mLoAAJKQKBCHdYTpKLlJIvw","https://lh3.googleusercontent.com/umsh/AN6v0v5-q2mu8gj-LCz3ocnm0kG8h3nwe55svdRiQx99X5_Mo16EmCHHryWrBLNus9ldfy_6-GiN3x6CvNqJG5xT1mowVShSQlAZjagvTbUa38ZP-bAek73S9Zni2jybw--Q41Crk_oqX3xlsY6OhBUXtJhyWRq3d2dn66pfkuSCJ2WhhDAjhzN25jHS1roy64KGPoNsfDXWL8ljM-VqnNc9sh4DoYi4xQ5AVjOPx5L2w1nIW_aX7gt6YnuAQIWd7q2lnEmgb2vHa9P6xrk8kDI0kbtwSkGXM3vgu3z1AFNvYojCwb7FdX7BIG9B4x9mRmLV2TSL9KZ2zKz98A9ye9h4qu1YVZK7b5ceWL7Ys8TmivCpSi3Q-dNAnwBhTJW2eCvQEAqgg2b87GqjXzFIZB6ObR6MLBFl3SyXCCsLkuxw3Zbrzd-dlYDrEKclOpkZ7k_bkEpgce7mjn6v-oVqc1EQ0s3SdGAy5M9PbGXQRNfCQI27yC6e82ib0PtG_FjARFZ-XgvekOZt9BZzRPw-16zv-MAkhsOntCsvTgAz9QL0PKCXQfwy9W8aGBJzUtWt7PS26QbTAVZ6veAwl1PadvG00xJZp2lH3ldOz42qvf_J2AQvVDsTPViUWKhV4ooKjyzmcUOnxRElPJwD9jtL6KrsMcgrykrI07cghLVsXkjstxvD1YeZRHVobdfrOU1OCBqSY6yUiG5RSg"]</value></Data></ExtendedData><Point><coordinates>13.179823,32.894921,0</coordinates></Point></Placemark><Placemark><name>سوق اللفة</name><description>&lt;div class="atlas-popup" dir="rtl"&gt;&lt;h3&gt;سوق اللفة&lt;/h3&gt;&lt;div class="atlas-popup-gallery"&gt;&lt;img src="https://mymaps.usercontent.google.com/hostedimage/m/*/3AAjQbR6vLFk0H-BqRk_Q53PX9jykjqKHOxnlDNBq6sCVWtCanNEEhVDU2GmsjG_IxEgugHXPQ2ff3AkA5ibG2F0KhLG6s-RY-fWGYPUAK1KDtRsw4YhK1ALN3Rq1KLmIrPzeOdlxaxUGCcXbs6HwP_-_a7wTJGAd2EccCgQbLdbrTv3ByLNsCnEiEwY_1ab8OCFmMj8EeoWHbOzivYHVfYRvmWQx9U1Q52YA49kev4i3kwJgis6ZLzyNejHub5E?authuser=1&amp;amp;fife=s16383" alt="سوق اللفة" loading="lazy" class="atlas-popup-image"&gt;&lt;img src="https://mymaps.usercontent.google.com/hostedimage/m/*/3AAjQbR7eV7RQJceiWM9kyc6CkFMxTFijjlh-ygw7qlwk84JYfPDXD5bIJJXklODNyLd9uy7TXZeWu9dI81zJVSv4_SHoWIr-OrHAnmipktP43BXQufpcavHre_JWBrdkmMc50hzEEPhKw3saRASelyMY-9Q_0vauNNZ79e0pVxvGHHUziM8Etq85gqOFwWPS4FpekCAmuQkFgkXWSqD63ycptxVM8M9ADNvCIxe2DQm6c0ZKuw64_Kqhj78cK2k?authuser=1&amp;amp;fife=s16383" alt="سوق اللفة" loading="lazy" class="atlas-popup-image"&gt;&lt;/div&gt;&lt;div class="atlas-popup-details"&gt;&lt;div&gt;&lt;strong&gt;الاسم بالإنجليزية:&lt;/strong&gt; Souq Allafah&lt;/div&gt;&lt;div&gt;&lt;strong&gt;التصنيف:&lt;/strong&gt; سوق تجاري الى اليوم&lt;/div&gt;&lt;div&gt;&lt;strong&gt;العنوان:&lt;/strong&gt; طرابلس/المدينة القديمة&lt;/div&gt;&lt;div&gt;&lt;strong&gt;الوصف:&lt;/strong&gt; سوق اللفة&lt;/div&gt;&lt;/div&gt;&lt;/div&gt;</description><ExtendedData><Data name="atlas_id"><value>LY-OLD-TRIPOLI-00118</value></Data><Data name="name_en"><value>Souq Allafah</value></Data><Data name="category"><value>سوق تجاري الى اليوم</value></Data><Data name="address"><value>طرابلس/المدينة القديمة</value></Data><Data name="description"><value>سوق اللفة</value></Data><Data name="image_count"><value>2</value></Data><Data name="source_file"><value>المدينة القديمة _طرابلس.kml</value></Data><Data name="images_json"><value>["/assets/images/old-tripoli/old-tripoli-LY-OLD-TRIPOLI-00118-01.png","/assets/images/old-tripoli/old-tripoli-LY-OLD-TRIPOLI-00118-02.png"]</value></Data><Data name="atlas_id"><value>LY-OLD-TRIPOLI-00118</value></Data><Data name="image_count"><value>2</value></Data><Data name="source_file"><value>المدينة القديمة _طرابلس.kml</value></Data><Data name="images_json"><value>["/assets/images/old-tripoli/old-tripoli-LY-OLD-TRIPOLI-00118-01.png","/assets/images/old-tripoli/old-tripoli-LY-OLD-TRIPOLI-00118-02.png"]</value></Data><Data name="atlas_id"><value>LY-TRI-000118</value></Data><Data name="layer_id"><value>old-tripoli</value></Data><Data name="layer_name_ar"><value>المدينة القديمة طرابلس</value></Data><Data name="layer_name_en"><value>Old Tripoli</value></Data><Data name="name_ar"><value>سوق اللفة</value></Data><Data name="latitude"><value>32.8955103</value></Data><Data name="longitude"><value>13.1784337</value></Data><Data name="images_json"><value>["/assets/images/old-tripoli/old-tripoli-LY-OLD-TRIPOLI-00118-01.png","/assets/images/old-tripoli/old-tripoli-LY-OLD-TRIPOLI-00118-02.png"]</value></Data><Data name="image_count"><value>2</value></Data><Data name="source_file"><value>developed/old-tripoli-developed.kml</value></Data><Data name="source_placemark_index"><value>118</value></Data><Data name="data_quality_status"><value>ok</value></Data><Data name="source_media_url"><value>["https://mymaps.usercontent.google.com/hostedimage/m/*/3AAjQbR6vLFk0H-BqRk_Q53PX9jykjqKHOxnlDNBq6sCVWtCanNEEhVDU2GmsjG_IxEgugHXPQ2ff3AkA5ibG2F0KhLG6s-RY-fWGYPUAK1KDtRsw4YhK1ALN3Rq1KLmIrPzeOdlxaxUGCcXbs6HwP_-_a7wTJGAd2EccCgQbLdbrTv3ByLNsCnEiEwY_1ab8OCFmMj8EeoWHbOzivYHVfYRvmWQx9U1Q52YA49kev4i3kwJgis6ZLzyNejHub5E?authuser=1&amp;fife=s16383","https://mymaps.usercontent.google.com/hostedimage/m/*/3AAjQbR7eV7RQJceiWM9kyc6CkFMxTFijjlh-ygw7qlwk84JYfPDXD5bIJJXklODNyLd9uy7TXZeWu9dI81zJVSv4_SHoWIr-OrHAnmipktP43BXQufpcavHre_JWBrdkmMc50hzEEPhKw3saRASelyMY-9Q_0vauNNZ79e0pVxvGHHUziM8Etq85gqOFwWPS4FpekCAmuQkFgkXWSqD63ycptxVM8M9ADNvCIxe2DQm6c0ZKuw64_Kqhj78cK2k?authuser=1&amp;fife=s16383"]</value></Data></ExtendedData><Point><coordinates>13.1784337,32.8955103,0</coordinates></Point></Placemark><Placemark><name>سوق الحوت</name><description>&lt;div class="atlas-popup" dir="rtl"&gt;&lt;h3&gt;سوق الحوت&lt;/h3&gt;&lt;div class="atlas-popup-gallery"&gt;&lt;img src="https://mymaps.usercontent.google.com/hostedimage/m/*/3AAjQbR4gYuML4huq97Xr4l9RR6UxmRWGJueJ4xPI8d9klG5VQRWzN58N6ARrR_uqFyjm-0GLKY3AnWV5Ns33gwCxEWDk47dAX8xyc32PfEIAgtAnEaJ4TQtui5n6A6k8smINGvvG3S_8Oi28V-8a8MFKNpvFL8wxXCKlGh9Ptl52HuIoXYSp-vuQFWHm3hpYPJL53Gni3-YbuSzxmHnTmpINb04juDfyG1mAU_LPUOyxZu8DnkhIu8tZlXZGrd8?authuser=1&amp;amp;fife=s16383" alt="سوق الحوت" loading="lazy" class="atlas-popup-image"&gt;&lt;/div&gt;&lt;div class="atlas-popup-details"&gt;&lt;div&gt;&lt;strong&gt;الاسم بالإنجليزية:&lt;/strong&gt; Souq EL hoot&lt;/div&gt;&lt;div&gt;&lt;strong&gt;التصنيف:&lt;/strong&gt; سوق&lt;/div&gt;&lt;div&gt;&lt;strong&gt;العنوان:&lt;/strong&gt; طرابلس/المدينة القديمة&lt;/div&gt;&lt;div&gt;&lt;strong&gt;الوصف:&lt;/strong&gt; سوق الحوت&lt;/div&gt;&lt;/div&gt;&lt;/div&gt;</description><ExtendedData><Data name="atlas_id"><value>LY-OLD-TRIPOLI-00119</value></Data><Data name="name_en"><value>Souq EL hoot</value></Data><Data name="category"><value>سوق</value></Data><Data name="address"><value>طرابلس/المدينة القديمة</value></Data><Data name="description"><value>سوق الحوت</value></Data><Data name="image_count"><value>1</value></Data><Data name="source_file"><value>المدينة القديمة _طرابلس.kml</value></Data><Data name="images_json"><value>["/assets/images/old-tripoli/old-tripoli-LY-OLD-TRIPOLI-00119-01.png"]</value></Data><Data name="atlas_id"><value>LY-OLD-TRIPOLI-00119</value></Data><Data name="image_count"><value>1</value></Data><Data name="source_file"><value>المدينة القديمة _طرابلس.kml</value></Data><Data name="images_json"><value>["/assets/images/old-tripoli/old-tripoli-LY-OLD-TRIPOLI-00119-01.png"]</value></Data><Data name="atlas_id"><value>LY-TRI-000119</value></Data><Data name="layer_id"><value>old-tripoli</value></Data><Data name="layer_name_ar"><value>المدينة القديمة طرابلس</value></Data><Data name="layer_name_en"><value>Old Tripoli</value></Data><Data name="name_ar"><value>سوق الحوت</value></Data><Data name="latitude"><value>32.893444</value></Data><Data name="longitude"><value>13.176242</value></Data><Data name="images_json"><value>["/assets/images/old-tripoli/old-tripoli-LY-OLD-TRIPOLI-00119-01.png"]</value></Data><Data name="image_count"><value>1</value></Data><Data name="source_file"><value>developed/old-tripoli-developed.kml</value></Data><Data name="source_placemark_index"><value>119</value></Data><Data name="data_quality_status"><value>ok</value></Data><Data name="source_media_url"><value>["https://mymaps.usercontent.google.com/hostedimage/m/*/3AAjQbR4gYuML4huq97Xr4l9RR6UxmRWGJueJ4xPI8d9klG5VQRWzN58N6ARrR_uqFyjm-0GLKY3AnWV5Ns33gwCxEWDk47dAX8xyc32PfEIAgtAnEaJ4TQtui5n6A6k8smINGvvG3S_8Oi28V-8a8MFKNpvFL8wxXCKlGh9Ptl52HuIoXYSp-vuQFWHm3hpYPJL53Gni3-YbuSzxmHnTmpINb04juDfyG1mAU_LPUOyxZu8DnkhIu8tZlXZGrd8?authuser=1&amp;fife=s16383"]</value></Data></ExtendedData><Point><coordinates>13.176242,32.893444,0</coordinates></Point></Placemark><Placemark><name>سوق القزدارة</name><description>&lt;div class="atlas-popup" dir="rtl"&gt;&lt;h3&gt;سوق القزدارة&lt;/h3&gt;&lt;div class="atlas-popup-gallery"&gt;&lt;img src="https://lh3.googleusercontent.com/umsh/AN6v0v67H2QVQk60JzjDOvjlN3O3cMHXjla-6hXFsuBljqe_x2vQgSNvD55qXdh7szpsk7yaYWHdOM0cK1I9qVglYBIvjN1EshSWCLhKmuZaklgjQYpeN-YKPY2k_mPT-osX0qx7DQX5Odv-dkNgAgsnEjTdu_muvZC6ujAXZkQ9yEppBYL1C6Dld4IoAqY3g_Mjd6Bj1qSqeNevXNsthqvjv1Nd4pnGuHvaTbMfAG4M-auKn_d0SHOFxzgRk8Lqy6C9gASal74xM_2qrJHj13H5VSWagGbmWBGaPhvnGaqihHtcImDz2R4GvQAfrMJG7O5yksY_zvbGWDHc7tLGZGRryR9-WIR_zfNpovL0g8CWCBgWPgPwzqCW6GMOupt-qyjk5vNOj546BHOoob7mf6q5fcrUkAMuf2SuqkbuHhk398qBpnX3LaUAlhdqxggiqmMjqlbz316no_qcCSXbCcTND58_oI19HNdcc03PiRnRd_oZHVn0ji_dqCiJQWE-3NCfE0t6SxfkGK3pIuZ2zE0GMtiCJU7KS-9ha0RQfS8qxfqy8UfYQZcMHnrxp2WyPqvSEJj19La2m1-pn8Vor6cwbcwSCDMkqMAzoEJ8kg8paYTt0ADJwgoMPVW88u5gTiSsy4AGdVSQxXfzcJI-LiPZmpVqLoo5I8k8xLKjIKvApWq2-LWZgBrh0tIf8lxCna39xnPFEWKyIII" alt="سوق القزدارة" loading="lazy" class="atlas-popup-image"&gt;&lt;img src="https://lh3.googleusercontent.com/umsh/AN6v0v4M2MYfbI6XsGzwLi3rWAtS5FZqrfZW1wuMdIWFXEBwkU3rm8gv2ijSNePdLM_WoRz0xMS-4Y0uwxTRe38qPJw-_lDKc3i0HywkI2_GMVg53lVk8S1YuHOaOHLJ5ga-cizckq3Ibm6CVIN7YZKBQOYJG5-4AxEXjzzBCCvotiQDzXusUaITUSrEFqbXMRwpSNV-c8wRj2ChoJ_xIS7MVXJmDxf29q6NYrGSRYq7c4Ruk_WAK2Nav7IOodtexbqawdsAV5LVketX46FYJpKIqzhRIpScfowc3BoPA_E_6xpni4vtPGC7tv4LRcsWiUJC2RR_qNVnYVjAIfigtxzh7Vp9A_gKfDBfOtDIpNJJQL43lAAkNiHogouDGK8j9qXiVSnfvS_h7WfBqob_SUb9L2l_UTCbecFNWFMdTpngjTKEDMRBa7MMiXJ83M8rl2cXi4H27nhV1yCwWLfeWk2Y_zdhvuPC5yt8M3B3Hbsq7sQsRYDDf4Z0fUq_9wC5VaiBVLwssZYDWB_SuwDVSf75bhT_fWZBJk1LzQLmrsMm4UcZM-LbK3Ez-uGEwXBq09SKWceoVyfZrvZa1R2TLEawycgeAujAE-MChcufRlPe1iiXTRBz6pcZiQrq8rupuctheH8jWvhOFvFyMRjzMv8IDJ3Q8ZzKt3K2emmMf2v9SsOxtWqKcz3FaasvN29wjqRhM0T07ulhsJ4" alt="سوق القزدارة" loading="lazy" class="atlas-popup-image"&gt;&lt;img src="https://lh3.googleusercontent.com/umsh/AN6v0v4M01Nb90FSUk8aeUhFf3P36Mka3-B_Y7eClH6rJnZNQgYRFdXs4JgQaI5Ais58EAw9kGqnrgHxEmzujThBzrl0hcQ3ENh4IH_Pp_t-EA8QVNovnmBB0BBb3wshyyPxeWkL3ZnE0iHp-7b9XJzwBnwnp-5ds2uIRp3fjAiQSBVjYi-2N49H3vkZiUkHxsvlEJ2deJwaJ4tpKN-MfK0rQQNaEpaTf2xFK8b9u1EGu2BqKAnnM3uB1a2f_mIea349Q-9DaGP77iqipS0rqV4Ccz_gMlR8Jepr6bx9hTxeXm3ApcXCIusZNSAMfKrxFeO-RbK86lbFIkchH43UhkaBgwgVlUaCxRBo5WLYvB_gAEGWuWJv3X7MivIrsa7h4VjIOoc3Nkl0uUq2xvUsMm_zWmX5d0L1mNuW5ejXr7HTUAQPN7XdRPL1LiJTI80erXBbECOSN82Uf5--gG3eW8V2605hcoOx558TkQb3PgFrcMWppCp469CXmJ7bk0rFFVmAbJAJqLb57OSvaOm10Zc7e-zeMI1cmBA4_ut6bBGw5VFmg-si3a7bfDHw7M9zPDEap9ZwNnjjMkDCSQv3z-vOEFQ1fzx2hfUE-hfCWuePnJTNi6Z8NQ19sZBu0GSZp3xYDDwMok5h95Q-ALqB47Mjso7IoTvux0Jmz23jsuNFk_J99HMXnqYHEVv2IGZ9ShGa62eRf2-VlZw" alt="سوق القزدارة" loading="lazy" class="atlas-popup-image"&gt;&lt;/div&gt;&lt;div class="atlas-popup-details"&gt;&lt;div&gt;&lt;strong&gt;الاسم بالإنجليزية:&lt;/strong&gt; Souq El Gezdara&lt;/div&gt;&lt;div&gt;&lt;strong&gt;التصنيف:&lt;/strong&gt; سوق عتيق&lt;/div&gt;&lt;div&gt;&lt;strong&gt;العنوان:&lt;/strong&gt; طرابلس/المدينة القديمة&lt;/div&gt;&lt;div&gt;&lt;strong&gt;الوصف:&lt;/strong&gt; سوق القزدارة&lt;/div&gt;&lt;/div&gt;&lt;/div&gt;</description><ExtendedData><Data name="atlas_id"><value>LY-OLD-TRIPOLI-00120</value></Data><Data name="name_en"><value>Souq El Gezdara</value></Data><Data name="category"><value>سوق عتيق</value></Data><Data name="address"><value>طرابلس/المدينة القديمة</value></Data><Data name="description"><value>سوق القزدارة</value></Data><Data name="image_count"><value>3</value></Data><Data name="source_file"><value>المدينة القديمة _طرابلس.kml</value></Data><Data name="images_json"><value>["/assets/images/old-tripoli/old-tripoli-LY-OLD-TRIPOLI-00120-01.png","/assets/images/old-tripoli/old-tripoli-LY-OLD-TRIPOLI-00120-02.png","/assets/images/old-tripoli/old-tripoli-LY-OLD-TRIPOLI-00120-03.png"]</value></Data><Data name="atlas_id"><value>LY-OLD-TRIPOLI-00120</value></Data><Data name="image_count"><value>3</value></Data><Data name="source_file"><value>المدينة القديمة _طرابلس.kml</value></Data><Data name="images_json"><value>["/assets/images/old-tripoli/old-tripoli-LY-OLD-TRIPOLI-00120-01.png","/assets/images/old-tripoli/old-tripoli-LY-OLD-TRIPOLI-00120-02.png","/assets/images/old-tripoli/old-tripoli-LY-OLD-TRIPOLI-00120-03.png"]</value></Data><Data name="atlas_id"><value>LY-TRI-000120</value></Data><Data name="layer_id"><value>old-tripoli</value></Data><Data name="layer_name_ar"><value>المدينة القديمة طرابلس</value></Data><Data name="layer_name_en"><value>Old Tripoli</value></Data><Data name="name_ar"><value>سوق القزدارة</value></Data><Data name="latitude"><value>32.896259</value></Data><Data name="longitude"><value>13.178975</value></Data><Data name="images_json"><value>["/assets/images/old-tripoli/old-tripoli-LY-OLD-TRIPOLI-00120-01.png","/assets/images/old-tripoli/old-tripoli-LY-OLD-TRIPOLI-00120-02.png","/assets/images/old-tripoli/old-tripoli-LY-OLD-TRIPOLI-00120-03.png"]</value></Data><Data name="image_count"><value>3</value></Data><Data name="source_file"><value>developed/old-tripoli-developed.kml</value></Data><Data name="source_placemark_index"><value>120</value></Data><Data name="data_quality_status"><value>ok</value></Data><Data name="source_media_url"><value>["https://lh3.googleusercontent.com/umsh/AN6v0v67H2QVQk60JzjDOvjlN3O3cMHXjla-6hXFsuBljqe_x2vQgSNvD55qXdh7szpsk7yaYWHdOM0cK1I9qVglYBIvjN1EshSWCLhKmuZaklgjQYpeN-YKPY2k_mPT-osX0qx7DQX5Odv-dkNgAgsnEjTdu_muvZC6ujAXZkQ9yEppBYL1C6Dld4IoAqY3g_Mjd6Bj1qSqeNevXNsthqvjv1Nd4pnGuHvaTbMfAG4M-auKn_d0SHOFxzgRk8Lqy6C9gASal74xM_2qrJHj13H5VSWagGbmWBGaPhvnGaqihHtcImDz2R4GvQAfrMJG7O5yksY_zvbGWDHc7tLGZGRryR9-WIR_zfNpovL0g8CWCBgWPgPwzqCW6GMOupt-qyjk5vNOj546BHOoob7mf6q5fcrUkAMuf2SuqkbuHhk398qBpnX3LaUAlhdqxggiqmMjqlbz316no_qcCSXbCcTND58_oI19HNdcc03PiRnRd_oZHVn0ji_dqCiJQWE-3NCfE0t6SxfkGK3pIuZ2zE0GMtiCJU7KS-9ha0RQfS8qxfqy8UfYQZcMHnrxp2WyPqvSEJj19La2m1-pn8Vor6cwbcwSCDMkqMAzoEJ8kg8paYTt0ADJwgoMPVW88u5gTiSsy4AGdVSQxXfzcJI-LiPZmpVqLoo5I8k8xLKjIKvApWq2-LWZgBrh0tIf8lxCna39xnPFEWKyIII","https://lh3.googleusercontent.com/umsh/AN6v0v4M2MYfbI6XsGzwLi3rWAtS5FZqrfZW1wuMdIWFXEBwkU3rm8gv2ijSNePdLM_WoRz0xMS-4Y0uwxTRe38qPJw-_lDKc3i0HywkI2_GMVg53lVk8S1YuHOaOHLJ5ga-cizckq3Ibm6CVIN7YZKBQOYJG5-4AxEXjzzBCCvotiQDzXusUaITUSrEFqbXMRwpSNV-c8wRj2ChoJ_xIS7MVXJmDxf29q6NYrGSRYq7c4Ruk_WAK2Nav7IOodtexbqawdsAV5LVketX46FYJpKIqzhRIpScfowc3BoPA_E_6xpni4vtPGC7tv4LRcsWiUJC2RR_qNVnYVjAIfigtxzh7Vp9A_gKfDBfOtDIpNJJQL43lAAkNiHogouDGK8j9qXiVSnfvS_h7WfBqob_SUb9L2l_UTCbecFNWFMdTpngjTKEDMRBa7MMiXJ83M8rl2cXi4H27nhV1yCwWLfeWk2Y_zdhvuPC5yt8M3B3Hbsq7sQsRYDDf4Z0fUq_9wC5VaiBVLwssZYDWB_SuwDVSf75bhT_fWZBJk1LzQLmrsMm4UcZM-LbK3Ez-uGEwXBq09SKWceoVyfZrvZa1R2TLEawycgeAujAE-MChcufRlPe1iiXTRBz6pcZiQrq8rupuctheH8jWvhOFvFyMRjzMv8IDJ3Q8ZzKt3K2emmMf2v9SsOxtWqKcz3FaasvN29wjqRhM0T07ulhsJ4","https://lh3.googleusercontent.com/umsh/AN6v0v4M01Nb90FSUk8aeUhFf3P36Mka3-B_Y7eClH6rJnZNQgYRFdXs4JgQaI5Ais58EAw9kGqnrgHxEmzujThBzrl0hcQ3ENh4IH_Pp_t-EA8QVNovnmBB0BBb3wshyyPxeWkL3ZnE0iHp-7b9XJzwBnwnp-5ds2uIRp3fjAiQSBVjYi-2N49H3vkZiUkHxsvlEJ2deJwaJ4tpKN-MfK0rQQNaEpaTf2xFK8b9u1EGu2BqKAnnM3uB1a2f_mIea349Q-9DaGP77iqipS0rqV4Ccz_gMlR8Jepr6bx9hTxeXm3ApcXCIusZNSAMfKrxFeO-RbK86lbFIkchH43UhkaBgwgVlUaCxRBo5WLYvB_gAEGWuWJv3X7MivIrsa7h4VjIOoc3Nkl0uUq2xvUsMm_zWmX5d0L1mNuW5ejXr7HTUAQPN7XdRPL1LiJTI80erXBbECOSN82Uf5--gG3eW8V2605hcoOx558TkQb3PgFrcMWppCp469CXmJ7bk0rFFVmAbJAJqLb57OSvaOm10Zc7e-zeMI1cmBA4_ut6bBGw5VFmg-si3a7bfDHw7M9zPDEap9ZwNnjjMkDCSQv3z-vOEFQ1fzx2hfUE-hfCWuePnJTNi6Z8NQ19sZBu0GSZp3xYDDwMok5h95Q-ALqB47Mjso7IoTvux0Jmz23jsuNFk_J99HMXnqYHEVv2IGZ9ShGa62eRf2-VlZw"]</value></Data></ExtendedData><Point><coordinates>13.178975,32.896259,0</coordinates></Point></Placemark><Placemark><name>سوق النسي</name><description>&lt;div class="atlas-popup" dir="rtl"&gt;&lt;h3&gt;سوق النسي&lt;/h3&gt;&lt;div class="atlas-popup-gallery"&gt;&lt;img src="https://mymaps.usercontent.google.com/hostedimage/m/*/3AAjQbR6LT24vot1Q1zNi7biU_1MIDa-K5uBVVuOStOiifHUo8U4eYglunkZNQqNjtgcyyYWy4-o2spfvlq-FeGAzWoHK53vmTWdygs9foF2ur9sDQikW6-foZzmdYvaVMeNZ0z-e1cgW5VLcnKAvwZsnqu2xHfYt9IT1Tp7oTKobP_-OKPIFOjzp6CDHtEmed7CP_mt33EVC7GCKoDC5WxwfA2IpbKgiJKnZqVjCnmpq0qZsZ7qGjYgx79bpU2E?authuser=1&amp;amp;fife=s16383" alt="سوق النسي" loading="lazy" class="atlas-popup-image"&gt;&lt;/div&gt;&lt;div class="atlas-popup-details"&gt;&lt;div&gt;&lt;strong&gt;الاسم بالإنجليزية:&lt;/strong&gt; Souq El N&amp;#x27;se&lt;/div&gt;&lt;div&gt;&lt;strong&gt;التصنيف:&lt;/strong&gt; زقاق من سوق الربع التاريخي&lt;/div&gt;&lt;div&gt;&lt;strong&gt;العنوان:&lt;/strong&gt; طرابلس/المدينة القديمة&lt;/div&gt;&lt;div&gt;&lt;strong&gt;الوصف:&lt;/strong&gt; سوق النسي&lt;/div&gt;&lt;/div&gt;&lt;/div&gt;</description><ExtendedData><Data name="atlas_id"><value>LY-OLD-TRIPOLI-00121</value></Data><Data name="name_en"><value>Souq El N'se</value></Data><Data name="category"><value>زقاق من سوق الربع التاريخي</value></Data><Data name="address"><value>طرابلس/المدينة القديمة</value></Data><Data name="description"><value>سوق النسي</value></Data><Data name="image_count"><value>1</value></Data><Data name="source_file"><value>المدينة القديمة _طرابلس.kml</value></Data><Data name="images_json"><value>["/assets/images/old-tripoli/old-tripoli-LY-OLD-TRIPOLI-00121-01.png"]</value></Data><Data name="atlas_id"><value>LY-OLD-TRIPOLI-00121</value></Data><Data name="image_count"><value>1</value></Data><Data name="source_file"><value>المدينة القديمة _طرابلس.kml</value></Data><Data name="images_json"><value>["/assets/images/old-tripoli/old-tripoli-LY-OLD-TRIPOLI-00121-01.png"]</value></Data><Data name="atlas_id"><value>LY-TRI-000121</value></Data><Data name="layer_id"><value>old-tripoli</value></Data><Data name="layer_name_ar"><value>المدينة القديمة طرابلس</value></Data><Data name="layer_name_en"><value>Old Tripoli</value></Data><Data name="name_ar"><value>سوق النسي</value></Data><Data name="latitude"><value>32.895014</value></Data><Data name="longitude"><value>13.179501</value></Data><Data name="images_json"><value>["/assets/images/old-tripoli/old-tripoli-LY-OLD-TRIPOLI-00121-01.png"]</value></Data><Data name="image_count"><value>1</value></Data><Data name="source_file"><value>developed/old-tripoli-developed.kml</value></Data><Data name="source_placemark_index"><value>121</value></Data><Data name="data_quality_status"><value>ok</value></Data><Data name="source_media_url"><value>["https://mymaps.usercontent.google.com/hostedimage/m/*/3AAjQbR6LT24vot1Q1zNi7biU_1MIDa-K5uBVVuOStOiifHUo8U4eYglunkZNQqNjtgcyyYWy4-o2spfvlq-FeGAzWoHK53vmTWdygs9foF2ur9sDQikW6-foZzmdYvaVMeNZ0z-e1cgW5VLcnKAvwZsnqu2xHfYt9IT1Tp7oTKobP_-OKPIFOjzp6CDHtEmed7CP_mt33EVC7GCKoDC5WxwfA2IpbKgiJKnZqVjCnmpq0qZsZ7qGjYgx79bpU2E?authuser=1&amp;fife=s16383"]</value></Data></ExtendedData><Point><coordinates>13.179501,32.895014,0</coordinates></Point></Placemark><Placemark><name>سوق الرباع</name><description>&lt;div class="atlas-popup" dir="rtl"&gt;&lt;h3&gt;سوق الرباع&lt;/h3&gt;&lt;div class="atlas-popup-gallery"&gt;&lt;img src="https://mymaps.usercontent.google.com/hostedimage/m/*/3AAjQbR7tuaqCIh0ErNPDeaA65GJAhk-DMQuG0rHrUVZBKEyqWPSp5kKSMhHTvUR7L4sH-7Z4cO8RFz0F3047LHXrs41VwG6lMMJkP8mX-qX0AsSSxBFmSXVpRws_zE2GHCFBoszp3yK_bmUPjJHcQ-hU44YL0Mu8K64rDAe59yFPxRPvMGG6eKvAX1DMQQ3HfaLGIFVlb9zX345cV3qfsA4R-Hk6Oe0J8JgncCbIy8GB1c6NBqTh7nTjLcJLiac?authuser=1&amp;amp;fife=s16383" alt="سوق الرباع" loading="lazy" class="atlas-popup-image"&gt;&lt;/div&gt;&lt;div class="atlas-popup-details"&gt;&lt;div&gt;&lt;strong&gt;الاسم بالإنجليزية:&lt;/strong&gt; Souq Alrubba&lt;/div&gt;&lt;div&gt;&lt;strong&gt;التصنيف:&lt;/strong&gt; مدينة قديمة&lt;/div&gt;&lt;div&gt;&lt;strong&gt;العنوان:&lt;/strong&gt; المدينة القديمة طرابلس&lt;/div&gt;&lt;div&gt;&lt;strong&gt;الوصف:&lt;/strong&gt; سوق الرباع&lt;/div&gt;&lt;/div&gt;&lt;/div&gt;</description><ExtendedData><Data name="atlas_id"><value>LY-OLD-TRIPOLI-00122</value></Data><Data name="name_en"><value>Souq Alrubba</value></Data><Data name="category"><value>مدينة قديمة</value></Data><Data name="address"><value>المدينة القديمة طرابلس</value></Data><Data name="description"><value>سوق الرباع</value></Data><Data name="image_count"><value>1</value></Data><Data name="source_file"><value>المدينة القديمة _طرابلس.kml</value></Data><Data name="images_json"><value>["/assets/images/old-tripoli/old-tripoli-LY-OLD-TRIPOLI-00122-01.png"]</value></Data><Data name="atlas_id"><value>LY-OLD-TRIPOLI-00122</value></Data><Data name="image_count"><value>1</value></Data><Data name="source_file"><value>المدينة القديمة _طرابلس.kml</value></Data><Data name="images_json"><value>["/assets/images/old-tripoli/old-tripoli-LY-OLD-TRIPOLI-00122-01.png"]</value></Data><Data name="atlas_id"><value>LY-TRI-000122</value></Data><Data name="layer_id"><value>old-tripoli</value></Data><Data name="layer_name_ar"><value>المدينة القديمة طرابلس</value></Data><Data name="layer_name_en"><value>Old Tripoli</value></Data><Data name="name_ar"><value>سوق الرباع</value></Data><Data name="latitude"><value>32.895728</value></Data><Data name="longitude"><value>13.179436</value></Data><Data name="images_json"><value>["/assets/images/old-tripoli/old-tripoli-LY-OLD-TRIPOLI-00122-01.png"]</value></Data><Data name="image_count"><value>1</value></Data><Data name="source_file"><value>developed/old-tripoli-developed.kml</value></Data><Data name="source_placemark_index"><value>122</value></Data><Data name="data_quality_status"><value>ok</value></Data><Data name="source_media_url"><value>["https://mymaps.usercontent.google.com/hostedimage/m/*/3AAjQbR7tuaqCIh0ErNPDeaA65GJAhk-DMQuG0rHrUVZBKEyqWPSp5kKSMhHTvUR7L4sH-7Z4cO8RFz0F3047LHXrs41VwG6lMMJkP8mX-qX0AsSSxBFmSXVpRws_zE2GHCFBoszp3yK_bmUPjJHcQ-hU44YL0Mu8K64rDAe59yFPxRPvMGG6eKvAX1DMQQ3HfaLGIFVlb9zX345cV3qfsA4R-Hk6Oe0J8JgncCbIy8GB1c6NBqTh7nTjLcJLiac?authuser=1&amp;fife=s16383"]</value></Data></ExtendedData><Point><coordinates>13.179436,32.895728,0</coordinates></Point></Placemark><Placemark><name>سوق المشير</name><description>&lt;div class="atlas-popup" dir="rtl"&gt;&lt;h3&gt;سوق المشير&lt;/h3&gt;&lt;div class="atlas-popup-gallery"&gt;&lt;img src="https://mymaps.usercontent.google.com/hostedimage/m/*/3AAjQbR6KyFl6oXzNflPlXB3ocEC2dh9AAuZuP3Qv16sS5wSDq4z3Wumo66gWWON6ZdsSPNOUoHcE7ZAF0OgdeXitCw4Ju29-mByRly-MWKEIdYErCXFK181IHEuEcxlAlyMPN-vQU31RmKCxWnDBQjZGayNUV2MBuD-q1ymCTmG8UKo71Lx6dxThZIJlUEme0-UWUfio1PvBpr0lOm8ubo33-nZDJLI4KTEvc5aq5rfoLjvaZOE-7Noy9C1RhAQ?authuser=1&amp;amp;fife=s16383" alt="سوق المشير" loading="lazy" class="atlas-popup-image"&gt;&lt;img src="https://mymaps.usercontent.google.com/hostedimage/m/*/3AAjQbR6Z4D2pvfBS8S7lLy2uOsIkw3DcfSLxJTR2eq_EtioA2V_Sqobl8KD2OCMQv0uLz5aivZkLw31730WRysKBn0z6-EJaQzNSEsLe1GUstEHBnJjpCBpFXiMFJevuDx8fSkfAjUq2x4kceUg6GSDZRLEcXsjTD-U-CAG9v8OpGV3o0sRXf9CfujKJKnZN7R_jY907JMy8giXDrz2pm1kQ4q5XflKuz9h-WRzHU0pStBQcwTyyUcOL8YtF4Ok?authuser=1&amp;amp;fife=s16383" alt="سوق المشير" loading="lazy" class="atlas-popup-image"&gt;&lt;/div&gt;&lt;div class="atlas-popup-details"&gt;&lt;div&gt;&lt;strong&gt;الاسم بالإنجليزية:&lt;/strong&gt; Souq Almusheer&lt;/div&gt;&lt;div&gt;&lt;strong&gt;التصنيف:&lt;/strong&gt; سوق&lt;/div&gt;&lt;div&gt;&lt;strong&gt;العنوان:&lt;/strong&gt; طرابلس/المدينة القديمة&lt;/div&gt;&lt;div&gt;&lt;strong&gt;الوصف:&lt;/strong&gt; سوق المشير&lt;/div&gt;&lt;/div&gt;&lt;/div&gt;</description><ExtendedData><Data name="atlas_id"><value>LY-OLD-TRIPOLI-00123</value></Data><Data name="name_en"><value>Souq Almusheer</value></Data><Data name="category"><value>سوق</value></Data><Data name="address"><value>طرابلس/المدينة القديمة</value></Data><Data name="description"><value>سوق المشير</value></Data><Data name="image_count"><value>2</value></Data><Data name="source_file"><value>المدينة القديمة _طرابلس.kml</value></Data><Data name="images_json"><value>["/assets/images/old-tripoli/old-tripoli-LY-OLD-TRIPOLI-00123-01.png","/assets/images/old-tripoli/old-tripoli-LY-OLD-TRIPOLI-00123-02.png"]</value></Data><Data name="atlas_id"><value>LY-OLD-TRIPOLI-00123</value></Data><Data name="image_count"><value>2</value></Data><Data name="source_file"><value>المدينة القديمة _طرابلس.kml</value></Data><Data name="images_json"><value>["/assets/images/old-tripoli/old-tripoli-LY-OLD-TRIPOLI-00123-01.png","/assets/images/old-tripoli/old-tripoli-LY-OLD-TRIPOLI-00123-02.png"]</value></Data><Data name="atlas_id"><value>LY-TRI-000123</value></Data><Data name="layer_id"><value>old-tripoli</value></Data><Data name="layer_name_ar"><value>المدينة القديمة طرابلس</value></Data><Data name="layer_name_en"><value>Old Tripoli</value></Data><Data name="name_ar"><value>سوق المشير</value></Data><Data name="latitude"><value>32.895264</value></Data><Data name="longitude"><value>13.179941</value></Data><Data name="images_json"><value>["/assets/images/old-tripoli/old-tripoli-LY-OLD-TRIPOLI-00123-01.png","/assets/images/old-tripoli/old-tripoli-LY-OLD-TRIPOLI-00123-02.png"]</value></Data><Data name="image_count"><value>2</value></Data><Data name="source_file"><value>developed/old-tripoli-developed.kml</value></Data><Data name="source_placemark_index"><value>123</value></Data><Data name="data_quality_status"><value>ok</value></Data><Data name="source_media_url"><value>["https://mymaps.usercontent.google.com/hostedimage/m/*/3AAjQbR6KyFl6oXzNflPlXB3ocEC2dh9AAuZuP3Qv16sS5wSDq4z3Wumo66gWWON6ZdsSPNOUoHcE7ZAF0OgdeXitCw4Ju29-mByRly-MWKEIdYErCXFK181IHEuEcxlAlyMPN-vQU31RmKCxWnDBQjZGayNUV2MBuD-q1ymCTmG8UKo71Lx6dxThZIJlUEme0-UWUfio1PvBpr0lOm8ubo33-nZDJLI4KTEvc5aq5rfoLjvaZOE-7Noy9C1RhAQ?authuser=1&amp;fife=s16383","https://mymaps.usercontent.google.com/hostedimage/m/*/3AAjQbR6Z4D2pvfBS8S7lLy2uOsIkw3DcfSLxJTR2eq_EtioA2V_Sqobl8KD2OCMQv0uLz5aivZkLw31730WRysKBn0z6-EJaQzNSEsLe1GUstEHBnJjpCBpFXiMFJevuDx8fSkfAjUq2x4kceUg6GSDZRLEcXsjTD-U-CAG9v8OpGV3o0sRXf9CfujKJKnZN7R_jY907JMy8giXDrz2pm1kQ4q5XflKuz9h-WRzHU0pStBQcwTyyUcOL8YtF4Ok?authuser=1&amp;fife=s16383"]</value></Data></ExtendedData><Point><coordinates>13.179941,32.895264,0</coordinates></Point></Placemark><Placemark><name>سوق الترك</name><description>&lt;div class="atlas-popup" dir="rtl"&gt;&lt;h3&gt;سوق الترك&lt;/h3&gt;&lt;div class="atlas-popup-gallery"&gt;&lt;img src="https://lh3.googleusercontent.com/umsh/AN6v0v5nu5fW551MZWhIRnuQyrHPnFqQTLwgz-H46g_FKnMs9oVQR4JAMiLPHaQ9JupuiZenH99YvfCeSbc4KauYtrdkjL4huslh3ypi_vgbvfbiJfdl7ydicraFU13pyKE5Y9fQULwe3jnNdTx4Fy6gLiVcoSXi93Lb_PuZFUzWOC_fTWvteCYzPfJRvuc55M2K6hrQ-fgoMKXB5gbYTAOvY2Ng4zvlhI2wgECfLWIwuKS3697528WQWj4prDJG6wVSrJOfMZV3vs2cwglRets31rf9dwDVDm29tmdgG4EQGElg1VCSUjVQpd8qFcPk2ft42pStRaj-6fUGlz9dIrbYklWVwe-3cjuhEZv1k6wggrnfu09H949RuzElkQDTxQpvloG1KpVlKLzXTnzEFP4P3kIvsEsIhAXagPr2cK8qOCZnvAAL6xWNuOX2WaqrhlXxTSswIC7hIubVUNzagf59_-TPyqGcH9ZQlNnnTwdwZMcye1qjVjLcOFSRKgSCgUOk61stdek4QcrQlW55FHrG_KeoYdbWtV5FRrfCPQHZmPD9KMZ6EPXsCwKR_OCYzwIApU0RPD8qAn850sLgNsl5PaIngewie4NF60L9u-RwZ9vPlDVyPz71aAJKbqpEPWnSKxHrdWlZPE3SWzyWNU7rJzwmnzxQ-iSlvhLfnJ5UNyRcuCqZ6_BIHCDTcmWTBzYbEYTkfrR0MA" alt="سوق الترك" loading="lazy" class="atlas-popup-image"&gt;&lt;img src="https://lh3.googleusercontent.com/umsh/AN6v0v4ChxN-Jmxj7x-br32qc_P3HtpgHxK8nQsMLGeBOvtnM4mw5OfPOVV3kGK4Y7IAx4x5zEbrQT8TxknR6CQ17IOEVtyt00CFufSgcbZ73IFHPZLsmF0Gex_HeFV0aQ10dLQ7zpPgaTAI2-KSEW-SOQ87NjQAHl_bP5f5vr0wNzsNml1q-7RsXNITwZXgAobc35Z7DAqrUd4D5KTu_VfI7byu7V7FwVGOzsML2-wqoeTri7a0dg6JJn3j-amYyFQCLQ22aw9arN_nucO6m5mH6dPY7LBCmR88646RzxQmBWrlRFlwXneSQrRlHcFtjnrZ6J70SdIC-SlolwX0_O2910MXl6uRh2vH59HNoq5YhJ4-lOU-_Uw0gE6_QYMYE8eNDIf_yEZF8WNWKnLbsAIik_KJXHQ23Wr0PQRzTFmbO98J-E_PJR1pVsStyE1qr1srUG5erFmYepX7VgW4H7nhCKlsqYpeuw_A3Ln7hii6Pno1Dtc-YvwwGuIb4qLTefLh1E7_dNDlH3BDccLPmVRoTErlU63Ij67PKHnmw6aJp7BxCxcykH3YJuXrTfaNQwOjZGSe0vmchrQl4YNtvnC96SdB_ylbQz2dBX7jnzuCz1sRph4w6K0j3SUUYKD07aGc_DNUSHtSCRznTCliSbrFO71htC14lc7wP4AzG5MxQbXRR3Gf-WL4bZWRmIHaOkNQpADa0yePWGY" alt="سوق الترك" loading="lazy" class="atlas-popup-image"&gt;&lt;/div&gt;&lt;div class="atlas-popup-details"&gt;&lt;div&gt;&lt;strong&gt;الاسم بالإنجليزية:&lt;/strong&gt; Souq Ettruk&lt;/div&gt;&lt;div&gt;&lt;strong&gt;التصنيف:&lt;/strong&gt; سوق قديم&lt;/div&gt;&lt;div&gt;&lt;strong&gt;العنوان:&lt;/strong&gt; طرابلس/المدينة القديمة&lt;/div&gt;&lt;div&gt;&lt;strong&gt;الوصف:&lt;/strong&gt; سوق الترك&lt;/div&gt;&lt;/div&gt;&lt;/div&gt;</description><ExtendedData><Data name="atlas_id"><value>LY-OLD-TRIPOLI-00124</value></Data><Data name="name_en"><value>Souq Ettruk</value></Data><Data name="category"><value>سوق قديم</value></Data><Data name="address"><value>طرابلس/المدينة القديمة</value></Data><Data name="description"><value>سوق الترك</value></Data><Data name="image_count"><value>2</value></Data><Data name="source_file"><value>المدينة القديمة _طرابلس.kml</value></Data><Data name="images_json"><value>["/assets/images/old-tripoli/old-tripoli-LY-OLD-TRIPOLI-00124-01.png","/assets/images/old-tripoli/old-tripoli-LY-OLD-TRIPOLI-00124-02.png"]</value></Data><Data name="atlas_id"><value>LY-OLD-TRIPOLI-00124</value></Data><Data name="image_count"><value>2</value></Data><Data name="source_file"><value>المدينة القديمة _طرابلس.kml</value></Data><Data name="images_json"><value>["/assets/images/old-tripoli/old-tripoli-LY-OLD-TRIPOLI-00124-01.png","/assets/images/old-tripoli/old-tripoli-LY-OLD-TRIPOLI-00124-02.png"]</value></Data><Data name="atlas_id"><value>LY-TRI-000124</value></Data><Data name="layer_id"><value>old-tripoli</value></Data><Data name="layer_name_ar"><value>المدينة القديمة طرابلس</value></Data><Data name="layer_name_en"><value>Old Tripoli</value></Data><Data name="name_ar"><value>سوق الترك</value></Data><Data name="latitude"><value>32.8967727</value></Data><Data name="longitude"><value>13.1783933</value></Data><Data name="images_json"><value>["/assets/images/old-tripoli/old-tripoli-LY-OLD-TRIPOLI-00124-01.png","/assets/images/old-tripoli/old-tripoli-LY-OLD-TRIPOLI-00124-02.png"]</value></Data><Data name="image_count"><value>2</value></Data><Data name="source_file"><value>developed/old-tripoli-developed.kml</value></Data><Data name="source_placemark_index"><value>124</value></Data><Data name="data_quality_status"><value>ok</value></Data><Data name="source_media_url"><value>["https://lh3.googleusercontent.com/umsh/AN6v0v5nu5fW551MZWhIRnuQyrHPnFqQTLwgz-H46g_FKnMs9oVQR4JAMiLPHaQ9JupuiZenH99YvfCeSbc4KauYtrdkjL4huslh3ypi_vgbvfbiJfdl7ydicraFU13pyKE5Y9fQULwe3jnNdTx4Fy6gLiVcoSXi93Lb_PuZFUzWOC_fTWvteCYzPfJRvuc55M2K6hrQ-fgoMKXB5gbYTAOvY2Ng4zvlhI2wgECfLWIwuKS3697528WQWj4prDJG6wVSrJOfMZV3vs2cwglRets31rf9dwDVDm29tmdgG4EQGElg1VCSUjVQpd8qFcPk2ft42pStRaj-6fUGlz9dIrbYklWVwe-3cjuhEZv1k6wggrnfu09H949RuzElkQDTxQpvloG1KpVlKLzXTnzEFP4P3kIvsEsIhAXagPr2cK8qOCZnvAAL6xWNuOX2WaqrhlXxTSswIC7hIubVUNzagf59_-TPyqGcH9ZQlNnnTwdwZMcye1qjVjLcOFSRKgSCgUOk61stdek4QcrQlW55FHrG_KeoYdbWtV5FRrfCPQHZmPD9KMZ6EPXsCwKR_OCYzwIApU0RPD8qAn850sLgNsl5PaIngewie4NF60L9u-RwZ9vPlDVyPz71aAJKbqpEPWnSKxHrdWlZPE3SWzyWNU7rJzwmnzxQ-iSlvhLfnJ5UNyRcuCqZ6_BIHCDTcmWTBzYbEYTkfrR0MA","https://lh3.googleusercontent.com/umsh/AN6v0v4ChxN-Jmxj7x-br32qc_P3HtpgHxK8nQsMLGeBOvtnM4mw5OfPOVV3kGK4Y7IAx4x5zEbrQT8TxknR6CQ17IOEVtyt00CFufSgcbZ73IFHPZLsmF0Gex_HeFV0aQ10dLQ7zpPgaTAI2-KSEW-SOQ87NjQAHl_bP5f5vr0wNzsNml1q-7RsXNITwZXgAobc35Z7DAqrUd4D5KTu_VfI7byu7V7FwVGOzsML2-wqoeTri7a0dg6JJn3j-amYyFQCLQ22aw9arN_nucO6m5mH6dPY7LBCmR88646RzxQmBWrlRFlwXneSQrRlHcFtjnrZ6J70SdIC-SlolwX0_O2910MXl6uRh2vH59HNoq5YhJ4-lOU-_Uw0gE6_QYMYE8eNDIf_yEZF8WNWKnLbsAIik_KJXHQ23Wr0PQRzTFmbO98J-E_PJR1pVsStyE1qr1srUG5erFmYepX7VgW4H7nhCKlsqYpeuw_A3Ln7hii6Pno1Dtc-YvwwGuIb4qLTefLh1E7_dNDlH3BDccLPmVRoTErlU63Ij67PKHnmw6aJp7BxCxcykH3YJuXrTfaNQwOjZGSe0vmchrQl4YNtvnC96SdB_ylbQz2dBX7jnzuCz1sRph4w6K0j3SUUYKD07aGc_DNUSHtSCRznTCliSbrFO71htC14lc7wP4AzG5MxQbXRR3Gf-WL4bZWRmIHaOkNQpADa0yePWGY"]</value></Data></ExtendedData><Point><coordinates>13.1783933,32.8967727,0</coordinates></Point></Placemark><Placemark><name>فندق الغدامسية</name><description>&lt;div class="atlas-popup" dir="rtl"&gt;&lt;h3&gt;فندق الغدامسية&lt;/h3&gt;&lt;div class="atlas-popup-gallery"&gt;&lt;img src="https://lh3.googleusercontent.com/umsh/AN6v0v7TaaBIluDDFzyaW3BtY2SJPTOIggi-pFTdWsDN5dKA17-xBs93uOqjpzXaR6TtiAxBHxYLkmUlhM3F3OPGUHtjw41JncHuipvCEuFxGvf2pkcUg9qY3szdnkS1pXZEjStjHUCZ9rRS4PxWmuY18dAHG9Ir2SQwAJ2xcWgDZQMcYOLctw2TKRygN52dH2S3Zhg1LgTs2joiGHE5lpKvd4sie9Iu1hc7Rb8-pEPEeLxjPrtGvtWRZFcMicWC8EZQUGfoKI8wMEC0hod6wbLp1BzVZIUMIbLTf2F2NRnypCh1chjtYXm8BuTrwWrWzb3ep2QDnyq7uHl4maoa9LnqEwcHP6fC_33QtwzHsj6_H03TuDf11FyB8d5F8icJvMTVANHBuL-RFSe8gguxNHjP3IHNqfIrKyxnSOlFU77nefrf8n-JigsZ_Kyut19k3w02wdb0ygChytUDc_5ZVN5dlYcitujWAy7A9uRDJT0zChVc1XLUb3OHUroP6sRafCRPxRWWt2ejyo6I4Vxu7c7JWAEr44XG-ogYl2Fy6mITtE7_zNDLggrPK-Z7KDXi_tuMIyob-n9Y1zdn-JxzArXxQyMkwQzmXx4T0Ra4OMi5oqoYvNLV_HENPnFKnZRmPJAzB78j2UgD6ojcuxQiwEYEIu0iaeH3kJWSRFYUDPjQvrviJFLmKiEvZdkJLv83v0san7bM5duYD88" alt="فندق الغدامسية" loading="lazy" class="atlas-popup-image"&gt;&lt;/div&gt;&lt;div class="atlas-popup-details"&gt;&lt;div&gt;&lt;strong&gt;الاسم بالإنجليزية:&lt;/strong&gt; Gdamsia Hotel&lt;/div&gt;&lt;div&gt;&lt;strong&gt;التصنيف:&lt;/strong&gt; تاريخي&lt;/div&gt;&lt;div&gt;&lt;strong&gt;العنوان:&lt;/strong&gt; طرابلس/المدينة القديمة&lt;/div&gt;&lt;div&gt;&lt;strong&gt;الوصف:&lt;/strong&gt; معلم تاريخي يقع في قلب المدينة القديمة بطرابلس، تحديداً في منطقة وسعاية الفنيدقة فندق الغدامسية&lt;/div&gt;&lt;/div&gt;&lt;/div&gt;</description><ExtendedData><Data name="atlas_id"><value>LY-OLD-TRIPOLI-00125</value></Data><Data name="name_en"><value>Gdamsia Hotel</value></Data><Data name="category"><value>تاريخي</value></Data><Data name="address"><value>طرابلس/المدينة القديمة</value></Data><Data name="description"><value>معلم تاريخي يقع في قلب المدينة القديمة بطرابلس، تحديداً في منطقة وسعاية الفنيدقة فندق الغدامسية</value></Data><Data name="image_count"><value>1</value></Data><Data name="source_file"><value>المدينة القديمة _طرابلس.kml</value></Data><Data name="images_json"><value>["/assets/images/old-tripoli/old-tripoli-LY-OLD-TRIPOLI-00125-01.png"]</value></Data><Data name="atlas_id"><value>LY-OLD-TRIPOLI-00125</value></Data><Data name="image_count"><value>1</value></Data><Data name="source_file"><value>المدينة القديمة _طرابلس.kml</value></Data><Data name="images_json"><value>["/assets/images/old-tripoli/old-tripoli-LY-OLD-TRIPOLI-00125-01.png"]</value></Data><Data name="atlas_id"><value>LY-TRI-000125</value></Data><Data name="layer_id"><value>old-tripoli</value></Data><Data name="layer_name_ar"><value>المدينة القديمة طرابلس</value></Data><Data name="layer_name_en"><value>Old Tripoli</value></Data><Data name="name_ar"><value>فندق الغدامسية</value></Data><Data name="latitude"><value>32.895484</value></Data><Data name="longitude"><value>13.178991</value></Data><Data name="images_json"><value>["/assets/images/old-tripoli/old-tripoli-LY-OLD-TRIPOLI-00125-01.png"]</value></Data><Data name="image_count"><value>1</value></Data><Data name="source_file"><value>developed/old-tripoli-developed.kml</value></Data><Data name="source_placemark_index"><value>125</value></Data><Data name="data_quality_status"><value>ok</value></Data><Data name="source_media_url"><value>["https://lh3.googleusercontent.com/umsh/AN6v0v7TaaBIluDDFzyaW3BtY2SJPTOIggi-pFTdWsDN5dKA17-xBs93uOqjpzXaR6TtiAxBHxYLkmUlhM3F3OPGUHtjw41JncHuipvCEuFxGvf2pkcUg9qY3szdnkS1pXZEjStjHUCZ9rRS4PxWmuY18dAHG9Ir2SQwAJ2xcWgDZQMcYOLctw2TKRygN52dH2S3Zhg1LgTs2joiGHE5lpKvd4sie9Iu1hc7Rb8-pEPEeLxjPrtGvtWRZFcMicWC8EZQUGfoKI8wMEC0hod6wbLp1BzVZIUMIbLTf2F2NRnypCh1chjtYXm8BuTrwWrWzb3ep2QDnyq7uHl4maoa9LnqEwcHP6fC_33QtwzHsj6_H03TuDf11FyB8d5F8icJvMTVANHBuL-RFSe8gguxNHjP3IHNqfIrKyxnSOlFU77nefrf8n-JigsZ_Kyut19k3w02wdb0ygChytUDc_5ZVN5dlYcitujWAy7A9uRDJT0zChVc1XLUb3OHUroP6sRafCRPxRWWt2ejyo6I4Vxu7c7JWAEr44XG-ogYl2Fy6mITtE7_zNDLggrPK-Z7KDXi_tuMIyob-n9Y1zdn-JxzArXxQyMkwQzmXx4T0Ra4OMi5oqoYvNLV_HENPnFKnZRmPJAzB78j2UgD6ojcuxQiwEYEIu0iaeH3kJWSRFYUDPjQvrviJFLmKiEvZdkJLv83v0san7bM5duYD88"]</value></Data></ExtendedData><Point><coordinates>13.178991,32.895484,0</coordinates></Point></Placemark><Placemark><name>فندق زميت الأثري</name><description>&lt;div class="atlas-popup" dir="rtl"&gt;&lt;h3&gt;فندق زميت الأثري&lt;/h3&gt;&lt;div class="atlas-popup-gallery"&gt;&lt;img src="https://mymaps.usercontent.google.com/hostedimage/m/*/3AAjQbR4gizkHleGpFSFlFLU9xrcihvmFJ4DAYdsRrDCFLRp6b7rDiB8IHYfErClB-TBNUWcbaF-ZFFjqSHIeCf02doC7WQ7Qu8gUtHBSL7NRCeSsRFk_o9iCC6oajs4g55O8agoc2H-vgqzGvE8tI1RMpARZiQWQVLkKq7Ts2j-MAL6M6tWZI80RhuwHwFdcHCtn-L2G4zQj43j_hB4iRYYrDGFC8azONv9tdxo0rAuabUtOE5hivcuEI0yeaNQ?authuser=1&amp;amp;fife=s16383" alt="فندق زميت الأثري" loading="lazy" class="atlas-popup-image"&gt;&lt;img src="https://mymaps.usercontent.google.com/hostedimage/m/*/3AAjQbR7BRRxD8Zn5D1zrZLrC7hpxjFFYZgTzJGKiHMS6vqsvuvqsUfTgBUGA8txtQuQcPS7oeWlTjUUBHdAEwLY8gX-eRMnH2zEesdSLdMbtslNJIXJrfuBvvdHxC6gPtCPRxnlhUUeaq39Uj-dbonNyhki_yV1Qaaq1unXy9qWmf9j-1QlvwzrIY310woCtq1JAjbigifZvL9jQAj1PqlN8rz1-YHNRFBbcB8f7WLPYE00N23zsiPbUK2wZlRE?authuser=1&amp;amp;fife=s16383" alt="فندق زميت الأثري" loading="lazy" class="atlas-popup-image"&gt;&lt;img src="https://mymaps.usercontent.google.com/hostedimage/m/*/3AAjQbR6dD7kSQla9_fFPeZPJkgJ1pfjXf2tzOPMf6xiCT69Zl2no-ZZMs0UBSBu0E5evr859k8jhQHRoZs-xBLiFLrEFsqTRMMvnL6j0TaEK8amh3dVt6RwW15QdLJmpcQTSQoCtKtXNOfdCvyapy15NKujJnsSgLRm6h9nK3rlIKIlGV0Gs380WD-XO7_9fH3SM5Wjv5YmIUTSHLk-Jl2oENDyvk0xsgc5c0YGnGhbXn3JaFIKZZRU-FhTVN4E?authuser=1&amp;amp;fife=s16383" alt="فندق زميت الأثري" loading="lazy" class="atlas-popup-image"&gt;&lt;/div&gt;&lt;div class="atlas-popup-details"&gt;&lt;div&gt;&lt;strong&gt;الاسم بالإنجليزية:&lt;/strong&gt; Zumit Archaeological Hotel&lt;/div&gt;&lt;div&gt;&lt;strong&gt;التصنيف:&lt;/strong&gt; تاريخي اثري معماري&lt;/div&gt;&lt;div&gt;&lt;strong&gt;العنوان:&lt;/strong&gt; شارع الحارة الكبير، طرابلس&lt;/div&gt;&lt;div&gt;&lt;strong&gt;الوصف:&lt;/strong&gt; أحد أبرز المعالم السياحية والتاريخية في قلب المدينة القديمة بالعاصمة الليبية طرابلس. يُصنف كفندق من فئة 4 نجوم ويتميز بطرازه المعماري الفريد المستوحى من عمارة حوض البحر الأبيض المتوسط والتفاصيل الأندلسية.&lt;/div&gt;&lt;/div&gt;&lt;/div&gt;</description><ExtendedData><Data name="atlas_id"><value>LY-OLD-TRIPOLI-00126</value></Data><Data name="name_en"><value>Zumit Archaeological Hotel</value></Data><Data name="category"><value>تاريخي اثري معماري</value></Data><Data name="address"><value>شارع الحارة الكبير، طرابلس</value></Data><Data name="description"><value>أحد أبرز المعالم السياحية والتاريخية في قلب المدينة القديمة بالعاصمة الليبية طرابلس. يُصنف كفندق من فئة 4 نجوم ويتميز بطرازه المعماري الفريد المستوحى من عمارة حوض البحر الأبيض المتوسط والتفاصيل الأندلسية.</value></Data><Data name="image_count"><value>3</value></Data><Data name="source_file"><value>المدينة القديمة _طرابلس.kml</value></Data><Data name="images_json"><value>["/assets/images/old-tripoli/old-tripoli-LY-OLD-TRIPOLI-00126-01.png","/assets/images/old-tripoli/old-tripoli-LY-OLD-TRIPOLI-00126-02.png","/assets/images/old-tripoli/old-tripoli-LY-OLD-TRIPOLI-00126-03.png"]</value></Data><Data name="atlas_id"><value>LY-OLD-TRIPOLI-00126</value></Data><Data name="image_count"><value>3</value></Data><Data name="source_file"><value>المدينة القديمة _طرابلس.kml</value></Data><Data name="images_json"><value>["/assets/images/old-tripoli/old-tripoli-LY-OLD-TRIPOLI-00126-01.png","/assets/images/old-tripoli/old-tripoli-LY-OLD-TRIPOLI-00126-02.png","/assets/images/old-tripoli/old-tripoli-LY-OLD-TRIPOLI-00126-03.png"]</value></Data><Data name="atlas_id"><value>LY-TRI-000126</value></Data><Data name="layer_id"><value>old-tripoli</value></Data><Data name="layer_name_ar"><value>المدينة القديمة طرابلس</value></Data><Data name="layer_name_en"><value>Old Tripoli</value></Data><Data name="name_ar"><value>فندق زميت الأثري</value></Data><Data name="latitude"><value>32.8995729</value></Data><Data name="longitude"><value>13.1757336</value></Data><Data name="images_json"><value>["/assets/images/old-tripoli/old-tripoli-LY-OLD-TRIPOLI-00126-01.png","/assets/images/old-tripoli/old-tripoli-LY-OLD-TRIPOLI-00126-02.png","/assets/images/old-tripoli/old-tripoli-LY-OLD-TRIPOLI-00126-03.png"]</value></Data><Data name="image_count"><value>3</value></Data><Data name="source_file"><value>developed/old-tripoli-developed.kml</value></Data><Data name="source_placemark_index"><value>126</value></Data><Data name="data_quality_status"><value>ok</value></Data><Data name="source_media_url"><value>["https://mymaps.usercontent.google.com/hostedimage/m/*/3AAjQbR4gizkHleGpFSFlFLU9xrcihvmFJ4DAYdsRrDCFLRp6b7rDiB8IHYfErClB-TBNUWcbaF-ZFFjqSHIeCf02doC7WQ7Qu8gUtHBSL7NRCeSsRFk_o9iCC6oajs4g55O8agoc2H-vgqzGvE8tI1RMpARZiQWQVLkKq7Ts2j-MAL6M6tWZI80RhuwHwFdcHCtn-L2G4zQj43j_hB4iRYYrDGFC8azONv9tdxo0rAuabUtOE5hivcuEI0yeaNQ?authuser=1&amp;fife=s16383","https://mymaps.usercontent.google.com/hostedimage/m/*/3AAjQbR7BRRxD8Zn5D1zrZLrC7hpxjFFYZgTzJGKiHMS6vqsvuvqsUfTgBUGA8txtQuQcPS7oeWlTjUUBHdAEwLY8gX-eRMnH2zEesdSLdMbtslNJIXJrfuBvvdHxC6gPtCPRxnlhUUeaq39Uj-dbonNyhki_yV1Qaaq1unXy9qWmf9j-1QlvwzrIY310woCtq1JAjbigifZvL9jQAj1PqlN8rz1-YHNRFBbcB8f7WLPYE00N23zsiPbUK2wZlRE?authuser=1&amp;fife=s16383","https://mymaps.usercontent.google.com/hostedimage/m/*/3AAjQbR6dD7kSQla9_fFPeZPJkgJ1pfjXf2tzOPMf6xiCT69Zl2no-ZZMs0UBSBu0E5evr859k8jhQHRoZs-xBLiFLrEFsqTRMMvnL6j0TaEK8amh3dVt6RwW15QdLJmpcQTSQoCtKtXNOfdCvyapy15NKujJnsSgLRm6h9nK3rlIKIlGV0Gs380WD-XO7_9fH3SM5Wjv5YmIUTSHLk-Jl2oENDyvk0xsgc5c0YGnGhbXn3JaFIKZZRU-FhTVN4E?authuser=1&amp;fife=s16383"]</value></Data></ExtendedData><Point><coordinates>13.1757336,32.8995729,0</coordinates></Point></Placemark><Placemark><name>فندق الزهر</name><description>&lt;div class="atlas-popup" dir="rtl"&gt;&lt;h3&gt;فندق الزهر&lt;/h3&gt;&lt;div class="atlas-popup-gallery"&gt;&lt;img src="https://lh3.googleusercontent.com/umsh/AN6v0v5XcXlZTa65_wHow7Eh7VjfLmVzVoB1GriLi5LCej-3kOnojydG0ohYzOVhhMLPneDl_RlGK0HOgFGZvbQ4ENF3Xh1eSWF6AQi8_bTt0SxVXKUlg5mFi5FhQk-7GeUrQE1NlWIq8o5Og5pgZMcoDfGSgtf1A9qICJzNzX1Dfg1AxHpf_9z7NLYeATliQLy7ENifUV8lzmyRpyxSSlzKknfU8mx-OxCDmHkUmTXkHEfxaIyxS_1jQufkL6fMOReWsUwIinyUuuiZf-5_LreMVPRGHDzGKTf1xqZh4T2q1818A1AKBFWIG3b04WMgRO1tvPxcTPYJXH-w0mu7mHuJZyKMlrrFn0Y_UBYUn4QjTmKzsNq2QIfZmkdRn7e6yYyZ07-MNgzog9SSrK1Clnv855ZGaXkvwAx5PWfGm7xWZEUu-ZcjXRdDJYGTXDYAmqoGaBjf1pQVnyhbM3cFSRbX-GL8k9m0z8akd2HwAhZIG9oO52NjW-SUdv6wImHp0GEj6aqnT7FCKrLNK8g56v-UoMzt2Nk831VDDLF0o8JAsDbq-fAMxaJMfg3qq7aQ7WleZhO2Q-IImizV6iNKhuX7ypZgx8ClRUNp2Hk9k6uXlYSts2a-VQTmVrxlUiYey6TZGK9OIFIKZPiHGOyXdluERAG9ksQtIdocSfY5Z7rQxSHZp71X9EWzOwd462Je1DYAT1nftiZZT8Q" alt="فندق الزهر" loading="lazy" class="atlas-popup-image"&gt;&lt;img src="https://lh3.googleusercontent.com/umsh/AN6v0v7lTRm5jX7KZmpCuHPXFyLxl6rV6ovpS_NBHE945bhi7UEqbpKL0FLnFQd6A9t02oMPXo3_iiBlFASLvm2Nle7eLj3QLEm3Le-1bfuI7zmLoH9zWqnknLShR00kyh2uxH5gzx5i9Gv30aYHb7G6h5q0yGm4nQ1CK_zvU7PeNAr9t1BBZZeYjn_BmCewI9ZIhiA6a7cBeFrKrHanc2jXsqcVOLfKW4W5arb7YG1mV-McTOIjd6DfUkQgKauNozE5mcxwA2ks8OiER5mT5bPjezWCSjH1Pc2ROI76WBq_AwOCXpsdqN2mhFmT56a8BJ7ZpKYmROFoFlEGY9CUwLJz25-yYwTqdhYkbRCuUT__1HYyrDERa6aJQIXo374qSNMy2E9Cs_2kkBKxIFOzZIkyqCJ98t543ah7MksK9pmNjsq8cwxTuNJnVKuHhN5EhilowHTJ2iv5vCLuEBHR__6QwEScAwzYBWRjJTHCf5aLGNFOKfLQb9bXlDUlQCKcsVBH2HrBnIqZ0myAkTZ8Idj_9TeYmyqXq_RxmLHAt75789zmxxWTIX4g7-1mdufVR1E1c_C1Wcmjc8NLSK16EjyFzQif_BFdjXGzMpWAccVATLesKRZaLB3oOQ8MhfIKiyvaJ6BiL1f-M-9-1y3zWf5zlUTmON4k_N4OEe0kC_SGNbxacwp2BGdPzPwB2HDpSbRW96VfHYjIcw" alt="فندق الزهر" loading="lazy" class="atlas-popup-image"&gt;&lt;/div&gt;&lt;div class="atlas-popup-details"&gt;&lt;div&gt;&lt;strong&gt;الاسم بالإنجليزية:&lt;/strong&gt; AL Zahr Hotel&lt;/div&gt;&lt;div&gt;&lt;strong&gt;التصنيف:&lt;/strong&gt; سوق شعبي&lt;/div&gt;&lt;div&gt;&lt;strong&gt;العنوان:&lt;/strong&gt; طرابلس/المدينة القديمة&lt;/div&gt;&lt;div&gt;&lt;strong&gt;الوصف:&lt;/strong&gt; فندق الزهر&lt;/div&gt;&lt;/div&gt;&lt;/div&gt;</description><ExtendedData><Data name="atlas_id"><value>LY-OLD-TRIPOLI-00127</value></Data><Data name="name_en"><value>AL Zahr Hotel</value></Data><Data name="category"><value>سوق شعبي</value></Data><Data name="address"><value>طرابلس/المدينة القديمة</value></Data><Data name="description"><value>فندق الزهر</value></Data><Data name="image_count"><value>2</value></Data><Data name="source_file"><value>المدينة القديمة _طرابلس.kml</value></Data><Data name="images_json"><value>["/assets/images/old-tripoli/old-tripoli-LY-OLD-TRIPOLI-00127-01.png","/assets/images/old-tripoli/old-tripoli-LY-OLD-TRIPOLI-00127-02.png"]</value></Data><Data name="atlas_id"><value>LY-OLD-TRIPOLI-00127</value></Data><Data name="image_count"><value>2</value></Data><Data name="source_file"><value>المدينة القديمة _طرابلس.kml</value></Data><Data name="images_json"><value>["/assets/images/old-tripoli/old-tripoli-LY-OLD-TRIPOLI-00127-01.png","/assets/images/old-tripoli/old-tripoli-LY-OLD-TRIPOLI-00127-02.png"]</value></Data><Data name="atlas_id"><value>LY-TRI-000127</value></Data><Data name="layer_id"><value>old-tripoli</value></Data><Data name="layer_name_ar"><value>المدينة القديمة طرابلس</value></Data><Data name="layer_name_en"><value>Old Tripoli</value></Data><Data name="name_ar"><value>فندق الزهر</value></Data><Data name="latitude"><value>32.896045</value></Data><Data name="longitude"><value>13.179106</value></Data><Data name="images_json"><value>["/assets/images/old-tripoli/old-tripoli-LY-OLD-TRIPOLI-00127-01.png","/assets/images/old-tripoli/old-tripoli-LY-OLD-TRIPOLI-00127-02.png"]</value></Data><Data name="image_count"><value>2</value></Data><Data name="source_file"><value>developed/old-tripoli-developed.kml</value></Data><Data name="source_placemark_index"><value>127</value></Data><Data name="data_quality_status"><value>ok</value></Data><Data name="source_media_url"><value>["https://lh3.googleusercontent.com/umsh/AN6v0v5XcXlZTa65_wHow7Eh7VjfLmVzVoB1GriLi5LCej-3kOnojydG0ohYzOVhhMLPneDl_RlGK0HOgFGZvbQ4ENF3Xh1eSWF6AQi8_bTt0SxVXKUlg5mFi5FhQk-7GeUrQE1NlWIq8o5Og5pgZMcoDfGSgtf1A9qICJzNzX1Dfg1AxHpf_9z7NLYeATliQLy7ENifUV8lzmyRpyxSSlzKknfU8mx-OxCDmHkUmTXkHEfxaIyxS_1jQufkL6fMOReWsUwIinyUuuiZf-5_LreMVPRGHDzGKTf1xqZh4T2q1818A1AKBFWIG3b04WMgRO1tvPxcTPYJXH-w0mu7mHuJZyKMlrrFn0Y_UBYUn4QjTmKzsNq2QIfZmkdRn7e6yYyZ07-MNgzog9SSrK1Clnv855ZGaXkvwAx5PWfGm7xWZEUu-ZcjXRdDJYGTXDYAmqoGaBjf1pQVnyhbM3cFSRbX-GL8k9m0z8akd2HwAhZIG9oO52NjW-SUdv6wImHp0GEj6aqnT7FCKrLNK8g56v-UoMzt2Nk831VDDLF0o8JAsDbq-fAMxaJMfg3qq7aQ7WleZhO2Q-IImizV6iNKhuX7ypZgx8ClRUNp2Hk9k6uXlYSts2a-VQTmVrxlUiYey6TZGK9OIFIKZPiHGOyXdluERAG9ksQtIdocSfY5Z7rQxSHZp71X9EWzOwd462Je1DYAT1nftiZZT8Q","https://lh3.googleusercontent.com/umsh/AN6v0v7lTRm5jX7KZmpCuHPXFyLxl6rV6ovpS_NBHE945bhi7UEqbpKL0FLnFQd6A9t02oMPXo3_iiBlFASLvm2Nle7eLj3QLEm3Le-1bfuI7zmLoH9zWqnknLShR00kyh2uxH5gzx5i9Gv30aYHb7G6h5q0yGm4nQ1CK_zvU7PeNAr9t1BBZZeYjn_BmCewI9ZIhiA6a7cBeFrKrHanc2jXsqcVOLfKW4W5arb7YG1mV-McTOIjd6DfUkQgKauNozE5mcxwA2ks8OiER5mT5bPjezWCSjH1Pc2ROI76WBq_AwOCXpsdqN2mhFmT56a8BJ7ZpKYmROFoFlEGY9CUwLJz25-yYwTqdhYkbRCuUT__1HYyrDERa6aJQIXo374qSNMy2E9Cs_2kkBKxIFOzZIkyqCJ98t543ah7MksK9pmNjsq8cwxTuNJnVKuHhN5EhilowHTJ2iv5vCLuEBHR__6QwEScAwzYBWRjJTHCf5aLGNFOKfLQb9bXlDUlQCKcsVBH2HrBnIqZ0myAkTZ8Idj_9TeYmyqXq_RxmLHAt75789zmxxWTIX4g7-1mdufVR1E1c_C1Wcmjc8NLSK16EjyFzQif_BFdjXGzMpWAccVATLesKRZaLB3oOQ8MhfIKiyvaJ6BiL1f-M-9-1y3zWf5zlUTmON4k_N4OEe0kC_SGNbxacwp2BGdPzPwB2HDpSbRW96VfHYjIcw"]</value></Data></ExtendedData><Point><coordinates>13.179106,32.896045,0</coordinates></Point></Placemark><Placemark><name>فندق الخان</name><description>&lt;div class="atlas-popup" dir="rtl"&gt;&lt;h3&gt;فندق الخان&lt;/h3&gt;&lt;div class="atlas-popup-gallery"&gt;&lt;img src="https://mymaps.usercontent.google.com/hostedimage/m/*/3AAjQbR7ljft7Me2oFANGDUo2W5QVhBRtr0wYvJIqcFYk0FEzv4YTTcRkEHpJCF2A29ZV1TcUcpWUKKkfLlWdbmJCD-VJ9pZbWyQ9bLHQ7xh9tBvAN-bNcinMUd10s4uKoPP7cZ1Q_rUqTran1n4PfX5LSCmjA8AhHPqm9GR84T_x960icqYCAh17SOTBAfrl7HbpZ6h1JESPlm_cthYikhpPA-0ZVKDCbjh1GrO43gT56CILG1RHIHEM9OeN2iI?authuser=1&amp;amp;fife=s16383" alt="فندق الخان" loading="lazy" class="atlas-popup-image"&gt;&lt;/div&gt;&lt;div class="atlas-popup-details"&gt;&lt;div&gt;&lt;strong&gt;الاسم بالإنجليزية:&lt;/strong&gt; El Khan Hotel)&lt;/div&gt;&lt;div&gt;&lt;strong&gt;التصنيف:&lt;/strong&gt; فندق عتيق تاريخي&lt;/div&gt;&lt;div&gt;&lt;strong&gt;العنوان:&lt;/strong&gt; طرابلس المدينة القديمةيقع في شارع أربعة عرصات بالمدينة القديمة، بالقرب من جامع المجيدية الشهير،&lt;/div&gt;&lt;div&gt;&lt;strong&gt;الوصف:&lt;/strong&gt; فندق&lt;/div&gt;&lt;/div&gt;&lt;/div&gt;</description><ExtendedData><Data name="atlas_id"><value>LY-OLD-TRIPOLI-00128</value></Data><Data name="name_en"><value>El Khan Hotel)</value></Data><Data name="category"><value>فندق عتيق تاريخي</value></Data><Data name="address"><value>طرابلس المدينة القديمةيقع في شارع أربعة عرصات بالمدينة القديمة، بالقرب من جامع المجيدية الشهير،</value></Data><Data name="description"><value>فندق</value></Data><Data name="image_count"><value>1</value></Data><Data name="source_file"><value>المدينة القديمة _طرابلس.kml</value></Data><Data name="images_json"><value>["/assets/images/old-tripoli/old-tripoli-LY-OLD-TRIPOLI-00128-01.png"]</value></Data><Data name="atlas_id"><value>LY-OLD-TRIPOLI-00128</value></Data><Data name="image_count"><value>1</value></Data><Data name="source_file"><value>المدينة القديمة _طرابلس.kml</value></Data><Data name="images_json"><value>["/assets/images/old-tripoli/old-tripoli-LY-OLD-TRIPOLI-00128-01.png"]</value></Data><Data name="atlas_id"><value>LY-TRI-000128</value></Data><Data name="layer_id"><value>old-tripoli</value></Data><Data name="layer_name_ar"><value>المدينة القديمة طرابلس</value></Data><Data name="layer_name_en"><value>Old Tripoli</value></Data><Data name="name_ar"><value>فندق الخان</value></Data><Data name="latitude"><value>32.8983275</value></Data><Data name="longitude"><value>13.1766138</value></Data><Data name="images_json"><value>["/assets/images/old-tripoli/old-tripoli-LY-OLD-TRIPOLI-00128-01.png"]</value></Data><Data name="image_count"><value>1</value></Data><Data name="source_file"><value>developed/old-tripoli-developed.kml</value></Data><Data name="source_placemark_index"><value>128</value></Data><Data name="data_quality_status"><value>ok</value></Data><Data name="source_media_url"><value>["https://mymaps.usercontent.google.com/hostedimage/m/*/3AAjQbR7ljft7Me2oFANGDUo2W5QVhBRtr0wYvJIqcFYk0FEzv4YTTcRkEHpJCF2A29ZV1TcUcpWUKKkfLlWdbmJCD-VJ9pZbWyQ9bLHQ7xh9tBvAN-bNcinMUd10s4uKoPP7cZ1Q_rUqTran1n4PfX5LSCmjA8AhHPqm9GR84T_x960icqYCAh17SOTBAfrl7HbpZ6h1JESPlm_cthYikhpPA-0ZVKDCbjh1GrO43gT56CILG1RHIHEM9OeN2iI?authuser=1&amp;fife=s16383"]</value></Data></ExtendedData><Point><coordinates>13.1766138,32.8983275,0</coordinates></Point></Placemark><Placemark><name>فندق ميزران</name><description>&lt;div class="atlas-popup" dir="rtl"&gt;&lt;h3&gt;فندق ميزران&lt;/h3&gt;&lt;div class="atlas-popup-gallery"&gt;&lt;img src="https://mymaps.usercontent.google.com/hostedimage/m/*/3AAjQbR4_9LD6Tivg_tKjTHfPhfhGKXTKkZS7m26hExg-BprBcxkuPvwoF2Qkc7cOPl1tWT6T8W-HXyKsNqTMjj9KLLDIypHgwdEC3OprXZE9HErqhAerfvRmA60F2tqWIRqvKtPUiYvatPLPI8vAkqBTk8liYgUA0kpqti4xJ2TYYOJdKB0oQIzRmgPqTuha1lPSRbXmW4vmZVGzgyB3072jL7rDHcTHXZu9-1GYeO10hTp0prmKiqW9k9JKo5c?authuser=1&amp;amp;fife=s16383" alt="فندق ميزران" loading="lazy" class="atlas-popup-image"&gt;&lt;img src="https://mymaps.usercontent.google.com/hostedimage/m/*/3AAjQbR6v-I2QwOWilFR8jyND430THUS33_OeovNX6e_YwIttFJtdRx9AjZcK1tnXwdT69p9uVUHWPezhJ-iVPYYqLmmJbpZaj1QPVMc5Pny9xiIIFHuSSRtVrFXeyC5tu4FDd27nxCXcNhJFYdsfZQDy-CBmbjVtAyZuz-AbmO8LVDYMETcgr_ZpuypVmZUPQykddx1WZVS8-mhFiB7j0x7_PxsTXO9cOYdfGfmobk1KxrI8R0Hnv7kdaytUpqs?authuser=1&amp;amp;fife=s16383" alt="فندق ميزران" loading="lazy" class="atlas-popup-image"&gt;&lt;img src="https://mymaps.usercontent.google.com/hostedimage/m/*/3AAjQbR6wDdlMzRi9VE3gX11MQhhySKHZ5L6WH9nkaRGOErjM4DMz19oo4t_D2WBj6A4m7ARCPWSkuyCqpm_-1RQ5nN6SeOZjzdezBQf39Dku5D-9TzaLYPsdmgD6d_mNR_UXBsObHBIFvJO3CND-7lMXF29iOM7qYKQFAyrciCX1uiL564yQZixFSz6zgm04jvDwm94ig5HaBzcdellrLR1JnUy8IcO2-gO6B0JYpoq8wNnMkbTqALGXP2x2F_c?authuser=1&amp;amp;fife=s16383" alt="فندق ميزران" loading="lazy" class="atlas-popup-image"&gt;&lt;img src="https://mymaps.usercontent.google.com/hostedimage/m/*/3AAjQbR6R7jwX-rK-Tf_m5AspvA-qxGtwhXdbTt17ulMckTATCbHcml8Ak_-q1H_y_YAZz7TDzOLMljHviKpVv5E1oHfmBQVsRy8_ENLZ2H8stRelSAGqc9nSpW5sfW9Dy2zeABBNZ4YcFrUBYpmzkikXzm6dE4X8thKPtooe3-NbEEkBzGCOSDzR0tT5g63Q-mbMETyqFUZDw2Csmjm2veVCeeFtso4bk2e40l4UiuEM7ha2NO-LwDNVl_jG1rQ?authuser=1&amp;amp;fife=s16383" alt="فندق ميزران" loading="lazy" class="atlas-popup-image"&gt;&lt;/div&gt;&lt;div class="atlas-popup-details"&gt;&lt;div&gt;&lt;strong&gt;الاسم بالإنجليزية:&lt;/strong&gt; Mizran Hotel&lt;/div&gt;&lt;div&gt;&lt;strong&gt;التصنيف:&lt;/strong&gt; فندق&lt;/div&gt;&lt;div&gt;&lt;strong&gt;العنوان:&lt;/strong&gt; طرابلس/المدينة القديمة&lt;/div&gt;&lt;div&gt;&lt;strong&gt;الوصف:&lt;/strong&gt; فندق ميزران&lt;/div&gt;&lt;/div&gt;&lt;/div&gt;</description><ExtendedData><Data name="atlas_id"><value>LY-OLD-TRIPOLI-00129</value></Data><Data name="name_en"><value>Mizran Hotel</value></Data><Data name="category"><value>فندق</value></Data><Data name="address"><value>طرابلس/المدينة القديمة</value></Data><Data name="description"><value>فندق ميزران</value></Data><Data name="image_count"><value>4</value></Data><Data name="source_file"><value>المدينة القديمة _طرابلس.kml</value></Data><Data name="images_json"><value>["/assets/images/old-tripoli/old-tripoli-LY-OLD-TRIPOLI-00129-01.png","/assets/images/old-tripoli/old-tripoli-LY-OLD-TRIPOLI-00129-02.png","/assets/images/old-tripoli/old-tripoli-LY-OLD-TRIPOLI-00129-03.png","/assets/images/old-tripoli/old-tripoli-LY-OLD-TRIPOLI-00129-04.png"]</value></Data><Data name="atlas_id"><value>LY-OLD-TRIPOLI-00129</value></Data><Data name="image_count"><value>4</value></Data><Data name="source_file"><value>المدينة القديمة _طرابلس.kml</value></Data><Data name="images_json"><value>["/assets/images/old-tripoli/old-tripoli-LY-OLD-TRIPOLI-00129-01.png","/assets/images/old-tripoli/old-tripoli-LY-OLD-TRIPOLI-00129-02.png","/assets/images/old-tripoli/old-tripoli-LY-OLD-TRIPOLI-00129-03.png","/assets/images/old-tripoli/old-tripoli-LY-OLD-TRIPOLI-00129-04.png"]</value></Data><Data name="atlas_id"><value>LY-TRI-000129</value></Data><Data name="layer_id"><value>old-tripoli</value></Data><Data name="layer_name_ar"><value>المدينة القديمة طرابلس</value></Data><Data name="layer_name_en"><value>Old Tripoli</value></Data><Data name="name_ar"><value>فندق ميزران</value></Data><Data name="latitude"><value>32.894669</value></Data><Data name="longitude"><value>13.178838</value></Data><Data name="images_json"><value>["/assets/images/old-tripoli/old-tripoli-LY-OLD-TRIPOLI-00129-01.png","/assets/images/old-tripoli/old-tripoli-LY-OLD-TRIPOLI-00129-02.png","/assets/images/old-tripoli/old-tripoli-LY-OLD-TRIPOLI-00129-03.png","/assets/images/old-tripoli/old-tripoli-LY-OLD-TRIPOLI-00129-04.png"]</value></Data><Data name="image_count"><value>4</value></Data><Data name="source_file"><value>developed/old-tripoli-developed.kml</value></Data><Data name="source_placemark_index"><value>129</value></Data><Data name="data_quality_status"><value>ok</value></Data><Data name="source_media_url"><value>["https://mymaps.usercontent.google.com/hostedimage/m/*/3AAjQbR4_9LD6Tivg_tKjTHfPhfhGKXTKkZS7m26hExg-BprBcxkuPvwoF2Qkc7cOPl1tWT6T8W-HXyKsNqTMjj9KLLDIypHgwdEC3OprXZE9HErqhAerfvRmA60F2tqWIRqvKtPUiYvatPLPI8vAkqBTk8liYgUA0kpqti4xJ2TYYOJdKB0oQIzRmgPqTuha1lPSRbXmW4vmZVGzgyB3072jL7rDHcTHXZu9-1GYeO10hTp0prmKiqW9k9JKo5c?authuser=1&amp;fife=s16383","https://mymaps.usercontent.google.com/hostedimage/m/*/3AAjQbR6v-I2QwOWilFR8jyND430THUS33_OeovNX6e_YwIttFJtdRx9AjZcK1tnXwdT69p9uVUHWPezhJ-iVPYYqLmmJbpZaj1QPVMc5Pny9xiIIFHuSSRtVrFXeyC5tu4FDd27nxCXcNhJFYdsfZQDy-CBmbjVtAyZuz-AbmO8LVDYMETcgr_ZpuypVmZUPQykddx1WZVS8-mhFiB7j0x7_PxsTXO9cOYdfGfmobk1KxrI8R0Hnv7kdaytUpqs?authuser=1&amp;fife=s16383","https://mymaps.usercontent.google.com/hostedimage/m/*/3AAjQbR6wDdlMzRi9VE3gX11MQhhySKHZ5L6WH9nkaRGOErjM4DMz19oo4t_D2WBj6A4m7ARCPWSkuyCqpm_-1RQ5nN6SeOZjzdezBQf39Dku5D-9TzaLYPsdmgD6d_mNR_UXBsObHBIFvJO3CND-7lMXF29iOM7qYKQFAyrciCX1uiL564yQZixFSz6zgm04jvDwm94ig5HaBzcdellrLR1JnUy8IcO2-gO6B0JYpoq8wNnMkbTqALGXP2x2F_c?authuser=1&amp;fife=s16383","https://mymaps.usercontent.google.com/hostedimage/m/*/3AAjQbR6R7jwX-rK-Tf_m5AspvA-qxGtwhXdbTt17ulMckTATCbHcml8Ak_-q1H_y_YAZz7TDzOLMljHviKpVv5E1oHfmBQVsRy8_ENLZ2H8stRelSAGqc9nSpW5sfW9Dy2zeABBNZ4YcFrUBYpmzkikXzm6dE4X8thKPtooe3-NbEEkBzGCOSDzR0tT5g63Q-mbMETyqFUZDw2Csmjm2veVCeeFtso4bk2e40l4UiuEM7ha2NO-LwDNVl_jG1rQ?authuser=1&amp;fife=s16383"]</value></Data></ExtendedData><Point><coordinates>13.178838,32.894669,0</coordinates></Point></Placemark><Placemark><name>فندق مادي الحسان</name><description>&lt;div class="atlas-popup" dir="rtl"&gt;&lt;h3&gt;فندق مادي الحسان&lt;/h3&gt;&lt;div class="atlas-popup-gallery"&gt;&lt;img src="https://mymaps.usercontent.google.com/hostedimage/m/*/3AAjQbR53W3ISQHke-ErjDBtoUG9M0dxCXE6vmt7Sq2iZ0AlA52K-qks36BKsXYgJQNnUkpUhL-EQlGQWTeeP_Q7QUHWwVoXcjmn8dYDDpT9_GH6YSawX_7AK7rs3Hy4j5wiQNz_lSz6HIK_7xyooUret9YP9u_wnM3qgf5ZSinCSgPLDP40eQab8mZ7o6Ec3m6NrA3aQOqQoQo_dx4o3SZ9YBD3ZYlNLyvW_2AOJcO6p0gd7-Hi9TNb2qLj-xZs?authuser=1&amp;amp;fife=s16383" alt="فندق مادي الحسان" loading="lazy" class="atlas-popup-image"&gt;&lt;img src="https://mymaps.usercontent.google.com/hostedimage/m/*/3AAjQbR4BtIhbpzKAU5_be16vWfBuDqPFJxgZWsrWGsFcOItjbVdgaejsaaDrqOIWGTYDRlX8m7k5BSw1rV5DjsBqN_DT-VYpUF5G8nxnhFiJgbTqGLIyQxOHLB9IVVoAdmhIMrUVwDpKdCJzFT4BJV9WhmuDfmTKtybXhICj5w-oQamh2cAp-ECD4YO8k6icHGrmxe01lidsgHsdviO_hELwAsPf4S9tLjc33tHhddel-4qJLSU7DDYiz_LFcbs?authuser=1&amp;amp;fife=s16383" alt="فندق مادي الحسان" loading="lazy" class="atlas-popup-image"&gt;&lt;img src="https://mymaps.usercontent.google.com/hostedimage/m/*/3AAjQbR6kqpK1AIWk7y18GbhAEIBJza2NZRmK9-ZitCaH4x7l3UzUwRDirdDzfnpHPeO29etpVFNJzMCavSxYWPRdJ1eymcAX2TY7LTaaIZSEnLFGnp8VoBQ5rEwkPREvRYN553IjaUtfN0WmABrSLZ7YZ7VHrI9PLpTrN18oQnRGW_vAPWLFRUriD_LH0IOdbkvXyRlvOdQ0Vf-NOJWe78y85JoHzUNL7vyk9Np5DGRgcGslr3LViuOzd4DRRh0?authuser=1&amp;amp;fife=s16383" alt="فندق مادي الحسان" loading="lazy" class="atlas-popup-image"&gt;&lt;/div&gt;&lt;div class="atlas-popup-details"&gt;&lt;div&gt;&lt;strong&gt;الاسم بالإنجليزية:&lt;/strong&gt; Madi Al Hassan Hotel&lt;/div&gt;&lt;div&gt;&lt;strong&gt;التصنيف:&lt;/strong&gt; فندق&lt;/div&gt;&lt;div&gt;&lt;strong&gt;العنوان:&lt;/strong&gt; طرابلس/المدينة القديمة&lt;/div&gt;&lt;div&gt;&lt;strong&gt;الوصف:&lt;/strong&gt; فندق مادي الحسان&lt;/div&gt;&lt;/div&gt;&lt;/div&gt;</description><ExtendedData><Data name="atlas_id"><value>LY-OLD-TRIPOLI-00130</value></Data><Data name="name_en"><value>Madi Al Hassan Hotel</value></Data><Data name="category"><value>فندق</value></Data><Data name="address"><value>طرابلس/المدينة القديمة</value></Data><Data name="description"><value>فندق مادي الحسان</value></Data><Data name="image_count"><value>3</value></Data><Data name="source_file"><value>المدينة القديمة _طرابلس.kml</value></Data><Data name="images_json"><value>["/assets/images/old-tripoli/old-tripoli-LY-OLD-TRIPOLI-00130-01.png","/assets/images/old-tripoli/old-tripoli-LY-OLD-TRIPOLI-00130-02.png","/assets/images/old-tripoli/old-tripoli-LY-OLD-TRIPOLI-00130-03.png"]</value></Data><Data name="atlas_id"><value>LY-OLD-TRIPOLI-00130</value></Data><Data name="image_count"><value>3</value></Data><Data name="source_file"><value>المدينة القديمة _طرابلس.kml</value></Data><Data name="images_json"><value>["/assets/images/old-tripoli/old-tripoli-LY-OLD-TRIPOLI-00130-01.png","/assets/images/old-tripoli/old-tripoli-LY-OLD-TRIPOLI-00130-02.png","/assets/images/old-tripoli/old-tripoli-LY-OLD-TRIPOLI-00130-03.png"]</value></Data><Data name="atlas_id"><value>LY-TRI-000130</value></Data><Data name="layer_id"><value>old-tripoli</value></Data><Data name="layer_name_ar"><value>المدينة القديمة طرابلس</value></Data><Data name="layer_name_en"><value>Old Tripoli</value></Data><Data name="name_ar"><value>فندق مادي الحسان</value></Data><Data name="latitude"><value>32.897349</value></Data><Data name="longitude"><value>13.178001</value></Data><Data name="images_json"><value>["/assets/images/old-tripoli/old-tripoli-LY-OLD-TRIPOLI-00130-01.png","/assets/images/old-tripoli/old-tripoli-LY-OLD-TRIPOLI-00130-02.png","/assets/images/old-tripoli/old-tripoli-LY-OLD-TRIPOLI-00130-03.png"]</value></Data><Data name="image_count"><value>3</value></Data><Data name="source_file"><value>developed/old-tripoli-developed.kml</value></Data><Data name="source_placemark_index"><value>130</value></Data><Data name="data_quality_status"><value>ok</value></Data><Data name="source_media_url"><value>["https://mymaps.usercontent.google.com/hostedimage/m/*/3AAjQbR53W3ISQHke-ErjDBtoUG9M0dxCXE6vmt7Sq2iZ0AlA52K-qks36BKsXYgJQNnUkpUhL-EQlGQWTeeP_Q7QUHWwVoXcjmn8dYDDpT9_GH6YSawX_7AK7rs3Hy4j5wiQNz_lSz6HIK_7xyooUret9YP9u_wnM3qgf5ZSinCSgPLDP40eQab8mZ7o6Ec3m6NrA3aQOqQoQo_dx4o3SZ9YBD3ZYlNLyvW_2AOJcO6p0gd7-Hi9TNb2qLj-xZs?authuser=1&amp;fife=s16383","https://mymaps.usercontent.google.com/hostedimage/m/*/3AAjQbR4BtIhbpzKAU5_be16vWfBuDqPFJxgZWsrWGsFcOItjbVdgaejsaaDrqOIWGTYDRlX8m7k5BSw1rV5DjsBqN_DT-VYpUF5G8nxnhFiJgbTqGLIyQxOHLB9IVVoAdmhIMrUVwDpKdCJzFT4BJV9WhmuDfmTKtybXhICj5w-oQamh2cAp-ECD4YO8k6icHGrmxe01lidsgHsdviO_hELwAsPf4S9tLjc33tHhddel-4qJLSU7DDYiz_LFcbs?authuser=1&amp;fife=s16383","https://mymaps.usercontent.google.com/hostedimage/m/*/3AAjQbR6kqpK1AIWk7y18GbhAEIBJza2NZRmK9-ZitCaH4x7l3UzUwRDirdDzfnpHPeO29etpVFNJzMCavSxYWPRdJ1eymcAX2TY7LTaaIZSEnLFGnp8VoBQ5rEwkPREvRYN553IjaUtfN0WmABrSLZ7YZ7VHrI9PLpTrN18oQnRGW_vAPWLFRUriD_LH0IOdbkvXyRlvOdQ0Vf-NOJWe78y85JoHzUNL7vyk9Np5DGRgcGslr3LViuOzd4DRRh0?authuser=1&amp;fife=s16383"]</value></Data></ExtendedData><Point><coordinates>13.178001,32.897349,0</coordinates></Point></Placemark><Placemark><name>فندق الحبروش للنسيج اليدوي والالي</name><description>&lt;div class="atlas-popup" dir="rtl"&gt;&lt;h3&gt;فندق الحبروش للنسيج اليدوي والالي&lt;/h3&gt;&lt;div class="atlas-popup-gallery"&gt;&lt;/div&gt;&lt;div class="atlas-popup-details"&gt;&lt;div&gt;&lt;strong&gt;الاسم بالإنجليزية:&lt;/strong&gt; Al-Habroush Hand and Machine Weaving Hotel&lt;/div&gt;&lt;div&gt;&lt;strong&gt;التصنيف:&lt;/strong&gt; معلم تاريخي حرفي&lt;/div&gt;&lt;div&gt;&lt;strong&gt;العنوان:&lt;/strong&gt; : المدينة القديمة، طرابلس، ليبيا&lt;/div&gt;&lt;div&gt;&lt;strong&gt;الوصف:&lt;/strong&gt; خان&lt;/div&gt;&lt;/div&gt;&lt;/div&gt;</description><ExtendedData><Data name="atlas_id"><value>LY-OLD-TRIPOLI-00131</value></Data><Data name="name_en"><value>Al-Habroush Hand and Machine Weaving Hotel</value></Data><Data name="category"><value>معلم تاريخي حرفي</value></Data><Data name="address"><value>: المدينة القديمة، طرابلس، ليبيا</value></Data><Data name="description"><value>خان</value></Data><Data name="image_count"><value>0</value></Data><Data name="source_file"><value>المدينة القديمة _طرابلس.kml</value></Data><Data name="images_json"><value>[]</value></Data><Data name="atlas_id"><value>LY-OLD-TRIPOLI-00131</value></Data><Data name="image_count"><value>0</value></Data><Data name="source_file"><value>المدينة القديمة _طرابلس.kml</value></Data><Data name="images_json"><value>[]</value></Data><Data name="atlas_id"><value>LY-TRI-000131</value></Data><Data name="layer_id"><value>old-tripoli</value></Data><Data name="layer_name_ar"><value>المدينة القديمة طرابلس</value></Data><Data name="layer_name_en"><value>Old Tripoli</value></Data><Data name="name_ar"><value>فندق الحبروش للنسيج اليدوي والالي</value></Data><Data name="latitude"><value>32.897757</value></Data><Data name="longitude"><value>13.175694</value></Data><Data name="images_json"><value>[]</value></Data><Data name="image_count"><value>0</value></Data><Data name="source_file"><value>developed/old-tripoli-developed.kml</value></Data><Data name="source_placemark_index"><value>131</value></Data><Data name="data_quality_status"><value>missing_media</value></Data></ExtendedData><Point><coordinates>13.175694,32.897757,0</coordinates></Point></Placemark><Placemark><name>فندق القرقني</name><description>&lt;div class="atlas-popup" dir="rtl"&gt;&lt;h3&gt;فندق القرقني&lt;/h3&gt;&lt;div class="atlas-popup-gallery"&gt;&lt;img src="https://mymaps.usercontent.google.com/hostedimage/m/*/3AAjQbR5sk1YXZUqxBQlww6supFnpSv6zpzPOXZatr_QCpIS4KGRbVWkqqRHquoA9-n4z7O9lQP4h2zH1LGer-6OLnshpCMF2vAAbLa44vpkgml-96WhxONzZ5AL5u8KO_XMk_0MLHXhj8poO0QQH-P7ML499g9OKJ0hqJ4C0A5YA7tB3k_viGtotAntfdrL8OyH2AMtEMsN2u2kdRr-wuztXYguAIOLvlqgDsrSKSdVRHdIU-0HQ9saDx-NgyKs?authuser=1&amp;amp;fife=s16383" alt="فندق القرقني" loading="lazy" class="atlas-popup-image"&gt;&lt;img src="https://mymaps.usercontent.google.com/hostedimage/m/*/3AAjQbR4A88CBvHvimBMpuJggCQBU6x02MWqE6xXZWu2pN7FKHXdKyuti4rT85OOaxtdQsG8i114qWDAGcy3AuHeupbJodhZBTbsqUSeh4uUfaMrM6K1nTkojtrJ7TlR67-tWuGeBXv-UU1YBnzmVpjDrI2-JseOGL0DC475780NzAeYSA4VBC3UCnBMQeMig9RvIwm5z1KRqG_m1bouUr3_xsgc5dEu1stdqW-ntG1YTT54F-Ty_WVeCgcNYcNE?authuser=1&amp;amp;fife=s16383" alt="فندق القرقني" loading="lazy" class="atlas-popup-image"&gt;&lt;/div&gt;&lt;div class="atlas-popup-details"&gt;&lt;div&gt;&lt;strong&gt;الاسم بالإنجليزية:&lt;/strong&gt; Gargni Hotel&lt;/div&gt;&lt;div&gt;&lt;strong&gt;التصنيف:&lt;/strong&gt; فندق&lt;/div&gt;&lt;div&gt;&lt;strong&gt;العنوان:&lt;/strong&gt; طرابلس/المدينة القديمة&lt;/div&gt;&lt;div&gt;&lt;strong&gt;الوصف:&lt;/strong&gt; فندق القرقني&lt;/div&gt;&lt;/div&gt;&lt;/div&gt;</description><ExtendedData><Data name="atlas_id"><value>LY-OLD-TRIPOLI-00132</value></Data><Data name="name_en"><value>Gargni Hotel</value></Data><Data name="category"><value>فندق</value></Data><Data name="address"><value>طرابلس/المدينة القديمة</value></Data><Data name="description"><value>فندق القرقني</value></Data><Data name="image_count"><value>2</value></Data><Data name="source_file"><value>المدينة القديمة _طرابلس.kml</value></Data><Data name="images_json"><value>["/assets/images/old-tripoli/old-tripoli-LY-OLD-TRIPOLI-00132-01.png","/assets/images/old-tripoli/old-tripoli-LY-OLD-TRIPOLI-00132-02.png"]</value></Data><Data name="atlas_id"><value>LY-OLD-TRIPOLI-00132</value></Data><Data name="image_count"><value>2</value></Data><Data name="source_file"><value>المدينة القديمة _طرابلس.kml</value></Data><Data name="images_json"><value>["/assets/images/old-tripoli/old-tripoli-LY-OLD-TRIPOLI-00132-01.png","/assets/images/old-tripoli/old-tripoli-LY-OLD-TRIPOLI-00132-02.png"]</value></Data><Data name="atlas_id"><value>LY-TRI-000132</value></Data><Data name="layer_id"><value>old-tripoli</value></Data><Data name="layer_name_ar"><value>المدينة القديمة طرابلس</value></Data><Data name="layer_name_en"><value>Old Tripoli</value></Data><Data name="name_ar"><value>فندق القرقني</value></Data><Data name="latitude"><value>32.894811</value></Data><Data name="longitude"><value>13.179232</value></Data><Data name="images_json"><value>["/assets/images/old-tripoli/old-tripoli-LY-OLD-TRIPOLI-00132-01.png","/assets/images/old-tripoli/old-tripoli-LY-OLD-TRIPOLI-00132-02.png"]</value></Data><Data name="image_count"><value>2</value></Data><Data name="source_file"><value>developed/old-tripoli-developed.kml</value></Data><Data name="source_placemark_index"><value>132</value></Data><Data name="data_quality_status"><value>ok</value></Data><Data name="source_media_url"><value>["https://mymaps.usercontent.google.com/hostedimage/m/*/3AAjQbR5sk1YXZUqxBQlww6supFnpSv6zpzPOXZatr_QCpIS4KGRbVWkqqRHquoA9-n4z7O9lQP4h2zH1LGer-6OLnshpCMF2vAAbLa44vpkgml-96WhxONzZ5AL5u8KO_XMk_0MLHXhj8poO0QQH-P7ML499g9OKJ0hqJ4C0A5YA7tB3k_viGtotAntfdrL8OyH2AMtEMsN2u2kdRr-wuztXYguAIOLvlqgDsrSKSdVRHdIU-0HQ9saDx-NgyKs?authuser=1&amp;fife=s16383","https://mymaps.usercontent.google.com/hostedimage/m/*/3AAjQbR4A88CBvHvimBMpuJggCQBU6x02MWqE6xXZWu2pN7FKHXdKyuti4rT85OOaxtdQsG8i114qWDAGcy3AuHeupbJodhZBTbsqUSeh4uUfaMrM6K1nTkojtrJ7TlR67-tWuGeBXv-UU1YBnzmVpjDrI2-JseOGL0DC475780NzAeYSA4VBC3UCnBMQeMig9RvIwm5z1KRqG_m1bouUr3_xsgc5dEu1stdqW-ntG1YTT54F-Ty_WVeCgcNYcNE?authuser=1&amp;fife=s16383"]</value></Data></ExtendedData><Point><coordinates>13.179232,32.894811,0</coordinates></Point></Placemark><Placemark><name>فندق إستراحة طرابلس المدينة</name><description>&lt;div class="atlas-popup" dir="rtl"&gt;&lt;h3&gt;فندق إستراحة طرابلس المدينة&lt;/h3&gt;&lt;div class="atlas-popup-gallery"&gt;&lt;/div&gt;&lt;div class="atlas-popup-details"&gt;&lt;div&gt;&lt;strong&gt;الاسم بالإنجليزية:&lt;/strong&gt; (Rest Tripoli City Hotel)&lt;/div&gt;&lt;div&gt;&lt;strong&gt;التصنيف:&lt;/strong&gt; مقهى&lt;/div&gt;&lt;div&gt;&lt;strong&gt;العنوان:&lt;/strong&gt; رمز الموقع المفتوح V5XH+958، طرابلس، ليبيا.&lt;/div&gt;&lt;div&gt;&lt;strong&gt;الوصف:&lt;/strong&gt; استراحة مطلة على البحر&lt;/div&gt;&lt;/div&gt;&lt;/div&gt;</description><ExtendedData><Data name="atlas_id"><value>LY-OLD-TRIPOLI-00133</value></Data><Data name="name_en"><value>(Rest Tripoli City Hotel)</value></Data><Data name="category"><value>مقهى</value></Data><Data name="address"><value>رمز الموقع المفتوح V5XH+958، طرابلس، ليبيا.</value></Data><Data name="description"><value>استراحة مطلة على البحر</value></Data><Data name="image_count"><value>0</value></Data><Data name="source_file"><value>المدينة القديمة _طرابلس.kml</value></Data><Data name="images_json"><value>[]</value></Data><Data name="atlas_id"><value>LY-OLD-TRIPOLI-00133</value></Data><Data name="image_count"><value>0</value></Data><Data name="source_file"><value>المدينة القديمة _طرابلس.kml</value></Data><Data name="images_json"><value>[]</value></Data><Data name="atlas_id"><value>LY-TRI-000133</value></Data><Data name="layer_id"><value>old-tripoli</value></Data><Data name="layer_name_ar"><value>المدينة القديمة طرابلس</value></Data><Data name="layer_name_en"><value>Old Tripoli</value></Data><Data name="name_ar"><value>فندق إستراحة طرابلس المدينة</value></Data><Data name="latitude"><value>32.8984188</value></Data><Data name="longitude"><value>13.1779621</value></Data><Data name="images_json"><value>[]</value></Data><Data name="image_count"><value>0</value></Data><Data name="source_file"><value>developed/old-tripoli-developed.kml</value></Data><Data name="source_placemark_index"><value>133</value></Data><Data name="data_quality_status"><value>missing_media</value></Data></ExtendedData><Point><coordinates>13.1779621,32.8984188,0</coordinates></Point></Placemark><Placemark><name>حمام درغوث الحمام الصغير</name><description>&lt;div class="atlas-popup" dir="rtl"&gt;&lt;h3&gt;حمام درغوث الحمام الصغير&lt;/h3&gt;&lt;div class="atlas-popup-gallery"&gt;&lt;img src="https://mymaps.usercontent.google.com/hostedimage/m/*/3AAjQbR6zTa0KB10zt-tGpjvGcdAz2o1NPW2qpQ6FU3gFGQwZlb7moxYJya1x-QbSxNR1QI8lvYWWjVzAxSrBxqT2DUc1VWq8tnseB8ZW0JjJwXpHlzgMtp4C41Ho0mm9hqqydYLVxXzhcnT09_VtHj9zgUEkAOytvstcogbf7yG2NDEVRx7tegsHqnvKMYVpBA4HIT2YioZoftz-xCuuNR2mCi61UtY0R48auAnFi6V6bTUBTPkIkqMLv9pvlow?authuser=1&amp;amp;fife=s16383" alt="حمام درغوث الحمام الصغير" loading="lazy" class="atlas-popup-image"&gt;&lt;img src="https://mymaps.usercontent.google.com/hostedimage/m/*/3AAjQbR6OhSzpR9kvkOVeq1JLw-4kFhSHn-3_qkXlaDub7GXIwQ8_kb_Y0hDuDWwQQ8hiRhSZVKBY3PVyqvhrmKj1ZwYYTMQnDDd2J6q61uAg7hXkeq1moTtSXgnc3QalMvpZPQzqwBJA9aHa0w0vtgBbmbEUm1Zw5GXMddeDnVTSgE9oCNGiUTlUc_RN3bR5rWn4U_6nILET1abVQ6iR1T4LNLZHfVbvyFLi1R0lFQwnrqdGV8FrqRqI_9Y5XOE?authuser=1&amp;amp;fife=s16383" alt="حمام درغوث الحمام الصغير" loading="lazy" class="atlas-popup-image"&gt;&lt;img src="https://mymaps.usercontent.google.com/hostedimage/m/*/3AAjQbR4vPN9jLOFAcDBbibQ_DBZg0sKMVgRhU2OiWqFqKxqd-q6WyCfJxLmqSrkwW7uODiunBn-W5NPXtneg-UricmsnSCwJ3VR6tJmYN9WwgsXJgMZBNHfYzuKKnpK8vG2WeI9LMD759MzbzHjVZPVaX8TQo3NWv-hAT8UdOEwaq2pk0siILSi4GKgxd_qzJpx9svtk4FCZhn-ncmhp6uuvGZpkNjNC7esdRmzuxAnwkKH577cETYu0wijHz30?authuser=1&amp;amp;fife=s16383" alt="حمام درغوث الحمام الصغير" loading="lazy" class="atlas-popup-image"&gt;&lt;/div&gt;&lt;div class="atlas-popup-details"&gt;&lt;div&gt;&lt;strong&gt;الاسم بالإنجليزية:&lt;/strong&gt; Hammam Turghut&lt;/div&gt;&lt;div&gt;&lt;strong&gt;التصنيف:&lt;/strong&gt; حمام&lt;/div&gt;&lt;div&gt;&lt;strong&gt;العنوان:&lt;/strong&gt; طرابلس/المدينة القديمة&lt;/div&gt;&lt;div&gt;&lt;strong&gt;الوصف:&lt;/strong&gt; حمام درغوث&lt;/div&gt;&lt;/div&gt;&lt;/div&gt;</description><ExtendedData><Data name="atlas_id"><value>LY-OLD-TRIPOLI-00134</value></Data><Data name="name_en"><value>Hammam Turghut</value></Data><Data name="category"><value>حمام</value></Data><Data name="address"><value>طرابلس/المدينة القديمة</value></Data><Data name="description"><value>حمام درغوث</value></Data><Data name="image_count"><value>3</value></Data><Data name="source_file"><value>المدينة القديمة _طرابلس.kml</value></Data><Data name="images_json"><value>["/assets/images/old-tripoli/old-tripoli-LY-OLD-TRIPOLI-00134-01.png","/assets/images/old-tripoli/old-tripoli-LY-OLD-TRIPOLI-00134-02.png","/assets/images/old-tripoli/old-tripoli-LY-OLD-TRIPOLI-00114-01.png"]</value></Data><Data name="atlas_id"><value>LY-OLD-TRIPOLI-00134</value></Data><Data name="image_count"><value>3</value></Data><Data name="source_file"><value>المدينة القديمة _طرابلس.kml</value></Data><Data name="images_json"><value>["/assets/images/old-tripoli/old-tripoli-LY-OLD-TRIPOLI-00134-01.png","/assets/images/old-tripoli/old-tripoli-LY-OLD-TRIPOLI-00134-02.png","/assets/images/old-tripoli/old-tripoli-LY-OLD-TRIPOLI-00114-01.png"]</value></Data><Data name="atlas_id"><value>LY-TRI-000134</value></Data><Data name="layer_id"><value>old-tripoli</value></Data><Data name="layer_name_ar"><value>المدينة القديمة طرابلس</value></Data><Data name="layer_name_en"><value>Old Tripoli</value></Data><Data name="name_ar"><value>حمام درغوث الحمام الصغير</value></Data><Data name="latitude"><value>32.8983288</value></Data><Data name="longitude"><value>13.1772236</value></Data><Data name="images_json"><value>["/assets/images/old-tripoli/old-tripoli-LY-OLD-TRIPOLI-00134-01.png","/assets/images/old-tripoli/old-tripoli-LY-OLD-TRIPOLI-00134-02.png","/assets/images/old-tripoli/old-tripoli-LY-OLD-TRIPOLI-00114-01.png"]</value></Data><Data name="image_count"><value>3</value></Data><Data name="source_file"><value>developed/old-tripoli-developed.kml</value></Data><Data name="source_placemark_index"><value>134</value></Data><Data name="data_quality_status"><value>ok</value></Data><Data name="source_media_url"><value>["https://mymaps.usercontent.google.com/hostedimage/m/*/3AAjQbR6zTa0KB10zt-tGpjvGcdAz2o1NPW2qpQ6FU3gFGQwZlb7moxYJya1x-QbSxNR1QI8lvYWWjVzAxSrBxqT2DUc1VWq8tnseB8ZW0JjJwXpHlzgMtp4C41Ho0mm9hqqydYLVxXzhcnT09_VtHj9zgUEkAOytvstcogbf7yG2NDEVRx7tegsHqnvKMYVpBA4HIT2YioZoftz-xCuuNR2mCi61UtY0R48auAnFi6V6bTUBTPkIkqMLv9pvlow?authuser=1&amp;fife=s16383","https://mymaps.usercontent.google.com/hostedimage/m/*/3AAjQbR6OhSzpR9kvkOVeq1JLw-4kFhSHn-3_qkXlaDub7GXIwQ8_kb_Y0hDuDWwQQ8hiRhSZVKBY3PVyqvhrmKj1ZwYYTMQnDDd2J6q61uAg7hXkeq1moTtSXgnc3QalMvpZPQzqwBJA9aHa0w0vtgBbmbEUm1Zw5GXMddeDnVTSgE9oCNGiUTlUc_RN3bR5rWn4U_6nILET1abVQ6iR1T4LNLZHfVbvyFLi1R0lFQwnrqdGV8FrqRqI_9Y5XOE?authuser=1&amp;fife=s16383","https://mymaps.usercontent.google.com/hostedimage/m/*/3AAjQbR4vPN9jLOFAcDBbibQ_DBZg0sKMVgRhU2OiWqFqKxqd-q6WyCfJxLmqSrkwW7uODiunBn-W5NPXtneg-UricmsnSCwJ3VR6tJmYN9WwgsXJgMZBNHfYzuKKnpK8vG2WeI9LMD759MzbzHjVZPVaX8TQo3NWv-hAT8UdOEwaq2pk0siILSi4GKgxd_qzJpx9svtk4FCZhn-ncmhp6uuvGZpkNjNC7esdRmzuxAnwkKH577cETYu0wijHz30?authuser=1&amp;fife=s16383"]</value></Data></ExtendedData><Point><coordinates>13.1772236,32.8983288,0</coordinates></Point></Placemark><Placemark><name>حمام النساء_حمام الحلقة</name><description>&lt;div class="atlas-popup" dir="rtl"&gt;&lt;h3&gt;حمام النساء_حمام الحلقة&lt;/h3&gt;&lt;div class="atlas-popup-gallery"&gt;&lt;/div&gt;&lt;div class="atlas-popup-details"&gt;&lt;div&gt;&lt;strong&gt;الاسم بالإنجليزية:&lt;/strong&gt; Hammam Ennse&lt;/div&gt;&lt;div&gt;&lt;strong&gt;التصنيف:&lt;/strong&gt; حمام نساء&lt;/div&gt;&lt;div&gt;&lt;strong&gt;العنوان:&lt;/strong&gt; يقع الحمام في زنقة النساء (المعروفة بزنقة النَسي).&lt;/div&gt;&lt;div&gt;&lt;strong&gt;الوصف:&lt;/strong&gt; حمام النساء&lt;/div&gt;&lt;/div&gt;&lt;/div&gt;</description><ExtendedData><Data name="atlas_id"><value>LY-OLD-TRIPOLI-00135</value></Data><Data name="name_en"><value>Hammam Ennse</value></Data><Data name="category"><value>حمام نساء</value></Data><Data name="address"><value>يقع الحمام في زنقة النساء (المعروفة بزنقة النَسي).</value></Data><Data name="description"><value>حمام النساء</value></Data><Data name="image_count"><value>0</value></Data><Data name="source_file"><value>المدينة القديمة _طرابلس.kml</value></Data><Data name="images_json"><value>[]</value></Data><Data name="atlas_id"><value>LY-OLD-TRIPOLI-00135</value></Data><Data name="image_count"><value>0</value></Data><Data name="source_file"><value>المدينة القديمة _طرابلس.kml</value></Data><Data name="images_json"><value>[]</value></Data><Data name="atlas_id"><value>LY-TRI-000135</value></Data><Data name="layer_id"><value>old-tripoli</value></Data><Data name="layer_name_ar"><value>المدينة القديمة طرابلس</value></Data><Data name="layer_name_en"><value>Old Tripoli</value></Data><Data name="name_ar"><value>حمام النساء_حمام الحلقة</value></Data><Data name="latitude"><value>32.894901</value></Data><Data name="longitude"><value>13.178355</value></Data><Data name="images_json"><value>[]</value></Data><Data name="image_count"><value>0</value></Data><Data name="source_file"><value>developed/old-tripoli-developed.kml</value></Data><Data name="source_placemark_index"><value>135</value></Data><Data name="data_quality_status"><value>missing_media</value></Data></ExtendedData><Point><coordinates>13.178355,32.894901,0</coordinates></Point></Placemark></Document></kml>