feature_id,layer_id,name_ar,name_en,facility_type_code,investment_type_code,geometry_type,city_ar,municipality_ar,longitude,latitude,data_quality_status,data_review_status,source,id_status
LY-HOT-000001,hotels,فندق كورنثيا,Corinthia Tripoli,hotel,,Point,طرابلس - طريق الكورنيش,طرابلس - طريق الكورنيش,13.170402,32.89692,high,integrated,Ministry hotels team KML update,valid
LY-HOT-000002,hotels,فندق بينثابوليس,PentaPolis Hotel,hotel,,Point,شارع العروبة,شارع العروبة,21.760411,32.76474,high,integrated,Ministry hotels team KML update,valid
LY-HOT-000003,hotels,فندق جوهرة الواحة,Jawharat Al Wahah Hotel),hostel,,Point,غدامس,غدامس,9.5073294,30.1414398,high,integrated,Ministry hotels team KML update,valid
LY-HOT-000004,hotels,فندق تبرس,Tibrasti Hotel,hostel,,Point,كاباو,كاباو,11.327179,31.777558,high,integrated,Ministry hotels team KML update,valid
LY-HOT-000005,hotels,منتجع شحات السياحي,Shahat Tourist Resort,resort,,Point,شحات,شحات,21.87935,32.82451,high,integrated,Ministry hotels team KML update,valid
LY-HOT-000006,hotels,فندق المنارة,Al Manara Tourist Hotel,hotel,,Point,سوسة,سوسة,21.964767,32.900626,high,integrated,Ministry hotels team KML update,valid
LY-HOT-000007,hotels,فندق لؤلؤة الخليج,Gulf Pearl Hotel,hostel,,Point,"يقع الفندق في منطقة حيوية بالقرب من ""المنفذ/مفوز الحرية"" وبجوار مسجد مكة. البيضاء ليبيا شارع العروبة","يقع الفندق في منطقة حيوية بالقرب من ""المنفذ/مفوز الحرية"" وبجوار مسجد مكة. البيضاء ليبيا شارع العروبة",21.77744,32.76469,high,integrated,Ministry hotels team KML update,valid
LY-HOT-000008,hotels,فندق التلال الوسيطة البيضاء,Al Telal Al Waseeta Hotel,resort,,Point,شارع عمر المختار- الوسيطة,شارع عمر المختار- الوسيطة,21.733303,32.793224,high,integrated,Ministry hotels team KML update,valid
LY-HOT-000009,hotels,العنود للشقق الفندقية,Alanoud Hotel Apartments,hotel,,Point,البيضاء ليبيا شارع طه حسين,البيضاء ليبيا شارع طه حسين,21.7417,32.7664,high,integrated,Ministry hotels team KML update,valid
LY-HOT-000010,hotels,فندق الثريا,Al-Thuraya Tourist Hotel,hotel,,Point,"مقابل الادارة العامة للادارة المصارف التجارية, Al-Baida, Libya,","مقابل الادارة العامة للادارة المصارف التجارية, Al-Baida, Libya,",21.75694,32.764375,high,integrated,Ministry hotels team KML update,valid
LY-HOT-000011,hotels,منتجع الينابيع السياحي,Al-YanaBeaa Tourist Resort,resort,,Point,درنة ليبيا,درنة ليبيا,22.19025,32.8815,high,integrated,Ministry hotels team KML update,valid
LY-HOT-000012,hotels,فندق برقة,(Barqa Tourist Hotel,hotel,,Point,"Al Bayda, Libya, https://ly.arabplaces.com/jabal-al- مقابل من مصرف تجاري الوطني ادارة المصارف, Al Bayda', Libya akhdar/63682","Al Bayda, Libya, https://ly.arabplaces.com/jabal-al- مقابل من مصرف تجاري الوطني ادارة المصارف, Al Bayda', Libya akhdar/63682",21.756955,32.765259,high,integrated,Ministry hotels team KML update,valid
LY-HOT-000013,hotels,فندق الهديل,Al Hadeel Hotel,hostel,,Point,"شارع القهاوي خلف مصرف الجمهورية , Al Bayda', Libya","شارع القهاوي خلف مصرف الجمهورية , Al Bayda', Libya",21.754296,32.763233,high,integrated,Ministry hotels team KML update,valid
LY-HOT-000014,hotels,فندق بن يدر,Ben Yedder Hotel),hotel,,Point,غدامس,غدامس,9.5108003,30.1222996,high,integrated,Ministry hotels team KML update,valid
LY-HOT-000015,hotels,فندق نجوم غدامس,Nojoom Ghadames Hotel,hotel,,Point,غدامس,غدامس,9.3918572,30.1874247,high,integrated,Ministry hotels team KML update,valid
LY-HOT-000016,hotels,فندق باب الفتح,Hotel bab al fatah,hostel,,Point,ليبيا غدامس,ليبيا غدامس,9.1691024,30.0869095,high,integrated,Ministry hotels team KML update,valid
LY-HOT-000017,hotels,فندق فكتوريا,Victoria Hotel),hotel,,Point,شارع الظهرة الكبيرة,شارع الظهرة الكبيرة,13.194387,32.891366,high,integrated,Ministry hotels team KML update,valid
LY-HOT-000018,hotels,فندق الطاووس,Peacock Hotel And Resort,hostel,,Point,تاجوراء - الساحلي,تاجوراء - الساحلي,13.317541,32.873784,high,integrated,Ministry hotels team KML update,valid
LY-HOT-000019,hotels,فندق الودان,Al Waddan Hotel,hotel,,Point,شارع سيدي عيسى - الظهرة,شارع سيدي عيسى - الظهرة,13.1908995,32.8926825,high,integrated,Ministry hotels team KML update,valid
LY-HOT-000020,hotels,فندق دار السلام ( المسيرة سابقا ),Dar El Salam Hotel,hotel,,Point,الشارع الرئيسي: طريق بنغازي (الطريق الساحلي).المدينة: طبرق، ليبيا.Map data ©2026 Terms200 m,الشارع الرئيسي: طريق بنغازي (الطريق الساحلي).المدينة: طبرق، ليبيا.Map data ©2026 Terms200 m,23.968133,32.073038,high,integrated,Ministry hotels team KML update,valid
LY-HOT-000021,hotels,فندق سان جورج,St. George Hotel Tobruk),hotel,,Point,"مقابل ميناء طبرق البحري, Tobruk, Libya","مقابل ميناء طبرق البحري, Tobruk, Libya",23.973432,32.079853,high,integrated,Ministry hotels team KML update,valid
LY-HOT-000022,hotels,فندق الحسنين الكبير,ALhasanin Grand Hotel,hostel,,Point,الخمس,الخمس,14.2378814,32.6436711,high,integrated,Ministry hotels team KML update,valid
LY-HOT-000023,hotels,بيوت الشباب,Libyan Youth Hostels Association,hostel,,Point,"شحات - خلف مديرية أمن شحات, Shahhat, Libya شحات","شحات - خلف مديرية أمن شحات, Shahhat, Libya شحات",21.863206,32.812983,high,integrated,Ministry hotels team KML update,valid
LY-HOT-000024,hotels,فندق بلاغراي السياحي ( التلال سابقا ),Balagrae Tourist,hostel,,Point,يقع على يمين الطريق المؤدي غرباً للادارة العامة لجامعة عمر المختاربجوار السكن الجامعي، البيضاء ليبيا,يقع على يمين الطريق المؤدي غرباً للادارة العامة لجامعة عمر المختاربجوار السكن الجامعي، البيضاء ليبيا,21.717713,32.761737,high,integrated,Ministry hotels team KML update,valid
LY-HOT-000025,hotels,منتجع ايميليا,Emilia Tourist Resort,resort,,Point,يقع المنتجع مباشرة على شاطئ بحر مدينة درنة بالقرب من ملعب درنة البلدي.درنة,يقع المنتجع مباشرة على شاطئ بحر مدينة درنة بالقرب من ملعب درنة البلدي.درنة,22.562225,32.798444,high,integrated,Ministry hotels team KML update,valid
LY-HOT-000026,hotels,منتجع وموتيل الأمان,Al-Aman Resort & Motel,resort,,Point,طريق الأبرق شحات,طريق الأبرق شحات,21.894339,32.801784,high,integrated,Ministry hotels team KML update,valid
LY-HOT-000027,hotels,بيوت شباب غدامس,Ghadames Youth Hostel,review_required,,Point,يقع البيت في مدينة غدامس بالقرب من المثلث الحدودي المشترك بين ليبيا وتونس والجزائر,يقع البيت في مدينة غدامس بالقرب من المثلث الحدودي المشترك بين ليبيا وتونس والجزائر,9.2282079,30.2053928,medium,integrated,Ministry hotels team KML update,valid
LY-HOT-000028,hotels,نالوت غدامس فندق باب العز,Bab alez hotel,hotel,,Point,يقع الفندق في شارع الزفزاف، نالوت، بالقرب من محطة البنزين,يقع الفندق في شارع الزفزاف، نالوت، بالقرب من محطة البنزين,10.970617,31.887663,high,integrated,Ministry hotels team KML update,valid
LY-HOT-000029,hotels,فندق أبراج الوسطى,Al-Waseet Towers Hotel,hotel,,Point,"الشارع الرئيسي مقابل محطة الاقمار الصناعية, Sert, Libya","الشارع الرئيسي مقابل محطة الاقمار الصناعية, Sert, Libya",16.5532364,31.2045712,high,integrated,Ministry hotels team KML update,valid
LY-HOT-000030,hotels,فندق طيبة,Taiba Hotel,hostel,,Point,سبها حي عبدالكافي.. جزيرة التقويم والقياس,سبها حي عبدالكافي.. جزيرة التقويم والقياس,14.4217629,27.0540692,high,integrated,Ministry hotels team KML update,valid
LY-HOT-000031,hotels,فندق قصر الفيروز,Al-Fayrouz Palace Hotel,hostel,,Point,حي دمشق، بالقرب من مستشفى الخضراء ومحلات البيت المعمور للمواد المنزلية.طرابلس,حي دمشق، بالقرب من مستشفى الخضراء ومحلات البيت المعمور للمواد المنزلية.طرابلس,13.192323,32.849774,high,integrated,Ministry hotels team KML update,valid
LY-HOT-000032,hotels,Royal Gardens Hotels,Royal Gardens Hotels,hostel,,Point,العنوان: كازا لانجس - بجانب المؤسسة الوطنية للنفط و مقابل دار الافتاء جنة العريفطرابلس,العنوان: كازا لانجس - بجانب المؤسسة الوطنية للنفط و مقابل دار الافتاء جنة العريفطرابلس,13.190115,32.886288,high,integrated,Ministry hotels team KML update,valid
LY-HOT-000033,hotels,فندق ابونواس,لا يوجد معلومات عن مرفق,hotel,,Point,لا يوجد معلومات عن مرفق,لا يوجد معلومات عن مرفق,13.091442,32.86352,high,integrated,Ministry hotels team KML update,valid
LY-HOT-000034,hotels,فندق احواص,Locanda Hawas,hostel,,Point,يقع الفندق في شارع الفنيدقة، تحديداً في الجهة المقابلة لمبنى جامع الناقة (ويعرف أيضاً بمقابلته لجامع الفنيدقة),يقع الفندق في شارع الفنيدقة، تحديداً في الجهة المقابلة لمبنى جامع الناقة (ويعرف أيضاً بمقابلته لجامع الفنيدقة),13.179075,32.89542,high,integrated,Ministry hotels team KML update,valid
LY-HOT-000035,hotels,فندق الانوار,ALANWAR HOTEL,hotel,,Point,فندق الانوار بالزاوية يقع علي الطريق الساحلي بالقرب من الاشارة الضوئية القرضابية,فندق الانوار بالزاوية يقع علي الطريق الساحلي بالقرب من الاشارة الضوئية القرضابية,12.733733,32.748233,high,integrated,Ministry hotels team KML update,valid
LY-HOT-000036,hotels,فندق الأخوة,Alokhowa Hotel,hotel,,Point,"Omer almokhtar, Omer almokhtar، طرابلس","Omer almokhtar, Omer almokhtar، طرابلس",13.17406,32.891645,high,integrated,Ministry hotels team KML update,valid
LY-HOT-000037,hotels,فندق الأصالة,Alasala Hotel,hotel,,Point,طرابلس شارع بالخير مقابل مسجد بالخير,طرابلس شارع بالخير مقابل مسجد بالخير,13.178744,32.8919441,high,integrated,Ministry hotels team KML update,valid
LY-HOT-000038,hotels,فندق الأصيل,Al Aseel Hotel,hotel,,Point,طرابلس، شارع الجمهورية، بالقرب من جامع مولاي محمد وخلف المختبر الصحي المرجعي,طرابلس، شارع الجمهورية، بالقرب من جامع مولاي محمد وخلف المختبر الصحي المرجعي,13.1859935,32.8820246,high,integrated,Ministry hotels team KML update,valid
LY-HOT-000039,hotels,فندق الأندلس,Al-Andalus Hotel,hotel,,Point,شارع الكندي، متفرع من شارع عمر المختار، طرابلس، ليبيا,شارع الكندي، متفرع من شارع عمر المختار، طرابلس، ليبيا,13.1725203,32.8920905,high,integrated,Ministry hotels team KML update,valid
LY-HOT-000040,hotels,فندق البركة,Albaraka Hotel,hotel,,Point,شارع سناء محيدلي، مصراتة,شارع سناء محيدلي، مصراتة,15.095907,32.3760978,high,integrated,Ministry hotels team KML update,valid
LY-HOT-000041,hotels,فندق البستان,Bustan Hotel Tripoli,hotel,,Point,السراج، طرابلس، ليبيا,السراج، طرابلس، ليبيا,13.078352,32.802301,high,integrated,Ministry hotels team KML update,valid
LY-HOT-000042,hotels,التاج للشقق الفندقية,TAJ Hotel,hotel,,Point,شارع طرابلس، أمام ميدان الشهداء، مصراتة، ليبيا,شارع طرابلس، أمام ميدان الشهداء، مصراتة، ليبيا,15.087767,32.3739209,high,integrated,Ministry hotels team KML update,valid
LY-HOT-000043,hotels,(فندق الطُبجية )فندق التاجوري,Al-Tobji Hotel أو Al-Tubjiyya Hotel,hotel,,Point,المدينة القديمة طرابلس,المدينة القديمة طرابلس,13.1783666,32.8957919,high,integrated,Ministry hotels team KML update,valid
LY-HOT-000044,hotels,فندق الجبل,El Jabal Hotel,hotel,,Point,مصراتة,مصراتة,15.0943241,32.371258,high,integrated,Ministry hotels team KML update,valid
LY-HOT-000045,hotels,فندق جوهرة صبراتة السياحي,Jawharat Sabratha Tourist Hotel,hotel,,Point,يقع الفندق في وسط مدينة صبراتة، وتحديداً في شارع عمر المختار,يقع الفندق في وسط مدينة صبراتة، وتحديداً في شارع عمر المختار,12.477513,32.794776,high,integrated,Ministry hotels team KML update,valid
LY-HOT-000046,hotels,فندق الجوهرة الزاوية,Al-Jawhara Hotel,hotel,,Point,يقع الفندق في قلب مدينة الزاوية بميدان الشهداء,يقع الفندق في قلب مدينة الزاوية بميدان الشهداء,12.726081,32.751953,high,integrated,Ministry hotels team KML update,valid
LY-HOT-000047,hotels,يعرف باسم (فندق الوادي ) فندق الحديقة,Al Wadi Hotel Tripoli,hotel,,Point,شارع الوادي، بالقرب من وسط البلاد وجزيرة الجرات، طرابلس، ليبيا,شارع الوادي، بالقرب من وسط البلاد وجزيرة الجرات، طرابلس، ليبيا,13.1793027,32.8909969,high,integrated,Ministry hotels team KML update,valid
LY-HOT-000048,hotels,فندق الحمام السياحي,مغلق بشكل نهائي,hotel,,Point,لا يعمل حالياً كفندق أو شقق إقامة متاحة للمواطنين,لا يعمل حالياً كفندق أو شقق إقامة متاحة للمواطنين,12.393222,32.734657,high,integrated,Ministry hotels team KML update,valid
LY-HOT-000049,hotels,فندق الخان الطرابلسي,El Khan Hotel,hotel,,Point,يقع في شارع أربعة عرصات بالمدينة القديمة,يقع في شارع أربعة عرصات بالمدينة القديمة,13.1765282,32.8982722,high,integrated,Ministry hotels team KML update,valid
LY-HOT-000050,hotels,فندق الخليج,Alkhaleej Hotel,hostel,,Point,يقع في شارع جمال عبد الناصر، بالقرب من قلب العاصمة طرابلس,يقع في شارع جمال عبد الناصر، بالقرب من قلب العاصمة طرابلس,13.1756786,32.8891647,high,integrated,Ministry hotels team KML update,valid
LY-HOT-000051,hotels,فندق الدبلوماسي,Diplomatic Hotel,hotel,,Point,شارع شوقي، طرابلس,شارع شوقي، طرابلس,13.1735022,32.8891679,high,integrated,Ministry hotels team KML update,valid
LY-HOT-000052,hotels,فندق الدوحة,Doha Hotel,hotel,,Point,يقع الفندق في وسط المدينة، تحديداً في شارع عمر المختار مقابل شارع العملة,يقع الفندق في وسط المدينة، تحديداً في شارع عمر المختار مقابل شارع العملة,13.1719284,32.8920328,high,integrated,Ministry hotels team KML update,valid
LY-HOT-000053,hotels,فندق الديار,ADDEYAR HOTEL,hotel,,Point,يقع الفندق في شارع جمال (شارع المفاتيح) وسط المدينة,يقع الفندق في شارع جمال (شارع المفاتيح) وسط المدينة,13.17449,32.891565,high,integrated,Ministry hotels team KML update,valid
LY-HOT-000054,hotels,فندق الرابطة,Al-Rabitah Hotel,hotel,,Point,يتوسط الفندق مدينة غريان ويقع تحديداً في منطقة تغسات,يتوسط الفندق مدينة غريان ويقع تحديداً في منطقة تغسات,13.014282,32.169727,high,integrated,Ministry hotels team KML update,valid
LY-HOT-000055,hotels,فندق الرفيع,Al-Rafie Hotel,hostel,,Point,شارع الرشيد، خلف محكمة شمال طرابلس، طرابلس، ليبيا,شارع الرشيد، خلف محكمة شمال طرابلس، طرابلس، ليبيا,13.172588,32.893521,high,integrated,Ministry hotels team KML update,valid
LY-HOT-000056,hotels,فندق الريان,Alrayan Hotel,hotel,,Point,"طرابلس Omer almokhtar, Omer almokhtar، طرابلس","طرابلس Omer almokhtar, Omer almokhtar، طرابلس",13.1725598,32.8906,high,integrated,Ministry hotels team KML update,valid
LY-HOT-000057,hotels,فندق الزهر,Azzhar Hotel,hotel,,Point,يقع الفندق في سوق الترك، المدينة القديمة، طرابلس,يقع الفندق في سوق الترك، المدينة القديمة، طرابلس,13.179107,32.896046,high,integrated,Ministry hotels team KML update,valid
LY-HOT-000058,hotels,فندق الزيتونة,Alzaytouna Hotel,hostel,,Point,مدينة بني وليد بليبيا,مدينة بني وليد بليبيا,14.012063,31.7588773,high,integrated,Ministry hotels team KML update,valid
LY-HOT-000059,hotels,فندق السرايا,Assaraya Hotel,hotel,,Point,يقع الفندق في شارع عمر المختار، مباشرةً أمام معرض طرابلس الدولي,يقع الفندق في شارع عمر المختار، مباشرةً أمام معرض طرابلس الدولي,13.170639,32.888588,high,integrated,Ministry hotels team KML update,valid
LY-HOT-000060,hotels,فندق زوارة,Zwara hotel,hostel,,Point,مدينة زوارة مقابل المدينة الرياضية,مدينة زوارة مقابل المدينة الرياضية,12.098621,32.924809,high,integrated,Ministry hotels team KML update,valid
LY-HOT-000061,hotels,فندق السندباد,Al-Sindbad Tourist Hotel,hotel,,Point,طرابلس، شارع عمر المختار، مقابل مصيف الليدو (السندباد سابقاً).طرابلس,طرابلس، شارع عمر المختار، مقابل مصيف الليدو (السندباد سابقاً).طرابلس,13.162691,32.885987,high,integrated,Ministry hotels team KML update,valid
LY-HOT-000062,hotels,فندق الشجرة,Asshajara hotel,hostel,,Point,شارع سيدي عيسى، منطقة الظهرة، طرابلس، ليبيا,شارع سيدي عيسى، منطقة الظهرة، طرابلس، ليبيا,13.195069,32.893513,high,integrated,Ministry hotels team KML update,valid
LY-HOT-000063,hotels,فندق الشرق,,hotel,,Point,,,13.1760934,32.8871508,medium,integrated,Ministry hotels team KML update,valid
LY-HOT-000064,hotels,فندق الشمس,Al-Shams Hotel,hotel,,Point,شارع يعقوب بن إسحاق الكندي، طرابلس,شارع يعقوب بن إسحاق الكندي، طرابلس,13.173321,32.892486,high,integrated,Ministry hotels team KML update,valid
LY-HOT-000065,hotels,فندق الصفوة,Safwa hotel,hostel,,Point,شارع البلدية طرابلس,شارع البلدية طرابلس,13.188258,32.890226,high,integrated,Ministry hotels team KML update,valid
LY-HOT-000066,hotels,فندق الصناعية مصراتة,,hotel,,Point,,,15.090645,32.373493,medium,integrated,Ministry hotels team KML update,valid
LY-HOT-000067,hotels,فندق الصولجان,محجوز بالكامل للواحة للنفط,hotel,,Point,شارع عمر المختار، طرابلسطرابلس,شارع عمر المختار، طرابلسطرابلس,13.162941,32.885736,high,integrated,Ministry hotels team KML update,valid
LY-HOT-000068,hotels,فندق العاصمة,,hotel,,Point,"شارع الرصافى, V5QF+RMV متفرع من عمر المختار الرئيسى, 50 متر،, طرابلس","شارع الرصافى, V5QF+RMV متفرع من عمر المختار الرئيسى, 50 متر،, طرابلس",13.1742892,32.8896055,high,integrated,Ministry hotels team KML update,valid
LY-HOT-000069,hotels,فندق الغدامسية,,hotel,,Point,,,13.178981,32.895485,medium,integrated,Ministry hotels team KML update,valid
LY-HOT-000070,hotels,فندق القرقني,,hotel,,Point,,,13.179208,32.894751,medium,integrated,Ministry hotels team KML update,valid
LY-HOT-000071,hotels,فندق القوس,,hotel,,Point,,,13.193539,32.893078,medium,integrated,Ministry hotels team KML update,valid
LY-HOT-000072,hotels,فندق الكبير,,hotel,,Point,,,15.095371,32.3738,medium,integrated,Ministry hotels team KML update,valid
LY-HOT-000073,hotels,فندق الكرومة,,hotel,,Point,,,11.892359,31.864727,medium,integrated,Ministry hotels team KML update,valid
LY-HOT-000074,hotels,فندق الماسة,,hotel,,Point,,,15.085841,32.373474,medium,integrated,Ministry hotels team KML update,valid
LY-HOT-000075,hotels,فندق المتوسط,Almotawaset Hotel,hotel,,Point,شارع 17 فبراير، بجوار الجامع الجديد، وسط مدينة الخمس، ليبيا,شارع 17 فبراير، بجوار الجامع الجديد، وسط مدينة الخمس، ليبيا,14.26402,32.652981,high,integrated,Ministry hotels team KML update,valid
LY-HOT-000076,hotels,فندق المدينة,,hotel,,Point,,,12.726944,32.753613,medium,integrated,Ministry hotels team KML update,valid
LY-HOT-000077,hotels,فندق المشكاة,,hotel,,Point,,,13.179752,32.891571,medium,integrated,Ministry hotels team KML update,valid
LY-HOT-000078,hotels,فندق المنامة,Al Manama Hotel,hotel,,Point,فندق محلي يقع في قلب العاصمة الليبية طرابلس السويحلي,فندق محلي يقع في قلب العاصمة الليبية طرابلس السويحلي,13.172993,32.893541,high,integrated,Ministry hotels team KML update,valid
LY-HOT-000079,hotels,فندق النخلة,,hotel,,Point,,,13.196285,32.890724,medium,integrated,Ministry hotels team KML update,valid
LY-HOT-000080,hotels,فندق النقازة الخمس,Anakazh Hotel,resort,,Point,طريق النهر، الخمس، ليبيا,طريق النهر، الخمس، ليبيا,14.098898,32.694199,high,integrated,Ministry hotels team KML update,valid
LY-HOT-000081,hotels,فندق النهر,alnaher HOTEL,hostel,,Point,العنوان: طرابلس، شارع طارق بن زياد (الموازي لشارع المعري)، بالقرب من مسجد بورقيبة,العنوان: طرابلس، شارع طارق بن زياد (الموازي لشارع المعري)، بالقرب من مسجد بورقيبة,13.1711084,32.8935913,high,integrated,Ministry hotels team KML update,valid
LY-HOT-000082,hotels,فندق الهنشيري,,hotel,,Point,,,13.177876,32.897038,medium,integrated,Ministry hotels team KML update,valid
LY-HOT-000083,hotels,فندق الهيشة,,hotel,,Point,,,15.258722,31.453671,medium,integrated,Ministry hotels team KML update,valid
LY-HOT-000084,hotels,فندق الواحات,,hotel,,Point,,,13.168939,32.887352,medium,integrated,Ministry hotels team KML update,valid
LY-HOT-000085,hotels,فندق الياسمين,,hotel,,Point,,,13.1842,32.887569,medium,integrated,Ministry hotels team KML update,valid
LY-HOT-000086,hotels,فندق أجنحة قرطاج,,hotel,,Point,,,13.177545,32.8909651,medium,integrated,Ministry hotels team KML update,valid
LY-HOT-000087,hotels,فندق أفريقيا,,hotel,,Point,,,15.092281,32.378033,medium,integrated,Ministry hotels team KML update,valid
LY-HOT-000088,hotels,فندق بنت السيد,Funduq Bint al-Sayyid,hotel,,Point,يقع الفندق في أول شارع سيدي يعقوب، تحديداً عند ناصية وسعاية مخزن الرخام داخل أسوار المدينة القديمة,يقع الفندق في أول شارع سيدي يعقوب، تحديداً عند ناصية وسعاية مخزن الرخام داخل أسوار المدينة القديمة,13.175939,32.900146,high,integrated,Ministry hotels team KML update,valid
LY-HOT-000089,hotels,فندق بودلغوسة,Al-Haj Mahmoud Mohammed Abu Dalghousa Hotel,hotel,,Point,يقع الفندق في محلة المدينة القديمة، تحديداً عند طريق الحِلقة (أو زنقة جامع الدروج,يقع الفندق في محلة المدينة القديمة، تحديداً عند طريق الحِلقة (أو زنقة جامع الدروج,13.178583,32.894421,high,integrated,Ministry hotels team KML update,valid
LY-HOT-000090,hotels,فندق بيت الأمان,Beat Alaman Hotel,hostel,,Point,منطقة الظهرة، طرابلس، ليبيا,منطقة الظهرة، طرابلس، ليبيا,13.1922543,32.8904765,high,integrated,Ministry hotels team KML update,valid
LY-HOT-000091,hotels,فندق بيت الشرق,Bait Al Sharq hotel,hostel,,Point,يقع الفندق في شارع الرازي، وتحديداً خلف شارع الكندي في مدينة طرابلس,يقع الفندق في شارع الرازي، وتحديداً خلف شارع الكندي في مدينة طرابلس,13.1722496,32.8922214,high,integrated,Ministry hotels team KML update,valid
LY-HOT-000092,hotels,فندق تابكت,,hotel,,Point,,,15.084174,32.373779,medium,integrated,Ministry hotels team KML update,valid
LY-HOT-000093,hotels,لانكاستر برج الحياة ( ماريوت سابقا),Lancaster Burj Al Hayat,hotel,,Point,طرابلس امام مصيف flyboard سابقا,طرابلس امام مصيف flyboard سابقا,13.164378,32.89019,high,integrated,Ministry hotels team KML update,valid
LY-HOT-000094,hotels,فندق دار غدامس,Dar Ghadames hotel,hostel,,Point,يقع بالقرب من المدينة القديمة,يقع بالقرب من المدينة القديمة,9.490862,30.0286488,high,integrated,Ministry hotels team KML update,valid
LY-HOT-000095,hotels,فندق ديار الهناء,,hotel,,Point,,,15.090561,32.378174,medium,integrated,Ministry hotels team KML update,valid
LY-HOT-000096,hotels,فندق ليبوس,,hotel,,Point,,,13.206903,32.897114,medium,integrated,Ministry hotels team KML update,valid
LY-HOT-000097,hotels,فندق ريكسوس,,hotel,,Point,,,13.193808,32.859509,medium,integrated,Ministry hotels team KML update,valid
LY-HOT-000098,hotels,فندق زليتن,,hotel,,Point,,,14.559985,32.475266,medium,integrated,Ministry hotels team KML update,valid
LY-HOT-000099,hotels,فندق زميت,,hotel,,Point,,,13.175705,32.899632,medium,integrated,Ministry hotels team KML update,valid
LY-HOT-000100,hotels,فندق زوارة,,hotel,,Point,,,12.099145,32.92326,medium,integrated,Ministry hotels team KML update,valid
LY-HOT-000101,hotels,فندق سرايا الليبو,,hotel,,Point,,,13.179074,32.893341,medium,integrated,Ministry hotels team KML update,valid
LY-HOT-000102,hotels,فندق سفاري,,hotel,,Point,,,15.101947,32.373698,medium,integrated,Ministry hotels team KML update,valid
LY-HOT-000103,hotels,فندق سفاري 2,,hotel,,Point,,,15.04225,32.351223,medium,integrated,Ministry hotels team KML update,valid
LY-HOT-000104,hotels,فندق شروق افريقيا,,hotel,,Point,,,13.182145,32.890488,medium,integrated,Ministry hotels team KML update,valid
LY-HOT-000105,hotels,فندق ضيافة ونيس,,hotel,,Point,,,13.173898,32.674606,medium,integrated,Ministry hotels team KML update,valid
LY-HOT-000106,hotels,فندق طرابلس الدولي,,hotel,,Point,,,13.1751773,32.8898719,medium,integrated,Ministry hotels team KML update,valid
LY-HOT-000107,hotels,فندق طليطلة,,hotel,,Point,,,13.203761,32.892212,medium,integrated,Ministry hotels team KML update,valid
LY-HOT-000108,hotels,فندق طيبة,Teba Hotel,hotel,,Point,الموقع: يقع وسط العاصمة طرابلس، وتحديداً في ميدان السويحلي - خلف شارع الرازي (شارع الكندي),الموقع: يقع وسط العاصمة طرابلس، وتحديداً في ميدان السويحلي - خلف شارع الرازي (شارع الكندي),13.171801,32.891926,high,integrated,Ministry hotels team KML update,valid
LY-HOT-000109,hotels,فندق عمير,Omair Hotel,hostel,,Point,يقع الفندق في شارع الكندي، طرابلس، ليبيا,يقع الفندق في شارع الكندي، طرابلس، ليبيا,13.1724352,32.892131,high,integrated,Ministry hotels team KML update,valid
LY-HOT-000110,hotels,فندق عين الفرس,,hotel,,Point,,,9.6417117,30.0343914,medium,integrated,Ministry hotels team KML update,valid
LY-HOT-000111,hotels,فندق غابة الكشافة,,hotel,,Point,,,12.315046,31.951923,medium,integrated,Ministry hotels team KML update,valid
LY-HOT-000112,hotels,فندق غريان السياحي,,hotel,,Point,,,13.030462,32.172661,medium,integrated,Ministry hotels team KML update,valid
LY-HOT-000113,hotels,فندق قرطاج,,hotel,,Point,,,13.179976,32.889549,medium,integrated,Ministry hotels team KML update,valid
LY-HOT-000114,hotels,فندق قصر الظهرة,,hotel,,Point,,,13.193874,32.888687,medium,integrated,Ministry hotels team KML update,valid
LY-HOT-000115,hotels,فندق قصر الفيروز,,hotel,,Point,,,13.194599,32.853401,medium,integrated,Ministry hotels team KML update,valid
LY-HOT-000116,hotels,فندق قمر صبراتة,,hotel,,Point,,,12.486354,32.792946,medium,integrated,Ministry hotels team KML update,valid
LY-HOT-000117,hotels,فندق كونتنتال,,hotel,,Point,,,13.176499,32.890827,medium,integrated,Ministry hotels team KML update,valid
LY-HOT-000118,hotels,فندق لبدة السياحي الخمس,Leptis Magna Hotel),hotel,,Point,يقع الفندق في مدينة الخمس بليبيا، بالقرب من مدخل مدينة لبدة الأثرية,يقع الفندق في مدينة الخمس بليبيا، بالقرب من مدخل مدينة لبدة الأثرية,14.278957,32.640457,high,integrated,Ministry hotels team KML update,valid
LY-HOT-000119,hotels,فندق ليالي قرطاج,,hotel,,Point,,,13.175961,32.882137,medium,integrated,Ministry hotels team KML update,valid
LY-HOT-000120,hotels,فندق ليبيا,(Libya Hotel),hostel,,Point,قع في موقع حيوي يربط بين شارع المسعودي وشارع عمر المختار,قع في موقع حيوي يربط بين شارع المسعودي وشارع عمر المختار,13.164703,32.887112,high,integrated,Ministry hotels team KML update,valid
LY-HOT-000121,hotels,فندق مادي الحسان,,hotel,,Point,,,13.178001,32.89735,medium,integrated,Ministry hotels team KML update,valid
LY-HOT-000122,hotels,فندق واستراحة جادو,,hotel,,Point,,,12.087632,31.939745,medium,integrated,Ministry hotels team KML update,valid
LY-HOT-000123,hotels,فندق ومطعم الامتياز,,hotel,,Point,,,15.099292,32.354399,medium,integrated,Ministry hotels team KML update,valid
LY-HOT-000124,hotels,فندق ومطعم النزهة,,hotel,,Point,,,12.749993,32.757835,medium,integrated,Ministry hotels team KML update,valid
LY-HOT-000125,hotels,فندق يفرن,,hotel,,Point,,,12.518972,32.059994,medium,integrated,Ministry hotels team KML update,valid
LY-HOT-000126,hotels,طرابلس للشقق الفندقية,,hotel,,Point,,,13.203281,32.878799,medium,integrated,Ministry hotels team KML update,valid
LY-HOT-000127,hotels,نزل طرابلس الحديث,,hostel,,Point,,,13.177862,32.898422,medium,integrated,Ministry hotels team KML update,valid
LY-HOT-000128,hotels,فندق الثريا السياحي,,hotel,,Point,,,21.53529,29.039751,medium,integrated,Ministry hotels team KML update,valid
LY-HOT-000129,hotels,فندق الأنيس,,hotel,,Point,,,20.058214,32.118919,medium,integrated,Ministry hotels team KML update,valid
LY-HOT-000130,hotels,فندق البتراء,,hotel,,Point,,,13.173758,32.888535,medium,integrated,Ministry hotels team KML update,valid
LY-HOT-000131,hotels,فندق البردي,,hotel,,Point,,,25.087399,31.753349,medium,integrated,Ministry hotels team KML update,valid
LY-HOT-000132,hotels,فندق التلال,,hotel,,Point,,,21.716139,32.759859,medium,integrated,Ministry hotels team KML update,valid
LY-HOT-000133,hotels,فندق الجبل الأخضر,,hotel,,Point,,,22.640741,32.763145,medium,integrated,Ministry hotels team KML update,valid
LY-HOT-000134,hotels,فندق الجغبوب,,hotel,,Point,,,23.97657,32.080338,medium,integrated,Ministry hotels team KML update,valid
LY-HOT-000135,hotels,فندق الجلاء,,hotel,,Point,,,23.972946,32.080662,medium,integrated,Ministry hotels team KML update,valid
LY-HOT-000136,hotels,فندق الحمام السياحي,,hotel,,Point,,,12.393222,32.734657,medium,integrated,Ministry hotels team KML update,valid
LY-HOT-000137,hotels,فندق الخان الطرابلسي,El Khan Hotel,hotel,,Point,يقع في شارع أربعة عرصات بالمدينة القديمة,يقع في شارع أربعة عرصات بالمدينة القديمة,13.1765256,32.8983218,high,integrated,Ministry hotels team KML update,valid
LY-HOT-000138,hotels,فندق الرحاب,(Al Rehab Hotel),hotel,,Point,يقع الفندق في شارع ابن مطروح، بالقرب من ميدان السويحلي، ويبعد حوالي 10 دقائق بالسيارة عن المدينة القديمة والقلعة الحمراء (السرايا الحمراء),يقع الفندق في شارع ابن مطروح، بالقرب من ميدان السويحلي، ويبعد حوالي 10 دقائق بالسيارة عن المدينة القديمة والقلعة الحمراء (السرايا الحمراء),13.173246,32.893204,high,integrated,Ministry hotels team KML update,valid
LY-HOT-000139,hotels,فندق الزهر,,hotel,,Point,,,13.179107,32.896046,medium,integrated,Ministry hotels team KML update,valid
LY-HOT-000140,hotels,فندق الزيتونة,,hotel,,Point,,,14.0148,31.756525,medium,integrated,Ministry hotels team KML update,valid
LY-HOT-000141,hotels,فندق السرايا,,hotel,,Point,,,13.170639,32.888588,medium,integrated,Ministry hotels team KML update,valid
LY-HOT-000142,hotels,فندق السلام,,hotel,,Point,,,12.098621,32.924809,medium,integrated,Ministry hotels team KML update,valid
LY-HOT-000143,hotels,فندق ابن الرومي,Ibn Al-Rumi Hotel,hotel,,Point,فندق ابن الرومي طرابلس_شارع الرشيد,فندق ابن الرومي طرابلس_شارع الرشيد,13.172151,32.89311,high,integrated,Ministry hotels team KML update,valid
LY-HOT-000144,hotels,فندق اجدابيا,,hotel,,Point,,,20.22291,30.757067,medium,integrated,Ministry hotels team KML update,valid
LY-HOT-000145,hotels,فندق الحياة,,hotel,,Point,93FM+HG8، مصراتة,93FM+HG8، مصراتة,15.08382,32.374023,high,integrated,Ministry hotels team KML update,valid
LY-HOT-000146,hotels,فندق الصحراوي,,hotel,,Point,,,12.0825,32.933887,medium,integrated,Ministry hotels team KML update,valid
LY-HOT-000147,hotels,فندق الصناعية مصراتة,,hotel,,Point,,,15.090645,32.373493,medium,integrated,Ministry hotels team KML update,valid
LY-HOT-000148,hotels,فندق العوينات,,hotel,,Point,,,10.566841,25.780432,medium,integrated,Ministry hotels team KML update,valid
LY-HOT-000149,hotels,فندق الفردوس,,hotel,,Point,يقع في منطقة المغار، وسط البلاد، درنة، ليبيا,يقع في منطقة المغار، وسط البلاد، درنة، ليبيا,22.637859,32.7646787,medium,integrated,Ministry hotels team KML update,valid
LY-HOT-000150,hotels,فندق الفضيل,,hotel,,Point,,,20.049503,32.09071,medium,integrated,Ministry hotels team KML update,valid
LY-HOT-000151,hotels,فندق الفضيل رأس لانوف,,hotel,,Point,,,18.420834,30.589722,medium,integrated,Ministry hotels team KML update,valid
LY-HOT-000152,hotels,فندق الفلك,,hotel,,Point,,,23.976387,32.080894,medium,integrated,Ministry hotels team KML update,valid
LY-HOT-000153,hotels,فندق القرضابية,,hotel,,Point,,,16.622601,31.211296,medium,integrated,Ministry hotels team KML update,valid
LY-HOT-000154,hotels,فندق القلعة,,hotel,,Point,,,14.432752,27.033804,medium,integrated,Ministry hotels team KML update,valid
LY-HOT-000155,hotels,فندق الكاظم,,hotel,,Point,,,14.428192,27.037169,medium,integrated,Ministry hotels team KML update,valid
LY-HOT-000156,hotels,فندق الكرومة,,hotel,,Point,,,11.892359,31.864727,medium,integrated,Ministry hotels team KML update,valid
LY-HOT-000157,hotels,فندق المبروك,Almabrook Hotel,hotel,,Point,يقع الفندق في شارع ابن الرومي، وهو متفرع من شارع الرشيد الشهير,يقع الفندق في شارع ابن الرومي، وهو متفرع من شارع الرشيد الشهير,13.1723517,32.892877,high,integrated,Ministry hotels team KML update,valid
LY-HOT-000158,hotels,فندق المتوسط الخمس,Almotawaset Hotel,hostel,,Point,"شارع 17 فبراير ...مقابل الجامع الجديد, Al Khums, Libya, 00218","شارع 17 فبراير ...مقابل الجامع الجديد, Al Khums, Libya, 00218",14.26402,32.652981,high,integrated,Ministry hotels team KML update,valid
LY-HOT-000159,hotels,فندق المدينة,,hotel,,Point,,,21.785664,32.767067,medium,integrated,Ministry hotels team KML update,valid
LY-HOT-000160,hotels,فندق المدينة,,hotel,,Point,,,16.588852,31.206654,medium,integrated,Ministry hotels team KML update,valid
LY-HOT-000161,hotels,فندق المدينة,,hotel,,Point,,,12.726944,32.753613,medium,integrated,Ministry hotels team KML update,valid
LY-HOT-000162,hotels,فندق المدينة,,hotel,,Point,اجدابيا ليبيا,اجدابيا ليبيا,20.22394,30.757528,high,integrated,Ministry hotels team KML update,valid
LY-HOT-000163,hotels,فندق المرج السياحي,,hotel,,Point,,,20.836086,32.49588,medium,integrated,Ministry hotels team KML update,valid
LY-HOT-000164,hotels,فندق المسيرة,,hotel,,Point,,,23.968134,32.073318,medium,integrated,Ministry hotels team KML update,valid
LY-HOT-000165,hotels,فندق المشكاة,,hotel,,Point,شارع عمرو بن العاص,شارع عمرو بن العاص,13.179752,32.891571,high,integrated,Ministry hotels team KML update,valid
LY-HOT-000166,hotels,فندق المغرب العربي,,hotel,,Point,,,12.4564481,32.7963896,high,integrated,Ministry hotels team KML update,valid
LY-HOT-000167,hotels,فندق المنار,,hotel,,Point,,,13.172946,32.891778,medium,integrated,Ministry hotels team KML update,valid
LY-HOT-000168,hotels,فندق النادي الليبي,,hotel,,Point,,,20.077461,32.136784,medium,integrated,Ministry hotels team KML update,valid
LY-HOT-000169,hotels,فندق النخلة السياحي,,hotel,,Point,,,13.196285,32.890724,high,integrated,Ministry hotels team KML update,valid
LY-HOT-000170,hotels,فندق النخيل - مغلق,,hotel,,Point,,,15.938066,29.123215,medium,integrated,Ministry hotels team KML update,valid
LY-HOT-000171,hotels,فندق النوران,,hotel,,Point,,,20.075045,32.127663,high,integrated,Ministry hotels team KML update,valid
LY-HOT-000172,hotels,فندق الهاروج,,hotel,,Point,,,15.950174,29.130289,medium,integrated,Ministry hotels team KML update,valid
LY-HOT-000173,hotels,فندق الهنشيري,,hotel,,Point,,,13.177876,32.897038,medium,integrated,Ministry hotels team KML update,valid
LY-HOT-000174,hotels,فندق الهيشة,,hotel,,Point,,,15.258722,31.453671,medium,integrated,Ministry hotels team KML update,valid
LY-HOT-000175,hotels,فندق الواحات,,hotel,,Point,,,13.168939,32.887352,medium,integrated,Ministry hotels team KML update,valid
LY-HOT-000176,hotels,فندق الوادي,,hotel,,Point,,,13.180637,32.888648,medium,integrated,Ministry hotels team KML update,valid
LY-HOT-000177,hotels,فندق الياسمين,,hotel,,Point,,,13.1842,32.887569,medium,integrated,Ministry hotels team KML update,valid
LY-HOT-000178,hotels,فندق الياقوتة,,hotel,,Point,,,13.176236,32.891278,medium,integrated,Ministry hotels team KML update,valid
LY-HOT-000179,hotels,فندق الياقوتة,,hotel,,Point,,,20.180843,32.249558,medium,integrated,Ministry hotels team KML update,valid
LY-HOT-000180,hotels,فندق اليقين,Al-Yaqeen Hotel,hostel,,Point,شارع المسيرة الكبرى,شارع المسيرة الكبرى,13.172309,32.891921,high,integrated,Ministry hotels team KML update,valid
LY-HOT-000181,hotels,فندق اليمامة,Alyamama Hotel),hotel,,Point,ميدان السويحلي طرابلس,ميدان السويحلي طرابلس,13.174318,32.8923265,high,integrated,Ministry hotels team KML update,valid
LY-HOT-000182,hotels,فندق اوزو,,hotel,,Point,,,20.058546,32.101406,medium,integrated,Ministry hotels team KML update,valid
LY-HOT-000183,hotels,فندق ايلاف,,hotel,,Point,,,22.643206,32.770733,medium,integrated,Ministry hotels team KML update,valid
LY-HOT-000184,hotels,فندق أبراج المدينة,,hotel,,Point,,,13.1731091,32.8898132,medium,integrated,Ministry hotels team KML update,valid
LY-HOT-000185,hotels,فندق أجنحة قرطاج,,hotel,,Point,,,13.177596,32.890884,medium,integrated,Ministry hotels team KML update,valid
LY-HOT-000186,hotels,فندق أفريقيا,,hotel,,Point,,,14.438138,27.02809,medium,integrated,Ministry hotels team KML update,valid
LY-HOT-000187,hotels,فندق أفريقيا,,hotel,,Point,شارع الامام سحنون,شارع الامام سحنون,20.221619,30.758682,high,integrated,Ministry hotels team KML update,valid
LY-HOT-000188,hotels,فندق أكاكوس,,hotel,,Point,,,10.182599,24.958349,medium,integrated,Ministry hotels team KML update,valid
LY-HOT-000189,hotels,فندق أكاكوس,,hotel,,Point,,,13.191482,32.892331,medium,integrated,Ministry hotels team KML update,valid
LY-HOT-000190,hotels,فندق أمال ليبيا,,hotel,,Point,الطريق الدائري جدابيا ليبيا Q6JJ+47X,الطريق الدائري جدابيا ليبيا Q6JJ+47X,20.23069,30.780668,high,integrated,Ministry hotels team KML update,valid
LY-HOT-000191,hotels,فندق أوجلة السياحي,,hotel,,Point,,,21.292574,29.168243,medium,integrated,Ministry hotels team KML update,valid
LY-HOT-000192,hotels,فندق أويا,,hotel,,Point,,,13.177268,32.889216,medium,integrated,Ministry hotels team KML update,valid
LY-HOT-000193,hotels,فندق باب البحر,Bab Al Bahr Hotel,hotel,,Point,بجانب ذات العماد,بجانب ذات العماد,13.1650299,32.8945957,high,integrated,Ministry hotels team KML update,valid
LY-HOT-000194,hotels,فندق براك,,hotel,,Point,,,14.286153,27.53722,medium,integrated,Ministry hotels team KML update,valid
LY-HOT-000195,hotels,فندق برينيتشي,,hotel,,Point,,,20.059597,32.113476,medium,integrated,Ministry hotels team KML update,valid
LY-HOT-000196,hotels,فندق بلازما,Plasma HOTEL,hotel,,Point,428 شارع عمر المختار، طرابلس، ليبيا,428 شارع عمر المختار، طرابلس، ليبيا,13.1640086,32.8856711,high,integrated,Ministry hotels team KML update,valid
LY-HOT-000197,hotels,فندق بنت السيد,,hotel,,Point,,,13.175939,32.900146,medium,integrated,Ministry hotels team KML update,valid
LY-HOT-000198,hotels,فندق بنغازي,,hotel,,Point,,,20.076538,32.13039,medium,integrated,Ministry hotels team KML update,valid
LY-HOT-000199,hotels,فندق بودلغوسة,,hotel,,Point,,,13.178583,32.894421,medium,integrated,Ministry hotels team KML update,valid
LY-HOT-000200,hotels,فندق تابكت,,hotel,,Point,,,15.084174,32.373779,medium,integrated,Ministry hotels team KML update,valid
LY-HOT-000201,hotels,فندق توباكتس,Thobacts Hotel,hotel,,Point,424 شارع عمر المختار، طرابلس، ليبيا (أمام محطة الوقود وبجانب مستشفى الجلاء),424 شارع عمر المختار، طرابلس، ليبيا (أمام محطة الوقود وبجانب مستشفى الجلاء),13.1653469,32.886025,high,integrated,Ministry hotels team KML update,valid
LY-HOT-000202,hotels,فندق تيبستي,,hotel,,Point,,,20.068462,32.11058,medium,integrated,Ministry hotels team KML update,valid
LY-HOT-000203,hotels,فندق جاكرتا,,hotel,,Point,,,13.186652,32.888705,medium,integrated,Ministry hotels team KML update,valid
LY-HOT-000204,hotels,فندق جالو السياحي,,hotel,,Point,,,21.545835,29.032753,medium,integrated,Ministry hotels team KML update,valid
LY-HOT-000205,hotels,فندق جرمة السياحي,,hotel,,Point,,,13.068645,26.526762,medium,integrated,Ministry hotels team KML update,valid
LY-HOT-000206,hotels,فندق جليانة,,hotel,,Point,,,20.045986,32.084225,medium,integrated,Ministry hotels team KML update,valid
LY-HOT-000207,hotels,فندق دار جرمة,,hotel,,Point,,,13.06489,26.524315,medium,integrated,Ministry hotels team KML update,valid
LY-HOT-000208,hotels,فندق دوجال السياحي,,hotel,,Point,,,20.06068,32.122803,medium,integrated,Ministry hotels team KML update,valid
LY-HOT-000209,hotels,فندق ديار الهناء,,hotel,,Point,,,15.096167,32.373939,medium,integrated,Ministry hotels team KML update,valid
LY-HOT-000210,hotels,فندق رواسي,,hotel,,Point,,,15.915834,29.117167,medium,integrated,Ministry hotels team KML update,valid
LY-HOT-000211,hotels,فندق رويال,,hotel,,Point,,,13.185294,32.888264,medium,integrated,Ministry hotels team KML update,valid
LY-HOT-000212,hotels,فندق ريباس,,hotel,,Point,,,13.206903,32.897114,medium,integrated,Ministry hotels team KML update,valid
LY-HOT-000213,hotels,فندق ريكسوس,,hotel,,Point,,,13.193808,32.859509,medium,integrated,Ministry hotels team KML update,valid
LY-HOT-000214,hotels,فندق زليتن,,hotel,,Point,,,14.559985,32.475266,medium,integrated,Ministry hotels team KML update,valid
LY-HOT-000215,hotels,فندق زميت,,hotel,,Point,,,13.175705,32.899632,medium,integrated,Ministry hotels team KML update,valid
LY-HOT-000216,hotels,فندق زهرة البطنان,,hotel,,Point,,,23.976208,32.083584,medium,integrated,Ministry hotels team KML update,valid
LY-HOT-000217,hotels,فندق زوارة,,hotel,,Point,,,12.099145,32.92326,medium,integrated,Ministry hotels team KML update,valid
LY-HOT-000218,hotels,فندق زين,,hotel,,Point,,,23.941698,32.0741,medium,integrated,Ministry hotels team KML update,valid
LY-HOT-000219,hotels,فندق سرايا الليبو,,hotel,,Point,,,13.179074,32.893341,medium,integrated,Ministry hotels team KML update,valid
LY-HOT-000220,hotels,فندق سفاري 2,,hotel,,Point,,,15.04225,32.351223,medium,integrated,Ministry hotels team KML update,valid
LY-HOT-000221,hotels,فندق سفيروس الخمس,Severus Hotel,hotel,,Point,يقع في منطقة المرقب بمدينة الخمس، ويتميز بكونه قريباً جداً من المواقع الأثرية الشهيرة مثل لبدة العظمى (Leptis Magna) وفيلا سيلين,يقع في منطقة المرقب بمدينة الخمس، ويتميز بكونه قريباً جداً من المواقع الأثرية الشهيرة مثل لبدة العظمى (Leptis Magna) وفيلا سيلين,14.2468644,32.6439455,high,integrated,Ministry hotels team KML update,valid
LY-HOT-000222,hotels,فندق شروق افريقيا,,hotel,,Point,,,13.182145,32.890488,medium,integrated,Ministry hotels team KML update,valid
LY-HOT-000223,hotels,فندق صحارى ليبيا,Sahara Libya Hotel,hotel,,Point,شارع عمر المختار، طرابلس، ليبيا (مقابل مستشفى الجلاء للأطفال,شارع عمر المختار، طرابلس، ليبيا (مقابل مستشفى الجلاء للأطفال,13.163813,32.8851818,high,integrated,Ministry hotels team KML update,valid
LY-HOT-000224,hotels,فندق ضيافة ونيس,,hotel,,Point,,,13.173898,32.674606,medium,integrated,Ministry hotels team KML update,valid
LY-HOT-000225,hotels,فندق طليطلة,,hotel,,Point,,,13.203761,32.892212,medium,integrated,Ministry hotels team KML update,valid
LY-HOT-000226,hotels,فندق عمر الخيام,,hotel,,Point,,,20.056427,32.117958,medium,integrated,Ministry hotels team KML update,valid
LY-HOT-000227,hotels,فندق غابة الكشافة,,hotel,,Point,,,12.315046,31.951923,medium,integrated,Ministry hotels team KML update,valid
LY-HOT-000228,hotels,فندق غريان السياحي,,hotel,,Point,,,13.030462,32.172661,medium,integrated,Ministry hotels team KML update,valid
LY-HOT-000229,hotels,فندق فيلا النوران,,hotel,,Point,,,20.208708,32.107414,medium,integrated,Ministry hotels team KML update,valid
LY-HOT-000230,hotels,فندق قاطش,,hotel,,Point,,,22.62608,32.771667,medium,integrated,Ministry hotels team KML update,valid
LY-HOT-000231,hotels,فندق قرطاج,,hotel,,Point,,,13.179976,32.889549,medium,integrated,Ministry hotels team KML update,valid
LY-HOT-000232,hotels,فندق قصر البيضاء,,hotel,,Point,,,21.743811,32.762676,medium,integrated,Ministry hotels team KML update,valid
LY-HOT-000233,hotels,فندق قصر الظهرة,,hotel,,Point,,,13.193874,32.888687,medium,integrated,Ministry hotels team KML update,valid
LY-HOT-000234,hotels,فندق قصر الفضيل,,hotel,,Point,,,20.050541,32.093102,medium,integrated,Ministry hotels team KML update,valid
LY-HOT-000235,hotels,فندق قصر الفيروز,,hotel,,Point,,,13.194599,32.853401,medium,integrated,Ministry hotels team KML update,valid
LY-HOT-000236,hotels,فندق قصر النيل,,hotel,,Point,,,20.056025,32.119003,medium,integrated,Ministry hotels team KML update,valid
LY-HOT-000237,hotels,فندق قصر الواحة,,hotel,,Point,,,13.18655,32.888051,medium,integrated,Ministry hotels team KML update,valid
LY-HOT-000238,hotels,فندق قصور الضيافة,,hotel,,Point,,,16.573889,31.193056,medium,integrated,Ministry hotels team KML update,valid
LY-HOT-000239,hotels,فندق قصي للشقق المفروشة,,hotel,,Point,,,23.971741,32.085758,medium,integrated,Ministry hotels team KML update,valid
LY-HOT-000240,hotels,فندق قمر صبراتة,,hotel,,Point,,,12.486354,32.792946,medium,integrated,Ministry hotels team KML update,valid
LY-HOT-000241,hotels,فندق قورينا,,hotel,,Point,,,13.193556,32.890995,medium,integrated,Ministry hotels team KML update,valid
LY-HOT-000242,hotels,فندق كونتنتال,,hotel,,Point,,,13.176499,32.890827,medium,integrated,Ministry hotels team KML update,valid
LY-HOT-000243,hotels,فندق لؤلؤة درنة,Derna Pearl Hotel,hotel,,Point,,,22.654371,32.754139,medium,integrated,Ministry hotels team KML update,valid
LY-HOT-000244,hotels,فندق ليالي قرطاج,,hotel,,Point,,,13.175961,32.882137,medium,integrated,Ministry hotels team KML update,valid
LY-HOT-000245,hotels,فندق مادي الحسان,,hotel,,Point,,,13.178001,32.89735,medium,integrated,Ministry hotels team KML update,valid
LY-HOT-000246,hotels,فندق ميزران,,hotel,,Point,,,13.178912,32.894693,medium,integrated,Ministry hotels team KML update,valid
LY-HOT-000247,hotels,فندق هارون,,hotel,,Point,,,13.19164,32.890538,medium,integrated,Ministry hotels team KML update,valid
LY-HOT-000248,hotels,فندق واستراحة جادو,,hotel,,Point,,,12.087632,31.939745,medium,integrated,Ministry hotels team KML update,valid
LY-HOT-000249,hotels,فندق ومطعم النزهة,,hotel,,Point,,,12.749993,32.757835,medium,integrated,Ministry hotels team KML update,valid
LY-HOT-000250,hotels,فندق يفرن,,hotel,,Point,,,12.518972,32.059994,medium,integrated,Ministry hotels team KML update,valid
LY-HOT-000251,hotels,الفندق السياحي,,hotel,,Point,,,15.091389,32.375557,medium,integrated,Ministry hotels team KML update,valid
LY-HOT-000252,hotels,الفندق القديم,,hotel,,Point,,,20.891672,32.500561,medium,integrated,Ministry hotels team KML update,valid
LY-HOT-000253,hotels,الفندق الكبير,,hotel,,Point,,,20.060369,32.114559,medium,integrated,Ministry hotels team KML update,valid
LY-HOT-000254,hotels,القرية السياحية قاريونس,,tourist_village,,Point,,,20.037174,32.060608,medium,integrated,Ministry hotels team KML update,valid
LY-HOT-000255,hotels,طرابلس للشقق الفندقية,,hotel,,Point,,,13.203281,32.878799,medium,integrated,Ministry hotels team KML update,valid
LY-HOT-000256,hotels,نزل المدينة,,hostel,,Point,,,10.176822,24.964026,medium,integrated,Ministry hotels team KML update,valid
LY-HOT-000257,hotels,نزل أمباي,,hostel,,Point,,,13.521364,26.079599,medium,integrated,Ministry hotels team KML update,valid
LY-HOT-000258,hotels,نزل بيروت,Hotel Beirut,hostel,,Point,شارع الرفاعي، شارع عمر المختار طرابلس المركز,شارع الرفاعي، شارع عمر المختار طرابلس المركز,13.174871,32.8918347,high,integrated,Ministry hotels team KML update,valid
LY-HOT-000259,hotels,نزل طرابلس الحديث,,hostel,,Point,,,13.177862,32.898422,medium,integrated,Ministry hotels team KML update,valid
LY-HOT-000260,hotels,نزل مرحبا,,hostel,,Point,,,13.193521,32.891996,medium,integrated,Ministry hotels team KML update,valid
LY-HOT-000261,hotels,الماسة للشقق الفندقية,,hotel,,Point,,,15.098727,32.356847,medium,integrated,Ministry hotels team KML update,valid
LY-HOT-000262,hotels,فندق فزان,,hotel,,Point,,,14.42566,27.04336,medium,integrated,Ministry hotels team KML update,valid
LY-HOT-000263,hotels,فندق المختار,Al Mukhtar Hotel,hostel,,Point,يقع الفندق في شارع الكندي المتفرع قرب شارع الرشيد وشارع عمر المختار، طرابلس، ليبيا,يقع الفندق في شارع الكندي المتفرع قرب شارع الرشيد وشارع عمر المختار، طرابلس، ليبيا,13.171528,32.892153,high,integrated,Ministry hotels team KML update,valid
LY-HOT-000264,hotels,فندق قصر كاباو,,hotel,,Point,طريق قصر كاباو، كاباو,طريق قصر كاباو، كاباو,11.32759,31.845286,medium,integrated,Ministry hotels team KML update,valid
LY-HOT-000265,hotels,فندق الأفريقي,,hotel,,Point,,,22.664324,32.75209,medium,integrated,Ministry hotels team KML update,valid
LY-HOT-000266,hotels,فندق قرطاج السياحى1,,hotel,,Point,,,13.175625,32.887489,medium,integrated,Ministry hotels team KML update,valid
LY-HOT-000267,hotels,فندق السارة,,hotel,,Point,,,13.173311,32.887004,medium,integrated,Ministry hotels team KML update,valid
LY-HOT-000268,hotels,فندق الفصول الاربعة 3,,hotel,,Point,,,13.17393,32.889742,medium,integrated,Ministry hotels team KML update,valid
LY-HOT-000269,hotels,فندق أوال,,hotel,,Point,,,13.171814,32.887839,medium,integrated,Ministry hotels team KML update,valid
LY-HOT-000270,hotels,فندق المتوسط,,hotel,,Point,,,13.184983,32.889282,medium,integrated,Ministry hotels team KML update,valid
LY-HOT-000271,hotels,فندق قرطاج السياحى2,,hotel,,Point,,,13.175251,32.88743,medium,integrated,Ministry hotels team KML update,valid
LY-HOT-000272,hotels,فندق التوفيق 2,,hotel,,Point,,,13.193296,32.891418,medium,integrated,Ministry hotels team KML update,valid
LY-HOT-000273,hotels,فندق النعيم,Naeem Hotel,hostel,,Point,يقع في منطقة المغار، وسط البلاد، درنة، ليبيا,يقع في منطقة المغار، وسط البلاد، درنة، ليبيا,22.6337412,32.7658475,high,integrated,Ministry hotels team KML update,valid
LY-HOT-000274,hotels,نزل كيلو بتراء,,hostel,,Point,,,13.192921,32.892135,medium,integrated,Ministry hotels team KML update,valid
LY-HOT-000275,hotels,فندق الفصول الاربعة 2,FourSeasons Hotel,resort,,Point,شارع الرصافي المتفرع من شارع عمر المختار الرئيسي، طرابلس، ليبيا,شارع الرصافي المتفرع من شارع عمر المختار الرئيسي، طرابلس، ليبيا,13.173923,32.891864,high,integrated,Ministry hotels team KML update,valid
LY-HOT-000276,hotels,فندق السفير,,hotel,,Point,"Omer almokhtar, Omer almokhtar، طرابلس","Omer almokhtar, Omer almokhtar، طرابلس",13.172765,32.891282,high,integrated,Ministry hotels team KML update,valid
LY-HOT-000277,hotels,فندق نور الثريا,Noor Althuria Hotel,hotel,,Point,شارع عمر المختار، متفرع من شارع الأحواص (أو شارع المازني),شارع عمر المختار، متفرع من شارع الأحواص (أو شارع المازني),13.172944,32.891377,high,integrated,Ministry hotels team KML update,valid
LY-HOT-000278,hotels,فندق الشاطئ الذهبى,Golden Beach Hotel,hotel,,Point,طريق الكورنيش (طريق الشط)، أمام مصيف السندباد سابقاً، طرابلس، ليبيا,طريق الكورنيش (طريق الشط)، أمام مصيف السندباد سابقاً، طرابلس، ليبيا,13.162519,32.886358,high,integrated,Ministry hotels team KML update,valid
LY-HOT-000279,hotels,فندق الصافي,,hotel,,Point,طرابلس+218 21-4444011,طرابلس+218 21-4444011,13.174036,32.889351,high,integrated,Ministry hotels team KML update,valid
LY-HOT-000280,hotels,فندق بوابة أفريقيا,,hotel,,Point,,,13.1763127,32.8884804,medium,integrated,Ministry hotels team KML update,valid
LY-HOT-000281,hotels,فندق الفصول الابعة 1,,hotel,,Point,شارع عمر المختار,شارع عمر المختار,13.173452,32.890845,high,integrated,Ministry hotels team KML update,valid
LY-HOT-000282,hotels,فندق سفارى,Safari Hotel Libya),hotel,,Point,يقع الفندق في شارع طارق بن زياد (بالقرب من محطة أبو رجيلة وجامع بورقيبة) في طرابلس، ليبيا,يقع الفندق في شارع طارق بن زياد (بالقرب من محطة أبو رجيلة وجامع بورقيبة) في طرابلس، ليبيا,13.171191,32.893144,high,integrated,Ministry hotels team KML update,valid
LY-HOT-000283,hotels,فندق زهرة الخليج,Alkhaleej Hotel,hotel,,Point,تفرع من شارع عمر المختار، شارع جمال عبد الناصر، طرابلس، ليبيا,تفرع من شارع عمر المختار، شارع جمال عبد الناصر، طرابلس، ليبيا,13.1718122,32.8936004,high,integrated,Ministry hotels team KML update,valid
LY-HOT-000284,hotels,فندق السلاسل الذهبية,Golden Chains Hotel,hostel,,Point,"طرابلس شارع عمر المختار,","طرابلس شارع عمر المختار,",13.16218,32.885084,high,integrated,Ministry hotels team KML update,valid
LY-HOT-000285,hotels,فندق النورس,,hotel,,Point,,,13.192689,32.891292,medium,integrated,Ministry hotels team KML update,valid
LY-HOT-000286,hotels,فندق التوفيق 1,,hotel,,Point,,,13.192806,32.891197,medium,integrated,Ministry hotels team KML update,valid
LY-HOT-000287,hotels,فندق اليسر,,hotel,,Point,,,13.193206,32.892294,medium,integrated,Ministry hotels team KML update,valid
LY-HOT-000288,hotels,فندق الخيام العربية,,hotel,,Point,,,13.194048,32.890968,medium,integrated,Ministry hotels team KML update,valid
LY-HOT-000289,hotels,فندق الرشيد,,hotel,,Point,,,13.170814,32.889625,medium,integrated,Ministry hotels team KML update,valid
LY-HOT-000290,hotels,فندق أسامة,,hotel,,Point,,,13.175385,32.887688,medium,integrated,Ministry hotels team KML update,valid
LY-HOT-000291,hotels,فندق الزيتونة,,hotel,,Point,,,13.192034,32.890635,medium,integrated,Ministry hotels team KML update,valid
LY-HOT-000292,hotels,فندق ريباس,,hotel,,Point,,,13.207075,32.897097,medium,integrated,Ministry hotels team KML update,valid
LY-HOT-000293,hotels,فندق طليطلة,,hotel,,Point,,,13.200475,32.892241,medium,integrated,Ministry hotels team KML update,valid
LY-HOT-000294,hotels,فندق صبراتة,Sabratha Hotel,hotel,,Point,السويحلي طرابلس,السويحلي طرابلس,13.174044,32.892221,high,integrated,Ministry hotels team KML update,valid
LY-HOT-000295,hotels,فندق تاج,Hotel TAJ),hostel,,Point,شارع كندي، متفرع من ميدان السويحلي، بجانب شارع عمر المختار,شارع كندي، متفرع من ميدان السويحلي، بجانب شارع عمر المختار,13.1730691,32.8923656,high,integrated,Ministry hotels team KML update,valid
LY-HOT-000296,hotels,فندق الكندي,Al-Kindi Hotel,hotel,,Point,اربعة شوارع الكندي طرابلس ليبيا,اربعة شوارع الكندي طرابلس ليبيا,13.1729588,32.8925652,high,integrated,Ministry hotels team KML update,valid
LY-HOT-000297,hotels,فندق أضواء قرطاج,Adwaa Carthage Hotel,hotel,,Point,يقع في شارع الوادي (بعد جزيرة الجرات),يقع في شارع الوادي (بعد جزيرة الجرات),13.1725731,32.8923502,high,integrated,Ministry hotels team KML update,valid
LY-HOT-000298,hotels,فندق البشير,Al-Basheer Hotel,hotel,,Point,شارع الكندي، طرابلس، ليبيا,شارع الكندي، طرابلس، ليبيا,13.171671,32.891744,high,integrated,Ministry hotels team KML update,valid
LY-HOT-000299,hotels,فندق الهاني,Al-Hani Hotel,hostel,,Point,يقع الفندق في شارع أنطونيو ستوباني ما يعرف محليا ب بورقيبة,يقع الفندق في شارع أنطونيو ستوباني ما يعرف محليا ب بورقيبة,13.172213,32.8925379,high,integrated,Ministry hotels team KML update,valid
LY-HOT-000300,hotels,فندق القنصل فندق القنصل,El Consul Hotel,hotel,,Point,شارع الكندي طرابلس ليبيا,شارع الكندي طرابلس ليبيا,13.171369,32.892304,high,integrated,Ministry hotels team KML update,valid
LY-HOT-000301,hotels,فندق الجبل الاخضر,Al-Jebel Al-Akhdar Hotel),hotel,,Point,يقع الفندق في وسط المدينة الحيوي، وتحديداً في شارع المأمون,يقع الفندق في وسط المدينة الحيوي، وتحديداً في شارع المأمون,13.172683,32.894653,high,integrated,Ministry hotels team KML update,valid
LY-HOT-000302,hotels,الفتح,مغلق,review_required,,Point,مغلق مؤقتا,مغلق مؤقتا,13.17353,32.894213,medium,integrated,Ministry hotels team KML update,valid
LY-HOT-000303,hotels,فندق قصر ليبيا,,hotel,,Point,,,13.194232,32.893143,medium,integrated,Ministry hotels team KML update,valid
LY-HOT-000304,hotels,Hotel Haroun 2,,hotel,,Point,,,13.193761,32.892715,medium,integrated,Ministry hotels team KML update,valid
LY-HOT-000305,hotels,فندق الغزالة,,hotel,,Point,,,13.18964,32.893183,medium,integrated,Ministry hotels team KML update,valid
LY-HOT-000306,hotels,فندق كيان طرابلس,,hotel,,Point,,,13.194714,32.890554,medium,integrated,Ministry hotels team KML update,valid
LY-HOT-000307,hotels,فندق الديوان,,hotel,,Point,شارع سيدي منيذر,شارع سيدي منيذر,13.177438,32.887842,high,integrated,Ministry hotels team KML update,valid
LY-HOT-000308,hotels,فندق نيو ستي New City hotel,,hotel,,Point,,,13.176395,32.887944,medium,integrated,Ministry hotels team KML update,valid
LY-HOT-000309,hotels,فندق الدالي,,hotel,,Point,,,13.1748,32.887943,medium,integrated,Ministry hotels team KML update,valid
LY-HOT-000310,hotels,زهرة الشمس,,review_required,,Point,,,13.1762593,32.8897486,low,review_required,Ministry hotels team KML update,valid
LY-HOT-000311,hotels,فندق ضيافة طرابلس,,hotel,,Point,,,13.1760833,32.8898781,medium,integrated,Ministry hotels team KML update,valid
LY-HOT-000312,hotels,فندق الفتح شارع الرشيد,,hotel,,Point,,,13.17786,32.88945,medium,integrated,Ministry hotels team KML update,valid
LY-HOT-000313,hotels,فندق بلخير,,hotel,,Point,,,13.177366,32.890786,medium,integrated,Ministry hotels team KML update,valid
LY-HOT-000314,hotels,فندق السرايا,Assaraya Hotel,hotel,,Point,يقع الفندق في شارع عمر المختار، وتحديداً أمام معرض طرابلس الدولي,يقع الفندق في شارع عمر المختار، وتحديداً أمام معرض طرابلس الدولي,13.175881,32.891635,high,integrated,Ministry hotels team KML update,valid
LY-HOT-000315,hotels,فندق الوحدة العربية,,hotel,,Point,يقع الفندق عند الإشارة الضوئية بشارع جمال عبد الناصر في طرابلس,يقع الفندق عند الإشارة الضوئية بشارع جمال عبد الناصر في طرابلس,13.1747769,32.891739,medium,integrated,Ministry hotels team KML update,valid
LY-HOT-000316,hotels,فندق الكنوز الذهبية,,hostel,,Point,شارع عمر المختار سيمافرو جمال عبد الناصر السويحلي,شارع عمر المختار سيمافرو جمال عبد الناصر السويحلي,13.17438,32.891349,medium,integrated,Ministry hotels team KML update,valid
LY-HOT-000317,hotels,فندق الشراع,لا يوجد معلومات متوافرة,hotel,,Point,لا يوجد معلومات متوافرة,لا يوجد معلومات متوافرة,13.172951,32.89219,high,integrated,Ministry hotels team KML update,valid
LY-HOT-000318,hotels,الحبايب,,review_required,,Point,+218 92-5512135,+218 92-5512135,15.084422,32.371804,medium,integrated,Ministry hotels team KML update,valid
LY-HOT-000319,hotels,هوم بلازا_للشقق الفندقية,,hotel,,Point,مصراتة شارع،، المطبات,مصراتة شارع،، المطبات,15.07754,32.375353,high,integrated,Ministry hotels team KML update,valid
LY-HOT-000320,hotels,فندق الرحال,Al Rahal Hotel),apartment_hotel,,Point,: مصراتة، بجوار فندق قوز التيك، مقابل مدخل كلية السياحة والضيافة,: مصراتة، بجوار فندق قوز التيك، مقابل مدخل كلية السياحة والضيافة,15.082266,32.380662,high,integrated,Ministry hotels team KML update,valid
LY-HOT-000321,hotels,الوادي 2 للشقق الفندقية,,hotel,,Point,مصراتة,مصراتة,15.0843684,32.3881119,high,integrated,Ministry hotels team KML update,valid
LY-HOT-000322,hotels,الأطلس للشقق الفندقية,,hotel,,Point,,,15.086856,32.387962,medium,integrated,Ministry hotels team KML update,valid
LY-HOT-000323,hotels,فندق بيزا السياحي,Piza Tourist Hotel & Park,resort,,Point,مدينة مصراتة منطقة يدر طريق البحر (خط الساحل) مقابل منتجع مصراتة السياحي مباشرة,مدينة مصراتة منطقة يدر طريق البحر (خط الساحل) مقابل منتجع مصراتة السياحي مباشرة,15.115341,32.402325,high,integrated,Ministry hotels team KML update,valid
LY-HOT-000324,hotels,فندق قوز التيك,مقفل بشكل مؤقت,hotel,,Point,مصراتة,مصراتة,15.083572,32.380215,high,integrated,Ministry hotels team KML update,valid
LY-HOT-000325,hotels,النجمة الذهبية لشقق الفندقية,,hotel,,Point,,,15.093732,32.375713,medium,integrated,Ministry hotels team KML update,valid
LY-HOT-000326,hotels,الفخامه للشقق المفروشه,,review_required,,Point,091-0343800,091-0343800,12.478584,32.794278,medium,integrated,Ministry hotels team KML update,valid
LY-HOT-000327,hotels,اوس لشقق المفروشه,,review_required,,Point,,,12.47739,32.79517,low,review_required,Ministry hotels team KML update,valid
LY-HOT-000328,hotels,فندق الساحل,,apartment_hotel,,Point,صبراتة,صبراتة,12.434615,32.801842,medium,integrated,Ministry hotels team KML update,valid
LY-HOT-000329,hotels,الجوهرة للشقق الفندقية,,apartment_hotel,,Point,اجدابيا ليبيا طريق اوجلة,اجدابيا ليبيا طريق اوجلة,20.22385,30.7575,medium,integrated,Ministry hotels team KML update,valid
LY-HOT-000330,hotels,فندق اجدابيا السياحي,,hotel,,Point,,,20.223,30.75706,medium,integrated,Ministry hotels team KML update,valid
LY-HOT-000331,hotels,فندق الراحة اجدابيا,,hotel,,Point,يقع بالقرب من صيدلية الرحيق الشافي في حي دمشق.اجدابيا ليبيا,يقع بالقرب من صيدلية الرحيق الشافي في حي دمشق.اجدابيا ليبيا,20.198851,30.760417,high,integrated,Ministry hotels team KML update,valid
LY-HOT-000332,hotels,عمار او المجد للشقق الفندقية,,hotel,,Point,خلف مصرف الوحدة شارع عمر المختار اجدابيا ليبيا,خلف مصرف الوحدة شارع عمر المختار اجدابيا ليبيا,20.221715,30.760196,high,integrated,Ministry hotels team KML update,valid
LY-HOT-000333,hotels,فندق مزايا اجدابيا,,hostel,,Point,في مدينة أجدابيا، تحديداً مقابل جزيرة السويسي,في مدينة أجدابيا، تحديداً مقابل جزيرة السويسي,20.221715,30.760196,high,integrated,Ministry hotels team KML update,valid
LY-HOT-000334,hotels,فندق التوجان السياحي,,hostel,,Point,اجدابيا / شارع انتلات بجوار مطعم الديوان,اجدابيا / شارع انتلات بجوار مطعم الديوان,20.233088,30.761777,high,integrated,Ministry hotels team KML update,valid
LY-HOT-000335,hotels,نزل وقاعة الهاشمي,,apartment_hotel,,Point,يقع في مدينة طبرق، منطقة 2WMQ+QF,يقع في مدينة طبرق، منطقة 2WMQ+QF,23.93866,32.034474,high,integrated,Ministry hotels team KML update,valid
LY-HOT-000336,hotels,نزل وقاعة زهرة الخليج,,hostel,,Point,حي نجمة الخليج – مفترق فوزي مختار,حي نجمة الخليج – مفترق فوزي مختار,23.96998,32.02618,high,integrated,Ministry hotels team KML update,valid
LY-HOT-000337,hotels,الهضبة للشقق الفندقية,,apartment_hotel,,Point,لفندق في مدينة طبرق على الطريق الدائري، ويتميز بقربه من ميناء طبرق البحري,لفندق في مدينة طبرق على الطريق الدائري، ويتميز بقربه من ميناء طبرق البحري,23.975839,32.079275,high,integrated,Ministry hotels team KML update,valid
LY-HOT-000338,hotels,الامان للشقق الفندقية,,apartment_hotel,,Point,"مفترق رابعة, Tobruk, Libya","مفترق رابعة, Tobruk, Libya",23.939431,32.073514,high,integrated,Ministry hotels team KML update,valid
LY-HOT-000339,hotels,نزل ماريا MARIYA,,apartment_hotel,,Point,طبرق، ليبيا (بالقرب من حي التسليح),طبرق، ليبيا (بالقرب من حي التسليح),23.99551,32.03109,high,integrated,Ministry hotels team KML update,valid
LY-HOT-000340,hotels,فندق الرابطة,Al-Rabitah Hotel,hostel,,Point,غريان /تغسات,غريان /تغسات,13.0142673,32.1697572,high,integrated,Ministry hotels team KML update,valid
LY-HOT-000341,hotels,فندق سمر قند,,hotel,,Point,غريان، بالقرب من محطة الركوبة العامة,غريان، بالقرب من محطة الركوبة العامة,13.0097569,32.1679135,high,integrated,Ministry hotels team KML update,valid
LY-HOT-000342,hotels,فندق غريان السياحي,,hotel,,Point,"شارع النهضة, Gharyan, Libya, فندق غريان السياحي https://maps.app.goo.gl/UB87UsJ6Rh6bxvQv6","شارع النهضة, Gharyan, Libya, فندق غريان السياحي https://maps.app.goo.gl/UB87UsJ6Rh6bxvQv6",13.03046,32.17267,high,integrated,Ministry hotels team KML update,valid
LY-HOT-000343,hotels,فندق روايال غريان,,hostel,,Point,"Libya, Gharyan, Libya, Royal Hotel, 52GF+X7J، غريان مقابل كلية الطب البشري - جامعة غريان","Libya, Gharyan, Libya, Royal Hotel, 52GF+X7J، غريان مقابل كلية الطب البشري - جامعة غريان",13.023293,32.177538,high,integrated,Ministry hotels team KML update,valid
LY-HOT-000344,hotels,فندق حوش بوغنوش,Hosh bou ghanoush,hotel,,Point,طريق الحمراء طريق البحرية، غريان,طريق الحمراء طريق البحرية، غريان,13.010537,32.211137,high,integrated,Ministry hotels team KML update,valid
LY-HOT-000345,hotels,فندق اللؤلؤة السياحي البضاء,Pearl Tourist Hotel,hotel,,Point,,,21.737579,32.75896,medium,integrated,Ministry hotels team KML update,valid
LY-HOT-000346,hotels,فندق لؤلؤة الخليج البيضاء,LOLOAT ALKHALIG HOTEL,hotel,,Point,يقع في مدينة البيضاء، وتحديداً في منطقة مفوز الحرية,يقع في مدينة البيضاء، وتحديداً في منطقة مفوز الحرية,21.776861,32.765129,high,integrated,Ministry hotels team KML update,valid
LY-HOT-000347,hotels,فندق قصر البيضاء,,hotel,,Point,تم ازالته,تم ازالته,21.73796,32.75924,medium,integrated,Ministry hotels team KML update,valid
LY-HOT-000348,hotels,فندق القاهرة البيضاء,مغلقا حاليا,hotel,,Point,مغلق حاليا,مغلق حاليا,21.74344,32.76199,high,integrated,Ministry hotels team KML update,valid
LY-HOT-000349,hotels,النوران_ للشقق_الفندقية,Al Noran Hotel Apartments,hostel,,Point,طريق الدائري، بجوار محطة شيل ومقابل مستشفى السلام، البيضاء,طريق الدائري، بجوار محطة شيل ومقابل مستشفى السلام، البيضاء,21.738238,32.76868,high,integrated,Ministry hotels team KML update,valid
LY-HOT-000350,hotels,مكة للشقق الفندقية البيضاء,Makkah Hotel Apartments,apartment_hotel,,Point,,,21.752891,32.760241,medium,integrated,Ministry hotels team KML update,valid
LY-HOT-000351,hotels,برج المدينة للشقق الفندقية البيضاء,City Tower Hotel Apartments,hotel,,Point,يقع البرج في شارع البكوش بمدينة البيضاء، ويتميز بموقع استراتيجي وحيوي,يقع البرج في شارع البكوش بمدينة البيضاء، ويتميز بموقع استراتيجي وحيوي,21.788118,32.769666,high,integrated,Ministry hotels team KML update,valid
LY-HOT-000352,hotels,فندق اية الجبل البيضاء,AYA HOTEL,apartment_hotel,,Point,يتوسط مدينة البيضاء، في شارع مدرسة الفاتح الثانوية. مما يجعله قريباً من أغلب المطاعم والمرافق الحيوية.خرائط جوجل: يمكنك الوصول إلى موقع الفندق عبر خرائط جوجل,يتوسط مدينة البيضاء، في شارع مدرسة الفاتح الثانوية. مما يجعله قريباً من أغلب المطاعم والمرافق الحيوية.خرائط جوجل: يمكنك الوصول إلى موقع الفندق عبر خرائط جوجل,21.754817,32.763852,high,integrated,Ministry hotels team KML update,valid
LY-HOT-000353,hotels,فندق برقة السياحي,,hotel,,Point,,,21.756719,32.765152,medium,integrated,Ministry hotels team KML update,valid
LY-HOT-000354,hotels,فندق افريقيا البيضاء,Africa Hotel - El Beyda,hostel,,Point,يقع الفندق في مدينة البيضاء، ويتميز بموقع هادئ وسهل الوصول إليه,يقع الفندق في مدينة البيضاء، ويتميز بموقع هادئ وسهل الوصول إليه,21.754998,32.76413,high,integrated,Ministry hotels team KML update,valid
LY-HOT-000355,hotels,فندق برونتو البيضاء,Pronto Hotel,apartment_hotel,,Point,طريق الدائري بعد كوبري مول جواهر,طريق الدائري بعد كوبري مول جواهر,21.771261,32.770748,high,integrated,Ministry hotels team KML update,valid
LY-HOT-000356,hotels,عمارة الجوري للشقق الفندقية,Al Jouri Building (أو Al Jouri Hotel Apartments),hotel,,Point,"الغريقة قرب مدرسة عمر, Al Bayda', Libya, LY","الغريقة قرب مدرسة عمر, Al Bayda', Libya, LY",21.75352,32.75384,high,integrated,Ministry hotels team KML update,valid
LY-HOT-000357,hotels,فندق العنود البيضاء,Alanoud hotel,apartment_hotel,,Point,لبيضاء الجبل الاخضر .ليبيا,لبيضاء الجبل الاخضر .ليبيا,21.75517,32.76448,high,integrated,Ministry hotels team KML update,valid
LY-HOT-000358,hotels,فندق الفردوس للشقق الفندقية,Al-Fardous Hotel Apartments,apartment_hotel,,Point,مدينة البيضاء / شارع العروبة خلف مصرف الوحدة,مدينة البيضاء / شارع العروبة خلف مصرف الوحدة,21.747586,32.764204,high,integrated,Ministry hotels team KML update,valid
LY-HOT-000359,hotels,فندق قصر الضيافة للشقق الفندقية البيضاء,Qaser Al-Diyafa Hotel Apartments,apartment_hotel,,Point,يقع الفندق في المدخل الغربي لمدينة البيضاء، وتحديداً عند مفترق رويفع الأنصاري على الطريق المؤدية إلى الطريق الدائري,يقع الفندق في المدخل الغربي لمدينة البيضاء، وتحديداً عند مفترق رويفع الأنصاري على الطريق المؤدية إلى الطريق الدائري,21.729493,32.762472,high,integrated,Ministry hotels team KML update,valid
LY-HOT-000360,hotels,فندق مرحبا للخدمات السياحية,Marhaba Hotel,hotel,,Point,يقع الفندق في منطقة البيضاء الجديدة عند المدخل الشرقي للمدينة، وتحديداً خلف مجمع باب الحارة,يقع الفندق في منطقة البيضاء الجديدة عند المدخل الشرقي للمدينة، وتحديداً خلف مجمع باب الحارة,21.788587,32.768201,high,integrated,Ministry hotels team KML update,valid
LY-HOT-000361,hotels,عمارة اضواء ليبيا للشقق الفندقية البيضاء,Adwaa Libya Hotel Apartment,hotel,,Point,"مدخل البيضاء الشرقي خلف مركز البكوش , Al Bayda', Libya","مدخل البيضاء الشرقي خلف مركز البكوش , Al Bayda', Libya",21.790027,32.770384,high,integrated,Ministry hotels team KML update,valid
LY-HOT-000362,hotels,فندق الاندلس السياحي الخمس,Al-Andalus Hotel,hotel,,Point,يقع فندق الأندلس في مدينة الخمس بليبيا على الطريق الساحلي (طريق طرابلس),يقع فندق الأندلس في مدينة الخمس بليبيا على الطريق الساحلي (طريق طرابلس),14.277712,32.63268,high,integrated,Ministry hotels team KML update,valid
LY-HOT-000363,hotels,فندق المرقب السياحي الخمس,HOTEL ALMERGEEP,hostel,,Point,أحد خيارات الإقامة المعروفة في مدينة الخمس، ويتميز بموقعه الاستراتيجي على الطريق الساحلي بالقرب من الإشارة الضوئية (سيمافرو لبدة,أحد خيارات الإقامة المعروفة في مدينة الخمس، ويتميز بموقعه الاستراتيجي على الطريق الساحلي بالقرب من الإشارة الضوئية (سيمافرو لبدة,14.282431,32.629778,high,integrated,Ministry hotels team KML update,valid
LY-HOT-000364,hotels,فندق التوليب السياحي الخمس,Tulip Hotel,apartment_hotel,,Point,في مدينة الخمس بليبيا، وتحديداً في شارع المدينة الرياضية على طريق كلية الآداب,في مدينة الخمس بليبيا، وتحديداً في شارع المدينة الرياضية على طريق كلية الآداب,14.249288,32.650804,high,integrated,Ministry hotels team KML update,valid
LY-HOT-000365,hotels,فندق بيت سباب الخمس,Al Khums Youth Hostel,hotel,,Point,"شارع الرياضية, Al Khums, Libya","شارع الرياضية, Al Khums, Libya",14.24756,32.648142,high,integrated,Ministry hotels team KML update,valid
LY-HOT-000366,hotels,فندق الاخوة السياحي الخمس,Brothers Hotel,hotel,,Point,يقع في شارع الشط، وسط المدينة (بالقرب من منطقة المنتزه).الخمس، ليبيا,يقع في شارع الشط، وسط المدينة (بالقرب من منطقة المنتزه).الخمس، ليبيا,14.263151,32.655196,high,integrated,Ministry hotels team KML update,valid
LY-HOT-000367,hotels,فندق الليلك ALlilac hotel,,hotel,,Point,,,13.196533,32.8942135,medium,integrated,Ministry hotels team KML update,valid
LY-HOT-000368,hotels,فندق البحيرات السبعة السياحي,,hotel,,Point,"بجوار مقهى الديوانية, بنغازي","بجوار مقهى الديوانية, بنغازي",20.0895891,32.1248781,high,integrated,Ministry hotels team KML update,valid
LY-HOT-000369,hotels,فندق برنيتشي السياحي,,hotel,,Point,,,20.0893526,32.1259744,high,integrated,Ministry hotels team KML update,valid
LY-HOT-000370,hotels,Sabratha youth hostel _بيت شباب صبراتة,,review_required,,Point,,,12.4890506,32.8001823,low,review_required,Ministry hotels team KML update,valid
LY-HOT-000371,hotels,Lancaster Al Salam Resort - منتجع لانكستر السلام,,resort,,Point,,,12.3875354,32.8150919,medium,integrated,Ministry hotels team KML update,valid
LY-HOT-000372,hotels,فندق الساحل,,hotel,,Point,,,12.457789,32.7965033,medium,integrated,Ministry hotels team KML update,valid
LY-HOT-000373,hotels,المعهد القومي العلاج الأورام صبراتة,,review_required,,Point,,,12.4698415,32.8084762,low,review_required,Ministry hotels team KML update,valid
LY-HOT-000374,hotels,السيلفيوم للشقق المفروشة,,review_required,,Point,,,12.4531777,32.8121581,low,review_required,Ministry hotels team KML update,valid
LY-HOT-000375,hotels,فندق الخليج,Alkhaleej Hotel,hostel,,Point,,,13.175709,32.889128,medium,integrated,Ministry hotels team KML update,valid
LY-HOT-000376,hotels,فندق أضواء قرطاج,Adwaa Carthage Hotel,hotel,,Point,,,13.17257,32.89236,medium,integrated,Ministry hotels team KML update,valid
LY-HOT-000377,hotels,فندق اجنحة قرطاج,,hotel,,Point,,,13.17774,32.89006,medium,integrated,Ministry hotels team KML update,valid
LY-HOT-000378,hotels,فندق الباشا,Al Basha Hotel,hotel,,Point,,,13.17601,32.88716,medium,integrated,Ministry hotels team KML update,valid
LY-HOT-000379,hotels,دار السلام للشقق الفندقية,Dar Al Salam Hotel Apartments,hotel,,Point,,,13.239475,32.853567,medium,integrated,Ministry hotels team KML update,valid
LY-HOT-000380,hotels,فندق نيو سيتي,New City Hotel,hotel,,Point,,,13.17231,32.89235,medium,integrated,Ministry hotels team KML update,valid
LY-HOT-000381,hotels,فندق الهانى,Al-Hani Hotel,hotel,,Point,,,13.174,32.8926,medium,integrated,Ministry hotels team KML update,valid
LY-HOT-000382,hotels,فندق اليسر,Al-Yusr Hotel,hotel,,Point,,,13.17601,32.8816,medium,integrated,Ministry hotels team KML update,valid
LY-HOT-000383,hotels,فندق جنان النوار,,hotel,,Point,,,13.179595,32.890747,medium,integrated,Ministry hotels team KML update,valid
LY-HOT-000384,hotels,فندق جولف,Golf Hotel,hotel,,Point,,,13.19071,32.88649,medium,integrated,Ministry hotels team KML update,valid
LY-HOT-000385,hotels,فندق زهرة الشمس,"Hotel Zahrat Al Shams""",hotel,,Point,,,13.17626,32.88975,medium,integrated,Ministry hotels team KML update,valid
LY-HOT-000386,hotels,فندق سنترو,(Ll Centro Hotel),hotel,,Point,,,13.18131,32.89369,medium,integrated,Ministry hotels team KML update,valid
LY-HOT-000387,hotels,فندق صبراتة,Sabratha Hotel Tripoli,hotel,,Point,,,13.17402,32.89222,medium,integrated,Ministry hotels team KML update,valid
LY-HOT-000388,hotels,فندق كيان 2,Kayan 2 Hotel,hostel,,Point,,,13.17596,32.88216,medium,integrated,Ministry hotels team KML update,valid
LY-HOT-000389,hotels,فندق نور الثريا السياحى,Noor Al-Thuraya Hotel,hostel,,Point,,,13.1723954,32.8894048,medium,integrated,Ministry hotels team KML update,valid
LY-HOT-000390,hotels,فندق أويا,Oya Hotel,hotel,,Point,,,13.17718,32.88905,medium,integrated,Ministry hotels team KML update,valid
LY-HOT-000391,hotels,فندق منتجع الطاووس,Peacock Hotel And Resort,resort,,Point,,,13.317558,32.873821,medium,integrated,Ministry hotels team KML update,valid
LY-HOT-000392,hotels,اجنحة كراون للشقق الفندقية,Crown suites,apartment_hotel,,Point,,,13.29381,32.8475,medium,integrated,Ministry hotels team KML update,valid
LY-HOT-000393,hotels,الدلتا للشقق الفندقية 2,Aldelta Residence,apartment_hotel,,Point,,,13.29394,32.84882,medium,integrated,Ministry hotels team KML update,valid
LY-HOT-000394,hotels,الدلتا للشقق الفندقية 1,Aldelta Residence,apartment_hotel,,Point,,,13.19749,32.86091,medium,integrated,Ministry hotels team KML update,valid
LY-HOT-000395,hotels,الشاطي الذهبي,Golden Beach Hotel),hotel,,Point,,,13.162695,32.886058,medium,integrated,Ministry hotels team KML update,valid
LY-HOT-000396,hotels,العنوان للشقق الفندقيه,The Address Hotel Apartments,apartment_hotel,,Point,,,13.193034,32.889375,medium,integrated,Ministry hotels team KML update,valid
LY-HOT-000397,hotels,تحت الصيانة الفندق الكبير,تحت الصيانة,hotel,,Point,,,13.18473,32.89343,medium,integrated,Ministry hotels team KML update,valid
LY-HOT-000398,hotels,القبس لشقق الفندقيه,Al-Qabas Hotel Apartments,apartment_hotel,,Point,,,13.26757,32.8519,medium,integrated,Ministry hotels team KML update,valid
LY-HOT-000399,hotels,الماسة للأجنحة الفندقية,Almasa Hotel Suites,apartment_hotel,,Point,,,13.18267,32.88728,medium,integrated,Ministry hotels team KML update,valid
LY-HOT-000400,hotels,المجرة للشقق الفندقية,(Hotel Suites / Serviced Apartments),apartment_hotel,,Point,,,13.31136,32.84615,medium,integrated,Ministry hotels team KML update,valid
LY-HOT-000401,hotels,المكان للشقق الفندقية,Al Makan Hotel Apartments,apartment_hotel,,Point,,,13.17589,32.88933,medium,integrated,Ministry hotels team KML update,valid
LY-HOT-000402,hotels,اوكا لشقق الفندقيه vib,Oka Hotel Apartments VIP,apartment_hotel,,Point,,,13.180711,32.88827,medium,integrated,Ministry hotels team KML update,valid
LY-HOT-000403,hotels,إقامة إيفا للشق الفندقية,Eva Residence for Hotel Apartments,apartment_hotel,,Point,,,13.23122,32.83415,medium,integrated,Ministry hotels team KML update,valid
LY-HOT-000404,hotels,إقامة قورينا الفاخرة,Corina Residence,apartment_hotel,,Point,,,13.19489,32.88687,medium,integrated,Ministry hotels team KML update,valid
LY-HOT-000405,hotels,أجنحة الفوانيس للشقق الفندقية,Al-Fawanees Hotel Suites,apartment_hotel,,Point,,,13.2047,32.8946,medium,integrated,Ministry hotels team KML update,valid
LY-HOT-000406,hotels,بيت النوران للشقق الفندقية,Bayt Alnoorane Hotel Apartments,apartment_hotel,,Point,,,13.28782,32.84898,medium,integrated,Ministry hotels team KML update,valid
LY-HOT-000407,hotels,بيوت العاصمة للشقق الفندقية,Beyout Al-Asimah Hotel Apartments,apartment_hotel,,Point,,,13.248638,32.843787,medium,integrated,Ministry hotels team KML update,valid
LY-HOT-000408,hotels,جواهر العاصمة للشقق الفندقية,Jawaher Al-Asema Apartment Hotel,hostel,,Point,,,13.21042,32.891888,medium,integrated,Ministry hotels team KML update,valid
LY-HOT-000409,hotels,جولايا للشقق الفندقية,Julaya Hotel Apartments,apartment_hotel,,Point,,,13.19665,32.88071,medium,integrated,Ministry hotels team KML update,valid
LY-HOT-000410,hotels,جوهرة السلام للشقق الفندقية,Aparthotels / Hotel Apartments,apartment_hotel,,Point,,,13.29389,32.84695,medium,integrated,Ministry hotels team KML update,valid
LY-HOT-000411,hotels,حدائق المشتل للشقق الفندقية,Almashtel Gardens,apartment_hotel,,Point,,,13.28383,32.85064,medium,integrated,Ministry hotels team KML update,valid
LY-HOT-000412,hotels,دار الضيافة 2 للشقق الفندقية,dar aldiyafat 2 lilshuqaq alfunduqia,apartment_hotel,,Point,,,13.256248,32.83993,medium,integrated,Ministry hotels team KML update,valid
LY-HOT-000413,hotels,شركة العميد لايجار الشقق الفندقية,Alameed Hotel Booking,apartment_hotel,,Point,,,13.25056,32.82608,medium,integrated,Ministry hotels team KML update,valid
LY-HOT-000414,hotels,شقق البرنس,Prince Apartments,apartment_hotel,,Point,,,13.263127,32.836532,medium,integrated,Ministry hotels team KML update,valid
LY-HOT-000415,hotels,شقق الرواد المفروشة,Al-Rowad Tourist Hotel,apartment_hotel,,Point,,,13.1667,32.84575,medium,integrated,Ministry hotels team KML update,valid
LY-HOT-000416,hotels,شقق فيلا ليبيا الفندقية,Villa-Libya-Apartments,apartment_hotel,,Point,,,13.259625,32.847428,medium,integrated,Ministry hotels team KML update,valid
LY-HOT-000417,hotels,فندق اكاكوس,Akakus Hotel,hostel,,Point,,,13.19143,32.89236,medium,integrated,Ministry hotels team KML update,valid
LY-HOT-000418,hotels,فندق الاخوة,Alokhowa Hotel),hostel,,Point,,,13.1741,32.8916,medium,integrated,Ministry hotels team KML update,valid
LY-HOT-000419,hotels,فندق الاصالة,Alasala Hotel,hostel,,Point,,,13.1787384,32.8917799,medium,integrated,Ministry hotels team KML update,valid
LY-HOT-000420,hotels,فندق الاندلس,Al Andalus Hotel Tripoli,hostel,,Point,,,13.172675,32.892025,medium,integrated,Ministry hotels team KML update,valid
LY-HOT-000421,hotels,فندق البتراء,Albatra Hotel,hostel,,Point,,,13.17352,32.888515,medium,integrated,Ministry hotels team KML update,valid
LY-HOT-000422,hotels,فندق البشير,Al-Basheer Hotel (or Al Bashir Hotel,hotel,,Point,,,13.17164,32.89176,medium,integrated,Ministry hotels team KML update,valid
LY-HOT-000423,hotels,فندق البيت الراقي للشقق الفندقية,Al-Bait Al-Raqi Hotel Apartments,apartment_hotel,,Point,,,13.257115,32.841437,medium,integrated,Ministry hotels team KML update,valid
LY-HOT-000424,hotels,فندق التاج,Hotel TAJ,hotel,,Point,,,13.173142,32.892292,medium,integrated,Ministry hotels team KML update,valid
LY-HOT-000425,hotels,فندق التوفيق بلازا,Attawfeek Plaza Hotel,hostel,,Point,,,13.19269,32.89108,medium,integrated,Ministry hotels team KML update,valid
LY-HOT-000426,hotels,فندق الجبل الأخضر,Al-Jebel Al-Akhdar Hotel,hotel,,Point,,,13.17295,32.89486,medium,integrated,Ministry hotels team KML update,valid
LY-HOT-000427,hotels,فندق الجرات,,hotel,,Point,,,13.17827,32.890334,medium,integrated,Ministry hotels team KML update,valid
LY-HOT-000428,hotels,فندق الخان الطرابلسي,El Khan Hotel,hotel,,Point,,,13.1765324,32.8983279,medium,integrated,Ministry hotels team KML update,valid
LY-HOT-000429,hotels,فندق الخليج,Alkhaleej Hotel,hostel,,Point,,,13.1756702,32.8891741,medium,integrated,Ministry hotels team KML update,valid
LY-HOT-000430,hotels,فندق الخيام العربية,,hotel,,Point,,,13.206868,32.89736,medium,integrated,Ministry hotels team KML update,valid
LY-HOT-000431,hotels,فندق الدالي,,hotel,,Point,,,13.17488,32.88785,medium,integrated,Ministry hotels team KML update,valid
LY-HOT-000432,hotels,فندق الدبلوماسي,Diplomatic Hotel,hotel,,Point,,,13.1735146,32.8891665,medium,integrated,Ministry hotels team KML update,valid
LY-HOT-000433,hotels,فندق الدوحة,,hotel,,Point,,,13.17177,32.89215,medium,integrated,Ministry hotels team KML update,valid
LY-HOT-000434,hotels,فندق الديار,ADDEYAR HOTEL,hotel,,Point,,,13.174485,32.8915413,medium,integrated,Ministry hotels team KML update,valid
LY-HOT-000435,hotels,فندق الديوان,,hotel,,Point,,,13.177471,32.88782,medium,integrated,Ministry hotels team KML update,valid
LY-HOT-000436,hotels,فندق الديوان,,hotel,,Point,,,13.17747,32.88782,medium,integrated,Ministry hotels team KML update,valid
LY-HOT-000437,hotels,فندق الديوان,,hotel,,Point,,,13.177471,32.88782,medium,integrated,Ministry hotels team KML update,valid
LY-HOT-000438,hotels,فندق الديوان,,hotel,,Point,,,13.17747,32.88782,medium,integrated,Ministry hotels team KML update,valid
LY-HOT-000439,hotels,فندق الرحاب,,hotel,,Point,,,13.17289,32.89318,medium,integrated,Ministry hotels team KML update,valid
LY-HOT-000440,hotels,فندق الرحاب 1,,hotel,,Point,,,13.173006,32.89328,medium,integrated,Ministry hotels team KML update,valid
LY-HOT-000441,hotels,فندق الرحاب 2,,hotel,,Point,,,13.172757,32.893612,medium,integrated,Ministry hotels team KML update,valid
LY-HOT-000442,hotels,فندق الرفيع,,hotel,,Point,,,13.172712,32.893475,medium,integrated,Ministry hotels team KML update,valid
LY-HOT-000443,hotels,فندق الرواد,,hotel,,Point,,,13.16672,32.84566,medium,integrated,Ministry hotels team KML update,valid
LY-HOT-000444,hotels,فندق الريان,Alrayan Hotel,hotel,,Point,,,13.1725981,32.8906052,medium,integrated,Ministry hotels team KML update,valid
LY-HOT-000445,hotels,فندق الزيتونة,Alzaytouna Hotel,hostel,,Point,,,13.1921066,32.8903909,medium,integrated,Ministry hotels team KML update,valid
LY-HOT-000446,hotels,فندق السرايا,Assaraya Hotel,hotel,,Point,,,13.1757505,32.8916005,medium,integrated,Ministry hotels team KML update,valid
LY-HOT-000447,hotels,فندق السرايا السياحي,,hotel,,Point,,,13.17016,32.88849,medium,integrated,Ministry hotels team KML update,valid
LY-HOT-000448,hotels,فندق السفير,,hotel,,Point,,,13.17289,32.89137,medium,integrated,Ministry hotels team KML update,valid
LY-HOT-000449,hotels,فندق السفينة الزرقاء,,hotel,,Point,,,13.18844,32.89028,medium,integrated,Ministry hotels team KML update,valid
LY-HOT-000450,hotels,فندق السلاسل الذهبية,,hotel,,Point,,,13.16231,32.88532,medium,integrated,Ministry hotels team KML update,valid
LY-HOT-000451,hotels,فندق السلطان,,hotel,,Point,,,13.19688,32.89231,medium,integrated,Ministry hotels team KML update,valid
LY-HOT-000452,hotels,فندق السلطان داون تاون,,hotel,,Point,,,13.173253,32.887215,medium,integrated,Ministry hotels team KML update,valid
LY-HOT-000453,hotels,فندق السندباد,,hotel,,Point,,,13.16273,32.88596,medium,integrated,Ministry hotels team KML update,valid
LY-HOT-000454,hotels,فندق الشاطئ الذهبي,,hotel,,Point,,,13.16243,32.8864,medium,integrated,Ministry hotels team KML update,valid
LY-HOT-000455,hotels,فندق الشجرة,,hotel,,Point,,,13.19513,32.89339,medium,integrated,Ministry hotels team KML update,valid
LY-HOT-000456,hotels,فندق الشمس,,hotel,,Point,,,13.173329,32.892407,medium,integrated,Ministry hotels team KML update,valid
LY-HOT-000457,hotels,فندق الصافي,,hotel,,Point,,,13.1742,32.88948,medium,integrated,Ministry hotels team KML update,valid
LY-HOT-000458,hotels,فندق الصفوة للشقق الفندقية,,apartment_hotel,,Point,,,13.1886,32.8903,medium,integrated,Ministry hotels team KML update,valid
LY-HOT-000459,hotels,فندق الصولجان,,hotel,,Point,,,13.16296,32.88573,medium,integrated,Ministry hotels team KML update,valid
LY-HOT-000460,hotels,فندق الضيافة,,hotel,,Point,,,13.172,32.89226,medium,integrated,Ministry hotels team KML update,valid
LY-HOT-000461,hotels,فندق الطريق,,hotel,,Point,,,13.5800649,32.7974846,medium,integrated,Ministry hotels team KML update,valid
LY-HOT-000462,hotels,فندق العاصمة,,hotel,,Point,,,13.17404,32.88959,medium,integrated,Ministry hotels team KML update,valid
LY-HOT-000463,hotels,فندق الفتح,,hotel,,Point,,,13.17782,32.88943,medium,integrated,Ministry hotels team KML update,valid
LY-HOT-000464,hotels,فندق الفردوس,,hotel,,Point,,,13.17684,32.89315,medium,integrated,Ministry hotels team KML update,valid
LY-HOT-000465,hotels,فندق الفصول الأربعة ( 1 ),,hotel,,Point,,,13.17354,32.89087,medium,integrated,Ministry hotels team KML update,valid
LY-HOT-000466,hotels,فندق الفصول الأربعة ( 2 ),,hotel,,Point,,,13.173947,32.892025,medium,integrated,Ministry hotels team KML update,valid
LY-HOT-000467,hotels,فندق الفصول الأربعة ( 3 ),,hotel,,Point,,,13.173882,32.889845,medium,integrated,Ministry hotels team KML update,valid
LY-HOT-000468,hotels,فندق القلعة السياحي للشقق المفروشة,,apartment_hotel,,Point,,,13.16694,32.84635,medium,integrated,Ministry hotels team KML update,valid
LY-HOT-000469,hotels,فندق القنصل,,hotel,,Point,,,13.17139,32.89232,medium,integrated,Ministry hotels team KML update,valid
LY-HOT-000470,hotels,فندق القوس,,hotel,,Point,,,13.19366,32.89311,medium,integrated,Ministry hotels team KML update,valid
LY-HOT-000471,hotels,فندق الكندي,,hotel,,Point,,,13.17304,32.89234,medium,integrated,Ministry hotels team KML update,valid
LY-HOT-000472,hotels,فندق الكنوز الدهبية,,hotel,,Point,,,13.174283,32.8914,medium,integrated,Ministry hotels team KML update,valid
LY-HOT-000473,hotels,فندق اللؤلؤة,,apartment_hotel,,Point,,,13.16297,32.88663,medium,integrated,Ministry hotels team KML update,valid
LY-HOT-000474,hotels,فندق الليلك,,hotel,,Point,,,13.196468,32.89431,medium,integrated,Ministry hotels team KML update,valid
LY-HOT-000475,hotels,فندق المأمون,,hotel,,Point,,,13.17422,32.89429,medium,integrated,Ministry hotels team KML update,valid
LY-HOT-000476,hotels,فندق المبروك,,hotel,,Point,,,13.17221,32.89304,medium,integrated,Ministry hotels team KML update,valid
LY-HOT-000477,hotels,فندق المتوسط,,hotel,,Point,,,13.18494,32.88922,medium,integrated,Ministry hotels team KML update,valid
LY-HOT-000478,hotels,فندق المتوسط,,hotel,,Point,,,13.18494,32.88921,medium,integrated,Ministry hotels team KML update,valid
LY-HOT-000479,hotels,فندق المتوسط,,hotel,,Point,,,13.18494,32.88922,medium,integrated,Ministry hotels team KML update,valid
LY-HOT-000480,hotels,فندق المتوسط,,hotel,,Point,,,13.18494,32.88921,medium,integrated,Ministry hotels team KML update,valid
LY-HOT-000481,hotels,فندق المختار,,hotel,,Point,,,13.17151,32.89212,medium,integrated,Ministry hotels team KML update,valid
LY-HOT-000482,hotels,فندق المشكاة,,hotel,,Point,,,13.17974,32.89147,medium,integrated,Ministry hotels team KML update,valid
LY-HOT-000483,hotels,فندق المنامة,,hotel,,Point,,,13.173006,32.89328,medium,integrated,Ministry hotels team KML update,valid
LY-HOT-000484,hotels,فندق المهاري رادسون بلو,Radisson Blu Al Mahary Hotel,resort,,Point,,,13.1997991,32.8959784,medium,integrated,Ministry hotels team KML update,valid
LY-HOT-000485,hotels,فندق النخلة السياحي,,hotel,,Point,,,13.19617,32.89079,medium,integrated,Ministry hotels team KML update,valid
LY-HOT-000486,hotels,فندق النهر,,hotel,,Point,,,13.17116,32.8936,medium,integrated,Ministry hotels team KML update,valid
LY-HOT-000487,hotels,فندق النورس,,hotel,,Point,,,13.19275,32.89127,medium,integrated,Ministry hotels team KML update,valid
LY-HOT-000488,hotels,فندق الهاني,,hotel,,Point,,,13.172338,32.892273,medium,integrated,Ministry hotels team KML update,valid
LY-HOT-000489,hotels,فندق الهناء,,hotel,,Point,,,13.17509,32.89193,medium,integrated,Ministry hotels team KML update,valid
LY-HOT-000490,hotels,فندق الواحات,,hotel,,Point,,,13.16897,32.88737,medium,integrated,Ministry hotels team KML update,valid
LY-HOT-000491,hotels,فندق الوادي,,hotel,,Point,,,13.18057,32.88846,medium,integrated,Ministry hotels team KML update,valid
LY-HOT-000492,hotels,فندق الودان,,hotel,,Point,,,13.1909,32.89313,medium,integrated,Ministry hotels team KML update,valid
LY-HOT-000493,hotels,فندق الياسمينة,,hotel,,Point,,,13.18507,32.88789,medium,integrated,Ministry hotels team KML update,valid
LY-HOT-000494,hotels,فندق الياقوتة,,hotel,,Point,,,13.17631,32.89129,medium,integrated,Ministry hotels team KML update,valid
LY-HOT-000495,hotels,فندق اليقين,,hotel,,Point,,,13.172999,32.8924,medium,integrated,Ministry hotels team KML update,valid
LY-HOT-000496,hotels,فندق اوال,Awal Hotel Tripoli,hotel,,Point,,,13.17211,32.8888903,medium,integrated,Ministry hotels team KML update,valid
LY-HOT-000497,hotels,فندق أجنحة الوليد,,hotel,,Point,,,13.19003,32.886231,medium,integrated,Ministry hotels team KML update,valid
LY-HOT-000498,hotels,فندق أسامة,,hotel,,Point,,,13.1755605,32.8871678,medium,integrated,Ministry hotels team KML update,valid
LY-HOT-000499,hotels,فندق أسامة,,hotel,,Point,,,13.1757843,32.8871208,medium,integrated,Ministry hotels team KML update,valid
LY-HOT-000500,hotels,فندق أسامة,,hotel,,Point,,,13.1756249,32.8871093,medium,integrated,Ministry hotels team KML update,valid
LY-HOT-000501,hotels,فندق أسامة,,hotel,,Point,,,13.1755107,32.8872874,medium,integrated,Ministry hotels team KML update,valid
LY-HOT-000502,hotels,فندق باب البحر,,hotel,,Point,,,13.1649319,32.8945243,medium,integrated,Ministry hotels team KML update,valid
LY-HOT-000503,hotels,فندق باب طرابلس,,hotel,,Point,,,13.17819,32.87239,medium,integrated,Ministry hotels team KML update,valid
LY-HOT-000504,hotels,فندق برج المدينة,,hotel,,Point,,,13.17303,32.88987,medium,integrated,Ministry hotels team KML update,valid
LY-HOT-000505,hotels,فندق برج كورنثيا باب أفريقيا,,hotel,,Point,,,13.170857,32.897016,medium,integrated,Ministry hotels team KML update,valid
LY-HOT-000506,hotels,فندق بلازما,,hotel,,Point,,,13.16405,32.88571,medium,integrated,Ministry hotels team KML update,valid
LY-HOT-000507,hotels,فندق بلخير,,hotel,,Point,,,13.17728,32.8907,medium,integrated,Ministry hotels team KML update,valid
LY-HOT-000508,hotels,فندق بلخير السياحي,,hotel,,Point,,,13.177267,32.890687,medium,integrated,Ministry hotels team KML update,valid
LY-HOT-000509,hotels,فندق بيت الامان,,hotel,,Point,,,13.1919,32.89041,medium,integrated,Ministry hotels team KML update,valid
LY-HOT-000510,hotels,فندق بيت الشرق,,hotel,,Point,,,13.17232,32.89234,medium,integrated,Ministry hotels team KML update,valid
LY-HOT-000511,hotels,فندق بيت الضيافة,,hotel,,Point,,,13.10091,32.8627,medium,integrated,Ministry hotels team KML update,valid
LY-HOT-000512,hotels,فندق بيروت,,hotel,,Point,,,13.17501,32.89186,medium,integrated,Ministry hotels team KML update,valid
LY-HOT-000513,hotels,فندق تاج دبي,,hotel,,Point,,,13.173948,32.892203,medium,integrated,Ministry hotels team KML update,valid
LY-HOT-000514,hotels,فندق توباكتس,,hotel,,Point,,,13.16469,32.88609,medium,integrated,Ministry hotels team KML update,valid
LY-HOT-000515,hotels,فندق جاكرتا,,hotel,,Point,,,13.18665,32.88863,medium,integrated,Ministry hotels team KML update,valid
LY-HOT-000516,hotels,فندق جي دبليو ماروت,Lancaster Burj Al Hayat,hotel,,Point,,,13.164639,32.891567,medium,integrated,Ministry hotels team KML update,valid
LY-HOT-000517,hotels,فندق دار طرابلس,,hotel,,Point,,,13.192052,32.891919,medium,integrated,Ministry hotels team KML update,valid
LY-HOT-000518,hotels,فندق ديكنة,,hotel,,Point,,,13.17661,32.888213,medium,integrated,Ministry hotels team KML update,valid
LY-HOT-000519,hotels,فندق ذا ريسدنس,,hotel,,Point,,,13.19399,32.88884,medium,integrated,Ministry hotels team KML update,valid
LY-HOT-000520,hotels,فندق رويال جاردنس,,hotel,,Point,,,13.19012,32.88628,medium,integrated,Ministry hotels team KML update,valid
LY-HOT-000521,hotels,فندق ريزيدينس,,hotel,,Point,,,13.19378,32.88867,medium,integrated,Ministry hotels team KML update,valid
LY-HOT-000522,hotels,فندق زميت الأثري,,hotel,,Point,,,13.17576,32.89958,medium,integrated,Ministry hotels team KML update,valid
LY-HOT-000523,hotels,فندق زهرة الخليج,,hotel,,Point,,,13.171917,32.89311,medium,integrated,Ministry hotels team KML update,valid
LY-HOT-000524,hotels,فندق سارة,,hotel,,Point,,,13.163005,32.885297,medium,integrated,Ministry hotels team KML update,valid
LY-HOT-000525,hotels,فندق سبراتا,,hotel,,Point,,,13.191319,32.88722,medium,integrated,Ministry hotels team KML update,valid
LY-HOT-000526,hotels,فندق سفارى,,hotel,,Point,,,13.17149,32.89316,medium,integrated,Ministry hotels team KML update,valid
LY-HOT-000527,hotels,فندق سما و بلقيس,,hotel,,Point,,,13.17925,32.88931,medium,integrated,Ministry hotels team KML update,valid
LY-HOT-000528,hotels,فندق سما وبلقيس,,hotel,,Point,,,13.17881,32.88947,medium,integrated,Ministry hotels team KML update,valid
LY-HOT-000529,hotels,فندق صحراء ليبيا,,hotel,,Point,,,13.16299,32.88533,medium,integrated,Ministry hotels team KML update,valid
LY-HOT-000530,hotels,فندق ضيافة ونيس,,hotel,,Point,,,13.173872,32.674516,medium,integrated,Ministry hotels team KML update,valid
LY-HOT-000531,hotels,فندق طرابلس الدولى,,hotel,,Point,,,13.17533,32.88995,medium,integrated,Ministry hotels team KML update,valid
LY-HOT-000532,hotels,فندق طليطلة,,hotel,,Point,,,13.20382,32.89202,medium,integrated,Ministry hotels team KML update,valid
LY-HOT-000533,hotels,فندق طيبة,,hotel,,Point,,,13.17181,32.89196,medium,integrated,Ministry hotels team KML update,valid
LY-HOT-000534,hotels,فندق عمير,,hotel,,Point,,,13.172306,32.892162,medium,integrated,Ministry hotels team KML update,valid
LY-HOT-000535,hotels,فندق غصن الذهب,,hotel,,Point,,,13.16923,32.89133,medium,integrated,Ministry hotels team KML update,valid
LY-HOT-000536,hotels,فندق فكتوريا,,hotel,,Point,,,13.19444,32.89132,medium,integrated,Ministry hotels team KML update,valid
LY-HOT-000537,hotels,فندق الاندلس /فندق فوربوينتس شيرتون,,hotel,,Point,,,13.146443,32.881078,medium,integrated,Ministry hotels team KML update,valid
LY-HOT-000538,hotels,فندق قرطاج,,hotel,,Point,,,13.172593,32.892179,medium,integrated,Ministry hotels team KML update,valid
LY-HOT-000539,hotels,فندق قصر الظهرة,,hotel,,Point,,,13.19423,32.89308,medium,integrated,Ministry hotels team KML update,valid
LY-HOT-000540,hotels,فندق قصر الياقوت,,hotel,,Point,,,13.1778757,32.8916761,medium,integrated,Ministry hotels team KML update,valid
LY-HOT-000541,hotels,فندق قصر ليبيا,,hotel,,Point,,,13.19433,32.89311,medium,integrated,Ministry hotels team KML update,valid
LY-HOT-000542,hotels,فندق قلعة صفيت,,hotel,,Point,,,13.171082,32.893137,medium,integrated,Ministry hotels team KML update,valid
LY-HOT-000543,hotels,فندق هارون,,hotel,,Point,,,13.19167,32.89047,medium,integrated,Ministry hotels team KML update,valid
LY-HOT-000544,hotels,فندق قورينا,,hotel,,Point,,,13.1935,32.89095,medium,integrated,Ministry hotels team KML update,valid
LY-HOT-000545,hotels,فندق كريستال,,hotel,,Point,,,13.177715,32.888509,medium,integrated,Ministry hotels team KML update,valid
LY-HOT-000546,hotels,فندق كليوباترا,,hotel,,Point,,,13.19292,32.89206,medium,integrated,Ministry hotels team KML update,valid
LY-HOT-000547,hotels,فندق كيان,,hotel,,Point,,,13.1948,32.89062,medium,integrated,Ministry hotels team KML update,valid
LY-HOT-000548,hotels,فندق كيفالاي,,hotel,,Point,,,13.198579,32.855747,medium,integrated,Ministry hotels team KML update,valid
LY-HOT-000549,hotels,فندق كيلو بترا,,hotel,,Point,,,13.193203,32.89192,medium,integrated,Ministry hotels team KML update,valid
LY-HOT-000550,hotels,فندق ليبوس,,hotel,,Point,,,13.208031,32.897506,medium,integrated,Ministry hotels team KML update,valid
LY-HOT-000551,hotels,فندق ليبيا السياحي,,hotel,,Point,,,13.16452,32.88714,medium,integrated,Ministry hotels team KML update,valid
LY-HOT-000552,hotels,فندق ماريقولد,,hotel,,Point,,,13.192639,32.890861,medium,integrated,Ministry hotels team KML update,valid
LY-HOT-000553,hotels,فندق مجد الضيافة,,apartment_hotel,,Point,,,13.135809,32.846506,medium,integrated,Ministry hotels team KML update,valid
LY-HOT-000554,hotels,فندق مرحبا,,hotel,,Point,,,13.19337,32.89188,medium,integrated,Ministry hotels team KML update,valid
LY-HOT-000555,hotels,فندق ناريـز ( NARIZ HOTEL),,hotel,,Point,,,13.20266,32.89559,medium,integrated,Ministry hotels team KML update,valid
LY-HOT-000556,hotels,فندق نزهة,,hotel,,Point,,,13.20022,32.881335,medium,integrated,Ministry hotels team KML update,valid
LY-HOT-000557,hotels,فندق نيو ستي,,hotel,,Point,,,13.176188,32.88784,medium,integrated,Ministry hotels team KML update,valid
LY-HOT-000558,hotels,فندق هايتي,,hotel,,Point,,,13.172014,32.893914,medium,integrated,Ministry hotels team KML update,valid
LY-HOT-000559,hotels,قرية تاجوراء السياحية,,hotel,,Point,,,13.42945,32.86274,medium,integrated,Ministry hotels team KML update,valid
LY-HOT-000560,hotels,قصر العائلة للشقق الفندقية الفرع الثاني,,apartment_hotel,,Point,,,13.21628,32.89163,medium,integrated,Ministry hotels team KML update,valid
LY-HOT-000561,hotels,لبدة إفريقيا للشقق الفندقية,,apartment_hotel,,Point,,,13.239434,32.853777,medium,integrated,Ministry hotels team KML update,valid
LY-HOT-000562,hotels,لمسة للشقق الفندقية,,apartment_hotel,,Point,,,13.18492,32.88966,medium,integrated,Ministry hotels team KML update,valid
LY-HOT-000563,hotels,مساكن القدس للشقق الفندقية,,apartment_hotel,,Point,,,13.179476,32.879495,medium,integrated,Ministry hotels team KML update,valid
LY-HOT-000564,hotels,مساكن القدس للشقق الفندقية,,apartment_hotel,,Point,,,13.17949,32.87951,medium,integrated,Ministry hotels team KML update,valid
LY-HOT-000565,hotels,مساكن القدس للشقق الفندقية,,apartment_hotel,,Point,,,13.179476,32.879495,medium,integrated,Ministry hotels team KML update,valid
LY-HOT-000566,hotels,مساكن القدس للشقق الفندقية,,apartment_hotel,,Point,,,13.17949,32.87951,medium,integrated,Ministry hotels team KML update,valid
LY-HOT-000567,hotels,منازل الشط للشقق الفندقية,,apartment_hotel,,Point,,,13.23361,32.90408,medium,integrated,Ministry hotels team KML update,valid
LY-HOT-000568,hotels,والي للشقق الفندقية,,apartment_hotel,,Point,,,13.265857,32.905556,medium,integrated,Ministry hotels team KML update,valid
LY-HOT-000569,hotels,لانكاستر برج الحياة (ماريوت سابقا),Lancaster Burj Al Hayat,hotel,,Point,,,13.164441,32.890814,medium,integrated,Ministry hotels team KML update,valid
LY-HOT-000570,hotels,فندق الشراع,,hotel,,Point,,,13.172951,32.89219,medium,integrated,Ministry hotels team KML update,valid
LY-HOT-000571,hotels,فندق اليمامة,,hotel,,Point,,,13.174335,32.892304,medium,integrated,Ministry hotels team KML update,valid
LY-HOT-000572,hotels,فندق الصفوة,,hotel,,Point,,,13.188429,32.89027,medium,integrated,Ministry hotels team KML update,valid
LY-FNB-RES-TRI-00001,tripoliRestaurants,مطعم براون للوجبات السريعة,,restaurant,,Point,طرابلس,طرابلس,13.2116343,32.8777699,medium,integrated,Tripoli restaurants team KML,valid
LY-FNB-RES-TRI-00002,tripoliRestaurants,مطعم النبراس,,traditional_restaurant,,Point,طرابلس,طرابلس,13.202387,32.868285,medium,integrated,Tripoli restaurants team KML,valid
LY-FNB-RES-TRI-00003,tripoliRestaurants,مطعم لارمبلا,,restaurant,,Point,طرابلس,طرابلس,13.207352,32.880459,medium,integrated,Tripoli restaurants team KML,valid
LY-FNB-RES-TRI-00004,tripoliRestaurants,مطعم فتوش للمأكولات اللبنانية حي الأندلس,,international_restaurant,,Point,طرابلس,طرابلس,13.12428,32.872808,medium,integrated,Tripoli restaurants team KML,valid
LY-FNB-RES-TRI-00005,tripoliRestaurants,مطعم تك أوي,,fast_food,,Point,طرابلس,طرابلس,13.19369,32.872239,medium,integrated,Tripoli restaurants team KML,valid
LY-FNB-RES-TRI-00006,tripoliRestaurants,مطعم بيت الختيار,,fast_food,,Point,طرابلس,طرابلس,13.195834,32.890244,medium,integrated,Tripoli restaurants team KML,valid
LY-FNB-RES-TRI-00007,tripoliRestaurants,مطعم الأثار,,restaurant,,Point,طرابلس,طرابلس,13.175679,32.900152,medium,integrated,Tripoli restaurants team KML,valid
LY-FNB-RES-TRI-00008,tripoliRestaurants,مطعم فور سيزونز,,traditional_restaurant,,Point,طرابلس,طرابلس,13.209478,32.886332,medium,integrated,Tripoli restaurants team KML,valid
LY-FNB-RES-TRI-00009,tripoliRestaurants,مطعم ميلانو للوجبات السريعة,,restaurant,,Point,طرابلس,طرابلس,13.1784986,32.8746942,medium,integrated,Tripoli restaurants team KML,valid
LY-FNB-RES-TRI-00010,tripoliRestaurants,الأخطبوط للمشاوى والوجبات السريعة,,restaurant_other,,Point,طرابلس,طرابلس,13.1896814,32.8830634,medium,integrated,Tripoli restaurants team KML,valid
LY-FNB-RES-TRI-00011,tripoliRestaurants,دا ميت هاوس,,restaurant_other,,Point,طرابلس,طرابلس,13.2032859,32.8758394,medium,integrated,Tripoli restaurants team KML,valid
LY-FNB-RES-TRI-00012,tripoliRestaurants,مطعم الزرقاني للمأكولات الشعبية و الشرقية,,traditional_restaurant,,Point,طرابلس,طرابلس,13.1850769,32.8826957,medium,integrated,Tripoli restaurants team KML,valid
LY-FNB-RES-TRI-00013,tripoliRestaurants,بيتزا الفورنو شارع الجمهورية,,fast_food,,Point,طرابلس,طرابلس,13.1836263,32.8804167,medium,integrated,Tripoli restaurants team KML,valid
LY-FNB-RES-TRI-00014,tripoliRestaurants,مطعم السفير,,restaurant,,Point,طرابلس,طرابلس,13.1843559,32.8928658,medium,integrated,Tripoli restaurants team KML,valid
LY-FNB-RES-TRI-00015,tripoliRestaurants,مطعم لاباديلا,,restaurant,,Point,طرابلس,طرابلس,13.209313,32.887671,medium,integrated,Tripoli restaurants team KML,valid
LY-FNB-RES-TRI-00016,tripoliRestaurants,الاخطبوط للمشاوي و الوجبات السريعة و فواكه البحر - الظهر,,seafood_restaurant,,Point,طرابلس,طرابلس,13.197489,32.890678,medium,integrated,Tripoli restaurants team KML,valid
LY-FNB-RES-TRI-00017,tripoliRestaurants,الانيا قريل- شواية,,restaurant,,Point,طرابلس,طرابلس,13.209232,32.892975,medium,integrated,Tripoli restaurants team KML,valid
LY-FNB-RES-TRI-00018,tripoliRestaurants,مذاق بكستاني - مطعم,,international_restaurant,,Point,طرابلس,طرابلس,13.203065,32.894209,medium,integrated,Tripoli restaurants team KML,valid
LY-FNB-RES-TRI-00019,tripoliRestaurants,مطعم شوايا,,restaurant,,Point,طرابلس,طرابلس,13.20639,32.875296,medium,integrated,Tripoli restaurants team KML,valid
LY-FNB-RES-TRI-00020,tripoliRestaurants,مطعم القصر,,international_restaurant,,Point,طرابلس,طرابلس,13.188201,32.889291,medium,integrated,Tripoli restaurants team KML,valid
LY-FNB-RES-TRI-00021,tripoliRestaurants,مطعم أورجينال,,international_restaurant,,Point,طرابلس,طرابلس,13.191188,32.885937,medium,integrated,Tripoli restaurants team KML,valid
LY-FNB-RES-TRI-00022,tripoliRestaurants,VIA MERCATO LY,,international_restaurant,,Point,طرابلس,طرابلس,13.190645,32.886498,medium,integrated,Tripoli restaurants team KML,valid
LY-FNB-RES-TRI-00023,tripoliRestaurants,مطعم مراحب، مطعم,,traditional_restaurant,,Point,طرابلس,طرابلس,13.216568,32.883433,medium,integrated,Tripoli restaurants team KML,valid
LY-FNB-RES-TRI-00024,tripoliRestaurants,المطعم السنيورة التركي,,international_restaurant,,Point,طرابلس,طرابلس,13.196109,32.86964,medium,integrated,Tripoli restaurants team KML,valid
LY-FNB-RES-TRI-00025,tripoliRestaurants,مطعم الطاجين للماكولات الليبية,,traditional_restaurant,,Point,طرابلس,طرابلس,13.199141,32.881308,medium,integrated,Tripoli restaurants team KML,valid
LY-FNB-RES-TRI-00026,tripoliRestaurants,مطعم الزرقاني للمأكولات الطرابلسية,,traditional_restaurant,,Point,طرابلس,طرابلس,13.195024,32.886101,medium,integrated,Tripoli restaurants team KML,valid
LY-FNB-RES-TRI-00027,tripoliRestaurants,مطعم لاروكا,,restaurant,,Point,طرابلس,طرابلس,13.23441,32.898353,medium,integrated,Tripoli restaurants team KML,valid
LY-FNB-RES-TRI-00028,tripoliRestaurants,بيج بوس برجر,,fast_food,,Point,طرابلس,طرابلس,13.209228,32.893162,medium,integrated,Tripoli restaurants team KML,valid
LY-FNB-RES-TRI-00029,tripoliRestaurants,لا كوتشينا إيطاليانو,,international_restaurant,,Point,طرابلس,طرابلس,13.197367,32.887588,medium,integrated,Tripoli restaurants team KML,valid
LY-FNB-RES-TRI-00030,tripoliRestaurants,شنابو الدهماني زاوية,,review_required,,Point,طرابلس,طرابلس,13.212874,32.894429,low,review_required,Tripoli restaurants team KML,valid
LY-FNB-RES-TRI-00031,tripoliRestaurants,مطعم كوستيليا,,restaurant,,Point,طرابلس,طرابلس,13.212127,32.893137,medium,integrated,Tripoli restaurants team KML,valid
LY-FNB-RES-TRI-00032,tripoliRestaurants,أيلا كافي,,review_required,,Point,طرابلس,طرابلس,13.193842,32.887823,low,review_required,Tripoli restaurants team KML,valid
LY-FNB-RES-TRI-00033,tripoliRestaurants,لاتينو,,review_required,,Point,طرابلس,طرابلس,13.202001,32.863291,low,review_required,Tripoli restaurants team KML,valid
LY-FNB-RES-TRI-00034,tripoliRestaurants,ماكس قريل ماكس جريل,,restaurant_other,,Point,طرابلس,طرابلس,13.197205,32.892275,medium,integrated,Tripoli restaurants team KML,valid
LY-FNB-RES-TRI-00035,tripoliRestaurants,إنديامو,,review_required,,Point,طرابلس,طرابلس,13.206833,32.8728884,low,review_required,Tripoli restaurants team KML,valid
LY-FNB-RES-TRI-00036,tripoliRestaurants,Olympic restaurant,,restaurant,,Point,طرابلس,طرابلس,13.165638,32.887482,medium,integrated,Tripoli restaurants team KML,valid
LY-FNB-RES-TRI-00037,tripoliRestaurants,مطعم قصر الوالي,,restaurant,,Point,طرابلس,طرابلس,13.134065,32.875599,medium,integrated,Tripoli restaurants team KML,valid
LY-FNB-RES-TRI-00038,tripoliRestaurants,مطعم وكافيه فلانيل | مطعم فلانيل ومقهي,,cafe_restaurant,,Point,طرابلس,طرابلس,13.205742,32.880592,medium,integrated,Tripoli restaurants team KML,valid
LY-FNB-RES-TRI-00039,tripoliRestaurants,مطعم النخلة,,fast_food,,Point,طرابلس,طرابلس,13.231752,32.862614,medium,integrated,Tripoli restaurants team KML,valid
LY-FNB-RES-TRI-00040,tripoliRestaurants,مطعم المنسف,,restaurant,,Point,طرابلس,طرابلس,13.216041,32.882389,medium,integrated,Tripoli restaurants team KML,valid
LY-FNB-RES-TRI-00041,tripoliRestaurants,كينج فرايد تشيكن,,fast_food,,Point,طرابلس,طرابلس,13.216434,32.890299,medium,integrated,Tripoli restaurants team KML,valid
LY-FNB-RES-TRI-00042,tripoliRestaurants,مطعم البحباح,,restaurant,,Point,طرابلس,طرابلس,13.197686,32.891206,medium,integrated,Tripoli restaurants team KML,valid
LY-FNB-RES-TRI-00043,tripoliRestaurants,بيتزا فيرا,,fast_food,,Point,طرابلس,طرابلس,13.197493,32.877181,medium,integrated,Tripoli restaurants team KML,valid
LY-FNB-RES-TRI-00044,tripoliRestaurants,مطعم الروبيان للمأكولات البحرية,,seafood_restaurant,,Point,طرابلس,طرابلس,13.143308,32.878142,medium,integrated,Tripoli restaurants team KML,valid
LY-FNB-RES-TRI-00045,tripoliRestaurants,مطعم الزهراء 3,,traditional_restaurant,,Point,طرابلس,طرابلس,13.16477,32.886567,medium,integrated,Tripoli restaurants team KML,valid
LY-FNB-RES-TRI-00046,tripoliRestaurants,Hk pizza,,fast_food,,Point,طرابلس,طرابلس,13.211462,32.891481,medium,integrated,Tripoli restaurants team KML,valid
LY-FNB-RES-TRI-00047,tripoliRestaurants,Pamplona cafe,,fast_food,,Point,طرابلس,طرابلس,13.200491,32.892862,low,review_required,Tripoli restaurants team KML,valid
LY-FNB-RES-TRI-00048,tripoliRestaurants,Bono restaurant المطعم التركي,,international_restaurant,,Point,طرابلس,طرابلس,13.176297,32.891514,medium,integrated,Tripoli restaurants team KML,valid
LY-FNB-RES-TRI-00049,tripoliRestaurants,مقهى البريوشة,,review_required,,Point,طرابلس,طرابلس,13.180983,32.894226,low,review_required,Tripoli restaurants team KML,valid
LY-FNB-RES-TRI-00050,tripoliRestaurants,بيتزا الفورنو شارع الجمهورية,,fast_food,,Point,طرابلس,طرابلس,13.183626,32.880417,medium,integrated,Tripoli restaurants team KML,valid
LY-FNB-RES-TRI-00051,tripoliRestaurants,Kudo restaurant,,fast_food,,Point,طرابلس,طرابلس,13.181427,32.894281,medium,integrated,Tripoli restaurants team KML,valid
LY-FNB-RES-TRI-00052,tripoliRestaurants,Maracana fast food,,fast_food,,Point,طرابلس,طرابلس,13.197512,32.891594,medium,integrated,Tripoli restaurants team KML,valid
LY-FNB-RES-TRI-00053,tripoliRestaurants,مطعم أضنة ADANA,,international_restaurant,,Point,طرابلس,طرابلس,13.17619,32.89182,medium,integrated,Tripoli restaurants team KML,valid
LY-FNB-RES-TRI-00054,tripoliRestaurants,مطعم على الفحم,,restaurant,,Point,طرابلس,طرابلس,13.165136,32.886017,medium,integrated,Tripoli restaurants team KML,valid
LY-FNB-RES-TRI-00055,tripoliRestaurants,De Capri Cafe And Restaurant,,cafe_restaurant,,Point,طرابلس,طرابلس,13.193646,32.888671,medium,integrated,Tripoli restaurants team KML,valid
LY-FNB-RES-TRI-00056,tripoliRestaurants,مطعم بورصة التركي,,international_restaurant,,Point,طرابلس,طرابلس,13.188237,32.890929,medium,integrated,Tripoli restaurants team KML,valid
LY-FNB-RES-TRI-00057,tripoliRestaurants,مطعم الضاحية,,fast_food,,Point,طرابلس,طرابلس,13.187186,32.887711,medium,integrated,Tripoli restaurants team KML,valid
LY-FNB-RES-TRI-00058,tripoliRestaurants,Pizza Restaurant,,international_restaurant,,Point,طرابلس,طرابلس,13.181219,32.894018,medium,integrated,Tripoli restaurants team KML,valid
LY-FNB-RES-TRI-00059,tripoliRestaurants,مطعم الضيافة للوجبات السريعة,,restaurant,,Point,طرابلس,طرابلس,13.175281,32.885651,medium,integrated,Tripoli restaurants team KML,valid
LY-FNB-RES-TRI-00060,tripoliRestaurants,Lavina House,,review_required,,Point,طرابلس,طرابلس,13.142667,32.879215,low,review_required,Tripoli restaurants team KML,valid
LY-FNB-RES-TRI-00061,tripoliRestaurants,بيكانتي,,international_restaurant,,Point,طرابلس,طرابلس,13.195502,32.890278,medium,integrated,Tripoli restaurants team KML,valid
LY-FNB-RES-TRI-00062,tripoliRestaurants,مطعم بيلو,,dessert_shop,,Point,طرابلس,طرابلس,13.188322,32.890738,medium,integrated,Tripoli restaurants team KML,valid
LY-FNB-RES-TRI-00063,tripoliRestaurants,مطعم بونا بيتي,,restaurant,,Point,طرابلس,طرابلس,13.206439,32.894614,medium,integrated,Tripoli restaurants team KML,valid
LY-FNB-RES-TRI-00064,tripoliRestaurants,شاورما ومشاوي قوستوزو,,fast_food,,Point,طرابلس,طرابلس,13.212695,32.893394,medium,integrated,Tripoli restaurants team KML,valid
LY-FNB-RES-TRI-00065,tripoliRestaurants,مطعم ديوان الامير,,restaurant,,Point,طرابلس,طرابلس,13.19553,32.864032,medium,integrated,Tripoli restaurants team KML,valid
LY-FNB-RES-TRI-00066,tripoliRestaurants,برانش كافي - برنش كافيه,,review_required,,Point,طرابلس,طرابلس,13.207182,32.899774,low,review_required,Tripoli restaurants team KML,valid
LY-FNB-RES-TRI-00067,tripoliRestaurants,مطعم ميلانو للوجبات السريعة,,restaurant,,Point,طرابلس,طرابلس,13.178499,32.874695,medium,integrated,Tripoli restaurants team KML,valid
LY-FNB-RES-TRI-00068,tripoliRestaurants,تاكور قريل,,fast_food,,Point,طرابلس,طرابلس,13.186712,32.884072,medium,integrated,Tripoli restaurants team KML,valid
LY-FNB-RES-TRI-00069,tripoliRestaurants,هامبوربو جاجا,,fast_food,,Point,طرابلس,طرابلس,13.181797,32.889634,medium,integrated,Tripoli restaurants team KML,valid
LY-FNB-RES-TRI-00070,tripoliRestaurants,مطعم الأزرقاني للمأكولات الشعبية و الشرقية,,traditional_restaurant,,Point,طرابلس,طرابلس,13.185077,32.882696,medium,integrated,Tripoli restaurants team KML,valid
LY-FNB-RES-TRI-00071,tripoliRestaurants,ديفيو سبان,,review_required,,Point,طرابلس,طرابلس,13.186459,32.883961,low,review_required,Tripoli restaurants team KML,valid
LY-FNB-RES-TRI-00072,tripoliRestaurants,مطعم المدينة التركية - شارع سليمان الباروني,,international_restaurant,,Point,طرابلس,طرابلس,13.179431,32.884117,medium,integrated,Tripoli restaurants team KML,valid
LY-FNB-RES-TRI-00073,tripoliRestaurants,مطعم المدق الدمشقي,,international_restaurant,,Point,طرابلس,طرابلس,13.183296,32.889619,medium,integrated,Tripoli restaurants team KML,valid
LY-FNB-RES-TRI-00074,tripoliRestaurants,مطعم بيت جدي للخدمات التمونية ، طرابلس ، ليبيا,,traditional_restaurant,,Point,طرابلس,طرابلس,13.211537,32.894756,medium,integrated,Tripoli restaurants team KML,valid
LY-FNB-RES-TRI-00075,tripoliRestaurants,شيزي زياد فرع زناتة,,review_required,,Point,طرابلس,طرابلس,13.229538,32.868994,low,review_required,Tripoli restaurants team KML,valid
LY-FNB-CAF-TRI-00001,tripoliCafes,كافي 92,92 CAFÈ,cafe,,Point,طرابلس,طرابلس,13.202213,32.875603,medium,integrated,Tripoli cafes team KML,valid
LY-FNB-CAF-TRI-00002,tripoliCafes,مقهى أسبانيول,,cafe,,Point,طرابلس,طرابلس,13.20433,32.894506,low,review_required,Tripoli cafes team KML,valid
LY-FNB-CAF-TRI-00003,tripoliCafes,إيّلا كافي,,cafe,,Point,طرابلس,طرابلس,13.193842,32.887823,low,review_required,Tripoli cafes team KML,valid
LY-FNB-CAF-TRI-00004,tripoliCafes,Cave cafe,,cafe,,Point,طرابلس,طرابلس,13.198292,32.881598,low,review_required,Tripoli cafes team KML,valid
LY-FNB-CAF-TRI-00005,tripoliCafes,كافي دي ماري,,cafe,,Point,طرابلس,طرابلس,13.199452,32.896461,low,review_required,Tripoli cafes team KML,valid
LY-FNB-CAF-TRI-00006,tripoliCafes,Café de Roma,,coffee_shop,,Point,طرابلس,طرابلس,13.178593,32.898311,low,review_required,Tripoli cafes team KML,valid
LY-FNB-CAF-TRI-00007,tripoliCafes,كافي كيان,,cafe,,Point,طرابلس,طرابلس,13.207414,32.893955,low,review_required,Tripoli cafes team KML,valid
LY-FNB-CAF-TRI-00008,tripoliCafes,لاتازا كافي,,cafe,,Point,طرابلس,طرابلس,13.212459,32.892322,low,review_required,Tripoli cafes team KML,valid
LY-FNB-CAF-TRI-00009,tripoliCafes,Mondo Cafe,,cafe,,Point,طرابلس,طرابلس,13.193175,32.890781,low,review_required,Tripoli cafes team KML,valid
LY-FNB-CAF-TRI-00010,tripoliCafes,برانش كافي,,cafe,,Point,طرابلس,طرابلس,13.207182,32.899775,low,review_required,Tripoli cafes team KML,valid
LY-FNB-CAF-TRI-00011,tripoliCafes,كافي تايم,,cafe,,Point,طرابلس,طرابلس,13.214453,32.890874,low,review_required,Tripoli cafes team KML,valid
LY-FNB-CAF-TRI-00012,tripoliCafes,Le Corner Cafe Shop,,cafe,,Point,طرابلس,طرابلس,13.211089,32.884163,low,review_required,Tripoli cafes team KML,valid
LY-FNB-CAF-TRI-00013,tripoliCafes,مقهى سينابون,,dessert_cafe,,Point,طرابلس,طرابلس,13.211366,32.895504,low,review_required,Tripoli cafes team KML,valid
LY-FNB-CAF-TRI-00014,tripoliCafes,مقهى الحاج فتحي زاوية الدهماني,,traditional_cafe,,Point,طرابلس,طرابلس,13.195949,32.886977,low,review_required,Tripoli cafes team KML,valid
LY-FNB-CAF-TRI-00015,tripoliCafes,La Citta Cafe,,cafe,,Point,طرابلس,طرابلس,13.188654,32.8852,low,review_required,Tripoli cafes team KML,valid
LY-FNB-CAF-TRI-00016,tripoliCafes,كافيه كالدو,,cafe,,Point,طرابلس,طرابلس,13.196037,32.859587,low,review_required,Tripoli cafes team KML,valid
LY-FNB-CAF-TRI-00017,tripoliCafes,Avero Cafe,,cafe,,Point,طرابلس,طرابلس,13.210526,32.879761,low,review_required,Tripoli cafes team KML,valid
LY-FNB-CAF-TRI-00018,tripoliCafes,كافي كورنيتو,,cafe,,Point,طرابلس,طرابلس,13.221732,32.897305,low,review_required,Tripoli cafes team KML,valid
LY-FNB-CAF-TRI-00019,tripoliCafes,مقهى الزيتونة,,cafe,,Point,طرابلس,طرابلس,13.212943,32.898162,low,review_required,Tripoli cafes team KML,valid
LY-FNB-CAF-TRI-00020,tripoliCafes,الباتشينو كافي,,cafe,,Point,طرابلس,طرابلس,13.207188,32.874688,low,review_required,Tripoli cafes team KML,valid
LY-FNB-CAF-TRI-00021,tripoliCafes,aroma Caffe,,coffee_shop,,Point,طرابلس,طرابلس,13.190254,32.885713,low,review_required,Tripoli cafes team KML,valid
LY-FNB-CAF-TRI-00022,tripoliCafes,كافي كازا,,cafe,,Point,طرابلس,طرابلس,13.179353,32.896101,low,review_required,Tripoli cafes team KML,valid
LY-FNB-CAF-TRI-00023,tripoliCafes,مقهى بيانكي,,cafe,,Point,طرابلس,طرابلس,13.187166,32.889971,low,review_required,Tripoli cafes team KML,valid
LY-FNB-CAF-TRI-00024,tripoliCafes,مونتريال كافي,,cafe,,Point,طرابلس,طرابلس,13.198936,32.891552,low,review_required,Tripoli cafes team KML,valid
LY-FNB-CAF-TRI-00025,tripoliCafes,كافي موكا ايطاليا,,cafe,,Point,طرابلس,طرابلس,13.192055,32.892918,low,review_required,Tripoli cafes team KML,valid
LY-FNB-CAF-TRI-00026,tripoliCafes,ALMONDO CAFE,,cafe,,Point,طرابلس,طرابلس,13.222968,32.887822,low,review_required,Tripoli cafes team KML,valid
LY-FNB-CAF-TRI-00027,tripoliCafes,مقهى القادسية,,cafe,,Point,طرابلس,طرابلس,13.194105,32.885495,low,review_required,Tripoli cafes team KML,valid
LY-FNB-CAF-TRI-00028,tripoliCafes,مقهي جردينه,,cafe,,Point,طرابلس,طرابلس,13.212501,32.89926,low,review_required,Tripoli cafes team KML,valid
LY-FNB-CAF-TRI-00029,tripoliCafes,Milka Ly,,review_required,,Point,طرابلس,طرابلس,13.198918,32.889152,low,review_required,Tripoli cafes team KML,valid
LY-FNB-CAF-TRI-00030,tripoliCafes,Cafe twins,,cafe,,Point,طرابلس,طرابلس,13.216448,32.890488,low,review_required,Tripoli cafes team KML,valid
LY-FNB-CAF-TRI-00031,tripoliCafes,Mazaj cafe,,cafe,,Point,طرابلس,طرابلس,13.187586,32.884463,low,review_required,Tripoli cafes team KML,valid
LY-FNB-CAF-TRI-00032,tripoliCafes,مقهى حب هان,,cafe,,Point,طرابلس,طرابلس,13.204998,32.8945,low,review_required,Tripoli cafes team KML,valid
LY-FNB-CAF-TRI-00033,tripoliCafes,مقهي كافي لاتي,,cafe,,Point,طرابلس,طرابلس,13.222849,32.89511,low,review_required,Tripoli cafes team KML,valid
LY-FNB-CAF-TRI-00034,tripoliCafes,كافي نيوتلا,,cafe,,Point,طرابلس,طرابلس,13.207102,32.874681,low,review_required,Tripoli cafes team KML,valid
LY-FNB-CAF-TRI-00035,tripoliCafes,City CAFE,,cafe,,Point,طرابلس,طرابلس,13.209235,32.892815,low,review_required,Tripoli cafes team KML,valid
LY-FNB-CAF-TRI-00036,tripoliCafes,GARDEN CAFE,,cafe,,Point,طرابلس,طرابلس,13.191592,32.871867,low,review_required,Tripoli cafes team KML,valid
LY-FNB-CAF-TRI-00037,tripoliCafes,Papparoti Cafe,,cafe,,Point,طرابلس,طرابلس,13.212154,32.879058,low,review_required,Tripoli cafes team KML,valid
LY-FNB-CAF-TRI-00038,tripoliCafes,Caffe Vergnano 1882,,coffee_shop,,Point,طرابلس,طرابلس,13.18848,32.890174,low,review_required,Tripoli cafes team KML,valid
LY-FNB-CAF-TRI-00039,tripoliCafes,Cafe 24,,cafe,,Point,طرابلس,طرابلس,13.182218,32.892538,low,review_required,Tripoli cafes team KML,valid
LY-FNB-CAF-TRI-00040,tripoliCafes,مقهى دا فيو,,cafe,,Point,طرابلس,طرابلس,13.142751,32.879255,low,review_required,Tripoli cafes team KML,valid
LY-FNB-CAF-TRI-00041,tripoliCafes,كارفي كافي,,cafe,,Point,طرابلس,طرابلس,13.207699,32.871397,low,review_required,Tripoli cafes team KML,valid
LY-FNB-CAF-TRI-00042,tripoliCafes,Estados coffee,,coffee_shop,,Point,طرابلس,طرابلس,13.188142,32.890094,low,review_required,Tripoli cafes team KML,valid
LY-FNB-CAF-TRI-00043,tripoliCafes,FIFTY CAFE,,cafe,,Point,طرابلس,طرابلس,13.195677,32.871926,low,review_required,Tripoli cafes team KML,valid
LY-FNB-CAF-TRI-00044,tripoliCafes,Elon Cafe,,cafe,,Point,طرابلس,طرابلس,13.172837,32.895555,low,review_required,Tripoli cafes team KML,valid
LY-FNB-CAF-TRI-00045,tripoliCafes,عصائر بي?اندا,,juice_bar,,Point,طرابلس,طرابلس,13.212601,32.894068,low,review_required,Tripoli cafes team KML,valid
LY-FNB-CAF-TRI-00046,tripoliCafes,Café Solo,,cafe,,Point,طرابلس,طرابلس,13.180429,32.87965,low,review_required,Tripoli cafes team KML,valid
LY-FNB-CAF-TRI-00047,tripoliCafes,دكتور كيف,,review_required,,Point,طرابلس,طرابلس,13.213556,32.891127,low,review_required,Tripoli cafes team KML,valid
LY-FNB-CAF-TRI-00048,tripoliCafes,Commercial Caffe,,coffee_shop,,Point,طرابلس,طرابلس,13.181329,32.894399,low,review_required,Tripoli cafes team KML,valid
LY-FNB-CAF-TRI-00049,tripoliCafes,مقهى الجسر,,cafe,,Point,طرابلس,طرابلس,13.174789,32.884212,low,review_required,Tripoli cafes team KML,valid
LY-FNB-CAF-TRI-00050,tripoliCafes,PALMS CAFE,,cafe,,Point,طرابلس,طرابلس,13.183737,32.89091,low,review_required,Tripoli cafes team KML,valid
LY-FNB-CAF-TRI-00051,tripoliCafes,مقهى التومى,,cafe,,Point,طرابلس,طرابلس,13.188158,32.890123,low,review_required,Tripoli cafes team KML,valid
LY-FNB-CAF-TRI-00052,tripoliCafes,مقهي باديه,,cafe,,Point,طرابلس,طرابلس,13.178346,32.897901,low,review_required,Tripoli cafes team KML,valid
LY-FNB-CAF-TRI-00053,tripoliCafes,المقهى الرئاسي,,cafe,,Point,طرابلس,طرابلس,13.209273,32.899872,low,review_required,Tripoli cafes team KML,valid
LY-FNB-CAF-TRI-00054,tripoliCafes,مقهي عين زاره,,cafe,,Point,طرابلس,طرابلس,13.191318,32.887188,low,review_required,Tripoli cafes team KML,valid
LY-FNB-CAF-TRI-00055,tripoliCafes,Atomo Cafe,,cafe,,Point,طرابلس,طرابلس,13.186552,32.884002,low,review_required,Tripoli cafes team KML,valid
LY-FNB-CAF-TRI-00056,tripoliCafes,Bono Cafe,,cafe,,Point,طرابلس,طرابلس,13.190741,32.881409,low,review_required,Tripoli cafes team KML,valid
LY-FNB-CAF-TRI-00057,tripoliCafes,كافي أربن,,cafe,,Point,طرابلس,طرابلس,13.2607842,32.8866096,low,review_required,Tripoli cafes team KML,valid
LY-FNB-CAF-TRI-00058,tripoliCafes,Mio Caffe and Resto,,cafe_restaurant,,Point,طرابلس,طرابلس,13.132507,32.877077,low,review_required,Tripoli cafes team KML,valid
LY-FNB-CAF-TRI-00059,tripoliCafes,Tripoli Tur café,,cafe,,Point,طرابلس,طرابلس,13.188248,32.890833,low,review_required,Tripoli cafes team KML,valid
LY-FNB-CAF-TRI-00060,tripoliCafes,كافيه ميدان الجزائر,,cafe,,Point,طرابلس,طرابلس,13.185674,32.891294,low,review_required,Tripoli cafes team KML,valid
LY-FNB-CAF-TRI-00061,tripoliCafes,Cafe Bali,,cafe,,Point,طرابلس,طرابلس,13.214207,32.894252,low,review_required,Tripoli cafes team KML,valid
LY-FNB-CAF-TRI-00062,tripoliCafes,حلويات اتش دبليو,,dessert_cafe,,Point,طرابلس,طرابلس,13.216463,32.892984,low,review_required,Tripoli cafes team KML,valid
LY-FNB-CAF-TRI-00063,tripoliCafes,اوميجا كلوب,,review_required,,Point,طرابلس,طرابلس,13.232202,32.86223,low,review_required,Tripoli cafes team KML,valid
LY-FNB-CAF-TRI-00064,tripoliCafes,قهوة القصور,,coffee_shop,,Point,طرابلس,طرابلس,13.197718,32.860739,low,review_required,Tripoli cafes team KML,valid
LY-FNB-CAF-TRI-00065,tripoliCafes,ثراء,,review_required,,Point,طرابلس,طرابلس,13.212441,32.892525,low,review_required,Tripoli cafes team KML,valid
LY-FNB-CAF-TRI-00066,tripoliCafes,ديب ان ديب ليبيا,,review_required,,Point,طرابلس,طرابلس,13.123672,32.874807,low,review_required,Tripoli cafes team KML,valid
LY-FNB-CAF-TRI-00067,tripoliCafes,فيول كافي,,cafe,,Point,طرابلس,طرابلس,13.185142,32.886318,low,review_required,Tripoli cafes team KML,valid
LY-FNB-CAF-TRI-00068,tripoliCafes,كافي سويت,,cafe,,Point,طرابلس,طرابلس,13.181128,32.892216,low,review_required,Tripoli cafes team KML,valid
LY-FNB-CAF-TRI-00069,tripoliCafes,شيك أب,,review_required,,Point,طرابلس,طرابلس,13.204993,32.87639,low,review_required,Tripoli cafes team KML,valid
LY-FNB-CAF-TRI-00070,tripoliCafes,الحاج فتحي,,traditional_cafe,,Point,طرابلس,طرابلس,13.191318,32.887188,low,review_required,Tripoli cafes team KML,valid
LY-FNB-CAF-TRI-00071,tripoliCafes,ساموراي,,review_required,,Point,طرابلس,طرابلس,13.206297,32.893612,low,review_required,Tripoli cafes team KML,valid
LY-FNB-CAF-TRI-00072,tripoliCafes,مقهى ومطعم فلانيل,,cafe_restaurant,,Point,طرابلس,طرابلس,13.205742,32.880593,low,review_required,Tripoli cafes team KML,valid
LY-FNB-CAF-TRI-00073,tripoliCafes,بونو كافيه,,cafe,,Point,طرابلس,طرابلس,13.194153,32.890814,low,review_required,Tripoli cafes team KML,valid
LY-FNB-CAF-TRI-00074,tripoliCafes,مقهى رواق الوليد,,cafe,,Point,طرابلس,طرابلس,13.194537,32.892031,low,review_required,Tripoli cafes team KML,valid
LY-FNB-CAF-TRI-00075,tripoliCafes,1ONE DEGREE CAFE,,cafe,,Point,طرابلس,طرابلس,13.185042,32.891821,low,review_required,Tripoli cafes team KML,valid
LY-FNB-CAF-TRI-00076,tripoliCafes,كافي 33,,cafe,,Point,طرابلس,طرابلس,13.210683,32.891548,low,review_required,Tripoli cafes team KML,valid
LY-FNB-CAF-TRI-00077,tripoliCafes,Doctor Sweets,,dessert_cafe,,Point,طرابلس,طرابلس,13.193039,32.888542,low,review_required,Tripoli cafes team KML,valid
LY-FNB-CAF-TRI-00078,tripoliCafes,مقهى عصام,,cafe,,Point,طرابلس,طرابلس,13.172706,32.878259,low,review_required,Tripoli cafes team KML,valid
LY-FNB-CAF-TRI-00079,tripoliCafes,بولو كافي,,cafe,,Point,طرابلس,طرابلس,13.182839,32.88626,low,review_required,Tripoli cafes team KML,valid
LY-FNB-CAF-TRI-00080,tripoliCafes,براند كافي,,cafe,,Point,طرابلس,طرابلس,13.211995,32.897386,low,review_required,Tripoli cafes team KML,valid
LY-FNB-CAF-TRI-00081,tripoliCafes,روبوستا كافي,,cafe,,Point,طرابلس,طرابلس,13.208869,32.887899,low,review_required,Tripoli cafes team KML,valid
LY-FNB-CAF-TRI-00082,tripoliCafes,CAFE EXPRESSO,,cafe,,Point,طرابلس,طرابلس,13.174942,32.884004,low,review_required,Tripoli cafes team KML,valid
LY-FNB-CAF-TRI-00083,tripoliCafes,مقهى الفنانين,,cafe,,Point,طرابلس,طرابلس,13.169077,32.888538,low,review_required,Tripoli cafes team KML,valid
LY-FNB-CAF-TRI-00084,tripoliCafes,مقهى العبسي,,cafe,,Point,طرابلس,طرابلس,13.191433,32.887048,low,review_required,Tripoli cafes team KML,valid
LY-FNB-CAF-TRI-00085,tripoliCafes,مقهي هوقو,,cafe,,Point,طرابلس,طرابلس,13.116509,32.874953,low,review_required,Tripoli cafes team KML,valid
LY-FNB-CAF-TRI-00086,tripoliCafes,مقهي مستر بودينق,,cafe,,Point,طرابلس,طرابلس,13.198225,32.881621,low,review_required,Tripoli cafes team KML,valid
LY-FNB-CAF-TRI-00087,tripoliCafes,AVERO,,review_required,,Point,طرابلس,طرابلس,13.191318,32.887188,low,review_required,Tripoli cafes team KML,valid
LY-FNB-CAF-TRI-00088,tripoliCafes,كافي فيتوريا,,cafe,,Point,طرابلس,طرابلس,13.180237,32.89282,low,review_required,Tripoli cafes team KML,valid
LY-FNB-CAF-TRI-00089,tripoliCafes,مقهى الركن السياحي ( مقهى ارقيلة شيشة ),,shisha_cafe,,Point,طرابلس,طرابلس,13.188814,32.885161,low,review_required,Tripoli cafes team KML,valid
LY-FNB-CAF-TRI-00090,tripoliCafes,حلويات شهرزاد,,dessert_cafe,,Point,طرابلس,طرابلس,13.187186,32.887711,low,review_required,Tripoli cafes team KML,valid
LY-FNB-CAF-TRI-00091,tripoliCafes,Covim Tripoli,,review_required,,Point,طرابلس,طرابلس,13.19843,32.889173,low,review_required,Tripoli cafes team KML,valid
LY-FNB-CAF-TRI-00092,tripoliCafes,Cafe Adam,,cafe,,Point,طرابلس,طرابلس,13.191318,32.887188,low,review_required,Tripoli cafes team KML,valid
LY-FNB-CAF-TRI-00093,tripoliCafes,NOTA cafe,,cafe,,Point,طرابلس,طرابلس,13.211173,32.887855,low,review_required,Tripoli cafes team KML,valid
LY-FNB-CAF-TRI-00094,tripoliCafes,مقهى الدغيس,,cafe,,Point,طرابلس,طرابلس,13.207151,32.896447,low,review_required,Tripoli cafes team KML,valid
LY-FNB-CAF-TRI-00095,tripoliCafes,كافي كافا,,cafe,,Point,طرابلس,طرابلس,13.182208,32.887466,low,review_required,Tripoli cafes team KML,valid
LY-FNB-CAF-TRI-00096,tripoliCafes,مقهي الكشك,,cafe,,Point,طرابلس,طرابلس,13.204355,32.895429,low,review_required,Tripoli cafes team KML,valid
LY-FNB-CAF-TRI-00097,tripoliCafes,Country Boy Cafe,,cafe,,Point,طرابلس,طرابلس,13.24452,32.900187,low,review_required,Tripoli cafes team KML,valid
LY-FNB-CAF-TRI-00098,tripoliCafes,ميدي محار النوفليين,,review_required,,Point,طرابلس,طرابلس,13.212245,32.893144,low,review_required,Tripoli cafes team KML,valid
LY-FNB-CAF-TRI-00099,tripoliCafes,مقهى الفانوس,,cafe,,Point,طرابلس,طرابلس,13.177031,32.887953,low,review_required,Tripoli cafes team KML,valid
LY-FNB-CAF-TRI-00100,tripoliCafes,مقهى مانقو السياحية,,cafe,,Point,طرابلس,طرابلس,13.079127,32.855726,low,review_required,Tripoli cafes team KML,valid
LY-FNB-CAF-TRI-00101,tripoliCafes,لاشيتا كافي,,cafe,,Point,طرابلس,طرابلس,13.192828,32.891232,low,review_required,Tripoli cafes team KML,valid
LY-FNB-CAF-TRI-00102,tripoliCafes,مطعم تقسيم جرابة,,review_required,,Point,طرابلس,طرابلس,13.206338,32.87135,low,review_required,Tripoli cafes team KML,valid
LY-FNB-CAF-TRI-00103,tripoliCafes,مطعم زاوية الدهمانى,,review_required,,Point,طرابلس,طرابلس,13.217243,32.898896,low,review_required,Tripoli cafes team KML,valid
LY-FNB-CAF-TRI-00104,tripoliCafes,كيمو كافي السياحيه,,cafe,,Point,طرابلس,طرابلس,13.191318,32.887188,low,review_required,Tripoli cafes team KML,valid
LY-FNB-CAF-TRI-00105,tripoliCafes,قهوة 11,,coffee_shop,,Point,طرابلس,طرابلس,13.191318,32.887188,low,review_required,Tripoli cafes team KML,valid
LY-FNB-CAF-TRI-00106,tripoliCafes,مقهى لاكارايا,,cafe,,Point,طرابلس,طرابلس,13.191318,32.887188,low,review_required,Tripoli cafes team KML,valid
LY-FNB-CAF-TRI-00107,tripoliCafes,كافيه كديلك,,cafe,,Point,طرابلس,طرابلس,13.189314,32.882937,low,review_required,Tripoli cafes team KML,valid
LY-FNB-CAF-TRI-00108,tripoliCafes,كافي716,,cafe,,Point,طرابلس,طرابلس,13.187186,32.887711,low,review_required,Tripoli cafes team KML,valid
LY-FNB-CAF-TRI-00109,tripoliCafes,البيك للحلويات والعصائر,,juice_bar,,Point,طرابلس,طرابلس,13.187186,32.887711,low,review_required,Tripoli cafes team KML,valid
LY-FNB-CAF-TRI-00110,tripoliCafes,مقهى ميرال,,cafe,,Point,طرابلس,طرابلس,13.179989,32.889591,low,review_required,Tripoli cafes team KML,valid
LY-FNB-CAF-TRI-00111,tripoliCafes,كافي موتشي Cafe Motche,,cafe,,Point,طرابلس,طرابلس,13.2473106,32.8782424,low,review_required,Tripoli cafes team KML,valid
LY-FNB-CAF-TRI-00112,tripoliCafes,كافي مناف Manaf Cafe,,cafe,,Point,طرابلس,طرابلس,13.208434,32.8801157,low,review_required,Tripoli cafes team KML,valid
LY-FNB-CAF-TRI-00113,tripoliCafes,كافي شمس الأندلس,,cafe,,Point,طرابلس,طرابلس,13.1268776,32.8762513,low,review_required,Tripoli cafes team KML,valid
LY-FNB-CAF-TRI-00114,tripoliCafes,كافي لوقانو lugano,,cafe,,Point,طرابلس,طرابلس,13.1260874,32.8761028,low,review_required,Tripoli cafes team KML,valid
LY-FNB-CAF-TRI-00115,tripoliCafes,Gourmandise قورمانديز حي الاندلس,,review_required,,Point,طرابلس,طرابلس,13.12576,32.8758963,low,review_required,Tripoli cafes team KML,valid
LY-FNB-CAF-TRI-00116,tripoliCafes,JOE & THE JUICE LIBYA,,juice_bar,,Point,طرابلس,طرابلس,13.1254009,32.8751426,low,review_required,Tripoli cafes team KML,valid
LY-FNB-CAF-TRI-00117,tripoliCafes,الحاج فتحي,,traditional_cafe,,Point,طرابلس,طرابلس,13.1303864,32.8739608,low,review_required,Tripoli cafes team KML,valid
LY-FNB-CAF-TRI-00118,tripoliCafes,هافانا للعصائر,,juice_bar,,Point,طرابلس,طرابلس,13.1330891,32.8748942,low,review_required,Tripoli cafes team KML,valid
LY-FNB-CAF-TRI-00119,tripoliCafes,SMASH Burger | سماش برجر,,review_required,,Point,طرابلس,طرابلس,13.1360882,32.8762919,low,review_required,Tripoli cafes team KML,valid
LY-FNB-CAF-TRI-00120,tripoliCafes,BigChefs,,review_required,,Point,طرابلس,طرابلس,13.1389085,32.8771594,low,review_required,Tripoli cafes team KML,valid
LY-FNB-CAF-TRI-00121,tripoliCafes,لوس أندلس حي الأندلس Los Andalos Hay Alandalos,,review_required,,Point,طرابلس,طرابلس,13.1367703,32.87286,low,review_required,Tripoli cafes team KML,valid
LY-FNB-CAF-TRI-00122,tripoliCafes,Alzad Allibi for Catering Services - الزاد الليبي,,review_required,,Point,طرابلس,طرابلس,13.1306764,32.8710194,low,review_required,Tripoli cafes team KML,valid
LY-FNB-CAF-TRI-00123,tripoliCafes,Lotche Cafe - مقهى لوتشي,,cafe,,Point,طرابلس,طرابلس,13.1308216,32.8705723,low,review_required,Tripoli cafes team KML,valid
LY-FNB-CAF-TRI-00124,tripoliCafes,تاكوس قريل,,review_required,,Point,طرابلس,طرابلس,12.9802505,32.8147527,low,review_required,Tripoli cafes team KML,valid
LY-FNB-CAF-TRI-00125,tripoliCafes,شنابو جنزور,,review_required,,Point,طرابلس,طرابلس,13.04329,32.8281011,low,review_required,Tripoli cafes team KML,valid
LY-FNB-CAF-TRI-00126,tripoliCafes,مقهى البناني,,cafe,,Point,طرابلس,طرابلس,12.980471,32.8187159,low,review_required,Tripoli cafes team KML,valid
LY-FNB-CAF-TRI-00127,tripoliCafes,بيتزا بولبو,,review_required,,Point,طرابلس,طرابلس,12.9959561,32.8200499,low,review_required,Tripoli cafes team KML,valid
LY-FNB-CAF-TRI-00128,tripoliCafes,الحاج فتحي - جنزور,,traditional_cafe,,Point,طرابلس,طرابلس,13.0250135,32.8158483,low,review_required,Tripoli cafes team KML,valid
LY-FNB-CAF-TRI-00129,tripoliCafes,De keyff cafe,,cafe,,Point,طرابلس,طرابلس,12.9962042,32.8262164,low,review_required,Tripoli cafes team KML,valid
LY-FNB-CAF-TRI-00130,tripoliCafes,WM JTV Cafe,,cafe,,Point,طرابلس,طرابلس,13.0109626,32.836674,low,review_required,Tripoli cafes team KML,valid
LY-FNB-CAF-TRI-00131,tripoliCafes,مقهى الكروان,,cafe,,Point,طرابلس,طرابلس,13.0150575,32.8292401,low,review_required,Tripoli cafes team KML,valid
LY-FNB-CAF-TRI-00132,tripoliCafes,كافي المشتل,,cafe,,Point,طرابلس,طرابلس,13.0232511,32.8260527,low,review_required,Tripoli cafes team KML,valid
LY-FNB-CAF-TRI-00133,tripoliCafes,DK COFFEE,,coffee_shop,,Point,طرابلس,طرابلس,13.0283686,32.8232371,low,review_required,Tripoli cafes team KML,valid
LY-FNB-CAF-TRI-00134,tripoliCafes,Mando Fastfood Janzur ماندو جنزور,,review_required,,Point,طرابلس,طرابلس,13.0296869,32.8277962,low,review_required,Tripoli cafes team KML,valid
LY-FNB-CAF-TRI-00135,tripoliCafes,الخيمة برجر - جنزور,,review_required,,Point,طرابلس,طرابلس,13.0320156,32.8292875,low,review_required,Tripoli cafes team KML,valid
LY-FNB-CAF-TRI-00136,tripoliCafes,مقهى المشتل,,cafe,,Point,طرابلس,طرابلس,13.0412944,32.81481,low,review_required,Tripoli cafes team KML,valid
LY-FNB-CAF-TRI-00137,tripoliCafes,Be one cafe بي وان كافي,,cafe,,Point,طرابلس,طرابلس,13.0206647,32.7748854,low,review_required,Tripoli cafes team KML,valid
LY-FNB-CAF-TRI-00138,tripoliCafes,قهوة حاتم,,coffee_shop,,Point,طرابلس,طرابلس,13.073989,32.780306,low,review_required,Tripoli cafes team KML,valid
LY-FNB-CAF-TRI-00139,tripoliCafes,Cafe 717,,cafe,,Point,طرابلس,طرابلس,13.0428462,32.8040753,low,review_required,Tripoli cafes team KML,valid
LY-FNB-CAF-TRI-00140,tripoliCafes,حلويات موزارت - السياحية,,dessert_cafe,,Point,طرابلس,طرابلس,13.064847,32.8465321,low,review_required,Tripoli cafes team KML,valid
LY-FNB-CAF-TRI-00141,tripoliCafes,كاسترو للوجبات السريعة,,review_required,,Point,طرابلس,طرابلس,13.0743258,32.8451205,low,review_required,Tripoli cafes team KML,valid
LY-FNB-CAF-TRI-00142,tripoliCafes,بلبن فرع السياحية,,review_required,,Point,طرابلس,طرابلس,13.0773496,32.8543411,low,review_required,Tripoli cafes team KML,valid
LY-FNB-CAF-TRI-00143,tripoliCafes,مقهى بيتزا الفورنو غوط الشعال,,cafe,,Point,طرابلس,طرابلس,13.0889366,32.8574443,low,review_required,Tripoli cafes team KML,valid
LY-FNB-CAF-TRI-00144,tripoliCafes,نوتيلا السياحيه,,review_required,,Point,طرابلس,طرابلس,13.0896346,32.8612182,low,review_required,Tripoli cafes team KML,valid
LY-FNB-CAF-TRI-00145,tripoliCafes,مقهى - السراج,,cafe,,Point,طرابلس,طرابلس,13.0709172,32.8004915,low,review_required,Tripoli cafes team KML,valid
LY-FNB-CAF-TRI-00146,tripoliCafes,DOPAMIN,,review_required,,Point,طرابلس,طرابلس,13.0782287,32.8052828,low,review_required,Tripoli cafes team KML,valid
LY-FNB-CAF-TRI-00147,tripoliCafes,Aws coffee,,coffee_shop,,Point,طرابلس,طرابلس,13.0973821,32.8074618,low,review_required,Tripoli cafes team KML,valid
LY-FNB-CAF-TRI-00148,tripoliCafes,A K Caffee,,coffee_shop,,Point,طرابلس,طرابلس,13.1129955,32.8064513,low,review_required,Tripoli cafes team KML,valid
LY-FNB-CAF-TRI-00149,tripoliCafes,مطحن بُـن تــوبـاز 3 - السراج,,review_required,,Point,طرابلس,طرابلس,13.1045469,32.7898303,low,review_required,Tripoli cafes team KML,valid
LY-FNB-CAF-TRI-00150,tripoliCafes,Snake KOFFE,,review_required,,Point,طرابلس,طرابلس,13.094064,32.7954448,low,review_required,Tripoli cafes team KML,valid
LY-FNB-CAF-TRI-00151,tripoliCafes,مطحن الاجم لتحميص وطحن القهوة ومستلزمات المطاحن والمقاهي,,coffee_shop,,Point,طرابلس,طرابلس,13.0953971,32.790213,low,review_required,Tripoli cafes team KML,valid
LY-FNB-CAF-TRI-00152,tripoliCafes,كافي أبوسنينة,,cafe,,Point,طرابلس,طرابلس,13.0847106,32.796357,low,review_required,Tripoli cafes team KML,valid
LY-FNB-CAF-TRI-00153,tripoliCafes,FoodPoint فود بوينت,,review_required,,Point,طرابلس,طرابلس,13.0844794,32.7977485,low,review_required,Tripoli cafes team KML,valid
LY-FNB-CAF-TRI-00154,tripoliCafes,نادي القهوة Club café,,coffee_shop,,Point,طرابلس,طرابلس,13.0756111,32.8189057,low,review_required,Tripoli cafes team KML,valid
LY-FNB-CAF-TRI-00155,tripoliCafes,مطعم صفيحة ترابزون - Trabzon Pidesi,,review_required,,Point,طرابلس,طرابلس,13.0790587,32.8188141,low,review_required,Tripoli cafes team KML,valid
LY-FNB-CAF-TRI-00156,tripoliCafes,Kudo,,review_required,,Point,طرابلس,طرابلس,13.1280574,32.856739,low,review_required,Tripoli cafes team KML,valid
LY-FNB-CAF-TRI-00157,tripoliCafes,O2 Café,,cafe,,Point,طرابلس,طرابلس,13.1247002,32.8752911,low,review_required,Tripoli cafes team KML,valid
LY-FNB-CAF-TRI-00158,tripoliCafes,مقهى هارون - حي الأندلس,,cafe,,Point,طرابلس,طرابلس,13.1275228,32.8765321,low,review_required,Tripoli cafes team KML,valid
LY-FNB-CAF-TRI-00159,tripoliCafes,ORANGE COFFEE,,coffee_shop,,Point,طرابلس,طرابلس,13.1313801,32.8695388,low,review_required,Tripoli cafes team KML,valid
LY-FNB-CAF-TRI-00160,tripoliCafes,حلويات العسال,,dessert_cafe,,Point,طرابلس,طرابلس,13.130808,32.8701794,low,review_required,Tripoli cafes team KML,valid
LY-FNB-CAF-TRI-00161,tripoliCafes,Black and white,,review_required,,Point,طرابلس,طرابلس,13.133245,32.8706973,low,review_required,Tripoli cafes team KML,valid
LY-FNB-CAF-TRI-00162,tripoliCafes,كارفي حي الاندلس,,review_required,,Point,طرابلس,طرابلس,13.1328636,32.8743775,low,review_required,Tripoli cafes team KML,valid
LY-FNB-CAF-TRI-00163,tripoliCafes,مقهى اداليا,,cafe,,Point,طرابلس,طرابلس,13.1361511,32.8807834,low,review_required,Tripoli cafes team KML,valid
LY-FNB-CAF-TRI-00164,tripoliCafes,Wees Cafe - ويس كافي,,cafe,,Point,طرابلس,طرابلس,13.1376509,32.8805327,low,review_required,Tripoli cafes team KML,valid
LY-FNB-CAF-TRI-00165,tripoliCafes,إسبريسو لاب,,review_required,,Point,طرابلس,طرابلس,13.1324481,32.8775787,low,review_required,Tripoli cafes team KML,valid
LY-FNB-CAF-TRI-00166,tripoliCafes,عصير تايم,,juice_bar,,Point,طرابلس,طرابلس,13.141267,32.8791769,low,review_required,Tripoli cafes team KML,valid
LY-FNB-CAF-TRI-00167,tripoliCafes,مقهى آلينور,,cafe,,Point,طرابلس,طرابلس,13.150687,32.879498,low,review_required,Tripoli cafes team KML,valid
LY-FNB-CAF-TRI-00168,tripoliCafes,قوست برقر _ Ghost burger,,review_required,,Point,طرابلس,طرابلس,13.1510046,32.8776825,low,review_required,Tripoli cafes team KML,valid
LY-FNB-CAF-TRI-00169,tripoliCafes,كشك الهمبورقا عمر المختار,,review_required,,Point,طرابلس,طرابلس,13.1585117,32.882197,low,review_required,Tripoli cafes team KML,valid
LY-FNB-CAF-TRI-00170,tripoliCafes,Smash Craft Burger سماش كرافت برجر,,review_required,,Point,طرابلس,طرابلس,13.1623508,32.8829496,low,review_required,Tripoli cafes team KML,valid
LY-FNB-CAF-TRI-00171,tripoliCafes,حلويات زهرة المدائن,,dessert_cafe,,Point,طرابلس,طرابلس,13.1627657,32.882746,low,review_required,Tripoli cafes team KML,valid
LY-FNB-CAF-TRI-00172,tripoliCafes,مطعم 4 You,,review_required,,Point,طرابلس,طرابلس,13.1629611,32.8831196,low,review_required,Tripoli cafes team KML,valid
LY-FNB-CAF-TRI-00173,tripoliCafes,نوتيلا شارع النصر,,review_required,,Point,طرابلس,طرابلس,13.1632367,32.8829119,low,review_required,Tripoli cafes team KML,valid
LY-FNB-CAF-TRI-00174,tripoliCafes,مطعم طعميه ضوء,,review_required,,Point,طرابلس,طرابلس,13.1639613,32.8823627,low,review_required,Tripoli cafes team KML,valid
LY-FNB-CAF-TRI-00175,tripoliCafes,طعمية فرش - شارع سليمان الباروني,,review_required,,Point,طرابلس,طرابلس,13.1640052,32.8825644,low,review_required,Tripoli cafes team KML,valid
LY-FNB-CAF-TRI-00176,tripoliCafes,Green Cafe,,cafe,,Point,طرابلس,طرابلس,13.1637164,32.8835068,low,review_required,Tripoli cafes team KML,valid
LY-FNB-CAF-TRI-00177,tripoliCafes,شارع الجلاء,,review_required,,Point,طرابلس,طرابلس,13.1637251,32.8835908,low,review_required,Tripoli cafes team KML,valid
LY-FNB-CAF-TRI-00178,tripoliCafes,مقهي ابناء عشيبة للسندوتشات,,cafe,,Point,طرابلس,طرابلس,13.1636925,32.8836694,low,review_required,Tripoli cafes team KML,valid
LY-FNB-CAF-TRI-00179,tripoliCafes,AsROMA Caffee,,coffee_shop,,Point,طرابلس,طرابلس,13.1615111,32.8836524,low,review_required,Tripoli cafes team KML,valid
LY-FNB-CAF-TRI-00180,tripoliCafes,مطعم سديم للمأكولات السريعة,,review_required,,Point,طرابلس,طرابلس,13.1608034,32.8844976,low,review_required,Tripoli cafes team KML,valid
LY-FNB-CAF-TRI-00181,tripoliCafes,مقهي البيادر.مشاوي علي للفحم,,cafe,,Point,طرابلس,طرابلس,13.1627382,32.8846792,low,review_required,Tripoli cafes team KML,valid
LY-FNB-CAF-TRI-00182,tripoliCafes,Ram Cafe,,cafe,,Point,طرابلس,طرابلس,13.1634274,32.8859681,low,review_required,Tripoli cafes team KML,valid
LY-FNB-CAF-TRI-00183,tripoliCafes,كافي شيش خان,,cafe,,Point,طرابلس,طرابلس,13.1638314,32.886516,low,review_required,Tripoli cafes team KML,valid
LY-FNB-CAF-TRI-00184,tripoliCafes,essse cafè,,review_required,,Point,طرابلس,طرابلس,13.1648082,32.8861202,low,review_required,Tripoli cafes team KML,valid
LY-FNB-CAF-TRI-00185,tripoliCafes,libya costa cafe,,cafe,,Point,طرابلس,طرابلس,13.1641633,32.8860825,low,review_required,Tripoli cafes team KML,valid
LY-FNB-CAF-TRI-00186,tripoliCafes,عصائر هاواي,,juice_bar,,Point,طرابلس,طرابلس,13.1657543,32.8866031,low,review_required,Tripoli cafes team KML,valid
LY-FNB-CAF-TRI-00187,tripoliCafes,Olympic Coffee - أولمبيك كافي,,coffee_shop,,Point,طرابلس,طرابلس,13.1659249,32.8875336,low,review_required,Tripoli cafes team KML,valid
LY-FNB-CAF-TRI-00188,tripoliCafes,بيتزا 99,,review_required,,Point,طرابلس,طرابلس,13.1667605,32.8868681,low,review_required,Tripoli cafes team KML,valid
LY-FNB-CAF-TRI-00189,tripoliCafes,كافي باب المدينة,,cafe,,Point,طرابلس,طرابلس,13.1677137,32.8877639,low,review_required,Tripoli cafes team KML,valid
LY-FNB-CAF-TRI-00190,tripoliCafes,مطعم لبرتون,,review_required,,Point,طرابلس,طرابلس,13.167354,32.8883447,low,review_required,Tripoli cafes team KML,valid
LY-FNB-CAF-TRI-00191,tripoliCafes,مقهى ثمانية وثمانون - 88,,cafe,,Point,طرابلس,طرابلس,13.1674525,32.8885213,low,review_required,Tripoli cafes team KML,valid
LY-FNB-CAF-TRI-00192,tripoliCafes,كافي 88 للوجبات السريعة,,cafe,,Point,طرابلس,طرابلس,13.1676029,32.888539,low,review_required,Tripoli cafes team KML,valid
LY-FNB-CAF-TRI-00193,tripoliCafes,اللموشي للسندوتشات,,review_required,,Point,طرابلس,طرابلس,13.1694927,32.8888582,low,review_required,Tripoli cafes team KML,valid
LY-FNB-CAF-TRI-00194,tripoliCafes,مطعم الطاهي للمأكولات البحرية,,review_required,,Point,طرابلس,طرابلس,13.1697351,32.8888196,low,review_required,Tripoli cafes team KML,valid
LY-FNB-CAF-TRI-00195,tripoliCafes,Cafe Latte,,cafe,,Point,طرابلس,طرابلس,13.17035,32.8901144,low,review_required,Tripoli cafes team KML,valid
LY-FNB-CAF-TRI-00196,tripoliCafes,زهير بريش للحلويات الببو,,dessert_cafe,,Point,طرابلس,طرابلس,13.1779956,32.8889719,low,review_required,Tripoli cafes team KML,valid
LY-FNB-CAF-TRI-00197,tripoliCafes,قهوة المسيرة,,coffee_shop,,Point,طرابلس,طرابلس,13.1728838,32.8876852,low,review_required,Tripoli cafes team KML,valid
LY-FNB-CAF-TRI-00198,tripoliCafes,كافي الوافي,,cafe,,Point,طرابلس,طرابلس,13.1770545,32.884367,low,review_required,Tripoli cafes team KML,valid
LY-FNB-CAF-TRI-00199,tripoliCafes,Karo Café - كارو كافي,,cafe,,Point,طرابلس,طرابلس,13.1829584,32.8858324,low,review_required,Tripoli cafes team KML,valid
LY-FNB-CAF-TRI-00200,tripoliCafes,Resto coffe,,cafe_restaurant,,Point,طرابلس,طرابلس,13.1935014,32.8710562,low,review_required,Tripoli cafes team KML,valid
LY-FNB-CAF-TRI-00201,tripoliCafes,مقهى تن,,cafe,,Point,طرابلس,طرابلس,13.1973578,32.8714497,low,review_required,Tripoli cafes team KML,valid
LY-FNB-CAF-TRI-00202,tripoliCafes,Big mac burger,,review_required,,Point,طرابلس,طرابلس,13.1984807,32.8707113,low,review_required,Tripoli cafes team KML,valid
LY-FNB-CAF-TRI-00203,tripoliCafes,THEGATE,,review_required,,Point,طرابلس,طرابلس,13.1974671,32.8687101,low,review_required,Tripoli cafes team KML,valid
LY-FNB-CAF-TRI-00204,tripoliCafes,كافي روت 66,,cafe,,Point,طرابلس,طرابلس,13.2070718,32.8652299,low,review_required,Tripoli cafes team KML,valid
LY-FNB-CAF-TRI-00205,tripoliCafes,كلاسيكو كافي,,cafe,,Point,طرابلس,طرابلس,13.2096853,32.8558378,low,review_required,Tripoli cafes team KML,valid
LY-FNB-CAF-TRI-00206,tripoliCafes,8800,,review_required,,Point,طرابلس,طرابلس,13.1969323,32.854788,low,review_required,Tripoli cafes team KML,valid
LY-FNB-CAF-TRI-00207,tripoliCafes,كودو - فرع حي دمشق,,review_required,,Point,طرابلس,طرابلس,13.2023777,32.8529666,low,review_required,Tripoli cafes team KML,valid
LY-FNB-CAF-TRI-00208,tripoliCafes,مقهى المجلس,,cafe,,Point,طرابلس,طرابلس,13.2049559,32.8390187,low,review_required,Tripoli cafes team KML,valid
LY-FNB-CAF-TRI-00209,tripoliCafes,مقهى البوعة,,cafe,,Point,طرابلس,طرابلس,13.2092237,32.8373424,low,review_required,Tripoli cafes team KML,valid
LY-FNB-CAF-TRI-00210,tripoliCafes,كافي مقيق,,cafe,,Point,طرابلس,طرابلس,13.2080703,32.8375804,low,review_required,Tripoli cafes team KML,valid
LY-FNB-CAF-TRI-00211,tripoliCafes,قهوة همبورقه,,coffee_shop,,Point,طرابلس,طرابلس,13.2159007,32.8371988,low,review_required,Tripoli cafes team KML,valid
LY-FNB-CAF-TRI-00212,tripoliCafes,Cafe bene,,cafe,,Point,طرابلس,طرابلس,13.214886,32.8251604,low,review_required,Tripoli cafes team KML,valid
LY-FNB-CAF-TRI-00213,tripoliCafes,مطعم Andary فرع صلاح الدين,,review_required,,Point,طرابلس,طرابلس,13.2158205,32.8253336,low,review_required,Tripoli cafes team KML,valid
LY-FNB-CAF-TRI-00214,tripoliCafes,مقهى الوادي,,cafe,,Point,طرابلس,طرابلس,13.2144953,32.823517,low,review_required,Tripoli cafes team KML,valid
LY-FNB-CAF-TRI-00215,tripoliCafes,La Casa04,,review_required,,Point,طرابلس,طرابلس,13.216722,32.8233974,low,review_required,Tripoli cafes team KML,valid
LY-FNB-CAF-TRI-00216,tripoliCafes,الحاج فتحي - عين زارة,,traditional_cafe,,Point,طرابلس,طرابلس,13.2553479,32.8296075,low,review_required,Tripoli cafes team KML,valid
LY-FNB-CAF-TRI-00217,tripoliCafes,اشتيوي كافي خلة الفرجان,,cafe,,Point,طرابلس,طرابلس,13.2277252,32.769968,low,review_required,Tripoli cafes team KML,valid
LY-FNB-CAF-TRI-00218,tripoliCafes,مقهى العبسي,,cafe,,Point,طرابلس,طرابلس,13.2977433,32.7680385,low,review_required,Tripoli cafes team KML,valid
LY-FNB-CAF-TRI-00219,tripoliCafes,مقهى بايو كافي في مقسم بن معتوق,,cafe,,Point,طرابلس,طرابلس,13.2585615,32.802936,low,review_required,Tripoli cafes team KML,valid
LY-FNB-CAF-TRI-00220,tripoliCafes,مقهي وحلويات الكرم (الكشك),,dessert_cafe,,Point,طرابلس,طرابلس,13.3434852,32.7941467,low,review_required,Tripoli cafes team KML,valid
LY-FNB-CAF-TRI-00221,tripoliCafes,كافي كوب,,cafe,,Point,طرابلس,طرابلس,13.2693273,32.8513703,low,review_required,Tripoli cafes team KML,valid
LY-FNB-CAF-TRI-00222,tripoliCafes,الدبشي كافيه - Dabshi coffee,,coffee_shop,,Point,طرابلس,طرابلس,13.2398891,32.8490201,low,review_required,Tripoli cafes team KML,valid
LY-FNB-CAF-TRI-00223,tripoliCafes,محمود للسندوتشات 777,,review_required,,Point,طرابلس,طرابلس,13.3514074,32.835698,low,review_required,Tripoli cafes team KML,valid
LY-FNB-CAF-TRI-00224,tripoliCafes,كافي جزيل - JAZEEL CAFE,,cafe,,Point,طرابلس,طرابلس,13.2320418,32.8705703,low,review_required,Tripoli cafes team KML,valid
LY-FNB-CAF-TRI-00225,tripoliCafes,شيش زياد فرع زناتة,,review_required,,Point,طرابلس,طرابلس,13.2296141,32.8690209,low,review_required,Tripoli cafes team KML,valid
LY-FNB-CAF-TRI-00226,tripoliCafes,شرمب نيشن _ليبيا,,review_required,,Point,طرابلس,طرابلس,13.224265,32.8728472,low,review_required,Tripoli cafes team KML,valid
LY-FNB-CAF-TRI-00227,tripoliCafes,كباب زناتة,,review_required,,Point,طرابلس,طرابلس,13.2225901,32.875682,low,review_required,Tripoli cafes team KML,valid
LY-FNB-CAF-TRI-00228,tripoliCafes,شركة نون للعصائر,,juice_bar,,Point,طرابلس,طرابلس,13.2397392,32.8720564,low,review_required,Tripoli cafes team KML,valid
LY-FNB-CAF-TRI-00229,tripoliCafes,معمل جاميلة البحباح,,review_required,,Point,طرابلس,طرابلس,13.2216592,32.8786255,low,review_required,Tripoli cafes team KML,valid
LY-FNB-CAF-TRI-00230,tripoliCafes,مطبخ العيلة - cucina famiglia,,review_required,,Point,طرابلس,طرابلس,13.2223262,32.8804466,low,review_required,Tripoli cafes team KML,valid
LY-FNB-CAF-TRI-00231,tripoliCafes,Vanilla Patisserie حلويات ڤانيليا,,dessert_cafe,,Point,طرابلس,طرابلس,13.2164133,32.8807807,low,review_required,Tripoli cafes team KML,valid
LY-FNB-CAF-TRI-00232,tripoliCafes,Espressolab,,specialty_coffee,,Point,طرابلس,طرابلس,13.2112078,32.8833556,low,review_required,Tripoli cafes team KML,valid
LY-FNB-CAF-TRI-00233,tripoliCafes,Gustoso,,review_required,,Point,طرابلس,طرابلس,13.2119236,32.8818621,low,review_required,Tripoli cafes team KML,valid
LY-FNB-CAF-TRI-00234,tripoliCafes,Bubble Tea ببل تي,,tea_house,,Point,طرابلس,طرابلس,13.2113147,32.8842521,low,review_required,Tripoli cafes team KML,valid
LY-FNB-CAF-TRI-00235,tripoliCafes,Eleanor Pastries,,review_required,,Point,طرابلس,طرابلس,13.2098844,32.8797784,low,review_required,Tripoli cafes team KML,valid
LY-FNB-CAF-TRI-00236,tripoliCafes,Candy house كاندي هاوس,,review_required,,Point,طرابلس,طرابلس,13.2095118,32.8793496,low,review_required,Tripoli cafes team KML,valid
LY-FNB-CAF-TRI-00237,tripoliCafes,Pinkberry Libya,,review_required,,Point,طرابلس,طرابلس,13.2069294,32.8837952,low,review_required,Tripoli cafes team KML,valid
LY-FNB-CAF-TRI-00238,tripoliCafes,Buonissimo gelato Italiano,,ice_cream_shop,,Point,طرابلس,طرابلس,13.2068586,32.8830681,low,review_required,Tripoli cafes team KML,valid
LY-FNB-CAF-TRI-00239,tripoliCafes,Nostro caffe,,coffee_shop,,Point,طرابلس,طرابلس,13.2067952,32.8835843,low,review_required,Tripoli cafes team KML,valid
LY-FNB-CAF-TRI-00240,tripoliCafes,كافي لاتي,,cafe,,Point,طرابلس,طرابلس,13.1990477,32.8832245,low,review_required,Tripoli cafes team KML,valid
LY-FNB-CAF-TRI-00241,tripoliCafes,Alhofra Cafe - مقهي الحفرة,,cafe,,Point,طرابلس,طرابلس,13.1999886,32.8829778,low,review_required,Tripoli cafes team KML,valid
LY-FNB-CAF-TRI-00242,tripoliCafes,ڤوگ كافيه ومطعم,,cafe_restaurant,,Point,طرابلس,طرابلس,13.1936468,32.8849836,low,review_required,Tripoli cafes team KML,valid
LY-FNB-CAF-TRI-00243,tripoliCafes,كلاسيكو ساندوتش,,review_required,,Point,طرابلس,طرابلس,13.1929527,32.8851246,low,review_required,Tripoli cafes team KML,valid
LY-FNB-CAF-TRI-00244,tripoliCafes,موندو جيلاتو - القادسية,,ice_cream_shop,,Point,طرابلس,طرابلس,13.1922962,32.8846595,low,review_required,Tripoli cafes team KML,valid
LY-FNB-CAF-TRI-00245,tripoliCafes,GOULZ,,review_required,,Point,طرابلس,طرابلس,13.1916874,32.885744,low,review_required,Tripoli cafes team KML,valid
LY-FNB-CAF-TRI-00246,tripoliCafes,Ottimo Gusto Pizza & Pasta,,review_required,,Point,طرابلس,طرابلس,13.1972392,32.8819118,low,review_required,Tripoli cafes team KML,valid
LY-FNB-CAF-TRI-00247,tripoliCafes,مقهي كابو,,cafe,,Point,طرابلس,طرابلس,13.1994485,32.8812321,low,review_required,Tripoli cafes team KML,valid
LY-FNB-CAF-TRI-00248,tripoliCafes,مقهى الشيباني,,cafe,,Point,طرابلس,طرابلس,13.1999391,32.8811972,low,review_required,Tripoli cafes team KML,valid
LY-FNB-CAF-TRI-00249,tripoliCafes,Sage Cafe - ساج كافي,,cafe,,Point,طرابلس,طرابلس,13.199799,32.8812312,low,review_required,Tripoli cafes team KML,valid
LY-FNB-CAF-TRI-00250,tripoliCafes,Costa Cafe,,cafe,,Point,طرابلس,طرابلس,13.2006697,32.8795841,low,review_required,Tripoli cafes team KML,valid
LY-FNB-CAF-TRI-00251,tripoliCafes,SUGAR Ben Ashur,,review_required,,Point,طرابلس,طرابلس,13.2015903,32.8787144,low,review_required,Tripoli cafes team KML,valid
LY-FNB-CAF-TRI-00252,tripoliCafes,Al DENTE Cafe M Hanka,,cafe,,Point,طرابلس,طرابلس,13.2005935,32.8793452,low,review_required,Tripoli cafes team KML,valid
LY-FNB-CAF-TRI-00253,tripoliCafes,دجاج كنتاكي,,review_required,,Point,طرابلس,طرابلس,13.2006704,32.8793572,low,review_required,Tripoli cafes team KML,valid
LY-FNB-CAF-TRI-00254,tripoliCafes,Miss cake sweet shop and cafe 2,,dessert_cafe,,Point,طرابلس,طرابلس,13.2009594,32.8794763,low,review_required,Tripoli cafes team KML,valid
LY-FNB-CAF-TRI-00255,tripoliCafes,كافي مدريد,,cafe,,Point,طرابلس,طرابلس,13.2018585,32.8755149,low,review_required,Tripoli cafes team KML,valid
LY-FNB-CAF-TRI-00256,tripoliCafes,العمو الجرابة,,review_required,,Point,طرابلس,طرابلس,13.2026332,32.8756833,low,review_required,Tripoli cafes team KML,valid
LY-FNB-CAF-TRI-00257,tripoliCafes,Bash Burger,,review_required,,Point,طرابلس,طرابلس,13.2030752,32.8757653,low,review_required,Tripoli cafes team KML,valid
LY-FNB-CAF-TRI-00258,tripoliCafes,Pink Cafe,,cafe,,Point,طرابلس,طرابلس,13.2031199,32.8757834,low,review_required,Tripoli cafes team KML,valid
LY-FNB-CAF-TRI-00259,tripoliCafes,THE MEATHOUSE,,review_required,,Point,طرابلس,طرابلس,13.2032859,32.8758394,low,review_required,Tripoli cafes team KML,valid
LY-FNB-CAF-TRI-00260,tripoliCafes,بـ لبن,,review_required,,Point,طرابلس,طرابلس,13.2032344,32.8760097,low,review_required,Tripoli cafes team KML,valid
LY-FNB-CAF-TRI-00261,tripoliCafes,تويستر,,review_required,,Point,طرابلس,طرابلس,13.2032887,32.8760389,low,review_required,Tripoli cafes team KML,valid
LY-FNB-CAF-TRI-00262,tripoliCafes,Diyar al-Sham ديار الشام,,review_required,,Point,طرابلس,طرابلس,13.2035458,32.8760852,low,review_required,Tripoli cafes team KML,valid
LY-FNB-CAF-TRI-00263,tripoliCafes,Burger Boss,,review_required,,Point,طرابلس,طرابلس,13.204197,32.8760224,low,review_required,Tripoli cafes team KML,valid
LY-FNB-CAF-TRI-00264,tripoliCafes,Guns ‘n’ Buns,,review_required,,Point,طرابلس,طرابلس,13.204492,32.8761165,low,review_required,Tripoli cafes team KML,valid
LY-FNB-CAF-TRI-00265,tripoliCafes,مطعم زيادة,,review_required,,Point,طرابلس,طرابلس,13.2045783,32.8761103,low,review_required,Tripoli cafes team KML,valid
LY-FNB-CAF-TRI-00266,tripoliCafes,لاتينو,,review_required,,Point,طرابلس,طرابلس,13.2055214,32.8764583,low,review_required,Tripoli cafes team KML,valid
LY-FNB-CAF-TRI-00267,tripoliCafes,MOMANTO,,review_required,,Point,طرابلس,طرابلس,13.2059528,32.8757396,low,review_required,Tripoli cafes team KML,valid
LY-FNB-CAF-TRI-00268,tripoliCafes,S7S Burger مطعم سحس,,review_required,,Point,طرابلس,طرابلس,13.2062726,32.8759306,low,review_required,Tripoli cafes team KML,valid
LY-FNB-CAF-TRI-00269,tripoliCafes,كوب كافي,,cafe,,Point,طرابلس,طرابلس,13.2060998,32.87506,low,review_required,Tripoli cafes team KML,valid
LY-FNB-CAF-TRI-00270,tripoliCafes,Terrace café,,cafe,,Point,طرابلس,طرابلس,13.2061017,32.8747609,low,review_required,Tripoli cafes team KML,valid
LY-FNB-CAF-TRI-00271,tripoliCafes,مطحن جرابة,,review_required,,Point,طرابلس,طرابلس,13.2059003,32.8740873,low,review_required,Tripoli cafes team KML,valid
LY-FNB-CAF-TRI-00272,tripoliCafes,Mammamia كافي ماماميا,,cafe,,Point,طرابلس,طرابلس,13.2063045,32.87396,low,review_required,Tripoli cafes team KML,valid
LY-FNB-CAF-TRI-00273,tripoliCafes,لافندر كافي,,cafe,,Point,طرابلس,طرابلس,13.2064034,32.8732009,low,review_required,Tripoli cafes team KML,valid
LY-FNB-CAF-TRI-00274,tripoliCafes,فرايتس شيف,,review_required,,Point,طرابلس,طرابلس,13.2073275,32.8724061,low,review_required,Tripoli cafes team KML,valid
LY-FNB-CAF-TRI-00275,tripoliCafes,مقهى هارون فرع بن عاشور,,cafe,,Point,طرابلس,طرابلس,13.2027357,32.8720121,low,review_required,Tripoli cafes team KML,valid
LY-FNB-CAF-TRI-00276,tripoliCafes,مطعم طشطشة,,review_required,,Point,طرابلس,طرابلس,13.2028581,32.8721696,low,review_required,Tripoli cafes team KML,valid
LY-FNB-CAF-TRI-00277,tripoliCafes,مقهى تشامبيون - Cafe champion,,cafe,,Point,طرابلس,طرابلس,13.2074527,32.8705016,low,review_required,Tripoli cafes team KML,valid
LY-FNB-CAF-TRI-00278,tripoliCafes,Bartato,,review_required,,Point,طرابلس,طرابلس,13.2069459,32.8712907,low,review_required,Tripoli cafes team KML,valid
LY-FNB-CAF-TRI-00279,tripoliCafes,مطعم الشامي 2- فرع رأس حسن,,review_required,,Point,طرابلس,طرابلس,13.2087291,32.8701687,low,review_required,Tripoli cafes team KML,valid
LY-FNB-CAF-TRI-00280,tripoliCafes,كباب عريبي,,review_required,,Point,طرابلس,طرابلس,13.2102733,32.870465,low,review_required,Tripoli cafes team KML,valid
LY-FNB-CAF-TRI-00281,tripoliCafes,ماندو Mando,,review_required,,Point,طرابلس,طرابلس,13.2085045,32.8746751,low,review_required,Tripoli cafes team KML,valid
LY-FNB-CAF-TRI-00282,tripoliCafes,مطعم 93,,review_required,,Point,طرابلس,طرابلس,13.2109955,32.8743042,low,review_required,Tripoli cafes team KML,valid
LY-FNB-CAF-TRI-00283,tripoliCafes,دولشي كيك,,review_required,,Point,طرابلس,طرابلس,13.2162358,32.8761796,low,review_required,Tripoli cafes team KML,valid
LY-FNB-CAF-TRI-00284,tripoliCafes,مقهى براون - Brown Cafe,,cafe,,Point,طرابلس,طرابلس,13.2116312,32.8777158,low,review_required,Tripoli cafes team KML,valid
LY-FNB-CAF-TRI-00285,tripoliCafes,عكسـة الرجـال,,review_required,,Point,طرابلس,طرابلس,13.2220747,32.8721064,low,review_required,Tripoli cafes team KML,valid
LY-FNB-CAF-TRI-00286,tripoliCafes,مقهى القيزاني - Cafe algezani,,cafe,,Point,طرابلس,طرابلس,13.2122981,32.8585227,low,review_required,Tripoli cafes team KML,valid
LY-FNB-CAF-TRI-00287,tripoliCafes,كافيتيريا كلية العلوم / جامعة طرابلس,,cafe,,Point,طرابلس,طرابلس,13.2189972,32.8546479,low,review_required,Tripoli cafes team KML,valid
LY-FNB-CAF-TRI-00288,tripoliCafes,Espresso Lab Cafe - مقهى إسبريسو لاب,,specialty_coffee,,Point,طرابلس,طرابلس,13.2277437,32.8495476,low,review_required,Tripoli cafes team KML,valid
LY-FNB-CAF-TRI-00289,tripoliCafes,Crown Cafe,,cafe,,Point,طرابلس,طرابلس,13.2317609,32.8383787,low,review_required,Tripoli cafes team KML,valid
LY-FNB-CAF-TRI-00290,tripoliCafes,بريوش عمر,,review_required,,Point,طرابلس,طرابلس,13.1868369,32.8217272,low,review_required,Tripoli cafes team KML,valid
LY-FNB-CAF-TRI-00291,tripoliCafes,الكردي كافي,,cafe,,Point,طرابلس,طرابلس,13.1742048,32.7943519,low,review_required,Tripoli cafes team KML,valid
LY-FNB-CAF-TRI-00292,tripoliCafes,طرابلس,,review_required,,Point,طرابلس,طرابلس,13.184615,32.7845745,low,review_required,Tripoli cafes team KML,valid
LY-FNB-CAF-TRI-00293,tripoliCafes,فلامينقو,,review_required,,Point,طرابلس,طرابلس,13.1891764,32.7767193,low,review_required,Tripoli cafes team KML,valid
LY-FNB-CAF-TRI-00294,tripoliCafes,كافي قمر,,cafe,,Point,طرابلس,طرابلس,13.1716929,32.7788866,low,review_required,Tripoli cafes team KML,valid
LY-FNB-CAF-TRI-00295,tripoliCafes,WAKE UP COFFEE SHOP,,coffee_shop,,Point,طرابلس,طرابلس,13.1498888,32.7788958,low,review_required,Tripoli cafes team KML,valid
LY-FNB-CAF-TRI-00296,tripoliCafes,cafe 99,,cafe,,Point,طرابلس,طرابلس,13.1637568,32.7818947,low,review_required,Tripoli cafes team KML,valid
LY-FNB-CAF-TRI-00297,tripoliCafes,Thaj Cafe,,cafe,,Point,طرابلس,طرابلس,13.1576526,32.7848581,low,review_required,Tripoli cafes team KML,valid
LY-FNB-CAF-TRI-00298,tripoliCafes,كافي أدجيم,,cafe,,Point,طرابلس,طرابلس,13.1415156,32.763673,low,review_required,Tripoli cafes team KML,valid
LY-FNB-CAF-TRI-00299,tripoliCafes,سيمافرو للوجبات الخفيفة و المعجنات,,review_required,,Point,طرابلس,طرابلس,13.2363394,32.8820889,low,review_required,Tripoli cafes team KML,valid
LY-FNB-CAF-TRI-00300,tripoliCafes,عالم القهوة,,coffee_shop,,Point,طرابلس,طرابلس,13.2429236,32.8897765,low,review_required,Tripoli cafes team KML,valid
LY-FNB-CAF-TRI-00301,tripoliCafes,بسبوسه الفقيه,,review_required,,Point,طرابلس,طرابلس,13.2556983,32.8849781,low,review_required,Tripoli cafes team KML,valid
LY-FNB-CAF-TRI-00302,tripoliCafes,Tasty Food,,review_required,,Point,طرابلس,طرابلس,13.2304259,32.9004843,low,review_required,Tripoli cafes team KML,valid
LY-FNB-CAF-TRI-00303,tripoliCafes,فطائر الكريكشي,,review_required,,Point,طرابلس,طرابلس,13.2426064,32.908257,low,review_required,Tripoli cafes team KML,valid
LY-FNB-CAF-TRI-00304,tripoliCafes,أورزو للأيسكريم orso ice cream,,ice_cream_shop,,Point,طرابلس,طرابلس,13.2429618,32.9082027,low,review_required,Tripoli cafes team KML,valid
LY-FNB-CAF-TRI-00305,tripoliCafes,قهوة داكوردو,,coffee_shop,,Point,طرابلس,طرابلس,13.2622683,32.9052517,low,review_required,Tripoli cafes team KML,valid
LY-FNB-CAF-TRI-00306,tripoliCafes,مقهى MAIN GATE,,cafe,,Point,طرابلس,طرابلس,13.2695803,32.9053332,low,review_required,Tripoli cafes team KML,valid
LY-FNB-CAF-TRI-00307,tripoliCafes,كاستيلو كافي,,cafe,,Point,طرابلس,طرابلس,13.2631752,32.9032083,low,review_required,Tripoli cafes team KML,valid
LY-FNB-CAF-TRI-00308,tripoliCafes,مقهى الفنجان الذهبي,,cafe,,Point,طرابلس,طرابلس,13.2628708,32.8995428,low,review_required,Tripoli cafes team KML,valid
LY-FNB-CAF-TRI-00309,tripoliCafes,قهوة الدقروني,,coffee_shop,,Point,طرابلس,طرابلس,13.2553653,32.8993554,low,review_required,Tripoli cafes team KML,valid
LY-FNB-CAF-TRI-00310,tripoliCafes,IPSA ICE CREAM ابسا للمثلجات و الجيلاطي,,ice_cream_shop,,Point,طرابلس,طرابلس,13.2587908,32.8942324,low,review_required,Tripoli cafes team KML,valid
LY-FNB-CAF-TRI-00311,tripoliCafes,الزيتونة برجر 🍔 ALZETOUNA BURGER,,review_required,,Point,طرابلس,طرابلس,13.2579131,32.8916986,low,review_required,Tripoli cafes team KML,valid
LY-FNB-CAF-TRI-00312,tripoliCafes,فرشيلو كافي Farchilo Coffee,,coffee_shop,,Point,طرابلس,طرابلس,13.2557514,32.8830381,low,review_required,Tripoli cafes team KML,valid
LY-FNB-CAF-TRI-00313,tripoliCafes,مقهى ابو كتيف,,cafe,,Point,طرابلس,طرابلس,13.2530028,32.8808535,low,review_required,Tripoli cafes team KML,valid
LY-FNB-CAF-TRI-00314,tripoliCafes,ماندو | Mando,,review_required,,Point,طرابلس,طرابلس,13.2920509,32.8358139,low,review_required,Tripoli cafes team KML,valid
LY-FNB-CAF-TRI-00315,tripoliCafes,مقهى الديدو _ Café AlDido,,cafe,,Point,طرابلس,طرابلس,13.3050284,32.8035912,low,review_required,Tripoli cafes team KML,valid
LY-FNB-CAF-TRI-00316,tripoliCafes,كافي 2023,,cafe,,Point,طرابلس,طرابلس,13.330599,32.8284487,low,review_required,Tripoli cafes team KML,valid
LY-FNB-CAF-TRI-00317,tripoliCafes,محمد 2,,review_required,,Point,طرابلس,طرابلس,13.3189266,32.8345334,low,review_required,Tripoli cafes team KML,valid
LY-FNB-CAF-TRI-00318,tripoliCafes,SUGAR,,review_required,,Point,طرابلس,طرابلس,13.3463086,32.8866827,low,review_required,Tripoli cafes team KML,valid
LY-FNB-CAF-TRI-00319,tripoliCafes,كودو تاجوراء,,review_required,,Point,طرابلس,طرابلس,13.3384489,32.8836545,low,review_required,Tripoli cafes team KML,valid
LY-FNB-CAF-TRI-00320,tripoliCafes,Naas Cafe,,cafe,,Point,طرابلس,طرابلس,13.3304792,32.8753523,low,review_required,Tripoli cafes team KML,valid
LY-FNB-CAF-TRI-00321,tripoliCafes,العالم للحلويات,,dessert_cafe,,Point,طرابلس,طرابلس,13.3275897,32.8755098,low,review_required,Tripoli cafes team KML,valid
LY-FNB-CAF-TRI-00322,tripoliCafes,B1 coffee,,coffee_shop,,Point,طرابلس,طرابلس,13.3378915,32.8689994,low,review_required,Tripoli cafes team KML,valid
LY-FNB-CAF-TRI-00323,tripoliCafes,مقهى و مطعم عصمان,,cafe,,Point,طرابلس,طرابلس,13.3598903,32.8723626,low,review_required,Tripoli cafes team KML,valid
LY-FNB-CAF-TRI-00324,tripoliCafes,الحاج فتحي فرع تاجوراء,,traditional_cafe,,Point,طرابلس,طرابلس,13.3755662,32.8714458,low,review_required,Tripoli cafes team KML,valid
LY-FNB-CAF-TRI-00325,tripoliCafes,Café Motiv,,cafe,,Point,طرابلس,طرابلس,13.2977288,32.8821703,low,review_required,Tripoli cafes team KML,valid
LY-FNB-CAF-TRI-00326,tripoliCafes,مقهى المداق,,cafe,,Point,طرابلس,طرابلس,13.2961647,32.8792698,low,review_required,Tripoli cafes team KML,valid
LY-FNB-CAF-TRI-00327,tripoliCafes,7stars cafe,,cafe,,Point,طرابلس,طرابلس,13.2608892,32.8521481,low,review_required,Tripoli cafes team KML,valid
LY-FNB-CAF-TRI-00328,tripoliCafes,مقهي الوطنية,,cafe,,Point,طرابلس,طرابلس,13.2570977,32.8565575,low,review_required,Tripoli cafes team KML,valid
LY-FNB-CAF-TRI-00329,tripoliCafes,السبعة,,review_required,,Point,طرابلس,طرابلس,13.2590751,32.8585215,low,review_required,Tripoli cafes team KML,valid
LY-FNB-CAF-TRI-00330,tripoliCafes,مقهى هارون فرع السبعة,,cafe,,Point,طرابلس,طرابلس,13.2697762,32.8633454,low,review_required,Tripoli cafes team KML,valid
LY-FNB-CAF-TRI-00331,tripoliCafes,SamboCoffee,,coffee_shop,,Point,طرابلس,طرابلس,13.2738007,32.862046,low,review_required,Tripoli cafes team KML,valid
LY-FNB-CAF-TRI-00332,tripoliCafes,كوكيز,,review_required,,Point,طرابلس,طرابلس,13.2756887,32.865625,low,review_required,Tripoli cafes team KML,valid
LY-FNB-CAF-TRI-00333,tripoliCafes,B&B Fast Food,,review_required,,Point,طرابلس,طرابلس,13.2733569,32.8773505,low,review_required,Tripoli cafes team KML,valid
LY-FNB-CAF-TRI-00334,tripoliCafes,كافي تشينو Chino Cafe,,cafe,,Point,طرابلس,طرابلس,13.2694016,32.8910259,low,review_required,Tripoli cafes team KML,valid
LY-FNB-CAF-TRI-00335,tripoliCafes,Cafe 55,,cafe,,Point,طرابلس,طرابلس,13.3366005,32.8636488,low,review_required,Tripoli cafes team KML,valid
LY-FNB-CAF-TRI-00336,tripoliCafes,Vero caffe,,coffee_shop,,Point,طرابلس,طرابلس,13.3624039,32.8939773,low,review_required,Tripoli cafes team KML,valid
LY-FNB-CAF-TRI-00337,tripoliCafes,مقهى هارون,,cafe,,Point,طرابلس,طرابلس,13.3769223,32.8944023,low,review_required,Tripoli cafes team KML,valid
LY-FNB-CAF-TRI-00338,tripoliCafes,مقهى فينيسيا للبيتزا والمعجنات,,cafe,,Point,طرابلس,طرابلس,13.3882429,32.8906876,low,review_required,Tripoli cafes team KML,valid
LY-FNB-CAF-TRI-00339,tripoliCafes,بيانكا -BIANCA,,review_required,,Point,طرابلس,طرابلس,13.3831993,32.894189,low,review_required,Tripoli cafes team KML,valid
LY-FNB-CAF-TRI-00340,tripoliCafes,بيتزا الفوار 2,,review_required,,Point,طرابلس,طرابلس,13.3870749,32.8930237,low,review_required,Tripoli cafes team KML,valid
LY-FNB-CAF-TRI-00341,tripoliCafes,تيك اوي,,review_required,,Point,طرابلس,طرابلس,13.3623341,32.8845618,low,review_required,Tripoli cafes team KML,valid
LY-FNB-CAF-TRI-00342,tripoliCafes,Caffe 25,,coffee_shop,,Point,طرابلس,طرابلس,13.3631866,32.8730059,low,review_required,Tripoli cafes team KML,valid
LY-FNB-CAF-TRI-00343,tripoliCafes,بانيني كافيه,,cafe,,Point,طرابلس,طرابلس,13.3706391,32.8725769,low,review_required,Tripoli cafes team KML,valid
LY-FNB-CAF-TRI-00344,tripoliCafes,مقهى سيلفيوم,,cafe,,Point,طرابلس,طرابلس,13.35492,32.8721543,low,review_required,Tripoli cafes team KML,valid
LY-FNB-CAF-TRI-00345,tripoliCafes,معمل القشطة,,review_required,,Point,طرابلس,طرابلس,13.3465639,32.8733294,low,review_required,Tripoli cafes team KML,valid
LY-FNB-CAF-TRI-00346,tripoliCafes,Malek cafe,,cafe,,Point,طرابلس,طرابلس,13.3438452,32.8694982,low,review_required,Tripoli cafes team KML,valid
LY-FNB-CAF-TRI-00347,tripoliCafes,Habibi caffe & games,,coffee_shop,,Point,طرابلس,طرابلس,13.3377785,32.8708528,low,review_required,Tripoli cafes team KML,valid
LY-FNB-CAF-TRI-00348,tripoliCafes,مقهى الوسام,,cafe,,Point,طرابلس,طرابلس,13.3914636,32.8857322,low,review_required,Tripoli cafes team KML,valid
LY-FNB-CAF-TRI-00349,tripoliCafes,مقهى الكبدة تاجوراء,,cafe,,Point,طرابلس,طرابلس,13.4089017,32.8720774,low,review_required,Tripoli cafes team KML,valid
LY-FNB-CAF-TRI-00350,tripoliCafes,Maram Kitchen,,review_required,,Point,طرابلس,طرابلس,13.3562062,32.8296918,low,review_required,Tripoli cafes team KML,valid
LY-FNB-CAF-TRI-00351,tripoliCafes,مقهى فيرونا VERONA CAFFE,,coffee_shop,,Point,طرابلس,طرابلس,13.348356,32.826264,low,review_required,Tripoli cafes team KML,valid
LY-FNB-CAF-TRI-00352,tripoliCafes,مقهي بلاك اند وايت,,cafe,,Point,طرابلس,طرابلس,13.3501459,32.8351697,low,review_required,Tripoli cafes team KML,valid
LY-FNB-CAF-TRI-00353,tripoliCafes,مستر باسترس mr. Pastries,,review_required,,Point,طرابلس,طرابلس,13.2002107,32.8606271,low,review_required,Tripoli cafes team KML,valid
LY-FNB-CAF-TRI-00354,tripoliCafes,قهوة عصام الجديدة,,coffee_shop,,Point,طرابلس,طرابلس,13.1986325,32.8740664,low,review_required,Tripoli cafes team KML,valid
LY-FNB-CAF-TRI-00355,tripoliCafes,La Dolce Vita,,review_required,,Point,طرابلس,طرابلس,13.1913561,32.8805558,low,review_required,Tripoli cafes team KML,valid
LY-FNB-CAF-TRI-00356,tripoliCafes,كافي برقان,,cafe,,Point,طرابلس,طرابلس,13.1889068,32.8804871,low,review_required,Tripoli cafes team KML,valid
LY-FNB-CAF-TRI-00357,tripoliCafes,كافي شباب بلادي,,cafe,,Point,طرابلس,طرابلس,13.1841758,32.879383,low,review_required,Tripoli cafes team KML,valid
LY-FNB-CAF-TRI-00358,tripoliCafes,ويلا كافي,,cafe,,Point,طرابلس,طرابلس,13.1817767,32.8813772,low,review_required,Tripoli cafes team KML,valid
LY-FNB-CAF-TRI-00359,tripoliCafes,مقهي الأرز,,cafe,,Point,طرابلس,طرابلس,13.1803788,32.8837509,low,review_required,Tripoli cafes team KML,valid
LY-FNB-CAF-TRI-00360,tripoliCafes,Como Coffee,,coffee_shop,,Point,طرابلس,طرابلس,13.179165,32.8821359,low,review_required,Tripoli cafes team KML,valid
LY-FNB-CAF-TRI-00361,tripoliCafes,Gelateria pinguino - مثلجات بنقوينو,,ice_cream_shop,,Point,طرابلس,طرابلس,13.1845867,32.8844758,low,review_required,Tripoli cafes team KML,valid
LY-FNB-CAF-TRI-00362,tripoliCafes,قهوة الببو دحي وجبنة,,coffee_shop,,Point,طرابلس,طرابلس,13.1860971,32.8845224,low,review_required,Tripoli cafes team KML,valid
LY-FNB-CAF-TRI-00363,tripoliCafes,VIA MERCATO LY,,review_required,,Point,طرابلس,طرابلس,13.1906447,32.886498,low,review_required,Tripoli cafes team KML,valid
LY-FNB-CAF-TRI-00364,tripoliCafes,فوزي سندوتشات بانينا Fawzi Street food,,review_required,,Point,طرابلس,طرابلس,13.182782,32.8898154,low,review_required,Tripoli cafes team KML,valid
LY-FNB-CAF-TRI-00365,tripoliCafes,البيت الموريسكي(كازا موريسكي),,review_required,,Point,طرابلس,طرابلس,13.1772054,32.8963209,low,review_required,Tripoli cafes team KML,valid
LY-FNB-CAF-TRI-00366,tripoliCafes,مقهي باديه,,cafe,,Point,طرابلس,طرابلس,13.174363,32.897921,low,review_required,Tripoli cafes team KML,valid
LY-FNB-CAF-TRI-00367,tripoliCafes,Coofe Refrehs,,review_required,,Point,طرابلس,طرابلس,13.1768839,32.8995243,low,review_required,Tripoli cafes team KML,valid
LY-FNB-CAF-TRI-00368,tripoliCafes,شباك -shubbak.ly,,review_required,,Point,طرابلس,طرابلس,13.1754439,32.8997391,low,review_required,Tripoli cafes team KML,valid
LY-FNB-CAF-TRI-00369,tripoliCafes,MARSA CAFE قهوه على البحر,,cafe,,Point,طرابلس,طرابلس,13.1777878,32.8999108,low,review_required,Tripoli cafes team KML,valid
LY-FNB-CAF-TRI-00370,tripoliCafes,Old but gold,,review_required,,Point,طرابلس,طرابلس,13.1759622,32.9004355,low,review_required,Tripoli cafes team KML,valid
LY-FNB-CAF-TRI-00371,tripoliCafes,Caffè del Porto,,coffee_shop,,Point,طرابلس,طرابلس,13.1758247,32.902618,low,review_required,Tripoli cafes team KML,valid
LY-FNB-CAF-TRI-00372,tripoliCafes,مقهى السيدة مريم,,cafe,,Point,طرابلس,طرابلس,13.1758661,32.8986031,low,review_required,Tripoli cafes team KML,valid
LY-FNB-CAF-TRI-00373,tripoliCafes,قهوة ابوفينا,,coffee_shop,,Point,طرابلس,طرابلس,13.1772051,32.8983828,low,review_required,Tripoli cafes team KML,valid
LY-FNB-CAF-TRI-00374,tripoliCafes,فلافل الحموي,,review_required,,Point,طرابلس,طرابلس,13.1735496,32.8961497,low,review_required,Tripoli cafes team KML,valid
LY-FNB-CAF-TRI-00375,tripoliCafes,مقهى ومطعم الميڨو,,cafe_restaurant,,Point,طرابلس,طرابلس,13.1727625,32.8946978,low,review_required,Tripoli cafes team KML,valid
LY-FNB-CAF-TRI-00376,tripoliCafes,مقهى صلاح,,cafe,,Point,طرابلس,طرابلس,13.1764856,32.8932228,low,review_required,Tripoli cafes team KML,valid
LY-FNB-CAF-TRI-00377,tripoliCafes,مقهى عمورة الكيلاني الثريا,,cafe,,Point,طرابلس,طرابلس,13.1784375,32.8935625,low,review_required,Tripoli cafes team KML,valid
LY-FNB-CAF-TRI-00378,tripoliCafes,مقهي أبو أحمد,,cafe,,Point,طرابلس,طرابلس,13.1795909,32.8937203,low,review_required,Tripoli cafes team KML,valid
LY-FNB-CAF-TRI-00379,tripoliCafes,مقهى كاره للوجبات السريعة,,cafe,,Point,طرابلس,طرابلس,13.1807089,32.8936263,low,review_required,Tripoli cafes team KML,valid
LY-FNB-CAF-TRI-00380,tripoliCafes,البريوشة,,review_required,,Point,طرابلس,طرابلس,13.1810869,32.8941896,low,review_required,Tripoli cafes team KML,valid
LY-FNB-CAF-TRI-00381,tripoliCafes,Saray Café مقهى سراي,,cafe,,Point,طرابلس,طرابلس,13.1817598,32.8939463,low,review_required,Tripoli cafes team KML,valid
LY-FNB-CAF-TRI-00382,tripoliCafes,Adnan cafe,,cafe,,Point,طرابلس,طرابلس,13.1831651,32.893424,low,review_required,Tripoli cafes team KML,valid
LY-FNB-CAF-TRI-00383,tripoliCafes,coffe malek,,coffee_shop,,Point,طرابلس,طرابلس,13.1810161,32.893303,low,review_required,Tripoli cafes team KML,valid
LY-FNB-CAF-TRI-00384,tripoliCafes,مقهى النخيل,,cafe,,Point,طرابلس,طرابلس,13.1822371,32.8926472,low,review_required,Tripoli cafes team KML,valid
LY-FNB-CAF-TRI-00385,tripoliCafes,Yahya sandwich,,review_required,,Point,طرابلس,طرابلس,13.181155,32.8940313,low,review_required,Tripoli cafes team KML,valid
LY-FNB-CAF-TRI-00386,tripoliCafes,Nesma Cafe & Restaurant,,cafe_restaurant,,Point,طرابلس,طرابلس,13.1831111,32.8943934,low,review_required,Tripoli cafes team KML,valid
LY-FNB-CAF-TRI-00387,tripoliCafes,مقهي ومطعم السرايا & Al Saraya Cafe and Restaurant,,cafe_restaurant,,Point,طرابلس,طرابلس,13.1824414,32.8946473,low,review_required,Tripoli cafes team KML,valid
LY-FNB-CAF-TRI-00388,tripoliCafes,كافي اسامة,,cafe,,Point,طرابلس,طرابلس,13.1853596,32.8948182,low,review_required,Tripoli cafes team KML,valid
LY-FNB-CAF-TRI-00389,tripoliCafes,مقهى الكرنيش,,cafe,,Point,طرابلس,طرابلس,13.1853506,32.8958753,low,review_required,Tripoli cafes team KML,valid
LY-FNB-CAF-TRI-00390,tripoliCafes,مقهي فيراري Coffee ferrari,,coffee_shop,,Point,طرابلس,طرابلس,13.1841634,32.8967117,low,review_required,Tripoli cafes team KML,valid
LY-FNB-CAF-TRI-00391,tripoliCafes,GROUP CAFE,,cafe,,Point,طرابلس,طرابلس,13.1678187,32.895261,low,review_required,Tripoli cafes team KML,valid
LY-FNB-CAF-TRI-00392,tripoliCafes,الكشك العالمي,,review_required,,Point,طرابلس,طرابلس,13.2106951,32.8992755,low,review_required,Tripoli cafes team KML,valid
LY-FNB-CAF-TRI-00393,tripoliCafes,مقهى طريق الشط,,cafe,,Point,طرابلس,طرابلس,13.2143117,32.8999988,low,review_required,Tripoli cafes team KML,valid
LY-FNB-CAF-TRI-00394,tripoliCafes,شهرزاد للحلويات الشرقية والعالمية,,dessert_cafe,,Point,طرابلس,طرابلس,13.2185373,32.9003745,low,review_required,Tripoli cafes team KML,valid
LY-FNB-CAF-TRI-00395,tripoliCafes,bona cake,,dessert_cafe,,Point,طرابلس,طرابلس,13.2213125,32.8923125,low,review_required,Tripoli cafes team KML,valid
LY-FNB-CAF-TRI-00396,tripoliCafes,GRILLZA للمعجنات والمشاوي,,review_required,,Point,طرابلس,طرابلس,13.2230943,32.8888976,low,review_required,Tripoli cafes team KML,valid
LY-FNB-CAF-TRI-00397,tripoliCafes,كافي تشينو,,cafe,,Point,طرابلس,طرابلس,13.2314209,32.8885989,low,review_required,Tripoli cafes team KML,valid
LY-FNB-CAF-TRI-00398,tripoliCafes,S&M cake,,dessert_cafe,,Point,طرابلس,طرابلس,13.2512207,32.8973085,low,review_required,Tripoli cafes team KML,valid
LY-FNB-CAF-TRI-00399,tripoliCafes,The cue cafe,,cafe,,Point,طرابلس,طرابلس,13.2550206,32.9019359,low,review_required,Tripoli cafes team KML,valid
LY-FNB-CAF-TRI-00400,tripoliCafes,دجاج تندوري فرع سوق الجمعة,,review_required,,Point,طرابلس,طرابلس,13.264222,32.9064901,low,review_required,Tripoli cafes team KML,valid
LY-FNB-CAF-TRI-00401,tripoliCafes,مشاوي أبراج,,review_required,,Point,طرابلس,طرابلس,13.2649076,32.9065577,low,review_required,Tripoli cafes team KML,valid
LY-FNB-CAF-TRI-00402,tripoliCafes,معمل البركة للحلويات,,dessert_cafe,,Point,طرابلس,طرابلس,13.2674375,32.9040625,low,review_required,Tripoli cafes team KML,valid
LY-FNB-CAF-TRI-00403,tripoliCafes,Big Boss Burger,,review_required,,Point,طرابلس,طرابلس,13.2092235,32.8931622,low,review_required,Tripoli cafes team KML,valid
LY-FNB-CAF-TRI-00404,tripoliCafes,Gourmandise Libya,,review_required,,Point,طرابلس,طرابلس,13.2088863,32.8923247,low,review_required,Tripoli cafes team KML,valid
LY-ACC-RES-ZUW-00001,resorts,قرية إدوس السياحية,Edos Sea resorts,beach_resort,,Point,زوارة,زوارة,11.998442,32.990086,medium,integrated,Tourist villages and resorts KML,valid
LY-ACC-RES-TRI-00001,resorts,قرية مرمرة السياحية,marmara resorts,tourist_resort,,Point,طرابلس,طرابلس,12.00665,32.98545,medium,integrated,Tourist villages and resorts KML,valid
LY-ACC-RES-ZUW-00002,resorts,قرية فيرونا السياحية,verona resort,tourist_village,,Point,زوارة,زوارة,12.0169581,32.979411,medium,integrated,Tourist villages and resorts KML,valid
LY-ACC-RES-ZUW-00003,resorts,قرية البرتقالة,قرية البرتقالة - Orange Resort,tourist_village,,Point,زوارة,زوارة,12.0251506,32.975314,medium,integrated,Tourist villages and resorts KML,valid
LY-ACC-RES-ZUW-00004,resorts,قرية شط النخيل زوارة,Palm beach / قرية شط النخيل زوارة,accommodation_resort_other,,Point,زوارة,زوارة,12.048679,32.955312,medium,integrated,Tourist villages and resorts KML,valid
LY-ACC-RES-ZUW-00005,resorts,قرية أوليڤيا السياحية - زوارة,Olivia Zwara resort قرية أوليڤيا السياحية,tourist_resort,,Point,زوارة,زوارة,12.0239487,32.9763911,medium,integrated,Tourist villages and resorts KML,valid
LY-ACC-RES-ZUW-00006,resorts,منتجع تايتانيك,Titanix Resort Zuwara,tourist_resort,,Point,زوارة,زوارة,12.0565,32.95211,medium,integrated,Tourist villages and resorts KML,valid
LY-ACC-RES-ZUW-00007,resorts,إقامة تولين السياحية,إقامة تولين - Tuline residence,tourist_village,,Point,زوارة,زوارة,12.021124,32.978893,medium,integrated,Tourist villages and resorts KML,valid
LY-ACC-RES-ZUW-00008,resorts,VILLA HAYA,VILLA HAYA,tourist_resort,,Point,زوارة,زوارة,12.06513,32.94623,medium,integrated,Tourist villages and resorts KML,valid
LY-ACC-RES-ZUW-00009,resorts,منتجع زين السياحي,منتجع زين غاردن السياحي,accommodation_resort_other,,Point,زوارة,زوارة,12.041876,32.961648,medium,integrated,Tourist villages and resorts KML,valid
LY-ACC-RES-ZUW-00010,resorts,قرية تيبودا السياحيه,قرية تيبودا السياحيه Teboda resort,tourist_resort,,Point,زوارة,زوارة,12.05311,32.9545,medium,integrated,Tourist villages and resorts KML,valid
LY-ACC-RES-ZUW-00011,resorts,منتجع سيتي بارك زوارة,City Park Zuwara - سيتي بارك زوارة,tourist_resort,,Point,زوارة,زوارة,12.10216,32.93167,medium,integrated,Tourist villages and resorts KML,valid
LY-ACC-RES-SAB-00001,resorts,قرية جوهرة صبراتة السياحية,قرية جوهرة صبراتة السياحية Goharat sabratha,tourist_village,,Point,صبراتة,صبراتة,12.45843,32.8107,medium,integrated,Tourist villages and resorts KML,valid
LY-ACC-RES-SAB-00002,resorts,قرية المغرب العربي صبراتة,فندق المغرب العربي للشقق المفروشة,tourist_village,,Point,صبراتة,صبراتة,12.328594,32.825957,medium,integrated,Tourist villages and resorts KML,valid
LY-ACC-RES-SAB-00003,resorts,مركب تليل السياحي_صبراتة,Tellel resorts مركب تليل السياحي,tourist_village,,Point,صبراتة,صبراتة,12.37648,32.81694,medium,integrated,Tourist villages and resorts KML,valid
LY-ACC-RES-NAT-00001,resorts,القرية السياحية جنزور,العنوان/المدينة:,tourist_village,,Point,,,13.00864,32.83712,low,integrated,Tourist villages and resorts KML,valid
LY-ACC-RES-TRI-00002,resorts,قرية بالم سيتي/قرية النخيل السياحية طرابلس,Palm city residences janzour libya,tourist_village,,Point,طرابلس,طرابلس,13.041687,32.848441,medium,integrated,Tourist villages and resorts KML,valid
LY-ACC-RES-TRI-00003,resorts,القرية السياحية الريقاتة,قرية المغرب العربي السكنية -Regata village,tourist_village,,Point,طرابلس,طرابلس,13.05782,32.8521,medium,integrated,Tourist villages and resorts KML,valid
LY-ACC-RES-TRI-00004,resorts,مركب شيراتون - النقاط الأربعة,Four Points Hotel - Tripoli,tourist_complex,,Point,طرابلس,طرابلس,13.146279,32.880963,medium,integrated,Tourist villages and resorts KML,valid
LY-ACC-RES-NAT-00002,resorts,القرية السياحية تاجوراء,العنوان/المدينة:,tourist_village,,Point,,,13.42962,32.86297,low,integrated,Tourist villages and resorts KML,valid
LY-ACC-RES-NAT-00003,resorts,منتجع سمرلاند المائي,SummerLand Waterpark & Resort,tourist_resort,,Point,,,13.582164,32.79624,low,integrated,Tourist villages and resorts KML,valid
LY-ACC-RES-KHO-00001,resorts,مصيف قرية مارينا السياحية,مصيف قرية مارينا السياحية الخمس -Marina Villages,tourist_village,,Point,الخمس,الخمس,14.3535,32.595636,medium,integrated,Tourist villages and resorts KML,valid
LY-ACC-RES-KHO-00002,resorts,قرية قصر سيلين العائلية,قرية قصر سيلين العائلية - QASR SILIN FAMILY RESORTS,family_resort,,Point,الخمس,الخمس,14.187187,32.704188,medium,integrated,Tourist villages and resorts KML,valid
LY-ACC-RES-KHO-00003,resorts,قرية حدائق غنيمة,قرية حدائق غنيمة - GHANIMA GARDENS VILLAGES,tourist_village,,Point,الخمس,الخمس,14.058807,32.719882,medium,integrated,Tourist villages and resorts KML,valid
LY-ACC-RES-KHO-00004,resorts,إستراحة شط غنيمة,العنوان/المدينة: شارع الاربعين 40 غنيمة، الخمس,accommodation_resort_other,,Point,الخمس,الخمس,14.028791,32.721768,medium,integrated,Tourist villages and resorts KML,valid
LY-ACC-RES-TRI-00005,resorts,قرية المتوسط العائلية,Almotawaset resorts,family_resort,,Point,طرابلس,طرابلس,14.029608,32.726655,medium,integrated,Tourist villages and resorts KML,valid
LY-ACC-RES-KHO-00005,resorts,قرية قوس غنيمة السياحية,qous ghanima village,tourist_village,,Point,الخمس,الخمس,14.05611,32.72302,medium,integrated,Tourist villages and resorts KML,valid
LY-ACC-RES-KHO-00006,resorts,قرية لؤلؤة غنيمة العائلية,العنوان/المدينة:,family_resort,,Point,الخمس,الخمس,14.03409,32.72176,medium,integrated,Tourist villages and resorts KML,valid
LY-ACC-RES-KHO-00007,resorts,قرية شمس البحر,العنوان/المدينة:,tourist_village,,Point,الخمس,الخمس,14.059195,32.721778,medium,integrated,Tourist villages and resorts KML,valid
LY-ACC-RES-KHO-00008,resorts,قرية الشاطيء الذهبي,Golden Beach Village,tourist_resort,,Point,الخمس,الخمس,14.05915,32.71876,medium,integrated,Tourist villages and resorts KML,valid
LY-ACC-RES-KHO-00009,resorts,منتجع سي شيلز,SeaShells Beach Resort,tourist_resort,,Point,الخمس,الخمس,14.190261,32.704827,medium,integrated,Tourist villages and resorts KML,valid
LY-ACC-RES-KHO-00010,resorts,منتجع حوض البحر Seapool Resort,Seapool Resort (منتجع حوض البحر),tourist_village,,Point,الخمس,الخمس,14.060749,32.722251,medium,integrated,Tourist villages and resorts KML,valid
LY-ACC-RES-KHO-00011,resorts,قرية الخمس السياحية,العنوان/المدينة:,accommodation_resort_other,,Point,الخمس,الخمس,14.277922,32.645768,medium,integrated,Tourist villages and resorts KML,valid
LY-ACC-RES-KHO-00012,resorts,قريه غنيمه العائليه,منتجع غنيمة السياحي Ghanima Resort&spa,family_resort,,Point,الخمس,الخمس,14.27806,32.64588,medium,integrated,Tourist villages and resorts KML,valid
LY-ACC-RES-KHO-00013,resorts,قرية اكوا مارين السياحية,قرية أكوامارين السياحية - Aquamarine,tourist_village,,Point,الخمس,الخمس,14.034,32.72555,medium,integrated,Tourist villages and resorts KML,valid
LY-ACC-RES-KHO-00014,resorts,قرية جنيف العائلية غنيمة,قرية جنيف السياحية غنيمة Geneve,family_resort,,Point,الخمس,الخمس,14.03118,32.72632,medium,integrated,Tourist villages and resorts KML,valid
LY-ACC-RES-KHO-00015,resorts,منتجع شاطئ غنيمة,Ghanima beach resort & spa منتجع وشاطيء غنيمه,tourist_village,,Point,الخمس,الخمس,14.054075,32.721054,medium,integrated,Tourist villages and resorts KML,valid
LY-ACC-RES-KHO-00016,resorts,شاليهات بن حمودة العائلي,شاليهات بن حمودة العائلي - Shalehat ben hammoda,family_resort,,Point,الخمس,الخمس,14.036992,32.724932,medium,integrated,Tourist villages and resorts KML,valid
LY-ACC-RES-NAT-00004,resorts,منتجع كريستال السياحي,منتجع كريستال 2 السياحي,tourist_resort,,Point,,,13.635274,32.787534,low,integrated,Tourist villages and resorts KML,valid
LY-ACC-RES-NAT-00005,resorts,منتجع رويال السياحي,منتجع رويال السياحي villa 34,tourist_resort,,Point,,,13.664968,32.788072,low,integrated,Tourist villages and resorts KML,valid
LY-ACC-RES-NAT-00006,resorts,القويعة,Goweea sea resorts,beach_resort,,Point,,,13.63224,32.788705,medium,integrated,Tourist villages and resorts KML,valid
LY-ACC-RES-NAT-00007,resorts,منتجع فيلا دريم هاوس,فيلا دريم هاوس Dream house,tourist_resort,,Point,,,13.672592,32.786663,low,integrated,Tourist villages and resorts KML,valid
LY-ACC-RES-NAT-00008,resorts,منتجع شط مريم,العنوان/المدينة:,tourist_resort,,Point,,,13.662328,32.788894,low,integrated,Tourist villages and resorts KML,valid
LY-ACC-RES-NAT-00009,resorts,استراحة الجود القويعه,العنوان/المدينة:,tourist_resort,,Point,,,13.632986,32.788413,low,integrated,Tourist villages and resorts KML,valid
LY-ACC-RES-NAT-00010,resorts,منتجع اتش تي السياحي,منتجع اتش تي السياحي -HT,tourist_resort,,Point,,,13.63298,32.7864,low,integrated,Tourist villages and resorts KML,valid
LY-ACC-RES-NAT-00011,resorts,منتجع اتش تي 3,HT3 Resort,tourist_resort,,Point,,,13.642859,32.786514,low,integrated,Tourist villages and resorts KML,valid
LY-ACC-RES-NAT-00012,resorts,منتجع شاليهات للاجار,العنوان/المدينة:,tourist_resort,,Point,,,13.644477,32.787918,low,integrated,Tourist villages and resorts KML,valid
LY-ACC-RES-NAT-00013,resorts,قرية العطايا العائلية,قرية العطايا العائلية AtAYA,family_resort,,Point,,,13.675653,32.789468,low,integrated,Tourist villages and resorts KML,valid
LY-ACC-RES-NAT-00014,resorts,منتجع برستيج,منتجع برستيج السياحي PRESTIGE RESORT,tourist_resort,,Point,,,13.66734,32.787004,low,integrated,Tourist villages and resorts KML,valid
LY-ACC-RES-NAT-00015,resorts,قرية القويعة السياحية,العنوان/المدينة:,tourist_village,,Point,,,13.63431,32.787161,low,integrated,Tourist villages and resorts KML,valid
LY-ACC-RES-NAT-00016,resorts,شاليهات بن بية,العنوان/المدينة:,tourist_resort,,Point,,,13.64435,32.787928,low,integrated,Tourist villages and resorts KML,valid
LY-ACC-RES-NAT-00017,resorts,قرية ميار البحر العائليه,قرية ميار البحر العائلية - القره بولي MAYAR AL BAHR VILLAGE,family_resort,,Point,,,13.68749,32.789744,low,integrated,Tourist villages and resorts KML,valid
LY-ACC-RES-NAT-00018,resorts,قرية أغيث السياحية,منتجع أغيث - Agith Resort,tourist_village,,Point,,,13.645681,32.787654,low,integrated,Tourist villages and resorts KML,valid
LY-ACC-RES-NAT-00019,resorts,قرية الخلة السياحية العائلية,العنوان/المدينة:,family_resort,,Point,,,13.679539,32.789005,low,integrated,Tourist villages and resorts KML,valid
LY-ACC-RES-NAT-00020,resorts,مجمع جواهر لاند,العنوان/المدينة:,tourist_village,,Point,,,13.646366,32.787247,low,integrated,Tourist villages and resorts KML,valid
LY-ACC-RES-NAT-00021,resorts,منتجع دار البحر,العنوان/المدينة:,tourist_village,,Point,,,13.64709,32.787622,low,integrated,Tourist villages and resorts KML,valid
LY-ACC-RES-NAT-00022,resorts,منتجع وادي بالنور,منتجع وادي بنور WBR,family_resort,,Point,,,13.59408,32.792644,low,integrated,Tourist villages and resorts KML,valid
LY-ACC-RES-NAT-00023,resorts,منتجع بيتش هاوس,إستراحات بيتش هاوس Beach house,tourist_village,,Point,,,14.058072,32.717408,low,integrated,Tourist villages and resorts KML,valid
LY-ACC-RES-NAT-00024,resorts,قرية قوس غنيمة السياحية,قرية قوس غنيمة السياحية,tourist_village,,Point,,,14.05612,32.722872,low,integrated,Tourist villages and resorts KML,valid
LY-ACC-RES-NAT-00025,resorts,منتجع ايليت السياحي,منتجع ايليت السياحي Elite Resorts,tourist_village,,Point,,,13.658897,32.788973,low,integrated,Tourist villages and resorts KML,valid
LY-ACC-RES-NAT-00026,resorts,قرية شمس البحر,العنوان/المدينة:,tourist_village,,Point,,,14.058758,32.721782,low,integrated,Tourist villages and resorts KML,valid
LY-ACC-RES-KHO-00017,resorts,قرية لؤلؤة غنيمة العائلية,استراحة لؤلؤة - غنيمة الخمس,family_resort,,Point,الخمس,الخمس,14.058367,32.720385,medium,integrated,Tourist villages and resorts KML,valid
LY-ACC-RES-NAT-00027,resorts,شاليهات ركن النيروز,استراحة النيروز 2,accommodation_resort_other,,Point,,,13.647632,32.788222,low,integrated,Tourist villages and resorts KML,valid
LY-ACC-RES-NAT-00028,resorts,قرية رأس الحمراء العائلية,Ras Al hamra resorts,family_resort,,Point,,,13.935119,32.774035,low,integrated,Tourist villages and resorts KML,valid
LY-ACC-RES-KHO-00018,resorts,قرية شاطئ النخيل الذهبي,Palm Beach,tourist_village,,Point,الخمس,الخمس,13.935483,32.773377,medium,integrated,Tourist villages and resorts KML,valid
LY-ACC-RES-ZLI-00001,resorts,قرية أصيل السياحية,قرية أصيل السياحية Aseel Tourist Village,tourist_village,,Point,زليتن,زليتن,14.614519,32.489638,medium,integrated,Tourist villages and resorts KML,valid
LY-ACC-RES-ZLI-00002,resorts,قرية الهُزم السياحية,منتجع الهُزم السياحي Alhozm resorts,tourist_village,,Point,زليتن,زليتن,14.620055,32.489371,medium,integrated,Tourist villages and resorts KML,valid
LY-ACC-RES-MIS-00001,resorts,منتجع الأمان السياحي,منتجع الأمان السياحي - Aman Tourist Resort,tourist_resort,,Point,مصراتة,مصراتة,15.001973,32.413207,medium,integrated,Tourist villages and resorts KML,valid
LY-ACC-RES-MIS-00002,resorts,منتجع مصراتة,منتجع مصراتة - Misurata Resort,tourist_resort,,Point,مصراتة,مصراتة,15.114877,32.405137,medium,integrated,Tourist villages and resorts KML,valid
LY-ACC-RES-MIS-00003,resorts,منتجع فينيسيا/مصراتة,قرية فينيسيا السياحية مصراتة,tourist_resort,,Point,مصراتة,مصراتة,15.030501,32.410642,medium,integrated,Tourist villages and resorts KML,valid
LY-ACC-RES-MIS-00004,resorts,قرية زريق السياحية,قرية زريق للإستثمار السياحي / مصراتة,tourist_village,,Point,مصراتة,مصراتة,14.929789,32.431147,medium,integrated,Tourist villages and resorts KML,valid
LY-ACC-RES-NAT-00029,resorts,حي قصور الضيافة_سرت,العنوان/المدينة:,tourist_village,,Point,,,16.615275,31.207768,low,integrated,Tourist villages and resorts KML,valid
LY-ACC-RES-BEN-00001,resorts,شاليهات ريماس,العنوان/المدينة:,accommodation_resort_other,,Point,بنغازي,بنغازي,19.949189,31.903168,medium,integrated,Tourist villages and resorts KML,valid
LY-ACC-RES-BEN-00002,resorts,قرية شاطيء النخيل,العنوان/المدينة:,tourist_village,,Point,بنغازي,بنغازي,19.954158,31.942865,medium,integrated,Tourist villages and resorts KML,valid
LY-ACC-RES-BEN-00003,resorts,منتجع مارينا بنغازي السياحي,العنوان/المدينة:,tourist_village,,Point,بنغازي,بنغازي,19.959256,31.982998,medium,integrated,Tourist villages and resorts KML,valid
LY-ACC-RES-BEN-00004,resorts,منتجع الصفوة السياحي,العنوان/المدينة:,tourist_village,,Point,بنغازي,بنغازي,19.964499,31.992255,medium,integrated,Tourist villages and resorts KML,valid
LY-ACC-RES-BEN-00005,resorts,منتجع ماربيلا السياحي,العنوان/المدينة:,tourist_village,,Point,بنغازي,بنغازي,19.971313,31.993245,medium,integrated,Tourist villages and resorts KML,valid
LY-ACC-RES-BEN-00006,resorts,مجمع الاصالة السياحي,العنوان/المدينة:,tourist_village,,Point,بنغازي,بنغازي,19.974266,31.99976,medium,integrated,Tourist villages and resorts KML,valid
LY-ACC-RES-BEN-00007,resorts,قرية الفاضل,العنوان/المدينة:,tourist_village,,Point,بنغازي,بنغازي,20.009364,32.032708,medium,integrated,Tourist villages and resorts KML,valid
LY-ACC-RES-BEN-00008,resorts,منتجع الأسيل,العنوان/المدينة:,tourist_village,,Point,بنغازي,بنغازي,19.996643,32.01888,medium,integrated,Tourist villages and resorts KML,valid
LY-ACC-RES-BEN-00009,resorts,منتجع الماسة السياحي,العنوان/المدينة:,accommodation_resort_other,,Point,بنغازي,بنغازي,20.137676,32.069522,medium,integrated,Tourist villages and resorts KML,valid
LY-ACC-RES-BEN-00010,resorts,منتجع قاريونس العائلي,العنوان/المدينة:,family_resort,,Point,بنغازي,بنغازي,20.039029,32.061734,medium,integrated,Tourist villages and resorts KML,valid
LY-ACC-RES-BEN-00011,resorts,منتجع النخلة الذهبية,العنوان/المدينة:,tourist_village,,Point,بنغازي,بنغازي,20.040787,32.069285,medium,integrated,Tourist villages and resorts KML,valid
LY-ACC-RES-BEN-00012,resorts,منتجع فايا لارجو,العنوان/المدينة:,tourist_village,,Point,بنغازي,بنغازي,20.042231,32.07227,medium,integrated,Tourist villages and resorts KML,valid
LY-ACC-RES-BEN-00013,resorts,قرية قمرت السياحية,العنوان/المدينة:,tourist_village,,Point,بنغازي,بنغازي,20.212382,32.278478,medium,integrated,Tourist villages and resorts KML,valid
LY-ACC-RES-NAT-00030,resorts,منتجع التلال الحمامة,العنوان/المدينة:,tourist_resort,,Point,,,21.615861,32.911311,low,integrated,Tourist villages and resorts KML,valid
LY-ACC-RES-NAT-00031,resorts,منتجع الجراري السياحي - للعائلات,العنوان/المدينة:,family_resort,,Point,,,21.604209,32.905579,low,integrated,Tourist villages and resorts KML,valid
LY-ACC-RES-NAT-00032,resorts,منتجع ومصيف الحمامة,العنوان/المدينة:,tourist_resort,,Point,,,21.621093,32.916555,low,integrated,Tourist villages and resorts KML,valid
LY-ACC-RES-NAT-00033,resorts,قرية إيلاف السياحية,العنوان/المدينة:,tourist_village,,Point,,,20.963816,32.719463,low,integrated,Tourist villages and resorts KML,valid
LY-ACC-RES-BAY-00001,resorts,شاليهات الحدائق الملكية,العنوان/المدينة:,accommodation_resort_other,,Point,البيضاء,البيضاء,21.595084,32.875231,medium,integrated,Tourist villages and resorts KML,valid
LY-ACC-RES-BAY-00002,resorts,منتجع وادي الكوف,العنوان/المدينة:,tourist_resort,,Point,البيضاء,البيضاء,21.563798,32.702,medium,integrated,Tourist villages and resorts KML,valid
LY-ACC-RES-NAT-00034,resorts,منتجع إيلاند السياحي,العنوان/المدينة:,tourist_village,,Point,,,21.940156,32.895682,low,integrated,Tourist villages and resorts KML,valid
LY-ACC-RES-NAT-00035,resorts,منتجع كنزي السياحي,العنوان/المدينة:,tourist_village,,Point,,,21.972566,32.900884,low,integrated,Tourist villages and resorts KML,valid
LY-ACC-RES-NAT-00036,resorts,منتجع سوسه,العنوان/المدينة:,tourist_village,,Point,,,22.024943,32.902515,low,integrated,Tourist villages and resorts KML,valid
LY-ACC-RES-NAT-00037,resorts,مصيف القريه/رأس الهلال,العنوان/المدينة:,tourist_village,,Point,,,22.169169,32.901774,low,integrated,Tourist villages and resorts KML,valid
LY-ACC-RES-NAT-00038,resorts,منتجع الينابيع السياحي,العنوان/المدينة:,tourist_village,,Point,,,22.190223,32.881896,low,integrated,Tourist villages and resorts KML,valid
LY-ACC-RES-NAT-00039,resorts,منتجع الاثرون السياحي,العنوان/المدينة:,tourist_resort,,Point,,,22.279024,32.869423,low,integrated,Tourist villages and resorts KML,valid
LY-ACC-RES-DER-00001,resorts,منتجع إيميليا السياحي,العنوان/المدينة:,tourist_resort,,Point,درنة,درنة,22.562236,32.798261,medium,integrated,Tourist villages and resorts KML,valid
LY-ACC-RES-DER-00002,resorts,مصيف 1805,العنوان/المدينة:,tourist_resort,,Point,درنة,درنة,22.56117,32.790435,medium,integrated,Tourist villages and resorts KML,valid
LY-ACC-RES-NAT-00040,resorts,منتجع الابرق السياحي,العنوان/المدينة:,tourist_resort,,Point,,,21.954304,32.825786,low,integrated,Tourist villages and resorts KML,valid
LY-ACC-RES-SHA-00001,resorts,منتج شحات السياحي,العنوان/المدينة:,tourist_resort,,Point,شحات,شحات,21.879472,32.824524,medium,integrated,Tourist villages and resorts KML,valid
LY-ACC-RES-SHA-00002,resorts,منتجع وموتيل الأمان 1,العنوان/المدينة:,tourist_resort,,Point,شحات,شحات,21.894591,32.801446,medium,integrated,Tourist villages and resorts KML,valid
LY-ACC-RES-SHA-00003,resorts,منتجع وموتيل الأمان 3,العنوان/المدينة:,tourist_resort,,Point,شحات,شحات,21.923466,32.826342,medium,integrated,Tourist villages and resorts KML,valid
LY-ACC-RES-SHA-00004,resorts,شاليهات بوعطية,العنوان/المدينة:,tourist_resort,,Point,شحات,شحات,21.897302,32.842844,medium,integrated,Tourist villages and resorts KML,valid
LY-ACC-RES-SHA-00005,resorts,منتجع جود السياحي,العنوان/المدينة:,tourist_resort,,Point,شحات,شحات,21.88843,32.840597,medium,integrated,Tourist villages and resorts KML,valid
LY-ACC-RES-KHO-00019,resorts,إستراحات فردية درجة أولى,العنوان/المدينة:,tourist_resort,,Point,الخمس,الخمس,21.867999,32.847121,medium,integrated,Tourist villages and resorts KML,valid
LY-ACC-RES-SHA-00006,resorts,إستراحات فردية,العنوان/المدينة:,tourist_resort,,Point,شحات,شحات,21.867296,32.847073,medium,integrated,Tourist villages and resorts KML,valid
LY-ACC-RES-SHA-00007,resorts,منتجع الاسرة السعيدة,العنوان/المدينة:,tourist_resort,,Point,شحات,شحات,21.873265,32.816855,medium,integrated,Tourist villages and resorts KML,valid
LY-ACC-RES-SHA-00008,resorts,شاليهات بومؤمن,العنوان/المدينة:,tourist_resort,,Point,شحات,شحات,21.84664,32.858583,medium,integrated,Tourist villages and resorts KML,valid
LY-ACC-RES-SHA-00009,resorts,منتجع سيف للسياحه ولاستثمار,العنوان/المدينة:,tourist_resort,,Point,شحات,شحات,21.903627,32.796428,medium,integrated,Tourist villages and resorts KML,valid
LY-ACC-RES-TOB-00001,resorts,منتجع وفندق ريفان السياحي,العنوان/المدينة:,accommodation_resort_other,,Point,طبرق,طبرق,23.959161,32.037293,medium,integrated,Tourist villages and resorts KML,valid
LY-ACC-RES-ZUW-00012,resorts,قرية سبتيموس السياحية - زوارة,قرية سبتموس السياحية زوارة Septimus city resort,tourist_village,,Point,زوارة,زوارة,12.008905,32.984675,medium,integrated,Tourist villages and resorts KML,valid
LY-ACC-RES-ZUW-00013,resorts,قرية سيمو السياحية - زوارة,قرية سيمو السياحية/Simo Beach Village,accommodation_resort_other,,Point,زوارة,زوارة,12.003852,32.986361,medium,integrated,Tourist villages and resorts KML,valid
LY-ACC-RES-ZLI-00003,resorts,منتجع الهادريان زليتن,العنوان/المدينة:,accommodation_resort_other,,Point,زليتن,زليتن,14.51572,32.502517,medium,integrated,Tourist villages and resorts KML,valid
LY-ACC-RES-NAT-00041,resorts,منتجع سفارى السياحى,العنوان/المدينة:,accommodation_resort_other,,Point,,,15.042599,32.351284,low,integrated,Tourist villages and resorts KML,valid
LY-ACC-RES-ZUW-00014,resorts,قرية اوديسا السياحية,Odessa tourist village قرية أوديسا السياحية (Odessa resort),tourist_village,,Point,زوارة,زوارة,11.97922,32.998387,medium,integrated,Tourist villages and resorts KML,valid
LY-ACC-RES-ZUW-00015,resorts,Azul house استراحة ازول,Azul house استراحة ازول,tourist_village,,Point,زوارة,زوارة,12.01918,32.980421,medium,integrated,Tourist villages and resorts KML,valid
LY-ACC-RES-ZUW-00016,resorts,DiVano Resort,DiVano Resort,tourist_resort,,Point,زوارة,زوارة,12.068433,32.945782,medium,integrated,Tourist villages and resorts KML,valid
LY-ACC-RES-ZUW-00017,resorts,منتجع لاجون Lagoon Resort,Lagoon Resort منتجع لاجون,tourist_resort,,Point,زوارة,زوارة,11.984427,32.997957,medium,integrated,Tourist villages and resorts KML,valid
LY-ACC-RES-ZUW-00018,resorts,Barracuda Village - منتجع باراكودا,Barracuda Village,accommodation_resort_other,,Point,زوارة,زوارة,12.024303,32.97578,medium,integrated,Tourist villages and resorts KML,valid
LY-ACC-RES-NAT-00042,resorts,Oea Village - Diar Al Bahr,Oea Village - Diar Al Bahr,tourist_village,,Point,,,13.016186,32.839058,medium,integrated,Tourist villages and resorts KML,valid
LY-ACC-RES-NAT-00043,resorts,قرية قوس غنيمة السياحية,العنوان/المدينة:,accommodation_resort_other,,Point,,,14.056947,32.714701,low,integrated,Tourist villages and resorts KML,valid
LY-ACC-RES-NAT-00044,resorts,La Vida Resort & Beach Club,,tourist_resort,,Point,,,11.9152032,33.0302204,low,integrated,Tourist villages and resorts KML,valid
LY-ACC-RES-NAT-00045,resorts,استراحة اونان,,review_required,,Point,,,11.9341875,33.0149375,low,review_required,Tourist villages and resorts KML,valid
LY-ACC-RES-NAT-00046,resorts,Resort Zuwara,,tourist_resort,,Point,,,11.9616242,33.0121153,low,integrated,Tourist villages and resorts KML,valid
LY-ACC-RES-NAT-00047,resorts,Beach House,,review_required,,Point,,,11.9945951,32.9924201,low,review_required,Tourist villages and resorts KML,valid
LY-ACC-RES-ZUW-00019,resorts,استراحة سيليا زوارة,,review_required,,Point,زوارة,زوارة,11.9917974,32.992055,low,review_required,Tourist villages and resorts KML,valid
LY-ACC-RES-NAT-00048,resorts,استراحة نبض الحياة,,review_required,,Point,,,11.9935673,32.9909749,low,review_required,Tourist villages and resorts KML,valid
LY-ACC-RES-NAT-00049,resorts,Villa Helena,,review_required,,Point,,,11.997503,32.9881858,low,review_required,Tourist villages and resorts KML,valid
LY-ACC-RES-NAT-00050,resorts,Crystal House إستراحة كريستال,,review_required,,Point,,,12.0019139,32.9874471,low,review_required,Tourist villages and resorts KML,valid
LY-ACC-RES-NAT-00051,resorts,استرحات انيار المميزة,,review_required,,Point,,,12.0035542,32.9847102,low,review_required,Tourist villages and resorts KML,valid
LY-ACC-RES-NAT-00052,resorts,اقامة لونا,,review_required,,Point,,,12.0034164,32.9806841,low,review_required,Tourist villages and resorts KML,valid
LY-ACC-RES-NAT-00053,resorts,استراحة LAREN,,review_required,,Point,,,12.0065542,32.9812015,low,review_required,Tourist villages and resorts KML,valid
LY-ACC-RES-ZUW-00020,resorts,منتجع بالي زوارة/Bali village,,review_required,,Point,زوارة,زوارة,12.0134408,32.982833,low,review_required,Tourist villages and resorts KML,valid
LY-ACC-RES-NAT-00054,resorts,Sea room,,review_required,,Point,,,12.0508497,32.9564477,low,review_required,Tourist villages and resorts KML,valid
LY-ACC-RES-NAT-00055,resorts,Guest house,,review_required,,Point,,,12.1091054,32.9266984,low,review_required,Tourist villages and resorts KML,valid
LY-ACC-RES-NAT-00056,resorts,منتجع الملّاحة,,review_required,,Point,,,12.123346,32.9153001,low,review_required,Tourist villages and resorts KML,valid
LY-ACC-RES-ZUW-00021,resorts,مصيف أبناء الغالي العائلي-زوارة,,family_resort,,Point,زوارة,زوارة,12.156653,32.8987647,low,integrated,Tourist villages and resorts KML,valid
LY-ACC-RES-NAT-00057,resorts,استراحة فايق بكه,,review_required,,Point,,,12.1522603,32.8915292,low,review_required,Tourist villages and resorts KML,valid
LY-ACC-RES-ZUW-00022,resorts,قصر الضيافة زوارة,,review_required,,Point,زوارة,زوارة,12.1708778,32.8895663,low,review_required,Tourist villages and resorts KML,valid
LY-ACC-RES-NAT-00058,resorts,استراحة الشاطئ,,beach_resort,,Point,,,12.1716251,32.8935766,low,integrated,Tourist villages and resorts KML,valid
LY-ACC-RES-NAT-00059,resorts,استراحة دار الضيافة,,review_required,,Point,,,12.1778747,32.883618,low,review_required,Tourist villages and resorts KML,valid
LY-ACC-RES-ZUW-00023,resorts,استراحة فيرونا زوارة,,review_required,,Point,زوارة,زوارة,12.1762961,32.8797646,low,review_required,Tourist villages and resorts KML,valid
LY-ACC-RES-NAT-00060,resorts,استراحة نوفل,,review_required,,Point,,,12.1195399,32.8886271,low,review_required,Tourist villages and resorts KML,valid
LY-ACC-RES-ZUW-00024,resorts,شاطئ بحر زوارة,,review_required,,Point,زوارة,زوارة,12.2166875,32.8686875,low,review_required,Tourist villages and resorts KML,valid
LY-ACC-RES-NAT-00061,resorts,المصيف المفتوح تليل,,accommodation_resort_other,,Point,,,12.3641883,32.8196211,low,integrated,Tourist villages and resorts KML,valid
LY-ACC-RES-NAT-00062,resorts,مصيف مارينا تليل العائلي,,family_resort,,Point,,,12.3873319,32.8166354,low,integrated,Tourist villages and resorts KML,valid
LY-ACC-RES-NAT-00063,resorts,Lancaster Al Salam Resort - منتجع لانكستر السلام,,tourist_resort,,Point,,,12.3875354,32.8150919,low,integrated,Tourist villages and resorts KML,valid
LY-ACC-RES-SAB-00004,resorts,مصيف اللوتس العائلي صبراتة,,family_resort,,Point,صبراتة,صبراتة,12.4009528,32.8137206,low,integrated,Tourist villages and resorts KML,valid
LY-ACC-RES-NAT-00064,resorts,شاطئ تليل السياحي,,review_required,,Point,,,12.4011661,32.8154572,low,review_required,Tourist villages and resorts KML,valid
LY-ACC-RES-NAT-00065,resorts,مصيف اللؤلؤة تليل,,accommodation_resort_other,,Point,,,12.4019474,32.8139626,low,integrated,Tourist villages and resorts KML,valid
LY-ACC-RES-SAB-00005,resorts,مصيف النادي البحري العائلي صبراتة,,beach_resort,,Point,صبراتة,صبراتة,12.4067348,32.8151517,low,integrated,Tourist villages and resorts KML,valid
LY-ACC-RES-NAT-00066,resorts,استراحات الفخامة صبراته,,review_required,,Point,,,12.4063542,32.807409,low,review_required,Tourist villages and resorts KML,valid
LY-ACC-RES-NAT-00067,resorts,إستراحة الجوهرة - تليل,,review_required,,Point,,,12.4145468,32.8061987,low,review_required,Tourist villages and resorts KML,valid
LY-ACC-RES-NAT-00068,resorts,استراحة رويال,,review_required,,Point,,,12.4161248,32.8025006,low,review_required,Tourist villages and resorts KML,valid
LY-ACC-RES-NAT-00069,resorts,استراحة تليل,,review_required,,Point,,,12.42283,32.8050946,low,review_required,Tourist villages and resorts KML,valid
LY-ACC-RES-NAT-00070,resorts,استراحة روندا,,review_required,,Point,,,12.4269483,32.8040909,low,review_required,Tourist villages and resorts KML,valid
LY-ACC-RES-BAY-00003,resorts,استراحة البيضاء,,review_required,,Point,البيضاء,البيضاء,12.4209751,32.8075063,low,review_required,Tourist villages and resorts KML,valid
LY-ACC-RES-NAT-00071,resorts,إستراحة المنتزه تليل,,review_required,,Point,,,12.4205464,32.8084013,low,review_required,Tourist villages and resorts KML,valid
LY-ACC-RES-SAB-00006,resorts,استراحة القمر المضيء صبراتة تليل,,review_required,,Point,صبراتة,صبراتة,12.4217421,32.8071196,low,review_required,Tourist villages and resorts KML,valid
LY-ACC-RES-NAT-00072,resorts,استراحه مرجان,,review_required,,Point,,,12.4217749,32.8031531,low,review_required,Tourist villages and resorts KML,valid
LY-ACC-RES-NAT-00073,resorts,استراحة ليالي تليل,,review_required,,Point,,,12.4264262,32.8019585,low,review_required,Tourist villages and resorts KML,valid
LY-ACC-RES-NAT-00074,resorts,استراحة ادم,,review_required,,Point,,,12.4139155,32.8015064,low,review_required,Tourist villages and resorts KML,valid
LY-ACC-RES-NAT-00075,resorts,إستراحة أبان,,review_required,,Point,,,12.4099281,32.8039298,low,review_required,Tourist villages and resorts KML,valid
LY-ACC-RES-NAT-00076,resorts,منتجع الفنار السياحي,,review_required,,Point,,,12.4377412,32.8136943,low,review_required,Tourist villages and resorts KML,valid
LY-ACC-RES-NAT-00077,resorts,مجموعة استراحات الجرف,,review_required,,Point,,,12.4402091,32.8091986,low,review_required,Tourist villages and resorts KML,valid
LY-ACC-RES-NAT-00078,resorts,إستراحة بيت الفخامه,,review_required,,Point,,,12.4396211,32.8057571,low,review_required,Tourist villages and resorts KML,valid
LY-ACC-RES-NAT-00079,resorts,استراحة قورينا,,review_required,,Point,,,12.4450891,32.8106826,low,review_required,Tourist villages and resorts KML,valid
LY-ACC-RES-NAT-00080,resorts,استراحة اتار صبراته,,review_required,,Point,,,12.4504738,32.8105782,low,review_required,Tourist villages and resorts KML,valid
LY-ACC-RES-NAT-00081,resorts,استراحة ميار,,review_required,,Point,,,12.4477989,32.8078261,low,review_required,Tourist villages and resorts KML,valid
LY-ACC-RES-NAT-00082,resorts,استراحه فينيسيا صبراته,,review_required,,Point,,,12.4751743,32.7980801,low,review_required,Tourist villages and resorts KML,valid
LY-ACC-RES-NAT-00083,resorts,استراحة الزيتونة,,review_required,,Point,,,12.4775625,32.8001875,low,review_required,Tourist villages and resorts KML,valid
LY-ACC-RES-SAB-00007,resorts,Sabratha youth hostel _بيت شباب صبراتة,,review_required,,Point,صبراتة,صبراتة,12.4890506,32.8001823,low,review_required,Tourist villages and resorts KML,valid
LY-ACC-RES-NAT-00084,resorts,استراحة ومصيف باب البحر,,accommodation_resort_other,,Point,,,12.5157738,32.8020185,low,integrated,Tourist villages and resorts KML,valid
LY-ACC-RES-NAT-00085,resorts,مقسم استراحات بن سالم,,review_required,,Point,,,12.517266,32.799874,low,review_required,Tourist villages and resorts KML,valid
LY-ACC-RES-NAT-00086,resorts,إستراحة سوفانا,,review_required,,Point,,,12.5185793,32.8016134,low,review_required,Tourist villages and resorts KML,valid
LY-ACC-RES-NAT-00087,resorts,استراحة لازورد صبراته,,review_required,,Point,,,12.5242763,32.801517,low,review_required,Tourist villages and resorts KML,valid
LY-ACC-RES-NAT-00088,resorts,استراحة مرجانة (الحرابي),,review_required,,Point,,,12.5249186,32.8014385,low,review_required,Tourist villages and resorts KML,valid
LY-ACC-RES-NAT-00089,resorts,مصيف ليبيا العائلي,,family_resort,,Point,,,12.5499375,32.7975625,low,integrated,Tourist villages and resorts KML,valid
LY-ACC-RES-NAT-00090,resorts,مصيف صرمان العائلي,,family_resort,,Point,,,12.5661406,32.7949875,low,integrated,Tourist villages and resorts KML,valid
LY-ACC-RES-NAT-00091,resorts,استراحة مرمرة جوددائم,,review_required,,Point,,,12.7747574,32.7909432,low,review_required,Tourist villages and resorts KML,valid
LY-ACC-RES-NAT-00092,resorts,استراحة البحر الابيض. JUDDIAM,,review_required,,Point,,,12.8000603,32.7972164,low,review_required,Tourist villages and resorts KML,valid
LY-ACC-RES-NAT-00093,resorts,مشروع برج النصر الفندقي/ شركة الذابلة للاستثمار,,review_required,,Point,,,13.0676348,32.8569484,low,review_required,Tourist villages and resorts KML,valid
LY-ACC-RES-NAT-00094,resorts,مشروع لؤلؤة المدينة قرية النفط,,review_required,,Point,,,13.0774262,32.8599086,low,review_required,Tourist villages and resorts KML,valid
LY-ACC-RES-NAT-00095,resorts,مصيف شاطئ الرمال,,accommodation_resort_other,,Point,,,13.4411649,32.8566529,low,integrated,Tourist villages and resorts KML,valid
LY-ACC-RES-NAT-00096,resorts,مصيف نسيم البحر العائلى,,accommodation_resort_other,,Point,,,13.4458937,32.8545234,low,integrated,Tourist villages and resorts KML,valid
LY-ACC-RES-NAT-00097,resorts,مصيف جنى العائلي,,family_resort,,Point,,,13.4493142,32.8529526,low,integrated,Tourist villages and resorts KML,valid
LY-ACC-RES-NAT-00098,resorts,مصيف وقرية بيلسان العائلي,,family_resort,,Point,,,13.4532329,32.8515263,low,integrated,Tourist villages and resorts KML,valid
LY-ACC-RES-NAT-00099,resorts,مصيف جسر الطاقة العائلي,,family_resort,,Point,,,13.4571025,32.8505775,low,integrated,Tourist villages and resorts KML,valid
LY-ACC-RES-NAT-00100,resorts,مصيف القلعة العائلي 32,,family_resort,,Point,,,13.4648724,32.8476274,low,integrated,Tourist villages and resorts KML,valid
LY-ACC-RES-NAT-00101,resorts,مصيف اﻻمان والمرح العائلي,,family_resort,,Point,,,13.4617026,32.8491835,low,integrated,Tourist villages and resorts KML,valid
LY-ACC-RES-NAT-00102,resorts,مصيف جيران البحر العائلي,,family_resort,,Point,,,13.4881483,32.8358246,low,integrated,Tourist villages and resorts KML,valid
LY-ACC-RES-NAT-00103,resorts,ڤيلا لاڤيستا,,review_required,,Point,,,13.499675,32.8263611,low,review_required,Tourist villages and resorts KML,valid
LY-ACC-RES-NAT-00104,resorts,Private house برايفت هاوس,,review_required,,Point,,,13.4965848,32.8256978,low,review_required,Tourist villages and resorts KML,valid
LY-ACC-RES-NAT-00105,resorts,ROYAL DYAR Resort Hotel,,tourist_resort,,Point,,,13.5917368,32.7955237,low,integrated,Tourist villages and resorts KML,valid
LY-ACC-RES-NAT-00106,resorts,Cyrine Resort,,tourist_resort,,Point,,,13.5811101,32.7933825,low,integrated,Tourist villages and resorts KML,valid
LY-ACC-RES-NAT-00107,resorts,استراحة القويعة,,review_required,,Point,,,13.6026248,32.7843142,low,review_required,Tourist villages and resorts KML,valid
LY-ACC-RES-NAT-00108,resorts,Alameer Villa ڤيلا الأمير,,review_required,,Point,,,13.6452837,32.7809471,low,review_required,Tourist villages and resorts KML,valid
LY-ACC-RES-NAT-00109,resorts,Villa mfm,,review_required,,Point,,,13.6545833,32.7878115,low,review_required,Tourist villages and resorts KML,valid
LY-ACC-RES-NAT-00110,resorts,W استراحة,,review_required,,Point,,,13.640728,32.7866744,low,review_required,Tourist villages and resorts KML,valid
LY-ACC-RES-NAT-00111,resorts,استراحة السلام,,review_required,,Point,,,13.6407615,32.7863393,low,review_required,Tourist villages and resorts KML,valid
LY-ACC-RES-NAT-00112,resorts,استراحات ابناء يوسف منيصير,,review_required,,Point,,,13.6483207,32.7890202,low,review_required,Tourist villages and resorts KML,valid
LY-ACC-RES-NAT-00113,resorts,استراحات شاطئ غوط الرمان,,review_required,,Point,,,13.6481641,32.7866322,low,review_required,Tourist villages and resorts KML,valid
LY-ACC-RES-NAT-00114,resorts,A.G.S villa,,review_required,,Point,,,13.645495,32.7853207,low,review_required,Tourist villages and resorts KML,valid
LY-ACC-RES-NAT-00115,resorts,استراحة فاميلي رست,,review_required,,Point,,,13.6492705,32.7841251,low,review_required,Tourist villages and resorts KML,valid
LY-ACC-RES-NAT-00116,resorts,استراحة بن طابون,,review_required,,Point,,,13.6482928,32.7835389,low,review_required,Tourist villages and resorts KML,valid
LY-ACC-RES-NAT-00117,resorts,إستراحة ليان للإيجار اليومي,,review_required,,Point,,,13.646381,32.784138,low,review_required,Tourist villages and resorts KML,valid
LY-ACC-RES-NAT-00118,resorts,Villa SIMO,,review_required,,Point,,,13.6461763,32.7852914,low,review_required,Tourist villages and resorts KML,valid
LY-ACC-RES-NAT-00119,resorts,إستراحة ليان للإيجار اليومي,,review_required,,Point,,,13.6464145,32.7857348,low,review_required,Tourist villages and resorts KML,valid
LY-ACC-RES-NAT-00120,resorts,استراحة هلا مدريد القره بوللي,,review_required,,Point,,,13.6503205,32.786204,low,review_required,Tourist villages and resorts KML,valid
LY-ACC-RES-NAT-00121,resorts,ليڤينت/Levent Family Resort,,family_resort,,Point,,,13.6508755,32.7862502,low,integrated,Tourist villages and resorts KML,valid
LY-ACC-RES-NAT-00122,resorts,منتجع الماسة السياحي,,review_required,,Point,,,13.6526789,32.7862274,low,review_required,Tourist villages and resorts KML,valid
LY-ACC-RES-NAT-00123,resorts,Compound Rawasi,,review_required,,Point,,,13.6547181,32.7833752,low,review_required,Tourist villages and resorts KML,valid
LY-ACC-RES-NAT-00124,resorts,استراحة فايف قولد ستار,,review_required,,Point,,,13.6575625,32.7848125,low,review_required,Tourist villages and resorts KML,valid
LY-ACC-RES-NAT-00125,resorts,استراحة زهرة القويعة,,review_required,,Point,,,13.6581392,32.7849693,low,review_required,Tourist villages and resorts KML,valid
LY-ACC-RES-NAT-00126,resorts,The Twins استراحات التوأم,,review_required,,Point,,,13.6582634,32.7854936,low,review_required,Tourist villages and resorts KML,valid
LY-ACC-RES-NAT-00127,resorts,منتجع إيليت,,review_required,,Point,,,13.6589592,32.7873717,low,review_required,Tourist villages and resorts KML,valid
LY-ACC-RES-NAT-00128,resorts,شاليه شمس البحر القره بوللي,,accommodation_resort_other,,Point,,,13.6593844,32.7868362,low,integrated,Tourist villages and resorts KML,valid
LY-ACC-RES-NAT-00129,resorts,شاليه النورس,,accommodation_resort_other,,Point,,,13.6594867,32.7868808,low,integrated,Tourist villages and resorts KML,valid
LY-ACC-RES-NAT-00130,resorts,استراحة ديلان,,review_required,,Point,,,13.6612993,32.7867376,low,review_required,Tourist villages and resorts KML,valid
LY-ACC-RES-NAT-00131,resorts,Crown Beach Resort,,tourist_resort,,Point,,,13.6602957,32.7878833,low,integrated,Tourist villages and resorts KML,valid
LY-ACC-RES-NAT-00132,resorts,Salem Elgamoudi Beach House,,review_required,,Point,,,13.6611076,32.7873376,low,review_required,Tourist villages and resorts KML,valid
LY-ACC-RES-NAT-00133,resorts,Bali s BEACH HOUSE,,review_required,,Point,,,13.6617428,32.7872148,low,review_required,Tourist villages and resorts KML,valid
LY-ACC-RES-NAT-00134,resorts,Alhady Elmelliti Beach House,,review_required,,Point,,,13.661732,32.7878667,low,review_required,Tourist villages and resorts KML,valid
LY-ACC-RES-NAT-00135,resorts,Golden beach village,,review_required,,Point,,,13.6608737,32.7887504,low,review_required,Tourist villages and resorts KML,valid
LY-ACC-RES-NAT-00136,resorts,شاطي القره بوللي منطقة القويعة السياحية,,review_required,,Point,,,13.6653715,32.7894088,low,review_required,Tourist villages and resorts KML,valid
LY-ACC-RES-NAT-00137,resorts,منتجع كريستال السياحي 1,,review_required,,Point,,,13.6662998,32.788138,low,review_required,Tourist villages and resorts KML,valid
LY-ACC-RES-NAT-00138,resorts,استراحة لابلازا -LA PLAZA,,review_required,,Point,,,13.6656029,32.7870788,low,review_required,Tourist villages and resorts KML,valid
LY-ACC-RES-NAT-00139,resorts,إستراحة القويعة العائلية,,family_resort,,Point,,,13.6298483,32.7787266,low,integrated,Tourist villages and resorts KML,valid
LY-ACC-RES-NAT-00140,resorts,استراحة كازا دولتشي,,review_required,,Point,,,13.6440928,32.7799001,low,review_required,Tourist villages and resorts KML,valid
LY-ACC-RES-NAT-00141,resorts,استراحات الدلفين الفاخرة 1 و 2 و 3 و4,,review_required,,Point,,,13.644618,32.7796264,low,review_required,Tourist villages and resorts KML,valid
LY-ACC-RES-NAT-00142,resorts,استراحة ارام للاستجمام العائلي,,family_resort,,Point,,,13.6516421,32.7806459,low,integrated,Tourist villages and resorts KML,valid
LY-ACC-RES-NAT-00143,resorts,Villa Lugano ڤيلا لوچانو,,review_required,,Point,,,13.6731804,32.7819916,low,review_required,Tourist villages and resorts KML,valid
LY-ACC-RES-NAT-00144,resorts,حلا البحر للعائلات,,family_resort,,Point,,,13.67428,32.7840256,low,integrated,Tourist villages and resorts KML,valid
LY-ACC-RES-NAT-00145,resorts,Villa Mia فيلا ميا,,review_required,,Point,,,13.6725358,32.7828327,low,review_required,Tourist villages and resorts KML,valid
LY-ACC-RES-NAT-00146,resorts,لمة العيلة,,review_required,,Point,,,13.6730453,32.7831857,low,review_required,Tourist villages and resorts KML,valid
LY-ACC-RES-NAT-00147,resorts,استراحة نسائم البحر,,review_required,,Point,,,13.6738807,32.7830915,low,review_required,Tourist villages and resorts KML,valid
LY-ACC-RES-NAT-00148,resorts,Villa golden star,,review_required,,Point,,,13.6735125,32.7822272,low,review_required,Tourist villages and resorts KML,valid
LY-ACC-RES-NAT-00149,resorts,فيلا الصاري العائلية,,family_resort,,Point,,,13.6740388,32.7819255,low,integrated,Tourist villages and resorts KML,valid
LY-ACC-RES-NAT-00150,resorts,بيت الصبار,,review_required,,Point,,,13.6725336,32.7807619,low,review_required,Tourist villages and resorts KML,valid
LY-ACC-RES-NAT-00151,resorts,فيلا الشاهين,,review_required,,Point,,,13.6727762,32.7809974,low,review_required,Tourist villages and resorts KML,valid
LY-ACC-RES-NAT-00152,resorts,Hesham Al Askari Marine Rest House,,review_required,,Point,,,13.6726534,32.7828317,low,review_required,Tourist villages and resorts KML,valid
LY-ACC-RES-NAT-00153,resorts,La Coral,,review_required,,Point,,,13.6731743,32.7829974,low,review_required,Tourist villages and resorts KML,valid
LY-ACC-RES-NAT-00154,resorts,استراحة شمس للعائلات,,family_resort,,Point,,,13.6739304,32.7839781,low,integrated,Tourist villages and resorts KML,valid
LY-ACC-RES-NAT-00155,resorts,فيلا ملكة A,,review_required,,Point,,,13.6732969,32.7850625,low,review_required,Tourist villages and resorts KML,valid
LY-ACC-RES-NAT-00156,resorts,فيلا غسق,,review_required,,Point,,,13.6727871,32.7851295,low,review_required,Tourist villages and resorts KML,valid
LY-ACC-RES-NAT-00157,resorts,فيلا روعة,,review_required,,Point,,,13.6733222,32.7853858,low,review_required,Tourist villages and resorts KML,valid
LY-ACC-RES-NAT-00158,resorts,شاليه قطر الندى,,accommodation_resort_other,,Point,,,13.6721823,32.785773,low,integrated,Tourist villages and resorts KML,valid
LY-ACC-RES-NAT-00159,resorts,النوران العائلية,,family_resort,,Point,,,13.6726472,32.7859939,low,integrated,Tourist villages and resorts KML,valid
LY-ACC-RES-NAT-00160,resorts,شاليه الدلفين,,accommodation_resort_other,,Point,,,13.673279,32.7859816,low,integrated,Tourist villages and resorts KML,valid
LY-ACC-RES-NAT-00161,resorts,شاليه همام,,accommodation_resort_other,,Point,,,13.6746817,32.7864115,low,integrated,Tourist villages and resorts KML,valid
LY-ACC-RES-NAT-00162,resorts,Villa Mare ڤيلا ماري,,review_required,,Point,,,13.6743676,32.7869,low,review_required,Tourist villages and resorts KML,valid
LY-ACC-RES-NAT-00163,resorts,فيلا كراون Villa Crown,,review_required,,Point,,,13.6718995,32.7874264,low,review_required,Tourist villages and resorts KML,valid
LY-ACC-RES-NAT-00164,resorts,فيلا سانتوريني,,review_required,,Point,,,13.6718665,32.787142,low,review_required,Tourist villages and resorts KML,valid
LY-ACC-RES-NAT-00165,resorts,شاليه ماسة,,accommodation_resort_other,,Point,,,13.6719462,32.7875736,low,integrated,Tourist villages and resorts KML,valid
LY-ACC-RES-NAT-00166,resorts,استراحة مارية العائلية,,family_resort,,Point,,,13.6741114,32.7884234,low,integrated,Tourist villages and resorts KML,valid
LY-ACC-RES-NAT-00167,resorts,استراحة اللؤلؤة,,review_required,,Point,,,13.673185,32.7886616,low,review_required,Tourist villages and resorts KML,valid
LY-ACC-RES-NAT-00168,resorts,استراحة روح البحر,,review_required,,Point,,,13.6732045,32.7889141,low,review_required,Tourist villages and resorts KML,valid
LY-ACC-RES-NAT-00169,resorts,Ataya Resort,,tourist_resort,,Point,,,13.6756166,32.7896402,low,integrated,Tourist villages and resorts KML,valid
LY-ACC-RES-NAT-00170,resorts,مقسم شاطئ النرجس السياحي,,review_required,,Point,,,13.6776506,32.7877005,low,review_required,Tourist villages and resorts KML,valid
LY-ACC-RES-NAT-00171,resorts,استراحة فرحات لاند,,review_required,,Point,,,13.6858615,32.7872937,low,review_required,Tourist villages and resorts KML,valid
LY-ACC-RES-NAT-00172,resorts,مصيف الامان فم الوادي العائلي,,family_resort,,Point,,,13.6966038,32.7912882,low,integrated,Tourist villages and resorts KML,valid
LY-INV-RES-ZUW-00001,investment,قرية إدوس السياحية,,,resort_project,Point,زواره طريق سيدي سعيد,زوارة,11.998442,32.9900855,low,integrated,Tourism investment projects KML,valid
LY-INV-RES-TRI-00001,investment,قرية مرمرة السياحية,,,resort_project,Point,زوارة,طرابلس,12.00665,32.98545,low,integrated,Tourism investment projects KML,valid
LY-INV-RES-ZUW-00002,investment,قرية فيرونا السياحية,,,resort_project,Point,زوارة,زوارة,12.01095,32.97933,low,integrated,Tourism investment projects KML,valid
LY-INV-RES-ZUW-00003,investment,قرية البرتقالة,,,resort_project,Point,"Zuwarah Zuwarah, Libya",زوارة,12.0234337,32.9749453,low,integrated,Tourism investment projects KML,valid
LY-INV-RES-ZUW-00004,investment,قرية شط النخيل زوارة,,,resort_project,Point,"Zuwarah, Libya",زوارة,12.0486794,32.955312,low,integrated,Tourism investment projects KML,valid
LY-INV-RES-ZUW-00005,investment,قرية أوليڤيا السياحية - زوارة,,,resort_project,Point,"Zuwarah, Libya",زوارة,12.0248071,32.9751944,low,integrated,Tourism investment projects KML,valid
LY-INV-RES-ZUW-00006,investment,منتجع رياض المنصوري,,,resort_project,Point,"Zuwarah, Libya",زوارة,12.0565,32.95211,low,integrated,Tourism investment projects KML,valid
LY-INV-RES-ZUW-00007,investment,إقامة تولين السياحية,,,resort_project,Point,"Zuwarah, Libya",زوارة,12.0211239,32.978893,low,integrated,Tourism investment projects KML,valid
LY-INV-RES-ZUW-00008,investment,VILLA HAYA,,,resort_project,Point,"زوارة Zuwarah, Libya",زوارة,12.06513,32.94623,low,integrated,Tourism investment projects KML,valid
LY-INV-RES-ZUW-00009,investment,منتجع زين السياحي,,,resort_project,Point,زوارة,زوارة,12.0418755,32.961648,low,integrated,Tourism investment projects KML,valid
LY-INV-RES-ZUW-00010,investment,قرية تيبودا السياحيه,,,resort_project,Point,زوارة,زوارة,12.05311,32.9545,low,integrated,Tourism investment projects KML,valid
LY-INV-RES-ZUW-00011,investment,منتجع سيتي بارك زوارة,,,resort_project,Point,زوارة,زوارة,12.10216,32.93167,low,integrated,Tourism investment projects KML,valid
LY-INV-RES-SAB-00001,investment,قرية جوهرة صبراتة السياحية,,,resort_project,Point,صبراتة,صبراتة,12.45843,32.8107,low,integrated,Tourism investment projects KML,valid
LY-INV-HOT-SAB-00001,investment,قرية المغرب العربي صبراتة,,,hotel_project,Point,"طريق الساحلي Sabratah, Libya",صبراتة,12.3285944,32.8259566,low,integrated,Tourism investment projects KML,valid
LY-INV-RES-SAB-00002,investment,مركب تليل السياحي_صبراتة,,,resort_project,Point,صبراتة، ليبيا,صبراتة,12.37648,32.81694,low,integrated,Tourism investment projects KML,valid
LY-INV-RES-NAT-00001,investment,القرية السياحية جنزور,,,resort_project,Point,,,13.00864,32.83712,low,integrated,Tourism investment projects KML,valid
LY-INV-RES-TRI-00002,investment,قرية بالم سيتي/قرية النخيل السياحية طرابلس,,,resort_project,Point,جنزور,طرابلس,13.041687,32.848441,low,integrated,Tourism investment projects KML,valid
LY-INV-RES-TRI-00003,investment,القرية السياحية الريقاتة,,,resort_project,Point,"ليبيا طرابلس السياحية بعد معهد النفط Tripoli, Libya",طرابلس,13.05782,32.8521,low,integrated,Tourism investment projects KML,valid
LY-INV-HOT-TRI-00001,investment,مركب شيراتون - النقاط الأربعة,,,hotel_project,Point,"Hai El Andalous- Gargaresh Street, Tripoli, Libya",طرابلس,13.146279,32.880963,low,integrated,Tourism investment projects KML,valid
LY-INV-RES-NAT-00002,investment,القرية السياحية تاجوراء,,,resort_project,Point,المدي تاجوراء,,13.42962,32.86297,low,integrated,Tourism investment projects KML,valid
LY-INV-RES-NAT-00003,investment,منتجع سمرلاند المائي,,,resort_project,Point,تاجوراء,,13.582164,32.79624,low,integrated,Tourism investment projects KML,valid
LY-INV-RES-KHO-00001,investment,مصيف قرية مارينا السياحية,,,resort_project,Point,سوق الخميس بالقرب من مدرسة الرمالية,الخمس,14.3535,32.5956358,low,integrated,Tourism investment projects KML,valid
LY-INV-RES-KHO-00002,investment,قرية قصر سيلين العائلية,,,resort_project,Point,الخمس,الخمس,14.1871872,32.7041884,low,integrated,Tourism investment projects KML,valid
LY-INV-RES-KHO-00003,investment,قرية حدائق غنيمة,,,resort_project,Point,غنيمة,الخمس,14.0588067,32.7198825,low,integrated,Tourism investment projects KML,valid
LY-INV-RES-KHO-00004,investment,إستراحة شط غنيمة,,,resort_project,Point,شارع الاربعين 40 غنيمة، الخمس,الخمس,14.0287912,32.7217682,low,integrated,Tourism investment projects KML,valid
LY-INV-RES-TRI-00004,investment,قرية المتوسط العائلية,,,resort_project,Point,📍الموقع : غنيمة ،الخمس,طرابلس,14.0296077,32.7266548,low,integrated,Tourism investment projects KML,valid
LY-INV-RES-KHO-00005,investment,قرية قوس غنيمة السياحية,,,resort_project,Point,غنيمة,الخمس,14.05611,32.72302,low,integrated,Tourism investment projects KML,valid
LY-INV-RES-KHO-00006,investment,قرية لؤلؤة غنيمة العائلية,,,resort_project,Point,الخمس,الخمس,14.03409,32.72176,low,integrated,Tourism investment projects KML,valid
LY-INV-RES-KHO-00007,investment,قرية شمس البحر,,,resort_project,Point,الخمس,الخمس,14.0591948,32.7217781,low,integrated,Tourism investment projects KML,valid
LY-INV-RES-KHO-00008,investment,قرية الشاطيء الذهبي,,,resort_project,Point,"غنيمة , Al Khums, Iraq",الخمس,14.05915,32.71876,low,integrated,Tourism investment projects KML,valid
LY-INV-RES-KHO-00009,investment,منتجع سي شيلز,,,resort_project,Point,الخمس,الخمس,14.1902606,32.7048271,low,integrated,Tourism investment projects KML,valid
LY-INV-RES-KHO-00010,investment,منتجع حوض البحر Seapool Resort,,,resort_project,Point,"Al Khums, Libya",الخمس,14.0607489,32.7222509,low,integrated,Tourism investment projects KML,valid
LY-INV-RES-KHO-00011,investment,قرية الخمس السياحية,,,resort_project,Point,الخمس,الخمس,14.2779222,32.6457684,low,integrated,Tourism investment projects KML,valid
LY-INV-RES-KHO-00012,investment,قريه غنيمه العائليه,,,resort_project,Point,المدي الخمس,الخمس,14.27806,32.64588,low,integrated,Tourism investment projects KML,valid
LY-INV-RES-KHO-00013,investment,قرية اكوا مارين السياحية,,,resort_project,Point,"شارع الاربعين غنيمة / Ghoneima, Libya 32.725744,14.033950 Tripoli, Libya",الخمس,14.034,32.72555,low,integrated,Tourism investment projects KML,valid
LY-INV-HOT-KHO-00001,investment,قرية جنيف العائلية غنيمة,,,hotel_project,Point,الخمس,الخمس,14.03118,32.72632,low,integrated,Tourism investment projects KML,valid
LY-INV-RES-KHO-00014,investment,منتجع شاطئ غنيمة,,,resort_project,Point,الخمس,الخمس,14.0540747,32.7210539,low,integrated,Tourism investment projects KML,valid
LY-INV-RES-KHO-00015,investment,شاليهات بن حمودة العائلي,,,resort_project,Point,"غنيمة طريق الاربعين منطقة أولاد الشيخ, Tripoli, Libya",الخمس,14.036992,32.724932,low,integrated,Tourism investment projects KML,valid
LY-INV-RES-NAT-00004,investment,منتجع كريستال السياحي,,,resort_project,Point,,,13.6352738,32.7875341,low,integrated,Tourism investment projects KML,valid
LY-INV-RES-NAT-00005,investment,منتجع رويال السياحي,,,resort_project,Point,"القويعة , Tripoli, Libya",,13.6649677,32.7880725,low,integrated,Tourism investment projects KML,valid
LY-INV-RES-NAT-00006,investment,القويعة,,,resort_project,Point,,,13.63224,32.788705,low,integrated,Tourism investment projects KML,valid
LY-INV-RES-NAT-00007,investment,منتجع فيلا دريم هاوس,,,resort_project,Point,"QMPC+MW القره بوللي، ليبيا، القره بوللي، ليبيا 00218 Qarah Bulli, Libya",,13.6725922,32.786663,low,integrated,Tourism investment projects KML,valid
LY-INV-RES-NAT-00008,investment,منتجع شط مريم,,,resort_project,Point,,,13.6623284,32.7888939,low,integrated,Tourism investment projects KML,valid
LY-INV-RES-NAT-00009,investment,استراحة الجود القويعه,,,resort_project,Point,,,13.6329856,32.7884131,low,integrated,Tourism investment projects KML,valid
LY-INV-RES-NAT-00010,investment,منتجع اتش تي السياحي,,,resort_project,Point,"القويعة (منتجع اتش تي السياحي ), Tripoli, Libya",,13.63298,32.7864,low,integrated,Tourism investment projects KML,valid
LY-INV-RES-NAT-00011,investment,منتجع اتش تي 3,,,resort_project,Point,,,13.6428593,32.7865142,low,integrated,Tourism investment projects KML,valid
LY-INV-RES-NAT-00012,investment,منتجع شاليهات للاجار,,,resort_project,Point,,,13.6444767,32.787918,low,integrated,Tourism investment projects KML,valid
LY-INV-RES-NAT-00013,investment,قرية العطايا العائلية,,,resort_project,Point,"القره بوللي , Castelverde, Libya",,13.675653,32.789468,low,integrated,Tourism investment projects KML,valid
LY-INV-RES-NAT-00014,investment,منتجع برستيج,,,resort_project,Point,"القويعة بجنب منتجع ايليت السياحي , Tripoli, Libya",,13.6673395,32.7870038,low,integrated,Tourism investment projects KML,valid
LY-INV-RES-NAT-00015,investment,قرية القويعة السياحية,,,resort_project,Point,,,13.6343097,32.7871612,low,integrated,Tourism investment projects KML,valid
LY-INV-RES-NAT-00016,investment,شاليهات بن بية,,,resort_project,Point,,,13.6443505,32.7879279,low,integrated,Tourism investment projects KML,valid
LY-INV-RES-NAT-00017,investment,قرية ميار البحر العائليه,,,resort_project,Point,شواطئ العطايا,,13.68749,32.789744,low,integrated,Tourism investment projects KML,valid
LY-INV-RES-NAT-00018,investment,قرية أغيث السياحية,,,resort_project,Point,"القويعة, Tripoli, Libya",,13.6456806,32.7876536,low,integrated,Tourism investment projects KML,valid
LY-INV-RES-NAT-00019,investment,قرية الخلة السياحية العائلية,,,resort_project,Point,,,13.679539,32.789005,low,integrated,Tourism investment projects KML,valid
LY-INV-RES-NAT-00020,investment,مجمع جواهر لاند,,,resort_project,Point,,,13.646366,32.787247,low,integrated,Tourism investment projects KML,valid
LY-INV-RES-NAT-00021,investment,منتجع دار البحر,,,resort_project,Point,,,13.6470901,32.7876215,low,integrated,Tourism investment projects KML,valid
LY-INV-RES-NAT-00022,investment,منتجع وادي بالنور,,,resort_project,Point,"Wadi Banour - Alqweaa, Tagiura, Libya",,13.59408,32.7926442,low,integrated,Tourism investment projects KML,valid
LY-INV-RES-NAT-00023,investment,منتجع بيتش هاوس,,,resort_project,Point,,,14.058072,32.7174075,low,integrated,Tourism investment projects KML,valid
LY-INV-RES-NAT-00024,investment,قرية قوس غنيمة السياحية,,,resort_project,Point,,,14.05612,32.722872,low,integrated,Tourism investment projects KML,valid
LY-INV-RES-NAT-00025,investment,منتجع ايليت السياحي,,,resort_project,Point,"القويعة, Qarah Bulli, Libya",,13.6588969,32.7889728,low,integrated,Tourism investment projects KML,valid
LY-INV-RES-NAT-00026,investment,قرية شمس البحر,,,resort_project,Point,,,14.058758,32.721782,low,integrated,Tourism investment projects KML,valid
LY-INV-RES-KHO-00016,investment,قرية لؤلؤة غنيمة العائلية,,,resort_project,Point,الخمس,الخمس,14.058367,32.720385,low,integrated,Tourism investment projects KML,valid
LY-INV-RES-NAT-00027,investment,شاليهات ركن النيروز,,,resort_project,Point,القويعة،،، مقابل الماسة مول تبعد على البحر 400 متر,,13.647632,32.788222,low,integrated,Tourism investment projects KML,valid
LY-INV-RES-NAT-00028,investment,قرية رأس الحمراء العائلية,,,resort_project,Point,,,13.935119,32.774035,low,integrated,Tourism investment projects KML,valid
LY-INV-RES-KHO-00017,investment,قرية شاطئ النخيل الذهبي,,,resort_project,Point,قماطة العلوص - طريق الإسماعيلية,الخمس,13.9354831,32.7733773,low,integrated,Tourism investment projects KML,valid
LY-INV-RES-ZLI-00001,investment,قرية أصيل السياحية,,,resort_project,Point,طريق الشط الجديدة,زليتن,14.6145187,32.4896379,low,integrated,Tourism investment projects KML,valid
LY-INV-RES-ZLI-00002,investment,قرية الهُزم السياحية,,,resort_project,Point,زليتن,زليتن,14.6200546,32.489371,low,integrated,Tourism investment projects KML,valid
LY-INV-HOT-MIS-00001,investment,منتجع الأمان السياحي,,,hotel_project,Point,"طريق البحر, Misurata, Libya",مصراتة,15.001973,32.413207,low,integrated,Tourism investment projects KML,valid
LY-INV-RES-MIS-00001,investment,منتجع مصراتة,,,resort_project,Point,المدي مصراتة,مصراتة,15.114877,32.405137,low,integrated,Tourism investment projects KML,valid
LY-INV-RES-MIS-00002,investment,منتجع فينيسيا/مصراتة,,,resort_project,Point,المدي مصراتة,مصراتة,15.030501,32.410642,low,integrated,Tourism investment projects KML,valid
LY-INV-RES-MIS-00003,investment,قرية زريق السياحية,,,resort_project,Point,مصراتة,مصراتة,14.929789,32.431147,low,integrated,Tourism investment projects KML,valid
LY-INV-RES-NAT-00029,investment,حي قصور الضيافة_سرت,,,resort_project,Point,,,16.6152747,31.2077676,low,integrated,Tourism investment projects KML,valid
LY-INV-RES-BEN-00001,investment,شاليهات ريماس,,,resort_project,Point,بنغازي,بنغازي,19.949189,31.9031676,low,integrated,Tourism investment projects KML,valid
LY-INV-RES-BEN-00002,investment,قرية شاطيء النخيل,,,resort_project,Point,بنغازي,بنغازي,19.954158,31.942865,low,integrated,Tourism investment projects KML,valid
LY-INV-RES-BEN-00003,investment,منتجع مارينا بنغازي السياحي,,,resort_project,Point,بنغازي,بنغازي,19.959256,31.982998,low,integrated,Tourism investment projects KML,valid
LY-INV-RES-BEN-00004,investment,منتجع الصفوة السياحي,,,resort_project,Point,بنغازي,بنغازي,19.964499,31.992255,low,integrated,Tourism investment projects KML,valid
LY-INV-RES-BEN-00005,investment,منتجع ماربيلا السياحي,,,resort_project,Point,بنغازي,بنغازي,19.971313,31.993245,low,integrated,Tourism investment projects KML,valid
LY-INV-RES-BEN-00006,investment,مجمع الاصالة السياحي,,,resort_project,Point,بنغازي,بنغازي,19.974266,31.99976,low,integrated,Tourism investment projects KML,valid
LY-INV-RES-BEN-00007,investment,قرية الفاضل,,,resort_project,Point,بنغازي,بنغازي,20.009364,32.032708,low,integrated,Tourism investment projects KML,valid
LY-INV-RES-BEN-00008,investment,منتجع الأسيل,,,resort_project,Point,بنغازي,بنغازي,19.996643,32.01888,low,integrated,Tourism investment projects KML,valid
LY-INV-RES-BEN-00009,investment,منتجع الماسة السياحي,,,resort_project,Point,بنغازي,بنغازي,20.137676,32.069522,low,integrated,Tourism investment projects KML,valid
LY-INV-RES-BEN-00010,investment,منتجع قاريونس العائلي,,,resort_project,Point,بنغازي,بنغازي,20.039029,32.061734,low,integrated,Tourism investment projects KML,valid
LY-INV-RES-BEN-00011,investment,منتجع النخلة الذهبية,,,resort_project,Point,بنغازي,بنغازي,20.040787,32.069285,low,integrated,Tourism investment projects KML,valid
LY-INV-RES-BEN-00012,investment,منتجع فايا لارجو,,,resort_project,Point,بنغازي,بنغازي,20.042231,32.07227,low,integrated,Tourism investment projects KML,valid
LY-INV-RES-BEN-00013,investment,قرية قمرت السياحية,,,resort_project,Point,بنغازي,بنغازي,20.212382,32.278478,low,integrated,Tourism investment projects KML,valid
LY-INV-RES-NAT-00030,investment,منتجع التلال الحمامة,,,resort_project,Point,,,21.615861,32.911311,low,integrated,Tourism investment projects KML,valid
LY-INV-RES-NAT-00031,investment,منتجع الجراري السياحي - للعائلات,,,resort_project,Point,,,21.604209,32.905579,low,integrated,Tourism investment projects KML,valid
LY-INV-RES-NAT-00032,investment,منتجع ومصيف الحمامة,,,resort_project,Point,,,21.621093,32.916555,low,integrated,Tourism investment projects KML,valid
LY-INV-RES-NAT-00033,investment,قرية إيلاف السياحية,,,resort_project,Point,,,20.9638155,32.7194631,low,integrated,Tourism investment projects KML,valid
LY-INV-RES-BAY-00001,investment,شاليهات الحدائق الملكية,,,resort_project,Point,البيضاء,البيضاء,21.5950836,32.8752309,low,integrated,Tourism investment projects KML,valid
LY-INV-RES-BAY-00002,investment,منتجع وادي الكوف,,,resort_project,Point,البيضاء,البيضاء,21.563798,32.702,low,integrated,Tourism investment projects KML,valid
LY-INV-RES-NAT-00034,investment,منتجع إيلاند السياحي,,,resort_project,Point,,,21.940156,32.895682,low,integrated,Tourism investment projects KML,valid
LY-INV-RES-NAT-00035,investment,منتجع كنزي السياحي,,,resort_project,Point,,,21.9725655,32.9008844,low,integrated,Tourism investment projects KML,valid
LY-INV-RES-NAT-00036,investment,منتجع سوسه,,,resort_project,Point,,,22.0249434,32.9025146,low,integrated,Tourism investment projects KML,valid
LY-INV-RES-NAT-00037,investment,مصيف القريه/رأس الهلال,,,resort_project,Point,,,22.1691686,32.9017744,low,integrated,Tourism investment projects KML,valid
LY-INV-RES-NAT-00038,investment,منتجع الينابيع السياحي,,,resort_project,Point,,,22.190223,32.881896,low,integrated,Tourism investment projects KML,valid
LY-INV-RES-NAT-00039,investment,منتجع الاثرون السياحي,,,resort_project,Point,,,22.279024,32.869423,low,integrated,Tourism investment projects KML,valid
LY-INV-RES-DER-00001,investment,منتجع إيميليا السياحي,,,resort_project,Point,درنة,درنة,22.5622359,32.7982606,low,integrated,Tourism investment projects KML,valid
LY-INV-RES-DER-00002,investment,مصيف 1805,,,resort_project,Point,درنة,درنة,22.56117,32.790435,low,integrated,Tourism investment projects KML,valid
LY-INV-RES-NAT-00040,investment,منتجع الابرق السياحي,,,resort_project,Point,,,21.954304,32.825786,low,integrated,Tourism investment projects KML,valid
LY-INV-RES-SHA-00001,investment,منتج شحات السياحي,,,resort_project,Point,شحات,شحات,21.879472,32.824524,low,integrated,Tourism investment projects KML,valid
LY-INV-RES-SHA-00002,investment,منتجع وموتيل الأمان 1,,,resort_project,Point,شحات,شحات,21.894591,32.801446,low,integrated,Tourism investment projects KML,valid
LY-INV-RES-SHA-00003,investment,منتجع وموتيل الأمان 3,,,resort_project,Point,شحات,شحات,21.9234664,32.8263417,low,integrated,Tourism investment projects KML,valid
LY-INV-RES-SHA-00004,investment,شاليهات بوعطية,,,resort_project,Point,شحات,شحات,21.897302,32.842844,low,integrated,Tourism investment projects KML,valid
LY-INV-RES-SHA-00005,investment,منتجع جود السياحي,,,resort_project,Point,شحات,شحات,21.88843,32.840597,low,integrated,Tourism investment projects KML,valid
LY-INV-RES-KHO-00018,investment,إستراحات فردية درجة أولى,,,resort_project,Point,الخمس,الخمس,21.867999,32.847121,low,integrated,Tourism investment projects KML,valid
LY-INV-RES-SHA-00006,investment,إستراحات فردية,,,resort_project,Point,شحات,شحات,21.8672957,32.8470731,low,integrated,Tourism investment projects KML,valid
LY-INV-RES-SHA-00007,investment,منتجع الاسرة السعيدة,,,resort_project,Point,شحات,شحات,21.873265,32.816855,low,integrated,Tourism investment projects KML,valid
LY-INV-RES-SHA-00008,investment,شاليهات بومؤمن,,,resort_project,Point,شحات,شحات,21.84664,32.858583,low,integrated,Tourism investment projects KML,valid
LY-INV-RES-SHA-00009,investment,منتجع سيف للسياحه ولاستثمار,,,resort_project,Point,شحات,شحات,21.903627,32.796428,low,integrated,Tourism investment projects KML,valid
LY-INV-HOT-TOB-00001,investment,منتجع وفندق ريفان السياحي,,,hotel_project,Point,طبرق,طبرق,23.959161,32.0372928,low,integrated,Tourism investment projects KML,valid
LY-INV-RES-ZUW-00012,investment,قرية سبتيموس السياحية - زوارة,,,resort_project,Point,زوارة,زوارة,12.0089054,32.9846754,low,integrated,Tourism investment projects KML,valid
LY-INV-HOT-ZUW-00001,investment,قرية سيمو السياحية - زوارة,,,hotel_project,Point,"طريق سيدي سعيد بعد بوابه قصور الشعير (اغرماون) Zuwarah, Libya",زوارة,12.0038519,32.9863612,low,integrated,Tourism investment projects KML,valid
LY-INV-RES-ZLI-00003,investment,منتجع الهادريان زليتن,,,resort_project,Point,زليتن,زليتن,14.5157198,32.5025172,low,integrated,Tourism investment projects KML,valid
LY-INV-RES-NAT-00041,investment,منتجع سفارى السياحى,,,resort_project,Point,,,15.042599,32.3512844,low,integrated,Tourism investment projects KML,valid
LY-INV-RES-ZUW-00013,investment,قرية اوديسا السياحية,,,resort_project,Point,زوارة,زوارة,11.9792196,32.998387,low,integrated,Tourism investment projects KML,valid
LY-INV-RES-ZUW-00014,investment,Azul house استراحة ازول,,,resort_project,Point,زوارة,زوارة,12.0191798,32.9804213,low,integrated,Tourism investment projects KML,valid
LY-INV-RES-ZUW-00015,investment,DiVano Resort,,,resort_project,Point,زوارة,زوارة,12.0684328,32.9457822,low,integrated,Tourism investment projects KML,valid
LY-INV-RES-ZUW-00016,investment,منتجع لاجون Lagoon Resort,,,resort_project,Point,زوارة,زوارة,11.9844267,32.9979566,low,integrated,Tourism investment projects KML,valid
LY-INV-RES-ZUW-00017,investment,Barracuda Village - منتجع باراكودا,,,resort_project,Point,زوارة,زوارة,12.0243031,32.9757798,low,integrated,Tourism investment projects KML,valid
LY-INV-RES-NAT-00042,investment,Oea Village - Diar Al Bahr,,,resort_project,Point,جنزور,,13.016186,32.839058,low,integrated,Tourism investment projects KML,valid
LY-INV-RES-NAT-00043,investment,قرية قوس غنيمة السياحية,,,resort_project,Point,,,14.0569472,32.7147012,low,integrated,Tourism investment projects KML,valid
LY-INV-HOT-TRI-00002,investment,فندق كورنثيا,,,hotel_project,Point,طرابلس,طرابلس,13.170402,32.89692,low,integrated,Tourism investment projects KML,valid
LY-INV-HOT-BAY-00001,investment,فندق بينثابوليس,,,hotel_project,Point,البيضاء,البيضاء,21.7604108,32.76474,low,integrated,Tourism investment projects KML,valid
LY-INV-HOT-GHA-00001,investment,فندق جوهرة الواحة,,,hotel_project,Point,غدامس,غدامس,9.5073291,30.1319382,low,integrated,Tourism investment projects KML,valid
LY-INV-HOT-TRI-00003,investment,فندق تبرس,,,hotel_project,Point,طرابلس,طرابلس,11.327179,31.777558,low,integrated,Tourism investment projects KML,valid
LY-INV-RES-SHA-00010,investment,منتجع شحات السياحي,,,resort_project,Point,شحات,شحات,21.87935,32.82451,low,integrated,Tourism investment projects KML,valid
LY-INV-HOT-NAT-00001,investment,فندق المنارة,,,hotel_project,Point,,,21.964767,32.900626,low,integrated,Tourism investment projects KML,valid
LY-INV-HOT-BAY-00002,investment,فندق لؤلؤة الخليج,,,hotel_project,Point,البيضاء,البيضاء,21.77744,32.76469,low,integrated,Tourism investment projects KML,valid
LY-INV-HOT-BAY-00003,investment,فندق التلال الوسيطة البيضاء,,,hotel_project,Point,البيضاء,البيضاء,21.733303,32.793224,low,integrated,Tourism investment projects KML,valid
LY-INV-HOT-NAT-00002,investment,العنود للشقق الفندقية,,,hotel_project,Point,,,21.7417,32.7664,low,integrated,Tourism investment projects KML,valid
LY-INV-HOT-NAT-00003,investment,فندق الثريا,,,hotel_project,Point,,,21.75694,32.764375,low,integrated,Tourism investment projects KML,valid
LY-INV-EXP-SHA-00001,investment,منتجع الينابيع السياحي,,,existing_project_expansion,Point,شحات,شحات,22.19025,32.8815,low,integrated,Tourism investment projects KML,valid
LY-INV-HOT-NAT-00004,investment,فندق برقة,,,hotel_project,Point,,,21.756955,32.765259,low,integrated,Tourism investment projects KML,valid
LY-INV-HOT-NAT-00005,investment,فندق الهديل,,,hotel_project,Point,,,21.754296,32.763233,low,integrated,Tourism investment projects KML,valid
LY-INV-HOT-GHA-00002,investment,فندق بن يدر,,,hotel_project,Point,غدامس,غدامس,9.49361,30.13057,low,integrated,Tourism investment projects KML,valid
LY-INV-HOT-GHA-00003,investment,فندق نجوم غدامس,,,hotel_project,Point,غدامس,غدامس,9.492807,30.130444,low,integrated,Tourism investment projects KML,valid
LY-INV-REV-GHA-00001,investment,Hotel bab al fatah,,,review_required,Point,غدامس,غدامس,9.495953,30.129669,low,review_required,Tourism investment projects KML,valid
LY-INV-HOT-TRI-00004,investment,فندق فكتوريا,,,hotel_project,Point,طرابلس,طرابلس,13.1943866,32.8913655,low,integrated,Tourism investment projects KML,valid
LY-INV-HOT-TRI-00005,investment,فندق الطاووس,,,hotel_project,Point,طرابلس,طرابلس,13.3175408,32.8737835,low,integrated,Tourism investment projects KML,valid
LY-INV-HOT-TRI-00006,investment,فندق المهاري,,,hotel_project,Point,طرابلس,طرابلس,13.1997894,32.8960393,low,integrated,Tourism investment projects KML,valid
LY-INV-HOT-TRI-00007,investment,فندق الودان,,,hotel_project,Point,طرابلس,طرابلس,13.1909208,32.893187,low,integrated,Tourism investment projects KML,valid
LY-INV-HOT-TRI-00008,investment,فندق بلازما,,,hotel_project,Point,طرابلس,طرابلس,13.163972,32.885667,low,integrated,Tourism investment projects KML,valid
LY-INV-HOT-TOB-00002,investment,فندق دار السلام,,,hotel_project,Point,طبرق,طبرق,23.968133,32.073038,low,integrated,Tourism investment projects KML,valid
LY-INV-HOT-TOB-00003,investment,فندق سان جورج,,,hotel_project,Point,طبرق,طبرق,23.9734318,32.0798526,low,integrated,Tourism investment projects KML,valid
LY-INV-HOT-KHO-00002,investment,فندق الحسنين الكبير,,,hotel_project,Point,الخمس,الخمس,14.251271,32.643382,low,integrated,Tourism investment projects KML,valid
LY-INV-REV-SHA-00001,investment,بيوت الشباب,,,review_required,Point,شحات,شحات,21.863206,32.812983,low,review_required,Tourism investment projects KML,valid
LY-INV-HOT-BAY-00004,investment,فندق بلاغراي السياحي ( التلال سابقا ),,,hotel_project,Point,البيضاء,البيضاء,21.7177134,32.7617367,low,integrated,Tourism investment projects KML,valid
LY-INV-RES-DER-00003,investment,منتجع ايميليا,,,resort_project,Point,درنة,درنة,22.562225,32.798444,low,integrated,Tourism investment projects KML,valid
LY-INV-RES-SHA-00011,investment,منتجع وموتيل الأمان,,,resort_project,Point,شحات,شحات,21.894339,32.801784,low,integrated,Tourism investment projects KML,valid
LY-INV-REV-GHA-00002,investment,بيوت شباب غدامس,,,review_required,Point,غدامس,غدامس,9.4980544,30.1205014,low,review_required,Tourism investment projects KML,valid
LY-INV-HOT-GHA-00004,investment,نالوت غدامس فندق باب العز,,,hotel_project,Point,غدامس,غدامس,10.9706174,31.8876627,low,integrated,Tourism investment projects KML,valid
LY-INV-HOT-NAT-00006,investment,فندق أبراج الوسطى,,,hotel_project,Point,,,16.5549527,31.204718,low,integrated,Tourism investment projects KML,valid
LY-INV-HOT-SEB-00001,investment,فندق طيبة,,,hotel_project,Point,سبها,سبها,14.421323,27.053601,low,integrated,Tourism investment projects KML,valid
LY-INV-HOT-TRI-00009,investment,فندق قصر الفيروز,,,hotel_project,Point,طرابلس,طرابلس,13.192323,32.849774,low,integrated,Tourism investment projects KML,valid
LY-INV-HOT-NAT-00007,investment,فندق ابونواس,,,hotel_project,Point,,,13.0914425,32.86352,low,integrated,Tourism investment projects KML,valid
LY-INV-HOT-NAT-00008,investment,فندق احواص,,,hotel_project,Point,,,13.1790752,32.8954197,low,integrated,Tourism investment projects KML,valid
LY-INV-HOT-NAT-00009,investment,فندق الانوار,,,hotel_project,Point,,,12.7337333,32.748233,low,integrated,Tourism investment projects KML,valid
LY-INV-HOT-TRI-00010,investment,فندق الأخوة,,,hotel_project,Point,طرابلس,طرابلس,13.1740605,32.8916446,low,integrated,Tourism investment projects KML,valid
LY-INV-HOT-TRI-00011,investment,فندق الأصالة,,,hotel_project,Point,طرابلس,طرابلس,13.1788459,32.8918811,low,integrated,Tourism investment projects KML,valid
LY-INV-HOT-NAT-00010,investment,فندق الأصيل,,,hotel_project,Point,,,13.1860743,32.8819303,low,integrated,Tourism investment projects KML,valid
LY-INV-HOT-NAT-00011,investment,فندق الأندلس,,,hotel_project,Point,,,13.1726487,32.8920769,low,integrated,Tourism investment projects KML,valid
LY-INV-HOT-MIS-00002,investment,فندق البركة,,,hotel_project,Point,مصراتة,مصراتة,15.0959067,32.3760478,low,integrated,Tourism investment projects KML,valid
LY-INV-HOT-NAT-00012,investment,فندق البستان,,,hotel_project,Point,,,13.0783524,32.8023006,low,integrated,Tourism investment projects KML,valid
LY-INV-HOT-MIS-00003,investment,التاج للشقق الفندقية,,,hotel_project,Point,مصراتة,مصراتة,15.0878259,32.3740071,low,integrated,Tourism investment projects KML,valid
LY-INV-HOT-NAT-00013,investment,فندق التاجوري,,,hotel_project,Point,,,13.1783129,32.8958455,low,integrated,Tourism investment projects KML,valid
LY-INV-HOT-NAT-00014,investment,فندق الجبل,,,hotel_project,Point,,,15.095,32.371113,low,integrated,Tourism investment projects KML,valid
LY-INV-HOT-SAB-00002,investment,فندق جوهرة صبراتة السياحي,,,hotel_project,Point,صبراتة,صبراتة,12.4775131,32.7947757,low,integrated,Tourism investment projects KML,valid
LY-INV-HOT-NAT-00015,investment,فندق الجوهرة الزاوية,,,hotel_project,Point,,,12.726081,32.751953,low,integrated,Tourism investment projects KML,valid
LY-INV-HOT-NAT-00016,investment,فندق الحديقة,,,hotel_project,Point,,,13.179292,32.891087,low,integrated,Tourism investment projects KML,valid
LY-INV-HOT-NAT-00017,investment,فندق الحمام السياحي,,,hotel_project,Point,,,12.393222,32.734657,low,integrated,Tourism investment projects KML,valid
LY-INV-HOT-NAT-00018,investment,فندق الحياة,,,hotel_project,Point,,,13.176502,32.888706,low,integrated,Tourism investment projects KML,valid
LY-INV-HOT-TRI-00012,investment,فندق الخان الطرابلسي,,,hotel_project,Point,طرابلس,طرابلس,13.176539,32.898502,low,integrated,Tourism investment projects KML,valid
LY-INV-HOT-NAT-00019,investment,فندق الخليج,,,hotel_project,Point,,,13.1756918,32.8891584,low,integrated,Tourism investment projects KML,valid
LY-INV-HOT-NAT-00020,investment,فندق الخليل السياحي,,,hotel_project,Point,,,12.485278,32.796391,low,integrated,Tourism investment projects KML,valid
LY-INV-HOT-TRI-00013,investment,فندق الدبلوماسي,,,hotel_project,Point,طرابلس,طرابلس,13.1736393,32.8891424,low,integrated,Tourism investment projects KML,valid
LY-INV-HOT-NAT-00021,investment,فندق الدوحة,,,hotel_project,Point,,,13.171915,32.892017,low,integrated,Tourism investment projects KML,valid
LY-INV-HOT-NAT-00022,investment,فندق الديار,,,hotel_project,Point,,,13.1744904,32.8915652,low,integrated,Tourism investment projects KML,valid
LY-INV-HOT-NAT-00023,investment,فندق الرابطة,,,hotel_project,Point,,,13.0142817,32.1697271,low,integrated,Tourism investment projects KML,valid
LY-INV-HOT-NAT-00024,investment,فندق الرفيع,,,hotel_project,Point,,,13.1725882,32.8935211,low,integrated,Tourism investment projects KML,valid
LY-INV-HOT-TRI-00014,investment,فندق الريان,,,hotel_project,Point,طرابلس,طرابلس,13.172645,32.89056,low,integrated,Tourism investment projects KML,valid
LY-INV-HOT-NAT-00025,investment,فندق الزهر,,,hotel_project,Point,,,13.179107,32.896046,low,integrated,Tourism investment projects KML,valid
LY-INV-HOT-NAT-00026,investment,فندق الزيتونة,,,hotel_project,Point,,,14.0148,31.756525,low,integrated,Tourism investment projects KML,valid
LY-INV-HOT-NAT-00027,investment,فندق السرايا,,,hotel_project,Point,,,13.170639,32.888588,low,integrated,Tourism investment projects KML,valid
LY-INV-HOT-ZUW-00002,investment,فندق زوارة,,,hotel_project,Point,زوارة,زوارة,12.098621,32.924809,low,integrated,Tourism investment projects KML,valid
LY-INV-HOT-TRI-00015,investment,فندق السندباد,,,hotel_project,Point,طرابلس,طرابلس,13.1626912,32.8859872,low,integrated,Tourism investment projects KML,valid
LY-INV-HOT-NAT-00028,investment,فندق السهم,,,hotel_project,Point,,,13.17269,32.892365,low,integrated,Tourism investment projects KML,valid
LY-INV-HOT-NAT-00029,investment,فندق السياحي,,,hotel_project,Point,,,13.174013,32.891529,low,integrated,Tourism investment projects KML,valid
LY-INV-HOT-NAT-00030,investment,فندق الشاطىء,,,hotel_project,Point,,,12.104337,32.930157,low,integrated,Tourism investment projects KML,valid
LY-INV-HOT-NAT-00031,investment,فندق الشجرة,,,hotel_project,Point,,,13.1950688,32.8935126,low,integrated,Tourism investment projects KML,valid
LY-INV-HOT-NAT-00032,investment,فندق الشرق,,,hotel_project,Point,,,13.1760293,32.8873583,low,integrated,Tourism investment projects KML,valid
LY-INV-HOT-TRI-00016,investment,فندق الشمس,,,hotel_project,Point,طرابلس,طرابلس,13.1733207,32.8924857,low,integrated,Tourism investment projects KML,valid
LY-INV-HOT-NAT-00033,investment,فندق الصحراوي,,,hotel_project,Point,,,12.0825,32.933887,low,integrated,Tourism investment projects KML,valid
LY-INV-HOT-NAT-00034,investment,فندق الصفوة,,,hotel_project,Point,,,13.1882578,32.8902261,low,integrated,Tourism investment projects KML,valid
LY-INV-HOT-MIS-00004,investment,فندق الصناعية مصراتة,,,hotel_project,Point,مصراتة,مصراتة,15.090645,32.373493,low,integrated,Tourism investment projects KML,valid
LY-INV-HOT-TRI-00017,investment,فندق الصولجان,,,hotel_project,Point,طرابلس,طرابلس,13.1629409,32.8857364,low,integrated,Tourism investment projects KML,valid
LY-INV-HOT-NAT-00035,investment,فندق الضيافة,,,hotel_project,Point,,,13.1719276,32.8922674,low,integrated,Tourism investment projects KML,valid
LY-INV-HOT-TRI-00018,investment,فندق العاصمة,,,hotel_project,Point,طرابلس,طرابلس,13.1741981,32.8896366,low,integrated,Tourism investment projects KML,valid
LY-INV-HOT-GHA-00005,investment,فندق الغدامسية,,,hotel_project,Point,غدامس,غدامس,13.178981,32.895485,low,integrated,Tourism investment projects KML,valid
LY-INV-HOT-NAT-00036,investment,فندق القرقني,,,hotel_project,Point,,,13.1792077,32.8947514,low,integrated,Tourism investment projects KML,valid
LY-INV-HOT-NAT-00037,investment,فندق القوس,,,hotel_project,Point,,,13.1935389,32.8930785,low,integrated,Tourism investment projects KML,valid
LY-INV-HOT-NAT-00038,investment,فندق الكبير,,,hotel_project,Point,,,15.0953709,32.3738003,low,integrated,Tourism investment projects KML,valid
LY-INV-HOT-NAT-00039,investment,فندق الكرومة,,,hotel_project,Point,,,11.892359,31.864727,low,integrated,Tourism investment projects KML,valid
LY-INV-HOT-NAT-00040,investment,فندق الماسة,,,hotel_project,Point,,,15.085841,32.3734736,low,integrated,Tourism investment projects KML,valid
LY-INV-HOT-NAT-00041,investment,فندق المتوسط,,,hotel_project,Point,,,14.26402,32.652981,low,integrated,Tourism investment projects KML,valid
LY-INV-HOT-NAT-00042,investment,فندق المدينة,,,hotel_project,Point,,,12.726944,32.753613,low,integrated,Tourism investment projects KML,valid
LY-INV-HOT-NAT-00043,investment,فندق المرقب,,,hotel_project,Point,,,14.252599,32.642418,low,integrated,Tourism investment projects KML,valid
LY-INV-HOT-NAT-00044,investment,فندق المشكاة,,,hotel_project,Point,,,13.179752,32.891571,low,integrated,Tourism investment projects KML,valid
LY-INV-HOT-NAT-00045,investment,فندق المنامة,,,hotel_project,Point,,,13.1729932,32.8935411,low,integrated,Tourism investment projects KML,valid
LY-INV-HOT-NAT-00046,investment,فندق النخلة,,,hotel_project,Point,,,13.196285,32.890724,low,integrated,Tourism investment projects KML,valid
LY-INV-HOT-KHO-00003,investment,فندق النقازة الخمس,,,hotel_project,Point,الخمس,الخمس,14.098898,32.694199,low,integrated,Tourism investment projects KML,valid
LY-INV-HOT-NAT-00047,investment,فندق النهر,,,hotel_project,Point,,,13.1710949,32.8936604,low,integrated,Tourism investment projects KML,valid
LY-INV-HOT-NAT-00048,investment,فندق الهنشيري,,,hotel_project,Point,,,13.177876,32.897038,low,integrated,Tourism investment projects KML,valid
LY-INV-HOT-NAT-00049,investment,فندق الهيشة,,,hotel_project,Point,,,15.258722,31.453671,low,integrated,Tourism investment projects KML,valid
LY-INV-HOT-NAT-00050,investment,فندق الواحات,,,hotel_project,Point,,,13.168939,32.887352,low,integrated,Tourism investment projects KML,valid
LY-INV-HOT-NAT-00051,investment,فندق الياسمين,,,hotel_project,Point,,,13.1842,32.887569,low,integrated,Tourism investment projects KML,valid
LY-INV-HOT-NAT-00052,investment,فندق أجنحة قرطاج,,,hotel_project,Point,,,13.177596,32.890884,low,integrated,Tourism investment projects KML,valid
LY-INV-HOT-NAT-00053,investment,فندق أفريقيا,,,hotel_project,Point,,,15.092281,32.378033,low,integrated,Tourism investment projects KML,valid
LY-INV-HOT-NAT-00054,investment,فندق أوال,,,hotel_project,Point,,,13.172092,32.888885,low,integrated,Tourism investment projects KML,valid
LY-INV-HOT-TRI-00019,investment,فندق باب البحر,,,hotel_project,Point,طرابلس,طرابلس,13.165054,32.894688,low,integrated,Tourism investment projects KML,valid
LY-INV-HOT-NAT-00055,investment,فندق بلازما,,,hotel_project,Point,,,13.163955,32.88559,low,integrated,Tourism investment projects KML,valid
LY-INV-HOT-NAT-00056,investment,فندق بن يدر,,,hotel_project,Point,,,9.493617,30.130571,low,integrated,Tourism investment projects KML,valid
LY-INV-HOT-NAT-00057,investment,فندق بنت السيد,,,hotel_project,Point,,,13.175939,32.900146,low,integrated,Tourism investment projects KML,valid
LY-INV-HOT-NAT-00058,investment,فندق بودلغوسة,,,hotel_project,Point,,,13.178583,32.894421,low,integrated,Tourism investment projects KML,valid
LY-INV-HOT-NAT-00059,investment,فندق بيت الأمان,,,hotel_project,Point,,,13.1922573,32.8904901,low,integrated,Tourism investment projects KML,valid
LY-INV-HOT-NAT-00060,investment,فندق بيت الشرق,,,hotel_project,Point,,,13.1723136,32.8923696,low,integrated,Tourism investment projects KML,valid
LY-INV-HOT-NAT-00061,investment,فندق تابكت,,,hotel_project,Point,,,15.084174,32.373779,low,integrated,Tourism investment projects KML,valid
LY-INV-HOT-NAT-00062,investment,فندق توباكتس,,,hotel_project,Point,,,13.16473,32.88607,low,integrated,Tourism investment projects KML,valid
LY-INV-HOT-NAT-00063,investment,فندق جي دبليو ماريوت,,,hotel_project,Point,,,13.164378,32.89019,low,integrated,Tourism investment projects KML,valid
LY-INV-HOT-GHA-00006,investment,فندق دار غدامس,,,hotel_project,Point,غدامس,غدامس,9.4908575,30.1142113,low,integrated,Tourism investment projects KML,valid
LY-INV-HOT-NAT-00064,investment,فندق ديار الهناء,,,hotel_project,Point,,,15.0905614,32.3781743,low,integrated,Tourism investment projects KML,valid
LY-INV-HOT-NAT-00065,investment,فندق ليبوس,,,hotel_project,Point,,,13.206903,32.897114,low,integrated,Tourism investment projects KML,valid
LY-INV-HOT-NAT-00066,investment,فندق ريكسوس,,,hotel_project,Point,,,13.193808,32.859509,low,integrated,Tourism investment projects KML,valid
LY-INV-HOT-ZLI-00001,investment,فندق زليتن,,,hotel_project,Point,زليتن,زليتن,14.559985,32.475266,low,integrated,Tourism investment projects KML,valid
LY-INV-HOT-NAT-00067,investment,فندق زميت,,,hotel_project,Point,,,13.175705,32.899632,low,integrated,Tourism investment projects KML,valid
LY-INV-HOT-NAT-00068,investment,فندق زهرة الخليج,,,hotel_project,Point,,,13.171682,32.893105,low,integrated,Tourism investment projects KML,valid
LY-INV-HOT-ZUW-00003,investment,فندق زوارة,,,hotel_project,Point,زوارة,زوارة,12.099145,32.92326,low,integrated,Tourism investment projects KML,valid
LY-INV-HOT-NAT-00069,investment,فندق سرايا الليبو,,,hotel_project,Point,,,13.179074,32.893341,low,integrated,Tourism investment projects KML,valid
LY-INV-HOT-NAT-00070,investment,فندق سفاري,,,hotel_project,Point,,,15.1019467,32.3736977,low,integrated,Tourism investment projects KML,valid
LY-INV-HOT-NAT-00071,investment,فندق سفاري 2,,,hotel_project,Point,,,15.04225,32.351223,low,integrated,Tourism investment projects KML,valid
LY-INV-HOT-NAT-00072,investment,فندق سفيروس,,,hotel_project,Point,,,14.250641,32.644596,low,integrated,Tourism investment projects KML,valid
LY-INV-HOT-NAT-00073,investment,فندق شروق افريقيا,,,hotel_project,Point,,,13.182145,32.890488,low,integrated,Tourism investment projects KML,valid
LY-INV-HOT-NAT-00074,investment,فندق صحارى ليبيا,,,hotel_project,Point,,,13.162944,32.885353,low,integrated,Tourism investment projects KML,valid
LY-INV-HOT-NAT-00075,investment,فندق ضيافة ونيس,,,hotel_project,Point,,,13.173898,32.674606,low,integrated,Tourism investment projects KML,valid
LY-INV-HOT-TRI-00020,investment,فندق طرابلس الدولي,,,hotel_project,Point,طرابلس,طرابلس,13.1751286,32.8899351,low,integrated,Tourism investment projects KML,valid
LY-INV-HOT-NAT-00076,investment,فندق طليطلة,,,hotel_project,Point,,,13.203761,32.892212,low,integrated,Tourism investment projects KML,valid
LY-INV-HOT-NAT-00077,investment,فندق طيبة,,,hotel_project,Point,,,13.1718009,32.8919262,low,integrated,Tourism investment projects KML,valid
LY-INV-HOT-NAT-00078,investment,فندق عمير,,,hotel_project,Point,,,13.1723443,32.8921759,low,integrated,Tourism investment projects KML,valid
LY-INV-HOT-NAT-00079,investment,فندق عين الفرس,,,hotel_project,Point,,,9.4961384,30.1342023,low,integrated,Tourism investment projects KML,valid
LY-INV-HOT-NAT-00080,investment,فندق غابة الكشافة,,,hotel_project,Point,,,12.315046,31.951923,low,integrated,Tourism investment projects KML,valid
LY-INV-HOT-NAT-00081,investment,فندق غريان السياحي,,,hotel_project,Point,,,13.030462,32.172661,low,integrated,Tourism investment projects KML,valid
LY-INV-HOT-NAT-00082,investment,فندق قرطاج,,,hotel_project,Point,,,13.179976,32.889549,low,integrated,Tourism investment projects KML,valid
LY-INV-HOT-NAT-00083,investment,فندق قصر الظهرة,,,hotel_project,Point,,,13.193874,32.888687,low,integrated,Tourism investment projects KML,valid
LY-INV-HOT-NAT-00084,investment,فندق قصر الفيروز,,,hotel_project,Point,,,13.194599,32.853401,low,integrated,Tourism investment projects KML,valid
LY-INV-HOT-SAB-00003,investment,فندق قمر صبراتة,,,hotel_project,Point,صبراتة,صبراتة,12.486354,32.792946,low,integrated,Tourism investment projects KML,valid
LY-INV-HOT-NAT-00085,investment,فندق كونتنتال,,,hotel_project,Point,,,13.176499,32.890827,low,integrated,Tourism investment projects KML,valid
LY-INV-HOT-KHO-00004,investment,فندق لبدة السياحي الخمس,,,hotel_project,Point,الخمس,الخمس,14.2789568,32.6404567,low,integrated,Tourism investment projects KML,valid
LY-INV-HOT-NAT-00086,investment,فندق ليالي قرطاج,,,hotel_project,Point,,,13.175961,32.882137,low,integrated,Tourism investment projects KML,valid
LY-INV-HOT-NAT-00087,investment,فندق ليبيا,,,hotel_project,Point,,,13.164703,32.887112,low,integrated,Tourism investment projects KML,valid
LY-INV-HOT-NAT-00088,investment,فندق مادي الحسان,,,hotel_project,Point,,,13.178001,32.89735,low,integrated,Tourism investment projects KML,valid
LY-INV-HOT-GHA-00007,investment,فندق نجوم غدامس,,,hotel_project,Point,غدامس,غدامس,9.492831,30.130453,low,integrated,Tourism investment projects KML,valid
LY-INV-HOT-NAT-00089,investment,فندق نور الثريا,,,hotel_project,Point,,,13.1723844,32.889447,low,integrated,Tourism investment projects KML,valid
LY-INV-HOT-NAT-00090,investment,فندق واستراحة جادو,,,hotel_project,Point,,,12.087632,31.939745,low,integrated,Tourism investment projects KML,valid
LY-INV-HOT-NAT-00091,investment,فندق ومطعم الامتياز,,,hotel_project,Point,,,15.0992917,32.3543987,low,integrated,Tourism investment projects KML,valid
LY-INV-HOT-NAT-00092,investment,فندق ومطعم النزهة,,,hotel_project,Point,,,12.749993,32.757835,low,integrated,Tourism investment projects KML,valid
LY-INV-HOT-NAT-00093,investment,فندق يفرن,,,hotel_project,Point,,,12.518972,32.059994,low,integrated,Tourism investment projects KML,valid
LY-INV-HOT-TRI-00021,investment,طرابلس للشقق الفندقية,,,hotel_project,Point,طرابلس,طرابلس,13.203281,32.878799,low,integrated,Tourism investment projects KML,valid
LY-INV-REV-TRI-00001,investment,نزل طرابلس الحديث,,,review_required,Point,طرابلس,طرابلس,13.177862,32.898422,low,review_required,Tourism investment projects KML,valid
LY-INV-HOT-NAT-00094,investment,فندق الثريا السياحي,,,hotel_project,Point,,,21.53529,29.039751,low,integrated,Tourism investment projects KML,valid
LY-INV-HOT-NAT-00095,investment,فندق الأنيس,,,hotel_project,Point,,,20.058214,32.118919,low,integrated,Tourism investment projects KML,valid
LY-INV-HOT-NAT-00096,investment,فندق البتراء,,,hotel_project,Point,,,13.1737584,32.8885353,low,integrated,Tourism investment projects KML,valid
LY-INV-HOT-NAT-00097,investment,فندق البردي,,,hotel_project,Point,,,25.087399,31.753349,low,integrated,Tourism investment projects KML,valid
LY-INV-HOT-NAT-00098,investment,فندق التلال,,,hotel_project,Point,,,21.7161393,32.7598593,low,integrated,Tourism investment projects KML,valid
LY-INV-HOT-NAT-00099,investment,فندق الجبل,,,hotel_project,Point,,,15.095,32.371113,low,integrated,Tourism investment projects KML,valid
LY-INV-HOT-NAT-00100,investment,فندق الجبل الأخضر,,,hotel_project,Point,,,22.640741,32.763145,low,integrated,Tourism investment projects KML,valid
LY-INV-HOT-NAT-00101,investment,فندق الجغبوب,,,hotel_project,Point,,,23.97657,32.080338,low,integrated,Tourism investment projects KML,valid
LY-INV-HOT-NAT-00102,investment,فندق الجلاء,,,hotel_project,Point,,,23.972946,32.080662,low,integrated,Tourism investment projects KML,valid
LY-INV-HOT-NAT-00103,investment,فندق الحديقة,,,hotel_project,Point,,,13.179292,32.891087,low,integrated,Tourism investment projects KML,valid
LY-INV-HOT-NAT-00104,investment,فندق الحمام السياحي,,,hotel_project,Point,,,12.393222,32.734657,low,integrated,Tourism investment projects KML,valid
LY-INV-HOT-NAT-00105,investment,فندق الحياة,,,hotel_project,Point,,,13.176502,32.888706,low,integrated,Tourism investment projects KML,valid
LY-INV-HOT-TRI-00022,investment,فندق الخان الطرابلسي,,,hotel_project,Point,طرابلس,طرابلس,13.176539,32.898502,low,integrated,Tourism investment projects KML,valid
LY-INV-HOT-NAT-00106,investment,فندق الخليل السياحي,,,hotel_project,Point,,,12.485278,32.796391,low,integrated,Tourism investment projects KML,valid
LY-INV-HOT-NAT-00107,investment,فندق الدوحة,,,hotel_project,Point,,,13.171915,32.892017,low,integrated,Tourism investment projects KML,valid
LY-INV-HOT-NAT-00108,investment,فندق الرحاب,,,hotel_project,Point,,,13.1732458,32.8932035,low,integrated,Tourism investment projects KML,valid
LY-INV-HOT-NAT-00109,investment,فندق الزهر,,,hotel_project,Point,,,13.179107,32.896046,low,integrated,Tourism investment projects KML,valid
LY-INV-HOT-NAT-00110,investment,فندق الزيتونة,,,hotel_project,Point,,,14.0148,31.756525,low,integrated,Tourism investment projects KML,valid
LY-INV-HOT-NAT-00111,investment,فندق السرايا,,,hotel_project,Point,,,13.170639,32.888588,low,integrated,Tourism investment projects KML,valid
LY-INV-HOT-NAT-00112,investment,فندق السلام,,,hotel_project,Point,,,12.098621,32.924809,low,integrated,Tourism investment projects KML,valid
LY-INV-HOT-NAT-00113,investment,فندق السهم,,,hotel_project,Point,,,13.17269,32.892365,low,integrated,Tourism investment projects KML,valid
LY-INV-HOT-NAT-00114,investment,فندق السياحي,,,hotel_project,Point,,,13.174013,32.891529,low,integrated,Tourism investment projects KML,valid
LY-INV-HOT-TRI-00023,investment,فندق ابن الرومي,,,hotel_project,Point,طرابلس,طرابلس,13.1721514,32.8931095,low,integrated,Tourism investment projects KML,valid
LY-INV-HOT-NAT-00115,investment,فندق اجدابيا,,,hotel_project,Point,,,20.22291,30.7570668,low,integrated,Tourism investment projects KML,valid
LY-INV-HOT-MIS-00005,investment,فندق الحياة,,,hotel_project,Point,مصراتة,مصراتة,15.0838204,32.3740231,low,integrated,Tourism investment projects KML,valid
LY-INV-HOT-NAT-00116,investment,فندق الصحراوي,,,hotel_project,Point,,,12.0825,32.933887,low,integrated,Tourism investment projects KML,valid
LY-INV-HOT-MIS-00006,investment,فندق الصناعية مصراتة,,,hotel_project,Point,مصراتة,مصراتة,15.090645,32.373493,low,integrated,Tourism investment projects KML,valid
LY-INV-HOT-NAT-00117,investment,فندق العوينات,,,hotel_project,Point,,,10.566841,25.780432,low,integrated,Tourism investment projects KML,valid
LY-INV-HOT-NAT-00118,investment,فندق الفردوس,,,hotel_project,Point,,,22.637859,32.767277,low,integrated,Tourism investment projects KML,valid
LY-INV-HOT-NAT-00119,investment,فندق الفضيل,,,hotel_project,Point,,,20.049503,32.09071,low,integrated,Tourism investment projects KML,valid
LY-INV-HOT-NAT-00120,investment,فندق الفضيل رأس لانوف,,,hotel_project,Point,,,18.420834,30.589722,low,integrated,Tourism investment projects KML,valid
LY-INV-HOT-NAT-00121,investment,فندق الفلك,,,hotel_project,Point,,,23.976387,32.080894,low,integrated,Tourism investment projects KML,valid
LY-INV-HOT-NAT-00122,investment,فندق القرضابية,,,hotel_project,Point,,,16.622601,31.211296,low,integrated,Tourism investment projects KML,valid
LY-INV-HOT-NAT-00123,investment,فندق القلعة,,,hotel_project,Point,,,14.432752,27.033804,low,integrated,Tourism investment projects KML,valid
LY-INV-HOT-NAT-00124,investment,فندق الكاظم,,,hotel_project,Point,,,14.428192,27.037169,low,integrated,Tourism investment projects KML,valid
LY-INV-HOT-NAT-00125,investment,فندق الكرومة,,,hotel_project,Point,,,11.892359,31.864727,low,integrated,Tourism investment projects KML,valid
LY-INV-HOT-NAT-00126,investment,فندق المبروك,,,hotel_project,Point,,,13.1723998,32.8928497,low,integrated,Tourism investment projects KML,valid
LY-INV-HOT-KHO-00005,investment,فندق المتوسط الخمس,,,hotel_project,Point,الخمس,الخمس,14.26402,32.652981,low,integrated,Tourism investment projects KML,valid
LY-INV-HOT-BAY-00005,investment,فندق المدينة,,,hotel_project,Point,البيضاء,البيضاء,21.785664,32.767067,low,integrated,Tourism investment projects KML,valid
LY-INV-HOT-NAT-00127,investment,فندق المدينة,,,hotel_project,Point,,,16.588852,31.206654,low,integrated,Tourism investment projects KML,valid
LY-INV-HOT-NAT-00128,investment,فندق المدينة,,,hotel_project,Point,,,12.726944,32.753613,low,integrated,Tourism investment projects KML,valid
LY-INV-HOT-NAT-00129,investment,فندق المدينة,,,hotel_project,Point,,,20.22394,30.757528,low,integrated,Tourism investment projects KML,valid
LY-INV-HOT-NAT-00130,investment,فندق المرج السياحي,,,hotel_project,Point,,,20.836086,32.49588,low,integrated,Tourism investment projects KML,valid
LY-INV-HOT-NAT-00131,investment,فندق المرقب,,,hotel_project,Point,,,14.252599,32.642418,low,integrated,Tourism investment projects KML,valid
LY-INV-HOT-NAT-00132,investment,فندق المسيرة,,,hotel_project,Point,,,23.968134,32.073318,low,integrated,Tourism investment projects KML,valid
LY-INV-HOT-NAT-00133,investment,فندق المشكاة,,,hotel_project,Point,,,13.179752,32.891571,low,integrated,Tourism investment projects KML,valid
LY-INV-HOT-NAT-00134,investment,فندق المغرب العربي,,,hotel_project,Point,,,12.456023,32.7966499,low,integrated,Tourism investment projects KML,valid
LY-INV-HOT-NAT-00135,investment,فندق المنار,,,hotel_project,Point,,,13.1729455,32.891778,low,integrated,Tourism investment projects KML,valid
LY-INV-HOT-NAT-00136,investment,فندق النادي الليبي,,,hotel_project,Point,,,20.077461,32.136784,low,integrated,Tourism investment projects KML,valid
LY-INV-HOT-NAT-00137,investment,فندق النخلة السياحي,,,hotel_project,Point,,,13.196285,32.890724,low,integrated,Tourism investment projects KML,valid
LY-INV-HOT-NAT-00138,investment,فندق النخيل - مغلق,,,hotel_project,Point,,,15.938066,29.123215,low,integrated,Tourism investment projects KML,valid
LY-INV-HOT-NAT-00139,investment,فندق النوران,,,hotel_project,Point,,,20.075045,32.127663,low,integrated,Tourism investment projects KML,valid
LY-INV-HOT-NAT-00140,investment,فندق الهاروج,,,hotel_project,Point,,,15.950174,29.130289,low,integrated,Tourism investment projects KML,valid
LY-INV-HOT-NAT-00141,investment,فندق الهاني/ نزل,,,hotel_project,Point,,,13.1722217,32.8923289,low,integrated,Tourism investment projects KML,valid
LY-INV-HOT-NAT-00142,investment,فندق الهناء,,,hotel_project,Point,,,13.175102,32.8919643,low,integrated,Tourism investment projects KML,valid
LY-INV-HOT-NAT-00143,investment,فندق الهنشيري,,,hotel_project,Point,,,13.177876,32.897038,low,integrated,Tourism investment projects KML,valid
LY-INV-HOT-NAT-00144,investment,فندق الهيشة,,,hotel_project,Point,,,15.258722,31.453671,low,integrated,Tourism investment projects KML,valid
LY-INV-HOT-NAT-00145,investment,فندق الواحات,,,hotel_project,Point,,,13.168939,32.887352,low,integrated,Tourism investment projects KML,valid
LY-INV-HOT-NAT-00146,investment,فندق الوادي,,,hotel_project,Point,,,13.1806374,32.888648,low,integrated,Tourism investment projects KML,valid
LY-INV-HOT-NAT-00147,investment,فندق الياسمين,,,hotel_project,Point,,,13.1842,32.887569,low,integrated,Tourism investment projects KML,valid
LY-INV-HOT-NAT-00148,investment,فندق الياقوتة,,,hotel_project,Point,,,13.176236,32.8912782,low,integrated,Tourism investment projects KML,valid
LY-INV-HOT-NAT-00149,investment,فندق الياقوتة,,,hotel_project,Point,,,20.180843,32.249558,low,integrated,Tourism investment projects KML,valid
LY-INV-HOT-NAT-00150,investment,فندق اليقين,,,hotel_project,Point,,,13.1723093,32.8919209,low,integrated,Tourism investment projects KML,valid
LY-INV-HOT-NAT-00151,investment,فندق اليمامة,,,hotel_project,Point,,,13.1743183,32.8923215,low,integrated,Tourism investment projects KML,valid
LY-INV-HOT-NAT-00152,investment,فندق اوزو,,,hotel_project,Point,,,20.058546,32.101406,low,integrated,Tourism investment projects KML,valid
LY-INV-HOT-NAT-00153,investment,فندق ايلاف,,,hotel_project,Point,,,22.643206,32.770733,low,integrated,Tourism investment projects KML,valid
LY-INV-HOT-NAT-00154,investment,فندق أبراج المدينة,,,hotel_project,Point,,,13.1730256,32.8898923,low,integrated,Tourism investment projects KML,valid
LY-INV-HOT-NAT-00155,investment,فندق أجنحة قرطاج,,,hotel_project,Point,,,13.177596,32.890884,low,integrated,Tourism investment projects KML,valid
LY-INV-HOT-NAT-00156,investment,فندق أفريقيا,,,hotel_project,Point,,,14.438138,27.02809,low,integrated,Tourism investment projects KML,valid
LY-INV-HOT-NAT-00157,investment,فندق أفريقيا,,,hotel_project,Point,,,20.221619,30.758682,low,integrated,Tourism investment projects KML,valid
LY-INV-HOT-NAT-00158,investment,فندق أكاكوس,,,hotel_project,Point,,,10.182599,24.958349,low,integrated,Tourism investment projects KML,valid
LY-INV-HOT-NAT-00159,investment,فندق أكاكوس,,,hotel_project,Point,,,13.1914822,32.8923315,low,integrated,Tourism investment projects KML,valid
LY-INV-HOT-NAT-00160,investment,فندق أمال ليبيا,,,hotel_project,Point,,,20.23069,30.780668,low,integrated,Tourism investment projects KML,valid
LY-INV-HOT-NAT-00161,investment,فندق أوال,,,hotel_project,Point,,,13.172092,32.888886,low,integrated,Tourism investment projects KML,valid
LY-INV-HOT-NAT-00162,investment,فندق أوجلة السياحي,,,hotel_project,Point,,,21.292574,29.168243,low,integrated,Tourism investment projects KML,valid
LY-INV-HOT-NAT-00163,investment,فندق أويا,,,hotel_project,Point,,,13.1772685,32.8892155,low,integrated,Tourism investment projects KML,valid
LY-INV-HOT-NAT-00164,investment,فندق باب البحر,,,hotel_project,Point,,,13.165054,32.894688,low,integrated,Tourism investment projects KML,valid
LY-INV-HOT-NAT-00165,investment,فندق براك,,,hotel_project,Point,,,14.286153,27.53722,low,integrated,Tourism investment projects KML,valid
LY-INV-HOT-NAT-00166,investment,فندق برينيتشي,,,hotel_project,Point,,,20.059597,32.113476,low,integrated,Tourism investment projects KML,valid
LY-INV-HOT-NAT-00167,investment,فندق بلازما,,,hotel_project,Point,,,13.163955,32.88559,low,integrated,Tourism investment projects KML,valid
LY-INV-HOT-NAT-00168,investment,فندق بن يدر,,,hotel_project,Point,,,9.493617,30.130571,low,integrated,Tourism investment projects KML,valid
LY-INV-HOT-NAT-00169,investment,فندق بنت السيد,,,hotel_project,Point,,,13.175939,32.900146,low,integrated,Tourism investment projects KML,valid
LY-INV-HOT-BEN-00001,investment,فندق بنغازي,,,hotel_project,Point,بنغازي,بنغازي,20.076538,32.13039,low,integrated,Tourism investment projects KML,valid
LY-INV-HOT-NAT-00170,investment,فندق بودلغوسة,,,hotel_project,Point,,,13.178583,32.894421,low,integrated,Tourism investment projects KML,valid
LY-INV-HOT-NAT-00171,investment,فندق تابكت,,,hotel_project,Point,,,15.084174,32.373779,low,integrated,Tourism investment projects KML,valid
LY-INV-HOT-NAT-00172,investment,فندق توباكتس,,,hotel_project,Point,,,13.16473,32.88607,low,integrated,Tourism investment projects KML,valid
LY-INV-HOT-NAT-00173,investment,فندق تيبستي,,,hotel_project,Point,,,20.068462,32.11058,low,integrated,Tourism investment projects KML,valid
LY-INV-HOT-NAT-00174,investment,فندق جاكرتا,,,hotel_project,Point,,,13.1866518,32.8887047,low,integrated,Tourism investment projects KML,valid
LY-INV-HOT-NAT-00175,investment,فندق جالو السياحي,,,hotel_project,Point,,,21.545835,29.032753,low,integrated,Tourism investment projects KML,valid
LY-INV-HOT-NAT-00176,investment,فندق جرمة السياحي,,,hotel_project,Point,,,13.068645,26.526762,low,integrated,Tourism investment projects KML,valid
LY-INV-HOT-NAT-00177,investment,فندق جليانة,,,hotel_project,Point,,,20.045986,32.084225,low,integrated,Tourism investment projects KML,valid
LY-INV-HOT-NAT-00178,investment,فندق جي دبليو ماريوت,,,hotel_project,Point,,,13.164378,32.89019,low,integrated,Tourism investment projects KML,valid
LY-INV-HOT-NAT-00179,investment,فندق دار جرمة,,,hotel_project,Point,,,13.06489,26.524315,low,integrated,Tourism investment projects KML,valid
LY-INV-HOT-NAT-00180,investment,فندق دبي,,,hotel_project,Point,,,13.1738857,32.892092,low,integrated,Tourism investment projects KML,valid
LY-INV-HOT-NAT-00181,investment,فندق دوجال السياحي,,,hotel_project,Point,,,20.06068,32.122803,low,integrated,Tourism investment projects KML,valid
LY-INV-HOT-NAT-00182,investment,فندق ديار الهناء,,,hotel_project,Point,,,15.0961666,32.3739393,low,integrated,Tourism investment projects KML,valid
LY-INV-HOT-NAT-00183,investment,فندق رواسي,,,hotel_project,Point,,,15.915834,29.117167,low,integrated,Tourism investment projects KML,valid
LY-INV-HOT-NAT-00184,investment,فندق رويال,,,hotel_project,Point,,,13.1852943,32.8882638,low,integrated,Tourism investment projects KML,valid
LY-INV-HOT-NAT-00185,investment,فندق ريباس,,,hotel_project,Point,,,13.206903,32.897114,low,integrated,Tourism investment projects KML,valid
LY-INV-HOT-NAT-00186,investment,فندق ريكسوس,,,hotel_project,Point,,,13.193808,32.859509,low,integrated,Tourism investment projects KML,valid
LY-INV-HOT-ZLI-00002,investment,فندق زليتن,,,hotel_project,Point,زليتن,زليتن,14.559985,32.475266,low,integrated,Tourism investment projects KML,valid
LY-INV-HOT-NAT-00187,investment,فندق زميت,,,hotel_project,Point,,,13.175705,32.899632,low,integrated,Tourism investment projects KML,valid
LY-INV-HOT-NAT-00188,investment,فندق زهرة البطنان,,,hotel_project,Point,,,23.976208,32.083584,low,integrated,Tourism investment projects KML,valid
LY-INV-HOT-NAT-00189,investment,فندق زهرة الخليج,,,hotel_project,Point,,,13.171682,32.893105,low,integrated,Tourism investment projects KML,valid
LY-INV-HOT-ZUW-00004,investment,فندق زوارة,,,hotel_project,Point,زوارة,زوارة,12.099145,32.92326,low,integrated,Tourism investment projects KML,valid
LY-INV-HOT-NAT-00190,investment,فندق زين,,,hotel_project,Point,,,23.941698,32.0741,low,integrated,Tourism investment projects KML,valid
LY-INV-HOT-NAT-00191,investment,فندق سرايا الليبو,,,hotel_project,Point,,,13.179074,32.893341,low,integrated,Tourism investment projects KML,valid
LY-INV-HOT-NAT-00192,investment,فندق سفاري 2,,,hotel_project,Point,,,15.04225,32.351223,low,integrated,Tourism investment projects KML,valid
LY-INV-HOT-KHO-00006,investment,فندق سفيروس الخمس,,,hotel_project,Point,الخمس,الخمس,14.250641,32.644596,low,integrated,Tourism investment projects KML,valid
LY-INV-HOT-NAT-00193,investment,فندق شروق افريقيا,,,hotel_project,Point,,,13.182145,32.890488,low,integrated,Tourism investment projects KML,valid
LY-INV-HOT-NAT-00194,investment,فندق صحارى ليبيا,,,hotel_project,Point,,,13.162944,32.885353,low,integrated,Tourism investment projects KML,valid
LY-INV-HOT-NAT-00195,investment,فندق ضيافة ونيس,,,hotel_project,Point,,,13.173898,32.674606,low,integrated,Tourism investment projects KML,valid
LY-INV-HOT-NAT-00196,investment,فندق طليطلة,,,hotel_project,Point,,,13.203761,32.892212,low,integrated,Tourism investment projects KML,valid
LY-INV-HOT-NAT-00197,investment,فندق عمر الخيام,,,hotel_project,Point,,,20.056427,32.117958,low,integrated,Tourism investment projects KML,valid
LY-INV-HOT-NAT-00198,investment,فندق غابة الكشافة,,,hotel_project,Point,,,12.315046,31.951923,low,integrated,Tourism investment projects KML,valid
LY-INV-HOT-NAT-00199,investment,فندق غريان السياحي,,,hotel_project,Point,,,13.030462,32.172661,low,integrated,Tourism investment projects KML,valid
LY-INV-HOT-NAT-00200,investment,فندق فيلا النوران,,,hotel_project,Point,,,20.208708,32.107414,low,integrated,Tourism investment projects KML,valid
LY-INV-HOT-NAT-00201,investment,فندق قاطش,,,hotel_project,Point,,,22.62608,32.771667,low,integrated,Tourism investment projects KML,valid
LY-INV-HOT-NAT-00202,investment,فندق قرطاج,,,hotel_project,Point,,,13.179976,32.889549,low,integrated,Tourism investment projects KML,valid
LY-INV-HOT-BAY-00006,investment,فندق قصر البيضاء,,,hotel_project,Point,البيضاء,البيضاء,21.743811,32.762676,low,integrated,Tourism investment projects KML,valid
LY-INV-HOT-NAT-00203,investment,فندق قصر الظهرة,,,hotel_project,Point,,,13.193874,32.888687,low,integrated,Tourism investment projects KML,valid
LY-INV-HOT-NAT-00204,investment,فندق قصر الفضيل,,,hotel_project,Point,,,20.050541,32.093102,low,integrated,Tourism investment projects KML,valid
LY-INV-HOT-NAT-00205,investment,فندق قصر الفيروز,,,hotel_project,Point,,,13.194599,32.853401,low,integrated,Tourism investment projects KML,valid
LY-INV-HOT-NAT-00206,investment,فندق قصر النيل,,,hotel_project,Point,,,20.056025,32.119003,low,integrated,Tourism investment projects KML,valid
LY-INV-HOT-NAT-00207,investment,فندق قصر الواحة,,,hotel_project,Point,,,13.18655,32.888051,low,integrated,Tourism investment projects KML,valid
LY-INV-HOT-NAT-00208,investment,فندق قصور الضيافة,,,hotel_project,Point,,,16.573889,31.193056,low,integrated,Tourism investment projects KML,valid
LY-INV-HOT-NAT-00209,investment,فندق قصي للشقق المفروشة,,,hotel_project,Point,,,23.971741,32.085758,low,integrated,Tourism investment projects KML,valid
LY-INV-HOT-SAB-00004,investment,فندق قمر صبراتة,,,hotel_project,Point,صبراتة,صبراتة,12.486354,32.792946,low,integrated,Tourism investment projects KML,valid
LY-INV-HOT-NAT-00210,investment,فندق قورينا,,,hotel_project,Point,,,13.1935561,32.8909951,low,integrated,Tourism investment projects KML,valid
LY-INV-HOT-NAT-00211,investment,فندق كونتنتال,,,hotel_project,Point,,,13.176499,32.890827,low,integrated,Tourism investment projects KML,valid
LY-INV-HOT-KHO-00007,investment,فندق لؤلؤة درنة,,,hotel_project,Point,الخمس,الخمس,22.654371,32.754139,low,integrated,Tourism investment projects KML,valid
LY-INV-HOT-NAT-00212,investment,فندق ليالي قرطاج,,,hotel_project,Point,,,13.175961,32.882137,low,integrated,Tourism investment projects KML,valid
LY-INV-HOT-NAT-00213,investment,فندق ليبيا,,,hotel_project,Point,,,13.164703,32.887112,low,integrated,Tourism investment projects KML,valid
LY-INV-HOT-NAT-00214,investment,فندق مادي الحسان,,,hotel_project,Point,,,13.178001,32.89735,low,integrated,Tourism investment projects KML,valid
LY-INV-HOT-NAT-00215,investment,فندق ميزران,,,hotel_project,Point,,,13.1789116,32.8946926,low,integrated,Tourism investment projects KML,valid
LY-INV-HOT-GHA-00008,investment,فندق نجوم غدامس,,,hotel_project,Point,غدامس,غدامس,9.492831,30.130453,low,integrated,Tourism investment projects KML,valid
LY-INV-HOT-NAT-00216,investment,فندق هارون,,,hotel_project,Point,,,13.1916399,32.8905375,low,integrated,Tourism investment projects KML,valid
LY-INV-HOT-NAT-00217,investment,فندق واستراحة جادو,,,hotel_project,Point,,,12.087632,31.939745,low,integrated,Tourism investment projects KML,valid
LY-INV-HOT-NAT-00218,investment,فندق ومطعم النزهة,,,hotel_project,Point,,,12.749993,32.757835,low,integrated,Tourism investment projects KML,valid
LY-INV-HOT-NAT-00219,investment,فندق يفرن,,,hotel_project,Point,,,12.518972,32.059994,low,integrated,Tourism investment projects KML,valid
LY-INV-HOT-NAT-00220,investment,الفندق السياحي,,,hotel_project,Point,,,15.091389,32.375557,low,integrated,Tourism investment projects KML,valid
LY-INV-HOT-NAT-00221,investment,الفندق القديم,,,hotel_project,Point,,,20.891672,32.500561,low,integrated,Tourism investment projects KML,valid
LY-INV-HOT-NAT-00222,investment,الفندق الكبير,,,hotel_project,Point,,,20.060369,32.114559,low,integrated,Tourism investment projects KML,valid
LY-INV-REV-NAT-00001,investment,القرية السياحية قاريونس,,,review_required,Point,,,20.037174,32.060608,low,review_required,Tourism investment projects KML,valid
LY-INV-HOT-TRI-00024,investment,طرابلس للشقق الفندقية,,,hotel_project,Point,طرابلس,طرابلس,13.203281,32.878799,low,integrated,Tourism investment projects KML,valid
LY-INV-REV-NAT-00002,investment,نزل المدينة,,,review_required,Point,,,10.176822,24.964026,low,review_required,Tourism investment projects KML,valid
LY-INV-REV-NAT-00003,investment,نزل أمباي,,,review_required,Point,,,13.521364,26.079599,low,review_required,Tourism investment projects KML,valid
LY-INV-REV-NAT-00004,investment,نزل بيروت,,,review_required,Point,,,13.1749888,32.8918641,low,review_required,Tourism investment projects KML,valid
LY-INV-REV-TRI-00002,investment,نزل طرابلس الحديث,,,review_required,Point,طرابلس,طرابلس,13.177862,32.898422,low,review_required,Tourism investment projects KML,valid
LY-INV-REV-NAT-00005,investment,نزل مرحبا,,,review_required,Point,,,13.1935209,32.8919963,low,review_required,Tourism investment projects KML,valid
LY-INV-HOT-NAT-00223,investment,الماسة للشقق الفندقية,,,hotel_project,Point,,,15.0987266,32.3568465,low,integrated,Tourism investment projects KML,valid
LY-INV-HOT-SEB-00002,investment,فندق فزان,,,hotel_project,Point,سبها,سبها,14.42566,27.04336,low,integrated,Tourism investment projects KML,valid
LY-INV-HOT-NAT-00224,investment,فندق المختار,,,hotel_project,Point,,,13.1715279,32.8921534,low,integrated,Tourism investment projects KML,valid
LY-INV-HOT-NAT-00225,investment,فندق قصر كاباو,,,hotel_project,Point,,,11.32759,31.845286,low,integrated,Tourism investment projects KML,valid
LY-INV-HOT-DER-00001,investment,فندق الأفريقي,,,hotel_project,Point,درنة,درنة,22.664324,32.75209,low,integrated,Tourism investment projects KML,valid
LY-INV-HOT-TRI-00025,investment,فندق قرطاج السياحى1,,,hotel_project,Point,طرابلس,طرابلس,13.175625,32.887489,low,integrated,Tourism investment projects KML,valid
LY-INV-HOT-TRI-00026,investment,فندق السارة,,,hotel_project,Point,طرابلس,طرابلس,13.173311,32.887004,low,integrated,Tourism investment projects KML,valid
LY-INV-HOT-TRI-00027,investment,فندق الفصول الاربعة 3,,,hotel_project,Point,طرابلس,طرابلس,13.17393,32.889742,low,integrated,Tourism investment projects KML,valid
LY-INV-HOT-TRI-00028,investment,فندق أوال,,,hotel_project,Point,طرابلس,طرابلس,13.1718143,32.8878386,low,integrated,Tourism investment projects KML,valid
LY-INV-HOT-TRI-00029,investment,فندق المتوسط,,,hotel_project,Point,طرابلس,طرابلس,13.184983,32.8892822,low,integrated,Tourism investment projects KML,valid
LY-INV-HOT-TRI-00030,investment,فندق صحراء ليبيا,,,hotel_project,Point,طرابلس,طرابلس,13.163043,32.88532,low,integrated,Tourism investment projects KML,valid
LY-INV-HOT-TRI-00031,investment,فندق قرطاج السياحى2,,,hotel_project,Point,طرابلس,طرابلس,13.1752506,32.8874305,low,integrated,Tourism investment projects KML,valid
LY-INV-HOT-TRI-00032,investment,فندق التوفيق 2,,,hotel_project,Point,طرابلس,طرابلس,13.193296,32.891418,low,integrated,Tourism investment projects KML,valid
LY-INV-HOT-TRI-00033,investment,فندق النعيم,,,hotel_project,Point,طرابلس,طرابلس,13.246278,32.890007,low,integrated,Tourism investment projects KML,valid
LY-INV-HOT-TRI-00034,investment,فندق الخليج,,,hotel_project,Point,طرابلس,طرابلس,13.171983,32.892891,low,integrated,Tourism investment projects KML,valid
LY-INV-HOT-TRI-00035,investment,فندق نور الثرياء,,,hotel_project,Point,طرابلس,طرابلس,13.172246,32.889765,low,integrated,Tourism investment projects KML,valid
LY-INV-REV-TRI-00003,investment,نزل كيلو بتراء,,,review_required,Point,طرابلس,طرابلس,13.192921,32.8921349,low,review_required,Tourism investment projects KML,valid
LY-INV-HOT-TRI-00036,investment,فندق الفصول الاربعة 2,,,hotel_project,Point,طرابلس,طرابلس,13.1739232,32.891864,low,integrated,Tourism investment projects KML,valid
LY-INV-HOT-TRI-00037,investment,فندق السفير,,,hotel_project,Point,طرابلس,طرابلس,13.172765,32.8912822,low,integrated,Tourism investment projects KML,valid
LY-INV-HOT-TRI-00038,investment,فندق الثريا,,,hotel_project,Point,طرابلس,طرابلس,13.172944,32.891377,low,integrated,Tourism investment projects KML,valid
LY-INV-HOT-TRI-00039,investment,فندق الشاطئ الذهبى,,,hotel_project,Point,طرابلس,طرابلس,13.1625194,32.8863583,low,integrated,Tourism investment projects KML,valid
LY-INV-HOT-TRI-00040,investment,فندق الصافي,,,hotel_project,Point,طرابلس,طرابلس,13.1740356,32.8893511,low,integrated,Tourism investment projects KML,valid
LY-INV-HOT-TRI-00041,investment,فندق بوابة أفريقيا,,,hotel_project,Point,طرابلس,طرابلس,13.1763095,32.8885476,low,integrated,Tourism investment projects KML,valid
LY-INV-HOT-TRI-00042,investment,فندق الفصول الابعة 1,,,hotel_project,Point,طرابلس,طرابلس,13.173452,32.890845,low,integrated,Tourism investment projects KML,valid
LY-INV-HOT-TRI-00043,investment,فندق سفارى,,,hotel_project,Point,طرابلس,طرابلس,13.1711906,32.8931445,low,integrated,Tourism investment projects KML,valid
LY-INV-HOT-TRI-00044,investment,فندق زهرة الخليج,,,hotel_project,Point,طرابلس,طرابلس,13.1720159,32.8931501,low,integrated,Tourism investment projects KML,valid
LY-INV-HOT-TRI-00045,investment,فندق السلاسل الذهبية,,,hotel_project,Point,طرابلس,طرابلس,13.16218,32.885084,low,integrated,Tourism investment projects KML,valid
LY-INV-HOT-TRI-00046,investment,فندق بلازما,,,hotel_project,Point,طرابلس,طرابلس,13.163823,32.885736,low,integrated,Tourism investment projects KML,valid
LY-INV-HOT-TRI-00047,investment,فندق النورس,,,hotel_project,Point,طرابلس,طرابلس,13.1926886,32.8912918,low,integrated,Tourism investment projects KML,valid
LY-INV-HOT-TRI-00048,investment,فندق التوفيق 1,,,hotel_project,Point,طرابلس,طرابلس,13.1928056,32.8911975,low,integrated,Tourism investment projects KML,valid
LY-INV-HOT-TRI-00049,investment,فندق اليسر,,,hotel_project,Point,طرابلس,طرابلس,13.193206,32.892294,low,integrated,Tourism investment projects KML,valid
LY-INV-HOT-TRI-00050,investment,فندق الخيام العربية,,,hotel_project,Point,طرابلس,طرابلس,13.1940483,32.890968,low,integrated,Tourism investment projects KML,valid
LY-INV-HOT-TRI-00051,investment,فندق توباكتس,,,hotel_project,Point,طرابلس,طرابلس,13.164341,32.886222,low,integrated,Tourism investment projects KML,valid
LY-INV-HOT-TRI-00052,investment,فندق الرشيد,,,hotel_project,Point,طرابلس,طرابلس,13.170814,32.889625,low,integrated,Tourism investment projects KML,valid
LY-INV-HOT-NAT-00226,investment,فندق أسامة,,,hotel_project,Point,,,13.175385,32.8876882,low,integrated,Tourism investment projects KML,valid
LY-INV-HOT-TRI-00053,investment,فندق الزيتونة,,,hotel_project,Point,طرابلس,طرابلس,13.1920339,32.8906349,low,integrated,Tourism investment projects KML,valid
LY-INV-HOT-TRI-00054,investment,فندق ريباس,,,hotel_project,Point,طرابلس,طرابلس,13.207075,32.897097,low,integrated,Tourism investment projects KML,valid
LY-INV-HOT-TRI-00055,investment,فندق طليطلة,,,hotel_project,Point,طرابلس,طرابلس,13.200475,32.892241,low,integrated,Tourism investment projects KML,valid
LY-INV-HOT-SAB-00005,investment,فندق صبراتة,,,hotel_project,Point,صبراتة,صبراتة,13.1740441,32.8922209,low,integrated,Tourism investment projects KML,valid
LY-INV-HOT-NAT-00227,investment,فندق تاج,,,hotel_project,Point,,,13.1731117,32.8922796,low,integrated,Tourism investment projects KML,valid
LY-INV-HOT-NAT-00228,investment,فندق الكندي,,,hotel_project,Point,,,13.17305,32.8923765,low,integrated,Tourism investment projects KML,valid
LY-INV-HOT-NAT-00229,investment,فندق أضواء قرطاج,,,hotel_project,Point,,,13.1726163,32.8922677,low,integrated,Tourism investment projects KML,valid
LY-INV-HOT-NAT-00230,investment,فندق البشير,,,hotel_project,Point,,,13.1716706,32.891744,low,integrated,Tourism investment projects KML,valid
LY-INV-HOT-NAT-00231,investment,فندق الهاني,,,hotel_project,Point,,,13.1714031,32.8926098,low,integrated,Tourism investment projects KML,valid
LY-INV-HOT-NAT-00232,investment,فندق القنصل فندق القنصل,,,hotel_project,Point,,,13.1713689,32.8923043,low,integrated,Tourism investment projects KML,valid
LY-INV-HOT-NAT-00233,investment,فندق الجبل الاخضر,,,hotel_project,Point,,,13.1726831,32.894653,low,integrated,Tourism investment projects KML,valid
LY-INV-REV-NAT-00006,investment,الفتح,,,review_required,Point,,,13.1735296,32.8942127,low,review_required,Tourism investment projects KML,valid
LY-INV-HOT-TRI-00056,investment,فندق قصر ليبيا,,,hotel_project,Point,طرابلس,طرابلس,13.1942321,32.8931426,low,integrated,Tourism investment projects KML,valid
LY-INV-REV-NAT-00007,investment,Hotel Haroun 2,,,review_required,Point,,,13.1937607,32.8927146,low,review_required,Tourism investment projects KML,valid
LY-INV-HOT-NAT-00234,investment,فندق الغزالة,,,hotel_project,Point,,,13.1896398,32.8931827,low,integrated,Tourism investment projects KML,valid
LY-INV-HOT-TRI-00057,investment,فندق كيان طرابلس,,,hotel_project,Point,طرابلس,طرابلس,13.1947142,32.8905545,low,integrated,Tourism investment projects KML,valid
LY-INV-HOT-NAT-00235,investment,فندق الديوان,,,hotel_project,Point,,,13.1774381,32.8878424,low,integrated,Tourism investment projects KML,valid
LY-INV-HOT-NAT-00236,investment,فندق نيو ستي New City hotel,,,hotel_project,Point,,,13.176395,32.8879439,low,integrated,Tourism investment projects KML,valid
LY-INV-HOT-NAT-00237,investment,فندق الدالي,,,hotel_project,Point,,,13.1747996,32.8879432,low,integrated,Tourism investment projects KML,valid
LY-INV-REV-NAT-00008,investment,زهرة الشمس,,,review_required,Point,,,13.1762696,32.8896902,low,review_required,Tourism investment projects KML,valid
LY-INV-HOT-TRI-00058,investment,فندق ضيافة طرابلس,,,hotel_project,Point,طرابلس,طرابلس,13.176255,32.8898242,low,integrated,Tourism investment projects KML,valid
LY-INV-HOT-NAT-00238,investment,فندق الفتح شارع الرشيد,,,hotel_project,Point,,,13.17786,32.88945,low,integrated,Tourism investment projects KML,valid
LY-INV-HOT-NAT-00239,investment,فندق بلخير,,,hotel_project,Point,,,13.1773658,32.8907858,low,integrated,Tourism investment projects KML,valid
LY-INV-HOT-NAT-00240,investment,فندق السرايا,,,hotel_project,Point,,,13.175881,32.8916346,low,integrated,Tourism investment projects KML,valid
LY-INV-HOT-NAT-00241,investment,فندق الوحدة العربية,,,hotel_project,Point,,,13.1748524,32.8917214,low,integrated,Tourism investment projects KML,valid
LY-INV-HOT-NAT-00242,investment,فندق الكنوز الذهبية,,,hotel_project,Point,,,13.1743796,32.8913495,low,integrated,Tourism investment projects KML,valid
LY-INV-HOT-NAT-00243,investment,فندق الوطن العربي,,,hotel_project,Point,,,13.1740089,32.8937076,low,integrated,Tourism investment projects KML,valid
LY-INV-HOT-NAT-00244,investment,فندق الشراع,,,hotel_project,Point,,,13.1729514,32.8921902,low,integrated,Tourism investment projects KML,valid
LY-INV-REV-TRI-00004,investment,الحبايب,,,review_required,Point,طرابلس,طرابلس,15.084422,32.371804,low,review_required,Tourism investment projects KML,valid
LY-INV-HOT-MIS-00007,investment,هوم بلازا_للشقق الفندقية,,,hotel_project,Point,مصراتة,مصراتة,15.0775397,32.3753528,low,integrated,Tourism investment projects KML,valid
LY-INV-HOT-NAT-00245,investment,فندق الرحال,,,hotel_project,Point,,,15.0822656,32.3806625,low,integrated,Tourism investment projects KML,valid
LY-INV-HOT-MIS-00008,investment,الوادي 2 للشقق الفندقية,,,hotel_project,Point,مصراتة,مصراتة,15.0871152,32.387677,low,integrated,Tourism investment projects KML,valid
LY-INV-HOT-NAT-00246,investment,الأطلس للشقق الفندقية,,,hotel_project,Point,,,15.0868561,32.3879622,low,integrated,Tourism investment projects KML,valid
LY-INV-HOT-MIS-00009,investment,الفاخر للشقق الفندقية,,,hotel_project,Point,مصراتة,مصراتة,15.1081937,32.3852196,low,integrated,Tourism investment projects KML,valid
LY-INV-HOT-NAT-00247,investment,فندق بيزا السياحي,,,hotel_project,Point,,,15.115341,32.4023253,low,integrated,Tourism investment projects KML,valid
LY-INV-HOT-NAT-00248,investment,فندق قوز التيك,,,hotel_project,Point,,,15.083572,32.3802154,low,integrated,Tourism investment projects KML,valid
LY-INV-HOT-NAT-00249,investment,النجمة الذهبية لشقق الفندقية,,,hotel_project,Point,,,15.0937323,32.3757126,low,integrated,Tourism investment projects KML,valid
LY-INV-REV-TRI-00005,investment,الفخامه للشقق المفروشه,,,review_required,Point,طرابلس,طرابلس,12.4785845,32.7942777,low,review_required,Tourism investment projects KML,valid
LY-INV-REV-NAT-00009,investment,اوس لشقق المفروشه,,,review_required,Point,,,12.4773899,32.7951705,low,review_required,Tourism investment projects KML,valid
LY-INV-HOT-SAB-00006,investment,فندق الساحل,,,hotel_project,Point,صبراتة,صبراتة,12.4346148,32.8018422,low,integrated,Tourism investment projects KML,valid
LY-INV-HOT-NAT-00250,investment,فندق الشاطىء الذهبي,,,hotel_project,Point,,,13.163174,32.885551,low,integrated,Tourism investment projects KML,valid
LY-INV-HOT-NAT-00251,investment,الجوهرة للشقق الفندقية,,,hotel_project,Point,,,20.22385,30.7575,low,integrated,Tourism investment projects KML,valid
LY-INV-HOT-NAT-00252,investment,فندق اجدابيا السياحي,,,hotel_project,Point,,,20.223,30.75706,low,integrated,Tourism investment projects KML,valid
LY-INV-HOT-NAT-00253,investment,فندق الراحة اجدابيا,,,hotel_project,Point,,,20.1988509669461,30.760416719515,low,integrated,Tourism investment projects KML,valid
LY-INV-HOT-NAT-00254,investment,عمار او المجد للشقق الفندقية,,,hotel_project,Point,,,20.221715,30.760196,low,integrated,Tourism investment projects KML,valid
LY-INV-HOT-NAT-00255,investment,فندق مزايا اجدابيا,,,hotel_project,Point,,,20.221715,30.760196,low,integrated,Tourism investment projects KML,valid
LY-INV-HOT-NAT-00256,investment,فندق التوجان السياحي,,,hotel_project,Point,,,20.233088,30.761777,low,integrated,Tourism investment projects KML,valid
LY-INV-HOT-TOB-00004,investment,نزل وقاعة الهاشمي,,,hotel_project,Point,طبرق,طبرق,23.93866044,32.0344745,low,integrated,Tourism investment projects KML,valid
LY-INV-REV-NAT-00010,investment,نزل وقاعة زهرة الخليج,,,review_required,Point,,,23.96997993,32.02618042,low,review_required,Tourism investment projects KML,valid
LY-INV-HOT-TOB-00005,investment,الهضبة للشقق الفندقية,,,hotel_project,Point,طبرق,طبرق,23.97583881,32.07927549,low,integrated,Tourism investment projects KML,valid
LY-INV-HOT-TOB-00006,investment,الامان للشقق الفندقية,,,hotel_project,Point,طبرق,طبرق,23.93943131,32.07351395,low,integrated,Tourism investment projects KML,valid
LY-INV-HOT-TOB-00007,investment,نزل ماريا MARIYA,,,hotel_project,Point,طبرق,طبرق,23.99551,32.03109,low,integrated,Tourism investment projects KML,valid
LY-INV-HOT-NAT-00257,investment,فندق الرابطة,,,hotel_project,Point,,,13.0145,32.16981,low,integrated,Tourism investment projects KML,valid
LY-INV-HOT-NAT-00258,investment,فندق سمر قند,,,hotel_project,Point,,,13.0097734,32.1679087,low,integrated,Tourism investment projects KML,valid
LY-INV-HOT-NAT-00259,investment,فندق غريان السياحي,,,hotel_project,Point,,,13.03046,32.17267,low,integrated,Tourism investment projects KML,valid
LY-INV-HOT-NAT-00260,investment,فندق روايال غريان,,,hotel_project,Point,,,13.023293,32.177538,low,integrated,Tourism investment projects KML,valid
LY-INV-HOT-NAT-00261,investment,فندق حوش بوغنوش,,,hotel_project,Point,,,13.0105374,32.2111368,low,integrated,Tourism investment projects KML,valid
LY-INV-HOT-NAT-00262,investment,فندق اللؤلؤة السياحي البضاء,,,hotel_project,Point,,,21.73757862,32.75895966,low,integrated,Tourism investment projects KML,valid
LY-INV-HOT-BAY-00007,investment,فندق لؤلؤة الخليج البيضاء,,,hotel_project,Point,البيضاء,البيضاء,21.77686134,32.76512885,low,integrated,Tourism investment projects KML,valid
LY-INV-HOT-BAY-00008,investment,فندق قصر البيضاء,,,hotel_project,Point,البيضاء,البيضاء,21.73796,32.75924,low,integrated,Tourism investment projects KML,valid
LY-INV-HOT-BAY-00009,investment,فندق القاهرة البيضاء,,,hotel_project,Point,البيضاء,البيضاء,21.74344,32.76199,low,integrated,Tourism investment projects KML,valid
LY-INV-HOT-BAY-00010,investment,النوران_ للشقق_الفندقية,,,hotel_project,Point,البيضاء,البيضاء,21.7382384,32.7686802,low,integrated,Tourism investment projects KML,valid
LY-INV-HOT-BAY-00011,investment,مكة للشقق الفندقية البيضاء,,,hotel_project,Point,البيضاء,البيضاء,21.7528908,32.7602407,low,integrated,Tourism investment projects KML,valid
LY-INV-HOT-BAY-00012,investment,برج المدينة للشقق الفندقية البيضاء,,,hotel_project,Point,البيضاء,البيضاء,21.7881184,32.7696656,low,integrated,Tourism investment projects KML,valid
LY-INV-HOT-BAY-00013,investment,فندق اية الجبل البيضاء,,,hotel_project,Point,البيضاء,البيضاء,21.754817,32.763852,low,integrated,Tourism investment projects KML,valid
LY-INV-HOT-NAT-00263,investment,فندق برقة السياحي,,,hotel_project,Point,,,21.7567193,32.765152,low,integrated,Tourism investment projects KML,valid
LY-INV-HOT-BAY-00014,investment,فندق افريقيا البيضاء,,,hotel_project,Point,البيضاء,البيضاء,21.7549977,32.7641295,low,integrated,Tourism investment projects KML,valid
LY-INV-HOT-BAY-00015,investment,فندق برونتو البيضاء,,,hotel_project,Point,البيضاء,البيضاء,21.771261,32.770748,low,integrated,Tourism investment projects KML,valid
LY-INV-HOT-NAT-00264,investment,عمارة الجوري للشقق الفندقية,,,hotel_project,Point,,,21.75352,32.75384,low,integrated,Tourism investment projects KML,valid
LY-INV-HOT-BAY-00016,investment,فندق العنود البيضاء,,,hotel_project,Point,البيضاء,البيضاء,21.75517,32.76448,low,integrated,Tourism investment projects KML,valid
LY-INV-HOT-BAY-00017,investment,فندق الفردوس للشقق الفندقية,,,hotel_project,Point,البيضاء,البيضاء,21.7475863,32.7642035,low,integrated,Tourism investment projects KML,valid
LY-INV-HOT-BAY-00018,investment,فندق قصر الضيافة للشقق الفندقية البيضاء,,,hotel_project,Point,البيضاء,البيضاء,21.729493,32.762472,low,integrated,Tourism investment projects KML,valid
LY-INV-HOT-BAY-00019,investment,فندق مرحبا للخدمات السياحية,,,hotel_project,Point,البيضاء,البيضاء,21.788587,32.7682006,low,integrated,Tourism investment projects KML,valid
LY-INV-HOT-BAY-00020,investment,عمارة اضواء ليبيا للشقق الفندقية البيضاء,,,hotel_project,Point,البيضاء,البيضاء,21.79002669,32.7703838,low,integrated,Tourism investment projects KML,valid
LY-INV-HOT-TRI-00059,investment,فندق الاندلس السياحي الخمس,,,hotel_project,Point,طرابلس,طرابلس,14.2777119,32.6326796,low,integrated,Tourism investment projects KML,valid
LY-INV-HOT-KHO-00008,investment,فندق المرقب السياحي الخمس,,,hotel_project,Point,الخمس,الخمس,14.2824311,32.6297785,low,integrated,Tourism investment projects KML,valid
LY-INV-HOT-KHO-00009,investment,فندق التوليب السياحي الخمس,,,hotel_project,Point,الخمس,الخمس,14.2492876,32.6508044,low,integrated,Tourism investment projects KML,valid
LY-INV-HOT-KHO-00010,investment,فندق بيت سباب الخمس,,,hotel_project,Point,الخمس,الخمس,14.24756,32.648142,low,integrated,Tourism investment projects KML,valid
LY-INV-HOT-KHO-00011,investment,فندق الاخوة السياحي الخمس,,,hotel_project,Point,الخمس,الخمس,14.2631514,32.6551959,low,integrated,Tourism investment projects KML,valid
LY-INV-HOT-NAT-00265,investment,فندق الليلك,,,hotel_project,Point,,,13.196468,32.89431,low,integrated,Tourism investment projects KML,valid
LY-INV-REV-NAT-00011,investment,أبوزاهية,,,review_required,Polygon,,,16.759613760354203,31.20977124850486,low,review_required,Tourism investment projects KML,valid
LY-INV-REV-NAT-00012,investment,زعفران,,,review_required,Polygon,,,16.420665173062382,31.21410490336048,low,review_required,Tourism investment projects KML,valid
LY-INV-REV-NAT-00013,investment,القبيبة,,,review_required,Polygon,,,16.331143520851423,31.221423834441296,low,review_required,Tourism investment projects KML,valid
LY-INV-REV-NAT-00014,investment,سلطان,,,review_required,Polygon,,,17.145257468918494,31.12147864513516,low,review_required,Tourism investment projects KML,valid
LY-INV-REV-NAT-00015,investment,النقازة,,,review_required,Polygon,,,14.108146057897788,32.715036179280155,low,review_required,Tourism investment projects KML,valid
LY-INV-REV-NAT-00016,investment,غنيمة,,,review_required,Polygon,,,14.066932941067567,32.72090492442937,low,review_required,Tourism investment projects KML,valid
LY-INV-REV-NAT-00017,investment,فلفول,,,review_required,Polygon,,,14.081778122001458,32.7181114615485,low,review_required,Tourism investment projects KML,valid
LY-INV-REV-NAT-00018,investment,فيللا سيلين,,,review_required,Polygon,,,14.157454205063498,32.708990785671915,low,review_required,Tourism investment projects KML,valid
LY-INV-REV-NAT-00019,investment,قريم,,,review_required,Polygon,,,14.007110174880932,32.72937151229321,low,review_required,Tourism investment projects KML,valid
LY-INV-REV-NAT-00020,investment,الطويبية,,,review_required,Polygon,,,14.438333106385581,32.54413894759187,low,review_required,Tourism investment projects KML,valid
LY-INV-REV-NAT-00021,investment,هانيبال,,,review_required,Polygon,,,14.280520830728557,32.64374598090033,low,review_required,Tourism investment projects KML,valid
LY-INV-REV-NAT-00022,investment,ماتشوك,,,review_required,Polygon,,,12.029082514898557,32.970431433352445,low,review_required,Tourism investment projects KML,valid
LY-INV-REV-NAT-00023,investment,ملليتة-2,,,review_required,Polygon,,,12.345143747255534,32.821983703744664,low,review_required,Tourism investment projects KML,valid
LY-INV-REV-NAT-00024,investment,ملليتة-1,,,review_required,Polygon,,,12.33226541820556,32.812647011447275,low,review_required,Tourism investment projects KML,valid
LY-INV-REV-NAT-00025,investment,تلليل-غرب,,,review_required,Polygon,,,12.36107622234059,32.81923806554237,low,review_required,Tourism investment projects KML,valid
LY-INV-REV-NAT-00026,investment,تلليل-شرق,,,review_required,Polygon,,,12.393534338270824,32.81071003351727,low,review_required,Tourism investment projects KML,valid
LY-INV-REV-NAT-00027,investment,الجرف,,,review_required,Polygon,,,12.408989590542564,32.81416351240384,low,review_required,Tourism investment projects KML,valid
LY-INV-REV-NAT-00028,investment,صرمان,,,review_required,Polygon,,,12.566598396740007,32.79397495882846,low,review_required,Tourism investment projects KML,valid
LY-INV-REV-NAT-00029,investment,المطرد,,,review_required,Polygon,,,12.620938626243747,32.79247716248719,low,review_required,Tourism investment projects KML,valid
LY-INV-REV-NAT-00030,investment,السياحية,,,review_required,Polygon,,,13.00438847694046,32.83560914657707,low,review_required,Tourism investment projects KML,valid
LY-INV-REV-NAT-00031,investment,أوياء,,,review_required,Polygon,,,13.01710707902823,32.83948137556684,low,review_required,Tourism investment projects KML,valid
LY-INV-REV-NAT-00032,investment,جنزور-1,,,review_required,Polygon,,,13.001189741416988,32.83501847846853,low,review_required,Tourism investment projects KML,valid
LY-INV-REV-NAT-00033,investment,جنزور-2,,,review_required,Polygon,,,12.99758601815993,32.834192172672225,low,review_required,Tourism investment projects KML,valid
LY-INV-REV-NAT-00034,investment,جنزور-3,,,review_required,Polygon,,,12.994218413580137,32.83276142970508,low,review_required,Tourism investment projects KML,valid
LY-INV-REV-NAT-00035,investment,سيدي عبدالجليل-1,,,review_required,Polygon,,,13.036020201326398,32.847717631492195,low,review_required,Tourism investment projects KML,valid
LY-INV-REV-NAT-00036,investment,سيدي عبدالجليل-2,,,review_required,Polygon,,,13.034519738820352,32.847372052331956,low,review_required,Tourism investment projects KML,valid
LY-INV-REV-NAT-00037,investment,سيدي عبدالجليل-3,,,review_required,Polygon,,,13.03333662889013,32.84692227626642,low,review_required,Tourism investment projects KML,valid
LY-INV-REV-NAT-00038,investment,سيدي عبدالجليل-4,,,review_required,Polygon,,,13.030821305687168,32.84616012756176,low,review_required,Tourism investment projects KML,valid
LY-INV-REV-NAT-00039,investment,سيدي عبدالجليل-5,,,review_required,Polygon,,,13.028258413812289,32.84501484849956,low,review_required,Tourism investment projects KML,valid
LY-INV-REV-NAT-00040,investment,سيدي عبدالجليل-6,,,review_required,Polygon,,,13.026221137868012,32.84383892396949,low,review_required,Tourism investment projects KML,valid
LY-INV-REV-TRI-00006,investment,محطة غرب طرابلس,,,review_required,Polygon,طرابلس,طرابلس,12.983909655474285,32.83029434476458,low,review_required,Tourism investment projects KML,valid
LY-INV-REV-NAT-00041,investment,مصيف جربة,,,review_required,Polygon,,,12.99014128046232,32.83154878634413,low,review_required,Tourism investment projects KML,valid
LY-INV-REV-NAT-00042,investment,مصيف جنزور-1,,,review_required,Polygon,,,13.024687258631443,32.84222411457873,low,review_required,Tourism investment projects KML,valid
LY-INV-REV-NAT-00043,investment,مصيف جنزور-2,,,review_required,Polygon,,,13.022323368583525,32.84102525020911,low,review_required,Tourism investment projects KML,valid
LY-INV-REV-NAT-00044,investment,الغيران,,,review_required,Polygon,,,13.052798072084972,32.847198983904,low,review_required,Tourism investment projects KML,valid
LY-INV-REV-NAT-00045,investment,حي الأندلس-2,,,review_required,Polygon,,,13.145649407491256,32.88081229759653,low,review_required,Tourism investment projects KML,valid
LY-INV-REV-NAT-00046,investment,حي الأندلس-1,,,review_required,Polygon,,,13.150047452570963,32.8807533298437,low,review_required,Tourism investment projects KML,valid
LY-INV-REV-NAT-00047,investment,الدلفين,,,review_required,Polygon,,,13.275305255880856,32.90886096454372,low,review_required,Tourism investment projects KML,valid
LY-INV-REV-NAT-00048,investment,النادي البحري,,,review_required,Polygon,,,13.236903445166345,32.90981569216583,low,review_required,Tourism investment projects KML,valid
LY-INV-REV-NAT-00049,investment,شاطيء النخيل,,,review_required,Polygon,,,13.242939938812267,32.90964114108908,low,review_required,Tourism investment projects KML,valid
LY-INV-REV-NAT-00050,investment,الدخلة الشمالية,,,review_required,Polygon,,,13.389955653787695,32.89458174952074,low,review_required,Tourism investment projects KML,valid
LY-INV-REV-NAT-00051,investment,الدخلة الجنوبية,,,review_required,Polygon,,,13.393326093971941,32.8913209146466,low,review_required,Tourism investment projects KML,valid
LY-INV-REV-NAT-00052,investment,الفوار,,,review_required,Polygon,,,13.313186205163218,32.89897625771524,low,review_required,Tourism investment projects KML,valid
LY-INV-REV-NAT-00053,investment,الجولف,,,review_required,Polygon,,,13.325810723925114,32.895248513872886,low,review_required,Tourism investment projects KML,valid
LY-INV-REV-NAT-00054,investment,الحرية,,,review_required,Polygon,,,13.342192461448713,32.895167435069865,low,review_required,Tourism investment projects KML,valid
LY-INV-REV-NAT-00055,investment,المنارة,,,review_required,Polygon,,,13.383067614528072,32.89584885598162,low,review_required,Tourism investment projects KML,valid
LY-INV-REV-NAT-00056,investment,الحميدية,,,review_required,Polygon,,,13.399700905781636,32.88261229119096,low,review_required,Tourism investment projects KML,valid
LY-INV-REV-NAT-00057,investment,مصيف تاجوراء,,,review_required,Polygon,,,13.414295442499387,32.87043502486065,low,review_required,Tourism investment projects KML,valid
LY-INV-REV-NAT-00058,investment,النصر,,,review_required,Polygon,,,13.442089086324705,32.85642755276085,low,review_required,Tourism investment projects KML,valid
LY-INV-REV-NAT-00059,investment,الأندلسي,,,review_required,Polygon,,,13.361880934424926,32.8952160534566,low,review_required,Tourism investment projects KML,valid
LY-INV-REV-NAT-00060,investment,النشيع,,,review_required,Polygon,,,13.552050014803093,32.81099994716297,low,review_required,Tourism investment projects KML,valid
LY-INV-REV-NAT-00061,investment,غوط الرمان,,,review_required,Polygon,,,13.502958052476654,32.83049562371544,low,review_required,Tourism investment projects KML,valid
LY-INV-REV-NAT-00062,investment,السليسلة,,,review_required,Polygon,,,13.572903018161572,32.80081817141942,low,review_required,Tourism investment projects KML,valid
LY-INV-REV-NAT-00063,investment,العطايا,,,review_required,Polygon,,,13.699979024331538,32.78973470042477,low,review_required,Tourism investment projects KML,valid
LY-INV-REV-NAT-00064,investment,الكراوة-3,,,review_required,Polygon,,,13.721030440048619,32.79112969599457,low,review_required,Tourism investment projects KML,valid
LY-INV-REV-NAT-00065,investment,الكراوة-1,,,review_required,Polygon,,,13.80703585804262,32.78399256146536,low,review_required,Tourism investment projects KML,valid
LY-INV-REV-NAT-00066,investment,الكراوة-2,,,review_required,Polygon,,,13.778859997310306,32.787080120217716,low,review_required,Tourism investment projects KML,valid
LY-INV-REV-NAT-00067,investment,سيدي عمير-1,,,review_required,Polygon,,,13.83543006199671,32.784326919273354,low,review_required,Tourism investment projects KML,valid
LY-INV-REV-NAT-00068,investment,سيدي عمير-2,,,review_required,Polygon,,,13.892323223451767,32.77730329067146,low,review_required,Tourism investment projects KML,valid
LY-INV-REV-NAT-00069,investment,المثلث الرملي,,,review_required,Polygon,,,13.743310229986347,32.78581836340371,low,review_required,Tourism investment projects KML,valid
LY-INV-REV-NAT-00070,investment,الشعاب,,,review_required,Polygon,,,13.212294581425027,32.89986986873307,low,review_required,Tourism investment projects KML,valid
LY-INV-REV-NAT-00071,investment,أبيار السبابيل,,,review_required,Polygon,,,13.46293454726204,32.84741544131704,low,review_required,Tourism investment projects KML,valid
LY-INV-REV-NAT-00072,investment,ملليتة 3,,,review_required,Polygon,,,12.318179760127988,32.82895522208573,low,review_required,Tourism investment projects KML,valid
LY-INV-REV-NAT-00073,investment,البريقاء,,,review_required,Polygon,,,11.629658240330318,33.10775073899853,low,review_required,Tourism investment projects KML,valid
LY-INV-REV-NAT-00074,investment,أبوكشفة,,,review_required,Polygon,,,11.943872607804643,33.02022124441152,low,review_required,Tourism investment projects KML,valid
LY-INV-REV-NAT-00075,investment,مصيف بياض,,,review_required,Polygon,,,24.025136942194006,32.0435977997222,low,review_required,Tourism investment projects KML,valid
LY-INV-REV-NAT-00076,investment,البردي-1,,,review_required,Polygon,,,25.098962571727043,31.748425026659824,low,review_required,Tourism investment projects KML,valid
LY-INV-REV-NAT-00077,investment,العزلية,,,review_required,Polygon,,,22.236610525901124,32.87365048067605,low,review_required,Tourism investment projects KML,valid
LY-INV-REV-NAT-00078,investment,دليس,,,review_required,Polygon,,,22.516674155922995,32.80437364516255,low,review_required,Tourism investment projects KML,valid
LY-INV-REV-NAT-00079,investment,راس التين,,,review_required,Polygon,,,23.09335284081055,32.39839458885065,low,review_required,Tourism investment projects KML,valid
LY-INV-REV-NAT-00080,investment,الاترون,,,review_required,Polygon,,,22.3255953599621,32.8716176247045,low,review_required,Tourism investment projects KML,valid
LY-INV-REV-NAT-00081,investment,قاريونس,,,review_required,Polygon,,,20.043748396515248,32.07133620330694,low,review_required,Tourism investment projects KML,valid
LY-INV-REV-NAT-00082,investment,عين زيانة,,,review_required,Polygon,,,20.156993715731012,32.22854576329419,low,review_required,Tourism investment projects KML,valid
LY-INV-REV-NAT-00083,investment,سيدي خليفة,,,review_required,Polygon,,,20.200601466841086,32.27086828209296,low,review_required,Tourism investment projects KML,valid
LY-INV-REV-NAT-00084,investment,أبوترابة,,,review_required,Polygon,,,20.76477280972611,32.62012785820169,low,review_required,Tourism investment projects KML,valid
LY-INV-REV-NAT-00085,investment,مصيف طلميثة,,,review_required,Polygon,,,20.953451658313643,32.715029495723705,low,review_required,Tourism investment projects KML,valid
LY-INV-REV-NAT-00086,investment,طلميثة,,,review_required,Polygon,,,20.91822357477168,32.692482798199855,low,review_required,Tourism investment projects KML,valid
LY-INV-REV-NAT-00087,investment,جرجارامه,,,review_required,Polygon,,,21.442553125819213,32.79960210739601,low,review_required,Tourism investment projects KML,valid
LY-INV-REV-NAT-00088,investment,مويلح,,,review_required,Polygon,,,21.53543716181097,32.85545657801803,low,review_required,Tourism investment projects KML,valid
LY-INV-REV-NAT-00089,investment,الحمامة,,,review_required,Polygon,,,21.630709187055004,32.924570055488644,low,review_required,Tourism investment projects KML,valid
LY-INV-REV-NAT-00090,investment,أبوشيبة,,,review_required,Polygon,,,19.951056269499503,31.97464666533441,low,review_required,Tourism investment projects KML,valid
LY-INV-REV-NAT-00091,investment,المريسة,,,review_required,Polygon,,,19.94592832839663,31.95550957036334,low,review_required,Tourism investment projects KML,valid
LY-INV-REV-NAT-00092,investment,قمينس,,,review_required,Polygon,,,19.955248465592813,31.6701320221024,low,review_required,Tourism investment projects KML,valid
LY-INV-REV-NAT-00093,investment,جاروتة,,,review_required,Polygon,,,19.932287046169275,31.812666345622088,low,review_required,Tourism investment projects KML,valid
LY-INV-REV-NAT-00094,investment,الساحل الغربي,,,review_required,Polygon,,,20.13753794625039,31.258641263157497,low,review_required,Tourism investment projects KML,valid
LY-INV-REV-NAT-00095,investment,حبيب,,,review_required,Polygon,,,20.020730428905193,31.454218056038908,low,review_required,Tourism investment projects KML,valid
LY-INV-REV-NAT-00096,investment,كركورة,,,review_required,Polygon,,,19.965135605334897,31.61397039413881,low,review_required,Tourism investment projects KML,valid
LY-INV-REV-NAT-00097,investment,الحليسي,,,review_required,Polygon,,,19.95391985743614,31.923746350816593,low,review_required,Tourism investment projects KML,valid
LY-INV-REV-NAT-00098,investment,سيدي علي,,,review_required,Polygon,,,20.25845303698701,32.31872681951895,low,review_required,Tourism investment projects KML,valid
LY-INV-REV-NAT-00099,investment,دريانة,,,review_required,Polygon,,,20.320037493159205,32.36699875746424,low,review_required,Tourism investment projects KML,valid
LY-INV-REV-NAT-00100,investment,مبنى,,,review_required,Polygon,,,20.40519547048334,32.43312462983648,low,review_required,Tourism investment projects KML,valid
LY-INV-REV-NAT-00101,investment,البرسس,,,review_required,Polygon,,,20.468685195805502,32.47522228725181,low,review_required,Tourism investment projects KML,valid
LY-INV-REV-NAT-00102,investment,العقورية,,,review_required,Polygon,,,20.576156955810937,32.539021993625035,low,review_required,Tourism investment projects KML,valid
LY-INV-REV-NAT-00103,investment,بابا طلميثة,,,review_required,Polygon,,,20.93747280792345,32.70721814406297,low,review_required,Tourism investment projects KML,valid
LY-INV-REV-NAT-00104,investment,عقلة,,,review_required,Polygon,,,21.345011104581893,32.77360670637857,low,review_required,Tourism investment projects KML,valid
LY-INV-REV-NAT-00105,investment,نوطة سوسة,,,review_required,Polygon,,,21.819190676313927,32.909990646563024,low,review_required,Tourism investment projects KML,valid
LY-INV-REV-NAT-00106,investment,مهبول,,,review_required,Polygon,,,22.144327823787343,32.926153964255064,low,review_required,Tourism investment projects KML,valid
LY-INV-REV-NAT-00107,investment,بركة ناصر,,,review_required,Polygon,,,22.17380236667438,32.89383221308204,low,review_required,Tourism investment projects KML,valid
LY-INV-REV-NAT-00108,investment,كرسة,,,review_required,Polygon,,,22.423612550463734,32.848881251666256,low,review_required,Tourism investment projects KML,valid
LY-INV-REV-NAT-00109,investment,الناقة,,,review_required,Polygon,,,22.558490519215546,32.80055894935414,low,review_required,Tourism investment projects KML,valid
LY-INV-REV-NAT-00110,investment,بومسافر,,,review_required,Polygon,,,22.567701802026523,32.787615225725666,low,review_required,Tourism investment projects KML,valid
LY-INV-REV-NAT-00111,investment,الشاطيء,,,review_required,Polygon,,,22.61384158442725,32.77305498430495,low,review_required,Tourism investment projects KML,valid
LY-INV-OPP-NAT-00001,investment,فرصة استثمارية تحتاج تعريف – 0638,,,investment_opportunity,Polygon,,,22.924982915619662,32.666034016553475,low,review_required,Tourism investment projects KML,valid
LY-INV-REV-NAT-00112,investment,المقرون,,,review_required,Polygon,,,20.082090550137803,31.3456561053692,low,review_required,Tourism investment projects KML,valid
LY-INV-REV-NAT-00113,investment,البردي-3,,,review_required,Polygon,,,25.11640073619706,31.71643617407465,low,review_required,Tourism investment projects KML,valid
LY-INV-REV-NAT-00114,investment,البردي-2,,,review_required,Polygon,,,25.041810893766556,31.856826746169443,low,review_required,Tourism investment projects KML,valid
LY-INV-REV-NAT-00115,investment,عزاز,,,review_required,Polygon,,,24.99470112268509,31.953789093645582,low,review_required,Tourism investment projects KML,valid
LY-INV-REV-NAT-00116,investment,الجدي,,,review_required,Polygon,,,24.932313665732224,31.96971318588655,low,review_required,Tourism investment projects KML,valid
LY-INV-REV-NAT-00117,investment,شويمر,,,review_required,Polygon,,,24.85336074757961,31.983817057438443,low,review_required,Tourism investment projects KML,valid
LY-INV-REV-NAT-00118,investment,مرسة دفنة,,,review_required,Polygon,,,24.769970955702423,32.007771077896955,low,review_required,Tourism investment projects KML,valid
LY-INV-REV-NAT-00119,investment,بئرالأشهب,,,review_required,Polygon,,,24.612591398495777,31.999305070625763,low,review_required,Tourism investment projects KML,valid
LY-INV-REV-NAT-00120,investment,قابس,,,review_required,MultiPolygon,,,24.57452293874068,31.98769973679603,low,review_required,Tourism investment projects KML,valid
LY-INV-REV-NAT-00121,investment,كمبوت,,,review_required,Polygon,,,24.532444432722684,31.976517483464626,low,review_required,Tourism investment projects KML,valid
LY-INV-REV-NAT-00122,investment,العقلة,,,review_required,Polygon,,,24.26145420196206,32.00223246146027,low,review_required,Tourism investment projects KML,valid
LY-INV-REV-NAT-00123,investment,العودا,,,review_required,Polygon,,,23.880382320272695,32.119584099425666,low,review_required,Tourism investment projects KML,valid
LY-INV-REV-NAT-00124,investment,المرصص,,,review_required,Polygon,,,23.706914064358816,32.161449103522365,low,review_required,Tourism investment projects KML,valid
LY-INV-REV-NAT-00125,investment,بلخاتر,,,review_required,Polygon,,,23.530625762409784,32.16975367570067,low,review_required,Tourism investment projects KML,valid
LY-INV-REV-NAT-00126,investment,عين الغزال,,,review_required,MultiPolygon,,,23.26801217535817,32.198296239361824,low,review_required,Tourism investment projects KML,valid
LY-INV-REV-NAT-00127,investment,التميمي,,,review_required,Polygon,,,23.227628642988748,32.24076012373116,low,review_required,Tourism investment projects KML,valid
LY-INV-REV-NAT-00128,investment,بالقردان,,,review_required,MultiPolygon,,,23.14558336606351,32.304894855014815,low,review_required,Tourism investment projects KML,valid
LY-INV-REV-NAT-00129,investment,راس التين-2,,,review_required,Polygon,,,23.112896326854358,32.51119453771878,low,review_required,Tourism investment projects KML,valid
LY-INV-REV-NAT-00130,investment,خبطة,,,review_required,Polygon,,,23.036497348026383,32.63864769808797,low,review_required,Tourism investment projects KML,valid
LY-INV-REV-NAT-00131,investment,بوهريشيمة,,,review_required,Polygon,,,20.171544418313307,31.11280167596828,low,review_required,Tourism investment projects KML,valid
LY-INV-REV-NAT-00132,investment,الزويتينة الشمالي,,,review_required,Polygon,,,20.137567449968383,30.997459710760687,low,review_required,Tourism investment projects KML,valid
LY-INV-REV-NAT-00133,investment,الزويتينة الجنوبي,,,review_required,Polygon,,,20.101639714421356,30.934159724335824,low,review_required,Tourism investment projects KML,valid
LY-INV-REV-NAT-00134,investment,مرير قابس,,,review_required,Polygon,,,19.914163301581077,30.667000807796075,low,review_required,Tourism investment projects KML,valid
LY-INV-REV-NAT-00135,investment,بشر,,,review_required,Polygon,,,19.393654191339863,30.32452957746827,low,review_required,Tourism investment projects KML,valid
LY-INV-REV-NAT-00136,investment,العقيلة,,,review_required,Polygon,,,19.161169840522785,30.268152530321192,low,review_required,Tourism investment projects KML,valid
LY-INV-REV-NAT-00137,investment,راس لانوف,,,review_required,MultiPolygon,,,18.485610748081726,30.551920619719336,low,review_required,Tourism investment projects KML,valid
LY-INV-REV-NAT-00138,investment,السدرة,,,review_required,Polygon,,,18.437854813424583,30.58097612501049,low,review_required,Tourism investment projects KML,valid
LY-INV-REV-NAT-00139,investment,بن جواد,,,review_required,Polygon,,,18.197869771988138,30.773122181201035,low,review_required,Tourism investment projects KML,valid
LY-INV-REV-NAT-00140,investment,عسيلة الغربي,,,review_required,Polygon,,,17.442653039331095,31.041371194828436,low,review_required,Tourism investment projects KML,valid
LY-INV-REV-NAT-00141,investment,هراوة,,,review_required,Polygon,,,17.292271036000624,31.08642761093855,low,review_required,Tourism investment projects KML,valid
LY-INV-REV-NAT-00142,investment,السميدة,,,review_required,Polygon,,,15.350277512211468,32.041109777421774,low,review_required,Tourism investment projects KML,valid
LY-INV-REV-NAT-00143,investment,قصر أحمد,,,review_required,Polygon,,,15.334328305632102,32.18987767483263,low,review_required,Tourism investment projects KML,valid
LY-INV-REV-NAT-00144,investment,الدافنية,,,review_required,Polygon,,,14.970994289420355,32.417743264528426,low,review_required,Tourism investment projects KML,valid
LY-INV-REV-NAT-00145,investment,العويجة,,,review_required,Polygon,,,17.86347639998603,30.910906353457566,low,review_required,Tourism investment projects KML,valid
LY-INV-REV-NAT-00146,investment,أم الخنفس,,,review_required,Polygon,,,17.74290707883225,30.93730300578312,low,review_required,Tourism investment projects KML,valid
LY-INV-REV-NAT-00147,investment,عسيلة الشرقي,,,review_required,Polygon,,,17.509869687741677,31.00865903056148,low,review_required,Tourism investment projects KML,valid
LY-INV-REV-NAT-00148,investment,القرضابية,,,review_required,Polygon,,,16.850777957196776,31.187341834299247,low,review_required,Tourism investment projects KML,valid
