record_a_layer,record_a_id,record_a_name,record_b_layer,record_b_id,record_b_name,distance_meters,name_similarity,geometry_relationship,duplicate_classification,recommended_action,confidence,notes
hotels,LY-HOT-000017,فندق فكتوريا,hotels,LY-HOT-000536,فندق فكتوريا,7.1,1,within_layer_proximity,confirmed_duplicate,retain_and_review,high,No automatic merge performed
hotels,LY-HOT-000019,فندق الودان,hotels,LY-HOT-000492,فندق الودان,49.8,1,within_layer_proximity,review_required,retain_and_review,medium,No automatic merge performed
hotels,LY-HOT-000036,فندق الأخوة,hotels,LY-HOT-000418,فندق الاخوة,6.2,1,within_layer_proximity,confirmed_duplicate,retain_and_review,high,No automatic merge performed
hotels,LY-HOT-000037,فندق الأصالة,hotels,LY-HOT-000419,فندق الاصالة,18.3,1,within_layer_proximity,confirmed_duplicate,retain_and_review,high,No automatic merge performed
hotels,LY-HOT-000039,فندق الأندلس,hotels,LY-HOT-000420,فندق الاندلس,16.2,1,within_layer_proximity,confirmed_duplicate,retain_and_review,high,No automatic merge performed
hotels,LY-HOT-000048,فندق الحمام السياحي,hotels,LY-HOT-000136,فندق الحمام السياحي,0.0,1,within_layer_proximity,confirmed_duplicate,retain_and_review,high,No automatic merge performed
hotels,LY-HOT-000049,فندق الخان الطرابلسي,hotels,LY-HOT-000137,فندق الخان الطرابلسي,5.5,1,within_layer_proximity,confirmed_duplicate,retain_and_review,high,No automatic merge performed
hotels,LY-HOT-000049,فندق الخان الطرابلسي,hotels,LY-HOT-000428,فندق الخان الطرابلسي,6.2,1,within_layer_proximity,confirmed_duplicate,retain_and_review,high,No automatic merge performed
hotels,LY-HOT-000050,فندق الخليج,hotels,LY-HOT-000375,فندق الخليج,5.0,1,within_layer_proximity,confirmed_duplicate,retain_and_review,high,No automatic merge performed
hotels,LY-HOT-000050,فندق الخليج,hotels,LY-HOT-000429,فندق الخليج,1.3,1,within_layer_proximity,confirmed_duplicate,retain_and_review,high,No automatic merge performed
hotels,LY-HOT-000051,فندق الدبلوماسي,hotels,LY-HOT-000432,فندق الدبلوماسي,1.2,1,within_layer_proximity,confirmed_duplicate,retain_and_review,high,No automatic merge performed
hotels,LY-HOT-000052,فندق الدوحة,hotels,LY-HOT-000433,فندق الدوحة,19.7,1,within_layer_proximity,confirmed_duplicate,retain_and_review,high,No automatic merge performed
hotels,LY-HOT-000053,فندق الديار,hotels,LY-HOT-000434,فندق الديار,2.7,1,within_layer_proximity,confirmed_duplicate,retain_and_review,high,No automatic merge performed
hotels,LY-HOT-000054,فندق الرابطة,hotels,LY-HOT-000340,فندق الرابطة,3.6,1,within_layer_proximity,confirmed_duplicate,retain_and_review,high,No automatic merge performed
hotels,LY-HOT-000055,فندق الرفيع,hotels,LY-HOT-000442,فندق الرفيع,12.7,1,within_layer_proximity,confirmed_duplicate,retain_and_review,high,No automatic merge performed
hotels,LY-HOT-000056,فندق الريان,hotels,LY-HOT-000444,فندق الريان,3.6,1,within_layer_proximity,confirmed_duplicate,retain_and_review,high,No automatic merge performed
hotels,LY-HOT-000057,فندق الزهر,hotels,LY-HOT-000139,فندق الزهر,0.0,1,within_layer_proximity,confirmed_duplicate,retain_and_review,high,No automatic merge performed
hotels,LY-HOT-000059,فندق السرايا,hotels,LY-HOT-000141,فندق السرايا,0.0,1,within_layer_proximity,confirmed_duplicate,retain_and_review,high,No automatic merge performed
hotels,LY-HOT-000060,فندق زوارة,hotels,LY-HOT-000142,فندق السلام,0.0,0.353,within_layer_proximity,probable_duplicate,retain_and_review,medium,No automatic merge performed
hotels,LY-HOT-000061,فندق السندباد,hotels,LY-HOT-000453,فندق السندباد,4.7,1,within_layer_proximity,confirmed_duplicate,retain_and_review,high,No automatic merge performed
hotels,LY-HOT-000062,فندق الشجرة,hotels,LY-HOT-000455,فندق الشجرة,14.8,1,within_layer_proximity,confirmed_duplicate,retain_and_review,high,No automatic merge performed
hotels,LY-HOT-000064,فندق الشمس,hotels,LY-HOT-000456,فندق الشمس,8.8,1,within_layer_proximity,confirmed_duplicate,retain_and_review,high,No automatic merge performed
hotels,LY-HOT-000065,فندق الصفوة,hotels,LY-HOT-000572,فندق الصفوة,16.7,1,within_layer_proximity,confirmed_duplicate,retain_and_review,high,No automatic merge performed
hotels,LY-HOT-000066,فندق الصناعية مصراتة,hotels,LY-HOT-000147,فندق الصناعية مصراتة,0.0,1,within_layer_proximity,confirmed_duplicate,retain_and_review,high,No automatic merge performed
hotels,LY-HOT-000067,فندق الصولجان,hotels,LY-HOT-000459,فندق الصولجان,1.9,1,within_layer_proximity,confirmed_duplicate,retain_and_review,high,No automatic merge performed
hotels,LY-HOT-000068,فندق العاصمة,hotels,LY-HOT-000462,فندق العاصمة,23.3,1,within_layer_proximity,confirmed_duplicate,retain_and_review,high,No automatic merge performed
hotels,LY-HOT-000071,فندق القوس,hotels,LY-HOT-000470,فندق القوس,11.8,1,within_layer_proximity,confirmed_duplicate,retain_and_review,high,No automatic merge performed
hotels,LY-HOT-000073,فندق الكرومة,hotels,LY-HOT-000156,فندق الكرومة,0.0,1,within_layer_proximity,confirmed_duplicate,retain_and_review,high,No automatic merge performed
hotels,LY-HOT-000075,فندق المتوسط,hotels,LY-HOT-000158,فندق المتوسط الخمس,0.0,0.833,within_layer_proximity,probable_duplicate,retain_and_review,medium,No automatic merge performed
hotels,LY-HOT-000076,فندق المدينة,hotels,LY-HOT-000161,فندق المدينة,0.0,1,within_layer_proximity,confirmed_duplicate,retain_and_review,high,No automatic merge performed
hotels,LY-HOT-000077,فندق المشكاة,hotels,LY-HOT-000165,فندق المشكاة,0.0,1,within_layer_proximity,confirmed_duplicate,retain_and_review,high,No automatic merge performed
hotels,LY-HOT-000077,فندق المشكاة,hotels,LY-HOT-000482,فندق المشكاة,11.3,1,within_layer_proximity,confirmed_duplicate,retain_and_review,high,No automatic merge performed
hotels,LY-HOT-000078,فندق المنامة,hotels,LY-HOT-000483,فندق المنامة,29.0,1,within_layer_proximity,confirmed_duplicate,retain_and_review,high,No automatic merge performed
hotels,LY-HOT-000079,فندق النخلة,hotels,LY-HOT-000169,فندق النخلة السياحي,0.0,0.75,within_layer_proximity,probable_duplicate,retain_and_review,medium,No automatic merge performed
hotels,LY-HOT-000081,فندق النهر,hotels,LY-HOT-000486,فندق النهر,4.9,1,within_layer_proximity,confirmed_duplicate,retain_and_review,high,No automatic merge performed
hotels,LY-HOT-000082,فندق الهنشيري,hotels,LY-HOT-000173,فندق الهنشيري,0.0,1,within_layer_proximity,confirmed_duplicate,retain_and_review,high,No automatic merge performed
hotels,LY-HOT-000083,فندق الهيشة,hotels,LY-HOT-000174,فندق الهيشة,0.0,1,within_layer_proximity,confirmed_duplicate,retain_and_review,high,No automatic merge performed
hotels,LY-HOT-000084,فندق الواحات,hotels,LY-HOT-000175,فندق الواحات,0.0,1,within_layer_proximity,confirmed_duplicate,retain_and_review,high,No automatic merge performed
hotels,LY-HOT-000084,فندق الواحات,hotels,LY-HOT-000490,فندق الواحات,3.5,1,within_layer_proximity,confirmed_duplicate,retain_and_review,high,No automatic merge performed
hotels,LY-HOT-000085,فندق الياسمين,hotels,LY-HOT-000177,فندق الياسمين,0.0,1,within_layer_proximity,confirmed_duplicate,retain_and_review,high,No automatic merge performed
hotels,LY-HOT-000085,فندق الياسمين,hotels,LY-HOT-000493,فندق الياسمينة,88.7,0.957,within_layer_proximity,review_required,retain_and_review,medium,No automatic merge performed
hotels,LY-HOT-000086,فندق أجنحة قرطاج,hotels,LY-HOT-000185,فندق أجنحة قرطاج,10.2,1,within_layer_proximity,confirmed_duplicate,retain_and_review,high,No automatic merge performed
hotels,LY-HOT-000088,فندق بنت السيد,hotels,LY-HOT-000197,فندق بنت السيد,0.0,1,within_layer_proximity,confirmed_duplicate,retain_and_review,high,No automatic merge performed
hotels,LY-HOT-000089,فندق بودلغوسة,hotels,LY-HOT-000199,فندق بودلغوسة,0.0,1,within_layer_proximity,confirmed_duplicate,retain_and_review,high,No automatic merge performed
hotels,LY-HOT-000090,فندق بيت الأمان,hotels,LY-HOT-000509,فندق بيت الامان,33.9,1,within_layer_proximity,review_required,retain_and_review,medium,No automatic merge performed
hotels,LY-HOT-000091,فندق بيت الشرق,hotels,LY-HOT-000510,فندق بيت الشرق,14.7,1,within_layer_proximity,confirmed_duplicate,retain_and_review,high,No automatic merge performed
hotels,LY-HOT-000092,فندق تابكت,hotels,LY-HOT-000200,فندق تابكت,0.0,1,within_layer_proximity,confirmed_duplicate,retain_and_review,high,No automatic merge performed
hotels,LY-HOT-000093,لانكاستر برج الحياة ( ماريوت سابقا),hotels,LY-HOT-000569,لانكاستر برج الحياة (ماريوت سابقا),69.6,1,within_layer_proximity,review_required,retain_and_review,medium,No automatic merge performed
hotels,LY-HOT-000096,فندق ليبوس,hotels,LY-HOT-000212,فندق ريباس,0.0,0.5,within_layer_proximity,probable_duplicate,retain_and_review,medium,No automatic merge performed
hotels,LY-HOT-000097,فندق ريكسوس,hotels,LY-HOT-000213,فندق ريكسوس,0.0,1,within_layer_proximity,confirmed_duplicate,retain_and_review,high,No automatic merge performed
hotels,LY-HOT-000098,فندق زليتن,hotels,LY-HOT-000214,فندق زليتن,0.0,1,within_layer_proximity,confirmed_duplicate,retain_and_review,high,No automatic merge performed
hotels,LY-HOT-000099,فندق زميت,hotels,LY-HOT-000215,فندق زميت,0.0,1,within_layer_proximity,confirmed_duplicate,retain_and_review,high,No automatic merge performed
hotels,LY-HOT-000100,فندق زوارة,hotels,LY-HOT-000217,فندق زوارة,0.0,1,within_layer_proximity,confirmed_duplicate,retain_and_review,high,No automatic merge performed
hotels,LY-HOT-000101,فندق سرايا الليبو,hotels,LY-HOT-000219,فندق سرايا الليبو,0.0,1,within_layer_proximity,confirmed_duplicate,retain_and_review,high,No automatic merge performed
hotels,LY-HOT-000103,فندق سفاري 2,hotels,LY-HOT-000220,فندق سفاري 2,0.0,1,within_layer_proximity,confirmed_duplicate,retain_and_review,high,No automatic merge performed
hotels,LY-HOT-000104,فندق شروق افريقيا,hotels,LY-HOT-000222,فندق شروق افريقيا,0.0,1,within_layer_proximity,confirmed_duplicate,retain_and_review,high,No automatic merge performed
hotels,LY-HOT-000105,فندق ضيافة ونيس,hotels,LY-HOT-000224,فندق ضيافة ونيس,0.0,1,within_layer_proximity,confirmed_duplicate,retain_and_review,high,No automatic merge performed
hotels,LY-HOT-000105,فندق ضيافة ونيس,hotels,LY-HOT-000530,فندق ضيافة ونيس,10.3,1,within_layer_proximity,confirmed_duplicate,retain_and_review,high,No automatic merge performed
hotels,LY-HOT-000106,فندق طرابلس الدولي,hotels,LY-HOT-000531,فندق طرابلس الدولى,16.7,1,within_layer_proximity,confirmed_duplicate,retain_and_review,high,No automatic merge performed
hotels,LY-HOT-000107,فندق طليطلة,hotels,LY-HOT-000225,فندق طليطلة,0.0,1,within_layer_proximity,confirmed_duplicate,retain_and_review,high,No automatic merge performed
hotels,LY-HOT-000107,فندق طليطلة,hotels,LY-HOT-000532,فندق طليطلة,22.0,1,within_layer_proximity,confirmed_duplicate,retain_and_review,high,No automatic merge performed
hotels,LY-HOT-000108,فندق طيبة,hotels,LY-HOT-000533,فندق طيبة,3.9,1,within_layer_proximity,confirmed_duplicate,retain_and_review,high,No automatic merge performed
hotels,LY-HOT-000109,فندق عمير,hotels,LY-HOT-000534,فندق عمير,12.5,1,within_layer_proximity,confirmed_duplicate,retain_and_review,high,No automatic merge performed
hotels,LY-HOT-000111,فندق غابة الكشافة,hotels,LY-HOT-000227,فندق غابة الكشافة,0.0,1,within_layer_proximity,confirmed_duplicate,retain_and_review,high,No automatic merge performed
hotels,LY-HOT-000112,فندق غريان السياحي,hotels,LY-HOT-000228,فندق غريان السياحي,0.0,1,within_layer_proximity,confirmed_duplicate,retain_and_review,high,No automatic merge performed
hotels,LY-HOT-000112,فندق غريان السياحي,hotels,LY-HOT-000342,فندق غريان السياحي,1.0,1,within_layer_proximity,confirmed_duplicate,retain_and_review,high,No automatic merge performed
hotels,LY-HOT-000113,فندق قرطاج,hotels,LY-HOT-000231,فندق قرطاج,0.0,1,within_layer_proximity,confirmed_duplicate,retain_and_review,high,No automatic merge performed
hotels,LY-HOT-000114,فندق قصر الظهرة,hotels,LY-HOT-000233,فندق قصر الظهرة,0.0,1,within_layer_proximity,confirmed_duplicate,retain_and_review,high,No automatic merge performed
hotels,LY-HOT-000115,فندق قصر الفيروز,hotels,LY-HOT-000235,فندق قصر الفيروز,0.0,1,within_layer_proximity,confirmed_duplicate,retain_and_review,high,No automatic merge performed
hotels,LY-HOT-000116,فندق قمر صبراتة,hotels,LY-HOT-000240,فندق قمر صبراتة,0.0,1,within_layer_proximity,confirmed_duplicate,retain_and_review,high,No automatic merge performed
hotels,LY-HOT-000117,فندق كونتنتال,hotels,LY-HOT-000242,فندق كونتنتال,0.0,1,within_layer_proximity,confirmed_duplicate,retain_and_review,high,No automatic merge performed
hotels,LY-HOT-000119,فندق ليالي قرطاج,hotels,LY-HOT-000244,فندق ليالي قرطاج,0.0,1,within_layer_proximity,confirmed_duplicate,retain_and_review,high,No automatic merge performed
hotels,LY-HOT-000121,فندق مادي الحسان,hotels,LY-HOT-000245,فندق مادي الحسان,0.0,1,within_layer_proximity,confirmed_duplicate,retain_and_review,high,No automatic merge performed
hotels,LY-HOT-000122,فندق واستراحة جادو,hotels,LY-HOT-000248,فندق واستراحة جادو,0.0,1,within_layer_proximity,confirmed_duplicate,retain_and_review,high,No automatic merge performed
hotels,LY-HOT-000124,فندق ومطعم النزهة,hotels,LY-HOT-000249,فندق ومطعم النزهة,0.0,1,within_layer_proximity,confirmed_duplicate,retain_and_review,high,No automatic merge performed
hotels,LY-HOT-000125,فندق يفرن,hotels,LY-HOT-000250,فندق يفرن,0.0,1,within_layer_proximity,confirmed_duplicate,retain_and_review,high,No automatic merge performed
hotels,LY-HOT-000126,طرابلس للشقق الفندقية,hotels,LY-HOT-000255,طرابلس للشقق الفندقية,0.0,1,within_layer_proximity,confirmed_duplicate,retain_and_review,high,No automatic merge performed
hotels,LY-HOT-000127,نزل طرابلس الحديث,hotels,LY-HOT-000259,نزل طرابلس الحديث,0.0,1,within_layer_proximity,confirmed_duplicate,retain_and_review,high,No automatic merge performed
hotels,LY-HOT-000130,فندق البتراء,hotels,LY-HOT-000421,فندق البتراء,22.3,1,within_layer_proximity,confirmed_duplicate,retain_and_review,high,No automatic merge performed
hotels,LY-HOT-000137,فندق الخان الطرابلسي,hotels,LY-HOT-000428,فندق الخان الطرابلسي,0.9,1,within_layer_proximity,confirmed_duplicate,retain_and_review,high,No automatic merge performed
hotels,LY-HOT-000138,فندق الرحاب,hotels,LY-HOT-000439,فندق الرحاب,33.3,1,within_layer_proximity,review_required,retain_and_review,medium,No automatic merge performed
hotels,LY-HOT-000138,فندق الرحاب,hotels,LY-HOT-000440,فندق الرحاب 1,23.9,0.947,within_layer_proximity,review_required,retain_and_review,medium,No automatic merge performed
hotels,LY-HOT-000138,فندق الرحاب,hotels,LY-HOT-000441,فندق الرحاب 2,64.4,0.947,within_layer_proximity,review_required,retain_and_review,medium,No automatic merge performed
hotels,LY-HOT-000157,فندق المبروك,hotels,LY-HOT-000476,فندق المبروك,22.4,1,within_layer_proximity,confirmed_duplicate,retain_and_review,high,No automatic merge performed
hotels,LY-HOT-000165,فندق المشكاة,hotels,LY-HOT-000482,فندق المشكاة,11.3,1,within_layer_proximity,confirmed_duplicate,retain_and_review,high,No automatic merge performed
hotels,LY-HOT-000169,فندق النخلة السياحي,hotels,LY-HOT-000485,فندق النخلة السياحي,13.0,1,within_layer_proximity,confirmed_duplicate,retain_and_review,high,No automatic merge performed
hotels,LY-HOT-000175,فندق الواحات,hotels,LY-HOT-000490,فندق الواحات,3.5,1,within_layer_proximity,confirmed_duplicate,retain_and_review,high,No automatic merge performed
hotels,LY-HOT-000176,فندق الوادي,hotels,LY-HOT-000491,فندق الوادي,21.8,1,within_layer_proximity,confirmed_duplicate,retain_and_review,high,No automatic merge performed
hotels,LY-HOT-000177,فندق الياسمين,hotels,LY-HOT-000493,فندق الياسمينة,88.7,0.957,within_layer_proximity,review_required,retain_and_review,medium,No automatic merge performed
hotels,LY-HOT-000178,فندق الياقوتة,hotels,LY-HOT-000494,فندق الياقوتة,7.0,1,within_layer_proximity,confirmed_duplicate,retain_and_review,high,No automatic merge performed
hotels,LY-HOT-000180,فندق اليقين,hotels,LY-HOT-000495,فندق اليقين,83.6,1,within_layer_proximity,review_required,retain_and_review,medium,No automatic merge performed
hotels,LY-HOT-000181,فندق اليمامة,hotels,LY-HOT-000571,فندق اليمامة,3.0,1,within_layer_proximity,confirmed_duplicate,retain_and_review,high,No automatic merge performed
hotels,LY-HOT-000185,فندق أجنحة قرطاج,hotels,LY-HOT-000377,فندق اجنحة قرطاج,92.6,1,within_layer_proximity,review_required,retain_and_review,medium,No automatic merge performed
hotels,LY-HOT-000189,فندق أكاكوس,hotels,LY-HOT-000417,فندق اكاكوس,5.8,1,within_layer_proximity,confirmed_duplicate,retain_and_review,high,No automatic merge performed
hotels,LY-HOT-000192,فندق أويا,hotels,LY-HOT-000390,فندق أويا,20.2,1,within_layer_proximity,confirmed_duplicate,retain_and_review,high,No automatic merge performed
hotels,LY-HOT-000193,فندق باب البحر,hotels,LY-HOT-000502,فندق باب البحر,12.1,1,within_layer_proximity,confirmed_duplicate,retain_and_review,high,No automatic merge performed
hotels,LY-HOT-000196,فندق بلازما,hotels,LY-HOT-000506,فندق بلازما,5.8,1,within_layer_proximity,confirmed_duplicate,retain_and_review,high,No automatic merge performed
hotels,LY-HOT-000201,فندق توباكتس,hotels,LY-HOT-000514,فندق توباكتس,61.8,1,within_layer_proximity,review_required,retain_and_review,medium,No automatic merge performed
hotels,LY-HOT-000203,فندق جاكرتا,hotels,LY-HOT-000515,فندق جاكرتا,8.3,1,within_layer_proximity,confirmed_duplicate,retain_and_review,high,No automatic merge performed
hotels,LY-HOT-000212,فندق ريباس,hotels,LY-HOT-000292,فندق ريباس,16.2,1,within_layer_proximity,confirmed_duplicate,retain_and_review,high,No automatic merge performed
hotels,LY-HOT-000224,فندق ضيافة ونيس,hotels,LY-HOT-000530,فندق ضيافة ونيس,10.3,1,within_layer_proximity,confirmed_duplicate,retain_and_review,high,No automatic merge performed
hotels,LY-HOT-000225,فندق طليطلة,hotels,LY-HOT-000532,فندق طليطلة,22.0,1,within_layer_proximity,confirmed_duplicate,retain_and_review,high,No automatic merge performed
hotels,LY-HOT-000228,فندق غريان السياحي,hotels,LY-HOT-000342,فندق غريان السياحي,1.0,1,within_layer_proximity,confirmed_duplicate,retain_and_review,high,No automatic merge performed
hotels,LY-HOT-000241,فندق قورينا,hotels,LY-HOT-000544,فندق قورينا,7.2,1,within_layer_proximity,confirmed_duplicate,retain_and_review,high,No automatic merge performed
hotels,LY-HOT-000247,فندق هارون,hotels,LY-HOT-000543,فندق هارون,8.1,1,within_layer_proximity,confirmed_duplicate,retain_and_review,high,No automatic merge performed
hotels,LY-HOT-000263,فندق المختار,hotels,LY-HOT-000481,فندق المختار,4.0,1,within_layer_proximity,confirmed_duplicate,retain_and_review,high,No automatic merge performed
hotels,LY-HOT-000266,فندق قرطاج السياحى1,hotels,LY-HOT-000271,فندق قرطاج السياحى2,35.5,0.938,within_layer_proximity,review_required,retain_and_review,medium,No automatic merge performed
hotels,LY-HOT-000268,فندق الفصول الاربعة 3,hotels,LY-HOT-000467,فندق الفصول الأربعة ( 3 ),12.3,1,within_layer_proximity,confirmed_duplicate,retain_and_review,high,No automatic merge performed
hotels,LY-HOT-000270,فندق المتوسط,hotels,LY-HOT-000477,فندق المتوسط,8.0,1,within_layer_proximity,confirmed_duplicate,retain_and_review,high,No automatic merge performed
hotels,LY-HOT-000270,فندق المتوسط,hotels,LY-HOT-000478,فندق المتوسط,9.0,1,within_layer_proximity,confirmed_duplicate,retain_and_review,high,No automatic merge performed
hotels,LY-HOT-000270,فندق المتوسط,hotels,LY-HOT-000479,فندق المتوسط,8.0,1,within_layer_proximity,confirmed_duplicate,retain_and_review,high,No automatic merge performed
hotels,LY-HOT-000270,فندق المتوسط,hotels,LY-HOT-000480,فندق المتوسط,9.0,1,within_layer_proximity,confirmed_duplicate,retain_and_review,high,No automatic merge performed
hotels,LY-HOT-000272,فندق التوفيق 2,hotels,LY-HOT-000286,فندق التوفيق 1,51.9,0.909,within_layer_proximity,review_required,retain_and_review,medium,No automatic merge performed
hotels,LY-HOT-000275,فندق الفصول الاربعة 2,hotels,LY-HOT-000466,فندق الفصول الأربعة ( 2 ),18.0,1,within_layer_proximity,confirmed_duplicate,retain_and_review,high,No automatic merge performed
hotels,LY-HOT-000276,فندق السفير,hotels,LY-HOT-000448,فندق السفير,15.2,1,within_layer_proximity,confirmed_duplicate,retain_and_review,high,No automatic merge performed
hotels,LY-HOT-000278,فندق الشاطئ الذهبى,hotels,LY-HOT-000454,فندق الشاطئ الذهبي,9.5,1,within_layer_proximity,confirmed_duplicate,retain_and_review,high,No automatic merge performed
hotels,LY-HOT-000279,فندق الصافي,hotels,LY-HOT-000457,فندق الصافي,21.0,1,within_layer_proximity,confirmed_duplicate,retain_and_review,high,No automatic merge performed
hotels,LY-HOT-000281,فندق الفصول الابعة 1,hotels,LY-HOT-000465,فندق الفصول الأربعة ( 1 ),8.7,0.897,within_layer_proximity,review_required,retain_and_review,medium,No automatic merge performed
hotels,LY-HOT-000282,فندق سفارى,hotels,LY-HOT-000526,فندق سفارى,28.0,1,within_layer_proximity,confirmed_duplicate,retain_and_review,high,No automatic merge performed
hotels,LY-HOT-000283,فندق زهرة الخليج,hotels,LY-HOT-000523,فندق زهرة الخليج,55.4,1,within_layer_proximity,review_required,retain_and_review,medium,No automatic merge performed
hotels,LY-HOT-000284,فندق السلاسل الذهبية,hotels,LY-HOT-000450,فندق السلاسل الذهبية,28.9,1,within_layer_proximity,confirmed_duplicate,retain_and_review,high,No automatic merge performed
hotels,LY-HOT-000285,فندق النورس,hotels,LY-HOT-000487,فندق النورس,6.2,1,within_layer_proximity,confirmed_duplicate,retain_and_review,high,No automatic merge performed
hotels,LY-HOT-000290,فندق أسامة,hotels,LY-HOT-000498,فندق أسامة,60.1,1,within_layer_proximity,review_required,retain_and_review,medium,No automatic merge performed
hotels,LY-HOT-000290,فندق أسامة,hotels,LY-HOT-000499,فندق أسامة,73.3,1,within_layer_proximity,review_required,retain_and_review,medium,No automatic merge performed
hotels,LY-HOT-000290,فندق أسامة,hotels,LY-HOT-000500,فندق أسامة,68.1,1,within_layer_proximity,review_required,retain_and_review,medium,No automatic merge performed
hotels,LY-HOT-000290,فندق أسامة,hotels,LY-HOT-000501,فندق أسامة,46.1,1,within_layer_proximity,review_required,retain_and_review,medium,No automatic merge performed
hotels,LY-HOT-000291,فندق الزيتونة,hotels,LY-HOT-000445,فندق الزيتونة,28.0,1,within_layer_proximity,confirmed_duplicate,retain_and_review,high,No automatic merge performed
hotels,LY-HOT-000294,فندق صبراتة,hotels,LY-HOT-000387,فندق صبراتة,2.2,1,within_layer_proximity,confirmed_duplicate,retain_and_review,high,No automatic merge performed
hotels,LY-HOT-000296,فندق الكندي,hotels,LY-HOT-000471,فندق الكندي,26.2,1,within_layer_proximity,confirmed_duplicate,retain_and_review,high,No automatic merge performed
hotels,LY-HOT-000297,فندق أضواء قرطاج,hotels,LY-HOT-000376,فندق أضواء قرطاج,1.1,1,within_layer_proximity,confirmed_duplicate,retain_and_review,high,No automatic merge performed
hotels,LY-HOT-000298,فندق البشير,hotels,LY-HOT-000422,فندق البشير,3.4,1,within_layer_proximity,confirmed_duplicate,retain_and_review,high,No automatic merge performed
hotels,LY-HOT-000299,فندق الهاني,hotels,LY-HOT-000488,فندق الهاني,31.7,1,within_layer_proximity,review_required,retain_and_review,medium,No automatic merge performed
hotels,LY-HOT-000300,فندق القنصل فندق القنصل,hotels,LY-HOT-000469,فندق القنصل,2.6,0.947,within_layer_proximity,review_required,retain_and_review,medium,No automatic merge performed
hotels,LY-HOT-000301,فندق الجبل الاخضر,hotels,LY-HOT-000426,فندق الجبل الأخضر,33.9,1,within_layer_proximity,review_required,retain_and_review,medium,No automatic merge performed
hotels,LY-HOT-000303,فندق قصر ليبيا,hotels,LY-HOT-000541,فندق قصر ليبيا,9.9,1,within_layer_proximity,confirmed_duplicate,retain_and_review,high,No automatic merge performed
hotels,LY-HOT-000307,فندق الديوان,hotels,LY-HOT-000435,فندق الديوان,3.9,1,within_layer_proximity,confirmed_duplicate,retain_and_review,high,No automatic merge performed
hotels,LY-HOT-000307,فندق الديوان,hotels,LY-HOT-000436,فندق الديوان,3.9,1,within_layer_proximity,confirmed_duplicate,retain_and_review,high,No automatic merge performed
hotels,LY-HOT-000307,فندق الديوان,hotels,LY-HOT-000437,فندق الديوان,3.9,1,within_layer_proximity,confirmed_duplicate,retain_and_review,high,No automatic merge performed
hotels,LY-HOT-000307,فندق الديوان,hotels,LY-HOT-000438,فندق الديوان,3.9,1,within_layer_proximity,confirmed_duplicate,retain_and_review,high,No automatic merge performed
hotels,LY-HOT-000309,فندق الدالي,hotels,LY-HOT-000431,فندق الدالي,12.8,1,within_layer_proximity,confirmed_duplicate,retain_and_review,high,No automatic merge performed
hotels,LY-HOT-000310,زهرة الشمس,hotels,LY-HOT-000385,فندق زهرة الشمس,0.2,0.8,within_layer_proximity,probable_duplicate,retain_and_review,medium,No automatic merge performed
hotels,LY-HOT-000313,فندق بلخير,hotels,LY-HOT-000507,فندق بلخير,12.5,1,within_layer_proximity,confirmed_duplicate,retain_and_review,high,No automatic merge performed
hotels,LY-HOT-000314,فندق السرايا,hotels,LY-HOT-000446,فندق السرايا,12.8,1,within_layer_proximity,confirmed_duplicate,retain_and_review,high,No automatic merge performed
hotels,LY-HOT-000316,فندق الكنوز الذهبية,hotels,LY-HOT-000472,فندق الكنوز الدهبية,10.7,0.867,within_layer_proximity,review_required,retain_and_review,medium,No automatic merge performed
hotels,LY-HOT-000317,فندق الشراع,hotels,LY-HOT-000570,فندق الشراع,0.0,1,within_layer_proximity,confirmed_duplicate,retain_and_review,high,No automatic merge performed
hotels,LY-HOT-000332,عمار او المجد للشقق الفندقية,hotels,LY-HOT-000333,فندق مزايا اجدابيا,0.0,0.222,within_layer_proximity,probable_duplicate,retain_and_review,medium,No automatic merge performed
hotels,LY-HOT-000375,فندق الخليج,hotels,LY-HOT-000429,فندق الخليج,6.3,1,within_layer_proximity,confirmed_duplicate,retain_and_review,high,No automatic merge performed
hotels,LY-HOT-000435,فندق الديوان,hotels,LY-HOT-000436,فندق الديوان,0.1,1,within_layer_proximity,confirmed_duplicate,retain_and_review,high,No automatic merge performed
hotels,LY-HOT-000435,فندق الديوان,hotels,LY-HOT-000437,فندق الديوان,0.0,1,within_layer_proximity,confirmed_duplicate,retain_and_review,high,No automatic merge performed
hotels,LY-HOT-000435,فندق الديوان,hotels,LY-HOT-000438,فندق الديوان,0.1,1,within_layer_proximity,confirmed_duplicate,retain_and_review,high,No automatic merge performed
hotels,LY-HOT-000436,فندق الديوان,hotels,LY-HOT-000437,فندق الديوان,0.1,1,within_layer_proximity,confirmed_duplicate,retain_and_review,high,No automatic merge performed
hotels,LY-HOT-000436,فندق الديوان,hotels,LY-HOT-000438,فندق الديوان,0.0,1,within_layer_proximity,confirmed_duplicate,retain_and_review,high,No automatic merge performed
hotels,LY-HOT-000437,فندق الديوان,hotels,LY-HOT-000438,فندق الديوان,0.1,1,within_layer_proximity,confirmed_duplicate,retain_and_review,high,No automatic merge performed
hotels,LY-HOT-000439,فندق الرحاب,hotels,LY-HOT-000440,فندق الرحاب 1,15.5,0.947,within_layer_proximity,review_required,retain_and_review,medium,No automatic merge performed
hotels,LY-HOT-000439,فندق الرحاب,hotels,LY-HOT-000441,فندق الرحاب 2,49.6,0.947,within_layer_proximity,review_required,retain_and_review,medium,No automatic merge performed
hotels,LY-HOT-000440,فندق الرحاب 1,hotels,LY-HOT-000441,فندق الرحاب 2,43.6,0.9,within_layer_proximity,review_required,retain_and_review,medium,No automatic merge performed
hotels,LY-HOT-000440,فندق الرحاب 1,hotels,LY-HOT-000483,فندق المنامة,0.0,0.5,within_layer_proximity,probable_duplicate,retain_and_review,medium,No automatic merge performed
hotels,LY-HOT-000477,فندق المتوسط,hotels,LY-HOT-000478,فندق المتوسط,1.1,1,within_layer_proximity,confirmed_duplicate,retain_and_review,high,No automatic merge performed
hotels,LY-HOT-000477,فندق المتوسط,hotels,LY-HOT-000479,فندق المتوسط,0.0,1,within_layer_proximity,confirmed_duplicate,retain_and_review,high,No automatic merge performed
hotels,LY-HOT-000477,فندق المتوسط,hotels,LY-HOT-000480,فندق المتوسط,1.1,1,within_layer_proximity,confirmed_duplicate,retain_and_review,high,No automatic merge performed
hotels,LY-HOT-000478,فندق المتوسط,hotels,LY-HOT-000479,فندق المتوسط,1.1,1,within_layer_proximity,confirmed_duplicate,retain_and_review,high,No automatic merge performed
hotels,LY-HOT-000478,فندق المتوسط,hotels,LY-HOT-000480,فندق المتوسط,0.0,1,within_layer_proximity,confirmed_duplicate,retain_and_review,high,No automatic merge performed
hotels,LY-HOT-000479,فندق المتوسط,hotels,LY-HOT-000480,فندق المتوسط,1.1,1,within_layer_proximity,confirmed_duplicate,retain_and_review,high,No automatic merge performed
hotels,LY-HOT-000498,فندق أسامة,hotels,LY-HOT-000499,فندق أسامة,21.5,1,within_layer_proximity,confirmed_duplicate,retain_and_review,high,No automatic merge performed
hotels,LY-HOT-000498,فندق أسامة,hotels,LY-HOT-000500,فندق أسامة,8.9,1,within_layer_proximity,confirmed_duplicate,retain_and_review,high,No automatic merge performed
hotels,LY-HOT-000498,فندق أسامة,hotels,LY-HOT-000501,فندق أسامة,14.1,1,within_layer_proximity,confirmed_duplicate,retain_and_review,high,No automatic merge performed
hotels,LY-HOT-000499,فندق أسامة,hotels,LY-HOT-000500,فندق أسامة,14.9,1,within_layer_proximity,confirmed_duplicate,retain_and_review,high,No automatic merge performed
hotels,LY-HOT-000499,فندق أسامة,hotels,LY-HOT-000501,فندق أسامة,31.6,1,within_layer_proximity,review_required,retain_and_review,medium,No automatic merge performed
hotels,LY-HOT-000500,فندق أسامة,hotels,LY-HOT-000501,فندق أسامة,22.5,1,within_layer_proximity,confirmed_duplicate,retain_and_review,high,No automatic merge performed
hotels,LY-HOT-000527,فندق سما و بلقيس,hotels,LY-HOT-000528,فندق سما وبلقيس,44.8,1,within_layer_proximity,review_required,retain_and_review,medium,No automatic merge performed
hotels,LY-HOT-000563,مساكن القدس للشقق الفندقية,hotels,LY-HOT-000564,مساكن القدس للشقق الفندقية,2.1,1,within_layer_proximity,confirmed_duplicate,retain_and_review,high,No automatic merge performed
hotels,LY-HOT-000563,مساكن القدس للشقق الفندقية,hotels,LY-HOT-000565,مساكن القدس للشقق الفندقية,0.0,1,within_layer_proximity,confirmed_duplicate,retain_and_review,high,No automatic merge performed
hotels,LY-HOT-000563,مساكن القدس للشقق الفندقية,hotels,LY-HOT-000566,مساكن القدس للشقق الفندقية,2.1,1,within_layer_proximity,confirmed_duplicate,retain_and_review,high,No automatic merge performed
hotels,LY-HOT-000564,مساكن القدس للشقق الفندقية,hotels,LY-HOT-000565,مساكن القدس للشقق الفندقية,2.1,1,within_layer_proximity,confirmed_duplicate,retain_and_review,high,No automatic merge performed
hotels,LY-HOT-000564,مساكن القدس للشقق الفندقية,hotels,LY-HOT-000566,مساكن القدس للشقق الفندقية,0.0,1,within_layer_proximity,confirmed_duplicate,retain_and_review,high,No automatic merge performed
hotels,LY-HOT-000565,مساكن القدس للشقق الفندقية,hotels,LY-HOT-000566,مساكن القدس للشقق الفندقية,2.1,1,within_layer_proximity,confirmed_duplicate,retain_and_review,high,No automatic merge performed
tripoliRestaurants,LY-FNB-RES-TRI-00009,مطعم ميلانو للوجبات السريعة,tripoliRestaurants,LY-FNB-RES-TRI-00067,مطعم ميلانو للوجبات السريعة,0.1,1,within_layer_proximity,confirmed_duplicate,retain_and_review,high,No automatic merge performed
tripoliRestaurants,LY-FNB-RES-TRI-00012,مطعم الزرقاني للمأكولات الشعبية و الشرقية,tripoliRestaurants,LY-FNB-RES-TRI-00070,مطعم الأزرقاني للمأكولات الشعبية و الشرقية,0.0,0.966,within_layer_proximity,confirmed_duplicate,retain_and_review,high,No automatic merge performed
tripoliRestaurants,LY-FNB-RES-TRI-00013,بيتزا الفورنو شارع الجمهورية,tripoliRestaurants,LY-FNB-RES-TRI-00050,بيتزا الفورنو شارع الجمهورية,0.0,1,within_layer_proximity,confirmed_duplicate,retain_and_review,high,No automatic merge performed
resorts,LY-ACC-RES-KHO-00005,قرية قوس غنيمة السياحية,resorts,LY-ACC-RES-NAT-00024,قرية قوس غنيمة السياحية,16.5,1,within_layer_proximity,confirmed_duplicate,retain_and_review,high,No automatic merge; co-located village and resort may be distinct
resorts,LY-ACC-RES-KHO-00007,قرية شمس البحر,resorts,LY-ACC-RES-NAT-00026,قرية شمس البحر,40.9,1,within_layer_proximity,review_required,retain_and_review,medium,No automatic merge; co-located village and resort may be distinct
investment,LY-INV-RES-KHO-00005,قرية قوس غنيمة السياحية,investment,LY-INV-RES-NAT-00024,قرية قوس غنيمة السياحية,16.5,1,within_layer_proximity,probable_duplicate,retain_and_review,medium,Co-located opportunities may be distinct or parent/child.
investment,LY-INV-RES-KHO-00007,قرية شمس البحر,investment,LY-INV-RES-NAT-00026,قرية شمس البحر,40.9,1,within_layer_proximity,probable_duplicate,retain_and_review,medium,Co-located opportunities may be distinct or parent/child.
investment,LY-INV-RES-NAT-00038,منتجع الينابيع السياحي,investment,LY-INV-EXP-SHA-00001,منتجع الينابيع السياحي,44.1,1,within_layer_proximity,probable_duplicate,retain_and_review,medium,Co-located opportunities may be distinct or parent/child.
investment,LY-INV-RES-DER-00001,منتجع إيميليا السياحي,investment,LY-INV-RES-DER-00003,منتجع ايميليا,20.4,0.786,within_layer_proximity,review_required,retain_and_review,medium,Co-located opportunities may be distinct or parent/child.
investment,LY-INV-RES-SHA-00001,منتج شحات السياحي,investment,LY-INV-RES-SHA-00010,منتجع شحات السياحي,11.5,0.897,within_layer_proximity,probable_duplicate,retain_and_review,medium,Co-located opportunities may be distinct or parent/child.
investment,LY-INV-RES-SHA-00002,منتجع وموتيل الأمان 1,investment,LY-INV-RES-SHA-00011,منتجع وموتيل الأمان,44.4,0.968,within_layer_proximity,probable_duplicate,retain_and_review,medium,Co-located opportunities may be distinct or parent/child.
investment,LY-INV-RES-KHO-00018,إستراحات فردية درجة أولى,investment,LY-INV-RES-SHA-00006,إستراحات فردية,65.9,0.75,within_layer_proximity,review_required,retain_and_review,medium,Co-located opportunities may be distinct or parent/child.
investment,LY-INV-HOT-BAY-00002,فندق لؤلؤة الخليج,investment,LY-INV-HOT-BAY-00007,فندق لؤلؤة الخليج البيضاء,72.9,0.812,within_layer_proximity,review_required,retain_and_review,medium,Co-located opportunities may be distinct or parent/child.
investment,LY-INV-HOT-GHA-00002,فندق بن يدر,investment,LY-INV-HOT-NAT-00056,فندق بن يدر,0.7,1,within_layer_proximity,confirmed_duplicate,retain_and_review,high,Co-located opportunities may be distinct or parent/child.
investment,LY-INV-HOT-GHA-00002,فندق بن يدر,investment,LY-INV-HOT-NAT-00168,فندق بن يدر,0.7,1,within_layer_proximity,confirmed_duplicate,retain_and_review,high,Co-located opportunities may be distinct or parent/child.
investment,LY-INV-HOT-GHA-00003,فندق نجوم غدامس,investment,LY-INV-HOT-GHA-00007,فندق نجوم غدامس,2.5,1,within_layer_proximity,probable_duplicate,retain_and_review,medium,Co-located opportunities may be distinct or parent/child.
investment,LY-INV-HOT-GHA-00003,فندق نجوم غدامس,investment,LY-INV-HOT-GHA-00008,فندق نجوم غدامس,2.5,1,within_layer_proximity,probable_duplicate,retain_and_review,medium,Co-located opportunities may be distinct or parent/child.
investment,LY-INV-HOT-TRI-00008,فندق بلازما,investment,LY-INV-HOT-NAT-00055,فندق بلازما,8.7,1,within_layer_proximity,probable_duplicate,retain_and_review,medium,Co-located opportunities may be distinct or parent/child.
investment,LY-INV-HOT-TRI-00008,فندق بلازما,investment,LY-INV-HOT-NAT-00167,فندق بلازما,8.7,1,within_layer_proximity,probable_duplicate,retain_and_review,medium,Co-located opportunities may be distinct or parent/child.
investment,LY-INV-HOT-TRI-00008,فندق بلازما,investment,LY-INV-HOT-TRI-00046,فندق بلازما,15.9,1,within_layer_proximity,probable_duplicate,retain_and_review,medium,Co-located opportunities may be distinct or parent/child.
investment,LY-INV-HOT-NAT-00014,فندق الجبل,investment,LY-INV-HOT-NAT-00099,فندق الجبل,0.0,1,within_layer_proximity,confirmed_duplicate,retain_and_review,high,Co-located opportunities may be distinct or parent/child.
investment,LY-INV-HOT-NAT-00016,فندق الحديقة,investment,LY-INV-HOT-NAT-00103,فندق الحديقة,0.0,1,within_layer_proximity,confirmed_duplicate,retain_and_review,high,Co-located opportunities may be distinct or parent/child.
investment,LY-INV-HOT-NAT-00017,فندق الحمام السياحي,investment,LY-INV-HOT-NAT-00104,فندق الحمام السياحي,0.0,1,within_layer_proximity,confirmed_duplicate,retain_and_review,high,Co-located opportunities may be distinct or parent/child.
investment,LY-INV-HOT-NAT-00018,فندق الحياة,investment,LY-INV-HOT-NAT-00105,فندق الحياة,0.0,1,within_layer_proximity,confirmed_duplicate,retain_and_review,high,Co-located opportunities may be distinct or parent/child.
investment,LY-INV-HOT-TRI-00012,فندق الخان الطرابلسي,investment,LY-INV-HOT-TRI-00022,فندق الخان الطرابلسي,0.0,1,within_layer_proximity,confirmed_duplicate,retain_and_review,high,Co-located opportunities may be distinct or parent/child.
investment,LY-INV-HOT-NAT-00020,فندق الخليل السياحي,investment,LY-INV-HOT-NAT-00106,فندق الخليل السياحي,0.0,1,within_layer_proximity,confirmed_duplicate,retain_and_review,high,Co-located opportunities may be distinct or parent/child.
investment,LY-INV-HOT-NAT-00021,فندق الدوحة,investment,LY-INV-HOT-NAT-00107,فندق الدوحة,0.0,1,within_layer_proximity,confirmed_duplicate,retain_and_review,high,Co-located opportunities may be distinct or parent/child.
investment,LY-INV-HOT-NAT-00023,فندق الرابطة,investment,LY-INV-HOT-NAT-00257,فندق الرابطة,22.5,1,within_layer_proximity,probable_duplicate,retain_and_review,medium,Co-located opportunities may be distinct or parent/child.
investment,LY-INV-HOT-TRI-00014,فندق الريان,investment,LY-INV-HOT-TRI-00038,فندق الثريا,95.0,0.778,within_layer_proximity,review_required,retain_and_review,medium,Co-located opportunities may be distinct or parent/child.
investment,LY-INV-HOT-NAT-00025,فندق الزهر,investment,LY-INV-HOT-NAT-00109,فندق الزهر,0.0,1,within_layer_proximity,confirmed_duplicate,retain_and_review,high,Co-located opportunities may be distinct or parent/child.
investment,LY-INV-HOT-NAT-00026,فندق الزيتونة,investment,LY-INV-HOT-NAT-00110,فندق الزيتونة,0.0,1,within_layer_proximity,confirmed_duplicate,retain_and_review,high,Co-located opportunities may be distinct or parent/child.
investment,LY-INV-HOT-NAT-00027,فندق السرايا,investment,LY-INV-HOT-NAT-00111,فندق السرايا,0.0,1,within_layer_proximity,confirmed_duplicate,retain_and_review,high,Co-located opportunities may be distinct or parent/child.
investment,LY-INV-HOT-ZUW-00002,فندق زوارة,investment,LY-INV-HOT-ZUW-00003,فندق زوارة,179.1,1,within_layer_proximity,review_required,retain_and_review,medium,Co-located opportunities may be distinct or parent/child.
investment,LY-INV-HOT-ZUW-00002,فندق زوارة,investment,LY-INV-HOT-ZUW-00004,فندق زوارة,179.1,1,within_layer_proximity,review_required,retain_and_review,medium,Co-located opportunities may be distinct or parent/child.
investment,LY-INV-HOT-NAT-00028,فندق السهم,investment,LY-INV-HOT-NAT-00113,فندق السهم,0.0,1,within_layer_proximity,confirmed_duplicate,retain_and_review,high,Co-located opportunities may be distinct or parent/child.
investment,LY-INV-HOT-NAT-00029,فندق السياحي,investment,LY-INV-HOT-NAT-00114,فندق السياحي,0.0,1,within_layer_proximity,confirmed_duplicate,retain_and_review,high,Co-located opportunities may be distinct or parent/child.
investment,LY-INV-HOT-NAT-00033,فندق الصحراوي,investment,LY-INV-HOT-NAT-00116,فندق الصحراوي,0.0,1,within_layer_proximity,confirmed_duplicate,retain_and_review,high,Co-located opportunities may be distinct or parent/child.
investment,LY-INV-HOT-MIS-00004,فندق الصناعية مصراتة,investment,LY-INV-HOT-MIS-00006,فندق الصناعية مصراتة,0.0,1,within_layer_proximity,confirmed_duplicate,retain_and_review,high,Co-located opportunities may be distinct or parent/child.
investment,LY-INV-HOT-NAT-00039,فندق الكرومة,investment,LY-INV-HOT-NAT-00125,فندق الكرومة,0.0,1,within_layer_proximity,confirmed_duplicate,retain_and_review,high,Co-located opportunities may be distinct or parent/child.
investment,LY-INV-HOT-NAT-00041,فندق المتوسط,investment,LY-INV-HOT-KHO-00005,فندق المتوسط الخمس,0.0,0.833,within_layer_proximity,review_required,retain_and_review,medium,Co-located opportunities may be distinct or parent/child.
investment,LY-INV-HOT-NAT-00042,فندق المدينة,investment,LY-INV-HOT-NAT-00128,فندق المدينة,0.0,1,within_layer_proximity,confirmed_duplicate,retain_and_review,high,Co-located opportunities may be distinct or parent/child.
investment,LY-INV-HOT-NAT-00043,فندق المرقب,investment,LY-INV-HOT-NAT-00131,فندق المرقب,0.0,1,within_layer_proximity,confirmed_duplicate,retain_and_review,high,Co-located opportunities may be distinct or parent/child.
investment,LY-INV-HOT-NAT-00044,فندق المشكاة,investment,LY-INV-HOT-NAT-00133,فندق المشكاة,0.0,1,within_layer_proximity,confirmed_duplicate,retain_and_review,high,Co-located opportunities may be distinct or parent/child.
investment,LY-INV-HOT-NAT-00045,فندق المنامة,investment,LY-INV-HOT-NAT-00135,فندق المنار,196.1,0.842,within_layer_proximity,review_required,retain_and_review,medium,Co-located opportunities may be distinct or parent/child.
investment,LY-INV-HOT-NAT-00046,فندق النخلة,investment,LY-INV-HOT-NAT-00137,فندق النخلة السياحي,0.0,0.75,within_layer_proximity,review_required,retain_and_review,medium,Co-located opportunities may be distinct or parent/child.
investment,LY-INV-HOT-NAT-00048,فندق الهنشيري,investment,LY-INV-HOT-NAT-00143,فندق الهنشيري,0.0,1,within_layer_proximity,confirmed_duplicate,retain_and_review,high,Co-located opportunities may be distinct or parent/child.
investment,LY-INV-HOT-NAT-00049,فندق الهيشة,investment,LY-INV-HOT-NAT-00144,فندق الهيشة,0.0,1,within_layer_proximity,confirmed_duplicate,retain_and_review,high,Co-located opportunities may be distinct or parent/child.
investment,LY-INV-HOT-NAT-00050,فندق الواحات,investment,LY-INV-HOT-NAT-00145,فندق الواحات,0.0,1,within_layer_proximity,confirmed_duplicate,retain_and_review,high,Co-located opportunities may be distinct or parent/child.
investment,LY-INV-HOT-NAT-00051,فندق الياسمين,investment,LY-INV-HOT-NAT-00147,فندق الياسمين,0.0,1,within_layer_proximity,confirmed_duplicate,retain_and_review,high,Co-located opportunities may be distinct or parent/child.
investment,LY-INV-HOT-NAT-00052,فندق أجنحة قرطاج,investment,LY-INV-HOT-NAT-00155,فندق أجنحة قرطاج,0.0,1,within_layer_proximity,confirmed_duplicate,retain_and_review,high,Co-located opportunities may be distinct or parent/child.
investment,LY-INV-HOT-NAT-00054,فندق أوال,investment,LY-INV-HOT-NAT-00161,فندق أوال,0.1,1,within_layer_proximity,confirmed_duplicate,retain_and_review,high,Co-located opportunities may be distinct or parent/child.
investment,LY-INV-HOT-NAT-00054,فندق أوال,investment,LY-INV-HOT-TRI-00028,فندق أوال,119.2,1,within_layer_proximity,review_required,retain_and_review,medium,Co-located opportunities may be distinct or parent/child.
investment,LY-INV-HOT-TRI-00019,فندق باب البحر,investment,LY-INV-HOT-NAT-00164,فندق باب البحر,0.0,1,within_layer_proximity,confirmed_duplicate,retain_and_review,high,Co-located opportunities may be distinct or parent/child.
investment,LY-INV-HOT-NAT-00055,فندق بلازما,investment,LY-INV-HOT-NAT-00167,فندق بلازما,0.0,1,within_layer_proximity,confirmed_duplicate,retain_and_review,high,Co-located opportunities may be distinct or parent/child.
investment,LY-INV-HOT-NAT-00055,فندق بلازما,investment,LY-INV-HOT-TRI-00046,فندق بلازما,20.4,1,within_layer_proximity,probable_duplicate,retain_and_review,medium,Co-located opportunities may be distinct or parent/child.
investment,LY-INV-HOT-NAT-00056,فندق بن يدر,investment,LY-INV-HOT-NAT-00168,فندق بن يدر,0.0,1,within_layer_proximity,confirmed_duplicate,retain_and_review,high,Co-located opportunities may be distinct or parent/child.
investment,LY-INV-HOT-NAT-00057,فندق بنت السيد,investment,LY-INV-HOT-NAT-00169,فندق بنت السيد,0.0,1,within_layer_proximity,confirmed_duplicate,retain_and_review,high,Co-located opportunities may be distinct or parent/child.
investment,LY-INV-HOT-NAT-00058,فندق بودلغوسة,investment,LY-INV-HOT-NAT-00170,فندق بودلغوسة,0.0,1,within_layer_proximity,confirmed_duplicate,retain_and_review,high,Co-located opportunities may be distinct or parent/child.
investment,LY-INV-HOT-NAT-00061,فندق تابكت,investment,LY-INV-HOT-NAT-00171,فندق تابكت,0.0,1,within_layer_proximity,confirmed_duplicate,retain_and_review,high,Co-located opportunities may be distinct or parent/child.
investment,LY-INV-HOT-NAT-00062,فندق توباكتس,investment,LY-INV-HOT-NAT-00172,فندق توباكتس,0.0,1,within_layer_proximity,confirmed_duplicate,retain_and_review,high,Co-located opportunities may be distinct or parent/child.
investment,LY-INV-HOT-NAT-00062,فندق توباكتس,investment,LY-INV-HOT-TRI-00051,فندق توباكتس,40.1,1,within_layer_proximity,probable_duplicate,retain_and_review,medium,Co-located opportunities may be distinct or parent/child.
investment,LY-INV-HOT-NAT-00063,فندق جي دبليو ماريوت,investment,LY-INV-HOT-NAT-00178,فندق جي دبليو ماريوت,0.0,1,within_layer_proximity,confirmed_duplicate,retain_and_review,high,Co-located opportunities may be distinct or parent/child.
investment,LY-INV-HOT-NAT-00066,فندق ريكسوس,investment,LY-INV-HOT-NAT-00186,فندق ريكسوس,0.0,1,within_layer_proximity,confirmed_duplicate,retain_and_review,high,Co-located opportunities may be distinct or parent/child.
investment,LY-INV-HOT-ZLI-00001,فندق زليتن,investment,LY-INV-HOT-ZLI-00002,فندق زليتن,0.0,1,within_layer_proximity,confirmed_duplicate,retain_and_review,high,Co-located opportunities may be distinct or parent/child.
investment,LY-INV-HOT-NAT-00067,فندق زميت,investment,LY-INV-HOT-NAT-00187,فندق زميت,0.0,1,within_layer_proximity,confirmed_duplicate,retain_and_review,high,Co-located opportunities may be distinct or parent/child.
investment,LY-INV-HOT-NAT-00068,فندق زهرة الخليج,investment,LY-INV-HOT-NAT-00189,فندق زهرة الخليج,0.0,1,within_layer_proximity,confirmed_duplicate,retain_and_review,high,Co-located opportunities may be distinct or parent/child.
investment,LY-INV-HOT-NAT-00068,فندق زهرة الخليج,investment,LY-INV-HOT-TRI-00044,فندق زهرة الخليج,31.6,1,within_layer_proximity,probable_duplicate,retain_and_review,medium,Co-located opportunities may be distinct or parent/child.
investment,LY-INV-HOT-ZUW-00003,فندق زوارة,investment,LY-INV-HOT-ZUW-00004,فندق زوارة,0.0,1,within_layer_proximity,confirmed_duplicate,retain_and_review,high,Co-located opportunities may be distinct or parent/child.
investment,LY-INV-HOT-NAT-00069,فندق سرايا الليبو,investment,LY-INV-HOT-NAT-00191,فندق سرايا الليبو,0.0,1,within_layer_proximity,confirmed_duplicate,retain_and_review,high,Co-located opportunities may be distinct or parent/child.
investment,LY-INV-HOT-NAT-00071,فندق سفاري 2,investment,LY-INV-HOT-NAT-00192,فندق سفاري 2,0.0,1,within_layer_proximity,confirmed_duplicate,retain_and_review,high,Co-located opportunities may be distinct or parent/child.
investment,LY-INV-HOT-NAT-00072,فندق سفيروس,investment,LY-INV-HOT-KHO-00006,فندق سفيروس الخمس,0.0,0.783,within_layer_proximity,review_required,retain_and_review,medium,Co-located opportunities may be distinct or parent/child.
investment,LY-INV-HOT-NAT-00073,فندق شروق افريقيا,investment,LY-INV-HOT-NAT-00193,فندق شروق افريقيا,0.0,1,within_layer_proximity,confirmed_duplicate,retain_and_review,high,Co-located opportunities may be distinct or parent/child.
investment,LY-INV-HOT-NAT-00074,فندق صحارى ليبيا,investment,LY-INV-HOT-NAT-00194,فندق صحارى ليبيا,0.0,1,within_layer_proximity,confirmed_duplicate,retain_and_review,high,Co-located opportunities may be distinct or parent/child.
investment,LY-INV-HOT-NAT-00075,فندق ضيافة ونيس,investment,LY-INV-HOT-NAT-00195,فندق ضيافة ونيس,0.0,1,within_layer_proximity,confirmed_duplicate,retain_and_review,high,Co-located opportunities may be distinct or parent/child.
investment,LY-INV-HOT-NAT-00076,فندق طليطلة,investment,LY-INV-HOT-NAT-00196,فندق طليطلة,0.0,1,within_layer_proximity,confirmed_duplicate,retain_and_review,high,Co-located opportunities may be distinct or parent/child.
investment,LY-INV-HOT-NAT-00080,فندق غابة الكشافة,investment,LY-INV-HOT-NAT-00198,فندق غابة الكشافة,0.0,1,within_layer_proximity,confirmed_duplicate,retain_and_review,high,Co-located opportunities may be distinct or parent/child.
investment,LY-INV-HOT-NAT-00081,فندق غريان السياحي,investment,LY-INV-HOT-NAT-00199,فندق غريان السياحي,0.0,1,within_layer_proximity,confirmed_duplicate,retain_and_review,high,Co-located opportunities may be distinct or parent/child.
investment,LY-INV-HOT-NAT-00081,فندق غريان السياحي,investment,LY-INV-HOT-NAT-00259,فندق غريان السياحي,1.0,1,within_layer_proximity,probable_duplicate,retain_and_review,medium,Co-located opportunities may be distinct or parent/child.
investment,LY-INV-HOT-NAT-00082,فندق قرطاج,investment,LY-INV-HOT-NAT-00202,فندق قرطاج,0.0,1,within_layer_proximity,confirmed_duplicate,retain_and_review,high,Co-located opportunities may be distinct or parent/child.
investment,LY-INV-HOT-NAT-00083,فندق قصر الظهرة,investment,LY-INV-HOT-NAT-00203,فندق قصر الظهرة,0.0,1,within_layer_proximity,confirmed_duplicate,retain_and_review,high,Co-located opportunities may be distinct or parent/child.
investment,LY-INV-HOT-NAT-00084,فندق قصر الفيروز,investment,LY-INV-HOT-NAT-00205,فندق قصر الفيروز,0.0,1,within_layer_proximity,confirmed_duplicate,retain_and_review,high,Co-located opportunities may be distinct or parent/child.
investment,LY-INV-HOT-SAB-00003,فندق قمر صبراتة,investment,LY-INV-HOT-SAB-00004,فندق قمر صبراتة,0.0,1,within_layer_proximity,confirmed_duplicate,retain_and_review,high,Co-located opportunities may be distinct or parent/child.
investment,LY-INV-HOT-NAT-00085,فندق كونتنتال,investment,LY-INV-HOT-NAT-00211,فندق كونتنتال,0.0,1,within_layer_proximity,confirmed_duplicate,retain_and_review,high,Co-located opportunities may be distinct or parent/child.
investment,LY-INV-HOT-NAT-00086,فندق ليالي قرطاج,investment,LY-INV-HOT-NAT-00212,فندق ليالي قرطاج,0.0,1,within_layer_proximity,confirmed_duplicate,retain_and_review,high,Co-located opportunities may be distinct or parent/child.
investment,LY-INV-HOT-NAT-00087,فندق ليبيا,investment,LY-INV-HOT-NAT-00213,فندق ليبيا,0.0,1,within_layer_proximity,confirmed_duplicate,retain_and_review,high,Co-located opportunities may be distinct or parent/child.
investment,LY-INV-HOT-NAT-00088,فندق مادي الحسان,investment,LY-INV-HOT-NAT-00214,فندق مادي الحسان,0.0,1,within_layer_proximity,confirmed_duplicate,retain_and_review,high,Co-located opportunities may be distinct or parent/child.
investment,LY-INV-HOT-GHA-00007,فندق نجوم غدامس,investment,LY-INV-HOT-GHA-00008,فندق نجوم غدامس,0.0,1,within_layer_proximity,confirmed_duplicate,retain_and_review,high,Co-located opportunities may be distinct or parent/child.
investment,LY-INV-HOT-NAT-00089,فندق نور الثريا,investment,LY-INV-HOT-TRI-00035,فندق نور الثرياء,37.6,0.96,within_layer_proximity,probable_duplicate,retain_and_review,medium,Co-located opportunities may be distinct or parent/child.
investment,LY-INV-HOT-NAT-00089,فندق نور الثريا,investment,LY-INV-HOT-TRI-00038,فندق الثريا,220.9,0.762,within_layer_proximity,review_required,retain_and_review,medium,Co-located opportunities may be distinct or parent/child.
investment,LY-INV-HOT-NAT-00090,فندق واستراحة جادو,investment,LY-INV-HOT-NAT-00217,فندق واستراحة جادو,0.0,1,within_layer_proximity,confirmed_duplicate,retain_and_review,high,Co-located opportunities may be distinct or parent/child.
investment,LY-INV-HOT-NAT-00092,فندق ومطعم النزهة,investment,LY-INV-HOT-NAT-00218,فندق ومطعم النزهة,0.0,1,within_layer_proximity,confirmed_duplicate,retain_and_review,high,Co-located opportunities may be distinct or parent/child.
investment,LY-INV-HOT-NAT-00093,فندق يفرن,investment,LY-INV-HOT-NAT-00219,فندق يفرن,0.0,1,within_layer_proximity,confirmed_duplicate,retain_and_review,high,Co-located opportunities may be distinct or parent/child.
investment,LY-INV-HOT-TRI-00021,طرابلس للشقق الفندقية,investment,LY-INV-HOT-TRI-00024,طرابلس للشقق الفندقية,0.0,1,within_layer_proximity,confirmed_duplicate,retain_and_review,high,Co-located opportunities may be distinct or parent/child.
investment,LY-INV-REV-TRI-00001,نزل طرابلس الحديث,investment,LY-INV-REV-TRI-00002,نزل طرابلس الحديث,0.0,1,within_layer_proximity,confirmed_duplicate,retain_and_review,high,Co-located opportunities may be distinct or parent/child.
investment,LY-INV-HOT-NAT-00115,فندق اجدابيا,investment,LY-INV-HOT-NAT-00252,فندق اجدابيا السياحي,8.6,0.769,within_layer_proximity,review_required,retain_and_review,medium,Co-located opportunities may be distinct or parent/child.
investment,LY-INV-HOT-NAT-00141,فندق الهاني/ نزل,investment,LY-INV-HOT-NAT-00231,فندق الهاني,82.6,0.857,within_layer_proximity,review_required,retain_and_review,medium,Co-located opportunities may be distinct or parent/child.
investment,LY-INV-HOT-NAT-00161,فندق أوال,investment,LY-INV-HOT-TRI-00028,فندق أوال,119.3,1,within_layer_proximity,review_required,retain_and_review,medium,Co-located opportunities may be distinct or parent/child.
investment,LY-INV-HOT-NAT-00167,فندق بلازما,investment,LY-INV-HOT-TRI-00046,فندق بلازما,20.4,1,within_layer_proximity,probable_duplicate,retain_and_review,medium,Co-located opportunities may be distinct or parent/child.
investment,LY-INV-HOT-NAT-00172,فندق توباكتس,investment,LY-INV-HOT-TRI-00051,فندق توباكتس,40.1,1,within_layer_proximity,probable_duplicate,retain_and_review,medium,Co-located opportunities may be distinct or parent/child.
investment,LY-INV-HOT-NAT-00185,فندق ريباس,investment,LY-INV-HOT-TRI-00054,فندق ريباس,16.2,1,within_layer_proximity,probable_duplicate,retain_and_review,medium,Co-located opportunities may be distinct or parent/child.
investment,LY-INV-HOT-NAT-00189,فندق زهرة الخليج,investment,LY-INV-HOT-TRI-00044,فندق زهرة الخليج,31.6,1,within_layer_proximity,probable_duplicate,retain_and_review,medium,Co-located opportunities may be distinct or parent/child.
investment,LY-INV-HOT-NAT-00199,فندق غريان السياحي,investment,LY-INV-HOT-NAT-00259,فندق غريان السياحي,1.0,1,within_layer_proximity,probable_duplicate,retain_and_review,medium,Co-located opportunities may be distinct or parent/child.
investment,LY-INV-HOT-TRI-00025,فندق قرطاج السياحى1,investment,LY-INV-HOT-TRI-00031,فندق قرطاج السياحى2,35.6,0.938,within_layer_proximity,probable_duplicate,retain_and_review,medium,Co-located opportunities may be distinct or parent/child.
investment,LY-INV-HOT-TRI-00027,فندق الفصول الاربعة 3,investment,LY-INV-HOT-TRI-00036,فندق الفصول الاربعة 2,236.0,0.933,within_layer_proximity,review_required,retain_and_review,medium,Co-located opportunities may be distinct or parent/child.
investment,LY-INV-HOT-TRI-00027,فندق الفصول الاربعة 3,investment,LY-INV-HOT-TRI-00042,فندق الفصول الابعة 1,130.5,0.828,within_layer_proximity,review_required,retain_and_review,medium,Co-located opportunities may be distinct or parent/child.
investment,LY-INV-HOT-TRI-00032,فندق التوفيق 2,investment,LY-INV-HOT-TRI-00048,فندق التوفيق 1,51.9,0.909,within_layer_proximity,probable_duplicate,retain_and_review,medium,Co-located opportunities may be distinct or parent/child.
investment,LY-INV-HOT-TRI-00036,فندق الفصول الاربعة 2,investment,LY-INV-HOT-TRI-00042,فندق الفصول الابعة 1,121.5,0.828,within_layer_proximity,review_required,retain_and_review,medium,Co-located opportunities may be distinct or parent/child.
investment,LY-INV-HOT-TRI-00039,فندق الشاطئ الذهبى,investment,LY-INV-HOT-NAT-00250,فندق الشاطىء الذهبي,108.6,0.897,within_layer_proximity,review_required,retain_and_review,medium,Co-located opportunities may be distinct or parent/child.
investment,LY-INV-REV-NAT-00035,سيدي عبدالجليل-1,investment,LY-INV-REV-NAT-00036,سيدي عبدالجليل-2,145.3,0.923,within_layer_proximity,review_required,retain_and_review,medium,Co-located opportunities may be distinct or parent/child.
investment,LY-INV-REV-NAT-00036,سيدي عبدالجليل-2,investment,LY-INV-REV-NAT-00037,سيدي عبدالجليل-3,121.3,0.923,within_layer_proximity,review_required,retain_and_review,medium,Co-located opportunities may be distinct or parent/child.
investment,LY-INV-REV-NAT-00037,سيدي عبدالجليل-3,investment,LY-INV-REV-NAT-00038,سيدي عبدالجليل-4,249.8,0.923,within_layer_proximity,review_required,retain_and_review,medium,Co-located opportunities may be distinct or parent/child.
investment,LY-INV-REV-NAT-00039,سيدي عبدالجليل-5,investment,LY-INV-REV-NAT-00040,سيدي عبدالجليل-6,230.9,0.923,within_layer_proximity,review_required,retain_and_review,medium,Co-located opportunities may be distinct or parent/child.
hotels,LY-HOT-000005,منتجع شحات السياحي,resorts,LY-ACC-RES-SHA-00001,منتج شحات السياحي,11.5,0.968,nearby,cross_layer_relationship,retain_and_review,low,Cross-layer candidate; centroid/proximity never used alone for deletion.
hotels,LY-HOT-000011,منتجع الينابيع السياحي,resorts,LY-ACC-RES-NAT-00038,منتجع الينابيع السياحي,44.1,1.0,nearby,cross_layer_relationship,retain_and_review,low,Cross-layer candidate; centroid/proximity never used alone for deletion.
hotels,LY-HOT-000026,منتجع وموتيل الأمان,resorts,LY-ACC-RES-SHA-00002,منتجع وموتيل الأمان 1,44.4,0.971,nearby,cross_layer_relationship,retain_and_review,low,Cross-layer candidate; centroid/proximity never used alone for deletion.
hotels,LY-HOT-000370,Sabratha youth hostel _بيت شباب صبراتة,resorts,LY-ACC-RES-SAB-00007,Sabratha youth hostel _بيت شباب صبراتة,0.0,1.0,nearby,probable_duplicate,review_cross_layer_role_before_any_change,medium,Cross-layer candidate; centroid/proximity never used alone for deletion.
hotels,LY-HOT-000371,Lancaster Al Salam Resort - منتجع لانكستر السلام,resorts,LY-ACC-RES-NAT-00063,Lancaster Al Salam Resort - منتجع لانكستر السلام,0.0,1.0,nearby,probable_duplicate,review_cross_layer_role_before_any_change,medium,Cross-layer candidate; centroid/proximity never used alone for deletion.
hotels,LY-HOT-000001,فندق كورنثيا,investment,LY-INV-HOT-TRI-00002,فندق كورنثيا,0.0,1.0,nearby,parent_child_relationship,retain_both_link_project_and_facility,medium,Cross-layer candidate; centroid/proximity never used alone for deletion.
hotels,LY-HOT-000002,فندق بينثابوليس,investment,LY-INV-HOT-BAY-00001,فندق بينثابوليس,0.0,1.0,nearby,parent_child_relationship,retain_both_link_project_and_facility,medium,Cross-layer candidate; centroid/proximity never used alone for deletion.
hotels,LY-HOT-000004,فندق تبرس,investment,LY-INV-HOT-TRI-00003,فندق تبرس,0.0,1.0,nearby,parent_child_relationship,retain_both_link_project_and_facility,medium,Cross-layer candidate; centroid/proximity never used alone for deletion.
hotels,LY-HOT-000005,منتجع شحات السياحي,investment,LY-INV-RES-SHA-00001,منتج شحات السياحي,11.5,0.968,nearby,parent_child_relationship,retain_both_link_project_and_facility,medium,Cross-layer candidate; centroid/proximity never used alone for deletion.
hotels,LY-HOT-000005,منتجع شحات السياحي,investment,LY-INV-RES-SHA-00010,منتجع شحات السياحي,0.0,1.0,nearby,parent_child_relationship,retain_both_link_project_and_facility,medium,Cross-layer candidate; centroid/proximity never used alone for deletion.
hotels,LY-HOT-000006,فندق المنارة,investment,LY-INV-HOT-NAT-00001,فندق المنارة,0.0,1.0,nearby,parent_child_relationship,retain_both_link_project_and_facility,medium,Cross-layer candidate; centroid/proximity never used alone for deletion.
hotels,LY-HOT-000007,فندق لؤلؤة الخليج,investment,LY-INV-HOT-BAY-00002,فندق لؤلؤة الخليج,0.0,1.0,nearby,parent_child_relationship,retain_both_link_project_and_facility,medium,Cross-layer candidate; centroid/proximity never used alone for deletion.
hotels,LY-HOT-000008,فندق التلال الوسيطة البيضاء,investment,LY-INV-HOT-BAY-00003,فندق التلال الوسيطة البيضاء,0.0,1.0,nearby,parent_child_relationship,retain_both_link_project_and_facility,medium,Cross-layer candidate; centroid/proximity never used alone for deletion.
hotels,LY-HOT-000009,العنود للشقق الفندقية,investment,LY-INV-HOT-NAT-00002,العنود للشقق الفندقية,0.0,1.0,nearby,parent_child_relationship,retain_both_link_project_and_facility,medium,Cross-layer candidate; centroid/proximity never used alone for deletion.
hotels,LY-HOT-000010,فندق الثريا,investment,LY-INV-HOT-NAT-00003,فندق الثريا,0.0,1.0,nearby,parent_child_relationship,retain_both_link_project_and_facility,medium,Cross-layer candidate; centroid/proximity never used alone for deletion.
hotels,LY-HOT-000011,منتجع الينابيع السياحي,investment,LY-INV-RES-NAT-00038,منتجع الينابيع السياحي,44.1,1.0,nearby,parent_child_relationship,retain_both_link_project_and_facility,medium,Cross-layer candidate; centroid/proximity never used alone for deletion.
hotels,LY-HOT-000011,منتجع الينابيع السياحي,investment,LY-INV-EXP-SHA-00001,منتجع الينابيع السياحي,0.0,1.0,nearby,parent_child_relationship,retain_both_link_project_and_facility,medium,Cross-layer candidate; centroid/proximity never used alone for deletion.
hotels,LY-HOT-000012,فندق برقة,investment,LY-INV-HOT-NAT-00004,فندق برقة,0.0,1.0,nearby,parent_child_relationship,retain_both_link_project_and_facility,medium,Cross-layer candidate; centroid/proximity never used alone for deletion.
hotels,LY-HOT-000013,فندق الهديل,investment,LY-INV-HOT-NAT-00005,فندق الهديل,0.0,1.0,nearby,parent_child_relationship,retain_both_link_project_and_facility,medium,Cross-layer candidate; centroid/proximity never used alone for deletion.
hotels,LY-HOT-000017,فندق فكتوريا,investment,LY-INV-HOT-TRI-00004,فندق فكتوريا,0.1,1.0,nearby,parent_child_relationship,retain_both_link_project_and_facility,medium,Cross-layer candidate; centroid/proximity never used alone for deletion.
hotels,LY-HOT-000018,فندق الطاووس,investment,LY-INV-HOT-TRI-00005,فندق الطاووس,0.1,1.0,nearby,parent_child_relationship,retain_both_link_project_and_facility,medium,Cross-layer candidate; centroid/proximity never used alone for deletion.
hotels,LY-HOT-000019,فندق الودان,investment,LY-INV-HOT-TRI-00007,فندق الودان,56.1,1.0,nearby,parent_child_relationship,retain_both_link_project_and_facility,medium,Cross-layer candidate; centroid/proximity never used alone for deletion.
hotels,LY-HOT-000021,فندق سان جورج,investment,LY-INV-HOT-TOB-00003,فندق سان جورج,0.0,1.0,nearby,parent_child_relationship,retain_both_link_project_and_facility,medium,Cross-layer candidate; centroid/proximity never used alone for deletion.
hotels,LY-HOT-000023,بيوت الشباب,investment,LY-INV-REV-SHA-00001,بيوت الشباب,0.0,1.0,nearby,parent_child_relationship,retain_both_link_project_and_facility,medium,Cross-layer candidate; centroid/proximity never used alone for deletion.
hotels,LY-HOT-000024,فندق بلاغراي السياحي ( التلال سابقا ),investment,LY-INV-HOT-BAY-00004,فندق بلاغراي السياحي ( التلال سابقا ),0.1,1.0,nearby,parent_child_relationship,retain_both_link_project_and_facility,medium,Cross-layer candidate; centroid/proximity never used alone for deletion.
hotels,LY-HOT-000025,منتجع ايميليا,investment,LY-INV-RES-DER-00003,منتجع ايميليا,0.0,1.0,nearby,parent_child_relationship,retain_both_link_project_and_facility,medium,Cross-layer candidate; centroid/proximity never used alone for deletion.
hotels,LY-HOT-000026,منتجع وموتيل الأمان,investment,LY-INV-RES-SHA-00002,منتجع وموتيل الأمان 1,44.4,0.971,nearby,parent_child_relationship,retain_both_link_project_and_facility,medium,Cross-layer candidate; centroid/proximity never used alone for deletion.
hotels,LY-HOT-000026,منتجع وموتيل الأمان,investment,LY-INV-RES-SHA-00011,منتجع وموتيل الأمان,0.0,1.0,nearby,parent_child_relationship,retain_both_link_project_and_facility,medium,Cross-layer candidate; centroid/proximity never used alone for deletion.
hotels,LY-HOT-000028,نالوت غدامس فندق باب العز,investment,LY-INV-HOT-GHA-00004,نالوت غدامس فندق باب العز,0.1,1.0,nearby,parent_child_relationship,retain_both_link_project_and_facility,medium,Cross-layer candidate; centroid/proximity never used alone for deletion.
hotels,LY-HOT-000029,فندق أبراج الوسطى,investment,LY-INV-HOT-NAT-00006,فندق أبراج الوسطى,164.0,1.0,nearby,parent_child_relationship,retain_both_link_project_and_facility,medium,Cross-layer candidate; centroid/proximity never used alone for deletion.
hotels,LY-HOT-000030,فندق طيبة,investment,LY-INV-HOT-SEB-00001,فندق طيبة,67.9,1.0,nearby,parent_child_relationship,retain_both_link_project_and_facility,medium,Cross-layer candidate; centroid/proximity never used alone for deletion.
hotels,LY-HOT-000031,فندق قصر الفيروز,investment,LY-INV-HOT-TRI-00009,فندق قصر الفيروز,0.0,1.0,nearby,parent_child_relationship,retain_both_link_project_and_facility,medium,Cross-layer candidate; centroid/proximity never used alone for deletion.
hotels,LY-HOT-000033,فندق ابونواس,investment,LY-INV-HOT-NAT-00007,فندق ابونواس,0.0,1.0,nearby,parent_child_relationship,retain_both_link_project_and_facility,medium,Cross-layer candidate; centroid/proximity never used alone for deletion.
hotels,LY-HOT-000034,فندق احواص,investment,LY-INV-HOT-NAT-00008,فندق احواص,0.0,1.0,nearby,parent_child_relationship,retain_both_link_project_and_facility,medium,Cross-layer candidate; centroid/proximity never used alone for deletion.
hotels,LY-HOT-000035,فندق الانوار,investment,LY-INV-HOT-NAT-00009,فندق الانوار,0.0,1.0,nearby,parent_child_relationship,retain_both_link_project_and_facility,medium,Cross-layer candidate; centroid/proximity never used alone for deletion.
hotels,LY-HOT-000036,فندق الأخوة,investment,LY-INV-HOT-TRI-00010,فندق الأخوة,0.1,1.0,nearby,parent_child_relationship,retain_both_link_project_and_facility,medium,Cross-layer candidate; centroid/proximity never used alone for deletion.
hotels,LY-HOT-000037,فندق الأصالة,investment,LY-INV-HOT-TRI-00011,فندق الأصالة,11.8,1.0,nearby,parent_child_relationship,retain_both_link_project_and_facility,medium,Cross-layer candidate; centroid/proximity never used alone for deletion.
hotels,LY-HOT-000038,فندق الأصيل,investment,LY-INV-HOT-NAT-00010,فندق الأصيل,12.9,1.0,nearby,parent_child_relationship,retain_both_link_project_and_facility,medium,Cross-layer candidate; centroid/proximity never used alone for deletion.
hotels,LY-HOT-000039,فندق الأندلس,investment,LY-INV-HOT-NAT-00011,فندق الأندلس,12.1,1.0,nearby,parent_child_relationship,retain_both_link_project_and_facility,medium,Cross-layer candidate; centroid/proximity never used alone for deletion.
hotels,LY-HOT-000040,فندق البركة,investment,LY-INV-HOT-MIS-00002,فندق البركة,5.6,1.0,nearby,parent_child_relationship,retain_both_link_project_and_facility,medium,Cross-layer candidate; centroid/proximity never used alone for deletion.
hotels,LY-HOT-000041,فندق البستان,investment,LY-INV-HOT-NAT-00012,فندق البستان,0.1,1.0,nearby,parent_child_relationship,retain_both_link_project_and_facility,medium,Cross-layer candidate; centroid/proximity never used alone for deletion.
hotels,LY-HOT-000042,التاج للشقق الفندقية,investment,LY-INV-HOT-MIS-00003,التاج للشقق الفندقية,11.1,1.0,nearby,parent_child_relationship,retain_both_link_project_and_facility,medium,Cross-layer candidate; centroid/proximity never used alone for deletion.
hotels,LY-HOT-000044,فندق الجبل,investment,LY-INV-HOT-NAT-00014,فندق الجبل,65.5,1.0,nearby,parent_child_relationship,retain_both_link_project_and_facility,medium,Cross-layer candidate; centroid/proximity never used alone for deletion.
hotels,LY-HOT-000044,فندق الجبل,investment,LY-INV-HOT-NAT-00099,فندق الجبل,65.5,1.0,nearby,parent_child_relationship,retain_both_link_project_and_facility,medium,Cross-layer candidate; centroid/proximity never used alone for deletion.
hotels,LY-HOT-000045,فندق جوهرة صبراتة السياحي,investment,LY-INV-HOT-SAB-00002,فندق جوهرة صبراتة السياحي,0.0,1.0,nearby,parent_child_relationship,retain_both_link_project_and_facility,medium,Cross-layer candidate; centroid/proximity never used alone for deletion.
hotels,LY-HOT-000046,فندق الجوهرة الزاوية,investment,LY-INV-HOT-NAT-00015,فندق الجوهرة الزاوية,0.0,1.0,nearby,parent_child_relationship,retain_both_link_project_and_facility,medium,Cross-layer candidate; centroid/proximity never used alone for deletion.
hotels,LY-HOT-000048,فندق الحمام السياحي,investment,LY-INV-HOT-NAT-00017,فندق الحمام السياحي,0.0,1.0,nearby,parent_child_relationship,retain_both_link_project_and_facility,medium,Cross-layer candidate; centroid/proximity never used alone for deletion.
hotels,LY-HOT-000048,فندق الحمام السياحي,investment,LY-INV-HOT-NAT-00104,فندق الحمام السياحي,0.0,1.0,nearby,parent_child_relationship,retain_both_link_project_and_facility,medium,Cross-layer candidate; centroid/proximity never used alone for deletion.
hotels,LY-HOT-000049,فندق الخان الطرابلسي,investment,LY-INV-HOT-TRI-00012,فندق الخان الطرابلسي,25.6,1.0,nearby,parent_child_relationship,retain_both_link_project_and_facility,medium,Cross-layer candidate; centroid/proximity never used alone for deletion.
hotels,LY-HOT-000049,فندق الخان الطرابلسي,investment,LY-INV-HOT-TRI-00022,فندق الخان الطرابلسي,25.6,1.0,nearby,parent_child_relationship,retain_both_link_project_and_facility,medium,Cross-layer candidate; centroid/proximity never used alone for deletion.
hotels,LY-HOT-000050,فندق الخليج,investment,LY-INV-HOT-NAT-00019,فندق الخليج,1.4,1.0,nearby,parent_child_relationship,retain_both_link_project_and_facility,medium,Cross-layer candidate; centroid/proximity never used alone for deletion.
hotels,LY-HOT-000051,فندق الدبلوماسي,investment,LY-INV-HOT-TRI-00013,فندق الدبلوماسي,13.1,1.0,nearby,parent_child_relationship,retain_both_link_project_and_facility,medium,Cross-layer candidate; centroid/proximity never used alone for deletion.
hotels,LY-HOT-000052,فندق الدوحة,investment,LY-INV-HOT-NAT-00021,فندق الدوحة,2.2,1.0,nearby,parent_child_relationship,retain_both_link_project_and_facility,medium,Cross-layer candidate; centroid/proximity never used alone for deletion.
hotels,LY-HOT-000052,فندق الدوحة,investment,LY-INV-HOT-NAT-00107,فندق الدوحة,2.2,1.0,nearby,parent_child_relationship,retain_both_link_project_and_facility,medium,Cross-layer candidate; centroid/proximity never used alone for deletion.
hotels,LY-HOT-000053,فندق الديار,investment,LY-INV-HOT-NAT-00022,فندق الديار,0.0,1.0,nearby,parent_child_relationship,retain_both_link_project_and_facility,medium,Cross-layer candidate; centroid/proximity never used alone for deletion.
hotels,LY-HOT-000054,فندق الرابطة,investment,LY-INV-HOT-NAT-00023,فندق الرابطة,0.0,1.0,nearby,parent_child_relationship,retain_both_link_project_and_facility,medium,Cross-layer candidate; centroid/proximity never used alone for deletion.
hotels,LY-HOT-000054,فندق الرابطة,investment,LY-INV-HOT-NAT-00257,فندق الرابطة,22.5,1.0,nearby,parent_child_relationship,retain_both_link_project_and_facility,medium,Cross-layer candidate; centroid/proximity never used alone for deletion.
hotels,LY-HOT-000055,فندق الرفيع,investment,LY-INV-HOT-NAT-00024,فندق الرفيع,0.0,1.0,nearby,parent_child_relationship,retain_both_link_project_and_facility,medium,Cross-layer candidate; centroid/proximity never used alone for deletion.
hotels,LY-HOT-000056,فندق الريان,investment,LY-INV-HOT-TRI-00014,فندق الريان,9.1,1.0,nearby,parent_child_relationship,retain_both_link_project_and_facility,medium,Cross-layer candidate; centroid/proximity never used alone for deletion.
hotels,LY-HOT-000056,فندق الريان,investment,LY-INV-HOT-TRI-00038,فندق الثريا,93.5,0.9,nearby,parent_child_relationship,retain_both_link_project_and_facility,medium,Cross-layer candidate; centroid/proximity never used alone for deletion.
hotels,LY-HOT-000057,فندق الزهر,investment,LY-INV-HOT-NAT-00025,فندق الزهر,0.0,1.0,nearby,parent_child_relationship,retain_both_link_project_and_facility,medium,Cross-layer candidate; centroid/proximity never used alone for deletion.
hotels,LY-HOT-000057,فندق الزهر,investment,LY-INV-HOT-NAT-00109,فندق الزهر,0.0,1.0,nearby,parent_child_relationship,retain_both_link_project_and_facility,medium,Cross-layer candidate; centroid/proximity never used alone for deletion.
hotels,LY-HOT-000059,فندق السرايا,investment,LY-INV-HOT-NAT-00027,فندق السرايا,0.0,1.0,nearby,parent_child_relationship,retain_both_link_project_and_facility,medium,Cross-layer candidate; centroid/proximity never used alone for deletion.
hotels,LY-HOT-000059,فندق السرايا,investment,LY-INV-HOT-NAT-00111,فندق السرايا,0.0,1.0,nearby,parent_child_relationship,retain_both_link_project_and_facility,medium,Cross-layer candidate; centroid/proximity never used alone for deletion.
hotels,LY-HOT-000060,فندق زوارة,investment,LY-INV-HOT-ZUW-00002,فندق زوارة,0.0,1.0,nearby,parent_child_relationship,retain_both_link_project_and_facility,medium,Cross-layer candidate; centroid/proximity never used alone for deletion.
hotels,LY-HOT-000060,فندق زوارة,investment,LY-INV-HOT-ZUW-00003,فندق زوارة,179.1,1.0,nearby,parent_child_relationship,retain_both_link_project_and_facility,medium,Cross-layer candidate; centroid/proximity never used alone for deletion.
hotels,LY-HOT-000060,فندق زوارة,investment,LY-INV-HOT-ZUW-00004,فندق زوارة,179.1,1.0,nearby,parent_child_relationship,retain_both_link_project_and_facility,medium,Cross-layer candidate; centroid/proximity never used alone for deletion.
hotels,LY-HOT-000061,فندق السندباد,investment,LY-INV-HOT-TRI-00015,فندق السندباد,0.0,1.0,nearby,parent_child_relationship,retain_both_link_project_and_facility,medium,Cross-layer candidate; centroid/proximity never used alone for deletion.
hotels,LY-HOT-000062,فندق الشجرة,investment,LY-INV-HOT-NAT-00031,فندق الشجرة,0.0,1.0,nearby,parent_child_relationship,retain_both_link_project_and_facility,medium,Cross-layer candidate; centroid/proximity never used alone for deletion.
hotels,LY-HOT-000063,فندق الشرق,investment,LY-INV-HOT-NAT-00032,فندق الشرق,23.8,1.0,nearby,parent_child_relationship,retain_both_link_project_and_facility,medium,Cross-layer candidate; centroid/proximity never used alone for deletion.
hotels,LY-HOT-000064,فندق الشمس,investment,LY-INV-HOT-TRI-00016,فندق الشمس,0.0,1.0,nearby,parent_child_relationship,retain_both_link_project_and_facility,medium,Cross-layer candidate; centroid/proximity never used alone for deletion.
hotels,LY-HOT-000065,فندق الصفوة,investment,LY-INV-HOT-NAT-00034,فندق الصفوة,0.0,1.0,nearby,parent_child_relationship,retain_both_link_project_and_facility,medium,Cross-layer candidate; centroid/proximity never used alone for deletion.
hotels,LY-HOT-000066,فندق الصناعية مصراتة,investment,LY-INV-HOT-MIS-00004,فندق الصناعية مصراتة,0.0,1.0,nearby,parent_child_relationship,retain_both_link_project_and_facility,medium,Cross-layer candidate; centroid/proximity never used alone for deletion.
hotels,LY-HOT-000066,فندق الصناعية مصراتة,investment,LY-INV-HOT-MIS-00006,فندق الصناعية مصراتة,0.0,1.0,nearby,parent_child_relationship,retain_both_link_project_and_facility,medium,Cross-layer candidate; centroid/proximity never used alone for deletion.
hotels,LY-HOT-000067,فندق الصولجان,investment,LY-INV-HOT-TRI-00017,فندق الصولجان,0.0,1.0,nearby,parent_child_relationship,retain_both_link_project_and_facility,medium,Cross-layer candidate; centroid/proximity never used alone for deletion.
hotels,LY-HOT-000068,فندق العاصمة,investment,LY-INV-HOT-TRI-00018,فندق العاصمة,9.2,1.0,nearby,parent_child_relationship,retain_both_link_project_and_facility,medium,Cross-layer candidate; centroid/proximity never used alone for deletion.
hotels,LY-HOT-000069,فندق الغدامسية,investment,LY-INV-HOT-GHA-00005,فندق الغدامسية,0.0,1.0,nearby,parent_child_relationship,retain_both_link_project_and_facility,medium,Cross-layer candidate; centroid/proximity never used alone for deletion.
hotels,LY-HOT-000070,فندق القرقني,investment,LY-INV-HOT-NAT-00036,فندق القرقني,0.1,1.0,nearby,parent_child_relationship,retain_both_link_project_and_facility,medium,Cross-layer candidate; centroid/proximity never used alone for deletion.
hotels,LY-HOT-000071,فندق القوس,investment,LY-INV-HOT-NAT-00037,فندق القوس,0.1,1.0,nearby,parent_child_relationship,retain_both_link_project_and_facility,medium,Cross-layer candidate; centroid/proximity never used alone for deletion.
hotels,LY-HOT-000072,فندق الكبير,investment,LY-INV-HOT-NAT-00038,فندق الكبير,0.0,1.0,nearby,parent_child_relationship,retain_both_link_project_and_facility,medium,Cross-layer candidate; centroid/proximity never used alone for deletion.
hotels,LY-HOT-000073,فندق الكرومة,investment,LY-INV-HOT-NAT-00039,فندق الكرومة,0.0,1.0,nearby,parent_child_relationship,retain_both_link_project_and_facility,medium,Cross-layer candidate; centroid/proximity never used alone for deletion.
hotels,LY-HOT-000073,فندق الكرومة,investment,LY-INV-HOT-NAT-00125,فندق الكرومة,0.0,1.0,nearby,parent_child_relationship,retain_both_link_project_and_facility,medium,Cross-layer candidate; centroid/proximity never used alone for deletion.
hotels,LY-HOT-000074,فندق الماسة,investment,LY-INV-HOT-NAT-00040,فندق الماسة,0.0,1.0,nearby,parent_child_relationship,retain_both_link_project_and_facility,medium,Cross-layer candidate; centroid/proximity never used alone for deletion.
hotels,LY-HOT-000075,فندق المتوسط,investment,LY-INV-HOT-NAT-00041,فندق المتوسط,0.0,1.0,nearby,parent_child_relationship,retain_both_link_project_and_facility,medium,Cross-layer candidate; centroid/proximity never used alone for deletion.
hotels,LY-HOT-000076,فندق المدينة,investment,LY-INV-HOT-NAT-00042,فندق المدينة,0.0,1.0,nearby,parent_child_relationship,retain_both_link_project_and_facility,medium,Cross-layer candidate; centroid/proximity never used alone for deletion.
hotels,LY-HOT-000076,فندق المدينة,investment,LY-INV-HOT-NAT-00128,فندق المدينة,0.0,1.0,nearby,parent_child_relationship,retain_both_link_project_and_facility,medium,Cross-layer candidate; centroid/proximity never used alone for deletion.
hotels,LY-HOT-000077,فندق المشكاة,investment,LY-INV-HOT-NAT-00044,فندق المشكاة,0.0,1.0,nearby,parent_child_relationship,retain_both_link_project_and_facility,medium,Cross-layer candidate; centroid/proximity never used alone for deletion.
hotels,LY-HOT-000077,فندق المشكاة,investment,LY-INV-HOT-NAT-00133,فندق المشكاة,0.0,1.0,nearby,parent_child_relationship,retain_both_link_project_and_facility,medium,Cross-layer candidate; centroid/proximity never used alone for deletion.
hotels,LY-HOT-000078,فندق المنامة,investment,LY-INV-HOT-NAT-00045,فندق المنامة,0.0,1.0,nearby,parent_child_relationship,retain_both_link_project_and_facility,medium,Cross-layer candidate; centroid/proximity never used alone for deletion.
hotels,LY-HOT-000078,فندق المنامة,investment,LY-INV-HOT-NAT-00135,فندق المنار,196.1,0.857,nearby,parent_child_relationship,retain_both_link_project_and_facility,medium,Cross-layer candidate; centroid/proximity never used alone for deletion.
hotels,LY-HOT-000078,فندق المنامة,investment,LY-INV-HOT-NAT-00151,فندق اليمامة,183.6,0.909,nearby,parent_child_relationship,retain_both_link_project_and_facility,medium,Cross-layer candidate; centroid/proximity never used alone for deletion.
hotels,LY-HOT-000079,فندق النخلة,investment,LY-INV-HOT-NAT-00046,فندق النخلة,0.0,1.0,nearby,parent_child_relationship,retain_both_link_project_and_facility,medium,Cross-layer candidate; centroid/proximity never used alone for deletion.
hotels,LY-HOT-000080,فندق النقازة الخمس,investment,LY-INV-HOT-KHO-00003,فندق النقازة الخمس,0.0,1.0,nearby,parent_child_relationship,retain_both_link_project_and_facility,medium,Cross-layer candidate; centroid/proximity never used alone for deletion.
hotels,LY-HOT-000081,فندق النهر,investment,LY-INV-HOT-NAT-00047,فندق النهر,7.8,1.0,nearby,parent_child_relationship,retain_both_link_project_and_facility,medium,Cross-layer candidate; centroid/proximity never used alone for deletion.
hotels,LY-HOT-000082,فندق الهنشيري,investment,LY-INV-HOT-NAT-00048,فندق الهنشيري,0.0,1.0,nearby,parent_child_relationship,retain_both_link_project_and_facility,medium,Cross-layer candidate; centroid/proximity never used alone for deletion.
hotels,LY-HOT-000082,فندق الهنشيري,investment,LY-INV-HOT-NAT-00143,فندق الهنشيري,0.0,1.0,nearby,parent_child_relationship,retain_both_link_project_and_facility,medium,Cross-layer candidate; centroid/proximity never used alone for deletion.
hotels,LY-HOT-000083,فندق الهيشة,investment,LY-INV-HOT-NAT-00049,فندق الهيشة,0.0,1.0,nearby,parent_child_relationship,retain_both_link_project_and_facility,medium,Cross-layer candidate; centroid/proximity never used alone for deletion.
hotels,LY-HOT-000083,فندق الهيشة,investment,LY-INV-HOT-NAT-00144,فندق الهيشة,0.0,1.0,nearby,parent_child_relationship,retain_both_link_project_and_facility,medium,Cross-layer candidate; centroid/proximity never used alone for deletion.
hotels,LY-HOT-000084,فندق الواحات,investment,LY-INV-HOT-NAT-00050,فندق الواحات,0.0,1.0,nearby,parent_child_relationship,retain_both_link_project_and_facility,medium,Cross-layer candidate; centroid/proximity never used alone for deletion.
hotels,LY-HOT-000084,فندق الواحات,investment,LY-INV-HOT-NAT-00145,فندق الواحات,0.0,1.0,nearby,parent_child_relationship,retain_both_link_project_and_facility,medium,Cross-layer candidate; centroid/proximity never used alone for deletion.
hotels,LY-HOT-000085,فندق الياسمين,investment,LY-INV-HOT-NAT-00051,فندق الياسمين,0.0,1.0,nearby,parent_child_relationship,retain_both_link_project_and_facility,medium,Cross-layer candidate; centroid/proximity never used alone for deletion.
hotels,LY-HOT-000085,فندق الياسمين,investment,LY-INV-HOT-NAT-00147,فندق الياسمين,0.0,1.0,nearby,parent_child_relationship,retain_both_link_project_and_facility,medium,Cross-layer candidate; centroid/proximity never used alone for deletion.
hotels,LY-HOT-000086,فندق أجنحة قرطاج,investment,LY-INV-HOT-NAT-00052,فندق أجنحة قرطاج,10.2,1.0,nearby,parent_child_relationship,retain_both_link_project_and_facility,medium,Cross-layer candidate; centroid/proximity never used alone for deletion.
hotels,LY-HOT-000086,فندق أجنحة قرطاج,investment,LY-INV-HOT-NAT-00155,فندق أجنحة قرطاج,10.2,1.0,nearby,parent_child_relationship,retain_both_link_project_and_facility,medium,Cross-layer candidate; centroid/proximity never used alone for deletion.
hotels,LY-HOT-000087,فندق أفريقيا,investment,LY-INV-HOT-NAT-00053,فندق أفريقيا,0.0,1.0,nearby,parent_child_relationship,retain_both_link_project_and_facility,medium,Cross-layer candidate; centroid/proximity never used alone for deletion.
hotels,LY-HOT-000088,فندق بنت السيد,investment,LY-INV-HOT-NAT-00057,فندق بنت السيد,0.0,1.0,nearby,parent_child_relationship,retain_both_link_project_and_facility,medium,Cross-layer candidate; centroid/proximity never used alone for deletion.
hotels,LY-HOT-000088,فندق بنت السيد,investment,LY-INV-HOT-NAT-00169,فندق بنت السيد,0.0,1.0,nearby,parent_child_relationship,retain_both_link_project_and_facility,medium,Cross-layer candidate; centroid/proximity never used alone for deletion.
hotels,LY-HOT-000089,فندق بودلغوسة,investment,LY-INV-HOT-NAT-00058,فندق بودلغوسة,0.0,1.0,nearby,parent_child_relationship,retain_both_link_project_and_facility,medium,Cross-layer candidate; centroid/proximity never used alone for deletion.
hotels,LY-HOT-000089,فندق بودلغوسة,investment,LY-INV-HOT-NAT-00170,فندق بودلغوسة,0.0,1.0,nearby,parent_child_relationship,retain_both_link_project_and_facility,medium,Cross-layer candidate; centroid/proximity never used alone for deletion.
hotels,LY-HOT-000090,فندق بيت الأمان,investment,LY-INV-HOT-NAT-00059,فندق بيت الأمان,1.5,1.0,nearby,parent_child_relationship,retain_both_link_project_and_facility,medium,Cross-layer candidate; centroid/proximity never used alone for deletion.
hotels,LY-HOT-000091,فندق بيت الشرق,investment,LY-INV-HOT-NAT-00060,فندق بيت الشرق,17.5,1.0,nearby,parent_child_relationship,retain_both_link_project_and_facility,medium,Cross-layer candidate; centroid/proximity never used alone for deletion.
hotels,LY-HOT-000092,فندق تابكت,investment,LY-INV-HOT-NAT-00061,فندق تابكت,0.0,1.0,nearby,parent_child_relationship,retain_both_link_project_and_facility,medium,Cross-layer candidate; centroid/proximity never used alone for deletion.
hotels,LY-HOT-000092,فندق تابكت,investment,LY-INV-HOT-NAT-00171,فندق تابكت,0.0,1.0,nearby,parent_child_relationship,retain_both_link_project_and_facility,medium,Cross-layer candidate; centroid/proximity never used alone for deletion.
hotels,LY-HOT-000095,فندق ديار الهناء,investment,LY-INV-HOT-NAT-00064,فندق ديار الهناء,0.1,1.0,nearby,parent_child_relationship,retain_both_link_project_and_facility,medium,Cross-layer candidate; centroid/proximity never used alone for deletion.
hotels,LY-HOT-000096,فندق ليبوس,investment,LY-INV-HOT-NAT-00065,فندق ليبوس,0.0,1.0,nearby,parent_child_relationship,retain_both_link_project_and_facility,medium,Cross-layer candidate; centroid/proximity never used alone for deletion.
hotels,LY-HOT-000097,فندق ريكسوس,investment,LY-INV-HOT-NAT-00066,فندق ريكسوس,0.0,1.0,nearby,parent_child_relationship,retain_both_link_project_and_facility,medium,Cross-layer candidate; centroid/proximity never used alone for deletion.
hotels,LY-HOT-000097,فندق ريكسوس,investment,LY-INV-HOT-NAT-00186,فندق ريكسوس,0.0,1.0,nearby,parent_child_relationship,retain_both_link_project_and_facility,medium,Cross-layer candidate; centroid/proximity never used alone for deletion.
hotels,LY-HOT-000098,فندق زليتن,investment,LY-INV-HOT-ZLI-00001,فندق زليتن,0.0,1.0,nearby,parent_child_relationship,retain_both_link_project_and_facility,medium,Cross-layer candidate; centroid/proximity never used alone for deletion.
hotels,LY-HOT-000098,فندق زليتن,investment,LY-INV-HOT-ZLI-00002,فندق زليتن,0.0,1.0,nearby,parent_child_relationship,retain_both_link_project_and_facility,medium,Cross-layer candidate; centroid/proximity never used alone for deletion.
hotels,LY-HOT-000099,فندق زميت,investment,LY-INV-HOT-NAT-00067,فندق زميت,0.0,1.0,nearby,parent_child_relationship,retain_both_link_project_and_facility,medium,Cross-layer candidate; centroid/proximity never used alone for deletion.
hotels,LY-HOT-000099,فندق زميت,investment,LY-INV-HOT-NAT-00187,فندق زميت,0.0,1.0,nearby,parent_child_relationship,retain_both_link_project_and_facility,medium,Cross-layer candidate; centroid/proximity never used alone for deletion.
hotels,LY-HOT-000100,فندق زوارة,investment,LY-INV-HOT-ZUW-00002,فندق زوارة,179.1,1.0,nearby,parent_child_relationship,retain_both_link_project_and_facility,medium,Cross-layer candidate; centroid/proximity never used alone for deletion.
hotels,LY-HOT-000100,فندق زوارة,investment,LY-INV-HOT-ZUW-00003,فندق زوارة,0.0,1.0,nearby,parent_child_relationship,retain_both_link_project_and_facility,medium,Cross-layer candidate; centroid/proximity never used alone for deletion.
hotels,LY-HOT-000100,فندق زوارة,investment,LY-INV-HOT-ZUW-00004,فندق زوارة,0.0,1.0,nearby,parent_child_relationship,retain_both_link_project_and_facility,medium,Cross-layer candidate; centroid/proximity never used alone for deletion.
hotels,LY-HOT-000101,فندق سرايا الليبو,investment,LY-INV-HOT-NAT-00069,فندق سرايا الليبو,0.0,1.0,nearby,parent_child_relationship,retain_both_link_project_and_facility,medium,Cross-layer candidate; centroid/proximity never used alone for deletion.
hotels,LY-HOT-000101,فندق سرايا الليبو,investment,LY-INV-HOT-NAT-00191,فندق سرايا الليبو,0.0,1.0,nearby,parent_child_relationship,retain_both_link_project_and_facility,medium,Cross-layer candidate; centroid/proximity never used alone for deletion.
hotels,LY-HOT-000102,فندق سفاري,investment,LY-INV-HOT-NAT-00070,فندق سفاري,0.0,1.0,nearby,parent_child_relationship,retain_both_link_project_and_facility,medium,Cross-layer candidate; centroid/proximity never used alone for deletion.
hotels,LY-HOT-000103,فندق سفاري 2,investment,LY-INV-HOT-NAT-00071,فندق سفاري 2,0.0,1.0,nearby,parent_child_relationship,retain_both_link_project_and_facility,medium,Cross-layer candidate; centroid/proximity never used alone for deletion.
hotels,LY-HOT-000103,فندق سفاري 2,investment,LY-INV-HOT-NAT-00192,فندق سفاري 2,0.0,1.0,nearby,parent_child_relationship,retain_both_link_project_and_facility,medium,Cross-layer candidate; centroid/proximity never used alone for deletion.
hotels,LY-HOT-000104,فندق شروق افريقيا,investment,LY-INV-HOT-NAT-00073,فندق شروق افريقيا,0.0,1.0,nearby,parent_child_relationship,retain_both_link_project_and_facility,medium,Cross-layer candidate; centroid/proximity never used alone for deletion.
hotels,LY-HOT-000104,فندق شروق افريقيا,investment,LY-INV-HOT-NAT-00193,فندق شروق افريقيا,0.0,1.0,nearby,parent_child_relationship,retain_both_link_project_and_facility,medium,Cross-layer candidate; centroid/proximity never used alone for deletion.
hotels,LY-HOT-000105,فندق ضيافة ونيس,investment,LY-INV-HOT-NAT-00075,فندق ضيافة ونيس,0.0,1.0,nearby,parent_child_relationship,retain_both_link_project_and_facility,medium,Cross-layer candidate; centroid/proximity never used alone for deletion.
hotels,LY-HOT-000105,فندق ضيافة ونيس,investment,LY-INV-HOT-NAT-00195,فندق ضيافة ونيس,0.0,1.0,nearby,parent_child_relationship,retain_both_link_project_and_facility,medium,Cross-layer candidate; centroid/proximity never used alone for deletion.
hotels,LY-HOT-000106,فندق طرابلس الدولي,investment,LY-INV-HOT-TRI-00020,فندق طرابلس الدولي,8.4,1.0,nearby,parent_child_relationship,retain_both_link_project_and_facility,medium,Cross-layer candidate; centroid/proximity never used alone for deletion.
hotels,LY-HOT-000107,فندق طليطلة,investment,LY-INV-HOT-NAT-00076,فندق طليطلة,0.0,1.0,nearby,parent_child_relationship,retain_both_link_project_and_facility,medium,Cross-layer candidate; centroid/proximity never used alone for deletion.
hotels,LY-HOT-000107,فندق طليطلة,investment,LY-INV-HOT-NAT-00196,فندق طليطلة,0.0,1.0,nearby,parent_child_relationship,retain_both_link_project_and_facility,medium,Cross-layer candidate; centroid/proximity never used alone for deletion.
hotels,LY-HOT-000108,فندق طيبة,investment,LY-INV-HOT-NAT-00077,فندق طيبة,0.0,1.0,nearby,parent_child_relationship,retain_both_link_project_and_facility,medium,Cross-layer candidate; centroid/proximity never used alone for deletion.
hotels,LY-HOT-000109,فندق عمير,investment,LY-INV-HOT-NAT-00078,فندق عمير,9.8,1.0,nearby,parent_child_relationship,retain_both_link_project_and_facility,medium,Cross-layer candidate; centroid/proximity never used alone for deletion.
hotels,LY-HOT-000111,فندق غابة الكشافة,investment,LY-INV-HOT-NAT-00080,فندق غابة الكشافة,0.0,1.0,nearby,parent_child_relationship,retain_both_link_project_and_facility,medium,Cross-layer candidate; centroid/proximity never used alone for deletion.
hotels,LY-HOT-000111,فندق غابة الكشافة,investment,LY-INV-HOT-NAT-00198,فندق غابة الكشافة,0.0,1.0,nearby,parent_child_relationship,retain_both_link_project_and_facility,medium,Cross-layer candidate; centroid/proximity never used alone for deletion.
hotels,LY-HOT-000112,فندق غريان السياحي,investment,LY-INV-HOT-NAT-00081,فندق غريان السياحي,0.0,1.0,nearby,parent_child_relationship,retain_both_link_project_and_facility,medium,Cross-layer candidate; centroid/proximity never used alone for deletion.
hotels,LY-HOT-000112,فندق غريان السياحي,investment,LY-INV-HOT-NAT-00199,فندق غريان السياحي,0.0,1.0,nearby,parent_child_relationship,retain_both_link_project_and_facility,medium,Cross-layer candidate; centroid/proximity never used alone for deletion.
hotels,LY-HOT-000112,فندق غريان السياحي,investment,LY-INV-HOT-NAT-00259,فندق غريان السياحي,1.0,1.0,nearby,parent_child_relationship,retain_both_link_project_and_facility,medium,Cross-layer candidate; centroid/proximity never used alone for deletion.
hotels,LY-HOT-000113,فندق قرطاج,investment,LY-INV-HOT-NAT-00082,فندق قرطاج,0.0,1.0,nearby,parent_child_relationship,retain_both_link_project_and_facility,medium,Cross-layer candidate; centroid/proximity never used alone for deletion.
hotels,LY-HOT-000113,فندق قرطاج,investment,LY-INV-HOT-NAT-00202,فندق قرطاج,0.0,1.0,nearby,parent_child_relationship,retain_both_link_project_and_facility,medium,Cross-layer candidate; centroid/proximity never used alone for deletion.
hotels,LY-HOT-000114,فندق قصر الظهرة,investment,LY-INV-HOT-NAT-00083,فندق قصر الظهرة,0.0,1.0,nearby,parent_child_relationship,retain_both_link_project_and_facility,medium,Cross-layer candidate; centroid/proximity never used alone for deletion.
hotels,LY-HOT-000114,فندق قصر الظهرة,investment,LY-INV-HOT-NAT-00203,فندق قصر الظهرة,0.0,1.0,nearby,parent_child_relationship,retain_both_link_project_and_facility,medium,Cross-layer candidate; centroid/proximity never used alone for deletion.
hotels,LY-HOT-000115,فندق قصر الفيروز,investment,LY-INV-HOT-NAT-00084,فندق قصر الفيروز,0.0,1.0,nearby,parent_child_relationship,retain_both_link_project_and_facility,medium,Cross-layer candidate; centroid/proximity never used alone for deletion.
hotels,LY-HOT-000115,فندق قصر الفيروز,investment,LY-INV-HOT-NAT-00205,فندق قصر الفيروز,0.0,1.0,nearby,parent_child_relationship,retain_both_link_project_and_facility,medium,Cross-layer candidate; centroid/proximity never used alone for deletion.
hotels,LY-HOT-000116,فندق قمر صبراتة,investment,LY-INV-HOT-SAB-00003,فندق قمر صبراتة,0.0,1.0,nearby,parent_child_relationship,retain_both_link_project_and_facility,medium,Cross-layer candidate; centroid/proximity never used alone for deletion.
hotels,LY-HOT-000116,فندق قمر صبراتة,investment,LY-INV-HOT-SAB-00004,فندق قمر صبراتة,0.0,1.0,nearby,parent_child_relationship,retain_both_link_project_and_facility,medium,Cross-layer candidate; centroid/proximity never used alone for deletion.
hotels,LY-HOT-000117,فندق كونتنتال,investment,LY-INV-HOT-NAT-00085,فندق كونتنتال,0.0,1.0,nearby,parent_child_relationship,retain_both_link_project_and_facility,medium,Cross-layer candidate; centroid/proximity never used alone for deletion.
hotels,LY-HOT-000117,فندق كونتنتال,investment,LY-INV-HOT-NAT-00211,فندق كونتنتال,0.0,1.0,nearby,parent_child_relationship,retain_both_link_project_and_facility,medium,Cross-layer candidate; centroid/proximity never used alone for deletion.
hotels,LY-HOT-000118,فندق لبدة السياحي الخمس,investment,LY-INV-HOT-KHO-00004,فندق لبدة السياحي الخمس,0.0,1.0,nearby,parent_child_relationship,retain_both_link_project_and_facility,medium,Cross-layer candidate; centroid/proximity never used alone for deletion.
hotels,LY-HOT-000119,فندق ليالي قرطاج,investment,LY-INV-HOT-NAT-00086,فندق ليالي قرطاج,0.0,1.0,nearby,parent_child_relationship,retain_both_link_project_and_facility,medium,Cross-layer candidate; centroid/proximity never used alone for deletion.
hotels,LY-HOT-000119,فندق ليالي قرطاج,investment,LY-INV-HOT-NAT-00212,فندق ليالي قرطاج,0.0,1.0,nearby,parent_child_relationship,retain_both_link_project_and_facility,medium,Cross-layer candidate; centroid/proximity never used alone for deletion.
hotels,LY-HOT-000120,فندق ليبيا,investment,LY-INV-HOT-NAT-00087,فندق ليبيا,0.0,1.0,nearby,parent_child_relationship,retain_both_link_project_and_facility,medium,Cross-layer candidate; centroid/proximity never used alone for deletion.
hotels,LY-HOT-000120,فندق ليبيا,investment,LY-INV-HOT-NAT-00213,فندق ليبيا,0.0,1.0,nearby,parent_child_relationship,retain_both_link_project_and_facility,medium,Cross-layer candidate; centroid/proximity never used alone for deletion.
hotels,LY-HOT-000121,فندق مادي الحسان,investment,LY-INV-HOT-NAT-00088,فندق مادي الحسان,0.0,1.0,nearby,parent_child_relationship,retain_both_link_project_and_facility,medium,Cross-layer candidate; centroid/proximity never used alone for deletion.
hotels,LY-HOT-000121,فندق مادي الحسان,investment,LY-INV-HOT-NAT-00214,فندق مادي الحسان,0.0,1.0,nearby,parent_child_relationship,retain_both_link_project_and_facility,medium,Cross-layer candidate; centroid/proximity never used alone for deletion.
hotels,LY-HOT-000122,فندق واستراحة جادو,investment,LY-INV-HOT-NAT-00090,فندق واستراحة جادو,0.0,1.0,nearby,parent_child_relationship,retain_both_link_project_and_facility,medium,Cross-layer candidate; centroid/proximity never used alone for deletion.
hotels,LY-HOT-000122,فندق واستراحة جادو,investment,LY-INV-HOT-NAT-00217,فندق واستراحة جادو,0.0,1.0,nearby,parent_child_relationship,retain_both_link_project_and_facility,medium,Cross-layer candidate; centroid/proximity never used alone for deletion.
hotels,LY-HOT-000123,فندق ومطعم الامتياز,investment,LY-INV-HOT-NAT-00091,فندق ومطعم الامتياز,0.0,1.0,nearby,parent_child_relationship,retain_both_link_project_and_facility,medium,Cross-layer candidate; centroid/proximity never used alone for deletion.
hotels,LY-HOT-000124,فندق ومطعم النزهة,investment,LY-INV-HOT-NAT-00092,فندق ومطعم النزهة,0.0,1.0,nearby,parent_child_relationship,retain_both_link_project_and_facility,medium,Cross-layer candidate; centroid/proximity never used alone for deletion.
hotels,LY-HOT-000124,فندق ومطعم النزهة,investment,LY-INV-HOT-NAT-00218,فندق ومطعم النزهة,0.0,1.0,nearby,parent_child_relationship,retain_both_link_project_and_facility,medium,Cross-layer candidate; centroid/proximity never used alone for deletion.
hotels,LY-HOT-000125,فندق يفرن,investment,LY-INV-HOT-NAT-00093,فندق يفرن,0.0,1.0,nearby,parent_child_relationship,retain_both_link_project_and_facility,medium,Cross-layer candidate; centroid/proximity never used alone for deletion.
hotels,LY-HOT-000125,فندق يفرن,investment,LY-INV-HOT-NAT-00219,فندق يفرن,0.0,1.0,nearby,parent_child_relationship,retain_both_link_project_and_facility,medium,Cross-layer candidate; centroid/proximity never used alone for deletion.
hotels,LY-HOT-000126,طرابلس للشقق الفندقية,investment,LY-INV-HOT-TRI-00021,طرابلس للشقق الفندقية,0.0,1.0,nearby,parent_child_relationship,retain_both_link_project_and_facility,medium,Cross-layer candidate; centroid/proximity never used alone for deletion.
hotels,LY-HOT-000126,طرابلس للشقق الفندقية,investment,LY-INV-HOT-TRI-00024,طرابلس للشقق الفندقية,0.0,1.0,nearby,parent_child_relationship,retain_both_link_project_and_facility,medium,Cross-layer candidate; centroid/proximity never used alone for deletion.
hotels,LY-HOT-000127,نزل طرابلس الحديث,investment,LY-INV-REV-TRI-00001,نزل طرابلس الحديث,0.0,1.0,nearby,parent_child_relationship,retain_both_link_project_and_facility,medium,Cross-layer candidate; centroid/proximity never used alone for deletion.
hotels,LY-HOT-000127,نزل طرابلس الحديث,investment,LY-INV-REV-TRI-00002,نزل طرابلس الحديث,0.0,1.0,nearby,parent_child_relationship,retain_both_link_project_and_facility,medium,Cross-layer candidate; centroid/proximity never used alone for deletion.
hotels,LY-HOT-000128,فندق الثريا السياحي,investment,LY-INV-HOT-NAT-00094,فندق الثريا السياحي,0.0,1.0,nearby,parent_child_relationship,retain_both_link_project_and_facility,medium,Cross-layer candidate; centroid/proximity never used alone for deletion.
hotels,LY-HOT-000129,فندق الأنيس,investment,LY-INV-HOT-NAT-00095,فندق الأنيس,0.0,1.0,nearby,parent_child_relationship,retain_both_link_project_and_facility,medium,Cross-layer candidate; centroid/proximity never used alone for deletion.
hotels,LY-HOT-000130,فندق البتراء,investment,LY-INV-HOT-NAT-00096,فندق البتراء,0.1,1.0,nearby,parent_child_relationship,retain_both_link_project_and_facility,medium,Cross-layer candidate; centroid/proximity never used alone for deletion.
hotels,LY-HOT-000131,فندق البردي,investment,LY-INV-HOT-NAT-00097,فندق البردي,0.0,1.0,nearby,parent_child_relationship,retain_both_link_project_and_facility,medium,Cross-layer candidate; centroid/proximity never used alone for deletion.
hotels,LY-HOT-000132,فندق التلال,investment,LY-INV-HOT-NAT-00098,فندق التلال,0.0,1.0,nearby,parent_child_relationship,retain_both_link_project_and_facility,medium,Cross-layer candidate; centroid/proximity never used alone for deletion.
hotels,LY-HOT-000133,فندق الجبل الأخضر,investment,LY-INV-HOT-NAT-00100,فندق الجبل الأخضر,0.0,1.0,nearby,parent_child_relationship,retain_both_link_project_and_facility,medium,Cross-layer candidate; centroid/proximity never used alone for deletion.
hotels,LY-HOT-000134,فندق الجغبوب,investment,LY-INV-HOT-NAT-00101,فندق الجغبوب,0.0,1.0,nearby,parent_child_relationship,retain_both_link_project_and_facility,medium,Cross-layer candidate; centroid/proximity never used alone for deletion.
hotels,LY-HOT-000135,فندق الجلاء,investment,LY-INV-HOT-NAT-00102,فندق الجلاء,0.0,1.0,nearby,parent_child_relationship,retain_both_link_project_and_facility,medium,Cross-layer candidate; centroid/proximity never used alone for deletion.
hotels,LY-HOT-000136,فندق الحمام السياحي,investment,LY-INV-HOT-NAT-00017,فندق الحمام السياحي,0.0,1.0,nearby,parent_child_relationship,retain_both_link_project_and_facility,medium,Cross-layer candidate; centroid/proximity never used alone for deletion.
hotels,LY-HOT-000136,فندق الحمام السياحي,investment,LY-INV-HOT-NAT-00104,فندق الحمام السياحي,0.0,1.0,nearby,parent_child_relationship,retain_both_link_project_and_facility,medium,Cross-layer candidate; centroid/proximity never used alone for deletion.
hotels,LY-HOT-000137,فندق الخان الطرابلسي,investment,LY-INV-HOT-TRI-00012,فندق الخان الطرابلسي,20.1,1.0,nearby,parent_child_relationship,retain_both_link_project_and_facility,medium,Cross-layer candidate; centroid/proximity never used alone for deletion.
hotels,LY-HOT-000137,فندق الخان الطرابلسي,investment,LY-INV-HOT-TRI-00022,فندق الخان الطرابلسي,20.1,1.0,nearby,parent_child_relationship,retain_both_link_project_and_facility,medium,Cross-layer candidate; centroid/proximity never used alone for deletion.
hotels,LY-HOT-000138,فندق الرحاب,investment,LY-INV-HOT-NAT-00108,فندق الرحاب,0.1,1.0,nearby,parent_child_relationship,retain_both_link_project_and_facility,medium,Cross-layer candidate; centroid/proximity never used alone for deletion.
hotels,LY-HOT-000139,فندق الزهر,investment,LY-INV-HOT-NAT-00025,فندق الزهر,0.0,1.0,nearby,parent_child_relationship,retain_both_link_project_and_facility,medium,Cross-layer candidate; centroid/proximity never used alone for deletion.
hotels,LY-HOT-000139,فندق الزهر,investment,LY-INV-HOT-NAT-00109,فندق الزهر,0.0,1.0,nearby,parent_child_relationship,retain_both_link_project_and_facility,medium,Cross-layer candidate; centroid/proximity never used alone for deletion.
hotels,LY-HOT-000140,فندق الزيتونة,investment,LY-INV-HOT-NAT-00026,فندق الزيتونة,0.0,1.0,nearby,parent_child_relationship,retain_both_link_project_and_facility,medium,Cross-layer candidate; centroid/proximity never used alone for deletion.
hotels,LY-HOT-000140,فندق الزيتونة,investment,LY-INV-HOT-NAT-00110,فندق الزيتونة,0.0,1.0,nearby,parent_child_relationship,retain_both_link_project_and_facility,medium,Cross-layer candidate; centroid/proximity never used alone for deletion.
hotels,LY-HOT-000141,فندق السرايا,investment,LY-INV-HOT-NAT-00027,فندق السرايا,0.0,1.0,nearby,parent_child_relationship,retain_both_link_project_and_facility,medium,Cross-layer candidate; centroid/proximity never used alone for deletion.
hotels,LY-HOT-000141,فندق السرايا,investment,LY-INV-HOT-NAT-00111,فندق السرايا,0.0,1.0,nearby,parent_child_relationship,retain_both_link_project_and_facility,medium,Cross-layer candidate; centroid/proximity never used alone for deletion.
hotels,LY-HOT-000142,فندق السلام,investment,LY-INV-HOT-NAT-00112,فندق السلام,0.0,1.0,nearby,parent_child_relationship,retain_both_link_project_and_facility,medium,Cross-layer candidate; centroid/proximity never used alone for deletion.
hotels,LY-HOT-000143,فندق ابن الرومي,investment,LY-INV-HOT-TRI-00023,فندق ابن الرومي,0.1,1.0,nearby,parent_child_relationship,retain_both_link_project_and_facility,medium,Cross-layer candidate; centroid/proximity never used alone for deletion.
hotels,LY-HOT-000144,فندق اجدابيا,investment,LY-INV-HOT-NAT-00115,فندق اجدابيا,0.0,1.0,nearby,parent_child_relationship,retain_both_link_project_and_facility,medium,Cross-layer candidate; centroid/proximity never used alone for deletion.
hotels,LY-HOT-000145,فندق الحياة,investment,LY-INV-HOT-MIS-00005,فندق الحياة,0.0,1.0,nearby,parent_child_relationship,retain_both_link_project_and_facility,medium,Cross-layer candidate; centroid/proximity never used alone for deletion.
hotels,LY-HOT-000146,فندق الصحراوي,investment,LY-INV-HOT-NAT-00033,فندق الصحراوي,0.0,1.0,nearby,parent_child_relationship,retain_both_link_project_and_facility,medium,Cross-layer candidate; centroid/proximity never used alone for deletion.
hotels,LY-HOT-000146,فندق الصحراوي,investment,LY-INV-HOT-NAT-00116,فندق الصحراوي,0.0,1.0,nearby,parent_child_relationship,retain_both_link_project_and_facility,medium,Cross-layer candidate; centroid/proximity never used alone for deletion.
hotels,LY-HOT-000147,فندق الصناعية مصراتة,investment,LY-INV-HOT-MIS-00004,فندق الصناعية مصراتة,0.0,1.0,nearby,parent_child_relationship,retain_both_link_project_and_facility,medium,Cross-layer candidate; centroid/proximity never used alone for deletion.
hotels,LY-HOT-000147,فندق الصناعية مصراتة,investment,LY-INV-HOT-MIS-00006,فندق الصناعية مصراتة,0.0,1.0,nearby,parent_child_relationship,retain_both_link_project_and_facility,medium,Cross-layer candidate; centroid/proximity never used alone for deletion.
hotels,LY-HOT-000148,فندق العوينات,investment,LY-INV-HOT-NAT-00117,فندق العوينات,0.0,1.0,nearby,parent_child_relationship,retain_both_link_project_and_facility,medium,Cross-layer candidate; centroid/proximity never used alone for deletion.
hotels,LY-HOT-000150,فندق الفضيل,investment,LY-INV-HOT-NAT-00119,فندق الفضيل,0.0,1.0,nearby,parent_child_relationship,retain_both_link_project_and_facility,medium,Cross-layer candidate; centroid/proximity never used alone for deletion.
hotels,LY-HOT-000151,فندق الفضيل رأس لانوف,investment,LY-INV-HOT-NAT-00120,فندق الفضيل رأس لانوف,0.0,1.0,nearby,parent_child_relationship,retain_both_link_project_and_facility,medium,Cross-layer candidate; centroid/proximity never used alone for deletion.
hotels,LY-HOT-000152,فندق الفلك,investment,LY-INV-HOT-NAT-00121,فندق الفلك,0.0,1.0,nearby,parent_child_relationship,retain_both_link_project_and_facility,medium,Cross-layer candidate; centroid/proximity never used alone for deletion.
hotels,LY-HOT-000153,فندق القرضابية,investment,LY-INV-HOT-NAT-00122,فندق القرضابية,0.0,1.0,nearby,parent_child_relationship,retain_both_link_project_and_facility,medium,Cross-layer candidate; centroid/proximity never used alone for deletion.
hotels,LY-HOT-000154,فندق القلعة,investment,LY-INV-HOT-NAT-00123,فندق القلعة,0.0,1.0,nearby,parent_child_relationship,retain_both_link_project_and_facility,medium,Cross-layer candidate; centroid/proximity never used alone for deletion.
hotels,LY-HOT-000155,فندق الكاظم,investment,LY-INV-HOT-NAT-00124,فندق الكاظم,0.0,1.0,nearby,parent_child_relationship,retain_both_link_project_and_facility,medium,Cross-layer candidate; centroid/proximity never used alone for deletion.
hotels,LY-HOT-000156,فندق الكرومة,investment,LY-INV-HOT-NAT-00039,فندق الكرومة,0.0,1.0,nearby,parent_child_relationship,retain_both_link_project_and_facility,medium,Cross-layer candidate; centroid/proximity never used alone for deletion.
hotels,LY-HOT-000156,فندق الكرومة,investment,LY-INV-HOT-NAT-00125,فندق الكرومة,0.0,1.0,nearby,parent_child_relationship,retain_both_link_project_and_facility,medium,Cross-layer candidate; centroid/proximity never used alone for deletion.
hotels,LY-HOT-000157,فندق المبروك,investment,LY-INV-HOT-NAT-00126,فندق المبروك,5.4,1.0,nearby,parent_child_relationship,retain_both_link_project_and_facility,medium,Cross-layer candidate; centroid/proximity never used alone for deletion.
hotels,LY-HOT-000158,فندق المتوسط الخمس,investment,LY-INV-HOT-KHO-00005,فندق المتوسط الخمس,0.0,1.0,nearby,parent_child_relationship,retain_both_link_project_and_facility,medium,Cross-layer candidate; centroid/proximity never used alone for deletion.
hotels,LY-HOT-000159,فندق المدينة,investment,LY-INV-HOT-BAY-00005,فندق المدينة,0.0,1.0,nearby,parent_child_relationship,retain_both_link_project_and_facility,medium,Cross-layer candidate; centroid/proximity never used alone for deletion.
hotels,LY-HOT-000160,فندق المدينة,investment,LY-INV-HOT-NAT-00127,فندق المدينة,0.0,1.0,nearby,parent_child_relationship,retain_both_link_project_and_facility,medium,Cross-layer candidate; centroid/proximity never used alone for deletion.
hotels,LY-HOT-000161,فندق المدينة,investment,LY-INV-HOT-NAT-00042,فندق المدينة,0.0,1.0,nearby,parent_child_relationship,retain_both_link_project_and_facility,medium,Cross-layer candidate; centroid/proximity never used alone for deletion.
hotels,LY-HOT-000161,فندق المدينة,investment,LY-INV-HOT-NAT-00128,فندق المدينة,0.0,1.0,nearby,parent_child_relationship,retain_both_link_project_and_facility,medium,Cross-layer candidate; centroid/proximity never used alone for deletion.
hotels,LY-HOT-000162,فندق المدينة,investment,LY-INV-HOT-NAT-00129,فندق المدينة,0.0,1.0,nearby,parent_child_relationship,retain_both_link_project_and_facility,medium,Cross-layer candidate; centroid/proximity never used alone for deletion.
hotels,LY-HOT-000163,فندق المرج السياحي,investment,LY-INV-HOT-NAT-00130,فندق المرج السياحي,0.0,1.0,nearby,parent_child_relationship,retain_both_link_project_and_facility,medium,Cross-layer candidate; centroid/proximity never used alone for deletion.
hotels,LY-HOT-000164,فندق المسيرة,investment,LY-INV-HOT-NAT-00132,فندق المسيرة,0.0,1.0,nearby,parent_child_relationship,retain_both_link_project_and_facility,medium,Cross-layer candidate; centroid/proximity never used alone for deletion.
hotels,LY-HOT-000165,فندق المشكاة,investment,LY-INV-HOT-NAT-00044,فندق المشكاة,0.0,1.0,nearby,parent_child_relationship,retain_both_link_project_and_facility,medium,Cross-layer candidate; centroid/proximity never used alone for deletion.
hotels,LY-HOT-000165,فندق المشكاة,investment,LY-INV-HOT-NAT-00133,فندق المشكاة,0.0,1.0,nearby,parent_child_relationship,retain_both_link_project_and_facility,medium,Cross-layer candidate; centroid/proximity never used alone for deletion.
hotels,LY-HOT-000166,فندق المغرب العربي,investment,LY-INV-HOT-NAT-00134,فندق المغرب العربي,49.2,1.0,nearby,parent_child_relationship,retain_both_link_project_and_facility,medium,Cross-layer candidate; centroid/proximity never used alone for deletion.
hotels,LY-HOT-000167,فندق المنار,investment,LY-INV-HOT-NAT-00045,فندق المنامة,196.1,0.857,nearby,parent_child_relationship,retain_both_link_project_and_facility,medium,Cross-layer candidate; centroid/proximity never used alone for deletion.
hotels,LY-HOT-000167,فندق المنار,investment,LY-INV-HOT-NAT-00135,فندق المنار,0.0,1.0,nearby,parent_child_relationship,retain_both_link_project_and_facility,medium,Cross-layer candidate; centroid/proximity never used alone for deletion.
hotels,LY-HOT-000167,فندق المنار,investment,LY-INV-HOT-NAT-00224,فندق المختار,138.8,0.857,nearby,parent_child_relationship,retain_both_link_project_and_facility,medium,Cross-layer candidate; centroid/proximity never used alone for deletion.
hotels,LY-HOT-000168,فندق النادي الليبي,investment,LY-INV-HOT-NAT-00136,فندق النادي الليبي,0.0,1.0,nearby,parent_child_relationship,retain_both_link_project_and_facility,medium,Cross-layer candidate; centroid/proximity never used alone for deletion.
hotels,LY-HOT-000169,فندق النخلة السياحي,investment,LY-INV-HOT-NAT-00137,فندق النخلة السياحي,0.0,1.0,nearby,parent_child_relationship,retain_both_link_project_and_facility,medium,Cross-layer candidate; centroid/proximity never used alone for deletion.
hotels,LY-HOT-000170,فندق النخيل - مغلق,investment,LY-INV-HOT-NAT-00138,فندق النخيل - مغلق,0.0,1.0,nearby,parent_child_relationship,retain_both_link_project_and_facility,medium,Cross-layer candidate; centroid/proximity never used alone for deletion.
hotels,LY-HOT-000171,فندق النوران,investment,LY-INV-HOT-NAT-00139,فندق النوران,0.0,1.0,nearby,parent_child_relationship,retain_both_link_project_and_facility,medium,Cross-layer candidate; centroid/proximity never used alone for deletion.
hotels,LY-HOT-000172,فندق الهاروج,investment,LY-INV-HOT-NAT-00140,فندق الهاروج,0.0,1.0,nearby,parent_child_relationship,retain_both_link_project_and_facility,medium,Cross-layer candidate; centroid/proximity never used alone for deletion.
hotels,LY-HOT-000173,فندق الهنشيري,investment,LY-INV-HOT-NAT-00048,فندق الهنشيري,0.0,1.0,nearby,parent_child_relationship,retain_both_link_project_and_facility,medium,Cross-layer candidate; centroid/proximity never used alone for deletion.
hotels,LY-HOT-000173,فندق الهنشيري,investment,LY-INV-HOT-NAT-00143,فندق الهنشيري,0.0,1.0,nearby,parent_child_relationship,retain_both_link_project_and_facility,medium,Cross-layer candidate; centroid/proximity never used alone for deletion.
hotels,LY-HOT-000174,فندق الهيشة,investment,LY-INV-HOT-NAT-00049,فندق الهيشة,0.0,1.0,nearby,parent_child_relationship,retain_both_link_project_and_facility,medium,Cross-layer candidate; centroid/proximity never used alone for deletion.
hotels,LY-HOT-000174,فندق الهيشة,investment,LY-INV-HOT-NAT-00144,فندق الهيشة,0.0,1.0,nearby,parent_child_relationship,retain_both_link_project_and_facility,medium,Cross-layer candidate; centroid/proximity never used alone for deletion.
hotels,LY-HOT-000175,فندق الواحات,investment,LY-INV-HOT-NAT-00050,فندق الواحات,0.0,1.0,nearby,parent_child_relationship,retain_both_link_project_and_facility,medium,Cross-layer candidate; centroid/proximity never used alone for deletion.
hotels,LY-HOT-000175,فندق الواحات,investment,LY-INV-HOT-NAT-00145,فندق الواحات,0.0,1.0,nearby,parent_child_relationship,retain_both_link_project_and_facility,medium,Cross-layer candidate; centroid/proximity never used alone for deletion.
hotels,LY-HOT-000176,فندق الوادي,investment,LY-INV-HOT-NAT-00146,فندق الوادي,0.0,1.0,nearby,parent_child_relationship,retain_both_link_project_and_facility,medium,Cross-layer candidate; centroid/proximity never used alone for deletion.
hotels,LY-HOT-000177,فندق الياسمين,investment,LY-INV-HOT-NAT-00051,فندق الياسمين,0.0,1.0,nearby,parent_child_relationship,retain_both_link_project_and_facility,medium,Cross-layer candidate; centroid/proximity never used alone for deletion.
hotels,LY-HOT-000177,فندق الياسمين,investment,LY-INV-HOT-NAT-00147,فندق الياسمين,0.0,1.0,nearby,parent_child_relationship,retain_both_link_project_and_facility,medium,Cross-layer candidate; centroid/proximity never used alone for deletion.
hotels,LY-HOT-000178,فندق الياقوتة,investment,LY-INV-HOT-NAT-00148,فندق الياقوتة,0.0,1.0,nearby,parent_child_relationship,retain_both_link_project_and_facility,medium,Cross-layer candidate; centroid/proximity never used alone for deletion.
hotels,LY-HOT-000179,فندق الياقوتة,investment,LY-INV-HOT-NAT-00149,فندق الياقوتة,0.0,1.0,nearby,parent_child_relationship,retain_both_link_project_and_facility,medium,Cross-layer candidate; centroid/proximity never used alone for deletion.
hotels,LY-HOT-000180,فندق اليقين,investment,LY-INV-HOT-NAT-00150,فندق اليقين,0.0,1.0,nearby,parent_child_relationship,retain_both_link_project_and_facility,medium,Cross-layer candidate; centroid/proximity never used alone for deletion.
hotels,LY-HOT-000181,فندق اليمامة,investment,LY-INV-HOT-NAT-00045,فندق المنامة,183.1,0.909,nearby,parent_child_relationship,retain_both_link_project_and_facility,medium,Cross-layer candidate; centroid/proximity never used alone for deletion.
hotels,LY-HOT-000181,فندق اليمامة,investment,LY-INV-HOT-NAT-00151,فندق اليمامة,0.6,1.0,nearby,parent_child_relationship,retain_both_link_project_and_facility,medium,Cross-layer candidate; centroid/proximity never used alone for deletion.
hotels,LY-HOT-000182,فندق اوزو,investment,LY-INV-HOT-NAT-00152,فندق اوزو,0.0,1.0,nearby,parent_child_relationship,retain_both_link_project_and_facility,medium,Cross-layer candidate; centroid/proximity never used alone for deletion.
hotels,LY-HOT-000183,فندق ايلاف,investment,LY-INV-HOT-NAT-00153,فندق ايلاف,0.0,1.0,nearby,parent_child_relationship,retain_both_link_project_and_facility,medium,Cross-layer candidate; centroid/proximity never used alone for deletion.
hotels,LY-HOT-000184,فندق أبراج المدينة,investment,LY-INV-HOT-NAT-00154,فندق أبراج المدينة,11.8,1.0,nearby,parent_child_relationship,retain_both_link_project_and_facility,medium,Cross-layer candidate; centroid/proximity never used alone for deletion.
hotels,LY-HOT-000185,فندق أجنحة قرطاج,investment,LY-INV-HOT-NAT-00052,فندق أجنحة قرطاج,0.0,1.0,nearby,parent_child_relationship,retain_both_link_project_and_facility,medium,Cross-layer candidate; centroid/proximity never used alone for deletion.
hotels,LY-HOT-000185,فندق أجنحة قرطاج,investment,LY-INV-HOT-NAT-00155,فندق أجنحة قرطاج,0.0,1.0,nearby,parent_child_relationship,retain_both_link_project_and_facility,medium,Cross-layer candidate; centroid/proximity never used alone for deletion.
hotels,LY-HOT-000186,فندق أفريقيا,investment,LY-INV-HOT-NAT-00156,فندق أفريقيا,0.0,1.0,nearby,parent_child_relationship,retain_both_link_project_and_facility,medium,Cross-layer candidate; centroid/proximity never used alone for deletion.
hotels,LY-HOT-000187,فندق أفريقيا,investment,LY-INV-HOT-NAT-00157,فندق أفريقيا,0.0,1.0,nearby,parent_child_relationship,retain_both_link_project_and_facility,medium,Cross-layer candidate; centroid/proximity never used alone for deletion.
hotels,LY-HOT-000188,فندق أكاكوس,investment,LY-INV-HOT-NAT-00158,فندق أكاكوس,0.0,1.0,nearby,parent_child_relationship,retain_both_link_project_and_facility,medium,Cross-layer candidate; centroid/proximity never used alone for deletion.
hotels,LY-HOT-000189,فندق أكاكوس,investment,LY-INV-HOT-NAT-00159,فندق أكاكوس,0.1,1.0,nearby,parent_child_relationship,retain_both_link_project_and_facility,medium,Cross-layer candidate; centroid/proximity never used alone for deletion.
hotels,LY-HOT-000190,فندق أمال ليبيا,investment,LY-INV-HOT-NAT-00160,فندق أمال ليبيا,0.0,1.0,nearby,parent_child_relationship,retain_both_link_project_and_facility,medium,Cross-layer candidate; centroid/proximity never used alone for deletion.
hotels,LY-HOT-000191,فندق أوجلة السياحي,investment,LY-INV-HOT-NAT-00162,فندق أوجلة السياحي,0.0,1.0,nearby,parent_child_relationship,retain_both_link_project_and_facility,medium,Cross-layer candidate; centroid/proximity never used alone for deletion.
hotels,LY-HOT-000192,فندق أويا,investment,LY-INV-HOT-NAT-00163,فندق أويا,0.1,1.0,nearby,parent_child_relationship,retain_both_link_project_and_facility,medium,Cross-layer candidate; centroid/proximity never used alone for deletion.
hotels,LY-HOT-000193,فندق باب البحر,investment,LY-INV-HOT-TRI-00019,فندق باب البحر,10.5,1.0,nearby,parent_child_relationship,retain_both_link_project_and_facility,medium,Cross-layer candidate; centroid/proximity never used alone for deletion.
hotels,LY-HOT-000193,فندق باب البحر,investment,LY-INV-HOT-NAT-00164,فندق باب البحر,10.5,1.0,nearby,parent_child_relationship,retain_both_link_project_and_facility,medium,Cross-layer candidate; centroid/proximity never used alone for deletion.
hotels,LY-HOT-000194,فندق براك,investment,LY-INV-HOT-NAT-00165,فندق براك,0.0,1.0,nearby,parent_child_relationship,retain_both_link_project_and_facility,medium,Cross-layer candidate; centroid/proximity never used alone for deletion.
hotels,LY-HOT-000195,فندق برينيتشي,investment,LY-INV-HOT-NAT-00166,فندق برينيتشي,0.0,1.0,nearby,parent_child_relationship,retain_both_link_project_and_facility,medium,Cross-layer candidate; centroid/proximity never used alone for deletion.
hotels,LY-HOT-000196,فندق بلازما,investment,LY-INV-HOT-TRI-00008,فندق بلازما,3.4,1.0,nearby,parent_child_relationship,retain_both_link_project_and_facility,medium,Cross-layer candidate; centroid/proximity never used alone for deletion.
hotels,LY-HOT-000196,فندق بلازما,investment,LY-INV-HOT-NAT-00055,فندق بلازما,10.3,1.0,nearby,parent_child_relationship,retain_both_link_project_and_facility,medium,Cross-layer candidate; centroid/proximity never used alone for deletion.
hotels,LY-HOT-000196,فندق بلازما,investment,LY-INV-HOT-NAT-00167,فندق بلازما,10.3,1.0,nearby,parent_child_relationship,retain_both_link_project_and_facility,medium,Cross-layer candidate; centroid/proximity never used alone for deletion.
hotels,LY-HOT-000196,فندق بلازما,investment,LY-INV-HOT-TRI-00046,فندق بلازما,18.8,1.0,nearby,parent_child_relationship,retain_both_link_project_and_facility,medium,Cross-layer candidate; centroid/proximity never used alone for deletion.
hotels,LY-HOT-000197,فندق بنت السيد,investment,LY-INV-HOT-NAT-00057,فندق بنت السيد,0.0,1.0,nearby,parent_child_relationship,retain_both_link_project_and_facility,medium,Cross-layer candidate; centroid/proximity never used alone for deletion.
hotels,LY-HOT-000197,فندق بنت السيد,investment,LY-INV-HOT-NAT-00169,فندق بنت السيد,0.0,1.0,nearby,parent_child_relationship,retain_both_link_project_and_facility,medium,Cross-layer candidate; centroid/proximity never used alone for deletion.
hotels,LY-HOT-000198,فندق بنغازي,investment,LY-INV-HOT-BEN-00001,فندق بنغازي,0.0,1.0,nearby,parent_child_relationship,retain_both_link_project_and_facility,medium,Cross-layer candidate; centroid/proximity never used alone for deletion.
hotels,LY-HOT-000199,فندق بودلغوسة,investment,LY-INV-HOT-NAT-00058,فندق بودلغوسة,0.0,1.0,nearby,parent_child_relationship,retain_both_link_project_and_facility,medium,Cross-layer candidate; centroid/proximity never used alone for deletion.
hotels,LY-HOT-000199,فندق بودلغوسة,investment,LY-INV-HOT-NAT-00170,فندق بودلغوسة,0.0,1.0,nearby,parent_child_relationship,retain_both_link_project_and_facility,medium,Cross-layer candidate; centroid/proximity never used alone for deletion.
hotels,LY-HOT-000200,فندق تابكت,investment,LY-INV-HOT-NAT-00061,فندق تابكت,0.0,1.0,nearby,parent_child_relationship,retain_both_link_project_and_facility,medium,Cross-layer candidate; centroid/proximity never used alone for deletion.
hotels,LY-HOT-000200,فندق تابكت,investment,LY-INV-HOT-NAT-00171,فندق تابكت,0.0,1.0,nearby,parent_child_relationship,retain_both_link_project_and_facility,medium,Cross-layer candidate; centroid/proximity never used alone for deletion.
hotels,LY-HOT-000201,فندق توباكتس,investment,LY-INV-HOT-NAT-00062,فندق توباكتس,57.8,1.0,nearby,parent_child_relationship,retain_both_link_project_and_facility,medium,Cross-layer candidate; centroid/proximity never used alone for deletion.
hotels,LY-HOT-000201,فندق توباكتس,investment,LY-INV-HOT-NAT-00172,فندق توباكتس,57.8,1.0,nearby,parent_child_relationship,retain_both_link_project_and_facility,medium,Cross-layer candidate; centroid/proximity never used alone for deletion.
hotels,LY-HOT-000201,فندق توباكتس,investment,LY-INV-HOT-TRI-00051,فندق توباكتس,96.4,1.0,nearby,parent_child_relationship,retain_both_link_project_and_facility,medium,Cross-layer candidate; centroid/proximity never used alone for deletion.
hotels,LY-HOT-000202,فندق تيبستي,investment,LY-INV-HOT-NAT-00173,فندق تيبستي,0.0,1.0,nearby,parent_child_relationship,retain_both_link_project_and_facility,medium,Cross-layer candidate; centroid/proximity never used alone for deletion.
hotels,LY-HOT-000203,فندق جاكرتا,investment,LY-INV-HOT-NAT-00174,فندق جاكرتا,0.0,1.0,nearby,parent_child_relationship,retain_both_link_project_and_facility,medium,Cross-layer candidate; centroid/proximity never used alone for deletion.
hotels,LY-HOT-000204,فندق جالو السياحي,investment,LY-INV-HOT-NAT-00175,فندق جالو السياحي,0.0,1.0,nearby,parent_child_relationship,retain_both_link_project_and_facility,medium,Cross-layer candidate; centroid/proximity never used alone for deletion.
hotels,LY-HOT-000205,فندق جرمة السياحي,investment,LY-INV-HOT-NAT-00176,فندق جرمة السياحي,0.0,1.0,nearby,parent_child_relationship,retain_both_link_project_and_facility,medium,Cross-layer candidate; centroid/proximity never used alone for deletion.
hotels,LY-HOT-000206,فندق جليانة,investment,LY-INV-HOT-NAT-00177,فندق جليانة,0.0,1.0,nearby,parent_child_relationship,retain_both_link_project_and_facility,medium,Cross-layer candidate; centroid/proximity never used alone for deletion.
hotels,LY-HOT-000207,فندق دار جرمة,investment,LY-INV-HOT-NAT-00179,فندق دار جرمة,0.0,1.0,nearby,parent_child_relationship,retain_both_link_project_and_facility,medium,Cross-layer candidate; centroid/proximity never used alone for deletion.
hotels,LY-HOT-000208,فندق دوجال السياحي,investment,LY-INV-HOT-NAT-00181,فندق دوجال السياحي,0.0,1.0,nearby,parent_child_relationship,retain_both_link_project_and_facility,medium,Cross-layer candidate; centroid/proximity never used alone for deletion.
hotels,LY-HOT-000209,فندق ديار الهناء,investment,LY-INV-HOT-NAT-00182,فندق ديار الهناء,0.1,1.0,nearby,parent_child_relationship,retain_both_link_project_and_facility,medium,Cross-layer candidate; centroid/proximity never used alone for deletion.
hotels,LY-HOT-000210,فندق رواسي,investment,LY-INV-HOT-NAT-00183,فندق رواسي,0.0,1.0,nearby,parent_child_relationship,retain_both_link_project_and_facility,medium,Cross-layer candidate; centroid/proximity never used alone for deletion.
hotels,LY-HOT-000211,فندق رويال,investment,LY-INV-HOT-NAT-00184,فندق رويال,0.0,1.0,nearby,parent_child_relationship,retain_both_link_project_and_facility,medium,Cross-layer candidate; centroid/proximity never used alone for deletion.
hotels,LY-HOT-000212,فندق ريباس,investment,LY-INV-HOT-NAT-00185,فندق ريباس,0.0,1.0,nearby,parent_child_relationship,retain_both_link_project_and_facility,medium,Cross-layer candidate; centroid/proximity never used alone for deletion.
hotels,LY-HOT-000212,فندق ريباس,investment,LY-INV-HOT-TRI-00054,فندق ريباس,16.2,1.0,nearby,parent_child_relationship,retain_both_link_project_and_facility,medium,Cross-layer candidate; centroid/proximity never used alone for deletion.
hotels,LY-HOT-000213,فندق ريكسوس,investment,LY-INV-HOT-NAT-00066,فندق ريكسوس,0.0,1.0,nearby,parent_child_relationship,retain_both_link_project_and_facility,medium,Cross-layer candidate; centroid/proximity never used alone for deletion.
hotels,LY-HOT-000213,فندق ريكسوس,investment,LY-INV-HOT-NAT-00186,فندق ريكسوس,0.0,1.0,nearby,parent_child_relationship,retain_both_link_project_and_facility,medium,Cross-layer candidate; centroid/proximity never used alone for deletion.
hotels,LY-HOT-000214,فندق زليتن,investment,LY-INV-HOT-ZLI-00001,فندق زليتن,0.0,1.0,nearby,parent_child_relationship,retain_both_link_project_and_facility,medium,Cross-layer candidate; centroid/proximity never used alone for deletion.
hotels,LY-HOT-000214,فندق زليتن,investment,LY-INV-HOT-ZLI-00002,فندق زليتن,0.0,1.0,nearby,parent_child_relationship,retain_both_link_project_and_facility,medium,Cross-layer candidate; centroid/proximity never used alone for deletion.
hotels,LY-HOT-000215,فندق زميت,investment,LY-INV-HOT-NAT-00067,فندق زميت,0.0,1.0,nearby,parent_child_relationship,retain_both_link_project_and_facility,medium,Cross-layer candidate; centroid/proximity never used alone for deletion.
hotels,LY-HOT-000215,فندق زميت,investment,LY-INV-HOT-NAT-00187,فندق زميت,0.0,1.0,nearby,parent_child_relationship,retain_both_link_project_and_facility,medium,Cross-layer candidate; centroid/proximity never used alone for deletion.
hotels,LY-HOT-000216,فندق زهرة البطنان,investment,LY-INV-HOT-NAT-00188,فندق زهرة البطنان,0.0,1.0,nearby,parent_child_relationship,retain_both_link_project_and_facility,medium,Cross-layer candidate; centroid/proximity never used alone for deletion.
hotels,LY-HOT-000217,فندق زوارة,investment,LY-INV-HOT-ZUW-00002,فندق زوارة,179.1,1.0,nearby,parent_child_relationship,retain_both_link_project_and_facility,medium,Cross-layer candidate; centroid/proximity never used alone for deletion.
hotels,LY-HOT-000217,فندق زوارة,investment,LY-INV-HOT-ZUW-00003,فندق زوارة,0.0,1.0,nearby,parent_child_relationship,retain_both_link_project_and_facility,medium,Cross-layer candidate; centroid/proximity never used alone for deletion.
hotels,LY-HOT-000217,فندق زوارة,investment,LY-INV-HOT-ZUW-00004,فندق زوارة,0.0,1.0,nearby,parent_child_relationship,retain_both_link_project_and_facility,medium,Cross-layer candidate; centroid/proximity never used alone for deletion.
hotels,LY-HOT-000218,فندق زين,investment,LY-INV-HOT-NAT-00190,فندق زين,0.0,1.0,nearby,parent_child_relationship,retain_both_link_project_and_facility,medium,Cross-layer candidate; centroid/proximity never used alone for deletion.
hotels,LY-HOT-000219,فندق سرايا الليبو,investment,LY-INV-HOT-NAT-00069,فندق سرايا الليبو,0.0,1.0,nearby,parent_child_relationship,retain_both_link_project_and_facility,medium,Cross-layer candidate; centroid/proximity never used alone for deletion.
hotels,LY-HOT-000219,فندق سرايا الليبو,investment,LY-INV-HOT-NAT-00191,فندق سرايا الليبو,0.0,1.0,nearby,parent_child_relationship,retain_both_link_project_and_facility,medium,Cross-layer candidate; centroid/proximity never used alone for deletion.
hotels,LY-HOT-000220,فندق سفاري 2,investment,LY-INV-HOT-NAT-00071,فندق سفاري 2,0.0,1.0,nearby,parent_child_relationship,retain_both_link_project_and_facility,medium,Cross-layer candidate; centroid/proximity never used alone for deletion.
hotels,LY-HOT-000220,فندق سفاري 2,investment,LY-INV-HOT-NAT-00192,فندق سفاري 2,0.0,1.0,nearby,parent_child_relationship,retain_both_link_project_and_facility,medium,Cross-layer candidate; centroid/proximity never used alone for deletion.
hotels,LY-HOT-000222,فندق شروق افريقيا,investment,LY-INV-HOT-NAT-00073,فندق شروق افريقيا,0.0,1.0,nearby,parent_child_relationship,retain_both_link_project_and_facility,medium,Cross-layer candidate; centroid/proximity never used alone for deletion.
hotels,LY-HOT-000222,فندق شروق افريقيا,investment,LY-INV-HOT-NAT-00193,فندق شروق افريقيا,0.0,1.0,nearby,parent_child_relationship,retain_both_link_project_and_facility,medium,Cross-layer candidate; centroid/proximity never used alone for deletion.
hotels,LY-HOT-000223,فندق صحارى ليبيا,investment,LY-INV-HOT-NAT-00074,فندق صحارى ليبيا,83.3,1.0,nearby,parent_child_relationship,retain_both_link_project_and_facility,medium,Cross-layer candidate; centroid/proximity never used alone for deletion.
hotels,LY-HOT-000223,فندق صحارى ليبيا,investment,LY-INV-HOT-NAT-00194,فندق صحارى ليبيا,83.3,1.0,nearby,parent_child_relationship,retain_both_link_project_and_facility,medium,Cross-layer candidate; centroid/proximity never used alone for deletion.
hotels,LY-HOT-000223,فندق صحارى ليبيا,investment,LY-INV-HOT-TRI-00030,فندق صحراء ليبيا,73.5,0.857,nearby,parent_child_relationship,retain_both_link_project_and_facility,medium,Cross-layer candidate; centroid/proximity never used alone for deletion.
hotels,LY-HOT-000224,فندق ضيافة ونيس,investment,LY-INV-HOT-NAT-00075,فندق ضيافة ونيس,0.0,1.0,nearby,parent_child_relationship,retain_both_link_project_and_facility,medium,Cross-layer candidate; centroid/proximity never used alone for deletion.
hotels,LY-HOT-000224,فندق ضيافة ونيس,investment,LY-INV-HOT-NAT-00195,فندق ضيافة ونيس,0.0,1.0,nearby,parent_child_relationship,retain_both_link_project_and_facility,medium,Cross-layer candidate; centroid/proximity never used alone for deletion.
hotels,LY-HOT-000225,فندق طليطلة,investment,LY-INV-HOT-NAT-00076,فندق طليطلة,0.0,1.0,nearby,parent_child_relationship,retain_both_link_project_and_facility,medium,Cross-layer candidate; centroid/proximity never used alone for deletion.
hotels,LY-HOT-000225,فندق طليطلة,investment,LY-INV-HOT-NAT-00196,فندق طليطلة,0.0,1.0,nearby,parent_child_relationship,retain_both_link_project_and_facility,medium,Cross-layer candidate; centroid/proximity never used alone for deletion.
hotels,LY-HOT-000226,فندق عمر الخيام,investment,LY-INV-HOT-NAT-00197,فندق عمر الخيام,0.0,1.0,nearby,parent_child_relationship,retain_both_link_project_and_facility,medium,Cross-layer candidate; centroid/proximity never used alone for deletion.
hotels,LY-HOT-000227,فندق غابة الكشافة,investment,LY-INV-HOT-NAT-00080,فندق غابة الكشافة,0.0,1.0,nearby,parent_child_relationship,retain_both_link_project_and_facility,medium,Cross-layer candidate; centroid/proximity never used alone for deletion.
hotels,LY-HOT-000227,فندق غابة الكشافة,investment,LY-INV-HOT-NAT-00198,فندق غابة الكشافة,0.0,1.0,nearby,parent_child_relationship,retain_both_link_project_and_facility,medium,Cross-layer candidate; centroid/proximity never used alone for deletion.
hotels,LY-HOT-000228,فندق غريان السياحي,investment,LY-INV-HOT-NAT-00081,فندق غريان السياحي,0.0,1.0,nearby,parent_child_relationship,retain_both_link_project_and_facility,medium,Cross-layer candidate; centroid/proximity never used alone for deletion.
hotels,LY-HOT-000228,فندق غريان السياحي,investment,LY-INV-HOT-NAT-00199,فندق غريان السياحي,0.0,1.0,nearby,parent_child_relationship,retain_both_link_project_and_facility,medium,Cross-layer candidate; centroid/proximity never used alone for deletion.
hotels,LY-HOT-000228,فندق غريان السياحي,investment,LY-INV-HOT-NAT-00259,فندق غريان السياحي,1.0,1.0,nearby,parent_child_relationship,retain_both_link_project_and_facility,medium,Cross-layer candidate; centroid/proximity never used alone for deletion.
hotels,LY-HOT-000229,فندق فيلا النوران,investment,LY-INV-HOT-NAT-00200,فندق فيلا النوران,0.0,1.0,nearby,parent_child_relationship,retain_both_link_project_and_facility,medium,Cross-layer candidate; centroid/proximity never used alone for deletion.
hotels,LY-HOT-000230,فندق قاطش,investment,LY-INV-HOT-NAT-00201,فندق قاطش,0.0,1.0,nearby,parent_child_relationship,retain_both_link_project_and_facility,medium,Cross-layer candidate; centroid/proximity never used alone for deletion.
hotels,LY-HOT-000231,فندق قرطاج,investment,LY-INV-HOT-NAT-00082,فندق قرطاج,0.0,1.0,nearby,parent_child_relationship,retain_both_link_project_and_facility,medium,Cross-layer candidate; centroid/proximity never used alone for deletion.
hotels,LY-HOT-000231,فندق قرطاج,investment,LY-INV-HOT-NAT-00202,فندق قرطاج,0.0,1.0,nearby,parent_child_relationship,retain_both_link_project_and_facility,medium,Cross-layer candidate; centroid/proximity never used alone for deletion.
hotels,LY-HOT-000232,فندق قصر البيضاء,investment,LY-INV-HOT-BAY-00006,فندق قصر البيضاء,0.0,1.0,nearby,parent_child_relationship,retain_both_link_project_and_facility,medium,Cross-layer candidate; centroid/proximity never used alone for deletion.
hotels,LY-HOT-000233,فندق قصر الظهرة,investment,LY-INV-HOT-NAT-00083,فندق قصر الظهرة,0.0,1.0,nearby,parent_child_relationship,retain_both_link_project_and_facility,medium,Cross-layer candidate; centroid/proximity never used alone for deletion.
hotels,LY-HOT-000233,فندق قصر الظهرة,investment,LY-INV-HOT-NAT-00203,فندق قصر الظهرة,0.0,1.0,nearby,parent_child_relationship,retain_both_link_project_and_facility,medium,Cross-layer candidate; centroid/proximity never used alone for deletion.
hotels,LY-HOT-000234,فندق قصر الفضيل,investment,LY-INV-HOT-NAT-00204,فندق قصر الفضيل,0.0,1.0,nearby,parent_child_relationship,retain_both_link_project_and_facility,medium,Cross-layer candidate; centroid/proximity never used alone for deletion.
hotels,LY-HOT-000235,فندق قصر الفيروز,investment,LY-INV-HOT-NAT-00084,فندق قصر الفيروز,0.0,1.0,nearby,parent_child_relationship,retain_both_link_project_and_facility,medium,Cross-layer candidate; centroid/proximity never used alone for deletion.
hotels,LY-HOT-000235,فندق قصر الفيروز,investment,LY-INV-HOT-NAT-00205,فندق قصر الفيروز,0.0,1.0,nearby,parent_child_relationship,retain_both_link_project_and_facility,medium,Cross-layer candidate; centroid/proximity never used alone for deletion.
hotels,LY-HOT-000236,فندق قصر النيل,investment,LY-INV-HOT-NAT-00206,فندق قصر النيل,0.0,1.0,nearby,parent_child_relationship,retain_both_link_project_and_facility,medium,Cross-layer candidate; centroid/proximity never used alone for deletion.
hotels,LY-HOT-000237,فندق قصر الواحة,investment,LY-INV-HOT-NAT-00207,فندق قصر الواحة,0.0,1.0,nearby,parent_child_relationship,retain_both_link_project_and_facility,medium,Cross-layer candidate; centroid/proximity never used alone for deletion.
hotels,LY-HOT-000238,فندق قصور الضيافة,investment,LY-INV-HOT-NAT-00208,فندق قصور الضيافة,0.0,1.0,nearby,parent_child_relationship,retain_both_link_project_and_facility,medium,Cross-layer candidate; centroid/proximity never used alone for deletion.
hotels,LY-HOT-000239,فندق قصي للشقق المفروشة,investment,LY-INV-HOT-NAT-00209,فندق قصي للشقق المفروشة,0.0,1.0,nearby,parent_child_relationship,retain_both_link_project_and_facility,medium,Cross-layer candidate; centroid/proximity never used alone for deletion.
hotels,LY-HOT-000240,فندق قمر صبراتة,investment,LY-INV-HOT-SAB-00003,فندق قمر صبراتة,0.0,1.0,nearby,parent_child_relationship,retain_both_link_project_and_facility,medium,Cross-layer candidate; centroid/proximity never used alone for deletion.
hotels,LY-HOT-000240,فندق قمر صبراتة,investment,LY-INV-HOT-SAB-00004,فندق قمر صبراتة,0.0,1.0,nearby,parent_child_relationship,retain_both_link_project_and_facility,medium,Cross-layer candidate; centroid/proximity never used alone for deletion.
hotels,LY-HOT-000241,فندق قورينا,investment,LY-INV-HOT-NAT-00210,فندق قورينا,0.0,1.0,nearby,parent_child_relationship,retain_both_link_project_and_facility,medium,Cross-layer candidate; centroid/proximity never used alone for deletion.
hotels,LY-HOT-000242,فندق كونتنتال,investment,LY-INV-HOT-NAT-00085,فندق كونتنتال,0.0,1.0,nearby,parent_child_relationship,retain_both_link_project_and_facility,medium,Cross-layer candidate; centroid/proximity never used alone for deletion.
hotels,LY-HOT-000242,فندق كونتنتال,investment,LY-INV-HOT-NAT-00211,فندق كونتنتال,0.0,1.0,nearby,parent_child_relationship,retain_both_link_project_and_facility,medium,Cross-layer candidate; centroid/proximity never used alone for deletion.
hotels,LY-HOT-000243,فندق لؤلؤة درنة,investment,LY-INV-HOT-KHO-00007,فندق لؤلؤة درنة,0.0,1.0,nearby,parent_child_relationship,retain_both_link_project_and_facility,medium,Cross-layer candidate; centroid/proximity never used alone for deletion.
hotels,LY-HOT-000244,فندق ليالي قرطاج,investment,LY-INV-HOT-NAT-00086,فندق ليالي قرطاج,0.0,1.0,nearby,parent_child_relationship,retain_both_link_project_and_facility,medium,Cross-layer candidate; centroid/proximity never used alone for deletion.
hotels,LY-HOT-000244,فندق ليالي قرطاج,investment,LY-INV-HOT-NAT-00212,فندق ليالي قرطاج,0.0,1.0,nearby,parent_child_relationship,retain_both_link_project_and_facility,medium,Cross-layer candidate; centroid/proximity never used alone for deletion.
hotels,LY-HOT-000245,فندق مادي الحسان,investment,LY-INV-HOT-NAT-00088,فندق مادي الحسان,0.0,1.0,nearby,parent_child_relationship,retain_both_link_project_and_facility,medium,Cross-layer candidate; centroid/proximity never used alone for deletion.
hotels,LY-HOT-000245,فندق مادي الحسان,investment,LY-INV-HOT-NAT-00214,فندق مادي الحسان,0.0,1.0,nearby,parent_child_relationship,retain_both_link_project_and_facility,medium,Cross-layer candidate; centroid/proximity never used alone for deletion.
hotels,LY-HOT-000246,فندق ميزران,investment,LY-INV-HOT-NAT-00215,فندق ميزران,0.1,1.0,nearby,parent_child_relationship,retain_both_link_project_and_facility,medium,Cross-layer candidate; centroid/proximity never used alone for deletion.
hotels,LY-HOT-000247,فندق هارون,investment,LY-INV-HOT-NAT-00216,فندق هارون,0.1,1.0,nearby,parent_child_relationship,retain_both_link_project_and_facility,medium,Cross-layer candidate; centroid/proximity never used alone for deletion.
hotels,LY-HOT-000248,فندق واستراحة جادو,investment,LY-INV-HOT-NAT-00090,فندق واستراحة جادو,0.0,1.0,nearby,parent_child_relationship,retain_both_link_project_and_facility,medium,Cross-layer candidate; centroid/proximity never used alone for deletion.
hotels,LY-HOT-000248,فندق واستراحة جادو,investment,LY-INV-HOT-NAT-00217,فندق واستراحة جادو,0.0,1.0,nearby,parent_child_relationship,retain_both_link_project_and_facility,medium,Cross-layer candidate; centroid/proximity never used alone for deletion.
hotels,LY-HOT-000249,فندق ومطعم النزهة,investment,LY-INV-HOT-NAT-00092,فندق ومطعم النزهة,0.0,1.0,nearby,parent_child_relationship,retain_both_link_project_and_facility,medium,Cross-layer candidate; centroid/proximity never used alone for deletion.
hotels,LY-HOT-000249,فندق ومطعم النزهة,investment,LY-INV-HOT-NAT-00218,فندق ومطعم النزهة,0.0,1.0,nearby,parent_child_relationship,retain_both_link_project_and_facility,medium,Cross-layer candidate; centroid/proximity never used alone for deletion.
hotels,LY-HOT-000250,فندق يفرن,investment,LY-INV-HOT-NAT-00093,فندق يفرن,0.0,1.0,nearby,parent_child_relationship,retain_both_link_project_and_facility,medium,Cross-layer candidate; centroid/proximity never used alone for deletion.
hotels,LY-HOT-000250,فندق يفرن,investment,LY-INV-HOT-NAT-00219,فندق يفرن,0.0,1.0,nearby,parent_child_relationship,retain_both_link_project_and_facility,medium,Cross-layer candidate; centroid/proximity never used alone for deletion.
hotels,LY-HOT-000251,الفندق السياحي,investment,LY-INV-HOT-NAT-00220,الفندق السياحي,0.0,1.0,nearby,parent_child_relationship,retain_both_link_project_and_facility,medium,Cross-layer candidate; centroid/proximity never used alone for deletion.
hotels,LY-HOT-000252,الفندق القديم,investment,LY-INV-HOT-NAT-00221,الفندق القديم,0.0,1.0,nearby,parent_child_relationship,retain_both_link_project_and_facility,medium,Cross-layer candidate; centroid/proximity never used alone for deletion.
hotels,LY-HOT-000253,الفندق الكبير,investment,LY-INV-HOT-NAT-00222,الفندق الكبير,0.0,1.0,nearby,parent_child_relationship,retain_both_link_project_and_facility,medium,Cross-layer candidate; centroid/proximity never used alone for deletion.
hotels,LY-HOT-000254,القرية السياحية قاريونس,investment,LY-INV-REV-NAT-00001,القرية السياحية قاريونس,0.0,1.0,nearby,parent_child_relationship,retain_both_link_project_and_facility,medium,Cross-layer candidate; centroid/proximity never used alone for deletion.
hotels,LY-HOT-000255,طرابلس للشقق الفندقية,investment,LY-INV-HOT-TRI-00021,طرابلس للشقق الفندقية,0.0,1.0,nearby,parent_child_relationship,retain_both_link_project_and_facility,medium,Cross-layer candidate; centroid/proximity never used alone for deletion.
hotels,LY-HOT-000255,طرابلس للشقق الفندقية,investment,LY-INV-HOT-TRI-00024,طرابلس للشقق الفندقية,0.0,1.0,nearby,parent_child_relationship,retain_both_link_project_and_facility,medium,Cross-layer candidate; centroid/proximity never used alone for deletion.
hotels,LY-HOT-000256,نزل المدينة,investment,LY-INV-REV-NAT-00002,نزل المدينة,0.0,1.0,nearby,parent_child_relationship,retain_both_link_project_and_facility,medium,Cross-layer candidate; centroid/proximity never used alone for deletion.
hotels,LY-HOT-000257,نزل أمباي,investment,LY-INV-REV-NAT-00003,نزل أمباي,0.0,1.0,nearby,parent_child_relationship,retain_both_link_project_and_facility,medium,Cross-layer candidate; centroid/proximity never used alone for deletion.
hotels,LY-HOT-000258,نزل بيروت,investment,LY-INV-REV-NAT-00004,نزل بيروت,11.5,1.0,nearby,parent_child_relationship,retain_both_link_project_and_facility,medium,Cross-layer candidate; centroid/proximity never used alone for deletion.
hotels,LY-HOT-000259,نزل طرابلس الحديث,investment,LY-INV-REV-TRI-00001,نزل طرابلس الحديث,0.0,1.0,nearby,parent_child_relationship,retain_both_link_project_and_facility,medium,Cross-layer candidate; centroid/proximity never used alone for deletion.
hotels,LY-HOT-000259,نزل طرابلس الحديث,investment,LY-INV-REV-TRI-00002,نزل طرابلس الحديث,0.0,1.0,nearby,parent_child_relationship,retain_both_link_project_and_facility,medium,Cross-layer candidate; centroid/proximity never used alone for deletion.
hotels,LY-HOT-000260,نزل مرحبا,investment,LY-INV-REV-NAT-00005,نزل مرحبا,0.0,1.0,nearby,parent_child_relationship,retain_both_link_project_and_facility,medium,Cross-layer candidate; centroid/proximity never used alone for deletion.
hotels,LY-HOT-000261,الماسة للشقق الفندقية,investment,LY-INV-HOT-NAT-00223,الماسة للشقق الفندقية,0.1,1.0,nearby,parent_child_relationship,retain_both_link_project_and_facility,medium,Cross-layer candidate; centroid/proximity never used alone for deletion.
hotels,LY-HOT-000262,فندق فزان,investment,LY-INV-HOT-SEB-00002,فندق فزان,0.0,1.0,nearby,parent_child_relationship,retain_both_link_project_and_facility,medium,Cross-layer candidate; centroid/proximity never used alone for deletion.
hotels,LY-HOT-000263,فندق المختار,investment,LY-INV-HOT-NAT-00135,فندق المنار,138.8,0.857,nearby,parent_child_relationship,retain_both_link_project_and_facility,medium,Cross-layer candidate; centroid/proximity never used alone for deletion.
hotels,LY-HOT-000263,فندق المختار,investment,LY-INV-HOT-NAT-00224,فندق المختار,0.0,1.0,nearby,parent_child_relationship,retain_both_link_project_and_facility,medium,Cross-layer candidate; centroid/proximity never used alone for deletion.
hotels,LY-HOT-000264,فندق قصر كاباو,investment,LY-INV-HOT-NAT-00225,فندق قصر كاباو,0.0,1.0,nearby,parent_child_relationship,retain_both_link_project_and_facility,medium,Cross-layer candidate; centroid/proximity never used alone for deletion.
hotels,LY-HOT-000265,فندق الأفريقي,investment,LY-INV-HOT-DER-00001,فندق الأفريقي,0.0,1.0,nearby,parent_child_relationship,retain_both_link_project_and_facility,medium,Cross-layer candidate; centroid/proximity never used alone for deletion.
hotels,LY-HOT-000266,فندق قرطاج السياحى1,investment,LY-INV-HOT-TRI-00025,فندق قرطاج السياحى1,0.0,1.0,nearby,parent_child_relationship,retain_both_link_project_and_facility,medium,Cross-layer candidate; centroid/proximity never used alone for deletion.
hotels,LY-HOT-000266,فندق قرطاج السياحى1,investment,LY-INV-HOT-TRI-00031,فندق قرطاج السياحى2,35.6,0.941,nearby,parent_child_relationship,retain_both_link_project_and_facility,medium,Cross-layer candidate; centroid/proximity never used alone for deletion.
hotels,LY-HOT-000267,فندق السارة,investment,LY-INV-HOT-TRI-00026,فندق السارة,0.0,1.0,nearby,parent_child_relationship,retain_both_link_project_and_facility,medium,Cross-layer candidate; centroid/proximity never used alone for deletion.
hotels,LY-HOT-000268,فندق الفصول الاربعة 3,investment,LY-INV-HOT-TRI-00027,فندق الفصول الاربعة 3,0.0,1.0,nearby,parent_child_relationship,retain_both_link_project_and_facility,medium,Cross-layer candidate; centroid/proximity never used alone for deletion.
hotels,LY-HOT-000268,فندق الفصول الاربعة 3,investment,LY-INV-HOT-TRI-00036,فندق الفصول الاربعة 2,236.0,0.944,nearby,parent_child_relationship,retain_both_link_project_and_facility,medium,Cross-layer candidate; centroid/proximity never used alone for deletion.
hotels,LY-HOT-000268,فندق الفصول الاربعة 3,investment,LY-INV-HOT-TRI-00042,فندق الفصول الابعة 1,130.5,0.914,nearby,parent_child_relationship,retain_both_link_project_and_facility,medium,Cross-layer candidate; centroid/proximity never used alone for deletion.
hotels,LY-HOT-000269,فندق أوال,investment,LY-INV-HOT-NAT-00054,فندق أوال,119.2,1.0,nearby,parent_child_relationship,retain_both_link_project_and_facility,medium,Cross-layer candidate; centroid/proximity never used alone for deletion.
hotels,LY-HOT-000269,فندق أوال,investment,LY-INV-HOT-NAT-00161,فندق أوال,119.3,1.0,nearby,parent_child_relationship,retain_both_link_project_and_facility,medium,Cross-layer candidate; centroid/proximity never used alone for deletion.
hotels,LY-HOT-000269,فندق أوال,investment,LY-INV-HOT-TRI-00028,فندق أوال,0.1,1.0,nearby,parent_child_relationship,retain_both_link_project_and_facility,medium,Cross-layer candidate; centroid/proximity never used alone for deletion.
hotels,LY-HOT-000270,فندق المتوسط,investment,LY-INV-HOT-TRI-00029,فندق المتوسط,0.0,1.0,nearby,parent_child_relationship,retain_both_link_project_and_facility,medium,Cross-layer candidate; centroid/proximity never used alone for deletion.
hotels,LY-HOT-000271,فندق قرطاج السياحى2,investment,LY-INV-HOT-TRI-00025,فندق قرطاج السياحى1,35.5,0.941,nearby,parent_child_relationship,retain_both_link_project_and_facility,medium,Cross-layer candidate; centroid/proximity never used alone for deletion.
hotels,LY-HOT-000271,فندق قرطاج السياحى2,investment,LY-INV-HOT-TRI-00031,فندق قرطاج السياحى2,0.1,1.0,nearby,parent_child_relationship,retain_both_link_project_and_facility,medium,Cross-layer candidate; centroid/proximity never used alone for deletion.
hotels,LY-HOT-000272,فندق التوفيق 2,investment,LY-INV-HOT-TRI-00032,فندق التوفيق 2,0.0,1.0,nearby,parent_child_relationship,retain_both_link_project_and_facility,medium,Cross-layer candidate; centroid/proximity never used alone for deletion.
hotels,LY-HOT-000272,فندق التوفيق 2,investment,LY-INV-HOT-TRI-00048,فندق التوفيق 1,51.9,0.917,nearby,parent_child_relationship,retain_both_link_project_and_facility,medium,Cross-layer candidate; centroid/proximity never used alone for deletion.
hotels,LY-HOT-000274,نزل كيلو بتراء,investment,LY-INV-REV-TRI-00003,نزل كيلو بتراء,0.0,1.0,nearby,parent_child_relationship,retain_both_link_project_and_facility,medium,Cross-layer candidate; centroid/proximity never used alone for deletion.
hotels,LY-HOT-000275,فندق الفصول الاربعة 2,investment,LY-INV-HOT-TRI-00027,فندق الفصول الاربعة 3,236.0,0.944,nearby,parent_child_relationship,retain_both_link_project_and_facility,medium,Cross-layer candidate; centroid/proximity never used alone for deletion.
hotels,LY-HOT-000275,فندق الفصول الاربعة 2,investment,LY-INV-HOT-TRI-00036,فندق الفصول الاربعة 2,0.0,1.0,nearby,parent_child_relationship,retain_both_link_project_and_facility,medium,Cross-layer candidate; centroid/proximity never used alone for deletion.
hotels,LY-HOT-000275,فندق الفصول الاربعة 2,investment,LY-INV-HOT-TRI-00042,فندق الفصول الابعة 1,121.5,0.914,nearby,parent_child_relationship,retain_both_link_project_and_facility,medium,Cross-layer candidate; centroid/proximity never used alone for deletion.
hotels,LY-HOT-000276,فندق السفير,investment,LY-INV-HOT-TRI-00037,فندق السفير,0.0,1.0,nearby,parent_child_relationship,retain_both_link_project_and_facility,medium,Cross-layer candidate; centroid/proximity never used alone for deletion.
hotels,LY-HOT-000277,فندق نور الثريا,investment,LY-INV-HOT-NAT-00089,فندق نور الثريا,220.9,1.0,nearby,parent_child_relationship,retain_both_link_project_and_facility,medium,Cross-layer candidate; centroid/proximity never used alone for deletion.
hotels,LY-HOT-000277,فندق نور الثريا,investment,LY-INV-HOT-TRI-00035,فندق نور الثرياء,190.7,0.963,nearby,parent_child_relationship,retain_both_link_project_and_facility,medium,Cross-layer candidate; centroid/proximity never used alone for deletion.
hotels,LY-HOT-000277,فندق نور الثريا,investment,LY-INV-HOT-TRI-00038,فندق الثريا,0.0,0.87,nearby,parent_child_relationship,retain_both_link_project_and_facility,medium,Cross-layer candidate; centroid/proximity never used alone for deletion.
hotels,LY-HOT-000278,فندق الشاطئ الذهبى,investment,LY-INV-HOT-TRI-00039,فندق الشاطئ الذهبى,0.1,1.0,nearby,parent_child_relationship,retain_both_link_project_and_facility,medium,Cross-layer candidate; centroid/proximity never used alone for deletion.
hotels,LY-HOT-000278,فندق الشاطئ الذهبى,investment,LY-INV-HOT-NAT-00250,فندق الشاطىء الذهبي,108.6,0.97,nearby,parent_child_relationship,retain_both_link_project_and_facility,medium,Cross-layer candidate; centroid/proximity never used alone for deletion.
hotels,LY-HOT-000279,فندق الصافي,investment,LY-INV-HOT-TRI-00040,فندق الصافي,0.0,1.0,nearby,parent_child_relationship,retain_both_link_project_and_facility,medium,Cross-layer candidate; centroid/proximity never used alone for deletion.
hotels,LY-HOT-000280,فندق بوابة أفريقيا,investment,LY-INV-HOT-TRI-00041,فندق بوابة أفريقيا,7.5,1.0,nearby,parent_child_relationship,retain_both_link_project_and_facility,medium,Cross-layer candidate; centroid/proximity never used alone for deletion.
hotels,LY-HOT-000281,فندق الفصول الابعة 1,investment,LY-INV-HOT-TRI-00027,فندق الفصول الاربعة 3,130.5,0.914,nearby,parent_child_relationship,retain_both_link_project_and_facility,medium,Cross-layer candidate; centroid/proximity never used alone for deletion.
hotels,LY-HOT-000281,فندق الفصول الابعة 1,investment,LY-INV-HOT-TRI-00036,فندق الفصول الاربعة 2,121.5,0.914,nearby,parent_child_relationship,retain_both_link_project_and_facility,medium,Cross-layer candidate; centroid/proximity never used alone for deletion.
hotels,LY-HOT-000281,فندق الفصول الابعة 1,investment,LY-INV-HOT-TRI-00042,فندق الفصول الابعة 1,0.0,1.0,nearby,parent_child_relationship,retain_both_link_project_and_facility,medium,Cross-layer candidate; centroid/proximity never used alone for deletion.
hotels,LY-HOT-000282,فندق سفارى,investment,LY-INV-HOT-TRI-00043,فندق سفارى,0.1,1.0,nearby,parent_child_relationship,retain_both_link_project_and_facility,medium,Cross-layer candidate; centroid/proximity never used alone for deletion.
hotels,LY-HOT-000283,فندق زهرة الخليج,investment,LY-INV-HOT-NAT-00068,فندق زهرة الخليج,56.4,1.0,nearby,parent_child_relationship,retain_both_link_project_and_facility,medium,Cross-layer candidate; centroid/proximity never used alone for deletion.
hotels,LY-HOT-000283,فندق زهرة الخليج,investment,LY-INV-HOT-NAT-00189,فندق زهرة الخليج,56.4,1.0,nearby,parent_child_relationship,retain_both_link_project_and_facility,medium,Cross-layer candidate; centroid/proximity never used alone for deletion.
hotels,LY-HOT-000283,فندق زهرة الخليج,investment,LY-INV-HOT-TRI-00044,فندق زهرة الخليج,53.6,1.0,nearby,parent_child_relationship,retain_both_link_project_and_facility,medium,Cross-layer candidate; centroid/proximity never used alone for deletion.
hotels,LY-HOT-000284,فندق السلاسل الذهبية,investment,LY-INV-HOT-TRI-00045,فندق السلاسل الذهبية,0.0,1.0,nearby,parent_child_relationship,retain_both_link_project_and_facility,medium,Cross-layer candidate; centroid/proximity never used alone for deletion.
hotels,LY-HOT-000285,فندق النورس,investment,LY-INV-HOT-TRI-00047,فندق النورس,0.0,1.0,nearby,parent_child_relationship,retain_both_link_project_and_facility,medium,Cross-layer candidate; centroid/proximity never used alone for deletion.
hotels,LY-HOT-000286,فندق التوفيق 1,investment,LY-INV-HOT-TRI-00032,فندق التوفيق 2,51.9,0.917,nearby,parent_child_relationship,retain_both_link_project_and_facility,medium,Cross-layer candidate; centroid/proximity never used alone for deletion.
hotels,LY-HOT-000286,فندق التوفيق 1,investment,LY-INV-HOT-TRI-00048,فندق التوفيق 1,0.1,1.0,nearby,parent_child_relationship,retain_both_link_project_and_facility,medium,Cross-layer candidate; centroid/proximity never used alone for deletion.
hotels,LY-HOT-000287,فندق اليسر,investment,LY-INV-HOT-TRI-00049,فندق اليسر,0.0,1.0,nearby,parent_child_relationship,retain_both_link_project_and_facility,medium,Cross-layer candidate; centroid/proximity never used alone for deletion.
hotels,LY-HOT-000288,فندق الخيام العربية,investment,LY-INV-HOT-TRI-00050,فندق الخيام العربية,0.0,1.0,nearby,parent_child_relationship,retain_both_link_project_and_facility,medium,Cross-layer candidate; centroid/proximity never used alone for deletion.
hotels,LY-HOT-000289,فندق الرشيد,investment,LY-INV-HOT-TRI-00052,فندق الرشيد,0.0,1.0,nearby,parent_child_relationship,retain_both_link_project_and_facility,medium,Cross-layer candidate; centroid/proximity never used alone for deletion.
hotels,LY-HOT-000290,فندق أسامة,investment,LY-INV-HOT-NAT-00226,فندق أسامة,0.0,1.0,nearby,parent_child_relationship,retain_both_link_project_and_facility,medium,Cross-layer candidate; centroid/proximity never used alone for deletion.
hotels,LY-HOT-000291,فندق الزيتونة,investment,LY-INV-HOT-TRI-00053,فندق الزيتونة,0.0,1.0,nearby,parent_child_relationship,retain_both_link_project_and_facility,medium,Cross-layer candidate; centroid/proximity never used alone for deletion.
hotels,LY-HOT-000292,فندق ريباس,investment,LY-INV-HOT-NAT-00185,فندق ريباس,16.2,1.0,nearby,parent_child_relationship,retain_both_link_project_and_facility,medium,Cross-layer candidate; centroid/proximity never used alone for deletion.
hotels,LY-HOT-000292,فندق ريباس,investment,LY-INV-HOT-TRI-00054,فندق ريباس,0.0,1.0,nearby,parent_child_relationship,retain_both_link_project_and_facility,medium,Cross-layer candidate; centroid/proximity never used alone for deletion.
hotels,LY-HOT-000293,فندق طليطلة,investment,LY-INV-HOT-TRI-00055,فندق طليطلة,0.0,1.0,nearby,parent_child_relationship,retain_both_link_project_and_facility,medium,Cross-layer candidate; centroid/proximity never used alone for deletion.
hotels,LY-HOT-000294,فندق صبراتة,investment,LY-INV-HOT-SAB-00005,فندق صبراتة,0.0,1.0,nearby,parent_child_relationship,retain_both_link_project_and_facility,medium,Cross-layer candidate; centroid/proximity never used alone for deletion.
hotels,LY-HOT-000295,فندق تاج,investment,LY-INV-HOT-NAT-00227,فندق تاج,10.4,1.0,nearby,parent_child_relationship,retain_both_link_project_and_facility,medium,Cross-layer candidate; centroid/proximity never used alone for deletion.
hotels,LY-HOT-000296,فندق الكندي,investment,LY-INV-HOT-NAT-00228,فندق الكندي,22.6,1.0,nearby,parent_child_relationship,retain_both_link_project_and_facility,medium,Cross-layer candidate; centroid/proximity never used alone for deletion.
hotels,LY-HOT-000297,فندق أضواء قرطاج,investment,LY-INV-HOT-NAT-00229,فندق أضواء قرطاج,10.0,1.0,nearby,parent_child_relationship,retain_both_link_project_and_facility,medium,Cross-layer candidate; centroid/proximity never used alone for deletion.
hotels,LY-HOT-000298,فندق البشير,investment,LY-INV-HOT-NAT-00230,فندق البشير,0.0,1.0,nearby,parent_child_relationship,retain_both_link_project_and_facility,medium,Cross-layer candidate; centroid/proximity never used alone for deletion.
hotels,LY-HOT-000299,فندق الهاني,investment,LY-INV-HOT-NAT-00141,فندق الهاني/ نزل,23.3,0.87,nearby,parent_child_relationship,retain_both_link_project_and_facility,medium,Cross-layer candidate; centroid/proximity never used alone for deletion.
hotels,LY-HOT-000299,فندق الهاني,investment,LY-INV-HOT-NAT-00231,فندق الهاني,76.0,1.0,nearby,parent_child_relationship,retain_both_link_project_and_facility,medium,Cross-layer candidate; centroid/proximity never used alone for deletion.
hotels,LY-HOT-000300,فندق القنصل فندق القنصل,investment,LY-INV-HOT-NAT-00232,فندق القنصل فندق القنصل,0.0,1.0,nearby,parent_child_relationship,retain_both_link_project_and_facility,medium,Cross-layer candidate; centroid/proximity never used alone for deletion.
hotels,LY-HOT-000301,فندق الجبل الاخضر,investment,LY-INV-HOT-NAT-00233,فندق الجبل الاخضر,0.0,1.0,nearby,parent_child_relationship,retain_both_link_project_and_facility,medium,Cross-layer candidate; centroid/proximity never used alone for deletion.
hotels,LY-HOT-000302,الفتح,investment,LY-INV-REV-NAT-00006,الفتح,0.1,1.0,nearby,parent_child_relationship,retain_both_link_project_and_facility,medium,Cross-layer candidate; centroid/proximity never used alone for deletion.
hotels,LY-HOT-000303,فندق قصر ليبيا,investment,LY-INV-HOT-TRI-00056,فندق قصر ليبيا,0.0,1.0,nearby,parent_child_relationship,retain_both_link_project_and_facility,medium,Cross-layer candidate; centroid/proximity never used alone for deletion.
hotels,LY-HOT-000304,Hotel Haroun 2,investment,LY-INV-REV-NAT-00007,Hotel Haroun 2,0.1,1.0,nearby,parent_child_relationship,retain_both_link_project_and_facility,medium,Cross-layer candidate; centroid/proximity never used alone for deletion.
hotels,LY-HOT-000305,فندق الغزالة,investment,LY-INV-HOT-NAT-00234,فندق الغزالة,0.0,1.0,nearby,parent_child_relationship,retain_both_link_project_and_facility,medium,Cross-layer candidate; centroid/proximity never used alone for deletion.
hotels,LY-HOT-000306,فندق كيان طرابلس,investment,LY-INV-HOT-TRI-00057,فندق كيان طرابلس,0.1,1.0,nearby,parent_child_relationship,retain_both_link_project_and_facility,medium,Cross-layer candidate; centroid/proximity never used alone for deletion.
hotels,LY-HOT-000307,فندق الديوان,investment,LY-INV-HOT-NAT-00235,فندق الديوان,0.0,1.0,nearby,parent_child_relationship,retain_both_link_project_and_facility,medium,Cross-layer candidate; centroid/proximity never used alone for deletion.
hotels,LY-HOT-000308,فندق نيو ستي New City hotel,investment,LY-INV-HOT-NAT-00236,فندق نيو ستي New City hotel,0.0,1.0,nearby,parent_child_relationship,retain_both_link_project_and_facility,medium,Cross-layer candidate; centroid/proximity never used alone for deletion.
hotels,LY-HOT-000309,فندق الدالي,investment,LY-INV-HOT-NAT-00237,فندق الدالي,0.0,1.0,nearby,parent_child_relationship,retain_both_link_project_and_facility,medium,Cross-layer candidate; centroid/proximity never used alone for deletion.
hotels,LY-HOT-000310,زهرة الشمس,investment,LY-INV-REV-NAT-00008,زهرة الشمس,6.6,1.0,nearby,parent_child_relationship,retain_both_link_project_and_facility,medium,Cross-layer candidate; centroid/proximity never used alone for deletion.
hotels,LY-HOT-000311,فندق ضيافة طرابلس,investment,LY-INV-HOT-TRI-00058,فندق ضيافة طرابلس,17.1,1.0,nearby,parent_child_relationship,retain_both_link_project_and_facility,medium,Cross-layer candidate; centroid/proximity never used alone for deletion.
hotels,LY-HOT-000312,فندق الفتح شارع الرشيد,investment,LY-INV-HOT-NAT-00238,فندق الفتح شارع الرشيد,0.0,1.0,nearby,parent_child_relationship,retain_both_link_project_and_facility,medium,Cross-layer candidate; centroid/proximity never used alone for deletion.
hotels,LY-HOT-000313,فندق بلخير,investment,LY-INV-HOT-NAT-00239,فندق بلخير,0.0,1.0,nearby,parent_child_relationship,retain_both_link_project_and_facility,medium,Cross-layer candidate; centroid/proximity never used alone for deletion.
hotels,LY-HOT-000314,فندق السرايا,investment,LY-INV-HOT-NAT-00240,فندق السرايا,0.0,1.0,nearby,parent_child_relationship,retain_both_link_project_and_facility,medium,Cross-layer candidate; centroid/proximity never used alone for deletion.
hotels,LY-HOT-000315,فندق الوحدة العربية,investment,LY-INV-HOT-NAT-00241,فندق الوحدة العربية,7.3,1.0,nearby,parent_child_relationship,retain_both_link_project_and_facility,medium,Cross-layer candidate; centroid/proximity never used alone for deletion.
hotels,LY-HOT-000316,فندق الكنوز الذهبية,investment,LY-INV-HOT-NAT-00242,فندق الكنوز الذهبية,0.1,1.0,nearby,parent_child_relationship,retain_both_link_project_and_facility,medium,Cross-layer candidate; centroid/proximity never used alone for deletion.
hotels,LY-HOT-000317,فندق الشراع,investment,LY-INV-HOT-NAT-00244,فندق الشراع,0.0,1.0,nearby,parent_child_relationship,retain_both_link_project_and_facility,medium,Cross-layer candidate; centroid/proximity never used alone for deletion.
hotels,LY-HOT-000318,الحبايب,investment,LY-INV-REV-TRI-00004,الحبايب,0.0,1.0,nearby,parent_child_relationship,retain_both_link_project_and_facility,medium,Cross-layer candidate; centroid/proximity never used alone for deletion.
hotels,LY-HOT-000319,هوم بلازا_للشقق الفندقية,investment,LY-INV-HOT-MIS-00007,هوم بلازا_للشقق الفندقية,0.0,1.0,nearby,parent_child_relationship,retain_both_link_project_and_facility,medium,Cross-layer candidate; centroid/proximity never used alone for deletion.
hotels,LY-HOT-000320,فندق الرحال,investment,LY-INV-HOT-NAT-00245,فندق الرحال,0.1,1.0,nearby,parent_child_relationship,retain_both_link_project_and_facility,medium,Cross-layer candidate; centroid/proximity never used alone for deletion.
hotels,LY-HOT-000322,الأطلس للشقق الفندقية,investment,LY-INV-HOT-NAT-00246,الأطلس للشقق الفندقية,0.0,1.0,nearby,parent_child_relationship,retain_both_link_project_and_facility,medium,Cross-layer candidate; centroid/proximity never used alone for deletion.
hotels,LY-HOT-000323,فندق بيزا السياحي,investment,LY-INV-HOT-NAT-00247,فندق بيزا السياحي,0.0,1.0,nearby,parent_child_relationship,retain_both_link_project_and_facility,medium,Cross-layer candidate; centroid/proximity never used alone for deletion.
hotels,LY-HOT-000324,فندق قوز التيك,investment,LY-INV-HOT-NAT-00248,فندق قوز التيك,0.0,1.0,nearby,parent_child_relationship,retain_both_link_project_and_facility,medium,Cross-layer candidate; centroid/proximity never used alone for deletion.
hotels,LY-HOT-000325,النجمة الذهبية لشقق الفندقية,investment,LY-INV-HOT-NAT-00249,النجمة الذهبية لشقق الفندقية,0.1,1.0,nearby,parent_child_relationship,retain_both_link_project_and_facility,medium,Cross-layer candidate; centroid/proximity never used alone for deletion.
hotels,LY-HOT-000326,الفخامه للشقق المفروشه,investment,LY-INV-REV-TRI-00005,الفخامه للشقق المفروشه,0.1,1.0,nearby,parent_child_relationship,retain_both_link_project_and_facility,medium,Cross-layer candidate; centroid/proximity never used alone for deletion.
hotels,LY-HOT-000327,اوس لشقق المفروشه,investment,LY-INV-REV-NAT-00009,اوس لشقق المفروشه,0.1,1.0,nearby,parent_child_relationship,retain_both_link_project_and_facility,medium,Cross-layer candidate; centroid/proximity never used alone for deletion.
hotels,LY-HOT-000328,فندق الساحل,investment,LY-INV-HOT-SAB-00006,فندق الساحل,0.0,1.0,nearby,parent_child_relationship,retain_both_link_project_and_facility,medium,Cross-layer candidate; centroid/proximity never used alone for deletion.
hotels,LY-HOT-000329,الجوهرة للشقق الفندقية,investment,LY-INV-HOT-NAT-00251,الجوهرة للشقق الفندقية,0.0,1.0,nearby,parent_child_relationship,retain_both_link_project_and_facility,medium,Cross-layer candidate; centroid/proximity never used alone for deletion.
hotels,LY-HOT-000330,فندق اجدابيا السياحي,investment,LY-INV-HOT-NAT-00252,فندق اجدابيا السياحي,0.0,1.0,nearby,parent_child_relationship,retain_both_link_project_and_facility,medium,Cross-layer candidate; centroid/proximity never used alone for deletion.
hotels,LY-HOT-000331,فندق الراحة اجدابيا,investment,LY-INV-HOT-NAT-00253,فندق الراحة اجدابيا,0.0,1.0,nearby,parent_child_relationship,retain_both_link_project_and_facility,medium,Cross-layer candidate; centroid/proximity never used alone for deletion.
hotels,LY-HOT-000332,عمار او المجد للشقق الفندقية,investment,LY-INV-HOT-NAT-00254,عمار او المجد للشقق الفندقية,0.0,1.0,nearby,parent_child_relationship,retain_both_link_project_and_facility,medium,Cross-layer candidate; centroid/proximity never used alone for deletion.
hotels,LY-HOT-000333,فندق مزايا اجدابيا,investment,LY-INV-HOT-NAT-00255,فندق مزايا اجدابيا,0.0,1.0,nearby,parent_child_relationship,retain_both_link_project_and_facility,medium,Cross-layer candidate; centroid/proximity never used alone for deletion.
hotels,LY-HOT-000334,فندق التوجان السياحي,investment,LY-INV-HOT-NAT-00256,فندق التوجان السياحي,0.0,1.0,nearby,parent_child_relationship,retain_both_link_project_and_facility,medium,Cross-layer candidate; centroid/proximity never used alone for deletion.
hotels,LY-HOT-000335,نزل وقاعة الهاشمي,investment,LY-INV-HOT-TOB-00004,نزل وقاعة الهاشمي,0.1,1.0,nearby,parent_child_relationship,retain_both_link_project_and_facility,medium,Cross-layer candidate; centroid/proximity never used alone for deletion.
hotels,LY-HOT-000336,نزل وقاعة زهرة الخليج,investment,LY-INV-REV-NAT-00010,نزل وقاعة زهرة الخليج,0.0,1.0,nearby,parent_child_relationship,retain_both_link_project_and_facility,medium,Cross-layer candidate; centroid/proximity never used alone for deletion.
hotels,LY-HOT-000337,الهضبة للشقق الفندقية,investment,LY-INV-HOT-TOB-00005,الهضبة للشقق الفندقية,0.1,1.0,nearby,parent_child_relationship,retain_both_link_project_and_facility,medium,Cross-layer candidate; centroid/proximity never used alone for deletion.
hotels,LY-HOT-000338,الامان للشقق الفندقية,investment,LY-INV-HOT-TOB-00006,الامان للشقق الفندقية,0.0,1.0,nearby,parent_child_relationship,retain_both_link_project_and_facility,medium,Cross-layer candidate; centroid/proximity never used alone for deletion.
hotels,LY-HOT-000339,نزل ماريا MARIYA,investment,LY-INV-HOT-TOB-00007,نزل ماريا MARIYA,0.0,1.0,nearby,parent_child_relationship,retain_both_link_project_and_facility,medium,Cross-layer candidate; centroid/proximity never used alone for deletion.
hotels,LY-HOT-000340,فندق الرابطة,investment,LY-INV-HOT-NAT-00023,فندق الرابطة,3.6,1.0,nearby,parent_child_relationship,retain_both_link_project_and_facility,medium,Cross-layer candidate; centroid/proximity never used alone for deletion.
hotels,LY-HOT-000340,فندق الرابطة,investment,LY-INV-HOT-NAT-00257,فندق الرابطة,22.7,1.0,nearby,parent_child_relationship,retain_both_link_project_and_facility,medium,Cross-layer candidate; centroid/proximity never used alone for deletion.
hotels,LY-HOT-000341,فندق سمر قند,investment,LY-INV-HOT-NAT-00258,فندق سمر قند,1.6,1.0,nearby,parent_child_relationship,retain_both_link_project_and_facility,medium,Cross-layer candidate; centroid/proximity never used alone for deletion.
hotels,LY-HOT-000342,فندق غريان السياحي,investment,LY-INV-HOT-NAT-00081,فندق غريان السياحي,1.0,1.0,nearby,parent_child_relationship,retain_both_link_project_and_facility,medium,Cross-layer candidate; centroid/proximity never used alone for deletion.
hotels,LY-HOT-000342,فندق غريان السياحي,investment,LY-INV-HOT-NAT-00199,فندق غريان السياحي,1.0,1.0,nearby,parent_child_relationship,retain_both_link_project_and_facility,medium,Cross-layer candidate; centroid/proximity never used alone for deletion.
hotels,LY-HOT-000342,فندق غريان السياحي,investment,LY-INV-HOT-NAT-00259,فندق غريان السياحي,0.0,1.0,nearby,parent_child_relationship,retain_both_link_project_and_facility,medium,Cross-layer candidate; centroid/proximity never used alone for deletion.
hotels,LY-HOT-000343,فندق روايال غريان,investment,LY-INV-HOT-NAT-00260,فندق روايال غريان,0.0,1.0,nearby,parent_child_relationship,retain_both_link_project_and_facility,medium,Cross-layer candidate; centroid/proximity never used alone for deletion.
hotels,LY-HOT-000344,فندق حوش بوغنوش,investment,LY-INV-HOT-NAT-00261,فندق حوش بوغنوش,0.0,1.0,nearby,parent_child_relationship,retain_both_link_project_and_facility,medium,Cross-layer candidate; centroid/proximity never used alone for deletion.
hotels,LY-HOT-000345,فندق اللؤلؤة السياحي البضاء,investment,LY-INV-HOT-NAT-00262,فندق اللؤلؤة السياحي البضاء,0.1,1.0,nearby,parent_child_relationship,retain_both_link_project_and_facility,medium,Cross-layer candidate; centroid/proximity never used alone for deletion.
hotels,LY-HOT-000346,فندق لؤلؤة الخليج البيضاء,investment,LY-INV-HOT-BAY-00007,فندق لؤلؤة الخليج البيضاء,0.0,1.0,nearby,parent_child_relationship,retain_both_link_project_and_facility,medium,Cross-layer candidate; centroid/proximity never used alone for deletion.
hotels,LY-HOT-000347,فندق قصر البيضاء,investment,LY-INV-HOT-BAY-00008,فندق قصر البيضاء,0.0,1.0,nearby,parent_child_relationship,retain_both_link_project_and_facility,medium,Cross-layer candidate; centroid/proximity never used alone for deletion.
hotels,LY-HOT-000348,فندق القاهرة البيضاء,investment,LY-INV-HOT-BAY-00009,فندق القاهرة البيضاء,0.0,1.0,nearby,parent_child_relationship,retain_both_link_project_and_facility,medium,Cross-layer candidate; centroid/proximity never used alone for deletion.
hotels,LY-HOT-000349,النوران_ للشقق_الفندقية,investment,LY-INV-HOT-BAY-00010,النوران_ للشقق_الفندقية,0.0,1.0,nearby,parent_child_relationship,retain_both_link_project_and_facility,medium,Cross-layer candidate; centroid/proximity never used alone for deletion.
hotels,LY-HOT-000350,مكة للشقق الفندقية البيضاء,investment,LY-INV-HOT-BAY-00011,مكة للشقق الفندقية البيضاء,0.0,1.0,nearby,parent_child_relationship,retain_both_link_project_and_facility,medium,Cross-layer candidate; centroid/proximity never used alone for deletion.
hotels,LY-HOT-000351,برج المدينة للشقق الفندقية البيضاء,investment,LY-INV-HOT-BAY-00012,برج المدينة للشقق الفندقية البيضاء,0.1,1.0,nearby,parent_child_relationship,retain_both_link_project_and_facility,medium,Cross-layer candidate; centroid/proximity never used alone for deletion.
hotels,LY-HOT-000352,فندق اية الجبل البيضاء,investment,LY-INV-HOT-BAY-00013,فندق اية الجبل البيضاء,0.0,1.0,nearby,parent_child_relationship,retain_both_link_project_and_facility,medium,Cross-layer candidate; centroid/proximity never used alone for deletion.
hotels,LY-HOT-000353,فندق برقة السياحي,investment,LY-INV-HOT-NAT-00263,فندق برقة السياحي,0.0,1.0,nearby,parent_child_relationship,retain_both_link_project_and_facility,medium,Cross-layer candidate; centroid/proximity never used alone for deletion.
hotels,LY-HOT-000354,فندق افريقيا البيضاء,investment,LY-INV-HOT-BAY-00014,فندق افريقيا البيضاء,0.1,1.0,nearby,parent_child_relationship,retain_both_link_project_and_facility,medium,Cross-layer candidate; centroid/proximity never used alone for deletion.
hotels,LY-HOT-000355,فندق برونتو البيضاء,investment,LY-INV-HOT-BAY-00015,فندق برونتو البيضاء,0.0,1.0,nearby,parent_child_relationship,retain_both_link_project_and_facility,medium,Cross-layer candidate; centroid/proximity never used alone for deletion.
hotels,LY-HOT-000356,عمارة الجوري للشقق الفندقية,investment,LY-INV-HOT-NAT-00264,عمارة الجوري للشقق الفندقية,0.0,1.0,nearby,parent_child_relationship,retain_both_link_project_and_facility,medium,Cross-layer candidate; centroid/proximity never used alone for deletion.
hotels,LY-HOT-000357,فندق العنود البيضاء,investment,LY-INV-HOT-BAY-00016,فندق العنود البيضاء,0.0,1.0,nearby,parent_child_relationship,retain_both_link_project_and_facility,medium,Cross-layer candidate; centroid/proximity never used alone for deletion.
hotels,LY-HOT-000358,فندق الفردوس للشقق الفندقية,investment,LY-INV-HOT-BAY-00017,فندق الفردوس للشقق الفندقية,0.1,1.0,nearby,parent_child_relationship,retain_both_link_project_and_facility,medium,Cross-layer candidate; centroid/proximity never used alone for deletion.
hotels,LY-HOT-000359,فندق قصر الضيافة للشقق الفندقية البيضاء,investment,LY-INV-HOT-BAY-00018,فندق قصر الضيافة للشقق الفندقية البيضاء,0.0,1.0,nearby,parent_child_relationship,retain_both_link_project_and_facility,medium,Cross-layer candidate; centroid/proximity never used alone for deletion.
hotels,LY-HOT-000360,فندق مرحبا للخدمات السياحية,investment,LY-INV-HOT-BAY-00019,فندق مرحبا للخدمات السياحية,0.0,1.0,nearby,parent_child_relationship,retain_both_link_project_and_facility,medium,Cross-layer candidate; centroid/proximity never used alone for deletion.
hotels,LY-HOT-000361,عمارة اضواء ليبيا للشقق الفندقية البيضاء,investment,LY-INV-HOT-BAY-00020,عمارة اضواء ليبيا للشقق الفندقية البيضاء,0.0,1.0,nearby,parent_child_relationship,retain_both_link_project_and_facility,medium,Cross-layer candidate; centroid/proximity never used alone for deletion.
hotels,LY-HOT-000362,فندق الاندلس السياحي الخمس,investment,LY-INV-HOT-TRI-00059,فندق الاندلس السياحي الخمس,0.0,1.0,nearby,parent_child_relationship,retain_both_link_project_and_facility,medium,Cross-layer candidate; centroid/proximity never used alone for deletion.
hotels,LY-HOT-000363,فندق المرقب السياحي الخمس,investment,LY-INV-HOT-KHO-00008,فندق المرقب السياحي الخمس,0.1,1.0,nearby,parent_child_relationship,retain_both_link_project_and_facility,medium,Cross-layer candidate; centroid/proximity never used alone for deletion.
hotels,LY-HOT-000364,فندق التوليب السياحي الخمس,investment,LY-INV-HOT-KHO-00009,فندق التوليب السياحي الخمس,0.1,1.0,nearby,parent_child_relationship,retain_both_link_project_and_facility,medium,Cross-layer candidate; centroid/proximity never used alone for deletion.
hotels,LY-HOT-000365,فندق بيت سباب الخمس,investment,LY-INV-HOT-KHO-00010,فندق بيت سباب الخمس,0.0,1.0,nearby,parent_child_relationship,retain_both_link_project_and_facility,medium,Cross-layer candidate; centroid/proximity never used alone for deletion.
hotels,LY-HOT-000366,فندق الاخوة السياحي الخمس,investment,LY-INV-HOT-KHO-00011,فندق الاخوة السياحي الخمس,0.0,1.0,nearby,parent_child_relationship,retain_both_link_project_and_facility,medium,Cross-layer candidate; centroid/proximity never used alone for deletion.
hotels,LY-HOT-000375,فندق الخليج,investment,LY-INV-HOT-NAT-00019,فندق الخليج,3.7,1.0,nearby,parent_child_relationship,retain_both_link_project_and_facility,medium,Cross-layer candidate; centroid/proximity never used alone for deletion.
hotels,LY-HOT-000376,فندق أضواء قرطاج,investment,LY-INV-HOT-NAT-00229,فندق أضواء قرطاج,11.1,1.0,nearby,parent_child_relationship,retain_both_link_project_and_facility,medium,Cross-layer candidate; centroid/proximity never used alone for deletion.
hotels,LY-HOT-000377,فندق اجنحة قرطاج,investment,LY-INV-HOT-NAT-00052,فندق أجنحة قرطاج,92.6,1.0,nearby,parent_child_relationship,retain_both_link_project_and_facility,medium,Cross-layer candidate; centroid/proximity never used alone for deletion.
hotels,LY-HOT-000377,فندق اجنحة قرطاج,investment,LY-INV-HOT-NAT-00155,فندق أجنحة قرطاج,92.6,1.0,nearby,parent_child_relationship,retain_both_link_project_and_facility,medium,Cross-layer candidate; centroid/proximity never used alone for deletion.
hotels,LY-HOT-000381,فندق الهانى,investment,LY-INV-HOT-NAT-00141,فندق الهاني/ نزل,168.8,0.87,nearby,parent_child_relationship,retain_both_link_project_and_facility,medium,Cross-layer candidate; centroid/proximity never used alone for deletion.
hotels,LY-HOT-000381,فندق الهانى,investment,LY-INV-HOT-NAT-00231,فندق الهاني,242.5,1.0,nearby,parent_child_relationship,retain_both_link_project_and_facility,medium,Cross-layer candidate; centroid/proximity never used alone for deletion.
hotels,LY-HOT-000387,فندق صبراتة,investment,LY-INV-HOT-SAB-00005,فندق صبراتة,2.3,1.0,nearby,parent_child_relationship,retain_both_link_project_and_facility,medium,Cross-layer candidate; centroid/proximity never used alone for deletion.
hotels,LY-HOT-000390,فندق أويا,investment,LY-INV-HOT-NAT-00163,فندق أويا,20.2,1.0,nearby,parent_child_relationship,retain_both_link_project_and_facility,medium,Cross-layer candidate; centroid/proximity never used alone for deletion.
hotels,LY-HOT-000395,الشاطي الذهبي,investment,LY-INV-HOT-TRI-00039,فندق الشاطئ الذهبى,37.2,0.857,nearby,parent_child_relationship,retain_both_link_project_and_facility,medium,Cross-layer candidate; centroid/proximity never used alone for deletion.
hotels,LY-HOT-000417,فندق اكاكوس,investment,LY-INV-HOT-NAT-00159,فندق أكاكوس,5.8,1.0,nearby,parent_child_relationship,retain_both_link_project_and_facility,medium,Cross-layer candidate; centroid/proximity never used alone for deletion.
hotels,LY-HOT-000418,فندق الاخوة,investment,LY-INV-HOT-TRI-00010,فندق الأخوة,6.2,1.0,nearby,parent_child_relationship,retain_both_link_project_and_facility,medium,Cross-layer candidate; centroid/proximity never used alone for deletion.
hotels,LY-HOT-000419,فندق الاصالة,investment,LY-INV-HOT-TRI-00011,فندق الأصالة,15.1,1.0,nearby,parent_child_relationship,retain_both_link_project_and_facility,medium,Cross-layer candidate; centroid/proximity never used alone for deletion.
hotels,LY-HOT-000420,فندق الاندلس,investment,LY-INV-HOT-NAT-00011,فندق الأندلس,6.3,1.0,nearby,parent_child_relationship,retain_both_link_project_and_facility,medium,Cross-layer candidate; centroid/proximity never used alone for deletion.
hotels,LY-HOT-000421,فندق البتراء,investment,LY-INV-HOT-NAT-00096,فندق البتراء,22.4,1.0,nearby,parent_child_relationship,retain_both_link_project_and_facility,medium,Cross-layer candidate; centroid/proximity never used alone for deletion.
hotels,LY-HOT-000422,فندق البشير,investment,LY-INV-HOT-NAT-00230,فندق البشير,3.4,1.0,nearby,parent_child_relationship,retain_both_link_project_and_facility,medium,Cross-layer candidate; centroid/proximity never used alone for deletion.
hotels,LY-HOT-000424,فندق التاج,investment,LY-INV-HOT-NAT-00227,فندق تاج,3.1,0.875,nearby,parent_child_relationship,retain_both_link_project_and_facility,medium,Cross-layer candidate; centroid/proximity never used alone for deletion.
hotels,LY-HOT-000426,فندق الجبل الأخضر,investment,LY-INV-HOT-NAT-00233,فندق الجبل الاخضر,33.9,1.0,nearby,parent_child_relationship,retain_both_link_project_and_facility,medium,Cross-layer candidate; centroid/proximity never used alone for deletion.
hotels,LY-HOT-000428,فندق الخان الطرابلسي,investment,LY-INV-HOT-TRI-00012,فندق الخان الطرابلسي,19.4,1.0,nearby,parent_child_relationship,retain_both_link_project_and_facility,medium,Cross-layer candidate; centroid/proximity never used alone for deletion.
hotels,LY-HOT-000428,فندق الخان الطرابلسي,investment,LY-INV-HOT-TRI-00022,فندق الخان الطرابلسي,19.4,1.0,nearby,parent_child_relationship,retain_both_link_project_and_facility,medium,Cross-layer candidate; centroid/proximity never used alone for deletion.
hotels,LY-HOT-000429,فندق الخليج,investment,LY-INV-HOT-NAT-00019,فندق الخليج,2.7,1.0,nearby,parent_child_relationship,retain_both_link_project_and_facility,medium,Cross-layer candidate; centroid/proximity never used alone for deletion.
hotels,LY-HOT-000431,فندق الدالي,investment,LY-INV-HOT-NAT-00237,فندق الدالي,12.8,1.0,nearby,parent_child_relationship,retain_both_link_project_and_facility,medium,Cross-layer candidate; centroid/proximity never used alone for deletion.
hotels,LY-HOT-000432,فندق الدبلوماسي,investment,LY-INV-HOT-TRI-00013,فندق الدبلوماسي,11.9,1.0,nearby,parent_child_relationship,retain_both_link_project_and_facility,medium,Cross-layer candidate; centroid/proximity never used alone for deletion.
hotels,LY-HOT-000433,فندق الدوحة,investment,LY-INV-HOT-NAT-00021,فندق الدوحة,20.1,1.0,nearby,parent_child_relationship,retain_both_link_project_and_facility,medium,Cross-layer candidate; centroid/proximity never used alone for deletion.
hotels,LY-HOT-000433,فندق الدوحة,investment,LY-INV-HOT-NAT-00107,فندق الدوحة,20.1,1.0,nearby,parent_child_relationship,retain_both_link_project_and_facility,medium,Cross-layer candidate; centroid/proximity never used alone for deletion.
hotels,LY-HOT-000434,فندق الديار,investment,LY-INV-HOT-NAT-00022,فندق الديار,2.7,1.0,nearby,parent_child_relationship,retain_both_link_project_and_facility,medium,Cross-layer candidate; centroid/proximity never used alone for deletion.
hotels,LY-HOT-000435,فندق الديوان,investment,LY-INV-HOT-NAT-00235,فندق الديوان,4.0,1.0,nearby,parent_child_relationship,retain_both_link_project_and_facility,medium,Cross-layer candidate; centroid/proximity never used alone for deletion.
hotels,LY-HOT-000436,فندق الديوان,investment,LY-INV-HOT-NAT-00235,فندق الديوان,3.9,1.0,nearby,parent_child_relationship,retain_both_link_project_and_facility,medium,Cross-layer candidate; centroid/proximity never used alone for deletion.
hotels,LY-HOT-000437,فندق الديوان,investment,LY-INV-HOT-NAT-00235,فندق الديوان,4.0,1.0,nearby,parent_child_relationship,retain_both_link_project_and_facility,medium,Cross-layer candidate; centroid/proximity never used alone for deletion.
hotels,LY-HOT-000438,فندق الديوان,investment,LY-INV-HOT-NAT-00235,فندق الديوان,3.9,1.0,nearby,parent_child_relationship,retain_both_link_project_and_facility,medium,Cross-layer candidate; centroid/proximity never used alone for deletion.
hotels,LY-HOT-000439,فندق الرحاب,investment,LY-INV-HOT-NAT-00108,فندق الرحاب,33.3,1.0,nearby,parent_child_relationship,retain_both_link_project_and_facility,medium,Cross-layer candidate; centroid/proximity never used alone for deletion.
hotels,LY-HOT-000440,فندق الرحاب 1,investment,LY-INV-HOT-NAT-00108,فندق الرحاب,24.0,0.952,nearby,parent_child_relationship,retain_both_link_project_and_facility,medium,Cross-layer candidate; centroid/proximity never used alone for deletion.
hotels,LY-HOT-000441,فندق الرحاب 2,investment,LY-INV-HOT-NAT-00108,فندق الرحاب,64.4,0.952,nearby,parent_child_relationship,retain_both_link_project_and_facility,medium,Cross-layer candidate; centroid/proximity never used alone for deletion.
hotels,LY-HOT-000442,فندق الرفيع,investment,LY-INV-HOT-NAT-00024,فندق الرفيع,12.6,1.0,nearby,parent_child_relationship,retain_both_link_project_and_facility,medium,Cross-layer candidate; centroid/proximity never used alone for deletion.
hotels,LY-HOT-000444,فندق الريان,investment,LY-INV-HOT-TRI-00014,فندق الريان,6.7,1.0,nearby,parent_child_relationship,retain_both_link_project_and_facility,medium,Cross-layer candidate; centroid/proximity never used alone for deletion.
hotels,LY-HOT-000444,فندق الريان,investment,LY-INV-HOT-TRI-00038,فندق الثريا,91.7,0.9,nearby,parent_child_relationship,retain_both_link_project_and_facility,medium,Cross-layer candidate; centroid/proximity never used alone for deletion.
hotels,LY-HOT-000445,فندق الزيتونة,investment,LY-INV-HOT-TRI-00053,فندق الزيتونة,28.0,1.0,nearby,parent_child_relationship,retain_both_link_project_and_facility,medium,Cross-layer candidate; centroid/proximity never used alone for deletion.
hotels,LY-HOT-000446,فندق السرايا,investment,LY-INV-HOT-NAT-00240,فندق السرايا,12.8,1.0,nearby,parent_child_relationship,retain_both_link_project_and_facility,medium,Cross-layer candidate; centroid/proximity never used alone for deletion.
hotels,LY-HOT-000448,فندق السفير,investment,LY-INV-HOT-TRI-00037,فندق السفير,15.2,1.0,nearby,parent_child_relationship,retain_both_link_project_and_facility,medium,Cross-layer candidate; centroid/proximity never used alone for deletion.
hotels,LY-HOT-000450,فندق السلاسل الذهبية,investment,LY-INV-HOT-TRI-00045,فندق السلاسل الذهبية,28.9,1.0,nearby,parent_child_relationship,retain_both_link_project_and_facility,medium,Cross-layer candidate; centroid/proximity never used alone for deletion.
hotels,LY-HOT-000453,فندق السندباد,investment,LY-INV-HOT-TRI-00015,فندق السندباد,4.7,1.0,nearby,parent_child_relationship,retain_both_link_project_and_facility,medium,Cross-layer candidate; centroid/proximity never used alone for deletion.
hotels,LY-HOT-000454,فندق الشاطئ الذهبي,investment,LY-INV-HOT-TRI-00039,فندق الشاطئ الذهبى,9.5,1.0,nearby,parent_child_relationship,retain_both_link_project_and_facility,medium,Cross-layer candidate; centroid/proximity never used alone for deletion.
hotels,LY-HOT-000454,فندق الشاطئ الذهبي,investment,LY-INV-HOT-NAT-00250,فندق الشاطىء الذهبي,117.2,0.97,nearby,parent_child_relationship,retain_both_link_project_and_facility,medium,Cross-layer candidate; centroid/proximity never used alone for deletion.
hotels,LY-HOT-000455,فندق الشجرة,investment,LY-INV-HOT-NAT-00031,فندق الشجرة,14.8,1.0,nearby,parent_child_relationship,retain_both_link_project_and_facility,medium,Cross-layer candidate; centroid/proximity never used alone for deletion.
hotels,LY-HOT-000456,فندق الشمس,investment,LY-INV-HOT-TRI-00016,فندق الشمس,8.8,1.0,nearby,parent_child_relationship,retain_both_link_project_and_facility,medium,Cross-layer candidate; centroid/proximity never used alone for deletion.
hotels,LY-HOT-000457,فندق الصافي,investment,LY-INV-HOT-TRI-00040,فندق الصافي,21.0,1.0,nearby,parent_child_relationship,retain_both_link_project_and_facility,medium,Cross-layer candidate; centroid/proximity never used alone for deletion.
hotels,LY-HOT-000459,فندق الصولجان,investment,LY-INV-HOT-TRI-00017,فندق الصولجان,1.9,1.0,nearby,parent_child_relationship,retain_both_link_project_and_facility,medium,Cross-layer candidate; centroid/proximity never used alone for deletion.
hotels,LY-HOT-000460,فندق الضيافة,investment,LY-INV-HOT-NAT-00035,فندق الضيافة,6.8,1.0,nearby,parent_child_relationship,retain_both_link_project_and_facility,medium,Cross-layer candidate; centroid/proximity never used alone for deletion.
hotels,LY-HOT-000462,فندق العاصمة,investment,LY-INV-HOT-TRI-00018,فندق العاصمة,15.6,1.0,nearby,parent_child_relationship,retain_both_link_project_and_facility,medium,Cross-layer candidate; centroid/proximity never used alone for deletion.
hotels,LY-HOT-000465,فندق الفصول الأربعة ( 1 ),investment,LY-INV-HOT-TRI-00027,فندق الفصول الاربعة 3,130.6,0.944,nearby,parent_child_relationship,retain_both_link_project_and_facility,medium,Cross-layer candidate; centroid/proximity never used alone for deletion.
hotels,LY-HOT-000465,فندق الفصول الأربعة ( 1 ),investment,LY-INV-HOT-TRI-00036,فندق الفصول الاربعة 2,116.2,0.944,nearby,parent_child_relationship,retain_both_link_project_and_facility,medium,Cross-layer candidate; centroid/proximity never used alone for deletion.
hotels,LY-HOT-000465,فندق الفصول الأربعة ( 1 ),investment,LY-INV-HOT-TRI-00042,فندق الفصول الابعة 1,8.7,0.971,nearby,parent_child_relationship,retain_both_link_project_and_facility,medium,Cross-layer candidate; centroid/proximity never used alone for deletion.
hotels,LY-HOT-000466,فندق الفصول الأربعة ( 2 ),investment,LY-INV-HOT-TRI-00036,فندق الفصول الاربعة 2,18.0,1.0,nearby,parent_child_relationship,retain_both_link_project_and_facility,medium,Cross-layer candidate; centroid/proximity never used alone for deletion.
hotels,LY-HOT-000466,فندق الفصول الأربعة ( 2 ),investment,LY-INV-HOT-TRI-00042,فندق الفصول الابعة 1,139.1,0.914,nearby,parent_child_relationship,retain_both_link_project_and_facility,medium,Cross-layer candidate; centroid/proximity never used alone for deletion.
hotels,LY-HOT-000467,فندق الفصول الأربعة ( 3 ),investment,LY-INV-HOT-TRI-00027,فندق الفصول الاربعة 3,12.3,1.0,nearby,parent_child_relationship,retain_both_link_project_and_facility,medium,Cross-layer candidate; centroid/proximity never used alone for deletion.
hotels,LY-HOT-000467,فندق الفصول الأربعة ( 3 ),investment,LY-INV-HOT-TRI-00036,فندق الفصول الاربعة 2,224.5,0.944,nearby,parent_child_relationship,retain_both_link_project_and_facility,medium,Cross-layer candidate; centroid/proximity never used alone for deletion.
hotels,LY-HOT-000467,فندق الفصول الأربعة ( 3 ),investment,LY-INV-HOT-TRI-00042,فندق الفصول الابعة 1,118.2,0.914,nearby,parent_child_relationship,retain_both_link_project_and_facility,medium,Cross-layer candidate; centroid/proximity never used alone for deletion.
hotels,LY-HOT-000470,فندق القوس,investment,LY-INV-HOT-NAT-00037,فندق القوس,11.8,1.0,nearby,parent_child_relationship,retain_both_link_project_and_facility,medium,Cross-layer candidate; centroid/proximity never used alone for deletion.
hotels,LY-HOT-000471,فندق الكندي,investment,LY-INV-HOT-NAT-00228,فندق الكندي,4.2,1.0,nearby,parent_child_relationship,retain_both_link_project_and_facility,medium,Cross-layer candidate; centroid/proximity never used alone for deletion.
hotels,LY-HOT-000472,فندق الكنوز الدهبية,investment,LY-INV-HOT-NAT-00242,فندق الكنوز الذهبية,10.6,0.941,nearby,parent_child_relationship,retain_both_link_project_and_facility,medium,Cross-layer candidate; centroid/proximity never used alone for deletion.
hotels,LY-HOT-000474,فندق الليلك,investment,LY-INV-HOT-NAT-00265,فندق الليلك,0.0,1.0,nearby,parent_child_relationship,retain_both_link_project_and_facility,medium,Cross-layer candidate; centroid/proximity never used alone for deletion.
hotels,LY-HOT-000476,فندق المبروك,investment,LY-INV-HOT-NAT-00126,فندق المبروك,27.6,1.0,nearby,parent_child_relationship,retain_both_link_project_and_facility,medium,Cross-layer candidate; centroid/proximity never used alone for deletion.
hotels,LY-HOT-000477,فندق المتوسط,investment,LY-INV-HOT-TRI-00029,فندق المتوسط,8.0,1.0,nearby,parent_child_relationship,retain_both_link_project_and_facility,medium,Cross-layer candidate; centroid/proximity never used alone for deletion.
hotels,LY-HOT-000478,فندق المتوسط,investment,LY-INV-HOT-TRI-00029,فندق المتوسط,9.0,1.0,nearby,parent_child_relationship,retain_both_link_project_and_facility,medium,Cross-layer candidate; centroid/proximity never used alone for deletion.
hotels,LY-HOT-000479,فندق المتوسط,investment,LY-INV-HOT-TRI-00029,فندق المتوسط,8.0,1.0,nearby,parent_child_relationship,retain_both_link_project_and_facility,medium,Cross-layer candidate; centroid/proximity never used alone for deletion.
hotels,LY-HOT-000480,فندق المتوسط,investment,LY-INV-HOT-TRI-00029,فندق المتوسط,9.0,1.0,nearby,parent_child_relationship,retain_both_link_project_and_facility,medium,Cross-layer candidate; centroid/proximity never used alone for deletion.
hotels,LY-HOT-000481,فندق المختار,investment,LY-INV-HOT-NAT-00135,فندق المنار,139.3,0.857,nearby,parent_child_relationship,retain_both_link_project_and_facility,medium,Cross-layer candidate; centroid/proximity never used alone for deletion.
hotels,LY-HOT-000481,فندق المختار,investment,LY-INV-HOT-NAT-00224,فندق المختار,4.1,1.0,nearby,parent_child_relationship,retain_both_link_project_and_facility,medium,Cross-layer candidate; centroid/proximity never used alone for deletion.
hotels,LY-HOT-000482,فندق المشكاة,investment,LY-INV-HOT-NAT-00044,فندق المشكاة,11.3,1.0,nearby,parent_child_relationship,retain_both_link_project_and_facility,medium,Cross-layer candidate; centroid/proximity never used alone for deletion.
hotels,LY-HOT-000482,فندق المشكاة,investment,LY-INV-HOT-NAT-00133,فندق المشكاة,11.3,1.0,nearby,parent_child_relationship,retain_both_link_project_and_facility,medium,Cross-layer candidate; centroid/proximity never used alone for deletion.
hotels,LY-HOT-000483,فندق المنامة,investment,LY-INV-HOT-NAT-00045,فندق المنامة,29.1,1.0,nearby,parent_child_relationship,retain_both_link_project_and_facility,medium,Cross-layer candidate; centroid/proximity never used alone for deletion.
hotels,LY-HOT-000483,فندق المنامة,investment,LY-INV-HOT-NAT-00135,فندق المنار,167.1,0.857,nearby,parent_child_relationship,retain_both_link_project_and_facility,medium,Cross-layer candidate; centroid/proximity never used alone for deletion.
hotels,LY-HOT-000483,فندق المنامة,investment,LY-INV-HOT-NAT-00151,فندق اليمامة,162.4,0.909,nearby,parent_child_relationship,retain_both_link_project_and_facility,medium,Cross-layer candidate; centroid/proximity never used alone for deletion.
hotels,LY-HOT-000485,فندق النخلة السياحي,investment,LY-INV-HOT-NAT-00137,فندق النخلة السياحي,13.0,1.0,nearby,parent_child_relationship,retain_both_link_project_and_facility,medium,Cross-layer candidate; centroid/proximity never used alone for deletion.
hotels,LY-HOT-000486,فندق النهر,investment,LY-INV-HOT-NAT-00047,فندق النهر,9.1,1.0,nearby,parent_child_relationship,retain_both_link_project_and_facility,medium,Cross-layer candidate; centroid/proximity never used alone for deletion.
hotels,LY-HOT-000487,فندق النورس,investment,LY-INV-HOT-TRI-00047,فندق النورس,6.2,1.0,nearby,parent_child_relationship,retain_both_link_project_and_facility,medium,Cross-layer candidate; centroid/proximity never used alone for deletion.
hotels,LY-HOT-000488,فندق الهاني,investment,LY-INV-HOT-NAT-00141,فندق الهاني/ نزل,12.5,0.87,nearby,parent_child_relationship,retain_both_link_project_and_facility,medium,Cross-layer candidate; centroid/proximity never used alone for deletion.
hotels,LY-HOT-000488,فندق الهاني,investment,LY-INV-HOT-NAT-00231,فندق الهاني,95.0,1.0,nearby,parent_child_relationship,retain_both_link_project_and_facility,medium,Cross-layer candidate; centroid/proximity never used alone for deletion.
hotels,LY-HOT-000489,فندق الهناء,investment,LY-INV-HOT-NAT-00142,فندق الهناء,4.0,1.0,nearby,parent_child_relationship,retain_both_link_project_and_facility,medium,Cross-layer candidate; centroid/proximity never used alone for deletion.
hotels,LY-HOT-000490,فندق الواحات,investment,LY-INV-HOT-NAT-00050,فندق الواحات,3.5,1.0,nearby,parent_child_relationship,retain_both_link_project_and_facility,medium,Cross-layer candidate; centroid/proximity never used alone for deletion.
hotels,LY-HOT-000490,فندق الواحات,investment,LY-INV-HOT-NAT-00145,فندق الواحات,3.5,1.0,nearby,parent_child_relationship,retain_both_link_project_and_facility,medium,Cross-layer candidate; centroid/proximity never used alone for deletion.
hotels,LY-HOT-000491,فندق الوادي,investment,LY-INV-HOT-NAT-00146,فندق الوادي,21.8,1.0,nearby,parent_child_relationship,retain_both_link_project_and_facility,medium,Cross-layer candidate; centroid/proximity never used alone for deletion.
hotels,LY-HOT-000492,فندق الودان,investment,LY-INV-HOT-TRI-00007,فندق الودان,6.6,1.0,nearby,parent_child_relationship,retain_both_link_project_and_facility,medium,Cross-layer candidate; centroid/proximity never used alone for deletion.
hotels,LY-HOT-000493,فندق الياسمينة,investment,LY-INV-HOT-NAT-00051,فندق الياسمين,88.7,0.96,nearby,parent_child_relationship,retain_both_link_project_and_facility,medium,Cross-layer candidate; centroid/proximity never used alone for deletion.
hotels,LY-HOT-000493,فندق الياسمينة,investment,LY-INV-HOT-NAT-00147,فندق الياسمين,88.7,0.96,nearby,parent_child_relationship,retain_both_link_project_and_facility,medium,Cross-layer candidate; centroid/proximity never used alone for deletion.
hotels,LY-HOT-000494,فندق الياقوتة,investment,LY-INV-HOT-NAT-00148,فندق الياقوتة,7.0,1.0,nearby,parent_child_relationship,retain_both_link_project_and_facility,medium,Cross-layer candidate; centroid/proximity never used alone for deletion.
hotels,LY-HOT-000495,فندق اليقين,investment,LY-INV-HOT-NAT-00150,فندق اليقين,83.6,1.0,nearby,parent_child_relationship,retain_both_link_project_and_facility,medium,Cross-layer candidate; centroid/proximity never used alone for deletion.
hotels,LY-HOT-000496,فندق اوال,investment,LY-INV-HOT-NAT-00054,فندق أوال,1.8,1.0,nearby,parent_child_relationship,retain_both_link_project_and_facility,medium,Cross-layer candidate; centroid/proximity never used alone for deletion.
hotels,LY-HOT-000496,فندق اوال,investment,LY-INV-HOT-NAT-00161,فندق أوال,1.7,1.0,nearby,parent_child_relationship,retain_both_link_project_and_facility,medium,Cross-layer candidate; centroid/proximity never used alone for deletion.
hotels,LY-HOT-000496,فندق اوال,investment,LY-INV-HOT-TRI-00028,فندق أوال,120.2,1.0,nearby,parent_child_relationship,retain_both_link_project_and_facility,medium,Cross-layer candidate; centroid/proximity never used alone for deletion.
hotels,LY-HOT-000498,فندق أسامة,investment,LY-INV-HOT-NAT-00226,فندق أسامة,60.1,1.0,nearby,parent_child_relationship,retain_both_link_project_and_facility,medium,Cross-layer candidate; centroid/proximity never used alone for deletion.
hotels,LY-HOT-000499,فندق أسامة,investment,LY-INV-HOT-NAT-00226,فندق أسامة,73.3,1.0,nearby,parent_child_relationship,retain_both_link_project_and_facility,medium,Cross-layer candidate; centroid/proximity never used alone for deletion.
hotels,LY-HOT-000500,فندق أسامة,investment,LY-INV-HOT-NAT-00226,فندق أسامة,68.2,1.0,nearby,parent_child_relationship,retain_both_link_project_and_facility,medium,Cross-layer candidate; centroid/proximity never used alone for deletion.
hotels,LY-HOT-000501,فندق أسامة,investment,LY-INV-HOT-NAT-00226,فندق أسامة,46.1,1.0,nearby,parent_child_relationship,retain_both_link_project_and_facility,medium,Cross-layer candidate; centroid/proximity never used alone for deletion.
hotels,LY-HOT-000502,فندق باب البحر,investment,LY-INV-HOT-TRI-00019,فندق باب البحر,21.5,1.0,nearby,parent_child_relationship,retain_both_link_project_and_facility,medium,Cross-layer candidate; centroid/proximity never used alone for deletion.
hotels,LY-HOT-000502,فندق باب البحر,investment,LY-INV-HOT-NAT-00164,فندق باب البحر,21.5,1.0,nearby,parent_child_relationship,retain_both_link_project_and_facility,medium,Cross-layer candidate; centroid/proximity never used alone for deletion.
hotels,LY-HOT-000504,فندق برج المدينة,investment,LY-INV-HOT-NAT-00154,فندق أبراج المدينة,2.5,0.933,nearby,parent_child_relationship,retain_both_link_project_and_facility,medium,Cross-layer candidate; centroid/proximity never used alone for deletion.
hotels,LY-HOT-000506,فندق بلازما,investment,LY-INV-HOT-TRI-00008,فندق بلازما,8.7,1.0,nearby,parent_child_relationship,retain_both_link_project_and_facility,medium,Cross-layer candidate; centroid/proximity never used alone for deletion.
hotels,LY-HOT-000506,فندق بلازما,investment,LY-INV-HOT-NAT-00055,فندق بلازما,16.0,1.0,nearby,parent_child_relationship,retain_both_link_project_and_facility,medium,Cross-layer candidate; centroid/proximity never used alone for deletion.
hotels,LY-HOT-000506,فندق بلازما,investment,LY-INV-HOT-NAT-00167,فندق بلازما,16.0,1.0,nearby,parent_child_relationship,retain_both_link_project_and_facility,medium,Cross-layer candidate; centroid/proximity never used alone for deletion.
hotels,LY-HOT-000506,فندق بلازما,investment,LY-INV-HOT-TRI-00046,فندق بلازما,21.4,1.0,nearby,parent_child_relationship,retain_both_link_project_and_facility,medium,Cross-layer candidate; centroid/proximity never used alone for deletion.
hotels,LY-HOT-000507,فندق بلخير,investment,LY-INV-HOT-NAT-00239,فندق بلخير,12.5,1.0,nearby,parent_child_relationship,retain_both_link_project_and_facility,medium,Cross-layer candidate; centroid/proximity never used alone for deletion.
hotels,LY-HOT-000509,فندق بيت الامان,investment,LY-INV-HOT-NAT-00059,فندق بيت الأمان,34.5,1.0,nearby,parent_child_relationship,retain_both_link_project_and_facility,medium,Cross-layer candidate; centroid/proximity never used alone for deletion.
hotels,LY-HOT-000510,فندق بيت الشرق,investment,LY-INV-HOT-NAT-00060,فندق بيت الشرق,3.3,1.0,nearby,parent_child_relationship,retain_both_link_project_and_facility,medium,Cross-layer candidate; centroid/proximity never used alone for deletion.
hotels,LY-HOT-000514,فندق توباكتس,investment,LY-INV-HOT-NAT-00062,فندق توباكتس,4.3,1.0,nearby,parent_child_relationship,retain_both_link_project_and_facility,medium,Cross-layer candidate; centroid/proximity never used alone for deletion.
hotels,LY-HOT-000514,فندق توباكتس,investment,LY-INV-HOT-NAT-00172,فندق توباكتس,4.3,1.0,nearby,parent_child_relationship,retain_both_link_project_and_facility,medium,Cross-layer candidate; centroid/proximity never used alone for deletion.
hotels,LY-HOT-000514,فندق توباكتس,investment,LY-INV-HOT-TRI-00051,فندق توباكتس,35.7,1.0,nearby,parent_child_relationship,retain_both_link_project_and_facility,medium,Cross-layer candidate; centroid/proximity never used alone for deletion.
hotels,LY-HOT-000515,فندق جاكرتا,investment,LY-INV-HOT-NAT-00174,فندق جاكرتا,8.3,1.0,nearby,parent_child_relationship,retain_both_link_project_and_facility,medium,Cross-layer candidate; centroid/proximity never used alone for deletion.
hotels,LY-HOT-000516,فندق جي دبليو ماروت,investment,LY-INV-HOT-NAT-00063,فندق جي دبليو ماريوت,155.0,0.97,nearby,parent_child_relationship,retain_both_link_project_and_facility,medium,Cross-layer candidate; centroid/proximity never used alone for deletion.
hotels,LY-HOT-000516,فندق جي دبليو ماروت,investment,LY-INV-HOT-NAT-00178,فندق جي دبليو ماريوت,155.0,0.97,nearby,parent_child_relationship,retain_both_link_project_and_facility,medium,Cross-layer candidate; centroid/proximity never used alone for deletion.
hotels,LY-HOT-000523,فندق زهرة الخليج,investment,LY-INV-HOT-NAT-00068,فندق زهرة الخليج,21.9,1.0,nearby,parent_child_relationship,retain_both_link_project_and_facility,medium,Cross-layer candidate; centroid/proximity never used alone for deletion.
hotels,LY-HOT-000523,فندق زهرة الخليج,investment,LY-INV-HOT-NAT-00189,فندق زهرة الخليج,21.9,1.0,nearby,parent_child_relationship,retain_both_link_project_and_facility,medium,Cross-layer candidate; centroid/proximity never used alone for deletion.
hotels,LY-HOT-000523,فندق زهرة الخليج,investment,LY-INV-HOT-TRI-00044,فندق زهرة الخليج,10.3,1.0,nearby,parent_child_relationship,retain_both_link_project_and_facility,medium,Cross-layer candidate; centroid/proximity never used alone for deletion.
hotels,LY-HOT-000526,فندق سفارى,investment,LY-INV-HOT-TRI-00043,فندق سفارى,28.0,1.0,nearby,parent_child_relationship,retain_both_link_project_and_facility,medium,Cross-layer candidate; centroid/proximity never used alone for deletion.
hotels,LY-HOT-000529,فندق صحراء ليبيا,investment,LY-INV-HOT-NAT-00074,فندق صحارى ليبيا,5.0,0.857,nearby,parent_child_relationship,retain_both_link_project_and_facility,medium,Cross-layer candidate; centroid/proximity never used alone for deletion.
hotels,LY-HOT-000529,فندق صحراء ليبيا,investment,LY-INV-HOT-NAT-00194,فندق صحارى ليبيا,5.0,0.857,nearby,parent_child_relationship,retain_both_link_project_and_facility,medium,Cross-layer candidate; centroid/proximity never used alone for deletion.
hotels,LY-HOT-000529,فندق صحراء ليبيا,investment,LY-INV-HOT-TRI-00030,فندق صحراء ليبيا,5.1,1.0,nearby,parent_child_relationship,retain_both_link_project_and_facility,medium,Cross-layer candidate; centroid/proximity never used alone for deletion.
hotels,LY-HOT-000530,فندق ضيافة ونيس,investment,LY-INV-HOT-NAT-00075,فندق ضيافة ونيس,10.3,1.0,nearby,parent_child_relationship,retain_both_link_project_and_facility,medium,Cross-layer candidate; centroid/proximity never used alone for deletion.
hotels,LY-HOT-000530,فندق ضيافة ونيس,investment,LY-INV-HOT-NAT-00195,فندق ضيافة ونيس,10.3,1.0,nearby,parent_child_relationship,retain_both_link_project_and_facility,medium,Cross-layer candidate; centroid/proximity never used alone for deletion.
hotels,LY-HOT-000531,فندق طرابلس الدولى,investment,LY-INV-HOT-TRI-00020,فندق طرابلس الدولي,18.9,1.0,nearby,parent_child_relationship,retain_both_link_project_and_facility,medium,Cross-layer candidate; centroid/proximity never used alone for deletion.
hotels,LY-HOT-000532,فندق طليطلة,investment,LY-INV-HOT-NAT-00076,فندق طليطلة,22.0,1.0,nearby,parent_child_relationship,retain_both_link_project_and_facility,medium,Cross-layer candidate; centroid/proximity never used alone for deletion.
hotels,LY-HOT-000532,فندق طليطلة,investment,LY-INV-HOT-NAT-00196,فندق طليطلة,22.0,1.0,nearby,parent_child_relationship,retain_both_link_project_and_facility,medium,Cross-layer candidate; centroid/proximity never used alone for deletion.
hotels,LY-HOT-000533,فندق طيبة,investment,LY-INV-HOT-NAT-00077,فندق طيبة,3.9,1.0,nearby,parent_child_relationship,retain_both_link_project_and_facility,medium,Cross-layer candidate; centroid/proximity never used alone for deletion.
hotels,LY-HOT-000534,فندق عمير,investment,LY-INV-HOT-NAT-00078,فندق عمير,3.9,1.0,nearby,parent_child_relationship,retain_both_link_project_and_facility,medium,Cross-layer candidate; centroid/proximity never used alone for deletion.
hotels,LY-HOT-000536,فندق فكتوريا,investment,LY-INV-HOT-TRI-00004,فندق فكتوريا,7.1,1.0,nearby,parent_child_relationship,retain_both_link_project_and_facility,medium,Cross-layer candidate; centroid/proximity never used alone for deletion.
hotels,LY-HOT-000541,فندق قصر ليبيا,investment,LY-INV-HOT-TRI-00056,فندق قصر ليبيا,9.8,1.0,nearby,parent_child_relationship,retain_both_link_project_and_facility,medium,Cross-layer candidate; centroid/proximity never used alone for deletion.
hotels,LY-HOT-000543,فندق هارون,investment,LY-INV-HOT-NAT-00216,فندق هارون,8.0,1.0,nearby,parent_child_relationship,retain_both_link_project_and_facility,medium,Cross-layer candidate; centroid/proximity never used alone for deletion.
hotels,LY-HOT-000544,فندق قورينا,investment,LY-INV-HOT-NAT-00210,فندق قورينا,7.3,1.0,nearby,parent_child_relationship,retain_both_link_project_and_facility,medium,Cross-layer candidate; centroid/proximity never used alone for deletion.
hotels,LY-HOT-000550,فندق ليبوس,investment,LY-INV-HOT-NAT-00065,فندق ليبوس,114.0,1.0,nearby,parent_child_relationship,retain_both_link_project_and_facility,medium,Cross-layer candidate; centroid/proximity never used alone for deletion.
hotels,LY-HOT-000570,فندق الشراع,investment,LY-INV-HOT-NAT-00244,فندق الشراع,0.0,1.0,nearby,parent_child_relationship,retain_both_link_project_and_facility,medium,Cross-layer candidate; centroid/proximity never used alone for deletion.
hotels,LY-HOT-000571,فندق اليمامة,investment,LY-INV-HOT-NAT-00045,فندق المنامة,186.1,0.909,nearby,parent_child_relationship,retain_both_link_project_and_facility,medium,Cross-layer candidate; centroid/proximity never used alone for deletion.
hotels,LY-HOT-000571,فندق اليمامة,investment,LY-INV-HOT-NAT-00151,فندق اليمامة,2.5,1.0,nearby,parent_child_relationship,retain_both_link_project_and_facility,medium,Cross-layer candidate; centroid/proximity never used alone for deletion.
hotels,LY-HOT-000572,فندق الصفوة,investment,LY-INV-HOT-NAT-00034,فندق الصفوة,16.7,1.0,nearby,parent_child_relationship,retain_both_link_project_and_facility,medium,Cross-layer candidate; centroid/proximity never used alone for deletion.
resorts,LY-ACC-RES-ZUW-00001,قرية إدوس السياحية,investment,LY-INV-RES-ZUW-00001,قرية إدوس السياحية,0.1,1.0,nearby,parent_child_relationship,retain_both_link_project_and_facility,medium,Cross-layer candidate; centroid/proximity never used alone for deletion.
resorts,LY-ACC-RES-TRI-00001,قرية مرمرة السياحية,investment,LY-INV-RES-TRI-00001,قرية مرمرة السياحية,0.0,1.0,nearby,parent_child_relationship,retain_both_link_project_and_facility,medium,Cross-layer candidate; centroid/proximity never used alone for deletion.
resorts,LY-ACC-RES-ZUW-00003,قرية البرتقالة,investment,LY-INV-RES-ZUW-00003,قرية البرتقالة,165.3,1.0,nearby,parent_child_relationship,retain_both_link_project_and_facility,medium,Cross-layer candidate; centroid/proximity never used alone for deletion.
resorts,LY-ACC-RES-ZUW-00004,قرية شط النخيل زوارة,investment,LY-INV-RES-ZUW-00004,قرية شط النخيل زوارة,0.0,1.0,nearby,parent_child_relationship,retain_both_link_project_and_facility,medium,Cross-layer candidate; centroid/proximity never used alone for deletion.
resorts,LY-ACC-RES-ZUW-00005,قرية أوليڤيا السياحية - زوارة,investment,LY-INV-RES-ZUW-00005,قرية أوليڤيا السياحية - زوارة,155.3,1.0,nearby,parent_child_relationship,retain_both_link_project_and_facility,medium,Cross-layer candidate; centroid/proximity never used alone for deletion.
resorts,LY-ACC-RES-ZUW-00007,إقامة تولين السياحية,investment,LY-INV-RES-ZUW-00007,إقامة تولين السياحية,0.0,1.0,nearby,parent_child_relationship,retain_both_link_project_and_facility,medium,Cross-layer candidate; centroid/proximity never used alone for deletion.
resorts,LY-ACC-RES-ZUW-00008,VILLA HAYA,investment,LY-INV-RES-ZUW-00008,VILLA HAYA,0.0,1.0,nearby,parent_child_relationship,retain_both_link_project_and_facility,medium,Cross-layer candidate; centroid/proximity never used alone for deletion.
resorts,LY-ACC-RES-ZUW-00009,منتجع زين السياحي,investment,LY-INV-RES-ZUW-00009,منتجع زين السياحي,0.0,1.0,nearby,parent_child_relationship,retain_both_link_project_and_facility,medium,Cross-layer candidate; centroid/proximity never used alone for deletion.
resorts,LY-ACC-RES-ZUW-00010,قرية تيبودا السياحيه,investment,LY-INV-RES-ZUW-00010,قرية تيبودا السياحيه,0.0,1.0,nearby,parent_child_relationship,retain_both_link_project_and_facility,medium,Cross-layer candidate; centroid/proximity never used alone for deletion.
resorts,LY-ACC-RES-ZUW-00011,منتجع سيتي بارك زوارة,investment,LY-INV-RES-ZUW-00011,منتجع سيتي بارك زوارة,0.0,1.0,nearby,parent_child_relationship,retain_both_link_project_and_facility,medium,Cross-layer candidate; centroid/proximity never used alone for deletion.
resorts,LY-ACC-RES-SAB-00001,قرية جوهرة صبراتة السياحية,investment,LY-INV-RES-SAB-00001,قرية جوهرة صبراتة السياحية,0.0,1.0,nearby,parent_child_relationship,retain_both_link_project_and_facility,medium,Cross-layer candidate; centroid/proximity never used alone for deletion.
resorts,LY-ACC-RES-SAB-00002,قرية المغرب العربي صبراتة,investment,LY-INV-HOT-SAB-00001,قرية المغرب العربي صبراتة,0.1,1.0,nearby,parent_child_relationship,retain_both_link_project_and_facility,medium,Cross-layer candidate; centroid/proximity never used alone for deletion.
resorts,LY-ACC-RES-SAB-00003,مركب تليل السياحي_صبراتة,investment,LY-INV-RES-SAB-00002,مركب تليل السياحي_صبراتة,0.0,1.0,nearby,parent_child_relationship,retain_both_link_project_and_facility,medium,Cross-layer candidate; centroid/proximity never used alone for deletion.
resorts,LY-ACC-RES-NAT-00001,القرية السياحية جنزور,investment,LY-INV-RES-NAT-00001,القرية السياحية جنزور,0.0,1.0,nearby,parent_child_relationship,retain_both_link_project_and_facility,medium,Cross-layer candidate; centroid/proximity never used alone for deletion.
resorts,LY-ACC-RES-TRI-00002,قرية بالم سيتي/قرية النخيل السياحية طرابلس,investment,LY-INV-RES-TRI-00002,قرية بالم سيتي/قرية النخيل السياحية طرابلس,0.0,1.0,nearby,parent_child_relationship,retain_both_link_project_and_facility,medium,Cross-layer candidate; centroid/proximity never used alone for deletion.
resorts,LY-ACC-RES-TRI-00003,القرية السياحية الريقاتة,investment,LY-INV-RES-TRI-00003,القرية السياحية الريقاتة,0.0,1.0,nearby,parent_child_relationship,retain_both_link_project_and_facility,medium,Cross-layer candidate; centroid/proximity never used alone for deletion.
resorts,LY-ACC-RES-TRI-00004,مركب شيراتون - النقاط الأربعة,investment,LY-INV-HOT-TRI-00001,مركب شيراتون - النقاط الأربعة,0.0,1.0,nearby,parent_child_relationship,retain_both_link_project_and_facility,medium,Cross-layer candidate; centroid/proximity never used alone for deletion.
resorts,LY-ACC-RES-NAT-00002,القرية السياحية تاجوراء,investment,LY-INV-RES-NAT-00002,القرية السياحية تاجوراء,0.0,1.0,nearby,parent_child_relationship,retain_both_link_project_and_facility,medium,Cross-layer candidate; centroid/proximity never used alone for deletion.
resorts,LY-ACC-RES-NAT-00003,منتجع سمرلاند المائي,investment,LY-INV-RES-NAT-00003,منتجع سمرلاند المائي,0.0,1.0,nearby,parent_child_relationship,retain_both_link_project_and_facility,medium,Cross-layer candidate; centroid/proximity never used alone for deletion.
resorts,LY-ACC-RES-KHO-00001,مصيف قرية مارينا السياحية,investment,LY-INV-RES-KHO-00001,مصيف قرية مارينا السياحية,0.0,1.0,nearby,parent_child_relationship,retain_both_link_project_and_facility,medium,Cross-layer candidate; centroid/proximity never used alone for deletion.
resorts,LY-ACC-RES-KHO-00002,قرية قصر سيلين العائلية,investment,LY-INV-RES-KHO-00002,قرية قصر سيلين العائلية,0.0,1.0,nearby,parent_child_relationship,retain_both_link_project_and_facility,medium,Cross-layer candidate; centroid/proximity never used alone for deletion.
resorts,LY-ACC-RES-KHO-00003,قرية حدائق غنيمة,investment,LY-INV-RES-KHO-00003,قرية حدائق غنيمة,0.1,1.0,nearby,parent_child_relationship,retain_both_link_project_and_facility,medium,Cross-layer candidate; centroid/proximity never used alone for deletion.
resorts,LY-ACC-RES-KHO-00004,إستراحة شط غنيمة,investment,LY-INV-RES-KHO-00004,إستراحة شط غنيمة,0.0,1.0,nearby,parent_child_relationship,retain_both_link_project_and_facility,medium,Cross-layer candidate; centroid/proximity never used alone for deletion.
resorts,LY-ACC-RES-TRI-00005,قرية المتوسط العائلية,investment,LY-INV-RES-TRI-00004,قرية المتوسط العائلية,0.0,1.0,nearby,parent_child_relationship,retain_both_link_project_and_facility,medium,Cross-layer candidate; centroid/proximity never used alone for deletion.
resorts,LY-ACC-RES-KHO-00005,قرية قوس غنيمة السياحية,investment,LY-INV-RES-KHO-00005,قرية قوس غنيمة السياحية,0.0,1.0,nearby,parent_child_relationship,retain_both_link_project_and_facility,medium,Cross-layer candidate; centroid/proximity never used alone for deletion.
resorts,LY-ACC-RES-KHO-00005,قرية قوس غنيمة السياحية,investment,LY-INV-RES-NAT-00024,قرية قوس غنيمة السياحية,16.5,1.0,nearby,parent_child_relationship,retain_both_link_project_and_facility,medium,Cross-layer candidate; centroid/proximity never used alone for deletion.
resorts,LY-ACC-RES-KHO-00006,قرية لؤلؤة غنيمة العائلية,investment,LY-INV-RES-KHO-00006,قرية لؤلؤة غنيمة العائلية,0.0,1.0,nearby,parent_child_relationship,retain_both_link_project_and_facility,medium,Cross-layer candidate; centroid/proximity never used alone for deletion.
resorts,LY-ACC-RES-KHO-00007,قرية شمس البحر,investment,LY-INV-RES-KHO-00007,قرية شمس البحر,0.0,1.0,nearby,parent_child_relationship,retain_both_link_project_and_facility,medium,Cross-layer candidate; centroid/proximity never used alone for deletion.
resorts,LY-ACC-RES-KHO-00007,قرية شمس البحر,investment,LY-INV-RES-NAT-00026,قرية شمس البحر,40.9,1.0,nearby,parent_child_relationship,retain_both_link_project_and_facility,medium,Cross-layer candidate; centroid/proximity never used alone for deletion.
resorts,LY-ACC-RES-KHO-00008,قرية الشاطيء الذهبي,investment,LY-INV-RES-KHO-00008,قرية الشاطيء الذهبي,0.0,1.0,nearby,parent_child_relationship,retain_both_link_project_and_facility,medium,Cross-layer candidate; centroid/proximity never used alone for deletion.
resorts,LY-ACC-RES-KHO-00009,منتجع سي شيلز,investment,LY-INV-RES-KHO-00009,منتجع سي شيلز,0.0,1.0,nearby,parent_child_relationship,retain_both_link_project_and_facility,medium,Cross-layer candidate; centroid/proximity never used alone for deletion.
resorts,LY-ACC-RES-KHO-00010,منتجع حوض البحر Seapool Resort,investment,LY-INV-RES-KHO-00010,منتجع حوض البحر Seapool Resort,0.0,1.0,nearby,parent_child_relationship,retain_both_link_project_and_facility,medium,Cross-layer candidate; centroid/proximity never used alone for deletion.
resorts,LY-ACC-RES-KHO-00011,قرية الخمس السياحية,investment,LY-INV-RES-KHO-00011,قرية الخمس السياحية,0.0,1.0,nearby,parent_child_relationship,retain_both_link_project_and_facility,medium,Cross-layer candidate; centroid/proximity never used alone for deletion.
resorts,LY-ACC-RES-KHO-00012,قريه غنيمه العائليه,investment,LY-INV-RES-KHO-00012,قريه غنيمه العائليه,0.0,1.0,nearby,parent_child_relationship,retain_both_link_project_and_facility,medium,Cross-layer candidate; centroid/proximity never used alone for deletion.
resorts,LY-ACC-RES-KHO-00013,قرية اكوا مارين السياحية,investment,LY-INV-RES-KHO-00013,قرية اكوا مارين السياحية,0.0,1.0,nearby,parent_child_relationship,retain_both_link_project_and_facility,medium,Cross-layer candidate; centroid/proximity never used alone for deletion.
resorts,LY-ACC-RES-KHO-00014,قرية جنيف العائلية غنيمة,investment,LY-INV-HOT-KHO-00001,قرية جنيف العائلية غنيمة,0.0,1.0,nearby,parent_child_relationship,retain_both_link_project_and_facility,medium,Cross-layer candidate; centroid/proximity never used alone for deletion.
resorts,LY-ACC-RES-KHO-00015,منتجع شاطئ غنيمة,investment,LY-INV-RES-KHO-00014,منتجع شاطئ غنيمة,0.0,1.0,nearby,parent_child_relationship,retain_both_link_project_and_facility,medium,Cross-layer candidate; centroid/proximity never used alone for deletion.
resorts,LY-ACC-RES-KHO-00016,شاليهات بن حمودة العائلي,investment,LY-INV-RES-KHO-00015,شاليهات بن حمودة العائلي,0.0,1.0,nearby,parent_child_relationship,retain_both_link_project_and_facility,medium,Cross-layer candidate; centroid/proximity never used alone for deletion.
resorts,LY-ACC-RES-NAT-00004,منتجع كريستال السياحي,investment,LY-INV-RES-NAT-00004,منتجع كريستال السياحي,0.0,1.0,nearby,parent_child_relationship,retain_both_link_project_and_facility,medium,Cross-layer candidate; centroid/proximity never used alone for deletion.
resorts,LY-ACC-RES-NAT-00005,منتجع رويال السياحي,investment,LY-INV-RES-NAT-00005,منتجع رويال السياحي,0.1,1.0,nearby,parent_child_relationship,retain_both_link_project_and_facility,medium,Cross-layer candidate; centroid/proximity never used alone for deletion.
resorts,LY-ACC-RES-NAT-00006,القويعة,investment,LY-INV-RES-NAT-00006,القويعة,0.0,1.0,nearby,parent_child_relationship,retain_both_link_project_and_facility,medium,Cross-layer candidate; centroid/proximity never used alone for deletion.
resorts,LY-ACC-RES-NAT-00007,منتجع فيلا دريم هاوس,investment,LY-INV-RES-NAT-00007,منتجع فيلا دريم هاوس,0.0,1.0,nearby,parent_child_relationship,retain_both_link_project_and_facility,medium,Cross-layer candidate; centroid/proximity never used alone for deletion.
resorts,LY-ACC-RES-NAT-00008,منتجع شط مريم,investment,LY-INV-RES-NAT-00008,منتجع شط مريم,0.0,1.0,nearby,parent_child_relationship,retain_both_link_project_and_facility,medium,Cross-layer candidate; centroid/proximity never used alone for deletion.
resorts,LY-ACC-RES-NAT-00009,استراحة الجود القويعه,investment,LY-INV-RES-NAT-00009,استراحة الجود القويعه,0.0,1.0,nearby,parent_child_relationship,retain_both_link_project_and_facility,medium,Cross-layer candidate; centroid/proximity never used alone for deletion.
resorts,LY-ACC-RES-NAT-00010,منتجع اتش تي السياحي,investment,LY-INV-RES-NAT-00010,منتجع اتش تي السياحي,0.0,1.0,nearby,parent_child_relationship,retain_both_link_project_and_facility,medium,Cross-layer candidate; centroid/proximity never used alone for deletion.
resorts,LY-ACC-RES-NAT-00011,منتجع اتش تي 3,investment,LY-INV-RES-NAT-00011,منتجع اتش تي 3,0.0,1.0,nearby,parent_child_relationship,retain_both_link_project_and_facility,medium,Cross-layer candidate; centroid/proximity never used alone for deletion.
resorts,LY-ACC-RES-NAT-00012,منتجع شاليهات للاجار,investment,LY-INV-RES-NAT-00012,منتجع شاليهات للاجار,0.0,1.0,nearby,parent_child_relationship,retain_both_link_project_and_facility,medium,Cross-layer candidate; centroid/proximity never used alone for deletion.
resorts,LY-ACC-RES-NAT-00013,قرية العطايا العائلية,investment,LY-INV-RES-NAT-00013,قرية العطايا العائلية,0.0,1.0,nearby,parent_child_relationship,retain_both_link_project_and_facility,medium,Cross-layer candidate; centroid/proximity never used alone for deletion.
resorts,LY-ACC-RES-NAT-00014,منتجع برستيج,investment,LY-INV-RES-NAT-00014,منتجع برستيج,0.1,1.0,nearby,parent_child_relationship,retain_both_link_project_and_facility,medium,Cross-layer candidate; centroid/proximity never used alone for deletion.
resorts,LY-ACC-RES-NAT-00015,قرية القويعة السياحية,investment,LY-INV-RES-NAT-00015,قرية القويعة السياحية,0.0,1.0,nearby,parent_child_relationship,retain_both_link_project_and_facility,medium,Cross-layer candidate; centroid/proximity never used alone for deletion.
resorts,LY-ACC-RES-NAT-00016,شاليهات بن بية,investment,LY-INV-RES-NAT-00016,شاليهات بن بية,0.0,1.0,nearby,parent_child_relationship,retain_both_link_project_and_facility,medium,Cross-layer candidate; centroid/proximity never used alone for deletion.
resorts,LY-ACC-RES-NAT-00017,قرية ميار البحر العائليه,investment,LY-INV-RES-NAT-00017,قرية ميار البحر العائليه,0.0,1.0,nearby,parent_child_relationship,retain_both_link_project_and_facility,medium,Cross-layer candidate; centroid/proximity never used alone for deletion.
resorts,LY-ACC-RES-NAT-00018,قرية أغيث السياحية,investment,LY-INV-RES-NAT-00018,قرية أغيث السياحية,0.1,1.0,nearby,parent_child_relationship,retain_both_link_project_and_facility,medium,Cross-layer candidate; centroid/proximity never used alone for deletion.
resorts,LY-ACC-RES-NAT-00019,قرية الخلة السياحية العائلية,investment,LY-INV-RES-NAT-00019,قرية الخلة السياحية العائلية,0.0,1.0,nearby,parent_child_relationship,retain_both_link_project_and_facility,medium,Cross-layer candidate; centroid/proximity never used alone for deletion.
resorts,LY-ACC-RES-NAT-00020,مجمع جواهر لاند,investment,LY-INV-RES-NAT-00020,مجمع جواهر لاند,0.0,1.0,nearby,parent_child_relationship,retain_both_link_project_and_facility,medium,Cross-layer candidate; centroid/proximity never used alone for deletion.
resorts,LY-ACC-RES-NAT-00021,منتجع دار البحر,investment,LY-INV-RES-NAT-00021,منتجع دار البحر,0.1,1.0,nearby,parent_child_relationship,retain_both_link_project_and_facility,medium,Cross-layer candidate; centroid/proximity never used alone for deletion.
resorts,LY-ACC-RES-NAT-00022,منتجع وادي بالنور,investment,LY-INV-RES-NAT-00022,منتجع وادي بالنور,0.0,1.0,nearby,parent_child_relationship,retain_both_link_project_and_facility,medium,Cross-layer candidate; centroid/proximity never used alone for deletion.
resorts,LY-ACC-RES-NAT-00023,منتجع بيتش هاوس,investment,LY-INV-RES-NAT-00023,منتجع بيتش هاوس,0.1,1.0,nearby,parent_child_relationship,retain_both_link_project_and_facility,medium,Cross-layer candidate; centroid/proximity never used alone for deletion.
resorts,LY-ACC-RES-NAT-00024,قرية قوس غنيمة السياحية,investment,LY-INV-RES-KHO-00005,قرية قوس غنيمة السياحية,16.5,1.0,nearby,parent_child_relationship,retain_both_link_project_and_facility,medium,Cross-layer candidate; centroid/proximity never used alone for deletion.
resorts,LY-ACC-RES-NAT-00024,قرية قوس غنيمة السياحية,investment,LY-INV-RES-NAT-00024,قرية قوس غنيمة السياحية,0.0,1.0,nearby,parent_child_relationship,retain_both_link_project_and_facility,medium,Cross-layer candidate; centroid/proximity never used alone for deletion.
resorts,LY-ACC-RES-NAT-00025,منتجع ايليت السياحي,investment,LY-INV-RES-NAT-00025,منتجع ايليت السياحي,0.0,1.0,nearby,parent_child_relationship,retain_both_link_project_and_facility,medium,Cross-layer candidate; centroid/proximity never used alone for deletion.
resorts,LY-ACC-RES-NAT-00026,قرية شمس البحر,investment,LY-INV-RES-KHO-00007,قرية شمس البحر,40.9,1.0,nearby,parent_child_relationship,retain_both_link_project_and_facility,medium,Cross-layer candidate; centroid/proximity never used alone for deletion.
resorts,LY-ACC-RES-NAT-00026,قرية شمس البحر,investment,LY-INV-RES-NAT-00026,قرية شمس البحر,0.0,1.0,nearby,parent_child_relationship,retain_both_link_project_and_facility,medium,Cross-layer candidate; centroid/proximity never used alone for deletion.
resorts,LY-ACC-RES-KHO-00017,قرية لؤلؤة غنيمة العائلية,investment,LY-INV-RES-KHO-00016,قرية لؤلؤة غنيمة العائلية,0.0,1.0,nearby,parent_child_relationship,retain_both_link_project_and_facility,medium,Cross-layer candidate; centroid/proximity never used alone for deletion.
resorts,LY-ACC-RES-NAT-00027,شاليهات ركن النيروز,investment,LY-INV-RES-NAT-00027,شاليهات ركن النيروز,0.0,1.0,nearby,parent_child_relationship,retain_both_link_project_and_facility,medium,Cross-layer candidate; centroid/proximity never used alone for deletion.
resorts,LY-ACC-RES-NAT-00028,قرية رأس الحمراء العائلية,investment,LY-INV-RES-NAT-00028,قرية رأس الحمراء العائلية,0.0,1.0,nearby,parent_child_relationship,retain_both_link_project_and_facility,medium,Cross-layer candidate; centroid/proximity never used alone for deletion.
resorts,LY-ACC-RES-KHO-00018,قرية شاطئ النخيل الذهبي,investment,LY-INV-RES-KHO-00017,قرية شاطئ النخيل الذهبي,0.0,1.0,nearby,parent_child_relationship,retain_both_link_project_and_facility,medium,Cross-layer candidate; centroid/proximity never used alone for deletion.
resorts,LY-ACC-RES-ZLI-00001,قرية أصيل السياحية,investment,LY-INV-RES-ZLI-00001,قرية أصيل السياحية,0.0,1.0,nearby,parent_child_relationship,retain_both_link_project_and_facility,medium,Cross-layer candidate; centroid/proximity never used alone for deletion.
resorts,LY-ACC-RES-ZLI-00002,قرية الهُزم السياحية,investment,LY-INV-RES-ZLI-00002,قرية الهُزم السياحية,0.0,1.0,nearby,parent_child_relationship,retain_both_link_project_and_facility,medium,Cross-layer candidate; centroid/proximity never used alone for deletion.
resorts,LY-ACC-RES-MIS-00001,منتجع الأمان السياحي,investment,LY-INV-HOT-MIS-00001,منتجع الأمان السياحي,0.0,1.0,nearby,parent_child_relationship,retain_both_link_project_and_facility,medium,Cross-layer candidate; centroid/proximity never used alone for deletion.
resorts,LY-ACC-RES-MIS-00002,منتجع مصراتة,investment,LY-INV-RES-MIS-00001,منتجع مصراتة,0.0,1.0,nearby,parent_child_relationship,retain_both_link_project_and_facility,medium,Cross-layer candidate; centroid/proximity never used alone for deletion.
resorts,LY-ACC-RES-MIS-00003,منتجع فينيسيا/مصراتة,investment,LY-INV-RES-MIS-00002,منتجع فينيسيا/مصراتة,0.0,1.0,nearby,parent_child_relationship,retain_both_link_project_and_facility,medium,Cross-layer candidate; centroid/proximity never used alone for deletion.
resorts,LY-ACC-RES-MIS-00004,قرية زريق السياحية,investment,LY-INV-RES-MIS-00003,قرية زريق السياحية,0.0,1.0,nearby,parent_child_relationship,retain_both_link_project_and_facility,medium,Cross-layer candidate; centroid/proximity never used alone for deletion.
resorts,LY-ACC-RES-NAT-00029,حي قصور الضيافة_سرت,investment,LY-INV-RES-NAT-00029,حي قصور الضيافة_سرت,0.1,1.0,nearby,parent_child_relationship,retain_both_link_project_and_facility,medium,Cross-layer candidate; centroid/proximity never used alone for deletion.
resorts,LY-ACC-RES-BEN-00001,شاليهات ريماس,investment,LY-INV-RES-BEN-00001,شاليهات ريماس,0.0,1.0,nearby,parent_child_relationship,retain_both_link_project_and_facility,medium,Cross-layer candidate; centroid/proximity never used alone for deletion.
resorts,LY-ACC-RES-BEN-00002,قرية شاطيء النخيل,investment,LY-INV-RES-BEN-00002,قرية شاطيء النخيل,0.0,1.0,nearby,parent_child_relationship,retain_both_link_project_and_facility,medium,Cross-layer candidate; centroid/proximity never used alone for deletion.
resorts,LY-ACC-RES-BEN-00003,منتجع مارينا بنغازي السياحي,investment,LY-INV-RES-BEN-00003,منتجع مارينا بنغازي السياحي,0.0,1.0,nearby,parent_child_relationship,retain_both_link_project_and_facility,medium,Cross-layer candidate; centroid/proximity never used alone for deletion.
resorts,LY-ACC-RES-BEN-00004,منتجع الصفوة السياحي,investment,LY-INV-RES-BEN-00004,منتجع الصفوة السياحي,0.0,1.0,nearby,parent_child_relationship,retain_both_link_project_and_facility,medium,Cross-layer candidate; centroid/proximity never used alone for deletion.
resorts,LY-ACC-RES-BEN-00005,منتجع ماربيلا السياحي,investment,LY-INV-RES-BEN-00005,منتجع ماربيلا السياحي,0.0,1.0,nearby,parent_child_relationship,retain_both_link_project_and_facility,medium,Cross-layer candidate; centroid/proximity never used alone for deletion.
resorts,LY-ACC-RES-BEN-00006,مجمع الاصالة السياحي,investment,LY-INV-RES-BEN-00006,مجمع الاصالة السياحي,0.0,1.0,nearby,parent_child_relationship,retain_both_link_project_and_facility,medium,Cross-layer candidate; centroid/proximity never used alone for deletion.
resorts,LY-ACC-RES-BEN-00007,قرية الفاضل,investment,LY-INV-RES-BEN-00007,قرية الفاضل,0.0,1.0,nearby,parent_child_relationship,retain_both_link_project_and_facility,medium,Cross-layer candidate; centroid/proximity never used alone for deletion.
resorts,LY-ACC-RES-BEN-00008,منتجع الأسيل,investment,LY-INV-RES-BEN-00008,منتجع الأسيل,0.0,1.0,nearby,parent_child_relationship,retain_both_link_project_and_facility,medium,Cross-layer candidate; centroid/proximity never used alone for deletion.
resorts,LY-ACC-RES-BEN-00009,منتجع الماسة السياحي,investment,LY-INV-RES-BEN-00009,منتجع الماسة السياحي,0.0,1.0,nearby,parent_child_relationship,retain_both_link_project_and_facility,medium,Cross-layer candidate; centroid/proximity never used alone for deletion.
resorts,LY-ACC-RES-BEN-00010,منتجع قاريونس العائلي,investment,LY-INV-RES-BEN-00010,منتجع قاريونس العائلي,0.0,1.0,nearby,parent_child_relationship,retain_both_link_project_and_facility,medium,Cross-layer candidate; centroid/proximity never used alone for deletion.
resorts,LY-ACC-RES-BEN-00011,منتجع النخلة الذهبية,investment,LY-INV-RES-BEN-00011,منتجع النخلة الذهبية,0.0,1.0,nearby,parent_child_relationship,retain_both_link_project_and_facility,medium,Cross-layer candidate; centroid/proximity never used alone for deletion.
resorts,LY-ACC-RES-BEN-00012,منتجع فايا لارجو,investment,LY-INV-RES-BEN-00012,منتجع فايا لارجو,0.0,1.0,nearby,parent_child_relationship,retain_both_link_project_and_facility,medium,Cross-layer candidate; centroid/proximity never used alone for deletion.
resorts,LY-ACC-RES-BEN-00013,قرية قمرت السياحية,investment,LY-INV-RES-BEN-00013,قرية قمرت السياحية,0.0,1.0,nearby,parent_child_relationship,retain_both_link_project_and_facility,medium,Cross-layer candidate; centroid/proximity never used alone for deletion.
resorts,LY-ACC-RES-NAT-00030,منتجع التلال الحمامة,investment,LY-INV-RES-NAT-00030,منتجع التلال الحمامة,0.0,1.0,nearby,parent_child_relationship,retain_both_link_project_and_facility,medium,Cross-layer candidate; centroid/proximity never used alone for deletion.
resorts,LY-ACC-RES-NAT-00031,منتجع الجراري السياحي - للعائلات,investment,LY-INV-RES-NAT-00031,منتجع الجراري السياحي - للعائلات,0.0,1.0,nearby,parent_child_relationship,retain_both_link_project_and_facility,medium,Cross-layer candidate; centroid/proximity never used alone for deletion.
resorts,LY-ACC-RES-NAT-00032,منتجع ومصيف الحمامة,investment,LY-INV-RES-NAT-00032,منتجع ومصيف الحمامة,0.0,1.0,nearby,parent_child_relationship,retain_both_link_project_and_facility,medium,Cross-layer candidate; centroid/proximity never used alone for deletion.
resorts,LY-ACC-RES-NAT-00033,قرية إيلاف السياحية,investment,LY-INV-RES-NAT-00033,قرية إيلاف السياحية,0.0,1.0,nearby,parent_child_relationship,retain_both_link_project_and_facility,medium,Cross-layer candidate; centroid/proximity never used alone for deletion.
resorts,LY-ACC-RES-BAY-00001,شاليهات الحدائق الملكية,investment,LY-INV-RES-BAY-00001,شاليهات الحدائق الملكية,0.0,1.0,nearby,parent_child_relationship,retain_both_link_project_and_facility,medium,Cross-layer candidate; centroid/proximity never used alone for deletion.
resorts,LY-ACC-RES-BAY-00002,منتجع وادي الكوف,investment,LY-INV-RES-BAY-00002,منتجع وادي الكوف,0.0,1.0,nearby,parent_child_relationship,retain_both_link_project_and_facility,medium,Cross-layer candidate; centroid/proximity never used alone for deletion.
resorts,LY-ACC-RES-NAT-00034,منتجع إيلاند السياحي,investment,LY-INV-RES-NAT-00034,منتجع إيلاند السياحي,0.0,1.0,nearby,parent_child_relationship,retain_both_link_project_and_facility,medium,Cross-layer candidate; centroid/proximity never used alone for deletion.
resorts,LY-ACC-RES-NAT-00035,منتجع كنزي السياحي,investment,LY-INV-RES-NAT-00035,منتجع كنزي السياحي,0.1,1.0,nearby,parent_child_relationship,retain_both_link_project_and_facility,medium,Cross-layer candidate; centroid/proximity never used alone for deletion.
resorts,LY-ACC-RES-NAT-00036,منتجع سوسه,investment,LY-INV-RES-NAT-00036,منتجع سوسه,0.1,1.0,nearby,parent_child_relationship,retain_both_link_project_and_facility,medium,Cross-layer candidate; centroid/proximity never used alone for deletion.
resorts,LY-ACC-RES-NAT-00037,مصيف القريه/رأس الهلال,investment,LY-INV-RES-NAT-00037,مصيف القريه/رأس الهلال,0.1,1.0,nearby,parent_child_relationship,retain_both_link_project_and_facility,medium,Cross-layer candidate; centroid/proximity never used alone for deletion.
resorts,LY-ACC-RES-NAT-00038,منتجع الينابيع السياحي,investment,LY-INV-RES-NAT-00038,منتجع الينابيع السياحي,0.0,1.0,nearby,parent_child_relationship,retain_both_link_project_and_facility,medium,Cross-layer candidate; centroid/proximity never used alone for deletion.
resorts,LY-ACC-RES-NAT-00038,منتجع الينابيع السياحي,investment,LY-INV-EXP-SHA-00001,منتجع الينابيع السياحي,44.1,1.0,nearby,parent_child_relationship,retain_both_link_project_and_facility,medium,Cross-layer candidate; centroid/proximity never used alone for deletion.
resorts,LY-ACC-RES-NAT-00039,منتجع الاثرون السياحي,investment,LY-INV-RES-NAT-00039,منتجع الاثرون السياحي,0.0,1.0,nearby,parent_child_relationship,retain_both_link_project_and_facility,medium,Cross-layer candidate; centroid/proximity never used alone for deletion.
resorts,LY-ACC-RES-DER-00001,منتجع إيميليا السياحي,investment,LY-INV-RES-DER-00001,منتجع إيميليا السياحي,0.0,1.0,nearby,parent_child_relationship,retain_both_link_project_and_facility,medium,Cross-layer candidate; centroid/proximity never used alone for deletion.
resorts,LY-ACC-RES-DER-00002,مصيف 1805,investment,LY-INV-RES-DER-00002,مصيف 1805,0.0,1.0,nearby,parent_child_relationship,retain_both_link_project_and_facility,medium,Cross-layer candidate; centroid/proximity never used alone for deletion.
resorts,LY-ACC-RES-NAT-00040,منتجع الابرق السياحي,investment,LY-INV-RES-NAT-00040,منتجع الابرق السياحي,0.0,1.0,nearby,parent_child_relationship,retain_both_link_project_and_facility,medium,Cross-layer candidate; centroid/proximity never used alone for deletion.
resorts,LY-ACC-RES-SHA-00001,منتج شحات السياحي,investment,LY-INV-RES-SHA-00001,منتج شحات السياحي,0.0,1.0,nearby,parent_child_relationship,retain_both_link_project_and_facility,medium,Cross-layer candidate; centroid/proximity never used alone for deletion.
resorts,LY-ACC-RES-SHA-00001,منتج شحات السياحي,investment,LY-INV-RES-SHA-00010,منتجع شحات السياحي,11.5,0.968,nearby,parent_child_relationship,retain_both_link_project_and_facility,medium,Cross-layer candidate; centroid/proximity never used alone for deletion.
resorts,LY-ACC-RES-SHA-00002,منتجع وموتيل الأمان 1,investment,LY-INV-RES-SHA-00002,منتجع وموتيل الأمان 1,0.0,1.0,nearby,parent_child_relationship,retain_both_link_project_and_facility,medium,Cross-layer candidate; centroid/proximity never used alone for deletion.
resorts,LY-ACC-RES-SHA-00002,منتجع وموتيل الأمان 1,investment,LY-INV-RES-SHA-00011,منتجع وموتيل الأمان,44.4,0.971,nearby,parent_child_relationship,retain_both_link_project_and_facility,medium,Cross-layer candidate; centroid/proximity never used alone for deletion.
resorts,LY-ACC-RES-SHA-00003,منتجع وموتيل الأمان 3,investment,LY-INV-RES-SHA-00003,منتجع وموتيل الأمان 3,0.1,1.0,nearby,parent_child_relationship,retain_both_link_project_and_facility,medium,Cross-layer candidate; centroid/proximity never used alone for deletion.
resorts,LY-ACC-RES-SHA-00004,شاليهات بوعطية,investment,LY-INV-RES-SHA-00004,شاليهات بوعطية,0.0,1.0,nearby,parent_child_relationship,retain_both_link_project_and_facility,medium,Cross-layer candidate; centroid/proximity never used alone for deletion.
resorts,LY-ACC-RES-SHA-00005,منتجع جود السياحي,investment,LY-INV-RES-SHA-00005,منتجع جود السياحي,0.0,1.0,nearby,parent_child_relationship,retain_both_link_project_and_facility,medium,Cross-layer candidate; centroid/proximity never used alone for deletion.
resorts,LY-ACC-RES-KHO-00019,إستراحات فردية درجة أولى,investment,LY-INV-RES-KHO-00018,إستراحات فردية درجة أولى,0.0,1.0,nearby,parent_child_relationship,retain_both_link_project_and_facility,medium,Cross-layer candidate; centroid/proximity never used alone for deletion.
resorts,LY-ACC-RES-SHA-00006,إستراحات فردية,investment,LY-INV-RES-SHA-00006,إستراحات فردية,0.0,1.0,nearby,parent_child_relationship,retain_both_link_project_and_facility,medium,Cross-layer candidate; centroid/proximity never used alone for deletion.
resorts,LY-ACC-RES-SHA-00007,منتجع الاسرة السعيدة,investment,LY-INV-RES-SHA-00007,منتجع الاسرة السعيدة,0.0,1.0,nearby,parent_child_relationship,retain_both_link_project_and_facility,medium,Cross-layer candidate; centroid/proximity never used alone for deletion.
resorts,LY-ACC-RES-SHA-00008,شاليهات بومؤمن,investment,LY-INV-RES-SHA-00008,شاليهات بومؤمن,0.0,1.0,nearby,parent_child_relationship,retain_both_link_project_and_facility,medium,Cross-layer candidate; centroid/proximity never used alone for deletion.
resorts,LY-ACC-RES-SHA-00009,منتجع سيف للسياحه ولاستثمار,investment,LY-INV-RES-SHA-00009,منتجع سيف للسياحه ولاستثمار,0.0,1.0,nearby,parent_child_relationship,retain_both_link_project_and_facility,medium,Cross-layer candidate; centroid/proximity never used alone for deletion.
resorts,LY-ACC-RES-TOB-00001,منتجع وفندق ريفان السياحي,investment,LY-INV-HOT-TOB-00001,منتجع وفندق ريفان السياحي,0.0,1.0,nearby,parent_child_relationship,retain_both_link_project_and_facility,medium,Cross-layer candidate; centroid/proximity never used alone for deletion.
resorts,LY-ACC-RES-ZUW-00012,قرية سبتيموس السياحية - زوارة,investment,LY-INV-RES-ZUW-00012,قرية سبتيموس السياحية - زوارة,0.1,1.0,nearby,parent_child_relationship,retain_both_link_project_and_facility,medium,Cross-layer candidate; centroid/proximity never used alone for deletion.
resorts,LY-ACC-RES-ZUW-00013,قرية سيمو السياحية - زوارة,investment,LY-INV-HOT-ZUW-00001,قرية سيمو السياحية - زوارة,0.0,1.0,nearby,parent_child_relationship,retain_both_link_project_and_facility,medium,Cross-layer candidate; centroid/proximity never used alone for deletion.
resorts,LY-ACC-RES-ZLI-00003,منتجع الهادريان زليتن,investment,LY-INV-RES-ZLI-00003,منتجع الهادريان زليتن,0.0,1.0,nearby,parent_child_relationship,retain_both_link_project_and_facility,medium,Cross-layer candidate; centroid/proximity never used alone for deletion.
resorts,LY-ACC-RES-NAT-00041,منتجع سفارى السياحى,investment,LY-INV-RES-NAT-00041,منتجع سفارى السياحى,0.0,1.0,nearby,parent_child_relationship,retain_both_link_project_and_facility,medium,Cross-layer candidate; centroid/proximity never used alone for deletion.
resorts,LY-ACC-RES-ZUW-00014,قرية اوديسا السياحية,investment,LY-INV-RES-ZUW-00013,قرية اوديسا السياحية,0.0,1.0,nearby,parent_child_relationship,retain_both_link_project_and_facility,medium,Cross-layer candidate; centroid/proximity never used alone for deletion.
resorts,LY-ACC-RES-ZUW-00015,Azul house استراحة ازول,investment,LY-INV-RES-ZUW-00014,Azul house استراحة ازول,0.0,1.0,nearby,parent_child_relationship,retain_both_link_project_and_facility,medium,Cross-layer candidate; centroid/proximity never used alone for deletion.
resorts,LY-ACC-RES-ZUW-00016,DiVano Resort,investment,LY-INV-RES-ZUW-00015,DiVano Resort,0.0,1.0,nearby,parent_child_relationship,retain_both_link_project_and_facility,medium,Cross-layer candidate; centroid/proximity never used alone for deletion.
resorts,LY-ACC-RES-ZUW-00017,منتجع لاجون Lagoon Resort,investment,LY-INV-RES-ZUW-00016,منتجع لاجون Lagoon Resort,0.1,1.0,nearby,parent_child_relationship,retain_both_link_project_and_facility,medium,Cross-layer candidate; centroid/proximity never used alone for deletion.
resorts,LY-ACC-RES-ZUW-00018,Barracuda Village - منتجع باراكودا,investment,LY-INV-RES-ZUW-00017,Barracuda Village - منتجع باراكودا,0.0,1.0,nearby,parent_child_relationship,retain_both_link_project_and_facility,medium,Cross-layer candidate; centroid/proximity never used alone for deletion.
resorts,LY-ACC-RES-NAT-00042,Oea Village - Diar Al Bahr,investment,LY-INV-RES-NAT-00042,Oea Village - Diar Al Bahr,0.0,1.0,nearby,parent_child_relationship,retain_both_link_project_and_facility,medium,Cross-layer candidate; centroid/proximity never used alone for deletion.
resorts,LY-ACC-RES-NAT-00043,قرية قوس غنيمة السياحية,investment,LY-INV-RES-NAT-00043,قرية قوس غنيمة السياحية,0.0,1.0,nearby,parent_child_relationship,retain_both_link_project_and_facility,medium,Cross-layer candidate; centroid/proximity never used alone for deletion.
resorts,LY-ACC-RES-NAT-00137,منتجع كريستال السياحي 1,investment,LY-INV-RES-NAT-00005,منتجع رويال السياحي,124.7,0.865,nearby,parent_child_relationship,retain_both_link_project_and_facility,medium,Cross-layer candidate; centroid/proximity never used alone for deletion.
tripoliRestaurants,LY-FNB-RES-TRI-00022,VIA MERCATO LY,tripoliCafes,LY-FNB-CAF-TRI-00363,VIA MERCATO LY,0.0,1.0,nearby,related_but_distinct,retain_both_verify_shared_venue,medium,Cross-layer candidate; centroid/proximity never used alone for deletion.
tripoliRestaurants,LY-FNB-RES-TRI-00032,أيلا كافي,tripoliCafes,LY-FNB-CAF-TRI-00003,إيّلا كافي,0.0,0.941,nearby,related_but_distinct,retain_both_verify_shared_venue,medium,Cross-layer candidate; centroid/proximity never used alone for deletion.
tripoliRestaurants,LY-FNB-RES-TRI-00075,شيزي زياد فرع زناتة,tripoliCafes,LY-FNB-CAF-TRI-00225,شيش زياد فرع زناتة,7.7,0.903,nearby,related_but_distinct,retain_both_verify_shared_venue,medium,Cross-layer candidate; centroid/proximity never used alone for deletion.
