action_id,feature_id,layer_id,name_ar,city_ar,municipality_ar,priority,review_reason_codes,field_or_issue,current_value,required_value,required_action,evidence_available,source_reference,collection_method,verification_method,responsible_entity_required,supporting_entities,deadline_category,publication_impact,status,notes
ACT-00548,LY-INV-REV-GHA-00001,investment,Hotel bab al fatah,غدامس,غدامس,P1,classification_review|license_review|investment_legal_review|investment_financial_review|ownership_review|infrastructure_review,Multiple reasons,review_required,verified official value or documented not_available,institutional verification of flagged fields,true,data/incoming/tourism-investment-projects.kml,authoritative registry or direct verification,"official document, registry entry, or authorized written confirmation",إدارة الاستثمار,وزارة السياحة؛ البلدية؛ الجهة المالكة حسب الاختصاص,immediate,blocking,open,"Entity is required for completion, not asserted as the current source."
ACT-00549,LY-INV-REV-SHA-00001,investment,بيوت الشباب,شحات,شحات,P1,classification_review|license_review|investment_legal_review|investment_financial_review|ownership_review|infrastructure_review,Multiple reasons,review_required,verified official value or documented not_available,institutional verification of flagged fields,true,data/incoming/tourism-investment-projects.kml,authoritative registry or direct verification,"official document, registry entry, or authorized written confirmation",إدارة الاستثمار,وزارة السياحة؛ البلدية؛ الجهة المالكة حسب الاختصاص,immediate,blocking,open,"Entity is required for completion, not asserted as the current source."
ACT-00550,LY-INV-REV-GHA-00002,investment,بيوت شباب غدامس,غدامس,غدامس,P1,classification_review|license_review|investment_legal_review|investment_financial_review|ownership_review|infrastructure_review,Multiple reasons,review_required,verified official value or documented not_available,institutional verification of flagged fields,true,data/incoming/tourism-investment-projects.kml,authoritative registry or direct verification,"official document, registry entry, or authorized written confirmation",إدارة الاستثمار,وزارة السياحة؛ البلدية؛ الجهة المالكة حسب الاختصاص,immediate,blocking,open,"Entity is required for completion, not asserted as the current source."
ACT-00551,LY-INV-REV-TRI-00001,investment,نزل طرابلس الحديث,طرابلس,طرابلس,P1,classification_review|license_review|investment_legal_review|investment_financial_review|ownership_review|infrastructure_review,Multiple reasons,review_required,verified official value or documented not_available,institutional verification of flagged fields,true,data/incoming/tourism-investment-projects.kml,authoritative registry or direct verification,"official document, registry entry, or authorized written confirmation",إدارة الاستثمار,وزارة السياحة؛ البلدية؛ الجهة المالكة حسب الاختصاص,immediate,blocking,open,"Entity is required for completion, not asserted as the current source."
ACT-00552,LY-INV-REV-NAT-00001,investment,القرية السياحية قاريونس,,,P1,classification_review|license_review|investment_legal_review|investment_financial_review|ownership_review|infrastructure_review,Multiple reasons,review_required,verified official value or documented not_available,institutional verification of flagged fields,true,data/incoming/tourism-investment-projects.kml,authoritative registry or direct verification,"official document, registry entry, or authorized written confirmation",إدارة الاستثمار,وزارة السياحة؛ البلدية؛ الجهة المالكة حسب الاختصاص,immediate,blocking,open,"Entity is required for completion, not asserted as the current source."
ACT-00553,LY-INV-REV-NAT-00002,investment,نزل المدينة,,,P1,classification_review|license_review|investment_legal_review|investment_financial_review|ownership_review|infrastructure_review,Multiple reasons,review_required,verified official value or documented not_available,institutional verification of flagged fields,true,data/incoming/tourism-investment-projects.kml,authoritative registry or direct verification,"official document, registry entry, or authorized written confirmation",إدارة الاستثمار,وزارة السياحة؛ البلدية؛ الجهة المالكة حسب الاختصاص,immediate,blocking,open,"Entity is required for completion, not asserted as the current source."
ACT-00554,LY-INV-REV-NAT-00003,investment,نزل أمباي,,,P1,classification_review|license_review|investment_legal_review|investment_financial_review|ownership_review|infrastructure_review,Multiple reasons,review_required,verified official value or documented not_available,institutional verification of flagged fields,true,data/incoming/tourism-investment-projects.kml,authoritative registry or direct verification,"official document, registry entry, or authorized written confirmation",إدارة الاستثمار,وزارة السياحة؛ البلدية؛ الجهة المالكة حسب الاختصاص,immediate,blocking,open,"Entity is required for completion, not asserted as the current source."
ACT-00555,LY-INV-REV-NAT-00004,investment,نزل بيروت,,,P1,classification_review|license_review|investment_legal_review|investment_financial_review|ownership_review|infrastructure_review,Multiple reasons,review_required,verified official value or documented not_available,institutional verification of flagged fields,true,data/incoming/tourism-investment-projects.kml,authoritative registry or direct verification,"official document, registry entry, or authorized written confirmation",إدارة الاستثمار,وزارة السياحة؛ البلدية؛ الجهة المالكة حسب الاختصاص,immediate,blocking,open,"Entity is required for completion, not asserted as the current source."
ACT-00556,LY-INV-REV-NAT-00005,investment,نزل مرحبا,,,P1,classification_review|license_review|investment_legal_review|investment_financial_review|ownership_review|infrastructure_review,Multiple reasons,review_required,verified official value or documented not_available,institutional verification of flagged fields,true,data/incoming/tourism-investment-projects.kml,authoritative registry or direct verification,"official document, registry entry, or authorized written confirmation",إدارة الاستثمار,وزارة السياحة؛ البلدية؛ الجهة المالكة حسب الاختصاص,immediate,blocking,open,"Entity is required for completion, not asserted as the current source."
ACT-00557,LY-INV-REV-TRI-00003,investment,نزل كيلو بتراء,طرابلس,طرابلس,P1,classification_review|license_review|investment_legal_review|investment_financial_review|ownership_review|infrastructure_review,Multiple reasons,review_required,verified official value or documented not_available,institutional verification of flagged fields,true,data/incoming/tourism-investment-projects.kml,authoritative registry or direct verification,"official document, registry entry, or authorized written confirmation",إدارة الاستثمار,وزارة السياحة؛ البلدية؛ الجهة المالكة حسب الاختصاص,immediate,blocking,open,"Entity is required for completion, not asserted as the current source."
ACT-00558,LY-INV-REV-NAT-00006,investment,الفتح,,,P1,classification_review|license_review|investment_legal_review|investment_financial_review|ownership_review|infrastructure_review,Multiple reasons,review_required,verified official value or documented not_available,institutional verification of flagged fields,true,data/incoming/tourism-investment-projects.kml,authoritative registry or direct verification,"official document, registry entry, or authorized written confirmation",إدارة الاستثمار,وزارة السياحة؛ البلدية؛ الجهة المالكة حسب الاختصاص,immediate,blocking,open,"Entity is required for completion, not asserted as the current source."
ACT-00559,LY-INV-REV-NAT-00007,investment,Hotel Haroun 2,,,P1,classification_review|license_review|investment_legal_review|investment_financial_review|ownership_review|infrastructure_review,Multiple reasons,review_required,verified official value or documented not_available,institutional verification of flagged fields,true,data/incoming/tourism-investment-projects.kml,authoritative registry or direct verification,"official document, registry entry, or authorized written confirmation",إدارة الاستثمار,وزارة السياحة؛ البلدية؛ الجهة المالكة حسب الاختصاص,immediate,blocking,open,"Entity is required for completion, not asserted as the current source."
ACT-00560,LY-INV-REV-NAT-00008,investment,زهرة الشمس,,,P1,classification_review|license_review|investment_legal_review|investment_financial_review|ownership_review|infrastructure_review,Multiple reasons,review_required,verified official value or documented not_available,institutional verification of flagged fields,true,data/incoming/tourism-investment-projects.kml,authoritative registry or direct verification,"official document, registry entry, or authorized written confirmation",إدارة الاستثمار,وزارة السياحة؛ البلدية؛ الجهة المالكة حسب الاختصاص,immediate,blocking,open,"Entity is required for completion, not asserted as the current source."
ACT-00561,LY-INV-REV-TRI-00004,investment,الحبايب,طرابلس,طرابلس,P1,classification_review|license_review|investment_legal_review|investment_financial_review|ownership_review|infrastructure_review,Multiple reasons,review_required,verified official value or documented not_available,institutional verification of flagged fields,true,data/incoming/tourism-investment-projects.kml,authoritative registry or direct verification,"official document, registry entry, or authorized written confirmation",إدارة الاستثمار,وزارة السياحة؛ البلدية؛ الجهة المالكة حسب الاختصاص,immediate,blocking,open,"Entity is required for completion, not asserted as the current source."
ACT-00562,LY-INV-REV-TRI-00005,investment,الفخامه للشقق المفروشه,طرابلس,طرابلس,P1,classification_review|license_review|investment_legal_review|investment_financial_review|ownership_review|infrastructure_review,Multiple reasons,review_required,verified official value or documented not_available,institutional verification of flagged fields,true,data/incoming/tourism-investment-projects.kml,authoritative registry or direct verification,"official document, registry entry, or authorized written confirmation",إدارة الاستثمار,وزارة السياحة؛ البلدية؛ الجهة المالكة حسب الاختصاص,immediate,blocking,open,"Entity is required for completion, not asserted as the current source."
ACT-00563,LY-INV-REV-NAT-00009,investment,اوس لشقق المفروشه,,,P1,classification_review|license_review|investment_legal_review|investment_financial_review|ownership_review|infrastructure_review,Multiple reasons,review_required,verified official value or documented not_available,institutional verification of flagged fields,true,data/incoming/tourism-investment-projects.kml,authoritative registry or direct verification,"official document, registry entry, or authorized written confirmation",إدارة الاستثمار,وزارة السياحة؛ البلدية؛ الجهة المالكة حسب الاختصاص,immediate,blocking,open,"Entity is required for completion, not asserted as the current source."
ACT-00564,LY-INV-REV-NAT-00010,investment,نزل وقاعة زهرة الخليج,,,P1,classification_review|license_review|investment_legal_review|investment_financial_review|ownership_review|infrastructure_review,Multiple reasons,review_required,verified official value or documented not_available,institutional verification of flagged fields,true,data/incoming/tourism-investment-projects.kml,authoritative registry or direct verification,"official document, registry entry, or authorized written confirmation",إدارة الاستثمار,وزارة السياحة؛ البلدية؛ الجهة المالكة حسب الاختصاص,immediate,blocking,open,"Entity is required for completion, not asserted as the current source."
ACT-00565,LY-INV-REV-NAT-00011,investment,أبوزاهية,,,P1,classification_review|license_review|investment_legal_review|investment_financial_review|ownership_review|infrastructure_review,Multiple reasons,review_required,verified official value or documented not_available,institutional verification of flagged fields,true,data/incoming/tourism-investment-projects.kml,authoritative registry or direct verification,"official document, registry entry, or authorized written confirmation",إدارة الاستثمار,وزارة السياحة؛ البلدية؛ الجهة المالكة حسب الاختصاص,immediate,blocking,open,"Entity is required for completion, not asserted as the current source."
ACT-00566,LY-INV-REV-NAT-00012,investment,زعفران,,,P1,classification_review|license_review|investment_legal_review|investment_financial_review|ownership_review|infrastructure_review,Multiple reasons,review_required,verified official value or documented not_available,institutional verification of flagged fields,true,data/incoming/tourism-investment-projects.kml,authoritative registry or direct verification,"official document, registry entry, or authorized written confirmation",إدارة الاستثمار,وزارة السياحة؛ البلدية؛ الجهة المالكة حسب الاختصاص,immediate,blocking,open,"Entity is required for completion, not asserted as the current source."
ACT-00567,LY-INV-REV-NAT-00013,investment,القبيبة,,,P1,classification_review|license_review|investment_legal_review|investment_financial_review|ownership_review|infrastructure_review,Multiple reasons,review_required,verified official value or documented not_available,institutional verification of flagged fields,true,data/incoming/tourism-investment-projects.kml,authoritative registry or direct verification,"official document, registry entry, or authorized written confirmation",إدارة الاستثمار,وزارة السياحة؛ البلدية؛ الجهة المالكة حسب الاختصاص,immediate,blocking,open,"Entity is required for completion, not asserted as the current source."
ACT-00568,LY-INV-REV-NAT-00014,investment,سلطان,,,P1,classification_review|license_review|investment_legal_review|investment_financial_review|ownership_review|infrastructure_review,Multiple reasons,review_required,verified official value or documented not_available,institutional verification of flagged fields,true,data/incoming/tourism-investment-projects.kml,authoritative registry or direct verification,"official document, registry entry, or authorized written confirmation",إدارة الاستثمار,وزارة السياحة؛ البلدية؛ الجهة المالكة حسب الاختصاص,immediate,blocking,open,"Entity is required for completion, not asserted as the current source."
ACT-00569,LY-INV-REV-NAT-00015,investment,النقازة,,,P1,classification_review|license_review|investment_legal_review|investment_financial_review|ownership_review|infrastructure_review,Multiple reasons,review_required,verified official value or documented not_available,institutional verification of flagged fields,true,data/incoming/tourism-investment-projects.kml,authoritative registry or direct verification,"official document, registry entry, or authorized written confirmation",إدارة الاستثمار,وزارة السياحة؛ البلدية؛ الجهة المالكة حسب الاختصاص,immediate,blocking,open,"Entity is required for completion, not asserted as the current source."
ACT-00570,LY-INV-REV-NAT-00016,investment,غنيمة,,,P1,classification_review|license_review|investment_legal_review|investment_financial_review|ownership_review|infrastructure_review,Multiple reasons,review_required,verified official value or documented not_available,institutional verification of flagged fields,true,data/incoming/tourism-investment-projects.kml,authoritative registry or direct verification,"official document, registry entry, or authorized written confirmation",إدارة الاستثمار,وزارة السياحة؛ البلدية؛ الجهة المالكة حسب الاختصاص,immediate,blocking,open,"Entity is required for completion, not asserted as the current source."
ACT-00571,LY-INV-REV-NAT-00017,investment,فلفول,,,P1,classification_review|license_review|investment_legal_review|investment_financial_review|ownership_review|infrastructure_review,Multiple reasons,review_required,verified official value or documented not_available,institutional verification of flagged fields,true,data/incoming/tourism-investment-projects.kml,authoritative registry or direct verification,"official document, registry entry, or authorized written confirmation",إدارة الاستثمار,وزارة السياحة؛ البلدية؛ الجهة المالكة حسب الاختصاص,immediate,blocking,open,"Entity is required for completion, not asserted as the current source."
ACT-00572,LY-INV-REV-NAT-00018,investment,فيللا سيلين,,,P1,classification_review|license_review|investment_legal_review|investment_financial_review|ownership_review|infrastructure_review,Multiple reasons,review_required,verified official value or documented not_available,institutional verification of flagged fields,true,data/incoming/tourism-investment-projects.kml,authoritative registry or direct verification,"official document, registry entry, or authorized written confirmation",إدارة الاستثمار,وزارة السياحة؛ البلدية؛ الجهة المالكة حسب الاختصاص,immediate,blocking,open,"Entity is required for completion, not asserted as the current source."
ACT-00573,LY-INV-REV-NAT-00019,investment,قريم,,,P1,classification_review|license_review|investment_legal_review|investment_financial_review|ownership_review|infrastructure_review,Multiple reasons,review_required,verified official value or documented not_available,institutional verification of flagged fields,true,data/incoming/tourism-investment-projects.kml,authoritative registry or direct verification,"official document, registry entry, or authorized written confirmation",إدارة الاستثمار,وزارة السياحة؛ البلدية؛ الجهة المالكة حسب الاختصاص,immediate,blocking,open,"Entity is required for completion, not asserted as the current source."
ACT-00574,LY-INV-REV-NAT-00020,investment,الطويبية,,,P1,classification_review|license_review|investment_legal_review|investment_financial_review|ownership_review|infrastructure_review,Multiple reasons,review_required,verified official value or documented not_available,institutional verification of flagged fields,true,data/incoming/tourism-investment-projects.kml,authoritative registry or direct verification,"official document, registry entry, or authorized written confirmation",إدارة الاستثمار,وزارة السياحة؛ البلدية؛ الجهة المالكة حسب الاختصاص,immediate,blocking,open,"Entity is required for completion, not asserted as the current source."
ACT-00575,LY-INV-REV-NAT-00021,investment,هانيبال,,,P1,classification_review|license_review|investment_legal_review|investment_financial_review|ownership_review|infrastructure_review,Multiple reasons,review_required,verified official value or documented not_available,institutional verification of flagged fields,true,data/incoming/tourism-investment-projects.kml,authoritative registry or direct verification,"official document, registry entry, or authorized written confirmation",إدارة الاستثمار,وزارة السياحة؛ البلدية؛ الجهة المالكة حسب الاختصاص,immediate,blocking,open,"Entity is required for completion, not asserted as the current source."
ACT-00576,LY-INV-REV-NAT-00022,investment,ماتشوك,,,P1,classification_review|license_review|investment_legal_review|investment_financial_review|ownership_review|infrastructure_review,Multiple reasons,review_required,verified official value or documented not_available,institutional verification of flagged fields,true,data/incoming/tourism-investment-projects.kml,authoritative registry or direct verification,"official document, registry entry, or authorized written confirmation",إدارة الاستثمار,وزارة السياحة؛ البلدية؛ الجهة المالكة حسب الاختصاص,immediate,blocking,open,"Entity is required for completion, not asserted as the current source."
ACT-00577,LY-INV-REV-NAT-00023,investment,ملليتة-2,,,P1,classification_review|license_review|investment_legal_review|investment_financial_review|ownership_review|infrastructure_review,Multiple reasons,review_required,verified official value or documented not_available,institutional verification of flagged fields,true,data/incoming/tourism-investment-projects.kml,authoritative registry or direct verification,"official document, registry entry, or authorized written confirmation",إدارة الاستثمار,وزارة السياحة؛ البلدية؛ الجهة المالكة حسب الاختصاص,immediate,blocking,open,"Entity is required for completion, not asserted as the current source."
ACT-00578,LY-INV-REV-NAT-00024,investment,ملليتة-1,,,P1,classification_review|license_review|investment_legal_review|investment_financial_review|ownership_review|infrastructure_review,Multiple reasons,review_required,verified official value or documented not_available,institutional verification of flagged fields,true,data/incoming/tourism-investment-projects.kml,authoritative registry or direct verification,"official document, registry entry, or authorized written confirmation",إدارة الاستثمار,وزارة السياحة؛ البلدية؛ الجهة المالكة حسب الاختصاص,immediate,blocking,open,"Entity is required for completion, not asserted as the current source."
ACT-00579,LY-INV-REV-NAT-00025,investment,تلليل-غرب,,,P1,classification_review|license_review|investment_legal_review|investment_financial_review|ownership_review|infrastructure_review,Multiple reasons,review_required,verified official value or documented not_available,institutional verification of flagged fields,true,data/incoming/tourism-investment-projects.kml,authoritative registry or direct verification,"official document, registry entry, or authorized written confirmation",إدارة الاستثمار,وزارة السياحة؛ البلدية؛ الجهة المالكة حسب الاختصاص,immediate,blocking,open,"Entity is required for completion, not asserted as the current source."
ACT-00580,LY-INV-REV-NAT-00026,investment,تلليل-شرق,,,P1,classification_review|license_review|investment_legal_review|investment_financial_review|ownership_review|infrastructure_review,Multiple reasons,review_required,verified official value or documented not_available,institutional verification of flagged fields,true,data/incoming/tourism-investment-projects.kml,authoritative registry or direct verification,"official document, registry entry, or authorized written confirmation",إدارة الاستثمار,وزارة السياحة؛ البلدية؛ الجهة المالكة حسب الاختصاص,immediate,blocking,open,"Entity is required for completion, not asserted as the current source."
ACT-00581,LY-INV-REV-NAT-00027,investment,الجرف,,,P1,classification_review|license_review|investment_legal_review|investment_financial_review|ownership_review|infrastructure_review,Multiple reasons,review_required,verified official value or documented not_available,institutional verification of flagged fields,true,data/incoming/tourism-investment-projects.kml,authoritative registry or direct verification,"official document, registry entry, or authorized written confirmation",إدارة الاستثمار,وزارة السياحة؛ البلدية؛ الجهة المالكة حسب الاختصاص,immediate,blocking,open,"Entity is required for completion, not asserted as the current source."
ACT-00582,LY-INV-REV-NAT-00028,investment,صرمان,,,P1,classification_review|license_review|investment_legal_review|investment_financial_review|ownership_review|infrastructure_review,Multiple reasons,review_required,verified official value or documented not_available,institutional verification of flagged fields,true,data/incoming/tourism-investment-projects.kml,authoritative registry or direct verification,"official document, registry entry, or authorized written confirmation",إدارة الاستثمار,وزارة السياحة؛ البلدية؛ الجهة المالكة حسب الاختصاص,immediate,blocking,open,"Entity is required for completion, not asserted as the current source."
ACT-00583,LY-INV-REV-NAT-00029,investment,المطرد,,,P1,classification_review|license_review|investment_legal_review|investment_financial_review|ownership_review|infrastructure_review,Multiple reasons,review_required,verified official value or documented not_available,institutional verification of flagged fields,true,data/incoming/tourism-investment-projects.kml,authoritative registry or direct verification,"official document, registry entry, or authorized written confirmation",إدارة الاستثمار,وزارة السياحة؛ البلدية؛ الجهة المالكة حسب الاختصاص,immediate,blocking,open,"Entity is required for completion, not asserted as the current source."
ACT-00584,LY-INV-REV-NAT-00030,investment,السياحية,,,P1,classification_review|license_review|investment_legal_review|investment_financial_review|ownership_review|infrastructure_review,Multiple reasons,review_required,verified official value or documented not_available,institutional verification of flagged fields,true,data/incoming/tourism-investment-projects.kml,authoritative registry or direct verification,"official document, registry entry, or authorized written confirmation",إدارة الاستثمار,وزارة السياحة؛ البلدية؛ الجهة المالكة حسب الاختصاص,immediate,blocking,open,"Entity is required for completion, not asserted as the current source."
ACT-00585,LY-INV-REV-NAT-00031,investment,أوياء,,,P1,classification_review|license_review|investment_legal_review|investment_financial_review|ownership_review|infrastructure_review,Multiple reasons,review_required,verified official value or documented not_available,institutional verification of flagged fields,true,data/incoming/tourism-investment-projects.kml,authoritative registry or direct verification,"official document, registry entry, or authorized written confirmation",إدارة الاستثمار,وزارة السياحة؛ البلدية؛ الجهة المالكة حسب الاختصاص,immediate,blocking,open,"Entity is required for completion, not asserted as the current source."
ACT-00586,LY-INV-REV-NAT-00032,investment,جنزور-1,,,P1,classification_review|license_review|investment_legal_review|investment_financial_review|ownership_review|infrastructure_review,Multiple reasons,review_required,verified official value or documented not_available,institutional verification of flagged fields,true,data/incoming/tourism-investment-projects.kml,authoritative registry or direct verification,"official document, registry entry, or authorized written confirmation",إدارة الاستثمار,وزارة السياحة؛ البلدية؛ الجهة المالكة حسب الاختصاص,immediate,blocking,open,"Entity is required for completion, not asserted as the current source."
ACT-00587,LY-INV-REV-NAT-00033,investment,جنزور-2,,,P1,classification_review|license_review|investment_legal_review|investment_financial_review|ownership_review|infrastructure_review,Multiple reasons,review_required,verified official value or documented not_available,institutional verification of flagged fields,true,data/incoming/tourism-investment-projects.kml,authoritative registry or direct verification,"official document, registry entry, or authorized written confirmation",إدارة الاستثمار,وزارة السياحة؛ البلدية؛ الجهة المالكة حسب الاختصاص,immediate,blocking,open,"Entity is required for completion, not asserted as the current source."
ACT-00588,LY-INV-REV-NAT-00034,investment,جنزور-3,,,P1,classification_review|license_review|investment_legal_review|investment_financial_review|ownership_review|infrastructure_review,Multiple reasons,review_required,verified official value or documented not_available,institutional verification of flagged fields,true,data/incoming/tourism-investment-projects.kml,authoritative registry or direct verification,"official document, registry entry, or authorized written confirmation",إدارة الاستثمار,وزارة السياحة؛ البلدية؛ الجهة المالكة حسب الاختصاص,immediate,blocking,open,"Entity is required for completion, not asserted as the current source."
ACT-00589,LY-INV-REV-NAT-00035,investment,سيدي عبدالجليل-1,,,P1,classification_review|license_review|investment_legal_review|investment_financial_review|ownership_review|infrastructure_review,Multiple reasons,review_required,verified official value or documented not_available,institutional verification of flagged fields,true,data/incoming/tourism-investment-projects.kml,authoritative registry or direct verification,"official document, registry entry, or authorized written confirmation",إدارة الاستثمار,وزارة السياحة؛ البلدية؛ الجهة المالكة حسب الاختصاص,immediate,blocking,open,"Entity is required for completion, not asserted as the current source."
ACT-00590,LY-INV-REV-NAT-00036,investment,سيدي عبدالجليل-2,,,P1,classification_review|license_review|investment_legal_review|investment_financial_review|ownership_review|infrastructure_review,Multiple reasons,review_required,verified official value or documented not_available,institutional verification of flagged fields,true,data/incoming/tourism-investment-projects.kml,authoritative registry or direct verification,"official document, registry entry, or authorized written confirmation",إدارة الاستثمار,وزارة السياحة؛ البلدية؛ الجهة المالكة حسب الاختصاص,immediate,blocking,open,"Entity is required for completion, not asserted as the current source."
ACT-00591,LY-INV-REV-NAT-00037,investment,سيدي عبدالجليل-3,,,P1,classification_review|license_review|investment_legal_review|investment_financial_review|ownership_review|infrastructure_review,Multiple reasons,review_required,verified official value or documented not_available,institutional verification of flagged fields,true,data/incoming/tourism-investment-projects.kml,authoritative registry or direct verification,"official document, registry entry, or authorized written confirmation",إدارة الاستثمار,وزارة السياحة؛ البلدية؛ الجهة المالكة حسب الاختصاص,immediate,blocking,open,"Entity is required for completion, not asserted as the current source."
ACT-00592,LY-INV-REV-NAT-00038,investment,سيدي عبدالجليل-4,,,P1,classification_review|license_review|investment_legal_review|investment_financial_review|ownership_review|infrastructure_review,Multiple reasons,review_required,verified official value or documented not_available,institutional verification of flagged fields,true,data/incoming/tourism-investment-projects.kml,authoritative registry or direct verification,"official document, registry entry, or authorized written confirmation",إدارة الاستثمار,وزارة السياحة؛ البلدية؛ الجهة المالكة حسب الاختصاص,immediate,blocking,open,"Entity is required for completion, not asserted as the current source."
ACT-00593,LY-INV-REV-NAT-00039,investment,سيدي عبدالجليل-5,,,P1,classification_review|license_review|investment_legal_review|investment_financial_review|ownership_review|infrastructure_review,Multiple reasons,review_required,verified official value or documented not_available,institutional verification of flagged fields,true,data/incoming/tourism-investment-projects.kml,authoritative registry or direct verification,"official document, registry entry, or authorized written confirmation",إدارة الاستثمار,وزارة السياحة؛ البلدية؛ الجهة المالكة حسب الاختصاص,immediate,blocking,open,"Entity is required for completion, not asserted as the current source."
ACT-00594,LY-INV-REV-NAT-00040,investment,سيدي عبدالجليل-6,,,P1,classification_review|license_review|investment_legal_review|investment_financial_review|ownership_review|infrastructure_review,Multiple reasons,review_required,verified official value or documented not_available,institutional verification of flagged fields,true,data/incoming/tourism-investment-projects.kml,authoritative registry or direct verification,"official document, registry entry, or authorized written confirmation",إدارة الاستثمار,وزارة السياحة؛ البلدية؛ الجهة المالكة حسب الاختصاص,immediate,blocking,open,"Entity is required for completion, not asserted as the current source."
ACT-00595,LY-INV-REV-TRI-00006,investment,محطة غرب طرابلس,طرابلس,طرابلس,P1,classification_review|license_review|investment_legal_review|investment_financial_review|ownership_review|infrastructure_review,Multiple reasons,review_required,verified official value or documented not_available,institutional verification of flagged fields,true,data/incoming/tourism-investment-projects.kml,authoritative registry or direct verification,"official document, registry entry, or authorized written confirmation",إدارة الاستثمار,وزارة السياحة؛ البلدية؛ الجهة المالكة حسب الاختصاص,immediate,blocking,open,"Entity is required for completion, not asserted as the current source."
ACT-00596,LY-INV-REV-NAT-00041,investment,مصيف جربة,,,P1,classification_review|license_review|investment_legal_review|investment_financial_review|ownership_review|infrastructure_review,Multiple reasons,review_required,verified official value or documented not_available,institutional verification of flagged fields,true,data/incoming/tourism-investment-projects.kml,authoritative registry or direct verification,"official document, registry entry, or authorized written confirmation",إدارة الاستثمار,وزارة السياحة؛ البلدية؛ الجهة المالكة حسب الاختصاص,immediate,blocking,open,"Entity is required for completion, not asserted as the current source."
ACT-00597,LY-INV-REV-NAT-00042,investment,مصيف جنزور-1,,,P1,classification_review|license_review|investment_legal_review|investment_financial_review|ownership_review|infrastructure_review,Multiple reasons,review_required,verified official value or documented not_available,institutional verification of flagged fields,true,data/incoming/tourism-investment-projects.kml,authoritative registry or direct verification,"official document, registry entry, or authorized written confirmation",إدارة الاستثمار,وزارة السياحة؛ البلدية؛ الجهة المالكة حسب الاختصاص,immediate,blocking,open,"Entity is required for completion, not asserted as the current source."
ACT-00598,LY-INV-REV-NAT-00043,investment,مصيف جنزور-2,,,P1,classification_review|license_review|investment_legal_review|investment_financial_review|ownership_review|infrastructure_review,Multiple reasons,review_required,verified official value or documented not_available,institutional verification of flagged fields,true,data/incoming/tourism-investment-projects.kml,authoritative registry or direct verification,"official document, registry entry, or authorized written confirmation",إدارة الاستثمار,وزارة السياحة؛ البلدية؛ الجهة المالكة حسب الاختصاص,immediate,blocking,open,"Entity is required for completion, not asserted as the current source."
ACT-00599,LY-INV-REV-NAT-00044,investment,الغيران,,,P1,classification_review|license_review|investment_legal_review|investment_financial_review|ownership_review|infrastructure_review,Multiple reasons,review_required,verified official value or documented not_available,institutional verification of flagged fields,true,data/incoming/tourism-investment-projects.kml,authoritative registry or direct verification,"official document, registry entry, or authorized written confirmation",إدارة الاستثمار,وزارة السياحة؛ البلدية؛ الجهة المالكة حسب الاختصاص,immediate,blocking,open,"Entity is required for completion, not asserted as the current source."
ACT-00600,LY-INV-REV-NAT-00045,investment,حي الأندلس-2,,,P1,classification_review|license_review|investment_legal_review|investment_financial_review|ownership_review|infrastructure_review,Multiple reasons,review_required,verified official value or documented not_available,institutional verification of flagged fields,true,data/incoming/tourism-investment-projects.kml,authoritative registry or direct verification,"official document, registry entry, or authorized written confirmation",إدارة الاستثمار,وزارة السياحة؛ البلدية؛ الجهة المالكة حسب الاختصاص,immediate,blocking,open,"Entity is required for completion, not asserted as the current source."
ACT-00601,LY-INV-REV-NAT-00046,investment,حي الأندلس-1,,,P1,classification_review|license_review|investment_legal_review|investment_financial_review|ownership_review|infrastructure_review,Multiple reasons,review_required,verified official value or documented not_available,institutional verification of flagged fields,true,data/incoming/tourism-investment-projects.kml,authoritative registry or direct verification,"official document, registry entry, or authorized written confirmation",إدارة الاستثمار,وزارة السياحة؛ البلدية؛ الجهة المالكة حسب الاختصاص,immediate,blocking,open,"Entity is required for completion, not asserted as the current source."
ACT-00602,LY-INV-REV-NAT-00047,investment,الدلفين,,,P1,classification_review|license_review|investment_legal_review|investment_financial_review|ownership_review|infrastructure_review,Multiple reasons,review_required,verified official value or documented not_available,institutional verification of flagged fields,true,data/incoming/tourism-investment-projects.kml,authoritative registry or direct verification,"official document, registry entry, or authorized written confirmation",إدارة الاستثمار,وزارة السياحة؛ البلدية؛ الجهة المالكة حسب الاختصاص,immediate,blocking,open,"Entity is required for completion, not asserted as the current source."
ACT-00603,LY-INV-REV-NAT-00048,investment,النادي البحري,,,P1,classification_review|license_review|investment_legal_review|investment_financial_review|ownership_review|infrastructure_review,Multiple reasons,review_required,verified official value or documented not_available,institutional verification of flagged fields,true,data/incoming/tourism-investment-projects.kml,authoritative registry or direct verification,"official document, registry entry, or authorized written confirmation",إدارة الاستثمار,وزارة السياحة؛ البلدية؛ الجهة المالكة حسب الاختصاص,immediate,blocking,open,"Entity is required for completion, not asserted as the current source."
ACT-00604,LY-INV-REV-NAT-00049,investment,شاطيء النخيل,,,P1,classification_review|license_review|investment_legal_review|investment_financial_review|ownership_review|infrastructure_review,Multiple reasons,review_required,verified official value or documented not_available,institutional verification of flagged fields,true,data/incoming/tourism-investment-projects.kml,authoritative registry or direct verification,"official document, registry entry, or authorized written confirmation",إدارة الاستثمار,وزارة السياحة؛ البلدية؛ الجهة المالكة حسب الاختصاص,immediate,blocking,open,"Entity is required for completion, not asserted as the current source."
ACT-00605,LY-INV-REV-NAT-00050,investment,الدخلة الشمالية,,,P1,classification_review|license_review|investment_legal_review|investment_financial_review|ownership_review|infrastructure_review,Multiple reasons,review_required,verified official value or documented not_available,institutional verification of flagged fields,true,data/incoming/tourism-investment-projects.kml,authoritative registry or direct verification,"official document, registry entry, or authorized written confirmation",إدارة الاستثمار,وزارة السياحة؛ البلدية؛ الجهة المالكة حسب الاختصاص,immediate,blocking,open,"Entity is required for completion, not asserted as the current source."
ACT-00606,LY-INV-REV-NAT-00051,investment,الدخلة الجنوبية,,,P1,classification_review|license_review|investment_legal_review|investment_financial_review|ownership_review|infrastructure_review,Multiple reasons,review_required,verified official value or documented not_available,institutional verification of flagged fields,true,data/incoming/tourism-investment-projects.kml,authoritative registry or direct verification,"official document, registry entry, or authorized written confirmation",إدارة الاستثمار,وزارة السياحة؛ البلدية؛ الجهة المالكة حسب الاختصاص,immediate,blocking,open,"Entity is required for completion, not asserted as the current source."
ACT-00607,LY-INV-REV-NAT-00052,investment,الفوار,,,P1,classification_review|license_review|investment_legal_review|investment_financial_review|ownership_review|infrastructure_review,Multiple reasons,review_required,verified official value or documented not_available,institutional verification of flagged fields,true,data/incoming/tourism-investment-projects.kml,authoritative registry or direct verification,"official document, registry entry, or authorized written confirmation",إدارة الاستثمار,وزارة السياحة؛ البلدية؛ الجهة المالكة حسب الاختصاص,immediate,blocking,open,"Entity is required for completion, not asserted as the current source."
ACT-00608,LY-INV-REV-NAT-00053,investment,الجولف,,,P1,classification_review|license_review|investment_legal_review|investment_financial_review|ownership_review|infrastructure_review,Multiple reasons,review_required,verified official value or documented not_available,institutional verification of flagged fields,true,data/incoming/tourism-investment-projects.kml,authoritative registry or direct verification,"official document, registry entry, or authorized written confirmation",إدارة الاستثمار,وزارة السياحة؛ البلدية؛ الجهة المالكة حسب الاختصاص,immediate,blocking,open,"Entity is required for completion, not asserted as the current source."
ACT-00609,LY-INV-REV-NAT-00054,investment,الحرية,,,P1,classification_review|license_review|investment_legal_review|investment_financial_review|ownership_review|infrastructure_review,Multiple reasons,review_required,verified official value or documented not_available,institutional verification of flagged fields,true,data/incoming/tourism-investment-projects.kml,authoritative registry or direct verification,"official document, registry entry, or authorized written confirmation",إدارة الاستثمار,وزارة السياحة؛ البلدية؛ الجهة المالكة حسب الاختصاص,immediate,blocking,open,"Entity is required for completion, not asserted as the current source."
ACT-00610,LY-INV-REV-NAT-00055,investment,المنارة,,,P1,classification_review|license_review|investment_legal_review|investment_financial_review|ownership_review|infrastructure_review,Multiple reasons,review_required,verified official value or documented not_available,institutional verification of flagged fields,true,data/incoming/tourism-investment-projects.kml,authoritative registry or direct verification,"official document, registry entry, or authorized written confirmation",إدارة الاستثمار,وزارة السياحة؛ البلدية؛ الجهة المالكة حسب الاختصاص,immediate,blocking,open,"Entity is required for completion, not asserted as the current source."
ACT-00611,LY-INV-REV-NAT-00056,investment,الحميدية,,,P1,classification_review|license_review|investment_legal_review|investment_financial_review|ownership_review|infrastructure_review,Multiple reasons,review_required,verified official value or documented not_available,institutional verification of flagged fields,true,data/incoming/tourism-investment-projects.kml,authoritative registry or direct verification,"official document, registry entry, or authorized written confirmation",إدارة الاستثمار,وزارة السياحة؛ البلدية؛ الجهة المالكة حسب الاختصاص,immediate,blocking,open,"Entity is required for completion, not asserted as the current source."
ACT-00612,LY-INV-REV-NAT-00057,investment,مصيف تاجوراء,,,P1,classification_review|license_review|investment_legal_review|investment_financial_review|ownership_review|infrastructure_review,Multiple reasons,review_required,verified official value or documented not_available,institutional verification of flagged fields,true,data/incoming/tourism-investment-projects.kml,authoritative registry or direct verification,"official document, registry entry, or authorized written confirmation",إدارة الاستثمار,وزارة السياحة؛ البلدية؛ الجهة المالكة حسب الاختصاص,immediate,blocking,open,"Entity is required for completion, not asserted as the current source."
ACT-00613,LY-INV-REV-NAT-00058,investment,النصر,,,P1,classification_review|license_review|investment_legal_review|investment_financial_review|ownership_review|infrastructure_review,Multiple reasons,review_required,verified official value or documented not_available,institutional verification of flagged fields,true,data/incoming/tourism-investment-projects.kml,authoritative registry or direct verification,"official document, registry entry, or authorized written confirmation",إدارة الاستثمار,وزارة السياحة؛ البلدية؛ الجهة المالكة حسب الاختصاص,immediate,blocking,open,"Entity is required for completion, not asserted as the current source."
ACT-00614,LY-INV-REV-NAT-00059,investment,الأندلسي,,,P1,classification_review|license_review|investment_legal_review|investment_financial_review|ownership_review|infrastructure_review,Multiple reasons,review_required,verified official value or documented not_available,institutional verification of flagged fields,true,data/incoming/tourism-investment-projects.kml,authoritative registry or direct verification,"official document, registry entry, or authorized written confirmation",إدارة الاستثمار,وزارة السياحة؛ البلدية؛ الجهة المالكة حسب الاختصاص,immediate,blocking,open,"Entity is required for completion, not asserted as the current source."
ACT-00615,LY-INV-REV-NAT-00060,investment,النشيع,,,P1,classification_review|license_review|investment_legal_review|investment_financial_review|ownership_review|infrastructure_review,Multiple reasons,review_required,verified official value or documented not_available,institutional verification of flagged fields,true,data/incoming/tourism-investment-projects.kml,authoritative registry or direct verification,"official document, registry entry, or authorized written confirmation",إدارة الاستثمار,وزارة السياحة؛ البلدية؛ الجهة المالكة حسب الاختصاص,immediate,blocking,open,"Entity is required for completion, not asserted as the current source."
ACT-00616,LY-INV-REV-NAT-00061,investment,غوط الرمان,,,P1,classification_review|license_review|investment_legal_review|investment_financial_review|ownership_review|infrastructure_review,Multiple reasons,review_required,verified official value or documented not_available,institutional verification of flagged fields,true,data/incoming/tourism-investment-projects.kml,authoritative registry or direct verification,"official document, registry entry, or authorized written confirmation",إدارة الاستثمار,وزارة السياحة؛ البلدية؛ الجهة المالكة حسب الاختصاص,immediate,blocking,open,"Entity is required for completion, not asserted as the current source."
ACT-00617,LY-INV-REV-NAT-00062,investment,السليسلة,,,P1,classification_review|license_review|investment_legal_review|investment_financial_review|ownership_review|infrastructure_review,Multiple reasons,review_required,verified official value or documented not_available,institutional verification of flagged fields,true,data/incoming/tourism-investment-projects.kml,authoritative registry or direct verification,"official document, registry entry, or authorized written confirmation",إدارة الاستثمار,وزارة السياحة؛ البلدية؛ الجهة المالكة حسب الاختصاص,immediate,blocking,open,"Entity is required for completion, not asserted as the current source."
ACT-00618,LY-INV-REV-NAT-00063,investment,العطايا,,,P1,classification_review|license_review|investment_legal_review|investment_financial_review|ownership_review|infrastructure_review,Multiple reasons,review_required,verified official value or documented not_available,institutional verification of flagged fields,true,data/incoming/tourism-investment-projects.kml,authoritative registry or direct verification,"official document, registry entry, or authorized written confirmation",إدارة الاستثمار,وزارة السياحة؛ البلدية؛ الجهة المالكة حسب الاختصاص,immediate,blocking,open,"Entity is required for completion, not asserted as the current source."
ACT-00619,LY-INV-REV-NAT-00064,investment,الكراوة-3,,,P1,classification_review|license_review|investment_legal_review|investment_financial_review|ownership_review|infrastructure_review,Multiple reasons,review_required,verified official value or documented not_available,institutional verification of flagged fields,true,data/incoming/tourism-investment-projects.kml,authoritative registry or direct verification,"official document, registry entry, or authorized written confirmation",إدارة الاستثمار,وزارة السياحة؛ البلدية؛ الجهة المالكة حسب الاختصاص,immediate,blocking,open,"Entity is required for completion, not asserted as the current source."
ACT-00620,LY-INV-REV-NAT-00065,investment,الكراوة-1,,,P1,classification_review|license_review|investment_legal_review|investment_financial_review|ownership_review|infrastructure_review,Multiple reasons,review_required,verified official value or documented not_available,institutional verification of flagged fields,true,data/incoming/tourism-investment-projects.kml,authoritative registry or direct verification,"official document, registry entry, or authorized written confirmation",إدارة الاستثمار,وزارة السياحة؛ البلدية؛ الجهة المالكة حسب الاختصاص,immediate,blocking,open,"Entity is required for completion, not asserted as the current source."
ACT-00621,LY-INV-REV-NAT-00066,investment,الكراوة-2,,,P1,classification_review|license_review|investment_legal_review|investment_financial_review|ownership_review|infrastructure_review,Multiple reasons,review_required,verified official value or documented not_available,institutional verification of flagged fields,true,data/incoming/tourism-investment-projects.kml,authoritative registry or direct verification,"official document, registry entry, or authorized written confirmation",إدارة الاستثمار,وزارة السياحة؛ البلدية؛ الجهة المالكة حسب الاختصاص,immediate,blocking,open,"Entity is required for completion, not asserted as the current source."
ACT-00622,LY-INV-REV-NAT-00067,investment,سيدي عمير-1,,,P1,classification_review|license_review|investment_legal_review|investment_financial_review|ownership_review|infrastructure_review,Multiple reasons,review_required,verified official value or documented not_available,institutional verification of flagged fields,true,data/incoming/tourism-investment-projects.kml,authoritative registry or direct verification,"official document, registry entry, or authorized written confirmation",إدارة الاستثمار,وزارة السياحة؛ البلدية؛ الجهة المالكة حسب الاختصاص,immediate,blocking,open,"Entity is required for completion, not asserted as the current source."
ACT-00623,LY-INV-REV-NAT-00068,investment,سيدي عمير-2,,,P1,classification_review|license_review|investment_legal_review|investment_financial_review|ownership_review|infrastructure_review,Multiple reasons,review_required,verified official value or documented not_available,institutional verification of flagged fields,true,data/incoming/tourism-investment-projects.kml,authoritative registry or direct verification,"official document, registry entry, or authorized written confirmation",إدارة الاستثمار,وزارة السياحة؛ البلدية؛ الجهة المالكة حسب الاختصاص,immediate,blocking,open,"Entity is required for completion, not asserted as the current source."
ACT-00624,LY-INV-REV-NAT-00069,investment,المثلث الرملي,,,P1,classification_review|license_review|investment_legal_review|investment_financial_review|ownership_review|infrastructure_review,Multiple reasons,review_required,verified official value or documented not_available,institutional verification of flagged fields,true,data/incoming/tourism-investment-projects.kml,authoritative registry or direct verification,"official document, registry entry, or authorized written confirmation",إدارة الاستثمار,وزارة السياحة؛ البلدية؛ الجهة المالكة حسب الاختصاص,immediate,blocking,open,"Entity is required for completion, not asserted as the current source."
ACT-00625,LY-INV-REV-NAT-00070,investment,الشعاب,,,P1,classification_review|license_review|investment_legal_review|investment_financial_review|ownership_review|infrastructure_review,Multiple reasons,review_required,verified official value or documented not_available,institutional verification of flagged fields,true,data/incoming/tourism-investment-projects.kml,authoritative registry or direct verification,"official document, registry entry, or authorized written confirmation",إدارة الاستثمار,وزارة السياحة؛ البلدية؛ الجهة المالكة حسب الاختصاص,immediate,blocking,open,"Entity is required for completion, not asserted as the current source."
ACT-00626,LY-INV-REV-NAT-00071,investment,أبيار السبابيل,,,P1,classification_review|license_review|investment_legal_review|investment_financial_review|ownership_review|infrastructure_review,Multiple reasons,review_required,verified official value or documented not_available,institutional verification of flagged fields,true,data/incoming/tourism-investment-projects.kml,authoritative registry or direct verification,"official document, registry entry, or authorized written confirmation",إدارة الاستثمار,وزارة السياحة؛ البلدية؛ الجهة المالكة حسب الاختصاص,immediate,blocking,open,"Entity is required for completion, not asserted as the current source."
ACT-00627,LY-INV-REV-NAT-00072,investment,ملليتة 3,,,P1,classification_review|license_review|investment_legal_review|investment_financial_review|ownership_review|infrastructure_review,Multiple reasons,review_required,verified official value or documented not_available,institutional verification of flagged fields,true,data/incoming/tourism-investment-projects.kml,authoritative registry or direct verification,"official document, registry entry, or authorized written confirmation",إدارة الاستثمار,وزارة السياحة؛ البلدية؛ الجهة المالكة حسب الاختصاص,immediate,blocking,open,"Entity is required for completion, not asserted as the current source."
ACT-00628,LY-INV-REV-NAT-00073,investment,البريقاء,,,P1,classification_review|license_review|investment_legal_review|investment_financial_review|ownership_review|infrastructure_review,Multiple reasons,review_required,verified official value or documented not_available,institutional verification of flagged fields,true,data/incoming/tourism-investment-projects.kml,authoritative registry or direct verification,"official document, registry entry, or authorized written confirmation",إدارة الاستثمار,وزارة السياحة؛ البلدية؛ الجهة المالكة حسب الاختصاص,immediate,blocking,open,"Entity is required for completion, not asserted as the current source."
ACT-00629,LY-INV-REV-NAT-00074,investment,أبوكشفة,,,P1,classification_review|license_review|investment_legal_review|investment_financial_review|ownership_review|infrastructure_review,Multiple reasons,review_required,verified official value or documented not_available,institutional verification of flagged fields,true,data/incoming/tourism-investment-projects.kml,authoritative registry or direct verification,"official document, registry entry, or authorized written confirmation",إدارة الاستثمار,وزارة السياحة؛ البلدية؛ الجهة المالكة حسب الاختصاص,immediate,blocking,open,"Entity is required for completion, not asserted as the current source."
ACT-00630,LY-INV-REV-NAT-00075,investment,مصيف بياض,,,P1,classification_review|license_review|investment_legal_review|investment_financial_review|ownership_review|infrastructure_review,Multiple reasons,review_required,verified official value or documented not_available,institutional verification of flagged fields,true,data/incoming/tourism-investment-projects.kml,authoritative registry or direct verification,"official document, registry entry, or authorized written confirmation",إدارة الاستثمار,وزارة السياحة؛ البلدية؛ الجهة المالكة حسب الاختصاص,immediate,blocking,open,"Entity is required for completion, not asserted as the current source."
ACT-00631,LY-INV-REV-NAT-00076,investment,البردي-1,,,P1,classification_review|license_review|investment_legal_review|investment_financial_review|ownership_review|infrastructure_review,Multiple reasons,review_required,verified official value or documented not_available,institutional verification of flagged fields,true,data/incoming/tourism-investment-projects.kml,authoritative registry or direct verification,"official document, registry entry, or authorized written confirmation",إدارة الاستثمار,وزارة السياحة؛ البلدية؛ الجهة المالكة حسب الاختصاص,immediate,blocking,open,"Entity is required for completion, not asserted as the current source."
ACT-00632,LY-INV-REV-NAT-00077,investment,العزلية,,,P1,classification_review|license_review|investment_legal_review|investment_financial_review|ownership_review|infrastructure_review,Multiple reasons,review_required,verified official value or documented not_available,institutional verification of flagged fields,true,data/incoming/tourism-investment-projects.kml,authoritative registry or direct verification,"official document, registry entry, or authorized written confirmation",إدارة الاستثمار,وزارة السياحة؛ البلدية؛ الجهة المالكة حسب الاختصاص,immediate,blocking,open,"Entity is required for completion, not asserted as the current source."
ACT-00633,LY-INV-REV-NAT-00078,investment,دليس,,,P1,classification_review|license_review|investment_legal_review|investment_financial_review|ownership_review|infrastructure_review,Multiple reasons,review_required,verified official value or documented not_available,institutional verification of flagged fields,true,data/incoming/tourism-investment-projects.kml,authoritative registry or direct verification,"official document, registry entry, or authorized written confirmation",إدارة الاستثمار,وزارة السياحة؛ البلدية؛ الجهة المالكة حسب الاختصاص,immediate,blocking,open,"Entity is required for completion, not asserted as the current source."
ACT-00634,LY-INV-REV-NAT-00079,investment,راس التين,,,P1,classification_review|license_review|investment_legal_review|investment_financial_review|ownership_review|infrastructure_review,Multiple reasons,review_required,verified official value or documented not_available,institutional verification of flagged fields,true,data/incoming/tourism-investment-projects.kml,authoritative registry or direct verification,"official document, registry entry, or authorized written confirmation",إدارة الاستثمار,وزارة السياحة؛ البلدية؛ الجهة المالكة حسب الاختصاص,immediate,blocking,open,"Entity is required for completion, not asserted as the current source."
ACT-00635,LY-INV-REV-NAT-00080,investment,الاترون,,,P1,classification_review|license_review|investment_legal_review|investment_financial_review|ownership_review|infrastructure_review,Multiple reasons,review_required,verified official value or documented not_available,institutional verification of flagged fields,true,data/incoming/tourism-investment-projects.kml,authoritative registry or direct verification,"official document, registry entry, or authorized written confirmation",إدارة الاستثمار,وزارة السياحة؛ البلدية؛ الجهة المالكة حسب الاختصاص,immediate,blocking,open,"Entity is required for completion, not asserted as the current source."
ACT-00636,LY-INV-REV-NAT-00081,investment,قاريونس,,,P1,classification_review|license_review|investment_legal_review|investment_financial_review|ownership_review|infrastructure_review,Multiple reasons,review_required,verified official value or documented not_available,institutional verification of flagged fields,true,data/incoming/tourism-investment-projects.kml,authoritative registry or direct verification,"official document, registry entry, or authorized written confirmation",إدارة الاستثمار,وزارة السياحة؛ البلدية؛ الجهة المالكة حسب الاختصاص,immediate,blocking,open,"Entity is required for completion, not asserted as the current source."
ACT-00637,LY-INV-REV-NAT-00082,investment,عين زيانة,,,P1,classification_review|license_review|investment_legal_review|investment_financial_review|ownership_review|infrastructure_review,Multiple reasons,review_required,verified official value or documented not_available,institutional verification of flagged fields,true,data/incoming/tourism-investment-projects.kml,authoritative registry or direct verification,"official document, registry entry, or authorized written confirmation",إدارة الاستثمار,وزارة السياحة؛ البلدية؛ الجهة المالكة حسب الاختصاص,immediate,blocking,open,"Entity is required for completion, not asserted as the current source."
ACT-00638,LY-INV-REV-NAT-00083,investment,سيدي خليفة,,,P1,classification_review|license_review|investment_legal_review|investment_financial_review|ownership_review|infrastructure_review,Multiple reasons,review_required,verified official value or documented not_available,institutional verification of flagged fields,true,data/incoming/tourism-investment-projects.kml,authoritative registry or direct verification,"official document, registry entry, or authorized written confirmation",إدارة الاستثمار,وزارة السياحة؛ البلدية؛ الجهة المالكة حسب الاختصاص,immediate,blocking,open,"Entity is required for completion, not asserted as the current source."
ACT-00639,LY-INV-REV-NAT-00084,investment,أبوترابة,,,P1,classification_review|license_review|investment_legal_review|investment_financial_review|ownership_review|infrastructure_review,Multiple reasons,review_required,verified official value or documented not_available,institutional verification of flagged fields,true,data/incoming/tourism-investment-projects.kml,authoritative registry or direct verification,"official document, registry entry, or authorized written confirmation",إدارة الاستثمار,وزارة السياحة؛ البلدية؛ الجهة المالكة حسب الاختصاص,immediate,blocking,open,"Entity is required for completion, not asserted as the current source."
ACT-00640,LY-INV-REV-NAT-00085,investment,مصيف طلميثة,,,P1,classification_review|license_review|investment_legal_review|investment_financial_review|ownership_review|infrastructure_review,Multiple reasons,review_required,verified official value or documented not_available,institutional verification of flagged fields,true,data/incoming/tourism-investment-projects.kml,authoritative registry or direct verification,"official document, registry entry, or authorized written confirmation",إدارة الاستثمار,وزارة السياحة؛ البلدية؛ الجهة المالكة حسب الاختصاص,immediate,blocking,open,"Entity is required for completion, not asserted as the current source."
ACT-00641,LY-INV-REV-NAT-00086,investment,طلميثة,,,P1,classification_review|license_review|investment_legal_review|investment_financial_review|ownership_review|infrastructure_review,Multiple reasons,review_required,verified official value or documented not_available,institutional verification of flagged fields,true,data/incoming/tourism-investment-projects.kml,authoritative registry or direct verification,"official document, registry entry, or authorized written confirmation",إدارة الاستثمار,وزارة السياحة؛ البلدية؛ الجهة المالكة حسب الاختصاص,immediate,blocking,open,"Entity is required for completion, not asserted as the current source."
ACT-00642,LY-INV-REV-NAT-00087,investment,جرجارامه,,,P1,classification_review|license_review|investment_legal_review|investment_financial_review|ownership_review|infrastructure_review,Multiple reasons,review_required,verified official value or documented not_available,institutional verification of flagged fields,true,data/incoming/tourism-investment-projects.kml,authoritative registry or direct verification,"official document, registry entry, or authorized written confirmation",إدارة الاستثمار,وزارة السياحة؛ البلدية؛ الجهة المالكة حسب الاختصاص,immediate,blocking,open,"Entity is required for completion, not asserted as the current source."
ACT-00643,LY-INV-REV-NAT-00088,investment,مويلح,,,P1,classification_review|license_review|investment_legal_review|investment_financial_review|ownership_review|infrastructure_review,Multiple reasons,review_required,verified official value or documented not_available,institutional verification of flagged fields,true,data/incoming/tourism-investment-projects.kml,authoritative registry or direct verification,"official document, registry entry, or authorized written confirmation",إدارة الاستثمار,وزارة السياحة؛ البلدية؛ الجهة المالكة حسب الاختصاص,immediate,blocking,open,"Entity is required for completion, not asserted as the current source."
ACT-00644,LY-INV-REV-NAT-00089,investment,الحمامة,,,P1,classification_review|license_review|investment_legal_review|investment_financial_review|ownership_review|infrastructure_review,Multiple reasons,review_required,verified official value or documented not_available,institutional verification of flagged fields,true,data/incoming/tourism-investment-projects.kml,authoritative registry or direct verification,"official document, registry entry, or authorized written confirmation",إدارة الاستثمار,وزارة السياحة؛ البلدية؛ الجهة المالكة حسب الاختصاص,immediate,blocking,open,"Entity is required for completion, not asserted as the current source."
ACT-00645,LY-INV-REV-NAT-00090,investment,أبوشيبة,,,P1,classification_review|license_review|investment_legal_review|investment_financial_review|ownership_review|infrastructure_review,Multiple reasons,review_required,verified official value or documented not_available,institutional verification of flagged fields,true,data/incoming/tourism-investment-projects.kml,authoritative registry or direct verification,"official document, registry entry, or authorized written confirmation",إدارة الاستثمار,وزارة السياحة؛ البلدية؛ الجهة المالكة حسب الاختصاص,immediate,blocking,open,"Entity is required for completion, not asserted as the current source."
ACT-00646,LY-INV-REV-NAT-00091,investment,المريسة,,,P1,classification_review|license_review|investment_legal_review|investment_financial_review|ownership_review|infrastructure_review,Multiple reasons,review_required,verified official value or documented not_available,institutional verification of flagged fields,true,data/incoming/tourism-investment-projects.kml,authoritative registry or direct verification,"official document, registry entry, or authorized written confirmation",إدارة الاستثمار,وزارة السياحة؛ البلدية؛ الجهة المالكة حسب الاختصاص,immediate,blocking,open,"Entity is required for completion, not asserted as the current source."
ACT-00647,LY-INV-REV-NAT-00092,investment,قمينس,,,P1,classification_review|license_review|investment_legal_review|investment_financial_review|ownership_review|infrastructure_review,Multiple reasons,review_required,verified official value or documented not_available,institutional verification of flagged fields,true,data/incoming/tourism-investment-projects.kml,authoritative registry or direct verification,"official document, registry entry, or authorized written confirmation",إدارة الاستثمار,وزارة السياحة؛ البلدية؛ الجهة المالكة حسب الاختصاص,immediate,blocking,open,"Entity is required for completion, not asserted as the current source."
ACT-00648,LY-INV-REV-NAT-00093,investment,جاروتة,,,P1,classification_review|license_review|investment_legal_review|investment_financial_review|ownership_review|infrastructure_review,Multiple reasons,review_required,verified official value or documented not_available,institutional verification of flagged fields,true,data/incoming/tourism-investment-projects.kml,authoritative registry or direct verification,"official document, registry entry, or authorized written confirmation",إدارة الاستثمار,وزارة السياحة؛ البلدية؛ الجهة المالكة حسب الاختصاص,immediate,blocking,open,"Entity is required for completion, not asserted as the current source."
ACT-00649,LY-INV-REV-NAT-00094,investment,الساحل الغربي,,,P1,classification_review|license_review|investment_legal_review|investment_financial_review|ownership_review|infrastructure_review,Multiple reasons,review_required,verified official value or documented not_available,institutional verification of flagged fields,true,data/incoming/tourism-investment-projects.kml,authoritative registry or direct verification,"official document, registry entry, or authorized written confirmation",إدارة الاستثمار,وزارة السياحة؛ البلدية؛ الجهة المالكة حسب الاختصاص,immediate,blocking,open,"Entity is required for completion, not asserted as the current source."
ACT-00650,LY-INV-REV-NAT-00095,investment,حبيب,,,P1,classification_review|license_review|investment_legal_review|investment_financial_review|ownership_review|infrastructure_review,Multiple reasons,review_required,verified official value or documented not_available,institutional verification of flagged fields,true,data/incoming/tourism-investment-projects.kml,authoritative registry or direct verification,"official document, registry entry, or authorized written confirmation",إدارة الاستثمار,وزارة السياحة؛ البلدية؛ الجهة المالكة حسب الاختصاص,immediate,blocking,open,"Entity is required for completion, not asserted as the current source."
ACT-00651,LY-INV-REV-NAT-00096,investment,كركورة,,,P1,classification_review|license_review|investment_legal_review|investment_financial_review|ownership_review|infrastructure_review,Multiple reasons,review_required,verified official value or documented not_available,institutional verification of flagged fields,true,data/incoming/tourism-investment-projects.kml,authoritative registry or direct verification,"official document, registry entry, or authorized written confirmation",إدارة الاستثمار,وزارة السياحة؛ البلدية؛ الجهة المالكة حسب الاختصاص,immediate,blocking,open,"Entity is required for completion, not asserted as the current source."
ACT-00652,LY-INV-REV-NAT-00097,investment,الحليسي,,,P1,classification_review|license_review|investment_legal_review|investment_financial_review|ownership_review|infrastructure_review,Multiple reasons,review_required,verified official value or documented not_available,institutional verification of flagged fields,true,data/incoming/tourism-investment-projects.kml,authoritative registry or direct verification,"official document, registry entry, or authorized written confirmation",إدارة الاستثمار,وزارة السياحة؛ البلدية؛ الجهة المالكة حسب الاختصاص,immediate,blocking,open,"Entity is required for completion, not asserted as the current source."
ACT-00653,LY-INV-REV-NAT-00098,investment,سيدي علي,,,P1,classification_review|license_review|investment_legal_review|investment_financial_review|ownership_review|infrastructure_review,Multiple reasons,review_required,verified official value or documented not_available,institutional verification of flagged fields,true,data/incoming/tourism-investment-projects.kml,authoritative registry or direct verification,"official document, registry entry, or authorized written confirmation",إدارة الاستثمار,وزارة السياحة؛ البلدية؛ الجهة المالكة حسب الاختصاص,immediate,blocking,open,"Entity is required for completion, not asserted as the current source."
ACT-00654,LY-INV-REV-NAT-00099,investment,دريانة,,,P1,classification_review|license_review|investment_legal_review|investment_financial_review|ownership_review|infrastructure_review,Multiple reasons,review_required,verified official value or documented not_available,institutional verification of flagged fields,true,data/incoming/tourism-investment-projects.kml,authoritative registry or direct verification,"official document, registry entry, or authorized written confirmation",إدارة الاستثمار,وزارة السياحة؛ البلدية؛ الجهة المالكة حسب الاختصاص,immediate,blocking,open,"Entity is required for completion, not asserted as the current source."
ACT-00655,LY-INV-REV-NAT-00100,investment,مبنى,,,P1,classification_review|license_review|investment_legal_review|investment_financial_review|ownership_review|infrastructure_review,Multiple reasons,review_required,verified official value or documented not_available,institutional verification of flagged fields,true,data/incoming/tourism-investment-projects.kml,authoritative registry or direct verification,"official document, registry entry, or authorized written confirmation",إدارة الاستثمار,وزارة السياحة؛ البلدية؛ الجهة المالكة حسب الاختصاص,immediate,blocking,open,"Entity is required for completion, not asserted as the current source."
ACT-00656,LY-INV-REV-NAT-00101,investment,البرسس,,,P1,classification_review|license_review|investment_legal_review|investment_financial_review|ownership_review|infrastructure_review,Multiple reasons,review_required,verified official value or documented not_available,institutional verification of flagged fields,true,data/incoming/tourism-investment-projects.kml,authoritative registry or direct verification,"official document, registry entry, or authorized written confirmation",إدارة الاستثمار,وزارة السياحة؛ البلدية؛ الجهة المالكة حسب الاختصاص,immediate,blocking,open,"Entity is required for completion, not asserted as the current source."
ACT-00657,LY-INV-REV-NAT-00102,investment,العقورية,,,P1,classification_review|license_review|investment_legal_review|investment_financial_review|ownership_review|infrastructure_review,Multiple reasons,review_required,verified official value or documented not_available,institutional verification of flagged fields,true,data/incoming/tourism-investment-projects.kml,authoritative registry or direct verification,"official document, registry entry, or authorized written confirmation",إدارة الاستثمار,وزارة السياحة؛ البلدية؛ الجهة المالكة حسب الاختصاص,immediate,blocking,open,"Entity is required for completion, not asserted as the current source."
ACT-00658,LY-INV-REV-NAT-00103,investment,بابا طلميثة,,,P1,classification_review|license_review|investment_legal_review|investment_financial_review|ownership_review|infrastructure_review,Multiple reasons,review_required,verified official value or documented not_available,institutional verification of flagged fields,true,data/incoming/tourism-investment-projects.kml,authoritative registry or direct verification,"official document, registry entry, or authorized written confirmation",إدارة الاستثمار,وزارة السياحة؛ البلدية؛ الجهة المالكة حسب الاختصاص,immediate,blocking,open,"Entity is required for completion, not asserted as the current source."
ACT-00659,LY-INV-REV-NAT-00104,investment,عقلة,,,P1,classification_review|license_review|investment_legal_review|investment_financial_review|ownership_review|infrastructure_review,Multiple reasons,review_required,verified official value or documented not_available,institutional verification of flagged fields,true,data/incoming/tourism-investment-projects.kml,authoritative registry or direct verification,"official document, registry entry, or authorized written confirmation",إدارة الاستثمار,وزارة السياحة؛ البلدية؛ الجهة المالكة حسب الاختصاص,immediate,blocking,open,"Entity is required for completion, not asserted as the current source."
ACT-00660,LY-INV-REV-NAT-00105,investment,نوطة سوسة,,,P1,classification_review|license_review|investment_legal_review|investment_financial_review|ownership_review|infrastructure_review,Multiple reasons,review_required,verified official value or documented not_available,institutional verification of flagged fields,true,data/incoming/tourism-investment-projects.kml,authoritative registry or direct verification,"official document, registry entry, or authorized written confirmation",إدارة الاستثمار,وزارة السياحة؛ البلدية؛ الجهة المالكة حسب الاختصاص,immediate,blocking,open,"Entity is required for completion, not asserted as the current source."
ACT-00661,LY-INV-REV-NAT-00106,investment,مهبول,,,P1,classification_review|license_review|investment_legal_review|investment_financial_review|ownership_review|infrastructure_review,Multiple reasons,review_required,verified official value or documented not_available,institutional verification of flagged fields,true,data/incoming/tourism-investment-projects.kml,authoritative registry or direct verification,"official document, registry entry, or authorized written confirmation",إدارة الاستثمار,وزارة السياحة؛ البلدية؛ الجهة المالكة حسب الاختصاص,immediate,blocking,open,"Entity is required for completion, not asserted as the current source."
ACT-00662,LY-INV-REV-NAT-00107,investment,بركة ناصر,,,P1,classification_review|license_review|investment_legal_review|investment_financial_review|ownership_review|infrastructure_review,Multiple reasons,review_required,verified official value or documented not_available,institutional verification of flagged fields,true,data/incoming/tourism-investment-projects.kml,authoritative registry or direct verification,"official document, registry entry, or authorized written confirmation",إدارة الاستثمار,وزارة السياحة؛ البلدية؛ الجهة المالكة حسب الاختصاص,immediate,blocking,open,"Entity is required for completion, not asserted as the current source."
ACT-00663,LY-INV-REV-NAT-00108,investment,كرسة,,,P1,classification_review|license_review|investment_legal_review|investment_financial_review|ownership_review|infrastructure_review,Multiple reasons,review_required,verified official value or documented not_available,institutional verification of flagged fields,true,data/incoming/tourism-investment-projects.kml,authoritative registry or direct verification,"official document, registry entry, or authorized written confirmation",إدارة الاستثمار,وزارة السياحة؛ البلدية؛ الجهة المالكة حسب الاختصاص,immediate,blocking,open,"Entity is required for completion, not asserted as the current source."
ACT-00664,LY-INV-REV-NAT-00109,investment,الناقة,,,P1,classification_review|license_review|investment_legal_review|investment_financial_review|ownership_review|infrastructure_review,Multiple reasons,review_required,verified official value or documented not_available,institutional verification of flagged fields,true,data/incoming/tourism-investment-projects.kml,authoritative registry or direct verification,"official document, registry entry, or authorized written confirmation",إدارة الاستثمار,وزارة السياحة؛ البلدية؛ الجهة المالكة حسب الاختصاص,immediate,blocking,open,"Entity is required for completion, not asserted as the current source."
ACT-00665,LY-INV-REV-NAT-00110,investment,بومسافر,,,P1,classification_review|license_review|investment_legal_review|investment_financial_review|ownership_review|infrastructure_review,Multiple reasons,review_required,verified official value or documented not_available,institutional verification of flagged fields,true,data/incoming/tourism-investment-projects.kml,authoritative registry or direct verification,"official document, registry entry, or authorized written confirmation",إدارة الاستثمار,وزارة السياحة؛ البلدية؛ الجهة المالكة حسب الاختصاص,immediate,blocking,open,"Entity is required for completion, not asserted as the current source."
ACT-00666,LY-INV-REV-NAT-00111,investment,الشاطيء,,,P1,classification_review|license_review|investment_legal_review|investment_financial_review|ownership_review|infrastructure_review,Multiple reasons,review_required,verified official value or documented not_available,institutional verification of flagged fields,true,data/incoming/tourism-investment-projects.kml,authoritative registry or direct verification,"official document, registry entry, or authorized written confirmation",إدارة الاستثمار,وزارة السياحة؛ البلدية؛ الجهة المالكة حسب الاختصاص,immediate,blocking,open,"Entity is required for completion, not asserted as the current source."
ACT-00668,LY-INV-REV-NAT-00112,investment,المقرون,,,P1,classification_review|license_review|investment_legal_review|investment_financial_review|ownership_review|infrastructure_review,Multiple reasons,review_required,verified official value or documented not_available,institutional verification of flagged fields,true,data/incoming/tourism-investment-projects.kml,authoritative registry or direct verification,"official document, registry entry, or authorized written confirmation",إدارة الاستثمار,وزارة السياحة؛ البلدية؛ الجهة المالكة حسب الاختصاص,immediate,blocking,open,"Entity is required for completion, not asserted as the current source."
ACT-00669,LY-INV-REV-NAT-00113,investment,البردي-3,,,P1,classification_review|license_review|investment_legal_review|investment_financial_review|ownership_review|infrastructure_review,Multiple reasons,review_required,verified official value or documented not_available,institutional verification of flagged fields,true,data/incoming/tourism-investment-projects.kml,authoritative registry or direct verification,"official document, registry entry, or authorized written confirmation",إدارة الاستثمار,وزارة السياحة؛ البلدية؛ الجهة المالكة حسب الاختصاص,immediate,blocking,open,"Entity is required for completion, not asserted as the current source."
ACT-00670,LY-INV-REV-NAT-00114,investment,البردي-2,,,P1,classification_review|license_review|investment_legal_review|investment_financial_review|ownership_review|infrastructure_review,Multiple reasons,review_required,verified official value or documented not_available,institutional verification of flagged fields,true,data/incoming/tourism-investment-projects.kml,authoritative registry or direct verification,"official document, registry entry, or authorized written confirmation",إدارة الاستثمار,وزارة السياحة؛ البلدية؛ الجهة المالكة حسب الاختصاص,immediate,blocking,open,"Entity is required for completion, not asserted as the current source."
ACT-00671,LY-INV-REV-NAT-00115,investment,عزاز,,,P1,classification_review|license_review|investment_legal_review|investment_financial_review|ownership_review|infrastructure_review,Multiple reasons,review_required,verified official value or documented not_available,institutional verification of flagged fields,true,data/incoming/tourism-investment-projects.kml,authoritative registry or direct verification,"official document, registry entry, or authorized written confirmation",إدارة الاستثمار,وزارة السياحة؛ البلدية؛ الجهة المالكة حسب الاختصاص,immediate,blocking,open,"Entity is required for completion, not asserted as the current source."
ACT-00672,LY-INV-REV-NAT-00116,investment,الجدي,,,P1,classification_review|license_review|investment_legal_review|investment_financial_review|ownership_review|infrastructure_review,Multiple reasons,review_required,verified official value or documented not_available,institutional verification of flagged fields,true,data/incoming/tourism-investment-projects.kml,authoritative registry or direct verification,"official document, registry entry, or authorized written confirmation",إدارة الاستثمار,وزارة السياحة؛ البلدية؛ الجهة المالكة حسب الاختصاص,immediate,blocking,open,"Entity is required for completion, not asserted as the current source."
ACT-00673,LY-INV-REV-NAT-00117,investment,شويمر,,,P1,classification_review|license_review|investment_legal_review|investment_financial_review|ownership_review|infrastructure_review,Multiple reasons,review_required,verified official value or documented not_available,institutional verification of flagged fields,true,data/incoming/tourism-investment-projects.kml,authoritative registry or direct verification,"official document, registry entry, or authorized written confirmation",إدارة الاستثمار,وزارة السياحة؛ البلدية؛ الجهة المالكة حسب الاختصاص,immediate,blocking,open,"Entity is required for completion, not asserted as the current source."
ACT-00674,LY-INV-REV-NAT-00118,investment,مرسة دفنة,,,P1,classification_review|license_review|investment_legal_review|investment_financial_review|ownership_review|infrastructure_review,Multiple reasons,review_required,verified official value or documented not_available,institutional verification of flagged fields,true,data/incoming/tourism-investment-projects.kml,authoritative registry or direct verification,"official document, registry entry, or authorized written confirmation",إدارة الاستثمار,وزارة السياحة؛ البلدية؛ الجهة المالكة حسب الاختصاص,immediate,blocking,open,"Entity is required for completion, not asserted as the current source."
ACT-00675,LY-INV-REV-NAT-00119,investment,بئرالأشهب,,,P1,classification_review|license_review|investment_legal_review|investment_financial_review|ownership_review|infrastructure_review,Multiple reasons,review_required,verified official value or documented not_available,institutional verification of flagged fields,true,data/incoming/tourism-investment-projects.kml,authoritative registry or direct verification,"official document, registry entry, or authorized written confirmation",إدارة الاستثمار,وزارة السياحة؛ البلدية؛ الجهة المالكة حسب الاختصاص,immediate,blocking,open,"Entity is required for completion, not asserted as the current source."
ACT-00676,LY-INV-REV-NAT-00120,investment,قابس,,,P1,classification_review|license_review|investment_legal_review|investment_financial_review|ownership_review|infrastructure_review,Multiple reasons,review_required,verified official value or documented not_available,institutional verification of flagged fields,true,data/incoming/tourism-investment-projects.kml,authoritative registry or direct verification,"official document, registry entry, or authorized written confirmation",إدارة الاستثمار,وزارة السياحة؛ البلدية؛ الجهة المالكة حسب الاختصاص,immediate,blocking,open,"Entity is required for completion, not asserted as the current source."
ACT-00677,LY-INV-REV-NAT-00121,investment,كمبوت,,,P1,classification_review|license_review|investment_legal_review|investment_financial_review|ownership_review|infrastructure_review,Multiple reasons,review_required,verified official value or documented not_available,institutional verification of flagged fields,true,data/incoming/tourism-investment-projects.kml,authoritative registry or direct verification,"official document, registry entry, or authorized written confirmation",إدارة الاستثمار,وزارة السياحة؛ البلدية؛ الجهة المالكة حسب الاختصاص,immediate,blocking,open,"Entity is required for completion, not asserted as the current source."
ACT-00678,LY-INV-REV-NAT-00122,investment,العقلة,,,P1,classification_review|license_review|investment_legal_review|investment_financial_review|ownership_review|infrastructure_review,Multiple reasons,review_required,verified official value or documented not_available,institutional verification of flagged fields,true,data/incoming/tourism-investment-projects.kml,authoritative registry or direct verification,"official document, registry entry, or authorized written confirmation",إدارة الاستثمار,وزارة السياحة؛ البلدية؛ الجهة المالكة حسب الاختصاص,immediate,blocking,open,"Entity is required for completion, not asserted as the current source."
ACT-00679,LY-INV-REV-NAT-00123,investment,العودا,,,P1,classification_review|license_review|investment_legal_review|investment_financial_review|ownership_review|infrastructure_review,Multiple reasons,review_required,verified official value or documented not_available,institutional verification of flagged fields,true,data/incoming/tourism-investment-projects.kml,authoritative registry or direct verification,"official document, registry entry, or authorized written confirmation",إدارة الاستثمار,وزارة السياحة؛ البلدية؛ الجهة المالكة حسب الاختصاص,immediate,blocking,open,"Entity is required for completion, not asserted as the current source."
ACT-00680,LY-INV-REV-NAT-00124,investment,المرصص,,,P1,classification_review|license_review|investment_legal_review|investment_financial_review|ownership_review|infrastructure_review,Multiple reasons,review_required,verified official value or documented not_available,institutional verification of flagged fields,true,data/incoming/tourism-investment-projects.kml,authoritative registry or direct verification,"official document, registry entry, or authorized written confirmation",إدارة الاستثمار,وزارة السياحة؛ البلدية؛ الجهة المالكة حسب الاختصاص,immediate,blocking,open,"Entity is required for completion, not asserted as the current source."
ACT-00681,LY-INV-REV-NAT-00125,investment,بلخاتر,,,P1,classification_review|license_review|investment_legal_review|investment_financial_review|ownership_review|infrastructure_review,Multiple reasons,review_required,verified official value or documented not_available,institutional verification of flagged fields,true,data/incoming/tourism-investment-projects.kml,authoritative registry or direct verification,"official document, registry entry, or authorized written confirmation",إدارة الاستثمار,وزارة السياحة؛ البلدية؛ الجهة المالكة حسب الاختصاص,immediate,blocking,open,"Entity is required for completion, not asserted as the current source."
ACT-00682,LY-INV-REV-NAT-00126,investment,عين الغزال,,,P1,classification_review|license_review|investment_legal_review|investment_financial_review|ownership_review|infrastructure_review,Multiple reasons,review_required,verified official value or documented not_available,institutional verification of flagged fields,true,data/incoming/tourism-investment-projects.kml,authoritative registry or direct verification,"official document, registry entry, or authorized written confirmation",إدارة الاستثمار,وزارة السياحة؛ البلدية؛ الجهة المالكة حسب الاختصاص,immediate,blocking,open,"Entity is required for completion, not asserted as the current source."
ACT-00683,LY-INV-REV-NAT-00127,investment,التميمي,,,P1,classification_review|license_review|investment_legal_review|investment_financial_review|ownership_review|infrastructure_review,Multiple reasons,review_required,verified official value or documented not_available,institutional verification of flagged fields,true,data/incoming/tourism-investment-projects.kml,authoritative registry or direct verification,"official document, registry entry, or authorized written confirmation",إدارة الاستثمار,وزارة السياحة؛ البلدية؛ الجهة المالكة حسب الاختصاص,immediate,blocking,open,"Entity is required for completion, not asserted as the current source."
ACT-00684,LY-INV-REV-NAT-00128,investment,بالقردان,,,P1,classification_review|license_review|investment_legal_review|investment_financial_review|ownership_review|infrastructure_review,Multiple reasons,review_required,verified official value or documented not_available,institutional verification of flagged fields,true,data/incoming/tourism-investment-projects.kml,authoritative registry or direct verification,"official document, registry entry, or authorized written confirmation",إدارة الاستثمار,وزارة السياحة؛ البلدية؛ الجهة المالكة حسب الاختصاص,immediate,blocking,open,"Entity is required for completion, not asserted as the current source."
ACT-00685,LY-INV-REV-NAT-00129,investment,راس التين-2,,,P1,classification_review|license_review|investment_legal_review|investment_financial_review|ownership_review|infrastructure_review,Multiple reasons,review_required,verified official value or documented not_available,institutional verification of flagged fields,true,data/incoming/tourism-investment-projects.kml,authoritative registry or direct verification,"official document, registry entry, or authorized written confirmation",إدارة الاستثمار,وزارة السياحة؛ البلدية؛ الجهة المالكة حسب الاختصاص,immediate,blocking,open,"Entity is required for completion, not asserted as the current source."
ACT-00686,LY-INV-REV-NAT-00130,investment,خبطة,,,P1,classification_review|license_review|investment_legal_review|investment_financial_review|ownership_review|infrastructure_review,Multiple reasons,review_required,verified official value or documented not_available,institutional verification of flagged fields,true,data/incoming/tourism-investment-projects.kml,authoritative registry or direct verification,"official document, registry entry, or authorized written confirmation",إدارة الاستثمار,وزارة السياحة؛ البلدية؛ الجهة المالكة حسب الاختصاص,immediate,blocking,open,"Entity is required for completion, not asserted as the current source."
ACT-00687,LY-INV-REV-NAT-00131,investment,بوهريشيمة,,,P1,classification_review|license_review|investment_legal_review|investment_financial_review|ownership_review|infrastructure_review,Multiple reasons,review_required,verified official value or documented not_available,institutional verification of flagged fields,true,data/incoming/tourism-investment-projects.kml,authoritative registry or direct verification,"official document, registry entry, or authorized written confirmation",إدارة الاستثمار,وزارة السياحة؛ البلدية؛ الجهة المالكة حسب الاختصاص,immediate,blocking,open,"Entity is required for completion, not asserted as the current source."
ACT-00688,LY-INV-REV-NAT-00132,investment,الزويتينة الشمالي,,,P1,classification_review|license_review|investment_legal_review|investment_financial_review|ownership_review|infrastructure_review,Multiple reasons,review_required,verified official value or documented not_available,institutional verification of flagged fields,true,data/incoming/tourism-investment-projects.kml,authoritative registry or direct verification,"official document, registry entry, or authorized written confirmation",إدارة الاستثمار,وزارة السياحة؛ البلدية؛ الجهة المالكة حسب الاختصاص,immediate,blocking,open,"Entity is required for completion, not asserted as the current source."
ACT-00689,LY-INV-REV-NAT-00133,investment,الزويتينة الجنوبي,,,P1,classification_review|license_review|investment_legal_review|investment_financial_review|ownership_review|infrastructure_review,Multiple reasons,review_required,verified official value or documented not_available,institutional verification of flagged fields,true,data/incoming/tourism-investment-projects.kml,authoritative registry or direct verification,"official document, registry entry, or authorized written confirmation",إدارة الاستثمار,وزارة السياحة؛ البلدية؛ الجهة المالكة حسب الاختصاص,immediate,blocking,open,"Entity is required for completion, not asserted as the current source."
ACT-00690,LY-INV-REV-NAT-00134,investment,مرير قابس,,,P1,classification_review|license_review|investment_legal_review|investment_financial_review|ownership_review|infrastructure_review,Multiple reasons,review_required,verified official value or documented not_available,institutional verification of flagged fields,true,data/incoming/tourism-investment-projects.kml,authoritative registry or direct verification,"official document, registry entry, or authorized written confirmation",إدارة الاستثمار,وزارة السياحة؛ البلدية؛ الجهة المالكة حسب الاختصاص,immediate,blocking,open,"Entity is required for completion, not asserted as the current source."
ACT-00691,LY-INV-REV-NAT-00135,investment,بشر,,,P1,classification_review|license_review|investment_legal_review|investment_financial_review|ownership_review|infrastructure_review,Multiple reasons,review_required,verified official value or documented not_available,institutional verification of flagged fields,true,data/incoming/tourism-investment-projects.kml,authoritative registry or direct verification,"official document, registry entry, or authorized written confirmation",إدارة الاستثمار,وزارة السياحة؛ البلدية؛ الجهة المالكة حسب الاختصاص,immediate,blocking,open,"Entity is required for completion, not asserted as the current source."
ACT-00692,LY-INV-REV-NAT-00136,investment,العقيلة,,,P1,classification_review|license_review|investment_legal_review|investment_financial_review|ownership_review|infrastructure_review,Multiple reasons,review_required,verified official value or documented not_available,institutional verification of flagged fields,true,data/incoming/tourism-investment-projects.kml,authoritative registry or direct verification,"official document, registry entry, or authorized written confirmation",إدارة الاستثمار,وزارة السياحة؛ البلدية؛ الجهة المالكة حسب الاختصاص,immediate,blocking,open,"Entity is required for completion, not asserted as the current source."
ACT-00693,LY-INV-REV-NAT-00137,investment,راس لانوف,,,P1,classification_review|license_review|investment_legal_review|investment_financial_review|ownership_review|infrastructure_review,Multiple reasons,review_required,verified official value or documented not_available,institutional verification of flagged fields,true,data/incoming/tourism-investment-projects.kml,authoritative registry or direct verification,"official document, registry entry, or authorized written confirmation",إدارة الاستثمار,وزارة السياحة؛ البلدية؛ الجهة المالكة حسب الاختصاص,immediate,blocking,open,"Entity is required for completion, not asserted as the current source."
ACT-00694,LY-INV-REV-NAT-00138,investment,السدرة,,,P1,classification_review|license_review|investment_legal_review|investment_financial_review|ownership_review|infrastructure_review,Multiple reasons,review_required,verified official value or documented not_available,institutional verification of flagged fields,true,data/incoming/tourism-investment-projects.kml,authoritative registry or direct verification,"official document, registry entry, or authorized written confirmation",إدارة الاستثمار,وزارة السياحة؛ البلدية؛ الجهة المالكة حسب الاختصاص,immediate,blocking,open,"Entity is required for completion, not asserted as the current source."
ACT-00695,LY-INV-REV-NAT-00139,investment,بن جواد,,,P1,classification_review|license_review|investment_legal_review|investment_financial_review|ownership_review|infrastructure_review,Multiple reasons,review_required,verified official value or documented not_available,institutional verification of flagged fields,true,data/incoming/tourism-investment-projects.kml,authoritative registry or direct verification,"official document, registry entry, or authorized written confirmation",إدارة الاستثمار,وزارة السياحة؛ البلدية؛ الجهة المالكة حسب الاختصاص,immediate,blocking,open,"Entity is required for completion, not asserted as the current source."
ACT-00696,LY-INV-REV-NAT-00140,investment,عسيلة الغربي,,,P1,classification_review|license_review|investment_legal_review|investment_financial_review|ownership_review|infrastructure_review,Multiple reasons,review_required,verified official value or documented not_available,institutional verification of flagged fields,true,data/incoming/tourism-investment-projects.kml,authoritative registry or direct verification,"official document, registry entry, or authorized written confirmation",إدارة الاستثمار,وزارة السياحة؛ البلدية؛ الجهة المالكة حسب الاختصاص,immediate,blocking,open,"Entity is required for completion, not asserted as the current source."
ACT-00697,LY-INV-REV-NAT-00141,investment,هراوة,,,P1,classification_review|license_review|investment_legal_review|investment_financial_review|ownership_review|infrastructure_review,Multiple reasons,review_required,verified official value or documented not_available,institutional verification of flagged fields,true,data/incoming/tourism-investment-projects.kml,authoritative registry or direct verification,"official document, registry entry, or authorized written confirmation",إدارة الاستثمار,وزارة السياحة؛ البلدية؛ الجهة المالكة حسب الاختصاص,immediate,blocking,open,"Entity is required for completion, not asserted as the current source."
ACT-00698,LY-INV-REV-NAT-00142,investment,السميدة,,,P1,classification_review|license_review|investment_legal_review|investment_financial_review|ownership_review|infrastructure_review,Multiple reasons,review_required,verified official value or documented not_available,institutional verification of flagged fields,true,data/incoming/tourism-investment-projects.kml,authoritative registry or direct verification,"official document, registry entry, or authorized written confirmation",إدارة الاستثمار,وزارة السياحة؛ البلدية؛ الجهة المالكة حسب الاختصاص,immediate,blocking,open,"Entity is required for completion, not asserted as the current source."
ACT-00699,LY-INV-REV-NAT-00143,investment,قصر أحمد,,,P1,classification_review|license_review|investment_legal_review|investment_financial_review|ownership_review|infrastructure_review,Multiple reasons,review_required,verified official value or documented not_available,institutional verification of flagged fields,true,data/incoming/tourism-investment-projects.kml,authoritative registry or direct verification,"official document, registry entry, or authorized written confirmation",إدارة الاستثمار,وزارة السياحة؛ البلدية؛ الجهة المالكة حسب الاختصاص,immediate,blocking,open,"Entity is required for completion, not asserted as the current source."
ACT-00700,LY-INV-REV-NAT-00144,investment,الدافنية,,,P1,classification_review|license_review|investment_legal_review|investment_financial_review|ownership_review|infrastructure_review,Multiple reasons,review_required,verified official value or documented not_available,institutional verification of flagged fields,true,data/incoming/tourism-investment-projects.kml,authoritative registry or direct verification,"official document, registry entry, or authorized written confirmation",إدارة الاستثمار,وزارة السياحة؛ البلدية؛ الجهة المالكة حسب الاختصاص,immediate,blocking,open,"Entity is required for completion, not asserted as the current source."
ACT-00701,LY-INV-REV-NAT-00145,investment,العويجة,,,P1,classification_review|license_review|investment_legal_review|investment_financial_review|ownership_review|infrastructure_review,Multiple reasons,review_required,verified official value or documented not_available,institutional verification of flagged fields,true,data/incoming/tourism-investment-projects.kml,authoritative registry or direct verification,"official document, registry entry, or authorized written confirmation",إدارة الاستثمار,وزارة السياحة؛ البلدية؛ الجهة المالكة حسب الاختصاص,immediate,blocking,open,"Entity is required for completion, not asserted as the current source."
ACT-00702,LY-INV-REV-NAT-00146,investment,أم الخنفس,,,P1,classification_review|license_review|investment_legal_review|investment_financial_review|ownership_review|infrastructure_review,Multiple reasons,review_required,verified official value or documented not_available,institutional verification of flagged fields,true,data/incoming/tourism-investment-projects.kml,authoritative registry or direct verification,"official document, registry entry, or authorized written confirmation",إدارة الاستثمار,وزارة السياحة؛ البلدية؛ الجهة المالكة حسب الاختصاص,immediate,blocking,open,"Entity is required for completion, not asserted as the current source."
ACT-00703,LY-INV-REV-NAT-00147,investment,عسيلة الشرقي,,,P1,classification_review|license_review|investment_legal_review|investment_financial_review|ownership_review|infrastructure_review,Multiple reasons,review_required,verified official value or documented not_available,institutional verification of flagged fields,true,data/incoming/tourism-investment-projects.kml,authoritative registry or direct verification,"official document, registry entry, or authorized written confirmation",إدارة الاستثمار,وزارة السياحة؛ البلدية؛ الجهة المالكة حسب الاختصاص,immediate,blocking,open,"Entity is required for completion, not asserted as the current source."
ACT-00704,LY-INV-REV-NAT-00148,investment,القرضابية,,,P1,classification_review|license_review|investment_legal_review|investment_financial_review|ownership_review|infrastructure_review,Multiple reasons,review_required,verified official value or documented not_available,institutional verification of flagged fields,true,data/incoming/tourism-investment-projects.kml,authoritative registry or direct verification,"official document, registry entry, or authorized written confirmation",إدارة الاستثمار,وزارة السياحة؛ البلدية؛ الجهة المالكة حسب الاختصاص,immediate,blocking,open,"Entity is required for completion, not asserted as the current source."
