action_id,feature_id,layer_id,name_ar,city_ar,municipality_ar,priority,review_reason_codes,field_or_issue,current_value,required_value,required_action,evidence_available,source_reference,collection_method,verification_method,responsible_entity_required,supporting_entities,deadline_category,publication_impact,status,notes
ACT-00014,LY-FNB-RES-TRI-00047,tripoliRestaurants,Pamplona cafe,طرابلس,طرابلس,P3,license_review,license_review,review_required,verified official value or documented not_available,institutional verification of flagged fields,true,data/incoming/tripoli-restaurants.kml,authoritative registry or direct verification,"official document, registry entry, or authorized written confirmation",جهة الترخيص السياحي,وزارة السياحة؛ البلدية؛ الجهة المالكة حسب الاختصاص,next_review_cycle,quality,open,"Entity is required for completion, not asserted as the current source."
ACT-00020,LY-FNB-CAF-TRI-00002,tripoliCafes,مقهى أسبانيول,طرابلس,طرابلس,P3,license_review,license_review,review_required,verified official value or documented not_available,institutional verification of flagged fields,true,data/incoming/tripoli-cafes.kml,authoritative registry or direct verification,"official document, registry entry, or authorized written confirmation",جهة الترخيص السياحي,وزارة السياحة؛ البلدية؛ الجهة المالكة حسب الاختصاص,next_review_cycle,quality,open,"Entity is required for completion, not asserted as the current source."
ACT-00021,LY-FNB-CAF-TRI-00003,tripoliCafes,إيّلا كافي,طرابلس,طرابلس,P3,license_review,license_review,review_required,verified official value or documented not_available,institutional verification of flagged fields,true,data/incoming/tripoli-cafes.kml,authoritative registry or direct verification,"official document, registry entry, or authorized written confirmation",جهة الترخيص السياحي,وزارة السياحة؛ البلدية؛ الجهة المالكة حسب الاختصاص,next_review_cycle,quality,open,"Entity is required for completion, not asserted as the current source."
ACT-00022,LY-FNB-CAF-TRI-00004,tripoliCafes,Cave cafe,طرابلس,طرابلس,P3,license_review,license_review,review_required,verified official value or documented not_available,institutional verification of flagged fields,true,data/incoming/tripoli-cafes.kml,authoritative registry or direct verification,"official document, registry entry, or authorized written confirmation",جهة الترخيص السياحي,وزارة السياحة؛ البلدية؛ الجهة المالكة حسب الاختصاص,next_review_cycle,quality,open,"Entity is required for completion, not asserted as the current source."
ACT-00023,LY-FNB-CAF-TRI-00005,tripoliCafes,كافي دي ماري,طرابلس,طرابلس,P3,license_review,license_review,review_required,verified official value or documented not_available,institutional verification of flagged fields,true,data/incoming/tripoli-cafes.kml,authoritative registry or direct verification,"official document, registry entry, or authorized written confirmation",جهة الترخيص السياحي,وزارة السياحة؛ البلدية؛ الجهة المالكة حسب الاختصاص,next_review_cycle,quality,open,"Entity is required for completion, not asserted as the current source."
ACT-00024,LY-FNB-CAF-TRI-00006,tripoliCafes,Café de Roma,طرابلس,طرابلس,P3,license_review,license_review,review_required,verified official value or documented not_available,institutional verification of flagged fields,true,data/incoming/tripoli-cafes.kml,authoritative registry or direct verification,"official document, registry entry, or authorized written confirmation",جهة الترخيص السياحي,وزارة السياحة؛ البلدية؛ الجهة المالكة حسب الاختصاص,next_review_cycle,quality,open,"Entity is required for completion, not asserted as the current source."
ACT-00025,LY-FNB-CAF-TRI-00007,tripoliCafes,كافي كيان,طرابلس,طرابلس,P3,license_review,license_review,review_required,verified official value or documented not_available,institutional verification of flagged fields,true,data/incoming/tripoli-cafes.kml,authoritative registry or direct verification,"official document, registry entry, or authorized written confirmation",جهة الترخيص السياحي,وزارة السياحة؛ البلدية؛ الجهة المالكة حسب الاختصاص,next_review_cycle,quality,open,"Entity is required for completion, not asserted as the current source."
ACT-00026,LY-FNB-CAF-TRI-00008,tripoliCafes,لاتازا كافي,طرابلس,طرابلس,P3,license_review,license_review,review_required,verified official value or documented not_available,institutional verification of flagged fields,true,data/incoming/tripoli-cafes.kml,authoritative registry or direct verification,"official document, registry entry, or authorized written confirmation",جهة الترخيص السياحي,وزارة السياحة؛ البلدية؛ الجهة المالكة حسب الاختصاص,next_review_cycle,quality,open,"Entity is required for completion, not asserted as the current source."
ACT-00027,LY-FNB-CAF-TRI-00009,tripoliCafes,Mondo Cafe,طرابلس,طرابلس,P3,license_review,license_review,review_required,verified official value or documented not_available,institutional verification of flagged fields,true,data/incoming/tripoli-cafes.kml,authoritative registry or direct verification,"official document, registry entry, or authorized written confirmation",جهة الترخيص السياحي,وزارة السياحة؛ البلدية؛ الجهة المالكة حسب الاختصاص,next_review_cycle,quality,open,"Entity is required for completion, not asserted as the current source."
ACT-00028,LY-FNB-CAF-TRI-00010,tripoliCafes,برانش كافي,طرابلس,طرابلس,P3,license_review,license_review,review_required,verified official value or documented not_available,institutional verification of flagged fields,true,data/incoming/tripoli-cafes.kml,authoritative registry or direct verification,"official document, registry entry, or authorized written confirmation",جهة الترخيص السياحي,وزارة السياحة؛ البلدية؛ الجهة المالكة حسب الاختصاص,next_review_cycle,quality,open,"Entity is required for completion, not asserted as the current source."
ACT-00029,LY-FNB-CAF-TRI-00011,tripoliCafes,كافي تايم,طرابلس,طرابلس,P3,license_review,license_review,review_required,verified official value or documented not_available,institutional verification of flagged fields,true,data/incoming/tripoli-cafes.kml,authoritative registry or direct verification,"official document, registry entry, or authorized written confirmation",جهة الترخيص السياحي,وزارة السياحة؛ البلدية؛ الجهة المالكة حسب الاختصاص,next_review_cycle,quality,open,"Entity is required for completion, not asserted as the current source."
ACT-00030,LY-FNB-CAF-TRI-00012,tripoliCafes,Le Corner Cafe Shop,طرابلس,طرابلس,P3,license_review,license_review,review_required,verified official value or documented not_available,institutional verification of flagged fields,true,data/incoming/tripoli-cafes.kml,authoritative registry or direct verification,"official document, registry entry, or authorized written confirmation",جهة الترخيص السياحي,وزارة السياحة؛ البلدية؛ الجهة المالكة حسب الاختصاص,next_review_cycle,quality,open,"Entity is required for completion, not asserted as the current source."
ACT-00031,LY-FNB-CAF-TRI-00013,tripoliCafes,مقهى سينابون,طرابلس,طرابلس,P3,license_review,license_review,review_required,verified official value or documented not_available,institutional verification of flagged fields,true,data/incoming/tripoli-cafes.kml,authoritative registry or direct verification,"official document, registry entry, or authorized written confirmation",جهة الترخيص السياحي,وزارة السياحة؛ البلدية؛ الجهة المالكة حسب الاختصاص,next_review_cycle,quality,open,"Entity is required for completion, not asserted as the current source."
ACT-00032,LY-FNB-CAF-TRI-00014,tripoliCafes,مقهى الحاج فتحي زاوية الدهماني,طرابلس,طرابلس,P3,license_review,license_review,review_required,verified official value or documented not_available,institutional verification of flagged fields,true,data/incoming/tripoli-cafes.kml,authoritative registry or direct verification,"official document, registry entry, or authorized written confirmation",جهة الترخيص السياحي,وزارة السياحة؛ البلدية؛ الجهة المالكة حسب الاختصاص,next_review_cycle,quality,open,"Entity is required for completion, not asserted as the current source."
ACT-00033,LY-FNB-CAF-TRI-00015,tripoliCafes,La Citta Cafe,طرابلس,طرابلس,P3,license_review,license_review,review_required,verified official value or documented not_available,institutional verification of flagged fields,true,data/incoming/tripoli-cafes.kml,authoritative registry or direct verification,"official document, registry entry, or authorized written confirmation",جهة الترخيص السياحي,وزارة السياحة؛ البلدية؛ الجهة المالكة حسب الاختصاص,next_review_cycle,quality,open,"Entity is required for completion, not asserted as the current source."
ACT-00034,LY-FNB-CAF-TRI-00016,tripoliCafes,كافيه كالدو,طرابلس,طرابلس,P3,license_review,license_review,review_required,verified official value or documented not_available,institutional verification of flagged fields,true,data/incoming/tripoli-cafes.kml,authoritative registry or direct verification,"official document, registry entry, or authorized written confirmation",جهة الترخيص السياحي,وزارة السياحة؛ البلدية؛ الجهة المالكة حسب الاختصاص,next_review_cycle,quality,open,"Entity is required for completion, not asserted as the current source."
ACT-00035,LY-FNB-CAF-TRI-00017,tripoliCafes,Avero Cafe,طرابلس,طرابلس,P3,license_review,license_review,review_required,verified official value or documented not_available,institutional verification of flagged fields,true,data/incoming/tripoli-cafes.kml,authoritative registry or direct verification,"official document, registry entry, or authorized written confirmation",جهة الترخيص السياحي,وزارة السياحة؛ البلدية؛ الجهة المالكة حسب الاختصاص,next_review_cycle,quality,open,"Entity is required for completion, not asserted as the current source."
ACT-00036,LY-FNB-CAF-TRI-00018,tripoliCafes,كافي كورنيتو,طرابلس,طرابلس,P3,license_review,license_review,review_required,verified official value or documented not_available,institutional verification of flagged fields,true,data/incoming/tripoli-cafes.kml,authoritative registry or direct verification,"official document, registry entry, or authorized written confirmation",جهة الترخيص السياحي,وزارة السياحة؛ البلدية؛ الجهة المالكة حسب الاختصاص,next_review_cycle,quality,open,"Entity is required for completion, not asserted as the current source."
ACT-00037,LY-FNB-CAF-TRI-00019,tripoliCafes,مقهى الزيتونة,طرابلس,طرابلس,P3,license_review,license_review,review_required,verified official value or documented not_available,institutional verification of flagged fields,true,data/incoming/tripoli-cafes.kml,authoritative registry or direct verification,"official document, registry entry, or authorized written confirmation",جهة الترخيص السياحي,وزارة السياحة؛ البلدية؛ الجهة المالكة حسب الاختصاص,next_review_cycle,quality,open,"Entity is required for completion, not asserted as the current source."
ACT-00038,LY-FNB-CAF-TRI-00020,tripoliCafes,الباتشينو كافي,طرابلس,طرابلس,P3,license_review,license_review,review_required,verified official value or documented not_available,institutional verification of flagged fields,true,data/incoming/tripoli-cafes.kml,authoritative registry or direct verification,"official document, registry entry, or authorized written confirmation",جهة الترخيص السياحي,وزارة السياحة؛ البلدية؛ الجهة المالكة حسب الاختصاص,next_review_cycle,quality,open,"Entity is required for completion, not asserted as the current source."
ACT-00039,LY-FNB-CAF-TRI-00021,tripoliCafes,aroma Caffe,طرابلس,طرابلس,P3,license_review,license_review,review_required,verified official value or documented not_available,institutional verification of flagged fields,true,data/incoming/tripoli-cafes.kml,authoritative registry or direct verification,"official document, registry entry, or authorized written confirmation",جهة الترخيص السياحي,وزارة السياحة؛ البلدية؛ الجهة المالكة حسب الاختصاص,next_review_cycle,quality,open,"Entity is required for completion, not asserted as the current source."
ACT-00040,LY-FNB-CAF-TRI-00022,tripoliCafes,كافي كازا,طرابلس,طرابلس,P3,license_review,license_review,review_required,verified official value or documented not_available,institutional verification of flagged fields,true,data/incoming/tripoli-cafes.kml,authoritative registry or direct verification,"official document, registry entry, or authorized written confirmation",جهة الترخيص السياحي,وزارة السياحة؛ البلدية؛ الجهة المالكة حسب الاختصاص,next_review_cycle,quality,open,"Entity is required for completion, not asserted as the current source."
ACT-00041,LY-FNB-CAF-TRI-00023,tripoliCafes,مقهى بيانكي,طرابلس,طرابلس,P3,license_review,license_review,review_required,verified official value or documented not_available,institutional verification of flagged fields,true,data/incoming/tripoli-cafes.kml,authoritative registry or direct verification,"official document, registry entry, or authorized written confirmation",جهة الترخيص السياحي,وزارة السياحة؛ البلدية؛ الجهة المالكة حسب الاختصاص,next_review_cycle,quality,open,"Entity is required for completion, not asserted as the current source."
ACT-00042,LY-FNB-CAF-TRI-00024,tripoliCafes,مونتريال كافي,طرابلس,طرابلس,P3,license_review,license_review,review_required,verified official value or documented not_available,institutional verification of flagged fields,true,data/incoming/tripoli-cafes.kml,authoritative registry or direct verification,"official document, registry entry, or authorized written confirmation",جهة الترخيص السياحي,وزارة السياحة؛ البلدية؛ الجهة المالكة حسب الاختصاص,next_review_cycle,quality,open,"Entity is required for completion, not asserted as the current source."
ACT-00043,LY-FNB-CAF-TRI-00025,tripoliCafes,كافي موكا ايطاليا,طرابلس,طرابلس,P3,license_review,license_review,review_required,verified official value or documented not_available,institutional verification of flagged fields,true,data/incoming/tripoli-cafes.kml,authoritative registry or direct verification,"official document, registry entry, or authorized written confirmation",جهة الترخيص السياحي,وزارة السياحة؛ البلدية؛ الجهة المالكة حسب الاختصاص,next_review_cycle,quality,open,"Entity is required for completion, not asserted as the current source."
ACT-00044,LY-FNB-CAF-TRI-00026,tripoliCafes,ALMONDO CAFE,طرابلس,طرابلس,P3,license_review,license_review,review_required,verified official value or documented not_available,institutional verification of flagged fields,true,data/incoming/tripoli-cafes.kml,authoritative registry or direct verification,"official document, registry entry, or authorized written confirmation",جهة الترخيص السياحي,وزارة السياحة؛ البلدية؛ الجهة المالكة حسب الاختصاص,next_review_cycle,quality,open,"Entity is required for completion, not asserted as the current source."
ACT-00045,LY-FNB-CAF-TRI-00027,tripoliCafes,مقهى القادسية,طرابلس,طرابلس,P3,license_review,license_review,review_required,verified official value or documented not_available,institutional verification of flagged fields,true,data/incoming/tripoli-cafes.kml,authoritative registry or direct verification,"official document, registry entry, or authorized written confirmation",جهة الترخيص السياحي,وزارة السياحة؛ البلدية؛ الجهة المالكة حسب الاختصاص,next_review_cycle,quality,open,"Entity is required for completion, not asserted as the current source."
ACT-00046,LY-FNB-CAF-TRI-00028,tripoliCafes,مقهي جردينه,طرابلس,طرابلس,P3,license_review,license_review,review_required,verified official value or documented not_available,institutional verification of flagged fields,true,data/incoming/tripoli-cafes.kml,authoritative registry or direct verification,"official document, registry entry, or authorized written confirmation",جهة الترخيص السياحي,وزارة السياحة؛ البلدية؛ الجهة المالكة حسب الاختصاص,next_review_cycle,quality,open,"Entity is required for completion, not asserted as the current source."
ACT-00048,LY-FNB-CAF-TRI-00030,tripoliCafes,Cafe twins,طرابلس,طرابلس,P3,license_review,license_review,review_required,verified official value or documented not_available,institutional verification of flagged fields,true,data/incoming/tripoli-cafes.kml,authoritative registry or direct verification,"official document, registry entry, or authorized written confirmation",جهة الترخيص السياحي,وزارة السياحة؛ البلدية؛ الجهة المالكة حسب الاختصاص,next_review_cycle,quality,open,"Entity is required for completion, not asserted as the current source."
ACT-00049,LY-FNB-CAF-TRI-00031,tripoliCafes,Mazaj cafe,طرابلس,طرابلس,P3,license_review,license_review,review_required,verified official value or documented not_available,institutional verification of flagged fields,true,data/incoming/tripoli-cafes.kml,authoritative registry or direct verification,"official document, registry entry, or authorized written confirmation",جهة الترخيص السياحي,وزارة السياحة؛ البلدية؛ الجهة المالكة حسب الاختصاص,next_review_cycle,quality,open,"Entity is required for completion, not asserted as the current source."
ACT-00050,LY-FNB-CAF-TRI-00032,tripoliCafes,مقهى حب هان,طرابلس,طرابلس,P3,license_review,license_review,review_required,verified official value or documented not_available,institutional verification of flagged fields,true,data/incoming/tripoli-cafes.kml,authoritative registry or direct verification,"official document, registry entry, or authorized written confirmation",جهة الترخيص السياحي,وزارة السياحة؛ البلدية؛ الجهة المالكة حسب الاختصاص,next_review_cycle,quality,open,"Entity is required for completion, not asserted as the current source."
ACT-00051,LY-FNB-CAF-TRI-00033,tripoliCafes,مقهي كافي لاتي,طرابلس,طرابلس,P3,license_review,license_review,review_required,verified official value or documented not_available,institutional verification of flagged fields,true,data/incoming/tripoli-cafes.kml,authoritative registry or direct verification,"official document, registry entry, or authorized written confirmation",جهة الترخيص السياحي,وزارة السياحة؛ البلدية؛ الجهة المالكة حسب الاختصاص,next_review_cycle,quality,open,"Entity is required for completion, not asserted as the current source."
ACT-00052,LY-FNB-CAF-TRI-00034,tripoliCafes,كافي نيوتلا,طرابلس,طرابلس,P3,license_review,license_review,review_required,verified official value or documented not_available,institutional verification of flagged fields,true,data/incoming/tripoli-cafes.kml,authoritative registry or direct verification,"official document, registry entry, or authorized written confirmation",جهة الترخيص السياحي,وزارة السياحة؛ البلدية؛ الجهة المالكة حسب الاختصاص,next_review_cycle,quality,open,"Entity is required for completion, not asserted as the current source."
ACT-00053,LY-FNB-CAF-TRI-00035,tripoliCafes,City CAFE,طرابلس,طرابلس,P3,license_review,license_review,review_required,verified official value or documented not_available,institutional verification of flagged fields,true,data/incoming/tripoli-cafes.kml,authoritative registry or direct verification,"official document, registry entry, or authorized written confirmation",جهة الترخيص السياحي,وزارة السياحة؛ البلدية؛ الجهة المالكة حسب الاختصاص,next_review_cycle,quality,open,"Entity is required for completion, not asserted as the current source."
ACT-00054,LY-FNB-CAF-TRI-00036,tripoliCafes,GARDEN CAFE,طرابلس,طرابلس,P3,license_review,license_review,review_required,verified official value or documented not_available,institutional verification of flagged fields,true,data/incoming/tripoli-cafes.kml,authoritative registry or direct verification,"official document, registry entry, or authorized written confirmation",جهة الترخيص السياحي,وزارة السياحة؛ البلدية؛ الجهة المالكة حسب الاختصاص,next_review_cycle,quality,open,"Entity is required for completion, not asserted as the current source."
ACT-00055,LY-FNB-CAF-TRI-00037,tripoliCafes,Papparoti Cafe,طرابلس,طرابلس,P3,license_review,license_review,review_required,verified official value or documented not_available,institutional verification of flagged fields,true,data/incoming/tripoli-cafes.kml,authoritative registry or direct verification,"official document, registry entry, or authorized written confirmation",جهة الترخيص السياحي,وزارة السياحة؛ البلدية؛ الجهة المالكة حسب الاختصاص,next_review_cycle,quality,open,"Entity is required for completion, not asserted as the current source."
ACT-00056,LY-FNB-CAF-TRI-00038,tripoliCafes,Caffe Vergnano 1882,طرابلس,طرابلس,P3,license_review,license_review,review_required,verified official value or documented not_available,institutional verification of flagged fields,true,data/incoming/tripoli-cafes.kml,authoritative registry or direct verification,"official document, registry entry, or authorized written confirmation",جهة الترخيص السياحي,وزارة السياحة؛ البلدية؛ الجهة المالكة حسب الاختصاص,next_review_cycle,quality,open,"Entity is required for completion, not asserted as the current source."
ACT-00057,LY-FNB-CAF-TRI-00039,tripoliCafes,Cafe 24,طرابلس,طرابلس,P3,license_review,license_review,review_required,verified official value or documented not_available,institutional verification of flagged fields,true,data/incoming/tripoli-cafes.kml,authoritative registry or direct verification,"official document, registry entry, or authorized written confirmation",جهة الترخيص السياحي,وزارة السياحة؛ البلدية؛ الجهة المالكة حسب الاختصاص,next_review_cycle,quality,open,"Entity is required for completion, not asserted as the current source."
ACT-00058,LY-FNB-CAF-TRI-00040,tripoliCafes,مقهى دا فيو,طرابلس,طرابلس,P3,license_review,license_review,review_required,verified official value or documented not_available,institutional verification of flagged fields,true,data/incoming/tripoli-cafes.kml,authoritative registry or direct verification,"official document, registry entry, or authorized written confirmation",جهة الترخيص السياحي,وزارة السياحة؛ البلدية؛ الجهة المالكة حسب الاختصاص,next_review_cycle,quality,open,"Entity is required for completion, not asserted as the current source."
ACT-00059,LY-FNB-CAF-TRI-00041,tripoliCafes,كارفي كافي,طرابلس,طرابلس,P3,license_review,license_review,review_required,verified official value or documented not_available,institutional verification of flagged fields,true,data/incoming/tripoli-cafes.kml,authoritative registry or direct verification,"official document, registry entry, or authorized written confirmation",جهة الترخيص السياحي,وزارة السياحة؛ البلدية؛ الجهة المالكة حسب الاختصاص,next_review_cycle,quality,open,"Entity is required for completion, not asserted as the current source."
ACT-00060,LY-FNB-CAF-TRI-00042,tripoliCafes,Estados coffee,طرابلس,طرابلس,P3,license_review,license_review,review_required,verified official value or documented not_available,institutional verification of flagged fields,true,data/incoming/tripoli-cafes.kml,authoritative registry or direct verification,"official document, registry entry, or authorized written confirmation",جهة الترخيص السياحي,وزارة السياحة؛ البلدية؛ الجهة المالكة حسب الاختصاص,next_review_cycle,quality,open,"Entity is required for completion, not asserted as the current source."
ACT-00061,LY-FNB-CAF-TRI-00043,tripoliCafes,FIFTY CAFE,طرابلس,طرابلس,P3,license_review,license_review,review_required,verified official value or documented not_available,institutional verification of flagged fields,true,data/incoming/tripoli-cafes.kml,authoritative registry or direct verification,"official document, registry entry, or authorized written confirmation",جهة الترخيص السياحي,وزارة السياحة؛ البلدية؛ الجهة المالكة حسب الاختصاص,next_review_cycle,quality,open,"Entity is required for completion, not asserted as the current source."
ACT-00062,LY-FNB-CAF-TRI-00044,tripoliCafes,Elon Cafe,طرابلس,طرابلس,P3,license_review,license_review,review_required,verified official value or documented not_available,institutional verification of flagged fields,true,data/incoming/tripoli-cafes.kml,authoritative registry or direct verification,"official document, registry entry, or authorized written confirmation",جهة الترخيص السياحي,وزارة السياحة؛ البلدية؛ الجهة المالكة حسب الاختصاص,next_review_cycle,quality,open,"Entity is required for completion, not asserted as the current source."
ACT-00063,LY-FNB-CAF-TRI-00045,tripoliCafes,عصائر بي?اندا,طرابلس,طرابلس,P3,license_review,license_review,review_required,verified official value or documented not_available,institutional verification of flagged fields,true,data/incoming/tripoli-cafes.kml,authoritative registry or direct verification,"official document, registry entry, or authorized written confirmation",جهة الترخيص السياحي,وزارة السياحة؛ البلدية؛ الجهة المالكة حسب الاختصاص,next_review_cycle,quality,open,"Entity is required for completion, not asserted as the current source."
ACT-00064,LY-FNB-CAF-TRI-00046,tripoliCafes,Café Solo,طرابلس,طرابلس,P3,license_review,license_review,review_required,verified official value or documented not_available,institutional verification of flagged fields,true,data/incoming/tripoli-cafes.kml,authoritative registry or direct verification,"official document, registry entry, or authorized written confirmation",جهة الترخيص السياحي,وزارة السياحة؛ البلدية؛ الجهة المالكة حسب الاختصاص,next_review_cycle,quality,open,"Entity is required for completion, not asserted as the current source."
ACT-00066,LY-FNB-CAF-TRI-00048,tripoliCafes,Commercial Caffe,طرابلس,طرابلس,P3,license_review,license_review,review_required,verified official value or documented not_available,institutional verification of flagged fields,true,data/incoming/tripoli-cafes.kml,authoritative registry or direct verification,"official document, registry entry, or authorized written confirmation",جهة الترخيص السياحي,وزارة السياحة؛ البلدية؛ الجهة المالكة حسب الاختصاص,next_review_cycle,quality,open,"Entity is required for completion, not asserted as the current source."
ACT-00067,LY-FNB-CAF-TRI-00049,tripoliCafes,مقهى الجسر,طرابلس,طرابلس,P3,license_review,license_review,review_required,verified official value or documented not_available,institutional verification of flagged fields,true,data/incoming/tripoli-cafes.kml,authoritative registry or direct verification,"official document, registry entry, or authorized written confirmation",جهة الترخيص السياحي,وزارة السياحة؛ البلدية؛ الجهة المالكة حسب الاختصاص,next_review_cycle,quality,open,"Entity is required for completion, not asserted as the current source."
ACT-00068,LY-FNB-CAF-TRI-00050,tripoliCafes,PALMS CAFE,طرابلس,طرابلس,P3,license_review,license_review,review_required,verified official value or documented not_available,institutional verification of flagged fields,true,data/incoming/tripoli-cafes.kml,authoritative registry or direct verification,"official document, registry entry, or authorized written confirmation",جهة الترخيص السياحي,وزارة السياحة؛ البلدية؛ الجهة المالكة حسب الاختصاص,next_review_cycle,quality,open,"Entity is required for completion, not asserted as the current source."
ACT-00069,LY-FNB-CAF-TRI-00051,tripoliCafes,مقهى التومى,طرابلس,طرابلس,P3,license_review,license_review,review_required,verified official value or documented not_available,institutional verification of flagged fields,true,data/incoming/tripoli-cafes.kml,authoritative registry or direct verification,"official document, registry entry, or authorized written confirmation",جهة الترخيص السياحي,وزارة السياحة؛ البلدية؛ الجهة المالكة حسب الاختصاص,next_review_cycle,quality,open,"Entity is required for completion, not asserted as the current source."
ACT-00070,LY-FNB-CAF-TRI-00052,tripoliCafes,مقهي باديه,طرابلس,طرابلس,P3,license_review,license_review,review_required,verified official value or documented not_available,institutional verification of flagged fields,true,data/incoming/tripoli-cafes.kml,authoritative registry or direct verification,"official document, registry entry, or authorized written confirmation",جهة الترخيص السياحي,وزارة السياحة؛ البلدية؛ الجهة المالكة حسب الاختصاص,next_review_cycle,quality,open,"Entity is required for completion, not asserted as the current source."
ACT-00071,LY-FNB-CAF-TRI-00053,tripoliCafes,المقهى الرئاسي,طرابلس,طرابلس,P3,license_review,license_review,review_required,verified official value or documented not_available,institutional verification of flagged fields,true,data/incoming/tripoli-cafes.kml,authoritative registry or direct verification,"official document, registry entry, or authorized written confirmation",جهة الترخيص السياحي,وزارة السياحة؛ البلدية؛ الجهة المالكة حسب الاختصاص,next_review_cycle,quality,open,"Entity is required for completion, not asserted as the current source."
ACT-00072,LY-FNB-CAF-TRI-00054,tripoliCafes,مقهي عين زاره,طرابلس,طرابلس,P3,license_review,license_review,review_required,verified official value or documented not_available,institutional verification of flagged fields,true,data/incoming/tripoli-cafes.kml,authoritative registry or direct verification,"official document, registry entry, or authorized written confirmation",جهة الترخيص السياحي,وزارة السياحة؛ البلدية؛ الجهة المالكة حسب الاختصاص,next_review_cycle,quality,open,"Entity is required for completion, not asserted as the current source."
ACT-00073,LY-FNB-CAF-TRI-00055,tripoliCafes,Atomo Cafe,طرابلس,طرابلس,P3,license_review,license_review,review_required,verified official value or documented not_available,institutional verification of flagged fields,true,data/incoming/tripoli-cafes.kml,authoritative registry or direct verification,"official document, registry entry, or authorized written confirmation",جهة الترخيص السياحي,وزارة السياحة؛ البلدية؛ الجهة المالكة حسب الاختصاص,next_review_cycle,quality,open,"Entity is required for completion, not asserted as the current source."
ACT-00074,LY-FNB-CAF-TRI-00056,tripoliCafes,Bono Cafe,طرابلس,طرابلس,P3,license_review,license_review,review_required,verified official value or documented not_available,institutional verification of flagged fields,true,data/incoming/tripoli-cafes.kml,authoritative registry or direct verification,"official document, registry entry, or authorized written confirmation",جهة الترخيص السياحي,وزارة السياحة؛ البلدية؛ الجهة المالكة حسب الاختصاص,next_review_cycle,quality,open,"Entity is required for completion, not asserted as the current source."
ACT-00075,LY-FNB-CAF-TRI-00057,tripoliCafes,كافي أربن,طرابلس,طرابلس,P3,license_review,license_review,review_required,verified official value or documented not_available,institutional verification of flagged fields,true,data/incoming/tripoli-cafes.kml,authoritative registry or direct verification,"official document, registry entry, or authorized written confirmation",جهة الترخيص السياحي,وزارة السياحة؛ البلدية؛ الجهة المالكة حسب الاختصاص,next_review_cycle,quality,open,"Entity is required for completion, not asserted as the current source."
ACT-00076,LY-FNB-CAF-TRI-00058,tripoliCafes,Mio Caffe and Resto,طرابلس,طرابلس,P3,license_review,license_review,review_required,verified official value or documented not_available,institutional verification of flagged fields,true,data/incoming/tripoli-cafes.kml,authoritative registry or direct verification,"official document, registry entry, or authorized written confirmation",جهة الترخيص السياحي,وزارة السياحة؛ البلدية؛ الجهة المالكة حسب الاختصاص,next_review_cycle,quality,open,"Entity is required for completion, not asserted as the current source."
ACT-00077,LY-FNB-CAF-TRI-00059,tripoliCafes,Tripoli Tur café,طرابلس,طرابلس,P3,license_review,license_review,review_required,verified official value or documented not_available,institutional verification of flagged fields,true,data/incoming/tripoli-cafes.kml,authoritative registry or direct verification,"official document, registry entry, or authorized written confirmation",جهة الترخيص السياحي,وزارة السياحة؛ البلدية؛ الجهة المالكة حسب الاختصاص,next_review_cycle,quality,open,"Entity is required for completion, not asserted as the current source."
ACT-00078,LY-FNB-CAF-TRI-00060,tripoliCafes,كافيه ميدان الجزائر,طرابلس,طرابلس,P3,license_review,license_review,review_required,verified official value or documented not_available,institutional verification of flagged fields,true,data/incoming/tripoli-cafes.kml,authoritative registry or direct verification,"official document, registry entry, or authorized written confirmation",جهة الترخيص السياحي,وزارة السياحة؛ البلدية؛ الجهة المالكة حسب الاختصاص,next_review_cycle,quality,open,"Entity is required for completion, not asserted as the current source."
ACT-00079,LY-FNB-CAF-TRI-00061,tripoliCafes,Cafe Bali,طرابلس,طرابلس,P3,license_review,license_review,review_required,verified official value or documented not_available,institutional verification of flagged fields,true,data/incoming/tripoli-cafes.kml,authoritative registry or direct verification,"official document, registry entry, or authorized written confirmation",جهة الترخيص السياحي,وزارة السياحة؛ البلدية؛ الجهة المالكة حسب الاختصاص,next_review_cycle,quality,open,"Entity is required for completion, not asserted as the current source."
ACT-00080,LY-FNB-CAF-TRI-00062,tripoliCafes,حلويات اتش دبليو,طرابلس,طرابلس,P3,license_review,license_review,review_required,verified official value or documented not_available,institutional verification of flagged fields,true,data/incoming/tripoli-cafes.kml,authoritative registry or direct verification,"official document, registry entry, or authorized written confirmation",جهة الترخيص السياحي,وزارة السياحة؛ البلدية؛ الجهة المالكة حسب الاختصاص,next_review_cycle,quality,open,"Entity is required for completion, not asserted as the current source."
ACT-00082,LY-FNB-CAF-TRI-00064,tripoliCafes,قهوة القصور,طرابلس,طرابلس,P3,license_review,license_review,review_required,verified official value or documented not_available,institutional verification of flagged fields,true,data/incoming/tripoli-cafes.kml,authoritative registry or direct verification,"official document, registry entry, or authorized written confirmation",جهة الترخيص السياحي,وزارة السياحة؛ البلدية؛ الجهة المالكة حسب الاختصاص,next_review_cycle,quality,open,"Entity is required for completion, not asserted as the current source."
ACT-00085,LY-FNB-CAF-TRI-00067,tripoliCafes,فيول كافي,طرابلس,طرابلس,P3,license_review,license_review,review_required,verified official value or documented not_available,institutional verification of flagged fields,true,data/incoming/tripoli-cafes.kml,authoritative registry or direct verification,"official document, registry entry, or authorized written confirmation",جهة الترخيص السياحي,وزارة السياحة؛ البلدية؛ الجهة المالكة حسب الاختصاص,next_review_cycle,quality,open,"Entity is required for completion, not asserted as the current source."
ACT-00086,LY-FNB-CAF-TRI-00068,tripoliCafes,كافي سويت,طرابلس,طرابلس,P3,license_review,license_review,review_required,verified official value or documented not_available,institutional verification of flagged fields,true,data/incoming/tripoli-cafes.kml,authoritative registry or direct verification,"official document, registry entry, or authorized written confirmation",جهة الترخيص السياحي,وزارة السياحة؛ البلدية؛ الجهة المالكة حسب الاختصاص,next_review_cycle,quality,open,"Entity is required for completion, not asserted as the current source."
ACT-00088,LY-FNB-CAF-TRI-00070,tripoliCafes,الحاج فتحي,طرابلس,طرابلس,P3,license_review,license_review,review_required,verified official value or documented not_available,institutional verification of flagged fields,true,data/incoming/tripoli-cafes.kml,authoritative registry or direct verification,"official document, registry entry, or authorized written confirmation",جهة الترخيص السياحي,وزارة السياحة؛ البلدية؛ الجهة المالكة حسب الاختصاص,next_review_cycle,quality,open,"Entity is required for completion, not asserted as the current source."
ACT-00090,LY-FNB-CAF-TRI-00072,tripoliCafes,مقهى ومطعم فلانيل,طرابلس,طرابلس,P3,license_review,license_review,review_required,verified official value or documented not_available,institutional verification of flagged fields,true,data/incoming/tripoli-cafes.kml,authoritative registry or direct verification,"official document, registry entry, or authorized written confirmation",جهة الترخيص السياحي,وزارة السياحة؛ البلدية؛ الجهة المالكة حسب الاختصاص,next_review_cycle,quality,open,"Entity is required for completion, not asserted as the current source."
ACT-00091,LY-FNB-CAF-TRI-00073,tripoliCafes,بونو كافيه,طرابلس,طرابلس,P3,license_review,license_review,review_required,verified official value or documented not_available,institutional verification of flagged fields,true,data/incoming/tripoli-cafes.kml,authoritative registry or direct verification,"official document, registry entry, or authorized written confirmation",جهة الترخيص السياحي,وزارة السياحة؛ البلدية؛ الجهة المالكة حسب الاختصاص,next_review_cycle,quality,open,"Entity is required for completion, not asserted as the current source."
ACT-00092,LY-FNB-CAF-TRI-00074,tripoliCafes,مقهى رواق الوليد,طرابلس,طرابلس,P3,license_review,license_review,review_required,verified official value or documented not_available,institutional verification of flagged fields,true,data/incoming/tripoli-cafes.kml,authoritative registry or direct verification,"official document, registry entry, or authorized written confirmation",جهة الترخيص السياحي,وزارة السياحة؛ البلدية؛ الجهة المالكة حسب الاختصاص,next_review_cycle,quality,open,"Entity is required for completion, not asserted as the current source."
ACT-00093,LY-FNB-CAF-TRI-00075,tripoliCafes,1ONE DEGREE CAFE,طرابلس,طرابلس,P3,license_review,license_review,review_required,verified official value or documented not_available,institutional verification of flagged fields,true,data/incoming/tripoli-cafes.kml,authoritative registry or direct verification,"official document, registry entry, or authorized written confirmation",جهة الترخيص السياحي,وزارة السياحة؛ البلدية؛ الجهة المالكة حسب الاختصاص,next_review_cycle,quality,open,"Entity is required for completion, not asserted as the current source."
ACT-00094,LY-FNB-CAF-TRI-00076,tripoliCafes,كافي 33,طرابلس,طرابلس,P3,license_review,license_review,review_required,verified official value or documented not_available,institutional verification of flagged fields,true,data/incoming/tripoli-cafes.kml,authoritative registry or direct verification,"official document, registry entry, or authorized written confirmation",جهة الترخيص السياحي,وزارة السياحة؛ البلدية؛ الجهة المالكة حسب الاختصاص,next_review_cycle,quality,open,"Entity is required for completion, not asserted as the current source."
ACT-00095,LY-FNB-CAF-TRI-00077,tripoliCafes,Doctor Sweets,طرابلس,طرابلس,P3,license_review,license_review,review_required,verified official value or documented not_available,institutional verification of flagged fields,true,data/incoming/tripoli-cafes.kml,authoritative registry or direct verification,"official document, registry entry, or authorized written confirmation",جهة الترخيص السياحي,وزارة السياحة؛ البلدية؛ الجهة المالكة حسب الاختصاص,next_review_cycle,quality,open,"Entity is required for completion, not asserted as the current source."
ACT-00096,LY-FNB-CAF-TRI-00078,tripoliCafes,مقهى عصام,طرابلس,طرابلس,P3,license_review,license_review,review_required,verified official value or documented not_available,institutional verification of flagged fields,true,data/incoming/tripoli-cafes.kml,authoritative registry or direct verification,"official document, registry entry, or authorized written confirmation",جهة الترخيص السياحي,وزارة السياحة؛ البلدية؛ الجهة المالكة حسب الاختصاص,next_review_cycle,quality,open,"Entity is required for completion, not asserted as the current source."
ACT-00097,LY-FNB-CAF-TRI-00079,tripoliCafes,بولو كافي,طرابلس,طرابلس,P3,license_review,license_review,review_required,verified official value or documented not_available,institutional verification of flagged fields,true,data/incoming/tripoli-cafes.kml,authoritative registry or direct verification,"official document, registry entry, or authorized written confirmation",جهة الترخيص السياحي,وزارة السياحة؛ البلدية؛ الجهة المالكة حسب الاختصاص,next_review_cycle,quality,open,"Entity is required for completion, not asserted as the current source."
ACT-00098,LY-FNB-CAF-TRI-00080,tripoliCafes,براند كافي,طرابلس,طرابلس,P3,license_review,license_review,review_required,verified official value or documented not_available,institutional verification of flagged fields,true,data/incoming/tripoli-cafes.kml,authoritative registry or direct verification,"official document, registry entry, or authorized written confirmation",جهة الترخيص السياحي,وزارة السياحة؛ البلدية؛ الجهة المالكة حسب الاختصاص,next_review_cycle,quality,open,"Entity is required for completion, not asserted as the current source."
ACT-00099,LY-FNB-CAF-TRI-00081,tripoliCafes,روبوستا كافي,طرابلس,طرابلس,P3,license_review,license_review,review_required,verified official value or documented not_available,institutional verification of flagged fields,true,data/incoming/tripoli-cafes.kml,authoritative registry or direct verification,"official document, registry entry, or authorized written confirmation",جهة الترخيص السياحي,وزارة السياحة؛ البلدية؛ الجهة المالكة حسب الاختصاص,next_review_cycle,quality,open,"Entity is required for completion, not asserted as the current source."
ACT-00100,LY-FNB-CAF-TRI-00082,tripoliCafes,CAFE EXPRESSO,طرابلس,طرابلس,P3,license_review,license_review,review_required,verified official value or documented not_available,institutional verification of flagged fields,true,data/incoming/tripoli-cafes.kml,authoritative registry or direct verification,"official document, registry entry, or authorized written confirmation",جهة الترخيص السياحي,وزارة السياحة؛ البلدية؛ الجهة المالكة حسب الاختصاص,next_review_cycle,quality,open,"Entity is required for completion, not asserted as the current source."
ACT-00101,LY-FNB-CAF-TRI-00083,tripoliCafes,مقهى الفنانين,طرابلس,طرابلس,P3,license_review,license_review,review_required,verified official value or documented not_available,institutional verification of flagged fields,true,data/incoming/tripoli-cafes.kml,authoritative registry or direct verification,"official document, registry entry, or authorized written confirmation",جهة الترخيص السياحي,وزارة السياحة؛ البلدية؛ الجهة المالكة حسب الاختصاص,next_review_cycle,quality,open,"Entity is required for completion, not asserted as the current source."
ACT-00102,LY-FNB-CAF-TRI-00084,tripoliCafes,مقهى العبسي,طرابلس,طرابلس,P3,license_review,license_review,review_required,verified official value or documented not_available,institutional verification of flagged fields,true,data/incoming/tripoli-cafes.kml,authoritative registry or direct verification,"official document, registry entry, or authorized written confirmation",جهة الترخيص السياحي,وزارة السياحة؛ البلدية؛ الجهة المالكة حسب الاختصاص,next_review_cycle,quality,open,"Entity is required for completion, not asserted as the current source."
ACT-00103,LY-FNB-CAF-TRI-00085,tripoliCafes,مقهي هوقو,طرابلس,طرابلس,P3,license_review,license_review,review_required,verified official value or documented not_available,institutional verification of flagged fields,true,data/incoming/tripoli-cafes.kml,authoritative registry or direct verification,"official document, registry entry, or authorized written confirmation",جهة الترخيص السياحي,وزارة السياحة؛ البلدية؛ الجهة المالكة حسب الاختصاص,next_review_cycle,quality,open,"Entity is required for completion, not asserted as the current source."
ACT-00104,LY-FNB-CAF-TRI-00086,tripoliCafes,مقهي مستر بودينق,طرابلس,طرابلس,P3,license_review,license_review,review_required,verified official value or documented not_available,institutional verification of flagged fields,true,data/incoming/tripoli-cafes.kml,authoritative registry or direct verification,"official document, registry entry, or authorized written confirmation",جهة الترخيص السياحي,وزارة السياحة؛ البلدية؛ الجهة المالكة حسب الاختصاص,next_review_cycle,quality,open,"Entity is required for completion, not asserted as the current source."
ACT-00106,LY-FNB-CAF-TRI-00088,tripoliCafes,كافي فيتوريا,طرابلس,طرابلس,P3,license_review,license_review,review_required,verified official value or documented not_available,institutional verification of flagged fields,true,data/incoming/tripoli-cafes.kml,authoritative registry or direct verification,"official document, registry entry, or authorized written confirmation",جهة الترخيص السياحي,وزارة السياحة؛ البلدية؛ الجهة المالكة حسب الاختصاص,next_review_cycle,quality,open,"Entity is required for completion, not asserted as the current source."
ACT-00107,LY-FNB-CAF-TRI-00089,tripoliCafes,مقهى الركن السياحي ( مقهى ارقيلة شيشة ),طرابلس,طرابلس,P3,license_review,license_review,review_required,verified official value or documented not_available,institutional verification of flagged fields,true,data/incoming/tripoli-cafes.kml,authoritative registry or direct verification,"official document, registry entry, or authorized written confirmation",جهة الترخيص السياحي,وزارة السياحة؛ البلدية؛ الجهة المالكة حسب الاختصاص,next_review_cycle,quality,open,"Entity is required for completion, not asserted as the current source."
ACT-00108,LY-FNB-CAF-TRI-00090,tripoliCafes,حلويات شهرزاد,طرابلس,طرابلس,P3,license_review,license_review,review_required,verified official value or documented not_available,institutional verification of flagged fields,true,data/incoming/tripoli-cafes.kml,authoritative registry or direct verification,"official document, registry entry, or authorized written confirmation",جهة الترخيص السياحي,وزارة السياحة؛ البلدية؛ الجهة المالكة حسب الاختصاص,next_review_cycle,quality,open,"Entity is required for completion, not asserted as the current source."
ACT-00110,LY-FNB-CAF-TRI-00092,tripoliCafes,Cafe Adam,طرابلس,طرابلس,P3,license_review,license_review,review_required,verified official value or documented not_available,institutional verification of flagged fields,true,data/incoming/tripoli-cafes.kml,authoritative registry or direct verification,"official document, registry entry, or authorized written confirmation",جهة الترخيص السياحي,وزارة السياحة؛ البلدية؛ الجهة المالكة حسب الاختصاص,next_review_cycle,quality,open,"Entity is required for completion, not asserted as the current source."
ACT-00111,LY-FNB-CAF-TRI-00093,tripoliCafes,NOTA cafe,طرابلس,طرابلس,P3,license_review,license_review,review_required,verified official value or documented not_available,institutional verification of flagged fields,true,data/incoming/tripoli-cafes.kml,authoritative registry or direct verification,"official document, registry entry, or authorized written confirmation",جهة الترخيص السياحي,وزارة السياحة؛ البلدية؛ الجهة المالكة حسب الاختصاص,next_review_cycle,quality,open,"Entity is required for completion, not asserted as the current source."
ACT-00112,LY-FNB-CAF-TRI-00094,tripoliCafes,مقهى الدغيس,طرابلس,طرابلس,P3,license_review,license_review,review_required,verified official value or documented not_available,institutional verification of flagged fields,true,data/incoming/tripoli-cafes.kml,authoritative registry or direct verification,"official document, registry entry, or authorized written confirmation",جهة الترخيص السياحي,وزارة السياحة؛ البلدية؛ الجهة المالكة حسب الاختصاص,next_review_cycle,quality,open,"Entity is required for completion, not asserted as the current source."
ACT-00113,LY-FNB-CAF-TRI-00095,tripoliCafes,كافي كافا,طرابلس,طرابلس,P3,license_review,license_review,review_required,verified official value or documented not_available,institutional verification of flagged fields,true,data/incoming/tripoli-cafes.kml,authoritative registry or direct verification,"official document, registry entry, or authorized written confirmation",جهة الترخيص السياحي,وزارة السياحة؛ البلدية؛ الجهة المالكة حسب الاختصاص,next_review_cycle,quality,open,"Entity is required for completion, not asserted as the current source."
ACT-00114,LY-FNB-CAF-TRI-00096,tripoliCafes,مقهي الكشك,طرابلس,طرابلس,P3,license_review,license_review,review_required,verified official value or documented not_available,institutional verification of flagged fields,true,data/incoming/tripoli-cafes.kml,authoritative registry or direct verification,"official document, registry entry, or authorized written confirmation",جهة الترخيص السياحي,وزارة السياحة؛ البلدية؛ الجهة المالكة حسب الاختصاص,next_review_cycle,quality,open,"Entity is required for completion, not asserted as the current source."
ACT-00115,LY-FNB-CAF-TRI-00097,tripoliCafes,Country Boy Cafe,طرابلس,طرابلس,P3,license_review,license_review,review_required,verified official value or documented not_available,institutional verification of flagged fields,true,data/incoming/tripoli-cafes.kml,authoritative registry or direct verification,"official document, registry entry, or authorized written confirmation",جهة الترخيص السياحي,وزارة السياحة؛ البلدية؛ الجهة المالكة حسب الاختصاص,next_review_cycle,quality,open,"Entity is required for completion, not asserted as the current source."
ACT-00117,LY-FNB-CAF-TRI-00099,tripoliCafes,مقهى الفانوس,طرابلس,طرابلس,P3,license_review,license_review,review_required,verified official value or documented not_available,institutional verification of flagged fields,true,data/incoming/tripoli-cafes.kml,authoritative registry or direct verification,"official document, registry entry, or authorized written confirmation",جهة الترخيص السياحي,وزارة السياحة؛ البلدية؛ الجهة المالكة حسب الاختصاص,next_review_cycle,quality,open,"Entity is required for completion, not asserted as the current source."
ACT-00118,LY-FNB-CAF-TRI-00100,tripoliCafes,مقهى مانقو السياحية,طرابلس,طرابلس,P3,license_review,license_review,review_required,verified official value or documented not_available,institutional verification of flagged fields,true,data/incoming/tripoli-cafes.kml,authoritative registry or direct verification,"official document, registry entry, or authorized written confirmation",جهة الترخيص السياحي,وزارة السياحة؛ البلدية؛ الجهة المالكة حسب الاختصاص,next_review_cycle,quality,open,"Entity is required for completion, not asserted as the current source."
ACT-00119,LY-FNB-CAF-TRI-00101,tripoliCafes,لاشيتا كافي,طرابلس,طرابلس,P3,license_review,license_review,review_required,verified official value or documented not_available,institutional verification of flagged fields,true,data/incoming/tripoli-cafes.kml,authoritative registry or direct verification,"official document, registry entry, or authorized written confirmation",جهة الترخيص السياحي,وزارة السياحة؛ البلدية؛ الجهة المالكة حسب الاختصاص,next_review_cycle,quality,open,"Entity is required for completion, not asserted as the current source."
ACT-00122,LY-FNB-CAF-TRI-00104,tripoliCafes,كيمو كافي السياحيه,طرابلس,طرابلس,P3,license_review,license_review,review_required,verified official value or documented not_available,institutional verification of flagged fields,true,data/incoming/tripoli-cafes.kml,authoritative registry or direct verification,"official document, registry entry, or authorized written confirmation",جهة الترخيص السياحي,وزارة السياحة؛ البلدية؛ الجهة المالكة حسب الاختصاص,next_review_cycle,quality,open,"Entity is required for completion, not asserted as the current source."
ACT-00123,LY-FNB-CAF-TRI-00105,tripoliCafes,قهوة 11,طرابلس,طرابلس,P3,license_review,license_review,review_required,verified official value or documented not_available,institutional verification of flagged fields,true,data/incoming/tripoli-cafes.kml,authoritative registry or direct verification,"official document, registry entry, or authorized written confirmation",جهة الترخيص السياحي,وزارة السياحة؛ البلدية؛ الجهة المالكة حسب الاختصاص,next_review_cycle,quality,open,"Entity is required for completion, not asserted as the current source."
ACT-00124,LY-FNB-CAF-TRI-00106,tripoliCafes,مقهى لاكارايا,طرابلس,طرابلس,P3,license_review,license_review,review_required,verified official value or documented not_available,institutional verification of flagged fields,true,data/incoming/tripoli-cafes.kml,authoritative registry or direct verification,"official document, registry entry, or authorized written confirmation",جهة الترخيص السياحي,وزارة السياحة؛ البلدية؛ الجهة المالكة حسب الاختصاص,next_review_cycle,quality,open,"Entity is required for completion, not asserted as the current source."
ACT-00125,LY-FNB-CAF-TRI-00107,tripoliCafes,كافيه كديلك,طرابلس,طرابلس,P3,license_review,license_review,review_required,verified official value or documented not_available,institutional verification of flagged fields,true,data/incoming/tripoli-cafes.kml,authoritative registry or direct verification,"official document, registry entry, or authorized written confirmation",جهة الترخيص السياحي,وزارة السياحة؛ البلدية؛ الجهة المالكة حسب الاختصاص,next_review_cycle,quality,open,"Entity is required for completion, not asserted as the current source."
ACT-00126,LY-FNB-CAF-TRI-00108,tripoliCafes,كافي716,طرابلس,طرابلس,P3,license_review,license_review,review_required,verified official value or documented not_available,institutional verification of flagged fields,true,data/incoming/tripoli-cafes.kml,authoritative registry or direct verification,"official document, registry entry, or authorized written confirmation",جهة الترخيص السياحي,وزارة السياحة؛ البلدية؛ الجهة المالكة حسب الاختصاص,next_review_cycle,quality,open,"Entity is required for completion, not asserted as the current source."
ACT-00127,LY-FNB-CAF-TRI-00109,tripoliCafes,البيك للحلويات والعصائر,طرابلس,طرابلس,P3,license_review,license_review,review_required,verified official value or documented not_available,institutional verification of flagged fields,true,data/incoming/tripoli-cafes.kml,authoritative registry or direct verification,"official document, registry entry, or authorized written confirmation",جهة الترخيص السياحي,وزارة السياحة؛ البلدية؛ الجهة المالكة حسب الاختصاص,next_review_cycle,quality,open,"Entity is required for completion, not asserted as the current source."
ACT-00128,LY-FNB-CAF-TRI-00110,tripoliCafes,مقهى ميرال,طرابلس,طرابلس,P3,license_review,license_review,review_required,verified official value or documented not_available,institutional verification of flagged fields,true,data/incoming/tripoli-cafes.kml,authoritative registry or direct verification,"official document, registry entry, or authorized written confirmation",جهة الترخيص السياحي,وزارة السياحة؛ البلدية؛ الجهة المالكة حسب الاختصاص,next_review_cycle,quality,open,"Entity is required for completion, not asserted as the current source."
ACT-00129,LY-FNB-CAF-TRI-00111,tripoliCafes,كافي موتشي Cafe Motche,طرابلس,طرابلس,P3,license_review,license_review,review_required,verified official value or documented not_available,institutional verification of flagged fields,true,data/incoming/tripoli-cafes.kml,authoritative registry or direct verification,"official document, registry entry, or authorized written confirmation",جهة الترخيص السياحي,وزارة السياحة؛ البلدية؛ الجهة المالكة حسب الاختصاص,next_review_cycle,quality,open,"Entity is required for completion, not asserted as the current source."
ACT-00130,LY-FNB-CAF-TRI-00112,tripoliCafes,كافي مناف Manaf Cafe,طرابلس,طرابلس,P3,license_review,license_review,review_required,verified official value or documented not_available,institutional verification of flagged fields,true,data/incoming/tripoli-cafes.kml,authoritative registry or direct verification,"official document, registry entry, or authorized written confirmation",جهة الترخيص السياحي,وزارة السياحة؛ البلدية؛ الجهة المالكة حسب الاختصاص,next_review_cycle,quality,open,"Entity is required for completion, not asserted as the current source."
ACT-00131,LY-FNB-CAF-TRI-00113,tripoliCafes,كافي شمس الأندلس,طرابلس,طرابلس,P3,license_review,license_review,review_required,verified official value or documented not_available,institutional verification of flagged fields,true,data/incoming/tripoli-cafes.kml,authoritative registry or direct verification,"official document, registry entry, or authorized written confirmation",جهة الترخيص السياحي,وزارة السياحة؛ البلدية؛ الجهة المالكة حسب الاختصاص,next_review_cycle,quality,open,"Entity is required for completion, not asserted as the current source."
ACT-00132,LY-FNB-CAF-TRI-00114,tripoliCafes,كافي لوقانو lugano,طرابلس,طرابلس,P3,license_review,license_review,review_required,verified official value or documented not_available,institutional verification of flagged fields,true,data/incoming/tripoli-cafes.kml,authoritative registry or direct verification,"official document, registry entry, or authorized written confirmation",جهة الترخيص السياحي,وزارة السياحة؛ البلدية؛ الجهة المالكة حسب الاختصاص,next_review_cycle,quality,open,"Entity is required for completion, not asserted as the current source."
ACT-00134,LY-FNB-CAF-TRI-00116,tripoliCafes,JOE & THE JUICE LIBYA,طرابلس,طرابلس,P3,license_review,license_review,review_required,verified official value or documented not_available,institutional verification of flagged fields,true,data/incoming/tripoli-cafes.kml,authoritative registry or direct verification,"official document, registry entry, or authorized written confirmation",جهة الترخيص السياحي,وزارة السياحة؛ البلدية؛ الجهة المالكة حسب الاختصاص,next_review_cycle,quality,open,"Entity is required for completion, not asserted as the current source."
ACT-00135,LY-FNB-CAF-TRI-00117,tripoliCafes,الحاج فتحي,طرابلس,طرابلس,P3,license_review,license_review,review_required,verified official value or documented not_available,institutional verification of flagged fields,true,data/incoming/tripoli-cafes.kml,authoritative registry or direct verification,"official document, registry entry, or authorized written confirmation",جهة الترخيص السياحي,وزارة السياحة؛ البلدية؛ الجهة المالكة حسب الاختصاص,next_review_cycle,quality,open,"Entity is required for completion, not asserted as the current source."
ACT-00136,LY-FNB-CAF-TRI-00118,tripoliCafes,هافانا للعصائر,طرابلس,طرابلس,P3,license_review,license_review,review_required,verified official value or documented not_available,institutional verification of flagged fields,true,data/incoming/tripoli-cafes.kml,authoritative registry or direct verification,"official document, registry entry, or authorized written confirmation",جهة الترخيص السياحي,وزارة السياحة؛ البلدية؛ الجهة المالكة حسب الاختصاص,next_review_cycle,quality,open,"Entity is required for completion, not asserted as the current source."
ACT-00141,LY-FNB-CAF-TRI-00123,tripoliCafes,Lotche Cafe - مقهى لوتشي,طرابلس,طرابلس,P3,license_review,license_review,review_required,verified official value or documented not_available,institutional verification of flagged fields,true,data/incoming/tripoli-cafes.kml,authoritative registry or direct verification,"official document, registry entry, or authorized written confirmation",جهة الترخيص السياحي,وزارة السياحة؛ البلدية؛ الجهة المالكة حسب الاختصاص,next_review_cycle,quality,open,"Entity is required for completion, not asserted as the current source."
ACT-00144,LY-FNB-CAF-TRI-00126,tripoliCafes,مقهى البناني,طرابلس,طرابلس,P3,license_review,license_review,review_required,verified official value or documented not_available,institutional verification of flagged fields,true,data/incoming/tripoli-cafes.kml,authoritative registry or direct verification,"official document, registry entry, or authorized written confirmation",جهة الترخيص السياحي,وزارة السياحة؛ البلدية؛ الجهة المالكة حسب الاختصاص,next_review_cycle,quality,open,"Entity is required for completion, not asserted as the current source."
ACT-00146,LY-FNB-CAF-TRI-00128,tripoliCafes,الحاج فتحي - جنزور,طرابلس,طرابلس,P3,license_review,license_review,review_required,verified official value or documented not_available,institutional verification of flagged fields,true,data/incoming/tripoli-cafes.kml,authoritative registry or direct verification,"official document, registry entry, or authorized written confirmation",جهة الترخيص السياحي,وزارة السياحة؛ البلدية؛ الجهة المالكة حسب الاختصاص,next_review_cycle,quality,open,"Entity is required for completion, not asserted as the current source."
ACT-00147,LY-FNB-CAF-TRI-00129,tripoliCafes,De keyff cafe,طرابلس,طرابلس,P3,license_review,license_review,review_required,verified official value or documented not_available,institutional verification of flagged fields,true,data/incoming/tripoli-cafes.kml,authoritative registry or direct verification,"official document, registry entry, or authorized written confirmation",جهة الترخيص السياحي,وزارة السياحة؛ البلدية؛ الجهة المالكة حسب الاختصاص,next_review_cycle,quality,open,"Entity is required for completion, not asserted as the current source."
ACT-00148,LY-FNB-CAF-TRI-00130,tripoliCafes,WM JTV Cafe,طرابلس,طرابلس,P3,license_review,license_review,review_required,verified official value or documented not_available,institutional verification of flagged fields,true,data/incoming/tripoli-cafes.kml,authoritative registry or direct verification,"official document, registry entry, or authorized written confirmation",جهة الترخيص السياحي,وزارة السياحة؛ البلدية؛ الجهة المالكة حسب الاختصاص,next_review_cycle,quality,open,"Entity is required for completion, not asserted as the current source."
ACT-00149,LY-FNB-CAF-TRI-00131,tripoliCafes,مقهى الكروان,طرابلس,طرابلس,P3,license_review,license_review,review_required,verified official value or documented not_available,institutional verification of flagged fields,true,data/incoming/tripoli-cafes.kml,authoritative registry or direct verification,"official document, registry entry, or authorized written confirmation",جهة الترخيص السياحي,وزارة السياحة؛ البلدية؛ الجهة المالكة حسب الاختصاص,next_review_cycle,quality,open,"Entity is required for completion, not asserted as the current source."
ACT-00150,LY-FNB-CAF-TRI-00132,tripoliCafes,كافي المشتل,طرابلس,طرابلس,P3,license_review,license_review,review_required,verified official value or documented not_available,institutional verification of flagged fields,true,data/incoming/tripoli-cafes.kml,authoritative registry or direct verification,"official document, registry entry, or authorized written confirmation",جهة الترخيص السياحي,وزارة السياحة؛ البلدية؛ الجهة المالكة حسب الاختصاص,next_review_cycle,quality,open,"Entity is required for completion, not asserted as the current source."
ACT-00151,LY-FNB-CAF-TRI-00133,tripoliCafes,DK COFFEE,طرابلس,طرابلس,P3,license_review,license_review,review_required,verified official value or documented not_available,institutional verification of flagged fields,true,data/incoming/tripoli-cafes.kml,authoritative registry or direct verification,"official document, registry entry, or authorized written confirmation",جهة الترخيص السياحي,وزارة السياحة؛ البلدية؛ الجهة المالكة حسب الاختصاص,next_review_cycle,quality,open,"Entity is required for completion, not asserted as the current source."
ACT-00154,LY-FNB-CAF-TRI-00136,tripoliCafes,مقهى المشتل,طرابلس,طرابلس,P3,license_review,license_review,review_required,verified official value or documented not_available,institutional verification of flagged fields,true,data/incoming/tripoli-cafes.kml,authoritative registry or direct verification,"official document, registry entry, or authorized written confirmation",جهة الترخيص السياحي,وزارة السياحة؛ البلدية؛ الجهة المالكة حسب الاختصاص,next_review_cycle,quality,open,"Entity is required for completion, not asserted as the current source."
ACT-00155,LY-FNB-CAF-TRI-00137,tripoliCafes,Be one cafe بي وان كافي,طرابلس,طرابلس,P3,license_review,license_review,review_required,verified official value or documented not_available,institutional verification of flagged fields,true,data/incoming/tripoli-cafes.kml,authoritative registry or direct verification,"official document, registry entry, or authorized written confirmation",جهة الترخيص السياحي,وزارة السياحة؛ البلدية؛ الجهة المالكة حسب الاختصاص,next_review_cycle,quality,open,"Entity is required for completion, not asserted as the current source."
ACT-00156,LY-FNB-CAF-TRI-00138,tripoliCafes,قهوة حاتم,طرابلس,طرابلس,P3,license_review,license_review,review_required,verified official value or documented not_available,institutional verification of flagged fields,true,data/incoming/tripoli-cafes.kml,authoritative registry or direct verification,"official document, registry entry, or authorized written confirmation",جهة الترخيص السياحي,وزارة السياحة؛ البلدية؛ الجهة المالكة حسب الاختصاص,next_review_cycle,quality,open,"Entity is required for completion, not asserted as the current source."
ACT-00157,LY-FNB-CAF-TRI-00139,tripoliCafes,Cafe 717,طرابلس,طرابلس,P3,license_review,license_review,review_required,verified official value or documented not_available,institutional verification of flagged fields,true,data/incoming/tripoli-cafes.kml,authoritative registry or direct verification,"official document, registry entry, or authorized written confirmation",جهة الترخيص السياحي,وزارة السياحة؛ البلدية؛ الجهة المالكة حسب الاختصاص,next_review_cycle,quality,open,"Entity is required for completion, not asserted as the current source."
ACT-00158,LY-FNB-CAF-TRI-00140,tripoliCafes,حلويات موزارت - السياحية,طرابلس,طرابلس,P3,license_review,license_review,review_required,verified official value or documented not_available,institutional verification of flagged fields,true,data/incoming/tripoli-cafes.kml,authoritative registry or direct verification,"official document, registry entry, or authorized written confirmation",جهة الترخيص السياحي,وزارة السياحة؛ البلدية؛ الجهة المالكة حسب الاختصاص,next_review_cycle,quality,open,"Entity is required for completion, not asserted as the current source."
ACT-00161,LY-FNB-CAF-TRI-00143,tripoliCafes,مقهى بيتزا الفورنو غوط الشعال,طرابلس,طرابلس,P3,license_review,license_review,review_required,verified official value or documented not_available,institutional verification of flagged fields,true,data/incoming/tripoli-cafes.kml,authoritative registry or direct verification,"official document, registry entry, or authorized written confirmation",جهة الترخيص السياحي,وزارة السياحة؛ البلدية؛ الجهة المالكة حسب الاختصاص,next_review_cycle,quality,open,"Entity is required for completion, not asserted as the current source."
ACT-00163,LY-FNB-CAF-TRI-00145,tripoliCafes,مقهى - السراج,طرابلس,طرابلس,P3,license_review,license_review,review_required,verified official value or documented not_available,institutional verification of flagged fields,true,data/incoming/tripoli-cafes.kml,authoritative registry or direct verification,"official document, registry entry, or authorized written confirmation",جهة الترخيص السياحي,وزارة السياحة؛ البلدية؛ الجهة المالكة حسب الاختصاص,next_review_cycle,quality,open,"Entity is required for completion, not asserted as the current source."
ACT-00165,LY-FNB-CAF-TRI-00147,tripoliCafes,Aws coffee,طرابلس,طرابلس,P3,license_review,license_review,review_required,verified official value or documented not_available,institutional verification of flagged fields,true,data/incoming/tripoli-cafes.kml,authoritative registry or direct verification,"official document, registry entry, or authorized written confirmation",جهة الترخيص السياحي,وزارة السياحة؛ البلدية؛ الجهة المالكة حسب الاختصاص,next_review_cycle,quality,open,"Entity is required for completion, not asserted as the current source."
ACT-00166,LY-FNB-CAF-TRI-00148,tripoliCafes,A K Caffee,طرابلس,طرابلس,P3,license_review,license_review,review_required,verified official value or documented not_available,institutional verification of flagged fields,true,data/incoming/tripoli-cafes.kml,authoritative registry or direct verification,"official document, registry entry, or authorized written confirmation",جهة الترخيص السياحي,وزارة السياحة؛ البلدية؛ الجهة المالكة حسب الاختصاص,next_review_cycle,quality,open,"Entity is required for completion, not asserted as the current source."
ACT-00169,LY-FNB-CAF-TRI-00151,tripoliCafes,مطحن الاجم لتحميص وطحن القهوة ومستلزمات المطاحن والمقاهي,طرابلس,طرابلس,P3,license_review,license_review,review_required,verified official value or documented not_available,institutional verification of flagged fields,true,data/incoming/tripoli-cafes.kml,authoritative registry or direct verification,"official document, registry entry, or authorized written confirmation",جهة الترخيص السياحي,وزارة السياحة؛ البلدية؛ الجهة المالكة حسب الاختصاص,next_review_cycle,quality,open,"Entity is required for completion, not asserted as the current source."
ACT-00170,LY-FNB-CAF-TRI-00152,tripoliCafes,كافي أبوسنينة,طرابلس,طرابلس,P3,license_review,license_review,review_required,verified official value or documented not_available,institutional verification of flagged fields,true,data/incoming/tripoli-cafes.kml,authoritative registry or direct verification,"official document, registry entry, or authorized written confirmation",جهة الترخيص السياحي,وزارة السياحة؛ البلدية؛ الجهة المالكة حسب الاختصاص,next_review_cycle,quality,open,"Entity is required for completion, not asserted as the current source."
ACT-00172,LY-FNB-CAF-TRI-00154,tripoliCafes,نادي القهوة Club café,طرابلس,طرابلس,P3,license_review,license_review,review_required,verified official value or documented not_available,institutional verification of flagged fields,true,data/incoming/tripoli-cafes.kml,authoritative registry or direct verification,"official document, registry entry, or authorized written confirmation",جهة الترخيص السياحي,وزارة السياحة؛ البلدية؛ الجهة المالكة حسب الاختصاص,next_review_cycle,quality,open,"Entity is required for completion, not asserted as the current source."
ACT-00175,LY-FNB-CAF-TRI-00157,tripoliCafes,O2 Café,طرابلس,طرابلس,P3,license_review,license_review,review_required,verified official value or documented not_available,institutional verification of flagged fields,true,data/incoming/tripoli-cafes.kml,authoritative registry or direct verification,"official document, registry entry, or authorized written confirmation",جهة الترخيص السياحي,وزارة السياحة؛ البلدية؛ الجهة المالكة حسب الاختصاص,next_review_cycle,quality,open,"Entity is required for completion, not asserted as the current source."
ACT-00176,LY-FNB-CAF-TRI-00158,tripoliCafes,مقهى هارون - حي الأندلس,طرابلس,طرابلس,P3,license_review,license_review,review_required,verified official value or documented not_available,institutional verification of flagged fields,true,data/incoming/tripoli-cafes.kml,authoritative registry or direct verification,"official document, registry entry, or authorized written confirmation",جهة الترخيص السياحي,وزارة السياحة؛ البلدية؛ الجهة المالكة حسب الاختصاص,next_review_cycle,quality,open,"Entity is required for completion, not asserted as the current source."
ACT-00177,LY-FNB-CAF-TRI-00159,tripoliCafes,ORANGE COFFEE,طرابلس,طرابلس,P3,license_review,license_review,review_required,verified official value or documented not_available,institutional verification of flagged fields,true,data/incoming/tripoli-cafes.kml,authoritative registry or direct verification,"official document, registry entry, or authorized written confirmation",جهة الترخيص السياحي,وزارة السياحة؛ البلدية؛ الجهة المالكة حسب الاختصاص,next_review_cycle,quality,open,"Entity is required for completion, not asserted as the current source."
ACT-00178,LY-FNB-CAF-TRI-00160,tripoliCafes,حلويات العسال,طرابلس,طرابلس,P3,license_review,license_review,review_required,verified official value or documented not_available,institutional verification of flagged fields,true,data/incoming/tripoli-cafes.kml,authoritative registry or direct verification,"official document, registry entry, or authorized written confirmation",جهة الترخيص السياحي,وزارة السياحة؛ البلدية؛ الجهة المالكة حسب الاختصاص,next_review_cycle,quality,open,"Entity is required for completion, not asserted as the current source."
ACT-00181,LY-FNB-CAF-TRI-00163,tripoliCafes,مقهى اداليا,طرابلس,طرابلس,P3,license_review,license_review,review_required,verified official value or documented not_available,institutional verification of flagged fields,true,data/incoming/tripoli-cafes.kml,authoritative registry or direct verification,"official document, registry entry, or authorized written confirmation",جهة الترخيص السياحي,وزارة السياحة؛ البلدية؛ الجهة المالكة حسب الاختصاص,next_review_cycle,quality,open,"Entity is required for completion, not asserted as the current source."
ACT-00182,LY-FNB-CAF-TRI-00164,tripoliCafes,Wees Cafe - ويس كافي,طرابلس,طرابلس,P3,license_review,license_review,review_required,verified official value or documented not_available,institutional verification of flagged fields,true,data/incoming/tripoli-cafes.kml,authoritative registry or direct verification,"official document, registry entry, or authorized written confirmation",جهة الترخيص السياحي,وزارة السياحة؛ البلدية؛ الجهة المالكة حسب الاختصاص,next_review_cycle,quality,open,"Entity is required for completion, not asserted as the current source."
ACT-00184,LY-FNB-CAF-TRI-00166,tripoliCafes,عصير تايم,طرابلس,طرابلس,P3,license_review,license_review,review_required,verified official value or documented not_available,institutional verification of flagged fields,true,data/incoming/tripoli-cafes.kml,authoritative registry or direct verification,"official document, registry entry, or authorized written confirmation",جهة الترخيص السياحي,وزارة السياحة؛ البلدية؛ الجهة المالكة حسب الاختصاص,next_review_cycle,quality,open,"Entity is required for completion, not asserted as the current source."
ACT-00185,LY-FNB-CAF-TRI-00167,tripoliCafes,مقهى آلينور,طرابلس,طرابلس,P3,license_review,license_review,review_required,verified official value or documented not_available,institutional verification of flagged fields,true,data/incoming/tripoli-cafes.kml,authoritative registry or direct verification,"official document, registry entry, or authorized written confirmation",جهة الترخيص السياحي,وزارة السياحة؛ البلدية؛ الجهة المالكة حسب الاختصاص,next_review_cycle,quality,open,"Entity is required for completion, not asserted as the current source."
ACT-00189,LY-FNB-CAF-TRI-00171,tripoliCafes,حلويات زهرة المدائن,طرابلس,طرابلس,P3,license_review,license_review,review_required,verified official value or documented not_available,institutional verification of flagged fields,true,data/incoming/tripoli-cafes.kml,authoritative registry or direct verification,"official document, registry entry, or authorized written confirmation",جهة الترخيص السياحي,وزارة السياحة؛ البلدية؛ الجهة المالكة حسب الاختصاص,next_review_cycle,quality,open,"Entity is required for completion, not asserted as the current source."
ACT-00194,LY-FNB-CAF-TRI-00176,tripoliCafes,Green Cafe,طرابلس,طرابلس,P3,license_review,license_review,review_required,verified official value or documented not_available,institutional verification of flagged fields,true,data/incoming/tripoli-cafes.kml,authoritative registry or direct verification,"official document, registry entry, or authorized written confirmation",جهة الترخيص السياحي,وزارة السياحة؛ البلدية؛ الجهة المالكة حسب الاختصاص,next_review_cycle,quality,open,"Entity is required for completion, not asserted as the current source."
ACT-00196,LY-FNB-CAF-TRI-00178,tripoliCafes,مقهي ابناء عشيبة للسندوتشات,طرابلس,طرابلس,P3,license_review,license_review,review_required,verified official value or documented not_available,institutional verification of flagged fields,true,data/incoming/tripoli-cafes.kml,authoritative registry or direct verification,"official document, registry entry, or authorized written confirmation",جهة الترخيص السياحي,وزارة السياحة؛ البلدية؛ الجهة المالكة حسب الاختصاص,next_review_cycle,quality,open,"Entity is required for completion, not asserted as the current source."
ACT-00197,LY-FNB-CAF-TRI-00179,tripoliCafes,AsROMA Caffee,طرابلس,طرابلس,P3,license_review,license_review,review_required,verified official value or documented not_available,institutional verification of flagged fields,true,data/incoming/tripoli-cafes.kml,authoritative registry or direct verification,"official document, registry entry, or authorized written confirmation",جهة الترخيص السياحي,وزارة السياحة؛ البلدية؛ الجهة المالكة حسب الاختصاص,next_review_cycle,quality,open,"Entity is required for completion, not asserted as the current source."
ACT-00199,LY-FNB-CAF-TRI-00181,tripoliCafes,مقهي البيادر.مشاوي علي للفحم,طرابلس,طرابلس,P3,license_review,license_review,review_required,verified official value or documented not_available,institutional verification of flagged fields,true,data/incoming/tripoli-cafes.kml,authoritative registry or direct verification,"official document, registry entry, or authorized written confirmation",جهة الترخيص السياحي,وزارة السياحة؛ البلدية؛ الجهة المالكة حسب الاختصاص,next_review_cycle,quality,open,"Entity is required for completion, not asserted as the current source."
ACT-00200,LY-FNB-CAF-TRI-00182,tripoliCafes,Ram Cafe,طرابلس,طرابلس,P3,license_review,license_review,review_required,verified official value or documented not_available,institutional verification of flagged fields,true,data/incoming/tripoli-cafes.kml,authoritative registry or direct verification,"official document, registry entry, or authorized written confirmation",جهة الترخيص السياحي,وزارة السياحة؛ البلدية؛ الجهة المالكة حسب الاختصاص,next_review_cycle,quality,open,"Entity is required for completion, not asserted as the current source."
ACT-00201,LY-FNB-CAF-TRI-00183,tripoliCafes,كافي شيش خان,طرابلس,طرابلس,P3,license_review,license_review,review_required,verified official value or documented not_available,institutional verification of flagged fields,true,data/incoming/tripoli-cafes.kml,authoritative registry or direct verification,"official document, registry entry, or authorized written confirmation",جهة الترخيص السياحي,وزارة السياحة؛ البلدية؛ الجهة المالكة حسب الاختصاص,next_review_cycle,quality,open,"Entity is required for completion, not asserted as the current source."
ACT-00203,LY-FNB-CAF-TRI-00185,tripoliCafes,libya costa cafe,طرابلس,طرابلس,P3,license_review,license_review,review_required,verified official value or documented not_available,institutional verification of flagged fields,true,data/incoming/tripoli-cafes.kml,authoritative registry or direct verification,"official document, registry entry, or authorized written confirmation",جهة الترخيص السياحي,وزارة السياحة؛ البلدية؛ الجهة المالكة حسب الاختصاص,next_review_cycle,quality,open,"Entity is required for completion, not asserted as the current source."
ACT-00204,LY-FNB-CAF-TRI-00186,tripoliCafes,عصائر هاواي,طرابلس,طرابلس,P3,license_review,license_review,review_required,verified official value or documented not_available,institutional verification of flagged fields,true,data/incoming/tripoli-cafes.kml,authoritative registry or direct verification,"official document, registry entry, or authorized written confirmation",جهة الترخيص السياحي,وزارة السياحة؛ البلدية؛ الجهة المالكة حسب الاختصاص,next_review_cycle,quality,open,"Entity is required for completion, not asserted as the current source."
ACT-00205,LY-FNB-CAF-TRI-00187,tripoliCafes,Olympic Coffee - أولمبيك كافي,طرابلس,طرابلس,P3,license_review,license_review,review_required,verified official value or documented not_available,institutional verification of flagged fields,true,data/incoming/tripoli-cafes.kml,authoritative registry or direct verification,"official document, registry entry, or authorized written confirmation",جهة الترخيص السياحي,وزارة السياحة؛ البلدية؛ الجهة المالكة حسب الاختصاص,next_review_cycle,quality,open,"Entity is required for completion, not asserted as the current source."
ACT-00207,LY-FNB-CAF-TRI-00189,tripoliCafes,كافي باب المدينة,طرابلس,طرابلس,P3,license_review,license_review,review_required,verified official value or documented not_available,institutional verification of flagged fields,true,data/incoming/tripoli-cafes.kml,authoritative registry or direct verification,"official document, registry entry, or authorized written confirmation",جهة الترخيص السياحي,وزارة السياحة؛ البلدية؛ الجهة المالكة حسب الاختصاص,next_review_cycle,quality,open,"Entity is required for completion, not asserted as the current source."
ACT-00209,LY-FNB-CAF-TRI-00191,tripoliCafes,مقهى ثمانية وثمانون - 88,طرابلس,طرابلس,P3,license_review,license_review,review_required,verified official value or documented not_available,institutional verification of flagged fields,true,data/incoming/tripoli-cafes.kml,authoritative registry or direct verification,"official document, registry entry, or authorized written confirmation",جهة الترخيص السياحي,وزارة السياحة؛ البلدية؛ الجهة المالكة حسب الاختصاص,next_review_cycle,quality,open,"Entity is required for completion, not asserted as the current source."
ACT-00210,LY-FNB-CAF-TRI-00192,tripoliCafes,كافي 88 للوجبات السريعة,طرابلس,طرابلس,P3,license_review,license_review,review_required,verified official value or documented not_available,institutional verification of flagged fields,true,data/incoming/tripoli-cafes.kml,authoritative registry or direct verification,"official document, registry entry, or authorized written confirmation",جهة الترخيص السياحي,وزارة السياحة؛ البلدية؛ الجهة المالكة حسب الاختصاص,next_review_cycle,quality,open,"Entity is required for completion, not asserted as the current source."
ACT-00213,LY-FNB-CAF-TRI-00195,tripoliCafes,Cafe Latte,طرابلس,طرابلس,P3,license_review,license_review,review_required,verified official value or documented not_available,institutional verification of flagged fields,true,data/incoming/tripoli-cafes.kml,authoritative registry or direct verification,"official document, registry entry, or authorized written confirmation",جهة الترخيص السياحي,وزارة السياحة؛ البلدية؛ الجهة المالكة حسب الاختصاص,next_review_cycle,quality,open,"Entity is required for completion, not asserted as the current source."
ACT-00214,LY-FNB-CAF-TRI-00196,tripoliCafes,زهير بريش للحلويات الببو,طرابلس,طرابلس,P3,license_review,license_review,review_required,verified official value or documented not_available,institutional verification of flagged fields,true,data/incoming/tripoli-cafes.kml,authoritative registry or direct verification,"official document, registry entry, or authorized written confirmation",جهة الترخيص السياحي,وزارة السياحة؛ البلدية؛ الجهة المالكة حسب الاختصاص,next_review_cycle,quality,open,"Entity is required for completion, not asserted as the current source."
ACT-00215,LY-FNB-CAF-TRI-00197,tripoliCafes,قهوة المسيرة,طرابلس,طرابلس,P3,license_review,license_review,review_required,verified official value or documented not_available,institutional verification of flagged fields,true,data/incoming/tripoli-cafes.kml,authoritative registry or direct verification,"official document, registry entry, or authorized written confirmation",جهة الترخيص السياحي,وزارة السياحة؛ البلدية؛ الجهة المالكة حسب الاختصاص,next_review_cycle,quality,open,"Entity is required for completion, not asserted as the current source."
ACT-00216,LY-FNB-CAF-TRI-00198,tripoliCafes,كافي الوافي,طرابلس,طرابلس,P3,license_review,license_review,review_required,verified official value or documented not_available,institutional verification of flagged fields,true,data/incoming/tripoli-cafes.kml,authoritative registry or direct verification,"official document, registry entry, or authorized written confirmation",جهة الترخيص السياحي,وزارة السياحة؛ البلدية؛ الجهة المالكة حسب الاختصاص,next_review_cycle,quality,open,"Entity is required for completion, not asserted as the current source."
ACT-00217,LY-FNB-CAF-TRI-00199,tripoliCafes,Karo Café - كارو كافي,طرابلس,طرابلس,P3,license_review,license_review,review_required,verified official value or documented not_available,institutional verification of flagged fields,true,data/incoming/tripoli-cafes.kml,authoritative registry or direct verification,"official document, registry entry, or authorized written confirmation",جهة الترخيص السياحي,وزارة السياحة؛ البلدية؛ الجهة المالكة حسب الاختصاص,next_review_cycle,quality,open,"Entity is required for completion, not asserted as the current source."
ACT-00218,LY-FNB-CAF-TRI-00200,tripoliCafes,Resto coffe,طرابلس,طرابلس,P3,license_review,license_review,review_required,verified official value or documented not_available,institutional verification of flagged fields,true,data/incoming/tripoli-cafes.kml,authoritative registry or direct verification,"official document, registry entry, or authorized written confirmation",جهة الترخيص السياحي,وزارة السياحة؛ البلدية؛ الجهة المالكة حسب الاختصاص,next_review_cycle,quality,open,"Entity is required for completion, not asserted as the current source."
ACT-00219,LY-FNB-CAF-TRI-00201,tripoliCafes,مقهى تن,طرابلس,طرابلس,P3,license_review,license_review,review_required,verified official value or documented not_available,institutional verification of flagged fields,true,data/incoming/tripoli-cafes.kml,authoritative registry or direct verification,"official document, registry entry, or authorized written confirmation",جهة الترخيص السياحي,وزارة السياحة؛ البلدية؛ الجهة المالكة حسب الاختصاص,next_review_cycle,quality,open,"Entity is required for completion, not asserted as the current source."
ACT-00222,LY-FNB-CAF-TRI-00204,tripoliCafes,كافي روت 66,طرابلس,طرابلس,P3,license_review,license_review,review_required,verified official value or documented not_available,institutional verification of flagged fields,true,data/incoming/tripoli-cafes.kml,authoritative registry or direct verification,"official document, registry entry, or authorized written confirmation",جهة الترخيص السياحي,وزارة السياحة؛ البلدية؛ الجهة المالكة حسب الاختصاص,next_review_cycle,quality,open,"Entity is required for completion, not asserted as the current source."
ACT-00223,LY-FNB-CAF-TRI-00205,tripoliCafes,كلاسيكو كافي,طرابلس,طرابلس,P3,license_review,license_review,review_required,verified official value or documented not_available,institutional verification of flagged fields,true,data/incoming/tripoli-cafes.kml,authoritative registry or direct verification,"official document, registry entry, or authorized written confirmation",جهة الترخيص السياحي,وزارة السياحة؛ البلدية؛ الجهة المالكة حسب الاختصاص,next_review_cycle,quality,open,"Entity is required for completion, not asserted as the current source."
ACT-00226,LY-FNB-CAF-TRI-00208,tripoliCafes,مقهى المجلس,طرابلس,طرابلس,P3,license_review,license_review,review_required,verified official value or documented not_available,institutional verification of flagged fields,true,data/incoming/tripoli-cafes.kml,authoritative registry or direct verification,"official document, registry entry, or authorized written confirmation",جهة الترخيص السياحي,وزارة السياحة؛ البلدية؛ الجهة المالكة حسب الاختصاص,next_review_cycle,quality,open,"Entity is required for completion, not asserted as the current source."
ACT-00227,LY-FNB-CAF-TRI-00209,tripoliCafes,مقهى البوعة,طرابلس,طرابلس,P3,license_review,license_review,review_required,verified official value or documented not_available,institutional verification of flagged fields,true,data/incoming/tripoli-cafes.kml,authoritative registry or direct verification,"official document, registry entry, or authorized written confirmation",جهة الترخيص السياحي,وزارة السياحة؛ البلدية؛ الجهة المالكة حسب الاختصاص,next_review_cycle,quality,open,"Entity is required for completion, not asserted as the current source."
ACT-00228,LY-FNB-CAF-TRI-00210,tripoliCafes,كافي مقيق,طرابلس,طرابلس,P3,license_review,license_review,review_required,verified official value or documented not_available,institutional verification of flagged fields,true,data/incoming/tripoli-cafes.kml,authoritative registry or direct verification,"official document, registry entry, or authorized written confirmation",جهة الترخيص السياحي,وزارة السياحة؛ البلدية؛ الجهة المالكة حسب الاختصاص,next_review_cycle,quality,open,"Entity is required for completion, not asserted as the current source."
ACT-00229,LY-FNB-CAF-TRI-00211,tripoliCafes,قهوة همبورقه,طرابلس,طرابلس,P3,license_review,license_review,review_required,verified official value or documented not_available,institutional verification of flagged fields,true,data/incoming/tripoli-cafes.kml,authoritative registry or direct verification,"official document, registry entry, or authorized written confirmation",جهة الترخيص السياحي,وزارة السياحة؛ البلدية؛ الجهة المالكة حسب الاختصاص,next_review_cycle,quality,open,"Entity is required for completion, not asserted as the current source."
ACT-00230,LY-FNB-CAF-TRI-00212,tripoliCafes,Cafe bene,طرابلس,طرابلس,P3,license_review,license_review,review_required,verified official value or documented not_available,institutional verification of flagged fields,true,data/incoming/tripoli-cafes.kml,authoritative registry or direct verification,"official document, registry entry, or authorized written confirmation",جهة الترخيص السياحي,وزارة السياحة؛ البلدية؛ الجهة المالكة حسب الاختصاص,next_review_cycle,quality,open,"Entity is required for completion, not asserted as the current source."
ACT-00232,LY-FNB-CAF-TRI-00214,tripoliCafes,مقهى الوادي,طرابلس,طرابلس,P3,license_review,license_review,review_required,verified official value or documented not_available,institutional verification of flagged fields,true,data/incoming/tripoli-cafes.kml,authoritative registry or direct verification,"official document, registry entry, or authorized written confirmation",جهة الترخيص السياحي,وزارة السياحة؛ البلدية؛ الجهة المالكة حسب الاختصاص,next_review_cycle,quality,open,"Entity is required for completion, not asserted as the current source."
ACT-00234,LY-FNB-CAF-TRI-00216,tripoliCafes,الحاج فتحي - عين زارة,طرابلس,طرابلس,P3,license_review,license_review,review_required,verified official value or documented not_available,institutional verification of flagged fields,true,data/incoming/tripoli-cafes.kml,authoritative registry or direct verification,"official document, registry entry, or authorized written confirmation",جهة الترخيص السياحي,وزارة السياحة؛ البلدية؛ الجهة المالكة حسب الاختصاص,next_review_cycle,quality,open,"Entity is required for completion, not asserted as the current source."
ACT-00235,LY-FNB-CAF-TRI-00217,tripoliCafes,اشتيوي كافي خلة الفرجان,طرابلس,طرابلس,P3,license_review,license_review,review_required,verified official value or documented not_available,institutional verification of flagged fields,true,data/incoming/tripoli-cafes.kml,authoritative registry or direct verification,"official document, registry entry, or authorized written confirmation",جهة الترخيص السياحي,وزارة السياحة؛ البلدية؛ الجهة المالكة حسب الاختصاص,next_review_cycle,quality,open,"Entity is required for completion, not asserted as the current source."
ACT-00236,LY-FNB-CAF-TRI-00218,tripoliCafes,مقهى العبسي,طرابلس,طرابلس,P3,license_review,license_review,review_required,verified official value or documented not_available,institutional verification of flagged fields,true,data/incoming/tripoli-cafes.kml,authoritative registry or direct verification,"official document, registry entry, or authorized written confirmation",جهة الترخيص السياحي,وزارة السياحة؛ البلدية؛ الجهة المالكة حسب الاختصاص,next_review_cycle,quality,open,"Entity is required for completion, not asserted as the current source."
ACT-00237,LY-FNB-CAF-TRI-00219,tripoliCafes,مقهى بايو كافي في مقسم بن معتوق,طرابلس,طرابلس,P3,license_review,license_review,review_required,verified official value or documented not_available,institutional verification of flagged fields,true,data/incoming/tripoli-cafes.kml,authoritative registry or direct verification,"official document, registry entry, or authorized written confirmation",جهة الترخيص السياحي,وزارة السياحة؛ البلدية؛ الجهة المالكة حسب الاختصاص,next_review_cycle,quality,open,"Entity is required for completion, not asserted as the current source."
ACT-00238,LY-FNB-CAF-TRI-00220,tripoliCafes,مقهي وحلويات الكرم (الكشك),طرابلس,طرابلس,P3,license_review,license_review,review_required,verified official value or documented not_available,institutional verification of flagged fields,true,data/incoming/tripoli-cafes.kml,authoritative registry or direct verification,"official document, registry entry, or authorized written confirmation",جهة الترخيص السياحي,وزارة السياحة؛ البلدية؛ الجهة المالكة حسب الاختصاص,next_review_cycle,quality,open,"Entity is required for completion, not asserted as the current source."
ACT-00239,LY-FNB-CAF-TRI-00221,tripoliCafes,كافي كوب,طرابلس,طرابلس,P3,license_review,license_review,review_required,verified official value or documented not_available,institutional verification of flagged fields,true,data/incoming/tripoli-cafes.kml,authoritative registry or direct verification,"official document, registry entry, or authorized written confirmation",جهة الترخيص السياحي,وزارة السياحة؛ البلدية؛ الجهة المالكة حسب الاختصاص,next_review_cycle,quality,open,"Entity is required for completion, not asserted as the current source."
ACT-00240,LY-FNB-CAF-TRI-00222,tripoliCafes,الدبشي كافيه - Dabshi coffee,طرابلس,طرابلس,P3,license_review,license_review,review_required,verified official value or documented not_available,institutional verification of flagged fields,true,data/incoming/tripoli-cafes.kml,authoritative registry or direct verification,"official document, registry entry, or authorized written confirmation",جهة الترخيص السياحي,وزارة السياحة؛ البلدية؛ الجهة المالكة حسب الاختصاص,next_review_cycle,quality,open,"Entity is required for completion, not asserted as the current source."
ACT-00242,LY-FNB-CAF-TRI-00224,tripoliCafes,كافي جزيل - JAZEEL CAFE,طرابلس,طرابلس,P3,license_review,license_review,review_required,verified official value or documented not_available,institutional verification of flagged fields,true,data/incoming/tripoli-cafes.kml,authoritative registry or direct verification,"official document, registry entry, or authorized written confirmation",جهة الترخيص السياحي,وزارة السياحة؛ البلدية؛ الجهة المالكة حسب الاختصاص,next_review_cycle,quality,open,"Entity is required for completion, not asserted as the current source."
ACT-00246,LY-FNB-CAF-TRI-00228,tripoliCafes,شركة نون للعصائر,طرابلس,طرابلس,P3,license_review,license_review,review_required,verified official value or documented not_available,institutional verification of flagged fields,true,data/incoming/tripoli-cafes.kml,authoritative registry or direct verification,"official document, registry entry, or authorized written confirmation",جهة الترخيص السياحي,وزارة السياحة؛ البلدية؛ الجهة المالكة حسب الاختصاص,next_review_cycle,quality,open,"Entity is required for completion, not asserted as the current source."
ACT-00249,LY-FNB-CAF-TRI-00231,tripoliCafes,Vanilla Patisserie حلويات ڤانيليا,طرابلس,طرابلس,P3,license_review,license_review,review_required,verified official value or documented not_available,institutional verification of flagged fields,true,data/incoming/tripoli-cafes.kml,authoritative registry or direct verification,"official document, registry entry, or authorized written confirmation",جهة الترخيص السياحي,وزارة السياحة؛ البلدية؛ الجهة المالكة حسب الاختصاص,next_review_cycle,quality,open,"Entity is required for completion, not asserted as the current source."
ACT-00250,LY-FNB-CAF-TRI-00232,tripoliCafes,Espressolab,طرابلس,طرابلس,P3,license_review,license_review,review_required,verified official value or documented not_available,institutional verification of flagged fields,true,data/incoming/tripoli-cafes.kml,authoritative registry or direct verification,"official document, registry entry, or authorized written confirmation",جهة الترخيص السياحي,وزارة السياحة؛ البلدية؛ الجهة المالكة حسب الاختصاص,next_review_cycle,quality,open,"Entity is required for completion, not asserted as the current source."
ACT-00252,LY-FNB-CAF-TRI-00234,tripoliCafes,Bubble Tea ببل تي,طرابلس,طرابلس,P3,license_review,license_review,review_required,verified official value or documented not_available,institutional verification of flagged fields,true,data/incoming/tripoli-cafes.kml,authoritative registry or direct verification,"official document, registry entry, or authorized written confirmation",جهة الترخيص السياحي,وزارة السياحة؛ البلدية؛ الجهة المالكة حسب الاختصاص,next_review_cycle,quality,open,"Entity is required for completion, not asserted as the current source."
ACT-00256,LY-FNB-CAF-TRI-00238,tripoliCafes,Buonissimo gelato Italiano,طرابلس,طرابلس,P3,license_review,license_review,review_required,verified official value or documented not_available,institutional verification of flagged fields,true,data/incoming/tripoli-cafes.kml,authoritative registry or direct verification,"official document, registry entry, or authorized written confirmation",جهة الترخيص السياحي,وزارة السياحة؛ البلدية؛ الجهة المالكة حسب الاختصاص,next_review_cycle,quality,open,"Entity is required for completion, not asserted as the current source."
ACT-00257,LY-FNB-CAF-TRI-00239,tripoliCafes,Nostro caffe,طرابلس,طرابلس,P3,license_review,license_review,review_required,verified official value or documented not_available,institutional verification of flagged fields,true,data/incoming/tripoli-cafes.kml,authoritative registry or direct verification,"official document, registry entry, or authorized written confirmation",جهة الترخيص السياحي,وزارة السياحة؛ البلدية؛ الجهة المالكة حسب الاختصاص,next_review_cycle,quality,open,"Entity is required for completion, not asserted as the current source."
ACT-00258,LY-FNB-CAF-TRI-00240,tripoliCafes,كافي لاتي,طرابلس,طرابلس,P3,license_review,license_review,review_required,verified official value or documented not_available,institutional verification of flagged fields,true,data/incoming/tripoli-cafes.kml,authoritative registry or direct verification,"official document, registry entry, or authorized written confirmation",جهة الترخيص السياحي,وزارة السياحة؛ البلدية؛ الجهة المالكة حسب الاختصاص,next_review_cycle,quality,open,"Entity is required for completion, not asserted as the current source."
ACT-00259,LY-FNB-CAF-TRI-00241,tripoliCafes,Alhofra Cafe - مقهي الحفرة,طرابلس,طرابلس,P3,license_review,license_review,review_required,verified official value or documented not_available,institutional verification of flagged fields,true,data/incoming/tripoli-cafes.kml,authoritative registry or direct verification,"official document, registry entry, or authorized written confirmation",جهة الترخيص السياحي,وزارة السياحة؛ البلدية؛ الجهة المالكة حسب الاختصاص,next_review_cycle,quality,open,"Entity is required for completion, not asserted as the current source."
ACT-00260,LY-FNB-CAF-TRI-00242,tripoliCafes,ڤوگ كافيه ومطعم,طرابلس,طرابلس,P3,license_review,license_review,review_required,verified official value or documented not_available,institutional verification of flagged fields,true,data/incoming/tripoli-cafes.kml,authoritative registry or direct verification,"official document, registry entry, or authorized written confirmation",جهة الترخيص السياحي,وزارة السياحة؛ البلدية؛ الجهة المالكة حسب الاختصاص,next_review_cycle,quality,open,"Entity is required for completion, not asserted as the current source."
ACT-00262,LY-FNB-CAF-TRI-00244,tripoliCafes,موندو جيلاتو - القادسية,طرابلس,طرابلس,P3,license_review,license_review,review_required,verified official value or documented not_available,institutional verification of flagged fields,true,data/incoming/tripoli-cafes.kml,authoritative registry or direct verification,"official document, registry entry, or authorized written confirmation",جهة الترخيص السياحي,وزارة السياحة؛ البلدية؛ الجهة المالكة حسب الاختصاص,next_review_cycle,quality,open,"Entity is required for completion, not asserted as the current source."
ACT-00265,LY-FNB-CAF-TRI-00247,tripoliCafes,مقهي كابو,طرابلس,طرابلس,P3,license_review,license_review,review_required,verified official value or documented not_available,institutional verification of flagged fields,true,data/incoming/tripoli-cafes.kml,authoritative registry or direct verification,"official document, registry entry, or authorized written confirmation",جهة الترخيص السياحي,وزارة السياحة؛ البلدية؛ الجهة المالكة حسب الاختصاص,next_review_cycle,quality,open,"Entity is required for completion, not asserted as the current source."
ACT-00266,LY-FNB-CAF-TRI-00248,tripoliCafes,مقهى الشيباني,طرابلس,طرابلس,P3,license_review,license_review,review_required,verified official value or documented not_available,institutional verification of flagged fields,true,data/incoming/tripoli-cafes.kml,authoritative registry or direct verification,"official document, registry entry, or authorized written confirmation",جهة الترخيص السياحي,وزارة السياحة؛ البلدية؛ الجهة المالكة حسب الاختصاص,next_review_cycle,quality,open,"Entity is required for completion, not asserted as the current source."
ACT-00267,LY-FNB-CAF-TRI-00249,tripoliCafes,Sage Cafe - ساج كافي,طرابلس,طرابلس,P3,license_review,license_review,review_required,verified official value or documented not_available,institutional verification of flagged fields,true,data/incoming/tripoli-cafes.kml,authoritative registry or direct verification,"official document, registry entry, or authorized written confirmation",جهة الترخيص السياحي,وزارة السياحة؛ البلدية؛ الجهة المالكة حسب الاختصاص,next_review_cycle,quality,open,"Entity is required for completion, not asserted as the current source."
ACT-00268,LY-FNB-CAF-TRI-00250,tripoliCafes,Costa Cafe,طرابلس,طرابلس,P3,license_review,license_review,review_required,verified official value or documented not_available,institutional verification of flagged fields,true,data/incoming/tripoli-cafes.kml,authoritative registry or direct verification,"official document, registry entry, or authorized written confirmation",جهة الترخيص السياحي,وزارة السياحة؛ البلدية؛ الجهة المالكة حسب الاختصاص,next_review_cycle,quality,open,"Entity is required for completion, not asserted as the current source."
ACT-00270,LY-FNB-CAF-TRI-00252,tripoliCafes,Al DENTE Cafe M Hanka,طرابلس,طرابلس,P3,license_review,license_review,review_required,verified official value or documented not_available,institutional verification of flagged fields,true,data/incoming/tripoli-cafes.kml,authoritative registry or direct verification,"official document, registry entry, or authorized written confirmation",جهة الترخيص السياحي,وزارة السياحة؛ البلدية؛ الجهة المالكة حسب الاختصاص,next_review_cycle,quality,open,"Entity is required for completion, not asserted as the current source."
ACT-00272,LY-FNB-CAF-TRI-00254,tripoliCafes,Miss cake sweet shop and cafe 2,طرابلس,طرابلس,P3,license_review,license_review,review_required,verified official value or documented not_available,institutional verification of flagged fields,true,data/incoming/tripoli-cafes.kml,authoritative registry or direct verification,"official document, registry entry, or authorized written confirmation",جهة الترخيص السياحي,وزارة السياحة؛ البلدية؛ الجهة المالكة حسب الاختصاص,next_review_cycle,quality,open,"Entity is required for completion, not asserted as the current source."
ACT-00273,LY-FNB-CAF-TRI-00255,tripoliCafes,كافي مدريد,طرابلس,طرابلس,P3,license_review,license_review,review_required,verified official value or documented not_available,institutional verification of flagged fields,true,data/incoming/tripoli-cafes.kml,authoritative registry or direct verification,"official document, registry entry, or authorized written confirmation",جهة الترخيص السياحي,وزارة السياحة؛ البلدية؛ الجهة المالكة حسب الاختصاص,next_review_cycle,quality,open,"Entity is required for completion, not asserted as the current source."
ACT-00276,LY-FNB-CAF-TRI-00258,tripoliCafes,Pink Cafe,طرابلس,طرابلس,P3,license_review,license_review,review_required,verified official value or documented not_available,institutional verification of flagged fields,true,data/incoming/tripoli-cafes.kml,authoritative registry or direct verification,"official document, registry entry, or authorized written confirmation",جهة الترخيص السياحي,وزارة السياحة؛ البلدية؛ الجهة المالكة حسب الاختصاص,next_review_cycle,quality,open,"Entity is required for completion, not asserted as the current source."
ACT-00287,LY-FNB-CAF-TRI-00269,tripoliCafes,كوب كافي,طرابلس,طرابلس,P3,license_review,license_review,review_required,verified official value or documented not_available,institutional verification of flagged fields,true,data/incoming/tripoli-cafes.kml,authoritative registry or direct verification,"official document, registry entry, or authorized written confirmation",جهة الترخيص السياحي,وزارة السياحة؛ البلدية؛ الجهة المالكة حسب الاختصاص,next_review_cycle,quality,open,"Entity is required for completion, not asserted as the current source."
ACT-00288,LY-FNB-CAF-TRI-00270,tripoliCafes,Terrace café,طرابلس,طرابلس,P3,license_review,license_review,review_required,verified official value or documented not_available,institutional verification of flagged fields,true,data/incoming/tripoli-cafes.kml,authoritative registry or direct verification,"official document, registry entry, or authorized written confirmation",جهة الترخيص السياحي,وزارة السياحة؛ البلدية؛ الجهة المالكة حسب الاختصاص,next_review_cycle,quality,open,"Entity is required for completion, not asserted as the current source."
ACT-00290,LY-FNB-CAF-TRI-00272,tripoliCafes,Mammamia كافي ماماميا,طرابلس,طرابلس,P3,license_review,license_review,review_required,verified official value or documented not_available,institutional verification of flagged fields,true,data/incoming/tripoli-cafes.kml,authoritative registry or direct verification,"official document, registry entry, or authorized written confirmation",جهة الترخيص السياحي,وزارة السياحة؛ البلدية؛ الجهة المالكة حسب الاختصاص,next_review_cycle,quality,open,"Entity is required for completion, not asserted as the current source."
ACT-00291,LY-FNB-CAF-TRI-00273,tripoliCafes,لافندر كافي,طرابلس,طرابلس,P3,license_review,license_review,review_required,verified official value or documented not_available,institutional verification of flagged fields,true,data/incoming/tripoli-cafes.kml,authoritative registry or direct verification,"official document, registry entry, or authorized written confirmation",جهة الترخيص السياحي,وزارة السياحة؛ البلدية؛ الجهة المالكة حسب الاختصاص,next_review_cycle,quality,open,"Entity is required for completion, not asserted as the current source."
ACT-00293,LY-FNB-CAF-TRI-00275,tripoliCafes,مقهى هارون فرع بن عاشور,طرابلس,طرابلس,P3,license_review,license_review,review_required,verified official value or documented not_available,institutional verification of flagged fields,true,data/incoming/tripoli-cafes.kml,authoritative registry or direct verification,"official document, registry entry, or authorized written confirmation",جهة الترخيص السياحي,وزارة السياحة؛ البلدية؛ الجهة المالكة حسب الاختصاص,next_review_cycle,quality,open,"Entity is required for completion, not asserted as the current source."
ACT-00295,LY-FNB-CAF-TRI-00277,tripoliCafes,مقهى تشامبيون - Cafe champion,طرابلس,طرابلس,P3,license_review,license_review,review_required,verified official value or documented not_available,institutional verification of flagged fields,true,data/incoming/tripoli-cafes.kml,authoritative registry or direct verification,"official document, registry entry, or authorized written confirmation",جهة الترخيص السياحي,وزارة السياحة؛ البلدية؛ الجهة المالكة حسب الاختصاص,next_review_cycle,quality,open,"Entity is required for completion, not asserted as the current source."
ACT-00302,LY-FNB-CAF-TRI-00284,tripoliCafes,مقهى براون - Brown Cafe,طرابلس,طرابلس,P3,license_review,license_review,review_required,verified official value or documented not_available,institutional verification of flagged fields,true,data/incoming/tripoli-cafes.kml,authoritative registry or direct verification,"official document, registry entry, or authorized written confirmation",جهة الترخيص السياحي,وزارة السياحة؛ البلدية؛ الجهة المالكة حسب الاختصاص,next_review_cycle,quality,open,"Entity is required for completion, not asserted as the current source."
ACT-00304,LY-FNB-CAF-TRI-00286,tripoliCafes,مقهى القيزاني - Cafe algezani,طرابلس,طرابلس,P3,license_review,license_review,review_required,verified official value or documented not_available,institutional verification of flagged fields,true,data/incoming/tripoli-cafes.kml,authoritative registry or direct verification,"official document, registry entry, or authorized written confirmation",جهة الترخيص السياحي,وزارة السياحة؛ البلدية؛ الجهة المالكة حسب الاختصاص,next_review_cycle,quality,open,"Entity is required for completion, not asserted as the current source."
ACT-00305,LY-FNB-CAF-TRI-00287,tripoliCafes,كافيتيريا كلية العلوم / جامعة طرابلس,طرابلس,طرابلس,P3,license_review,license_review,review_required,verified official value or documented not_available,institutional verification of flagged fields,true,data/incoming/tripoli-cafes.kml,authoritative registry or direct verification,"official document, registry entry, or authorized written confirmation",جهة الترخيص السياحي,وزارة السياحة؛ البلدية؛ الجهة المالكة حسب الاختصاص,next_review_cycle,quality,open,"Entity is required for completion, not asserted as the current source."
ACT-00306,LY-FNB-CAF-TRI-00288,tripoliCafes,Espresso Lab Cafe - مقهى إسبريسو لاب,طرابلس,طرابلس,P3,license_review,license_review,review_required,verified official value or documented not_available,institutional verification of flagged fields,true,data/incoming/tripoli-cafes.kml,authoritative registry or direct verification,"official document, registry entry, or authorized written confirmation",جهة الترخيص السياحي,وزارة السياحة؛ البلدية؛ الجهة المالكة حسب الاختصاص,next_review_cycle,quality,open,"Entity is required for completion, not asserted as the current source."
ACT-00307,LY-FNB-CAF-TRI-00289,tripoliCafes,Crown Cafe,طرابلس,طرابلس,P3,license_review,license_review,review_required,verified official value or documented not_available,institutional verification of flagged fields,true,data/incoming/tripoli-cafes.kml,authoritative registry or direct verification,"official document, registry entry, or authorized written confirmation",جهة الترخيص السياحي,وزارة السياحة؛ البلدية؛ الجهة المالكة حسب الاختصاص,next_review_cycle,quality,open,"Entity is required for completion, not asserted as the current source."
ACT-00309,LY-FNB-CAF-TRI-00291,tripoliCafes,الكردي كافي,طرابلس,طرابلس,P3,license_review,license_review,review_required,verified official value or documented not_available,institutional verification of flagged fields,true,data/incoming/tripoli-cafes.kml,authoritative registry or direct verification,"official document, registry entry, or authorized written confirmation",جهة الترخيص السياحي,وزارة السياحة؛ البلدية؛ الجهة المالكة حسب الاختصاص,next_review_cycle,quality,open,"Entity is required for completion, not asserted as the current source."
ACT-00312,LY-FNB-CAF-TRI-00294,tripoliCafes,كافي قمر,طرابلس,طرابلس,P3,license_review,license_review,review_required,verified official value or documented not_available,institutional verification of flagged fields,true,data/incoming/tripoli-cafes.kml,authoritative registry or direct verification,"official document, registry entry, or authorized written confirmation",جهة الترخيص السياحي,وزارة السياحة؛ البلدية؛ الجهة المالكة حسب الاختصاص,next_review_cycle,quality,open,"Entity is required for completion, not asserted as the current source."
ACT-00313,LY-FNB-CAF-TRI-00295,tripoliCafes,WAKE UP COFFEE SHOP,طرابلس,طرابلس,P3,license_review,license_review,review_required,verified official value or documented not_available,institutional verification of flagged fields,true,data/incoming/tripoli-cafes.kml,authoritative registry or direct verification,"official document, registry entry, or authorized written confirmation",جهة الترخيص السياحي,وزارة السياحة؛ البلدية؛ الجهة المالكة حسب الاختصاص,next_review_cycle,quality,open,"Entity is required for completion, not asserted as the current source."
ACT-00314,LY-FNB-CAF-TRI-00296,tripoliCafes,cafe 99,طرابلس,طرابلس,P3,license_review,license_review,review_required,verified official value or documented not_available,institutional verification of flagged fields,true,data/incoming/tripoli-cafes.kml,authoritative registry or direct verification,"official document, registry entry, or authorized written confirmation",جهة الترخيص السياحي,وزارة السياحة؛ البلدية؛ الجهة المالكة حسب الاختصاص,next_review_cycle,quality,open,"Entity is required for completion, not asserted as the current source."
ACT-00315,LY-FNB-CAF-TRI-00297,tripoliCafes,Thaj Cafe,طرابلس,طرابلس,P3,license_review,license_review,review_required,verified official value or documented not_available,institutional verification of flagged fields,true,data/incoming/tripoli-cafes.kml,authoritative registry or direct verification,"official document, registry entry, or authorized written confirmation",جهة الترخيص السياحي,وزارة السياحة؛ البلدية؛ الجهة المالكة حسب الاختصاص,next_review_cycle,quality,open,"Entity is required for completion, not asserted as the current source."
ACT-00316,LY-FNB-CAF-TRI-00298,tripoliCafes,كافي أدجيم,طرابلس,طرابلس,P3,license_review,license_review,review_required,verified official value or documented not_available,institutional verification of flagged fields,true,data/incoming/tripoli-cafes.kml,authoritative registry or direct verification,"official document, registry entry, or authorized written confirmation",جهة الترخيص السياحي,وزارة السياحة؛ البلدية؛ الجهة المالكة حسب الاختصاص,next_review_cycle,quality,open,"Entity is required for completion, not asserted as the current source."
ACT-00318,LY-FNB-CAF-TRI-00300,tripoliCafes,عالم القهوة,طرابلس,طرابلس,P3,license_review,license_review,review_required,verified official value or documented not_available,institutional verification of flagged fields,true,data/incoming/tripoli-cafes.kml,authoritative registry or direct verification,"official document, registry entry, or authorized written confirmation",جهة الترخيص السياحي,وزارة السياحة؛ البلدية؛ الجهة المالكة حسب الاختصاص,next_review_cycle,quality,open,"Entity is required for completion, not asserted as the current source."
ACT-00322,LY-FNB-CAF-TRI-00304,tripoliCafes,أورزو للأيسكريم orso ice cream,طرابلس,طرابلس,P3,license_review,license_review,review_required,verified official value or documented not_available,institutional verification of flagged fields,true,data/incoming/tripoli-cafes.kml,authoritative registry or direct verification,"official document, registry entry, or authorized written confirmation",جهة الترخيص السياحي,وزارة السياحة؛ البلدية؛ الجهة المالكة حسب الاختصاص,next_review_cycle,quality,open,"Entity is required for completion, not asserted as the current source."
ACT-00323,LY-FNB-CAF-TRI-00305,tripoliCafes,قهوة داكوردو,طرابلس,طرابلس,P3,license_review,license_review,review_required,verified official value or documented not_available,institutional verification of flagged fields,true,data/incoming/tripoli-cafes.kml,authoritative registry or direct verification,"official document, registry entry, or authorized written confirmation",جهة الترخيص السياحي,وزارة السياحة؛ البلدية؛ الجهة المالكة حسب الاختصاص,next_review_cycle,quality,open,"Entity is required for completion, not asserted as the current source."
ACT-00324,LY-FNB-CAF-TRI-00306,tripoliCafes,مقهى MAIN GATE,طرابلس,طرابلس,P3,license_review,license_review,review_required,verified official value or documented not_available,institutional verification of flagged fields,true,data/incoming/tripoli-cafes.kml,authoritative registry or direct verification,"official document, registry entry, or authorized written confirmation",جهة الترخيص السياحي,وزارة السياحة؛ البلدية؛ الجهة المالكة حسب الاختصاص,next_review_cycle,quality,open,"Entity is required for completion, not asserted as the current source."
ACT-00325,LY-FNB-CAF-TRI-00307,tripoliCafes,كاستيلو كافي,طرابلس,طرابلس,P3,license_review,license_review,review_required,verified official value or documented not_available,institutional verification of flagged fields,true,data/incoming/tripoli-cafes.kml,authoritative registry or direct verification,"official document, registry entry, or authorized written confirmation",جهة الترخيص السياحي,وزارة السياحة؛ البلدية؛ الجهة المالكة حسب الاختصاص,next_review_cycle,quality,open,"Entity is required for completion, not asserted as the current source."
ACT-00326,LY-FNB-CAF-TRI-00308,tripoliCafes,مقهى الفنجان الذهبي,طرابلس,طرابلس,P3,license_review,license_review,review_required,verified official value or documented not_available,institutional verification of flagged fields,true,data/incoming/tripoli-cafes.kml,authoritative registry or direct verification,"official document, registry entry, or authorized written confirmation",جهة الترخيص السياحي,وزارة السياحة؛ البلدية؛ الجهة المالكة حسب الاختصاص,next_review_cycle,quality,open,"Entity is required for completion, not asserted as the current source."
ACT-00327,LY-FNB-CAF-TRI-00309,tripoliCafes,قهوة الدقروني,طرابلس,طرابلس,P3,license_review,license_review,review_required,verified official value or documented not_available,institutional verification of flagged fields,true,data/incoming/tripoli-cafes.kml,authoritative registry or direct verification,"official document, registry entry, or authorized written confirmation",جهة الترخيص السياحي,وزارة السياحة؛ البلدية؛ الجهة المالكة حسب الاختصاص,next_review_cycle,quality,open,"Entity is required for completion, not asserted as the current source."
ACT-00328,LY-FNB-CAF-TRI-00310,tripoliCafes,IPSA ICE CREAM ابسا للمثلجات و الجيلاطي,طرابلس,طرابلس,P3,license_review,license_review,review_required,verified official value or documented not_available,institutional verification of flagged fields,true,data/incoming/tripoli-cafes.kml,authoritative registry or direct verification,"official document, registry entry, or authorized written confirmation",جهة الترخيص السياحي,وزارة السياحة؛ البلدية؛ الجهة المالكة حسب الاختصاص,next_review_cycle,quality,open,"Entity is required for completion, not asserted as the current source."
ACT-00330,LY-FNB-CAF-TRI-00312,tripoliCafes,فرشيلو كافي Farchilo Coffee,طرابلس,طرابلس,P3,license_review,license_review,review_required,verified official value or documented not_available,institutional verification of flagged fields,true,data/incoming/tripoli-cafes.kml,authoritative registry or direct verification,"official document, registry entry, or authorized written confirmation",جهة الترخيص السياحي,وزارة السياحة؛ البلدية؛ الجهة المالكة حسب الاختصاص,next_review_cycle,quality,open,"Entity is required for completion, not asserted as the current source."
ACT-00331,LY-FNB-CAF-TRI-00313,tripoliCafes,مقهى ابو كتيف,طرابلس,طرابلس,P3,license_review,license_review,review_required,verified official value or documented not_available,institutional verification of flagged fields,true,data/incoming/tripoli-cafes.kml,authoritative registry or direct verification,"official document, registry entry, or authorized written confirmation",جهة الترخيص السياحي,وزارة السياحة؛ البلدية؛ الجهة المالكة حسب الاختصاص,next_review_cycle,quality,open,"Entity is required for completion, not asserted as the current source."
ACT-00333,LY-FNB-CAF-TRI-00315,tripoliCafes,مقهى الديدو _ Café AlDido,طرابلس,طرابلس,P3,license_review,license_review,review_required,verified official value or documented not_available,institutional verification of flagged fields,true,data/incoming/tripoli-cafes.kml,authoritative registry or direct verification,"official document, registry entry, or authorized written confirmation",جهة الترخيص السياحي,وزارة السياحة؛ البلدية؛ الجهة المالكة حسب الاختصاص,next_review_cycle,quality,open,"Entity is required for completion, not asserted as the current source."
ACT-00334,LY-FNB-CAF-TRI-00316,tripoliCafes,كافي 2023,طرابلس,طرابلس,P3,license_review,license_review,review_required,verified official value or documented not_available,institutional verification of flagged fields,true,data/incoming/tripoli-cafes.kml,authoritative registry or direct verification,"official document, registry entry, or authorized written confirmation",جهة الترخيص السياحي,وزارة السياحة؛ البلدية؛ الجهة المالكة حسب الاختصاص,next_review_cycle,quality,open,"Entity is required for completion, not asserted as the current source."
ACT-00338,LY-FNB-CAF-TRI-00320,tripoliCafes,Naas Cafe,طرابلس,طرابلس,P3,license_review,license_review,review_required,verified official value or documented not_available,institutional verification of flagged fields,true,data/incoming/tripoli-cafes.kml,authoritative registry or direct verification,"official document, registry entry, or authorized written confirmation",جهة الترخيص السياحي,وزارة السياحة؛ البلدية؛ الجهة المالكة حسب الاختصاص,next_review_cycle,quality,open,"Entity is required for completion, not asserted as the current source."
ACT-00339,LY-FNB-CAF-TRI-00321,tripoliCafes,العالم للحلويات,طرابلس,طرابلس,P3,license_review,license_review,review_required,verified official value or documented not_available,institutional verification of flagged fields,true,data/incoming/tripoli-cafes.kml,authoritative registry or direct verification,"official document, registry entry, or authorized written confirmation",جهة الترخيص السياحي,وزارة السياحة؛ البلدية؛ الجهة المالكة حسب الاختصاص,next_review_cycle,quality,open,"Entity is required for completion, not asserted as the current source."
ACT-00340,LY-FNB-CAF-TRI-00322,tripoliCafes,B1 coffee,طرابلس,طرابلس,P3,license_review,license_review,review_required,verified official value or documented not_available,institutional verification of flagged fields,true,data/incoming/tripoli-cafes.kml,authoritative registry or direct verification,"official document, registry entry, or authorized written confirmation",جهة الترخيص السياحي,وزارة السياحة؛ البلدية؛ الجهة المالكة حسب الاختصاص,next_review_cycle,quality,open,"Entity is required for completion, not asserted as the current source."
ACT-00341,LY-FNB-CAF-TRI-00323,tripoliCafes,مقهى و مطعم عصمان,طرابلس,طرابلس,P3,license_review,license_review,review_required,verified official value or documented not_available,institutional verification of flagged fields,true,data/incoming/tripoli-cafes.kml,authoritative registry or direct verification,"official document, registry entry, or authorized written confirmation",جهة الترخيص السياحي,وزارة السياحة؛ البلدية؛ الجهة المالكة حسب الاختصاص,next_review_cycle,quality,open,"Entity is required for completion, not asserted as the current source."
ACT-00342,LY-FNB-CAF-TRI-00324,tripoliCafes,الحاج فتحي فرع تاجوراء,طرابلس,طرابلس,P3,license_review,license_review,review_required,verified official value or documented not_available,institutional verification of flagged fields,true,data/incoming/tripoli-cafes.kml,authoritative registry or direct verification,"official document, registry entry, or authorized written confirmation",جهة الترخيص السياحي,وزارة السياحة؛ البلدية؛ الجهة المالكة حسب الاختصاص,next_review_cycle,quality,open,"Entity is required for completion, not asserted as the current source."
ACT-00343,LY-FNB-CAF-TRI-00325,tripoliCafes,Café Motiv,طرابلس,طرابلس,P3,license_review,license_review,review_required,verified official value or documented not_available,institutional verification of flagged fields,true,data/incoming/tripoli-cafes.kml,authoritative registry or direct verification,"official document, registry entry, or authorized written confirmation",جهة الترخيص السياحي,وزارة السياحة؛ البلدية؛ الجهة المالكة حسب الاختصاص,next_review_cycle,quality,open,"Entity is required for completion, not asserted as the current source."
ACT-00344,LY-FNB-CAF-TRI-00326,tripoliCafes,مقهى المداق,طرابلس,طرابلس,P3,license_review,license_review,review_required,verified official value or documented not_available,institutional verification of flagged fields,true,data/incoming/tripoli-cafes.kml,authoritative registry or direct verification,"official document, registry entry, or authorized written confirmation",جهة الترخيص السياحي,وزارة السياحة؛ البلدية؛ الجهة المالكة حسب الاختصاص,next_review_cycle,quality,open,"Entity is required for completion, not asserted as the current source."
ACT-00345,LY-FNB-CAF-TRI-00327,tripoliCafes,7stars cafe,طرابلس,طرابلس,P3,license_review,license_review,review_required,verified official value or documented not_available,institutional verification of flagged fields,true,data/incoming/tripoli-cafes.kml,authoritative registry or direct verification,"official document, registry entry, or authorized written confirmation",جهة الترخيص السياحي,وزارة السياحة؛ البلدية؛ الجهة المالكة حسب الاختصاص,next_review_cycle,quality,open,"Entity is required for completion, not asserted as the current source."
ACT-00346,LY-FNB-CAF-TRI-00328,tripoliCafes,مقهي الوطنية,طرابلس,طرابلس,P3,license_review,license_review,review_required,verified official value or documented not_available,institutional verification of flagged fields,true,data/incoming/tripoli-cafes.kml,authoritative registry or direct verification,"official document, registry entry, or authorized written confirmation",جهة الترخيص السياحي,وزارة السياحة؛ البلدية؛ الجهة المالكة حسب الاختصاص,next_review_cycle,quality,open,"Entity is required for completion, not asserted as the current source."
ACT-00348,LY-FNB-CAF-TRI-00330,tripoliCafes,مقهى هارون فرع السبعة,طرابلس,طرابلس,P3,license_review,license_review,review_required,verified official value or documented not_available,institutional verification of flagged fields,true,data/incoming/tripoli-cafes.kml,authoritative registry or direct verification,"official document, registry entry, or authorized written confirmation",جهة الترخيص السياحي,وزارة السياحة؛ البلدية؛ الجهة المالكة حسب الاختصاص,next_review_cycle,quality,open,"Entity is required for completion, not asserted as the current source."
ACT-00349,LY-FNB-CAF-TRI-00331,tripoliCafes,SamboCoffee,طرابلس,طرابلس,P3,license_review,license_review,review_required,verified official value or documented not_available,institutional verification of flagged fields,true,data/incoming/tripoli-cafes.kml,authoritative registry or direct verification,"official document, registry entry, or authorized written confirmation",جهة الترخيص السياحي,وزارة السياحة؛ البلدية؛ الجهة المالكة حسب الاختصاص,next_review_cycle,quality,open,"Entity is required for completion, not asserted as the current source."
ACT-00352,LY-FNB-CAF-TRI-00334,tripoliCafes,كافي تشينو Chino Cafe,طرابلس,طرابلس,P3,license_review,license_review,review_required,verified official value or documented not_available,institutional verification of flagged fields,true,data/incoming/tripoli-cafes.kml,authoritative registry or direct verification,"official document, registry entry, or authorized written confirmation",جهة الترخيص السياحي,وزارة السياحة؛ البلدية؛ الجهة المالكة حسب الاختصاص,next_review_cycle,quality,open,"Entity is required for completion, not asserted as the current source."
ACT-00353,LY-FNB-CAF-TRI-00335,tripoliCafes,Cafe 55,طرابلس,طرابلس,P3,license_review,license_review,review_required,verified official value or documented not_available,institutional verification of flagged fields,true,data/incoming/tripoli-cafes.kml,authoritative registry or direct verification,"official document, registry entry, or authorized written confirmation",جهة الترخيص السياحي,وزارة السياحة؛ البلدية؛ الجهة المالكة حسب الاختصاص,next_review_cycle,quality,open,"Entity is required for completion, not asserted as the current source."
ACT-00354,LY-FNB-CAF-TRI-00336,tripoliCafes,Vero caffe,طرابلس,طرابلس,P3,license_review,license_review,review_required,verified official value or documented not_available,institutional verification of flagged fields,true,data/incoming/tripoli-cafes.kml,authoritative registry or direct verification,"official document, registry entry, or authorized written confirmation",جهة الترخيص السياحي,وزارة السياحة؛ البلدية؛ الجهة المالكة حسب الاختصاص,next_review_cycle,quality,open,"Entity is required for completion, not asserted as the current source."
ACT-00355,LY-FNB-CAF-TRI-00337,tripoliCafes,مقهى هارون,طرابلس,طرابلس,P3,license_review,license_review,review_required,verified official value or documented not_available,institutional verification of flagged fields,true,data/incoming/tripoli-cafes.kml,authoritative registry or direct verification,"official document, registry entry, or authorized written confirmation",جهة الترخيص السياحي,وزارة السياحة؛ البلدية؛ الجهة المالكة حسب الاختصاص,next_review_cycle,quality,open,"Entity is required for completion, not asserted as the current source."
ACT-00356,LY-FNB-CAF-TRI-00338,tripoliCafes,مقهى فينيسيا للبيتزا والمعجنات,طرابلس,طرابلس,P3,license_review,license_review,review_required,verified official value or documented not_available,institutional verification of flagged fields,true,data/incoming/tripoli-cafes.kml,authoritative registry or direct verification,"official document, registry entry, or authorized written confirmation",جهة الترخيص السياحي,وزارة السياحة؛ البلدية؛ الجهة المالكة حسب الاختصاص,next_review_cycle,quality,open,"Entity is required for completion, not asserted as the current source."
ACT-00360,LY-FNB-CAF-TRI-00342,tripoliCafes,Caffe 25,طرابلس,طرابلس,P3,license_review,license_review,review_required,verified official value or documented not_available,institutional verification of flagged fields,true,data/incoming/tripoli-cafes.kml,authoritative registry or direct verification,"official document, registry entry, or authorized written confirmation",جهة الترخيص السياحي,وزارة السياحة؛ البلدية؛ الجهة المالكة حسب الاختصاص,next_review_cycle,quality,open,"Entity is required for completion, not asserted as the current source."
ACT-00361,LY-FNB-CAF-TRI-00343,tripoliCafes,بانيني كافيه,طرابلس,طرابلس,P3,license_review,license_review,review_required,verified official value or documented not_available,institutional verification of flagged fields,true,data/incoming/tripoli-cafes.kml,authoritative registry or direct verification,"official document, registry entry, or authorized written confirmation",جهة الترخيص السياحي,وزارة السياحة؛ البلدية؛ الجهة المالكة حسب الاختصاص,next_review_cycle,quality,open,"Entity is required for completion, not asserted as the current source."
ACT-00362,LY-FNB-CAF-TRI-00344,tripoliCafes,مقهى سيلفيوم,طرابلس,طرابلس,P3,license_review,license_review,review_required,verified official value or documented not_available,institutional verification of flagged fields,true,data/incoming/tripoli-cafes.kml,authoritative registry or direct verification,"official document, registry entry, or authorized written confirmation",جهة الترخيص السياحي,وزارة السياحة؛ البلدية؛ الجهة المالكة حسب الاختصاص,next_review_cycle,quality,open,"Entity is required for completion, not asserted as the current source."
ACT-00364,LY-FNB-CAF-TRI-00346,tripoliCafes,Malek cafe,طرابلس,طرابلس,P3,license_review,license_review,review_required,verified official value or documented not_available,institutional verification of flagged fields,true,data/incoming/tripoli-cafes.kml,authoritative registry or direct verification,"official document, registry entry, or authorized written confirmation",جهة الترخيص السياحي,وزارة السياحة؛ البلدية؛ الجهة المالكة حسب الاختصاص,next_review_cycle,quality,open,"Entity is required for completion, not asserted as the current source."
ACT-00365,LY-FNB-CAF-TRI-00347,tripoliCafes,Habibi caffe & games,طرابلس,طرابلس,P3,license_review,license_review,review_required,verified official value or documented not_available,institutional verification of flagged fields,true,data/incoming/tripoli-cafes.kml,authoritative registry or direct verification,"official document, registry entry, or authorized written confirmation",جهة الترخيص السياحي,وزارة السياحة؛ البلدية؛ الجهة المالكة حسب الاختصاص,next_review_cycle,quality,open,"Entity is required for completion, not asserted as the current source."
ACT-00366,LY-FNB-CAF-TRI-00348,tripoliCafes,مقهى الوسام,طرابلس,طرابلس,P3,license_review,license_review,review_required,verified official value or documented not_available,institutional verification of flagged fields,true,data/incoming/tripoli-cafes.kml,authoritative registry or direct verification,"official document, registry entry, or authorized written confirmation",جهة الترخيص السياحي,وزارة السياحة؛ البلدية؛ الجهة المالكة حسب الاختصاص,next_review_cycle,quality,open,"Entity is required for completion, not asserted as the current source."
ACT-00367,LY-FNB-CAF-TRI-00349,tripoliCafes,مقهى الكبدة تاجوراء,طرابلس,طرابلس,P3,license_review,license_review,review_required,verified official value or documented not_available,institutional verification of flagged fields,true,data/incoming/tripoli-cafes.kml,authoritative registry or direct verification,"official document, registry entry, or authorized written confirmation",جهة الترخيص السياحي,وزارة السياحة؛ البلدية؛ الجهة المالكة حسب الاختصاص,next_review_cycle,quality,open,"Entity is required for completion, not asserted as the current source."
ACT-00369,LY-FNB-CAF-TRI-00351,tripoliCafes,مقهى فيرونا VERONA CAFFE,طرابلس,طرابلس,P3,license_review,license_review,review_required,verified official value or documented not_available,institutional verification of flagged fields,true,data/incoming/tripoli-cafes.kml,authoritative registry or direct verification,"official document, registry entry, or authorized written confirmation",جهة الترخيص السياحي,وزارة السياحة؛ البلدية؛ الجهة المالكة حسب الاختصاص,next_review_cycle,quality,open,"Entity is required for completion, not asserted as the current source."
ACT-00370,LY-FNB-CAF-TRI-00352,tripoliCafes,مقهي بلاك اند وايت,طرابلس,طرابلس,P3,license_review,license_review,review_required,verified official value or documented not_available,institutional verification of flagged fields,true,data/incoming/tripoli-cafes.kml,authoritative registry or direct verification,"official document, registry entry, or authorized written confirmation",جهة الترخيص السياحي,وزارة السياحة؛ البلدية؛ الجهة المالكة حسب الاختصاص,next_review_cycle,quality,open,"Entity is required for completion, not asserted as the current source."
ACT-00372,LY-FNB-CAF-TRI-00354,tripoliCafes,قهوة عصام الجديدة,طرابلس,طرابلس,P3,license_review,license_review,review_required,verified official value or documented not_available,institutional verification of flagged fields,true,data/incoming/tripoli-cafes.kml,authoritative registry or direct verification,"official document, registry entry, or authorized written confirmation",جهة الترخيص السياحي,وزارة السياحة؛ البلدية؛ الجهة المالكة حسب الاختصاص,next_review_cycle,quality,open,"Entity is required for completion, not asserted as the current source."
ACT-00374,LY-FNB-CAF-TRI-00356,tripoliCafes,كافي برقان,طرابلس,طرابلس,P3,license_review,license_review,review_required,verified official value or documented not_available,institutional verification of flagged fields,true,data/incoming/tripoli-cafes.kml,authoritative registry or direct verification,"official document, registry entry, or authorized written confirmation",جهة الترخيص السياحي,وزارة السياحة؛ البلدية؛ الجهة المالكة حسب الاختصاص,next_review_cycle,quality,open,"Entity is required for completion, not asserted as the current source."
ACT-00375,LY-FNB-CAF-TRI-00357,tripoliCafes,كافي شباب بلادي,طرابلس,طرابلس,P3,license_review,license_review,review_required,verified official value or documented not_available,institutional verification of flagged fields,true,data/incoming/tripoli-cafes.kml,authoritative registry or direct verification,"official document, registry entry, or authorized written confirmation",جهة الترخيص السياحي,وزارة السياحة؛ البلدية؛ الجهة المالكة حسب الاختصاص,next_review_cycle,quality,open,"Entity is required for completion, not asserted as the current source."
ACT-00376,LY-FNB-CAF-TRI-00358,tripoliCafes,ويلا كافي,طرابلس,طرابلس,P3,license_review,license_review,review_required,verified official value or documented not_available,institutional verification of flagged fields,true,data/incoming/tripoli-cafes.kml,authoritative registry or direct verification,"official document, registry entry, or authorized written confirmation",جهة الترخيص السياحي,وزارة السياحة؛ البلدية؛ الجهة المالكة حسب الاختصاص,next_review_cycle,quality,open,"Entity is required for completion, not asserted as the current source."
ACT-00377,LY-FNB-CAF-TRI-00359,tripoliCafes,مقهي الأرز,طرابلس,طرابلس,P3,license_review,license_review,review_required,verified official value or documented not_available,institutional verification of flagged fields,true,data/incoming/tripoli-cafes.kml,authoritative registry or direct verification,"official document, registry entry, or authorized written confirmation",جهة الترخيص السياحي,وزارة السياحة؛ البلدية؛ الجهة المالكة حسب الاختصاص,next_review_cycle,quality,open,"Entity is required for completion, not asserted as the current source."
ACT-00378,LY-FNB-CAF-TRI-00360,tripoliCafes,Como Coffee,طرابلس,طرابلس,P3,license_review,license_review,review_required,verified official value or documented not_available,institutional verification of flagged fields,true,data/incoming/tripoli-cafes.kml,authoritative registry or direct verification,"official document, registry entry, or authorized written confirmation",جهة الترخيص السياحي,وزارة السياحة؛ البلدية؛ الجهة المالكة حسب الاختصاص,next_review_cycle,quality,open,"Entity is required for completion, not asserted as the current source."
ACT-00379,LY-FNB-CAF-TRI-00361,tripoliCafes,Gelateria pinguino - مثلجات بنقوينو,طرابلس,طرابلس,P3,license_review,license_review,review_required,verified official value or documented not_available,institutional verification of flagged fields,true,data/incoming/tripoli-cafes.kml,authoritative registry or direct verification,"official document, registry entry, or authorized written confirmation",جهة الترخيص السياحي,وزارة السياحة؛ البلدية؛ الجهة المالكة حسب الاختصاص,next_review_cycle,quality,open,"Entity is required for completion, not asserted as the current source."
ACT-00380,LY-FNB-CAF-TRI-00362,tripoliCafes,قهوة الببو دحي وجبنة,طرابلس,طرابلس,P3,license_review,license_review,review_required,verified official value or documented not_available,institutional verification of flagged fields,true,data/incoming/tripoli-cafes.kml,authoritative registry or direct verification,"official document, registry entry, or authorized written confirmation",جهة الترخيص السياحي,وزارة السياحة؛ البلدية؛ الجهة المالكة حسب الاختصاص,next_review_cycle,quality,open,"Entity is required for completion, not asserted as the current source."
ACT-00384,LY-FNB-CAF-TRI-00366,tripoliCafes,مقهي باديه,طرابلس,طرابلس,P3,license_review,license_review,review_required,verified official value or documented not_available,institutional verification of flagged fields,true,data/incoming/tripoli-cafes.kml,authoritative registry or direct verification,"official document, registry entry, or authorized written confirmation",جهة الترخيص السياحي,وزارة السياحة؛ البلدية؛ الجهة المالكة حسب الاختصاص,next_review_cycle,quality,open,"Entity is required for completion, not asserted as the current source."
ACT-00387,LY-FNB-CAF-TRI-00369,tripoliCafes,MARSA CAFE قهوه على البحر,طرابلس,طرابلس,P3,license_review,license_review,review_required,verified official value or documented not_available,institutional verification of flagged fields,true,data/incoming/tripoli-cafes.kml,authoritative registry or direct verification,"official document, registry entry, or authorized written confirmation",جهة الترخيص السياحي,وزارة السياحة؛ البلدية؛ الجهة المالكة حسب الاختصاص,next_review_cycle,quality,open,"Entity is required for completion, not asserted as the current source."
ACT-00389,LY-FNB-CAF-TRI-00371,tripoliCafes,Caffè del Porto,طرابلس,طرابلس,P3,license_review,license_review,review_required,verified official value or documented not_available,institutional verification of flagged fields,true,data/incoming/tripoli-cafes.kml,authoritative registry or direct verification,"official document, registry entry, or authorized written confirmation",جهة الترخيص السياحي,وزارة السياحة؛ البلدية؛ الجهة المالكة حسب الاختصاص,next_review_cycle,quality,open,"Entity is required for completion, not asserted as the current source."
ACT-00390,LY-FNB-CAF-TRI-00372,tripoliCafes,مقهى السيدة مريم,طرابلس,طرابلس,P3,license_review,license_review,review_required,verified official value or documented not_available,institutional verification of flagged fields,true,data/incoming/tripoli-cafes.kml,authoritative registry or direct verification,"official document, registry entry, or authorized written confirmation",جهة الترخيص السياحي,وزارة السياحة؛ البلدية؛ الجهة المالكة حسب الاختصاص,next_review_cycle,quality,open,"Entity is required for completion, not asserted as the current source."
ACT-00391,LY-FNB-CAF-TRI-00373,tripoliCafes,قهوة ابوفينا,طرابلس,طرابلس,P3,license_review,license_review,review_required,verified official value or documented not_available,institutional verification of flagged fields,true,data/incoming/tripoli-cafes.kml,authoritative registry or direct verification,"official document, registry entry, or authorized written confirmation",جهة الترخيص السياحي,وزارة السياحة؛ البلدية؛ الجهة المالكة حسب الاختصاص,next_review_cycle,quality,open,"Entity is required for completion, not asserted as the current source."
ACT-00393,LY-FNB-CAF-TRI-00375,tripoliCafes,مقهى ومطعم الميڨو,طرابلس,طرابلس,P3,license_review,license_review,review_required,verified official value or documented not_available,institutional verification of flagged fields,true,data/incoming/tripoli-cafes.kml,authoritative registry or direct verification,"official document, registry entry, or authorized written confirmation",جهة الترخيص السياحي,وزارة السياحة؛ البلدية؛ الجهة المالكة حسب الاختصاص,next_review_cycle,quality,open,"Entity is required for completion, not asserted as the current source."
ACT-00394,LY-FNB-CAF-TRI-00376,tripoliCafes,مقهى صلاح,طرابلس,طرابلس,P3,license_review,license_review,review_required,verified official value or documented not_available,institutional verification of flagged fields,true,data/incoming/tripoli-cafes.kml,authoritative registry or direct verification,"official document, registry entry, or authorized written confirmation",جهة الترخيص السياحي,وزارة السياحة؛ البلدية؛ الجهة المالكة حسب الاختصاص,next_review_cycle,quality,open,"Entity is required for completion, not asserted as the current source."
ACT-00395,LY-FNB-CAF-TRI-00377,tripoliCafes,مقهى عمورة الكيلاني الثريا,طرابلس,طرابلس,P3,license_review,license_review,review_required,verified official value or documented not_available,institutional verification of flagged fields,true,data/incoming/tripoli-cafes.kml,authoritative registry or direct verification,"official document, registry entry, or authorized written confirmation",جهة الترخيص السياحي,وزارة السياحة؛ البلدية؛ الجهة المالكة حسب الاختصاص,next_review_cycle,quality,open,"Entity is required for completion, not asserted as the current source."
ACT-00396,LY-FNB-CAF-TRI-00378,tripoliCafes,مقهي أبو أحمد,طرابلس,طرابلس,P3,license_review,license_review,review_required,verified official value or documented not_available,institutional verification of flagged fields,true,data/incoming/tripoli-cafes.kml,authoritative registry or direct verification,"official document, registry entry, or authorized written confirmation",جهة الترخيص السياحي,وزارة السياحة؛ البلدية؛ الجهة المالكة حسب الاختصاص,next_review_cycle,quality,open,"Entity is required for completion, not asserted as the current source."
ACT-00397,LY-FNB-CAF-TRI-00379,tripoliCafes,مقهى كاره للوجبات السريعة,طرابلس,طرابلس,P3,license_review,license_review,review_required,verified official value or documented not_available,institutional verification of flagged fields,true,data/incoming/tripoli-cafes.kml,authoritative registry or direct verification,"official document, registry entry, or authorized written confirmation",جهة الترخيص السياحي,وزارة السياحة؛ البلدية؛ الجهة المالكة حسب الاختصاص,next_review_cycle,quality,open,"Entity is required for completion, not asserted as the current source."
ACT-00399,LY-FNB-CAF-TRI-00381,tripoliCafes,Saray Café مقهى سراي,طرابلس,طرابلس,P3,license_review,license_review,review_required,verified official value or documented not_available,institutional verification of flagged fields,true,data/incoming/tripoli-cafes.kml,authoritative registry or direct verification,"official document, registry entry, or authorized written confirmation",جهة الترخيص السياحي,وزارة السياحة؛ البلدية؛ الجهة المالكة حسب الاختصاص,next_review_cycle,quality,open,"Entity is required for completion, not asserted as the current source."
ACT-00400,LY-FNB-CAF-TRI-00382,tripoliCafes,Adnan cafe,طرابلس,طرابلس,P3,license_review,license_review,review_required,verified official value or documented not_available,institutional verification of flagged fields,true,data/incoming/tripoli-cafes.kml,authoritative registry or direct verification,"official document, registry entry, or authorized written confirmation",جهة الترخيص السياحي,وزارة السياحة؛ البلدية؛ الجهة المالكة حسب الاختصاص,next_review_cycle,quality,open,"Entity is required for completion, not asserted as the current source."
ACT-00401,LY-FNB-CAF-TRI-00383,tripoliCafes,coffe malek,طرابلس,طرابلس,P3,license_review,license_review,review_required,verified official value or documented not_available,institutional verification of flagged fields,true,data/incoming/tripoli-cafes.kml,authoritative registry or direct verification,"official document, registry entry, or authorized written confirmation",جهة الترخيص السياحي,وزارة السياحة؛ البلدية؛ الجهة المالكة حسب الاختصاص,next_review_cycle,quality,open,"Entity is required for completion, not asserted as the current source."
ACT-00402,LY-FNB-CAF-TRI-00384,tripoliCafes,مقهى النخيل,طرابلس,طرابلس,P3,license_review,license_review,review_required,verified official value or documented not_available,institutional verification of flagged fields,true,data/incoming/tripoli-cafes.kml,authoritative registry or direct verification,"official document, registry entry, or authorized written confirmation",جهة الترخيص السياحي,وزارة السياحة؛ البلدية؛ الجهة المالكة حسب الاختصاص,next_review_cycle,quality,open,"Entity is required for completion, not asserted as the current source."
ACT-00404,LY-FNB-CAF-TRI-00386,tripoliCafes,Nesma Cafe & Restaurant,طرابلس,طرابلس,P3,license_review,license_review,review_required,verified official value or documented not_available,institutional verification of flagged fields,true,data/incoming/tripoli-cafes.kml,authoritative registry or direct verification,"official document, registry entry, or authorized written confirmation",جهة الترخيص السياحي,وزارة السياحة؛ البلدية؛ الجهة المالكة حسب الاختصاص,next_review_cycle,quality,open,"Entity is required for completion, not asserted as the current source."
ACT-00405,LY-FNB-CAF-TRI-00387,tripoliCafes,مقهي ومطعم السرايا & Al Saraya Cafe and Restaurant,طرابلس,طرابلس,P3,license_review,license_review,review_required,verified official value or documented not_available,institutional verification of flagged fields,true,data/incoming/tripoli-cafes.kml,authoritative registry or direct verification,"official document, registry entry, or authorized written confirmation",جهة الترخيص السياحي,وزارة السياحة؛ البلدية؛ الجهة المالكة حسب الاختصاص,next_review_cycle,quality,open,"Entity is required for completion, not asserted as the current source."
ACT-00406,LY-FNB-CAF-TRI-00388,tripoliCafes,كافي اسامة,طرابلس,طرابلس,P3,license_review,license_review,review_required,verified official value or documented not_available,institutional verification of flagged fields,true,data/incoming/tripoli-cafes.kml,authoritative registry or direct verification,"official document, registry entry, or authorized written confirmation",جهة الترخيص السياحي,وزارة السياحة؛ البلدية؛ الجهة المالكة حسب الاختصاص,next_review_cycle,quality,open,"Entity is required for completion, not asserted as the current source."
ACT-00407,LY-FNB-CAF-TRI-00389,tripoliCafes,مقهى الكرنيش,طرابلس,طرابلس,P3,license_review,license_review,review_required,verified official value or documented not_available,institutional verification of flagged fields,true,data/incoming/tripoli-cafes.kml,authoritative registry or direct verification,"official document, registry entry, or authorized written confirmation",جهة الترخيص السياحي,وزارة السياحة؛ البلدية؛ الجهة المالكة حسب الاختصاص,next_review_cycle,quality,open,"Entity is required for completion, not asserted as the current source."
ACT-00408,LY-FNB-CAF-TRI-00390,tripoliCafes,مقهي فيراري Coffee ferrari,طرابلس,طرابلس,P3,license_review,license_review,review_required,verified official value or documented not_available,institutional verification of flagged fields,true,data/incoming/tripoli-cafes.kml,authoritative registry or direct verification,"official document, registry entry, or authorized written confirmation",جهة الترخيص السياحي,وزارة السياحة؛ البلدية؛ الجهة المالكة حسب الاختصاص,next_review_cycle,quality,open,"Entity is required for completion, not asserted as the current source."
ACT-00409,LY-FNB-CAF-TRI-00391,tripoliCafes,GROUP CAFE,طرابلس,طرابلس,P3,license_review,license_review,review_required,verified official value or documented not_available,institutional verification of flagged fields,true,data/incoming/tripoli-cafes.kml,authoritative registry or direct verification,"official document, registry entry, or authorized written confirmation",جهة الترخيص السياحي,وزارة السياحة؛ البلدية؛ الجهة المالكة حسب الاختصاص,next_review_cycle,quality,open,"Entity is required for completion, not asserted as the current source."
ACT-00411,LY-FNB-CAF-TRI-00393,tripoliCafes,مقهى طريق الشط,طرابلس,طرابلس,P3,license_review,license_review,review_required,verified official value or documented not_available,institutional verification of flagged fields,true,data/incoming/tripoli-cafes.kml,authoritative registry or direct verification,"official document, registry entry, or authorized written confirmation",جهة الترخيص السياحي,وزارة السياحة؛ البلدية؛ الجهة المالكة حسب الاختصاص,next_review_cycle,quality,open,"Entity is required for completion, not asserted as the current source."
ACT-00412,LY-FNB-CAF-TRI-00394,tripoliCafes,شهرزاد للحلويات الشرقية والعالمية,طرابلس,طرابلس,P3,license_review,license_review,review_required,verified official value or documented not_available,institutional verification of flagged fields,true,data/incoming/tripoli-cafes.kml,authoritative registry or direct verification,"official document, registry entry, or authorized written confirmation",جهة الترخيص السياحي,وزارة السياحة؛ البلدية؛ الجهة المالكة حسب الاختصاص,next_review_cycle,quality,open,"Entity is required for completion, not asserted as the current source."
ACT-00413,LY-FNB-CAF-TRI-00395,tripoliCafes,bona cake,طرابلس,طرابلس,P3,license_review,license_review,review_required,verified official value or documented not_available,institutional verification of flagged fields,true,data/incoming/tripoli-cafes.kml,authoritative registry or direct verification,"official document, registry entry, or authorized written confirmation",جهة الترخيص السياحي,وزارة السياحة؛ البلدية؛ الجهة المالكة حسب الاختصاص,next_review_cycle,quality,open,"Entity is required for completion, not asserted as the current source."
ACT-00415,LY-FNB-CAF-TRI-00397,tripoliCafes,كافي تشينو,طرابلس,طرابلس,P3,license_review,license_review,review_required,verified official value or documented not_available,institutional verification of flagged fields,true,data/incoming/tripoli-cafes.kml,authoritative registry or direct verification,"official document, registry entry, or authorized written confirmation",جهة الترخيص السياحي,وزارة السياحة؛ البلدية؛ الجهة المالكة حسب الاختصاص,next_review_cycle,quality,open,"Entity is required for completion, not asserted as the current source."
ACT-00416,LY-FNB-CAF-TRI-00398,tripoliCafes,S&M cake,طرابلس,طرابلس,P3,license_review,license_review,review_required,verified official value or documented not_available,institutional verification of flagged fields,true,data/incoming/tripoli-cafes.kml,authoritative registry or direct verification,"official document, registry entry, or authorized written confirmation",جهة الترخيص السياحي,وزارة السياحة؛ البلدية؛ الجهة المالكة حسب الاختصاص,next_review_cycle,quality,open,"Entity is required for completion, not asserted as the current source."
ACT-00417,LY-FNB-CAF-TRI-00399,tripoliCafes,The cue cafe,طرابلس,طرابلس,P3,license_review,license_review,review_required,verified official value or documented not_available,institutional verification of flagged fields,true,data/incoming/tripoli-cafes.kml,authoritative registry or direct verification,"official document, registry entry, or authorized written confirmation",جهة الترخيص السياحي,وزارة السياحة؛ البلدية؛ الجهة المالكة حسب الاختصاص,next_review_cycle,quality,open,"Entity is required for completion, not asserted as the current source."
ACT-00420,LY-FNB-CAF-TRI-00402,tripoliCafes,معمل البركة للحلويات,طرابلس,طرابلس,P3,license_review,license_review,review_required,verified official value or documented not_available,institutional verification of flagged fields,true,data/incoming/tripoli-cafes.kml,authoritative registry or direct verification,"official document, registry entry, or authorized written confirmation",جهة الترخيص السياحي,وزارة السياحة؛ البلدية؛ الجهة المالكة حسب الاختصاص,next_review_cycle,quality,open,"Entity is required for completion, not asserted as the current source."
