{
  "type": "FeatureCollection",
  "features": [
    {
      "type": "Feature",
      "id": "LY-AKA-000001",
      "properties": {
        "id": "LY-AKA-000001",
        "name_ar": "قوس أفزجار",
        "name_en": "قوس أفزجار",
        "layer_id": "akakus",
        "category": "أكاكوس",
        "source": "KML conversion",
        "source_file": "data/kml/final/akakus.kml",
        "source_record": 0,
        "data_status": "provisional",
        "publication_status": "published",
        "geometry_status": "valid",
        "image_review_status": "institutionally_approved_pending_visual_verification",
        "image_publication_status": "provisional_publication_candidate",
        "image_link_status": "runtime_linked_pending_visual_verification",
        "image_rights_status": "institutional_publication_approval",
        "image_governance_version": "runtime_linkage_phase_v1",
        "local_images": [
          "assets/images/akakus/akakus-LY-AKAKUS-00001-01.png",
          "assets/images/akakus/akakus-LY-AKAKUS-00001-01.webp"
        ],
        "gallery_images": [
          "assets/images/akakus/akakus-LY-AKAKUS-00001-01.png",
          "assets/images/akakus/akakus-LY-AKAKUS-00001-01.webp"
        ],
        "image_count": 2,
        "primary_image": "assets/images/akakus/akakus-LY-AKAKUS-00001-01.png",
        "layer_assignment_status": "user_curated_confirmed",
        "institutional_display_authorization": "approved",
        "rights_status": "unknown",
        "image_source_credit": "unknown"
      },
      "geometry": {
        "type": "Point",
        "coordinates": [
          10.633603,
          24.684159
        ]
      }
    },
    {
      "type": "Feature",
      "id": "LY-AKA-000002",
      "properties": {
        "id": "LY-AKA-000002",
        "name_ar": "قوس أفزجارن وقوس تنخليفة",
        "name_en": "قوس أفزجارن وقوس تنخليفة",
        "layer_id": "akakus",
        "category": "أكاكوس",
        "source": "KML conversion",
        "source_file": "data/kml/final/akakus.kml",
        "source_record": 1,
        "data_status": "provisional",
        "publication_status": "published",
        "geometry_status": "valid",
        "image_review_status": "institutionally_approved_pending_visual_verification",
        "image_publication_status": "provisional_publication_candidate",
        "image_link_status": "runtime_linked_pending_visual_verification",
        "image_rights_status": "institutional_publication_approval",
        "image_governance_version": "runtime_linkage_phase_v1",
        "local_images": [
          "assets/images/akakus/akakus-LY-AKAKUS-00002-01.png",
          "assets/images/akakus/akakus-LY-AKAKUS-00002-01.webp"
        ],
        "gallery_images": [
          "assets/images/akakus/akakus-LY-AKAKUS-00002-01.png",
          "assets/images/akakus/akakus-LY-AKAKUS-00002-01.webp"
        ],
        "image_count": 2,
        "primary_image": "assets/images/akakus/akakus-LY-AKAKUS-00002-01.png",
        "layer_assignment_status": "user_curated_confirmed",
        "institutional_display_authorization": "approved",
        "rights_status": "unknown",
        "image_source_credit": "unknown"
      },
      "geometry": {
        "type": "Point",
        "coordinates": [
          10.577589,
          24.857511
        ]
      }
    },
    {
      "type": "Feature",
      "id": "LY-AKA-000003",
      "properties": {
        "id": "LY-AKA-000003",
        "name_ar": "قوس صخري",
        "name_en": "قوس صخري",
        "layer_id": "akakus",
        "category": "أكاكوس",
        "source": "KML conversion",
        "source_file": "data/kml/final/akakus.kml",
        "source_record": 2,
        "data_status": "provisional",
        "publication_status": "published",
        "geometry_status": "valid",
        "image_review_status": "institutionally_approved_pending_visual_verification",
        "image_publication_status": "provisional_publication_candidate",
        "image_link_status": "runtime_linked_pending_visual_verification",
        "image_rights_status": "institutional_publication_approval",
        "image_governance_version": "runtime_linkage_phase_v1",
        "local_images": [
          "assets/images/akakus/akakus-LY-AKAKUS-00003-01.png",
          "assets/images/akakus/akakus-LY-AKAKUS-00003-01.webp"
        ],
        "gallery_images": [
          "assets/images/akakus/akakus-LY-AKAKUS-00003-01.png",
          "assets/images/akakus/akakus-LY-AKAKUS-00003-01.webp"
        ],
        "image_count": 2,
        "primary_image": "assets/images/akakus/akakus-LY-AKAKUS-00003-01.png",
        "layer_assignment_status": "user_curated_confirmed",
        "institutional_display_authorization": "approved",
        "rights_status": "unknown",
        "image_source_credit": "unknown"
      },
      "geometry": {
        "type": "Point",
        "coordinates": [
          10.486827,
          24.805344
        ]
      }
    },
    {
      "type": "Feature",
      "id": "LY-AKA-000004",
      "properties": {
        "id": "LY-AKA-000004",
        "name_ar": "قوس صخري",
        "name_en": "قوس صخري",
        "layer_id": "akakus",
        "category": "أكاكوس",
        "source": "KML conversion",
        "source_file": "data/kml/final/akakus.kml",
        "source_record": 3,
        "data_status": "provisional",
        "publication_status": "published",
        "geometry_status": "valid",
        "image_review_status": "institutionally_approved_pending_visual_verification",
        "image_publication_status": "provisional_publication_candidate",
        "image_link_status": "runtime_linked_pending_visual_verification",
        "image_rights_status": "institutional_publication_approval",
        "image_governance_version": "runtime_linkage_phase_v1",
        "local_images": [
          "assets/images/akakus/akakus-LY-AKAKUS-00004-01.png",
          "assets/images/akakus/akakus-LY-AKAKUS-00004-01.webp"
        ],
        "gallery_images": [
          "assets/images/akakus/akakus-LY-AKAKUS-00004-01.png",
          "assets/images/akakus/akakus-LY-AKAKUS-00004-01.webp"
        ],
        "image_count": 2,
        "primary_image": "assets/images/akakus/akakus-LY-AKAKUS-00004-01.png",
        "layer_assignment_status": "user_curated_confirmed",
        "institutional_display_authorization": "approved",
        "rights_status": "unknown",
        "image_source_credit": "unknown"
      },
      "geometry": {
        "type": "Point",
        "coordinates": [
          10.488511,
          24.800558
        ]
      }
    },
    {
      "type": "Feature",
      "id": "LY-AKA-000005",
      "properties": {
        "id": "LY-AKA-000005",
        "name_ar": "قوس صخري",
        "name_en": "قوس صخري",
        "layer_id": "akakus",
        "category": "أكاكوس",
        "source": "KML conversion",
        "source_file": "data/kml/final/akakus.kml",
        "source_record": 4,
        "data_status": "provisional",
        "publication_status": "published",
        "geometry_status": "valid",
        "image_review_status": "institutionally_approved_pending_visual_verification",
        "image_publication_status": "provisional_publication_candidate",
        "image_link_status": "runtime_linked_pending_visual_verification",
        "image_rights_status": "institutional_publication_approval",
        "image_governance_version": "runtime_linkage_phase_v1",
        "local_images": [
          "assets/images/akakus/akakus-LY-AKAKUS-00005-01.png",
          "assets/images/akakus/akakus-LY-AKAKUS-00005-01.webp"
        ],
        "gallery_images": [
          "assets/images/akakus/akakus-LY-AKAKUS-00005-01.png",
          "assets/images/akakus/akakus-LY-AKAKUS-00005-01.webp"
        ],
        "image_count": 2,
        "primary_image": "assets/images/akakus/akakus-LY-AKAKUS-00005-01.png",
        "layer_assignment_status": "user_curated_confirmed",
        "institutional_display_authorization": "approved",
        "rights_status": "unknown",
        "image_source_credit": "unknown"
      },
      "geometry": {
        "type": "Point",
        "coordinates": [
          10.49638,
          24.787774
        ]
      }
    },
    {
      "type": "Feature",
      "id": "LY-AKA-000006",
      "properties": {
        "id": "LY-AKA-000006",
        "name_ar": "قوس صخري",
        "name_en": "قوس صخري",
        "layer_id": "akakus",
        "category": "أكاكوس",
        "source": "KML conversion",
        "source_file": "data/kml/final/akakus.kml",
        "source_record": 5,
        "data_status": "provisional",
        "publication_status": "published",
        "geometry_status": "valid",
        "image_review_status": "institutionally_approved_pending_visual_verification",
        "image_publication_status": "provisional_publication_candidate",
        "image_link_status": "runtime_linked_pending_visual_verification",
        "image_rights_status": "institutional_publication_approval",
        "image_governance_version": "runtime_linkage_phase_v1",
        "local_images": [
          "assets/images/akakus/akakus-LY-AKAKUS-00006-01.png",
          "assets/images/akakus/akakus-LY-AKAKUS-00006-01.webp"
        ],
        "gallery_images": [
          "assets/images/akakus/akakus-LY-AKAKUS-00006-01.png",
          "assets/images/akakus/akakus-LY-AKAKUS-00006-01.webp"
        ],
        "image_count": 2,
        "primary_image": "assets/images/akakus/akakus-LY-AKAKUS-00006-01.png",
        "layer_assignment_status": "user_curated_confirmed",
        "institutional_display_authorization": "approved",
        "rights_status": "unknown",
        "image_source_credit": "unknown"
      },
      "geometry": {
        "type": "Point",
        "coordinates": [
          10.632464,
          24.914286
        ]
      }
    },
    {
      "type": "Feature",
      "id": "LY-AKA-000007",
      "properties": {
        "id": "LY-AKA-000007",
        "name_ar": "قوس أويص",
        "name_en": "قوس أويص",
        "layer_id": "akakus",
        "category": "أكاكوس",
        "source": "KML conversion",
        "source_file": "data/kml/final/akakus.kml",
        "source_record": 6,
        "data_status": "provisional",
        "publication_status": "published",
        "geometry_status": "valid",
        "image_review_status": "institutionally_approved_pending_visual_verification",
        "image_publication_status": "provisional_publication_candidate",
        "image_link_status": "runtime_linked_pending_visual_verification",
        "image_rights_status": "institutional_publication_approval",
        "image_governance_version": "runtime_linkage_phase_v1",
        "local_images": [
          "assets/images/akakus/akakus-LY-AKAKUS-00007-01.png",
          "assets/images/akakus/akakus-LY-AKAKUS-00007-01.webp"
        ],
        "gallery_images": [
          "assets/images/akakus/akakus-LY-AKAKUS-00007-01.png",
          "assets/images/akakus/akakus-LY-AKAKUS-00007-01.webp"
        ],
        "image_count": 2,
        "primary_image": "assets/images/akakus/akakus-LY-AKAKUS-00007-01.png",
        "layer_assignment_status": "user_curated_confirmed",
        "institutional_display_authorization": "approved",
        "rights_status": "unknown",
        "image_source_credit": "unknown"
      },
      "geometry": {
        "type": "Point",
        "coordinates": [
          10.5472,
          25.337911
        ]
      }
    },
    {
      "type": "Feature",
      "id": "LY-AKA-000008",
      "properties": {
        "id": "LY-AKA-000008",
        "name_ar": "قوس صخري",
        "name_en": "قوس صخري",
        "layer_id": "akakus",
        "category": "أكاكوس",
        "source": "KML conversion",
        "source_file": "data/kml/final/akakus.kml",
        "source_record": 7,
        "data_status": "provisional",
        "publication_status": "published",
        "geometry_status": "valid",
        "image_review_status": "institutionally_approved_pending_visual_verification",
        "image_publication_status": "provisional_publication_candidate",
        "image_link_status": "runtime_linked_pending_visual_verification",
        "image_rights_status": "institutional_publication_approval",
        "image_governance_version": "runtime_linkage_phase_v1",
        "local_images": [
          "assets/images/akakus/akakus-LY-AKAKUS-00008-01.png",
          "assets/images/akakus/akakus-LY-AKAKUS-00008-01.webp"
        ],
        "gallery_images": [
          "assets/images/akakus/akakus-LY-AKAKUS-00008-01.png",
          "assets/images/akakus/akakus-LY-AKAKUS-00008-01.webp"
        ],
        "image_count": 2,
        "primary_image": "assets/images/akakus/akakus-LY-AKAKUS-00008-01.png",
        "layer_assignment_status": "user_curated_confirmed",
        "institutional_display_authorization": "approved",
        "rights_status": "unknown",
        "image_source_credit": "unknown"
      },
      "geometry": {
        "type": "Point",
        "coordinates": [
          10.561725,
          25.306461
        ]
      }
    },
    {
      "type": "Feature",
      "id": "LY-AKA-000009",
      "properties": {
        "id": "LY-AKA-000009",
        "name_ar": "قوس صخري",
        "name_en": "قوس صخري",
        "layer_id": "akakus",
        "category": "أكاكوس",
        "source": "KML conversion",
        "source_file": "data/kml/final/akakus.kml",
        "source_record": 8,
        "data_status": "provisional",
        "publication_status": "published",
        "geometry_status": "valid",
        "image_review_status": "institutionally_approved_pending_visual_verification",
        "image_publication_status": "provisional_publication_candidate",
        "image_link_status": "runtime_linked_pending_visual_verification",
        "image_rights_status": "institutional_publication_approval",
        "image_governance_version": "runtime_linkage_phase_v1",
        "local_images": [
          "assets/images/akakus/akakus-LY-AKAKUS-00009-01.png",
          "assets/images/akakus/akakus-LY-AKAKUS-00009-01.webp"
        ],
        "gallery_images": [
          "assets/images/akakus/akakus-LY-AKAKUS-00009-01.png",
          "assets/images/akakus/akakus-LY-AKAKUS-00009-01.webp"
        ],
        "image_count": 2,
        "primary_image": "assets/images/akakus/akakus-LY-AKAKUS-00009-01.png",
        "layer_assignment_status": "user_curated_confirmed",
        "institutional_display_authorization": "approved",
        "rights_status": "unknown",
        "image_source_credit": "unknown"
      },
      "geometry": {
        "type": "Point",
        "coordinates": [
          10.554221,
          25.308144
        ]
      }
    },
    {
      "type": "Feature",
      "id": "LY-AKA-000010",
      "properties": {
        "id": "LY-AKA-000010",
        "name_ar": "قوس صخري",
        "name_en": "قوس صخري",
        "layer_id": "akakus",
        "category": "أكاكوس",
        "source": "KML conversion",
        "source_file": "data/kml/final/akakus.kml",
        "source_record": 9,
        "data_status": "provisional",
        "publication_status": "published",
        "geometry_status": "valid",
        "image_review_status": "institutionally_approved_pending_visual_verification",
        "image_publication_status": "provisional_publication_candidate",
        "image_link_status": "runtime_linked_pending_visual_verification",
        "image_rights_status": "institutional_publication_approval",
        "image_governance_version": "runtime_linkage_phase_v1",
        "local_images": [
          "assets/images/akakus/akakus-LY-AKAKUS-00010-01.png",
          "assets/images/akakus/akakus-LY-AKAKUS-00010-01.webp"
        ],
        "gallery_images": [
          "assets/images/akakus/akakus-LY-AKAKUS-00010-01.png",
          "assets/images/akakus/akakus-LY-AKAKUS-00010-01.webp"
        ],
        "image_count": 2,
        "primary_image": "assets/images/akakus/akakus-LY-AKAKUS-00010-01.png",
        "layer_assignment_status": "user_curated_confirmed",
        "institutional_display_authorization": "approved",
        "rights_status": "unknown",
        "image_source_credit": "unknown"
      },
      "geometry": {
        "type": "Point",
        "coordinates": [
          10.559819,
          25.31145
        ]
      }
    },
    {
      "type": "Feature",
      "id": "LY-AKA-000011",
      "properties": {
        "id": "LY-AKA-000011",
        "name_ar": "قوس صخري",
        "name_en": "قوس صخري",
        "layer_id": "akakus",
        "category": "أكاكوس",
        "source": "KML conversion",
        "source_file": "data/kml/final/akakus.kml",
        "source_record": 10,
        "data_status": "provisional",
        "publication_status": "published",
        "geometry_status": "valid",
        "image_review_status": "institutionally_approved_pending_visual_verification",
        "image_publication_status": "provisional_publication_candidate",
        "image_link_status": "runtime_linked_pending_visual_verification",
        "image_rights_status": "institutional_publication_approval",
        "image_governance_version": "runtime_linkage_phase_v1",
        "local_images": [
          "assets/images/akakus/akakus-LY-AKAKUS-00011-01.png",
          "assets/images/akakus/akakus-LY-AKAKUS-00011-01.webp"
        ],
        "gallery_images": [
          "assets/images/akakus/akakus-LY-AKAKUS-00011-01.png",
          "assets/images/akakus/akakus-LY-AKAKUS-00011-01.webp"
        ],
        "image_count": 2,
        "primary_image": "assets/images/akakus/akakus-LY-AKAKUS-00011-01.png",
        "layer_assignment_status": "user_curated_confirmed",
        "institutional_display_authorization": "approved",
        "rights_status": "unknown",
        "image_source_credit": "unknown"
      },
      "geometry": {
        "type": "Point",
        "coordinates": [
          10.560057,
          25.311701
        ]
      }
    },
    {
      "type": "Feature",
      "id": "LY-AKA-000012",
      "properties": {
        "id": "LY-AKA-000012",
        "name_ar": "قوس صخري 13",
        "name_en": "قوس صخري 13",
        "layer_id": "akakus",
        "category": "أكاكوس",
        "source": "KML conversion",
        "source_file": "data/kml/final/akakus.kml",
        "source_record": 11,
        "data_status": "provisional",
        "publication_status": "published",
        "geometry_status": "valid",
        "image_review_status": "institutionally_approved_pending_visual_verification",
        "image_publication_status": "provisional_publication_candidate",
        "image_link_status": "runtime_linked_pending_visual_verification",
        "image_rights_status": "institutional_publication_approval",
        "image_governance_version": "runtime_linkage_phase_v1",
        "local_images": [
          "assets/images/akakus/akakus-LY-AKAKUS-00012-01.png",
          "assets/images/akakus/akakus-LY-AKAKUS-00012-01.webp"
        ],
        "gallery_images": [
          "assets/images/akakus/akakus-LY-AKAKUS-00012-01.png",
          "assets/images/akakus/akakus-LY-AKAKUS-00012-01.webp"
        ],
        "image_count": 2,
        "primary_image": "assets/images/akakus/akakus-LY-AKAKUS-00012-01.png",
        "layer_assignment_status": "user_curated_confirmed",
        "institutional_display_authorization": "approved",
        "rights_status": "unknown",
        "image_source_credit": "unknown"
      },
      "geometry": {
        "type": "Point",
        "coordinates": [
          10.664895,
          24.912561
        ]
      }
    },
    {
      "type": "Feature",
      "id": "LY-AKA-000013",
      "properties": {
        "id": "LY-AKA-000013",
        "name_ar": "قوس تين لوبو",
        "name_en": "قوس تين لوبو",
        "layer_id": "akakus",
        "category": "أكاكوس",
        "source": "KML conversion",
        "source_file": "data/kml/final/akakus.kml",
        "source_record": 12,
        "data_status": "provisional",
        "publication_status": "published",
        "geometry_status": "valid",
        "image_review_status": "institutionally_approved_pending_visual_verification",
        "image_publication_status": "provisional_publication_candidate",
        "image_link_status": "runtime_linked_pending_visual_verification",
        "image_rights_status": "institutional_publication_approval",
        "image_governance_version": "runtime_linkage_phase_v1",
        "local_images": [
          "assets/images/akakus/akakus-LY-AKAKUS-00013-01.png",
          "assets/images/akakus/akakus-LY-AKAKUS-00013-01.webp"
        ],
        "gallery_images": [
          "assets/images/akakus/akakus-LY-AKAKUS-00013-01.png",
          "assets/images/akakus/akakus-LY-AKAKUS-00013-01.webp"
        ],
        "image_count": 2,
        "primary_image": "assets/images/akakus/akakus-LY-AKAKUS-00013-01.png",
        "layer_assignment_status": "user_curated_confirmed",
        "institutional_display_authorization": "approved",
        "rights_status": "unknown",
        "image_source_credit": "unknown"
      },
      "geometry": {
        "type": "Point",
        "coordinates": [
          10.645623,
          24.918914
        ]
      }
    },
    {
      "type": "Feature",
      "id": "LY-AKA-000014",
      "properties": {
        "id": "LY-AKA-000014",
        "name_ar": "قوس صخري",
        "name_en": "قوس صخري",
        "layer_id": "akakus",
        "category": "أكاكوس",
        "source": "KML conversion",
        "source_file": "data/kml/final/akakus.kml",
        "source_record": 13,
        "data_status": "provisional",
        "publication_status": "published",
        "geometry_status": "valid",
        "image_review_status": "institutionally_approved_pending_visual_verification",
        "image_publication_status": "provisional_publication_candidate",
        "image_link_status": "runtime_linked_pending_visual_verification",
        "image_rights_status": "institutional_publication_approval",
        "image_governance_version": "runtime_linkage_phase_v1",
        "local_images": [
          "assets/images/akakus/akakus-LY-AKAKUS-00014-01.png",
          "assets/images/akakus/akakus-LY-AKAKUS-00014-01.webp"
        ],
        "gallery_images": [
          "assets/images/akakus/akakus-LY-AKAKUS-00014-01.png",
          "assets/images/akakus/akakus-LY-AKAKUS-00014-01.webp"
        ],
        "image_count": 2,
        "primary_image": "assets/images/akakus/akakus-LY-AKAKUS-00014-01.png",
        "layer_assignment_status": "user_curated_confirmed",
        "institutional_display_authorization": "approved",
        "rights_status": "unknown",
        "image_source_credit": "unknown"
      },
      "geometry": {
        "type": "Point",
        "coordinates": [
          10.646391,
          24.922319
        ]
      }
    },
    {
      "type": "Feature",
      "id": "LY-AKA-000015",
      "properties": {
        "id": "LY-AKA-000015",
        "name_ar": "قوس صخري",
        "name_en": "قوس صخري",
        "layer_id": "akakus",
        "category": "أكاكوس",
        "source": "KML conversion",
        "source_file": "data/kml/final/akakus.kml",
        "source_record": 14,
        "data_status": "provisional",
        "publication_status": "published",
        "geometry_status": "valid",
        "image_review_status": "institutionally_approved_pending_visual_verification",
        "image_publication_status": "provisional_publication_candidate",
        "image_link_status": "runtime_linked_pending_visual_verification",
        "image_rights_status": "institutional_publication_approval",
        "image_governance_version": "runtime_linkage_phase_v1"
      },
      "geometry": {
        "type": "Point",
        "coordinates": [
          10.58311,
          24.879421
        ]
      }
    },
    {
      "type": "Feature",
      "id": "LY-AKA-000016",
      "properties": {
        "id": "LY-AKA-000016",
        "name_ar": "قوس صخري",
        "name_en": "قوس صخري",
        "layer_id": "akakus",
        "category": "أكاكوس",
        "source": "KML conversion",
        "source_file": "data/kml/final/akakus.kml",
        "source_record": 15,
        "data_status": "provisional",
        "publication_status": "published",
        "geometry_status": "valid",
        "image_review_status": "institutionally_approved_pending_visual_verification",
        "image_publication_status": "provisional_publication_candidate",
        "image_link_status": "runtime_linked_pending_visual_verification",
        "image_rights_status": "institutional_publication_approval",
        "image_governance_version": "runtime_linkage_phase_v1",
        "local_images": [
          "assets/images/akakus/akakus-LY-AKAKUS-00016-01.png",
          "assets/images/akakus/akakus-LY-AKAKUS-00016-01.webp"
        ],
        "gallery_images": [
          "assets/images/akakus/akakus-LY-AKAKUS-00016-01.png",
          "assets/images/akakus/akakus-LY-AKAKUS-00016-01.webp"
        ],
        "image_count": 2,
        "primary_image": "assets/images/akakus/akakus-LY-AKAKUS-00016-01.png",
        "layer_assignment_status": "user_curated_confirmed",
        "institutional_display_authorization": "approved",
        "rights_status": "unknown",
        "image_source_credit": "unknown"
      },
      "geometry": {
        "type": "Point",
        "coordinates": [
          10.654182,
          24.827101
        ]
      }
    },
    {
      "type": "Feature",
      "id": "LY-AKA-000017",
      "properties": {
        "id": "LY-AKA-000017",
        "name_ar": "قوس صخري",
        "name_en": "قوس صخري",
        "layer_id": "akakus",
        "category": "أكاكوس",
        "source": "KML conversion",
        "source_file": "data/kml/final/akakus.kml",
        "source_record": 16,
        "data_status": "provisional",
        "publication_status": "published",
        "geometry_status": "valid",
        "image_review_status": "institutionally_approved_pending_visual_verification",
        "image_publication_status": "provisional_publication_candidate",
        "image_link_status": "runtime_linked_pending_visual_verification",
        "image_rights_status": "institutional_publication_approval",
        "image_governance_version": "runtime_linkage_phase_v1",
        "local_images": [
          "assets/images/akakus/akakus-LY-AKAKUS-00017-01.png",
          "assets/images/akakus/akakus-LY-AKAKUS-00017-01.webp"
        ],
        "gallery_images": [
          "assets/images/akakus/akakus-LY-AKAKUS-00017-01.png",
          "assets/images/akakus/akakus-LY-AKAKUS-00017-01.webp"
        ],
        "image_count": 2,
        "primary_image": "assets/images/akakus/akakus-LY-AKAKUS-00017-01.png",
        "layer_assignment_status": "user_curated_confirmed",
        "institutional_display_authorization": "approved",
        "rights_status": "unknown",
        "image_source_credit": "unknown"
      },
      "geometry": {
        "type": "Point",
        "coordinates": [
          10.643537,
          24.80485
        ]
      }
    },
    {
      "type": "Feature",
      "id": "LY-AKA-000018",
      "properties": {
        "id": "LY-AKA-000018",
        "name_ar": "قوس صخري",
        "name_en": "قوس صخري",
        "layer_id": "akakus",
        "category": "أكاكوس",
        "source": "KML conversion",
        "source_file": "data/kml/final/akakus.kml",
        "source_record": 17,
        "data_status": "provisional",
        "publication_status": "published",
        "geometry_status": "valid",
        "image_review_status": "institutionally_approved_pending_visual_verification",
        "image_publication_status": "provisional_publication_candidate",
        "image_link_status": "runtime_linked_pending_visual_verification",
        "image_rights_status": "institutional_publication_approval",
        "image_governance_version": "runtime_linkage_phase_v1",
        "local_images": [
          "assets/images/akakus/akakus-LY-AKAKUS-00018-01.png",
          "assets/images/akakus/akakus-LY-AKAKUS-00018-01.webp"
        ],
        "gallery_images": [
          "assets/images/akakus/akakus-LY-AKAKUS-00018-01.png",
          "assets/images/akakus/akakus-LY-AKAKUS-00018-01.webp"
        ],
        "image_count": 2,
        "primary_image": "assets/images/akakus/akakus-LY-AKAKUS-00018-01.png",
        "layer_assignment_status": "user_curated_confirmed",
        "institutional_display_authorization": "approved",
        "rights_status": "unknown",
        "image_source_credit": "unknown"
      },
      "geometry": {
        "type": "Point",
        "coordinates": [
          10.638473,
          24.690814
        ]
      }
    },
    {
      "type": "Feature",
      "id": "LY-AKA-000019",
      "properties": {
        "id": "LY-AKA-000019",
        "name_ar": "قوس صخري",
        "name_en": "قوس صخري",
        "layer_id": "akakus",
        "category": "أكاكوس",
        "source": "KML conversion",
        "source_file": "data/kml/final/akakus.kml",
        "source_record": 18,
        "data_status": "provisional",
        "publication_status": "published",
        "geometry_status": "valid",
        "image_review_status": "institutionally_approved_pending_visual_verification",
        "image_publication_status": "provisional_publication_candidate",
        "image_link_status": "runtime_linked_pending_visual_verification",
        "image_rights_status": "institutional_publication_approval",
        "image_governance_version": "runtime_linkage_phase_v1",
        "local_images": [
          "assets/images/akakus/akakus-LY-AKAKUS-00019-01.png",
          "assets/images/akakus/akakus-LY-AKAKUS-00019-01.webp"
        ],
        "gallery_images": [
          "assets/images/akakus/akakus-LY-AKAKUS-00019-01.png",
          "assets/images/akakus/akakus-LY-AKAKUS-00019-01.webp"
        ],
        "image_count": 2,
        "primary_image": "assets/images/akakus/akakus-LY-AKAKUS-00019-01.png",
        "layer_assignment_status": "user_curated_confirmed",
        "institutional_display_authorization": "approved",
        "rights_status": "unknown",
        "image_source_credit": "unknown"
      },
      "geometry": {
        "type": "Point",
        "coordinates": [
          10.607206,
          24.721826
        ]
      }
    },
    {
      "type": "Feature",
      "id": "LY-AKA-000020",
      "properties": {
        "id": "LY-AKA-000020",
        "name_ar": "قوس صخري",
        "name_en": "قوس صخري",
        "layer_id": "akakus",
        "category": "أكاكوس",
        "source": "KML conversion",
        "source_file": "data/kml/final/akakus.kml",
        "source_record": 19,
        "data_status": "provisional",
        "publication_status": "published",
        "geometry_status": "valid",
        "image_review_status": "institutionally_approved_pending_visual_verification",
        "image_publication_status": "provisional_publication_candidate",
        "image_link_status": "runtime_linked_pending_visual_verification",
        "image_rights_status": "institutional_publication_approval",
        "image_governance_version": "runtime_linkage_phase_v1",
        "local_images": [
          "assets/images/akakus/akakus-LY-AKAKUS-00020-01.png",
          "assets/images/akakus/akakus-LY-AKAKUS-00020-01.webp"
        ],
        "gallery_images": [
          "assets/images/akakus/akakus-LY-AKAKUS-00020-01.png",
          "assets/images/akakus/akakus-LY-AKAKUS-00020-01.webp"
        ],
        "image_count": 2,
        "primary_image": "assets/images/akakus/akakus-LY-AKAKUS-00020-01.png",
        "layer_assignment_status": "user_curated_confirmed",
        "institutional_display_authorization": "approved",
        "rights_status": "unknown",
        "image_source_credit": "unknown"
      },
      "geometry": {
        "type": "Point",
        "coordinates": [
          10.584348,
          24.724061
        ]
      }
    },
    {
      "type": "Feature",
      "id": "LY-AKA-000021",
      "properties": {
        "id": "LY-AKA-000021",
        "name_ar": "قوس صخري وأن أفودا",
        "name_en": "قوس صخري وأن أفودا",
        "layer_id": "akakus",
        "category": "أكاكوس",
        "source": "KML conversion",
        "source_file": "data/kml/final/akakus.kml",
        "source_record": 20,
        "data_status": "provisional",
        "publication_status": "published",
        "geometry_status": "valid",
        "image_review_status": "institutionally_approved_pending_visual_verification",
        "image_publication_status": "provisional_publication_candidate",
        "image_link_status": "runtime_linked_pending_visual_verification",
        "image_rights_status": "institutional_publication_approval",
        "image_governance_version": "runtime_linkage_phase_v1",
        "local_images": [
          "assets/images/akakus/akakus-LY-AKAKUS-00021-01.png",
          "assets/images/akakus/akakus-LY-AKAKUS-00021-01.webp"
        ],
        "gallery_images": [
          "assets/images/akakus/akakus-LY-AKAKUS-00021-01.png",
          "assets/images/akakus/akakus-LY-AKAKUS-00021-01.webp"
        ],
        "image_count": 2,
        "primary_image": "assets/images/akakus/akakus-LY-AKAKUS-00021-01.png",
        "layer_assignment_status": "user_curated_confirmed",
        "institutional_display_authorization": "approved",
        "rights_status": "unknown",
        "image_source_credit": "unknown"
      },
      "geometry": {
        "type": "Point",
        "coordinates": [
          10.673614,
          24.691664
        ]
      }
    },
    {
      "type": "Feature",
      "id": "LY-AKA-000022",
      "properties": {
        "id": "LY-AKA-000022",
        "name_ar": "قوس صخري",
        "name_en": "قوس صخري",
        "layer_id": "akakus",
        "category": "أكاكوس",
        "source": "KML conversion",
        "source_file": "data/kml/final/akakus.kml",
        "source_record": 21,
        "data_status": "provisional",
        "publication_status": "published",
        "geometry_status": "valid",
        "image_review_status": "institutionally_approved_pending_visual_verification",
        "image_publication_status": "provisional_publication_candidate",
        "image_link_status": "runtime_linked_pending_visual_verification",
        "image_rights_status": "institutional_publication_approval",
        "image_governance_version": "runtime_linkage_phase_v1",
        "local_images": [
          "assets/images/akakus/akakus-LY-AKAKUS-00022-01.png",
          "assets/images/akakus/akakus-LY-AKAKUS-00022-01.webp"
        ],
        "gallery_images": [
          "assets/images/akakus/akakus-LY-AKAKUS-00022-01.png",
          "assets/images/akakus/akakus-LY-AKAKUS-00022-01.webp"
        ],
        "image_count": 2,
        "primary_image": "assets/images/akakus/akakus-LY-AKAKUS-00022-01.png",
        "layer_assignment_status": "user_curated_confirmed",
        "institutional_display_authorization": "approved",
        "rights_status": "unknown",
        "image_source_credit": "unknown"
      },
      "geometry": {
        "type": "Point",
        "coordinates": [
          10.687148,
          24.680923
        ]
      }
    },
    {
      "type": "Feature",
      "id": "LY-AKA-000023",
      "properties": {
        "id": "LY-AKA-000023",
        "name_ar": "وادي ماتخيندوش",
        "name_en": "وادي ماتخيندوش",
        "layer_id": "akakus",
        "category": "أكاكوس",
        "source": "KML conversion",
        "source_file": "data/kml/final/akakus.kml",
        "source_record": 22,
        "data_status": "provisional",
        "publication_status": "published",
        "geometry_status": "valid",
        "image_review_status": "institutionally_approved_pending_visual_verification",
        "image_publication_status": "provisional_publication_candidate",
        "image_link_status": "runtime_linked_pending_visual_verification",
        "image_rights_status": "institutional_publication_approval",
        "image_governance_version": "runtime_linkage_phase_v1",
        "primary_image_candidate": "assets/media/LIBYA/heritage/LY-AKA-000023/LY-AKA-000023__primary__01__2DAE0868EC75__web-medium.webp",
        "thumbnail_image_candidate": "assets/media/LIBYA/heritage/LY-AKA-000023/LY-AKA-000023__primary__01__2DAE0868EC75__thumbnail.webp",
        "gallery_image_candidates": "assets/media/LIBYA/heritage/LY-AKA-000023/LY-AKA-000023__primary__01__2DAE0868EC75__web-medium.webp",
        "gallery_image_candidate_ids": [
          "IMG-E18F2DAE0868EC75"
        ],
        "gallery_candidate_roles": [
          "primary"
        ],
        "image_candidate_count": 1,
        "image_display_status": "provisional",
        "local_images": [
          "assets/images/akakus/akakus-LY-AKAKUS-00023-01.png",
          "assets/images/akakus/akakus-LY-AKAKUS-00023-01.webp"
        ],
        "gallery_images": [
          "assets/images/akakus/akakus-LY-AKAKUS-00023-01.png",
          "assets/images/akakus/akakus-LY-AKAKUS-00023-01.webp"
        ],
        "image_count": 2,
        "primary_image": "assets/images/akakus/akakus-LY-AKAKUS-00023-01.png",
        "layer_assignment_status": "user_curated_confirmed",
        "institutional_display_authorization": "approved",
        "rights_status": "unknown",
        "image_source_credit": "unknown"
      },
      "geometry": {
        "type": "Point",
        "coordinates": [
          10.516772,
          24.957273
        ]
      }
    },
    {
      "type": "Feature",
      "id": "LY-AKA-000024",
      "properties": {
        "id": "LY-AKA-000024",
        "name_ar": "تيهيدن",
        "name_en": "تيهيدن",
        "layer_id": "akakus",
        "category": "أكاكوس",
        "source": "KML conversion",
        "source_file": "data/kml/final/akakus.kml",
        "source_record": 23,
        "data_status": "provisional",
        "publication_status": "published",
        "geometry_status": "valid",
        "image_review_status": "institutionally_approved_pending_visual_verification",
        "image_publication_status": "provisional_publication_candidate",
        "image_link_status": "runtime_linked_pending_visual_verification",
        "image_rights_status": "institutional_publication_approval",
        "image_governance_version": "runtime_linkage_phase_v1"
      },
      "geometry": {
        "type": "Point",
        "coordinates": [
          10.598295,
          25.266758
        ]
      }
    },
    {
      "type": "Feature",
      "id": "LY-AKA-000025",
      "properties": {
        "id": "LY-AKA-000025",
        "name_ar": "وادي رحملالين",
        "name_en": "وادي رحملالين",
        "layer_id": "akakus",
        "category": "أكاكوس",
        "source": "KML conversion",
        "source_file": "data/kml/final/akakus.kml",
        "source_record": 24,
        "data_status": "provisional",
        "publication_status": "published",
        "geometry_status": "valid",
        "image_review_status": "institutionally_approved_pending_visual_verification",
        "image_publication_status": "provisional_publication_candidate",
        "image_link_status": "runtime_linked_pending_visual_verification",
        "image_rights_status": "institutional_publication_approval",
        "image_governance_version": "runtime_linkage_phase_v1"
      },
      "geometry": {
        "type": "Point",
        "coordinates": [
          10.657855,
          25.01601
        ]
      }
    },
    {
      "type": "Feature",
      "id": "LY-AKA-000026",
      "properties": {
        "id": "LY-AKA-000026",
        "name_ar": "وادي سيندار",
        "name_en": "وادي سيندار",
        "layer_id": "akakus",
        "category": "أكاكوس",
        "source": "KML conversion",
        "source_file": "data/kml/final/akakus.kml",
        "source_record": 25,
        "data_status": "provisional",
        "publication_status": "published",
        "geometry_status": "valid",
        "image_review_status": "institutionally_approved_pending_visual_verification",
        "image_publication_status": "provisional_publication_candidate",
        "image_link_status": "runtime_linked_pending_visual_verification",
        "image_rights_status": "institutional_publication_approval",
        "image_governance_version": "runtime_linkage_phase_v1"
      },
      "geometry": {
        "type": "Point",
        "coordinates": [
          10.674039,
          25.050241
        ]
      }
    },
    {
      "type": "Feature",
      "id": "LY-AKA-000027",
      "properties": {
        "id": "LY-AKA-000027",
        "name_ar": "وادي تانشالت",
        "name_en": "وادي تانشالت",
        "layer_id": "akakus",
        "category": "أكاكوس",
        "source": "KML conversion",
        "source_file": "data/kml/final/akakus.kml",
        "source_record": 26,
        "data_status": "provisional",
        "publication_status": "published",
        "geometry_status": "valid",
        "image_review_status": "institutionally_approved_pending_visual_verification",
        "image_publication_status": "provisional_publication_candidate",
        "image_link_status": "runtime_linked_pending_visual_verification",
        "image_rights_status": "institutional_publication_approval",
        "image_governance_version": "runtime_linkage_phase_v1"
      },
      "geometry": {
        "type": "Point",
        "coordinates": [
          10.59597,
          24.66386
        ]
      }
    },
    {
      "type": "Feature",
      "id": "LY-AKA-000028",
      "properties": {
        "id": "LY-AKA-000028",
        "name_ar": "وادي تين قويما",
        "name_en": "وادي تين قويما",
        "layer_id": "akakus",
        "category": "أكاكوس",
        "source": "KML conversion",
        "source_file": "data/kml/final/akakus.kml",
        "source_record": 27,
        "data_status": "provisional",
        "publication_status": "published",
        "geometry_status": "valid",
        "image_review_status": "institutionally_approved_pending_visual_verification",
        "image_publication_status": "provisional_publication_candidate",
        "image_link_status": "runtime_linked_pending_visual_verification",
        "image_rights_status": "institutional_publication_approval",
        "image_governance_version": "runtime_linkage_phase_v1",
        "local_images": [
          "assets/images/akakus/akakus-LY-AKAKUS-00028-01.png",
          "assets/images/akakus/akakus-LY-AKAKUS-00028-01.webp",
          "assets/images/akakus/akakus-LY-AKAKUS-00028-02.png",
          "assets/images/akakus/akakus-LY-AKAKUS-00028-02.webp"
        ],
        "gallery_images": [
          "assets/images/akakus/akakus-LY-AKAKUS-00028-01.png",
          "assets/images/akakus/akakus-LY-AKAKUS-00028-01.webp",
          "assets/images/akakus/akakus-LY-AKAKUS-00028-02.png",
          "assets/images/akakus/akakus-LY-AKAKUS-00028-02.webp"
        ],
        "image_count": 4,
        "primary_image": "assets/images/akakus/akakus-LY-AKAKUS-00028-01.png",
        "layer_assignment_status": "user_curated_confirmed",
        "institutional_display_authorization": "approved",
        "rights_status": "unknown",
        "image_source_credit": "unknown"
      },
      "geometry": {
        "type": "Point",
        "coordinates": [
          11.67142,
          25.24124
        ]
      }
    },
    {
      "type": "Feature",
      "id": "LY-AKA-000029",
      "properties": {
        "id": "LY-AKA-000029",
        "name_ar": "وادي أويس",
        "name_en": "وادي أويس",
        "layer_id": "akakus",
        "category": "أكاكوس",
        "source": "KML conversion",
        "source_file": "data/kml/final/akakus.kml",
        "source_record": 28,
        "data_status": "provisional",
        "publication_status": "published",
        "geometry_status": "valid",
        "image_review_status": "institutionally_approved_pending_visual_verification",
        "image_publication_status": "provisional_publication_candidate",
        "image_link_status": "runtime_linked_pending_visual_verification",
        "image_rights_status": "institutional_publication_approval",
        "image_governance_version": "runtime_linkage_phase_v1",
        "primary_image_candidate": "assets/media/LIBYA/heritage/LY-AKA-000029/LY-AKA-000029__primary__01__DDC21CE84AE0__web-medium.webp",
        "thumbnail_image_candidate": "assets/media/LIBYA/heritage/LY-AKA-000029/LY-AKA-000029__primary__01__DDC21CE84AE0__thumbnail.webp",
        "gallery_image_candidates": "assets/media/LIBYA/heritage/LY-AKA-000029/LY-AKA-000029__primary__01__DDC21CE84AE0__web-medium.webp",
        "gallery_image_candidate_ids": [
          "IMG-AC89DDC21CE84AE0"
        ],
        "gallery_candidate_roles": [
          "primary"
        ],
        "image_candidate_count": 1,
        "image_display_status": "provisional",
        "local_images": [
          "assets/images/akakus/akakus-LY-AKAKUS-00029-01.png",
          "assets/images/akakus/akakus-LY-AKAKUS-00029-01.webp"
        ],
        "gallery_images": [
          "assets/images/akakus/akakus-LY-AKAKUS-00029-01.png",
          "assets/images/akakus/akakus-LY-AKAKUS-00029-01.webp"
        ],
        "image_count": 2,
        "primary_image": "assets/images/akakus/akakus-LY-AKAKUS-00029-01.png",
        "layer_assignment_status": "user_curated_confirmed",
        "institutional_display_authorization": "approved",
        "rights_status": "unknown",
        "image_source_credit": "unknown"
      },
      "geometry": {
        "type": "Point",
        "coordinates": [
          10.539056,
          25.357286
        ]
      }
    },
    {
      "type": "Feature",
      "id": "LY-AKA-000030",
      "properties": {
        "id": "LY-AKA-000030",
        "name_ar": "وادي أفاغ",
        "name_en": "وادي أفاغ",
        "layer_id": "akakus",
        "category": "أكاكوس",
        "source": "KML conversion",
        "source_file": "data/kml/final/akakus.kml",
        "source_record": 29,
        "data_status": "provisional",
        "publication_status": "published",
        "geometry_status": "valid",
        "image_review_status": "institutionally_approved_pending_visual_verification",
        "image_publication_status": "provisional_publication_candidate",
        "image_link_status": "runtime_linked_pending_visual_verification",
        "image_rights_status": "institutional_publication_approval",
        "image_governance_version": "runtime_linkage_phase_v1",
        "primary_image_candidate": "assets/media/LIBYA/heritage/LY-AKA-000030/LY-AKA-000030__primary__01__E817DBAE2AD4__web-medium.webp",
        "thumbnail_image_candidate": "assets/media/LIBYA/heritage/LY-AKA-000030/LY-AKA-000030__primary__01__E817DBAE2AD4__thumbnail.webp",
        "gallery_image_candidates": "assets/media/LIBYA/heritage/LY-AKA-000030/LY-AKA-000030__primary__01__E817DBAE2AD4__web-medium.webp",
        "gallery_image_candidate_ids": [
          "IMG-3A5DE817DBAE2AD4"
        ],
        "gallery_candidate_roles": [
          "primary"
        ],
        "image_candidate_count": 1,
        "image_display_status": "provisional",
        "local_images": [
          "assets/images/akakus/akakus-LY-AKAKUS-00030-01.png",
          "assets/images/akakus/akakus-LY-AKAKUS-00030-01.webp"
        ],
        "gallery_images": [
          "assets/images/akakus/akakus-LY-AKAKUS-00030-01.png",
          "assets/images/akakus/akakus-LY-AKAKUS-00030-01.webp"
        ],
        "image_count": 2,
        "primary_image": "assets/images/akakus/akakus-LY-AKAKUS-00030-01.png",
        "layer_assignment_status": "user_curated_confirmed",
        "institutional_display_authorization": "approved",
        "rights_status": "unknown",
        "image_source_credit": "unknown"
      },
      "geometry": {
        "type": "Point",
        "coordinates": [
          10.63673,
          24.63179
        ]
      }
    },
    {
      "type": "Feature",
      "id": "LY-AKA-000031",
      "properties": {
        "id": "LY-AKA-000031",
        "name_ar": "وادي تاشوينات",
        "name_en": "وادي تاشوينات",
        "layer_id": "akakus",
        "category": "أكاكوس",
        "source": "KML conversion",
        "source_file": "data/kml/final/akakus.kml",
        "source_record": 30,
        "data_status": "provisional",
        "publication_status": "published",
        "geometry_status": "valid",
        "image_review_status": "institutionally_approved_pending_visual_verification",
        "image_publication_status": "provisional_publication_candidate",
        "image_link_status": "runtime_linked_pending_visual_verification",
        "image_rights_status": "institutional_publication_approval",
        "image_governance_version": "runtime_linkage_phase_v1",
        "local_images": [
          "assets/images/akakus/akakus-LY-AKAKUS-00031-01.png",
          "assets/images/akakus/akakus-LY-AKAKUS-00031-01.webp"
        ],
        "gallery_images": [
          "assets/images/akakus/akakus-LY-AKAKUS-00031-01.png",
          "assets/images/akakus/akakus-LY-AKAKUS-00031-01.webp"
        ],
        "image_count": 2,
        "primary_image": "assets/images/akakus/akakus-LY-AKAKUS-00031-01.png",
        "layer_assignment_status": "user_curated_confirmed",
        "institutional_display_authorization": "approved",
        "rights_status": "unknown",
        "image_source_credit": "unknown"
      },
      "geometry": {
        "type": "Point",
        "coordinates": [
          10.4607,
          24.80699
        ]
      }
    },
    {
      "type": "Feature",
      "id": "LY-AKA-000032",
      "properties": {
        "id": "LY-AKA-000032",
        "name_ar": "وادي آمها",
        "name_en": "وادي آمها",
        "layer_id": "akakus",
        "category": "أكاكوس",
        "source": "KML conversion",
        "source_file": "data/kml/final/akakus.kml",
        "source_record": 31,
        "data_status": "provisional",
        "publication_status": "published",
        "geometry_status": "valid",
        "image_review_status": "institutionally_approved_pending_visual_verification",
        "image_publication_status": "provisional_publication_candidate",
        "image_link_status": "runtime_linked_pending_visual_verification",
        "image_rights_status": "institutional_publication_approval",
        "image_governance_version": "runtime_linkage_phase_v1",
        "primary_image_candidate": "assets/media/LIBYA/heritage/LY-AKA-000032/LY-AKA-000032__primary__01__D51FCAA1AFD4__web-medium.webp",
        "thumbnail_image_candidate": "assets/media/LIBYA/heritage/LY-AKA-000032/LY-AKA-000032__primary__01__D51FCAA1AFD4__thumbnail.webp",
        "gallery_image_candidates": "assets/media/LIBYA/heritage/LY-AKA-000032/LY-AKA-000032__primary__01__D51FCAA1AFD4__web-medium.webp",
        "gallery_image_candidate_ids": [
          "IMG-1B31D51FCAA1AFD4"
        ],
        "gallery_candidate_roles": [
          "primary"
        ],
        "image_candidate_count": 1,
        "image_display_status": "provisional",
        "local_images": [
          "assets/images/akakus/akakus-LY-AKAKUS-00032-01.png",
          "assets/images/akakus/akakus-LY-AKAKUS-00032-01.webp"
        ],
        "gallery_images": [
          "assets/images/akakus/akakus-LY-AKAKUS-00032-01.png",
          "assets/images/akakus/akakus-LY-AKAKUS-00032-01.webp"
        ],
        "image_count": 2,
        "primary_image": "assets/images/akakus/akakus-LY-AKAKUS-00032-01.png",
        "layer_assignment_status": "user_curated_confirmed",
        "institutional_display_authorization": "approved",
        "rights_status": "unknown",
        "image_source_credit": "unknown"
      },
      "geometry": {
        "type": "Point",
        "coordinates": [
          10.555753,
          24.768498
        ]
      }
    },
    {
      "type": "Feature",
      "id": "LY-AKA-000033",
      "properties": {
        "id": "LY-AKA-000033",
        "name_ar": "وادي بوبو",
        "name_en": "وادي بوبو",
        "layer_id": "akakus",
        "category": "أكاكوس",
        "source": "KML conversion",
        "source_file": "data/kml/final/akakus.kml",
        "source_record": 32,
        "data_status": "provisional",
        "publication_status": "published",
        "geometry_status": "valid",
        "image_review_status": "institutionally_approved_pending_visual_verification",
        "image_publication_status": "provisional_publication_candidate",
        "image_link_status": "runtime_linked_pending_visual_verification",
        "image_rights_status": "institutional_publication_approval",
        "image_governance_version": "runtime_linkage_phase_v1"
      },
      "geometry": {
        "type": "Point",
        "coordinates": [
          10.625147,
          24.591298
        ]
      }
    },
    {
      "type": "Feature",
      "id": "LY-AKA-000034",
      "properties": {
        "id": "LY-AKA-000034",
        "name_ar": "وادي أمها",
        "name_en": "وادي أمها",
        "layer_id": "akakus",
        "category": "أكاكوس",
        "source": "KML conversion",
        "source_file": "data/kml/final/akakus.kml",
        "source_record": 33,
        "data_status": "provisional",
        "publication_status": "published",
        "geometry_status": "valid",
        "image_review_status": "institutionally_approved_pending_visual_verification",
        "image_publication_status": "provisional_publication_candidate",
        "image_link_status": "runtime_linked_pending_visual_verification",
        "image_rights_status": "institutional_publication_approval",
        "image_governance_version": "runtime_linkage_phase_v1"
      },
      "geometry": {
        "type": "Point",
        "coordinates": [
          10.6359,
          24.76286
        ]
      }
    },
    {
      "type": "Feature",
      "id": "LY-AKA-000035",
      "properties": {
        "id": "LY-AKA-000035",
        "name_ar": "وادي أفازاجار",
        "name_en": "وادي أفازاجار",
        "layer_id": "akakus",
        "category": "أكاكوس",
        "source": "KML conversion",
        "source_file": "data/kml/final/akakus.kml",
        "source_record": 34,
        "data_status": "provisional",
        "publication_status": "published",
        "geometry_status": "valid",
        "image_review_status": "institutionally_approved_pending_visual_verification",
        "image_publication_status": "provisional_publication_candidate",
        "image_link_status": "runtime_linked_pending_visual_verification",
        "image_rights_status": "institutional_publication_approval",
        "image_governance_version": "runtime_linkage_phase_v1",
        "local_images": [
          "assets/images/akakus/akakus-LY-AKAKUS-00035-01.png",
          "assets/images/akakus/akakus-LY-AKAKUS-00035-01.webp",
          "assets/images/akakus/akakus-LY-AKAKUS-00035-02.png",
          "assets/images/akakus/akakus-LY-AKAKUS-00035-02.webp"
        ],
        "gallery_images": [
          "assets/images/akakus/akakus-LY-AKAKUS-00035-01.png",
          "assets/images/akakus/akakus-LY-AKAKUS-00035-01.webp",
          "assets/images/akakus/akakus-LY-AKAKUS-00035-02.png",
          "assets/images/akakus/akakus-LY-AKAKUS-00035-02.webp"
        ],
        "image_count": 4,
        "primary_image": "assets/images/akakus/akakus-LY-AKAKUS-00035-01.png",
        "layer_assignment_status": "user_curated_confirmed",
        "institutional_display_authorization": "approved",
        "rights_status": "unknown",
        "image_source_credit": "unknown"
      },
      "geometry": {
        "type": "Point",
        "coordinates": [
          10.63467,
          24.69134
        ]
      }
    },
    {
      "type": "Feature",
      "id": "LY-AKA-000036",
      "properties": {
        "id": "LY-AKA-000036",
        "name_ar": "وادي البركات",
        "name_en": "وادي البركات",
        "layer_id": "akakus",
        "category": "أكاكوس",
        "source": "KML conversion",
        "source_file": "data/kml/final/akakus.kml",
        "source_record": 35,
        "data_status": "provisional",
        "publication_status": "published",
        "geometry_status": "valid",
        "image_review_status": "institutionally_approved_pending_visual_verification",
        "image_publication_status": "provisional_publication_candidate",
        "image_link_status": "runtime_linked_pending_visual_verification",
        "image_rights_status": "institutional_publication_approval",
        "image_governance_version": "runtime_linkage_phase_v1"
      },
      "geometry": {
        "type": "Point",
        "coordinates": [
          10.58908,
          24.85341
        ]
      }
    },
    {
      "type": "Feature",
      "id": "LY-AKA-000037",
      "properties": {
        "id": "LY-AKA-000037",
        "name_ar": "وادي أمركا",
        "name_en": "وادي أمركا",
        "layer_id": "akakus",
        "category": "أكاكوس",
        "source": "KML conversion",
        "source_file": "data/kml/final/akakus.kml",
        "source_record": 36,
        "data_status": "provisional",
        "publication_status": "published",
        "geometry_status": "valid",
        "image_review_status": "institutionally_approved_pending_visual_verification",
        "image_publication_status": "provisional_publication_candidate",
        "image_link_status": "runtime_linked_pending_visual_verification",
        "image_rights_status": "institutional_publication_approval",
        "image_governance_version": "runtime_linkage_phase_v1",
        "primary_image_candidate": "assets/media/LIBYA/heritage/LY-AKA-000037/LY-AKA-000037__primary__01__0D3A8231D05C__web-medium.webp",
        "thumbnail_image_candidate": "assets/media/LIBYA/heritage/LY-AKA-000037/LY-AKA-000037__primary__01__0D3A8231D05C__thumbnail.webp",
        "gallery_image_candidates": "assets/media/LIBYA/heritage/LY-AKA-000037/LY-AKA-000037__primary__01__0D3A8231D05C__web-medium.webp",
        "gallery_image_candidate_ids": [
          "IMG-59BD0D3A8231D05C"
        ],
        "gallery_candidate_roles": [
          "primary"
        ],
        "image_candidate_count": 1,
        "image_display_status": "provisional",
        "local_images": [
          "assets/images/akakus/akakus-LY-AKAKUS-00037-01.png",
          "assets/images/akakus/akakus-LY-AKAKUS-00037-01.webp",
          "assets/images/akakus/akakus-LY-AKAKUS-00037-02.png",
          "assets/images/akakus/akakus-LY-AKAKUS-00037-02.webp"
        ],
        "gallery_images": [
          "assets/images/akakus/akakus-LY-AKAKUS-00037-01.png",
          "assets/images/akakus/akakus-LY-AKAKUS-00037-01.webp",
          "assets/images/akakus/akakus-LY-AKAKUS-00037-02.png",
          "assets/images/akakus/akakus-LY-AKAKUS-00037-02.webp"
        ],
        "image_count": 4,
        "primary_image": "assets/images/akakus/akakus-LY-AKAKUS-00037-01.png",
        "layer_assignment_status": "user_curated_confirmed",
        "institutional_display_authorization": "approved",
        "rights_status": "unknown",
        "image_source_credit": "unknown"
      },
      "geometry": {
        "type": "Point",
        "coordinates": [
          10.64956,
          24.81276
        ]
      }
    },
    {
      "type": "Feature",
      "id": "LY-AKA-000038",
      "properties": {
        "id": "LY-AKA-000038",
        "name_ar": "وادي تلووات",
        "name_en": "وادي تلووات",
        "layer_id": "akakus",
        "category": "أكاكوس",
        "source": "KML conversion",
        "source_file": "data/kml/final/akakus.kml",
        "source_record": 37,
        "data_status": "provisional",
        "publication_status": "published",
        "geometry_status": "valid",
        "image_review_status": "institutionally_approved_pending_visual_verification",
        "image_publication_status": "provisional_publication_candidate",
        "image_link_status": "runtime_linked_pending_visual_verification",
        "image_rights_status": "institutional_publication_approval",
        "image_governance_version": "runtime_linkage_phase_v1"
      },
      "geometry": {
        "type": "Point",
        "coordinates": [
          10.672206,
          24.966125
        ]
      }
    },
    {
      "type": "Feature",
      "id": "LY-AKA-000039",
      "properties": {
        "id": "LY-AKA-000039",
        "name_ar": "وادي توجين",
        "name_en": "وادي توجين",
        "layer_id": "akakus",
        "category": "أكاكوس",
        "source": "KML conversion",
        "source_file": "data/kml/final/akakus.kml",
        "source_record": 38,
        "data_status": "provisional",
        "publication_status": "published",
        "geometry_status": "valid",
        "image_review_status": "institutionally_approved_pending_visual_verification",
        "image_publication_status": "provisional_publication_candidate",
        "image_link_status": "runtime_linked_pending_visual_verification",
        "image_rights_status": "institutional_publication_approval",
        "image_governance_version": "runtime_linkage_phase_v1",
        "local_images": [
          "assets/images/akakus/akakus-LY-AKAKUS-00039-01.png",
          "assets/images/akakus/akakus-LY-AKAKUS-00039-01.webp"
        ],
        "gallery_images": [
          "assets/images/akakus/akakus-LY-AKAKUS-00039-01.png",
          "assets/images/akakus/akakus-LY-AKAKUS-00039-01.webp"
        ],
        "image_count": 2,
        "primary_image": "assets/images/akakus/akakus-LY-AKAKUS-00039-01.png",
        "layer_assignment_status": "user_curated_confirmed",
        "institutional_display_authorization": "approved",
        "rights_status": "unknown",
        "image_source_credit": "unknown"
      },
      "geometry": {
        "type": "Point",
        "coordinates": [
          10.83462,
          25.06071
        ]
      }
    },
    {
      "type": "Feature",
      "id": "LY-AKA-000040",
      "properties": {
        "id": "LY-AKA-000040",
        "name_ar": "وادي ايكومسين",
        "name_en": "وادي ايكومسين",
        "layer_id": "akakus",
        "category": "أكاكوس",
        "source": "KML conversion",
        "source_file": "data/kml/final/akakus.kml",
        "source_record": 39,
        "data_status": "provisional",
        "publication_status": "published",
        "geometry_status": "valid",
        "image_review_status": "institutionally_approved_pending_visual_verification",
        "image_publication_status": "provisional_publication_candidate",
        "image_link_status": "runtime_linked_pending_visual_verification",
        "image_rights_status": "institutional_publication_approval",
        "image_governance_version": "runtime_linkage_phase_v1",
        "local_images": [
          "assets/images/akakus/akakus-LY-AKAKUS-00040-01.png",
          "assets/images/akakus/akakus-LY-AKAKUS-00040-01.webp"
        ],
        "gallery_images": [
          "assets/images/akakus/akakus-LY-AKAKUS-00040-01.png",
          "assets/images/akakus/akakus-LY-AKAKUS-00040-01.webp"
        ],
        "image_count": 2,
        "primary_image": "assets/images/akakus/akakus-LY-AKAKUS-00040-01.png",
        "layer_assignment_status": "user_curated_confirmed",
        "institutional_display_authorization": "approved",
        "rights_status": "unknown",
        "image_source_credit": "unknown"
      },
      "geometry": {
        "type": "Point",
        "coordinates": [
          10.695963,
          25.228639
        ]
      }
    },
    {
      "type": "Feature",
      "id": "LY-AKA-000041",
      "properties": {
        "id": "LY-AKA-000041",
        "name_ar": "وادي تيتا",
        "name_en": "وادي تيتا",
        "layer_id": "akakus",
        "category": "أكاكوس",
        "source": "KML conversion",
        "source_file": "data/kml/final/akakus.kml",
        "source_record": 40,
        "data_status": "provisional",
        "publication_status": "published",
        "geometry_status": "valid",
        "image_review_status": "institutionally_approved_pending_visual_verification",
        "image_publication_status": "provisional_publication_candidate",
        "image_link_status": "runtime_linked_pending_visual_verification",
        "image_rights_status": "institutional_publication_approval",
        "image_governance_version": "runtime_linkage_phase_v1",
        "local_images": [
          "assets/images/akakus/akakus-LY-AKAKUS-00041-01.png",
          "assets/images/akakus/akakus-LY-AKAKUS-00041-01.webp"
        ],
        "gallery_images": [
          "assets/images/akakus/akakus-LY-AKAKUS-00041-01.png",
          "assets/images/akakus/akakus-LY-AKAKUS-00041-01.webp"
        ],
        "image_count": 2,
        "primary_image": "assets/images/akakus/akakus-LY-AKAKUS-00041-01.png",
        "layer_assignment_status": "user_curated_confirmed",
        "institutional_display_authorization": "approved",
        "rights_status": "unknown",
        "image_source_credit": "unknown"
      },
      "geometry": {
        "type": "Point",
        "coordinates": [
          10.93085,
          24.85867
        ]
      }
    },
    {
      "type": "Feature",
      "id": "LY-AKA-000042",
      "properties": {
        "id": "LY-AKA-000042",
        "name_ar": "وادي أورزاق",
        "name_en": "وادي أورزاق",
        "layer_id": "akakus",
        "category": "أكاكوس",
        "source": "KML conversion",
        "source_file": "data/kml/final/akakus.kml",
        "source_record": 41,
        "data_status": "provisional",
        "publication_status": "published",
        "geometry_status": "valid",
        "image_review_status": "institutionally_approved_pending_visual_verification",
        "image_publication_status": "provisional_publication_candidate",
        "image_link_status": "runtime_linked_pending_visual_verification",
        "image_rights_status": "institutional_publication_approval",
        "image_governance_version": "runtime_linkage_phase_v1"
      },
      "geometry": {
        "type": "Point",
        "coordinates": [
          10.49755,
          24.56726
        ]
      }
    },
    {
      "type": "Feature",
      "id": "LY-AKA-000043",
      "properties": {
        "id": "LY-AKA-000043",
        "name_ar": "وادي تخرخوري",
        "name_en": "وادي تخرخوري",
        "layer_id": "akakus",
        "category": "أكاكوس",
        "source": "KML conversion",
        "source_file": "data/kml/final/akakus.kml",
        "source_record": 42,
        "data_status": "provisional",
        "publication_status": "published",
        "geometry_status": "valid",
        "image_review_status": "institutionally_approved_pending_visual_verification",
        "image_publication_status": "provisional_publication_candidate",
        "image_link_status": "runtime_linked_pending_visual_verification",
        "image_rights_status": "institutional_publication_approval",
        "image_governance_version": "runtime_linkage_phase_v1",
        "local_images": [
          "assets/images/akakus/akakus-LY-AKAKUS-00043-01.png",
          "assets/images/akakus/akakus-LY-AKAKUS-00043-01.webp",
          "assets/images/akakus/akakus-LY-AKAKUS-00043-02.png",
          "assets/images/akakus/akakus-LY-AKAKUS-00043-02.webp"
        ],
        "gallery_images": [
          "assets/images/akakus/akakus-LY-AKAKUS-00043-01.png",
          "assets/images/akakus/akakus-LY-AKAKUS-00043-01.webp",
          "assets/images/akakus/akakus-LY-AKAKUS-00043-02.png",
          "assets/images/akakus/akakus-LY-AKAKUS-00043-02.webp"
        ],
        "image_count": 4,
        "primary_image": "assets/images/akakus/akakus-LY-AKAKUS-00043-01.png",
        "layer_assignment_status": "user_curated_confirmed",
        "institutional_display_authorization": "approved",
        "rights_status": "unknown",
        "image_source_credit": "unknown"
      },
      "geometry": {
        "type": "Point",
        "coordinates": [
          10.420415,
          24.535272
        ]
      }
    },
    {
      "type": "Feature",
      "id": "LY-AKA-000044",
      "properties": {
        "id": "LY-AKA-000044",
        "name_ar": "وادي ابهوها",
        "name_en": "وادي ابهوها",
        "layer_id": "akakus",
        "category": "أكاكوس",
        "source": "KML conversion",
        "source_file": "data/kml/final/akakus.kml",
        "source_record": 43,
        "data_status": "provisional",
        "publication_status": "published",
        "geometry_status": "valid",
        "image_review_status": "institutionally_approved_pending_visual_verification",
        "image_publication_status": "provisional_publication_candidate",
        "image_link_status": "runtime_linked_pending_visual_verification",
        "image_rights_status": "institutional_publication_approval",
        "image_governance_version": "runtime_linkage_phase_v1"
      },
      "geometry": {
        "type": "Point",
        "coordinates": [
          11.16967,
          25.11614
        ]
      }
    },
    {
      "type": "Feature",
      "id": "LY-AKA-000045",
      "properties": {
        "id": "LY-AKA-000045",
        "name_ar": "تين أوينين",
        "name_en": "تين أوينين",
        "layer_id": "akakus",
        "category": "أكاكوس",
        "source": "KML conversion",
        "source_file": "data/kml/final/akakus.kml",
        "source_record": 44,
        "data_status": "provisional",
        "publication_status": "published",
        "geometry_status": "valid",
        "image_review_status": "institutionally_approved_pending_visual_verification",
        "image_publication_status": "provisional_publication_candidate",
        "image_link_status": "runtime_linked_pending_visual_verification",
        "image_rights_status": "institutional_publication_approval",
        "image_governance_version": "runtime_linkage_phase_v1"
      },
      "geometry": {
        "type": "Point",
        "coordinates": [
          10.541435,
          24.954764
        ]
      }
    },
    {
      "type": "Feature",
      "id": "LY-AKA-000046",
      "properties": {
        "id": "LY-AKA-000046",
        "name_ar": "وادي سوقد",
        "name_en": "وادي سوقد",
        "layer_id": "akakus",
        "category": "أكاكوس",
        "source": "KML conversion",
        "source_file": "data/kml/final/akakus.kml",
        "source_record": 45,
        "data_status": "provisional",
        "publication_status": "published",
        "geometry_status": "valid",
        "image_review_status": "institutionally_approved_pending_visual_verification",
        "image_publication_status": "provisional_publication_candidate",
        "image_link_status": "runtime_linked_pending_visual_verification",
        "image_rights_status": "institutional_publication_approval",
        "image_governance_version": "runtime_linkage_phase_v1"
      },
      "geometry": {
        "type": "Point",
        "coordinates": [
          10.674578,
          25.200022
        ]
      }
    },
    {
      "type": "Feature",
      "id": "LY-AKA-000047",
      "properties": {
        "id": "LY-AKA-000047",
        "name_ar": "وادي تسبا",
        "name_en": "وادي تسبا",
        "layer_id": "akakus",
        "category": "أكاكوس",
        "source": "KML conversion",
        "source_file": "data/kml/final/akakus.kml",
        "source_record": 46,
        "data_status": "provisional",
        "publication_status": "published",
        "geometry_status": "valid",
        "image_review_status": "institutionally_approved_pending_visual_verification",
        "image_publication_status": "provisional_publication_candidate",
        "image_link_status": "runtime_linked_pending_visual_verification",
        "image_rights_status": "institutional_publication_approval",
        "image_governance_version": "runtime_linkage_phase_v1"
      },
      "geometry": {
        "type": "Point",
        "coordinates": [
          10.471202,
          25.296635
        ]
      }
    },
    {
      "type": "Feature",
      "id": "LY-AKA-000048",
      "properties": {
        "id": "LY-AKA-000048",
        "name_ar": "وادي أنشال",
        "name_en": "وادي أنشال",
        "layer_id": "akakus",
        "category": "أكاكوس",
        "source": "KML conversion",
        "source_file": "data/kml/final/akakus.kml",
        "source_record": 47,
        "data_status": "provisional",
        "publication_status": "published",
        "geometry_status": "valid",
        "image_review_status": "institutionally_approved_pending_visual_verification",
        "image_publication_status": "provisional_publication_candidate",
        "image_link_status": "runtime_linked_pending_visual_verification",
        "image_rights_status": "institutional_publication_approval",
        "image_governance_version": "runtime_linkage_phase_v1"
      },
      "geometry": {
        "type": "Point",
        "coordinates": [
          10.59408,
          24.91477
        ]
      }
    },
    {
      "type": "Feature",
      "id": "LY-AKA-000049",
      "properties": {
        "id": "LY-AKA-000049",
        "name_ar": "تين لالان",
        "name_en": "تين لالان",
        "layer_id": "akakus",
        "category": "أكاكوس",
        "source": "KML conversion",
        "source_file": "data/kml/final/akakus.kml",
        "source_record": 48,
        "data_status": "provisional",
        "publication_status": "published",
        "geometry_status": "valid",
        "image_review_status": "institutionally_approved_pending_visual_verification",
        "image_publication_status": "provisional_publication_candidate",
        "image_link_status": "runtime_linked_pending_visual_verification",
        "image_rights_status": "institutional_publication_approval",
        "image_governance_version": "runtime_linkage_phase_v1",
        "primary_image_candidate": "assets/media/LIBYA/heritage/LY-AKA-000049/LY-AKA-000049__primary__01__55A680866449__web-medium.webp",
        "thumbnail_image_candidate": "assets/media/LIBYA/heritage/LY-AKA-000049/LY-AKA-000049__primary__01__55A680866449__thumbnail.webp",
        "gallery_image_candidates": "assets/media/LIBYA/heritage/LY-AKA-000049/LY-AKA-000049__primary__01__55A680866449__web-medium.webp",
        "gallery_image_candidate_ids": [
          "IMG-4CE555A680866449"
        ],
        "gallery_candidate_roles": [
          "primary"
        ],
        "image_candidate_count": 1,
        "image_display_status": "provisional",
        "local_images": [
          "assets/images/akakus/akakus-LY-AKAKUS-00049-01.png",
          "assets/images/akakus/akakus-LY-AKAKUS-00049-01.webp"
        ],
        "gallery_images": [
          "assets/images/akakus/akakus-LY-AKAKUS-00049-01.png",
          "assets/images/akakus/akakus-LY-AKAKUS-00049-01.webp"
        ],
        "image_count": 2,
        "primary_image": "assets/images/akakus/akakus-LY-AKAKUS-00049-01.png",
        "layer_assignment_status": "user_curated_confirmed",
        "institutional_display_authorization": "approved",
        "rights_status": "unknown",
        "image_source_credit": "unknown"
      },
      "geometry": {
        "type": "Point",
        "coordinates": [
          10.480439,
          24.981246
        ]
      }
    },
    {
      "type": "Feature",
      "id": "LY-AKA-000050",
      "properties": {
        "id": "LY-AKA-000050",
        "name_ar": "وادي ارلالان",
        "name_en": "وادي ارلالان",
        "layer_id": "akakus",
        "category": "أكاكوس",
        "source": "KML conversion",
        "source_file": "data/kml/final/akakus.kml",
        "source_record": 49,
        "data_status": "provisional",
        "publication_status": "published",
        "geometry_status": "valid",
        "image_review_status": "institutionally_approved_pending_visual_verification",
        "image_publication_status": "provisional_publication_candidate",
        "image_link_status": "runtime_linked_pending_visual_verification",
        "image_rights_status": "institutional_publication_approval",
        "image_governance_version": "runtime_linkage_phase_v1"
      },
      "geometry": {
        "type": "Point",
        "coordinates": [
          10.43283,
          25.56951
        ]
      }
    },
    {
      "type": "Feature",
      "id": "LY-AKA-000051",
      "properties": {
        "id": "LY-AKA-000051",
        "name_ar": "وادي تيهت",
        "name_en": "وادي تيهت",
        "layer_id": "akakus",
        "category": "أكاكوس",
        "source": "KML conversion",
        "source_file": "data/kml/final/akakus.kml",
        "source_record": 50,
        "data_status": "provisional",
        "publication_status": "published",
        "geometry_status": "valid",
        "image_review_status": "institutionally_approved_pending_visual_verification",
        "image_publication_status": "provisional_publication_candidate",
        "image_link_status": "runtime_linked_pending_visual_verification",
        "image_rights_status": "institutional_publication_approval",
        "image_governance_version": "runtime_linkage_phase_v1"
      },
      "geometry": {
        "type": "Point",
        "coordinates": [
          10.583363,
          25.273948
        ]
      }
    },
    {
      "type": "Feature",
      "id": "LY-AKA-000052",
      "properties": {
        "id": "LY-AKA-000052",
        "name_ar": "وادي كيسان",
        "name_en": "وادي كيسان",
        "layer_id": "akakus",
        "category": "أكاكوس",
        "source": "KML conversion",
        "source_file": "data/kml/final/akakus.kml",
        "source_record": 51,
        "data_status": "provisional",
        "publication_status": "published",
        "geometry_status": "valid",
        "image_review_status": "institutionally_approved_pending_visual_verification",
        "image_publication_status": "provisional_publication_candidate",
        "image_link_status": "runtime_linked_pending_visual_verification",
        "image_rights_status": "institutional_publication_approval",
        "image_governance_version": "runtime_linkage_phase_v1"
      },
      "geometry": {
        "type": "Point",
        "coordinates": [
          10.49297,
          24.90278
        ]
      }
    },
    {
      "type": "Feature",
      "id": "LY-AKA-000053",
      "properties": {
        "id": "LY-AKA-000053",
        "name_ar": "وادي أنجاكور",
        "name_en": "وادي أنجاكور",
        "layer_id": "akakus",
        "category": "أكاكوس",
        "source": "KML conversion",
        "source_file": "data/kml/final/akakus.kml",
        "source_record": 52,
        "data_status": "provisional",
        "publication_status": "published",
        "geometry_status": "valid",
        "image_review_status": "institutionally_approved_pending_visual_verification",
        "image_publication_status": "provisional_publication_candidate",
        "image_link_status": "runtime_linked_pending_visual_verification",
        "image_rights_status": "institutional_publication_approval",
        "image_governance_version": "runtime_linkage_phase_v1"
      },
      "geometry": {
        "type": "Point",
        "coordinates": [
          10.33529,
          25.1226
        ]
      }
    },
    {
      "type": "Feature",
      "id": "LY-AKA-000054",
      "properties": {
        "id": "LY-AKA-000054",
        "name_ar": "وان جارين",
        "name_en": "وان جارين",
        "layer_id": "akakus",
        "category": "أكاكوس",
        "source": "KML conversion",
        "source_file": "data/kml/final/akakus.kml",
        "source_record": 53,
        "data_status": "provisional",
        "publication_status": "published",
        "geometry_status": "valid",
        "image_review_status": "institutionally_approved_pending_visual_verification",
        "image_publication_status": "provisional_publication_candidate",
        "image_link_status": "runtime_linked_pending_visual_verification",
        "image_rights_status": "institutional_publication_approval",
        "image_governance_version": "runtime_linkage_phase_v1"
      },
      "geometry": {
        "type": "Point",
        "coordinates": [
          10.52226,
          25.33266
        ]
      }
    },
    {
      "type": "Feature",
      "id": "LY-AKA-000055",
      "properties": {
        "id": "LY-AKA-000055",
        "name_ar": "وادي تين طرة",
        "name_en": "وادي تين طرة",
        "layer_id": "akakus",
        "category": "أكاكوس",
        "source": "KML conversion",
        "source_file": "data/kml/final/akakus.kml",
        "source_record": 54,
        "data_status": "provisional",
        "publication_status": "published",
        "geometry_status": "valid",
        "image_review_status": "institutionally_approved_pending_visual_verification",
        "image_publication_status": "provisional_publication_candidate",
        "image_link_status": "runtime_linked_pending_visual_verification",
        "image_rights_status": "institutional_publication_approval",
        "image_governance_version": "runtime_linkage_phase_v1"
      },
      "geometry": {
        "type": "Point",
        "coordinates": [
          10.524848,
          25.333542
        ]
      }
    },
    {
      "type": "Feature",
      "id": "LY-AKA-000056",
      "properties": {
        "id": "LY-AKA-000056",
        "name_ar": "وادي قرقور",
        "name_en": "وادي قرقور",
        "layer_id": "akakus",
        "category": "أكاكوس",
        "source": "KML conversion",
        "source_file": "data/kml/final/akakus.kml",
        "source_record": 55,
        "data_status": "provisional",
        "publication_status": "published",
        "geometry_status": "valid",
        "image_review_status": "institutionally_approved_pending_visual_verification",
        "image_publication_status": "provisional_publication_candidate",
        "image_link_status": "runtime_linked_pending_visual_verification",
        "image_rights_status": "institutional_publication_approval",
        "image_governance_version": "runtime_linkage_phase_v1"
      },
      "geometry": {
        "type": "Point",
        "coordinates": [
          10.61878,
          25.23828
        ]
      }
    },
    {
      "type": "Feature",
      "id": "LY-AKA-000057",
      "properties": {
        "id": "LY-AKA-000057",
        "name_ar": "وادي غلاشم",
        "name_en": "وادي غلاشم",
        "layer_id": "akakus",
        "category": "أكاكوس",
        "source": "KML conversion",
        "source_file": "data/kml/final/akakus.kml",
        "source_record": 56,
        "data_status": "provisional",
        "publication_status": "published",
        "geometry_status": "valid",
        "image_review_status": "institutionally_approved_pending_visual_verification",
        "image_publication_status": "provisional_publication_candidate",
        "image_link_status": "runtime_linked_pending_visual_verification",
        "image_rights_status": "institutional_publication_approval",
        "image_governance_version": "runtime_linkage_phase_v1"
      },
      "geometry": {
        "type": "Point",
        "coordinates": [
          10.39612,
          25.1775
        ]
      }
    },
    {
      "type": "Feature",
      "id": "LY-AKA-000058",
      "properties": {
        "id": "LY-AKA-000058",
        "name_ar": "وادي ايسين",
        "name_en": "وادي ايسين",
        "layer_id": "akakus",
        "category": "أكاكوس",
        "source": "KML conversion",
        "source_file": "data/kml/final/akakus.kml",
        "source_record": 57,
        "data_status": "provisional",
        "publication_status": "published",
        "geometry_status": "valid",
        "image_review_status": "institutionally_approved_pending_visual_verification",
        "image_publication_status": "provisional_publication_candidate",
        "image_link_status": "runtime_linked_pending_visual_verification",
        "image_rights_status": "institutional_publication_approval",
        "image_governance_version": "runtime_linkage_phase_v1"
      },
      "geometry": {
        "type": "Point",
        "coordinates": [
          10.2,
          24.86667
        ]
      }
    },
    {
      "type": "Feature",
      "id": "LY-AKA-000059",
      "properties": {
        "id": "LY-AKA-000059",
        "name_ar": "وادي ايضر",
        "name_en": "وادي ايضر",
        "layer_id": "akakus",
        "category": "أكاكوس",
        "source": "KML conversion",
        "source_file": "data/kml/final/akakus.kml",
        "source_record": 58,
        "data_status": "provisional",
        "publication_status": "published",
        "geometry_status": "valid",
        "image_review_status": "institutionally_approved_pending_visual_verification",
        "image_publication_status": "provisional_publication_candidate",
        "image_link_status": "runtime_linked_pending_visual_verification",
        "image_rights_status": "institutional_publication_approval",
        "image_governance_version": "runtime_linkage_phase_v1"
      },
      "geometry": {
        "type": "Point",
        "coordinates": [
          10.23456,
          24.6386
        ]
      }
    },
    {
      "type": "Feature",
      "id": "LY-AKA-000060",
      "properties": {
        "id": "LY-AKA-000060",
        "name_ar": "تين الكوم",
        "name_en": "تين الكوم",
        "layer_id": "akakus",
        "category": "أكاكوس",
        "source": "KML conversion",
        "source_file": "data/kml/final/akakus.kml",
        "source_record": 59,
        "data_status": "provisional",
        "publication_status": "published",
        "geometry_status": "valid",
        "image_review_status": "institutionally_approved_pending_visual_verification",
        "image_publication_status": "provisional_publication_candidate",
        "image_link_status": "runtime_linked_pending_visual_verification",
        "image_rights_status": "institutional_publication_approval",
        "image_governance_version": "runtime_linkage_phase_v1"
      },
      "geometry": {
        "type": "Point",
        "coordinates": [
          10.217856,
          24.607536
        ]
      }
    },
    {
      "type": "Feature",
      "id": "LY-AKA-000061",
      "properties": {
        "id": "LY-AKA-000061",
        "name_ar": "وادي تاجنرؤوت",
        "name_en": "وادي تاجنرؤوت",
        "layer_id": "akakus",
        "category": "أكاكوس",
        "source": "KML conversion",
        "source_file": "data/kml/final/akakus.kml",
        "source_record": 60,
        "data_status": "provisional",
        "publication_status": "published",
        "geometry_status": "valid",
        "image_review_status": "institutionally_approved_pending_visual_verification",
        "image_publication_status": "provisional_publication_candidate",
        "image_link_status": "runtime_linked_pending_visual_verification",
        "image_rights_status": "institutional_publication_approval",
        "image_governance_version": "runtime_linkage_phase_v1"
      },
      "geometry": {
        "type": "Point",
        "coordinates": [
          10.395706,
          24.540779
        ]
      }
    },
    {
      "type": "Feature",
      "id": "LY-AKA-000062",
      "properties": {
        "id": "LY-AKA-000062",
        "name_ar": "وادي سلفوفيت",
        "name_en": "وادي سلفوفيت",
        "layer_id": "akakus",
        "category": "أكاكوس",
        "source": "KML conversion",
        "source_file": "data/kml/final/akakus.kml",
        "source_record": 61,
        "data_status": "provisional",
        "publication_status": "published",
        "geometry_status": "valid",
        "image_review_status": "institutionally_approved_pending_visual_verification",
        "image_publication_status": "provisional_publication_candidate",
        "image_link_status": "runtime_linked_pending_visual_verification",
        "image_rights_status": "institutional_publication_approval",
        "image_governance_version": "runtime_linkage_phase_v1"
      },
      "geometry": {
        "type": "Point",
        "coordinates": [
          10.79999,
          24.563079
        ]
      }
    },
    {
      "type": "Feature",
      "id": "LY-AKA-000063",
      "properties": {
        "id": "LY-AKA-000063",
        "name_ar": "وادي تكظالت",
        "name_en": "وادي تكظالت",
        "layer_id": "akakus",
        "category": "أكاكوس",
        "source": "KML conversion",
        "source_file": "data/kml/final/akakus.kml",
        "source_record": 62,
        "data_status": "provisional",
        "publication_status": "published",
        "geometry_status": "valid",
        "image_review_status": "institutionally_approved_pending_visual_verification",
        "image_publication_status": "provisional_publication_candidate",
        "image_link_status": "runtime_linked_pending_visual_verification",
        "image_rights_status": "institutional_publication_approval",
        "image_governance_version": "runtime_linkage_phase_v1"
      },
      "geometry": {
        "type": "Point",
        "coordinates": [
          10.520671,
          24.846374
        ]
      }
    },
    {
      "type": "Feature",
      "id": "LY-AKA-000064",
      "properties": {
        "id": "LY-AKA-000064",
        "name_ar": "جبل تين بب",
        "name_en": "جبل تين بب",
        "layer_id": "akakus",
        "category": "أكاكوس",
        "source": "KML conversion",
        "source_file": "data/kml/final/akakus.kml",
        "source_record": 63,
        "data_status": "provisional",
        "publication_status": "published",
        "geometry_status": "valid",
        "image_review_status": "institutionally_approved_pending_visual_verification",
        "image_publication_status": "provisional_publication_candidate",
        "image_link_status": "runtime_linked_pending_visual_verification",
        "image_rights_status": "institutional_publication_approval",
        "image_governance_version": "runtime_linkage_phase_v1"
      },
      "geometry": {
        "type": "Point",
        "coordinates": [
          10.20833,
          24.72916
        ]
      }
    },
    {
      "type": "Feature",
      "id": "LY-AKA-000065",
      "properties": {
        "id": "LY-AKA-000065",
        "name_ar": "تنسو",
        "name_en": "تنسو",
        "layer_id": "akakus",
        "category": "أكاكوس",
        "source": "KML conversion",
        "source_file": "data/kml/final/akakus.kml",
        "source_record": 64,
        "data_status": "provisional",
        "publication_status": "published",
        "geometry_status": "valid",
        "image_review_status": "institutionally_approved_pending_visual_verification",
        "image_publication_status": "provisional_publication_candidate",
        "image_link_status": "runtime_linked_pending_visual_verification",
        "image_rights_status": "institutional_publication_approval",
        "image_governance_version": "runtime_linkage_phase_v1"
      },
      "geometry": {
        "type": "Point",
        "coordinates": [
          10.0639,
          25.199184
        ]
      }
    },
    {
      "type": "Feature",
      "id": "LY-AKA-000066",
      "properties": {
        "id": "LY-AKA-000066",
        "name_ar": "جبل ايدينان - كاف الجنون",
        "name_en": "جبل ايدينان - كاف الجنون",
        "layer_id": "akakus",
        "category": "أكاكوس",
        "source": "KML conversion",
        "source_file": "data/kml/final/akakus.kml",
        "source_record": 65,
        "data_status": "provisional",
        "publication_status": "published",
        "geometry_status": "valid",
        "image_review_status": "institutionally_approved_pending_visual_verification",
        "image_publication_status": "provisional_publication_candidate",
        "image_link_status": "runtime_linked_pending_visual_verification",
        "image_rights_status": "institutional_publication_approval",
        "image_governance_version": "runtime_linkage_phase_v1"
      },
      "geometry": {
        "type": "Point",
        "coordinates": [
          10.22552,
          25.26705
        ]
      }
    },
    {
      "type": "Feature",
      "id": "LY-AKA-000067",
      "properties": {
        "id": "LY-AKA-000067",
        "name_ar": "قارة تزول",
        "name_en": "قارة تزول",
        "layer_id": "akakus",
        "category": "أكاكوس",
        "source": "KML conversion",
        "source_file": "data/kml/final/akakus.kml",
        "source_record": 66,
        "data_status": "provisional",
        "publication_status": "published",
        "geometry_status": "valid",
        "image_review_status": "institutionally_approved_pending_visual_verification",
        "image_publication_status": "provisional_publication_candidate",
        "image_link_status": "runtime_linked_pending_visual_verification",
        "image_rights_status": "institutional_publication_approval",
        "image_governance_version": "runtime_linkage_phase_v1"
      },
      "geometry": {
        "type": "Point",
        "coordinates": [
          10.18539,
          25.61072
        ]
      }
    },
    {
      "type": "Feature",
      "id": "LY-AKA-000068",
      "properties": {
        "id": "LY-AKA-000068",
        "name_ar": "رمال تيتغسين أو صحراء تهاريت",
        "name_en": "رمال تيتغسين أو صحراء تهاريت",
        "layer_id": "akakus",
        "category": "أكاكوس",
        "source": "KML conversion",
        "source_file": "data/kml/final/akakus.kml",
        "source_record": 67,
        "data_status": "provisional",
        "publication_status": "published",
        "geometry_status": "valid",
        "image_review_status": "institutionally_approved_pending_visual_verification",
        "image_publication_status": "provisional_publication_candidate",
        "image_link_status": "runtime_linked_pending_visual_verification",
        "image_rights_status": "institutional_publication_approval",
        "image_governance_version": "runtime_linkage_phase_v1"
      },
      "geometry": {
        "type": "Point",
        "coordinates": [
          10.18432,
          25.72073
        ]
      }
    },
    {
      "type": "Feature",
      "id": "LY-AKA-000069",
      "properties": {
        "id": "LY-AKA-000069",
        "name_ar": "أغرم نودان",
        "name_en": "أغرم نودان",
        "layer_id": "akakus",
        "category": "أكاكوس",
        "source": "KML conversion",
        "source_file": "data/kml/final/akakus.kml",
        "source_record": 68,
        "data_status": "provisional",
        "publication_status": "published",
        "geometry_status": "valid",
        "image_review_status": "institutionally_approved_pending_visual_verification",
        "image_publication_status": "provisional_publication_candidate",
        "image_link_status": "runtime_linked_pending_visual_verification",
        "image_rights_status": "institutional_publication_approval",
        "image_governance_version": "runtime_linkage_phase_v1"
      },
      "geometry": {
        "type": "Point",
        "coordinates": [
          10.288347,
          25.874353
        ]
      }
    },
    {
      "type": "Feature",
      "id": "LY-AKA-000070",
      "properties": {
        "id": "LY-AKA-000070",
        "name_ar": "وادي ميغدت",
        "name_en": "وادي ميغدت",
        "layer_id": "akakus",
        "category": "أكاكوس",
        "source": "KML conversion",
        "source_file": "data/kml/final/akakus.kml",
        "source_record": 69,
        "data_status": "provisional",
        "publication_status": "published",
        "geometry_status": "valid",
        "image_review_status": "institutionally_approved_pending_visual_verification",
        "image_publication_status": "provisional_publication_candidate",
        "image_link_status": "runtime_linked_pending_visual_verification",
        "image_rights_status": "institutional_publication_approval",
        "image_governance_version": "runtime_linkage_phase_v1"
      },
      "geometry": {
        "type": "Point",
        "coordinates": [
          10.03494,
          25.76468
        ]
      }
    },
    {
      "type": "Feature",
      "id": "LY-AKA-000071",
      "properties": {
        "id": "LY-AKA-000071",
        "name_ar": "جبل مفتغت",
        "name_en": "جبل مفتغت",
        "layer_id": "akakus",
        "category": "أكاكوس",
        "source": "KML conversion",
        "source_file": "data/kml/final/akakus.kml",
        "source_record": 70,
        "data_status": "provisional",
        "publication_status": "published",
        "geometry_status": "valid",
        "image_review_status": "institutionally_approved_pending_visual_verification",
        "image_publication_status": "provisional_publication_candidate",
        "image_link_status": "runtime_linked_pending_visual_verification",
        "image_rights_status": "institutional_publication_approval",
        "image_governance_version": "runtime_linkage_phase_v1"
      },
      "geometry": {
        "type": "Point",
        "coordinates": [
          9.94048,
          25.83705
        ]
      }
    },
    {
      "type": "Feature",
      "id": "LY-AKA-000072",
      "properties": {
        "id": "LY-AKA-000072",
        "name_ar": "ميغدت",
        "name_en": "ميغدت",
        "layer_id": "akakus",
        "category": "أكاكوس",
        "source": "KML conversion",
        "source_file": "data/kml/final/akakus.kml",
        "source_record": 71,
        "data_status": "provisional",
        "publication_status": "published",
        "geometry_status": "valid",
        "image_review_status": "institutionally_approved_pending_visual_verification",
        "image_publication_status": "provisional_publication_candidate",
        "image_link_status": "runtime_linked_pending_visual_verification",
        "image_rights_status": "institutional_publication_approval",
        "image_governance_version": "runtime_linkage_phase_v1"
      },
      "geometry": {
        "type": "Point",
        "coordinates": [
          9.940823,
          25.818812
        ]
      }
    },
    {
      "type": "Feature",
      "id": "LY-AKA-000073",
      "properties": {
        "id": "LY-AKA-000073",
        "name_ar": "وان تكوفي",
        "name_en": "وان تكوفي",
        "layer_id": "akakus",
        "category": "أكاكوس",
        "source": "KML conversion",
        "source_file": "data/kml/final/akakus.kml",
        "source_record": 72,
        "data_status": "provisional",
        "publication_status": "published",
        "geometry_status": "valid",
        "image_review_status": "institutionally_approved_pending_visual_verification",
        "image_publication_status": "provisional_publication_candidate",
        "image_link_status": "runtime_linked_pending_visual_verification",
        "image_rights_status": "institutional_publication_approval",
        "image_governance_version": "runtime_linkage_phase_v1"
      },
      "geometry": {
        "type": "Point",
        "coordinates": [
          10.60991,
          26.20319
        ]
      }
    },
    {
      "type": "Feature",
      "id": "LY-AKA-000074",
      "properties": {
        "id": "LY-AKA-000074",
        "name_ar": "الغابة المتحجرة",
        "name_en": "الغابة المتحجرة",
        "layer_id": "akakus",
        "category": "أكاكوس",
        "source": "KML conversion",
        "source_file": "data/kml/final/akakus.kml",
        "source_record": 73,
        "data_status": "provisional",
        "publication_status": "published",
        "geometry_status": "valid",
        "image_review_status": "institutionally_approved_pending_visual_verification",
        "image_publication_status": "provisional_publication_candidate",
        "image_link_status": "runtime_linked_pending_visual_verification",
        "image_rights_status": "institutional_publication_approval",
        "image_governance_version": "runtime_linkage_phase_v1"
      },
      "geometry": {
        "type": "Point",
        "coordinates": [
          11.41026,
          25.9625
        ]
      }
    },
    {
      "type": "Feature",
      "id": "LY-AKA-000075",
      "properties": {
        "id": "LY-AKA-000075",
        "name_ar": "مساك مللت",
        "name_en": "مساك مللت",
        "layer_id": "akakus",
        "category": "أكاكوس",
        "source": "KML conversion",
        "source_file": "data/kml/final/akakus.kml",
        "source_record": 74,
        "data_status": "provisional",
        "publication_status": "published",
        "geometry_status": "valid",
        "image_review_status": "institutionally_approved_pending_visual_verification",
        "image_publication_status": "provisional_publication_candidate",
        "image_link_status": "runtime_linked_pending_visual_verification",
        "image_rights_status": "institutional_publication_approval",
        "image_governance_version": "runtime_linkage_phase_v1"
      },
      "geometry": {
        "type": "Point",
        "coordinates": [
          11.641059,
          25.466885
        ]
      }
    },
    {
      "type": "Feature",
      "id": "LY-AKA-000076",
      "properties": {
        "id": "LY-AKA-000076",
        "name_ar": "طريق يفضي إلى برجوج",
        "name_en": "طريق يفضي إلى برجوج",
        "layer_id": "akakus",
        "category": "أكاكوس",
        "source": "KML conversion",
        "source_file": "data/kml/final/akakus.kml",
        "source_record": 75,
        "data_status": "provisional",
        "publication_status": "published",
        "geometry_status": "valid",
        "image_review_status": "institutionally_approved_pending_visual_verification",
        "image_publication_status": "provisional_publication_candidate",
        "image_link_status": "runtime_linked_pending_visual_verification",
        "image_rights_status": "institutional_publication_approval",
        "image_governance_version": "runtime_linkage_phase_v1"
      },
      "geometry": {
        "type": "Point",
        "coordinates": [
          13.064889,
          26.526341
        ]
      }
    },
    {
      "type": "Feature",
      "id": "LY-AKA-000077",
      "properties": {
        "id": "LY-AKA-000077",
        "name_ar": "وادي لانجوسي",
        "name_en": "وادي لانجوسي",
        "layer_id": "akakus",
        "category": "أكاكوس",
        "source": "KML conversion",
        "source_file": "data/kml/final/akakus.kml",
        "source_record": 76,
        "data_status": "provisional",
        "publication_status": "published",
        "geometry_status": "valid",
        "image_review_status": "institutionally_approved_pending_visual_verification",
        "image_publication_status": "provisional_publication_candidate",
        "image_link_status": "runtime_linked_pending_visual_verification",
        "image_rights_status": "institutional_publication_approval",
        "image_governance_version": "runtime_linkage_phase_v1"
      },
      "geometry": {
        "type": "Point",
        "coordinates": [
          10.6932,
          24.910984
        ]
      }
    },
    {
      "type": "Feature",
      "id": "LY-AKA-000078",
      "properties": {
        "id": "LY-AKA-000078",
        "name_ar": "وادي اشناتين",
        "name_en": "وادي اشناتين",
        "layer_id": "akakus",
        "category": "أكاكوس",
        "source": "KML conversion",
        "source_file": "data/kml/final/akakus.kml",
        "source_record": 77,
        "data_status": "provisional",
        "publication_status": "published",
        "geometry_status": "valid",
        "image_review_status": "institutionally_approved_pending_visual_verification",
        "image_publication_status": "provisional_publication_candidate",
        "image_link_status": "runtime_linked_pending_visual_verification",
        "image_rights_status": "institutional_publication_approval",
        "image_governance_version": "runtime_linkage_phase_v1"
      },
      "geometry": {
        "type": "Point",
        "coordinates": [
          10.390733,
          24.920948
        ]
      }
    },
    {
      "type": "Feature",
      "id": "LY-AKA-000079",
      "properties": {
        "id": "LY-AKA-000079",
        "name_ar": "وادي اميتالي",
        "name_en": "وادي اميتالي",
        "layer_id": "akakus",
        "category": "أكاكوس",
        "source": "KML conversion",
        "source_file": "data/kml/final/akakus.kml",
        "source_record": 78,
        "data_status": "provisional",
        "publication_status": "published",
        "geometry_status": "valid",
        "image_review_status": "institutionally_approved_pending_visual_verification",
        "image_publication_status": "provisional_publication_candidate",
        "image_link_status": "runtime_linked_pending_visual_verification",
        "image_rights_status": "institutional_publication_approval",
        "image_governance_version": "runtime_linkage_phase_v1"
      },
      "geometry": {
        "type": "Point",
        "coordinates": [
          10.628756,
          24.612212
        ]
      }
    },
    {
      "type": "Feature",
      "id": "LY-AKA-000080",
      "properties": {
        "id": "LY-AKA-000080",
        "name_ar": "تنسو",
        "name_en": "تنسو",
        "layer_id": "akakus",
        "category": "أكاكوس",
        "source": "KML conversion",
        "source_file": "data/kml/final/akakus.kml",
        "source_record": 79,
        "data_status": "provisional",
        "publication_status": "published",
        "geometry_status": "valid",
        "image_review_status": "institutionally_approved_pending_visual_verification",
        "image_publication_status": "provisional_publication_candidate",
        "image_link_status": "runtime_linked_pending_visual_verification",
        "image_rights_status": "institutional_publication_approval",
        "image_governance_version": "runtime_linkage_phase_v1"
      },
      "geometry": {
        "type": "Point",
        "coordinates": [
          10.047946,
          25.111419
        ]
      }
    },
    {
      "type": "Feature",
      "id": "LY-AKA-000081",
      "properties": {
        "id": "LY-AKA-000081",
        "name_ar": "بئر وادي الخير",
        "name_en": "بئر وادي الخير",
        "layer_id": "akakus",
        "category": "أكاكوس",
        "source": "KML conversion",
        "source_file": "data/kml/final/akakus.kml",
        "source_record": 80,
        "data_status": "provisional",
        "publication_status": "published",
        "geometry_status": "valid",
        "image_review_status": "institutionally_approved_pending_visual_verification",
        "image_publication_status": "provisional_publication_candidate",
        "image_link_status": "runtime_linked_pending_visual_verification",
        "image_rights_status": "institutional_publication_approval",
        "image_governance_version": "runtime_linkage_phase_v1"
      },
      "geometry": {
        "type": "Point",
        "coordinates": [
          11.010879,
          25.461042
        ]
      }
    },
    {
      "type": "Feature",
      "id": "LY-AKA-000082",
      "properties": {
        "id": "LY-AKA-000082",
        "name_ar": "بئر تللوات",
        "name_en": "بئر تللوات",
        "layer_id": "akakus",
        "category": "أكاكوس",
        "source": "KML conversion",
        "source_file": "data/kml/final/akakus.kml",
        "source_record": 81,
        "data_status": "provisional",
        "publication_status": "published",
        "geometry_status": "valid",
        "image_review_status": "institutionally_approved_pending_visual_verification",
        "image_publication_status": "provisional_publication_candidate",
        "image_link_status": "runtime_linked_pending_visual_verification",
        "image_rights_status": "institutional_publication_approval",
        "image_governance_version": "runtime_linkage_phase_v1"
      },
      "geometry": {
        "type": "Point",
        "coordinates": [
          10.77752,
          25.22815
        ]
      }
    },
    {
      "type": "Feature",
      "id": "LY-AKA-000083",
      "properties": {
        "id": "LY-AKA-000083",
        "name_ar": "بئر أباناكور",
        "name_en": "بئر أباناكور",
        "layer_id": "akakus",
        "category": "أكاكوس",
        "source": "KML conversion",
        "source_file": "data/kml/final/akakus.kml",
        "source_record": 82,
        "data_status": "provisional",
        "publication_status": "published",
        "geometry_status": "valid",
        "image_review_status": "institutionally_approved_pending_visual_verification",
        "image_publication_status": "provisional_publication_candidate",
        "image_link_status": "runtime_linked_pending_visual_verification",
        "image_rights_status": "institutional_publication_approval",
        "image_governance_version": "runtime_linkage_phase_v1"
      },
      "geometry": {
        "type": "Point",
        "coordinates": [
          10.35,
          25.31666
        ]
      }
    },
    {
      "type": "Feature",
      "id": "LY-AKA-000084",
      "properties": {
        "id": "LY-AKA-000084",
        "name_ar": "بئر امينينغ",
        "name_en": "بئر امينينغ",
        "layer_id": "akakus",
        "category": "أكاكوس",
        "source": "KML conversion",
        "source_file": "data/kml/final/akakus.kml",
        "source_record": 83,
        "data_status": "provisional",
        "publication_status": "published",
        "geometry_status": "valid",
        "image_review_status": "institutionally_approved_pending_visual_verification",
        "image_publication_status": "provisional_publication_candidate",
        "image_link_status": "runtime_linked_pending_visual_verification",
        "image_rights_status": "institutional_publication_approval",
        "image_governance_version": "runtime_linkage_phase_v1"
      },
      "geometry": {
        "type": "Point",
        "coordinates": [
          10.66083,
          24.85944
        ]
      }
    },
    {
      "type": "Feature",
      "id": "LY-AKA-000085",
      "properties": {
        "id": "LY-AKA-000085",
        "name_ar": "قلتة تين تراريت",
        "name_en": "قلتة تين تراريت",
        "layer_id": "akakus",
        "category": "أكاكوس",
        "source": "KML conversion",
        "source_file": "data/kml/final/akakus.kml",
        "source_record": 84,
        "data_status": "provisional",
        "publication_status": "published",
        "geometry_status": "valid",
        "image_review_status": "institutionally_approved_pending_visual_verification",
        "image_publication_status": "provisional_publication_candidate",
        "image_link_status": "runtime_linked_pending_visual_verification",
        "image_rights_status": "institutional_publication_approval",
        "image_governance_version": "runtime_linkage_phase_v1"
      },
      "geometry": {
        "type": "Point",
        "coordinates": [
          10.512277,
          25.291489
        ]
      }
    },
    {
      "type": "Feature",
      "id": "LY-AKA-000086",
      "properties": {
        "id": "LY-AKA-000086",
        "name_ar": "قلتة ايوانين",
        "name_en": "قلتة ايوانين",
        "layer_id": "akakus",
        "category": "أكاكوس",
        "source": "KML conversion",
        "source_file": "data/kml/final/akakus.kml",
        "source_record": 85,
        "data_status": "provisional",
        "publication_status": "published",
        "geometry_status": "valid",
        "image_review_status": "institutionally_approved_pending_visual_verification",
        "image_publication_status": "provisional_publication_candidate",
        "image_link_status": "runtime_linked_pending_visual_verification",
        "image_rights_status": "institutional_publication_approval",
        "image_governance_version": "runtime_linkage_phase_v1"
      },
      "geometry": {
        "type": "Point",
        "coordinates": [
          10.578334,
          24.961926
        ]
      }
    },
    {
      "type": "Feature",
      "id": "LY-AKA-000087",
      "properties": {
        "id": "LY-AKA-000087",
        "name_ar": "بئر تلووا",
        "name_en": "بئر تلووا",
        "layer_id": "akakus",
        "category": "أكاكوس",
        "source": "KML conversion",
        "source_file": "data/kml/final/akakus.kml",
        "source_record": 86,
        "data_status": "provisional",
        "publication_status": "published",
        "geometry_status": "valid",
        "image_review_status": "institutionally_approved_pending_visual_verification",
        "image_publication_status": "provisional_publication_candidate",
        "image_link_status": "runtime_linked_pending_visual_verification",
        "image_rights_status": "institutional_publication_approval",
        "image_governance_version": "runtime_linkage_phase_v1"
      },
      "geometry": {
        "type": "Point",
        "coordinates": [
          10.43968,
          25.4575
        ]
      }
    },
    {
      "type": "Feature",
      "id": "LY-AKA-000088",
      "properties": {
        "id": "LY-AKA-000088",
        "name_ar": "بئر عليوين",
        "name_en": "بئر عليوين",
        "layer_id": "akakus",
        "category": "أكاكوس",
        "source": "KML conversion",
        "source_file": "data/kml/final/akakus.kml",
        "source_record": 87,
        "data_status": "provisional",
        "publication_status": "published",
        "geometry_status": "valid",
        "image_review_status": "institutionally_approved_pending_visual_verification",
        "image_publication_status": "provisional_publication_candidate",
        "image_link_status": "runtime_linked_pending_visual_verification",
        "image_rights_status": "institutional_publication_approval",
        "image_governance_version": "runtime_linkage_phase_v1"
      },
      "geometry": {
        "type": "Point",
        "coordinates": [
          10.7775,
          25.805556
        ]
      }
    },
    {
      "type": "Feature",
      "id": "LY-AKA-000089",
      "properties": {
        "id": "LY-AKA-000089",
        "name_ar": "بئر تيلالان",
        "name_en": "بئر تيلالان",
        "layer_id": "akakus",
        "category": "أكاكوس",
        "source": "KML conversion",
        "source_file": "data/kml/final/akakus.kml",
        "source_record": 88,
        "data_status": "provisional",
        "publication_status": "published",
        "geometry_status": "valid",
        "image_review_status": "institutionally_approved_pending_visual_verification",
        "image_publication_status": "provisional_publication_candidate",
        "image_link_status": "runtime_linked_pending_visual_verification",
        "image_rights_status": "institutional_publication_approval",
        "image_governance_version": "runtime_linkage_phase_v1"
      },
      "geometry": {
        "type": "Point",
        "coordinates": [
          10.6287,
          25.61103
        ]
      }
    },
    {
      "type": "Feature",
      "id": "LY-AKA-000090",
      "properties": {
        "id": "LY-AKA-000090",
        "name_ar": "بئر سلماجين",
        "name_en": "بئر سلماجين",
        "layer_id": "akakus",
        "category": "أكاكوس",
        "source": "KML conversion",
        "source_file": "data/kml/final/akakus.kml",
        "source_record": 89,
        "data_status": "provisional",
        "publication_status": "published",
        "geometry_status": "valid",
        "image_review_status": "institutionally_approved_pending_visual_verification",
        "image_publication_status": "provisional_publication_candidate",
        "image_link_status": "runtime_linked_pending_visual_verification",
        "image_rights_status": "institutional_publication_approval",
        "image_governance_version": "runtime_linkage_phase_v1"
      },
      "geometry": {
        "type": "Point",
        "coordinates": [
          10.005756,
          25.482636
        ]
      }
    },
    {
      "type": "Feature",
      "id": "LY-AKA-000091",
      "properties": {
        "id": "LY-AKA-000091",
        "name_ar": "بئر تيترزين",
        "name_en": "بئر تيترزين",
        "layer_id": "akakus",
        "category": "أكاكوس",
        "source": "KML conversion",
        "source_file": "data/kml/final/akakus.kml",
        "source_record": 90,
        "data_status": "provisional",
        "publication_status": "published",
        "geometry_status": "valid",
        "image_review_status": "institutionally_approved_pending_visual_verification",
        "image_publication_status": "provisional_publication_candidate",
        "image_link_status": "runtime_linked_pending_visual_verification",
        "image_rights_status": "institutional_publication_approval",
        "image_governance_version": "runtime_linkage_phase_v1"
      },
      "geometry": {
        "type": "Point",
        "coordinates": [
          9.928975,
          25.519922
        ]
      }
    },
    {
      "type": "Feature",
      "id": "LY-AKA-000092",
      "properties": {
        "id": "LY-AKA-000092",
        "name_ar": "قلتة تين اميتيلي",
        "name_en": "قلتة تين اميتيلي",
        "layer_id": "akakus",
        "category": "أكاكوس",
        "source": "KML conversion",
        "source_file": "data/kml/final/akakus.kml",
        "source_record": 91,
        "data_status": "provisional",
        "publication_status": "published",
        "geometry_status": "valid",
        "image_review_status": "institutionally_approved_pending_visual_verification",
        "image_publication_status": "provisional_publication_candidate",
        "image_link_status": "runtime_linked_pending_visual_verification",
        "image_rights_status": "institutional_publication_approval",
        "image_governance_version": "runtime_linkage_phase_v1"
      },
      "geometry": {
        "type": "Point",
        "coordinates": [
          10.64664,
          24.603277
        ]
      }
    },
    {
      "type": "Feature",
      "id": "LY-AKA-000093",
      "properties": {
        "id": "LY-AKA-000093",
        "name_ar": "قلتة بوبو",
        "name_en": "قلتة بوبو",
        "layer_id": "akakus",
        "category": "أكاكوس",
        "source": "KML conversion",
        "source_file": "data/kml/final/akakus.kml",
        "source_record": 92,
        "data_status": "provisional",
        "publication_status": "published",
        "geometry_status": "valid",
        "image_review_status": "institutionally_approved_pending_visual_verification",
        "image_publication_status": "provisional_publication_candidate",
        "image_link_status": "runtime_linked_pending_visual_verification",
        "image_rights_status": "institutional_publication_approval",
        "image_governance_version": "runtime_linkage_phase_v1"
      },
      "geometry": {
        "type": "Point",
        "coordinates": [
          10.637835,
          24.579903
        ]
      }
    },
    {
      "type": "Feature",
      "id": "LY-AKA-000094",
      "properties": {
        "id": "LY-AKA-000094",
        "name_ar": "قلتة تيبستين",
        "name_en": "قلتة تيبستين",
        "layer_id": "akakus",
        "category": "أكاكوس",
        "source": "KML conversion",
        "source_file": "data/kml/final/akakus.kml",
        "source_record": 93,
        "data_status": "provisional",
        "publication_status": "published",
        "geometry_status": "valid",
        "image_review_status": "institutionally_approved_pending_visual_verification",
        "image_publication_status": "provisional_publication_candidate",
        "image_link_status": "runtime_linked_pending_visual_verification",
        "image_rights_status": "institutional_publication_approval",
        "image_governance_version": "runtime_linkage_phase_v1"
      },
      "geometry": {
        "type": "Point",
        "coordinates": [
          10.555864,
          24.894657
        ]
      }
    },
    {
      "type": "Feature",
      "id": "LY-AKA-000095",
      "properties": {
        "id": "LY-AKA-000095",
        "name_ar": "قلتة انتريكي",
        "name_en": "قلتة انتريكي",
        "layer_id": "akakus",
        "category": "أكاكوس",
        "source": "KML conversion",
        "source_file": "data/kml/final/akakus.kml",
        "source_record": 94,
        "data_status": "provisional",
        "publication_status": "published",
        "geometry_status": "valid",
        "image_review_status": "institutionally_approved_pending_visual_verification",
        "image_publication_status": "provisional_publication_candidate",
        "image_link_status": "runtime_linked_pending_visual_verification",
        "image_rights_status": "institutional_publication_approval",
        "image_governance_version": "runtime_linkage_phase_v1"
      },
      "geometry": {
        "type": "Point",
        "coordinates": [
          10.541264,
          24.743267
        ]
      }
    },
    {
      "type": "Feature",
      "id": "LY-AKA-000096",
      "properties": {
        "id": "LY-AKA-000096",
        "name_ar": "الفوار الساخن",
        "name_en": "الفوار الساخن",
        "layer_id": "akakus",
        "category": "أكاكوس",
        "source": "KML conversion",
        "source_file": "data/kml/final/akakus.kml",
        "source_record": 95,
        "data_status": "provisional",
        "publication_status": "published",
        "geometry_status": "valid",
        "image_review_status": "institutionally_approved_pending_visual_verification",
        "image_publication_status": "provisional_publication_candidate",
        "image_link_status": "runtime_linked_pending_visual_verification",
        "image_rights_status": "institutional_publication_approval",
        "image_governance_version": "runtime_linkage_phase_v1"
      },
      "geometry": {
        "type": "Point",
        "coordinates": [
          10.25588,
          25.17864
        ]
      }
    },
    {
      "type": "Feature",
      "id": "LY-AKA-000097",
      "properties": {
        "id": "LY-AKA-000097",
        "name_ar": "قلتة تيقلتري",
        "name_en": "قلتة تيقلتري",
        "layer_id": "akakus",
        "category": "أكاكوس",
        "source": "KML conversion",
        "source_file": "data/kml/final/akakus.kml",
        "source_record": 96,
        "data_status": "provisional",
        "publication_status": "published",
        "geometry_status": "valid",
        "image_review_status": "institutionally_approved_pending_visual_verification",
        "image_publication_status": "provisional_publication_candidate",
        "image_link_status": "runtime_linked_pending_visual_verification",
        "image_rights_status": "institutional_publication_approval",
        "image_governance_version": "runtime_linkage_phase_v1"
      },
      "geometry": {
        "type": "Point",
        "coordinates": [
          10.581729,
          25.041657
        ]
      }
    },
    {
      "type": "Feature",
      "id": "LY-AKA-000098",
      "properties": {
        "id": "LY-AKA-000098",
        "name_ar": "وادي تيهرين",
        "name_en": "وادي تيهرين",
        "layer_id": "akakus",
        "category": "أكاكوس",
        "source": "KML conversion",
        "source_file": "data/kml/final/akakus.kml",
        "source_record": 97,
        "data_status": "provisional",
        "publication_status": "published",
        "geometry_status": "valid",
        "image_review_status": "institutionally_approved_pending_visual_verification",
        "image_publication_status": "provisional_publication_candidate",
        "image_link_status": "runtime_linked_pending_visual_verification",
        "image_rights_status": "institutional_publication_approval",
        "image_governance_version": "runtime_linkage_phase_v1"
      },
      "geometry": {
        "type": "Point",
        "coordinates": [
          10.553287,
          24.906083
        ]
      }
    },
    {
      "type": "Feature",
      "id": "LY-AKA-000099",
      "properties": {
        "id": "LY-AKA-000099",
        "name_ar": "مدخل تين لالان",
        "name_en": "مدخل تين لالان",
        "layer_id": "akakus",
        "category": "أكاكوس",
        "source": "KML conversion",
        "source_file": "data/kml/final/akakus.kml",
        "source_record": 98,
        "data_status": "provisional",
        "publication_status": "published",
        "geometry_status": "valid",
        "image_review_status": "institutionally_approved_pending_visual_verification",
        "image_publication_status": "provisional_publication_candidate",
        "image_link_status": "runtime_linked_pending_visual_verification",
        "image_rights_status": "institutional_publication_approval",
        "image_governance_version": "runtime_linkage_phase_v1"
      },
      "geometry": {
        "type": "Point",
        "coordinates": [
          11.003456,
          25.824669
        ]
      }
    },
    {
      "type": "Feature",
      "id": "LY-AKA-000100",
      "properties": {
        "id": "LY-AKA-000100",
        "name_ar": "نقطة مراقبة الشرطة السياحية",
        "name_en": "نقطة مراقبة الشرطة السياحية",
        "layer_id": "akakus",
        "category": "أكاكوس",
        "source": "KML conversion",
        "source_file": "data/kml/final/akakus.kml",
        "source_record": 99,
        "data_status": "provisional",
        "publication_status": "published",
        "geometry_status": "valid",
        "image_review_status": "institutionally_approved_pending_visual_verification",
        "image_publication_status": "provisional_publication_candidate",
        "image_link_status": "runtime_linked_pending_visual_verification",
        "image_rights_status": "institutional_publication_approval",
        "image_governance_version": "runtime_linkage_phase_v1"
      },
      "geometry": {
        "type": "Point",
        "coordinates": [
          10.664579,
          24.86061
        ]
      }
    },
    {
      "type": "Feature",
      "id": "LY-AKA-000101",
      "properties": {
        "id": "LY-AKA-000101",
        "name_ar": "مدخل حقل الفيل",
        "name_en": "مدخل حقل الفيل",
        "layer_id": "akakus",
        "category": "أكاكوس",
        "source": "KML conversion",
        "source_file": "data/kml/final/akakus.kml",
        "source_record": 100,
        "data_status": "provisional",
        "publication_status": "published",
        "geometry_status": "valid",
        "image_review_status": "institutionally_approved_pending_visual_verification",
        "image_publication_status": "provisional_publication_candidate",
        "image_link_status": "runtime_linked_pending_visual_verification",
        "image_rights_status": "institutional_publication_approval",
        "image_governance_version": "runtime_linkage_phase_v1"
      },
      "geometry": {
        "type": "Point",
        "coordinates": [
          11.546314,
          25.938547
        ]
      }
    },
    {
      "type": "Feature",
      "id": "LY-AKA-000102",
      "properties": {
        "id": "LY-AKA-000102",
        "name_ar": "مدخل يفضي إلى مساك ستافت",
        "name_en": "مدخل يفضي إلى مساك ستافت",
        "layer_id": "akakus",
        "category": "أكاكوس",
        "source": "KML conversion",
        "source_file": "data/kml/final/akakus.kml",
        "source_record": 101,
        "data_status": "provisional",
        "publication_status": "published",
        "geometry_status": "valid",
        "image_review_status": "institutionally_approved_pending_visual_verification",
        "image_publication_status": "provisional_publication_candidate",
        "image_link_status": "runtime_linked_pending_visual_verification",
        "image_rights_status": "institutional_publication_approval",
        "image_governance_version": "runtime_linkage_phase_v1"
      },
      "geometry": {
        "type": "Point",
        "coordinates": [
          10.77604,
          25.81492
        ]
      }
    },
    {
      "type": "Feature",
      "id": "LY-AKA-000103",
      "properties": {
        "id": "LY-AKA-000103",
        "name_ar": "مدخل تخرخوري",
        "name_en": "مدخل تخرخوري",
        "layer_id": "akakus",
        "category": "أكاكوس",
        "source": "KML conversion",
        "source_file": "data/kml/final/akakus.kml",
        "source_record": 102,
        "data_status": "provisional",
        "publication_status": "published",
        "geometry_status": "valid",
        "image_review_status": "institutionally_approved_pending_visual_verification",
        "image_publication_status": "provisional_publication_candidate",
        "image_link_status": "runtime_linked_pending_visual_verification",
        "image_rights_status": "institutional_publication_approval",
        "image_governance_version": "runtime_linkage_phase_v1"
      },
      "geometry": {
        "type": "Point",
        "coordinates": [
          10.196128,
          24.680874
        ]
      }
    },
    {
      "type": "Feature",
      "id": "LY-AKA-000104",
      "properties": {
        "id": "LY-AKA-000104",
        "name_ar": "ممر تلمسين",
        "name_en": "ممر تلمسين",
        "layer_id": "akakus",
        "category": "أكاكوس",
        "source": "KML conversion",
        "source_file": "data/kml/final/akakus.kml",
        "source_record": 103,
        "data_status": "provisional",
        "publication_status": "published",
        "geometry_status": "valid",
        "image_review_status": "institutionally_approved_pending_visual_verification",
        "image_publication_status": "provisional_publication_candidate",
        "image_link_status": "runtime_linked_pending_visual_verification",
        "image_rights_status": "institutional_publication_approval",
        "image_governance_version": "runtime_linkage_phase_v1"
      },
      "geometry": {
        "type": "Point",
        "coordinates": [
          11.58233,
          24.77426
        ]
      }
    },
    {
      "type": "Feature",
      "id": "LY-AKA-000105",
      "properties": {
        "id": "LY-AKA-000105",
        "name_ar": "المثلث الحدودي",
        "name_en": "المثلث الحدودي",
        "layer_id": "akakus",
        "category": "أكاكوس",
        "source": "KML conversion",
        "source_file": "data/kml/final/akakus.kml",
        "source_record": 104,
        "data_status": "provisional",
        "publication_status": "published",
        "geometry_status": "valid",
        "image_review_status": "institutionally_approved_pending_visual_verification",
        "image_publication_status": "provisional_publication_candidate",
        "image_link_status": "runtime_linked_pending_visual_verification",
        "image_rights_status": "institutional_publication_approval",
        "image_governance_version": "runtime_linkage_phase_v1"
      },
      "geometry": {
        "type": "Point",
        "coordinates": [
          12.00009,
          23.49846
        ]
      }
    },
    {
      "type": "Feature",
      "id": "LY-AKA-000106",
      "properties": {
        "id": "LY-AKA-000106",
        "name_ar": "متخندوش",
        "name_en": "متخندوش",
        "layer_id": "akakus",
        "category": "أكاكوس",
        "source": "KML conversion",
        "source_file": "data/kml/final/akakus.kml",
        "source_record": 105,
        "data_status": "provisional",
        "publication_status": "published",
        "geometry_status": "valid",
        "image_review_status": "institutionally_approved_pending_visual_verification",
        "image_publication_status": "provisional_publication_candidate",
        "image_link_status": "runtime_linked_pending_visual_verification",
        "image_rights_status": "institutional_publication_approval",
        "image_governance_version": "runtime_linkage_phase_v1",
        "primary_image_candidate": "assets/media/LIBYA/heritage/LY-AKA-000106/LY-AKA-000106__primary__01__408CE9AABF02__web-medium.webp",
        "thumbnail_image_candidate": "assets/media/LIBYA/heritage/LY-AKA-000106/LY-AKA-000106__primary__01__408CE9AABF02__thumbnail.webp",
        "gallery_image_candidates": "assets/media/LIBYA/heritage/LY-AKA-000106/LY-AKA-000106__primary__01__408CE9AABF02__web-medium.webp",
        "gallery_image_candidate_ids": [
          "IMG-EE7F408CE9AABF02"
        ],
        "gallery_candidate_roles": [
          "primary"
        ],
        "image_candidate_count": 1,
        "image_display_status": "provisional",
        "local_images": [
          "assets/images/akakus/akakus-LY-AKAKUS-00106-01.png",
          "assets/images/akakus/akakus-LY-AKAKUS-00106-01.webp"
        ],
        "gallery_images": [
          "assets/images/akakus/akakus-LY-AKAKUS-00106-01.png",
          "assets/images/akakus/akakus-LY-AKAKUS-00106-01.webp"
        ],
        "image_count": 2,
        "primary_image": "assets/images/akakus/akakus-LY-AKAKUS-00106-01.png",
        "layer_assignment_status": "user_curated_confirmed",
        "institutional_display_authorization": "approved",
        "rights_status": "unknown",
        "image_source_credit": "unknown"
      },
      "geometry": {
        "type": "Point",
        "coordinates": [
          11.93451,
          25.68827
        ]
      }
    },
    {
      "type": "Feature",
      "id": "LY-AKA-000107",
      "properties": {
        "id": "LY-AKA-000107",
        "name_ar": "تفرع يفضي إلى الأكاكوس",
        "name_en": "تفرع يفضي إلى الأكاكوس",
        "layer_id": "akakus",
        "category": "أكاكوس",
        "source": "KML conversion",
        "source_file": "data/kml/final/akakus.kml",
        "source_record": 106,
        "data_status": "provisional",
        "publication_status": "published",
        "geometry_status": "valid",
        "image_review_status": "institutionally_approved_pending_visual_verification",
        "image_publication_status": "provisional_publication_candidate",
        "image_link_status": "runtime_linked_pending_visual_verification",
        "image_rights_status": "institutional_publication_approval",
        "image_governance_version": "runtime_linkage_phase_v1"
      },
      "geometry": {
        "type": "Point",
        "coordinates": [
          10.562568,
          25.779874
        ]
      }
    },
    {
      "type": "Feature",
      "id": "LY-AKA-000108",
      "properties": {
        "id": "LY-AKA-000108",
        "name_ar": "قرية تين أظاريف",
        "name_en": "قرية تين أظاريف",
        "layer_id": "akakus",
        "category": "أكاكوس",
        "source": "KML conversion",
        "source_file": "data/kml/final/akakus.kml",
        "source_record": 107,
        "data_status": "provisional",
        "publication_status": "published",
        "geometry_status": "valid",
        "image_review_status": "institutionally_approved_pending_visual_verification",
        "image_publication_status": "provisional_publication_candidate",
        "image_link_status": "runtime_linked_pending_visual_verification",
        "image_rights_status": "institutional_publication_approval",
        "image_governance_version": "runtime_linkage_phase_v1"
      },
      "geometry": {
        "type": "Point",
        "coordinates": [
          10.565818,
          25.742886
        ]
      }
    },
    {
      "type": "Feature",
      "id": "LY-AKA-000109",
      "properties": {
        "id": "LY-AKA-000109",
        "name_ar": "مدخل حقل الفيل",
        "name_en": "مدخل حقل الفيل",
        "layer_id": "akakus",
        "category": "أكاكوس",
        "source": "KML conversion",
        "source_file": "data/kml/final/akakus.kml",
        "source_record": 108,
        "data_status": "provisional",
        "publication_status": "published",
        "geometry_status": "valid",
        "image_review_status": "institutionally_approved_pending_visual_verification",
        "image_publication_status": "provisional_publication_candidate",
        "image_link_status": "runtime_linked_pending_visual_verification",
        "image_rights_status": "institutional_publication_approval",
        "image_governance_version": "runtime_linkage_phase_v1"
      },
      "geometry": {
        "type": "Point",
        "coordinates": [
          11.532197,
          26.090151
        ]
      }
    },
    {
      "type": "Feature",
      "id": "LY-AKA-000110",
      "properties": {
        "id": "LY-AKA-000110",
        "name_ar": "مدينة غات القديمة",
        "name_en": "مدينة غات القديمة",
        "layer_id": "akakus",
        "category": "أكاكوس",
        "source": "KML conversion",
        "source_file": "data/kml/final/akakus.kml",
        "source_record": 109,
        "data_status": "provisional",
        "publication_status": "published",
        "geometry_status": "valid",
        "image_review_status": "institutionally_approved_pending_visual_verification",
        "image_publication_status": "provisional_publication_candidate",
        "image_link_status": "runtime_linked_pending_visual_verification",
        "image_rights_status": "institutional_publication_approval",
        "image_governance_version": "runtime_linkage_phase_v1"
      },
      "geometry": {
        "type": "Point",
        "coordinates": [
          10.179683,
          24.965854
        ]
      }
    },
    {
      "type": "Feature",
      "id": "LY-AKA-000111",
      "properties": {
        "id": "LY-AKA-000111",
        "name_ar": "موقع تين الشيخ",
        "name_en": "موقع تين الشيخ",
        "layer_id": "akakus",
        "category": "أكاكوس",
        "source": "KML conversion",
        "source_file": "data/kml/final/akakus.kml",
        "source_record": 110,
        "data_status": "provisional",
        "publication_status": "published",
        "geometry_status": "valid",
        "image_review_status": "institutionally_approved_pending_visual_verification",
        "image_publication_status": "provisional_publication_candidate",
        "image_link_status": "runtime_linked_pending_visual_verification",
        "image_rights_status": "institutional_publication_approval",
        "image_governance_version": "runtime_linkage_phase_v1"
      },
      "geometry": {
        "type": "Point",
        "coordinates": [
          10.541697,
          24.955968
        ]
      }
    },
    {
      "type": "Feature",
      "id": "LY-AKA-000112",
      "properties": {
        "id": "LY-AKA-000112",
        "name_ar": "موقع فن صخري",
        "name_en": "موقع فن صخري",
        "layer_id": "akakus",
        "category": "أكاكوس",
        "source": "KML conversion",
        "source_file": "data/kml/final/akakus.kml",
        "source_record": 111,
        "data_status": "provisional",
        "publication_status": "published",
        "geometry_status": "valid",
        "image_review_status": "institutionally_approved_pending_visual_verification",
        "image_publication_status": "provisional_publication_candidate",
        "image_link_status": "runtime_linked_pending_visual_verification",
        "image_rights_status": "institutional_publication_approval",
        "image_governance_version": "runtime_linkage_phase_v1"
      },
      "geometry": {
        "type": "Point",
        "coordinates": [
          10.515549,
          24.95715
        ]
      }
    },
    {
      "type": "Feature",
      "id": "LY-AKA-000113",
      "properties": {
        "id": "LY-AKA-000113",
        "name_ar": "موقع فن صخري",
        "name_en": "موقع فن صخري",
        "layer_id": "akakus",
        "category": "أكاكوس",
        "source": "KML conversion",
        "source_file": "data/kml/final/akakus.kml",
        "source_record": 112,
        "data_status": "provisional",
        "publication_status": "published",
        "geometry_status": "valid",
        "image_review_status": "institutionally_approved_pending_visual_verification",
        "image_publication_status": "provisional_publication_candidate",
        "image_link_status": "runtime_linked_pending_visual_verification",
        "image_rights_status": "institutional_publication_approval",
        "image_governance_version": "runtime_linkage_phase_v1"
      },
      "geometry": {
        "type": "Point",
        "coordinates": [
          10.503531,
          24.959418
        ]
      }
    },
    {
      "type": "Feature",
      "id": "LY-AKA-000114",
      "properties": {
        "id": "LY-AKA-000114",
        "name_ar": "موقع فن صخري أويس",
        "name_en": "موقع فن صخري أويس",
        "layer_id": "akakus",
        "category": "أكاكوس",
        "source": "KML conversion",
        "source_file": "data/kml/final/akakus.kml",
        "source_record": 113,
        "data_status": "provisional",
        "publication_status": "published",
        "geometry_status": "valid",
        "image_review_status": "institutionally_approved_pending_visual_verification",
        "image_publication_status": "provisional_publication_candidate",
        "image_link_status": "runtime_linked_pending_visual_verification",
        "image_rights_status": "institutional_publication_approval",
        "image_governance_version": "runtime_linkage_phase_v1"
      },
      "geometry": {
        "type": "Point",
        "coordinates": [
          10.6007,
          25.522422
        ]
      }
    },
    {
      "type": "Feature",
      "id": "LY-AKA-000115",
      "properties": {
        "id": "LY-AKA-000115",
        "name_ar": "موقع فن صخري",
        "name_en": "موقع فن صخري",
        "layer_id": "akakus",
        "category": "أكاكوس",
        "source": "KML conversion",
        "source_file": "data/kml/final/akakus.kml",
        "source_record": 114,
        "data_status": "provisional",
        "publication_status": "published",
        "geometry_status": "valid",
        "image_review_status": "institutionally_approved_pending_visual_verification",
        "image_publication_status": "provisional_publication_candidate",
        "image_link_status": "runtime_linked_pending_visual_verification",
        "image_rights_status": "institutional_publication_approval",
        "image_governance_version": "runtime_linkage_phase_v1"
      },
      "geometry": {
        "type": "Point",
        "coordinates": [
          10.537751,
          25.325897
        ]
      }
    },
    {
      "type": "Feature",
      "id": "LY-AKA-000116",
      "properties": {
        "id": "LY-AKA-000116",
        "name_ar": "مدينة بركت القديمة",
        "name_en": "مدينة بركت القديمة",
        "layer_id": "akakus",
        "category": "أكاكوس",
        "source": "KML conversion",
        "source_file": "data/kml/final/akakus.kml",
        "source_record": 115,
        "data_status": "provisional",
        "publication_status": "published",
        "geometry_status": "valid",
        "image_review_status": "institutionally_approved_pending_visual_verification",
        "image_publication_status": "provisional_publication_candidate",
        "image_link_status": "runtime_linked_pending_visual_verification",
        "image_rights_status": "institutional_publication_approval",
        "image_governance_version": "runtime_linkage_phase_v1"
      },
      "geometry": {
        "type": "Point",
        "coordinates": [
          10.179331,
          24.896048
        ]
      }
    },
    {
      "type": "Feature",
      "id": "LY-AKA-000117",
      "properties": {
        "id": "LY-AKA-000117",
        "name_ar": "موقع فن صخري",
        "name_en": "موقع فن صخري",
        "layer_id": "akakus",
        "category": "أكاكوس",
        "source": "KML conversion",
        "source_file": "data/kml/final/akakus.kml",
        "source_record": 116,
        "data_status": "provisional",
        "publication_status": "published",
        "geometry_status": "valid",
        "image_review_status": "institutionally_approved_pending_visual_verification",
        "image_publication_status": "provisional_publication_candidate",
        "image_link_status": "runtime_linked_pending_visual_verification",
        "image_rights_status": "institutional_publication_approval",
        "image_governance_version": "runtime_linkage_phase_v1"
      },
      "geometry": {
        "type": "Point",
        "coordinates": [
          10.477319,
          24.98241
        ]
      }
    },
    {
      "type": "Feature",
      "id": "LY-AKA-000118",
      "properties": {
        "id": "LY-AKA-000118",
        "name_ar": "موقع فن صخري",
        "name_en": "موقع فن صخري",
        "layer_id": "akakus",
        "category": "أكاكوس",
        "source": "KML conversion",
        "source_file": "data/kml/final/akakus.kml",
        "source_record": 117,
        "data_status": "provisional",
        "publication_status": "published",
        "geometry_status": "valid",
        "image_review_status": "institutionally_approved_pending_visual_verification",
        "image_publication_status": "provisional_publication_candidate",
        "image_link_status": "runtime_linked_pending_visual_verification",
        "image_rights_status": "institutional_publication_approval",
        "image_governance_version": "runtime_linkage_phase_v1"
      },
      "geometry": {
        "type": "Point",
        "coordinates": [
          10.535949,
          25.326587
        ]
      }
    },
    {
      "type": "Feature",
      "id": "LY-AKA-000119",
      "properties": {
        "id": "LY-AKA-000119",
        "name_ar": "رسوم فن صخري - تاهوين",
        "name_en": "رسوم فن صخري - تاهوين",
        "layer_id": "akakus",
        "category": "أكاكوس",
        "source": "KML conversion",
        "source_file": "data/kml/final/akakus.kml",
        "source_record": 118,
        "data_status": "provisional",
        "publication_status": "published",
        "geometry_status": "valid",
        "image_review_status": "institutionally_approved_pending_visual_verification",
        "image_publication_status": "provisional_publication_candidate",
        "image_link_status": "runtime_linked_pending_visual_verification",
        "image_rights_status": "institutional_publication_approval",
        "image_governance_version": "runtime_linkage_phase_v1"
      },
      "geometry": {
        "type": "Point",
        "coordinates": [
          10.60012,
          25.42324
        ]
      }
    },
    {
      "type": "Feature",
      "id": "LY-AKA-000120",
      "properties": {
        "id": "LY-AKA-000120",
        "name_ar": "موقع فن صخري أويس",
        "name_en": "موقع فن صخري أويس",
        "layer_id": "akakus",
        "category": "أكاكوس",
        "source": "KML conversion",
        "source_file": "data/kml/final/akakus.kml",
        "source_record": 119,
        "data_status": "provisional",
        "publication_status": "published",
        "geometry_status": "valid",
        "image_review_status": "institutionally_approved_pending_visual_verification",
        "image_publication_status": "provisional_publication_candidate",
        "image_link_status": "runtime_linked_pending_visual_verification",
        "image_rights_status": "institutional_publication_approval",
        "image_governance_version": "runtime_linkage_phase_v1"
      },
      "geometry": {
        "type": "Point",
        "coordinates": [
          10.600959,
          25.521704
        ]
      }
    },
    {
      "type": "Feature",
      "id": "LY-AKA-000121",
      "properties": {
        "id": "LY-AKA-000121",
        "name_ar": "موقع فن صخري",
        "name_en": "موقع فن صخري",
        "layer_id": "akakus",
        "category": "أكاكوس",
        "source": "KML conversion",
        "source_file": "data/kml/final/akakus.kml",
        "source_record": 120,
        "data_status": "provisional",
        "publication_status": "published",
        "geometry_status": "valid",
        "image_review_status": "institutionally_approved_pending_visual_verification",
        "image_publication_status": "provisional_publication_candidate",
        "image_link_status": "runtime_linked_pending_visual_verification",
        "image_rights_status": "institutional_publication_approval",
        "image_governance_version": "runtime_linkage_phase_v1"
      },
      "geometry": {
        "type": "Point",
        "coordinates": [
          10.329763,
          25.015363
        ]
      }
    },
    {
      "type": "Feature",
      "id": "LY-AKA-000122",
      "properties": {
        "id": "LY-AKA-000122",
        "name_ar": "موقع فن صخري",
        "name_en": "موقع فن صخري",
        "layer_id": "akakus",
        "category": "أكاكوس",
        "source": "KML conversion",
        "source_file": "data/kml/final/akakus.kml",
        "source_record": 121,
        "data_status": "provisional",
        "publication_status": "published",
        "geometry_status": "valid",
        "image_review_status": "institutionally_approved_pending_visual_verification",
        "image_publication_status": "provisional_publication_candidate",
        "image_link_status": "runtime_linked_pending_visual_verification",
        "image_rights_status": "institutional_publication_approval",
        "image_governance_version": "runtime_linkage_phase_v1"
      },
      "geometry": {
        "type": "Point",
        "coordinates": [
          10.595863,
          25.266652
        ]
      }
    },
    {
      "type": "Feature",
      "id": "LY-AKA-000123",
      "properties": {
        "id": "LY-AKA-000123",
        "name_ar": "موقع فن صخري",
        "name_en": "موقع فن صخري",
        "layer_id": "akakus",
        "category": "أكاكوس",
        "source": "KML conversion",
        "source_file": "data/kml/final/akakus.kml",
        "source_record": 122,
        "data_status": "provisional",
        "publication_status": "published",
        "geometry_status": "valid",
        "image_review_status": "institutionally_approved_pending_visual_verification",
        "image_publication_status": "provisional_publication_candidate",
        "image_link_status": "runtime_linked_pending_visual_verification",
        "image_rights_status": "institutional_publication_approval",
        "image_governance_version": "runtime_linkage_phase_v1"
      },
      "geometry": {
        "type": "Point",
        "coordinates": [
          10.581232,
          25.286949
        ]
      }
    },
    {
      "type": "Feature",
      "id": "LY-AKA-000124",
      "properties": {
        "id": "LY-AKA-000124",
        "name_ar": "موقع فن صخري",
        "name_en": "موقع فن صخري",
        "layer_id": "akakus",
        "category": "أكاكوس",
        "source": "KML conversion",
        "source_file": "data/kml/final/akakus.kml",
        "source_record": 123,
        "data_status": "provisional",
        "publication_status": "published",
        "geometry_status": "valid",
        "image_review_status": "institutionally_approved_pending_visual_verification",
        "image_publication_status": "provisional_publication_candidate",
        "image_link_status": "runtime_linked_pending_visual_verification",
        "image_rights_status": "institutional_publication_approval",
        "image_governance_version": "runtime_linkage_phase_v1"
      },
      "geometry": {
        "type": "Point",
        "coordinates": [
          10.526397,
          25.334942
        ]
      }
    },
    {
      "type": "Feature",
      "id": "LY-AKA-000125",
      "properties": {
        "id": "LY-AKA-000125",
        "name_ar": "موقع فن صخري تين الشيخ",
        "name_en": "موقع فن صخري تين الشيخ",
        "layer_id": "akakus",
        "category": "أكاكوس",
        "source": "KML conversion",
        "source_file": "data/kml/final/akakus.kml",
        "source_record": 124,
        "data_status": "provisional",
        "publication_status": "published",
        "geometry_status": "valid",
        "image_review_status": "institutionally_approved_pending_visual_verification",
        "image_publication_status": "provisional_publication_candidate",
        "image_link_status": "runtime_linked_pending_visual_verification",
        "image_rights_status": "institutional_publication_approval",
        "image_governance_version": "runtime_linkage_phase_v1"
      },
      "geometry": {
        "type": "Point",
        "coordinates": [
          10.51573,
          24.958082
        ]
      }
    },
    {
      "type": "Feature",
      "id": "LY-AKA-000126",
      "properties": {
        "id": "LY-AKA-000126",
        "name_ar": "موقع فن صخري",
        "name_en": "موقع فن صخري",
        "layer_id": "akakus",
        "category": "أكاكوس",
        "source": "KML conversion",
        "source_file": "data/kml/final/akakus.kml",
        "source_record": 125,
        "data_status": "provisional",
        "publication_status": "published",
        "geometry_status": "valid",
        "image_review_status": "institutionally_approved_pending_visual_verification",
        "image_publication_status": "provisional_publication_candidate",
        "image_link_status": "runtime_linked_pending_visual_verification",
        "image_rights_status": "institutional_publication_approval",
        "image_governance_version": "runtime_linkage_phase_v1"
      },
      "geometry": {
        "type": "Point",
        "coordinates": [
          10.645977,
          24.919298
        ]
      }
    },
    {
      "type": "Feature",
      "id": "LY-AKA-000127",
      "properties": {
        "id": "LY-AKA-000127",
        "name_ar": "قلعة كوكمنت",
        "name_en": "قلعة كوكمنت",
        "layer_id": "akakus",
        "category": "أكاكوس",
        "source": "KML conversion",
        "source_file": "data/kml/final/akakus.kml",
        "source_record": 126,
        "data_status": "provisional",
        "publication_status": "published",
        "geometry_status": "valid",
        "image_review_status": "institutionally_approved_pending_visual_verification",
        "image_publication_status": "provisional_publication_candidate",
        "image_link_status": "runtime_linked_pending_visual_verification",
        "image_rights_status": "institutional_publication_approval",
        "image_governance_version": "runtime_linkage_phase_v1"
      },
      "geometry": {
        "type": "Point",
        "coordinates": [
          10.18052,
          24.96695
        ]
      }
    },
    {
      "type": "Feature",
      "id": "LY-AKA-000128",
      "properties": {
        "id": "LY-AKA-000128",
        "name_ar": "موقع فن صخري",
        "name_en": "موقع فن صخري",
        "layer_id": "akakus",
        "category": "أكاكوس",
        "source": "KML conversion",
        "source_file": "data/kml/final/akakus.kml",
        "source_record": 127,
        "data_status": "provisional",
        "publication_status": "published",
        "geometry_status": "valid",
        "image_review_status": "institutionally_approved_pending_visual_verification",
        "image_publication_status": "provisional_publication_candidate",
        "image_link_status": "runtime_linked_pending_visual_verification",
        "image_rights_status": "institutional_publication_approval",
        "image_governance_version": "runtime_linkage_phase_v1"
      },
      "geometry": {
        "type": "Point",
        "coordinates": [
          10.536291,
          25.3266
        ]
      }
    },
    {
      "type": "Feature",
      "id": "LY-AKA-000129",
      "properties": {
        "id": "LY-AKA-000129",
        "name_ar": "موقع فن صخري",
        "name_en": "موقع فن صخري",
        "layer_id": "akakus",
        "category": "أكاكوس",
        "source": "KML conversion",
        "source_file": "data/kml/final/akakus.kml",
        "source_record": 128,
        "data_status": "provisional",
        "publication_status": "published",
        "geometry_status": "valid",
        "image_review_status": "institutionally_approved_pending_visual_verification",
        "image_publication_status": "provisional_publication_candidate",
        "image_link_status": "runtime_linked_pending_visual_verification",
        "image_rights_status": "institutional_publication_approval",
        "image_governance_version": "runtime_linkage_phase_v1"
      },
      "geometry": {
        "type": "Point",
        "coordinates": [
          10.48327,
          24.981842
        ]
      }
    },
    {
      "type": "Feature",
      "id": "LY-AKA-000130",
      "properties": {
        "id": "LY-AKA-000130",
        "name_ar": "موقع فن صخري",
        "name_en": "موقع فن صخري",
        "layer_id": "akakus",
        "category": "أكاكوس",
        "source": "KML conversion",
        "source_file": "data/kml/final/akakus.kml",
        "source_record": 129,
        "data_status": "provisional",
        "publication_status": "published",
        "geometry_status": "valid",
        "image_review_status": "institutionally_approved_pending_visual_verification",
        "image_publication_status": "provisional_publication_candidate",
        "image_link_status": "runtime_linked_pending_visual_verification",
        "image_rights_status": "institutional_publication_approval",
        "image_governance_version": "runtime_linkage_phase_v1"
      },
      "geometry": {
        "type": "Point",
        "coordinates": [
          10.549325,
          25.023916
        ]
      }
    },
    {
      "type": "Feature",
      "id": "LY-AKA-000131",
      "properties": {
        "id": "LY-AKA-000131",
        "name_ar": "موقع فن صخري",
        "name_en": "موقع فن صخري",
        "layer_id": "akakus",
        "category": "أكاكوس",
        "source": "KML conversion",
        "source_file": "data/kml/final/akakus.kml",
        "source_record": 130,
        "data_status": "provisional",
        "publication_status": "published",
        "geometry_status": "valid",
        "image_review_status": "institutionally_approved_pending_visual_verification",
        "image_publication_status": "provisional_publication_candidate",
        "image_link_status": "runtime_linked_pending_visual_verification",
        "image_rights_status": "institutional_publication_approval",
        "image_governance_version": "runtime_linkage_phase_v1"
      },
      "geometry": {
        "type": "Point",
        "coordinates": [
          10.603027,
          25.520186
        ]
      }
    },
    {
      "type": "Feature",
      "id": "LY-AKA-000132",
      "properties": {
        "id": "LY-AKA-000132",
        "name_ar": "موقع فن صخري",
        "name_en": "موقع فن صخري",
        "layer_id": "akakus",
        "category": "أكاكوس",
        "source": "KML conversion",
        "source_file": "data/kml/final/akakus.kml",
        "source_record": 131,
        "data_status": "provisional",
        "publication_status": "published",
        "geometry_status": "valid",
        "image_review_status": "institutionally_approved_pending_visual_verification",
        "image_publication_status": "provisional_publication_candidate",
        "image_link_status": "runtime_linked_pending_visual_verification",
        "image_rights_status": "institutional_publication_approval",
        "image_governance_version": "runtime_linkage_phase_v1"
      },
      "geometry": {
        "type": "Point",
        "coordinates": [
          10.603824,
          25.520984
        ]
      }
    },
    {
      "type": "Feature",
      "id": "LY-AKA-000133",
      "properties": {
        "id": "LY-AKA-000133",
        "name_ar": "موقع فن صخري وادي تيسبت",
        "name_en": "موقع فن صخري وادي تيسبت",
        "layer_id": "akakus",
        "category": "أكاكوس",
        "source": "KML conversion",
        "source_file": "data/kml/final/akakus.kml",
        "source_record": 132,
        "data_status": "provisional",
        "publication_status": "published",
        "geometry_status": "valid",
        "image_review_status": "institutionally_approved_pending_visual_verification",
        "image_publication_status": "provisional_publication_candidate",
        "image_link_status": "runtime_linked_pending_visual_verification",
        "image_rights_status": "institutional_publication_approval",
        "image_governance_version": "runtime_linkage_phase_v1"
      },
      "geometry": {
        "type": "Point",
        "coordinates": [
          10.522067,
          25.333376
        ]
      }
    },
    {
      "type": "Feature",
      "id": "LY-AKA-000134",
      "properties": {
        "id": "LY-AKA-000134",
        "name_ar": "موقع فن صخري",
        "name_en": "موقع فن صخري",
        "layer_id": "akakus",
        "category": "أكاكوس",
        "source": "KML conversion",
        "source_file": "data/kml/final/akakus.kml",
        "source_record": 133,
        "data_status": "provisional",
        "publication_status": "published",
        "geometry_status": "valid",
        "image_review_status": "institutionally_approved_pending_visual_verification",
        "image_publication_status": "provisional_publication_candidate",
        "image_link_status": "runtime_linked_pending_visual_verification",
        "image_rights_status": "institutional_publication_approval",
        "image_governance_version": "runtime_linkage_phase_v1"
      },
      "geometry": {
        "type": "Point",
        "coordinates": [
          10.476111,
          24.982528
        ]
      }
    },
    {
      "type": "Feature",
      "id": "LY-AKA-000135",
      "properties": {
        "id": "LY-AKA-000135",
        "name_ar": "موقع فن صخري",
        "name_en": "موقع فن صخري",
        "layer_id": "akakus",
        "category": "أكاكوس",
        "source": "KML conversion",
        "source_file": "data/kml/final/akakus.kml",
        "source_record": 134,
        "data_status": "provisional",
        "publication_status": "published",
        "geometry_status": "valid",
        "image_review_status": "institutionally_approved_pending_visual_verification",
        "image_publication_status": "provisional_publication_candidate",
        "image_link_status": "runtime_linked_pending_visual_verification",
        "image_rights_status": "institutional_publication_approval",
        "image_governance_version": "runtime_linkage_phase_v1"
      },
      "geometry": {
        "type": "Point",
        "coordinates": [
          10.515686,
          25.355281
        ]
      }
    },
    {
      "type": "Feature",
      "id": "LY-AKA-000136",
      "properties": {
        "id": "LY-AKA-000136",
        "name_ar": "القلعة الايطالية",
        "name_en": "القلعة الايطالية",
        "layer_id": "akakus",
        "category": "أكاكوس",
        "source": "KML conversion",
        "source_file": "data/kml/final/akakus.kml",
        "source_record": 135,
        "data_status": "provisional",
        "publication_status": "published",
        "geometry_status": "valid",
        "image_review_status": "institutionally_approved_pending_visual_verification",
        "image_publication_status": "provisional_publication_candidate",
        "image_link_status": "runtime_linked_pending_visual_verification",
        "image_rights_status": "institutional_publication_approval",
        "image_governance_version": "runtime_linkage_phase_v1"
      },
      "geometry": {
        "type": "Point",
        "coordinates": [
          10.17706,
          24.96497
        ]
      }
    },
    {
      "type": "Feature",
      "id": "LY-AKA-000137",
      "properties": {
        "id": "LY-AKA-000137",
        "name_ar": "القلعة الفرنسية",
        "name_en": "القلعة الفرنسية",
        "layer_id": "akakus",
        "category": "أكاكوس",
        "source": "KML conversion",
        "source_file": "data/kml/final/akakus.kml",
        "source_record": 136,
        "data_status": "provisional",
        "publication_status": "published",
        "geometry_status": "valid",
        "image_review_status": "institutionally_approved_pending_visual_verification",
        "image_publication_status": "provisional_publication_candidate",
        "image_link_status": "runtime_linked_pending_visual_verification",
        "image_rights_status": "institutional_publication_approval",
        "image_governance_version": "runtime_linkage_phase_v1"
      },
      "geometry": {
        "type": "Point",
        "coordinates": [
          10.56405,
          25.77872
        ]
      }
    },
    {
      "type": "Feature",
      "id": "LY-AKA-000138",
      "properties": {
        "id": "LY-AKA-000138",
        "name_ar": "جامع أغرم العتيق",
        "name_en": "جامع أغرم العتيق",
        "layer_id": "akakus",
        "category": "أكاكوس",
        "source": "KML conversion",
        "source_file": "data/kml/final/akakus.kml",
        "source_record": 137,
        "data_status": "provisional",
        "publication_status": "published",
        "geometry_status": "valid",
        "image_review_status": "institutionally_approved_pending_visual_verification",
        "image_publication_status": "provisional_publication_candidate",
        "image_link_status": "runtime_linked_pending_visual_verification",
        "image_rights_status": "institutional_publication_approval",
        "image_governance_version": "runtime_linkage_phase_v1"
      },
      "geometry": {
        "type": "Point",
        "coordinates": [
          10.56635,
          25.7794
        ]
      }
    },
    {
      "type": "Feature",
      "id": "LY-AKA-000139",
      "properties": {
        "id": "LY-AKA-000139",
        "name_ar": "حصن آغرم نظاريف",
        "name_en": "حصن آغرم نظاريف",
        "layer_id": "akakus",
        "category": "أكاكوس",
        "source": "KML conversion",
        "source_file": "data/kml/final/akakus.kml",
        "source_record": 138,
        "data_status": "provisional",
        "publication_status": "published",
        "geometry_status": "valid",
        "image_review_status": "institutionally_approved_pending_visual_verification",
        "image_publication_status": "provisional_publication_candidate",
        "image_link_status": "runtime_linked_pending_visual_verification",
        "image_rights_status": "institutional_publication_approval",
        "image_governance_version": "runtime_linkage_phase_v1"
      },
      "geometry": {
        "type": "Point",
        "coordinates": [
          10.20214,
          24.88365
        ]
      }
    },
    {
      "type": "Feature",
      "id": "LY-AKA-000140",
      "properties": {
        "id": "LY-AKA-000140",
        "name_ar": "موقع جرمنتي - تين أفلا",
        "name_en": "موقع جرمنتي - تين أفلا",
        "layer_id": "akakus",
        "category": "أكاكوس",
        "source": "KML conversion",
        "source_file": "data/kml/final/akakus.kml",
        "source_record": 139,
        "data_status": "provisional",
        "publication_status": "published",
        "geometry_status": "valid",
        "image_review_status": "institutionally_approved_pending_visual_verification",
        "image_publication_status": "provisional_publication_candidate",
        "image_link_status": "runtime_linked_pending_visual_verification",
        "image_rights_status": "institutional_publication_approval",
        "image_governance_version": "runtime_linkage_phase_v1"
      },
      "geometry": {
        "type": "Point",
        "coordinates": [
          10.07945,
          24.94937
        ]
      }
    },
    {
      "type": "Feature",
      "id": "LY-AKA-000141",
      "properties": {
        "id": "LY-AKA-000141",
        "name_ar": "مدافن جرمنتية",
        "name_en": "مدافن جرمنتية",
        "layer_id": "akakus",
        "category": "أكاكوس",
        "source": "KML conversion",
        "source_file": "data/kml/final/akakus.kml",
        "source_record": 140,
        "data_status": "provisional",
        "publication_status": "published",
        "geometry_status": "valid",
        "image_review_status": "institutionally_approved_pending_visual_verification",
        "image_publication_status": "provisional_publication_candidate",
        "image_link_status": "runtime_linked_pending_visual_verification",
        "image_rights_status": "institutional_publication_approval",
        "image_governance_version": "runtime_linkage_phase_v1"
      },
      "geometry": {
        "type": "Point",
        "coordinates": [
          10.20755,
          24.88722
        ]
      }
    },
    {
      "type": "Feature",
      "id": "LY-AKA-000142",
      "properties": {
        "id": "LY-AKA-000142",
        "name_ar": "مدافن أثرية",
        "name_en": "مدافن أثرية",
        "layer_id": "akakus",
        "category": "أكاكوس",
        "source": "KML conversion",
        "source_file": "data/kml/final/akakus.kml",
        "source_record": 141,
        "data_status": "provisional",
        "publication_status": "published",
        "geometry_status": "valid",
        "image_review_status": "institutionally_approved_pending_visual_verification",
        "image_publication_status": "provisional_publication_candidate",
        "image_link_status": "runtime_linked_pending_visual_verification",
        "image_rights_status": "institutional_publication_approval",
        "image_governance_version": "runtime_linkage_phase_v1"
      },
      "geometry": {
        "type": "Point",
        "coordinates": [
          11.00139,
          25.42642
        ]
      }
    },
    {
      "type": "Feature",
      "id": "LY-AKA-000143",
      "properties": {
        "id": "LY-AKA-000143",
        "name_ar": "مدافن حجرية",
        "name_en": "مدافن حجرية",
        "layer_id": "akakus",
        "category": "أكاكوس",
        "source": "KML conversion",
        "source_file": "data/kml/final/akakus.kml",
        "source_record": 142,
        "data_status": "provisional",
        "publication_status": "published",
        "geometry_status": "valid",
        "image_review_status": "institutionally_approved_pending_visual_verification",
        "image_publication_status": "provisional_publication_candidate",
        "image_link_status": "runtime_linked_pending_visual_verification",
        "image_rights_status": "institutional_publication_approval",
        "image_governance_version": "runtime_linkage_phase_v1"
      },
      "geometry": {
        "type": "Point",
        "coordinates": [
          11.003034,
          25.425717
        ]
      }
    },
    {
      "type": "Feature",
      "id": "LY-AKA-000144",
      "properties": {
        "id": "LY-AKA-000144",
        "name_ar": "مساك مللت",
        "name_en": "مساك مللت",
        "layer_id": "akakus",
        "category": "أكاكوس",
        "source": "KML conversion",
        "source_file": "data/kml/final/akakus.kml",
        "source_record": 143,
        "data_status": "provisional",
        "publication_status": "published",
        "geometry_status": "valid",
        "image_review_status": "institutionally_approved_pending_visual_verification",
        "image_publication_status": "provisional_publication_candidate",
        "image_link_status": "runtime_linked_pending_visual_verification",
        "image_rights_status": "institutional_publication_approval",
        "image_governance_version": "runtime_linkage_phase_v1"
      },
      "geometry": {
        "type": "Point",
        "coordinates": [
          11.531693,
          24.46094
        ]
      }
    },
    {
      "type": "Feature",
      "id": "LY-AKA-000145",
      "properties": {
        "id": "LY-AKA-000145",
        "name_ar": "البركت",
        "name_en": "البركت",
        "layer_id": "akakus",
        "category": "أكاكوس",
        "source": "KML conversion",
        "source_file": "data/kml/final/akakus.kml",
        "source_record": 144,
        "data_status": "provisional",
        "publication_status": "published",
        "geometry_status": "valid",
        "image_review_status": "institutionally_approved_pending_visual_verification",
        "image_publication_status": "provisional_publication_candidate",
        "image_link_status": "runtime_linked_pending_visual_verification",
        "image_rights_status": "institutional_publication_approval",
        "image_governance_version": "runtime_linkage_phase_v1"
      },
      "geometry": {
        "type": "Point",
        "coordinates": [
          10.181487,
          24.887673
        ]
      }
    },
    {
      "type": "Feature",
      "id": "LY-AKA-000146",
      "properties": {
        "id": "LY-AKA-000146",
        "name_ar": "مخيم الفيوت",
        "name_en": "مخيم الفيوت",
        "layer_id": "akakus",
        "category": "أكاكوس",
        "source": "KML conversion",
        "source_file": "data/kml/final/akakus.kml",
        "source_record": 145,
        "data_status": "provisional",
        "publication_status": "published",
        "geometry_status": "valid",
        "image_review_status": "institutionally_approved_pending_visual_verification",
        "image_publication_status": "provisional_publication_candidate",
        "image_link_status": "runtime_linked_pending_visual_verification",
        "image_rights_status": "institutional_publication_approval",
        "image_governance_version": "runtime_linkage_phase_v1"
      },
      "geometry": {
        "type": "Point",
        "coordinates": [
          10.082024,
          24.945741
        ]
      }
    },
    {
      "type": "Feature",
      "id": "LY-AKA-000147",
      "properties": {
        "id": "LY-AKA-000147",
        "name_ar": "فندق تاسيلي",
        "name_en": "فندق تاسيلي",
        "layer_id": "akakus",
        "category": "أكاكوس",
        "source": "KML conversion",
        "source_file": "data/kml/final/akakus.kml",
        "source_record": 146,
        "data_status": "provisional",
        "publication_status": "published",
        "geometry_status": "valid",
        "image_review_status": "institutionally_approved_pending_visual_verification",
        "image_publication_status": "provisional_publication_candidate",
        "image_link_status": "runtime_linked_pending_visual_verification",
        "image_rights_status": "institutional_publication_approval",
        "image_governance_version": "runtime_linkage_phase_v1"
      },
      "geometry": {
        "type": "Point",
        "coordinates": [
          10.174318,
          24.961389
        ]
      }
    },
    {
      "type": "Feature",
      "id": "LY-AKA-000148",
      "properties": {
        "id": "LY-AKA-000148",
        "name_ar": "ايسين",
        "name_en": "ايسين",
        "layer_id": "akakus",
        "category": "أكاكوس",
        "source": "KML conversion",
        "source_file": "data/kml/final/akakus.kml",
        "source_record": 147,
        "data_status": "provisional",
        "publication_status": "published",
        "geometry_status": "valid",
        "image_review_status": "institutionally_approved_pending_visual_verification",
        "image_publication_status": "provisional_publication_candidate",
        "image_link_status": "runtime_linked_pending_visual_verification",
        "image_rights_status": "institutional_publication_approval",
        "image_governance_version": "runtime_linkage_phase_v1",
        "local_images": [
          "assets/images/akakus/akakus-LY-AKAKUS-00148-01.png",
          "assets/images/akakus/akakus-LY-AKAKUS-00148-01.webp"
        ],
        "gallery_images": [
          "assets/images/akakus/akakus-LY-AKAKUS-00148-01.png",
          "assets/images/akakus/akakus-LY-AKAKUS-00148-01.webp"
        ],
        "image_count": 2,
        "primary_image": "assets/images/akakus/akakus-LY-AKAKUS-00148-01.png",
        "layer_assignment_status": "user_curated_confirmed",
        "institutional_display_authorization": "approved",
        "rights_status": "unknown",
        "image_source_credit": "unknown"
      },
      "geometry": {
        "type": "Point",
        "coordinates": [
          10.21364,
          24.78679
        ]
      }
    },
    {
      "type": "Feature",
      "id": "LY-AKA-000149",
      "properties": {
        "id": "LY-AKA-000149",
        "name_ar": "مخيم آناي",
        "name_en": "مخيم آناي",
        "layer_id": "akakus",
        "category": "أكاكوس",
        "source": "KML conversion",
        "source_file": "data/kml/final/akakus.kml",
        "source_record": 148,
        "data_status": "provisional",
        "publication_status": "published",
        "geometry_status": "valid",
        "image_review_status": "institutionally_approved_pending_visual_verification",
        "image_publication_status": "provisional_publication_candidate",
        "image_link_status": "runtime_linked_pending_visual_verification",
        "image_rights_status": "institutional_publication_approval",
        "image_governance_version": "runtime_linkage_phase_v1"
      },
      "geometry": {
        "type": "Point",
        "coordinates": [
          10.20712,
          24.97157
        ]
      }
    },
    {
      "type": "Feature",
      "id": "LY-AKA-000150",
      "properties": {
        "id": "LY-AKA-000150",
        "name_ar": "موقع مخيم ازيل سنة 2006",
        "name_en": "موقع مخيم ازيل سنة 2006",
        "layer_id": "akakus",
        "category": "أكاكوس",
        "source": "KML conversion",
        "source_file": "data/kml/final/akakus.kml",
        "source_record": 149,
        "data_status": "provisional",
        "publication_status": "published",
        "geometry_status": "valid",
        "image_review_status": "institutionally_approved_pending_visual_verification",
        "image_publication_status": "provisional_publication_candidate",
        "image_link_status": "runtime_linked_pending_visual_verification",
        "image_rights_status": "institutional_publication_approval",
        "image_governance_version": "runtime_linkage_phase_v1"
      },
      "geometry": {
        "type": "Point",
        "coordinates": [
          10.567235,
          25.54071
        ]
      }
    },
    {
      "type": "Feature",
      "id": "LY-AKA-000151",
      "properties": {
        "id": "LY-AKA-000151",
        "name_ar": "محطة تزود بالوقود",
        "name_en": "محطة تزود بالوقود",
        "layer_id": "akakus",
        "category": "أكاكوس",
        "source": "KML conversion",
        "source_file": "data/kml/final/akakus.kml",
        "source_record": 150,
        "data_status": "provisional",
        "publication_status": "published",
        "geometry_status": "valid",
        "image_review_status": "institutionally_approved_pending_visual_verification",
        "image_publication_status": "provisional_publication_candidate",
        "image_link_status": "runtime_linked_pending_visual_verification",
        "image_rights_status": "institutional_publication_approval",
        "image_governance_version": "runtime_linkage_phase_v1"
      },
      "geometry": {
        "type": "Point",
        "coordinates": [
          10.18744,
          24.97892
        ]
      }
    },
    {
      "type": "Feature",
      "id": "LY-AKA-000152",
      "properties": {
        "id": "LY-AKA-000152",
        "name_ar": "محطة تزود بالوقود",
        "name_en": "محطة تزود بالوقود",
        "layer_id": "akakus",
        "category": "أكاكوس",
        "source": "KML conversion",
        "source_file": "data/kml/final/akakus.kml",
        "source_record": 151,
        "data_status": "provisional",
        "publication_status": "published",
        "geometry_status": "valid",
        "image_review_status": "institutionally_approved_pending_visual_verification",
        "image_publication_status": "provisional_publication_candidate",
        "image_link_status": "runtime_linked_pending_visual_verification",
        "image_rights_status": "institutional_publication_approval",
        "image_governance_version": "runtime_linkage_phase_v1"
      },
      "geometry": {
        "type": "Point",
        "coordinates": [
          10.18584,
          24.89893
        ]
      }
    },
    {
      "type": "Feature",
      "id": "LY-AKA-000153",
      "properties": {
        "id": "LY-AKA-000153",
        "name_ar": "بحيرة اجراجر",
        "name_en": "بحيرة اجراجر",
        "layer_id": "akakus",
        "category": "أكاكوس",
        "source": "KML conversion",
        "source_file": "data/kml/final/akakus.kml",
        "source_record": 152,
        "data_status": "provisional",
        "publication_status": "published",
        "geometry_status": "valid",
        "image_review_status": "institutionally_approved_pending_visual_verification",
        "image_publication_status": "provisional_publication_candidate",
        "image_link_status": "runtime_linked_pending_visual_verification",
        "image_rights_status": "institutional_publication_approval",
        "image_governance_version": "runtime_linkage_phase_v1"
      },
      "geometry": {
        "type": "Point",
        "coordinates": [
          10.15694,
          24.7712
        ]
      }
    },
    {
      "type": "Feature",
      "id": "LY-AKA-000154",
      "properties": {
        "id": "LY-AKA-000154",
        "name_ar": "المركز الصحي الفيوت",
        "name_en": "المركز الصحي الفيوت",
        "layer_id": "akakus",
        "category": "أكاكوس",
        "source": "KML conversion",
        "source_file": "data/kml/final/akakus.kml",
        "source_record": 153,
        "data_status": "provisional",
        "publication_status": "published",
        "geometry_status": "valid",
        "image_review_status": "institutionally_approved_pending_visual_verification",
        "image_publication_status": "provisional_publication_candidate",
        "image_link_status": "runtime_linked_pending_visual_verification",
        "image_rights_status": "institutional_publication_approval",
        "image_governance_version": "runtime_linkage_phase_v1"
      },
      "geometry": {
        "type": "Point",
        "coordinates": [
          10.082,
          24.95092
        ]
      }
    },
    {
      "type": "Feature",
      "id": "LY-AKA-000155",
      "properties": {
        "id": "LY-AKA-000155",
        "name_ar": "الفيوت",
        "name_en": "الفيوت",
        "layer_id": "akakus",
        "category": "أكاكوس",
        "source": "KML conversion",
        "source_file": "data/kml/final/akakus.kml",
        "source_record": 154,
        "data_status": "provisional",
        "publication_status": "published",
        "geometry_status": "valid",
        "image_review_status": "institutionally_approved_pending_visual_verification",
        "image_publication_status": "provisional_publication_candidate",
        "image_link_status": "runtime_linked_pending_visual_verification",
        "image_rights_status": "institutional_publication_approval",
        "image_governance_version": "runtime_linkage_phase_v1",
        "primary_image_candidate": "assets/media/LIBYA/heritage/LY-AKA-000155/LY-AKA-000155__primary__01__8E93DA77F5A1__web-medium.webp",
        "thumbnail_image_candidate": "assets/media/LIBYA/heritage/LY-AKA-000155/LY-AKA-000155__primary__01__8E93DA77F5A1__thumbnail.webp",
        "gallery_image_candidates": "assets/media/LIBYA/heritage/LY-AKA-000155/LY-AKA-000155__primary__01__8E93DA77F5A1__web-medium.webp",
        "gallery_image_candidate_ids": [
          "IMG-E9D68E93DA77F5A1"
        ],
        "gallery_candidate_roles": [
          "primary"
        ],
        "image_candidate_count": 1,
        "image_display_status": "provisional",
        "local_images": [
          "assets/images/akakus/akakus-LY-AKAKUS-00155-01.png",
          "assets/images/akakus/akakus-LY-AKAKUS-00155-01.webp"
        ],
        "gallery_images": [
          "assets/images/akakus/akakus-LY-AKAKUS-00155-01.png",
          "assets/images/akakus/akakus-LY-AKAKUS-00155-01.webp"
        ],
        "image_count": 2,
        "primary_image": "assets/images/akakus/akakus-LY-AKAKUS-00155-01.png",
        "layer_assignment_status": "user_curated_confirmed",
        "institutional_display_authorization": "approved",
        "rights_status": "unknown",
        "image_source_credit": "unknown"
      },
      "geometry": {
        "type": "Point",
        "coordinates": [
          10.08332,
          24.950106
        ]
      }
    },
    {
      "type": "Feature",
      "id": "LY-AKA-000156",
      "properties": {
        "id": "LY-AKA-000156",
        "name_ar": "غات",
        "name_en": "غات",
        "layer_id": "akakus",
        "category": "أكاكوس",
        "source": "KML conversion",
        "source_file": "data/kml/final/akakus.kml",
        "source_record": 155,
        "data_status": "provisional",
        "publication_status": "published",
        "geometry_status": "valid",
        "image_review_status": "institutionally_approved_pending_visual_verification",
        "image_publication_status": "provisional_publication_candidate",
        "image_link_status": "runtime_linked_pending_visual_verification",
        "image_rights_status": "institutional_publication_approval",
        "image_governance_version": "runtime_linkage_phase_v1",
        "primary_image_candidate": "assets/media/LIBYA/heritage/LY-AKA-000156/LY-AKA-000156__primary__01__EF0B47BCE1DA__web-medium.webp",
        "thumbnail_image_candidate": "assets/media/LIBYA/heritage/LY-AKA-000156/LY-AKA-000156__primary__01__EF0B47BCE1DA__thumbnail.webp",
        "gallery_image_candidates": "assets/media/LIBYA/heritage/LY-AKA-000156/LY-AKA-000156__primary__01__EF0B47BCE1DA__web-medium.webp",
        "gallery_image_candidate_ids": [
          "IMG-3795EF0B47BCE1DA"
        ],
        "gallery_candidate_roles": [
          "primary"
        ],
        "image_candidate_count": 1,
        "image_display_status": "provisional",
        "local_images": [
          "assets/images/akakus/akakus-LY-AKAKUS-00156-01.png",
          "assets/images/akakus/akakus-LY-AKAKUS-00156-01.webp"
        ],
        "gallery_images": [
          "assets/images/akakus/akakus-LY-AKAKUS-00156-01.png",
          "assets/images/akakus/akakus-LY-AKAKUS-00156-01.webp"
        ],
        "image_count": 2,
        "primary_image": "assets/images/akakus/akakus-LY-AKAKUS-00156-01.png",
        "layer_assignment_status": "user_curated_confirmed",
        "institutional_display_authorization": "approved",
        "rights_status": "unknown",
        "image_source_credit": "unknown"
      },
      "geometry": {
        "type": "Point",
        "coordinates": [
          10.180169,
          24.962304
        ]
      }
    },
    {
      "type": "Feature",
      "id": "LY-AKA-000157",
      "properties": {
        "id": "LY-AKA-000157",
        "name_ar": "مخيم رفاق الصحراء",
        "name_en": "مخيم رفاق الصحراء",
        "layer_id": "akakus",
        "category": "أكاكوس",
        "source": "KML conversion",
        "source_file": "data/kml/final/akakus.kml",
        "source_record": 156,
        "data_status": "provisional",
        "publication_status": "published",
        "geometry_status": "valid",
        "image_review_status": "institutionally_approved_pending_visual_verification",
        "image_publication_status": "provisional_publication_candidate",
        "image_link_status": "runtime_linked_pending_visual_verification",
        "image_rights_status": "institutional_publication_approval",
        "image_governance_version": "runtime_linkage_phase_v1"
      },
      "geometry": {
        "type": "Point",
        "coordinates": [
          10.186142,
          24.987479
        ]
      }
    },
    {
      "type": "Feature",
      "id": "LY-AKA-000158",
      "properties": {
        "id": "LY-AKA-000158",
        "name_ar": "بيوت الشباب غات",
        "name_en": "بيوت الشباب غات",
        "layer_id": "akakus",
        "category": "أكاكوس",
        "source": "KML conversion",
        "source_file": "data/kml/final/akakus.kml",
        "source_record": 157,
        "data_status": "provisional",
        "publication_status": "published",
        "geometry_status": "valid",
        "image_review_status": "institutionally_approved_pending_visual_verification",
        "image_publication_status": "provisional_publication_candidate",
        "image_link_status": "runtime_linked_pending_visual_verification",
        "image_rights_status": "institutional_publication_approval",
        "image_governance_version": "runtime_linkage_phase_v1"
      },
      "geometry": {
        "type": "Point",
        "coordinates": [
          10.18331,
          24.95593
        ]
      }
    },
    {
      "type": "Feature",
      "id": "LY-AKA-000159",
      "properties": {
        "id": "LY-AKA-000159",
        "name_ar": "المدينة الرياضية - غات",
        "name_en": "المدينة الرياضية - غات",
        "layer_id": "akakus",
        "category": "أكاكوس",
        "source": "KML conversion",
        "source_file": "data/kml/final/akakus.kml",
        "source_record": 158,
        "data_status": "provisional",
        "publication_status": "published",
        "geometry_status": "valid",
        "image_review_status": "institutionally_approved_pending_visual_verification",
        "image_publication_status": "provisional_publication_candidate",
        "image_link_status": "runtime_linked_pending_visual_verification",
        "image_rights_status": "institutional_publication_approval",
        "image_governance_version": "runtime_linkage_phase_v1"
      },
      "geometry": {
        "type": "Point",
        "coordinates": [
          10.18494,
          24.95506
        ]
      }
    },
    {
      "type": "Feature",
      "id": "LY-AKA-000160",
      "properties": {
        "id": "LY-AKA-000160",
        "name_ar": "مصرف شمال افريقيا",
        "name_en": "مصرف شمال افريقيا",
        "layer_id": "akakus",
        "category": "أكاكوس",
        "source": "KML conversion",
        "source_file": "data/kml/final/akakus.kml",
        "source_record": 159,
        "data_status": "provisional",
        "publication_status": "published",
        "geometry_status": "valid",
        "image_review_status": "institutionally_approved_pending_visual_verification",
        "image_publication_status": "provisional_publication_candidate",
        "image_link_status": "runtime_linked_pending_visual_verification",
        "image_rights_status": "institutional_publication_approval",
        "image_governance_version": "runtime_linkage_phase_v1",
        "local_images": [
          "assets/images/akakus/akakus-LY-AKAKUS-00160-01.png",
          "assets/images/akakus/akakus-LY-AKAKUS-00160-01.webp"
        ],
        "gallery_images": [
          "assets/images/akakus/akakus-LY-AKAKUS-00160-01.png",
          "assets/images/akakus/akakus-LY-AKAKUS-00160-01.webp"
        ],
        "image_count": 2,
        "primary_image": "assets/images/akakus/akakus-LY-AKAKUS-00160-01.png",
        "layer_assignment_status": "user_curated_confirmed",
        "institutional_display_authorization": "approved",
        "rights_status": "unknown",
        "image_source_credit": "unknown"
      },
      "geometry": {
        "type": "Point",
        "coordinates": [
          10.176711,
          24.96561
        ]
      }
    },
    {
      "type": "Feature",
      "id": "LY-AKA-000161",
      "properties": {
        "id": "LY-AKA-000161",
        "name_ar": "فندق الواحة",
        "name_en": "فندق الواحة",
        "layer_id": "akakus",
        "category": "أكاكوس",
        "source": "KML conversion",
        "source_file": "data/kml/final/akakus.kml",
        "source_record": 160,
        "data_status": "provisional",
        "publication_status": "published",
        "geometry_status": "valid",
        "image_review_status": "institutionally_approved_pending_visual_verification",
        "image_publication_status": "provisional_publication_candidate",
        "image_link_status": "runtime_linked_pending_visual_verification",
        "image_rights_status": "institutional_publication_approval",
        "image_governance_version": "runtime_linkage_phase_v1"
      },
      "geometry": {
        "type": "Point",
        "coordinates": [
          10.17682,
          24.96402
        ]
      }
    },
    {
      "type": "Feature",
      "id": "LY-AKA-000162",
      "properties": {
        "id": "LY-AKA-000162",
        "name_ar": "موقع مخيم متنقل",
        "name_en": "موقع مخيم متنقل",
        "layer_id": "akakus",
        "category": "أكاكوس",
        "source": "KML conversion",
        "source_file": "data/kml/final/akakus.kml",
        "source_record": 161,
        "data_status": "provisional",
        "publication_status": "published",
        "geometry_status": "valid",
        "image_review_status": "institutionally_approved_pending_visual_verification",
        "image_publication_status": "provisional_publication_candidate",
        "image_link_status": "runtime_linked_pending_visual_verification",
        "image_rights_status": "institutional_publication_approval",
        "image_governance_version": "runtime_linkage_phase_v1"
      },
      "geometry": {
        "type": "Point",
        "coordinates": [
          10.564725,
          25.016641
        ]
      }
    },
    {
      "type": "Feature",
      "id": "LY-AKA-000163",
      "properties": {
        "id": "LY-AKA-000163",
        "name_ar": "مكتب الخطوط الجوية الليبية",
        "name_en": "مكتب الخطوط الجوية الليبية",
        "layer_id": "akakus",
        "category": "أكاكوس",
        "source": "KML conversion",
        "source_file": "data/kml/final/akakus.kml",
        "source_record": 162,
        "data_status": "provisional",
        "publication_status": "published",
        "geometry_status": "valid",
        "image_review_status": "institutionally_approved_pending_visual_verification",
        "image_publication_status": "provisional_publication_candidate",
        "image_link_status": "runtime_linked_pending_visual_verification",
        "image_rights_status": "institutional_publication_approval",
        "image_governance_version": "runtime_linkage_phase_v1"
      },
      "geometry": {
        "type": "Point",
        "coordinates": [
          10.17649,
          24.96355
        ]
      }
    },
    {
      "type": "Feature",
      "id": "LY-AKA-000164",
      "properties": {
        "id": "LY-AKA-000164",
        "name_ar": "مصرف التجاري الوطني",
        "name_en": "مصرف التجاري الوطني",
        "layer_id": "akakus",
        "category": "أكاكوس",
        "source": "KML conversion",
        "source_file": "data/kml/final/akakus.kml",
        "source_record": 163,
        "data_status": "provisional",
        "publication_status": "published",
        "geometry_status": "valid",
        "image_review_status": "institutionally_approved_pending_visual_verification",
        "image_publication_status": "provisional_publication_candidate",
        "image_link_status": "runtime_linked_pending_visual_verification",
        "image_rights_status": "institutional_publication_approval",
        "image_governance_version": "runtime_linkage_phase_v1"
      },
      "geometry": {
        "type": "Point",
        "coordinates": [
          10.17473,
          24.959536
        ]
      }
    },
    {
      "type": "Feature",
      "id": "LY-AKA-000165",
      "properties": {
        "id": "LY-AKA-000165",
        "name_ar": "مطار غات",
        "name_en": "مطار غات",
        "layer_id": "akakus",
        "category": "أكاكوس",
        "source": "KML conversion",
        "source_file": "data/kml/final/akakus.kml",
        "source_record": 164,
        "data_status": "provisional",
        "publication_status": "published",
        "geometry_status": "valid",
        "image_review_status": "institutionally_approved_pending_visual_verification",
        "image_publication_status": "provisional_publication_candidate",
        "image_link_status": "runtime_linked_pending_visual_verification",
        "image_rights_status": "institutional_publication_approval",
        "image_governance_version": "runtime_linkage_phase_v1"
      },
      "geometry": {
        "type": "Point",
        "coordinates": [
          10.1481,
          25.13689
        ]
      }
    },
    {
      "type": "Feature",
      "id": "LY-AKA-000166",
      "properties": {
        "id": "LY-AKA-000166",
        "name_ar": "محطة وقود",
        "name_en": "محطة وقود",
        "layer_id": "akakus",
        "category": "أكاكوس",
        "source": "KML conversion",
        "source_file": "data/kml/final/akakus.kml",
        "source_record": 165,
        "data_status": "provisional",
        "publication_status": "published",
        "geometry_status": "valid",
        "image_review_status": "institutionally_approved_pending_visual_verification",
        "image_publication_status": "provisional_publication_candidate",
        "image_link_status": "runtime_linked_pending_visual_verification",
        "image_rights_status": "institutional_publication_approval",
        "image_governance_version": "runtime_linkage_phase_v1"
      },
      "geometry": {
        "type": "Point",
        "coordinates": [
          10.37477,
          25.41227
        ]
      }
    },
    {
      "type": "Feature",
      "id": "LY-AKA-000167",
      "properties": {
        "id": "LY-AKA-000167",
        "name_ar": "مشروع تهالة الزراعي",
        "name_en": "مشروع تهالة الزراعي",
        "layer_id": "akakus",
        "category": "أكاكوس",
        "source": "KML conversion",
        "source_file": "data/kml/final/akakus.kml",
        "source_record": 166,
        "data_status": "provisional",
        "publication_status": "published",
        "geometry_status": "valid",
        "image_review_status": "institutionally_approved_pending_visual_verification",
        "image_publication_status": "provisional_publication_candidate",
        "image_link_status": "runtime_linked_pending_visual_verification",
        "image_rights_status": "institutional_publication_approval",
        "image_governance_version": "runtime_linkage_phase_v1"
      },
      "geometry": {
        "type": "Point",
        "coordinates": [
          10.350909,
          25.434356
        ]
      }
    },
    {
      "type": "Feature",
      "id": "LY-AKA-000168",
      "properties": {
        "id": "LY-AKA-000168",
        "name_ar": "مركز تهالة الصحي",
        "name_en": "مركز تهالة الصحي",
        "layer_id": "akakus",
        "category": "أكاكوس",
        "source": "KML conversion",
        "source_file": "data/kml/final/akakus.kml",
        "source_record": 167,
        "data_status": "provisional",
        "publication_status": "published",
        "geometry_status": "valid",
        "image_review_status": "institutionally_approved_pending_visual_verification",
        "image_publication_status": "provisional_publication_candidate",
        "image_link_status": "runtime_linked_pending_visual_verification",
        "image_rights_status": "institutional_publication_approval",
        "image_governance_version": "runtime_linkage_phase_v1"
      },
      "geometry": {
        "type": "Point",
        "coordinates": [
          10.35634,
          25.41569
        ]
      }
    },
    {
      "type": "Feature",
      "id": "LY-AKA-000169",
      "properties": {
        "id": "LY-AKA-000169",
        "name_ar": "محطة تزود بالوقود",
        "name_en": "محطة تزود بالوقود",
        "layer_id": "akakus",
        "category": "أكاكوس",
        "source": "KML conversion",
        "source_file": "data/kml/final/akakus.kml",
        "source_record": 168,
        "data_status": "provisional",
        "publication_status": "published",
        "geometry_status": "valid",
        "image_review_status": "institutionally_approved_pending_visual_verification",
        "image_publication_status": "provisional_publication_candidate",
        "image_link_status": "runtime_linked_pending_visual_verification",
        "image_rights_status": "institutional_publication_approval",
        "image_governance_version": "runtime_linkage_phase_v1"
      },
      "geometry": {
        "type": "Point",
        "coordinates": [
          10.54832,
          25.79273
        ]
      }
    },
    {
      "type": "Feature",
      "id": "LY-AKA-000170",
      "properties": {
        "id": "LY-AKA-000170",
        "name_ar": "مخيم الفاو 2 - منتزه اين أزان",
        "name_en": "مخيم الفاو 2 - منتزه اين أزان",
        "layer_id": "akakus",
        "category": "أكاكوس",
        "source": "KML conversion",
        "source_file": "data/kml/final/akakus.kml",
        "source_record": 169,
        "data_status": "provisional",
        "publication_status": "published",
        "geometry_status": "valid",
        "image_review_status": "institutionally_approved_pending_visual_verification",
        "image_publication_status": "provisional_publication_candidate",
        "image_link_status": "runtime_linked_pending_visual_verification",
        "image_rights_status": "institutional_publication_approval",
        "image_governance_version": "runtime_linkage_phase_v1"
      },
      "geometry": {
        "type": "Point",
        "coordinates": [
          10.549388,
          25.790812
        ]
      }
    },
    {
      "type": "Feature",
      "id": "LY-AKA-000171",
      "properties": {
        "id": "LY-AKA-000171",
        "name_ar": "المدينة الرياضية - العوينات",
        "name_en": "المدينة الرياضية - العوينات",
        "layer_id": "akakus",
        "category": "أكاكوس",
        "source": "KML conversion",
        "source_file": "data/kml/final/akakus.kml",
        "source_record": 170,
        "data_status": "provisional",
        "publication_status": "published",
        "geometry_status": "valid",
        "image_review_status": "institutionally_approved_pending_visual_verification",
        "image_publication_status": "provisional_publication_candidate",
        "image_link_status": "runtime_linked_pending_visual_verification",
        "image_rights_status": "institutional_publication_approval",
        "image_governance_version": "runtime_linkage_phase_v1"
      },
      "geometry": {
        "type": "Point",
        "coordinates": [
          10.55888,
          25.78527
        ]
      }
    },
    {
      "type": "Feature",
      "id": "LY-AKA-000172",
      "properties": {
        "id": "LY-AKA-000172",
        "name_ar": "مخيم الفاو",
        "name_en": "مخيم الفاو",
        "layer_id": "akakus",
        "category": "أكاكوس",
        "source": "KML conversion",
        "source_file": "data/kml/final/akakus.kml",
        "source_record": 171,
        "data_status": "provisional",
        "publication_status": "published",
        "geometry_status": "valid",
        "image_review_status": "institutionally_approved_pending_visual_verification",
        "image_publication_status": "provisional_publication_candidate",
        "image_link_status": "runtime_linked_pending_visual_verification",
        "image_rights_status": "institutional_publication_approval",
        "image_governance_version": "runtime_linkage_phase_v1"
      },
      "geometry": {
        "type": "Point",
        "coordinates": [
          10.56985,
          25.78316
        ]
      }
    },
    {
      "type": "Feature",
      "id": "LY-AKA-000173",
      "properties": {
        "id": "LY-AKA-000173",
        "name_ar": "مخيم صحراوي",
        "name_en": "مخيم صحراوي",
        "layer_id": "akakus",
        "category": "أكاكوس",
        "source": "KML conversion",
        "source_file": "data/kml/final/akakus.kml",
        "source_record": 172,
        "data_status": "provisional",
        "publication_status": "published",
        "geometry_status": "valid",
        "image_review_status": "institutionally_approved_pending_visual_verification",
        "image_publication_status": "provisional_publication_candidate",
        "image_link_status": "runtime_linked_pending_visual_verification",
        "image_rights_status": "institutional_publication_approval",
        "image_governance_version": "runtime_linkage_phase_v1"
      },
      "geometry": {
        "type": "Point",
        "coordinates": [
          10.573932,
          25.784968
        ]
      }
    },
    {
      "type": "Feature",
      "id": "LY-AKA-000174",
      "properties": {
        "id": "LY-AKA-000174",
        "name_ar": "فندق المهاري - العوينات",
        "name_en": "فندق المهاري - العوينات",
        "layer_id": "akakus",
        "category": "أكاكوس",
        "source": "KML conversion",
        "source_file": "data/kml/final/akakus.kml",
        "source_record": 173,
        "data_status": "provisional",
        "publication_status": "published",
        "geometry_status": "valid",
        "image_review_status": "institutionally_approved_pending_visual_verification",
        "image_publication_status": "provisional_publication_candidate",
        "image_link_status": "runtime_linked_pending_visual_verification",
        "image_rights_status": "institutional_publication_approval",
        "image_governance_version": "runtime_linkage_phase_v1"
      },
      "geometry": {
        "type": "Point",
        "coordinates": [
          10.56684,
          25.78043
        ]
      }
    },
    {
      "type": "Feature",
      "id": "LY-AKA-000175",
      "properties": {
        "id": "LY-AKA-000175",
        "name_ar": "مكتب بريد العوينات",
        "name_en": "مكتب بريد العوينات",
        "layer_id": "akakus",
        "category": "أكاكوس",
        "source": "KML conversion",
        "source_file": "data/kml/final/akakus.kml",
        "source_record": 174,
        "data_status": "provisional",
        "publication_status": "published",
        "geometry_status": "valid",
        "image_review_status": "institutionally_approved_pending_visual_verification",
        "image_publication_status": "provisional_publication_candidate",
        "image_link_status": "runtime_linked_pending_visual_verification",
        "image_rights_status": "institutional_publication_approval",
        "image_governance_version": "runtime_linkage_phase_v1"
      },
      "geometry": {
        "type": "Point",
        "coordinates": [
          10.56274,
          25.78031
        ]
      }
    },
    {
      "type": "Feature",
      "id": "LY-AKA-000176",
      "properties": {
        "id": "LY-AKA-000176",
        "name_ar": "العوينات",
        "name_en": "العوينات",
        "layer_id": "akakus",
        "category": "أكاكوس",
        "source": "KML conversion",
        "source_file": "data/kml/final/akakus.kml",
        "source_record": 175,
        "data_status": "provisional",
        "publication_status": "published",
        "geometry_status": "valid",
        "image_review_status": "institutionally_approved_pending_visual_verification",
        "image_publication_status": "provisional_publication_candidate",
        "image_link_status": "runtime_linked_pending_visual_verification",
        "image_rights_status": "institutional_publication_approval",
        "image_governance_version": "runtime_linkage_phase_v1"
      },
      "geometry": {
        "type": "Point",
        "coordinates": [
          10.563706,
          25.779444
        ]
      }
    },
    {
      "type": "Feature",
      "id": "LY-AKA-000177",
      "properties": {
        "id": "LY-AKA-000177",
        "name_ar": "حديقة الشجرة",
        "name_en": "حديقة الشجرة",
        "layer_id": "akakus",
        "category": "أكاكوس",
        "source": "KML conversion",
        "source_file": "data/kml/final/akakus.kml",
        "source_record": 176,
        "data_status": "provisional",
        "publication_status": "published",
        "geometry_status": "valid",
        "image_review_status": "institutionally_approved_pending_visual_verification",
        "image_publication_status": "provisional_publication_candidate",
        "image_link_status": "runtime_linked_pending_visual_verification",
        "image_rights_status": "institutional_publication_approval",
        "image_governance_version": "runtime_linkage_phase_v1"
      },
      "geometry": {
        "type": "Point",
        "coordinates": [
          10.56342,
          25.77865
        ]
      }
    },
    {
      "type": "Feature",
      "id": "LY-AKA-000178",
      "properties": {
        "id": "LY-AKA-000178",
        "name_ar": "مطار حقل الفيل",
        "name_en": "مطار حقل الفيل",
        "layer_id": "akakus",
        "category": "أكاكوس",
        "source": "KML conversion",
        "source_file": "data/kml/final/akakus.kml",
        "source_record": 177,
        "data_status": "provisional",
        "publication_status": "published",
        "geometry_status": "valid",
        "image_review_status": "institutionally_approved_pending_visual_verification",
        "image_publication_status": "provisional_publication_candidate",
        "image_link_status": "runtime_linked_pending_visual_verification",
        "image_rights_status": "institutional_publication_approval",
        "image_governance_version": "runtime_linkage_phase_v1"
      },
      "geometry": {
        "type": "Point",
        "coordinates": [
          12.04556,
          26.03765
        ]
      }
    },
    {
      "type": "Feature",
      "id": "LY-AKA-000179",
      "properties": {
        "id": "LY-AKA-000179",
        "name_ar": "حقل الفيل",
        "name_en": "حقل الفيل",
        "layer_id": "akakus",
        "category": "أكاكوس",
        "source": "KML conversion",
        "source_file": "data/kml/final/akakus.kml",
        "source_record": 178,
        "data_status": "provisional",
        "publication_status": "published",
        "geometry_status": "valid",
        "image_review_status": "institutionally_approved_pending_visual_verification",
        "image_publication_status": "provisional_publication_candidate",
        "image_link_status": "runtime_linked_pending_visual_verification",
        "image_rights_status": "institutional_publication_approval",
        "image_governance_version": "runtime_linkage_phase_v1"
      },
      "geometry": {
        "type": "Point",
        "coordinates": [
          11.97346,
          26.05107
        ]
      }
    },
    {
      "type": "Feature",
      "id": "LY-AKA-000180",
      "properties": {
        "id": "LY-AKA-000180",
        "name_ar": "فندق أكاكوس",
        "name_en": "فندق أكاكوس",
        "layer_id": "akakus",
        "category": "أكاكوس",
        "source": "KML conversion",
        "source_file": "data/kml/final/akakus.kml",
        "source_record": 179,
        "data_status": "provisional",
        "publication_status": "published",
        "geometry_status": "valid",
        "image_review_status": "institutionally_approved_pending_visual_verification",
        "image_publication_status": "provisional_publication_candidate",
        "image_link_status": "runtime_linked_pending_visual_verification",
        "image_rights_status": "institutional_publication_approval",
        "image_governance_version": "runtime_linkage_phase_v1"
      },
      "geometry": {
        "type": "Point",
        "coordinates": [
          10.18259,
          24.95834
        ]
      }
    },
    {
      "type": "Feature",
      "id": "LY-AKA-000181",
      "properties": {
        "id": "LY-AKA-000181",
        "name_ar": "مستشفى غات العام",
        "name_en": "مستشفى غات العام",
        "layer_id": "akakus",
        "category": "أكاكوس",
        "source": "KML conversion",
        "source_file": "data/kml/final/akakus.kml",
        "source_record": 180,
        "data_status": "provisional",
        "publication_status": "published",
        "geometry_status": "valid",
        "image_review_status": "institutionally_approved_pending_visual_verification",
        "image_publication_status": "provisional_publication_candidate",
        "image_link_status": "runtime_linked_pending_visual_verification",
        "image_rights_status": "institutional_publication_approval",
        "image_governance_version": "runtime_linkage_phase_v1"
      },
      "geometry": {
        "type": "Point",
        "coordinates": [
          10.176528,
          24.962528
        ]
      }
    },
    {
      "type": "Feature",
      "id": "LY-AKA-000182",
      "properties": {
        "id": "LY-AKA-000182",
        "name_ar": "مستشفى البركت",
        "name_en": "مستشفى البركت",
        "layer_id": "akakus",
        "category": "أكاكوس",
        "source": "KML conversion",
        "source_file": "data/kml/final/akakus.kml",
        "source_record": 181,
        "data_status": "provisional",
        "publication_status": "published",
        "geometry_status": "valid",
        "image_review_status": "institutionally_approved_pending_visual_verification",
        "image_publication_status": "provisional_publication_candidate",
        "image_link_status": "runtime_linked_pending_visual_verification",
        "image_rights_status": "institutional_publication_approval",
        "image_governance_version": "runtime_linkage_phase_v1"
      },
      "geometry": {
        "type": "Point",
        "coordinates": [
          10.183245,
          24.896286
        ]
      }
    },
    {
      "type": "Feature",
      "id": "LY-AKA-000183",
      "properties": {
        "id": "LY-AKA-000183",
        "name_ar": "مكتب بريد البركت",
        "name_en": "مكتب بريد البركت",
        "layer_id": "akakus",
        "category": "أكاكوس",
        "source": "KML conversion",
        "source_file": "data/kml/final/akakus.kml",
        "source_record": 182,
        "data_status": "provisional",
        "publication_status": "published",
        "geometry_status": "valid",
        "image_review_status": "institutionally_approved_pending_visual_verification",
        "image_publication_status": "provisional_publication_candidate",
        "image_link_status": "runtime_linked_pending_visual_verification",
        "image_rights_status": "institutional_publication_approval",
        "image_governance_version": "runtime_linkage_phase_v1"
      },
      "geometry": {
        "type": "Point",
        "coordinates": [
          10.184161,
          24.895961
        ]
      }
    },
    {
      "type": "Feature",
      "id": "LY-AKA-000184",
      "properties": {
        "id": "LY-AKA-000184",
        "name_ar": "محطة وقود",
        "name_en": "محطة وقود",
        "layer_id": "akakus",
        "category": "أكاكوس",
        "source": "KML conversion",
        "source_file": "data/kml/final/akakus.kml",
        "source_record": 183,
        "data_status": "provisional",
        "publication_status": "published",
        "geometry_status": "valid",
        "image_review_status": "institutionally_approved_pending_visual_verification",
        "image_publication_status": "provisional_publication_candidate",
        "image_link_status": "runtime_linked_pending_visual_verification",
        "image_rights_status": "institutional_publication_approval",
        "image_governance_version": "runtime_linkage_phase_v1"
      },
      "geometry": {
        "type": "Point",
        "coordinates": [
          10.221346,
          24.793331
        ]
      }
    },
    {
      "type": "Feature",
      "id": "LY-AKA-000185",
      "properties": {
        "id": "LY-AKA-000185",
        "name_ar": "محطة وقود",
        "name_en": "محطة وقود",
        "layer_id": "akakus",
        "category": "أكاكوس",
        "source": "KML conversion",
        "source_file": "data/kml/final/akakus.kml",
        "source_record": 184,
        "data_status": "provisional",
        "publication_status": "published",
        "geometry_status": "valid",
        "image_review_status": "institutionally_approved_pending_visual_verification",
        "image_publication_status": "provisional_publication_candidate",
        "image_link_status": "runtime_linked_pending_visual_verification",
        "image_rights_status": "institutional_publication_approval",
        "image_governance_version": "runtime_linkage_phase_v1"
      },
      "geometry": {
        "type": "Point",
        "coordinates": [
          10.157354,
          24.960244
        ]
      }
    },
    {
      "type": "Feature",
      "id": "LY-AKA-000186",
      "properties": {
        "id": "LY-AKA-000186",
        "name_ar": "قارة وادي اميسراجن",
        "name_en": "قارة وادي اميسراجن",
        "layer_id": "akakus",
        "category": "أكاكوس",
        "source": "KML conversion",
        "source_file": "data/kml/final/akakus.kml",
        "source_record": 185,
        "data_status": "provisional",
        "publication_status": "published",
        "geometry_status": "valid",
        "image_review_status": "institutionally_approved_pending_visual_verification",
        "image_publication_status": "provisional_publication_candidate",
        "image_link_status": "runtime_linked_pending_visual_verification",
        "image_rights_status": "institutional_publication_approval",
        "image_governance_version": "runtime_linkage_phase_v1"
      },
      "geometry": {
        "type": "Point",
        "coordinates": [
          10.64213,
          25.38336
        ]
      }
    },
    {
      "type": "Feature",
      "id": "LY-AKA-000187",
      "properties": {
        "id": "LY-AKA-000187",
        "name_ar": "نقطة حدود بين ليبيا والجزائر",
        "name_en": "نقطة حدود بين ليبيا والجزائر",
        "layer_id": "akakus",
        "category": "أكاكوس",
        "source": "KML conversion",
        "source_file": "data/kml/final/akakus.kml",
        "source_record": 186,
        "data_status": "provisional",
        "publication_status": "published",
        "geometry_status": "valid",
        "image_review_status": "institutionally_approved_pending_visual_verification",
        "image_publication_status": "provisional_publication_candidate",
        "image_link_status": "runtime_linked_pending_visual_verification",
        "image_rights_status": "institutional_publication_approval",
        "image_governance_version": "runtime_linkage_phase_v1"
      },
      "geometry": {
        "type": "Point",
        "coordinates": [
          9.422547,
          26.208559
        ]
      }
    },
    {
      "type": "Feature",
      "id": "LY-AKA-000188",
      "properties": {
        "id": "LY-AKA-000188",
        "name_ar": "وان أفودا",
        "name_en": "وان أفودا",
        "layer_id": "akakus",
        "category": "أكاكوس",
        "source": "KML conversion",
        "source_file": "data/kml/final/akakus.kml",
        "source_record": 187,
        "data_status": "provisional",
        "publication_status": "published",
        "geometry_status": "valid",
        "image_review_status": "institutionally_approved_pending_visual_verification",
        "image_publication_status": "provisional_publication_candidate",
        "image_link_status": "runtime_linked_pending_visual_verification",
        "image_rights_status": "institutional_publication_approval",
        "image_governance_version": "runtime_linkage_phase_v1"
      },
      "geometry": {
        "type": "Point",
        "coordinates": [
          10.507315,
          24.861402
        ]
      }
    },
    {
      "type": "Feature",
      "id": "LY-AKA-000189",
      "properties": {
        "id": "LY-AKA-000189",
        "name_ar": "كهف في وادي تانشالت",
        "name_en": "كهف في وادي تانشالت",
        "layer_id": "akakus",
        "category": "أكاكوس",
        "source": "KML conversion",
        "source_file": "data/kml/final/akakus.kml",
        "source_record": 188,
        "data_status": "provisional",
        "publication_status": "published",
        "geometry_status": "valid",
        "image_review_status": "institutionally_approved_pending_visual_verification",
        "image_publication_status": "provisional_publication_candidate",
        "image_link_status": "runtime_linked_pending_visual_verification",
        "image_rights_status": "institutional_publication_approval",
        "image_governance_version": "runtime_linkage_phase_v1"
      },
      "geometry": {
        "type": "Point",
        "coordinates": [
          10.579423,
          24.678869
        ]
      }
    },
    {
      "type": "Feature",
      "id": "LY-AKA-000190",
      "properties": {
        "id": "LY-AKA-000190",
        "name_ar": "كهف وان موهجاج",
        "name_en": "كهف وان موهجاج",
        "layer_id": "akakus",
        "category": "أكاكوس",
        "source": "KML conversion",
        "source_file": "data/kml/final/akakus.kml",
        "source_record": 189,
        "data_status": "provisional",
        "publication_status": "published",
        "geometry_status": "valid",
        "image_review_status": "institutionally_approved_pending_visual_verification",
        "image_publication_status": "provisional_publication_candidate",
        "image_link_status": "runtime_linked_pending_visual_verification",
        "image_rights_status": "institutional_publication_approval",
        "image_governance_version": "runtime_linkage_phase_v1"
      },
      "geometry": {
        "type": "Point",
        "coordinates": [
          10.50444,
          24.84138
        ]
      }
    },
    {
      "type": "Feature",
      "id": "LY-AKA-000191",
      "properties": {
        "id": "LY-AKA-000191",
        "name_ar": "كهف غات",
        "name_en": "كهف غات",
        "layer_id": "akakus",
        "category": "أكاكوس",
        "source": "KML conversion",
        "source_file": "data/kml/final/akakus.kml",
        "source_record": 190,
        "data_status": "provisional",
        "publication_status": "published",
        "geometry_status": "valid",
        "image_review_status": "institutionally_approved_pending_visual_verification",
        "image_publication_status": "provisional_publication_candidate",
        "image_link_status": "runtime_linked_pending_visual_verification",
        "image_rights_status": "institutional_publication_approval",
        "image_governance_version": "runtime_linkage_phase_v1",
        "local_images": [
          "assets/images/akakus/akakus-LY-AKAKUS-00191-01.png",
          "assets/images/akakus/akakus-LY-AKAKUS-00191-01.webp"
        ],
        "gallery_images": [
          "assets/images/akakus/akakus-LY-AKAKUS-00191-01.png",
          "assets/images/akakus/akakus-LY-AKAKUS-00191-01.webp"
        ],
        "image_count": 2,
        "primary_image": "assets/images/akakus/akakus-LY-AKAKUS-00191-01.png",
        "layer_assignment_status": "user_curated_confirmed",
        "institutional_display_authorization": "approved",
        "rights_status": "unknown",
        "image_source_credit": "unknown"
      },
      "geometry": {
        "type": "Point",
        "coordinates": [
          10.494658,
          24.827832
        ]
      }
    },
    {
      "type": "Feature",
      "id": "LY-AKA-000192",
      "properties": {
        "id": "LY-AKA-000192",
        "name_ar": "(الأهرمات الحطية)مدافن جرمنتية",
        "name_en": "(الأهرمات الحطية)مدافن جرمنتية",
        "layer_id": "akakus",
        "category": "أكاكوس",
        "source": "KML conversion",
        "source_file": "data/kml/final/akakus.kml",
        "source_record": 191,
        "data_status": "provisional",
        "publication_status": "published",
        "geometry_status": "valid",
        "image_review_status": "institutionally_approved_pending_visual_verification",
        "image_publication_status": "provisional_publication_candidate",
        "image_link_status": "runtime_linked_pending_visual_verification",
        "image_rights_status": "institutional_publication_approval",
        "image_governance_version": "runtime_linkage_phase_v1",
        "local_images": [
          "assets/images/akakus/akakus-LY-AKAKUS-00192-01.png",
          "assets/images/akakus/akakus-LY-AKAKUS-00192-01.webp"
        ],
        "gallery_images": [
          "assets/images/akakus/akakus-LY-AKAKUS-00192-01.png",
          "assets/images/akakus/akakus-LY-AKAKUS-00192-01.webp"
        ],
        "image_count": 2,
        "primary_image": "assets/images/akakus/akakus-LY-AKAKUS-00192-01.png",
        "layer_assignment_status": "user_curated_confirmed",
        "institutional_display_authorization": "approved",
        "rights_status": "unknown",
        "image_source_credit": "unknown"
      },
      "geometry": {
        "type": "Point",
        "coordinates": [
          10.0894749,
          24.9482947
        ]
      }
    },
    {
      "type": "Feature",
      "id": "LY-AKA-000193",
      "properties": {
        "id": "LY-AKA-000193",
        "name_ar": "نقش صخري",
        "name_en": "نقش صخري",
        "layer_id": "akakus",
        "category": "أكاكوس",
        "source": "KML conversion",
        "source_file": "data/kml/final/akakus.kml",
        "source_record": 192,
        "data_status": "provisional",
        "publication_status": "published",
        "geometry_status": "valid",
        "image_review_status": "institutionally_approved_pending_visual_verification",
        "image_publication_status": "provisional_publication_candidate",
        "image_link_status": "runtime_linked_pending_visual_verification",
        "image_rights_status": "institutional_publication_approval",
        "image_governance_version": "runtime_linkage_phase_v1",
        "local_images": [
          "assets/images/akakus/akakus-LY-AKAKUS-00193-01.png",
          "assets/images/akakus/akakus-LY-AKAKUS-00193-01.webp"
        ],
        "gallery_images": [
          "assets/images/akakus/akakus-LY-AKAKUS-00193-01.png",
          "assets/images/akakus/akakus-LY-AKAKUS-00193-01.webp"
        ],
        "image_count": 2,
        "primary_image": "assets/images/akakus/akakus-LY-AKAKUS-00193-01.png",
        "layer_assignment_status": "user_curated_confirmed",
        "institutional_display_authorization": "approved",
        "rights_status": "unknown",
        "image_source_credit": "unknown"
      },
      "geometry": {
        "type": "Point",
        "coordinates": [
          10.51905,
          24.852067
        ]
      }
    },
    {
      "type": "Feature",
      "id": "LY-AKA-000194",
      "properties": {
        "id": "LY-AKA-000194",
        "name_ar": "كهف",
        "name_en": "كهف",
        "layer_id": "akakus",
        "category": "أكاكوس",
        "source": "KML conversion",
        "source_file": "data/kml/final/akakus.kml",
        "source_record": 193,
        "data_status": "provisional",
        "publication_status": "published",
        "geometry_status": "valid",
        "image_review_status": "institutionally_approved_pending_visual_verification",
        "image_publication_status": "provisional_publication_candidate",
        "image_link_status": "runtime_linked_pending_visual_verification",
        "image_rights_status": "institutional_publication_approval",
        "image_governance_version": "runtime_linkage_phase_v1"
      },
      "geometry": {
        "type": "Point",
        "coordinates": [
          10.616836,
          24.881262
        ]
      }
    },
    {
      "type": "Feature",
      "id": "LY-AKA-000195",
      "properties": {
        "id": "LY-AKA-000195",
        "name_ar": "كهف وان أفودا",
        "name_en": "كهف وان أفودا",
        "layer_id": "akakus",
        "category": "أكاكوس",
        "source": "KML conversion",
        "source_file": "data/kml/final/akakus.kml",
        "source_record": 194,
        "data_status": "provisional",
        "publication_status": "published",
        "geometry_status": "valid",
        "image_review_status": "institutionally_approved_pending_visual_verification",
        "image_publication_status": "provisional_publication_candidate",
        "image_link_status": "runtime_linked_pending_visual_verification",
        "image_rights_status": "institutional_publication_approval",
        "image_governance_version": "runtime_linkage_phase_v1"
      },
      "geometry": {
        "type": "Point",
        "coordinates": [
          10.500716,
          24.867866
        ]
      }
    },
    {
      "type": "Feature",
      "id": "LY-AKA-000196",
      "properties": {
        "id": "LY-AKA-000196",
        "name_ar": "مقبرة جرمنتية أثرية",
        "name_en": "مقبرة جرمنتية أثرية",
        "layer_id": "akakus",
        "category": "أكاكوس",
        "source": "KML conversion",
        "source_file": "data/kml/final/akakus.kml",
        "source_record": 195,
        "data_status": "provisional",
        "publication_status": "published",
        "geometry_status": "valid",
        "image_review_status": "institutionally_approved_pending_visual_verification",
        "image_publication_status": "provisional_publication_candidate",
        "image_link_status": "runtime_linked_pending_visual_verification",
        "image_rights_status": "institutional_publication_approval",
        "image_governance_version": "runtime_linkage_phase_v1",
        "local_images": [
          "assets/images/akakus/akakus-LY-AKAKUS-00196-01.png",
          "assets/images/akakus/akakus-LY-AKAKUS-00196-01.webp"
        ],
        "gallery_images": [
          "assets/images/akakus/akakus-LY-AKAKUS-00196-01.png",
          "assets/images/akakus/akakus-LY-AKAKUS-00196-01.webp"
        ],
        "image_count": 2,
        "primary_image": "assets/images/akakus/akakus-LY-AKAKUS-00196-01.png",
        "layer_assignment_status": "user_curated_confirmed",
        "institutional_display_authorization": "approved",
        "rights_status": "unknown",
        "image_source_credit": "unknown"
      },
      "geometry": {
        "type": "Point",
        "coordinates": [
          13.5070249,
          26.1175655
        ]
      }
    }
  ],
  "metadata": {
    "source_file": "data/kml/final/akakus.kml",
    "generated_by": "build-akakus-old-tripoli-runtime-layers.py",
    "methodology_version": "runtime_linkage_phase_v1"
  }
}
