{
  "type": "FeatureCollection",
  "name": "Libya tourist villages and resorts",
  "metadata": {
    "source": "data/incoming/tourist-villages-resorts.kml",
    "generated_at": "2026-08-06",
    "feature_count": 262
  },
  "features": [
    {
      "type": "Feature",
      "id": "LY-ACC-RES-ZUW-00001",
      "properties": {
        "id": "LY-ACC-RES-ZUW-00001",
        "name_ar": "قرية إدوس السياحية",
        "name_en": "Edos Sea resorts",
        "name_normalized_ar": "قريهادوسالسياحيه",
        "translation_status": "source_provided",
        "category": "القرى والمنتجعات السياحية",
        "subcategory_ar": "منتجع شاطئي",
        "subcategory_en": "Beach resort",
        "facility_type_code": "beach_resort",
        "municipality_ar": "زوارة",
        "municipality_en": "Zuwara",
        "city_ar": "زوارة",
        "city_en": "Zuwara",
        "region_ar": "الساحل الغربي",
        "region_en": "Western Coast",
        "address_ar": "زواره طريق سيدي سعيد",
        "address_en": null,
        "longitude": 11.998442,
        "latitude": 32.990086,
        "source": "Tourist villages and resorts KML",
        "source_kml": "data/incoming/tourist-villages-resorts.kml",
        "source_record_index": 1,
        "description_ar": "الوصف: الاسم باللغة الانجليزية: Edos Sea resorts\nالعنوان/المدينة: زواره طريق سيدي سعيد\nالتصنيف: مركز استعلام سياحي\nمعلومات اخرى: قرية إدوس السياحية بمدينة زوارة - ليبيا ، مُنتجع سياحي صيّفي مُتكامل على أفضل الشواطئ\nالوصف: قرية إدوس السياحية، زوارة\nعدد الشاليهات: 19\nعدد الاسرة: 76\nالخدمات المتوفرة:\nالاسعار:\nللحجز والاستفسار: 094-6121113\nاوقات العمل:\nالتقييمات والانطباعات: بلا تقييم حتى الآن\n: Edos Sea resorts\n: زواره طريق سيدي سعيد\n:\n: قرية إدوس السياحية بمدينة زوارة - ليبيا ، مُنتجع سياحي صيّفي مُتكامل على أفضل الشواطئ\n: قرية إدوس السياحية، زوارة\n: 76\n: 094-6121113\n: بلا تقييم حتى الآن",
        "description_en": null,
        "phone": "094-6121113",
        "email": null,
        "website": "https://www.facebook.com/profile.php id 100068247828127&mibextid LQQJ4d",
        "stars": null,
        "rooms": null,
        "beds": 76,
        "units": 19,
        "capacity": null,
        "beach_access": null,
        "pool_available": null,
        "restaurant_available": null,
        "parking_available": null,
        "family_friendly": null,
        "status": null,
        "license_status": null,
        "operational_status": null,
        "ownership_type": null,
        "data_quality_status": "medium",
        "data_review_status": "integrated",
        "source_image_url": "https://lh3.googleusercontent.com/umsh/AN6v0v79otrI8wogou41UpolbKZYhIMrcra41rXBnEyRFA14bsNybzxcSZvcUl0MQHW4jWwceoAkaudO-v9bS4E75awxnrzscEbbA69Y-OcqWy6A62KLMWgxOGaipDZU8swZCTQ37w-P17VZztdiAzN0QasIxGdpyvriSIFX_qpxzJVL6DZR2yBFvRT-uVP-Oj7QbrZH2iykbbp8_sO4ng5mJ5K6ZvSfpiw2vyGvWpWujwX4_1nPtaoflgqef_wO7WHFkGTTRAR7Ql-moS1XwbfAsmHDQ-r0AvB3Gb8kE85yWUjWGDkWUUf2OEQyuvjWOCibtbrcc8JxprC1nP61Rj7I_rmz2rELCb2wTHAL_0xXH12HpQjs-WyoFV7cMBMXpdrMITO6QP04i6Pokz1O3IYgs3IRLkyoE-MAbc3vB12b3QsR5kTfXhR7HtbSVSvu8ae07czlQbmpkao_ddVrbT9m32ulaj70MMWO8zqEzJPK3Q8ckLU4xDjsGR-WDhFeb01613MImfMXs0UJVDpnlB-u3BUdkEnXHfhNBKBMMp6n1IpVoKQLEB7q6i_l3k4a0QDlV1w68I5oaX3oik7nm71t-GRvFeCmtbjF2UYjh_snTomqFfW7eFJ7-Fj0ivo-UuJqs7aNGOzXnxubkSNkYTr8Vcg0SVED0YWyIpjeFLCkkuMOlWYIl2UqE68lY2Ii63N7UHMDIeDSrgLA_yOVoT_md15KQ0seeA",
        "source_image_provider": "google_mymaps",
        "source_image_status": "temporary_google_url",
        "local_images": [],
        "image_count": 0,
        "created_at": "2026-08-06",
        "updated_at": "2026-08-06",
        "name_score": 1.0,
        "coordinate_score": 1.0,
        "classification_score": 1.0,
        "contact_score": 1.0,
        "capacity_score": 1.0,
        "services_score": 1.0,
        "image_score": 0.0,
        "completeness_score": 0.64,
        "overall_quality_score": 0.86,
        "data_completeness_percent": 64,
        "missing_fields": [
          "rooms",
          "capacity",
          "license",
          "operation",
          "image"
        ],
        "match_status": "exact_match",
        "coordinate_review_status": "valid",
        "coordinate_change_reason": null,
        "original_coordinates": [
          11.998442,
          32.990086
        ]
      },
      "geometry": {
        "type": "Point",
        "coordinates": [
          11.998442,
          32.990086
        ]
      }
    },
    {
      "type": "Feature",
      "id": "LY-ACC-RES-TRI-00001",
      "properties": {
        "id": "LY-ACC-RES-TRI-00001",
        "name_ar": "قرية مرمرة السياحية",
        "name_en": "marmara resorts",
        "name_normalized_ar": "قريهمرمرهالسياحيه",
        "translation_status": "source_provided",
        "category": "القرى والمنتجعات السياحية",
        "subcategory_ar": "منتجع سياحي",
        "subcategory_en": "Tourist resort",
        "facility_type_code": "tourist_resort",
        "municipality_ar": "طرابلس",
        "municipality_en": "Tripoli",
        "city_ar": "طرابلس",
        "city_en": "Tripoli",
        "region_ar": "طرابلس",
        "region_en": "Tripoli",
        "address_ar": "زوارة",
        "address_en": null,
        "longitude": 12.00665,
        "latitude": 32.98545,
        "source": "Tourist villages and resorts KML",
        "source_kml": "data/incoming/tourist-villages-resorts.kml",
        "source_record_index": 2,
        "description_ar": "الوصف: الاسم باللغة الانجليزية: marmara resorts\nالعنوان/المدينة: زوارة\nالتصنيف:\nمعلومات اخرى: Kabaw، Libya طرابلس، ليبيا الزاوية، ليبيا صبراتة، ليبيا Jadu، Libya زوارة، ليبيا يفرن، ليبيا\nالوصف: قرية مرمرة السياحية\nزوارة\nعدد الشاليهات: 36\nعدد الاسرة: 144\nالخدمات المتوفرة:\nالاسعار:\nللحجز والاستفسار: 091-8531147\nاوقات العمل:\nالتقييمات والانطباعات:\n: marmara resorts\n: زوارة\n:\n: Kabaw، Libya طرابلس، ليبيا الزاوية، ليبيا صبراتة، ليبيا Jadu، Libya زوارة، ليبيا يفرن، ليبيا\n: قرية مرمرة السياحية\n: 144\n: 091-8531147",
        "description_en": null,
        "phone": "091-8531147",
        "email": null,
        "website": "https://www.facebook.com/p/ D9 82 D8 B1 D9 8A D8 A9- D9 85 D8 B1 D9 85 D8 B1 D8 A9-Marmara-Resort-61575575151260/",
        "stars": null,
        "rooms": null,
        "beds": 144,
        "units": 36,
        "capacity": null,
        "beach_access": null,
        "pool_available": null,
        "restaurant_available": null,
        "parking_available": null,
        "family_friendly": null,
        "status": null,
        "license_status": null,
        "operational_status": null,
        "ownership_type": null,
        "data_quality_status": "medium",
        "data_review_status": "integrated",
        "source_image_url": "https://lh3.googleusercontent.com/umsh/AN6v0v51UilCPcoW9IZtgxr5BVC6UWdiQGhqeBV1T_K8lrTgCWqB4cRz_Ek0vWoC3GZfzOehIgA0u0NIA7vURVuHgn4Yt3aP3ZB92FkOuQvXfkh2KtcywfUKHBiHquY4_2dKHhkkI0I-mBht_KQ9Jl3yCp9fYo7XT87npUO_lpt_x0H2WnmpvpJlBzIu5Wl6yXTPYNMP01mjx0_a0REQzzxiy5cBsRk9pAqEkudAqehr_uEBGeK7vAe76LITD5kozwHTJzjX-Dh0r1VyJOTX5fkfdtOUsD5tHPmh9vLARMTVHYJexKN0piKQR2dbnhNWW8ogkw2FQxvVbZx1CZL_HNWrWB9bOr6D7LoFPG6O3Bog9W4AwKMmW3k-FTFS8uREazpN0vNCB7dj66EqHK6_ZyOIP50duaA01Y8JztsfBBFGv9Ki3FvXwOZUduowZ03caHMpboImyNMJHiFmCiJkKAOvRbo4TRJik-uM3ZgRbG-cIK4AD5xk6WX3AjI020rOOi9UX7dUZqlntdo9s50lIQ39dltgka6ENTbmN_EnQx_5LVH4LWu-FQhvEqQ0Zy4yOpI97ng01joGZi2MYr5Wwqbd_MJF1EblvP7PjhtQIVvI2eqglmHt9oLU3RgQzvBc1_ABeqm0aAzHrU-zYXa0EMk3ZMDKZkFpsgbwSwHF1eEU5BVF5E6DNl3Lb8ZAJJ3N8eLCepc-BUHeh0UhLe2j9oDvAnQ6p9o4sQ",
        "source_image_provider": "google_mymaps",
        "source_image_status": "temporary_google_url",
        "local_images": [],
        "image_count": 0,
        "created_at": "2026-08-06",
        "updated_at": "2026-08-06",
        "name_score": 1.0,
        "coordinate_score": 1.0,
        "classification_score": 1.0,
        "contact_score": 1.0,
        "capacity_score": 1.0,
        "services_score": 1.0,
        "image_score": 0.0,
        "completeness_score": 0.64,
        "overall_quality_score": 0.86,
        "data_completeness_percent": 64,
        "missing_fields": [
          "rooms",
          "capacity",
          "license",
          "operation",
          "image"
        ],
        "match_status": "exact_match",
        "coordinate_review_status": "valid",
        "coordinate_change_reason": null,
        "original_coordinates": [
          12.00665,
          32.98545
        ]
      },
      "geometry": {
        "type": "Point",
        "coordinates": [
          12.00665,
          32.98545
        ]
      }
    },
    {
      "type": "Feature",
      "id": "LY-ACC-RES-ZUW-00002",
      "properties": {
        "id": "LY-ACC-RES-ZUW-00002",
        "name_ar": "قرية فيرونا السياحية",
        "name_en": "verona resort",
        "name_normalized_ar": "قريهفيروناالسياحيه",
        "translation_status": "source_provided",
        "category": "القرى والمنتجعات السياحية",
        "subcategory_ar": "قرية سياحية",
        "subcategory_en": "Tourist village",
        "facility_type_code": "tourist_village",
        "municipality_ar": "زوارة",
        "municipality_en": "Zuwara",
        "city_ar": "زوارة",
        "city_en": "Zuwara",
        "region_ar": "الساحل الغربي",
        "region_en": "Western Coast",
        "address_ar": "زوارة",
        "address_en": null,
        "longitude": 12.0169581,
        "latitude": 32.979411,
        "source": "Tourist villages and resorts KML",
        "source_kml": "data/incoming/tourist-villages-resorts.kml",
        "source_record_index": 3,
        "description_ar": "الوصف:\nالاسم باللغة الانجليزية: verona resort\nالعنوان/المدينة: زوارة\nالتصنيف: منتجع ساحلي\nمعلومات اخرى:\nالوصف: قرية يرونا السياحية\nالتصن قرية سياحية\nالمدي زوارة\nعدد_ا 20\nعدد 1 80\nعدد الشاليهات: 20\nعدد الاسرة: 80\nالخدمات المتوفرة:\nالاسعار:\nللحجز والاستفسار: 091-9585000\nاوقات العمل:\nالتقييمات والانطباعات:\n: verona resort\n: زوارة\n:\n: قرية يرونا السياحية\n: 80\n: 091-9585000",
        "description_en": null,
        "phone": "091-9585000",
        "email": null,
        "website": "https://www.facebook.com/Verona.resort.zuwara/about locale ar_AR",
        "stars": null,
        "rooms": null,
        "beds": 80,
        "units": 20,
        "capacity": null,
        "beach_access": null,
        "pool_available": null,
        "restaurant_available": null,
        "parking_available": null,
        "family_friendly": null,
        "status": null,
        "license_status": null,
        "operational_status": null,
        "ownership_type": null,
        "data_quality_status": "medium",
        "data_review_status": "integrated",
        "source_image_url": "https://lh3.googleusercontent.com/umsh/AN6v0v5G1H3qmRfNSLOwtJqU7uEXpM_I5DBP0sfon7wMtMGcQYTLoLxNdG0KicMt8ZQgNtShJ2yMPnOIA57AmZW5Oq7d8QvyFTfADqEbki8Y6irsTpe8TVWRIHYehEId717voaKiIormkx-lqEvvYMPt-OpLwYfeQR8CS1UaEVDi5HJRQcW623haaWZFAjGCi56MDEB9lqaJqAnBTLK2W7V7kKMrMl4f2nLOB0_LU_btVCdUx8Hr_sSJACpmHg6TrLMQtI_xUDv4Tz5Mc9oopO97EiohMumvVHGkvMhbJXBuDuz4DjSok5xS4O2zdH3r9_verTKRvA_4pgsmLqGbYPWH-qTlwu8a-MkryVb3qm654ecJYEHhzxmbFhpWBnEFeN630VRWKrpnpBOi6-kwHmCbyw52Pl9kFhz1zm150lmkDLLWJUsuPprBigB0MpoQr0fxXYnD4SkOkQQqP67RCd79ZNgXTDD2FNGYK98XUDpQYCBYnLZfGahn1bT3iR3eLdCwmQuNhSzuHUQt_4pd1-xuHmkLaPNqzJnBEfNn2Oah4vZ3qRCTxilZGT_5D-WBDpXyfL1yJX3UeNxP-k1TqK12lLqviOMneXP6bklUF8fLX7tUgV4AwiX5joZAJR2b3W41-eavpAENLDiXiRBvZ54RTaqFQBMO5jlZbwPgtCK760T5HhKNfCgBi8HF6ov9_PlSAq3zDkIMc_eMHuOeuyU3BGIntEgDTw",
        "source_image_provider": "google_mymaps",
        "source_image_status": "temporary_google_url",
        "local_images": [],
        "image_count": 0,
        "created_at": "2026-08-06",
        "updated_at": "2026-08-06",
        "name_score": 1.0,
        "coordinate_score": 1.0,
        "classification_score": 1.0,
        "contact_score": 1.0,
        "capacity_score": 1.0,
        "services_score": 1.0,
        "image_score": 0.0,
        "completeness_score": 0.64,
        "overall_quality_score": 0.86,
        "data_completeness_percent": 64,
        "missing_fields": [
          "rooms",
          "capacity",
          "license",
          "operation",
          "image"
        ],
        "match_status": "new_feature",
        "coordinate_review_status": "valid",
        "coordinate_change_reason": null,
        "original_coordinates": [
          12.0169581,
          32.979411
        ]
      },
      "geometry": {
        "type": "Point",
        "coordinates": [
          12.0169581,
          32.979411
        ]
      }
    },
    {
      "type": "Feature",
      "id": "LY-ACC-RES-ZUW-00003",
      "properties": {
        "id": "LY-ACC-RES-ZUW-00003",
        "name_ar": "قرية البرتقالة",
        "name_en": "قرية البرتقالة - Orange Resort",
        "name_normalized_ar": "قريهالبرتقاله",
        "translation_status": "source_provided",
        "category": "القرى والمنتجعات السياحية",
        "subcategory_ar": "قرية سياحية",
        "subcategory_en": "Tourist village",
        "facility_type_code": "tourist_village",
        "municipality_ar": "زوارة",
        "municipality_en": "Zuwara",
        "city_ar": "زوارة",
        "city_en": "Zuwara",
        "region_ar": "الساحل الغربي",
        "region_en": "Western Coast",
        "address_ar": "Zuwarah Libya",
        "address_en": null,
        "longitude": 12.0251506,
        "latitude": 32.975314,
        "source": "Tourist villages and resorts KML",
        "source_kml": "data/incoming/tourist-villages-resorts.kml",
        "source_record_index": 4,
        "description_ar": "الوصف:\nالاسم باللغة الانجليزية: قرية البرتقالة - Orange Resort\nالعنوان/المدينة: Zuwarah Libya\nالتصنيف:\nمعلومات اخرى:\nالوصف: قرية البرتقالة\nالتصن قرية سياحية\nالمدي زوارة\nعدد_ا 22\nعدد 1 88\nعدد الشاليهات: 22\nعدد الاسرة: 88\nالخدمات المتوفرة:\nالاسعار:\nللحجز والاستفسار: 091-5051212\nاوقات العمل:\nالتقييمات والانطباعات:\n: قرية البرتقالة - Orange Resort\n: Zuwarah Libya\n:\n: قرية البرتقالة\n: 88\n: 091-5051212",
        "description_en": null,
        "phone": "091-5051212",
        "email": null,
        "website": "https://www.facebook.com/OrangeZuwarah/",
        "stars": null,
        "rooms": null,
        "beds": 88,
        "units": 22,
        "capacity": null,
        "beach_access": null,
        "pool_available": null,
        "restaurant_available": null,
        "parking_available": null,
        "family_friendly": null,
        "status": null,
        "license_status": null,
        "operational_status": null,
        "ownership_type": null,
        "data_quality_status": "medium",
        "data_review_status": "integrated",
        "source_image_url": "https://lh3.googleusercontent.com/umsh/AN6v0v6i1rDOzFuDiPSC8q1lx7qx7-TaDXbc08-s0_byimg9eof1KaLqQhbe1SY6COHjLjojkDIjKLx7U3wfhY_BhWU7Xx3YuNdsb8shBIddhW86k3X1kvoRxUSg9MKLSA4ZwS5L0UPV0v92mOeumqqR68HR6UR5_dvUL6HEFVCyQNDMfQAE2nwUt6UzhpIJWsqu7RvcnoZQ6YFfuCPwcGqMTPdx2Zlt4dqU-rOokMGU_Y_UerKWUjK0BWMzEjOOvEuNRJU5Qypqyly2xlf2UimeLbpTK-EtgFgCCvSlTgn5rGlB01alDhIfbFtuxQIN9aduOO-76YpCv58uH7SaKYtu98hbHrWg6_xJIhn1cNw6zmMGJJ9ssmwAL2VF5z66v7PByY4AhIEuuRFrMdoOwqFpQkpx0bHcT4b6AJOJlGfQT4nw-Mp1mb610NAuqwCj4Edd2EH_zKaSH9QpVlOe7RE5wpKi4KYWC2Ko9Cs00DTmaSeQ45YAujh6fnYeXEcfW7DUfGAB4aaSU5NHZZsCm-L9pVebZyvgLcom31nYMJKFOALkvHlYTXuNkRt7RGIghhzGRqHNhOXD25aw_i2FbaTTN6MxwbWotv9ffNRa6_BOsAJb9sKoHQ1GA_cTm5A0d2K8Yr9dCLBJl-fDWCv7JnxMLLLj035kBOMVTrTNvDbnPul3U9CyZYQF3dLZNy4zDR872oKM9MHwQjF1mt2blHWjKIlghk5V",
        "source_image_provider": "google_mymaps",
        "source_image_status": "temporary_google_url",
        "local_images": [],
        "image_count": 0,
        "created_at": "2026-08-06",
        "updated_at": "2026-08-06",
        "name_score": 1.0,
        "coordinate_score": 1.0,
        "classification_score": 1.0,
        "contact_score": 1.0,
        "capacity_score": 1.0,
        "services_score": 1.0,
        "image_score": 0.0,
        "completeness_score": 0.64,
        "overall_quality_score": 0.86,
        "data_completeness_percent": 64,
        "missing_fields": [
          "rooms",
          "capacity",
          "license",
          "operation",
          "image"
        ],
        "match_status": "new_feature",
        "coordinate_review_status": "valid",
        "coordinate_change_reason": null,
        "original_coordinates": [
          12.0251506,
          32.975314
        ]
      },
      "geometry": {
        "type": "Point",
        "coordinates": [
          12.0251506,
          32.975314
        ]
      }
    },
    {
      "type": "Feature",
      "id": "LY-ACC-RES-ZUW-00004",
      "properties": {
        "id": "LY-ACC-RES-ZUW-00004",
        "name_ar": "قرية شط النخيل زوارة",
        "name_en": "Palm beach / قرية شط النخيل زوارة",
        "name_normalized_ar": "قريهشطالنخيلزواره",
        "translation_status": "source_provided",
        "category": "القرى والمنتجعات السياحية",
        "subcategory_ar": "منشأة سياحية أخرى",
        "subcategory_en": "Other tourism accommodation",
        "facility_type_code": "accommodation_resort_other",
        "municipality_ar": "زوارة",
        "municipality_en": "Zuwara",
        "city_ar": "زوارة",
        "city_en": "Zuwara",
        "region_ar": "الساحل الغربي",
        "region_en": "Western Coast",
        "address_ar": "Zuwarah Libya",
        "address_en": null,
        "longitude": 12.048679,
        "latitude": 32.955312,
        "source": "Tourist villages and resorts KML",
        "source_kml": "data/incoming/tourist-villages-resorts.kml",
        "source_record_index": 5,
        "description_ar": "الوصف: الاسم باللغة الانجليزية: Palm beach / قرية شط النخيل زوارة\nالعنوان/المدينة: Zuwarah Libya\nالتصنيف:\nمعلومات اخرى:\nالوصف: قرية شط النخيل زوارة\nعدد الشاليهات: 13\nعدد الاسرة: 52\nالخدمات المتوفرة:\nالاسعار:\nللحجز والاستفسار: 091-3376705 -- 0919534736\n0912504450\nاوقات العمل:\nالتقييمات والانطباعات:\n: Palm beach / قرية شط النخيل زوارة\n: Zuwarah Libya\n:\n: قرية شط النخيل زوارة\n: 52\n: 091-3376705 -- 0919534736",
        "description_en": null,
        "phone": "091-3376705 -- 0919534736",
        "email": null,
        "website": "https://www.facebook.com/p/Palm-beach- D9 82 D8 B1 D9 8A D8 A9- D8 B4 D8 B7- D8 A7 D9 84 D9 86 D8 AE D9 8A D9 84- D8 B2 D9 88 D8 A7 D8 B1 D8 A9-100068784513570/",
        "stars": null,
        "rooms": null,
        "beds": 52,
        "units": 13,
        "capacity": null,
        "beach_access": null,
        "pool_available": null,
        "restaurant_available": null,
        "parking_available": null,
        "family_friendly": null,
        "status": null,
        "license_status": null,
        "operational_status": null,
        "ownership_type": null,
        "data_quality_status": "medium",
        "data_review_status": "integrated",
        "source_image_url": "https://lh3.googleusercontent.com/umsh/AN6v0v4rslqUfQSkUinyXMC3CZypdR1JTMmxe7BcLjgo29PA9-hud0mP6s5pKL5gjIYKth80fwt2mmlJsWSBfQ9OvB_QPPi9ktGCbNPdZJqm6uE8kV1bQyAPcv4vspC-u5hSZuOSknETMuVhHMPueMe_hWEyPFFNk03czy4uqbr7yIudZPDli4JWxuhd3w5Q--ZnWYUzs9pnyA8BMt7rEWC_14pMPuiRPDeZ_0fLnYbfLu3qDNF5O9gnmx66cgAYPKAKOjQOv4aWNq9wQUrlaqYRX6kyjWI9Ipwljbk6BMFD8U2m8coBvB3oR3Daak-0t0C0QpizFtTTIVh1WoD_aHVyK5pWguId5uclAmx6IFymmaSoa4ftQJAYeY8YgEvGvE1yAJUqlLUEKd6ekus0LOQjFFuIXseHFU08GRKprMT30aa5Z5uWNXaii0w0DOG3lFvmvLraxt-voajD1ufL9rav0BgYrvHCNHq3ULRYKHrLfwSu7p9UYy5KqvpmK_3Pih3BQYgUia15nF_WEmQiCofjdm-HQEEDd6DIXzyr1SqTlwPFIx1tSW5zDa8O2qPhAU_5zU254GFwFwUscqaLhMW4y3vQIkqIfTAxlUa8I5dDjs_6YkDA5lQweGoLIJ3b8cTuNe1CNkL4ISzkkF-Y7AuD_03FdwRYLaZAUZp5kraT45KSh0u6rFzvhZAplQUsVoc4UAJtNoePgSzahCvZmdO7Lp8NRwfMxA",
        "source_image_provider": "google_mymaps",
        "source_image_status": "temporary_google_url",
        "local_images": [],
        "image_count": 0,
        "created_at": "2026-08-06",
        "updated_at": "2026-08-06",
        "name_score": 1.0,
        "coordinate_score": 1.0,
        "classification_score": 0.65,
        "contact_score": 1.0,
        "capacity_score": 1.0,
        "services_score": 1.0,
        "image_score": 0.0,
        "completeness_score": 0.64,
        "overall_quality_score": 0.81,
        "data_completeness_percent": 64,
        "missing_fields": [
          "rooms",
          "capacity",
          "license",
          "operation",
          "image"
        ],
        "match_status": "exact_match",
        "coordinate_review_status": "valid",
        "coordinate_change_reason": null,
        "original_coordinates": [
          12.048679,
          32.955312
        ]
      },
      "geometry": {
        "type": "Point",
        "coordinates": [
          12.048679,
          32.955312
        ]
      }
    },
    {
      "type": "Feature",
      "id": "LY-ACC-RES-ZUW-00005",
      "properties": {
        "id": "LY-ACC-RES-ZUW-00005",
        "name_ar": "قرية أوليڤيا السياحية - زوارة",
        "name_en": "Olivia Zwara resort قرية أوليڤيا السياحية",
        "name_normalized_ar": "قريهاوليڤياالسياحيهزواره",
        "translation_status": "source_provided",
        "category": "القرى والمنتجعات السياحية",
        "subcategory_ar": "منتجع سياحي",
        "subcategory_en": "Tourist resort",
        "facility_type_code": "tourist_resort",
        "municipality_ar": "زوارة",
        "municipality_en": "Zuwara",
        "city_ar": "زوارة",
        "city_en": "Zuwara",
        "region_ar": "الساحل الغربي",
        "region_en": "Western Coast",
        "address_ar": "Zuwarah Libya",
        "address_en": null,
        "longitude": 12.0239487,
        "latitude": 32.9763911,
        "source": "Tourist villages and resorts KML",
        "source_kml": "data/incoming/tourist-villages-resorts.kml",
        "source_record_index": 6,
        "description_ar": "الوصف:\nالاسم باللغة الانجليزية: Olivia Zwara resort قرية أوليڤيا السياحية\nالعنوان/المدينة: Zuwarah Libya\nالتصنيف:\nمعلومات اخرى:\nالوصف: طريق سيدي سعيد - قصور الشعير بالقرب من قرية البرتقالة زوارة\nعدد الشاليهات: 24\nعدد الاسرة: 96\nالخدمات المتوفرة:\nالاسعار:\nللحجز والاستفسار: 091-9987111\nاوقات العمل:\nالتقييمات والانطباعات:\n: Olivia Zwara resort قرية أوليڤيا السياحية\n: Zuwarah Libya\n:\n: طريق سيدي سعيد - قصور الشعير بالقرب من قرية البرتقالة زوارة\n: 96\n: 091-9987111",
        "description_en": null,
        "phone": "091-9987111",
        "email": null,
        "website": "https://www.facebook.com/p/ D9 82 D8 B1 D9 8A D8 A9- D8 A3 D9 88 D9 84 D9 8A DA A4 D9 8A D8 A7- D8 A7 D9 84 D8 B3 D9 8A D8 A7 D8 AD D9 8A D8 A9-100063559149749/",
        "stars": null,
        "rooms": null,
        "beds": 96,
        "units": 24,
        "capacity": null,
        "beach_access": null,
        "pool_available": null,
        "restaurant_available": null,
        "parking_available": null,
        "family_friendly": null,
        "status": null,
        "license_status": null,
        "operational_status": null,
        "ownership_type": null,
        "data_quality_status": "medium",
        "data_review_status": "integrated",
        "source_image_url": "https://lh3.googleusercontent.com/umsh/AN6v0v4fNOpzOMGntxGcq4SuSwzJts_OZjweSdjaEqWJFRZXox0C9_1wsoaowFpfM3v2tXZ9kcpn6f2A1ScOjmshuG_iKrPNVjpFSD9-vsg_uDvbjhKiPjHNJns6ZRtJaBYK80mNzLgq2VAeVbeR2RxXcC3wjHC-PoLgcQSJt25PW_ioZOmvoW8N9BncQs0fLQZPcCwkx_vm2yHyFejgayZOkfY09etLWCjQdGRYO0sijkuag-SC7hJI5t_CpIxijDbFsRWhp26xMo85k5vCWYkJM2F6LNNs-ZhnSuHyscB6VzAx4x3xBD-cuO4UfKKgd-Ll376PDeO10WQEYLKrvgBWahU8yR3hF9-SQV2GEdzm2deoOlHZxvj1jsHcDB0cm0FeO85TeaWHWFxc0Mka5TNzd9nw02WBU9LAmlhvt7D38LFfcumRx7lZvqZE6bSpDNt_tm-Jjiy75TLKz3ypMaiVBpw2W3fQ0c1CT2sTRallrRlVSMywhS2xurDOEnMtk0BsnIeVQrum_x21P1dxY9BzrtoxzWJbE8KmCNFiTzjtepqQYey-Koei07HUOWPsBgs3ojPwgegE1CYAtrrlziXIy_5k4YhKWZrlCMrLe-tCvaTUQrHvHY06oMtM7R9UJ54QHCnP_PsU3tRHxw-ebd_fmbl4pg8FiYdVvBRWZ5cvJPGYMx5o-5uYSKSyDeFkUZeGQHVpa7a3_qZ-g92uyFWHGfDPUonQXA",
        "source_image_provider": "google_mymaps",
        "source_image_status": "temporary_google_url",
        "local_images": [],
        "image_count": 0,
        "created_at": "2026-08-06",
        "updated_at": "2026-08-06",
        "name_score": 1.0,
        "coordinate_score": 1.0,
        "classification_score": 1.0,
        "contact_score": 1.0,
        "capacity_score": 1.0,
        "services_score": 1.0,
        "image_score": 0.0,
        "completeness_score": 0.64,
        "overall_quality_score": 0.86,
        "data_completeness_percent": 64,
        "missing_fields": [
          "rooms",
          "capacity",
          "license",
          "operation",
          "image"
        ],
        "match_status": "new_feature",
        "coordinate_review_status": "valid",
        "coordinate_change_reason": null,
        "original_coordinates": [
          12.0239487,
          32.9763911
        ]
      },
      "geometry": {
        "type": "Point",
        "coordinates": [
          12.0239487,
          32.9763911
        ]
      }
    },
    {
      "type": "Feature",
      "id": "LY-ACC-RES-ZUW-00006",
      "properties": {
        "id": "LY-ACC-RES-ZUW-00006",
        "name_ar": "منتجع تايتانيك",
        "name_en": "Titanix Resort Zuwara",
        "name_normalized_ar": "منتجعتايتانيك",
        "translation_status": "source_provided",
        "category": "القرى والمنتجعات السياحية",
        "subcategory_ar": "منتجع سياحي",
        "subcategory_en": "Tourist resort",
        "facility_type_code": "tourist_resort",
        "municipality_ar": "زوارة",
        "municipality_en": "Zuwara",
        "city_ar": "زوارة",
        "city_en": "Zuwara",
        "region_ar": "الساحل الغربي",
        "region_en": "Western Coast",
        "address_ar": "Zuwarah Libya",
        "address_en": null,
        "longitude": 12.0565,
        "latitude": 32.95211,
        "source": "Tourist villages and resorts KML",
        "source_kml": "data/incoming/tourist-villages-resorts.kml",
        "source_record_index": 7,
        "description_ar": "الوصف: الاسم باللغة الانجليزية: Titanix Resort Zuwara\nالعنوان/المدينة: Zuwarah Libya\nالتصنيف:\nمعلومات اخرى:\nالوصف: منتجع رياض المنصوري Titanix Resort Zuwara\nالتصن منتجع سياحي\nالمدي زوارة\nعدد_ا 18\nعدد 1 72\nعدد الشاليهات: 18\nعدد الاسرة: 72\nالخدمات المتوفرة:\nالاسعار:\nللحجز والاستفسار: 093-0000765\nاوقات العمل:\nالتقييمات والانطباعات:\n: Titanix Resort Zuwara\n: Zuwarah Libya\n:\n: منتجع رياض المنصوري Titanix Resort Zuwara\n: 72\n: 093-0000765",
        "description_en": null,
        "phone": "093-0000765",
        "email": null,
        "website": "https://www.facebook.com/Titanixresortzwuara",
        "stars": null,
        "rooms": null,
        "beds": 72,
        "units": 18,
        "capacity": null,
        "beach_access": null,
        "pool_available": null,
        "restaurant_available": null,
        "parking_available": null,
        "family_friendly": null,
        "status": null,
        "license_status": null,
        "operational_status": null,
        "ownership_type": null,
        "data_quality_status": "medium",
        "data_review_status": "integrated",
        "source_image_url": "https://lh3.googleusercontent.com/umsh/AN6v0v4hz-8YaSiOIWRYssjkhhr6fTx1IGgBynAQAA6CVQerRXEJpi_mhqP8gEelJu5hhnWvW6AkrAbC8L08Ndn_KW6N7Avar3MwgbCxP1onRnSY5adgQBm275g8G6_x2UJJ7E1IBOY08DHc5_diiWbzXFzCEua2IV7bawo0VCjLH2FV-vyVgow1tv50CT7VPim8_NO05fEU4GDRmjQU6m2EvftamYnZ7jYUGGVFo2wnf-kgWqGnpKp5mW4KdrbZYoBxfyNuxRxYZBQ1m0vmWcViuQ4KOV0l6fOv0Uq7ySvMeUwMg-Hu0hmpceD3r9xlKgn-tpiKMHsehtLkFfGI8UDzOo_pkoBmmIdvhqgUN7aFSrZDvJ1lofIMx_bVzjIZYITSi0LZuf-XBIykTID-v4fkqV6AqukKT_CyKsc3XjTxbm2IQ3sb4qHiGDOl8aAIOhnmLNx6tRGycJCCTx_mQCf3Dm0vvdQCJTIx5pAPMYBcGExgpflPwwEIQcsE0Keif10_Vo-LO7KHrAt_AkfDV2svSSIzoHV2ZUjoJb9f4_T9vxTFiFLje-UTU3CGjKu8HL8vhQ78GlaHrLVRL8BRJImH3kH37sTqP_YFhVmcY_iS3bDOsYxMHWHQMIK4x-QEopSchM0Dua7PLcSTwKfFBvyBvtEuL0BQ40NfAZ3rCaxagPcjltptFykZcb4xXNHTSo7gr2kown9IcRJbGGU5GNhHieW0m6S3ug",
        "source_image_provider": "google_mymaps",
        "source_image_status": "temporary_google_url",
        "local_images": [],
        "image_count": 0,
        "created_at": "2026-08-06",
        "updated_at": "2026-08-06",
        "name_score": 1.0,
        "coordinate_score": 1.0,
        "classification_score": 1.0,
        "contact_score": 1.0,
        "capacity_score": 1.0,
        "services_score": 1.0,
        "image_score": 0.0,
        "completeness_score": 0.64,
        "overall_quality_score": 0.86,
        "data_completeness_percent": 64,
        "missing_fields": [
          "rooms",
          "capacity",
          "license",
          "operation",
          "image"
        ],
        "match_status": "exact_match",
        "coordinate_review_status": "valid",
        "coordinate_change_reason": null,
        "original_coordinates": [
          12.0565,
          32.95211
        ]
      },
      "geometry": {
        "type": "Point",
        "coordinates": [
          12.0565,
          32.95211
        ]
      }
    },
    {
      "type": "Feature",
      "id": "LY-ACC-RES-ZUW-00007",
      "properties": {
        "id": "LY-ACC-RES-ZUW-00007",
        "name_ar": "إقامة تولين السياحية",
        "name_en": "إقامة تولين - Tuline residence",
        "name_normalized_ar": "اقامهتولينالسياحيه",
        "translation_status": "source_provided",
        "category": "القرى والمنتجعات السياحية",
        "subcategory_ar": "قرية سياحية",
        "subcategory_en": "Tourist village",
        "facility_type_code": "tourist_village",
        "municipality_ar": "زوارة",
        "municipality_en": "Zuwara",
        "city_ar": "زوارة",
        "city_en": "Zuwara",
        "region_ar": "الساحل الغربي",
        "region_en": "Western Coast",
        "address_ar": "Zuwarah Libya",
        "address_en": null,
        "longitude": 12.021124,
        "latitude": 32.978893,
        "source": "Tourist villages and resorts KML",
        "source_kml": "data/incoming/tourist-villages-resorts.kml",
        "source_record_index": 8,
        "description_ar": "الوصف: الاسم باللغة الانجليزية: إقامة تولين - Tuline residence\nالعنوان/المدينة: Zuwarah Libya\nالتصنيف: التصن قرية سياحية\nمعلومات اخرى:\nالوصف: إقامة تولين السياحية\nالمدي زوارة\nعدد_ا 8\nعدد 1 32\nعدد الشاليهات: 16\nعدد الاسرة: 64\nالخدمات المتوفرة:\nالاسعار:\nللحجز والاستفسار: 092-6973351\nاوقات العمل:\nالتقييمات والانطباعات:\n: إقامة تولين - Tuline residence\n: Zuwarah Libya\n:\n: إقامة تولين السياحية\n: 64\n: 092-6973351",
        "description_en": null,
        "phone": "092-6973351",
        "email": null,
        "website": "https://www.facebook.com/p/ D8 A5 D9 82 D8 A7 D9 85 D8 A9- D8 AA D9 88 D9 84 D9 8A D9 86-Tuline-residence-100083062190635/ locale ar_AR",
        "stars": null,
        "rooms": null,
        "beds": 64,
        "units": 16,
        "capacity": null,
        "beach_access": null,
        "pool_available": null,
        "restaurant_available": null,
        "parking_available": null,
        "family_friendly": null,
        "status": null,
        "license_status": null,
        "operational_status": null,
        "ownership_type": null,
        "data_quality_status": "medium",
        "data_review_status": "integrated",
        "source_image_url": "https://lh3.googleusercontent.com/umsh/AN6v0v48tpp37V5CLFZecXapc7bmNRFjEN_Vsd0Twig9TqcQoAiAMRBzvqAZR6Y-e4pT4azDm37gdDZx4jYrug_6bsI3NyF1Eyu7sDuJLLzYqm6jGXXnqTfc0NNRlKa05vYr99uTyf2OjSQf8NrCTTvMpIM7Hx4SJ7L5k98gN8i61zixDaDxBhbs9zjqLlZT94NUaysyCu5SRZLrkyTy-msp0_8-Z7PoFfvX_OmWMOodlOzfu23uhf8jVGQCUMS2O7vOzAfTSL3mBH1IlhpNe75A-40Xd_IL39EgshgDDZr8_NNbfgYMi7A1yWpXSqLiNOnYycZvaSIR7bhbd0-vT8esMNh4U5uxNtSH20OJBZWyA6jXQvn9-PHlgCMQiHfVubD8wM_e6vekFKctGLTi8dTDwCFI2bAKNoaYTaBw42jZj3e6bNGnMYwhQGhoK8NyAaj2bCSy8mY45veNxeN-arz1Dp4VBAJeVF5ZImNQOj_kH4oaUQddbAj2w1AEg3pumkp9_QUfshISGc8z39asHHKfOyhVJP05F0kieCK9NHtSr4vaaeekaAUrGHy6LQgpL7puvjVFmFGd_eY_a7F0_wUBe6IdySaqPlVby4tTZtpxZpCU47NW7mCkMhLGVoE1oHybJEBZ1dX55_2VdArdmccNrW40GLxRgqYrr3REXZzu6SGeYKVUOp8tpU3_nVuLhG6iHe98kKLRwzTdfp6JXZFxqqLfFdX6",
        "source_image_provider": "google_mymaps",
        "source_image_status": "temporary_google_url",
        "local_images": [],
        "image_count": 0,
        "created_at": "2026-08-06",
        "updated_at": "2026-08-06",
        "name_score": 1.0,
        "coordinate_score": 1.0,
        "classification_score": 1.0,
        "contact_score": 1.0,
        "capacity_score": 1.0,
        "services_score": 1.0,
        "image_score": 0.0,
        "completeness_score": 0.64,
        "overall_quality_score": 0.86,
        "data_completeness_percent": 64,
        "missing_fields": [
          "rooms",
          "capacity",
          "license",
          "operation",
          "image"
        ],
        "match_status": "exact_match",
        "coordinate_review_status": "valid",
        "coordinate_change_reason": null,
        "original_coordinates": [
          12.021124,
          32.978893
        ]
      },
      "geometry": {
        "type": "Point",
        "coordinates": [
          12.021124,
          32.978893
        ]
      }
    },
    {
      "type": "Feature",
      "id": "LY-ACC-RES-ZUW-00008",
      "properties": {
        "id": "LY-ACC-RES-ZUW-00008",
        "name_ar": "VILLA HAYA",
        "name_en": "VILLA HAYA",
        "name_normalized_ar": "villahaya",
        "translation_status": "source_provided",
        "category": "القرى والمنتجعات السياحية",
        "subcategory_ar": "منتجع سياحي",
        "subcategory_en": "Tourist resort",
        "facility_type_code": "tourist_resort",
        "municipality_ar": "زوارة",
        "municipality_en": "Zuwara",
        "city_ar": "زوارة",
        "city_en": "Zuwara",
        "region_ar": "الساحل الغربي",
        "region_en": "Western Coast",
        "address_ar": "زوارة Zuwarah Libya",
        "address_en": null,
        "longitude": 12.06513,
        "latitude": 32.94623,
        "source": "Tourist villages and resorts KML",
        "source_kml": "data/incoming/tourist-villages-resorts.kml",
        "source_record_index": 9,
        "description_ar": "الوصف:\nالاسم باللغة الانجليزية: VILLA HAYA\nالعنوان/المدينة: زوارة Zuwarah Libya\nالتصنيف:\nمعلومات اخرى:\nالوصف: منتجع فيلا هيا\nالتصن منتجع سياحي\nالمدي زوارة\nعدد_ا 4\nعدد 1 35\nعدد الشاليهات: 4\nعدد الاسرة: 35\nالخدمات المتوفرة:\nالاسعار:\nللحجز والاستفسار: 092-6602221\nاوقات العمل:\nالتقييمات والانطباعات:\n: VILLA HAYA\n: زوارة Zuwarah Libya\n:\n: منتجع فيلا هيا\n: 35\n: 092-6602221",
        "description_en": null,
        "phone": "092-6602221",
        "email": null,
        "website": "https://www.facebook.com/p/VILLA-HAYA-100049315577903/",
        "stars": null,
        "rooms": null,
        "beds": 35,
        "units": 4,
        "capacity": null,
        "beach_access": null,
        "pool_available": null,
        "restaurant_available": null,
        "parking_available": null,
        "family_friendly": null,
        "status": null,
        "license_status": null,
        "operational_status": null,
        "ownership_type": null,
        "data_quality_status": "medium",
        "data_review_status": "integrated",
        "source_image_url": "https://lh3.googleusercontent.com/umsh/AN6v0v6Q-Z9rsqqUIT-IsFuGMhmae1Eb5ooWVCYVIPACoPubKA07e5Wx-I1o9-gw9FYg3LFNg1RYriNj0g4jwV76516Vtz8vUm-Fs3E95qriImllxHewo9Q_aP3d3ZSjgPG2NdmpspXNcuf9Uztc5myuipe093J2MqLIhL5-cKma4w9zf5-mA3b6AVwyQdyn6Et_LTCvZm6-D2waYfA-2BoAAPGJhoyuHd_pKcU5JZc5-jSp-sw2Cln3ulnjpFM5MQZ6K1Ly8WFabz20KKDNSg1KlRN-xllFOU8w85rSxmTpnWxqWAWGssTVSJDZYXHjgUdB9N7_Ogw_mMgdcSR8mcZUEWSH1DQr-H6GBQDGb1y5aUWQj02YLqNMlta4GwmIBdRi3X9sGjlQQDSrhdIPT8sRrqdNr7TH3euXUPoJUGoAnW0-uasZg1mOdbyaPvarc662-kYT_Kyi6M5dr1XPpyo7y6h0w7BUhu4P_NuVbXpLfLqe7krzJb8rGOS6dPrMR0lSdG5sCsrmhbFqb6yOmlB1Ajvbl-GfgIPd-8wgkLeoJoI2fyUUr6xf-zYENHs27apa38g_8x-LiwCR_-8jMEIUMXEtR7F6dnR29BglUDFH35VB0Od-_MZylfh7AfkxQdEdK3CDaGqSNng_jl7NkqjuZyAsGc6oKa3ELUVgIy1eXtf7cVqbuX0CubnXjgWMKMuKXuWCxNjHLedM25GRJVxeXvEJH1WAKw",
        "source_image_provider": "google_mymaps",
        "source_image_status": "temporary_google_url",
        "local_images": [],
        "image_count": 0,
        "created_at": "2026-08-06",
        "updated_at": "2026-08-06",
        "name_score": 1.0,
        "coordinate_score": 1.0,
        "classification_score": 1.0,
        "contact_score": 1.0,
        "capacity_score": 1.0,
        "services_score": 1.0,
        "image_score": 0.0,
        "completeness_score": 0.64,
        "overall_quality_score": 0.86,
        "data_completeness_percent": 64,
        "missing_fields": [
          "rooms",
          "capacity",
          "license",
          "operation",
          "image"
        ],
        "match_status": "exact_match",
        "coordinate_review_status": "valid",
        "coordinate_change_reason": null,
        "original_coordinates": [
          12.06513,
          32.94623
        ]
      },
      "geometry": {
        "type": "Point",
        "coordinates": [
          12.06513,
          32.94623
        ]
      }
    },
    {
      "type": "Feature",
      "id": "LY-ACC-RES-ZUW-00009",
      "properties": {
        "id": "LY-ACC-RES-ZUW-00009",
        "name_ar": "منتجع زين السياحي",
        "name_en": "منتجع زين غاردن السياحي",
        "name_normalized_ar": "منتجعزينالسياحي",
        "translation_status": "source_provided",
        "category": "القرى والمنتجعات السياحية",
        "subcategory_ar": "منشأة سياحية أخرى",
        "subcategory_en": "Other tourism accommodation",
        "facility_type_code": "accommodation_resort_other",
        "municipality_ar": "زوارة",
        "municipality_en": "Zuwara",
        "city_ar": "زوارة",
        "city_en": "Zuwara",
        "region_ar": "الساحل الغربي",
        "region_en": "Western Coast",
        "address_ar": "التصنيف:",
        "address_en": null,
        "longitude": 12.041876,
        "latitude": 32.961648,
        "source": "Tourist villages and resorts KML",
        "source_kml": "data/incoming/tourist-villages-resorts.kml",
        "source_record_index": 10,
        "description_ar": "الوصف: الاسم باللغة الانجليزية: منتجع زين غاردن السياحي\nالعنوان/المدينة:\nالتصنيف:\nمعلومات اخرى:\nالوصف: منتجع زين السياحي\nالماتشوك، طريق سيدي سعيد زوارة\nعدد الشاليهات: 3\nعدد الاسرة: 13\nالخدمات المتوفرة:\nوسائل الاتصال:\nالاسعار:\nللحجز والاستفسار: مغلق\nاوقات العمل:\nالتقييمات والانطباعات:\n: منتجع زين غاردن السياحي\n:\n: منتجع زين السياحي\n: 13\n: مغلق",
        "description_en": null,
        "phone": "مغلق",
        "email": null,
        "website": "الاسعار:",
        "stars": null,
        "rooms": null,
        "beds": 13,
        "units": 3,
        "capacity": null,
        "beach_access": null,
        "pool_available": null,
        "restaurant_available": null,
        "parking_available": null,
        "family_friendly": null,
        "status": null,
        "license_status": null,
        "operational_status": null,
        "ownership_type": null,
        "data_quality_status": "medium",
        "data_review_status": "integrated",
        "source_image_url": null,
        "source_image_provider": null,
        "source_image_status": "no_image",
        "local_images": [],
        "image_count": 0,
        "created_at": "2026-08-06",
        "updated_at": "2026-08-06",
        "name_score": 1.0,
        "coordinate_score": 1.0,
        "classification_score": 0.65,
        "contact_score": 1.0,
        "capacity_score": 1.0,
        "services_score": 1.0,
        "image_score": 0.0,
        "completeness_score": 0.64,
        "overall_quality_score": 0.81,
        "data_completeness_percent": 64,
        "missing_fields": [
          "rooms",
          "capacity",
          "license",
          "operation",
          "image"
        ],
        "match_status": "exact_match",
        "coordinate_review_status": "valid",
        "coordinate_change_reason": null,
        "original_coordinates": [
          12.041876,
          32.961648
        ]
      },
      "geometry": {
        "type": "Point",
        "coordinates": [
          12.041876,
          32.961648
        ]
      }
    },
    {
      "type": "Feature",
      "id": "LY-ACC-RES-ZUW-00010",
      "properties": {
        "id": "LY-ACC-RES-ZUW-00010",
        "name_ar": "قرية تيبودا السياحيه",
        "name_en": "قرية تيبودا السياحيه Teboda resort",
        "name_normalized_ar": "قريهتيبوداالسياحيه",
        "translation_status": "source_provided",
        "category": "القرى والمنتجعات السياحية",
        "subcategory_ar": "منتجع سياحي",
        "subcategory_en": "Tourist resort",
        "facility_type_code": "tourist_resort",
        "municipality_ar": "زوارة",
        "municipality_en": "Zuwara",
        "city_ar": "زوارة",
        "city_en": "Zuwara",
        "region_ar": "الساحل الغربي",
        "region_en": "Western Coast",
        "address_ar": "زوارة",
        "address_en": null,
        "longitude": 12.05311,
        "latitude": 32.9545,
        "source": "Tourist villages and resorts KML",
        "source_kml": "data/incoming/tourist-villages-resorts.kml",
        "source_record_index": 11,
        "description_ar": "الوصف:\nالاسم باللغة الانجليزية: قرية تيبودا السياحيه Teboda resort\nالعنوان/المدينة: زوارة\nالتصنيف:\nمعلومات اخرى:\nالوصف: قرية تيبودا السياحيه\nTiboda Resort Zuwara\nعدد الشاليهات: 35\nعدد الاسرة: 140\nالخدمات المتوفرة:\nالاسعار:\nللحجز والاستفسار: 0912141077\n0917836710\nاوقات العمل:\nالتقييمات والانطباعات:\n: قرية تيبودا السياحيه Teboda resort\n: زوارة\n:\n: قرية تيبودا السياحيه\n: 140\n: 0912141077",
        "description_en": null,
        "phone": "0912141077",
        "email": null,
        "website": "https://www.facebook.com/tiboda.village/",
        "stars": null,
        "rooms": null,
        "beds": 140,
        "units": 35,
        "capacity": null,
        "beach_access": null,
        "pool_available": null,
        "restaurant_available": null,
        "parking_available": null,
        "family_friendly": null,
        "status": null,
        "license_status": null,
        "operational_status": null,
        "ownership_type": null,
        "data_quality_status": "medium",
        "data_review_status": "integrated",
        "source_image_url": "https://lh3.googleusercontent.com/umsh/AN6v0v5IiaRsuyJLbSqmAlQHg7oyuU9I61qxc8BlZzV5h5wB2xqy_5vhFO5KsApwMmIZvoCWqTMkkdvCMMgNBTOUGrZkPE_PYe-FKyPbqk7Y6VY3GRikTrVI_6Trcnd1kAAcRBxfbwfaxk1Eoc75Mk64bNeAmqMJpHBVEzta-Ay1AdnkisTxdeCHLfgD_3goTLhenspa7wal1JtT7XFzAHElvlZosoT3hvNzsoC43G4CSc1x84iIRtfENySbzx6i_F4Vlp3s2ms6aiv6z5aFo8t2jaXPJpilflZn69_O_LoPMbTeHUGcCC2HfDfgwgnB0IHin8EKwtUa0xjmBEDWNySdz-q8p7NxZ2whjElb5ojLORgR_QWaRWbGGo2CcwGMHO3vqNoCB8K_dcxEbGY0zW8BZogKK4tYStSE40JyIZ2JFVzuSRmqwIXpor7vyo_eR3mUoTSSi190jH73CHiL1KEJrOcO0rGg9PC7oNwdSKqj-luXVzueKqWYd8A2FneV-aqMaWvAaDs12rHIuWKBnzzlt7UPGPSu6Vud8gsoanOCiN_iVbm6E09gR9oTuTwZO30sEa9I2Frsl1Pxguu0avw2pvZn-jJyKfq1eWniTeRKqwZNJPAzwcZYIkJOenHMYbYy6nmKdJRzTMaPiNf1x9cigG2Yu8c47pzJ3Y1NeYfPbWHFF5qXIZ6LtVHLPJTrcmohZGKeJfUNIOE-iYWglHPBT5Bs8KSrmg",
        "source_image_provider": "google_mymaps",
        "source_image_status": "temporary_google_url",
        "local_images": [],
        "image_count": 0,
        "created_at": "2026-08-06",
        "updated_at": "2026-08-06",
        "name_score": 1.0,
        "coordinate_score": 1.0,
        "classification_score": 1.0,
        "contact_score": 1.0,
        "capacity_score": 1.0,
        "services_score": 1.0,
        "image_score": 0.0,
        "completeness_score": 0.64,
        "overall_quality_score": 0.86,
        "data_completeness_percent": 64,
        "missing_fields": [
          "rooms",
          "capacity",
          "license",
          "operation",
          "image"
        ],
        "match_status": "exact_match",
        "coordinate_review_status": "valid",
        "coordinate_change_reason": null,
        "original_coordinates": [
          12.05311,
          32.9545
        ]
      },
      "geometry": {
        "type": "Point",
        "coordinates": [
          12.05311,
          32.9545
        ]
      }
    },
    {
      "type": "Feature",
      "id": "LY-ACC-RES-ZUW-00011",
      "properties": {
        "id": "LY-ACC-RES-ZUW-00011",
        "name_ar": "منتجع سيتي بارك زوارة",
        "name_en": "City Park Zuwara - سيتي بارك زوارة",
        "name_normalized_ar": "منتجعسيتيباركزواره",
        "translation_status": "source_provided",
        "category": "القرى والمنتجعات السياحية",
        "subcategory_ar": "منتجع سياحي",
        "subcategory_en": "Tourist resort",
        "facility_type_code": "tourist_resort",
        "municipality_ar": "زوارة",
        "municipality_en": "Zuwara",
        "city_ar": "زوارة",
        "city_en": "Zuwara",
        "region_ar": "الساحل الغربي",
        "region_en": "Western Coast",
        "address_ar": "زوارة",
        "address_en": null,
        "longitude": 12.10216,
        "latitude": 32.93167,
        "source": "Tourist villages and resorts KML",
        "source_kml": "data/incoming/tourist-villages-resorts.kml",
        "source_record_index": 12,
        "description_ar": "الوصف:\nالاسم باللغة الانجليزية: City Park Zuwara - سيتي بارك زوارة\nالعنوان/المدينة: زوارة\nالتصنيف: التصن منتجع سياحي\nمعلومات اخرى:\nالوصف: منتجع ستي بارك\nعدد الشاليهات: 0\nعدد الاسرة: 0\nالخدمات المتوفرة:\nالاسعار:\nللحجز والاستفسار: 091-2505259 0916079964 - 0945115270\nاوقات العمل:\nالتقييمات والانطباعات:\n: City Park Zuwara - سيتي بارك زوارة\n: زوارة\n:\n: منتجع ستي بارك\n: 0\n: 091-2505259 0916079964 - 0945115270",
        "description_en": null,
        "phone": "091-2505259 0916079964 - 0945115270",
        "email": null,
        "website": "https://www.facebook.com/citypark88/ locale ar_AR",
        "stars": null,
        "rooms": null,
        "beds": 0,
        "units": 0,
        "capacity": null,
        "beach_access": null,
        "pool_available": null,
        "restaurant_available": null,
        "parking_available": null,
        "family_friendly": null,
        "status": null,
        "license_status": null,
        "operational_status": null,
        "ownership_type": null,
        "data_quality_status": "medium",
        "data_review_status": "integrated",
        "source_image_url": "https://lh3.googleusercontent.com/umsh/AN6v0v6eM0kFnZWmcPotQUy9OAq6v7zNOaVNGzxCKQbQje0fiT61W_oEAU0Pqa7y1OVjvPJzuHxQOmn8LSBrBgrx4aowm-_T--7-JhPNsP-eGfSjtCD1m5OF3aTkJ5iXh5qLlHRgTDUlw0F9bmrBC9KIcpkT9NYActAKvDHQdiVKyElmHrfzTjDMNC_7VeJ5LBiDxikGtndAqwTa0hZa_7xVPiR1t-2m74snyoxSe73uX9PxnGtWQfqX34uV-iwy3Zwwj9w9ddncymMf3JgoxlamLrhz2covznmPcCO6M0IwJA-w-exWoHcWTgANeujSLQrm6_mCq16WrrQzWkv1eZcX1g_87eVDBGHLH97_KDaWsAZDUBNlo03RkCna8QdhaMMHSym9B5XJmT8cVUeb6mTbtcD_GIcGA9DLuvPu9RhUxOiv8-FdSLRHgpP5s1pV2uGbwXUUAd8E_coNaG1aWx1jHAbJ9-WYbZTrnl4DwvvqMahrlOZ5YqAkPxFppIBKUEFVKNwHQZVzxaQMIitfqe3AF5MhKpMkFpYbmLpyOC22zt500NZZuI39OYqpsyOFP_yQcZ8QZusQ24_OBzMz2YDiTCtwzaYSCuEQdPBKCOKLd4vmz3vTojj3x4ZmzwfpY4FRul7HxDZonev7uaK_5nYWijvcsOCjzIDFW3hEVVdEAe8mdflXXeWdghzyxVXcahH2xGqw6gGgtHO6zEdKyr7USrZqcQegVA",
        "source_image_provider": "google_mymaps",
        "source_image_status": "temporary_google_url",
        "local_images": [],
        "image_count": 0,
        "created_at": "2026-08-06",
        "updated_at": "2026-08-06",
        "name_score": 1.0,
        "coordinate_score": 1.0,
        "classification_score": 1.0,
        "contact_score": 1.0,
        "capacity_score": 0.0,
        "services_score": 1.0,
        "image_score": 0.0,
        "completeness_score": 0.5,
        "overall_quality_score": 0.71,
        "data_completeness_percent": 50,
        "missing_fields": [
          "rooms",
          "beds",
          "units",
          "capacity",
          "license",
          "operation",
          "image"
        ],
        "match_status": "exact_match",
        "coordinate_review_status": "valid",
        "coordinate_change_reason": null,
        "original_coordinates": [
          12.10216,
          32.93167
        ]
      },
      "geometry": {
        "type": "Point",
        "coordinates": [
          12.10216,
          32.93167
        ]
      }
    },
    {
      "type": "Feature",
      "id": "LY-ACC-RES-SAB-00001",
      "properties": {
        "id": "LY-ACC-RES-SAB-00001",
        "name_ar": "قرية جوهرة صبراتة السياحية",
        "name_en": "قرية جوهرة صبراتة السياحية Goharat sabratha",
        "name_normalized_ar": "قريهجوهرهصبراتهالسياحيه",
        "translation_status": "source_provided",
        "category": "القرى والمنتجعات السياحية",
        "subcategory_ar": "قرية سياحية",
        "subcategory_en": "Tourist village",
        "facility_type_code": "tourist_village",
        "municipality_ar": "صبراتة",
        "municipality_en": "Sabratha",
        "city_ar": "صبراتة",
        "city_en": "Sabratha",
        "region_ar": "الساحل الغربي",
        "region_en": "Western Coast",
        "address_ar": "صبراتة",
        "address_en": null,
        "longitude": 12.45843,
        "latitude": 32.8107,
        "source": "Tourist villages and resorts KML",
        "source_kml": "data/incoming/tourist-villages-resorts.kml",
        "source_record_index": 13,
        "description_ar": "الوصف:\nالاسم باللغة الانجليزية: قرية جوهرة صبراتة السياحية Goharat sabratha\nالعنوان/المدينة: صبراتة\nالتصنيف: قرية سياحية\nمعلومات اخرى:\nالوصف: قرية جوهرة صبراتة السياحية\nعدد الشاليهات: 32\nعدد الاسرة: 64\nالخدمات المتوفرة:\nالاسعار:\nللحجز والاستفسار: 091-7670236\nاوقات العمل:\nالتقييمات والانطباعات:\n: قرية جوهرة صبراتة السياحية Goharat sabratha\n: صبراتة\n:\n: قرية جوهرة صبراتة السياحية\n: 64\n: 091-7670236",
        "description_en": null,
        "phone": "091-7670236",
        "email": null,
        "website": "https://www.facebook.com/JawharatSabratha/",
        "stars": null,
        "rooms": null,
        "beds": 64,
        "units": 32,
        "capacity": null,
        "beach_access": null,
        "pool_available": null,
        "restaurant_available": null,
        "parking_available": null,
        "family_friendly": null,
        "status": null,
        "license_status": null,
        "operational_status": null,
        "ownership_type": null,
        "data_quality_status": "medium",
        "data_review_status": "integrated",
        "source_image_url": "https://lh3.googleusercontent.com/umsh/AN6v0v7S4EW3QoD9aOkUafKOt-aIfISVdn9azNyEZDUb_YA2mRm8wmTKr25XZy5DPIKJuTzVZc20yjzek9XHuufnMIkM3L-FEQjqYjIlNsUblyykckaHvs7MnXqYf7p6vKICuLCu35M5znyie1U5PQ3WiHdCVKQPGoetsAue68PcFat6_yo4G2GTikzOZhZ6CBBpKgy_Zxreo0Po-DozrrTfYre4KgO7KhKHywcW-7lbVAkKr4fYO0cw8y5loIbLoVAmxgid4bjs-432IEVQRGFiQ_AEGKiMCP0PA04OQudpOL06Zrb2gyDvJnzu6bew6BssuAlwR7XgkVzZMbUaJ6QJhOwDIGy8F942-3uCiVEJLAHScwhRjTsem4MT9lg5kjVlW-C7Bz8ND579WWs8b6Yvq_EqmJzU_cQjaRfWspAOTpEMYTwc5SkFSlbA3ebSU7K0mhXz-EJ4KXmb2tRsHwWAFn3vVPPFH3wWbsvQjeFDlM9X8pE8Fi-tt9baqLNE_TYwzLKFsRh2e1NNdejujckTpMreyfS1XsT4jJ8AAtwy___Pv7dqhkxm8TIhD_9-JUlDxJBicw6yG5i5Ck_h_Abebdyna3tK2YXUqOEo49C-M_xbhUZ7OUJCb0eoF1-6522zw9sEYzFCrJACiffImAQog9uWFjHXf_jOzbGNPiakqKTN4YF7P-KJA_VssUf7fDx-5MIhqsYiDNrb9T7y2gU7s13BD3LvEw",
        "source_image_provider": "google_mymaps",
        "source_image_status": "temporary_google_url",
        "local_images": [],
        "image_count": 0,
        "created_at": "2026-08-06",
        "updated_at": "2026-08-06",
        "name_score": 1.0,
        "coordinate_score": 1.0,
        "classification_score": 1.0,
        "contact_score": 1.0,
        "capacity_score": 1.0,
        "services_score": 1.0,
        "image_score": 0.0,
        "completeness_score": 0.64,
        "overall_quality_score": 0.86,
        "data_completeness_percent": 64,
        "missing_fields": [
          "rooms",
          "capacity",
          "license",
          "operation",
          "image"
        ],
        "match_status": "exact_match",
        "coordinate_review_status": "valid",
        "coordinate_change_reason": null,
        "original_coordinates": [
          12.45843,
          32.8107
        ]
      },
      "geometry": {
        "type": "Point",
        "coordinates": [
          12.45843,
          32.8107
        ]
      }
    },
    {
      "type": "Feature",
      "id": "LY-ACC-RES-SAB-00002",
      "properties": {
        "id": "LY-ACC-RES-SAB-00002",
        "name_ar": "قرية المغرب العربي صبراتة",
        "name_en": "فندق المغرب العربي للشقق المفروشة",
        "name_normalized_ar": "قريهالمغربالعربيصبراته",
        "translation_status": "source_provided",
        "category": "القرى والمنتجعات السياحية",
        "subcategory_ar": "قرية سياحية",
        "subcategory_en": "Tourist village",
        "facility_type_code": "tourist_village",
        "municipality_ar": "صبراتة",
        "municipality_en": "Sabratha",
        "city_ar": "صبراتة",
        "city_en": "Sabratha",
        "region_ar": "الساحل الغربي",
        "region_en": "Western Coast",
        "address_ar": "طريق الساحلي Sabratah Libya",
        "address_en": null,
        "longitude": 12.328594,
        "latitude": 32.825957,
        "source": "Tourist villages and resorts KML",
        "source_kml": "data/incoming/tourist-villages-resorts.kml",
        "source_record_index": 14,
        "description_ar": "الوصف:\nالاسم باللغة الانجليزية: فندق المغرب العربي للشقق المفروشة\nالعنوان/المدينة: طريق الساحلي Sabratah Libya\nالتصنيف: قرية سياحية\nمعلومات اخرى:\nالوصف: قرية المغرب العربي\nعدد الشاليهات: 98\nعدد الاسرة: 392\nالخدمات المتوفرة:\nالاسعار:\nللحجز والاستفسار: 023-3103216--0917670236\nاوقات العمل:\nالتقييمات والانطباعات:\n: فندق المغرب العربي للشقق المفروشة\n: طريق الساحلي Sabratah Libya\n:\n: قرية المغرب العربي\n: 392\n: 023-3103216--0917670236",
        "description_en": null,
        "phone": "023-3103216--0917670236",
        "email": null,
        "website": "https://www.facebook.com/MGAHOTEL/",
        "stars": null,
        "rooms": null,
        "beds": 392,
        "units": 98,
        "capacity": null,
        "beach_access": null,
        "pool_available": null,
        "restaurant_available": null,
        "parking_available": null,
        "family_friendly": null,
        "status": null,
        "license_status": null,
        "operational_status": null,
        "ownership_type": null,
        "data_quality_status": "medium",
        "data_review_status": "integrated",
        "source_image_url": "https://lh3.googleusercontent.com/umsh/AN6v0v6y8CGpvqp5GP_yb3bW0ZEDdnigycTbfPdmW3P5OrvDDyvPzlBRqBwC6Q3_Ld4M2wTtzO82JLiJxApYAgBwwMA946OheZHavvNzz582Cs-PefLluQFPOzgyPXArJMo2r0XO9CWlJo4N-DPJil4zbELvCUNrTtbD9qyg35Zl4ROCPQvoypMo6BHJQlNqPlhEXNNjMOEXu7xPvv-0hrW_CqqmfQu14YluI1zj1JnNf-52HDuEzMIeZlwzRdc9PE8BnVh2mFyIMuKNdodiSTbcCPVYSjwxoes8UgAOWAnrmul_8sqXfQEkQvClffR1q0vjzhrwHelYHMHMazMFOSkj62W5ltkXte4FNXznN5HTmY8tBC-czPuU7NsMrvumtgqcWPZIdSuUACcu3aH_gu0ZUL_XH43ngRjyNL6tUQJNb-Hblnds1_wkhpFGl0Hn8JilZwUqihrSlP2-0gBvgLtlXxv2_3zssF4o1OdALoF-rhUghYKCCC10k6OmVNHDsScLs5MxJ2_dlW-F5HNnHRd4fteoAm7m6H1Aito93GxoqQ3DjYXfs6ggWFWTk5Wk0Az6S44guqHhfNqMYiGwb5C7Z8W6BKpeyclBcGdQ87Rh61pWZLjwSlsdVVRQHS2upcj_kcqTG82v2NgFkBPLv5CsLFRLBVKH4j4ex_Wvj_h_Jr4ezB2jIvCFBI5m5XIWoYmnc5KAacLJpPLskfNaJoDJs9gs0UuKew",
        "source_image_provider": "google_mymaps",
        "source_image_status": "temporary_google_url",
        "local_images": [],
        "image_count": 0,
        "created_at": "2026-08-06",
        "updated_at": "2026-08-06",
        "name_score": 1.0,
        "coordinate_score": 1.0,
        "classification_score": 1.0,
        "contact_score": 1.0,
        "capacity_score": 1.0,
        "services_score": 1.0,
        "image_score": 0.0,
        "completeness_score": 0.64,
        "overall_quality_score": 0.86,
        "data_completeness_percent": 64,
        "missing_fields": [
          "rooms",
          "capacity",
          "license",
          "operation",
          "image"
        ],
        "match_status": "exact_match",
        "coordinate_review_status": "valid",
        "coordinate_change_reason": null,
        "original_coordinates": [
          12.328594,
          32.825957
        ]
      },
      "geometry": {
        "type": "Point",
        "coordinates": [
          12.328594,
          32.825957
        ]
      }
    },
    {
      "type": "Feature",
      "id": "LY-ACC-RES-SAB-00003",
      "properties": {
        "id": "LY-ACC-RES-SAB-00003",
        "name_ar": "مركب تليل السياحي_صبراتة",
        "name_en": "Tellel resorts مركب تليل السياحي",
        "name_normalized_ar": "مركبتليلالسياحي_صبراته",
        "translation_status": "source_provided",
        "category": "القرى والمنتجعات السياحية",
        "subcategory_ar": "قرية سياحية",
        "subcategory_en": "Tourist village",
        "facility_type_code": "tourist_village",
        "municipality_ar": "صبراتة",
        "municipality_en": "Sabratha",
        "city_ar": "صبراتة",
        "city_en": "Sabratha",
        "region_ar": "الساحل الغربي",
        "region_en": "Western Coast",
        "address_ar": "صبراتة، ليبيا",
        "address_en": null,
        "longitude": 12.37648,
        "latitude": 32.81694,
        "source": "Tourist villages and resorts KML",
        "source_kml": "data/incoming/tourist-villages-resorts.kml",
        "source_record_index": 15,
        "description_ar": "الوصف:\nالاسم باللغة الانجليزية: Tellel resorts مركب تليل السياحي\nالعنوان/المدينة: صبراتة، ليبيا\nالتصنيف: قرية سياحية\nمعلومات اخرى:\nالوصف: مركب تليل السياحي\nعدد الشاليهات: 203\nعدد الاسرة: 482\nالخدمات المتوفرة:\nالاسعار:\nللحجز والاستفسار: 091-6067888\nاوقات العمل:\nالتقييمات والانطباعات:\n: Tellel resorts مركب تليل السياحي\n: صبراتة، ليبيا\n:\n: مركب تليل السياحي\n: 482\n: 091-6067888",
        "description_en": null,
        "phone": "091-6067888",
        "email": null,
        "website": "https://www.facebook.com/dartellile/ locale ar_AR",
        "stars": null,
        "rooms": null,
        "beds": 482,
        "units": 203,
        "capacity": null,
        "beach_access": null,
        "pool_available": null,
        "restaurant_available": null,
        "parking_available": null,
        "family_friendly": null,
        "status": null,
        "license_status": null,
        "operational_status": null,
        "ownership_type": null,
        "data_quality_status": "medium",
        "data_review_status": "integrated",
        "source_image_url": "https://lh3.googleusercontent.com/umsh/AN6v0v4C9eBUefOjGIMqj_v1QPJsWZDVDOiFOx_AhWefEkUW0AZHVR2b3tCf3sSF4ZJ4muMjYDXSjcNFCzL9M0-3PXok-_IzGsZVv1cmuLkhcQ3wxrAXXArS4F0GsZkbvfVJ8MPu9FR_Z0GHGL4N2D9kLiSED5FwPiQCv8rrRga-sYM23ZBCUuUGJ3Es13CgJDLVjp-QCSIx1OOdD_6uXqz0TGRABJS-u4lhvST0N-23bjDRQ69PYRQVdnKnyQo5UEfSTkKVl2DrmB3UUhoyveeOzqsZZsH-PTlvp-HwCcWPeQzaV5JpPQzd9NZGELl_KgSbIrdWAGVVSxj3kzyHHCmq8IzXOGhUnUQL3enN1eTryEnC_yrk8WIV7srYpGvEHo6vSlkBh11lIDK7qiy0GBpaicqlQRgL4fw2pPgrIy_aJSs6EfEAIfJ2Drdkcww2KhhhwQ7aRa_9mX0k834xWnxvo7R7O0AXEmxrFEzoftDCV8nC6DJEip5OzJCg5VYLRYGWx_xQfyU1lHdZ7-cydXe0N_5sZH4RZdG4T0-ltoMQZcLAp84j3Ji-afa_BTV08UrAl2oxBlFTU6Q0qoesgUEKeRZe52K2cfv88mk3inWetYqmbQ9wXyGbGqFCvgBhelhu5glQZ-MIXKWmBgm3U-uLJehEDW-ByBDDd-5TsJBNCo9-ymwynWkq7zhKvivJyVn7wk1puOJ-rCVR-9bEe0PoVtmvf2p9Jg",
        "source_image_provider": "google_mymaps",
        "source_image_status": "temporary_google_url",
        "local_images": [],
        "image_count": 0,
        "created_at": "2026-08-06",
        "updated_at": "2026-08-06",
        "name_score": 1.0,
        "coordinate_score": 1.0,
        "classification_score": 1.0,
        "contact_score": 1.0,
        "capacity_score": 1.0,
        "services_score": 1.0,
        "image_score": 0.0,
        "completeness_score": 0.64,
        "overall_quality_score": 0.86,
        "data_completeness_percent": 64,
        "missing_fields": [
          "rooms",
          "capacity",
          "license",
          "operation",
          "image"
        ],
        "match_status": "exact_match",
        "coordinate_review_status": "valid",
        "coordinate_change_reason": null,
        "original_coordinates": [
          12.37648,
          32.81694
        ]
      },
      "geometry": {
        "type": "Point",
        "coordinates": [
          12.37648,
          32.81694
        ]
      }
    },
    {
      "type": "Feature",
      "id": "LY-ACC-RES-NAT-00001",
      "properties": {
        "id": "LY-ACC-RES-NAT-00001",
        "name_ar": "القرية السياحية جنزور",
        "name_en": "العنوان/المدينة:",
        "name_normalized_ar": "القريهالسياحيهجنزور",
        "translation_status": "source_provided",
        "category": "القرى والمنتجعات السياحية",
        "subcategory_ar": "قرية سياحية",
        "subcategory_en": "Tourist village",
        "facility_type_code": "tourist_village",
        "municipality_ar": null,
        "municipality_en": null,
        "city_ar": null,
        "city_en": null,
        "region_ar": null,
        "region_en": null,
        "address_ar": "التصنيف:",
        "address_en": null,
        "longitude": 13.00864,
        "latitude": 32.83712,
        "source": "Tourist villages and resorts KML",
        "source_kml": "data/incoming/tourist-villages-resorts.kml",
        "source_record_index": 16,
        "description_ar": "الوصف:\nالاسم باللغة الانجليزية:\nالعنوان/المدينة:\nالتصنيف:\nمعلومات اخرى:\nالوصف: القرية السياحية جنزور\nالتصن قرية سياحية\nالمدي جنزور\nعدد_ا 185\nعدد 1 458\nعدد الشاليهات:\nعدد الاسرة:\nالخدمات المتوفرة:\nوسائل الاتصال:\nالاسعار:\nللحجز والاستفسار:\nاوقات العمل:\nالتقييمات والانطباعات:\n:\n: القرية السياحية جنزور",
        "description_en": null,
        "phone": "اوقات العمل:",
        "email": null,
        "website": "الاسعار:",
        "stars": null,
        "rooms": null,
        "beds": null,
        "units": null,
        "capacity": null,
        "beach_access": null,
        "pool_available": null,
        "restaurant_available": null,
        "parking_available": null,
        "family_friendly": null,
        "status": null,
        "license_status": null,
        "operational_status": null,
        "ownership_type": null,
        "data_quality_status": "low",
        "data_review_status": "integrated",
        "source_image_url": "https://lh3.googleusercontent.com/umsh/AN6v0v7JC_pubVDXwl7n9Mf-qf-eQ1DUXOoKa6lMkNatZKgdobZ57fuxiyExEdtPI5BMHwRM7ax-e3sWrVOorC86NKsdGErAde9Z1d9B895fvbB_Bv5TRL9NtwlAV0ML0EwddC2Dg1Llex6M2dCq5P4Gnk21LQh_pZQ4wsZ6NaCNrW-gDRhTIRgb4fVjHVG4rpCJS_IT1Y5TiYPNcxwLX7Qu0R7vR2h1q7UyNOa0kuLiljixAn167zErJaKmM7LR497vWoMhSlqKaj1FmaXBrdzPAFPAhtXhvJG3ZOJSameKqHQPQWhzqtbs_J8ooLW4Uyrym04AQbeMcTOxhAfnTH2kL0P4p6FOoUpfLHbzKdSkWKpFLSef6TwjqUds_3kj407Uy6eiE9hli6HmTkkx6SBl4m0uo6Qdv8sTTryRcDuNq2WFlYsYRU_RtvpP6N-Upz45M40liSUMpRQlHrx7QLejKWw2gUU223FcylZXT5eb5A5IC3KFC8dulqCpvHMWBYUxK2SSiSgErrl6hZ4mluAsXvKQW8_4NmzUVk-QcG8Ph3LMPqmVdcYWfdPfAo8nqhKxvIOM4SrDtPAr5QAoAz0_Zx8ptSiE-uC_E97KtFsiBp7iBdesDR52YsX-apjeNFih_50OD_D09casUuz3kAVVqZdezcd-940302Tdfj0nSGwsIpqWRdFc5BLkmOc2tJu9J8EjtyI6dsaCjHd4Z2Q8xiswmrw37Q",
        "source_image_provider": "google_mymaps",
        "source_image_status": "temporary_google_url",
        "local_images": [],
        "image_count": 0,
        "created_at": "2026-08-06",
        "updated_at": "2026-08-06",
        "name_score": 1.0,
        "coordinate_score": 1.0,
        "classification_score": 1.0,
        "contact_score": 1.0,
        "capacity_score": 0.0,
        "services_score": 1.0,
        "image_score": 0.0,
        "completeness_score": 0.43,
        "overall_quality_score": 0.71,
        "data_completeness_percent": 43,
        "missing_fields": [
          "municipality",
          "rooms",
          "beds",
          "units",
          "capacity",
          "license",
          "operation",
          "image"
        ],
        "match_status": "exact_match",
        "coordinate_review_status": "valid",
        "coordinate_change_reason": null,
        "original_coordinates": [
          13.00864,
          32.83712
        ]
      },
      "geometry": {
        "type": "Point",
        "coordinates": [
          13.00864,
          32.83712
        ]
      }
    },
    {
      "type": "Feature",
      "id": "LY-ACC-RES-TRI-00002",
      "properties": {
        "id": "LY-ACC-RES-TRI-00002",
        "name_ar": "قرية بالم سيتي/قرية النخيل السياحية طرابلس",
        "name_en": "Palm city residences janzour libya",
        "name_normalized_ar": "قريهبالمسيتيقريهالنخيلالسياحيهطرابلس",
        "translation_status": "source_provided",
        "category": "القرى والمنتجعات السياحية",
        "subcategory_ar": "قرية سياحية",
        "subcategory_en": "Tourist village",
        "facility_type_code": "tourist_village",
        "municipality_ar": "طرابلس",
        "municipality_en": "Tripoli",
        "city_ar": "طرابلس",
        "city_en": "Tripoli",
        "region_ar": "طرابلس",
        "region_en": "Tripoli",
        "address_ar": "جنزور",
        "address_en": null,
        "longitude": 13.041687,
        "latitude": 32.848441,
        "source": "Tourist villages and resorts KML",
        "source_kml": "data/incoming/tourist-villages-resorts.kml",
        "source_record_index": 17,
        "description_ar": "الوصف:\nالاسم باللغة الانجليزية: Palm city residences janzour libya\nالعنوان/المدينة: جنزور\nالتصنيف: قرية سياحية\nمعلومات اخرى:\nالوصف: قرية بالم سيتي\nعدد الشاليهات: 413\nعدد الاسرة: 826\nالخدمات المتوفرة:\nالاسعار:\nللحجز والاستفسار: 091-9842247\nاوقات العمل:\nالتقييمات والانطباعات:\n: Palm city residences janzour libya\n: جنزور\n:\n: قرية بالم سيتي\n: 826\n: 091-9842247",
        "description_en": null,
        "phone": "091-9842247",
        "email": null,
        "website": "https://www.facebook.com/palmcitylibya/ locale ar_AR",
        "stars": null,
        "rooms": null,
        "beds": 826,
        "units": 413,
        "capacity": null,
        "beach_access": null,
        "pool_available": null,
        "restaurant_available": null,
        "parking_available": null,
        "family_friendly": null,
        "status": null,
        "license_status": null,
        "operational_status": null,
        "ownership_type": null,
        "data_quality_status": "medium",
        "data_review_status": "integrated",
        "source_image_url": "https://lh3.googleusercontent.com/umsh/AN6v0v43xgfn7KdqvB89CAJc4mBgFdndNESzwZk_WOkzL0Z-xjtweAyOXr2wEAykPuRIZFBq_oSbcsZKdwi1gL3lYkSrOXXHMoYMaGpBgVHAtX56_P-YH1QchBI8b_0alkwXPgujOa-pSybsRmVD9TrowgrhiOQ2wT3LWwCdA3YQg9PTxmMdL5Wo18D4mSI3DjFsbvPCnY2lesriWucXKVyRiPIwYvKEk7J5ZNJwMIftJqOMdcFh_-WGRZIYoBkJVhXFyoS5Q7HhbKh18TCCg1rl9NHjF9GzcjC9IYjO1IUVQKe59y70zOBgF716SyvbC51htt8cM39rUbbow2Yr6hpp_5CUJAHmdBlbhy991NRkOvadGS-W-nAoIvmQ5RjA4PgYd2x9-mpArdDJdfIMqaJWabQy3yDi8qCYtQICXH7vsSjRSwD0IC2bX_pRYGPoREPHGjNYO9Q9O4cfYZE0XfCmkt1HOs68mxci3yEfAXHx62oTF_fEvtDEV-6yPjxlfAtYmYcf7z57ubkOyq1qLiE4m3I1V3qKFxWsckTnuptToCqyQOE6ne1NqP3BEu5H2MqhUoQq4BZU9i6_CzlKOXHcCV0p6paDFI3Qnsv55t5arUY9C8VfzPtKMWf4_W5L_7wmz5c1AcAsiWQCVqDWuzBrAingxPyYJKgMeS9zHGKLmfLkQ91_-VsmhrXh8QarmGTWVyJRKMSNZ6WqDeDuecILChLkEyMXFQ",
        "source_image_provider": "google_mymaps",
        "source_image_status": "temporary_google_url",
        "local_images": [],
        "image_count": 0,
        "created_at": "2026-08-06",
        "updated_at": "2026-08-06",
        "name_score": 1.0,
        "coordinate_score": 1.0,
        "classification_score": 1.0,
        "contact_score": 1.0,
        "capacity_score": 1.0,
        "services_score": 1.0,
        "image_score": 0.0,
        "completeness_score": 0.64,
        "overall_quality_score": 0.86,
        "data_completeness_percent": 64,
        "missing_fields": [
          "rooms",
          "capacity",
          "license",
          "operation",
          "image"
        ],
        "match_status": "exact_match",
        "coordinate_review_status": "valid",
        "coordinate_change_reason": null,
        "original_coordinates": [
          13.041687,
          32.848441
        ]
      },
      "geometry": {
        "type": "Point",
        "coordinates": [
          13.041687,
          32.848441
        ]
      }
    },
    {
      "type": "Feature",
      "id": "LY-ACC-RES-TRI-00003",
      "properties": {
        "id": "LY-ACC-RES-TRI-00003",
        "name_ar": "القرية السياحية الريقاتة",
        "name_en": "قرية المغرب العربي السكنية -Regata village",
        "name_normalized_ar": "القريهالسياحيهالريقاته",
        "translation_status": "source_provided",
        "category": "القرى والمنتجعات السياحية",
        "subcategory_ar": "قرية سياحية",
        "subcategory_en": "Tourist village",
        "facility_type_code": "tourist_village",
        "municipality_ar": "طرابلس",
        "municipality_en": "Tripoli",
        "city_ar": "طرابلس",
        "city_en": "Tripoli",
        "region_ar": "طرابلس",
        "region_en": "Tripoli",
        "address_ar": "ليبيا طرابلس السياحية بعد معهد النفط Tripoli Libya",
        "address_en": null,
        "longitude": 13.05782,
        "latitude": 32.8521,
        "source": "Tourist villages and resorts KML",
        "source_kml": "data/incoming/tourist-villages-resorts.kml",
        "source_record_index": 18,
        "description_ar": "الوصف:\nالاسم باللغة الانجليزية: قرية المغرب العربي السكنية -Regata village\nالعنوان/المدينة: ليبيا طرابلس السياحية بعد معهد النفط Tripoli Libya\nالتصنيف:\nمعلومات اخرى:\nالوصف: القرية السياحية الريقاتة\nالتصن قرية سياحية\nالمدي طرابلس\nعدد الشاليهات: 721\nعدد الاسرة: 2884\nالخدمات المتوفرة:\nالاسعار:\nللحجز والاستفسار: 0912229901\nاوقات العمل:\nالتقييمات والانطباعات:\n: قرية المغرب العربي السكنية -Regata village\n: ليبيا طرابلس السياحية بعد معهد النفط Tripoli Libya\n:\n: القرية السياحية الريقاتة\n: 2884\n: 0912229901",
        "description_en": null,
        "phone": "0912229901",
        "email": null,
        "website": "https://www.facebook.com/regatavillage/ locale ar_AR",
        "stars": null,
        "rooms": null,
        "beds": 2884,
        "units": 721,
        "capacity": null,
        "beach_access": null,
        "pool_available": null,
        "restaurant_available": null,
        "parking_available": null,
        "family_friendly": null,
        "status": null,
        "license_status": null,
        "operational_status": null,
        "ownership_type": null,
        "data_quality_status": "medium",
        "data_review_status": "integrated",
        "source_image_url": "https://lh3.googleusercontent.com/umsh/AN6v0v4n6Pl6PNApephrsBYY8mDS6XwXoPb48ZLKnm7tnpdAwTS7l62Mia_g4SWjFMcO7n-Sza-d2yku9CqwswzWAS1ogOZ5WEzObdQiIAf5vWFr1q_tS7Ge3p--vJt-rSS-a_WqmKWZHzIDAHfh9E9ug8l-nn6_q5jUT5WdMbP6nvtd_iQdO9vQeobbg1uy-VTqeLoShWfoXTHPqpRVFtfbr1MmXUqyJ3-R41CtzjbrW7BlWKJvtVAWDY-rvGk4BQ6Uc_3uT7cJijRh154q9Xx4t2gXgakMA_aY1-YMuXjVSE_8hPI01VyqtgXoIAPMQ0LdSd9ZeXk3iPT6YwSoNAK6XoBfDagjJN5N3bxWkW6WVFlY1nm9v0WgFT-tC0AjJ4bhiMkm-9H0gosXZ_JcjkTw7eAH3PaNDZHaRxtIBe-l-Se0Xn1oJ5Oy_ku_iPFYGicaVqp5tlgRfUGlviu5ZhlQbspSdfjfYxfMF6iudJS26gLilBxBq8MycReKRgJ63RAW_H4Co_73gPC2eJYcfDZci4aPFrOQ7f5-WpCrUr4t1spPQoa0R5Be03koSEJ4nwEulFiV7IFBLFp4o0w3SF0ub4I5iCMTGvWIjjNQN6WbK0PKliCSv2okOQf0uPAtPG45HILwX3euLDmH-pj-4ZQOAeyiIBlIYqx309u7e3zroKbFtRyywyrs18-FTbZF6j3-j4SqmDUNEu9yXl6u97HjuoMSLHAF3w",
        "source_image_provider": "google_mymaps",
        "source_image_status": "temporary_google_url",
        "local_images": [],
        "image_count": 0,
        "created_at": "2026-08-06",
        "updated_at": "2026-08-06",
        "name_score": 1.0,
        "coordinate_score": 1.0,
        "classification_score": 1.0,
        "contact_score": 1.0,
        "capacity_score": 1.0,
        "services_score": 1.0,
        "image_score": 0.0,
        "completeness_score": 0.64,
        "overall_quality_score": 0.86,
        "data_completeness_percent": 64,
        "missing_fields": [
          "rooms",
          "capacity",
          "license",
          "operation",
          "image"
        ],
        "match_status": "exact_match",
        "coordinate_review_status": "valid",
        "coordinate_change_reason": null,
        "original_coordinates": [
          13.05782,
          32.8521
        ]
      },
      "geometry": {
        "type": "Point",
        "coordinates": [
          13.05782,
          32.8521
        ]
      }
    },
    {
      "type": "Feature",
      "id": "LY-ACC-RES-TRI-00004",
      "properties": {
        "id": "LY-ACC-RES-TRI-00004",
        "name_ar": "مركب شيراتون - النقاط الأربعة",
        "name_en": "Four Points Hotel - Tripoli",
        "name_normalized_ar": "مركبشيراتونالنقاطالاربعه",
        "translation_status": "source_provided",
        "category": "القرى والمنتجعات السياحية",
        "subcategory_ar": "مجمع سياحي",
        "subcategory_en": "Tourist complex",
        "facility_type_code": "tourist_complex",
        "municipality_ar": "طرابلس",
        "municipality_en": "Tripoli",
        "city_ar": "طرابلس",
        "city_en": "Tripoli",
        "region_ar": "طرابلس",
        "region_en": "Tripoli",
        "address_ar": "Hai El Andalous- Gargaresh Street Tripoli Libya",
        "address_en": null,
        "longitude": 13.146279,
        "latitude": 32.880963,
        "source": "Tourist villages and resorts KML",
        "source_kml": "data/incoming/tourist-villages-resorts.kml",
        "source_record_index": 19,
        "description_ar": "الوصف:\nالاسم باللغة الانجليزية: Four Points Hotel - Tripoli\nالعنوان/المدينة: Hai El Andalous- Gargaresh Street Tripoli Libya\nالتصنيف: مركب سياحية\nمعلومات اخرى: يُعد فندق فور بوينتس باي شيراتون الأندلس طرابلس (Four Points by Sheraton Tripoli) فندقاً فخماً من فئة 5 نجوم (وفقاً لبعض المصادر) يقع في حي الأندلس السياحي. يتميز بإطلالات ساحرة على البحر الأبيض المتوسط ومارينا طرابلس الجديدة، وهو جزء من سلسلة ماريوت الدولية\nالوصف: مركب شيراتون - النقاط الأربعة فندق الاندلس - شيراتون - النقاط الأربعة\nعدد الشاليهات: 204\nعدد الاسرة: 400\nالخدمات المتوفرة:\nالاسعار:\nللحجز والاستفسار: 021-3372300\nاوقات العمل:\nالتقييمات والانطباعات:\n: Four Points Hotel - Tripoli\n: Hai El Andalous- Gargaresh Street Tripoli Libya\n:\n: يُعد فندق فور بوينتس باي شيراتون الأندلس طرابلس (Four Points by Sheraton Tripoli) فندقاً فخماً من فئة 5 نجوم (وفقاً لبعض المصادر) يقع في حي الأندلس السياحي. يتميز بإطلالات ساحرة على البحر الأبيض المتوسط ومارينا طرابلس الجديدة، وهو جزء من سلسلة ماريوت الدولية\n: مركب شيراتون - النقاط الأربعة فندق الاندلس - شيراتون - النقاط الأربعة\n: 400\n: 021-3372300",
        "description_en": null,
        "phone": "021-3372300",
        "email": null,
        "website": "https://www.facebook.com/fourpointstripoli/ locale ar_AR",
        "stars": null,
        "rooms": null,
        "beds": 400,
        "units": 204,
        "capacity": null,
        "beach_access": null,
        "pool_available": null,
        "restaurant_available": null,
        "parking_available": null,
        "family_friendly": null,
        "status": null,
        "license_status": null,
        "operational_status": null,
        "ownership_type": null,
        "data_quality_status": "medium",
        "data_review_status": "integrated",
        "source_image_url": "https://lh3.googleusercontent.com/umsh/AN6v0v64Dar0DqiisY7Z1rEZFvsO2Z1AbVxZV86uysB-MR3o1a7vQq7MIP6aHnKFrtMy-p5rBIGz0CZBrZGvWTt9q5cy4IricxA0sCUXCKK2BBaeTGfnJOtVisaqas8u4aAlGfuw8hU6tzE9msrBz6s24ZvxwF0Q5LO3DPoSPypKyP_xJ0eExYsbT-EouM9w914Cm8fK1XB8kGbB6vnUj05eWNGsDGEzp7OIOVOTM6leZhSdrKCUKPNEAJvK1gw1erU9GGY74YijCTePMvm9yKqeeMXqYxR9LJTrT7yVIuDBko06tKpiXMsgk5d4SSxkRMaGpgjhBN0swH3YKxoGAkOeHjRuRZJmw-5Q2ZrIzHVJAbpYBIa9SwRV7dcc8wnuhqqbgaRlxdaZurg_qdBEGWXWrZelZJsZV2-vrKUOH6sfLkqzrqcX4gs7lNi6INtJ-tqWd_mfsLOqs8zI85lX0xg_8rf0yOs5FS59ow3MZJDgYVPnh5eYiShc2ovtyUL4C_kMvMp6BeR3r_y5gpN9zk0GL1i_KtZBvveyllLbw-18IdKdjUzEudyMKiyMFocquoEAhveLL2p1mTJBFNJaHOYAhlKcdBpkFyF-RrZe1-QenaXqeAssWTbDEeYApQ9qiVwcQwms3zipiWPNnC2goFFFNkdeFGUnQ_3-pdoQADqmkOTixfwbO0JlbU7DaHmKINUyw5-HFTQP-p8YyNSISp4RZwGns3Hs8Q",
        "source_image_provider": "google_mymaps",
        "source_image_status": "temporary_google_url",
        "local_images": [],
        "image_count": 0,
        "created_at": "2026-08-06",
        "updated_at": "2026-08-06",
        "name_score": 1.0,
        "coordinate_score": 1.0,
        "classification_score": 1.0,
        "contact_score": 1.0,
        "capacity_score": 1.0,
        "services_score": 1.0,
        "image_score": 0.0,
        "completeness_score": 0.64,
        "overall_quality_score": 0.86,
        "data_completeness_percent": 64,
        "missing_fields": [
          "rooms",
          "capacity",
          "license",
          "operation",
          "image"
        ],
        "match_status": "exact_match",
        "coordinate_review_status": "valid",
        "coordinate_change_reason": null,
        "original_coordinates": [
          13.146279,
          32.880963
        ]
      },
      "geometry": {
        "type": "Point",
        "coordinates": [
          13.146279,
          32.880963
        ]
      }
    },
    {
      "type": "Feature",
      "id": "LY-ACC-RES-NAT-00002",
      "properties": {
        "id": "LY-ACC-RES-NAT-00002",
        "name_ar": "القرية السياحية تاجوراء",
        "name_en": "العنوان/المدينة:",
        "name_normalized_ar": "القريهالسياحيهتاجوراء",
        "translation_status": "source_provided",
        "category": "القرى والمنتجعات السياحية",
        "subcategory_ar": "قرية سياحية",
        "subcategory_en": "Tourist village",
        "facility_type_code": "tourist_village",
        "municipality_ar": null,
        "municipality_en": null,
        "city_ar": null,
        "city_en": null,
        "region_ar": null,
        "region_en": null,
        "address_ar": "التصنيف:",
        "address_en": null,
        "longitude": 13.42962,
        "latitude": 32.86297,
        "source": "Tourist villages and resorts KML",
        "source_kml": "data/incoming/tourist-villages-resorts.kml",
        "source_record_index": 20,
        "description_ar": "الوصف:\nالاسم باللغة الانجليزية:\nالعنوان/المدينة:\nالتصنيف:\nمعلومات اخرى:\nالوصف: القرية السياحية تاجوراء\nالتصن قرية سياحية\nالمدي تاجوراء\nعدد_ا 152\nعدد 1 300\nعدد الشاليهات:\nعدد الاسرة:\nالخدمات المتوفرة:\nوسائل الاتصال:\nالاسعار:\nللحجز والاستفسار:\nاوقات العمل:\nالتقييمات والانطباعات:\n:\n: القرية السياحية تاجوراء",
        "description_en": null,
        "phone": "اوقات العمل:",
        "email": null,
        "website": "الاسعار:",
        "stars": null,
        "rooms": null,
        "beds": null,
        "units": null,
        "capacity": null,
        "beach_access": null,
        "pool_available": null,
        "restaurant_available": null,
        "parking_available": null,
        "family_friendly": null,
        "status": null,
        "license_status": null,
        "operational_status": null,
        "ownership_type": null,
        "data_quality_status": "low",
        "data_review_status": "integrated",
        "source_image_url": "https://lh3.googleusercontent.com/umsh/AN6v0v7xiVxU9xmKboaX0t6zUPGtGKhUXnkeE1ea0LGriFny30gmuYZC43KcXw7jPoZaEN6dYklegJr-a7YhBAMb52zBQVk3YJHA9XVxPXVMM0caCEsk1uFBPe9MSfNJI4t-piIIyuRj_JgTbmKPGpONOnIFsNPUtcTqqLDjN7Vvqg9Zz7jPmJh_-Zsjg5PRanZagfgUG9oH_molodTkKWeb0NsAQ8RFXjB2iKHv-u_g0lLFAq1CAHlQSAhdkIeCYS9FIDeeLsCIeYWL_QwNKNL7_bOwz0wP_zNW1a2apRlPZ52AqOGm4m7_tCPu_9FnEZuWrBarHMxJ2sv4RoQKssu3Mc8F3tndX-BOtwFxGZo16slI7D5ritRTz8rlu9PBGypHkbvpTqJYT60MGSMyXOt2YLSLHgc5hL3FhcgmtitAz5SM-l4iDcMxZUG6aAC51iLgxGqvhtemCoJHR5Vcd4fEmsPlIUgzH8s7HIYvlSVEQL52f2HrFxYCk0AF4QZWGvHHVqrbJJRxlMjezwOEWzP1tzncWpIzzpU2JkW9SMoZdBpCyef9XXd5CYi0DMazakgnCVnisbNFE-w3oqB5XlIJ-xOCyURB5HCnKSFEo_rBfO8u47qgPnQtxx9cgQdYtgh6E2-48DbUZ4CR_2QT-wGCNYyFWA20NhIZQNcmaM2944oklP59Xc9H0taqUksQQL8pQF2i4KE-mNeqgDzboNiBVsBfS5H7cg",
        "source_image_provider": "google_mymaps",
        "source_image_status": "temporary_google_url",
        "local_images": [],
        "image_count": 0,
        "created_at": "2026-08-06",
        "updated_at": "2026-08-06",
        "name_score": 1.0,
        "coordinate_score": 1.0,
        "classification_score": 1.0,
        "contact_score": 1.0,
        "capacity_score": 0.0,
        "services_score": 1.0,
        "image_score": 0.0,
        "completeness_score": 0.43,
        "overall_quality_score": 0.71,
        "data_completeness_percent": 43,
        "missing_fields": [
          "municipality",
          "rooms",
          "beds",
          "units",
          "capacity",
          "license",
          "operation",
          "image"
        ],
        "match_status": "exact_match",
        "coordinate_review_status": "valid",
        "coordinate_change_reason": null,
        "original_coordinates": [
          13.42962,
          32.86297
        ]
      },
      "geometry": {
        "type": "Point",
        "coordinates": [
          13.42962,
          32.86297
        ]
      }
    },
    {
      "type": "Feature",
      "id": "LY-ACC-RES-NAT-00003",
      "properties": {
        "id": "LY-ACC-RES-NAT-00003",
        "name_ar": "منتجع سمرلاند المائي",
        "name_en": "SummerLand Waterpark & Resort",
        "name_normalized_ar": "منتجعسمرلاندالمايي",
        "translation_status": "source_provided",
        "category": "القرى والمنتجعات السياحية",
        "subcategory_ar": "منتجع سياحي",
        "subcategory_en": "Tourist resort",
        "facility_type_code": "tourist_resort",
        "municipality_ar": null,
        "municipality_en": null,
        "city_ar": null,
        "city_en": null,
        "region_ar": null,
        "region_en": null,
        "address_ar": "تاجوراء",
        "address_en": null,
        "longitude": 13.582164,
        "latitude": 32.79624,
        "source": "Tourist villages and resorts KML",
        "source_kml": "data/incoming/tourist-villages-resorts.kml",
        "source_record_index": 21,
        "description_ar": "الوصف:\nالاسم باللغة الانجليزية: SummerLand Waterpark & Resort\nالعنوان/المدينة: تاجوراء\nالتصنيف:\nمعلومات اخرى:\nالوصف: منتجع سمرلاند المائي\nالتصن منتجع سياحي\nالمدي تاجوراء\nعدد_ا 25\nعدد 1 100\nعدد الشاليهات:\nعدد الاسرة:\nالخدمات المتوفرة:\nالاسعار:\nللحجز والاستفسار: 092-5581111\nاوقات العمل:\nالتقييمات والانطباعات:\n: SummerLand Waterpark & Resort\n: تاجوراء\n:\n: منتجع سمرلاند المائي\n: 092-5581111",
        "description_en": null,
        "phone": "092-5581111",
        "email": null,
        "website": "https://www.facebook.com/summerland.ly/",
        "stars": null,
        "rooms": null,
        "beds": null,
        "units": null,
        "capacity": null,
        "beach_access": null,
        "pool_available": null,
        "restaurant_available": null,
        "parking_available": null,
        "family_friendly": null,
        "status": null,
        "license_status": null,
        "operational_status": null,
        "ownership_type": null,
        "data_quality_status": "low",
        "data_review_status": "integrated",
        "source_image_url": "https://lh3.googleusercontent.com/umsh/AN6v0v6oFABJmeQJ27yFSb2qTk0iysN-dP_BjRm_vdmN_T95_dOF-qU48fcnJQFQ0hokPMAMLpWSoG7o1y75HEnYBNttwS__ew4eNgJtbAwqeXf31_93MD1NACEp5xJ3_yKWsBDFMweiLc-zRvtopqDvftAga8_c71aBamzISRRqHEoI0eJrvkOY1NRUd8k6BmgeSemF0Xg2dGFjd7DGdke8HT6_TI7kwTKDohxe223E6ozumyh8-oUmYH90lgNr4NePFeUdQSS0v9nBg_sUdVrTkcPP3SIQevgUzO99UfxnrAIb8m2joc4Tmexl1JwVAOl9y7vwBpXsqRRbyYUJDk369xc-frErU6qTdTerSPmPzgNQI9MifkZURjoCP3PRfFCm4eu60Fh4AvzZTzixibChABRHffL3cLyFS2KSmGnKWta09W44zYAjDIdkgNIB9A7ejduG-krT-VUX3tV2vv0NAAGB-B8j0ybglxlr-VspbGleBpKrTQzR7VCTYodsbs6q8OAZMmu95p39I4FFNfxpku03QXWjZmE9JajYzFrGbHA8FJJ0WrONfQTLStC1WGo0oX00bUX92zt3Ocjliu-COui0kUsBH5mBFec0AhIS42a6TvpI1uY9DleJgHENwOaswYt9nW9_PkvvP9U_NPFNo1pvIeWeCadc0gqABRwKhcwseuPVV87t9af_AuxptOpjbQcqBfqAP1TDfn60Q3abqSJEK0nY",
        "source_image_provider": "google_mymaps",
        "source_image_status": "temporary_google_url",
        "local_images": [],
        "image_count": 0,
        "created_at": "2026-08-06",
        "updated_at": "2026-08-06",
        "name_score": 1.0,
        "coordinate_score": 1.0,
        "classification_score": 1.0,
        "contact_score": 1.0,
        "capacity_score": 0.0,
        "services_score": 1.0,
        "image_score": 0.0,
        "completeness_score": 0.43,
        "overall_quality_score": 0.71,
        "data_completeness_percent": 43,
        "missing_fields": [
          "municipality",
          "rooms",
          "beds",
          "units",
          "capacity",
          "license",
          "operation",
          "image"
        ],
        "match_status": "exact_match",
        "coordinate_review_status": "valid",
        "coordinate_change_reason": null,
        "original_coordinates": [
          13.582164,
          32.79624
        ]
      },
      "geometry": {
        "type": "Point",
        "coordinates": [
          13.582164,
          32.79624
        ]
      }
    },
    {
      "type": "Feature",
      "id": "LY-ACC-RES-KHO-00001",
      "properties": {
        "id": "LY-ACC-RES-KHO-00001",
        "name_ar": "مصيف قرية مارينا السياحية",
        "name_en": "مصيف قرية مارينا السياحية الخمس -Marina Villages",
        "name_normalized_ar": "مصيفقريهماريناالسياحيه",
        "translation_status": "source_provided",
        "category": "القرى والمنتجعات السياحية",
        "subcategory_ar": "قرية سياحية",
        "subcategory_en": "Tourist village",
        "facility_type_code": "tourist_village",
        "municipality_ar": "الخمس",
        "municipality_en": "Khoms",
        "city_ar": "الخمس",
        "city_en": "Khoms",
        "region_ar": "المرقب",
        "region_en": "Al Marqab",
        "address_ar": "سوق الخميس بالقرب من مدرسة الرمالية",
        "address_en": null,
        "longitude": 14.3535,
        "latitude": 32.595636,
        "source": "Tourist villages and resorts KML",
        "source_kml": "data/incoming/tourist-villages-resorts.kml",
        "source_record_index": 22,
        "description_ar": "الوصف:\nالاسم باللغة الانجليزية: مصيف قرية مارينا السياحية الخمس -Marina Villages\nالعنوان/المدينة: سوق الخميس بالقرب من مدرسة الرمالية\nالتصنيف:\nمعلومات اخرى:\nالوصف: قرية مارينا السياحية\nالتصن قرية سياحية\nالمدي الخمس\nعدد_ا 5\nعدد 1 60\nعدد الشاليهات:\nعدد الاسرة:\nالخدمات المتوفرة:\nالاسعار:\nللحجز والاستفسار: 091-8515111\nاوقات العمل:\nالتقييمات والانطباعات:\n: مصيف قرية مارينا السياحية الخمس -Marina Villages\n: سوق الخميس بالقرب من مدرسة الرمالية\n:\n: قرية مارينا السياحية\n: 091-8515111",
        "description_en": null,
        "phone": "091-8515111",
        "email": null,
        "website": "https://www.facebook.com/MarinaResortALKHOMS/ locale ar_AR",
        "stars": null,
        "rooms": null,
        "beds": null,
        "units": null,
        "capacity": null,
        "beach_access": null,
        "pool_available": null,
        "restaurant_available": null,
        "parking_available": null,
        "family_friendly": null,
        "status": null,
        "license_status": null,
        "operational_status": null,
        "ownership_type": null,
        "data_quality_status": "medium",
        "data_review_status": "integrated",
        "source_image_url": "https://lh3.googleusercontent.com/umsh/AN6v0v4WwIWUYJH1moZbUF5spcAwjiAnlOnDU9r0N686y36aIV7_LLYQHwu-N2I85wyHTVYLuQ1D1ukikFSPnBNY-kVO0B94YIluT5Nn8v-6X1jSyntwT1oV9JY7i4G5zAX46pAsupmUAhg_IIwguyUsg0JkBXSGRgAwjEDRqcGaCKcW8Muvtb5T3SAoql8Hiy4MIXKIvghN5Lztu6M1JynxKuQfur5ReJuZoEyO6rxm1Qh5H2Bf--irgDF_vpI4IeX_yxtfWIkg50JvPZ7cPj_ejo6ObFMl-eZgDBYZyJVEydUFZcm-WJAEJXAmaBwjRuSV1xFT3nKoLO7zD7YtvqP05f9KHKS_wOapLc1vYEWk-L48gPMPFW4gN7lIfgSy_N5fkkMfjNDz611FJR6qdzK5pmXBv_B4RlMZKRYIOvav9Ebmpcn3g1qtvwCVYLc1bwf89aKgyXiSWxZ-INzwOs1IixWyTfdOMyXorKfvc63CcXBeBBHMKRyhpMeqVFDil_kCi-EbLYYDi9ShI6R1KM8VkBvBd3oAMQ3Tu2uygSU16C8ObMkT0e-qiuUSnDPLFKWAmnQv6qbFrQgHvdO7ceVs2z0BJw1AOvW6mMel3WkWSvD-W-SLhx68js14a6XDJV7qlLi5YIxeoFssVK6xQnARmsz0fCBi7wx_1KjQwWe_cIx9sL785XGjYwrPS8XW2EtP62KDilXpWUvCbad8FCioXH4w1W5l4Q",
        "source_image_provider": "google_mymaps",
        "source_image_status": "temporary_google_url",
        "local_images": [],
        "image_count": 0,
        "created_at": "2026-08-06",
        "updated_at": "2026-08-06",
        "name_score": 1.0,
        "coordinate_score": 1.0,
        "classification_score": 1.0,
        "contact_score": 1.0,
        "capacity_score": 0.0,
        "services_score": 1.0,
        "image_score": 0.0,
        "completeness_score": 0.5,
        "overall_quality_score": 0.71,
        "data_completeness_percent": 50,
        "missing_fields": [
          "rooms",
          "beds",
          "units",
          "capacity",
          "license",
          "operation",
          "image"
        ],
        "match_status": "exact_match",
        "coordinate_review_status": "valid",
        "coordinate_change_reason": null,
        "original_coordinates": [
          14.3535,
          32.595636
        ]
      },
      "geometry": {
        "type": "Point",
        "coordinates": [
          14.3535,
          32.595636
        ]
      }
    },
    {
      "type": "Feature",
      "id": "LY-ACC-RES-KHO-00002",
      "properties": {
        "id": "LY-ACC-RES-KHO-00002",
        "name_ar": "قرية قصر سيلين العائلية",
        "name_en": "قرية قصر سيلين العائلية - QASR SILIN FAMILY RESORTS",
        "name_normalized_ar": "قريهقصرسيلينالعايليه",
        "translation_status": "source_provided",
        "category": "القرى والمنتجعات السياحية",
        "subcategory_ar": "منتجع عائلي",
        "subcategory_en": "Family resort",
        "facility_type_code": "family_resort",
        "municipality_ar": "الخمس",
        "municipality_en": "Khoms",
        "city_ar": "الخمس",
        "city_en": "Khoms",
        "region_ar": "المرقب",
        "region_en": "Al Marqab",
        "address_ar": "التصنيف:",
        "address_en": null,
        "longitude": 14.187187,
        "latitude": 32.704188,
        "source": "Tourist villages and resorts KML",
        "source_kml": "data/incoming/tourist-villages-resorts.kml",
        "source_record_index": 23,
        "description_ar": "الوصف:\nالاسم باللغة الانجليزية: قرية قصر سيلين العائلية - QASR SILIN FAMILY RESORTS\nالعنوان/المدينة:\nالتصنيف:\nمعلومات اخرى: او زورو مكتبنا الكائن في طريق احداش يونيو بجانب جسر عرادة\nالوصف: قرية قصر سيلين العائلية\nمنطقة سيلين بالقرب من فيلا سيلين الاثرية الخمس\nالتصن قرية سياحية\nالمدي الخمس\nعدد_ا 11\nعدد 1 44\nعدد الشاليهات:\nعدد الاسرة:\nالخدمات المتوفرة:\nالاسعار:\nللحجز والاستفسار: 0917782323\nاوقات العمل:\nالتقييمات والانطباعات:\n: قرية قصر سيلين العائلية - QASR SILIN FAMILY RESORTS\n:\n: او زورو مكتبنا الكائن في طريق احداش يونيو بجانب جسر عرادة\n: قرية قصر سيلين العائلية\n: 0917782323",
        "description_en": null,
        "phone": "0917782323",
        "email": null,
        "website": "https://www.facebook.com/Silen.Townlibya/ locale ar_AR",
        "stars": null,
        "rooms": null,
        "beds": null,
        "units": null,
        "capacity": null,
        "beach_access": null,
        "pool_available": null,
        "restaurant_available": null,
        "parking_available": null,
        "family_friendly": null,
        "status": null,
        "license_status": null,
        "operational_status": null,
        "ownership_type": null,
        "data_quality_status": "medium",
        "data_review_status": "integrated",
        "source_image_url": "https://lh3.googleusercontent.com/umsh/AN6v0v5TSDl9HMw-zVwvMgCxApKInI9IBQu5VZ9fh3lGZoc_v64WxjuaCCh8q4H9SNpphwhKugTa87mMtfAmCazhtZ8WrKZsmnlJ6XQSF9QE2-qw06FWLBcvNx2gG_bkYXq2ZEJpSrado27I7L_hkYaq1pSXw-PyWL5mrhhOEKgGoHwn_C_pW8hySilnGVT0V1TSHgppYLyDV3b6tx6B_i65oaPdx_UqleFfWxfxKlcAD7HdNbF1zGurNyfBdual9EdlENj5wyi1Sc_msFnTD40JkdYsw71FOG-5fK0SbYWpv065j5NIXzUX1_4ny-xP4AwDBleYZhxqkNDUAoGKI2V-adArZyHxIPzQ9N7wmM3fnA0z890s0AJOClvbkzqgRF_Zq9gPNkJKMQiwcwDg9_p_czSpnIQvYt-MPg7fHa21fyuhenq3zpx3y9aYQrDas5Ut3QrJA3K5znRv53JMo3OAXu3Nu2uPav4CGCwUXCliNdfyhCR1Q61AUIA01Hs3uglat7ti3X3GZsbT0AQnn7LXvVZalYJ4qXwBYg_CtYGpAxYnBZOSNoJP0IhCKdss6fyW6U8zunjzg3YDL-F92IBm1UDDk_3wSqfEax-luH99pQ1_1NGU77cdfDhRpM_EvWezfZ9fS2vitK5q6JNBuNhoDSQUVsc39JzphhTZ3iIziWLqi5kbCAfWIR5MTsE8LfvHAfVWKSWVJ9RugxjkeoJ8tW7H8z7C",
        "source_image_provider": "google_mymaps",
        "source_image_status": "temporary_google_url",
        "local_images": [],
        "image_count": 0,
        "created_at": "2026-08-06",
        "updated_at": "2026-08-06",
        "name_score": 1.0,
        "coordinate_score": 1.0,
        "classification_score": 1.0,
        "contact_score": 1.0,
        "capacity_score": 0.0,
        "services_score": 1.0,
        "image_score": 0.0,
        "completeness_score": 0.5,
        "overall_quality_score": 0.71,
        "data_completeness_percent": 50,
        "missing_fields": [
          "rooms",
          "beds",
          "units",
          "capacity",
          "license",
          "operation",
          "image"
        ],
        "match_status": "exact_match",
        "coordinate_review_status": "valid",
        "coordinate_change_reason": null,
        "original_coordinates": [
          14.187187,
          32.704188
        ]
      },
      "geometry": {
        "type": "Point",
        "coordinates": [
          14.187187,
          32.704188
        ]
      }
    },
    {
      "type": "Feature",
      "id": "LY-ACC-RES-KHO-00003",
      "properties": {
        "id": "LY-ACC-RES-KHO-00003",
        "name_ar": "قرية حدائق غنيمة",
        "name_en": "قرية حدائق غنيمة - GHANIMA GARDENS VILLAGES",
        "name_normalized_ar": "قريهحدايقغنيمه",
        "translation_status": "source_provided",
        "category": "القرى والمنتجعات السياحية",
        "subcategory_ar": "قرية سياحية",
        "subcategory_en": "Tourist village",
        "facility_type_code": "tourist_village",
        "municipality_ar": "الخمس",
        "municipality_en": "Khoms",
        "city_ar": "الخمس",
        "city_en": "Khoms",
        "region_ar": "المرقب",
        "region_en": "Al Marqab",
        "address_ar": "غنيمة",
        "address_en": null,
        "longitude": 14.058807,
        "latitude": 32.719882,
        "source": "Tourist villages and resorts KML",
        "source_kml": "data/incoming/tourist-villages-resorts.kml",
        "source_record_index": 24,
        "description_ar": "الوصف:\nالاسم باللغة الانجليزية: قرية حدائق غنيمة - GHANIMA GARDENS VILLAGES\nالعنوان/المدينة: غنيمة\nالتصنيف:\nمعلومات اخرى:\nالوصف: قرية حدائق غنيمة\nUnnamed Road غنيمة،، غنيمة\nwww.facebook.com\n+218 91-3340202\nالتصن قرية سياحية\nالمدي الخمس\nعدد_ا 23\nعدد 1 250\nعدد الشاليهات:\nعدد الاسرة:\nالخدمات المتوفرة:\nالاسعار:\nللحجز والاستفسار: 0913340202\n0923340202\nاوقات العمل:\nالتقييمات والانطباعات:\n: قرية حدائق غنيمة - GHANIMA GARDENS VILLAGES\n: غنيمة\n:\n: قرية حدائق غنيمة\n: 0913340202",
        "description_en": null,
        "phone": "0913340202",
        "email": null,
        "website": "https://www.facebook.com/Hadayiq.Ghanima/",
        "stars": null,
        "rooms": null,
        "beds": null,
        "units": null,
        "capacity": null,
        "beach_access": null,
        "pool_available": null,
        "restaurant_available": null,
        "parking_available": null,
        "family_friendly": null,
        "status": null,
        "license_status": null,
        "operational_status": null,
        "ownership_type": null,
        "data_quality_status": "medium",
        "data_review_status": "integrated",
        "source_image_url": "https://lh3.googleusercontent.com/umsh/AN6v0v4WdKzB-6_Dm99VhyFgPVDHsSMcNZjZazJuMWUHG5PPyK0q6vonTGcM23JcU87Vhdmnw7cEBGIluvhAL2hV5cN8VU0zxWTPFc-TWKaCFaKVTNLXQwRnpaI3EpAE82y6yLYxIMFn_EX9TZG26VbJAOOnGvJM4kcgOh2JR6mZgy4oP1dhm3LQxzQtuKQeV_yDOQ4nzp-XgNLnOLZBhWW8l857lRLGhsLqKKoQ3db7EtusLcEMpiKunLMB1mn3ExfIArACNTy_RerkODqm893190p3bnboaLgVSy7fnWCsiUGn-ogPez0GUAYTIySfXmQg1xgNP6IMApREI4C4tl2sWQU5AzbGxNUqFbFYdWqBqISByS4j74C75-QsZ4ND-xPRISvxL_3rYXyr_ypvD-hsBZ2Pa_7tYB4-v_qU48ulPl9fA3YmIS-zIjALPZlOsudwOXF4DRkz_Ftxj8GwFcpClJviENYMgpbWdkI0zktK-pQgz5rxMd9m66uCnxekrQOzvqYKSVW2InVmpmqkHiTazkln0Asy2q7-v7QrQZn1irj9KaOKN3ysrlIpv2G-BDBDzmrtCag3I458b0b12hnhAX_El0eA-BqBIr7LOpGgJ-WZJ7Jenrmq_4HLlhaD_JNmUO2ib05OvWULL2tQmH334u2PwxF-vngalmZdXODHm7JYrl3LncEF50Wt9c4yp5-5h794VwP3-linRTphJXcmQHGwAD26lw",
        "source_image_provider": "google_mymaps",
        "source_image_status": "temporary_google_url",
        "local_images": [],
        "image_count": 0,
        "created_at": "2026-08-06",
        "updated_at": "2026-08-06",
        "name_score": 1.0,
        "coordinate_score": 1.0,
        "classification_score": 1.0,
        "contact_score": 1.0,
        "capacity_score": 0.0,
        "services_score": 1.0,
        "image_score": 0.0,
        "completeness_score": 0.5,
        "overall_quality_score": 0.71,
        "data_completeness_percent": 50,
        "missing_fields": [
          "rooms",
          "beds",
          "units",
          "capacity",
          "license",
          "operation",
          "image"
        ],
        "match_status": "exact_match",
        "coordinate_review_status": "valid",
        "coordinate_change_reason": null,
        "original_coordinates": [
          14.058807,
          32.719882
        ]
      },
      "geometry": {
        "type": "Point",
        "coordinates": [
          14.058807,
          32.719882
        ]
      }
    },
    {
      "type": "Feature",
      "id": "LY-ACC-RES-KHO-00004",
      "properties": {
        "id": "LY-ACC-RES-KHO-00004",
        "name_ar": "إستراحة شط غنيمة",
        "name_en": "العنوان/المدينة: شارع الاربعين 40 غنيمة، الخمس",
        "name_normalized_ar": "استراحهشطغنيمه",
        "translation_status": "source_provided",
        "category": "القرى والمنتجعات السياحية",
        "subcategory_ar": "منشأة سياحية أخرى",
        "subcategory_en": "Other tourism accommodation",
        "facility_type_code": "accommodation_resort_other",
        "municipality_ar": "الخمس",
        "municipality_en": "Khoms",
        "city_ar": "الخمس",
        "city_en": "Khoms",
        "region_ar": "المرقب",
        "region_en": "Al Marqab",
        "address_ar": "شارع الاربعين 40 غنيمة، الخمس",
        "address_en": null,
        "longitude": 14.028791,
        "latitude": 32.721768,
        "source": "Tourist villages and resorts KML",
        "source_kml": "data/incoming/tourist-villages-resorts.kml",
        "source_record_index": 25,
        "description_ar": "الوصف:\nالاسم باللغة الانجليزية:\nالعنوان/المدينة: شارع الاربعين 40 غنيمة، الخمس\nالتصنيف:\nمعلومات اخرى:\nالوصف: إستراحة شط غنيمة\nشارع الاربعين 40 غنيمة، الخمس\nالتصن إستراحة\nالمدي الخمس\nعدد_ا 1\nعدد 1 4\nعدد الشاليهات:\nعدد الاسرة:\nالخدمات المتوفرة:\nالاسعار:\nللحجز والاستفسار: 092-2905586\nاوقات العمل:\nالتقييمات والانطباعات:\n:\n: شارع الاربعين 40 غنيمة، الخمس\n: إستراحة شط غنيمة\n: 092-2905586",
        "description_en": null,
        "phone": "092-2905586",
        "email": null,
        "website": "https://www.facebook.com/p/ D8 A7 D8 B3 D8 AA D8 B1 D8 A7 D8 AD D8 A9- D8 B4 D8 B7- D8 BA D9 86 D9 8A D9 85 D8 A9-100072010622364/",
        "stars": null,
        "rooms": null,
        "beds": null,
        "units": null,
        "capacity": null,
        "beach_access": null,
        "pool_available": null,
        "restaurant_available": null,
        "parking_available": null,
        "family_friendly": null,
        "status": null,
        "license_status": null,
        "operational_status": null,
        "ownership_type": null,
        "data_quality_status": "medium",
        "data_review_status": "integrated",
        "source_image_url": "https://lh3.googleusercontent.com/umsh/AN6v0v5lLB5llWY4AGBweCRxNgiNKZbi5e9hJDr7NS6IDr8QNA6NqcJIftwJ6UFzAL-OB6Y6boNzoD7N_T0HLJP5IEIIlqmkaJtiBbdZR_4yHUczpYIvaC556iJk0XKUt545Bn99yGiYlvswXMdpKVYWfgrN54RZgXy-G7eugOJnkxQceuXoJpckdxhSKfspxJNLIr4oGSgp_8J8bAG15qukOjzPPbt0MZ60ATj6amN2XOwI9pfcY827mWiOeyGIyc3PejI2Vx4JzphJYA107jmSRQUfWJEtoyoRiffRQJVCrubg3LXUyFEciCRh6V9zT_f-ydUrGnWKEwB50fyqkUxexNkGpCya3iqqo7SnXBYhnu6AessftwLLFY-tBWitPu9H1J8oz-aJ0RifOZv2PujlMxIW3QKpJjIUxZ-HforCgGyUHwmKk5_u3EkqYAiyOnz3QAtwLIZoL9CBCYtez95gK7HFwgBlBruMgqehRb0ypGdQnHVwmcRZcmfFWy2b3czrFJeEgmZtsfJrwDtJKNXR9z8r3urvFKDpZRPOAAlYrsDWLx6m2HvxFVH-rv0fSD3tOtdrrXIsl4rOMRQlvqa6se3DSpvooitzyS06qyjAEdSHVYiyH2CXlrhxMgxqiJPRF-iw-I9OA4wU8cUnKCZqkjgJGlo16UhOCftuibLrJE_jdHGCMYNaKJ0S8xuu76KRCExtBY7T-FqTDfb2rIXonPsVdk2y2g",
        "source_image_provider": "google_mymaps",
        "source_image_status": "temporary_google_url",
        "local_images": [],
        "image_count": 0,
        "created_at": "2026-08-06",
        "updated_at": "2026-08-06",
        "name_score": 1.0,
        "coordinate_score": 1.0,
        "classification_score": 0.65,
        "contact_score": 1.0,
        "capacity_score": 0.0,
        "services_score": 1.0,
        "image_score": 0.0,
        "completeness_score": 0.5,
        "overall_quality_score": 0.66,
        "data_completeness_percent": 50,
        "missing_fields": [
          "rooms",
          "beds",
          "units",
          "capacity",
          "license",
          "operation",
          "image"
        ],
        "match_status": "exact_match",
        "coordinate_review_status": "valid",
        "coordinate_change_reason": null,
        "original_coordinates": [
          14.028791,
          32.721768
        ]
      },
      "geometry": {
        "type": "Point",
        "coordinates": [
          14.028791,
          32.721768
        ]
      }
    },
    {
      "type": "Feature",
      "id": "LY-ACC-RES-TRI-00005",
      "properties": {
        "id": "LY-ACC-RES-TRI-00005",
        "name_ar": "قرية المتوسط العائلية",
        "name_en": "Almotawaset resorts",
        "name_normalized_ar": "قريهالمتوسطالعايليه",
        "translation_status": "source_provided",
        "category": "القرى والمنتجعات السياحية",
        "subcategory_ar": "منتجع عائلي",
        "subcategory_en": "Family resort",
        "facility_type_code": "family_resort",
        "municipality_ar": "طرابلس",
        "municipality_en": "Tripoli",
        "city_ar": "طرابلس",
        "city_en": "Tripoli",
        "region_ar": "طرابلس",
        "region_en": "Tripoli",
        "address_ar": "الموقع : غنيمة ،الخمس",
        "address_en": null,
        "longitude": 14.029608,
        "latitude": 32.726655,
        "source": "Tourist villages and resorts KML",
        "source_kml": "data/incoming/tourist-villages-resorts.kml",
        "source_record_index": 26,
        "description_ar": "الوصف:\nالاسم باللغة الانجليزية: Almotawaset resorts\nالعنوان/المدينة: الموقع : غنيمة ،الخمس\nالتصنيف:\nمعلومات اخرى:\nالوصف: قرية المتوسط العائلية\nشعبية المرقب،،، P2GH+HRM، غنيمة\nالتصن قرية سياحية\nالمدي الخمس\nعدد_ا 23\nعدد 1 92\nعدد الشاليهات:\nعدد الاسرة:\nالخدمات المتوفرة:\nالاسعار:\nللحجز والاستفسار: مكتب غنيمة 0923161535\nمكتب طرابلس 0922020703 -- 092-5756998\nاوقات العمل:\nالتقييمات والانطباعات:\n: Almotawaset resorts\n: الموقع : غنيمة ،الخمس\n:\n: قرية المتوسط العائلية\n: مكتب غنيمة 0923161535",
        "description_en": null,
        "phone": "مكتب غنيمة 0923161535",
        "email": null,
        "website": "https://www.facebook.com/p/ D9 82 D8 B1 D9 8A D8 A9- D8 A7 D9 84 D9 85 D8 AA D9 88 D8 B3 D8 B7- D8 A7 D9 84 D8 B9 D8 A7 D8 A6 D9 84 D9 8A D8 A9-100057603933187/",
        "stars": null,
        "rooms": null,
        "beds": null,
        "units": null,
        "capacity": null,
        "beach_access": null,
        "pool_available": null,
        "restaurant_available": null,
        "parking_available": null,
        "family_friendly": null,
        "status": null,
        "license_status": null,
        "operational_status": null,
        "ownership_type": null,
        "data_quality_status": "medium",
        "data_review_status": "integrated",
        "source_image_url": "https://lh3.googleusercontent.com/umsh/AN6v0v56_aI4Cj5VEfEEqIFm15g7Hjftdn7VCOXsxgTypEzqq6yiRsyCh2n6Jt4chGA4Qz7nFXmgC_rCwJ7w_Au5KdGttVh82uJKEhQ_zne4XdJIBtGLU8nz5zhki8iOwNO7D1WqgBqNKH__tEUcbZT-a1Bmyhxe_MuSE1NFy3oxlAKx98Ym_qhxsyYFpPnLtQl7ktoId6bkSmcJPJnZ6Z3TdDooPq6-ZxTKpCyVsIPdTcwvF27tWMO4mAeh90Ey8UJPfF9ghMDe_UnWtYLPgN-7urzo_zJYg1sqoV9r9a3bBNIUuKtDEOnltaANlQWqoCRlGG98s3mL9W98qD_M5NPQjzuGVkn0GA8NyEwRe_l5TW23nc7z7i5AGQE6_svl1c1fp9NGYnGGf47H7vsDixb28aiVBMN67WWrv4afR77u5AZsHdgPOvy8jlI5nJtaYNo-biRVi06kYcROxLxjxE0RvNhUwpkyckB-ij0bzP_cPMMgW0xlduXZZjvF4d0vuEP9v0Gg2s1YtrXQuUq1LuLyDQg2FXzJu7hueyilZn2RS2MYmugBgsGyOvXQGoMJJpG5t_ig8kKXNIWdXS0krkkKGobWIyutD6OIf0qaogL7n1iAw_6d4jGxMDTJXUI4lFOkAt7sVMhFb3mEt4mWI49m9nWE7rVYeZaMiNiDT22XUgj2fbQm2MbRB4Kxf69XKxNJKjukvtJGM7mqNCIdj81Ft0_7ZChP_Q",
        "source_image_provider": "google_mymaps",
        "source_image_status": "temporary_google_url",
        "local_images": [],
        "image_count": 0,
        "created_at": "2026-08-06",
        "updated_at": "2026-08-06",
        "name_score": 1.0,
        "coordinate_score": 1.0,
        "classification_score": 1.0,
        "contact_score": 1.0,
        "capacity_score": 0.0,
        "services_score": 1.0,
        "image_score": 0.0,
        "completeness_score": 0.5,
        "overall_quality_score": 0.71,
        "data_completeness_percent": 50,
        "missing_fields": [
          "rooms",
          "beds",
          "units",
          "capacity",
          "license",
          "operation",
          "image"
        ],
        "match_status": "exact_match",
        "coordinate_review_status": "valid",
        "coordinate_change_reason": null,
        "original_coordinates": [
          14.029608,
          32.726655
        ]
      },
      "geometry": {
        "type": "Point",
        "coordinates": [
          14.029608,
          32.726655
        ]
      }
    },
    {
      "type": "Feature",
      "id": "LY-ACC-RES-KHO-00005",
      "properties": {
        "id": "LY-ACC-RES-KHO-00005",
        "name_ar": "قرية قوس غنيمة السياحية",
        "name_en": "qous ghanima village",
        "name_normalized_ar": "قريهقوسغنيمهالسياحيه",
        "translation_status": "source_provided",
        "category": "القرى والمنتجعات السياحية",
        "subcategory_ar": "قرية سياحية",
        "subcategory_en": "Tourist village",
        "facility_type_code": "tourist_village",
        "municipality_ar": "الخمس",
        "municipality_en": "Khoms",
        "city_ar": "الخمس",
        "city_en": "Khoms",
        "region_ar": "المرقب",
        "region_en": "Al Marqab",
        "address_ar": "غنيمة",
        "address_en": null,
        "longitude": 14.05611,
        "latitude": 32.72302,
        "source": "Tourist villages and resorts KML",
        "source_kml": "data/incoming/tourist-villages-resorts.kml",
        "source_record_index": 27,
        "description_ar": "الوصف:\nالاسم باللغة الانجليزية: qous ghanima village\nالعنوان/المدينة: غنيمة\nالتصنيف:\nمعلومات اخرى:\nالوصف: قرية قوس غنيمة السياحية\nالتصن قرية سياحية\nالمدي الخمس\nعدد_ا 10\nعدد 1 20\nعدد الشاليهات:\nعدد الاسرة:\nالخدمات المتوفرة:\nالاسعار:\nللحجز والاستفسار: 091-2146694\nاوقات العمل:\nالتقييمات والانطباعات:\n: qous ghanima village\n: غنيمة\n:\n: قرية قوس غنيمة السياحية\n: 091-2146694",
        "description_en": null,
        "phone": "091-2146694",
        "email": null,
        "website": "https://www.facebook.com/people/ D9 82 D8 B1 D9 8A D8 A9- D9 82 D9 88 D8 B3- D8 BA D9 86 D9 8A D9 85 D8 A9- D8 A7 D9 84 D8 B3 D9 8A D8 A7 D8 AD D9 8A D8 A9/100028019995391/ sk about",
        "stars": null,
        "rooms": null,
        "beds": null,
        "units": null,
        "capacity": null,
        "beach_access": null,
        "pool_available": null,
        "restaurant_available": null,
        "parking_available": null,
        "family_friendly": null,
        "status": null,
        "license_status": null,
        "operational_status": null,
        "ownership_type": null,
        "data_quality_status": "medium",
        "data_review_status": "integrated",
        "source_image_url": "https://lh3.googleusercontent.com/umsh/AN6v0v4Z_K-NN7zu_i5dF0WVpMaTXsTAXO4uuD5tfMhZf5FtQhrhOEm_vZoiYeNCSkwZWoZYsBfWMhfEc5U594SIdTzRXCDurjqcqNpRIKeb7S6KXyuQ6V0TdTYsmPNochSPcmuEUogK8mXYSgWQPoB1M8iR8stsWMPMMAm38FFbLahwUXCCV3GEwv3q-_gE3Gk3QG6ah6bLgLX9uBIiuqg2N07uM0NfrvOlkQUd8pdkZZRbIaQKOekxrdbRmMD8N7zIQb0evUnRyhGurUff_S_0XvEt-mmvqGxLvNlO4a5unN5f0-UnWUWDSTihbwVj393arY1kdK2rS_4fIqcIWt3HsMJU_baMOVmrNIbOeDwf7aYxvglYZA-MIGNNNGOP-EkFxMH8TvSLZbE1STK6jv1m9NEHXjcjTAZ6SauIhrKFdSJnXa3p0YTbqWxbSWgcnmso1zrhkN1zVzshHoxdoP3IrN4KYYl2kwPZ28w8uISyswz3q76EaZxoAKiw5UcEVrR457ca-DhwsamtKWwtDa-yKEpJVCk66Cpok3_0YofoT39q9ekYdUjarX1TeKxA7auvk688X-Z6CaLw7g3VCkkBhkmY_DaGXscjhBsMm7uFZSDmclAk3j-ETDtfWTz-VzrgukR6a9OdP3EjskyT4wv923-zwA_RX2u7YwaSSiNbcyGgwutbJbgGCWNDRtVzyGj3Eh5M_lw5_2cbEhuHVLWYwcK0BePz",
        "source_image_provider": "google_mymaps",
        "source_image_status": "temporary_google_url",
        "local_images": [],
        "image_count": 0,
        "created_at": "2026-08-06",
        "updated_at": "2026-08-06",
        "name_score": 1.0,
        "coordinate_score": 1.0,
        "classification_score": 1.0,
        "contact_score": 1.0,
        "capacity_score": 0.0,
        "services_score": 1.0,
        "image_score": 0.0,
        "completeness_score": 0.5,
        "overall_quality_score": 0.71,
        "data_completeness_percent": 50,
        "missing_fields": [
          "rooms",
          "beds",
          "units",
          "capacity",
          "license",
          "operation",
          "image"
        ],
        "match_status": "exact_match",
        "coordinate_review_status": "valid",
        "coordinate_change_reason": null,
        "original_coordinates": [
          14.05611,
          32.72302
        ]
      },
      "geometry": {
        "type": "Point",
        "coordinates": [
          14.05611,
          32.72302
        ]
      }
    },
    {
      "type": "Feature",
      "id": "LY-ACC-RES-KHO-00006",
      "properties": {
        "id": "LY-ACC-RES-KHO-00006",
        "name_ar": "قرية لؤلؤة غنيمة العائلية",
        "name_en": "العنوان/المدينة:",
        "name_normalized_ar": "قريهلولوهغنيمهالعايليه",
        "translation_status": "source_provided",
        "category": "القرى والمنتجعات السياحية",
        "subcategory_ar": "منتجع عائلي",
        "subcategory_en": "Family resort",
        "facility_type_code": "family_resort",
        "municipality_ar": "الخمس",
        "municipality_en": "Khoms",
        "city_ar": "الخمس",
        "city_en": "Khoms",
        "region_ar": "المرقب",
        "region_en": "Al Marqab",
        "address_ar": "التصنيف:",
        "address_en": null,
        "longitude": 14.03409,
        "latitude": 32.72176,
        "source": "Tourist villages and resorts KML",
        "source_kml": "data/incoming/tourist-villages-resorts.kml",
        "source_record_index": 28,
        "description_ar": "الوصف:\nالاسم باللغة الانجليزية:\nالعنوان/المدينة:\nالتصنيف:\nمعلومات اخرى:\nالوصف: قرية لؤلؤة غنيمة العائلية\nالتصن قرية سياحية\nالمدي الخمس\nعدد_ا 10\nعدد 1 20\nعدد الشاليهات:\nعدد الاسرة:\nالخدمات المتوفرة:\nوسائل الاتصال:\nالاسعار:\nللحجز والاستفسار:\nاوقات العمل:\nالتقييمات والانطباعات:\n:\n: قرية لؤلؤة غنيمة العائلية",
        "description_en": null,
        "phone": "اوقات العمل:",
        "email": null,
        "website": "الاسعار:",
        "stars": null,
        "rooms": null,
        "beds": null,
        "units": null,
        "capacity": null,
        "beach_access": null,
        "pool_available": null,
        "restaurant_available": null,
        "parking_available": null,
        "family_friendly": null,
        "status": null,
        "license_status": null,
        "operational_status": null,
        "ownership_type": null,
        "data_quality_status": "medium",
        "data_review_status": "integrated",
        "source_image_url": "https://lh3.googleusercontent.com/umsh/AN6v0v6fN3FqB6yhahpunts98smrK5_5MS_pQSvPTFBTnm0mZWzfb02uZoACQJ9keff0DACRXakJEj6IeoprXfms5dUzimxzu7z0BJriOpPbuoCDFnRrQRvMppyCL1WQpkRdrhH9ke1889hHQZI9fled1Ovgf7PfroTc-ovR-28-9nhJvSl3z6Qb3en3Ko6tD0GXeF2x3ZzlgPE8erQSPBqzC1cq6gGJZ-sw3Q52-oVR9xZdvvyeB-fA1euvsJVGa2onXMd5zYw60SP2HSR76spl66BnHH-QvRRldzQ3NxE_VUgUaJJSWEyW9f1gr-WIBw546n6k1g9yNHs5rVKSu9KCvVG_2HufYd1Euw4gTxu8z91Q0hxvBhKHQnm0QT-04CuQjZc0Mwl2auRO-lK8MBIe2QbYrHfKshjXUOK95vAcrw6u485lyFO6bQpm-b4RBJcLHNSwfpXpLWTJgQzZ9mjd7vgUDk8jBWs9yXgiT6y9EZiWLRP23HhT3gfm1nzAe_v-L0t_RVMWSwYKBtxOhZDTZxuYoXPC2Xlqfme2K67Hf1bMs9w3-FX1A7JP4ekLUtPMAXVWinBEKDcyXPLt1Uvdcjq7PzFTUgK81Pk2KXfrVsbe8dTdaxp6NLYoxlmKsqUrLM48VVBnipF5B6URMGpdK_hA8vP4lXABQwe_M0pISH3FgNwiIGs6O4Y4n4em4OHCDF6lUY3Wv6oHcoprVzNBuJo9LcB_Lg",
        "source_image_provider": "google_mymaps",
        "source_image_status": "temporary_google_url",
        "local_images": [],
        "image_count": 0,
        "created_at": "2026-08-06",
        "updated_at": "2026-08-06",
        "name_score": 1.0,
        "coordinate_score": 1.0,
        "classification_score": 1.0,
        "contact_score": 1.0,
        "capacity_score": 0.0,
        "services_score": 1.0,
        "image_score": 0.0,
        "completeness_score": 0.5,
        "overall_quality_score": 0.71,
        "data_completeness_percent": 50,
        "missing_fields": [
          "rooms",
          "beds",
          "units",
          "capacity",
          "license",
          "operation",
          "image"
        ],
        "match_status": "exact_match",
        "coordinate_review_status": "valid",
        "coordinate_change_reason": null,
        "original_coordinates": [
          14.03409,
          32.72176
        ]
      },
      "geometry": {
        "type": "Point",
        "coordinates": [
          14.03409,
          32.72176
        ]
      }
    },
    {
      "type": "Feature",
      "id": "LY-ACC-RES-KHO-00007",
      "properties": {
        "id": "LY-ACC-RES-KHO-00007",
        "name_ar": "قرية شمس البحر",
        "name_en": "العنوان/المدينة:",
        "name_normalized_ar": "قريهشمسالبحر",
        "translation_status": "source_provided",
        "category": "القرى والمنتجعات السياحية",
        "subcategory_ar": "قرية سياحية",
        "subcategory_en": "Tourist village",
        "facility_type_code": "tourist_village",
        "municipality_ar": "الخمس",
        "municipality_en": "Khoms",
        "city_ar": "الخمس",
        "city_en": "Khoms",
        "region_ar": "المرقب",
        "region_en": "Al Marqab",
        "address_ar": "التصنيف:",
        "address_en": null,
        "longitude": 14.059195,
        "latitude": 32.721778,
        "source": "Tourist villages and resorts KML",
        "source_kml": "data/incoming/tourist-villages-resorts.kml",
        "source_record_index": 29,
        "description_ar": "الوصف:\nالاسم باللغة الانجليزية:\nالعنوان/المدينة:\nالتصنيف:\nمعلومات اخرى:\nالوصف: قرية شمس البحر\nالتصن قرية سياحية\nالمدي الخمس\nعدد_ا 10\nعدد 1 20\nعدد الشاليهات:\nعدد الاسرة:\nالخدمات المتوفرة:\nوسائل الاتصال:\nالاسعار:\nللحجز والاستفسار:\nاوقات العمل:\nالتقييمات والانطباعات:\n:\n: قرية شمس البحر",
        "description_en": null,
        "phone": "اوقات العمل:",
        "email": null,
        "website": "الاسعار:",
        "stars": null,
        "rooms": null,
        "beds": null,
        "units": null,
        "capacity": null,
        "beach_access": null,
        "pool_available": null,
        "restaurant_available": null,
        "parking_available": null,
        "family_friendly": null,
        "status": null,
        "license_status": null,
        "operational_status": null,
        "ownership_type": null,
        "data_quality_status": "medium",
        "data_review_status": "integrated",
        "source_image_url": "https://lh3.googleusercontent.com/umsh/AN6v0v6Y0-xGgHaMziO-y_ahPNcbzGMX_Bo_7pGK-QROwaLBdLQ4XQlWtSbQB4HpYbqCaEkSAzglQmeMJllUCnQCxbrSL-0F8VRs6NyW6ZTZDjVxHe8J3u2Y9hMj3mNCFKdH0ttMGDqksE5jsxtlI8hqPu0mIu9ktQ2Jc9UcRXjZdXiJ0q261x06kvWdi-bC1buLryi8lBwLEM5I0BTcbD61bHRY02BpexEfr6GwNK_wp1e7DBHdQafR_QsUf9msNXXHEZVWUVcVS9NLeuqADlR6yd9jR4K2oxORdXCYS-bzbEuSykldPhBseG4quXXlO_UiYxLOCOJ6h6nd_Yw1t5ZlgMQo_5MGsEQxjaswHdD_vYz46jtx5ahNQrnbZD0rOAgwtTCzxdS4shFTteeBWJmOQF-7yIFVGn7U_0VfwlXcCfTCqFvdN5aQkFy9Kc7FO9qQT978jFAa5rEPCwWTsM51kVNvZ1otS-lAAt9i5SGxQUoqIFW7lAiOpWGDUT0nqmIeggWOyImijGLgP86uhIgvPilqfgedwdSYE5U1cscaU41zz9-UVXM9B0KUY__5JKwkbNl3t5iuVaIF56MuZNRmeUgQQPwTtvRaiBTv3ND9sfHzl8nl8BQiskWkwH1QVIlIE6aPAh_FuGc8MQ1YVLnswH5FnToCx4qgRQsgajwJM8cQnevArzLTzsvIYz4QZhBTgOrez0niTiUKpRmiDL3610eixXSVSw",
        "source_image_provider": "google_mymaps",
        "source_image_status": "temporary_google_url",
        "local_images": [],
        "image_count": 0,
        "created_at": "2026-08-06",
        "updated_at": "2026-08-06",
        "name_score": 1.0,
        "coordinate_score": 1.0,
        "classification_score": 1.0,
        "contact_score": 1.0,
        "capacity_score": 0.0,
        "services_score": 1.0,
        "image_score": 0.0,
        "completeness_score": 0.5,
        "overall_quality_score": 0.71,
        "data_completeness_percent": 50,
        "missing_fields": [
          "rooms",
          "beds",
          "units",
          "capacity",
          "license",
          "operation",
          "image"
        ],
        "match_status": "exact_match",
        "coordinate_review_status": "valid",
        "coordinate_change_reason": null,
        "original_coordinates": [
          14.059195,
          32.721778
        ]
      },
      "geometry": {
        "type": "Point",
        "coordinates": [
          14.059195,
          32.721778
        ]
      }
    },
    {
      "type": "Feature",
      "id": "LY-ACC-RES-KHO-00008",
      "properties": {
        "id": "LY-ACC-RES-KHO-00008",
        "name_ar": "قرية الشاطيء الذهبي",
        "name_en": "Golden Beach Village",
        "name_normalized_ar": "قريهالشاطيءالذهبي",
        "translation_status": "source_provided",
        "category": "القرى والمنتجعات السياحية",
        "subcategory_ar": "منتجع سياحي",
        "subcategory_en": "Tourist resort",
        "facility_type_code": "tourist_resort",
        "municipality_ar": "الخمس",
        "municipality_en": "Khoms",
        "city_ar": "الخمس",
        "city_en": "Khoms",
        "region_ar": "المرقب",
        "region_en": "Al Marqab",
        "address_ar": "غنيمة Al Khums Iraq",
        "address_en": null,
        "longitude": 14.05915,
        "latitude": 32.71876,
        "source": "Tourist villages and resorts KML",
        "source_kml": "data/incoming/tourist-villages-resorts.kml",
        "source_record_index": 30,
        "description_ar": "الوصف:\nالاسم باللغة الانجليزية: Golden Beach Village\nالعنوان/المدينة: غنيمة Al Khums Iraq\nالتصنيف:\nمعلومات اخرى:\nالوصف: الشاطيء الذهبي\nالتصن منتجع سياحي\nالمدي الخمس/غنيمة\nعدد_ا 15\nعدد 1 30\nعدد الشاليهات:\nعدد الاسرة:\nالخدمات المتوفرة:\nالاسعار:\nللحجز والاستفسار: 091-0011004\n0942130934\n0914806800\nاوقات العمل:\nالتقييمات والانطباعات:\n: Golden Beach Village\n: غنيمة Al Khums Iraq\n:\n: الشاطيء الذهبي\n: 091-0011004",
        "description_en": null,
        "phone": "091-0011004",
        "email": null,
        "website": "https://www.facebook.com/people/Golden-Beach-Village/100063635457288/",
        "stars": null,
        "rooms": null,
        "beds": null,
        "units": null,
        "capacity": null,
        "beach_access": null,
        "pool_available": null,
        "restaurant_available": null,
        "parking_available": null,
        "family_friendly": null,
        "status": null,
        "license_status": null,
        "operational_status": null,
        "ownership_type": null,
        "data_quality_status": "medium",
        "data_review_status": "integrated",
        "source_image_url": "https://lh3.googleusercontent.com/umsh/AN6v0v4ii97aa-3ApWAdh4YEboctxEWy1p_JjQJaUD11XZdo03lazm5ML5VUwHIKIfkV7NcHyZqEjJBQq2PqPteOMPe-vjxvfxNNsAgwqjqjw8roUGsiMTnKqYrDoephm4rvc9Y7CijeBSvLAsp1q_iin9h86msS134ZpoENXkwS-878cTiZogvlXx4ODLlfOh-WKAu441poN5I252_CzfMOD8rHv1Xs9k5rwK0_8lSsibGg2hSd_T7ovRu0HIbpofE_aHWTG-PseeMgqVLb-Z9Lf8D2mJ9k6dSfl_HHHmlvMFj4dmx_9Q1qDsk_5UnVRcOByYrgfYg1vvKg47ezTV3iyc83tQ0pwLx28wanuCg6hUBpQH7v9dhQu-H38m-0yVP9qvWSWecm4fW8PxSvrllLQn7OwuxmjBijda9Vod1oP09_apGMR9mXnqxbX3v9k3JgYRM0riRL6v4sPOkbmEbQ1vPAf1Ax-IkmXuGPLuQ5H_QpqFdj74IQ_Gau1BvcMDgQcleHHt3_OcD9tr9lo7TC4_4ADBlVDo58Zvw00-bJoLnnFRMRJtqocBuij4DooVG6Kp0zPHUdULdMeGY286KF4g4cm68-rasvQRcCiPozjf0-Am6J66We2937Yhq7K9k89lDat_8DOerW2MaN4GgwiNwNiRtvGB4uuX0hdGmFKMvA88oYMs38aljoFUMBGRr3RHbUB272booIkPHm_wCovp2EqQlR",
        "source_image_provider": "google_mymaps",
        "source_image_status": "temporary_google_url",
        "local_images": [],
        "image_count": 0,
        "created_at": "2026-08-06",
        "updated_at": "2026-08-06",
        "name_score": 1.0,
        "coordinate_score": 1.0,
        "classification_score": 1.0,
        "contact_score": 1.0,
        "capacity_score": 0.0,
        "services_score": 1.0,
        "image_score": 0.0,
        "completeness_score": 0.5,
        "overall_quality_score": 0.71,
        "data_completeness_percent": 50,
        "missing_fields": [
          "rooms",
          "beds",
          "units",
          "capacity",
          "license",
          "operation",
          "image"
        ],
        "match_status": "exact_match",
        "coordinate_review_status": "valid",
        "coordinate_change_reason": null,
        "original_coordinates": [
          14.05915,
          32.71876
        ]
      },
      "geometry": {
        "type": "Point",
        "coordinates": [
          14.05915,
          32.71876
        ]
      }
    },
    {
      "type": "Feature",
      "id": "LY-ACC-RES-KHO-00009",
      "properties": {
        "id": "LY-ACC-RES-KHO-00009",
        "name_ar": "منتجع سي شيلز",
        "name_en": "SeaShells Beach Resort",
        "name_normalized_ar": "منتجعسيشيلز",
        "translation_status": "source_provided",
        "category": "القرى والمنتجعات السياحية",
        "subcategory_ar": "منتجع سياحي",
        "subcategory_en": "Tourist resort",
        "facility_type_code": "tourist_resort",
        "municipality_ar": "الخمس",
        "municipality_en": "Khoms",
        "city_ar": "الخمس",
        "city_en": "Khoms",
        "region_ar": "المرقب",
        "region_en": "Al Marqab",
        "address_ar": "التصنيف:",
        "address_en": null,
        "longitude": 14.190261,
        "latitude": 32.704827,
        "source": "Tourist villages and resorts KML",
        "source_kml": "data/incoming/tourist-villages-resorts.kml",
        "source_record_index": 31,
        "description_ar": "الوصف:\nالاسم باللغة الانجليزية: SeaShells Beach Resort\nالعنوان/المدينة:\nالتصنيف:\nمعلومات اخرى:\nالوصف: منتجع سي شيلز\nSeaShells Resort +218 91-7084444\nالتصن منتجع سياحي\nالمدي الخمس\nعدد_ا 8\nعدد 1 48\nعدد الشاليهات:\nعدد الاسرة:\nالخدمات المتوفرة:\nالاسعار:\nللحجز والاستفسار:\n0917084444\n0927084444\nواتس اب 218917084444+\nاوقات العمل:\nالتقييمات والانطباعات:\n: SeaShells Beach Resort\n:\n: منتجع سي شيلز",
        "description_en": null,
        "phone": "+218 91-7084444",
        "email": null,
        "website": "https://www.facebook.com/Seahshells.Beach.Resort/",
        "stars": null,
        "rooms": null,
        "beds": null,
        "units": null,
        "capacity": null,
        "beach_access": null,
        "pool_available": null,
        "restaurant_available": null,
        "parking_available": null,
        "family_friendly": null,
        "status": null,
        "license_status": null,
        "operational_status": null,
        "ownership_type": null,
        "data_quality_status": "medium",
        "data_review_status": "integrated",
        "source_image_url": "https://lh3.googleusercontent.com/umsh/AN6v0v5GRRnovpl6_geTHPpunY9QFAA8CYJNKFc2L7F0yunwXZNB_VWiDYshMbEeV0qR6S-Ch-Vi6mKvPthYR8Zs8W1JKh-Qo4QvvMNnxmxFy16cb5yVWIfu29MoS79aTig9yVB5AzOSqG6hnCjRMXl-8F-mL-HIIULWM8TRCA9AMlc0zVOX7Oijas7Ee4XqPqEJ9e7MTjFFhgmDegLDuUD7DELm62PzC2hI8dJpVcCHhEQFq4iiaKe5bgksZ5uOugktQee8T3gBhMUY4qEKRgMEvKrXX_GLZxF5XZ69Ib0W8oAHuMoanZ-HfvDsc-ENEX1yI4ByxzzMY_lWFN4FE3u0XL29bSJUOtsO-xQLDWeOUL5L6rV47ZorMXbLj-txaf5S6zr0CIfEP-6Wpqoe-PhX16Cmo-rvt3xJAcwFZBCNwjk1PX4ApJgKt541nXJvJDmDBE7c9SVPb3tg8RiJKsNcfSddXXU9SVnHgFTSZmpdh4PCUuaTX-4donluzqUAM_avTobVwVEF__EPLkmee89H7HzDsCvWxJBXGbqPzY1T27Xn8Lm7g9pYeIW6m7hm0eP6CQxIAo3ILhM1C1JhFMYQ2qxr_waDqEKGu3c3erNQDMP8paD_YXrIIrSEUKfXYN49pAL25be9Y2P0uEr3OCBE2nI6IpAkoT7_SmKY8ShEU9gM05VBIYAvEj1HKfEZUttOXMG4uQ89vE_v5piafIDjE9luZOokvA",
        "source_image_provider": "google_mymaps",
        "source_image_status": "temporary_google_url",
        "local_images": [],
        "image_count": 0,
        "created_at": "2026-08-06",
        "updated_at": "2026-08-06",
        "name_score": 1.0,
        "coordinate_score": 1.0,
        "classification_score": 1.0,
        "contact_score": 1.0,
        "capacity_score": 0.0,
        "services_score": 1.0,
        "image_score": 0.0,
        "completeness_score": 0.5,
        "overall_quality_score": 0.71,
        "data_completeness_percent": 50,
        "missing_fields": [
          "rooms",
          "beds",
          "units",
          "capacity",
          "license",
          "operation",
          "image"
        ],
        "match_status": "exact_match",
        "coordinate_review_status": "valid",
        "coordinate_change_reason": null,
        "original_coordinates": [
          14.190261,
          32.704827
        ]
      },
      "geometry": {
        "type": "Point",
        "coordinates": [
          14.190261,
          32.704827
        ]
      }
    },
    {
      "type": "Feature",
      "id": "LY-ACC-RES-KHO-00010",
      "properties": {
        "id": "LY-ACC-RES-KHO-00010",
        "name_ar": "منتجع حوض البحر Seapool Resort",
        "name_en": "Seapool Resort (منتجع حوض البحر)",
        "name_normalized_ar": "منتجعحوضالبحرseapoolresort",
        "translation_status": "source_provided",
        "category": "القرى والمنتجعات السياحية",
        "subcategory_ar": "قرية سياحية",
        "subcategory_en": "Tourist village",
        "facility_type_code": "tourist_village",
        "municipality_ar": "الخمس",
        "municipality_en": "Khoms",
        "city_ar": "الخمس",
        "city_en": "Khoms",
        "region_ar": "المرقب",
        "region_en": "Al Marqab",
        "address_ar": "Al Khums Libya",
        "address_en": null,
        "longitude": 14.060749,
        "latitude": 32.722251,
        "source": "Tourist villages and resorts KML",
        "source_kml": "data/incoming/tourist-villages-resorts.kml",
        "source_record_index": 32,
        "description_ar": "الوصف:\nالاسم باللغة الانجليزية: Seapool Resort (منتجع حوض البحر)\nالعنوان/المدينة: Al Khums Libya\nالتصنيف: التصن قرية سياحية\nمعلومات اخرى:\nالوصف: منتجع حوض البحر\nالمدي الخمس\nعدد_ا 58\nعدد 1 250\nعدد الشاليهات:\nعدد الاسرة:\nالخدمات المتوفرة:\nالاسعار:\nللحجز والاستفسار: 092-0559222\nاوقات العمل:\nالتقييمات والانطباعات:\n: Seapool Resort (منتجع حوض البحر)\n: Al Khums Libya\n:\n: منتجع حوض البحر\n: 092-0559222",
        "description_en": null,
        "phone": "092-0559222",
        "email": null,
        "website": "https://www.facebook.com/p/Seapool-Resort-61556917142875/",
        "stars": null,
        "rooms": null,
        "beds": null,
        "units": null,
        "capacity": null,
        "beach_access": null,
        "pool_available": null,
        "restaurant_available": null,
        "parking_available": null,
        "family_friendly": null,
        "status": null,
        "license_status": null,
        "operational_status": null,
        "ownership_type": null,
        "data_quality_status": "medium",
        "data_review_status": "integrated",
        "source_image_url": "https://lh3.googleusercontent.com/umsh/AN6v0v5rDqyQWB-QnuugLicMul7w73V_lhtkBwin8IO0AK7qM1vyeZraGjpb5FzVJrJCT-yOlb3o7FTiS7yJVoOGxCs4oaMxqk_GxszOVoVbdZEqHKwA1wwgn4yNAsGbMpnTOwoGQpi7oaNbmkVKh3T5RIiQjc1zUiplGrf4z1S_i3EbQWStZdOxqu7FXFUD3POgDn61bfPdWtbtuCuvneOXjQUaRZ5UjGgdJwFmbrcdsDe7Z62HhJXSh7tKAW3mUn3iK-LeJkrqxTRssKf_9Gfj9JyzqFSRJplbbLiRL9koAefQwq79-_xdQZdrSPflee-QRHi6om5EXxDqCGmjyz9hgTD40rWMWdrmce0njjjxMWh_pi0AdwX8riuUNIYmrh92-PAzPHzUQxbTkF_vsq14VR5i1deGmMi3SXTN3wfiOr0UMF74C4zGIVRjDZevHvfHG8QPWJt8RHMAd1MsFhG-8_wlwJFq6wcR3CepsJ89csJtbTXjPouXQROrhPTITwzwWkatGg3LRrHjGDNMosujPeJNJDFJTdMvgkc-9NoWEyY9eaK8YJqj-It0n4v9E4NEnNZsmn5WOVvuJjhQlrD4q7DUZKNVhQYuV0usVeBtTehkUfrF6DF3vSgqE4pepuF08Ul4VLXiUl6z0yeardxiNlJsWLPyOrsbBwAvKsaHNJXeCuBALKZm9AEdV9FaVx0jBcx08Lc5XjSPsJ5X9eTSDegUJ9DZ6w",
        "source_image_provider": "google_mymaps",
        "source_image_status": "temporary_google_url",
        "local_images": [],
        "image_count": 0,
        "created_at": "2026-08-06",
        "updated_at": "2026-08-06",
        "name_score": 1.0,
        "coordinate_score": 1.0,
        "classification_score": 1.0,
        "contact_score": 1.0,
        "capacity_score": 0.0,
        "services_score": 1.0,
        "image_score": 0.0,
        "completeness_score": 0.5,
        "overall_quality_score": 0.71,
        "data_completeness_percent": 50,
        "missing_fields": [
          "rooms",
          "beds",
          "units",
          "capacity",
          "license",
          "operation",
          "image"
        ],
        "match_status": "exact_match",
        "coordinate_review_status": "valid",
        "coordinate_change_reason": null,
        "original_coordinates": [
          14.060749,
          32.722251
        ]
      },
      "geometry": {
        "type": "Point",
        "coordinates": [
          14.060749,
          32.722251
        ]
      }
    },
    {
      "type": "Feature",
      "id": "LY-ACC-RES-KHO-00011",
      "properties": {
        "id": "LY-ACC-RES-KHO-00011",
        "name_ar": "قرية الخمس السياحية",
        "name_en": "العنوان/المدينة:",
        "name_normalized_ar": "قريهالخمسالسياحيه",
        "translation_status": "source_provided",
        "category": "القرى والمنتجعات السياحية",
        "subcategory_ar": "منشأة سياحية أخرى",
        "subcategory_en": "Other tourism accommodation",
        "facility_type_code": "accommodation_resort_other",
        "municipality_ar": "الخمس",
        "municipality_en": "Khoms",
        "city_ar": "الخمس",
        "city_en": "Khoms",
        "region_ar": "المرقب",
        "region_en": "Al Marqab",
        "address_ar": "التصنيف:",
        "address_en": null,
        "longitude": 14.277922,
        "latitude": 32.645768,
        "source": "Tourist villages and resorts KML",
        "source_kml": "data/incoming/tourist-villages-resorts.kml",
        "source_record_index": 33,
        "description_ar": "الوصف:\nالاسم باللغة الانجليزية:\nالعنوان/المدينة:\nالتصنيف:\nمعلومات اخرى:\nالوصف: قرية الخمس السياحية\nعدد الشاليهات:\nعدد الاسرة: عدد_ا 24\nعدد 1 96\nالخدمات المتوفرة:\nوسائل الاتصال:\nالاسعار:\nللحجز والاستفسار:\nاوقات العمل:\nالتقييمات والانطباعات:\n:\n: قرية الخمس السياحية\n: عدد_ا 24",
        "description_en": null,
        "phone": "اوقات العمل:",
        "email": null,
        "website": "الاسعار:",
        "stars": null,
        "rooms": null,
        "beds": 24,
        "units": 24,
        "capacity": null,
        "beach_access": null,
        "pool_available": null,
        "restaurant_available": null,
        "parking_available": null,
        "family_friendly": null,
        "status": null,
        "license_status": null,
        "operational_status": null,
        "ownership_type": null,
        "data_quality_status": "medium",
        "data_review_status": "integrated",
        "source_image_url": "https://lh3.googleusercontent.com/umsh/AN6v0v6neIezGA1NKFtQd0_LUcSST4XRoh-nhTSEwvSvuR9NoZGDQCYNKih9HzB6vzGIQ-0NE1FqVUwoKySCBNri5BFQ_08phQs3H3kSodHGlvp4vZyHThJXjWuKdxlwCBjpb4v-E3tWwL4xymTPdqdlmqPZCg-TL0j5W6qEcD5aFQZj3PwhW9RPFPxSOru-fUAiCbEdMG-_S6H9Ox_xH0T-lJjRW_TDGyV-Jf8VdTk1-c788QNxN_iiHXt4d1prNvyQDBOBVXAz1od-C2091iRw-wARk7ggU6UV3bKJt1E2E8sQpG8C_2d1R8cx2VLo3X1Ztt5ceRvBNgziXHQY00o-IfPkh3oAi22dDTUbpnghJrlWwNjpV-itFk0ppyorNxkkVSlOVzKsyaCU4OXhjkFgZ2wSD9atqfy25pnAgz5KKw2ZaeFZvxa_dGrFmWGJQFroC2BpLxOZRrDod5qw_cfY3WyiQxHFP4z8F7GqLI9x9ZE5Ofr0y9lYgI8NSjAkPLiLavQruhYJbqVYViPd6zPg-tRkJptjqP6gHQMmiqSKN9xd0ysiHfgoZl7aKZ6STnh6pI0rSYcNFW0fr9esksEEtIywTphSvaKqEU8B9vV1QR72BSPafgXhtC4rBUnGhImjw3fGzKb2AmSLPbbSR8-NR3sk0HeDXB1o4XEsb1vN2-S5iYacaGYIDfKuwsoa2F7nXce5qRgsX3SewiTMKjv_huECsgju1Q",
        "source_image_provider": "google_mymaps",
        "source_image_status": "temporary_google_url",
        "local_images": [],
        "image_count": 0,
        "created_at": "2026-08-06",
        "updated_at": "2026-08-06",
        "name_score": 1.0,
        "coordinate_score": 1.0,
        "classification_score": 0.65,
        "contact_score": 1.0,
        "capacity_score": 1.0,
        "services_score": 1.0,
        "image_score": 0.0,
        "completeness_score": 0.64,
        "overall_quality_score": 0.81,
        "data_completeness_percent": 64,
        "missing_fields": [
          "rooms",
          "capacity",
          "license",
          "operation",
          "image"
        ],
        "match_status": "exact_match",
        "coordinate_review_status": "valid",
        "coordinate_change_reason": null,
        "original_coordinates": [
          14.277922,
          32.645768
        ]
      },
      "geometry": {
        "type": "Point",
        "coordinates": [
          14.277922,
          32.645768
        ]
      }
    },
    {
      "type": "Feature",
      "id": "LY-ACC-RES-KHO-00012",
      "properties": {
        "id": "LY-ACC-RES-KHO-00012",
        "name_ar": "قريه غنيمه العائليه",
        "name_en": "منتجع غنيمة السياحي Ghanima Resort&spa",
        "name_normalized_ar": "قريهغنيمهالعايليه",
        "translation_status": "source_provided",
        "category": "القرى والمنتجعات السياحية",
        "subcategory_ar": "منتجع عائلي",
        "subcategory_en": "Family resort",
        "facility_type_code": "family_resort",
        "municipality_ar": "الخمس",
        "municipality_en": "Khoms",
        "city_ar": "الخمس",
        "city_en": "Khoms",
        "region_ar": "المرقب",
        "region_en": "Al Marqab",
        "address_ar": "المدي الخمس",
        "address_en": null,
        "longitude": 14.27806,
        "latitude": 32.64588,
        "source": "Tourist villages and resorts KML",
        "source_kml": "data/incoming/tourist-villages-resorts.kml",
        "source_record_index": 34,
        "description_ar": "الوصف:\nالاسم باللغة الانجليزية: منتجع غنيمة السياحي Ghanima Resort&spa\nالعنوان/المدينة: المدي الخمس\nالتصنيف: التصن قرية سياحية\nمعلومات اخرى:\nالوصف: قريه غنيمه العائليه\nعدد_ا 52\nعدد 1 100\nعدد الشاليهات:\nعدد الاسرة:\nالخدمات المتوفرة:\nالاسعار:\nللحجز والاستفسار: 094-5000453\nاوقات العمل:\nالتقييمات والانطباعات:\n: منتجع غنيمة السياحي Ghanima Resort&spa\n: المدي الخمس\n:\n: قريه غنيمه العائليه\n: 094-5000453",
        "description_en": null,
        "phone": "094-5000453",
        "email": null,
        "website": "https://www.facebook.com/p/ D9 85 D9 86 D8 AA D8 AC D8 B9- D8 BA D9 86 D9 8A D9 85 D8 A9- D8 A7 D9 84 D8 B3 D9 8A D8 A7 D8 AD D9 8A-100064630604885/",
        "stars": null,
        "rooms": null,
        "beds": null,
        "units": null,
        "capacity": null,
        "beach_access": null,
        "pool_available": null,
        "restaurant_available": null,
        "parking_available": null,
        "family_friendly": null,
        "status": null,
        "license_status": null,
        "operational_status": null,
        "ownership_type": null,
        "data_quality_status": "medium",
        "data_review_status": "integrated",
        "source_image_url": "https://lh3.googleusercontent.com/umsh/AN6v0v6N70kVCRKZ4JdK3QrFL3hRdFWYNo4NFsX-zh8qSXocOwDxQav8fS5UlMaJa59D9GcNd4B5hGpAxOY6_ZZBsBdnJ3vrX1gdyZ3xlcLMOdIkafDaFRvPsbSWjN8O-H7FQr1stvF_qaLBDrptwhvwcHWnt9i9gBPqSJfD_LebaXxAyHkv2WPpM1aEc8YMtmcM-gCAf1_F2HVdjd0AXLsWyX6VQmBNs0mvtyxxMQTKsl4AKZ5jQc2lPSbwZFi9Yn-4_j77sw3Taf3Hg_xrjdyE2ftkf1M5tfTZeQAy9AZP8azr0rA407NEqVpj7raGzGQXMr6HgHQTO0sb9LlnE2bPzijT-eCb-bHIG8di7ivCmqiU3XInLnCk5Lp4lOVCaqiQCEQUgyEauT4gjjJjP1Sq-RE6WMiJ3EsWLDYbRuUlBaBaPwUJUoDaJ1YPX-jg4gpJOFIJOe_5yscxrHQoyQ54BEjTUzdsvykhZH0_OCxlKCBLLgccFkK1x6hAANOwzx_a67rP7yaFKik8B3oZBWX5Ws4MdfsuHiR9A98cF89swG-nbJ24i1KToEYdm4wP8YHMgmAmO8oXK9faZJ-hoj2O6hAztqMslYtKgLdXQzfomXbDvEQd_VXtUBmJBuqqPy_7KNGi_Al-5NHKAd4blCaYJSbzTDL38g2kLHXzW9_vMSOGVkKoh-DocZDt6H9wNLBH9wnaKUHcE6MCI1IBFhxUHGp056REqA",
        "source_image_provider": "google_mymaps",
        "source_image_status": "temporary_google_url",
        "local_images": [],
        "image_count": 0,
        "created_at": "2026-08-06",
        "updated_at": "2026-08-06",
        "name_score": 1.0,
        "coordinate_score": 1.0,
        "classification_score": 1.0,
        "contact_score": 1.0,
        "capacity_score": 0.0,
        "services_score": 1.0,
        "image_score": 0.0,
        "completeness_score": 0.5,
        "overall_quality_score": 0.71,
        "data_completeness_percent": 50,
        "missing_fields": [
          "rooms",
          "beds",
          "units",
          "capacity",
          "license",
          "operation",
          "image"
        ],
        "match_status": "exact_match",
        "coordinate_review_status": "valid",
        "coordinate_change_reason": null,
        "original_coordinates": [
          14.27806,
          32.64588
        ]
      },
      "geometry": {
        "type": "Point",
        "coordinates": [
          14.27806,
          32.64588
        ]
      }
    },
    {
      "type": "Feature",
      "id": "LY-ACC-RES-KHO-00013",
      "properties": {
        "id": "LY-ACC-RES-KHO-00013",
        "name_ar": "قرية اكوا مارين السياحية",
        "name_en": "قرية أكوامارين السياحية - Aquamarine",
        "name_normalized_ar": "قريهاكوامارينالسياحيه",
        "translation_status": "source_provided",
        "category": "القرى والمنتجعات السياحية",
        "subcategory_ar": "قرية سياحية",
        "subcategory_en": "Tourist village",
        "facility_type_code": "tourist_village",
        "municipality_ar": "الخمس",
        "municipality_en": "Khoms",
        "city_ar": "الخمس",
        "city_en": "Khoms",
        "region_ar": "المرقب",
        "region_en": "Al Marqab",
        "address_ar": "شارع الاربعين غنيمة / Ghoneima Libya 32.725744 14.033950 Tripoli Libya",
        "address_en": null,
        "longitude": 14.034,
        "latitude": 32.72555,
        "source": "Tourist villages and resorts KML",
        "source_kml": "data/incoming/tourist-villages-resorts.kml",
        "source_record_index": 35,
        "description_ar": "الوصف:\nالاسم باللغة الانجليزية: قرية أكوامارين السياحية - Aquamarine\nالعنوان/المدينة: شارع الاربعين غنيمة / Ghoneima Libya 32.725744 14.033950 Tripoli Libya\nالتصنيف:\nبحر\nالوصف: قرية اكوا مارين السياحية\nالتصن قرية سياحية\nالمدي الخمس\nعدد_ا 10\nعدد 1 13\nعدد الشاليهات:\nعدد الاسرة:\nالخدمات المتوفرة:\nالاسعار:\nللحجز والاستفسار: 091-2509955\nاوقات العمل:\nالتقييمات والانطباعات:\n: قرية أكوامارين السياحية - Aquamarine\n: شارع الاربعين غنيمة / Ghoneima Libya 32.725744 14.033950 Tripoli Libya\n:\n: قرية اكوا مارين السياحية\n: 091-2509955",
        "description_en": null,
        "phone": "091-2509955",
        "email": null,
        "website": "https://www.facebook.com/Finestracafe/",
        "stars": null,
        "rooms": null,
        "beds": null,
        "units": null,
        "capacity": null,
        "beach_access": null,
        "pool_available": null,
        "restaurant_available": null,
        "parking_available": null,
        "family_friendly": null,
        "status": null,
        "license_status": null,
        "operational_status": null,
        "ownership_type": null,
        "data_quality_status": "medium",
        "data_review_status": "integrated",
        "source_image_url": "https://lh3.googleusercontent.com/umsh/AN6v0v4Z6Z1FLlwB-Jc1floVg4GFfUkBN0Pr76mEAm6Lkld1ZfpiHBmimiN5Q0KVSGv7odhko7GAiWIpiXg6SdnrCEPOeSxgClzzbU-oP6sP-Q_4R1beboh8mkJ1VRxGwTF7fJ4lpW_vfmfRZMRiOecnCn_90FnKNVwcjZuKX9htR4n6b1WJr_gyuqxGrIKc0ykb7_gw9B81aCv1l3EiPBu1zDK4NWVuhTTOcChWA3t9tzGVooBp0kodY96Qyaom1u8tEOYZZN74o_SlI-Ncl2Dp8i8JwHtwcJI_zkOzuZTxuosZ62sHU9eE1KoefNRIJZbxAdv-9nyTq9xbfuFfIiN99PkobXtYTuKFX8ESKK-cyOdR4QW2pqd_xIQjC1cJfNyZqjsTSif5VBd0zj6oZcI_sMM8Qiri5eYGD68n4mdI1wB-pVsKC70fA9Oz9AepQRgg7N4MW6NrshjcTKqww0GEDCTahvfTJylf5Sw6TR6CwVS9PYfcn2pwAdHtVLyvsh_-1qyKO4Ceuk6yjJTn6HzGaN7PdRpMrOClfbUfrDbu2AazDHumpsXG-y-yU6DrOzdva3KsFfioaM8SkX4UigmEgKDcmPFepb4E9Me08trUnGFCGhZlLEs_OS9wBPsFOqgpX2HIirHmaJ00sCS6l5qeVbwIRORHnTh_FPP9DGAcSJHR5Pjg63pDWrPyiaNJZkdwlqDd8lUUeBC5FuLVBzO7cLxPv1Jhpw",
        "source_image_provider": "google_mymaps",
        "source_image_status": "temporary_google_url",
        "local_images": [],
        "image_count": 0,
        "created_at": "2026-08-06",
        "updated_at": "2026-08-06",
        "name_score": 1.0,
        "coordinate_score": 1.0,
        "classification_score": 1.0,
        "contact_score": 1.0,
        "capacity_score": 0.0,
        "services_score": 1.0,
        "image_score": 0.0,
        "completeness_score": 0.5,
        "overall_quality_score": 0.71,
        "data_completeness_percent": 50,
        "missing_fields": [
          "rooms",
          "beds",
          "units",
          "capacity",
          "license",
          "operation",
          "image"
        ],
        "match_status": "exact_match",
        "coordinate_review_status": "valid",
        "coordinate_change_reason": null,
        "original_coordinates": [
          14.034,
          32.72555
        ]
      },
      "geometry": {
        "type": "Point",
        "coordinates": [
          14.034,
          32.72555
        ]
      }
    },
    {
      "type": "Feature",
      "id": "LY-ACC-RES-KHO-00014",
      "properties": {
        "id": "LY-ACC-RES-KHO-00014",
        "name_ar": "قرية جنيف العائلية غنيمة",
        "name_en": "قرية جنيف السياحية غنيمة Geneve",
        "name_normalized_ar": "قريهجنيفالعايليهغنيمه",
        "translation_status": "source_provided",
        "category": "القرى والمنتجعات السياحية",
        "subcategory_ar": "منتجع عائلي",
        "subcategory_en": "Family resort",
        "facility_type_code": "family_resort",
        "municipality_ar": "الخمس",
        "municipality_en": "Khoms",
        "city_ar": "الخمس",
        "city_en": "Khoms",
        "region_ar": "المرقب",
        "region_en": "Al Marqab",
        "address_ar": "التصنيف: منتجع فندقي",
        "address_en": null,
        "longitude": 14.03118,
        "latitude": 32.72632,
        "source": "Tourist villages and resorts KML",
        "source_kml": "data/incoming/tourist-villages-resorts.kml",
        "source_record_index": 36,
        "description_ar": "الوصف:\nالاسم باللغة الانجليزية: قرية جنيف السياحية غنيمة Geneve\nالعنوان/المدينة:\nالتصنيف: منتجع فندقي\nمعلومات اخرى:\nالوصف: قرية جنيف العائلية غنيمة\nالتصن قرية سياحية\nالمدي الخمس\nعدد_ا 15\nعدد 1 37\nعدد الشاليهات:\nعدد الاسرة:\nالخدمات المتوفرة:\nالاسعار:\nللحجز والاستفسار: 092-7278071\nاوقات العمل:\nالتقييمات والانطباعات:\n: قرية جنيف السياحية غنيمة Geneve\n:\n: قرية جنيف العائلية غنيمة\n: 092-7278071",
        "description_en": null,
        "phone": "092-7278071",
        "email": null,
        "website": "https://www.facebook.com/geneve17/ locale ar_AR",
        "stars": null,
        "rooms": null,
        "beds": null,
        "units": null,
        "capacity": null,
        "beach_access": null,
        "pool_available": null,
        "restaurant_available": null,
        "parking_available": null,
        "family_friendly": null,
        "status": null,
        "license_status": null,
        "operational_status": null,
        "ownership_type": null,
        "data_quality_status": "medium",
        "data_review_status": "integrated",
        "source_image_url": "https://lh3.googleusercontent.com/umsh/AN6v0v43Aa_6qZZexR13kg-ob4NsoPpmAXZ9MDKBnbjj7CdAeQ9NeJtMQ7gdlSuksZAgQ41TfVSQRUUV6089oGH6z0ScCqeavCQdWkn0mWVRpgL9KeebJmr4CCMG3Od9tE5snzYdJgc0EqAWku1g0KE0DlY8aLgEXpj9SfDwM7-ON_NdABU--_Y7iat8gJprW4Xgcsy_8UczpybJJlWrpAe5MwNyfCv2UfQD2e8lq1fO4g7Dv7-uOkM2-QCY-53m3p0G4N382MZ21z8iBGFDdGzip4F_nnGMpWudcHRg1rz-zXwnoQj3xC_REZxLrSjX2jYe8XNEMWhxY3lGFFa6re6dXEZjilEqDogz2aRpuCRbX3hdTHJzj0TaDRPyPfeg0XN0P03iMiStK7fJ-13rHYggSatDwddteex4qS-CKjPDKxTjEuQLaw8fNgEk1H-_4cYA88oUL4ThP7w3K1KkfaqFqKaOivFuxPHqf8kE_1C-KL2JifnOhX3ymo50KA9R_5bqZ4ZUhH00GKAJmYgs68WtN76zzYoxdRSH_ulxCmGkI5-LCu0VSpuwosLj0oJhwFw0BFgEsWq8tn3_F6OG9ABdffuY30bGctzUEu3W9rUD0FD-y5Cts6dKJE1cjpPndYKbZ1tTBg5QbUi1vI4WQ5EeTx8p5bUA1gFSjiNVyxTmb7R8q7Rz9aKWonQv41DJyec1PkZ8thW2jprQk0qAXDdnA2Iae3B5",
        "source_image_provider": "google_mymaps",
        "source_image_status": "temporary_google_url",
        "local_images": [],
        "image_count": 0,
        "created_at": "2026-08-06",
        "updated_at": "2026-08-06",
        "name_score": 1.0,
        "coordinate_score": 1.0,
        "classification_score": 1.0,
        "contact_score": 1.0,
        "capacity_score": 0.0,
        "services_score": 1.0,
        "image_score": 0.0,
        "completeness_score": 0.5,
        "overall_quality_score": 0.71,
        "data_completeness_percent": 50,
        "missing_fields": [
          "rooms",
          "beds",
          "units",
          "capacity",
          "license",
          "operation",
          "image"
        ],
        "match_status": "exact_match",
        "coordinate_review_status": "valid",
        "coordinate_change_reason": null,
        "original_coordinates": [
          14.03118,
          32.72632
        ]
      },
      "geometry": {
        "type": "Point",
        "coordinates": [
          14.03118,
          32.72632
        ]
      }
    },
    {
      "type": "Feature",
      "id": "LY-ACC-RES-KHO-00015",
      "properties": {
        "id": "LY-ACC-RES-KHO-00015",
        "name_ar": "منتجع شاطئ غنيمة",
        "name_en": "Ghanima beach resort & spa منتجع وشاطيء غنيمه",
        "name_normalized_ar": "منتجعشاطيغنيمه",
        "translation_status": "source_provided",
        "category": "القرى والمنتجعات السياحية",
        "subcategory_ar": "قرية سياحية",
        "subcategory_en": "Tourist village",
        "facility_type_code": "tourist_village",
        "municipality_ar": "الخمس",
        "municipality_en": "Khoms",
        "city_ar": "الخمس",
        "city_en": "Khoms",
        "region_ar": "المرقب",
        "region_en": "Al Marqab",
        "address_ar": "التصنيف:",
        "address_en": null,
        "longitude": 14.054075,
        "latitude": 32.721054,
        "source": "Tourist villages and resorts KML",
        "source_kml": "data/incoming/tourist-villages-resorts.kml",
        "source_record_index": 37,
        "description_ar": "الوصف:\nالاسم باللغة الانجليزية: Ghanima beach resort & spa منتجع وشاطيء غنيمه\nالعنوان/المدينة:\nالتصنيف:\nمعلومات اخرى: منتجع غنيمه السياحي\nالمنتجع الأول من نوعه في ليبيا\nهنا حيث الهدوء والراحة وروعة المكان والمباني العصرية الحديثة\nالوصف: منتجع شاطئ غنيمة\nالتصن قرية سياحية\nالمدي الخمس\nعدد_ا 52\nعدد 1 104\nعدد الشاليهات:\nعدد الاسرة:\nالخدمات المتوفرة:\nالاسعار: مكاننا:\nشركة مجموعة الفارس للخدمات السياحية\nشارع بن عاشور زنقة جامع عمورة\nللحجز والاستفسار: 091-7700901 -- 0913015557\n0913025557\n0913035557\nاوقات العمل:\nالتقييمات والانطباعات:\n: Ghanima beach resort & spa منتجع وشاطيء غنيمه\n:\n: مكاننا:\n: منتجع غنيمه السياحي\n: منتجع شاطئ غنيمة\n: 091-7700901 -- 0913015557",
        "description_en": null,
        "phone": "091-7700901 -- 0913015557",
        "email": null,
        "website": "https://www.facebook.com/p/Ghanima-beach-resort-spa- D9 85 D9 86 D8 AA D8 AC D8 B9- D9 88 D8 B4 D8 A7 D8 B7 D9 8A D8 A1- D8 BA D9 86 D9 8A D9 85 D9 87-100057058826368/",
        "stars": null,
        "rooms": null,
        "beds": null,
        "units": null,
        "capacity": null,
        "beach_access": null,
        "pool_available": null,
        "restaurant_available": null,
        "parking_available": null,
        "family_friendly": null,
        "status": null,
        "license_status": null,
        "operational_status": null,
        "ownership_type": null,
        "data_quality_status": "medium",
        "data_review_status": "integrated",
        "source_image_url": "https://lh3.googleusercontent.com/umsh/AN6v0v4PtzhsTvJpPMX-0a5beQ-cA4FGC_GkCSSNyO2hrv8vyKnjCKSxQhncDdG7m6E9nfyYTBdUK9Dr56Gp0Wrm3gzWjsEsIJzHe3p8l0SbtzXZUwI9FmZk5YTHiFwmrrWe4miSiO9qX0jnam0pGUXLMfuQC3O12bP_pm02xPARBlvTcTbeUzigC3OLBEdUdwCEaKKzIFeYq4Z2v934_00G27gcsph5bzjAbeoNX6JGgWtT0hDlsNie9QZMoalrJDU9Ctd8LGM3PXC2wbprRgxbTHop3MrHalEfZcOy9hORuWjcWdJK1ZbJdRC1KaxzTJxYBX_lvXHoZcigKBGZH-4yrtdDZS8ps_Npn91nK3mGxDMV7wBdv_Fw0bengz1KBrnexGzm9UUPqmEm5JODNpZvcaGMgooj_OHRAZ_uAG__cwcsjl_syf9n5Nb8DzakdyG4qR9c_0fiikAqdryqjasaLL8kJbdl-8oe5uOSEa93c2qpHRqX42dkYR7j_4lT-yqMj5QWB22j8JrCEUQ6KeMrnunBgK9RAic6SWmXjSQAkqHdWstFUNriP0Mdjoz64zuztXpVH2grrPy2qg45K316sBdbiyXF8-7zc47qEMhPZhVOVxPzSbWN_EhRp43e-JgwDHF0HLev2nHEw6OXSNk4iToot8sn6-7q353Tnr-_r5VkS_Klbv07ESljrJYSAJeiLysR_UjNI7isTcJ1MVP-sPL7XtCg",
        "source_image_provider": "google_mymaps",
        "source_image_status": "temporary_google_url",
        "local_images": [],
        "image_count": 0,
        "created_at": "2026-08-06",
        "updated_at": "2026-08-06",
        "name_score": 1.0,
        "coordinate_score": 1.0,
        "classification_score": 1.0,
        "contact_score": 1.0,
        "capacity_score": 0.0,
        "services_score": 1.0,
        "image_score": 0.0,
        "completeness_score": 0.5,
        "overall_quality_score": 0.71,
        "data_completeness_percent": 50,
        "missing_fields": [
          "rooms",
          "beds",
          "units",
          "capacity",
          "license",
          "operation",
          "image"
        ],
        "match_status": "exact_match",
        "coordinate_review_status": "valid",
        "coordinate_change_reason": null,
        "original_coordinates": [
          14.054075,
          32.721054
        ]
      },
      "geometry": {
        "type": "Point",
        "coordinates": [
          14.054075,
          32.721054
        ]
      }
    },
    {
      "type": "Feature",
      "id": "LY-ACC-RES-KHO-00016",
      "properties": {
        "id": "LY-ACC-RES-KHO-00016",
        "name_ar": "شاليهات بن حمودة العائلي",
        "name_en": "شاليهات بن حمودة العائلي - Shalehat ben hammoda",
        "name_normalized_ar": "شاليهاتبنحمودهالعايلي",
        "translation_status": "source_provided",
        "category": "القرى والمنتجعات السياحية",
        "subcategory_ar": "منتجع عائلي",
        "subcategory_en": "Family resort",
        "facility_type_code": "family_resort",
        "municipality_ar": "الخمس",
        "municipality_en": "Khoms",
        "city_ar": "الخمس",
        "city_en": "Khoms",
        "region_ar": "المرقب",
        "region_en": "Al Marqab",
        "address_ar": "غنيمة طريق الاربعين منطقة أولاد الشيخ Tripoli Libya",
        "address_en": null,
        "longitude": 14.036992,
        "latitude": 32.724932,
        "source": "Tourist villages and resorts KML",
        "source_kml": "data/incoming/tourist-villages-resorts.kml",
        "source_record_index": 38,
        "description_ar": "الوصف:\nالاسم باللغة الانجليزية: شاليهات بن حمودة العائلي - Shalehat ben hammoda\nالعنوان/المدينة: غنيمة طريق الاربعين منطقة أولاد الشيخ Tripoli Libya\nالتصنيف:\nمعلومات اخرى:\nالوصف: شاليهات بن حمودة العائلي\nالتصن شاليهات\nالمدي الخمس\nعدد_ا 10\nعدد 1 20\nعدد الشاليهات:\nعدد الاسرة:\nالخدمات المتوفرة:\nالاسعار:\nللحجز والاستفسار: 091-3032730\nاوقات العمل:\nالتقييمات والانطباعات:\n: شاليهات بن حمودة العائلي - Shalehat ben hammoda\n: غنيمة طريق الاربعين منطقة أولاد الشيخ Tripoli Libya\n:\n: شاليهات بن حمودة العائلي\n: 091-3032730",
        "description_en": null,
        "phone": "091-3032730",
        "email": null,
        "website": "https://www.facebook.com/benhamooda/",
        "stars": null,
        "rooms": null,
        "beds": null,
        "units": null,
        "capacity": null,
        "beach_access": null,
        "pool_available": null,
        "restaurant_available": null,
        "parking_available": null,
        "family_friendly": null,
        "status": null,
        "license_status": null,
        "operational_status": null,
        "ownership_type": null,
        "data_quality_status": "medium",
        "data_review_status": "integrated",
        "source_image_url": "https://lh3.googleusercontent.com/umsh/AN6v0v5bAku7SQ6aG5pShHzHltVw3nwWlML3ttUKWZxsJ-bYpf7LsN0xki5QhhKXMMHIiJuIuHuy2zO4KaRoGfeZtyhl0GjgvnWN1_09X2Ige9_2szJlWGMp4mJPnUkchCbFh4mpkX7_ZI2PbvhynNhLkFPnGFnQpIg25_KoWveZK49Gl8BIu6ZEgqECpMdYWSdzG3YFTsdd10sjszTCf23gfOaJ4Fr0d0i-ZNKzWLZyr2fO5g5O3RmUA96O_C7TMF11yevTLDG3mKyWmExmhV0BPJZyNkGIYv9KqSlJ-jACKuQI4huutphoDunAwuFrvASnKKGq1GiGDMELp35lYeUb-84xuwDQfuhJTxPAqU4v3VfH1eu_t3T2zU2NTJ-Cl7kdKG3uaVGuSB7CWCPMmtROZJcqSjwMFOP6Hp86FjFlCytI0yDFSHmhGyIlztG1pESC0cT6lFfQPVVAW0Qk7QYc5piW_dtH97kHLWrv8cggMeBO-GjI_QFtudJjy_A1ay3FVD4nV6k-OZNPwsJ3Qt_vufvnchLvkmcXPF9LPGXsw9t-RT0VzIPzAHhQdxeTqshMOCjOZVGR3DiEBjcbbIjTL8iGz3DYlrBgvmGSLymR1shfrNgpxwS1kEdEqEAdyAfa22gwWMsEMcvB-5mYbmr2XLQJ4r9pBNlKLJ4n1RIKPcQVShd-lO48oQSWuWS64RKQvaQt8LLU5CL0YOkHtpjTWa5K_Ls8",
        "source_image_provider": "google_mymaps",
        "source_image_status": "temporary_google_url",
        "local_images": [],
        "image_count": 0,
        "created_at": "2026-08-06",
        "updated_at": "2026-08-06",
        "name_score": 1.0,
        "coordinate_score": 1.0,
        "classification_score": 1.0,
        "contact_score": 1.0,
        "capacity_score": 0.0,
        "services_score": 1.0,
        "image_score": 0.0,
        "completeness_score": 0.5,
        "overall_quality_score": 0.71,
        "data_completeness_percent": 50,
        "missing_fields": [
          "rooms",
          "beds",
          "units",
          "capacity",
          "license",
          "operation",
          "image"
        ],
        "match_status": "exact_match",
        "coordinate_review_status": "valid",
        "coordinate_change_reason": null,
        "original_coordinates": [
          14.036992,
          32.724932
        ]
      },
      "geometry": {
        "type": "Point",
        "coordinates": [
          14.036992,
          32.724932
        ]
      }
    },
    {
      "type": "Feature",
      "id": "LY-ACC-RES-NAT-00004",
      "properties": {
        "id": "LY-ACC-RES-NAT-00004",
        "name_ar": "منتجع كريستال السياحي",
        "name_en": "منتجع كريستال 2 السياحي",
        "name_normalized_ar": "منتجعكريستالالسياحي",
        "translation_status": "source_provided",
        "category": "القرى والمنتجعات السياحية",
        "subcategory_ar": "منتجع سياحي",
        "subcategory_en": "Tourist resort",
        "facility_type_code": "tourist_resort",
        "municipality_ar": null,
        "municipality_en": null,
        "city_ar": null,
        "city_en": null,
        "region_ar": null,
        "region_en": null,
        "address_ar": "التصنيف:",
        "address_en": null,
        "longitude": 13.635274,
        "latitude": 32.787534,
        "source": "Tourist villages and resorts KML",
        "source_kml": "data/incoming/tourist-villages-resorts.kml",
        "source_record_index": 39,
        "description_ar": "الوصف:\nالاسم باللغة الانجليزية: منتجع كريستال 2 السياحي\nالعنوان/المدينة:\nالتصنيف:\nمعلومات اخرى:\nالوصف: منتجع كريستال السياحي\nشارع قرية القويعة QJQP+248، تاجوراء\nالتصن منتجع سياحي\nالمدي القره بولي\nعدد_ا 6\nعدد 1 24\nعدد الشاليهات:\nعدد الاسرة:\nالخدمات المتوفرة:\nالاسعار:\nللحجز والاستفسار:\nاوقات العمل:\nالتقييمات والانطباعات:\n: منتجع كريستال 2 السياحي\n:\n: منتجع كريستال السياحي",
        "description_en": null,
        "phone": "اوقات العمل:",
        "email": null,
        "website": "https://www.facebook.com/p/ D9 85 D9 86 D8 AA D8 AC D8 B9- D9 83 D8 B1 D9 8A D8 B3 D8 AA D8 A7 D9 84-2- D8 A7 D9 84 D8 B3 D9 8A D8 A7 D8 AD D9 8A-61561988656483/",
        "stars": null,
        "rooms": null,
        "beds": null,
        "units": null,
        "capacity": null,
        "beach_access": null,
        "pool_available": null,
        "restaurant_available": null,
        "parking_available": null,
        "family_friendly": null,
        "status": null,
        "license_status": null,
        "operational_status": null,
        "ownership_type": null,
        "data_quality_status": "low",
        "data_review_status": "integrated",
        "source_image_url": "https://lh3.googleusercontent.com/umsh/AN6v0v5Vl_ohTXkwQlgvh9DTRVsXe4uWss8Rmgy2FrPFsgTF2cbk6q4kQaNZDqE05boYtuKXaLzuAl8zTgDjsncnMhwX5eaS9x1vBn4f62vx21tMn86lOpSN3lykbOfvQWfogQzPFeX17OZt5EOtzrDXHtwofjB3MKoWeh9qBTX5DIknq3vke8f2iQzlhBx6v6pAPKRzNKO_OQ4rgK6hS-EVMtBnJqs6ijJAhjFFTUfTsSUjMzQjCyP9q5CXWdUzANu2QTYuijTA4WAaUSq22pUwxWhlFDjd6B72nGIpss-MIxlESKKhN4RHbd9kWalfxilispSIcQgrVdVUrOADVULLpS0LVwqmOuQCYieP6mMnspLinzcHSoVo8UbHH8L5oTFZCU4p1AhWxyF9AnIkCFdEDW4YI_qxKou8PsMaw4EmHVEOgXaJnTHrghfFYlKpKDUO7aYXDeXdzOvRdG6XiRVpOYspNhhsNlReHs3y4lSSOZ70R8WlZ7L2IS0lfra6BsB8upmu5Kwg-QHrx5eH_m4KwqapAA_wPW0OiV5v5C-3xUGGxZortza_5-41ZmHT9yktQeogW8QhQtmeBA4F3nPNxgz48tkwY1ydEVAPqfVjNmgv0mUF0Zc6E20dyqljQH7czshKCMqq4hKLrLuyMDkI7_1mmz4bsB9j75quIl5WkhC31LiIqmBlqoJVV6_gguyXRr1gfLoAQmazljdPSRLJo8iqvh9h",
        "source_image_provider": "google_mymaps",
        "source_image_status": "temporary_google_url",
        "local_images": [],
        "image_count": 0,
        "created_at": "2026-08-06",
        "updated_at": "2026-08-06",
        "name_score": 1.0,
        "coordinate_score": 1.0,
        "classification_score": 1.0,
        "contact_score": 1.0,
        "capacity_score": 0.0,
        "services_score": 1.0,
        "image_score": 0.0,
        "completeness_score": 0.43,
        "overall_quality_score": 0.71,
        "data_completeness_percent": 43,
        "missing_fields": [
          "municipality",
          "rooms",
          "beds",
          "units",
          "capacity",
          "license",
          "operation",
          "image"
        ],
        "match_status": "exact_match",
        "coordinate_review_status": "valid",
        "coordinate_change_reason": null,
        "original_coordinates": [
          13.635274,
          32.787534
        ]
      },
      "geometry": {
        "type": "Point",
        "coordinates": [
          13.635274,
          32.787534
        ]
      }
    },
    {
      "type": "Feature",
      "id": "LY-ACC-RES-NAT-00005",
      "properties": {
        "id": "LY-ACC-RES-NAT-00005",
        "name_ar": "منتجع رويال السياحي",
        "name_en": "منتجع رويال السياحي villa 34",
        "name_normalized_ar": "منتجعرويالالسياحي",
        "translation_status": "source_provided",
        "category": "القرى والمنتجعات السياحية",
        "subcategory_ar": "منتجع سياحي",
        "subcategory_en": "Tourist resort",
        "facility_type_code": "tourist_resort",
        "municipality_ar": null,
        "municipality_en": null,
        "city_ar": null,
        "city_en": null,
        "region_ar": null,
        "region_en": null,
        "address_ar": "القويعة Tripoli Libya",
        "address_en": null,
        "longitude": 13.664968,
        "latitude": 32.788072,
        "source": "Tourist villages and resorts KML",
        "source_kml": "data/incoming/tourist-villages-resorts.kml",
        "source_record_index": 40,
        "description_ar": "الوصف:\nالاسم باللغة الانجليزية: منتجع رويال السياحي villa 34\nالعنوان/المدينة: القويعة Tripoli Libya\nالتصنيف:\nمعلومات اخرى: منتجع رويال المطل على البحر مباشرة يرحب بكم ويعلمكم عن فتح باب الحجوزات\nالوصف: منتجع رويال السياحي\nwww.facebook.com\nالتصن منتجع سياحي\nالمدي القره بولي\nعدد_ا 40\nعدد 1 80\nعدد الشاليهات:\nعدد الاسرة:\nالخدمات المتوفرة:\nالاسعار:\nللحجز والاستفسار: 0911381538\nاوقات العمل:\nالتقييمات والانطباعات:\n: منتجع رويال السياحي villa 34\n: القويعة Tripoli Libya\n:\n: منتجع رويال المطل على البحر مباشرة يرحب بكم ويعلمكم عن فتح باب الحجوزات\n: منتجع رويال السياحي\n: 0911381538",
        "description_en": null,
        "phone": "0911381538",
        "email": null,
        "website": "https://www.facebook.com/p/ D9 85 D9 86 D8 AA D8 AC D8 B9- D8 B1 D9 88 D9 8A D8 A7 D9 84- D8 A7 D9 84 D8 B3 D9 8A D8 A7 D8 AD D9 8A-villa-34-100084566452510/",
        "stars": null,
        "rooms": null,
        "beds": null,
        "units": null,
        "capacity": null,
        "beach_access": null,
        "pool_available": null,
        "restaurant_available": null,
        "parking_available": null,
        "family_friendly": null,
        "status": null,
        "license_status": null,
        "operational_status": null,
        "ownership_type": null,
        "data_quality_status": "low",
        "data_review_status": "integrated",
        "source_image_url": "https://lh3.googleusercontent.com/umsh/AN6v0v7pUi-zjN61BLBBw2sVCuCfpS-P-zvpBlg5Sjtub9aW0CKG8lH1fGDq2N9wzprpxy3S-U6LPefH_T9OZPlaaGnT8uwWo2TGpbqColkfxDThc1Us-KIinTK4HhARTSfKGJEPtq8ta_DfPYgVqQzcOuTyV-jjBDftf4kxxf84bhvJO9s8zxhZCyYg5IjFNEQWkNoFKcn9A78ZHvoYSUkNP46YL7UO_d4ZEAkJkfiPYWQvN6kA3zLEAE4PNvRxXhksHSVDQPCRBjLU-OeX0i89rK6FOLqseViLpdGlpivqLEvZKjRsc4Mh3Guia4PKuwhaOGIYVAIHR_g0vIAYbUesqSpbYISuti8f5p99mTe6FDDklxU98sAXyl5JkjYx8h-vhta5kk3Df1taEXaFna-AJvLZkLsyQ75muT83FIp0QTI66HVSjuQl2nHGm3uSaqW8O0ELbN-1CTvMtbQ-4Lm1XZ8cSyTQFxAmYw8LBr2Sd_eJGOS8L0CiS_GBwcMd_jqKAUc6c0ugd1L-HoNA1LrWtZ1o8avicwUvB7c1ZT810JgucUxyx_aPt0sWSXNLhsZn7qvri7RPJlwv1sNg7xLG4DoGJccHdTukHkakNCHAT5Ok8zMVP8tLia_2irheJHFUAsw77ga8yI4P0amLjDFU-mCCs-rtxK8RqDzw5xMLeDgSJOS0U0KjfZcWSfLhrGp-aM5SLkR0GBPpe4x4mCFq3sMkkVdsAg",
        "source_image_provider": "google_mymaps",
        "source_image_status": "temporary_google_url",
        "local_images": [],
        "image_count": 0,
        "created_at": "2026-08-06",
        "updated_at": "2026-08-06",
        "name_score": 1.0,
        "coordinate_score": 1.0,
        "classification_score": 1.0,
        "contact_score": 1.0,
        "capacity_score": 0.0,
        "services_score": 1.0,
        "image_score": 0.0,
        "completeness_score": 0.43,
        "overall_quality_score": 0.71,
        "data_completeness_percent": 43,
        "missing_fields": [
          "municipality",
          "rooms",
          "beds",
          "units",
          "capacity",
          "license",
          "operation",
          "image"
        ],
        "match_status": "exact_match",
        "coordinate_review_status": "valid",
        "coordinate_change_reason": null,
        "original_coordinates": [
          13.664968,
          32.788072
        ]
      },
      "geometry": {
        "type": "Point",
        "coordinates": [
          13.664968,
          32.788072
        ]
      }
    },
    {
      "type": "Feature",
      "id": "LY-ACC-RES-NAT-00006",
      "properties": {
        "id": "LY-ACC-RES-NAT-00006",
        "name_ar": "القويعة",
        "name_en": "Goweea sea resorts",
        "name_normalized_ar": "القويعه",
        "translation_status": "source_provided",
        "category": "القرى والمنتجعات السياحية",
        "subcategory_ar": "منتجع شاطئي",
        "subcategory_en": "Beach resort",
        "facility_type_code": "beach_resort",
        "municipality_ar": null,
        "municipality_en": null,
        "city_ar": null,
        "city_en": null,
        "region_ar": null,
        "region_en": null,
        "address_ar": "التصنيف: التصن قرية سياحية",
        "address_en": null,
        "longitude": 13.63224,
        "latitude": 32.788705,
        "source": "Tourist villages and resorts KML",
        "source_kml": "data/incoming/tourist-villages-resorts.kml",
        "source_record_index": 41,
        "description_ar": "الوصف:\nالاسم باللغة الانجليزية: Goweea sea resorts\nالعنوان/المدينة:\nالتصنيف: التصن قرية سياحية\nمعلومات اخرى:\nالوصف: القويعة\nالمدي القره بولي\nعدد الشاليهات: عدد_ا 22\nعدد 1 132\nعدد الاسرة:\nالخدمات المتوفرة:\nالاسعار:\nللحجز والاستفسار: 0911056300 - 0911056200 - 0911056100\nاوقات العمل:\nالتقييمات والانطباعات:\n: Goweea sea resorts\n:\n: القويعة\n: 0911056300 - 0911056200 - 0911056100",
        "description_en": null,
        "phone": "0911056300 - 0911056200 - 0911056100",
        "email": null,
        "website": "https://www.facebook.com/algewa/ locale ar_AR",
        "stars": null,
        "rooms": null,
        "beds": null,
        "units": 22,
        "capacity": null,
        "beach_access": null,
        "pool_available": null,
        "restaurant_available": null,
        "parking_available": null,
        "family_friendly": null,
        "status": null,
        "license_status": null,
        "operational_status": null,
        "ownership_type": null,
        "data_quality_status": "medium",
        "data_review_status": "integrated",
        "source_image_url": "https://lh3.googleusercontent.com/umsh/AN6v0v6zQq3XogP2zUWqtGgIw1izpiGQnFkxRJX-ZIIph7nOjB__e7LQUaQP1Q60UqQWDApiaLOXZIF9qtzT5qaFrD2Ps9IwMXy9mpF2P-FIbL_Jtv1qHmozeHNrQqgeQOR2wSVntSR0yvmWOaqgpNZT9qfgXeGEMMHcS6tUaKequw5dG69D4sTpYwGu9eh_H-wv20cMbzwbjFC26d7VDHpbsUh8sXir7XOIIB8Bb3IGXsmzTrRjL4yl3bly1eNrS44azcdzv40AS3lR2TG7Pl8C9nF2qk0Q887IStT3D1hku0uxDju7UqAwJnBw3S_nNq-OdUR097-TYWqq49ARDXCNurq7y2bhgBTMM1BMp8Qp_lHK_G5h2qO1YgE28v8DxA4qc05drZax73ARSWCxy-eahwbiKoJfoWKSIrgrvRG1KDUT5-bxIDoiAd-EG-0eSVqEyuQ-ur-0jgCqmf3aPZilZve6Ve23mUuzRcay021TMlfzgX9TCvgDwXitP7DabFrj0et28OyefmDXc5G0IAF1535R2yv7uPs3pkaImTyclGXI9ZXLPGOt-bUyWXJyG8bIJPwywUC00xhwzwWtGCE_QDuMCS_zM6YXJJ-R28yJmoF73dCTSbcozFaBOXDfaypc7f8YaHfF_Ncf4HdQLuK20sKh7Q79N-4h7fannYqiJ2g144o0nr6CRTMg8OZBzMMXFiG0yrP_tqYb7rSi587rVAf54uI3",
        "source_image_provider": "google_mymaps",
        "source_image_status": "temporary_google_url",
        "local_images": [],
        "image_count": 0,
        "created_at": "2026-08-06",
        "updated_at": "2026-08-06",
        "name_score": 1.0,
        "coordinate_score": 1.0,
        "classification_score": 1.0,
        "contact_score": 1.0,
        "capacity_score": 1.0,
        "services_score": 1.0,
        "image_score": 0.0,
        "completeness_score": 0.5,
        "overall_quality_score": 0.86,
        "data_completeness_percent": 50,
        "missing_fields": [
          "municipality",
          "rooms",
          "beds",
          "capacity",
          "license",
          "operation",
          "image"
        ],
        "match_status": "exact_match",
        "coordinate_review_status": "valid",
        "coordinate_change_reason": null,
        "original_coordinates": [
          13.63224,
          32.788705
        ]
      },
      "geometry": {
        "type": "Point",
        "coordinates": [
          13.63224,
          32.788705
        ]
      }
    },
    {
      "type": "Feature",
      "id": "LY-ACC-RES-NAT-00007",
      "properties": {
        "id": "LY-ACC-RES-NAT-00007",
        "name_ar": "منتجع فيلا دريم هاوس",
        "name_en": "فيلا دريم هاوس Dream house",
        "name_normalized_ar": "منتجعفيلادريمهاوس",
        "translation_status": "source_provided",
        "category": "القرى والمنتجعات السياحية",
        "subcategory_ar": "منتجع سياحي",
        "subcategory_en": "Tourist resort",
        "facility_type_code": "tourist_resort",
        "municipality_ar": null,
        "municipality_en": null,
        "city_ar": null,
        "city_en": null,
        "region_ar": null,
        "region_en": null,
        "address_ar": "QMPC+MW القره بوللي، ليبيا، القره بوللي، ليبيا 00218 Qarah Bulli Libya",
        "address_en": null,
        "longitude": 13.672592,
        "latitude": 32.786663,
        "source": "Tourist villages and resorts KML",
        "source_kml": "data/incoming/tourist-villages-resorts.kml",
        "source_record_index": 42,
        "description_ar": "الوصف:\nالاسم باللغة الانجليزية: فيلا دريم هاوس Dream house\nالعنوان/المدينة: QMPC+MW القره بوللي، ليبيا، القره بوللي، ليبيا 00218 Qarah Bulli Libya\nالتصنيف:\nمعلومات اخرى:\nالوصف: منتجع فيلا دريم هاوس\nالتصن منتجع سياحي\nالمدي القره بولي\nعدد_ا 7\nعدد 1 28\nعدد الشاليهات:\nعدد الاسرة:\nالخدمات المتوفرة:\nالاسعار:\nللحجز والاستفسار: 0910239966\nاوقات العمل:\nالتقييمات والانطباعات:\n: فيلا دريم هاوس Dream house\n: QMPC+MW القره بوللي، ليبيا، القره بوللي، ليبيا 00218 Qarah Bulli Libya\n:\n: منتجع فيلا دريم هاوس\n: 0910239966",
        "description_en": null,
        "phone": "0910239966",
        "email": null,
        "website": "https://www.facebook.com/DHouse.ly/ locale ar_AR",
        "stars": null,
        "rooms": null,
        "beds": null,
        "units": null,
        "capacity": null,
        "beach_access": null,
        "pool_available": null,
        "restaurant_available": null,
        "parking_available": null,
        "family_friendly": null,
        "status": null,
        "license_status": null,
        "operational_status": null,
        "ownership_type": null,
        "data_quality_status": "low",
        "data_review_status": "integrated",
        "source_image_url": "https://lh3.googleusercontent.com/umsh/AN6v0v4TSrG-yS2zaihprs4hLkMVV0ECt6Kd9hQ-VyiUnyOC2cyXhFLEup99BU2FZn_STbT0Wq1DIJxQcl8IOCc0g5mnO13cWuMy1UqmvtEwv12xVTDZQXL3NvIYHqh2c3ShrbJrj_g6HJNNpcjRTqURFev4aQ0KMj4JYe_q265LJxJ537bLqJIt7_08MZCb3oBfYGD-rx0yeuP5ami1yU9NWK6vM1ii7ef5qZ38HKN1OEO9Ssrwm31HDyR5jGIhWf4c8zPO10ynCaQ-tLVi5nZ-mOTp3xgjq2rz8TxsyLe7fqjCrodLQkcKnLB1dh20S-ag0mhTo1Eb9O5cMcUmcGJr1xHGgMmeyGBcPwsAtIgKL30vUjl3FXlv4ifdV8HVjzMcMeAtwRgb3OW_J5xt5I8nikr8ZzDndFihstMOuPmqlGM05-NKWLBYFnYksiIXm8iaEKgPzARyLPkQ-zjqrfabb2Y9_JVOdbFZv_wTb4zdTYp4z7HSwyiqHhc1JadqyNKQiptUi6hQxnrmHb5uOA20fbFncOy-I4vDGtVo8jEp3PmJIXPyHfuyqkt-FiyMuzwpuPuHdzZAKLj6CWDeNMZJvQ-olPYUUDlxC9dQ53kPLbK4iK3u5uKmbHp7lpXTOW8o3lQPr4GlUTtna9lEkEN2aBTzCJQOIaevnvErSIYphE5-SavqhNeNN_htjyLW3Fx5HR7m0CYNUFe2ZE_FEhz-tWRAGZfr",
        "source_image_provider": "google_mymaps",
        "source_image_status": "temporary_google_url",
        "local_images": [],
        "image_count": 0,
        "created_at": "2026-08-06",
        "updated_at": "2026-08-06",
        "name_score": 1.0,
        "coordinate_score": 1.0,
        "classification_score": 1.0,
        "contact_score": 1.0,
        "capacity_score": 0.0,
        "services_score": 1.0,
        "image_score": 0.0,
        "completeness_score": 0.43,
        "overall_quality_score": 0.71,
        "data_completeness_percent": 43,
        "missing_fields": [
          "municipality",
          "rooms",
          "beds",
          "units",
          "capacity",
          "license",
          "operation",
          "image"
        ],
        "match_status": "exact_match",
        "coordinate_review_status": "valid",
        "coordinate_change_reason": null,
        "original_coordinates": [
          13.672592,
          32.786663
        ]
      },
      "geometry": {
        "type": "Point",
        "coordinates": [
          13.672592,
          32.786663
        ]
      }
    },
    {
      "type": "Feature",
      "id": "LY-ACC-RES-NAT-00008",
      "properties": {
        "id": "LY-ACC-RES-NAT-00008",
        "name_ar": "منتجع شط مريم",
        "name_en": "العنوان/المدينة:",
        "name_normalized_ar": "منتجعشطمريم",
        "translation_status": "source_provided",
        "category": "القرى والمنتجعات السياحية",
        "subcategory_ar": "منتجع سياحي",
        "subcategory_en": "Tourist resort",
        "facility_type_code": "tourist_resort",
        "municipality_ar": null,
        "municipality_en": null,
        "city_ar": null,
        "city_en": null,
        "region_ar": null,
        "region_en": null,
        "address_ar": "التصنيف:",
        "address_en": null,
        "longitude": 13.662328,
        "latitude": 32.788894,
        "source": "Tourist villages and resorts KML",
        "source_kml": "data/incoming/tourist-villages-resorts.kml",
        "source_record_index": 43,
        "description_ar": "الوصف: الاسم باللغة الانجليزية:\nالعنوان/المدينة:\nالتصنيف:\nمعلومات اخرى:\nالوصف: منتجع شط مريم\nالتصن منتجع سياحي\nالمدي القره بولي\nعدد_ا 26\nعدد 1 130\nعدد الشاليهات:\nعدد الاسرة:\nالخدمات المتوفرة:\nوسائل الاتصال: لا يوجد لديهم حتي صفحة ع الفيس بوك - التواصل من عين المكان فقط\nالاسعار:\nللحجز والاستفسار:\nاوقات العمل:\nالتقييمات والانطباعات:\n:\n: منتجع شط مريم\n: لا يوجد لديهم حتي صفحة ع الفيس بوك - التواصل من عين المكان فقط",
        "description_en": null,
        "phone": "اوقات العمل:",
        "email": null,
        "website": "لا يوجد لديهم حتي صفحة ع الفيس بوك - التواصل من عين المكان فقط",
        "stars": null,
        "rooms": null,
        "beds": null,
        "units": null,
        "capacity": null,
        "beach_access": null,
        "pool_available": null,
        "restaurant_available": null,
        "parking_available": null,
        "family_friendly": null,
        "status": null,
        "license_status": null,
        "operational_status": null,
        "ownership_type": null,
        "data_quality_status": "low",
        "data_review_status": "integrated",
        "source_image_url": null,
        "source_image_provider": null,
        "source_image_status": "no_image",
        "local_images": [],
        "image_count": 0,
        "created_at": "2026-08-06",
        "updated_at": "2026-08-06",
        "name_score": 1.0,
        "coordinate_score": 1.0,
        "classification_score": 1.0,
        "contact_score": 1.0,
        "capacity_score": 0.0,
        "services_score": 1.0,
        "image_score": 0.0,
        "completeness_score": 0.43,
        "overall_quality_score": 0.71,
        "data_completeness_percent": 43,
        "missing_fields": [
          "municipality",
          "rooms",
          "beds",
          "units",
          "capacity",
          "license",
          "operation",
          "image"
        ],
        "match_status": "exact_match",
        "coordinate_review_status": "valid",
        "coordinate_change_reason": null,
        "original_coordinates": [
          13.662328,
          32.788894
        ]
      },
      "geometry": {
        "type": "Point",
        "coordinates": [
          13.662328,
          32.788894
        ]
      }
    },
    {
      "type": "Feature",
      "id": "LY-ACC-RES-NAT-00009",
      "properties": {
        "id": "LY-ACC-RES-NAT-00009",
        "name_ar": "استراحة الجود القويعه",
        "name_en": "العنوان/المدينة:",
        "name_normalized_ar": "استراحهالجودالقويعه",
        "translation_status": "source_provided",
        "category": "القرى والمنتجعات السياحية",
        "subcategory_ar": "منتجع سياحي",
        "subcategory_en": "Tourist resort",
        "facility_type_code": "tourist_resort",
        "municipality_ar": null,
        "municipality_en": null,
        "city_ar": null,
        "city_en": null,
        "region_ar": null,
        "region_en": null,
        "address_ar": "التصنيف:",
        "address_en": null,
        "longitude": 13.632986,
        "latitude": 32.788413,
        "source": "Tourist villages and resorts KML",
        "source_kml": "data/incoming/tourist-villages-resorts.kml",
        "source_record_index": 44,
        "description_ar": "الوصف:\nالاسم باللغة الانجليزية:\nالعنوان/المدينة:\nالتصنيف:\nمعلومات اخرى:\nالوصف: استراحة الجود القويعه\nالتصن منتجع سياحي\nالمدي القره بولي\nعدد_ا 1\nعدد 1 4\nعدد الشاليهات:\nعدد الاسرة:\nالخدمات المتوفرة:\nوسائل الاتصال:\nالاسعار:\nللحجز والاستفسار:\nاوقات العمل:\nالتقييمات والانطباعات:\n:\n: استراحة الجود القويعه",
        "description_en": null,
        "phone": "اوقات العمل:",
        "email": null,
        "website": "الاسعار:",
        "stars": null,
        "rooms": null,
        "beds": null,
        "units": null,
        "capacity": null,
        "beach_access": null,
        "pool_available": null,
        "restaurant_available": null,
        "parking_available": null,
        "family_friendly": null,
        "status": null,
        "license_status": null,
        "operational_status": null,
        "ownership_type": null,
        "data_quality_status": "low",
        "data_review_status": "integrated",
        "source_image_url": "https://lh3.googleusercontent.com/umsh/AN6v0v4sL8AW61Z2rpk0GV0UuwnV_f88ATAHRULM8b2zTJ-9k1eYMt_80rm0qlGZVbH4JUqkK7nJnJqq82ygq6gx4P5V3cYiJrKlLqTLs1YudlMufz4zng8zWwHYiniZIsSF08rq2S0H8KkhRT4J-aNgAKisSi-_0LP-nbZMdFRILJrTewXzuDevzGyE53eEj0juDAmFrmCuxwJKXQ68jlsw45rccymAFt6K1HU4MVO11lxNRcmlgDhG91lOaDCyf9ZgqIb8-emECdvXhqHvg0cpvTZpqD7QiVa24qzHB7X62cwzlgPiT1n7WmNW6Bp7qlBSi8Zxx2hwJYMtxT6f4OwUApo3wkldjemA_mK5lNldusMIPLaeOq_iTQpXB15zxrqx6xmhsHopXt2KP7pMsEIFc6WOIYJsvkSP6crMSQjTMnYTLduQRcFxLotPS3B8KJIM9U6A2c9wHJus5kAoMWYOyc7NifHobxlgHbuMW3HgBHKyFzLtQvn2FjLvm0g13Tp59oNVU2BcP95MUbGcrL0FBJVEs7QoR2vFP0w0yOFiwWyy3IjKUfTJBxowsYSHglqHSwZT2sl72HdM3IaxLqSfj_y1HbzV_G8wX-RDELwF0mMr3AHjhwTI4OgSLMzF9uvNkEv_-QPv9H9B_a1VSoGICEBXw_VfqUeBalzXJo5X5cKXfHlpLihoOTbtQ-OxOIaQhlOdPnRT9tDBR7BY6-WMlCHrWdsVBA",
        "source_image_provider": "google_mymaps",
        "source_image_status": "temporary_google_url",
        "local_images": [],
        "image_count": 0,
        "created_at": "2026-08-06",
        "updated_at": "2026-08-06",
        "name_score": 1.0,
        "coordinate_score": 1.0,
        "classification_score": 1.0,
        "contact_score": 1.0,
        "capacity_score": 0.0,
        "services_score": 1.0,
        "image_score": 0.0,
        "completeness_score": 0.43,
        "overall_quality_score": 0.71,
        "data_completeness_percent": 43,
        "missing_fields": [
          "municipality",
          "rooms",
          "beds",
          "units",
          "capacity",
          "license",
          "operation",
          "image"
        ],
        "match_status": "exact_match",
        "coordinate_review_status": "valid",
        "coordinate_change_reason": null,
        "original_coordinates": [
          13.632986,
          32.788413
        ]
      },
      "geometry": {
        "type": "Point",
        "coordinates": [
          13.632986,
          32.788413
        ]
      }
    },
    {
      "type": "Feature",
      "id": "LY-ACC-RES-NAT-00010",
      "properties": {
        "id": "LY-ACC-RES-NAT-00010",
        "name_ar": "منتجع اتش تي السياحي",
        "name_en": "منتجع اتش تي السياحي -HT",
        "name_normalized_ar": "منتجعاتشتيالسياحي",
        "translation_status": "source_provided",
        "category": "القرى والمنتجعات السياحية",
        "subcategory_ar": "منتجع سياحي",
        "subcategory_en": "Tourist resort",
        "facility_type_code": "tourist_resort",
        "municipality_ar": null,
        "municipality_en": null,
        "city_ar": null,
        "city_en": null,
        "region_ar": null,
        "region_en": null,
        "address_ar": "القويعة (منتجع اتش تي السياحي ) Tripoli Libya",
        "address_en": null,
        "longitude": 13.63298,
        "latitude": 32.7864,
        "source": "Tourist villages and resorts KML",
        "source_kml": "data/incoming/tourist-villages-resorts.kml",
        "source_record_index": 45,
        "description_ar": "الوصف:\nالاسم باللغة الانجليزية: منتجع اتش تي السياحي -HT\nالعنوان/المدينة: القويعة (منتجع اتش تي السياحي ) Tripoli Libya\nالتصنيف:\nمعلومات اخرى:\nالوصف: منتجع اتش تي السياحي\nالتصن منتجع سياحي\nالمدي القره بولي\nعدد_ا 17\nعدد 1 136\nعدد الشاليهات:\nعدد الاسرة:\nالخدمات المتوفرة:\nالاسعار:\nللحجز والاستفسار: 091-0353479\nاوقات العمل:\nالتقييمات والانطباعات:\n: منتجع اتش تي السياحي -HT\n: القويعة (منتجع اتش تي السياحي ) Tripoli Libya\n:\n: منتجع اتش تي السياحي\n: 091-0353479",
        "description_en": null,
        "phone": "091-0353479",
        "email": null,
        "website": "https://www.facebook.com/HT.Libya.Resort/",
        "stars": null,
        "rooms": null,
        "beds": null,
        "units": null,
        "capacity": null,
        "beach_access": null,
        "pool_available": null,
        "restaurant_available": null,
        "parking_available": null,
        "family_friendly": null,
        "status": null,
        "license_status": null,
        "operational_status": null,
        "ownership_type": null,
        "data_quality_status": "low",
        "data_review_status": "integrated",
        "source_image_url": "https://lh3.googleusercontent.com/umsh/AN6v0v78LyAPZt1bvW2uEHFsdwq4gFFHoQRl3cmRQ8fY8N8ZZagSzYeqVtqQPc1jXvV68vH4MOv7CD2i0crjqYBlozhKH6OntrlT2gipLnkJIU2rO20irzrWWPRMvuiU-XtEoYrC3TBO35_ltVM3ObMBANxCUz1pPC0u9DL6iG4TpyVgVbTcj01gsM0AwJpzgRXxUqPj_uwjaGgz5vB3jeShIGThCPk4c4EqtkCxdnXqn-KH37t9g4WzUI7oEKZwcJDnvy9VWXbTwJH9ymNBpNUgt0gUtje3036XlLGA-f2LT8-yXVwc82aWPMIWps-7JXvYCaZzb5IWNleqw59CwocQ4c2GfFhzNzyYMXCupO9mgvlkRrd4-srznog-kH0NPRQxKNyAC2nEY6nmYhMBWGvJC-vwP6kcq8zhdUbE7OdkMbKvd2tjGN1ToyoMYMnK4m-2YX7Sc6L_iNs9pNRPwVbPhqILIUXVGn1oUpwugnwA1ZZVY5SGvqHRPWXGfu3uljvhioXDwJas7rIjgHLJ6o0hVqXBMUTNT8KKYAg0LCz_QFZtKlHTj1MlQuRWlcweRzQTiskUIhSZzWwZHvZBjXWzZJXMWLN1pN9irS-HKF9TWVXBczNub0ftDj5sO5mFDWLaNeX2YY9SNDTOrFxBFwGN1hceTAFLB3utK4jg0Fq_nLr9-rzggGhy-AD7akRL3ssTDYoTh98uhYYqq5E8i2yDrekzotoamw",
        "source_image_provider": "google_mymaps",
        "source_image_status": "temporary_google_url",
        "local_images": [],
        "image_count": 0,
        "created_at": "2026-08-06",
        "updated_at": "2026-08-06",
        "name_score": 1.0,
        "coordinate_score": 1.0,
        "classification_score": 1.0,
        "contact_score": 1.0,
        "capacity_score": 0.0,
        "services_score": 1.0,
        "image_score": 0.0,
        "completeness_score": 0.43,
        "overall_quality_score": 0.71,
        "data_completeness_percent": 43,
        "missing_fields": [
          "municipality",
          "rooms",
          "beds",
          "units",
          "capacity",
          "license",
          "operation",
          "image"
        ],
        "match_status": "exact_match",
        "coordinate_review_status": "valid",
        "coordinate_change_reason": null,
        "original_coordinates": [
          13.63298,
          32.7864
        ]
      },
      "geometry": {
        "type": "Point",
        "coordinates": [
          13.63298,
          32.7864
        ]
      }
    },
    {
      "type": "Feature",
      "id": "LY-ACC-RES-NAT-00011",
      "properties": {
        "id": "LY-ACC-RES-NAT-00011",
        "name_ar": "منتجع اتش تي 3",
        "name_en": "HT3 Resort",
        "name_normalized_ar": "منتجعاتشتي3",
        "translation_status": "source_provided",
        "category": "القرى والمنتجعات السياحية",
        "subcategory_ar": "منتجع سياحي",
        "subcategory_en": "Tourist resort",
        "facility_type_code": "tourist_resort",
        "municipality_ar": null,
        "municipality_en": null,
        "city_ar": null,
        "city_en": null,
        "region_ar": null,
        "region_en": null,
        "address_ar": "التصنيف:",
        "address_en": null,
        "longitude": 13.642859,
        "latitude": 32.786514,
        "source": "Tourist villages and resorts KML",
        "source_kml": "data/incoming/tourist-villages-resorts.kml",
        "source_record_index": 46,
        "description_ar": "الوصف:\nالاسم باللغة الانجليزية: HT3 Resort\nالعنوان/المدينة:\nالتصنيف:\nمعلومات اخرى:\nالوصف: منتجع اتش تي 3\nالتصن منتجع سياحي\nالمدي القره بولي\nعدد_ا 14\nعدد 1 56\nعدد الشاليهات:\nعدد الاسرة:\nالخدمات المتوفرة:\nالاسعار:\nللحجز والاستفسار: 218910024341\nاوقات العمل:\nالتقييمات والانطباعات:\n: HT3 Resort\n:\n: منتجع اتش تي 3\n: 218910024341",
        "description_en": null,
        "phone": "218910024341",
        "email": null,
        "website": "https://l.facebook.com/l.php u https 3A 2F 2Fwa.me 2F218910024341&h AUBo0mTUYvsK0CeWZpY-sVgYuqSuFmkPR5WyICjchV5rx3nmGpXGV01Jldetk0wANfGccmpwx2KU2FOcZF7V2l6uGVmpSiHBoiVyREUo_GrZ4G9wem-FaaMcA2WfmTIj-YxvJm3utBg3UlcCcsi3CFWY67VedgHL& tn -UK-R&c 0 AUB39cVciIxF2rrvSMlpQCPISK4Kv-Gonw4qXJusUhgg7Uye-I0RyOuTGZ7lEOp4BS2LLUtOI_-etdTtmUjHfa_v6pK2WaUOJ1HCViu3_xnHnI8M6oB76wBLC2Chq0LB50-Ep0n7WdczOPDAQnQKCUewStWMVRWa0pcRou_oFCw1nuJR2AFrJpphS9Te1xrXqVPyAZoaDWIBy-tvfNJyS1Ss5A",
        "stars": null,
        "rooms": null,
        "beds": null,
        "units": null,
        "capacity": null,
        "beach_access": null,
        "pool_available": null,
        "restaurant_available": null,
        "parking_available": null,
        "family_friendly": null,
        "status": null,
        "license_status": null,
        "operational_status": null,
        "ownership_type": null,
        "data_quality_status": "low",
        "data_review_status": "integrated",
        "source_image_url": "https://lh3.googleusercontent.com/umsh/AN6v0v5WkfJDts-LE-F49eEi10vz3n0OfdMXxtWzIiHCM65N4xN3C3DJJNBXAC8Mq5SYHUGOCgZVh_rCMZX4bPO1W7X3hJnuM0RUipfZ3L5BDx1KaQeJ1d49RVjNKOGiZw7CcwYY9wR9fvQr9PHmvq8eczE1F_zlTZzvaR7s5URNQgeCt8UO7d6vKxhJ_TjpwcdV5vv6cTA7mWrYWwK3dpwlOxHiEOmjVh8F7kIJwYsDwyPEswkEzKT4U1a7Zgryexsdyg6FVaMGEF1mEolOc0L6RmxGK5HzxfNmaAA-4kBzl1GBu8LrkisQIYnLr5szqg7QBAuMPCc9QkzAsx--SG5QS6UXFsSLdgEdrCHK_OdMFD0q9iljYbWPSip5HFaCskuCn5JfpIAC72o-TeIyJACeID7OlFr-EiqqJGdhleIQEdbVg20b05Vf9fUYUC4n7P-6rZHqFYRI7M-s_C-M7paJCI41GafnuX1Eie9_emCjAwT9j6tSYgVZqbMi2vpbY91Z-ucE_9aGd33OQcX214QwlctZ24WEDUYNMzYxSmoiuMKDzDOHHa733hG9sEgYQqi3KWLtmLjyGsC-LV0diY5HeY5VGlOdtTsbZcfZo6PWitmDpkD9F17ZRSwRuydZQM7qj-bjFdJZeTCTSn7Ida1diur1cstGBXvQTBByporL9W2rsY9TGq1xfQYpOPlGINu0aCO76ghrnfvWAVgUVKTQ_ferjtcCGw",
        "source_image_provider": "google_mymaps",
        "source_image_status": "temporary_google_url",
        "local_images": [],
        "image_count": 0,
        "created_at": "2026-08-06",
        "updated_at": "2026-08-06",
        "name_score": 1.0,
        "coordinate_score": 1.0,
        "classification_score": 1.0,
        "contact_score": 1.0,
        "capacity_score": 0.0,
        "services_score": 1.0,
        "image_score": 0.0,
        "completeness_score": 0.43,
        "overall_quality_score": 0.71,
        "data_completeness_percent": 43,
        "missing_fields": [
          "municipality",
          "rooms",
          "beds",
          "units",
          "capacity",
          "license",
          "operation",
          "image"
        ],
        "match_status": "exact_match",
        "coordinate_review_status": "valid",
        "coordinate_change_reason": null,
        "original_coordinates": [
          13.642859,
          32.786514
        ]
      },
      "geometry": {
        "type": "Point",
        "coordinates": [
          13.642859,
          32.786514
        ]
      }
    },
    {
      "type": "Feature",
      "id": "LY-ACC-RES-NAT-00012",
      "properties": {
        "id": "LY-ACC-RES-NAT-00012",
        "name_ar": "منتجع شاليهات للاجار",
        "name_en": "العنوان/المدينة:",
        "name_normalized_ar": "منتجعشاليهاتللاجار",
        "translation_status": "source_provided",
        "category": "القرى والمنتجعات السياحية",
        "subcategory_ar": "منتجع سياحي",
        "subcategory_en": "Tourist resort",
        "facility_type_code": "tourist_resort",
        "municipality_ar": null,
        "municipality_en": null,
        "city_ar": null,
        "city_en": null,
        "region_ar": null,
        "region_en": null,
        "address_ar": "التصنيف:",
        "address_en": null,
        "longitude": 13.644477,
        "latitude": 32.787918,
        "source": "Tourist villages and resorts KML",
        "source_kml": "data/incoming/tourist-villages-resorts.kml",
        "source_record_index": 47,
        "description_ar": "الوصف: الاسم باللغة الانجليزية:\nالعنوان/المدينة:\nالتصنيف:\nمعلومات اخرى:\nالوصف: منتجع شاليهات للاجار\nالتصن منتجع سياحي\nالمدي القره بولي\nعدد_ا 8\nعدد 1 32\nعدد الشاليهات:\nعدد الاسرة:\nالخدمات المتوفرة:\nوسائل الاتصال:\nالاسعار:\nللحجز والاستفسار:\nاوقات العمل:\nالتقييمات والانطباعات:\n:\n: منتجع شاليهات للاجار",
        "description_en": null,
        "phone": "اوقات العمل:",
        "email": null,
        "website": "الاسعار:",
        "stars": null,
        "rooms": null,
        "beds": null,
        "units": null,
        "capacity": null,
        "beach_access": null,
        "pool_available": null,
        "restaurant_available": null,
        "parking_available": null,
        "family_friendly": null,
        "status": null,
        "license_status": null,
        "operational_status": null,
        "ownership_type": null,
        "data_quality_status": "low",
        "data_review_status": "integrated",
        "source_image_url": null,
        "source_image_provider": null,
        "source_image_status": "no_image",
        "local_images": [],
        "image_count": 0,
        "created_at": "2026-08-06",
        "updated_at": "2026-08-06",
        "name_score": 1.0,
        "coordinate_score": 1.0,
        "classification_score": 1.0,
        "contact_score": 1.0,
        "capacity_score": 0.0,
        "services_score": 1.0,
        "image_score": 0.0,
        "completeness_score": 0.43,
        "overall_quality_score": 0.71,
        "data_completeness_percent": 43,
        "missing_fields": [
          "municipality",
          "rooms",
          "beds",
          "units",
          "capacity",
          "license",
          "operation",
          "image"
        ],
        "match_status": "exact_match",
        "coordinate_review_status": "valid",
        "coordinate_change_reason": null,
        "original_coordinates": [
          13.644477,
          32.787918
        ]
      },
      "geometry": {
        "type": "Point",
        "coordinates": [
          13.644477,
          32.787918
        ]
      }
    },
    {
      "type": "Feature",
      "id": "LY-ACC-RES-NAT-00013",
      "properties": {
        "id": "LY-ACC-RES-NAT-00013",
        "name_ar": "قرية العطايا العائلية",
        "name_en": "قرية العطايا العائلية AtAYA",
        "name_normalized_ar": "قريهالعطاياالعايليه",
        "translation_status": "source_provided",
        "category": "القرى والمنتجعات السياحية",
        "subcategory_ar": "منتجع عائلي",
        "subcategory_en": "Family resort",
        "facility_type_code": "family_resort",
        "municipality_ar": null,
        "municipality_en": null,
        "city_ar": null,
        "city_en": null,
        "region_ar": null,
        "region_en": null,
        "address_ar": "القره بوللي Castelverde Libya",
        "address_en": null,
        "longitude": 13.675653,
        "latitude": 32.789468,
        "source": "Tourist villages and resorts KML",
        "source_kml": "data/incoming/tourist-villages-resorts.kml",
        "source_record_index": 48,
        "description_ar": "الوصف:\nالاسم باللغة الانجليزية: قرية العطايا العائلية AtAYA\nالعنوان/المدينة: القره بوللي Castelverde Libya\nالتصنيف:\nمعلومات اخرى:\nالوصف: قرية العطايا العائلية\nالتصن قرية سياحية\nالمدي القره بولي\nعدد_ا 15\nعدد 1 31\nعدد الشاليهات:\nعدد الاسرة:\nالخدمات المتوفرة:\nالاسعار:\nللحجز والاستفسار: - مكتب أبو سته: 0911166625\nمكتب القرية: 0910092111\nاوقات العمل:\nالتقييمات والانطباعات:\n: قرية العطايا العائلية AtAYA\n: القره بوللي Castelverde Libya\n:\n: قرية العطايا العائلية\n: - مكتب أبو سته: 0911166625",
        "description_en": null,
        "phone": "مكتب أبو سته: 0911166625",
        "email": null,
        "website": "https://www.facebook.com/ALatayavillage/",
        "stars": null,
        "rooms": null,
        "beds": null,
        "units": null,
        "capacity": null,
        "beach_access": null,
        "pool_available": null,
        "restaurant_available": null,
        "parking_available": null,
        "family_friendly": null,
        "status": null,
        "license_status": null,
        "operational_status": null,
        "ownership_type": null,
        "data_quality_status": "low",
        "data_review_status": "integrated",
        "source_image_url": "https://lh3.googleusercontent.com/umsh/AN6v0v7oNHehCB24r-Tc0fssAVj8oMP--ZXLz0TbDzAg_80zj8aczP_uAVO8Tg1b6yL6805BQqKLklFkf-AicgLgz7M845CawgYai0bJerrtygXy1zSQVq0DCTjZF186rbPXF8TIlWgf-lQSiVETCP3goaANV8GDjt_inX970hZgiTKg1_jtty2ECTyBcCg-GZbayxBmZResbKiKIfQf_6WJed0BMuEqZJSIhYlRM4nR-f5zhP8CX7ZwGcqLAqGJFNazEd4eP1y-HlAMmyeBbGg_CNXMj2I0oyupE92Eg3hLJ-5CVIznC2rqYsyI1Koi4GEytSxnd0JqW6oUA8CAhEQmCzxK2xPmMdAYZGzXLzhBU94-YWrs6unRuflB7xjaIZhoeJeTeCYRW0QjM1sK6Tqz8oyOn-oKZrT08wKLSTB8_FSlDSKCMzkVvvla2aBi6AF0JQQketroHQySp0cQxHPLE6bPOZOrNmiXnfnb_BR9cDa3f5BGnb8dYUW0RQjzwNdVXgE1xN5LDstWjLyMi1X6LN7Wm3e-HXCwOcD8WsWkm1Ii34u1hBaahkBRP2dGsbFoOuwZsX4EXiYEzvdSuVgD4fZp2MHG7vrYy7Tf4iobZmxEzWVKjhiTy8-Z3qnU6LV-S3xa5fFwCoA3Yycb8by5yKcncTSC5A-0WgdQ4mcMrl0XAOE4Eo3n5A6vjllxyr7ArQwnSuAiEbhvjGukBHaXOnP1jwbrKw",
        "source_image_provider": "google_mymaps",
        "source_image_status": "temporary_google_url",
        "local_images": [],
        "image_count": 0,
        "created_at": "2026-08-06",
        "updated_at": "2026-08-06",
        "name_score": 1.0,
        "coordinate_score": 1.0,
        "classification_score": 1.0,
        "contact_score": 1.0,
        "capacity_score": 0.0,
        "services_score": 1.0,
        "image_score": 0.0,
        "completeness_score": 0.43,
        "overall_quality_score": 0.71,
        "data_completeness_percent": 43,
        "missing_fields": [
          "municipality",
          "rooms",
          "beds",
          "units",
          "capacity",
          "license",
          "operation",
          "image"
        ],
        "match_status": "exact_match",
        "coordinate_review_status": "valid",
        "coordinate_change_reason": null,
        "original_coordinates": [
          13.675653,
          32.789468
        ]
      },
      "geometry": {
        "type": "Point",
        "coordinates": [
          13.675653,
          32.789468
        ]
      }
    },
    {
      "type": "Feature",
      "id": "LY-ACC-RES-NAT-00014",
      "properties": {
        "id": "LY-ACC-RES-NAT-00014",
        "name_ar": "منتجع برستيج",
        "name_en": "منتجع برستيج السياحي PRESTIGE RESORT",
        "name_normalized_ar": "منتجعبرستيج",
        "translation_status": "source_provided",
        "category": "القرى والمنتجعات السياحية",
        "subcategory_ar": "منتجع سياحي",
        "subcategory_en": "Tourist resort",
        "facility_type_code": "tourist_resort",
        "municipality_ar": null,
        "municipality_en": null,
        "city_ar": null,
        "city_en": null,
        "region_ar": null,
        "region_en": null,
        "address_ar": "القويعة بجنب منتجع ايليت السياحي Tripoli Libya",
        "address_en": null,
        "longitude": 13.66734,
        "latitude": 32.787004,
        "source": "Tourist villages and resorts KML",
        "source_kml": "data/incoming/tourist-villages-resorts.kml",
        "source_record_index": 49,
        "description_ar": "الوصف:\nالاسم باللغة الانجليزية: منتجع برستيج السياحي PRESTIGE RESORT\nالعنوان/المدينة: القويعة بجنب منتجع ايليت السياحي Tripoli Libya\nالتصنيف:\nمعلومات اخرى:\nالوصف: منتجع برستيج\nالتصن منتجع سياحي\nالمدي القره بولي\nعدد_ا 38\nعدد 1 152\nعدد الشاليهات:\nعدد الاسرة:\nالخدمات المتوفرة:\nالاسعار:\nللحجز والاستفسار: +218935516739\nWhatsApp\n+218935516739\nاوقات العمل:\nالتقييمات والانطباعات:\n: منتجع برستيج السياحي PRESTIGE RESORT\n: القويعة بجنب منتجع ايليت السياحي Tripoli Libya\n:\n: منتجع برستيج\n: +218935516739",
        "description_en": null,
        "phone": "+218935516739",
        "email": null,
        "website": "https://www.facebook.com/p/ D9 85 D9 86 D8 AA D8 AC D8 B9- D8 A8 D8 B1 D8 B3 D8 AA D9 8A D8 AC- D8 A7 D9 84 D8 B3 D9 8A D8 A7 D8 AD D9 8A-100083074377256/",
        "stars": null,
        "rooms": null,
        "beds": null,
        "units": null,
        "capacity": null,
        "beach_access": null,
        "pool_available": null,
        "restaurant_available": null,
        "parking_available": null,
        "family_friendly": null,
        "status": null,
        "license_status": null,
        "operational_status": null,
        "ownership_type": null,
        "data_quality_status": "low",
        "data_review_status": "integrated",
        "source_image_url": "https://lh3.googleusercontent.com/umsh/AN6v0v53tLogNXLU0fcVZu1jGgLxJNOInCyFzBVt9OnC-9BBuJp8AcZRi6HpGl1A5K8fQdPOpFwXKT3nkrU-mLPycA0nFt0aB0ossxSYdTYA_7-zSQ1nZTa_R0xzC-mILf4lRss7Rc40nc8CcVFJAcUVpoaPshZbFcZ9_DbjFG098YrqwUB-OXTv-zxbo2OjKF5qfgtkxEnTpmpLjCPefSu6pDySbLQSSADnokqGIddTLCbMdGeLEfIYEl5QhqvRFBioMo_ZqJ5cK947EPwxJmBAly5RAeT5m4fmyjhunC4KdIwFJmxNN1R4Ke8OTJT0bzvu7CBvuyoHw-2R9Rz6E9Dl3puBDK-8xtuSso21DvXcopbln0w7Rx3lSQSFLPspUnxWJJBTr6wwSOtS6RFprMCnLawqzSsV2by9BS84VXovooQpOWOmPpT0KwqameJlNrPewB0Ad7zOLoDMkk0b6I-gX-GEz6DOKk4hRNYmPyJp0ogRkUOaBK778DNQnAkk1zFrvy8F2DlArviBoRfYBb5_SY_joVAozL98rV1NPud-AxKuqEElyhRinZGI5CW03mw2GTj-MHbncTKG5EaxS4BHCjW7g4LzwAAflXhCQKQm27bv_Il1f3u60HOnfjeVhedqqUa8h0_NeWYifOWFdnXXujEX3BSDE9Y7UmAmif_yRVeZkBZJ1GKndWkZmpqnW4gwgvC7wQHiNYUEV9dPRzf-yQpOBIwvHA",
        "source_image_provider": "google_mymaps",
        "source_image_status": "temporary_google_url",
        "local_images": [],
        "image_count": 0,
        "created_at": "2026-08-06",
        "updated_at": "2026-08-06",
        "name_score": 1.0,
        "coordinate_score": 1.0,
        "classification_score": 1.0,
        "contact_score": 1.0,
        "capacity_score": 0.0,
        "services_score": 1.0,
        "image_score": 0.0,
        "completeness_score": 0.43,
        "overall_quality_score": 0.71,
        "data_completeness_percent": 43,
        "missing_fields": [
          "municipality",
          "rooms",
          "beds",
          "units",
          "capacity",
          "license",
          "operation",
          "image"
        ],
        "match_status": "exact_match",
        "coordinate_review_status": "valid",
        "coordinate_change_reason": null,
        "original_coordinates": [
          13.66734,
          32.787004
        ]
      },
      "geometry": {
        "type": "Point",
        "coordinates": [
          13.66734,
          32.787004
        ]
      }
    },
    {
      "type": "Feature",
      "id": "LY-ACC-RES-NAT-00015",
      "properties": {
        "id": "LY-ACC-RES-NAT-00015",
        "name_ar": "قرية القويعة السياحية",
        "name_en": "العنوان/المدينة:",
        "name_normalized_ar": "قريهالقويعهالسياحيه",
        "translation_status": "source_provided",
        "category": "القرى والمنتجعات السياحية",
        "subcategory_ar": "قرية سياحية",
        "subcategory_en": "Tourist village",
        "facility_type_code": "tourist_village",
        "municipality_ar": null,
        "municipality_en": null,
        "city_ar": null,
        "city_en": null,
        "region_ar": null,
        "region_en": null,
        "address_ar": "التصنيف:",
        "address_en": null,
        "longitude": 13.63431,
        "latitude": 32.787161,
        "source": "Tourist villages and resorts KML",
        "source_kml": "data/incoming/tourist-villages-resorts.kml",
        "source_record_index": 50,
        "description_ar": "الوصف:\nالاسم باللغة الانجليزية:\nالعنوان/المدينة:\nالتصنيف:\nمعلومات اخرى:\nالوصف: قرية القويعة السياحية\nالتصن قرية سياحية\nالمدي القره بولي\nعدد_ا 22\nعدد 1 132\nعدد الشاليهات:\nعدد الاسرة:\nالخدمات المتوفرة:\nوسائل الاتصال:\nالاسعار:\nللحجز والاستفسار:\nاوقات العمل:\nالتقييمات والانطباعات:\n:\n: قرية القويعة السياحية",
        "description_en": null,
        "phone": "اوقات العمل:",
        "email": null,
        "website": "الاسعار:",
        "stars": null,
        "rooms": null,
        "beds": null,
        "units": null,
        "capacity": null,
        "beach_access": null,
        "pool_available": null,
        "restaurant_available": null,
        "parking_available": null,
        "family_friendly": null,
        "status": null,
        "license_status": null,
        "operational_status": null,
        "ownership_type": null,
        "data_quality_status": "low",
        "data_review_status": "integrated",
        "source_image_url": "https://lh3.googleusercontent.com/umsh/AN6v0v464Jr7FgdBoLyaXeaA5p6zM4Vnfupn9vl0YwHegLbiv4j0zhOBrhv-HscpwIz9K1j1X2PbgY1-zyZGfovA1H4uC3ZoM93kN8iT1gqn37mba5PGsaGfhd984PlDPqGB-ezpGMl2ysx4uxo3ZMPTIOnVv-Wyqaw8AdDjiuds0wKhtKZxzYp8RLdE14m9qSEEIJR0IrkgYQ7SZGy2Z9rAEmyKgNJ7UwIMquuyiix8eNP1-B3QXQsjlvYlRI7My-e-Ti0MZEqvCL3he6uT5UauXiaB2G1FgTo2GMrDYF6d8TdbTVc6E5qszKex50mpS3n6NfiDAan9tjYjRcmS18tR1nZbIQwcieK828gy9sg346IqcfBs7lfU0Wx3xubNpvErXhWn5b0JEZhF0UxsHqAWB5xExPKa9fAHT_mfbxxTemp0EL0PfDBsnIMYwfrjA5mc5ZstkQH3SiWkyRhSTkc_7iyd5agZl-RPbr_GBOeKRqA-ZwDIk0-Pt44_Mcdn6rmNU05pcBbElom7xNOM3UvhmEJcE1mYpYhFLUE84Mblj4WDfWBZSF5LngIkGABaNDfoURiQJwfx8IiGDTS8kZD147fTNltqWDM2k2T2a3JDHWeu7OR-LZElKrQ-vlIFnz_E7GAlctjMC-D9-4YaV3-74n0AKGECGhhlPpSIbxNjoev_UEXBLjvCKoypgf9LoYuUasexohgEFVLqMdtZ2OExwvnT-1fjzg",
        "source_image_provider": "google_mymaps",
        "source_image_status": "temporary_google_url",
        "local_images": [],
        "image_count": 0,
        "created_at": "2026-08-06",
        "updated_at": "2026-08-06",
        "name_score": 1.0,
        "coordinate_score": 1.0,
        "classification_score": 1.0,
        "contact_score": 1.0,
        "capacity_score": 0.0,
        "services_score": 1.0,
        "image_score": 0.0,
        "completeness_score": 0.43,
        "overall_quality_score": 0.71,
        "data_completeness_percent": 43,
        "missing_fields": [
          "municipality",
          "rooms",
          "beds",
          "units",
          "capacity",
          "license",
          "operation",
          "image"
        ],
        "match_status": "exact_match",
        "coordinate_review_status": "valid",
        "coordinate_change_reason": null,
        "original_coordinates": [
          13.63431,
          32.787161
        ]
      },
      "geometry": {
        "type": "Point",
        "coordinates": [
          13.63431,
          32.787161
        ]
      }
    },
    {
      "type": "Feature",
      "id": "LY-ACC-RES-NAT-00016",
      "properties": {
        "id": "LY-ACC-RES-NAT-00016",
        "name_ar": "شاليهات بن بية",
        "name_en": "العنوان/المدينة:",
        "name_normalized_ar": "شاليهاتبنبيه",
        "translation_status": "source_provided",
        "category": "القرى والمنتجعات السياحية",
        "subcategory_ar": "منتجع سياحي",
        "subcategory_en": "Tourist resort",
        "facility_type_code": "tourist_resort",
        "municipality_ar": null,
        "municipality_en": null,
        "city_ar": null,
        "city_en": null,
        "region_ar": null,
        "region_en": null,
        "address_ar": "التصنيف:",
        "address_en": null,
        "longitude": 13.64435,
        "latitude": 32.787928,
        "source": "Tourist villages and resorts KML",
        "source_kml": "data/incoming/tourist-villages-resorts.kml",
        "source_record_index": 51,
        "description_ar": "الوصف: الاسم باللغة الانجليزية:\nالعنوان/المدينة:\nالتصنيف:\nمعلومات اخرى:\nالوصف: شاليهات بن بية\nالتصن منتجع سياحي\nالمدي القره بولي\nعدد_ا 18\nعدد 1 36\nعدد الشاليهات:\nعدد الاسرة:\nالخدمات المتوفرة:\nوسائل الاتصال:\nالاسعار:\nللحجز والاستفسار:\nاوقات العمل:\nالتقييمات والانطباعات:\n:\n: شاليهات بن بية",
        "description_en": null,
        "phone": "اوقات العمل:",
        "email": null,
        "website": "الاسعار:",
        "stars": null,
        "rooms": null,
        "beds": null,
        "units": null,
        "capacity": null,
        "beach_access": null,
        "pool_available": null,
        "restaurant_available": null,
        "parking_available": null,
        "family_friendly": null,
        "status": null,
        "license_status": null,
        "operational_status": null,
        "ownership_type": null,
        "data_quality_status": "low",
        "data_review_status": "integrated",
        "source_image_url": null,
        "source_image_provider": null,
        "source_image_status": "no_image",
        "local_images": [],
        "image_count": 0,
        "created_at": "2026-08-06",
        "updated_at": "2026-08-06",
        "name_score": 1.0,
        "coordinate_score": 1.0,
        "classification_score": 1.0,
        "contact_score": 1.0,
        "capacity_score": 0.0,
        "services_score": 1.0,
        "image_score": 0.0,
        "completeness_score": 0.43,
        "overall_quality_score": 0.71,
        "data_completeness_percent": 43,
        "missing_fields": [
          "municipality",
          "rooms",
          "beds",
          "units",
          "capacity",
          "license",
          "operation",
          "image"
        ],
        "match_status": "exact_match",
        "coordinate_review_status": "valid",
        "coordinate_change_reason": null,
        "original_coordinates": [
          13.64435,
          32.787928
        ]
      },
      "geometry": {
        "type": "Point",
        "coordinates": [
          13.64435,
          32.787928
        ]
      }
    },
    {
      "type": "Feature",
      "id": "LY-ACC-RES-NAT-00017",
      "properties": {
        "id": "LY-ACC-RES-NAT-00017",
        "name_ar": "قرية ميار البحر العائليه",
        "name_en": "قرية ميار البحر العائلية - القره بولي MAYAR AL BAHR VILLAGE",
        "name_normalized_ar": "قريهميارالبحرالعايليه",
        "translation_status": "source_provided",
        "category": "القرى والمنتجعات السياحية",
        "subcategory_ar": "منتجع عائلي",
        "subcategory_en": "Family resort",
        "facility_type_code": "family_resort",
        "municipality_ar": null,
        "municipality_en": null,
        "city_ar": null,
        "city_en": null,
        "region_ar": null,
        "region_en": null,
        "address_ar": "شواطئ العطايا",
        "address_en": null,
        "longitude": 13.68749,
        "latitude": 32.789744,
        "source": "Tourist villages and resorts KML",
        "source_kml": "data/incoming/tourist-villages-resorts.kml",
        "source_record_index": 52,
        "description_ar": "الوصف:\nالاسم باللغة الانجليزية: قرية ميار البحر العائلية - القره بولي MAYAR AL BAHR VILLAGE\nالعنوان/المدينة: شواطئ العطايا\nالتصنيف:\nمعلومات اخرى:\nالوصف: قرية ميار البحر العائليه\nالتصن قرية سياحية\nالمدي القره بولي\nعدد_ا 27\nعدد 1 108\nعدد الشاليهات:\nعدد الاسرة:\nالخدمات المتوفرة:\nالاسعار:\nللحجز والاستفسار: 091-3717501\nاوقات العمل:\nالتقييمات والانطباعات:\n: قرية ميار البحر العائلية - القره بولي MAYAR AL BAHR VILLAGE\n: شواطئ العطايا\n:\n: قرية ميار البحر العائليه\n: 091-3717501",
        "description_en": null,
        "phone": "091-3717501",
        "email": null,
        "website": "https://www.facebook.com/p/ D9 82 D8 B1 D9 8A D8 A9- D9 85 D9 8A D8 A7 D8 B1- D8 A7 D9 84 D8 A8 D8 AD D8 B1- D8 A7 D9 84 D8 B9 D8 A7 D8 A6 D9 84 D9 8A D8 A9- D8 A7 D9 84 D9 82 D8 B1 D9 87- D8 A8 D9 88 D9 84 D9 8A-100069232323949/",
        "stars": null,
        "rooms": null,
        "beds": null,
        "units": null,
        "capacity": null,
        "beach_access": null,
        "pool_available": null,
        "restaurant_available": null,
        "parking_available": null,
        "family_friendly": null,
        "status": null,
        "license_status": null,
        "operational_status": null,
        "ownership_type": null,
        "data_quality_status": "low",
        "data_review_status": "integrated",
        "source_image_url": "https://lh3.googleusercontent.com/umsh/AN6v0v6uG7k-PGyaxWIWV0fBvMDMl-ugSoiO0-6BPNqX_8UdjM-YBE9hcPA5o8h1wK59AYCEDBmNllhfnDKBDxwfVD04zfZEC_33FLWkZYsislyUhFUl-yxaV0r6k9qefWHQsJ8HXnmvHUS-YEKaqFSf2whZhApaTWRJ5oM2DKQd3GVGPiEPHXa5xgQ60T7w8iov1OoTGN7_E6Ln4k5AaFfe_jRLz0WTdgUwrkZM7ZIKv2dr6bdmQcZqdU8WBOkvqzG_OkrZWxWB6SLMVIdwjNa973s7n2OpLc9KLA7cGYGrSpI8cO_knwzEZPxrgiWW-OERGJYpjjCyuTskrLGrelqvC6ipKx-qRQNwpJfpanA_t1wUmb1NJh2heeooy4jUuR1miMgykkFwHZ0TscqZVs4MYyiqGSl3IpKuGzyXPL8Pgszs0G2F3Y-uvSL7foqhTypqR0G9vKjqAIIl5lNV0KUW8hIwS4etkNp5ZrFejB3do5mxlCY8HUm-D2HqzfMZKxA5rE9ykk5Y4nyKkh8bROpsBBZWzLwRcjkQQiWe0K9e9hxs07OjrS7nAHlaK5NnEp8194-M_J56Cado5X5OidRRBZaOqxGdc3rOiKTUOhr5JMq67BIT9GkrwzlJCKnwaqqFwj5TLN3ZvnZE3-WbK6XgcFxhVQuVLWe40Pxkdxw_5cdLwHvuD4XUs5hhJIbntrUU5og-Q6UKnNxXLydn1nescmzKQoNyvw",
        "source_image_provider": "google_mymaps",
        "source_image_status": "temporary_google_url",
        "local_images": [],
        "image_count": 0,
        "created_at": "2026-08-06",
        "updated_at": "2026-08-06",
        "name_score": 1.0,
        "coordinate_score": 1.0,
        "classification_score": 1.0,
        "contact_score": 1.0,
        "capacity_score": 0.0,
        "services_score": 1.0,
        "image_score": 0.0,
        "completeness_score": 0.43,
        "overall_quality_score": 0.71,
        "data_completeness_percent": 43,
        "missing_fields": [
          "municipality",
          "rooms",
          "beds",
          "units",
          "capacity",
          "license",
          "operation",
          "image"
        ],
        "match_status": "exact_match",
        "coordinate_review_status": "valid",
        "coordinate_change_reason": null,
        "original_coordinates": [
          13.68749,
          32.789744
        ]
      },
      "geometry": {
        "type": "Point",
        "coordinates": [
          13.68749,
          32.789744
        ]
      }
    },
    {
      "type": "Feature",
      "id": "LY-ACC-RES-NAT-00018",
      "properties": {
        "id": "LY-ACC-RES-NAT-00018",
        "name_ar": "قرية أغيث السياحية",
        "name_en": "منتجع أغيث - Agith Resort",
        "name_normalized_ar": "قريهاغيثالسياحيه",
        "translation_status": "source_provided",
        "category": "القرى والمنتجعات السياحية",
        "subcategory_ar": "قرية سياحية",
        "subcategory_en": "Tourist village",
        "facility_type_code": "tourist_village",
        "municipality_ar": null,
        "municipality_en": null,
        "city_ar": null,
        "city_en": null,
        "region_ar": null,
        "region_en": null,
        "address_ar": "القويعة Tripoli Libya",
        "address_en": null,
        "longitude": 13.645681,
        "latitude": 32.787654,
        "source": "Tourist villages and resorts KML",
        "source_kml": "data/incoming/tourist-villages-resorts.kml",
        "source_record_index": 53,
        "description_ar": "الوصف:\nالاسم باللغة الانجليزية: منتجع أغيث - Agith Resort\nالعنوان/المدينة: القويعة Tripoli Libya\nالتصنيف:\nمعلومات اخرى:\nالوصف: قرية أغيث السياحية\nالتصن قرية سياحية\nالمدي القره بولي\nعدد_ا 20\nعدد 1 40\nعدد الشاليهات:\nعدد الاسرة:\nالخدمات المتوفرة:\nالاسعار:\nللحجز والاستفسار: 091-5285473\nاوقات العمل:\nالتقييمات والانطباعات:\n: منتجع أغيث - Agith Resort\n: القويعة Tripoli Libya\n:\n: قرية أغيث السياحية\n: 091-5285473",
        "description_en": null,
        "phone": "091-5285473",
        "email": null,
        "website": "https://www.facebook.com/p/ D9 85 D9 86 D8 AA D8 AC D8 B9- D8 A3 D8 BA D9 8A D8 AB-Agith-Resort-100093496485203/",
        "stars": null,
        "rooms": null,
        "beds": null,
        "units": null,
        "capacity": null,
        "beach_access": null,
        "pool_available": null,
        "restaurant_available": null,
        "parking_available": null,
        "family_friendly": null,
        "status": null,
        "license_status": null,
        "operational_status": null,
        "ownership_type": null,
        "data_quality_status": "low",
        "data_review_status": "integrated",
        "source_image_url": "https://lh3.googleusercontent.com/umsh/AN6v0v7kYxbXKRHqXcYRCMpSGxm-MuVn383-C2HjEPJg9Rg0qNo_r-Jfr_wzLqX_NJIEh1ozbHWhUAnX-89sbEWZWfyDOj5BALsBGbqSgjivIRtVRZc4GNxmpD9YY-FxMZbzi89o_WdhnxjZKbIjqQLbwbsR1LUv03ut-3rMF5dyeqIlt9AEUOiRW8Wm95VD_CnUDz5KV_WmHWptGDEPkGqUur6YE39V1EJdrleBpmK7k9cq4ub7-dBvqNFazvhmOSu33Av9lELJuBo5Uo8JsoFTb_CGbqvIvMWsb4FQJN3q_3AyGkojesrQ7Vzv1zaYEN2ebWZ-Fs-1cnSYToOZhxOrRRSoD1Y64bX6DHXLrjpGhjQgh2fzK6tZjMBO_QmADzCTNBAcsH_Bj1IgdL5sCUXsd5nD7dOXko_pKu2rf6jGcEBoj6VTt51YUMhssz_2oOd--EU0kVqsxXY1eYY1MqvDiUv-zk9W5ViVkXC95Z3svvOv6yG71ds7jS6WQRurFXSWZA-8qqNzbNnwUSvErM9FVYzcWXNwn_0S6RO9yw8oNlW_zC2VEHMDCvWGKHmVTo6BtsZzMudHW2dg169ImMY8Yt7wN8zRt5JF63fpOusKLH65_DV2LTneUWpG3xWQA5BfHDdF3Ei8ij0IYQbPGVvEdayb0VN6nv4ymofoOMeG-YrYvdZ00W-U8QV9Scalrw31iV8e9l0qgM7PSvyixVg94deUbt52Fw",
        "source_image_provider": "google_mymaps",
        "source_image_status": "temporary_google_url",
        "local_images": [],
        "image_count": 0,
        "created_at": "2026-08-06",
        "updated_at": "2026-08-06",
        "name_score": 1.0,
        "coordinate_score": 1.0,
        "classification_score": 1.0,
        "contact_score": 1.0,
        "capacity_score": 0.0,
        "services_score": 1.0,
        "image_score": 0.0,
        "completeness_score": 0.43,
        "overall_quality_score": 0.71,
        "data_completeness_percent": 43,
        "missing_fields": [
          "municipality",
          "rooms",
          "beds",
          "units",
          "capacity",
          "license",
          "operation",
          "image"
        ],
        "match_status": "exact_match",
        "coordinate_review_status": "valid",
        "coordinate_change_reason": null,
        "original_coordinates": [
          13.645681,
          32.787654
        ]
      },
      "geometry": {
        "type": "Point",
        "coordinates": [
          13.645681,
          32.787654
        ]
      }
    },
    {
      "type": "Feature",
      "id": "LY-ACC-RES-NAT-00019",
      "properties": {
        "id": "LY-ACC-RES-NAT-00019",
        "name_ar": "قرية الخلة السياحية العائلية",
        "name_en": "العنوان/المدينة:",
        "name_normalized_ar": "قريهالخلهالسياحيهالعايليه",
        "translation_status": "source_provided",
        "category": "القرى والمنتجعات السياحية",
        "subcategory_ar": "منتجع عائلي",
        "subcategory_en": "Family resort",
        "facility_type_code": "family_resort",
        "municipality_ar": null,
        "municipality_en": null,
        "city_ar": null,
        "city_en": null,
        "region_ar": null,
        "region_en": null,
        "address_ar": "التصنيف:",
        "address_en": null,
        "longitude": 13.679539,
        "latitude": 32.789005,
        "source": "Tourist villages and resorts KML",
        "source_kml": "data/incoming/tourist-villages-resorts.kml",
        "source_record_index": 54,
        "description_ar": "الوصف:\nالاسم باللغة الانجليزية:\nالعنوان/المدينة:\nالتصنيف:\nمعلومات اخرى:\nالوصف: قرية الخلة السياحية العائلية\nالتصن قرية سياحية\nالمدي القره بولي\nعدد_ا 15\nعدد 1 30\nعدد الشاليهات:\nعدد الاسرة:\nالخدمات المتوفرة:\nوسائل الاتصال: NO PAGE\nالاسعار:\nللحجز والاستفسار: 0910463856 - 0910976415\nاوقات العمل:\nالتقييمات والانطباعات:\n:\n: قرية الخلة السياحية العائلية\n: NO PAGE\n: 0910463856 - 0910976415",
        "description_en": null,
        "phone": "0910463856 - 0910976415",
        "email": null,
        "website": "NO PAGE",
        "stars": null,
        "rooms": null,
        "beds": null,
        "units": null,
        "capacity": null,
        "beach_access": null,
        "pool_available": null,
        "restaurant_available": null,
        "parking_available": null,
        "family_friendly": null,
        "status": null,
        "license_status": null,
        "operational_status": null,
        "ownership_type": null,
        "data_quality_status": "low",
        "data_review_status": "integrated",
        "source_image_url": "https://lh3.googleusercontent.com/umsh/AN6v0v4aj-yTsYTUHuau8W6hFmIWFb1bOF9AjK5IynhsAmQzsPKpok1BmgA_AeZOtM6O5ZhXpzBwR84_2HcHr-N9PP_dKtHTj1JfX8y09AiwGERlikLd5xtcrLXo17mix3L1EgWsh9gNQXtQRPtJSG4mYhKZm2z-GyMrPsk9WbYxwH0Okk-XC6ks9wohjKxLJCkxvCfz02voO-8qev7xr_OJ9hkpb-D9Kx2GW2CPeRuD-5A8irJmlhgkcHbWXB49PXcXQvVrspqam8wbwl-3nMuFBaWMFyXhhhHIuF_Q2hyqS4m63LUofhaj4iGUfSr2BhdYyS12xzQgT-bB_UfaUce4Q2NnfMqFbJu_pya5RZfU1EaPQxUwxgOZGc2q0JdNO8f960hGVIWAg15BIaLS9KtF4TobywaTOwu3M4rfoyW7zZaxZ4sqjv-Ql-l_SeX0zvudn9lXeb6Gt_aVXpS0f1joMwrnSjihUuRQ_O6MoRYNunJpaBAef5kpaSLbpabyHeXVRsMtgBrq5y0yFXLzXD4JERd7tXMtGEIxN9qT1UDCXVgxIi_kMhE7hZWM1XKv5fEBFtJ2ALA_-mYD_6YjzlfmaHxJ6NRrc1F-dVEpiJPiLmCAZFHRsIoyA36KaMWUlX1dULVkpwzJtLC6nSq_W0NdBJH2KPtjNlaXHTaFX5N3sGUs0JEfADUGZGwYW_Kev3YSt2ve8HnY87Exvlp9wZgxVFIX15gH",
        "source_image_provider": "google_mymaps",
        "source_image_status": "temporary_google_url",
        "local_images": [],
        "image_count": 0,
        "created_at": "2026-08-06",
        "updated_at": "2026-08-06",
        "name_score": 1.0,
        "coordinate_score": 1.0,
        "classification_score": 1.0,
        "contact_score": 1.0,
        "capacity_score": 0.0,
        "services_score": 1.0,
        "image_score": 0.0,
        "completeness_score": 0.43,
        "overall_quality_score": 0.71,
        "data_completeness_percent": 43,
        "missing_fields": [
          "municipality",
          "rooms",
          "beds",
          "units",
          "capacity",
          "license",
          "operation",
          "image"
        ],
        "match_status": "exact_match",
        "coordinate_review_status": "valid",
        "coordinate_change_reason": null,
        "original_coordinates": [
          13.679539,
          32.789005
        ]
      },
      "geometry": {
        "type": "Point",
        "coordinates": [
          13.679539,
          32.789005
        ]
      }
    },
    {
      "type": "Feature",
      "id": "LY-ACC-RES-NAT-00020",
      "properties": {
        "id": "LY-ACC-RES-NAT-00020",
        "name_ar": "مجمع جواهر لاند",
        "name_en": "العنوان/المدينة:",
        "name_normalized_ar": "مجمعجواهرلاند",
        "translation_status": "source_provided",
        "category": "القرى والمنتجعات السياحية",
        "subcategory_ar": "قرية سياحية",
        "subcategory_en": "Tourist village",
        "facility_type_code": "tourist_village",
        "municipality_ar": null,
        "municipality_en": null,
        "city_ar": null,
        "city_en": null,
        "region_ar": null,
        "region_en": null,
        "address_ar": "التصنيف:",
        "address_en": null,
        "longitude": 13.646366,
        "latitude": 32.787247,
        "source": "Tourist villages and resorts KML",
        "source_kml": "data/incoming/tourist-villages-resorts.kml",
        "source_record_index": 55,
        "description_ar": "الوصف: الاسم باللغة الانجليزية:\nالعنوان/المدينة:\nالتصنيف:\nمعلومات اخرى:\nالوصف: مجمع جواهر لاند\nالتصن قرية سياحية\nالمدي القره بولي\nعدد_ا 14\nعدد 1 56\nعدد الشاليهات:\nعدد الاسرة:\nالخدمات المتوفرة:\nوسائل الاتصال:\nالاسعار:\nللحجز والاستفسار:\nاوقات العمل:\nالتقييمات والانطباعات:\n:\n: مجمع جواهر لاند",
        "description_en": null,
        "phone": "اوقات العمل:",
        "email": null,
        "website": "الاسعار:",
        "stars": null,
        "rooms": null,
        "beds": null,
        "units": null,
        "capacity": null,
        "beach_access": null,
        "pool_available": null,
        "restaurant_available": null,
        "parking_available": null,
        "family_friendly": null,
        "status": null,
        "license_status": null,
        "operational_status": null,
        "ownership_type": null,
        "data_quality_status": "low",
        "data_review_status": "integrated",
        "source_image_url": null,
        "source_image_provider": null,
        "source_image_status": "no_image",
        "local_images": [],
        "image_count": 0,
        "created_at": "2026-08-06",
        "updated_at": "2026-08-06",
        "name_score": 1.0,
        "coordinate_score": 1.0,
        "classification_score": 1.0,
        "contact_score": 1.0,
        "capacity_score": 0.0,
        "services_score": 1.0,
        "image_score": 0.0,
        "completeness_score": 0.43,
        "overall_quality_score": 0.71,
        "data_completeness_percent": 43,
        "missing_fields": [
          "municipality",
          "rooms",
          "beds",
          "units",
          "capacity",
          "license",
          "operation",
          "image"
        ],
        "match_status": "exact_match",
        "coordinate_review_status": "valid",
        "coordinate_change_reason": null,
        "original_coordinates": [
          13.646366,
          32.787247
        ]
      },
      "geometry": {
        "type": "Point",
        "coordinates": [
          13.646366,
          32.787247
        ]
      }
    },
    {
      "type": "Feature",
      "id": "LY-ACC-RES-NAT-00021",
      "properties": {
        "id": "LY-ACC-RES-NAT-00021",
        "name_ar": "منتجع دار البحر",
        "name_en": "العنوان/المدينة:",
        "name_normalized_ar": "منتجعدارالبحر",
        "translation_status": "source_provided",
        "category": "القرى والمنتجعات السياحية",
        "subcategory_ar": "قرية سياحية",
        "subcategory_en": "Tourist village",
        "facility_type_code": "tourist_village",
        "municipality_ar": null,
        "municipality_en": null,
        "city_ar": null,
        "city_en": null,
        "region_ar": null,
        "region_en": null,
        "address_ar": "التصنيف:",
        "address_en": null,
        "longitude": 13.64709,
        "latitude": 32.787622,
        "source": "Tourist villages and resorts KML",
        "source_kml": "data/incoming/tourist-villages-resorts.kml",
        "source_record_index": 56,
        "description_ar": "الوصف:\nالاسم باللغة الانجليزية:\nالعنوان/المدينة:\nالتصنيف:\nمعلومات اخرى:\nالوصف: منتجع دار البحر\nالتصن قرية سياحية\nالمدي القره بولي\nعدد_ا 0\nعدد 1 8\nعدد الشاليهات:\nعدد الاسرة:\nالخدمات المتوفرة:\nوسائل الاتصال:\nالاسعار:\nللحجز والاستفسار:\nاوقات العمل:\nالتقييمات والانطباعات:\n:\n: منتجع دار البحر",
        "description_en": null,
        "phone": "اوقات العمل:",
        "email": null,
        "website": "الاسعار:",
        "stars": null,
        "rooms": null,
        "beds": null,
        "units": null,
        "capacity": null,
        "beach_access": null,
        "pool_available": null,
        "restaurant_available": null,
        "parking_available": null,
        "family_friendly": null,
        "status": null,
        "license_status": null,
        "operational_status": null,
        "ownership_type": null,
        "data_quality_status": "low",
        "data_review_status": "integrated",
        "source_image_url": "https://lh3.googleusercontent.com/umsh/AN6v0v6YNXbwLFcuhldB7wLYwr-XEqZ7_-YmVHja-tVnaArrl8EPLRbGqnVI0-33v1NXA2TNaX4uka1LW-diZXUGROgL0DvksikgdLO9wh4wAnJq7He1Lnt0Gbh6yNhduWg3lWJu1sUrTuQLkCvpvHCkSqFc2PilJLEHPws4dVnGdamI4PNBKbcr7NXyD3AYbxiZwqbmPiMYDKmhSfb6mmnUokjibXDe00EFKdJ4zBy8aMfNmSUCICzrn3XwZXSHnHCCy_H4K3nQLK_m3i4bHnLaBOqaYzeb_4RMgpLD0xJpSgAxYT9Sqmez8vwb7Vb1dvb3sVayKS1xvqqtBnzngYH4j1ckVCcsMN72KdvgkDqulUJfKeHtm9SxCu7xcvvbZuxVcPOJSEHOsPAQICOIsaTp3HAyciWZ1Ko6UxLHNjZByMnTbaw3E6s8KkouueYTSdXX4rnes_IB-z_-Zw_1yjcrrpXYOOb7aTZSTWZXsJ5MItgqj4eSU_j8ENxuVK6nSPkSVnT_PeJBLTMyFwkcbhbwCiRfpAQpr1xHhFc5OKKYc5t21qnVp8xRgWm11iyDqYpwhDdlCIR8yTCPB1xpdnyhKdCj3l23zgcwzh0AaWx0zcbP52Y4dTgqkuzEms4c3vh0SGVg-zZyPgyyM2MDXLUdIm43KVHxvvWPBZePx-yBY2cx-8xvnT3VBA3mz6G4gILQqTYidkEfFVBPHnmSB4fEx-vgBBqbmA",
        "source_image_provider": "google_mymaps",
        "source_image_status": "temporary_google_url",
        "local_images": [],
        "image_count": 0,
        "created_at": "2026-08-06",
        "updated_at": "2026-08-06",
        "name_score": 1.0,
        "coordinate_score": 1.0,
        "classification_score": 1.0,
        "contact_score": 1.0,
        "capacity_score": 0.0,
        "services_score": 1.0,
        "image_score": 0.0,
        "completeness_score": 0.43,
        "overall_quality_score": 0.71,
        "data_completeness_percent": 43,
        "missing_fields": [
          "municipality",
          "rooms",
          "beds",
          "units",
          "capacity",
          "license",
          "operation",
          "image"
        ],
        "match_status": "exact_match",
        "coordinate_review_status": "valid",
        "coordinate_change_reason": null,
        "original_coordinates": [
          13.64709,
          32.787622
        ]
      },
      "geometry": {
        "type": "Point",
        "coordinates": [
          13.64709,
          32.787622
        ]
      }
    },
    {
      "type": "Feature",
      "id": "LY-ACC-RES-NAT-00022",
      "properties": {
        "id": "LY-ACC-RES-NAT-00022",
        "name_ar": "منتجع وادي بالنور",
        "name_en": "منتجع وادي بنور WBR",
        "name_normalized_ar": "منتجعواديبالنور",
        "translation_status": "source_provided",
        "category": "القرى والمنتجعات السياحية",
        "subcategory_ar": "منتجع عائلي",
        "subcategory_en": "Family resort",
        "facility_type_code": "family_resort",
        "municipality_ar": null,
        "municipality_en": null,
        "city_ar": null,
        "city_en": null,
        "region_ar": null,
        "region_en": null,
        "address_ar": "Wadi Banour - Alqweaa Tagiura Libya",
        "address_en": null,
        "longitude": 13.59408,
        "latitude": 32.792644,
        "source": "Tourist villages and resorts KML",
        "source_kml": "data/incoming/tourist-villages-resorts.kml",
        "source_record_index": 57,
        "description_ar": "الوصف:\nالاسم باللغة الانجليزية: منتجع وادي بنور WBR\nالعنوان/المدينة: Wadi Banour - Alqweaa Tagiura Libya\nالتصنيف: Family Resort\nمعلومات اخرى:\nالوصف: منتجع وادي بالنور\nQHVV+3J8 The Costal Road Algowaa\n+218 91-6531531\nالتصن قرية سياحية\nالمدي القره بولي\nعدد_ا 30\nعدد 1 60\nعدد الشاليهات:\nعدد الاسرة:\nالخدمات المتوفرة:\nالاسعار:\nللحجز والاستفسار: 092-0976345\nاوقات العمل:\nالتقييمات والانطباعات:\n: منتجع وادي بنور WBR\n: Wadi Banour - Alqweaa Tagiura Libya\n:\n: منتجع وادي بالنور\n: 092-0976345",
        "description_en": null,
        "phone": "092-0976345",
        "email": null,
        "website": "https://www.facebook.com/p/ D9 85 D9 86 D8 AA D8 AC D8 B9- D9 88 D8 A7 D8 AF D9 8A- D8 A8 D9 86 D9 88 D8 B1-WBR-100057511596400/",
        "stars": null,
        "rooms": null,
        "beds": null,
        "units": null,
        "capacity": null,
        "beach_access": null,
        "pool_available": null,
        "restaurant_available": null,
        "parking_available": null,
        "family_friendly": null,
        "status": null,
        "license_status": null,
        "operational_status": null,
        "ownership_type": null,
        "data_quality_status": "low",
        "data_review_status": "integrated",
        "source_image_url": "https://lh3.googleusercontent.com/umsh/AN6v0v4ryaG5YiEq7X04OzPmZT4Xlw6d_DeN4tSqm3SVCqz4eSmuu99eDccDJhGYy96QDrM6cMTY74V69kWFonwECzydcuB4QtWVMb8AFsnNLEPKvWFLL52c4KSzGrUeu45nGicteT9DxkyJrCV3wjuPez9qRgmEPk0z67Meajxo25XGEDlQW-HImfU31oX67yy3bAreKsYgtwLcPCzTboA7kPjv-Ff37db6P2n5khM0BjEzzC9JG58bdmrOaQeVmzK83oiGIUdZIGvd1l5mX3Ecm5caaBH40hdIsL-IeZ-ns2KHX9MFzX8mLqJexPE1Q2z9pcl8kO5nDmCI5Rk5qqU91rX2eoMyk1Z2WZfL7OYS5MK_fnd_MyfdHSdJIhk2XsUDUKwfnjG2zAJNsDs_mi8BBty6Qzf4EmUNS-xUhtSZQN3iZAkVYQSY2hjxm8kTADNwS2X3iuZX7Zg9Cv2KshvBjrdkccHjk1I83cLpogm6KuqbXp9oldgMwZE_lYp-keJeGke4O-ZbOyKDoFCHPDSFYqLlNpzTSCror3iQH_8FrMIjMihbDj3tlF4Sot3fz0nH6cv5HKegnGIfSaOnHaualWGRdbXu0HyBj_tTSXCoQdeA8MIughiWFqMSkapnyuzYF-WoVymQ0I2SsU9EVigF5X5ccMcMhDlnQbgj7OUWCpWxb_GD3PlA-Rlc9Y-hAmxKoLhzzRSgttQBOdmFRkUBnkFbGaC9YA",
        "source_image_provider": "google_mymaps",
        "source_image_status": "temporary_google_url",
        "local_images": [],
        "image_count": 0,
        "created_at": "2026-08-06",
        "updated_at": "2026-08-06",
        "name_score": 1.0,
        "coordinate_score": 1.0,
        "classification_score": 1.0,
        "contact_score": 1.0,
        "capacity_score": 0.0,
        "services_score": 1.0,
        "image_score": 0.0,
        "completeness_score": 0.43,
        "overall_quality_score": 0.71,
        "data_completeness_percent": 43,
        "missing_fields": [
          "municipality",
          "rooms",
          "beds",
          "units",
          "capacity",
          "license",
          "operation",
          "image"
        ],
        "match_status": "exact_match",
        "coordinate_review_status": "valid",
        "coordinate_change_reason": null,
        "original_coordinates": [
          13.59408,
          32.792644
        ]
      },
      "geometry": {
        "type": "Point",
        "coordinates": [
          13.59408,
          32.792644
        ]
      }
    },
    {
      "type": "Feature",
      "id": "LY-ACC-RES-NAT-00023",
      "properties": {
        "id": "LY-ACC-RES-NAT-00023",
        "name_ar": "منتجع بيتش هاوس",
        "name_en": "إستراحات بيتش هاوس Beach house",
        "name_normalized_ar": "منتجعبيتشهاوس",
        "translation_status": "source_provided",
        "category": "القرى والمنتجعات السياحية",
        "subcategory_ar": "قرية سياحية",
        "subcategory_en": "Tourist village",
        "facility_type_code": "tourist_village",
        "municipality_ar": null,
        "municipality_en": null,
        "city_ar": null,
        "city_en": null,
        "region_ar": null,
        "region_en": null,
        "address_ar": "التصنيف:",
        "address_en": null,
        "longitude": 14.058072,
        "latitude": 32.717408,
        "source": "Tourist villages and resorts KML",
        "source_kml": "data/incoming/tourist-villages-resorts.kml",
        "source_record_index": 58,
        "description_ar": "الوصف:\nالاسم باللغة الانجليزية: إستراحات بيتش هاوس Beach house\nالعنوان/المدينة:\nالتصنيف:\nمعلومات اخرى:\nالوصف: منتجع بيتش هاوس\nالتصن قرية سياحية\nالمدي القره بولي\nعدد_ا 2\nعدد 1 8\nعدد الشاليهات:\nعدد الاسرة:\nالخدمات المتوفرة:\nالاسعار:\nللحجز والاستفسار: 091-3887151\nاوقات العمل:\nالتقييمات والانطباعات:\n: إستراحات بيتش هاوس Beach house\n:\n: منتجع بيتش هاوس\n: 091-3887151",
        "description_en": null,
        "phone": "091-3887151",
        "email": null,
        "website": "https://www.facebook.com/haweslib/",
        "stars": null,
        "rooms": null,
        "beds": null,
        "units": null,
        "capacity": null,
        "beach_access": null,
        "pool_available": null,
        "restaurant_available": null,
        "parking_available": null,
        "family_friendly": null,
        "status": null,
        "license_status": null,
        "operational_status": null,
        "ownership_type": null,
        "data_quality_status": "low",
        "data_review_status": "integrated",
        "source_image_url": "https://lh3.googleusercontent.com/umsh/AN6v0v6dVHFPsFVhkEZC9I9G46rBcJg2a7ZBz7AhJrvTVkZwxwzf_RQ-XWbrciWduhzYuYcPw-QP8WDLOnGGtEbb7cZqPDv8unR6Z3nahj5lk-4oJGrP3tmsFuukCForSvINsNRQsgUzQUfmIChPy32qJ8ARulsjUEbbLLCkkwEtTwqpzkjaE4ljoTJyNVJNDMJD9mlrvipWN5UuMn1XeyvRBijIrf4En7kzNuQUDPx7uYGpQzr4hfCZI16z1cl86WZpfZGm7p2Sq3OI7vo0UZpvZq4Q-b-s_u_9vKKumluFLCGab39k9ETJGZNIazBnghODSsjz-4fCIR0XXzMNcEjRJ3-R38VZR1tdLSAsDnqTc9lDuEvFX34g3-aIUpnTBJbbjp7k-n9RtcXNsDOBECc6OcCEpgYVNycNRM7nL8Xsqb0Tuw2Rj94NDtKyPU9P4fl-J76iMP_VyvQ5-HTx7YozX0Ew8Y5hsH1ggxCryBAbfDjriJxPW7H-zEloAu_dUX59Cqv62bzuQMdrcm0TWGChS9Pk_OcY_6Fmtb46oq90104oakETRtTYQl8wLZRuY6Yw07mDQSpQVNjcsO5GAuQQs1GvR4_pgCJ3v9pzGjOwl-LG1HaBHLmG2fbcLItQS2XqUpEj5z7McQNrXixuJSadUri-gO5i0saxodUYyqmEYYgXD7ptdNBh3Nie0vWM9iS4gUo9DqvoYoOCmFklU0nQq3aLRwPp",
        "source_image_provider": "google_mymaps",
        "source_image_status": "temporary_google_url",
        "local_images": [],
        "image_count": 0,
        "created_at": "2026-08-06",
        "updated_at": "2026-08-06",
        "name_score": 1.0,
        "coordinate_score": 1.0,
        "classification_score": 1.0,
        "contact_score": 1.0,
        "capacity_score": 0.0,
        "services_score": 1.0,
        "image_score": 0.0,
        "completeness_score": 0.43,
        "overall_quality_score": 0.71,
        "data_completeness_percent": 43,
        "missing_fields": [
          "municipality",
          "rooms",
          "beds",
          "units",
          "capacity",
          "license",
          "operation",
          "image"
        ],
        "match_status": "exact_match",
        "coordinate_review_status": "valid",
        "coordinate_change_reason": null,
        "original_coordinates": [
          14.058072,
          32.717408
        ]
      },
      "geometry": {
        "type": "Point",
        "coordinates": [
          14.058072,
          32.717408
        ]
      }
    },
    {
      "type": "Feature",
      "id": "LY-ACC-RES-NAT-00024",
      "properties": {
        "id": "LY-ACC-RES-NAT-00024",
        "name_ar": "قرية قوس غنيمة السياحية",
        "name_en": "قرية قوس غنيمة السياحية",
        "name_normalized_ar": "قريهقوسغنيمهالسياحيه",
        "translation_status": "source_provided",
        "category": "القرى والمنتجعات السياحية",
        "subcategory_ar": "قرية سياحية",
        "subcategory_en": "Tourist village",
        "facility_type_code": "tourist_village",
        "municipality_ar": null,
        "municipality_en": null,
        "city_ar": null,
        "city_en": null,
        "region_ar": null,
        "region_en": null,
        "address_ar": "التصنيف: التصن قرية سياحية",
        "address_en": null,
        "longitude": 14.05612,
        "latitude": 32.722872,
        "source": "Tourist villages and resorts KML",
        "source_kml": "data/incoming/tourist-villages-resorts.kml",
        "source_record_index": 59,
        "description_ar": "الوصف:\nالاسم باللغة الانجليزية: قرية قوس غنيمة السياحية\nالعنوان/المدينة:\nالتصنيف: التصن قرية سياحية\nمعلومات اخرى:\nالوصف: قرية قوس غنيمة السياحية\nالمدي القره بولي\nعدد_ا 30\nعدد 1 120\nعدد الشاليهات:\nعدد الاسرة:\nالخدمات المتوفرة:\nالاسعار:\nللحجز والاستفسار: 091-2146694\nاوقات العمل:\nالتقييمات والانطباعات:\n: قرية قوس غنيمة السياحية\n:\n: 091-2146694",
        "description_en": null,
        "phone": "091-2146694",
        "email": null,
        "website": "https://www.facebook.com/p/ D9 82 D8 B1 D9 8A D8 A9- D9 82 D9 88 D8 B3- D8 BA D9 86 D9 8A D9 85 D8 A9- D8 A7 D9 84 D8 B3 D9 8A D8 A7 D8 AD D9 8A D8 A9-100028019995391/",
        "stars": null,
        "rooms": null,
        "beds": null,
        "units": null,
        "capacity": null,
        "beach_access": null,
        "pool_available": null,
        "restaurant_available": null,
        "parking_available": null,
        "family_friendly": null,
        "status": null,
        "license_status": null,
        "operational_status": null,
        "ownership_type": null,
        "data_quality_status": "low",
        "data_review_status": "integrated",
        "source_image_url": "https://lh3.googleusercontent.com/umsh/AN6v0v6p1o09ZSCKeEB4xMFFWOnUKJl8yAJ902btwj-giVvFgxeN3ToNA3lbzPZyJSFsJrkZ1PQqAhNmUxMgwMvtajbD3gWECwMzvw4lLGaxBnX7EGt0XoD1Jt33DLMwM5gssgAzVpOZYs2nrAzRaoiLgPTtxhOqfTnef2EDJa6tt7Te7i2lghmRZUytN8_vahDX2wDSmt6N-wpxZgMkGY7Uc8dYBHSp1i42ymD2UyktdQ9d9Hd1N9xhcAGj7G83uR1ow1CiRSK8LPgDOuhvFDP2kBrax6BT4N6PIMfHoSkdjBd3IURciguxkw0wVRad9ltNRyKCzWRqRodqrRMTACjjRv1zFZzslF9sjre4cKfgpctCjXyePBADKMZCqQ0INAB_oEKHcZlhwLQh3DLc2zET6xYw8PdJrfnxo7jrsYZO3z78kF-fXCbltdnHQj5t2GeCqjrA4filJdB9zeF_Hh3Qq4wevJ6DDaVOpecr_3lHBIAlgLz4Nb8kuT8-Vm_R0beCLlC3piUg4RpYp2Zgy2tlKmiD2uCcoyBLHGoc3JMHZjSJAWsivY14y9zmENJpVr1xOW7cgXNHXiPJB06NqwjPmhcgtnPJRhGtR568rmruz4iYfUk3_ChAmk2OhCtWYARLF6rwtExfI_zP2hbubBG5b1tCO3B8FO3RMto4YCGkfzWOzp95jEcQHN26_lJ7duB2L2CU3XFnqn4ho6pEY6lx4Fjk5IAL",
        "source_image_provider": "google_mymaps",
        "source_image_status": "temporary_google_url",
        "local_images": [],
        "image_count": 0,
        "created_at": "2026-08-06",
        "updated_at": "2026-08-06",
        "name_score": 1.0,
        "coordinate_score": 1.0,
        "classification_score": 1.0,
        "contact_score": 1.0,
        "capacity_score": 0.0,
        "services_score": 1.0,
        "image_score": 0.0,
        "completeness_score": 0.43,
        "overall_quality_score": 0.71,
        "data_completeness_percent": 43,
        "missing_fields": [
          "municipality",
          "rooms",
          "beds",
          "units",
          "capacity",
          "license",
          "operation",
          "image"
        ],
        "match_status": "exact_match",
        "coordinate_review_status": "valid",
        "coordinate_change_reason": null,
        "original_coordinates": [
          14.05612,
          32.722872
        ]
      },
      "geometry": {
        "type": "Point",
        "coordinates": [
          14.05612,
          32.722872
        ]
      }
    },
    {
      "type": "Feature",
      "id": "LY-ACC-RES-NAT-00025",
      "properties": {
        "id": "LY-ACC-RES-NAT-00025",
        "name_ar": "منتجع ايليت السياحي",
        "name_en": "منتجع ايليت السياحي Elite Resorts",
        "name_normalized_ar": "منتجعايليتالسياحي",
        "translation_status": "source_provided",
        "category": "القرى والمنتجعات السياحية",
        "subcategory_ar": "قرية سياحية",
        "subcategory_en": "Tourist village",
        "facility_type_code": "tourist_village",
        "municipality_ar": null,
        "municipality_en": null,
        "city_ar": null,
        "city_en": null,
        "region_ar": null,
        "region_en": null,
        "address_ar": "القويعة Qarah Bulli Libya",
        "address_en": null,
        "longitude": 13.658897,
        "latitude": 32.788973,
        "source": "Tourist villages and resorts KML",
        "source_kml": "data/incoming/tourist-villages-resorts.kml",
        "source_record_index": 60,
        "description_ar": "الوصف:\nالاسم باللغة الانجليزية: منتجع ايليت السياحي Elite Resorts\nالعنوان/المدينة: القويعة Qarah Bulli Libya\nالتصنيف:\nمعلومات اخرى:\nالوصف: منتجع ايليت السياحي\nالتصن قرية سياحية\nالمدي القره بولي\nعدد_ا 32\nعدد 1 128\nعدد الشاليهات:\nعدد الاسرة:\nالخدمات المتوفرة:\nالاسعار:\nللحجز والاستفسار: 092-2561339\nاوقات العمل:\nالتقييمات والانطباعات:\n: منتجع ايليت السياحي Elite Resorts\n: القويعة Qarah Bulli Libya\n:\n: منتجع ايليت السياحي\n: 092-2561339",
        "description_en": null,
        "phone": "092-2561339",
        "email": null,
        "website": "https://www.facebook.com/eliteresort/about locale ar_AR",
        "stars": null,
        "rooms": null,
        "beds": null,
        "units": null,
        "capacity": null,
        "beach_access": null,
        "pool_available": null,
        "restaurant_available": null,
        "parking_available": null,
        "family_friendly": null,
        "status": null,
        "license_status": null,
        "operational_status": null,
        "ownership_type": null,
        "data_quality_status": "low",
        "data_review_status": "integrated",
        "source_image_url": "https://lh3.googleusercontent.com/umsh/AN6v0v5rAamAC7XpIvDY0_PzESTw6gODTVPdmhE8ryzFN2TTC8aDLgeKbIif1WKjHi8z2Mrcbpexj0jgc1azNJiZza0qVTZXpNRAGUM8aMi_IZKqMJRdPwbWSI-_lW7-43et4uKnne-z5v_Tgl4Fom0Y07Sd74_nLsWkJOzZ-Nw5hLmA4o5zc_d17PRfJiOOgiwSRiLRkbIkv2sypV1GZybW_82VLfQYwCvV7c1thjq_8pr1cojfQuPdFtmbrYPVQig_MFXr1T9BpAx7h20RHC_q0zvF5I22zFLgrLeV6qPlqukQ090jP1VcJITV5hsgVxvtOfeL5FS221CVPjkA0zGQWMnmcUt2XgxHNHhtZEzQyO0f_yvb3wY2DM4HD6GcXaN_HKwRWwLySYKZ1Utpv2uzCPafNBRz82nVSrv-gvPDTw-s4BVE8tiUbDKpyGHIW7-xHFLnMDytdlxxpbDXQ7fAzxhJ_5d1P30dZSshUeFDSHocfAw3Q0qI5R3_yh1VzR7QoLqNLFCcWLH6lK3Ytzl6NHrDks0J32KdhfizdfkQAluwslZxMkQrul-V-sq_qdctKophcSwdyRsiq1T90YvPny4aUVEE5DQKuWeqjSC_eW_Na6Enyuz8_pwCyo5m0_-xv4R-eNPg2ZkFhIvez-PtryF0SlI4TgDsbcI4hd5Vr19md9jUB9v9Ipeqmpqb2u4JdfyhiEzVndWHOjV7TI4jjClk1xBTVw",
        "source_image_provider": "google_mymaps",
        "source_image_status": "temporary_google_url",
        "local_images": [],
        "image_count": 0,
        "created_at": "2026-08-06",
        "updated_at": "2026-08-06",
        "name_score": 1.0,
        "coordinate_score": 1.0,
        "classification_score": 1.0,
        "contact_score": 1.0,
        "capacity_score": 0.0,
        "services_score": 1.0,
        "image_score": 0.0,
        "completeness_score": 0.43,
        "overall_quality_score": 0.71,
        "data_completeness_percent": 43,
        "missing_fields": [
          "municipality",
          "rooms",
          "beds",
          "units",
          "capacity",
          "license",
          "operation",
          "image"
        ],
        "match_status": "exact_match",
        "coordinate_review_status": "valid",
        "coordinate_change_reason": null,
        "original_coordinates": [
          13.658897,
          32.788973
        ]
      },
      "geometry": {
        "type": "Point",
        "coordinates": [
          13.658897,
          32.788973
        ]
      }
    },
    {
      "type": "Feature",
      "id": "LY-ACC-RES-NAT-00026",
      "properties": {
        "id": "LY-ACC-RES-NAT-00026",
        "name_ar": "قرية شمس البحر",
        "name_en": "العنوان/المدينة:",
        "name_normalized_ar": "قريهشمسالبحر",
        "translation_status": "source_provided",
        "category": "القرى والمنتجعات السياحية",
        "subcategory_ar": "قرية سياحية",
        "subcategory_en": "Tourist village",
        "facility_type_code": "tourist_village",
        "municipality_ar": null,
        "municipality_en": null,
        "city_ar": null,
        "city_en": null,
        "region_ar": null,
        "region_en": null,
        "address_ar": "التصنيف:",
        "address_en": null,
        "longitude": 14.058758,
        "latitude": 32.721782,
        "source": "Tourist villages and resorts KML",
        "source_kml": "data/incoming/tourist-villages-resorts.kml",
        "source_record_index": 61,
        "description_ar": "الوصف: الاسم باللغة الانجليزية:\nالعنوان/المدينة:\nالتصنيف:\nمعلومات اخرى:\nالوصف: قرية شمس البحر\nالتصن قرية سياحية\nالمدي القره بولي\nعدد_ا 14\nعدد 1 28\nعدد الشاليهات:\nعدد الاسرة:\nالخدمات المتوفرة:\nالاسعار:\nللحجز والاستفسار:\nاوقات العمل:\nالتقييمات والانطباعات:\n:\n: قرية شمس البحر",
        "description_en": null,
        "phone": "اوقات العمل:",
        "email": null,
        "website": "https://www.facebook.com/BANGAZE.WORK/posts/ D9 82 D8 B1 D9 8A D8 A9- D8 B4 D9 85 D8 B3- D8 A7 D9 84 D8 A8 D8 AD D8 B1- D8 BA D9 86 D9 8A D9 85 D8 A9- D9 85 D9 86- D8 A7 D8 AC D9 85 D9 84- D8 A7 D9 84 D9 82 D8 B1 D9 89- D8 B9 D9 84 D9 89- D8 A7 D9 81 D8 AE D9 85- D8 A7 D9 84 D8 B4 D9 88 D8 A7 D8 B7 D8 A6- D9 88 D8 A7 D8 AC D9 85 D9 84- D8 A7 D9 84 D9 85 D9 86 D8 A7 D8 B7 D9 82- D8 AA D8 AA D9 85 D9 8A D8 B2- D8 A8 D8 AE D8 AF D9 85 D8 A7 D8 AA D9 87 D8 A7/1746721348833193/ locale ar_AR",
        "stars": null,
        "rooms": null,
        "beds": null,
        "units": null,
        "capacity": null,
        "beach_access": null,
        "pool_available": null,
        "restaurant_available": null,
        "parking_available": null,
        "family_friendly": null,
        "status": null,
        "license_status": null,
        "operational_status": null,
        "ownership_type": null,
        "data_quality_status": "low",
        "data_review_status": "integrated",
        "source_image_url": null,
        "source_image_provider": null,
        "source_image_status": "no_image",
        "local_images": [],
        "image_count": 0,
        "created_at": "2026-08-06",
        "updated_at": "2026-08-06",
        "name_score": 1.0,
        "coordinate_score": 1.0,
        "classification_score": 1.0,
        "contact_score": 1.0,
        "capacity_score": 0.0,
        "services_score": 1.0,
        "image_score": 0.0,
        "completeness_score": 0.43,
        "overall_quality_score": 0.71,
        "data_completeness_percent": 43,
        "missing_fields": [
          "municipality",
          "rooms",
          "beds",
          "units",
          "capacity",
          "license",
          "operation",
          "image"
        ],
        "match_status": "exact_match",
        "coordinate_review_status": "valid",
        "coordinate_change_reason": null,
        "original_coordinates": [
          14.058758,
          32.721782
        ]
      },
      "geometry": {
        "type": "Point",
        "coordinates": [
          14.058758,
          32.721782
        ]
      }
    },
    {
      "type": "Feature",
      "id": "LY-ACC-RES-KHO-00017",
      "properties": {
        "id": "LY-ACC-RES-KHO-00017",
        "name_ar": "قرية لؤلؤة غنيمة العائلية",
        "name_en": "استراحة لؤلؤة - غنيمة الخمس",
        "name_normalized_ar": "قريهلولوهغنيمهالعايليه",
        "translation_status": "source_provided",
        "category": "القرى والمنتجعات السياحية",
        "subcategory_ar": "منتجع عائلي",
        "subcategory_en": "Family resort",
        "facility_type_code": "family_resort",
        "municipality_ar": "الخمس",
        "municipality_en": "Khoms",
        "city_ar": "الخمس",
        "city_en": "Khoms",
        "region_ar": "المرقب",
        "region_en": "Al Marqab",
        "address_ar": "التصنيف:",
        "address_en": null,
        "longitude": 14.058367,
        "latitude": 32.720385,
        "source": "Tourist villages and resorts KML",
        "source_kml": "data/incoming/tourist-villages-resorts.kml",
        "source_record_index": 62,
        "description_ar": "الوصف:\nالاسم باللغة الانجليزية: استراحة لؤلؤة - غنيمة الخمس\nالعنوان/المدينة:\nالتصنيف:\nمعلومات اخرى:\nالوصف: قرية لؤلؤة غنيمة العائلية\nالتصن قرية سياحية\nالمدي القره بولي\nعدد_ا 8\nعدد 1 32\nعدد الشاليهات:\nعدد الاسرة:\nالخدمات المتوفرة:\nالاسعار:\nللحجز والاستفسار: 092-2732230\nاوقات العمل:\nالتقييمات والانطباعات:\n: استراحة لؤلؤة - غنيمة الخمس\n:\n: قرية لؤلؤة غنيمة العائلية\n: 092-2732230",
        "description_en": null,
        "phone": "092-2732230",
        "email": null,
        "website": "https://www.facebook.com/p/ D8 A7 D8 B3 D8 AA D8 B1 D8 A7 D8 AD D8 A9- D9 84 D8 A4 D9 84 D8 A4 D8 A9- D8 BA D9 86 D9 8A D9 85 D8 A9- D8 A7 D9 84 D8 AE D9 85 D8 B3-100068636835569/",
        "stars": null,
        "rooms": null,
        "beds": null,
        "units": null,
        "capacity": null,
        "beach_access": null,
        "pool_available": null,
        "restaurant_available": null,
        "parking_available": null,
        "family_friendly": null,
        "status": null,
        "license_status": null,
        "operational_status": null,
        "ownership_type": null,
        "data_quality_status": "medium",
        "data_review_status": "integrated",
        "source_image_url": "https://lh3.googleusercontent.com/umsh/AN6v0v5Mm-maSPvJRaoR9M200Vei9YwMbUkRQKhLNtOu3UUgaq_SCOpsJoXKnQUhkguhQCyE5_wwjeB8MzEBNXJaeg1Byft3bXARslJWyMBn2JE-8VuGjY2JFNbI6mpnuPM2UhK2aq3w3Co3TVLRRgLCrUVtE5r5hYFQtdFvElDSUjKljx1CouKC-pET2PZntUpvQ1N71CZwIpgnvXhn1MSX_cuZeeX2s0NEg0Acvxy-PtAbjC4766ZkoWdWvayA06glO63AVXe88d9GAKzntkE0ttHHiDphQi-DHYHrIQOUUuxwCX395dZ5maiL-6ybjBxxOMJ6v1SaLIj7SrochiUSjVaN1K1n46HGnueAsm6SIG_rlV4cqLscWoIfgGHCestiwPpBNXDMuMPMYeTjHpM7cAui64lxPuPcMCUqIrZ4VaW1yEqc3CTE8YXWyP5Vz7wqggmWh017y2pITepE8s7DCVf_ySKztlc1T6e9_Su5QaqVtVu2CK8-GqwN566NHQUgcJlMt0z-XQV92mqEJFFnm_XEmXtGwVU7T5S8QXw51UnHYuwVOv0OFt8jRKbpMX9XL2xdPeTWtsirWRiLiNe2DvFFr4GrYhoVQQMB1z_WTlT1Y1NJCNkqdCk1nghsP-472yZD9MkcCbQkK-hCmOiu3OVvu6SjPQAa9gPu2d4SSd3U-zCd36SiHadLWivvVBfi1RbgNyBDTSOseycU6f7ig9XYqdYCjw",
        "source_image_provider": "google_mymaps",
        "source_image_status": "temporary_google_url",
        "local_images": [],
        "image_count": 0,
        "created_at": "2026-08-06",
        "updated_at": "2026-08-06",
        "name_score": 1.0,
        "coordinate_score": 1.0,
        "classification_score": 1.0,
        "contact_score": 1.0,
        "capacity_score": 0.0,
        "services_score": 1.0,
        "image_score": 0.0,
        "completeness_score": 0.5,
        "overall_quality_score": 0.71,
        "data_completeness_percent": 50,
        "missing_fields": [
          "rooms",
          "beds",
          "units",
          "capacity",
          "license",
          "operation",
          "image"
        ],
        "match_status": "exact_match",
        "coordinate_review_status": "valid",
        "coordinate_change_reason": null,
        "original_coordinates": [
          14.058367,
          32.720385
        ]
      },
      "geometry": {
        "type": "Point",
        "coordinates": [
          14.058367,
          32.720385
        ]
      }
    },
    {
      "type": "Feature",
      "id": "LY-ACC-RES-NAT-00027",
      "properties": {
        "id": "LY-ACC-RES-NAT-00027",
        "name_ar": "شاليهات ركن النيروز",
        "name_en": "استراحة النيروز 2",
        "name_normalized_ar": "شاليهاتركنالنيروز",
        "translation_status": "source_provided",
        "category": "القرى والمنتجعات السياحية",
        "subcategory_ar": "منشأة سياحية أخرى",
        "subcategory_en": "Other tourism accommodation",
        "facility_type_code": "accommodation_resort_other",
        "municipality_ar": null,
        "municipality_en": null,
        "city_ar": null,
        "city_en": null,
        "region_ar": null,
        "region_en": null,
        "address_ar": "القويعة،،، مقابل الماسة مول",
        "address_en": null,
        "longitude": 13.647632,
        "latitude": 32.788222,
        "source": "Tourist villages and resorts KML",
        "source_kml": "data/incoming/tourist-villages-resorts.kml",
        "source_record_index": 63,
        "description_ar": "الوصف: الاسم باللغة الانجليزية: استراحة النيروز 2\nالعنوان/المدينة: القويعة،،، مقابل الماسة مول\nتبعد على البحر 400 متر\nالتصنيف:\nمعلومات اخرى: متاح حجز أسبوعي ويومي ابتداء من يوم الأربعاء القادم\nالوصف: شاليهات ركن النيروز\nالتصن شاليهات\nالمدي القره بولي\nعدد_ا 12\nعدد 1 24\nعدد الشاليهات:\nعدد الاسرة:\nالخدمات المتوفرة:\nالاسعار:\nللحجز والاستفسار: 0912174433\nاوقات العمل:\nالتقييمات والانطباعات:\n: استراحة النيروز 2\n: القويعة،،، مقابل الماسة مول\n:\n: متاح حجز أسبوعي ويومي ابتداء من يوم الأربعاء القادم\n: شاليهات ركن النيروز\n: 0912174433",
        "description_en": null,
        "phone": "0912174433",
        "email": null,
        "website": "https://www.facebook.com/groups/1668346003558603/posts/2139940439732488/",
        "stars": null,
        "rooms": null,
        "beds": null,
        "units": null,
        "capacity": null,
        "beach_access": null,
        "pool_available": null,
        "restaurant_available": null,
        "parking_available": null,
        "family_friendly": null,
        "status": null,
        "license_status": null,
        "operational_status": null,
        "ownership_type": null,
        "data_quality_status": "low",
        "data_review_status": "integrated",
        "source_image_url": null,
        "source_image_provider": null,
        "source_image_status": "no_image",
        "local_images": [],
        "image_count": 0,
        "created_at": "2026-08-06",
        "updated_at": "2026-08-06",
        "name_score": 1.0,
        "coordinate_score": 1.0,
        "classification_score": 0.65,
        "contact_score": 1.0,
        "capacity_score": 0.0,
        "services_score": 1.0,
        "image_score": 0.0,
        "completeness_score": 0.43,
        "overall_quality_score": 0.66,
        "data_completeness_percent": 43,
        "missing_fields": [
          "municipality",
          "rooms",
          "beds",
          "units",
          "capacity",
          "license",
          "operation",
          "image"
        ],
        "match_status": "exact_match",
        "coordinate_review_status": "valid",
        "coordinate_change_reason": null,
        "original_coordinates": [
          13.647632,
          32.788222
        ]
      },
      "geometry": {
        "type": "Point",
        "coordinates": [
          13.647632,
          32.788222
        ]
      }
    },
    {
      "type": "Feature",
      "id": "LY-ACC-RES-NAT-00028",
      "properties": {
        "id": "LY-ACC-RES-NAT-00028",
        "name_ar": "قرية رأس الحمراء العائلية",
        "name_en": "Ras Al hamra resorts",
        "name_normalized_ar": "قريهراسالحمراءالعايليه",
        "translation_status": "source_provided",
        "category": "القرى والمنتجعات السياحية",
        "subcategory_ar": "منتجع عائلي",
        "subcategory_en": "Family resort",
        "facility_type_code": "family_resort",
        "municipality_ar": null,
        "municipality_en": null,
        "city_ar": null,
        "city_en": null,
        "region_ar": null,
        "region_en": null,
        "address_ar": "التصنيف:",
        "address_en": null,
        "longitude": 13.935119,
        "latitude": 32.774035,
        "source": "Tourist villages and resorts KML",
        "source_kml": "data/incoming/tourist-villages-resorts.kml",
        "source_record_index": 64,
        "description_ar": "الوصف:\nالاسم باللغة الانجليزية: Ras Al hamra resorts\nالعنوان/المدينة:\nالتصنيف:\nمعلومات اخرى:\nالوصف: قرية رأس الحمراء العائلية\nالتصن قرية سياحية\nالمدي العلوص\nعدد_ا 18\nعدد 1 36\nعدد الشاليهات:\nعدد الاسرة:\nالخدمات المتوفرة:\nالاسعار:\nللحجز والاستفسار: 091-1203990\nاوقات العمل:\nالتقييمات والانطباعات:\n: Ras Al hamra resorts\n:\n: قرية رأس الحمراء العائلية\n: 091-1203990",
        "description_en": null,
        "phone": "091-1203990",
        "email": null,
        "website": "https://www.facebook.com/p/ D9 82 D8 B1 D9 8A D8 A9- D8 B1 D8 A3 D8 B3- D8 A7 D9 84 D8 AD D9 85 D8 B1 D8 A7 D8 A1- D8 A7 D9 84 D8 B9 D8 A7 D8 A6 D9 84 D9 8A D8 A9-100064824039820/",
        "stars": null,
        "rooms": null,
        "beds": null,
        "units": null,
        "capacity": null,
        "beach_access": null,
        "pool_available": null,
        "restaurant_available": null,
        "parking_available": null,
        "family_friendly": null,
        "status": null,
        "license_status": null,
        "operational_status": null,
        "ownership_type": null,
        "data_quality_status": "low",
        "data_review_status": "integrated",
        "source_image_url": "https://lh3.googleusercontent.com/umsh/AN6v0v6FXe12JqenVVsq7QZlvgkZSQJAkU1eut117f-U3Gt2GEH1vka04u_N6H-CuFWzjzewyu7OBs7Cte2HTKmICLR84NDpAidFh7x06Zo5y362DKq68jYVZVxEGi9RwKJSk1oBjB-VuXXAW-K4WK9YrrXGcVn6wm2i63l9_KfdaQq8Ae5pW8CGCfcy-UOE6roltgna7q8slK5Oc13cF_V-BWT6vy7QPymQAQ3eASltrx2sTH0i5LT2t5a1bhg2_Q6RIlfjleve80QIr_GM4HhpiK05UArrSRy_1qzf6XmzBCKT6SublGdPl3fAxp4BeTY-kAqho2le1JYqukfcLRI0g9u0jy03gvw-Fh9losUmTo5-VnXqUtD0XU3XbuixHtNcc-jdAtPF72CcT5Ydb-BgAWTK2aeIA2DiEGVTgOdVS2PucRcL1VQ3cXoVArxC-dSxR-wTYbH27gOR7pDLIHeZRi8aAsZnE3VWMSgW0xdF4K5HNn2b5O4Bh3Q8oEk87PB_zLkthhTYOaCE6Sb8liDnAewJwrmTvQ1aad9sdD9XNQXNP6-aJfkD_GKCgiPCn2z9eQmsI7XTO2p_42cedLDZ-6B7k-cqxz3thfslvhmcbaOUkYHaf6uDFRk803DtIjlGGf4Dgf-WO1WS8f_e-d6lBcSW7evZ9CNdktdJPJcEmD9cS7-U-_XaWZ_siMWTvfPjtwSUoHjmXJanm185EfNt3pjG0L_7lw",
        "source_image_provider": "google_mymaps",
        "source_image_status": "temporary_google_url",
        "local_images": [],
        "image_count": 0,
        "created_at": "2026-08-06",
        "updated_at": "2026-08-06",
        "name_score": 1.0,
        "coordinate_score": 1.0,
        "classification_score": 1.0,
        "contact_score": 1.0,
        "capacity_score": 0.0,
        "services_score": 1.0,
        "image_score": 0.0,
        "completeness_score": 0.43,
        "overall_quality_score": 0.71,
        "data_completeness_percent": 43,
        "missing_fields": [
          "municipality",
          "rooms",
          "beds",
          "units",
          "capacity",
          "license",
          "operation",
          "image"
        ],
        "match_status": "exact_match",
        "coordinate_review_status": "valid",
        "coordinate_change_reason": null,
        "original_coordinates": [
          13.935119,
          32.774035
        ]
      },
      "geometry": {
        "type": "Point",
        "coordinates": [
          13.935119,
          32.774035
        ]
      }
    },
    {
      "type": "Feature",
      "id": "LY-ACC-RES-KHO-00018",
      "properties": {
        "id": "LY-ACC-RES-KHO-00018",
        "name_ar": "قرية شاطئ النخيل الذهبي",
        "name_en": "Palm Beach",
        "name_normalized_ar": "قريهشاطيالنخيلالذهبي",
        "translation_status": "source_provided",
        "category": "القرى والمنتجعات السياحية",
        "subcategory_ar": "قرية سياحية",
        "subcategory_en": "Tourist village",
        "facility_type_code": "tourist_village",
        "municipality_ar": "الخمس",
        "municipality_en": "Khoms",
        "city_ar": "الخمس",
        "city_en": "Khoms",
        "region_ar": "المرقب",
        "region_en": "Al Marqab",
        "address_ar": "قماطة العلوص - طريق الإسماعيلية",
        "address_en": null,
        "longitude": 13.935483,
        "latitude": 32.773377,
        "source": "Tourist villages and resorts KML",
        "source_kml": "data/incoming/tourist-villages-resorts.kml",
        "source_record_index": 65,
        "description_ar": "الوصف:\nالاسم باللغة الانجليزية: Palm Beach\nالعنوان/المدينة: قماطة العلوص - طريق الإسماعيلية\nالتصنيف:\nمعلومات اخرى:\nالوصف: قرية شاطئ النخيل الذهبي\nالتصن قرية سياحية\nالمدي الخمس\nعدد_ا 30\nعدد 1 120\nعدد الشاليهات:\nعدد الاسرة:\nالخدمات المتوفرة:\nالاسعار:\nللحجز والاستفسار: 091-3973906\nاوقات العمل:\nالتقييمات والانطباعات:\n: Palm Beach\n: قماطة العلوص - طريق الإسماعيلية\n:\n: قرية شاطئ النخيل الذهبي\n: 091-3973906",
        "description_en": null,
        "phone": "091-3973906",
        "email": null,
        "website": "https://www.facebook.com/p/ D9 82 D8 B1 D9 8A D8 A9- D8 B4 D8 A7 D8 B7 D8 A6- D8 A7 D9 84 D9 86 D8 AE D9 8A D9 84- D8 A7 D9 84 D8 B0 D9 87 D8 A8 D9 8A-100071968430039/",
        "stars": null,
        "rooms": null,
        "beds": null,
        "units": null,
        "capacity": null,
        "beach_access": null,
        "pool_available": null,
        "restaurant_available": null,
        "parking_available": null,
        "family_friendly": null,
        "status": null,
        "license_status": null,
        "operational_status": null,
        "ownership_type": null,
        "data_quality_status": "medium",
        "data_review_status": "integrated",
        "source_image_url": "https://lh3.googleusercontent.com/umsh/AN6v0v68aIajHYAv6pFDOrVNkKcuol711XGVjZ6pS9pVW-DvePzSPGFdI8Aj2TbgvTcFtHgrzW3LaYtx4nApMzS4MaPVfrco-mb42kVw5CdcJEbygseNAIm2UhefNVB7_K4iyWUTr97f2SKW3MyzKkeblHDmWWz3z4khP8E2ncYh26_uz9xQFlfvRaNWRBa7DAlwtS6hm2O_5dxZ2zrapiDkFOU7eJSbOySYWsllVDrq6lPawTztdlQYpDBH4b6vajzFIQ-oRVjzkZG_SyOsccMB4ZF_GLPt-4HO6E-WvO6RCxk-0mQyRW1rzWyqf3Hxcxp79Vp5aQdws92xnhGXo5apvKbefMB__JiZcc8w93obwq-jn56b3qvb11ydoRRNjvmDeF5eAvlZvslBJfxDumgEb2tcZ_gbMhlh1Ghuq7DmVjs6db6HoIlSnaPAVD28cKVSLaivONLBG0wNlL9v4FaDYg1yTT1je5Y-nLSnKrpJz0A9SgnIcpmX-Sfi6CTOI8jpPY2bYqRpDivQe_OlXR84yPynbBE6Zr5VZNIxTv2iAu3oQtQTPjfs508tEQLWCnKmdadkDRAfXx1ZDKDJ6CnX6Wf2JbQ6MelA6GUPHfN4tYFUt-kLQFwRQ2uBcC2yzsz56EjCZ4em4n_bTp7H28C1533DYedXFG7Ou6yVkdyH5uimlfPFwzBmOPNw--1I1S9_EGeUcyd9HjCD8MHD_h48VIgXncWa",
        "source_image_provider": "google_mymaps",
        "source_image_status": "temporary_google_url",
        "local_images": [],
        "image_count": 0,
        "created_at": "2026-08-06",
        "updated_at": "2026-08-06",
        "name_score": 1.0,
        "coordinate_score": 1.0,
        "classification_score": 1.0,
        "contact_score": 1.0,
        "capacity_score": 0.0,
        "services_score": 1.0,
        "image_score": 0.0,
        "completeness_score": 0.5,
        "overall_quality_score": 0.71,
        "data_completeness_percent": 50,
        "missing_fields": [
          "rooms",
          "beds",
          "units",
          "capacity",
          "license",
          "operation",
          "image"
        ],
        "match_status": "exact_match",
        "coordinate_review_status": "valid",
        "coordinate_change_reason": null,
        "original_coordinates": [
          13.935483,
          32.773377
        ]
      },
      "geometry": {
        "type": "Point",
        "coordinates": [
          13.935483,
          32.773377
        ]
      }
    },
    {
      "type": "Feature",
      "id": "LY-ACC-RES-ZLI-00001",
      "properties": {
        "id": "LY-ACC-RES-ZLI-00001",
        "name_ar": "قرية أصيل السياحية",
        "name_en": "قرية أصيل السياحية Aseel Tourist Village",
        "name_normalized_ar": "قريهاصيلالسياحيه",
        "translation_status": "source_provided",
        "category": "القرى والمنتجعات السياحية",
        "subcategory_ar": "قرية سياحية",
        "subcategory_en": "Tourist village",
        "facility_type_code": "tourist_village",
        "municipality_ar": "زليتن",
        "municipality_en": "Zliten",
        "city_ar": "زليتن",
        "city_en": "Zliten",
        "region_ar": "المرقب",
        "region_en": "Al Marqab",
        "address_ar": "طريق الشط الجديدة",
        "address_en": null,
        "longitude": 14.614519,
        "latitude": 32.489638,
        "source": "Tourist villages and resorts KML",
        "source_kml": "data/incoming/tourist-villages-resorts.kml",
        "source_record_index": 66,
        "description_ar": "الوصف:\nالاسم باللغة الانجليزية: قرية أصيل السياحية Aseel Tourist Village\nالعنوان/المدينة: طريق الشط الجديدة\nالتصنيف:\nمعلومات اخرى: الموقع: زليتن، ازدو الشمالية، طريق الشط الجديدة\nالوصف: قرية أصيل السياحية\nزليتن\n+218 91-4060090\nالتصن قرية سياحية\nالمدي زليتن\nعدد_ا 4\nعدد 1 16\nعدد الشاليهات:\nعدد الاسرة:\nالخدمات المتوفرة:\nالاسعار:\nللحجز والاستفسار: 0914060090\n0924060090\n0934060090\nاوقات العمل:\nالتقييمات والانطباعات:\n: قرية أصيل السياحية Aseel Tourist Village\n: طريق الشط الجديدة\n:\n: الموقع: زليتن، ازدو الشمالية، طريق الشط الجديدة\n: قرية أصيل السياحية\n: 0914060090",
        "description_en": null,
        "phone": "0914060090",
        "email": null,
        "website": "https://www.facebook.com/Aseel.rest.group/ (https://www.facebook.com/Aseel.rest.group/ ) https://l.facebook.com/l.php u https 3A 2F 2Fmaps.app.goo.gl 2FnPMBBF9LpTqFQt746&h AUCa9Qo6WFLjkLv2Xynp6UWc24qs4hOLxZlps2TOuvCgHqtAL4Zku7vqd1Qb3PNPA0XZm_uqxJkio1nwAGjSejG0BMDJ0jiKiSLj2rdyZ-RXCdNdbXjXSPyJWIJ2AoE_FTs_ZeEUwWR428R0mtNVXQHNUQszU13g& tn -UK-y-R&c 0 AUDdnrEzwRI_ZVyZjSN_Kvl2rD0mWVWgCiFghgJjtthKxSuzkDoq4avUqmXKO4Dl34Vo2jnjaY7S-unLQDV-GfQnIZaXqs8ILenEfBqUgkCLhZgmZHXxgx2L9ZQPN1V7UuTCwPmFGRcYW4u4KsRlYdG46NUhgeVGUCHhgduPnd5rlZ_yii34m2CQjGfja29DnQNTxPtKG6W3g6zfbm0y0SvRQPULPV_8ehpHu7Pq2-i-4SPy",
        "stars": null,
        "rooms": null,
        "beds": null,
        "units": null,
        "capacity": null,
        "beach_access": null,
        "pool_available": null,
        "restaurant_available": null,
        "parking_available": null,
        "family_friendly": null,
        "status": null,
        "license_status": null,
        "operational_status": null,
        "ownership_type": null,
        "data_quality_status": "medium",
        "data_review_status": "integrated",
        "source_image_url": "https://lh3.googleusercontent.com/umsh/AN6v0v5lmRH1U10mz3L8FimVoCAXYbqpXtHXJNvJZ0LcwLhhH3QcP-nxg8a55FhQdI2cn4FaXdI0aLATMabqr5sQ8hsUqEzgLQ0b8c7TJs0upib3lRZZuM069cw8P9tI5sc9BJt2zUsgskCWgruXXrN1Ky3lVQjmCeV40jr_iQfrLaWxI2QKr6NSA9-gIYCMyAudoZD1uunh3g5FLW-3AOo-Y5IEULBqEYStBvfrMzUrBkZeRZjVfdx9sOdhIyegd37PR8bbaVAmynkpqYAtzVUVzkoasswvJe6LQZgWrTd8Lgh7kvBmfuHGSOQk3NKuWL8XHwZweHGdze7jW7EXp3nWZCqoZq1A6kokvjvVqrt09UGORo24VNVBGD3HQBJj3AfvYdLF0sWpTmVvEvH5MgXeZ_qIkXpPVhdh9AXOJFXdmkvyo5TuEWtUSbz45pFwz5VqVSFrpXbj1AxR2dbm7lUjqJZWzXNuf_FLy1RcLlmWl_oe1Od0KY8pWHGttUsHsjK9PPQoByHHvtNSLFnhohoaH3EVXaJOUqUZNpwD4wmlvJM4oETxHqKRDnRRixM5V87D6H2KF6ZNOSKsMxgRL0sAesf5EkoI9xmsjhlvz5mX7ehEtbBtaFlsxYMz4d37qn4bVBi3GPu2QLGyuTV-tmKGymVB5Va7ZY7VnU-PaVlm6I7jf3RKPA-TeSlwGftoIu41aDyGZJhYDVvOyR94qecKNVuzR3sf",
        "source_image_provider": "google_mymaps",
        "source_image_status": "temporary_google_url",
        "local_images": [],
        "image_count": 0,
        "created_at": "2026-08-06",
        "updated_at": "2026-08-06",
        "name_score": 1.0,
        "coordinate_score": 1.0,
        "classification_score": 1.0,
        "contact_score": 1.0,
        "capacity_score": 0.0,
        "services_score": 1.0,
        "image_score": 0.0,
        "completeness_score": 0.5,
        "overall_quality_score": 0.71,
        "data_completeness_percent": 50,
        "missing_fields": [
          "rooms",
          "beds",
          "units",
          "capacity",
          "license",
          "operation",
          "image"
        ],
        "match_status": "exact_match",
        "coordinate_review_status": "valid",
        "coordinate_change_reason": null,
        "original_coordinates": [
          14.614519,
          32.489638
        ]
      },
      "geometry": {
        "type": "Point",
        "coordinates": [
          14.614519,
          32.489638
        ]
      }
    },
    {
      "type": "Feature",
      "id": "LY-ACC-RES-ZLI-00002",
      "properties": {
        "id": "LY-ACC-RES-ZLI-00002",
        "name_ar": "قرية الهُزم السياحية",
        "name_en": "منتجع الهُزم السياحي Alhozm resorts",
        "name_normalized_ar": "قريهالهُزمالسياحيه",
        "translation_status": "source_provided",
        "category": "القرى والمنتجعات السياحية",
        "subcategory_ar": "قرية سياحية",
        "subcategory_en": "Tourist village",
        "facility_type_code": "tourist_village",
        "municipality_ar": "زليتن",
        "municipality_en": "Zliten",
        "city_ar": "زليتن",
        "city_en": "Zliten",
        "region_ar": "المرقب",
        "region_en": "Al Marqab",
        "address_ar": "التصنيف: منتجع ساحلي",
        "address_en": null,
        "longitude": 14.620055,
        "latitude": 32.489371,
        "source": "Tourist villages and resorts KML",
        "source_kml": "data/incoming/tourist-villages-resorts.kml",
        "source_record_index": 67,
        "description_ar": "الوصف:\nالاسم باللغة الانجليزية: منتجع الهُزم السياحي Alhozm resorts\nالعنوان/المدينة:\nالتصنيف: منتجع ساحلي\nمعلومات اخرى: منتجع سياحي فاخر يقدم مفهوم جديد في عالم السياحة\nالوصف: قرية الهُزم السياحية\nFJQ9+JR، زليتن\n+218 91-2032828\nالتصن قرية سياحية\nالمدي زليتن\nعدد_ا 15\nعدد 1 30\nعدد الشاليهات:\nعدد الاسرة:\nالخدمات المتوفرة:\nالاسعار:\nللحجز والاستفسار: 092-2032828\nاوقات العمل:\nالتقييمات والانطباعات:\n: منتجع الهُزم السياحي Alhozm resorts\n:\n: منتجع سياحي فاخر يقدم مفهوم جديد في عالم السياحة\n: قرية الهُزم السياحية\n: 092-2032828",
        "description_en": null,
        "phone": "092-2032828",
        "email": null,
        "website": "https://www.facebook.com/hozm.ly/ (https://www.facebook.com/hozm.ly/ ) https://l.facebook.com/l.php u https 3A 2F 2Ftiktok.com 2F 40alhozm&h AUBK6Otj26TvKaEYX9OLosNWlvuCI3RKoHQjHBJ2gmrr_2bDnSeoThZanO5_klUq2JONvBv7eTBb4i_8tFA5YUhRzPLDCWmGak3ZlrO01_2pmTKHJYkNJaM1DtJdadHgNEqDKBj2wI2X9KFzF-3M",
        "stars": null,
        "rooms": null,
        "beds": null,
        "units": null,
        "capacity": null,
        "beach_access": null,
        "pool_available": null,
        "restaurant_available": null,
        "parking_available": null,
        "family_friendly": null,
        "status": null,
        "license_status": null,
        "operational_status": null,
        "ownership_type": null,
        "data_quality_status": "medium",
        "data_review_status": "integrated",
        "source_image_url": "https://lh3.googleusercontent.com/umsh/AN6v0v7-C-rpElPZPQvxUfpDYp-VLGa9qrx-lolGX4KrsEbrH8b0nc_SA-DrhzhrGP2qw0tEtiXs76k_hBcHUpFqw1mqzG8R_VNJ5_orIbCpQ5W-ulVkRBFr4eUvOtsdYK8vVAv8NmghahK9P1VPI6kelzxpimrHOJTa9bXn4hBB8FgcOKXbZ4KFVe5MHIMpAxvaL7PkJUGPX6MFut9S6GSS4X8cOpvWIJ4bTlFMvjVa36glNWxR0Gq5mHh3v-byUBfl7U72lfHA2gHwLQvR8XxxCZyofkakaUBns6yupHJNgOUtTlokgr5mYfbPtcWyVG7uhYkyiBRd1KPAEAafbH6UJ93kHv7ec87DHrqNziQAKg816ikfMsYcNtg0StSHWEcVAYF376eo4b-U0scFDvp9ezcFQC5WftI0al_3xbnDTwVQT6-wH_eHfrjfUcf8RB5JAfNONzv2MjuTvYRJJ-Hxh2_wRwYq08NwoR07Ye9f7jrOJgYsJrWkxLA05Q3NKcOZCim_SIiy1pbXDPsvO7gD8Y0TzL2xn-gp57x_CLDQIMwh1Mkr46Sn-OA-Y07QdDPxKaWr6sVoHYC-VyAMAf-sy82ttZTnKNRC-MYoBO6KB2WYQ7-6pQBsgFZWiV0SQRGppahB4XK9F9DDaz1BvC9qebaP9Ts0kH9jAgbGQ8-F5ZpX1WVW6FKs3lGSrB2v60n70yvtz2H5wSG4TH5hx0zB5L1F3PnKuQ",
        "source_image_provider": "google_mymaps",
        "source_image_status": "temporary_google_url",
        "local_images": [],
        "image_count": 0,
        "created_at": "2026-08-06",
        "updated_at": "2026-08-06",
        "name_score": 1.0,
        "coordinate_score": 1.0,
        "classification_score": 1.0,
        "contact_score": 1.0,
        "capacity_score": 0.0,
        "services_score": 1.0,
        "image_score": 0.0,
        "completeness_score": 0.5,
        "overall_quality_score": 0.71,
        "data_completeness_percent": 50,
        "missing_fields": [
          "rooms",
          "beds",
          "units",
          "capacity",
          "license",
          "operation",
          "image"
        ],
        "match_status": "exact_match",
        "coordinate_review_status": "valid",
        "coordinate_change_reason": null,
        "original_coordinates": [
          14.620055,
          32.489371
        ]
      },
      "geometry": {
        "type": "Point",
        "coordinates": [
          14.620055,
          32.489371
        ]
      }
    },
    {
      "type": "Feature",
      "id": "LY-ACC-RES-MIS-00001",
      "properties": {
        "id": "LY-ACC-RES-MIS-00001",
        "name_ar": "منتجع الأمان السياحي",
        "name_en": "منتجع الأمان السياحي - Aman Tourist Resort",
        "name_normalized_ar": "منتجعالامانالسياحي",
        "translation_status": "source_provided",
        "category": "القرى والمنتجعات السياحية",
        "subcategory_ar": "منتجع سياحي",
        "subcategory_en": "Tourist resort",
        "facility_type_code": "tourist_resort",
        "municipality_ar": "مصراتة",
        "municipality_en": "Misrata",
        "city_ar": "مصراتة",
        "city_en": "Misrata",
        "region_ar": "مصراتة",
        "region_en": "Misrata",
        "address_ar": "طريق البحر Misurata Libya",
        "address_en": null,
        "longitude": 15.001973,
        "latitude": 32.413207,
        "source": "Tourist villages and resorts KML",
        "source_kml": "data/incoming/tourist-villages-resorts.kml",
        "source_record_index": 68,
        "description_ar": "الوصف:\nالاسم باللغة الانجليزية: منتجع الأمان السياحي - Aman Tourist Resort\nالعنوان/المدينة: طريق البحر Misurata Libya\nالتصنيف: منتجع فندقي\nمعلومات اخرى:\nالوصف: منتجع الأمان السياحي\nالمدي مصراتة\nعدد_ا 90\nعدد 1 737\nعدد الشاليهات:\nعدد الاسرة:\nالخدمات المتوفرة:\nالاسعار:\nللحجز والاستفسار: 091-6600031\nاوقات العمل:\nالتقييمات والانطباعات:\n: منتجع الأمان السياحي - Aman Tourist Resort\n: طريق البحر Misurata Libya\n:\n: منتجع الأمان السياحي\n: 091-6600031",
        "description_en": null,
        "phone": "091-6600031",
        "email": null,
        "website": "https://www.facebook.com/amanresort.ly/",
        "stars": null,
        "rooms": null,
        "beds": null,
        "units": null,
        "capacity": null,
        "beach_access": null,
        "pool_available": null,
        "restaurant_available": null,
        "parking_available": null,
        "family_friendly": null,
        "status": null,
        "license_status": null,
        "operational_status": null,
        "ownership_type": null,
        "data_quality_status": "medium",
        "data_review_status": "integrated",
        "source_image_url": "https://lh3.googleusercontent.com/umsh/AN6v0v4tLwbGsASsACY9R06Sd4XC69jZGgB0gjBLV45uc_RxJa2D7FNcGnoup_vm32Jn5Nj6NIpyWeeq7lYBL65a64LA1s68cQStWHA2pjwcF_E6XGW9MbZ7hT9uvo__i8kkNxSNMJb7sZY_qYOC7yY45tkfs1jlsHyVwdWfkmHpOvTh_HAEYZHC-PkDcba8sHThUTHz2vZdUZPBpor_GDAmYBEaJk04g20_7RUGebJ2Iw_tjh5-09tDY2TRyBjbh5M8XJC-V8J747Sb6hLvRqdrjMDDWMp86_I8HPRMA5Boft3HdFGmSt5Y0dQjTxeaQn_YtZ2daRWDFlvBUmB8v8lFvc8bW2H68V_G2r09YlsQDEjWf7jS8KTBnkerR_otlPEtiLgXpjgsgUKEHM00jxVfoJc8jnyNFcLpEtj1sIyy8zV-JnvAqh-kmTZLFgBVl0Fw7ZKR8Wu7j3Rp59-iSb1VXqwnVjK6HCkgxQlowG3NY6YXmbGdo9Y7qHX47iVavDuettCkyOMp87_q7NC2QPff-4rqdN5udKwvtWaaUCbOIyg2H-WiPahc01l5hoewlJuXrCE0loZQIzDvJj0ZQwxm7pHos7lNn11BSrPtvxvHlL6qt8SFmPEECu9mfC5vIpZfhq7-v81BWjbPZ0PYxvz-cqL5A7DuX9amw-TC4Tya2uv7h7aqolLQKeW3KrzPp9h4kbSR7jsbkHWV2k7J-dDbMoXJZkvEjA",
        "source_image_provider": "google_mymaps",
        "source_image_status": "temporary_google_url",
        "local_images": [],
        "image_count": 0,
        "created_at": "2026-08-06",
        "updated_at": "2026-08-06",
        "name_score": 1.0,
        "coordinate_score": 1.0,
        "classification_score": 1.0,
        "contact_score": 1.0,
        "capacity_score": 0.0,
        "services_score": 1.0,
        "image_score": 0.0,
        "completeness_score": 0.5,
        "overall_quality_score": 0.71,
        "data_completeness_percent": 50,
        "missing_fields": [
          "rooms",
          "beds",
          "units",
          "capacity",
          "license",
          "operation",
          "image"
        ],
        "match_status": "exact_match",
        "coordinate_review_status": "valid",
        "coordinate_change_reason": null,
        "original_coordinates": [
          15.001973,
          32.413207
        ]
      },
      "geometry": {
        "type": "Point",
        "coordinates": [
          15.001973,
          32.413207
        ]
      }
    },
    {
      "type": "Feature",
      "id": "LY-ACC-RES-MIS-00002",
      "properties": {
        "id": "LY-ACC-RES-MIS-00002",
        "name_ar": "منتجع مصراتة",
        "name_en": "منتجع مصراتة - Misurata Resort",
        "name_normalized_ar": "منتجعمصراته",
        "translation_status": "source_provided",
        "category": "القرى والمنتجعات السياحية",
        "subcategory_ar": "منتجع سياحي",
        "subcategory_en": "Tourist resort",
        "facility_type_code": "tourist_resort",
        "municipality_ar": "مصراتة",
        "municipality_en": "Misrata",
        "city_ar": "مصراتة",
        "city_en": "Misrata",
        "region_ar": "مصراتة",
        "region_en": "Misrata",
        "address_ar": "المدي مصراتة",
        "address_en": null,
        "longitude": 15.114877,
        "latitude": 32.405137,
        "source": "Tourist villages and resorts KML",
        "source_kml": "data/incoming/tourist-villages-resorts.kml",
        "source_record_index": 69,
        "description_ar": "الوصف:\nالاسم باللغة الانجليزية: منتجع مصراتة - Misurata Resort\nالعنوان/المدينة: المدي مصراتة\nالتصنيف: التصن منتجع سياحي\nمعلومات اخرى: منتجع مصراتة مساحة أمنة للزوار الكرام من العائلات والأطفال، يوجد بالمنتجع عدد من المرافق الخدمية والترفيهية لخدمة زبائننا\nالوصف: منتجع مصراتة\nعدد_ا 0\nعدد 1 0\nعدد الشاليهات:\nعدد الاسرة:\nالخدمات المتوفرة:\nالاسعار:\nللحجز والاستفسار: 092-0009122 wats\nاوقات العمل:\nالتقييمات والانطباعات:\n: منتجع مصراتة - Misurata Resort\n: المدي مصراتة\n:\n: منتجع مصراتة مساحة أمنة للزوار الكرام من العائلات والأطفال، يوجد بالمنتجع عدد من المرافق الخدمية والترفيهية لخدمة زبائننا\n: منتجع مصراتة\n: 092-0009122 wats",
        "description_en": null,
        "phone": "092-0009122 wats",
        "email": null,
        "website": "https://www.facebook.com/Misurata.Resort/",
        "stars": null,
        "rooms": null,
        "beds": null,
        "units": null,
        "capacity": null,
        "beach_access": null,
        "pool_available": null,
        "restaurant_available": null,
        "parking_available": null,
        "family_friendly": null,
        "status": null,
        "license_status": null,
        "operational_status": null,
        "ownership_type": null,
        "data_quality_status": "medium",
        "data_review_status": "integrated",
        "source_image_url": "https://lh3.googleusercontent.com/umsh/AN6v0v5yI87dRs-wy7vK4eWCv4mHuF9sXDnx64rU8GS2L_zDXtMBKWb5nejb0F3NViqMcEjtKQKF8pWVXZYfbhDhRqvkiw61vjmrjSlNLM5wA1NzpN-zAvCKg21lExz44JTsd4vvKDYPN2iq5wd4dIfagClFOJ7gX0o5UUb25kqvzx6bjzh09e_30rn1YPe6Cgj8RCRTXfWef8XTQe-T0pYCXQaBBYWKzyK3CMJP8u2mPp6VQJepX7_9GhyTS79GdkWiKYgq75RyAvTqCqfUA_d7Gb7RIQL7Jo-8JWnq87Nx5txtOnprbr8_BdYAZ2aGNXe_KZ0J_7GYX6tpc8M8iTIKtIYuacWa6khevgsxCt_iQm2h_riT2-Lh4fiCKUEoWYrFqrgPi5OAtfswwYclVFNXxwDTkYdlBuPaVLy3blJq8bjwjyGiGVokcYgWE38vzxLLiWj-KPbjlaAN2JmNqIBvK8IqVmS47Uj8kiG5O_yQKrPByTnLjU-0FGZUOMC5rD5Zm_njTRQXN3MqiPGL9vfkkXTBgaDKyj7tja_l4m3GGRqXs4S6lm42Ks3mBaq6Ke7979RFS9ja7Nsvw6fO3tv_kyFo_VC1pbMktgro2S93FNFng5mRzxhRRj4-oas8v36RZOqRVstIHIati9x5wr09_SGMVpGsQJrHDIubRaNQrCVEnxdhsqVNUfQDihK8bKJPpKJjKZ0siRmb_C88Q57yn3vVFsdy",
        "source_image_provider": "google_mymaps",
        "source_image_status": "temporary_google_url",
        "local_images": [],
        "image_count": 0,
        "created_at": "2026-08-06",
        "updated_at": "2026-08-06",
        "name_score": 1.0,
        "coordinate_score": 1.0,
        "classification_score": 1.0,
        "contact_score": 1.0,
        "capacity_score": 0.0,
        "services_score": 1.0,
        "image_score": 0.0,
        "completeness_score": 0.5,
        "overall_quality_score": 0.71,
        "data_completeness_percent": 50,
        "missing_fields": [
          "rooms",
          "beds",
          "units",
          "capacity",
          "license",
          "operation",
          "image"
        ],
        "match_status": "exact_match",
        "coordinate_review_status": "valid",
        "coordinate_change_reason": null,
        "original_coordinates": [
          15.114877,
          32.405137
        ]
      },
      "geometry": {
        "type": "Point",
        "coordinates": [
          15.114877,
          32.405137
        ]
      }
    },
    {
      "type": "Feature",
      "id": "LY-ACC-RES-MIS-00003",
      "properties": {
        "id": "LY-ACC-RES-MIS-00003",
        "name_ar": "منتجع فينيسيا/مصراتة",
        "name_en": "قرية فينيسيا السياحية مصراتة",
        "name_normalized_ar": "منتجعفينيسيامصراته",
        "translation_status": "source_provided",
        "category": "القرى والمنتجعات السياحية",
        "subcategory_ar": "منتجع سياحي",
        "subcategory_en": "Tourist resort",
        "facility_type_code": "tourist_resort",
        "municipality_ar": "مصراتة",
        "municipality_en": "Misrata",
        "city_ar": "مصراتة",
        "city_en": "Misrata",
        "region_ar": "مصراتة",
        "region_en": "Misrata",
        "address_ar": "المدي مصراتة",
        "address_en": null,
        "longitude": 15.030501,
        "latitude": 32.410642,
        "source": "Tourist villages and resorts KML",
        "source_kml": "data/incoming/tourist-villages-resorts.kml",
        "source_record_index": 70,
        "description_ar": "الوصف:\nالاسم باللغة الانجليزية: قرية فينيسيا السياحية مصراتة\nالعنوان/المدينة: المدي مصراتة\nالتصنيف: التصن منتجع سياحي\nمعلومات اخرى:\nالوصف: منتجع فينيسيا\nعدد_ا 0\nعدد 1 0\nعدد الشاليهات:\nعدد الاسرة:\nالخدمات المتوفرة:\nالاسعار:\nللحجز والاستفسار: 091-0912689\nاوقات العمل:\nالتقييمات والانطباعات:\n: قرية فينيسيا السياحية مصراتة\n: المدي مصراتة\n:\n: منتجع فينيسيا\n: 091-0912689",
        "description_en": null,
        "phone": "091-0912689",
        "email": null,
        "website": "https://www.facebook.com/VenesiaMisrata/ locale ar_AR",
        "stars": null,
        "rooms": null,
        "beds": null,
        "units": null,
        "capacity": null,
        "beach_access": null,
        "pool_available": null,
        "restaurant_available": null,
        "parking_available": null,
        "family_friendly": null,
        "status": null,
        "license_status": null,
        "operational_status": null,
        "ownership_type": null,
        "data_quality_status": "medium",
        "data_review_status": "integrated",
        "source_image_url": "https://lh3.googleusercontent.com/umsh/AN6v0v5ALB2tvv06FCYPKQLdxGtQA_F9FiQ2H1JFKUBuNFr3T0RAX-qhb7ibXuugPSfp6GSe3Tbja6_fmlrrap7Hd5uAeDSahd75uCd9pGD8-WV7X7nwdAqQv6uonHEx7OcUsxqQqd6lEDshOzvB-ZRfhx92WGpSz2r6qsNx3Uc6nGqOLcgd7NpM4sRaq5h7-w0YPLRFRizSVky5JOvxPgB9vXYdt8tb_vein6rLu98KvEJANHyWNtWrceYTPLfYTRlViOW8SilTazgfnRooIYjtC_D829SV83vPMa4QFiESw7BjavXlkzFzyk-JZ7wwTFrDXkr1eQCxiR105VkzpCFro4gIlnkHjOkneKkJLDdFSHeJLqzQ3sC2sL9-qNimJmAkNdyHpvViTbfRZs3ZvYVt4AN2_u6lY3KRKE9YhPTlRCkXn_qFBmwmQ3WNRbxU_41FR2lP2LJ2JOXu71Dcxqjm3fppTUYcXRcunU7QHDGY70EmgljZ-_UvR4-tR12UYq2DUw1ZVRA2vbBKxrNDdSqdNCoLpe1uPuPuqY55zsz38CPjxl-WQX7GYAlvCmmRHX4-vpre8H8er2yLfWkXqRiT4T7iePk8j0DQMxbFxjHYGIc-V_YzWHrfMpY8c8iP40PJY-w7DapD7rYQQc9co0308DvEGUAm6yLcZA7Qb9KY1d07uzrkYQwN5ehf1d4RJ_oudlJyrZSAFUWJJi5VxS1lQVjh1HW3BA",
        "source_image_provider": "google_mymaps",
        "source_image_status": "temporary_google_url",
        "local_images": [],
        "image_count": 0,
        "created_at": "2026-08-06",
        "updated_at": "2026-08-06",
        "name_score": 1.0,
        "coordinate_score": 1.0,
        "classification_score": 1.0,
        "contact_score": 1.0,
        "capacity_score": 0.0,
        "services_score": 1.0,
        "image_score": 0.0,
        "completeness_score": 0.5,
        "overall_quality_score": 0.71,
        "data_completeness_percent": 50,
        "missing_fields": [
          "rooms",
          "beds",
          "units",
          "capacity",
          "license",
          "operation",
          "image"
        ],
        "match_status": "exact_match",
        "coordinate_review_status": "valid",
        "coordinate_change_reason": null,
        "original_coordinates": [
          15.030501,
          32.410642
        ]
      },
      "geometry": {
        "type": "Point",
        "coordinates": [
          15.030501,
          32.410642
        ]
      }
    },
    {
      "type": "Feature",
      "id": "LY-ACC-RES-MIS-00004",
      "properties": {
        "id": "LY-ACC-RES-MIS-00004",
        "name_ar": "قرية زريق السياحية",
        "name_en": "قرية زريق للإستثمار السياحي / مصراتة",
        "name_normalized_ar": "قريهزريقالسياحيه",
        "translation_status": "source_provided",
        "category": "القرى والمنتجعات السياحية",
        "subcategory_ar": "قرية سياحية",
        "subcategory_en": "Tourist village",
        "facility_type_code": "tourist_village",
        "municipality_ar": "مصراتة",
        "municipality_en": "Misrata",
        "city_ar": "مصراتة",
        "city_en": "Misrata",
        "region_ar": "مصراتة",
        "region_en": "Misrata",
        "address_ar": "التصنيف: التصن قرية سياحية",
        "address_en": null,
        "longitude": 14.929789,
        "latitude": 32.431147,
        "source": "Tourist villages and resorts KML",
        "source_kml": "data/incoming/tourist-villages-resorts.kml",
        "source_record_index": 71,
        "description_ar": "الوصف:\nالاسم باللغة الانجليزية: قرية زريق للإستثمار السياحي / مصراتة\nالعنوان/المدينة:\nالتصنيف: التصن قرية سياحية\nمعلومات اخرى:\nالوصف: المدي مصراتة\nعدد_ا 24\nعدد 1 115\nعدد الشاليهات:\nعدد الاسرة:\nالخدمات المتوفرة:\nالاسعار:\nللحجز والاستفسار: 0915757755\nاوقات العمل:\nالتقييمات والانطباعات:\n: قرية زريق للإستثمار السياحي / مصراتة\n:\n: المدي مصراتة\n: 0915757755",
        "description_en": null,
        "phone": "0915757755",
        "email": null,
        "website": "https://www.facebook.com/p/ D9 82 D8 B1 D9 8A D8 A9- D8 B2 D8 B1 D9 8A D9 82- D9 84 D9 84 D8 A5 D8 B3 D8 AA D8 AB D9 85 D8 A7 D8 B1- D8 A7 D9 84 D8 B3 D9 8A D8 A7 D8 AD D9 8A- D9 85 D8 B5 D8 B1 D8 A7 D8 AA D8 A9-100069067751186/",
        "stars": null,
        "rooms": null,
        "beds": null,
        "units": null,
        "capacity": null,
        "beach_access": null,
        "pool_available": null,
        "restaurant_available": null,
        "parking_available": null,
        "family_friendly": null,
        "status": null,
        "license_status": null,
        "operational_status": null,
        "ownership_type": null,
        "data_quality_status": "medium",
        "data_review_status": "integrated",
        "source_image_url": "https://lh3.googleusercontent.com/umsh/AN6v0v4TqYwfsM88lK9FXwdniPXJuZAoalA_ptiO4FPWpUC_Nkvgk0Dh00_7muzEDVbNGQ23dx5Xb2yemMoBoYuyqhOQK1jPIM5dVQGe7giqcyIvXfXmmHEyzY1PbiGTEQ9AZ8DJD6OxEB7VM2AeDPSX4g0beALGWS2dM8ol6jaNUy8MiXhaq286LcFNBIaXLjNtLyf3afbegJTUg0MPSSIwNfmuKP2dlLPeUx3_4v3HU8tgF2KvDGS6UNIodWft5TWEysY31sH4Zmh44dWAi38NEQ-E9cwY-WRL5R3fl1oIZExmhYAQLNu3W65yuK3Bp7hJwN3dDUnsQU79PKKrrsj1vU_RYFrfVp3iZ47NE5g3M-ql-xwTVfWeFX69bcRN09iq7oj9_JkhuDCj0SXzNkUQE91ap84W1GSvxZ41mou_NGW2K23ZGCiT43-vSVzFsWXm2NL5Z2DnWtmsXEUrcYEa0uwl1S0c6LNJHh6j511c9TMOoYyYIugLiNUQtH_NCF5Z7DweNQbyvFimeliqsCypxbzD-L3aempR90NwSKZ42mkQSKNNUG9lt3qV1-UQ5iQ-5JH1L0mZMrWBkmbqvJ9Hzv3IdsUyqNtS_9egEUDiQRadP9zjvoObKIS56ZUJwy24AOGV7MmwZ_tkbPp9M8Rjo7wnNVm5xF8Tu4-dPErigpIeDlujOH9mdIzbp5lwpk6ISBfNkb_J95dv2t6WVMzgHL_gsDyR_w",
        "source_image_provider": "google_mymaps",
        "source_image_status": "temporary_google_url",
        "local_images": [],
        "image_count": 0,
        "created_at": "2026-08-06",
        "updated_at": "2026-08-06",
        "name_score": 1.0,
        "coordinate_score": 1.0,
        "classification_score": 1.0,
        "contact_score": 1.0,
        "capacity_score": 0.0,
        "services_score": 1.0,
        "image_score": 0.0,
        "completeness_score": 0.5,
        "overall_quality_score": 0.71,
        "data_completeness_percent": 50,
        "missing_fields": [
          "rooms",
          "beds",
          "units",
          "capacity",
          "license",
          "operation",
          "image"
        ],
        "match_status": "exact_match",
        "coordinate_review_status": "valid",
        "coordinate_change_reason": null,
        "original_coordinates": [
          14.929789,
          32.431147
        ]
      },
      "geometry": {
        "type": "Point",
        "coordinates": [
          14.929789,
          32.431147
        ]
      }
    },
    {
      "type": "Feature",
      "id": "LY-ACC-RES-NAT-00029",
      "properties": {
        "id": "LY-ACC-RES-NAT-00029",
        "name_ar": "حي قصور الضيافة_سرت",
        "name_en": "العنوان/المدينة:",
        "name_normalized_ar": "حيقصورالضيافه_سرت",
        "translation_status": "source_provided",
        "category": "القرى والمنتجعات السياحية",
        "subcategory_ar": "قرية سياحية",
        "subcategory_en": "Tourist village",
        "facility_type_code": "tourist_village",
        "municipality_ar": null,
        "municipality_en": null,
        "city_ar": null,
        "city_en": null,
        "region_ar": null,
        "region_en": null,
        "address_ar": "التصنيف:",
        "address_en": null,
        "longitude": 16.615275,
        "latitude": 31.207768,
        "source": "Tourist villages and resorts KML",
        "source_kml": "data/incoming/tourist-villages-resorts.kml",
        "source_record_index": 72,
        "description_ar": "الوصف:\nالاسم باللغة الانجليزية:\nالعنوان/المدينة:\nالتصنيف:\nمعلومات اخرى:\nالوصف: حي قصور الضيافة\nالتصن قرية سياحية\nالمدي سرت\nعدد_ا 171\nعدد 1 684\nعدد الشاليهات:\nعدد الاسرة:\nالخدمات المتوفرة:\nوسائل الاتصال:\nالاسعار:\nللحجز والاستفسار:\nاوقات العمل:\nالتقييمات والانطباعات:\n:\n: حي قصور الضيافة",
        "description_en": null,
        "phone": "اوقات العمل:",
        "email": null,
        "website": "الاسعار:",
        "stars": null,
        "rooms": null,
        "beds": null,
        "units": null,
        "capacity": null,
        "beach_access": null,
        "pool_available": null,
        "restaurant_available": null,
        "parking_available": null,
        "family_friendly": null,
        "status": null,
        "license_status": null,
        "operational_status": null,
        "ownership_type": null,
        "data_quality_status": "low",
        "data_review_status": "integrated",
        "source_image_url": "https://lh3.googleusercontent.com/umsh/AN6v0v4eGDcEnmpZPCYMdZq6uMfcaDVxelBY1Sz0FPUoHSq-nz3-Hnkm-pxqzMfzolU4l8ALem085lw4rqogv1_QJNmzmEtkbIKJbIOZnS75IswpVjB_1S5e1LuW0eOWa3m_LI13UlrheonrTIcRQ556DPB90p7AfozAM8U6_6bCeksyACvMvlalN1myu-XHu3_S4jMll0eTgLbBIBWj7VSfEQSGpV_WUe8oYpkh68l76w7CXTEVaTwxpiwoPY5jFVvq-jZNUAz-99lyWx_mljZW21fuxurXVHBGz5ai27iE51OIfm2NsCeOeINFp5Ib0Pg1zSwA5wLsNJE4SuKraO03FNv-hg3BIe5Ts32X-OCD6bJDSQ9XXKQAWJNI2a5bEIHH5P8bKgqREk2Z-zxpDHGoHnxrz-tN1mOA8IuCH-eGM0WAS8sem8JNJwwLw7RDCTvmZpHRxLe9L6TkJgFjsgR3We2fhYsgUgqDcacxEJswwnKVLEc-PfD-taJuOsiYJQGOfiy9fkHG0Zu-5-8TxPgHtg0F-dq3-ictspNLHx4elgolSnaHd0bpW-WMrRvxG2n_gxBQg_iyWPAOJNvXj6iQ_2JTqdafQ6jAJ8RZLCj6utyWKZtLms8Esg_uT29tP_Wg6WMe3tZZWoTn43-ejwPIik8EHmb4gDx0W6e-qtlZEgyrYKPF5nlJqI9_0vvnaH_26UM8n8UUVKTreDoNWhPWoC28X_KH8w",
        "source_image_provider": "google_mymaps",
        "source_image_status": "temporary_google_url",
        "local_images": [],
        "image_count": 0,
        "created_at": "2026-08-06",
        "updated_at": "2026-08-06",
        "name_score": 1.0,
        "coordinate_score": 1.0,
        "classification_score": 1.0,
        "contact_score": 1.0,
        "capacity_score": 0.0,
        "services_score": 1.0,
        "image_score": 0.0,
        "completeness_score": 0.43,
        "overall_quality_score": 0.71,
        "data_completeness_percent": 43,
        "missing_fields": [
          "municipality",
          "rooms",
          "beds",
          "units",
          "capacity",
          "license",
          "operation",
          "image"
        ],
        "match_status": "exact_match",
        "coordinate_review_status": "valid",
        "coordinate_change_reason": null,
        "original_coordinates": [
          16.615275,
          31.207768
        ]
      },
      "geometry": {
        "type": "Point",
        "coordinates": [
          16.615275,
          31.207768
        ]
      }
    },
    {
      "type": "Feature",
      "id": "LY-ACC-RES-BEN-00001",
      "properties": {
        "id": "LY-ACC-RES-BEN-00001",
        "name_ar": "شاليهات ريماس",
        "name_en": "العنوان/المدينة:",
        "name_normalized_ar": "شاليهاتريماس",
        "translation_status": "source_provided",
        "category": "القرى والمنتجعات السياحية",
        "subcategory_ar": "منشأة سياحية أخرى",
        "subcategory_en": "Other tourism accommodation",
        "facility_type_code": "accommodation_resort_other",
        "municipality_ar": "بنغازي",
        "municipality_en": "Benghazi",
        "city_ar": "بنغازي",
        "city_en": "Benghazi",
        "region_ar": "برقة",
        "region_en": "Cyrenaica",
        "address_ar": "التصنيف:",
        "address_en": null,
        "longitude": 19.949189,
        "latitude": 31.903168,
        "source": "Tourist villages and resorts KML",
        "source_kml": "data/incoming/tourist-villages-resorts.kml",
        "source_record_index": 73,
        "description_ar": "الوصف: الاسم باللغة الانجليزية:\nالعنوان/المدينة:\nالتصنيف:\nمعلومات اخرى:\nالوصف: شاليهات ريماس\nالتصن شالية سياحي\nالمدي بنغازي\nعدد_ا 90\nعدد 1 360\nعدد الشاليهات:\nعدد الاسرة:\nالخدمات المتوفرة:\nوسائل الاتصال:\nالاسعار:\nللحجز والاستفسار:\nاوقات العمل:\nالتقييمات والانطباعات:\n:\n: شاليهات ريماس",
        "description_en": null,
        "phone": "اوقات العمل:",
        "email": null,
        "website": "الاسعار:",
        "stars": null,
        "rooms": null,
        "beds": null,
        "units": null,
        "capacity": null,
        "beach_access": null,
        "pool_available": null,
        "restaurant_available": null,
        "parking_available": null,
        "family_friendly": null,
        "status": null,
        "license_status": null,
        "operational_status": null,
        "ownership_type": null,
        "data_quality_status": "medium",
        "data_review_status": "integrated",
        "source_image_url": null,
        "source_image_provider": null,
        "source_image_status": "no_image",
        "local_images": [],
        "image_count": 0,
        "created_at": "2026-08-06",
        "updated_at": "2026-08-06",
        "name_score": 1.0,
        "coordinate_score": 1.0,
        "classification_score": 0.65,
        "contact_score": 1.0,
        "capacity_score": 0.0,
        "services_score": 1.0,
        "image_score": 0.0,
        "completeness_score": 0.5,
        "overall_quality_score": 0.66,
        "data_completeness_percent": 50,
        "missing_fields": [
          "rooms",
          "beds",
          "units",
          "capacity",
          "license",
          "operation",
          "image"
        ],
        "match_status": "exact_match",
        "coordinate_review_status": "valid",
        "coordinate_change_reason": null,
        "original_coordinates": [
          19.949189,
          31.903168
        ]
      },
      "geometry": {
        "type": "Point",
        "coordinates": [
          19.949189,
          31.903168
        ]
      }
    },
    {
      "type": "Feature",
      "id": "LY-ACC-RES-BEN-00002",
      "properties": {
        "id": "LY-ACC-RES-BEN-00002",
        "name_ar": "قرية شاطيء النخيل",
        "name_en": "العنوان/المدينة:",
        "name_normalized_ar": "قريهشاطيءالنخيل",
        "translation_status": "source_provided",
        "category": "القرى والمنتجعات السياحية",
        "subcategory_ar": "قرية سياحية",
        "subcategory_en": "Tourist village",
        "facility_type_code": "tourist_village",
        "municipality_ar": "بنغازي",
        "municipality_en": "Benghazi",
        "city_ar": "بنغازي",
        "city_en": "Benghazi",
        "region_ar": "برقة",
        "region_en": "Cyrenaica",
        "address_ar": "التصنيف:",
        "address_en": null,
        "longitude": 19.954158,
        "latitude": 31.942865,
        "source": "Tourist villages and resorts KML",
        "source_kml": "data/incoming/tourist-villages-resorts.kml",
        "source_record_index": 74,
        "description_ar": "الوصف: الاسم باللغة الانجليزية:\nالعنوان/المدينة:\nالتصنيف:\nمعلومات اخرى:\nالوصف:\nقرية شاطيء النخيل\nFID 73\nField1 74\nإسم_ا قرية شاطيء النخيل\nX 19.954158\nY 31.942865\nالتصن قرية سياحية\nالمدي بنغازي\nعدد_ا 250\nعدد 1 1000\nعدد الشاليهات:\nعدد الاسرة:\nالخدمات المتوفرة:\nوسائل الاتصال:\nالاسعار:\nللحجز والاستفسار:\nاوقات العمل:\nالتقييمات والانطباعات:\n:\n: قرية شاطيء النخيل",
        "description_en": null,
        "phone": "اوقات العمل:",
        "email": null,
        "website": "الاسعار:",
        "stars": null,
        "rooms": null,
        "beds": null,
        "units": null,
        "capacity": null,
        "beach_access": null,
        "pool_available": null,
        "restaurant_available": null,
        "parking_available": null,
        "family_friendly": null,
        "status": null,
        "license_status": null,
        "operational_status": null,
        "ownership_type": null,
        "data_quality_status": "medium",
        "data_review_status": "integrated",
        "source_image_url": null,
        "source_image_provider": null,
        "source_image_status": "no_image",
        "local_images": [],
        "image_count": 0,
        "created_at": "2026-08-06",
        "updated_at": "2026-08-06",
        "name_score": 1.0,
        "coordinate_score": 1.0,
        "classification_score": 1.0,
        "contact_score": 1.0,
        "capacity_score": 0.0,
        "services_score": 1.0,
        "image_score": 0.0,
        "completeness_score": 0.5,
        "overall_quality_score": 0.71,
        "data_completeness_percent": 50,
        "missing_fields": [
          "rooms",
          "beds",
          "units",
          "capacity",
          "license",
          "operation",
          "image"
        ],
        "match_status": "exact_match",
        "coordinate_review_status": "valid",
        "coordinate_change_reason": null,
        "original_coordinates": [
          19.954158,
          31.942865
        ]
      },
      "geometry": {
        "type": "Point",
        "coordinates": [
          19.954158,
          31.942865
        ]
      }
    },
    {
      "type": "Feature",
      "id": "LY-ACC-RES-BEN-00003",
      "properties": {
        "id": "LY-ACC-RES-BEN-00003",
        "name_ar": "منتجع مارينا بنغازي السياحي",
        "name_en": "العنوان/المدينة:",
        "name_normalized_ar": "منتجعمارينابنغازيالسياحي",
        "translation_status": "source_provided",
        "category": "القرى والمنتجعات السياحية",
        "subcategory_ar": "قرية سياحية",
        "subcategory_en": "Tourist village",
        "facility_type_code": "tourist_village",
        "municipality_ar": "بنغازي",
        "municipality_en": "Benghazi",
        "city_ar": "بنغازي",
        "city_en": "Benghazi",
        "region_ar": "برقة",
        "region_en": "Cyrenaica",
        "address_ar": "التصنيف:",
        "address_en": null,
        "longitude": 19.959256,
        "latitude": 31.982998,
        "source": "Tourist villages and resorts KML",
        "source_kml": "data/incoming/tourist-villages-resorts.kml",
        "source_record_index": 75,
        "description_ar": "الوصف: الاسم باللغة الانجليزية:\nالعنوان/المدينة:\nالتصنيف:\nمعلومات اخرى:\nالوصف:\nمنتجع مارينا بنغازي السياحي\nFID 74\nField1 75\nإسم_ا منتجع مارينا بنغازي السياحي\nX 19.959256\nY 31.982998\nالتصن قرية سياحية\nالمدي بنغازي\nعدد_ا 160\nعدد 1 640\nعدد الشاليهات:\nعدد الاسرة:\nالخدمات المتوفرة:\nوسائل الاتصال:\nالاسعار:\nللحجز والاستفسار:\nاوقات العمل:\nالتقييمات والانطباعات:\n:\n: منتجع مارينا بنغازي السياحي",
        "description_en": null,
        "phone": "اوقات العمل:",
        "email": null,
        "website": "الاسعار:",
        "stars": null,
        "rooms": null,
        "beds": null,
        "units": null,
        "capacity": null,
        "beach_access": null,
        "pool_available": null,
        "restaurant_available": null,
        "parking_available": null,
        "family_friendly": null,
        "status": null,
        "license_status": null,
        "operational_status": null,
        "ownership_type": null,
        "data_quality_status": "medium",
        "data_review_status": "integrated",
        "source_image_url": null,
        "source_image_provider": null,
        "source_image_status": "no_image",
        "local_images": [],
        "image_count": 0,
        "created_at": "2026-08-06",
        "updated_at": "2026-08-06",
        "name_score": 1.0,
        "coordinate_score": 1.0,
        "classification_score": 1.0,
        "contact_score": 1.0,
        "capacity_score": 0.0,
        "services_score": 1.0,
        "image_score": 0.0,
        "completeness_score": 0.5,
        "overall_quality_score": 0.71,
        "data_completeness_percent": 50,
        "missing_fields": [
          "rooms",
          "beds",
          "units",
          "capacity",
          "license",
          "operation",
          "image"
        ],
        "match_status": "exact_match",
        "coordinate_review_status": "valid",
        "coordinate_change_reason": null,
        "original_coordinates": [
          19.959256,
          31.982998
        ]
      },
      "geometry": {
        "type": "Point",
        "coordinates": [
          19.959256,
          31.982998
        ]
      }
    },
    {
      "type": "Feature",
      "id": "LY-ACC-RES-BEN-00004",
      "properties": {
        "id": "LY-ACC-RES-BEN-00004",
        "name_ar": "منتجع الصفوة السياحي",
        "name_en": "العنوان/المدينة:",
        "name_normalized_ar": "منتجعالصفوهالسياحي",
        "translation_status": "source_provided",
        "category": "القرى والمنتجعات السياحية",
        "subcategory_ar": "قرية سياحية",
        "subcategory_en": "Tourist village",
        "facility_type_code": "tourist_village",
        "municipality_ar": "بنغازي",
        "municipality_en": "Benghazi",
        "city_ar": "بنغازي",
        "city_en": "Benghazi",
        "region_ar": "برقة",
        "region_en": "Cyrenaica",
        "address_ar": "التصنيف:",
        "address_en": null,
        "longitude": 19.964499,
        "latitude": 31.992255,
        "source": "Tourist villages and resorts KML",
        "source_kml": "data/incoming/tourist-villages-resorts.kml",
        "source_record_index": 76,
        "description_ar": "الوصف: الاسم باللغة الانجليزية:\nالعنوان/المدينة:\nالتصنيف:\nمعلومات اخرى:\nالوصف:\nمنتجع الصفوة السياحي\nFID 75\nField1 76\nإسم_ا منتجع الصفوة السياحي\nX 19.964499\nY 31.992255\nالتصن قرية سياحية\nالمدي بنغازي\nعدد_ا 18\nعدد 1 72\nعدد الشاليهات:\nعدد الاسرة:\nالخدمات المتوفرة:\nوسائل الاتصال:\nالاسعار:\nللحجز والاستفسار:\nاوقات العمل:\nالتقييمات والانطباعات:\n:\n: منتجع الصفوة السياحي",
        "description_en": null,
        "phone": "اوقات العمل:",
        "email": null,
        "website": "الاسعار:",
        "stars": null,
        "rooms": null,
        "beds": null,
        "units": null,
        "capacity": null,
        "beach_access": null,
        "pool_available": null,
        "restaurant_available": null,
        "parking_available": null,
        "family_friendly": null,
        "status": null,
        "license_status": null,
        "operational_status": null,
        "ownership_type": null,
        "data_quality_status": "medium",
        "data_review_status": "integrated",
        "source_image_url": null,
        "source_image_provider": null,
        "source_image_status": "no_image",
        "local_images": [],
        "image_count": 0,
        "created_at": "2026-08-06",
        "updated_at": "2026-08-06",
        "name_score": 1.0,
        "coordinate_score": 1.0,
        "classification_score": 1.0,
        "contact_score": 1.0,
        "capacity_score": 0.0,
        "services_score": 1.0,
        "image_score": 0.0,
        "completeness_score": 0.5,
        "overall_quality_score": 0.71,
        "data_completeness_percent": 50,
        "missing_fields": [
          "rooms",
          "beds",
          "units",
          "capacity",
          "license",
          "operation",
          "image"
        ],
        "match_status": "exact_match",
        "coordinate_review_status": "valid",
        "coordinate_change_reason": null,
        "original_coordinates": [
          19.964499,
          31.992255
        ]
      },
      "geometry": {
        "type": "Point",
        "coordinates": [
          19.964499,
          31.992255
        ]
      }
    },
    {
      "type": "Feature",
      "id": "LY-ACC-RES-BEN-00005",
      "properties": {
        "id": "LY-ACC-RES-BEN-00005",
        "name_ar": "منتجع ماربيلا السياحي",
        "name_en": "العنوان/المدينة:",
        "name_normalized_ar": "منتجعماربيلاالسياحي",
        "translation_status": "source_provided",
        "category": "القرى والمنتجعات السياحية",
        "subcategory_ar": "قرية سياحية",
        "subcategory_en": "Tourist village",
        "facility_type_code": "tourist_village",
        "municipality_ar": "بنغازي",
        "municipality_en": "Benghazi",
        "city_ar": "بنغازي",
        "city_en": "Benghazi",
        "region_ar": "برقة",
        "region_en": "Cyrenaica",
        "address_ar": "التصنيف:",
        "address_en": null,
        "longitude": 19.971313,
        "latitude": 31.993245,
        "source": "Tourist villages and resorts KML",
        "source_kml": "data/incoming/tourist-villages-resorts.kml",
        "source_record_index": 77,
        "description_ar": "الوصف: الاسم باللغة الانجليزية:\nالعنوان/المدينة:\nالتصنيف:\nمعلومات اخرى:\nالوصف:\nمنتجع ماربيلا السياحي\nFID 76\nField1 77\nإسم_ا منتجع ماربيلا السياحي\nX 19.971313\nY 31.993245\nالتصن قرية سياحية\nالمدي بنغازي\nعدد_ا 64\nعدد 1 256\nعدد الشاليهات:\nعدد الاسرة:\nالخدمات المتوفرة:\nوسائل الاتصال:\nالاسعار:\nللحجز والاستفسار:\nاوقات العمل:\nالتقييمات والانطباعات:\n:\n: منتجع ماربيلا السياحي",
        "description_en": null,
        "phone": "اوقات العمل:",
        "email": null,
        "website": "الاسعار:",
        "stars": null,
        "rooms": null,
        "beds": null,
        "units": null,
        "capacity": null,
        "beach_access": null,
        "pool_available": null,
        "restaurant_available": null,
        "parking_available": null,
        "family_friendly": null,
        "status": null,
        "license_status": null,
        "operational_status": null,
        "ownership_type": null,
        "data_quality_status": "medium",
        "data_review_status": "integrated",
        "source_image_url": null,
        "source_image_provider": null,
        "source_image_status": "no_image",
        "local_images": [],
        "image_count": 0,
        "created_at": "2026-08-06",
        "updated_at": "2026-08-06",
        "name_score": 1.0,
        "coordinate_score": 1.0,
        "classification_score": 1.0,
        "contact_score": 1.0,
        "capacity_score": 0.0,
        "services_score": 1.0,
        "image_score": 0.0,
        "completeness_score": 0.5,
        "overall_quality_score": 0.71,
        "data_completeness_percent": 50,
        "missing_fields": [
          "rooms",
          "beds",
          "units",
          "capacity",
          "license",
          "operation",
          "image"
        ],
        "match_status": "exact_match",
        "coordinate_review_status": "valid",
        "coordinate_change_reason": null,
        "original_coordinates": [
          19.971313,
          31.993245
        ]
      },
      "geometry": {
        "type": "Point",
        "coordinates": [
          19.971313,
          31.993245
        ]
      }
    },
    {
      "type": "Feature",
      "id": "LY-ACC-RES-BEN-00006",
      "properties": {
        "id": "LY-ACC-RES-BEN-00006",
        "name_ar": "مجمع الاصالة السياحي",
        "name_en": "العنوان/المدينة:",
        "name_normalized_ar": "مجمعالاصالهالسياحي",
        "translation_status": "source_provided",
        "category": "القرى والمنتجعات السياحية",
        "subcategory_ar": "قرية سياحية",
        "subcategory_en": "Tourist village",
        "facility_type_code": "tourist_village",
        "municipality_ar": "بنغازي",
        "municipality_en": "Benghazi",
        "city_ar": "بنغازي",
        "city_en": "Benghazi",
        "region_ar": "برقة",
        "region_en": "Cyrenaica",
        "address_ar": "التصنيف:",
        "address_en": null,
        "longitude": 19.974266,
        "latitude": 31.99976,
        "source": "Tourist villages and resorts KML",
        "source_kml": "data/incoming/tourist-villages-resorts.kml",
        "source_record_index": 78,
        "description_ar": "الوصف: الاسم باللغة الانجليزية:\nالعنوان/المدينة:\nالتصنيف:\nمعلومات اخرى:\nالوصف:\nمجمع الاصالة السياحي\nFID 77\nField1 78\nإسم_ا مجمع الاصالة السياحي\nX 19.974266\nY 31.99976\nالتصن قرية سياحية\nالمدي بنغازي\nعدد_ا 220\nعدد 1 880\nعدد الشاليهات:\nعدد الاسرة:\nالخدمات المتوفرة:\nوسائل الاتصال:\nالاسعار:\nللحجز والاستفسار:\nاوقات العمل:\nالتقييمات والانطباعات:\n:\n: مجمع الاصالة السياحي",
        "description_en": null,
        "phone": "اوقات العمل:",
        "email": null,
        "website": "الاسعار:",
        "stars": null,
        "rooms": null,
        "beds": null,
        "units": null,
        "capacity": null,
        "beach_access": null,
        "pool_available": null,
        "restaurant_available": null,
        "parking_available": null,
        "family_friendly": null,
        "status": null,
        "license_status": null,
        "operational_status": null,
        "ownership_type": null,
        "data_quality_status": "medium",
        "data_review_status": "integrated",
        "source_image_url": null,
        "source_image_provider": null,
        "source_image_status": "no_image",
        "local_images": [],
        "image_count": 0,
        "created_at": "2026-08-06",
        "updated_at": "2026-08-06",
        "name_score": 1.0,
        "coordinate_score": 1.0,
        "classification_score": 1.0,
        "contact_score": 1.0,
        "capacity_score": 0.0,
        "services_score": 1.0,
        "image_score": 0.0,
        "completeness_score": 0.5,
        "overall_quality_score": 0.71,
        "data_completeness_percent": 50,
        "missing_fields": [
          "rooms",
          "beds",
          "units",
          "capacity",
          "license",
          "operation",
          "image"
        ],
        "match_status": "exact_match",
        "coordinate_review_status": "valid",
        "coordinate_change_reason": null,
        "original_coordinates": [
          19.974266,
          31.99976
        ]
      },
      "geometry": {
        "type": "Point",
        "coordinates": [
          19.974266,
          31.99976
        ]
      }
    },
    {
      "type": "Feature",
      "id": "LY-ACC-RES-BEN-00007",
      "properties": {
        "id": "LY-ACC-RES-BEN-00007",
        "name_ar": "قرية الفاضل",
        "name_en": "العنوان/المدينة:",
        "name_normalized_ar": "قريهالفاضل",
        "translation_status": "source_provided",
        "category": "القرى والمنتجعات السياحية",
        "subcategory_ar": "قرية سياحية",
        "subcategory_en": "Tourist village",
        "facility_type_code": "tourist_village",
        "municipality_ar": "بنغازي",
        "municipality_en": "Benghazi",
        "city_ar": "بنغازي",
        "city_en": "Benghazi",
        "region_ar": "برقة",
        "region_en": "Cyrenaica",
        "address_ar": "التصنيف:",
        "address_en": null,
        "longitude": 20.009364,
        "latitude": 32.032708,
        "source": "Tourist villages and resorts KML",
        "source_kml": "data/incoming/tourist-villages-resorts.kml",
        "source_record_index": 79,
        "description_ar": "الوصف: الاسم باللغة الانجليزية:\nالعنوان/المدينة:\nالتصنيف:\nمعلومات اخرى:\nالوصف:\nقرية الفاضل\nFID 78\nField1 79\nإسم_ا قرية الفاضل\nX 20.009364\nY 32.032708\nالتصن قرية سياحية\nالمدي بنغازي\nعدد_ا 160\nعدد 1 640\nعدد الشاليهات:\nعدد الاسرة:\nالخدمات المتوفرة:\nوسائل الاتصال:\nالاسعار:\nللحجز والاستفسار:\nاوقات العمل:\nالتقييمات والانطباعات:\n:\n: قرية الفاضل",
        "description_en": null,
        "phone": "اوقات العمل:",
        "email": null,
        "website": "الاسعار:",
        "stars": null,
        "rooms": null,
        "beds": null,
        "units": null,
        "capacity": null,
        "beach_access": null,
        "pool_available": null,
        "restaurant_available": null,
        "parking_available": null,
        "family_friendly": null,
        "status": null,
        "license_status": null,
        "operational_status": null,
        "ownership_type": null,
        "data_quality_status": "medium",
        "data_review_status": "integrated",
        "source_image_url": null,
        "source_image_provider": null,
        "source_image_status": "no_image",
        "local_images": [],
        "image_count": 0,
        "created_at": "2026-08-06",
        "updated_at": "2026-08-06",
        "name_score": 1.0,
        "coordinate_score": 1.0,
        "classification_score": 1.0,
        "contact_score": 1.0,
        "capacity_score": 0.0,
        "services_score": 1.0,
        "image_score": 0.0,
        "completeness_score": 0.5,
        "overall_quality_score": 0.71,
        "data_completeness_percent": 50,
        "missing_fields": [
          "rooms",
          "beds",
          "units",
          "capacity",
          "license",
          "operation",
          "image"
        ],
        "match_status": "exact_match",
        "coordinate_review_status": "valid",
        "coordinate_change_reason": null,
        "original_coordinates": [
          20.009364,
          32.032708
        ]
      },
      "geometry": {
        "type": "Point",
        "coordinates": [
          20.009364,
          32.032708
        ]
      }
    },
    {
      "type": "Feature",
      "id": "LY-ACC-RES-BEN-00008",
      "properties": {
        "id": "LY-ACC-RES-BEN-00008",
        "name_ar": "منتجع الأسيل",
        "name_en": "العنوان/المدينة:",
        "name_normalized_ar": "منتجعالاسيل",
        "translation_status": "source_provided",
        "category": "القرى والمنتجعات السياحية",
        "subcategory_ar": "قرية سياحية",
        "subcategory_en": "Tourist village",
        "facility_type_code": "tourist_village",
        "municipality_ar": "بنغازي",
        "municipality_en": "Benghazi",
        "city_ar": "بنغازي",
        "city_en": "Benghazi",
        "region_ar": "برقة",
        "region_en": "Cyrenaica",
        "address_ar": "التصنيف:",
        "address_en": null,
        "longitude": 19.996643,
        "latitude": 32.01888,
        "source": "Tourist villages and resorts KML",
        "source_kml": "data/incoming/tourist-villages-resorts.kml",
        "source_record_index": 80,
        "description_ar": "الوصف: الاسم باللغة الانجليزية:\nالعنوان/المدينة:\nالتصنيف:\nمعلومات اخرى:\nالوصف:\nمنتجع الأسيل\nFID 79\nField1 80\nإسم_ا منتجع الأسيل\nX 19.996643\nY 32.01888\nالتصن قرية سياحية\nالمدي بنغازي\nعدد_ا 216\nعدد 1 864\nعدد الشاليهات:\nعدد الاسرة:\nالخدمات المتوفرة:\nوسائل الاتصال:\nالاسعار:\nللحجز والاستفسار:\nاوقات العمل:\nالتقييمات والانطباعات:\n:\n: منتجع الأسيل",
        "description_en": null,
        "phone": "اوقات العمل:",
        "email": null,
        "website": "الاسعار:",
        "stars": null,
        "rooms": null,
        "beds": null,
        "units": null,
        "capacity": null,
        "beach_access": null,
        "pool_available": null,
        "restaurant_available": null,
        "parking_available": null,
        "family_friendly": null,
        "status": null,
        "license_status": null,
        "operational_status": null,
        "ownership_type": null,
        "data_quality_status": "medium",
        "data_review_status": "integrated",
        "source_image_url": null,
        "source_image_provider": null,
        "source_image_status": "no_image",
        "local_images": [],
        "image_count": 0,
        "created_at": "2026-08-06",
        "updated_at": "2026-08-06",
        "name_score": 1.0,
        "coordinate_score": 1.0,
        "classification_score": 1.0,
        "contact_score": 1.0,
        "capacity_score": 0.0,
        "services_score": 1.0,
        "image_score": 0.0,
        "completeness_score": 0.5,
        "overall_quality_score": 0.71,
        "data_completeness_percent": 50,
        "missing_fields": [
          "rooms",
          "beds",
          "units",
          "capacity",
          "license",
          "operation",
          "image"
        ],
        "match_status": "exact_match",
        "coordinate_review_status": "valid",
        "coordinate_change_reason": null,
        "original_coordinates": [
          19.996643,
          32.01888
        ]
      },
      "geometry": {
        "type": "Point",
        "coordinates": [
          19.996643,
          32.01888
        ]
      }
    },
    {
      "type": "Feature",
      "id": "LY-ACC-RES-BEN-00009",
      "properties": {
        "id": "LY-ACC-RES-BEN-00009",
        "name_ar": "منتجع الماسة السياحي",
        "name_en": "العنوان/المدينة:",
        "name_normalized_ar": "منتجعالماسهالسياحي",
        "translation_status": "source_provided",
        "category": "القرى والمنتجعات السياحية",
        "subcategory_ar": "منشأة سياحية أخرى",
        "subcategory_en": "Other tourism accommodation",
        "facility_type_code": "accommodation_resort_other",
        "municipality_ar": "بنغازي",
        "municipality_en": "Benghazi",
        "city_ar": "بنغازي",
        "city_en": "Benghazi",
        "region_ar": "برقة",
        "region_en": "Cyrenaica",
        "address_ar": "التصنيف:",
        "address_en": null,
        "longitude": 20.137676,
        "latitude": 32.069522,
        "source": "Tourist villages and resorts KML",
        "source_kml": "data/incoming/tourist-villages-resorts.kml",
        "source_record_index": 81,
        "description_ar": "الوصف: الاسم باللغة الانجليزية:\nالعنوان/المدينة:\nالتصنيف:\nمعلومات اخرى:\nالوصف:\nمنتجع الماسة السياحي\nFID 80\nField1 81\nإسم_ا منتجع الماسة السياحي\nX 20.137676\nY 32.069522\nالتصن شالية سياحي\nالمدي بنغازي\nعدد_ا 20\nعدد 1 80\nعدد الشاليهات:\nعدد الاسرة:\nالخدمات المتوفرة:\nوسائل الاتصال:\nالاسعار:\nللحجز والاستفسار:\nاوقات العمل:\nالتقييمات والانطباعات:\n:\n: منتجع الماسة السياحي",
        "description_en": null,
        "phone": "اوقات العمل:",
        "email": null,
        "website": "الاسعار:",
        "stars": null,
        "rooms": null,
        "beds": null,
        "units": null,
        "capacity": null,
        "beach_access": null,
        "pool_available": null,
        "restaurant_available": null,
        "parking_available": null,
        "family_friendly": null,
        "status": null,
        "license_status": null,
        "operational_status": null,
        "ownership_type": null,
        "data_quality_status": "medium",
        "data_review_status": "integrated",
        "source_image_url": null,
        "source_image_provider": null,
        "source_image_status": "no_image",
        "local_images": [],
        "image_count": 0,
        "created_at": "2026-08-06",
        "updated_at": "2026-08-06",
        "name_score": 1.0,
        "coordinate_score": 1.0,
        "classification_score": 0.65,
        "contact_score": 1.0,
        "capacity_score": 0.0,
        "services_score": 1.0,
        "image_score": 0.0,
        "completeness_score": 0.5,
        "overall_quality_score": 0.66,
        "data_completeness_percent": 50,
        "missing_fields": [
          "rooms",
          "beds",
          "units",
          "capacity",
          "license",
          "operation",
          "image"
        ],
        "match_status": "exact_match",
        "coordinate_review_status": "valid",
        "coordinate_change_reason": null,
        "original_coordinates": [
          20.137676,
          32.069522
        ]
      },
      "geometry": {
        "type": "Point",
        "coordinates": [
          20.137676,
          32.069522
        ]
      }
    },
    {
      "type": "Feature",
      "id": "LY-ACC-RES-BEN-00010",
      "properties": {
        "id": "LY-ACC-RES-BEN-00010",
        "name_ar": "منتجع قاريونس العائلي",
        "name_en": "العنوان/المدينة:",
        "name_normalized_ar": "منتجعقاريونسالعايلي",
        "translation_status": "source_provided",
        "category": "القرى والمنتجعات السياحية",
        "subcategory_ar": "منتجع عائلي",
        "subcategory_en": "Family resort",
        "facility_type_code": "family_resort",
        "municipality_ar": "بنغازي",
        "municipality_en": "Benghazi",
        "city_ar": "بنغازي",
        "city_en": "Benghazi",
        "region_ar": "برقة",
        "region_en": "Cyrenaica",
        "address_ar": "التصنيف:",
        "address_en": null,
        "longitude": 20.039029,
        "latitude": 32.061734,
        "source": "Tourist villages and resorts KML",
        "source_kml": "data/incoming/tourist-villages-resorts.kml",
        "source_record_index": 82,
        "description_ar": "الوصف: الاسم باللغة الانجليزية:\nالعنوان/المدينة:\nالتصنيف:\nمعلومات اخرى:\nالوصف:\nمنتجع قاريونس العائلي\nFID 81\nField1 82\nإسم_ا منتجع قاريونس العائلي\nX 20.039029\nY 32.061734\nالتصن قرية سياحية\nالمدي بنغازي\nعدد_ا 580\nعدد 1 785\nعدد الشاليهات:\nعدد الاسرة:\nالخدمات المتوفرة:\nوسائل الاتصال:\nالاسعار:\nللحجز والاستفسار:\nاوقات العمل:\nالتقييمات والانطباعات:\n:\n: منتجع قاريونس العائلي",
        "description_en": null,
        "phone": "اوقات العمل:",
        "email": null,
        "website": "الاسعار:",
        "stars": null,
        "rooms": null,
        "beds": null,
        "units": null,
        "capacity": null,
        "beach_access": null,
        "pool_available": null,
        "restaurant_available": null,
        "parking_available": null,
        "family_friendly": null,
        "status": null,
        "license_status": null,
        "operational_status": null,
        "ownership_type": null,
        "data_quality_status": "medium",
        "data_review_status": "integrated",
        "source_image_url": null,
        "source_image_provider": null,
        "source_image_status": "no_image",
        "local_images": [],
        "image_count": 0,
        "created_at": "2026-08-06",
        "updated_at": "2026-08-06",
        "name_score": 1.0,
        "coordinate_score": 1.0,
        "classification_score": 1.0,
        "contact_score": 1.0,
        "capacity_score": 0.0,
        "services_score": 1.0,
        "image_score": 0.0,
        "completeness_score": 0.5,
        "overall_quality_score": 0.71,
        "data_completeness_percent": 50,
        "missing_fields": [
          "rooms",
          "beds",
          "units",
          "capacity",
          "license",
          "operation",
          "image"
        ],
        "match_status": "exact_match",
        "coordinate_review_status": "valid",
        "coordinate_change_reason": null,
        "original_coordinates": [
          20.039029,
          32.061734
        ]
      },
      "geometry": {
        "type": "Point",
        "coordinates": [
          20.039029,
          32.061734
        ]
      }
    },
    {
      "type": "Feature",
      "id": "LY-ACC-RES-BEN-00011",
      "properties": {
        "id": "LY-ACC-RES-BEN-00011",
        "name_ar": "منتجع النخلة الذهبية",
        "name_en": "العنوان/المدينة:",
        "name_normalized_ar": "منتجعالنخلهالذهبيه",
        "translation_status": "source_provided",
        "category": "القرى والمنتجعات السياحية",
        "subcategory_ar": "قرية سياحية",
        "subcategory_en": "Tourist village",
        "facility_type_code": "tourist_village",
        "municipality_ar": "بنغازي",
        "municipality_en": "Benghazi",
        "city_ar": "بنغازي",
        "city_en": "Benghazi",
        "region_ar": "برقة",
        "region_en": "Cyrenaica",
        "address_ar": "التصنيف:",
        "address_en": null,
        "longitude": 20.040787,
        "latitude": 32.069285,
        "source": "Tourist villages and resorts KML",
        "source_kml": "data/incoming/tourist-villages-resorts.kml",
        "source_record_index": 83,
        "description_ar": "الوصف: الاسم باللغة الانجليزية:\nالعنوان/المدينة:\nالتصنيف:\nمعلومات اخرى:\nالوصف:\nمنتجع النخلة الذهبية\nFID 82\nField1 83\nإسم_ا منتجع النخلة الذهبية\nX 20.040787\nY 32.069285\nالتصن قرية سياحية\nالمدي بنغازي\nعدد_ا 18\nعدد 1 72\nعدد الشاليهات:\nعدد الاسرة:\nالخدمات المتوفرة:\nوسائل الاتصال:\nالاسعار:\nللحجز والاستفسار:\nاوقات العمل:\nالتقييمات والانطباعات:\n:\n: منتجع النخلة الذهبية",
        "description_en": null,
        "phone": "اوقات العمل:",
        "email": null,
        "website": "الاسعار:",
        "stars": null,
        "rooms": null,
        "beds": null,
        "units": null,
        "capacity": null,
        "beach_access": null,
        "pool_available": null,
        "restaurant_available": null,
        "parking_available": null,
        "family_friendly": null,
        "status": null,
        "license_status": null,
        "operational_status": null,
        "ownership_type": null,
        "data_quality_status": "medium",
        "data_review_status": "integrated",
        "source_image_url": null,
        "source_image_provider": null,
        "source_image_status": "no_image",
        "local_images": [],
        "image_count": 0,
        "created_at": "2026-08-06",
        "updated_at": "2026-08-06",
        "name_score": 1.0,
        "coordinate_score": 1.0,
        "classification_score": 1.0,
        "contact_score": 1.0,
        "capacity_score": 0.0,
        "services_score": 1.0,
        "image_score": 0.0,
        "completeness_score": 0.5,
        "overall_quality_score": 0.71,
        "data_completeness_percent": 50,
        "missing_fields": [
          "rooms",
          "beds",
          "units",
          "capacity",
          "license",
          "operation",
          "image"
        ],
        "match_status": "exact_match",
        "coordinate_review_status": "valid",
        "coordinate_change_reason": null,
        "original_coordinates": [
          20.040787,
          32.069285
        ]
      },
      "geometry": {
        "type": "Point",
        "coordinates": [
          20.040787,
          32.069285
        ]
      }
    },
    {
      "type": "Feature",
      "id": "LY-ACC-RES-BEN-00012",
      "properties": {
        "id": "LY-ACC-RES-BEN-00012",
        "name_ar": "منتجع فايا لارجو",
        "name_en": "العنوان/المدينة:",
        "name_normalized_ar": "منتجعفايالارجو",
        "translation_status": "source_provided",
        "category": "القرى والمنتجعات السياحية",
        "subcategory_ar": "قرية سياحية",
        "subcategory_en": "Tourist village",
        "facility_type_code": "tourist_village",
        "municipality_ar": "بنغازي",
        "municipality_en": "Benghazi",
        "city_ar": "بنغازي",
        "city_en": "Benghazi",
        "region_ar": "برقة",
        "region_en": "Cyrenaica",
        "address_ar": "التصنيف:",
        "address_en": null,
        "longitude": 20.042231,
        "latitude": 32.07227,
        "source": "Tourist villages and resorts KML",
        "source_kml": "data/incoming/tourist-villages-resorts.kml",
        "source_record_index": 84,
        "description_ar": "الوصف: الاسم باللغة الانجليزية:\nالعنوان/المدينة:\nالتصنيف:\nمعلومات اخرى:\nالوصف: منتجع فايا لارجو\nالتصن قرية سياحية\nالمدي بنغازي\nعدد_ا 203\nعدد 1 812\nعدد الشاليهات:\nعدد الاسرة:\nالخدمات المتوفرة:\nوسائل الاتصال:\nالاسعار:\nللحجز والاستفسار:\nاوقات العمل:\nالتقييمات والانطباعات:\n:\n: منتجع فايا لارجو",
        "description_en": null,
        "phone": "اوقات العمل:",
        "email": null,
        "website": "الاسعار:",
        "stars": null,
        "rooms": null,
        "beds": null,
        "units": null,
        "capacity": null,
        "beach_access": null,
        "pool_available": null,
        "restaurant_available": null,
        "parking_available": null,
        "family_friendly": null,
        "status": null,
        "license_status": null,
        "operational_status": null,
        "ownership_type": null,
        "data_quality_status": "medium",
        "data_review_status": "integrated",
        "source_image_url": null,
        "source_image_provider": null,
        "source_image_status": "no_image",
        "local_images": [],
        "image_count": 0,
        "created_at": "2026-08-06",
        "updated_at": "2026-08-06",
        "name_score": 1.0,
        "coordinate_score": 1.0,
        "classification_score": 1.0,
        "contact_score": 1.0,
        "capacity_score": 0.0,
        "services_score": 1.0,
        "image_score": 0.0,
        "completeness_score": 0.5,
        "overall_quality_score": 0.71,
        "data_completeness_percent": 50,
        "missing_fields": [
          "rooms",
          "beds",
          "units",
          "capacity",
          "license",
          "operation",
          "image"
        ],
        "match_status": "exact_match",
        "coordinate_review_status": "valid",
        "coordinate_change_reason": null,
        "original_coordinates": [
          20.042231,
          32.07227
        ]
      },
      "geometry": {
        "type": "Point",
        "coordinates": [
          20.042231,
          32.07227
        ]
      }
    },
    {
      "type": "Feature",
      "id": "LY-ACC-RES-BEN-00013",
      "properties": {
        "id": "LY-ACC-RES-BEN-00013",
        "name_ar": "قرية قمرت السياحية",
        "name_en": "العنوان/المدينة:",
        "name_normalized_ar": "قريهقمرتالسياحيه",
        "translation_status": "source_provided",
        "category": "القرى والمنتجعات السياحية",
        "subcategory_ar": "قرية سياحية",
        "subcategory_en": "Tourist village",
        "facility_type_code": "tourist_village",
        "municipality_ar": "بنغازي",
        "municipality_en": "Benghazi",
        "city_ar": "بنغازي",
        "city_en": "Benghazi",
        "region_ar": "برقة",
        "region_en": "Cyrenaica",
        "address_ar": "التصنيف:",
        "address_en": null,
        "longitude": 20.212382,
        "latitude": 32.278478,
        "source": "Tourist villages and resorts KML",
        "source_kml": "data/incoming/tourist-villages-resorts.kml",
        "source_record_index": 85,
        "description_ar": "الوصف:\nالاسم باللغة الانجليزية:\nالعنوان/المدينة:\nالتصنيف:\nمعلومات اخرى:\nالوصف: قرية قمرت السياحية\nالتصن قرية سياحية\nالمدي بنغازي\nعدد_ا 167\nعدد 1 660\nعدد الشاليهات:\nعدد الاسرة:\nالخدمات المتوفرة:\nوسائل الاتصال:\nالاسعار:\nللحجز والاستفسار:\nاوقات العمل:\nالتقييمات والانطباعات:\n:\n: قرية قمرت السياحية",
        "description_en": null,
        "phone": "اوقات العمل:",
        "email": null,
        "website": "الاسعار:",
        "stars": null,
        "rooms": null,
        "beds": null,
        "units": null,
        "capacity": null,
        "beach_access": null,
        "pool_available": null,
        "restaurant_available": null,
        "parking_available": null,
        "family_friendly": null,
        "status": null,
        "license_status": null,
        "operational_status": null,
        "ownership_type": null,
        "data_quality_status": "medium",
        "data_review_status": "integrated",
        "source_image_url": "https://lh3.googleusercontent.com/umsh/AN6v0v7u06bOEcCxNL9vZDisAth_x-dxK8RxieB-IofRIglJnzPGavzwmGzKvpXE9xsZ5AzhtKH7NuP5LMnARuq7HQQXRcN2HBWw0GB6gEUEBY_mUIrUkvr0_pVF9oHn_4SXiiPsmfp98YShDZqUGedVI656Pk3bSaJJ3oLwDksfSXal1VOuFgnjbhm0Kuu2d6-4xzK4BbDFgassMLk5oPgHC-Tcmjk7kfyfws7B2FXrFbIuv7R2u_MMfQGjaa8-YpKsRRa-iUQF9kkgveC1PwQUgnMvDvnOTxdijkg3cF46cKWs2J_kvlFkIsa7Ytlag_reQnUyBZc5DH8TtJ2_BFlbqINzt8SQSIINO0S4MiX0vlTPkfBdbinMqodKNqBdJq9ZRbyGCB4ZcT2X1-5GHFh47VU_uJm8gQ96xpJeXGDTdZMirmUmCcJxnZCwzk0xIp_hAwUovVLQtC_IPeO_BERo1uINuBoCLKQcVykA8HVaKwLcf2BtoXRZN8lUlb22udOSUcCG2HD01zlUqkAwsqangeg9OgQvJvq_JBaVqhZBbPpX77nG-SWr773Efcn9yFicRiR531XVo8Lvph9zjaZUhoSpvk11xDiHzRhu0ypfaF3OnQ0cdluRsATYWSN8TRpwr-JFfyVbgjfH43czgGro0LsPVH70Snuh0d7Kh_Qh9lTkf7rUf_TwhOrEi7avGdurfxC1GpExPkaTDPOJwfSmbSP_h8PZ",
        "source_image_provider": "google_mymaps",
        "source_image_status": "temporary_google_url",
        "local_images": [],
        "image_count": 0,
        "created_at": "2026-08-06",
        "updated_at": "2026-08-06",
        "name_score": 1.0,
        "coordinate_score": 1.0,
        "classification_score": 1.0,
        "contact_score": 1.0,
        "capacity_score": 0.0,
        "services_score": 1.0,
        "image_score": 0.0,
        "completeness_score": 0.5,
        "overall_quality_score": 0.71,
        "data_completeness_percent": 50,
        "missing_fields": [
          "rooms",
          "beds",
          "units",
          "capacity",
          "license",
          "operation",
          "image"
        ],
        "match_status": "exact_match",
        "coordinate_review_status": "valid",
        "coordinate_change_reason": null,
        "original_coordinates": [
          20.212382,
          32.278478
        ]
      },
      "geometry": {
        "type": "Point",
        "coordinates": [
          20.212382,
          32.278478
        ]
      }
    },
    {
      "type": "Feature",
      "id": "LY-ACC-RES-NAT-00030",
      "properties": {
        "id": "LY-ACC-RES-NAT-00030",
        "name_ar": "منتجع التلال الحمامة",
        "name_en": "العنوان/المدينة:",
        "name_normalized_ar": "منتجعالتلالالحمامه",
        "translation_status": "source_provided",
        "category": "القرى والمنتجعات السياحية",
        "subcategory_ar": "منتجع سياحي",
        "subcategory_en": "Tourist resort",
        "facility_type_code": "tourist_resort",
        "municipality_ar": null,
        "municipality_en": null,
        "city_ar": null,
        "city_en": null,
        "region_ar": null,
        "region_en": null,
        "address_ar": "التصنيف:",
        "address_en": null,
        "longitude": 21.615861,
        "latitude": 32.911311,
        "source": "Tourist villages and resorts KML",
        "source_kml": "data/incoming/tourist-villages-resorts.kml",
        "source_record_index": 86,
        "description_ar": "الوصف: الاسم باللغة الانجليزية:\nالعنوان/المدينة:\nالتصنيف:\nمعلومات اخرى:\nالوصف:\nمنتجع التلال الحمامة\nFID 85\nField1 86\nإسم_ا منتجع التلال الحمامة\nX 21.615861\nY 32.911311\nالتصن منتجع سياحي\nالمدي الحمامة\nعدد_ا 0\nعدد 1 0\nعدد الشاليهات:\nعدد الاسرة:\nالخدمات المتوفرة:\nوسائل الاتصال:\nالاسعار:\nللحجز والاستفسار:\nاوقات العمل:\nالتقييمات والانطباعات:\n:\n: منتجع التلال الحمامة",
        "description_en": null,
        "phone": "اوقات العمل:",
        "email": null,
        "website": "الاسعار:",
        "stars": null,
        "rooms": null,
        "beds": null,
        "units": null,
        "capacity": null,
        "beach_access": null,
        "pool_available": null,
        "restaurant_available": null,
        "parking_available": null,
        "family_friendly": null,
        "status": null,
        "license_status": null,
        "operational_status": null,
        "ownership_type": null,
        "data_quality_status": "low",
        "data_review_status": "integrated",
        "source_image_url": null,
        "source_image_provider": null,
        "source_image_status": "no_image",
        "local_images": [],
        "image_count": 0,
        "created_at": "2026-08-06",
        "updated_at": "2026-08-06",
        "name_score": 1.0,
        "coordinate_score": 1.0,
        "classification_score": 1.0,
        "contact_score": 1.0,
        "capacity_score": 0.0,
        "services_score": 1.0,
        "image_score": 0.0,
        "completeness_score": 0.43,
        "overall_quality_score": 0.71,
        "data_completeness_percent": 43,
        "missing_fields": [
          "municipality",
          "rooms",
          "beds",
          "units",
          "capacity",
          "license",
          "operation",
          "image"
        ],
        "match_status": "exact_match",
        "coordinate_review_status": "valid",
        "coordinate_change_reason": null,
        "original_coordinates": [
          21.615861,
          32.911311
        ]
      },
      "geometry": {
        "type": "Point",
        "coordinates": [
          21.615861,
          32.911311
        ]
      }
    },
    {
      "type": "Feature",
      "id": "LY-ACC-RES-NAT-00031",
      "properties": {
        "id": "LY-ACC-RES-NAT-00031",
        "name_ar": "منتجع الجراري السياحي - للعائلات",
        "name_en": "العنوان/المدينة:",
        "name_normalized_ar": "منتجعالجراريالسياحيللعايلات",
        "translation_status": "source_provided",
        "category": "القرى والمنتجعات السياحية",
        "subcategory_ar": "منتجع عائلي",
        "subcategory_en": "Family resort",
        "facility_type_code": "family_resort",
        "municipality_ar": null,
        "municipality_en": null,
        "city_ar": null,
        "city_en": null,
        "region_ar": null,
        "region_en": null,
        "address_ar": "التصنيف:",
        "address_en": null,
        "longitude": 21.604209,
        "latitude": 32.905579,
        "source": "Tourist villages and resorts KML",
        "source_kml": "data/incoming/tourist-villages-resorts.kml",
        "source_record_index": 87,
        "description_ar": "الوصف:\nالاسم باللغة الانجليزية:\nالعنوان/المدينة:\nالتصنيف:\nمعلومات اخرى:\nالوصف: منتجع الجراري السياحي - للعائلات\nالتصن منتجع سياحي\nالمدي الحمامة\nعدد_ا 12\nعدد 1 48\nعدد الشاليهات:\nعدد الاسرة:\nالخدمات المتوفرة:\nوسائل الاتصال:\nالاسعار:\nللحجز والاستفسار:\nاوقات العمل:\nالتقييمات والانطباعات:\n:\n: منتجع الجراري السياحي - للعائلات",
        "description_en": null,
        "phone": "اوقات العمل:",
        "email": null,
        "website": "الاسعار:",
        "stars": null,
        "rooms": null,
        "beds": null,
        "units": null,
        "capacity": null,
        "beach_access": null,
        "pool_available": null,
        "restaurant_available": null,
        "parking_available": null,
        "family_friendly": null,
        "status": null,
        "license_status": null,
        "operational_status": null,
        "ownership_type": null,
        "data_quality_status": "low",
        "data_review_status": "integrated",
        "source_image_url": "https://lh3.googleusercontent.com/umsh/AN6v0v7czdgeZFOAoCrDrGTjuakpL-tfzdGQzP50yFUAuVIhPWAaWi81HNOqD2DBOF6I1EPe51_SQXi7foh9EGbC4ju52PGnI_aO17xUOabzaXGvXp_Zi_wKZc16CPm6wGzhWZw9lPq9ml7MP3IKHq3tjZzc84GjyxG4H_7ZokSOG0wF-TrR5LCsXRqguiHLcJeYX28rZztKO32MJ-4_l_4Xiabm2s1-CDES3ttvsYAsw-3R0LCBtLQJWso7JLkIP6vAczMdgBbWXZ2t_mys8IACV2MOAwBwVNTXfG9TK6luhpnf8uBhfFQ7d8mETZbF_lUUVihWZViSLDEdtTXG4OngMxoNwJdC-8BbZdDULtYw4R_TSZMJ0ryhV7hP4f5jlOXpMI-czAK9Y72uMsmEsplELq2exqgaQm1mG06s4sSywBUmU526cnnWRQxUqpea6hSvHLzmg9CAQsGEW1YFRMmKB5IoWcrgfEFZdCi8E4dDm2BrBYRKFSjwIBNaHPImcVDKjbrsZvgdPqdJJtwuWrp1OYuSiHLabL3PoDBt_uvowtdZ9geXS_-9161DClTcvfyjOWyqErFeUayVgI5ha_77vzvayzIhxjkScC0F3ISObk37ibrFSMHhwAeCR6cRsO0bjaRIcM0snSwegBuFxZKGVzvaw4SJgd0ws4Z20OE_ymWlQdSIbV68VqpmOZTCALEFrNVy7bRld0pd9oeHSsIibmcFwCjKYA",
        "source_image_provider": "google_mymaps",
        "source_image_status": "temporary_google_url",
        "local_images": [],
        "image_count": 0,
        "created_at": "2026-08-06",
        "updated_at": "2026-08-06",
        "name_score": 1.0,
        "coordinate_score": 1.0,
        "classification_score": 1.0,
        "contact_score": 1.0,
        "capacity_score": 0.0,
        "services_score": 1.0,
        "image_score": 0.0,
        "completeness_score": 0.43,
        "overall_quality_score": 0.71,
        "data_completeness_percent": 43,
        "missing_fields": [
          "municipality",
          "rooms",
          "beds",
          "units",
          "capacity",
          "license",
          "operation",
          "image"
        ],
        "match_status": "exact_match",
        "coordinate_review_status": "valid",
        "coordinate_change_reason": null,
        "original_coordinates": [
          21.604209,
          32.905579
        ]
      },
      "geometry": {
        "type": "Point",
        "coordinates": [
          21.604209,
          32.905579
        ]
      }
    },
    {
      "type": "Feature",
      "id": "LY-ACC-RES-NAT-00032",
      "properties": {
        "id": "LY-ACC-RES-NAT-00032",
        "name_ar": "منتجع ومصيف الحمامة",
        "name_en": "العنوان/المدينة:",
        "name_normalized_ar": "منتجعومصيفالحمامه",
        "translation_status": "source_provided",
        "category": "القرى والمنتجعات السياحية",
        "subcategory_ar": "منتجع سياحي",
        "subcategory_en": "Tourist resort",
        "facility_type_code": "tourist_resort",
        "municipality_ar": null,
        "municipality_en": null,
        "city_ar": null,
        "city_en": null,
        "region_ar": null,
        "region_en": null,
        "address_ar": "التصنيف:",
        "address_en": null,
        "longitude": 21.621093,
        "latitude": 32.916555,
        "source": "Tourist villages and resorts KML",
        "source_kml": "data/incoming/tourist-villages-resorts.kml",
        "source_record_index": 88,
        "description_ar": "الوصف: الاسم باللغة الانجليزية:\nالعنوان/المدينة:\nالتصنيف:\nمعلومات اخرى:\nالوصف: منتجع ومصيف الحمامة\nالتصن منتجع سياحي\nالمدي الحمامة\nعدد_ا 20\nعدد 1 80\nعدد الشاليهات:\nعدد الاسرة:\nالخدمات المتوفرة:\nوسائل الاتصال:\nالاسعار:\nللحجز والاستفسار:\nاوقات العمل:\nالتقييمات والانطباعات:\n:\n: منتجع ومصيف الحمامة",
        "description_en": null,
        "phone": "اوقات العمل:",
        "email": null,
        "website": "الاسعار:",
        "stars": null,
        "rooms": null,
        "beds": null,
        "units": null,
        "capacity": null,
        "beach_access": null,
        "pool_available": null,
        "restaurant_available": null,
        "parking_available": null,
        "family_friendly": null,
        "status": null,
        "license_status": null,
        "operational_status": null,
        "ownership_type": null,
        "data_quality_status": "low",
        "data_review_status": "integrated",
        "source_image_url": null,
        "source_image_provider": null,
        "source_image_status": "no_image",
        "local_images": [],
        "image_count": 0,
        "created_at": "2026-08-06",
        "updated_at": "2026-08-06",
        "name_score": 1.0,
        "coordinate_score": 1.0,
        "classification_score": 1.0,
        "contact_score": 1.0,
        "capacity_score": 0.0,
        "services_score": 1.0,
        "image_score": 0.0,
        "completeness_score": 0.43,
        "overall_quality_score": 0.71,
        "data_completeness_percent": 43,
        "missing_fields": [
          "municipality",
          "rooms",
          "beds",
          "units",
          "capacity",
          "license",
          "operation",
          "image"
        ],
        "match_status": "exact_match",
        "coordinate_review_status": "valid",
        "coordinate_change_reason": null,
        "original_coordinates": [
          21.621093,
          32.916555
        ]
      },
      "geometry": {
        "type": "Point",
        "coordinates": [
          21.621093,
          32.916555
        ]
      }
    },
    {
      "type": "Feature",
      "id": "LY-ACC-RES-NAT-00033",
      "properties": {
        "id": "LY-ACC-RES-NAT-00033",
        "name_ar": "قرية إيلاف السياحية",
        "name_en": "العنوان/المدينة:",
        "name_normalized_ar": "قريهايلافالسياحيه",
        "translation_status": "source_provided",
        "category": "القرى والمنتجعات السياحية",
        "subcategory_ar": "قرية سياحية",
        "subcategory_en": "Tourist village",
        "facility_type_code": "tourist_village",
        "municipality_ar": null,
        "municipality_en": null,
        "city_ar": null,
        "city_en": null,
        "region_ar": null,
        "region_en": null,
        "address_ar": "التصنيف:",
        "address_en": null,
        "longitude": 20.963816,
        "latitude": 32.719463,
        "source": "Tourist villages and resorts KML",
        "source_kml": "data/incoming/tourist-villages-resorts.kml",
        "source_record_index": 89,
        "description_ar": "الوصف:\nالاسم باللغة الانجليزية:\nالعنوان/المدينة:\nالتصنيف:\nمعلومات اخرى:\nالوصف: قرية إيلاف السياحية\nالتصن قرية سياحية\nالمدي طلميثة\nعدد_ا 20\nعدد 1 80\nعدد الشاليهات:\nعدد الاسرة:\nالخدمات المتوفرة:\nوسائل الاتصال:\nالاسعار:\nللحجز والاستفسار:\nاوقات العمل:\nالتقييمات والانطباعات:\n:\n: قرية إيلاف السياحية",
        "description_en": null,
        "phone": "اوقات العمل:",
        "email": null,
        "website": "الاسعار:",
        "stars": null,
        "rooms": null,
        "beds": null,
        "units": null,
        "capacity": null,
        "beach_access": null,
        "pool_available": null,
        "restaurant_available": null,
        "parking_available": null,
        "family_friendly": null,
        "status": null,
        "license_status": null,
        "operational_status": null,
        "ownership_type": null,
        "data_quality_status": "low",
        "data_review_status": "integrated",
        "source_image_url": "https://lh3.googleusercontent.com/umsh/AN6v0v4nZb4nyWtPtRIDYltz3SlsttW7kQl-3ZYzILEpCotOpVZksFfS2GT4oa28F_r7PYvxz708PU2lEVvxo0bM94PJUqrIjF3BC27Pqvfy5oVL444ZRvfjv2zWN72dUU-e_xgNckUMiM0kxNB5WbnXErEvTuWkX-9aaPnlt2Q_v2VALHuauH0C5R54ubqleIXTgGIYcyczgsoAWZSknwn2Fr_soStczwJ-6dSNmKkeuYdBPG5VwTj-yuJcXdJZuFaZ7znrt1PYmb90Ww4s9QR6wR4QDIMk5NPQlPCXX1bNMJLhju_hJCLU2pIKC4YcVvIrmrGZkHkuuXz10j8Ibzkd17u6RBVYBTUmZPR_biTitUeX4vpYnHBHWKJ64ixqL2lI8K_ZLxp2piDVprzIvAd9yaG4rZZlvMHeVRgGPCaihJcv-trO-h8eRh0mhDO5MWBxRsZquty8iANoiC-L0-R3frhaiCIWo_IebyqspCDXHUW3GaA1RuR3MBi0DDmf-UPEllecheNhxePEU7XkMmoB8gwUu02PXbRwTWhd_O5Oa3owkar4edYViTQldamCbucTg5tigASNRh206ABpllGqBZLv7YGo_C0W2gUeQH29Uht1asGP5LTsySqaR1EmO0SX_KxEfqviOhYANt5fhGLLQZyE9wEPq0XpTEfn1OsqU6jG0Bqct06YF_tfuQqIouVptTzBeZKgGUXPD_7yxsAE3oRYflGf",
        "source_image_provider": "google_mymaps",
        "source_image_status": "temporary_google_url",
        "local_images": [],
        "image_count": 0,
        "created_at": "2026-08-06",
        "updated_at": "2026-08-06",
        "name_score": 1.0,
        "coordinate_score": 1.0,
        "classification_score": 1.0,
        "contact_score": 1.0,
        "capacity_score": 0.0,
        "services_score": 1.0,
        "image_score": 0.0,
        "completeness_score": 0.43,
        "overall_quality_score": 0.71,
        "data_completeness_percent": 43,
        "missing_fields": [
          "municipality",
          "rooms",
          "beds",
          "units",
          "capacity",
          "license",
          "operation",
          "image"
        ],
        "match_status": "exact_match",
        "coordinate_review_status": "valid",
        "coordinate_change_reason": null,
        "original_coordinates": [
          20.963816,
          32.719463
        ]
      },
      "geometry": {
        "type": "Point",
        "coordinates": [
          20.963816,
          32.719463
        ]
      }
    },
    {
      "type": "Feature",
      "id": "LY-ACC-RES-BAY-00001",
      "properties": {
        "id": "LY-ACC-RES-BAY-00001",
        "name_ar": "شاليهات الحدائق الملكية",
        "name_en": "العنوان/المدينة:",
        "name_normalized_ar": "شاليهاتالحدايقالملكيه",
        "translation_status": "source_provided",
        "category": "القرى والمنتجعات السياحية",
        "subcategory_ar": "منشأة سياحية أخرى",
        "subcategory_en": "Other tourism accommodation",
        "facility_type_code": "accommodation_resort_other",
        "municipality_ar": "البيضاء",
        "municipality_en": "Al Bayda",
        "city_ar": "البيضاء",
        "city_en": "Al Bayda",
        "region_ar": "برقة",
        "region_en": "Cyrenaica",
        "address_ar": "التصنيف:",
        "address_en": null,
        "longitude": 21.595084,
        "latitude": 32.875231,
        "source": "Tourist villages and resorts KML",
        "source_kml": "data/incoming/tourist-villages-resorts.kml",
        "source_record_index": 90,
        "description_ar": "الوصف:\nالاسم باللغة الانجليزية:\nالعنوان/المدينة:\nالتصنيف:\nمعلومات اخرى:\nالوصف: شاليهات الحدائق الملكية\nالتصن شالية سياحي\nالمدي البيضاء\nعدد_ا 2\nعدد 1 8\nعدد الشاليهات:\nعدد الاسرة:\nالخدمات المتوفرة:\nوسائل الاتصال:\nالاسعار:\nللحجز والاستفسار:\nاوقات العمل:\nالتقييمات والانطباعات:\n:\n: شاليهات الحدائق الملكية",
        "description_en": null,
        "phone": "اوقات العمل:",
        "email": null,
        "website": "الاسعار:",
        "stars": null,
        "rooms": null,
        "beds": null,
        "units": null,
        "capacity": null,
        "beach_access": null,
        "pool_available": null,
        "restaurant_available": null,
        "parking_available": null,
        "family_friendly": null,
        "status": null,
        "license_status": null,
        "operational_status": null,
        "ownership_type": null,
        "data_quality_status": "medium",
        "data_review_status": "integrated",
        "source_image_url": "https://lh3.googleusercontent.com/umsh/AN6v0v7-8KZQQ04zdhPNgJypItDB12LJevTodiFjbdLrm8hfzW2vJexzPieqDMKKY6W7xnJTK8yIUvjOvoFWe7rZYal1_FoCVAImd_0FattAX4CrjrWaVyv6DJOG38fjNwHLLzFW1Qs_NJspzHVNx-_Y-AMOoUhZ9XPL6qmB6JOsOj7FiH44B8pOOZFoD_JqRwpl-riU2Tkm0iYcZdorJvRR4140FX4QhMT032zlTG-VpaP17wu9XVLDddI55YYviDRT81CuAVgLlZP4eI9C2axHwwq7V6e4crwK4pxKOy8F2XiAQ2jE38vYZhwyKf4thtiwniKVtddsJPjcyk8g1esxY6EWL0PZJnrNQWY_Uzn0vm0O4raJnDmrwbpGtW0Ea_6Di10s_Ojf26XK18JI_FUMFy0gsFNE3C1h5qUWzv8jfSL5rjDuSSZdfzVeRXNkFImjjJU5CYJikmcJ2GvqDZC1wx2cpJuD6xyYAdmZJ-uXJeN2o_nQ-bNn34468eLu5GKaOCcQzV2W9zoLvkP_hfpEO1ldRgCvqK8XSdvFtt2gxMF-9pl27jyw0vrnDgCLHTj1UkCbUhFSLR6RIuN6PVTwkEAVl1kHMYXR0PpEoc_GSGh0Fb-CFBqbHDDaPITJauYJLs2vMNSSsC6H0ILImfGYDPLjDvbd9NYfFWZlT-Jb3hVvPeZZIWbdpp5aD10qpb9tptMnCLsmd-C9MTdFNfGmMNVe5LYrqw",
        "source_image_provider": "google_mymaps",
        "source_image_status": "temporary_google_url",
        "local_images": [],
        "image_count": 0,
        "created_at": "2026-08-06",
        "updated_at": "2026-08-06",
        "name_score": 1.0,
        "coordinate_score": 1.0,
        "classification_score": 0.65,
        "contact_score": 1.0,
        "capacity_score": 0.0,
        "services_score": 1.0,
        "image_score": 0.0,
        "completeness_score": 0.5,
        "overall_quality_score": 0.66,
        "data_completeness_percent": 50,
        "missing_fields": [
          "rooms",
          "beds",
          "units",
          "capacity",
          "license",
          "operation",
          "image"
        ],
        "match_status": "exact_match",
        "coordinate_review_status": "valid",
        "coordinate_change_reason": null,
        "original_coordinates": [
          21.595084,
          32.875231
        ]
      },
      "geometry": {
        "type": "Point",
        "coordinates": [
          21.595084,
          32.875231
        ]
      }
    },
    {
      "type": "Feature",
      "id": "LY-ACC-RES-BAY-00002",
      "properties": {
        "id": "LY-ACC-RES-BAY-00002",
        "name_ar": "منتجع وادي الكوف",
        "name_en": "العنوان/المدينة:",
        "name_normalized_ar": "منتجعواديالكوف",
        "translation_status": "source_provided",
        "category": "القرى والمنتجعات السياحية",
        "subcategory_ar": "منتجع سياحي",
        "subcategory_en": "Tourist resort",
        "facility_type_code": "tourist_resort",
        "municipality_ar": "البيضاء",
        "municipality_en": "Al Bayda",
        "city_ar": "البيضاء",
        "city_en": "Al Bayda",
        "region_ar": "برقة",
        "region_en": "Cyrenaica",
        "address_ar": "التصنيف:",
        "address_en": null,
        "longitude": 21.563798,
        "latitude": 32.702,
        "source": "Tourist villages and resorts KML",
        "source_kml": "data/incoming/tourist-villages-resorts.kml",
        "source_record_index": 91,
        "description_ar": "الوصف:\nالاسم باللغة الانجليزية:\nالعنوان/المدينة:\nالتصنيف:\nمعلومات اخرى:\nالوصف: منتجع وادي الكوف\nالتصن منتجع سياحي\nالمدي البيضاء\nعدد_ا 18\nعدد 1 48\nعدد الشاليهات:\nعدد الاسرة:\nالخدمات المتوفرة:\nوسائل الاتصال:\nالاسعار:\nللحجز والاستفسار:\nاوقات العمل:\nالتقييمات والانطباعات:\n:\n: منتجع وادي الكوف",
        "description_en": null,
        "phone": "اوقات العمل:",
        "email": null,
        "website": "الاسعار:",
        "stars": null,
        "rooms": null,
        "beds": null,
        "units": null,
        "capacity": null,
        "beach_access": null,
        "pool_available": null,
        "restaurant_available": null,
        "parking_available": null,
        "family_friendly": null,
        "status": null,
        "license_status": null,
        "operational_status": null,
        "ownership_type": null,
        "data_quality_status": "medium",
        "data_review_status": "integrated",
        "source_image_url": "https://lh3.googleusercontent.com/umsh/AN6v0v7Vqd0nn81bzkXThuG4IrSHlY89PFw2Zx2XpmauMJo3FYn2u5hJpsNQ8T8_WRuN8tX5JfIPkenwz6djixVB5ZnbY3wJt8dQtGfMGJfkJb9sL4f8kNpU_4fWAZue6_d8qEV0XQj9cjYTbe9SEYJMTNmeKwKbToxJxciAlKnNuEQQrbOPFS8NGQWW3WLbl7RFQCSmj27JYUF0LhqLzxSDFiLpY1TuJ2yYqZp9f16G7vfxXmcwKd7gZPAa8M5LYkJQCVFUJj0yhVlQs_AUMrADrGe61m260bc3rv9mJSb2o3mL85JA9_sxw5y96A2zSiiHB2avxAGRAkdxKjI_jJ19IpdfK0Vuu1MHrM0EANJEleevj7CCv_k05f76TM31btj64Ejw5NNNXzhqqF4LdNGNfBg5HYaPJ_wt6ifCBfKwtQAumk5hMrqtQ2TOjiO43uKgWOzb26QxYcn1iTWLgGH64ihQ1CWUGuEl76XM3K9MY_A3Cfi0ro27rUzssGylvaO1aMVTdlwhXQdQfEyV7rxphn0MN7A0ez_Rm1xaL8yzM1jll6BHwsSvElhY7lapHdiiQYPV21dJazKHLko8c4Cw3SRlRpg6EduNcYzg9aHAqQOwIh8pBCiH2fJ97yXkfgkYrGYgMvFCZ5lbVqRkx31a3Oqh6KixeKWcK2v9GFWM3cBVj3hvXNF2mEEh6U9HPAB6FwiwZmaJBpQjcsp2YdEtUnw9xwh-",
        "source_image_provider": "google_mymaps",
        "source_image_status": "temporary_google_url",
        "local_images": [],
        "image_count": 0,
        "created_at": "2026-08-06",
        "updated_at": "2026-08-06",
        "name_score": 1.0,
        "coordinate_score": 1.0,
        "classification_score": 1.0,
        "contact_score": 1.0,
        "capacity_score": 0.0,
        "services_score": 1.0,
        "image_score": 0.0,
        "completeness_score": 0.5,
        "overall_quality_score": 0.71,
        "data_completeness_percent": 50,
        "missing_fields": [
          "rooms",
          "beds",
          "units",
          "capacity",
          "license",
          "operation",
          "image"
        ],
        "match_status": "exact_match",
        "coordinate_review_status": "valid",
        "coordinate_change_reason": null,
        "original_coordinates": [
          21.563798,
          32.702
        ]
      },
      "geometry": {
        "type": "Point",
        "coordinates": [
          21.563798,
          32.702
        ]
      }
    },
    {
      "type": "Feature",
      "id": "LY-ACC-RES-NAT-00034",
      "properties": {
        "id": "LY-ACC-RES-NAT-00034",
        "name_ar": "منتجع إيلاند السياحي",
        "name_en": "العنوان/المدينة:",
        "name_normalized_ar": "منتجعايلاندالسياحي",
        "translation_status": "source_provided",
        "category": "القرى والمنتجعات السياحية",
        "subcategory_ar": "قرية سياحية",
        "subcategory_en": "Tourist village",
        "facility_type_code": "tourist_village",
        "municipality_ar": null,
        "municipality_en": null,
        "city_ar": null,
        "city_en": null,
        "region_ar": null,
        "region_en": null,
        "address_ar": "التصنيف:",
        "address_en": null,
        "longitude": 21.940156,
        "latitude": 32.895682,
        "source": "Tourist villages and resorts KML",
        "source_kml": "data/incoming/tourist-villages-resorts.kml",
        "source_record_index": 92,
        "description_ar": "الوصف:\nالاسم باللغة الانجليزية:\nالعنوان/المدينة:\nالتصنيف:\nمعلومات اخرى:\nالوصف: منتجع إيلاند السياحي\nالتصن قرية سياحية\nالمدي سوسة\nعدد_ا 10\nعدد 1 40\nعدد الشاليهات:\nعدد الاسرة:\nالخدمات المتوفرة:\nوسائل الاتصال:\nالاسعار:\nللحجز والاستفسار:\nاوقات العمل:\nالتقييمات والانطباعات:\n:\n: منتجع إيلاند السياحي",
        "description_en": null,
        "phone": "اوقات العمل:",
        "email": null,
        "website": "الاسعار:",
        "stars": null,
        "rooms": null,
        "beds": null,
        "units": null,
        "capacity": null,
        "beach_access": null,
        "pool_available": null,
        "restaurant_available": null,
        "parking_available": null,
        "family_friendly": null,
        "status": null,
        "license_status": null,
        "operational_status": null,
        "ownership_type": null,
        "data_quality_status": "low",
        "data_review_status": "integrated",
        "source_image_url": "https://lh3.googleusercontent.com/umsh/AN6v0v4Q4VSd9U_FXiCp4j-j7ICPv82FgevkC8GXa3l7C4ZV2W2h2jCTDVT6s9ZzRkHq0cdlY1ohVFZfizGOtcQ-2RaVWwTBpFNsFICsEFVbg5Z_wGvY-reOhBcmT2UYcoA-pB699GKeTEv90PQt2bcjRzKhuoqRSl4s0uRkm9o5L1QZ2mVJR-MpleWxX_RAVYxhkZQevc0VtqhHVthc_rqXGTlmczzJK1j0uZv-_j5mJXat3kZ5vN4Qa2K6MGtob_vRqvqvx5nPI4FlkGrBMJVTjQlF14opvzAXL_1OI1lIBFAFa5oIjyeF6zHWKwCB-gtsH5LYPZWjruPWpfkVHPbTYmjuTj84NnL8_Q1l4eGmS_W5bDKzvAU17UDxmrBHG0Bebvqisr5618h9ABFydYYl9lvmWTlMx5GDUvKFu6bDf3GfkZgsbC5VwRTFCKaLstJO99lbPg5yLoHZMUdtWW03h3iR3AUnRyg9hWhBOMKJ1Fu2KOOAjH_w2syb4AZ6C3Xmp1RJdrB5ow-mKOk0X99tD7Eo6MMqt89WKulLZblxIfZBajkC4gMBGDsbl2J0-telf9LdKBKXq1alBbU2z8aI5VWPV6jGGZOLQSX62NggHSaiVxpSXLYtkIr1L0ZuKwcBzTQL8zgdhq6v7mksS5CAdYVpqn4vJ4_5WYLOYfN6H_94rCqU6Ze9GsB2QLdQ5KovuS_uAGEIBzLp6EtOdrrQcyHpan5uNw",
        "source_image_provider": "google_mymaps",
        "source_image_status": "temporary_google_url",
        "local_images": [],
        "image_count": 0,
        "created_at": "2026-08-06",
        "updated_at": "2026-08-06",
        "name_score": 1.0,
        "coordinate_score": 1.0,
        "classification_score": 1.0,
        "contact_score": 1.0,
        "capacity_score": 0.0,
        "services_score": 1.0,
        "image_score": 0.0,
        "completeness_score": 0.43,
        "overall_quality_score": 0.71,
        "data_completeness_percent": 43,
        "missing_fields": [
          "municipality",
          "rooms",
          "beds",
          "units",
          "capacity",
          "license",
          "operation",
          "image"
        ],
        "match_status": "exact_match",
        "coordinate_review_status": "valid",
        "coordinate_change_reason": null,
        "original_coordinates": [
          21.940156,
          32.895682
        ]
      },
      "geometry": {
        "type": "Point",
        "coordinates": [
          21.940156,
          32.895682
        ]
      }
    },
    {
      "type": "Feature",
      "id": "LY-ACC-RES-NAT-00035",
      "properties": {
        "id": "LY-ACC-RES-NAT-00035",
        "name_ar": "منتجع كنزي السياحي",
        "name_en": "العنوان/المدينة:",
        "name_normalized_ar": "منتجعكنزيالسياحي",
        "translation_status": "source_provided",
        "category": "القرى والمنتجعات السياحية",
        "subcategory_ar": "قرية سياحية",
        "subcategory_en": "Tourist village",
        "facility_type_code": "tourist_village",
        "municipality_ar": null,
        "municipality_en": null,
        "city_ar": null,
        "city_en": null,
        "region_ar": null,
        "region_en": null,
        "address_ar": "التصنيف:",
        "address_en": null,
        "longitude": 21.972566,
        "latitude": 32.900884,
        "source": "Tourist villages and resorts KML",
        "source_kml": "data/incoming/tourist-villages-resorts.kml",
        "source_record_index": 93,
        "description_ar": "الوصف:\nالاسم باللغة الانجليزية:\nالعنوان/المدينة:\nالتصنيف:\nمعلومات اخرى:\nالوصف: منتجع كنزي السياحي\nالتصن قرية سياحية\nالمدي سوسة\nعدد_ا 12\nعدد 1 30\nعدد الشاليهات:\nعدد الاسرة:\nالخدمات المتوفرة:\nوسائل الاتصال:\nالاسعار:\nللحجز والاستفسار:\nاوقات العمل:\nالتقييمات والانطباعات:\n:\n: منتجع كنزي السياحي",
        "description_en": null,
        "phone": "اوقات العمل:",
        "email": null,
        "website": "الاسعار:",
        "stars": null,
        "rooms": null,
        "beds": null,
        "units": null,
        "capacity": null,
        "beach_access": null,
        "pool_available": null,
        "restaurant_available": null,
        "parking_available": null,
        "family_friendly": null,
        "status": null,
        "license_status": null,
        "operational_status": null,
        "ownership_type": null,
        "data_quality_status": "low",
        "data_review_status": "integrated",
        "source_image_url": "https://lh3.googleusercontent.com/umsh/AN6v0v6ZE825PeAMm7SHRjkNWd41Z-7MdAP2pxSvsL6T5McDtJalrMY3ttJXBOBlBf4QKnNvvQPgWNtgXYuoceHwCBQltcunYyTmya5ApubNuRglklFR4IqiOOHmhR93fxaAyb8ANxhFcTcCc_lO1MHFrkeSaYmXbg-Wun57LrvEcuxvXKnGbXUw6NK3icL9Akid963o87ssruP8N-e09NGr6Xi0Jn-iQSLBoEBofa9wqDceY8Vb-iGNM8T9vE57zD0jKd4LYPUoupW4wE0sb85PtZYfXfIkYvCQEQHaKs8e_CbP3eW3MFb7veqdyrrGg9bVemen-DkQoAo0CGGYKttMGB98n1mAzI9r719Ra4FJwbKTrchGkhTmlm6AiS7BdyNANBweKn3CtCMAGsFi81SjpjX6A6GkOQomHtoioEOMrra-nwAAGoH4sD2ZNrQzAxdBxKqsDc1EjT20E9VK6kFSH00DeKVy73KJ_-fZiPbA_EJvYMXYmWFbyxJWm-N7V1aICbE54ROEolMKEwhB8MPxOvpBvKzKwIoRHTVWCjS3GLihnB8llUB2KFFrU3ne1-eJisifttcvyNbeo_SQ7kYiJ1dxswlWV7GWgSJVa87YUKPK4PkRKgvpredPLRCqNBF590nA6RvQ0rafy8wY8cH7aySqSiBP7rpjv_krEv0lkIb8BtXJOhld6dAL2FSRYln_0_SU1LtlucaRh1zV371y4hCliBUR",
        "source_image_provider": "google_mymaps",
        "source_image_status": "temporary_google_url",
        "local_images": [],
        "image_count": 0,
        "created_at": "2026-08-06",
        "updated_at": "2026-08-06",
        "name_score": 1.0,
        "coordinate_score": 1.0,
        "classification_score": 1.0,
        "contact_score": 1.0,
        "capacity_score": 0.0,
        "services_score": 1.0,
        "image_score": 0.0,
        "completeness_score": 0.43,
        "overall_quality_score": 0.71,
        "data_completeness_percent": 43,
        "missing_fields": [
          "municipality",
          "rooms",
          "beds",
          "units",
          "capacity",
          "license",
          "operation",
          "image"
        ],
        "match_status": "exact_match",
        "coordinate_review_status": "valid",
        "coordinate_change_reason": null,
        "original_coordinates": [
          21.972566,
          32.900884
        ]
      },
      "geometry": {
        "type": "Point",
        "coordinates": [
          21.972566,
          32.900884
        ]
      }
    },
    {
      "type": "Feature",
      "id": "LY-ACC-RES-NAT-00036",
      "properties": {
        "id": "LY-ACC-RES-NAT-00036",
        "name_ar": "منتجع سوسه",
        "name_en": "العنوان/المدينة:",
        "name_normalized_ar": "منتجعسوسه",
        "translation_status": "source_provided",
        "category": "القرى والمنتجعات السياحية",
        "subcategory_ar": "قرية سياحية",
        "subcategory_en": "Tourist village",
        "facility_type_code": "tourist_village",
        "municipality_ar": null,
        "municipality_en": null,
        "city_ar": null,
        "city_en": null,
        "region_ar": null,
        "region_en": null,
        "address_ar": "التصنيف:",
        "address_en": null,
        "longitude": 22.024943,
        "latitude": 32.902515,
        "source": "Tourist villages and resorts KML",
        "source_kml": "data/incoming/tourist-villages-resorts.kml",
        "source_record_index": 94,
        "description_ar": "الوصف: الاسم باللغة الانجليزية:\nالعنوان/المدينة:\nالتصنيف:\nمعلومات اخرى:\nالوصف: منتجع سوسه\nالتصن قرية سياحية\nالمدي سوسة\nعدد_ا 12\nعدد 1 30\nعدد الشاليهات:\nعدد الاسرة:\nالخدمات المتوفرة:\nوسائل الاتصال:\nالاسعار:\nللحجز والاستفسار:\nاوقات العمل:\nالتقييمات والانطباعات:\n:\n: منتجع سوسه",
        "description_en": null,
        "phone": "اوقات العمل:",
        "email": null,
        "website": "الاسعار:",
        "stars": null,
        "rooms": null,
        "beds": null,
        "units": null,
        "capacity": null,
        "beach_access": null,
        "pool_available": null,
        "restaurant_available": null,
        "parking_available": null,
        "family_friendly": null,
        "status": null,
        "license_status": null,
        "operational_status": null,
        "ownership_type": null,
        "data_quality_status": "low",
        "data_review_status": "integrated",
        "source_image_url": null,
        "source_image_provider": null,
        "source_image_status": "no_image",
        "local_images": [],
        "image_count": 0,
        "created_at": "2026-08-06",
        "updated_at": "2026-08-06",
        "name_score": 1.0,
        "coordinate_score": 1.0,
        "classification_score": 1.0,
        "contact_score": 1.0,
        "capacity_score": 0.0,
        "services_score": 1.0,
        "image_score": 0.0,
        "completeness_score": 0.43,
        "overall_quality_score": 0.71,
        "data_completeness_percent": 43,
        "missing_fields": [
          "municipality",
          "rooms",
          "beds",
          "units",
          "capacity",
          "license",
          "operation",
          "image"
        ],
        "match_status": "exact_match",
        "coordinate_review_status": "valid",
        "coordinate_change_reason": null,
        "original_coordinates": [
          22.024943,
          32.902515
        ]
      },
      "geometry": {
        "type": "Point",
        "coordinates": [
          22.024943,
          32.902515
        ]
      }
    },
    {
      "type": "Feature",
      "id": "LY-ACC-RES-NAT-00037",
      "properties": {
        "id": "LY-ACC-RES-NAT-00037",
        "name_ar": "مصيف القريه/رأس الهلال",
        "name_en": "العنوان/المدينة:",
        "name_normalized_ar": "مصيفالقريهراسالهلال",
        "translation_status": "source_provided",
        "category": "القرى والمنتجعات السياحية",
        "subcategory_ar": "قرية سياحية",
        "subcategory_en": "Tourist village",
        "facility_type_code": "tourist_village",
        "municipality_ar": null,
        "municipality_en": null,
        "city_ar": null,
        "city_en": null,
        "region_ar": null,
        "region_en": null,
        "address_ar": "التصنيف:",
        "address_en": null,
        "longitude": 22.169169,
        "latitude": 32.901774,
        "source": "Tourist villages and resorts KML",
        "source_kml": "data/incoming/tourist-villages-resorts.kml",
        "source_record_index": 95,
        "description_ar": "الوصف:\nالاسم باللغة الانجليزية:\nالعنوان/المدينة:\nالتصنيف:\nمعلومات اخرى:\nالوصف: مصيف القريه/رأس الهلال\nالتصن قرية سياحية\nالمدي رأس الهلال\nعدد_ا 22\nعدد 1 220\nعدد الشاليهات:\nعدد الاسرة:\nالخدمات المتوفرة:\nوسائل الاتصال:\nالاسعار:\nللحجز والاستفسار:\nاوقات العمل:\nالتقييمات والانطباعات:\n:\n: مصيف القريه/رأس الهلال",
        "description_en": null,
        "phone": "اوقات العمل:",
        "email": null,
        "website": "الاسعار:",
        "stars": null,
        "rooms": null,
        "beds": null,
        "units": null,
        "capacity": null,
        "beach_access": null,
        "pool_available": null,
        "restaurant_available": null,
        "parking_available": null,
        "family_friendly": null,
        "status": null,
        "license_status": null,
        "operational_status": null,
        "ownership_type": null,
        "data_quality_status": "low",
        "data_review_status": "integrated",
        "source_image_url": "https://lh3.googleusercontent.com/umsh/AN6v0v6nB8qT0H4oqRtgAKYLW3SPX2o-n8oqWa1LMTRtrcddvO0s7atC7wzFw0hRxHxmjafvRi6AMLa0-NVaN3VxfaxhP92my6lMoFolDaHmYYe_YemnqjK4E4-HK1R6YLG2QKvkO1qCeV4V95chmgnYRVaqge38dRLBFzfSGsT9K1NBkGuJiRzklnPB1DswZmqQpJickYpWEHJxwWJidJ5m6mcIlF1qIsMSqFTzi5ahI6H6wIcdhyQIpn3tvJYJj-Gm2llj3X177VLsJROFWXnfq3CGLp7irN-np4mFvNsu_741MueW_IweyZcTZ_Fzi9KAjkapTpnz6_Buld2t_N8zr0k8ENdrYide0fN170CuqajRzUToLwTWngzMGbaDkCZ-p_XqZUwc3QC8UsyFLmOUNfYvrXyWpifYjxZELQ2DBiMFMGHq0ZYhzaBYGzqFdGfEvFESQSwCobEYvYKL-SLwQ--FFZlNu1klLLYTKSa9R447XV-DFdzXvxidqLhwLXCPOYMAdk4SmWV0qP-22lvOxAXVX7m95b1VbLvItiqPUbAd0SkNup51NhR-NpbqWxME9MPaKFdWDACqLpsT5E6r9RdF3k7pMibIiZGrrBq_kVaJWD3Bp9MzxcW4z_KlJ9mNafM6Tip3cToM4Siy9NmBc0B3ERlIj9keo8hSaEOQbhxxoMrQ89F8qm9UmufJkXo-8mOwOIjU4oyOTQRJTeUDWh_2z4QGOg",
        "source_image_provider": "google_mymaps",
        "source_image_status": "temporary_google_url",
        "local_images": [],
        "image_count": 0,
        "created_at": "2026-08-06",
        "updated_at": "2026-08-06",
        "name_score": 1.0,
        "coordinate_score": 1.0,
        "classification_score": 1.0,
        "contact_score": 1.0,
        "capacity_score": 0.0,
        "services_score": 1.0,
        "image_score": 0.0,
        "completeness_score": 0.43,
        "overall_quality_score": 0.71,
        "data_completeness_percent": 43,
        "missing_fields": [
          "municipality",
          "rooms",
          "beds",
          "units",
          "capacity",
          "license",
          "operation",
          "image"
        ],
        "match_status": "exact_match",
        "coordinate_review_status": "valid",
        "coordinate_change_reason": null,
        "original_coordinates": [
          22.169169,
          32.901774
        ]
      },
      "geometry": {
        "type": "Point",
        "coordinates": [
          22.169169,
          32.901774
        ]
      }
    },
    {
      "type": "Feature",
      "id": "LY-ACC-RES-NAT-00038",
      "properties": {
        "id": "LY-ACC-RES-NAT-00038",
        "name_ar": "منتجع الينابيع السياحي",
        "name_en": "العنوان/المدينة:",
        "name_normalized_ar": "منتجعالينابيعالسياحي",
        "translation_status": "source_provided",
        "category": "القرى والمنتجعات السياحية",
        "subcategory_ar": "قرية سياحية",
        "subcategory_en": "Tourist village",
        "facility_type_code": "tourist_village",
        "municipality_ar": null,
        "municipality_en": null,
        "city_ar": null,
        "city_en": null,
        "region_ar": null,
        "region_en": null,
        "address_ar": "التصنيف:",
        "address_en": null,
        "longitude": 22.190223,
        "latitude": 32.881896,
        "source": "Tourist villages and resorts KML",
        "source_kml": "data/incoming/tourist-villages-resorts.kml",
        "source_record_index": 96,
        "description_ar": "الوصف:\nالاسم باللغة الانجليزية:\nالعنوان/المدينة:\nالتصنيف:\nمعلومات اخرى:\nالوصف: منتجع الينابيع السياحي\nالتصن قرية سياحية\nالمدي رأس الهلال\nعدد_ا 28\nعدد 1 168\nعدد الشاليهات:\nعدد الاسرة:\nالخدمات المتوفرة:\nوسائل الاتصال:\nالاسعار:\nللحجز والاستفسار:\nاوقات العمل:\nالتقييمات والانطباعات:\n:\n: منتجع الينابيع السياحي",
        "description_en": null,
        "phone": "اوقات العمل:",
        "email": null,
        "website": "الاسعار:",
        "stars": null,
        "rooms": null,
        "beds": null,
        "units": null,
        "capacity": null,
        "beach_access": null,
        "pool_available": null,
        "restaurant_available": null,
        "parking_available": null,
        "family_friendly": null,
        "status": null,
        "license_status": null,
        "operational_status": null,
        "ownership_type": null,
        "data_quality_status": "low",
        "data_review_status": "integrated",
        "source_image_url": "https://lh3.googleusercontent.com/umsh/AN6v0v6tQmyl_Nc30lvjQcgQZ9SfHj_B6zbjIyekaU4BKa36pL3vlEK2QNCjpmB5NmqmZCD4zHBM2cQoTY-hw1Gs9gtbk_iXBaPMFb7abfct5snXp4GfOWAMLQMB-jZDyQZqtcAdYfyIOxYBPjllQp-S-2-PJ1Srjow-1DoFH-wTwPY5ynoqHPRyXwNfh3WlroU73U7F4gT1DY_5IqGfgzuUJO4nfi634qWM0-x0aJScDLfEUpdac62IsCb63PwRQUVwbSpd3wlQmJM480glmvhP0dvTD2OaP8rwqA98MCdIlLh3HkpZ30Rcq0TU2fVmx3aE_4t28xoXrkOkvytxDtm_1iK3V7Jq15itEqSRLrImBdWg4KFl2lHdaBxY-em1nx5wrKrDgRyIB2H9Stai1LXFGt-n4mAj-VWw-RiDFoXquHfCOT-d99eAUyEpXLw2Ti1hWsNt2OHGcMcW4gsGV_Sc3EVM3S0Xt_gh63nf1MOgrFCc2j_4w3yrPRu9UeHS4xWeVbammm94IThDryaKuVSxPX7aayE3mH3SfdWj6_JZcDPXwm7r6bryhOWaXot2aLTDmpCiND2fwuboh3Qtbtx1UIzqtS0ivtrWf9Jj5SFa21gIGxS_eegIGc3zyrWFYmclFlA8251a3ce9vOjKMfj0x59jCwnRFXpST9Hgg4SZHKWNOBjE0ATxuMLmK8jpF9i6XBS8idxIhvy-7YFz6Nyn8Uc_zsDz4g",
        "source_image_provider": "google_mymaps",
        "source_image_status": "temporary_google_url",
        "local_images": [],
        "image_count": 0,
        "created_at": "2026-08-06",
        "updated_at": "2026-08-06",
        "name_score": 1.0,
        "coordinate_score": 1.0,
        "classification_score": 1.0,
        "contact_score": 1.0,
        "capacity_score": 0.0,
        "services_score": 1.0,
        "image_score": 0.0,
        "completeness_score": 0.43,
        "overall_quality_score": 0.71,
        "data_completeness_percent": 43,
        "missing_fields": [
          "municipality",
          "rooms",
          "beds",
          "units",
          "capacity",
          "license",
          "operation",
          "image"
        ],
        "match_status": "exact_match",
        "coordinate_review_status": "valid",
        "coordinate_change_reason": null,
        "original_coordinates": [
          22.190223,
          32.881896
        ]
      },
      "geometry": {
        "type": "Point",
        "coordinates": [
          22.190223,
          32.881896
        ]
      }
    },
    {
      "type": "Feature",
      "id": "LY-ACC-RES-NAT-00039",
      "properties": {
        "id": "LY-ACC-RES-NAT-00039",
        "name_ar": "منتجع الاثرون السياحي",
        "name_en": "العنوان/المدينة:",
        "name_normalized_ar": "منتجعالاثرونالسياحي",
        "translation_status": "source_provided",
        "category": "القرى والمنتجعات السياحية",
        "subcategory_ar": "منتجع سياحي",
        "subcategory_en": "Tourist resort",
        "facility_type_code": "tourist_resort",
        "municipality_ar": null,
        "municipality_en": null,
        "city_ar": null,
        "city_en": null,
        "region_ar": null,
        "region_en": null,
        "address_ar": "التصنيف:",
        "address_en": null,
        "longitude": 22.279024,
        "latitude": 32.869423,
        "source": "Tourist villages and resorts KML",
        "source_kml": "data/incoming/tourist-villages-resorts.kml",
        "source_record_index": 97,
        "description_ar": "الوصف: الاسم باللغة الانجليزية:\nالعنوان/المدينة:\nالتصنيف:\nمعلومات اخرى:\nالوصف: منتجع الاثرون السياحي\nالتصن منتجع سياحي\nالمدي الاثرون\nعدد_ا 10\nعدد 1 50\nعدد الشاليهات:\nعدد الاسرة:\nالخدمات المتوفرة:\nوسائل الاتصال:\nالاسعار:\nللحجز والاستفسار:\nاوقات العمل:\nالتقييمات والانطباعات:\n:\n: منتجع الاثرون السياحي",
        "description_en": null,
        "phone": "اوقات العمل:",
        "email": null,
        "website": "الاسعار:",
        "stars": null,
        "rooms": null,
        "beds": null,
        "units": null,
        "capacity": null,
        "beach_access": null,
        "pool_available": null,
        "restaurant_available": null,
        "parking_available": null,
        "family_friendly": null,
        "status": null,
        "license_status": null,
        "operational_status": null,
        "ownership_type": null,
        "data_quality_status": "low",
        "data_review_status": "integrated",
        "source_image_url": null,
        "source_image_provider": null,
        "source_image_status": "no_image",
        "local_images": [],
        "image_count": 0,
        "created_at": "2026-08-06",
        "updated_at": "2026-08-06",
        "name_score": 1.0,
        "coordinate_score": 1.0,
        "classification_score": 1.0,
        "contact_score": 1.0,
        "capacity_score": 0.0,
        "services_score": 1.0,
        "image_score": 0.0,
        "completeness_score": 0.43,
        "overall_quality_score": 0.71,
        "data_completeness_percent": 43,
        "missing_fields": [
          "municipality",
          "rooms",
          "beds",
          "units",
          "capacity",
          "license",
          "operation",
          "image"
        ],
        "match_status": "exact_match",
        "coordinate_review_status": "valid",
        "coordinate_change_reason": null,
        "original_coordinates": [
          22.279024,
          32.869423
        ]
      },
      "geometry": {
        "type": "Point",
        "coordinates": [
          22.279024,
          32.869423
        ]
      }
    },
    {
      "type": "Feature",
      "id": "LY-ACC-RES-DER-00001",
      "properties": {
        "id": "LY-ACC-RES-DER-00001",
        "name_ar": "منتجع إيميليا السياحي",
        "name_en": "العنوان/المدينة:",
        "name_normalized_ar": "منتجعايميلياالسياحي",
        "translation_status": "source_provided",
        "category": "القرى والمنتجعات السياحية",
        "subcategory_ar": "منتجع سياحي",
        "subcategory_en": "Tourist resort",
        "facility_type_code": "tourist_resort",
        "municipality_ar": "درنة",
        "municipality_en": "Derna",
        "city_ar": "درنة",
        "city_en": "Derna",
        "region_ar": "برقة",
        "region_en": "Cyrenaica",
        "address_ar": "التصنيف:",
        "address_en": null,
        "longitude": 22.562236,
        "latitude": 32.798261,
        "source": "Tourist villages and resorts KML",
        "source_kml": "data/incoming/tourist-villages-resorts.kml",
        "source_record_index": 98,
        "description_ar": "الوصف:\nالاسم باللغة الانجليزية:\nالعنوان/المدينة:\nالتصنيف:\nمعلومات اخرى:\nالوصف: منتجع إيميليا السياحي\nالتصن منتجع سياحي\nالمدي درنة\nعدد_ا 28\nعدد 1 168\nعدد الشاليهات:\nعدد الاسرة:\nالخدمات المتوفرة:\nوسائل الاتصال:\nالاسعار:\nللحجز والاستفسار:\nاوقات العمل:\nالتقييمات والانطباعات:\n:\n: منتجع إيميليا السياحي",
        "description_en": null,
        "phone": "اوقات العمل:",
        "email": null,
        "website": "الاسعار:",
        "stars": null,
        "rooms": null,
        "beds": null,
        "units": null,
        "capacity": null,
        "beach_access": null,
        "pool_available": null,
        "restaurant_available": null,
        "parking_available": null,
        "family_friendly": null,
        "status": null,
        "license_status": null,
        "operational_status": null,
        "ownership_type": null,
        "data_quality_status": "medium",
        "data_review_status": "integrated",
        "source_image_url": "https://lh3.googleusercontent.com/umsh/AN6v0v4RFDBAvB5_BZI-JwjoCdKZPGEWfvBrNY_7bPDzxOD9MlF3tGlOjEw-uKcfHsZ5W7Zkdm1m1KwJzK3lCVgdKG88ZftIAgnydJgC6wG-5PH5-H4qUcfrjG4WhjZK-fV-pcHZIoifdfaKM-1krTSW8qoFuYOnglfSuh2r5oycXbZGvNt_5fSsiQ1rP9Vaw6PJzhiZ9zwR02IWxWj7iv9n_7uFRFfOZffS9_WVhGwnkolx1AMk0PwuXYoXnaNgAlZUzwczNEuMydqrssMq_EakpsugMrx7JIIIejsD-lDqCS-TlenFpR6dLhZR2MOa8r7YyWkG2iGvqD5GHm-JJ2PXm5WWIVc1BzQIL_K6yEVZCpETakR5XtP7OR_r0-0FvjfcTjRKx8TrG_vyWeFGa0qcti3KPJm7CUDGaSmCrgVkGAPbJiSYsl2ciq7me3lJ6_Y8C8XvlBSdL-fiTywnAdrqCuRH46ohv1qPMIsuZgU4SW5JWnwYOZ9spellVNHZGlZqZJomFiiayIjPOiDC3cpIQN5woBOsqRUM_V-cZ0lIhBlzBfAJN-Pu65c_Z0si2sG3HppDSyDc26PFnB5Ad4qbDbgZC5MD-gpd0_PkorQ3KeCBxg2YbfoHrDa-IWGlAQy03S01LOeYnI2pkoL6RDhoqgC8A26aSHXCKUtvjrE6_PIfMnneglqdT3fSmOM8POD9rd3YdVQAdiniuSjWXGpqB6ZZz3kwdA",
        "source_image_provider": "google_mymaps",
        "source_image_status": "temporary_google_url",
        "local_images": [],
        "image_count": 0,
        "created_at": "2026-08-06",
        "updated_at": "2026-08-06",
        "name_score": 1.0,
        "coordinate_score": 1.0,
        "classification_score": 1.0,
        "contact_score": 1.0,
        "capacity_score": 0.0,
        "services_score": 1.0,
        "image_score": 0.0,
        "completeness_score": 0.5,
        "overall_quality_score": 0.71,
        "data_completeness_percent": 50,
        "missing_fields": [
          "rooms",
          "beds",
          "units",
          "capacity",
          "license",
          "operation",
          "image"
        ],
        "match_status": "exact_match",
        "coordinate_review_status": "valid",
        "coordinate_change_reason": null,
        "original_coordinates": [
          22.562236,
          32.798261
        ]
      },
      "geometry": {
        "type": "Point",
        "coordinates": [
          22.562236,
          32.798261
        ]
      }
    },
    {
      "type": "Feature",
      "id": "LY-ACC-RES-DER-00002",
      "properties": {
        "id": "LY-ACC-RES-DER-00002",
        "name_ar": "مصيف 1805",
        "name_en": "العنوان/المدينة:",
        "name_normalized_ar": "مصيف1805",
        "translation_status": "source_provided",
        "category": "القرى والمنتجعات السياحية",
        "subcategory_ar": "منتجع سياحي",
        "subcategory_en": "Tourist resort",
        "facility_type_code": "tourist_resort",
        "municipality_ar": "درنة",
        "municipality_en": "Derna",
        "city_ar": "درنة",
        "city_en": "Derna",
        "region_ar": "برقة",
        "region_en": "Cyrenaica",
        "address_ar": "التصنيف:",
        "address_en": null,
        "longitude": 22.56117,
        "latitude": 32.790435,
        "source": "Tourist villages and resorts KML",
        "source_kml": "data/incoming/tourist-villages-resorts.kml",
        "source_record_index": 99,
        "description_ar": "الوصف:\nالاسم باللغة الانجليزية:\nالعنوان/المدينة:\nالتصنيف:\nمعلومات اخرى:\nالوصف: مصيف 1805\nالتصن منتجع سياحي\nالمدي درنة\nعدد_ا 20\nعدد 1 160\nعدد الشاليهات:\nعدد الاسرة:\nالخدمات المتوفرة:\nوسائل الاتصال:\nالاسعار:\nللحجز والاستفسار:\nاوقات العمل:\nالتقييمات والانطباعات:\n:\n: مصيف 1805",
        "description_en": null,
        "phone": "اوقات العمل:",
        "email": null,
        "website": "الاسعار:",
        "stars": null,
        "rooms": null,
        "beds": null,
        "units": null,
        "capacity": null,
        "beach_access": null,
        "pool_available": null,
        "restaurant_available": null,
        "parking_available": null,
        "family_friendly": null,
        "status": null,
        "license_status": null,
        "operational_status": null,
        "ownership_type": null,
        "data_quality_status": "medium",
        "data_review_status": "integrated",
        "source_image_url": "https://lh3.googleusercontent.com/umsh/AN6v0v7W-0D3Sh4sq_OQ2H2lXHE2RSnfpUbQdTVQ9oiFsW2UVUhqpB-2itCchcD8yx1pMx6rVoVcEFYqb-Ak9GTnu1BRNvnJaHfWb3edLAzq_VcNBn2El1lc_WOO_bV-DqQPMFAaRNe0W5F6vU2k0cNlZwESGZb12_7P9_J4g_jClW2LqNdyxFXGH01N_z3jAbT84PNN_hau294MXsRNgOCwQQyeYZFxyAe37Gk_zna-4dFnwgDieqe1KS37Xlh5IE6Ga9p4Bw_tP6YlDbQ6sniX-wm-XYZoV8HJceJv6k3JAp7mIedRt5tlK618qqKo-X61P4hemZbQrTBt8xdiHpJ5zTYJ5afze3vp7u8arno3ptVQP2L18QajaYwT6mX3r3Dn7Aa9ohV7y-p9hT1TMc7N3YGJdae_y_zK6VYFvJRcFvWxxwLTBUcUYnBlHGq4FVVjpwT6FjQMp6YrfjoABXvhwURroNCJiTlJunO5RDk3BXsRo7c4erJ-duNLWzVfN_pDUgH72-OJtO_kpjNiBkaFKXOUkEQEiClxexjDtouYr9Gp65CzV_8wntCGkEI4HARHVBKZkHuR1JI2tjgtg_DxfkgGiBVbkEdEO5DrHvZ-k2UOyGOZiOrhHp5AnCbXtQHw4YnlDMDTaOqhmJqSF9yjivcYAutts9JkU3sO7xfEjJmrBP_KoXD0gqfGdBkQbSr984KLp1yFzmIj4_r3ZJaBz317bSkdYg",
        "source_image_provider": "google_mymaps",
        "source_image_status": "temporary_google_url",
        "local_images": [],
        "image_count": 0,
        "created_at": "2026-08-06",
        "updated_at": "2026-08-06",
        "name_score": 1.0,
        "coordinate_score": 1.0,
        "classification_score": 1.0,
        "contact_score": 1.0,
        "capacity_score": 0.0,
        "services_score": 1.0,
        "image_score": 0.0,
        "completeness_score": 0.5,
        "overall_quality_score": 0.71,
        "data_completeness_percent": 50,
        "missing_fields": [
          "rooms",
          "beds",
          "units",
          "capacity",
          "license",
          "operation",
          "image"
        ],
        "match_status": "exact_match",
        "coordinate_review_status": "valid",
        "coordinate_change_reason": null,
        "original_coordinates": [
          22.56117,
          32.790435
        ]
      },
      "geometry": {
        "type": "Point",
        "coordinates": [
          22.56117,
          32.790435
        ]
      }
    },
    {
      "type": "Feature",
      "id": "LY-ACC-RES-NAT-00040",
      "properties": {
        "id": "LY-ACC-RES-NAT-00040",
        "name_ar": "منتجع الابرق السياحي",
        "name_en": "العنوان/المدينة:",
        "name_normalized_ar": "منتجعالابرقالسياحي",
        "translation_status": "source_provided",
        "category": "القرى والمنتجعات السياحية",
        "subcategory_ar": "منتجع سياحي",
        "subcategory_en": "Tourist resort",
        "facility_type_code": "tourist_resort",
        "municipality_ar": null,
        "municipality_en": null,
        "city_ar": null,
        "city_en": null,
        "region_ar": null,
        "region_en": null,
        "address_ar": "التصنيف:",
        "address_en": null,
        "longitude": 21.954304,
        "latitude": 32.825786,
        "source": "Tourist villages and resorts KML",
        "source_kml": "data/incoming/tourist-villages-resorts.kml",
        "source_record_index": 100,
        "description_ar": "الوصف:\nالاسم باللغة الانجليزية:\nالعنوان/المدينة:\nالتصنيف:\nمعلومات اخرى:\nالوصف: منتجع الابرق السياحي\nالتصن منتجع سياحي\nالمدي الابرق\nعدد_ا 9\nعدد 1 36\nعدد الشاليهات:\nعدد الاسرة:\nالخدمات المتوفرة:\nوسائل الاتصال:\nالاسعار:\nللحجز والاستفسار:\nاوقات العمل:\nالتقييمات والانطباعات:\n:\n: منتجع الابرق السياحي",
        "description_en": null,
        "phone": "اوقات العمل:",
        "email": null,
        "website": "الاسعار:",
        "stars": null,
        "rooms": null,
        "beds": null,
        "units": null,
        "capacity": null,
        "beach_access": null,
        "pool_available": null,
        "restaurant_available": null,
        "parking_available": null,
        "family_friendly": null,
        "status": null,
        "license_status": null,
        "operational_status": null,
        "ownership_type": null,
        "data_quality_status": "low",
        "data_review_status": "integrated",
        "source_image_url": "https://lh3.googleusercontent.com/umsh/AN6v0v6peitD7NiLSngBmqSHW6_rNOqcOeu1KNgCghe9PL-JiEHKIYMqjIXnJ-eRzy_eDLsV13OpBmgQRyutA8UViqf8LP7ejdvG1FhkUY_7yI8Sqr4TgA4DZTKnUV3nzIxsifIt0SJAdY3BUsHC_LtYG7RKKffkwPLAoa-3f7Dk8kAq0ijNgqkAXwmWcF9hRFxX4RAyQltY3ctSjqtnZDgU28ftmz9q-kZaq8qJ39HCkSZuBOKaiwlNZV57te12MNzFD-azg-PcKpiPVs-ZRtf4M-_rr2l6xUg1y1OWSAF3VYBgIIncbizv2JKpX3PJuOjrW9Q3b8lbXwDQ7s9BkOjmU72EYYP6FcdyvteKFSX0rApbQTh7DM8ih9jDDjgxS9cEH13ZsYCRapwDGk5WikgAJ-BLxf3QultWfqsGq2gI25uT6AYdQGtacsaaHu2m2lKV6MKWu2Imlo9M8_TMr2HMStxHVhKsAnZay32UMriEBDzKyefFf1Sn-175G94p44tj68nyJ4akqcygid8J0zmFMVpf6h7AH3pjQ0J7iX6RtSwd3I5sKMuHbT2XsDiZigcgasYEtjxqOVj7wSOKDY3xdNuMWt-qKQsCGOetY6Prk5VeZQUfVq0MLLoHPlxUrga7h81mwWdF6CQ4vB3o7VYjUR_VwPjolCuCJS0rasQk5ZiBvyXsGoLdmIr2Yhfgn-jQba8lPN9zGIIW5AJoTts1PeNJXHWW",
        "source_image_provider": "google_mymaps",
        "source_image_status": "temporary_google_url",
        "local_images": [],
        "image_count": 0,
        "created_at": "2026-08-06",
        "updated_at": "2026-08-06",
        "name_score": 1.0,
        "coordinate_score": 1.0,
        "classification_score": 1.0,
        "contact_score": 1.0,
        "capacity_score": 0.0,
        "services_score": 1.0,
        "image_score": 0.0,
        "completeness_score": 0.43,
        "overall_quality_score": 0.71,
        "data_completeness_percent": 43,
        "missing_fields": [
          "municipality",
          "rooms",
          "beds",
          "units",
          "capacity",
          "license",
          "operation",
          "image"
        ],
        "match_status": "exact_match",
        "coordinate_review_status": "valid",
        "coordinate_change_reason": null,
        "original_coordinates": [
          21.954304,
          32.825786
        ]
      },
      "geometry": {
        "type": "Point",
        "coordinates": [
          21.954304,
          32.825786
        ]
      }
    },
    {
      "type": "Feature",
      "id": "LY-ACC-RES-SHA-00001",
      "properties": {
        "id": "LY-ACC-RES-SHA-00001",
        "name_ar": "منتج شحات السياحي",
        "name_en": "العنوان/المدينة:",
        "name_normalized_ar": "منتجشحاتالسياحي",
        "translation_status": "source_provided",
        "category": "القرى والمنتجعات السياحية",
        "subcategory_ar": "منتجع سياحي",
        "subcategory_en": "Tourist resort",
        "facility_type_code": "tourist_resort",
        "municipality_ar": "شحات",
        "municipality_en": "Shahhat",
        "city_ar": "شحات",
        "city_en": "Shahhat",
        "region_ar": "برقة",
        "region_en": "Cyrenaica",
        "address_ar": "التصنيف:",
        "address_en": null,
        "longitude": 21.879472,
        "latitude": 32.824524,
        "source": "Tourist villages and resorts KML",
        "source_kml": "data/incoming/tourist-villages-resorts.kml",
        "source_record_index": 101,
        "description_ar": "الوصف:\nالاسم باللغة الانجليزية:\nالعنوان/المدينة:\nالتصنيف:\nمعلومات اخرى:\nالوصف: منتج شحات السياحي\nالتصن منتجع سياحي\nالمدي شحات\nعدد_ا 15\nعدد 1 30\nعدد الشاليهات:\nعدد الاسرة:\nالخدمات المتوفرة:\nوسائل الاتصال:\nالاسعار:\nللحجز والاستفسار:\nاوقات العمل:\nالتقييمات والانطباعات:\n:\n: منتج شحات السياحي",
        "description_en": null,
        "phone": "اوقات العمل:",
        "email": null,
        "website": "الاسعار:",
        "stars": null,
        "rooms": null,
        "beds": null,
        "units": null,
        "capacity": null,
        "beach_access": null,
        "pool_available": null,
        "restaurant_available": null,
        "parking_available": null,
        "family_friendly": null,
        "status": null,
        "license_status": null,
        "operational_status": null,
        "ownership_type": null,
        "data_quality_status": "medium",
        "data_review_status": "integrated",
        "source_image_url": "https://lh3.googleusercontent.com/umsh/AN6v0v63MRYoxabo8EPmfRDA_25dtcMQYJOvSQexdQpBeznX3Qicei4wLDDBC7HuMLQThdda2O-2gCPAFYoLe3pt40AYJgN97R67kqHYxPtZDjel_ENiNJq5mRczhNfh_ePN2Ejuh9blQJU_EOZXQJ9cu-HWSiPeNjBA5utzWzMTveK-ntHhmgN9jjyLQfFpY8Odi85m2X57sMz0mzcipR6FLy_wB-gpqLMG0IxU_84qTlQcf8crWRl-0rAJ6gYS0vdST_tsmXN-pV4Lphp20fZ_kxk67O4B8qTSqM5ybCn9njFlbHs9XY9lvYdxdSJLv0MiWNec5yb0P2sLJvAjd3FKld7L3vDl-WKmn8x3irdCDWn2bnaxQFD7uCDYlC9_62XphBLSfJI4tqfEaR5q1WBnvaaxM9qxK-5ATVRd4ELr2wBqj3lUGvjUxcWzSZG-t4Rl_Z7IHI9btFgw8-uh_Qn59B-Pf8JVFSRptNk5oX4whxlYsmsc7SNioXrv6s-gLrXaX9YxjqqGL6AyAy0UQ5Z2YtzKlZyj3pmKgLYFL7jL0CBYgBQ_HvO_AxqLgl0IKMTLxk1WoLkWr2ekRvdaDLg43KYdgsnA5sYfpI2KPEaxldMxC5UYOQLDgMWfI7i2gXuUjzR12oPbm5tfv86QkvzAhwUBw1dMGGwsIEHoL0Wfs8KQ-pSQVP6z4EC-pN6hycWATDYh_fZd4T1IgBMuNcmGdfSXD2apvQ",
        "source_image_provider": "google_mymaps",
        "source_image_status": "temporary_google_url",
        "local_images": [],
        "image_count": 0,
        "created_at": "2026-08-06",
        "updated_at": "2026-08-06",
        "name_score": 1.0,
        "coordinate_score": 1.0,
        "classification_score": 1.0,
        "contact_score": 1.0,
        "capacity_score": 0.0,
        "services_score": 1.0,
        "image_score": 0.0,
        "completeness_score": 0.5,
        "overall_quality_score": 0.71,
        "data_completeness_percent": 50,
        "missing_fields": [
          "rooms",
          "beds",
          "units",
          "capacity",
          "license",
          "operation",
          "image"
        ],
        "match_status": "exact_match",
        "coordinate_review_status": "valid",
        "coordinate_change_reason": null,
        "original_coordinates": [
          21.879472,
          32.824524
        ]
      },
      "geometry": {
        "type": "Point",
        "coordinates": [
          21.879472,
          32.824524
        ]
      }
    },
    {
      "type": "Feature",
      "id": "LY-ACC-RES-SHA-00002",
      "properties": {
        "id": "LY-ACC-RES-SHA-00002",
        "name_ar": "منتجع وموتيل الأمان 1",
        "name_en": "العنوان/المدينة:",
        "name_normalized_ar": "منتجعوموتيلالامان1",
        "translation_status": "source_provided",
        "category": "القرى والمنتجعات السياحية",
        "subcategory_ar": "منتجع سياحي",
        "subcategory_en": "Tourist resort",
        "facility_type_code": "tourist_resort",
        "municipality_ar": "شحات",
        "municipality_en": "Shahhat",
        "city_ar": "شحات",
        "city_en": "Shahhat",
        "region_ar": "برقة",
        "region_en": "Cyrenaica",
        "address_ar": "التصنيف:",
        "address_en": null,
        "longitude": 21.894591,
        "latitude": 32.801446,
        "source": "Tourist villages and resorts KML",
        "source_kml": "data/incoming/tourist-villages-resorts.kml",
        "source_record_index": 102,
        "description_ar": "الوصف:\nالاسم باللغة الانجليزية:\nالعنوان/المدينة:\nالتصنيف:\nمعلومات اخرى:\nالوصف: منتجع وموتيل الأمان 1\nالتصن منتجع سياحي\nالمدي شحات\nعدد_ا 25\nعدد 1 102\nعدد الشاليهات:\nعدد الاسرة:\nالخدمات المتوفرة:\nوسائل الاتصال:\nالاسعار:\nللحجز والاستفسار:\nاوقات العمل:\nالتقييمات والانطباعات:\n:\n: منتجع وموتيل الأمان 1",
        "description_en": null,
        "phone": "اوقات العمل:",
        "email": null,
        "website": "الاسعار:",
        "stars": null,
        "rooms": null,
        "beds": null,
        "units": null,
        "capacity": null,
        "beach_access": null,
        "pool_available": null,
        "restaurant_available": null,
        "parking_available": null,
        "family_friendly": null,
        "status": null,
        "license_status": null,
        "operational_status": null,
        "ownership_type": null,
        "data_quality_status": "medium",
        "data_review_status": "integrated",
        "source_image_url": "https://lh3.googleusercontent.com/umsh/AN6v0v6bQA2M2unAe4ThqH_xofNhfuZsP_OYuVGW6oCBLW0cHfS4ebS7AX4JlPFKWrLxe-Ys3WVI07CN2Ip7ju2j4yGbeFNIsaHdjvi4wy2c6mYaBoNzCQ5KpI2i00eJgp2R96HVSFrQlAJu2_I4lLqkEcNzl15_zrobzBrv4uW9mbU-RhhGH4VSaIUOLsooZtGsNHh_6o7eUqyszNjBClr4VMW3UP_fOthlxjGvNVQFi7vHDRaXE2x9xVdXMBOAN-e7J36laukASYRMzCL8cLkfCPzfQxCIrlgsDxhTMB8x7uvHF3PDMaF7YmqK5592hv9BZtxuG3Yf3_WIfjXgxlMf-cAPlkeaAhCED1WQbql-pqfS3Q46LUcz11T0EqWmEgMjsvtEbECLsRnvMHUHGPqJZbBK4-GvhUZi0ZDSDOR3LeDzWST_9an8e0BcWfU-hlwhLB22M27rs37s1KDRIoWG8myHzYq_JTVQhCOES6JPkX5mqktVq_OiLElucvP8jI2UTCSHDbUxb9E-w4TgUZWKIxAB-MI7omM1hsGi4FFqTpOe2V08bUVxWm-v0JKjCq47i4cYH0PlWuX0bXju3vyJT2ckawZiHtTq28xVNlYBOn6AwXn5mXZE2bMngXfuQQcHsXMYxRmdo1M8ChQcGV_-6MiVs_CD-qA2Cg3A2XwE8KaGg7d4R4YwwhNhmvYpbgMFkuUA3umSoCR6UOXPIzfmiGHEYOTpLA",
        "source_image_provider": "google_mymaps",
        "source_image_status": "temporary_google_url",
        "local_images": [],
        "image_count": 0,
        "created_at": "2026-08-06",
        "updated_at": "2026-08-06",
        "name_score": 1.0,
        "coordinate_score": 1.0,
        "classification_score": 1.0,
        "contact_score": 1.0,
        "capacity_score": 0.0,
        "services_score": 1.0,
        "image_score": 0.0,
        "completeness_score": 0.5,
        "overall_quality_score": 0.71,
        "data_completeness_percent": 50,
        "missing_fields": [
          "rooms",
          "beds",
          "units",
          "capacity",
          "license",
          "operation",
          "image"
        ],
        "match_status": "exact_match",
        "coordinate_review_status": "valid",
        "coordinate_change_reason": null,
        "original_coordinates": [
          21.894591,
          32.801446
        ]
      },
      "geometry": {
        "type": "Point",
        "coordinates": [
          21.894591,
          32.801446
        ]
      }
    },
    {
      "type": "Feature",
      "id": "LY-ACC-RES-SHA-00003",
      "properties": {
        "id": "LY-ACC-RES-SHA-00003",
        "name_ar": "منتجع وموتيل الأمان 3",
        "name_en": "العنوان/المدينة:",
        "name_normalized_ar": "منتجعوموتيلالامان3",
        "translation_status": "source_provided",
        "category": "القرى والمنتجعات السياحية",
        "subcategory_ar": "منتجع سياحي",
        "subcategory_en": "Tourist resort",
        "facility_type_code": "tourist_resort",
        "municipality_ar": "شحات",
        "municipality_en": "Shahhat",
        "city_ar": "شحات",
        "city_en": "Shahhat",
        "region_ar": "برقة",
        "region_en": "Cyrenaica",
        "address_ar": "التصنيف:",
        "address_en": null,
        "longitude": 21.923466,
        "latitude": 32.826342,
        "source": "Tourist villages and resorts KML",
        "source_kml": "data/incoming/tourist-villages-resorts.kml",
        "source_record_index": 103,
        "description_ar": "الوصف:\nالاسم باللغة الانجليزية:\nالعنوان/المدينة:\nالتصنيف:\nمعلومات اخرى:\nالوصف: منتجع وموتيل الأمان 3\nالتصن منتجع سياحي\nالمدي شحات\nعدد_ا 10\nعدد 1 45\nعدد الشاليهات:\nعدد الاسرة:\nالخدمات المتوفرة:\nوسائل الاتصال:\nالاسعار:\nللحجز والاستفسار:\nاوقات العمل:\nالتقييمات والانطباعات:\n:\n: منتجع وموتيل الأمان 3",
        "description_en": null,
        "phone": "اوقات العمل:",
        "email": null,
        "website": "الاسعار:",
        "stars": null,
        "rooms": null,
        "beds": null,
        "units": null,
        "capacity": null,
        "beach_access": null,
        "pool_available": null,
        "restaurant_available": null,
        "parking_available": null,
        "family_friendly": null,
        "status": null,
        "license_status": null,
        "operational_status": null,
        "ownership_type": null,
        "data_quality_status": "medium",
        "data_review_status": "integrated",
        "source_image_url": "https://lh3.googleusercontent.com/umsh/AN6v0v5scjqUgQSDpcdxev8UYtoAzffIImAdCCs_JJUMZj073vIu2JJ0gMCkfkSSz-68zH8wygkXOShtdvdELP9wAarp323e3D6cD0Xe0bvTcJUfIcH7c-QNNQiqLl2Gh6qaj3VhKf2PzMP3v72zl4Gs6ruMW-W1MNWAwxijjwfvmkYzMO5VkKYBSDmrI8LuaHHnkq1aQIasQnUUdDWm49PVmlL7ALaAc8kExdFsKboAaXZDPDpJaDLX9vZVopf7MAtJzHI3abbfH55Xo_0SDuquhDVTCnvFYYdM7UeULJPkQKkv3QJP32wbkzekiZ1Ip4T-fDhOOKtYgjFjiXhjsZwjaGXUKbaFZhFwZ92T3BQrMZet_Z_0WSYHtFdb-eiRBFeAxbVqa8htcdt_y_cJGuiApmd0_a8laoT28kwBe12670IeVYBfVdURhruFnrX1Cetvd8P2QFr_QDRePfz_UKwjwTG52CNvKPKJgEJRubjleaMdRdPeQWXH2-FlxHb3O6Pbbg3mNoLgONO91FIghgFkizHBlIUkeVgvrDZTUPK4lKRD56EvgOttCranP9RIEZpcWIM0V8ZQgD4EYCbmSrD2i_PvlYdXor1XkQ1wEWVHoKcROH5pS_H-fH5O0kimZdUvpJEIrxHZ3tm9UdTitONu5pDTmlljrJqTbueusZRNz167rBHaJsTHo89Fg6F7-9Qfpw0pCWPzcKXBq_-MVvS2jXJXa22SWg",
        "source_image_provider": "google_mymaps",
        "source_image_status": "temporary_google_url",
        "local_images": [],
        "image_count": 0,
        "created_at": "2026-08-06",
        "updated_at": "2026-08-06",
        "name_score": 1.0,
        "coordinate_score": 1.0,
        "classification_score": 1.0,
        "contact_score": 1.0,
        "capacity_score": 0.0,
        "services_score": 1.0,
        "image_score": 0.0,
        "completeness_score": 0.5,
        "overall_quality_score": 0.71,
        "data_completeness_percent": 50,
        "missing_fields": [
          "rooms",
          "beds",
          "units",
          "capacity",
          "license",
          "operation",
          "image"
        ],
        "match_status": "exact_match",
        "coordinate_review_status": "valid",
        "coordinate_change_reason": null,
        "original_coordinates": [
          21.923466,
          32.826342
        ]
      },
      "geometry": {
        "type": "Point",
        "coordinates": [
          21.923466,
          32.826342
        ]
      }
    },
    {
      "type": "Feature",
      "id": "LY-ACC-RES-SHA-00004",
      "properties": {
        "id": "LY-ACC-RES-SHA-00004",
        "name_ar": "شاليهات بوعطية",
        "name_en": "العنوان/المدينة:",
        "name_normalized_ar": "شاليهاتبوعطيه",
        "translation_status": "source_provided",
        "category": "القرى والمنتجعات السياحية",
        "subcategory_ar": "منتجع سياحي",
        "subcategory_en": "Tourist resort",
        "facility_type_code": "tourist_resort",
        "municipality_ar": "شحات",
        "municipality_en": "Shahhat",
        "city_ar": "شحات",
        "city_en": "Shahhat",
        "region_ar": "برقة",
        "region_en": "Cyrenaica",
        "address_ar": "التصنيف:",
        "address_en": null,
        "longitude": 21.897302,
        "latitude": 32.842844,
        "source": "Tourist villages and resorts KML",
        "source_kml": "data/incoming/tourist-villages-resorts.kml",
        "source_record_index": 104,
        "description_ar": "الوصف: الاسم باللغة الانجليزية:\nالعنوان/المدينة:\nالتصنيف:\nمعلومات اخرى:\nالوصف: شاليهات بوعطية\nالتصن منتجع سياحي\nالمدي شحات\nعدد_ا 12\nعدد 1 65\nعدد الشاليهات:\nعدد الاسرة:\nالخدمات المتوفرة:\nوسائل الاتصال:\nالاسعار:\nللحجز والاستفسار:\nاوقات العمل:\nالتقييمات والانطباعات:\n:\n: شاليهات بوعطية",
        "description_en": null,
        "phone": "اوقات العمل:",
        "email": null,
        "website": "الاسعار:",
        "stars": null,
        "rooms": null,
        "beds": null,
        "units": null,
        "capacity": null,
        "beach_access": null,
        "pool_available": null,
        "restaurant_available": null,
        "parking_available": null,
        "family_friendly": null,
        "status": null,
        "license_status": null,
        "operational_status": null,
        "ownership_type": null,
        "data_quality_status": "medium",
        "data_review_status": "integrated",
        "source_image_url": null,
        "source_image_provider": null,
        "source_image_status": "no_image",
        "local_images": [],
        "image_count": 0,
        "created_at": "2026-08-06",
        "updated_at": "2026-08-06",
        "name_score": 1.0,
        "coordinate_score": 1.0,
        "classification_score": 1.0,
        "contact_score": 1.0,
        "capacity_score": 0.0,
        "services_score": 1.0,
        "image_score": 0.0,
        "completeness_score": 0.5,
        "overall_quality_score": 0.71,
        "data_completeness_percent": 50,
        "missing_fields": [
          "rooms",
          "beds",
          "units",
          "capacity",
          "license",
          "operation",
          "image"
        ],
        "match_status": "exact_match",
        "coordinate_review_status": "valid",
        "coordinate_change_reason": null,
        "original_coordinates": [
          21.897302,
          32.842844
        ]
      },
      "geometry": {
        "type": "Point",
        "coordinates": [
          21.897302,
          32.842844
        ]
      }
    },
    {
      "type": "Feature",
      "id": "LY-ACC-RES-SHA-00005",
      "properties": {
        "id": "LY-ACC-RES-SHA-00005",
        "name_ar": "منتجع جود السياحي",
        "name_en": "العنوان/المدينة:",
        "name_normalized_ar": "منتجعجودالسياحي",
        "translation_status": "source_provided",
        "category": "القرى والمنتجعات السياحية",
        "subcategory_ar": "منتجع سياحي",
        "subcategory_en": "Tourist resort",
        "facility_type_code": "tourist_resort",
        "municipality_ar": "شحات",
        "municipality_en": "Shahhat",
        "city_ar": "شحات",
        "city_en": "Shahhat",
        "region_ar": "برقة",
        "region_en": "Cyrenaica",
        "address_ar": "التصنيف:",
        "address_en": null,
        "longitude": 21.88843,
        "latitude": 32.840597,
        "source": "Tourist villages and resorts KML",
        "source_kml": "data/incoming/tourist-villages-resorts.kml",
        "source_record_index": 105,
        "description_ar": "الوصف: الاسم باللغة الانجليزية:\nالعنوان/المدينة:\nالتصنيف:\nمعلومات اخرى:\nالوصف: منتجع جود السياحي\nالتصن منتجع سياحي\nالمدي شحات\nعدد_ا 23\nعدد 1 92\nعدد الشاليهات:\nعدد الاسرة:\nالخدمات المتوفرة:\nوسائل الاتصال:\nالاسعار:\nللحجز والاستفسار:\nاوقات العمل:\nالتقييمات والانطباعات:\n:\n: منتجع جود السياحي",
        "description_en": null,
        "phone": "اوقات العمل:",
        "email": null,
        "website": "الاسعار:",
        "stars": null,
        "rooms": null,
        "beds": null,
        "units": null,
        "capacity": null,
        "beach_access": null,
        "pool_available": null,
        "restaurant_available": null,
        "parking_available": null,
        "family_friendly": null,
        "status": null,
        "license_status": null,
        "operational_status": null,
        "ownership_type": null,
        "data_quality_status": "medium",
        "data_review_status": "integrated",
        "source_image_url": null,
        "source_image_provider": null,
        "source_image_status": "no_image",
        "local_images": [],
        "image_count": 0,
        "created_at": "2026-08-06",
        "updated_at": "2026-08-06",
        "name_score": 1.0,
        "coordinate_score": 1.0,
        "classification_score": 1.0,
        "contact_score": 1.0,
        "capacity_score": 0.0,
        "services_score": 1.0,
        "image_score": 0.0,
        "completeness_score": 0.5,
        "overall_quality_score": 0.71,
        "data_completeness_percent": 50,
        "missing_fields": [
          "rooms",
          "beds",
          "units",
          "capacity",
          "license",
          "operation",
          "image"
        ],
        "match_status": "exact_match",
        "coordinate_review_status": "valid",
        "coordinate_change_reason": null,
        "original_coordinates": [
          21.88843,
          32.840597
        ]
      },
      "geometry": {
        "type": "Point",
        "coordinates": [
          21.88843,
          32.840597
        ]
      }
    },
    {
      "type": "Feature",
      "id": "LY-ACC-RES-KHO-00019",
      "properties": {
        "id": "LY-ACC-RES-KHO-00019",
        "name_ar": "إستراحات فردية درجة أولى",
        "name_en": "العنوان/المدينة:",
        "name_normalized_ar": "استراحاتفرديهدرجهاولي",
        "translation_status": "source_provided",
        "category": "القرى والمنتجعات السياحية",
        "subcategory_ar": "منتجع سياحي",
        "subcategory_en": "Tourist resort",
        "facility_type_code": "tourist_resort",
        "municipality_ar": "الخمس",
        "municipality_en": "Khoms",
        "city_ar": "الخمس",
        "city_en": "Khoms",
        "region_ar": "المرقب",
        "region_en": "Al Marqab",
        "address_ar": "التصنيف: إسم_ا إستراحات فردية درجة أولى التصن منتجع سياحي",
        "address_en": null,
        "longitude": 21.867999,
        "latitude": 32.847121,
        "source": "Tourist villages and resorts KML",
        "source_kml": "data/incoming/tourist-villages-resorts.kml",
        "source_record_index": 106,
        "description_ar": "الوصف: الاسم باللغة الانجليزية:\nالعنوان/المدينة:\nالتصنيف: إسم_ا إستراحات فردية درجة أولى التصن منتجع سياحي\nمعلومات اخرى: استراحات خالد الخمسي أخيكم خالد_الأحول (الخمسي) يفتتح 6 أستراحات جديدة بمنطقة شحات وسوسة بالمنطقة الشرقية تشطيب ممتاز وخصوصية تامة وبأسعار تنافسية وممتازة وهدوء تام ومنطقة مطله علي الأثار وعلى سلسلة الجبال الخضراء\nالوصف: إستراحات فردية درجة أولى\nالمدي شحات\nعدد الشاليهات: عدد_ا 30\nعدد 1 120\nعدد الاسرة:\nالخدمات المتوفرة:\nوسائل الاتصال: 0926826124\n0912136593\nالاسعار:\nللحجز والاستفسار:\nاوقات العمل:\nالتقييمات والانطباعات:\n:\n: استراحات خالد الخمسي أخيكم خالد_الأحول (الخمسي) يفتتح 6 أستراحات جديدة بمنطقة شحات وسوسة بالمنطقة الشرقية تشطيب ممتاز وخصوصية تامة وبأسعار تنافسية وممتازة وهدوء تام ومنطقة مطله علي الأثار وعلى سلسلة الجبال الخضراء\n: إستراحات فردية درجة أولى\n: 0926826124",
        "description_en": null,
        "phone": "اوقات العمل:",
        "email": null,
        "website": "0926826124",
        "stars": null,
        "rooms": null,
        "beds": null,
        "units": 30,
        "capacity": null,
        "beach_access": null,
        "pool_available": null,
        "restaurant_available": null,
        "parking_available": null,
        "family_friendly": null,
        "status": null,
        "license_status": null,
        "operational_status": null,
        "ownership_type": null,
        "data_quality_status": "medium",
        "data_review_status": "integrated",
        "source_image_url": null,
        "source_image_provider": null,
        "source_image_status": "no_image",
        "local_images": [],
        "image_count": 0,
        "created_at": "2026-08-06",
        "updated_at": "2026-08-06",
        "name_score": 1.0,
        "coordinate_score": 1.0,
        "classification_score": 1.0,
        "contact_score": 1.0,
        "capacity_score": 1.0,
        "services_score": 1.0,
        "image_score": 0.0,
        "completeness_score": 0.57,
        "overall_quality_score": 0.86,
        "data_completeness_percent": 57,
        "missing_fields": [
          "rooms",
          "beds",
          "capacity",
          "license",
          "operation",
          "image"
        ],
        "match_status": "exact_match",
        "coordinate_review_status": "valid",
        "coordinate_change_reason": null,
        "original_coordinates": [
          21.867999,
          32.847121
        ]
      },
      "geometry": {
        "type": "Point",
        "coordinates": [
          21.867999,
          32.847121
        ]
      }
    },
    {
      "type": "Feature",
      "id": "LY-ACC-RES-SHA-00006",
      "properties": {
        "id": "LY-ACC-RES-SHA-00006",
        "name_ar": "إستراحات فردية",
        "name_en": "العنوان/المدينة:",
        "name_normalized_ar": "استراحاتفرديه",
        "translation_status": "source_provided",
        "category": "القرى والمنتجعات السياحية",
        "subcategory_ar": "منتجع سياحي",
        "subcategory_en": "Tourist resort",
        "facility_type_code": "tourist_resort",
        "municipality_ar": "شحات",
        "municipality_en": "Shahhat",
        "city_ar": "شحات",
        "city_en": "Shahhat",
        "region_ar": "برقة",
        "region_en": "Cyrenaica",
        "address_ar": "التصنيف:",
        "address_en": null,
        "longitude": 21.867296,
        "latitude": 32.847073,
        "source": "Tourist villages and resorts KML",
        "source_kml": "data/incoming/tourist-villages-resorts.kml",
        "source_record_index": 107,
        "description_ar": "الوصف: الاسم باللغة الانجليزية:\nالعنوان/المدينة:\nالتصنيف:\nمعلومات اخرى:\nالوصف: إستراحات فردية\nالتصن منتجع سياحي\nالمدي شحات\nعدد_ا 500\nعدد 1 2000\nعدد الشاليهات:\nعدد الاسرة:\nالخدمات المتوفرة:\nوسائل الاتصال:\nالاسعار:\nللحجز والاستفسار:\nاوقات العمل:\nالتقييمات والانطباعات:\n:\n: إستراحات فردية",
        "description_en": null,
        "phone": "اوقات العمل:",
        "email": null,
        "website": "الاسعار:",
        "stars": null,
        "rooms": null,
        "beds": null,
        "units": null,
        "capacity": null,
        "beach_access": null,
        "pool_available": null,
        "restaurant_available": null,
        "parking_available": null,
        "family_friendly": null,
        "status": null,
        "license_status": null,
        "operational_status": null,
        "ownership_type": null,
        "data_quality_status": "medium",
        "data_review_status": "integrated",
        "source_image_url": null,
        "source_image_provider": null,
        "source_image_status": "no_image",
        "local_images": [],
        "image_count": 0,
        "created_at": "2026-08-06",
        "updated_at": "2026-08-06",
        "name_score": 1.0,
        "coordinate_score": 1.0,
        "classification_score": 1.0,
        "contact_score": 1.0,
        "capacity_score": 0.0,
        "services_score": 1.0,
        "image_score": 0.0,
        "completeness_score": 0.5,
        "overall_quality_score": 0.71,
        "data_completeness_percent": 50,
        "missing_fields": [
          "rooms",
          "beds",
          "units",
          "capacity",
          "license",
          "operation",
          "image"
        ],
        "match_status": "exact_match",
        "coordinate_review_status": "valid",
        "coordinate_change_reason": null,
        "original_coordinates": [
          21.867296,
          32.847073
        ]
      },
      "geometry": {
        "type": "Point",
        "coordinates": [
          21.867296,
          32.847073
        ]
      }
    },
    {
      "type": "Feature",
      "id": "LY-ACC-RES-SHA-00007",
      "properties": {
        "id": "LY-ACC-RES-SHA-00007",
        "name_ar": "منتجع الاسرة السعيدة",
        "name_en": "العنوان/المدينة:",
        "name_normalized_ar": "منتجعالاسرهالسعيده",
        "translation_status": "source_provided",
        "category": "القرى والمنتجعات السياحية",
        "subcategory_ar": "منتجع سياحي",
        "subcategory_en": "Tourist resort",
        "facility_type_code": "tourist_resort",
        "municipality_ar": "شحات",
        "municipality_en": "Shahhat",
        "city_ar": "شحات",
        "city_en": "Shahhat",
        "region_ar": "برقة",
        "region_en": "Cyrenaica",
        "address_ar": "التصنيف:",
        "address_en": null,
        "longitude": 21.873265,
        "latitude": 32.816855,
        "source": "Tourist villages and resorts KML",
        "source_kml": "data/incoming/tourist-villages-resorts.kml",
        "source_record_index": 108,
        "description_ar": "الوصف:\nالاسم باللغة الانجليزية:\nالعنوان/المدينة:\nالتصنيف:\nمعلومات اخرى:\nالوصف: منتجع الاسرة السعيدة\nالتصن منتجع سياحي\nالمدي شحات\nعدد_ا 15\nعدد 1 45\nعدد الشاليهات:\nعدد الاسرة:\nالخدمات المتوفرة:\nوسائل الاتصال:\nالاسعار:\nللحجز والاستفسار:\nاوقات العمل:\nالتقييمات والانطباعات:\n:\n: منتجع الاسرة السعيدة",
        "description_en": null,
        "phone": "اوقات العمل:",
        "email": null,
        "website": "الاسعار:",
        "stars": null,
        "rooms": null,
        "beds": null,
        "units": null,
        "capacity": null,
        "beach_access": null,
        "pool_available": null,
        "restaurant_available": null,
        "parking_available": null,
        "family_friendly": null,
        "status": null,
        "license_status": null,
        "operational_status": null,
        "ownership_type": null,
        "data_quality_status": "medium",
        "data_review_status": "integrated",
        "source_image_url": "https://lh3.googleusercontent.com/umsh/AN6v0v5Hb5f_ckMjWd5Noav8PcdfSG-NEYfOl74qxd8HmLdUynuK4l7fCs73MkPSpLukAiN1B3vo5ptZjW-SroiDQB7tZgw-fJqrSEMdHLA8fROQoCl63m_I3vwijlZWoegkhA7Ti2FwPu0t0izvGjzAEXZi6C634x2IzOMpzscM1rmQSzCiCPK4hKhzwhyrogePd1jMf82G4Cb41jyGniFcv24vF0TqRweqY8JZyhYkAjxEHjdkRWN9AQmksxUfV-43m43Hba6kMgIXhcJS3cw8Ap_J38xmfP8o0592-CuxwL76MKnkpoMM13vLHY1Ca3PqA65X9ryJdD0xWkBL0g8pQJb-Ncq-8h_4QcGGI9Y5ebnX9E3uKiA7qiSwhDpUsrLk5n8zaIaoXbrnGskllHI6TDRF26UdG5wQnr84DXio5LItZkAA1JVf6q0WX_u9z7jnJNuhBN-KQvsFB2tQu9ZsauP7v0fNkwSoAoNDFKJTIdOpWiAcmHS4o0FHLRdNS9WOVTKX9eRHO4jASiv6Sovfuuu3207DseS2OvlsRxdnx1C86xFSjAxQUfAIcf-GEOEQnKtSY6zWq07KFxmqPv_b9vwMG4_sX1HLvS-Ly0sFBmneTh_AWtojRXxW2WvxkGn-khfvIedo6bIQY5YHFocE7sQJbVzsDXyVmN2R9U_iD3_SI5MgdFSF23G3Dn08pnkfglS330lVpOiVCm5kO_pLPEYsnOlQ",
        "source_image_provider": "google_mymaps",
        "source_image_status": "temporary_google_url",
        "local_images": [],
        "image_count": 0,
        "created_at": "2026-08-06",
        "updated_at": "2026-08-06",
        "name_score": 1.0,
        "coordinate_score": 1.0,
        "classification_score": 1.0,
        "contact_score": 1.0,
        "capacity_score": 0.0,
        "services_score": 1.0,
        "image_score": 0.0,
        "completeness_score": 0.5,
        "overall_quality_score": 0.71,
        "data_completeness_percent": 50,
        "missing_fields": [
          "rooms",
          "beds",
          "units",
          "capacity",
          "license",
          "operation",
          "image"
        ],
        "match_status": "exact_match",
        "coordinate_review_status": "valid",
        "coordinate_change_reason": null,
        "original_coordinates": [
          21.873265,
          32.816855
        ]
      },
      "geometry": {
        "type": "Point",
        "coordinates": [
          21.873265,
          32.816855
        ]
      }
    },
    {
      "type": "Feature",
      "id": "LY-ACC-RES-SHA-00008",
      "properties": {
        "id": "LY-ACC-RES-SHA-00008",
        "name_ar": "شاليهات بومؤمن",
        "name_en": "العنوان/المدينة:",
        "name_normalized_ar": "شاليهاتبومومن",
        "translation_status": "source_provided",
        "category": "القرى والمنتجعات السياحية",
        "subcategory_ar": "منتجع سياحي",
        "subcategory_en": "Tourist resort",
        "facility_type_code": "tourist_resort",
        "municipality_ar": "شحات",
        "municipality_en": "Shahhat",
        "city_ar": "شحات",
        "city_en": "Shahhat",
        "region_ar": "برقة",
        "region_en": "Cyrenaica",
        "address_ar": "التصنيف:",
        "address_en": null,
        "longitude": 21.84664,
        "latitude": 32.858583,
        "source": "Tourist villages and resorts KML",
        "source_kml": "data/incoming/tourist-villages-resorts.kml",
        "source_record_index": 109,
        "description_ar": "الوصف: الاسم باللغة الانجليزية:\nالعنوان/المدينة:\nالتصنيف:\nمعلومات اخرى:\nالوصف: شاليهات بومؤمن\nالتصن منتجع سياحي\nالمدي شحات\nعدد_ا 6\nعدد 1 24\nعدد الشاليهات:\nعدد الاسرة:\nالخدمات المتوفرة:\nوسائل الاتصال:\nالاسعار:\nللحجز والاستفسار:\nاوقات العمل:\nالتقييمات والانطباعات:\n:\n: شاليهات بومؤمن",
        "description_en": null,
        "phone": "اوقات العمل:",
        "email": null,
        "website": "الاسعار:",
        "stars": null,
        "rooms": null,
        "beds": null,
        "units": null,
        "capacity": null,
        "beach_access": null,
        "pool_available": null,
        "restaurant_available": null,
        "parking_available": null,
        "family_friendly": null,
        "status": null,
        "license_status": null,
        "operational_status": null,
        "ownership_type": null,
        "data_quality_status": "medium",
        "data_review_status": "integrated",
        "source_image_url": null,
        "source_image_provider": null,
        "source_image_status": "no_image",
        "local_images": [],
        "image_count": 0,
        "created_at": "2026-08-06",
        "updated_at": "2026-08-06",
        "name_score": 1.0,
        "coordinate_score": 1.0,
        "classification_score": 1.0,
        "contact_score": 1.0,
        "capacity_score": 0.0,
        "services_score": 1.0,
        "image_score": 0.0,
        "completeness_score": 0.5,
        "overall_quality_score": 0.71,
        "data_completeness_percent": 50,
        "missing_fields": [
          "rooms",
          "beds",
          "units",
          "capacity",
          "license",
          "operation",
          "image"
        ],
        "match_status": "exact_match",
        "coordinate_review_status": "valid",
        "coordinate_change_reason": null,
        "original_coordinates": [
          21.84664,
          32.858583
        ]
      },
      "geometry": {
        "type": "Point",
        "coordinates": [
          21.84664,
          32.858583
        ]
      }
    },
    {
      "type": "Feature",
      "id": "LY-ACC-RES-SHA-00009",
      "properties": {
        "id": "LY-ACC-RES-SHA-00009",
        "name_ar": "منتجع سيف للسياحه ولاستثمار",
        "name_en": "العنوان/المدينة:",
        "name_normalized_ar": "منتجعسيفللسياحهولاستثمار",
        "translation_status": "source_provided",
        "category": "القرى والمنتجعات السياحية",
        "subcategory_ar": "منتجع سياحي",
        "subcategory_en": "Tourist resort",
        "facility_type_code": "tourist_resort",
        "municipality_ar": "شحات",
        "municipality_en": "Shahhat",
        "city_ar": "شحات",
        "city_en": "Shahhat",
        "region_ar": "برقة",
        "region_en": "Cyrenaica",
        "address_ar": "التصنيف:",
        "address_en": null,
        "longitude": 21.903627,
        "latitude": 32.796428,
        "source": "Tourist villages and resorts KML",
        "source_kml": "data/incoming/tourist-villages-resorts.kml",
        "source_record_index": 110,
        "description_ar": "الوصف:\nالاسم باللغة الانجليزية:\nالعنوان/المدينة:\nالتصنيف:\nمعلومات اخرى:\nالوصف: منتجع سيف للسياحه ولاستثمار\nشحات\nالتصن منتجع سياحي\nالمدي شحات\nعدد_ا 8\nعدد 1 32\nعدد الشاليهات:\nعدد الاسرة:\nالخدمات المتوفرة:\nوسائل الاتصال:\nالاسعار:\nللحجز والاستفسار:\nاوقات العمل:\nالتقييمات والانطباعات:\n:\n: منتجع سيف للسياحه ولاستثمار",
        "description_en": null,
        "phone": "اوقات العمل:",
        "email": null,
        "website": "الاسعار:",
        "stars": null,
        "rooms": null,
        "beds": null,
        "units": null,
        "capacity": null,
        "beach_access": null,
        "pool_available": null,
        "restaurant_available": null,
        "parking_available": null,
        "family_friendly": null,
        "status": null,
        "license_status": null,
        "operational_status": null,
        "ownership_type": null,
        "data_quality_status": "medium",
        "data_review_status": "integrated",
        "source_image_url": "https://lh3.googleusercontent.com/umsh/AN6v0v4JBp4D1v70LNjiA4LfL5A8zPyjoN5OeRB-ZpOB4o1JS8GMIovZ9HevNCwki7yg5L3gXXDiLE2m4AJ7dqT6020KG453lgx5DgpNBs9L5JBtyJ1StuTBASP1GTV8znRLFVgMr1QM8PftvGcz8A79rT-85B6zs5SJmXgE_iinXxQFS_6Q5y-3iPKVrdo57Pb0Y-F08h4AFtdg7McS8S0eqtVaFQy_Ih-k33zCn2XLc0ZQ1XtD0CY72QEeUPN_6nZfIgw5NaiYiJ89N8JJO5IzZUmnesUmecCDOkrzISY5-ZGREADJ-KlVKb-BratKdEAYcpBh5gkSvYfZwShkW2b5LZktGRmZBjgCvlKFazXWAia1d0amBhMEYxrCZt9fsuu-55fV_cSmg_3znx8j1aRpCnAaxTXN_rbgpu5rqIuu91SD9o8dC3TwV5vZAeedVfv0vZOQeB4j4skO2Ku-WpAN5QWOa3gV-1JKzUH3UOVnoRc4IIu9V3boyjwF82qbdb3PzvzMB6Sxp8qVFqwUraNzOpKwh5WUtIk6LqmgQDYtSFs-ISeDWmva-RZgkGhXc_uHq_DBihRdi93iXU_-KCbTkRy5DXyqnTsdBfOWkZ6McTbasUSI7-25jwBN4kHocuZF4uBmYXlOWXuaJwnnnC2h-hD6YDNJFAU4YG-CaQrT0QijZiXv-rLKeOwXEWlsJlLUeufC1zF7quNUgIMBODSbdlQ6smrYCQ",
        "source_image_provider": "google_mymaps",
        "source_image_status": "temporary_google_url",
        "local_images": [],
        "image_count": 0,
        "created_at": "2026-08-06",
        "updated_at": "2026-08-06",
        "name_score": 1.0,
        "coordinate_score": 1.0,
        "classification_score": 1.0,
        "contact_score": 1.0,
        "capacity_score": 0.0,
        "services_score": 1.0,
        "image_score": 0.0,
        "completeness_score": 0.5,
        "overall_quality_score": 0.71,
        "data_completeness_percent": 50,
        "missing_fields": [
          "rooms",
          "beds",
          "units",
          "capacity",
          "license",
          "operation",
          "image"
        ],
        "match_status": "exact_match",
        "coordinate_review_status": "valid",
        "coordinate_change_reason": null,
        "original_coordinates": [
          21.903627,
          32.796428
        ]
      },
      "geometry": {
        "type": "Point",
        "coordinates": [
          21.903627,
          32.796428
        ]
      }
    },
    {
      "type": "Feature",
      "id": "LY-ACC-RES-TOB-00001",
      "properties": {
        "id": "LY-ACC-RES-TOB-00001",
        "name_ar": "منتجع وفندق ريفان السياحي",
        "name_en": "العنوان/المدينة:",
        "name_normalized_ar": "منتجعوفندقريفانالسياحي",
        "translation_status": "source_provided",
        "category": "القرى والمنتجعات السياحية",
        "subcategory_ar": "منشأة سياحية أخرى",
        "subcategory_en": "Other tourism accommodation",
        "facility_type_code": "accommodation_resort_other",
        "municipality_ar": "طبرق",
        "municipality_en": "Tobruk",
        "city_ar": "طبرق",
        "city_en": "Tobruk",
        "region_ar": "برقة",
        "region_en": "Cyrenaica",
        "address_ar": "التصنيف:",
        "address_en": null,
        "longitude": 23.959161,
        "latitude": 32.037293,
        "source": "Tourist villages and resorts KML",
        "source_kml": "data/incoming/tourist-villages-resorts.kml",
        "source_record_index": 111,
        "description_ar": "الوصف:\nالاسم باللغة الانجليزية:\nالعنوان/المدينة:\nالتصنيف:\nمعلومات اخرى:\nالوصف: منتجع وفندق ريفان السياحي\nالمدي طبرق\nعدد_ا 15\nعدد 1 30\nعدد الشاليهات:\nعدد الاسرة:\nالخدمات المتوفرة:\nوسائل الاتصال:\nالاسعار:\nللحجز والاستفسار:\nاوقات العمل:\nالتقييمات والانطباعات:\n:\n: منتجع وفندق ريفان السياحي",
        "description_en": null,
        "phone": "اوقات العمل:",
        "email": null,
        "website": "الاسعار:",
        "stars": null,
        "rooms": null,
        "beds": null,
        "units": null,
        "capacity": null,
        "beach_access": null,
        "pool_available": null,
        "restaurant_available": null,
        "parking_available": null,
        "family_friendly": null,
        "status": null,
        "license_status": null,
        "operational_status": null,
        "ownership_type": null,
        "data_quality_status": "medium",
        "data_review_status": "integrated",
        "source_image_url": "https://lh3.googleusercontent.com/umsh/AN6v0v5jJwfXLvtrXetiaJvZvsNv5y7933UqF5zegpx7dpAiEY6N1tJfTbM-ZdzDTEyoI96b6-A5PrnMu6kMJdWZG2BJO0TFpFhSwWkc8lR2QL__xh20fdrhlHGpK6W6PnWAIyZcHqOEC85Rl6qkfwXrrmK7FDYyimBQMOApIPV57Jml7UWb4FIDy9im3BvCejOBCX1nTSWn2S-wfWN_nL6NhGhSD1ByVB53wdNnrfBNzDlqjZCo_sssO7mHqlrRn32dOxe_iUyVafl4NbkdYjwuQ6TKv1_-5wPtxywCIP5iLVR5ev6XoNL3x6Mo6iT19cjgoPMEbM_fnoYjqPkiyGtWX9aDFn7DMVp_MWRAngZDoKMw60RWmjtcXyFmON6rj_veQIcggt4W_q9WuRJ7EglxeV7NWaqJVU9shLooiZdaOGiS9Ow60rKterDDju9Xnw4YzwEvAid0Y98Y9Zs9zBm8N7WaVbEeZpHxi9tMqvjGzfZCeGdKPA2QcuerBFsNnXJm4i6y5UrpFFYuHbsNAKMIyy-OK-JBqwkGzfmg89OP3PhaOJg13tewOWt738DI4j6uM0UO1SaQ5b4tu0rgaA4jzRWkrVcKC81gth0ebnCq4IyzZ1_dShP0-x3Fe2605tHhxw6A8a7aURscYrjylVqEJ-9FQsKC82kUJZOnUgoIsLPO3pnJJNQMXCnBNhv_RiHgyxvQtUtHp9xxuJbOqcKTvPYrxSLaQA",
        "source_image_provider": "google_mymaps",
        "source_image_status": "temporary_google_url",
        "local_images": [],
        "image_count": 0,
        "created_at": "2026-08-06",
        "updated_at": "2026-08-06",
        "name_score": 1.0,
        "coordinate_score": 1.0,
        "classification_score": 0.65,
        "contact_score": 1.0,
        "capacity_score": 0.0,
        "services_score": 1.0,
        "image_score": 0.0,
        "completeness_score": 0.5,
        "overall_quality_score": 0.66,
        "data_completeness_percent": 50,
        "missing_fields": [
          "rooms",
          "beds",
          "units",
          "capacity",
          "license",
          "operation",
          "image"
        ],
        "match_status": "exact_match",
        "coordinate_review_status": "valid",
        "coordinate_change_reason": null,
        "original_coordinates": [
          23.959161,
          32.037293
        ]
      },
      "geometry": {
        "type": "Point",
        "coordinates": [
          23.959161,
          32.037293
        ]
      }
    },
    {
      "type": "Feature",
      "id": "LY-ACC-RES-ZUW-00012",
      "properties": {
        "id": "LY-ACC-RES-ZUW-00012",
        "name_ar": "قرية سبتيموس السياحية - زوارة",
        "name_en": "قرية سبتموس السياحية زوارة Septimus city resort",
        "name_normalized_ar": "قريهسبتيموسالسياحيهزواره",
        "translation_status": "source_provided",
        "category": "القرى والمنتجعات السياحية",
        "subcategory_ar": "قرية سياحية",
        "subcategory_en": "Tourist village",
        "facility_type_code": "tourist_village",
        "municipality_ar": "زوارة",
        "municipality_en": "Zuwara",
        "city_ar": "زوارة",
        "city_en": "Zuwara",
        "region_ar": "الساحل الغربي",
        "region_en": "Western Coast",
        "address_ar": "زوارة",
        "address_en": null,
        "longitude": 12.008905,
        "latitude": 32.984675,
        "source": "Tourist villages and resorts KML",
        "source_kml": "data/incoming/tourist-villages-resorts.kml",
        "source_record_index": 112,
        "description_ar": "الوصف:\nالاسم باللغة الانجليزية: قرية سبتموس السياحية زوارة Septimus city resort\nالعنوان/المدينة: زوارة\nالتصنيف: قرية سياحية\nمعلومات اخرى: قرية سبتموس زوارة\nللحجز والاستفسار: 0925528753\nنقبل الدفع بالبطاقة المصرفية\nالوصف: منتجع زوارة\nعدد الشاليهات: 15\nعدد الاسرة: 45\nالخدمات المتوفرة:\nالاسعار:\nللحجز والاستفسار: 092-5528753\n0913750485\nاوقات العمل:\nالتقييمات والانطباعات:\n: قرية سبتموس السياحية زوارة Septimus city resort\n: زوارة\n:\n: قرية سبتموس زوارة\n: منتجع زوارة\n: 45\n: 092-5528753",
        "description_en": null,
        "phone": "092-5528753",
        "email": null,
        "website": "https://www.facebook.com/p/ D9 82 D8 B1 D9 8A D8 A9- D8 B3 D8 A8 D8 AA D9 85 D9 88 D8 B3- D8 A7 D9 84 D8 B3 D9 8A D8 A7 D8 AD D9 8A D8 A9- D8 B2 D9 88 D8 A7 D8 B1 D8 A9-61560022806274/",
        "stars": null,
        "rooms": null,
        "beds": 45,
        "units": 15,
        "capacity": null,
        "beach_access": null,
        "pool_available": null,
        "restaurant_available": null,
        "parking_available": null,
        "family_friendly": null,
        "status": null,
        "license_status": null,
        "operational_status": null,
        "ownership_type": null,
        "data_quality_status": "medium",
        "data_review_status": "integrated",
        "source_image_url": "https://lh3.googleusercontent.com/umsh/AN6v0v4FzQVKPJ-3pDF1QkbO1AbzkGZxHMhMIQBK_sDSCJH3pG2DrfXmA7QpAy7l9rceZdOuU7SybD1mzHHQ_WJXTsDsctwJDm2ExEY04sEuCx-z2nE6r0RGXUmiDZehVmpoO9Z8EgHirOoHPJkUPsgNXF5ZaPmYpgrrK5v2K9RwdlSV0YDSWKH8msgcG2pby3ZRv5ay1At58M7eW0KPUe1KoijuMyqLh6NZtcutdAYq2jX2EHqJ_p0c1qjaEfxtqi3EnkBG2SdWRvrlHBkReTwCkdwuBN0jgqLZ9KgK_RumQrS9C0CeJ_0PKjPZRXVamDHNCqORApuk7j3_MWjFUZRG58dFCj7Z3SK3ua4DyBAuXhquoWcD1jlqZDYzNl8kOS5Jln0CmPBms2swZlwHopfdvJ0kiA19LW_O9Y4Az52b-Kd7KIqy-g0wyH2yNkP5SiFIbOAqJUGgiYqBjiCy0LCdZq9ZQ1t89J3ZKDPRZE8qKlq9cTrfjD8OuX4TFl3qgvsb4pt3lqfOoasfCkv4Izng38hVLLuEMUNwb4qS75Geh7ymlRRcTi4qaZVEG4PyifI5R0vDI66j06j2uELOoXXvvumd7aaNTqp0hjgbs5ae9BHMfvWtX9xHhSVkoj8jSvFRmc5Z9d5zJiSFYhP2XVNYUw3GnJoD5W6mekxDBDDJ-EjfEmBhrmidz3X9ZzmPtt3dzmk6YHOXp4kRUi65-CxIWjVeol0T",
        "source_image_provider": "google_mymaps",
        "source_image_status": "temporary_google_url",
        "local_images": [],
        "image_count": 0,
        "created_at": "2026-08-06",
        "updated_at": "2026-08-06",
        "name_score": 1.0,
        "coordinate_score": 1.0,
        "classification_score": 1.0,
        "contact_score": 1.0,
        "capacity_score": 1.0,
        "services_score": 1.0,
        "image_score": 0.0,
        "completeness_score": 0.64,
        "overall_quality_score": 0.86,
        "data_completeness_percent": 64,
        "missing_fields": [
          "rooms",
          "capacity",
          "license",
          "operation",
          "image"
        ],
        "match_status": "exact_match",
        "coordinate_review_status": "valid",
        "coordinate_change_reason": null,
        "original_coordinates": [
          12.008905,
          32.984675
        ]
      },
      "geometry": {
        "type": "Point",
        "coordinates": [
          12.008905,
          32.984675
        ]
      }
    },
    {
      "type": "Feature",
      "id": "LY-ACC-RES-ZUW-00013",
      "properties": {
        "id": "LY-ACC-RES-ZUW-00013",
        "name_ar": "قرية سيمو السياحية - زوارة",
        "name_en": "قرية سيمو السياحية/Simo Beach Village",
        "name_normalized_ar": "قريهسيموالسياحيهزواره",
        "translation_status": "source_provided",
        "category": "القرى والمنتجعات السياحية",
        "subcategory_ar": "منشأة سياحية أخرى",
        "subcategory_en": "Other tourism accommodation",
        "facility_type_code": "accommodation_resort_other",
        "municipality_ar": "زوارة",
        "municipality_en": "Zuwara",
        "city_ar": "زوارة",
        "city_en": "Zuwara",
        "region_ar": "الساحل الغربي",
        "region_en": "Western Coast",
        "address_ar": "طريق سيدي سعيد بعد بوابه قصور الشعير (اغرماون) Zuwarah Libya",
        "address_en": null,
        "longitude": 12.003852,
        "latitude": 32.986361,
        "source": "Tourist villages and resorts KML",
        "source_kml": "data/incoming/tourist-villages-resorts.kml",
        "source_record_index": 113,
        "description_ar": "الوصف:\nالاسم باللغة الانجليزية: قرية سيمو السياحية/Simo Beach Village\nالعنوان/المدينة: طريق سيدي سعيد بعد بوابه قصور الشعير (اغرماون) Zuwarah Libya\nالتصنيف:\nمعلومات اخرى:\nالوصف: فندق ونُزل\nعدد الشاليهات: 20\nعدد الاسرة: 60\nالخدمات المتوفرة:\nالاسعار:\nللحجز والاستفسار: 092-7779777\nاوقات العمل:\nالتقييمات والانطباعات:\n: قرية سيمو السياحية/Simo Beach Village\n: طريق سيدي سعيد بعد بوابه قصور الشعير (اغرماون) Zuwarah Libya\n:\n: فندق ونُزل\n: 60\n: 092-7779777",
        "description_en": null,
        "phone": "092-7779777",
        "email": null,
        "website": "https://www.facebook.com/p/ D9 82 D8 B1 D9 8A D8 A9- D8 B3 D9 8A D9 85 D9 88- D8 A7 D9 84 D8 B3 D9 8A D8 A7 D8 AD D9 8A D8 A9Simo-Beach-Village-61560253755540/ https://l.facebook.com/l.php u https 3A 2F 2Fmaps.app.goo.gl 2F9HagfVDQrWbgThrcA&h AUAa3jffzOGlU6tkB--axdm94JyflWAWdEep7dhs_Ma6uRJcQ440t6nGKWH7lBNnYUid4PeOpTh4v2l1BZha2DRuBHbVPguB9g3RJAkZA5zQDLXzuZG9nAWlDssfs2FOUWV3Q3E6BHuBRQqLOH0N",
        "stars": null,
        "rooms": null,
        "beds": 60,
        "units": 20,
        "capacity": null,
        "beach_access": null,
        "pool_available": null,
        "restaurant_available": null,
        "parking_available": null,
        "family_friendly": null,
        "status": null,
        "license_status": null,
        "operational_status": null,
        "ownership_type": null,
        "data_quality_status": "medium",
        "data_review_status": "integrated",
        "source_image_url": "https://lh3.googleusercontent.com/umsh/AN6v0v4WYjWfIsqMaSu0aww1EsnArxecHiPUVWrQgJ275oVe2yqcBNQTqRSZSEqZzDA4gbJg5UqtrFQfJUQGtJz8gxG4PgpvJro6x3Z74NDWIwJNI3YrN9Z_MtxfhC5WzRvSh7f7WIggCCpnRg_9Mkl8SqGa2PmMCoAk9HCsbpTP8hjR0iPyhuVYyvdpKuIpzBId47Q7l4xP1INhJa3H3hbScCFZMlJJyUgc0LAEH71eGZMyfBDP9zUKVG3DgvsU2CQ23mHtQ1fNFogLrslRZcLNIg2uIUUtMRjTGwL70k0bdIP4TwSD-Mk_aWM203AeGwnwrB6ko4uo2x_oKfCMA-DQtORRiwLKPzxrzeMpn288ba0KlbUJkZDEhp7mE4rD7v0_diloLN5bgdc3ZsxhT3AOdIEZ1NmyOK6QsdZ-cTZkLeb5EkbRhEMBjG-Jy6cinyv6b6FpzaY6Ppvv0X-5lHFwQowN7sQoB91vn4S7TySFhivOalpsCzUAypAwXxKhttQ_qkaXjVzjf2gmiSCscsjsbPH4XCSk2Rh37BiMkV5lmDaFs256SHVm_vxsXv5M0BqUHNiCuXQ08V2db921Yr1oQkKTctsRE8MmVcOA8d_iOoygWw_k0T4GSSHpaqH4yqwnc8gjj-8FmLJX057SnJIeQTNfHUxIHTeXnXwAU9EK3M2JK7mfE5f7zbooAtexmj_9TXSUmeU1v3_G2jSoLg83yj06d3eCDA",
        "source_image_provider": "google_mymaps",
        "source_image_status": "temporary_google_url",
        "local_images": [],
        "image_count": 0,
        "created_at": "2026-08-06",
        "updated_at": "2026-08-06",
        "name_score": 1.0,
        "coordinate_score": 1.0,
        "classification_score": 0.65,
        "contact_score": 1.0,
        "capacity_score": 1.0,
        "services_score": 1.0,
        "image_score": 0.0,
        "completeness_score": 0.64,
        "overall_quality_score": 0.81,
        "data_completeness_percent": 64,
        "missing_fields": [
          "rooms",
          "capacity",
          "license",
          "operation",
          "image"
        ],
        "match_status": "exact_match",
        "coordinate_review_status": "valid",
        "coordinate_change_reason": null,
        "original_coordinates": [
          12.003852,
          32.986361
        ]
      },
      "geometry": {
        "type": "Point",
        "coordinates": [
          12.003852,
          32.986361
        ]
      }
    },
    {
      "type": "Feature",
      "id": "LY-ACC-RES-ZLI-00003",
      "properties": {
        "id": "LY-ACC-RES-ZLI-00003",
        "name_ar": "منتجع الهادريان زليتن",
        "name_en": "العنوان/المدينة:",
        "name_normalized_ar": "منتجعالهادريانزليتن",
        "translation_status": "source_provided",
        "category": "القرى والمنتجعات السياحية",
        "subcategory_ar": "منشأة سياحية أخرى",
        "subcategory_en": "Other tourism accommodation",
        "facility_type_code": "accommodation_resort_other",
        "municipality_ar": "زليتن",
        "municipality_en": "Zliten",
        "city_ar": "زليتن",
        "city_en": "Zliten",
        "region_ar": "المرقب",
        "region_en": "Al Marqab",
        "address_ar": "التصنيف:",
        "address_en": null,
        "longitude": 14.51572,
        "latitude": 32.502517,
        "source": "Tourist villages and resorts KML",
        "source_kml": "data/incoming/tourist-villages-resorts.kml",
        "source_record_index": 114,
        "description_ar": "الوصف: الاسم باللغة الانجليزية:\nالعنوان/المدينة:\nالتصنيف:\nمعلومات اخرى:\nالوصف:\nعدد الشاليهات:\nعدد الاسرة:\nالخدمات المتوفرة:\nوسائل الاتصال:\nالاسعار:\nللحجز والاستفسار:\nاوقات العمل:\nالتقييمات والانطباعات:\n:",
        "description_en": null,
        "phone": "اوقات العمل:",
        "email": null,
        "website": "الاسعار:",
        "stars": null,
        "rooms": null,
        "beds": null,
        "units": null,
        "capacity": null,
        "beach_access": null,
        "pool_available": null,
        "restaurant_available": null,
        "parking_available": null,
        "family_friendly": null,
        "status": null,
        "license_status": null,
        "operational_status": null,
        "ownership_type": null,
        "data_quality_status": "medium",
        "data_review_status": "integrated",
        "source_image_url": null,
        "source_image_provider": null,
        "source_image_status": "no_image",
        "local_images": [],
        "image_count": 0,
        "created_at": "2026-08-06",
        "updated_at": "2026-08-06",
        "name_score": 1.0,
        "coordinate_score": 1.0,
        "classification_score": 0.65,
        "contact_score": 1.0,
        "capacity_score": 0.0,
        "services_score": 1.0,
        "image_score": 0.0,
        "completeness_score": 0.5,
        "overall_quality_score": 0.66,
        "data_completeness_percent": 50,
        "missing_fields": [
          "rooms",
          "beds",
          "units",
          "capacity",
          "license",
          "operation",
          "image"
        ],
        "match_status": "exact_match",
        "coordinate_review_status": "valid",
        "coordinate_change_reason": null,
        "original_coordinates": [
          14.51572,
          32.502517
        ]
      },
      "geometry": {
        "type": "Point",
        "coordinates": [
          14.51572,
          32.502517
        ]
      }
    },
    {
      "type": "Feature",
      "id": "LY-ACC-RES-NAT-00041",
      "properties": {
        "id": "LY-ACC-RES-NAT-00041",
        "name_ar": "منتجع سفارى السياحى",
        "name_en": "العنوان/المدينة:",
        "name_normalized_ar": "منتجعسفاريالسياحي",
        "translation_status": "source_provided",
        "category": "القرى والمنتجعات السياحية",
        "subcategory_ar": "منشأة سياحية أخرى",
        "subcategory_en": "Other tourism accommodation",
        "facility_type_code": "accommodation_resort_other",
        "municipality_ar": null,
        "municipality_en": null,
        "city_ar": null,
        "city_en": null,
        "region_ar": null,
        "region_en": null,
        "address_ar": "التصنيف:",
        "address_en": null,
        "longitude": 15.042599,
        "latitude": 32.351284,
        "source": "Tourist villages and resorts KML",
        "source_kml": "data/incoming/tourist-villages-resorts.kml",
        "source_record_index": 115,
        "description_ar": "الوصف: الاسم باللغة الانجليزية:\nالعنوان/المدينة:\nالتصنيف:\nمعلومات اخرى:\nالوصف:\nعدد الشاليهات:\nعدد الاسرة:\nالخدمات المتوفرة:\nوسائل الاتصال:\nالاسعار:\nللحجز والاستفسار:\nاوقات العمل:\nالتقييمات والانطباعات:\n:",
        "description_en": null,
        "phone": "اوقات العمل:",
        "email": null,
        "website": "الاسعار:",
        "stars": null,
        "rooms": null,
        "beds": null,
        "units": null,
        "capacity": null,
        "beach_access": null,
        "pool_available": null,
        "restaurant_available": null,
        "parking_available": null,
        "family_friendly": null,
        "status": null,
        "license_status": null,
        "operational_status": null,
        "ownership_type": null,
        "data_quality_status": "low",
        "data_review_status": "integrated",
        "source_image_url": null,
        "source_image_provider": null,
        "source_image_status": "no_image",
        "local_images": [],
        "image_count": 0,
        "created_at": "2026-08-06",
        "updated_at": "2026-08-06",
        "name_score": 1.0,
        "coordinate_score": 1.0,
        "classification_score": 0.65,
        "contact_score": 1.0,
        "capacity_score": 0.0,
        "services_score": 1.0,
        "image_score": 0.0,
        "completeness_score": 0.43,
        "overall_quality_score": 0.66,
        "data_completeness_percent": 43,
        "missing_fields": [
          "municipality",
          "rooms",
          "beds",
          "units",
          "capacity",
          "license",
          "operation",
          "image"
        ],
        "match_status": "exact_match",
        "coordinate_review_status": "valid",
        "coordinate_change_reason": null,
        "original_coordinates": [
          15.042599,
          32.351284
        ]
      },
      "geometry": {
        "type": "Point",
        "coordinates": [
          15.042599,
          32.351284
        ]
      }
    },
    {
      "type": "Feature",
      "id": "LY-ACC-RES-ZUW-00014",
      "properties": {
        "id": "LY-ACC-RES-ZUW-00014",
        "name_ar": "قرية اوديسا السياحية",
        "name_en": "Odessa tourist village قرية أوديسا السياحية (Odessa resort)",
        "name_normalized_ar": "قريهاوديساالسياحيه",
        "translation_status": "source_provided",
        "category": "القرى والمنتجعات السياحية",
        "subcategory_ar": "قرية سياحية",
        "subcategory_en": "Tourist village",
        "facility_type_code": "tourist_village",
        "municipality_ar": "زوارة",
        "municipality_en": "Zuwara",
        "city_ar": "زوارة",
        "city_en": "Zuwara",
        "region_ar": "الساحل الغربي",
        "region_en": "Western Coast",
        "address_ar": "زوارة",
        "address_en": null,
        "longitude": 11.97922,
        "latitude": 32.998387,
        "source": "Tourist villages and resorts KML",
        "source_kml": "data/incoming/tourist-villages-resorts.kml",
        "source_record_index": 116,
        "description_ar": "الوصف:\nالاسم باللغة الانجليزية: Odessa tourist village قرية أوديسا السياحية (Odessa resort)\nالعنوان/المدينة: زوارة\nالتصنيف: قرية سياحية\nمعلومات اخرى:\nعدد الشاليهات: 10\nعدد الاسرة: 30\nالخدمات المتوفرة:\nالاسعار:\nللحجز والاستفسار: 092-2916160\nاوقات العمل:\nالتقييمات والانطباعات:\n: Odessa tourist village قرية أوديسا السياحية (Odessa resort)\n: زوارة\n:\n: 30\n: 092-2916160",
        "description_en": null,
        "phone": "092-2916160",
        "email": null,
        "website": "https://www.facebook.com/Tawsent.travel/",
        "stars": null,
        "rooms": null,
        "beds": 30,
        "units": 10,
        "capacity": null,
        "beach_access": null,
        "pool_available": null,
        "restaurant_available": null,
        "parking_available": null,
        "family_friendly": null,
        "status": null,
        "license_status": null,
        "operational_status": null,
        "ownership_type": null,
        "data_quality_status": "medium",
        "data_review_status": "integrated",
        "source_image_url": "https://lh3.googleusercontent.com/umsh/AN6v0v6xPv_mMcwbn-4iVa76Tzp2EbPsR4bSpBN5v-RgxxoEvUk1ZqICDtE1qCeMZ0b4WrnmJajVAVD1Qzj4Vz871rsZWBWorxKRjN6JSgxx5jhmAjxpfYmkwWI67qoOReSFBTIiRe8aYkd3Ohz9f6qHbb7Jso7RgJR7RV8nbxzhuv0XcuZyHnCZ2IWxNqkxk4IQbMie_NF3K7MAoORK0AvIUymdi8TcJcJ0pSzY2j99gnp5FkIN9fODdpEbj79KWjQuc8JReWyKa4ki7RgylEqnX3icqy1pSN7XT8os-7CLjUKHp-fBQ5-k4Qg1HEPXJf-D9-SjeEYT4eFLw2sFmVXox2zEXBaitcQHN_RmCyWDohfJlHBmOZXZ8Qfdk-bJH8xxwCqGqAnZ8REeaydOfCuYFiAFsxy2LAmQ0xUtR5Rch-a9TJw1BmA-BfRueDpnLSV5lZb7bWajreGtUrch_uwyGsQs5TawWyMQIn1Ar2ZTTq0dXDpyt0PvinJBgEsdM6fbRsd1hTKY32FlFGFNkevqgOaDc0Mu4pQtKSyiwE10AkS2KlSHQNQNHP-xv7RjLJqHmGLObvH7Wk8fcwccIy87qpkIb8dmyMHxiEG18F0M0EGNCSC0Gw4kUF0F4yMhfKyO_MP4ZNp-eTMz5VdFZly1AFEOnl1HzA4j8AY7MpFEZ6uMSzbDGi_DDr1DPVAB9twSiDTnfYyFgWDXqKK7N1gp5D6E2OwCjw",
        "source_image_provider": "google_mymaps",
        "source_image_status": "temporary_google_url",
        "local_images": [],
        "image_count": 0,
        "created_at": "2026-08-06",
        "updated_at": "2026-08-06",
        "name_score": 1.0,
        "coordinate_score": 1.0,
        "classification_score": 1.0,
        "contact_score": 1.0,
        "capacity_score": 1.0,
        "services_score": 1.0,
        "image_score": 0.0,
        "completeness_score": 0.64,
        "overall_quality_score": 0.86,
        "data_completeness_percent": 64,
        "missing_fields": [
          "rooms",
          "capacity",
          "license",
          "operation",
          "image"
        ],
        "match_status": "exact_match",
        "coordinate_review_status": "valid",
        "coordinate_change_reason": null,
        "original_coordinates": [
          11.97922,
          32.998387
        ]
      },
      "geometry": {
        "type": "Point",
        "coordinates": [
          11.97922,
          32.998387
        ]
      }
    },
    {
      "type": "Feature",
      "id": "LY-ACC-RES-ZUW-00015",
      "properties": {
        "id": "LY-ACC-RES-ZUW-00015",
        "name_ar": "Azul house استراحة ازول",
        "name_en": "Azul house استراحة ازول",
        "name_normalized_ar": "azulhouseاستراحهازول",
        "translation_status": "source_provided",
        "category": "القرى والمنتجعات السياحية",
        "subcategory_ar": "قرية سياحية",
        "subcategory_en": "Tourist village",
        "facility_type_code": "tourist_village",
        "municipality_ar": "زوارة",
        "municipality_en": "Zuwara",
        "city_ar": "زوارة",
        "city_en": "Zuwara",
        "region_ar": "الساحل الغربي",
        "region_en": "Western Coast",
        "address_ar": "زوارة",
        "address_en": null,
        "longitude": 12.01918,
        "latitude": 32.980421,
        "source": "Tourist villages and resorts KML",
        "source_kml": "data/incoming/tourist-villages-resorts.kml",
        "source_record_index": 117,
        "description_ar": "الوصف:\nالاسم باللغة الانجليزية: Azul house استراحة ازول\nالعنوان/المدينة: زوارة\nالتصنيف: قرية سياحية\nمعلومات اخرى:\nعدد الشاليهات: 3\nعدد الاسرة: 15\nالخدمات المتوفرة:\nالاسعار:\nللحجز والاستفسار: 00218918404060\nاوقات العمل:\nالتقييمات والانطباعات:\n: Azul house استراحة ازول\n: زوارة\n:\n: 15\n: 00218918404060",
        "description_en": null,
        "phone": "00218918404060",
        "email": null,
        "website": "https://www.facebook.com/p/Azul-house-61562177914026/",
        "stars": null,
        "rooms": null,
        "beds": 15,
        "units": 3,
        "capacity": null,
        "beach_access": null,
        "pool_available": null,
        "restaurant_available": null,
        "parking_available": null,
        "family_friendly": null,
        "status": null,
        "license_status": null,
        "operational_status": null,
        "ownership_type": null,
        "data_quality_status": "medium",
        "data_review_status": "integrated",
        "source_image_url": "https://lh3.googleusercontent.com/umsh/AN6v0v5M1svd7dNFLaqsphzSrsRPvdzbumUrVDUJS0ITcPBTGu1NHoa_u_T5ZmqsPaSNQAH9Z4mDjq0yzoiHaTO88zqmPTsFL5IEka0yZ80ujZ_MY9aqsUJyUT6oGtmmpqMhdJdbwsJlHq3_R8VX6JoqTNi3wlVWA_N9KVOyqSI7lsWVJaBvUYSg1rN_NJ5_Hnj_bDvUX9JbDQfIz5ArjK1-fEgNrpRSfwj8ICJNVqZcd4C8YuudZy46-cPzfG8D0ueUkWWMTVLx9PTr41vHH-2AjXiYG8PCX3uLorvpIhtIgMI4UuNpKkYNTywVrHDaGyRamxbQBP5J_Jm6GuPjCn45johYvcg36f2kO7zT8Ywl2l-W4Ywh3CThX0aqYBQgBlwk6jJd-CxcMnnD81M-DOGPeusfh3ILoyVdEx80almASVDyfwaUTdSeLlo1PJP8KmYIaDyspkvXpr-dT9IJet_wik-iSdR7202BrvB-fFRjRiWE5UWqkCAdJOwJ6VQNxBKzj1lrW4I9BodYwkwgc51_06Mc92ShG-D9SiyW5sjgrKI_maJ5d8JhyQGIiNBbL6z8QckD0XG7o62xMbi5ALqgivyY0ohwbj2k19Q77TevhUzIypJ1rzyJLIdnBl1aEQ3iKAqIpqZn3ayyBCAprkkWc1BdrW1SsmmfwvSXG_9mmjGW2_Sc1QQWdfRm0Ru20_WRebiOKl6HU1yhFpiRu0_p_UHBSkAiaQ",
        "source_image_provider": "google_mymaps",
        "source_image_status": "temporary_google_url",
        "local_images": [],
        "image_count": 0,
        "created_at": "2026-08-06",
        "updated_at": "2026-08-06",
        "name_score": 1.0,
        "coordinate_score": 1.0,
        "classification_score": 1.0,
        "contact_score": 1.0,
        "capacity_score": 1.0,
        "services_score": 1.0,
        "image_score": 0.0,
        "completeness_score": 0.64,
        "overall_quality_score": 0.86,
        "data_completeness_percent": 64,
        "missing_fields": [
          "rooms",
          "capacity",
          "license",
          "operation",
          "image"
        ],
        "match_status": "exact_match",
        "coordinate_review_status": "valid",
        "coordinate_change_reason": null,
        "original_coordinates": [
          12.01918,
          32.980421
        ]
      },
      "geometry": {
        "type": "Point",
        "coordinates": [
          12.01918,
          32.980421
        ]
      }
    },
    {
      "type": "Feature",
      "id": "LY-ACC-RES-ZUW-00016",
      "properties": {
        "id": "LY-ACC-RES-ZUW-00016",
        "name_ar": "DiVano Resort",
        "name_en": "DiVano Resort",
        "name_normalized_ar": "divanoresort",
        "translation_status": "source_provided",
        "category": "القرى والمنتجعات السياحية",
        "subcategory_ar": "منتجع سياحي",
        "subcategory_en": "Tourist resort",
        "facility_type_code": "tourist_resort",
        "municipality_ar": "زوارة",
        "municipality_en": "Zuwara",
        "city_ar": "زوارة",
        "city_en": "Zuwara",
        "region_ar": "الساحل الغربي",
        "region_en": "Western Coast",
        "address_ar": "زوارة",
        "address_en": null,
        "longitude": 12.068433,
        "latitude": 32.945782,
        "source": "Tourist villages and resorts KML",
        "source_kml": "data/incoming/tourist-villages-resorts.kml",
        "source_record_index": 118,
        "description_ar": "الوصف:\nالاسم باللغة الانجليزية: DiVano Resort\nالعنوان/المدينة: زوارة\nالتصنيف: منتجع\nمعلومات اخرى:\nعدد الشاليهات: 8\nعدد الاسرة: 20\nالخدمات المتوفرة:\nالاسعار:\nللحجز والاستفسار: 092-3215381\nاوقات العمل:\nالتقييمات والانطباعات:\n: DiVano Resort\n: زوارة\n:\n: 20\n: 092-3215381",
        "description_en": null,
        "phone": "092-3215381",
        "email": null,
        "website": "https://www.facebook.com/p/DiVano-Resort-100070082596145/",
        "stars": null,
        "rooms": null,
        "beds": 20,
        "units": 8,
        "capacity": null,
        "beach_access": null,
        "pool_available": null,
        "restaurant_available": null,
        "parking_available": null,
        "family_friendly": null,
        "status": null,
        "license_status": null,
        "operational_status": null,
        "ownership_type": null,
        "data_quality_status": "medium",
        "data_review_status": "integrated",
        "source_image_url": "https://lh3.googleusercontent.com/umsh/AN6v0v65EhJ2S5K1zeOmnxQClq4J-ySNEUKBM6d_GGdZvmdOfYCikh4nRvrdH0-sTwyeyXWDVnb8Q8fGDm01hJNcK7Kra7gi_CfJGMEGLaYcaTwnPL6AYlumd-xqBiYPALo8cnLNiNhGLYRDQYnJVSdSAEjwNhdUXOYQBoH4RZ3NxAD8yCn48-9b19bI1JOXuM7zZERHipJnKn2qCKHTV0g1yNMeUze0IuCXWGpIXB_SVZ-5FQhYUjFU2PBnO-o0AZQ-rnxWC_4FVGBGheLzpqhVU8-kIJNHRpH-XyxR707fElb2geqhx_zXvs9VWNb1UhQRI4P5R7X3WbEcIhg444E6mbpzm5EwaEvB0PRHnS05LsS33SYw_ZJyAQFNYjamqGJ2K9Xu1Hmc8Wr-Mn8tm5LY5chm0LX1wdUwvIspCfdJH5A1bae_nB2OAeIkuqHHhhbN3-WAV4U4bPDkfcEGy4Cd5d1Cn1GAUEZSM-ZU1XiaXAdvCYJf_hSkGaR9lX-2_DuPzC20OZ0AvQa1Q5y4jdvFPNDHXYSmtACx7Nu-Af16FPXPUoDJYeEkHAGPA8SwvAvx4pEie4_qaU5LXaqx9nLnTQ6FXDOR8fxk3vdc-xJtmT1mkwR8i29rEiNo9hU6XtBKzDSwfQgAA4KvjvkuPV0J5Rx05L_wbCMlJW26Fp4oHAAQkg9MLEBI_dWUWG6xi8HdSXD2suwqop0pGoyzPQLtRQJ2-5A31g",
        "source_image_provider": "google_mymaps",
        "source_image_status": "temporary_google_url",
        "local_images": [],
        "image_count": 0,
        "created_at": "2026-08-06",
        "updated_at": "2026-08-06",
        "name_score": 1.0,
        "coordinate_score": 1.0,
        "classification_score": 1.0,
        "contact_score": 1.0,
        "capacity_score": 1.0,
        "services_score": 1.0,
        "image_score": 0.0,
        "completeness_score": 0.64,
        "overall_quality_score": 0.86,
        "data_completeness_percent": 64,
        "missing_fields": [
          "rooms",
          "capacity",
          "license",
          "operation",
          "image"
        ],
        "match_status": "exact_match",
        "coordinate_review_status": "valid",
        "coordinate_change_reason": null,
        "original_coordinates": [
          12.068433,
          32.945782
        ]
      },
      "geometry": {
        "type": "Point",
        "coordinates": [
          12.068433,
          32.945782
        ]
      }
    },
    {
      "type": "Feature",
      "id": "LY-ACC-RES-ZUW-00017",
      "properties": {
        "id": "LY-ACC-RES-ZUW-00017",
        "name_ar": "منتجع لاجون Lagoon Resort",
        "name_en": "Lagoon Resort منتجع لاجون",
        "name_normalized_ar": "منتجعلاجونlagoonresort",
        "translation_status": "source_provided",
        "category": "القرى والمنتجعات السياحية",
        "subcategory_ar": "منتجع سياحي",
        "subcategory_en": "Tourist resort",
        "facility_type_code": "tourist_resort",
        "municipality_ar": "زوارة",
        "municipality_en": "Zuwara",
        "city_ar": "زوارة",
        "city_en": "Zuwara",
        "region_ar": "الساحل الغربي",
        "region_en": "Western Coast",
        "address_ar": "زوارة",
        "address_en": null,
        "longitude": 11.984427,
        "latitude": 32.997957,
        "source": "Tourist villages and resorts KML",
        "source_kml": "data/incoming/tourist-villages-resorts.kml",
        "source_record_index": 119,
        "description_ar": "الوصف:\nالاسم باللغة الانجليزية: Lagoon Resort منتجع لاجون\nالعنوان/المدينة: زوارة\nالتصنيف: منتجع سياحي\nمعلومات اخرى:\nعدد الشاليهات: 48\nعدد الاسرة: 192\nالخدمات المتوفرة:\nالاسعار:\nللحجز والاستفسار: 0912915555\n0912916666\nاوقات العمل:\nالتقييمات والانطباعات:\n: Lagoon Resort منتجع لاجون\n: زوارة\n:\n: 192\n: 0912915555",
        "description_en": null,
        "phone": "0912915555",
        "email": null,
        "website": "https://www.facebook.com/p/Lagoon-Resort- D9 85 D9 86 D8 AA D8 AC D8 B9- D9 84 D8 A7 D8 AC D9 88 D9 86-61576240937978/",
        "stars": null,
        "rooms": null,
        "beds": 192,
        "units": 48,
        "capacity": null,
        "beach_access": null,
        "pool_available": null,
        "restaurant_available": null,
        "parking_available": null,
        "family_friendly": null,
        "status": null,
        "license_status": null,
        "operational_status": null,
        "ownership_type": null,
        "data_quality_status": "medium",
        "data_review_status": "integrated",
        "source_image_url": "https://lh3.googleusercontent.com/umsh/AN6v0v4ky49TVBrwptkuw5OpDC9c7uSUPAlgb2dt5Y2haHEM5tybQS3qlGRsJGXTq4Gzy1eUuRTct9skK75gQBhjM-cHtQ2iENj2kbV3d7Bp2hWnfI0-leFNJKXTjWiKn4s9Sa0DMRjIgaqBYUE2Y1ldxXh0RH3XXtAx462UAghEwxO1r3Ersl165wGwnuDwE2PPHE5qYP0bKkeI7UgwItPLx3tpiMK9_Y35prjDwWs_WlkcTY1Z_8gjQvWs8InYFgnx6U2_aAC3QgsSnUHparwGcIXdq5j2RTGjOL1IDF8rkvBEWXFs7yD9QPODnOS-H7SnxK7blznmggMz6jWzIWzXVunpM2eys3UZPZXIRjssym9mEJeFzGaGbXt58vnmFH-yLmwFRz-kzYLLvlaVitALmm7VQP2EUHsRKa2dseH443564Jl9bf69GUAjLNjwf5JJ48fIHFyv0sFZ1cIjf9EsrDm1RZSXCYW1yOCM-0zZ7lZegaqXhHat7RoMbhgQj9qrXlLW94tzxsnJC1JP7yXVqnW4xgGtjVUPXoXnehsn2miKoxgM7OeoPR3eYC-UElyh6VSvMsO46itkXjYMB3CfBLrOFO_Ej4qlVHYCRvPHp5yzNYknjTXtBSUgnps_vqMg8TuhZEQafJ6K-ur9GQMC6yyl5CQNRexWXokennL9nov0eswUF2_IY8aB2F20Tm1IwxZDCkDBsE2kDgFOu8N6MWZA7gXGsQ",
        "source_image_provider": "google_mymaps",
        "source_image_status": "temporary_google_url",
        "local_images": [],
        "image_count": 0,
        "created_at": "2026-08-06",
        "updated_at": "2026-08-06",
        "name_score": 1.0,
        "coordinate_score": 1.0,
        "classification_score": 1.0,
        "contact_score": 1.0,
        "capacity_score": 1.0,
        "services_score": 1.0,
        "image_score": 0.0,
        "completeness_score": 0.64,
        "overall_quality_score": 0.86,
        "data_completeness_percent": 64,
        "missing_fields": [
          "rooms",
          "capacity",
          "license",
          "operation",
          "image"
        ],
        "match_status": "exact_match",
        "coordinate_review_status": "valid",
        "coordinate_change_reason": null,
        "original_coordinates": [
          11.984427,
          32.997957
        ]
      },
      "geometry": {
        "type": "Point",
        "coordinates": [
          11.984427,
          32.997957
        ]
      }
    },
    {
      "type": "Feature",
      "id": "LY-ACC-RES-ZUW-00018",
      "properties": {
        "id": "LY-ACC-RES-ZUW-00018",
        "name_ar": "Barracuda Village - منتجع باراكودا",
        "name_en": "Barracuda Village",
        "name_normalized_ar": "barracudavillageمنتجعباراكودا",
        "translation_status": "source_provided",
        "category": "القرى والمنتجعات السياحية",
        "subcategory_ar": "منشأة سياحية أخرى",
        "subcategory_en": "Other tourism accommodation",
        "facility_type_code": "accommodation_resort_other",
        "municipality_ar": "زوارة",
        "municipality_en": "Zuwara",
        "city_ar": "زوارة",
        "city_en": "Zuwara",
        "region_ar": "الساحل الغربي",
        "region_en": "Western Coast",
        "address_ar": "زوارة",
        "address_en": null,
        "longitude": 12.024303,
        "latitude": 32.97578,
        "source": "Tourist villages and resorts KML",
        "source_kml": "data/incoming/tourist-villages-resorts.kml",
        "source_record_index": 120,
        "description_ar": "الوصف: الاسم باللغة الانجليزية: Barracuda Village\nالعنوان/المدينة: زوارة\nالتصنيف: منتجع\nمعلومات اخرى:\nالوصف:\nعدد الشاليهات: 20\nعدد الاسرة: 60\nالخدمات المتوفرة:\nوسائل الاتصال: لا يوجد\nالاسعار:\nللحجز والاستفسار: 0927600076\nاوقات العمل:\nالتقييمات والانطباعات:\n: Barracuda Village\n: زوارة\n:\n: لا يوجد\n: 60\n: 0927600076",
        "description_en": null,
        "phone": "0927600076",
        "email": null,
        "website": "لا يوجد",
        "stars": null,
        "rooms": null,
        "beds": 60,
        "units": 20,
        "capacity": null,
        "beach_access": null,
        "pool_available": null,
        "restaurant_available": null,
        "parking_available": null,
        "family_friendly": null,
        "status": null,
        "license_status": null,
        "operational_status": null,
        "ownership_type": null,
        "data_quality_status": "medium",
        "data_review_status": "integrated",
        "source_image_url": null,
        "source_image_provider": null,
        "source_image_status": "no_image",
        "local_images": [],
        "image_count": 0,
        "created_at": "2026-08-06",
        "updated_at": "2026-08-06",
        "name_score": 1.0,
        "coordinate_score": 1.0,
        "classification_score": 0.65,
        "contact_score": 1.0,
        "capacity_score": 1.0,
        "services_score": 1.0,
        "image_score": 0.0,
        "completeness_score": 0.64,
        "overall_quality_score": 0.81,
        "data_completeness_percent": 64,
        "missing_fields": [
          "rooms",
          "capacity",
          "license",
          "operation",
          "image"
        ],
        "match_status": "exact_match",
        "coordinate_review_status": "valid",
        "coordinate_change_reason": null,
        "original_coordinates": [
          12.024303,
          32.97578
        ]
      },
      "geometry": {
        "type": "Point",
        "coordinates": [
          12.024303,
          32.97578
        ]
      }
    },
    {
      "type": "Feature",
      "id": "LY-ACC-RES-NAT-00042",
      "properties": {
        "id": "LY-ACC-RES-NAT-00042",
        "name_ar": "Oea Village - Diar Al Bahr",
        "name_en": "Oea Village - Diar Al Bahr",
        "name_normalized_ar": "oeavillagediaralbahr",
        "translation_status": "source_provided",
        "category": "القرى والمنتجعات السياحية",
        "subcategory_ar": "قرية سياحية",
        "subcategory_en": "Tourist village",
        "facility_type_code": "tourist_village",
        "municipality_ar": null,
        "municipality_en": null,
        "city_ar": null,
        "city_en": null,
        "region_ar": null,
        "region_en": null,
        "address_ar": "جنزور",
        "address_en": null,
        "longitude": 13.016186,
        "latitude": 32.839058,
        "source": "Tourist villages and resorts KML",
        "source_kml": "data/incoming/tourist-villages-resorts.kml",
        "source_record_index": 121,
        "description_ar": "الوصف: الاسم باللغة الانجليزية: Oea Village - Diar Al Bahr\nالعنوان/المدينة: جنزور\nالتصنيف: قرية سياحية\nمعلومات اخرى:\nالوصف:\nعدد الشاليهات: 150\nعدد الاسرة: 600\nالخدمات المتوفرة:\nالاسعار:\nللحجز والاستفسار: 0913717501\nاوقات العمل:\nالتقييمات والانطباعات:\n: Oea Village - Diar Al Bahr\n: جنزور\n:\n: 600\n: 0913717501",
        "description_en": null,
        "phone": "0913717501",
        "email": null,
        "website": "http://www.oeavillage.com/",
        "stars": null,
        "rooms": null,
        "beds": 600,
        "units": 150,
        "capacity": null,
        "beach_access": null,
        "pool_available": null,
        "restaurant_available": null,
        "parking_available": null,
        "family_friendly": null,
        "status": null,
        "license_status": null,
        "operational_status": null,
        "ownership_type": null,
        "data_quality_status": "medium",
        "data_review_status": "integrated",
        "source_image_url": null,
        "source_image_provider": null,
        "source_image_status": "no_image",
        "local_images": [],
        "image_count": 0,
        "created_at": "2026-08-06",
        "updated_at": "2026-08-06",
        "name_score": 1.0,
        "coordinate_score": 1.0,
        "classification_score": 1.0,
        "contact_score": 1.0,
        "capacity_score": 1.0,
        "services_score": 1.0,
        "image_score": 0.0,
        "completeness_score": 0.57,
        "overall_quality_score": 0.86,
        "data_completeness_percent": 57,
        "missing_fields": [
          "municipality",
          "rooms",
          "capacity",
          "license",
          "operation",
          "image"
        ],
        "match_status": "exact_match",
        "coordinate_review_status": "valid",
        "coordinate_change_reason": null,
        "original_coordinates": [
          13.016186,
          32.839058
        ]
      },
      "geometry": {
        "type": "Point",
        "coordinates": [
          13.016186,
          32.839058
        ]
      }
    },
    {
      "type": "Feature",
      "id": "LY-ACC-RES-NAT-00043",
      "properties": {
        "id": "LY-ACC-RES-NAT-00043",
        "name_ar": "قرية قوس غنيمة السياحية",
        "name_en": "العنوان/المدينة:",
        "name_normalized_ar": "قريهقوسغنيمهالسياحيه",
        "translation_status": "source_provided",
        "category": "القرى والمنتجعات السياحية",
        "subcategory_ar": "منشأة سياحية أخرى",
        "subcategory_en": "Other tourism accommodation",
        "facility_type_code": "accommodation_resort_other",
        "municipality_ar": null,
        "municipality_en": null,
        "city_ar": null,
        "city_en": null,
        "region_ar": null,
        "region_en": null,
        "address_ar": "التصنيف:",
        "address_en": null,
        "longitude": 14.056947,
        "latitude": 32.714701,
        "source": "Tourist villages and resorts KML",
        "source_kml": "data/incoming/tourist-villages-resorts.kml",
        "source_record_index": 122,
        "description_ar": "الوصف: الاسم باللغة الانجليزية:\nالعنوان/المدينة:\nالتصنيف:\nمعلومات اخرى:\nالوصف:\nعدد الشاليهات:\nعدد الاسرة:\nالخدمات المتوفرة:\nوسائل الاتصال:\nالاسعار:\nللحجز والاستفسار:\nاوقات العمل:\nالتقييمات والانطباعات:\n:",
        "description_en": null,
        "phone": "اوقات العمل:",
        "email": null,
        "website": "الاسعار:",
        "stars": null,
        "rooms": null,
        "beds": null,
        "units": null,
        "capacity": null,
        "beach_access": null,
        "pool_available": null,
        "restaurant_available": null,
        "parking_available": null,
        "family_friendly": null,
        "status": null,
        "license_status": null,
        "operational_status": null,
        "ownership_type": null,
        "data_quality_status": "low",
        "data_review_status": "integrated",
        "source_image_url": null,
        "source_image_provider": null,
        "source_image_status": "no_image",
        "local_images": [],
        "image_count": 0,
        "created_at": "2026-08-06",
        "updated_at": "2026-08-06",
        "name_score": 1.0,
        "coordinate_score": 1.0,
        "classification_score": 0.65,
        "contact_score": 1.0,
        "capacity_score": 0.0,
        "services_score": 1.0,
        "image_score": 0.0,
        "completeness_score": 0.43,
        "overall_quality_score": 0.66,
        "data_completeness_percent": 43,
        "missing_fields": [
          "municipality",
          "rooms",
          "beds",
          "units",
          "capacity",
          "license",
          "operation",
          "image"
        ],
        "match_status": "exact_match",
        "coordinate_review_status": "valid",
        "coordinate_change_reason": null,
        "original_coordinates": [
          14.056947,
          32.714701
        ]
      },
      "geometry": {
        "type": "Point",
        "coordinates": [
          14.056947,
          32.714701
        ]
      }
    },
    {
      "type": "Feature",
      "id": "LY-ACC-RES-NAT-00044",
      "properties": {
        "id": "LY-ACC-RES-NAT-00044",
        "name_ar": "La Vida Resort & Beach Club",
        "name_en": null,
        "name_normalized_ar": "lavidaresortbeachclub",
        "translation_status": "not_available",
        "category": "القرى والمنتجعات السياحية",
        "subcategory_ar": "منتجع سياحي",
        "subcategory_en": "Tourist resort",
        "facility_type_code": "tourist_resort",
        "municipality_ar": null,
        "municipality_en": null,
        "city_ar": null,
        "city_en": null,
        "region_ar": null,
        "region_en": null,
        "address_ar": null,
        "address_en": null,
        "longitude": 11.9152032,
        "latitude": 33.0302204,
        "source": "Tourist villages and resorts KML",
        "source_kml": "data/incoming/tourist-villages-resorts.kml",
        "source_record_index": 123,
        "description_ar": "الوصف:\n:",
        "description_en": null,
        "phone": null,
        "email": null,
        "website": null,
        "stars": null,
        "rooms": null,
        "beds": null,
        "units": null,
        "capacity": null,
        "beach_access": null,
        "pool_available": null,
        "restaurant_available": null,
        "parking_available": null,
        "family_friendly": null,
        "status": null,
        "license_status": null,
        "operational_status": null,
        "ownership_type": null,
        "data_quality_status": "low",
        "data_review_status": "integrated",
        "source_image_url": null,
        "source_image_provider": null,
        "source_image_status": "no_image",
        "local_images": [],
        "image_count": 0,
        "created_at": "2026-08-06",
        "updated_at": "2026-08-06",
        "name_score": 1.0,
        "coordinate_score": 1.0,
        "classification_score": 1.0,
        "contact_score": 0.0,
        "capacity_score": 0.0,
        "services_score": 0.0,
        "image_score": 0.0,
        "completeness_score": 0.21,
        "overall_quality_score": 0.43,
        "data_completeness_percent": 21,
        "missing_fields": [
          "municipality",
          "address",
          "contact",
          "rooms",
          "beds",
          "units",
          "capacity",
          "services",
          "license",
          "operation",
          "image"
        ],
        "match_status": "new_feature",
        "coordinate_review_status": "valid",
        "coordinate_change_reason": null,
        "original_coordinates": [
          11.9152032,
          33.0302204
        ]
      },
      "geometry": {
        "type": "Point",
        "coordinates": [
          11.9152032,
          33.0302204
        ]
      }
    },
    {
      "type": "Feature",
      "id": "LY-ACC-RES-NAT-00045",
      "properties": {
        "id": "LY-ACC-RES-NAT-00045",
        "name_ar": "استراحة اونان",
        "name_en": null,
        "name_normalized_ar": "استراحهاونان",
        "translation_status": "not_available",
        "category": "القرى والمنتجعات السياحية",
        "subcategory_ar": "تحتاج مراجعة",
        "subcategory_en": "Review required",
        "facility_type_code": "review_required",
        "municipality_ar": null,
        "municipality_en": null,
        "city_ar": null,
        "city_en": null,
        "region_ar": null,
        "region_en": null,
        "address_ar": null,
        "address_en": null,
        "longitude": 11.9341875,
        "latitude": 33.0149375,
        "source": "Tourist villages and resorts KML",
        "source_kml": "data/incoming/tourist-villages-resorts.kml",
        "source_record_index": 124,
        "description_ar": "الوصف:\n:",
        "description_en": null,
        "phone": null,
        "email": null,
        "website": null,
        "stars": null,
        "rooms": null,
        "beds": null,
        "units": null,
        "capacity": null,
        "beach_access": null,
        "pool_available": null,
        "restaurant_available": null,
        "parking_available": null,
        "family_friendly": null,
        "status": null,
        "license_status": null,
        "operational_status": null,
        "ownership_type": null,
        "data_quality_status": "low",
        "data_review_status": "review_required",
        "source_image_url": null,
        "source_image_provider": null,
        "source_image_status": "no_image",
        "local_images": [],
        "image_count": 0,
        "created_at": "2026-08-06",
        "updated_at": "2026-08-06",
        "name_score": 1.0,
        "coordinate_score": 1.0,
        "classification_score": 0.25,
        "contact_score": 0.0,
        "capacity_score": 0.0,
        "services_score": 0.0,
        "image_score": 0.0,
        "completeness_score": 0.14,
        "overall_quality_score": 0.32,
        "data_completeness_percent": 14,
        "missing_fields": [
          "classification",
          "municipality",
          "address",
          "contact",
          "rooms",
          "beds",
          "units",
          "capacity",
          "services",
          "license",
          "operation",
          "image"
        ],
        "match_status": "new_feature",
        "coordinate_review_status": "valid",
        "coordinate_change_reason": null,
        "original_coordinates": [
          11.9341875,
          33.0149375
        ]
      },
      "geometry": {
        "type": "Point",
        "coordinates": [
          11.9341875,
          33.0149375
        ]
      }
    },
    {
      "type": "Feature",
      "id": "LY-ACC-RES-NAT-00046",
      "properties": {
        "id": "LY-ACC-RES-NAT-00046",
        "name_ar": "Resort Zuwara",
        "name_en": null,
        "name_normalized_ar": "resortzuwara",
        "translation_status": "not_available",
        "category": "القرى والمنتجعات السياحية",
        "subcategory_ar": "منتجع سياحي",
        "subcategory_en": "Tourist resort",
        "facility_type_code": "tourist_resort",
        "municipality_ar": null,
        "municipality_en": null,
        "city_ar": null,
        "city_en": null,
        "region_ar": null,
        "region_en": null,
        "address_ar": null,
        "address_en": null,
        "longitude": 11.9616242,
        "latitude": 33.0121153,
        "source": "Tourist villages and resorts KML",
        "source_kml": "data/incoming/tourist-villages-resorts.kml",
        "source_record_index": 125,
        "description_ar": "الوصف:\n:",
        "description_en": null,
        "phone": null,
        "email": null,
        "website": null,
        "stars": null,
        "rooms": null,
        "beds": null,
        "units": null,
        "capacity": null,
        "beach_access": null,
        "pool_available": null,
        "restaurant_available": null,
        "parking_available": null,
        "family_friendly": null,
        "status": null,
        "license_status": null,
        "operational_status": null,
        "ownership_type": null,
        "data_quality_status": "low",
        "data_review_status": "integrated",
        "source_image_url": null,
        "source_image_provider": null,
        "source_image_status": "no_image",
        "local_images": [],
        "image_count": 0,
        "created_at": "2026-08-06",
        "updated_at": "2026-08-06",
        "name_score": 1.0,
        "coordinate_score": 1.0,
        "classification_score": 1.0,
        "contact_score": 0.0,
        "capacity_score": 0.0,
        "services_score": 0.0,
        "image_score": 0.0,
        "completeness_score": 0.21,
        "overall_quality_score": 0.43,
        "data_completeness_percent": 21,
        "missing_fields": [
          "municipality",
          "address",
          "contact",
          "rooms",
          "beds",
          "units",
          "capacity",
          "services",
          "license",
          "operation",
          "image"
        ],
        "match_status": "new_feature",
        "coordinate_review_status": "valid",
        "coordinate_change_reason": null,
        "original_coordinates": [
          11.9616242,
          33.0121153
        ]
      },
      "geometry": {
        "type": "Point",
        "coordinates": [
          11.9616242,
          33.0121153
        ]
      }
    },
    {
      "type": "Feature",
      "id": "LY-ACC-RES-NAT-00047",
      "properties": {
        "id": "LY-ACC-RES-NAT-00047",
        "name_ar": "Beach House",
        "name_en": null,
        "name_normalized_ar": "beachhouse",
        "translation_status": "not_available",
        "category": "القرى والمنتجعات السياحية",
        "subcategory_ar": "تحتاج مراجعة",
        "subcategory_en": "Review required",
        "facility_type_code": "review_required",
        "municipality_ar": null,
        "municipality_en": null,
        "city_ar": null,
        "city_en": null,
        "region_ar": null,
        "region_en": null,
        "address_ar": null,
        "address_en": null,
        "longitude": 11.9945951,
        "latitude": 32.9924201,
        "source": "Tourist villages and resorts KML",
        "source_kml": "data/incoming/tourist-villages-resorts.kml",
        "source_record_index": 126,
        "description_ar": "الوصف:\n:",
        "description_en": null,
        "phone": null,
        "email": null,
        "website": null,
        "stars": null,
        "rooms": null,
        "beds": null,
        "units": null,
        "capacity": null,
        "beach_access": null,
        "pool_available": null,
        "restaurant_available": null,
        "parking_available": null,
        "family_friendly": null,
        "status": null,
        "license_status": null,
        "operational_status": null,
        "ownership_type": null,
        "data_quality_status": "low",
        "data_review_status": "review_required",
        "source_image_url": null,
        "source_image_provider": null,
        "source_image_status": "no_image",
        "local_images": [],
        "image_count": 0,
        "created_at": "2026-08-06",
        "updated_at": "2026-08-06",
        "name_score": 1.0,
        "coordinate_score": 1.0,
        "classification_score": 0.25,
        "contact_score": 0.0,
        "capacity_score": 0.0,
        "services_score": 0.0,
        "image_score": 0.0,
        "completeness_score": 0.14,
        "overall_quality_score": 0.32,
        "data_completeness_percent": 14,
        "missing_fields": [
          "classification",
          "municipality",
          "address",
          "contact",
          "rooms",
          "beds",
          "units",
          "capacity",
          "services",
          "license",
          "operation",
          "image"
        ],
        "match_status": "new_feature",
        "coordinate_review_status": "valid",
        "coordinate_change_reason": null,
        "original_coordinates": [
          11.9945951,
          32.9924201
        ]
      },
      "geometry": {
        "type": "Point",
        "coordinates": [
          11.9945951,
          32.9924201
        ]
      }
    },
    {
      "type": "Feature",
      "id": "LY-ACC-RES-ZUW-00019",
      "properties": {
        "id": "LY-ACC-RES-ZUW-00019",
        "name_ar": "استراحة سيليا زوارة",
        "name_en": null,
        "name_normalized_ar": "استراحهسيليازواره",
        "translation_status": "not_available",
        "category": "القرى والمنتجعات السياحية",
        "subcategory_ar": "تحتاج مراجعة",
        "subcategory_en": "Review required",
        "facility_type_code": "review_required",
        "municipality_ar": "زوارة",
        "municipality_en": "Zuwara",
        "city_ar": "زوارة",
        "city_en": "Zuwara",
        "region_ar": "الساحل الغربي",
        "region_en": "Western Coast",
        "address_ar": null,
        "address_en": null,
        "longitude": 11.9917974,
        "latitude": 32.992055,
        "source": "Tourist villages and resorts KML",
        "source_kml": "data/incoming/tourist-villages-resorts.kml",
        "source_record_index": 127,
        "description_ar": "الوصف:\n:",
        "description_en": null,
        "phone": null,
        "email": null,
        "website": null,
        "stars": null,
        "rooms": null,
        "beds": null,
        "units": null,
        "capacity": null,
        "beach_access": null,
        "pool_available": null,
        "restaurant_available": null,
        "parking_available": null,
        "family_friendly": null,
        "status": null,
        "license_status": null,
        "operational_status": null,
        "ownership_type": null,
        "data_quality_status": "low",
        "data_review_status": "review_required",
        "source_image_url": null,
        "source_image_provider": null,
        "source_image_status": "no_image",
        "local_images": [],
        "image_count": 0,
        "created_at": "2026-08-06",
        "updated_at": "2026-08-06",
        "name_score": 1.0,
        "coordinate_score": 1.0,
        "classification_score": 0.25,
        "contact_score": 0.0,
        "capacity_score": 0.0,
        "services_score": 0.0,
        "image_score": 0.0,
        "completeness_score": 0.21,
        "overall_quality_score": 0.32,
        "data_completeness_percent": 21,
        "missing_fields": [
          "classification",
          "address",
          "contact",
          "rooms",
          "beds",
          "units",
          "capacity",
          "services",
          "license",
          "operation",
          "image"
        ],
        "match_status": "new_feature",
        "coordinate_review_status": "valid",
        "coordinate_change_reason": null,
        "original_coordinates": [
          11.9917974,
          32.992055
        ]
      },
      "geometry": {
        "type": "Point",
        "coordinates": [
          11.9917974,
          32.992055
        ]
      }
    },
    {
      "type": "Feature",
      "id": "LY-ACC-RES-NAT-00048",
      "properties": {
        "id": "LY-ACC-RES-NAT-00048",
        "name_ar": "استراحة نبض الحياة",
        "name_en": null,
        "name_normalized_ar": "استراحهنبضالحياه",
        "translation_status": "not_available",
        "category": "القرى والمنتجعات السياحية",
        "subcategory_ar": "تحتاج مراجعة",
        "subcategory_en": "Review required",
        "facility_type_code": "review_required",
        "municipality_ar": null,
        "municipality_en": null,
        "city_ar": null,
        "city_en": null,
        "region_ar": null,
        "region_en": null,
        "address_ar": null,
        "address_en": null,
        "longitude": 11.9935673,
        "latitude": 32.9909749,
        "source": "Tourist villages and resorts KML",
        "source_kml": "data/incoming/tourist-villages-resorts.kml",
        "source_record_index": 128,
        "description_ar": "الوصف:\n:",
        "description_en": null,
        "phone": null,
        "email": null,
        "website": null,
        "stars": null,
        "rooms": null,
        "beds": null,
        "units": null,
        "capacity": null,
        "beach_access": null,
        "pool_available": null,
        "restaurant_available": null,
        "parking_available": null,
        "family_friendly": null,
        "status": null,
        "license_status": null,
        "operational_status": null,
        "ownership_type": null,
        "data_quality_status": "low",
        "data_review_status": "review_required",
        "source_image_url": null,
        "source_image_provider": null,
        "source_image_status": "no_image",
        "local_images": [],
        "image_count": 0,
        "created_at": "2026-08-06",
        "updated_at": "2026-08-06",
        "name_score": 1.0,
        "coordinate_score": 1.0,
        "classification_score": 0.25,
        "contact_score": 0.0,
        "capacity_score": 0.0,
        "services_score": 0.0,
        "image_score": 0.0,
        "completeness_score": 0.14,
        "overall_quality_score": 0.32,
        "data_completeness_percent": 14,
        "missing_fields": [
          "classification",
          "municipality",
          "address",
          "contact",
          "rooms",
          "beds",
          "units",
          "capacity",
          "services",
          "license",
          "operation",
          "image"
        ],
        "match_status": "new_feature",
        "coordinate_review_status": "valid",
        "coordinate_change_reason": null,
        "original_coordinates": [
          11.9935673,
          32.9909749
        ]
      },
      "geometry": {
        "type": "Point",
        "coordinates": [
          11.9935673,
          32.9909749
        ]
      }
    },
    {
      "type": "Feature",
      "id": "LY-ACC-RES-NAT-00049",
      "properties": {
        "id": "LY-ACC-RES-NAT-00049",
        "name_ar": "Villa Helena",
        "name_en": null,
        "name_normalized_ar": "villahelena",
        "translation_status": "not_available",
        "category": "القرى والمنتجعات السياحية",
        "subcategory_ar": "تحتاج مراجعة",
        "subcategory_en": "Review required",
        "facility_type_code": "review_required",
        "municipality_ar": null,
        "municipality_en": null,
        "city_ar": null,
        "city_en": null,
        "region_ar": null,
        "region_en": null,
        "address_ar": null,
        "address_en": null,
        "longitude": 11.997503,
        "latitude": 32.9881858,
        "source": "Tourist villages and resorts KML",
        "source_kml": "data/incoming/tourist-villages-resorts.kml",
        "source_record_index": 129,
        "description_ar": "الوصف:\n:",
        "description_en": null,
        "phone": null,
        "email": null,
        "website": null,
        "stars": null,
        "rooms": null,
        "beds": null,
        "units": null,
        "capacity": null,
        "beach_access": null,
        "pool_available": null,
        "restaurant_available": null,
        "parking_available": null,
        "family_friendly": null,
        "status": null,
        "license_status": null,
        "operational_status": null,
        "ownership_type": null,
        "data_quality_status": "low",
        "data_review_status": "review_required",
        "source_image_url": null,
        "source_image_provider": null,
        "source_image_status": "no_image",
        "local_images": [],
        "image_count": 0,
        "created_at": "2026-08-06",
        "updated_at": "2026-08-06",
        "name_score": 1.0,
        "coordinate_score": 1.0,
        "classification_score": 0.25,
        "contact_score": 0.0,
        "capacity_score": 0.0,
        "services_score": 0.0,
        "image_score": 0.0,
        "completeness_score": 0.14,
        "overall_quality_score": 0.32,
        "data_completeness_percent": 14,
        "missing_fields": [
          "classification",
          "municipality",
          "address",
          "contact",
          "rooms",
          "beds",
          "units",
          "capacity",
          "services",
          "license",
          "operation",
          "image"
        ],
        "match_status": "new_feature",
        "coordinate_review_status": "valid",
        "coordinate_change_reason": null,
        "original_coordinates": [
          11.997503,
          32.9881858
        ]
      },
      "geometry": {
        "type": "Point",
        "coordinates": [
          11.997503,
          32.9881858
        ]
      }
    },
    {
      "type": "Feature",
      "id": "LY-ACC-RES-NAT-00050",
      "properties": {
        "id": "LY-ACC-RES-NAT-00050",
        "name_ar": "Crystal House إستراحة كريستال",
        "name_en": null,
        "name_normalized_ar": "crystalhouseاستراحهكريستال",
        "translation_status": "not_available",
        "category": "القرى والمنتجعات السياحية",
        "subcategory_ar": "تحتاج مراجعة",
        "subcategory_en": "Review required",
        "facility_type_code": "review_required",
        "municipality_ar": null,
        "municipality_en": null,
        "city_ar": null,
        "city_en": null,
        "region_ar": null,
        "region_en": null,
        "address_ar": null,
        "address_en": null,
        "longitude": 12.0019139,
        "latitude": 32.9874471,
        "source": "Tourist villages and resorts KML",
        "source_kml": "data/incoming/tourist-villages-resorts.kml",
        "source_record_index": 130,
        "description_ar": "الوصف:\n:",
        "description_en": null,
        "phone": null,
        "email": null,
        "website": null,
        "stars": null,
        "rooms": null,
        "beds": null,
        "units": null,
        "capacity": null,
        "beach_access": null,
        "pool_available": null,
        "restaurant_available": null,
        "parking_available": null,
        "family_friendly": null,
        "status": null,
        "license_status": null,
        "operational_status": null,
        "ownership_type": null,
        "data_quality_status": "low",
        "data_review_status": "review_required",
        "source_image_url": null,
        "source_image_provider": null,
        "source_image_status": "no_image",
        "local_images": [],
        "image_count": 0,
        "created_at": "2026-08-06",
        "updated_at": "2026-08-06",
        "name_score": 1.0,
        "coordinate_score": 1.0,
        "classification_score": 0.25,
        "contact_score": 0.0,
        "capacity_score": 0.0,
        "services_score": 0.0,
        "image_score": 0.0,
        "completeness_score": 0.14,
        "overall_quality_score": 0.32,
        "data_completeness_percent": 14,
        "missing_fields": [
          "classification",
          "municipality",
          "address",
          "contact",
          "rooms",
          "beds",
          "units",
          "capacity",
          "services",
          "license",
          "operation",
          "image"
        ],
        "match_status": "new_feature",
        "coordinate_review_status": "valid",
        "coordinate_change_reason": null,
        "original_coordinates": [
          12.0019139,
          32.9874471
        ]
      },
      "geometry": {
        "type": "Point",
        "coordinates": [
          12.0019139,
          32.9874471
        ]
      }
    },
    {
      "type": "Feature",
      "id": "LY-ACC-RES-NAT-00051",
      "properties": {
        "id": "LY-ACC-RES-NAT-00051",
        "name_ar": "استرحات انيار المميزة",
        "name_en": null,
        "name_normalized_ar": "استرحاتانيارالمميزه",
        "translation_status": "not_available",
        "category": "القرى والمنتجعات السياحية",
        "subcategory_ar": "تحتاج مراجعة",
        "subcategory_en": "Review required",
        "facility_type_code": "review_required",
        "municipality_ar": null,
        "municipality_en": null,
        "city_ar": null,
        "city_en": null,
        "region_ar": null,
        "region_en": null,
        "address_ar": null,
        "address_en": null,
        "longitude": 12.0035542,
        "latitude": 32.9847102,
        "source": "Tourist villages and resorts KML",
        "source_kml": "data/incoming/tourist-villages-resorts.kml",
        "source_record_index": 131,
        "description_ar": "الوصف:\n:",
        "description_en": null,
        "phone": null,
        "email": null,
        "website": null,
        "stars": null,
        "rooms": null,
        "beds": null,
        "units": null,
        "capacity": null,
        "beach_access": null,
        "pool_available": null,
        "restaurant_available": null,
        "parking_available": null,
        "family_friendly": null,
        "status": null,
        "license_status": null,
        "operational_status": null,
        "ownership_type": null,
        "data_quality_status": "low",
        "data_review_status": "review_required",
        "source_image_url": null,
        "source_image_provider": null,
        "source_image_status": "no_image",
        "local_images": [],
        "image_count": 0,
        "created_at": "2026-08-06",
        "updated_at": "2026-08-06",
        "name_score": 1.0,
        "coordinate_score": 1.0,
        "classification_score": 0.25,
        "contact_score": 0.0,
        "capacity_score": 0.0,
        "services_score": 0.0,
        "image_score": 0.0,
        "completeness_score": 0.14,
        "overall_quality_score": 0.32,
        "data_completeness_percent": 14,
        "missing_fields": [
          "classification",
          "municipality",
          "address",
          "contact",
          "rooms",
          "beds",
          "units",
          "capacity",
          "services",
          "license",
          "operation",
          "image"
        ],
        "match_status": "new_feature",
        "coordinate_review_status": "valid",
        "coordinate_change_reason": null,
        "original_coordinates": [
          12.0035542,
          32.9847102
        ]
      },
      "geometry": {
        "type": "Point",
        "coordinates": [
          12.0035542,
          32.9847102
        ]
      }
    },
    {
      "type": "Feature",
      "id": "LY-ACC-RES-NAT-00052",
      "properties": {
        "id": "LY-ACC-RES-NAT-00052",
        "name_ar": "اقامة لونا",
        "name_en": null,
        "name_normalized_ar": "اقامهلونا",
        "translation_status": "not_available",
        "category": "القرى والمنتجعات السياحية",
        "subcategory_ar": "تحتاج مراجعة",
        "subcategory_en": "Review required",
        "facility_type_code": "review_required",
        "municipality_ar": null,
        "municipality_en": null,
        "city_ar": null,
        "city_en": null,
        "region_ar": null,
        "region_en": null,
        "address_ar": null,
        "address_en": null,
        "longitude": 12.0034164,
        "latitude": 32.9806841,
        "source": "Tourist villages and resorts KML",
        "source_kml": "data/incoming/tourist-villages-resorts.kml",
        "source_record_index": 132,
        "description_ar": "الوصف:\n:",
        "description_en": null,
        "phone": null,
        "email": null,
        "website": null,
        "stars": null,
        "rooms": null,
        "beds": null,
        "units": null,
        "capacity": null,
        "beach_access": null,
        "pool_available": null,
        "restaurant_available": null,
        "parking_available": null,
        "family_friendly": null,
        "status": null,
        "license_status": null,
        "operational_status": null,
        "ownership_type": null,
        "data_quality_status": "low",
        "data_review_status": "review_required",
        "source_image_url": null,
        "source_image_provider": null,
        "source_image_status": "no_image",
        "local_images": [],
        "image_count": 0,
        "created_at": "2026-08-06",
        "updated_at": "2026-08-06",
        "name_score": 1.0,
        "coordinate_score": 1.0,
        "classification_score": 0.25,
        "contact_score": 0.0,
        "capacity_score": 0.0,
        "services_score": 0.0,
        "image_score": 0.0,
        "completeness_score": 0.14,
        "overall_quality_score": 0.32,
        "data_completeness_percent": 14,
        "missing_fields": [
          "classification",
          "municipality",
          "address",
          "contact",
          "rooms",
          "beds",
          "units",
          "capacity",
          "services",
          "license",
          "operation",
          "image"
        ],
        "match_status": "new_feature",
        "coordinate_review_status": "valid",
        "coordinate_change_reason": null,
        "original_coordinates": [
          12.0034164,
          32.9806841
        ]
      },
      "geometry": {
        "type": "Point",
        "coordinates": [
          12.0034164,
          32.9806841
        ]
      }
    },
    {
      "type": "Feature",
      "id": "LY-ACC-RES-NAT-00053",
      "properties": {
        "id": "LY-ACC-RES-NAT-00053",
        "name_ar": "استراحة LAREN",
        "name_en": null,
        "name_normalized_ar": "استراحهlaren",
        "translation_status": "not_available",
        "category": "القرى والمنتجعات السياحية",
        "subcategory_ar": "تحتاج مراجعة",
        "subcategory_en": "Review required",
        "facility_type_code": "review_required",
        "municipality_ar": null,
        "municipality_en": null,
        "city_ar": null,
        "city_en": null,
        "region_ar": null,
        "region_en": null,
        "address_ar": null,
        "address_en": null,
        "longitude": 12.0065542,
        "latitude": 32.9812015,
        "source": "Tourist villages and resorts KML",
        "source_kml": "data/incoming/tourist-villages-resorts.kml",
        "source_record_index": 133,
        "description_ar": "الوصف:\n:",
        "description_en": null,
        "phone": null,
        "email": null,
        "website": null,
        "stars": null,
        "rooms": null,
        "beds": null,
        "units": null,
        "capacity": null,
        "beach_access": null,
        "pool_available": null,
        "restaurant_available": null,
        "parking_available": null,
        "family_friendly": null,
        "status": null,
        "license_status": null,
        "operational_status": null,
        "ownership_type": null,
        "data_quality_status": "low",
        "data_review_status": "review_required",
        "source_image_url": null,
        "source_image_provider": null,
        "source_image_status": "no_image",
        "local_images": [],
        "image_count": 0,
        "created_at": "2026-08-06",
        "updated_at": "2026-08-06",
        "name_score": 1.0,
        "coordinate_score": 1.0,
        "classification_score": 0.25,
        "contact_score": 0.0,
        "capacity_score": 0.0,
        "services_score": 0.0,
        "image_score": 0.0,
        "completeness_score": 0.14,
        "overall_quality_score": 0.32,
        "data_completeness_percent": 14,
        "missing_fields": [
          "classification",
          "municipality",
          "address",
          "contact",
          "rooms",
          "beds",
          "units",
          "capacity",
          "services",
          "license",
          "operation",
          "image"
        ],
        "match_status": "new_feature",
        "coordinate_review_status": "valid",
        "coordinate_change_reason": null,
        "original_coordinates": [
          12.0065542,
          32.9812015
        ]
      },
      "geometry": {
        "type": "Point",
        "coordinates": [
          12.0065542,
          32.9812015
        ]
      }
    },
    {
      "type": "Feature",
      "id": "LY-ACC-RES-ZUW-00020",
      "properties": {
        "id": "LY-ACC-RES-ZUW-00020",
        "name_ar": "منتجع بالي زوارة/Bali village",
        "name_en": null,
        "name_normalized_ar": "منتجعباليزوارهbalivillage",
        "translation_status": "not_available",
        "category": "القرى والمنتجعات السياحية",
        "subcategory_ar": "تحتاج مراجعة",
        "subcategory_en": "Review required",
        "facility_type_code": "review_required",
        "municipality_ar": "زوارة",
        "municipality_en": "Zuwara",
        "city_ar": "زوارة",
        "city_en": "Zuwara",
        "region_ar": "الساحل الغربي",
        "region_en": "Western Coast",
        "address_ar": null,
        "address_en": null,
        "longitude": 12.0134408,
        "latitude": 32.982833,
        "source": "Tourist villages and resorts KML",
        "source_kml": "data/incoming/tourist-villages-resorts.kml",
        "source_record_index": 134,
        "description_ar": "الوصف:\n:",
        "description_en": null,
        "phone": null,
        "email": null,
        "website": null,
        "stars": null,
        "rooms": null,
        "beds": null,
        "units": null,
        "capacity": null,
        "beach_access": null,
        "pool_available": null,
        "restaurant_available": null,
        "parking_available": null,
        "family_friendly": null,
        "status": null,
        "license_status": null,
        "operational_status": null,
        "ownership_type": null,
        "data_quality_status": "low",
        "data_review_status": "review_required",
        "source_image_url": null,
        "source_image_provider": null,
        "source_image_status": "no_image",
        "local_images": [],
        "image_count": 0,
        "created_at": "2026-08-06",
        "updated_at": "2026-08-06",
        "name_score": 1.0,
        "coordinate_score": 1.0,
        "classification_score": 0.25,
        "contact_score": 0.0,
        "capacity_score": 0.0,
        "services_score": 0.0,
        "image_score": 0.0,
        "completeness_score": 0.21,
        "overall_quality_score": 0.32,
        "data_completeness_percent": 21,
        "missing_fields": [
          "classification",
          "address",
          "contact",
          "rooms",
          "beds",
          "units",
          "capacity",
          "services",
          "license",
          "operation",
          "image"
        ],
        "match_status": "new_feature",
        "coordinate_review_status": "valid",
        "coordinate_change_reason": null,
        "original_coordinates": [
          12.0134408,
          32.982833
        ]
      },
      "geometry": {
        "type": "Point",
        "coordinates": [
          12.0134408,
          32.982833
        ]
      }
    },
    {
      "type": "Feature",
      "id": "LY-ACC-RES-NAT-00054",
      "properties": {
        "id": "LY-ACC-RES-NAT-00054",
        "name_ar": "Sea room",
        "name_en": null,
        "name_normalized_ar": "searoom",
        "translation_status": "not_available",
        "category": "القرى والمنتجعات السياحية",
        "subcategory_ar": "تحتاج مراجعة",
        "subcategory_en": "Review required",
        "facility_type_code": "review_required",
        "municipality_ar": null,
        "municipality_en": null,
        "city_ar": null,
        "city_en": null,
        "region_ar": null,
        "region_en": null,
        "address_ar": null,
        "address_en": null,
        "longitude": 12.0508497,
        "latitude": 32.9564477,
        "source": "Tourist villages and resorts KML",
        "source_kml": "data/incoming/tourist-villages-resorts.kml",
        "source_record_index": 135,
        "description_ar": "الوصف:\n:",
        "description_en": null,
        "phone": null,
        "email": null,
        "website": null,
        "stars": null,
        "rooms": null,
        "beds": null,
        "units": null,
        "capacity": null,
        "beach_access": null,
        "pool_available": null,
        "restaurant_available": null,
        "parking_available": null,
        "family_friendly": null,
        "status": null,
        "license_status": null,
        "operational_status": null,
        "ownership_type": null,
        "data_quality_status": "low",
        "data_review_status": "review_required",
        "source_image_url": null,
        "source_image_provider": null,
        "source_image_status": "no_image",
        "local_images": [],
        "image_count": 0,
        "created_at": "2026-08-06",
        "updated_at": "2026-08-06",
        "name_score": 1.0,
        "coordinate_score": 1.0,
        "classification_score": 0.25,
        "contact_score": 0.0,
        "capacity_score": 0.0,
        "services_score": 0.0,
        "image_score": 0.0,
        "completeness_score": 0.14,
        "overall_quality_score": 0.32,
        "data_completeness_percent": 14,
        "missing_fields": [
          "classification",
          "municipality",
          "address",
          "contact",
          "rooms",
          "beds",
          "units",
          "capacity",
          "services",
          "license",
          "operation",
          "image"
        ],
        "match_status": "new_feature",
        "coordinate_review_status": "valid",
        "coordinate_change_reason": null,
        "original_coordinates": [
          12.0508497,
          32.9564477
        ]
      },
      "geometry": {
        "type": "Point",
        "coordinates": [
          12.0508497,
          32.9564477
        ]
      }
    },
    {
      "type": "Feature",
      "id": "LY-ACC-RES-NAT-00055",
      "properties": {
        "id": "LY-ACC-RES-NAT-00055",
        "name_ar": "Guest house",
        "name_en": null,
        "name_normalized_ar": "guesthouse",
        "translation_status": "not_available",
        "category": "القرى والمنتجعات السياحية",
        "subcategory_ar": "تحتاج مراجعة",
        "subcategory_en": "Review required",
        "facility_type_code": "review_required",
        "municipality_ar": null,
        "municipality_en": null,
        "city_ar": null,
        "city_en": null,
        "region_ar": null,
        "region_en": null,
        "address_ar": null,
        "address_en": null,
        "longitude": 12.1091054,
        "latitude": 32.9266984,
        "source": "Tourist villages and resorts KML",
        "source_kml": "data/incoming/tourist-villages-resorts.kml",
        "source_record_index": 136,
        "description_ar": "الوصف:\n:",
        "description_en": null,
        "phone": null,
        "email": null,
        "website": null,
        "stars": null,
        "rooms": null,
        "beds": null,
        "units": null,
        "capacity": null,
        "beach_access": null,
        "pool_available": null,
        "restaurant_available": null,
        "parking_available": null,
        "family_friendly": null,
        "status": null,
        "license_status": null,
        "operational_status": null,
        "ownership_type": null,
        "data_quality_status": "low",
        "data_review_status": "review_required",
        "source_image_url": null,
        "source_image_provider": null,
        "source_image_status": "no_image",
        "local_images": [],
        "image_count": 0,
        "created_at": "2026-08-06",
        "updated_at": "2026-08-06",
        "name_score": 1.0,
        "coordinate_score": 1.0,
        "classification_score": 0.25,
        "contact_score": 0.0,
        "capacity_score": 0.0,
        "services_score": 0.0,
        "image_score": 0.0,
        "completeness_score": 0.14,
        "overall_quality_score": 0.32,
        "data_completeness_percent": 14,
        "missing_fields": [
          "classification",
          "municipality",
          "address",
          "contact",
          "rooms",
          "beds",
          "units",
          "capacity",
          "services",
          "license",
          "operation",
          "image"
        ],
        "match_status": "new_feature",
        "coordinate_review_status": "valid",
        "coordinate_change_reason": null,
        "original_coordinates": [
          12.1091054,
          32.9266984
        ]
      },
      "geometry": {
        "type": "Point",
        "coordinates": [
          12.1091054,
          32.9266984
        ]
      }
    },
    {
      "type": "Feature",
      "id": "LY-ACC-RES-NAT-00056",
      "properties": {
        "id": "LY-ACC-RES-NAT-00056",
        "name_ar": "منتجع الملّاحة",
        "name_en": null,
        "name_normalized_ar": "منتجعالملّاحه",
        "translation_status": "not_available",
        "category": "القرى والمنتجعات السياحية",
        "subcategory_ar": "تحتاج مراجعة",
        "subcategory_en": "Review required",
        "facility_type_code": "review_required",
        "municipality_ar": null,
        "municipality_en": null,
        "city_ar": null,
        "city_en": null,
        "region_ar": null,
        "region_en": null,
        "address_ar": null,
        "address_en": null,
        "longitude": 12.123346,
        "latitude": 32.9153001,
        "source": "Tourist villages and resorts KML",
        "source_kml": "data/incoming/tourist-villages-resorts.kml",
        "source_record_index": 137,
        "description_ar": "الوصف:\n:",
        "description_en": null,
        "phone": null,
        "email": null,
        "website": null,
        "stars": null,
        "rooms": null,
        "beds": null,
        "units": null,
        "capacity": null,
        "beach_access": null,
        "pool_available": null,
        "restaurant_available": null,
        "parking_available": null,
        "family_friendly": null,
        "status": null,
        "license_status": null,
        "operational_status": null,
        "ownership_type": null,
        "data_quality_status": "low",
        "data_review_status": "review_required",
        "source_image_url": null,
        "source_image_provider": null,
        "source_image_status": "no_image",
        "local_images": [],
        "image_count": 0,
        "created_at": "2026-08-06",
        "updated_at": "2026-08-06",
        "name_score": 1.0,
        "coordinate_score": 1.0,
        "classification_score": 0.25,
        "contact_score": 0.0,
        "capacity_score": 0.0,
        "services_score": 0.0,
        "image_score": 0.0,
        "completeness_score": 0.14,
        "overall_quality_score": 0.32,
        "data_completeness_percent": 14,
        "missing_fields": [
          "classification",
          "municipality",
          "address",
          "contact",
          "rooms",
          "beds",
          "units",
          "capacity",
          "services",
          "license",
          "operation",
          "image"
        ],
        "match_status": "new_feature",
        "coordinate_review_status": "valid",
        "coordinate_change_reason": null,
        "original_coordinates": [
          12.123346,
          32.9153001
        ]
      },
      "geometry": {
        "type": "Point",
        "coordinates": [
          12.123346,
          32.9153001
        ]
      }
    },
    {
      "type": "Feature",
      "id": "LY-ACC-RES-ZUW-00021",
      "properties": {
        "id": "LY-ACC-RES-ZUW-00021",
        "name_ar": "مصيف أبناء الغالي العائلي-زوارة",
        "name_en": null,
        "name_normalized_ar": "مصيفابناءالغاليالعايليزواره",
        "translation_status": "not_available",
        "category": "القرى والمنتجعات السياحية",
        "subcategory_ar": "منتجع عائلي",
        "subcategory_en": "Family resort",
        "facility_type_code": "family_resort",
        "municipality_ar": "زوارة",
        "municipality_en": "Zuwara",
        "city_ar": "زوارة",
        "city_en": "Zuwara",
        "region_ar": "الساحل الغربي",
        "region_en": "Western Coast",
        "address_ar": null,
        "address_en": null,
        "longitude": 12.156653,
        "latitude": 32.8987647,
        "source": "Tourist villages and resorts KML",
        "source_kml": "data/incoming/tourist-villages-resorts.kml",
        "source_record_index": 138,
        "description_ar": "الوصف:\n:",
        "description_en": null,
        "phone": null,
        "email": null,
        "website": null,
        "stars": null,
        "rooms": null,
        "beds": null,
        "units": null,
        "capacity": null,
        "beach_access": null,
        "pool_available": null,
        "restaurant_available": null,
        "parking_available": null,
        "family_friendly": null,
        "status": null,
        "license_status": null,
        "operational_status": null,
        "ownership_type": null,
        "data_quality_status": "low",
        "data_review_status": "integrated",
        "source_image_url": null,
        "source_image_provider": null,
        "source_image_status": "no_image",
        "local_images": [],
        "image_count": 0,
        "created_at": "2026-08-06",
        "updated_at": "2026-08-06",
        "name_score": 1.0,
        "coordinate_score": 1.0,
        "classification_score": 1.0,
        "contact_score": 0.0,
        "capacity_score": 0.0,
        "services_score": 0.0,
        "image_score": 0.0,
        "completeness_score": 0.29,
        "overall_quality_score": 0.43,
        "data_completeness_percent": 29,
        "missing_fields": [
          "address",
          "contact",
          "rooms",
          "beds",
          "units",
          "capacity",
          "services",
          "license",
          "operation",
          "image"
        ],
        "match_status": "new_feature",
        "coordinate_review_status": "valid",
        "coordinate_change_reason": null,
        "original_coordinates": [
          12.156653,
          32.8987647
        ]
      },
      "geometry": {
        "type": "Point",
        "coordinates": [
          12.156653,
          32.8987647
        ]
      }
    },
    {
      "type": "Feature",
      "id": "LY-ACC-RES-NAT-00057",
      "properties": {
        "id": "LY-ACC-RES-NAT-00057",
        "name_ar": "استراحة فايق بكه",
        "name_en": null,
        "name_normalized_ar": "استراحهفايقبكه",
        "translation_status": "not_available",
        "category": "القرى والمنتجعات السياحية",
        "subcategory_ar": "تحتاج مراجعة",
        "subcategory_en": "Review required",
        "facility_type_code": "review_required",
        "municipality_ar": null,
        "municipality_en": null,
        "city_ar": null,
        "city_en": null,
        "region_ar": null,
        "region_en": null,
        "address_ar": null,
        "address_en": null,
        "longitude": 12.1522603,
        "latitude": 32.8915292,
        "source": "Tourist villages and resorts KML",
        "source_kml": "data/incoming/tourist-villages-resorts.kml",
        "source_record_index": 139,
        "description_ar": "الوصف:\n:",
        "description_en": null,
        "phone": null,
        "email": null,
        "website": null,
        "stars": null,
        "rooms": null,
        "beds": null,
        "units": null,
        "capacity": null,
        "beach_access": null,
        "pool_available": null,
        "restaurant_available": null,
        "parking_available": null,
        "family_friendly": null,
        "status": null,
        "license_status": null,
        "operational_status": null,
        "ownership_type": null,
        "data_quality_status": "low",
        "data_review_status": "review_required",
        "source_image_url": null,
        "source_image_provider": null,
        "source_image_status": "no_image",
        "local_images": [],
        "image_count": 0,
        "created_at": "2026-08-06",
        "updated_at": "2026-08-06",
        "name_score": 1.0,
        "coordinate_score": 1.0,
        "classification_score": 0.25,
        "contact_score": 0.0,
        "capacity_score": 0.0,
        "services_score": 0.0,
        "image_score": 0.0,
        "completeness_score": 0.14,
        "overall_quality_score": 0.32,
        "data_completeness_percent": 14,
        "missing_fields": [
          "classification",
          "municipality",
          "address",
          "contact",
          "rooms",
          "beds",
          "units",
          "capacity",
          "services",
          "license",
          "operation",
          "image"
        ],
        "match_status": "new_feature",
        "coordinate_review_status": "valid",
        "coordinate_change_reason": null,
        "original_coordinates": [
          12.1522603,
          32.8915292
        ]
      },
      "geometry": {
        "type": "Point",
        "coordinates": [
          12.1522603,
          32.8915292
        ]
      }
    },
    {
      "type": "Feature",
      "id": "LY-ACC-RES-ZUW-00022",
      "properties": {
        "id": "LY-ACC-RES-ZUW-00022",
        "name_ar": "قصر الضيافة زوارة",
        "name_en": null,
        "name_normalized_ar": "قصرالضيافهزواره",
        "translation_status": "not_available",
        "category": "القرى والمنتجعات السياحية",
        "subcategory_ar": "تحتاج مراجعة",
        "subcategory_en": "Review required",
        "facility_type_code": "review_required",
        "municipality_ar": "زوارة",
        "municipality_en": "Zuwara",
        "city_ar": "زوارة",
        "city_en": "Zuwara",
        "region_ar": "الساحل الغربي",
        "region_en": "Western Coast",
        "address_ar": null,
        "address_en": null,
        "longitude": 12.1708778,
        "latitude": 32.8895663,
        "source": "Tourist villages and resorts KML",
        "source_kml": "data/incoming/tourist-villages-resorts.kml",
        "source_record_index": 140,
        "description_ar": "الوصف:\n:",
        "description_en": null,
        "phone": null,
        "email": null,
        "website": null,
        "stars": null,
        "rooms": null,
        "beds": null,
        "units": null,
        "capacity": null,
        "beach_access": null,
        "pool_available": null,
        "restaurant_available": null,
        "parking_available": null,
        "family_friendly": null,
        "status": null,
        "license_status": null,
        "operational_status": null,
        "ownership_type": null,
        "data_quality_status": "low",
        "data_review_status": "review_required",
        "source_image_url": null,
        "source_image_provider": null,
        "source_image_status": "no_image",
        "local_images": [],
        "image_count": 0,
        "created_at": "2026-08-06",
        "updated_at": "2026-08-06",
        "name_score": 1.0,
        "coordinate_score": 1.0,
        "classification_score": 0.25,
        "contact_score": 0.0,
        "capacity_score": 0.0,
        "services_score": 0.0,
        "image_score": 0.0,
        "completeness_score": 0.21,
        "overall_quality_score": 0.32,
        "data_completeness_percent": 21,
        "missing_fields": [
          "classification",
          "address",
          "contact",
          "rooms",
          "beds",
          "units",
          "capacity",
          "services",
          "license",
          "operation",
          "image"
        ],
        "match_status": "new_feature",
        "coordinate_review_status": "valid",
        "coordinate_change_reason": null,
        "original_coordinates": [
          12.1708778,
          32.8895663
        ]
      },
      "geometry": {
        "type": "Point",
        "coordinates": [
          12.1708778,
          32.8895663
        ]
      }
    },
    {
      "type": "Feature",
      "id": "LY-ACC-RES-NAT-00058",
      "properties": {
        "id": "LY-ACC-RES-NAT-00058",
        "name_ar": "استراحة الشاطئ",
        "name_en": null,
        "name_normalized_ar": "استراحهالشاطي",
        "translation_status": "not_available",
        "category": "القرى والمنتجعات السياحية",
        "subcategory_ar": "منتجع شاطئي",
        "subcategory_en": "Beach resort",
        "facility_type_code": "beach_resort",
        "municipality_ar": null,
        "municipality_en": null,
        "city_ar": null,
        "city_en": null,
        "region_ar": null,
        "region_en": null,
        "address_ar": null,
        "address_en": null,
        "longitude": 12.1716251,
        "latitude": 32.8935766,
        "source": "Tourist villages and resorts KML",
        "source_kml": "data/incoming/tourist-villages-resorts.kml",
        "source_record_index": 141,
        "description_ar": "الوصف:\n:",
        "description_en": null,
        "phone": null,
        "email": null,
        "website": null,
        "stars": null,
        "rooms": null,
        "beds": null,
        "units": null,
        "capacity": null,
        "beach_access": null,
        "pool_available": null,
        "restaurant_available": null,
        "parking_available": null,
        "family_friendly": null,
        "status": null,
        "license_status": null,
        "operational_status": null,
        "ownership_type": null,
        "data_quality_status": "low",
        "data_review_status": "integrated",
        "source_image_url": null,
        "source_image_provider": null,
        "source_image_status": "no_image",
        "local_images": [],
        "image_count": 0,
        "created_at": "2026-08-06",
        "updated_at": "2026-08-06",
        "name_score": 1.0,
        "coordinate_score": 1.0,
        "classification_score": 1.0,
        "contact_score": 0.0,
        "capacity_score": 0.0,
        "services_score": 0.0,
        "image_score": 0.0,
        "completeness_score": 0.21,
        "overall_quality_score": 0.43,
        "data_completeness_percent": 21,
        "missing_fields": [
          "municipality",
          "address",
          "contact",
          "rooms",
          "beds",
          "units",
          "capacity",
          "services",
          "license",
          "operation",
          "image"
        ],
        "match_status": "new_feature",
        "coordinate_review_status": "valid",
        "coordinate_change_reason": null,
        "original_coordinates": [
          12.1716251,
          32.8935766
        ]
      },
      "geometry": {
        "type": "Point",
        "coordinates": [
          12.1716251,
          32.8935766
        ]
      }
    },
    {
      "type": "Feature",
      "id": "LY-ACC-RES-NAT-00059",
      "properties": {
        "id": "LY-ACC-RES-NAT-00059",
        "name_ar": "استراحة دار الضيافة",
        "name_en": null,
        "name_normalized_ar": "استراحهدارالضيافه",
        "translation_status": "not_available",
        "category": "القرى والمنتجعات السياحية",
        "subcategory_ar": "تحتاج مراجعة",
        "subcategory_en": "Review required",
        "facility_type_code": "review_required",
        "municipality_ar": null,
        "municipality_en": null,
        "city_ar": null,
        "city_en": null,
        "region_ar": null,
        "region_en": null,
        "address_ar": null,
        "address_en": null,
        "longitude": 12.1778747,
        "latitude": 32.883618,
        "source": "Tourist villages and resorts KML",
        "source_kml": "data/incoming/tourist-villages-resorts.kml",
        "source_record_index": 142,
        "description_ar": "الوصف:\n:",
        "description_en": null,
        "phone": null,
        "email": null,
        "website": null,
        "stars": null,
        "rooms": null,
        "beds": null,
        "units": null,
        "capacity": null,
        "beach_access": null,
        "pool_available": null,
        "restaurant_available": null,
        "parking_available": null,
        "family_friendly": null,
        "status": null,
        "license_status": null,
        "operational_status": null,
        "ownership_type": null,
        "data_quality_status": "low",
        "data_review_status": "review_required",
        "source_image_url": null,
        "source_image_provider": null,
        "source_image_status": "no_image",
        "local_images": [],
        "image_count": 0,
        "created_at": "2026-08-06",
        "updated_at": "2026-08-06",
        "name_score": 1.0,
        "coordinate_score": 1.0,
        "classification_score": 0.25,
        "contact_score": 0.0,
        "capacity_score": 0.0,
        "services_score": 0.0,
        "image_score": 0.0,
        "completeness_score": 0.14,
        "overall_quality_score": 0.32,
        "data_completeness_percent": 14,
        "missing_fields": [
          "classification",
          "municipality",
          "address",
          "contact",
          "rooms",
          "beds",
          "units",
          "capacity",
          "services",
          "license",
          "operation",
          "image"
        ],
        "match_status": "new_feature",
        "coordinate_review_status": "valid",
        "coordinate_change_reason": null,
        "original_coordinates": [
          12.1778747,
          32.883618
        ]
      },
      "geometry": {
        "type": "Point",
        "coordinates": [
          12.1778747,
          32.883618
        ]
      }
    },
    {
      "type": "Feature",
      "id": "LY-ACC-RES-ZUW-00023",
      "properties": {
        "id": "LY-ACC-RES-ZUW-00023",
        "name_ar": "استراحة فيرونا زوارة",
        "name_en": null,
        "name_normalized_ar": "استراحهفيرونازواره",
        "translation_status": "not_available",
        "category": "القرى والمنتجعات السياحية",
        "subcategory_ar": "تحتاج مراجعة",
        "subcategory_en": "Review required",
        "facility_type_code": "review_required",
        "municipality_ar": "زوارة",
        "municipality_en": "Zuwara",
        "city_ar": "زوارة",
        "city_en": "Zuwara",
        "region_ar": "الساحل الغربي",
        "region_en": "Western Coast",
        "address_ar": null,
        "address_en": null,
        "longitude": 12.1762961,
        "latitude": 32.8797646,
        "source": "Tourist villages and resorts KML",
        "source_kml": "data/incoming/tourist-villages-resorts.kml",
        "source_record_index": 143,
        "description_ar": "الوصف:\n:",
        "description_en": null,
        "phone": null,
        "email": null,
        "website": null,
        "stars": null,
        "rooms": null,
        "beds": null,
        "units": null,
        "capacity": null,
        "beach_access": null,
        "pool_available": null,
        "restaurant_available": null,
        "parking_available": null,
        "family_friendly": null,
        "status": null,
        "license_status": null,
        "operational_status": null,
        "ownership_type": null,
        "data_quality_status": "low",
        "data_review_status": "review_required",
        "source_image_url": null,
        "source_image_provider": null,
        "source_image_status": "no_image",
        "local_images": [],
        "image_count": 0,
        "created_at": "2026-08-06",
        "updated_at": "2026-08-06",
        "name_score": 1.0,
        "coordinate_score": 1.0,
        "classification_score": 0.25,
        "contact_score": 0.0,
        "capacity_score": 0.0,
        "services_score": 0.0,
        "image_score": 0.0,
        "completeness_score": 0.21,
        "overall_quality_score": 0.32,
        "data_completeness_percent": 21,
        "missing_fields": [
          "classification",
          "address",
          "contact",
          "rooms",
          "beds",
          "units",
          "capacity",
          "services",
          "license",
          "operation",
          "image"
        ],
        "match_status": "new_feature",
        "coordinate_review_status": "valid",
        "coordinate_change_reason": null,
        "original_coordinates": [
          12.1762961,
          32.8797646
        ]
      },
      "geometry": {
        "type": "Point",
        "coordinates": [
          12.1762961,
          32.8797646
        ]
      }
    },
    {
      "type": "Feature",
      "id": "LY-ACC-RES-NAT-00060",
      "properties": {
        "id": "LY-ACC-RES-NAT-00060",
        "name_ar": "استراحة نوفل",
        "name_en": null,
        "name_normalized_ar": "استراحهنوفل",
        "translation_status": "not_available",
        "category": "القرى والمنتجعات السياحية",
        "subcategory_ar": "تحتاج مراجعة",
        "subcategory_en": "Review required",
        "facility_type_code": "review_required",
        "municipality_ar": null,
        "municipality_en": null,
        "city_ar": null,
        "city_en": null,
        "region_ar": null,
        "region_en": null,
        "address_ar": null,
        "address_en": null,
        "longitude": 12.1195399,
        "latitude": 32.8886271,
        "source": "Tourist villages and resorts KML",
        "source_kml": "data/incoming/tourist-villages-resorts.kml",
        "source_record_index": 144,
        "description_ar": "الوصف:\n:",
        "description_en": null,
        "phone": null,
        "email": null,
        "website": null,
        "stars": null,
        "rooms": null,
        "beds": null,
        "units": null,
        "capacity": null,
        "beach_access": null,
        "pool_available": null,
        "restaurant_available": null,
        "parking_available": null,
        "family_friendly": null,
        "status": null,
        "license_status": null,
        "operational_status": null,
        "ownership_type": null,
        "data_quality_status": "low",
        "data_review_status": "review_required",
        "source_image_url": null,
        "source_image_provider": null,
        "source_image_status": "no_image",
        "local_images": [],
        "image_count": 0,
        "created_at": "2026-08-06",
        "updated_at": "2026-08-06",
        "name_score": 1.0,
        "coordinate_score": 1.0,
        "classification_score": 0.25,
        "contact_score": 0.0,
        "capacity_score": 0.0,
        "services_score": 0.0,
        "image_score": 0.0,
        "completeness_score": 0.14,
        "overall_quality_score": 0.32,
        "data_completeness_percent": 14,
        "missing_fields": [
          "classification",
          "municipality",
          "address",
          "contact",
          "rooms",
          "beds",
          "units",
          "capacity",
          "services",
          "license",
          "operation",
          "image"
        ],
        "match_status": "new_feature",
        "coordinate_review_status": "valid",
        "coordinate_change_reason": null,
        "original_coordinates": [
          12.1195399,
          32.8886271
        ]
      },
      "geometry": {
        "type": "Point",
        "coordinates": [
          12.1195399,
          32.8886271
        ]
      }
    },
    {
      "type": "Feature",
      "id": "LY-ACC-RES-ZUW-00024",
      "properties": {
        "id": "LY-ACC-RES-ZUW-00024",
        "name_ar": "شاطئ بحر زوارة",
        "name_en": null,
        "name_normalized_ar": "شاطيبحرزواره",
        "translation_status": "not_available",
        "category": "القرى والمنتجعات السياحية",
        "subcategory_ar": "تحتاج مراجعة",
        "subcategory_en": "Review required",
        "facility_type_code": "review_required",
        "municipality_ar": "زوارة",
        "municipality_en": "Zuwara",
        "city_ar": "زوارة",
        "city_en": "Zuwara",
        "region_ar": "الساحل الغربي",
        "region_en": "Western Coast",
        "address_ar": null,
        "address_en": null,
        "longitude": 12.2166875,
        "latitude": 32.8686875,
        "source": "Tourist villages and resorts KML",
        "source_kml": "data/incoming/tourist-villages-resorts.kml",
        "source_record_index": 145,
        "description_ar": "الوصف:\n:",
        "description_en": null,
        "phone": null,
        "email": null,
        "website": null,
        "stars": null,
        "rooms": null,
        "beds": null,
        "units": null,
        "capacity": null,
        "beach_access": null,
        "pool_available": null,
        "restaurant_available": null,
        "parking_available": null,
        "family_friendly": null,
        "status": null,
        "license_status": null,
        "operational_status": null,
        "ownership_type": null,
        "data_quality_status": "low",
        "data_review_status": "review_required",
        "source_image_url": null,
        "source_image_provider": null,
        "source_image_status": "no_image",
        "local_images": [],
        "image_count": 0,
        "created_at": "2026-08-06",
        "updated_at": "2026-08-06",
        "name_score": 1.0,
        "coordinate_score": 1.0,
        "classification_score": 0.25,
        "contact_score": 0.0,
        "capacity_score": 0.0,
        "services_score": 0.0,
        "image_score": 0.0,
        "completeness_score": 0.21,
        "overall_quality_score": 0.32,
        "data_completeness_percent": 21,
        "missing_fields": [
          "classification",
          "address",
          "contact",
          "rooms",
          "beds",
          "units",
          "capacity",
          "services",
          "license",
          "operation",
          "image"
        ],
        "match_status": "new_feature",
        "coordinate_review_status": "valid",
        "coordinate_change_reason": null,
        "original_coordinates": [
          12.2166875,
          32.8686875
        ]
      },
      "geometry": {
        "type": "Point",
        "coordinates": [
          12.2166875,
          32.8686875
        ]
      }
    },
    {
      "type": "Feature",
      "id": "LY-ACC-RES-NAT-00061",
      "properties": {
        "id": "LY-ACC-RES-NAT-00061",
        "name_ar": "المصيف المفتوح تليل",
        "name_en": null,
        "name_normalized_ar": "المصيفالمفتوحتليل",
        "translation_status": "not_available",
        "category": "القرى والمنتجعات السياحية",
        "subcategory_ar": "منشأة سياحية أخرى",
        "subcategory_en": "Other tourism accommodation",
        "facility_type_code": "accommodation_resort_other",
        "municipality_ar": null,
        "municipality_en": null,
        "city_ar": null,
        "city_en": null,
        "region_ar": null,
        "region_en": null,
        "address_ar": null,
        "address_en": null,
        "longitude": 12.3641883,
        "latitude": 32.8196211,
        "source": "Tourist villages and resorts KML",
        "source_kml": "data/incoming/tourist-villages-resorts.kml",
        "source_record_index": 146,
        "description_ar": "الوصف:\n:",
        "description_en": null,
        "phone": null,
        "email": null,
        "website": null,
        "stars": null,
        "rooms": null,
        "beds": null,
        "units": null,
        "capacity": null,
        "beach_access": null,
        "pool_available": null,
        "restaurant_available": null,
        "parking_available": null,
        "family_friendly": null,
        "status": null,
        "license_status": null,
        "operational_status": null,
        "ownership_type": null,
        "data_quality_status": "low",
        "data_review_status": "integrated",
        "source_image_url": null,
        "source_image_provider": null,
        "source_image_status": "no_image",
        "local_images": [],
        "image_count": 0,
        "created_at": "2026-08-06",
        "updated_at": "2026-08-06",
        "name_score": 1.0,
        "coordinate_score": 1.0,
        "classification_score": 0.65,
        "contact_score": 0.0,
        "capacity_score": 0.0,
        "services_score": 0.0,
        "image_score": 0.0,
        "completeness_score": 0.21,
        "overall_quality_score": 0.38,
        "data_completeness_percent": 21,
        "missing_fields": [
          "municipality",
          "address",
          "contact",
          "rooms",
          "beds",
          "units",
          "capacity",
          "services",
          "license",
          "operation",
          "image"
        ],
        "match_status": "new_feature",
        "coordinate_review_status": "valid",
        "coordinate_change_reason": null,
        "original_coordinates": [
          12.3641883,
          32.8196211
        ]
      },
      "geometry": {
        "type": "Point",
        "coordinates": [
          12.3641883,
          32.8196211
        ]
      }
    },
    {
      "type": "Feature",
      "id": "LY-ACC-RES-NAT-00062",
      "properties": {
        "id": "LY-ACC-RES-NAT-00062",
        "name_ar": "مصيف مارينا تليل العائلي",
        "name_en": null,
        "name_normalized_ar": "مصيفماريناتليلالعايلي",
        "translation_status": "not_available",
        "category": "القرى والمنتجعات السياحية",
        "subcategory_ar": "منتجع عائلي",
        "subcategory_en": "Family resort",
        "facility_type_code": "family_resort",
        "municipality_ar": null,
        "municipality_en": null,
        "city_ar": null,
        "city_en": null,
        "region_ar": null,
        "region_en": null,
        "address_ar": null,
        "address_en": null,
        "longitude": 12.3873319,
        "latitude": 32.8166354,
        "source": "Tourist villages and resorts KML",
        "source_kml": "data/incoming/tourist-villages-resorts.kml",
        "source_record_index": 147,
        "description_ar": "الوصف:\n:",
        "description_en": null,
        "phone": null,
        "email": null,
        "website": null,
        "stars": null,
        "rooms": null,
        "beds": null,
        "units": null,
        "capacity": null,
        "beach_access": null,
        "pool_available": null,
        "restaurant_available": null,
        "parking_available": null,
        "family_friendly": null,
        "status": null,
        "license_status": null,
        "operational_status": null,
        "ownership_type": null,
        "data_quality_status": "low",
        "data_review_status": "integrated",
        "source_image_url": null,
        "source_image_provider": null,
        "source_image_status": "no_image",
        "local_images": [],
        "image_count": 0,
        "created_at": "2026-08-06",
        "updated_at": "2026-08-06",
        "name_score": 1.0,
        "coordinate_score": 1.0,
        "classification_score": 1.0,
        "contact_score": 0.0,
        "capacity_score": 0.0,
        "services_score": 0.0,
        "image_score": 0.0,
        "completeness_score": 0.21,
        "overall_quality_score": 0.43,
        "data_completeness_percent": 21,
        "missing_fields": [
          "municipality",
          "address",
          "contact",
          "rooms",
          "beds",
          "units",
          "capacity",
          "services",
          "license",
          "operation",
          "image"
        ],
        "match_status": "new_feature",
        "coordinate_review_status": "valid",
        "coordinate_change_reason": null,
        "original_coordinates": [
          12.3873319,
          32.8166354
        ]
      },
      "geometry": {
        "type": "Point",
        "coordinates": [
          12.3873319,
          32.8166354
        ]
      }
    },
    {
      "type": "Feature",
      "id": "LY-ACC-RES-NAT-00063",
      "properties": {
        "id": "LY-ACC-RES-NAT-00063",
        "name_ar": "Lancaster Al Salam Resort - منتجع لانكستر السلام",
        "name_en": null,
        "name_normalized_ar": "lancasteralsalamresortمنتجعلانكسترالسلام",
        "translation_status": "not_available",
        "category": "القرى والمنتجعات السياحية",
        "subcategory_ar": "منتجع سياحي",
        "subcategory_en": "Tourist resort",
        "facility_type_code": "tourist_resort",
        "municipality_ar": null,
        "municipality_en": null,
        "city_ar": null,
        "city_en": null,
        "region_ar": null,
        "region_en": null,
        "address_ar": null,
        "address_en": null,
        "longitude": 12.3875354,
        "latitude": 32.8150919,
        "source": "Tourist villages and resorts KML",
        "source_kml": "data/incoming/tourist-villages-resorts.kml",
        "source_record_index": 148,
        "description_ar": "الوصف:\n:",
        "description_en": null,
        "phone": null,
        "email": null,
        "website": null,
        "stars": null,
        "rooms": null,
        "beds": null,
        "units": null,
        "capacity": null,
        "beach_access": null,
        "pool_available": null,
        "restaurant_available": null,
        "parking_available": null,
        "family_friendly": null,
        "status": null,
        "license_status": null,
        "operational_status": null,
        "ownership_type": null,
        "data_quality_status": "low",
        "data_review_status": "integrated",
        "source_image_url": null,
        "source_image_provider": null,
        "source_image_status": "no_image",
        "local_images": [],
        "image_count": 0,
        "created_at": "2026-08-06",
        "updated_at": "2026-08-06",
        "name_score": 1.0,
        "coordinate_score": 1.0,
        "classification_score": 1.0,
        "contact_score": 0.0,
        "capacity_score": 0.0,
        "services_score": 0.0,
        "image_score": 0.0,
        "completeness_score": 0.21,
        "overall_quality_score": 0.43,
        "data_completeness_percent": 21,
        "missing_fields": [
          "municipality",
          "address",
          "contact",
          "rooms",
          "beds",
          "units",
          "capacity",
          "services",
          "license",
          "operation",
          "image"
        ],
        "match_status": "new_feature",
        "coordinate_review_status": "valid",
        "coordinate_change_reason": null,
        "original_coordinates": [
          12.3875354,
          32.8150919
        ]
      },
      "geometry": {
        "type": "Point",
        "coordinates": [
          12.3875354,
          32.8150919
        ]
      }
    },
    {
      "type": "Feature",
      "id": "LY-ACC-RES-SAB-00004",
      "properties": {
        "id": "LY-ACC-RES-SAB-00004",
        "name_ar": "مصيف اللوتس العائلي صبراتة",
        "name_en": null,
        "name_normalized_ar": "مصيفاللوتسالعايليصبراته",
        "translation_status": "not_available",
        "category": "القرى والمنتجعات السياحية",
        "subcategory_ar": "منتجع عائلي",
        "subcategory_en": "Family resort",
        "facility_type_code": "family_resort",
        "municipality_ar": "صبراتة",
        "municipality_en": "Sabratha",
        "city_ar": "صبراتة",
        "city_en": "Sabratha",
        "region_ar": "الساحل الغربي",
        "region_en": "Western Coast",
        "address_ar": null,
        "address_en": null,
        "longitude": 12.4009528,
        "latitude": 32.8137206,
        "source": "Tourist villages and resorts KML",
        "source_kml": "data/incoming/tourist-villages-resorts.kml",
        "source_record_index": 149,
        "description_ar": "الوصف:\n:",
        "description_en": null,
        "phone": null,
        "email": null,
        "website": null,
        "stars": null,
        "rooms": null,
        "beds": null,
        "units": null,
        "capacity": null,
        "beach_access": null,
        "pool_available": null,
        "restaurant_available": null,
        "parking_available": null,
        "family_friendly": null,
        "status": null,
        "license_status": null,
        "operational_status": null,
        "ownership_type": null,
        "data_quality_status": "low",
        "data_review_status": "integrated",
        "source_image_url": null,
        "source_image_provider": null,
        "source_image_status": "no_image",
        "local_images": [],
        "image_count": 0,
        "created_at": "2026-08-06",
        "updated_at": "2026-08-06",
        "name_score": 1.0,
        "coordinate_score": 1.0,
        "classification_score": 1.0,
        "contact_score": 0.0,
        "capacity_score": 0.0,
        "services_score": 0.0,
        "image_score": 0.0,
        "completeness_score": 0.29,
        "overall_quality_score": 0.43,
        "data_completeness_percent": 29,
        "missing_fields": [
          "address",
          "contact",
          "rooms",
          "beds",
          "units",
          "capacity",
          "services",
          "license",
          "operation",
          "image"
        ],
        "match_status": "new_feature",
        "coordinate_review_status": "valid",
        "coordinate_change_reason": null,
        "original_coordinates": [
          12.4009528,
          32.8137206
        ]
      },
      "geometry": {
        "type": "Point",
        "coordinates": [
          12.4009528,
          32.8137206
        ]
      }
    },
    {
      "type": "Feature",
      "id": "LY-ACC-RES-NAT-00064",
      "properties": {
        "id": "LY-ACC-RES-NAT-00064",
        "name_ar": "شاطئ تليل السياحي",
        "name_en": null,
        "name_normalized_ar": "شاطيتليلالسياحي",
        "translation_status": "not_available",
        "category": "القرى والمنتجعات السياحية",
        "subcategory_ar": "تحتاج مراجعة",
        "subcategory_en": "Review required",
        "facility_type_code": "review_required",
        "municipality_ar": null,
        "municipality_en": null,
        "city_ar": null,
        "city_en": null,
        "region_ar": null,
        "region_en": null,
        "address_ar": null,
        "address_en": null,
        "longitude": 12.4011661,
        "latitude": 32.8154572,
        "source": "Tourist villages and resorts KML",
        "source_kml": "data/incoming/tourist-villages-resorts.kml",
        "source_record_index": 150,
        "description_ar": "الوصف:\n:",
        "description_en": null,
        "phone": null,
        "email": null,
        "website": null,
        "stars": null,
        "rooms": null,
        "beds": null,
        "units": null,
        "capacity": null,
        "beach_access": null,
        "pool_available": null,
        "restaurant_available": null,
        "parking_available": null,
        "family_friendly": null,
        "status": null,
        "license_status": null,
        "operational_status": null,
        "ownership_type": null,
        "data_quality_status": "low",
        "data_review_status": "review_required",
        "source_image_url": null,
        "source_image_provider": null,
        "source_image_status": "no_image",
        "local_images": [],
        "image_count": 0,
        "created_at": "2026-08-06",
        "updated_at": "2026-08-06",
        "name_score": 1.0,
        "coordinate_score": 1.0,
        "classification_score": 0.25,
        "contact_score": 0.0,
        "capacity_score": 0.0,
        "services_score": 0.0,
        "image_score": 0.0,
        "completeness_score": 0.14,
        "overall_quality_score": 0.32,
        "data_completeness_percent": 14,
        "missing_fields": [
          "classification",
          "municipality",
          "address",
          "contact",
          "rooms",
          "beds",
          "units",
          "capacity",
          "services",
          "license",
          "operation",
          "image"
        ],
        "match_status": "new_feature",
        "coordinate_review_status": "valid",
        "coordinate_change_reason": null,
        "original_coordinates": [
          12.4011661,
          32.8154572
        ]
      },
      "geometry": {
        "type": "Point",
        "coordinates": [
          12.4011661,
          32.8154572
        ]
      }
    },
    {
      "type": "Feature",
      "id": "LY-ACC-RES-NAT-00065",
      "properties": {
        "id": "LY-ACC-RES-NAT-00065",
        "name_ar": "مصيف اللؤلؤة تليل",
        "name_en": null,
        "name_normalized_ar": "مصيفاللولوهتليل",
        "translation_status": "not_available",
        "category": "القرى والمنتجعات السياحية",
        "subcategory_ar": "منشأة سياحية أخرى",
        "subcategory_en": "Other tourism accommodation",
        "facility_type_code": "accommodation_resort_other",
        "municipality_ar": null,
        "municipality_en": null,
        "city_ar": null,
        "city_en": null,
        "region_ar": null,
        "region_en": null,
        "address_ar": null,
        "address_en": null,
        "longitude": 12.4019474,
        "latitude": 32.8139626,
        "source": "Tourist villages and resorts KML",
        "source_kml": "data/incoming/tourist-villages-resorts.kml",
        "source_record_index": 151,
        "description_ar": "الوصف:\n:",
        "description_en": null,
        "phone": null,
        "email": null,
        "website": null,
        "stars": null,
        "rooms": null,
        "beds": null,
        "units": null,
        "capacity": null,
        "beach_access": null,
        "pool_available": null,
        "restaurant_available": null,
        "parking_available": null,
        "family_friendly": null,
        "status": null,
        "license_status": null,
        "operational_status": null,
        "ownership_type": null,
        "data_quality_status": "low",
        "data_review_status": "integrated",
        "source_image_url": null,
        "source_image_provider": null,
        "source_image_status": "no_image",
        "local_images": [],
        "image_count": 0,
        "created_at": "2026-08-06",
        "updated_at": "2026-08-06",
        "name_score": 1.0,
        "coordinate_score": 1.0,
        "classification_score": 0.65,
        "contact_score": 0.0,
        "capacity_score": 0.0,
        "services_score": 0.0,
        "image_score": 0.0,
        "completeness_score": 0.21,
        "overall_quality_score": 0.38,
        "data_completeness_percent": 21,
        "missing_fields": [
          "municipality",
          "address",
          "contact",
          "rooms",
          "beds",
          "units",
          "capacity",
          "services",
          "license",
          "operation",
          "image"
        ],
        "match_status": "new_feature",
        "coordinate_review_status": "valid",
        "coordinate_change_reason": null,
        "original_coordinates": [
          12.4019474,
          32.8139626
        ]
      },
      "geometry": {
        "type": "Point",
        "coordinates": [
          12.4019474,
          32.8139626
        ]
      }
    },
    {
      "type": "Feature",
      "id": "LY-ACC-RES-SAB-00005",
      "properties": {
        "id": "LY-ACC-RES-SAB-00005",
        "name_ar": "مصيف النادي البحري العائلي صبراتة",
        "name_en": null,
        "name_normalized_ar": "مصيفالناديالبحريالعايليصبراته",
        "translation_status": "not_available",
        "category": "القرى والمنتجعات السياحية",
        "subcategory_ar": "منتجع شاطئي",
        "subcategory_en": "Beach resort",
        "facility_type_code": "beach_resort",
        "municipality_ar": "صبراتة",
        "municipality_en": "Sabratha",
        "city_ar": "صبراتة",
        "city_en": "Sabratha",
        "region_ar": "الساحل الغربي",
        "region_en": "Western Coast",
        "address_ar": null,
        "address_en": null,
        "longitude": 12.4067348,
        "latitude": 32.8151517,
        "source": "Tourist villages and resorts KML",
        "source_kml": "data/incoming/tourist-villages-resorts.kml",
        "source_record_index": 152,
        "description_ar": "الوصف:\n:",
        "description_en": null,
        "phone": null,
        "email": null,
        "website": null,
        "stars": null,
        "rooms": null,
        "beds": null,
        "units": null,
        "capacity": null,
        "beach_access": null,
        "pool_available": null,
        "restaurant_available": null,
        "parking_available": null,
        "family_friendly": null,
        "status": null,
        "license_status": null,
        "operational_status": null,
        "ownership_type": null,
        "data_quality_status": "low",
        "data_review_status": "integrated",
        "source_image_url": null,
        "source_image_provider": null,
        "source_image_status": "no_image",
        "local_images": [],
        "image_count": 0,
        "created_at": "2026-08-06",
        "updated_at": "2026-08-06",
        "name_score": 1.0,
        "coordinate_score": 1.0,
        "classification_score": 1.0,
        "contact_score": 0.0,
        "capacity_score": 0.0,
        "services_score": 0.0,
        "image_score": 0.0,
        "completeness_score": 0.29,
        "overall_quality_score": 0.43,
        "data_completeness_percent": 29,
        "missing_fields": [
          "address",
          "contact",
          "rooms",
          "beds",
          "units",
          "capacity",
          "services",
          "license",
          "operation",
          "image"
        ],
        "match_status": "new_feature",
        "coordinate_review_status": "valid",
        "coordinate_change_reason": null,
        "original_coordinates": [
          12.4067348,
          32.8151517
        ]
      },
      "geometry": {
        "type": "Point",
        "coordinates": [
          12.4067348,
          32.8151517
        ]
      }
    },
    {
      "type": "Feature",
      "id": "LY-ACC-RES-NAT-00066",
      "properties": {
        "id": "LY-ACC-RES-NAT-00066",
        "name_ar": "استراحات الفخامة صبراته",
        "name_en": null,
        "name_normalized_ar": "استراحاتالفخامهصبراته",
        "translation_status": "not_available",
        "category": "القرى والمنتجعات السياحية",
        "subcategory_ar": "تحتاج مراجعة",
        "subcategory_en": "Review required",
        "facility_type_code": "review_required",
        "municipality_ar": null,
        "municipality_en": null,
        "city_ar": null,
        "city_en": null,
        "region_ar": null,
        "region_en": null,
        "address_ar": null,
        "address_en": null,
        "longitude": 12.4063542,
        "latitude": 32.807409,
        "source": "Tourist villages and resorts KML",
        "source_kml": "data/incoming/tourist-villages-resorts.kml",
        "source_record_index": 153,
        "description_ar": "الوصف:\n:",
        "description_en": null,
        "phone": null,
        "email": null,
        "website": null,
        "stars": null,
        "rooms": null,
        "beds": null,
        "units": null,
        "capacity": null,
        "beach_access": null,
        "pool_available": null,
        "restaurant_available": null,
        "parking_available": null,
        "family_friendly": null,
        "status": null,
        "license_status": null,
        "operational_status": null,
        "ownership_type": null,
        "data_quality_status": "low",
        "data_review_status": "review_required",
        "source_image_url": null,
        "source_image_provider": null,
        "source_image_status": "no_image",
        "local_images": [],
        "image_count": 0,
        "created_at": "2026-08-06",
        "updated_at": "2026-08-06",
        "name_score": 1.0,
        "coordinate_score": 1.0,
        "classification_score": 0.25,
        "contact_score": 0.0,
        "capacity_score": 0.0,
        "services_score": 0.0,
        "image_score": 0.0,
        "completeness_score": 0.14,
        "overall_quality_score": 0.32,
        "data_completeness_percent": 14,
        "missing_fields": [
          "classification",
          "municipality",
          "address",
          "contact",
          "rooms",
          "beds",
          "units",
          "capacity",
          "services",
          "license",
          "operation",
          "image"
        ],
        "match_status": "new_feature",
        "coordinate_review_status": "valid",
        "coordinate_change_reason": null,
        "original_coordinates": [
          12.4063542,
          32.807409
        ]
      },
      "geometry": {
        "type": "Point",
        "coordinates": [
          12.4063542,
          32.807409
        ]
      }
    },
    {
      "type": "Feature",
      "id": "LY-ACC-RES-NAT-00067",
      "properties": {
        "id": "LY-ACC-RES-NAT-00067",
        "name_ar": "إستراحة الجوهرة - تليل",
        "name_en": null,
        "name_normalized_ar": "استراحهالجوهرهتليل",
        "translation_status": "not_available",
        "category": "القرى والمنتجعات السياحية",
        "subcategory_ar": "تحتاج مراجعة",
        "subcategory_en": "Review required",
        "facility_type_code": "review_required",
        "municipality_ar": null,
        "municipality_en": null,
        "city_ar": null,
        "city_en": null,
        "region_ar": null,
        "region_en": null,
        "address_ar": null,
        "address_en": null,
        "longitude": 12.4145468,
        "latitude": 32.8061987,
        "source": "Tourist villages and resorts KML",
        "source_kml": "data/incoming/tourist-villages-resorts.kml",
        "source_record_index": 154,
        "description_ar": "الوصف:\n:",
        "description_en": null,
        "phone": null,
        "email": null,
        "website": null,
        "stars": null,
        "rooms": null,
        "beds": null,
        "units": null,
        "capacity": null,
        "beach_access": null,
        "pool_available": null,
        "restaurant_available": null,
        "parking_available": null,
        "family_friendly": null,
        "status": null,
        "license_status": null,
        "operational_status": null,
        "ownership_type": null,
        "data_quality_status": "low",
        "data_review_status": "review_required",
        "source_image_url": null,
        "source_image_provider": null,
        "source_image_status": "no_image",
        "local_images": [],
        "image_count": 0,
        "created_at": "2026-08-06",
        "updated_at": "2026-08-06",
        "name_score": 1.0,
        "coordinate_score": 1.0,
        "classification_score": 0.25,
        "contact_score": 0.0,
        "capacity_score": 0.0,
        "services_score": 0.0,
        "image_score": 0.0,
        "completeness_score": 0.14,
        "overall_quality_score": 0.32,
        "data_completeness_percent": 14,
        "missing_fields": [
          "classification",
          "municipality",
          "address",
          "contact",
          "rooms",
          "beds",
          "units",
          "capacity",
          "services",
          "license",
          "operation",
          "image"
        ],
        "match_status": "new_feature",
        "coordinate_review_status": "valid",
        "coordinate_change_reason": null,
        "original_coordinates": [
          12.4145468,
          32.8061987
        ]
      },
      "geometry": {
        "type": "Point",
        "coordinates": [
          12.4145468,
          32.8061987
        ]
      }
    },
    {
      "type": "Feature",
      "id": "LY-ACC-RES-NAT-00068",
      "properties": {
        "id": "LY-ACC-RES-NAT-00068",
        "name_ar": "استراحة رويال",
        "name_en": null,
        "name_normalized_ar": "استراحهرويال",
        "translation_status": "not_available",
        "category": "القرى والمنتجعات السياحية",
        "subcategory_ar": "تحتاج مراجعة",
        "subcategory_en": "Review required",
        "facility_type_code": "review_required",
        "municipality_ar": null,
        "municipality_en": null,
        "city_ar": null,
        "city_en": null,
        "region_ar": null,
        "region_en": null,
        "address_ar": null,
        "address_en": null,
        "longitude": 12.4161248,
        "latitude": 32.8025006,
        "source": "Tourist villages and resorts KML",
        "source_kml": "data/incoming/tourist-villages-resorts.kml",
        "source_record_index": 155,
        "description_ar": "الوصف:\n:",
        "description_en": null,
        "phone": null,
        "email": null,
        "website": null,
        "stars": null,
        "rooms": null,
        "beds": null,
        "units": null,
        "capacity": null,
        "beach_access": null,
        "pool_available": null,
        "restaurant_available": null,
        "parking_available": null,
        "family_friendly": null,
        "status": null,
        "license_status": null,
        "operational_status": null,
        "ownership_type": null,
        "data_quality_status": "low",
        "data_review_status": "review_required",
        "source_image_url": null,
        "source_image_provider": null,
        "source_image_status": "no_image",
        "local_images": [],
        "image_count": 0,
        "created_at": "2026-08-06",
        "updated_at": "2026-08-06",
        "name_score": 1.0,
        "coordinate_score": 1.0,
        "classification_score": 0.25,
        "contact_score": 0.0,
        "capacity_score": 0.0,
        "services_score": 0.0,
        "image_score": 0.0,
        "completeness_score": 0.14,
        "overall_quality_score": 0.32,
        "data_completeness_percent": 14,
        "missing_fields": [
          "classification",
          "municipality",
          "address",
          "contact",
          "rooms",
          "beds",
          "units",
          "capacity",
          "services",
          "license",
          "operation",
          "image"
        ],
        "match_status": "new_feature",
        "coordinate_review_status": "valid",
        "coordinate_change_reason": null,
        "original_coordinates": [
          12.4161248,
          32.8025006
        ]
      },
      "geometry": {
        "type": "Point",
        "coordinates": [
          12.4161248,
          32.8025006
        ]
      }
    },
    {
      "type": "Feature",
      "id": "LY-ACC-RES-NAT-00069",
      "properties": {
        "id": "LY-ACC-RES-NAT-00069",
        "name_ar": "استراحة تليل",
        "name_en": null,
        "name_normalized_ar": "استراحهتليل",
        "translation_status": "not_available",
        "category": "القرى والمنتجعات السياحية",
        "subcategory_ar": "تحتاج مراجعة",
        "subcategory_en": "Review required",
        "facility_type_code": "review_required",
        "municipality_ar": null,
        "municipality_en": null,
        "city_ar": null,
        "city_en": null,
        "region_ar": null,
        "region_en": null,
        "address_ar": null,
        "address_en": null,
        "longitude": 12.42283,
        "latitude": 32.8050946,
        "source": "Tourist villages and resorts KML",
        "source_kml": "data/incoming/tourist-villages-resorts.kml",
        "source_record_index": 156,
        "description_ar": "الوصف:\n:",
        "description_en": null,
        "phone": null,
        "email": null,
        "website": null,
        "stars": null,
        "rooms": null,
        "beds": null,
        "units": null,
        "capacity": null,
        "beach_access": null,
        "pool_available": null,
        "restaurant_available": null,
        "parking_available": null,
        "family_friendly": null,
        "status": null,
        "license_status": null,
        "operational_status": null,
        "ownership_type": null,
        "data_quality_status": "low",
        "data_review_status": "review_required",
        "source_image_url": null,
        "source_image_provider": null,
        "source_image_status": "no_image",
        "local_images": [],
        "image_count": 0,
        "created_at": "2026-08-06",
        "updated_at": "2026-08-06",
        "name_score": 1.0,
        "coordinate_score": 1.0,
        "classification_score": 0.25,
        "contact_score": 0.0,
        "capacity_score": 0.0,
        "services_score": 0.0,
        "image_score": 0.0,
        "completeness_score": 0.14,
        "overall_quality_score": 0.32,
        "data_completeness_percent": 14,
        "missing_fields": [
          "classification",
          "municipality",
          "address",
          "contact",
          "rooms",
          "beds",
          "units",
          "capacity",
          "services",
          "license",
          "operation",
          "image"
        ],
        "match_status": "new_feature",
        "coordinate_review_status": "valid",
        "coordinate_change_reason": null,
        "original_coordinates": [
          12.42283,
          32.8050946
        ]
      },
      "geometry": {
        "type": "Point",
        "coordinates": [
          12.42283,
          32.8050946
        ]
      }
    },
    {
      "type": "Feature",
      "id": "LY-ACC-RES-NAT-00070",
      "properties": {
        "id": "LY-ACC-RES-NAT-00070",
        "name_ar": "استراحة روندا",
        "name_en": null,
        "name_normalized_ar": "استراحهروندا",
        "translation_status": "not_available",
        "category": "القرى والمنتجعات السياحية",
        "subcategory_ar": "تحتاج مراجعة",
        "subcategory_en": "Review required",
        "facility_type_code": "review_required",
        "municipality_ar": null,
        "municipality_en": null,
        "city_ar": null,
        "city_en": null,
        "region_ar": null,
        "region_en": null,
        "address_ar": null,
        "address_en": null,
        "longitude": 12.4269483,
        "latitude": 32.8040909,
        "source": "Tourist villages and resorts KML",
        "source_kml": "data/incoming/tourist-villages-resorts.kml",
        "source_record_index": 157,
        "description_ar": "الوصف:\n:",
        "description_en": null,
        "phone": null,
        "email": null,
        "website": null,
        "stars": null,
        "rooms": null,
        "beds": null,
        "units": null,
        "capacity": null,
        "beach_access": null,
        "pool_available": null,
        "restaurant_available": null,
        "parking_available": null,
        "family_friendly": null,
        "status": null,
        "license_status": null,
        "operational_status": null,
        "ownership_type": null,
        "data_quality_status": "low",
        "data_review_status": "review_required",
        "source_image_url": null,
        "source_image_provider": null,
        "source_image_status": "no_image",
        "local_images": [],
        "image_count": 0,
        "created_at": "2026-08-06",
        "updated_at": "2026-08-06",
        "name_score": 1.0,
        "coordinate_score": 1.0,
        "classification_score": 0.25,
        "contact_score": 0.0,
        "capacity_score": 0.0,
        "services_score": 0.0,
        "image_score": 0.0,
        "completeness_score": 0.14,
        "overall_quality_score": 0.32,
        "data_completeness_percent": 14,
        "missing_fields": [
          "classification",
          "municipality",
          "address",
          "contact",
          "rooms",
          "beds",
          "units",
          "capacity",
          "services",
          "license",
          "operation",
          "image"
        ],
        "match_status": "new_feature",
        "coordinate_review_status": "valid",
        "coordinate_change_reason": null,
        "original_coordinates": [
          12.4269483,
          32.8040909
        ]
      },
      "geometry": {
        "type": "Point",
        "coordinates": [
          12.4269483,
          32.8040909
        ]
      }
    },
    {
      "type": "Feature",
      "id": "LY-ACC-RES-BAY-00003",
      "properties": {
        "id": "LY-ACC-RES-BAY-00003",
        "name_ar": "استراحة البيضاء",
        "name_en": null,
        "name_normalized_ar": "استراحهالبيضاء",
        "translation_status": "not_available",
        "category": "القرى والمنتجعات السياحية",
        "subcategory_ar": "تحتاج مراجعة",
        "subcategory_en": "Review required",
        "facility_type_code": "review_required",
        "municipality_ar": "البيضاء",
        "municipality_en": "Al Bayda",
        "city_ar": "البيضاء",
        "city_en": "Al Bayda",
        "region_ar": "برقة",
        "region_en": "Cyrenaica",
        "address_ar": null,
        "address_en": null,
        "longitude": 12.4209751,
        "latitude": 32.8075063,
        "source": "Tourist villages and resorts KML",
        "source_kml": "data/incoming/tourist-villages-resorts.kml",
        "source_record_index": 158,
        "description_ar": "الوصف:\n:",
        "description_en": null,
        "phone": null,
        "email": null,
        "website": null,
        "stars": null,
        "rooms": null,
        "beds": null,
        "units": null,
        "capacity": null,
        "beach_access": null,
        "pool_available": null,
        "restaurant_available": null,
        "parking_available": null,
        "family_friendly": null,
        "status": null,
        "license_status": null,
        "operational_status": null,
        "ownership_type": null,
        "data_quality_status": "low",
        "data_review_status": "review_required",
        "source_image_url": null,
        "source_image_provider": null,
        "source_image_status": "no_image",
        "local_images": [],
        "image_count": 0,
        "created_at": "2026-08-06",
        "updated_at": "2026-08-06",
        "name_score": 1.0,
        "coordinate_score": 1.0,
        "classification_score": 0.25,
        "contact_score": 0.0,
        "capacity_score": 0.0,
        "services_score": 0.0,
        "image_score": 0.0,
        "completeness_score": 0.21,
        "overall_quality_score": 0.32,
        "data_completeness_percent": 21,
        "missing_fields": [
          "classification",
          "address",
          "contact",
          "rooms",
          "beds",
          "units",
          "capacity",
          "services",
          "license",
          "operation",
          "image"
        ],
        "match_status": "new_feature",
        "coordinate_review_status": "valid",
        "coordinate_change_reason": null,
        "original_coordinates": [
          12.4209751,
          32.8075063
        ]
      },
      "geometry": {
        "type": "Point",
        "coordinates": [
          12.4209751,
          32.8075063
        ]
      }
    },
    {
      "type": "Feature",
      "id": "LY-ACC-RES-NAT-00071",
      "properties": {
        "id": "LY-ACC-RES-NAT-00071",
        "name_ar": "إستراحة المنتزه تليل",
        "name_en": null,
        "name_normalized_ar": "استراحهالمنتزهتليل",
        "translation_status": "not_available",
        "category": "القرى والمنتجعات السياحية",
        "subcategory_ar": "تحتاج مراجعة",
        "subcategory_en": "Review required",
        "facility_type_code": "review_required",
        "municipality_ar": null,
        "municipality_en": null,
        "city_ar": null,
        "city_en": null,
        "region_ar": null,
        "region_en": null,
        "address_ar": null,
        "address_en": null,
        "longitude": 12.4205464,
        "latitude": 32.8084013,
        "source": "Tourist villages and resorts KML",
        "source_kml": "data/incoming/tourist-villages-resorts.kml",
        "source_record_index": 159,
        "description_ar": "الوصف:\n:",
        "description_en": null,
        "phone": null,
        "email": null,
        "website": null,
        "stars": null,
        "rooms": null,
        "beds": null,
        "units": null,
        "capacity": null,
        "beach_access": null,
        "pool_available": null,
        "restaurant_available": null,
        "parking_available": null,
        "family_friendly": null,
        "status": null,
        "license_status": null,
        "operational_status": null,
        "ownership_type": null,
        "data_quality_status": "low",
        "data_review_status": "review_required",
        "source_image_url": null,
        "source_image_provider": null,
        "source_image_status": "no_image",
        "local_images": [],
        "image_count": 0,
        "created_at": "2026-08-06",
        "updated_at": "2026-08-06",
        "name_score": 1.0,
        "coordinate_score": 1.0,
        "classification_score": 0.25,
        "contact_score": 0.0,
        "capacity_score": 0.0,
        "services_score": 0.0,
        "image_score": 0.0,
        "completeness_score": 0.14,
        "overall_quality_score": 0.32,
        "data_completeness_percent": 14,
        "missing_fields": [
          "classification",
          "municipality",
          "address",
          "contact",
          "rooms",
          "beds",
          "units",
          "capacity",
          "services",
          "license",
          "operation",
          "image"
        ],
        "match_status": "new_feature",
        "coordinate_review_status": "valid",
        "coordinate_change_reason": null,
        "original_coordinates": [
          12.4205464,
          32.8084013
        ]
      },
      "geometry": {
        "type": "Point",
        "coordinates": [
          12.4205464,
          32.8084013
        ]
      }
    },
    {
      "type": "Feature",
      "id": "LY-ACC-RES-SAB-00006",
      "properties": {
        "id": "LY-ACC-RES-SAB-00006",
        "name_ar": "استراحة القمر المضيء صبراتة تليل",
        "name_en": null,
        "name_normalized_ar": "استراحهالقمرالمضيءصبراتهتليل",
        "translation_status": "not_available",
        "category": "القرى والمنتجعات السياحية",
        "subcategory_ar": "تحتاج مراجعة",
        "subcategory_en": "Review required",
        "facility_type_code": "review_required",
        "municipality_ar": "صبراتة",
        "municipality_en": "Sabratha",
        "city_ar": "صبراتة",
        "city_en": "Sabratha",
        "region_ar": "الساحل الغربي",
        "region_en": "Western Coast",
        "address_ar": null,
        "address_en": null,
        "longitude": 12.4217421,
        "latitude": 32.8071196,
        "source": "Tourist villages and resorts KML",
        "source_kml": "data/incoming/tourist-villages-resorts.kml",
        "source_record_index": 160,
        "description_ar": "الوصف:\n:",
        "description_en": null,
        "phone": null,
        "email": null,
        "website": null,
        "stars": null,
        "rooms": null,
        "beds": null,
        "units": null,
        "capacity": null,
        "beach_access": null,
        "pool_available": null,
        "restaurant_available": null,
        "parking_available": null,
        "family_friendly": null,
        "status": null,
        "license_status": null,
        "operational_status": null,
        "ownership_type": null,
        "data_quality_status": "low",
        "data_review_status": "review_required",
        "source_image_url": null,
        "source_image_provider": null,
        "source_image_status": "no_image",
        "local_images": [],
        "image_count": 0,
        "created_at": "2026-08-06",
        "updated_at": "2026-08-06",
        "name_score": 1.0,
        "coordinate_score": 1.0,
        "classification_score": 0.25,
        "contact_score": 0.0,
        "capacity_score": 0.0,
        "services_score": 0.0,
        "image_score": 0.0,
        "completeness_score": 0.21,
        "overall_quality_score": 0.32,
        "data_completeness_percent": 21,
        "missing_fields": [
          "classification",
          "address",
          "contact",
          "rooms",
          "beds",
          "units",
          "capacity",
          "services",
          "license",
          "operation",
          "image"
        ],
        "match_status": "new_feature",
        "coordinate_review_status": "valid",
        "coordinate_change_reason": null,
        "original_coordinates": [
          12.4217421,
          32.8071196
        ]
      },
      "geometry": {
        "type": "Point",
        "coordinates": [
          12.4217421,
          32.8071196
        ]
      }
    },
    {
      "type": "Feature",
      "id": "LY-ACC-RES-NAT-00072",
      "properties": {
        "id": "LY-ACC-RES-NAT-00072",
        "name_ar": "استراحه مرجان",
        "name_en": null,
        "name_normalized_ar": "استراحهمرجان",
        "translation_status": "not_available",
        "category": "القرى والمنتجعات السياحية",
        "subcategory_ar": "تحتاج مراجعة",
        "subcategory_en": "Review required",
        "facility_type_code": "review_required",
        "municipality_ar": null,
        "municipality_en": null,
        "city_ar": null,
        "city_en": null,
        "region_ar": null,
        "region_en": null,
        "address_ar": null,
        "address_en": null,
        "longitude": 12.4217749,
        "latitude": 32.8031531,
        "source": "Tourist villages and resorts KML",
        "source_kml": "data/incoming/tourist-villages-resorts.kml",
        "source_record_index": 161,
        "description_ar": "الوصف:\n:",
        "description_en": null,
        "phone": null,
        "email": null,
        "website": null,
        "stars": null,
        "rooms": null,
        "beds": null,
        "units": null,
        "capacity": null,
        "beach_access": null,
        "pool_available": null,
        "restaurant_available": null,
        "parking_available": null,
        "family_friendly": null,
        "status": null,
        "license_status": null,
        "operational_status": null,
        "ownership_type": null,
        "data_quality_status": "low",
        "data_review_status": "review_required",
        "source_image_url": null,
        "source_image_provider": null,
        "source_image_status": "no_image",
        "local_images": [],
        "image_count": 0,
        "created_at": "2026-08-06",
        "updated_at": "2026-08-06",
        "name_score": 1.0,
        "coordinate_score": 1.0,
        "classification_score": 0.25,
        "contact_score": 0.0,
        "capacity_score": 0.0,
        "services_score": 0.0,
        "image_score": 0.0,
        "completeness_score": 0.14,
        "overall_quality_score": 0.32,
        "data_completeness_percent": 14,
        "missing_fields": [
          "classification",
          "municipality",
          "address",
          "contact",
          "rooms",
          "beds",
          "units",
          "capacity",
          "services",
          "license",
          "operation",
          "image"
        ],
        "match_status": "new_feature",
        "coordinate_review_status": "valid",
        "coordinate_change_reason": null,
        "original_coordinates": [
          12.4217749,
          32.8031531
        ]
      },
      "geometry": {
        "type": "Point",
        "coordinates": [
          12.4217749,
          32.8031531
        ]
      }
    },
    {
      "type": "Feature",
      "id": "LY-ACC-RES-NAT-00073",
      "properties": {
        "id": "LY-ACC-RES-NAT-00073",
        "name_ar": "استراحة ليالي تليل",
        "name_en": null,
        "name_normalized_ar": "استراحهلياليتليل",
        "translation_status": "not_available",
        "category": "القرى والمنتجعات السياحية",
        "subcategory_ar": "تحتاج مراجعة",
        "subcategory_en": "Review required",
        "facility_type_code": "review_required",
        "municipality_ar": null,
        "municipality_en": null,
        "city_ar": null,
        "city_en": null,
        "region_ar": null,
        "region_en": null,
        "address_ar": null,
        "address_en": null,
        "longitude": 12.4264262,
        "latitude": 32.8019585,
        "source": "Tourist villages and resorts KML",
        "source_kml": "data/incoming/tourist-villages-resorts.kml",
        "source_record_index": 162,
        "description_ar": "الوصف:\n:",
        "description_en": null,
        "phone": null,
        "email": null,
        "website": null,
        "stars": null,
        "rooms": null,
        "beds": null,
        "units": null,
        "capacity": null,
        "beach_access": null,
        "pool_available": null,
        "restaurant_available": null,
        "parking_available": null,
        "family_friendly": null,
        "status": null,
        "license_status": null,
        "operational_status": null,
        "ownership_type": null,
        "data_quality_status": "low",
        "data_review_status": "review_required",
        "source_image_url": null,
        "source_image_provider": null,
        "source_image_status": "no_image",
        "local_images": [],
        "image_count": 0,
        "created_at": "2026-08-06",
        "updated_at": "2026-08-06",
        "name_score": 1.0,
        "coordinate_score": 1.0,
        "classification_score": 0.25,
        "contact_score": 0.0,
        "capacity_score": 0.0,
        "services_score": 0.0,
        "image_score": 0.0,
        "completeness_score": 0.14,
        "overall_quality_score": 0.32,
        "data_completeness_percent": 14,
        "missing_fields": [
          "classification",
          "municipality",
          "address",
          "contact",
          "rooms",
          "beds",
          "units",
          "capacity",
          "services",
          "license",
          "operation",
          "image"
        ],
        "match_status": "new_feature",
        "coordinate_review_status": "valid",
        "coordinate_change_reason": null,
        "original_coordinates": [
          12.4264262,
          32.8019585
        ]
      },
      "geometry": {
        "type": "Point",
        "coordinates": [
          12.4264262,
          32.8019585
        ]
      }
    },
    {
      "type": "Feature",
      "id": "LY-ACC-RES-NAT-00074",
      "properties": {
        "id": "LY-ACC-RES-NAT-00074",
        "name_ar": "استراحة ادم",
        "name_en": null,
        "name_normalized_ar": "استراحهادم",
        "translation_status": "not_available",
        "category": "القرى والمنتجعات السياحية",
        "subcategory_ar": "تحتاج مراجعة",
        "subcategory_en": "Review required",
        "facility_type_code": "review_required",
        "municipality_ar": null,
        "municipality_en": null,
        "city_ar": null,
        "city_en": null,
        "region_ar": null,
        "region_en": null,
        "address_ar": null,
        "address_en": null,
        "longitude": 12.4139155,
        "latitude": 32.8015064,
        "source": "Tourist villages and resorts KML",
        "source_kml": "data/incoming/tourist-villages-resorts.kml",
        "source_record_index": 163,
        "description_ar": "الوصف:\n:",
        "description_en": null,
        "phone": null,
        "email": null,
        "website": null,
        "stars": null,
        "rooms": null,
        "beds": null,
        "units": null,
        "capacity": null,
        "beach_access": null,
        "pool_available": null,
        "restaurant_available": null,
        "parking_available": null,
        "family_friendly": null,
        "status": null,
        "license_status": null,
        "operational_status": null,
        "ownership_type": null,
        "data_quality_status": "low",
        "data_review_status": "review_required",
        "source_image_url": null,
        "source_image_provider": null,
        "source_image_status": "no_image",
        "local_images": [],
        "image_count": 0,
        "created_at": "2026-08-06",
        "updated_at": "2026-08-06",
        "name_score": 1.0,
        "coordinate_score": 1.0,
        "classification_score": 0.25,
        "contact_score": 0.0,
        "capacity_score": 0.0,
        "services_score": 0.0,
        "image_score": 0.0,
        "completeness_score": 0.14,
        "overall_quality_score": 0.32,
        "data_completeness_percent": 14,
        "missing_fields": [
          "classification",
          "municipality",
          "address",
          "contact",
          "rooms",
          "beds",
          "units",
          "capacity",
          "services",
          "license",
          "operation",
          "image"
        ],
        "match_status": "new_feature",
        "coordinate_review_status": "valid",
        "coordinate_change_reason": null,
        "original_coordinates": [
          12.4139155,
          32.8015064
        ]
      },
      "geometry": {
        "type": "Point",
        "coordinates": [
          12.4139155,
          32.8015064
        ]
      }
    },
    {
      "type": "Feature",
      "id": "LY-ACC-RES-NAT-00075",
      "properties": {
        "id": "LY-ACC-RES-NAT-00075",
        "name_ar": "إستراحة أبان",
        "name_en": null,
        "name_normalized_ar": "استراحهابان",
        "translation_status": "not_available",
        "category": "القرى والمنتجعات السياحية",
        "subcategory_ar": "تحتاج مراجعة",
        "subcategory_en": "Review required",
        "facility_type_code": "review_required",
        "municipality_ar": null,
        "municipality_en": null,
        "city_ar": null,
        "city_en": null,
        "region_ar": null,
        "region_en": null,
        "address_ar": null,
        "address_en": null,
        "longitude": 12.4099281,
        "latitude": 32.8039298,
        "source": "Tourist villages and resorts KML",
        "source_kml": "data/incoming/tourist-villages-resorts.kml",
        "source_record_index": 164,
        "description_ar": "الوصف:\n:",
        "description_en": null,
        "phone": null,
        "email": null,
        "website": null,
        "stars": null,
        "rooms": null,
        "beds": null,
        "units": null,
        "capacity": null,
        "beach_access": null,
        "pool_available": null,
        "restaurant_available": null,
        "parking_available": null,
        "family_friendly": null,
        "status": null,
        "license_status": null,
        "operational_status": null,
        "ownership_type": null,
        "data_quality_status": "low",
        "data_review_status": "review_required",
        "source_image_url": null,
        "source_image_provider": null,
        "source_image_status": "no_image",
        "local_images": [],
        "image_count": 0,
        "created_at": "2026-08-06",
        "updated_at": "2026-08-06",
        "name_score": 1.0,
        "coordinate_score": 1.0,
        "classification_score": 0.25,
        "contact_score": 0.0,
        "capacity_score": 0.0,
        "services_score": 0.0,
        "image_score": 0.0,
        "completeness_score": 0.14,
        "overall_quality_score": 0.32,
        "data_completeness_percent": 14,
        "missing_fields": [
          "classification",
          "municipality",
          "address",
          "contact",
          "rooms",
          "beds",
          "units",
          "capacity",
          "services",
          "license",
          "operation",
          "image"
        ],
        "match_status": "new_feature",
        "coordinate_review_status": "valid",
        "coordinate_change_reason": null,
        "original_coordinates": [
          12.4099281,
          32.8039298
        ]
      },
      "geometry": {
        "type": "Point",
        "coordinates": [
          12.4099281,
          32.8039298
        ]
      }
    },
    {
      "type": "Feature",
      "id": "LY-ACC-RES-NAT-00076",
      "properties": {
        "id": "LY-ACC-RES-NAT-00076",
        "name_ar": "منتجع الفنار السياحي",
        "name_en": null,
        "name_normalized_ar": "منتجعالفنارالسياحي",
        "translation_status": "not_available",
        "category": "القرى والمنتجعات السياحية",
        "subcategory_ar": "تحتاج مراجعة",
        "subcategory_en": "Review required",
        "facility_type_code": "review_required",
        "municipality_ar": null,
        "municipality_en": null,
        "city_ar": null,
        "city_en": null,
        "region_ar": null,
        "region_en": null,
        "address_ar": null,
        "address_en": null,
        "longitude": 12.4377412,
        "latitude": 32.8136943,
        "source": "Tourist villages and resorts KML",
        "source_kml": "data/incoming/tourist-villages-resorts.kml",
        "source_record_index": 165,
        "description_ar": "الوصف:\n:",
        "description_en": null,
        "phone": null,
        "email": null,
        "website": null,
        "stars": null,
        "rooms": null,
        "beds": null,
        "units": null,
        "capacity": null,
        "beach_access": null,
        "pool_available": null,
        "restaurant_available": null,
        "parking_available": null,
        "family_friendly": null,
        "status": null,
        "license_status": null,
        "operational_status": null,
        "ownership_type": null,
        "data_quality_status": "low",
        "data_review_status": "review_required",
        "source_image_url": null,
        "source_image_provider": null,
        "source_image_status": "no_image",
        "local_images": [],
        "image_count": 0,
        "created_at": "2026-08-06",
        "updated_at": "2026-08-06",
        "name_score": 1.0,
        "coordinate_score": 1.0,
        "classification_score": 0.25,
        "contact_score": 0.0,
        "capacity_score": 0.0,
        "services_score": 0.0,
        "image_score": 0.0,
        "completeness_score": 0.14,
        "overall_quality_score": 0.32,
        "data_completeness_percent": 14,
        "missing_fields": [
          "classification",
          "municipality",
          "address",
          "contact",
          "rooms",
          "beds",
          "units",
          "capacity",
          "services",
          "license",
          "operation",
          "image"
        ],
        "match_status": "new_feature",
        "coordinate_review_status": "valid",
        "coordinate_change_reason": null,
        "original_coordinates": [
          12.4377412,
          32.8136943
        ]
      },
      "geometry": {
        "type": "Point",
        "coordinates": [
          12.4377412,
          32.8136943
        ]
      }
    },
    {
      "type": "Feature",
      "id": "LY-ACC-RES-NAT-00077",
      "properties": {
        "id": "LY-ACC-RES-NAT-00077",
        "name_ar": "مجموعة استراحات الجرف",
        "name_en": null,
        "name_normalized_ar": "مجموعهاستراحاتالجرف",
        "translation_status": "not_available",
        "category": "القرى والمنتجعات السياحية",
        "subcategory_ar": "تحتاج مراجعة",
        "subcategory_en": "Review required",
        "facility_type_code": "review_required",
        "municipality_ar": null,
        "municipality_en": null,
        "city_ar": null,
        "city_en": null,
        "region_ar": null,
        "region_en": null,
        "address_ar": null,
        "address_en": null,
        "longitude": 12.4402091,
        "latitude": 32.8091986,
        "source": "Tourist villages and resorts KML",
        "source_kml": "data/incoming/tourist-villages-resorts.kml",
        "source_record_index": 166,
        "description_ar": "الوصف:\n:",
        "description_en": null,
        "phone": null,
        "email": null,
        "website": null,
        "stars": null,
        "rooms": null,
        "beds": null,
        "units": null,
        "capacity": null,
        "beach_access": null,
        "pool_available": null,
        "restaurant_available": null,
        "parking_available": null,
        "family_friendly": null,
        "status": null,
        "license_status": null,
        "operational_status": null,
        "ownership_type": null,
        "data_quality_status": "low",
        "data_review_status": "review_required",
        "source_image_url": null,
        "source_image_provider": null,
        "source_image_status": "no_image",
        "local_images": [],
        "image_count": 0,
        "created_at": "2026-08-06",
        "updated_at": "2026-08-06",
        "name_score": 1.0,
        "coordinate_score": 1.0,
        "classification_score": 0.25,
        "contact_score": 0.0,
        "capacity_score": 0.0,
        "services_score": 0.0,
        "image_score": 0.0,
        "completeness_score": 0.14,
        "overall_quality_score": 0.32,
        "data_completeness_percent": 14,
        "missing_fields": [
          "classification",
          "municipality",
          "address",
          "contact",
          "rooms",
          "beds",
          "units",
          "capacity",
          "services",
          "license",
          "operation",
          "image"
        ],
        "match_status": "new_feature",
        "coordinate_review_status": "valid",
        "coordinate_change_reason": null,
        "original_coordinates": [
          12.4402091,
          32.8091986
        ]
      },
      "geometry": {
        "type": "Point",
        "coordinates": [
          12.4402091,
          32.8091986
        ]
      }
    },
    {
      "type": "Feature",
      "id": "LY-ACC-RES-NAT-00078",
      "properties": {
        "id": "LY-ACC-RES-NAT-00078",
        "name_ar": "إستراحة بيت الفخامه",
        "name_en": null,
        "name_normalized_ar": "استراحهبيتالفخامه",
        "translation_status": "not_available",
        "category": "القرى والمنتجعات السياحية",
        "subcategory_ar": "تحتاج مراجعة",
        "subcategory_en": "Review required",
        "facility_type_code": "review_required",
        "municipality_ar": null,
        "municipality_en": null,
        "city_ar": null,
        "city_en": null,
        "region_ar": null,
        "region_en": null,
        "address_ar": null,
        "address_en": null,
        "longitude": 12.4396211,
        "latitude": 32.8057571,
        "source": "Tourist villages and resorts KML",
        "source_kml": "data/incoming/tourist-villages-resorts.kml",
        "source_record_index": 167,
        "description_ar": "الوصف:\n:",
        "description_en": null,
        "phone": null,
        "email": null,
        "website": null,
        "stars": null,
        "rooms": null,
        "beds": null,
        "units": null,
        "capacity": null,
        "beach_access": null,
        "pool_available": null,
        "restaurant_available": null,
        "parking_available": null,
        "family_friendly": null,
        "status": null,
        "license_status": null,
        "operational_status": null,
        "ownership_type": null,
        "data_quality_status": "low",
        "data_review_status": "review_required",
        "source_image_url": null,
        "source_image_provider": null,
        "source_image_status": "no_image",
        "local_images": [],
        "image_count": 0,
        "created_at": "2026-08-06",
        "updated_at": "2026-08-06",
        "name_score": 1.0,
        "coordinate_score": 1.0,
        "classification_score": 0.25,
        "contact_score": 0.0,
        "capacity_score": 0.0,
        "services_score": 0.0,
        "image_score": 0.0,
        "completeness_score": 0.14,
        "overall_quality_score": 0.32,
        "data_completeness_percent": 14,
        "missing_fields": [
          "classification",
          "municipality",
          "address",
          "contact",
          "rooms",
          "beds",
          "units",
          "capacity",
          "services",
          "license",
          "operation",
          "image"
        ],
        "match_status": "new_feature",
        "coordinate_review_status": "valid",
        "coordinate_change_reason": null,
        "original_coordinates": [
          12.4396211,
          32.8057571
        ]
      },
      "geometry": {
        "type": "Point",
        "coordinates": [
          12.4396211,
          32.8057571
        ]
      }
    },
    {
      "type": "Feature",
      "id": "LY-ACC-RES-NAT-00079",
      "properties": {
        "id": "LY-ACC-RES-NAT-00079",
        "name_ar": "استراحة قورينا",
        "name_en": null,
        "name_normalized_ar": "استراحهقورينا",
        "translation_status": "not_available",
        "category": "القرى والمنتجعات السياحية",
        "subcategory_ar": "تحتاج مراجعة",
        "subcategory_en": "Review required",
        "facility_type_code": "review_required",
        "municipality_ar": null,
        "municipality_en": null,
        "city_ar": null,
        "city_en": null,
        "region_ar": null,
        "region_en": null,
        "address_ar": null,
        "address_en": null,
        "longitude": 12.4450891,
        "latitude": 32.8106826,
        "source": "Tourist villages and resorts KML",
        "source_kml": "data/incoming/tourist-villages-resorts.kml",
        "source_record_index": 168,
        "description_ar": "الوصف:\n:",
        "description_en": null,
        "phone": null,
        "email": null,
        "website": null,
        "stars": null,
        "rooms": null,
        "beds": null,
        "units": null,
        "capacity": null,
        "beach_access": null,
        "pool_available": null,
        "restaurant_available": null,
        "parking_available": null,
        "family_friendly": null,
        "status": null,
        "license_status": null,
        "operational_status": null,
        "ownership_type": null,
        "data_quality_status": "low",
        "data_review_status": "review_required",
        "source_image_url": null,
        "source_image_provider": null,
        "source_image_status": "no_image",
        "local_images": [],
        "image_count": 0,
        "created_at": "2026-08-06",
        "updated_at": "2026-08-06",
        "name_score": 1.0,
        "coordinate_score": 1.0,
        "classification_score": 0.25,
        "contact_score": 0.0,
        "capacity_score": 0.0,
        "services_score": 0.0,
        "image_score": 0.0,
        "completeness_score": 0.14,
        "overall_quality_score": 0.32,
        "data_completeness_percent": 14,
        "missing_fields": [
          "classification",
          "municipality",
          "address",
          "contact",
          "rooms",
          "beds",
          "units",
          "capacity",
          "services",
          "license",
          "operation",
          "image"
        ],
        "match_status": "new_feature",
        "coordinate_review_status": "valid",
        "coordinate_change_reason": null,
        "original_coordinates": [
          12.4450891,
          32.8106826
        ]
      },
      "geometry": {
        "type": "Point",
        "coordinates": [
          12.4450891,
          32.8106826
        ]
      }
    },
    {
      "type": "Feature",
      "id": "LY-ACC-RES-NAT-00080",
      "properties": {
        "id": "LY-ACC-RES-NAT-00080",
        "name_ar": "استراحة اتار صبراته",
        "name_en": null,
        "name_normalized_ar": "استراحهاتارصبراته",
        "translation_status": "not_available",
        "category": "القرى والمنتجعات السياحية",
        "subcategory_ar": "تحتاج مراجعة",
        "subcategory_en": "Review required",
        "facility_type_code": "review_required",
        "municipality_ar": null,
        "municipality_en": null,
        "city_ar": null,
        "city_en": null,
        "region_ar": null,
        "region_en": null,
        "address_ar": null,
        "address_en": null,
        "longitude": 12.4504738,
        "latitude": 32.8105782,
        "source": "Tourist villages and resorts KML",
        "source_kml": "data/incoming/tourist-villages-resorts.kml",
        "source_record_index": 169,
        "description_ar": "الوصف:\n:",
        "description_en": null,
        "phone": null,
        "email": null,
        "website": null,
        "stars": null,
        "rooms": null,
        "beds": null,
        "units": null,
        "capacity": null,
        "beach_access": null,
        "pool_available": null,
        "restaurant_available": null,
        "parking_available": null,
        "family_friendly": null,
        "status": null,
        "license_status": null,
        "operational_status": null,
        "ownership_type": null,
        "data_quality_status": "low",
        "data_review_status": "review_required",
        "source_image_url": null,
        "source_image_provider": null,
        "source_image_status": "no_image",
        "local_images": [],
        "image_count": 0,
        "created_at": "2026-08-06",
        "updated_at": "2026-08-06",
        "name_score": 1.0,
        "coordinate_score": 1.0,
        "classification_score": 0.25,
        "contact_score": 0.0,
        "capacity_score": 0.0,
        "services_score": 0.0,
        "image_score": 0.0,
        "completeness_score": 0.14,
        "overall_quality_score": 0.32,
        "data_completeness_percent": 14,
        "missing_fields": [
          "classification",
          "municipality",
          "address",
          "contact",
          "rooms",
          "beds",
          "units",
          "capacity",
          "services",
          "license",
          "operation",
          "image"
        ],
        "match_status": "new_feature",
        "coordinate_review_status": "valid",
        "coordinate_change_reason": null,
        "original_coordinates": [
          12.4504738,
          32.8105782
        ]
      },
      "geometry": {
        "type": "Point",
        "coordinates": [
          12.4504738,
          32.8105782
        ]
      }
    },
    {
      "type": "Feature",
      "id": "LY-ACC-RES-NAT-00081",
      "properties": {
        "id": "LY-ACC-RES-NAT-00081",
        "name_ar": "استراحة ميار",
        "name_en": null,
        "name_normalized_ar": "استراحهميار",
        "translation_status": "not_available",
        "category": "القرى والمنتجعات السياحية",
        "subcategory_ar": "تحتاج مراجعة",
        "subcategory_en": "Review required",
        "facility_type_code": "review_required",
        "municipality_ar": null,
        "municipality_en": null,
        "city_ar": null,
        "city_en": null,
        "region_ar": null,
        "region_en": null,
        "address_ar": null,
        "address_en": null,
        "longitude": 12.4477989,
        "latitude": 32.8078261,
        "source": "Tourist villages and resorts KML",
        "source_kml": "data/incoming/tourist-villages-resorts.kml",
        "source_record_index": 170,
        "description_ar": "الوصف:\n:",
        "description_en": null,
        "phone": null,
        "email": null,
        "website": null,
        "stars": null,
        "rooms": null,
        "beds": null,
        "units": null,
        "capacity": null,
        "beach_access": null,
        "pool_available": null,
        "restaurant_available": null,
        "parking_available": null,
        "family_friendly": null,
        "status": null,
        "license_status": null,
        "operational_status": null,
        "ownership_type": null,
        "data_quality_status": "low",
        "data_review_status": "review_required",
        "source_image_url": null,
        "source_image_provider": null,
        "source_image_status": "no_image",
        "local_images": [],
        "image_count": 0,
        "created_at": "2026-08-06",
        "updated_at": "2026-08-06",
        "name_score": 1.0,
        "coordinate_score": 1.0,
        "classification_score": 0.25,
        "contact_score": 0.0,
        "capacity_score": 0.0,
        "services_score": 0.0,
        "image_score": 0.0,
        "completeness_score": 0.14,
        "overall_quality_score": 0.32,
        "data_completeness_percent": 14,
        "missing_fields": [
          "classification",
          "municipality",
          "address",
          "contact",
          "rooms",
          "beds",
          "units",
          "capacity",
          "services",
          "license",
          "operation",
          "image"
        ],
        "match_status": "new_feature",
        "coordinate_review_status": "valid",
        "coordinate_change_reason": null,
        "original_coordinates": [
          12.4477989,
          32.8078261
        ]
      },
      "geometry": {
        "type": "Point",
        "coordinates": [
          12.4477989,
          32.8078261
        ]
      }
    },
    {
      "type": "Feature",
      "id": "LY-ACC-RES-NAT-00082",
      "properties": {
        "id": "LY-ACC-RES-NAT-00082",
        "name_ar": "استراحه فينيسيا صبراته",
        "name_en": null,
        "name_normalized_ar": "استراحهفينيسياصبراته",
        "translation_status": "not_available",
        "category": "القرى والمنتجعات السياحية",
        "subcategory_ar": "تحتاج مراجعة",
        "subcategory_en": "Review required",
        "facility_type_code": "review_required",
        "municipality_ar": null,
        "municipality_en": null,
        "city_ar": null,
        "city_en": null,
        "region_ar": null,
        "region_en": null,
        "address_ar": null,
        "address_en": null,
        "longitude": 12.4751743,
        "latitude": 32.7980801,
        "source": "Tourist villages and resorts KML",
        "source_kml": "data/incoming/tourist-villages-resorts.kml",
        "source_record_index": 171,
        "description_ar": "الوصف:\n:",
        "description_en": null,
        "phone": null,
        "email": null,
        "website": null,
        "stars": null,
        "rooms": null,
        "beds": null,
        "units": null,
        "capacity": null,
        "beach_access": null,
        "pool_available": null,
        "restaurant_available": null,
        "parking_available": null,
        "family_friendly": null,
        "status": null,
        "license_status": null,
        "operational_status": null,
        "ownership_type": null,
        "data_quality_status": "low",
        "data_review_status": "review_required",
        "source_image_url": null,
        "source_image_provider": null,
        "source_image_status": "no_image",
        "local_images": [],
        "image_count": 0,
        "created_at": "2026-08-06",
        "updated_at": "2026-08-06",
        "name_score": 1.0,
        "coordinate_score": 1.0,
        "classification_score": 0.25,
        "contact_score": 0.0,
        "capacity_score": 0.0,
        "services_score": 0.0,
        "image_score": 0.0,
        "completeness_score": 0.14,
        "overall_quality_score": 0.32,
        "data_completeness_percent": 14,
        "missing_fields": [
          "classification",
          "municipality",
          "address",
          "contact",
          "rooms",
          "beds",
          "units",
          "capacity",
          "services",
          "license",
          "operation",
          "image"
        ],
        "match_status": "new_feature",
        "coordinate_review_status": "valid",
        "coordinate_change_reason": null,
        "original_coordinates": [
          12.4751743,
          32.7980801
        ]
      },
      "geometry": {
        "type": "Point",
        "coordinates": [
          12.4751743,
          32.7980801
        ]
      }
    },
    {
      "type": "Feature",
      "id": "LY-ACC-RES-NAT-00083",
      "properties": {
        "id": "LY-ACC-RES-NAT-00083",
        "name_ar": "استراحة الزيتونة",
        "name_en": null,
        "name_normalized_ar": "استراحهالزيتونه",
        "translation_status": "not_available",
        "category": "القرى والمنتجعات السياحية",
        "subcategory_ar": "تحتاج مراجعة",
        "subcategory_en": "Review required",
        "facility_type_code": "review_required",
        "municipality_ar": null,
        "municipality_en": null,
        "city_ar": null,
        "city_en": null,
        "region_ar": null,
        "region_en": null,
        "address_ar": null,
        "address_en": null,
        "longitude": 12.4775625,
        "latitude": 32.8001875,
        "source": "Tourist villages and resorts KML",
        "source_kml": "data/incoming/tourist-villages-resorts.kml",
        "source_record_index": 172,
        "description_ar": "الوصف:\n:",
        "description_en": null,
        "phone": null,
        "email": null,
        "website": null,
        "stars": null,
        "rooms": null,
        "beds": null,
        "units": null,
        "capacity": null,
        "beach_access": null,
        "pool_available": null,
        "restaurant_available": null,
        "parking_available": null,
        "family_friendly": null,
        "status": null,
        "license_status": null,
        "operational_status": null,
        "ownership_type": null,
        "data_quality_status": "low",
        "data_review_status": "review_required",
        "source_image_url": null,
        "source_image_provider": null,
        "source_image_status": "no_image",
        "local_images": [],
        "image_count": 0,
        "created_at": "2026-08-06",
        "updated_at": "2026-08-06",
        "name_score": 1.0,
        "coordinate_score": 1.0,
        "classification_score": 0.25,
        "contact_score": 0.0,
        "capacity_score": 0.0,
        "services_score": 0.0,
        "image_score": 0.0,
        "completeness_score": 0.14,
        "overall_quality_score": 0.32,
        "data_completeness_percent": 14,
        "missing_fields": [
          "classification",
          "municipality",
          "address",
          "contact",
          "rooms",
          "beds",
          "units",
          "capacity",
          "services",
          "license",
          "operation",
          "image"
        ],
        "match_status": "new_feature",
        "coordinate_review_status": "valid",
        "coordinate_change_reason": null,
        "original_coordinates": [
          12.4775625,
          32.8001875
        ]
      },
      "geometry": {
        "type": "Point",
        "coordinates": [
          12.4775625,
          32.8001875
        ]
      }
    },
    {
      "type": "Feature",
      "id": "LY-ACC-RES-SAB-00007",
      "properties": {
        "id": "LY-ACC-RES-SAB-00007",
        "name_ar": "Sabratha youth hostel _بيت شباب صبراتة",
        "name_en": null,
        "name_normalized_ar": "sabrathayouthhostel_بيتشبابصبراته",
        "translation_status": "not_available",
        "category": "القرى والمنتجعات السياحية",
        "subcategory_ar": "تحتاج مراجعة",
        "subcategory_en": "Review required",
        "facility_type_code": "review_required",
        "municipality_ar": "صبراتة",
        "municipality_en": "Sabratha",
        "city_ar": "صبراتة",
        "city_en": "Sabratha",
        "region_ar": "الساحل الغربي",
        "region_en": "Western Coast",
        "address_ar": null,
        "address_en": null,
        "longitude": 12.4890506,
        "latitude": 32.8001823,
        "source": "Tourist villages and resorts KML",
        "source_kml": "data/incoming/tourist-villages-resorts.kml",
        "source_record_index": 173,
        "description_ar": "الوصف:\n:",
        "description_en": null,
        "phone": null,
        "email": null,
        "website": null,
        "stars": null,
        "rooms": null,
        "beds": null,
        "units": null,
        "capacity": null,
        "beach_access": null,
        "pool_available": null,
        "restaurant_available": null,
        "parking_available": null,
        "family_friendly": null,
        "status": null,
        "license_status": null,
        "operational_status": null,
        "ownership_type": null,
        "data_quality_status": "low",
        "data_review_status": "review_required",
        "source_image_url": null,
        "source_image_provider": null,
        "source_image_status": "no_image",
        "local_images": [],
        "image_count": 0,
        "created_at": "2026-08-06",
        "updated_at": "2026-08-06",
        "name_score": 1.0,
        "coordinate_score": 1.0,
        "classification_score": 0.25,
        "contact_score": 0.0,
        "capacity_score": 0.0,
        "services_score": 0.0,
        "image_score": 0.0,
        "completeness_score": 0.21,
        "overall_quality_score": 0.32,
        "data_completeness_percent": 21,
        "missing_fields": [
          "classification",
          "address",
          "contact",
          "rooms",
          "beds",
          "units",
          "capacity",
          "services",
          "license",
          "operation",
          "image"
        ],
        "match_status": "new_feature",
        "coordinate_review_status": "valid",
        "coordinate_change_reason": null,
        "original_coordinates": [
          12.4890506,
          32.8001823
        ]
      },
      "geometry": {
        "type": "Point",
        "coordinates": [
          12.4890506,
          32.8001823
        ]
      }
    },
    {
      "type": "Feature",
      "id": "LY-ACC-RES-NAT-00084",
      "properties": {
        "id": "LY-ACC-RES-NAT-00084",
        "name_ar": "استراحة ومصيف باب البحر",
        "name_en": null,
        "name_normalized_ar": "استراحهومصيفبابالبحر",
        "translation_status": "not_available",
        "category": "القرى والمنتجعات السياحية",
        "subcategory_ar": "منشأة سياحية أخرى",
        "subcategory_en": "Other tourism accommodation",
        "facility_type_code": "accommodation_resort_other",
        "municipality_ar": null,
        "municipality_en": null,
        "city_ar": null,
        "city_en": null,
        "region_ar": null,
        "region_en": null,
        "address_ar": null,
        "address_en": null,
        "longitude": 12.5157738,
        "latitude": 32.8020185,
        "source": "Tourist villages and resorts KML",
        "source_kml": "data/incoming/tourist-villages-resorts.kml",
        "source_record_index": 174,
        "description_ar": "الوصف:\n:",
        "description_en": null,
        "phone": null,
        "email": null,
        "website": null,
        "stars": null,
        "rooms": null,
        "beds": null,
        "units": null,
        "capacity": null,
        "beach_access": null,
        "pool_available": null,
        "restaurant_available": null,
        "parking_available": null,
        "family_friendly": null,
        "status": null,
        "license_status": null,
        "operational_status": null,
        "ownership_type": null,
        "data_quality_status": "low",
        "data_review_status": "integrated",
        "source_image_url": null,
        "source_image_provider": null,
        "source_image_status": "no_image",
        "local_images": [],
        "image_count": 0,
        "created_at": "2026-08-06",
        "updated_at": "2026-08-06",
        "name_score": 1.0,
        "coordinate_score": 1.0,
        "classification_score": 0.65,
        "contact_score": 0.0,
        "capacity_score": 0.0,
        "services_score": 0.0,
        "image_score": 0.0,
        "completeness_score": 0.21,
        "overall_quality_score": 0.38,
        "data_completeness_percent": 21,
        "missing_fields": [
          "municipality",
          "address",
          "contact",
          "rooms",
          "beds",
          "units",
          "capacity",
          "services",
          "license",
          "operation",
          "image"
        ],
        "match_status": "new_feature",
        "coordinate_review_status": "valid",
        "coordinate_change_reason": null,
        "original_coordinates": [
          12.5157738,
          32.8020185
        ]
      },
      "geometry": {
        "type": "Point",
        "coordinates": [
          12.5157738,
          32.8020185
        ]
      }
    },
    {
      "type": "Feature",
      "id": "LY-ACC-RES-NAT-00085",
      "properties": {
        "id": "LY-ACC-RES-NAT-00085",
        "name_ar": "مقسم استراحات بن سالم",
        "name_en": null,
        "name_normalized_ar": "مقسماستراحاتبنسالم",
        "translation_status": "not_available",
        "category": "القرى والمنتجعات السياحية",
        "subcategory_ar": "تحتاج مراجعة",
        "subcategory_en": "Review required",
        "facility_type_code": "review_required",
        "municipality_ar": null,
        "municipality_en": null,
        "city_ar": null,
        "city_en": null,
        "region_ar": null,
        "region_en": null,
        "address_ar": null,
        "address_en": null,
        "longitude": 12.517266,
        "latitude": 32.799874,
        "source": "Tourist villages and resorts KML",
        "source_kml": "data/incoming/tourist-villages-resorts.kml",
        "source_record_index": 175,
        "description_ar": "الوصف:\n:",
        "description_en": null,
        "phone": null,
        "email": null,
        "website": null,
        "stars": null,
        "rooms": null,
        "beds": null,
        "units": null,
        "capacity": null,
        "beach_access": null,
        "pool_available": null,
        "restaurant_available": null,
        "parking_available": null,
        "family_friendly": null,
        "status": null,
        "license_status": null,
        "operational_status": null,
        "ownership_type": null,
        "data_quality_status": "low",
        "data_review_status": "review_required",
        "source_image_url": null,
        "source_image_provider": null,
        "source_image_status": "no_image",
        "local_images": [],
        "image_count": 0,
        "created_at": "2026-08-06",
        "updated_at": "2026-08-06",
        "name_score": 1.0,
        "coordinate_score": 1.0,
        "classification_score": 0.25,
        "contact_score": 0.0,
        "capacity_score": 0.0,
        "services_score": 0.0,
        "image_score": 0.0,
        "completeness_score": 0.14,
        "overall_quality_score": 0.32,
        "data_completeness_percent": 14,
        "missing_fields": [
          "classification",
          "municipality",
          "address",
          "contact",
          "rooms",
          "beds",
          "units",
          "capacity",
          "services",
          "license",
          "operation",
          "image"
        ],
        "match_status": "new_feature",
        "coordinate_review_status": "valid",
        "coordinate_change_reason": null,
        "original_coordinates": [
          12.517266,
          32.799874
        ]
      },
      "geometry": {
        "type": "Point",
        "coordinates": [
          12.517266,
          32.799874
        ]
      }
    },
    {
      "type": "Feature",
      "id": "LY-ACC-RES-NAT-00086",
      "properties": {
        "id": "LY-ACC-RES-NAT-00086",
        "name_ar": "إستراحة سوفانا",
        "name_en": null,
        "name_normalized_ar": "استراحهسوفانا",
        "translation_status": "not_available",
        "category": "القرى والمنتجعات السياحية",
        "subcategory_ar": "تحتاج مراجعة",
        "subcategory_en": "Review required",
        "facility_type_code": "review_required",
        "municipality_ar": null,
        "municipality_en": null,
        "city_ar": null,
        "city_en": null,
        "region_ar": null,
        "region_en": null,
        "address_ar": null,
        "address_en": null,
        "longitude": 12.5185793,
        "latitude": 32.8016134,
        "source": "Tourist villages and resorts KML",
        "source_kml": "data/incoming/tourist-villages-resorts.kml",
        "source_record_index": 176,
        "description_ar": "الوصف:\n:",
        "description_en": null,
        "phone": null,
        "email": null,
        "website": null,
        "stars": null,
        "rooms": null,
        "beds": null,
        "units": null,
        "capacity": null,
        "beach_access": null,
        "pool_available": null,
        "restaurant_available": null,
        "parking_available": null,
        "family_friendly": null,
        "status": null,
        "license_status": null,
        "operational_status": null,
        "ownership_type": null,
        "data_quality_status": "low",
        "data_review_status": "review_required",
        "source_image_url": null,
        "source_image_provider": null,
        "source_image_status": "no_image",
        "local_images": [],
        "image_count": 0,
        "created_at": "2026-08-06",
        "updated_at": "2026-08-06",
        "name_score": 1.0,
        "coordinate_score": 1.0,
        "classification_score": 0.25,
        "contact_score": 0.0,
        "capacity_score": 0.0,
        "services_score": 0.0,
        "image_score": 0.0,
        "completeness_score": 0.14,
        "overall_quality_score": 0.32,
        "data_completeness_percent": 14,
        "missing_fields": [
          "classification",
          "municipality",
          "address",
          "contact",
          "rooms",
          "beds",
          "units",
          "capacity",
          "services",
          "license",
          "operation",
          "image"
        ],
        "match_status": "new_feature",
        "coordinate_review_status": "valid",
        "coordinate_change_reason": null,
        "original_coordinates": [
          12.5185793,
          32.8016134
        ]
      },
      "geometry": {
        "type": "Point",
        "coordinates": [
          12.5185793,
          32.8016134
        ]
      }
    },
    {
      "type": "Feature",
      "id": "LY-ACC-RES-NAT-00087",
      "properties": {
        "id": "LY-ACC-RES-NAT-00087",
        "name_ar": "استراحة لازورد صبراته",
        "name_en": null,
        "name_normalized_ar": "استراحهلازوردصبراته",
        "translation_status": "not_available",
        "category": "القرى والمنتجعات السياحية",
        "subcategory_ar": "تحتاج مراجعة",
        "subcategory_en": "Review required",
        "facility_type_code": "review_required",
        "municipality_ar": null,
        "municipality_en": null,
        "city_ar": null,
        "city_en": null,
        "region_ar": null,
        "region_en": null,
        "address_ar": null,
        "address_en": null,
        "longitude": 12.5242763,
        "latitude": 32.801517,
        "source": "Tourist villages and resorts KML",
        "source_kml": "data/incoming/tourist-villages-resorts.kml",
        "source_record_index": 177,
        "description_ar": "الوصف:\n:",
        "description_en": null,
        "phone": null,
        "email": null,
        "website": null,
        "stars": null,
        "rooms": null,
        "beds": null,
        "units": null,
        "capacity": null,
        "beach_access": null,
        "pool_available": null,
        "restaurant_available": null,
        "parking_available": null,
        "family_friendly": null,
        "status": null,
        "license_status": null,
        "operational_status": null,
        "ownership_type": null,
        "data_quality_status": "low",
        "data_review_status": "review_required",
        "source_image_url": null,
        "source_image_provider": null,
        "source_image_status": "no_image",
        "local_images": [],
        "image_count": 0,
        "created_at": "2026-08-06",
        "updated_at": "2026-08-06",
        "name_score": 1.0,
        "coordinate_score": 1.0,
        "classification_score": 0.25,
        "contact_score": 0.0,
        "capacity_score": 0.0,
        "services_score": 0.0,
        "image_score": 0.0,
        "completeness_score": 0.14,
        "overall_quality_score": 0.32,
        "data_completeness_percent": 14,
        "missing_fields": [
          "classification",
          "municipality",
          "address",
          "contact",
          "rooms",
          "beds",
          "units",
          "capacity",
          "services",
          "license",
          "operation",
          "image"
        ],
        "match_status": "new_feature",
        "coordinate_review_status": "valid",
        "coordinate_change_reason": null,
        "original_coordinates": [
          12.5242763,
          32.801517
        ]
      },
      "geometry": {
        "type": "Point",
        "coordinates": [
          12.5242763,
          32.801517
        ]
      }
    },
    {
      "type": "Feature",
      "id": "LY-ACC-RES-NAT-00088",
      "properties": {
        "id": "LY-ACC-RES-NAT-00088",
        "name_ar": "استراحة مرجانة (الحرابي)",
        "name_en": null,
        "name_normalized_ar": "استراحهمرجانهالحرابي",
        "translation_status": "not_available",
        "category": "القرى والمنتجعات السياحية",
        "subcategory_ar": "تحتاج مراجعة",
        "subcategory_en": "Review required",
        "facility_type_code": "review_required",
        "municipality_ar": null,
        "municipality_en": null,
        "city_ar": null,
        "city_en": null,
        "region_ar": null,
        "region_en": null,
        "address_ar": null,
        "address_en": null,
        "longitude": 12.5249186,
        "latitude": 32.8014385,
        "source": "Tourist villages and resorts KML",
        "source_kml": "data/incoming/tourist-villages-resorts.kml",
        "source_record_index": 178,
        "description_ar": "الوصف:\n:",
        "description_en": null,
        "phone": null,
        "email": null,
        "website": null,
        "stars": null,
        "rooms": null,
        "beds": null,
        "units": null,
        "capacity": null,
        "beach_access": null,
        "pool_available": null,
        "restaurant_available": null,
        "parking_available": null,
        "family_friendly": null,
        "status": null,
        "license_status": null,
        "operational_status": null,
        "ownership_type": null,
        "data_quality_status": "low",
        "data_review_status": "review_required",
        "source_image_url": null,
        "source_image_provider": null,
        "source_image_status": "no_image",
        "local_images": [],
        "image_count": 0,
        "created_at": "2026-08-06",
        "updated_at": "2026-08-06",
        "name_score": 1.0,
        "coordinate_score": 1.0,
        "classification_score": 0.25,
        "contact_score": 0.0,
        "capacity_score": 0.0,
        "services_score": 0.0,
        "image_score": 0.0,
        "completeness_score": 0.14,
        "overall_quality_score": 0.32,
        "data_completeness_percent": 14,
        "missing_fields": [
          "classification",
          "municipality",
          "address",
          "contact",
          "rooms",
          "beds",
          "units",
          "capacity",
          "services",
          "license",
          "operation",
          "image"
        ],
        "match_status": "new_feature",
        "coordinate_review_status": "valid",
        "coordinate_change_reason": null,
        "original_coordinates": [
          12.5249186,
          32.8014385
        ]
      },
      "geometry": {
        "type": "Point",
        "coordinates": [
          12.5249186,
          32.8014385
        ]
      }
    },
    {
      "type": "Feature",
      "id": "LY-ACC-RES-NAT-00089",
      "properties": {
        "id": "LY-ACC-RES-NAT-00089",
        "name_ar": "مصيف ليبيا العائلي",
        "name_en": null,
        "name_normalized_ar": "مصيفليبياالعايلي",
        "translation_status": "not_available",
        "category": "القرى والمنتجعات السياحية",
        "subcategory_ar": "منتجع عائلي",
        "subcategory_en": "Family resort",
        "facility_type_code": "family_resort",
        "municipality_ar": null,
        "municipality_en": null,
        "city_ar": null,
        "city_en": null,
        "region_ar": null,
        "region_en": null,
        "address_ar": null,
        "address_en": null,
        "longitude": 12.5499375,
        "latitude": 32.7975625,
        "source": "Tourist villages and resorts KML",
        "source_kml": "data/incoming/tourist-villages-resorts.kml",
        "source_record_index": 179,
        "description_ar": "الوصف:\n:",
        "description_en": null,
        "phone": null,
        "email": null,
        "website": null,
        "stars": null,
        "rooms": null,
        "beds": null,
        "units": null,
        "capacity": null,
        "beach_access": null,
        "pool_available": null,
        "restaurant_available": null,
        "parking_available": null,
        "family_friendly": null,
        "status": null,
        "license_status": null,
        "operational_status": null,
        "ownership_type": null,
        "data_quality_status": "low",
        "data_review_status": "integrated",
        "source_image_url": null,
        "source_image_provider": null,
        "source_image_status": "no_image",
        "local_images": [],
        "image_count": 0,
        "created_at": "2026-08-06",
        "updated_at": "2026-08-06",
        "name_score": 1.0,
        "coordinate_score": 1.0,
        "classification_score": 1.0,
        "contact_score": 0.0,
        "capacity_score": 0.0,
        "services_score": 0.0,
        "image_score": 0.0,
        "completeness_score": 0.21,
        "overall_quality_score": 0.43,
        "data_completeness_percent": 21,
        "missing_fields": [
          "municipality",
          "address",
          "contact",
          "rooms",
          "beds",
          "units",
          "capacity",
          "services",
          "license",
          "operation",
          "image"
        ],
        "match_status": "new_feature",
        "coordinate_review_status": "valid",
        "coordinate_change_reason": null,
        "original_coordinates": [
          12.5499375,
          32.7975625
        ]
      },
      "geometry": {
        "type": "Point",
        "coordinates": [
          12.5499375,
          32.7975625
        ]
      }
    },
    {
      "type": "Feature",
      "id": "LY-ACC-RES-NAT-00090",
      "properties": {
        "id": "LY-ACC-RES-NAT-00090",
        "name_ar": "مصيف صرمان العائلي",
        "name_en": null,
        "name_normalized_ar": "مصيفصرمانالعايلي",
        "translation_status": "not_available",
        "category": "القرى والمنتجعات السياحية",
        "subcategory_ar": "منتجع عائلي",
        "subcategory_en": "Family resort",
        "facility_type_code": "family_resort",
        "municipality_ar": null,
        "municipality_en": null,
        "city_ar": null,
        "city_en": null,
        "region_ar": null,
        "region_en": null,
        "address_ar": null,
        "address_en": null,
        "longitude": 12.5661406,
        "latitude": 32.7949875,
        "source": "Tourist villages and resorts KML",
        "source_kml": "data/incoming/tourist-villages-resorts.kml",
        "source_record_index": 180,
        "description_ar": "الوصف:\n:",
        "description_en": null,
        "phone": null,
        "email": null,
        "website": null,
        "stars": null,
        "rooms": null,
        "beds": null,
        "units": null,
        "capacity": null,
        "beach_access": null,
        "pool_available": null,
        "restaurant_available": null,
        "parking_available": null,
        "family_friendly": null,
        "status": null,
        "license_status": null,
        "operational_status": null,
        "ownership_type": null,
        "data_quality_status": "low",
        "data_review_status": "integrated",
        "source_image_url": null,
        "source_image_provider": null,
        "source_image_status": "no_image",
        "local_images": [],
        "image_count": 0,
        "created_at": "2026-08-06",
        "updated_at": "2026-08-06",
        "name_score": 1.0,
        "coordinate_score": 1.0,
        "classification_score": 1.0,
        "contact_score": 0.0,
        "capacity_score": 0.0,
        "services_score": 0.0,
        "image_score": 0.0,
        "completeness_score": 0.21,
        "overall_quality_score": 0.43,
        "data_completeness_percent": 21,
        "missing_fields": [
          "municipality",
          "address",
          "contact",
          "rooms",
          "beds",
          "units",
          "capacity",
          "services",
          "license",
          "operation",
          "image"
        ],
        "match_status": "new_feature",
        "coordinate_review_status": "valid",
        "coordinate_change_reason": null,
        "original_coordinates": [
          12.5661406,
          32.7949875
        ]
      },
      "geometry": {
        "type": "Point",
        "coordinates": [
          12.5661406,
          32.7949875
        ]
      }
    },
    {
      "type": "Feature",
      "id": "LY-ACC-RES-NAT-00091",
      "properties": {
        "id": "LY-ACC-RES-NAT-00091",
        "name_ar": "استراحة مرمرة جوددائم",
        "name_en": null,
        "name_normalized_ar": "استراحهمرمرهجوددايم",
        "translation_status": "not_available",
        "category": "القرى والمنتجعات السياحية",
        "subcategory_ar": "تحتاج مراجعة",
        "subcategory_en": "Review required",
        "facility_type_code": "review_required",
        "municipality_ar": null,
        "municipality_en": null,
        "city_ar": null,
        "city_en": null,
        "region_ar": null,
        "region_en": null,
        "address_ar": null,
        "address_en": null,
        "longitude": 12.7747574,
        "latitude": 32.7909432,
        "source": "Tourist villages and resorts KML",
        "source_kml": "data/incoming/tourist-villages-resorts.kml",
        "source_record_index": 181,
        "description_ar": "الوصف:\n:",
        "description_en": null,
        "phone": null,
        "email": null,
        "website": null,
        "stars": null,
        "rooms": null,
        "beds": null,
        "units": null,
        "capacity": null,
        "beach_access": null,
        "pool_available": null,
        "restaurant_available": null,
        "parking_available": null,
        "family_friendly": null,
        "status": null,
        "license_status": null,
        "operational_status": null,
        "ownership_type": null,
        "data_quality_status": "low",
        "data_review_status": "review_required",
        "source_image_url": null,
        "source_image_provider": null,
        "source_image_status": "no_image",
        "local_images": [],
        "image_count": 0,
        "created_at": "2026-08-06",
        "updated_at": "2026-08-06",
        "name_score": 1.0,
        "coordinate_score": 1.0,
        "classification_score": 0.25,
        "contact_score": 0.0,
        "capacity_score": 0.0,
        "services_score": 0.0,
        "image_score": 0.0,
        "completeness_score": 0.14,
        "overall_quality_score": 0.32,
        "data_completeness_percent": 14,
        "missing_fields": [
          "classification",
          "municipality",
          "address",
          "contact",
          "rooms",
          "beds",
          "units",
          "capacity",
          "services",
          "license",
          "operation",
          "image"
        ],
        "match_status": "new_feature",
        "coordinate_review_status": "valid",
        "coordinate_change_reason": null,
        "original_coordinates": [
          12.7747574,
          32.7909432
        ]
      },
      "geometry": {
        "type": "Point",
        "coordinates": [
          12.7747574,
          32.7909432
        ]
      }
    },
    {
      "type": "Feature",
      "id": "LY-ACC-RES-NAT-00092",
      "properties": {
        "id": "LY-ACC-RES-NAT-00092",
        "name_ar": "استراحة البحر الابيض. JUDDIAM",
        "name_en": null,
        "name_normalized_ar": "استراحهالبحرالابيضjuddiam",
        "translation_status": "not_available",
        "category": "القرى والمنتجعات السياحية",
        "subcategory_ar": "تحتاج مراجعة",
        "subcategory_en": "Review required",
        "facility_type_code": "review_required",
        "municipality_ar": null,
        "municipality_en": null,
        "city_ar": null,
        "city_en": null,
        "region_ar": null,
        "region_en": null,
        "address_ar": null,
        "address_en": null,
        "longitude": 12.8000603,
        "latitude": 32.7972164,
        "source": "Tourist villages and resorts KML",
        "source_kml": "data/incoming/tourist-villages-resorts.kml",
        "source_record_index": 182,
        "description_ar": "الوصف:\n:",
        "description_en": null,
        "phone": null,
        "email": null,
        "website": null,
        "stars": null,
        "rooms": null,
        "beds": null,
        "units": null,
        "capacity": null,
        "beach_access": null,
        "pool_available": null,
        "restaurant_available": null,
        "parking_available": null,
        "family_friendly": null,
        "status": null,
        "license_status": null,
        "operational_status": null,
        "ownership_type": null,
        "data_quality_status": "low",
        "data_review_status": "review_required",
        "source_image_url": null,
        "source_image_provider": null,
        "source_image_status": "no_image",
        "local_images": [],
        "image_count": 0,
        "created_at": "2026-08-06",
        "updated_at": "2026-08-06",
        "name_score": 1.0,
        "coordinate_score": 1.0,
        "classification_score": 0.25,
        "contact_score": 0.0,
        "capacity_score": 0.0,
        "services_score": 0.0,
        "image_score": 0.0,
        "completeness_score": 0.14,
        "overall_quality_score": 0.32,
        "data_completeness_percent": 14,
        "missing_fields": [
          "classification",
          "municipality",
          "address",
          "contact",
          "rooms",
          "beds",
          "units",
          "capacity",
          "services",
          "license",
          "operation",
          "image"
        ],
        "match_status": "new_feature",
        "coordinate_review_status": "valid",
        "coordinate_change_reason": null,
        "original_coordinates": [
          12.8000603,
          32.7972164
        ]
      },
      "geometry": {
        "type": "Point",
        "coordinates": [
          12.8000603,
          32.7972164
        ]
      }
    },
    {
      "type": "Feature",
      "id": "LY-ACC-RES-NAT-00093",
      "properties": {
        "id": "LY-ACC-RES-NAT-00093",
        "name_ar": "مشروع برج النصر الفندقي/ شركة الذابلة للاستثمار",
        "name_en": null,
        "name_normalized_ar": "مشروعبرجالنصرالفندقيشركهالذابلهللاستثمار",
        "translation_status": "not_available",
        "category": "القرى والمنتجعات السياحية",
        "subcategory_ar": "تحتاج مراجعة",
        "subcategory_en": "Review required",
        "facility_type_code": "review_required",
        "municipality_ar": null,
        "municipality_en": null,
        "city_ar": null,
        "city_en": null,
        "region_ar": null,
        "region_en": null,
        "address_ar": null,
        "address_en": null,
        "longitude": 13.0676348,
        "latitude": 32.8569484,
        "source": "Tourist villages and resorts KML",
        "source_kml": "data/incoming/tourist-villages-resorts.kml",
        "source_record_index": 183,
        "description_ar": "الوصف:\n:",
        "description_en": null,
        "phone": null,
        "email": null,
        "website": null,
        "stars": null,
        "rooms": null,
        "beds": null,
        "units": null,
        "capacity": null,
        "beach_access": null,
        "pool_available": null,
        "restaurant_available": null,
        "parking_available": null,
        "family_friendly": null,
        "status": null,
        "license_status": null,
        "operational_status": null,
        "ownership_type": null,
        "data_quality_status": "low",
        "data_review_status": "review_required",
        "source_image_url": null,
        "source_image_provider": null,
        "source_image_status": "no_image",
        "local_images": [],
        "image_count": 0,
        "created_at": "2026-08-06",
        "updated_at": "2026-08-06",
        "name_score": 1.0,
        "coordinate_score": 1.0,
        "classification_score": 0.25,
        "contact_score": 0.0,
        "capacity_score": 0.0,
        "services_score": 0.0,
        "image_score": 0.0,
        "completeness_score": 0.14,
        "overall_quality_score": 0.32,
        "data_completeness_percent": 14,
        "missing_fields": [
          "classification",
          "municipality",
          "address",
          "contact",
          "rooms",
          "beds",
          "units",
          "capacity",
          "services",
          "license",
          "operation",
          "image"
        ],
        "match_status": "new_feature",
        "coordinate_review_status": "valid",
        "coordinate_change_reason": null,
        "original_coordinates": [
          13.0676348,
          32.8569484
        ]
      },
      "geometry": {
        "type": "Point",
        "coordinates": [
          13.0676348,
          32.8569484
        ]
      }
    },
    {
      "type": "Feature",
      "id": "LY-ACC-RES-NAT-00094",
      "properties": {
        "id": "LY-ACC-RES-NAT-00094",
        "name_ar": "مشروع لؤلؤة المدينة قرية النفط",
        "name_en": null,
        "name_normalized_ar": "مشروعلولوهالمدينهقريهالنفط",
        "translation_status": "not_available",
        "category": "القرى والمنتجعات السياحية",
        "subcategory_ar": "تحتاج مراجعة",
        "subcategory_en": "Review required",
        "facility_type_code": "review_required",
        "municipality_ar": null,
        "municipality_en": null,
        "city_ar": null,
        "city_en": null,
        "region_ar": null,
        "region_en": null,
        "address_ar": null,
        "address_en": null,
        "longitude": 13.0774262,
        "latitude": 32.8599086,
        "source": "Tourist villages and resorts KML",
        "source_kml": "data/incoming/tourist-villages-resorts.kml",
        "source_record_index": 184,
        "description_ar": "الوصف:\n:",
        "description_en": null,
        "phone": null,
        "email": null,
        "website": null,
        "stars": null,
        "rooms": null,
        "beds": null,
        "units": null,
        "capacity": null,
        "beach_access": null,
        "pool_available": null,
        "restaurant_available": null,
        "parking_available": null,
        "family_friendly": null,
        "status": null,
        "license_status": null,
        "operational_status": null,
        "ownership_type": null,
        "data_quality_status": "low",
        "data_review_status": "review_required",
        "source_image_url": null,
        "source_image_provider": null,
        "source_image_status": "no_image",
        "local_images": [],
        "image_count": 0,
        "created_at": "2026-08-06",
        "updated_at": "2026-08-06",
        "name_score": 1.0,
        "coordinate_score": 1.0,
        "classification_score": 0.25,
        "contact_score": 0.0,
        "capacity_score": 0.0,
        "services_score": 0.0,
        "image_score": 0.0,
        "completeness_score": 0.14,
        "overall_quality_score": 0.32,
        "data_completeness_percent": 14,
        "missing_fields": [
          "classification",
          "municipality",
          "address",
          "contact",
          "rooms",
          "beds",
          "units",
          "capacity",
          "services",
          "license",
          "operation",
          "image"
        ],
        "match_status": "new_feature",
        "coordinate_review_status": "valid",
        "coordinate_change_reason": null,
        "original_coordinates": [
          13.0774262,
          32.8599086
        ]
      },
      "geometry": {
        "type": "Point",
        "coordinates": [
          13.0774262,
          32.8599086
        ]
      }
    },
    {
      "type": "Feature",
      "id": "LY-ACC-RES-NAT-00095",
      "properties": {
        "id": "LY-ACC-RES-NAT-00095",
        "name_ar": "مصيف شاطئ الرمال",
        "name_en": null,
        "name_normalized_ar": "مصيفشاطيالرمال",
        "translation_status": "not_available",
        "category": "القرى والمنتجعات السياحية",
        "subcategory_ar": "منشأة سياحية أخرى",
        "subcategory_en": "Other tourism accommodation",
        "facility_type_code": "accommodation_resort_other",
        "municipality_ar": null,
        "municipality_en": null,
        "city_ar": null,
        "city_en": null,
        "region_ar": null,
        "region_en": null,
        "address_ar": null,
        "address_en": null,
        "longitude": 13.4411649,
        "latitude": 32.8566529,
        "source": "Tourist villages and resorts KML",
        "source_kml": "data/incoming/tourist-villages-resorts.kml",
        "source_record_index": 185,
        "description_ar": "الوصف:\n:",
        "description_en": null,
        "phone": null,
        "email": null,
        "website": null,
        "stars": null,
        "rooms": null,
        "beds": null,
        "units": null,
        "capacity": null,
        "beach_access": null,
        "pool_available": null,
        "restaurant_available": null,
        "parking_available": null,
        "family_friendly": null,
        "status": null,
        "license_status": null,
        "operational_status": null,
        "ownership_type": null,
        "data_quality_status": "low",
        "data_review_status": "integrated",
        "source_image_url": null,
        "source_image_provider": null,
        "source_image_status": "no_image",
        "local_images": [],
        "image_count": 0,
        "created_at": "2026-08-06",
        "updated_at": "2026-08-06",
        "name_score": 1.0,
        "coordinate_score": 1.0,
        "classification_score": 0.65,
        "contact_score": 0.0,
        "capacity_score": 0.0,
        "services_score": 0.0,
        "image_score": 0.0,
        "completeness_score": 0.21,
        "overall_quality_score": 0.38,
        "data_completeness_percent": 21,
        "missing_fields": [
          "municipality",
          "address",
          "contact",
          "rooms",
          "beds",
          "units",
          "capacity",
          "services",
          "license",
          "operation",
          "image"
        ],
        "match_status": "new_feature",
        "coordinate_review_status": "valid",
        "coordinate_change_reason": null,
        "original_coordinates": [
          13.4411649,
          32.8566529
        ]
      },
      "geometry": {
        "type": "Point",
        "coordinates": [
          13.4411649,
          32.8566529
        ]
      }
    },
    {
      "type": "Feature",
      "id": "LY-ACC-RES-NAT-00096",
      "properties": {
        "id": "LY-ACC-RES-NAT-00096",
        "name_ar": "مصيف نسيم البحر العائلى",
        "name_en": null,
        "name_normalized_ar": "مصيفنسيمالبحرالعايلي",
        "translation_status": "not_available",
        "category": "القرى والمنتجعات السياحية",
        "subcategory_ar": "منشأة سياحية أخرى",
        "subcategory_en": "Other tourism accommodation",
        "facility_type_code": "accommodation_resort_other",
        "municipality_ar": null,
        "municipality_en": null,
        "city_ar": null,
        "city_en": null,
        "region_ar": null,
        "region_en": null,
        "address_ar": null,
        "address_en": null,
        "longitude": 13.4458937,
        "latitude": 32.8545234,
        "source": "Tourist villages and resorts KML",
        "source_kml": "data/incoming/tourist-villages-resorts.kml",
        "source_record_index": 186,
        "description_ar": "الوصف:\n:",
        "description_en": null,
        "phone": null,
        "email": null,
        "website": null,
        "stars": null,
        "rooms": null,
        "beds": null,
        "units": null,
        "capacity": null,
        "beach_access": null,
        "pool_available": null,
        "restaurant_available": null,
        "parking_available": null,
        "family_friendly": null,
        "status": null,
        "license_status": null,
        "operational_status": null,
        "ownership_type": null,
        "data_quality_status": "low",
        "data_review_status": "integrated",
        "source_image_url": null,
        "source_image_provider": null,
        "source_image_status": "no_image",
        "local_images": [],
        "image_count": 0,
        "created_at": "2026-08-06",
        "updated_at": "2026-08-06",
        "name_score": 1.0,
        "coordinate_score": 1.0,
        "classification_score": 0.65,
        "contact_score": 0.0,
        "capacity_score": 0.0,
        "services_score": 0.0,
        "image_score": 0.0,
        "completeness_score": 0.21,
        "overall_quality_score": 0.38,
        "data_completeness_percent": 21,
        "missing_fields": [
          "municipality",
          "address",
          "contact",
          "rooms",
          "beds",
          "units",
          "capacity",
          "services",
          "license",
          "operation",
          "image"
        ],
        "match_status": "new_feature",
        "coordinate_review_status": "valid",
        "coordinate_change_reason": null,
        "original_coordinates": [
          13.4458937,
          32.8545234
        ]
      },
      "geometry": {
        "type": "Point",
        "coordinates": [
          13.4458937,
          32.8545234
        ]
      }
    },
    {
      "type": "Feature",
      "id": "LY-ACC-RES-NAT-00097",
      "properties": {
        "id": "LY-ACC-RES-NAT-00097",
        "name_ar": "مصيف جنى العائلي",
        "name_en": null,
        "name_normalized_ar": "مصيفجنيالعايلي",
        "translation_status": "not_available",
        "category": "القرى والمنتجعات السياحية",
        "subcategory_ar": "منتجع عائلي",
        "subcategory_en": "Family resort",
        "facility_type_code": "family_resort",
        "municipality_ar": null,
        "municipality_en": null,
        "city_ar": null,
        "city_en": null,
        "region_ar": null,
        "region_en": null,
        "address_ar": null,
        "address_en": null,
        "longitude": 13.4493142,
        "latitude": 32.8529526,
        "source": "Tourist villages and resorts KML",
        "source_kml": "data/incoming/tourist-villages-resorts.kml",
        "source_record_index": 187,
        "description_ar": "الوصف:\n:",
        "description_en": null,
        "phone": null,
        "email": null,
        "website": null,
        "stars": null,
        "rooms": null,
        "beds": null,
        "units": null,
        "capacity": null,
        "beach_access": null,
        "pool_available": null,
        "restaurant_available": null,
        "parking_available": null,
        "family_friendly": null,
        "status": null,
        "license_status": null,
        "operational_status": null,
        "ownership_type": null,
        "data_quality_status": "low",
        "data_review_status": "integrated",
        "source_image_url": null,
        "source_image_provider": null,
        "source_image_status": "no_image",
        "local_images": [],
        "image_count": 0,
        "created_at": "2026-08-06",
        "updated_at": "2026-08-06",
        "name_score": 1.0,
        "coordinate_score": 1.0,
        "classification_score": 1.0,
        "contact_score": 0.0,
        "capacity_score": 0.0,
        "services_score": 0.0,
        "image_score": 0.0,
        "completeness_score": 0.21,
        "overall_quality_score": 0.43,
        "data_completeness_percent": 21,
        "missing_fields": [
          "municipality",
          "address",
          "contact",
          "rooms",
          "beds",
          "units",
          "capacity",
          "services",
          "license",
          "operation",
          "image"
        ],
        "match_status": "new_feature",
        "coordinate_review_status": "valid",
        "coordinate_change_reason": null,
        "original_coordinates": [
          13.4493142,
          32.8529526
        ]
      },
      "geometry": {
        "type": "Point",
        "coordinates": [
          13.4493142,
          32.8529526
        ]
      }
    },
    {
      "type": "Feature",
      "id": "LY-ACC-RES-NAT-00098",
      "properties": {
        "id": "LY-ACC-RES-NAT-00098",
        "name_ar": "مصيف وقرية بيلسان العائلي",
        "name_en": null,
        "name_normalized_ar": "مصيفوقريهبيلسانالعايلي",
        "translation_status": "not_available",
        "category": "القرى والمنتجعات السياحية",
        "subcategory_ar": "منتجع عائلي",
        "subcategory_en": "Family resort",
        "facility_type_code": "family_resort",
        "municipality_ar": null,
        "municipality_en": null,
        "city_ar": null,
        "city_en": null,
        "region_ar": null,
        "region_en": null,
        "address_ar": null,
        "address_en": null,
        "longitude": 13.4532329,
        "latitude": 32.8515263,
        "source": "Tourist villages and resorts KML",
        "source_kml": "data/incoming/tourist-villages-resorts.kml",
        "source_record_index": 188,
        "description_ar": "الوصف:\n:",
        "description_en": null,
        "phone": null,
        "email": null,
        "website": null,
        "stars": null,
        "rooms": null,
        "beds": null,
        "units": null,
        "capacity": null,
        "beach_access": null,
        "pool_available": null,
        "restaurant_available": null,
        "parking_available": null,
        "family_friendly": null,
        "status": null,
        "license_status": null,
        "operational_status": null,
        "ownership_type": null,
        "data_quality_status": "low",
        "data_review_status": "integrated",
        "source_image_url": null,
        "source_image_provider": null,
        "source_image_status": "no_image",
        "local_images": [],
        "image_count": 0,
        "created_at": "2026-08-06",
        "updated_at": "2026-08-06",
        "name_score": 1.0,
        "coordinate_score": 1.0,
        "classification_score": 1.0,
        "contact_score": 0.0,
        "capacity_score": 0.0,
        "services_score": 0.0,
        "image_score": 0.0,
        "completeness_score": 0.21,
        "overall_quality_score": 0.43,
        "data_completeness_percent": 21,
        "missing_fields": [
          "municipality",
          "address",
          "contact",
          "rooms",
          "beds",
          "units",
          "capacity",
          "services",
          "license",
          "operation",
          "image"
        ],
        "match_status": "new_feature",
        "coordinate_review_status": "valid",
        "coordinate_change_reason": null,
        "original_coordinates": [
          13.4532329,
          32.8515263
        ]
      },
      "geometry": {
        "type": "Point",
        "coordinates": [
          13.4532329,
          32.8515263
        ]
      }
    },
    {
      "type": "Feature",
      "id": "LY-ACC-RES-NAT-00099",
      "properties": {
        "id": "LY-ACC-RES-NAT-00099",
        "name_ar": "مصيف جسر الطاقة العائلي",
        "name_en": null,
        "name_normalized_ar": "مصيفجسرالطاقهالعايلي",
        "translation_status": "not_available",
        "category": "القرى والمنتجعات السياحية",
        "subcategory_ar": "منتجع عائلي",
        "subcategory_en": "Family resort",
        "facility_type_code": "family_resort",
        "municipality_ar": null,
        "municipality_en": null,
        "city_ar": null,
        "city_en": null,
        "region_ar": null,
        "region_en": null,
        "address_ar": null,
        "address_en": null,
        "longitude": 13.4571025,
        "latitude": 32.8505775,
        "source": "Tourist villages and resorts KML",
        "source_kml": "data/incoming/tourist-villages-resorts.kml",
        "source_record_index": 189,
        "description_ar": "الوصف:\n:",
        "description_en": null,
        "phone": null,
        "email": null,
        "website": null,
        "stars": null,
        "rooms": null,
        "beds": null,
        "units": null,
        "capacity": null,
        "beach_access": null,
        "pool_available": null,
        "restaurant_available": null,
        "parking_available": null,
        "family_friendly": null,
        "status": null,
        "license_status": null,
        "operational_status": null,
        "ownership_type": null,
        "data_quality_status": "low",
        "data_review_status": "integrated",
        "source_image_url": null,
        "source_image_provider": null,
        "source_image_status": "no_image",
        "local_images": [],
        "image_count": 0,
        "created_at": "2026-08-06",
        "updated_at": "2026-08-06",
        "name_score": 1.0,
        "coordinate_score": 1.0,
        "classification_score": 1.0,
        "contact_score": 0.0,
        "capacity_score": 0.0,
        "services_score": 0.0,
        "image_score": 0.0,
        "completeness_score": 0.21,
        "overall_quality_score": 0.43,
        "data_completeness_percent": 21,
        "missing_fields": [
          "municipality",
          "address",
          "contact",
          "rooms",
          "beds",
          "units",
          "capacity",
          "services",
          "license",
          "operation",
          "image"
        ],
        "match_status": "new_feature",
        "coordinate_review_status": "valid",
        "coordinate_change_reason": null,
        "original_coordinates": [
          13.4571025,
          32.8505775
        ]
      },
      "geometry": {
        "type": "Point",
        "coordinates": [
          13.4571025,
          32.8505775
        ]
      }
    },
    {
      "type": "Feature",
      "id": "LY-ACC-RES-NAT-00100",
      "properties": {
        "id": "LY-ACC-RES-NAT-00100",
        "name_ar": "مصيف القلعة العائلي 32",
        "name_en": null,
        "name_normalized_ar": "مصيفالقلعهالعايلي32",
        "translation_status": "not_available",
        "category": "القرى والمنتجعات السياحية",
        "subcategory_ar": "منتجع عائلي",
        "subcategory_en": "Family resort",
        "facility_type_code": "family_resort",
        "municipality_ar": null,
        "municipality_en": null,
        "city_ar": null,
        "city_en": null,
        "region_ar": null,
        "region_en": null,
        "address_ar": null,
        "address_en": null,
        "longitude": 13.4648724,
        "latitude": 32.8476274,
        "source": "Tourist villages and resorts KML",
        "source_kml": "data/incoming/tourist-villages-resorts.kml",
        "source_record_index": 190,
        "description_ar": "الوصف:\n:",
        "description_en": null,
        "phone": null,
        "email": null,
        "website": null,
        "stars": null,
        "rooms": null,
        "beds": null,
        "units": null,
        "capacity": null,
        "beach_access": null,
        "pool_available": null,
        "restaurant_available": null,
        "parking_available": null,
        "family_friendly": null,
        "status": null,
        "license_status": null,
        "operational_status": null,
        "ownership_type": null,
        "data_quality_status": "low",
        "data_review_status": "integrated",
        "source_image_url": null,
        "source_image_provider": null,
        "source_image_status": "no_image",
        "local_images": [],
        "image_count": 0,
        "created_at": "2026-08-06",
        "updated_at": "2026-08-06",
        "name_score": 1.0,
        "coordinate_score": 1.0,
        "classification_score": 1.0,
        "contact_score": 0.0,
        "capacity_score": 0.0,
        "services_score": 0.0,
        "image_score": 0.0,
        "completeness_score": 0.21,
        "overall_quality_score": 0.43,
        "data_completeness_percent": 21,
        "missing_fields": [
          "municipality",
          "address",
          "contact",
          "rooms",
          "beds",
          "units",
          "capacity",
          "services",
          "license",
          "operation",
          "image"
        ],
        "match_status": "new_feature",
        "coordinate_review_status": "valid",
        "coordinate_change_reason": null,
        "original_coordinates": [
          13.4648724,
          32.8476274
        ]
      },
      "geometry": {
        "type": "Point",
        "coordinates": [
          13.4648724,
          32.8476274
        ]
      }
    },
    {
      "type": "Feature",
      "id": "LY-ACC-RES-NAT-00101",
      "properties": {
        "id": "LY-ACC-RES-NAT-00101",
        "name_ar": "مصيف اﻻمان والمرح العائلي",
        "name_en": null,
        "name_normalized_ar": "مصيفاﻻمانوالمرحالعايلي",
        "translation_status": "not_available",
        "category": "القرى والمنتجعات السياحية",
        "subcategory_ar": "منتجع عائلي",
        "subcategory_en": "Family resort",
        "facility_type_code": "family_resort",
        "municipality_ar": null,
        "municipality_en": null,
        "city_ar": null,
        "city_en": null,
        "region_ar": null,
        "region_en": null,
        "address_ar": null,
        "address_en": null,
        "longitude": 13.4617026,
        "latitude": 32.8491835,
        "source": "Tourist villages and resorts KML",
        "source_kml": "data/incoming/tourist-villages-resorts.kml",
        "source_record_index": 191,
        "description_ar": "الوصف:\n:",
        "description_en": null,
        "phone": null,
        "email": null,
        "website": null,
        "stars": null,
        "rooms": null,
        "beds": null,
        "units": null,
        "capacity": null,
        "beach_access": null,
        "pool_available": null,
        "restaurant_available": null,
        "parking_available": null,
        "family_friendly": null,
        "status": null,
        "license_status": null,
        "operational_status": null,
        "ownership_type": null,
        "data_quality_status": "low",
        "data_review_status": "integrated",
        "source_image_url": null,
        "source_image_provider": null,
        "source_image_status": "no_image",
        "local_images": [],
        "image_count": 0,
        "created_at": "2026-08-06",
        "updated_at": "2026-08-06",
        "name_score": 1.0,
        "coordinate_score": 1.0,
        "classification_score": 1.0,
        "contact_score": 0.0,
        "capacity_score": 0.0,
        "services_score": 0.0,
        "image_score": 0.0,
        "completeness_score": 0.21,
        "overall_quality_score": 0.43,
        "data_completeness_percent": 21,
        "missing_fields": [
          "municipality",
          "address",
          "contact",
          "rooms",
          "beds",
          "units",
          "capacity",
          "services",
          "license",
          "operation",
          "image"
        ],
        "match_status": "new_feature",
        "coordinate_review_status": "valid",
        "coordinate_change_reason": null,
        "original_coordinates": [
          13.4617026,
          32.8491835
        ]
      },
      "geometry": {
        "type": "Point",
        "coordinates": [
          13.4617026,
          32.8491835
        ]
      }
    },
    {
      "type": "Feature",
      "id": "LY-ACC-RES-NAT-00102",
      "properties": {
        "id": "LY-ACC-RES-NAT-00102",
        "name_ar": "مصيف جيران البحر العائلي",
        "name_en": null,
        "name_normalized_ar": "مصيفجيرانالبحرالعايلي",
        "translation_status": "not_available",
        "category": "القرى والمنتجعات السياحية",
        "subcategory_ar": "منتجع عائلي",
        "subcategory_en": "Family resort",
        "facility_type_code": "family_resort",
        "municipality_ar": null,
        "municipality_en": null,
        "city_ar": null,
        "city_en": null,
        "region_ar": null,
        "region_en": null,
        "address_ar": null,
        "address_en": null,
        "longitude": 13.4881483,
        "latitude": 32.8358246,
        "source": "Tourist villages and resorts KML",
        "source_kml": "data/incoming/tourist-villages-resorts.kml",
        "source_record_index": 192,
        "description_ar": "الوصف:\n:",
        "description_en": null,
        "phone": null,
        "email": null,
        "website": null,
        "stars": null,
        "rooms": null,
        "beds": null,
        "units": null,
        "capacity": null,
        "beach_access": null,
        "pool_available": null,
        "restaurant_available": null,
        "parking_available": null,
        "family_friendly": null,
        "status": null,
        "license_status": null,
        "operational_status": null,
        "ownership_type": null,
        "data_quality_status": "low",
        "data_review_status": "integrated",
        "source_image_url": null,
        "source_image_provider": null,
        "source_image_status": "no_image",
        "local_images": [],
        "image_count": 0,
        "created_at": "2026-08-06",
        "updated_at": "2026-08-06",
        "name_score": 1.0,
        "coordinate_score": 1.0,
        "classification_score": 1.0,
        "contact_score": 0.0,
        "capacity_score": 0.0,
        "services_score": 0.0,
        "image_score": 0.0,
        "completeness_score": 0.21,
        "overall_quality_score": 0.43,
        "data_completeness_percent": 21,
        "missing_fields": [
          "municipality",
          "address",
          "contact",
          "rooms",
          "beds",
          "units",
          "capacity",
          "services",
          "license",
          "operation",
          "image"
        ],
        "match_status": "new_feature",
        "coordinate_review_status": "valid",
        "coordinate_change_reason": null,
        "original_coordinates": [
          13.4881483,
          32.8358246
        ]
      },
      "geometry": {
        "type": "Point",
        "coordinates": [
          13.4881483,
          32.8358246
        ]
      }
    },
    {
      "type": "Feature",
      "id": "LY-ACC-RES-NAT-00103",
      "properties": {
        "id": "LY-ACC-RES-NAT-00103",
        "name_ar": "ڤيلا لاڤيستا",
        "name_en": null,
        "name_normalized_ar": "ڤيلالاڤيستا",
        "translation_status": "not_available",
        "category": "القرى والمنتجعات السياحية",
        "subcategory_ar": "تحتاج مراجعة",
        "subcategory_en": "Review required",
        "facility_type_code": "review_required",
        "municipality_ar": null,
        "municipality_en": null,
        "city_ar": null,
        "city_en": null,
        "region_ar": null,
        "region_en": null,
        "address_ar": null,
        "address_en": null,
        "longitude": 13.499675,
        "latitude": 32.8263611,
        "source": "Tourist villages and resorts KML",
        "source_kml": "data/incoming/tourist-villages-resorts.kml",
        "source_record_index": 193,
        "description_ar": "الوصف:\n:",
        "description_en": null,
        "phone": null,
        "email": null,
        "website": null,
        "stars": null,
        "rooms": null,
        "beds": null,
        "units": null,
        "capacity": null,
        "beach_access": null,
        "pool_available": null,
        "restaurant_available": null,
        "parking_available": null,
        "family_friendly": null,
        "status": null,
        "license_status": null,
        "operational_status": null,
        "ownership_type": null,
        "data_quality_status": "low",
        "data_review_status": "review_required",
        "source_image_url": null,
        "source_image_provider": null,
        "source_image_status": "no_image",
        "local_images": [],
        "image_count": 0,
        "created_at": "2026-08-06",
        "updated_at": "2026-08-06",
        "name_score": 1.0,
        "coordinate_score": 1.0,
        "classification_score": 0.25,
        "contact_score": 0.0,
        "capacity_score": 0.0,
        "services_score": 0.0,
        "image_score": 0.0,
        "completeness_score": 0.14,
        "overall_quality_score": 0.32,
        "data_completeness_percent": 14,
        "missing_fields": [
          "classification",
          "municipality",
          "address",
          "contact",
          "rooms",
          "beds",
          "units",
          "capacity",
          "services",
          "license",
          "operation",
          "image"
        ],
        "match_status": "new_feature",
        "coordinate_review_status": "valid",
        "coordinate_change_reason": null,
        "original_coordinates": [
          13.499675,
          32.8263611
        ]
      },
      "geometry": {
        "type": "Point",
        "coordinates": [
          13.499675,
          32.8263611
        ]
      }
    },
    {
      "type": "Feature",
      "id": "LY-ACC-RES-NAT-00104",
      "properties": {
        "id": "LY-ACC-RES-NAT-00104",
        "name_ar": "Private house برايفت هاوس",
        "name_en": null,
        "name_normalized_ar": "privatehouseبرايفتهاوس",
        "translation_status": "not_available",
        "category": "القرى والمنتجعات السياحية",
        "subcategory_ar": "تحتاج مراجعة",
        "subcategory_en": "Review required",
        "facility_type_code": "review_required",
        "municipality_ar": null,
        "municipality_en": null,
        "city_ar": null,
        "city_en": null,
        "region_ar": null,
        "region_en": null,
        "address_ar": null,
        "address_en": null,
        "longitude": 13.4965848,
        "latitude": 32.8256978,
        "source": "Tourist villages and resorts KML",
        "source_kml": "data/incoming/tourist-villages-resorts.kml",
        "source_record_index": 194,
        "description_ar": "الوصف:\n:",
        "description_en": null,
        "phone": null,
        "email": null,
        "website": null,
        "stars": null,
        "rooms": null,
        "beds": null,
        "units": null,
        "capacity": null,
        "beach_access": null,
        "pool_available": null,
        "restaurant_available": null,
        "parking_available": null,
        "family_friendly": null,
        "status": null,
        "license_status": null,
        "operational_status": null,
        "ownership_type": null,
        "data_quality_status": "low",
        "data_review_status": "review_required",
        "source_image_url": null,
        "source_image_provider": null,
        "source_image_status": "no_image",
        "local_images": [],
        "image_count": 0,
        "created_at": "2026-08-06",
        "updated_at": "2026-08-06",
        "name_score": 1.0,
        "coordinate_score": 1.0,
        "classification_score": 0.25,
        "contact_score": 0.0,
        "capacity_score": 0.0,
        "services_score": 0.0,
        "image_score": 0.0,
        "completeness_score": 0.14,
        "overall_quality_score": 0.32,
        "data_completeness_percent": 14,
        "missing_fields": [
          "classification",
          "municipality",
          "address",
          "contact",
          "rooms",
          "beds",
          "units",
          "capacity",
          "services",
          "license",
          "operation",
          "image"
        ],
        "match_status": "new_feature",
        "coordinate_review_status": "valid",
        "coordinate_change_reason": null,
        "original_coordinates": [
          13.4965848,
          32.8256978
        ]
      },
      "geometry": {
        "type": "Point",
        "coordinates": [
          13.4965848,
          32.8256978
        ]
      }
    },
    {
      "type": "Feature",
      "id": "LY-ACC-RES-NAT-00105",
      "properties": {
        "id": "LY-ACC-RES-NAT-00105",
        "name_ar": "ROYAL DYAR Resort Hotel",
        "name_en": null,
        "name_normalized_ar": "royaldyarresorthotel",
        "translation_status": "not_available",
        "category": "القرى والمنتجعات السياحية",
        "subcategory_ar": "منتجع سياحي",
        "subcategory_en": "Tourist resort",
        "facility_type_code": "tourist_resort",
        "municipality_ar": null,
        "municipality_en": null,
        "city_ar": null,
        "city_en": null,
        "region_ar": null,
        "region_en": null,
        "address_ar": null,
        "address_en": null,
        "longitude": 13.5917368,
        "latitude": 32.7955237,
        "source": "Tourist villages and resorts KML",
        "source_kml": "data/incoming/tourist-villages-resorts.kml",
        "source_record_index": 195,
        "description_ar": "الوصف:\n:",
        "description_en": null,
        "phone": null,
        "email": null,
        "website": null,
        "stars": null,
        "rooms": null,
        "beds": null,
        "units": null,
        "capacity": null,
        "beach_access": null,
        "pool_available": null,
        "restaurant_available": null,
        "parking_available": null,
        "family_friendly": null,
        "status": null,
        "license_status": null,
        "operational_status": null,
        "ownership_type": null,
        "data_quality_status": "low",
        "data_review_status": "integrated",
        "source_image_url": null,
        "source_image_provider": null,
        "source_image_status": "no_image",
        "local_images": [],
        "image_count": 0,
        "created_at": "2026-08-06",
        "updated_at": "2026-08-06",
        "name_score": 1.0,
        "coordinate_score": 1.0,
        "classification_score": 1.0,
        "contact_score": 0.0,
        "capacity_score": 0.0,
        "services_score": 0.0,
        "image_score": 0.0,
        "completeness_score": 0.21,
        "overall_quality_score": 0.43,
        "data_completeness_percent": 21,
        "missing_fields": [
          "municipality",
          "address",
          "contact",
          "rooms",
          "beds",
          "units",
          "capacity",
          "services",
          "license",
          "operation",
          "image"
        ],
        "match_status": "new_feature",
        "coordinate_review_status": "valid",
        "coordinate_change_reason": null,
        "original_coordinates": [
          13.5917368,
          32.7955237
        ]
      },
      "geometry": {
        "type": "Point",
        "coordinates": [
          13.5917368,
          32.7955237
        ]
      }
    },
    {
      "type": "Feature",
      "id": "LY-ACC-RES-NAT-00106",
      "properties": {
        "id": "LY-ACC-RES-NAT-00106",
        "name_ar": "Cyrine Resort",
        "name_en": null,
        "name_normalized_ar": "cyrineresort",
        "translation_status": "not_available",
        "category": "القرى والمنتجعات السياحية",
        "subcategory_ar": "منتجع سياحي",
        "subcategory_en": "Tourist resort",
        "facility_type_code": "tourist_resort",
        "municipality_ar": null,
        "municipality_en": null,
        "city_ar": null,
        "city_en": null,
        "region_ar": null,
        "region_en": null,
        "address_ar": null,
        "address_en": null,
        "longitude": 13.5811101,
        "latitude": 32.7933825,
        "source": "Tourist villages and resorts KML",
        "source_kml": "data/incoming/tourist-villages-resorts.kml",
        "source_record_index": 196,
        "description_ar": "الوصف:\n:",
        "description_en": null,
        "phone": null,
        "email": null,
        "website": null,
        "stars": null,
        "rooms": null,
        "beds": null,
        "units": null,
        "capacity": null,
        "beach_access": null,
        "pool_available": null,
        "restaurant_available": null,
        "parking_available": null,
        "family_friendly": null,
        "status": null,
        "license_status": null,
        "operational_status": null,
        "ownership_type": null,
        "data_quality_status": "low",
        "data_review_status": "integrated",
        "source_image_url": null,
        "source_image_provider": null,
        "source_image_status": "no_image",
        "local_images": [],
        "image_count": 0,
        "created_at": "2026-08-06",
        "updated_at": "2026-08-06",
        "name_score": 1.0,
        "coordinate_score": 1.0,
        "classification_score": 1.0,
        "contact_score": 0.0,
        "capacity_score": 0.0,
        "services_score": 0.0,
        "image_score": 0.0,
        "completeness_score": 0.21,
        "overall_quality_score": 0.43,
        "data_completeness_percent": 21,
        "missing_fields": [
          "municipality",
          "address",
          "contact",
          "rooms",
          "beds",
          "units",
          "capacity",
          "services",
          "license",
          "operation",
          "image"
        ],
        "match_status": "new_feature",
        "coordinate_review_status": "valid",
        "coordinate_change_reason": null,
        "original_coordinates": [
          13.5811101,
          32.7933825
        ]
      },
      "geometry": {
        "type": "Point",
        "coordinates": [
          13.5811101,
          32.7933825
        ]
      }
    },
    {
      "type": "Feature",
      "id": "LY-ACC-RES-NAT-00107",
      "properties": {
        "id": "LY-ACC-RES-NAT-00107",
        "name_ar": "استراحة القويعة",
        "name_en": null,
        "name_normalized_ar": "استراحهالقويعه",
        "translation_status": "not_available",
        "category": "القرى والمنتجعات السياحية",
        "subcategory_ar": "تحتاج مراجعة",
        "subcategory_en": "Review required",
        "facility_type_code": "review_required",
        "municipality_ar": null,
        "municipality_en": null,
        "city_ar": null,
        "city_en": null,
        "region_ar": null,
        "region_en": null,
        "address_ar": null,
        "address_en": null,
        "longitude": 13.6026248,
        "latitude": 32.7843142,
        "source": "Tourist villages and resorts KML",
        "source_kml": "data/incoming/tourist-villages-resorts.kml",
        "source_record_index": 197,
        "description_ar": "الوصف:\n:",
        "description_en": null,
        "phone": null,
        "email": null,
        "website": null,
        "stars": null,
        "rooms": null,
        "beds": null,
        "units": null,
        "capacity": null,
        "beach_access": null,
        "pool_available": null,
        "restaurant_available": null,
        "parking_available": null,
        "family_friendly": null,
        "status": null,
        "license_status": null,
        "operational_status": null,
        "ownership_type": null,
        "data_quality_status": "low",
        "data_review_status": "review_required",
        "source_image_url": null,
        "source_image_provider": null,
        "source_image_status": "no_image",
        "local_images": [],
        "image_count": 0,
        "created_at": "2026-08-06",
        "updated_at": "2026-08-06",
        "name_score": 1.0,
        "coordinate_score": 1.0,
        "classification_score": 0.25,
        "contact_score": 0.0,
        "capacity_score": 0.0,
        "services_score": 0.0,
        "image_score": 0.0,
        "completeness_score": 0.14,
        "overall_quality_score": 0.32,
        "data_completeness_percent": 14,
        "missing_fields": [
          "classification",
          "municipality",
          "address",
          "contact",
          "rooms",
          "beds",
          "units",
          "capacity",
          "services",
          "license",
          "operation",
          "image"
        ],
        "match_status": "new_feature",
        "coordinate_review_status": "valid",
        "coordinate_change_reason": null,
        "original_coordinates": [
          13.6026248,
          32.7843142
        ]
      },
      "geometry": {
        "type": "Point",
        "coordinates": [
          13.6026248,
          32.7843142
        ]
      }
    },
    {
      "type": "Feature",
      "id": "LY-ACC-RES-NAT-00108",
      "properties": {
        "id": "LY-ACC-RES-NAT-00108",
        "name_ar": "Alameer Villa ڤيلا الأمير",
        "name_en": null,
        "name_normalized_ar": "alameervillaڤيلاالامير",
        "translation_status": "not_available",
        "category": "القرى والمنتجعات السياحية",
        "subcategory_ar": "تحتاج مراجعة",
        "subcategory_en": "Review required",
        "facility_type_code": "review_required",
        "municipality_ar": null,
        "municipality_en": null,
        "city_ar": null,
        "city_en": null,
        "region_ar": null,
        "region_en": null,
        "address_ar": null,
        "address_en": null,
        "longitude": 13.6452837,
        "latitude": 32.7809471,
        "source": "Tourist villages and resorts KML",
        "source_kml": "data/incoming/tourist-villages-resorts.kml",
        "source_record_index": 198,
        "description_ar": "الوصف:\n:",
        "description_en": null,
        "phone": null,
        "email": null,
        "website": null,
        "stars": null,
        "rooms": null,
        "beds": null,
        "units": null,
        "capacity": null,
        "beach_access": null,
        "pool_available": null,
        "restaurant_available": null,
        "parking_available": null,
        "family_friendly": null,
        "status": null,
        "license_status": null,
        "operational_status": null,
        "ownership_type": null,
        "data_quality_status": "low",
        "data_review_status": "review_required",
        "source_image_url": null,
        "source_image_provider": null,
        "source_image_status": "no_image",
        "local_images": [],
        "image_count": 0,
        "created_at": "2026-08-06",
        "updated_at": "2026-08-06",
        "name_score": 1.0,
        "coordinate_score": 1.0,
        "classification_score": 0.25,
        "contact_score": 0.0,
        "capacity_score": 0.0,
        "services_score": 0.0,
        "image_score": 0.0,
        "completeness_score": 0.14,
        "overall_quality_score": 0.32,
        "data_completeness_percent": 14,
        "missing_fields": [
          "classification",
          "municipality",
          "address",
          "contact",
          "rooms",
          "beds",
          "units",
          "capacity",
          "services",
          "license",
          "operation",
          "image"
        ],
        "match_status": "new_feature",
        "coordinate_review_status": "valid",
        "coordinate_change_reason": null,
        "original_coordinates": [
          13.6452837,
          32.7809471
        ]
      },
      "geometry": {
        "type": "Point",
        "coordinates": [
          13.6452837,
          32.7809471
        ]
      }
    },
    {
      "type": "Feature",
      "id": "LY-ACC-RES-NAT-00109",
      "properties": {
        "id": "LY-ACC-RES-NAT-00109",
        "name_ar": "Villa mfm",
        "name_en": null,
        "name_normalized_ar": "villamfm",
        "translation_status": "not_available",
        "category": "القرى والمنتجعات السياحية",
        "subcategory_ar": "تحتاج مراجعة",
        "subcategory_en": "Review required",
        "facility_type_code": "review_required",
        "municipality_ar": null,
        "municipality_en": null,
        "city_ar": null,
        "city_en": null,
        "region_ar": null,
        "region_en": null,
        "address_ar": null,
        "address_en": null,
        "longitude": 13.6545833,
        "latitude": 32.7878115,
        "source": "Tourist villages and resorts KML",
        "source_kml": "data/incoming/tourist-villages-resorts.kml",
        "source_record_index": 199,
        "description_ar": "الوصف:\n:",
        "description_en": null,
        "phone": null,
        "email": null,
        "website": null,
        "stars": null,
        "rooms": null,
        "beds": null,
        "units": null,
        "capacity": null,
        "beach_access": null,
        "pool_available": null,
        "restaurant_available": null,
        "parking_available": null,
        "family_friendly": null,
        "status": null,
        "license_status": null,
        "operational_status": null,
        "ownership_type": null,
        "data_quality_status": "low",
        "data_review_status": "review_required",
        "source_image_url": null,
        "source_image_provider": null,
        "source_image_status": "no_image",
        "local_images": [],
        "image_count": 0,
        "created_at": "2026-08-06",
        "updated_at": "2026-08-06",
        "name_score": 1.0,
        "coordinate_score": 1.0,
        "classification_score": 0.25,
        "contact_score": 0.0,
        "capacity_score": 0.0,
        "services_score": 0.0,
        "image_score": 0.0,
        "completeness_score": 0.14,
        "overall_quality_score": 0.32,
        "data_completeness_percent": 14,
        "missing_fields": [
          "classification",
          "municipality",
          "address",
          "contact",
          "rooms",
          "beds",
          "units",
          "capacity",
          "services",
          "license",
          "operation",
          "image"
        ],
        "match_status": "new_feature",
        "coordinate_review_status": "valid",
        "coordinate_change_reason": null,
        "original_coordinates": [
          13.6545833,
          32.7878115
        ]
      },
      "geometry": {
        "type": "Point",
        "coordinates": [
          13.6545833,
          32.7878115
        ]
      }
    },
    {
      "type": "Feature",
      "id": "LY-ACC-RES-NAT-00110",
      "properties": {
        "id": "LY-ACC-RES-NAT-00110",
        "name_ar": "W استراحة",
        "name_en": null,
        "name_normalized_ar": "wاستراحه",
        "translation_status": "not_available",
        "category": "القرى والمنتجعات السياحية",
        "subcategory_ar": "تحتاج مراجعة",
        "subcategory_en": "Review required",
        "facility_type_code": "review_required",
        "municipality_ar": null,
        "municipality_en": null,
        "city_ar": null,
        "city_en": null,
        "region_ar": null,
        "region_en": null,
        "address_ar": null,
        "address_en": null,
        "longitude": 13.640728,
        "latitude": 32.7866744,
        "source": "Tourist villages and resorts KML",
        "source_kml": "data/incoming/tourist-villages-resorts.kml",
        "source_record_index": 200,
        "description_ar": "الوصف:\n:",
        "description_en": null,
        "phone": null,
        "email": null,
        "website": null,
        "stars": null,
        "rooms": null,
        "beds": null,
        "units": null,
        "capacity": null,
        "beach_access": null,
        "pool_available": null,
        "restaurant_available": null,
        "parking_available": null,
        "family_friendly": null,
        "status": null,
        "license_status": null,
        "operational_status": null,
        "ownership_type": null,
        "data_quality_status": "low",
        "data_review_status": "review_required",
        "source_image_url": null,
        "source_image_provider": null,
        "source_image_status": "no_image",
        "local_images": [],
        "image_count": 0,
        "created_at": "2026-08-06",
        "updated_at": "2026-08-06",
        "name_score": 1.0,
        "coordinate_score": 1.0,
        "classification_score": 0.25,
        "contact_score": 0.0,
        "capacity_score": 0.0,
        "services_score": 0.0,
        "image_score": 0.0,
        "completeness_score": 0.14,
        "overall_quality_score": 0.32,
        "data_completeness_percent": 14,
        "missing_fields": [
          "classification",
          "municipality",
          "address",
          "contact",
          "rooms",
          "beds",
          "units",
          "capacity",
          "services",
          "license",
          "operation",
          "image"
        ],
        "match_status": "new_feature",
        "coordinate_review_status": "valid",
        "coordinate_change_reason": null,
        "original_coordinates": [
          13.640728,
          32.7866744
        ]
      },
      "geometry": {
        "type": "Point",
        "coordinates": [
          13.640728,
          32.7866744
        ]
      }
    },
    {
      "type": "Feature",
      "id": "LY-ACC-RES-NAT-00111",
      "properties": {
        "id": "LY-ACC-RES-NAT-00111",
        "name_ar": "استراحة السلام",
        "name_en": null,
        "name_normalized_ar": "استراحهالسلام",
        "translation_status": "not_available",
        "category": "القرى والمنتجعات السياحية",
        "subcategory_ar": "تحتاج مراجعة",
        "subcategory_en": "Review required",
        "facility_type_code": "review_required",
        "municipality_ar": null,
        "municipality_en": null,
        "city_ar": null,
        "city_en": null,
        "region_ar": null,
        "region_en": null,
        "address_ar": null,
        "address_en": null,
        "longitude": 13.6407615,
        "latitude": 32.7863393,
        "source": "Tourist villages and resorts KML",
        "source_kml": "data/incoming/tourist-villages-resorts.kml",
        "source_record_index": 201,
        "description_ar": "الوصف:\n:",
        "description_en": null,
        "phone": null,
        "email": null,
        "website": null,
        "stars": null,
        "rooms": null,
        "beds": null,
        "units": null,
        "capacity": null,
        "beach_access": null,
        "pool_available": null,
        "restaurant_available": null,
        "parking_available": null,
        "family_friendly": null,
        "status": null,
        "license_status": null,
        "operational_status": null,
        "ownership_type": null,
        "data_quality_status": "low",
        "data_review_status": "review_required",
        "source_image_url": null,
        "source_image_provider": null,
        "source_image_status": "no_image",
        "local_images": [],
        "image_count": 0,
        "created_at": "2026-08-06",
        "updated_at": "2026-08-06",
        "name_score": 1.0,
        "coordinate_score": 1.0,
        "classification_score": 0.25,
        "contact_score": 0.0,
        "capacity_score": 0.0,
        "services_score": 0.0,
        "image_score": 0.0,
        "completeness_score": 0.14,
        "overall_quality_score": 0.32,
        "data_completeness_percent": 14,
        "missing_fields": [
          "classification",
          "municipality",
          "address",
          "contact",
          "rooms",
          "beds",
          "units",
          "capacity",
          "services",
          "license",
          "operation",
          "image"
        ],
        "match_status": "new_feature",
        "coordinate_review_status": "valid",
        "coordinate_change_reason": null,
        "original_coordinates": [
          13.6407615,
          32.7863393
        ]
      },
      "geometry": {
        "type": "Point",
        "coordinates": [
          13.6407615,
          32.7863393
        ]
      }
    },
    {
      "type": "Feature",
      "id": "LY-ACC-RES-NAT-00112",
      "properties": {
        "id": "LY-ACC-RES-NAT-00112",
        "name_ar": "استراحات ابناء يوسف منيصير",
        "name_en": null,
        "name_normalized_ar": "استراحاتابناءيوسفمنيصير",
        "translation_status": "not_available",
        "category": "القرى والمنتجعات السياحية",
        "subcategory_ar": "تحتاج مراجعة",
        "subcategory_en": "Review required",
        "facility_type_code": "review_required",
        "municipality_ar": null,
        "municipality_en": null,
        "city_ar": null,
        "city_en": null,
        "region_ar": null,
        "region_en": null,
        "address_ar": null,
        "address_en": null,
        "longitude": 13.6483207,
        "latitude": 32.7890202,
        "source": "Tourist villages and resorts KML",
        "source_kml": "data/incoming/tourist-villages-resorts.kml",
        "source_record_index": 202,
        "description_ar": "الوصف:\n:",
        "description_en": null,
        "phone": null,
        "email": null,
        "website": null,
        "stars": null,
        "rooms": null,
        "beds": null,
        "units": null,
        "capacity": null,
        "beach_access": null,
        "pool_available": null,
        "restaurant_available": null,
        "parking_available": null,
        "family_friendly": null,
        "status": null,
        "license_status": null,
        "operational_status": null,
        "ownership_type": null,
        "data_quality_status": "low",
        "data_review_status": "review_required",
        "source_image_url": null,
        "source_image_provider": null,
        "source_image_status": "no_image",
        "local_images": [],
        "image_count": 0,
        "created_at": "2026-08-06",
        "updated_at": "2026-08-06",
        "name_score": 1.0,
        "coordinate_score": 1.0,
        "classification_score": 0.25,
        "contact_score": 0.0,
        "capacity_score": 0.0,
        "services_score": 0.0,
        "image_score": 0.0,
        "completeness_score": 0.14,
        "overall_quality_score": 0.32,
        "data_completeness_percent": 14,
        "missing_fields": [
          "classification",
          "municipality",
          "address",
          "contact",
          "rooms",
          "beds",
          "units",
          "capacity",
          "services",
          "license",
          "operation",
          "image"
        ],
        "match_status": "new_feature",
        "coordinate_review_status": "valid",
        "coordinate_change_reason": null,
        "original_coordinates": [
          13.6483207,
          32.7890202
        ]
      },
      "geometry": {
        "type": "Point",
        "coordinates": [
          13.6483207,
          32.7890202
        ]
      }
    },
    {
      "type": "Feature",
      "id": "LY-ACC-RES-NAT-00113",
      "properties": {
        "id": "LY-ACC-RES-NAT-00113",
        "name_ar": "استراحات شاطئ غوط الرمان",
        "name_en": null,
        "name_normalized_ar": "استراحاتشاطيغوطالرمان",
        "translation_status": "not_available",
        "category": "القرى والمنتجعات السياحية",
        "subcategory_ar": "تحتاج مراجعة",
        "subcategory_en": "Review required",
        "facility_type_code": "review_required",
        "municipality_ar": null,
        "municipality_en": null,
        "city_ar": null,
        "city_en": null,
        "region_ar": null,
        "region_en": null,
        "address_ar": null,
        "address_en": null,
        "longitude": 13.6481641,
        "latitude": 32.7866322,
        "source": "Tourist villages and resorts KML",
        "source_kml": "data/incoming/tourist-villages-resorts.kml",
        "source_record_index": 203,
        "description_ar": "الوصف:\n:",
        "description_en": null,
        "phone": null,
        "email": null,
        "website": null,
        "stars": null,
        "rooms": null,
        "beds": null,
        "units": null,
        "capacity": null,
        "beach_access": null,
        "pool_available": null,
        "restaurant_available": null,
        "parking_available": null,
        "family_friendly": null,
        "status": null,
        "license_status": null,
        "operational_status": null,
        "ownership_type": null,
        "data_quality_status": "low",
        "data_review_status": "review_required",
        "source_image_url": null,
        "source_image_provider": null,
        "source_image_status": "no_image",
        "local_images": [],
        "image_count": 0,
        "created_at": "2026-08-06",
        "updated_at": "2026-08-06",
        "name_score": 1.0,
        "coordinate_score": 1.0,
        "classification_score": 0.25,
        "contact_score": 0.0,
        "capacity_score": 0.0,
        "services_score": 0.0,
        "image_score": 0.0,
        "completeness_score": 0.14,
        "overall_quality_score": 0.32,
        "data_completeness_percent": 14,
        "missing_fields": [
          "classification",
          "municipality",
          "address",
          "contact",
          "rooms",
          "beds",
          "units",
          "capacity",
          "services",
          "license",
          "operation",
          "image"
        ],
        "match_status": "new_feature",
        "coordinate_review_status": "valid",
        "coordinate_change_reason": null,
        "original_coordinates": [
          13.6481641,
          32.7866322
        ]
      },
      "geometry": {
        "type": "Point",
        "coordinates": [
          13.6481641,
          32.7866322
        ]
      }
    },
    {
      "type": "Feature",
      "id": "LY-ACC-RES-NAT-00114",
      "properties": {
        "id": "LY-ACC-RES-NAT-00114",
        "name_ar": "A.G.S villa",
        "name_en": null,
        "name_normalized_ar": "agsvilla",
        "translation_status": "not_available",
        "category": "القرى والمنتجعات السياحية",
        "subcategory_ar": "تحتاج مراجعة",
        "subcategory_en": "Review required",
        "facility_type_code": "review_required",
        "municipality_ar": null,
        "municipality_en": null,
        "city_ar": null,
        "city_en": null,
        "region_ar": null,
        "region_en": null,
        "address_ar": null,
        "address_en": null,
        "longitude": 13.645495,
        "latitude": 32.7853207,
        "source": "Tourist villages and resorts KML",
        "source_kml": "data/incoming/tourist-villages-resorts.kml",
        "source_record_index": 204,
        "description_ar": "الوصف:\n:",
        "description_en": null,
        "phone": null,
        "email": null,
        "website": null,
        "stars": null,
        "rooms": null,
        "beds": null,
        "units": null,
        "capacity": null,
        "beach_access": null,
        "pool_available": null,
        "restaurant_available": null,
        "parking_available": null,
        "family_friendly": null,
        "status": null,
        "license_status": null,
        "operational_status": null,
        "ownership_type": null,
        "data_quality_status": "low",
        "data_review_status": "review_required",
        "source_image_url": null,
        "source_image_provider": null,
        "source_image_status": "no_image",
        "local_images": [],
        "image_count": 0,
        "created_at": "2026-08-06",
        "updated_at": "2026-08-06",
        "name_score": 1.0,
        "coordinate_score": 1.0,
        "classification_score": 0.25,
        "contact_score": 0.0,
        "capacity_score": 0.0,
        "services_score": 0.0,
        "image_score": 0.0,
        "completeness_score": 0.14,
        "overall_quality_score": 0.32,
        "data_completeness_percent": 14,
        "missing_fields": [
          "classification",
          "municipality",
          "address",
          "contact",
          "rooms",
          "beds",
          "units",
          "capacity",
          "services",
          "license",
          "operation",
          "image"
        ],
        "match_status": "new_feature",
        "coordinate_review_status": "valid",
        "coordinate_change_reason": null,
        "original_coordinates": [
          13.645495,
          32.7853207
        ]
      },
      "geometry": {
        "type": "Point",
        "coordinates": [
          13.645495,
          32.7853207
        ]
      }
    },
    {
      "type": "Feature",
      "id": "LY-ACC-RES-NAT-00115",
      "properties": {
        "id": "LY-ACC-RES-NAT-00115",
        "name_ar": "استراحة فاميلي رست",
        "name_en": null,
        "name_normalized_ar": "استراحهفاميليرست",
        "translation_status": "not_available",
        "category": "القرى والمنتجعات السياحية",
        "subcategory_ar": "تحتاج مراجعة",
        "subcategory_en": "Review required",
        "facility_type_code": "review_required",
        "municipality_ar": null,
        "municipality_en": null,
        "city_ar": null,
        "city_en": null,
        "region_ar": null,
        "region_en": null,
        "address_ar": null,
        "address_en": null,
        "longitude": 13.6492705,
        "latitude": 32.7841251,
        "source": "Tourist villages and resorts KML",
        "source_kml": "data/incoming/tourist-villages-resorts.kml",
        "source_record_index": 205,
        "description_ar": "الوصف:\n:",
        "description_en": null,
        "phone": null,
        "email": null,
        "website": null,
        "stars": null,
        "rooms": null,
        "beds": null,
        "units": null,
        "capacity": null,
        "beach_access": null,
        "pool_available": null,
        "restaurant_available": null,
        "parking_available": null,
        "family_friendly": null,
        "status": null,
        "license_status": null,
        "operational_status": null,
        "ownership_type": null,
        "data_quality_status": "low",
        "data_review_status": "review_required",
        "source_image_url": null,
        "source_image_provider": null,
        "source_image_status": "no_image",
        "local_images": [],
        "image_count": 0,
        "created_at": "2026-08-06",
        "updated_at": "2026-08-06",
        "name_score": 1.0,
        "coordinate_score": 1.0,
        "classification_score": 0.25,
        "contact_score": 0.0,
        "capacity_score": 0.0,
        "services_score": 0.0,
        "image_score": 0.0,
        "completeness_score": 0.14,
        "overall_quality_score": 0.32,
        "data_completeness_percent": 14,
        "missing_fields": [
          "classification",
          "municipality",
          "address",
          "contact",
          "rooms",
          "beds",
          "units",
          "capacity",
          "services",
          "license",
          "operation",
          "image"
        ],
        "match_status": "new_feature",
        "coordinate_review_status": "valid",
        "coordinate_change_reason": null,
        "original_coordinates": [
          13.6492705,
          32.7841251
        ]
      },
      "geometry": {
        "type": "Point",
        "coordinates": [
          13.6492705,
          32.7841251
        ]
      }
    },
    {
      "type": "Feature",
      "id": "LY-ACC-RES-NAT-00116",
      "properties": {
        "id": "LY-ACC-RES-NAT-00116",
        "name_ar": "استراحة بن طابون",
        "name_en": null,
        "name_normalized_ar": "استراحهبنطابون",
        "translation_status": "not_available",
        "category": "القرى والمنتجعات السياحية",
        "subcategory_ar": "تحتاج مراجعة",
        "subcategory_en": "Review required",
        "facility_type_code": "review_required",
        "municipality_ar": null,
        "municipality_en": null,
        "city_ar": null,
        "city_en": null,
        "region_ar": null,
        "region_en": null,
        "address_ar": null,
        "address_en": null,
        "longitude": 13.6482928,
        "latitude": 32.7835389,
        "source": "Tourist villages and resorts KML",
        "source_kml": "data/incoming/tourist-villages-resorts.kml",
        "source_record_index": 206,
        "description_ar": "الوصف:\n:",
        "description_en": null,
        "phone": null,
        "email": null,
        "website": null,
        "stars": null,
        "rooms": null,
        "beds": null,
        "units": null,
        "capacity": null,
        "beach_access": null,
        "pool_available": null,
        "restaurant_available": null,
        "parking_available": null,
        "family_friendly": null,
        "status": null,
        "license_status": null,
        "operational_status": null,
        "ownership_type": null,
        "data_quality_status": "low",
        "data_review_status": "review_required",
        "source_image_url": null,
        "source_image_provider": null,
        "source_image_status": "no_image",
        "local_images": [],
        "image_count": 0,
        "created_at": "2026-08-06",
        "updated_at": "2026-08-06",
        "name_score": 1.0,
        "coordinate_score": 1.0,
        "classification_score": 0.25,
        "contact_score": 0.0,
        "capacity_score": 0.0,
        "services_score": 0.0,
        "image_score": 0.0,
        "completeness_score": 0.14,
        "overall_quality_score": 0.32,
        "data_completeness_percent": 14,
        "missing_fields": [
          "classification",
          "municipality",
          "address",
          "contact",
          "rooms",
          "beds",
          "units",
          "capacity",
          "services",
          "license",
          "operation",
          "image"
        ],
        "match_status": "new_feature",
        "coordinate_review_status": "valid",
        "coordinate_change_reason": null,
        "original_coordinates": [
          13.6482928,
          32.7835389
        ]
      },
      "geometry": {
        "type": "Point",
        "coordinates": [
          13.6482928,
          32.7835389
        ]
      }
    },
    {
      "type": "Feature",
      "id": "LY-ACC-RES-NAT-00117",
      "properties": {
        "id": "LY-ACC-RES-NAT-00117",
        "name_ar": "إستراحة ليان للإيجار اليومي",
        "name_en": null,
        "name_normalized_ar": "استراحهليانللايجاراليومي",
        "translation_status": "not_available",
        "category": "القرى والمنتجعات السياحية",
        "subcategory_ar": "تحتاج مراجعة",
        "subcategory_en": "Review required",
        "facility_type_code": "review_required",
        "municipality_ar": null,
        "municipality_en": null,
        "city_ar": null,
        "city_en": null,
        "region_ar": null,
        "region_en": null,
        "address_ar": null,
        "address_en": null,
        "longitude": 13.646381,
        "latitude": 32.784138,
        "source": "Tourist villages and resorts KML",
        "source_kml": "data/incoming/tourist-villages-resorts.kml",
        "source_record_index": 207,
        "description_ar": "الوصف:\n:",
        "description_en": null,
        "phone": null,
        "email": null,
        "website": null,
        "stars": null,
        "rooms": null,
        "beds": null,
        "units": null,
        "capacity": null,
        "beach_access": null,
        "pool_available": null,
        "restaurant_available": null,
        "parking_available": null,
        "family_friendly": null,
        "status": null,
        "license_status": null,
        "operational_status": null,
        "ownership_type": null,
        "data_quality_status": "low",
        "data_review_status": "review_required",
        "source_image_url": null,
        "source_image_provider": null,
        "source_image_status": "no_image",
        "local_images": [],
        "image_count": 0,
        "created_at": "2026-08-06",
        "updated_at": "2026-08-06",
        "name_score": 1.0,
        "coordinate_score": 1.0,
        "classification_score": 0.25,
        "contact_score": 0.0,
        "capacity_score": 0.0,
        "services_score": 0.0,
        "image_score": 0.0,
        "completeness_score": 0.14,
        "overall_quality_score": 0.32,
        "data_completeness_percent": 14,
        "missing_fields": [
          "classification",
          "municipality",
          "address",
          "contact",
          "rooms",
          "beds",
          "units",
          "capacity",
          "services",
          "license",
          "operation",
          "image"
        ],
        "match_status": "new_feature",
        "coordinate_review_status": "valid",
        "coordinate_change_reason": null,
        "original_coordinates": [
          13.646381,
          32.784138
        ]
      },
      "geometry": {
        "type": "Point",
        "coordinates": [
          13.646381,
          32.784138
        ]
      }
    },
    {
      "type": "Feature",
      "id": "LY-ACC-RES-NAT-00118",
      "properties": {
        "id": "LY-ACC-RES-NAT-00118",
        "name_ar": "Villa SIMO",
        "name_en": null,
        "name_normalized_ar": "villasimo",
        "translation_status": "not_available",
        "category": "القرى والمنتجعات السياحية",
        "subcategory_ar": "تحتاج مراجعة",
        "subcategory_en": "Review required",
        "facility_type_code": "review_required",
        "municipality_ar": null,
        "municipality_en": null,
        "city_ar": null,
        "city_en": null,
        "region_ar": null,
        "region_en": null,
        "address_ar": null,
        "address_en": null,
        "longitude": 13.6461763,
        "latitude": 32.7852914,
        "source": "Tourist villages and resorts KML",
        "source_kml": "data/incoming/tourist-villages-resorts.kml",
        "source_record_index": 208,
        "description_ar": "الوصف:\n:",
        "description_en": null,
        "phone": null,
        "email": null,
        "website": null,
        "stars": null,
        "rooms": null,
        "beds": null,
        "units": null,
        "capacity": null,
        "beach_access": null,
        "pool_available": null,
        "restaurant_available": null,
        "parking_available": null,
        "family_friendly": null,
        "status": null,
        "license_status": null,
        "operational_status": null,
        "ownership_type": null,
        "data_quality_status": "low",
        "data_review_status": "review_required",
        "source_image_url": null,
        "source_image_provider": null,
        "source_image_status": "no_image",
        "local_images": [],
        "image_count": 0,
        "created_at": "2026-08-06",
        "updated_at": "2026-08-06",
        "name_score": 1.0,
        "coordinate_score": 1.0,
        "classification_score": 0.25,
        "contact_score": 0.0,
        "capacity_score": 0.0,
        "services_score": 0.0,
        "image_score": 0.0,
        "completeness_score": 0.14,
        "overall_quality_score": 0.32,
        "data_completeness_percent": 14,
        "missing_fields": [
          "classification",
          "municipality",
          "address",
          "contact",
          "rooms",
          "beds",
          "units",
          "capacity",
          "services",
          "license",
          "operation",
          "image"
        ],
        "match_status": "new_feature",
        "coordinate_review_status": "valid",
        "coordinate_change_reason": null,
        "original_coordinates": [
          13.6461763,
          32.7852914
        ]
      },
      "geometry": {
        "type": "Point",
        "coordinates": [
          13.6461763,
          32.7852914
        ]
      }
    },
    {
      "type": "Feature",
      "id": "LY-ACC-RES-NAT-00119",
      "properties": {
        "id": "LY-ACC-RES-NAT-00119",
        "name_ar": "إستراحة ليان للإيجار اليومي",
        "name_en": null,
        "name_normalized_ar": "استراحهليانللايجاراليومي",
        "translation_status": "not_available",
        "category": "القرى والمنتجعات السياحية",
        "subcategory_ar": "تحتاج مراجعة",
        "subcategory_en": "Review required",
        "facility_type_code": "review_required",
        "municipality_ar": null,
        "municipality_en": null,
        "city_ar": null,
        "city_en": null,
        "region_ar": null,
        "region_en": null,
        "address_ar": null,
        "address_en": null,
        "longitude": 13.6464145,
        "latitude": 32.7857348,
        "source": "Tourist villages and resorts KML",
        "source_kml": "data/incoming/tourist-villages-resorts.kml",
        "source_record_index": 209,
        "description_ar": "الوصف:\n:",
        "description_en": null,
        "phone": null,
        "email": null,
        "website": null,
        "stars": null,
        "rooms": null,
        "beds": null,
        "units": null,
        "capacity": null,
        "beach_access": null,
        "pool_available": null,
        "restaurant_available": null,
        "parking_available": null,
        "family_friendly": null,
        "status": null,
        "license_status": null,
        "operational_status": null,
        "ownership_type": null,
        "data_quality_status": "low",
        "data_review_status": "review_required",
        "source_image_url": null,
        "source_image_provider": null,
        "source_image_status": "no_image",
        "local_images": [],
        "image_count": 0,
        "created_at": "2026-08-06",
        "updated_at": "2026-08-06",
        "name_score": 1.0,
        "coordinate_score": 1.0,
        "classification_score": 0.25,
        "contact_score": 0.0,
        "capacity_score": 0.0,
        "services_score": 0.0,
        "image_score": 0.0,
        "completeness_score": 0.14,
        "overall_quality_score": 0.32,
        "data_completeness_percent": 14,
        "missing_fields": [
          "classification",
          "municipality",
          "address",
          "contact",
          "rooms",
          "beds",
          "units",
          "capacity",
          "services",
          "license",
          "operation",
          "image"
        ],
        "match_status": "new_feature",
        "coordinate_review_status": "valid",
        "coordinate_change_reason": null,
        "original_coordinates": [
          13.6464145,
          32.7857348
        ]
      },
      "geometry": {
        "type": "Point",
        "coordinates": [
          13.6464145,
          32.7857348
        ]
      }
    },
    {
      "type": "Feature",
      "id": "LY-ACC-RES-NAT-00120",
      "properties": {
        "id": "LY-ACC-RES-NAT-00120",
        "name_ar": "استراحة هلا مدريد القره بوللي",
        "name_en": null,
        "name_normalized_ar": "استراحههلامدريدالقرهبوللي",
        "translation_status": "not_available",
        "category": "القرى والمنتجعات السياحية",
        "subcategory_ar": "تحتاج مراجعة",
        "subcategory_en": "Review required",
        "facility_type_code": "review_required",
        "municipality_ar": null,
        "municipality_en": null,
        "city_ar": null,
        "city_en": null,
        "region_ar": null,
        "region_en": null,
        "address_ar": null,
        "address_en": null,
        "longitude": 13.6503205,
        "latitude": 32.786204,
        "source": "Tourist villages and resorts KML",
        "source_kml": "data/incoming/tourist-villages-resorts.kml",
        "source_record_index": 210,
        "description_ar": "الوصف:\n:",
        "description_en": null,
        "phone": null,
        "email": null,
        "website": null,
        "stars": null,
        "rooms": null,
        "beds": null,
        "units": null,
        "capacity": null,
        "beach_access": null,
        "pool_available": null,
        "restaurant_available": null,
        "parking_available": null,
        "family_friendly": null,
        "status": null,
        "license_status": null,
        "operational_status": null,
        "ownership_type": null,
        "data_quality_status": "low",
        "data_review_status": "review_required",
        "source_image_url": null,
        "source_image_provider": null,
        "source_image_status": "no_image",
        "local_images": [],
        "image_count": 0,
        "created_at": "2026-08-06",
        "updated_at": "2026-08-06",
        "name_score": 1.0,
        "coordinate_score": 1.0,
        "classification_score": 0.25,
        "contact_score": 0.0,
        "capacity_score": 0.0,
        "services_score": 0.0,
        "image_score": 0.0,
        "completeness_score": 0.14,
        "overall_quality_score": 0.32,
        "data_completeness_percent": 14,
        "missing_fields": [
          "classification",
          "municipality",
          "address",
          "contact",
          "rooms",
          "beds",
          "units",
          "capacity",
          "services",
          "license",
          "operation",
          "image"
        ],
        "match_status": "new_feature",
        "coordinate_review_status": "valid",
        "coordinate_change_reason": null,
        "original_coordinates": [
          13.6503205,
          32.786204
        ]
      },
      "geometry": {
        "type": "Point",
        "coordinates": [
          13.6503205,
          32.786204
        ]
      }
    },
    {
      "type": "Feature",
      "id": "LY-ACC-RES-NAT-00121",
      "properties": {
        "id": "LY-ACC-RES-NAT-00121",
        "name_ar": "ليڤينت/Levent Family Resort",
        "name_en": null,
        "name_normalized_ar": "ليڤينتleventfamilyresort",
        "translation_status": "not_available",
        "category": "القرى والمنتجعات السياحية",
        "subcategory_ar": "منتجع عائلي",
        "subcategory_en": "Family resort",
        "facility_type_code": "family_resort",
        "municipality_ar": null,
        "municipality_en": null,
        "city_ar": null,
        "city_en": null,
        "region_ar": null,
        "region_en": null,
        "address_ar": null,
        "address_en": null,
        "longitude": 13.6508755,
        "latitude": 32.7862502,
        "source": "Tourist villages and resorts KML",
        "source_kml": "data/incoming/tourist-villages-resorts.kml",
        "source_record_index": 211,
        "description_ar": "الوصف:\n:",
        "description_en": null,
        "phone": null,
        "email": null,
        "website": null,
        "stars": null,
        "rooms": null,
        "beds": null,
        "units": null,
        "capacity": null,
        "beach_access": null,
        "pool_available": null,
        "restaurant_available": null,
        "parking_available": null,
        "family_friendly": null,
        "status": null,
        "license_status": null,
        "operational_status": null,
        "ownership_type": null,
        "data_quality_status": "low",
        "data_review_status": "integrated",
        "source_image_url": null,
        "source_image_provider": null,
        "source_image_status": "no_image",
        "local_images": [],
        "image_count": 0,
        "created_at": "2026-08-06",
        "updated_at": "2026-08-06",
        "name_score": 1.0,
        "coordinate_score": 1.0,
        "classification_score": 1.0,
        "contact_score": 0.0,
        "capacity_score": 0.0,
        "services_score": 0.0,
        "image_score": 0.0,
        "completeness_score": 0.21,
        "overall_quality_score": 0.43,
        "data_completeness_percent": 21,
        "missing_fields": [
          "municipality",
          "address",
          "contact",
          "rooms",
          "beds",
          "units",
          "capacity",
          "services",
          "license",
          "operation",
          "image"
        ],
        "match_status": "new_feature",
        "coordinate_review_status": "valid",
        "coordinate_change_reason": null,
        "original_coordinates": [
          13.6508755,
          32.7862502
        ]
      },
      "geometry": {
        "type": "Point",
        "coordinates": [
          13.6508755,
          32.7862502
        ]
      }
    },
    {
      "type": "Feature",
      "id": "LY-ACC-RES-NAT-00122",
      "properties": {
        "id": "LY-ACC-RES-NAT-00122",
        "name_ar": "منتجع الماسة السياحي",
        "name_en": null,
        "name_normalized_ar": "منتجعالماسهالسياحي",
        "translation_status": "not_available",
        "category": "القرى والمنتجعات السياحية",
        "subcategory_ar": "تحتاج مراجعة",
        "subcategory_en": "Review required",
        "facility_type_code": "review_required",
        "municipality_ar": null,
        "municipality_en": null,
        "city_ar": null,
        "city_en": null,
        "region_ar": null,
        "region_en": null,
        "address_ar": null,
        "address_en": null,
        "longitude": 13.6526789,
        "latitude": 32.7862274,
        "source": "Tourist villages and resorts KML",
        "source_kml": "data/incoming/tourist-villages-resorts.kml",
        "source_record_index": 212,
        "description_ar": "الوصف:\n:",
        "description_en": null,
        "phone": null,
        "email": null,
        "website": null,
        "stars": null,
        "rooms": null,
        "beds": null,
        "units": null,
        "capacity": null,
        "beach_access": null,
        "pool_available": null,
        "restaurant_available": null,
        "parking_available": null,
        "family_friendly": null,
        "status": null,
        "license_status": null,
        "operational_status": null,
        "ownership_type": null,
        "data_quality_status": "low",
        "data_review_status": "review_required",
        "source_image_url": null,
        "source_image_provider": null,
        "source_image_status": "no_image",
        "local_images": [],
        "image_count": 0,
        "created_at": "2026-08-06",
        "updated_at": "2026-08-06",
        "name_score": 1.0,
        "coordinate_score": 1.0,
        "classification_score": 0.25,
        "contact_score": 0.0,
        "capacity_score": 0.0,
        "services_score": 0.0,
        "image_score": 0.0,
        "completeness_score": 0.14,
        "overall_quality_score": 0.32,
        "data_completeness_percent": 14,
        "missing_fields": [
          "classification",
          "municipality",
          "address",
          "contact",
          "rooms",
          "beds",
          "units",
          "capacity",
          "services",
          "license",
          "operation",
          "image"
        ],
        "match_status": "new_feature",
        "coordinate_review_status": "valid",
        "coordinate_change_reason": null,
        "original_coordinates": [
          13.6526789,
          32.7862274
        ]
      },
      "geometry": {
        "type": "Point",
        "coordinates": [
          13.6526789,
          32.7862274
        ]
      }
    },
    {
      "type": "Feature",
      "id": "LY-ACC-RES-NAT-00123",
      "properties": {
        "id": "LY-ACC-RES-NAT-00123",
        "name_ar": "Compound Rawasi",
        "name_en": null,
        "name_normalized_ar": "compoundrawasi",
        "translation_status": "not_available",
        "category": "القرى والمنتجعات السياحية",
        "subcategory_ar": "تحتاج مراجعة",
        "subcategory_en": "Review required",
        "facility_type_code": "review_required",
        "municipality_ar": null,
        "municipality_en": null,
        "city_ar": null,
        "city_en": null,
        "region_ar": null,
        "region_en": null,
        "address_ar": null,
        "address_en": null,
        "longitude": 13.6547181,
        "latitude": 32.7833752,
        "source": "Tourist villages and resorts KML",
        "source_kml": "data/incoming/tourist-villages-resorts.kml",
        "source_record_index": 213,
        "description_ar": "الوصف:\n:",
        "description_en": null,
        "phone": null,
        "email": null,
        "website": null,
        "stars": null,
        "rooms": null,
        "beds": null,
        "units": null,
        "capacity": null,
        "beach_access": null,
        "pool_available": null,
        "restaurant_available": null,
        "parking_available": null,
        "family_friendly": null,
        "status": null,
        "license_status": null,
        "operational_status": null,
        "ownership_type": null,
        "data_quality_status": "low",
        "data_review_status": "review_required",
        "source_image_url": null,
        "source_image_provider": null,
        "source_image_status": "no_image",
        "local_images": [],
        "image_count": 0,
        "created_at": "2026-08-06",
        "updated_at": "2026-08-06",
        "name_score": 1.0,
        "coordinate_score": 1.0,
        "classification_score": 0.25,
        "contact_score": 0.0,
        "capacity_score": 0.0,
        "services_score": 0.0,
        "image_score": 0.0,
        "completeness_score": 0.14,
        "overall_quality_score": 0.32,
        "data_completeness_percent": 14,
        "missing_fields": [
          "classification",
          "municipality",
          "address",
          "contact",
          "rooms",
          "beds",
          "units",
          "capacity",
          "services",
          "license",
          "operation",
          "image"
        ],
        "match_status": "new_feature",
        "coordinate_review_status": "valid",
        "coordinate_change_reason": null,
        "original_coordinates": [
          13.6547181,
          32.7833752
        ]
      },
      "geometry": {
        "type": "Point",
        "coordinates": [
          13.6547181,
          32.7833752
        ]
      }
    },
    {
      "type": "Feature",
      "id": "LY-ACC-RES-NAT-00124",
      "properties": {
        "id": "LY-ACC-RES-NAT-00124",
        "name_ar": "استراحة فايف قولد ستار",
        "name_en": null,
        "name_normalized_ar": "استراحهفايفقولدستار",
        "translation_status": "not_available",
        "category": "القرى والمنتجعات السياحية",
        "subcategory_ar": "تحتاج مراجعة",
        "subcategory_en": "Review required",
        "facility_type_code": "review_required",
        "municipality_ar": null,
        "municipality_en": null,
        "city_ar": null,
        "city_en": null,
        "region_ar": null,
        "region_en": null,
        "address_ar": null,
        "address_en": null,
        "longitude": 13.6575625,
        "latitude": 32.7848125,
        "source": "Tourist villages and resorts KML",
        "source_kml": "data/incoming/tourist-villages-resorts.kml",
        "source_record_index": 214,
        "description_ar": "الوصف:\n:",
        "description_en": null,
        "phone": null,
        "email": null,
        "website": null,
        "stars": null,
        "rooms": null,
        "beds": null,
        "units": null,
        "capacity": null,
        "beach_access": null,
        "pool_available": null,
        "restaurant_available": null,
        "parking_available": null,
        "family_friendly": null,
        "status": null,
        "license_status": null,
        "operational_status": null,
        "ownership_type": null,
        "data_quality_status": "low",
        "data_review_status": "review_required",
        "source_image_url": null,
        "source_image_provider": null,
        "source_image_status": "no_image",
        "local_images": [],
        "image_count": 0,
        "created_at": "2026-08-06",
        "updated_at": "2026-08-06",
        "name_score": 1.0,
        "coordinate_score": 1.0,
        "classification_score": 0.25,
        "contact_score": 0.0,
        "capacity_score": 0.0,
        "services_score": 0.0,
        "image_score": 0.0,
        "completeness_score": 0.14,
        "overall_quality_score": 0.32,
        "data_completeness_percent": 14,
        "missing_fields": [
          "classification",
          "municipality",
          "address",
          "contact",
          "rooms",
          "beds",
          "units",
          "capacity",
          "services",
          "license",
          "operation",
          "image"
        ],
        "match_status": "new_feature",
        "coordinate_review_status": "valid",
        "coordinate_change_reason": null,
        "original_coordinates": [
          13.6575625,
          32.7848125
        ]
      },
      "geometry": {
        "type": "Point",
        "coordinates": [
          13.6575625,
          32.7848125
        ]
      }
    },
    {
      "type": "Feature",
      "id": "LY-ACC-RES-NAT-00125",
      "properties": {
        "id": "LY-ACC-RES-NAT-00125",
        "name_ar": "استراحة زهرة القويعة",
        "name_en": null,
        "name_normalized_ar": "استراحهزهرهالقويعه",
        "translation_status": "not_available",
        "category": "القرى والمنتجعات السياحية",
        "subcategory_ar": "تحتاج مراجعة",
        "subcategory_en": "Review required",
        "facility_type_code": "review_required",
        "municipality_ar": null,
        "municipality_en": null,
        "city_ar": null,
        "city_en": null,
        "region_ar": null,
        "region_en": null,
        "address_ar": null,
        "address_en": null,
        "longitude": 13.6581392,
        "latitude": 32.7849693,
        "source": "Tourist villages and resorts KML",
        "source_kml": "data/incoming/tourist-villages-resorts.kml",
        "source_record_index": 215,
        "description_ar": "الوصف:\n:",
        "description_en": null,
        "phone": null,
        "email": null,
        "website": null,
        "stars": null,
        "rooms": null,
        "beds": null,
        "units": null,
        "capacity": null,
        "beach_access": null,
        "pool_available": null,
        "restaurant_available": null,
        "parking_available": null,
        "family_friendly": null,
        "status": null,
        "license_status": null,
        "operational_status": null,
        "ownership_type": null,
        "data_quality_status": "low",
        "data_review_status": "review_required",
        "source_image_url": null,
        "source_image_provider": null,
        "source_image_status": "no_image",
        "local_images": [],
        "image_count": 0,
        "created_at": "2026-08-06",
        "updated_at": "2026-08-06",
        "name_score": 1.0,
        "coordinate_score": 1.0,
        "classification_score": 0.25,
        "contact_score": 0.0,
        "capacity_score": 0.0,
        "services_score": 0.0,
        "image_score": 0.0,
        "completeness_score": 0.14,
        "overall_quality_score": 0.32,
        "data_completeness_percent": 14,
        "missing_fields": [
          "classification",
          "municipality",
          "address",
          "contact",
          "rooms",
          "beds",
          "units",
          "capacity",
          "services",
          "license",
          "operation",
          "image"
        ],
        "match_status": "new_feature",
        "coordinate_review_status": "valid",
        "coordinate_change_reason": null,
        "original_coordinates": [
          13.6581392,
          32.7849693
        ]
      },
      "geometry": {
        "type": "Point",
        "coordinates": [
          13.6581392,
          32.7849693
        ]
      }
    },
    {
      "type": "Feature",
      "id": "LY-ACC-RES-NAT-00126",
      "properties": {
        "id": "LY-ACC-RES-NAT-00126",
        "name_ar": "The Twins استراحات التوأم",
        "name_en": null,
        "name_normalized_ar": "thetwinsاستراحاتالتوام",
        "translation_status": "not_available",
        "category": "القرى والمنتجعات السياحية",
        "subcategory_ar": "تحتاج مراجعة",
        "subcategory_en": "Review required",
        "facility_type_code": "review_required",
        "municipality_ar": null,
        "municipality_en": null,
        "city_ar": null,
        "city_en": null,
        "region_ar": null,
        "region_en": null,
        "address_ar": null,
        "address_en": null,
        "longitude": 13.6582634,
        "latitude": 32.7854936,
        "source": "Tourist villages and resorts KML",
        "source_kml": "data/incoming/tourist-villages-resorts.kml",
        "source_record_index": 216,
        "description_ar": "الوصف:\n:",
        "description_en": null,
        "phone": null,
        "email": null,
        "website": null,
        "stars": null,
        "rooms": null,
        "beds": null,
        "units": null,
        "capacity": null,
        "beach_access": null,
        "pool_available": null,
        "restaurant_available": null,
        "parking_available": null,
        "family_friendly": null,
        "status": null,
        "license_status": null,
        "operational_status": null,
        "ownership_type": null,
        "data_quality_status": "low",
        "data_review_status": "review_required",
        "source_image_url": null,
        "source_image_provider": null,
        "source_image_status": "no_image",
        "local_images": [],
        "image_count": 0,
        "created_at": "2026-08-06",
        "updated_at": "2026-08-06",
        "name_score": 1.0,
        "coordinate_score": 1.0,
        "classification_score": 0.25,
        "contact_score": 0.0,
        "capacity_score": 0.0,
        "services_score": 0.0,
        "image_score": 0.0,
        "completeness_score": 0.14,
        "overall_quality_score": 0.32,
        "data_completeness_percent": 14,
        "missing_fields": [
          "classification",
          "municipality",
          "address",
          "contact",
          "rooms",
          "beds",
          "units",
          "capacity",
          "services",
          "license",
          "operation",
          "image"
        ],
        "match_status": "new_feature",
        "coordinate_review_status": "valid",
        "coordinate_change_reason": null,
        "original_coordinates": [
          13.6582634,
          32.7854936
        ]
      },
      "geometry": {
        "type": "Point",
        "coordinates": [
          13.6582634,
          32.7854936
        ]
      }
    },
    {
      "type": "Feature",
      "id": "LY-ACC-RES-NAT-00127",
      "properties": {
        "id": "LY-ACC-RES-NAT-00127",
        "name_ar": "منتجع إيليت",
        "name_en": null,
        "name_normalized_ar": "منتجعايليت",
        "translation_status": "not_available",
        "category": "القرى والمنتجعات السياحية",
        "subcategory_ar": "تحتاج مراجعة",
        "subcategory_en": "Review required",
        "facility_type_code": "review_required",
        "municipality_ar": null,
        "municipality_en": null,
        "city_ar": null,
        "city_en": null,
        "region_ar": null,
        "region_en": null,
        "address_ar": null,
        "address_en": null,
        "longitude": 13.6589592,
        "latitude": 32.7873717,
        "source": "Tourist villages and resorts KML",
        "source_kml": "data/incoming/tourist-villages-resorts.kml",
        "source_record_index": 217,
        "description_ar": "الوصف:\n:",
        "description_en": null,
        "phone": null,
        "email": null,
        "website": null,
        "stars": null,
        "rooms": null,
        "beds": null,
        "units": null,
        "capacity": null,
        "beach_access": null,
        "pool_available": null,
        "restaurant_available": null,
        "parking_available": null,
        "family_friendly": null,
        "status": null,
        "license_status": null,
        "operational_status": null,
        "ownership_type": null,
        "data_quality_status": "low",
        "data_review_status": "review_required",
        "source_image_url": null,
        "source_image_provider": null,
        "source_image_status": "no_image",
        "local_images": [],
        "image_count": 0,
        "created_at": "2026-08-06",
        "updated_at": "2026-08-06",
        "name_score": 1.0,
        "coordinate_score": 1.0,
        "classification_score": 0.25,
        "contact_score": 0.0,
        "capacity_score": 0.0,
        "services_score": 0.0,
        "image_score": 0.0,
        "completeness_score": 0.14,
        "overall_quality_score": 0.32,
        "data_completeness_percent": 14,
        "missing_fields": [
          "classification",
          "municipality",
          "address",
          "contact",
          "rooms",
          "beds",
          "units",
          "capacity",
          "services",
          "license",
          "operation",
          "image"
        ],
        "match_status": "new_feature",
        "coordinate_review_status": "valid",
        "coordinate_change_reason": null,
        "original_coordinates": [
          13.6589592,
          32.7873717
        ]
      },
      "geometry": {
        "type": "Point",
        "coordinates": [
          13.6589592,
          32.7873717
        ]
      }
    },
    {
      "type": "Feature",
      "id": "LY-ACC-RES-NAT-00128",
      "properties": {
        "id": "LY-ACC-RES-NAT-00128",
        "name_ar": "شاليه شمس البحر القره بوللي",
        "name_en": null,
        "name_normalized_ar": "شاليهشمسالبحرالقرهبوللي",
        "translation_status": "not_available",
        "category": "القرى والمنتجعات السياحية",
        "subcategory_ar": "منشأة سياحية أخرى",
        "subcategory_en": "Other tourism accommodation",
        "facility_type_code": "accommodation_resort_other",
        "municipality_ar": null,
        "municipality_en": null,
        "city_ar": null,
        "city_en": null,
        "region_ar": null,
        "region_en": null,
        "address_ar": null,
        "address_en": null,
        "longitude": 13.6593844,
        "latitude": 32.7868362,
        "source": "Tourist villages and resorts KML",
        "source_kml": "data/incoming/tourist-villages-resorts.kml",
        "source_record_index": 218,
        "description_ar": "الوصف:\n:",
        "description_en": null,
        "phone": null,
        "email": null,
        "website": null,
        "stars": null,
        "rooms": null,
        "beds": null,
        "units": null,
        "capacity": null,
        "beach_access": null,
        "pool_available": null,
        "restaurant_available": null,
        "parking_available": null,
        "family_friendly": null,
        "status": null,
        "license_status": null,
        "operational_status": null,
        "ownership_type": null,
        "data_quality_status": "low",
        "data_review_status": "integrated",
        "source_image_url": null,
        "source_image_provider": null,
        "source_image_status": "no_image",
        "local_images": [],
        "image_count": 0,
        "created_at": "2026-08-06",
        "updated_at": "2026-08-06",
        "name_score": 1.0,
        "coordinate_score": 1.0,
        "classification_score": 0.65,
        "contact_score": 0.0,
        "capacity_score": 0.0,
        "services_score": 0.0,
        "image_score": 0.0,
        "completeness_score": 0.21,
        "overall_quality_score": 0.38,
        "data_completeness_percent": 21,
        "missing_fields": [
          "municipality",
          "address",
          "contact",
          "rooms",
          "beds",
          "units",
          "capacity",
          "services",
          "license",
          "operation",
          "image"
        ],
        "match_status": "new_feature",
        "coordinate_review_status": "valid",
        "coordinate_change_reason": null,
        "original_coordinates": [
          13.6593844,
          32.7868362
        ]
      },
      "geometry": {
        "type": "Point",
        "coordinates": [
          13.6593844,
          32.7868362
        ]
      }
    },
    {
      "type": "Feature",
      "id": "LY-ACC-RES-NAT-00129",
      "properties": {
        "id": "LY-ACC-RES-NAT-00129",
        "name_ar": "شاليه النورس",
        "name_en": null,
        "name_normalized_ar": "شاليهالنورس",
        "translation_status": "not_available",
        "category": "القرى والمنتجعات السياحية",
        "subcategory_ar": "منشأة سياحية أخرى",
        "subcategory_en": "Other tourism accommodation",
        "facility_type_code": "accommodation_resort_other",
        "municipality_ar": null,
        "municipality_en": null,
        "city_ar": null,
        "city_en": null,
        "region_ar": null,
        "region_en": null,
        "address_ar": null,
        "address_en": null,
        "longitude": 13.6594867,
        "latitude": 32.7868808,
        "source": "Tourist villages and resorts KML",
        "source_kml": "data/incoming/tourist-villages-resorts.kml",
        "source_record_index": 219,
        "description_ar": "الوصف:\n:",
        "description_en": null,
        "phone": null,
        "email": null,
        "website": null,
        "stars": null,
        "rooms": null,
        "beds": null,
        "units": null,
        "capacity": null,
        "beach_access": null,
        "pool_available": null,
        "restaurant_available": null,
        "parking_available": null,
        "family_friendly": null,
        "status": null,
        "license_status": null,
        "operational_status": null,
        "ownership_type": null,
        "data_quality_status": "low",
        "data_review_status": "integrated",
        "source_image_url": null,
        "source_image_provider": null,
        "source_image_status": "no_image",
        "local_images": [],
        "image_count": 0,
        "created_at": "2026-08-06",
        "updated_at": "2026-08-06",
        "name_score": 1.0,
        "coordinate_score": 1.0,
        "classification_score": 0.65,
        "contact_score": 0.0,
        "capacity_score": 0.0,
        "services_score": 0.0,
        "image_score": 0.0,
        "completeness_score": 0.21,
        "overall_quality_score": 0.38,
        "data_completeness_percent": 21,
        "missing_fields": [
          "municipality",
          "address",
          "contact",
          "rooms",
          "beds",
          "units",
          "capacity",
          "services",
          "license",
          "operation",
          "image"
        ],
        "match_status": "new_feature",
        "coordinate_review_status": "valid",
        "coordinate_change_reason": null,
        "original_coordinates": [
          13.6594867,
          32.7868808
        ]
      },
      "geometry": {
        "type": "Point",
        "coordinates": [
          13.6594867,
          32.7868808
        ]
      }
    },
    {
      "type": "Feature",
      "id": "LY-ACC-RES-NAT-00130",
      "properties": {
        "id": "LY-ACC-RES-NAT-00130",
        "name_ar": "استراحة ديلان",
        "name_en": null,
        "name_normalized_ar": "استراحهديلان",
        "translation_status": "not_available",
        "category": "القرى والمنتجعات السياحية",
        "subcategory_ar": "تحتاج مراجعة",
        "subcategory_en": "Review required",
        "facility_type_code": "review_required",
        "municipality_ar": null,
        "municipality_en": null,
        "city_ar": null,
        "city_en": null,
        "region_ar": null,
        "region_en": null,
        "address_ar": null,
        "address_en": null,
        "longitude": 13.6612993,
        "latitude": 32.7867376,
        "source": "Tourist villages and resorts KML",
        "source_kml": "data/incoming/tourist-villages-resorts.kml",
        "source_record_index": 220,
        "description_ar": "الوصف:\n:",
        "description_en": null,
        "phone": null,
        "email": null,
        "website": null,
        "stars": null,
        "rooms": null,
        "beds": null,
        "units": null,
        "capacity": null,
        "beach_access": null,
        "pool_available": null,
        "restaurant_available": null,
        "parking_available": null,
        "family_friendly": null,
        "status": null,
        "license_status": null,
        "operational_status": null,
        "ownership_type": null,
        "data_quality_status": "low",
        "data_review_status": "review_required",
        "source_image_url": null,
        "source_image_provider": null,
        "source_image_status": "no_image",
        "local_images": [],
        "image_count": 0,
        "created_at": "2026-08-06",
        "updated_at": "2026-08-06",
        "name_score": 1.0,
        "coordinate_score": 1.0,
        "classification_score": 0.25,
        "contact_score": 0.0,
        "capacity_score": 0.0,
        "services_score": 0.0,
        "image_score": 0.0,
        "completeness_score": 0.14,
        "overall_quality_score": 0.32,
        "data_completeness_percent": 14,
        "missing_fields": [
          "classification",
          "municipality",
          "address",
          "contact",
          "rooms",
          "beds",
          "units",
          "capacity",
          "services",
          "license",
          "operation",
          "image"
        ],
        "match_status": "new_feature",
        "coordinate_review_status": "valid",
        "coordinate_change_reason": null,
        "original_coordinates": [
          13.6612993,
          32.7867376
        ]
      },
      "geometry": {
        "type": "Point",
        "coordinates": [
          13.6612993,
          32.7867376
        ]
      }
    },
    {
      "type": "Feature",
      "id": "LY-ACC-RES-NAT-00131",
      "properties": {
        "id": "LY-ACC-RES-NAT-00131",
        "name_ar": "Crown Beach Resort",
        "name_en": null,
        "name_normalized_ar": "crownbeachresort",
        "translation_status": "not_available",
        "category": "القرى والمنتجعات السياحية",
        "subcategory_ar": "منتجع سياحي",
        "subcategory_en": "Tourist resort",
        "facility_type_code": "tourist_resort",
        "municipality_ar": null,
        "municipality_en": null,
        "city_ar": null,
        "city_en": null,
        "region_ar": null,
        "region_en": null,
        "address_ar": null,
        "address_en": null,
        "longitude": 13.6602957,
        "latitude": 32.7878833,
        "source": "Tourist villages and resorts KML",
        "source_kml": "data/incoming/tourist-villages-resorts.kml",
        "source_record_index": 221,
        "description_ar": "الوصف:\n:",
        "description_en": null,
        "phone": null,
        "email": null,
        "website": null,
        "stars": null,
        "rooms": null,
        "beds": null,
        "units": null,
        "capacity": null,
        "beach_access": null,
        "pool_available": null,
        "restaurant_available": null,
        "parking_available": null,
        "family_friendly": null,
        "status": null,
        "license_status": null,
        "operational_status": null,
        "ownership_type": null,
        "data_quality_status": "low",
        "data_review_status": "integrated",
        "source_image_url": null,
        "source_image_provider": null,
        "source_image_status": "no_image",
        "local_images": [],
        "image_count": 0,
        "created_at": "2026-08-06",
        "updated_at": "2026-08-06",
        "name_score": 1.0,
        "coordinate_score": 1.0,
        "classification_score": 1.0,
        "contact_score": 0.0,
        "capacity_score": 0.0,
        "services_score": 0.0,
        "image_score": 0.0,
        "completeness_score": 0.21,
        "overall_quality_score": 0.43,
        "data_completeness_percent": 21,
        "missing_fields": [
          "municipality",
          "address",
          "contact",
          "rooms",
          "beds",
          "units",
          "capacity",
          "services",
          "license",
          "operation",
          "image"
        ],
        "match_status": "new_feature",
        "coordinate_review_status": "valid",
        "coordinate_change_reason": null,
        "original_coordinates": [
          13.6602957,
          32.7878833
        ]
      },
      "geometry": {
        "type": "Point",
        "coordinates": [
          13.6602957,
          32.7878833
        ]
      }
    },
    {
      "type": "Feature",
      "id": "LY-ACC-RES-NAT-00132",
      "properties": {
        "id": "LY-ACC-RES-NAT-00132",
        "name_ar": "Salem Elgamoudi Beach House",
        "name_en": null,
        "name_normalized_ar": "salemelgamoudibeachhouse",
        "translation_status": "not_available",
        "category": "القرى والمنتجعات السياحية",
        "subcategory_ar": "تحتاج مراجعة",
        "subcategory_en": "Review required",
        "facility_type_code": "review_required",
        "municipality_ar": null,
        "municipality_en": null,
        "city_ar": null,
        "city_en": null,
        "region_ar": null,
        "region_en": null,
        "address_ar": null,
        "address_en": null,
        "longitude": 13.6611076,
        "latitude": 32.7873376,
        "source": "Tourist villages and resorts KML",
        "source_kml": "data/incoming/tourist-villages-resorts.kml",
        "source_record_index": 222,
        "description_ar": "الوصف:\n:",
        "description_en": null,
        "phone": null,
        "email": null,
        "website": null,
        "stars": null,
        "rooms": null,
        "beds": null,
        "units": null,
        "capacity": null,
        "beach_access": null,
        "pool_available": null,
        "restaurant_available": null,
        "parking_available": null,
        "family_friendly": null,
        "status": null,
        "license_status": null,
        "operational_status": null,
        "ownership_type": null,
        "data_quality_status": "low",
        "data_review_status": "review_required",
        "source_image_url": null,
        "source_image_provider": null,
        "source_image_status": "no_image",
        "local_images": [],
        "image_count": 0,
        "created_at": "2026-08-06",
        "updated_at": "2026-08-06",
        "name_score": 1.0,
        "coordinate_score": 1.0,
        "classification_score": 0.25,
        "contact_score": 0.0,
        "capacity_score": 0.0,
        "services_score": 0.0,
        "image_score": 0.0,
        "completeness_score": 0.14,
        "overall_quality_score": 0.32,
        "data_completeness_percent": 14,
        "missing_fields": [
          "classification",
          "municipality",
          "address",
          "contact",
          "rooms",
          "beds",
          "units",
          "capacity",
          "services",
          "license",
          "operation",
          "image"
        ],
        "match_status": "new_feature",
        "coordinate_review_status": "valid",
        "coordinate_change_reason": null,
        "original_coordinates": [
          13.6611076,
          32.7873376
        ]
      },
      "geometry": {
        "type": "Point",
        "coordinates": [
          13.6611076,
          32.7873376
        ]
      }
    },
    {
      "type": "Feature",
      "id": "LY-ACC-RES-NAT-00133",
      "properties": {
        "id": "LY-ACC-RES-NAT-00133",
        "name_ar": "Bali s BEACH HOUSE",
        "name_en": null,
        "name_normalized_ar": "balisbeachhouse",
        "translation_status": "not_available",
        "category": "القرى والمنتجعات السياحية",
        "subcategory_ar": "تحتاج مراجعة",
        "subcategory_en": "Review required",
        "facility_type_code": "review_required",
        "municipality_ar": null,
        "municipality_en": null,
        "city_ar": null,
        "city_en": null,
        "region_ar": null,
        "region_en": null,
        "address_ar": null,
        "address_en": null,
        "longitude": 13.6617428,
        "latitude": 32.7872148,
        "source": "Tourist villages and resorts KML",
        "source_kml": "data/incoming/tourist-villages-resorts.kml",
        "source_record_index": 223,
        "description_ar": "الوصف:\n:",
        "description_en": null,
        "phone": null,
        "email": null,
        "website": null,
        "stars": null,
        "rooms": null,
        "beds": null,
        "units": null,
        "capacity": null,
        "beach_access": null,
        "pool_available": null,
        "restaurant_available": null,
        "parking_available": null,
        "family_friendly": null,
        "status": null,
        "license_status": null,
        "operational_status": null,
        "ownership_type": null,
        "data_quality_status": "low",
        "data_review_status": "review_required",
        "source_image_url": null,
        "source_image_provider": null,
        "source_image_status": "no_image",
        "local_images": [],
        "image_count": 0,
        "created_at": "2026-08-06",
        "updated_at": "2026-08-06",
        "name_score": 1.0,
        "coordinate_score": 1.0,
        "classification_score": 0.25,
        "contact_score": 0.0,
        "capacity_score": 0.0,
        "services_score": 0.0,
        "image_score": 0.0,
        "completeness_score": 0.14,
        "overall_quality_score": 0.32,
        "data_completeness_percent": 14,
        "missing_fields": [
          "classification",
          "municipality",
          "address",
          "contact",
          "rooms",
          "beds",
          "units",
          "capacity",
          "services",
          "license",
          "operation",
          "image"
        ],
        "match_status": "new_feature",
        "coordinate_review_status": "valid",
        "coordinate_change_reason": null,
        "original_coordinates": [
          13.6617428,
          32.7872148
        ]
      },
      "geometry": {
        "type": "Point",
        "coordinates": [
          13.6617428,
          32.7872148
        ]
      }
    },
    {
      "type": "Feature",
      "id": "LY-ACC-RES-NAT-00134",
      "properties": {
        "id": "LY-ACC-RES-NAT-00134",
        "name_ar": "Alhady Elmelliti Beach House",
        "name_en": null,
        "name_normalized_ar": "alhadyelmellitibeachhouse",
        "translation_status": "not_available",
        "category": "القرى والمنتجعات السياحية",
        "subcategory_ar": "تحتاج مراجعة",
        "subcategory_en": "Review required",
        "facility_type_code": "review_required",
        "municipality_ar": null,
        "municipality_en": null,
        "city_ar": null,
        "city_en": null,
        "region_ar": null,
        "region_en": null,
        "address_ar": null,
        "address_en": null,
        "longitude": 13.661732,
        "latitude": 32.7878667,
        "source": "Tourist villages and resorts KML",
        "source_kml": "data/incoming/tourist-villages-resorts.kml",
        "source_record_index": 224,
        "description_ar": "الوصف:\n:",
        "description_en": null,
        "phone": null,
        "email": null,
        "website": null,
        "stars": null,
        "rooms": null,
        "beds": null,
        "units": null,
        "capacity": null,
        "beach_access": null,
        "pool_available": null,
        "restaurant_available": null,
        "parking_available": null,
        "family_friendly": null,
        "status": null,
        "license_status": null,
        "operational_status": null,
        "ownership_type": null,
        "data_quality_status": "low",
        "data_review_status": "review_required",
        "source_image_url": null,
        "source_image_provider": null,
        "source_image_status": "no_image",
        "local_images": [],
        "image_count": 0,
        "created_at": "2026-08-06",
        "updated_at": "2026-08-06",
        "name_score": 1.0,
        "coordinate_score": 1.0,
        "classification_score": 0.25,
        "contact_score": 0.0,
        "capacity_score": 0.0,
        "services_score": 0.0,
        "image_score": 0.0,
        "completeness_score": 0.14,
        "overall_quality_score": 0.32,
        "data_completeness_percent": 14,
        "missing_fields": [
          "classification",
          "municipality",
          "address",
          "contact",
          "rooms",
          "beds",
          "units",
          "capacity",
          "services",
          "license",
          "operation",
          "image"
        ],
        "match_status": "new_feature",
        "coordinate_review_status": "valid",
        "coordinate_change_reason": null,
        "original_coordinates": [
          13.661732,
          32.7878667
        ]
      },
      "geometry": {
        "type": "Point",
        "coordinates": [
          13.661732,
          32.7878667
        ]
      }
    },
    {
      "type": "Feature",
      "id": "LY-ACC-RES-NAT-00135",
      "properties": {
        "id": "LY-ACC-RES-NAT-00135",
        "name_ar": "Golden beach village",
        "name_en": null,
        "name_normalized_ar": "goldenbeachvillage",
        "translation_status": "not_available",
        "category": "القرى والمنتجعات السياحية",
        "subcategory_ar": "تحتاج مراجعة",
        "subcategory_en": "Review required",
        "facility_type_code": "review_required",
        "municipality_ar": null,
        "municipality_en": null,
        "city_ar": null,
        "city_en": null,
        "region_ar": null,
        "region_en": null,
        "address_ar": null,
        "address_en": null,
        "longitude": 13.6608737,
        "latitude": 32.7887504,
        "source": "Tourist villages and resorts KML",
        "source_kml": "data/incoming/tourist-villages-resorts.kml",
        "source_record_index": 225,
        "description_ar": "الوصف:\n:",
        "description_en": null,
        "phone": null,
        "email": null,
        "website": null,
        "stars": null,
        "rooms": null,
        "beds": null,
        "units": null,
        "capacity": null,
        "beach_access": null,
        "pool_available": null,
        "restaurant_available": null,
        "parking_available": null,
        "family_friendly": null,
        "status": null,
        "license_status": null,
        "operational_status": null,
        "ownership_type": null,
        "data_quality_status": "low",
        "data_review_status": "review_required",
        "source_image_url": null,
        "source_image_provider": null,
        "source_image_status": "no_image",
        "local_images": [],
        "image_count": 0,
        "created_at": "2026-08-06",
        "updated_at": "2026-08-06",
        "name_score": 1.0,
        "coordinate_score": 1.0,
        "classification_score": 0.25,
        "contact_score": 0.0,
        "capacity_score": 0.0,
        "services_score": 0.0,
        "image_score": 0.0,
        "completeness_score": 0.14,
        "overall_quality_score": 0.32,
        "data_completeness_percent": 14,
        "missing_fields": [
          "classification",
          "municipality",
          "address",
          "contact",
          "rooms",
          "beds",
          "units",
          "capacity",
          "services",
          "license",
          "operation",
          "image"
        ],
        "match_status": "new_feature",
        "coordinate_review_status": "valid",
        "coordinate_change_reason": null,
        "original_coordinates": [
          13.6608737,
          32.7887504
        ]
      },
      "geometry": {
        "type": "Point",
        "coordinates": [
          13.6608737,
          32.7887504
        ]
      }
    },
    {
      "type": "Feature",
      "id": "LY-ACC-RES-NAT-00136",
      "properties": {
        "id": "LY-ACC-RES-NAT-00136",
        "name_ar": "شاطي القره بوللي منطقة القويعة السياحية",
        "name_en": null,
        "name_normalized_ar": "شاطيالقرهبولليمنطقهالقويعهالسياحيه",
        "translation_status": "not_available",
        "category": "القرى والمنتجعات السياحية",
        "subcategory_ar": "تحتاج مراجعة",
        "subcategory_en": "Review required",
        "facility_type_code": "review_required",
        "municipality_ar": null,
        "municipality_en": null,
        "city_ar": null,
        "city_en": null,
        "region_ar": null,
        "region_en": null,
        "address_ar": null,
        "address_en": null,
        "longitude": 13.6653715,
        "latitude": 32.7894088,
        "source": "Tourist villages and resorts KML",
        "source_kml": "data/incoming/tourist-villages-resorts.kml",
        "source_record_index": 226,
        "description_ar": "الوصف:\n:",
        "description_en": null,
        "phone": null,
        "email": null,
        "website": null,
        "stars": null,
        "rooms": null,
        "beds": null,
        "units": null,
        "capacity": null,
        "beach_access": null,
        "pool_available": null,
        "restaurant_available": null,
        "parking_available": null,
        "family_friendly": null,
        "status": null,
        "license_status": null,
        "operational_status": null,
        "ownership_type": null,
        "data_quality_status": "low",
        "data_review_status": "review_required",
        "source_image_url": null,
        "source_image_provider": null,
        "source_image_status": "no_image",
        "local_images": [],
        "image_count": 0,
        "created_at": "2026-08-06",
        "updated_at": "2026-08-06",
        "name_score": 1.0,
        "coordinate_score": 1.0,
        "classification_score": 0.25,
        "contact_score": 0.0,
        "capacity_score": 0.0,
        "services_score": 0.0,
        "image_score": 0.0,
        "completeness_score": 0.14,
        "overall_quality_score": 0.32,
        "data_completeness_percent": 14,
        "missing_fields": [
          "classification",
          "municipality",
          "address",
          "contact",
          "rooms",
          "beds",
          "units",
          "capacity",
          "services",
          "license",
          "operation",
          "image"
        ],
        "match_status": "new_feature",
        "coordinate_review_status": "valid",
        "coordinate_change_reason": null,
        "original_coordinates": [
          13.6653715,
          32.7894088
        ]
      },
      "geometry": {
        "type": "Point",
        "coordinates": [
          13.6653715,
          32.7894088
        ]
      }
    },
    {
      "type": "Feature",
      "id": "LY-ACC-RES-NAT-00137",
      "properties": {
        "id": "LY-ACC-RES-NAT-00137",
        "name_ar": "منتجع كريستال السياحي 1",
        "name_en": null,
        "name_normalized_ar": "منتجعكريستالالسياحي1",
        "translation_status": "not_available",
        "category": "القرى والمنتجعات السياحية",
        "subcategory_ar": "تحتاج مراجعة",
        "subcategory_en": "Review required",
        "facility_type_code": "review_required",
        "municipality_ar": null,
        "municipality_en": null,
        "city_ar": null,
        "city_en": null,
        "region_ar": null,
        "region_en": null,
        "address_ar": null,
        "address_en": null,
        "longitude": 13.6662998,
        "latitude": 32.788138,
        "source": "Tourist villages and resorts KML",
        "source_kml": "data/incoming/tourist-villages-resorts.kml",
        "source_record_index": 227,
        "description_ar": "الوصف:\n:",
        "description_en": null,
        "phone": null,
        "email": null,
        "website": null,
        "stars": null,
        "rooms": null,
        "beds": null,
        "units": null,
        "capacity": null,
        "beach_access": null,
        "pool_available": null,
        "restaurant_available": null,
        "parking_available": null,
        "family_friendly": null,
        "status": null,
        "license_status": null,
        "operational_status": null,
        "ownership_type": null,
        "data_quality_status": "low",
        "data_review_status": "review_required",
        "source_image_url": null,
        "source_image_provider": null,
        "source_image_status": "no_image",
        "local_images": [],
        "image_count": 0,
        "created_at": "2026-08-06",
        "updated_at": "2026-08-06",
        "name_score": 1.0,
        "coordinate_score": 1.0,
        "classification_score": 0.25,
        "contact_score": 0.0,
        "capacity_score": 0.0,
        "services_score": 0.0,
        "image_score": 0.0,
        "completeness_score": 0.14,
        "overall_quality_score": 0.32,
        "data_completeness_percent": 14,
        "missing_fields": [
          "classification",
          "municipality",
          "address",
          "contact",
          "rooms",
          "beds",
          "units",
          "capacity",
          "services",
          "license",
          "operation",
          "image"
        ],
        "match_status": "new_feature",
        "coordinate_review_status": "valid",
        "coordinate_change_reason": null,
        "original_coordinates": [
          13.6662998,
          32.788138
        ]
      },
      "geometry": {
        "type": "Point",
        "coordinates": [
          13.6662998,
          32.788138
        ]
      }
    },
    {
      "type": "Feature",
      "id": "LY-ACC-RES-NAT-00138",
      "properties": {
        "id": "LY-ACC-RES-NAT-00138",
        "name_ar": "استراحة لابلازا -LA PLAZA",
        "name_en": null,
        "name_normalized_ar": "استراحهلابلازاlaplaza",
        "translation_status": "not_available",
        "category": "القرى والمنتجعات السياحية",
        "subcategory_ar": "تحتاج مراجعة",
        "subcategory_en": "Review required",
        "facility_type_code": "review_required",
        "municipality_ar": null,
        "municipality_en": null,
        "city_ar": null,
        "city_en": null,
        "region_ar": null,
        "region_en": null,
        "address_ar": null,
        "address_en": null,
        "longitude": 13.6656029,
        "latitude": 32.7870788,
        "source": "Tourist villages and resorts KML",
        "source_kml": "data/incoming/tourist-villages-resorts.kml",
        "source_record_index": 228,
        "description_ar": "الوصف:\n:",
        "description_en": null,
        "phone": null,
        "email": null,
        "website": null,
        "stars": null,
        "rooms": null,
        "beds": null,
        "units": null,
        "capacity": null,
        "beach_access": null,
        "pool_available": null,
        "restaurant_available": null,
        "parking_available": null,
        "family_friendly": null,
        "status": null,
        "license_status": null,
        "operational_status": null,
        "ownership_type": null,
        "data_quality_status": "low",
        "data_review_status": "review_required",
        "source_image_url": null,
        "source_image_provider": null,
        "source_image_status": "no_image",
        "local_images": [],
        "image_count": 0,
        "created_at": "2026-08-06",
        "updated_at": "2026-08-06",
        "name_score": 1.0,
        "coordinate_score": 1.0,
        "classification_score": 0.25,
        "contact_score": 0.0,
        "capacity_score": 0.0,
        "services_score": 0.0,
        "image_score": 0.0,
        "completeness_score": 0.14,
        "overall_quality_score": 0.32,
        "data_completeness_percent": 14,
        "missing_fields": [
          "classification",
          "municipality",
          "address",
          "contact",
          "rooms",
          "beds",
          "units",
          "capacity",
          "services",
          "license",
          "operation",
          "image"
        ],
        "match_status": "new_feature",
        "coordinate_review_status": "valid",
        "coordinate_change_reason": null,
        "original_coordinates": [
          13.6656029,
          32.7870788
        ]
      },
      "geometry": {
        "type": "Point",
        "coordinates": [
          13.6656029,
          32.7870788
        ]
      }
    },
    {
      "type": "Feature",
      "id": "LY-ACC-RES-NAT-00139",
      "properties": {
        "id": "LY-ACC-RES-NAT-00139",
        "name_ar": "إستراحة القويعة العائلية",
        "name_en": null,
        "name_normalized_ar": "استراحهالقويعهالعايليه",
        "translation_status": "not_available",
        "category": "القرى والمنتجعات السياحية",
        "subcategory_ar": "منتجع عائلي",
        "subcategory_en": "Family resort",
        "facility_type_code": "family_resort",
        "municipality_ar": null,
        "municipality_en": null,
        "city_ar": null,
        "city_en": null,
        "region_ar": null,
        "region_en": null,
        "address_ar": null,
        "address_en": null,
        "longitude": 13.6298483,
        "latitude": 32.7787266,
        "source": "Tourist villages and resorts KML",
        "source_kml": "data/incoming/tourist-villages-resorts.kml",
        "source_record_index": 229,
        "description_ar": "الوصف:\n:",
        "description_en": null,
        "phone": null,
        "email": null,
        "website": null,
        "stars": null,
        "rooms": null,
        "beds": null,
        "units": null,
        "capacity": null,
        "beach_access": null,
        "pool_available": null,
        "restaurant_available": null,
        "parking_available": null,
        "family_friendly": null,
        "status": null,
        "license_status": null,
        "operational_status": null,
        "ownership_type": null,
        "data_quality_status": "low",
        "data_review_status": "integrated",
        "source_image_url": null,
        "source_image_provider": null,
        "source_image_status": "no_image",
        "local_images": [],
        "image_count": 0,
        "created_at": "2026-08-06",
        "updated_at": "2026-08-06",
        "name_score": 1.0,
        "coordinate_score": 1.0,
        "classification_score": 1.0,
        "contact_score": 0.0,
        "capacity_score": 0.0,
        "services_score": 0.0,
        "image_score": 0.0,
        "completeness_score": 0.21,
        "overall_quality_score": 0.43,
        "data_completeness_percent": 21,
        "missing_fields": [
          "municipality",
          "address",
          "contact",
          "rooms",
          "beds",
          "units",
          "capacity",
          "services",
          "license",
          "operation",
          "image"
        ],
        "match_status": "new_feature",
        "coordinate_review_status": "valid",
        "coordinate_change_reason": null,
        "original_coordinates": [
          13.6298483,
          32.7787266
        ]
      },
      "geometry": {
        "type": "Point",
        "coordinates": [
          13.6298483,
          32.7787266
        ]
      }
    },
    {
      "type": "Feature",
      "id": "LY-ACC-RES-NAT-00140",
      "properties": {
        "id": "LY-ACC-RES-NAT-00140",
        "name_ar": "استراحة كازا دولتشي",
        "name_en": null,
        "name_normalized_ar": "استراحهكازادولتشي",
        "translation_status": "not_available",
        "category": "القرى والمنتجعات السياحية",
        "subcategory_ar": "تحتاج مراجعة",
        "subcategory_en": "Review required",
        "facility_type_code": "review_required",
        "municipality_ar": null,
        "municipality_en": null,
        "city_ar": null,
        "city_en": null,
        "region_ar": null,
        "region_en": null,
        "address_ar": null,
        "address_en": null,
        "longitude": 13.6440928,
        "latitude": 32.7799001,
        "source": "Tourist villages and resorts KML",
        "source_kml": "data/incoming/tourist-villages-resorts.kml",
        "source_record_index": 230,
        "description_ar": "الوصف:\n:",
        "description_en": null,
        "phone": null,
        "email": null,
        "website": null,
        "stars": null,
        "rooms": null,
        "beds": null,
        "units": null,
        "capacity": null,
        "beach_access": null,
        "pool_available": null,
        "restaurant_available": null,
        "parking_available": null,
        "family_friendly": null,
        "status": null,
        "license_status": null,
        "operational_status": null,
        "ownership_type": null,
        "data_quality_status": "low",
        "data_review_status": "review_required",
        "source_image_url": null,
        "source_image_provider": null,
        "source_image_status": "no_image",
        "local_images": [],
        "image_count": 0,
        "created_at": "2026-08-06",
        "updated_at": "2026-08-06",
        "name_score": 1.0,
        "coordinate_score": 1.0,
        "classification_score": 0.25,
        "contact_score": 0.0,
        "capacity_score": 0.0,
        "services_score": 0.0,
        "image_score": 0.0,
        "completeness_score": 0.14,
        "overall_quality_score": 0.32,
        "data_completeness_percent": 14,
        "missing_fields": [
          "classification",
          "municipality",
          "address",
          "contact",
          "rooms",
          "beds",
          "units",
          "capacity",
          "services",
          "license",
          "operation",
          "image"
        ],
        "match_status": "new_feature",
        "coordinate_review_status": "valid",
        "coordinate_change_reason": null,
        "original_coordinates": [
          13.6440928,
          32.7799001
        ]
      },
      "geometry": {
        "type": "Point",
        "coordinates": [
          13.6440928,
          32.7799001
        ]
      }
    },
    {
      "type": "Feature",
      "id": "LY-ACC-RES-NAT-00141",
      "properties": {
        "id": "LY-ACC-RES-NAT-00141",
        "name_ar": "استراحات الدلفين الفاخرة 1 و 2 و 3 و4",
        "name_en": null,
        "name_normalized_ar": "استراحاتالدلفينالفاخره1و2و3و4",
        "translation_status": "not_available",
        "category": "القرى والمنتجعات السياحية",
        "subcategory_ar": "تحتاج مراجعة",
        "subcategory_en": "Review required",
        "facility_type_code": "review_required",
        "municipality_ar": null,
        "municipality_en": null,
        "city_ar": null,
        "city_en": null,
        "region_ar": null,
        "region_en": null,
        "address_ar": null,
        "address_en": null,
        "longitude": 13.644618,
        "latitude": 32.7796264,
        "source": "Tourist villages and resorts KML",
        "source_kml": "data/incoming/tourist-villages-resorts.kml",
        "source_record_index": 231,
        "description_ar": "الوصف:\n:",
        "description_en": null,
        "phone": null,
        "email": null,
        "website": null,
        "stars": null,
        "rooms": null,
        "beds": null,
        "units": null,
        "capacity": null,
        "beach_access": null,
        "pool_available": null,
        "restaurant_available": null,
        "parking_available": null,
        "family_friendly": null,
        "status": null,
        "license_status": null,
        "operational_status": null,
        "ownership_type": null,
        "data_quality_status": "low",
        "data_review_status": "review_required",
        "source_image_url": null,
        "source_image_provider": null,
        "source_image_status": "no_image",
        "local_images": [],
        "image_count": 0,
        "created_at": "2026-08-06",
        "updated_at": "2026-08-06",
        "name_score": 1.0,
        "coordinate_score": 1.0,
        "classification_score": 0.25,
        "contact_score": 0.0,
        "capacity_score": 0.0,
        "services_score": 0.0,
        "image_score": 0.0,
        "completeness_score": 0.14,
        "overall_quality_score": 0.32,
        "data_completeness_percent": 14,
        "missing_fields": [
          "classification",
          "municipality",
          "address",
          "contact",
          "rooms",
          "beds",
          "units",
          "capacity",
          "services",
          "license",
          "operation",
          "image"
        ],
        "match_status": "new_feature",
        "coordinate_review_status": "valid",
        "coordinate_change_reason": null,
        "original_coordinates": [
          13.644618,
          32.7796264
        ]
      },
      "geometry": {
        "type": "Point",
        "coordinates": [
          13.644618,
          32.7796264
        ]
      }
    },
    {
      "type": "Feature",
      "id": "LY-ACC-RES-NAT-00142",
      "properties": {
        "id": "LY-ACC-RES-NAT-00142",
        "name_ar": "استراحة ارام للاستجمام العائلي",
        "name_en": null,
        "name_normalized_ar": "استراحهارامللاستجمامالعايلي",
        "translation_status": "not_available",
        "category": "القرى والمنتجعات السياحية",
        "subcategory_ar": "منتجع عائلي",
        "subcategory_en": "Family resort",
        "facility_type_code": "family_resort",
        "municipality_ar": null,
        "municipality_en": null,
        "city_ar": null,
        "city_en": null,
        "region_ar": null,
        "region_en": null,
        "address_ar": null,
        "address_en": null,
        "longitude": 13.6516421,
        "latitude": 32.7806459,
        "source": "Tourist villages and resorts KML",
        "source_kml": "data/incoming/tourist-villages-resorts.kml",
        "source_record_index": 232,
        "description_ar": "الوصف:\n:",
        "description_en": null,
        "phone": null,
        "email": null,
        "website": null,
        "stars": null,
        "rooms": null,
        "beds": null,
        "units": null,
        "capacity": null,
        "beach_access": null,
        "pool_available": null,
        "restaurant_available": null,
        "parking_available": null,
        "family_friendly": null,
        "status": null,
        "license_status": null,
        "operational_status": null,
        "ownership_type": null,
        "data_quality_status": "low",
        "data_review_status": "integrated",
        "source_image_url": null,
        "source_image_provider": null,
        "source_image_status": "no_image",
        "local_images": [],
        "image_count": 0,
        "created_at": "2026-08-06",
        "updated_at": "2026-08-06",
        "name_score": 1.0,
        "coordinate_score": 1.0,
        "classification_score": 1.0,
        "contact_score": 0.0,
        "capacity_score": 0.0,
        "services_score": 0.0,
        "image_score": 0.0,
        "completeness_score": 0.21,
        "overall_quality_score": 0.43,
        "data_completeness_percent": 21,
        "missing_fields": [
          "municipality",
          "address",
          "contact",
          "rooms",
          "beds",
          "units",
          "capacity",
          "services",
          "license",
          "operation",
          "image"
        ],
        "match_status": "new_feature",
        "coordinate_review_status": "valid",
        "coordinate_change_reason": null,
        "original_coordinates": [
          13.6516421,
          32.7806459
        ]
      },
      "geometry": {
        "type": "Point",
        "coordinates": [
          13.6516421,
          32.7806459
        ]
      }
    },
    {
      "type": "Feature",
      "id": "LY-ACC-RES-NAT-00143",
      "properties": {
        "id": "LY-ACC-RES-NAT-00143",
        "name_ar": "Villa Lugano ڤيلا لوچانو",
        "name_en": null,
        "name_normalized_ar": "villaluganoڤيلالوچانو",
        "translation_status": "not_available",
        "category": "القرى والمنتجعات السياحية",
        "subcategory_ar": "تحتاج مراجعة",
        "subcategory_en": "Review required",
        "facility_type_code": "review_required",
        "municipality_ar": null,
        "municipality_en": null,
        "city_ar": null,
        "city_en": null,
        "region_ar": null,
        "region_en": null,
        "address_ar": null,
        "address_en": null,
        "longitude": 13.6731804,
        "latitude": 32.7819916,
        "source": "Tourist villages and resorts KML",
        "source_kml": "data/incoming/tourist-villages-resorts.kml",
        "source_record_index": 233,
        "description_ar": "الوصف:\n:",
        "description_en": null,
        "phone": null,
        "email": null,
        "website": null,
        "stars": null,
        "rooms": null,
        "beds": null,
        "units": null,
        "capacity": null,
        "beach_access": null,
        "pool_available": null,
        "restaurant_available": null,
        "parking_available": null,
        "family_friendly": null,
        "status": null,
        "license_status": null,
        "operational_status": null,
        "ownership_type": null,
        "data_quality_status": "low",
        "data_review_status": "review_required",
        "source_image_url": null,
        "source_image_provider": null,
        "source_image_status": "no_image",
        "local_images": [],
        "image_count": 0,
        "created_at": "2026-08-06",
        "updated_at": "2026-08-06",
        "name_score": 1.0,
        "coordinate_score": 1.0,
        "classification_score": 0.25,
        "contact_score": 0.0,
        "capacity_score": 0.0,
        "services_score": 0.0,
        "image_score": 0.0,
        "completeness_score": 0.14,
        "overall_quality_score": 0.32,
        "data_completeness_percent": 14,
        "missing_fields": [
          "classification",
          "municipality",
          "address",
          "contact",
          "rooms",
          "beds",
          "units",
          "capacity",
          "services",
          "license",
          "operation",
          "image"
        ],
        "match_status": "new_feature",
        "coordinate_review_status": "valid",
        "coordinate_change_reason": null,
        "original_coordinates": [
          13.6731804,
          32.7819916
        ]
      },
      "geometry": {
        "type": "Point",
        "coordinates": [
          13.6731804,
          32.7819916
        ]
      }
    },
    {
      "type": "Feature",
      "id": "LY-ACC-RES-NAT-00144",
      "properties": {
        "id": "LY-ACC-RES-NAT-00144",
        "name_ar": "حلا البحر للعائلات",
        "name_en": null,
        "name_normalized_ar": "حلاالبحرللعايلات",
        "translation_status": "not_available",
        "category": "القرى والمنتجعات السياحية",
        "subcategory_ar": "منتجع عائلي",
        "subcategory_en": "Family resort",
        "facility_type_code": "family_resort",
        "municipality_ar": null,
        "municipality_en": null,
        "city_ar": null,
        "city_en": null,
        "region_ar": null,
        "region_en": null,
        "address_ar": null,
        "address_en": null,
        "longitude": 13.67428,
        "latitude": 32.7840256,
        "source": "Tourist villages and resorts KML",
        "source_kml": "data/incoming/tourist-villages-resorts.kml",
        "source_record_index": 234,
        "description_ar": "الوصف:\n:",
        "description_en": null,
        "phone": null,
        "email": null,
        "website": null,
        "stars": null,
        "rooms": null,
        "beds": null,
        "units": null,
        "capacity": null,
        "beach_access": null,
        "pool_available": null,
        "restaurant_available": null,
        "parking_available": null,
        "family_friendly": null,
        "status": null,
        "license_status": null,
        "operational_status": null,
        "ownership_type": null,
        "data_quality_status": "low",
        "data_review_status": "integrated",
        "source_image_url": null,
        "source_image_provider": null,
        "source_image_status": "no_image",
        "local_images": [],
        "image_count": 0,
        "created_at": "2026-08-06",
        "updated_at": "2026-08-06",
        "name_score": 1.0,
        "coordinate_score": 1.0,
        "classification_score": 1.0,
        "contact_score": 0.0,
        "capacity_score": 0.0,
        "services_score": 0.0,
        "image_score": 0.0,
        "completeness_score": 0.21,
        "overall_quality_score": 0.43,
        "data_completeness_percent": 21,
        "missing_fields": [
          "municipality",
          "address",
          "contact",
          "rooms",
          "beds",
          "units",
          "capacity",
          "services",
          "license",
          "operation",
          "image"
        ],
        "match_status": "new_feature",
        "coordinate_review_status": "valid",
        "coordinate_change_reason": null,
        "original_coordinates": [
          13.67428,
          32.7840256
        ]
      },
      "geometry": {
        "type": "Point",
        "coordinates": [
          13.67428,
          32.7840256
        ]
      }
    },
    {
      "type": "Feature",
      "id": "LY-ACC-RES-NAT-00145",
      "properties": {
        "id": "LY-ACC-RES-NAT-00145",
        "name_ar": "Villa Mia فيلا ميا",
        "name_en": null,
        "name_normalized_ar": "villamiaفيلاميا",
        "translation_status": "not_available",
        "category": "القرى والمنتجعات السياحية",
        "subcategory_ar": "تحتاج مراجعة",
        "subcategory_en": "Review required",
        "facility_type_code": "review_required",
        "municipality_ar": null,
        "municipality_en": null,
        "city_ar": null,
        "city_en": null,
        "region_ar": null,
        "region_en": null,
        "address_ar": null,
        "address_en": null,
        "longitude": 13.6725358,
        "latitude": 32.7828327,
        "source": "Tourist villages and resorts KML",
        "source_kml": "data/incoming/tourist-villages-resorts.kml",
        "source_record_index": 235,
        "description_ar": "الوصف:\n:",
        "description_en": null,
        "phone": null,
        "email": null,
        "website": null,
        "stars": null,
        "rooms": null,
        "beds": null,
        "units": null,
        "capacity": null,
        "beach_access": null,
        "pool_available": null,
        "restaurant_available": null,
        "parking_available": null,
        "family_friendly": null,
        "status": null,
        "license_status": null,
        "operational_status": null,
        "ownership_type": null,
        "data_quality_status": "low",
        "data_review_status": "review_required",
        "source_image_url": null,
        "source_image_provider": null,
        "source_image_status": "no_image",
        "local_images": [],
        "image_count": 0,
        "created_at": "2026-08-06",
        "updated_at": "2026-08-06",
        "name_score": 1.0,
        "coordinate_score": 1.0,
        "classification_score": 0.25,
        "contact_score": 0.0,
        "capacity_score": 0.0,
        "services_score": 0.0,
        "image_score": 0.0,
        "completeness_score": 0.14,
        "overall_quality_score": 0.32,
        "data_completeness_percent": 14,
        "missing_fields": [
          "classification",
          "municipality",
          "address",
          "contact",
          "rooms",
          "beds",
          "units",
          "capacity",
          "services",
          "license",
          "operation",
          "image"
        ],
        "match_status": "new_feature",
        "coordinate_review_status": "valid",
        "coordinate_change_reason": null,
        "original_coordinates": [
          13.6725358,
          32.7828327
        ]
      },
      "geometry": {
        "type": "Point",
        "coordinates": [
          13.6725358,
          32.7828327
        ]
      }
    },
    {
      "type": "Feature",
      "id": "LY-ACC-RES-NAT-00146",
      "properties": {
        "id": "LY-ACC-RES-NAT-00146",
        "name_ar": "لمة العيلة",
        "name_en": null,
        "name_normalized_ar": "لمهالعيله",
        "translation_status": "not_available",
        "category": "القرى والمنتجعات السياحية",
        "subcategory_ar": "تحتاج مراجعة",
        "subcategory_en": "Review required",
        "facility_type_code": "review_required",
        "municipality_ar": null,
        "municipality_en": null,
        "city_ar": null,
        "city_en": null,
        "region_ar": null,
        "region_en": null,
        "address_ar": null,
        "address_en": null,
        "longitude": 13.6730453,
        "latitude": 32.7831857,
        "source": "Tourist villages and resorts KML",
        "source_kml": "data/incoming/tourist-villages-resorts.kml",
        "source_record_index": 236,
        "description_ar": "الوصف:\n:",
        "description_en": null,
        "phone": null,
        "email": null,
        "website": null,
        "stars": null,
        "rooms": null,
        "beds": null,
        "units": null,
        "capacity": null,
        "beach_access": null,
        "pool_available": null,
        "restaurant_available": null,
        "parking_available": null,
        "family_friendly": null,
        "status": null,
        "license_status": null,
        "operational_status": null,
        "ownership_type": null,
        "data_quality_status": "low",
        "data_review_status": "review_required",
        "source_image_url": null,
        "source_image_provider": null,
        "source_image_status": "no_image",
        "local_images": [],
        "image_count": 0,
        "created_at": "2026-08-06",
        "updated_at": "2026-08-06",
        "name_score": 1.0,
        "coordinate_score": 1.0,
        "classification_score": 0.25,
        "contact_score": 0.0,
        "capacity_score": 0.0,
        "services_score": 0.0,
        "image_score": 0.0,
        "completeness_score": 0.14,
        "overall_quality_score": 0.32,
        "data_completeness_percent": 14,
        "missing_fields": [
          "classification",
          "municipality",
          "address",
          "contact",
          "rooms",
          "beds",
          "units",
          "capacity",
          "services",
          "license",
          "operation",
          "image"
        ],
        "match_status": "new_feature",
        "coordinate_review_status": "valid",
        "coordinate_change_reason": null,
        "original_coordinates": [
          13.6730453,
          32.7831857
        ]
      },
      "geometry": {
        "type": "Point",
        "coordinates": [
          13.6730453,
          32.7831857
        ]
      }
    },
    {
      "type": "Feature",
      "id": "LY-ACC-RES-NAT-00147",
      "properties": {
        "id": "LY-ACC-RES-NAT-00147",
        "name_ar": "استراحة نسائم البحر",
        "name_en": null,
        "name_normalized_ar": "استراحهنسايمالبحر",
        "translation_status": "not_available",
        "category": "القرى والمنتجعات السياحية",
        "subcategory_ar": "تحتاج مراجعة",
        "subcategory_en": "Review required",
        "facility_type_code": "review_required",
        "municipality_ar": null,
        "municipality_en": null,
        "city_ar": null,
        "city_en": null,
        "region_ar": null,
        "region_en": null,
        "address_ar": null,
        "address_en": null,
        "longitude": 13.6738807,
        "latitude": 32.7830915,
        "source": "Tourist villages and resorts KML",
        "source_kml": "data/incoming/tourist-villages-resorts.kml",
        "source_record_index": 237,
        "description_ar": "الوصف:\n:",
        "description_en": null,
        "phone": null,
        "email": null,
        "website": null,
        "stars": null,
        "rooms": null,
        "beds": null,
        "units": null,
        "capacity": null,
        "beach_access": null,
        "pool_available": null,
        "restaurant_available": null,
        "parking_available": null,
        "family_friendly": null,
        "status": null,
        "license_status": null,
        "operational_status": null,
        "ownership_type": null,
        "data_quality_status": "low",
        "data_review_status": "review_required",
        "source_image_url": null,
        "source_image_provider": null,
        "source_image_status": "no_image",
        "local_images": [],
        "image_count": 0,
        "created_at": "2026-08-06",
        "updated_at": "2026-08-06",
        "name_score": 1.0,
        "coordinate_score": 1.0,
        "classification_score": 0.25,
        "contact_score": 0.0,
        "capacity_score": 0.0,
        "services_score": 0.0,
        "image_score": 0.0,
        "completeness_score": 0.14,
        "overall_quality_score": 0.32,
        "data_completeness_percent": 14,
        "missing_fields": [
          "classification",
          "municipality",
          "address",
          "contact",
          "rooms",
          "beds",
          "units",
          "capacity",
          "services",
          "license",
          "operation",
          "image"
        ],
        "match_status": "new_feature",
        "coordinate_review_status": "valid",
        "coordinate_change_reason": null,
        "original_coordinates": [
          13.6738807,
          32.7830915
        ]
      },
      "geometry": {
        "type": "Point",
        "coordinates": [
          13.6738807,
          32.7830915
        ]
      }
    },
    {
      "type": "Feature",
      "id": "LY-ACC-RES-NAT-00148",
      "properties": {
        "id": "LY-ACC-RES-NAT-00148",
        "name_ar": "Villa golden star",
        "name_en": null,
        "name_normalized_ar": "villagoldenstar",
        "translation_status": "not_available",
        "category": "القرى والمنتجعات السياحية",
        "subcategory_ar": "تحتاج مراجعة",
        "subcategory_en": "Review required",
        "facility_type_code": "review_required",
        "municipality_ar": null,
        "municipality_en": null,
        "city_ar": null,
        "city_en": null,
        "region_ar": null,
        "region_en": null,
        "address_ar": null,
        "address_en": null,
        "longitude": 13.6735125,
        "latitude": 32.7822272,
        "source": "Tourist villages and resorts KML",
        "source_kml": "data/incoming/tourist-villages-resorts.kml",
        "source_record_index": 238,
        "description_ar": "الوصف:\n:",
        "description_en": null,
        "phone": null,
        "email": null,
        "website": null,
        "stars": null,
        "rooms": null,
        "beds": null,
        "units": null,
        "capacity": null,
        "beach_access": null,
        "pool_available": null,
        "restaurant_available": null,
        "parking_available": null,
        "family_friendly": null,
        "status": null,
        "license_status": null,
        "operational_status": null,
        "ownership_type": null,
        "data_quality_status": "low",
        "data_review_status": "review_required",
        "source_image_url": null,
        "source_image_provider": null,
        "source_image_status": "no_image",
        "local_images": [],
        "image_count": 0,
        "created_at": "2026-08-06",
        "updated_at": "2026-08-06",
        "name_score": 1.0,
        "coordinate_score": 1.0,
        "classification_score": 0.25,
        "contact_score": 0.0,
        "capacity_score": 0.0,
        "services_score": 0.0,
        "image_score": 0.0,
        "completeness_score": 0.14,
        "overall_quality_score": 0.32,
        "data_completeness_percent": 14,
        "missing_fields": [
          "classification",
          "municipality",
          "address",
          "contact",
          "rooms",
          "beds",
          "units",
          "capacity",
          "services",
          "license",
          "operation",
          "image"
        ],
        "match_status": "new_feature",
        "coordinate_review_status": "valid",
        "coordinate_change_reason": null,
        "original_coordinates": [
          13.6735125,
          32.7822272
        ]
      },
      "geometry": {
        "type": "Point",
        "coordinates": [
          13.6735125,
          32.7822272
        ]
      }
    },
    {
      "type": "Feature",
      "id": "LY-ACC-RES-NAT-00149",
      "properties": {
        "id": "LY-ACC-RES-NAT-00149",
        "name_ar": "فيلا الصاري العائلية",
        "name_en": null,
        "name_normalized_ar": "فيلاالصاريالعايليه",
        "translation_status": "not_available",
        "category": "القرى والمنتجعات السياحية",
        "subcategory_ar": "منتجع عائلي",
        "subcategory_en": "Family resort",
        "facility_type_code": "family_resort",
        "municipality_ar": null,
        "municipality_en": null,
        "city_ar": null,
        "city_en": null,
        "region_ar": null,
        "region_en": null,
        "address_ar": null,
        "address_en": null,
        "longitude": 13.6740388,
        "latitude": 32.7819255,
        "source": "Tourist villages and resorts KML",
        "source_kml": "data/incoming/tourist-villages-resorts.kml",
        "source_record_index": 239,
        "description_ar": "الوصف:\n:",
        "description_en": null,
        "phone": null,
        "email": null,
        "website": null,
        "stars": null,
        "rooms": null,
        "beds": null,
        "units": null,
        "capacity": null,
        "beach_access": null,
        "pool_available": null,
        "restaurant_available": null,
        "parking_available": null,
        "family_friendly": null,
        "status": null,
        "license_status": null,
        "operational_status": null,
        "ownership_type": null,
        "data_quality_status": "low",
        "data_review_status": "integrated",
        "source_image_url": null,
        "source_image_provider": null,
        "source_image_status": "no_image",
        "local_images": [],
        "image_count": 0,
        "created_at": "2026-08-06",
        "updated_at": "2026-08-06",
        "name_score": 1.0,
        "coordinate_score": 1.0,
        "classification_score": 1.0,
        "contact_score": 0.0,
        "capacity_score": 0.0,
        "services_score": 0.0,
        "image_score": 0.0,
        "completeness_score": 0.21,
        "overall_quality_score": 0.43,
        "data_completeness_percent": 21,
        "missing_fields": [
          "municipality",
          "address",
          "contact",
          "rooms",
          "beds",
          "units",
          "capacity",
          "services",
          "license",
          "operation",
          "image"
        ],
        "match_status": "new_feature",
        "coordinate_review_status": "valid",
        "coordinate_change_reason": null,
        "original_coordinates": [
          13.6740388,
          32.7819255
        ]
      },
      "geometry": {
        "type": "Point",
        "coordinates": [
          13.6740388,
          32.7819255
        ]
      }
    },
    {
      "type": "Feature",
      "id": "LY-ACC-RES-NAT-00150",
      "properties": {
        "id": "LY-ACC-RES-NAT-00150",
        "name_ar": "بيت الصبار",
        "name_en": null,
        "name_normalized_ar": "بيتالصبار",
        "translation_status": "not_available",
        "category": "القرى والمنتجعات السياحية",
        "subcategory_ar": "تحتاج مراجعة",
        "subcategory_en": "Review required",
        "facility_type_code": "review_required",
        "municipality_ar": null,
        "municipality_en": null,
        "city_ar": null,
        "city_en": null,
        "region_ar": null,
        "region_en": null,
        "address_ar": null,
        "address_en": null,
        "longitude": 13.6725336,
        "latitude": 32.7807619,
        "source": "Tourist villages and resorts KML",
        "source_kml": "data/incoming/tourist-villages-resorts.kml",
        "source_record_index": 240,
        "description_ar": "الوصف:\n:",
        "description_en": null,
        "phone": null,
        "email": null,
        "website": null,
        "stars": null,
        "rooms": null,
        "beds": null,
        "units": null,
        "capacity": null,
        "beach_access": null,
        "pool_available": null,
        "restaurant_available": null,
        "parking_available": null,
        "family_friendly": null,
        "status": null,
        "license_status": null,
        "operational_status": null,
        "ownership_type": null,
        "data_quality_status": "low",
        "data_review_status": "review_required",
        "source_image_url": null,
        "source_image_provider": null,
        "source_image_status": "no_image",
        "local_images": [],
        "image_count": 0,
        "created_at": "2026-08-06",
        "updated_at": "2026-08-06",
        "name_score": 1.0,
        "coordinate_score": 1.0,
        "classification_score": 0.25,
        "contact_score": 0.0,
        "capacity_score": 0.0,
        "services_score": 0.0,
        "image_score": 0.0,
        "completeness_score": 0.14,
        "overall_quality_score": 0.32,
        "data_completeness_percent": 14,
        "missing_fields": [
          "classification",
          "municipality",
          "address",
          "contact",
          "rooms",
          "beds",
          "units",
          "capacity",
          "services",
          "license",
          "operation",
          "image"
        ],
        "match_status": "new_feature",
        "coordinate_review_status": "valid",
        "coordinate_change_reason": null,
        "original_coordinates": [
          13.6725336,
          32.7807619
        ]
      },
      "geometry": {
        "type": "Point",
        "coordinates": [
          13.6725336,
          32.7807619
        ]
      }
    },
    {
      "type": "Feature",
      "id": "LY-ACC-RES-NAT-00151",
      "properties": {
        "id": "LY-ACC-RES-NAT-00151",
        "name_ar": "فيلا الشاهين",
        "name_en": null,
        "name_normalized_ar": "فيلاالشاهين",
        "translation_status": "not_available",
        "category": "القرى والمنتجعات السياحية",
        "subcategory_ar": "تحتاج مراجعة",
        "subcategory_en": "Review required",
        "facility_type_code": "review_required",
        "municipality_ar": null,
        "municipality_en": null,
        "city_ar": null,
        "city_en": null,
        "region_ar": null,
        "region_en": null,
        "address_ar": null,
        "address_en": null,
        "longitude": 13.6727762,
        "latitude": 32.7809974,
        "source": "Tourist villages and resorts KML",
        "source_kml": "data/incoming/tourist-villages-resorts.kml",
        "source_record_index": 241,
        "description_ar": "الوصف:\n:",
        "description_en": null,
        "phone": null,
        "email": null,
        "website": null,
        "stars": null,
        "rooms": null,
        "beds": null,
        "units": null,
        "capacity": null,
        "beach_access": null,
        "pool_available": null,
        "restaurant_available": null,
        "parking_available": null,
        "family_friendly": null,
        "status": null,
        "license_status": null,
        "operational_status": null,
        "ownership_type": null,
        "data_quality_status": "low",
        "data_review_status": "review_required",
        "source_image_url": null,
        "source_image_provider": null,
        "source_image_status": "no_image",
        "local_images": [],
        "image_count": 0,
        "created_at": "2026-08-06",
        "updated_at": "2026-08-06",
        "name_score": 1.0,
        "coordinate_score": 1.0,
        "classification_score": 0.25,
        "contact_score": 0.0,
        "capacity_score": 0.0,
        "services_score": 0.0,
        "image_score": 0.0,
        "completeness_score": 0.14,
        "overall_quality_score": 0.32,
        "data_completeness_percent": 14,
        "missing_fields": [
          "classification",
          "municipality",
          "address",
          "contact",
          "rooms",
          "beds",
          "units",
          "capacity",
          "services",
          "license",
          "operation",
          "image"
        ],
        "match_status": "new_feature",
        "coordinate_review_status": "valid",
        "coordinate_change_reason": null,
        "original_coordinates": [
          13.6727762,
          32.7809974
        ]
      },
      "geometry": {
        "type": "Point",
        "coordinates": [
          13.6727762,
          32.7809974
        ]
      }
    },
    {
      "type": "Feature",
      "id": "LY-ACC-RES-NAT-00152",
      "properties": {
        "id": "LY-ACC-RES-NAT-00152",
        "name_ar": "Hesham Al Askari Marine Rest House",
        "name_en": null,
        "name_normalized_ar": "heshamalaskarimarineresthouse",
        "translation_status": "not_available",
        "category": "القرى والمنتجعات السياحية",
        "subcategory_ar": "تحتاج مراجعة",
        "subcategory_en": "Review required",
        "facility_type_code": "review_required",
        "municipality_ar": null,
        "municipality_en": null,
        "city_ar": null,
        "city_en": null,
        "region_ar": null,
        "region_en": null,
        "address_ar": null,
        "address_en": null,
        "longitude": 13.6726534,
        "latitude": 32.7828317,
        "source": "Tourist villages and resorts KML",
        "source_kml": "data/incoming/tourist-villages-resorts.kml",
        "source_record_index": 242,
        "description_ar": "الوصف:\n:",
        "description_en": null,
        "phone": null,
        "email": null,
        "website": null,
        "stars": null,
        "rooms": null,
        "beds": null,
        "units": null,
        "capacity": null,
        "beach_access": null,
        "pool_available": null,
        "restaurant_available": null,
        "parking_available": null,
        "family_friendly": null,
        "status": null,
        "license_status": null,
        "operational_status": null,
        "ownership_type": null,
        "data_quality_status": "low",
        "data_review_status": "review_required",
        "source_image_url": null,
        "source_image_provider": null,
        "source_image_status": "no_image",
        "local_images": [],
        "image_count": 0,
        "created_at": "2026-08-06",
        "updated_at": "2026-08-06",
        "name_score": 1.0,
        "coordinate_score": 1.0,
        "classification_score": 0.25,
        "contact_score": 0.0,
        "capacity_score": 0.0,
        "services_score": 0.0,
        "image_score": 0.0,
        "completeness_score": 0.14,
        "overall_quality_score": 0.32,
        "data_completeness_percent": 14,
        "missing_fields": [
          "classification",
          "municipality",
          "address",
          "contact",
          "rooms",
          "beds",
          "units",
          "capacity",
          "services",
          "license",
          "operation",
          "image"
        ],
        "match_status": "new_feature",
        "coordinate_review_status": "valid",
        "coordinate_change_reason": null,
        "original_coordinates": [
          13.6726534,
          32.7828317
        ]
      },
      "geometry": {
        "type": "Point",
        "coordinates": [
          13.6726534,
          32.7828317
        ]
      }
    },
    {
      "type": "Feature",
      "id": "LY-ACC-RES-NAT-00153",
      "properties": {
        "id": "LY-ACC-RES-NAT-00153",
        "name_ar": "La Coral",
        "name_en": null,
        "name_normalized_ar": "lacoral",
        "translation_status": "not_available",
        "category": "القرى والمنتجعات السياحية",
        "subcategory_ar": "تحتاج مراجعة",
        "subcategory_en": "Review required",
        "facility_type_code": "review_required",
        "municipality_ar": null,
        "municipality_en": null,
        "city_ar": null,
        "city_en": null,
        "region_ar": null,
        "region_en": null,
        "address_ar": null,
        "address_en": null,
        "longitude": 13.6731743,
        "latitude": 32.7829974,
        "source": "Tourist villages and resorts KML",
        "source_kml": "data/incoming/tourist-villages-resorts.kml",
        "source_record_index": 243,
        "description_ar": "الوصف:\n:",
        "description_en": null,
        "phone": null,
        "email": null,
        "website": null,
        "stars": null,
        "rooms": null,
        "beds": null,
        "units": null,
        "capacity": null,
        "beach_access": null,
        "pool_available": null,
        "restaurant_available": null,
        "parking_available": null,
        "family_friendly": null,
        "status": null,
        "license_status": null,
        "operational_status": null,
        "ownership_type": null,
        "data_quality_status": "low",
        "data_review_status": "review_required",
        "source_image_url": null,
        "source_image_provider": null,
        "source_image_status": "no_image",
        "local_images": [],
        "image_count": 0,
        "created_at": "2026-08-06",
        "updated_at": "2026-08-06",
        "name_score": 1.0,
        "coordinate_score": 1.0,
        "classification_score": 0.25,
        "contact_score": 0.0,
        "capacity_score": 0.0,
        "services_score": 0.0,
        "image_score": 0.0,
        "completeness_score": 0.14,
        "overall_quality_score": 0.32,
        "data_completeness_percent": 14,
        "missing_fields": [
          "classification",
          "municipality",
          "address",
          "contact",
          "rooms",
          "beds",
          "units",
          "capacity",
          "services",
          "license",
          "operation",
          "image"
        ],
        "match_status": "new_feature",
        "coordinate_review_status": "valid",
        "coordinate_change_reason": null,
        "original_coordinates": [
          13.6731743,
          32.7829974
        ]
      },
      "geometry": {
        "type": "Point",
        "coordinates": [
          13.6731743,
          32.7829974
        ]
      }
    },
    {
      "type": "Feature",
      "id": "LY-ACC-RES-NAT-00154",
      "properties": {
        "id": "LY-ACC-RES-NAT-00154",
        "name_ar": "استراحة شمس للعائلات",
        "name_en": null,
        "name_normalized_ar": "استراحهشمسللعايلات",
        "translation_status": "not_available",
        "category": "القرى والمنتجعات السياحية",
        "subcategory_ar": "منتجع عائلي",
        "subcategory_en": "Family resort",
        "facility_type_code": "family_resort",
        "municipality_ar": null,
        "municipality_en": null,
        "city_ar": null,
        "city_en": null,
        "region_ar": null,
        "region_en": null,
        "address_ar": null,
        "address_en": null,
        "longitude": 13.6739304,
        "latitude": 32.7839781,
        "source": "Tourist villages and resorts KML",
        "source_kml": "data/incoming/tourist-villages-resorts.kml",
        "source_record_index": 244,
        "description_ar": "الوصف:\n:",
        "description_en": null,
        "phone": null,
        "email": null,
        "website": null,
        "stars": null,
        "rooms": null,
        "beds": null,
        "units": null,
        "capacity": null,
        "beach_access": null,
        "pool_available": null,
        "restaurant_available": null,
        "parking_available": null,
        "family_friendly": null,
        "status": null,
        "license_status": null,
        "operational_status": null,
        "ownership_type": null,
        "data_quality_status": "low",
        "data_review_status": "integrated",
        "source_image_url": null,
        "source_image_provider": null,
        "source_image_status": "no_image",
        "local_images": [],
        "image_count": 0,
        "created_at": "2026-08-06",
        "updated_at": "2026-08-06",
        "name_score": 1.0,
        "coordinate_score": 1.0,
        "classification_score": 1.0,
        "contact_score": 0.0,
        "capacity_score": 0.0,
        "services_score": 0.0,
        "image_score": 0.0,
        "completeness_score": 0.21,
        "overall_quality_score": 0.43,
        "data_completeness_percent": 21,
        "missing_fields": [
          "municipality",
          "address",
          "contact",
          "rooms",
          "beds",
          "units",
          "capacity",
          "services",
          "license",
          "operation",
          "image"
        ],
        "match_status": "new_feature",
        "coordinate_review_status": "valid",
        "coordinate_change_reason": null,
        "original_coordinates": [
          13.6739304,
          32.7839781
        ]
      },
      "geometry": {
        "type": "Point",
        "coordinates": [
          13.6739304,
          32.7839781
        ]
      }
    },
    {
      "type": "Feature",
      "id": "LY-ACC-RES-NAT-00155",
      "properties": {
        "id": "LY-ACC-RES-NAT-00155",
        "name_ar": "فيلا ملكة A",
        "name_en": null,
        "name_normalized_ar": "فيلاملكهa",
        "translation_status": "not_available",
        "category": "القرى والمنتجعات السياحية",
        "subcategory_ar": "تحتاج مراجعة",
        "subcategory_en": "Review required",
        "facility_type_code": "review_required",
        "municipality_ar": null,
        "municipality_en": null,
        "city_ar": null,
        "city_en": null,
        "region_ar": null,
        "region_en": null,
        "address_ar": null,
        "address_en": null,
        "longitude": 13.6732969,
        "latitude": 32.7850625,
        "source": "Tourist villages and resorts KML",
        "source_kml": "data/incoming/tourist-villages-resorts.kml",
        "source_record_index": 245,
        "description_ar": "الوصف:\n:",
        "description_en": null,
        "phone": null,
        "email": null,
        "website": null,
        "stars": null,
        "rooms": null,
        "beds": null,
        "units": null,
        "capacity": null,
        "beach_access": null,
        "pool_available": null,
        "restaurant_available": null,
        "parking_available": null,
        "family_friendly": null,
        "status": null,
        "license_status": null,
        "operational_status": null,
        "ownership_type": null,
        "data_quality_status": "low",
        "data_review_status": "review_required",
        "source_image_url": null,
        "source_image_provider": null,
        "source_image_status": "no_image",
        "local_images": [],
        "image_count": 0,
        "created_at": "2026-08-06",
        "updated_at": "2026-08-06",
        "name_score": 1.0,
        "coordinate_score": 1.0,
        "classification_score": 0.25,
        "contact_score": 0.0,
        "capacity_score": 0.0,
        "services_score": 0.0,
        "image_score": 0.0,
        "completeness_score": 0.14,
        "overall_quality_score": 0.32,
        "data_completeness_percent": 14,
        "missing_fields": [
          "classification",
          "municipality",
          "address",
          "contact",
          "rooms",
          "beds",
          "units",
          "capacity",
          "services",
          "license",
          "operation",
          "image"
        ],
        "match_status": "new_feature",
        "coordinate_review_status": "valid",
        "coordinate_change_reason": null,
        "original_coordinates": [
          13.6732969,
          32.7850625
        ]
      },
      "geometry": {
        "type": "Point",
        "coordinates": [
          13.6732969,
          32.7850625
        ]
      }
    },
    {
      "type": "Feature",
      "id": "LY-ACC-RES-NAT-00156",
      "properties": {
        "id": "LY-ACC-RES-NAT-00156",
        "name_ar": "فيلا غسق",
        "name_en": null,
        "name_normalized_ar": "فيلاغسق",
        "translation_status": "not_available",
        "category": "القرى والمنتجعات السياحية",
        "subcategory_ar": "تحتاج مراجعة",
        "subcategory_en": "Review required",
        "facility_type_code": "review_required",
        "municipality_ar": null,
        "municipality_en": null,
        "city_ar": null,
        "city_en": null,
        "region_ar": null,
        "region_en": null,
        "address_ar": null,
        "address_en": null,
        "longitude": 13.6727871,
        "latitude": 32.7851295,
        "source": "Tourist villages and resorts KML",
        "source_kml": "data/incoming/tourist-villages-resorts.kml",
        "source_record_index": 246,
        "description_ar": "الوصف:\n:",
        "description_en": null,
        "phone": null,
        "email": null,
        "website": null,
        "stars": null,
        "rooms": null,
        "beds": null,
        "units": null,
        "capacity": null,
        "beach_access": null,
        "pool_available": null,
        "restaurant_available": null,
        "parking_available": null,
        "family_friendly": null,
        "status": null,
        "license_status": null,
        "operational_status": null,
        "ownership_type": null,
        "data_quality_status": "low",
        "data_review_status": "review_required",
        "source_image_url": null,
        "source_image_provider": null,
        "source_image_status": "no_image",
        "local_images": [],
        "image_count": 0,
        "created_at": "2026-08-06",
        "updated_at": "2026-08-06",
        "name_score": 1.0,
        "coordinate_score": 1.0,
        "classification_score": 0.25,
        "contact_score": 0.0,
        "capacity_score": 0.0,
        "services_score": 0.0,
        "image_score": 0.0,
        "completeness_score": 0.14,
        "overall_quality_score": 0.32,
        "data_completeness_percent": 14,
        "missing_fields": [
          "classification",
          "municipality",
          "address",
          "contact",
          "rooms",
          "beds",
          "units",
          "capacity",
          "services",
          "license",
          "operation",
          "image"
        ],
        "match_status": "new_feature",
        "coordinate_review_status": "valid",
        "coordinate_change_reason": null,
        "original_coordinates": [
          13.6727871,
          32.7851295
        ]
      },
      "geometry": {
        "type": "Point",
        "coordinates": [
          13.6727871,
          32.7851295
        ]
      }
    },
    {
      "type": "Feature",
      "id": "LY-ACC-RES-NAT-00157",
      "properties": {
        "id": "LY-ACC-RES-NAT-00157",
        "name_ar": "فيلا روعة",
        "name_en": null,
        "name_normalized_ar": "فيلاروعه",
        "translation_status": "not_available",
        "category": "القرى والمنتجعات السياحية",
        "subcategory_ar": "تحتاج مراجعة",
        "subcategory_en": "Review required",
        "facility_type_code": "review_required",
        "municipality_ar": null,
        "municipality_en": null,
        "city_ar": null,
        "city_en": null,
        "region_ar": null,
        "region_en": null,
        "address_ar": null,
        "address_en": null,
        "longitude": 13.6733222,
        "latitude": 32.7853858,
        "source": "Tourist villages and resorts KML",
        "source_kml": "data/incoming/tourist-villages-resorts.kml",
        "source_record_index": 247,
        "description_ar": "الوصف:\n:",
        "description_en": null,
        "phone": null,
        "email": null,
        "website": null,
        "stars": null,
        "rooms": null,
        "beds": null,
        "units": null,
        "capacity": null,
        "beach_access": null,
        "pool_available": null,
        "restaurant_available": null,
        "parking_available": null,
        "family_friendly": null,
        "status": null,
        "license_status": null,
        "operational_status": null,
        "ownership_type": null,
        "data_quality_status": "low",
        "data_review_status": "review_required",
        "source_image_url": null,
        "source_image_provider": null,
        "source_image_status": "no_image",
        "local_images": [],
        "image_count": 0,
        "created_at": "2026-08-06",
        "updated_at": "2026-08-06",
        "name_score": 1.0,
        "coordinate_score": 1.0,
        "classification_score": 0.25,
        "contact_score": 0.0,
        "capacity_score": 0.0,
        "services_score": 0.0,
        "image_score": 0.0,
        "completeness_score": 0.14,
        "overall_quality_score": 0.32,
        "data_completeness_percent": 14,
        "missing_fields": [
          "classification",
          "municipality",
          "address",
          "contact",
          "rooms",
          "beds",
          "units",
          "capacity",
          "services",
          "license",
          "operation",
          "image"
        ],
        "match_status": "new_feature",
        "coordinate_review_status": "valid",
        "coordinate_change_reason": null,
        "original_coordinates": [
          13.6733222,
          32.7853858
        ]
      },
      "geometry": {
        "type": "Point",
        "coordinates": [
          13.6733222,
          32.7853858
        ]
      }
    },
    {
      "type": "Feature",
      "id": "LY-ACC-RES-NAT-00158",
      "properties": {
        "id": "LY-ACC-RES-NAT-00158",
        "name_ar": "شاليه قطر الندى",
        "name_en": null,
        "name_normalized_ar": "شاليهقطرالندي",
        "translation_status": "not_available",
        "category": "القرى والمنتجعات السياحية",
        "subcategory_ar": "منشأة سياحية أخرى",
        "subcategory_en": "Other tourism accommodation",
        "facility_type_code": "accommodation_resort_other",
        "municipality_ar": null,
        "municipality_en": null,
        "city_ar": null,
        "city_en": null,
        "region_ar": null,
        "region_en": null,
        "address_ar": null,
        "address_en": null,
        "longitude": 13.6721823,
        "latitude": 32.785773,
        "source": "Tourist villages and resorts KML",
        "source_kml": "data/incoming/tourist-villages-resorts.kml",
        "source_record_index": 248,
        "description_ar": "الوصف:\n:",
        "description_en": null,
        "phone": null,
        "email": null,
        "website": null,
        "stars": null,
        "rooms": null,
        "beds": null,
        "units": null,
        "capacity": null,
        "beach_access": null,
        "pool_available": null,
        "restaurant_available": null,
        "parking_available": null,
        "family_friendly": null,
        "status": null,
        "license_status": null,
        "operational_status": null,
        "ownership_type": null,
        "data_quality_status": "low",
        "data_review_status": "integrated",
        "source_image_url": null,
        "source_image_provider": null,
        "source_image_status": "no_image",
        "local_images": [],
        "image_count": 0,
        "created_at": "2026-08-06",
        "updated_at": "2026-08-06",
        "name_score": 1.0,
        "coordinate_score": 1.0,
        "classification_score": 0.65,
        "contact_score": 0.0,
        "capacity_score": 0.0,
        "services_score": 0.0,
        "image_score": 0.0,
        "completeness_score": 0.21,
        "overall_quality_score": 0.38,
        "data_completeness_percent": 21,
        "missing_fields": [
          "municipality",
          "address",
          "contact",
          "rooms",
          "beds",
          "units",
          "capacity",
          "services",
          "license",
          "operation",
          "image"
        ],
        "match_status": "new_feature",
        "coordinate_review_status": "valid",
        "coordinate_change_reason": null,
        "original_coordinates": [
          13.6721823,
          32.785773
        ]
      },
      "geometry": {
        "type": "Point",
        "coordinates": [
          13.6721823,
          32.785773
        ]
      }
    },
    {
      "type": "Feature",
      "id": "LY-ACC-RES-NAT-00159",
      "properties": {
        "id": "LY-ACC-RES-NAT-00159",
        "name_ar": "النوران العائلية",
        "name_en": null,
        "name_normalized_ar": "النورانالعايليه",
        "translation_status": "not_available",
        "category": "القرى والمنتجعات السياحية",
        "subcategory_ar": "منتجع عائلي",
        "subcategory_en": "Family resort",
        "facility_type_code": "family_resort",
        "municipality_ar": null,
        "municipality_en": null,
        "city_ar": null,
        "city_en": null,
        "region_ar": null,
        "region_en": null,
        "address_ar": null,
        "address_en": null,
        "longitude": 13.6726472,
        "latitude": 32.7859939,
        "source": "Tourist villages and resorts KML",
        "source_kml": "data/incoming/tourist-villages-resorts.kml",
        "source_record_index": 249,
        "description_ar": "الوصف:\n:",
        "description_en": null,
        "phone": null,
        "email": null,
        "website": null,
        "stars": null,
        "rooms": null,
        "beds": null,
        "units": null,
        "capacity": null,
        "beach_access": null,
        "pool_available": null,
        "restaurant_available": null,
        "parking_available": null,
        "family_friendly": null,
        "status": null,
        "license_status": null,
        "operational_status": null,
        "ownership_type": null,
        "data_quality_status": "low",
        "data_review_status": "integrated",
        "source_image_url": null,
        "source_image_provider": null,
        "source_image_status": "no_image",
        "local_images": [],
        "image_count": 0,
        "created_at": "2026-08-06",
        "updated_at": "2026-08-06",
        "name_score": 1.0,
        "coordinate_score": 1.0,
        "classification_score": 1.0,
        "contact_score": 0.0,
        "capacity_score": 0.0,
        "services_score": 0.0,
        "image_score": 0.0,
        "completeness_score": 0.21,
        "overall_quality_score": 0.43,
        "data_completeness_percent": 21,
        "missing_fields": [
          "municipality",
          "address",
          "contact",
          "rooms",
          "beds",
          "units",
          "capacity",
          "services",
          "license",
          "operation",
          "image"
        ],
        "match_status": "new_feature",
        "coordinate_review_status": "valid",
        "coordinate_change_reason": null,
        "original_coordinates": [
          13.6726472,
          32.7859939
        ]
      },
      "geometry": {
        "type": "Point",
        "coordinates": [
          13.6726472,
          32.7859939
        ]
      }
    },
    {
      "type": "Feature",
      "id": "LY-ACC-RES-NAT-00160",
      "properties": {
        "id": "LY-ACC-RES-NAT-00160",
        "name_ar": "شاليه الدلفين",
        "name_en": null,
        "name_normalized_ar": "شاليهالدلفين",
        "translation_status": "not_available",
        "category": "القرى والمنتجعات السياحية",
        "subcategory_ar": "منشأة سياحية أخرى",
        "subcategory_en": "Other tourism accommodation",
        "facility_type_code": "accommodation_resort_other",
        "municipality_ar": null,
        "municipality_en": null,
        "city_ar": null,
        "city_en": null,
        "region_ar": null,
        "region_en": null,
        "address_ar": null,
        "address_en": null,
        "longitude": 13.673279,
        "latitude": 32.7859816,
        "source": "Tourist villages and resorts KML",
        "source_kml": "data/incoming/tourist-villages-resorts.kml",
        "source_record_index": 250,
        "description_ar": "الوصف:\n:",
        "description_en": null,
        "phone": null,
        "email": null,
        "website": null,
        "stars": null,
        "rooms": null,
        "beds": null,
        "units": null,
        "capacity": null,
        "beach_access": null,
        "pool_available": null,
        "restaurant_available": null,
        "parking_available": null,
        "family_friendly": null,
        "status": null,
        "license_status": null,
        "operational_status": null,
        "ownership_type": null,
        "data_quality_status": "low",
        "data_review_status": "integrated",
        "source_image_url": null,
        "source_image_provider": null,
        "source_image_status": "no_image",
        "local_images": [],
        "image_count": 0,
        "created_at": "2026-08-06",
        "updated_at": "2026-08-06",
        "name_score": 1.0,
        "coordinate_score": 1.0,
        "classification_score": 0.65,
        "contact_score": 0.0,
        "capacity_score": 0.0,
        "services_score": 0.0,
        "image_score": 0.0,
        "completeness_score": 0.21,
        "overall_quality_score": 0.38,
        "data_completeness_percent": 21,
        "missing_fields": [
          "municipality",
          "address",
          "contact",
          "rooms",
          "beds",
          "units",
          "capacity",
          "services",
          "license",
          "operation",
          "image"
        ],
        "match_status": "new_feature",
        "coordinate_review_status": "valid",
        "coordinate_change_reason": null,
        "original_coordinates": [
          13.673279,
          32.7859816
        ]
      },
      "geometry": {
        "type": "Point",
        "coordinates": [
          13.673279,
          32.7859816
        ]
      }
    },
    {
      "type": "Feature",
      "id": "LY-ACC-RES-NAT-00161",
      "properties": {
        "id": "LY-ACC-RES-NAT-00161",
        "name_ar": "شاليه همام",
        "name_en": null,
        "name_normalized_ar": "شاليههمام",
        "translation_status": "not_available",
        "category": "القرى والمنتجعات السياحية",
        "subcategory_ar": "منشأة سياحية أخرى",
        "subcategory_en": "Other tourism accommodation",
        "facility_type_code": "accommodation_resort_other",
        "municipality_ar": null,
        "municipality_en": null,
        "city_ar": null,
        "city_en": null,
        "region_ar": null,
        "region_en": null,
        "address_ar": null,
        "address_en": null,
        "longitude": 13.6746817,
        "latitude": 32.7864115,
        "source": "Tourist villages and resorts KML",
        "source_kml": "data/incoming/tourist-villages-resorts.kml",
        "source_record_index": 251,
        "description_ar": "الوصف:\n:",
        "description_en": null,
        "phone": null,
        "email": null,
        "website": null,
        "stars": null,
        "rooms": null,
        "beds": null,
        "units": null,
        "capacity": null,
        "beach_access": null,
        "pool_available": null,
        "restaurant_available": null,
        "parking_available": null,
        "family_friendly": null,
        "status": null,
        "license_status": null,
        "operational_status": null,
        "ownership_type": null,
        "data_quality_status": "low",
        "data_review_status": "integrated",
        "source_image_url": null,
        "source_image_provider": null,
        "source_image_status": "no_image",
        "local_images": [],
        "image_count": 0,
        "created_at": "2026-08-06",
        "updated_at": "2026-08-06",
        "name_score": 1.0,
        "coordinate_score": 1.0,
        "classification_score": 0.65,
        "contact_score": 0.0,
        "capacity_score": 0.0,
        "services_score": 0.0,
        "image_score": 0.0,
        "completeness_score": 0.21,
        "overall_quality_score": 0.38,
        "data_completeness_percent": 21,
        "missing_fields": [
          "municipality",
          "address",
          "contact",
          "rooms",
          "beds",
          "units",
          "capacity",
          "services",
          "license",
          "operation",
          "image"
        ],
        "match_status": "new_feature",
        "coordinate_review_status": "valid",
        "coordinate_change_reason": null,
        "original_coordinates": [
          13.6746817,
          32.7864115
        ]
      },
      "geometry": {
        "type": "Point",
        "coordinates": [
          13.6746817,
          32.7864115
        ]
      }
    },
    {
      "type": "Feature",
      "id": "LY-ACC-RES-NAT-00162",
      "properties": {
        "id": "LY-ACC-RES-NAT-00162",
        "name_ar": "Villa Mare ڤيلا ماري",
        "name_en": null,
        "name_normalized_ar": "villamareڤيلاماري",
        "translation_status": "not_available",
        "category": "القرى والمنتجعات السياحية",
        "subcategory_ar": "تحتاج مراجعة",
        "subcategory_en": "Review required",
        "facility_type_code": "review_required",
        "municipality_ar": null,
        "municipality_en": null,
        "city_ar": null,
        "city_en": null,
        "region_ar": null,
        "region_en": null,
        "address_ar": null,
        "address_en": null,
        "longitude": 13.6743676,
        "latitude": 32.7869,
        "source": "Tourist villages and resorts KML",
        "source_kml": "data/incoming/tourist-villages-resorts.kml",
        "source_record_index": 252,
        "description_ar": "الوصف:\n:",
        "description_en": null,
        "phone": null,
        "email": null,
        "website": null,
        "stars": null,
        "rooms": null,
        "beds": null,
        "units": null,
        "capacity": null,
        "beach_access": null,
        "pool_available": null,
        "restaurant_available": null,
        "parking_available": null,
        "family_friendly": null,
        "status": null,
        "license_status": null,
        "operational_status": null,
        "ownership_type": null,
        "data_quality_status": "low",
        "data_review_status": "review_required",
        "source_image_url": null,
        "source_image_provider": null,
        "source_image_status": "no_image",
        "local_images": [],
        "image_count": 0,
        "created_at": "2026-08-06",
        "updated_at": "2026-08-06",
        "name_score": 1.0,
        "coordinate_score": 1.0,
        "classification_score": 0.25,
        "contact_score": 0.0,
        "capacity_score": 0.0,
        "services_score": 0.0,
        "image_score": 0.0,
        "completeness_score": 0.14,
        "overall_quality_score": 0.32,
        "data_completeness_percent": 14,
        "missing_fields": [
          "classification",
          "municipality",
          "address",
          "contact",
          "rooms",
          "beds",
          "units",
          "capacity",
          "services",
          "license",
          "operation",
          "image"
        ],
        "match_status": "new_feature",
        "coordinate_review_status": "valid",
        "coordinate_change_reason": null,
        "original_coordinates": [
          13.6743676,
          32.7869
        ]
      },
      "geometry": {
        "type": "Point",
        "coordinates": [
          13.6743676,
          32.7869
        ]
      }
    },
    {
      "type": "Feature",
      "id": "LY-ACC-RES-NAT-00163",
      "properties": {
        "id": "LY-ACC-RES-NAT-00163",
        "name_ar": "فيلا كراون Villa Crown",
        "name_en": null,
        "name_normalized_ar": "فيلاكراونvillacrown",
        "translation_status": "not_available",
        "category": "القرى والمنتجعات السياحية",
        "subcategory_ar": "تحتاج مراجعة",
        "subcategory_en": "Review required",
        "facility_type_code": "review_required",
        "municipality_ar": null,
        "municipality_en": null,
        "city_ar": null,
        "city_en": null,
        "region_ar": null,
        "region_en": null,
        "address_ar": null,
        "address_en": null,
        "longitude": 13.6718995,
        "latitude": 32.7874264,
        "source": "Tourist villages and resorts KML",
        "source_kml": "data/incoming/tourist-villages-resorts.kml",
        "source_record_index": 253,
        "description_ar": "الوصف:\n:",
        "description_en": null,
        "phone": null,
        "email": null,
        "website": null,
        "stars": null,
        "rooms": null,
        "beds": null,
        "units": null,
        "capacity": null,
        "beach_access": null,
        "pool_available": null,
        "restaurant_available": null,
        "parking_available": null,
        "family_friendly": null,
        "status": null,
        "license_status": null,
        "operational_status": null,
        "ownership_type": null,
        "data_quality_status": "low",
        "data_review_status": "review_required",
        "source_image_url": null,
        "source_image_provider": null,
        "source_image_status": "no_image",
        "local_images": [],
        "image_count": 0,
        "created_at": "2026-08-06",
        "updated_at": "2026-08-06",
        "name_score": 1.0,
        "coordinate_score": 1.0,
        "classification_score": 0.25,
        "contact_score": 0.0,
        "capacity_score": 0.0,
        "services_score": 0.0,
        "image_score": 0.0,
        "completeness_score": 0.14,
        "overall_quality_score": 0.32,
        "data_completeness_percent": 14,
        "missing_fields": [
          "classification",
          "municipality",
          "address",
          "contact",
          "rooms",
          "beds",
          "units",
          "capacity",
          "services",
          "license",
          "operation",
          "image"
        ],
        "match_status": "new_feature",
        "coordinate_review_status": "valid",
        "coordinate_change_reason": null,
        "original_coordinates": [
          13.6718995,
          32.7874264
        ]
      },
      "geometry": {
        "type": "Point",
        "coordinates": [
          13.6718995,
          32.7874264
        ]
      }
    },
    {
      "type": "Feature",
      "id": "LY-ACC-RES-NAT-00164",
      "properties": {
        "id": "LY-ACC-RES-NAT-00164",
        "name_ar": "فيلا سانتوريني",
        "name_en": null,
        "name_normalized_ar": "فيلاسانتوريني",
        "translation_status": "not_available",
        "category": "القرى والمنتجعات السياحية",
        "subcategory_ar": "تحتاج مراجعة",
        "subcategory_en": "Review required",
        "facility_type_code": "review_required",
        "municipality_ar": null,
        "municipality_en": null,
        "city_ar": null,
        "city_en": null,
        "region_ar": null,
        "region_en": null,
        "address_ar": null,
        "address_en": null,
        "longitude": 13.6718665,
        "latitude": 32.787142,
        "source": "Tourist villages and resorts KML",
        "source_kml": "data/incoming/tourist-villages-resorts.kml",
        "source_record_index": 254,
        "description_ar": "الوصف:\n:",
        "description_en": null,
        "phone": null,
        "email": null,
        "website": null,
        "stars": null,
        "rooms": null,
        "beds": null,
        "units": null,
        "capacity": null,
        "beach_access": null,
        "pool_available": null,
        "restaurant_available": null,
        "parking_available": null,
        "family_friendly": null,
        "status": null,
        "license_status": null,
        "operational_status": null,
        "ownership_type": null,
        "data_quality_status": "low",
        "data_review_status": "review_required",
        "source_image_url": null,
        "source_image_provider": null,
        "source_image_status": "no_image",
        "local_images": [],
        "image_count": 0,
        "created_at": "2026-08-06",
        "updated_at": "2026-08-06",
        "name_score": 1.0,
        "coordinate_score": 1.0,
        "classification_score": 0.25,
        "contact_score": 0.0,
        "capacity_score": 0.0,
        "services_score": 0.0,
        "image_score": 0.0,
        "completeness_score": 0.14,
        "overall_quality_score": 0.32,
        "data_completeness_percent": 14,
        "missing_fields": [
          "classification",
          "municipality",
          "address",
          "contact",
          "rooms",
          "beds",
          "units",
          "capacity",
          "services",
          "license",
          "operation",
          "image"
        ],
        "match_status": "new_feature",
        "coordinate_review_status": "valid",
        "coordinate_change_reason": null,
        "original_coordinates": [
          13.6718665,
          32.787142
        ]
      },
      "geometry": {
        "type": "Point",
        "coordinates": [
          13.6718665,
          32.787142
        ]
      }
    },
    {
      "type": "Feature",
      "id": "LY-ACC-RES-NAT-00165",
      "properties": {
        "id": "LY-ACC-RES-NAT-00165",
        "name_ar": "شاليه ماسة",
        "name_en": null,
        "name_normalized_ar": "شاليهماسه",
        "translation_status": "not_available",
        "category": "القرى والمنتجعات السياحية",
        "subcategory_ar": "منشأة سياحية أخرى",
        "subcategory_en": "Other tourism accommodation",
        "facility_type_code": "accommodation_resort_other",
        "municipality_ar": null,
        "municipality_en": null,
        "city_ar": null,
        "city_en": null,
        "region_ar": null,
        "region_en": null,
        "address_ar": null,
        "address_en": null,
        "longitude": 13.6719462,
        "latitude": 32.7875736,
        "source": "Tourist villages and resorts KML",
        "source_kml": "data/incoming/tourist-villages-resorts.kml",
        "source_record_index": 255,
        "description_ar": "الوصف:\n:",
        "description_en": null,
        "phone": null,
        "email": null,
        "website": null,
        "stars": null,
        "rooms": null,
        "beds": null,
        "units": null,
        "capacity": null,
        "beach_access": null,
        "pool_available": null,
        "restaurant_available": null,
        "parking_available": null,
        "family_friendly": null,
        "status": null,
        "license_status": null,
        "operational_status": null,
        "ownership_type": null,
        "data_quality_status": "low",
        "data_review_status": "integrated",
        "source_image_url": null,
        "source_image_provider": null,
        "source_image_status": "no_image",
        "local_images": [],
        "image_count": 0,
        "created_at": "2026-08-06",
        "updated_at": "2026-08-06",
        "name_score": 1.0,
        "coordinate_score": 1.0,
        "classification_score": 0.65,
        "contact_score": 0.0,
        "capacity_score": 0.0,
        "services_score": 0.0,
        "image_score": 0.0,
        "completeness_score": 0.21,
        "overall_quality_score": 0.38,
        "data_completeness_percent": 21,
        "missing_fields": [
          "municipality",
          "address",
          "contact",
          "rooms",
          "beds",
          "units",
          "capacity",
          "services",
          "license",
          "operation",
          "image"
        ],
        "match_status": "new_feature",
        "coordinate_review_status": "valid",
        "coordinate_change_reason": null,
        "original_coordinates": [
          13.6719462,
          32.7875736
        ]
      },
      "geometry": {
        "type": "Point",
        "coordinates": [
          13.6719462,
          32.7875736
        ]
      }
    },
    {
      "type": "Feature",
      "id": "LY-ACC-RES-NAT-00166",
      "properties": {
        "id": "LY-ACC-RES-NAT-00166",
        "name_ar": "استراحة مارية العائلية",
        "name_en": null,
        "name_normalized_ar": "استراحهماريهالعايليه",
        "translation_status": "not_available",
        "category": "القرى والمنتجعات السياحية",
        "subcategory_ar": "منتجع عائلي",
        "subcategory_en": "Family resort",
        "facility_type_code": "family_resort",
        "municipality_ar": null,
        "municipality_en": null,
        "city_ar": null,
        "city_en": null,
        "region_ar": null,
        "region_en": null,
        "address_ar": null,
        "address_en": null,
        "longitude": 13.6741114,
        "latitude": 32.7884234,
        "source": "Tourist villages and resorts KML",
        "source_kml": "data/incoming/tourist-villages-resorts.kml",
        "source_record_index": 256,
        "description_ar": "الوصف:\n:",
        "description_en": null,
        "phone": null,
        "email": null,
        "website": null,
        "stars": null,
        "rooms": null,
        "beds": null,
        "units": null,
        "capacity": null,
        "beach_access": null,
        "pool_available": null,
        "restaurant_available": null,
        "parking_available": null,
        "family_friendly": null,
        "status": null,
        "license_status": null,
        "operational_status": null,
        "ownership_type": null,
        "data_quality_status": "low",
        "data_review_status": "integrated",
        "source_image_url": null,
        "source_image_provider": null,
        "source_image_status": "no_image",
        "local_images": [],
        "image_count": 0,
        "created_at": "2026-08-06",
        "updated_at": "2026-08-06",
        "name_score": 1.0,
        "coordinate_score": 1.0,
        "classification_score": 1.0,
        "contact_score": 0.0,
        "capacity_score": 0.0,
        "services_score": 0.0,
        "image_score": 0.0,
        "completeness_score": 0.21,
        "overall_quality_score": 0.43,
        "data_completeness_percent": 21,
        "missing_fields": [
          "municipality",
          "address",
          "contact",
          "rooms",
          "beds",
          "units",
          "capacity",
          "services",
          "license",
          "operation",
          "image"
        ],
        "match_status": "new_feature",
        "coordinate_review_status": "valid",
        "coordinate_change_reason": null,
        "original_coordinates": [
          13.6741114,
          32.7884234
        ]
      },
      "geometry": {
        "type": "Point",
        "coordinates": [
          13.6741114,
          32.7884234
        ]
      }
    },
    {
      "type": "Feature",
      "id": "LY-ACC-RES-NAT-00167",
      "properties": {
        "id": "LY-ACC-RES-NAT-00167",
        "name_ar": "استراحة اللؤلؤة",
        "name_en": null,
        "name_normalized_ar": "استراحهاللولوه",
        "translation_status": "not_available",
        "category": "القرى والمنتجعات السياحية",
        "subcategory_ar": "تحتاج مراجعة",
        "subcategory_en": "Review required",
        "facility_type_code": "review_required",
        "municipality_ar": null,
        "municipality_en": null,
        "city_ar": null,
        "city_en": null,
        "region_ar": null,
        "region_en": null,
        "address_ar": null,
        "address_en": null,
        "longitude": 13.673185,
        "latitude": 32.7886616,
        "source": "Tourist villages and resorts KML",
        "source_kml": "data/incoming/tourist-villages-resorts.kml",
        "source_record_index": 257,
        "description_ar": "الوصف:\n:",
        "description_en": null,
        "phone": null,
        "email": null,
        "website": null,
        "stars": null,
        "rooms": null,
        "beds": null,
        "units": null,
        "capacity": null,
        "beach_access": null,
        "pool_available": null,
        "restaurant_available": null,
        "parking_available": null,
        "family_friendly": null,
        "status": null,
        "license_status": null,
        "operational_status": null,
        "ownership_type": null,
        "data_quality_status": "low",
        "data_review_status": "review_required",
        "source_image_url": null,
        "source_image_provider": null,
        "source_image_status": "no_image",
        "local_images": [],
        "image_count": 0,
        "created_at": "2026-08-06",
        "updated_at": "2026-08-06",
        "name_score": 1.0,
        "coordinate_score": 1.0,
        "classification_score": 0.25,
        "contact_score": 0.0,
        "capacity_score": 0.0,
        "services_score": 0.0,
        "image_score": 0.0,
        "completeness_score": 0.14,
        "overall_quality_score": 0.32,
        "data_completeness_percent": 14,
        "missing_fields": [
          "classification",
          "municipality",
          "address",
          "contact",
          "rooms",
          "beds",
          "units",
          "capacity",
          "services",
          "license",
          "operation",
          "image"
        ],
        "match_status": "new_feature",
        "coordinate_review_status": "valid",
        "coordinate_change_reason": null,
        "original_coordinates": [
          13.673185,
          32.7886616
        ]
      },
      "geometry": {
        "type": "Point",
        "coordinates": [
          13.673185,
          32.7886616
        ]
      }
    },
    {
      "type": "Feature",
      "id": "LY-ACC-RES-NAT-00168",
      "properties": {
        "id": "LY-ACC-RES-NAT-00168",
        "name_ar": "استراحة روح البحر",
        "name_en": null,
        "name_normalized_ar": "استراحهروحالبحر",
        "translation_status": "not_available",
        "category": "القرى والمنتجعات السياحية",
        "subcategory_ar": "تحتاج مراجعة",
        "subcategory_en": "Review required",
        "facility_type_code": "review_required",
        "municipality_ar": null,
        "municipality_en": null,
        "city_ar": null,
        "city_en": null,
        "region_ar": null,
        "region_en": null,
        "address_ar": null,
        "address_en": null,
        "longitude": 13.6732045,
        "latitude": 32.7889141,
        "source": "Tourist villages and resorts KML",
        "source_kml": "data/incoming/tourist-villages-resorts.kml",
        "source_record_index": 258,
        "description_ar": "الوصف:\n:",
        "description_en": null,
        "phone": null,
        "email": null,
        "website": null,
        "stars": null,
        "rooms": null,
        "beds": null,
        "units": null,
        "capacity": null,
        "beach_access": null,
        "pool_available": null,
        "restaurant_available": null,
        "parking_available": null,
        "family_friendly": null,
        "status": null,
        "license_status": null,
        "operational_status": null,
        "ownership_type": null,
        "data_quality_status": "low",
        "data_review_status": "review_required",
        "source_image_url": null,
        "source_image_provider": null,
        "source_image_status": "no_image",
        "local_images": [],
        "image_count": 0,
        "created_at": "2026-08-06",
        "updated_at": "2026-08-06",
        "name_score": 1.0,
        "coordinate_score": 1.0,
        "classification_score": 0.25,
        "contact_score": 0.0,
        "capacity_score": 0.0,
        "services_score": 0.0,
        "image_score": 0.0,
        "completeness_score": 0.14,
        "overall_quality_score": 0.32,
        "data_completeness_percent": 14,
        "missing_fields": [
          "classification",
          "municipality",
          "address",
          "contact",
          "rooms",
          "beds",
          "units",
          "capacity",
          "services",
          "license",
          "operation",
          "image"
        ],
        "match_status": "new_feature",
        "coordinate_review_status": "valid",
        "coordinate_change_reason": null,
        "original_coordinates": [
          13.6732045,
          32.7889141
        ]
      },
      "geometry": {
        "type": "Point",
        "coordinates": [
          13.6732045,
          32.7889141
        ]
      }
    },
    {
      "type": "Feature",
      "id": "LY-ACC-RES-NAT-00169",
      "properties": {
        "id": "LY-ACC-RES-NAT-00169",
        "name_ar": "Ataya Resort",
        "name_en": null,
        "name_normalized_ar": "atayaresort",
        "translation_status": "not_available",
        "category": "القرى والمنتجعات السياحية",
        "subcategory_ar": "منتجع سياحي",
        "subcategory_en": "Tourist resort",
        "facility_type_code": "tourist_resort",
        "municipality_ar": null,
        "municipality_en": null,
        "city_ar": null,
        "city_en": null,
        "region_ar": null,
        "region_en": null,
        "address_ar": null,
        "address_en": null,
        "longitude": 13.6756166,
        "latitude": 32.7896402,
        "source": "Tourist villages and resorts KML",
        "source_kml": "data/incoming/tourist-villages-resorts.kml",
        "source_record_index": 259,
        "description_ar": "الوصف:\n:",
        "description_en": null,
        "phone": null,
        "email": null,
        "website": null,
        "stars": null,
        "rooms": null,
        "beds": null,
        "units": null,
        "capacity": null,
        "beach_access": null,
        "pool_available": null,
        "restaurant_available": null,
        "parking_available": null,
        "family_friendly": null,
        "status": null,
        "license_status": null,
        "operational_status": null,
        "ownership_type": null,
        "data_quality_status": "low",
        "data_review_status": "integrated",
        "source_image_url": null,
        "source_image_provider": null,
        "source_image_status": "no_image",
        "local_images": [],
        "image_count": 0,
        "created_at": "2026-08-06",
        "updated_at": "2026-08-06",
        "name_score": 1.0,
        "coordinate_score": 1.0,
        "classification_score": 1.0,
        "contact_score": 0.0,
        "capacity_score": 0.0,
        "services_score": 0.0,
        "image_score": 0.0,
        "completeness_score": 0.21,
        "overall_quality_score": 0.43,
        "data_completeness_percent": 21,
        "missing_fields": [
          "municipality",
          "address",
          "contact",
          "rooms",
          "beds",
          "units",
          "capacity",
          "services",
          "license",
          "operation",
          "image"
        ],
        "match_status": "new_feature",
        "coordinate_review_status": "valid",
        "coordinate_change_reason": null,
        "original_coordinates": [
          13.6756166,
          32.7896402
        ]
      },
      "geometry": {
        "type": "Point",
        "coordinates": [
          13.6756166,
          32.7896402
        ]
      }
    },
    {
      "type": "Feature",
      "id": "LY-ACC-RES-NAT-00170",
      "properties": {
        "id": "LY-ACC-RES-NAT-00170",
        "name_ar": "مقسم شاطئ النرجس السياحي",
        "name_en": null,
        "name_normalized_ar": "مقسمشاطيالنرجسالسياحي",
        "translation_status": "not_available",
        "category": "القرى والمنتجعات السياحية",
        "subcategory_ar": "تحتاج مراجعة",
        "subcategory_en": "Review required",
        "facility_type_code": "review_required",
        "municipality_ar": null,
        "municipality_en": null,
        "city_ar": null,
        "city_en": null,
        "region_ar": null,
        "region_en": null,
        "address_ar": null,
        "address_en": null,
        "longitude": 13.6776506,
        "latitude": 32.7877005,
        "source": "Tourist villages and resorts KML",
        "source_kml": "data/incoming/tourist-villages-resorts.kml",
        "source_record_index": 260,
        "description_ar": "الوصف:\n:",
        "description_en": null,
        "phone": null,
        "email": null,
        "website": null,
        "stars": null,
        "rooms": null,
        "beds": null,
        "units": null,
        "capacity": null,
        "beach_access": null,
        "pool_available": null,
        "restaurant_available": null,
        "parking_available": null,
        "family_friendly": null,
        "status": null,
        "license_status": null,
        "operational_status": null,
        "ownership_type": null,
        "data_quality_status": "low",
        "data_review_status": "review_required",
        "source_image_url": null,
        "source_image_provider": null,
        "source_image_status": "no_image",
        "local_images": [],
        "image_count": 0,
        "created_at": "2026-08-06",
        "updated_at": "2026-08-06",
        "name_score": 1.0,
        "coordinate_score": 1.0,
        "classification_score": 0.25,
        "contact_score": 0.0,
        "capacity_score": 0.0,
        "services_score": 0.0,
        "image_score": 0.0,
        "completeness_score": 0.14,
        "overall_quality_score": 0.32,
        "data_completeness_percent": 14,
        "missing_fields": [
          "classification",
          "municipality",
          "address",
          "contact",
          "rooms",
          "beds",
          "units",
          "capacity",
          "services",
          "license",
          "operation",
          "image"
        ],
        "match_status": "new_feature",
        "coordinate_review_status": "valid",
        "coordinate_change_reason": null,
        "original_coordinates": [
          13.6776506,
          32.7877005
        ]
      },
      "geometry": {
        "type": "Point",
        "coordinates": [
          13.6776506,
          32.7877005
        ]
      }
    },
    {
      "type": "Feature",
      "id": "LY-ACC-RES-NAT-00171",
      "properties": {
        "id": "LY-ACC-RES-NAT-00171",
        "name_ar": "استراحة فرحات لاند",
        "name_en": null,
        "name_normalized_ar": "استراحهفرحاتلاند",
        "translation_status": "not_available",
        "category": "القرى والمنتجعات السياحية",
        "subcategory_ar": "تحتاج مراجعة",
        "subcategory_en": "Review required",
        "facility_type_code": "review_required",
        "municipality_ar": null,
        "municipality_en": null,
        "city_ar": null,
        "city_en": null,
        "region_ar": null,
        "region_en": null,
        "address_ar": null,
        "address_en": null,
        "longitude": 13.6858615,
        "latitude": 32.7872937,
        "source": "Tourist villages and resorts KML",
        "source_kml": "data/incoming/tourist-villages-resorts.kml",
        "source_record_index": 261,
        "description_ar": "الوصف:\n:",
        "description_en": null,
        "phone": null,
        "email": null,
        "website": null,
        "stars": null,
        "rooms": null,
        "beds": null,
        "units": null,
        "capacity": null,
        "beach_access": null,
        "pool_available": null,
        "restaurant_available": null,
        "parking_available": null,
        "family_friendly": null,
        "status": null,
        "license_status": null,
        "operational_status": null,
        "ownership_type": null,
        "data_quality_status": "low",
        "data_review_status": "review_required",
        "source_image_url": null,
        "source_image_provider": null,
        "source_image_status": "no_image",
        "local_images": [],
        "image_count": 0,
        "created_at": "2026-08-06",
        "updated_at": "2026-08-06",
        "name_score": 1.0,
        "coordinate_score": 1.0,
        "classification_score": 0.25,
        "contact_score": 0.0,
        "capacity_score": 0.0,
        "services_score": 0.0,
        "image_score": 0.0,
        "completeness_score": 0.14,
        "overall_quality_score": 0.32,
        "data_completeness_percent": 14,
        "missing_fields": [
          "classification",
          "municipality",
          "address",
          "contact",
          "rooms",
          "beds",
          "units",
          "capacity",
          "services",
          "license",
          "operation",
          "image"
        ],
        "match_status": "new_feature",
        "coordinate_review_status": "valid",
        "coordinate_change_reason": null,
        "original_coordinates": [
          13.6858615,
          32.7872937
        ]
      },
      "geometry": {
        "type": "Point",
        "coordinates": [
          13.6858615,
          32.7872937
        ]
      }
    },
    {
      "type": "Feature",
      "id": "LY-ACC-RES-NAT-00172",
      "properties": {
        "id": "LY-ACC-RES-NAT-00172",
        "name_ar": "مصيف الامان فم الوادي العائلي",
        "name_en": null,
        "name_normalized_ar": "مصيفالامانفمالواديالعايلي",
        "translation_status": "not_available",
        "category": "القرى والمنتجعات السياحية",
        "subcategory_ar": "منتجع عائلي",
        "subcategory_en": "Family resort",
        "facility_type_code": "family_resort",
        "municipality_ar": null,
        "municipality_en": null,
        "city_ar": null,
        "city_en": null,
        "region_ar": null,
        "region_en": null,
        "address_ar": null,
        "address_en": null,
        "longitude": 13.6966038,
        "latitude": 32.7912882,
        "source": "Tourist villages and resorts KML",
        "source_kml": "data/incoming/tourist-villages-resorts.kml",
        "source_record_index": 262,
        "description_ar": "الوصف:\n:",
        "description_en": null,
        "phone": null,
        "email": null,
        "website": null,
        "stars": null,
        "rooms": null,
        "beds": null,
        "units": null,
        "capacity": null,
        "beach_access": null,
        "pool_available": null,
        "restaurant_available": null,
        "parking_available": null,
        "family_friendly": null,
        "status": null,
        "license_status": null,
        "operational_status": null,
        "ownership_type": null,
        "data_quality_status": "low",
        "data_review_status": "integrated",
        "source_image_url": null,
        "source_image_provider": null,
        "source_image_status": "no_image",
        "local_images": [],
        "image_count": 0,
        "created_at": "2026-08-06",
        "updated_at": "2026-08-06",
        "name_score": 1.0,
        "coordinate_score": 1.0,
        "classification_score": 1.0,
        "contact_score": 0.0,
        "capacity_score": 0.0,
        "services_score": 0.0,
        "image_score": 0.0,
        "completeness_score": 0.21,
        "overall_quality_score": 0.43,
        "data_completeness_percent": 21,
        "missing_fields": [
          "municipality",
          "address",
          "contact",
          "rooms",
          "beds",
          "units",
          "capacity",
          "services",
          "license",
          "operation",
          "image"
        ],
        "match_status": "new_feature",
        "coordinate_review_status": "valid",
        "coordinate_change_reason": null,
        "original_coordinates": [
          13.6966038,
          32.7912882
        ]
      },
      "geometry": {
        "type": "Point",
        "coordinates": [
          13.6966038,
          32.7912882
        ]
      }
    }
  ]
}
