{
  "type": "FeatureCollection",
  "name": "Tripoli restaurants",
  "metadata": {
    "source": "data/incoming/tripoli-restaurants.kml",
    "generated_at": "2026-08-06",
    "feature_count": 75,
    "cleaning_phase": "national_data_cleaning_phase_2",
    "cleaning_date": "2026-08-06",
    "features_before": 75,
    "features_after": 75,
    "true_duplicates_merged": 0,
    "records_retained": 75,
    "review_items_remaining": 10,
    "methodology_version": "2.0.0",
    "new_true_duplicates_merged": 0,
    "p1_before": 0,
    "p1_resolved": 0,
    "p1_remaining": 0,
    "review_items_before": 10,
    "review_items_resolved": 0,
    "completeness_before": 75.0,
    "completeness_after": 75.0
  },
  "features": [
    {
      "type": "Feature",
      "id": "LY-FNB-RES-TRI-00001",
      "properties": {
        "id": "LY-FNB-RES-TRI-00001",
        "name_ar": "مطعم براون للوجبات السريعة",
        "name_en": null,
        "name_normalized_ar": "مطعمبراونللوجباتالسريعه",
        "translation_status": "pending_review",
        "category": "الطعام والشراب",
        "subcategory_ar": "مطعم",
        "subcategory_en": "Restaurant",
        "facility_type_code": "restaurant",
        "municipality_ar": "طرابلس",
        "municipality_en": "Tripoli",
        "city_ar": "طرابلس",
        "city_en": "Tripoli",
        "district_ar": null,
        "district_en": null,
        "address_ar": "شارع الظل",
        "address_en": null,
        "longitude": 13.2116343,
        "latitude": 32.8777699,
        "source": "Tripoli restaurants team KML",
        "source_kml": "data/incoming/tripoli-restaurants.kml",
        "source_record_index": 1,
        "description_ar": "المدينة/العنوان: شارع الظل الهاتف: 091-0045344",
        "description_en": null,
        "phone": "091-0045344",
        "email": null,
        "website": null,
        "cuisine_type_ar": null,
        "cuisine_type_en": null,
        "price_level": null,
        "opening_hours": null,
        "status": "active",
        "license_status": null,
        "data_quality_status": "medium",
        "data_review_status": "integrated",
        "source_image_url": "https://mymaps.usercontent.google.com/hostedimage/m/*/3AAjQbR5AcsozKfMWtL4MChlVYMElyxuJ0vc7uKrKLuD9l3aYmUAUZThgcPFekJHlEp0VzIog6-THlwH0mgw4n-ZY4EYdUQGLrmUUk93CjTwuUET4ib5LOHNyZBhqNWeuJ_gwKnu2EjuKC7uCfRR3KCr0X-dd0cf_KnsNPUjEbTaGEoczUusUB6ps69B4V5kTVvfRkxa8xpTh0ZwQ5AYm189yJWHmVfgRbwlhsi3o0adW5B_1T8Oz_ydyRH7gbvw?authuser=2&fife=s16383",
        "source_image_provider": "google_mymaps",
        "source_image_status": "temporary_source_reference",
        "local_images": [],
        "image_count": 0,
        "created_at": "2026-08-06",
        "updated_at": "2026-08-06",
        "name_score": 1,
        "coordinate_score": 1,
        "classification_score": 1.0,
        "contact_score": 0.5,
        "image_score": 0.3,
        "completeness_score": 0.45,
        "overall_quality_score": 0.76,
        "data_completeness_percent": 45,
        "missing_fields": [
          "district",
          "website",
          "cuisine",
          "opening_hours",
          "license",
          "image"
        ],
        "match_status": "new_feature",
        "coordinate_review_status": "valid",
        "coordinate_change_reason": null,
        "original_coordinates": [
          13.2116343,
          32.8777699
        ],
        "legacy_ids": [],
        "alias_ids": [],
        "source_records": [],
        "source_files": [],
        "merged_from_ids": [],
        "related_feature_ids": [],
        "relationship_types": [],
        "canonical_id": "LY-FNB-RES-TRI-00001",
        "merge_status": "not_merged",
        "merge_confidence": null,
        "merge_date": null,
        "merge_method": null,
        "merge_notes": null,
        "publication_status": "internal_ready",
        "publication_status_reason": "No blocking review; quality limitations remain disclosed",
        "publication_status_date": "2026-08-06",
        "publication_status_method": "phase_2_rules_v1",
        "operational_status_code": "unknown",
        "operational_status_ar": "غير محدد",
        "weighted_completeness_score": 75.0,
        "critical_fields_completeness": 100.0,
        "supplementary_fields_completeness": 50.0,
        "completeness_method_version": "phase_2_weighted_v1"
      },
      "geometry": {
        "type": "Point",
        "coordinates": [
          13.2116343,
          32.8777699
        ]
      }
    },
    {
      "type": "Feature",
      "id": "LY-FNB-RES-TRI-00002",
      "properties": {
        "id": "LY-FNB-RES-TRI-00002",
        "name_ar": "مطعم النبراس",
        "name_en": null,
        "name_normalized_ar": "مطعمالنبراس",
        "translation_status": "pending_review",
        "category": "الطعام والشراب",
        "subcategory_ar": "مطعم شعبي أو تقليدي",
        "subcategory_en": "Traditional restaurant",
        "facility_type_code": "traditional_restaurant",
        "municipality_ar": "طرابلس",
        "municipality_en": "Tripoli",
        "city_ar": "طرابلس",
        "city_en": "Tripoli",
        "district_ar": null,
        "district_en": null,
        "address_ar": "قرب من شارع المدار",
        "address_en": null,
        "longitude": 13.202387,
        "latitude": 32.868285,
        "source": "Tripoli restaurants team KML",
        "source_kml": "data/incoming/tripoli-restaurants.kml",
        "source_record_index": 2,
        "description_ar": "المدينة/العنوان: قرب من شارع المدار الخدمات المتوفرة: للوجبات الشعبية مع التنوع الخاص بالمطابخ التركية والمغربية والمشاوي و المقبلات والعصائر الطبيعة الهاتف: 092-1119290",
        "description_en": null,
        "phone": "092-1119290",
        "email": null,
        "website": null,
        "cuisine_type_ar": null,
        "cuisine_type_en": null,
        "price_level": null,
        "opening_hours": null,
        "status": "active",
        "license_status": null,
        "data_quality_status": "medium",
        "data_review_status": "integrated",
        "source_image_url": "https://mymaps.usercontent.google.com/hostedimage/m/*/3AAjQbR7uVS-Ju26TnpPUmiFwqBoX2BQdia-6yRV2gH490iDdnvitznt9w7NQs1YEJhxt1cG8fv9lyrQm_-owQFLvgjLeH5-r861O9KSH-LGrwekfF3Gi-7gDmO4_0fpc95TkMD7rvKTBBajqjiW2ZKRT2QpWUWwEYbjsr_W1kf6gUHzPQAWb5pMo8nVgobZseZMXZjYCrvbV__aLPyzYoR4GkFdF6YWDUixv_oHoJhkZq3LBJhLScWsUUI3piEM?authuser=2&fife=s16383",
        "source_image_provider": "google_mymaps",
        "source_image_status": "temporary_source_reference",
        "local_images": [],
        "image_count": 0,
        "created_at": "2026-08-06",
        "updated_at": "2026-08-06",
        "name_score": 1,
        "coordinate_score": 1,
        "classification_score": 1.0,
        "contact_score": 0.5,
        "image_score": 0.3,
        "completeness_score": 0.45,
        "overall_quality_score": 0.76,
        "data_completeness_percent": 45,
        "missing_fields": [
          "district",
          "website",
          "cuisine",
          "opening_hours",
          "license",
          "image"
        ],
        "match_status": "new_feature",
        "coordinate_review_status": "valid",
        "coordinate_change_reason": null,
        "original_coordinates": [
          13.202387,
          32.868285
        ],
        "legacy_ids": [],
        "alias_ids": [],
        "source_records": [],
        "source_files": [],
        "merged_from_ids": [],
        "related_feature_ids": [],
        "relationship_types": [],
        "canonical_id": "LY-FNB-RES-TRI-00002",
        "merge_status": "not_merged",
        "merge_confidence": null,
        "merge_date": null,
        "merge_method": null,
        "merge_notes": null,
        "publication_status": "internal_ready",
        "publication_status_reason": "No blocking review; quality limitations remain disclosed",
        "publication_status_date": "2026-08-06",
        "publication_status_method": "phase_2_rules_v1",
        "operational_status_code": "unknown",
        "operational_status_ar": "غير محدد",
        "weighted_completeness_score": 75.0,
        "critical_fields_completeness": 100.0,
        "supplementary_fields_completeness": 50.0,
        "completeness_method_version": "phase_2_weighted_v1"
      },
      "geometry": {
        "type": "Point",
        "coordinates": [
          13.202387,
          32.868285
        ]
      }
    },
    {
      "type": "Feature",
      "id": "LY-FNB-RES-TRI-00003",
      "properties": {
        "id": "LY-FNB-RES-TRI-00003",
        "name_ar": "مطعم لارمبلا",
        "name_en": null,
        "name_normalized_ar": "مطعملارمبلا",
        "translation_status": "pending_review",
        "category": "الطعام والشراب",
        "subcategory_ar": "مطعم",
        "subcategory_en": "Restaurant",
        "facility_type_code": "restaurant",
        "municipality_ar": "طرابلس",
        "municipality_en": "Tripoli",
        "city_ar": "طرابلس",
        "city_en": "Tripoli",
        "district_ar": null,
        "district_en": null,
        "address_ar": "شارع بن عاشور",
        "address_en": null,
        "longitude": 13.207352,
        "latitude": 32.880459,
        "source": "Tripoli restaurants team KML",
        "source_kml": "data/incoming/tripoli-restaurants.kml",
        "source_record_index": 3,
        "description_ar": "المدينة/العنوان: شارع بن عاشور الهاتف: 091-2120651",
        "description_en": null,
        "phone": "091-2120651",
        "email": null,
        "website": null,
        "cuisine_type_ar": null,
        "cuisine_type_en": null,
        "price_level": null,
        "opening_hours": null,
        "status": "active",
        "license_status": null,
        "data_quality_status": "medium",
        "data_review_status": "integrated",
        "source_image_url": "https://mymaps.usercontent.google.com/hostedimage/m/*/3AAjQbR61QGtYj-w-sJ1bDDiTNyfa7WktQ6-UKFTZAGyx1XSoIAo88euEkYmq2MCog5HHaWDpFLFHHe7YAm-Sc8bg7X-9jJpDmuCdQAgZHFmsgsGahEIlkrjVo0XE9tWsDQhdd-Gl3J_dnDtEma25WZYbo_HU4od1nzbErJgQ9Z70LddcuCXD6437W1PAZf0SMveHFPI7arGo4X5-Txx2e9yLkPZEQFFrobKsreQfIHbz-GTtuNwYZTi_AnZ_Nv4?authuser=2&fife=s16383",
        "source_image_provider": "google_mymaps",
        "source_image_status": "temporary_source_reference",
        "local_images": [],
        "image_count": 0,
        "created_at": "2026-08-06",
        "updated_at": "2026-08-06",
        "name_score": 1,
        "coordinate_score": 1,
        "classification_score": 1.0,
        "contact_score": 0.5,
        "image_score": 0.3,
        "completeness_score": 0.45,
        "overall_quality_score": 0.76,
        "data_completeness_percent": 45,
        "missing_fields": [
          "district",
          "website",
          "cuisine",
          "opening_hours",
          "license",
          "image"
        ],
        "match_status": "new_feature",
        "coordinate_review_status": "valid",
        "coordinate_change_reason": null,
        "original_coordinates": [
          13.207352,
          32.880459
        ],
        "legacy_ids": [],
        "alias_ids": [],
        "source_records": [],
        "source_files": [],
        "merged_from_ids": [],
        "related_feature_ids": [],
        "relationship_types": [],
        "canonical_id": "LY-FNB-RES-TRI-00003",
        "merge_status": "not_merged",
        "merge_confidence": null,
        "merge_date": null,
        "merge_method": null,
        "merge_notes": null,
        "publication_status": "internal_ready",
        "publication_status_reason": "No blocking review; quality limitations remain disclosed",
        "publication_status_date": "2026-08-06",
        "publication_status_method": "phase_2_rules_v1",
        "operational_status_code": "unknown",
        "operational_status_ar": "غير محدد",
        "weighted_completeness_score": 75.0,
        "critical_fields_completeness": 100.0,
        "supplementary_fields_completeness": 50.0,
        "completeness_method_version": "phase_2_weighted_v1"
      },
      "geometry": {
        "type": "Point",
        "coordinates": [
          13.207352,
          32.880459
        ]
      }
    },
    {
      "type": "Feature",
      "id": "LY-FNB-RES-TRI-00004",
      "properties": {
        "id": "LY-FNB-RES-TRI-00004",
        "name_ar": "مطعم فتوش للمأكولات اللبنانية حي الأندلس",
        "name_en": null,
        "name_normalized_ar": "مطعمفتوشللماكولاتاللبنانيهحيالاندلس",
        "translation_status": "pending_review",
        "category": "الطعام والشراب",
        "subcategory_ar": "مطعم دولي",
        "subcategory_en": "International restaurant",
        "facility_type_code": "international_restaurant",
        "municipality_ar": "طرابلس",
        "municipality_en": "Tripoli",
        "city_ar": "طرابلس",
        "city_en": "Tripoli",
        "district_ar": null,
        "district_en": null,
        "address_ar": "حي الأندلس",
        "address_en": null,
        "longitude": 13.12428,
        "latitude": 32.872808,
        "source": "Tripoli restaurants team KML",
        "source_kml": "data/incoming/tripoli-restaurants.kml",
        "source_record_index": 4,
        "description_ar": "المدينة/العنوان: حي الأندلس الخدمات المتوفرة: مطعم فتوش يقدم أشهى وألذ المأكولات اللبنانية والشامية, مع تجربة ثقافية تجمع بين عراقة المطبخ الشامي الهاتف: 091-1990800",
        "description_en": null,
        "phone": "091-1990800",
        "email": null,
        "website": null,
        "cuisine_type_ar": null,
        "cuisine_type_en": null,
        "price_level": null,
        "opening_hours": null,
        "status": "active",
        "license_status": null,
        "data_quality_status": "medium",
        "data_review_status": "integrated",
        "source_image_url": "https://mymaps.usercontent.google.com/hostedimage/m/*/3AAjQbR6Q1bq0gn-rr9pQKCaosnmWtzpviL_7mZBRBxDWx8RKchzz4NLi48GaLXQVCU4bRrSVcg4CtC90LtulnvQ9BehPn_E5i0i5U-v_bjyM4J8FRmJnqCYAqiF5YIyL4R82mqTLWwMo4ig7QogBakUTXFQA8bYOLnPdKdye5B9aK2uDQJJ0sm4xPcQLBJcK3wVNq9uNLcR_MRCwoBnetTNxCfe70aMthz2Cfitd4cRNnutAHp8cUk11ZMC0tLE?authuser=2&fife=s16383",
        "source_image_provider": "google_mymaps",
        "source_image_status": "temporary_source_reference",
        "local_images": [],
        "image_count": 0,
        "created_at": "2026-08-06",
        "updated_at": "2026-08-06",
        "name_score": 1,
        "coordinate_score": 1,
        "classification_score": 1.0,
        "contact_score": 0.5,
        "image_score": 0.3,
        "completeness_score": 0.45,
        "overall_quality_score": 0.76,
        "data_completeness_percent": 45,
        "missing_fields": [
          "district",
          "website",
          "cuisine",
          "opening_hours",
          "license",
          "image"
        ],
        "match_status": "new_feature",
        "coordinate_review_status": "valid",
        "coordinate_change_reason": null,
        "original_coordinates": [
          13.12428,
          32.872808
        ],
        "legacy_ids": [],
        "alias_ids": [],
        "source_records": [],
        "source_files": [],
        "merged_from_ids": [],
        "related_feature_ids": [],
        "relationship_types": [],
        "canonical_id": "LY-FNB-RES-TRI-00004",
        "merge_status": "not_merged",
        "merge_confidence": null,
        "merge_date": null,
        "merge_method": null,
        "merge_notes": null,
        "publication_status": "internal_ready",
        "publication_status_reason": "No blocking review; quality limitations remain disclosed",
        "publication_status_date": "2026-08-06",
        "publication_status_method": "phase_2_rules_v1",
        "operational_status_code": "unknown",
        "operational_status_ar": "غير محدد",
        "weighted_completeness_score": 75.0,
        "critical_fields_completeness": 100.0,
        "supplementary_fields_completeness": 50.0,
        "completeness_method_version": "phase_2_weighted_v1"
      },
      "geometry": {
        "type": "Point",
        "coordinates": [
          13.12428,
          32.872808
        ]
      }
    },
    {
      "type": "Feature",
      "id": "LY-FNB-RES-TRI-00005",
      "properties": {
        "id": "LY-FNB-RES-TRI-00005",
        "name_ar": "مطعم تك أوي",
        "name_en": null,
        "name_normalized_ar": "مطعمتكاوي",
        "translation_status": "pending_review",
        "category": "الطعام والشراب",
        "subcategory_ar": "وجبات سريعة",
        "subcategory_en": "Fast food",
        "facility_type_code": "fast_food",
        "municipality_ar": "طرابلس",
        "municipality_en": "Tripoli",
        "city_ar": "طرابلس",
        "city_en": "Tripoli",
        "district_ar": null,
        "district_en": null,
        "address_ar": "طريق السور",
        "address_en": null,
        "longitude": 13.19369,
        "latitude": 32.872239,
        "source": "Tripoli restaurants team KML",
        "source_kml": "data/incoming/tripoli-restaurants.kml",
        "source_record_index": 5,
        "description_ar": "Fast food restaurant",
        "description_en": null,
        "phone": "0919033693",
        "email": null,
        "website": null,
        "cuisine_type_ar": null,
        "cuisine_type_en": null,
        "price_level": null,
        "opening_hours": null,
        "status": "active",
        "license_status": null,
        "data_quality_status": "medium",
        "data_review_status": "integrated",
        "source_image_url": "https://mymaps.usercontent.google.com/hostedimage/m/*/3AAjQbR65J8MTY9TF48ncwOJhkQWefKYKuEfLXBpwv29dLISrgcTRKmtCdhhYn_sRsLaYIbuBncZ_1wA35sbqPbWPLhfIhDO-Fswb_KCwwmKEuPZXzDp20bLwY-G9hXHwON8lhRd5v9yY7SKz2d79a2W9MRuUPkLNlrti3kkx4iM-12bDYsCmsdbFyvPU2VLkRncczNcaFQSLKx1IgAShWuGv_aqlte2anjCra5qrR7-CkSpe-O1F81Njk8YzuMU?authuser=2&fife=s16383",
        "source_image_provider": "google_mymaps",
        "source_image_status": "temporary_source_reference",
        "local_images": [],
        "image_count": 0,
        "created_at": "2026-08-06",
        "updated_at": "2026-08-06",
        "name_score": 1,
        "coordinate_score": 1,
        "classification_score": 1.0,
        "contact_score": 0.5,
        "image_score": 0.3,
        "completeness_score": 0.45,
        "overall_quality_score": 0.76,
        "data_completeness_percent": 45,
        "missing_fields": [
          "district",
          "website",
          "cuisine",
          "opening_hours",
          "license",
          "image"
        ],
        "match_status": "new_feature",
        "coordinate_review_status": "valid",
        "coordinate_change_reason": null,
        "original_coordinates": [
          13.19369,
          32.872239
        ],
        "legacy_ids": [],
        "alias_ids": [],
        "source_records": [],
        "source_files": [],
        "merged_from_ids": [],
        "related_feature_ids": [],
        "relationship_types": [],
        "canonical_id": "LY-FNB-RES-TRI-00005",
        "merge_status": "not_merged",
        "merge_confidence": null,
        "merge_date": null,
        "merge_method": null,
        "merge_notes": null,
        "publication_status": "internal_ready",
        "publication_status_reason": "No blocking review; quality limitations remain disclosed",
        "publication_status_date": "2026-08-06",
        "publication_status_method": "phase_2_rules_v1",
        "operational_status_code": "unknown",
        "operational_status_ar": "غير محدد",
        "weighted_completeness_score": 75.0,
        "critical_fields_completeness": 100.0,
        "supplementary_fields_completeness": 50.0,
        "completeness_method_version": "phase_2_weighted_v1"
      },
      "geometry": {
        "type": "Point",
        "coordinates": [
          13.19369,
          32.872239
        ]
      }
    },
    {
      "type": "Feature",
      "id": "LY-FNB-RES-TRI-00006",
      "properties": {
        "id": "LY-FNB-RES-TRI-00006",
        "name_ar": "مطعم بيت الختيار",
        "name_en": null,
        "name_normalized_ar": "مطعمبيتالختيار",
        "translation_status": "pending_review",
        "category": "الطعام والشراب",
        "subcategory_ar": "وجبات سريعة",
        "subcategory_en": "Fast food",
        "facility_type_code": "fast_food",
        "municipality_ar": "طرابلس",
        "municipality_en": "Tripoli",
        "city_ar": "طرابلس",
        "city_en": "Tripoli",
        "district_ar": null,
        "district_en": null,
        "address_ar": "طرابلس تاجراء",
        "address_en": null,
        "longitude": 13.195834,
        "latitude": 32.890244,
        "source": "Tripoli restaurants team KML",
        "source_kml": "data/incoming/tripoli-restaurants.kml",
        "source_record_index": 6,
        "description_ar": "مطعم وجبات سريعة",
        "description_en": null,
        "phone": "0919571717",
        "email": null,
        "website": null,
        "cuisine_type_ar": null,
        "cuisine_type_en": null,
        "price_level": null,
        "opening_hours": null,
        "status": "active",
        "license_status": null,
        "data_quality_status": "medium",
        "data_review_status": "integrated",
        "source_image_url": "https://mymaps.usercontent.google.com/hostedimage/m/*/3AAjQbR4CyGTpOo0yPQnjEzH39XyqGq9cABqURA7-kT5I27v1OZ4MAIi87IatQB0VhqLZ4wxcPpmTzDcQHHHXOmH5-7FLWA7all-IiH-PuJDAQGAIxJUxRPtQ73SOE8UF1EnvjVkzJPIZ7T1iE-Kq0t1uLx59MVf1VYZzKrseeZaMWiMSsSZP12X2mAMYaU2aWvFaLDubPF6rg4Vgr1od68v7bns_gFr7zsbWuJ3fKqr2lbtebWVZnEnMHihgJXQ?authuser=2&fife=s16383",
        "source_image_provider": "google_mymaps",
        "source_image_status": "temporary_source_reference",
        "local_images": [],
        "image_count": 0,
        "created_at": "2026-08-06",
        "updated_at": "2026-08-06",
        "name_score": 1,
        "coordinate_score": 1,
        "classification_score": 1.0,
        "contact_score": 0.5,
        "image_score": 0.3,
        "completeness_score": 0.45,
        "overall_quality_score": 0.76,
        "data_completeness_percent": 45,
        "missing_fields": [
          "district",
          "website",
          "cuisine",
          "opening_hours",
          "license",
          "image"
        ],
        "match_status": "new_feature",
        "coordinate_review_status": "valid",
        "coordinate_change_reason": null,
        "original_coordinates": [
          13.195834,
          32.890244
        ],
        "legacy_ids": [],
        "alias_ids": [],
        "source_records": [],
        "source_files": [],
        "merged_from_ids": [],
        "related_feature_ids": [],
        "relationship_types": [],
        "canonical_id": "LY-FNB-RES-TRI-00006",
        "merge_status": "not_merged",
        "merge_confidence": null,
        "merge_date": null,
        "merge_method": null,
        "merge_notes": null,
        "publication_status": "internal_ready",
        "publication_status_reason": "No blocking review; quality limitations remain disclosed",
        "publication_status_date": "2026-08-06",
        "publication_status_method": "phase_2_rules_v1",
        "operational_status_code": "unknown",
        "operational_status_ar": "غير محدد",
        "weighted_completeness_score": 75.0,
        "critical_fields_completeness": 100.0,
        "supplementary_fields_completeness": 50.0,
        "completeness_method_version": "phase_2_weighted_v1"
      },
      "geometry": {
        "type": "Point",
        "coordinates": [
          13.195834,
          32.890244
        ]
      }
    },
    {
      "type": "Feature",
      "id": "LY-FNB-RES-TRI-00007",
      "properties": {
        "id": "LY-FNB-RES-TRI-00007",
        "name_ar": "مطعم الأثار",
        "name_en": null,
        "name_normalized_ar": "مطعمالاثار",
        "translation_status": "pending_review",
        "category": "الطعام والشراب",
        "subcategory_ar": "مطعم",
        "subcategory_en": "Restaurant",
        "facility_type_code": "restaurant",
        "municipality_ar": "طرابلس",
        "municipality_en": "Tripoli",
        "city_ar": "طرابلس",
        "city_en": "Tripoli",
        "district_ar": null,
        "district_en": null,
        "address_ar": "طرابلس",
        "address_en": null,
        "longitude": 13.175679,
        "latitude": 32.900152,
        "source": "Tripoli restaurants team KML",
        "source_kml": "data/incoming/tripoli-restaurants.kml",
        "source_record_index": 7,
        "description_ar": "المدينة/العنوان: طرابلس الهاتف: 091-2123106",
        "description_en": null,
        "phone": "091-2123106",
        "email": null,
        "website": null,
        "cuisine_type_ar": null,
        "cuisine_type_en": null,
        "price_level": null,
        "opening_hours": null,
        "status": "active",
        "license_status": null,
        "data_quality_status": "medium",
        "data_review_status": "integrated",
        "source_image_url": "https://mymaps.usercontent.google.com/hostedimage/m/*/3AAjQbR6KJ4ZCQGDTM43TBCgT2w3soHS_VF5HHGZdPYq8iJgui5LYCrmPGre_9qHOK0vUbvs1_E2RO7dityZh0a7nWBm57fiIn6bJPbdQSSnLuxgdJ9OiBSozqtS2AgFg5Bbhht7bnjuwdU3ZeCBhafhx2JUjWkxhyhoHG-LrdVaxde7hfFqdelrzpjDq0fRiJH3zszy7g58diqaaXwk8Nw-m_lVFHE_7JfPMbAnFYe_OQ2fKulQnNCpmDC59CjM?authuser=2&fife=s16383",
        "source_image_provider": "google_mymaps",
        "source_image_status": "temporary_source_reference",
        "local_images": [],
        "image_count": 0,
        "created_at": "2026-08-06",
        "updated_at": "2026-08-06",
        "name_score": 1,
        "coordinate_score": 1,
        "classification_score": 1.0,
        "contact_score": 0.5,
        "image_score": 0.3,
        "completeness_score": 0.45,
        "overall_quality_score": 0.76,
        "data_completeness_percent": 45,
        "missing_fields": [
          "district",
          "website",
          "cuisine",
          "opening_hours",
          "license",
          "image"
        ],
        "match_status": "new_feature",
        "coordinate_review_status": "valid",
        "coordinate_change_reason": null,
        "original_coordinates": [
          13.175679,
          32.900152
        ],
        "legacy_ids": [],
        "alias_ids": [],
        "source_records": [],
        "source_files": [],
        "merged_from_ids": [],
        "related_feature_ids": [],
        "relationship_types": [],
        "canonical_id": "LY-FNB-RES-TRI-00007",
        "merge_status": "not_merged",
        "merge_confidence": null,
        "merge_date": null,
        "merge_method": null,
        "merge_notes": null,
        "publication_status": "internal_ready",
        "publication_status_reason": "No blocking review; quality limitations remain disclosed",
        "publication_status_date": "2026-08-06",
        "publication_status_method": "phase_2_rules_v1",
        "operational_status_code": "unknown",
        "operational_status_ar": "غير محدد",
        "weighted_completeness_score": 75.0,
        "critical_fields_completeness": 100.0,
        "supplementary_fields_completeness": 50.0,
        "completeness_method_version": "phase_2_weighted_v1"
      },
      "geometry": {
        "type": "Point",
        "coordinates": [
          13.175679,
          32.900152
        ]
      }
    },
    {
      "type": "Feature",
      "id": "LY-FNB-RES-TRI-00008",
      "properties": {
        "id": "LY-FNB-RES-TRI-00008",
        "name_ar": "مطعم فور سيزونز",
        "name_en": null,
        "name_normalized_ar": "مطعمفورسيزونز",
        "translation_status": "pending_review",
        "category": "الطعام والشراب",
        "subcategory_ar": "مطعم شعبي أو تقليدي",
        "subcategory_en": "Traditional restaurant",
        "facility_type_code": "traditional_restaurant",
        "municipality_ar": "طرابلس",
        "municipality_en": "Tripoli",
        "city_ar": "طرابلس",
        "city_en": "Tripoli",
        "district_ar": null,
        "district_en": null,
        "address_ar": "طريق المشتل",
        "address_en": null,
        "longitude": 13.209478,
        "latitude": 32.886332,
        "source": "Tripoli restaurants team KML",
        "source_kml": "data/incoming/tripoli-restaurants.kml",
        "source_record_index": 8,
        "description_ar": "المدينة/العنوان: طريق المشتل الخدمات المتوفرة: للمأكولات الليبية والعالمية الهاتف: 092-7504444",
        "description_en": null,
        "phone": "092-7504444",
        "email": null,
        "website": null,
        "cuisine_type_ar": null,
        "cuisine_type_en": null,
        "price_level": null,
        "opening_hours": null,
        "status": "active",
        "license_status": null,
        "data_quality_status": "medium",
        "data_review_status": "integrated",
        "source_image_url": "https://mymaps.usercontent.google.com/hostedimage/m/*/3AAjQbR6qETeI7jPTxK9lPNf2GMxfi7nm9_FHHZ1xwgNwadQoo6ma7SfhEUI3qGUarijEuYPJh8PtrkZKDFvWoZotgZ2h2MNNjuQTg5JWWCQTo2Px4n5eqyKIS1kJfiima5dpdVEwtMSrUD-WCCwDDCqfsRu-Nq9V61-pRmWCS_o0T9TKAYf7o-K6wAKMq2W6tjJzqiPxF_miJmLiZMLVfdg7Ks4qedsDy31dxOH4gBYhAeBfIsI5bYnoRPVpNHw?authuser=2&fife=s16383",
        "source_image_provider": "google_mymaps",
        "source_image_status": "temporary_source_reference",
        "local_images": [],
        "image_count": 0,
        "created_at": "2026-08-06",
        "updated_at": "2026-08-06",
        "name_score": 1,
        "coordinate_score": 1,
        "classification_score": 1.0,
        "contact_score": 0.5,
        "image_score": 0.3,
        "completeness_score": 0.45,
        "overall_quality_score": 0.76,
        "data_completeness_percent": 45,
        "missing_fields": [
          "district",
          "website",
          "cuisine",
          "opening_hours",
          "license",
          "image"
        ],
        "match_status": "new_feature",
        "coordinate_review_status": "valid",
        "coordinate_change_reason": null,
        "original_coordinates": [
          13.209478,
          32.886332
        ],
        "legacy_ids": [],
        "alias_ids": [],
        "source_records": [],
        "source_files": [],
        "merged_from_ids": [],
        "related_feature_ids": [],
        "relationship_types": [],
        "canonical_id": "LY-FNB-RES-TRI-00008",
        "merge_status": "not_merged",
        "merge_confidence": null,
        "merge_date": null,
        "merge_method": null,
        "merge_notes": null,
        "publication_status": "internal_ready",
        "publication_status_reason": "No blocking review; quality limitations remain disclosed",
        "publication_status_date": "2026-08-06",
        "publication_status_method": "phase_2_rules_v1",
        "operational_status_code": "unknown",
        "operational_status_ar": "غير محدد",
        "weighted_completeness_score": 75.0,
        "critical_fields_completeness": 100.0,
        "supplementary_fields_completeness": 50.0,
        "completeness_method_version": "phase_2_weighted_v1"
      },
      "geometry": {
        "type": "Point",
        "coordinates": [
          13.209478,
          32.886332
        ]
      }
    },
    {
      "type": "Feature",
      "id": "LY-FNB-RES-TRI-00009",
      "properties": {
        "id": "LY-FNB-RES-TRI-00009",
        "name_ar": "مطعم ميلانو للوجبات السريعة",
        "name_en": null,
        "name_normalized_ar": "مطعمميلانوللوجباتالسريعه",
        "translation_status": "pending_review",
        "category": "الطعام والشراب",
        "subcategory_ar": "مطعم",
        "subcategory_en": "Restaurant",
        "facility_type_code": "restaurant",
        "municipality_ar": "طرابلس",
        "municipality_en": "Tripoli",
        "city_ar": "طرابلس",
        "city_en": "Tripoli",
        "district_ar": null,
        "district_en": null,
        "address_ar": "طرابلس طريق السور",
        "address_en": null,
        "longitude": 13.1784986,
        "latitude": 32.8746942,
        "source": "Tripoli restaurants team KML",
        "source_kml": "data/incoming/tripoli-restaurants.kml",
        "source_record_index": 9,
        "description_ar": "طعام سريع",
        "description_en": null,
        "phone": "091-1139535",
        "email": null,
        "website": null,
        "cuisine_type_ar": null,
        "cuisine_type_en": null,
        "price_level": null,
        "opening_hours": null,
        "status": "active",
        "license_status": null,
        "data_quality_status": "medium",
        "data_review_status": "integrated",
        "source_image_url": "https://mymaps.usercontent.google.com/hostedimage/m/*/3AAjQbR4yv6-9g_-VYagXucsklhK7JO4BiUiX1zoL429Vzk5MI4yTUu7mDWZ8uQbbapsG77rueD4MyCfNgHSuwK_OAHrNJ669k0eFWQSiyJbTPFePO26eELVJ48jQP6LIQbzsW2ERnQ7ysbQaNNBd1xk4eoGlWZSb6cITqh5A2efrsO1oRURdinoRKybTzWe7sBlpwpa-1898aeet2EY1hXNngxHGNhD8taN6pYFfoecrw9ijuLFygRDqmkTSktc?authuser=2&fife=s16383",
        "source_image_provider": "google_mymaps",
        "source_image_status": "temporary_source_reference",
        "local_images": [],
        "image_count": 0,
        "created_at": "2026-08-06",
        "updated_at": "2026-08-06",
        "name_score": 1,
        "coordinate_score": 1,
        "classification_score": 1.0,
        "contact_score": 0.5,
        "image_score": 0.3,
        "completeness_score": 0.45,
        "overall_quality_score": 0.76,
        "data_completeness_percent": 45,
        "missing_fields": [
          "district",
          "website",
          "cuisine",
          "opening_hours",
          "license",
          "image"
        ],
        "match_status": "new_feature",
        "coordinate_review_status": "valid",
        "coordinate_change_reason": null,
        "original_coordinates": [
          13.1784986,
          32.8746942
        ],
        "legacy_ids": [],
        "alias_ids": [],
        "source_records": [],
        "source_files": [],
        "merged_from_ids": [],
        "related_feature_ids": [],
        "relationship_types": [],
        "canonical_id": "LY-FNB-RES-TRI-00009",
        "merge_status": "not_merged",
        "merge_confidence": null,
        "merge_date": null,
        "merge_method": null,
        "merge_notes": null,
        "publication_status": "internal_ready",
        "publication_status_reason": "No blocking review; quality limitations remain disclosed",
        "publication_status_date": "2026-08-06",
        "publication_status_method": "phase_2_rules_v1",
        "operational_status_code": "unknown",
        "operational_status_ar": "غير محدد",
        "weighted_completeness_score": 75.0,
        "critical_fields_completeness": 100.0,
        "supplementary_fields_completeness": 50.0,
        "completeness_method_version": "phase_2_weighted_v1"
      },
      "geometry": {
        "type": "Point",
        "coordinates": [
          13.1784986,
          32.8746942
        ]
      }
    },
    {
      "type": "Feature",
      "id": "LY-FNB-RES-TRI-00010",
      "properties": {
        "id": "LY-FNB-RES-TRI-00010",
        "name_ar": "الأخطبوط للمشاوى والوجبات السريعة",
        "name_en": null,
        "name_normalized_ar": "الاخطبوطللمشاويوالوجباتالسريعه",
        "translation_status": "pending_review",
        "category": "الطعام والشراب",
        "subcategory_ar": "منشأة طعام أخرى",
        "subcategory_en": "Other food establishment",
        "facility_type_code": "restaurant_other",
        "municipality_ar": "طرابلس",
        "municipality_en": "Tripoli",
        "city_ar": "طرابلس",
        "city_en": "Tripoli",
        "district_ar": null,
        "district_en": null,
        "address_ar": "شارع الجمهورية",
        "address_en": null,
        "longitude": 13.1896814,
        "latitude": 32.8830634,
        "source": "Tripoli restaurants team KML",
        "source_kml": "data/incoming/tripoli-restaurants.kml",
        "source_record_index": 10,
        "description_ar": "طعام سريع",
        "description_en": null,
        "phone": "091-0970264",
        "email": null,
        "website": null,
        "cuisine_type_ar": null,
        "cuisine_type_en": null,
        "price_level": null,
        "opening_hours": null,
        "status": "active",
        "license_status": null,
        "data_quality_status": "medium",
        "data_review_status": "integrated",
        "source_image_url": "https://mymaps.usercontent.google.com/hostedimage/m/*/3AAjQbR66GG4PH2WBfeEy1gqzc2ivIGKpfiSLVo26rqfLT_I8VncEPl8sNEl3CTuGwPBLyw_HgyOAqBY-__pbUMp2r4TziQyjICpOvwVRuakVV0Y6ErfnRqMKuKLNOQj79jiWheRIIO_BtQYx5ZXgRmU4JRj3mODrDEYrU4YJ2N2qUdH9n3vrhsy57wpFJueIa7QZOfJ3SDbYIIqgYbRGLruKuz8lBd2EI9sVdN9QjvTNguw-5d2P0WKxVwWmTPs?authuser=2&fife=s16383",
        "source_image_provider": "google_mymaps",
        "source_image_status": "temporary_source_reference",
        "local_images": [],
        "image_count": 0,
        "created_at": "2026-08-06",
        "updated_at": "2026-08-06",
        "name_score": 1,
        "coordinate_score": 1,
        "classification_score": 0.7,
        "contact_score": 0.5,
        "image_score": 0.3,
        "completeness_score": 0.45,
        "overall_quality_score": 0.7,
        "data_completeness_percent": 45,
        "missing_fields": [
          "district",
          "website",
          "cuisine",
          "opening_hours",
          "license",
          "image"
        ],
        "match_status": "new_feature",
        "coordinate_review_status": "valid",
        "coordinate_change_reason": null,
        "original_coordinates": [
          13.1896814,
          32.8830634
        ],
        "legacy_ids": [],
        "alias_ids": [],
        "source_records": [],
        "source_files": [],
        "merged_from_ids": [],
        "related_feature_ids": [],
        "relationship_types": [],
        "canonical_id": "LY-FNB-RES-TRI-00010",
        "merge_status": "not_merged",
        "merge_confidence": null,
        "merge_date": null,
        "merge_method": null,
        "merge_notes": null,
        "publication_status": "internal_ready",
        "publication_status_reason": "No blocking review; quality limitations remain disclosed",
        "publication_status_date": "2026-08-06",
        "publication_status_method": "phase_2_rules_v1",
        "operational_status_code": "unknown",
        "operational_status_ar": "غير محدد",
        "weighted_completeness_score": 75.0,
        "critical_fields_completeness": 100.0,
        "supplementary_fields_completeness": 50.0,
        "completeness_method_version": "phase_2_weighted_v1"
      },
      "geometry": {
        "type": "Point",
        "coordinates": [
          13.1896814,
          32.8830634
        ]
      }
    },
    {
      "type": "Feature",
      "id": "LY-FNB-RES-TRI-00011",
      "properties": {
        "id": "LY-FNB-RES-TRI-00011",
        "name_ar": "دا ميت هاوس",
        "name_en": null,
        "name_normalized_ar": "داميتهاوس",
        "translation_status": "pending_review",
        "category": "الطعام والشراب",
        "subcategory_ar": "منشأة طعام أخرى",
        "subcategory_en": "Other food establishment",
        "facility_type_code": "restaurant_other",
        "municipality_ar": "طرابلس",
        "municipality_en": "Tripoli",
        "city_ar": "طرابلس",
        "city_en": "Tripoli",
        "district_ar": null,
        "district_en": null,
        "address_ar": "شارع جعفر بن أبي طالب المتفرع من شارع الجرابة,",
        "address_en": null,
        "longitude": 13.2032859,
        "latitude": 32.8758394,
        "source": "Tripoli restaurants team KML",
        "source_kml": "data/incoming/tripoli-restaurants.kml",
        "source_record_index": 11,
        "description_ar": "الطعم الحقيقي للمشاوي واللحم المدخّن⊱✧✧✧••",
        "description_en": null,
        "phone": "091-5336722",
        "email": null,
        "website": null,
        "cuisine_type_ar": null,
        "cuisine_type_en": null,
        "price_level": null,
        "opening_hours": null,
        "status": "active",
        "license_status": null,
        "data_quality_status": "medium",
        "data_review_status": "integrated",
        "source_image_url": "https://mymaps.usercontent.google.com/hostedimage/m/*/3AAjQbR6u-mFR2nfnFMjEJDh0dE5Y_-ShZv9bINMQqXFuPtzSBWL8rE16Y6w7l0L0hsK0ySPmxIPtYAU7Df7S2Lno4sT-O7MMECUzP7g13R6n5d-B2Gv1UBkmADLUgT7SKAsv_Bbu9o9AvSVSNXf2m2jZiaJ1HkezeF1Lef36GhTL7T55qIZpQ-7KOcyBzVInLKD4_Djue8czuh5zsSzQhc80Xm3z7f82DJslBa8lsy637NK495gJuAFzY4SYXic?authuser=2&fife=s16383",
        "source_image_provider": "google_mymaps",
        "source_image_status": "temporary_source_reference",
        "local_images": [],
        "image_count": 0,
        "created_at": "2026-08-06",
        "updated_at": "2026-08-06",
        "name_score": 1,
        "coordinate_score": 1,
        "classification_score": 0.7,
        "contact_score": 0.5,
        "image_score": 0.3,
        "completeness_score": 0.45,
        "overall_quality_score": 0.7,
        "data_completeness_percent": 45,
        "missing_fields": [
          "district",
          "website",
          "cuisine",
          "opening_hours",
          "license",
          "image"
        ],
        "match_status": "new_feature",
        "coordinate_review_status": "valid",
        "coordinate_change_reason": null,
        "original_coordinates": [
          13.2032859,
          32.8758394
        ],
        "legacy_ids": [],
        "alias_ids": [],
        "source_records": [],
        "source_files": [],
        "merged_from_ids": [],
        "related_feature_ids": [],
        "relationship_types": [],
        "canonical_id": "LY-FNB-RES-TRI-00011",
        "merge_status": "not_merged",
        "merge_confidence": null,
        "merge_date": null,
        "merge_method": null,
        "merge_notes": null,
        "publication_status": "internal_ready",
        "publication_status_reason": "No blocking review; quality limitations remain disclosed",
        "publication_status_date": "2026-08-06",
        "publication_status_method": "phase_2_rules_v1",
        "operational_status_code": "unknown",
        "operational_status_ar": "غير محدد",
        "weighted_completeness_score": 75.0,
        "critical_fields_completeness": 100.0,
        "supplementary_fields_completeness": 50.0,
        "completeness_method_version": "phase_2_weighted_v1"
      },
      "geometry": {
        "type": "Point",
        "coordinates": [
          13.2032859,
          32.8758394
        ]
      }
    },
    {
      "type": "Feature",
      "id": "LY-FNB-RES-TRI-00012",
      "properties": {
        "id": "LY-FNB-RES-TRI-00012",
        "name_ar": "مطعم الزرقاني للمأكولات الشعبية و الشرقية",
        "name_en": null,
        "name_normalized_ar": "مطعمالزرقانيللماكولاتالشعبيهوالشرقيه",
        "translation_status": "pending_review",
        "category": "الطعام والشراب",
        "subcategory_ar": "مطعم شعبي أو تقليدي",
        "subcategory_en": "Traditional restaurant",
        "facility_type_code": "traditional_restaurant",
        "municipality_ar": "طرابلس",
        "municipality_en": "Tripoli",
        "city_ar": "طرابلس",
        "city_en": "Tripoli",
        "district_ar": null,
        "district_en": null,
        "address_ar": "شارع الزاوية خلف المختبر المرجعي",
        "address_en": null,
        "longitude": 13.1850769,
        "latitude": 32.8826957,
        "source": "Tripoli restaurants team KML",
        "source_kml": "data/incoming/tripoli-restaurants.kml",
        "source_record_index": 12,
        "description_ar": "للمأكولآت الطرآبلسيّة والشّرقيّة",
        "description_en": null,
        "phone": "091-3304800",
        "email": null,
        "website": null,
        "cuisine_type_ar": null,
        "cuisine_type_en": null,
        "price_level": null,
        "opening_hours": null,
        "status": "active",
        "license_status": null,
        "data_quality_status": "medium",
        "data_review_status": "integrated",
        "source_image_url": null,
        "source_image_provider": null,
        "source_image_status": "no_image",
        "local_images": [],
        "image_count": 0,
        "created_at": "2026-08-06",
        "updated_at": "2026-08-06",
        "name_score": 1,
        "coordinate_score": 1,
        "classification_score": 1.0,
        "contact_score": 0.5,
        "image_score": 0,
        "completeness_score": 0.45,
        "overall_quality_score": 0.7,
        "data_completeness_percent": 45,
        "missing_fields": [
          "district",
          "website",
          "cuisine",
          "opening_hours",
          "license",
          "image"
        ],
        "match_status": "new_feature",
        "coordinate_review_status": "valid",
        "coordinate_change_reason": null,
        "original_coordinates": [
          13.1850769,
          32.8826957
        ],
        "legacy_ids": [],
        "alias_ids": [],
        "source_records": [],
        "source_files": [],
        "merged_from_ids": [],
        "related_feature_ids": [],
        "relationship_types": [],
        "canonical_id": "LY-FNB-RES-TRI-00012",
        "merge_status": "not_merged",
        "merge_confidence": null,
        "merge_date": null,
        "merge_method": null,
        "merge_notes": null,
        "publication_status": "internal_ready",
        "publication_status_reason": "No blocking review; quality limitations remain disclosed",
        "publication_status_date": "2026-08-06",
        "publication_status_method": "phase_2_rules_v1",
        "operational_status_code": "unknown",
        "operational_status_ar": "غير محدد",
        "weighted_completeness_score": 75.0,
        "critical_fields_completeness": 100.0,
        "supplementary_fields_completeness": 50.0,
        "completeness_method_version": "phase_2_weighted_v1"
      },
      "geometry": {
        "type": "Point",
        "coordinates": [
          13.1850769,
          32.8826957
        ]
      }
    },
    {
      "type": "Feature",
      "id": "LY-FNB-RES-TRI-00013",
      "properties": {
        "id": "LY-FNB-RES-TRI-00013",
        "name_ar": "بيتزا الفورنو شارع الجمهورية",
        "name_en": null,
        "name_normalized_ar": "بيتزاالفورنوشارعالجمهوريه",
        "translation_status": "pending_review",
        "category": "الطعام والشراب",
        "subcategory_ar": "وجبات سريعة",
        "subcategory_en": "Fast food",
        "facility_type_code": "fast_food",
        "municipality_ar": "طرابلس",
        "municipality_en": "Tripoli",
        "city_ar": "طرابلس",
        "city_en": "Tripoli",
        "district_ar": null,
        "district_en": null,
        "address_ar": "طرابلس شارع الجمهورية",
        "address_en": null,
        "longitude": 13.1836263,
        "latitude": 32.8804167,
        "source": "Tripoli restaurants team KML",
        "source_kml": "data/incoming/tripoli-restaurants.kml",
        "source_record_index": 13,
        "description_ar": "المدينة/العنوان: طرابلس شارع الجمهورية الهاتف: 091-8806005",
        "description_en": null,
        "phone": "091-8806005",
        "email": null,
        "website": null,
        "cuisine_type_ar": null,
        "cuisine_type_en": null,
        "price_level": null,
        "opening_hours": null,
        "status": "active",
        "license_status": null,
        "data_quality_status": "medium",
        "data_review_status": "integrated",
        "source_image_url": null,
        "source_image_provider": null,
        "source_image_status": "no_image",
        "local_images": [],
        "image_count": 0,
        "created_at": "2026-08-06",
        "updated_at": "2026-08-06",
        "name_score": 1,
        "coordinate_score": 1,
        "classification_score": 1.0,
        "contact_score": 0.5,
        "image_score": 0,
        "completeness_score": 0.45,
        "overall_quality_score": 0.7,
        "data_completeness_percent": 45,
        "missing_fields": [
          "district",
          "website",
          "cuisine",
          "opening_hours",
          "license",
          "image"
        ],
        "match_status": "new_feature",
        "coordinate_review_status": "valid",
        "coordinate_change_reason": null,
        "original_coordinates": [
          13.1836263,
          32.8804167
        ],
        "legacy_ids": [],
        "alias_ids": [],
        "source_records": [],
        "source_files": [],
        "merged_from_ids": [],
        "related_feature_ids": [],
        "relationship_types": [],
        "canonical_id": "LY-FNB-RES-TRI-00013",
        "merge_status": "not_merged",
        "merge_confidence": null,
        "merge_date": null,
        "merge_method": null,
        "merge_notes": null,
        "publication_status": "internal_ready",
        "publication_status_reason": "No blocking review; quality limitations remain disclosed",
        "publication_status_date": "2026-08-06",
        "publication_status_method": "phase_2_rules_v1",
        "operational_status_code": "unknown",
        "operational_status_ar": "غير محدد",
        "weighted_completeness_score": 75.0,
        "critical_fields_completeness": 100.0,
        "supplementary_fields_completeness": 50.0,
        "completeness_method_version": "phase_2_weighted_v1"
      },
      "geometry": {
        "type": "Point",
        "coordinates": [
          13.1836263,
          32.8804167
        ]
      }
    },
    {
      "type": "Feature",
      "id": "LY-FNB-RES-TRI-00014",
      "properties": {
        "id": "LY-FNB-RES-TRI-00014",
        "name_ar": "مطعم السفير",
        "name_en": null,
        "name_normalized_ar": "مطعمالسفير",
        "translation_status": "pending_review",
        "category": "الطعام والشراب",
        "subcategory_ar": "مطعم",
        "subcategory_en": "Restaurant",
        "facility_type_code": "restaurant",
        "municipality_ar": "طرابلس",
        "municipality_en": "Tripoli",
        "city_ar": "طرابلس",
        "city_en": "Tripoli",
        "district_ar": null,
        "district_en": null,
        "address_ar": "شارع البلدية خلف الفندق الكبير",
        "address_en": null,
        "longitude": 13.1843559,
        "latitude": 32.8928658,
        "source": "Tripoli restaurants team KML",
        "source_kml": "data/incoming/tripoli-restaurants.kml",
        "source_record_index": 14,
        "description_ar": "متخصص في الأكل الهندي",
        "description_en": null,
        "phone": "091-6464305",
        "email": null,
        "website": null,
        "cuisine_type_ar": null,
        "cuisine_type_en": null,
        "price_level": null,
        "opening_hours": null,
        "status": "active",
        "license_status": null,
        "data_quality_status": "medium",
        "data_review_status": "integrated",
        "source_image_url": null,
        "source_image_provider": null,
        "source_image_status": "no_image",
        "local_images": [],
        "image_count": 0,
        "created_at": "2026-08-06",
        "updated_at": "2026-08-06",
        "name_score": 1,
        "coordinate_score": 1,
        "classification_score": 1.0,
        "contact_score": 0.5,
        "image_score": 0,
        "completeness_score": 0.45,
        "overall_quality_score": 0.7,
        "data_completeness_percent": 45,
        "missing_fields": [
          "district",
          "website",
          "cuisine",
          "opening_hours",
          "license",
          "image"
        ],
        "match_status": "new_feature",
        "coordinate_review_status": "valid",
        "coordinate_change_reason": null,
        "original_coordinates": [
          13.1843559,
          32.8928658
        ],
        "legacy_ids": [],
        "alias_ids": [],
        "source_records": [],
        "source_files": [],
        "merged_from_ids": [],
        "related_feature_ids": [],
        "relationship_types": [],
        "canonical_id": "LY-FNB-RES-TRI-00014",
        "merge_status": "not_merged",
        "merge_confidence": null,
        "merge_date": null,
        "merge_method": null,
        "merge_notes": null,
        "publication_status": "internal_ready",
        "publication_status_reason": "No blocking review; quality limitations remain disclosed",
        "publication_status_date": "2026-08-06",
        "publication_status_method": "phase_2_rules_v1",
        "operational_status_code": "unknown",
        "operational_status_ar": "غير محدد",
        "weighted_completeness_score": 75.0,
        "critical_fields_completeness": 100.0,
        "supplementary_fields_completeness": 50.0,
        "completeness_method_version": "phase_2_weighted_v1"
      },
      "geometry": {
        "type": "Point",
        "coordinates": [
          13.1843559,
          32.8928658
        ]
      }
    },
    {
      "type": "Feature",
      "id": "LY-FNB-RES-TRI-00015",
      "properties": {
        "id": "LY-FNB-RES-TRI-00015",
        "name_ar": "مطعم لاباديلا",
        "name_en": null,
        "name_normalized_ar": "مطعملاباديلا",
        "translation_status": "pending_review",
        "category": "الطعام والشراب",
        "subcategory_ar": "مطعم",
        "subcategory_en": "Restaurant",
        "facility_type_code": "restaurant",
        "municipality_ar": "طرابلس",
        "municipality_en": "Tripoli",
        "city_ar": "طرابلس",
        "city_en": "Tripoli",
        "district_ar": null,
        "district_en": null,
        "address_ar": "النوفليين",
        "address_en": null,
        "longitude": 13.209313,
        "latitude": 32.887671,
        "source": "Tripoli restaurants team KML",
        "source_kml": "data/incoming/tripoli-restaurants.kml",
        "source_record_index": 15,
        "description_ar": "النوع: متنوع الهاتف: 0928479090 العنوان: النوفليين",
        "description_en": null,
        "phone": "0928479090",
        "email": null,
        "website": null,
        "cuisine_type_ar": null,
        "cuisine_type_en": null,
        "price_level": null,
        "opening_hours": null,
        "status": "active",
        "license_status": null,
        "data_quality_status": "medium",
        "data_review_status": "integrated",
        "source_image_url": "https://mymaps.usercontent.google.com/hostedimage/m/*/3AAjQbR7gPz8S6nHPbBu2uf3kjhVSVtmHPSwU8qoC_GT8xZyK_OG-I0Mf4PxGcd0R7XFRKMs68ue-nnmhr4X-9xc0gmwvtI5N7c9y9sYdbT2xnHwh7HcxfqdTMkShz6GjcLMWHXjvMPmLYQqowGg4ZxFgi82ies_WuknfT7HCQCN32uucEIbEOcKNlWF6BBkdDJAgkTXUuQ6L_EqLH85EP6lg_RBOlx7E38UxQokwsUBKmLMrSjtT1owYNRnQm1U?authuser=2&fife=s16383",
        "source_image_provider": "google_mymaps",
        "source_image_status": "temporary_source_reference",
        "local_images": [],
        "image_count": 0,
        "created_at": "2026-08-06",
        "updated_at": "2026-08-06",
        "name_score": 1,
        "coordinate_score": 1,
        "classification_score": 1.0,
        "contact_score": 0.5,
        "image_score": 0.3,
        "completeness_score": 0.45,
        "overall_quality_score": 0.76,
        "data_completeness_percent": 45,
        "missing_fields": [
          "district",
          "website",
          "cuisine",
          "opening_hours",
          "license",
          "image"
        ],
        "match_status": "new_feature",
        "coordinate_review_status": "valid",
        "coordinate_change_reason": null,
        "original_coordinates": [
          13.209313,
          32.887671
        ],
        "legacy_ids": [],
        "alias_ids": [],
        "source_records": [],
        "source_files": [],
        "merged_from_ids": [],
        "related_feature_ids": [],
        "relationship_types": [],
        "canonical_id": "LY-FNB-RES-TRI-00015",
        "merge_status": "not_merged",
        "merge_confidence": null,
        "merge_date": null,
        "merge_method": null,
        "merge_notes": null,
        "publication_status": "internal_ready",
        "publication_status_reason": "No blocking review; quality limitations remain disclosed",
        "publication_status_date": "2026-08-06",
        "publication_status_method": "phase_2_rules_v1",
        "operational_status_code": "unknown",
        "operational_status_ar": "غير محدد",
        "weighted_completeness_score": 75.0,
        "critical_fields_completeness": 100.0,
        "supplementary_fields_completeness": 50.0,
        "completeness_method_version": "phase_2_weighted_v1"
      },
      "geometry": {
        "type": "Point",
        "coordinates": [
          13.209313,
          32.887671
        ]
      }
    },
    {
      "type": "Feature",
      "id": "LY-FNB-RES-TRI-00016",
      "properties": {
        "id": "LY-FNB-RES-TRI-00016",
        "name_ar": "الاخطبوط للمشاوي و الوجبات السريعة و فواكه البحر - الظهر",
        "name_en": null,
        "name_normalized_ar": "الاخطبوطللمشاويوالوجباتالسريعهوفواكهالبحرالظهر",
        "translation_status": "pending_review",
        "category": "الطعام والشراب",
        "subcategory_ar": "مطعم أسماك ومأكولات بحرية",
        "subcategory_en": "Seafood restaurant",
        "facility_type_code": "seafood_restaurant",
        "municipality_ar": "طرابلس",
        "municipality_en": "Tripoli",
        "city_ar": "طرابلس",
        "city_en": "Tripoli",
        "district_ar": null,
        "district_en": null,
        "address_ar": "شارع الجمهورية",
        "address_en": null,
        "longitude": 13.197489,
        "latitude": 32.890678,
        "source": "Tripoli restaurants team KML",
        "source_kml": "data/incoming/tripoli-restaurants.kml",
        "source_record_index": 16,
        "description_ar": "مطعم طعام سريع",
        "description_en": null,
        "phone": "091-0970264",
        "email": null,
        "website": null,
        "cuisine_type_ar": null,
        "cuisine_type_en": null,
        "price_level": null,
        "opening_hours": null,
        "status": "active",
        "license_status": null,
        "data_quality_status": "medium",
        "data_review_status": "integrated",
        "source_image_url": "https://mymaps.usercontent.google.com/hostedimage/m/*/3AAjQbR74v8qL1pFIqWcF23YOekWQsMMZhyU46e6g0jUc2VPDOfV44EGXbMyX_taygK99mwdc7seZKCguQGAMUu7qqi-ToD5S3TCU5sA09NoA8WToDEOKkxVzkCEDawRdSmD94QKTPzsO1TPh2RDEAxG-VHERiUTFfZ420pbJOv8ewBHqwTBvESzPUJK5PtIDT9zeUgXF5Gj0RCyZlJvl16R7T1VKH4GY_KsFgukyurU58nFID-TXuutWmITjxj0?authuser=2&fife=s16383",
        "source_image_provider": "google_mymaps",
        "source_image_status": "temporary_source_reference",
        "local_images": [],
        "image_count": 0,
        "created_at": "2026-08-06",
        "updated_at": "2026-08-06",
        "name_score": 1,
        "coordinate_score": 1,
        "classification_score": 1.0,
        "contact_score": 0.5,
        "image_score": 0.3,
        "completeness_score": 0.45,
        "overall_quality_score": 0.76,
        "data_completeness_percent": 45,
        "missing_fields": [
          "district",
          "website",
          "cuisine",
          "opening_hours",
          "license",
          "image"
        ],
        "match_status": "new_feature",
        "coordinate_review_status": "valid",
        "coordinate_change_reason": null,
        "original_coordinates": [
          13.197489,
          32.890678
        ],
        "legacy_ids": [],
        "alias_ids": [],
        "source_records": [],
        "source_files": [],
        "merged_from_ids": [],
        "related_feature_ids": [],
        "relationship_types": [],
        "canonical_id": "LY-FNB-RES-TRI-00016",
        "merge_status": "not_merged",
        "merge_confidence": null,
        "merge_date": null,
        "merge_method": null,
        "merge_notes": null,
        "publication_status": "internal_ready",
        "publication_status_reason": "No blocking review; quality limitations remain disclosed",
        "publication_status_date": "2026-08-06",
        "publication_status_method": "phase_2_rules_v1",
        "operational_status_code": "unknown",
        "operational_status_ar": "غير محدد",
        "weighted_completeness_score": 75.0,
        "critical_fields_completeness": 100.0,
        "supplementary_fields_completeness": 50.0,
        "completeness_method_version": "phase_2_weighted_v1"
      },
      "geometry": {
        "type": "Point",
        "coordinates": [
          13.197489,
          32.890678
        ]
      }
    },
    {
      "type": "Feature",
      "id": "LY-FNB-RES-TRI-00017",
      "properties": {
        "id": "LY-FNB-RES-TRI-00017",
        "name_ar": "الانيا قريل- شواية",
        "name_en": null,
        "name_normalized_ar": "الانياقريلشوايه",
        "translation_status": "pending_review",
        "category": "الطعام والشراب",
        "subcategory_ar": "مطعم",
        "subcategory_en": "Restaurant",
        "facility_type_code": "restaurant",
        "municipality_ar": "طرابلس",
        "municipality_en": "Tripoli",
        "city_ar": "طرابلس",
        "city_en": "Tripoli",
        "district_ar": null,
        "district_en": null,
        "address_ar": "طرابلس – النوفليين",
        "address_en": null,
        "longitude": 13.209232,
        "latitude": 32.892975,
        "source": "Tripoli restaurants team KML",
        "source_kml": "data/incoming/tripoli-restaurants.kml",
        "source_record_index": 17,
        "description_ar": "النوع: الهاتف: 091-6649090 العنوان: طرابلس – النوفليين الخدمات المتوفرة: مطعم يقدم أطباق اللحم المشوي",
        "description_en": null,
        "phone": "091-6649090",
        "email": null,
        "website": null,
        "cuisine_type_ar": null,
        "cuisine_type_en": null,
        "price_level": null,
        "opening_hours": null,
        "status": "active",
        "license_status": null,
        "data_quality_status": "medium",
        "data_review_status": "integrated",
        "source_image_url": "https://mymaps.usercontent.google.com/hostedimage/m/*/3AAjQbR7oZ9dk3jxLwm-YI-AWY5oBOT7845FTsMsSdx6MxrVNl0wgDIh2fT00vei1LU5-MEJZYTjYYh57-h7Gi4HMXUjBfTdfjhEkvSkK2_VF83z9vvx1n1o0ii5n5xFg0e-WBum2L2rRk9bkc75tcCsgWZ9lIosoy-65m9by9acMxy56UoYlwHkLOGjaU2n1Rc1o3K0WsiRj6rogjoWzOt5IxYZiOSAKBCpsenxtPeGDQcagR2d_fbutizYTETE?authuser=2&fife=s16383",
        "source_image_provider": "google_mymaps",
        "source_image_status": "temporary_source_reference",
        "local_images": [],
        "image_count": 0,
        "created_at": "2026-08-06",
        "updated_at": "2026-08-06",
        "name_score": 1,
        "coordinate_score": 1,
        "classification_score": 1.0,
        "contact_score": 0.5,
        "image_score": 0.3,
        "completeness_score": 0.45,
        "overall_quality_score": 0.76,
        "data_completeness_percent": 45,
        "missing_fields": [
          "district",
          "website",
          "cuisine",
          "opening_hours",
          "license",
          "image"
        ],
        "match_status": "new_feature",
        "coordinate_review_status": "valid",
        "coordinate_change_reason": null,
        "original_coordinates": [
          13.209232,
          32.892975
        ],
        "legacy_ids": [],
        "alias_ids": [],
        "source_records": [],
        "source_files": [],
        "merged_from_ids": [],
        "related_feature_ids": [],
        "relationship_types": [],
        "canonical_id": "LY-FNB-RES-TRI-00017",
        "merge_status": "not_merged",
        "merge_confidence": null,
        "merge_date": null,
        "merge_method": null,
        "merge_notes": null,
        "publication_status": "internal_ready",
        "publication_status_reason": "No blocking review; quality limitations remain disclosed",
        "publication_status_date": "2026-08-06",
        "publication_status_method": "phase_2_rules_v1",
        "operational_status_code": "unknown",
        "operational_status_ar": "غير محدد",
        "weighted_completeness_score": 75.0,
        "critical_fields_completeness": 100.0,
        "supplementary_fields_completeness": 50.0,
        "completeness_method_version": "phase_2_weighted_v1"
      },
      "geometry": {
        "type": "Point",
        "coordinates": [
          13.209232,
          32.892975
        ]
      }
    },
    {
      "type": "Feature",
      "id": "LY-FNB-RES-TRI-00018",
      "properties": {
        "id": "LY-FNB-RES-TRI-00018",
        "name_ar": "مذاق بكستاني - مطعم",
        "name_en": null,
        "name_normalized_ar": "مذاقبكستانيمطعم",
        "translation_status": "pending_review",
        "category": "الطعام والشراب",
        "subcategory_ar": "مطعم دولي",
        "subcategory_en": "International restaurant",
        "facility_type_code": "international_restaurant",
        "municipality_ar": "طرابلس",
        "municipality_en": "Tripoli",
        "city_ar": "طرابلس",
        "city_en": "Tripoli",
        "district_ar": null,
        "district_en": null,
        "address_ar": "زاوية الدهماني",
        "address_en": null,
        "longitude": 13.203065,
        "latitude": 32.894209,
        "source": "Tripoli restaurants team KML",
        "source_kml": "data/incoming/tripoli-restaurants.kml",
        "source_record_index": 18,
        "description_ar": "النوع: الهاتف: 0918002803 العنوان: زاوية الدهماني الخدمات المتوفرة: مطعم باكستاني اصيل في ليبيا ، يقدم أفضل طعم للمأكولات الباكستانية بطابع باكستاني كامل",
        "description_en": null,
        "phone": "0918002803",
        "email": null,
        "website": null,
        "cuisine_type_ar": null,
        "cuisine_type_en": null,
        "price_level": null,
        "opening_hours": null,
        "status": "active",
        "license_status": null,
        "data_quality_status": "medium",
        "data_review_status": "integrated",
        "source_image_url": "https://mymaps.usercontent.google.com/hostedimage/m/*/3AAjQbR6jr6cUzlSYqQ9SeZ7ZqqdLbSZjiF0Y9sYrj7sdEzLpZRsib6wxi5g3IEKT9YBn4xCPm0CXyGyCB0JtYASvLmQ5EaD-SwL3epUCI_g_jiGQU3IG9nsN080GBoCokZLjv24XFfSsLVxZ8IOLoW8yaoQ2osxWxYE0KFApXfjVagCnUOXVRv-uOvY7epVI6--C3udxRlZUY_RbDdYeLUV-wIfNp9HNpVJFWti6ouW4nrEFIm3OGX-tbPfQ-xs?authuser=2&fife=s16383",
        "source_image_provider": "google_mymaps",
        "source_image_status": "temporary_source_reference",
        "local_images": [],
        "image_count": 0,
        "created_at": "2026-08-06",
        "updated_at": "2026-08-06",
        "name_score": 1,
        "coordinate_score": 1,
        "classification_score": 1.0,
        "contact_score": 0.5,
        "image_score": 0.3,
        "completeness_score": 0.45,
        "overall_quality_score": 0.76,
        "data_completeness_percent": 45,
        "missing_fields": [
          "district",
          "website",
          "cuisine",
          "opening_hours",
          "license",
          "image"
        ],
        "match_status": "new_feature",
        "coordinate_review_status": "valid",
        "coordinate_change_reason": null,
        "original_coordinates": [
          13.203065,
          32.894209
        ],
        "legacy_ids": [],
        "alias_ids": [],
        "source_records": [],
        "source_files": [],
        "merged_from_ids": [],
        "related_feature_ids": [],
        "relationship_types": [],
        "canonical_id": "LY-FNB-RES-TRI-00018",
        "merge_status": "not_merged",
        "merge_confidence": null,
        "merge_date": null,
        "merge_method": null,
        "merge_notes": null,
        "publication_status": "internal_ready",
        "publication_status_reason": "No blocking review; quality limitations remain disclosed",
        "publication_status_date": "2026-08-06",
        "publication_status_method": "phase_2_rules_v1",
        "operational_status_code": "unknown",
        "operational_status_ar": "غير محدد",
        "weighted_completeness_score": 75.0,
        "critical_fields_completeness": 100.0,
        "supplementary_fields_completeness": 50.0,
        "completeness_method_version": "phase_2_weighted_v1"
      },
      "geometry": {
        "type": "Point",
        "coordinates": [
          13.203065,
          32.894209
        ]
      }
    },
    {
      "type": "Feature",
      "id": "LY-FNB-RES-TRI-00019",
      "properties": {
        "id": "LY-FNB-RES-TRI-00019",
        "name_ar": "مطعم شوايا",
        "name_en": null,
        "name_normalized_ar": "مطعمشوايا",
        "translation_status": "pending_review",
        "category": "الطعام والشراب",
        "subcategory_ar": "مطعم",
        "subcategory_en": "Restaurant",
        "facility_type_code": "restaurant",
        "municipality_ar": "طرابلس",
        "municipality_en": "Tripoli",
        "city_ar": "طرابلس",
        "city_en": "Tripoli",
        "district_ar": null,
        "district_en": null,
        "address_ar": "شارع جرابة",
        "address_en": null,
        "longitude": 13.20639,
        "latitude": 32.875296,
        "source": "Tripoli restaurants team KML",
        "source_kml": "data/incoming/tripoli-restaurants.kml",
        "source_record_index": 19,
        "description_ar": "مطعم شوى",
        "description_en": null,
        "phone": "092-3407818",
        "email": null,
        "website": null,
        "cuisine_type_ar": null,
        "cuisine_type_en": null,
        "price_level": null,
        "opening_hours": null,
        "status": "active",
        "license_status": null,
        "data_quality_status": "medium",
        "data_review_status": "integrated",
        "source_image_url": "https://mymaps.usercontent.google.com/hostedimage/m/*/3AAjQbR563oInuxx3wVBB-qfl3kKs1tQ1SKf9r7vMaxI-E_o-CxtPxnhOIz3ExI7Axoy5dvoXv5OYf-bVKrc3ILAZFUtRsqP1aVD5hT1w8tsnW98MozYXKltZ2RtwMgGH8UWYV1hN3J_OFAf1CKdUy6VIm0qMhvP488utenTOzPjaeQUPZZzRRpIpGEu9izfAwece2yHz6xRPIO90aWj9zBhJlU5d1FZbcsCWTyPKtUBG-vfjKO6t5Ym9zbmfs1g?authuser=2&fife=s16383",
        "source_image_provider": "google_mymaps",
        "source_image_status": "temporary_source_reference",
        "local_images": [],
        "image_count": 0,
        "created_at": "2026-08-06",
        "updated_at": "2026-08-06",
        "name_score": 1,
        "coordinate_score": 1,
        "classification_score": 1.0,
        "contact_score": 0.5,
        "image_score": 0.3,
        "completeness_score": 0.45,
        "overall_quality_score": 0.76,
        "data_completeness_percent": 45,
        "missing_fields": [
          "district",
          "website",
          "cuisine",
          "opening_hours",
          "license",
          "image"
        ],
        "match_status": "new_feature",
        "coordinate_review_status": "valid",
        "coordinate_change_reason": null,
        "original_coordinates": [
          13.20639,
          32.875296
        ],
        "legacy_ids": [],
        "alias_ids": [],
        "source_records": [],
        "source_files": [],
        "merged_from_ids": [],
        "related_feature_ids": [],
        "relationship_types": [],
        "canonical_id": "LY-FNB-RES-TRI-00019",
        "merge_status": "not_merged",
        "merge_confidence": null,
        "merge_date": null,
        "merge_method": null,
        "merge_notes": null,
        "publication_status": "internal_ready",
        "publication_status_reason": "No blocking review; quality limitations remain disclosed",
        "publication_status_date": "2026-08-06",
        "publication_status_method": "phase_2_rules_v1",
        "operational_status_code": "unknown",
        "operational_status_ar": "غير محدد",
        "weighted_completeness_score": 75.0,
        "critical_fields_completeness": 100.0,
        "supplementary_fields_completeness": 50.0,
        "completeness_method_version": "phase_2_weighted_v1"
      },
      "geometry": {
        "type": "Point",
        "coordinates": [
          13.20639,
          32.875296
        ]
      }
    },
    {
      "type": "Feature",
      "id": "LY-FNB-RES-TRI-00020",
      "properties": {
        "id": "LY-FNB-RES-TRI-00020",
        "name_ar": "مطعم القصر",
        "name_en": null,
        "name_normalized_ar": "مطعمالقصر",
        "translation_status": "pending_review",
        "category": "الطعام والشراب",
        "subcategory_ar": "مطعم دولي",
        "subcategory_en": "International restaurant",
        "facility_type_code": "international_restaurant",
        "municipality_ar": "طرابلس",
        "municipality_en": "Tripoli",
        "city_ar": "طرابلس",
        "city_en": "Tripoli",
        "district_ar": null,
        "district_en": null,
        "address_ar": "طرابلس",
        "address_en": null,
        "longitude": 13.188201,
        "latitude": 32.889291,
        "source": "Tripoli restaurants team KML",
        "source_kml": "data/incoming/tripoli-restaurants.kml",
        "source_record_index": 20,
        "description_ar": "مطعم إيطالي",
        "description_en": null,
        "phone": "092-3771158",
        "email": null,
        "website": null,
        "cuisine_type_ar": null,
        "cuisine_type_en": null,
        "price_level": null,
        "opening_hours": null,
        "status": "active",
        "license_status": null,
        "data_quality_status": "medium",
        "data_review_status": "integrated",
        "source_image_url": "https://mymaps.usercontent.google.com/hostedimage/m/*/3AAjQbR7yzDT7okN4fCFjUeWge2--4BzTJBYcjdNiJbTrBjWLyraLE5WQE0xipGUTdkiRIHal7EsYY6eb8pBv_U6wGnqZIhfO3eEXbA8W2QGlEyn7kR0KDcPD-DtmvsTglXVy1sa1ARcOoSUAhypDZBW6nJ2_U-vKbEM7B4e7lq5nShv_x_Wma3EfmGiWsk62qx3VYb7-SRsi2gaAgGgVQ4XopaSjbbCgW-BRAb5mIdmKjBBU4jLLg0pu9HIKU6I?authuser=2&fife=s16383",
        "source_image_provider": "google_mymaps",
        "source_image_status": "temporary_source_reference",
        "local_images": [],
        "image_count": 0,
        "created_at": "2026-08-06",
        "updated_at": "2026-08-06",
        "name_score": 1,
        "coordinate_score": 1,
        "classification_score": 1.0,
        "contact_score": 0.5,
        "image_score": 0.3,
        "completeness_score": 0.45,
        "overall_quality_score": 0.76,
        "data_completeness_percent": 45,
        "missing_fields": [
          "district",
          "website",
          "cuisine",
          "opening_hours",
          "license",
          "image"
        ],
        "match_status": "new_feature",
        "coordinate_review_status": "valid",
        "coordinate_change_reason": null,
        "original_coordinates": [
          13.188201,
          32.889291
        ],
        "legacy_ids": [],
        "alias_ids": [],
        "source_records": [],
        "source_files": [],
        "merged_from_ids": [],
        "related_feature_ids": [],
        "relationship_types": [],
        "canonical_id": "LY-FNB-RES-TRI-00020",
        "merge_status": "not_merged",
        "merge_confidence": null,
        "merge_date": null,
        "merge_method": null,
        "merge_notes": null,
        "publication_status": "internal_ready",
        "publication_status_reason": "No blocking review; quality limitations remain disclosed",
        "publication_status_date": "2026-08-06",
        "publication_status_method": "phase_2_rules_v1",
        "operational_status_code": "unknown",
        "operational_status_ar": "غير محدد",
        "weighted_completeness_score": 75.0,
        "critical_fields_completeness": 100.0,
        "supplementary_fields_completeness": 50.0,
        "completeness_method_version": "phase_2_weighted_v1"
      },
      "geometry": {
        "type": "Point",
        "coordinates": [
          13.188201,
          32.889291
        ]
      }
    },
    {
      "type": "Feature",
      "id": "LY-FNB-RES-TRI-00021",
      "properties": {
        "id": "LY-FNB-RES-TRI-00021",
        "name_ar": "مطعم أورجينال",
        "name_en": null,
        "name_normalized_ar": "مطعماورجينال",
        "translation_status": "pending_review",
        "category": "الطعام والشراب",
        "subcategory_ar": "مطعم دولي",
        "subcategory_en": "International restaurant",
        "facility_type_code": "international_restaurant",
        "municipality_ar": "طرابلس",
        "municipality_en": "Tripoli",
        "city_ar": "طرابلس",
        "city_en": "Tripoli",
        "district_ar": null,
        "district_en": null,
        "address_ar": "طرابلس",
        "address_en": null,
        "longitude": 13.191188,
        "latitude": 32.885937,
        "source": "Tripoli restaurants team KML",
        "source_kml": "data/incoming/tripoli-restaurants.kml",
        "source_record_index": 21,
        "description_ar": "متخصص بالأكل الإيطالي",
        "description_en": null,
        "phone": "091-1706565",
        "email": null,
        "website": null,
        "cuisine_type_ar": null,
        "cuisine_type_en": null,
        "price_level": null,
        "opening_hours": null,
        "status": "active",
        "license_status": null,
        "data_quality_status": "medium",
        "data_review_status": "integrated",
        "source_image_url": "https://mymaps.usercontent.google.com/hostedimage/m/*/3AAjQbR79s19kinXiuyZwbYN70qvVtMmogbvbSnN6y7mK2dcrkT1CSnX6S6pAUXrVIPqpuXKD_djcreEMdpaXef2qPv_29vtTi9Unr3fnuJ_KTk2DijGmwkPGrRMcsPUZ9SBIfLyiXY5jojTSIQYx1gi8pUnIenfK5tm6QnXMEu3_RlRK4Rj0xx4D4EhaSrCmjJde6lFZ0IP69hPyuu1Up6hJkW_b0qHVAz77x8I7rdJ5Vv_kkAFUKJXsNeXN4Dk?authuser=2&fife=s16383",
        "source_image_provider": "google_mymaps",
        "source_image_status": "temporary_source_reference",
        "local_images": [],
        "image_count": 0,
        "created_at": "2026-08-06",
        "updated_at": "2026-08-06",
        "name_score": 1,
        "coordinate_score": 1,
        "classification_score": 1.0,
        "contact_score": 0.5,
        "image_score": 0.3,
        "completeness_score": 0.45,
        "overall_quality_score": 0.76,
        "data_completeness_percent": 45,
        "missing_fields": [
          "district",
          "website",
          "cuisine",
          "opening_hours",
          "license",
          "image"
        ],
        "match_status": "new_feature",
        "coordinate_review_status": "valid",
        "coordinate_change_reason": null,
        "original_coordinates": [
          13.191188,
          32.885937
        ],
        "legacy_ids": [],
        "alias_ids": [],
        "source_records": [],
        "source_files": [],
        "merged_from_ids": [],
        "related_feature_ids": [],
        "relationship_types": [],
        "canonical_id": "LY-FNB-RES-TRI-00021",
        "merge_status": "not_merged",
        "merge_confidence": null,
        "merge_date": null,
        "merge_method": null,
        "merge_notes": null,
        "publication_status": "internal_ready",
        "publication_status_reason": "No blocking review; quality limitations remain disclosed",
        "publication_status_date": "2026-08-06",
        "publication_status_method": "phase_2_rules_v1",
        "operational_status_code": "unknown",
        "operational_status_ar": "غير محدد",
        "weighted_completeness_score": 75.0,
        "critical_fields_completeness": 100.0,
        "supplementary_fields_completeness": 50.0,
        "completeness_method_version": "phase_2_weighted_v1"
      },
      "geometry": {
        "type": "Point",
        "coordinates": [
          13.191188,
          32.885937
        ]
      }
    },
    {
      "type": "Feature",
      "id": "LY-FNB-RES-TRI-00022",
      "properties": {
        "id": "LY-FNB-RES-TRI-00022",
        "name_ar": "VIA MERCATO LY",
        "name_en": null,
        "name_normalized_ar": "viamercatoly",
        "translation_status": "pending_review",
        "category": "الطعام والشراب",
        "subcategory_ar": "مطعم دولي",
        "subcategory_en": "International restaurant",
        "facility_type_code": "international_restaurant",
        "municipality_ar": "طرابلس",
        "municipality_en": "Tripoli",
        "city_ar": "طرابلس",
        "city_en": "Tripoli",
        "district_ar": null,
        "district_en": null,
        "address_ar": "الظهرة - مقابل دار الافتاء",
        "address_en": null,
        "longitude": 13.190645,
        "latitude": 32.886498,
        "source": "Tripoli restaurants team KML",
        "source_kml": "data/incoming/tripoli-restaurants.kml",
        "source_record_index": 22,
        "description_ar": "الهاتف: 094-2111011 النوع: إفطار إيطالي العنوان: الظهرة - مقابل دار الافتاء",
        "description_en": null,
        "phone": "094-2111011",
        "email": null,
        "website": null,
        "cuisine_type_ar": null,
        "cuisine_type_en": null,
        "price_level": null,
        "opening_hours": null,
        "status": "active",
        "license_status": null,
        "data_quality_status": "medium",
        "data_review_status": "integrated",
        "source_image_url": "https://mymaps.usercontent.google.com/hostedimage/m/*/3AAjQbR6m-M9BCloYDGkR-MHWF4hI2KIGEcmV3RQkMEleoRt18EtEjCatduixJNIfTrlBJF4cVMHWnSfBxiR2iVOC7SUViSfJHL1nI48WWmEOPISinKfyzYaSRoc4WiPxBfifvGJij5Jf_LI9xwnhDqtryfTN7hnJk0uBN4heL6Yq_TFTzbw8TzJLOjB0R8U-nECBNrDDxoPBWNjFGfHX03FTIH8PgkDv42w0xKjqRsIMxqwLfvuApEDTgzVm8hI?authuser=2&fife=s16383",
        "source_image_provider": "google_mymaps",
        "source_image_status": "temporary_source_reference",
        "local_images": [],
        "image_count": 0,
        "created_at": "2026-08-06",
        "updated_at": "2026-08-06",
        "name_score": 1,
        "coordinate_score": 1,
        "classification_score": 1.0,
        "contact_score": 0.5,
        "image_score": 0.3,
        "completeness_score": 0.45,
        "overall_quality_score": 0.76,
        "data_completeness_percent": 45,
        "missing_fields": [
          "district",
          "website",
          "cuisine",
          "opening_hours",
          "license",
          "image"
        ],
        "match_status": "new_feature",
        "coordinate_review_status": "valid",
        "coordinate_change_reason": null,
        "original_coordinates": [
          13.190645,
          32.886498
        ],
        "legacy_ids": [],
        "alias_ids": [],
        "source_records": [],
        "source_files": [],
        "merged_from_ids": [],
        "related_feature_ids": [],
        "relationship_types": [],
        "canonical_id": "LY-FNB-RES-TRI-00022",
        "merge_status": "not_merged",
        "merge_confidence": null,
        "merge_date": null,
        "merge_method": null,
        "merge_notes": null,
        "publication_status": "internal_ready",
        "publication_status_reason": "No blocking review; quality limitations remain disclosed",
        "publication_status_date": "2026-08-06",
        "publication_status_method": "phase_2_rules_v1",
        "operational_status_code": "unknown",
        "operational_status_ar": "غير محدد",
        "weighted_completeness_score": 75.0,
        "critical_fields_completeness": 100.0,
        "supplementary_fields_completeness": 50.0,
        "completeness_method_version": "phase_2_weighted_v1"
      },
      "geometry": {
        "type": "Point",
        "coordinates": [
          13.190645,
          32.886498
        ]
      }
    },
    {
      "type": "Feature",
      "id": "LY-FNB-RES-TRI-00023",
      "properties": {
        "id": "LY-FNB-RES-TRI-00023",
        "name_ar": "مطعم مراحب، مطعم",
        "name_en": null,
        "name_normalized_ar": "مطعممراحب،مطعم",
        "translation_status": "pending_review",
        "category": "الطعام والشراب",
        "subcategory_ar": "مطعم شعبي أو تقليدي",
        "subcategory_en": "Traditional restaurant",
        "facility_type_code": "traditional_restaurant",
        "municipality_ar": "طرابلس",
        "municipality_en": "Tripoli",
        "city_ar": "طرابلس",
        "city_en": "Tripoli",
        "district_ar": null,
        "district_en": null,
        "address_ar": "النوفليين شارع الكهربائيه",
        "address_en": null,
        "longitude": 13.216568,
        "latitude": 32.883433,
        "source": "Tripoli restaurants team KML",
        "source_kml": "data/incoming/tripoli-restaurants.kml",
        "source_record_index": 23,
        "description_ar": "الهاتف: 091-4647777 النوع: مأكولات ليبية و شعبية العنوان: النوفليين شارع الكهربائيه",
        "description_en": null,
        "phone": "091-4647777",
        "email": null,
        "website": null,
        "cuisine_type_ar": null,
        "cuisine_type_en": null,
        "price_level": null,
        "opening_hours": null,
        "status": "active",
        "license_status": null,
        "data_quality_status": "medium",
        "data_review_status": "integrated",
        "source_image_url": "https://mymaps.usercontent.google.com/hostedimage/m/*/3AAjQbR7bx4nLOT1IbUmP5OdpM7kjFaST9RcenA1CSs0XetX_lGzMmUiraSJNhibLlhgGyJcigIhu2KVKDItE9iKJbtpFL1uT0mW4KBjhNZtZi73y8yFE0CP2lFncZccZX_rTrh2zHcK0wzPzXXbzf2RHUQ9b-cVDuUaj5P6lr49eXx69Ba9H8QOCJv0xNOtG3q3VZ1PVgjF_GsTxeGYVme55PnDIIdLc5LduwkzwcYwDxbYIKza8TgUJ32TsEdo?authuser=2&fife=s16383",
        "source_image_provider": "google_mymaps",
        "source_image_status": "temporary_source_reference",
        "local_images": [],
        "image_count": 0,
        "created_at": "2026-08-06",
        "updated_at": "2026-08-06",
        "name_score": 1,
        "coordinate_score": 1,
        "classification_score": 1.0,
        "contact_score": 0.5,
        "image_score": 0.3,
        "completeness_score": 0.45,
        "overall_quality_score": 0.76,
        "data_completeness_percent": 45,
        "missing_fields": [
          "district",
          "website",
          "cuisine",
          "opening_hours",
          "license",
          "image"
        ],
        "match_status": "new_feature",
        "coordinate_review_status": "valid",
        "coordinate_change_reason": null,
        "original_coordinates": [
          13.216568,
          32.883433
        ],
        "legacy_ids": [],
        "alias_ids": [],
        "source_records": [],
        "source_files": [],
        "merged_from_ids": [],
        "related_feature_ids": [],
        "relationship_types": [],
        "canonical_id": "LY-FNB-RES-TRI-00023",
        "merge_status": "not_merged",
        "merge_confidence": null,
        "merge_date": null,
        "merge_method": null,
        "merge_notes": null,
        "publication_status": "internal_ready",
        "publication_status_reason": "No blocking review; quality limitations remain disclosed",
        "publication_status_date": "2026-08-06",
        "publication_status_method": "phase_2_rules_v1",
        "operational_status_code": "unknown",
        "operational_status_ar": "غير محدد",
        "weighted_completeness_score": 75.0,
        "critical_fields_completeness": 100.0,
        "supplementary_fields_completeness": 50.0,
        "completeness_method_version": "phase_2_weighted_v1"
      },
      "geometry": {
        "type": "Point",
        "coordinates": [
          13.216568,
          32.883433
        ]
      }
    },
    {
      "type": "Feature",
      "id": "LY-FNB-RES-TRI-00024",
      "properties": {
        "id": "LY-FNB-RES-TRI-00024",
        "name_ar": "المطعم السنيورة التركي",
        "name_en": null,
        "name_normalized_ar": "المطعمالسنيورهالتركي",
        "translation_status": "pending_review",
        "category": "الطعام والشراب",
        "subcategory_ar": "مطعم دولي",
        "subcategory_en": "International restaurant",
        "facility_type_code": "international_restaurant",
        "municipality_ar": "طرابلس",
        "municipality_en": "Tripoli",
        "city_ar": "طرابلس",
        "city_en": "Tripoli",
        "district_ar": null,
        "district_en": null,
        "address_ar": "باب بن غشير",
        "address_en": null,
        "longitude": 13.196109,
        "latitude": 32.86964,
        "source": "Tripoli restaurants team KML",
        "source_kml": "data/incoming/tripoli-restaurants.kml",
        "source_record_index": 24,
        "description_ar": "الهاتف: 091-4272119 النوع: مأكولات تركية العنوان: باب بن غشير",
        "description_en": null,
        "phone": "091-4272119",
        "email": null,
        "website": null,
        "cuisine_type_ar": null,
        "cuisine_type_en": null,
        "price_level": null,
        "opening_hours": null,
        "status": "active",
        "license_status": null,
        "data_quality_status": "medium",
        "data_review_status": "integrated",
        "source_image_url": "https://mymaps.usercontent.google.com/hostedimage/m/*/3AAjQbR6Mp-qRx9ioyQ9O3zNUBMv0_I5P6me9pklbbUu8RMebT27a1FdSaIB7Mn_pELZxmA-3Bvya5RpeEx5J0iTFx1jI8sTyefPbK1IFN1FWLCPfdYaa3pDcXtOOjILqD84xCp4RivhGQAu_0-8n2q5nP0QmhQ7qV9jTUbWFa2Fjn6RLCvm52JwqUxVsFYml8VAxIicARmAtJQuZ_Yc2_k2AYFyVVcnpaNKQsHb_HgtjfRk9B4rOeoBzs_d7AuM?authuser=2&fife=s16383",
        "source_image_provider": "google_mymaps",
        "source_image_status": "temporary_source_reference",
        "local_images": [],
        "image_count": 0,
        "created_at": "2026-08-06",
        "updated_at": "2026-08-06",
        "name_score": 1,
        "coordinate_score": 1,
        "classification_score": 1.0,
        "contact_score": 0.5,
        "image_score": 0.3,
        "completeness_score": 0.45,
        "overall_quality_score": 0.76,
        "data_completeness_percent": 45,
        "missing_fields": [
          "district",
          "website",
          "cuisine",
          "opening_hours",
          "license",
          "image"
        ],
        "match_status": "new_feature",
        "coordinate_review_status": "valid",
        "coordinate_change_reason": null,
        "original_coordinates": [
          13.196109,
          32.86964
        ],
        "legacy_ids": [],
        "alias_ids": [],
        "source_records": [],
        "source_files": [],
        "merged_from_ids": [],
        "related_feature_ids": [],
        "relationship_types": [],
        "canonical_id": "LY-FNB-RES-TRI-00024",
        "merge_status": "not_merged",
        "merge_confidence": null,
        "merge_date": null,
        "merge_method": null,
        "merge_notes": null,
        "publication_status": "internal_ready",
        "publication_status_reason": "No blocking review; quality limitations remain disclosed",
        "publication_status_date": "2026-08-06",
        "publication_status_method": "phase_2_rules_v1",
        "operational_status_code": "unknown",
        "operational_status_ar": "غير محدد",
        "weighted_completeness_score": 75.0,
        "critical_fields_completeness": 100.0,
        "supplementary_fields_completeness": 50.0,
        "completeness_method_version": "phase_2_weighted_v1"
      },
      "geometry": {
        "type": "Point",
        "coordinates": [
          13.196109,
          32.86964
        ]
      }
    },
    {
      "type": "Feature",
      "id": "LY-FNB-RES-TRI-00025",
      "properties": {
        "id": "LY-FNB-RES-TRI-00025",
        "name_ar": "مطعم الطاجين للماكولات الليبية",
        "name_en": null,
        "name_normalized_ar": "مطعمالطاجينللماكولاتالليبيه",
        "translation_status": "pending_review",
        "category": "الطعام والشراب",
        "subcategory_ar": "مطعم شعبي أو تقليدي",
        "subcategory_en": "Traditional restaurant",
        "facility_type_code": "traditional_restaurant",
        "municipality_ar": "طرابلس",
        "municipality_en": "Tripoli",
        "city_ar": "طرابلس",
        "city_en": "Tripoli",
        "district_ar": null,
        "district_en": null,
        "address_ar": "بن عاشور",
        "address_en": null,
        "longitude": 13.199141,
        "latitude": 32.881308,
        "source": "Tripoli restaurants team KML",
        "source_kml": "data/incoming/tripoli-restaurants.kml",
        "source_record_index": 25,
        "description_ar": "الهاتف: 094-5961010 النوع: للمأكـولات الليبيـة التقليديـة العنوان: بن عاشور",
        "description_en": null,
        "phone": "094-5961010",
        "email": null,
        "website": null,
        "cuisine_type_ar": null,
        "cuisine_type_en": null,
        "price_level": null,
        "opening_hours": null,
        "status": "active",
        "license_status": null,
        "data_quality_status": "medium",
        "data_review_status": "integrated",
        "source_image_url": "https://mymaps.usercontent.google.com/hostedimage/m/*/3AAjQbR4MOyDr4HkMwkOvTHLpeWuilvgg6qYe3raEZHsLhdQdUhxOMxoeX04UEyg6mI0KLqYtrtp77t-qh-sLwetctiiWKOFoK5PEmivRUZYdCmZpmmlM8laODZcC1uGifvc180LA_Ky6r_5fQkT8Qox61t8SxM3KYZIhaVHo5AnMI2HK7GR-wtCfj5T0U1SS19EyzJGspLxdAhmRwd4OAG3xhJZ0mfK07-j9yV--jkopRpXlUlgpaJ9R3mYY2TQ?authuser=2&fife=s16383",
        "source_image_provider": "google_mymaps",
        "source_image_status": "temporary_source_reference",
        "local_images": [],
        "image_count": 0,
        "created_at": "2026-08-06",
        "updated_at": "2026-08-06",
        "name_score": 1,
        "coordinate_score": 1,
        "classification_score": 1.0,
        "contact_score": 0.5,
        "image_score": 0.3,
        "completeness_score": 0.45,
        "overall_quality_score": 0.76,
        "data_completeness_percent": 45,
        "missing_fields": [
          "district",
          "website",
          "cuisine",
          "opening_hours",
          "license",
          "image"
        ],
        "match_status": "new_feature",
        "coordinate_review_status": "valid",
        "coordinate_change_reason": null,
        "original_coordinates": [
          13.199141,
          32.881308
        ],
        "legacy_ids": [],
        "alias_ids": [],
        "source_records": [],
        "source_files": [],
        "merged_from_ids": [],
        "related_feature_ids": [],
        "relationship_types": [],
        "canonical_id": "LY-FNB-RES-TRI-00025",
        "merge_status": "not_merged",
        "merge_confidence": null,
        "merge_date": null,
        "merge_method": null,
        "merge_notes": null,
        "publication_status": "internal_ready",
        "publication_status_reason": "No blocking review; quality limitations remain disclosed",
        "publication_status_date": "2026-08-06",
        "publication_status_method": "phase_2_rules_v1",
        "operational_status_code": "unknown",
        "operational_status_ar": "غير محدد",
        "weighted_completeness_score": 75.0,
        "critical_fields_completeness": 100.0,
        "supplementary_fields_completeness": 50.0,
        "completeness_method_version": "phase_2_weighted_v1"
      },
      "geometry": {
        "type": "Point",
        "coordinates": [
          13.199141,
          32.881308
        ]
      }
    },
    {
      "type": "Feature",
      "id": "LY-FNB-RES-TRI-00026",
      "properties": {
        "id": "LY-FNB-RES-TRI-00026",
        "name_ar": "مطعم الزرقاني للمأكولات الطرابلسية",
        "name_en": null,
        "name_normalized_ar": "مطعمالزرقانيللماكولاتالطرابلسيه",
        "translation_status": "pending_review",
        "category": "الطعام والشراب",
        "subcategory_ar": "مطعم شعبي أو تقليدي",
        "subcategory_en": "Traditional restaurant",
        "facility_type_code": "traditional_restaurant",
        "municipality_ar": "طرابلس",
        "municipality_en": "Tripoli",
        "city_ar": "طرابلس",
        "city_en": "Tripoli",
        "district_ar": null,
        "district_en": null,
        "address_ar": "شارع الجمهورية",
        "address_en": null,
        "longitude": 13.195024,
        "latitude": 32.886101,
        "source": "Tripoli restaurants team KML",
        "source_kml": "data/incoming/tripoli-restaurants.kml",
        "source_record_index": 26,
        "description_ar": "الهاتف: 091-2110912 النوع: مأكولات متنوعه العنوان: شارع الجمهورية",
        "description_en": null,
        "phone": "091-2110912",
        "email": null,
        "website": null,
        "cuisine_type_ar": null,
        "cuisine_type_en": null,
        "price_level": null,
        "opening_hours": null,
        "status": "active",
        "license_status": null,
        "data_quality_status": "medium",
        "data_review_status": "integrated",
        "source_image_url": "https://mymaps.usercontent.google.com/hostedimage/m/*/3AAjQbR4qBnMoV0pxlxNZDHoxTaMnJv7WTIXc6fmKT6e8kbjIM6YQUT_pQ857kmRxdrijfTHSgS2N5xa9vnun8c7oO7tM-IvVlmd9bohWLL71Iglx5PoLjm6KcR24A0ZjZGQoyxLZohLmHrh-rSruNoEZUP1ttZYPCImL5_4pEEp5G1l0YWJ0S2TfTWald8-8fgVWYVnb8bTCujYwkSzYJI6JRRx-xwf8bMr2iCN5t51n7ktuzMvjig2k18wC3dU?authuser=2&fife=s16383",
        "source_image_provider": "google_mymaps",
        "source_image_status": "temporary_source_reference",
        "local_images": [],
        "image_count": 0,
        "created_at": "2026-08-06",
        "updated_at": "2026-08-06",
        "name_score": 1,
        "coordinate_score": 1,
        "classification_score": 1.0,
        "contact_score": 0.5,
        "image_score": 0.3,
        "completeness_score": 0.45,
        "overall_quality_score": 0.76,
        "data_completeness_percent": 45,
        "missing_fields": [
          "district",
          "website",
          "cuisine",
          "opening_hours",
          "license",
          "image"
        ],
        "match_status": "new_feature",
        "coordinate_review_status": "valid",
        "coordinate_change_reason": null,
        "original_coordinates": [
          13.195024,
          32.886101
        ],
        "legacy_ids": [],
        "alias_ids": [],
        "source_records": [],
        "source_files": [],
        "merged_from_ids": [],
        "related_feature_ids": [],
        "relationship_types": [],
        "canonical_id": "LY-FNB-RES-TRI-00026",
        "merge_status": "not_merged",
        "merge_confidence": null,
        "merge_date": null,
        "merge_method": null,
        "merge_notes": null,
        "publication_status": "internal_ready",
        "publication_status_reason": "No blocking review; quality limitations remain disclosed",
        "publication_status_date": "2026-08-06",
        "publication_status_method": "phase_2_rules_v1",
        "operational_status_code": "unknown",
        "operational_status_ar": "غير محدد",
        "weighted_completeness_score": 75.0,
        "critical_fields_completeness": 100.0,
        "supplementary_fields_completeness": 50.0,
        "completeness_method_version": "phase_2_weighted_v1"
      },
      "geometry": {
        "type": "Point",
        "coordinates": [
          13.195024,
          32.886101
        ]
      }
    },
    {
      "type": "Feature",
      "id": "LY-FNB-RES-TRI-00027",
      "properties": {
        "id": "LY-FNB-RES-TRI-00027",
        "name_ar": "مطعم لاروكا",
        "name_en": null,
        "name_normalized_ar": "مطعملاروكا",
        "translation_status": "pending_review",
        "category": "الطعام والشراب",
        "subcategory_ar": "مطعم",
        "subcategory_en": "Restaurant",
        "facility_type_code": "restaurant",
        "municipality_ar": "طرابلس",
        "municipality_en": "Tripoli",
        "city_ar": "طرابلس",
        "city_en": "Tripoli",
        "district_ar": null,
        "district_en": null,
        "address_ar": "طريق الشط",
        "address_en": null,
        "longitude": 13.23441,
        "latitude": 32.898353,
        "source": "Tripoli restaurants team KML",
        "source_kml": "data/incoming/tripoli-restaurants.kml",
        "source_record_index": 27,
        "description_ar": "النوع: مقهى و مطعم العنوان: طريق الشط الهاتف: 091-0388833",
        "description_en": null,
        "phone": "091-0388833",
        "email": null,
        "website": null,
        "cuisine_type_ar": null,
        "cuisine_type_en": null,
        "price_level": null,
        "opening_hours": null,
        "status": "active",
        "license_status": null,
        "data_quality_status": "medium",
        "data_review_status": "integrated",
        "source_image_url": "https://mymaps.usercontent.google.com/hostedimage/m/*/3AAjQbR7zztzjH1P15IDyyY3qdOnf7uspd711CNM8B4Y204cMSo_sbAzscNJpWLGGJw1agAg81QYgOhjGp04tfeOMM33EZbuRRfVIIrbkKGzgOlEn_o0Hy9ofCkekrS-riUOdC5wSrbBlB36R8YPb_cWiGa23qW-cVTB2attyrXXryNrKHCx9eVM3RmaD49YUKYWJpXKNfHaMpgV_B4XvrVEiOVLZol2N2jCOuNCOzGDaDKOsoR7G5h6E4FSiLS8?authuser=2&fife=s16383",
        "source_image_provider": "google_mymaps",
        "source_image_status": "temporary_source_reference",
        "local_images": [],
        "image_count": 0,
        "created_at": "2026-08-06",
        "updated_at": "2026-08-06",
        "name_score": 1,
        "coordinate_score": 1,
        "classification_score": 1.0,
        "contact_score": 0.5,
        "image_score": 0.3,
        "completeness_score": 0.45,
        "overall_quality_score": 0.76,
        "data_completeness_percent": 45,
        "missing_fields": [
          "district",
          "website",
          "cuisine",
          "opening_hours",
          "license",
          "image"
        ],
        "match_status": "new_feature",
        "coordinate_review_status": "valid",
        "coordinate_change_reason": null,
        "original_coordinates": [
          13.23441,
          32.898353
        ],
        "legacy_ids": [],
        "alias_ids": [],
        "source_records": [],
        "source_files": [],
        "merged_from_ids": [],
        "related_feature_ids": [],
        "relationship_types": [],
        "canonical_id": "LY-FNB-RES-TRI-00027",
        "merge_status": "not_merged",
        "merge_confidence": null,
        "merge_date": null,
        "merge_method": null,
        "merge_notes": null,
        "publication_status": "internal_ready",
        "publication_status_reason": "No blocking review; quality limitations remain disclosed",
        "publication_status_date": "2026-08-06",
        "publication_status_method": "phase_2_rules_v1",
        "operational_status_code": "unknown",
        "operational_status_ar": "غير محدد",
        "weighted_completeness_score": 75.0,
        "critical_fields_completeness": 100.0,
        "supplementary_fields_completeness": 50.0,
        "completeness_method_version": "phase_2_weighted_v1"
      },
      "geometry": {
        "type": "Point",
        "coordinates": [
          13.23441,
          32.898353
        ]
      }
    },
    {
      "type": "Feature",
      "id": "LY-FNB-RES-TRI-00028",
      "properties": {
        "id": "LY-FNB-RES-TRI-00028",
        "name_ar": "بيج بوس برجر",
        "name_en": null,
        "name_normalized_ar": "بيجبوسبرجر",
        "translation_status": "pending_review",
        "category": "الطعام والشراب",
        "subcategory_ar": "وجبات سريعة",
        "subcategory_en": "Fast food",
        "facility_type_code": "fast_food",
        "municipality_ar": "طرابلس",
        "municipality_en": "Tripoli",
        "city_ar": "طرابلس",
        "city_en": "Tripoli",
        "district_ar": null,
        "district_en": null,
        "address_ar": "النوفليين",
        "address_en": null,
        "longitude": 13.209228,
        "latitude": 32.893162,
        "source": "Tripoli restaurants team KML",
        "source_kml": "data/incoming/tripoli-restaurants.kml",
        "source_record_index": 28,
        "description_ar": "النوع: مطعم طعام سريع العنوان: النوفليين الهاتف: 094-4274967",
        "description_en": null,
        "phone": "094-4274967",
        "email": null,
        "website": null,
        "cuisine_type_ar": null,
        "cuisine_type_en": null,
        "price_level": null,
        "opening_hours": null,
        "status": "active",
        "license_status": null,
        "data_quality_status": "medium",
        "data_review_status": "integrated",
        "source_image_url": "https://mymaps.usercontent.google.com/hostedimage/m/*/3AAjQbR7O6a87N_BJSwESQ9gsugG_ng3idMSzOi_dZkMw_Z7ZtFgA6wWpxFR_nj9A-EI6UHpulV4_wIfLUlRS_5Sj2_C2kAYnV__wjqr0V9imAwvCcrGIjFqTtj7duHuuRmb0_ayaEJCAic1_P8Po2SRTxNA3UDODLvcDYHTOrLbTpeGTcJ1h5XgYaRUp7jH4fYZDsGTZ3nrGsrD2EgV2SvCf8TGKSqu8MOpSFtSH9GrG8awXDXT48-HhKk8ZQXM?authuser=2&fife=s16383",
        "source_image_provider": "google_mymaps",
        "source_image_status": "temporary_source_reference",
        "local_images": [],
        "image_count": 0,
        "created_at": "2026-08-06",
        "updated_at": "2026-08-06",
        "name_score": 1,
        "coordinate_score": 1,
        "classification_score": 1.0,
        "contact_score": 0.5,
        "image_score": 0.3,
        "completeness_score": 0.45,
        "overall_quality_score": 0.76,
        "data_completeness_percent": 45,
        "missing_fields": [
          "district",
          "website",
          "cuisine",
          "opening_hours",
          "license",
          "image"
        ],
        "match_status": "new_feature",
        "coordinate_review_status": "valid",
        "coordinate_change_reason": null,
        "original_coordinates": [
          13.209228,
          32.893162
        ],
        "legacy_ids": [],
        "alias_ids": [],
        "source_records": [],
        "source_files": [],
        "merged_from_ids": [],
        "related_feature_ids": [],
        "relationship_types": [],
        "canonical_id": "LY-FNB-RES-TRI-00028",
        "merge_status": "not_merged",
        "merge_confidence": null,
        "merge_date": null,
        "merge_method": null,
        "merge_notes": null,
        "publication_status": "internal_ready",
        "publication_status_reason": "No blocking review; quality limitations remain disclosed",
        "publication_status_date": "2026-08-06",
        "publication_status_method": "phase_2_rules_v1",
        "operational_status_code": "unknown",
        "operational_status_ar": "غير محدد",
        "weighted_completeness_score": 75.0,
        "critical_fields_completeness": 100.0,
        "supplementary_fields_completeness": 50.0,
        "completeness_method_version": "phase_2_weighted_v1"
      },
      "geometry": {
        "type": "Point",
        "coordinates": [
          13.209228,
          32.893162
        ]
      }
    },
    {
      "type": "Feature",
      "id": "LY-FNB-RES-TRI-00029",
      "properties": {
        "id": "LY-FNB-RES-TRI-00029",
        "name_ar": "لا كوتشينا إيطاليانو",
        "name_en": null,
        "name_normalized_ar": "لاكوتشيناايطاليانو",
        "translation_status": "pending_review",
        "category": "الطعام والشراب",
        "subcategory_ar": "مطعم دولي",
        "subcategory_en": "International restaurant",
        "facility_type_code": "international_restaurant",
        "municipality_ar": "طرابلس",
        "municipality_en": "Tripoli",
        "city_ar": "طرابلس",
        "city_en": "Tripoli",
        "district_ar": null,
        "district_en": null,
        "address_ar": "شارع الجمهورية",
        "address_en": null,
        "longitude": 13.197367,
        "latitude": 32.887588,
        "source": "Tripoli restaurants team KML",
        "source_kml": "data/incoming/tripoli-restaurants.kml",
        "source_record_index": 29,
        "description_ar": "مأكولات إيطالية",
        "description_en": null,
        "phone": "0942250025",
        "email": null,
        "website": null,
        "cuisine_type_ar": null,
        "cuisine_type_en": null,
        "price_level": null,
        "opening_hours": null,
        "status": "active",
        "license_status": null,
        "data_quality_status": "medium",
        "data_review_status": "integrated",
        "source_image_url": "https://mymaps.usercontent.google.com/hostedimage/m/*/3AAjQbR44DDs7EWs8MavNCEaBdMd1c3_vvLkmn0aiNq9bV5i-vr0kgi2TsgtZyMnfusFc957F1fD6Ym83DRwUJtL1wV4j90Wb9J9LbFp68oWNUIyJZPzN07c1drAOKwIhky3EMVqUpbXJ6zlu890aYmZDUHCzaLw3dwIgglVvsoXNDAA1nybsk1yfMPsH500HGvTTanUajgXORnR52XFX-JvGJVhh03_qdyuMfFVtFbyrbY1E5tD2o3x4VWqwfi0?authuser=2&fife=s16383",
        "source_image_provider": "google_mymaps",
        "source_image_status": "temporary_source_reference",
        "local_images": [],
        "image_count": 0,
        "created_at": "2026-08-06",
        "updated_at": "2026-08-06",
        "name_score": 1,
        "coordinate_score": 1,
        "classification_score": 1.0,
        "contact_score": 0.5,
        "image_score": 0.3,
        "completeness_score": 0.45,
        "overall_quality_score": 0.76,
        "data_completeness_percent": 45,
        "missing_fields": [
          "district",
          "website",
          "cuisine",
          "opening_hours",
          "license",
          "image"
        ],
        "match_status": "new_feature",
        "coordinate_review_status": "valid",
        "coordinate_change_reason": null,
        "original_coordinates": [
          13.197367,
          32.887588
        ],
        "legacy_ids": [],
        "alias_ids": [],
        "source_records": [],
        "source_files": [],
        "merged_from_ids": [],
        "related_feature_ids": [],
        "relationship_types": [],
        "canonical_id": "LY-FNB-RES-TRI-00029",
        "merge_status": "not_merged",
        "merge_confidence": null,
        "merge_date": null,
        "merge_method": null,
        "merge_notes": null,
        "publication_status": "internal_ready",
        "publication_status_reason": "No blocking review; quality limitations remain disclosed",
        "publication_status_date": "2026-08-06",
        "publication_status_method": "phase_2_rules_v1",
        "operational_status_code": "unknown",
        "operational_status_ar": "غير محدد",
        "weighted_completeness_score": 75.0,
        "critical_fields_completeness": 100.0,
        "supplementary_fields_completeness": 50.0,
        "completeness_method_version": "phase_2_weighted_v1"
      },
      "geometry": {
        "type": "Point",
        "coordinates": [
          13.197367,
          32.887588
        ]
      }
    },
    {
      "type": "Feature",
      "id": "LY-FNB-RES-TRI-00030",
      "properties": {
        "id": "LY-FNB-RES-TRI-00030",
        "name_ar": "شنابو الدهماني زاوية",
        "name_en": null,
        "name_normalized_ar": "شنابوالدهمانيزاويه",
        "translation_status": "pending_review",
        "category": "الطعام والشراب",
        "subcategory_ar": "تحتاج مراجعة",
        "subcategory_en": "Review required",
        "facility_type_code": "review_required",
        "municipality_ar": "طرابلس",
        "municipality_en": "Tripoli",
        "city_ar": "طرابلس",
        "city_en": "Tripoli",
        "district_ar": null,
        "district_en": null,
        "address_ar": "زاوية الدهماني",
        "address_en": null,
        "longitude": 13.212874,
        "latitude": 32.894429,
        "source": "Tripoli restaurants team KML",
        "source_kml": "data/incoming/tripoli-restaurants.kml",
        "source_record_index": 30,
        "description_ar": "منيو متنوع",
        "description_en": null,
        "phone": "0921010132",
        "email": null,
        "website": null,
        "cuisine_type_ar": null,
        "cuisine_type_en": null,
        "price_level": null,
        "opening_hours": null,
        "status": "active",
        "license_status": null,
        "data_quality_status": "low",
        "data_review_status": "review_required",
        "source_image_url": "https://mymaps.usercontent.google.com/hostedimage/m/*/3AAjQbR79K50FV2xgMpY8nfHPUzyD-4T53weViz5y6Lv4pMVarRmsqisbnKKShE0TAYYV3pQWrok7ywy5VKS5l9JnKlB1b-ZkH2G8T2AgsjFfhnTA4aF4w8zIZ7YfgN9rkrItg60sLJiu7jL0TkmL7G61cafR7hxt_oln0AoLRtDr9JtqdAhsB6PYm5QhJyhIYRimE9FR4m1BMZD-Vfqa55Dy4VpJXT0LQ3AsFA-MzUMBJEvgvIypCLf_7S2XR2A?authuser=2&fife=s16383",
        "source_image_provider": "google_mymaps",
        "source_image_status": "temporary_source_reference",
        "local_images": [],
        "image_count": 0,
        "created_at": "2026-08-06",
        "updated_at": "2026-08-06",
        "name_score": 1,
        "coordinate_score": 1,
        "classification_score": 0.3,
        "contact_score": 0.5,
        "image_score": 0.3,
        "completeness_score": 0.36,
        "overall_quality_score": 0.62,
        "data_completeness_percent": 36,
        "missing_fields": [
          "classification",
          "district",
          "website",
          "cuisine",
          "opening_hours",
          "license",
          "image"
        ],
        "match_status": "new_feature",
        "coordinate_review_status": "valid",
        "coordinate_change_reason": null,
        "original_coordinates": [
          13.212874,
          32.894429
        ],
        "legacy_ids": [],
        "alias_ids": [],
        "source_records": [],
        "source_files": [],
        "merged_from_ids": [],
        "related_feature_ids": [],
        "relationship_types": [],
        "canonical_id": "LY-FNB-RES-TRI-00030",
        "merge_status": "not_merged",
        "merge_confidence": null,
        "merge_date": null,
        "merge_method": null,
        "merge_notes": null,
        "review_reason_codes": [
          "classification_review",
          "license_review"
        ],
        "review_priority": "P2",
        "review_owner_required": "وزارة السياحة أو البلدية أو الجهة المالكة حسب الاختصاص",
        "review_action_required": "institutional verification of flagged fields",
        "review_status": "open",
        "temporary_name_status": "not_temporary",
        "temporary_name_reason": null,
        "official_name_required": false,
        "publication_status": "internal_only",
        "publication_status_reason": "Open review item",
        "publication_status_date": "2026-08-06",
        "publication_status_method": "phase_2_rules_v1",
        "operational_status_code": "unknown",
        "operational_status_ar": "غير محدد",
        "weighted_completeness_score": 75.0,
        "critical_fields_completeness": 100.0,
        "supplementary_fields_completeness": 50.0,
        "completeness_method_version": "phase_2_weighted_v1"
      },
      "geometry": {
        "type": "Point",
        "coordinates": [
          13.212874,
          32.894429
        ]
      }
    },
    {
      "type": "Feature",
      "id": "LY-FNB-RES-TRI-00031",
      "properties": {
        "id": "LY-FNB-RES-TRI-00031",
        "name_ar": "مطعم كوستيليا",
        "name_en": null,
        "name_normalized_ar": "مطعمكوستيليا",
        "translation_status": "pending_review",
        "category": "الطعام والشراب",
        "subcategory_ar": "مطعم",
        "subcategory_en": "Restaurant",
        "facility_type_code": "restaurant",
        "municipality_ar": "طرابلس",
        "municipality_en": "Tripoli",
        "city_ar": "طرابلس",
        "city_en": "Tripoli",
        "district_ar": null,
        "district_en": null,
        "address_ar": "طرابلس النوفليين",
        "address_en": null,
        "longitude": 13.212127,
        "latitude": 32.893137,
        "source": "Tripoli restaurants team KML",
        "source_kml": "data/incoming/tripoli-restaurants.kml",
        "source_record_index": 31,
        "description_ar": "أكلات متنوعه",
        "description_en": null,
        "phone": "0919954343",
        "email": null,
        "website": null,
        "cuisine_type_ar": null,
        "cuisine_type_en": null,
        "price_level": null,
        "opening_hours": null,
        "status": "active",
        "license_status": null,
        "data_quality_status": "medium",
        "data_review_status": "integrated",
        "source_image_url": null,
        "source_image_provider": null,
        "source_image_status": "no_image",
        "local_images": [],
        "image_count": 0,
        "created_at": "2026-08-06",
        "updated_at": "2026-08-06",
        "name_score": 1,
        "coordinate_score": 1,
        "classification_score": 1.0,
        "contact_score": 0.5,
        "image_score": 0,
        "completeness_score": 0.45,
        "overall_quality_score": 0.7,
        "data_completeness_percent": 45,
        "missing_fields": [
          "district",
          "website",
          "cuisine",
          "opening_hours",
          "license",
          "image"
        ],
        "match_status": "new_feature",
        "coordinate_review_status": "valid",
        "coordinate_change_reason": null,
        "original_coordinates": [
          13.212127,
          32.893137
        ],
        "legacy_ids": [],
        "alias_ids": [],
        "source_records": [],
        "source_files": [],
        "merged_from_ids": [],
        "related_feature_ids": [],
        "relationship_types": [],
        "canonical_id": "LY-FNB-RES-TRI-00031",
        "merge_status": "not_merged",
        "merge_confidence": null,
        "merge_date": null,
        "merge_method": null,
        "merge_notes": null,
        "publication_status": "internal_ready",
        "publication_status_reason": "No blocking review; quality limitations remain disclosed",
        "publication_status_date": "2026-08-06",
        "publication_status_method": "phase_2_rules_v1",
        "operational_status_code": "unknown",
        "operational_status_ar": "غير محدد",
        "weighted_completeness_score": 75.0,
        "critical_fields_completeness": 100.0,
        "supplementary_fields_completeness": 50.0,
        "completeness_method_version": "phase_2_weighted_v1"
      },
      "geometry": {
        "type": "Point",
        "coordinates": [
          13.212127,
          32.893137
        ]
      }
    },
    {
      "type": "Feature",
      "id": "LY-FNB-RES-TRI-00032",
      "properties": {
        "id": "LY-FNB-RES-TRI-00032",
        "name_ar": "أيلا كافي",
        "name_en": null,
        "name_normalized_ar": "ايلاكافي",
        "translation_status": "pending_review",
        "category": "الطعام والشراب",
        "subcategory_ar": "تحتاج مراجعة",
        "subcategory_en": "Review required",
        "facility_type_code": "review_required",
        "municipality_ar": "طرابلس",
        "municipality_en": "Tripoli",
        "city_ar": "طرابلس",
        "city_en": "Tripoli",
        "district_ar": null,
        "district_en": null,
        "address_ar": "شارع خالد بن الوليد ، الظهرة",
        "address_en": null,
        "longitude": 13.193842,
        "latitude": 32.887823,
        "source": "Tripoli restaurants team KML",
        "source_kml": "data/incoming/tripoli-restaurants.kml",
        "source_record_index": 32,
        "description_ar": "النوع: العنوان: شارع خالد بن الوليد ، الظهرة الهاتف: 091-8890888",
        "description_en": null,
        "phone": "091-8890888",
        "email": null,
        "website": null,
        "cuisine_type_ar": null,
        "cuisine_type_en": null,
        "price_level": null,
        "opening_hours": null,
        "status": "active",
        "license_status": null,
        "data_quality_status": "low",
        "data_review_status": "review_required",
        "source_image_url": "https://mymaps.usercontent.google.com/hostedimage/m/*/3AAjQbR4nKBgqCHjoKsnwwJEOMMQCzVa7KdWp_14E7R4MASRCX6iGGA5DQSCd82IffmVN6aoDZkHqGs-ShTRIeJeXbI9onnLi6nkD_xT3rViTtFDveNgeycXidJUYr8moUth2peDyc4967TdngksY450SlTWkGhwD190dIGtn_ASds1Z_YxZyplzSOyijMRvLof4k_nSnZvE-nYhrle4ZkKhYbrVPDpyynSQ-ohnd_IZ9wC1VFoz08h1tE-h2IYs?authuser=2&fife=s16383",
        "source_image_provider": "google_mymaps",
        "source_image_status": "temporary_source_reference",
        "local_images": [],
        "image_count": 0,
        "created_at": "2026-08-06",
        "updated_at": "2026-08-06",
        "name_score": 1,
        "coordinate_score": 1,
        "classification_score": 0.3,
        "contact_score": 0.5,
        "image_score": 0.3,
        "completeness_score": 0.36,
        "overall_quality_score": 0.62,
        "data_completeness_percent": 36,
        "missing_fields": [
          "classification",
          "district",
          "website",
          "cuisine",
          "opening_hours",
          "license",
          "image"
        ],
        "match_status": "new_feature",
        "coordinate_review_status": "valid",
        "coordinate_change_reason": null,
        "original_coordinates": [
          13.193842,
          32.887823
        ],
        "legacy_ids": [],
        "alias_ids": [],
        "source_records": [],
        "source_files": [],
        "merged_from_ids": [],
        "related_feature_ids": [],
        "relationship_types": [],
        "canonical_id": "LY-FNB-RES-TRI-00032",
        "merge_status": "not_merged",
        "merge_confidence": null,
        "merge_date": null,
        "merge_method": null,
        "merge_notes": null,
        "review_reason_codes": [
          "classification_review",
          "license_review"
        ],
        "review_priority": "P2",
        "review_owner_required": "وزارة السياحة أو البلدية أو الجهة المالكة حسب الاختصاص",
        "review_action_required": "institutional verification of flagged fields",
        "review_status": "open",
        "temporary_name_status": "not_temporary",
        "temporary_name_reason": null,
        "official_name_required": false,
        "publication_status": "internal_only",
        "publication_status_reason": "Open review item",
        "publication_status_date": "2026-08-06",
        "publication_status_method": "phase_2_rules_v1",
        "operational_status_code": "unknown",
        "operational_status_ar": "غير محدد",
        "weighted_completeness_score": 75.0,
        "critical_fields_completeness": 100.0,
        "supplementary_fields_completeness": 50.0,
        "completeness_method_version": "phase_2_weighted_v1"
      },
      "geometry": {
        "type": "Point",
        "coordinates": [
          13.193842,
          32.887823
        ]
      }
    },
    {
      "type": "Feature",
      "id": "LY-FNB-RES-TRI-00033",
      "properties": {
        "id": "LY-FNB-RES-TRI-00033",
        "name_ar": "لاتينو",
        "name_en": null,
        "name_normalized_ar": "لاتينو",
        "translation_status": "pending_review",
        "category": "الطعام والشراب",
        "subcategory_ar": "تحتاج مراجعة",
        "subcategory_en": "Review required",
        "facility_type_code": "review_required",
        "municipality_ar": "طرابلس",
        "municipality_en": "Tripoli",
        "city_ar": "طرابلس",
        "city_en": "Tripoli",
        "district_ar": null,
        "district_en": null,
        "address_ar": "طرابلس فرع الجرابة",
        "address_en": null,
        "longitude": 13.202001,
        "latitude": 32.863291,
        "source": "Tripoli restaurants team KML",
        "source_kml": "data/incoming/tripoli-restaurants.kml",
        "source_record_index": 33,
        "description_ar": "مأكولات متنوعة",
        "description_en": null,
        "phone": "0911776572",
        "email": null,
        "website": null,
        "cuisine_type_ar": null,
        "cuisine_type_en": null,
        "price_level": null,
        "opening_hours": null,
        "status": "active",
        "license_status": null,
        "data_quality_status": "low",
        "data_review_status": "review_required",
        "source_image_url": "https://mymaps.usercontent.google.com/hostedimage/m/*/3AAjQbR6q87yqvKj-LZQfXFBB1VYDT0R6roWcoJPP20Qq4YE9pV24YPfSGQoF2tGl4faCMwOJzDMHTzmuKFWb4R48Z3PZPDKv1Yxvdy4WGoEYeUr3_MDaUJSGV94xzruWzkbgs9TH7mtF6TZkVRI2J5cXxCbGcxXWhFb38hYQd9LNvkHmyqF57hlDSoHqsBNXh6carFVjBgFqAtoBTSCCYLYKF--iwze8dMYq-TOrKYHXKF3xr4erOVp5T9IZGVU?authuser=2&fife=s16383",
        "source_image_provider": "google_mymaps",
        "source_image_status": "temporary_source_reference",
        "local_images": [],
        "image_count": 0,
        "created_at": "2026-08-06",
        "updated_at": "2026-08-06",
        "name_score": 1,
        "coordinate_score": 1,
        "classification_score": 0.3,
        "contact_score": 0.5,
        "image_score": 0.3,
        "completeness_score": 0.36,
        "overall_quality_score": 0.62,
        "data_completeness_percent": 36,
        "missing_fields": [
          "classification",
          "district",
          "website",
          "cuisine",
          "opening_hours",
          "license",
          "image"
        ],
        "match_status": "new_feature",
        "coordinate_review_status": "valid",
        "coordinate_change_reason": null,
        "original_coordinates": [
          13.202001,
          32.863291
        ],
        "legacy_ids": [],
        "alias_ids": [],
        "source_records": [],
        "source_files": [],
        "merged_from_ids": [],
        "related_feature_ids": [],
        "relationship_types": [],
        "canonical_id": "LY-FNB-RES-TRI-00033",
        "merge_status": "not_merged",
        "merge_confidence": null,
        "merge_date": null,
        "merge_method": null,
        "merge_notes": null,
        "review_reason_codes": [
          "classification_review",
          "license_review"
        ],
        "review_priority": "P2",
        "review_owner_required": "وزارة السياحة أو البلدية أو الجهة المالكة حسب الاختصاص",
        "review_action_required": "institutional verification of flagged fields",
        "review_status": "open",
        "temporary_name_status": "not_temporary",
        "temporary_name_reason": null,
        "official_name_required": false,
        "publication_status": "internal_only",
        "publication_status_reason": "Open review item",
        "publication_status_date": "2026-08-06",
        "publication_status_method": "phase_2_rules_v1",
        "operational_status_code": "unknown",
        "operational_status_ar": "غير محدد",
        "weighted_completeness_score": 75.0,
        "critical_fields_completeness": 100.0,
        "supplementary_fields_completeness": 50.0,
        "completeness_method_version": "phase_2_weighted_v1"
      },
      "geometry": {
        "type": "Point",
        "coordinates": [
          13.202001,
          32.863291
        ]
      }
    },
    {
      "type": "Feature",
      "id": "LY-FNB-RES-TRI-00034",
      "properties": {
        "id": "LY-FNB-RES-TRI-00034",
        "name_ar": "ماكس قريل ماكس جريل",
        "name_en": null,
        "name_normalized_ar": "ماكسقريلماكسجريل",
        "translation_status": "pending_review",
        "category": "الطعام والشراب",
        "subcategory_ar": "منشأة طعام أخرى",
        "subcategory_en": "Other food establishment",
        "facility_type_code": "restaurant_other",
        "municipality_ar": "طرابلس",
        "municipality_en": "Tripoli",
        "city_ar": "طرابلس",
        "city_en": "Tripoli",
        "district_ar": null,
        "district_en": null,
        "address_ar": "الظهره شارع الإلكترونات",
        "address_en": null,
        "longitude": 13.197205,
        "latitude": 32.892275,
        "source": "Tripoli restaurants team KML",
        "source_kml": "data/incoming/tripoli-restaurants.kml",
        "source_record_index": 34,
        "description_ar": "النوع: العنوان: الظهره شارع الإلكترونات الهاتف: 091-0750606",
        "description_en": null,
        "phone": "091-0750606",
        "email": null,
        "website": null,
        "cuisine_type_ar": null,
        "cuisine_type_en": null,
        "price_level": null,
        "opening_hours": null,
        "status": "active",
        "license_status": null,
        "data_quality_status": "medium",
        "data_review_status": "integrated",
        "source_image_url": "https://mymaps.usercontent.google.com/hostedimage/m/*/3AAjQbR43yN2vdI52PHDph1plZmqBMPJIwszThOImMHysNnKplmD4PSR8tv4ie0BZFfx2Hz1_ltdXlbY1HaD1sn5mGASaiVL1lFnpnjzFILaQCKbxYriyuBgeRlbLCKY3l5uHfehrvNy2CoZC0ZhjOXSSXRRKECfFShFqpSU7qnCoZ83TcmW3D3_jzKKI7o-ocCL0_ThI0Y49HY_59882zGayS47f5-xuzz4RAn2VuiTUhJJhtqdNRSCZtLEwLgI?authuser=2&fife=s16383",
        "source_image_provider": "google_mymaps",
        "source_image_status": "temporary_source_reference",
        "local_images": [],
        "image_count": 0,
        "created_at": "2026-08-06",
        "updated_at": "2026-08-06",
        "name_score": 1,
        "coordinate_score": 1,
        "classification_score": 0.7,
        "contact_score": 0.5,
        "image_score": 0.3,
        "completeness_score": 0.45,
        "overall_quality_score": 0.7,
        "data_completeness_percent": 45,
        "missing_fields": [
          "district",
          "website",
          "cuisine",
          "opening_hours",
          "license",
          "image"
        ],
        "match_status": "new_feature",
        "coordinate_review_status": "valid",
        "coordinate_change_reason": null,
        "original_coordinates": [
          13.197205,
          32.892275
        ],
        "legacy_ids": [],
        "alias_ids": [],
        "source_records": [],
        "source_files": [],
        "merged_from_ids": [],
        "related_feature_ids": [],
        "relationship_types": [],
        "canonical_id": "LY-FNB-RES-TRI-00034",
        "merge_status": "not_merged",
        "merge_confidence": null,
        "merge_date": null,
        "merge_method": null,
        "merge_notes": null,
        "publication_status": "internal_ready",
        "publication_status_reason": "No blocking review; quality limitations remain disclosed",
        "publication_status_date": "2026-08-06",
        "publication_status_method": "phase_2_rules_v1",
        "operational_status_code": "unknown",
        "operational_status_ar": "غير محدد",
        "weighted_completeness_score": 75.0,
        "critical_fields_completeness": 100.0,
        "supplementary_fields_completeness": 50.0,
        "completeness_method_version": "phase_2_weighted_v1"
      },
      "geometry": {
        "type": "Point",
        "coordinates": [
          13.197205,
          32.892275
        ]
      }
    },
    {
      "type": "Feature",
      "id": "LY-FNB-RES-TRI-00035",
      "properties": {
        "id": "LY-FNB-RES-TRI-00035",
        "name_ar": "إنديامو",
        "name_en": null,
        "name_normalized_ar": "انديامو",
        "translation_status": "pending_review",
        "category": "الطعام والشراب",
        "subcategory_ar": "تحتاج مراجعة",
        "subcategory_en": "Review required",
        "facility_type_code": "review_required",
        "municipality_ar": "طرابلس",
        "municipality_en": "Tripoli",
        "city_ar": "طرابلس",
        "city_en": "Tripoli",
        "district_ar": null,
        "district_en": null,
        "address_ar": "طرابلس تاجوراء",
        "address_en": null,
        "longitude": 13.206833,
        "latitude": 32.8728884,
        "source": "Tripoli restaurants team KML",
        "source_kml": "data/incoming/tripoli-restaurants.kml",
        "source_record_index": 35,
        "description_ar": "النوع: مأكولات متنوعة العنوان: طرابلس تاجوراء الهاتف: 092-7502525",
        "description_en": null,
        "phone": "092-7502525",
        "email": null,
        "website": null,
        "cuisine_type_ar": null,
        "cuisine_type_en": null,
        "price_level": null,
        "opening_hours": null,
        "status": "active",
        "license_status": null,
        "data_quality_status": "low",
        "data_review_status": "review_required",
        "source_image_url": "https://mymaps.usercontent.google.com/hostedimage/m/*/3AAjQbR4efBa0c2OC4Wr8HhcW8TN3oqUPCM2Z_dlWMWy_M0qrRNaKsiNLFsUE00uBlZawNHTFrJF2p9cAKxgYJyF6ZqrfYGY1LlG2I7xJvrll9B0a2905O-sNfQofDaNKpzX8L5JaLxIUY0WDhIWdh6gM1ohDdxHhWMfFJj-rGVXpj34lbOEH-JZUO3oVt4p5BtU_RH55fegU0-TBrhcKTDHkmfgh_yZLi0VRvBZtJpvxGp-28ww29o84sOXwaCw?authuser=2&fife=s16383",
        "source_image_provider": "google_mymaps",
        "source_image_status": "temporary_source_reference",
        "local_images": [],
        "image_count": 0,
        "created_at": "2026-08-06",
        "updated_at": "2026-08-06",
        "name_score": 1,
        "coordinate_score": 1,
        "classification_score": 0.3,
        "contact_score": 0.5,
        "image_score": 0.3,
        "completeness_score": 0.36,
        "overall_quality_score": 0.62,
        "data_completeness_percent": 36,
        "missing_fields": [
          "classification",
          "district",
          "website",
          "cuisine",
          "opening_hours",
          "license",
          "image"
        ],
        "match_status": "new_feature",
        "coordinate_review_status": "valid",
        "coordinate_change_reason": null,
        "original_coordinates": [
          13.206833,
          32.8728884
        ],
        "legacy_ids": [],
        "alias_ids": [],
        "source_records": [],
        "source_files": [],
        "merged_from_ids": [],
        "related_feature_ids": [],
        "relationship_types": [],
        "canonical_id": "LY-FNB-RES-TRI-00035",
        "merge_status": "not_merged",
        "merge_confidence": null,
        "merge_date": null,
        "merge_method": null,
        "merge_notes": null,
        "review_reason_codes": [
          "classification_review",
          "license_review"
        ],
        "review_priority": "P2",
        "review_owner_required": "وزارة السياحة أو البلدية أو الجهة المالكة حسب الاختصاص",
        "review_action_required": "institutional verification of flagged fields",
        "review_status": "open",
        "temporary_name_status": "not_temporary",
        "temporary_name_reason": null,
        "official_name_required": false,
        "publication_status": "internal_only",
        "publication_status_reason": "Open review item",
        "publication_status_date": "2026-08-06",
        "publication_status_method": "phase_2_rules_v1",
        "operational_status_code": "unknown",
        "operational_status_ar": "غير محدد",
        "weighted_completeness_score": 75.0,
        "critical_fields_completeness": 100.0,
        "supplementary_fields_completeness": 50.0,
        "completeness_method_version": "phase_2_weighted_v1"
      },
      "geometry": {
        "type": "Point",
        "coordinates": [
          13.206833,
          32.8728884
        ]
      }
    },
    {
      "type": "Feature",
      "id": "LY-FNB-RES-TRI-00036",
      "properties": {
        "id": "LY-FNB-RES-TRI-00036",
        "name_ar": "Olympic restaurant",
        "name_en": null,
        "name_normalized_ar": "olympicrestaurant",
        "translation_status": "pending_review",
        "category": "الطعام والشراب",
        "subcategory_ar": "مطعم",
        "subcategory_en": "Restaurant",
        "facility_type_code": "restaurant",
        "municipality_ar": "طرابلس",
        "municipality_en": "Tripoli",
        "city_ar": "طرابلس",
        "city_en": "Tripoli",
        "district_ar": null,
        "district_en": null,
        "address_ar": "طرابلس",
        "address_en": null,
        "longitude": 13.165638,
        "latitude": 32.887482,
        "source": "Tripoli restaurants team KML",
        "source_kml": "data/incoming/tripoli-restaurants.kml",
        "source_record_index": 36,
        "description_ar": "مطعم طعام سريع",
        "description_en": null,
        "phone": "092-3030130",
        "email": null,
        "website": null,
        "cuisine_type_ar": null,
        "cuisine_type_en": null,
        "price_level": null,
        "opening_hours": null,
        "status": "active",
        "license_status": null,
        "data_quality_status": "medium",
        "data_review_status": "integrated",
        "source_image_url": "https://mymaps.usercontent.google.com/hostedimage/m/*/3AAjQbR5YowLggMUNpW4FP57EYOXw3jPydp_oIoZ63RDmFJ1itOMEJ-mg4fKlFUc7CWPrC9ZoJxOBEmPEwVVFHw2ZfY4MR2eQyic1ggb5lGwh_7-Ipes4-aHsnqo5TSnpMH_8Gkd0_0d100OU5ItIrDuXE0i51Dd_7ncd-FJRAI3n-MUuRlR5wsPzspPIvrdM7ZPy5kVsj4fMm3hT70LfkWrdfwSNi-67KhXHdGKmQBWnJvQO_SrH1n8z1OGJYRM?authuser=2&fife=s16383",
        "source_image_provider": "google_mymaps",
        "source_image_status": "temporary_source_reference",
        "local_images": [],
        "image_count": 0,
        "created_at": "2026-08-06",
        "updated_at": "2026-08-06",
        "name_score": 1,
        "coordinate_score": 1,
        "classification_score": 1.0,
        "contact_score": 0.5,
        "image_score": 0.3,
        "completeness_score": 0.45,
        "overall_quality_score": 0.76,
        "data_completeness_percent": 45,
        "missing_fields": [
          "district",
          "website",
          "cuisine",
          "opening_hours",
          "license",
          "image"
        ],
        "match_status": "new_feature",
        "coordinate_review_status": "valid",
        "coordinate_change_reason": null,
        "original_coordinates": [
          13.165638,
          32.887482
        ],
        "legacy_ids": [],
        "alias_ids": [],
        "source_records": [],
        "source_files": [],
        "merged_from_ids": [],
        "related_feature_ids": [],
        "relationship_types": [],
        "canonical_id": "LY-FNB-RES-TRI-00036",
        "merge_status": "not_merged",
        "merge_confidence": null,
        "merge_date": null,
        "merge_method": null,
        "merge_notes": null,
        "publication_status": "internal_ready",
        "publication_status_reason": "No blocking review; quality limitations remain disclosed",
        "publication_status_date": "2026-08-06",
        "publication_status_method": "phase_2_rules_v1",
        "operational_status_code": "unknown",
        "operational_status_ar": "غير محدد",
        "weighted_completeness_score": 75.0,
        "critical_fields_completeness": 100.0,
        "supplementary_fields_completeness": 50.0,
        "completeness_method_version": "phase_2_weighted_v1"
      },
      "geometry": {
        "type": "Point",
        "coordinates": [
          13.165638,
          32.887482
        ]
      }
    },
    {
      "type": "Feature",
      "id": "LY-FNB-RES-TRI-00037",
      "properties": {
        "id": "LY-FNB-RES-TRI-00037",
        "name_ar": "مطعم قصر الوالي",
        "name_en": null,
        "name_normalized_ar": "مطعمقصرالوالي",
        "translation_status": "pending_review",
        "category": "الطعام والشراب",
        "subcategory_ar": "مطعم",
        "subcategory_en": "Restaurant",
        "facility_type_code": "restaurant",
        "municipality_ar": "طرابلس",
        "municipality_en": "Tripoli",
        "city_ar": "طرابلس",
        "city_en": "Tripoli",
        "district_ar": null,
        "district_en": null,
        "address_ar": "طرابلس حي الاندلس",
        "address_en": null,
        "longitude": 13.134065,
        "latitude": 32.875599,
        "source": "Tripoli restaurants team KML",
        "source_kml": "data/incoming/tripoli-restaurants.kml",
        "source_record_index": 37,
        "description_ar": "النوع: مأكولات متنوعة العنوان: طرابلس حي الاندلس الهاتف: 091-1926666",
        "description_en": null,
        "phone": "091-1926666",
        "email": null,
        "website": null,
        "cuisine_type_ar": null,
        "cuisine_type_en": null,
        "price_level": null,
        "opening_hours": null,
        "status": "active",
        "license_status": null,
        "data_quality_status": "medium",
        "data_review_status": "integrated",
        "source_image_url": "https://mymaps.usercontent.google.com/hostedimage/m/*/3AAjQbR7N8Exnz-O5TW4kdjX1RARaXbuJQNMXU1OpzRK7tYVRi3ejDwjkxCQAKm0zQwTtpBM-7pmEdf-D0hCFG0ugfB0Sgrm-3nBa4UzxFdqpv80dOLMHZiATEk2q8gwP38bGh1taY4nTBtIC26HyDsaph3r3CnK1CGjdZN-uiIZE7KNwFpWsbow7KrDh3EFbvm0gY6Afz85mWSOYRsewj7eTsEYLwx3oqphdBIgVK2g28KEjkHf7eXa8nhyKv_o?authuser=2&fife=s16383",
        "source_image_provider": "google_mymaps",
        "source_image_status": "temporary_source_reference",
        "local_images": [],
        "image_count": 0,
        "created_at": "2026-08-06",
        "updated_at": "2026-08-06",
        "name_score": 1,
        "coordinate_score": 1,
        "classification_score": 1.0,
        "contact_score": 0.5,
        "image_score": 0.3,
        "completeness_score": 0.45,
        "overall_quality_score": 0.76,
        "data_completeness_percent": 45,
        "missing_fields": [
          "district",
          "website",
          "cuisine",
          "opening_hours",
          "license",
          "image"
        ],
        "match_status": "new_feature",
        "coordinate_review_status": "valid",
        "coordinate_change_reason": null,
        "original_coordinates": [
          13.134065,
          32.875599
        ],
        "legacy_ids": [],
        "alias_ids": [],
        "source_records": [],
        "source_files": [],
        "merged_from_ids": [],
        "related_feature_ids": [],
        "relationship_types": [],
        "canonical_id": "LY-FNB-RES-TRI-00037",
        "merge_status": "not_merged",
        "merge_confidence": null,
        "merge_date": null,
        "merge_method": null,
        "merge_notes": null,
        "publication_status": "internal_ready",
        "publication_status_reason": "No blocking review; quality limitations remain disclosed",
        "publication_status_date": "2026-08-06",
        "publication_status_method": "phase_2_rules_v1",
        "operational_status_code": "unknown",
        "operational_status_ar": "غير محدد",
        "weighted_completeness_score": 75.0,
        "critical_fields_completeness": 100.0,
        "supplementary_fields_completeness": 50.0,
        "completeness_method_version": "phase_2_weighted_v1"
      },
      "geometry": {
        "type": "Point",
        "coordinates": [
          13.134065,
          32.875599
        ]
      }
    },
    {
      "type": "Feature",
      "id": "LY-FNB-RES-TRI-00038",
      "properties": {
        "id": "LY-FNB-RES-TRI-00038",
        "name_ar": "مطعم وكافيه فلانيل | مطعم فلانيل ومقهي",
        "name_en": null,
        "name_normalized_ar": "مطعموكافيهفلانيلمطعمفلانيلومقهي",
        "translation_status": "pending_review",
        "category": "الطعام والشراب",
        "subcategory_ar": "مطعم ومقهى",
        "subcategory_en": "Cafe restaurant",
        "facility_type_code": "cafe_restaurant",
        "municipality_ar": "طرابلس",
        "municipality_en": "Tripoli",
        "city_ar": "طرابلس",
        "city_en": "Tripoli",
        "district_ar": null,
        "district_en": null,
        "address_ar": "طرابلس شارع الجرابة",
        "address_en": null,
        "longitude": 13.205742,
        "latitude": 32.880592,
        "source": "Tripoli restaurants team KML",
        "source_kml": "data/incoming/tripoli-restaurants.kml",
        "source_record_index": 38,
        "description_ar": "النوع: مطعم يقدم افضل الاطباق الفرنسية والإيطالية العنوان: طرابلس شارع الجرابة الهاتف: 094-0207010",
        "description_en": null,
        "phone": "094-0207010",
        "email": null,
        "website": null,
        "cuisine_type_ar": null,
        "cuisine_type_en": null,
        "price_level": null,
        "opening_hours": null,
        "status": "active",
        "license_status": null,
        "data_quality_status": "medium",
        "data_review_status": "integrated",
        "source_image_url": "https://mymaps.usercontent.google.com/hostedimage/m/*/3AAjQbR61LL9NXPBh5vF9EC9J2aqTSOTuucC7ja2dxyVxT3yBtz-8f9P7FqEPGDCKn622s7kURWcbM1nupk1fjwAawL7eRV2yPzNpHoUwGn1946HeT8fE1Xfvla0lrzZx_LjbQKyWXt_Bumqtg0n4qpryqnqi2b4TEXEJYEIrLRX-YXkt9uttQkRf22vMYuYmiRwmhT03qFdDv_cbG_D4hYnXMRiJ1tS2em_Eq2q4xLv2nU4Y9lJJO46_RCuUdEw?authuser=2&fife=s16383",
        "source_image_provider": "google_mymaps",
        "source_image_status": "temporary_source_reference",
        "local_images": [],
        "image_count": 0,
        "created_at": "2026-08-06",
        "updated_at": "2026-08-06",
        "name_score": 1,
        "coordinate_score": 1,
        "classification_score": 1.0,
        "contact_score": 0.5,
        "image_score": 0.3,
        "completeness_score": 0.45,
        "overall_quality_score": 0.76,
        "data_completeness_percent": 45,
        "missing_fields": [
          "district",
          "website",
          "cuisine",
          "opening_hours",
          "license",
          "image"
        ],
        "match_status": "new_feature",
        "coordinate_review_status": "valid",
        "coordinate_change_reason": null,
        "original_coordinates": [
          13.205742,
          32.880592
        ],
        "legacy_ids": [],
        "alias_ids": [],
        "source_records": [],
        "source_files": [],
        "merged_from_ids": [],
        "related_feature_ids": [],
        "relationship_types": [],
        "canonical_id": "LY-FNB-RES-TRI-00038",
        "merge_status": "not_merged",
        "merge_confidence": null,
        "merge_date": null,
        "merge_method": null,
        "merge_notes": null,
        "publication_status": "internal_ready",
        "publication_status_reason": "No blocking review; quality limitations remain disclosed",
        "publication_status_date": "2026-08-06",
        "publication_status_method": "phase_2_rules_v1",
        "operational_status_code": "unknown",
        "operational_status_ar": "غير محدد",
        "weighted_completeness_score": 75.0,
        "critical_fields_completeness": 100.0,
        "supplementary_fields_completeness": 50.0,
        "completeness_method_version": "phase_2_weighted_v1"
      },
      "geometry": {
        "type": "Point",
        "coordinates": [
          13.205742,
          32.880592
        ]
      }
    },
    {
      "type": "Feature",
      "id": "LY-FNB-RES-TRI-00039",
      "properties": {
        "id": "LY-FNB-RES-TRI-00039",
        "name_ar": "مطعم النخلة",
        "name_en": null,
        "name_normalized_ar": "مطعمالنخله",
        "translation_status": "pending_review",
        "category": "الطعام والشراب",
        "subcategory_ar": "وجبات سريعة",
        "subcategory_en": "Fast food",
        "facility_type_code": "fast_food",
        "municipality_ar": "طرابلس",
        "municipality_en": "Tripoli",
        "city_ar": "طرابلس",
        "city_en": "Tripoli",
        "district_ar": null,
        "district_en": null,
        "address_ar": "طرابلس زناته",
        "address_en": null,
        "longitude": 13.231752,
        "latitude": 32.862614,
        "source": "Tripoli restaurants team KML",
        "source_kml": "data/incoming/tripoli-restaurants.kml",
        "source_record_index": 39,
        "description_ar": "النوع: بيتزا ومعجنات العنوان: طرابلس زناته الهاتف: 091-9092201",
        "description_en": null,
        "phone": "091-9092201",
        "email": null,
        "website": null,
        "cuisine_type_ar": null,
        "cuisine_type_en": null,
        "price_level": null,
        "opening_hours": null,
        "status": "active",
        "license_status": null,
        "data_quality_status": "medium",
        "data_review_status": "integrated",
        "source_image_url": "https://mymaps.usercontent.google.com/hostedimage/m/*/3AAjQbR50TyVLIgIFDFmxby7dHFoleYrXEiftQ-8nCuzE32uG7uLzHeFsurLj842Jy2okY6ArxYDTlAqKod68JvWXYmojZDsNafwb7wU6M-VjOPVGZTRc7scfohv-KigCsWbwO0803Huf1nkEpyuR09COA1hcLHPjOumnXJoS5GB0BjW3WPW3C9k7aZGyG-oEJlndkvaH4CycxjyBaGy2p4vBV5SpHgk6kMoxDU5tHM2H1LvFhurq0QeIwLxixOI?authuser=2&fife=s16383",
        "source_image_provider": "google_mymaps",
        "source_image_status": "temporary_source_reference",
        "local_images": [],
        "image_count": 0,
        "created_at": "2026-08-06",
        "updated_at": "2026-08-06",
        "name_score": 1,
        "coordinate_score": 1,
        "classification_score": 1.0,
        "contact_score": 0.5,
        "image_score": 0.3,
        "completeness_score": 0.45,
        "overall_quality_score": 0.76,
        "data_completeness_percent": 45,
        "missing_fields": [
          "district",
          "website",
          "cuisine",
          "opening_hours",
          "license",
          "image"
        ],
        "match_status": "new_feature",
        "coordinate_review_status": "valid",
        "coordinate_change_reason": null,
        "original_coordinates": [
          13.231752,
          32.862614
        ],
        "legacy_ids": [],
        "alias_ids": [],
        "source_records": [],
        "source_files": [],
        "merged_from_ids": [],
        "related_feature_ids": [],
        "relationship_types": [],
        "canonical_id": "LY-FNB-RES-TRI-00039",
        "merge_status": "not_merged",
        "merge_confidence": null,
        "merge_date": null,
        "merge_method": null,
        "merge_notes": null,
        "publication_status": "internal_ready",
        "publication_status_reason": "No blocking review; quality limitations remain disclosed",
        "publication_status_date": "2026-08-06",
        "publication_status_method": "phase_2_rules_v1",
        "operational_status_code": "unknown",
        "operational_status_ar": "غير محدد",
        "weighted_completeness_score": 75.0,
        "critical_fields_completeness": 100.0,
        "supplementary_fields_completeness": 50.0,
        "completeness_method_version": "phase_2_weighted_v1"
      },
      "geometry": {
        "type": "Point",
        "coordinates": [
          13.231752,
          32.862614
        ]
      }
    },
    {
      "type": "Feature",
      "id": "LY-FNB-RES-TRI-00040",
      "properties": {
        "id": "LY-FNB-RES-TRI-00040",
        "name_ar": "مطعم المنسف",
        "name_en": null,
        "name_normalized_ar": "مطعمالمنسف",
        "translation_status": "pending_review",
        "category": "الطعام والشراب",
        "subcategory_ar": "مطعم",
        "subcategory_en": "Restaurant",
        "facility_type_code": "restaurant",
        "municipality_ar": "طرابلس",
        "municipality_en": "Tripoli",
        "city_ar": "طرابلس",
        "city_en": "Tripoli",
        "district_ar": null,
        "district_en": null,
        "address_ar": "طرابلس جامع الصقع",
        "address_en": null,
        "longitude": 13.216041,
        "latitude": 32.882389,
        "source": "Tripoli restaurants team KML",
        "source_kml": "data/incoming/tripoli-restaurants.kml",
        "source_record_index": 40,
        "description_ar": "النوع: مأكولات متنوعه العنوان: طرابلس جامع الصقع الهاتف: 091-5884444",
        "description_en": null,
        "phone": "091-5884444",
        "email": null,
        "website": null,
        "cuisine_type_ar": null,
        "cuisine_type_en": null,
        "price_level": null,
        "opening_hours": null,
        "status": "active",
        "license_status": null,
        "data_quality_status": "medium",
        "data_review_status": "integrated",
        "source_image_url": "https://mymaps.usercontent.google.com/hostedimage/m/*/3AAjQbR6CEftoSGDDDz-uPnkxNm0VaItnyP5xtxEZw9qGpUZV-f-jDvfzpmtwtOrhers8or0AR70AcxbcGOuXF0hipA6UbYCaFMONKB5G7-Notra8tCcuqEbdDPULO-zxMeBEWvjrE2K0ap_qviBKH8O0yOh7gKYP3I0iMy0JTj7prl6QKc0D4-PvPD_GsW89RuM2ggZkB2uhGSuoaq_oBO1X4gFAvYelME2RYlUZ3LbGrQNVVUsTo5dePuXS6yc?authuser=2&fife=s16383",
        "source_image_provider": "google_mymaps",
        "source_image_status": "temporary_source_reference",
        "local_images": [],
        "image_count": 0,
        "created_at": "2026-08-06",
        "updated_at": "2026-08-06",
        "name_score": 1,
        "coordinate_score": 1,
        "classification_score": 1.0,
        "contact_score": 0.5,
        "image_score": 0.3,
        "completeness_score": 0.45,
        "overall_quality_score": 0.76,
        "data_completeness_percent": 45,
        "missing_fields": [
          "district",
          "website",
          "cuisine",
          "opening_hours",
          "license",
          "image"
        ],
        "match_status": "new_feature",
        "coordinate_review_status": "valid",
        "coordinate_change_reason": null,
        "original_coordinates": [
          13.216041,
          32.882389
        ],
        "legacy_ids": [],
        "alias_ids": [],
        "source_records": [],
        "source_files": [],
        "merged_from_ids": [],
        "related_feature_ids": [],
        "relationship_types": [],
        "canonical_id": "LY-FNB-RES-TRI-00040",
        "merge_status": "not_merged",
        "merge_confidence": null,
        "merge_date": null,
        "merge_method": null,
        "merge_notes": null,
        "publication_status": "internal_ready",
        "publication_status_reason": "No blocking review; quality limitations remain disclosed",
        "publication_status_date": "2026-08-06",
        "publication_status_method": "phase_2_rules_v1",
        "operational_status_code": "unknown",
        "operational_status_ar": "غير محدد",
        "weighted_completeness_score": 75.0,
        "critical_fields_completeness": 100.0,
        "supplementary_fields_completeness": 50.0,
        "completeness_method_version": "phase_2_weighted_v1"
      },
      "geometry": {
        "type": "Point",
        "coordinates": [
          13.216041,
          32.882389
        ]
      }
    },
    {
      "type": "Feature",
      "id": "LY-FNB-RES-TRI-00041",
      "properties": {
        "id": "LY-FNB-RES-TRI-00041",
        "name_ar": "كينج فرايد تشيكن",
        "name_en": null,
        "name_normalized_ar": "كينجفرايدتشيكن",
        "translation_status": "pending_review",
        "category": "الطعام والشراب",
        "subcategory_ar": "وجبات سريعة",
        "subcategory_en": "Fast food",
        "facility_type_code": "fast_food",
        "municipality_ar": "طرابلس",
        "municipality_en": "Tripoli",
        "city_ar": "طرابلس",
        "city_en": "Tripoli",
        "district_ar": null,
        "district_en": null,
        "address_ar": "طرابلس النوفليين",
        "address_en": null,
        "longitude": 13.216434,
        "latitude": 32.890299,
        "source": "Tripoli restaurants team KML",
        "source_kml": "data/incoming/tripoli-restaurants.kml",
        "source_record_index": 41,
        "description_ar": "النوع: العنوان: طرابلس النوفليين وسائل الاتصال: الهاتف: 092-1828222",
        "description_en": null,
        "phone": "092-1828222",
        "email": null,
        "website": null,
        "cuisine_type_ar": null,
        "cuisine_type_en": null,
        "price_level": null,
        "opening_hours": null,
        "status": "active",
        "license_status": null,
        "data_quality_status": "medium",
        "data_review_status": "integrated",
        "source_image_url": "https://mymaps.usercontent.google.com/hostedimage/m/*/3AAjQbR4c8Y_0C35PSEZYQIvxCAZeDAyuUKe3rwUD8cTNau149LBQ6QFXg6DGnkFZph0x1nvl9LoiA0DFAvdsr1n-gzrcxA_6w_HtrUbs0xFPkY9oeOR1pPCeccuPosGM3QAFUCcJXGrElN1KG3qwUO3PSWz9bvL-dEiRL5PbjsjUHzFiAAmiRhxWjrlr6qerK7m46N181o3zUQIV6Y3d8Sg_K2TY-sFIBdiNdWE4faY23fXIsHhvSHSjThp8E6A?authuser=2&fife=s16383",
        "source_image_provider": "google_mymaps",
        "source_image_status": "temporary_source_reference",
        "local_images": [],
        "image_count": 0,
        "created_at": "2026-08-06",
        "updated_at": "2026-08-06",
        "name_score": 1,
        "coordinate_score": 1,
        "classification_score": 1.0,
        "contact_score": 0.5,
        "image_score": 0.3,
        "completeness_score": 0.45,
        "overall_quality_score": 0.76,
        "data_completeness_percent": 45,
        "missing_fields": [
          "district",
          "website",
          "cuisine",
          "opening_hours",
          "license",
          "image"
        ],
        "match_status": "new_feature",
        "coordinate_review_status": "valid",
        "coordinate_change_reason": null,
        "original_coordinates": [
          13.216434,
          32.890299
        ],
        "legacy_ids": [],
        "alias_ids": [],
        "source_records": [],
        "source_files": [],
        "merged_from_ids": [],
        "related_feature_ids": [],
        "relationship_types": [],
        "canonical_id": "LY-FNB-RES-TRI-00041",
        "merge_status": "not_merged",
        "merge_confidence": null,
        "merge_date": null,
        "merge_method": null,
        "merge_notes": null,
        "publication_status": "internal_ready",
        "publication_status_reason": "No blocking review; quality limitations remain disclosed",
        "publication_status_date": "2026-08-06",
        "publication_status_method": "phase_2_rules_v1",
        "operational_status_code": "unknown",
        "operational_status_ar": "غير محدد",
        "weighted_completeness_score": 75.0,
        "critical_fields_completeness": 100.0,
        "supplementary_fields_completeness": 50.0,
        "completeness_method_version": "phase_2_weighted_v1"
      },
      "geometry": {
        "type": "Point",
        "coordinates": [
          13.216434,
          32.890299
        ]
      }
    },
    {
      "type": "Feature",
      "id": "LY-FNB-RES-TRI-00042",
      "properties": {
        "id": "LY-FNB-RES-TRI-00042",
        "name_ar": "مطعم البحباح",
        "name_en": null,
        "name_normalized_ar": "مطعمالبحباح",
        "translation_status": "pending_review",
        "category": "الطعام والشراب",
        "subcategory_ar": "مطعم",
        "subcategory_en": "Restaurant",
        "facility_type_code": "restaurant",
        "municipality_ar": "طرابلس",
        "municipality_en": "Tripoli",
        "city_ar": "طرابلس",
        "city_en": "Tripoli",
        "district_ar": null,
        "district_en": null,
        "address_ar": "طرابلس فرع الظهرة",
        "address_en": null,
        "longitude": 13.197686,
        "latitude": 32.891206,
        "source": "Tripoli restaurants team KML",
        "source_kml": "data/incoming/tripoli-restaurants.kml",
        "source_record_index": 42,
        "description_ar": "النوع: مأكولات متنوعة العنوان: طرابلس فرع الظهرة الهاتف: 0914441116",
        "description_en": null,
        "phone": "0914441116",
        "email": null,
        "website": null,
        "cuisine_type_ar": null,
        "cuisine_type_en": null,
        "price_level": null,
        "opening_hours": null,
        "status": "active",
        "license_status": null,
        "data_quality_status": "medium",
        "data_review_status": "integrated",
        "source_image_url": "https://mymaps.usercontent.google.com/hostedimage/m/*/3AAjQbR4FKTXpQLVU7YAEu--SzIptvDf3vdv3ce1fLShCHTUKtzOoYZU5TwR3WUb2gtVxaqxSQsFYTp6SdUKKhu0lbbpAXad8fIZ6LhoJKBdSj229vX62XoqwN3PISq-3UwfnyyTpkS7eAqDEpgOoIAgJlTkfXa_hV9igUpM_7KEQjlJvXKBxknR7YPf3uECl83TD6-4HEOVzkh-HtFM89-4bGa2XYeXs3_dWAUiiu5QRf-aM5laP4FtLEpujj6s?authuser=2&fife=s16383",
        "source_image_provider": "google_mymaps",
        "source_image_status": "temporary_source_reference",
        "local_images": [],
        "image_count": 0,
        "created_at": "2026-08-06",
        "updated_at": "2026-08-06",
        "name_score": 1,
        "coordinate_score": 1,
        "classification_score": 1.0,
        "contact_score": 0.5,
        "image_score": 0.3,
        "completeness_score": 0.45,
        "overall_quality_score": 0.76,
        "data_completeness_percent": 45,
        "missing_fields": [
          "district",
          "website",
          "cuisine",
          "opening_hours",
          "license",
          "image"
        ],
        "match_status": "new_feature",
        "coordinate_review_status": "valid",
        "coordinate_change_reason": null,
        "original_coordinates": [
          13.197686,
          32.891206
        ],
        "legacy_ids": [],
        "alias_ids": [],
        "source_records": [],
        "source_files": [],
        "merged_from_ids": [],
        "related_feature_ids": [],
        "relationship_types": [],
        "canonical_id": "LY-FNB-RES-TRI-00042",
        "merge_status": "not_merged",
        "merge_confidence": null,
        "merge_date": null,
        "merge_method": null,
        "merge_notes": null,
        "publication_status": "internal_ready",
        "publication_status_reason": "No blocking review; quality limitations remain disclosed",
        "publication_status_date": "2026-08-06",
        "publication_status_method": "phase_2_rules_v1",
        "operational_status_code": "unknown",
        "operational_status_ar": "غير محدد",
        "weighted_completeness_score": 75.0,
        "critical_fields_completeness": 100.0,
        "supplementary_fields_completeness": 50.0,
        "completeness_method_version": "phase_2_weighted_v1"
      },
      "geometry": {
        "type": "Point",
        "coordinates": [
          13.197686,
          32.891206
        ]
      }
    },
    {
      "type": "Feature",
      "id": "LY-FNB-RES-TRI-00043",
      "properties": {
        "id": "LY-FNB-RES-TRI-00043",
        "name_ar": "بيتزا فيرا",
        "name_en": null,
        "name_normalized_ar": "بيتزافيرا",
        "translation_status": "pending_review",
        "category": "الطعام والشراب",
        "subcategory_ar": "وجبات سريعة",
        "subcategory_en": "Fast food",
        "facility_type_code": "fast_food",
        "municipality_ar": "طرابلس",
        "municipality_en": "Tripoli",
        "city_ar": "طرابلس",
        "city_en": "Tripoli",
        "district_ar": null,
        "district_en": null,
        "address_ar": "طرابلس",
        "address_en": null,
        "longitude": 13.197493,
        "latitude": 32.877181,
        "source": "Tripoli restaurants team KML",
        "source_kml": "data/incoming/tripoli-restaurants.kml",
        "source_record_index": 43,
        "description_ar": "النوع: بيتزا ومعجنات العنوان: طرابلس الهاتف: 091-8487691",
        "description_en": null,
        "phone": "091-8487691",
        "email": null,
        "website": null,
        "cuisine_type_ar": null,
        "cuisine_type_en": null,
        "price_level": null,
        "opening_hours": null,
        "status": "active",
        "license_status": null,
        "data_quality_status": "medium",
        "data_review_status": "integrated",
        "source_image_url": "https://mymaps.usercontent.google.com/hostedimage/m/*/3AAjQbR6SVVgvJByq7kHxfp46DDckjR1PJDHeq1hhIsIgLe6Qh6kXLtdFyyNIcEiaPuIbM330rf7vNv28DVfI71bOKh2b4pMaFbd4SyYVg2QnqWQ7Z_k9-XUO0VKVmGBRb1dypDLw2PXmEvzEgKyNz1TPdG9tZsm3oixbXPIDHAJLjMpHtPzkG8qqra-6_X7G-0ll8evybbIiTkKqqRTVOtL9hvD5_CD8FuQC9MU7bCkkcKmO4qainf-yDca6FuY?authuser=2&fife=s16383",
        "source_image_provider": "google_mymaps",
        "source_image_status": "temporary_source_reference",
        "local_images": [],
        "image_count": 0,
        "created_at": "2026-08-06",
        "updated_at": "2026-08-06",
        "name_score": 1,
        "coordinate_score": 1,
        "classification_score": 1.0,
        "contact_score": 0.5,
        "image_score": 0.3,
        "completeness_score": 0.45,
        "overall_quality_score": 0.76,
        "data_completeness_percent": 45,
        "missing_fields": [
          "district",
          "website",
          "cuisine",
          "opening_hours",
          "license",
          "image"
        ],
        "match_status": "new_feature",
        "coordinate_review_status": "valid",
        "coordinate_change_reason": null,
        "original_coordinates": [
          13.197493,
          32.877181
        ],
        "legacy_ids": [],
        "alias_ids": [],
        "source_records": [],
        "source_files": [],
        "merged_from_ids": [],
        "related_feature_ids": [],
        "relationship_types": [],
        "canonical_id": "LY-FNB-RES-TRI-00043",
        "merge_status": "not_merged",
        "merge_confidence": null,
        "merge_date": null,
        "merge_method": null,
        "merge_notes": null,
        "publication_status": "internal_ready",
        "publication_status_reason": "No blocking review; quality limitations remain disclosed",
        "publication_status_date": "2026-08-06",
        "publication_status_method": "phase_2_rules_v1",
        "operational_status_code": "unknown",
        "operational_status_ar": "غير محدد",
        "weighted_completeness_score": 75.0,
        "critical_fields_completeness": 100.0,
        "supplementary_fields_completeness": 50.0,
        "completeness_method_version": "phase_2_weighted_v1"
      },
      "geometry": {
        "type": "Point",
        "coordinates": [
          13.197493,
          32.877181
        ]
      }
    },
    {
      "type": "Feature",
      "id": "LY-FNB-RES-TRI-00044",
      "properties": {
        "id": "LY-FNB-RES-TRI-00044",
        "name_ar": "مطعم الروبيان للمأكولات البحرية",
        "name_en": null,
        "name_normalized_ar": "مطعمالروبيانللماكولاتالبحريه",
        "translation_status": "pending_review",
        "category": "الطعام والشراب",
        "subcategory_ar": "مطعم أسماك ومأكولات بحرية",
        "subcategory_en": "Seafood restaurant",
        "facility_type_code": "seafood_restaurant",
        "municipality_ar": "طرابلس",
        "municipality_en": "Tripoli",
        "city_ar": "طرابلس",
        "city_en": "Tripoli",
        "district_ar": null,
        "district_en": null,
        "address_ar": "طرابلس طريق الشط",
        "address_en": null,
        "longitude": 13.143308,
        "latitude": 32.878142,
        "source": "Tripoli restaurants team KML",
        "source_kml": "data/incoming/tripoli-restaurants.kml",
        "source_record_index": 44,
        "description_ar": "النوع: مأكولات بحرية العنوان: طرابلس طريق الشط الهاتف: 0910332000",
        "description_en": null,
        "phone": "0910332000",
        "email": null,
        "website": null,
        "cuisine_type_ar": null,
        "cuisine_type_en": null,
        "price_level": null,
        "opening_hours": null,
        "status": "active",
        "license_status": null,
        "data_quality_status": "medium",
        "data_review_status": "integrated",
        "source_image_url": "https://mymaps.usercontent.google.com/hostedimage/m/*/3AAjQbR5yKn7wd6Xc61RiKiYvq84-t5ZSFUyfO8gqXK2x0NxTNwAh600RcE2FBkT2JYipnfrvD_obJDcS5XDS0-_gPTzC7c6EW0Jvgo3bO2Wy1G8noYUdVWoDUpG3N_V0YYlXkULqzSZTXUZq2-MA0GY5TIf47aTFwewQvRKzrZWUnvg-kHopYlZr_lGZcIlRkiOhWE28GHAcRB_ab-QuecmC4mlckyRwSPxe43B2Y6P1n8cn3jPpbuUisQzVVzI?authuser=2&fife=s16383",
        "source_image_provider": "google_mymaps",
        "source_image_status": "temporary_source_reference",
        "local_images": [],
        "image_count": 0,
        "created_at": "2026-08-06",
        "updated_at": "2026-08-06",
        "name_score": 1,
        "coordinate_score": 1,
        "classification_score": 1.0,
        "contact_score": 0.5,
        "image_score": 0.3,
        "completeness_score": 0.45,
        "overall_quality_score": 0.76,
        "data_completeness_percent": 45,
        "missing_fields": [
          "district",
          "website",
          "cuisine",
          "opening_hours",
          "license",
          "image"
        ],
        "match_status": "new_feature",
        "coordinate_review_status": "valid",
        "coordinate_change_reason": null,
        "original_coordinates": [
          13.143308,
          32.878142
        ],
        "legacy_ids": [],
        "alias_ids": [],
        "source_records": [],
        "source_files": [],
        "merged_from_ids": [],
        "related_feature_ids": [],
        "relationship_types": [],
        "canonical_id": "LY-FNB-RES-TRI-00044",
        "merge_status": "not_merged",
        "merge_confidence": null,
        "merge_date": null,
        "merge_method": null,
        "merge_notes": null,
        "publication_status": "internal_ready",
        "publication_status_reason": "No blocking review; quality limitations remain disclosed",
        "publication_status_date": "2026-08-06",
        "publication_status_method": "phase_2_rules_v1",
        "operational_status_code": "unknown",
        "operational_status_ar": "غير محدد",
        "weighted_completeness_score": 75.0,
        "critical_fields_completeness": 100.0,
        "supplementary_fields_completeness": 50.0,
        "completeness_method_version": "phase_2_weighted_v1"
      },
      "geometry": {
        "type": "Point",
        "coordinates": [
          13.143308,
          32.878142
        ]
      }
    },
    {
      "type": "Feature",
      "id": "LY-FNB-RES-TRI-00045",
      "properties": {
        "id": "LY-FNB-RES-TRI-00045",
        "name_ar": "مطعم الزهراء 3",
        "name_en": null,
        "name_normalized_ar": "مطعمالزهراء3",
        "translation_status": "pending_review",
        "category": "الطعام والشراب",
        "subcategory_ar": "مطعم شعبي أو تقليدي",
        "subcategory_en": "Traditional restaurant",
        "facility_type_code": "traditional_restaurant",
        "municipality_ar": "طرابلس",
        "municipality_en": "Tripoli",
        "city_ar": "طرابلس",
        "city_en": "Tripoli",
        "district_ar": null,
        "district_en": null,
        "address_ar": "طرابلس غوط الشعال",
        "address_en": null,
        "longitude": 13.16477,
        "latitude": 32.886567,
        "source": "Tripoli restaurants team KML",
        "source_kml": "data/incoming/tripoli-restaurants.kml",
        "source_record_index": 45,
        "description_ar": "متخصص في الأكل الشعبي",
        "description_en": null,
        "phone": "091-5942608",
        "email": null,
        "website": null,
        "cuisine_type_ar": null,
        "cuisine_type_en": null,
        "price_level": null,
        "opening_hours": null,
        "status": "active",
        "license_status": null,
        "data_quality_status": "medium",
        "data_review_status": "integrated",
        "source_image_url": "https://mymaps.usercontent.google.com/hostedimage/m/*/3AAjQbR4bXagMcO4pwcuuiWKXfj8clPZRdXz0VEcoRRRetKz5kkv8KGB889C-uzSpI0PBy5jmCrlEH02RuabYYGof6ybsP1w68HPXkrW_BL9Z_WXK2tXN1Xrjo7SvHH67mem0Be998yvbKXQcaGzT7Jo19rqihKAu2pCQDyXruins3T2xQ4vVW8E41GhE4BPuou5mYB52_5GcmP55cJmGnHXw09S-0K5DkjzE74jUUOcA2gqvQqn7W7hfB6Ps13s?authuser=2&fife=s16383",
        "source_image_provider": "google_mymaps",
        "source_image_status": "temporary_source_reference",
        "local_images": [],
        "image_count": 0,
        "created_at": "2026-08-06",
        "updated_at": "2026-08-06",
        "name_score": 1,
        "coordinate_score": 1,
        "classification_score": 1.0,
        "contact_score": 0.5,
        "image_score": 0.3,
        "completeness_score": 0.45,
        "overall_quality_score": 0.76,
        "data_completeness_percent": 45,
        "missing_fields": [
          "district",
          "website",
          "cuisine",
          "opening_hours",
          "license",
          "image"
        ],
        "match_status": "new_feature",
        "coordinate_review_status": "valid",
        "coordinate_change_reason": null,
        "original_coordinates": [
          13.16477,
          32.886567
        ],
        "legacy_ids": [],
        "alias_ids": [],
        "source_records": [],
        "source_files": [],
        "merged_from_ids": [],
        "related_feature_ids": [],
        "relationship_types": [],
        "canonical_id": "LY-FNB-RES-TRI-00045",
        "merge_status": "not_merged",
        "merge_confidence": null,
        "merge_date": null,
        "merge_method": null,
        "merge_notes": null,
        "publication_status": "internal_ready",
        "publication_status_reason": "No blocking review; quality limitations remain disclosed",
        "publication_status_date": "2026-08-06",
        "publication_status_method": "phase_2_rules_v1",
        "operational_status_code": "unknown",
        "operational_status_ar": "غير محدد",
        "weighted_completeness_score": 75.0,
        "critical_fields_completeness": 100.0,
        "supplementary_fields_completeness": 50.0,
        "completeness_method_version": "phase_2_weighted_v1"
      },
      "geometry": {
        "type": "Point",
        "coordinates": [
          13.16477,
          32.886567
        ]
      }
    },
    {
      "type": "Feature",
      "id": "LY-FNB-RES-TRI-00046",
      "properties": {
        "id": "LY-FNB-RES-TRI-00046",
        "name_ar": "Hk pizza",
        "name_en": null,
        "name_normalized_ar": "hkpizza",
        "translation_status": "pending_review",
        "category": "الطعام والشراب",
        "subcategory_ar": "وجبات سريعة",
        "subcategory_en": "Fast food",
        "facility_type_code": "fast_food",
        "municipality_ar": "طرابلس",
        "municipality_en": "Tripoli",
        "city_ar": "طرابلس",
        "city_en": "Tripoli",
        "district_ar": null,
        "district_en": null,
        "address_ar": "طرابلس النوفليين",
        "address_en": null,
        "longitude": 13.211462,
        "latitude": 32.891481,
        "source": "Tripoli restaurants team KML",
        "source_kml": "data/incoming/tripoli-restaurants.kml",
        "source_record_index": 46,
        "description_ar": "نقدم البيتزا واغلب المكرونات الإيطالية",
        "description_en": null,
        "phone": "094-4414244",
        "email": null,
        "website": null,
        "cuisine_type_ar": null,
        "cuisine_type_en": null,
        "price_level": null,
        "opening_hours": null,
        "status": "active",
        "license_status": null,
        "data_quality_status": "medium",
        "data_review_status": "integrated",
        "source_image_url": "https://mymaps.usercontent.google.com/hostedimage/m/*/3AAjQbR5oclsynvx4g7uhkm7MksBb5DzxKdbZmcLTLK1WEpZ121Qu6itLyW6KaL_RfW6XcJvDKGwPwQ__47yEFAcZtL4nfvcsSGaTsrICdmC79XpdyJ2_pYLGIEliDg7eUtm9NuOfarn0xFjhi4FsYFNWM0qRnN8weHd862w7Oon17C57ylQtEyqVknUNyR1RG_RLUXbyEAOZ0YPe05oYKVtdEDP3YuMEdQCjZzLjMfi4eFJeNDWZHnJPRPCneBU?authuser=2&fife=s16383",
        "source_image_provider": "google_mymaps",
        "source_image_status": "temporary_source_reference",
        "local_images": [],
        "image_count": 0,
        "created_at": "2026-08-06",
        "updated_at": "2026-08-06",
        "name_score": 1,
        "coordinate_score": 1,
        "classification_score": 1.0,
        "contact_score": 0.5,
        "image_score": 0.3,
        "completeness_score": 0.45,
        "overall_quality_score": 0.76,
        "data_completeness_percent": 45,
        "missing_fields": [
          "district",
          "website",
          "cuisine",
          "opening_hours",
          "license",
          "image"
        ],
        "match_status": "new_feature",
        "coordinate_review_status": "valid",
        "coordinate_change_reason": null,
        "original_coordinates": [
          13.211462,
          32.891481
        ],
        "legacy_ids": [],
        "alias_ids": [],
        "source_records": [],
        "source_files": [],
        "merged_from_ids": [],
        "related_feature_ids": [],
        "relationship_types": [],
        "canonical_id": "LY-FNB-RES-TRI-00046",
        "merge_status": "not_merged",
        "merge_confidence": null,
        "merge_date": null,
        "merge_method": null,
        "merge_notes": null,
        "publication_status": "internal_ready",
        "publication_status_reason": "No blocking review; quality limitations remain disclosed",
        "publication_status_date": "2026-08-06",
        "publication_status_method": "phase_2_rules_v1",
        "operational_status_code": "unknown",
        "operational_status_ar": "غير محدد",
        "weighted_completeness_score": 75.0,
        "critical_fields_completeness": 100.0,
        "supplementary_fields_completeness": 50.0,
        "completeness_method_version": "phase_2_weighted_v1"
      },
      "geometry": {
        "type": "Point",
        "coordinates": [
          13.211462,
          32.891481
        ]
      }
    },
    {
      "type": "Feature",
      "id": "LY-FNB-RES-TRI-00047",
      "properties": {
        "id": "LY-FNB-RES-TRI-00047",
        "name_ar": "Pamplona cafe",
        "name_en": null,
        "name_normalized_ar": "pamplonacafe",
        "translation_status": "pending_review",
        "category": "الطعام والشراب",
        "subcategory_ar": "وجبات سريعة",
        "subcategory_en": "Fast food",
        "facility_type_code": "fast_food",
        "municipality_ar": "طرابلس",
        "municipality_en": "Tripoli",
        "city_ar": "طرابلس",
        "city_en": "Tripoli",
        "district_ar": null,
        "district_en": null,
        "address_ar": null,
        "address_en": null,
        "longitude": 13.200491,
        "latitude": 32.892862,
        "source": "Tripoli restaurants team KML",
        "source_kml": "data/incoming/tripoli-restaurants.kml",
        "source_record_index": 47,
        "description_ar": "النوع: مطعم وجبات سريعة العنوان: الهاتف: 091-1939250",
        "description_en": null,
        "phone": "091-1939250",
        "email": null,
        "website": null,
        "cuisine_type_ar": null,
        "cuisine_type_en": null,
        "price_level": null,
        "opening_hours": null,
        "status": "active",
        "license_status": null,
        "data_quality_status": "low",
        "data_review_status": "review_required",
        "source_image_url": "https://mymaps.usercontent.google.com/hostedimage/m/*/3AAjQbR4cVfX86A5H1_s37P85CwFZVpY5UDMPTxvRE19eY5q4ejvzoid1kSpDpXVPEMeUZLmOiAnecIfwSKT4Y5rhy7p4vULIojd6wd7WJG5I_9DRuQVmjUGlB8bZTkMkuw6dSu-aPfy4fslRVLAo-xKXQlTeKDgwg1Lj3OSwZcD19mb_VfiWrmnJPKOrOc9Z9eaRbLax1pHvbOKvdr5zcpcc699IvhOe8DbOOcNZqbKuYq7RY4M4ECr-Vme36kw?authuser=2&fife=s16383",
        "source_image_provider": "google_mymaps",
        "source_image_status": "temporary_source_reference",
        "local_images": [],
        "image_count": 0,
        "created_at": "2026-08-06",
        "updated_at": "2026-08-06",
        "name_score": 1,
        "coordinate_score": 1,
        "classification_score": 1.0,
        "contact_score": 0.5,
        "image_score": 0.3,
        "completeness_score": 0.36,
        "overall_quality_score": 0.76,
        "data_completeness_percent": 36,
        "missing_fields": [
          "district",
          "address",
          "website",
          "cuisine",
          "opening_hours",
          "license",
          "image"
        ],
        "match_status": "new_feature",
        "coordinate_review_status": "valid",
        "coordinate_change_reason": null,
        "original_coordinates": [
          13.200491,
          32.892862
        ],
        "legacy_ids": [],
        "alias_ids": [],
        "source_records": [],
        "source_files": [],
        "merged_from_ids": [],
        "related_feature_ids": [],
        "relationship_types": [],
        "canonical_id": "LY-FNB-RES-TRI-00047",
        "merge_status": "not_merged",
        "merge_confidence": null,
        "merge_date": null,
        "merge_method": null,
        "merge_notes": null,
        "review_reason_codes": [
          "license_review"
        ],
        "review_priority": "P3",
        "review_owner_required": "وزارة السياحة أو البلدية أو الجهة المالكة حسب الاختصاص",
        "review_action_required": "institutional verification of flagged fields",
        "review_status": "open",
        "temporary_name_status": "not_temporary",
        "temporary_name_reason": null,
        "official_name_required": false,
        "publication_status": "internal_ready",
        "publication_status_reason": "Open review item",
        "publication_status_date": "2026-08-06",
        "publication_status_method": "phase_2_rules_v1",
        "operational_status_code": "unknown",
        "operational_status_ar": "غير محدد",
        "weighted_completeness_score": 75.0,
        "critical_fields_completeness": 100.0,
        "supplementary_fields_completeness": 50.0,
        "completeness_method_version": "phase_2_weighted_v1"
      },
      "geometry": {
        "type": "Point",
        "coordinates": [
          13.200491,
          32.892862
        ]
      }
    },
    {
      "type": "Feature",
      "id": "LY-FNB-RES-TRI-00048",
      "properties": {
        "id": "LY-FNB-RES-TRI-00048",
        "name_ar": "Bono restaurant المطعم التركي",
        "name_en": null,
        "name_normalized_ar": "bonorestaurantالمطعمالتركي",
        "translation_status": "pending_review",
        "category": "الطعام والشراب",
        "subcategory_ar": "مطعم دولي",
        "subcategory_en": "International restaurant",
        "facility_type_code": "international_restaurant",
        "municipality_ar": "طرابلس",
        "municipality_en": "Tripoli",
        "city_ar": "طرابلس",
        "city_en": "Tripoli",
        "district_ar": null,
        "district_en": null,
        "address_ar": "بن عاشور الجرابه",
        "address_en": null,
        "longitude": 13.176297,
        "latitude": 32.891514,
        "source": "Tripoli restaurants team KML",
        "source_kml": "data/incoming/tripoli-restaurants.kml",
        "source_record_index": 48,
        "description_ar": "النوع: للوجبات السريعة العنوان: بن عاشور الجرابه الهاتف: 091-0404689",
        "description_en": null,
        "phone": "091-0404689",
        "email": null,
        "website": null,
        "cuisine_type_ar": null,
        "cuisine_type_en": null,
        "price_level": null,
        "opening_hours": null,
        "status": "active",
        "license_status": null,
        "data_quality_status": "medium",
        "data_review_status": "integrated",
        "source_image_url": "https://mymaps.usercontent.google.com/hostedimage/m/*/3AAjQbR7nf5qSXrg5zGdcbXOpg47HcTMY2NNdT7AF6JORXRliIp1xoW81XDFfE9mlYghdUImnu-t3Gz4Q4qvwLU0HCkyXFJ8jSy5Fr_jqRDJLPWGGHpMndiSKX53m6kgO32sFA2t69KkkQVHHH_0IzEALHLCUoEGtBuEAswnaOcMG_MqZs8rBMFutCXktIAkvKWOuIJ9TYw9IxHWu5rO4HlrzxxhCUNRx7hYDwntxbPINgHT8hO24Ym_ITwZm_Gk?authuser=2&fife=s16383",
        "source_image_provider": "google_mymaps",
        "source_image_status": "temporary_source_reference",
        "local_images": [],
        "image_count": 0,
        "created_at": "2026-08-06",
        "updated_at": "2026-08-06",
        "name_score": 1,
        "coordinate_score": 1,
        "classification_score": 1.0,
        "contact_score": 0.5,
        "image_score": 0.3,
        "completeness_score": 0.45,
        "overall_quality_score": 0.76,
        "data_completeness_percent": 45,
        "missing_fields": [
          "district",
          "website",
          "cuisine",
          "opening_hours",
          "license",
          "image"
        ],
        "match_status": "new_feature",
        "coordinate_review_status": "valid",
        "coordinate_change_reason": null,
        "original_coordinates": [
          13.176297,
          32.891514
        ],
        "legacy_ids": [],
        "alias_ids": [],
        "source_records": [],
        "source_files": [],
        "merged_from_ids": [],
        "related_feature_ids": [],
        "relationship_types": [],
        "canonical_id": "LY-FNB-RES-TRI-00048",
        "merge_status": "not_merged",
        "merge_confidence": null,
        "merge_date": null,
        "merge_method": null,
        "merge_notes": null,
        "publication_status": "internal_ready",
        "publication_status_reason": "No blocking review; quality limitations remain disclosed",
        "publication_status_date": "2026-08-06",
        "publication_status_method": "phase_2_rules_v1",
        "operational_status_code": "unknown",
        "operational_status_ar": "غير محدد",
        "weighted_completeness_score": 75.0,
        "critical_fields_completeness": 100.0,
        "supplementary_fields_completeness": 50.0,
        "completeness_method_version": "phase_2_weighted_v1"
      },
      "geometry": {
        "type": "Point",
        "coordinates": [
          13.176297,
          32.891514
        ]
      }
    },
    {
      "type": "Feature",
      "id": "LY-FNB-RES-TRI-00049",
      "properties": {
        "id": "LY-FNB-RES-TRI-00049",
        "name_ar": "مقهى البريوشة",
        "name_en": null,
        "name_normalized_ar": "مقهيالبريوشه",
        "translation_status": "pending_review",
        "category": "الطعام والشراب",
        "subcategory_ar": "تحتاج مراجعة",
        "subcategory_en": "Review required",
        "facility_type_code": "review_required",
        "municipality_ar": "طرابلس",
        "municipality_en": "Tripoli",
        "city_ar": "طرابلس",
        "city_en": "Tripoli",
        "district_ar": null,
        "district_en": null,
        "address_ar": "ميدان الشهداء",
        "address_en": null,
        "longitude": 13.180983,
        "latitude": 32.894226,
        "source": "Tripoli restaurants team KML",
        "source_kml": "data/incoming/tripoli-restaurants.kml",
        "source_record_index": 49,
        "description_ar": "النوع: مقهى العنوان: ميدان الشهداء الهاتف: 091-0402500",
        "description_en": null,
        "phone": "091-0402500",
        "email": null,
        "website": null,
        "cuisine_type_ar": null,
        "cuisine_type_en": null,
        "price_level": null,
        "opening_hours": null,
        "status": "active",
        "license_status": null,
        "data_quality_status": "low",
        "data_review_status": "review_required",
        "source_image_url": "https://mymaps.usercontent.google.com/hostedimage/m/*/3AAjQbR5DubGquflGGH7XTadUWAciC1LzlYqfZWCZFuWI6JqHmOUKzyY7ZXhehxoJaopNv7ao-zmQ8iHsIlDopb7yBv-ow0DtVYp9tIHaXfBRqVRjXwcRJ9p27SmCSjVDvXuoR8Xo7FUO6eETBEcmo4b-BWlahv4Kb-3odBNo7PWl6sNiZje5vwL5D0ulPSIrOF65c8N1c_5ifereb66WVzkSh8gqXbsPNGuobcedIDYWKY7SZ9eDu7wqO55ZkZw?authuser=2&fife=s16383",
        "source_image_provider": "google_mymaps",
        "source_image_status": "temporary_source_reference",
        "local_images": [],
        "image_count": 0,
        "created_at": "2026-08-06",
        "updated_at": "2026-08-06",
        "name_score": 1,
        "coordinate_score": 1,
        "classification_score": 0.3,
        "contact_score": 0.5,
        "image_score": 0.3,
        "completeness_score": 0.36,
        "overall_quality_score": 0.62,
        "data_completeness_percent": 36,
        "missing_fields": [
          "classification",
          "district",
          "website",
          "cuisine",
          "opening_hours",
          "license",
          "image"
        ],
        "match_status": "new_feature",
        "coordinate_review_status": "valid",
        "coordinate_change_reason": null,
        "original_coordinates": [
          13.180983,
          32.894226
        ],
        "legacy_ids": [],
        "alias_ids": [],
        "source_records": [],
        "source_files": [],
        "merged_from_ids": [],
        "related_feature_ids": [],
        "relationship_types": [],
        "canonical_id": "LY-FNB-RES-TRI-00049",
        "merge_status": "not_merged",
        "merge_confidence": null,
        "merge_date": null,
        "merge_method": null,
        "merge_notes": null,
        "review_reason_codes": [
          "classification_review",
          "license_review"
        ],
        "review_priority": "P2",
        "review_owner_required": "وزارة السياحة أو البلدية أو الجهة المالكة حسب الاختصاص",
        "review_action_required": "institutional verification of flagged fields",
        "review_status": "open",
        "temporary_name_status": "not_temporary",
        "temporary_name_reason": null,
        "official_name_required": false,
        "publication_status": "internal_only",
        "publication_status_reason": "Open review item",
        "publication_status_date": "2026-08-06",
        "publication_status_method": "phase_2_rules_v1",
        "operational_status_code": "unknown",
        "operational_status_ar": "غير محدد",
        "weighted_completeness_score": 75.0,
        "critical_fields_completeness": 100.0,
        "supplementary_fields_completeness": 50.0,
        "completeness_method_version": "phase_2_weighted_v1"
      },
      "geometry": {
        "type": "Point",
        "coordinates": [
          13.180983,
          32.894226
        ]
      }
    },
    {
      "type": "Feature",
      "id": "LY-FNB-RES-TRI-00050",
      "properties": {
        "id": "LY-FNB-RES-TRI-00050",
        "name_ar": "بيتزا الفورنو شارع الجمهورية",
        "name_en": null,
        "name_normalized_ar": "بيتزاالفورنوشارعالجمهوريه",
        "translation_status": "pending_review",
        "category": "الطعام والشراب",
        "subcategory_ar": "وجبات سريعة",
        "subcategory_en": "Fast food",
        "facility_type_code": "fast_food",
        "municipality_ar": "طرابلس",
        "municipality_en": "Tripoli",
        "city_ar": "طرابلس",
        "city_en": "Tripoli",
        "district_ar": null,
        "district_en": null,
        "address_ar": "تاجوراء",
        "address_en": null,
        "longitude": 13.183626,
        "latitude": 32.880417,
        "source": "Tripoli restaurants team KML",
        "source_kml": "data/incoming/tripoli-restaurants.kml",
        "source_record_index": 50,
        "description_ar": "النوع: مطعم بيتزا العنوان: تاجوراء الهاتف: 091-8806005",
        "description_en": null,
        "phone": "091-8806005",
        "email": null,
        "website": null,
        "cuisine_type_ar": null,
        "cuisine_type_en": null,
        "price_level": null,
        "opening_hours": null,
        "status": "active",
        "license_status": null,
        "data_quality_status": "medium",
        "data_review_status": "integrated",
        "source_image_url": "https://mymaps.usercontent.google.com/hostedimage/m/*/3AAjQbR63pUvqO-nOdPGklYL5zdSFADOdaX6Bhpe7a5euy1KQ-4SMwjeCBtpLdcI4KSTuIWheM0ceIUJeCNawNRHMWOnWxYMzxrZ5ZgEvBhLIXLTSd9ZzeqoCseAKS7zKUI3zU0ABD6MtoGzA8HDjOtuNmbmp72kE7CN_wsLxtudJL1tG3mnYeWQ1Q5udi3jnjhr18cg1cLrHWVnAt2OkN3ZufDBrAckpk0SEbah6jBQQzOmiq6V9UpZaRB0DZ9k?authuser=2&fife=s16383",
        "source_image_provider": "google_mymaps",
        "source_image_status": "temporary_source_reference",
        "local_images": [],
        "image_count": 0,
        "created_at": "2026-08-06",
        "updated_at": "2026-08-06",
        "name_score": 1,
        "coordinate_score": 1,
        "classification_score": 1.0,
        "contact_score": 0.5,
        "image_score": 0.3,
        "completeness_score": 0.45,
        "overall_quality_score": 0.76,
        "data_completeness_percent": 45,
        "missing_fields": [
          "district",
          "website",
          "cuisine",
          "opening_hours",
          "license",
          "image"
        ],
        "match_status": "new_feature",
        "coordinate_review_status": "valid",
        "coordinate_change_reason": null,
        "original_coordinates": [
          13.183626,
          32.880417
        ],
        "legacy_ids": [],
        "alias_ids": [],
        "source_records": [],
        "source_files": [],
        "merged_from_ids": [],
        "related_feature_ids": [],
        "relationship_types": [],
        "canonical_id": "LY-FNB-RES-TRI-00050",
        "merge_status": "not_merged",
        "merge_confidence": null,
        "merge_date": null,
        "merge_method": null,
        "merge_notes": null,
        "publication_status": "internal_ready",
        "publication_status_reason": "No blocking review; quality limitations remain disclosed",
        "publication_status_date": "2026-08-06",
        "publication_status_method": "phase_2_rules_v1",
        "operational_status_code": "unknown",
        "operational_status_ar": "غير محدد",
        "weighted_completeness_score": 75.0,
        "critical_fields_completeness": 100.0,
        "supplementary_fields_completeness": 50.0,
        "completeness_method_version": "phase_2_weighted_v1"
      },
      "geometry": {
        "type": "Point",
        "coordinates": [
          13.183626,
          32.880417
        ]
      }
    },
    {
      "type": "Feature",
      "id": "LY-FNB-RES-TRI-00051",
      "properties": {
        "id": "LY-FNB-RES-TRI-00051",
        "name_ar": "Kudo restaurant",
        "name_en": null,
        "name_normalized_ar": "kudorestaurant",
        "translation_status": "pending_review",
        "category": "الطعام والشراب",
        "subcategory_ar": "وجبات سريعة",
        "subcategory_en": "Fast food",
        "facility_type_code": "fast_food",
        "municipality_ar": "طرابلس",
        "municipality_en": "Tripoli",
        "city_ar": "طرابلس",
        "city_en": "Tripoli",
        "district_ar": null,
        "district_en": null,
        "address_ar": "السياحية",
        "address_en": null,
        "longitude": 13.181427,
        "latitude": 32.894281,
        "source": "Tripoli restaurants team KML",
        "source_kml": "data/incoming/tripoli-restaurants.kml",
        "source_record_index": 51,
        "description_ar": "النوع: وجبات سريعة العنوان: السياحية الهاتف: 0948021818",
        "description_en": null,
        "phone": "0948021818",
        "email": null,
        "website": null,
        "cuisine_type_ar": null,
        "cuisine_type_en": null,
        "price_level": null,
        "opening_hours": null,
        "status": "active",
        "license_status": null,
        "data_quality_status": "medium",
        "data_review_status": "integrated",
        "source_image_url": "https://mymaps.usercontent.google.com/hostedimage/m/*/3AAjQbR4nlR1uqxARuJmFI55qjYz4Br1pVZst5uZ6U_2TMq5by6sI8MpGdSaul9PhRqyyN4BjqSxSrVvV5ie5XhWp5tBFLDj0Rmt15aUxwfiulivHmWlo8bwwP5TblO8frd61tYpG9rtgTYPr12F9gg9od2_aKK37KbmAE1YI0hEpgkW7Xs7EDr4MKw2f5lSyEvRMdl4H9JaOaUeZd5okgFxZXaPHaSMClhmjaFGFfSQ1uST1ywG2vsYDsqSIly8?authuser=2&fife=s16383",
        "source_image_provider": "google_mymaps",
        "source_image_status": "temporary_source_reference",
        "local_images": [],
        "image_count": 0,
        "created_at": "2026-08-06",
        "updated_at": "2026-08-06",
        "name_score": 1,
        "coordinate_score": 1,
        "classification_score": 1.0,
        "contact_score": 0.5,
        "image_score": 0.3,
        "completeness_score": 0.45,
        "overall_quality_score": 0.76,
        "data_completeness_percent": 45,
        "missing_fields": [
          "district",
          "website",
          "cuisine",
          "opening_hours",
          "license",
          "image"
        ],
        "match_status": "new_feature",
        "coordinate_review_status": "valid",
        "coordinate_change_reason": null,
        "original_coordinates": [
          13.181427,
          32.894281
        ],
        "legacy_ids": [],
        "alias_ids": [],
        "source_records": [],
        "source_files": [],
        "merged_from_ids": [],
        "related_feature_ids": [],
        "relationship_types": [],
        "canonical_id": "LY-FNB-RES-TRI-00051",
        "merge_status": "not_merged",
        "merge_confidence": null,
        "merge_date": null,
        "merge_method": null,
        "merge_notes": null,
        "publication_status": "internal_ready",
        "publication_status_reason": "No blocking review; quality limitations remain disclosed",
        "publication_status_date": "2026-08-06",
        "publication_status_method": "phase_2_rules_v1",
        "operational_status_code": "unknown",
        "operational_status_ar": "غير محدد",
        "weighted_completeness_score": 75.0,
        "critical_fields_completeness": 100.0,
        "supplementary_fields_completeness": 50.0,
        "completeness_method_version": "phase_2_weighted_v1"
      },
      "geometry": {
        "type": "Point",
        "coordinates": [
          13.181427,
          32.894281
        ]
      }
    },
    {
      "type": "Feature",
      "id": "LY-FNB-RES-TRI-00052",
      "properties": {
        "id": "LY-FNB-RES-TRI-00052",
        "name_ar": "Maracana fast food",
        "name_en": null,
        "name_normalized_ar": "maracanafastfood",
        "translation_status": "pending_review",
        "category": "الطعام والشراب",
        "subcategory_ar": "وجبات سريعة",
        "subcategory_en": "Fast food",
        "facility_type_code": "fast_food",
        "municipality_ar": "طرابلس",
        "municipality_en": "Tripoli",
        "city_ar": "طرابلس",
        "city_en": "Tripoli",
        "district_ar": null,
        "district_en": null,
        "address_ar": "نادي الظهرة، شارع الالكترونات طرابلس",
        "address_en": null,
        "longitude": 13.197512,
        "latitude": 32.891594,
        "source": "Tripoli restaurants team KML",
        "source_kml": "data/incoming/tripoli-restaurants.kml",
        "source_record_index": 52,
        "description_ar": "النوع: وجبات سريعة العنوان: نادي الظهرة، شارع الالكترونات طرابلس الهاتف: 0923432010",
        "description_en": null,
        "phone": "0923432010",
        "email": null,
        "website": null,
        "cuisine_type_ar": null,
        "cuisine_type_en": null,
        "price_level": null,
        "opening_hours": null,
        "status": "active",
        "license_status": null,
        "data_quality_status": "medium",
        "data_review_status": "integrated",
        "source_image_url": "https://mymaps.usercontent.google.com/hostedimage/m/*/3AAjQbR6ETerSC1zCk1PRK302tfpSTgBKWQ65yCPD32PJ-2a3QWMs0mh086zILRASdkEHgzx1LGnc6TP-K67e6v2CTt2--S8Qc2NHP75GnfkTFV2oyK3oErvmFzWU9SfgMrJLSFUgsefRNlJ5oww6ZutP0jx_8FcYwPlBB5StTtxSh1fUiAcpxvvW3A6bE_iICph6RM9N6RasaOmjUSh1GaTg7QoUllUWF97I8ThvxXiFX4B_lavYxz2TKKY5IdQ?authuser=2&fife=s16383",
        "source_image_provider": "google_mymaps",
        "source_image_status": "temporary_source_reference",
        "local_images": [],
        "image_count": 0,
        "created_at": "2026-08-06",
        "updated_at": "2026-08-06",
        "name_score": 1,
        "coordinate_score": 1,
        "classification_score": 1.0,
        "contact_score": 0.5,
        "image_score": 0.3,
        "completeness_score": 0.45,
        "overall_quality_score": 0.76,
        "data_completeness_percent": 45,
        "missing_fields": [
          "district",
          "website",
          "cuisine",
          "opening_hours",
          "license",
          "image"
        ],
        "match_status": "new_feature",
        "coordinate_review_status": "valid",
        "coordinate_change_reason": null,
        "original_coordinates": [
          13.197512,
          32.891594
        ],
        "legacy_ids": [],
        "alias_ids": [],
        "source_records": [],
        "source_files": [],
        "merged_from_ids": [],
        "related_feature_ids": [],
        "relationship_types": [],
        "canonical_id": "LY-FNB-RES-TRI-00052",
        "merge_status": "not_merged",
        "merge_confidence": null,
        "merge_date": null,
        "merge_method": null,
        "merge_notes": null,
        "publication_status": "internal_ready",
        "publication_status_reason": "No blocking review; quality limitations remain disclosed",
        "publication_status_date": "2026-08-06",
        "publication_status_method": "phase_2_rules_v1",
        "operational_status_code": "unknown",
        "operational_status_ar": "غير محدد",
        "weighted_completeness_score": 75.0,
        "critical_fields_completeness": 100.0,
        "supplementary_fields_completeness": 50.0,
        "completeness_method_version": "phase_2_weighted_v1"
      },
      "geometry": {
        "type": "Point",
        "coordinates": [
          13.197512,
          32.891594
        ]
      }
    },
    {
      "type": "Feature",
      "id": "LY-FNB-RES-TRI-00053",
      "properties": {
        "id": "LY-FNB-RES-TRI-00053",
        "name_ar": "مطعم أضنة ADANA",
        "name_en": null,
        "name_normalized_ar": "مطعماضنهadana",
        "translation_status": "pending_review",
        "category": "الطعام والشراب",
        "subcategory_ar": "مطعم دولي",
        "subcategory_en": "International restaurant",
        "facility_type_code": "international_restaurant",
        "municipality_ar": "طرابلس",
        "municipality_en": "Tripoli",
        "city_ar": "طرابلس",
        "city_en": "Tripoli",
        "district_ar": null,
        "district_en": null,
        "address_ar": "طرابلس",
        "address_en": null,
        "longitude": 13.17619,
        "latitude": 32.89182,
        "source": "Tripoli restaurants team KML",
        "source_kml": "data/incoming/tripoli-restaurants.kml",
        "source_record_index": 53,
        "description_ar": "النوع: أكل تركي العنوان: طرابلس الهاتف: 0911711482",
        "description_en": null,
        "phone": "0911711482",
        "email": null,
        "website": null,
        "cuisine_type_ar": null,
        "cuisine_type_en": null,
        "price_level": null,
        "opening_hours": null,
        "status": "active",
        "license_status": null,
        "data_quality_status": "medium",
        "data_review_status": "integrated",
        "source_image_url": "https://mymaps.usercontent.google.com/hostedimage/m/*/3AAjQbR4WNRFYH5J80PRLfGs2nrNlUp4tqc1LEQW21BukdlML5GoLn7Li39pcIqn3Isav-r18iXrEBnSop5p13IUO5EgaP5YdekC1cI0S54SyflvqVchxh9mEIH6Taach4c1NvAXKkiHXnJDewUMU3XfvAVEWqDL1asipOmMoDOzM-bXJLTYuvgGxWb_QXyrQlNYCoH9ITfrZ0iXTiyJ6OifAzHkY1aOcIFFzJHJk6NWSBN9VUn8_OYtQndr0QLY?authuser=2&fife=s16383",
        "source_image_provider": "google_mymaps",
        "source_image_status": "temporary_source_reference",
        "local_images": [],
        "image_count": 0,
        "created_at": "2026-08-06",
        "updated_at": "2026-08-06",
        "name_score": 1,
        "coordinate_score": 1,
        "classification_score": 1.0,
        "contact_score": 0.5,
        "image_score": 0.3,
        "completeness_score": 0.45,
        "overall_quality_score": 0.76,
        "data_completeness_percent": 45,
        "missing_fields": [
          "district",
          "website",
          "cuisine",
          "opening_hours",
          "license",
          "image"
        ],
        "match_status": "new_feature",
        "coordinate_review_status": "valid",
        "coordinate_change_reason": null,
        "original_coordinates": [
          13.17619,
          32.89182
        ],
        "legacy_ids": [],
        "alias_ids": [],
        "source_records": [],
        "source_files": [],
        "merged_from_ids": [],
        "related_feature_ids": [],
        "relationship_types": [],
        "canonical_id": "LY-FNB-RES-TRI-00053",
        "merge_status": "not_merged",
        "merge_confidence": null,
        "merge_date": null,
        "merge_method": null,
        "merge_notes": null,
        "publication_status": "internal_ready",
        "publication_status_reason": "No blocking review; quality limitations remain disclosed",
        "publication_status_date": "2026-08-06",
        "publication_status_method": "phase_2_rules_v1",
        "operational_status_code": "unknown",
        "operational_status_ar": "غير محدد",
        "weighted_completeness_score": 75.0,
        "critical_fields_completeness": 100.0,
        "supplementary_fields_completeness": 50.0,
        "completeness_method_version": "phase_2_weighted_v1"
      },
      "geometry": {
        "type": "Point",
        "coordinates": [
          13.17619,
          32.89182
        ]
      }
    },
    {
      "type": "Feature",
      "id": "LY-FNB-RES-TRI-00054",
      "properties": {
        "id": "LY-FNB-RES-TRI-00054",
        "name_ar": "مطعم على الفحم",
        "name_en": null,
        "name_normalized_ar": "مطعمعليالفحم",
        "translation_status": "pending_review",
        "category": "الطعام والشراب",
        "subcategory_ar": "مطعم",
        "subcategory_en": "Restaurant",
        "facility_type_code": "restaurant",
        "municipality_ar": "طرابلس",
        "municipality_en": "Tripoli",
        "city_ar": "طرابلس",
        "city_en": "Tripoli",
        "district_ar": null,
        "district_en": null,
        "address_ar": "عمر المختار",
        "address_en": null,
        "longitude": 13.165136,
        "latitude": 32.886017,
        "source": "Tripoli restaurants team KML",
        "source_kml": "data/incoming/tripoli-restaurants.kml",
        "source_record_index": 54,
        "description_ar": "النوع: مأكولات سريعة العنوان: عمر المختار الهاتف: 0924139722",
        "description_en": null,
        "phone": "0924139722",
        "email": null,
        "website": null,
        "cuisine_type_ar": null,
        "cuisine_type_en": null,
        "price_level": null,
        "opening_hours": null,
        "status": "active",
        "license_status": null,
        "data_quality_status": "medium",
        "data_review_status": "integrated",
        "source_image_url": "https://mymaps.usercontent.google.com/hostedimage/m/*/3AAjQbR5xIoJwWX8e0grNk22CJXRB0mLuT9i2nVuF4i0MoPf_zKssS8yZQB0esTgVLAt6EvpIB6HF0RnmxRDS1TlAZpbDNhPubrq75EE7OL0doyaXOIebE0h5jnyURfPDJbcOvPHzlwbhzwkX7Uz79klor2JSDIiKt8yuFKVy2vfdbChl6Qc4TmTYZLonMiriS0yULpea0ra28ohUtn5rEWvBVkxsaJtR9lL8ibtHsapKq1I1-ikvv4ckrDCG3hA?authuser=2&fife=s16383",
        "source_image_provider": "google_mymaps",
        "source_image_status": "temporary_source_reference",
        "local_images": [],
        "image_count": 0,
        "created_at": "2026-08-06",
        "updated_at": "2026-08-06",
        "name_score": 1,
        "coordinate_score": 1,
        "classification_score": 1.0,
        "contact_score": 0.5,
        "image_score": 0.3,
        "completeness_score": 0.45,
        "overall_quality_score": 0.76,
        "data_completeness_percent": 45,
        "missing_fields": [
          "district",
          "website",
          "cuisine",
          "opening_hours",
          "license",
          "image"
        ],
        "match_status": "new_feature",
        "coordinate_review_status": "valid",
        "coordinate_change_reason": null,
        "original_coordinates": [
          13.165136,
          32.886017
        ],
        "legacy_ids": [],
        "alias_ids": [],
        "source_records": [],
        "source_files": [],
        "merged_from_ids": [],
        "related_feature_ids": [],
        "relationship_types": [],
        "canonical_id": "LY-FNB-RES-TRI-00054",
        "merge_status": "not_merged",
        "merge_confidence": null,
        "merge_date": null,
        "merge_method": null,
        "merge_notes": null,
        "publication_status": "internal_ready",
        "publication_status_reason": "No blocking review; quality limitations remain disclosed",
        "publication_status_date": "2026-08-06",
        "publication_status_method": "phase_2_rules_v1",
        "operational_status_code": "unknown",
        "operational_status_ar": "غير محدد",
        "weighted_completeness_score": 75.0,
        "critical_fields_completeness": 100.0,
        "supplementary_fields_completeness": 50.0,
        "completeness_method_version": "phase_2_weighted_v1"
      },
      "geometry": {
        "type": "Point",
        "coordinates": [
          13.165136,
          32.886017
        ]
      }
    },
    {
      "type": "Feature",
      "id": "LY-FNB-RES-TRI-00055",
      "properties": {
        "id": "LY-FNB-RES-TRI-00055",
        "name_ar": "De Capri Cafe And Restaurant",
        "name_en": null,
        "name_normalized_ar": "decapricafeandrestaurant",
        "translation_status": "pending_review",
        "category": "الطعام والشراب",
        "subcategory_ar": "مطعم ومقهى",
        "subcategory_en": "Cafe restaurant",
        "facility_type_code": "cafe_restaurant",
        "municipality_ar": "طرابلس",
        "municipality_en": "Tripoli",
        "city_ar": "طرابلس",
        "city_en": "Tripoli",
        "district_ar": null,
        "district_en": null,
        "address_ar": "الظهرة",
        "address_en": null,
        "longitude": 13.193646,
        "latitude": 32.888671,
        "source": "Tripoli restaurants team KML",
        "source_kml": "data/incoming/tripoli-restaurants.kml",
        "source_record_index": 55,
        "description_ar": "النوع: أطباق الإيطالية العنوان: الظهرة الهاتف: 093-1997641",
        "description_en": null,
        "phone": "093-1997641",
        "email": null,
        "website": null,
        "cuisine_type_ar": null,
        "cuisine_type_en": null,
        "price_level": null,
        "opening_hours": null,
        "status": "active",
        "license_status": null,
        "data_quality_status": "medium",
        "data_review_status": "integrated",
        "source_image_url": "https://mymaps.usercontent.google.com/hostedimage/m/*/3AAjQbR7_tzjtGWLU7IHsbduepArL_eVE7qNDHEwjjOoOPltq4BQpe4RnO_Am7f99Y1Tv5xmLyCOmAgShnZDgYYe6hfFeGdaSmLXuREXu0ANl84b38Z5nmcYPIjOvP9J9IWhjUrSnrXleF7Qfb3-WDhaKal6CP2fHmn-4OTzaDfh7-S98P50pPLrI9nPJNSyjoAKTCpxyUbnNqsZ6ae4aH-eMQmmHu5Q-GemMSwHhzQ5c1lmEnOVxoeEGAb0AU_w?authuser=2&fife=s16383",
        "source_image_provider": "google_mymaps",
        "source_image_status": "temporary_source_reference",
        "local_images": [],
        "image_count": 0,
        "created_at": "2026-08-06",
        "updated_at": "2026-08-06",
        "name_score": 1,
        "coordinate_score": 1,
        "classification_score": 1.0,
        "contact_score": 0.5,
        "image_score": 0.3,
        "completeness_score": 0.45,
        "overall_quality_score": 0.76,
        "data_completeness_percent": 45,
        "missing_fields": [
          "district",
          "website",
          "cuisine",
          "opening_hours",
          "license",
          "image"
        ],
        "match_status": "new_feature",
        "coordinate_review_status": "valid",
        "coordinate_change_reason": null,
        "original_coordinates": [
          13.193646,
          32.888671
        ],
        "legacy_ids": [],
        "alias_ids": [],
        "source_records": [],
        "source_files": [],
        "merged_from_ids": [],
        "related_feature_ids": [],
        "relationship_types": [],
        "canonical_id": "LY-FNB-RES-TRI-00055",
        "merge_status": "not_merged",
        "merge_confidence": null,
        "merge_date": null,
        "merge_method": null,
        "merge_notes": null,
        "publication_status": "internal_ready",
        "publication_status_reason": "No blocking review; quality limitations remain disclosed",
        "publication_status_date": "2026-08-06",
        "publication_status_method": "phase_2_rules_v1",
        "operational_status_code": "unknown",
        "operational_status_ar": "غير محدد",
        "weighted_completeness_score": 75.0,
        "critical_fields_completeness": 100.0,
        "supplementary_fields_completeness": 50.0,
        "completeness_method_version": "phase_2_weighted_v1"
      },
      "geometry": {
        "type": "Point",
        "coordinates": [
          13.193646,
          32.888671
        ]
      }
    },
    {
      "type": "Feature",
      "id": "LY-FNB-RES-TRI-00056",
      "properties": {
        "id": "LY-FNB-RES-TRI-00056",
        "name_ar": "مطعم بورصة التركي",
        "name_en": null,
        "name_normalized_ar": "مطعمبورصهالتركي",
        "translation_status": "pending_review",
        "category": "الطعام والشراب",
        "subcategory_ar": "مطعم دولي",
        "subcategory_en": "International restaurant",
        "facility_type_code": "international_restaurant",
        "municipality_ar": "طرابلس",
        "municipality_en": "Tripoli",
        "city_ar": "طرابلس",
        "city_en": "Tripoli",
        "district_ar": null,
        "district_en": null,
        "address_ar": "عين زاره المشتل",
        "address_en": null,
        "longitude": 13.188237,
        "latitude": 32.890929,
        "source": "Tripoli restaurants team KML",
        "source_kml": "data/incoming/tripoli-restaurants.kml",
        "source_record_index": 56,
        "description_ar": "النوع: يقدم افضل المشاوي علي الطريقة التركية العنوان: عين زاره المشتل الهاتف: 092-6194804",
        "description_en": null,
        "phone": "092-6194804",
        "email": null,
        "website": null,
        "cuisine_type_ar": null,
        "cuisine_type_en": null,
        "price_level": null,
        "opening_hours": null,
        "status": "active",
        "license_status": null,
        "data_quality_status": "medium",
        "data_review_status": "integrated",
        "source_image_url": "https://mymaps.usercontent.google.com/hostedimage/m/*/3AAjQbR4Q7lnF6s32jDkjwrUos_0xwX6ckv9aybNDjc5s3DtYkwp8RMV7I_6y53BR7NFliWnybb0mmG5KxDrwDeEBhgj7GXnCUL-LdlimO2XPyxQfjo9Iv0-_epgNp0E0JYFhQhjw6-nGReTbKpH2ZHbJhD-c7SUAEP2yokNOQgC07GtjuGl3jvWLVjTIYvoO9TTV3hNimrKybIorLuQwMCE94mLTJGMwp8Jl_ran1hlNUkVd9TZBRAEl9ZoqJOw?authuser=2&fife=s16383",
        "source_image_provider": "google_mymaps",
        "source_image_status": "temporary_source_reference",
        "local_images": [],
        "image_count": 0,
        "created_at": "2026-08-06",
        "updated_at": "2026-08-06",
        "name_score": 1,
        "coordinate_score": 1,
        "classification_score": 1.0,
        "contact_score": 0.5,
        "image_score": 0.3,
        "completeness_score": 0.45,
        "overall_quality_score": 0.76,
        "data_completeness_percent": 45,
        "missing_fields": [
          "district",
          "website",
          "cuisine",
          "opening_hours",
          "license",
          "image"
        ],
        "match_status": "new_feature",
        "coordinate_review_status": "valid",
        "coordinate_change_reason": null,
        "original_coordinates": [
          13.188237,
          32.890929
        ],
        "legacy_ids": [],
        "alias_ids": [],
        "source_records": [],
        "source_files": [],
        "merged_from_ids": [],
        "related_feature_ids": [],
        "relationship_types": [],
        "canonical_id": "LY-FNB-RES-TRI-00056",
        "merge_status": "not_merged",
        "merge_confidence": null,
        "merge_date": null,
        "merge_method": null,
        "merge_notes": null,
        "publication_status": "internal_ready",
        "publication_status_reason": "No blocking review; quality limitations remain disclosed",
        "publication_status_date": "2026-08-06",
        "publication_status_method": "phase_2_rules_v1",
        "operational_status_code": "unknown",
        "operational_status_ar": "غير محدد",
        "weighted_completeness_score": 75.0,
        "critical_fields_completeness": 100.0,
        "supplementary_fields_completeness": 50.0,
        "completeness_method_version": "phase_2_weighted_v1"
      },
      "geometry": {
        "type": "Point",
        "coordinates": [
          13.188237,
          32.890929
        ]
      }
    },
    {
      "type": "Feature",
      "id": "LY-FNB-RES-TRI-00057",
      "properties": {
        "id": "LY-FNB-RES-TRI-00057",
        "name_ar": "مطعم الضاحية",
        "name_en": null,
        "name_normalized_ar": "مطعمالضاحيه",
        "translation_status": "pending_review",
        "category": "الطعام والشراب",
        "subcategory_ar": "وجبات سريعة",
        "subcategory_en": "Fast food",
        "facility_type_code": "fast_food",
        "municipality_ar": "طرابلس",
        "municipality_en": "Tripoli",
        "city_ar": "طرابلس",
        "city_en": "Tripoli",
        "district_ar": null,
        "district_en": null,
        "address_ar": "خلة الفرجان طرابلس",
        "address_en": null,
        "longitude": 13.187186,
        "latitude": 32.887711,
        "source": "Tripoli restaurants team KML",
        "source_kml": "data/incoming/tripoli-restaurants.kml",
        "source_record_index": 57,
        "description_ar": "النوع: وجبات سريعة العنوان: خلة الفرجان طرابلس الهاتف: 091-8105154",
        "description_en": null,
        "phone": "091-8105154",
        "email": null,
        "website": null,
        "cuisine_type_ar": null,
        "cuisine_type_en": null,
        "price_level": null,
        "opening_hours": null,
        "status": "active",
        "license_status": null,
        "data_quality_status": "medium",
        "data_review_status": "integrated",
        "source_image_url": "https://mymaps.usercontent.google.com/hostedimage/m/*/3AAjQbR5k-Q8f5DeXUbUtTV5E9PdkHn-FgYwMLHy-zA_tUyfD1giaHFbsf55aM4QLj25jWeH-iLMLt6TKO5cGiPSTIhq9UrpDS8rlo5NGXHt9psmBjS5xCuqLP_YzgP_qAcTI3wBFnAYbgHeV0W2JGfNi3XxbmeVi9gKSskgNk11KTdJv4GVF4D30tKSV3RmGW_DYkZ8DWu4I-dsPTrimmciYEfjwmV6gyCCh7MI0f1xsaj6rcrsjI4rSNhjY-VI?authuser=2&fife=s16383",
        "source_image_provider": "google_mymaps",
        "source_image_status": "temporary_source_reference",
        "local_images": [],
        "image_count": 0,
        "created_at": "2026-08-06",
        "updated_at": "2026-08-06",
        "name_score": 1,
        "coordinate_score": 1,
        "classification_score": 1.0,
        "contact_score": 0.5,
        "image_score": 0.3,
        "completeness_score": 0.45,
        "overall_quality_score": 0.76,
        "data_completeness_percent": 45,
        "missing_fields": [
          "district",
          "website",
          "cuisine",
          "opening_hours",
          "license",
          "image"
        ],
        "match_status": "new_feature",
        "coordinate_review_status": "valid",
        "coordinate_change_reason": null,
        "original_coordinates": [
          13.187186,
          32.887711
        ],
        "legacy_ids": [],
        "alias_ids": [],
        "source_records": [],
        "source_files": [],
        "merged_from_ids": [],
        "related_feature_ids": [],
        "relationship_types": [],
        "canonical_id": "LY-FNB-RES-TRI-00057",
        "merge_status": "not_merged",
        "merge_confidence": null,
        "merge_date": null,
        "merge_method": null,
        "merge_notes": null,
        "publication_status": "internal_ready",
        "publication_status_reason": "No blocking review; quality limitations remain disclosed",
        "publication_status_date": "2026-08-06",
        "publication_status_method": "phase_2_rules_v1",
        "operational_status_code": "unknown",
        "operational_status_ar": "غير محدد",
        "weighted_completeness_score": 75.0,
        "critical_fields_completeness": 100.0,
        "supplementary_fields_completeness": 50.0,
        "completeness_method_version": "phase_2_weighted_v1"
      },
      "geometry": {
        "type": "Point",
        "coordinates": [
          13.187186,
          32.887711
        ]
      }
    },
    {
      "type": "Feature",
      "id": "LY-FNB-RES-TRI-00058",
      "properties": {
        "id": "LY-FNB-RES-TRI-00058",
        "name_ar": "Pizza Restaurant",
        "name_en": null,
        "name_normalized_ar": "pizzarestaurant",
        "translation_status": "pending_review",
        "category": "الطعام والشراب",
        "subcategory_ar": "مطعم دولي",
        "subcategory_en": "International restaurant",
        "facility_type_code": "international_restaurant",
        "municipality_ar": "طرابلس",
        "municipality_en": "Tripoli",
        "city_ar": "طرابلس",
        "city_en": "Tripoli",
        "district_ar": null,
        "district_en": null,
        "address_ar": "طرابلس",
        "address_en": null,
        "longitude": 13.181219,
        "latitude": 32.894018,
        "source": "Tripoli restaurants team KML",
        "source_kml": "data/incoming/tripoli-restaurants.kml",
        "source_record_index": 58,
        "description_ar": "النوع: مأكولات إيطالية العنوان: طرابلس الهاتف: 091-1706565",
        "description_en": null,
        "phone": "091-1706565",
        "email": null,
        "website": null,
        "cuisine_type_ar": null,
        "cuisine_type_en": null,
        "price_level": null,
        "opening_hours": null,
        "status": "active",
        "license_status": null,
        "data_quality_status": "medium",
        "data_review_status": "integrated",
        "source_image_url": "https://mymaps.usercontent.google.com/hostedimage/m/*/3AAjQbR7YtUKL9WL0IG4BTc8YiQtx2cNpI_J5-8JJxgjA_BGWeFXDyyhqLuy7fFyOgnRo36uFO3pyJC6we98ibwG7std4x-7yldfJyrQKysY_noiAyty5g4SRqp1D6YHQxHGlNelPO9c6wGwKW4146BHVcsQMTq1q1y8UqUhDq-VgmoudgQ92twTjKFobpTWfV8KN6-li7BlBrViIJQ8ifVIV3_jwXUST-pqj7sRK7oQagofpS33Qr0L1cxqAIy8?authuser=2&fife=s16383",
        "source_image_provider": "google_mymaps",
        "source_image_status": "temporary_source_reference",
        "local_images": [],
        "image_count": 0,
        "created_at": "2026-08-06",
        "updated_at": "2026-08-06",
        "name_score": 1,
        "coordinate_score": 1,
        "classification_score": 1.0,
        "contact_score": 0.5,
        "image_score": 0.3,
        "completeness_score": 0.45,
        "overall_quality_score": 0.76,
        "data_completeness_percent": 45,
        "missing_fields": [
          "district",
          "website",
          "cuisine",
          "opening_hours",
          "license",
          "image"
        ],
        "match_status": "new_feature",
        "coordinate_review_status": "valid",
        "coordinate_change_reason": null,
        "original_coordinates": [
          13.181219,
          32.894018
        ],
        "legacy_ids": [],
        "alias_ids": [],
        "source_records": [],
        "source_files": [],
        "merged_from_ids": [],
        "related_feature_ids": [],
        "relationship_types": [],
        "canonical_id": "LY-FNB-RES-TRI-00058",
        "merge_status": "not_merged",
        "merge_confidence": null,
        "merge_date": null,
        "merge_method": null,
        "merge_notes": null,
        "publication_status": "internal_ready",
        "publication_status_reason": "No blocking review; quality limitations remain disclosed",
        "publication_status_date": "2026-08-06",
        "publication_status_method": "phase_2_rules_v1",
        "operational_status_code": "unknown",
        "operational_status_ar": "غير محدد",
        "weighted_completeness_score": 75.0,
        "critical_fields_completeness": 100.0,
        "supplementary_fields_completeness": 50.0,
        "completeness_method_version": "phase_2_weighted_v1"
      },
      "geometry": {
        "type": "Point",
        "coordinates": [
          13.181219,
          32.894018
        ]
      }
    },
    {
      "type": "Feature",
      "id": "LY-FNB-RES-TRI-00059",
      "properties": {
        "id": "LY-FNB-RES-TRI-00059",
        "name_ar": "مطعم الضيافة للوجبات السريعة",
        "name_en": null,
        "name_normalized_ar": "مطعمالضيافهللوجباتالسريعه",
        "translation_status": "pending_review",
        "category": "الطعام والشراب",
        "subcategory_ar": "مطعم",
        "subcategory_en": "Restaurant",
        "facility_type_code": "restaurant",
        "municipality_ar": "طرابلس",
        "municipality_en": "Tripoli",
        "city_ar": "طرابلس",
        "city_en": "Tripoli",
        "district_ar": null,
        "district_en": null,
        "address_ar": "الصريم",
        "address_en": null,
        "longitude": 13.175281,
        "latitude": 32.885651,
        "source": "Tripoli restaurants team KML",
        "source_kml": "data/incoming/tripoli-restaurants.kml",
        "source_record_index": 59,
        "description_ar": "النوع: وجبات السريعـة العنوان: الصريم الهاتف: 0 92-5292761",
        "description_en": null,
        "phone": "0 92-5292761",
        "email": null,
        "website": null,
        "cuisine_type_ar": null,
        "cuisine_type_en": null,
        "price_level": null,
        "opening_hours": null,
        "status": "active",
        "license_status": null,
        "data_quality_status": "medium",
        "data_review_status": "integrated",
        "source_image_url": "https://mymaps.usercontent.google.com/hostedimage/m/*/3AAjQbR6WX2ID6CS7OXJ0Jqf8Q88pSHRl-6h392YTmESoCPzLJ7chDs_m_5yKoXd8Ic6XXKPmy_QMdrXaDOgHLP-e7XahtTHFMiJQRPLcHfGTnD29oF0NjCnSHTJOIJmkC_hLDJ49Iux7QAzWdcsJzXBPVNoUtQ4W6IyQlD0KsX9vxkIoHcFDvSn7yrdaGlNt-H2FmOUFsUZROq-8BDTXzSyfWnHw1jL2NdYF82lWTMO05xPdODlRZMVCzhy0U5o?authuser=2&fife=s16383",
        "source_image_provider": "google_mymaps",
        "source_image_status": "temporary_source_reference",
        "local_images": [],
        "image_count": 0,
        "created_at": "2026-08-06",
        "updated_at": "2026-08-06",
        "name_score": 1,
        "coordinate_score": 1,
        "classification_score": 1.0,
        "contact_score": 0.5,
        "image_score": 0.3,
        "completeness_score": 0.45,
        "overall_quality_score": 0.76,
        "data_completeness_percent": 45,
        "missing_fields": [
          "district",
          "website",
          "cuisine",
          "opening_hours",
          "license",
          "image"
        ],
        "match_status": "new_feature",
        "coordinate_review_status": "valid",
        "coordinate_change_reason": null,
        "original_coordinates": [
          13.175281,
          32.885651
        ],
        "legacy_ids": [],
        "alias_ids": [],
        "source_records": [],
        "source_files": [],
        "merged_from_ids": [],
        "related_feature_ids": [],
        "relationship_types": [],
        "canonical_id": "LY-FNB-RES-TRI-00059",
        "merge_status": "not_merged",
        "merge_confidence": null,
        "merge_date": null,
        "merge_method": null,
        "merge_notes": null,
        "publication_status": "internal_ready",
        "publication_status_reason": "No blocking review; quality limitations remain disclosed",
        "publication_status_date": "2026-08-06",
        "publication_status_method": "phase_2_rules_v1",
        "operational_status_code": "unknown",
        "operational_status_ar": "غير محدد",
        "weighted_completeness_score": 75.0,
        "critical_fields_completeness": 100.0,
        "supplementary_fields_completeness": 50.0,
        "completeness_method_version": "phase_2_weighted_v1"
      },
      "geometry": {
        "type": "Point",
        "coordinates": [
          13.175281,
          32.885651
        ]
      }
    },
    {
      "type": "Feature",
      "id": "LY-FNB-RES-TRI-00060",
      "properties": {
        "id": "LY-FNB-RES-TRI-00060",
        "name_ar": "Lavina House",
        "name_en": null,
        "name_normalized_ar": "lavinahouse",
        "translation_status": "pending_review",
        "category": "الطعام والشراب",
        "subcategory_ar": "تحتاج مراجعة",
        "subcategory_en": "Review required",
        "facility_type_code": "review_required",
        "municipality_ar": "طرابلس",
        "municipality_en": "Tripoli",
        "city_ar": "طرابلس",
        "city_en": "Tripoli",
        "district_ar": null,
        "district_en": null,
        "address_ar": "كورنيش حي الأندلس",
        "address_en": null,
        "longitude": 13.142667,
        "latitude": 32.879215,
        "source": "Tripoli restaurants team KML",
        "source_kml": "data/incoming/tripoli-restaurants.kml",
        "source_record_index": 60,
        "description_ar": "النوع: مأكولات متنوعة العنوان: كورنيش حي الأندلس الهاتف: 092-2162016",
        "description_en": null,
        "phone": "092-2162016",
        "email": null,
        "website": null,
        "cuisine_type_ar": null,
        "cuisine_type_en": null,
        "price_level": null,
        "opening_hours": null,
        "status": "active",
        "license_status": null,
        "data_quality_status": "low",
        "data_review_status": "review_required",
        "source_image_url": "https://mymaps.usercontent.google.com/hostedimage/m/*/3AAjQbR53OnfmwWCymDctn3V-OdDtZLCXFpmHeKvAhv1ejSj3uDs50ksCi9lxuZIS42QilctQH97GldfVUgZfDWQCAZwm28Ydb1ihRAiewuqTiSwhqjEf226IcFp0_rnI7l6Q-1kg2ubOHgvo0jXkFeNCzyhRLYKaFjuIpVma81Ne7P0cfws07L20FnWE-YoBnqhcrA_tdJVMoRrxaXFe6x6gfRWIsIAYqBTLwpCZ7gb29KecMFyBlqBqmfYzwE8?authuser=2&fife=s16383",
        "source_image_provider": "google_mymaps",
        "source_image_status": "temporary_source_reference",
        "local_images": [],
        "image_count": 0,
        "created_at": "2026-08-06",
        "updated_at": "2026-08-06",
        "name_score": 1,
        "coordinate_score": 1,
        "classification_score": 0.3,
        "contact_score": 0.5,
        "image_score": 0.3,
        "completeness_score": 0.36,
        "overall_quality_score": 0.62,
        "data_completeness_percent": 36,
        "missing_fields": [
          "classification",
          "district",
          "website",
          "cuisine",
          "opening_hours",
          "license",
          "image"
        ],
        "match_status": "new_feature",
        "coordinate_review_status": "valid",
        "coordinate_change_reason": null,
        "original_coordinates": [
          13.142667,
          32.879215
        ],
        "legacy_ids": [],
        "alias_ids": [],
        "source_records": [],
        "source_files": [],
        "merged_from_ids": [],
        "related_feature_ids": [],
        "relationship_types": [],
        "canonical_id": "LY-FNB-RES-TRI-00060",
        "merge_status": "not_merged",
        "merge_confidence": null,
        "merge_date": null,
        "merge_method": null,
        "merge_notes": null,
        "review_reason_codes": [
          "classification_review",
          "license_review"
        ],
        "review_priority": "P2",
        "review_owner_required": "وزارة السياحة أو البلدية أو الجهة المالكة حسب الاختصاص",
        "review_action_required": "institutional verification of flagged fields",
        "review_status": "open",
        "temporary_name_status": "not_temporary",
        "temporary_name_reason": null,
        "official_name_required": false,
        "publication_status": "internal_only",
        "publication_status_reason": "Open review item",
        "publication_status_date": "2026-08-06",
        "publication_status_method": "phase_2_rules_v1",
        "operational_status_code": "unknown",
        "operational_status_ar": "غير محدد",
        "weighted_completeness_score": 75.0,
        "critical_fields_completeness": 100.0,
        "supplementary_fields_completeness": 50.0,
        "completeness_method_version": "phase_2_weighted_v1"
      },
      "geometry": {
        "type": "Point",
        "coordinates": [
          13.142667,
          32.879215
        ]
      }
    },
    {
      "type": "Feature",
      "id": "LY-FNB-RES-TRI-00061",
      "properties": {
        "id": "LY-FNB-RES-TRI-00061",
        "name_ar": "بيكانتي",
        "name_en": null,
        "name_normalized_ar": "بيكانتي",
        "translation_status": "pending_review",
        "category": "الطعام والشراب",
        "subcategory_ar": "مطعم دولي",
        "subcategory_en": "International restaurant",
        "facility_type_code": "international_restaurant",
        "municipality_ar": "طرابلس",
        "municipality_en": "Tripoli",
        "city_ar": "طرابلس",
        "city_en": "Tripoli",
        "district_ar": null,
        "district_en": null,
        "address_ar": "الظهرة",
        "address_en": null,
        "longitude": 13.195502,
        "latitude": 32.890278,
        "source": "Tripoli restaurants team KML",
        "source_kml": "data/incoming/tripoli-restaurants.kml",
        "source_record_index": 61,
        "description_ar": "النوع: مأكولات إيطالية العنوان: الظهرة الهاتف: 094-5314040",
        "description_en": null,
        "phone": "094-5314040",
        "email": null,
        "website": null,
        "cuisine_type_ar": null,
        "cuisine_type_en": null,
        "price_level": null,
        "opening_hours": null,
        "status": "active",
        "license_status": null,
        "data_quality_status": "medium",
        "data_review_status": "integrated",
        "source_image_url": "https://mymaps.usercontent.google.com/hostedimage/m/*/3AAjQbR47huEhFO4L21fJ69nHBINrPUU614HF_GtPuKQwIbF9yRp6BR3kjWfsDDapVWWNsPy605cDezmNNQp24flOpde2V63aTYH7AjuxY7qM4kPz0c0fwAVuDMaBn2azHMjvNpbpWhnN-qJ51seXRmpMavIrbVQRaCizI7fdzfXdsJKccZh5VliZCfRvj5NB-3yl4COnPtGc1mVTNWGJKFCPwA6cbj2ag9gsdkVpeMOIHG7oIm6VUH5sq1jkG0s?authuser=2&fife=s16383",
        "source_image_provider": "google_mymaps",
        "source_image_status": "temporary_source_reference",
        "local_images": [],
        "image_count": 0,
        "created_at": "2026-08-06",
        "updated_at": "2026-08-06",
        "name_score": 1,
        "coordinate_score": 1,
        "classification_score": 1.0,
        "contact_score": 0.5,
        "image_score": 0.3,
        "completeness_score": 0.45,
        "overall_quality_score": 0.76,
        "data_completeness_percent": 45,
        "missing_fields": [
          "district",
          "website",
          "cuisine",
          "opening_hours",
          "license",
          "image"
        ],
        "match_status": "new_feature",
        "coordinate_review_status": "valid",
        "coordinate_change_reason": null,
        "original_coordinates": [
          13.195502,
          32.890278
        ],
        "legacy_ids": [],
        "alias_ids": [],
        "source_records": [],
        "source_files": [],
        "merged_from_ids": [],
        "related_feature_ids": [],
        "relationship_types": [],
        "canonical_id": "LY-FNB-RES-TRI-00061",
        "merge_status": "not_merged",
        "merge_confidence": null,
        "merge_date": null,
        "merge_method": null,
        "merge_notes": null,
        "publication_status": "internal_ready",
        "publication_status_reason": "No blocking review; quality limitations remain disclosed",
        "publication_status_date": "2026-08-06",
        "publication_status_method": "phase_2_rules_v1",
        "operational_status_code": "unknown",
        "operational_status_ar": "غير محدد",
        "weighted_completeness_score": 75.0,
        "critical_fields_completeness": 100.0,
        "supplementary_fields_completeness": 50.0,
        "completeness_method_version": "phase_2_weighted_v1"
      },
      "geometry": {
        "type": "Point",
        "coordinates": [
          13.195502,
          32.890278
        ]
      }
    },
    {
      "type": "Feature",
      "id": "LY-FNB-RES-TRI-00062",
      "properties": {
        "id": "LY-FNB-RES-TRI-00062",
        "name_ar": "مطعم بيلو",
        "name_en": null,
        "name_normalized_ar": "مطعمبيلو",
        "translation_status": "pending_review",
        "category": "الطعام والشراب",
        "subcategory_ar": "حلويات",
        "subcategory_en": "Dessert shop",
        "facility_type_code": "dessert_shop",
        "municipality_ar": "طرابلس",
        "municipality_en": "Tripoli",
        "city_ar": "طرابلس",
        "city_en": "Tripoli",
        "district_ar": null,
        "district_en": null,
        "address_ar": "الجرابة مول",
        "address_en": null,
        "longitude": 13.188322,
        "latitude": 32.890738,
        "source": "Tripoli restaurants team KML",
        "source_kml": "data/incoming/tripoli-restaurants.kml",
        "source_record_index": 62,
        "description_ar": "النوع: متخصص بأفخر اصناف الحلويات والعصائر الطبيعة العنوان: الجرابة مول الهاتف: 092-4894833",
        "description_en": null,
        "phone": "092-4894833",
        "email": null,
        "website": null,
        "cuisine_type_ar": null,
        "cuisine_type_en": null,
        "price_level": null,
        "opening_hours": null,
        "status": "active",
        "license_status": null,
        "data_quality_status": "medium",
        "data_review_status": "integrated",
        "source_image_url": "https://mymaps.usercontent.google.com/hostedimage/m/*/3AAjQbR753ontWRKvixMfutGChvvw92Iac_uFWDM6GIFqQKIAzMLDmuemv_jaLKCLxhv8bqr2wxTiJpja3IBfqLmeyUmcUDwpwd1U2palkZQDy4hvaeCjVokOCZ6oo-lSsSKIz7dpNykQEEjGTr7B9MNV9b2BxDVWcB2TfrKAr8xrZgJCkLwEWuqpPnZwkyorKk2sKQ0NBhOdxa1eQWFmlv7q-nrpTMClr6zqGxWaaSHN7uAweTL_dj21f0QmyKY?authuser=2&fife=s16383",
        "source_image_provider": "google_mymaps",
        "source_image_status": "temporary_source_reference",
        "local_images": [],
        "image_count": 0,
        "created_at": "2026-08-06",
        "updated_at": "2026-08-06",
        "name_score": 1,
        "coordinate_score": 1,
        "classification_score": 1.0,
        "contact_score": 0.5,
        "image_score": 0.3,
        "completeness_score": 0.45,
        "overall_quality_score": 0.76,
        "data_completeness_percent": 45,
        "missing_fields": [
          "district",
          "website",
          "cuisine",
          "opening_hours",
          "license",
          "image"
        ],
        "match_status": "new_feature",
        "coordinate_review_status": "valid",
        "coordinate_change_reason": null,
        "original_coordinates": [
          13.188322,
          32.890738
        ],
        "legacy_ids": [],
        "alias_ids": [],
        "source_records": [],
        "source_files": [],
        "merged_from_ids": [],
        "related_feature_ids": [],
        "relationship_types": [],
        "canonical_id": "LY-FNB-RES-TRI-00062",
        "merge_status": "not_merged",
        "merge_confidence": null,
        "merge_date": null,
        "merge_method": null,
        "merge_notes": null,
        "publication_status": "internal_ready",
        "publication_status_reason": "No blocking review; quality limitations remain disclosed",
        "publication_status_date": "2026-08-06",
        "publication_status_method": "phase_2_rules_v1",
        "operational_status_code": "unknown",
        "operational_status_ar": "غير محدد",
        "weighted_completeness_score": 75.0,
        "critical_fields_completeness": 100.0,
        "supplementary_fields_completeness": 50.0,
        "completeness_method_version": "phase_2_weighted_v1"
      },
      "geometry": {
        "type": "Point",
        "coordinates": [
          13.188322,
          32.890738
        ]
      }
    },
    {
      "type": "Feature",
      "id": "LY-FNB-RES-TRI-00063",
      "properties": {
        "id": "LY-FNB-RES-TRI-00063",
        "name_ar": "مطعم بونا بيتي",
        "name_en": null,
        "name_normalized_ar": "مطعمبونابيتي",
        "translation_status": "pending_review",
        "category": "الطعام والشراب",
        "subcategory_ar": "مطعم",
        "subcategory_en": "Restaurant",
        "facility_type_code": "restaurant",
        "municipality_ar": "طرابلس",
        "municipality_en": "Tripoli",
        "city_ar": "طرابلس",
        "city_en": "Tripoli",
        "district_ar": null,
        "district_en": null,
        "address_ar": "شارع عشرين طرابلس",
        "address_en": null,
        "longitude": 13.206439,
        "latitude": 32.894614,
        "source": "Tripoli restaurants team KML",
        "source_kml": "data/incoming/tripoli-restaurants.kml",
        "source_record_index": 63,
        "description_ar": "النوع: مأكولات حارة العنوان: شارع عشرين طرابلس الهاتف: 092-7455947",
        "description_en": null,
        "phone": "092-7455947",
        "email": null,
        "website": null,
        "cuisine_type_ar": null,
        "cuisine_type_en": null,
        "price_level": null,
        "opening_hours": null,
        "status": "active",
        "license_status": null,
        "data_quality_status": "medium",
        "data_review_status": "integrated",
        "source_image_url": "https://mymaps.usercontent.google.com/hostedimage/m/*/3AAjQbR6NZ_DDMUvsVOReYnHL-JuFrduXxpFMrqQQeP22C20VcK5PU728YYa8HOVjhETjBxkTgfGWNpcOxAVtQVeogsSKr1kh4C4VBXaaiKYkQdrLLZaliKo5BFc97B_q_p3TKzMfXjxr2nPuKOVk_RjTQTulxJq-vp3KQiHn07b34lUbl5M-Dv9-vzZJsxlKj1Fql51qy57ZS4_MO6hUMOvchbEY0JDDrx8ZYJC7ol0J1MJrIkvjQUO44yONibY?authuser=2&fife=s16383",
        "source_image_provider": "google_mymaps",
        "source_image_status": "temporary_source_reference",
        "local_images": [],
        "image_count": 0,
        "created_at": "2026-08-06",
        "updated_at": "2026-08-06",
        "name_score": 1,
        "coordinate_score": 1,
        "classification_score": 1.0,
        "contact_score": 0.5,
        "image_score": 0.3,
        "completeness_score": 0.45,
        "overall_quality_score": 0.76,
        "data_completeness_percent": 45,
        "missing_fields": [
          "district",
          "website",
          "cuisine",
          "opening_hours",
          "license",
          "image"
        ],
        "match_status": "new_feature",
        "coordinate_review_status": "valid",
        "coordinate_change_reason": null,
        "original_coordinates": [
          13.206439,
          32.894614
        ],
        "legacy_ids": [],
        "alias_ids": [],
        "source_records": [],
        "source_files": [],
        "merged_from_ids": [],
        "related_feature_ids": [],
        "relationship_types": [],
        "canonical_id": "LY-FNB-RES-TRI-00063",
        "merge_status": "not_merged",
        "merge_confidence": null,
        "merge_date": null,
        "merge_method": null,
        "merge_notes": null,
        "publication_status": "internal_ready",
        "publication_status_reason": "No blocking review; quality limitations remain disclosed",
        "publication_status_date": "2026-08-06",
        "publication_status_method": "phase_2_rules_v1",
        "operational_status_code": "unknown",
        "operational_status_ar": "غير محدد",
        "weighted_completeness_score": 75.0,
        "critical_fields_completeness": 100.0,
        "supplementary_fields_completeness": 50.0,
        "completeness_method_version": "phase_2_weighted_v1"
      },
      "geometry": {
        "type": "Point",
        "coordinates": [
          13.206439,
          32.894614
        ]
      }
    },
    {
      "type": "Feature",
      "id": "LY-FNB-RES-TRI-00064",
      "properties": {
        "id": "LY-FNB-RES-TRI-00064",
        "name_ar": "شاورما ومشاوي قوستوزو",
        "name_en": null,
        "name_normalized_ar": "شاورماومشاويقوستوزو",
        "translation_status": "pending_review",
        "category": "الطعام والشراب",
        "subcategory_ar": "وجبات سريعة",
        "subcategory_en": "Fast food",
        "facility_type_code": "fast_food",
        "municipality_ar": "طرابلس",
        "municipality_en": "Tripoli",
        "city_ar": "طرابلس",
        "city_en": "Tripoli",
        "district_ar": null,
        "district_en": null,
        "address_ar": "النوفلين /شارع مقابل لي شنابو",
        "address_en": null,
        "longitude": 13.212695,
        "latitude": 32.893394,
        "source": "Tripoli restaurants team KML",
        "source_kml": "data/incoming/tripoli-restaurants.kml",
        "source_record_index": 64,
        "description_ar": "النوع: مأكولات سريعة العنوان: النوفلين /شارع مقابل لي شنابو الهاتف: 091-5220111",
        "description_en": null,
        "phone": "091-5220111",
        "email": null,
        "website": null,
        "cuisine_type_ar": null,
        "cuisine_type_en": null,
        "price_level": null,
        "opening_hours": null,
        "status": "active",
        "license_status": null,
        "data_quality_status": "medium",
        "data_review_status": "integrated",
        "source_image_url": "https://mymaps.usercontent.google.com/hostedimage/m/*/3AAjQbR4cMR8oXGb4oHHnrREbrcdbgGhQvfkV4AlFMwQoTrOlFe6oMc12B38U4vHWx00kd1s0iTQKfBnz84PiYTwAEcIaeow0kPFGwMLe2PkTPkam-c9ujOE0TFCmRbzaIYnLHhFmYcYkhA7mmvNfgKT29F0yYQO1jVTFBWr665f46BwcbKfwgTR5Cj6AWiJjkB-AS7uOW9y2JvsffRiIrWSDK9ZqETnCt60nL8OOoJCDgA5ORpf0BLTOXoShnoM?authuser=2&fife=s16383",
        "source_image_provider": "google_mymaps",
        "source_image_status": "temporary_source_reference",
        "local_images": [],
        "image_count": 0,
        "created_at": "2026-08-06",
        "updated_at": "2026-08-06",
        "name_score": 1,
        "coordinate_score": 1,
        "classification_score": 1.0,
        "contact_score": 0.5,
        "image_score": 0.3,
        "completeness_score": 0.45,
        "overall_quality_score": 0.76,
        "data_completeness_percent": 45,
        "missing_fields": [
          "district",
          "website",
          "cuisine",
          "opening_hours",
          "license",
          "image"
        ],
        "match_status": "new_feature",
        "coordinate_review_status": "valid",
        "coordinate_change_reason": null,
        "original_coordinates": [
          13.212695,
          32.893394
        ],
        "legacy_ids": [],
        "alias_ids": [],
        "source_records": [],
        "source_files": [],
        "merged_from_ids": [],
        "related_feature_ids": [],
        "relationship_types": [],
        "canonical_id": "LY-FNB-RES-TRI-00064",
        "merge_status": "not_merged",
        "merge_confidence": null,
        "merge_date": null,
        "merge_method": null,
        "merge_notes": null,
        "publication_status": "internal_ready",
        "publication_status_reason": "No blocking review; quality limitations remain disclosed",
        "publication_status_date": "2026-08-06",
        "publication_status_method": "phase_2_rules_v1",
        "operational_status_code": "unknown",
        "operational_status_ar": "غير محدد",
        "weighted_completeness_score": 75.0,
        "critical_fields_completeness": 100.0,
        "supplementary_fields_completeness": 50.0,
        "completeness_method_version": "phase_2_weighted_v1"
      },
      "geometry": {
        "type": "Point",
        "coordinates": [
          13.212695,
          32.893394
        ]
      }
    },
    {
      "type": "Feature",
      "id": "LY-FNB-RES-TRI-00065",
      "properties": {
        "id": "LY-FNB-RES-TRI-00065",
        "name_ar": "مطعم ديوان الامير",
        "name_en": null,
        "name_normalized_ar": "مطعمديوانالامير",
        "translation_status": "pending_review",
        "category": "الطعام والشراب",
        "subcategory_ar": "مطعم",
        "subcategory_en": "Restaurant",
        "facility_type_code": "restaurant",
        "municipality_ar": "طرابلس",
        "municipality_en": "Tripoli",
        "city_ar": "طرابلس",
        "city_en": "Tripoli",
        "district_ar": null,
        "district_en": null,
        "address_ar": "طرابلس",
        "address_en": null,
        "longitude": 13.19553,
        "latitude": 32.864032,
        "source": "Tripoli restaurants team KML",
        "source_kml": "data/incoming/tripoli-restaurants.kml",
        "source_record_index": 65,
        "description_ar": "النوع: العنوان: طرابلس الهاتف: 091-3166989",
        "description_en": null,
        "phone": "091-3166989",
        "email": null,
        "website": null,
        "cuisine_type_ar": null,
        "cuisine_type_en": null,
        "price_level": null,
        "opening_hours": null,
        "status": "active",
        "license_status": null,
        "data_quality_status": "medium",
        "data_review_status": "integrated",
        "source_image_url": "https://mymaps.usercontent.google.com/hostedimage/m/*/3AAjQbR5gPhaYp6UM_KWUkbk4lbofDUL53mgkKiFE-tIB4Wcruy1JrsfLvyzbRFlsJ4jLusxALseSeyLZuwIWQDBEximf-qvIffi-VTF0wPomKkyCrcTgp-4Y8jlh5a1HN_uBdUBm6qpHOvKtG6TBWJgV2dKilirfBpve1_XsYnVAmvX4bD5ZvhyS7vFxeI5vWqdwStxYeK6oOshpKSWJf_KKMCn67RrXD7-n4MnU5ElesEE3j85GTLyfxSxVWBw?authuser=2&fife=s16383",
        "source_image_provider": "google_mymaps",
        "source_image_status": "temporary_source_reference",
        "local_images": [],
        "image_count": 0,
        "created_at": "2026-08-06",
        "updated_at": "2026-08-06",
        "name_score": 1,
        "coordinate_score": 1,
        "classification_score": 1.0,
        "contact_score": 0.5,
        "image_score": 0.3,
        "completeness_score": 0.45,
        "overall_quality_score": 0.76,
        "data_completeness_percent": 45,
        "missing_fields": [
          "district",
          "website",
          "cuisine",
          "opening_hours",
          "license",
          "image"
        ],
        "match_status": "new_feature",
        "coordinate_review_status": "valid",
        "coordinate_change_reason": null,
        "original_coordinates": [
          13.19553,
          32.864032
        ],
        "legacy_ids": [],
        "alias_ids": [],
        "source_records": [],
        "source_files": [],
        "merged_from_ids": [],
        "related_feature_ids": [],
        "relationship_types": [],
        "canonical_id": "LY-FNB-RES-TRI-00065",
        "merge_status": "not_merged",
        "merge_confidence": null,
        "merge_date": null,
        "merge_method": null,
        "merge_notes": null,
        "publication_status": "internal_ready",
        "publication_status_reason": "No blocking review; quality limitations remain disclosed",
        "publication_status_date": "2026-08-06",
        "publication_status_method": "phase_2_rules_v1",
        "operational_status_code": "unknown",
        "operational_status_ar": "غير محدد",
        "weighted_completeness_score": 75.0,
        "critical_fields_completeness": 100.0,
        "supplementary_fields_completeness": 50.0,
        "completeness_method_version": "phase_2_weighted_v1"
      },
      "geometry": {
        "type": "Point",
        "coordinates": [
          13.19553,
          32.864032
        ]
      }
    },
    {
      "type": "Feature",
      "id": "LY-FNB-RES-TRI-00066",
      "properties": {
        "id": "LY-FNB-RES-TRI-00066",
        "name_ar": "برانش كافي - برنش كافيه",
        "name_en": null,
        "name_normalized_ar": "برانشكافيبرنشكافيه",
        "translation_status": "pending_review",
        "category": "الطعام والشراب",
        "subcategory_ar": "تحتاج مراجعة",
        "subcategory_en": "Review required",
        "facility_type_code": "review_required",
        "municipality_ar": "طرابلس",
        "municipality_en": "Tripoli",
        "city_ar": "طرابلس",
        "city_en": "Tripoli",
        "district_ar": null,
        "district_en": null,
        "address_ar": "طريق الشط",
        "address_en": null,
        "longitude": 13.207182,
        "latitude": 32.899774,
        "source": "Tripoli restaurants team KML",
        "source_kml": "data/incoming/tripoli-restaurants.kml",
        "source_record_index": 66,
        "description_ar": "النوع: مأكولات متنوعة العنوان: طريق الشط الهاتف: 092-8881211",
        "description_en": null,
        "phone": "092-8881211",
        "email": null,
        "website": null,
        "cuisine_type_ar": null,
        "cuisine_type_en": null,
        "price_level": null,
        "opening_hours": null,
        "status": "active",
        "license_status": null,
        "data_quality_status": "low",
        "data_review_status": "review_required",
        "source_image_url": "https://mymaps.usercontent.google.com/hostedimage/m/*/3AAjQbR6jyl3VWywxgGrfdZg0BRLFUM8tfq3LqVFJXm2L5nshyJy1JNa5Ry9ALIRyhY97t858vwKFVD7Db0IDWFLvFAdru0R6716UtkCOvR9DZ9KSGtLPeiU8vzWkrXWPbmHrsQggC6tUvlLTZXtkS9faMkTt6VuD9oQV_67ex9Exxav7h2aYlvMrgpcfWRdUFZGXuQpspIOBJzEk5Avj9f1HJlq2GM9eAvJJ89N_5_Uk6VS1cuZ_ucMypPkm1vY?authuser=2&fife=s16383",
        "source_image_provider": "google_mymaps",
        "source_image_status": "temporary_source_reference",
        "local_images": [],
        "image_count": 0,
        "created_at": "2026-08-06",
        "updated_at": "2026-08-06",
        "name_score": 1,
        "coordinate_score": 1,
        "classification_score": 0.3,
        "contact_score": 0.5,
        "image_score": 0.3,
        "completeness_score": 0.36,
        "overall_quality_score": 0.62,
        "data_completeness_percent": 36,
        "missing_fields": [
          "classification",
          "district",
          "website",
          "cuisine",
          "opening_hours",
          "license",
          "image"
        ],
        "match_status": "new_feature",
        "coordinate_review_status": "valid",
        "coordinate_change_reason": null,
        "original_coordinates": [
          13.207182,
          32.899774
        ],
        "legacy_ids": [],
        "alias_ids": [],
        "source_records": [],
        "source_files": [],
        "merged_from_ids": [],
        "related_feature_ids": [],
        "relationship_types": [],
        "canonical_id": "LY-FNB-RES-TRI-00066",
        "merge_status": "not_merged",
        "merge_confidence": null,
        "merge_date": null,
        "merge_method": null,
        "merge_notes": null,
        "review_reason_codes": [
          "classification_review",
          "license_review"
        ],
        "review_priority": "P2",
        "review_owner_required": "وزارة السياحة أو البلدية أو الجهة المالكة حسب الاختصاص",
        "review_action_required": "institutional verification of flagged fields",
        "review_status": "open",
        "temporary_name_status": "not_temporary",
        "temporary_name_reason": null,
        "official_name_required": false,
        "publication_status": "internal_only",
        "publication_status_reason": "Open review item",
        "publication_status_date": "2026-08-06",
        "publication_status_method": "phase_2_rules_v1",
        "operational_status_code": "unknown",
        "operational_status_ar": "غير محدد",
        "weighted_completeness_score": 75.0,
        "critical_fields_completeness": 100.0,
        "supplementary_fields_completeness": 50.0,
        "completeness_method_version": "phase_2_weighted_v1"
      },
      "geometry": {
        "type": "Point",
        "coordinates": [
          13.207182,
          32.899774
        ]
      }
    },
    {
      "type": "Feature",
      "id": "LY-FNB-RES-TRI-00067",
      "properties": {
        "id": "LY-FNB-RES-TRI-00067",
        "name_ar": "مطعم ميلانو للوجبات السريعة",
        "name_en": null,
        "name_normalized_ar": "مطعمميلانوللوجباتالسريعه",
        "translation_status": "pending_review",
        "category": "الطعام والشراب",
        "subcategory_ar": "مطعم",
        "subcategory_en": "Restaurant",
        "facility_type_code": "restaurant",
        "municipality_ar": "طرابلس",
        "municipality_en": "Tripoli",
        "city_ar": "طرابلس",
        "city_en": "Tripoli",
        "district_ar": null,
        "district_en": null,
        "address_ar": "طرابلس",
        "address_en": null,
        "longitude": 13.178499,
        "latitude": 32.874695,
        "source": "Tripoli restaurants team KML",
        "source_kml": "data/incoming/tripoli-restaurants.kml",
        "source_record_index": 67,
        "description_ar": "النوع: للوجبات السريعة العنوان: طرابلس الهاتف: 091-1139535",
        "description_en": null,
        "phone": "091-1139535",
        "email": null,
        "website": null,
        "cuisine_type_ar": null,
        "cuisine_type_en": null,
        "price_level": null,
        "opening_hours": null,
        "status": "active",
        "license_status": null,
        "data_quality_status": "medium",
        "data_review_status": "integrated",
        "source_image_url": "https://mymaps.usercontent.google.com/hostedimage/m/*/3AAjQbR57JVY-iS_3t-gVpE62HEgeZt6O8ZBT5rWJkFxKFMkPg0mjZB0IhhEUGaM2GHarqR2SunfUoAKoXx7z_4F2oN_ISsQQhZ28rpCOStMjjw9RyJ_Y19azciZJJyLkm70IOtxrJcWgj2U6yvvs94lXA6sYJWOJgYtXDhjtOpblfp2PAaw7KiK21Fw2Wd_uDC2nyvrZ-YBfMdMIKqTxQ0AjOsqfpF3zWbFyFs0FdiNwuSAiiY__A7bv3m_Yulo?authuser=2&fife=s16383",
        "source_image_provider": "google_mymaps",
        "source_image_status": "temporary_source_reference",
        "local_images": [],
        "image_count": 0,
        "created_at": "2026-08-06",
        "updated_at": "2026-08-06",
        "name_score": 1,
        "coordinate_score": 1,
        "classification_score": 1.0,
        "contact_score": 0.5,
        "image_score": 0.3,
        "completeness_score": 0.45,
        "overall_quality_score": 0.76,
        "data_completeness_percent": 45,
        "missing_fields": [
          "district",
          "website",
          "cuisine",
          "opening_hours",
          "license",
          "image"
        ],
        "match_status": "new_feature",
        "coordinate_review_status": "valid",
        "coordinate_change_reason": null,
        "original_coordinates": [
          13.178499,
          32.874695
        ],
        "legacy_ids": [],
        "alias_ids": [],
        "source_records": [],
        "source_files": [],
        "merged_from_ids": [],
        "related_feature_ids": [],
        "relationship_types": [],
        "canonical_id": "LY-FNB-RES-TRI-00067",
        "merge_status": "not_merged",
        "merge_confidence": null,
        "merge_date": null,
        "merge_method": null,
        "merge_notes": null,
        "publication_status": "internal_ready",
        "publication_status_reason": "No blocking review; quality limitations remain disclosed",
        "publication_status_date": "2026-08-06",
        "publication_status_method": "phase_2_rules_v1",
        "operational_status_code": "unknown",
        "operational_status_ar": "غير محدد",
        "weighted_completeness_score": 75.0,
        "critical_fields_completeness": 100.0,
        "supplementary_fields_completeness": 50.0,
        "completeness_method_version": "phase_2_weighted_v1"
      },
      "geometry": {
        "type": "Point",
        "coordinates": [
          13.178499,
          32.874695
        ]
      }
    },
    {
      "type": "Feature",
      "id": "LY-FNB-RES-TRI-00068",
      "properties": {
        "id": "LY-FNB-RES-TRI-00068",
        "name_ar": "تاكور قريل",
        "name_en": null,
        "name_normalized_ar": "تاكورقريل",
        "translation_status": "pending_review",
        "category": "الطعام والشراب",
        "subcategory_ar": "وجبات سريعة",
        "subcategory_en": "Fast food",
        "facility_type_code": "fast_food",
        "municipality_ar": "طرابلس",
        "municipality_en": "Tripoli",
        "city_ar": "طرابلس",
        "city_en": "Tripoli",
        "district_ar": null,
        "district_en": null,
        "address_ar": "جنزور - كوبري 17",
        "address_en": null,
        "longitude": 13.186712,
        "latitude": 32.884072,
        "source": "Tripoli restaurants team KML",
        "source_kml": "data/incoming/tripoli-restaurants.kml",
        "source_record_index": 68,
        "description_ar": "وجبات سريعة",
        "description_en": null,
        "phone": "094-0161717",
        "email": null,
        "website": null,
        "cuisine_type_ar": null,
        "cuisine_type_en": null,
        "price_level": null,
        "opening_hours": null,
        "status": "active",
        "license_status": null,
        "data_quality_status": "medium",
        "data_review_status": "integrated",
        "source_image_url": "https://mymaps.usercontent.google.com/hostedimage/m/*/3AAjQbR7_mcNF1YRcn6jIFpDPSlyDRWRFrRp8yirpiOvftDUytktxXGTrXMdlgokrbbc8Wgh1zlWNNRy7p39_62ZG5KLrXyZ7abIfi4-p01HO-L0s0rR49jXhRpJ9kLqGtfaFmzZnzeFqx7JEBd669-iI9AIgVHts5nF3jxeaqJp581gNfVJbLjFanvzP96G43o0521Tn_JSncq678lvvRyz1Fxj0lRVIX22CpbILDVuhP99X4hJrXuqlTer63dk?authuser=2&fife=s16383",
        "source_image_provider": "google_mymaps",
        "source_image_status": "temporary_source_reference",
        "local_images": [],
        "image_count": 0,
        "created_at": "2026-08-06",
        "updated_at": "2026-08-06",
        "name_score": 1,
        "coordinate_score": 1,
        "classification_score": 1.0,
        "contact_score": 0.5,
        "image_score": 0.3,
        "completeness_score": 0.45,
        "overall_quality_score": 0.76,
        "data_completeness_percent": 45,
        "missing_fields": [
          "district",
          "website",
          "cuisine",
          "opening_hours",
          "license",
          "image"
        ],
        "match_status": "new_feature",
        "coordinate_review_status": "valid",
        "coordinate_change_reason": null,
        "original_coordinates": [
          13.186712,
          32.884072
        ],
        "legacy_ids": [],
        "alias_ids": [],
        "source_records": [],
        "source_files": [],
        "merged_from_ids": [],
        "related_feature_ids": [],
        "relationship_types": [],
        "canonical_id": "LY-FNB-RES-TRI-00068",
        "merge_status": "not_merged",
        "merge_confidence": null,
        "merge_date": null,
        "merge_method": null,
        "merge_notes": null,
        "publication_status": "internal_ready",
        "publication_status_reason": "No blocking review; quality limitations remain disclosed",
        "publication_status_date": "2026-08-06",
        "publication_status_method": "phase_2_rules_v1",
        "operational_status_code": "unknown",
        "operational_status_ar": "غير محدد",
        "weighted_completeness_score": 75.0,
        "critical_fields_completeness": 100.0,
        "supplementary_fields_completeness": 50.0,
        "completeness_method_version": "phase_2_weighted_v1"
      },
      "geometry": {
        "type": "Point",
        "coordinates": [
          13.186712,
          32.884072
        ]
      }
    },
    {
      "type": "Feature",
      "id": "LY-FNB-RES-TRI-00069",
      "properties": {
        "id": "LY-FNB-RES-TRI-00069",
        "name_ar": "هامبوربو جاجا",
        "name_en": null,
        "name_normalized_ar": "هامبوربوجاجا",
        "translation_status": "pending_review",
        "category": "الطعام والشراب",
        "subcategory_ar": "وجبات سريعة",
        "subcategory_en": "Fast food",
        "facility_type_code": "fast_food",
        "municipality_ar": "طرابلس",
        "municipality_en": "Tripoli",
        "city_ar": "طرابلس",
        "city_en": "Tripoli",
        "district_ar": null,
        "district_en": null,
        "address_ar": "ميدان القادسية,",
        "address_en": null,
        "longitude": 13.181797,
        "latitude": 32.889634,
        "source": "Tripoli restaurants team KML",
        "source_kml": "data/incoming/tripoli-restaurants.kml",
        "source_record_index": 69,
        "description_ar": "وجبات سريعة",
        "description_en": null,
        "phone": "092-3475244",
        "email": null,
        "website": null,
        "cuisine_type_ar": null,
        "cuisine_type_en": null,
        "price_level": null,
        "opening_hours": null,
        "status": "active",
        "license_status": null,
        "data_quality_status": "medium",
        "data_review_status": "integrated",
        "source_image_url": "https://mymaps.usercontent.google.com/hostedimage/m/*/3AAjQbR6mvXxUrRvjplMBjD3SNcPaAhV6VIiHXshQY_44Ynrv8TPRuK-kXE7LoQJdWHjmMxf3_zYMVzEywNp4UHajpkmCBiW2lv0TFHbxlR3OGv6PMkFkUgfC9bz9eqQ7cwzSIMh6-t5L7vA3ilQiG9CE-Lzq-sUknuJozx9-ixe5TJzO-VKrk8PVirEEwJCQcja_AeIOMzccJI8uD4PaFatNT65IERLEzAya3iLSsjUzwZ34PPZxjQoQH3yBYbI?authuser=2&fife=s16383",
        "source_image_provider": "google_mymaps",
        "source_image_status": "temporary_source_reference",
        "local_images": [],
        "image_count": 0,
        "created_at": "2026-08-06",
        "updated_at": "2026-08-06",
        "name_score": 1,
        "coordinate_score": 1,
        "classification_score": 1.0,
        "contact_score": 0.5,
        "image_score": 0.3,
        "completeness_score": 0.45,
        "overall_quality_score": 0.76,
        "data_completeness_percent": 45,
        "missing_fields": [
          "district",
          "website",
          "cuisine",
          "opening_hours",
          "license",
          "image"
        ],
        "match_status": "new_feature",
        "coordinate_review_status": "valid",
        "coordinate_change_reason": null,
        "original_coordinates": [
          13.181797,
          32.889634
        ],
        "legacy_ids": [],
        "alias_ids": [],
        "source_records": [],
        "source_files": [],
        "merged_from_ids": [],
        "related_feature_ids": [],
        "relationship_types": [],
        "canonical_id": "LY-FNB-RES-TRI-00069",
        "merge_status": "not_merged",
        "merge_confidence": null,
        "merge_date": null,
        "merge_method": null,
        "merge_notes": null,
        "publication_status": "internal_ready",
        "publication_status_reason": "No blocking review; quality limitations remain disclosed",
        "publication_status_date": "2026-08-06",
        "publication_status_method": "phase_2_rules_v1",
        "operational_status_code": "unknown",
        "operational_status_ar": "غير محدد",
        "weighted_completeness_score": 75.0,
        "critical_fields_completeness": 100.0,
        "supplementary_fields_completeness": 50.0,
        "completeness_method_version": "phase_2_weighted_v1"
      },
      "geometry": {
        "type": "Point",
        "coordinates": [
          13.181797,
          32.889634
        ]
      }
    },
    {
      "type": "Feature",
      "id": "LY-FNB-RES-TRI-00070",
      "properties": {
        "id": "LY-FNB-RES-TRI-00070",
        "name_ar": "مطعم الأزرقاني للمأكولات الشعبية و الشرقية",
        "name_en": null,
        "name_normalized_ar": "مطعمالازرقانيللماكولاتالشعبيهوالشرقيه",
        "translation_status": "pending_review",
        "category": "الطعام والشراب",
        "subcategory_ar": "مطعم شعبي أو تقليدي",
        "subcategory_en": "Traditional restaurant",
        "facility_type_code": "traditional_restaurant",
        "municipality_ar": "طرابلس",
        "municipality_en": "Tripoli",
        "city_ar": "طرابلس",
        "city_en": "Tripoli",
        "district_ar": null,
        "district_en": null,
        "address_ar": "شارع الجمهورية",
        "address_en": null,
        "longitude": 13.185077,
        "latitude": 32.882696,
        "source": "Tripoli restaurants team KML",
        "source_kml": "data/incoming/tripoli-restaurants.kml",
        "source_record_index": 70,
        "description_ar": "مأكولات شعبية و شرقية",
        "description_en": null,
        "phone": "091-2110912",
        "email": null,
        "website": null,
        "cuisine_type_ar": null,
        "cuisine_type_en": null,
        "price_level": null,
        "opening_hours": null,
        "status": "active",
        "license_status": null,
        "data_quality_status": "medium",
        "data_review_status": "integrated",
        "source_image_url": "https://mymaps.usercontent.google.com/hostedimage/m/*/3AAjQbR70hYeWBHxkArajWF8phdbgReV54Zz9QW8nI8zqRTae-dJdAiud-GG86DJjDie9FbxYqcjQFyBYJzUp83FzYvqwAh0Hp2I8G95DTQVZzehCaNNqGQpxe4S6PCIW14BHHi1ID3gpb5sDsQC0B85EGS4DDP0_W_njP26JqxaykoK9ic4G0av_8f-pkeuopxVoEkmVoJGbxrsz9lkNadmHWPn27iIsS8yvCfhC95f-kZ8zAyPGYUzBGfuPxLw?authuser=2&fife=s16383",
        "source_image_provider": "google_mymaps",
        "source_image_status": "temporary_source_reference",
        "local_images": [],
        "image_count": 0,
        "created_at": "2026-08-06",
        "updated_at": "2026-08-06",
        "name_score": 1,
        "coordinate_score": 1,
        "classification_score": 1.0,
        "contact_score": 0.5,
        "image_score": 0.3,
        "completeness_score": 0.45,
        "overall_quality_score": 0.76,
        "data_completeness_percent": 45,
        "missing_fields": [
          "district",
          "website",
          "cuisine",
          "opening_hours",
          "license",
          "image"
        ],
        "match_status": "new_feature",
        "coordinate_review_status": "valid",
        "coordinate_change_reason": null,
        "original_coordinates": [
          13.185077,
          32.882696
        ],
        "legacy_ids": [],
        "alias_ids": [],
        "source_records": [],
        "source_files": [],
        "merged_from_ids": [],
        "related_feature_ids": [],
        "relationship_types": [],
        "canonical_id": "LY-FNB-RES-TRI-00070",
        "merge_status": "not_merged",
        "merge_confidence": null,
        "merge_date": null,
        "merge_method": null,
        "merge_notes": null,
        "publication_status": "internal_ready",
        "publication_status_reason": "No blocking review; quality limitations remain disclosed",
        "publication_status_date": "2026-08-06",
        "publication_status_method": "phase_2_rules_v1",
        "operational_status_code": "unknown",
        "operational_status_ar": "غير محدد",
        "weighted_completeness_score": 75.0,
        "critical_fields_completeness": 100.0,
        "supplementary_fields_completeness": 50.0,
        "completeness_method_version": "phase_2_weighted_v1"
      },
      "geometry": {
        "type": "Point",
        "coordinates": [
          13.185077,
          32.882696
        ]
      }
    },
    {
      "type": "Feature",
      "id": "LY-FNB-RES-TRI-00071",
      "properties": {
        "id": "LY-FNB-RES-TRI-00071",
        "name_ar": "ديفيو سبان",
        "name_en": null,
        "name_normalized_ar": "ديفيوسبان",
        "translation_status": "pending_review",
        "category": "الطعام والشراب",
        "subcategory_ar": "تحتاج مراجعة",
        "subcategory_en": "Review required",
        "facility_type_code": "review_required",
        "municipality_ar": "طرابلس",
        "municipality_en": "Tripoli",
        "city_ar": "طرابلس",
        "city_en": "Tripoli",
        "district_ar": null,
        "district_en": null,
        "address_ar": "حي الاندلس",
        "address_en": null,
        "longitude": 13.186459,
        "latitude": 32.883961,
        "source": "Tripoli restaurants team KML",
        "source_kml": "data/incoming/tripoli-restaurants.kml",
        "source_record_index": 71,
        "description_ar": "النوع: العنوان: حي الاندلس الهاتف: 0924111801",
        "description_en": null,
        "phone": "0924111801",
        "email": null,
        "website": null,
        "cuisine_type_ar": null,
        "cuisine_type_en": null,
        "price_level": null,
        "opening_hours": null,
        "status": "active",
        "license_status": null,
        "data_quality_status": "low",
        "data_review_status": "review_required",
        "source_image_url": "https://mymaps.usercontent.google.com/hostedimage/m/*/3AAjQbR5z80DiUQ_uHtlei5_TmUBrvkry5dC5muTlYjzD-Cy-0PQUquHkbvuh4CRdpM8mxEIkJ8ZCu6KUq83FNZft1y62rgbJkhVortO_p09k2oWJcXarPl97UKpfR8lU_C353zh8tm1x5olQvdKOhWMdLQo2yt9xqN-QR9RRZr32O37LAE1Y5GmIZ4rhi08sT0iY4tDtPShXDm46pa9Jew2TpfsENVU1Gi7eneQeoU0fJTl7xn_MZqAWuSiCswI?authuser=2&fife=s16383",
        "source_image_provider": "google_mymaps",
        "source_image_status": "temporary_source_reference",
        "local_images": [],
        "image_count": 0,
        "created_at": "2026-08-06",
        "updated_at": "2026-08-06",
        "name_score": 1,
        "coordinate_score": 1,
        "classification_score": 0.3,
        "contact_score": 0.5,
        "image_score": 0.3,
        "completeness_score": 0.36,
        "overall_quality_score": 0.62,
        "data_completeness_percent": 36,
        "missing_fields": [
          "classification",
          "district",
          "website",
          "cuisine",
          "opening_hours",
          "license",
          "image"
        ],
        "match_status": "new_feature",
        "coordinate_review_status": "valid",
        "coordinate_change_reason": null,
        "original_coordinates": [
          13.186459,
          32.883961
        ],
        "legacy_ids": [],
        "alias_ids": [],
        "source_records": [],
        "source_files": [],
        "merged_from_ids": [],
        "related_feature_ids": [],
        "relationship_types": [],
        "canonical_id": "LY-FNB-RES-TRI-00071",
        "merge_status": "not_merged",
        "merge_confidence": null,
        "merge_date": null,
        "merge_method": null,
        "merge_notes": null,
        "review_reason_codes": [
          "classification_review",
          "license_review"
        ],
        "review_priority": "P2",
        "review_owner_required": "وزارة السياحة أو البلدية أو الجهة المالكة حسب الاختصاص",
        "review_action_required": "institutional verification of flagged fields",
        "review_status": "open",
        "temporary_name_status": "not_temporary",
        "temporary_name_reason": null,
        "official_name_required": false,
        "publication_status": "internal_only",
        "publication_status_reason": "Open review item",
        "publication_status_date": "2026-08-06",
        "publication_status_method": "phase_2_rules_v1",
        "operational_status_code": "unknown",
        "operational_status_ar": "غير محدد",
        "weighted_completeness_score": 75.0,
        "critical_fields_completeness": 100.0,
        "supplementary_fields_completeness": 50.0,
        "completeness_method_version": "phase_2_weighted_v1"
      },
      "geometry": {
        "type": "Point",
        "coordinates": [
          13.186459,
          32.883961
        ]
      }
    },
    {
      "type": "Feature",
      "id": "LY-FNB-RES-TRI-00072",
      "properties": {
        "id": "LY-FNB-RES-TRI-00072",
        "name_ar": "مطعم المدينة التركية - شارع سليمان الباروني",
        "name_en": null,
        "name_normalized_ar": "مطعمالمدينهالتركيهشارعسليمانالباروني",
        "translation_status": "pending_review",
        "category": "الطعام والشراب",
        "subcategory_ar": "مطعم دولي",
        "subcategory_en": "International restaurant",
        "facility_type_code": "international_restaurant",
        "municipality_ar": "طرابلس",
        "municipality_en": "Tripoli",
        "city_ar": "طرابلس",
        "city_en": "Tripoli",
        "district_ar": null,
        "district_en": null,
        "address_ar": "طرابلس شارع النصر",
        "address_en": null,
        "longitude": 13.179431,
        "latitude": 32.884117,
        "source": "Tripoli restaurants team KML",
        "source_kml": "data/incoming/tripoli-restaurants.kml",
        "source_record_index": 72,
        "description_ar": "مأكولات تركية",
        "description_en": null,
        "phone": "091-2551287",
        "email": null,
        "website": null,
        "cuisine_type_ar": null,
        "cuisine_type_en": null,
        "price_level": null,
        "opening_hours": null,
        "status": "active",
        "license_status": null,
        "data_quality_status": "medium",
        "data_review_status": "integrated",
        "source_image_url": "https://mymaps.usercontent.google.com/hostedimage/m/*/3AAjQbR4Z41PBcOrcfSb_prRPXn-dwRQVKNaMDO8q_h7hy3XQuqSebNoA_gK1WxfnxYy0zfvry4vI-3yUDqLftMcnPyl3LmYpzk6vZE0dxeaadtV7BOWsXpI1EfT78Mk6ee_xqzVCLUbgAGIuVdRJX01jCoSLaOmrtLLszd1pReIV1iQiTwuWApYVGIVH_Du35OFVvstv2bXhLqlmtDGEOY_72cp6t3UCYUnD7dRnyASHaXTuCNU-hX307j6tJ5A?authuser=2&fife=s16383",
        "source_image_provider": "google_mymaps",
        "source_image_status": "temporary_source_reference",
        "local_images": [],
        "image_count": 0,
        "created_at": "2026-08-06",
        "updated_at": "2026-08-06",
        "name_score": 1,
        "coordinate_score": 1,
        "classification_score": 1.0,
        "contact_score": 0.5,
        "image_score": 0.3,
        "completeness_score": 0.45,
        "overall_quality_score": 0.76,
        "data_completeness_percent": 45,
        "missing_fields": [
          "district",
          "website",
          "cuisine",
          "opening_hours",
          "license",
          "image"
        ],
        "match_status": "new_feature",
        "coordinate_review_status": "valid",
        "coordinate_change_reason": null,
        "original_coordinates": [
          13.179431,
          32.884117
        ],
        "legacy_ids": [],
        "alias_ids": [],
        "source_records": [],
        "source_files": [],
        "merged_from_ids": [],
        "related_feature_ids": [],
        "relationship_types": [],
        "canonical_id": "LY-FNB-RES-TRI-00072",
        "merge_status": "not_merged",
        "merge_confidence": null,
        "merge_date": null,
        "merge_method": null,
        "merge_notes": null,
        "publication_status": "internal_ready",
        "publication_status_reason": "No blocking review; quality limitations remain disclosed",
        "publication_status_date": "2026-08-06",
        "publication_status_method": "phase_2_rules_v1",
        "operational_status_code": "unknown",
        "operational_status_ar": "غير محدد",
        "weighted_completeness_score": 75.0,
        "critical_fields_completeness": 100.0,
        "supplementary_fields_completeness": 50.0,
        "completeness_method_version": "phase_2_weighted_v1"
      },
      "geometry": {
        "type": "Point",
        "coordinates": [
          13.179431,
          32.884117
        ]
      }
    },
    {
      "type": "Feature",
      "id": "LY-FNB-RES-TRI-00073",
      "properties": {
        "id": "LY-FNB-RES-TRI-00073",
        "name_ar": "مطعم المدق الدمشقي",
        "name_en": null,
        "name_normalized_ar": "مطعمالمدقالدمشقي",
        "translation_status": "pending_review",
        "category": "الطعام والشراب",
        "subcategory_ar": "مطعم دولي",
        "subcategory_en": "International restaurant",
        "facility_type_code": "international_restaurant",
        "municipality_ar": "طرابلس",
        "municipality_en": "Tripoli",
        "city_ar": "طرابلس",
        "city_en": "Tripoli",
        "district_ar": null,
        "district_en": null,
        "address_ar": "طرابلس",
        "address_en": null,
        "longitude": 13.183296,
        "latitude": 32.889619,
        "source": "Tripoli restaurants team KML",
        "source_kml": "data/incoming/tripoli-restaurants.kml",
        "source_record_index": 73,
        "description_ar": "مأكولات متنوعة",
        "description_en": null,
        "phone": "092-0479866",
        "email": null,
        "website": null,
        "cuisine_type_ar": null,
        "cuisine_type_en": null,
        "price_level": null,
        "opening_hours": null,
        "status": "active",
        "license_status": null,
        "data_quality_status": "medium",
        "data_review_status": "integrated",
        "source_image_url": "https://mymaps.usercontent.google.com/hostedimage/m/*/3AAjQbR6xX5iEKXFv3r6u3WyFSvxz9384iUTigZQe8AvtBpU8cZUjOoWmnPO4Y940jAaJEJ3a9FgNjMfifbwl-yGq0L1gm0dFY1SirOML43E4YYyKTJHIHc8l2JzJCHsBbWf0a4iaMbsiLUuZOPKWFkEq4i3UiiSQBrp0PG8vrPsntD63plRwguXRsoIl-WW-ZO8rm6Q_VG1KSHISuZbNDVU7DSeeKYfpTcrl1qQ-iuQBblvGSHmQG1TYPA-wTKc?authuser=2&fife=s16383",
        "source_image_provider": "google_mymaps",
        "source_image_status": "temporary_source_reference",
        "local_images": [],
        "image_count": 0,
        "created_at": "2026-08-06",
        "updated_at": "2026-08-06",
        "name_score": 1,
        "coordinate_score": 1,
        "classification_score": 1.0,
        "contact_score": 0.5,
        "image_score": 0.3,
        "completeness_score": 0.45,
        "overall_quality_score": 0.76,
        "data_completeness_percent": 45,
        "missing_fields": [
          "district",
          "website",
          "cuisine",
          "opening_hours",
          "license",
          "image"
        ],
        "match_status": "new_feature",
        "coordinate_review_status": "valid",
        "coordinate_change_reason": null,
        "original_coordinates": [
          13.183296,
          32.889619
        ],
        "legacy_ids": [],
        "alias_ids": [],
        "source_records": [],
        "source_files": [],
        "merged_from_ids": [],
        "related_feature_ids": [],
        "relationship_types": [],
        "canonical_id": "LY-FNB-RES-TRI-00073",
        "merge_status": "not_merged",
        "merge_confidence": null,
        "merge_date": null,
        "merge_method": null,
        "merge_notes": null,
        "publication_status": "internal_ready",
        "publication_status_reason": "No blocking review; quality limitations remain disclosed",
        "publication_status_date": "2026-08-06",
        "publication_status_method": "phase_2_rules_v1",
        "operational_status_code": "unknown",
        "operational_status_ar": "غير محدد",
        "weighted_completeness_score": 75.0,
        "critical_fields_completeness": 100.0,
        "supplementary_fields_completeness": 50.0,
        "completeness_method_version": "phase_2_weighted_v1"
      },
      "geometry": {
        "type": "Point",
        "coordinates": [
          13.183296,
          32.889619
        ]
      }
    },
    {
      "type": "Feature",
      "id": "LY-FNB-RES-TRI-00074",
      "properties": {
        "id": "LY-FNB-RES-TRI-00074",
        "name_ar": "مطعم بيت جدي للخدمات التمونية ، طرابلس ، ليبيا",
        "name_en": null,
        "name_normalized_ar": "مطعمبيتجديللخدماتالتمونيه،طرابلس،ليبيا",
        "translation_status": "pending_review",
        "category": "الطعام والشراب",
        "subcategory_ar": "مطعم شعبي أو تقليدي",
        "subcategory_en": "Traditional restaurant",
        "facility_type_code": "traditional_restaurant",
        "municipality_ar": "طرابلس",
        "municipality_en": "Tripoli",
        "city_ar": "طرابلس",
        "city_en": "Tripoli",
        "district_ar": null,
        "district_en": null,
        "address_ar": "زاوية الدهماني",
        "address_en": null,
        "longitude": 13.211537,
        "latitude": 32.894756,
        "source": "Tripoli restaurants team KML",
        "source_kml": "data/incoming/tripoli-restaurants.kml",
        "source_record_index": 74,
        "description_ar": "للأكل الليبي الشعبي",
        "description_en": null,
        "phone": "091-1249291",
        "email": null,
        "website": null,
        "cuisine_type_ar": null,
        "cuisine_type_en": null,
        "price_level": null,
        "opening_hours": null,
        "status": "active",
        "license_status": null,
        "data_quality_status": "medium",
        "data_review_status": "integrated",
        "source_image_url": "https://mymaps.usercontent.google.com/hostedimage/m/*/3AAjQbR70rgUTOB9u9MJ1lEF1Em3cYbtPo_ttpyrwZch8Tb5qOjVhqPkme-d7KTu1QIv4W8BaZcOV6CBG6NsONbScaGSFcziivXY_CigKYM1MIecrKMzPS32CF9qTrhw6ep5IjTg9pB322OcorqR1Aj8lOeE4cecFZvfqhylQCBBG8ma8VerwdosAcmmSDO9icQ-rJUrw6Sp-N-pDdg3AB1Y0PL2lMYW-wnH5x2pFj_yRhskG60XqtMsXHeR_UU4?authuser=2&fife=s16383",
        "source_image_provider": "google_mymaps",
        "source_image_status": "temporary_source_reference",
        "local_images": [],
        "image_count": 0,
        "created_at": "2026-08-06",
        "updated_at": "2026-08-06",
        "name_score": 1,
        "coordinate_score": 1,
        "classification_score": 1.0,
        "contact_score": 0.5,
        "image_score": 0.3,
        "completeness_score": 0.45,
        "overall_quality_score": 0.76,
        "data_completeness_percent": 45,
        "missing_fields": [
          "district",
          "website",
          "cuisine",
          "opening_hours",
          "license",
          "image"
        ],
        "match_status": "new_feature",
        "coordinate_review_status": "valid",
        "coordinate_change_reason": null,
        "original_coordinates": [
          13.211537,
          32.894756
        ],
        "legacy_ids": [],
        "alias_ids": [],
        "source_records": [],
        "source_files": [],
        "merged_from_ids": [],
        "related_feature_ids": [],
        "relationship_types": [],
        "canonical_id": "LY-FNB-RES-TRI-00074",
        "merge_status": "not_merged",
        "merge_confidence": null,
        "merge_date": null,
        "merge_method": null,
        "merge_notes": null,
        "publication_status": "internal_ready",
        "publication_status_reason": "No blocking review; quality limitations remain disclosed",
        "publication_status_date": "2026-08-06",
        "publication_status_method": "phase_2_rules_v1",
        "operational_status_code": "unknown",
        "operational_status_ar": "غير محدد",
        "weighted_completeness_score": 75.0,
        "critical_fields_completeness": 100.0,
        "supplementary_fields_completeness": 50.0,
        "completeness_method_version": "phase_2_weighted_v1"
      },
      "geometry": {
        "type": "Point",
        "coordinates": [
          13.211537,
          32.894756
        ]
      }
    },
    {
      "type": "Feature",
      "id": "LY-FNB-RES-TRI-00075",
      "properties": {
        "id": "LY-FNB-RES-TRI-00075",
        "name_ar": "شيزي زياد فرع زناتة",
        "name_en": null,
        "name_normalized_ar": "شيزيزيادفرعزناته",
        "translation_status": "pending_review",
        "category": "الطعام والشراب",
        "subcategory_ar": "تحتاج مراجعة",
        "subcategory_en": "Review required",
        "facility_type_code": "review_required",
        "municipality_ar": "طرابلس",
        "municipality_en": "Tripoli",
        "city_ar": "طرابلس",
        "city_en": "Tripoli",
        "district_ar": null,
        "district_en": null,
        "address_ar": "طرابلس زناتة",
        "address_en": null,
        "longitude": 13.229538,
        "latitude": 32.868994,
        "source": "Tripoli restaurants team KML",
        "source_kml": "data/incoming/tripoli-restaurants.kml",
        "source_record_index": 75,
        "description_ar": "النوع: العنوان: طرابلس زناتة الهاتف: 091-4565647",
        "description_en": null,
        "phone": "091-4565647",
        "email": null,
        "website": null,
        "cuisine_type_ar": null,
        "cuisine_type_en": null,
        "price_level": null,
        "opening_hours": null,
        "status": "active",
        "license_status": null,
        "data_quality_status": "low",
        "data_review_status": "review_required",
        "source_image_url": "https://mymaps.usercontent.google.com/hostedimage/m/*/3AAjQbR7uFZVKv2BHFKVHxBItpr81Ah_PK3muYekP8b2JjVUn3XgKW6B6lYoyFiTDDBDE53HqtGDZlNWlxDiA91pE9bxTy65qvzu5nHYQJFsHJ4D8fD98qcd2wFPV0F3bkRojJ375RyTqo6IgMDc8wSA7FDpn3xsUpTc_vAFpM4VR4i_BBV3mR7W8PkKXEkVsT0LSFwLQq9DWVo5-63BwWKxZMC1dswL45oixwZ30F7VQuR-3G8WcKDGxTfsujjI?authuser=2&fife=s16383",
        "source_image_provider": "google_mymaps",
        "source_image_status": "temporary_source_reference",
        "local_images": [],
        "image_count": 0,
        "created_at": "2026-08-06",
        "updated_at": "2026-08-06",
        "name_score": 1,
        "coordinate_score": 1,
        "classification_score": 0.3,
        "contact_score": 0.5,
        "image_score": 0.3,
        "completeness_score": 0.36,
        "overall_quality_score": 0.62,
        "data_completeness_percent": 36,
        "missing_fields": [
          "classification",
          "district",
          "website",
          "cuisine",
          "opening_hours",
          "license",
          "image"
        ],
        "match_status": "new_feature",
        "coordinate_review_status": "valid",
        "coordinate_change_reason": null,
        "original_coordinates": [
          13.229538,
          32.868994
        ],
        "legacy_ids": [],
        "alias_ids": [],
        "source_records": [],
        "source_files": [],
        "merged_from_ids": [],
        "related_feature_ids": [],
        "relationship_types": [],
        "canonical_id": "LY-FNB-RES-TRI-00075",
        "merge_status": "not_merged",
        "merge_confidence": null,
        "merge_date": null,
        "merge_method": null,
        "merge_notes": null,
        "review_reason_codes": [
          "classification_review",
          "license_review"
        ],
        "review_priority": "P2",
        "review_owner_required": "وزارة السياحة أو البلدية أو الجهة المالكة حسب الاختصاص",
        "review_action_required": "institutional verification of flagged fields",
        "review_status": "open",
        "temporary_name_status": "not_temporary",
        "temporary_name_reason": null,
        "official_name_required": false,
        "publication_status": "internal_only",
        "publication_status_reason": "Open review item",
        "publication_status_date": "2026-08-06",
        "publication_status_method": "phase_2_rules_v1",
        "operational_status_code": "unknown",
        "operational_status_ar": "غير محدد",
        "weighted_completeness_score": 75.0,
        "critical_fields_completeness": 100.0,
        "supplementary_fields_completeness": 50.0,
        "completeness_method_version": "phase_2_weighted_v1"
      },
      "geometry": {
        "type": "Point",
        "coordinates": [
          13.229538,
          32.868994
        ]
      }
    }
  ]
}
