source_index,source_name,normalized_name,longitude,latitude,geometry_status,description_status,image_url,image_status,style_url,folder,duplicate_name_status,duplicate_coordinate_status,notes
1,قرية إدوس السياحية,قريهادوسالسياحيه,11.998442,32.990086,valid_point,available,https://lh3.googleusercontent.com/umsh/AN6v0v79otrI8wogou41UpolbKZYhIMrcra41rXBnEyRFA14bsNybzxcSZvcUl0MQHW4jWwceoAkaudO-v9bS4E75awxnrzscEbbA69Y-OcqWy6A62KLMWgxOGaipDZU8swZCTQ37w-P17VZztdiAzN0QasIxGdpyvriSIFX_qpxzJVL6DZR2yBFvRT-uVP-Oj7QbrZH2iykbbp8_sO4ng5mJ5K6ZvSfpiw2vyGvWpWujwX4_1nPtaoflgqef_wO7WHFkGTTRAR7Ql-moS1XwbfAsmHDQ-r0AvB3Gb8kE85yWUjWGDkWUUf2OEQyuvjWOCibtbrcc8JxprC1nP61Rj7I_rmz2rELCb2wTHAL_0xXH12HpQjs-WyoFV7cMBMXpdrMITO6QP04i6Pokz1O3IYgs3IRLkyoE-MAbc3vB12b3QsR5kTfXhR7HtbSVSvu8ae07czlQbmpkao_ddVrbT9m32ulaj70MMWO8zqEzJPK3Q8ckLU4xDjsGR-WDhFeb01613MImfMXs0UJVDpnlB-u3BUdkEnXHfhNBKBMMp6n1IpVoKQLEB7q6i_l3k4a0QDlV1w68I5oaX3oik7nm71t-GRvFeCmtbjF2UYjh_snTomqFfW7eFJ7-Fj0ivo-UuJqs7aNGOzXnxubkSNkYTr8Vcg0SVED0YWyIpjeFLCkkuMOlWYIl2UqE68lY2Ii63N7UHMDIeDSrgLA_yOVoT_md15KQ0seeA,temporary_google_url,icon-1387,القرى_والمنتجعات_السياحية_بليبيا,unique,unique,exact_match
2,قرية مرمرة السياحية,قريهمرمرهالسياحيه,12.00665,32.98545,valid_point,available,https://lh3.googleusercontent.com/umsh/AN6v0v51UilCPcoW9IZtgxr5BVC6UWdiQGhqeBV1T_K8lrTgCWqB4cRz_Ek0vWoC3GZfzOehIgA0u0NIA7vURVuHgn4Yt3aP3ZB92FkOuQvXfkh2KtcywfUKHBiHquY4_2dKHhkkI0I-mBht_KQ9Jl3yCp9fYo7XT87npUO_lpt_x0H2WnmpvpJlBzIu5Wl6yXTPYNMP01mjx0_a0REQzzxiy5cBsRk9pAqEkudAqehr_uEBGeK7vAe76LITD5kozwHTJzjX-Dh0r1VyJOTX5fkfdtOUsD5tHPmh9vLARMTVHYJexKN0piKQR2dbnhNWW8ogkw2FQxvVbZx1CZL_HNWrWB9bOr6D7LoFPG6O3Bog9W4AwKMmW3k-FTFS8uREazpN0vNCB7dj66EqHK6_ZyOIP50duaA01Y8JztsfBBFGv9Ki3FvXwOZUduowZ03caHMpboImyNMJHiFmCiJkKAOvRbo4TRJik-uM3ZgRbG-cIK4AD5xk6WX3AjI020rOOi9UX7dUZqlntdo9s50lIQ39dltgka6ENTbmN_EnQx_5LVH4LWu-FQhvEqQ0Zy4yOpI97ng01joGZi2MYr5Wwqbd_MJF1EblvP7PjhtQIVvI2eqglmHt9oLU3RgQzvBc1_ABeqm0aAzHrU-zYXa0EMk3ZMDKZkFpsgbwSwHF1eEU5BVF5E6DNl3Lb8ZAJJ3N8eLCepc-BUHeh0UhLe2j9oDvAnQ6p9o4sQ,temporary_google_url,icon-1387,القرى_والمنتجعات_السياحية_بليبيا,unique,unique,exact_match
3,قرية فيرونا السياحية,قريهفيروناالسياحيه,12.0169581,32.979411,valid_point,available,https://lh3.googleusercontent.com/umsh/AN6v0v5G1H3qmRfNSLOwtJqU7uEXpM_I5DBP0sfon7wMtMGcQYTLoLxNdG0KicMt8ZQgNtShJ2yMPnOIA57AmZW5Oq7d8QvyFTfADqEbki8Y6irsTpe8TVWRIHYehEId717voaKiIormkx-lqEvvYMPt-OpLwYfeQR8CS1UaEVDi5HJRQcW623haaWZFAjGCi56MDEB9lqaJqAnBTLK2W7V7kKMrMl4f2nLOB0_LU_btVCdUx8Hr_sSJACpmHg6TrLMQtI_xUDv4Tz5Mc9oopO97EiohMumvVHGkvMhbJXBuDuz4DjSok5xS4O2zdH3r9_verTKRvA_4pgsmLqGbYPWH-qTlwu8a-MkryVb3qm654ecJYEHhzxmbFhpWBnEFeN630VRWKrpnpBOi6-kwHmCbyw52Pl9kFhz1zm150lmkDLLWJUsuPprBigB0MpoQr0fxXYnD4SkOkQQqP67RCd79ZNgXTDD2FNGYK98XUDpQYCBYnLZfGahn1bT3iR3eLdCwmQuNhSzuHUQt_4pd1-xuHmkLaPNqzJnBEfNn2Oah4vZ3qRCTxilZGT_5D-WBDpXyfL1yJX3UeNxP-k1TqK12lLqviOMneXP6bklUF8fLX7tUgV4AwiX5joZAJR2b3W41-eavpAENLDiXiRBvZ54RTaqFQBMO5jlZbwPgtCK760T5HhKNfCgBi8HF6ov9_PlSAq3zDkIMc_eMHuOeuyU3BGIntEgDTw,temporary_google_url,icon-1387,القرى_والمنتجعات_السياحية_بليبيا,unique,unique,new_feature
4,قرية البرتقالة,قريهالبرتقاله,12.0251506,32.975314,valid_point,available,https://lh3.googleusercontent.com/umsh/AN6v0v6i1rDOzFuDiPSC8q1lx7qx7-TaDXbc08-s0_byimg9eof1KaLqQhbe1SY6COHjLjojkDIjKLx7U3wfhY_BhWU7Xx3YuNdsb8shBIddhW86k3X1kvoRxUSg9MKLSA4ZwS5L0UPV0v92mOeumqqR68HR6UR5_dvUL6HEFVCyQNDMfQAE2nwUt6UzhpIJWsqu7RvcnoZQ6YFfuCPwcGqMTPdx2Zlt4dqU-rOokMGU_Y_UerKWUjK0BWMzEjOOvEuNRJU5Qypqyly2xlf2UimeLbpTK-EtgFgCCvSlTgn5rGlB01alDhIfbFtuxQIN9aduOO-76YpCv58uH7SaKYtu98hbHrWg6_xJIhn1cNw6zmMGJJ9ssmwAL2VF5z66v7PByY4AhIEuuRFrMdoOwqFpQkpx0bHcT4b6AJOJlGfQT4nw-Mp1mb610NAuqwCj4Edd2EH_zKaSH9QpVlOe7RE5wpKi4KYWC2Ko9Cs00DTmaSeQ45YAujh6fnYeXEcfW7DUfGAB4aaSU5NHZZsCm-L9pVebZyvgLcom31nYMJKFOALkvHlYTXuNkRt7RGIghhzGRqHNhOXD25aw_i2FbaTTN6MxwbWotv9ffNRa6_BOsAJb9sKoHQ1GA_cTm5A0d2K8Yr9dCLBJl-fDWCv7JnxMLLLj035kBOMVTrTNvDbnPul3U9CyZYQF3dLZNy4zDR872oKM9MHwQjF1mt2blHWjKIlghk5V,temporary_google_url,icon-1387,القرى_والمنتجعات_السياحية_بليبيا,unique,unique,new_feature
5,قرية شط النخيل زوارة,قريهشطالنخيلزواره,12.048679,32.955312,valid_point,available,https://lh3.googleusercontent.com/umsh/AN6v0v4rslqUfQSkUinyXMC3CZypdR1JTMmxe7BcLjgo29PA9-hud0mP6s5pKL5gjIYKth80fwt2mmlJsWSBfQ9OvB_QPPi9ktGCbNPdZJqm6uE8kV1bQyAPcv4vspC-u5hSZuOSknETMuVhHMPueMe_hWEyPFFNk03czy4uqbr7yIudZPDli4JWxuhd3w5Q--ZnWYUzs9pnyA8BMt7rEWC_14pMPuiRPDeZ_0fLnYbfLu3qDNF5O9gnmx66cgAYPKAKOjQOv4aWNq9wQUrlaqYRX6kyjWI9Ipwljbk6BMFD8U2m8coBvB3oR3Daak-0t0C0QpizFtTTIVh1WoD_aHVyK5pWguId5uclAmx6IFymmaSoa4ftQJAYeY8YgEvGvE1yAJUqlLUEKd6ekus0LOQjFFuIXseHFU08GRKprMT30aa5Z5uWNXaii0w0DOG3lFvmvLraxt-voajD1ufL9rav0BgYrvHCNHq3ULRYKHrLfwSu7p9UYy5KqvpmK_3Pih3BQYgUia15nF_WEmQiCofjdm-HQEEDd6DIXzyr1SqTlwPFIx1tSW5zDa8O2qPhAU_5zU254GFwFwUscqaLhMW4y3vQIkqIfTAxlUa8I5dDjs_6YkDA5lQweGoLIJ3b8cTuNe1CNkL4ISzkkF-Y7AuD_03FdwRYLaZAUZp5kraT45KSh0u6rFzvhZAplQUsVoc4UAJtNoePgSzahCvZmdO7Lp8NRwfMxA,temporary_google_url,icon-1387,القرى_والمنتجعات_السياحية_بليبيا,unique,unique,exact_match
6,قرية أوليڤيا السياحية - زوارة,قريهاوليڤياالسياحيهزواره,12.0239487,32.9763911,valid_point,available,https://lh3.googleusercontent.com/umsh/AN6v0v4fNOpzOMGntxGcq4SuSwzJts_OZjweSdjaEqWJFRZXox0C9_1wsoaowFpfM3v2tXZ9kcpn6f2A1ScOjmshuG_iKrPNVjpFSD9-vsg_uDvbjhKiPjHNJns6ZRtJaBYK80mNzLgq2VAeVbeR2RxXcC3wjHC-PoLgcQSJt25PW_ioZOmvoW8N9BncQs0fLQZPcCwkx_vm2yHyFejgayZOkfY09etLWCjQdGRYO0sijkuag-SC7hJI5t_CpIxijDbFsRWhp26xMo85k5vCWYkJM2F6LNNs-ZhnSuHyscB6VzAx4x3xBD-cuO4UfKKgd-Ll376PDeO10WQEYLKrvgBWahU8yR3hF9-SQV2GEdzm2deoOlHZxvj1jsHcDB0cm0FeO85TeaWHWFxc0Mka5TNzd9nw02WBU9LAmlhvt7D38LFfcumRx7lZvqZE6bSpDNt_tm-Jjiy75TLKz3ypMaiVBpw2W3fQ0c1CT2sTRallrRlVSMywhS2xurDOEnMtk0BsnIeVQrum_x21P1dxY9BzrtoxzWJbE8KmCNFiTzjtepqQYey-Koei07HUOWPsBgs3ojPwgegE1CYAtrrlziXIy_5k4YhKWZrlCMrLe-tCvaTUQrHvHY06oMtM7R9UJ54QHCnP_PsU3tRHxw-ebd_fmbl4pg8FiYdVvBRWZ5cvJPGYMx5o-5uYSKSyDeFkUZeGQHVpa7a3_qZ-g92uyFWHGfDPUonQXA,temporary_google_url,icon-1387,القرى_والمنتجعات_السياحية_بليبيا,unique,unique,new_feature
7,منتجع تايتانيك,منتجعتايتانيك,12.0565,32.95211,valid_point,available,https://lh3.googleusercontent.com/umsh/AN6v0v4hz-8YaSiOIWRYssjkhhr6fTx1IGgBynAQAA6CVQerRXEJpi_mhqP8gEelJu5hhnWvW6AkrAbC8L08Ndn_KW6N7Avar3MwgbCxP1onRnSY5adgQBm275g8G6_x2UJJ7E1IBOY08DHc5_diiWbzXFzCEua2IV7bawo0VCjLH2FV-vyVgow1tv50CT7VPim8_NO05fEU4GDRmjQU6m2EvftamYnZ7jYUGGVFo2wnf-kgWqGnpKp5mW4KdrbZYoBxfyNuxRxYZBQ1m0vmWcViuQ4KOV0l6fOv0Uq7ySvMeUwMg-Hu0hmpceD3r9xlKgn-tpiKMHsehtLkFfGI8UDzOo_pkoBmmIdvhqgUN7aFSrZDvJ1lofIMx_bVzjIZYITSi0LZuf-XBIykTID-v4fkqV6AqukKT_CyKsc3XjTxbm2IQ3sb4qHiGDOl8aAIOhnmLNx6tRGycJCCTx_mQCf3Dm0vvdQCJTIx5pAPMYBcGExgpflPwwEIQcsE0Keif10_Vo-LO7KHrAt_AkfDV2svSSIzoHV2ZUjoJb9f4_T9vxTFiFLje-UTU3CGjKu8HL8vhQ78GlaHrLVRL8BRJImH3kH37sTqP_YFhVmcY_iS3bDOsYxMHWHQMIK4x-QEopSchM0Dua7PLcSTwKfFBvyBvtEuL0BQ40NfAZ3rCaxagPcjltptFykZcb4xXNHTSo7gr2kown9IcRJbGGU5GNhHieW0m6S3ug,temporary_google_url,icon-1387,القرى_والمنتجعات_السياحية_بليبيا,unique,unique,exact_match
8,إقامة تولين السياحية,اقامهتولينالسياحيه,12.021124,32.978893,valid_point,available,https://lh3.googleusercontent.com/umsh/AN6v0v48tpp37V5CLFZecXapc7bmNRFjEN_Vsd0Twig9TqcQoAiAMRBzvqAZR6Y-e4pT4azDm37gdDZx4jYrug_6bsI3NyF1Eyu7sDuJLLzYqm6jGXXnqTfc0NNRlKa05vYr99uTyf2OjSQf8NrCTTvMpIM7Hx4SJ7L5k98gN8i61zixDaDxBhbs9zjqLlZT94NUaysyCu5SRZLrkyTy-msp0_8-Z7PoFfvX_OmWMOodlOzfu23uhf8jVGQCUMS2O7vOzAfTSL3mBH1IlhpNe75A-40Xd_IL39EgshgDDZr8_NNbfgYMi7A1yWpXSqLiNOnYycZvaSIR7bhbd0-vT8esMNh4U5uxNtSH20OJBZWyA6jXQvn9-PHlgCMQiHfVubD8wM_e6vekFKctGLTi8dTDwCFI2bAKNoaYTaBw42jZj3e6bNGnMYwhQGhoK8NyAaj2bCSy8mY45veNxeN-arz1Dp4VBAJeVF5ZImNQOj_kH4oaUQddbAj2w1AEg3pumkp9_QUfshISGc8z39asHHKfOyhVJP05F0kieCK9NHtSr4vaaeekaAUrGHy6LQgpL7puvjVFmFGd_eY_a7F0_wUBe6IdySaqPlVby4tTZtpxZpCU47NW7mCkMhLGVoE1oHybJEBZ1dX55_2VdArdmccNrW40GLxRgqYrr3REXZzu6SGeYKVUOp8tpU3_nVuLhG6iHe98kKLRwzTdfp6JXZFxqqLfFdX6,temporary_google_url,icon-1387,القرى_والمنتجعات_السياحية_بليبيا,unique,unique,exact_match
9,VILLA HAYA,villahaya,12.06513,32.94623,valid_point,available,https://lh3.googleusercontent.com/umsh/AN6v0v6Q-Z9rsqqUIT-IsFuGMhmae1Eb5ooWVCYVIPACoPubKA07e5Wx-I1o9-gw9FYg3LFNg1RYriNj0g4jwV76516Vtz8vUm-Fs3E95qriImllxHewo9Q_aP3d3ZSjgPG2NdmpspXNcuf9Uztc5myuipe093J2MqLIhL5-cKma4w9zf5-mA3b6AVwyQdyn6Et_LTCvZm6-D2waYfA-2BoAAPGJhoyuHd_pKcU5JZc5-jSp-sw2Cln3ulnjpFM5MQZ6K1Ly8WFabz20KKDNSg1KlRN-xllFOU8w85rSxmTpnWxqWAWGssTVSJDZYXHjgUdB9N7_Ogw_mMgdcSR8mcZUEWSH1DQr-H6GBQDGb1y5aUWQj02YLqNMlta4GwmIBdRi3X9sGjlQQDSrhdIPT8sRrqdNr7TH3euXUPoJUGoAnW0-uasZg1mOdbyaPvarc662-kYT_Kyi6M5dr1XPpyo7y6h0w7BUhu4P_NuVbXpLfLqe7krzJb8rGOS6dPrMR0lSdG5sCsrmhbFqb6yOmlB1Ajvbl-GfgIPd-8wgkLeoJoI2fyUUr6xf-zYENHs27apa38g_8x-LiwCR_-8jMEIUMXEtR7F6dnR29BglUDFH35VB0Od-_MZylfh7AfkxQdEdK3CDaGqSNng_jl7NkqjuZyAsGc6oKa3ELUVgIy1eXtf7cVqbuX0CubnXjgWMKMuKXuWCxNjHLedM25GRJVxeXvEJH1WAKw,temporary_google_url,icon-1387,القرى_والمنتجعات_السياحية_بليبيا,unique,unique,exact_match
10,منتجع زين السياحي,منتجعزينالسياحي,12.041876,32.961648,valid_point,available,,no_image,icon-1387,القرى_والمنتجعات_السياحية_بليبيا,unique,unique,exact_match
11,قرية تيبودا السياحيه,قريهتيبوداالسياحيه,12.05311,32.9545,valid_point,available,https://lh3.googleusercontent.com/umsh/AN6v0v5IiaRsuyJLbSqmAlQHg7oyuU9I61qxc8BlZzV5h5wB2xqy_5vhFO5KsApwMmIZvoCWqTMkkdvCMMgNBTOUGrZkPE_PYe-FKyPbqk7Y6VY3GRikTrVI_6Trcnd1kAAcRBxfbwfaxk1Eoc75Mk64bNeAmqMJpHBVEzta-Ay1AdnkisTxdeCHLfgD_3goTLhenspa7wal1JtT7XFzAHElvlZosoT3hvNzsoC43G4CSc1x84iIRtfENySbzx6i_F4Vlp3s2ms6aiv6z5aFo8t2jaXPJpilflZn69_O_LoPMbTeHUGcCC2HfDfgwgnB0IHin8EKwtUa0xjmBEDWNySdz-q8p7NxZ2whjElb5ojLORgR_QWaRWbGGo2CcwGMHO3vqNoCB8K_dcxEbGY0zW8BZogKK4tYStSE40JyIZ2JFVzuSRmqwIXpor7vyo_eR3mUoTSSi190jH73CHiL1KEJrOcO0rGg9PC7oNwdSKqj-luXVzueKqWYd8A2FneV-aqMaWvAaDs12rHIuWKBnzzlt7UPGPSu6Vud8gsoanOCiN_iVbm6E09gR9oTuTwZO30sEa9I2Frsl1Pxguu0avw2pvZn-jJyKfq1eWniTeRKqwZNJPAzwcZYIkJOenHMYbYy6nmKdJRzTMaPiNf1x9cigG2Yu8c47pzJ3Y1NeYfPbWHFF5qXIZ6LtVHLPJTrcmohZGKeJfUNIOE-iYWglHPBT5Bs8KSrmg,temporary_google_url,icon-1387,القرى_والمنتجعات_السياحية_بليبيا,unique,unique,exact_match
12,منتجع سيتي بارك زوارة,منتجعسيتيباركزواره,12.10216,32.93167,valid_point,available,https://lh3.googleusercontent.com/umsh/AN6v0v6eM0kFnZWmcPotQUy9OAq6v7zNOaVNGzxCKQbQje0fiT61W_oEAU0Pqa7y1OVjvPJzuHxQOmn8LSBrBgrx4aowm-_T--7-JhPNsP-eGfSjtCD1m5OF3aTkJ5iXh5qLlHRgTDUlw0F9bmrBC9KIcpkT9NYActAKvDHQdiVKyElmHrfzTjDMNC_7VeJ5LBiDxikGtndAqwTa0hZa_7xVPiR1t-2m74snyoxSe73uX9PxnGtWQfqX34uV-iwy3Zwwj9w9ddncymMf3JgoxlamLrhz2covznmPcCO6M0IwJA-w-exWoHcWTgANeujSLQrm6_mCq16WrrQzWkv1eZcX1g_87eVDBGHLH97_KDaWsAZDUBNlo03RkCna8QdhaMMHSym9B5XJmT8cVUeb6mTbtcD_GIcGA9DLuvPu9RhUxOiv8-FdSLRHgpP5s1pV2uGbwXUUAd8E_coNaG1aWx1jHAbJ9-WYbZTrnl4DwvvqMahrlOZ5YqAkPxFppIBKUEFVKNwHQZVzxaQMIitfqe3AF5MhKpMkFpYbmLpyOC22zt500NZZuI39OYqpsyOFP_yQcZ8QZusQ24_OBzMz2YDiTCtwzaYSCuEQdPBKCOKLd4vmz3vTojj3x4ZmzwfpY4FRul7HxDZonev7uaK_5nYWijvcsOCjzIDFW3hEVVdEAe8mdflXXeWdghzyxVXcahH2xGqw6gGgtHO6zEdKyr7USrZqcQegVA,temporary_google_url,icon-1387,القرى_والمنتجعات_السياحية_بليبيا,unique,unique,exact_match
13,قرية جوهرة صبراتة السياحية,قريهجوهرهصبراتهالسياحيه,12.45843,32.8107,valid_point,available,https://lh3.googleusercontent.com/umsh/AN6v0v7S4EW3QoD9aOkUafKOt-aIfISVdn9azNyEZDUb_YA2mRm8wmTKr25XZy5DPIKJuTzVZc20yjzek9XHuufnMIkM3L-FEQjqYjIlNsUblyykckaHvs7MnXqYf7p6vKICuLCu35M5znyie1U5PQ3WiHdCVKQPGoetsAue68PcFat6_yo4G2GTikzOZhZ6CBBpKgy_Zxreo0Po-DozrrTfYre4KgO7KhKHywcW-7lbVAkKr4fYO0cw8y5loIbLoVAmxgid4bjs-432IEVQRGFiQ_AEGKiMCP0PA04OQudpOL06Zrb2gyDvJnzu6bew6BssuAlwR7XgkVzZMbUaJ6QJhOwDIGy8F942-3uCiVEJLAHScwhRjTsem4MT9lg5kjVlW-C7Bz8ND579WWs8b6Yvq_EqmJzU_cQjaRfWspAOTpEMYTwc5SkFSlbA3ebSU7K0mhXz-EJ4KXmb2tRsHwWAFn3vVPPFH3wWbsvQjeFDlM9X8pE8Fi-tt9baqLNE_TYwzLKFsRh2e1NNdejujckTpMreyfS1XsT4jJ8AAtwy___Pv7dqhkxm8TIhD_9-JUlDxJBicw6yG5i5Ck_h_Abebdyna3tK2YXUqOEo49C-M_xbhUZ7OUJCb0eoF1-6522zw9sEYzFCrJACiffImAQog9uWFjHXf_jOzbGNPiakqKTN4YF7P-KJA_VssUf7fDx-5MIhqsYiDNrb9T7y2gU7s13BD3LvEw,temporary_google_url,icon-1387,القرى_والمنتجعات_السياحية_بليبيا,unique,unique,exact_match
14,قرية المغرب العربي صبراتة,قريهالمغربالعربيصبراته,12.328594,32.825957,valid_point,available,https://lh3.googleusercontent.com/umsh/AN6v0v6y8CGpvqp5GP_yb3bW0ZEDdnigycTbfPdmW3P5OrvDDyvPzlBRqBwC6Q3_Ld4M2wTtzO82JLiJxApYAgBwwMA946OheZHavvNzz582Cs-PefLluQFPOzgyPXArJMo2r0XO9CWlJo4N-DPJil4zbELvCUNrTtbD9qyg35Zl4ROCPQvoypMo6BHJQlNqPlhEXNNjMOEXu7xPvv-0hrW_CqqmfQu14YluI1zj1JnNf-52HDuEzMIeZlwzRdc9PE8BnVh2mFyIMuKNdodiSTbcCPVYSjwxoes8UgAOWAnrmul_8sqXfQEkQvClffR1q0vjzhrwHelYHMHMazMFOSkj62W5ltkXte4FNXznN5HTmY8tBC-czPuU7NsMrvumtgqcWPZIdSuUACcu3aH_gu0ZUL_XH43ngRjyNL6tUQJNb-Hblnds1_wkhpFGl0Hn8JilZwUqihrSlP2-0gBvgLtlXxv2_3zssF4o1OdALoF-rhUghYKCCC10k6OmVNHDsScLs5MxJ2_dlW-F5HNnHRd4fteoAm7m6H1Aito93GxoqQ3DjYXfs6ggWFWTk5Wk0Az6S44guqHhfNqMYiGwb5C7Z8W6BKpeyclBcGdQ87Rh61pWZLjwSlsdVVRQHS2upcj_kcqTG82v2NgFkBPLv5CsLFRLBVKH4j4ex_Wvj_h_Jr4ezB2jIvCFBI5m5XIWoYmnc5KAacLJpPLskfNaJoDJs9gs0UuKew,temporary_google_url,icon-1387,القرى_والمنتجعات_السياحية_بليبيا,unique,unique,exact_match
15,مركب تليل السياحي_صبراتة,مركبتليلالسياحي_صبراته,12.37648,32.81694,valid_point,available,https://lh3.googleusercontent.com/umsh/AN6v0v4C9eBUefOjGIMqj_v1QPJsWZDVDOiFOx_AhWefEkUW0AZHVR2b3tCf3sSF4ZJ4muMjYDXSjcNFCzL9M0-3PXok-_IzGsZVv1cmuLkhcQ3wxrAXXArS4F0GsZkbvfVJ8MPu9FR_Z0GHGL4N2D9kLiSED5FwPiQCv8rrRga-sYM23ZBCUuUGJ3Es13CgJDLVjp-QCSIx1OOdD_6uXqz0TGRABJS-u4lhvST0N-23bjDRQ69PYRQVdnKnyQo5UEfSTkKVl2DrmB3UUhoyveeOzqsZZsH-PTlvp-HwCcWPeQzaV5JpPQzd9NZGELl_KgSbIrdWAGVVSxj3kzyHHCmq8IzXOGhUnUQL3enN1eTryEnC_yrk8WIV7srYpGvEHo6vSlkBh11lIDK7qiy0GBpaicqlQRgL4fw2pPgrIy_aJSs6EfEAIfJ2Drdkcww2KhhhwQ7aRa_9mX0k834xWnxvo7R7O0AXEmxrFEzoftDCV8nC6DJEip5OzJCg5VYLRYGWx_xQfyU1lHdZ7-cydXe0N_5sZH4RZdG4T0-ltoMQZcLAp84j3Ji-afa_BTV08UrAl2oxBlFTU6Q0qoesgUEKeRZe52K2cfv88mk3inWetYqmbQ9wXyGbGqFCvgBhelhu5glQZ-MIXKWmBgm3U-uLJehEDW-ByBDDd-5TsJBNCo9-ymwynWkq7zhKvivJyVn7wk1puOJ-rCVR-9bEe0PoVtmvf2p9Jg,temporary_google_url,icon-1387,القرى_والمنتجعات_السياحية_بليبيا,unique,unique,exact_match
16,القرية السياحية جنزور,القريهالسياحيهجنزور,13.00864,32.83712,valid_point,available,https://lh3.googleusercontent.com/umsh/AN6v0v7JC_pubVDXwl7n9Mf-qf-eQ1DUXOoKa6lMkNatZKgdobZ57fuxiyExEdtPI5BMHwRM7ax-e3sWrVOorC86NKsdGErAde9Z1d9B895fvbB_Bv5TRL9NtwlAV0ML0EwddC2Dg1Llex6M2dCq5P4Gnk21LQh_pZQ4wsZ6NaCNrW-gDRhTIRgb4fVjHVG4rpCJS_IT1Y5TiYPNcxwLX7Qu0R7vR2h1q7UyNOa0kuLiljixAn167zErJaKmM7LR497vWoMhSlqKaj1FmaXBrdzPAFPAhtXhvJG3ZOJSameKqHQPQWhzqtbs_J8ooLW4Uyrym04AQbeMcTOxhAfnTH2kL0P4p6FOoUpfLHbzKdSkWKpFLSef6TwjqUds_3kj407Uy6eiE9hli6HmTkkx6SBl4m0uo6Qdv8sTTryRcDuNq2WFlYsYRU_RtvpP6N-Upz45M40liSUMpRQlHrx7QLejKWw2gUU223FcylZXT5eb5A5IC3KFC8dulqCpvHMWBYUxK2SSiSgErrl6hZ4mluAsXvKQW8_4NmzUVk-QcG8Ph3LMPqmVdcYWfdPfAo8nqhKxvIOM4SrDtPAr5QAoAz0_Zx8ptSiE-uC_E97KtFsiBp7iBdesDR52YsX-apjeNFih_50OD_D09casUuz3kAVVqZdezcd-940302Tdfj0nSGwsIpqWRdFc5BLkmOc2tJu9J8EjtyI6dsaCjHd4Z2Q8xiswmrw37Q,temporary_google_url,icon-1387,القرى_والمنتجعات_السياحية_بليبيا,unique,unique,exact_match
17,قرية بالم سيتي/قرية النخيل السياحية طرابلس,قريهبالمسيتيقريهالنخيلالسياحيهطرابلس,13.041687,32.848441,valid_point,available,https://lh3.googleusercontent.com/umsh/AN6v0v43xgfn7KdqvB89CAJc4mBgFdndNESzwZk_WOkzL0Z-xjtweAyOXr2wEAykPuRIZFBq_oSbcsZKdwi1gL3lYkSrOXXHMoYMaGpBgVHAtX56_P-YH1QchBI8b_0alkwXPgujOa-pSybsRmVD9TrowgrhiOQ2wT3LWwCdA3YQg9PTxmMdL5Wo18D4mSI3DjFsbvPCnY2lesriWucXKVyRiPIwYvKEk7J5ZNJwMIftJqOMdcFh_-WGRZIYoBkJVhXFyoS5Q7HhbKh18TCCg1rl9NHjF9GzcjC9IYjO1IUVQKe59y70zOBgF716SyvbC51htt8cM39rUbbow2Yr6hpp_5CUJAHmdBlbhy991NRkOvadGS-W-nAoIvmQ5RjA4PgYd2x9-mpArdDJdfIMqaJWabQy3yDi8qCYtQICXH7vsSjRSwD0IC2bX_pRYGPoREPHGjNYO9Q9O4cfYZE0XfCmkt1HOs68mxci3yEfAXHx62oTF_fEvtDEV-6yPjxlfAtYmYcf7z57ubkOyq1qLiE4m3I1V3qKFxWsckTnuptToCqyQOE6ne1NqP3BEu5H2MqhUoQq4BZU9i6_CzlKOXHcCV0p6paDFI3Qnsv55t5arUY9C8VfzPtKMWf4_W5L_7wmz5c1AcAsiWQCVqDWuzBrAingxPyYJKgMeS9zHGKLmfLkQ91_-VsmhrXh8QarmGTWVyJRKMSNZ6WqDeDuecILChLkEyMXFQ,temporary_google_url,icon-1387,القرى_والمنتجعات_السياحية_بليبيا,unique,unique,exact_match
18,القرية السياحية الريقاتة,القريهالسياحيهالريقاته,13.05782,32.8521,valid_point,available,https://lh3.googleusercontent.com/umsh/AN6v0v4n6Pl6PNApephrsBYY8mDS6XwXoPb48ZLKnm7tnpdAwTS7l62Mia_g4SWjFMcO7n-Sza-d2yku9CqwswzWAS1ogOZ5WEzObdQiIAf5vWFr1q_tS7Ge3p--vJt-rSS-a_WqmKWZHzIDAHfh9E9ug8l-nn6_q5jUT5WdMbP6nvtd_iQdO9vQeobbg1uy-VTqeLoShWfoXTHPqpRVFtfbr1MmXUqyJ3-R41CtzjbrW7BlWKJvtVAWDY-rvGk4BQ6Uc_3uT7cJijRh154q9Xx4t2gXgakMA_aY1-YMuXjVSE_8hPI01VyqtgXoIAPMQ0LdSd9ZeXk3iPT6YwSoNAK6XoBfDagjJN5N3bxWkW6WVFlY1nm9v0WgFT-tC0AjJ4bhiMkm-9H0gosXZ_JcjkTw7eAH3PaNDZHaRxtIBe-l-Se0Xn1oJ5Oy_ku_iPFYGicaVqp5tlgRfUGlviu5ZhlQbspSdfjfYxfMF6iudJS26gLilBxBq8MycReKRgJ63RAW_H4Co_73gPC2eJYcfDZci4aPFrOQ7f5-WpCrUr4t1spPQoa0R5Be03koSEJ4nwEulFiV7IFBLFp4o0w3SF0ub4I5iCMTGvWIjjNQN6WbK0PKliCSv2okOQf0uPAtPG45HILwX3euLDmH-pj-4ZQOAeyiIBlIYqx309u7e3zroKbFtRyywyrs18-FTbZF6j3-j4SqmDUNEu9yXl6u97HjuoMSLHAF3w,temporary_google_url,icon-1387,القرى_والمنتجعات_السياحية_بليبيا,unique,unique,exact_match
19,مركب شيراتون - النقاط الأربعة,مركبشيراتونالنقاطالاربعه,13.146279,32.880963,valid_point,available,https://lh3.googleusercontent.com/umsh/AN6v0v64Dar0DqiisY7Z1rEZFvsO2Z1AbVxZV86uysB-MR3o1a7vQq7MIP6aHnKFrtMy-p5rBIGz0CZBrZGvWTt9q5cy4IricxA0sCUXCKK2BBaeTGfnJOtVisaqas8u4aAlGfuw8hU6tzE9msrBz6s24ZvxwF0Q5LO3DPoSPypKyP_xJ0eExYsbT-EouM9w914Cm8fK1XB8kGbB6vnUj05eWNGsDGEzp7OIOVOTM6leZhSdrKCUKPNEAJvK1gw1erU9GGY74YijCTePMvm9yKqeeMXqYxR9LJTrT7yVIuDBko06tKpiXMsgk5d4SSxkRMaGpgjhBN0swH3YKxoGAkOeHjRuRZJmw-5Q2ZrIzHVJAbpYBIa9SwRV7dcc8wnuhqqbgaRlxdaZurg_qdBEGWXWrZelZJsZV2-vrKUOH6sfLkqzrqcX4gs7lNi6INtJ-tqWd_mfsLOqs8zI85lX0xg_8rf0yOs5FS59ow3MZJDgYVPnh5eYiShc2ovtyUL4C_kMvMp6BeR3r_y5gpN9zk0GL1i_KtZBvveyllLbw-18IdKdjUzEudyMKiyMFocquoEAhveLL2p1mTJBFNJaHOYAhlKcdBpkFyF-RrZe1-QenaXqeAssWTbDEeYApQ9qiVwcQwms3zipiWPNnC2goFFFNkdeFGUnQ_3-pdoQADqmkOTixfwbO0JlbU7DaHmKINUyw5-HFTQP-p8YyNSISp4RZwGns3Hs8Q,temporary_google_url,icon-1387,القرى_والمنتجعات_السياحية_بليبيا,unique,unique,exact_match
20,القرية السياحية تاجوراء,القريهالسياحيهتاجوراء,13.42962,32.86297,valid_point,available,https://lh3.googleusercontent.com/umsh/AN6v0v7xiVxU9xmKboaX0t6zUPGtGKhUXnkeE1ea0LGriFny30gmuYZC43KcXw7jPoZaEN6dYklegJr-a7YhBAMb52zBQVk3YJHA9XVxPXVMM0caCEsk1uFBPe9MSfNJI4t-piIIyuRj_JgTbmKPGpONOnIFsNPUtcTqqLDjN7Vvqg9Zz7jPmJh_-Zsjg5PRanZagfgUG9oH_molodTkKWeb0NsAQ8RFXjB2iKHv-u_g0lLFAq1CAHlQSAhdkIeCYS9FIDeeLsCIeYWL_QwNKNL7_bOwz0wP_zNW1a2apRlPZ52AqOGm4m7_tCPu_9FnEZuWrBarHMxJ2sv4RoQKssu3Mc8F3tndX-BOtwFxGZo16slI7D5ritRTz8rlu9PBGypHkbvpTqJYT60MGSMyXOt2YLSLHgc5hL3FhcgmtitAz5SM-l4iDcMxZUG6aAC51iLgxGqvhtemCoJHR5Vcd4fEmsPlIUgzH8s7HIYvlSVEQL52f2HrFxYCk0AF4QZWGvHHVqrbJJRxlMjezwOEWzP1tzncWpIzzpU2JkW9SMoZdBpCyef9XXd5CYi0DMazakgnCVnisbNFE-w3oqB5XlIJ-xOCyURB5HCnKSFEo_rBfO8u47qgPnQtxx9cgQdYtgh6E2-48DbUZ4CR_2QT-wGCNYyFWA20NhIZQNcmaM2944oklP59Xc9H0taqUksQQL8pQF2i4KE-mNeqgDzboNiBVsBfS5H7cg,temporary_google_url,icon-1387,القرى_والمنتجعات_السياحية_بليبيا,unique,unique,exact_match
21,منتجع سمرلاند المائي,منتجعسمرلاندالمايي,13.582164,32.79624,valid_point,available,https://lh3.googleusercontent.com/umsh/AN6v0v6oFABJmeQJ27yFSb2qTk0iysN-dP_BjRm_vdmN_T95_dOF-qU48fcnJQFQ0hokPMAMLpWSoG7o1y75HEnYBNttwS__ew4eNgJtbAwqeXf31_93MD1NACEp5xJ3_yKWsBDFMweiLc-zRvtopqDvftAga8_c71aBamzISRRqHEoI0eJrvkOY1NRUd8k6BmgeSemF0Xg2dGFjd7DGdke8HT6_TI7kwTKDohxe223E6ozumyh8-oUmYH90lgNr4NePFeUdQSS0v9nBg_sUdVrTkcPP3SIQevgUzO99UfxnrAIb8m2joc4Tmexl1JwVAOl9y7vwBpXsqRRbyYUJDk369xc-frErU6qTdTerSPmPzgNQI9MifkZURjoCP3PRfFCm4eu60Fh4AvzZTzixibChABRHffL3cLyFS2KSmGnKWta09W44zYAjDIdkgNIB9A7ejduG-krT-VUX3tV2vv0NAAGB-B8j0ybglxlr-VspbGleBpKrTQzR7VCTYodsbs6q8OAZMmu95p39I4FFNfxpku03QXWjZmE9JajYzFrGbHA8FJJ0WrONfQTLStC1WGo0oX00bUX92zt3Ocjliu-COui0kUsBH5mBFec0AhIS42a6TvpI1uY9DleJgHENwOaswYt9nW9_PkvvP9U_NPFNo1pvIeWeCadc0gqABRwKhcwseuPVV87t9af_AuxptOpjbQcqBfqAP1TDfn60Q3abqSJEK0nY,temporary_google_url,icon-1387,القرى_والمنتجعات_السياحية_بليبيا,unique,unique,exact_match
22,مصيف قرية مارينا السياحية,مصيفقريهماريناالسياحيه,14.3535,32.595636,valid_point,available,https://lh3.googleusercontent.com/umsh/AN6v0v4WwIWUYJH1moZbUF5spcAwjiAnlOnDU9r0N686y36aIV7_LLYQHwu-N2I85wyHTVYLuQ1D1ukikFSPnBNY-kVO0B94YIluT5Nn8v-6X1jSyntwT1oV9JY7i4G5zAX46pAsupmUAhg_IIwguyUsg0JkBXSGRgAwjEDRqcGaCKcW8Muvtb5T3SAoql8Hiy4MIXKIvghN5Lztu6M1JynxKuQfur5ReJuZoEyO6rxm1Qh5H2Bf--irgDF_vpI4IeX_yxtfWIkg50JvPZ7cPj_ejo6ObFMl-eZgDBYZyJVEydUFZcm-WJAEJXAmaBwjRuSV1xFT3nKoLO7zD7YtvqP05f9KHKS_wOapLc1vYEWk-L48gPMPFW4gN7lIfgSy_N5fkkMfjNDz611FJR6qdzK5pmXBv_B4RlMZKRYIOvav9Ebmpcn3g1qtvwCVYLc1bwf89aKgyXiSWxZ-INzwOs1IixWyTfdOMyXorKfvc63CcXBeBBHMKRyhpMeqVFDil_kCi-EbLYYDi9ShI6R1KM8VkBvBd3oAMQ3Tu2uygSU16C8ObMkT0e-qiuUSnDPLFKWAmnQv6qbFrQgHvdO7ceVs2z0BJw1AOvW6mMel3WkWSvD-W-SLhx68js14a6XDJV7qlLi5YIxeoFssVK6xQnARmsz0fCBi7wx_1KjQwWe_cIx9sL785XGjYwrPS8XW2EtP62KDilXpWUvCbad8FCioXH4w1W5l4Q,temporary_google_url,icon-1387,القرى_والمنتجعات_السياحية_بليبيا,unique,unique,exact_match
23,قرية قصر سيلين العائلية,قريهقصرسيلينالعايليه,14.187187,32.704188,valid_point,available,https://lh3.googleusercontent.com/umsh/AN6v0v5TSDl9HMw-zVwvMgCxApKInI9IBQu5VZ9fh3lGZoc_v64WxjuaCCh8q4H9SNpphwhKugTa87mMtfAmCazhtZ8WrKZsmnlJ6XQSF9QE2-qw06FWLBcvNx2gG_bkYXq2ZEJpSrado27I7L_hkYaq1pSXw-PyWL5mrhhOEKgGoHwn_C_pW8hySilnGVT0V1TSHgppYLyDV3b6tx6B_i65oaPdx_UqleFfWxfxKlcAD7HdNbF1zGurNyfBdual9EdlENj5wyi1Sc_msFnTD40JkdYsw71FOG-5fK0SbYWpv065j5NIXzUX1_4ny-xP4AwDBleYZhxqkNDUAoGKI2V-adArZyHxIPzQ9N7wmM3fnA0z890s0AJOClvbkzqgRF_Zq9gPNkJKMQiwcwDg9_p_czSpnIQvYt-MPg7fHa21fyuhenq3zpx3y9aYQrDas5Ut3QrJA3K5znRv53JMo3OAXu3Nu2uPav4CGCwUXCliNdfyhCR1Q61AUIA01Hs3uglat7ti3X3GZsbT0AQnn7LXvVZalYJ4qXwBYg_CtYGpAxYnBZOSNoJP0IhCKdss6fyW6U8zunjzg3YDL-F92IBm1UDDk_3wSqfEax-luH99pQ1_1NGU77cdfDhRpM_EvWezfZ9fS2vitK5q6JNBuNhoDSQUVsc39JzphhTZ3iIziWLqi5kbCAfWIR5MTsE8LfvHAfVWKSWVJ9RugxjkeoJ8tW7H8z7C,temporary_google_url,icon-1387,القرى_والمنتجعات_السياحية_بليبيا,unique,unique,exact_match
24,قرية حدائق غنيمة,قريهحدايقغنيمه,14.058807,32.719882,valid_point,available,https://lh3.googleusercontent.com/umsh/AN6v0v4WdKzB-6_Dm99VhyFgPVDHsSMcNZjZazJuMWUHG5PPyK0q6vonTGcM23JcU87Vhdmnw7cEBGIluvhAL2hV5cN8VU0zxWTPFc-TWKaCFaKVTNLXQwRnpaI3EpAE82y6yLYxIMFn_EX9TZG26VbJAOOnGvJM4kcgOh2JR6mZgy4oP1dhm3LQxzQtuKQeV_yDOQ4nzp-XgNLnOLZBhWW8l857lRLGhsLqKKoQ3db7EtusLcEMpiKunLMB1mn3ExfIArACNTy_RerkODqm893190p3bnboaLgVSy7fnWCsiUGn-ogPez0GUAYTIySfXmQg1xgNP6IMApREI4C4tl2sWQU5AzbGxNUqFbFYdWqBqISByS4j74C75-QsZ4ND-xPRISvxL_3rYXyr_ypvD-hsBZ2Pa_7tYB4-v_qU48ulPl9fA3YmIS-zIjALPZlOsudwOXF4DRkz_Ftxj8GwFcpClJviENYMgpbWdkI0zktK-pQgz5rxMd9m66uCnxekrQOzvqYKSVW2InVmpmqkHiTazkln0Asy2q7-v7QrQZn1irj9KaOKN3ysrlIpv2G-BDBDzmrtCag3I458b0b12hnhAX_El0eA-BqBIr7LOpGgJ-WZJ7Jenrmq_4HLlhaD_JNmUO2ib05OvWULL2tQmH334u2PwxF-vngalmZdXODHm7JYrl3LncEF50Wt9c4yp5-5h794VwP3-linRTphJXcmQHGwAD26lw,temporary_google_url,icon-1387,القرى_والمنتجعات_السياحية_بليبيا,unique,unique,exact_match
25,إستراحة شط غنيمة,استراحهشطغنيمه,14.028791,32.721768,valid_point,available,https://lh3.googleusercontent.com/umsh/AN6v0v5lLB5llWY4AGBweCRxNgiNKZbi5e9hJDr7NS6IDr8QNA6NqcJIftwJ6UFzAL-OB6Y6boNzoD7N_T0HLJP5IEIIlqmkaJtiBbdZR_4yHUczpYIvaC556iJk0XKUt545Bn99yGiYlvswXMdpKVYWfgrN54RZgXy-G7eugOJnkxQceuXoJpckdxhSKfspxJNLIr4oGSgp_8J8bAG15qukOjzPPbt0MZ60ATj6amN2XOwI9pfcY827mWiOeyGIyc3PejI2Vx4JzphJYA107jmSRQUfWJEtoyoRiffRQJVCrubg3LXUyFEciCRh6V9zT_f-ydUrGnWKEwB50fyqkUxexNkGpCya3iqqo7SnXBYhnu6AessftwLLFY-tBWitPu9H1J8oz-aJ0RifOZv2PujlMxIW3QKpJjIUxZ-HforCgGyUHwmKk5_u3EkqYAiyOnz3QAtwLIZoL9CBCYtez95gK7HFwgBlBruMgqehRb0ypGdQnHVwmcRZcmfFWy2b3czrFJeEgmZtsfJrwDtJKNXR9z8r3urvFKDpZRPOAAlYrsDWLx6m2HvxFVH-rv0fSD3tOtdrrXIsl4rOMRQlvqa6se3DSpvooitzyS06qyjAEdSHVYiyH2CXlrhxMgxqiJPRF-iw-I9OA4wU8cUnKCZqkjgJGlo16UhOCftuibLrJE_jdHGCMYNaKJ0S8xuu76KRCExtBY7T-FqTDfb2rIXonPsVdk2y2g,temporary_google_url,icon-1387,القرى_والمنتجعات_السياحية_بليبيا,unique,unique,exact_match
26,قرية المتوسط العائلية,قريهالمتوسطالعايليه,14.029608,32.726655,valid_point,available,https://lh3.googleusercontent.com/umsh/AN6v0v56_aI4Cj5VEfEEqIFm15g7Hjftdn7VCOXsxgTypEzqq6yiRsyCh2n6Jt4chGA4Qz7nFXmgC_rCwJ7w_Au5KdGttVh82uJKEhQ_zne4XdJIBtGLU8nz5zhki8iOwNO7D1WqgBqNKH__tEUcbZT-a1Bmyhxe_MuSE1NFy3oxlAKx98Ym_qhxsyYFpPnLtQl7ktoId6bkSmcJPJnZ6Z3TdDooPq6-ZxTKpCyVsIPdTcwvF27tWMO4mAeh90Ey8UJPfF9ghMDe_UnWtYLPgN-7urzo_zJYg1sqoV9r9a3bBNIUuKtDEOnltaANlQWqoCRlGG98s3mL9W98qD_M5NPQjzuGVkn0GA8NyEwRe_l5TW23nc7z7i5AGQE6_svl1c1fp9NGYnGGf47H7vsDixb28aiVBMN67WWrv4afR77u5AZsHdgPOvy8jlI5nJtaYNo-biRVi06kYcROxLxjxE0RvNhUwpkyckB-ij0bzP_cPMMgW0xlduXZZjvF4d0vuEP9v0Gg2s1YtrXQuUq1LuLyDQg2FXzJu7hueyilZn2RS2MYmugBgsGyOvXQGoMJJpG5t_ig8kKXNIWdXS0krkkKGobWIyutD6OIf0qaogL7n1iAw_6d4jGxMDTJXUI4lFOkAt7sVMhFb3mEt4mWI49m9nWE7rVYeZaMiNiDT22XUgj2fbQm2MbRB4Kxf69XKxNJKjukvtJGM7mqNCIdj81Ft0_7ZChP_Q,temporary_google_url,icon-1387,القرى_والمنتجعات_السياحية_بليبيا,unique,unique,exact_match
27,قرية قوس غنيمة السياحية,قريهقوسغنيمهالسياحيه,14.05611,32.72302,valid_point,available,https://lh3.googleusercontent.com/umsh/AN6v0v4Z_K-NN7zu_i5dF0WVpMaTXsTAXO4uuD5tfMhZf5FtQhrhOEm_vZoiYeNCSkwZWoZYsBfWMhfEc5U594SIdTzRXCDurjqcqNpRIKeb7S6KXyuQ6V0TdTYsmPNochSPcmuEUogK8mXYSgWQPoB1M8iR8stsWMPMMAm38FFbLahwUXCCV3GEwv3q-_gE3Gk3QG6ah6bLgLX9uBIiuqg2N07uM0NfrvOlkQUd8pdkZZRbIaQKOekxrdbRmMD8N7zIQb0evUnRyhGurUff_S_0XvEt-mmvqGxLvNlO4a5unN5f0-UnWUWDSTihbwVj393arY1kdK2rS_4fIqcIWt3HsMJU_baMOVmrNIbOeDwf7aYxvglYZA-MIGNNNGOP-EkFxMH8TvSLZbE1STK6jv1m9NEHXjcjTAZ6SauIhrKFdSJnXa3p0YTbqWxbSWgcnmso1zrhkN1zVzshHoxdoP3IrN4KYYl2kwPZ28w8uISyswz3q76EaZxoAKiw5UcEVrR457ca-DhwsamtKWwtDa-yKEpJVCk66Cpok3_0YofoT39q9ekYdUjarX1TeKxA7auvk688X-Z6CaLw7g3VCkkBhkmY_DaGXscjhBsMm7uFZSDmclAk3j-ETDtfWTz-VzrgukR6a9OdP3EjskyT4wv923-zwA_RX2u7YwaSSiNbcyGgwutbJbgGCWNDRtVzyGj3Eh5M_lw5_2cbEhuHVLWYwcK0BePz,temporary_google_url,icon-1387,القرى_والمنتجعات_السياحية_بليبيا,duplicate_name,unique,exact_match
28,قرية لؤلؤة غنيمة العائلية,قريهلولوهغنيمهالعايليه,14.03409,32.72176,valid_point,available,https://lh3.googleusercontent.com/umsh/AN6v0v6fN3FqB6yhahpunts98smrK5_5MS_pQSvPTFBTnm0mZWzfb02uZoACQJ9keff0DACRXakJEj6IeoprXfms5dUzimxzu7z0BJriOpPbuoCDFnRrQRvMppyCL1WQpkRdrhH9ke1889hHQZI9fled1Ovgf7PfroTc-ovR-28-9nhJvSl3z6Qb3en3Ko6tD0GXeF2x3ZzlgPE8erQSPBqzC1cq6gGJZ-sw3Q52-oVR9xZdvvyeB-fA1euvsJVGa2onXMd5zYw60SP2HSR76spl66BnHH-QvRRldzQ3NxE_VUgUaJJSWEyW9f1gr-WIBw546n6k1g9yNHs5rVKSu9KCvVG_2HufYd1Euw4gTxu8z91Q0hxvBhKHQnm0QT-04CuQjZc0Mwl2auRO-lK8MBIe2QbYrHfKshjXUOK95vAcrw6u485lyFO6bQpm-b4RBJcLHNSwfpXpLWTJgQzZ9mjd7vgUDk8jBWs9yXgiT6y9EZiWLRP23HhT3gfm1nzAe_v-L0t_RVMWSwYKBtxOhZDTZxuYoXPC2Xlqfme2K67Hf1bMs9w3-FX1A7JP4ekLUtPMAXVWinBEKDcyXPLt1Uvdcjq7PzFTUgK81Pk2KXfrVsbe8dTdaxp6NLYoxlmKsqUrLM48VVBnipF5B6URMGpdK_hA8vP4lXABQwe_M0pISH3FgNwiIGs6O4Y4n4em4OHCDF6lUY3Wv6oHcoprVzNBuJo9LcB_Lg,temporary_google_url,icon-1387,القرى_والمنتجعات_السياحية_بليبيا,duplicate_name,unique,exact_match
29,قرية شمس البحر,قريهشمسالبحر,14.059195,32.721778,valid_point,available,https://lh3.googleusercontent.com/umsh/AN6v0v6Y0-xGgHaMziO-y_ahPNcbzGMX_Bo_7pGK-QROwaLBdLQ4XQlWtSbQB4HpYbqCaEkSAzglQmeMJllUCnQCxbrSL-0F8VRs6NyW6ZTZDjVxHe8J3u2Y9hMj3mNCFKdH0ttMGDqksE5jsxtlI8hqPu0mIu9ktQ2Jc9UcRXjZdXiJ0q261x06kvWdi-bC1buLryi8lBwLEM5I0BTcbD61bHRY02BpexEfr6GwNK_wp1e7DBHdQafR_QsUf9msNXXHEZVWUVcVS9NLeuqADlR6yd9jR4K2oxORdXCYS-bzbEuSykldPhBseG4quXXlO_UiYxLOCOJ6h6nd_Yw1t5ZlgMQo_5MGsEQxjaswHdD_vYz46jtx5ahNQrnbZD0rOAgwtTCzxdS4shFTteeBWJmOQF-7yIFVGn7U_0VfwlXcCfTCqFvdN5aQkFy9Kc7FO9qQT978jFAa5rEPCwWTsM51kVNvZ1otS-lAAt9i5SGxQUoqIFW7lAiOpWGDUT0nqmIeggWOyImijGLgP86uhIgvPilqfgedwdSYE5U1cscaU41zz9-UVXM9B0KUY__5JKwkbNl3t5iuVaIF56MuZNRmeUgQQPwTtvRaiBTv3ND9sfHzl8nl8BQiskWkwH1QVIlIE6aPAh_FuGc8MQ1YVLnswH5FnToCx4qgRQsgajwJM8cQnevArzLTzsvIYz4QZhBTgOrez0niTiUKpRmiDL3610eixXSVSw,temporary_google_url,icon-1387,القرى_والمنتجعات_السياحية_بليبيا,duplicate_name,unique,exact_match
30,قرية الشاطيء الذهبي,قريهالشاطيءالذهبي,14.05915,32.71876,valid_point,available,https://lh3.googleusercontent.com/umsh/AN6v0v4ii97aa-3ApWAdh4YEboctxEWy1p_JjQJaUD11XZdo03lazm5ML5VUwHIKIfkV7NcHyZqEjJBQq2PqPteOMPe-vjxvfxNNsAgwqjqjw8roUGsiMTnKqYrDoephm4rvc9Y7CijeBSvLAsp1q_iin9h86msS134ZpoENXkwS-878cTiZogvlXx4ODLlfOh-WKAu441poN5I252_CzfMOD8rHv1Xs9k5rwK0_8lSsibGg2hSd_T7ovRu0HIbpofE_aHWTG-PseeMgqVLb-Z9Lf8D2mJ9k6dSfl_HHHmlvMFj4dmx_9Q1qDsk_5UnVRcOByYrgfYg1vvKg47ezTV3iyc83tQ0pwLx28wanuCg6hUBpQH7v9dhQu-H38m-0yVP9qvWSWecm4fW8PxSvrllLQn7OwuxmjBijda9Vod1oP09_apGMR9mXnqxbX3v9k3JgYRM0riRL6v4sPOkbmEbQ1vPAf1Ax-IkmXuGPLuQ5H_QpqFdj74IQ_Gau1BvcMDgQcleHHt3_OcD9tr9lo7TC4_4ADBlVDo58Zvw00-bJoLnnFRMRJtqocBuij4DooVG6Kp0zPHUdULdMeGY286KF4g4cm68-rasvQRcCiPozjf0-Am6J66We2937Yhq7K9k89lDat_8DOerW2MaN4GgwiNwNiRtvGB4uuX0hdGmFKMvA88oYMs38aljoFUMBGRr3RHbUB272booIkPHm_wCovp2EqQlR,temporary_google_url,icon-1387,القرى_والمنتجعات_السياحية_بليبيا,unique,unique,exact_match
31,منتجع سي شيلز,منتجعسيشيلز,14.190261,32.704827,valid_point,available,https://lh3.googleusercontent.com/umsh/AN6v0v5GRRnovpl6_geTHPpunY9QFAA8CYJNKFc2L7F0yunwXZNB_VWiDYshMbEeV0qR6S-Ch-Vi6mKvPthYR8Zs8W1JKh-Qo4QvvMNnxmxFy16cb5yVWIfu29MoS79aTig9yVB5AzOSqG6hnCjRMXl-8F-mL-HIIULWM8TRCA9AMlc0zVOX7Oijas7Ee4XqPqEJ9e7MTjFFhgmDegLDuUD7DELm62PzC2hI8dJpVcCHhEQFq4iiaKe5bgksZ5uOugktQee8T3gBhMUY4qEKRgMEvKrXX_GLZxF5XZ69Ib0W8oAHuMoanZ-HfvDsc-ENEX1yI4ByxzzMY_lWFN4FE3u0XL29bSJUOtsO-xQLDWeOUL5L6rV47ZorMXbLj-txaf5S6zr0CIfEP-6Wpqoe-PhX16Cmo-rvt3xJAcwFZBCNwjk1PX4ApJgKt541nXJvJDmDBE7c9SVPb3tg8RiJKsNcfSddXXU9SVnHgFTSZmpdh4PCUuaTX-4donluzqUAM_avTobVwVEF__EPLkmee89H7HzDsCvWxJBXGbqPzY1T27Xn8Lm7g9pYeIW6m7hm0eP6CQxIAo3ILhM1C1JhFMYQ2qxr_waDqEKGu3c3erNQDMP8paD_YXrIIrSEUKfXYN49pAL25be9Y2P0uEr3OCBE2nI6IpAkoT7_SmKY8ShEU9gM05VBIYAvEj1HKfEZUttOXMG4uQ89vE_v5piafIDjE9luZOokvA,temporary_google_url,icon-1387,القرى_والمنتجعات_السياحية_بليبيا,unique,unique,exact_match
32,منتجع حوض البحر Seapool Resort,منتجعحوضالبحرseapoolresort,14.060749,32.722251,valid_point,available,https://lh3.googleusercontent.com/umsh/AN6v0v5rDqyQWB-QnuugLicMul7w73V_lhtkBwin8IO0AK7qM1vyeZraGjpb5FzVJrJCT-yOlb3o7FTiS7yJVoOGxCs4oaMxqk_GxszOVoVbdZEqHKwA1wwgn4yNAsGbMpnTOwoGQpi7oaNbmkVKh3T5RIiQjc1zUiplGrf4z1S_i3EbQWStZdOxqu7FXFUD3POgDn61bfPdWtbtuCuvneOXjQUaRZ5UjGgdJwFmbrcdsDe7Z62HhJXSh7tKAW3mUn3iK-LeJkrqxTRssKf_9Gfj9JyzqFSRJplbbLiRL9koAefQwq79-_xdQZdrSPflee-QRHi6om5EXxDqCGmjyz9hgTD40rWMWdrmce0njjjxMWh_pi0AdwX8riuUNIYmrh92-PAzPHzUQxbTkF_vsq14VR5i1deGmMi3SXTN3wfiOr0UMF74C4zGIVRjDZevHvfHG8QPWJt8RHMAd1MsFhG-8_wlwJFq6wcR3CepsJ89csJtbTXjPouXQROrhPTITwzwWkatGg3LRrHjGDNMosujPeJNJDFJTdMvgkc-9NoWEyY9eaK8YJqj-It0n4v9E4NEnNZsmn5WOVvuJjhQlrD4q7DUZKNVhQYuV0usVeBtTehkUfrF6DF3vSgqE4pepuF08Ul4VLXiUl6z0yeardxiNlJsWLPyOrsbBwAvKsaHNJXeCuBALKZm9AEdV9FaVx0jBcx08Lc5XjSPsJ5X9eTSDegUJ9DZ6w,temporary_google_url,icon-1387,القرى_والمنتجعات_السياحية_بليبيا,unique,unique,exact_match
33,قرية الخمس السياحية,قريهالخمسالسياحيه,14.277922,32.645768,valid_point,available,https://lh3.googleusercontent.com/umsh/AN6v0v6neIezGA1NKFtQd0_LUcSST4XRoh-nhTSEwvSvuR9NoZGDQCYNKih9HzB6vzGIQ-0NE1FqVUwoKySCBNri5BFQ_08phQs3H3kSodHGlvp4vZyHThJXjWuKdxlwCBjpb4v-E3tWwL4xymTPdqdlmqPZCg-TL0j5W6qEcD5aFQZj3PwhW9RPFPxSOru-fUAiCbEdMG-_S6H9Ox_xH0T-lJjRW_TDGyV-Jf8VdTk1-c788QNxN_iiHXt4d1prNvyQDBOBVXAz1od-C2091iRw-wARk7ggU6UV3bKJt1E2E8sQpG8C_2d1R8cx2VLo3X1Ztt5ceRvBNgziXHQY00o-IfPkh3oAi22dDTUbpnghJrlWwNjpV-itFk0ppyorNxkkVSlOVzKsyaCU4OXhjkFgZ2wSD9atqfy25pnAgz5KKw2ZaeFZvxa_dGrFmWGJQFroC2BpLxOZRrDod5qw_cfY3WyiQxHFP4z8F7GqLI9x9ZE5Ofr0y9lYgI8NSjAkPLiLavQruhYJbqVYViPd6zPg-tRkJptjqP6gHQMmiqSKN9xd0ysiHfgoZl7aKZ6STnh6pI0rSYcNFW0fr9esksEEtIywTphSvaKqEU8B9vV1QR72BSPafgXhtC4rBUnGhImjw3fGzKb2AmSLPbbSR8-NR3sk0HeDXB1o4XEsb1vN2-S5iYacaGYIDfKuwsoa2F7nXce5qRgsX3SewiTMKjv_huECsgju1Q,temporary_google_url,icon-1387,القرى_والمنتجعات_السياحية_بليبيا,unique,unique,exact_match
34,قريه غنيمه العائليه,قريهغنيمهالعايليه,14.27806,32.64588,valid_point,available,https://lh3.googleusercontent.com/umsh/AN6v0v6N70kVCRKZ4JdK3QrFL3hRdFWYNo4NFsX-zh8qSXocOwDxQav8fS5UlMaJa59D9GcNd4B5hGpAxOY6_ZZBsBdnJ3vrX1gdyZ3xlcLMOdIkafDaFRvPsbSWjN8O-H7FQr1stvF_qaLBDrptwhvwcHWnt9i9gBPqSJfD_LebaXxAyHkv2WPpM1aEc8YMtmcM-gCAf1_F2HVdjd0AXLsWyX6VQmBNs0mvtyxxMQTKsl4AKZ5jQc2lPSbwZFi9Yn-4_j77sw3Taf3Hg_xrjdyE2ftkf1M5tfTZeQAy9AZP8azr0rA407NEqVpj7raGzGQXMr6HgHQTO0sb9LlnE2bPzijT-eCb-bHIG8di7ivCmqiU3XInLnCk5Lp4lOVCaqiQCEQUgyEauT4gjjJjP1Sq-RE6WMiJ3EsWLDYbRuUlBaBaPwUJUoDaJ1YPX-jg4gpJOFIJOe_5yscxrHQoyQ54BEjTUzdsvykhZH0_OCxlKCBLLgccFkK1x6hAANOwzx_a67rP7yaFKik8B3oZBWX5Ws4MdfsuHiR9A98cF89swG-nbJ24i1KToEYdm4wP8YHMgmAmO8oXK9faZJ-hoj2O6hAztqMslYtKgLdXQzfomXbDvEQd_VXtUBmJBuqqPy_7KNGi_Al-5NHKAd4blCaYJSbzTDL38g2kLHXzW9_vMSOGVkKoh-DocZDt6H9wNLBH9wnaKUHcE6MCI1IBFhxUHGp056REqA,temporary_google_url,icon-1387,القرى_والمنتجعات_السياحية_بليبيا,unique,unique,exact_match
35,قرية اكوا مارين السياحية,قريهاكوامارينالسياحيه,14.034,32.72555,valid_point,available,https://lh3.googleusercontent.com/umsh/AN6v0v4Z6Z1FLlwB-Jc1floVg4GFfUkBN0Pr76mEAm6Lkld1ZfpiHBmimiN5Q0KVSGv7odhko7GAiWIpiXg6SdnrCEPOeSxgClzzbU-oP6sP-Q_4R1beboh8mkJ1VRxGwTF7fJ4lpW_vfmfRZMRiOecnCn_90FnKNVwcjZuKX9htR4n6b1WJr_gyuqxGrIKc0ykb7_gw9B81aCv1l3EiPBu1zDK4NWVuhTTOcChWA3t9tzGVooBp0kodY96Qyaom1u8tEOYZZN74o_SlI-Ncl2Dp8i8JwHtwcJI_zkOzuZTxuosZ62sHU9eE1KoefNRIJZbxAdv-9nyTq9xbfuFfIiN99PkobXtYTuKFX8ESKK-cyOdR4QW2pqd_xIQjC1cJfNyZqjsTSif5VBd0zj6oZcI_sMM8Qiri5eYGD68n4mdI1wB-pVsKC70fA9Oz9AepQRgg7N4MW6NrshjcTKqww0GEDCTahvfTJylf5Sw6TR6CwVS9PYfcn2pwAdHtVLyvsh_-1qyKO4Ceuk6yjJTn6HzGaN7PdRpMrOClfbUfrDbu2AazDHumpsXG-y-yU6DrOzdva3KsFfioaM8SkX4UigmEgKDcmPFepb4E9Me08trUnGFCGhZlLEs_OS9wBPsFOqgpX2HIirHmaJ00sCS6l5qeVbwIRORHnTh_FPP9DGAcSJHR5Pjg63pDWrPyiaNJZkdwlqDd8lUUeBC5FuLVBzO7cLxPv1Jhpw,temporary_google_url,icon-1387,القرى_والمنتجعات_السياحية_بليبيا,unique,unique,exact_match
36,قرية جنيف العائلية غنيمة,قريهجنيفالعايليهغنيمه,14.03118,32.72632,valid_point,available,https://lh3.googleusercontent.com/umsh/AN6v0v43Aa_6qZZexR13kg-ob4NsoPpmAXZ9MDKBnbjj7CdAeQ9NeJtMQ7gdlSuksZAgQ41TfVSQRUUV6089oGH6z0ScCqeavCQdWkn0mWVRpgL9KeebJmr4CCMG3Od9tE5snzYdJgc0EqAWku1g0KE0DlY8aLgEXpj9SfDwM7-ON_NdABU--_Y7iat8gJprW4Xgcsy_8UczpybJJlWrpAe5MwNyfCv2UfQD2e8lq1fO4g7Dv7-uOkM2-QCY-53m3p0G4N382MZ21z8iBGFDdGzip4F_nnGMpWudcHRg1rz-zXwnoQj3xC_REZxLrSjX2jYe8XNEMWhxY3lGFFa6re6dXEZjilEqDogz2aRpuCRbX3hdTHJzj0TaDRPyPfeg0XN0P03iMiStK7fJ-13rHYggSatDwddteex4qS-CKjPDKxTjEuQLaw8fNgEk1H-_4cYA88oUL4ThP7w3K1KkfaqFqKaOivFuxPHqf8kE_1C-KL2JifnOhX3ymo50KA9R_5bqZ4ZUhH00GKAJmYgs68WtN76zzYoxdRSH_ulxCmGkI5-LCu0VSpuwosLj0oJhwFw0BFgEsWq8tn3_F6OG9ABdffuY30bGctzUEu3W9rUD0FD-y5Cts6dKJE1cjpPndYKbZ1tTBg5QbUi1vI4WQ5EeTx8p5bUA1gFSjiNVyxTmb7R8q7Rz9aKWonQv41DJyec1PkZ8thW2jprQk0qAXDdnA2Iae3B5,temporary_google_url,icon-1387,القرى_والمنتجعات_السياحية_بليبيا,unique,unique,exact_match
37,منتجع شاطئ غنيمة,منتجعشاطيغنيمه,14.054075,32.721054,valid_point,available,https://lh3.googleusercontent.com/umsh/AN6v0v4PtzhsTvJpPMX-0a5beQ-cA4FGC_GkCSSNyO2hrv8vyKnjCKSxQhncDdG7m6E9nfyYTBdUK9Dr56Gp0Wrm3gzWjsEsIJzHe3p8l0SbtzXZUwI9FmZk5YTHiFwmrrWe4miSiO9qX0jnam0pGUXLMfuQC3O12bP_pm02xPARBlvTcTbeUzigC3OLBEdUdwCEaKKzIFeYq4Z2v934_00G27gcsph5bzjAbeoNX6JGgWtT0hDlsNie9QZMoalrJDU9Ctd8LGM3PXC2wbprRgxbTHop3MrHalEfZcOy9hORuWjcWdJK1ZbJdRC1KaxzTJxYBX_lvXHoZcigKBGZH-4yrtdDZS8ps_Npn91nK3mGxDMV7wBdv_Fw0bengz1KBrnexGzm9UUPqmEm5JODNpZvcaGMgooj_OHRAZ_uAG__cwcsjl_syf9n5Nb8DzakdyG4qR9c_0fiikAqdryqjasaLL8kJbdl-8oe5uOSEa93c2qpHRqX42dkYR7j_4lT-yqMj5QWB22j8JrCEUQ6KeMrnunBgK9RAic6SWmXjSQAkqHdWstFUNriP0Mdjoz64zuztXpVH2grrPy2qg45K316sBdbiyXF8-7zc47qEMhPZhVOVxPzSbWN_EhRp43e-JgwDHF0HLev2nHEw6OXSNk4iToot8sn6-7q353Tnr-_r5VkS_Klbv07ESljrJYSAJeiLysR_UjNI7isTcJ1MVP-sPL7XtCg,temporary_google_url,icon-1387,القرى_والمنتجعات_السياحية_بليبيا,unique,unique,exact_match
38,شاليهات بن حمودة العائلي,شاليهاتبنحمودهالعايلي,14.036992,32.724932,valid_point,available,https://lh3.googleusercontent.com/umsh/AN6v0v5bAku7SQ6aG5pShHzHltVw3nwWlML3ttUKWZxsJ-bYpf7LsN0xki5QhhKXMMHIiJuIuHuy2zO4KaRoGfeZtyhl0GjgvnWN1_09X2Ige9_2szJlWGMp4mJPnUkchCbFh4mpkX7_ZI2PbvhynNhLkFPnGFnQpIg25_KoWveZK49Gl8BIu6ZEgqECpMdYWSdzG3YFTsdd10sjszTCf23gfOaJ4Fr0d0i-ZNKzWLZyr2fO5g5O3RmUA96O_C7TMF11yevTLDG3mKyWmExmhV0BPJZyNkGIYv9KqSlJ-jACKuQI4huutphoDunAwuFrvASnKKGq1GiGDMELp35lYeUb-84xuwDQfuhJTxPAqU4v3VfH1eu_t3T2zU2NTJ-Cl7kdKG3uaVGuSB7CWCPMmtROZJcqSjwMFOP6Hp86FjFlCytI0yDFSHmhGyIlztG1pESC0cT6lFfQPVVAW0Qk7QYc5piW_dtH97kHLWrv8cggMeBO-GjI_QFtudJjy_A1ay3FVD4nV6k-OZNPwsJ3Qt_vufvnchLvkmcXPF9LPGXsw9t-RT0VzIPzAHhQdxeTqshMOCjOZVGR3DiEBjcbbIjTL8iGz3DYlrBgvmGSLymR1shfrNgpxwS1kEdEqEAdyAfa22gwWMsEMcvB-5mYbmr2XLQJ4r9pBNlKLJ4n1RIKPcQVShd-lO48oQSWuWS64RKQvaQt8LLU5CL0YOkHtpjTWa5K_Ls8,temporary_google_url,icon-1387,القرى_والمنتجعات_السياحية_بليبيا,unique,unique,exact_match
39,منتجع كريستال السياحي,منتجعكريستالالسياحي,13.635274,32.787534,valid_point,available,https://lh3.googleusercontent.com/umsh/AN6v0v5Vl_ohTXkwQlgvh9DTRVsXe4uWss8Rmgy2FrPFsgTF2cbk6q4kQaNZDqE05boYtuKXaLzuAl8zTgDjsncnMhwX5eaS9x1vBn4f62vx21tMn86lOpSN3lykbOfvQWfogQzPFeX17OZt5EOtzrDXHtwofjB3MKoWeh9qBTX5DIknq3vke8f2iQzlhBx6v6pAPKRzNKO_OQ4rgK6hS-EVMtBnJqs6ijJAhjFFTUfTsSUjMzQjCyP9q5CXWdUzANu2QTYuijTA4WAaUSq22pUwxWhlFDjd6B72nGIpss-MIxlESKKhN4RHbd9kWalfxilispSIcQgrVdVUrOADVULLpS0LVwqmOuQCYieP6mMnspLinzcHSoVo8UbHH8L5oTFZCU4p1AhWxyF9AnIkCFdEDW4YI_qxKou8PsMaw4EmHVEOgXaJnTHrghfFYlKpKDUO7aYXDeXdzOvRdG6XiRVpOYspNhhsNlReHs3y4lSSOZ70R8WlZ7L2IS0lfra6BsB8upmu5Kwg-QHrx5eH_m4KwqapAA_wPW0OiV5v5C-3xUGGxZortza_5-41ZmHT9yktQeogW8QhQtmeBA4F3nPNxgz48tkwY1ydEVAPqfVjNmgv0mUF0Zc6E20dyqljQH7czshKCMqq4hKLrLuyMDkI7_1mmz4bsB9j75quIl5WkhC31LiIqmBlqoJVV6_gguyXRr1gfLoAQmazljdPSRLJo8iqvh9h,temporary_google_url,icon-1387,القرى_والمنتجعات_السياحية_بليبيا,unique,unique,exact_match
40,منتجع رويال السياحي,منتجعرويالالسياحي,13.664968,32.788072,valid_point,available,https://lh3.googleusercontent.com/umsh/AN6v0v7pUi-zjN61BLBBw2sVCuCfpS-P-zvpBlg5Sjtub9aW0CKG8lH1fGDq2N9wzprpxy3S-U6LPefH_T9OZPlaaGnT8uwWo2TGpbqColkfxDThc1Us-KIinTK4HhARTSfKGJEPtq8ta_DfPYgVqQzcOuTyV-jjBDftf4kxxf84bhvJO9s8zxhZCyYg5IjFNEQWkNoFKcn9A78ZHvoYSUkNP46YL7UO_d4ZEAkJkfiPYWQvN6kA3zLEAE4PNvRxXhksHSVDQPCRBjLU-OeX0i89rK6FOLqseViLpdGlpivqLEvZKjRsc4Mh3Guia4PKuwhaOGIYVAIHR_g0vIAYbUesqSpbYISuti8f5p99mTe6FDDklxU98sAXyl5JkjYx8h-vhta5kk3Df1taEXaFna-AJvLZkLsyQ75muT83FIp0QTI66HVSjuQl2nHGm3uSaqW8O0ELbN-1CTvMtbQ-4Lm1XZ8cSyTQFxAmYw8LBr2Sd_eJGOS8L0CiS_GBwcMd_jqKAUc6c0ugd1L-HoNA1LrWtZ1o8avicwUvB7c1ZT810JgucUxyx_aPt0sWSXNLhsZn7qvri7RPJlwv1sNg7xLG4DoGJccHdTukHkakNCHAT5Ok8zMVP8tLia_2irheJHFUAsw77ga8yI4P0amLjDFU-mCCs-rtxK8RqDzw5xMLeDgSJOS0U0KjfZcWSfLhrGp-aM5SLkR0GBPpe4x4mCFq3sMkkVdsAg,temporary_google_url,icon-1387,القرى_والمنتجعات_السياحية_بليبيا,unique,unique,exact_match
41,القويعة,القويعه,13.63224,32.788705,valid_point,available,https://lh3.googleusercontent.com/umsh/AN6v0v6zQq3XogP2zUWqtGgIw1izpiGQnFkxRJX-ZIIph7nOjB__e7LQUaQP1Q60UqQWDApiaLOXZIF9qtzT5qaFrD2Ps9IwMXy9mpF2P-FIbL_Jtv1qHmozeHNrQqgeQOR2wSVntSR0yvmWOaqgpNZT9qfgXeGEMMHcS6tUaKequw5dG69D4sTpYwGu9eh_H-wv20cMbzwbjFC26d7VDHpbsUh8sXir7XOIIB8Bb3IGXsmzTrRjL4yl3bly1eNrS44azcdzv40AS3lR2TG7Pl8C9nF2qk0Q887IStT3D1hku0uxDju7UqAwJnBw3S_nNq-OdUR097-TYWqq49ARDXCNurq7y2bhgBTMM1BMp8Qp_lHK_G5h2qO1YgE28v8DxA4qc05drZax73ARSWCxy-eahwbiKoJfoWKSIrgrvRG1KDUT5-bxIDoiAd-EG-0eSVqEyuQ-ur-0jgCqmf3aPZilZve6Ve23mUuzRcay021TMlfzgX9TCvgDwXitP7DabFrj0et28OyefmDXc5G0IAF1535R2yv7uPs3pkaImTyclGXI9ZXLPGOt-bUyWXJyG8bIJPwywUC00xhwzwWtGCE_QDuMCS_zM6YXJJ-R28yJmoF73dCTSbcozFaBOXDfaypc7f8YaHfF_Ncf4HdQLuK20sKh7Q79N-4h7fannYqiJ2g144o0nr6CRTMg8OZBzMMXFiG0yrP_tqYb7rSi587rVAf54uI3,temporary_google_url,icon-1387,القرى_والمنتجعات_السياحية_بليبيا,unique,unique,exact_match
42,منتجع فيلا دريم هاوس,منتجعفيلادريمهاوس,13.672592,32.786663,valid_point,available,https://lh3.googleusercontent.com/umsh/AN6v0v4TSrG-yS2zaihprs4hLkMVV0ECt6Kd9hQ-VyiUnyOC2cyXhFLEup99BU2FZn_STbT0Wq1DIJxQcl8IOCc0g5mnO13cWuMy1UqmvtEwv12xVTDZQXL3NvIYHqh2c3ShrbJrj_g6HJNNpcjRTqURFev4aQ0KMj4JYe_q265LJxJ537bLqJIt7_08MZCb3oBfYGD-rx0yeuP5ami1yU9NWK6vM1ii7ef5qZ38HKN1OEO9Ssrwm31HDyR5jGIhWf4c8zPO10ynCaQ-tLVi5nZ-mOTp3xgjq2rz8TxsyLe7fqjCrodLQkcKnLB1dh20S-ag0mhTo1Eb9O5cMcUmcGJr1xHGgMmeyGBcPwsAtIgKL30vUjl3FXlv4ifdV8HVjzMcMeAtwRgb3OW_J5xt5I8nikr8ZzDndFihstMOuPmqlGM05-NKWLBYFnYksiIXm8iaEKgPzARyLPkQ-zjqrfabb2Y9_JVOdbFZv_wTb4zdTYp4z7HSwyiqHhc1JadqyNKQiptUi6hQxnrmHb5uOA20fbFncOy-I4vDGtVo8jEp3PmJIXPyHfuyqkt-FiyMuzwpuPuHdzZAKLj6CWDeNMZJvQ-olPYUUDlxC9dQ53kPLbK4iK3u5uKmbHp7lpXTOW8o3lQPr4GlUTtna9lEkEN2aBTzCJQOIaevnvErSIYphE5-SavqhNeNN_htjyLW3Fx5HR7m0CYNUFe2ZE_FEhz-tWRAGZfr,temporary_google_url,icon-1387,القرى_والمنتجعات_السياحية_بليبيا,unique,unique,exact_match
43,منتجع شط مريم,منتجعشطمريم,13.662328,32.788894,valid_point,available,,no_image,icon-1387,القرى_والمنتجعات_السياحية_بليبيا,unique,unique,exact_match
44,استراحة الجود القويعه,استراحهالجودالقويعه,13.632986,32.788413,valid_point,available,https://lh3.googleusercontent.com/umsh/AN6v0v4sL8AW61Z2rpk0GV0UuwnV_f88ATAHRULM8b2zTJ-9k1eYMt_80rm0qlGZVbH4JUqkK7nJnJqq82ygq6gx4P5V3cYiJrKlLqTLs1YudlMufz4zng8zWwHYiniZIsSF08rq2S0H8KkhRT4J-aNgAKisSi-_0LP-nbZMdFRILJrTewXzuDevzGyE53eEj0juDAmFrmCuxwJKXQ68jlsw45rccymAFt6K1HU4MVO11lxNRcmlgDhG91lOaDCyf9ZgqIb8-emECdvXhqHvg0cpvTZpqD7QiVa24qzHB7X62cwzlgPiT1n7WmNW6Bp7qlBSi8Zxx2hwJYMtxT6f4OwUApo3wkldjemA_mK5lNldusMIPLaeOq_iTQpXB15zxrqx6xmhsHopXt2KP7pMsEIFc6WOIYJsvkSP6crMSQjTMnYTLduQRcFxLotPS3B8KJIM9U6A2c9wHJus5kAoMWYOyc7NifHobxlgHbuMW3HgBHKyFzLtQvn2FjLvm0g13Tp59oNVU2BcP95MUbGcrL0FBJVEs7QoR2vFP0w0yOFiwWyy3IjKUfTJBxowsYSHglqHSwZT2sl72HdM3IaxLqSfj_y1HbzV_G8wX-RDELwF0mMr3AHjhwTI4OgSLMzF9uvNkEv_-QPv9H9B_a1VSoGICEBXw_VfqUeBalzXJo5X5cKXfHlpLihoOTbtQ-OxOIaQhlOdPnRT9tDBR7BY6-WMlCHrWdsVBA,temporary_google_url,icon-1387,القرى_والمنتجعات_السياحية_بليبيا,unique,unique,exact_match
45,منتجع اتش تي السياحي,منتجعاتشتيالسياحي,13.63298,32.7864,valid_point,available,https://lh3.googleusercontent.com/umsh/AN6v0v78LyAPZt1bvW2uEHFsdwq4gFFHoQRl3cmRQ8fY8N8ZZagSzYeqVtqQPc1jXvV68vH4MOv7CD2i0crjqYBlozhKH6OntrlT2gipLnkJIU2rO20irzrWWPRMvuiU-XtEoYrC3TBO35_ltVM3ObMBANxCUz1pPC0u9DL6iG4TpyVgVbTcj01gsM0AwJpzgRXxUqPj_uwjaGgz5vB3jeShIGThCPk4c4EqtkCxdnXqn-KH37t9g4WzUI7oEKZwcJDnvy9VWXbTwJH9ymNBpNUgt0gUtje3036XlLGA-f2LT8-yXVwc82aWPMIWps-7JXvYCaZzb5IWNleqw59CwocQ4c2GfFhzNzyYMXCupO9mgvlkRrd4-srznog-kH0NPRQxKNyAC2nEY6nmYhMBWGvJC-vwP6kcq8zhdUbE7OdkMbKvd2tjGN1ToyoMYMnK4m-2YX7Sc6L_iNs9pNRPwVbPhqILIUXVGn1oUpwugnwA1ZZVY5SGvqHRPWXGfu3uljvhioXDwJas7rIjgHLJ6o0hVqXBMUTNT8KKYAg0LCz_QFZtKlHTj1MlQuRWlcweRzQTiskUIhSZzWwZHvZBjXWzZJXMWLN1pN9irS-HKF9TWVXBczNub0ftDj5sO5mFDWLaNeX2YY9SNDTOrFxBFwGN1hceTAFLB3utK4jg0Fq_nLr9-rzggGhy-AD7akRL3ssTDYoTh98uhYYqq5E8i2yDrekzotoamw,temporary_google_url,icon-1387,القرى_والمنتجعات_السياحية_بليبيا,unique,unique,exact_match
46,منتجع اتش تي 3,منتجعاتشتي3,13.642859,32.786514,valid_point,available,https://lh3.googleusercontent.com/umsh/AN6v0v5WkfJDts-LE-F49eEi10vz3n0OfdMXxtWzIiHCM65N4xN3C3DJJNBXAC8Mq5SYHUGOCgZVh_rCMZX4bPO1W7X3hJnuM0RUipfZ3L5BDx1KaQeJ1d49RVjNKOGiZw7CcwYY9wR9fvQr9PHmvq8eczE1F_zlTZzvaR7s5URNQgeCt8UO7d6vKxhJ_TjpwcdV5vv6cTA7mWrYWwK3dpwlOxHiEOmjVh8F7kIJwYsDwyPEswkEzKT4U1a7Zgryexsdyg6FVaMGEF1mEolOc0L6RmxGK5HzxfNmaAA-4kBzl1GBu8LrkisQIYnLr5szqg7QBAuMPCc9QkzAsx--SG5QS6UXFsSLdgEdrCHK_OdMFD0q9iljYbWPSip5HFaCskuCn5JfpIAC72o-TeIyJACeID7OlFr-EiqqJGdhleIQEdbVg20b05Vf9fUYUC4n7P-6rZHqFYRI7M-s_C-M7paJCI41GafnuX1Eie9_emCjAwT9j6tSYgVZqbMi2vpbY91Z-ucE_9aGd33OQcX214QwlctZ24WEDUYNMzYxSmoiuMKDzDOHHa733hG9sEgYQqi3KWLtmLjyGsC-LV0diY5HeY5VGlOdtTsbZcfZo6PWitmDpkD9F17ZRSwRuydZQM7qj-bjFdJZeTCTSn7Ida1diur1cstGBXvQTBByporL9W2rsY9TGq1xfQYpOPlGINu0aCO76ghrnfvWAVgUVKTQ_ferjtcCGw,temporary_google_url,icon-1387,القرى_والمنتجعات_السياحية_بليبيا,unique,unique,exact_match
47,منتجع شاليهات للاجار,منتجعشاليهاتللاجار,13.644477,32.787918,valid_point,available,,no_image,icon-1387,القرى_والمنتجعات_السياحية_بليبيا,unique,unique,exact_match
48,قرية العطايا العائلية,قريهالعطاياالعايليه,13.675653,32.789468,valid_point,available,https://lh3.googleusercontent.com/umsh/AN6v0v7oNHehCB24r-Tc0fssAVj8oMP--ZXLz0TbDzAg_80zj8aczP_uAVO8Tg1b6yL6805BQqKLklFkf-AicgLgz7M845CawgYai0bJerrtygXy1zSQVq0DCTjZF186rbPXF8TIlWgf-lQSiVETCP3goaANV8GDjt_inX970hZgiTKg1_jtty2ECTyBcCg-GZbayxBmZResbKiKIfQf_6WJed0BMuEqZJSIhYlRM4nR-f5zhP8CX7ZwGcqLAqGJFNazEd4eP1y-HlAMmyeBbGg_CNXMj2I0oyupE92Eg3hLJ-5CVIznC2rqYsyI1Koi4GEytSxnd0JqW6oUA8CAhEQmCzxK2xPmMdAYZGzXLzhBU94-YWrs6unRuflB7xjaIZhoeJeTeCYRW0QjM1sK6Tqz8oyOn-oKZrT08wKLSTB8_FSlDSKCMzkVvvla2aBi6AF0JQQketroHQySp0cQxHPLE6bPOZOrNmiXnfnb_BR9cDa3f5BGnb8dYUW0RQjzwNdVXgE1xN5LDstWjLyMi1X6LN7Wm3e-HXCwOcD8WsWkm1Ii34u1hBaahkBRP2dGsbFoOuwZsX4EXiYEzvdSuVgD4fZp2MHG7vrYy7Tf4iobZmxEzWVKjhiTy8-Z3qnU6LV-S3xa5fFwCoA3Yycb8by5yKcncTSC5A-0WgdQ4mcMrl0XAOE4Eo3n5A6vjllxyr7ArQwnSuAiEbhvjGukBHaXOnP1jwbrKw,temporary_google_url,icon-1387,القرى_والمنتجعات_السياحية_بليبيا,unique,unique,exact_match
49,منتجع برستيج,منتجعبرستيج,13.66734,32.787004,valid_point,available,https://lh3.googleusercontent.com/umsh/AN6v0v53tLogNXLU0fcVZu1jGgLxJNOInCyFzBVt9OnC-9BBuJp8AcZRi6HpGl1A5K8fQdPOpFwXKT3nkrU-mLPycA0nFt0aB0ossxSYdTYA_7-zSQ1nZTa_R0xzC-mILf4lRss7Rc40nc8CcVFJAcUVpoaPshZbFcZ9_DbjFG098YrqwUB-OXTv-zxbo2OjKF5qfgtkxEnTpmpLjCPefSu6pDySbLQSSADnokqGIddTLCbMdGeLEfIYEl5QhqvRFBioMo_ZqJ5cK947EPwxJmBAly5RAeT5m4fmyjhunC4KdIwFJmxNN1R4Ke8OTJT0bzvu7CBvuyoHw-2R9Rz6E9Dl3puBDK-8xtuSso21DvXcopbln0w7Rx3lSQSFLPspUnxWJJBTr6wwSOtS6RFprMCnLawqzSsV2by9BS84VXovooQpOWOmPpT0KwqameJlNrPewB0Ad7zOLoDMkk0b6I-gX-GEz6DOKk4hRNYmPyJp0ogRkUOaBK778DNQnAkk1zFrvy8F2DlArviBoRfYBb5_SY_joVAozL98rV1NPud-AxKuqEElyhRinZGI5CW03mw2GTj-MHbncTKG5EaxS4BHCjW7g4LzwAAflXhCQKQm27bv_Il1f3u60HOnfjeVhedqqUa8h0_NeWYifOWFdnXXujEX3BSDE9Y7UmAmif_yRVeZkBZJ1GKndWkZmpqnW4gwgvC7wQHiNYUEV9dPRzf-yQpOBIwvHA,temporary_google_url,icon-1387,القرى_والمنتجعات_السياحية_بليبيا,unique,unique,exact_match
50,قرية القويعة السياحية,قريهالقويعهالسياحيه,13.63431,32.787161,valid_point,available,https://lh3.googleusercontent.com/umsh/AN6v0v464Jr7FgdBoLyaXeaA5p6zM4Vnfupn9vl0YwHegLbiv4j0zhOBrhv-HscpwIz9K1j1X2PbgY1-zyZGfovA1H4uC3ZoM93kN8iT1gqn37mba5PGsaGfhd984PlDPqGB-ezpGMl2ysx4uxo3ZMPTIOnVv-Wyqaw8AdDjiuds0wKhtKZxzYp8RLdE14m9qSEEIJR0IrkgYQ7SZGy2Z9rAEmyKgNJ7UwIMquuyiix8eNP1-B3QXQsjlvYlRI7My-e-Ti0MZEqvCL3he6uT5UauXiaB2G1FgTo2GMrDYF6d8TdbTVc6E5qszKex50mpS3n6NfiDAan9tjYjRcmS18tR1nZbIQwcieK828gy9sg346IqcfBs7lfU0Wx3xubNpvErXhWn5b0JEZhF0UxsHqAWB5xExPKa9fAHT_mfbxxTemp0EL0PfDBsnIMYwfrjA5mc5ZstkQH3SiWkyRhSTkc_7iyd5agZl-RPbr_GBOeKRqA-ZwDIk0-Pt44_Mcdn6rmNU05pcBbElom7xNOM3UvhmEJcE1mYpYhFLUE84Mblj4WDfWBZSF5LngIkGABaNDfoURiQJwfx8IiGDTS8kZD147fTNltqWDM2k2T2a3JDHWeu7OR-LZElKrQ-vlIFnz_E7GAlctjMC-D9-4YaV3-74n0AKGECGhhlPpSIbxNjoev_UEXBLjvCKoypgf9LoYuUasexohgEFVLqMdtZ2OExwvnT-1fjzg,temporary_google_url,icon-1387,القرى_والمنتجعات_السياحية_بليبيا,unique,unique,exact_match
51,شاليهات بن بية,شاليهاتبنبيه,13.64435,32.787928,valid_point,available,,no_image,icon-1387,القرى_والمنتجعات_السياحية_بليبيا,unique,unique,exact_match
52,قرية ميار البحر العائليه,قريهميارالبحرالعايليه,13.68749,32.789744,valid_point,available,https://lh3.googleusercontent.com/umsh/AN6v0v6uG7k-PGyaxWIWV0fBvMDMl-ugSoiO0-6BPNqX_8UdjM-YBE9hcPA5o8h1wK59AYCEDBmNllhfnDKBDxwfVD04zfZEC_33FLWkZYsislyUhFUl-yxaV0r6k9qefWHQsJ8HXnmvHUS-YEKaqFSf2whZhApaTWRJ5oM2DKQd3GVGPiEPHXa5xgQ60T7w8iov1OoTGN7_E6Ln4k5AaFfe_jRLz0WTdgUwrkZM7ZIKv2dr6bdmQcZqdU8WBOkvqzG_OkrZWxWB6SLMVIdwjNa973s7n2OpLc9KLA7cGYGrSpI8cO_knwzEZPxrgiWW-OERGJYpjjCyuTskrLGrelqvC6ipKx-qRQNwpJfpanA_t1wUmb1NJh2heeooy4jUuR1miMgykkFwHZ0TscqZVs4MYyiqGSl3IpKuGzyXPL8Pgszs0G2F3Y-uvSL7foqhTypqR0G9vKjqAIIl5lNV0KUW8hIwS4etkNp5ZrFejB3do5mxlCY8HUm-D2HqzfMZKxA5rE9ykk5Y4nyKkh8bROpsBBZWzLwRcjkQQiWe0K9e9hxs07OjrS7nAHlaK5NnEp8194-M_J56Cado5X5OidRRBZaOqxGdc3rOiKTUOhr5JMq67BIT9GkrwzlJCKnwaqqFwj5TLN3ZvnZE3-WbK6XgcFxhVQuVLWe40Pxkdxw_5cdLwHvuD4XUs5hhJIbntrUU5og-Q6UKnNxXLydn1nescmzKQoNyvw,temporary_google_url,icon-1387,القرى_والمنتجعات_السياحية_بليبيا,unique,unique,exact_match
53,قرية أغيث السياحية,قريهاغيثالسياحيه,13.645681,32.787654,valid_point,available,https://lh3.googleusercontent.com/umsh/AN6v0v7kYxbXKRHqXcYRCMpSGxm-MuVn383-C2HjEPJg9Rg0qNo_r-Jfr_wzLqX_NJIEh1ozbHWhUAnX-89sbEWZWfyDOj5BALsBGbqSgjivIRtVRZc4GNxmpD9YY-FxMZbzi89o_WdhnxjZKbIjqQLbwbsR1LUv03ut-3rMF5dyeqIlt9AEUOiRW8Wm95VD_CnUDz5KV_WmHWptGDEPkGqUur6YE39V1EJdrleBpmK7k9cq4ub7-dBvqNFazvhmOSu33Av9lELJuBo5Uo8JsoFTb_CGbqvIvMWsb4FQJN3q_3AyGkojesrQ7Vzv1zaYEN2ebWZ-Fs-1cnSYToOZhxOrRRSoD1Y64bX6DHXLrjpGhjQgh2fzK6tZjMBO_QmADzCTNBAcsH_Bj1IgdL5sCUXsd5nD7dOXko_pKu2rf6jGcEBoj6VTt51YUMhssz_2oOd--EU0kVqsxXY1eYY1MqvDiUv-zk9W5ViVkXC95Z3svvOv6yG71ds7jS6WQRurFXSWZA-8qqNzbNnwUSvErM9FVYzcWXNwn_0S6RO9yw8oNlW_zC2VEHMDCvWGKHmVTo6BtsZzMudHW2dg169ImMY8Yt7wN8zRt5JF63fpOusKLH65_DV2LTneUWpG3xWQA5BfHDdF3Ei8ij0IYQbPGVvEdayb0VN6nv4ymofoOMeG-YrYvdZ00W-U8QV9Scalrw31iV8e9l0qgM7PSvyixVg94deUbt52Fw,temporary_google_url,icon-1387,القرى_والمنتجعات_السياحية_بليبيا,unique,unique,exact_match
54,قرية الخلة السياحية العائلية,قريهالخلهالسياحيهالعايليه,13.679539,32.789005,valid_point,available,https://lh3.googleusercontent.com/umsh/AN6v0v4aj-yTsYTUHuau8W6hFmIWFb1bOF9AjK5IynhsAmQzsPKpok1BmgA_AeZOtM6O5ZhXpzBwR84_2HcHr-N9PP_dKtHTj1JfX8y09AiwGERlikLd5xtcrLXo17mix3L1EgWsh9gNQXtQRPtJSG4mYhKZm2z-GyMrPsk9WbYxwH0Okk-XC6ks9wohjKxLJCkxvCfz02voO-8qev7xr_OJ9hkpb-D9Kx2GW2CPeRuD-5A8irJmlhgkcHbWXB49PXcXQvVrspqam8wbwl-3nMuFBaWMFyXhhhHIuF_Q2hyqS4m63LUofhaj4iGUfSr2BhdYyS12xzQgT-bB_UfaUce4Q2NnfMqFbJu_pya5RZfU1EaPQxUwxgOZGc2q0JdNO8f960hGVIWAg15BIaLS9KtF4TobywaTOwu3M4rfoyW7zZaxZ4sqjv-Ql-l_SeX0zvudn9lXeb6Gt_aVXpS0f1joMwrnSjihUuRQ_O6MoRYNunJpaBAef5kpaSLbpabyHeXVRsMtgBrq5y0yFXLzXD4JERd7tXMtGEIxN9qT1UDCXVgxIi_kMhE7hZWM1XKv5fEBFtJ2ALA_-mYD_6YjzlfmaHxJ6NRrc1F-dVEpiJPiLmCAZFHRsIoyA36KaMWUlX1dULVkpwzJtLC6nSq_W0NdBJH2KPtjNlaXHTaFX5N3sGUs0JEfADUGZGwYW_Kev3YSt2ve8HnY87Exvlp9wZgxVFIX15gH,temporary_google_url,icon-1387,القرى_والمنتجعات_السياحية_بليبيا,unique,unique,exact_match
55,مجمع جواهر لاند,مجمعجواهرلاند,13.646366,32.787247,valid_point,available,,no_image,icon-1387,القرى_والمنتجعات_السياحية_بليبيا,unique,unique,exact_match
56,منتجع دار البحر,منتجعدارالبحر,13.64709,32.787622,valid_point,available,https://lh3.googleusercontent.com/umsh/AN6v0v6YNXbwLFcuhldB7wLYwr-XEqZ7_-YmVHja-tVnaArrl8EPLRbGqnVI0-33v1NXA2TNaX4uka1LW-diZXUGROgL0DvksikgdLO9wh4wAnJq7He1Lnt0Gbh6yNhduWg3lWJu1sUrTuQLkCvpvHCkSqFc2PilJLEHPws4dVnGdamI4PNBKbcr7NXyD3AYbxiZwqbmPiMYDKmhSfb6mmnUokjibXDe00EFKdJ4zBy8aMfNmSUCICzrn3XwZXSHnHCCy_H4K3nQLK_m3i4bHnLaBOqaYzeb_4RMgpLD0xJpSgAxYT9Sqmez8vwb7Vb1dvb3sVayKS1xvqqtBnzngYH4j1ckVCcsMN72KdvgkDqulUJfKeHtm9SxCu7xcvvbZuxVcPOJSEHOsPAQICOIsaTp3HAyciWZ1Ko6UxLHNjZByMnTbaw3E6s8KkouueYTSdXX4rnes_IB-z_-Zw_1yjcrrpXYOOb7aTZSTWZXsJ5MItgqj4eSU_j8ENxuVK6nSPkSVnT_PeJBLTMyFwkcbhbwCiRfpAQpr1xHhFc5OKKYc5t21qnVp8xRgWm11iyDqYpwhDdlCIR8yTCPB1xpdnyhKdCj3l23zgcwzh0AaWx0zcbP52Y4dTgqkuzEms4c3vh0SGVg-zZyPgyyM2MDXLUdIm43KVHxvvWPBZePx-yBY2cx-8xvnT3VBA3mz6G4gILQqTYidkEfFVBPHnmSB4fEx-vgBBqbmA,temporary_google_url,icon-1387,القرى_والمنتجعات_السياحية_بليبيا,unique,unique,exact_match
57,منتجع وادي بالنور,منتجعواديبالنور,13.59408,32.792644,valid_point,available,https://lh3.googleusercontent.com/umsh/AN6v0v4ryaG5YiEq7X04OzPmZT4Xlw6d_DeN4tSqm3SVCqz4eSmuu99eDccDJhGYy96QDrM6cMTY74V69kWFonwECzydcuB4QtWVMb8AFsnNLEPKvWFLL52c4KSzGrUeu45nGicteT9DxkyJrCV3wjuPez9qRgmEPk0z67Meajxo25XGEDlQW-HImfU31oX67yy3bAreKsYgtwLcPCzTboA7kPjv-Ff37db6P2n5khM0BjEzzC9JG58bdmrOaQeVmzK83oiGIUdZIGvd1l5mX3Ecm5caaBH40hdIsL-IeZ-ns2KHX9MFzX8mLqJexPE1Q2z9pcl8kO5nDmCI5Rk5qqU91rX2eoMyk1Z2WZfL7OYS5MK_fnd_MyfdHSdJIhk2XsUDUKwfnjG2zAJNsDs_mi8BBty6Qzf4EmUNS-xUhtSZQN3iZAkVYQSY2hjxm8kTADNwS2X3iuZX7Zg9Cv2KshvBjrdkccHjk1I83cLpogm6KuqbXp9oldgMwZE_lYp-keJeGke4O-ZbOyKDoFCHPDSFYqLlNpzTSCror3iQH_8FrMIjMihbDj3tlF4Sot3fz0nH6cv5HKegnGIfSaOnHaualWGRdbXu0HyBj_tTSXCoQdeA8MIughiWFqMSkapnyuzYF-WoVymQ0I2SsU9EVigF5X5ccMcMhDlnQbgj7OUWCpWxb_GD3PlA-Rlc9Y-hAmxKoLhzzRSgttQBOdmFRkUBnkFbGaC9YA,temporary_google_url,icon-1387,القرى_والمنتجعات_السياحية_بليبيا,unique,unique,exact_match
58,منتجع بيتش هاوس,منتجعبيتشهاوس,14.058072,32.717408,valid_point,available,https://lh3.googleusercontent.com/umsh/AN6v0v6dVHFPsFVhkEZC9I9G46rBcJg2a7ZBz7AhJrvTVkZwxwzf_RQ-XWbrciWduhzYuYcPw-QP8WDLOnGGtEbb7cZqPDv8unR6Z3nahj5lk-4oJGrP3tmsFuukCForSvINsNRQsgUzQUfmIChPy32qJ8ARulsjUEbbLLCkkwEtTwqpzkjaE4ljoTJyNVJNDMJD9mlrvipWN5UuMn1XeyvRBijIrf4En7kzNuQUDPx7uYGpQzr4hfCZI16z1cl86WZpfZGm7p2Sq3OI7vo0UZpvZq4Q-b-s_u_9vKKumluFLCGab39k9ETJGZNIazBnghODSsjz-4fCIR0XXzMNcEjRJ3-R38VZR1tdLSAsDnqTc9lDuEvFX34g3-aIUpnTBJbbjp7k-n9RtcXNsDOBECc6OcCEpgYVNycNRM7nL8Xsqb0Tuw2Rj94NDtKyPU9P4fl-J76iMP_VyvQ5-HTx7YozX0Ew8Y5hsH1ggxCryBAbfDjriJxPW7H-zEloAu_dUX59Cqv62bzuQMdrcm0TWGChS9Pk_OcY_6Fmtb46oq90104oakETRtTYQl8wLZRuY6Yw07mDQSpQVNjcsO5GAuQQs1GvR4_pgCJ3v9pzGjOwl-LG1HaBHLmG2fbcLItQS2XqUpEj5z7McQNrXixuJSadUri-gO5i0saxodUYyqmEYYgXD7ptdNBh3Nie0vWM9iS4gUo9DqvoYoOCmFklU0nQq3aLRwPp,temporary_google_url,icon-1387,القرى_والمنتجعات_السياحية_بليبيا,unique,unique,exact_match
59,قرية قوس غنيمة السياحية,قريهقوسغنيمهالسياحيه,14.05612,32.722872,valid_point,available,https://lh3.googleusercontent.com/umsh/AN6v0v6p1o09ZSCKeEB4xMFFWOnUKJl8yAJ902btwj-giVvFgxeN3ToNA3lbzPZyJSFsJrkZ1PQqAhNmUxMgwMvtajbD3gWECwMzvw4lLGaxBnX7EGt0XoD1Jt33DLMwM5gssgAzVpOZYs2nrAzRaoiLgPTtxhOqfTnef2EDJa6tt7Te7i2lghmRZUytN8_vahDX2wDSmt6N-wpxZgMkGY7Uc8dYBHSp1i42ymD2UyktdQ9d9Hd1N9xhcAGj7G83uR1ow1CiRSK8LPgDOuhvFDP2kBrax6BT4N6PIMfHoSkdjBd3IURciguxkw0wVRad9ltNRyKCzWRqRodqrRMTACjjRv1zFZzslF9sjre4cKfgpctCjXyePBADKMZCqQ0INAB_oEKHcZlhwLQh3DLc2zET6xYw8PdJrfnxo7jrsYZO3z78kF-fXCbltdnHQj5t2GeCqjrA4filJdB9zeF_Hh3Qq4wevJ6DDaVOpecr_3lHBIAlgLz4Nb8kuT8-Vm_R0beCLlC3piUg4RpYp2Zgy2tlKmiD2uCcoyBLHGoc3JMHZjSJAWsivY14y9zmENJpVr1xOW7cgXNHXiPJB06NqwjPmhcgtnPJRhGtR568rmruz4iYfUk3_ChAmk2OhCtWYARLF6rwtExfI_zP2hbubBG5b1tCO3B8FO3RMto4YCGkfzWOzp95jEcQHN26_lJ7duB2L2CU3XFnqn4ho6pEY6lx4Fjk5IAL,temporary_google_url,icon-1387,القرى_والمنتجعات_السياحية_بليبيا,duplicate_name,unique,exact_match
60,منتجع ايليت السياحي,منتجعايليتالسياحي,13.658897,32.788973,valid_point,available,https://lh3.googleusercontent.com/umsh/AN6v0v5rAamAC7XpIvDY0_PzESTw6gODTVPdmhE8ryzFN2TTC8aDLgeKbIif1WKjHi8z2Mrcbpexj0jgc1azNJiZza0qVTZXpNRAGUM8aMi_IZKqMJRdPwbWSI-_lW7-43et4uKnne-z5v_Tgl4Fom0Y07Sd74_nLsWkJOzZ-Nw5hLmA4o5zc_d17PRfJiOOgiwSRiLRkbIkv2sypV1GZybW_82VLfQYwCvV7c1thjq_8pr1cojfQuPdFtmbrYPVQig_MFXr1T9BpAx7h20RHC_q0zvF5I22zFLgrLeV6qPlqukQ090jP1VcJITV5hsgVxvtOfeL5FS221CVPjkA0zGQWMnmcUt2XgxHNHhtZEzQyO0f_yvb3wY2DM4HD6GcXaN_HKwRWwLySYKZ1Utpv2uzCPafNBRz82nVSrv-gvPDTw-s4BVE8tiUbDKpyGHIW7-xHFLnMDytdlxxpbDXQ7fAzxhJ_5d1P30dZSshUeFDSHocfAw3Q0qI5R3_yh1VzR7QoLqNLFCcWLH6lK3Ytzl6NHrDks0J32KdhfizdfkQAluwslZxMkQrul-V-sq_qdctKophcSwdyRsiq1T90YvPny4aUVEE5DQKuWeqjSC_eW_Na6Enyuz8_pwCyo5m0_-xv4R-eNPg2ZkFhIvez-PtryF0SlI4TgDsbcI4hd5Vr19md9jUB9v9Ipeqmpqb2u4JdfyhiEzVndWHOjV7TI4jjClk1xBTVw,temporary_google_url,icon-1387,القرى_والمنتجعات_السياحية_بليبيا,unique,unique,exact_match
61,قرية شمس البحر,قريهشمسالبحر,14.058758,32.721782,valid_point,available,,no_image,icon-1387,القرى_والمنتجعات_السياحية_بليبيا,duplicate_name,unique,exact_match
62,قرية لؤلؤة غنيمة العائلية,قريهلولوهغنيمهالعايليه,14.058367,32.720385,valid_point,available,https://lh3.googleusercontent.com/umsh/AN6v0v5Mm-maSPvJRaoR9M200Vei9YwMbUkRQKhLNtOu3UUgaq_SCOpsJoXKnQUhkguhQCyE5_wwjeB8MzEBNXJaeg1Byft3bXARslJWyMBn2JE-8VuGjY2JFNbI6mpnuPM2UhK2aq3w3Co3TVLRRgLCrUVtE5r5hYFQtdFvElDSUjKljx1CouKC-pET2PZntUpvQ1N71CZwIpgnvXhn1MSX_cuZeeX2s0NEg0Acvxy-PtAbjC4766ZkoWdWvayA06glO63AVXe88d9GAKzntkE0ttHHiDphQi-DHYHrIQOUUuxwCX395dZ5maiL-6ybjBxxOMJ6v1SaLIj7SrochiUSjVaN1K1n46HGnueAsm6SIG_rlV4cqLscWoIfgGHCestiwPpBNXDMuMPMYeTjHpM7cAui64lxPuPcMCUqIrZ4VaW1yEqc3CTE8YXWyP5Vz7wqggmWh017y2pITepE8s7DCVf_ySKztlc1T6e9_Su5QaqVtVu2CK8-GqwN566NHQUgcJlMt0z-XQV92mqEJFFnm_XEmXtGwVU7T5S8QXw51UnHYuwVOv0OFt8jRKbpMX9XL2xdPeTWtsirWRiLiNe2DvFFr4GrYhoVQQMB1z_WTlT1Y1NJCNkqdCk1nghsP-472yZD9MkcCbQkK-hCmOiu3OVvu6SjPQAa9gPu2d4SSd3U-zCd36SiHadLWivvVBfi1RbgNyBDTSOseycU6f7ig9XYqdYCjw,temporary_google_url,icon-1387,القرى_والمنتجعات_السياحية_بليبيا,duplicate_name,unique,exact_match
63,شاليهات ركن النيروز,شاليهاتركنالنيروز,13.647632,32.788222,valid_point,available,,no_image,icon-1387,القرى_والمنتجعات_السياحية_بليبيا,unique,unique,exact_match
64,قرية رأس الحمراء العائلية,قريهراسالحمراءالعايليه,13.935119,32.774035,valid_point,available,https://lh3.googleusercontent.com/umsh/AN6v0v6FXe12JqenVVsq7QZlvgkZSQJAkU1eut117f-U3Gt2GEH1vka04u_N6H-CuFWzjzewyu7OBs7Cte2HTKmICLR84NDpAidFh7x06Zo5y362DKq68jYVZVxEGi9RwKJSk1oBjB-VuXXAW-K4WK9YrrXGcVn6wm2i63l9_KfdaQq8Ae5pW8CGCfcy-UOE6roltgna7q8slK5Oc13cF_V-BWT6vy7QPymQAQ3eASltrx2sTH0i5LT2t5a1bhg2_Q6RIlfjleve80QIr_GM4HhpiK05UArrSRy_1qzf6XmzBCKT6SublGdPl3fAxp4BeTY-kAqho2le1JYqukfcLRI0g9u0jy03gvw-Fh9losUmTo5-VnXqUtD0XU3XbuixHtNcc-jdAtPF72CcT5Ydb-BgAWTK2aeIA2DiEGVTgOdVS2PucRcL1VQ3cXoVArxC-dSxR-wTYbH27gOR7pDLIHeZRi8aAsZnE3VWMSgW0xdF4K5HNn2b5O4Bh3Q8oEk87PB_zLkthhTYOaCE6Sb8liDnAewJwrmTvQ1aad9sdD9XNQXNP6-aJfkD_GKCgiPCn2z9eQmsI7XTO2p_42cedLDZ-6B7k-cqxz3thfslvhmcbaOUkYHaf6uDFRk803DtIjlGGf4Dgf-WO1WS8f_e-d6lBcSW7evZ9CNdktdJPJcEmD9cS7-U-_XaWZ_siMWTvfPjtwSUoHjmXJanm185EfNt3pjG0L_7lw,temporary_google_url,icon-1387,القرى_والمنتجعات_السياحية_بليبيا,unique,unique,exact_match
65,قرية شاطئ النخيل الذهبي,قريهشاطيالنخيلالذهبي,13.935483,32.773377,valid_point,available,https://lh3.googleusercontent.com/umsh/AN6v0v68aIajHYAv6pFDOrVNkKcuol711XGVjZ6pS9pVW-DvePzSPGFdI8Aj2TbgvTcFtHgrzW3LaYtx4nApMzS4MaPVfrco-mb42kVw5CdcJEbygseNAIm2UhefNVB7_K4iyWUTr97f2SKW3MyzKkeblHDmWWz3z4khP8E2ncYh26_uz9xQFlfvRaNWRBa7DAlwtS6hm2O_5dxZ2zrapiDkFOU7eJSbOySYWsllVDrq6lPawTztdlQYpDBH4b6vajzFIQ-oRVjzkZG_SyOsccMB4ZF_GLPt-4HO6E-WvO6RCxk-0mQyRW1rzWyqf3Hxcxp79Vp5aQdws92xnhGXo5apvKbefMB__JiZcc8w93obwq-jn56b3qvb11ydoRRNjvmDeF5eAvlZvslBJfxDumgEb2tcZ_gbMhlh1Ghuq7DmVjs6db6HoIlSnaPAVD28cKVSLaivONLBG0wNlL9v4FaDYg1yTT1je5Y-nLSnKrpJz0A9SgnIcpmX-Sfi6CTOI8jpPY2bYqRpDivQe_OlXR84yPynbBE6Zr5VZNIxTv2iAu3oQtQTPjfs508tEQLWCnKmdadkDRAfXx1ZDKDJ6CnX6Wf2JbQ6MelA6GUPHfN4tYFUt-kLQFwRQ2uBcC2yzsz56EjCZ4em4n_bTp7H28C1533DYedXFG7Ou6yVkdyH5uimlfPFwzBmOPNw--1I1S9_EGeUcyd9HjCD8MHD_h48VIgXncWa,temporary_google_url,icon-1387,القرى_والمنتجعات_السياحية_بليبيا,unique,unique,exact_match
66,قرية أصيل السياحية,قريهاصيلالسياحيه,14.614519,32.489638,valid_point,available,https://lh3.googleusercontent.com/umsh/AN6v0v5lmRH1U10mz3L8FimVoCAXYbqpXtHXJNvJZ0LcwLhhH3QcP-nxg8a55FhQdI2cn4FaXdI0aLATMabqr5sQ8hsUqEzgLQ0b8c7TJs0upib3lRZZuM069cw8P9tI5sc9BJt2zUsgskCWgruXXrN1Ky3lVQjmCeV40jr_iQfrLaWxI2QKr6NSA9-gIYCMyAudoZD1uunh3g5FLW-3AOo-Y5IEULBqEYStBvfrMzUrBkZeRZjVfdx9sOdhIyegd37PR8bbaVAmynkpqYAtzVUVzkoasswvJe6LQZgWrTd8Lgh7kvBmfuHGSOQk3NKuWL8XHwZweHGdze7jW7EXp3nWZCqoZq1A6kokvjvVqrt09UGORo24VNVBGD3HQBJj3AfvYdLF0sWpTmVvEvH5MgXeZ_qIkXpPVhdh9AXOJFXdmkvyo5TuEWtUSbz45pFwz5VqVSFrpXbj1AxR2dbm7lUjqJZWzXNuf_FLy1RcLlmWl_oe1Od0KY8pWHGttUsHsjK9PPQoByHHvtNSLFnhohoaH3EVXaJOUqUZNpwD4wmlvJM4oETxHqKRDnRRixM5V87D6H2KF6ZNOSKsMxgRL0sAesf5EkoI9xmsjhlvz5mX7ehEtbBtaFlsxYMz4d37qn4bVBi3GPu2QLGyuTV-tmKGymVB5Va7ZY7VnU-PaVlm6I7jf3RKPA-TeSlwGftoIu41aDyGZJhYDVvOyR94qecKNVuzR3sf,temporary_google_url,icon-1387,القرى_والمنتجعات_السياحية_بليبيا,unique,unique,exact_match
67,قرية الهُزم السياحية,قريهالهُزمالسياحيه,14.620055,32.489371,valid_point,available,https://lh3.googleusercontent.com/umsh/AN6v0v7-C-rpElPZPQvxUfpDYp-VLGa9qrx-lolGX4KrsEbrH8b0nc_SA-DrhzhrGP2qw0tEtiXs76k_hBcHUpFqw1mqzG8R_VNJ5_orIbCpQ5W-ulVkRBFr4eUvOtsdYK8vVAv8NmghahK9P1VPI6kelzxpimrHOJTa9bXn4hBB8FgcOKXbZ4KFVe5MHIMpAxvaL7PkJUGPX6MFut9S6GSS4X8cOpvWIJ4bTlFMvjVa36glNWxR0Gq5mHh3v-byUBfl7U72lfHA2gHwLQvR8XxxCZyofkakaUBns6yupHJNgOUtTlokgr5mYfbPtcWyVG7uhYkyiBRd1KPAEAafbH6UJ93kHv7ec87DHrqNziQAKg816ikfMsYcNtg0StSHWEcVAYF376eo4b-U0scFDvp9ezcFQC5WftI0al_3xbnDTwVQT6-wH_eHfrjfUcf8RB5JAfNONzv2MjuTvYRJJ-Hxh2_wRwYq08NwoR07Ye9f7jrOJgYsJrWkxLA05Q3NKcOZCim_SIiy1pbXDPsvO7gD8Y0TzL2xn-gp57x_CLDQIMwh1Mkr46Sn-OA-Y07QdDPxKaWr6sVoHYC-VyAMAf-sy82ttZTnKNRC-MYoBO6KB2WYQ7-6pQBsgFZWiV0SQRGppahB4XK9F9DDaz1BvC9qebaP9Ts0kH9jAgbGQ8-F5ZpX1WVW6FKs3lGSrB2v60n70yvtz2H5wSG4TH5hx0zB5L1F3PnKuQ,temporary_google_url,icon-1387,القرى_والمنتجعات_السياحية_بليبيا,unique,unique,exact_match
68,منتجع الأمان السياحي,منتجعالامانالسياحي,15.001973,32.413207,valid_point,available,https://lh3.googleusercontent.com/umsh/AN6v0v4tLwbGsASsACY9R06Sd4XC69jZGgB0gjBLV45uc_RxJa2D7FNcGnoup_vm32Jn5Nj6NIpyWeeq7lYBL65a64LA1s68cQStWHA2pjwcF_E6XGW9MbZ7hT9uvo__i8kkNxSNMJb7sZY_qYOC7yY45tkfs1jlsHyVwdWfkmHpOvTh_HAEYZHC-PkDcba8sHThUTHz2vZdUZPBpor_GDAmYBEaJk04g20_7RUGebJ2Iw_tjh5-09tDY2TRyBjbh5M8XJC-V8J747Sb6hLvRqdrjMDDWMp86_I8HPRMA5Boft3HdFGmSt5Y0dQjTxeaQn_YtZ2daRWDFlvBUmB8v8lFvc8bW2H68V_G2r09YlsQDEjWf7jS8KTBnkerR_otlPEtiLgXpjgsgUKEHM00jxVfoJc8jnyNFcLpEtj1sIyy8zV-JnvAqh-kmTZLFgBVl0Fw7ZKR8Wu7j3Rp59-iSb1VXqwnVjK6HCkgxQlowG3NY6YXmbGdo9Y7qHX47iVavDuettCkyOMp87_q7NC2QPff-4rqdN5udKwvtWaaUCbOIyg2H-WiPahc01l5hoewlJuXrCE0loZQIzDvJj0ZQwxm7pHos7lNn11BSrPtvxvHlL6qt8SFmPEECu9mfC5vIpZfhq7-v81BWjbPZ0PYxvz-cqL5A7DuX9amw-TC4Tya2uv7h7aqolLQKeW3KrzPp9h4kbSR7jsbkHWV2k7J-dDbMoXJZkvEjA,temporary_google_url,icon-1387,القرى_والمنتجعات_السياحية_بليبيا,unique,unique,exact_match
69,منتجع مصراتة,منتجعمصراته,15.114877,32.405137,valid_point,available,https://lh3.googleusercontent.com/umsh/AN6v0v5yI87dRs-wy7vK4eWCv4mHuF9sXDnx64rU8GS2L_zDXtMBKWb5nejb0F3NViqMcEjtKQKF8pWVXZYfbhDhRqvkiw61vjmrjSlNLM5wA1NzpN-zAvCKg21lExz44JTsd4vvKDYPN2iq5wd4dIfagClFOJ7gX0o5UUb25kqvzx6bjzh09e_30rn1YPe6Cgj8RCRTXfWef8XTQe-T0pYCXQaBBYWKzyK3CMJP8u2mPp6VQJepX7_9GhyTS79GdkWiKYgq75RyAvTqCqfUA_d7Gb7RIQL7Jo-8JWnq87Nx5txtOnprbr8_BdYAZ2aGNXe_KZ0J_7GYX6tpc8M8iTIKtIYuacWa6khevgsxCt_iQm2h_riT2-Lh4fiCKUEoWYrFqrgPi5OAtfswwYclVFNXxwDTkYdlBuPaVLy3blJq8bjwjyGiGVokcYgWE38vzxLLiWj-KPbjlaAN2JmNqIBvK8IqVmS47Uj8kiG5O_yQKrPByTnLjU-0FGZUOMC5rD5Zm_njTRQXN3MqiPGL9vfkkXTBgaDKyj7tja_l4m3GGRqXs4S6lm42Ks3mBaq6Ke7979RFS9ja7Nsvw6fO3tv_kyFo_VC1pbMktgro2S93FNFng5mRzxhRRj4-oas8v36RZOqRVstIHIati9x5wr09_SGMVpGsQJrHDIubRaNQrCVEnxdhsqVNUfQDihK8bKJPpKJjKZ0siRmb_C88Q57yn3vVFsdy,temporary_google_url,icon-1387,القرى_والمنتجعات_السياحية_بليبيا,unique,unique,exact_match
70,منتجع فينيسيا/مصراتة,منتجعفينيسيامصراته,15.030501,32.410642,valid_point,available,https://lh3.googleusercontent.com/umsh/AN6v0v5ALB2tvv06FCYPKQLdxGtQA_F9FiQ2H1JFKUBuNFr3T0RAX-qhb7ibXuugPSfp6GSe3Tbja6_fmlrrap7Hd5uAeDSahd75uCd9pGD8-WV7X7nwdAqQv6uonHEx7OcUsxqQqd6lEDshOzvB-ZRfhx92WGpSz2r6qsNx3Uc6nGqOLcgd7NpM4sRaq5h7-w0YPLRFRizSVky5JOvxPgB9vXYdt8tb_vein6rLu98KvEJANHyWNtWrceYTPLfYTRlViOW8SilTazgfnRooIYjtC_D829SV83vPMa4QFiESw7BjavXlkzFzyk-JZ7wwTFrDXkr1eQCxiR105VkzpCFro4gIlnkHjOkneKkJLDdFSHeJLqzQ3sC2sL9-qNimJmAkNdyHpvViTbfRZs3ZvYVt4AN2_u6lY3KRKE9YhPTlRCkXn_qFBmwmQ3WNRbxU_41FR2lP2LJ2JOXu71Dcxqjm3fppTUYcXRcunU7QHDGY70EmgljZ-_UvR4-tR12UYq2DUw1ZVRA2vbBKxrNDdSqdNCoLpe1uPuPuqY55zsz38CPjxl-WQX7GYAlvCmmRHX4-vpre8H8er2yLfWkXqRiT4T7iePk8j0DQMxbFxjHYGIc-V_YzWHrfMpY8c8iP40PJY-w7DapD7rYQQc9co0308DvEGUAm6yLcZA7Qb9KY1d07uzrkYQwN5ehf1d4RJ_oudlJyrZSAFUWJJi5VxS1lQVjh1HW3BA,temporary_google_url,icon-1387,القرى_والمنتجعات_السياحية_بليبيا,unique,unique,exact_match
71,قرية زريق السياحية,قريهزريقالسياحيه,14.929789,32.431147,valid_point,available,https://lh3.googleusercontent.com/umsh/AN6v0v4TqYwfsM88lK9FXwdniPXJuZAoalA_ptiO4FPWpUC_Nkvgk0Dh00_7muzEDVbNGQ23dx5Xb2yemMoBoYuyqhOQK1jPIM5dVQGe7giqcyIvXfXmmHEyzY1PbiGTEQ9AZ8DJD6OxEB7VM2AeDPSX4g0beALGWS2dM8ol6jaNUy8MiXhaq286LcFNBIaXLjNtLyf3afbegJTUg0MPSSIwNfmuKP2dlLPeUx3_4v3HU8tgF2KvDGS6UNIodWft5TWEysY31sH4Zmh44dWAi38NEQ-E9cwY-WRL5R3fl1oIZExmhYAQLNu3W65yuK3Bp7hJwN3dDUnsQU79PKKrrsj1vU_RYFrfVp3iZ47NE5g3M-ql-xwTVfWeFX69bcRN09iq7oj9_JkhuDCj0SXzNkUQE91ap84W1GSvxZ41mou_NGW2K23ZGCiT43-vSVzFsWXm2NL5Z2DnWtmsXEUrcYEa0uwl1S0c6LNJHh6j511c9TMOoYyYIugLiNUQtH_NCF5Z7DweNQbyvFimeliqsCypxbzD-L3aempR90NwSKZ42mkQSKNNUG9lt3qV1-UQ5iQ-5JH1L0mZMrWBkmbqvJ9Hzv3IdsUyqNtS_9egEUDiQRadP9zjvoObKIS56ZUJwy24AOGV7MmwZ_tkbPp9M8Rjo7wnNVm5xF8Tu4-dPErigpIeDlujOH9mdIzbp5lwpk6ISBfNkb_J95dv2t6WVMzgHL_gsDyR_w,temporary_google_url,icon-1387,القرى_والمنتجعات_السياحية_بليبيا,unique,unique,exact_match
72,حي قصور الضيافة_سرت,حيقصورالضيافه_سرت,16.615275,31.207768,valid_point,available,https://lh3.googleusercontent.com/umsh/AN6v0v4eGDcEnmpZPCYMdZq6uMfcaDVxelBY1Sz0FPUoHSq-nz3-Hnkm-pxqzMfzolU4l8ALem085lw4rqogv1_QJNmzmEtkbIKJbIOZnS75IswpVjB_1S5e1LuW0eOWa3m_LI13UlrheonrTIcRQ556DPB90p7AfozAM8U6_6bCeksyACvMvlalN1myu-XHu3_S4jMll0eTgLbBIBWj7VSfEQSGpV_WUe8oYpkh68l76w7CXTEVaTwxpiwoPY5jFVvq-jZNUAz-99lyWx_mljZW21fuxurXVHBGz5ai27iE51OIfm2NsCeOeINFp5Ib0Pg1zSwA5wLsNJE4SuKraO03FNv-hg3BIe5Ts32X-OCD6bJDSQ9XXKQAWJNI2a5bEIHH5P8bKgqREk2Z-zxpDHGoHnxrz-tN1mOA8IuCH-eGM0WAS8sem8JNJwwLw7RDCTvmZpHRxLe9L6TkJgFjsgR3We2fhYsgUgqDcacxEJswwnKVLEc-PfD-taJuOsiYJQGOfiy9fkHG0Zu-5-8TxPgHtg0F-dq3-ictspNLHx4elgolSnaHd0bpW-WMrRvxG2n_gxBQg_iyWPAOJNvXj6iQ_2JTqdafQ6jAJ8RZLCj6utyWKZtLms8Esg_uT29tP_Wg6WMe3tZZWoTn43-ejwPIik8EHmb4gDx0W6e-qtlZEgyrYKPF5nlJqI9_0vvnaH_26UM8n8UUVKTreDoNWhPWoC28X_KH8w,temporary_google_url,icon-1387,القرى_والمنتجعات_السياحية_بليبيا,unique,unique,exact_match
73,شاليهات ريماس,شاليهاتريماس,19.949189,31.903168,valid_point,available,,no_image,icon-1387,القرى_والمنتجعات_السياحية_بليبيا,unique,unique,exact_match
74,قرية شاطيء النخيل,قريهشاطيءالنخيل,19.954158,31.942865,valid_point,available,,no_image,icon-1387,القرى_والمنتجعات_السياحية_بليبيا,unique,unique,exact_match
75,منتجع مارينا بنغازي السياحي,منتجعمارينابنغازيالسياحي,19.959256,31.982998,valid_point,available,,no_image,icon-1387,القرى_والمنتجعات_السياحية_بليبيا,unique,unique,exact_match
76,منتجع الصفوة السياحي,منتجعالصفوهالسياحي,19.964499,31.992255,valid_point,available,,no_image,icon-1387,القرى_والمنتجعات_السياحية_بليبيا,unique,unique,exact_match
77,منتجع ماربيلا السياحي,منتجعماربيلاالسياحي,19.971313,31.993245,valid_point,available,,no_image,icon-1387,القرى_والمنتجعات_السياحية_بليبيا,unique,unique,exact_match
78,مجمع الاصالة السياحي,مجمعالاصالهالسياحي,19.974266,31.99976,valid_point,available,,no_image,icon-1387,القرى_والمنتجعات_السياحية_بليبيا,unique,unique,exact_match
79,قرية الفاضل,قريهالفاضل,20.009364,32.032708,valid_point,available,,no_image,icon-1387,القرى_والمنتجعات_السياحية_بليبيا,unique,unique,exact_match
80,منتجع الأسيل,منتجعالاسيل,19.996643,32.01888,valid_point,available,,no_image,icon-1387,القرى_والمنتجعات_السياحية_بليبيا,unique,unique,exact_match
81,منتجع الماسة السياحي,منتجعالماسهالسياحي,20.137676,32.069522,valid_point,available,,no_image,icon-1387,القرى_والمنتجعات_السياحية_بليبيا,duplicate_name,unique,exact_match
82,منتجع قاريونس العائلي,منتجعقاريونسالعايلي,20.039029,32.061734,valid_point,available,,no_image,icon-1387,القرى_والمنتجعات_السياحية_بليبيا,unique,unique,exact_match
83,منتجع النخلة الذهبية,منتجعالنخلهالذهبيه,20.040787,32.069285,valid_point,available,,no_image,icon-1387,القرى_والمنتجعات_السياحية_بليبيا,unique,unique,exact_match
84,منتجع فايا لارجو,منتجعفايالارجو,20.042231,32.07227,valid_point,available,,no_image,icon-1387,القرى_والمنتجعات_السياحية_بليبيا,unique,unique,exact_match
85,قرية قمرت السياحية,قريهقمرتالسياحيه,20.212382,32.278478,valid_point,available,https://lh3.googleusercontent.com/umsh/AN6v0v7u06bOEcCxNL9vZDisAth_x-dxK8RxieB-IofRIglJnzPGavzwmGzKvpXE9xsZ5AzhtKH7NuP5LMnARuq7HQQXRcN2HBWw0GB6gEUEBY_mUIrUkvr0_pVF9oHn_4SXiiPsmfp98YShDZqUGedVI656Pk3bSaJJ3oLwDksfSXal1VOuFgnjbhm0Kuu2d6-4xzK4BbDFgassMLk5oPgHC-Tcmjk7kfyfws7B2FXrFbIuv7R2u_MMfQGjaa8-YpKsRRa-iUQF9kkgveC1PwQUgnMvDvnOTxdijkg3cF46cKWs2J_kvlFkIsa7Ytlag_reQnUyBZc5DH8TtJ2_BFlbqINzt8SQSIINO0S4MiX0vlTPkfBdbinMqodKNqBdJq9ZRbyGCB4ZcT2X1-5GHFh47VU_uJm8gQ96xpJeXGDTdZMirmUmCcJxnZCwzk0xIp_hAwUovVLQtC_IPeO_BERo1uINuBoCLKQcVykA8HVaKwLcf2BtoXRZN8lUlb22udOSUcCG2HD01zlUqkAwsqangeg9OgQvJvq_JBaVqhZBbPpX77nG-SWr773Efcn9yFicRiR531XVo8Lvph9zjaZUhoSpvk11xDiHzRhu0ypfaF3OnQ0cdluRsATYWSN8TRpwr-JFfyVbgjfH43czgGro0LsPVH70Snuh0d7Kh_Qh9lTkf7rUf_TwhOrEi7avGdurfxC1GpExPkaTDPOJwfSmbSP_h8PZ,temporary_google_url,icon-1387,القرى_والمنتجعات_السياحية_بليبيا,unique,unique,exact_match
86,منتجع التلال الحمامة,منتجعالتلالالحمامه,21.615861,32.911311,valid_point,available,,no_image,icon-1387,القرى_والمنتجعات_السياحية_بليبيا,unique,unique,exact_match
87,منتجع الجراري السياحي - للعائلات,منتجعالجراريالسياحيللعايلات,21.604209,32.905579,valid_point,available,https://lh3.googleusercontent.com/umsh/AN6v0v7czdgeZFOAoCrDrGTjuakpL-tfzdGQzP50yFUAuVIhPWAaWi81HNOqD2DBOF6I1EPe51_SQXi7foh9EGbC4ju52PGnI_aO17xUOabzaXGvXp_Zi_wKZc16CPm6wGzhWZw9lPq9ml7MP3IKHq3tjZzc84GjyxG4H_7ZokSOG0wF-TrR5LCsXRqguiHLcJeYX28rZztKO32MJ-4_l_4Xiabm2s1-CDES3ttvsYAsw-3R0LCBtLQJWso7JLkIP6vAczMdgBbWXZ2t_mys8IACV2MOAwBwVNTXfG9TK6luhpnf8uBhfFQ7d8mETZbF_lUUVihWZViSLDEdtTXG4OngMxoNwJdC-8BbZdDULtYw4R_TSZMJ0ryhV7hP4f5jlOXpMI-czAK9Y72uMsmEsplELq2exqgaQm1mG06s4sSywBUmU526cnnWRQxUqpea6hSvHLzmg9CAQsGEW1YFRMmKB5IoWcrgfEFZdCi8E4dDm2BrBYRKFSjwIBNaHPImcVDKjbrsZvgdPqdJJtwuWrp1OYuSiHLabL3PoDBt_uvowtdZ9geXS_-9161DClTcvfyjOWyqErFeUayVgI5ha_77vzvayzIhxjkScC0F3ISObk37ibrFSMHhwAeCR6cRsO0bjaRIcM0snSwegBuFxZKGVzvaw4SJgd0ws4Z20OE_ymWlQdSIbV68VqpmOZTCALEFrNVy7bRld0pd9oeHSsIibmcFwCjKYA,temporary_google_url,icon-1387,القرى_والمنتجعات_السياحية_بليبيا,unique,unique,exact_match
88,منتجع ومصيف الحمامة,منتجعومصيفالحمامه,21.621093,32.916555,valid_point,available,,no_image,icon-1387,القرى_والمنتجعات_السياحية_بليبيا,unique,unique,exact_match
89,قرية إيلاف السياحية,قريهايلافالسياحيه,20.963816,32.719463,valid_point,available,https://lh3.googleusercontent.com/umsh/AN6v0v4nZb4nyWtPtRIDYltz3SlsttW7kQl-3ZYzILEpCotOpVZksFfS2GT4oa28F_r7PYvxz708PU2lEVvxo0bM94PJUqrIjF3BC27Pqvfy5oVL444ZRvfjv2zWN72dUU-e_xgNckUMiM0kxNB5WbnXErEvTuWkX-9aaPnlt2Q_v2VALHuauH0C5R54ubqleIXTgGIYcyczgsoAWZSknwn2Fr_soStczwJ-6dSNmKkeuYdBPG5VwTj-yuJcXdJZuFaZ7znrt1PYmb90Ww4s9QR6wR4QDIMk5NPQlPCXX1bNMJLhju_hJCLU2pIKC4YcVvIrmrGZkHkuuXz10j8Ibzkd17u6RBVYBTUmZPR_biTitUeX4vpYnHBHWKJ64ixqL2lI8K_ZLxp2piDVprzIvAd9yaG4rZZlvMHeVRgGPCaihJcv-trO-h8eRh0mhDO5MWBxRsZquty8iANoiC-L0-R3frhaiCIWo_IebyqspCDXHUW3GaA1RuR3MBi0DDmf-UPEllecheNhxePEU7XkMmoB8gwUu02PXbRwTWhd_O5Oa3owkar4edYViTQldamCbucTg5tigASNRh206ABpllGqBZLv7YGo_C0W2gUeQH29Uht1asGP5LTsySqaR1EmO0SX_KxEfqviOhYANt5fhGLLQZyE9wEPq0XpTEfn1OsqU6jG0Bqct06YF_tfuQqIouVptTzBeZKgGUXPD_7yxsAE3oRYflGf,temporary_google_url,icon-1387,القرى_والمنتجعات_السياحية_بليبيا,unique,unique,exact_match
90,شاليهات الحدائق الملكية,شاليهاتالحدايقالملكيه,21.595084,32.875231,valid_point,available,https://lh3.googleusercontent.com/umsh/AN6v0v7-8KZQQ04zdhPNgJypItDB12LJevTodiFjbdLrm8hfzW2vJexzPieqDMKKY6W7xnJTK8yIUvjOvoFWe7rZYal1_FoCVAImd_0FattAX4CrjrWaVyv6DJOG38fjNwHLLzFW1Qs_NJspzHVNx-_Y-AMOoUhZ9XPL6qmB6JOsOj7FiH44B8pOOZFoD_JqRwpl-riU2Tkm0iYcZdorJvRR4140FX4QhMT032zlTG-VpaP17wu9XVLDddI55YYviDRT81CuAVgLlZP4eI9C2axHwwq7V6e4crwK4pxKOy8F2XiAQ2jE38vYZhwyKf4thtiwniKVtddsJPjcyk8g1esxY6EWL0PZJnrNQWY_Uzn0vm0O4raJnDmrwbpGtW0Ea_6Di10s_Ojf26XK18JI_FUMFy0gsFNE3C1h5qUWzv8jfSL5rjDuSSZdfzVeRXNkFImjjJU5CYJikmcJ2GvqDZC1wx2cpJuD6xyYAdmZJ-uXJeN2o_nQ-bNn34468eLu5GKaOCcQzV2W9zoLvkP_hfpEO1ldRgCvqK8XSdvFtt2gxMF-9pl27jyw0vrnDgCLHTj1UkCbUhFSLR6RIuN6PVTwkEAVl1kHMYXR0PpEoc_GSGh0Fb-CFBqbHDDaPITJauYJLs2vMNSSsC6H0ILImfGYDPLjDvbd9NYfFWZlT-Jb3hVvPeZZIWbdpp5aD10qpb9tptMnCLsmd-C9MTdFNfGmMNVe5LYrqw,temporary_google_url,icon-1387,القرى_والمنتجعات_السياحية_بليبيا,unique,unique,exact_match
91,منتجع وادي الكوف,منتجعواديالكوف,21.563798,32.702,valid_point,available,https://lh3.googleusercontent.com/umsh/AN6v0v7Vqd0nn81bzkXThuG4IrSHlY89PFw2Zx2XpmauMJo3FYn2u5hJpsNQ8T8_WRuN8tX5JfIPkenwz6djixVB5ZnbY3wJt8dQtGfMGJfkJb9sL4f8kNpU_4fWAZue6_d8qEV0XQj9cjYTbe9SEYJMTNmeKwKbToxJxciAlKnNuEQQrbOPFS8NGQWW3WLbl7RFQCSmj27JYUF0LhqLzxSDFiLpY1TuJ2yYqZp9f16G7vfxXmcwKd7gZPAa8M5LYkJQCVFUJj0yhVlQs_AUMrADrGe61m260bc3rv9mJSb2o3mL85JA9_sxw5y96A2zSiiHB2avxAGRAkdxKjI_jJ19IpdfK0Vuu1MHrM0EANJEleevj7CCv_k05f76TM31btj64Ejw5NNNXzhqqF4LdNGNfBg5HYaPJ_wt6ifCBfKwtQAumk5hMrqtQ2TOjiO43uKgWOzb26QxYcn1iTWLgGH64ihQ1CWUGuEl76XM3K9MY_A3Cfi0ro27rUzssGylvaO1aMVTdlwhXQdQfEyV7rxphn0MN7A0ez_Rm1xaL8yzM1jll6BHwsSvElhY7lapHdiiQYPV21dJazKHLko8c4Cw3SRlRpg6EduNcYzg9aHAqQOwIh8pBCiH2fJ97yXkfgkYrGYgMvFCZ5lbVqRkx31a3Oqh6KixeKWcK2v9GFWM3cBVj3hvXNF2mEEh6U9HPAB6FwiwZmaJBpQjcsp2YdEtUnw9xwh-,temporary_google_url,icon-1387,القرى_والمنتجعات_السياحية_بليبيا,unique,unique,exact_match
92,منتجع إيلاند السياحي,منتجعايلاندالسياحي,21.940156,32.895682,valid_point,available,https://lh3.googleusercontent.com/umsh/AN6v0v4Q4VSd9U_FXiCp4j-j7ICPv82FgevkC8GXa3l7C4ZV2W2h2jCTDVT6s9ZzRkHq0cdlY1ohVFZfizGOtcQ-2RaVWwTBpFNsFICsEFVbg5Z_wGvY-reOhBcmT2UYcoA-pB699GKeTEv90PQt2bcjRzKhuoqRSl4s0uRkm9o5L1QZ2mVJR-MpleWxX_RAVYxhkZQevc0VtqhHVthc_rqXGTlmczzJK1j0uZv-_j5mJXat3kZ5vN4Qa2K6MGtob_vRqvqvx5nPI4FlkGrBMJVTjQlF14opvzAXL_1OI1lIBFAFa5oIjyeF6zHWKwCB-gtsH5LYPZWjruPWpfkVHPbTYmjuTj84NnL8_Q1l4eGmS_W5bDKzvAU17UDxmrBHG0Bebvqisr5618h9ABFydYYl9lvmWTlMx5GDUvKFu6bDf3GfkZgsbC5VwRTFCKaLstJO99lbPg5yLoHZMUdtWW03h3iR3AUnRyg9hWhBOMKJ1Fu2KOOAjH_w2syb4AZ6C3Xmp1RJdrB5ow-mKOk0X99tD7Eo6MMqt89WKulLZblxIfZBajkC4gMBGDsbl2J0-telf9LdKBKXq1alBbU2z8aI5VWPV6jGGZOLQSX62NggHSaiVxpSXLYtkIr1L0ZuKwcBzTQL8zgdhq6v7mksS5CAdYVpqn4vJ4_5WYLOYfN6H_94rCqU6Ze9GsB2QLdQ5KovuS_uAGEIBzLp6EtOdrrQcyHpan5uNw,temporary_google_url,icon-1387,القرى_والمنتجعات_السياحية_بليبيا,unique,unique,exact_match
93,منتجع كنزي السياحي,منتجعكنزيالسياحي,21.972566,32.900884,valid_point,available,https://lh3.googleusercontent.com/umsh/AN6v0v6ZE825PeAMm7SHRjkNWd41Z-7MdAP2pxSvsL6T5McDtJalrMY3ttJXBOBlBf4QKnNvvQPgWNtgXYuoceHwCBQltcunYyTmya5ApubNuRglklFR4IqiOOHmhR93fxaAyb8ANxhFcTcCc_lO1MHFrkeSaYmXbg-Wun57LrvEcuxvXKnGbXUw6NK3icL9Akid963o87ssruP8N-e09NGr6Xi0Jn-iQSLBoEBofa9wqDceY8Vb-iGNM8T9vE57zD0jKd4LYPUoupW4wE0sb85PtZYfXfIkYvCQEQHaKs8e_CbP3eW3MFb7veqdyrrGg9bVemen-DkQoAo0CGGYKttMGB98n1mAzI9r719Ra4FJwbKTrchGkhTmlm6AiS7BdyNANBweKn3CtCMAGsFi81SjpjX6A6GkOQomHtoioEOMrra-nwAAGoH4sD2ZNrQzAxdBxKqsDc1EjT20E9VK6kFSH00DeKVy73KJ_-fZiPbA_EJvYMXYmWFbyxJWm-N7V1aICbE54ROEolMKEwhB8MPxOvpBvKzKwIoRHTVWCjS3GLihnB8llUB2KFFrU3ne1-eJisifttcvyNbeo_SQ7kYiJ1dxswlWV7GWgSJVa87YUKPK4PkRKgvpredPLRCqNBF590nA6RvQ0rafy8wY8cH7aySqSiBP7rpjv_krEv0lkIb8BtXJOhld6dAL2FSRYln_0_SU1LtlucaRh1zV371y4hCliBUR,temporary_google_url,icon-1387,القرى_والمنتجعات_السياحية_بليبيا,unique,unique,exact_match
94,منتجع سوسه,منتجعسوسه,22.024943,32.902515,valid_point,available,,no_image,icon-1387,القرى_والمنتجعات_السياحية_بليبيا,unique,unique,exact_match
95,مصيف القريه/رأس الهلال,مصيفالقريهراسالهلال,22.169169,32.901774,valid_point,available,https://lh3.googleusercontent.com/umsh/AN6v0v6nB8qT0H4oqRtgAKYLW3SPX2o-n8oqWa1LMTRtrcddvO0s7atC7wzFw0hRxHxmjafvRi6AMLa0-NVaN3VxfaxhP92my6lMoFolDaHmYYe_YemnqjK4E4-HK1R6YLG2QKvkO1qCeV4V95chmgnYRVaqge38dRLBFzfSGsT9K1NBkGuJiRzklnPB1DswZmqQpJickYpWEHJxwWJidJ5m6mcIlF1qIsMSqFTzi5ahI6H6wIcdhyQIpn3tvJYJj-Gm2llj3X177VLsJROFWXnfq3CGLp7irN-np4mFvNsu_741MueW_IweyZcTZ_Fzi9KAjkapTpnz6_Buld2t_N8zr0k8ENdrYide0fN170CuqajRzUToLwTWngzMGbaDkCZ-p_XqZUwc3QC8UsyFLmOUNfYvrXyWpifYjxZELQ2DBiMFMGHq0ZYhzaBYGzqFdGfEvFESQSwCobEYvYKL-SLwQ--FFZlNu1klLLYTKSa9R447XV-DFdzXvxidqLhwLXCPOYMAdk4SmWV0qP-22lvOxAXVX7m95b1VbLvItiqPUbAd0SkNup51NhR-NpbqWxME9MPaKFdWDACqLpsT5E6r9RdF3k7pMibIiZGrrBq_kVaJWD3Bp9MzxcW4z_KlJ9mNafM6Tip3cToM4Siy9NmBc0B3ERlIj9keo8hSaEOQbhxxoMrQ89F8qm9UmufJkXo-8mOwOIjU4oyOTQRJTeUDWh_2z4QGOg,temporary_google_url,icon-1387,القرى_والمنتجعات_السياحية_بليبيا,unique,unique,exact_match
96,منتجع الينابيع السياحي,منتجعالينابيعالسياحي,22.190223,32.881896,valid_point,available,https://lh3.googleusercontent.com/umsh/AN6v0v6tQmyl_Nc30lvjQcgQZ9SfHj_B6zbjIyekaU4BKa36pL3vlEK2QNCjpmB5NmqmZCD4zHBM2cQoTY-hw1Gs9gtbk_iXBaPMFb7abfct5snXp4GfOWAMLQMB-jZDyQZqtcAdYfyIOxYBPjllQp-S-2-PJ1Srjow-1DoFH-wTwPY5ynoqHPRyXwNfh3WlroU73U7F4gT1DY_5IqGfgzuUJO4nfi634qWM0-x0aJScDLfEUpdac62IsCb63PwRQUVwbSpd3wlQmJM480glmvhP0dvTD2OaP8rwqA98MCdIlLh3HkpZ30Rcq0TU2fVmx3aE_4t28xoXrkOkvytxDtm_1iK3V7Jq15itEqSRLrImBdWg4KFl2lHdaBxY-em1nx5wrKrDgRyIB2H9Stai1LXFGt-n4mAj-VWw-RiDFoXquHfCOT-d99eAUyEpXLw2Ti1hWsNt2OHGcMcW4gsGV_Sc3EVM3S0Xt_gh63nf1MOgrFCc2j_4w3yrPRu9UeHS4xWeVbammm94IThDryaKuVSxPX7aayE3mH3SfdWj6_JZcDPXwm7r6bryhOWaXot2aLTDmpCiND2fwuboh3Qtbtx1UIzqtS0ivtrWf9Jj5SFa21gIGxS_eegIGc3zyrWFYmclFlA8251a3ce9vOjKMfj0x59jCwnRFXpST9Hgg4SZHKWNOBjE0ATxuMLmK8jpF9i6XBS8idxIhvy-7YFz6Nyn8Uc_zsDz4g,temporary_google_url,icon-1387,القرى_والمنتجعات_السياحية_بليبيا,unique,unique,exact_match
97,منتجع الاثرون السياحي,منتجعالاثرونالسياحي,22.279024,32.869423,valid_point,available,,no_image,icon-1387,القرى_والمنتجعات_السياحية_بليبيا,unique,unique,exact_match
98,منتجع إيميليا السياحي,منتجعايميلياالسياحي,22.562236,32.798261,valid_point,available,https://lh3.googleusercontent.com/umsh/AN6v0v4RFDBAvB5_BZI-JwjoCdKZPGEWfvBrNY_7bPDzxOD9MlF3tGlOjEw-uKcfHsZ5W7Zkdm1m1KwJzK3lCVgdKG88ZftIAgnydJgC6wG-5PH5-H4qUcfrjG4WhjZK-fV-pcHZIoifdfaKM-1krTSW8qoFuYOnglfSuh2r5oycXbZGvNt_5fSsiQ1rP9Vaw6PJzhiZ9zwR02IWxWj7iv9n_7uFRFfOZffS9_WVhGwnkolx1AMk0PwuXYoXnaNgAlZUzwczNEuMydqrssMq_EakpsugMrx7JIIIejsD-lDqCS-TlenFpR6dLhZR2MOa8r7YyWkG2iGvqD5GHm-JJ2PXm5WWIVc1BzQIL_K6yEVZCpETakR5XtP7OR_r0-0FvjfcTjRKx8TrG_vyWeFGa0qcti3KPJm7CUDGaSmCrgVkGAPbJiSYsl2ciq7me3lJ6_Y8C8XvlBSdL-fiTywnAdrqCuRH46ohv1qPMIsuZgU4SW5JWnwYOZ9spellVNHZGlZqZJomFiiayIjPOiDC3cpIQN5woBOsqRUM_V-cZ0lIhBlzBfAJN-Pu65c_Z0si2sG3HppDSyDc26PFnB5Ad4qbDbgZC5MD-gpd0_PkorQ3KeCBxg2YbfoHrDa-IWGlAQy03S01LOeYnI2pkoL6RDhoqgC8A26aSHXCKUtvjrE6_PIfMnneglqdT3fSmOM8POD9rd3YdVQAdiniuSjWXGpqB6ZZz3kwdA,temporary_google_url,icon-1387,القرى_والمنتجعات_السياحية_بليبيا,unique,unique,exact_match
99,مصيف 1805,مصيف1805,22.56117,32.790435,valid_point,available,https://lh3.googleusercontent.com/umsh/AN6v0v7W-0D3Sh4sq_OQ2H2lXHE2RSnfpUbQdTVQ9oiFsW2UVUhqpB-2itCchcD8yx1pMx6rVoVcEFYqb-Ak9GTnu1BRNvnJaHfWb3edLAzq_VcNBn2El1lc_WOO_bV-DqQPMFAaRNe0W5F6vU2k0cNlZwESGZb12_7P9_J4g_jClW2LqNdyxFXGH01N_z3jAbT84PNN_hau294MXsRNgOCwQQyeYZFxyAe37Gk_zna-4dFnwgDieqe1KS37Xlh5IE6Ga9p4Bw_tP6YlDbQ6sniX-wm-XYZoV8HJceJv6k3JAp7mIedRt5tlK618qqKo-X61P4hemZbQrTBt8xdiHpJ5zTYJ5afze3vp7u8arno3ptVQP2L18QajaYwT6mX3r3Dn7Aa9ohV7y-p9hT1TMc7N3YGJdae_y_zK6VYFvJRcFvWxxwLTBUcUYnBlHGq4FVVjpwT6FjQMp6YrfjoABXvhwURroNCJiTlJunO5RDk3BXsRo7c4erJ-duNLWzVfN_pDUgH72-OJtO_kpjNiBkaFKXOUkEQEiClxexjDtouYr9Gp65CzV_8wntCGkEI4HARHVBKZkHuR1JI2tjgtg_DxfkgGiBVbkEdEO5DrHvZ-k2UOyGOZiOrhHp5AnCbXtQHw4YnlDMDTaOqhmJqSF9yjivcYAutts9JkU3sO7xfEjJmrBP_KoXD0gqfGdBkQbSr984KLp1yFzmIj4_r3ZJaBz317bSkdYg,temporary_google_url,icon-1387,القرى_والمنتجعات_السياحية_بليبيا,unique,unique,exact_match
100,منتجع الابرق السياحي,منتجعالابرقالسياحي,21.954304,32.825786,valid_point,available,https://lh3.googleusercontent.com/umsh/AN6v0v6peitD7NiLSngBmqSHW6_rNOqcOeu1KNgCghe9PL-JiEHKIYMqjIXnJ-eRzy_eDLsV13OpBmgQRyutA8UViqf8LP7ejdvG1FhkUY_7yI8Sqr4TgA4DZTKnUV3nzIxsifIt0SJAdY3BUsHC_LtYG7RKKffkwPLAoa-3f7Dk8kAq0ijNgqkAXwmWcF9hRFxX4RAyQltY3ctSjqtnZDgU28ftmz9q-kZaq8qJ39HCkSZuBOKaiwlNZV57te12MNzFD-azg-PcKpiPVs-ZRtf4M-_rr2l6xUg1y1OWSAF3VYBgIIncbizv2JKpX3PJuOjrW9Q3b8lbXwDQ7s9BkOjmU72EYYP6FcdyvteKFSX0rApbQTh7DM8ih9jDDjgxS9cEH13ZsYCRapwDGk5WikgAJ-BLxf3QultWfqsGq2gI25uT6AYdQGtacsaaHu2m2lKV6MKWu2Imlo9M8_TMr2HMStxHVhKsAnZay32UMriEBDzKyefFf1Sn-175G94p44tj68nyJ4akqcygid8J0zmFMVpf6h7AH3pjQ0J7iX6RtSwd3I5sKMuHbT2XsDiZigcgasYEtjxqOVj7wSOKDY3xdNuMWt-qKQsCGOetY6Prk5VeZQUfVq0MLLoHPlxUrga7h81mwWdF6CQ4vB3o7VYjUR_VwPjolCuCJS0rasQk5ZiBvyXsGoLdmIr2Yhfgn-jQba8lPN9zGIIW5AJoTts1PeNJXHWW,temporary_google_url,icon-1387,القرى_والمنتجعات_السياحية_بليبيا,unique,unique,exact_match
101,منتج شحات السياحي,منتجشحاتالسياحي,21.879472,32.824524,valid_point,available,https://lh3.googleusercontent.com/umsh/AN6v0v63MRYoxabo8EPmfRDA_25dtcMQYJOvSQexdQpBeznX3Qicei4wLDDBC7HuMLQThdda2O-2gCPAFYoLe3pt40AYJgN97R67kqHYxPtZDjel_ENiNJq5mRczhNfh_ePN2Ejuh9blQJU_EOZXQJ9cu-HWSiPeNjBA5utzWzMTveK-ntHhmgN9jjyLQfFpY8Odi85m2X57sMz0mzcipR6FLy_wB-gpqLMG0IxU_84qTlQcf8crWRl-0rAJ6gYS0vdST_tsmXN-pV4Lphp20fZ_kxk67O4B8qTSqM5ybCn9njFlbHs9XY9lvYdxdSJLv0MiWNec5yb0P2sLJvAjd3FKld7L3vDl-WKmn8x3irdCDWn2bnaxQFD7uCDYlC9_62XphBLSfJI4tqfEaR5q1WBnvaaxM9qxK-5ATVRd4ELr2wBqj3lUGvjUxcWzSZG-t4Rl_Z7IHI9btFgw8-uh_Qn59B-Pf8JVFSRptNk5oX4whxlYsmsc7SNioXrv6s-gLrXaX9YxjqqGL6AyAy0UQ5Z2YtzKlZyj3pmKgLYFL7jL0CBYgBQ_HvO_AxqLgl0IKMTLxk1WoLkWr2ekRvdaDLg43KYdgsnA5sYfpI2KPEaxldMxC5UYOQLDgMWfI7i2gXuUjzR12oPbm5tfv86QkvzAhwUBw1dMGGwsIEHoL0Wfs8KQ-pSQVP6z4EC-pN6hycWATDYh_fZd4T1IgBMuNcmGdfSXD2apvQ,temporary_google_url,icon-1387,القرى_والمنتجعات_السياحية_بليبيا,unique,unique,exact_match
102,منتجع وموتيل الأمان 1,منتجعوموتيلالامان1,21.894591,32.801446,valid_point,available,https://lh3.googleusercontent.com/umsh/AN6v0v6bQA2M2unAe4ThqH_xofNhfuZsP_OYuVGW6oCBLW0cHfS4ebS7AX4JlPFKWrLxe-Ys3WVI07CN2Ip7ju2j4yGbeFNIsaHdjvi4wy2c6mYaBoNzCQ5KpI2i00eJgp2R96HVSFrQlAJu2_I4lLqkEcNzl15_zrobzBrv4uW9mbU-RhhGH4VSaIUOLsooZtGsNHh_6o7eUqyszNjBClr4VMW3UP_fOthlxjGvNVQFi7vHDRaXE2x9xVdXMBOAN-e7J36laukASYRMzCL8cLkfCPzfQxCIrlgsDxhTMB8x7uvHF3PDMaF7YmqK5592hv9BZtxuG3Yf3_WIfjXgxlMf-cAPlkeaAhCED1WQbql-pqfS3Q46LUcz11T0EqWmEgMjsvtEbECLsRnvMHUHGPqJZbBK4-GvhUZi0ZDSDOR3LeDzWST_9an8e0BcWfU-hlwhLB22M27rs37s1KDRIoWG8myHzYq_JTVQhCOES6JPkX5mqktVq_OiLElucvP8jI2UTCSHDbUxb9E-w4TgUZWKIxAB-MI7omM1hsGi4FFqTpOe2V08bUVxWm-v0JKjCq47i4cYH0PlWuX0bXju3vyJT2ckawZiHtTq28xVNlYBOn6AwXn5mXZE2bMngXfuQQcHsXMYxRmdo1M8ChQcGV_-6MiVs_CD-qA2Cg3A2XwE8KaGg7d4R4YwwhNhmvYpbgMFkuUA3umSoCR6UOXPIzfmiGHEYOTpLA,temporary_google_url,icon-1387,القرى_والمنتجعات_السياحية_بليبيا,unique,unique,exact_match
103,منتجع وموتيل الأمان 3,منتجعوموتيلالامان3,21.923466,32.826342,valid_point,available,https://lh3.googleusercontent.com/umsh/AN6v0v5scjqUgQSDpcdxev8UYtoAzffIImAdCCs_JJUMZj073vIu2JJ0gMCkfkSSz-68zH8wygkXOShtdvdELP9wAarp323e3D6cD0Xe0bvTcJUfIcH7c-QNNQiqLl2Gh6qaj3VhKf2PzMP3v72zl4Gs6ruMW-W1MNWAwxijjwfvmkYzMO5VkKYBSDmrI8LuaHHnkq1aQIasQnUUdDWm49PVmlL7ALaAc8kExdFsKboAaXZDPDpJaDLX9vZVopf7MAtJzHI3abbfH55Xo_0SDuquhDVTCnvFYYdM7UeULJPkQKkv3QJP32wbkzekiZ1Ip4T-fDhOOKtYgjFjiXhjsZwjaGXUKbaFZhFwZ92T3BQrMZet_Z_0WSYHtFdb-eiRBFeAxbVqa8htcdt_y_cJGuiApmd0_a8laoT28kwBe12670IeVYBfVdURhruFnrX1Cetvd8P2QFr_QDRePfz_UKwjwTG52CNvKPKJgEJRubjleaMdRdPeQWXH2-FlxHb3O6Pbbg3mNoLgONO91FIghgFkizHBlIUkeVgvrDZTUPK4lKRD56EvgOttCranP9RIEZpcWIM0V8ZQgD4EYCbmSrD2i_PvlYdXor1XkQ1wEWVHoKcROH5pS_H-fH5O0kimZdUvpJEIrxHZ3tm9UdTitONu5pDTmlljrJqTbueusZRNz167rBHaJsTHo89Fg6F7-9Qfpw0pCWPzcKXBq_-MVvS2jXJXa22SWg,temporary_google_url,icon-1387,القرى_والمنتجعات_السياحية_بليبيا,unique,unique,exact_match
104,شاليهات بوعطية,شاليهاتبوعطيه,21.897302,32.842844,valid_point,available,,no_image,icon-1387,القرى_والمنتجعات_السياحية_بليبيا,unique,unique,exact_match
105,منتجع جود السياحي,منتجعجودالسياحي,21.88843,32.840597,valid_point,available,,no_image,icon-1387,القرى_والمنتجعات_السياحية_بليبيا,unique,unique,exact_match
106,إستراحات فردية درجة أولى,استراحاتفرديهدرجهاولي,21.867999,32.847121,valid_point,available,,no_image,icon-1387,القرى_والمنتجعات_السياحية_بليبيا,unique,unique,exact_match
107,إستراحات فردية,استراحاتفرديه,21.867296,32.847073,valid_point,available,,no_image,icon-1387,القرى_والمنتجعات_السياحية_بليبيا,unique,unique,exact_match
108,منتجع الاسرة السعيدة,منتجعالاسرهالسعيده,21.873265,32.816855,valid_point,available,https://lh3.googleusercontent.com/umsh/AN6v0v5Hb5f_ckMjWd5Noav8PcdfSG-NEYfOl74qxd8HmLdUynuK4l7fCs73MkPSpLukAiN1B3vo5ptZjW-SroiDQB7tZgw-fJqrSEMdHLA8fROQoCl63m_I3vwijlZWoegkhA7Ti2FwPu0t0izvGjzAEXZi6C634x2IzOMpzscM1rmQSzCiCPK4hKhzwhyrogePd1jMf82G4Cb41jyGniFcv24vF0TqRweqY8JZyhYkAjxEHjdkRWN9AQmksxUfV-43m43Hba6kMgIXhcJS3cw8Ap_J38xmfP8o0592-CuxwL76MKnkpoMM13vLHY1Ca3PqA65X9ryJdD0xWkBL0g8pQJb-Ncq-8h_4QcGGI9Y5ebnX9E3uKiA7qiSwhDpUsrLk5n8zaIaoXbrnGskllHI6TDRF26UdG5wQnr84DXio5LItZkAA1JVf6q0WX_u9z7jnJNuhBN-KQvsFB2tQu9ZsauP7v0fNkwSoAoNDFKJTIdOpWiAcmHS4o0FHLRdNS9WOVTKX9eRHO4jASiv6Sovfuuu3207DseS2OvlsRxdnx1C86xFSjAxQUfAIcf-GEOEQnKtSY6zWq07KFxmqPv_b9vwMG4_sX1HLvS-Ly0sFBmneTh_AWtojRXxW2WvxkGn-khfvIedo6bIQY5YHFocE7sQJbVzsDXyVmN2R9U_iD3_SI5MgdFSF23G3Dn08pnkfglS330lVpOiVCm5kO_pLPEYsnOlQ,temporary_google_url,icon-1387,القرى_والمنتجعات_السياحية_بليبيا,unique,unique,exact_match
109,شاليهات بومؤمن,شاليهاتبومومن,21.84664,32.858583,valid_point,available,,no_image,icon-1387,القرى_والمنتجعات_السياحية_بليبيا,unique,unique,exact_match
110,منتجع سيف للسياحه ولاستثمار,منتجعسيفللسياحهولاستثمار,21.903627,32.796428,valid_point,available,https://lh3.googleusercontent.com/umsh/AN6v0v4JBp4D1v70LNjiA4LfL5A8zPyjoN5OeRB-ZpOB4o1JS8GMIovZ9HevNCwki7yg5L3gXXDiLE2m4AJ7dqT6020KG453lgx5DgpNBs9L5JBtyJ1StuTBASP1GTV8znRLFVgMr1QM8PftvGcz8A79rT-85B6zs5SJmXgE_iinXxQFS_6Q5y-3iPKVrdo57Pb0Y-F08h4AFtdg7McS8S0eqtVaFQy_Ih-k33zCn2XLc0ZQ1XtD0CY72QEeUPN_6nZfIgw5NaiYiJ89N8JJO5IzZUmnesUmecCDOkrzISY5-ZGREADJ-KlVKb-BratKdEAYcpBh5gkSvYfZwShkW2b5LZktGRmZBjgCvlKFazXWAia1d0amBhMEYxrCZt9fsuu-55fV_cSmg_3znx8j1aRpCnAaxTXN_rbgpu5rqIuu91SD9o8dC3TwV5vZAeedVfv0vZOQeB4j4skO2Ku-WpAN5QWOa3gV-1JKzUH3UOVnoRc4IIu9V3boyjwF82qbdb3PzvzMB6Sxp8qVFqwUraNzOpKwh5WUtIk6LqmgQDYtSFs-ISeDWmva-RZgkGhXc_uHq_DBihRdi93iXU_-KCbTkRy5DXyqnTsdBfOWkZ6McTbasUSI7-25jwBN4kHocuZF4uBmYXlOWXuaJwnnnC2h-hD6YDNJFAU4YG-CaQrT0QijZiXv-rLKeOwXEWlsJlLUeufC1zF7quNUgIMBODSbdlQ6smrYCQ,temporary_google_url,icon-1387,القرى_والمنتجعات_السياحية_بليبيا,unique,unique,exact_match
111,منتجع وفندق ريفان السياحي,منتجعوفندقريفانالسياحي,23.959161,32.037293,valid_point,available,https://lh3.googleusercontent.com/umsh/AN6v0v5jJwfXLvtrXetiaJvZvsNv5y7933UqF5zegpx7dpAiEY6N1tJfTbM-ZdzDTEyoI96b6-A5PrnMu6kMJdWZG2BJO0TFpFhSwWkc8lR2QL__xh20fdrhlHGpK6W6PnWAIyZcHqOEC85Rl6qkfwXrrmK7FDYyimBQMOApIPV57Jml7UWb4FIDy9im3BvCejOBCX1nTSWn2S-wfWN_nL6NhGhSD1ByVB53wdNnrfBNzDlqjZCo_sssO7mHqlrRn32dOxe_iUyVafl4NbkdYjwuQ6TKv1_-5wPtxywCIP5iLVR5ev6XoNL3x6Mo6iT19cjgoPMEbM_fnoYjqPkiyGtWX9aDFn7DMVp_MWRAngZDoKMw60RWmjtcXyFmON6rj_veQIcggt4W_q9WuRJ7EglxeV7NWaqJVU9shLooiZdaOGiS9Ow60rKterDDju9Xnw4YzwEvAid0Y98Y9Zs9zBm8N7WaVbEeZpHxi9tMqvjGzfZCeGdKPA2QcuerBFsNnXJm4i6y5UrpFFYuHbsNAKMIyy-OK-JBqwkGzfmg89OP3PhaOJg13tewOWt738DI4j6uM0UO1SaQ5b4tu0rgaA4jzRWkrVcKC81gth0ebnCq4IyzZ1_dShP0-x3Fe2605tHhxw6A8a7aURscYrjylVqEJ-9FQsKC82kUJZOnUgoIsLPO3pnJJNQMXCnBNhv_RiHgyxvQtUtHp9xxuJbOqcKTvPYrxSLaQA,temporary_google_url,icon-1387,القرى_والمنتجعات_السياحية_بليبيا,unique,unique,exact_match
112,قرية سبتيموس السياحية - زوارة,قريهسبتيموسالسياحيهزواره,12.008905,32.984675,valid_point,available,https://lh3.googleusercontent.com/umsh/AN6v0v4FzQVKPJ-3pDF1QkbO1AbzkGZxHMhMIQBK_sDSCJH3pG2DrfXmA7QpAy7l9rceZdOuU7SybD1mzHHQ_WJXTsDsctwJDm2ExEY04sEuCx-z2nE6r0RGXUmiDZehVmpoO9Z8EgHirOoHPJkUPsgNXF5ZaPmYpgrrK5v2K9RwdlSV0YDSWKH8msgcG2pby3ZRv5ay1At58M7eW0KPUe1KoijuMyqLh6NZtcutdAYq2jX2EHqJ_p0c1qjaEfxtqi3EnkBG2SdWRvrlHBkReTwCkdwuBN0jgqLZ9KgK_RumQrS9C0CeJ_0PKjPZRXVamDHNCqORApuk7j3_MWjFUZRG58dFCj7Z3SK3ua4DyBAuXhquoWcD1jlqZDYzNl8kOS5Jln0CmPBms2swZlwHopfdvJ0kiA19LW_O9Y4Az52b-Kd7KIqy-g0wyH2yNkP5SiFIbOAqJUGgiYqBjiCy0LCdZq9ZQ1t89J3ZKDPRZE8qKlq9cTrfjD8OuX4TFl3qgvsb4pt3lqfOoasfCkv4Izng38hVLLuEMUNwb4qS75Geh7ymlRRcTi4qaZVEG4PyifI5R0vDI66j06j2uELOoXXvvumd7aaNTqp0hjgbs5ae9BHMfvWtX9xHhSVkoj8jSvFRmc5Z9d5zJiSFYhP2XVNYUw3GnJoD5W6mekxDBDDJ-EjfEmBhrmidz3X9ZzmPtt3dzmk6YHOXp4kRUi65-CxIWjVeol0T,temporary_google_url,icon-1387,القرى_والمنتجعات_السياحية_بليبيا,unique,unique,exact_match
113,قرية سيمو السياحية - زوارة,قريهسيموالسياحيهزواره,12.003852,32.986361,valid_point,available,https://lh3.googleusercontent.com/umsh/AN6v0v4WYjWfIsqMaSu0aww1EsnArxecHiPUVWrQgJ275oVe2yqcBNQTqRSZSEqZzDA4gbJg5UqtrFQfJUQGtJz8gxG4PgpvJro6x3Z74NDWIwJNI3YrN9Z_MtxfhC5WzRvSh7f7WIggCCpnRg_9Mkl8SqGa2PmMCoAk9HCsbpTP8hjR0iPyhuVYyvdpKuIpzBId47Q7l4xP1INhJa3H3hbScCFZMlJJyUgc0LAEH71eGZMyfBDP9zUKVG3DgvsU2CQ23mHtQ1fNFogLrslRZcLNIg2uIUUtMRjTGwL70k0bdIP4TwSD-Mk_aWM203AeGwnwrB6ko4uo2x_oKfCMA-DQtORRiwLKPzxrzeMpn288ba0KlbUJkZDEhp7mE4rD7v0_diloLN5bgdc3ZsxhT3AOdIEZ1NmyOK6QsdZ-cTZkLeb5EkbRhEMBjG-Jy6cinyv6b6FpzaY6Ppvv0X-5lHFwQowN7sQoB91vn4S7TySFhivOalpsCzUAypAwXxKhttQ_qkaXjVzjf2gmiSCscsjsbPH4XCSk2Rh37BiMkV5lmDaFs256SHVm_vxsXv5M0BqUHNiCuXQ08V2db921Yr1oQkKTctsRE8MmVcOA8d_iOoygWw_k0T4GSSHpaqH4yqwnc8gjj-8FmLJX057SnJIeQTNfHUxIHTeXnXwAU9EK3M2JK7mfE5f7zbooAtexmj_9TXSUmeU1v3_G2jSoLg83yj06d3eCDA,temporary_google_url,icon-1387,القرى_والمنتجعات_السياحية_بليبيا,unique,unique,exact_match
114,منتجع الهادريان زليتن,منتجعالهادريانزليتن,14.51572,32.502517,valid_point,available,,no_image,icon-1387,القرى_والمنتجعات_السياحية_بليبيا,unique,unique,exact_match
115,منتجع سفارى السياحى,منتجعسفاريالسياحي,15.042599,32.351284,valid_point,available,,no_image,icon-1387,القرى_والمنتجعات_السياحية_بليبيا,unique,unique,exact_match
116,قرية اوديسا السياحية,قريهاوديساالسياحيه,11.97922,32.998387,valid_point,available,https://lh3.googleusercontent.com/umsh/AN6v0v6xPv_mMcwbn-4iVa76Tzp2EbPsR4bSpBN5v-RgxxoEvUk1ZqICDtE1qCeMZ0b4WrnmJajVAVD1Qzj4Vz871rsZWBWorxKRjN6JSgxx5jhmAjxpfYmkwWI67qoOReSFBTIiRe8aYkd3Ohz9f6qHbb7Jso7RgJR7RV8nbxzhuv0XcuZyHnCZ2IWxNqkxk4IQbMie_NF3K7MAoORK0AvIUymdi8TcJcJ0pSzY2j99gnp5FkIN9fODdpEbj79KWjQuc8JReWyKa4ki7RgylEqnX3icqy1pSN7XT8os-7CLjUKHp-fBQ5-k4Qg1HEPXJf-D9-SjeEYT4eFLw2sFmVXox2zEXBaitcQHN_RmCyWDohfJlHBmOZXZ8Qfdk-bJH8xxwCqGqAnZ8REeaydOfCuYFiAFsxy2LAmQ0xUtR5Rch-a9TJw1BmA-BfRueDpnLSV5lZb7bWajreGtUrch_uwyGsQs5TawWyMQIn1Ar2ZTTq0dXDpyt0PvinJBgEsdM6fbRsd1hTKY32FlFGFNkevqgOaDc0Mu4pQtKSyiwE10AkS2KlSHQNQNHP-xv7RjLJqHmGLObvH7Wk8fcwccIy87qpkIb8dmyMHxiEG18F0M0EGNCSC0Gw4kUF0F4yMhfKyO_MP4ZNp-eTMz5VdFZly1AFEOnl1HzA4j8AY7MpFEZ6uMSzbDGi_DDr1DPVAB9twSiDTnfYyFgWDXqKK7N1gp5D6E2OwCjw,temporary_google_url,icon-1387,القرى_والمنتجعات_السياحية_بليبيا,unique,unique,exact_match
117,Azul house استراحة ازول,azulhouseاستراحهازول,12.01918,32.980421,valid_point,available,https://lh3.googleusercontent.com/umsh/AN6v0v5M1svd7dNFLaqsphzSrsRPvdzbumUrVDUJS0ITcPBTGu1NHoa_u_T5ZmqsPaSNQAH9Z4mDjq0yzoiHaTO88zqmPTsFL5IEka0yZ80ujZ_MY9aqsUJyUT6oGtmmpqMhdJdbwsJlHq3_R8VX6JoqTNi3wlVWA_N9KVOyqSI7lsWVJaBvUYSg1rN_NJ5_Hnj_bDvUX9JbDQfIz5ArjK1-fEgNrpRSfwj8ICJNVqZcd4C8YuudZy46-cPzfG8D0ueUkWWMTVLx9PTr41vHH-2AjXiYG8PCX3uLorvpIhtIgMI4UuNpKkYNTywVrHDaGyRamxbQBP5J_Jm6GuPjCn45johYvcg36f2kO7zT8Ywl2l-W4Ywh3CThX0aqYBQgBlwk6jJd-CxcMnnD81M-DOGPeusfh3ILoyVdEx80almASVDyfwaUTdSeLlo1PJP8KmYIaDyspkvXpr-dT9IJet_wik-iSdR7202BrvB-fFRjRiWE5UWqkCAdJOwJ6VQNxBKzj1lrW4I9BodYwkwgc51_06Mc92ShG-D9SiyW5sjgrKI_maJ5d8JhyQGIiNBbL6z8QckD0XG7o62xMbi5ALqgivyY0ohwbj2k19Q77TevhUzIypJ1rzyJLIdnBl1aEQ3iKAqIpqZn3ayyBCAprkkWc1BdrW1SsmmfwvSXG_9mmjGW2_Sc1QQWdfRm0Ru20_WRebiOKl6HU1yhFpiRu0_p_UHBSkAiaQ,temporary_google_url,icon-1387,القرى_والمنتجعات_السياحية_بليبيا,unique,unique,exact_match
118,DiVano Resort,divanoresort,12.068433,32.945782,valid_point,available,https://lh3.googleusercontent.com/umsh/AN6v0v65EhJ2S5K1zeOmnxQClq4J-ySNEUKBM6d_GGdZvmdOfYCikh4nRvrdH0-sTwyeyXWDVnb8Q8fGDm01hJNcK7Kra7gi_CfJGMEGLaYcaTwnPL6AYlumd-xqBiYPALo8cnLNiNhGLYRDQYnJVSdSAEjwNhdUXOYQBoH4RZ3NxAD8yCn48-9b19bI1JOXuM7zZERHipJnKn2qCKHTV0g1yNMeUze0IuCXWGpIXB_SVZ-5FQhYUjFU2PBnO-o0AZQ-rnxWC_4FVGBGheLzpqhVU8-kIJNHRpH-XyxR707fElb2geqhx_zXvs9VWNb1UhQRI4P5R7X3WbEcIhg444E6mbpzm5EwaEvB0PRHnS05LsS33SYw_ZJyAQFNYjamqGJ2K9Xu1Hmc8Wr-Mn8tm5LY5chm0LX1wdUwvIspCfdJH5A1bae_nB2OAeIkuqHHhhbN3-WAV4U4bPDkfcEGy4Cd5d1Cn1GAUEZSM-ZU1XiaXAdvCYJf_hSkGaR9lX-2_DuPzC20OZ0AvQa1Q5y4jdvFPNDHXYSmtACx7Nu-Af16FPXPUoDJYeEkHAGPA8SwvAvx4pEie4_qaU5LXaqx9nLnTQ6FXDOR8fxk3vdc-xJtmT1mkwR8i29rEiNo9hU6XtBKzDSwfQgAA4KvjvkuPV0J5Rx05L_wbCMlJW26Fp4oHAAQkg9MLEBI_dWUWG6xi8HdSXD2suwqop0pGoyzPQLtRQJ2-5A31g,temporary_google_url,icon-1387,القرى_والمنتجعات_السياحية_بليبيا,unique,unique,exact_match
119,منتجع لاجون Lagoon Resort,منتجعلاجونlagoonresort,11.984427,32.997957,valid_point,available,https://lh3.googleusercontent.com/umsh/AN6v0v4ky49TVBrwptkuw5OpDC9c7uSUPAlgb2dt5Y2haHEM5tybQS3qlGRsJGXTq4Gzy1eUuRTct9skK75gQBhjM-cHtQ2iENj2kbV3d7Bp2hWnfI0-leFNJKXTjWiKn4s9Sa0DMRjIgaqBYUE2Y1ldxXh0RH3XXtAx462UAghEwxO1r3Ersl165wGwnuDwE2PPHE5qYP0bKkeI7UgwItPLx3tpiMK9_Y35prjDwWs_WlkcTY1Z_8gjQvWs8InYFgnx6U2_aAC3QgsSnUHparwGcIXdq5j2RTGjOL1IDF8rkvBEWXFs7yD9QPODnOS-H7SnxK7blznmggMz6jWzIWzXVunpM2eys3UZPZXIRjssym9mEJeFzGaGbXt58vnmFH-yLmwFRz-kzYLLvlaVitALmm7VQP2EUHsRKa2dseH443564Jl9bf69GUAjLNjwf5JJ48fIHFyv0sFZ1cIjf9EsrDm1RZSXCYW1yOCM-0zZ7lZegaqXhHat7RoMbhgQj9qrXlLW94tzxsnJC1JP7yXVqnW4xgGtjVUPXoXnehsn2miKoxgM7OeoPR3eYC-UElyh6VSvMsO46itkXjYMB3CfBLrOFO_Ej4qlVHYCRvPHp5yzNYknjTXtBSUgnps_vqMg8TuhZEQafJ6K-ur9GQMC6yyl5CQNRexWXokennL9nov0eswUF2_IY8aB2F20Tm1IwxZDCkDBsE2kDgFOu8N6MWZA7gXGsQ,temporary_google_url,icon-1387,القرى_والمنتجعات_السياحية_بليبيا,unique,unique,exact_match
120,Barracuda Village - منتجع باراكودا,barracudavillageمنتجعباراكودا,12.024303,32.97578,valid_point,available,,no_image,icon-1387,القرى_والمنتجعات_السياحية_بليبيا,unique,unique,exact_match
121,Oea Village - Diar Al Bahr,oeavillagediaralbahr,13.016186,32.839058,valid_point,available,,no_image,icon-1387,القرى_والمنتجعات_السياحية_بليبيا,unique,unique,exact_match
122,قرية قوس غنيمة السياحية,قريهقوسغنيمهالسياحيه,14.056947,32.714701,valid_point,available,,no_image,icon-1387,القرى_والمنتجعات_السياحية_بليبيا,duplicate_name,unique,exact_match
123,La Vida Resort & Beach Club,lavidaresortbeachclub,11.9152032,33.0302204,valid_point,available,,no_image,icon-1387,القرى_والمنتجعات_السياحية_بليبيا,unique,unique,new_feature
124,استراحة اونان,استراحهاونان,11.9341875,33.0149375,valid_point,available,,no_image,icon-1387,القرى_والمنتجعات_السياحية_بليبيا,unique,unique,new_feature
125,Resort Zuwara,resortzuwara,11.9616242,33.0121153,valid_point,available,,no_image,icon-1387,القرى_والمنتجعات_السياحية_بليبيا,unique,unique,new_feature
126,Beach House,beachhouse,11.9945951,32.9924201,valid_point,available,,no_image,icon-1387,القرى_والمنتجعات_السياحية_بليبيا,unique,unique,new_feature
127,استراحة سيليا زوارة,استراحهسيليازواره,11.9917974,32.992055,valid_point,available,,no_image,icon-1387,القرى_والمنتجعات_السياحية_بليبيا,unique,unique,new_feature
128,استراحة نبض الحياة,استراحهنبضالحياه,11.9935673,32.9909749,valid_point,available,,no_image,icon-1387,القرى_والمنتجعات_السياحية_بليبيا,unique,unique,new_feature
129,Villa Helena,villahelena,11.997503,32.9881858,valid_point,available,,no_image,icon-1387,القرى_والمنتجعات_السياحية_بليبيا,unique,unique,new_feature
130,Crystal House إستراحة كريستال,crystalhouseاستراحهكريستال,12.0019139,32.9874471,valid_point,available,,no_image,icon-1387,القرى_والمنتجعات_السياحية_بليبيا,unique,unique,new_feature
131,استرحات انيار المميزة,استرحاتانيارالمميزه,12.0035542,32.9847102,valid_point,available,,no_image,icon-1387,القرى_والمنتجعات_السياحية_بليبيا,unique,unique,new_feature
132,اقامة لونا,اقامهلونا,12.0034164,32.9806841,valid_point,available,,no_image,icon-1387,القرى_والمنتجعات_السياحية_بليبيا,unique,unique,new_feature
133,استراحة LAREN,استراحهlaren,12.0065542,32.9812015,valid_point,available,,no_image,icon-1387,القرى_والمنتجعات_السياحية_بليبيا,unique,unique,new_feature
134,منتجع بالي زوارة/Bali village,منتجعباليزوارهbalivillage,12.0134408,32.982833,valid_point,available,,no_image,icon-1387,القرى_والمنتجعات_السياحية_بليبيا,unique,unique,new_feature
135,Sea room,searoom,12.0508497,32.9564477,valid_point,available,,no_image,icon-1387,القرى_والمنتجعات_السياحية_بليبيا,unique,unique,new_feature
136,Guest house,guesthouse,12.1091054,32.9266984,valid_point,available,,no_image,icon-1387,القرى_والمنتجعات_السياحية_بليبيا,unique,unique,new_feature
137,منتجع الملّاحة,منتجعالملّاحه,12.123346,32.9153001,valid_point,available,,no_image,icon-1387,القرى_والمنتجعات_السياحية_بليبيا,unique,unique,new_feature
138,مصيف أبناء الغالي العائلي-زوارة,مصيفابناءالغاليالعايليزواره,12.156653,32.8987647,valid_point,available,,no_image,icon-1387,القرى_والمنتجعات_السياحية_بليبيا,unique,unique,new_feature
139,استراحة فايق بكه,استراحهفايقبكه,12.1522603,32.8915292,valid_point,available,,no_image,icon-1387,القرى_والمنتجعات_السياحية_بليبيا,unique,unique,new_feature
140,قصر الضيافة زوارة,قصرالضيافهزواره,12.1708778,32.8895663,valid_point,available,,no_image,icon-1387,القرى_والمنتجعات_السياحية_بليبيا,unique,unique,new_feature
141,استراحة الشاطئ,استراحهالشاطي,12.1716251,32.8935766,valid_point,available,,no_image,icon-1387,القرى_والمنتجعات_السياحية_بليبيا,unique,unique,new_feature
142,استراحة دار الضيافة,استراحهدارالضيافه,12.1778747,32.883618,valid_point,available,,no_image,icon-1387,القرى_والمنتجعات_السياحية_بليبيا,unique,unique,new_feature
143,استراحة فيرونا زوارة,استراحهفيرونازواره,12.1762961,32.8797646,valid_point,available,,no_image,icon-1387,القرى_والمنتجعات_السياحية_بليبيا,unique,unique,new_feature
144,استراحة نوفل,استراحهنوفل,12.1195399,32.8886271,valid_point,available,,no_image,icon-1387,القرى_والمنتجعات_السياحية_بليبيا,unique,unique,new_feature
145,شاطئ بحر زوارة,شاطيبحرزواره,12.2166875,32.8686875,valid_point,available,,no_image,icon-1387,القرى_والمنتجعات_السياحية_بليبيا,unique,unique,new_feature
146,المصيف المفتوح تليل,المصيفالمفتوحتليل,12.3641883,32.8196211,valid_point,available,,no_image,icon-1387,القرى_والمنتجعات_السياحية_بليبيا,unique,unique,new_feature
147,مصيف مارينا تليل العائلي,مصيفماريناتليلالعايلي,12.3873319,32.8166354,valid_point,available,,no_image,icon-1387,القرى_والمنتجعات_السياحية_بليبيا,unique,unique,new_feature
148,Lancaster Al Salam Resort - منتجع لانكستر السلام,lancasteralsalamresortمنتجعلانكسترالسلام,12.3875354,32.8150919,valid_point,available,,no_image,icon-1387,القرى_والمنتجعات_السياحية_بليبيا,unique,unique,new_feature
149,مصيف اللوتس العائلي صبراتة,مصيفاللوتسالعايليصبراته,12.4009528,32.8137206,valid_point,available,,no_image,icon-1387,القرى_والمنتجعات_السياحية_بليبيا,unique,unique,new_feature
150,شاطئ تليل السياحي,شاطيتليلالسياحي,12.4011661,32.8154572,valid_point,available,,no_image,icon-1387,القرى_والمنتجعات_السياحية_بليبيا,unique,unique,new_feature
151,مصيف اللؤلؤة تليل,مصيفاللولوهتليل,12.4019474,32.8139626,valid_point,available,,no_image,icon-1387,القرى_والمنتجعات_السياحية_بليبيا,unique,unique,new_feature
152,مصيف النادي البحري العائلي صبراتة,مصيفالناديالبحريالعايليصبراته,12.4067348,32.8151517,valid_point,available,,no_image,icon-1387,القرى_والمنتجعات_السياحية_بليبيا,unique,unique,new_feature
153,استراحات الفخامة صبراته,استراحاتالفخامهصبراته,12.4063542,32.807409,valid_point,available,,no_image,icon-1387,القرى_والمنتجعات_السياحية_بليبيا,unique,unique,new_feature
154,إستراحة الجوهرة - تليل,استراحهالجوهرهتليل,12.4145468,32.8061987,valid_point,available,,no_image,icon-1387,القرى_والمنتجعات_السياحية_بليبيا,unique,unique,new_feature
155,استراحة رويال,استراحهرويال,12.4161248,32.8025006,valid_point,available,,no_image,icon-1387,القرى_والمنتجعات_السياحية_بليبيا,unique,unique,new_feature
156,استراحة تليل,استراحهتليل,12.42283,32.8050946,valid_point,available,,no_image,icon-1387,القرى_والمنتجعات_السياحية_بليبيا,unique,unique,new_feature
157,استراحة روندا,استراحهروندا,12.4269483,32.8040909,valid_point,available,,no_image,icon-1387,القرى_والمنتجعات_السياحية_بليبيا,unique,unique,new_feature
158,استراحة البيضاء,استراحهالبيضاء,12.4209751,32.8075063,valid_point,available,,no_image,icon-1387,القرى_والمنتجعات_السياحية_بليبيا,unique,unique,new_feature
159,إستراحة المنتزه تليل,استراحهالمنتزهتليل,12.4205464,32.8084013,valid_point,available,,no_image,icon-1387,القرى_والمنتجعات_السياحية_بليبيا,unique,unique,new_feature
160,استراحة القمر المضيء صبراتة تليل,استراحهالقمرالمضيءصبراتهتليل,12.4217421,32.8071196,valid_point,available,,no_image,icon-1387,القرى_والمنتجعات_السياحية_بليبيا,unique,unique,new_feature
161,استراحه مرجان,استراحهمرجان,12.4217749,32.8031531,valid_point,available,,no_image,icon-1387,القرى_والمنتجعات_السياحية_بليبيا,unique,unique,new_feature
162,استراحة ليالي تليل,استراحهلياليتليل,12.4264262,32.8019585,valid_point,available,,no_image,icon-1387,القرى_والمنتجعات_السياحية_بليبيا,unique,unique,new_feature
163,استراحة ادم,استراحهادم,12.4139155,32.8015064,valid_point,available,,no_image,icon-1387,القرى_والمنتجعات_السياحية_بليبيا,unique,unique,new_feature
164,إستراحة أبان,استراحهابان,12.4099281,32.8039298,valid_point,available,,no_image,icon-1387,القرى_والمنتجعات_السياحية_بليبيا,unique,unique,new_feature
165,منتجع الفنار السياحي,منتجعالفنارالسياحي,12.4377412,32.8136943,valid_point,available,,no_image,icon-1387,القرى_والمنتجعات_السياحية_بليبيا,unique,unique,new_feature
166,مجموعة استراحات الجرف,مجموعهاستراحاتالجرف,12.4402091,32.8091986,valid_point,available,,no_image,icon-1387,القرى_والمنتجعات_السياحية_بليبيا,unique,unique,new_feature
167,إستراحة بيت الفخامه,استراحهبيتالفخامه,12.4396211,32.8057571,valid_point,available,,no_image,icon-1387,القرى_والمنتجعات_السياحية_بليبيا,unique,unique,new_feature
168,استراحة قورينا,استراحهقورينا,12.4450891,32.8106826,valid_point,available,,no_image,icon-1387,القرى_والمنتجعات_السياحية_بليبيا,unique,unique,new_feature
169,استراحة اتار صبراته,استراحهاتارصبراته,12.4504738,32.8105782,valid_point,available,,no_image,icon-1387,القرى_والمنتجعات_السياحية_بليبيا,unique,unique,new_feature
170,استراحة ميار,استراحهميار,12.4477989,32.8078261,valid_point,available,,no_image,icon-1387,القرى_والمنتجعات_السياحية_بليبيا,unique,unique,new_feature
171,استراحه فينيسيا صبراته,استراحهفينيسياصبراته,12.4751743,32.7980801,valid_point,available,,no_image,icon-1387,القرى_والمنتجعات_السياحية_بليبيا,unique,unique,new_feature
172,استراحة الزيتونة,استراحهالزيتونه,12.4775625,32.8001875,valid_point,available,,no_image,icon-1387,القرى_والمنتجعات_السياحية_بليبيا,unique,unique,new_feature
173,Sabratha youth hostel _بيت شباب صبراتة,sabrathayouthhostel_بيتشبابصبراته,12.4890506,32.8001823,valid_point,available,,no_image,icon-1387,القرى_والمنتجعات_السياحية_بليبيا,unique,unique,new_feature
174,استراحة ومصيف باب البحر,استراحهومصيفبابالبحر,12.5157738,32.8020185,valid_point,available,,no_image,icon-1387,القرى_والمنتجعات_السياحية_بليبيا,unique,unique,new_feature
175,مقسم استراحات بن سالم,مقسماستراحاتبنسالم,12.517266,32.799874,valid_point,available,,no_image,icon-1387,القرى_والمنتجعات_السياحية_بليبيا,unique,unique,new_feature
176,إستراحة سوفانا,استراحهسوفانا,12.5185793,32.8016134,valid_point,available,,no_image,icon-1387,القرى_والمنتجعات_السياحية_بليبيا,unique,unique,new_feature
177,استراحة لازورد صبراته,استراحهلازوردصبراته,12.5242763,32.801517,valid_point,available,,no_image,icon-1387,القرى_والمنتجعات_السياحية_بليبيا,unique,unique,new_feature
178,استراحة مرجانة (الحرابي),استراحهمرجانهالحرابي,12.5249186,32.8014385,valid_point,available,,no_image,icon-1387,القرى_والمنتجعات_السياحية_بليبيا,unique,unique,new_feature
179,مصيف ليبيا العائلي,مصيفليبياالعايلي,12.5499375,32.7975625,valid_point,available,,no_image,icon-1387,القرى_والمنتجعات_السياحية_بليبيا,unique,unique,new_feature
180,مصيف صرمان العائلي,مصيفصرمانالعايلي,12.5661406,32.7949875,valid_point,available,,no_image,icon-1387,القرى_والمنتجعات_السياحية_بليبيا,unique,unique,new_feature
181,استراحة مرمرة جوددائم,استراحهمرمرهجوددايم,12.7747574,32.7909432,valid_point,available,,no_image,icon-1387,القرى_والمنتجعات_السياحية_بليبيا,unique,unique,new_feature
182,استراحة البحر الابيض. JUDDIAM,استراحهالبحرالابيضjuddiam,12.8000603,32.7972164,valid_point,available,,no_image,icon-1387,القرى_والمنتجعات_السياحية_بليبيا,unique,unique,new_feature
183,مشروع برج النصر الفندقي/ شركة الذابلة للاستثمار,مشروعبرجالنصرالفندقيشركهالذابلهللاستثمار,13.0676348,32.8569484,valid_point,available,,no_image,icon-1387,القرى_والمنتجعات_السياحية_بليبيا,unique,unique,new_feature
184,مشروع لؤلؤة المدينة قرية النفط,مشروعلولوهالمدينهقريهالنفط,13.0774262,32.8599086,valid_point,available,,no_image,icon-1387,القرى_والمنتجعات_السياحية_بليبيا,unique,unique,new_feature
185,مصيف شاطئ الرمال,مصيفشاطيالرمال,13.4411649,32.8566529,valid_point,available,,no_image,icon-1387,القرى_والمنتجعات_السياحية_بليبيا,unique,unique,new_feature
186,مصيف نسيم البحر العائلى,مصيفنسيمالبحرالعايلي,13.4458937,32.8545234,valid_point,available,,no_image,icon-1387,القرى_والمنتجعات_السياحية_بليبيا,unique,unique,new_feature
187,مصيف جنى العائلي,مصيفجنيالعايلي,13.4493142,32.8529526,valid_point,available,,no_image,icon-1387,القرى_والمنتجعات_السياحية_بليبيا,unique,unique,new_feature
188,مصيف وقرية بيلسان العائلي,مصيفوقريهبيلسانالعايلي,13.4532329,32.8515263,valid_point,available,,no_image,icon-1387,القرى_والمنتجعات_السياحية_بليبيا,unique,unique,new_feature
189,مصيف جسر الطاقة العائلي,مصيفجسرالطاقهالعايلي,13.4571025,32.8505775,valid_point,available,,no_image,icon-1387,القرى_والمنتجعات_السياحية_بليبيا,unique,unique,new_feature
190,مصيف القلعة العائلي 32,مصيفالقلعهالعايلي32,13.4648724,32.8476274,valid_point,available,,no_image,icon-1387,القرى_والمنتجعات_السياحية_بليبيا,unique,unique,new_feature
191,مصيف اﻻمان والمرح العائلي,مصيفاﻻمانوالمرحالعايلي,13.4617026,32.8491835,valid_point,available,,no_image,icon-1387,القرى_والمنتجعات_السياحية_بليبيا,unique,unique,new_feature
192,مصيف جيران البحر العائلي,مصيفجيرانالبحرالعايلي,13.4881483,32.8358246,valid_point,available,,no_image,icon-1387,القرى_والمنتجعات_السياحية_بليبيا,unique,unique,new_feature
193,ڤيلا لاڤيستا,ڤيلالاڤيستا,13.499675,32.8263611,valid_point,available,,no_image,icon-1387,القرى_والمنتجعات_السياحية_بليبيا,unique,unique,new_feature
194,Private house برايفت هاوس,privatehouseبرايفتهاوس,13.4965848,32.8256978,valid_point,available,,no_image,icon-1387,القرى_والمنتجعات_السياحية_بليبيا,unique,unique,new_feature
195,ROYAL DYAR Resort Hotel,royaldyarresorthotel,13.5917368,32.7955237,valid_point,available,,no_image,icon-1387,القرى_والمنتجعات_السياحية_بليبيا,unique,unique,new_feature
196,Cyrine Resort,cyrineresort,13.5811101,32.7933825,valid_point,available,,no_image,icon-1387,القرى_والمنتجعات_السياحية_بليبيا,unique,unique,new_feature
197,استراحة القويعة,استراحهالقويعه,13.6026248,32.7843142,valid_point,available,,no_image,icon-1387,القرى_والمنتجعات_السياحية_بليبيا,unique,unique,new_feature
198,Alameer Villa ڤيلا الأمير,alameervillaڤيلاالامير,13.6452837,32.7809471,valid_point,available,,no_image,icon-1387,القرى_والمنتجعات_السياحية_بليبيا,unique,unique,new_feature
199,Villa mfm,villamfm,13.6545833,32.7878115,valid_point,available,,no_image,icon-1387,القرى_والمنتجعات_السياحية_بليبيا,unique,unique,new_feature
200,W استراحة,wاستراحه,13.640728,32.7866744,valid_point,available,,no_image,icon-1387,القرى_والمنتجعات_السياحية_بليبيا,unique,unique,new_feature
201,استراحة السلام,استراحهالسلام,13.6407615,32.7863393,valid_point,available,,no_image,icon-1387,القرى_والمنتجعات_السياحية_بليبيا,unique,unique,new_feature
202,استراحات ابناء يوسف منيصير,استراحاتابناءيوسفمنيصير,13.6483207,32.7890202,valid_point,available,,no_image,icon-1387,القرى_والمنتجعات_السياحية_بليبيا,unique,unique,new_feature
203,استراحات شاطئ غوط الرمان,استراحاتشاطيغوطالرمان,13.6481641,32.7866322,valid_point,available,,no_image,icon-1387,القرى_والمنتجعات_السياحية_بليبيا,unique,unique,new_feature
204,A.G.S villa,agsvilla,13.645495,32.7853207,valid_point,available,,no_image,icon-1387,القرى_والمنتجعات_السياحية_بليبيا,unique,unique,new_feature
205,استراحة فاميلي رست,استراحهفاميليرست,13.6492705,32.7841251,valid_point,available,,no_image,icon-1387,القرى_والمنتجعات_السياحية_بليبيا,unique,unique,new_feature
206,استراحة بن طابون,استراحهبنطابون,13.6482928,32.7835389,valid_point,available,,no_image,icon-1387,القرى_والمنتجعات_السياحية_بليبيا,unique,unique,new_feature
207,إستراحة ليان للإيجار اليومي,استراحهليانللايجاراليومي,13.646381,32.784138,valid_point,available,,no_image,icon-1387,القرى_والمنتجعات_السياحية_بليبيا,duplicate_name,unique,new_feature
208,Villa SIMO,villasimo,13.6461763,32.7852914,valid_point,available,,no_image,icon-1387,القرى_والمنتجعات_السياحية_بليبيا,unique,unique,new_feature
209,إستراحة ليان للإيجار اليومي,استراحهليانللايجاراليومي,13.6464145,32.7857348,valid_point,available,,no_image,icon-1387,القرى_والمنتجعات_السياحية_بليبيا,duplicate_name,unique,new_feature
210,استراحة هلا مدريد القره بوللي,استراحههلامدريدالقرهبوللي,13.6503205,32.786204,valid_point,available,,no_image,icon-1387,القرى_والمنتجعات_السياحية_بليبيا,unique,unique,new_feature
211,ليڤينت/Levent Family Resort,ليڤينتleventfamilyresort,13.6508755,32.7862502,valid_point,available,,no_image,icon-1387,القرى_والمنتجعات_السياحية_بليبيا,unique,unique,new_feature
212,منتجع الماسة السياحي,منتجعالماسهالسياحي,13.6526789,32.7862274,valid_point,available,,no_image,icon-1387,القرى_والمنتجعات_السياحية_بليبيا,duplicate_name,unique,new_feature
213,Compound Rawasi,compoundrawasi,13.6547181,32.7833752,valid_point,available,,no_image,icon-1387,القرى_والمنتجعات_السياحية_بليبيا,unique,unique,new_feature
214,استراحة فايف قولد ستار,استراحهفايفقولدستار,13.6575625,32.7848125,valid_point,available,,no_image,icon-1387,القرى_والمنتجعات_السياحية_بليبيا,unique,unique,new_feature
215,استراحة زهرة القويعة,استراحهزهرهالقويعه,13.6581392,32.7849693,valid_point,available,,no_image,icon-1387,القرى_والمنتجعات_السياحية_بليبيا,unique,unique,new_feature
216,The Twins استراحات التوأم,thetwinsاستراحاتالتوام,13.6582634,32.7854936,valid_point,available,,no_image,icon-1387,القرى_والمنتجعات_السياحية_بليبيا,unique,unique,new_feature
217,منتجع إيليت,منتجعايليت,13.6589592,32.7873717,valid_point,available,,no_image,icon-1387,القرى_والمنتجعات_السياحية_بليبيا,unique,unique,new_feature
218,شاليه شمس البحر القره بوللي,شاليهشمسالبحرالقرهبوللي,13.6593844,32.7868362,valid_point,available,,no_image,icon-1387,القرى_والمنتجعات_السياحية_بليبيا,unique,unique,new_feature
219,شاليه النورس,شاليهالنورس,13.6594867,32.7868808,valid_point,available,,no_image,icon-1387,القرى_والمنتجعات_السياحية_بليبيا,unique,unique,new_feature
220,استراحة ديلان,استراحهديلان,13.6612993,32.7867376,valid_point,available,,no_image,icon-1387,القرى_والمنتجعات_السياحية_بليبيا,unique,unique,new_feature
221,Crown Beach Resort,crownbeachresort,13.6602957,32.7878833,valid_point,available,,no_image,icon-1387,القرى_والمنتجعات_السياحية_بليبيا,unique,unique,new_feature
222,Salem Elgamoudi Beach House,salemelgamoudibeachhouse,13.6611076,32.7873376,valid_point,available,,no_image,icon-1387,القرى_والمنتجعات_السياحية_بليبيا,unique,unique,new_feature
223,Bali s BEACH HOUSE,balisbeachhouse,13.6617428,32.7872148,valid_point,available,,no_image,icon-1387,القرى_والمنتجعات_السياحية_بليبيا,unique,unique,new_feature
224,Alhady Elmelliti Beach House,alhadyelmellitibeachhouse,13.661732,32.7878667,valid_point,available,,no_image,icon-1387,القرى_والمنتجعات_السياحية_بليبيا,unique,unique,new_feature
225,Golden beach village,goldenbeachvillage,13.6608737,32.7887504,valid_point,available,,no_image,icon-1387,القرى_والمنتجعات_السياحية_بليبيا,unique,unique,new_feature
226,شاطي القره بوللي منطقة القويعة السياحية,شاطيالقرهبولليمنطقهالقويعهالسياحيه,13.6653715,32.7894088,valid_point,available,,no_image,icon-1387,القرى_والمنتجعات_السياحية_بليبيا,unique,unique,new_feature
227,منتجع كريستال السياحي 1,منتجعكريستالالسياحي1,13.6662998,32.788138,valid_point,available,,no_image,icon-1387,القرى_والمنتجعات_السياحية_بليبيا,unique,unique,new_feature
228,استراحة لابلازا -LA PLAZA,استراحهلابلازاlaplaza,13.6656029,32.7870788,valid_point,available,,no_image,icon-1387,القرى_والمنتجعات_السياحية_بليبيا,unique,unique,new_feature
229,إستراحة القويعة العائلية,استراحهالقويعهالعايليه,13.6298483,32.7787266,valid_point,available,,no_image,icon-1387,القرى_والمنتجعات_السياحية_بليبيا,unique,unique,new_feature
230,استراحة كازا دولتشي,استراحهكازادولتشي,13.6440928,32.7799001,valid_point,available,,no_image,icon-1387,القرى_والمنتجعات_السياحية_بليبيا,unique,unique,new_feature
231,استراحات الدلفين الفاخرة 1 و 2 و 3 و4,استراحاتالدلفينالفاخره1و2و3و4,13.644618,32.7796264,valid_point,available,,no_image,icon-1387,القرى_والمنتجعات_السياحية_بليبيا,unique,unique,new_feature
232,استراحة ارام للاستجمام العائلي,استراحهارامللاستجمامالعايلي,13.6516421,32.7806459,valid_point,available,,no_image,icon-1387,القرى_والمنتجعات_السياحية_بليبيا,unique,unique,new_feature
233,Villa Lugano ڤيلا لوچانو,villaluganoڤيلالوچانو,13.6731804,32.7819916,valid_point,available,,no_image,icon-1387,القرى_والمنتجعات_السياحية_بليبيا,unique,unique,new_feature
234,حلا البحر للعائلات,حلاالبحرللعايلات,13.67428,32.7840256,valid_point,available,,no_image,icon-1387,القرى_والمنتجعات_السياحية_بليبيا,unique,unique,new_feature
235,Villa Mia فيلا ميا,villamiaفيلاميا,13.6725358,32.7828327,valid_point,available,,no_image,icon-1387,القرى_والمنتجعات_السياحية_بليبيا,unique,unique,new_feature
236,لمة العيلة,لمهالعيله,13.6730453,32.7831857,valid_point,available,,no_image,icon-1387,القرى_والمنتجعات_السياحية_بليبيا,unique,unique,new_feature
237,استراحة نسائم البحر,استراحهنسايمالبحر,13.6738807,32.7830915,valid_point,available,,no_image,icon-1387,القرى_والمنتجعات_السياحية_بليبيا,unique,unique,new_feature
238,Villa golden star,villagoldenstar,13.6735125,32.7822272,valid_point,available,,no_image,icon-1387,القرى_والمنتجعات_السياحية_بليبيا,unique,unique,new_feature
239,فيلا الصاري العائلية,فيلاالصاريالعايليه,13.6740388,32.7819255,valid_point,available,,no_image,icon-1387,القرى_والمنتجعات_السياحية_بليبيا,unique,unique,new_feature
240,بيت الصبار,بيتالصبار,13.6725336,32.7807619,valid_point,available,,no_image,icon-1387,القرى_والمنتجعات_السياحية_بليبيا,unique,unique,new_feature
241,فيلا الشاهين,فيلاالشاهين,13.6727762,32.7809974,valid_point,available,,no_image,icon-1387,القرى_والمنتجعات_السياحية_بليبيا,unique,unique,new_feature
242,Hesham Al Askari Marine Rest House,heshamalaskarimarineresthouse,13.6726534,32.7828317,valid_point,available,,no_image,icon-1387,القرى_والمنتجعات_السياحية_بليبيا,unique,unique,new_feature
243,La Coral,lacoral,13.6731743,32.7829974,valid_point,available,,no_image,icon-1387,القرى_والمنتجعات_السياحية_بليبيا,unique,unique,new_feature
244,استراحة شمس للعائلات,استراحهشمسللعايلات,13.6739304,32.7839781,valid_point,available,,no_image,icon-1387,القرى_والمنتجعات_السياحية_بليبيا,unique,unique,new_feature
245,فيلا ملكة A,فيلاملكهa,13.6732969,32.7850625,valid_point,available,,no_image,icon-1387,القرى_والمنتجعات_السياحية_بليبيا,unique,unique,new_feature
246,فيلا غسق,فيلاغسق,13.6727871,32.7851295,valid_point,available,,no_image,icon-1387,القرى_والمنتجعات_السياحية_بليبيا,unique,unique,new_feature
247,فيلا روعة,فيلاروعه,13.6733222,32.7853858,valid_point,available,,no_image,icon-1387,القرى_والمنتجعات_السياحية_بليبيا,unique,unique,new_feature
248,شاليه قطر الندى,شاليهقطرالندي,13.6721823,32.785773,valid_point,available,,no_image,icon-1387,القرى_والمنتجعات_السياحية_بليبيا,unique,unique,new_feature
249,النوران العائلية,النورانالعايليه,13.6726472,32.7859939,valid_point,available,,no_image,icon-1387,القرى_والمنتجعات_السياحية_بليبيا,unique,unique,new_feature
250,شاليه الدلفين,شاليهالدلفين,13.673279,32.7859816,valid_point,available,,no_image,icon-1387,القرى_والمنتجعات_السياحية_بليبيا,unique,unique,new_feature
251,شاليه همام,شاليههمام,13.6746817,32.7864115,valid_point,available,,no_image,icon-1387,القرى_والمنتجعات_السياحية_بليبيا,unique,unique,new_feature
252,Villa Mare ڤيلا ماري,villamareڤيلاماري,13.6743676,32.7869,valid_point,available,,no_image,icon-1387,القرى_والمنتجعات_السياحية_بليبيا,unique,unique,new_feature
253,فيلا كراون Villa Crown,فيلاكراونvillacrown,13.6718995,32.7874264,valid_point,available,,no_image,icon-1387,القرى_والمنتجعات_السياحية_بليبيا,unique,unique,new_feature
254,فيلا سانتوريني,فيلاسانتوريني,13.6718665,32.787142,valid_point,available,,no_image,icon-1387,القرى_والمنتجعات_السياحية_بليبيا,unique,unique,new_feature
255,شاليه ماسة,شاليهماسه,13.6719462,32.7875736,valid_point,available,,no_image,icon-1387,القرى_والمنتجعات_السياحية_بليبيا,unique,unique,new_feature
256,استراحة مارية العائلية,استراحهماريهالعايليه,13.6741114,32.7884234,valid_point,available,,no_image,icon-1387,القرى_والمنتجعات_السياحية_بليبيا,unique,unique,new_feature
257,استراحة اللؤلؤة,استراحهاللولوه,13.673185,32.7886616,valid_point,available,,no_image,icon-1387,القرى_والمنتجعات_السياحية_بليبيا,unique,unique,new_feature
258,استراحة روح البحر,استراحهروحالبحر,13.6732045,32.7889141,valid_point,available,,no_image,icon-1387,القرى_والمنتجعات_السياحية_بليبيا,unique,unique,new_feature
259,Ataya Resort,atayaresort,13.6756166,32.7896402,valid_point,available,,no_image,icon-1387,القرى_والمنتجعات_السياحية_بليبيا,unique,unique,new_feature
260,مقسم شاطئ النرجس السياحي,مقسمشاطيالنرجسالسياحي,13.6776506,32.7877005,valid_point,available,,no_image,icon-1387,القرى_والمنتجعات_السياحية_بليبيا,unique,unique,new_feature
261,استراحة فرحات لاند,استراحهفرحاتلاند,13.6858615,32.7872937,valid_point,available,,no_image,icon-1387,القرى_والمنتجعات_السياحية_بليبيا,unique,unique,new_feature
262,مصيف الامان فم الوادي العائلي,مصيفالامانفمالواديالعايلي,13.6966038,32.7912882,valid_point,available,,no_image,icon-1387,القرى_والمنتجعات_السياحية_بليبيا,unique,unique,new_feature
