source_index,source_name,normalized_name,geometry_type,longitude,latitude,centroid_longitude,centroid_latitude,polygon_vertices,geometry_status,description_status,image_url,image_status,style_url,folder,duplicate_name_status,duplicate_geometry_status,xml_recovery_status,notes
1,قرية إدوس السياحية,قريهادوسالسياحيه,Point,11.998442,32.9900855,11.998442,32.9900855,0,valid,available,https://mymaps.usercontent.google.com/hostedimage/m/*/3AAjQbR4xT5Q10e0X7AsyjlzyawHSZWThZ8t7XZAzYszAA6qjFI07r5aY7JH9FuRM7uj8FJl1oLAhkqOtmAKfvnR196nA9-chrXfbcIlwm_NcHf6_hPrDDEKsNGKUqk6jk89AtO1HFyKE4tuaRKoTISvB9AQrLE-KSsHZnsdZVDaTklVP6WNEBI58ahW0bPSDzDU7kjShPmlgnoDOOjWXF5O09w27RvGeLVH20Z0zk_2VkYRO8uYiA1_Til7RD_M?authuser=2&fife=s16383,temporary_remote_not_displayed,#icon-1521-880E4F-labelson,القرى_والمنتجعات_السياحية,unique,unique,recovered_parser_used,
2,قرية مرمرة السياحية,قريهمرمرهالسياحيه,Point,12.00665,32.98545,12.00665,32.98545,0,valid,available,https://mymaps.usercontent.google.com/hostedimage/m/*/3AAjQbR7de1s0VK2sqJjsa9cxcU5HyEzncMD0hu79p1UjFurln2gWplxEyPhTEaJH0dhUBvGgGGefdEiDoGIrg5sC13ml3S6rnrWSvvmhRpYcCf2Od16XfjjQvwGY8K1GH16Oi9m3QfBI6aX-FTWzJDs8SkRNPiGYxUQu6K6lJB3l1wDq-Yb3RO9L7citFd29ceqVQmG_OPzitn_rlsKEQ5FflV89V0UkC7bMVUMKXaqudLwPB8iwBM7xKkdwXjg?authuser=2&fife=s16383,temporary_remote_not_displayed,#icon-1521-880E4F-labelson,القرى_والمنتجعات_السياحية,unique,unique,recovered_parser_used,
3,قرية فيرونا السياحية,قريهفيروناالسياحيه,Point,12.01095,32.97933,12.01095,32.97933,0,valid,available,https://mymaps.usercontent.google.com/hostedimage/m/*/3AAjQbR5B-Lyz2eCZSkIDfHp9PEzuot2-EEjdqVYB0vMsKb_Z7dNwVLHszi_Jaa6DqGlgPg-GeFrvhlCARwO9K7TDuxRnjbZNgeXWpCyhJ7iNq4jaKDbYDwUcjebhWNxNcweyHmIxXNakL9BSU7-Zsf7GGfQvEvdqI4FlANI3IEtmiNOgR8eOBospIsdtO6ir3oZVJbj1vdns1JCrTbwwOox4OVmC3VTwk6an6RKvuWpu1fHS0njhrzW-we972Mg?authuser=2&fife=s16383,temporary_remote_not_displayed,#icon-1521-880E4F-labelson,القرى_والمنتجعات_السياحية,unique,unique,recovered_parser_used,
4,قرية البرتقالة,قريهالبرتقاله,Point,12.0234337,32.9749453,12.0234337,32.9749453,0,valid,available,https://mymaps.usercontent.google.com/hostedimage/m/*/3AAjQbR4kzshjrWVDQ0fA1AggnAg_vWbzvn1-V0OH4GrxiE5Ia-ztt9I9RGBwcbFz2t3Z_oH2LSpVSWcSBItyOf10FMd6CEBfyesOAOuGWG6bG5OwsAiaxju5S6CaQfMuxDScZT2lH-Jc4eg2k6jh9s2JV4XlpFIMU3A1q1kmG2tw0GsyPGYmDuHodYXiKbDtUsIyl4myXFw17-ai2lIKETuppFSjcB9ARhvKtywaS02KqO9HIK7wsZ1mwlhM-zg?authuser=2&fife=s16383,temporary_remote_not_displayed,#icon-1521-880E4F-labelson,القرى_والمنتجعات_السياحية,unique,unique,recovered_parser_used,
5,قرية شط النخيل زوارة,قريهشطالنخيلزواره,Point,12.0486794,32.955312,12.0486794,32.955312,0,valid,available,https://mymaps.usercontent.google.com/hostedimage/m/*/3AAjQbR6ZAl8TbZfuww3_wst7XWh8G1PITa76s4YmeeYCT3OE3az-aOg7mq9P1gj5kElTqhsStz_whO6ga-6mvWh51eoAb4dbopWdM7skwEtBRbOpAd6D4vnFx13cjPd19d2I5IYIQvUCNBlqx4sNVXVMl_iFuFEYQ-aL3qIKWrUGZB8ovb-nJRI0Ti6SZTwNzKJiTflPZfnwDKI7LaizhXXXxpimf0QFpJ2MASUk6_gKczFsoyL4nlN-5wpgT4E?authuser=2&fife=s16383,temporary_remote_not_displayed,#icon-1521-880E4F-labelson,القرى_والمنتجعات_السياحية,unique,unique,recovered_parser_used,
6,قرية أوليڤيا السياحية - زوارة,قريهاوليڤياالسياحيهزواره,Point,12.0248071,32.9751944,12.0248071,32.9751944,0,valid,available,https://mymaps.usercontent.google.com/hostedimage/m/*/3AAjQbR7m49oLmfptwbbDU0JsF1Jjp2DLKU98N2ZOAPsjMoJcp8hamttSuYBq3fCBum1DzVHES_c3VPiEkElj4uuMZS10KlYmkeH6bDLemnYigwQIrCpIygyVvJeEinzbSyjRsgiswi0OiboFxb6Nx0JLU986bpWrf6sSC3wQJPFaQG4rKJySQGa7jk8gzn8VP9ppWi4M-zC71mbo_1Ak-AUHdv9UpXpTMCCdL5VXy535AxTBb7UdIPkCkpvE0hE?authuser=2&fife=s16383,temporary_remote_not_displayed,#icon-1521-880E4F-labelson,القرى_والمنتجعات_السياحية,unique,unique,recovered_parser_used,
7,منتجع رياض المنصوري,منتجعرياضالمنصوري,Point,12.0565,32.95211,12.0565,32.95211,0,valid,available,https://mymaps.usercontent.google.com/hostedimage/m/*/3AAjQbR49_Zv3LhN-XpXjfIAcx84kA2mfCdptVnBJ2IAs38v019eQ6wLpADA78JKP49ysXIlCvwA00tiyEwzXofJVJMftlwERjcJUO34UVZefySx0P3CsZhgW1ckN3WdIggKvRZj4_Orqw1ffDkf7zXmBI1jNvSpHFdI8Bm6MNED9B2WUmtMf1U7rQP_NQGRsFl1q2ppuVBPOhX3nOoxtGi7m2X7qTiv0HmVwYng-_1MEvBR9ki76yoFviwJ-Cd0?authuser=2&fife=s16383,temporary_remote_not_displayed,#icon-1521-880E4F-labelson,القرى_والمنتجعات_السياحية,unique,unique,recovered_parser_used,
8,إقامة تولين السياحية,اقامهتولينالسياحيه,Point,12.0211239,32.978893,12.0211239,32.978893,0,valid,available,https://mymaps.usercontent.google.com/hostedimage/m/*/3AAjQbR5sjGSbGYsrSACOOLzESBK4IbM4GcR27xcwCuk2oIXdKOwNh2mdHbfAwVdSYT-MP9RP5Vxu6GoTIyhU8Lq6ieYNnsOvtjVbBUNzMLTy3s0FHhwmWoNfZFPzvlQPOTNy8_aXehc_wUqOKurMRirkdoZjNMjOf9aht26qfIlPXGbY6MZZEbjlXoO46DEOkADSfFM5QzeuP1Ltri8j0LLIJXJZqvSBaMuLqzY0XMKCp4QP2I7OPbD9J1UUzB4?authuser=2&fife=s16383,temporary_remote_not_displayed,#icon-1521-880E4F-labelson,القرى_والمنتجعات_السياحية,unique,unique,recovered_parser_used,
9,VILLA HAYA,villahaya,Point,12.06513,32.94623,12.06513,32.94623,0,valid,available,https://mymaps.usercontent.google.com/hostedimage/m/*/3AAjQbR6HIdZ61WqJfOMyUTinaIUiBNSMRiCrb46PHQAQ1pZeWWHaROjKHHynF82plY5ZRlud5U0tMPQVTLz4Maksh8bu0se8Gey4FabIk8dzbvBUN-Yln9Z-zU_qJHkncZ_O7URdSII45ydqTL6BYS5GFylGLM6gH4hR0VnkQXGfXSEK-rr2VZF4kRYWahgJFRZX5OjJluWSek-DEqSPjGuUJ8ZBD91e_92N8d_b4eG1uKfL74R607yMtXVyrBA?authuser=2&fife=s16383,temporary_remote_not_displayed,#icon-1521-880E4F-labelson,القرى_والمنتجعات_السياحية,unique,unique,recovered_parser_used,
10,منتجع زين السياحي,منتجعزينالسياحي,Point,12.0418755,32.961648,12.0418755,32.961648,0,valid,available,,no_image,#icon-1521-880E4F-labelson,القرى_والمنتجعات_السياحية,unique,unique,recovered_parser_used,
11,قرية تيبودا السياحيه,قريهتيبوداالسياحيه,Point,12.05311,32.9545,12.05311,32.9545,0,valid,available,https://mymaps.usercontent.google.com/hostedimage/m/*/3AAjQbR6tml2Dw54XAamlmHutr_r_epsKQUCtMQSJ1d3-fvTGqBNwBoq-2AgMP_Pun6R-vFNPqkmRq8HdG3iAUfHdAyk4_wL-OLHKUnVPICe0AbVQLOJ2VzXZ57fLx0-1bkfa3XSweaLd5b8K2d_vXa2eZs6drpDJgrQljelsF8alcTvUrHfPQ0s5Vg0vbeYBSp64fnXWT8AUrB2_ZkKxdoFM56LemVx8EjNAenXTc5A60n9vNu7QKaCksQeC1XA?authuser=2&fife=s16383,temporary_remote_not_displayed,#icon-1521-880E4F-labelson,القرى_والمنتجعات_السياحية,unique,unique,recovered_parser_used,
12,منتجع سيتي بارك زوارة,منتجعسيتيباركزواره,Point,12.10216,32.93167,12.10216,32.93167,0,valid,available,https://mymaps.usercontent.google.com/hostedimage/m/*/3AAjQbR7Tcwy-H9MmxOKa-pHX1GShUYtKPd9_8BZKRkzx5cerC9bMKdmVEdgds8c0bf8-WzOSOQUXClBgAAxRo5mia0aiS_nBezTFyb7w27eHAAsnvTTlQY3d8_Jb3gbSRvPJU8osciNCsY2boZkVxfKn-ou4lUJm2HC0z3MGMHO-jxCFAfrOjeHxumxdGs_mTQRlmXF6WQbt8TjYY3UWDBJuBnyg6hrHwNx3zxasZqZzvytYIrxqpSgQl0ov1kQ?authuser=2&fife=s16383,temporary_remote_not_displayed,#icon-1521-880E4F-labelson,القرى_والمنتجعات_السياحية,unique,unique,recovered_parser_used,
13,قرية جوهرة صبراتة السياحية,قريهجوهرهصبراتهالسياحيه,Point,12.45843,32.8107,12.45843,32.8107,0,valid,available,https://mymaps.usercontent.google.com/hostedimage/m/*/3AAjQbR4Q2mxlVRr5B3TPbdQ6xslSRA1-_XjtI7NNXaltRUndv99k27qNky1vEpj7lDErVxf3QoaDuB-u3McOFX2VDntYEAGRpAtJU1b4YV9nYQZTJcwlNqC65PoyLBAjrK4_JZ8ZGPvgVieNQnsky5P-vkuxws5pxMn9Tq2QBGsTkvtuvVKDfnom-RhlvXrNkRauqFjiQ7Onmv3n5uL5yoBKHiEmMt5ymCq1qmLj6cdkUJBnRAJQcXlECw0-_Z4?authuser=2&fife=s16383,temporary_remote_not_displayed,#icon-1521-880E4F-labelson,القرى_والمنتجعات_السياحية,unique,unique,recovered_parser_used,
14,قرية المغرب العربي صبراتة,قريهالمغربالعربيصبراته,Point,12.3285944,32.8259566,12.3285944,32.8259566,0,valid,available,https://mymaps.usercontent.google.com/hostedimage/m/*/3AAjQbR61MdCxiNltgiSQCDV_h4ZCubQu2JJKslVdZfEskc5w88jVJwDMrIhPXu8w9TwrUJDbeE7_L6gAkNNRpEbQLgEc2ABPyuPAIWqwhVc-5I6GOQu0gO8hawkDEW2_PtE9NaC2PDOg8a2hAoswi9itxNE4N8wzmmsxot9vsbALj8f_Tf3zMmsee0SNuOGzW7vS_MjNu28np9-O_wBbEvxw9dN9gTG8hJbRYWfJv3kSOg_NgHWyz9y9CLHon3Q?authuser=2&fife=s16383,temporary_remote_not_displayed,#icon-1521-880E4F-labelson,القرى_والمنتجعات_السياحية,unique,unique,recovered_parser_used,
15,مركب تليل السياحي_صبراتة,مركبتليلالسياحي_صبراته,Point,12.37648,32.81694,12.37648,32.81694,0,valid,available,https://mymaps.usercontent.google.com/hostedimage/m/*/3AAjQbR6UIYNkmZbX-DVYfaz_K162Blb2TLVH00Uv-No5TaRoX3HJaczrxnAkkDIjnv5iWar7yPCPAQnjFemT6WIZ14N-lstDelKfju3c6OGjCwlvQxhx2lIjYtSVJjLs7gkKA47xu7QJOjTp2BeRdfyNgbggB12MP2S02UsJrWJc3acbz5Gcu5DSJkxt0XBVR5KPFuAtGt9pifE1DyC_kLTUhVZl61F4r2jU7qHSMJ8AC7yBTcOlYAvGXx8mkdA?authuser=2&fife=s16383,temporary_remote_not_displayed,#icon-1521-880E4F-labelson,القرى_والمنتجعات_السياحية,unique,unique,recovered_parser_used,
16,القرية السياحية جنزور,القريهالسياحيهجنزور,Point,13.00864,32.83712,13.00864,32.83712,0,valid,available,https://mymaps.usercontent.google.com/hostedimage/m/*/3AAjQbR6TCnwQXJUBcrb2Xh6Kx65QU3rypoSlXiVdIsCC79sX96mBwtITkEgGTIQBbs-QdSY2efMToaBzs_2R656gRKjKqYmLMaM5tBXWZ58yzuiprPxTJeT-GGllqvbxhfnpz35qDNba-TY1qMabXT6ihg-LHTmvIDrY02BMHeCc507UBUw8jl9dkzn-YZL6zZMcUNzpba5_wPqGy5m3P1HVqr974mVPwDw0TdkkDapC5N-eGBu29dY0b41S3CY?authuser=2&fife=s16383,temporary_remote_not_displayed,#icon-1521-880E4F-labelson,القرى_والمنتجعات_السياحية,unique,unique,recovered_parser_used,
17,قرية بالم سيتي/قرية النخيل السياحية طرابلس,قريهبالمسيتيقريهالنخيلالسياحيهطرابلس,Point,13.041687,32.848441,13.041687,32.848441,0,valid,available,https://mymaps.usercontent.google.com/hostedimage/m/*/3AAjQbR5G2IJnjbjTosfkVlB9ttoQnbDcEYcsXFWNYFXjvKPq98Cc3K2jOcGAjhOV9LBzNwJmbCeD8nw6PwnrbOzYRjlW-HB6e144FK2JSh6Au_KcfjS_CqKCNqtFyeFR35GFQ0hqvUuY09pAnDfnse3POQuJickQxtAoRPaE1T_rupbMn942qjADQjjUfDKoxL37WpMmznu5-ybc7i03k2bC79oO9tIJxqGV2Ne8NzrzQg3dUMI8yow0J_-YmsM?authuser=2&fife=s16383,temporary_remote_not_displayed,#icon-1521-880E4F-labelson,القرى_والمنتجعات_السياحية,unique,unique,recovered_parser_used,
18,القرية السياحية الريقاتة,القريهالسياحيهالريقاته,Point,13.05782,32.8521,13.05782,32.8521,0,valid,available,https://mymaps.usercontent.google.com/hostedimage/m/*/3AAjQbR4NCxGnffuslO4SLDium47w4B1p_uslQgYrk7p0QArGJn4bEUU951ToPvfPOF34yD4PLoaS1dvrFoqJtCXCIFXo3HvP0DKkTLb8BXQdiqPVdGJwd1boFGaNjOHf8CVpLasGMWRxBNo-OlHM4plCW7EaxDuX60YWMEbmKS_BCfJVgPE4sXoCTXDd1IxCo9vQST-CFf-4sNODorU-BoEsr9K9v0Qv2MacPgqvgwJXX73sgKcQHGeUMptIs_E?authuser=2&fife=s16383,temporary_remote_not_displayed,#icon-1521-880E4F-labelson,القرى_والمنتجعات_السياحية,unique,unique,recovered_parser_used,
19,مركب شيراتون - النقاط الأربعة,مركبشيراتونالنقاطالاربعه,Point,13.146279,32.880963,13.146279,32.880963,0,valid,available,https://mymaps.usercontent.google.com/hostedimage/m/*/3AAjQbR4savrMEwAMLVX3XzPkWJugofjugg_sUdyOO9RmXgy5piULqfS3b-j9HVpH-fP1DD-mxSicOqYiBBfBewGZgoArJeD0mE5bbCp4sHkQe0JuBd_8O0MYn66xvGJzrdVU96nmpdI3AoWl0ATr68wzCo6VKBrzgnNDdhLaKmmw63rpXe-0DxvcX39cKdyphOWK6XTOw2EaePQvR9-9_nDPLv1yWeLL6nQFlE43XQozLT27fnRir18Qpdf7osY?authuser=2&fife=s16383,temporary_remote_not_displayed,#icon-1521-880E4F-labelson,القرى_والمنتجعات_السياحية,unique,unique,recovered_parser_used,
20,القرية السياحية تاجوراء,القريهالسياحيهتاجوراء,Point,13.42962,32.86297,13.42962,32.86297,0,valid,available,https://mymaps.usercontent.google.com/hostedimage/m/*/3AAjQbR5W8s0HRPjlwgZApNOntxcVZtok1HTRRjwQvX67S8i7A44MdbFLb6b_NTgXvGvrZvIb1OeYYL27mtkF7sEffaFC3_KXr3vVIdIAFrCW1EQCbTOJhfdvjj-f0_h4ap2xrFaO4xpmQe8KdMPdbQCpabpQeBlVfwAf9IgioyieQ-bisqYVp9MW8qmYqf30jugZGcu2-lCPpoQ352yWxUFsJZ8ukarfDBJEJMIdbZkpCwycHffefSKS5u2yPUQ?authuser=2&fife=s16383,temporary_remote_not_displayed,#icon-1521-880E4F-labelson,القرى_والمنتجعات_السياحية,unique,unique,recovered_parser_used,
21,منتجع سمرلاند المائي,منتجعسمرلاندالمايي,Point,13.582164,32.79624,13.582164,32.79624,0,valid,available,https://mymaps.usercontent.google.com/hostedimage/m/*/3AAjQbR5j9Bvu4v7jF615xnJTBfkAHiXMRHlgsyUa4voYCUwdVdbTbwEmMQuL0GTSVdxQbkPx_Py9OYx9YW2j9J-n1NF3BURggu9cVFrM5OMoQwIE7RRzLLHsFF29bmkDJhWWhsivtpXcEEFbFbZB_PP4f7lh6LfqFDMRvB0vmIo__Z-0fZpXsKHnE0uhBe0Q1P4sHFQtnjqiYg_tP32GF9p2CJrKe5kLLbvtH0OvvXv3nJ1udLB15fB2Q-JXM8w?authuser=2&fife=s16383,temporary_remote_not_displayed,#icon-1521-880E4F-labelson,القرى_والمنتجعات_السياحية,unique,unique,recovered_parser_used,
22,مصيف قرية مارينا السياحية,مصيفقريهماريناالسياحيه,Point,14.3535,32.5956358,14.3535,32.5956358,0,valid,available,https://mymaps.usercontent.google.com/hostedimage/m/*/3AAjQbR53Pi4B3ZwVYDSnbCf6fSD8PoldFAWS6SNti_MYOkjLQeYG8STqzUeg-LddbWafC-TLo8YjSiSGU9zmsDWYvWt1VkYX6pDkop5BmnmrI9D6425UFDeEnfIn74W9mVz99ds6o3UCsceaiTUJfUtlHJ57RmIsKcTXoUowuu0PRieXYVP6uszjSnCfv0mRN7XJsopSJr_MFEVGfZtiHBiIJXiETwUOLpaJO6LZgAqW39S3KL5MOvnK66jz2So?authuser=2&fife=s16383,temporary_remote_not_displayed,#icon-1521-880E4F-labelson,القرى_والمنتجعات_السياحية,unique,unique,recovered_parser_used,
23,قرية قصر سيلين العائلية,قريهقصرسيلينالعايليه,Point,14.1871872,32.7041884,14.1871872,32.7041884,0,valid,available,https://mymaps.usercontent.google.com/hostedimage/m/*/3AAjQbR6haVCi9ZHrv9abl5WJfwkiuMb6O1tYjJRSz41Cp9Z5i-x3M-poAvgZBor_XoN-ITjrvf9ZTIKx9nLcZ4wcqLnKYp_l9PUVxctXlcu1h1qdHmqwTQJwOhWY_A8qvN-tsodLzhex6vArvhFU45kFhdfXziUjD88_7OhPi9zlOKrsMXAGEozT4d--jsaE4AsYApUlRCLRCIjEcVTMoTFYlhkFWC5bqrl2stuwFdVtuukunkrF97wnLpSm6S0?authuser=2&fife=s16383,temporary_remote_not_displayed,#icon-1521-880E4F-labelson,القرى_والمنتجعات_السياحية,unique,unique,recovered_parser_used,
24,قرية حدائق غنيمة,قريهحدايقغنيمه,Point,14.0588067,32.7198825,14.0588067,32.7198825,0,valid,available,https://mymaps.usercontent.google.com/hostedimage/m/*/3AAjQbR5eoX7ALgbWul_vELjEzSV561P1w3S4qPS4MAM6A0B-w69IkzA480Na9Dk0-NInmiaZlXY_HmJ69n4YSH1kUqtWmrnirfMl6_wYWRVmKkEqyxRa1cFNN2ZVr9XCaEKNQvVO4I-ZtaAVrjJz0Pw1RYRdtx5HvngBtYGKZKeZn4pOk8kKqLnJ-vKCb-vCt__10ajAkjvef02t3Y-nqX7X2AW469CSMWpnYmf3B_xVGgyCNTNtWTagr54_mfE?authuser=2&fife=s16383,temporary_remote_not_displayed,#icon-1521-880E4F-labelson,القرى_والمنتجعات_السياحية,unique,unique,recovered_parser_used,
25,إستراحة شط غنيمة,استراحهشطغنيمه,Point,14.0287912,32.7217682,14.0287912,32.7217682,0,valid,available,https://mymaps.usercontent.google.com/hostedimage/m/*/3AAjQbR6A0qCUQPNOu-E-B95oyGHkFqOgJslsF9t7TZxL58drQLvyhpsKlxu43OuhK2JnxQggFtCZnkD-ONQcf3C22uwVH31GXcp-2e3pyehQEJ8N1u4k2o2oQBP1TWCPMYkKtzrrIUHhTziG1VAxAOF1JiL9tgdAOPTZHEd2X5zqJzBuG7wBG5bbd9RmBSmFZBS713rmrySOGOSRt7spKrWHAnfE7eUqBiyj1VNIANpnhjjmGC-CvCOJx-QZzP8?authuser=2&fife=s16383,temporary_remote_not_displayed,#icon-1521-880E4F-labelson,القرى_والمنتجعات_السياحية,unique,unique,recovered_parser_used,
26,قرية المتوسط العائلية,قريهالمتوسطالعايليه,Point,14.0296077,32.7266548,14.0296077,32.7266548,0,valid,available,https://mymaps.usercontent.google.com/hostedimage/m/*/3AAjQbR6JCDo7cP01L9fiIY1wt7ALJehAMLrOUUaQCiC0Qm0u42McfYrLUy-BDujLH22Ia9X1U1bT6eZYYPvpIfq_GEwBaMAlYaZAljbSlmY-49aZDgI-OjGWcUmMZK6sq_H1Fk6n7kpTkLtXJny6W84Nph0joipx4l_SB6MQADmaQIFXT7hx6MBsbeKmWGyTbCzJQg_MUM09oLaOrVHd5fjJ5ZaAVz8ofCz5lJLJHZJ8JddSMmsadZzo5lO9DQY?authuser=2&fife=s16383,temporary_remote_not_displayed,#icon-1521-880E4F-labelson,القرى_والمنتجعات_السياحية,unique,unique,recovered_parser_used,
27,قرية قوس غنيمة السياحية,قريهقوسغنيمهالسياحيه,Point,14.05611,32.72302,14.05611,32.72302,0,valid,available,https://mymaps.usercontent.google.com/hostedimage/m/*/3AAjQbR5bfSLIwr73hVXMk-qAzwLo9l6CGCB8tnc27QM-1UYJBk3zBLjJmcPyBAS9h1OmbeE1QMfP0ffyxOMcobPAWXSmt8BVWQFugDdNBqvWEBA2fNdhRA0sQ7sRNeMExCrYoSQ0w_PLH3kDnju-DHJSxpn9H4gdKct6GY631iVGa22vmQi7SZqLfLCgi9xO9c4nhabqVI5QivZE0tgdT2sjMpxNkG9TTHhOUBPh6CFD9JnPOQVnZEU_U3nVHWg?authuser=2&fife=s16383,temporary_remote_not_displayed,#icon-1521-880E4F-labelson,القرى_والمنتجعات_السياحية,duplicate_name,unique,recovered_parser_used,
28,قرية لؤلؤة غنيمة العائلية,قريهلولوهغنيمهالعايليه,Point,14.03409,32.72176,14.03409,32.72176,0,valid,available,https://mymaps.usercontent.google.com/hostedimage/m/*/3AAjQbR7469zgrdRfCqNLHLydKYt1xBAkfReDY6rnMjog4pmdR-IUNMzvAw4EF6YFETaGMnUyVlJW9izmMs-Zh9dkP0q9IkL3e8SZO4xYg5Hf0lMc3Dhz2l3tgBkfHTcXs_vWvhp5YZI3kUOidaaw5g8UlULULAhDSpynGjat9eO-riPxZ24uLXYhYfk8gfgq2zz4F2HLAUMM8SdEllFtOVecHZh5SWM70uep-OQMGRMvJ1xlVUeIpOczilLasBE?authuser=2&fife=s16383,temporary_remote_not_displayed,#icon-1521-880E4F-labelson,القرى_والمنتجعات_السياحية,duplicate_name,unique,recovered_parser_used,
29,قرية شمس البحر,قريهشمسالبحر,Point,14.0591948,32.7217781,14.0591948,32.7217781,0,valid,available,https://mymaps.usercontent.google.com/hostedimage/m/*/3AAjQbR4nKO0Tig41V-TFkBrenfNY2645TOwITylKTpAq9Lh_lF_jstZ9N-cdh2e4d5Cs0JaOMM5EZBfh3-x_kTXHOg1mHl3kM7efcsOL5Qi4CxGBeA0PnLI8xpgbX1S4_A7STuZ2_7iGhzlHN42X6dS_ewK-cTb9Ku3RDmiy4JtqqCGf2vj-6oOO3H0hyW1Kt_oIFDhCLAjwGgOAq4S8mV2ADVEjCMOrvZ6nqnXHt4eicV0XBEIxaKQ3J3o2RgQ?authuser=2&fife=s16383,temporary_remote_not_displayed,#icon-1521-880E4F-labelson,القرى_والمنتجعات_السياحية,duplicate_name,unique,recovered_parser_used,
30,قرية الشاطيء الذهبي,قريهالشاطيءالذهبي,Point,14.05915,32.71876,14.05915,32.71876,0,valid,available,https://mymaps.usercontent.google.com/hostedimage/m/*/3AAjQbR5CL55yccPGrhAj50QnxZvZXgBbU6zzmgPNuviZX1aN7bu0CaikynWubGdYPXoYeLuBL-9ICZXqxZ50QJU3U6nf8b8d5C1Yw1JWJiIrKvTNrU2KSxxErsO0Dz33Lurm1RQ7Sc8EISNqNNUrTTWW0sFeB4GWtK0biHFDZEEcbcLXDaszCNRCP-XWl3kmJbc605Ae3Nd_1OccgFCxwKqvRCsTVdh4ibDCTkifpm_288mUPilDQOWrq5X1xwk?authuser=2&fife=s16383,temporary_remote_not_displayed,#icon-1521-880E4F-labelson,القرى_والمنتجعات_السياحية,unique,unique,recovered_parser_used,
31,منتجع سي شيلز,منتجعسيشيلز,Point,14.1902606,32.7048271,14.1902606,32.7048271,0,valid,available,https://mymaps.usercontent.google.com/hostedimage/m/*/3AAjQbR5ab5n9_bNQf6tcBMqEISGzUIcyVGy9d1s4Ft_1E78mS4KPlpoDUGbZJJmGQ808aQXcPi2BoY42hkhV8c3k_RSu1OSLollZb5QUihRS_Ue-PxQihsvzqjQgzCNk8eKJZAkWAdfUUcO7xYsRx2GMAxZKh9VMe_U0GZmrXfFgbxFZf7veLnwBBcs9i21D8_6nxFhNfh4StzgZaP38KxMbT8HE7H3LHOra6f_gAENVa2pGhadA4L9KElbFDlA?authuser=2&fife=s16383,temporary_remote_not_displayed,#icon-1521-880E4F-labelson,القرى_والمنتجعات_السياحية,unique,unique,recovered_parser_used,
32,منتجع حوض البحر Seapool Resort,منتجعحوضالبحرseapoolresort,Point,14.0607489,32.7222509,14.0607489,32.7222509,0,valid,available,https://mymaps.usercontent.google.com/hostedimage/m/*/3AAjQbR4meYRuY8Iq4Jyhe1dZYkdBQmtYi6um6y-fPDlx4khJeRWS4qy40OdV8ZiANChx3K0wSpZD4PPq33P1LzZr1I5C-u7pngGfswYv0qIIESiT8l5Xx7UvwsnwOiDTy0x-rKRFnVjvDYdCcm56Ijldg9yFJrt1WWRjdRUuPVzQSB_q5I0wXZPNyK8Bv_LPlkG5uxukaXiHeJKcSvaDveTpY-M9UIJieFeERu3Q5RuxvrV2JlkYTJfRnim6JdA?authuser=2&fife=s16383,temporary_remote_not_displayed,#icon-1521-880E4F-labelson,القرى_والمنتجعات_السياحية,unique,unique,recovered_parser_used,
33,قرية الخمس السياحية,قريهالخمسالسياحيه,Point,14.2779222,32.6457684,14.2779222,32.6457684,0,valid,available,https://mymaps.usercontent.google.com/hostedimage/m/*/3AAjQbR5YyTFBoc8NJ4FPBRpqQl2zFGhY0MtFZm0okOcZOyuJwnyj4a2x6kA3FEcYpehn0qZEk3uUd08kQr6rEiucdzFE050K3XV6YtA3vDD3BoHCVkAgAF9zTOTxMFy5Kr8QncPQA7ylyAvEp2dSUDl8JkRkI1-4LdKyW9iFBG8iYRkNOQJCdQbBIDgEjIRDb_HYvUoYDb6feNkrVGTZRLkQQda03481bRF_lOEn3uOlAEaGGD_bjTB0Hq-Dh2k?authuser=2&fife=s16383,temporary_remote_not_displayed,#icon-1521-880E4F-labelson,القرى_والمنتجعات_السياحية,unique,unique,recovered_parser_used,
34,قريه غنيمه العائليه,قريهغنيمهالعايليه,Point,14.27806,32.64588,14.27806,32.64588,0,valid,available,https://mymaps.usercontent.google.com/hostedimage/m/*/3AAjQbR6uPD9tntsVlThPhfv9rpc_M_sLI5oenXK1lBFMfQMTorVYazvsffqDh-nKcBDnJP2gTIsyIZZlpAQba27hJmCT1HFrKXhzjeotOFkjzEgOzg2CnqTLZmHArQdFvTW-jBZAu20EwcN-OXZ8i5F182ZYgXjkVs7Uhj_-DCDGZRUcO-S9KsYeaBkMn5mEr4iXOI4BfzzvZ2EpgWCbrnMMNVsIZxhJ-C6_SpFPvgS71iLJbp5nrUwgIyJAPbM?authuser=2&fife=s16383,temporary_remote_not_displayed,#icon-1521-880E4F-labelson,القرى_والمنتجعات_السياحية,unique,unique,recovered_parser_used,
35,قرية اكوا مارين السياحية,قريهاكوامارينالسياحيه,Point,14.034,32.72555,14.034,32.72555,0,valid,available,https://mymaps.usercontent.google.com/hostedimage/m/*/3AAjQbR4FRcxyJA5pWvmeVUxlzVL_rEHm0U_2jPHVXD8INmoX6bIo0bjcTf_4qwtUxYG_v6PTRU1usi58FcYbEPFGlCTGztN_coW4OyUduEQpQazi-OuToncoLj-ECW9EcN34LKVgBffONicIi0GOUUXrAWmAZs9pRE92fgRS3XtZPJZ38XsoXVDekJGt5HVc4g5XWwxz74hjK5e8chQFn53X9JlVwnmvomBYwVqSE7L6hUMawLFWXZQgiC99AiY?authuser=2&fife=s16383,temporary_remote_not_displayed,#icon-1521-880E4F-labelson,القرى_والمنتجعات_السياحية,unique,unique,recovered_parser_used,
36,قرية جنيف العائلية غنيمة,قريهجنيفالعايليهغنيمه,Point,14.03118,32.72632,14.03118,32.72632,0,valid,available,https://mymaps.usercontent.google.com/hostedimage/m/*/3AAjQbR7fa1SvP2TO1PFS7MCrRdZk8UR_YU1KVbXrm_jcE32-yNHX1U1PMWqo-5j0m5_at8J1KPYzfX36euDlOfxq_XZp2jSnM6XXmNhSYJkHR0NjxAmc3Sh34Smt9hNxnE4G_HTyfkxXEPQRe1D3c2YxCpKidudrCtrd-gfu3ua6YCcRlnsJIrnfeqZd40K_EXMjBOD6tiQDi2KspOoaDssqDJZTBwXacak_-ivqkBGD2URCdLhVfVHJd4H80ls?authuser=2&fife=s16383,temporary_remote_not_displayed,#icon-1521-880E4F-labelson,القرى_والمنتجعات_السياحية,unique,unique,recovered_parser_used,
37,منتجع شاطئ غنيمة,منتجعشاطيغنيمه,Point,14.0540747,32.7210539,14.0540747,32.7210539,0,valid,available,https://mymaps.usercontent.google.com/hostedimage/m/*/3AAjQbR7lXel_lOCeOgf2gBFADElmooLlafMheF2lxAcJmS44Ry-ZJg8KDDef_3EnANPedO-krCasYAp77s5OidyxJuiyowHUajU6uSGraXYlQMjf4p8qrbLLp2HiBtaR9_gpCgL4aMMq8gltpiWpMT4BrfabGhrf2DpJmqNoyA3rGBSqU33-RafGwJDueGKCm_gM0NpNMRUG5TiTWVLK470F7liIzctTMmKQO0zyEhZjTAe2W5FK1sKGR9qNET0?authuser=2&fife=s16383,temporary_remote_not_displayed,#icon-1521-880E4F-labelson,القرى_والمنتجعات_السياحية,unique,unique,recovered_parser_used,
38,شاليهات بن حمودة العائلي,شاليهاتبنحمودهالعايلي,Point,14.036992,32.724932,14.036992,32.724932,0,valid,available,https://mymaps.usercontent.google.com/hostedimage/m/*/3AAjQbR5_x_HDZENd1bWN66gYNyemFccY8JNxLNdV_5e8t0tGfD4Lx2nRE6Av0gpQ0dDZulM74KtZfaNJQp-6-7-SH9trAZm3waknxCWm6oqJyC6_-nxkQUPS6_3MecTLLSdk_5WCEtLTdktSXsKVJRfE2kOBhtsUXNkZYtg396wvZ8B7SkAF1C6eAJ_Ux02evkqVTLYGiGZWt8d6Ot7YHKk1zJm6Y1UcGjubZsQujLoQg8U62fu--xO9xQUpKxs?authuser=2&fife=s16383,temporary_remote_not_displayed,#icon-1521-880E4F-labelson,القرى_والمنتجعات_السياحية,unique,unique,recovered_parser_used,
39,منتجع كريستال السياحي,منتجعكريستالالسياحي,Point,13.6352738,32.7875341,13.6352738,32.7875341,0,valid,available,https://mymaps.usercontent.google.com/hostedimage/m/*/3AAjQbR6WHVacLc9Xk9Cr0HOSq5RIxL7A-C2M9kMKHi5fDe2cb50mS0gd37WuswphuzyzITrj7KirObTmn8tq1ZXElYGjuUn7fDCyUep_8u7HE24xFPgC0_fsD0TUbIudUKsXQk43YDWL-RnDh8R66ooMLOSMcReUY9YioP8soHA6uAGA8nS_ljo1gJZ9_n5KXUN_UBJav_GQ_eLDEJFvxUILGwpffZoybHYcd9mtgRNxknYifDwQ5E1iyPcOA8g?authuser=2&fife=s16383,temporary_remote_not_displayed,#icon-1521-880E4F-labelson,القرى_والمنتجعات_السياحية,unique,unique,recovered_parser_used,
40,منتجع رويال السياحي,منتجعرويالالسياحي,Point,13.6649677,32.7880725,13.6649677,32.7880725,0,valid,available,https://mymaps.usercontent.google.com/hostedimage/m/*/3AAjQbR47ZK0ow2cQSHrEM5xLIrx-sm7_C-5WYfKM8rrWEEY5CN4ZJZmDS_dDuNOCBJppolMyuRymbbIMmwI2_1Axi6xGOLgxw2CuC8kUc_GCtYAgbmTt3wp2kSmym0y9u32vf-0Gd00oXmvcYVDRgv6hPmP1M6p2_UrgWrgHvaq7RomDLep7IhgNanRGWXe4z4Z6Hp03W6GBAJ_b9UeN4hix7p3LQYc0GTlLCOc-jRQqXFi-EeR3OVIldkM8DLY?authuser=2&fife=s16383,temporary_remote_not_displayed,#icon-1521-880E4F-labelson,القرى_والمنتجعات_السياحية,unique,unique,recovered_parser_used,
41,القويعة,القويعه,Point,13.63224,32.788705,13.63224,32.788705,0,valid,available,https://mymaps.usercontent.google.com/hostedimage/m/*/3AAjQbR7UlfdoPQIWs21dAFngGG-arNaz20uwAosGJ3CCi8uieD1NUe0lQ9lKbARRsVTVD3NshVhjcQz4YLYIdxV8kDmQgHe0F9K0nDrJqi7-8ZtqfBVWdUR4tgFop9FyefQc2yC6LuIbSoAjnD4gmQjLLysPhUJI2LRtTWBr0zv2C2CIG5sXrJmYJ25FsaZEhs6T50DplanqpNUT4l1gN6gWMnbFnFUk_cc7zmQEyKL6SHWnjxUyc29AQ5Ws53A?authuser=2&fife=s16383,temporary_remote_not_displayed,#icon-1521-880E4F-labelson,القرى_والمنتجعات_السياحية,unique,unique,recovered_parser_used,
42,منتجع فيلا دريم هاوس,منتجعفيلادريمهاوس,Point,13.6725922,32.786663,13.6725922,32.786663,0,valid,available,https://mymaps.usercontent.google.com/hostedimage/m/*/3AAjQbR79nFPh8byetJDNViTnVGjPiP04O0mecOqUw6L86dJ-dMfKrTnu9srTRdGZDAaz2Is7KoUYQRYzF7ageT6Nt6fepXiD8ljkJYrGHbhqVnPt9Sy-HdzXsgw2suxWJjFNYBJSmaGezE3w7vdYW2n4dZ7IPtGoYLeNU8qb4FQW68yPLXE1dVYbsbk2Pp6-PzCmGsT0hLokgcMQ8C7nJQOH5EwJyYaV6aWAhNZfuK0gGKRu_HxqYD2_qIxiI1M?authuser=2&fife=s16383,temporary_remote_not_displayed,#icon-1521-880E4F-labelson,القرى_والمنتجعات_السياحية,unique,unique,recovered_parser_used,
43,منتجع شط مريم,منتجعشطمريم,Point,13.6623284,32.7888939,13.6623284,32.7888939,0,valid,available,,no_image,#icon-1521-880E4F-labelson,القرى_والمنتجعات_السياحية,unique,unique,recovered_parser_used,
44,استراحة الجود القويعه,استراحهالجودالقويعه,Point,13.6329856,32.7884131,13.6329856,32.7884131,0,valid,available,https://mymaps.usercontent.google.com/hostedimage/m/*/3AAjQbR740mxqyModXopFwnthxgzSLGPoEijFjpp1yQRxtIQH4FUEi57834MXwIz7_aCtyFZjZ2K085edYuWzaH_AM5gPdRstYd6_5SfXDETwTgaqKpzH4c8_Ry69LHRsLQBuWoLw_MM0KJhsaUVsufTh6gCirQLGBYSyA6IV3UoloYNS5e1ioiN3Rdy_8AxBJChgMu1iKCvUWXA48bhQDtEl8canGHeFlWGg6mAXg44CFPx952Z9-5KD2kBImiU?authuser=2&fife=s16383,temporary_remote_not_displayed,#icon-1521-880E4F-labelson,القرى_والمنتجعات_السياحية,unique,unique,recovered_parser_used,
45,منتجع اتش تي السياحي,منتجعاتشتيالسياحي,Point,13.63298,32.7864,13.63298,32.7864,0,valid,available,https://mymaps.usercontent.google.com/hostedimage/m/*/3AAjQbR42fCeIGR5suk1e73FRsmJwU7-eA9MiPjPIU29Ng0fDFf1KaYv04Zumwx7634gR0-YJNpKuL9W3e_8XGJXWI89GuaOBSbTVvu_djQM5r8WgvU-5m87mL6LGs_BJUYsw5xuB_h_xYcucWJR_Tio12aguZHb_8exJ6JA1ye0Y4q3AnCRAz0OiOvSMIOFbl6431CUjGtR82PBhNC5eGWitBYPwKpJVaOB6K138lz62BKmGCh_toNGyC9jfnwY?authuser=2&fife=s16383,temporary_remote_not_displayed,#icon-1521-880E4F-labelson,القرى_والمنتجعات_السياحية,unique,unique,recovered_parser_used,
46,منتجع اتش تي 3,منتجعاتشتي3,Point,13.6428593,32.7865142,13.6428593,32.7865142,0,valid,available,https://mymaps.usercontent.google.com/hostedimage/m/*/3AAjQbR64kyZntwaQB6hi264EwbcfACt36lRPe2rsVXS1_nTujNhsDCb_nhzFCN7xDuE_M4HDIu9KIEh_NY_V836XdqRctNjZkoO1dnQ2PDSl5FLr5H-EscPLehTJDfmTl6h8m1Q-bdAAllLddrfD3U2Svkzfp5OICmx3WkeGDq18oGn9TMN-0P0ynC-ugBLbRaOPI3-3uBecJnfXmE2XONwdI5bhrYU_8ijbH8_aQvz8vRDPohaDMOgE19_IxRc?authuser=2&fife=s16383,temporary_remote_not_displayed,#icon-1521-880E4F-labelson,القرى_والمنتجعات_السياحية,unique,unique,recovered_parser_used,
47,منتجع شاليهات للاجار,منتجعشاليهاتللاجار,Point,13.6444767,32.787918,13.6444767,32.787918,0,valid,available,,no_image,#icon-1521-880E4F-labelson,القرى_والمنتجعات_السياحية,unique,unique,recovered_parser_used,
48,قرية العطايا العائلية,قريهالعطاياالعايليه,Point,13.675653,32.789468,13.675653,32.789468,0,valid,available,https://mymaps.usercontent.google.com/hostedimage/m/*/3AAjQbR5FJsi6ipTuZLsSn9V3NfZCc8UxhKg6j53v9bvMjCHUMp-ytxU3vsgt0qrw0DTdC953l4sLx1B8aLf4fWuuvhIBwgNCyR_M1bXI-YTQFGekIl0qbUzY8z89P3uw-dVGLGenilkz0TygiM6hGMljcfNrjV73khr4CNnk6tXOPlqnitNisvGDsazsBokYzRe6uteXTCUVPTCpb9SWASX3o1VqwqNcGxNR3gNvlC09XS4T_27ZJjYq-dEDPVs?authuser=2&fife=s16383,temporary_remote_not_displayed,#icon-1521-880E4F-labelson,القرى_والمنتجعات_السياحية,unique,unique,recovered_parser_used,
49,منتجع برستيج,منتجعبرستيج,Point,13.6673395,32.7870038,13.6673395,32.7870038,0,valid,available,https://mymaps.usercontent.google.com/hostedimage/m/*/3AAjQbR6hQtjPZRP05NNImX-efDDbBUsM2KyGAgI3mtnDWsuEVtIa2vhB1jvJBzxHO2eCjtLgaqPJ9P7IPeZBli7Jl0ytL61ouP-SWnYfqFobfnynHB6Ukb-6DoKrh7UiZCqfFDT4e0wH-snvnH7nk2ROI4G3Sj3bsGLCRIURmHErZZcncTYDApyNJk4ohNfBXj-8Ibn_ZH1tMPXHNveH0NLuCtBgl4F5-juamuAS_YiNM_ZtrEszNkBxtDgywIE?authuser=2&fife=s16383,temporary_remote_not_displayed,#icon-1521-880E4F-labelson,القرى_والمنتجعات_السياحية,unique,unique,recovered_parser_used,
50,قرية القويعة السياحية,قريهالقويعهالسياحيه,Point,13.6343097,32.7871612,13.6343097,32.7871612,0,valid,available,https://mymaps.usercontent.google.com/hostedimage/m/*/3AAjQbR4vVhKMQeF0UgtQWJxWzI_gyy0wrKqVWgHIFaFHVuGPEcJHl2KxFfT6vR4yXfyuaP9pPQVw4lylhRFSrGXkAivlvXHX_g6i_BAG69QZfvtKUPsf_ut9coBqJLA_OeuNoxOY_bB0UmF8CaNdbCWckTF8OuqN804uSsq3L8GmxF-MYyxmLTt8ZDxIyowVV-cPOn_4xA6nHr6ex9XFsEr2l8SlVKL2wwYgwE1Lx6lteFiL521KHWbPTANMSpo?authuser=2&fife=s16383,temporary_remote_not_displayed,#icon-1521-880E4F-labelson,القرى_والمنتجعات_السياحية,unique,unique,recovered_parser_used,
51,شاليهات بن بية,شاليهاتبنبيه,Point,13.6443505,32.7879279,13.6443505,32.7879279,0,valid,available,,no_image,#icon-1521-880E4F-labelson,القرى_والمنتجعات_السياحية,unique,unique,recovered_parser_used,
52,قرية ميار البحر العائليه,قريهميارالبحرالعايليه,Point,13.68749,32.789744,13.68749,32.789744,0,valid,available,https://mymaps.usercontent.google.com/hostedimage/m/*/3AAjQbR69A2qz0k1dbBcWHgS8u_9lWIsDP6Wqcusiy34P_cy2aodEW9ajChl-2qFGcB-KTpDutlnzdTzBp5rStuQBQF14MhNlycG2J7On-6U9zsX0fYJBYV52_hoBtyT0xPow1F4ymp4a53izyRVgKtzzQzuvKvfzMu-9EmtvszUc5NAcrRFPpjopncDYwgXDK3NmqK2EumoXXR5LuE1pkIhbToe93ILux1uvc4mvOXfdE642SiUxbNkI29Yz02Q?authuser=2&fife=s16383,temporary_remote_not_displayed,#icon-1521-880E4F-labelson,القرى_والمنتجعات_السياحية,unique,unique,recovered_parser_used,
53,قرية أغيث السياحية,قريهاغيثالسياحيه,Point,13.6456806,32.7876536,13.6456806,32.7876536,0,valid,available,https://mymaps.usercontent.google.com/hostedimage/m/*/3AAjQbR62jmbzkmmjxZuv0p766wVihgl7E8VpHvNaA62EdCmpdxCwL8aPuFmNQZUDa_cOSWjrwRYTC-nnJW-pjnX5Rb6qM7bDpFRIcu3Fh9hno0P-aXpKSxXDSBUAtM4krQiWPmgqdefpv_6bdlFszYwbxjF8cDk0Ihm3WV8U7Exlc9xdJcFDSQwQjYIt-lo67eh5c3timjPiVFdHpy7pS6YhLCaH-wC3zPOLBBDjI0GX6mfQv_h7hYpnKqc7Q6o?authuser=2&fife=s16383,temporary_remote_not_displayed,#icon-1521-880E4F-labelson,القرى_والمنتجعات_السياحية,unique,unique,recovered_parser_used,
54,قرية الخلة السياحية العائلية,قريهالخلهالسياحيهالعايليه,Point,13.679539,32.789005,13.679539,32.789005,0,valid,available,https://mymaps.usercontent.google.com/hostedimage/m/*/3AAjQbR7SDeqJkfN64elDg_QPo2o0xRHmjrooXI_XJnEenMVNBLxfzQa1h0IOVv8ILusp6MBRGrDcIZchBL2xJXZmLtnSoSfIM3gEqcNFzRJfUciVe1NlzyFNWf6hjMTZZp19urFel3C6gzZs-qgDF4ze_BINveQHmoU-YD9EJc-56K8QrBCcHpRc3RLVprlN2Qn89AuflCVGbumFIylSGu87LrXSCUBXYLHwdzCO2w_wLwj5GwQgoX0Nm4J7xMA?authuser=2&fife=s16383,temporary_remote_not_displayed,#icon-1521-880E4F-labelson,القرى_والمنتجعات_السياحية,unique,unique,recovered_parser_used,
55,مجمع جواهر لاند,مجمعجواهرلاند,Point,13.646366,32.787247,13.646366,32.787247,0,valid,available,,no_image,#icon-1521-880E4F-labelson,القرى_والمنتجعات_السياحية,unique,unique,recovered_parser_used,
56,منتجع دار البحر,منتجعدارالبحر,Point,13.6470901,32.7876215,13.6470901,32.7876215,0,valid,available,https://mymaps.usercontent.google.com/hostedimage/m/*/3AAjQbR6EIH_o4H37TJKEvoaqG7coTZ98yj-AsI6ImcMZ-363ANgIurPl1fz6nf3itejfAID5s3QoH0YcOOy51EYVarzCLCq60GJyw1WapOwHRurCOERjrpu3vecBQpDfV1bwkA5NRrt6qZAP2ooBlsucMaNLIUw4FdN59iQAM6MAtujkc6TZWaRY1pgvoHEQIdyCX2Gdiq1_m3k6D8xF_0m38zm79SCAMXc1YfmCQf1nnXx28sVrSdaaV-r97Ik?authuser=2&fife=s16383,temporary_remote_not_displayed,#icon-1521-880E4F-labelson,القرى_والمنتجعات_السياحية,unique,unique,recovered_parser_used,
57,منتجع وادي بالنور,منتجعواديبالنور,Point,13.59408,32.7926442,13.59408,32.7926442,0,valid,available,https://mymaps.usercontent.google.com/hostedimage/m/*/3AAjQbR4BpiMHSnMNUnlDgaymxryX_Z6XI7HU8aZquITlKtWaP_MZ5xMaM2LrMBW-nmWXZdq7NSPflo6fry4IQBwOczRlUzzaUYNPnR9r1L9M3wRPFvUjMjHm4y-tb7pcdHi424INEocWNID3mPtdlh1NK_CTf0S0KJMhkHhP1b6xT3uR0mnRm_PC1o9S6KO_Cv1e0GNo_tNjqwdd3XCpKCy1lnhw6nzz9gIjkIAMLb3aAErLBQF9lN62fvm6a-Y?authuser=2&fife=s16383,temporary_remote_not_displayed,#icon-1521-880E4F-labelson,القرى_والمنتجعات_السياحية,unique,unique,recovered_parser_used,
58,منتجع بيتش هاوس,منتجعبيتشهاوس,Point,14.058072,32.7174075,14.058072,32.7174075,0,valid,available,https://mymaps.usercontent.google.com/hostedimage/m/*/3AAjQbR5Gj8p_fnzWbNwHhkM1pHrDvxywMuMfUtqqSPXudAAy4AS44iGEEuY49t7xhL7mY7-RQg-jNjSxaNMVpwWbB4MxSDCN1CagT1mmSzlVwbsSXxF8kY2uFmSJg_YI-5Jbx0cvvPJjLF_hpi9l1sYRjrP8K4Rjozq3B3QnbTr9exMNxfNqZF5H5fFcdeh9-YLwBMEChBh2ChccbFi-1T6XJ5EbVuZkMARBe9EYWRA3_woUl8rFZ2cWIpzKVtI?authuser=2&fife=s16383,temporary_remote_not_displayed,#icon-1521-880E4F-labelson,القرى_والمنتجعات_السياحية,unique,unique,recovered_parser_used,
59,قرية قوس غنيمة السياحية,قريهقوسغنيمهالسياحيه,Point,14.05612,32.722872,14.05612,32.722872,0,valid,available,https://mymaps.usercontent.google.com/hostedimage/m/*/3AAjQbR5RbNQpUVBBcMWo2dFkUNNWL7Hz_cHnXba3O9_4vA6n71PcTjAQC8K8QlDQlU5M_Bs0H0pDvq4pPDvPuW3PFx3sbT3Rw2_my_rf3k0woaVyymKJ42zd_sOOIJQhO3j8tyAQe4Pl9riJro-MFF2tOtH6zkUu9Jbv5OU_nIoXjAC5OH4rzTj7hrk3jiQHi_sWZ-tPM2R0b4he8PlJv4fVzDAXhuq70q09qmNGfPg2iFfaLAWH7IRno8sOvqI?authuser=2&fife=s16383,temporary_remote_not_displayed,#icon-1521-880E4F-labelson,القرى_والمنتجعات_السياحية,duplicate_name,unique,recovered_parser_used,
60,منتجع ايليت السياحي,منتجعايليتالسياحي,Point,13.6588969,32.7889728,13.6588969,32.7889728,0,valid,available,https://mymaps.usercontent.google.com/hostedimage/m/*/3AAjQbR451Pc_uGkAtphvscoJaxuGH76m7tD-usaQMEkG_xl0iNNVbxRz7_bTPZkGa-xvsZVkozvAHpwRmDOOY31-zz1KuOwDGOosRAjMptBfzsHdZLvcyrn0ukk6Chw9eX9YTIt2X5PqmcOP-A8Lwmgw9In47tzNVa6x0JvmWUcocRZ4_jkRkyyww2vmOOWwO2CNwM1EI6BA91RvelZ8JWxAzqJWLZoSJcfAZE_Hif6yfSXXjl1NvD2yO3MioYU?authuser=2&fife=s16383,temporary_remote_not_displayed,#icon-1521-880E4F-labelson,القرى_والمنتجعات_السياحية,unique,unique,recovered_parser_used,
61,قرية شمس البحر,قريهشمسالبحر,Point,14.058758,32.721782,14.058758,32.721782,0,valid,available,,no_image,#icon-1521-880E4F-labelson,القرى_والمنتجعات_السياحية,duplicate_name,unique,recovered_parser_used,
62,قرية لؤلؤة غنيمة العائلية,قريهلولوهغنيمهالعايليه,Point,14.058367,32.720385,14.058367,32.720385,0,valid,available,https://mymaps.usercontent.google.com/hostedimage/m/*/3AAjQbR4hgR5cH_Tz-Vi3fGr-v2l1IJOKBsXjjYfsGNl8JFq2MCtEa_4DWrQY0a7Nt3vue7dnE13gRZFTmiC4h5yHLX4aA5z0DmGeoUYdL30mwQL4EHFsi2FkbRmo_l7bPRTr4SAedYoPkCaUG79pPHcekmjm1SMF5V9Uyk_RsDEPapaCyvToM5sudRdZfsuNt3_oZ5VkjzqyK0jBpBMi4tR8qm8LZXzsd8j_I3HelIEvFLWv23yMkCs36Vacwz8?authuser=2&fife=s16383,temporary_remote_not_displayed,#icon-1521-880E4F-labelson,القرى_والمنتجعات_السياحية,duplicate_name,unique,recovered_parser_used,
63,شاليهات ركن النيروز,شاليهاتركنالنيروز,Point,13.647632,32.788222,13.647632,32.788222,0,valid,available,,no_image,#icon-1521-880E4F-labelson,القرى_والمنتجعات_السياحية,unique,unique,recovered_parser_used,
64,قرية رأس الحمراء العائلية,قريهراسالحمراءالعايليه,Point,13.935119,32.774035,13.935119,32.774035,0,valid,available,https://mymaps.usercontent.google.com/hostedimage/m/*/3AAjQbR5k5gCGh-LXMUh9H-8d06e8lSxQ7keF-AKA16vH7JUjzIkGGXh3EZskg5qSwAC7QI59D-NDVoimTcbO_zokZcho5931K8mlKPZMGRYpAG0WRkXf4VhY9Fse8XCt0SDAzIr0Z9eUMTVydSRe5vJcowudE58avEc88k_z1edpRkJiqBVxXY_FNzAjaMeZUCZ6B7LPp7JJySBa8rwMWhuVJgFAJtA0O4a1rU1r3BlNJkDEr_p8dVuwgXQ7pxs?authuser=2&fife=s16383,temporary_remote_not_displayed,#icon-1521-880E4F-labelson,القرى_والمنتجعات_السياحية,unique,unique,recovered_parser_used,
65,قرية شاطئ النخيل الذهبي,قريهشاطيالنخيلالذهبي,Point,13.9354831,32.7733773,13.9354831,32.7733773,0,valid,available,https://mymaps.usercontent.google.com/hostedimage/m/*/3AAjQbR7JLHwQybdqrKF8BOvSdv-o0psAMtYN0Ly_YxdZ-jEPJJAawygfz-hwLNffuEwfXB-9LZZaIFdMaj0TRaoQY3SMhABkdC-IaHmpLKMN-jcGj9amEeI69p2y1OoE06DXltIriBTE-6m-wCmab-AA84jauJGJIZ1ByvhbslNUQE-Y-3E2mqMAnXd2wEcuvQXbcb9LLjFEN0c7-BDLZ18aHoQ6PMp-buP3RvibuumOWTl_9Kj5XMZzJ63lvME?authuser=2&fife=s16383,temporary_remote_not_displayed,#icon-1521-880E4F-labelson,القرى_والمنتجعات_السياحية,unique,unique,recovered_parser_used,
66,قرية أصيل السياحية,قريهاصيلالسياحيه,Point,14.6145187,32.4896379,14.6145187,32.4896379,0,valid,available,https://mymaps.usercontent.google.com/hostedimage/m/*/3AAjQbR5wRc-RdZQkmnfnX-gA8yjOCZ4bkWk02vRuN_5LruQQpTDqn9k48Z_rOTFjNqYLufR6Ub4vC5jv59OCh9PB3xYu3gzrAb6fVURY5Jwrk9sDcg-Cbzeg2O8GQlI6eNUxk3Sg2Ju-DPokRivPkU_n--uw_mOSfnh87Wg3xQxEtoGj7MQwcHODhvH_0SICCFAd_DGsiJc-uq_OhhJpHM6xbeyOvdFmNLWtnYLVzSzCpsq7yDIvIe7E6X7jd6k?authuser=2&fife=s16383,temporary_remote_not_displayed,#icon-1521-880E4F-labelson,القرى_والمنتجعات_السياحية,unique,unique,recovered_parser_used,
67,قرية الهُزم السياحية,قريهالهُزمالسياحيه,Point,14.6200546,32.489371,14.6200546,32.489371,0,valid,available,https://mymaps.usercontent.google.com/hostedimage/m/*/3AAjQbR6glH1RNkP6DgdKqFwvbAzFtFtPlweM6I23PBwzLgnAAY9glkY-5qGdrRPSs-Lr-eQ78xTxnmOQhY6GkkbuFDgGM9UFIbqthEN7L0SUHdi5TqDIiv16xONSnfzv4upaR8VM4zcWvaygkM6BlGP1J7hM7mEH8OUHjhDNuYFsqhEsroLcB6ET-j0vHgC3jwFC4lRYET_d3abOulfPFxeK4V1797JeEOa7aJw1PiDSsb958yK0mH67eK8wf9c?authuser=2&fife=s16383,temporary_remote_not_displayed,#icon-1521-880E4F-labelson,القرى_والمنتجعات_السياحية,unique,unique,recovered_parser_used,
68,منتجع الأمان السياحي,منتجعالامانالسياحي,Point,15.001973,32.413207,15.001973,32.413207,0,valid,available,https://mymaps.usercontent.google.com/hostedimage/m/*/3AAjQbR4Jglsx218i77kZFGAeulYE6A7idmKxjvyXaQccwJ-zLpODW-PrV7fVDd3EnzerZvKNxUroB37HS1tEw8sMPA_TpBdEIidr74ahxcyyVLvr0QQ7W3RsvpNllopirPY0A89l6eQjkisBBw0i19udP_9wSm5zzrJ1tJfVGoTchOgZ2rTMvZ4rQCCDzyy9Y70JQp2_3w57J7JSz7l6HhBZjlb2MP2vp-IHP7l3MPZub3uRcAVjvC-9w6v4zNw?authuser=2&fife=s16383,temporary_remote_not_displayed,#icon-1521-880E4F-labelson,القرى_والمنتجعات_السياحية,unique,unique,recovered_parser_used,
69,منتجع مصراتة,منتجعمصراته,Point,15.114877,32.405137,15.114877,32.405137,0,valid,available,https://mymaps.usercontent.google.com/hostedimage/m/*/3AAjQbR49iF9BZ_w7-bjNwamh0u_1pbV0wgmY72L-gg3f53XMydxj_WABRbkCduih8ds0Fs1C8abgx5jhrd2_Zk_rhgswL_zhd8TBwI1c29xLLDuSEFeUlTjoI2VbNibphusFw97MQrKvyvpsKextAfIO6Ulsc0d0TRszad7v8T7RjI0bTa58o4a1dX60h7hP1JDqQZov-1owOla_WIKP1VV811oH7-Ep1qhfbQBTraTQCz89fKVT2IXzVloPJvY?authuser=2&fife=s16383,temporary_remote_not_displayed,#icon-1521-880E4F-labelson,القرى_والمنتجعات_السياحية,unique,unique,recovered_parser_used,
70,منتجع فينيسيا/مصراتة,منتجعفينيسيامصراته,Point,15.030501,32.410642,15.030501,32.410642,0,valid,available,https://mymaps.usercontent.google.com/hostedimage/m/*/3AAjQbR6_JfyzoCtrKGTGPdJ_JJsKKHx_LcEdRTkBeQzaTI48DSawSsAH4SH3QiR6f_eEjGnZpJPUhIqF6CSdHwxIdl4PXJRGz8Jil3xOkVhn4MOhCK77AhUTDDczRIoSalefoKEer5G1bSC-3sovrMFQiDwZCRbVvY7OTSBDAiF6RXl0ZQqwmaQNDEnRga7kL3zIXbSvrbLGNqDd0JDQZUffvSSMu1Rjf5LVt2g0hS0mMY_71AZpgE29iJCSDXo?authuser=2&fife=s16383,temporary_remote_not_displayed,#icon-1521-880E4F-labelson,القرى_والمنتجعات_السياحية,unique,unique,recovered_parser_used,
71,قرية زريق السياحية,قريهزريقالسياحيه,Point,14.929789,32.431147,14.929789,32.431147,0,valid,available,https://mymaps.usercontent.google.com/hostedimage/m/*/3AAjQbR7GX0xQsfOuNnTHLUE-MYRomqO43X4C_2gqmWe5s-gTgblVR47Q31V-D_Ah9YngljsBzVB7KXP2Gnvaxp6HEo4HJhrEe0osbgt14BXDNliqOsevbjawQEStyL0VVjdEWzisqhJ8lIgSemHo8DAUNrBZGrdSqzJlbOBpRKaiCdqEVsKe4SaA2TrE-PKr89LwEPIboVXdEUaUCwxgAx1Egnjyqgqd09Bn8kBhZM6KUiAK0gMQ1cKQVlwCzEk?authuser=2&fife=s16383,temporary_remote_not_displayed,#icon-1521-880E4F-labelson,القرى_والمنتجعات_السياحية,unique,unique,recovered_parser_used,
72,حي قصور الضيافة_سرت,حيقصورالضيافه_سرت,Point,16.6152747,31.2077676,16.6152747,31.2077676,0,valid,available,https://mymaps.usercontent.google.com/hostedimage/m/*/3AAjQbR5YceRcZgjzWehirNcS-PMoWspbiD0D2JPhwIKNAPDnHxlIOwTNAHVKiV06ByEnngb8CsBFFg4a5sRtZTjsGRxyyN52rygCBEHS4bkPLMgiIL48TtxYgHXucp7chvpMjZMDimYZK80HBfCcUgPo2-Zb0fzMKmrQEliPyQq1RiAkK6ScYUYFpyzLLQoK0uwJlm2BSPJbmFyXkhy5luCGfavEdAFv34KQM-EyDns-aDSLcaNWZv07PQsU790?authuser=2&fife=s16383,temporary_remote_not_displayed,#icon-1521-880E4F-labelson,القرى_والمنتجعات_السياحية,unique,unique,recovered_parser_used,
73,شاليهات ريماس,شاليهاتريماس,Point,19.949189,31.9031676,19.949189,31.9031676,0,valid,available,,no_image,#icon-1521-880E4F-labelson,القرى_والمنتجعات_السياحية,unique,unique,recovered_parser_used,
74,قرية شاطيء النخيل,قريهشاطيءالنخيل,Point,19.954158,31.942865,19.954158,31.942865,0,valid,available,,no_image,#icon-1521-880E4F-labelson,القرى_والمنتجعات_السياحية,unique,unique,recovered_parser_used,
75,منتجع مارينا بنغازي السياحي,منتجعمارينابنغازيالسياحي,Point,19.959256,31.982998,19.959256,31.982998,0,valid,available,,no_image,#icon-1521-880E4F-labelson,القرى_والمنتجعات_السياحية,unique,unique,recovered_parser_used,
76,منتجع الصفوة السياحي,منتجعالصفوهالسياحي,Point,19.964499,31.992255,19.964499,31.992255,0,valid,available,,no_image,#icon-1521-880E4F-labelson,القرى_والمنتجعات_السياحية,unique,unique,recovered_parser_used,
77,منتجع ماربيلا السياحي,منتجعماربيلاالسياحي,Point,19.971313,31.993245,19.971313,31.993245,0,valid,available,,no_image,#icon-1521-880E4F-labelson,القرى_والمنتجعات_السياحية,unique,unique,recovered_parser_used,
78,مجمع الاصالة السياحي,مجمعالاصالهالسياحي,Point,19.974266,31.99976,19.974266,31.99976,0,valid,available,,no_image,#icon-1521-880E4F-labelson,القرى_والمنتجعات_السياحية,unique,unique,recovered_parser_used,
79,قرية الفاضل,قريهالفاضل,Point,20.009364,32.032708,20.009364,32.032708,0,valid,available,,no_image,#icon-1521-880E4F-labelson,القرى_والمنتجعات_السياحية,unique,unique,recovered_parser_used,
80,منتجع الأسيل,منتجعالاسيل,Point,19.996643,32.01888,19.996643,32.01888,0,valid,available,,no_image,#icon-1521-880E4F-labelson,القرى_والمنتجعات_السياحية,unique,unique,recovered_parser_used,
81,منتجع الماسة السياحي,منتجعالماسهالسياحي,Point,20.137676,32.069522,20.137676,32.069522,0,valid,available,,no_image,#icon-1521-880E4F-labelson,القرى_والمنتجعات_السياحية,unique,unique,recovered_parser_used,
82,منتجع قاريونس العائلي,منتجعقاريونسالعايلي,Point,20.039029,32.061734,20.039029,32.061734,0,valid,available,,no_image,#icon-1521-880E4F-labelson,القرى_والمنتجعات_السياحية,unique,unique,recovered_parser_used,
83,منتجع النخلة الذهبية,منتجعالنخلهالذهبيه,Point,20.040787,32.069285,20.040787,32.069285,0,valid,available,,no_image,#icon-1521-880E4F-labelson,القرى_والمنتجعات_السياحية,unique,unique,recovered_parser_used,
84,منتجع فايا لارجو,منتجعفايالارجو,Point,20.042231,32.07227,20.042231,32.07227,0,valid,available,,no_image,#icon-1521-880E4F-labelson,القرى_والمنتجعات_السياحية,unique,unique,recovered_parser_used,
85,قرية قمرت السياحية,قريهقمرتالسياحيه,Point,20.212382,32.278478,20.212382,32.278478,0,valid,available,https://mymaps.usercontent.google.com/hostedimage/m/*/3AAjQbR7_2KhESt1xRv8FM6jEaNWxaISti5_CH3Bt62vgj6nmLDzDYjXE6al4-GexcDEGT_hpCP9a7nKGZerc0M8drydtPsJwzPt-8slbQB7r5mS1dXYerrFuf7yYvckumSvqwolx3ByveCCUuVchdDMBuUD2ITc0NoDAa72ViOKQMEZqH8OZEefUYHfWbgF2YezCdSSjyFPAXAULSytp3SjL7tkuSQq9RO80YMLe8N_x0UUMMXXnmPOSaWcvaaw?authuser=2&fife=s16383,temporary_remote_not_displayed,#icon-1521-880E4F-labelson,القرى_والمنتجعات_السياحية,unique,unique,recovered_parser_used,
86,منتجع التلال الحمامة,منتجعالتلالالحمامه,Point,21.615861,32.911311,21.615861,32.911311,0,valid,available,,no_image,#icon-1521-880E4F-labelson,القرى_والمنتجعات_السياحية,unique,unique,recovered_parser_used,
87,منتجع الجراري السياحي - للعائلات,منتجعالجراريالسياحيللعايلات,Point,21.604209,32.905579,21.604209,32.905579,0,valid,available,https://mymaps.usercontent.google.com/hostedimage/m/*/3AAjQbR4ni_2MH04xwVwhkHhn3ePVwcuuWi3OvYU7S4Ba6UMdtQU4uIGt1_66jJN4t1CQp_3iP3A9sNoQATlA_UXaCK5T8BOM9SxKD-sDaBl_XTucsRtT3zf0Iy6kwUbisGVvkN6LPDnMgPm1xiFRCIdTHDcixerM1JiQ5qCwiFdoi4nIRGLWw0EdUqlHtMKIp8x7TVNW6gG2N3ytvh3VzlQQsP3CR709cY7yzF7fywMKNYX6v5IxKVr4-G8NHdU?authuser=2&fife=s16383,temporary_remote_not_displayed,#icon-1521-880E4F-labelson,القرى_والمنتجعات_السياحية,unique,unique,recovered_parser_used,
88,منتجع ومصيف الحمامة,منتجعومصيفالحمامه,Point,21.621093,32.916555,21.621093,32.916555,0,valid,available,,no_image,#icon-1521-880E4F-labelson,القرى_والمنتجعات_السياحية,unique,unique,recovered_parser_used,
89,قرية إيلاف السياحية,قريهايلافالسياحيه,Point,20.9638155,32.7194631,20.9638155,32.7194631,0,valid,available,https://mymaps.usercontent.google.com/hostedimage/m/*/3AAjQbR4A1ocDpqJVUT7pEzBkfXYbi61abXcHxbQ_gsMlVlcjNgs5VopWmTMqKSDElTPJnWnHGMdUfoEVIGkTxSOYnrPgQlU2jj9ThLT-xbCizApuYpyUaCtmRieOsJYvYrjbOMen0RvMk-xNZXqUWsNhmocjo5vEc5375y7gn-qbta0YjyvRWXoV4iEl-J2MTDvyHB4qPN4BRLayj8-GQv-LkAEUg3pasRWF-xnqK4GmwAzqq_U5UKrE5A-1_io?authuser=2&fife=s16383,temporary_remote_not_displayed,#icon-1521-880E4F-labelson,القرى_والمنتجعات_السياحية,unique,unique,recovered_parser_used,
90,شاليهات الحدائق الملكية,شاليهاتالحدايقالملكيه,Point,21.5950836,32.8752309,21.5950836,32.8752309,0,valid,available,https://mymaps.usercontent.google.com/hostedimage/m/*/3AAjQbR5bbiNkhxil10y4t3Lkesh4eL6oIJW0VGHr6WIXeLDYpvEfnLNFuEpQYLg94uRtprz4UhCzhHwzP7GN3V__de75pZ65cUAWGVkqIe5T0G_Pxc14uSkEdzE5ZREYZgCgLVCVvuEPPVTNxO00U74vQuV1qZt2yrdO5Q2ilECmdaZRTrHHKBZlNfd0jfG4FOgEDJnqZQZ4MqFCkrNcA8QAcvaD2nhB0GRTNyuSF4wE5CdJxPrTaMo2OQeUQXQ?authuser=2&fife=s16383,temporary_remote_not_displayed,#icon-1521-880E4F-labelson,القرى_والمنتجعات_السياحية,unique,unique,recovered_parser_used,
91,منتجع وادي الكوف,منتجعواديالكوف,Point,21.563798,32.702,21.563798,32.702,0,valid,available,https://mymaps.usercontent.google.com/hostedimage/m/*/3AAjQbR7IspTQOOada25pmDoN0WASvfFmnMQxyJJLS1R8_UF6kxDn6g0CYbFQH3vYsvoBq1UBxh6VSXopEGOibIv6UpkOKi3FvnIFq1xH9KzgWRLNo5nsF3YkiaEuTuFxaT9XbCWLoruXwfQoZTgIxOCX1pKfPEx9vcnobDXkV988Qe02M5JJmpqnWo3taDf4VS9b0ri8S_sSWpTAevjSZTRY8HSg0pWajVAuhNVhrCZTQOZTUgF2nmZnUZhdtaQ?authuser=2&fife=s16383,temporary_remote_not_displayed,#icon-1521-880E4F-labelson,القرى_والمنتجعات_السياحية,unique,unique,recovered_parser_used,
92,منتجع إيلاند السياحي,منتجعايلاندالسياحي,Point,21.940156,32.895682,21.940156,32.895682,0,valid,available,https://mymaps.usercontent.google.com/hostedimage/m/*/3AAjQbR7ki9mkJizBkX0Nw8fqrXHm3KxkPc28svp17yfAs6B_HEk_coU24reE0ee0DFCnVkdp1vZc0u13GnGEzc7D6XViCRRB7ENllAtyweFHM0T9hlGkGvPE1ArAZqk5xOUttGxthXG6_9SjbFX7cPB0FFdvVAfUf-Oj2nPJkJ64ZD5hryi36Ol_Wz3fVvkGkFZt0S9hLSGkm_LfKFHpJP6nXh0mscdPvZCi8VNu6jpQ20FAckVZ-SKjTnqRu8M?authuser=2&fife=s16383,temporary_remote_not_displayed,#icon-1521-880E4F-labelson,القرى_والمنتجعات_السياحية,unique,unique,recovered_parser_used,
93,منتجع كنزي السياحي,منتجعكنزيالسياحي,Point,21.9725655,32.9008844,21.9725655,32.9008844,0,valid,available,https://mymaps.usercontent.google.com/hostedimage/m/*/3AAjQbR5Ts4O6-uiRIEF6sibAbV1Rzc32UnY8QzIgQxJA2JzIo8Yef_UwyyUPDZ-4iYinIUIGMnbcJ6fdt21ZUmJF9tD53H1dogZFKpSncE1SHGoAQaivzHLM80yMUQB91PYnpqOtCZkLaNonudT2oqxTMnneXjZA5bp4Vm-imwiL6JLkGPTUHIDvHj5j37Ddz-JpBXJX1hsZ7xOV5jlQoTdPQZGVy84qQhHSMowZhOAe2voIFBj96egdO1gZ92E?authuser=2&fife=s16383,temporary_remote_not_displayed,#icon-1521-880E4F-labelson,القرى_والمنتجعات_السياحية,unique,unique,recovered_parser_used,
94,منتجع سوسه,منتجعسوسه,Point,22.0249434,32.9025146,22.0249434,32.9025146,0,valid,available,,no_image,#icon-1521-880E4F-labelson,القرى_والمنتجعات_السياحية,unique,unique,recovered_parser_used,
95,مصيف القريه/رأس الهلال,مصيفالقريهراسالهلال,Point,22.1691686,32.9017744,22.1691686,32.9017744,0,valid,available,https://mymaps.usercontent.google.com/hostedimage/m/*/3AAjQbR7vkoR9l0wRMx_OPik-e_lDWLKdjh_4cdOZNs0Jd3lL0eJr1s__cVaKHWnTB4K7ISI6KFlCRFZUoYcBwvYqai18Wf4ZNfY5OMGlV-7aY97oI3sY7YDgiFk9aDcn4G2gW0zL2OtkVnW8yJXElgoc2Z_9NnE6okWtC2fDLeLOn9bRrJPgFkKfRFnvC3Kb7NrqCc6QY0TDFCQKqAT2dR2V-DDJvYxd_g69DBufgdo9FKfXY-eT1IrNcQWyr4w?authuser=2&fife=s16383,temporary_remote_not_displayed,#icon-1521-880E4F-labelson,القرى_والمنتجعات_السياحية,unique,unique,recovered_parser_used,
96,منتجع الينابيع السياحي,منتجعالينابيعالسياحي,Point,22.190223,32.881896,22.190223,32.881896,0,valid,available,https://mymaps.usercontent.google.com/hostedimage/m/*/3AAjQbR7MMXUXDJfHZnd7spheS4NGzlUizuhl8urrfT7pwaG2gmprn2F95jUG47SQdEEjX36ho33pbkG9bgzjb2OaxmqNLNKFZ54-FBVu60TY7gfF_4vqj0BCn3uX-D53BzD0602xubp1rEaL78ng996vLjoyZDou0uUtaBTfuBmmwBSz54O9JKambxajW-6-HO5LYibpnxHz4qWUyy7-AWzh3MHHOxBt0C909dmVDJEn1Rzlh6T08Wyvj_7xSyc?authuser=2&fife=s16383,temporary_remote_not_displayed,#icon-1521-880E4F-labelson,القرى_والمنتجعات_السياحية,duplicate_name,unique,recovered_parser_used,
97,منتجع الاثرون السياحي,منتجعالاثرونالسياحي,Point,22.279024,32.869423,22.279024,32.869423,0,valid,available,,no_image,#icon-1521-880E4F-labelson,القرى_والمنتجعات_السياحية,unique,unique,recovered_parser_used,
98,منتجع إيميليا السياحي,منتجعايميلياالسياحي,Point,22.5622359,32.7982606,22.5622359,32.7982606,0,valid,available,https://mymaps.usercontent.google.com/hostedimage/m/*/3AAjQbR4MuxxqtjVcACMD-CV3sJZNHZ1A8UJCiX2kYL0zaNMc1xX0l_GdDj8ox5YDOFrFIOq6KfcNAyrcOImUZNA5wdC7NdoYX2aQm9O-B6WgSUVHHrA2WpBmAIa0LOTTv4sTjYHpgs4flojyMQaogzfeKQUYtURDKep3DZR2dH0U9mzc-EwnBBT6yoqAbvaObmrlpaIYwBowgdKVnwLtBT9B2ZdgSEmUedDJaTCepv_ob3qomCBHKibefxS1QfY?authuser=2&fife=s16383,temporary_remote_not_displayed,#icon-1521-880E4F-labelson,القرى_والمنتجعات_السياحية,unique,unique,recovered_parser_used,
99,مصيف 1805,مصيف1805,Point,22.56117,32.790435,22.56117,32.790435,0,valid,available,https://mymaps.usercontent.google.com/hostedimage/m/*/3AAjQbR7h0NSCo2838AR4g9mQLUxCr-uGDdD3hI3pPZlzXH-iDItwNAVxstI5L8hKjbpTNzN36E33AJT9REeFX7Lm7u6Vy4q3o6jHhDmsNOdsWdaSLrrNiQVtBXvyhPwIZvlQsOIANp0gCJIH2iY2EmG5esoUoH-C8Iu-oj2a5t_ck6cgES0FTq52VXQ9j0yTBP50bwpJ1ay9IX2yOUxKeNwbd6N04LbUPICjNnsdMZWnapSUnPeXQfBOyd2DWd0?authuser=2&fife=s16383,temporary_remote_not_displayed,#icon-1521-880E4F-labelson,القرى_والمنتجعات_السياحية,unique,unique,recovered_parser_used,
100,منتجع الابرق السياحي,منتجعالابرقالسياحي,Point,21.954304,32.825786,21.954304,32.825786,0,valid,available,https://mymaps.usercontent.google.com/hostedimage/m/*/3AAjQbR5xE8yQohp24wpqeYnlOm_viYDDCZvAALTaO5TJk3iuj0Dc46VhsvDjM8WK2zpPuavI0tZh4Tna7dcG2W6V2LCuiHoEq8krZNpwjPT82S54xxTXW4KgyakcCts28kss6eAiRbMdZdZzyAZA940cQKn_v9uEbSnPtrfHS7RZzyifU0CznFJxel24XXTwP5WqAdxXJGaPKXTeOEM33Ge5ODBdlu9Op-ni4c5Pgsnt-vMiK5GhbkUOPI3nqzU?authuser=2&fife=s16383,temporary_remote_not_displayed,#icon-1521-880E4F-labelson,القرى_والمنتجعات_السياحية,unique,unique,recovered_parser_used,
101,منتج شحات السياحي,منتجشحاتالسياحي,Point,21.879472,32.824524,21.879472,32.824524,0,valid,available,https://mymaps.usercontent.google.com/hostedimage/m/*/3AAjQbR7VP0ekCFpSBivR1wap7N-eOXgiVzVERFslDVkYpZKp6QBHDgyja4v8vpUoGWtKOl1TEEwGzHA9E2gEJeDlxWqU3o6ulfMVZ5q93MwTQ-pPofv1VCpf7013emd63iRzoQv0qYaXpHN705yfC0JFAK50-B8Wm1imK1nrg-jkR1X5caztdMUaCkKq1iAnwhoS2xQ6ikpNYSk8sSFOHszAICpkltrlQumrJmEFb-AC8a4eXMDw-d82lx4FTOc?authuser=2&fife=s16383,temporary_remote_not_displayed,#icon-1521-880E4F-labelson,القرى_والمنتجعات_السياحية,unique,unique,recovered_parser_used,
102,منتجع وموتيل الأمان 1,منتجعوموتيلالامان1,Point,21.894591,32.801446,21.894591,32.801446,0,valid,available,https://mymaps.usercontent.google.com/hostedimage/m/*/3AAjQbR42geCMljapsFNdsMzd8PjgVFrXawJtsNFOhD8twq2lnluqlbN-LVqUyP_9gdFxkRaqTjlBqZCJ8N4q6ph7bLz-ojn5SSka8rKv-Xu-MGnj5ciJb69QVFdY15vtDb5d1pasTenra3F2UypcRK-jCFUGeymIh53FIhluVRIBQ3pI3HISGJ3nyaMZb-hNA0wc3J624ql_YE0bIfmZ6FuJ9Rrx13xz2QxAUjnAUwVDOEr7DmoyvB_bPMJ7wx8?authuser=2&fife=s16383,temporary_remote_not_displayed,#icon-1521-880E4F-labelson,القرى_والمنتجعات_السياحية,unique,unique,recovered_parser_used,
103,منتجع وموتيل الأمان 3,منتجعوموتيلالامان3,Point,21.9234664,32.8263417,21.9234664,32.8263417,0,valid,available,https://mymaps.usercontent.google.com/hostedimage/m/*/3AAjQbR60E7jY57XOQgWdV6YlxQQSkLiVhoNp5erVOvpWc0v0YV2hA30Y76VYfn2cMJjN4dLhFFa7-ihf__to-1ihP5MjrXOJYQ-Cwowrvf9Ics4nHKdt62OLQEfsTwDYNapwgQqevTwZWNjy2hRSxoCI2h4EF6-Bx3HfiBN8R4jCn39O1Hu71RUtIotKH7MkBphyq8_k4fUFll1wSQXebTCuRNydA8YKM6Ur2rRmRtgK0GaKHJz_OK24FofVGH0?authuser=2&fife=s16383,temporary_remote_not_displayed,#icon-1521-880E4F-labelson,القرى_والمنتجعات_السياحية,unique,unique,recovered_parser_used,
104,شاليهات بوعطية,شاليهاتبوعطيه,Point,21.897302,32.842844,21.897302,32.842844,0,valid,available,,no_image,#icon-1521-880E4F-labelson,القرى_والمنتجعات_السياحية,unique,unique,recovered_parser_used,
105,منتجع جود السياحي,منتجعجودالسياحي,Point,21.88843,32.840597,21.88843,32.840597,0,valid,available,,no_image,#icon-1521-880E4F-labelson,القرى_والمنتجعات_السياحية,unique,unique,recovered_parser_used,
106,إستراحات فردية درجة أولى,استراحاتفرديهدرجهاولي,Point,21.867999,32.847121,21.867999,32.847121,0,valid,available,,no_image,#icon-1521-880E4F-labelson,القرى_والمنتجعات_السياحية,unique,unique,recovered_parser_used,
107,إستراحات فردية,استراحاتفرديه,Point,21.8672957,32.8470731,21.8672957,32.8470731,0,valid,available,,no_image,#icon-1521-880E4F-labelson,القرى_والمنتجعات_السياحية,unique,unique,recovered_parser_used,
108,منتجع الاسرة السعيدة,منتجعالاسرهالسعيده,Point,21.873265,32.816855,21.873265,32.816855,0,valid,available,https://mymaps.usercontent.google.com/hostedimage/m/*/3AAjQbR7RkDTMMjFwRWJxB0jPTsFwTF-s5pwRPIVFnVxQY9aCnaqAPWa_I4_cQWehYYg-g6oTFnWAtGdtYyx1qZI9oq-92PaQT9PwtGRxXHqt8h5z5N7hn__Wz0CdNPaeUxqZCBMw2CvaovxJbD3SwdpuI4aPO9pShf6ORRQ1zbkOvNHmG6XOblfEP3IblnAyD73xZwHQbXSabTtvWaZoEas-9NaHGxkqGRNzOoC-i3w2e_x-qaaHqufwRu7-tAY?authuser=2&fife=s16383,temporary_remote_not_displayed,#icon-1521-880E4F-labelson,القرى_والمنتجعات_السياحية,unique,unique,recovered_parser_used,
109,شاليهات بومؤمن,شاليهاتبومومن,Point,21.84664,32.858583,21.84664,32.858583,0,valid,available,,no_image,#icon-1521-880E4F-labelson,القرى_والمنتجعات_السياحية,unique,unique,recovered_parser_used,
110,منتجع سيف للسياحه ولاستثمار,منتجعسيفللسياحهولاستثمار,Point,21.903627,32.796428,21.903627,32.796428,0,valid,available,https://mymaps.usercontent.google.com/hostedimage/m/*/3AAjQbR6BNYiKGe6NWSkInBjO3Z4z1VpyZqFC3gW72gZpM3CsIOVKdbzl7Px0S87k7XFg-SzivkvNW5F8W6RXu7uRN0xWKpLdfN0sZYr3vqFMylSiYhOfYWK6zXrEqY50BZstmi9PnkG4IFmlh7qucfRhhzW3bKdrvAx54_5nQJN8pWlGXL7tEwVSwz7TI584eGDxyGoZR9shRXDcZF81aZQVCtpRLSI9Wd5CYji5D66E_RwmDzO87jODrx7IT_w?authuser=2&fife=s16383,temporary_remote_not_displayed,#icon-1521-880E4F-labelson,القرى_والمنتجعات_السياحية,unique,unique,recovered_parser_used,
111,منتجع وفندق ريفان السياحي,منتجعوفندقريفانالسياحي,Point,23.959161,32.0372928,23.959161,32.0372928,0,valid,available,https://mymaps.usercontent.google.com/hostedimage/m/*/3AAjQbR6vpP77Y1-k4NdmPJsEymuX39J48x_QUb1t1-C-hDTuDsSgyU8cn3WP7nOfMw-JwDbJsNyhv42w2hYx7WXAhXU1hO5wIKqtImC9fDXe49Rl9k-x3jYMsGyCKJ7vePsUXkKp2glKUjWJt9rFS9JA6MSUBBkwvUMuGXpEtTeF7SNIi8JWt70yUST55DcTKNSW1tRxz8rmep7Ky9x4D_apOaPsVOC8Cqp6KPQxEvLrduI1SsNHv3oaVG5NHYU?authuser=2&fife=s16383,temporary_remote_not_displayed,#icon-1521-880E4F-labelson,القرى_والمنتجعات_السياحية,unique,unique,recovered_parser_used,
112,قرية سبتيموس السياحية - زوارة,قريهسبتيموسالسياحيهزواره,Point,12.0089054,32.9846754,12.0089054,32.9846754,0,valid,available,https://mymaps.usercontent.google.com/hostedimage/m/*/3AAjQbR5yvldVB4fDUReOPRjaDw7ZP4yO3nWWpi3ofEZEKyHreVpTCoW90gXskW3v5B1-kRDUxWL0eDyGEDYGlzU_aUYx57hUEepkQz18rzBWQdc18l00LlJcNEgneBBmM7vuy8KGzb3_POmPz2ZctXwwnPU0lC1lmWUqVN9XIeESKzTUVnHUCxRM5Zd9HFQXfyXAYhYqH7QkRlj1bav8CelcNV8zlBhAtLUxtWfhY9otXQPT5wiqb-uVN40ZeOU?authuser=2&fife=s16383,temporary_remote_not_displayed,#icon-1521-880E4F-labelson,القرى_والمنتجعات_السياحية,unique,unique,recovered_parser_used,
113,قرية سيمو السياحية - زوارة,قريهسيموالسياحيهزواره,Point,12.0038519,32.9863612,12.0038519,32.9863612,0,valid,available,https://mymaps.usercontent.google.com/hostedimage/m/*/3AAjQbR5AN5Ndmt3BApDEVpNGE9AzE8F4kgr-DUicMuDL4BUqbORP-ZGPWomN5lD-ZieEtjl4jovqSmZJhgGZogP1MJfrTTH47FqIlrD0Uq2TGZRDHDoKz8Rn0-FymGQ0LNa2jNvKj9nOdX0gjtAbwRWTtilTh5mqVoiDelwLsZ1GIarmoLhA9xjkOQAoDsJleXLINv7iU4UcdPiSmHTkksij2vig71EXeumoI_STDCBoCZCGrp1HvJaQiYcXp2o?authuser=2&fife=s16383,temporary_remote_not_displayed,#icon-1521-880E4F-labelson,القرى_والمنتجعات_السياحية,unique,unique,recovered_parser_used,
114,منتجع الهادريان زليتن,منتجعالهادريانزليتن,Point,14.5157198,32.5025172,14.5157198,32.5025172,0,valid,available,,no_image,#icon-1521-880E4F-labelson,القرى_والمنتجعات_السياحية,unique,unique,recovered_parser_used,
115,منتجع سفارى السياحى,منتجعسفاريالسياحي,Point,15.042599,32.3512844,15.042599,32.3512844,0,valid,available,,no_image,#icon-1521-880E4F-labelson,القرى_والمنتجعات_السياحية,unique,unique,recovered_parser_used,
116,قرية اوديسا السياحية,قريهاوديساالسياحيه,Point,11.9792196,32.998387,11.9792196,32.998387,0,valid,available,https://mymaps.usercontent.google.com/hostedimage/m/*/3AAjQbR5iDIRLmRxLkjBOFkXfqkBMgjllyA-YcmQTKja99hjKcyisQuiQ5FS8gwMmzCcvSXGLge16DjNe3FnNEehvDD5FvBO2fPMwEUGlOZRj_U4FG7AaFh0Ceu3wPgJBH14qxyJ1XJjXCDuhBocnauqguK3mA68og8Hlqv99hoyz6w6xIW_FaBp1ar_k0wE2UfUdp0amYtl2uu72nZKwztzxwMJNQyOIkU3YMjFokTzNiS3yhvMvp845ld3kKuo?authuser=2&fife=s16383,temporary_remote_not_displayed,#icon-1521-880E4F-labelson,القرى_والمنتجعات_السياحية,unique,unique,recovered_parser_used,
117,Azul house استراحة ازول,azulhouseاستراحهازول,Point,12.0191798,32.9804213,12.0191798,32.9804213,0,valid,available,https://mymaps.usercontent.google.com/hostedimage/m/*/3AAjQbR6UogTSFyPs8grrEZ_rid2AG-dx0ei3CQZbFSxM8IAsXbRAQa8RyZJi2R87oiUXtOqqPKXZCca7ubNCMBwG-H_ZH6DMz3oheuHI_i7Y7Wt3X3T2kWQS55UtnkOp_qcHXEO8fPgYsUjOb33OU7u51beL_PhdniCUU0PqCCs-67igOWU9nXHOEPMjhsZJS1s_JPGzU61mT1fzxGS8KOadsxBcB2VEEwKb9CEM5RenW1djCG2la1Gt4v1lFpM?authuser=2&fife=s16383,temporary_remote_not_displayed,#icon-1521-880E4F-labelson,القرى_والمنتجعات_السياحية,unique,unique,recovered_parser_used,
118,DiVano Resort,divanoresort,Point,12.0684328,32.9457822,12.0684328,32.9457822,0,valid,available,https://mymaps.usercontent.google.com/hostedimage/m/*/3AAjQbR4ebm4Jflskn-p5M-ow62FBEPa3_geOFK42ZYyqBv8FaBH9w41C5InUY2oq7UXY1CRujaRNiZfNETe5hIRjGAZCMa4fx0fSv9xsiymS6cLT_IbqaciF5GN2NULZY696R5C6cf_tm01X05Vcg2J-5B6A7Ka0h9x8zRX8qG5ZgmyGtYJAb0z7t8YAlPC3acwHQ9RQHKffnU4ar0TLEtZSXliw8CN8whA-YoeKs45j1P-G19zsLqXR2yT-saM?authuser=2&fife=s16383,temporary_remote_not_displayed,#icon-1521-880E4F-labelson,القرى_والمنتجعات_السياحية,unique,unique,recovered_parser_used,
119,منتجع لاجون Lagoon Resort,منتجعلاجونlagoonresort,Point,11.9844267,32.9979566,11.9844267,32.9979566,0,valid,available,https://mymaps.usercontent.google.com/hostedimage/m/*/3AAjQbR6ZHZMHIACYj8CjkyZ7RM-Q0OhkqbRxrTP42Z5doXrPVoS7r5hBWdE6kQsKRDgb7vIu_enP-Xs-r2Bm49Ltq_bXLVI1GRjsHEnq2x3ZU-uslAJ8ndCwbvOLmJ0-SgpQ6-RDFR6nxwXTbfmzBWGfr31bGBXzzw4uF3IuptRYoaZ5fWOKC20X6jBFkaV0brUf35Kt9l7ZeCECCDbYDzIzd5a_wiP1bhA0es8vldnzsRePh24T3iMWhC1rkZ4?authuser=2&fife=s16383,temporary_remote_not_displayed,#icon-1521-880E4F-labelson,القرى_والمنتجعات_السياحية,unique,unique,recovered_parser_used,
120,Barracuda Village - منتجع باراكودا,barracudavillageمنتجعباراكودا,Point,12.0243031,32.9757798,12.0243031,32.9757798,0,valid,available,,no_image,#icon-1521-880E4F-labelson,القرى_والمنتجعات_السياحية,unique,unique,recovered_parser_used,
121,Oea Village - Diar Al Bahr,oeavillagediaralbahr,Point,13.016186,32.839058,13.016186,32.839058,0,valid,available,,no_image,#icon-1521-880E4F-labelson,القرى_والمنتجعات_السياحية,unique,unique,recovered_parser_used,
122,قرية قوس غنيمة السياحية,قريهقوسغنيمهالسياحيه,Point,14.0569472,32.7147012,14.0569472,32.7147012,0,valid,available,,no_image,#icon-1521-880E4F-labelson,القرى_والمنتجعات_السياحية,duplicate_name,unique,recovered_parser_used,
123,فندق كورنثيا,فندقكورنثيا,Point,13.170402,32.89692,13.170402,32.89692,0,valid,available,https://lh3.googleusercontent.com/umsh/AN6v0v6O4JnWl6iC21Wpb2o-i0HUaNiXTOFM_BDlaoWMUEImkc1RrDUvSe8d43vo6dlcxLVd5JBYH4O7lygNnVXXV8_pZIDB1QK-loU-Y1OONq0uTbmZzWWMZE-QAht48cLJ8UXknjnoXoAvrCG9MHm5uhOluTsIEH0zfJqWtAD3Jj9uxvQ_vuzgOr9osd_W0aATdwkYsjvOIitx5LkEVfU4LFhmBmSa42SI1Dimw1FXcFSAwEwV7QbWJE_J8Pizg1OtRVYIx0_fNbalgS7DuxD1R0Ad9HOFedj0rpjLDih9OhaB46EnHYq6mjqw6TmrrxH9Co4vpEc97Oc-nYmgICAzRgbWK0mgh3NMwEYRj-ImOl8bzVbuIwHfiNckeuuiAXDwcn9k72WH1fKHxvLrae5nfpid8KkgVx3I_XPqOcdAqvmfvlghXfCFX_stRX41vaQM6lWCcU6mQtwJYzSWkxQ4YSnnws824jMFMCbP3JoWFgCo0yvKRkRTWe9NAmCDsvYmbHN8IH-5HKN4jDVQ27pz0dM6hpdFqaHjyBPuzT5NhBwkGq2qYB08nBxmvJb8x1vquwXHNVRX6iGQxTydm1-o9AMUfWTpPFT42GjOT_fgCMQ8fA-yP1ltRu3RUOxit6IQzaOSg_AR0u89kMjC5t3dfC4FCzaZNNhdpmciLQgwk-7uGR3zhCI7NNFQa-hNjuIPmocoSP_GP7JChWs_cXipXDTLdriE,temporary_remote_not_displayed,#icon-1899-BDBDBD,الفنادق,unique,unique,recovered_parser_used,
124,فندق بينثابوليس,فندقبينثابوليس,Point,21.7604108,32.76474,21.7604108,32.76474,0,valid,available,https://lh3.googleusercontent.com/umsh/AN6v0v57zuEqRA6Vacy2TC7IxI00cJlJhx0OYly3LtZDmfoXMUWU15nP8U3NBVr4ibXR2e8TkXHavKaaFd7EVt4-e82cbhQlqMEUVJOrPZIsx4ZZLYAKj6uEQ93tbYewSMZxw57onecfVGy8vLeYFwXzBE0rP_Guvv21IRSmvIe_QoLNMukuKN9gv_fLceN2E4-JlChB2U7MZbLMRwseMlumgOA1YUyX8IS69Of3lMBRiFq6FVEIDn7hni9vNpdDAAkuKE41hpjQObYRiUidbduicRpeTsBvF_MP-4gxT5wMsLv1iEtTAU_bJHo2u8uuLij3LtjZhxa6YAEY6kYFuw1NncXOLcC8DKBF6MOodknSAMaPWbMwbu2eTJCebI7ppDuXxIAvjHOkN4dKkMRTbeQge6yXKfShQtEyGW1DkbtQPYL1MvB8wvcf5cHLqjWYDR-Bv4yotVHjYMdODq8LPRK-Y9PEgok9a0MnJQBAzObiY3Gxn1UiOy8YC4GE_o_oM51hFdV9MWBgGgb2ZaW4u_bG838D2xrxMITNwqgO4qKCBHpud0pgwXzgQrBwFjXmAKfrfZA9JYOruGjXNCvb6VbdORPSwFunwlJD_naQwC9aD3346Cle50jGN93ZB0oMWXoabe3Au7gQuAIOZ8kreLVy2v2X01LuX2ydCovG7TCbP_cG4JTXYCd4Du96dvWEyoShleyHVngunciiyZ0uVPpy_QiSSVOxPQ,temporary_remote_not_displayed,#icon-1899-BDBDBD,الفنادق,unique,unique,recovered_parser_used,
125,فندق جوهرة الواحة,فندقجوهرهالواحه,Point,9.5073291,30.1319382,9.5073291,30.1319382,0,valid,available,https://mymaps.usercontent.google.com/hostedimage/m/*/3AAjQbR6KlxHE32WwuEGT8lgLnfxDpY_Ihi0PEml0fqaw3R_PdESEtPM5D3dDwoKeFnDBdkVh5Zjb7feERI9Lx9LT8fI52vanDv2TeuGWG7Sd1GuJqsZBssErawR-F5CuzSkpwATmNo6O31jv88M1kknXz_wcuBcBx9r1LblY9c4iHxneiUq89EGdAfu5XgrTCI6DCNtYUJpcKR-bRbPuAQV0xY9j7HLTndbzLPubPW0zDUO1FwFvjFmM7dXPh5Q?authuser=2&fife=s16383,temporary_remote_not_displayed,#icon-1899-BDBDBD,الفنادق,unique,unique,recovered_parser_used,
126,فندق تبرس,فندقتبرس,Point,11.327179,31.777558,11.327179,31.777558,0,valid,available,https://mymaps.usercontent.google.com/hostedimage/m/*/3AAjQbR7E1wV7ua7DAHJm_ASU00TXBQ_W_SvVH5I8o9cg2Tdd_yCKPBII5o6fcqnasibW8c4cJG8DHRKW5GzjTtsmZhS_vSsUZ7B_gfQnNO2_Ur2MGEeH2WdU7WfGdW7YiC6jvIc9sxlRrSLyRg_Wt-FUkFxA5k_wy53D8vLH35dqkMr06GjPXH51ELURhpLQvSfnzIYNsfHbNIH5vV_LdsGI7z8wgJgC9weulIAFG_uMVq39VvEuJTa06ddbN3M?authuser=2&fife=s16383,temporary_remote_not_displayed,#icon-1899-BDBDBD,الفنادق,unique,unique,recovered_parser_used,
127,منتجع شحات السياحي,منتجعشحاتالسياحي,Point,21.87935,32.82451,21.87935,32.82451,0,valid,available,https://lh3.googleusercontent.com/umsh/AN6v0v6yUuBB1v_gE1g8jlu5lplQtph6ai3bKvFruklHQE0XDtHPJz7So8U1d4Q0nYmgZEuVVDQUMhaT4W61QiIpO5FFjHX8-P70_I7EKLVvuylShMPDRkAo69DEkIjWUSproV5YNfbZVK9hfLGauvBr2gNmNerqS85ee8DFsuVGOIVdp1Xe6hLQO5zLQ20P3bfebdCb7fp8RULN0tUNnHZyy-Qz7inOcNsCrR-86_CtZmT4x2aOuiSkADndpZbBwm72rk5htrDFWEzLLZlJ_-GfECff0orpfU1-RXLFAViphELW33vYCoVYKTtPRIjJqSelWeIB-tBxCjkc0i8ADbFa1glf_Xru3lKLn7r60Q2MyY5-sZPC7LDjymib-ELJWrIiHPaRSJMmKEhXk6Fxx-ilYrN_cje9rdaHD1-CCSpdDEoWH9fRl2pweD2zOASYYbqyWikSqUzmRgMNxa3AHeyZEbMj4Dbnc67yAEbDZ1-LsZAzIW2Qp5AQGxgpuC3oGYTtnHFBMPiVQQsIsiFmrKa7dFkxKJ6uYTt8q6fRtgmwc_Q2lMo9-A9hd7L-m7poR3Q2YNlSKaNzctf0IBrXT7GdA3kXQ8df1PpUU4ZyBjH-8tOVSfZ766zKk27bqXThLIRtl1zoyaj78V6MKXk2um4_cH9oI5KNtkZI7CGO-R48bc4Tcoehd-Bu9UfAuXLxwwNUyOBP_pGxXQ-I490dXTxKiG0WwwxTYw,temporary_remote_not_displayed,#icon-1899-BDBDBD,الفنادق,unique,unique,recovered_parser_used,
128,فندق المنارة,فندقالمناره,Point,21.964767,32.900626,21.964767,32.900626,0,valid,available,https://lh3.googleusercontent.com/umsh/AN6v0v6giKaEi7lLAAUIhDIXusCsEv0tXuHkG7a_zi0x8OjaMhMz85x0me6RdPaH2oXLVppXQmgqoAUtWYCJfJNz3DgXl6z7La2YGykIsgrbu3uwSG1gn7z9NjTlplTl6kVNmGvg4nnyLaCZuu8rRDOfHa7UEGcJoLnu5-y5nqCukE2lQp6tpXIThOVLiOIs3JSYibu-ju3HcF2Ji_ONYiXFJPn1q6kTqY2d7npJ2ueuDfjfsHTGTTIYfy6UmHc8A1baMrSdQszHG_JjMmiKfYcnq6qDapNNpM70fDvCe8_r_nLTGgOE-LNugmDt3NlMXi8KIkU32LYPOGZC6U9o5CdcTmcWr-QkYLEybYzRL6B8EPbXmX1TAyDg0ODw0RdzpWrPOHbzl2epizNOEuNOie4vZmVw7EK0Kqwc91k_eCmHGpV-HhYZQUns_VCcarPsEVHTXjWRfez6XthUMjk5KdwtCykXB56cKj36Dd8-PZKjQ54b1U6134O6nlDhgE3v88REgLeBsI2eXiHUehCFCZ_aCeqNhe50ZrsCp_AoCSf8orhxaHK4pEDOCrQxzLsBsQh3N_Js4OGjUtruuWyK_MjFEpSivGRcrnscoqakVsHn9Mj53DnPqHsOkkpcbjD2BZm1IsimunHLGVWu8WZW6g_5m8AohOTRuC93NTyk-lv1dRDPh8Fk931sjmzKmvaa3cb9H5jivHmlsYkogkkmTcE3ejGOmYnx6rKsy8TarJKwXXGeurPttp_D6bLBCsQl2T0-tdjbO8woIi-B3-bmWe7kwINY8eT3VnfsOHFrnGrb_1NggUk8pfB-FeKDm0Z0wgmA-lOZenmT--zk6mBIGmqEObMk3jptCOxZXSeRMr985zFkKZt3Aw2cJS7s9u2wDrFGNfhcT7g2D3r0HIwi-SYo_kJLBGpjowwEQpUBGHMz9Yv8fiPTjRFeqLfTw3CTB2vMD5d0TXD3R6x0JCLbxzshOFFhb4wM01wqx3gzGlceYRliv5iAGE6GwnQdpSi7bZ7XwtyDtd5JJwbOi41zdw88wrOiQaBdjb9wxaaAjUc08WVVpQ4iQ-2XuVivhi4iBekhXZ5rTyGx-b7AOapIfGo_vLorTn1QnVLhaZRtWd6y6SD5O_HIs7wtUvPtDrUdRIBHWrzpkR1nN1-s18yBuNGNcw4UdeKB8-p-A-SpcgmfeHFjvckjlVf5bAle8ehZ3vKPd4l6eOIf3_VP9C9m2zHJ_JEVKR6rZSlgXdRAgXVYZzq1mvlEL-CLvOsHK4zhY-0CpUzEbm-2j76adV7BgKEH93fV6NETXPTQ7dpLalwSKNDclv-qkT_JvGs4Tagw1VipWuU6vfsMMtS768x7HmFXCmfun-6Vfu6W54kVuCsAsrszHB7NDW_HE3MwhvuGsGu9UMcmNW77nheduytXHrGrsdce7f6mhNdE8tPsznCpe2PT1pV-OV2Z25zq7hRDQlhy-1qnPYMUzAIDNmYFBWEOj793QnI-ZCx1zTgR3ezYCN4bX6i3FBCNAQjptXehTWokWGIpX2W6dzPSr2kxtH68Hzk5Os1KanLzz0g1DEfht3ioD7rrFzbRpGhrWzNJbsPIsKKpHD8fxfq79BgNSbKdS9BC9BH2aHXxOVtt6WQ1YPLIs2lFwJ0cUajzxIiuxy9lGTY2pL2_2snDsachcfjUR1hfsu41Vg6IggHfxgMAA-WiItX_63cAI9JKUraeOmCpZUtcBYAdApaUFO8ifHC7TmixtYO3Wmed,temporary_remote_not_displayed,#icon-1899-BDBDBD,الفنادق,unique,unique,recovered_parser_used,
129,فندق لؤلؤة الخليج,فندقلولوهالخليج,Point,21.77744,32.76469,21.77744,32.76469,0,valid,available,https://lh3.googleusercontent.com/umsh/AN6v0v5BHVeHZSHVzkgYdG62qmOOy3IHohTFgg5Mz_RzWU22SciQhG73vdm9xRUV2uBpIwYdddSElAsFTpZ8EW_Ze-aFKSIB3bEMXTmHXeFnxhBiPl5L7R03Ucn7E_H95n7lODEDIoV4j5RRY60DQeqVzp1fxhbD2Ftitl6YHgaX9H4uJWW2mSSGGyPtlHaj4X4BP9Yjcpt3e2hYlm37Xll9-VPoKFG0MDlOdmha1dCu1zIyCu63UlvXQ-Agjbljn7GytqiLwWWXkLTsxKEc1LXnOGEGFHA9zwIP492LTdgcr3QkldhRrniQSLe4R6HSPUJZLbLTQ95C3YHSUv4N9RMtiwy3SbJzKGea1DSOXcqO1foI8naqRykY1TZJ692KW_BdUYDxH6cxTSh63v-jQjJoYm_BQa4okv5MJ-4OV5YziJ16cv2AiFiDPirv9gqNVXrrvNlnJXwm2bt0A4M4EayQNK0N8alpdhk876jNhSYquKhOc-SbR1C_kmcT6SRuym4yFZIvrAv6TZIjBUT1n6XO_OP9LwtCfHtu0BLIuU1WK7KXjI0UuUHyNVJM6_DGlcafN2FwbPL1wN1iqKIdSHMGIAlesg1v3PteSmXmzV9GSC0xJ9e0lyo6TbOetSmtKS2x5LgnZb5QZJ2AxLTEP565FiKvB-ZVhnnH9PRtjaDxBRt2gykMNckHYbuBlfeAH48uWwpCgacP4WQ0yGY_k4iHjOVrt3U1,temporary_remote_not_displayed,#icon-1899-BDBDBD,الفنادق,unique,unique,recovered_parser_used,
130,فندق التلال الوسيطة البيضاء,فندقالتلالالوسيطهالبيضاء,Point,21.733303,32.793224,21.733303,32.793224,0,valid,available,https://lh3.googleusercontent.com/umsh/AN6v0v56Z-NLn1OLMzb3fg5yW0IkuVOBp40E2HKABuJ8oAzw_clvB3zMgc_vpBEZBkvM8XQkbDI-WnoQKW_6_iJqjyIDEcHMzJWELJl9Qt00fagemEbjINwEaOOZOFrP60v0zihvYFJbrdvAIs4zGwY6H4c6i1YJLDhCR7I3b1f7pvBs4rzRaWUJLkfcKXaDc21JM6GXQ-96D_KDOyPNIAJPkjB0NXOXBo6wbhzJ1XX21Zrh7kC1CYePDye3chuCowuWugJAdJn20XBQzOVYJMmetrdcsciRdkJcQABswl4duYDV-5D0bkrnbyK4655nNorGwmFO_aHNHhcqLPlAXfq8rQmOWvqUzDR2-tK63W9PMXZjvquEu-IpyaVqn7dprStp8a5srLlIuC6wGY5mmsCVqpG9PswpoeOaiAXxzniNMcKXgrGFpDyqXYdoc2JItjzODn7w1VP7ln1Msc2p93CrYgCjY4dFDywfOq4-Hgxwlp6OxYqG95_aOk3COu3jl68sVpV-XnV7iHROq0pb4qjfS97iXJRGoBTkz9Tt6Qs-sdXZ7IDhceuio5XcVII3HvjBlRXzseNZR_VLr4RlUtoSyU2dK65mLYv2bIciL5KBDQQcYL7oqZOYoaMjZHfCmuAKZe6lhWdvxmOtsHugbzxomAg_tggV_vkhAt5h74o2OkphkHvRIr30WFi2PHM8mWfuUxOp5j1jCH55IBqIPQYKTUzfKbZMzQ,temporary_remote_not_displayed,#icon-1899-BDBDBD,الفنادق,unique,unique,recovered_parser_used,
131,العنود للشقق الفندقية,العنودللشققالفندقيه,Point,21.7417,32.7664,21.7417,32.7664,0,valid,available,https://mymaps.usercontent.google.com/hostedimage/m/*/3AAjQbR6Hk6rNuzgFJ_7cIMk9JCB1iN0SvU2efqDPde_FzvFyi7IA9pMS1S-Vn1vRAfO5rBwfAQXOxULOJVlzWtjrqOP4CW9SbJn_QQXVZkbkxjKDgKA-lmcYX5dguhvux2OMI2-wBn48MikprbhGI7C5MHlUvDbUgPyjPkKgkMemUeU4dJND98bsYJzNMvdDPPt9HhscFBjqgyfCrBvL8u_mR5eIbuWKy--DyckqIWIZf2-r3pwicp5whwFAtH8?authuser=2&fife=s16383,temporary_remote_not_displayed,#icon-1899-BDBDBD,الفنادق,unique,unique,recovered_parser_used,
132,فندق الثريا,فندقالثريا,Point,21.75694,32.764375,21.75694,32.764375,0,valid,available,https://mymaps.usercontent.google.com/hostedimage/m/*/3AAjQbR4or0caI5u2Y_On2SOkSXtgeUl0oYA8fYZiNvTgr5RuZFWoZwVSiU2XUV1XcIQ5dnMevMmsyuZYrCWA-ypRRoXSfPZoOMPNYQWXbETTfYQPmDNxT2thfRnQPcLzafOqnoY3yd5OOFJ_-h6mmvaONVVpx78mfO-PJcbyLjqxyOP45kq7E4pJ_SGNadhsaGb_9a17F9c1c8Otjonwpgg_SEzZ63aBOH5scD5fa_rZA_CE7DijUHpFxwtECEg?authuser=2&fife=s16383,temporary_remote_not_displayed,#icon-1899-BDBDBD,الفنادق,duplicate_name,unique,recovered_parser_used,
133,منتجع الينابيع السياحي,منتجعالينابيعالسياحي,Point,22.19025,32.8815,22.19025,32.8815,0,valid,available,https://lh3.googleusercontent.com/umsh/AN6v0v6knVwFcvulxPYRbtnv4Q_mtXTHXduskAR2Ir84X3CeDFAJWLbRQOhq4QINKzOjtkJwvKvcnZ4NkDf5H3JXO6gpX3bZ3u6zzjxLiC-QVZelfItDGfBJ14C6ZjZwqmZBK-TRntha142BLhyGcyqzXHa9PKfi7b3kf5fcJBpzt-ovi9BYO8-zmsIaxa4qu-Ny5JBrZCYv5CKTluCutUiyvdfi3GeFuFzQ9zhuslTssrx3bgUCkx7tayHiY3PQ4sbN_xI2vky9PmQzpPW-8TlXDzgh-ugeLteev4g8Zmm9FeorcnnU-5ISJs8Sa87uc1iYTFV4j_hMaIb-3l4bDaZUEAVE5lgM-SJCX6mVDCAYyBqG1HsALexk6bVfwXWQqPHCjy1i9Go4Noo4tYo1-G-4kLqLgXB9uIMXTBVfkilFOWh2tr0WqYNKyCgBffiG2ie5pgHR9ZFESL0NnQgkEwpLMNnTjYiiP7ZoWkzq7atQRUvuWrecliVZ6GzZiVvzmO6FhBeDZ_nmoaauNaC-swtO6GwhHNBjUPtaWenckdBCp4MwtB3KekZgiB7CqJy-y0_vokV8KaxQwGtQGFNC8ihcx7HOK-LTMkmQ1l5JvezXLXX2ogmh28R3GkRorifpd2F6zEgz0eK-HLGxjE-rqDlKMkwkII3116l1URq-tH8rh3W2-idQ6dc5NfC-ai1t-WFFeSvmiF5rOr5otKCtLar-nP4FOSNo4Q,temporary_remote_not_displayed,#icon-1899-BDBDBD,الفنادق,duplicate_name,unique,recovered_parser_used,
134,فندق برقة,فندقبرقه,Point,21.756955,32.765259,21.756955,32.765259,0,valid,available,https://mymaps.usercontent.google.com/hostedimage/m/*/3AAjQbR6VWWFadcfyd0cUSomlSskGTwRJYHONo9ghIUAKsW7mDSYffR0GEb-VzDyL7PReE_ActWfvqPWdCPOC1FV-TJBRdnruNruxK4foHWNPla6SwKg6ndg3JSyleVYZ4nBWhp1bPgA5xvNGXMvkHtilgNOZ0X-dCQzJzk9dJp4vFuvfnZIp7TUtD0PyntbDgjSwMrBS36AmMmOBFC_Mrb7mu7Q-u-pvAkdqPbOv_0S837GZ9uAjORv2IL-XsMY?authuser=2&fife=s16383,temporary_remote_not_displayed,#icon-1899-BDBDBD,الفنادق,unique,unique,recovered_parser_used,
135,فندق الهديل,فندقالهديل,Point,21.754296,32.763233,21.754296,32.763233,0,valid,available,,no_image,#icon-1899-BDBDBD,الفنادق,unique,unique,recovered_parser_used,
136,فندق بن يدر,فندقبنيدر,Point,9.49361,30.13057,9.49361,30.13057,0,valid,available,https://lh3.googleusercontent.com/umsh/AN6v0v4Pqhu37KZyRDdXon9nZE5H9i1sEdL4h3JyrSE0lVYrMmBvPbY17vi5jZ1A-n2SM2B4Z1RNZ_RZexYXrmq7G4Wr5eAcql1dKO8MtihOZAQI9BUOvOPFynHLHemabJvtU2wsLRNEmV6ENurVNIhFNIYb0o5RaYz2cM8m-scjQ2hKuyCjVrNyf_91LyNRhDTgUQHxRTtgdZM10FsiHyglLtjOjW4WhK0DygZP9jiA_TDxvI7s7V8ooF1z3Qe3b5QExVPpG_33eQidyeB9JFDQVYWjlXn3gzdaE8EnFFybZlch2kZ3B6x_rWlWWUV8As0ixS5MHlJSmm0bl73BTQkOoyZYrhRkF85I0JQ6fr-FwS3PFIHr-3UIqgGXS77Hzz2Cv4feLXRK6tsQXUFuxlXMxBAqKYOCBSNlD-hBk7CfSsUgFIQkCtiqhZ6-VuUNkh3JD1z1P-MLGq6ahRYaWPjYH65TBmu_ucUWYt_c7VfrGW5cnB5Wp5lrUWyVVNW-dNxiTSiPzfwAbhlzJ_4s_kVrTDjp2Kdf812DcvNRCDEj3wwJLHsfCrvf-8rDuZd2I7LBX31SdFv1EDcjp8Wpo1EvH8eTjnJZC_XgYSkVwJhq5WgYoAnyx5qrDjETaezt9SAjuw_98qsBF7PgujyosX9O7QAXGg-BiQMMLibINwAZroz7On4t0WvC0vUx1k-wf4dZDq1-0CI_8rlYNDiBTBvHdveduMMP6A,temporary_remote_not_displayed,#icon-1899-BDBDBD,الفنادق,duplicate_name,unique,recovered_parser_used,
137,فندق نجوم غدامس,فندقنجومغدامس,Point,9.492807,30.130444,9.492807,30.130444,0,valid,available,https://lh3.googleusercontent.com/umsh/AN6v0v7GbJ3gkz_EFPUFgeY95efyXUl8BgIjJsYh5-BhZsg6ssI-3-4fAgDTpAiNbmwMHsfbb8YfiBlMYZu-ES50m7SDScysyBv5tB7Ttav4NfpbDA_v35CoyuQUP_8B5bwcQeJEic0pfAB_SK3ZzBVQZMdQcM39fcRdHoI5cD-WeCCfYjEkfaTiy-hh1uMsw3xAgFIplNvT8LP0M0tW7V14l4ZdZ6UG2VJ0hpIfRjRYlaCBo_sblPKcF4XEhIo-ax2bJfbpJND5_pnT9opvoHtc3HUtoFyWfiBlLyeIMr3zmXPWaKO2O6Nwe1TZSGgKy9GYe9XRplPt-Tk7eypOiDPWu7hSmRDWHSJkoJ3SPj6oO9EmPmZtoB4SgftZmjNQBmHbJkzfRBA_9bM3XZXy_Z70wRqyqsFVEdqqd1J36qBoAXPBb-n6Tb1QhfMDVsts-V3BLm3wSUkseQdUBpgCBihPP8zz8Vk-u-B0OL5DqZO0TGQgtop4OtD7fywW4VLAbHW9peawW0u0PWzCAocRMe7gDEScMZYLaZbxX50xuW0ETvyZmTLyy4YK0NDEN42BJ9mOCdZ6secE7bfCCEvQUCr7fMC7o0e3goRZEIuaq1q5Hlc6_cMk8f1hKvtrZ73WmkS7da74R13YwV7FvnGrRHIkpqlOqSysDwOTnEiNJvev5iAHhduHFHrBLohLYsk96pbhJn3WUBETtsjFgpGVZVZEURg87AnA8VTJtM7KKRcewUJXL0FAlbOELKS7teIUV-0c5CuFJSVJtoqI8lEMW_8O6it_dp5OGb2fo0F_RatyvEArY24maDIGN272pvgzY0glkkGyct1MxIf3qpAKV28PO4c1_eaSq9uXPe6Xn6kckQWH3Cm-4SLsbSEAop3zI52YtdxICFFdGgEqaVnS2CRl3TSMK6ZdqOrXjxnEydPhKRtDUQP9tIFXX6fNLRs6qARTFXzSoBCdBKNDhVQIyBRfBfRguygtH-Uu19RROg7Bl245cO-0Ur8tvdCQrp_pE8m-a7yemGcxnY6aJRfHs92CMeFD0p0m2HhcjDuaSWZDR6G30BbLdXsFxOu5bIWdmB00gnA4qUr3bLVq5I2lQDxyBNLjIRb9mZJIG-NYAI-qSMC3VjjQ5bs0oEaWtXPTnBjMui4fT4raqGHh16cRmn5AceUqkmT0u5noTp_H33zF4286HGsYCdrabtHBnvvj6Y4FuTjeEasX1aiwRrgREt7Xg_weoPl5gr4j0eZuC0Tk7gH9ShTmMPBt9Zqqv0iaL3_o5B153s20GAwYXDFFoZDViqq-Nn4KcDYrNUvbsjw_PZlhCdFOHJw_2eluB534Vh566CWl5-Wo2DDEN1x8eHehGr42Pm5KDbUrIZqcA74MdEdu1LbDTlbbMcWBhScT4gyzwQW4pf7dwYAHvvPH2qDPie14pHHayhHtr0bo3PjxjhfexitFd6K7Sxb0i-lHhAYpb5ZtYfRk6FED8SJgh2MQsOhBG9HgVIbpT2XEB_eEw7FSbTb7kQ1sknNjdPE3g6SgIeDq1Xl0V2ozA52TyYMfGznAMFZSqsRFqS5--bIlFVYriLdvkApNUH8UMwq7ZnMMTmVPeA3H7_vvXU9G-fSMz2KIImlLq_AHxAaiz-5mphVAwQperJ-SPHqbQk_LgDpJjGZ5XBsFIywCMVBJOjWbasNQsuKRWdYC0V6XRXmnnv55iTnhHtg-ZOiCGX1fh1HceucFmz6Gse21MnqvqQ2oap_rU_3-hOGr,temporary_remote_not_displayed,#icon-1899-0288D1,الفنادق,duplicate_name,unique,recovered_parser_used,
138,Hotel bab al fatah,hotelbabalfatah,Point,9.495953,30.129669,9.495953,30.129669,0,valid,available,,no_image,#icon-1899-BDBDBD,الفنادق,unique,unique,recovered_parser_used,
139,فندق فكتوريا,فندقفكتوريا,Point,13.1943866,32.8913655,13.1943866,32.8913655,0,valid,available,https://lh3.googleusercontent.com/umsh/AN6v0v6X255qfWiDHHaM5hnjlWuSFK9hYQ_pfPLUz2cEl43FzYQ4JVDQHfmduXF5njUtsDPCDtR0advgv1TzSlePfKH85ee725AtsHonUt-8vlYiA9RsQAHp-kk7YIUpEV2d-YNdRWwNjVUKsX715ot96uDEhkpBaXrK0GueILkI_ikWAVS_cwqmVrz7ZFc8e17VZJNRPvce7F1CJ61FgdRC7YDWDU-qDulxur2QlASIIQ4fbfzX_SmbKdFbhX7gWGut_wmsnhdZaKz4PBEtO2pCrvBk5bwGdk4sZm3ye8AcW4VgeDb_BA7auAGMIf84lUbsLr3Gk3m9wLVI7BSuuPpx6IR01KnxWrGxm14NS4QsIy0oOQRUVJTgLr7bg_tgyOZEjlBR32IGb6ylmIH5HK8oRv_SRUrlG4RmHm-N4o_Uwf2TWF2Xx5upK0hIQcdu6XrPmzctTk4c1lpKge1QBRP9JDN5V9QR2fhn3y93kT8Lc2VcXZ9VD6i7LWUlE8YB1m2QUdrVxbVFa6L4Vdrx2Jo-japbElti88QkNmTBbFq5gP9mcb-7Mz9A_YL1gq67n7mJPtMBB_IafGW-Te0Ua12sRh-cFL_HwonI1V1JAXTniVtC3zbHnQ9vIKfHVA2xkoin8c1IEJxrLubpzaGBr5gtSeviXxPyOMKCXj-UfMZbeeweVoVDXJBFipsFX_OksFfEzTVUaF7gs0aXcfYcT228BAxwO-0HiH5N1yCgElS0Hw4n5nwObaqJ_0GNq6RJRAYxkuxfa7iEge-vj6lCjvmMzM9DPLagtcwcQemXVesoo_ZHG7GR_iJ2SyfBlGIs1LMRGqZVcQK_b0s_DwzJkDMGWGXFk6CY7f0pCRrE0bv4JvqRr9BEyesyDh89Wru5CIFmtQZn3oJ5Shn8st5aOIcTKnpOlzurt1PBKg4eC8mGKuTyk-yG1l8aDeXBtPZGEUi2pCVhrA1_7jkcs38XdOrCpT3AUGfcIQYApaF8IKPvh1ZXsQNzGu07tWUy9FlCJudW7x5GZZhGnhgFLNnNOYSpkRJ0d_20_3jhdL_5MOkEA4cbi3hdpwRvpQCmN5wYsl4WGPbeTe8Hor5VA5eNToa0ts5qaNuV7GP0WGnfYppglqlo7s4MsCEh0pT6TEWrehFOVvtcXZKsEsQ3SYCUvms-6H97wgQ-TpOw69y38mEuKl8Yixb3p3SuQvHZ7himDtcG-z3DiWh9sXggHmYbVxG-7q0J9IX2WKoACybni7n2QjlJtwHeKh98yixEFhli6NludaCGBkzoIiIGLuqLd1zZYOQNCgXCv2VtMJ0-XV037SoT4qbIENuBovxfeyrwelAdPHuGWPJkqHcCjWcRg0tgTUrzEYw51QPEZO8vkY-61HXN18BXDj3BoozCBmrz1yPazbK0Gu_zLj-aqL62atH9AQiHkGobxGuvXvDZCQhquIqmSoyCN668umP5p0dl1Hax3ORFtLiHl8YnhUTN8aPNAn3rJ9c78OgH7-JvAXzcbcH8-SiZ9xfmttz8BNPmjUmSZRDvo1BJPzAK8TtXxcVfCwtX-XReUqJLa0BRarKU923nbf53n3lcQ3ngqQHYm1Aov_z-16WmXihCXnqW2yCedlnNavb5JW2sA1zUXdmhG2AkAoiZFM_LJVfzBPMxiSJtC5FRNQO1ETQL-717wlJ0qT6_NXt9bvtk9CAGgom-Wa80x84rD6otHEnCNL8oNGd6g2xUpUcJE45A7j6GFG1NMjN7Eshouw,temporary_remote_not_displayed,#icon-1899-BDBDBD,الفنادق,unique,unique,recovered_parser_used,
140,فندق الطاووس,فندقالطاووس,Point,13.3175408,32.8737835,13.3175408,32.8737835,0,valid,available,https://mymaps.usercontent.google.com/hostedimage/m/*/3AAjQbR6XqG20uA0DIS-3KdTtB6jIGVGdin-fsUVIOMbOwd6-n4W5Y9Ek9MDwlHAFKbB7BqlglE_iL62nlyyErshGV-6Jp3VIUck86YNx7nM3VQLo-cCQOeSZ3yq_RruzeSpfXogOV5tc8wClzu--r-5bKhLEdX07Ep4-cTxPN3--DaKctIhu9gSZGtrF4x1YEXyYBQYYO89HV0bk-fQvriKtzIsW3Fa7imXMCzB8qrP9q1L4064GLfZQLaxjYug?authuser=2&fife=s16383,temporary_remote_not_displayed,#icon-1899-BDBDBD,الفنادق,unique,unique,recovered_parser_used,
141,فندق المهاري,فندقالمهاري,Point,13.1997894,32.8960393,13.1997894,32.8960393,0,valid,available,https://lh3.googleusercontent.com/umsh/AN6v0v549DGTKp9A7cPAcMLf-NDwE5EKVqIhRvgGrAYjqnW5IRzIvzSMYvF0Q3-nuQ4mek0XxoRuIb8ZYwyRRhgzdVdrkQcY1dMpgHa5qhubUu-QBnQbm_pSC314gzU2doZ8e6aVJHzJbNbrze5dmDrceEmkRRRSb6F0IzkGOD8d8XI89BP3_7YAZpexH9iUA1Bqwb4hmAL7_IisI3_on8eXbbSHY0bU8dA5YO0mYcJFzr4oH10t91CVTOpTRlNIaAmiPtVM3sPHkuxYR4djF595oueMjezDC4lnkVQOSc_J1y0JUX4YvP9-fZ8UJ0Fx6DUPNp5NMJuJjJtK37D87Z3OWpmpqRJv06WYraE3C2VqcUaaD0j6G3susGIYFJBFoJzRbdbEM3Xrw0lytN_KVMBws6TMeu3YZ6yBNrbr_J5HTJSImawCsLU3PZpGuRA5eRWMnpM5iw4R9etiHWRDSXfKfaR2U9rvPdkUE-xOpm4nMadX--3uuSzL1ZwQ-1YwpxvHnw1cmtOTPB5eYIZ7huqDflTrS7Swtkj5qJKiNxRPhinZ8JkK5Bcmfz9IkRMH0vfKEhlP_MzX9nlnvHORbcH-1z9IszklKdd7e3ruacjp2f2TXuKgRbL6ngC1Cskl12Umf4iB-8J449-hJcA0BC9atQcoNpECUyjLKzl_G3S8o4yZy_W3LKDBgv-vwS8fkVYf8hEBqAXtpAzLVmaCq4WQ3niFRkCLdQ,temporary_remote_not_displayed,#icon-1899-BDBDBD,الفنادق,unique,unique,recovered_parser_used,
142,فندق الودان,فندقالودان,Point,13.1909208,32.893187,13.1909208,32.893187,0,valid,available,https://mymaps.usercontent.google.com/hostedimage/m/*/3AAjQbR5i3w7plohA9aAQmtuyz71jHCngeVjRi9wbe6n7VFLv2EIGDphox6uxSb6QcdDXTaCFG-TVVh3yrwZj-ICEDNfCATkFxg-r3kHRSQ2XDx3xMnxi3nDtea7a_mvNoTAv7FcA5wTjNIONSGbwDRskpoB8nUiOJHDm-WZY8NzAIBXeemF3Zsqe7R7XQ4e6Pe6SDaRC08cbNoD3GgFpJlSNS7CKbiWDolKMBzKUqwSLaOwuV624u8Ho7gi9Vyc?authuser=2&fife=s16383,temporary_remote_not_displayed,#icon-1899-BDBDBD,الفنادق,unique,unique,recovered_parser_used,
143,فندق بلازما,فندقبلازما,Point,13.163972,32.885667,13.163972,32.885667,0,valid,available,https://lh3.googleusercontent.com/umsh/AN6v0v6me9GMRtVkIs49BtESyAotP7HnJIOOT6Hb07sbXhkisKmFtyy52tNbtjW6-GdpdIWjkhfRuuxcWWAfmOpD_-Tff9Q1xlsD6os9uiKbtoRtjVmY-os9M5uk0SMJRNjMe94PweWMrrnfRsJj6hNxOSQ3uvECyfr3loTlYY0C07yVwoC9FuE-LeHihn7lEqMOQ2V1fllyKM7DL1kGTyycOa7EtlZN7CKGhAOouQKjD6PNj6UBQ8Pgn4ncyEj9ojguDqZKArrs9CeQ_QQWJEQ3eWzNeEIbXFjtQ4HTtZpvJZdRUIna-RDQ_wrvStQPqTVR9PZRJ_0KHNvk-0clSKCXBDusgTV8yIsVmd4gFlNwOQJ_YKfebu2MFw_XhI6E3ETXXI6OdLBWrTRMbLVoq3BnIUsiCzddViHUYrRIdvr6w2uGE-nLWz1KmgJoUt3Bxf2pdBtTrugqWgy_XudXuFqXi3dmGEnzvISaWL3iOQvf4tQAOb-jQjLHW66TgtFnO-uOvktKDqmX0Mj1wGvQLm496CR6tTHvHF5lFswYRSu9x17z6Mw-KLL_j0zt1QSpC40ff9AwiopvIpt-Y2bspsIICsd2sml6NuYu0nv09Hzd5GPkbgQg3C5c-R5n-HRWe_iqhjxhvGRppLeo_bL_6UDxTs7yy0VnKtmVqcekuvzxLAcfKytCIgc2yKMJqso8l_f83zHQIShuFscqrlJ6fvGtLF6V7epA,temporary_remote_not_displayed,#icon-1899-BDBDBD,الفنادق,duplicate_name,unique,recovered_parser_used,
144,فندق دار السلام,فندقدارالسلام,Point,23.968133,32.073038,23.968133,32.073038,0,valid,available,https://lh3.googleusercontent.com/umsh/AN6v0v7ezU8pUUatnnOLTnRmLJhKDiOjyxoQ9xjFM2obcayyW8Kz7WPWsV7nkGryKJixnsiJBaU7hGcLYfONneUSy1v476Fv-ljrAKTGAqRNdsYCRQUQNu2jW5gfEaOIY5peBN5rXe20yvItB6YAr22oJg6JORm8Q0nCHZnyxM5pw__DZRgtRhlhStCpJctezwp2g0pvg59iZYEZFwcuXqiN_Me5db4QXkeS-D-1NBW08Knnb4i0pDNQzWoyd-o7rEwoMx5Gnpk9bDbSUA3JOUlsP2kspv-A-YZfPhEmfkJsG_dwYJBaeWTyFZFlx8_g9o9A1tuVisrJsv-nfHOJsi6So86WAbWiObXsBPnXQlzlzs5s6brjjPBPSdxa2BINA8UsB1uYA7jt1hwm8CMZgq-q79wTSVff4Z89CZaZImsznCQO2fVdoNfd8c9ofw1IRRMEl0QwM7MPc84ZLSmPUYwjB58xhMrkSVUKB_Uj1b2AruAkVxbneYCR2Ce_lZ4r9p18P7wLqjly2H4f0v8yfxltVMXb8HysorNtjEUkzNZU_mIoNE7cue0OjlUOwwPOhFfKylM-xA7caTk0GvG9DfmsUqLh4y8tlNNvQCgzk69BPxDd1TEqCVIpkjtD__M10hQUPKdmFkH9ttHC1jWCXAStlGp6G9voix0QmSuq7bAufl1OYBJX-Rfnv1C2h6Evqs5c-ZzSHv_aId2BIo8pOIKFGy4h84zK,temporary_remote_not_displayed,#icon-1899-BDBDBD,الفنادق,unique,unique,recovered_parser_used,
145,فندق سان جورج,فندقسانجورج,Point,23.9734318,32.0798526,23.9734318,32.0798526,0,valid,available,https://mymaps.usercontent.google.com/hostedimage/m/*/3AAjQbR6kjqJjytC95q1Qbsj91p3mYQlGfDG6mF8KeW8HnMOQyeEJvjLgeZ05UHizhlQhTDVwAQgZGjb3C9TLPe9rROXPE0_7xvC5OLWMyVJbyKyComLXsyWf7QytHxDIrmTTWCCwubuoSglrh38aT_RSks-GYlfdWLxJO7oLDpmEV9hvaeoKULM7TCfHJlGL8bu1rlwWhB-4F7nlleJpHavavXh2RTXv2ZSJt0ArNuT4XyYzTRs_dEg_gGMDZ2M?authuser=2&fife=s16383,temporary_remote_not_displayed,#icon-1899-BDBDBD,الفنادق,unique,unique,recovered_parser_used,
146,فندق الحسنين الكبير,فندقالحسنينالكبير,Point,14.251271,32.643382,14.251271,32.643382,0,valid,available,https://mymaps.usercontent.google.com/hostedimage/m/*/3AAjQbR7M2s3rBm5QF9z3xVwlgvzWgPw1AKk_aJxgQW9On9x44AoTp9zotJ1uPn_b3iSV-U_SLFKR4TuIWJzXgv2K7bGCCJSpeqFan1Id0q7uxf2v12vJqQHzYgAWchE39PeMgGiz-XFkDIL6_A-wiPt8ugn9xJzuPe17-8mXzBlV4ixClrw3JfBHjOCZIbkHqQiLOqVccHms7koIo3tsq8E9h-xb1_Q-UcvCbPaJrJFcF-sWLSEmARdRpUpcGMo?authuser=2&fife=s16383,temporary_remote_not_displayed,#icon-1899-BDBDBD,الفنادق,unique,unique,recovered_parser_used,
147,بيوت الشباب,بيوتالشباب,Point,21.863206,32.812983,21.863206,32.812983,0,valid,available,https://mymaps.usercontent.google.com/hostedimage/m/*/3AAjQbR5bFEuVMzwRHSLLGDQ4xCPXG1f6u6YaBRtqx-RFvMK5E-tMN2xFE3R6Pnv7R0S2QhjKnFAdK_Wh_KVInkHoDEfSgXxLsBc6XPq0Xi5sG8Me_kv6smSAkFt64I2oz53NQ6cN0p9KZDeCd8zkcENiXHK7nGJHvsruXiMQKyMeJYUBv-BjuL_PjUB4aMfWN68Beb7lZO7kFVHEXrXC37p-95H4TRM5AmFxDfHhYKdsS7OXThnqB0z3ljMUXnk?authuser=2&fife=s16383,temporary_remote_not_displayed,#icon-1899-BDBDBD,الفنادق,unique,unique,recovered_parser_used,
148,فندق بلاغراي السياحي ( التلال سابقا ),فندقبلاغرايالسياحيالتلالسابقا,Point,21.7177134,32.7617367,21.7177134,32.7617367,0,valid,available,https://mymaps.usercontent.google.com/hostedimage/m/*/3AAjQbR7pqUYPkZGTIizv5AAP4x-sbcBT1A3HnKnJpIg6epbATXbY0t3MLGD-Qm5Xv2NpPQ9V2BW9EuByZqPoGqhCz7nEMzyDH4LAeVlS7fGnlEKE_KM-TSBbNbWTjdQG3K8c-L9ldPtwh0o9U94CPHGXU7ZRzBb_X35SfwHYVuIQ47NRUQCq1CuEfD_JB57m_DYbxrPB2W8YMVFvdchCJ6pjP_SHM-ByYd9HTXxcrIkAANe0jWxufpaZSQnB91Y?authuser=2&fife=s16383,temporary_remote_not_displayed,#icon-1899-BDBDBD,الفنادق,unique,unique,recovered_parser_used,
149,منتجع ايميليا,منتجعايميليا,Point,22.562225,32.798444,22.562225,32.798444,0,valid,available,https://lh3.googleusercontent.com/umsh/AN6v0v588tpqhGJiZAWeeD3an-eXUlPBCyDHOgp1EgJDPKBkLTLZpKI_DbjKHwj_IHlxqGiJdFFqs5Bd8DmUNuvZDkAT31xgOXgE4aWrBodyiJgE8-WMuYNSwtT84RV4y55nDz2GvLV9VP9XKq9X0ViBOO4kX1qOOaO1LaHvRIdGl0CAO73RI4oVg6rwkR6M_luXoOBJiFOfVy3SH6t2C4u_EgYdydisVxeC9RHui8ZzlafOIdJx02HiX4TDZpSSAv6XGO9ikugsbFxWN5wtWLfLPMlwhxN3VSYP0ymQ7u4dCdFKMgjORBlriAaQeq4-1BoDAA50RKynfxX0EeFaQ7UuZOCYCDAzstf-2EpUKEJQ5p50Foj1-fNjsD5hGnap2YcxkB5A_Kns2rdPmPoHkb-Va-RE1p6QlFC4RkNwOfzKtnmldVNwDnOzQ5pMKh63pX35mjyFHhznws6zEEAMd-LtChFb4zmo2EI0f7MJ_mVSRzs07sDH0qzVpWZv79tNvnmGLnVJklK-n6O6rZFOR4ZKOl6us2MbXW003of_6Jq4Vt0dDoFUmXM9egucfOkK54NT7Lbu9iRsrllUQTuOgjm0ePbPbL6D1UCV6S-FVP6GBg1pjCxuPynlzfqL9-yvRjouuKGTKz6mH5wpvWfeJyWWlQsN0Qkwb_WXy6RkTxxYhSPRDmF1z8_lNgEKgOQJw8A_TNHUqyfIMLgFbNnCmiX43EpBv8C5pA,temporary_remote_not_displayed,#icon-1899-BDBDBD,الفنادق,unique,unique,recovered_parser_used,
150,منتجع وموتيل الأمان,منتجعوموتيلالامان,Point,21.894339,32.801784,21.894339,32.801784,0,valid,available,https://mymaps.usercontent.google.com/hostedimage/m/*/3AAjQbR5RKZi484DOpwWzhkY600EXkFsoL3m_nMo1sjZxYcryW7_0BKFYBJlWLEWUV9tORozn43joV_PCnanWdi6UE9yC0VHVlgJa8FMxnoA0eJuqKRcOZUx4R7X913oTyKw8Kl8OHEhfIryNvyqIcwaOjdBmVNSij02lS00jeJCqCPhlUlsmtmcE0ENM7CEFbNdLFFrjU1DuZPn5vQS9h8qxm1lRzAtU9HIHUxeUBVZasoekvFnZjwLHxrKLuYQ?authuser=2&fife=s16383,temporary_remote_not_displayed,#icon-1899-BDBDBD,الفنادق,unique,unique,recovered_parser_used,
151,بيوت شباب غدامس,بيوتشبابغدامس,Point,9.4980544,30.1205014,9.4980544,30.1205014,0,valid,available,https://lh3.googleusercontent.com/umsh/AN6v0v6K10aaEHKQQ5vXJAK6M6y4xHGSjGH4eEg-i9IIJQR7CHnja2gHx-xx7qPc3WCRvENpL888scbQFKiseHopoKhn3KvcPZ0dbzXlV62eIqTQ2wDvpb1oVzWNULd9VtP907mJrbHf95TCESG35ptTZjRAOXadR7RSGCXjQvWzjBLtqoZK2DDy2-fGU4WpLmEGGBq6xIJHuTpT0ERLTWJLQdkjh8-mUXe2E0oFWfNEAPGkwrpWwtjIe0feQhzz6HM6NHNerLKXYNfZRkBT4pL_B15Rl6JR20aCPN5jevZ1jYToo1SrG5lvbEqXiBX2B0y27sGTviE36CSosm4ozMsllk2Wnz12nycVsO-8zj0YTF0ABx1lf0CQto-6Xq65BSsSnr_RIc56BFViBXfoV_YXe-3bIIq3L3att4dyJU79w7VMOd3el0Ni0LPB9FWj7Far9fMeMpkXN6tq7M4XjFYBNzt55CE6lzMnTG8IMrPGJWC5tW7ca2SVx2NTaXO8qTw0FG2U3HQLm6P8gXwVXDEvHanB8Pdo5pzTddIWT73GBpjkU58Fyug268aUFdBewKuWPFFVedQuVMx1P1FG2zw_B2gWOL0uNFJhBE91fo-HCw556Zy2jhvgX4qzi--ZjpXyqXDF7S0BEHokexAP5MqsunSdT_xFrnJmNkVxmV5YTEmln4_CWpUN1B5UBqgOgdMxhFK7Z9X5oXxOpmZGsVAhfXdN_oDzkA,temporary_remote_not_displayed,#icon-1899-BDBDBD,الفنادق,unique,unique,recovered_parser_used,
152,نالوت غدامس فندق باب العز,نالوتغدامسفندقبابالعز,Point,10.9706174,31.8876627,10.9706174,31.8876627,0,valid,available,https://mymaps.usercontent.google.com/hostedimage/m/*/3AAjQbR5dn6jv6Za0-0WJ41Yq24FSFVuUa6Nx-7xn9rLNNkbtUbyQKp_dY_U_VOL2TBnrhugWJlayruXh1G8kY5cx78tKugSuis8-sb0RHy_o07gTucktFR47gGO77oYktaUeiQjnrIYxSvQahAuYyCpnI4311DF895HNz7PZ5v7DB_LfnUUC8S3ljYNBw3X3f7s9Ct8o3lOIbtAiVFTjHLIzsv0AGOIcq_82LmBq_pJ0mQIX_JpPCeEMsyi2HYc?authuser=2&fife=s16383,temporary_remote_not_displayed,#icon-1899-BDBDBD,الفنادق,unique,unique,recovered_parser_used,
153,فندق أبراج الوسطى,فندقابراجالوسطي,Point,16.5549527,31.204718,16.5549527,31.204718,0,valid,available,https://lh3.googleusercontent.com/umsh/AN6v0v5Jqnj9JllemLODXAPbtws2G3hLzuIjBXz7ioQOmozsNDA4IgNTzfOLGrJrqnFgx86GLPevLqygOw4Py4Tpw0hGhH6mN4OOiwRIWSiMTGKEdTrcmSnc7eCoXeHYQNfFwDYA9mTzNnzX6BETKFr32Bfj7_IOu09SytgE7ukHDv-hqfBNMsQlcOTYl-aU4PksquRrcEFuutpWGsN8wLJbdYg9KeMYnffyy9iq_-NcX-dXEfPy2_p6nuYCOlpOWQPUlOoHoQyyaMSN9w7v0t8xAnQS1LNIMnIs8sHw2Bogm2zaDR3xipWXkRqG5PzA18zzAbLIccJnLT9wwfaWlk977FOqSDyVmVPpDADvDl5yt9xuVCZNe52DgOpYgDrYa0HiqVC0Z2WQE4y60cst6mcMInx-m4_TMbK685UvjfJaUVEqJzOZ4-A0igTo6fQzXYzbwfmkLRdlotmWM9eAb36oaBbahk9piIp93cohn2T9lKs02tRMQgc_ZVyYhRmco2RHaMShI-JeVNO2F7yfbh3iDOPeAac8i7VsUAQZkuchPALq9NtWYMwsIcu_Hk6hMd1NIKi8r3I310jAf7zoZRjJnTTlkUIhRTPslAJLLjHLHfu3QUoMUgjdJa6DyDF3q7XS6mFhWCK2KK37dfiC9SAdbPCxGYx5G_G2IoAKT3klF5HB2bPOj5bSNf9zjgDY7wUDSrc4KI9qp5S-jP8gy03W_GFDQwermQ,temporary_remote_not_displayed,#icon-1899-BDBDBD,الفنادق,unique,unique,recovered_parser_used,
154,فندق طيبة,فندقطيبه,Point,14.421323,27.053601,14.421323,27.053601,0,valid,available,https://lh3.googleusercontent.com/umsh/AN6v0v6XJtvYMFy1C_xQX4-UO5LWquVHR4quuI20GVY67Kq-4uqYW7_UIAlZxLjB457QfNW08o6FB2deZrwMHSepluJK9ojHkvt2jCOMQ86woDqWAc8fywA34-2a8Cub47lS1iIVaJ2OgqpUM11Xgdbvt343KgOmv-qRDWB23PoqAoQARbkea8Zp-VHweoVDEv8azPH_srrKcZDNyadcxUXReakhuJnuPHzq5DHzuqSfIkSJR81Z_PnAv__APMsh1HpNa5m-0YvWL6INLGMDG95ohRuF-mRYKYo3tBTpfX14Pq4XgXlPFqyhsOvD1lSBps65C3svcSNPI0viATOAfWhv_7HxbV6cgz9-sfhbFqHeEFveuM3FnBVQD5Aa5pyA7bewsGxDi1bJN5LOcxAGe_qlWVRP81LqSTZPuly_ervAqpqplYKtHCj9qsdkbA0_TWb3y8JyyViLvyERRmvpjKwBoCAbhRtSA9yiAh6PZ3tXBX13pKs1zBnEHnd5sio8Q3GnIN-0vRh1zRMcByMRZv5czmGLC9nzc_UVdA3QEqyfo3LWjynZPXpOpX9a29lA2u_MlnQ0w5vtxWTbYSpwqHSHx4YfgwMrIkwE8EPRxI10EDDIRk1dZne-bQxpXl3fPjMDp-6mbsJRKMgDN48UlJUwj3WgTW7c1tR0oxgNobeGSNuvCyK_HZWO0SQUnHkhur5klUItLyxVM4ftDVNxWFqZ8VCMjT9sqw,temporary_remote_not_displayed,#icon-1899-BDBDBD,الفنادق,duplicate_name,unique,recovered_parser_used,
155,فندق قصر الفيروز,فندققصرالفيروز,Point,13.192323,32.849774,13.192323,32.849774,0,valid,available,https://mymaps.usercontent.google.com/hostedimage/m/*/3AAjQbR6SBejqR1fHwFRAd39ia6-1MBBxURD6CWA7k1rRBejHho6qX0zoCOti7M0fLrnpCPtuMPnobmvDsBknLw1d54oIPs5aULNUp55kbg9gL8OsWnhSftXHpvDNVUv0pEizSKVVrpfPJhxt71AVR2sJbco3Z4gYj5LlvuCvYNU3oiktDwFXxBmE-8ULZbPA1tepb1T5hBHBm2pbGnlCctks-6kcuuiWjSG_HgKIjx0_VMWQom6bYEJ52lcWTAg?authuser=2&fife=s16383,temporary_remote_not_displayed,#icon-1899-BDBDBD,الفنادق,duplicate_name,unique,recovered_parser_used,
157,فندق ابونواس,فندقابونواس,Point,13.0914425,32.86352,13.0914425,32.86352,0,valid,available,,no_image,#icon-1899-BDBDBD,الفنادق,unique,unique,recovered_parser_used,
158,فندق احواص,فندقاحواص,Point,13.1790752,32.8954197,13.1790752,32.8954197,0,valid,available,,no_image,#icon-1899-BDBDBD,الفنادق,unique,unique,recovered_parser_used,
159,فندق الانوار,فندقالانوار,Point,12.7337333,32.748233,12.7337333,32.748233,0,valid,available,https://mymaps.usercontent.google.com/hostedimage/m/*/3AAjQbR5q60kOoX9rrOdN1CaLI03_o3gToe36pWekIcNylKFESkGQDohCvOJCczeapcwEoVG8j-15UfB1LEMar6zyKcxgdw-WPPNSf7fhn9lAjiq1yAmtTDqzHcHF8Fl6miSJCixxWxP4YqTOBqsEnAGrPQifmknP8LyB70qftY9TEGHCnr64_0zTvtauwiBwODtgiRdF5ekBoyPQ3_gw341sEn5XlfIJkUFWWiccKWqpCLmIf9QA95_5qvBdtRw?authuser=2&fife=s16383,temporary_remote_not_displayed,#icon-1899-BDBDBD,الفنادق,unique,unique,recovered_parser_used,
160,فندق الأخوة,فندقالاخوه,Point,13.1740605,32.8916446,13.1740605,32.8916446,0,valid,available,https://mymaps.usercontent.google.com/hostedimage/m/*/3AAjQbR52MMYD3MM61bqPVdHLhJfHlEMb9AM68YhBqM7RDtcnv5h8M4UiZjKRCtdZ3MoUwCU8EYox9i3knkp5Q5tCHVaIbF2u0o9n8vd1n2fgwCKi_aYDYiXEzWsq2Xyf9UH1u2gy5sf3h8GB7HOjd5beFSWRcQk_k2C0cRQ_VPj2SiiU3-V0FAqdnwWlCeMwiJJv5liuCX5UA-dlG_q-iYwwgWn9piozgquEUs72Q77PZfQME5ZhmnndjK8t0rI?authuser=2&fife=s16383,temporary_remote_not_displayed,#icon-1899-BDBDBD,الفنادق,unique,unique,recovered_parser_used,
161,فندق الأصالة,فندقالاصاله,Point,13.1788459,32.8918811,13.1788459,32.8918811,0,valid,available,https://mymaps.usercontent.google.com/hostedimage/m/*/3AAjQbR7g16-JpGA0KwwRFQVywPgQoSwxtWWTWkDqCK9V0Ua-P7XICzkBddlqbwLW_SjdWASCgw4DF3Lx0MtSn1B-Ss9M2CLQpd3IYCzPMyMKxm6LeoMxomNYJ4gIt5Q3a_ky_90iA6TBzrLvkMbefnt-jmNJM8ACPgxgI-JoBAQXsl7cNUAng3NGidjNMKxJdKCq4hHsjTbMkLiyi4536MeIhDvZSlYoxLxYbAwnXBdElel98IEoF8CThJF_GZ8?authuser=2&fife=s16383,temporary_remote_not_displayed,#icon-1899-BDBDBD,الفنادق,unique,unique,recovered_parser_used,
162,فندق الأصيل,فندقالاصيل,Point,13.1860743,32.8819303,13.1860743,32.8819303,0,valid,available,https://mymaps.usercontent.google.com/hostedimage/m/*/3AAjQbR6-t_QQgAXzb4zXdaOfzangT_isfMv0S_QS5-B2tVpvyagSPJEWmqy1inpNjTJ5zOQJMiGu7LnZBZ8kdz7iCfvDgfkS7Qx4SnPeLerfQA2hqXAI7OOSRebEYvYomKX3MA2uPPmx4t8LVh3VnAUYkN3Iu5vUpx9MrG6iZVWtCs6ojrApxIzrgFBJbCDp8578rif4W1ukht6pLt_P02n5EyVPHUJYQQyxns6jmmzos1z9HcjnWQ18suuOSJM?authuser=2&fife=s16383,temporary_remote_not_displayed,#icon-1899-BDBDBD,الفنادق,unique,unique,recovered_parser_used,
163,فندق الأندلس,فندقالاندلس,Point,13.1726487,32.8920769,13.1726487,32.8920769,0,valid,available,https://mymaps.usercontent.google.com/hostedimage/m/*/3AAjQbR5Ph-iYfFK3JE-x4wcpt-cjKp4WGqGqcx9tXqZHWCmKF4mwUfZDYt71ikYsuNypPvo-kuhgOcO7H7Ny8HVrb1fo26hxNiYfQIj_w3Z1CY4NRsUF0w5ESsU4_TW7VWNWol0Z-KpGSPNX6xCwQ_m1X6GHACzOdZ2GdUlnOlByLoBU6q5P6bWxX0gW_Mq0Rund2XZrFSX-kUUmLdU1_ajIEIUcMjMpJarXdRp2OLoS103xyydDclnkN2C0Aok?authuser=2&fife=s16383,temporary_remote_not_displayed,#icon-1899-BDBDBD,الفنادق,unique,unique,recovered_parser_used,
164,فندق البركة,فندقالبركه,Point,15.0959067,32.3760478,15.0959067,32.3760478,0,valid,available,https://mymaps.usercontent.google.com/hostedimage/m/*/3AAjQbR5TdPqgi8q6KSUZHOBWGbKXtGr2h2YICXvDL_xcFoa-KcAciy7K9lnEKkdTgR6VDndprKW8QcugPDpF2HW-bboAs3ufBUxumiHS2BVCCdImf34bpl7M1wRnywY6OGdcjICsy1b7vI8rIqG4ts_C21Aww2aye0rZXajSz9SAJaOxHDswlY-7XgbzkEdCDi3eJg2ab5uzxBQ6O6saTVC5vFzDRcX69dh8eHPGpksQ3ukqcxTbNLvSn_ahJww?authuser=2&fife=s16383,temporary_remote_not_displayed,#icon-1899-BDBDBD,الفنادق,unique,unique,recovered_parser_used,
165,فندق البستان,فندقالبستان,Point,13.0783524,32.8023006,13.0783524,32.8023006,0,valid,available,https://mymaps.usercontent.google.com/hostedimage/m/*/3AAjQbR4q-C_VhbXyBkGlMWwtNESZ8W3G56ZMA_kKGTbQBaqxkUHbns07bFmCX8mwemT_UqUGUFZ32upBjovVhmbrMVe2t-WEs0nbnF3IlPIL-09BTkO6NRClsaOFW45sRalHxH0jUr1Ou5v2wlI978AyRdfzcXo15VWkm7pCbocIkD0lu22Uc7O2x8EkxtW9BvOrHNiFtLFsIvenV7KkFZ2TQ_yQgtISyN8SMEsSyNR4t1BgTtMRzc5ll_eA3n8?authuser=2&fife=s16383,temporary_remote_not_displayed,#icon-1899-BDBDBD,الفنادق,unique,unique,recovered_parser_used,
166,التاج للشقق الفندقية,التاجللشققالفندقيه,Point,15.0878259,32.3740071,15.0878259,32.3740071,0,valid,available,https://mymaps.usercontent.google.com/hostedimage/m/*/3AAjQbR7VQ2AiL14v8JeuE7O5l-x9cBNAVGlb3DXvDU8a-sk0njXpGC3nB7Q0PeExtZ373nMa1gkgT1hknYiXj3h2rtHfuqZtbndhSg3YXTZgrJ-k3oG0OpEf9in5DG4Krwst8ovUHQfDwTti_N3ozlkUa_l9H2N4uKZVkWEiomxpJ6VYVBDnCy_Rp0NlMxmCc5E_oqKvndGBpDZpUIEcKwSHz_sXTiJWEpDFyhU3DxQ5Yj-czk_80DkHxaoTrPo?authuser=2&fife=s16383,temporary_remote_not_displayed,#icon-1899-BDBDBD,الفنادق,unique,unique,recovered_parser_used,
167,فندق التاجوري,فندقالتاجوري,Point,13.1783129,32.8958455,13.1783129,32.8958455,0,valid,available,,no_image,#icon-1899-BDBDBD,الفنادق,unique,unique,recovered_parser_used,
168,فندق الجبل,فندقالجبل,Point,15.095,32.371113,15.095,32.371113,0,valid,available,,no_image,#icon-1899-F9A825,الفنادق,duplicate_name,duplicate_geometry,recovered_parser_used,
169,فندق جوهرة صبراتة السياحي,فندقجوهرهصبراتهالسياحي,Point,12.4775131,32.7947757,12.4775131,32.7947757,0,valid,available,https://mymaps.usercontent.google.com/hostedimage/m/*/3AAjQbR5edcHu3YKAFD_R3aIP0XYcO0CGTs-ZX-pc1-lnmN6Ch60EB739EZG9U8nXprvqS36PdwNS9QyEZRB2GMMoO3sfr9Rdg0JvzI48o3tSiz9XT50DIE1WCUpi3a9rp9MXtGrdA-rcH8s0cMQadeaHmwe8__-HEXDfCBg4z_dSCslA7F_KuCOkK0csuIx8RAWYErO1vawfE7yhf6se6ekffKwLPuC7Lfb9SvT0tQvq7eHtjleaLzH-gwduZuw?authuser=2&fife=s16383,temporary_remote_not_displayed,#icon-1899-BDBDBD,الفنادق,unique,unique,recovered_parser_used,
170,فندق الجوهرة الزاوية,فندقالجوهرهالزاويه,Point,12.726081,32.751953,12.726081,32.751953,0,valid,available,,no_image,#icon-1899-BDBDBD,الفنادق,unique,unique,recovered_parser_used,
171,فندق الحديقة,فندقالحديقه,Point,13.179292,32.891087,13.179292,32.891087,0,valid,available,,no_image,#icon-1899-006064,الفنادق,duplicate_name,duplicate_geometry,recovered_parser_used,
172,فندق الحمام السياحي,فندقالحمامالسياحي,Point,12.393222,32.734657,12.393222,32.734657,0,valid,available,,no_image,#icon-1899-0097A7,الفنادق,duplicate_name,duplicate_geometry,recovered_parser_used,
173,فندق الحياة,فندقالحياه,Point,13.176502,32.888706,13.176502,32.888706,0,valid,available,,no_image,#icon-1899-01579B,الفنادق,duplicate_name,duplicate_geometry,recovered_parser_used,
174,فندق الخان الطرابلسي,فندقالخانالطرابلسي,Point,13.176539,32.898502,13.176539,32.898502,0,valid,available,https://mymaps.usercontent.google.com/hostedimage/m/*/3AAjQbR7vAPCAG9mTpVgogpD7vo47hANckVxJeEZPfOAPYfFVfRUpu3jCzNqXbLzY8p8uSZhBVgz7BJ5YmZnTwY1TOil4H6ENqAK-T83YCNHNPnN32Lgfn_tpls4yc2RI_Tu02Wsw2UPrd613C5igNhB84YRhFGRYDPfDADlDj57osO1qRXj1lcnGwbQsoN9CBbiy_OK-J062bLHnOmA3IrSthrzYUXVjh6X1P2Zx25D1v5YQk2AyIVBMo417UX8?authuser=2&fife=s16383,temporary_remote_not_displayed,#icon-1899-BDBDBD,الفنادق,duplicate_name,duplicate_geometry,recovered_parser_used,
175,فندق الخليج,فندقالخليج,Point,13.1756918,32.8891584,13.1756918,32.8891584,0,valid,available,https://mymaps.usercontent.google.com/hostedimage/m/*/3AAjQbR7zBKscTgR5whupyduCMcGElNx59maiz0FATMn-TtmKm0w8lvObngofN-eHWti4Xsxe_IBwlbXjY-P0ccGiwBGzooagUnDvcwzkwq5B1Hkag6akVpJb5jZnGbcrW2fwzm2FEpn-5csVheHH_LeEaPj_chmkrUqhKqC6MEmLXuq23hy7NdRlDudFjJBUxSBReZg5Tdiz4Dc6CPIVi3d5kz_XhksXuQQGZrKwZ3a701o4kkyrRTVmGHLdAsM?authuser=2&fife=s16383,temporary_remote_not_displayed,#icon-1899-BDBDBD,الفنادق,duplicate_name,unique,recovered_parser_used,
176,فندق الخليل السياحي,فندقالخليلالسياحي,Point,12.485278,32.796391,12.485278,32.796391,0,valid,available,,no_image,#icon-1899-4E342E,الفنادق,duplicate_name,duplicate_geometry,recovered_parser_used,
177,فندق الدبلوماسي,فندقالدبلوماسي,Point,13.1736393,32.8891424,13.1736393,32.8891424,0,valid,available,https://mymaps.usercontent.google.com/hostedimage/m/*/3AAjQbR5a4NTqFNC4YUzwQ9JLdHNuNY_dd4YS7MW6GjP86aAygSuXPWLLuO_aIe1VonO0GkgvCD4MImBKHDecxCU9EHg9SiovpHIZZ5OgXOtKpxQlDD1evq-oMV82L5qKorhJFW994LC6t9W38kz5K1kaj2wIv5CxqTu1u1Y1af9PSTFPJtXdnKkhJyfs2iIh7RIHb9EfRS6kwzkytds2SX07dSjtbQ6aeFUaNfUCZrYTHaoTbEezW2k2xs9ZAng?authuser=2&fife=s16383,temporary_remote_not_displayed,#icon-1899-BDBDBD,الفنادق,unique,unique,recovered_parser_used,
178,فندق الدوحة,فندقالدوحه,Point,13.171915,32.892017,13.171915,32.892017,0,valid,available,,no_image,#icon-1899-880E4F,الفنادق,duplicate_name,duplicate_geometry,recovered_parser_used,
179,فندق الديار,فندقالديار,Point,13.1744904,32.8915652,13.1744904,32.8915652,0,valid,available,https://mymaps.usercontent.google.com/hostedimage/m/*/3AAjQbR7re8AJG6EnDFBbFmQ6kgVVBj5KXgeh4v4han2GX6T1NQRyqEmyVJA3gCNxYGEl6Fro-FJECaHK_ugQ27zinuM7A4aLi4Lkaz2V5e_0ttf6sG8esffVK0-HDyJFinVxWpjVafRpoeci8ZcuyfgDKqt_c7WWJaC9sb7yJp7HL6qTftbvNSdalHGPXNvT9GwSmvmuc4wAB9qLdJ3ZMjOLdrJXoIBI8xpKMczJghvH-LiQvvg9RVC4PNAqhWM?authuser=2&fife=s16383,temporary_remote_not_displayed,#icon-1899-BDBDBD,الفنادق,unique,unique,recovered_parser_used,
180,فندق الرابطة,فندقالرابطه,Point,13.0142817,32.1697271,13.0142817,32.1697271,0,valid,available,https://mymaps.usercontent.google.com/hostedimage/m/*/3AAjQbR4UmUuLAjhwOzh5b5fSX18bF6DJPlzNxMLEENmmPqD9mszbiQXYlppJp5cPT08dZ5YInkFTtq2HAuxIcgawmEgi-q7nQ3zgZyMCYS9vjNJVkc-44z89_aTx52gIiWWtowIRlY3kX3wSp7F7-apK71AyZg-oOMQ3fhlInNptd-s9rj6_IGwF57hOHjggw3BW6jZymCB_rs8WnZJ_TCxS3YhjPTmJhApriedx-F1ENFdoKE-mV36x1-fWecw?authuser=2&fife=s16383,temporary_remote_not_displayed,#icon-1899-BDBDBD,الفنادق,duplicate_name,unique,recovered_parser_used,
181,فندق الرفيع,فندقالرفيع,Point,13.1725882,32.8935211,13.1725882,32.8935211,0,valid,available,https://mymaps.usercontent.google.com/hostedimage/m/*/3AAjQbR75UYQOUjNb1SdGkg4ORKOupMaNV-Q3Mr5Ln1cCjRNJA-KtBGSZttClAvb46wWszeyXl7-cGC1BEacYNI29RSe-HQlGnvIuQ9Zp84a2gkG7XDaRAhSDr2yQx0IM22_-2JOPPb9oiPVTWkLaVq4Ha7gTPLP4aHrrgxHBnQFVjEhFJnr1ILL6rqUZ88vt6QEfH2fucY4QmGQY_OUk_a_gIQiaJQ0wsRfaQb24lp6HI3hRlGjA2eKIgKh8DrM?authuser=2&fife=s16383,temporary_remote_not_displayed,#icon-1899-BDBDBD,الفنادق,unique,unique,recovered_parser_used,
182,فندق الريان,فندقالريان,Point,13.172645,32.89056,13.172645,32.89056,0,valid,available,https://mymaps.usercontent.google.com/hostedimage/m/*/3AAjQbR6F0QoKUnbOHraxKSjZRzVHJyHoUDkLPnjgaBFb8Bc2_JfGQuDuQMeM-YCUC8ojouNA0rcUywqRoFH-AjEt6DWuVRnjl08QINsxv-uqTYiBZwcThIQGIRDM6XeI71G641e6HVbCbR6oRcdLJWlit3GNCdvdsqBUOVKPfyRedvEFBY255Wu2B_252g0Cy4QD5pHxgkXv3udjUmTFsl3qTU1HzwXPQqrB5a9eoxmiM7vRTVt2gnhzQDnAaUM?authuser=2&fife=s16383,temporary_remote_not_displayed,#icon-1899-BDBDBD,الفنادق,unique,unique,recovered_parser_used,
183,فندق الزهر,فندقالزهر,Point,13.179107,32.896046,13.179107,32.896046,0,valid,available,https://mymaps.usercontent.google.com/hostedimage/m/*/3AAjQbR5Yg7MlCWDsPIx3r13pQ2x1qso4w5rC7neToHu4bs8fYVs99DsN1_ckcczyoARRCOHbELZmIruM_1quNw5xJ8cyl2B2Ws_2sLfnocTtC0N-8ySjqkF9P0brmob3shx4vVjQfomCMnEnzLRsZWbx9SHG60JLgYBGeww83BNoJPMU6e1CoqbOkhAPvgWkWFee8QTmEVYviCvndYxlxIpHfavOIqX7LQCwH5Zlnrv2MJ_7v_Oyck5jlABv4jE?authuser=2&fife=s16383,temporary_remote_not_displayed,#icon-1899-A52714,الفنادق,duplicate_name,duplicate_geometry,recovered_parser_used,
184,فندق الزيتونة,فندقالزيتونه,Point,14.0148,31.756525,14.0148,31.756525,0,valid,available,,no_image,#icon-1899-3949AB,الفنادق,duplicate_name,duplicate_geometry,recovered_parser_used,
185,فندق السرايا,فندقالسرايا,Point,13.170639,32.888588,13.170639,32.888588,0,valid,available,https://mymaps.usercontent.google.com/hostedimage/m/*/3AAjQbR7bBCFW34oDmHA1WgY7NAQ9VWdLBiI3656nASM6TAjLSSKQNSRnFBeLCcQlu3EAVrM1LbO3wF2kvxv7wmeFbHyrdgiGEK1Gar_5tsaV3baEviqZp4HNfU6XWIAwwZQOcr5DP_JHWk4Z6LW8NS8d0QqsVMMEeiuU46TXr_nDNnkp4CnljsxAHKJxmAUcbdOEJOjH-ayT14HWNQtZx-433qU8QGEWQUS11EO2c3NStEtiY3RbHx4c3h7bHyo?authuser=2&fife=s16383,temporary_remote_not_displayed,#icon-1899-0288D1,الفنادق,duplicate_name,duplicate_geometry,recovered_parser_used,
186,فندق زوارة,فندقزواره,Point,12.098621,32.924809,12.098621,32.924809,0,valid,available,https://mymaps.usercontent.google.com/hostedimage/m/*/3AAjQbR6oHG8bVhXMmbdaFXp64ZJNZODjB7yAOdejfAQzCrM1QW_-pKNWCjS6Hlm-ZN9yt--6z5z_Rf7F-JafsusiLVHkkk5xNtuISVe_QYSUxr3KN-IdaH1yDxd3yXwz1FC8opMkAPgeFrNCvlY1bxFzzhm0E7iRbZB0Y4YkXWWR4tqie0iBWYAAOIIWchmydxURVrlXCh2wjrR9M2A0ASSqfhC3OVruB1g1X4iUj0OqGDwJBYOODY57_bb5N60?authuser=2&fife=s16383,temporary_remote_not_displayed,#icon-1899-BDBDBD,الفنادق,duplicate_name,duplicate_geometry,recovered_parser_used,
187,فندق السندباد,فندقالسندباد,Point,13.1626912,32.8859872,13.1626912,32.8859872,0,valid,available,https://mymaps.usercontent.google.com/hostedimage/m/*/3AAjQbR4EKbhI0X_1pj6qjNUgYIe5UAm4eyjeR1CyKpzXaOibvKlaedNp36Y_hsk65eoseGwlXEzuyJYYcUtA8_22ByN4EtDxlYuDukxkz0XUI4dUcyc1eJFL6ZA-fI2fGaslSo8BUvDBethnuytvH2fXS6BMuYt-kFwJDrMDcZHMrGE43VgUTTPHk1zxjTxDnC9yLB3yZa88HgVPTejGS37xeB78MQgf7EC6BW0DpAcGlv3jPpr_1JneIF-zNhw?authuser=2&fife=s16383,temporary_remote_not_displayed,#icon-1899-BDBDBD,الفنادق,unique,unique,recovered_parser_used,
188,فندق السهم,فندقالسهم,Point,13.17269,32.892365,13.17269,32.892365,0,valid,available,,no_image,#icon-1899-C2185B,الفنادق,duplicate_name,duplicate_geometry,recovered_parser_used,
189,فندق السياحي,فندقالسياحي,Point,13.174013,32.891529,13.174013,32.891529,0,valid,available,,no_image,#icon-1899-FFD600,الفنادق,duplicate_name,duplicate_geometry,recovered_parser_used,
190,فندق الشاطىء,فندقالشاطيء,Point,12.104337,32.930157,12.104337,32.930157,0,valid,available,https://mymaps.usercontent.google.com/hostedimage/m/*/3AAjQbR6J3E1YvcRsMByYs1r8lW49Y1ky5VAsFipc7FDA_R2rE5IZawv1duEk2cOcdeDCanZSoFR2DSN5_4DMdFCCzQJXWXAoT_4uwmIqDeThevJXgYsuCV9_Ltb8X8peqLP45A-1A9DwwTJpPGtVejjTzcvUE-f7mqiS57NjO5MC8eC7UIY7n690Dr8eqZizU971_5bec9xMHEqK2m8SU3DvkTNs28m-d5y7z1Rlvd34CZFq-vUYv7AK3a6KQFg?authuser=2&fife=s16383,temporary_remote_not_displayed,#icon-1899-BDBDBD,الفنادق,unique,unique,recovered_parser_used,
191,فندق الشجرة,فندقالشجره,Point,13.1950688,32.8935126,13.1950688,32.8935126,0,valid,available,https://mymaps.usercontent.google.com/hostedimage/m/*/3AAjQbR6QgJA_iBtahnGgNTg8gTFrp-rcqZdEMCL4GpwbywiULFo1h8GDlwbmkpSXZJFzAI8zmVgO4ZKMUyCLXsH1k6-9g5g4kt6xqMAgE-kqQ5iw14n5jWZ0-OW3nvvUstqf86q0tDkmiTrxr0Zl3XZPzXlTTru_uA7mKXB8PT6HkSSBmijcYCb12iHt7aUqyejUG_siJA8cSU6bG7okrNbAAjIySYjUveStMMGOjCTmEszx0LzZaZaEid1qEu0?authuser=2&fife=s16383,temporary_remote_not_displayed,#icon-1899-BDBDBD,الفنادق,unique,unique,recovered_parser_used,
192,فندق الشرق,فندقالشرق,Point,13.1760293,32.8873583,13.1760293,32.8873583,0,valid,available,,no_image,#icon-1899-BDBDBD,الفنادق,unique,unique,recovered_parser_used,
193,فندق الشمس,فندقالشمس,Point,13.1733207,32.8924857,13.1733207,32.8924857,0,valid,available,https://mymaps.usercontent.google.com/hostedimage/m/*/3AAjQbR7HmkTOdPFnEEGBOzwAjc_CNk96VZkIy_IIHRTipvD7Kgz9j9YzYTeKj3IN5zPO71MOcydVyWgbni9yT1HkJeFA89WpCv6n9Hjj1xvXPVSB_WcxhsE1y8NmFygoW1cVKfgMrxPyuRRXqqjd-XmZoWYzP_h2HFF_aYZUqwkjqBCxWUyxaoTa9I0YX1IIPMUl8Ck64L01I4o4Sg6ZxuwhvAht-cUKkUHf7PJPzjOJXmmMG_GaccQ8mQECqbw?authuser=2&fife=s16383,temporary_remote_not_displayed,#icon-1899-BDBDBD,الفنادق,unique,unique,recovered_parser_used,
194,فندق الصحراوي,فندقالصحراوي,Point,12.0825,32.933887,12.0825,32.933887,0,valid,available,,no_image,#icon-1899-FBC02D,الفنادق,duplicate_name,duplicate_geometry,recovered_parser_used,
195,فندق الصفوة,فندقالصفوه,Point,13.1882578,32.8902261,13.1882578,32.8902261,0,valid,available,https://mymaps.usercontent.google.com/hostedimage/m/*/3AAjQbR5sI9AOq6hgmxB70aceLHJXr5ITUBjpBxlt3xbXBahIiAFB5KMI6aSIGjNhXCQmUbAngAw1VX-_As8KuZtAewXjk9zUvUADgUdaYyUY-xaVjekvB-89nbj7q6nLTMf3AUx3RgrD0yD_RV7teqItYSHJb6zYQ4uuvdS42-HWXvDE1HHDxx_L8CstdNu9Cz8Wn7zWrwBeqH8oejRAyN2CNSTBrcD3CNbxN_RC4gsTPCU6awDD9VdLbAwvYuM?authuser=2&fife=s16383,temporary_remote_not_displayed,#icon-1899-BDBDBD,الفنادق,unique,unique,recovered_parser_used,
196,فندق الصناعية مصراتة,فندقالصناعيهمصراته,Point,15.090645,32.373493,15.090645,32.373493,0,valid,available,https://mymaps.usercontent.google.com/hostedimage/m/*/3AAjQbR4-IlG5qB7gN989DGT_XnIycIf27fsuCjRAfo-yZvNSxGOhVaAHh5kheFrTtt30_T0b-F-A2J5hs2UQmlvRsUfneC4oqREInRTMFRYDFvjrsWGhUYaGIgAfggGTbmWnmQxvrYnKC4hK2V-DJ5CZykRuZT9LjsEAYUdIO2QoQXNIzxzSh8tvtBZKXIPlvjB2xokkPv6lJ9nF7_pF2R2zwqi6v8iCb3I3OPcCl-RYNMZp6mYTZpt1UB2tdiY?authuser=2&fife=s16383,temporary_remote_not_displayed,#icon-1899-1A237E,الفنادق,duplicate_name,duplicate_geometry,recovered_parser_used,
197,فندق الصولجان,فندقالصولجان,Point,13.1629409,32.8857364,13.1629409,32.8857364,0,valid,available,https://mymaps.usercontent.google.com/hostedimage/m/*/3AAjQbR5D7-e-UJXEYvIOuGvrkkpTdtqqLbDvYvqbvbs314rpQI0kx8UmeeauU_n4utHfIuMzRMKn-DXlABQHIOWRfycPXe4ROXRn0-k4dEQY4wJUdtW7q9TDfJIol2a2JGPFbgbYf6uGwFmhuiUzkFZXrFe9mx-pSCOWmTHTQqTrku1LHz6oO_qsXZwLjrGBZilAXlB6YV9BXR5rpQKh_QT7CJiarauHbO1Wp7oD2m3Xb7dNzCsBz4fziGbxHJk?authuser=2&fife=s16383,temporary_remote_not_displayed,#icon-1899-BDBDBD,الفنادق,unique,unique,recovered_parser_used,
198,فندق الضيافة,فندقالضيافه,Point,13.1719276,32.8922674,13.1719276,32.8922674,0,valid,available,https://mymaps.usercontent.google.com/hostedimage/m/*/3AAjQbR4E64OmokPUezHBSODDys5NurBBaMbGT4GG76UZuPB-L9ArZXXYSyEpGMOAut9tYJesKtItqH5yGjSidyrJ_OLwpf-Q69-2IvbBmne5VEuys-AxMTA91CaRr-zqXFTPuo6JmKQlqY0qU7qu4mb1Txa8_7L7o4VSgVVlHSX8LJAbV8dblJ6wnaKBBYkU95TnX7ZrRuBPXXECdnlT0PvXRaTmggkE7L-kUoiv5ZAciFxlKtsTxPsUNnDfVKw?authuser=2&fife=s16383,temporary_remote_not_displayed,#icon-1899-BDBDBD,الفنادق,unique,unique,recovered_parser_used,
199,فندق العاصمة,فندقالعاصمه,Point,13.1741981,32.8896366,13.1741981,32.8896366,0,valid,available,https://mymaps.usercontent.google.com/hostedimage/m/*/3AAjQbR40k3klR-8gceT6f2q54E1teMMtuXjItSOKT8Ch7R1TifserUTiQ8kllAb5_MOkue7EfX3GwnTYUQiMAh_S8hE9-QCFNxV1jw8WRedpln2_rLv7YlLFT3t4E3AvG2ol_wBP3hpp3WvCe9QETS7I2BFOXw3RHgmtn7opC4CQQ-GSm1U9xxNceH9jMORMPZwgA4T18OzLO5cqCYxPI6pfRABOiVHgiunxsvhNR0KVgSNBtP7CzAy0TlPX8D4?authuser=2&fife=s16383,temporary_remote_not_displayed,#icon-1899-BDBDBD,الفنادق,unique,unique,recovered_parser_used,
200,فندق الغدامسية,فندقالغدامسيه,Point,13.178981,32.895485,13.178981,32.895485,0,valid,available,,no_image,#icon-1899-BDBDBD,الفنادق,unique,unique,recovered_parser_used,
201,فندق القرقني,فندقالقرقني,Point,13.1792077,32.8947514,13.1792077,32.8947514,0,valid,available,,no_image,#icon-1899-BDBDBD,الفنادق,unique,unique,recovered_parser_used,
202,فندق القوس,فندقالقوس,Point,13.1935389,32.8930785,13.1935389,32.8930785,0,valid,available,https://mymaps.usercontent.google.com/hostedimage/m/*/3AAjQbR7tVsk-pGRdDx2PWMDdkPkhqMbhGBmv2mXIG8mZHm1jVxqbmZ-H8_ug4C4azKwtijRRywYL5wHP0-RVf0zcfF6MFAIQwRobv_O_g-O5vT0tZ4RDW64_4XoR5BvoS7BJjZYq--2XQcPZCFh9DFg9DEVdtgDQ6EusKUs8414QygiiX7-4A9WQUKFL3g3IN0dGZ-uBziZufSk4a9Hr4J_TfC3VkQhIbQJFaUKrVOOPSuqgZWXmdaozNtJ71ac?authuser=2&fife=s16383,temporary_remote_not_displayed,#icon-1899-BDBDBD,الفنادق,unique,unique,recovered_parser_used,
203,فندق الكبير,فندقالكبير,Point,15.0953709,32.3738003,15.0953709,32.3738003,0,valid,available,https://mymaps.usercontent.google.com/hostedimage/m/*/3AAjQbR6aD1sh0H0twHEvBXDzyNfjZd0r_GqgpOxdOoIAdBD_ZMSFzvMderiOLynxZqBsaofDPQd5ppNpTAYJAP5X857t9IULEsrVhjbtORo0R174Qk10bc7Vg1JnJPcBmDg-HUtOWJ-RwMmkBrcDSomZOZn2DRsZfwA0jmEr1tpzPe2luhWcaVTD7U3M_qNNElcljXbElK7l2Uo2C_r4K3SIseI26m5cuOdemzXp0zRB3OnjOyu9WAGd_vXYTsU?authuser=2&fife=s16383,temporary_remote_not_displayed,#icon-1899-BDBDBD,الفنادق,unique,unique,recovered_parser_used,
204,فندق الكرومة,فندقالكرومه,Point,11.892359,31.864727,11.892359,31.864727,0,valid,available,,no_image,#icon-1899-E65100,الفنادق,duplicate_name,duplicate_geometry,recovered_parser_used,
205,فندق الماسة,فندقالماسه,Point,15.085841,32.3734736,15.085841,32.3734736,0,valid,available,https://mymaps.usercontent.google.com/hostedimage/m/*/3AAjQbR7pwBuEfVA4-XCOzpqTvcCk5MoZa6GrtoQgGUk6ncTPFd-Nvjlgm9-JbXx59SariJ6zIxztd7zKM30jJBjPiHECYvUYDLV9rmQ2s71PmtOi-xMdQCmxv2JTooBlYos0NfAvQ1KJBs99gZGBoIn-nUYoHI0iM07bYnKYR0SJJWJ6I-ZlUSd2jQOvvgiZm7kFG1G6Q1ouJk3_7jvRFEDeYUDNGRAB-dvolDis5IgNIqHm1jCIUGa5fgI3RtU?authuser=2&fife=s16383,temporary_remote_not_displayed,#icon-1899-BDBDBD,الفنادق,unique,unique,recovered_parser_used,
206,فندق المتوسط,فندقالمتوسط,Point,14.26402,32.652981,14.26402,32.652981,0,valid,available,https://mymaps.usercontent.google.com/hostedimage/m/*/3AAjQbR7SUYZLQu3tlWyagHHfhhIpCcHGHk6qz7pU6QzW2q4V35iOpiMZD55jMv6_AUM6KLk9VDxMTxS0AX6eSRhN7kscSXyEyQ-vLqpRJfdzTB4aRgZaJKcZs4_YGWV0ZrsHGMbmLwDn8UGQZHdXBqXx4b0RPSI1Vl6RX7XCFiaUOPS9TSBOKn1jDHpiS7wmN7XtNIC_BD_cQdJ9ohPPnvVv4mOI3rYgsc0m0oMR_raTNwz9elPqwtDqDcBD4N4?authuser=2&fife=s16383,temporary_remote_not_displayed,#icon-1899-BDBDBD,الفنادق,duplicate_name,duplicate_geometry,recovered_parser_used,
207,فندق المدينة,فندقالمدينه,Point,12.726944,32.753613,12.726944,32.753613,0,valid,available,,no_image,#icon-1899-FF5252,الفنادق,duplicate_name,duplicate_geometry,recovered_parser_used,
208,فندق المرقب,فندقالمرقب,Point,14.252599,32.642418,14.252599,32.642418,0,valid,available,https://mymaps.usercontent.google.com/hostedimage/m/*/3AAjQbR78SmUMhKP7at5OHRaCcT83P0Nzp-MYFiCwxKiZCn16RQ3WS9CJjos6qm7GPTqjFvJ0kV0eMVPFDKUNwzS0ptm6b1oMsGK8vlhffKeRJT4TEE7bmiAgf_jc_uEDIITZSXadzr26aroUoL7qFQMGXc9PyKDCZWoe808xw0W9k7QDxd_befGKdiXVCflCe-YwPy6-FSibHDtKc-jEMJNjHdytS_qUHYPzjDzLezTN9GIyMhh9wC5LHyOVvzY?authuser=2&fife=s16383,temporary_remote_not_displayed,#icon-1899-BDBDBD,الفنادق,duplicate_name,duplicate_geometry,recovered_parser_used,
209,فندق المشكاة,فندقالمشكاه,Point,13.179752,32.891571,13.179752,32.891571,0,valid,available,https://mymaps.usercontent.google.com/hostedimage/m/*/3AAjQbR6toPHlfZhjC4tspS3Jbmx3jRDTg4iZPNgOcsbLe3OOlt9TUeCGFhdOzvIYhyK1FaGiYCg1bNmeokCJzQajosVqeaeCISuy1xPp6-Amg2L1p6uAnAflx307VhXURjzbDg0_V8C3o2aOxr9KYonqOKjK0_EnUfikf7S4RKF14Jh5iJf_ev9H4cYi5FT0FbxMqm058cn7dfSIZSeH2iAvrn63A1eucGc-GUWGS3JYZCdwWygVD_a4DeLiCLU?authuser=2&fife=s16383,temporary_remote_not_displayed,#icon-1899-BDBDBD,الفنادق,duplicate_name,duplicate_geometry,recovered_parser_used,
210,فندق المنامة,فندقالمنامه,Point,13.1729932,32.8935411,13.1729932,32.8935411,0,valid,available,https://mymaps.usercontent.google.com/hostedimage/m/*/3AAjQbR59BkMeEFMwgBDSzi4v-6bkCD_1qtEq7PexKL89Kh-CpIx9iyPhIZcZeM8Vo0_qLgMHuEUo-vv4G1U1gbWSVTEe-9r38MAl1IG-tVd-ina1y7dmbgzY5txthhxgg2Vf6F_IGQIOZLlxTeCtGRn6jK9DSUlAbxH3zntLXrrsDrgDhnZeVcwqzvDzI7xAoisJjHOOdQTawxwe0fAKtnIPGJwDl3ZZIFaNPwpej6vkqXp1J8OjB5WmcaWB1_U?authuser=2&fife=s16383,temporary_remote_not_displayed,#icon-1899-BDBDBD,الفنادق,unique,unique,recovered_parser_used,
211,فندق النخلة,فندقالنخله,Point,13.196285,32.890724,13.196285,32.890724,0,valid,available,https://mymaps.usercontent.google.com/hostedimage/m/*/3AAjQbR4nWfV8ZM_s6If94hPzMlkwQdXgoq7L9miUoMx70KFYSAKP6waApWcc5GMH7MIsa4aO9wkbSGSzx4ds8AdEYeYnY-vVzQsJJ1zqFDMIHPSJ5vZoLrwVgI0diYOpCj8NGdDlA6MwekwT-a3owrcxQDkp-rPkPX0UsXVB6HvDzfiSUQubYwyp9wzQdeMlAAzTODVx_88fm9Gzqe1zeWKf0bG8mKFOlfjvC7bhElu2F_gD91jEqVts7BiO6HE?authuser=2&fife=s16383,temporary_remote_not_displayed,#icon-1899-BDBDBD,الفنادق,unique,duplicate_geometry,recovered_parser_used,
212,فندق النقازة الخمس,فندقالنقازهالخمس,Point,14.098898,32.694199,14.098898,32.694199,0,valid,available,https://mymaps.usercontent.google.com/hostedimage/m/*/3AAjQbR6WAip9DdSQfW6NAYhuSP2lS2RqseR-PwK7i9XNLklxjJdECbdrez_cnvG91E1b7AN7zFqLwdmVi2qGCYTllsFyPWXFSXl0e-f8NRo8Fbj_FdC9HalqjmAYVnIVH-PmYJAnB3o_O8jLk_6n1QecHy25yRnmsiq3kRB-jIrUAePZe3vxNNsYy7ft4FC3CM-RLZLFZyi3xeS-wK-RPWY77BAtd_1Y3EWc2aSvzpUATA-HxbkBRzXcaUxTRb4?authuser=2&fife=s16383,temporary_remote_not_displayed,#icon-1899-BDBDBD,الفنادق,unique,unique,recovered_parser_used,
213,فندق النهر,فندقالنهر,Point,13.1710949,32.8936604,13.1710949,32.8936604,0,valid,available,https://mymaps.usercontent.google.com/hostedimage/m/*/3AAjQbR4cEhReTsqPnVa-vxT_arqQAChvJ70zNZJ7dbzVDa790aT9zlFAkRkgA0muASmT9mQOYo1ktSSklOe01qONQE7mUENvRvA3P1Z9CLEQeM7asXql1fpbvfTtLYcNNV0LVRLR1xzLWgkSSXhAhridYLSuJ4jGDSq7oCQ0FgKACfpy4-wf7sUMGLzvCgq6e4teb2XLWhz_8zR8s5VW2Frw7awI3Dc77DNPRx8IPxgNT-axQwqIiqcPksV4dNo?authuser=2&fife=s16383,temporary_remote_not_displayed,#icon-1899-BDBDBD,الفنادق,unique,unique,recovered_parser_used,
214,فندق الهنشيري,فندقالهنشيري,Point,13.177876,32.897038,13.177876,32.897038,0,valid,available,,no_image,#icon-1899-0288D1,الفنادق,duplicate_name,duplicate_geometry,recovered_parser_used,
215,فندق الهيشة,فندقالهيشه,Point,15.258722,31.453671,15.258722,31.453671,0,valid,available,,no_image,#icon-1899-0288D1,الفنادق,duplicate_name,duplicate_geometry,recovered_parser_used,
216,فندق الواحات,فندقالواحات,Point,13.168939,32.887352,13.168939,32.887352,0,valid,available,https://mymaps.usercontent.google.com/hostedimage/m/*/3AAjQbR5mJ33b0suKU8P38dNpKmO5U7vaCdEc5t6eYZlSUHVtUBvJsUdzQlA1eAeqSDJkTY9BosDHbY7dSCl5-qV7JaQK2njLoZxvBEmBxIp_WDjppqJAVymC12mlALn5X_jq9gliFqC4j5MXzHMZ-ZpdxcIT85SJdHvaP_sEvlk4s5mx3XcPKd3lMmb4VE1_w-VFF938-IGEtD4aL-qYcrqNBrNs_-JHr53SLkoj3tNchYla2JZMT3PTkdvvIfk?authuser=2&fife=s16383,temporary_remote_not_displayed,#icon-1899-BDBDBD,الفنادق,duplicate_name,duplicate_geometry,recovered_parser_used,
217,فندق الياسمين,فندقالياسمين,Point,13.1842,32.887569,13.1842,32.887569,0,valid,available,https://mymaps.usercontent.google.com/hostedimage/m/*/3AAjQbR47cFuZJe71YbFJL3VsdFhA07FibJtbG85OQ0tw-q2kj94_oOCjiDTBBvM4ETnHVW3V-FLW1bGPMFx9FabZHgG7HkNfELIkQYqZ2M-QClUfXKTs5dJ8TDHlroHnuuFY5F1kwEy_BnnRkwdcjnxmqUeWvxY-4dEm1jCUqD0Z1LRidacTfjNU3r05iLFUTZwfTnGz8jzDOHUIz7cGZVW0reeZJWHUmWyRGl4aZeygvcHp49UuwD7sPi5zoMk?authuser=2&fife=s16383,temporary_remote_not_displayed,#icon-1899-BDBDBD,الفنادق,duplicate_name,duplicate_geometry,recovered_parser_used,
218,فندق أجنحة قرطاج,فندقاجنحهقرطاج,Point,13.177596,32.890884,13.177596,32.890884,0,valid,available,https://mymaps.usercontent.google.com/hostedimage/m/*/3AAjQbR5eD3Fzj1C7frqgPjPGHj8T60ozj2XM7lAb8QYEdQ8Dsoct2AASI5zNB3jXlSyy2LxaYkIY3YyIC45Aan0EGih3zTR3B_iSVBoBMMSS4k9tGEBeYEDqDBcr_hzuFscxvsB8wzxHL0ZwUSlgMoPyWvZEXAqVgETieaybCQL3guwV7m-Wq6H2borVAiTERNlDuyQZmaLCQMDy89G9Br3v_Yr3ZfhcXCOyxPCh-8i0xNw2CknrtHQm6tGFIro?authuser=2&fife=s16383,temporary_remote_not_displayed,#icon-1899-BDBDBD,الفنادق,duplicate_name,duplicate_geometry,recovered_parser_used,
219,فندق أفريقيا,فندقافريقيا,Point,15.092281,32.378033,15.092281,32.378033,0,valid,available,,no_image,#icon-1899-AFB42B,الفنادق,duplicate_name,unique,recovered_parser_used,
220,فندق أوال,فندقاوال,Point,13.172092,32.888885,13.172092,32.888885,0,valid,available,https://mymaps.usercontent.google.com/hostedimage/m/*/3AAjQbR6NeDY5Fsi8HKtFDs_4xse3I449rZh0AxU_e1oInYfcEn0MmdTSS4UNSrg-RGlZgWbH5TbUn5vShzVmzVkrU7vlU93D1ziQ-XojP5Dhv2C4BIChVMmgQB0SEiNdj8rxcK92iw37sDYMM79zotwqFSGOK23QrBEyul3XmkxmdEn5gLyO1Hog2bsvmFNgQBmoEc2QCsX7GxeKtbGCKfA9Ey8wqaK0InafQqjpb0VFdSAVuC5sFTESVwrkm3A?authuser=2&fife=s16383,temporary_remote_not_displayed,#icon-1899-BDBDBD,الفنادق,duplicate_name,unique,recovered_parser_used,
221,فندق باب البحر,فندقبابالبحر,Point,13.165054,32.894688,13.165054,32.894688,0,valid,available,https://mymaps.usercontent.google.com/hostedimage/m/*/3AAjQbR7jTNCAOxjjO7pBhaV_6Eow2e_mc5xE5DRIycWPacrmCx10U7MWhu-2dyYXYZbAcDaEdx4KCBQtJa6ptXFUnMoQSevYtacwgGjpP6e_Qw184krFQ82mSSqJTrDvMU8TCuiQLhq2BbOam9vgBS6JAoanei949Qxr7RonGlnVeIjO4310xWC9xwWRbbDn-6yMPBUAffFzPgI_3fS9ife3QZEp7Ill6V45rO25eIJ4xhGAvc_4wbJDGrSo21U?authuser=2&fife=s16383,temporary_remote_not_displayed,#icon-1899-BDBDBD,الفنادق,duplicate_name,duplicate_geometry,recovered_parser_used,
222,فندق بلازما,فندقبلازما,Point,13.163955,32.88559,13.163955,32.88559,0,valid,available,https://mymaps.usercontent.google.com/hostedimage/m/*/3AAjQbR4-ZEShfnkLVMT7Xpq5Ycav-YklDqcyxN6T18FY__mcBeu0wOKoEsk5yzbQiafcXt-JR3hS4FY6gSXy1lhhnPqQHsgDlHXsAuu8Xo8-kjp8jl7db3qiRXypcJZK99aoepomnBfmitRGYp86KRRflx-ClV853hoz4vs3R_L9S6GJoZSyuGBu4zwHH2TDBPOWQE_T6LIUknwGN4clx6KlOHy14P3O2Gbi065e3n2xvmeV_4PqUCC5L7sC7oo?authuser=2&fife=s16383,temporary_remote_not_displayed,#icon-1899-BDBDBD,الفنادق,duplicate_name,duplicate_geometry,recovered_parser_used,
223,فندق بن يدر,فندقبنيدر,Point,9.493617,30.130571,9.493617,30.130571,0,valid,available,https://mymaps.usercontent.google.com/hostedimage/m/*/3AAjQbR41HJbw-2QRD1iXW2zLk1g5iumR9LhaaD1Kg3wId2_JZDfwvv7Mvj0dKAhbsfCFY2qlxOw5LSj5He0q6Rs1LkBNRQhnsbcWVcNSwrouVHiB5DMf8XaF_vwxRHP1g2qx0J0GdAdz2q6zzZVNY7-OXurfPVEGaso_IA_GFDO3Xi4AczwQK5H8OW0SNidozMzdQoOUAu5u5SJ3UlqqvZei7GR6hufVvs6Z56SkoQobnax1bMOLmyp9xWGAwgE?authuser=2&fife=s16383,temporary_remote_not_displayed,#icon-1899-BDBDBD,الفنادق,duplicate_name,duplicate_geometry,recovered_parser_used,
224,فندق بنت السيد,فندقبنتالسيد,Point,13.175939,32.900146,13.175939,32.900146,0,valid,available,,no_image,#icon-1899-0288D1,الفنادق,duplicate_name,duplicate_geometry,recovered_parser_used,
225,فندق بودلغوسة,فندقبودلغوسه,Point,13.178583,32.894421,13.178583,32.894421,0,valid,available,,no_image,#icon-1899-BDBDBD,الفنادق,duplicate_name,duplicate_geometry,recovered_parser_used,
226,فندق بيت الأمان,فندقبيتالامان,Point,13.1922573,32.8904901,13.1922573,32.8904901,0,valid,available,https://mymaps.usercontent.google.com/hostedimage/m/*/3AAjQbR6Kh0ZEscE1IdhQr57qjgDpsG3LRG7Fv9ysSKUYH7rw3gQks_8pdc6Vv4_CxhZqO6Gi8-lVoVfSTY7klNyXU4lWh0xP7qWXQlS_VxWha97kpJcHCZ2GbR3m6f-6qPa5PlYRkSrjt6clqUo4hHXHjubKg9K3FxwawGL3pMPagAEyPna5sVwcnjq-V6_FE6TYj_zKd2LHj_fZxn9WBF69Mmc-mpqdGL3a6gEF7f3lYF2Ekp2_g4u14lbxyUo?authuser=2&fife=s16383,temporary_remote_not_displayed,#icon-1899-BDBDBD,الفنادق,unique,unique,recovered_parser_used,
227,فندق بيت الشرق,فندقبيتالشرق,Point,13.1723136,32.8923696,13.1723136,32.8923696,0,valid,available,,no_image,#icon-1899-BDBDBD,الفنادق,unique,unique,recovered_parser_used,
228,فندق تابكت,فندقتابكت,Point,15.084174,32.373779,15.084174,32.373779,0,valid,available,,no_image,#icon-1899-BDBDBD,الفنادق,duplicate_name,duplicate_geometry,recovered_parser_used,
229,فندق توباكتس,فندقتوباكتس,Point,13.16473,32.88607,13.16473,32.88607,0,valid,available,https://mymaps.usercontent.google.com/hostedimage/m/*/3AAjQbR6FlPDUqPNGnpTSqtpIOkaVmHI8PjVda59frCBMojWoXMW2V632KD5DA6dSAU8zkscHA7g11gQA1w3N4xYv5KEqRJsjmcrwCPVWh5jLrj49wxFUCJV-rLQ1cKvDa-uvP1FW-xy7_ZzBa1yJM07o67-NhII760IPy-zzwqFXHFOdYneT0CcHeqlwYoTZbl5gdOtOXXR_HGhh6RTNQwfKhCbX1R38U48C-xjYvDOsBKm5ydRRUH8_5wzLT0I?authuser=2&fife=s16383,temporary_remote_not_displayed,#icon-1899-BDBDBD,الفنادق,duplicate_name,duplicate_geometry,recovered_parser_used,
230,فندق جي دبليو ماريوت,فندقجيدبليوماريوت,Point,13.164378,32.89019,13.164378,32.89019,0,valid,available,https://mymaps.usercontent.google.com/hostedimage/m/*/3AAjQbR57okGw6kG8IPTNfkm7OsbGbripkfIUrq6qXI-A4kMPWDXG_vs1j48PQxp7dRU-JpNOMV9JtpEn6-sFMjnmtpgSLn1JeNUYyHulIcDdNFlDpNjhHaWpoIGnjSOfRueghwZqoqZxwZpOtuBnr8uwHJ8y7Ykvcp2E0cFYpUcO8j35hkYW1n1x4ruzLyN5WrEbw_HqilzHkrFhmAIfvFn93gZ8vnHL2IZ1aAihBx-O_Z-jPqYcpgNR9DSDqVQ?authuser=2&fife=s16383,temporary_remote_not_displayed,#icon-1899-BDBDBD,الفنادق,duplicate_name,duplicate_geometry,recovered_parser_used,
231,فندق دار غدامس,فندقدارغدامس,Point,9.4908575,30.1142113,9.4908575,30.1142113,0,valid,available,https://mymaps.usercontent.google.com/hostedimage/m/*/3AAjQbR7chGRLyiabGA_SY-rJxc4FaOnNV6t5VIYbUKOZ9mkS4RYi8fNztRDylRuSaNtloycZp_fm5T4pyeHKucOUl9xXamZgMtXuRRTYkA08keX5uKJWaIV2LubPaL8IbvL4ruiPgAKuABL_zDT15Eo8lsqCjdbIP2ioATTTr8vN7AQHh8tbEzbvB5f7dPFyHnfNfau464hwQSL_0H5Ekh0DFoZBDIb499aQV8EFWJyCUNSYrEisCFuoHbMbFdw?authuser=2&fife=s16383,temporary_remote_not_displayed,#icon-1899-BDBDBD,الفنادق,unique,unique,recovered_parser_used,
232,فندق ديار الهناء,فندقديارالهناء,Point,15.0905614,32.3781743,15.0905614,32.3781743,0,valid,available,https://mymaps.usercontent.google.com/hostedimage/m/*/3AAjQbR57nW8EiObgyGilcsDe7_fCCosiZTM7ppI0SGt7yWr-b5SFkp3gsKdZ6tIiQxrCrQ5VP0P0LZXIcvrKOgb2CVq3O5ftvS_jZHsptWm5ZuRqmqyjSUM21ubaFznKUqGPWLi7mic1EsGTy49AaWYRQ9Dk52RMybbdZ9WVA0pg2RQ1pDE8eSU8ANPrHvd3RE0DaTT6JSRsKse6PIoiuzGfAFKS9Gv3c0bPgPY4KOayEolvyX3gHmdt8Gs6DSQ?authuser=2&fife=s16383,temporary_remote_not_displayed,#icon-1899-BDBDBD,الفنادق,duplicate_name,unique,recovered_parser_used,
233,فندق ليبوس,فندقليبوس,Point,13.206903,32.897114,13.206903,32.897114,0,valid,available,https://mymaps.usercontent.google.com/hostedimage/m/*/3AAjQbR6HYc-Yy3S0VBxEZThVbFKAc8rFOHntvcQSbu6sRzt-HJgSZ2FNt7Q0uu0LtRoYk5Mc9LHCawDuqHsmCtKLmcOjGTbPv7e6CQ5fmekBZ9KalpgqmqWEYC87hYAdHcOPkybAIipv41dngLmNf91nNGKKnt8OePRmtvKfQNQHVTn7iAZ5kJ1wo9rlL1UBO0IprZq69PmMgqzYqhz5eQIBzvef3w4XfkEgN2clZ33IyETAMETyhvEIpWV2sZk?authuser=2&fife=s16383,temporary_remote_not_displayed,#icon-1899-BDBDBD,الفنادق,unique,duplicate_geometry,recovered_parser_used,
234,فندق ريكسوس,فندقريكسوس,Point,13.193808,32.859509,13.193808,32.859509,0,valid,available,https://mymaps.usercontent.google.com/hostedimage/m/*/3AAjQbR5SD9CY0LBW6pvommh95oaLkNL4ormQ8cXWeRMGizUs4z-Rp6SIc5ZAqVyP7ccZIhc-WyXrPN3l3U9WWFCFmiS8ydKrC4xT56Kt7se6FRLmXbWcX1vd_D-WCjgFIySz2rp4xF2Zoq-agj6sNzyP2K53Qs5qfW9mcTW8mRoGO37eHLrWrngUDz3rBzd2aCRBOfinZPulGdBb8Zblyawln0mLSYRfjOwg_muSnt1G5-s596FKaqUYP5ucj1c?authuser=2&fife=s16383,temporary_remote_not_displayed,#icon-1899-BDBDBD,الفنادق,duplicate_name,duplicate_geometry,recovered_parser_used,
235,فندق زليتن,فندقزليتن,Point,14.559985,32.475266,14.559985,32.475266,0,valid,available,https://mymaps.usercontent.google.com/hostedimage/m/*/3AAjQbR5rqXUyJMzlfu3NQTqR1TLny_fjRwBGwcor4_8NJ6lWiwOFwmXznzuj3sOWAGnHu2zJImGY1zbicKRZXaY-PV5DEyO-W4QfWlbi8f_08hYynxdCgougva8G7M_lmXnmWCroTPAqDVI8ExFQ-hdhh4qF7UUCEhVY-3_NPCzFfpkw_7CXsQ2-KzIHKmSLTz0T1pX3NmsiWaPfCAvFstaxbenhvZIzeyV5yuQ5gO-MPmauwu2wRB5_JuBCsao?authuser=2&fife=s16383,temporary_remote_not_displayed,#icon-1899-BDBDBD,الفنادق,duplicate_name,duplicate_geometry,recovered_parser_used,
236,فندق زميت,فندقزميت,Point,13.175705,32.899632,13.175705,32.899632,0,valid,available,https://mymaps.usercontent.google.com/hostedimage/m/*/3AAjQbR7RS6jFBr3lDw-oL8hNN-nJPzPJFza1Bc0gbURC8vFYEaY_LQGF2frOvBQEhDlk213HkH8tozK1ClOpdOAytzNqPwWWsge6UccDOjtNtSQ_3SmYArC4EleKg5vlXp9uzjIehYZAIs6S7pnkvYooMefu3hftGeO2qZFAShMxj5WOg1BKCuK4pxJEM0bQwFFny_IUcdYf5mSt6FclfIFVPpeCFXoSH8_DvJ1CAvuHs3oJf3_9CDnJSBYVF68?authuser=2&fife=s16383,temporary_remote_not_displayed,#icon-1899-BDBDBD,الفنادق,duplicate_name,duplicate_geometry,recovered_parser_used,
237,فندق زهرة الخليج,فندقزهرهالخليج,Point,13.171682,32.893105,13.171682,32.893105,0,valid,available,,no_image,#icon-1899-BDBDBD,الفنادق,duplicate_name,duplicate_geometry,recovered_parser_used,
238,فندق زوارة,فندقزواره,Point,12.099145,32.92326,12.099145,32.92326,0,valid,available,https://mymaps.usercontent.google.com/hostedimage/m/*/3AAjQbR4ADMqD9m88pvkYB1SKHBLPGHlhMsUum9cbEmX3kmzHB49G4NvVqLSUkXAQiZh3dCz48BneUhIjrL7ZJBzgp_Dkc_jQo62TCvZqmvMqflEJn2ZEnzN1LwtxDAmq_6bT2nLcmjMSFfWdEp42J3SonmpDKJkjZikInGpVG-6EAKSytgBBmQksuL30vJtN_qpIB9-Mte_-h9rhUL0J-vehxVoh44lweQ9lwevqXzinWxhTfVe2G_i58HJS5JU?authuser=2&fife=s16383,temporary_remote_not_displayed,#icon-1899-BDBDBD,الفنادق,duplicate_name,duplicate_geometry,recovered_parser_used,
239,فندق سرايا الليبو,فندقسراياالليبو,Point,13.179074,32.893341,13.179074,32.893341,0,valid,available,,no_image,#icon-1899-BDBDBD,الفنادق,duplicate_name,duplicate_geometry,recovered_parser_used,
240,فندق سفاري,فندقسفاري,Point,15.1019467,32.3736977,15.1019467,32.3736977,0,valid,available,https://mymaps.usercontent.google.com/hostedimage/m/*/3AAjQbR61stkUyv8r9pllb0K6t5Qc1anK5Azn24qMynIKs9zoc2Se3LcevQ0gqO6dYefO0J5jVkEiBGvauz3NRS57vnONehBE66wf_cfq9Depw8sWKMaoDeyLvPkl-kHH8J5rxcxHUFc-aGBysKNqBRBtBxpVtwAVED5_ach8KfgglDXAxnj6UHaikexXUPV07SXDJIkjIrjCdj0_PA9k3TSlrM_VfEax3PR93uyw19PEB8CtpPBocUakiXLtow4?authuser=2&fife=s16383,temporary_remote_not_displayed,#icon-1899-BDBDBD,الفنادق,duplicate_name,unique,recovered_parser_used,
241,فندق سفاري 2,فندقسفاري2,Point,15.04225,32.351223,15.04225,32.351223,0,valid,available,https://mymaps.usercontent.google.com/hostedimage/m/*/3AAjQbR7ohF-YwrWui3HBpqFTDizdQgqRs4Q-Djt8nuk_X3XiCug2AUChFisGUaoy8GgG2bipw_7CRQiij9vteadeSV3bqTTQice727gAgkdi9QiSJSXVNfOyEzg8hZd_y_nPGVBuscSeYdZKHARAtV5ACdRAoCCdJOShAzr8sC07TFo9iyd7Z3ISWNLLvpKiL1BMrq95a2IcI01Vx0fy0ZbP7I_YmvEO_a9dfDblqaj7AB3aFtrMdmg6fy5uTjc?authuser=2&fife=s16383,temporary_remote_not_displayed,#icon-1899-BDBDBD,الفنادق,duplicate_name,duplicate_geometry,recovered_parser_used,
242,فندق سفيروس,فندقسفيروس,Point,14.250641,32.644596,14.250641,32.644596,0,valid,available,https://mymaps.usercontent.google.com/hostedimage/m/*/3AAjQbR6oSxxoKoiEsMjUyzT7RYWz0UXjZDu41Rv-sFdiTm7YBZWJKdxpV1dgEX9rTWOWoYy6T0OfnUUWsJUWQut6TKOSVmh78kRivxUvPRV55m3b68ccZ0ILxRcpQj_RMIPz6l45DbmlyB2cZW0S5L3EChDLgvSeyAteI2C86MzMd3R9mBMuUowb1FnYpTEa8noxgL0wB9q4KZzGJ7iD4TR9HFceujnxpOc1Q-3NZjTcGnzjktZl29YClBGb5iw?authuser=2&fife=s16383,temporary_remote_not_displayed,#icon-1899-BDBDBD,الفنادق,unique,duplicate_geometry,recovered_parser_used,
243,فندق شروق افريقيا,فندقشروقافريقيا,Point,13.182145,32.890488,13.182145,32.890488,0,valid,available,,no_image,#icon-1899-BDBDBD,الفنادق,duplicate_name,duplicate_geometry,recovered_parser_used,
244,فندق صحارى ليبيا,فندقصحاريليبيا,Point,13.162944,32.885353,13.162944,32.885353,0,valid,available,,no_image,#icon-1899-BDBDBD,الفنادق,duplicate_name,duplicate_geometry,recovered_parser_used,
245,فندق ضيافة ونيس,فندقضيافهونيس,Point,13.173898,32.674606,13.173898,32.674606,0,valid,available,https://mymaps.usercontent.google.com/hostedimage/m/*/3AAjQbR6SZSK4oWe8D784ZJw35Oe8oVHyMmv7eTwJlOwJLJ7DcFMJQy8_4cOTPN5dGtPwL4m0soAFkyuxljAC2ASBQ802DUaS2i2Vj7fRdWd99BoCQa07x9JEWNNEJwbvP5jP_JTb21lTwo89osoCmKaoet35FGeFnt6pQ6c7dQRA-sOTC6s0aboZZLRHNPcaFnUHDzujrkHtUJ_p3jwJWdeyNERcWP06msojvLv9bgqBYr7pW7N1B0Bu9p36m8o?authuser=2&fife=s16383,temporary_remote_not_displayed,#icon-1899-BDBDBD,الفنادق,duplicate_name,duplicate_geometry,recovered_parser_used,
246,فندق طرابلس الدولي,فندقطرابلسالدولي,Point,13.1751286,32.8899351,13.1751286,32.8899351,0,valid,available,https://mymaps.usercontent.google.com/hostedimage/m/*/3AAjQbR6VralTsuQBHIbp0W9AcNeZQKTVJEQAx64eL3Ep-xWNAIrGoAPqxeoR1awPjmTfMf_nP5R3OEgLahE0IzRpuMKa9SB7tAyg7aWD1yY6OdxIoG8gecKt16s7MRRlHpRYbhGpfY8VUvpNZJchInZTlxt1XJcekwQKzMJFJSwmL7JYN_-JDW6iynnc0SZLa44HG-93Oo6fTR2MIkDV0aOtnS2Swi24YXhIKp4xI74bF8eshfBOHXBCao8Kf8o?authuser=2&fife=s16383,temporary_remote_not_displayed,#icon-1899-BDBDBD,الفنادق,unique,unique,recovered_parser_used,
247,فندق طليطلة,فندقطليطله,Point,13.203761,32.892212,13.203761,32.892212,0,valid,available,https://mymaps.usercontent.google.com/hostedimage/m/*/3AAjQbR5cHnG1zexEwK_044IuRhRF4h7DIqEeh_DqFV2i5OfpR0HE53U-nXzNSdhNUZJrcH3YdjqJ6vXE9LwLjoUfAqDF06bofAAuAr2iN2_SjHYYBVgUjHOnebmUbx2lPmtKgsMMKEILaMbSnU0tAlWA6dSA7YQJRT0XyvTWs_hm-xNL0TLAp6Ws3eMrYy6doVtUfmVjWL52YQE3zrofZWe9LbSedn2FbCyFxHlafZ7rD2PjsHr7iGoWXImXoGc?authuser=2&fife=s16383,temporary_remote_not_displayed,#icon-1899-BDBDBD,الفنادق,duplicate_name,duplicate_geometry,recovered_parser_used,
248,فندق طيبة,فندقطيبه,Point,13.1718009,32.8919262,13.1718009,32.8919262,0,valid,available,https://mymaps.usercontent.google.com/hostedimage/m/*/3AAjQbR4BegEgHdfQDIOo4lLsBCX4In8JCj4Bv4nzgAi9Nox_lHeT7G1ew_xKH_fkf5L6-SyNjm2s_YhiEeN1QVvavnDXwCWWVB0MQ7bXCtbbvk7b95Q0asBJxnKlnTjZe-UQPTXAczelUPEbCL3HFUnq1IjuvXus8IiglvGVV7cgUAc_fPqKWWVqiRAHyCWL1s2jcrOCOX21Y-g8IupAPrXSB06KqkOGvLtwdKbiZziGp4SGV8ToIgqApVBu1rg?authuser=2&fife=s16383,temporary_remote_not_displayed,#icon-1899-BDBDBD,الفنادق,duplicate_name,unique,recovered_parser_used,
249,فندق عمير,فندقعمير,Point,13.1723443,32.8921759,13.1723443,32.8921759,0,valid,available,https://mymaps.usercontent.google.com/hostedimage/m/*/3AAjQbR4A2j7tTVafKFxbOUqCKmmF-Dopko7qfcsoXnPPde4H9cBPr_3IAJetolraiSBsTsgTyQHG5Isxe7Mv7AuYg5bjA46A2BmlMYZo47ALvDz5M1S7t2ERLzskuF4ijuBMvSXPL_Qxj-XBd5Jzq-yrj905I1scW5Z0m9I8MUPzbKijCAje6qJUXirA7P2Zpc7WXG2UKO-Wan7Ws2YLUYRAayoTqTRYN_SohtOZsB-wEhaP7eLlIDB8VJRaC3g?authuser=2&fife=s16383,temporary_remote_not_displayed,#icon-1899-BDBDBD,الفنادق,unique,unique,recovered_parser_used,
250,فندق عين الفرس,فندقعينالفرس,Point,9.4961384,30.1342023,9.4961384,30.1342023,0,valid,available,https://mymaps.usercontent.google.com/hostedimage/m/*/3AAjQbR4V1fq5TjVm1NkiEiw6pafEHpx0OUUJPtJwt1t8s6n_tFvCktxE-RdbSwsE8k0O8Lq2XdqfSKWYRWqrWrJVYL7H1yzDf-rZginlxdRwKxJrjrpu05ICP0X6v0Z2vL8XEgt2LbHHPyOP7jThrDxbUoMKNGBDCeZng_cWfzfXgmS7iH2t8vYr_MB4Ed1g0xijko_lPpKKpVHhpyHQ64rBLWxrKMe87vCrXQerfw-YtiXoPpHZMWLEgrvfm2I?authuser=2&fife=s16383,temporary_remote_not_displayed,#icon-1899-BDBDBD,الفنادق,unique,unique,recovered_parser_used,
251,فندق غابة الكشافة,فندقغابهالكشافه,Point,12.315046,31.951923,12.315046,31.951923,0,valid,available,,no_image,#icon-1899-BDBDBD,الفنادق,duplicate_name,duplicate_geometry,recovered_parser_used,
252,فندق غريان السياحي,فندقغريانالسياحي,Point,13.030462,32.172661,13.030462,32.172661,0,valid,available,https://mymaps.usercontent.google.com/hostedimage/m/*/3AAjQbR7BWtylsWps-UKI6VRUbBj4zqq5eQR-M3Sf21uCQwabPKwgAVN5BfrJqi_umVT1AHPgPQkxC9UEId3P3O_T9TqC0nnbkM-B5xNyxSpLp0i94zpX0RdZhvlnpwcwfrtIC14DhlUq5QRiqk8EqTDEPOz_cCGakERBCAGEtDnTSM4G9RnmuptG7OT-ag3l0immO5YR7VY9z1iSDmvSWbEZWc5ovssgREq_i56IsM_kvRzHD4H9Abs78U_FMQs?authuser=2&fife=s16383,temporary_remote_not_displayed,#icon-1899-BDBDBD,الفنادق,duplicate_name,duplicate_geometry,recovered_parser_used,
253,فندق قرطاج,فندققرطاج,Point,13.179976,32.889549,13.179976,32.889549,0,valid,available,https://mymaps.usercontent.google.com/hostedimage/m/*/3AAjQbR4BiPxN66cYo6GvI2UHxvB9LSjzosUMu0ZZ1pQhWMX2m-x0fSqtCALutJP80Lhrk4WVPeNXWYVJKuqclST_Rkfcnv2fyBAwEE5Z5k1YTQh7z3uBKTBn0HR7VQdxocXmgB73edhGYts1RTyuT_dd_bE7GRsLhNROe9JknUMjdOtCwIJget9Q2hY_t04buaPO9yk3lMfNei1suLvyxJ-UCFgXsngxyNQxVfafAFcWOIZ47rxk83lJcFRNL2I?authuser=2&fife=s16383,temporary_remote_not_displayed,#icon-1899-BDBDBD,الفنادق,duplicate_name,duplicate_geometry,recovered_parser_used,
254,فندق قصر الظهرة,فندققصرالظهره,Point,13.193874,32.888687,13.193874,32.888687,0,valid,available,https://mymaps.usercontent.google.com/hostedimage/m/*/3AAjQbR6Y5n7tU8Opf086c8PuHgNeN8qsQLfG6YDlYsCvnFKuWjZw4vQYdKH1huVwYJT-3cRFxTIYjOuOy4iCMASgtmLF58nA2tEWyDWtLJ9lYfTaZ02nyBi7eUubSpyqm0auanUTu6wg62Zby27vbfTmLEhbHSdJdVKdbrgDxznZisklxfPP_53o_x-DizvVPz22NYBFVcIBGemt5h1zkXvlXSymQAVd4Krd73sZ3j9ZhI2HT8_qtcuKR5BdmtQ?authuser=2&fife=s16383,temporary_remote_not_displayed,#icon-1899-BDBDBD,الفنادق,duplicate_name,duplicate_geometry,recovered_parser_used,
255,فندق قصر الفيروز,فندققصرالفيروز,Point,13.194599,32.853401,13.194599,32.853401,0,valid,available,https://mymaps.usercontent.google.com/hostedimage/m/*/3AAjQbR6vlzCKL-V2jmCPWy7lZwJJWg6NxwbHrbRzZ4jprduqFprtw_ffKKzVY-ilbvOQKBKz-U1HCzCuOKIWqhDqEDRRvKulHpojrjbby1JpdN2kPkSWrY3g_2MF_FkUPIRbiQKCf7hRAeOnwItF3J_d0VwXLeSvGN4CZUN1AVLMwixpyrsfPvX9abW1mStP9h_5PWXbJ7rSyKJ7KaiEI2Rl24mMMYH0igPBotJQ5tRnW4RXe5RDAflOSkLkKpU?authuser=2&fife=s16383,temporary_remote_not_displayed,#icon-1899-BDBDBD,الفنادق,duplicate_name,duplicate_geometry,recovered_parser_used,
256,فندق قمر صبراتة,فندققمرصبراته,Point,12.486354,32.792946,12.486354,32.792946,0,valid,available,https://mymaps.usercontent.google.com/hostedimage/m/*/3AAjQbR7m2VosYFWtANbb80ygydnOlxNi8NjF37za3F7tvEC8rWCtaWdCL-vrAgUyugIqHASnS3QGrtT1Vvied_53D7uUGwOPWVXnjOCLpKj33RuZHSgFjlo91kYtOJXYMdfMijxAXFUAlVMxplM_0cAZEn1wBkx1ZxIMIJCi_4UcuKUxPCbW_YUFLPIUmqadkHfywbpBDISDTd53TuJvzhaXZBNhDWJ2RBs2xLPCo8q0lxB6j2wvCL8Jf9meKdc?authuser=2&fife=s16383,temporary_remote_not_displayed,#icon-1899-BDBDBD,الفنادق,duplicate_name,duplicate_geometry,recovered_parser_used,
257,فندق كونتنتال,فندقكونتنتال,Point,13.176499,32.890827,13.176499,32.890827,0,valid,available,,no_image,#icon-1899-BDBDBD,الفنادق,duplicate_name,duplicate_geometry,recovered_parser_used,
258,فندق لبدة السياحي الخمس,فندقلبدهالسياحيالخمس,Point,14.2789568,32.6404567,14.2789568,32.6404567,0,valid,available,https://mymaps.usercontent.google.com/hostedimage/m/*/3AAjQbR5AHRdghqolJWLsJ71f33F_oA6v8yGLLld6v3EPAQR2W1mAiD_UJsVpzgAgfgXxvcTgIOQZ8Trg6pMARBkbAsxQNeosz38FjHGMVOJBGDTTqGFRtxDNrix73DlG3baOYbJnmB58eKbhVh1Q7UTX07_8ddHdAiNorx2xGFGCR6y-KultG1pCnSK1ptt93q8uPJRGMZMfmAdVxVRlGS8lx_Wuy7r1f14Gcnc12UX8vNZ33_jEibtQNiptsyU?authuser=2&fife=s16383,temporary_remote_not_displayed,#icon-1899-BDBDBD,الفنادق,unique,unique,recovered_parser_used,
259,فندق ليالي قرطاج,فندقلياليقرطاج,Point,13.175961,32.882137,13.175961,32.882137,0,valid,available,https://mymaps.usercontent.google.com/hostedimage/m/*/3AAjQbR70ClaWBJ2LQd0a1CtOdciePq-u8tQPVtxjuysI0Wk40F-B2sSTMqQHe25xwXITLVeo2Gu07kryMfa2P8jraTJ6VVg0TD76RYT9-xBv-LhnDXXmohReOIXpVS9BUHfBgDNiwmoxBH-swHM_dF8T-KfMQ-ZWbYaYRyuuQpb8cdZFtA3XkpuDpCc2Gd6iL2ZuUY5wiKhbPKb-vAWHGsb9sDynnATo9Gr4pB63H7o_kQaAG-zt2AbAV4du-kI?authuser=2&fife=s16383,temporary_remote_not_displayed,#icon-1899-BDBDBD,الفنادق,duplicate_name,duplicate_geometry,recovered_parser_used,
260,فندق ليبيا,فندقليبيا,Point,13.164703,32.887112,13.164703,32.887112,0,valid,available,https://mymaps.usercontent.google.com/hostedimage/m/*/3AAjQbR7LQgWvaZPBckYBS102Jdti9RTdX3kVE07_pOAHLhQMeZ48P-fWh7koe-ijmsSv1dU0gZm2sGr-iXegM_2V3BTapVqDNY4Ww3aFNQCLvV50DZNhPcqNLE8TVTTPHPGqsUqt5OnQzbuPZp8eyrZcqGHHUHjDIx3npW0cNPymVxwWRdUcxF1QYETcA083ZwniG2_RJ53BCr5Fr2mPTejBCr6jgtZtIzT7aApzyXCAojDWauWSROmAxtpBzsY?authuser=2&fife=s16383,temporary_remote_not_displayed,#icon-1899-BDBDBD,الفنادق,duplicate_name,duplicate_geometry,recovered_parser_used,
261,فندق مادي الحسان,فندقماديالحسان,Point,13.178001,32.89735,13.178001,32.89735,0,valid,available,https://mymaps.usercontent.google.com/hostedimage/m/*/3AAjQbR7ij7-eAADdRT3aW6cpJJroDIKr-LCb_4bGHzBdT9sgaHJX4vOcINogMy8Rm4c3o3mMPArQdveoyetE2BtHaFEvIdzeC-GnXjajFWbdl_-eH7s1EzHBCTnjKfUlwLuQTJEHMSMHhfRoub4YkdW6xleup5cjK1E_WkG3KJ7K_SNLrF49KMM5KH-QN6hTXX_MbOTZTVz2QE8fJrDmI8j0SJWIHk7TtUkMGn29IH7Acg7Uy9ebmFxJd6T4qq8?authuser=2&fife=s16383,temporary_remote_not_displayed,#icon-1899-BDBDBD,الفنادق,duplicate_name,duplicate_geometry,recovered_parser_used,
262,فندق نجوم غدامس,فندقنجومغدامس,Point,9.492831,30.130453,9.492831,30.130453,0,valid,available,https://mymaps.usercontent.google.com/hostedimage/m/*/3AAjQbR73746F9j7fwaRrb9auTndpYNBH3XM-psW2YECTFX6coTkoqNvGcUijvus6ibtMAvWiwcjo2JKEr7LRNjQcf8kNIS14Tar1uLT7CU9Nzkd9aCKA5cNqyS6kJXh_jS1kGZV_jmkq7rfHCD7kngiBCSO9L7NWW4WK9FrLdoxj7-QWerww9ZaG4UIQSHYnBM33PK0Rrjkr-Dy3u-JrEqGu9M2CaHpnY5aX_8rWVXysYdqhAPnObmoToZfVYug?authuser=2&fife=s16383,temporary_remote_not_displayed,#icon-1899-BDBDBD,الفنادق,duplicate_name,duplicate_geometry,recovered_parser_used,
263,فندق نور الثريا,فندقنورالثريا,Point,13.1723844,32.889447,13.1723844,32.889447,0,valid,available,https://mymaps.usercontent.google.com/hostedimage/m/*/3AAjQbR7m092egaDlYNjthcwZF_g8-YuEPzSfwAo9RFHZEuZnB-4ssNg1R7VG1YHvWeENs47LsjpDA6vbOoADs9RqZVLNe_9iTBHbZsEyI0HauabtsA9Cty_Jl8ZRUU_3hpciMOwOkgZsWNX_DNG-If-gpJhftKl3nHbQWrsp9pG8oDGFC8ikbMPhHjdQhQyYFUWlPRoEf464-lxCgAJnSYHP1agd-m61TShR_f_T2Y-LvVsDrFMVVx4-NR16_N4?authuser=2&fife=s16383,temporary_remote_not_displayed,#icon-1899-BDBDBD,الفنادق,unique,unique,recovered_parser_used,
264,فندق واستراحة جادو,فندقواستراحهجادو,Point,12.087632,31.939745,12.087632,31.939745,0,valid,available,,no_image,#icon-1899-BDBDBD,الفنادق,duplicate_name,duplicate_geometry,recovered_parser_used,
265,فندق ومطعم الامتياز,فندقومطعمالامتياز,Point,15.0992917,32.3543987,15.0992917,32.3543987,0,valid,available,https://mymaps.usercontent.google.com/hostedimage/m/*/3AAjQbR7whUtssjUmSotBRi4mGGQGpteftys8jCEDs_Kr1pqCDuZiRseULHYHT9v352W074MVwkd5YGoZo7CUdZj-9TOmijuP0KrP3ZbPdTbfGzVVJcaXXDPynMbjglNq_VonptAJfx1X0H1jCGouM02RT1mJ7qUhFBEygbxvyE5A4qYoasSysPDvsspzFSMwooztJIcILLo1Tm2ph7U5a8kCAdkWOS_1joHeNT9f6zQP9J17lpuo0muFDNwuX2w?authuser=2&fife=s16383,temporary_remote_not_displayed,#icon-1899-BDBDBD,الفنادق,unique,unique,recovered_parser_used,
266,فندق ومطعم النزهة,فندقومطعمالنزهه,Point,12.749993,32.757835,12.749993,32.757835,0,valid,available,,no_image,#icon-1899-BDBDBD,الفنادق,duplicate_name,duplicate_geometry,recovered_parser_used,
267,فندق يفرن,فندقيفرن,Point,12.518972,32.059994,12.518972,32.059994,0,valid,available,https://mymaps.usercontent.google.com/hostedimage/m/*/3AAjQbR5XyjWy9Junt5NKSbMiA_auBRnM1TzS0UjbXlPol_LfmiYMmavZSFb794L59072StCOv-66W_rpd1F0q_EXBR3GKBL43AvkShAX8hIYjLsenpMl5yqD0RFTnBDrdRJs_u3kkXOcoTUOJ2J-mVFLbvZlmb3RP_-tdo-5wGHY7sHcpQUn8nFP40otecFzL9YoeUmIDWT-NuAUha6bx6PldnFj1uHd4l9ySeQBTEv5n77PFDknX80lNslcznM?authuser=2&fife=s16383,temporary_remote_not_displayed,#icon-1899-BDBDBD,الفنادق,duplicate_name,duplicate_geometry,recovered_parser_used,
268,طرابلس للشقق الفندقية,طرابلسللشققالفندقيه,Point,13.203281,32.878799,13.203281,32.878799,0,valid,available,,no_image,#icon-1899-BDBDBD,الفنادق,duplicate_name,duplicate_geometry,recovered_parser_used,
269,نزل طرابلس الحديث,نزلطرابلسالحديث,Point,13.177862,32.898422,13.177862,32.898422,0,valid,available,,no_image,#icon-1899-BDBDBD,الفنادق,duplicate_name,duplicate_geometry,recovered_parser_used,
270,فندق الثريا السياحي,فندقالثرياالسياحي,Point,21.53529,29.039751,21.53529,29.039751,0,valid,available,https://mymaps.usercontent.google.com/hostedimage/m/*/3AAjQbR65fWMwxFW-76w-rgf2A6kzhrwBRKTRw71STJGyZN0TWpJFQ6XmPgCw3NcTbsZ5LlHqihPK2emRUFGk0t5uTuZg3ZUyjEwSb8Y6U-uHl1Jqli0r_4tSUBsN7pHtL7gQ5IDEbU-M5uegebBDdsW4B1r0gjQuOUV3IkrNI0gnMJP7s49kVlKXejQUNp3oAfkwmLvgdPM-FZEes2VdDk73tpaG5ZNHjunazAqR5oSpa7bSygU4hf-p-p_Qh4Y?authuser=2&fife=s16383,temporary_remote_not_displayed,#icon-1899-BDBDBD,الفنادق,unique,unique,recovered_parser_used,
271,فندق الأنيس,فندقالانيس,Point,20.058214,32.118919,20.058214,32.118919,0,valid,available,,no_image,#icon-1899-BDBDBD,الفنادق,unique,unique,recovered_parser_used,
272,فندق البتراء,فندقالبتراء,Point,13.1737584,32.8885353,13.1737584,32.8885353,0,valid,available,https://mymaps.usercontent.google.com/hostedimage/m/*/3AAjQbR5CGBGkHkJhMVSheHM5nB6CzdgFmzAN1joug4BFYvDBRmZpjNIWAciTrsmdPaPCChKXCb86rlwU2i97g755eaNjJ4FQ6acR4rpLt278xOegiitf0gt_8YuE3w64WdlKH-7L5iLbr8O_CNHSmDMEUh2FKDUh1tFaPVJ5sr-ih0h52WzaeBqBxgamhhp4cHchmmKSwHLuHENKPDkavyX-4lVSdRN2E-SuU7obUdeTpuZ4xqKxDvTAoL6_lhg?authuser=2&fife=s16383,temporary_remote_not_displayed,#icon-1899-BDBDBD,الفنادق,unique,unique,recovered_parser_used,
273,فندق البردي,فندقالبردي,Point,25.087399,31.753349,25.087399,31.753349,0,valid,available,https://mymaps.usercontent.google.com/hostedimage/m/*/3AAjQbR5dDdLONG7UhbNvzApbilPN3sgWJ-6S40MLRlx-Q5fQGr5Hl-UYYflLQvJSBle9HccEmmtgQNtg30da_Nt2mpvWY2iefMudT3wHF4VGcr-8oWdYojJ6ZP0DIXFpYopGTd9lWTNOT6HpQt2QuYhThjX8eKRS9_w9pcJ8ZFI823C6p3ZQVMeHGaPJPX_5tatDbgPIZXNp_8Mc490aIzLGWiDYfrbXNgLHkelnvTHgA4IqYRc5R19kkrjpDzQ?authuser=2&fife=s16383,temporary_remote_not_displayed,#icon-1899-BDBDBD,الفنادق,unique,unique,recovered_parser_used,
274,فندق التلال,فندقالتلال,Point,21.7161393,32.7598593,21.7161393,32.7598593,0,valid,available,https://mymaps.usercontent.google.com/hostedimage/m/*/3AAjQbR6kRjaq_kNNcAbYCHnbVC9QerLUnmhG0OSEh0ggFzkR7EApHEg6fXUrWrx26RRKR5gWFcFKgRnjFTI3lGWMNcCmv8Kk0OZCdikBZS_whBbBl-fMy641pzoWy64NC0PPTAgklClMkSCvG0QSQzqGR8xOI9nj7ukoHP_Qaf111tDeCAT9IINNKURna8MODlu1s4hGQHWeh_BwfhSXClX3R7aKuWXtDMwP3Pau99GuXUbRBweUG6N0_b4IVjY?authuser=2&fife=s16383,temporary_remote_not_displayed,#icon-1899-BDBDBD,الفنادق,unique,unique,recovered_parser_used,
275,فندق الجبل,فندقالجبل,Point,15.095,32.371113,15.095,32.371113,0,valid,available,,no_image,#icon-1899-F9A825,الفنادق,duplicate_name,duplicate_geometry,recovered_parser_used,
276,فندق الجبل الأخضر,فندقالجبلالاخضر,Point,22.640741,32.763145,22.640741,32.763145,0,valid,available,,no_image,#icon-1899-BDBDBD,الفنادق,duplicate_name,unique,recovered_parser_used,
277,فندق الجغبوب,فندقالجغبوب,Point,23.97657,32.080338,23.97657,32.080338,0,valid,available,https://mymaps.usercontent.google.com/hostedimage/m/*/3AAjQbR6S32K0FPsHUSCN-pooOoA84O7BM1a9aoCSuxVqJzEGsn7SjgyO3S07INtABYmrN2Hr1yvp2SMnikFNsCOQU_MH1tA4cBgU00PJexh5MlL8-Iv1rAiTprLNzJ0DX3XSyyPeqyChEQ6WC-CAMsXB0TzzYf82QW_COaXLW79UrRZ9_eNQcRtN54_BefNGAzegkAqehRq0tzfOO_HiB3Bm2WwEoOUNKYwvlLRKt1USvlIboA1ZTXVq55Kvzwk?authuser=2&fife=s16383,temporary_remote_not_displayed,#icon-1899-BDBDBD,الفنادق,unique,unique,recovered_parser_used,
278,فندق الجلاء,فندقالجلاء,Point,23.972946,32.080662,23.972946,32.080662,0,valid,available,https://mymaps.usercontent.google.com/hostedimage/m/*/3AAjQbR7bapkPxgGRyw_z-QgQJC65XEv_poSeSKkxY26uSv9iwdwX9gssEpTN1gI_xE0heft9IRwY2y5T6i3x3foCH0qYig89WBfKV999WAu1vm6f8cFqs8AThEhSgrTfgzLSzCCS1vLIwHcHyIKRVLmY360GlQDqt9KJQTKiZxA44egohhN6X5SiFcsOlU4EtDQLlMn6XpEhwn1bQH9PMmM96ynHy6HJbem0lU7A-wyIN6h2hCusJPmumwaGKYY?authuser=2&fife=s16383,temporary_remote_not_displayed,#icon-1899-BDBDBD,الفنادق,unique,unique,recovered_parser_used,
279,فندق الحديقة,فندقالحديقه,Point,13.179292,32.891087,13.179292,32.891087,0,valid,available,,no_image,#icon-1899-006064,الفنادق,duplicate_name,duplicate_geometry,recovered_parser_used,
280,فندق الحمام السياحي,فندقالحمامالسياحي,Point,12.393222,32.734657,12.393222,32.734657,0,valid,available,,no_image,#icon-1899-0097A7,الفنادق,duplicate_name,duplicate_geometry,recovered_parser_used,
281,فندق الحياة,فندقالحياه,Point,13.176502,32.888706,13.176502,32.888706,0,valid,available,,no_image,#icon-1899-01579B,الفنادق,duplicate_name,duplicate_geometry,recovered_parser_used,
282,فندق الخان الطرابلسي,فندقالخانالطرابلسي,Point,13.176539,32.898502,13.176539,32.898502,0,valid,available,https://mymaps.usercontent.google.com/hostedimage/m/*/3AAjQbR7b1IuxgY_uamN-1ccAC4AoYLtpgdKGkgY6zc7hSCJd8XxIB7tXDrgYr19th2DCgmTG0milhf44o0iu21lF7aTCcOwvyPgIRXOgXKU1f9ccnai8mYAcNykD13mX_OuRWDb5V_YIhpk_DEWV4xNDEi-BCorwdWVQWprjgggRyzTP3J_sRimRC81TR-TAr-PKVGlex7IOPKEOzx8D9EYD6l_ElZzrqcRg9nxmruZ1oVQZb5G-ousYKURD82Y?authuser=2&fife=s16383,temporary_remote_not_displayed,#icon-1899-BDBDBD,الفنادق,duplicate_name,duplicate_geometry,recovered_parser_used,
283,فندق الخليل السياحي,فندقالخليلالسياحي,Point,12.485278,32.796391,12.485278,32.796391,0,valid,available,,no_image,#icon-1899-4E342E,الفنادق,duplicate_name,duplicate_geometry,recovered_parser_used,
284,فندق الدوحة,فندقالدوحه,Point,13.171915,32.892017,13.171915,32.892017,0,valid,available,,no_image,#icon-1899-880E4F,الفنادق,duplicate_name,duplicate_geometry,recovered_parser_used,
285,فندق الرحاب,فندقالرحاب,Point,13.1732458,32.8932035,13.1732458,32.8932035,0,valid,available,https://mymaps.usercontent.google.com/hostedimage/m/*/3AAjQbR66ie6CN0FjcCL9iZlbzJkooYpTR8pJeEuMY4AFbJrFp0wRrrG9ukN5bKb0gDlfXLN3BkeoobnlKuAJz5Zf6LNoGmp4mXB4WgchBNKuBO3V4TkybZ6_7ivXA5oPtR7EKVsMJfeZsJ8Z9sy4GQ8POzR9BHLMVGt92S3L4xW8FVC052BqZXmeFyIQDOOTgvAxby5RIaioFM9LEcLJr0WmWAikUhGP-fo4YI9nPC2aPKURYk3i6XuXOCerAUw?authuser=2&fife=s16383,temporary_remote_not_displayed,#icon-1899-BDBDBD,الفنادق,unique,unique,recovered_parser_used,
286,فندق الزهر,فندقالزهر,Point,13.179107,32.896046,13.179107,32.896046,0,valid,available,https://mymaps.usercontent.google.com/hostedimage/m/*/3AAjQbR4mwmkiXV9vMyDpdpMI4TY07f5lsBUCEnggTVU5_sjlh0pYGkNE5ufbT5K0gZTCkBOvNrit_Eicnj28x3M6FLEcNKhepT-rsbYNM4GQLbaSU6_CYBMRIMO4IaSQ7PNi95g67mGQ-JGtea5OFFornoMZ5Fc6mrFebJWR3JppHaUigwU1Q5_VmKYLJR5R8kw1pQ8dDJ3_D39lN3R6pMgCerbgHci7cgjJ8OzgVzeaVmNPPlG9zDRTujUDVK4?authuser=2&fife=s16383,temporary_remote_not_displayed,#icon-1899-A52714,الفنادق,duplicate_name,duplicate_geometry,recovered_parser_used,
287,فندق الزيتونة,فندقالزيتونه,Point,14.0148,31.756525,14.0148,31.756525,0,valid,available,,no_image,#icon-1899-3949AB,الفنادق,duplicate_name,duplicate_geometry,recovered_parser_used,
288,فندق السرايا,فندقالسرايا,Point,13.170639,32.888588,13.170639,32.888588,0,valid,available,https://mymaps.usercontent.google.com/hostedimage/m/*/3AAjQbR5HtZEgwKlNCzZVZ_0ESa_WPrMKCAl3w7AzgvTL1CbvVPO5Yk7JniLBXvOwd7jtDDFbIFMEMU-ihnzvy3NHxFsLyh9JpxrEB5WpHOk-RiTZGPeb4WuVgb5W96k43a9w64JOjs0RlrnGsrLC_Co8Dzwr-rrQCUm10KZx_B52fyW8bPVbGgORPxxhy3O_Bk--w3NqyUGmL8sXXhP1lnalqv5KMtQzKy1gauzy5Vj0q0hWLRasSzKSnpf7MZE?authuser=2&fife=s16383,temporary_remote_not_displayed,#icon-1899-0288D1,الفنادق,duplicate_name,duplicate_geometry,recovered_parser_used,
289,فندق السلام,فندقالسلام,Point,12.098621,32.924809,12.098621,32.924809,0,valid,available,,no_image,#icon-1899-BDBDBD,الفنادق,unique,duplicate_geometry,recovered_parser_used,
290,فندق السهم,فندقالسهم,Point,13.17269,32.892365,13.17269,32.892365,0,valid,available,,no_image,#icon-1899-C2185B,الفنادق,duplicate_name,duplicate_geometry,recovered_parser_used,
291,فندق السياحي,فندقالسياحي,Point,13.174013,32.891529,13.174013,32.891529,0,valid,available,,no_image,#icon-1899-FFD600,الفنادق,duplicate_name,duplicate_geometry,recovered_parser_used,
292,فندق ابن الرومي,فندقابنالرومي,Point,13.1721514,32.8931095,13.1721514,32.8931095,0,valid,available,https://mymaps.usercontent.google.com/hostedimage/m/*/3AAjQbR58cPJSIERYHlmH8YvRj-RJiQvs_5WRysS8EG98Nnaxxl1N3fJLVXdhp_elE-V12ymwXmJ62cN9NUq4zMfw5rR-4LA4dW4ycykNTlEnsJ8l_gkPK3Ql5RNXRHZC_OffpJyExpidtjMAx8F4sUcN4kCJnrCj2vfUhDxt0_-eACv58b4zFH6Hv8dO6J5uu4ZcFhkib0m2knsu2v_vs22yK-yd8Z4zMZ65CrXdo-wFadvwbRRk6v-5tN4_zK0?authuser=2&fife=s16383,temporary_remote_not_displayed,#icon-1899-BDBDBD,الفنادق,unique,unique,recovered_parser_used,
293,فندق اجدابيا,فندقاجدابيا,Point,20.22291,30.7570668,20.22291,30.7570668,0,valid,available,,no_image,#icon-1899-BDBDBD,الفنادق,unique,unique,recovered_parser_used,
294,فندق الحياة,فندقالحياه,Point,15.0838204,32.3740231,15.0838204,32.3740231,0,valid,available,https://mymaps.usercontent.google.com/hostedimage/m/*/3AAjQbR4ZIMGDsqxp-mP5TMbAyV8yBqmJjQSxuhw7UpEkhaWfaUBMg5gYcVr_UGIyxImJNrdebXf_8vOoxe_woijY3U3Io9TE4z5_mXhhN5u4HiepcU4rDeWyo-3knkDBfwVQSxyM9mYoOrvSLUbxJ-w1fnnI1d2jESPrqI3jRT2CKFAblqSo9UplrLsQ4ttw2XpgR7LtbqquV9yO2Ub_0dIV8tM5w-cvpLvirkdDC2V310lNK0s44McxaTh1mPM?authuser=2&fife=s16383,temporary_remote_not_displayed,#icon-1899-BDBDBD,الفنادق,duplicate_name,unique,recovered_parser_used,
295,فندق الصحراوي,فندقالصحراوي,Point,12.0825,32.933887,12.0825,32.933887,0,valid,available,,no_image,#icon-1899-FBC02D,الفنادق,duplicate_name,duplicate_geometry,recovered_parser_used,
296,فندق الصناعية مصراتة,فندقالصناعيهمصراته,Point,15.090645,32.373493,15.090645,32.373493,0,valid,available,https://mymaps.usercontent.google.com/hostedimage/m/*/3AAjQbR5Q1w_n_8KvoEqDPaE5p1F_jpTkYoaGkC5yjBHilP_3uvtuv3PKyW_a0OQj1vA6W8LikMtBdZWyMwrzS-WdZ-f0mTWoXeHLSJsaQgrjP5l36u53FO5xQMLwdu0pMCs-uX4Ln7o5BSCQJcsENwgXwFy3GWfX5ZCzk0_txdgpDQGJse2Vi2e-XS76YrVzfRJ60psKxIPYH_RmrnrijzDGLkeKtqxSgyO0A2tSMB0067uGhOo1kMaZFGAULTY?authuser=2&fife=s16383,temporary_remote_not_displayed,#icon-1899-1A237E,الفنادق,duplicate_name,duplicate_geometry,recovered_parser_used,
297,فندق العوينات,فندقالعوينات,Point,10.566841,25.780432,10.566841,25.780432,0,valid,available,https://mymaps.usercontent.google.com/hostedimage/m/*/3AAjQbR4VQ9bFh1s2L9uvoMrICSFblJ8wPKLoOMvF5dGShbc3z-_DQaNdTOBwcDhXqEwATMRJW9PvGQCEgvLHDNbpZ1fJMa5YjpUoPx7AGamNMNyQ6V86tFk6M3T7Z2HxWvQHMUmLMMsQebeUBv8tgoDBRMYbpw-R8HsI5s8LF32d4H6B75plxT9L2KDnt-i56ZJlGdWDP-nPTu9CL0c_G1lI4zWEDHPfxEIzoTPbzCkccPYQWJPxYKCwhnWtdT4?authuser=2&fife=s16383,temporary_remote_not_displayed,#icon-1899-BDBDBD,الفنادق,unique,unique,recovered_parser_used,
298,فندق الفردوس,فندقالفردوس,Point,22.637859,32.767277,22.637859,32.767277,0,valid,available,,no_image,#icon-1899-BDBDBD,الفنادق,unique,unique,recovered_parser_used,
299,فندق الفضيل,فندقالفضيل,Point,20.049503,32.09071,20.049503,32.09071,0,valid,available,https://mymaps.usercontent.google.com/hostedimage/m/*/3AAjQbR43HgEjClnd6CooKYnHSxRAz1AgPy2vhm5dRYmn_ZwNqkiAaIxKT4MAt_K_7yfI-Y34otO-C78RKW8uat-eTvvQYiEDToUmcsZACW7-XJY2Pb7jtzatxHctnM95F3NkZ7fFTGv58GI2AtuMRxZhOyiruIgX2X8_ujyIwc-FytALahMj4z72DfAID9ZBplgYIvBMT9tLpmzCzOA7LW_PecK2o-5qC7GE3Q48bVCocrtMsjCnFFc-2oagRdA?authuser=2&fife=s16383,temporary_remote_not_displayed,#icon-1899-BDBDBD,الفنادق,unique,unique,recovered_parser_used,
300,فندق الفضيل رأس لانوف,فندقالفضيلراسلانوف,Point,18.420834,30.589722,18.420834,30.589722,0,valid,available,https://mymaps.usercontent.google.com/hostedimage/m/*/3AAjQbR7mb_MOydWu_tzi8JR3WXUbBHRJ4cxeZ1FTC5Ow4JhZNI7rrhahGTPn6aQeGGsIRCrw3hvKLok4ql9PdQCYBzKI3dQ6CTd01H0xVn3cjl6cCYSCMRkxIUYGU4p2zTfS1y-pucum4Y1pdNbvcJ8G-EFKRC_v_n4wf9lDcnaWYAgHmeTEXCiVV-ZfvQuxLGSGP45z01zSw50dh14Fd-IVqDs67m-DGN1Mf9sH5kWMyv7W0qWfTLFUxh12vVM?authuser=2&fife=s16383,temporary_remote_not_displayed,#icon-1899-BDBDBD,الفنادق,unique,unique,recovered_parser_used,
301,فندق الفلك,فندقالفلك,Point,23.976387,32.080894,23.976387,32.080894,0,valid,available,https://mymaps.usercontent.google.com/hostedimage/m/*/3AAjQbR5scI3D2-7uvltosA0CHFK-rUhGUraLwcEPqo5BXcZXgc8FhFqVhQ3caKVRPZ5vVsJwVlo18eNm3IOr9uI04a-R7FhqB96OO_5iYf7D2Cf3YIwnV8dVsEzlIv0GLpxcLesNCxYlDCR9QcUBxtdED2h3sbYu5eXeJLMwAJkUEQG-UTDLRvrLlKXBKYhNrM3OgGjhzMlE0DcK56_9IOk4wq4_uQRX8Gu_yi6RZvm5nt7493DBAs-jVjze8Gs?authuser=2&fife=s16383,temporary_remote_not_displayed,#icon-1899-BDBDBD,الفنادق,unique,unique,recovered_parser_used,
302,فندق القرضابية,فندقالقرضابيه,Point,16.622601,31.211296,16.622601,31.211296,0,valid,available,,no_image,#icon-1899-BDBDBD,الفنادق,unique,unique,recovered_parser_used,
303,فندق القلعة,فندقالقلعه,Point,14.432752,27.033804,14.432752,27.033804,0,valid,available,https://mymaps.usercontent.google.com/hostedimage/m/*/3AAjQbR6xDSYlxNf9zA9rr_n6XiNIjokn9bthyffXc32RpRNjSMDk95WTDI83BTpCJsj4tATni_XLDDfb_L3O-efKiAxNSaHxNgim54QGW8tRQqvyXKhXNK-whp7DhTFwFkUPyajvaT0WHHLFa4-nHA6FosrbNF4aKbHVO86wxFOi5nSfmoLyoTfeyNneX41PPdsz02-tR6TFUWH27dtqB3TocEndTXBN6kj_WrQWf2VQ-DObp9-WhWFU7i86kvE?authuser=2&fife=s16383,temporary_remote_not_displayed,#icon-1899-BDBDBD,الفنادق,unique,unique,recovered_parser_used,
304,فندق الكاظم,فندقالكاظم,Point,14.428192,27.037169,14.428192,27.037169,0,valid,available,https://mymaps.usercontent.google.com/hostedimage/m/*/3AAjQbR5EISuHZJGgZaYgDIJvhuOYgwRzGjs5jDz1q23Gl-xhfPBAROmdNmIt-ZrFJgQRne35EYgRpZXTnfM8_m_SIqILyj15nE1r8Z096e5xO7tMGxIz8uztXHlCZHZmQak3AWQNS6xu8NIptvqNvyRErbJkEMIDARVdsYWMABS6Ea2n-4PeAuSNRZ7gJMLOuaMJw-6yDr0gmNwRNuWgJIP6jqQUoBpBN0iFWi4c8g5L3ltzquto4WAUS9Cb0g0?authuser=2&fife=s16383,temporary_remote_not_displayed,#icon-1899-BDBDBD,الفنادق,unique,unique,recovered_parser_used,
305,فندق الكرومة,فندقالكرومه,Point,11.892359,31.864727,11.892359,31.864727,0,valid,available,,no_image,#icon-1899-E65100,الفنادق,duplicate_name,duplicate_geometry,recovered_parser_used,
306,فندق المبروك,فندقالمبروك,Point,13.1723998,32.8928497,13.1723998,32.8928497,0,valid,available,https://mymaps.usercontent.google.com/hostedimage/m/*/3AAjQbR5g-jE5MBUWpKYToJ3K7WmzpyiMYAdplkDRC3YWXqlwnDFzTiYFf0nn5T3-gI9Y2S94BwG3hBwer98fw_6W7T8NUMta8Jn1ZyVtCvRRrn8y7Ypl-cJ6gVHYuD0rg9bU12JbNjwHDHX4OQFQA9V9icAub3PYyuJEqOnlJOfTNtL49o9atq5S7GrtE778vfGqwC4_9taPu_HnL0cqkCWMx713g-enDqrljpeYtfEfROkcWY265AGX98VUa98?authuser=2&fife=s16383,temporary_remote_not_displayed,#icon-1899-BDBDBD,الفنادق,unique,unique,recovered_parser_used,
307,فندق المتوسط الخمس,فندقالمتوسطالخمس,Point,14.26402,32.652981,14.26402,32.652981,0,valid,available,https://mymaps.usercontent.google.com/hostedimage/m/*/3AAjQbR7NfbdGEeJHeIM9-0mEPERnBhpW1OiKHG334l-7vRajItaRDFMvczQZJGKk_BvKwinZ7uuqDAF1h-7aajHlltyzd_sugdW7Kcyh3lilez1UYtIx40xcRHXYRtmh2fO_r22lVeQm86wqJOYYhab6MOfJ_013U2EXiVpl2qmH6fKkzpqaMVv7Xf4zdWPS14w3QE_6eW0nFRtG6yjBZ81hm3pyxxxU5GkzX3FYtGqA-1Xore2KCBDFQJEffJs?authuser=2&fife=s16383,temporary_remote_not_displayed,#icon-1899-BDBDBD,الفنادق,unique,duplicate_geometry,recovered_parser_used,
308,فندق المدينة,فندقالمدينه,Point,21.785664,32.767067,21.785664,32.767067,0,valid,available,,no_image,#icon-1899-FF5252,الفنادق,duplicate_name,unique,recovered_parser_used,
309,فندق المدينة,فندقالمدينه,Point,16.588852,31.206654,16.588852,31.206654,0,valid,available,https://mymaps.usercontent.google.com/hostedimage/m/*/3AAjQbR7KwjjbUugyWv8q5jkiLeE-4TsMYWKVxndawnQhUZSrjkT9jGpSh7ZRul_DT8O5hWitfN2TtqGYyxkahm1EKquxZ_YgT2ZTucxynKwFINeXy_TE9NZ4TAqC5n62RjxP2F3hy9UGYuZYendmlo1J7-X65FTmIxQwOcEqwvMIuAf8YQNcMxdCqzEL8F-nEKelj1rU706ZF9AtJxnyYkf-8B7pR7LGxypns9V3EflJgjQjPwOWIy-AHWtkuwI?authuser=2&fife=s16383,temporary_remote_not_displayed,#icon-1899-BDBDBD,الفنادق,duplicate_name,unique,recovered_parser_used,
310,فندق المدينة,فندقالمدينه,Point,12.726944,32.753613,12.726944,32.753613,0,valid,available,,no_image,#icon-1899-FF5252,الفنادق,duplicate_name,duplicate_geometry,recovered_parser_used,
311,فندق المدينة,فندقالمدينه,Point,20.22394,30.757528,20.22394,30.757528,0,valid,available,,no_image,#icon-1899-BDBDBD,الفنادق,duplicate_name,unique,recovered_parser_used,
312,فندق المرج السياحي,فندقالمرجالسياحي,Point,20.836086,32.49588,20.836086,32.49588,0,valid,available,https://mymaps.usercontent.google.com/hostedimage/m/*/3AAjQbR57ySuMPQY6x66l71NJ5yfjhyavd3znEEbrAZtWZkDlF8SiFOWM94Z32sj_xuEoentLVVuK7baCgGo-ACSkULMwEuHTHfZfv9M8JSKa08kmwcDRg8MqgT00LaRPrvYdtrG7dRi7n7aPl-Wy6i8suEbqanBmuvTsDwDROG81cnfE5RDnTzZ4q7IHhYFDzTjJg7uJGjh9L0oZJgy3wJ8fkJ-Zwht7ltqWwiHQeIYvlJ3aT-dERbr-YWlSKxY?authuser=2&fife=s16383,temporary_remote_not_displayed,#icon-1899-BDBDBD,الفنادق,unique,unique,recovered_parser_used,
313,فندق المرقب,فندقالمرقب,Point,14.252599,32.642418,14.252599,32.642418,0,valid,available,,no_image,#icon-1899-BDBDBD,الفنادق,duplicate_name,duplicate_geometry,recovered_parser_used,
314,فندق المسيرة,فندقالمسيره,Point,23.968134,32.073318,23.968134,32.073318,0,valid,available,https://mymaps.usercontent.google.com/hostedimage/m/*/3AAjQbR49273PyVpaX7aNEC5iPlm92BUsGAWITDcF5StBmdJI7IU5vu0kNpfajpupqE8yyvE1J-pMdhEjUFaUsHXEqwzAZlv8_zSR9W5RsoUHXX9QA4IAMvWhjnqM3EidntBcCK2KuqwHMd19gUKHFKMIxTFC4Elys9IfSHbWEGBflGzGW57NUAbKrFBEsGAJ5OOxSUN_5KRUYpc7imlutKNpdV2ShGttXtRzEEyhCEyHJHdm0hzsBJbaVhEndl0?authuser=2&fife=s16383,temporary_remote_not_displayed,#icon-1899-BDBDBD,الفنادق,unique,unique,recovered_parser_used,
315,فندق المشكاة,فندقالمشكاه,Point,13.179752,32.891571,13.179752,32.891571,0,valid,available,https://mymaps.usercontent.google.com/hostedimage/m/*/3AAjQbR5f49R0pI66gAvaFZmthzwwhkCSpFNQMN__apxjOzy0n3t8kC6nJ4yZ8m_SILSryEYBrtmi5gzOa8qb1xvcEvw_FH2qtHuw7ct2ekYbpcY8z--4hwLd-1hqzC0ZolJmeC-n526Zz5yhOrCeMtqhz1EWMGDYWKNfPh95vyplzWPO6aE8ZmMgbKMk0OVnNZM4ZHphpQqFfulxQl3L3CmVfBuBwkkjp-RgxnpX6RIXxwbXgY3xYysqq7klMTk?authuser=2&fife=s16383,temporary_remote_not_displayed,#icon-1899-BDBDBD,الفنادق,duplicate_name,duplicate_geometry,recovered_parser_used,
316,فندق المغرب العربي,فندقالمغربالعربي,Point,12.456023,32.7966499,12.456023,32.7966499,0,valid,available,https://mymaps.usercontent.google.com/hostedimage/m/*/3AAjQbR5PMsg1zWVdNwtZYGzsPQwRdX5PxCvcrbVPHTrT_cKWqsItVuASQ5ls0eADNSW9UB_ifhCLtgwlr4YxsAmpAhn16wtwTEynV_QlyQRsIXSCNxPTsjp3v16AR_Kjbnh2tt9DxnQeZRRzzTCcai1C6MpdfqxH36P-HrLxWuftpk-vCmABUmadu2958d9KJcTjGH-VQtbBnFYUW-qmPNi2usdc8hYDuwWzQObqMiSe7pJSBUK837DqZU7zaps?authuser=2&fife=s16383,temporary_remote_not_displayed,#icon-1899-BDBDBD,الفنادق,unique,unique,recovered_parser_used,
317,فندق المنار,فندقالمنار,Point,13.1729455,32.891778,13.1729455,32.891778,0,valid,available,,no_image,#icon-1899-BDBDBD,الفنادق,unique,unique,recovered_parser_used,
318,فندق النادي الليبي,فندقالناديالليبي,Point,20.077461,32.136784,20.077461,32.136784,0,valid,available,,no_image,#icon-1899-BDBDBD,الفنادق,unique,unique,recovered_parser_used,
319,فندق النخلة السياحي,فندقالنخلهالسياحي,Point,13.196285,32.890724,13.196285,32.890724,0,valid,available,https://mymaps.usercontent.google.com/hostedimage/m/*/3AAjQbR5s_dK2qLm3akJZNv00zlMbS4S_ZYcmnt5toxIo4VuO3eeNQm0Nq6m6eIP-QvZqhcKKcr3fQCo7Cnx39ChtCV3fx1lTulqbCYxGgVy3rT3u_s2v7PlgEoV5E2GLD5R57ueuReCTXB06XiswDzz6wZhU2I5fxIM34xQ5mFlNnuf2jPaSAsY3832BRmv-GHdcQa3HKiQBi_w5h4xrSWLWvewIABUXP3BifUPi0vU94mmqeD6Qxl_xjjiEuo0?authuser=2&fife=s16383,temporary_remote_not_displayed,#icon-1899-BDBDBD,الفنادق,unique,duplicate_geometry,recovered_parser_used,
320,فندق النخيل - مغلق,فندقالنخيلمغلق,Point,15.938066,29.123215,15.938066,29.123215,0,valid,available,,no_image,#icon-1899-BDBDBD,الفنادق,unique,unique,recovered_parser_used,
321,فندق النوران,فندقالنوران,Point,20.075045,32.127663,20.075045,32.127663,0,valid,available,https://mymaps.usercontent.google.com/hostedimage/m/*/3AAjQbR5pd3JLj9Un24nh2QHQz9YVz7iMr9jjYmHKKXrIpCpqI7KtjaIj2RNW2zkBH55cv4dB78vX4czl0YKQMZh6QTol9yrh0ewIb8rUT-7qrF_GS1SIYV77Ga7-VhLJO1x15jxCdhMWuInIpyc0dLT4eX0lCPhoqmFUqRsM_SZUgaEeOsPh5PObypEIHGv0etWZ37SeeAI_2ivTfBcVNd5w2Bv-pjlUHegDkb0KdD1tq85xOKjq33kcb8_wMMA?authuser=2&fife=s16383,temporary_remote_not_displayed,#icon-1899-BDBDBD,الفنادق,unique,unique,recovered_parser_used,
322,فندق الهاروج,فندقالهاروج,Point,15.950174,29.130289,15.950174,29.130289,0,valid,available,,no_image,#icon-1899-BDBDBD,الفنادق,unique,unique,recovered_parser_used,
323,فندق الهاني/ نزل,فندقالهانينزل,Point,13.1722217,32.8923289,13.1722217,32.8923289,0,valid,available,,no_image,#icon-1899-BDBDBD,الفنادق,unique,unique,recovered_parser_used,
324,فندق الهناء,فندقالهناء,Point,13.175102,32.8919643,13.175102,32.8919643,0,valid,available,,no_image,#icon-1899-BDBDBD,الفنادق,unique,unique,recovered_parser_used,
325,فندق الهنشيري,فندقالهنشيري,Point,13.177876,32.897038,13.177876,32.897038,0,valid,available,,no_image,#icon-1899-0288D1,الفنادق,duplicate_name,duplicate_geometry,recovered_parser_used,
326,فندق الهيشة,فندقالهيشه,Point,15.258722,31.453671,15.258722,31.453671,0,valid,available,,no_image,#icon-1899-0288D1,الفنادق,duplicate_name,duplicate_geometry,recovered_parser_used,
327,فندق الواحات,فندقالواحات,Point,13.168939,32.887352,13.168939,32.887352,0,valid,available,,no_image,#icon-1899-BDBDBD,الفنادق,duplicate_name,duplicate_geometry,recovered_parser_used,
328,فندق الوادي,فندقالوادي,Point,13.1806374,32.888648,13.1806374,32.888648,0,valid,available,,no_image,#icon-1899-BDBDBD,الفنادق,unique,unique,recovered_parser_used,
329,فندق الياسمين,فندقالياسمين,Point,13.1842,32.887569,13.1842,32.887569,0,valid,available,,no_image,#icon-1899-BDBDBD,الفنادق,duplicate_name,duplicate_geometry,recovered_parser_used,
330,فندق الياقوتة,فندقالياقوته,Point,13.176236,32.8912782,13.176236,32.8912782,0,valid,available,,no_image,#icon-1899-BDBDBD,الفنادق,duplicate_name,unique,recovered_parser_used,
331,فندق الياقوتة,فندقالياقوته,Point,20.180843,32.249558,20.180843,32.249558,0,valid,available,,no_image,#icon-1899-BDBDBD,الفنادق,duplicate_name,unique,recovered_parser_used,
332,فندق اليقين,فندقاليقين,Point,13.1723093,32.8919209,13.1723093,32.8919209,0,valid,available,,no_image,#icon-1899-BDBDBD,الفنادق,unique,unique,recovered_parser_used,
333,فندق اليمامة,فندقاليمامه,Point,13.1743183,32.8923215,13.1743183,32.8923215,0,valid,available,https://mymaps.usercontent.google.com/hostedimage/m/*/3AAjQbR6yRgjpMQ2_Vsw20ALOIm8lU_1AA-M40iwngf72AADYDKQF5mpbBc_c2-i5sbFAjvR0uhJodunjpC-yrwmB4eW18ywXp8K1npE-7PIiXVYlu3UIv68-YwR-0XnpQnCBenRKA5RtvWy1WPoj_E2ACavqC2hgw-KgFeqWRNrturcYVDfkcK10LkbZUO2thEWHchf7FDTFGwOtXG74-b_l3ARQUwgQiX-HhZncum9oKRaSVKbPSUmDq98XMQ4?authuser=2&fife=s16383,temporary_remote_not_displayed,#icon-1899-BDBDBD,الفنادق,unique,unique,recovered_parser_used,
334,فندق اوزو,فندقاوزو,Point,20.058546,32.101406,20.058546,32.101406,0,valid,available,,no_image,#icon-1899-BDBDBD,الفنادق,unique,unique,recovered_parser_used,
335,فندق ايلاف,فندقايلاف,Point,22.643206,32.770733,22.643206,32.770733,0,valid,available,,no_image,#icon-1899-BDBDBD,الفنادق,unique,unique,recovered_parser_used,
336,فندق أبراج المدينة,فندقابراجالمدينه,Point,13.1730256,32.8898923,13.1730256,32.8898923,0,valid,available,,no_image,#icon-1899-BDBDBD,الفنادق,unique,unique,recovered_parser_used,
337,فندق أجنحة قرطاج,فندقاجنحهقرطاج,Point,13.177596,32.890884,13.177596,32.890884,0,valid,available,,no_image,#icon-1899-BDBDBD,الفنادق,duplicate_name,duplicate_geometry,recovered_parser_used,
338,فندق أفريقيا,فندقافريقيا,Point,14.438138,27.02809,14.438138,27.02809,0,valid,available,,no_image,#icon-1899-AFB42B,الفنادق,duplicate_name,unique,recovered_parser_used,
339,فندق أفريقيا,فندقافريقيا,Point,20.221619,30.758682,20.221619,30.758682,0,valid,available,https://mymaps.usercontent.google.com/hostedimage/m/*/3AAjQbR48AGX_9HyNl-uPkAzEvrMF3AEogegJZa4ZLbu2hvs9h1nE3fKag5QIsIsHWawIOF2t5goyIFMQUwxVqsonYOE_bmb2MxojIj2Kh_cURCubHqmGGIhtdUJ8j8utQ3miOS-wXqJwxIecleuBKvCtU_npY0W8_7gy1Woe0WTU5v8uyNgN2bga_BEIddT8Ok3lpvT7Wbl9aP80KK83AtfL81JNp3p0PTOHKoy4_uifk_OfpuD9vfuY2tDlDHk?authuser=2&fife=s16383,temporary_remote_not_displayed,#icon-1899-BDBDBD,الفنادق,duplicate_name,unique,recovered_parser_used,
340,فندق أكاكوس,فندقاكاكوس,Point,10.182599,24.958349,10.182599,24.958349,0,valid,available,,no_image,#icon-1899-BDBDBD,الفنادق,duplicate_name,unique,recovered_parser_used,
341,فندق أكاكوس,فندقاكاكوس,Point,13.1914822,32.8923315,13.1914822,32.8923315,0,valid,available,,no_image,#icon-1899-BDBDBD,الفنادق,duplicate_name,unique,recovered_parser_used,
342,فندق أمال ليبيا,فندقامالليبيا,Point,20.23069,30.780668,20.23069,30.780668,0,valid,available,https://mymaps.usercontent.google.com/hostedimage/m/*/3AAjQbR4dn56mkplyLourNBfQmNWDqrl5qqze0G4PzFbvHQuWWvplwaxT3rQ_WRicFo_GgVWSr5qMiRLQ-F-zsAY3eXGiF1Uf8hm7G5K1fnW3vgcdziBsjQZ7Q49NQVO-THsVTzV52CBL3P4mvgkmqUpUbURXC4GIm5_1kW_UiiDpiSfDYdP-3pZHnKQy6leRPpEvEkwZAWA_I_PS9Dio-QvRKDUNesgTIyHjmHhuwczSz1BcWVCn7V-vcFNnNS8?authuser=2&fife=s16383,temporary_remote_not_displayed,#icon-1899-BDBDBD,الفنادق,unique,unique,recovered_parser_used,
343,فندق أوال,فندقاوال,Point,13.172092,32.888886,13.172092,32.888886,0,valid,available,,no_image,#icon-1899-BDBDBD,الفنادق,duplicate_name,unique,recovered_parser_used,
344,فندق أوجلة السياحي,فندقاوجلهالسياحي,Point,21.292574,29.168243,21.292574,29.168243,0,valid,available,,no_image,#icon-1899-BDBDBD,الفنادق,unique,unique,recovered_parser_used,
345,فندق أويا,فندقاويا,Point,13.1772685,32.8892155,13.1772685,32.8892155,0,valid,available,,no_image,#icon-1899-BDBDBD,الفنادق,unique,unique,recovered_parser_used,
346,فندق باب البحر,فندقبابالبحر,Point,13.165054,32.894688,13.165054,32.894688,0,valid,available,,no_image,#icon-1899-BDBDBD,الفنادق,duplicate_name,duplicate_geometry,recovered_parser_used,
347,فندق براك,فندقبراك,Point,14.286153,27.53722,14.286153,27.53722,0,valid,available,,no_image,#icon-1899-BDBDBD,الفنادق,unique,unique,recovered_parser_used,
348,فندق برينيتشي,فندقبرينيتشي,Point,20.059597,32.113476,20.059597,32.113476,0,valid,available,,no_image,#icon-1899-BDBDBD,الفنادق,unique,unique,recovered_parser_used,
349,فندق بلازما,فندقبلازما,Point,13.163955,32.88559,13.163955,32.88559,0,valid,available,,no_image,#icon-1899-BDBDBD,الفنادق,duplicate_name,duplicate_geometry,recovered_parser_used,
350,فندق بن يدر,فندقبنيدر,Point,9.493617,30.130571,9.493617,30.130571,0,valid,available,,no_image,#icon-1899-BDBDBD,الفنادق,duplicate_name,duplicate_geometry,recovered_parser_used,
351,فندق بنت السيد,فندقبنتالسيد,Point,13.175939,32.900146,13.175939,32.900146,0,valid,available,,no_image,#icon-1899-0288D1,الفنادق,duplicate_name,duplicate_geometry,recovered_parser_used,
352,فندق بنغازي,فندقبنغازي,Point,20.076538,32.13039,20.076538,32.13039,0,valid,available,,no_image,#icon-1899-BDBDBD,الفنادق,unique,unique,recovered_parser_used,
353,فندق بودلغوسة,فندقبودلغوسه,Point,13.178583,32.894421,13.178583,32.894421,0,valid,available,,no_image,#icon-1899-BDBDBD,الفنادق,duplicate_name,duplicate_geometry,recovered_parser_used,
354,فندق تابكت,فندقتابكت,Point,15.084174,32.373779,15.084174,32.373779,0,valid,available,,no_image,#icon-1899-BDBDBD,الفنادق,duplicate_name,duplicate_geometry,recovered_parser_used,
355,فندق توباكتس,فندقتوباكتس,Point,13.16473,32.88607,13.16473,32.88607,0,valid,available,,no_image,#icon-1899-BDBDBD,الفنادق,duplicate_name,duplicate_geometry,recovered_parser_used,
356,فندق تيبستي,فندقتيبستي,Point,20.068462,32.11058,20.068462,32.11058,0,valid,available,,no_image,#icon-1899-BDBDBD,الفنادق,unique,unique,recovered_parser_used,
357,فندق جاكرتا,فندقجاكرتا,Point,13.1866518,32.8887047,13.1866518,32.8887047,0,valid,available,,no_image,#icon-1899-BDBDBD,الفنادق,unique,unique,recovered_parser_used,
358,فندق جالو السياحي,فندقجالوالسياحي,Point,21.545835,29.032753,21.545835,29.032753,0,valid,available,,no_image,#icon-1899-BDBDBD,الفنادق,unique,unique,recovered_parser_used,
359,فندق جرمة السياحي,فندقجرمهالسياحي,Point,13.068645,26.526762,13.068645,26.526762,0,valid,available,,no_image,#icon-1899-BDBDBD,الفنادق,unique,unique,recovered_parser_used,
360,فندق جليانة,فندقجليانه,Point,20.045986,32.084225,20.045986,32.084225,0,valid,available,,no_image,#icon-1899-BDBDBD,الفنادق,unique,unique,recovered_parser_used,
361,فندق جي دبليو ماريوت,فندقجيدبليوماريوت,Point,13.164378,32.89019,13.164378,32.89019,0,valid,available,,no_image,#icon-1899-BDBDBD,الفنادق,duplicate_name,duplicate_geometry,recovered_parser_used,
362,فندق دار جرمة,فندقدارجرمه,Point,13.06489,26.524315,13.06489,26.524315,0,valid,available,,no_image,#icon-1899-BDBDBD,الفنادق,unique,unique,recovered_parser_used,
363,فندق دبي,فندقدبي,Point,13.1738857,32.892092,13.1738857,32.892092,0,valid,available,https://mymaps.usercontent.google.com/hostedimage/m/*/3AAjQbR6wnWwUy7IX7-w2OZhUyySha1cYhcqffEodnX2qJvZTidBQzJeP7jWNzfUsyG0vdA3_dr7vXUxC7qcKsqzCXN1ouSPtgMlgn0kkTE60Gp2ewj366yQkzFsrDFxaOVhZZq9lHA6pi9smvj3jxzvS-IZkecHNmQ75x7TC48sZ-B-VGdB_7vX2ePuZYk3fLiZMXIPUfajZ8Nlx3E05smkv78IEjvPfkP3KmA4zSgN703oBBB_hBPvPoUHAE2U?authuser=2&fife=s16383,temporary_remote_not_displayed,#icon-1899-BDBDBD,الفنادق,unique,unique,recovered_parser_used,
364,فندق دوجال السياحي,فندقدوجالالسياحي,Point,20.06068,32.122803,20.06068,32.122803,0,valid,available,,no_image,#icon-1899-BDBDBD,الفنادق,unique,unique,recovered_parser_used,
365,فندق ديار الهناء,فندقديارالهناء,Point,15.0961666,32.3739393,15.0961666,32.3739393,0,valid,available,https://mymaps.usercontent.google.com/hostedimage/m/*/3AAjQbR4GLB85PIwAME5nOg1_FA4kY8V9z2rT4CN68euib9UYCHc-2oaN4DoZ5hYMhFK1BheW2MmUvGdNLvxHDV8-GTVxtNYSQe7W18v0YVqGtkH648mkCktaxIq12Z_iB8JkTzGFDDWa_oVH9ab--6qUY5fEGM4FQqEfzQxkmXflFF5003nSoe4rN4c1Ns0dyyB_1nFjBcxGQ-UDsWZAFnVyF5uqPUM0pJBUptTUGQe78In3wPZxi_InJkBB-cw?authuser=2&fife=s16383,temporary_remote_not_displayed,#icon-1899-BDBDBD,الفنادق,duplicate_name,unique,recovered_parser_used,
366,فندق رواسي,فندقرواسي,Point,15.915834,29.117167,15.915834,29.117167,0,valid,available,,no_image,#icon-1899-BDBDBD,الفنادق,unique,unique,recovered_parser_used,
367,فندق رويال,فندقرويال,Point,13.1852943,32.8882638,13.1852943,32.8882638,0,valid,available,,no_image,#icon-1899-BDBDBD,الفنادق,unique,unique,recovered_parser_used,
368,فندق ريباس,فندقريباس,Point,13.206903,32.897114,13.206903,32.897114,0,valid,available,,no_image,#icon-1899-BDBDBD,الفنادق,duplicate_name,duplicate_geometry,recovered_parser_used,
369,فندق ريكسوس,فندقريكسوس,Point,13.193808,32.859509,13.193808,32.859509,0,valid,available,,no_image,#icon-1899-BDBDBD,الفنادق,duplicate_name,duplicate_geometry,recovered_parser_used,
370,فندق زليتن,فندقزليتن,Point,14.559985,32.475266,14.559985,32.475266,0,valid,available,,no_image,#icon-1899-BDBDBD,الفنادق,duplicate_name,duplicate_geometry,recovered_parser_used,
371,فندق زميت,فندقزميت,Point,13.175705,32.899632,13.175705,32.899632,0,valid,available,,no_image,#icon-1899-BDBDBD,الفنادق,duplicate_name,duplicate_geometry,recovered_parser_used,
372,فندق زهرة البطنان,فندقزهرهالبطنان,Point,23.976208,32.083584,23.976208,32.083584,0,valid,available,,no_image,#icon-1899-BDBDBD,الفنادق,unique,unique,recovered_parser_used,
373,فندق زهرة الخليج,فندقزهرهالخليج,Point,13.171682,32.893105,13.171682,32.893105,0,valid,available,,no_image,#icon-1899-BDBDBD,الفنادق,duplicate_name,duplicate_geometry,recovered_parser_used,
374,فندق زوارة,فندقزواره,Point,12.099145,32.92326,12.099145,32.92326,0,valid,available,,no_image,#icon-1899-BDBDBD,الفنادق,duplicate_name,duplicate_geometry,recovered_parser_used,
375,فندق زين,فندقزين,Point,23.941698,32.0741,23.941698,32.0741,0,valid,available,,no_image,#icon-1899-BDBDBD,الفنادق,unique,unique,recovered_parser_used,
376,فندق سرايا الليبو,فندقسراياالليبو,Point,13.179074,32.893341,13.179074,32.893341,0,valid,available,,no_image,#icon-1899-BDBDBD,الفنادق,duplicate_name,duplicate_geometry,recovered_parser_used,
377,فندق سفاري 2,فندقسفاري2,Point,15.04225,32.351223,15.04225,32.351223,0,valid,available,,no_image,#icon-1899-BDBDBD,الفنادق,duplicate_name,duplicate_geometry,recovered_parser_used,
378,فندق سفيروس الخمس,فندقسفيروسالخمس,Point,14.250641,32.644596,14.250641,32.644596,0,valid,available,https://mymaps.usercontent.google.com/hostedimage/m/*/3AAjQbR4BTRFNqlKiOni-YJabV-0Ge3JktrPejTgpo_pG3STC3oRn99W8odLe9YiEoreYIU2Ka_2qX7wAVDh2fnn-PK7l9e3dURPWMzsPi9GZqIn3cr1EYmE7v8-IcbOKrCGkSN1beFWbTMcOGj1IP48rbGTA9MNOtIXKTtFqUCD73tWel73waOpD91q2GlztG1w07FDLmGsLgrXBblrNPdfWmAE7Lfx7Aqid-l3lmRevD-J5BoP6h3xiJXttiWQ?authuser=2&fife=s16383,temporary_remote_not_displayed,#icon-1899-BDBDBD,الفنادق,unique,duplicate_geometry,recovered_parser_used,
379,فندق شروق افريقيا,فندقشروقافريقيا,Point,13.182145,32.890488,13.182145,32.890488,0,valid,available,,no_image,#icon-1899-BDBDBD,الفنادق,duplicate_name,duplicate_geometry,recovered_parser_used,
380,فندق صحارى ليبيا,فندقصحاريليبيا,Point,13.162944,32.885353,13.162944,32.885353,0,valid,available,,no_image,#icon-1899-BDBDBD,الفنادق,duplicate_name,duplicate_geometry,recovered_parser_used,
381,فندق ضيافة ونيس,فندقضيافهونيس,Point,13.173898,32.674606,13.173898,32.674606,0,valid,available,https://mymaps.usercontent.google.com/hostedimage/m/*/3AAjQbR7fIh0uiK2lNRmYSqeFj_S7PMOvbGX_sSEyxsuqHoFHd7y6DdYyNSPoTdVxUxUnS1NC1CkSSi7GRQmcfXO-xdE7O82Zug6DE_fnQbSEp9iiWDNfKsRBJwju8pC6UrBe0XEAnNE8Pua4-nIuxgMvDGqBNO4YShidRF8K9R7_lzGWm9K7K8d2O06AonUoetC6HDghjtbL_a6oyK_qsT0wiceH_EsWtiEewq-2GPMCpY1x6SDvMaeJAF0ZZIg?authuser=2&fife=s16383,temporary_remote_not_displayed,#icon-1899-BDBDBD,الفنادق,duplicate_name,duplicate_geometry,recovered_parser_used,
382,فندق طليطلة,فندقطليطله,Point,13.203761,32.892212,13.203761,32.892212,0,valid,available,,no_image,#icon-1899-BDBDBD,الفنادق,duplicate_name,duplicate_geometry,recovered_parser_used,
383,فندق عمر الخيام,فندقعمرالخيام,Point,20.056427,32.117958,20.056427,32.117958,0,valid,available,,no_image,#icon-1899-BDBDBD,الفنادق,unique,unique,recovered_parser_used,
384,فندق غابة الكشافة,فندقغابهالكشافه,Point,12.315046,31.951923,12.315046,31.951923,0,valid,available,,no_image,#icon-1899-BDBDBD,الفنادق,duplicate_name,duplicate_geometry,recovered_parser_used,
385,فندق غريان السياحي,فندقغريانالسياحي,Point,13.030462,32.172661,13.030462,32.172661,0,valid,available,,no_image,#icon-1899-BDBDBD,الفنادق,duplicate_name,duplicate_geometry,recovered_parser_used,
386,فندق فيلا النوران,فندقفيلاالنوران,Point,20.208708,32.107414,20.208708,32.107414,0,valid,available,,no_image,#icon-1899-BDBDBD,الفنادق,unique,unique,recovered_parser_used,
387,فندق قاطش,فندققاطش,Point,22.62608,32.771667,22.62608,32.771667,0,valid,available,,no_image,#icon-1899-BDBDBD,الفنادق,unique,unique,recovered_parser_used,
388,فندق قرطاج,فندققرطاج,Point,13.179976,32.889549,13.179976,32.889549,0,valid,available,,no_image,#icon-1899-BDBDBD,الفنادق,duplicate_name,duplicate_geometry,recovered_parser_used,
389,فندق قصر البيضاء,فندققصرالبيضاء,Point,21.743811,32.762676,21.743811,32.762676,0,valid,available,,no_image,#icon-1899-BDBDBD,الفنادق,duplicate_name,unique,recovered_parser_used,
390,فندق قصر الظهرة,فندققصرالظهره,Point,13.193874,32.888687,13.193874,32.888687,0,valid,available,,no_image,#icon-1899-BDBDBD,الفنادق,duplicate_name,duplicate_geometry,recovered_parser_used,
391,فندق قصر الفضيل,فندققصرالفضيل,Point,20.050541,32.093102,20.050541,32.093102,0,valid,available,,no_image,#icon-1899-BDBDBD,الفنادق,unique,unique,recovered_parser_used,
392,فندق قصر الفيروز,فندققصرالفيروز,Point,13.194599,32.853401,13.194599,32.853401,0,valid,available,,no_image,#icon-1899-BDBDBD,الفنادق,duplicate_name,duplicate_geometry,recovered_parser_used,
393,فندق قصر النيل,فندققصرالنيل,Point,20.056025,32.119003,20.056025,32.119003,0,valid,available,,no_image,#icon-1899-BDBDBD,الفنادق,unique,unique,recovered_parser_used,
394,فندق قصر الواحة,فندققصرالواحه,Point,13.18655,32.888051,13.18655,32.888051,0,valid,available,,no_image,#icon-1899-BDBDBD,الفنادق,unique,unique,recovered_parser_used,
395,فندق قصور الضيافة,فندققصورالضيافه,Point,16.573889,31.193056,16.573889,31.193056,0,valid,available,,no_image,#icon-1899-BDBDBD,الفنادق,unique,unique,recovered_parser_used,
396,فندق قصي للشقق المفروشة,فندققصيللشققالمفروشه,Point,23.971741,32.085758,23.971741,32.085758,0,valid,available,,no_image,#icon-1899-BDBDBD,الفنادق,unique,unique,recovered_parser_used,
397,فندق قمر صبراتة,فندققمرصبراته,Point,12.486354,32.792946,12.486354,32.792946,0,valid,available,,no_image,#icon-1899-BDBDBD,الفنادق,duplicate_name,duplicate_geometry,recovered_parser_used,
398,فندق قورينا,فندققورينا,Point,13.1935561,32.8909951,13.1935561,32.8909951,0,valid,available,,no_image,#icon-1899-BDBDBD,الفنادق,unique,unique,recovered_parser_used,
399,فندق كونتنتال,فندقكونتنتال,Point,13.176499,32.890827,13.176499,32.890827,0,valid,available,,no_image,#icon-1899-BDBDBD,الفنادق,duplicate_name,duplicate_geometry,recovered_parser_used,
400,فندق لؤلؤة درنة,فندقلولوهدرنه,Point,22.654371,32.754139,22.654371,32.754139,0,valid,available,,no_image,#icon-1899-BDBDBD,الفنادق,unique,unique,recovered_parser_used,
401,فندق ليالي قرطاج,فندقلياليقرطاج,Point,13.175961,32.882137,13.175961,32.882137,0,valid,available,,no_image,#icon-1899-BDBDBD,الفنادق,duplicate_name,duplicate_geometry,recovered_parser_used,
402,فندق ليبيا,فندقليبيا,Point,13.164703,32.887112,13.164703,32.887112,0,valid,available,,no_image,#icon-1899-BDBDBD,الفنادق,duplicate_name,duplicate_geometry,recovered_parser_used,
403,فندق مادي الحسان,فندقماديالحسان,Point,13.178001,32.89735,13.178001,32.89735,0,valid,available,,no_image,#icon-1899-BDBDBD,الفنادق,duplicate_name,duplicate_geometry,recovered_parser_used,
404,فندق ميزران,فندقميزران,Point,13.1789116,32.8946926,13.1789116,32.8946926,0,valid,available,,no_image,#icon-1899-BDBDBD,الفنادق,unique,unique,recovered_parser_used,
405,فندق نجوم غدامس,فندقنجومغدامس,Point,9.492831,30.130453,9.492831,30.130453,0,valid,available,,no_image,#icon-1899-0288D1,الفنادق,duplicate_name,duplicate_geometry,recovered_parser_used,
406,فندق هارون,فندقهارون,Point,13.1916399,32.8905375,13.1916399,32.8905375,0,valid,available,,no_image,#icon-1899-BDBDBD,الفنادق,unique,unique,recovered_parser_used,
407,فندق واستراحة جادو,فندقواستراحهجادو,Point,12.087632,31.939745,12.087632,31.939745,0,valid,available,,no_image,#icon-1899-BDBDBD,الفنادق,duplicate_name,duplicate_geometry,recovered_parser_used,
408,فندق ومطعم النزهة,فندقومطعمالنزهه,Point,12.749993,32.757835,12.749993,32.757835,0,valid,available,,no_image,#icon-1899-BDBDBD,الفنادق,duplicate_name,duplicate_geometry,recovered_parser_used,
409,فندق يفرن,فندقيفرن,Point,12.518972,32.059994,12.518972,32.059994,0,valid,available,,no_image,#icon-1899-BDBDBD,الفنادق,duplicate_name,duplicate_geometry,recovered_parser_used,
410,الفندق السياحي,الفندقالسياحي,Point,15.091389,32.375557,15.091389,32.375557,0,valid,available,,no_image,#icon-1899-BDBDBD,الفنادق,unique,unique,recovered_parser_used,
411,الفندق القديم,الفندقالقديم,Point,20.891672,32.500561,20.891672,32.500561,0,valid,available,,no_image,#icon-1899-BDBDBD,الفنادق,unique,unique,recovered_parser_used,
412,الفندق الكبير,الفندقالكبير,Point,20.060369,32.114559,20.060369,32.114559,0,valid,available,,no_image,#icon-1899-BDBDBD,الفنادق,unique,unique,recovered_parser_used,
413,القرية السياحية قاريونس,القريهالسياحيهقاريونس,Point,20.037174,32.060608,20.037174,32.060608,0,valid,available,,no_image,#icon-1899-BDBDBD,الفنادق,unique,unique,recovered_parser_used,
414,طرابلس للشقق الفندقية,طرابلسللشققالفندقيه,Point,13.203281,32.878799,13.203281,32.878799,0,valid,available,,no_image,#icon-1899-BDBDBD,الفنادق,duplicate_name,duplicate_geometry,recovered_parser_used,
415,نزل المدينة,نزلالمدينه,Point,10.176822,24.964026,10.176822,24.964026,0,valid,available,,no_image,#icon-1899-BDBDBD,الفنادق,unique,unique,recovered_parser_used,
416,نزل أمباي,نزلامباي,Point,13.521364,26.079599,13.521364,26.079599,0,valid,available,,no_image,#icon-1899-BDBDBD,الفنادق,unique,unique,recovered_parser_used,
417,نزل بيروت,نزلبيروت,Point,13.1749888,32.8918641,13.1749888,32.8918641,0,valid,available,,no_image,#icon-1899-BDBDBD,الفنادق,unique,unique,recovered_parser_used,
418,نزل طرابلس الحديث,نزلطرابلسالحديث,Point,13.177862,32.898422,13.177862,32.898422,0,valid,available,,no_image,#icon-1899-BDBDBD,الفنادق,duplicate_name,duplicate_geometry,recovered_parser_used,
419,نزل مرحبا,نزلمرحبا,Point,13.1935209,32.8919963,13.1935209,32.8919963,0,valid,available,,no_image,#icon-1899-BDBDBD,الفنادق,unique,unique,recovered_parser_used,
420,الماسة للشقق الفندقية,الماسهللشققالفندقيه,Point,15.0987266,32.3568465,15.0987266,32.3568465,0,valid,available,,no_image,#icon-1899-BDBDBD,الفنادق,unique,unique,recovered_parser_used,
421,فندق فزان,فندقفزان,Point,14.42566,27.04336,14.42566,27.04336,0,valid,available,,no_image,#icon-1899-BDBDBD,الفنادق,unique,unique,recovered_parser_used,
422,فندق المختار,فندقالمختار,Point,13.1715279,32.8921534,13.1715279,32.8921534,0,valid,available,,no_image,#icon-1899-BDBDBD,الفنادق,unique,unique,recovered_parser_used,
423,فندق قصر كاباو,فندققصركاباو,Point,11.32759,31.845286,11.32759,31.845286,0,valid,available,,no_image,#icon-1899-BDBDBD,الفنادق,unique,unique,recovered_parser_used,
424,فندق الأفريقي,فندقالافريقي,Point,22.664324,32.75209,22.664324,32.75209,0,valid,available,,no_image,#icon-1899-BDBDBD,الفنادق,unique,unique,recovered_parser_used,
425,فندق قرطاج السياحى1,فندققرطاجالسياحي1,Point,13.175625,32.887489,13.175625,32.887489,0,valid,available,,no_image,#icon-1899-BDBDBD,الفنادق,unique,unique,recovered_parser_used,
426,فندق السارة,فندقالساره,Point,13.173311,32.887004,13.173311,32.887004,0,valid,available,,no_image,#icon-1899-BDBDBD,الفنادق,unique,unique,recovered_parser_used,
427,فندق الفصول الاربعة 3,فندقالفصولالاربعه3,Point,13.17393,32.889742,13.17393,32.889742,0,valid,available,https://mymaps.usercontent.google.com/hostedimage/m/*/3AAjQbR5E1rtPMtV0wob1Ce_97gdaVsAGzQdl8J7RlYesQzt7k6DCxowCen27_3NkB20BK8gDiR3HRKuA2wHUdairnb82JC1B709l8RNga6vOSQhMyqvUMCR3m77hEFYv4_PGN5aBLHrdk2LqiHmE4JcSOY7J9xN-HPImOZ1Ec4eOJBkA47mMJb2-tLHyAdKowQaXI7hqBR-nG8y-__1iPxcBPz_RdnVzPdC7f3ANog0JVLUo5GJ7_k38FzpM9r8?authuser=2&fife=s16383,temporary_remote_not_displayed,#icon-1899-BDBDBD,الفنادق,unique,unique,recovered_parser_used,
428,فندق أوال,فندقاوال,Point,13.1718143,32.8878386,13.1718143,32.8878386,0,valid,available,,no_image,#icon-1899-BDBDBD,الفنادق,duplicate_name,unique,recovered_parser_used,
429,فندق المتوسط,فندقالمتوسط,Point,13.184983,32.8892822,13.184983,32.8892822,0,valid,available,,no_image,#icon-1899-BDBDBD,الفنادق,duplicate_name,unique,recovered_parser_used,
430,فندق صحراء ليبيا,فندقصحراءليبيا,Point,13.163043,32.88532,13.163043,32.88532,0,valid,available,,no_image,#icon-1899-BDBDBD,الفنادق,unique,unique,recovered_parser_used,
431,فندق قرطاج السياحى2,فندققرطاجالسياحي2,Point,13.1752506,32.8874305,13.1752506,32.8874305,0,valid,available,,no_image,#icon-1899-BDBDBD,الفنادق,unique,unique,recovered_parser_used,
432,فندق التوفيق 2,فندقالتوفيق2,Point,13.193296,32.891418,13.193296,32.891418,0,valid,available,,no_image,#icon-1899-BDBDBD,الفنادق,unique,unique,recovered_parser_used,
433,فندق النعيم,فندقالنعيم,Point,13.246278,32.890007,13.246278,32.890007,0,valid,available,,no_image,#icon-1899-BDBDBD,الفنادق,unique,unique,recovered_parser_used,
434,فندق الخليج,فندقالخليج,Point,13.171983,32.892891,13.171983,32.892891,0,valid,available,,no_image,#icon-1899-BDBDBD,الفنادق,duplicate_name,unique,recovered_parser_used,
435,فندق نور الثرياء,فندقنورالثرياء,Point,13.172246,32.889765,13.172246,32.889765,0,valid,available,,no_image,#icon-1899-BDBDBD,الفنادق,unique,unique,recovered_parser_used,
436,نزل كيلو بتراء,نزلكيلوبتراء,Point,13.192921,32.8921349,13.192921,32.8921349,0,valid,available,,no_image,#icon-1899-BDBDBD,الفنادق,unique,unique,recovered_parser_used,
437,فندق الفصول الاربعة 2,فندقالفصولالاربعه2,Point,13.1739232,32.891864,13.1739232,32.891864,0,valid,available,,no_image,#icon-1899-BDBDBD,الفنادق,unique,unique,recovered_parser_used,
438,فندق السفير,فندقالسفير,Point,13.172765,32.8912822,13.172765,32.8912822,0,valid,available,https://mymaps.usercontent.google.com/hostedimage/m/*/3AAjQbR4I4KjTLnscgEW563hVIjN1em3-gYBiOnbTYsy1lSeL6GoUOeLugN5bhOaPG1vsQAHYmi-VsqOhL8zyCmMDDdgvboB8eGsRKPuXhYH8wUQCzo6lVkeOGAlx_2hgeA01gWQJI5VzW8WTihbe_tjJXleV6FMJ8heU1X5SQQruII4FODfmLmX456vjcTjjMxD1xoMn-jfAACPhQS1flEktSG-d5DYbRxZlcPXHFftTr4Gi5TxUSSli8G_zYjg?authuser=2&fife=s16383,temporary_remote_not_displayed,#icon-1899-BDBDBD,الفنادق,unique,unique,recovered_parser_used,
439,فندق الثريا,فندقالثريا,Point,13.172944,32.891377,13.172944,32.891377,0,valid,available,,no_image,#icon-1899-BDBDBD,الفنادق,duplicate_name,unique,recovered_parser_used,
440,فندق الشاطئ الذهبى,فندقالشاطيالذهبي,Point,13.1625194,32.8863583,13.1625194,32.8863583,0,valid,available,https://mymaps.usercontent.google.com/hostedimage/m/*/3AAjQbR4h3DT-mZwEUdebXWQLCKGYQVbN_WJws4iNs0w5GO_3uzapvMVaF4CilYJsx0wjEaoJWHKUAj04OyKNWu2RELsPmZvkUMB5WIxDpc3NUmpCNOph_lTrcT4j5iPWw38nIs34EyfPBC20I3o1XlnMxxbIENcPXjzN2Xj4u8wilfrfW4k_iqePILbTYfpbQbJkAoNQ-dxrM3zE5hOXlVRDcCVt9aC0TAx_ek5T9EIB6FCi4l6IUGScBqZ5auU?authuser=2&fife=s16383,temporary_remote_not_displayed,#icon-1899-BDBDBD,الفنادق,unique,unique,recovered_parser_used,
441,فندق الصافي,فندقالصافي,Point,13.1740356,32.8893511,13.1740356,32.8893511,0,valid,available,https://mymaps.usercontent.google.com/hostedimage/m/*/3AAjQbR6b9FKh1lti0A_XkBTFd6wvHgfLTsP1AjahBNmVaWn53i7TVQtXVAdcqQl4nqxk1sYFK6gYnjhXV-DssDZVyoLaFDmai7jC6CoHBo3VC67nc38Iuw8mGSCLvtIHRsG2bTL-q6_sqFs4y3nH1bXdPL2_BYpVyGOp5rDrX2WRe9-Q8XSVkz6AerzYFBsuUQeY6Gm4aPiqpB9pQhU0hRO0kw9pvEFZ9QAyQTC-2A6QzlGVYlLgRbJvrg2FXew?authuser=2&fife=s16383,temporary_remote_not_displayed,#icon-1899-BDBDBD,الفنادق,unique,unique,recovered_parser_used,
442,فندق بوابة أفريقيا,فندقبوابهافريقيا,Point,13.1763095,32.8885476,13.1763095,32.8885476,0,valid,available,,no_image,#icon-1899-BDBDBD,الفنادق,unique,unique,recovered_parser_used,
443,فندق الفصول الابعة 1,فندقالفصولالابعه1,Point,13.173452,32.890845,13.173452,32.890845,0,valid,available,https://mymaps.usercontent.google.com/hostedimage/m/*/3AAjQbR6E5TczFXVCtLApnKNOthARnoAT3Utk9MRw25YF_Xg6or8gqacVGa6N_nd3ZXSZPi1J7d1qB-sQIqMAA8Z4CpwjWQzfGlZjthRi7gvp0bX3pWbZ35LruzrEGBuewPMphJpmtYnoi2vfUCtBNzP3mvOjPr5GpesbEu6yJwkeVYTq4gdjsEdujBBYAEevNLgSoqWIaz2qTpz3NR4HPCrlxUmgZAdOvhL9REw5ePgoiG-oU4YIcC8x5CNtMgg?authuser=2&fife=s16383,temporary_remote_not_displayed,#icon-1899-BDBDBD,الفنادق,unique,unique,recovered_parser_used,
444,فندق سفارى,فندقسفاري,Point,13.1711906,32.8931445,13.1711906,32.8931445,0,valid,available,,no_image,#icon-1899-BDBDBD,الفنادق,duplicate_name,unique,recovered_parser_used,
445,فندق زهرة الخليج,فندقزهرهالخليج,Point,13.1720159,32.8931501,13.1720159,32.8931501,0,valid,available,,no_image,#icon-1899-BDBDBD,الفنادق,duplicate_name,unique,recovered_parser_used,
446,فندق السلاسل الذهبية,فندقالسلاسلالذهبيه,Point,13.16218,32.885084,13.16218,32.885084,0,valid,available,,no_image,#icon-1899-BDBDBD,الفنادق,unique,unique,recovered_parser_used,
447,فندق بلازما,فندقبلازما,Point,13.163823,32.885736,13.163823,32.885736,0,valid,available,,no_image,#icon-1899-BDBDBD,الفنادق,duplicate_name,unique,recovered_parser_used,
448,فندق النورس,فندقالنورس,Point,13.1926886,32.8912918,13.1926886,32.8912918,0,valid,available,,no_image,#icon-1899-BDBDBD,الفنادق,unique,unique,recovered_parser_used,
449,فندق التوفيق 1,فندقالتوفيق1,Point,13.1928056,32.8911975,13.1928056,32.8911975,0,valid,available,,no_image,#icon-1899-BDBDBD,الفنادق,unique,unique,recovered_parser_used,
450,فندق اليسر,فندقاليسر,Point,13.193206,32.892294,13.193206,32.892294,0,valid,available,,no_image,#icon-1899-BDBDBD,الفنادق,unique,unique,recovered_parser_used,
451,فندق الخيام العربية,فندقالخيامالعربيه,Point,13.1940483,32.890968,13.1940483,32.890968,0,valid,available,,no_image,#icon-1899-BDBDBD,الفنادق,unique,unique,recovered_parser_used,
452,فندق توباكتس,فندقتوباكتس,Point,13.164341,32.886222,13.164341,32.886222,0,valid,available,,no_image,#icon-1899-BDBDBD,الفنادق,duplicate_name,unique,recovered_parser_used,
453,فندق الرشيد,فندقالرشيد,Point,13.170814,32.889625,13.170814,32.889625,0,valid,available,,no_image,#icon-1899-BDBDBD,الفنادق,unique,unique,recovered_parser_used,
454,فندق أسامة,فندقاسامه,Point,13.175385,32.8876882,13.175385,32.8876882,0,valid,available,,no_image,#icon-1899-BDBDBD,الفنادق,unique,unique,recovered_parser_used,
455,فندق الزيتونة,فندقالزيتونه,Point,13.1920339,32.8906349,13.1920339,32.8906349,0,valid,available,,no_image,#icon-1899-BDBDBD,الفنادق,duplicate_name,unique,recovered_parser_used,
456,فندق ريباس,فندقريباس,Point,13.207075,32.897097,13.207075,32.897097,0,valid,available,,no_image,#icon-1899-BDBDBD,الفنادق,duplicate_name,unique,recovered_parser_used,
457,فندق طليطلة,فندقطليطله,Point,13.200475,32.892241,13.200475,32.892241,0,valid,available,,no_image,#icon-1899-BDBDBD,الفنادق,duplicate_name,unique,recovered_parser_used,
458,فندق صبراتة,فندقصبراته,Point,13.1740441,32.8922209,13.1740441,32.8922209,0,valid,available,,no_image,#icon-1899-BDBDBD,الفنادق,unique,unique,recovered_parser_used,
459,فندق تاج,فندقتاج,Point,13.1731117,32.8922796,13.1731117,32.8922796,0,valid,available,,no_image,#icon-1899-BDBDBD,الفنادق,unique,unique,recovered_parser_used,
460,فندق الكندي,فندقالكندي,Point,13.17305,32.8923765,13.17305,32.8923765,0,valid,available,,no_image,#icon-1899-BDBDBD,الفنادق,unique,unique,recovered_parser_used,
461,فندق أضواء قرطاج,فندقاضواءقرطاج,Point,13.1726163,32.8922677,13.1726163,32.8922677,0,valid,available,,no_image,#icon-1899-BDBDBD,الفنادق,unique,unique,recovered_parser_used,
462,فندق البشير,فندقالبشير,Point,13.1716706,32.891744,13.1716706,32.891744,0,valid,available,,no_image,#icon-1899-BDBDBD,الفنادق,unique,unique,recovered_parser_used,
463,فندق الهاني,فندقالهاني,Point,13.1714031,32.8926098,13.1714031,32.8926098,0,valid,available,,no_image,#icon-1899-BDBDBD,الفنادق,unique,unique,recovered_parser_used,
464,فندق القنصل فندق القنصل,فندقالقنصلفندقالقنصل,Point,13.1713689,32.8923043,13.1713689,32.8923043,0,valid,available,,no_image,#icon-1899-BDBDBD,الفنادق,unique,unique,recovered_parser_used,
465,فندق الجبل الاخضر,فندقالجبلالاخضر,Point,13.1726831,32.894653,13.1726831,32.894653,0,valid,available,,no_image,#icon-1899-BDBDBD,الفنادق,duplicate_name,unique,recovered_parser_used,
466,الفتح,الفتح,Point,13.1735296,32.8942127,13.1735296,32.8942127,0,valid,available,,no_image,#icon-1899-BDBDBD,الفنادق,unique,unique,recovered_parser_used,
467,فندق قصر ليبيا,فندققصرليبيا,Point,13.1942321,32.8931426,13.1942321,32.8931426,0,valid,available,,no_image,#icon-1899-BDBDBD,الفنادق,unique,unique,recovered_parser_used,
468,Hotel Haroun 2,hotelharoun2,Point,13.1937607,32.8927146,13.1937607,32.8927146,0,valid,available,,no_image,#icon-1899-BDBDBD,الفنادق,unique,unique,recovered_parser_used,
469,فندق الغزالة,فندقالغزاله,Point,13.1896398,32.8931827,13.1896398,32.8931827,0,valid,available,https://mymaps.usercontent.google.com/hostedimage/m/*/3AAjQbR4SwsjhXLQiqJj5TFGN5Ms0qO1STILWdMlmO-mw46Mb62zA0U5mSAD8sK5qjPElLCSlL9dCnjCBD8m36_ngd8UGfDzXfLvyT2oF20YJB2KnI3E0H8wJaHLdGjvqTEvoqAdCwgtYsEzRghtHyQnbXhNoe-dTZLIkSfC9TeOfE62pNIH-FtsWtTUHtC35l4DpalphNpUIoy4EdEs6gBKDpr7DOj1MlWTT-d-V94B20dR0KzwxjTAJn9cyjcA?authuser=2&fife=s16383,temporary_remote_not_displayed,#icon-1899-BDBDBD,الفنادق,unique,unique,recovered_parser_used,
470,فندق كيان طرابلس,فندقكيانطرابلس,Point,13.1947142,32.8905545,13.1947142,32.8905545,0,valid,available,,no_image,#icon-1899-BDBDBD,الفنادق,unique,unique,recovered_parser_used,
471,فندق الديوان,فندقالديوان,Point,13.1774381,32.8878424,13.1774381,32.8878424,0,valid,available,https://mymaps.usercontent.google.com/hostedimage/m/*/3AAjQbR7FrnTEcWEBdT1OtuWnc0CZbETyHmwXdF5oVpa1zouJGdhxFQHNh8cLEW4ozc-3Yi1O9WGic5LolE98T9fBLWcowNRTHzEWs6ze8jQytKZPG9t1yFP5TZYEH4rsKK6ayITVcfBUYw8u-Bea9CerBjRCwv3gpxvbeeP8SHS6GRC_haO3bQVDg2Zj4OVYlhbd3qRGO6v_eIBVHFBip2ezyRqn1j_adizpSUN_0k9Wjo3ucuUal-Jtdn65fgU?authuser=2&fife=s16383,temporary_remote_not_displayed,#icon-1899-BDBDBD,الفنادق,unique,unique,recovered_parser_used,
472,فندق نيو ستي New City hotel,فندقنيوستيnewcityhotel,Point,13.176395,32.8879439,13.176395,32.8879439,0,valid,available,,no_image,#icon-1899-BDBDBD,الفنادق,unique,unique,recovered_parser_used,
473,فندق الدالي,فندقالدالي,Point,13.1747996,32.8879432,13.1747996,32.8879432,0,valid,available,,no_image,#icon-1899-BDBDBD,الفنادق,unique,unique,recovered_parser_used,
474,زهرة الشمس,زهرهالشمس,Point,13.1762696,32.8896902,13.1762696,32.8896902,0,valid,available,,no_image,#icon-1899-BDBDBD,الفنادق,unique,unique,recovered_parser_used,
475,فندق ضيافة طرابلس,فندقضيافهطرابلس,Point,13.176255,32.8898242,13.176255,32.8898242,0,valid,available,,no_image,#icon-1899-BDBDBD,الفنادق,unique,unique,recovered_parser_used,
476,فندق الفتح شارع الرشيد,فندقالفتحشارعالرشيد,Point,13.17786,32.88945,13.17786,32.88945,0,valid,available,,no_image,#icon-1899-BDBDBD,الفنادق,unique,unique,recovered_parser_used,
477,فندق بلخير,فندقبلخير,Point,13.1773658,32.8907858,13.1773658,32.8907858,0,valid,available,,no_image,#icon-1899-BDBDBD,الفنادق,unique,unique,recovered_parser_used,
478,فندق السرايا,فندقالسرايا,Point,13.175881,32.8916346,13.175881,32.8916346,0,valid,available,,no_image,#icon-1899-BDBDBD,الفنادق,duplicate_name,unique,recovered_parser_used,
479,فندق الوحدة العربية,فندقالوحدهالعربيه,Point,13.1748524,32.8917214,13.1748524,32.8917214,0,valid,available,,no_image,#icon-1899-BDBDBD,الفنادق,unique,unique,recovered_parser_used,
480,فندق الكنوز الذهبية,فندقالكنوزالذهبيه,Point,13.1743796,32.8913495,13.1743796,32.8913495,0,valid,available,,no_image,#icon-1899-BDBDBD,الفنادق,unique,unique,recovered_parser_used,
481,فندق الوطن العربي,فندقالوطنالعربي,Point,13.1740089,32.8937076,13.1740089,32.8937076,0,valid,available,,no_image,#icon-1899-BDBDBD,الفنادق,unique,unique,recovered_parser_used,
482,فندق الشراع,فندقالشراع,Point,13.1729514,32.8921902,13.1729514,32.8921902,0,valid,available,,no_image,#icon-1899-BDBDBD,الفنادق,unique,unique,recovered_parser_used,
483,الحبايب,الحبايب,Point,15.084422,32.371804,15.084422,32.371804,0,valid,available,https://mymaps.usercontent.google.com/hostedimage/m/*/3AAjQbR6zRJA53TAqZgfX6HudLtTedjCb8CuS44v9kz382ULUYu0kRS4J374gS9gdDHE6KTSY49IPRoLRhP7yao1F9ONvU1NTkyu34CuwD2gKUxJLOxWk9FjOfxGKQItNMGsUdW4fb8IdTrNsDO4FQHJt-qnK0449koI6rC6EkKFRnZI8Lmr05KS07dcu3hg0x01m-ligMYSdY7WU3yMjqd2-rPVw8CK7LwlRA0_zaRAXbGjyVqRZ9AJ3QOojVy8?authuser=2&fife=s16383,temporary_remote_not_displayed,#icon-1899-BDBDBD,الفنادق,unique,unique,recovered_parser_used,
484,هوم بلازا_للشقق الفندقية,هومبلازا_للشققالفندقيه,Point,15.0775397,32.3753528,15.0775397,32.3753528,0,valid,available,https://mymaps.usercontent.google.com/hostedimage/m/*/3AAjQbR51qOXW5i0lQ9k1ThZJiK0ZgRAsN7CU_ltuj4IYlVbw7MlO3KfMkDmZ83sDIOKiq4LPm3yi_wvvFxRxNb0F4ic9wG0fJyoYMIw4e0hAAqrNqG1D5z5LFQBTKaEQqTGJg8HaVltNVP4UZDpoMojVfShbwc-Wqi1QIZz6pA37kFVM9RdavdRGqQ-Yp6X15Zifk00Oj82UoT9BGEMDS-3vtq_Veu1FMkE3CFx3sRF8VPROjVOAkqsKjTMbH8Q?authuser=2&fife=s16383,temporary_remote_not_displayed,#icon-1899-BDBDBD,الفنادق,unique,unique,recovered_parser_used,
485,فندق الرحال,فندقالرحال,Point,15.0822656,32.3806625,15.0822656,32.3806625,0,valid,available,https://mymaps.usercontent.google.com/hostedimage/m/*/3AAjQbR68TYJUfoWBExFgRvZ08jD62ffF7HraIO3ruwEa9eGGI9wNauibEq-wdPYE52-AzAkgyhTGUtdZVh3xE0JK8Sz6TUO_myIyTGrV9KKj5jc8U_cmLjXkggk_zGwX-JfM3qfglQ-wIV-cG9HnMOfUq6cotZPa_GXzLZVmd2D_07RGxSsGeVSIqV47vRqv68COmgK_o9EBIFP8augxWt_GD_FIdePGf-1iJCLpWv_MG5V1yoveZCmh9y5W05Q?authuser=2&fife=s16383,temporary_remote_not_displayed,#icon-1899-BDBDBD,الفنادق,unique,unique,recovered_parser_used,
486,الوادي 2 للشقق الفندقية,الوادي2للشققالفندقيه,Point,15.0871152,32.387677,15.0871152,32.387677,0,valid,available,https://mymaps.usercontent.google.com/hostedimage/m/*/3AAjQbR73EPF7puMogoyVvtOA8io_dQLPcZYViN2jgcDDwWI3SZlowoR7EICIrZ5rsOx6butLAxNJ5ekkraJ2Mx3SEPUWSKvz47Frzy3ilgXnr2NVGyN5t9ZgKmLQb_JNWuAOm7U1cskqn5edf7OkiImIj8fFLjbv37BszjG2NzOpfu5qhSwFyBWjpo6weddqNkRse-amfZ4YVOp_IfFaOp4etTzwnxOEKm8_vHyu8uIb4pxwCyb2plZx31Narxs?authuser=2&fife=s16383,temporary_remote_not_displayed,#icon-1899-BDBDBD,الفنادق,unique,unique,recovered_parser_used,
487,الأطلس للشقق الفندقية,الاطلسللشققالفندقيه,Point,15.0868561,32.3879622,15.0868561,32.3879622,0,valid,available,https://mymaps.usercontent.google.com/hostedimage/m/*/3AAjQbR5c38CRDXrEcfCxaoKtAlSQdXSHTe70q0ZqmR12gvF6TDGjrPn_zfgJ2yHOSSnxPGxZOVbgHgDN95TtgoIh4NyGvVZnQf14dNCwZ23tEJb3dZSp4LajJAzI6VQpw13gfZ6TWhtNwlBxrfJMQUgRi66bN5j70wmOsb4TwKD0hH8p4o5Trqd6vrfNHMjwPgsBN4qNT3YPSe5BdWt4TwxqvelaNRvrMbiLt4vP7dhg5Y3-e77bG_e1x8c9GtQ?authuser=2&fife=s16383,temporary_remote_not_displayed,#icon-1899-BDBDBD,الفنادق,unique,unique,recovered_parser_used,
488,الفاخر للشقق الفندقية,الفاخرللشققالفندقيه,Point,15.1081937,32.3852196,15.1081937,32.3852196,0,valid,available,https://mymaps.usercontent.google.com/hostedimage/m/*/3AAjQbR5WXdRyOiEEvw6qYOv5hSJJYzzA5Iupzg89MyAj47fzfYpe0egUZPZ_RHEHlZA6GVUSvsrgvSf0-5iMM0qFs_IV3pvSEy_wtBXE6JNtb-ntWstu2XuBgyRgXXo6fIkhnbUuFV0vPm44-q_NPY7PvgsErXDxA2-sn_67AQcT_52l4QLy0NJmxpF4Px6C0Un5SuRp3BIN90lGSOgXR4pMckctm8MKFuuxovnWKiLaMkjXo9T71QygV1I9tRM?authuser=2&fife=s16383,temporary_remote_not_displayed,#icon-1899-BDBDBD,الفنادق,unique,unique,recovered_parser_used,
489,فندق بيزا السياحي,فندقبيزاالسياحي,Point,15.115341,32.4023253,15.115341,32.4023253,0,valid,available,https://mymaps.usercontent.google.com/hostedimage/m/*/3AAjQbR5yxApuJnVb0uZQI6BknGBULPL5vVeyFSCHYwHskeRT-1GoyXhWZ1yZ-9cX_z2NbsvGTZ4BErZ6_fqDfzuEqeQakCR3L_Ku7KgwF3GeHu468haoVdaTFZhA1InS_xn5ZyBWJ_DRPK3lbrhGDaPu1HKmF72hRZ_KKkatX6X_cu9pQ18W8XuIcjWumo_CZz3SqaELSMRr0vZ2ILteZGzEtiLFvSJfRp5R1e39ywocb_KaStBDzw7zWpZsrXw?authuser=2&fife=s16383,temporary_remote_not_displayed,#icon-1899-BDBDBD,الفنادق,unique,unique,recovered_parser_used,
490,فندق قوز التيك,فندققوزالتيك,Point,15.083572,32.3802154,15.083572,32.3802154,0,valid,available,https://mymaps.usercontent.google.com/hostedimage/m/*/3AAjQbR66Ce4KA3cWcd4D19oLblaFM16RbVsktKePWxWpJ201T7L0ubFv28X-C1_QL5INquSlbOoLbWRFi7XPCQT22IQaQIb7ei_rcIgZnXbuuXkiUoOH2DDdp2VsgqnQPj0yVzx02-WenEJgRvIbrTuJtMYrzYHj4-dM03wflhasJnb8XYbPJQWuChHsqXsSSuQtGcW7cMvFEll4cooeTNPwUkmrsG_4yqWHFN86fq2DvysHCK9mOjMki717OQA?authuser=2&fife=s16383,temporary_remote_not_displayed,#icon-1899-BDBDBD,الفنادق,unique,unique,recovered_parser_used,
491,النجمة الذهبية لشقق الفندقية,النجمهالذهبيهلشققالفندقيه,Point,15.0937323,32.3757126,15.0937323,32.3757126,0,valid,available,,no_image,#icon-1899-BDBDBD,الفنادق,unique,unique,recovered_parser_used,
492,الفخامه للشقق المفروشه,الفخامهللشققالمفروشه,Point,12.4785845,32.7942777,12.4785845,32.7942777,0,valid,available,,no_image,#icon-1899-BDBDBD,الفنادق,unique,unique,recovered_parser_used,
493,اوس لشقق المفروشه,اوسلشققالمفروشه,Point,12.4773899,32.7951705,12.4773899,32.7951705,0,valid,available,,no_image,#icon-1899-BDBDBD,الفنادق,unique,unique,recovered_parser_used,
494,فندق الساحل,فندقالساحل,Point,12.4346148,32.8018422,12.4346148,32.8018422,0,valid,available,,no_image,#icon-1899-BDBDBD,الفنادق,unique,unique,recovered_parser_used,
495,فندق الشاطىء الذهبي,فندقالشاطيءالذهبي,Point,13.163174,32.885551,13.163174,32.885551,0,valid,available,https://mymaps.usercontent.google.com/hostedimage/m/*/3AAjQbR4Trp3mDHgG5C8cMYK3zTZX-qmIp1RVEDnwRktpQKb-N23A2_xKZTPId7tJi3NxjeNFBKUTli_MgY40VV1BTeJWYaLUHPONHvgOvIUfGAglzyKf96zLzeEBaZCq3PtXSh7Q72eivIBTqzQIlnQRRzrwAihrpCsegE4uN3kRQ594o66-bta4E2R32emLRHoIUV5zqPQDAcx2eI5S0P84rT4Zv8Wn0LmZIm6roVnvENuHW30-9Fh5InpmRZs?authuser=2&fife=s16383,temporary_remote_not_displayed,#icon-1899-BDBDBD,الفنادق,unique,unique,recovered_parser_used,
496,الجوهرة للشقق الفندقية,الجوهرهللشققالفندقيه,Point,20.22385,30.7575,20.22385,30.7575,0,valid,available,,no_image,#icon-1899-BDBDBD,الفنادق,unique,unique,recovered_parser_used,
497,فندق اجدابيا السياحي,فندقاجدابياالسياحي,Point,20.223,30.75706,20.223,30.75706,0,valid,available,,no_image,#icon-1899-BDBDBD,الفنادق,unique,unique,recovered_parser_used,
498,فندق الراحة اجدابيا,فندقالراحهاجدابيا,Point,20.1988509669461,30.760416719515,20.1988509669461,30.760416719515,0,valid,available,https://mymaps.usercontent.google.com/hostedimage/m/*/3AAjQbR6GLGG1YfX02cu2GAxE7tU95l4T16dhwldFORuUNlq_gHFAn3Ke32M9NP6WbW9f6vnBBMi7Y18LvwVvB0T-rzJJck7sAiOEW1Rg4qxrd7FZMZ4gVt7lTcGN0EnG3GJRqsDyi8hrqsdOYvN0I3gu6_LjR5nIaLUNjtfjE9NlmsWnGxTR2gkBB134ZABr2mBULn2A05u-YHl-oA9FdjlUHvCA0ztVjGq6BGq252RLoGOQXwS_8qP4s8toWhE?authuser=2&fife=s16383,temporary_remote_not_displayed,#icon-1899-BDBDBD,الفنادق,unique,unique,recovered_parser_used,
499,عمار او المجد للشقق الفندقية,عماراوالمجدللشققالفندقيه,Point,20.221715,30.760196,20.221715,30.760196,0,valid,available,https://mymaps.usercontent.google.com/hostedimage/m/*/3AAjQbR4BbJasiVpnK2W-uVFzHJ7NdTZfwwTMK0uFzA-AmBcTelRS2IGg0d-4GOw-b_vZqx5oLUqQ2TXZNoP3h0oHUWmKfbk49YT9idgat4CSrkNWYXIdSpm59VNEPrnQNORLiY4-0gYsrwwYX0yd6w81kNuZW-6fIPrckjrskrNUHvy2QdKHS1lC_AfvcQnkpvwUaeWYVNYHiRLgee37xSOz4idbfNR5rojXf7-coyI6vFXkr4UHljK-__biGxc?authuser=2&fife=s16383,temporary_remote_not_displayed,#icon-1899-BDBDBD,الفنادق,unique,duplicate_geometry,recovered_parser_used,
500,فندق مزايا اجدابيا,فندقمزايااجدابيا,Point,20.221715,30.760196,20.221715,30.760196,0,valid,available,https://mymaps.usercontent.google.com/hostedimage/m/*/3AAjQbR64otsPN4o-_9IjOJPMYdqZIOp_4iYCCHVmKw9cnqwiuH-SFoyhfyr6uHZRpYWNxFblfyHUnG400Z1sst4fKCBiX7HUcjaUtKWyJ_ARB03a4PJDOkuzTb3hzlYBDmfsgdl5_PMZH3343BHVnOncBGKcgJbrkMqjpw7spcP9nqSuhk0iQCg3OJPPSi-6XwSmiMy0yVXfkqMljfRr0Fi3iHF5Q_RGE4W1OGaYexPFydmVdl1dgcqvsb95B44?authuser=2&fife=s16383,temporary_remote_not_displayed,#icon-1899-BDBDBD,الفنادق,unique,duplicate_geometry,recovered_parser_used,
501,فندق التوجان السياحي,فندقالتوجانالسياحي,Point,20.233088,30.761777,20.233088,30.761777,0,valid,available,https://mymaps.usercontent.google.com/hostedimage/m/*/3AAjQbR7Zfjip1hj9r1B-nvgZ0UmZoF1a_-T25aZCaE5Oij7OSQFbvkiHhithcoNCkgbmmBxVW10bpgAsIm02Oiefzqq-QRKu3ygA7SWSDmZx-8CZI25BTWEFwYaRXs_5xnIZQSjWx-PD9g0wZSHQ8cbj5BJfuKevynv6LZjk_GDLqEO_nJ8r2cm5fJ7LcduZb02d-S54AakOsdM8Tc-rQHR6b_V9x92iVWthBh-RIWBlHmaRSAy2QeKLKpcV9P0?authuser=2&fife=s16383,temporary_remote_not_displayed,#icon-1899-BDBDBD,الفنادق,unique,unique,recovered_parser_used,
502,نزل وقاعة الهاشمي,نزلوقاعهالهاشمي,Point,23.93866044,32.0344745,23.93866044,32.0344745,0,valid,available,https://mymaps.usercontent.google.com/hostedimage/m/*/3AAjQbR7_ZVnwRpVG0duzzEcXQO1agfQSTzSkp7S9DZ6qrio1fkIX3rNJ_z-dP9Y0UZDhbump0vl6jllFOs_1548wrIo6SqR3h82iWe7zf7hJbTfyLxmVlEe1vaAXI2RYjdrNu34SU5a6LXFQUC3bAt5EMmor4V0H3ap8JKqQaN8amOqRAar5zzyLPzuk6XRQFYicIKM3rSJ5cVGBi2DFGtqAv-kDkoWkCSFJbrA6E6W2teQh6spChPHZ_Do_hKg?authuser=2&fife=s16383,temporary_remote_not_displayed,#icon-1899-BDBDBD,الفنادق,unique,unique,recovered_parser_used,
503,نزل وقاعة زهرة الخليج,نزلوقاعهزهرهالخليج,Point,23.96997993,32.02618042,23.96997993,32.02618042,0,valid,available,https://mymaps.usercontent.google.com/hostedimage/m/*/3AAjQbR5w3XyTAKGGiEKwGEq-SCDlcxWDnZHy71eale_XNYAJQvvWAVVRkUhNI3EzovWcaO7TYtWD3t-pyzK9w8KIMCM2yWa2mlmmJ6J9LU371_CLBj2XOzF1KhI4ICRPJ7s98k7q4_AGodAlbTVu-iTxddcxik34y_N-iobqYMLJIOgHJ-vwGDKop_BKnCEj4KIYQMHgoaIgt04ZNI7Vw-CXUhZE0GgWY_qPo6hBku2z0yvnWsCnZ7CCHwClxlk?authuser=2&fife=s16383,temporary_remote_not_displayed,#icon-1899-BDBDBD,الفنادق,unique,unique,recovered_parser_used,
504,الهضبة للشقق الفندقية,الهضبهللشققالفندقيه,Point,23.97583881,32.07927549,23.97583881,32.07927549,0,valid,available,https://mymaps.usercontent.google.com/hostedimage/m/*/3AAjQbR4uMwfpN3vbOPTJUKg2rXBA-GPK4dWnIU8GyvvlLrkMZsqgnfvHcX-ecw8NdWJ0_o5W7zEIAgX_JwxhrYo38q9kKpd3WBqwasLHyge8QRewCJIGIJpVlOFRomOafB1QNxkMxSSNv2cwDQMc1zat-pxuOW44cSnMc2Y353lCdjomzotN93hRizz9zcdaij7aZRb5bZUNvUQfxfyLBWUMoFAZivdltLRMFYHYEILXzCzZbkaUIX-nYhy0gns?authuser=2&fife=s16383,temporary_remote_not_displayed,#icon-1899-BDBDBD,الفنادق,unique,unique,recovered_parser_used,
505,الامان للشقق الفندقية,الامانللشققالفندقيه,Point,23.93943131,32.07351395,23.93943131,32.07351395,0,valid,available,https://mymaps.usercontent.google.com/hostedimage/m/*/3AAjQbR5RbOeOX8mK6XlgS7HwHdlNLdi1gu66xiyNHMm0cByAG0RxGQnbKlTnx2MjjSEUuHLvWn3AqDzZluNu9uQF5ikXr4eKiFpajvkawgl-ik4ZlVfQTIn9OXzcC9N_s8yGdZWrZh4veEzVmDlO7VyxrTYlw6DtC5iMtorQsdR4inC6CW1W6bGFgK7TaFYesnLoyJXpMheVh-muI7lURIZ-jy3DQKSCY6bUkvIlj9S0mYclC9t2O3cLHfwiGn4?authuser=2&fife=s16383,temporary_remote_not_displayed,#icon-1899-BDBDBD,الفنادق,unique,unique,recovered_parser_used,
506,نزل ماريا MARIYA,نزلمارياmariya,Point,23.99551,32.03109,23.99551,32.03109,0,valid,available,https://mymaps.usercontent.google.com/hostedimage/m/*/3AAjQbR5yFlNGG94Mg3rsa-Q8FnTnBHbExpXOmpDM_oKS10pxkEUmg1JyRIyb3Y3lnltuPjy7_9yU6wmN9WP97eogyXgEPg8alLX_LKs_gWhsZJLS-bL6X4m-O6OmA9rL8tOr7GT3fvtttfWvBt1Bwpj1qCzicDYSNf2LtWoZ0T_X69g7ebeNX9ErUeKHYm6tTiZ6N9MAwUsjTNvb9qro5PsMgDJlPEfsvUkVz1WU6JTFiJK1KzfxZgSwjkmBqYU?authuser=2&fife=s16383,temporary_remote_not_displayed,#icon-1899-BDBDBD,الفنادق,unique,unique,recovered_parser_used,
507,فندق الرابطة,فندقالرابطه,Point,13.0145,32.16981,13.0145,32.16981,0,valid,available,https://mymaps.usercontent.google.com/hostedimage/m/*/3AAjQbR5707tfQRXEI98MQ6rwZIDjAk2KF-2Ck8W-GWHKPUrENKdz4oeeKbyWgX80UW4taJawrqpC7LgznFiy3Y-adEIYSqyvfBCZF51biF7GrT_CAPg1H9_B5dK68rabSWsSC1PL18GUcoODDJhUSRI2C8MiI9h5H7S8kMpgFjIcQTKFoV49cDU-qhwboETrHbmFP_OdpqPOzZtXQF-bBvh3-pJU2buPBIh0o0gH2-2TJBAn4QCKNRH0jPD-nkA?authuser=2&fife=s16383,temporary_remote_not_displayed,#icon-1899-BDBDBD,الفنادق,duplicate_name,unique,recovered_parser_used,
508,فندق سمر قند,فندقسمرقند,Point,13.0097734,32.1679087,13.0097734,32.1679087,0,valid,available,,no_image,#icon-1899-BDBDBD,الفنادق,unique,unique,recovered_parser_used,
509,فندق غريان السياحي,فندقغريانالسياحي,Point,13.03046,32.17267,13.03046,32.17267,0,valid,available,https://mymaps.usercontent.google.com/hostedimage/m/*/3AAjQbR4HqiucQnsR-zqdySswJmrmw8QVQ4SSE9NWBUxC5DDFgT-qi-Gh7k5yKO4Hbp8qYJstnFazzMLNhBs0NuJgvtjfOv2xgPJX-b8L1E9BxgiX0tO86mX3KBVWeEgpmMosC6Gtnr38yPyba56nnP5QbSgFYJc4bRykXsGG1Og04PF4eOfvvsdRUXXz0B2ng-b9e1z6ISZGhHpoAe-YVwCqMdWGY86S2CXWicJUIzrvwjPpjCeJHvCmw1sEfTI?authuser=2&fife=s16383,temporary_remote_not_displayed,#icon-1899-BDBDBD,الفنادق,duplicate_name,unique,recovered_parser_used,
510,فندق روايال غريان,فندقروايالغريان,Point,13.023293,32.177538,13.023293,32.177538,0,valid,available,https://mymaps.usercontent.google.com/hostedimage/m/*/3AAjQbR5a_f4gUZBGIl25_l27L68bOuchJsvV6Vg1dGyML_XndCPWdaRh0bi4xR9v9kpqjds39D-f0zt5m3ZzJg3TuqpTD-BOUD6FnXrt7hvK6zL86MV1Z7M4fNHfNNlia0I3hJGaFUKi7lOZTDg1JjVLCmnhKjlMFS4HUF63BSvfO4-yKD7kyuMIjpYCJJ_OBF7YU-5hVt4sR9QM_lLJnJYH41h9TIPMJipLnzlPaWuItI7L5YoywYFH6wUvOzE?authuser=2&fife=s16383,temporary_remote_not_displayed,#icon-1899-BDBDBD,الفنادق,unique,unique,recovered_parser_used,
511,فندق حوش بوغنوش,فندقحوشبوغنوش,Point,13.0105374,32.2111368,13.0105374,32.2111368,0,valid,available,https://mymaps.usercontent.google.com/hostedimage/m/*/3AAjQbR6THScvHvbSUdxH_dUlW3G4T75WY6O-3WE3buBe0ZP2oskkMlUYnqtw5IL_sbUSRPk2oFbWB6G4k4BXL_Auv5YB-G_J1-XL44yZqjx6Da_pBwZQFIBEXvTtwbr9HT3ZC469DJKN7r_Jm0fPrUftQpRrBWiu1NZMgto7D5EdLy0LB72xagAW_uWGRVIoPaLu0oqXW562KPdNtg69jkGVTEB3AgeND964CSsP_1ccZjx1tJQuv6vBGkOuvs4?authuser=2&fife=s16383,temporary_remote_not_displayed,#icon-1899-BDBDBD,الفنادق,unique,unique,recovered_parser_used,
512,فندق اللؤلؤة السياحي البضاء,فندقاللولوهالسياحيالبضاء,Point,21.73757862,32.75895966,21.73757862,32.75895966,0,valid,available,https://mymaps.usercontent.google.com/hostedimage/m/*/3AAjQbR5v-xQxKeVd5ZlqHK4BSq1dUPRb7W3CrKj4YoNos38ac9zUyYmW3uFb8l1Y7mZq1TVILTGEGNCV3fR4AMPKcmVZVMwxrqeMuW0jVueAZAUcIDEjSQIMUlMO6XBTP5HXqtbybP0pnf3T3k0VcXvlzivSavrEaSpsshodbqeN4_rvvUp87pOzxOad3dGAn-kcrfELyHR8V5LmSHcqAv_pvoWVN825ifzPOnq9zpT0OapMOjidyT0BGhBK9Pc?authuser=2&fife=s16383,temporary_remote_not_displayed,#icon-1899-BDBDBD,الفنادق,unique,unique,recovered_parser_used,
513,فندق لؤلؤة الخليج البيضاء,فندقلولوهالخليجالبيضاء,Point,21.77686134,32.76512885,21.77686134,32.76512885,0,valid,available,https://mymaps.usercontent.google.com/hostedimage/m/*/3AAjQbR5dbsMPY1zhCxpCoG0GbC_xS4JdfSDnix6rQxGypl4SOUHKRmhGWnPEevtfx9PEbk9uANv-6kR8Ed5w0eUPzooZ8QioKonKKmnRwnGXHw70LFH-k2PDzmInn9FzNm-ExFcKDHi_KtBDAbmprNTky9Ct2cenzubg6XHutWWLFcbm2HHDwWWw6RsBHS8wKFKpM-yhBsF4X_0Xf8xhyEqf52m6hRVAFBUb4Tk1HTGKQmrAL5YyiGUprSKW6r8?authuser=2&fife=s16383,temporary_remote_not_displayed,#icon-1899-BDBDBD,الفنادق,unique,unique,recovered_parser_used,
514,فندق قصر البيضاء,فندققصرالبيضاء,Point,21.73796,32.75924,21.73796,32.75924,0,valid,available,,no_image,#icon-1899-BDBDBD,الفنادق,duplicate_name,unique,recovered_parser_used,
515,فندق القاهرة البيضاء,فندقالقاهرهالبيضاء,Point,21.74344,32.76199,21.74344,32.76199,0,valid,available,,no_image,#icon-1899-BDBDBD,الفنادق,unique,unique,recovered_parser_used,
516,النوران_ للشقق_الفندقية,النوران_للشقق_الفندقيه,Point,21.7382384,32.7686802,21.7382384,32.7686802,0,valid,available,https://mymaps.usercontent.google.com/hostedimage/m/*/3AAjQbR4z6do3e47QXpQG_I2OB9vHxPJy0kHfn-KRb04eyZd4WEC37ZBKSRk5Eqr5nLgWTreYwNMZvPGJLhq2aWHV8VNqh6tdp3hKfTv8WUp38gmiiK-OoPYTHoJLi0Rc16PFteWlv446qsHnSrY1-dhbyvVEXbkOIzhRT1s7BGjjmppquZAR8BJX1ZHIFE6Q9SShMIzyDgiXgesr4WJGXzxU5zc1svGGwwc_hYqunAbANN3HalImkwAi2mq_c-Q?authuser=2&fife=s16383,temporary_remote_not_displayed,#icon-1899-BDBDBD,الفنادق,unique,unique,recovered_parser_used,
517,مكة للشقق الفندقية البيضاء,مكهللشققالفندقيهالبيضاء,Point,21.7528908,32.7602407,21.7528908,32.7602407,0,valid,available,,no_image,#icon-1899-BDBDBD,الفنادق,unique,unique,recovered_parser_used,
518,برج المدينة للشقق الفندقية البيضاء,برجالمدينهللشققالفندقيهالبيضاء,Point,21.7881184,32.7696656,21.7881184,32.7696656,0,valid,available,,no_image,#icon-1899-BDBDBD,الفنادق,unique,unique,recovered_parser_used,
519,فندق اية الجبل البيضاء,فندقايهالجبلالبيضاء,Point,21.754817,32.763852,21.754817,32.763852,0,valid,available,https://mymaps.usercontent.google.com/hostedimage/m/*/3AAjQbR5HyQgOMTxdVITeZ2vrCHxw0KerkssMtGDIOfzgy-xOO9rgE5feV7tDO_QjWJm9dNYsndoYdbHbNw6m2RjOwb3yJyHdkC-m6PCc71oNjgxzkVZFqlrv3-ZaOa6d-dziUyYGDbfmJdn4LXB7B6WtVec7t1h0lHC_Fjn1i0b26BtyeMhj_3BUk0J_YA9Frlrci2xcbdL-XGxiOwtnafvUv15mT0rbjj_RQeNqa6pZuZJNSy4E4TLaVvI9XHs?authuser=2&fife=s16383,temporary_remote_not_displayed,#icon-1899-BDBDBD,الفنادق,unique,unique,recovered_parser_used,
520,فندق برقة السياحي,فندقبرقهالسياحي,Point,21.7567193,32.765152,21.7567193,32.765152,0,valid,available,,no_image,#icon-1899-BDBDBD,الفنادق,unique,unique,recovered_parser_used,
521,فندق افريقيا البيضاء,فندقافريقياالبيضاء,Point,21.7549977,32.7641295,21.7549977,32.7641295,0,valid,available,,no_image,#icon-1899-BDBDBD,الفنادق,unique,unique,recovered_parser_used,
522,فندق برونتو البيضاء,فندقبرونتوالبيضاء,Point,21.771261,32.770748,21.771261,32.770748,0,valid,available,https://mymaps.usercontent.google.com/hostedimage/m/*/3AAjQbR4Pk4iX1X1dNVce3tvAdUC9_fdCaSMdc7eRJ17EWsEg0Gxv1cV73lvOe5GSNkSaWuXdhNqkyg5FK4LVQyf10W9kqcJbr1gm8ALXszr6TdWjoqncoajldjXi2T1QHsTyjqFDKLzOenpdGg5gEJ0pD4aNjZuNIZxDEvsA5d7EKDDNvWeG1WCJkV5deka_Baj7sBXPwLj2xZbcfUMt0VtTTGWqZr6KHpBLjHuHiCdCi1060SW4GoFRXb8L8Xc?authuser=2&fife=s16383,temporary_remote_not_displayed,#icon-1899-BDBDBD,الفنادق,unique,unique,recovered_parser_used,
523,عمارة الجوري للشقق الفندقية,عمارهالجوريللشققالفندقيه,Point,21.75352,32.75384,21.75352,32.75384,0,valid,available,https://mymaps.usercontent.google.com/hostedimage/m/*/3AAjQbR5lpv8ONWnoQLH2MkjhLdvNt8jzGY_OgJxI9GdtEUmb9IRtuh1Iwx7Mhql_TNMgsmSJ7Kvgu0Pc8QIfYgTR9sxVcnp1PUCNnlenOkeP0WHdyBwf_UnViaMwvhCzm6_jqv6DcWgrIdhu1-0zX34QNPbYDKiCboFRywOlfuzXwBLVJ6be_1oCSzVTTPJgTefDmvi_LinhzfijE4lx0YAzH6DY7QbWLqyeMdksGioosiJNC7j2XDiLc9mjGrI?authuser=2&fife=s16383,temporary_remote_not_displayed,#icon-1899-BDBDBD,الفنادق,unique,unique,recovered_parser_used,
524,فندق العنود البيضاء,فندقالعنودالبيضاء,Point,21.75517,32.76448,21.75517,32.76448,0,valid,available,https://mymaps.usercontent.google.com/hostedimage/m/*/3AAjQbR7z3QF7BR74tvHbuA4VDwCkB3K_RfnKdknWBXmL4eIRzrSpyQR72iUOcpDPlIfrvwgyq7lCCLFyw3HbpHuPUC_ueH61FVRfvmOxGUW40aMSys3tzve4J2ITIj0EyoI57YBNxsYEiSMNiXtj_I2MHGFldc1rMIONHg0oYdn-_vUbWVlHpX1PuPOqz9W6ECBPXelFrDg7o8K5NCe8izKcRtLmqintOCR3OndVFY4JYlYufzFmSoVjg5xhXBU?authuser=2&fife=s16383,temporary_remote_not_displayed,#icon-1899-BDBDBD,الفنادق,unique,unique,recovered_parser_used,
525,فندق الفردوس للشقق الفندقية,فندقالفردوسللشققالفندقيه,Point,21.7475863,32.7642035,21.7475863,32.7642035,0,valid,available,https://mymaps.usercontent.google.com/hostedimage/m/*/3AAjQbR42O0F7iZWaVLjHNEZJYkqBe-iKcJgf8evnn2Jq4x5yMuZ6xAsaNrhBJJNY2fsjtHflGt3OuDLnnzsm_dCJaevjDA7999QDivPdJBHB1bbHA9308knAHAcBkgx8vIk_3k2DBsGrW3v6qtdsNETKLaZqQE5XwUi3CDIg-D0DHya_kx_mZ1MBAB5Jtr1X7S86Jr-PQrYD5NJxr7GXHJUnGgrIyz4cSJU8yCYBm0stccLrOxex9VczNHncaIw?authuser=2&fife=s16383,temporary_remote_not_displayed,#icon-1899-BDBDBD,الفنادق,unique,unique,recovered_parser_used,
526,فندق قصر الضيافة للشقق الفندقية البيضاء,فندققصرالضيافهللشققالفندقيهالبيضاء,Point,21.729493,32.762472,21.729493,32.762472,0,valid,available,,no_image,#icon-1899-BDBDBD,الفنادق,unique,unique,recovered_parser_used,
527,فندق مرحبا للخدمات السياحية,فندقمرحباللخدماتالسياحيه,Point,21.788587,32.7682006,21.788587,32.7682006,0,valid,available,https://mymaps.usercontent.google.com/hostedimage/m/*/3AAjQbR4Oakf43WraNk--qgX48VVE8jJItXssHGbOQ2dB5v6C2nC17T2oJx-AUWTyb-7j2uvd6PucpjjCMedPfyTHMGicPPMK08kWgAh-S1GIPAJl8NfBZsDBmN1PIgF9p14VYZUeqgVdrZRlYbIcPALhCrNG6q53_acwA4n2chX6IIMYJShiFi6UhhqR_TqC2rK5FInM4WULp37ezE4aV6mbP7paBdh7kYD6CWXgGdDdvWXU_pYmUdHwI6aIoAo?authuser=2&fife=s16383,temporary_remote_not_displayed,#icon-1899-BDBDBD,الفنادق,unique,unique,recovered_parser_used,
528,عمارة اضواء ليبيا للشقق الفندقية البيضاء,عمارهاضواءليبياللشققالفندقيهالبيضاء,Point,21.79002669,32.7703838,21.79002669,32.7703838,0,valid,available,https://mymaps.usercontent.google.com/hostedimage/m/*/3AAjQbR7xRksPGOWd7_2Rs6_LO2GDoRvauwT-LbNitAEJQoFgtm0HgsvreTsXQNQt4t25XUnkgHpkvTO61WCeI-XIkOxD6JOLDmJ5v-aV32efu8Zy9Ah5Qi4uX_2ddpKFiYGrgQeD6mI6TW0uhNQunuhpw9L87N4wA3KCl3pz_wPV8lA3CZ-BAFwbzPA7erxHBZUSJGt2d1w451RPUPU_NrDMvafmdaxfR6PVMVCu6tsUNf5-iu-LjTza7PtvEgs?authuser=2&fife=s16383,temporary_remote_not_displayed,#icon-1899-BDBDBD,الفنادق,unique,unique,recovered_parser_used,
529,فندق الاندلس السياحي الخمس,فندقالاندلسالسياحيالخمس,Point,14.2777119,32.6326796,14.2777119,32.6326796,0,valid,available,,no_image,#icon-1899-BDBDBD,الفنادق,unique,unique,recovered_parser_used,
530,فندق المرقب السياحي الخمس,فندقالمرقبالسياحيالخمس,Point,14.2824311,32.6297785,14.2824311,32.6297785,0,valid,available,https://mymaps.usercontent.google.com/hostedimage/m/*/3AAjQbR4Hk-Gq1Pw8GQA0YMd1yFyEVCasWst5xKKAn7gJpkM1itN_Zp6rgOQT4nR9ck5ysNuWVnBQO4fqRx6ikmTkAY24wMGzSM7fmGVnhpYRqHlRGqJtUxC6gBaj0ZsGVlEphaRFIoC2AieCqppvsjPqtQ1QBmo8HbDfwOAfFv45ciUQdbHqCCYI3TG533Z2znIToK5ympj0mqep9vbxZ19_pDJ4SVeuE3ujz2O85Q_fi0PX_ur0XrjL2Eb63SA?authuser=2&fife=s16383,temporary_remote_not_displayed,#icon-1899-BDBDBD,الفنادق,unique,unique,recovered_parser_used,
531,فندق التوليب السياحي الخمس,فندقالتوليبالسياحيالخمس,Point,14.2492876,32.6508044,14.2492876,32.6508044,0,valid,available,https://mymaps.usercontent.google.com/hostedimage/m/*/3AAjQbR4--Gjmgff2fCb-ueFt67GvxWkgbr2ZNaAj65ULOVsQIqHCvvXx6eWCkPoHyMjhSDr-BF2Z9jdk-ke0eP160tTVNkqm09TOjdVD0JxQZVNFR0-UnwvSdLhesOLJWcwcVkXOLrVP158omMwGgIMapctTAoLCJu49oic_SfKmIbsx0i3cooiKw1dapU9PWZENSv2wNRLrKN7IiKK1Ls0wOAHjze4vIQRrzckT0uun5zFP_p-Z0voMLUAvgRE?authuser=2&fife=s16383,temporary_remote_not_displayed,#icon-1899-BDBDBD,الفنادق,unique,unique,recovered_parser_used,
532,فندق بيت سباب الخمس,فندقبيتسبابالخمس,Point,14.24756,32.648142,14.24756,32.648142,0,valid,available,https://mymaps.usercontent.google.com/hostedimage/m/*/3AAjQbR4dCyfgfzr8w74mXYT7Qjy6pxeEiZc9SfT3LfZ5bn7TGGMlwqxGA8xe0fLWZL_Sv87yAa4q-KoqeCiIMn-7qdqURd601EHv29yalXPX3Ehq6vvAscSXDOkzO7n9WUIYs9qspp0FA-lLUbP65CwgKcXgQrNFuioxAK-g73N2ocRlIvXKYxBi7bxS6vwr4Jo9lpD7XXtMTaJRRCA4PTSjmoRnUm5ocNNAen-CU5cJR22StNPTj9OJdie1z-4?authuser=2&fife=s16383,temporary_remote_not_displayed,#icon-1899-BDBDBD,الفنادق,unique,unique,recovered_parser_used,
533,فندق الاخوة السياحي الخمس,فندقالاخوهالسياحيالخمس,Point,14.2631514,32.6551959,14.2631514,32.6551959,0,valid,available,,no_image,#icon-1899-BDBDBD,الفنادق,unique,unique,recovered_parser_used,
534,فندق الليلك,فندقالليلك,Point,13.196468,32.89431,13.196468,32.89431,0,valid,available,,no_image,#icon-1899-BDBDBD,الفنادق,unique,unique,recovered_parser_used,
535,أبوزاهية,ابوزاهيه,Polygon,,,16.759613760354203,31.20977124850486,46,valid,available,,no_image,#poly-E9CAFC-1000-255,مناطق_التنمية_والاستثمار_السياحي,unique,unique,recovered_parser_used,
536,زعفران,زعفران,Polygon,,,16.420665173062382,31.21410490336048,416,valid,available,,no_image,#poly-E9CAFC-1000-255,مناطق_التنمية_والاستثمار_السياحي,unique,unique,recovered_parser_used,
537,القبيبة,القبيبه,Polygon,,,16.331143520851423,31.221423834441296,5001,valid,available,,no_image,#poly-E9CAFC-1000-255,مناطق_التنمية_والاستثمار_السياحي,unique,unique,recovered_parser_used,
538,سلطان,سلطان,Polygon,,,17.145257468918494,31.12147864513516,3143,valid,available,,no_image,#poly-E9CAFC-1000-255,مناطق_التنمية_والاستثمار_السياحي,unique,unique,recovered_parser_used,
539,النقازة,النقازه,Polygon,,,14.108146057897788,32.715036179280155,737,valid,available,,no_image,#poly-E9CAFC-1000-255,مناطق_التنمية_والاستثمار_السياحي,unique,unique,recovered_parser_used,
540,غنيمة,غنيمه,Polygon,,,14.066932941067567,32.72090492442937,223,valid,available,,no_image,#poly-E9CAFC-1000-255,مناطق_التنمية_والاستثمار_السياحي,unique,unique,recovered_parser_used,
541,فلفول,فلفول,Polygon,,,14.081778122001458,32.7181114615485,437,valid,available,,no_image,#poly-E9CAFC-1000-255,مناطق_التنمية_والاستثمار_السياحي,unique,unique,recovered_parser_used,
542,فيللا سيلين,فيللاسيلين,Polygon,,,14.157454205063498,32.708990785671915,565,valid,available,,no_image,#poly-E9CAFC-1000-255,مناطق_التنمية_والاستثمار_السياحي,unique,unique,recovered_parser_used,
543,قريم,قريم,Polygon,,,14.007110174880932,32.72937151229321,864,valid,available,,no_image,#poly-E9CAFC-1000-255,مناطق_التنمية_والاستثمار_السياحي,unique,unique,recovered_parser_used,
544,الطويبية,الطويبيه,Polygon,,,14.438333106385581,32.54413894759187,107,valid,available,,no_image,#poly-E9CAFC-1000-255,مناطق_التنمية_والاستثمار_السياحي,unique,unique,recovered_parser_used,
545,هانيبال,هانيبال,Polygon,,,14.280520830728557,32.64374598090033,27,valid,available,,no_image,#poly-E9CAFC-1000-255,مناطق_التنمية_والاستثمار_السياحي,unique,unique,recovered_parser_used,
546,ماتشوك,ماتشوك,Polygon,,,12.029082514898557,32.970431433352445,136,valid,available,,no_image,#poly-E9CAFC-1000-255,مناطق_التنمية_والاستثمار_السياحي,unique,unique,recovered_parser_used,
547,ملليتة-2,ملليته2,Polygon,,,12.345143747255534,32.821983703744664,868,valid,available,,no_image,#poly-E9CAFC-1000-255,مناطق_التنمية_والاستثمار_السياحي,unique,unique,recovered_parser_used,
548,ملليتة-1,ملليته1,Polygon,,,12.33226541820556,32.812647011447275,92,valid,available,,no_image,#poly-E9CAFC-1000-255,مناطق_التنمية_والاستثمار_السياحي,unique,unique,recovered_parser_used,
549,تلليل-غرب,تلليلغرب,Polygon,,,12.36107622234059,32.81923806554237,389,valid,available,,no_image,#poly-E9CAFC-1000-255,مناطق_التنمية_والاستثمار_السياحي,unique,unique,recovered_parser_used,
550,تلليل-شرق,تلليلشرق,Polygon,,,12.393534338270824,32.81071003351727,249,valid,available,,no_image,#poly-E9CAFC-1000-255,مناطق_التنمية_والاستثمار_السياحي,unique,unique,recovered_parser_used,
551,الجرف,الجرف,Polygon,,,12.408989590542564,32.81416351240384,820,valid,available,,no_image,#poly-E9CAFC-1000-255,مناطق_التنمية_والاستثمار_السياحي,unique,unique,recovered_parser_used,
552,صرمان,صرمان,Polygon,,,12.566598396740007,32.79397495882846,513,valid,available,,no_image,#poly-E9CAFC-1000-255,مناطق_التنمية_والاستثمار_السياحي,unique,unique,recovered_parser_used,
553,المطرد,المطرد,Polygon,,,12.620938626243747,32.79247716248719,300,valid,available,,no_image,#poly-E9CAFC-1000-255,مناطق_التنمية_والاستثمار_السياحي,unique,unique,recovered_parser_used,
554,السياحية,السياحيه,Polygon,,,13.00438847694046,32.83560914657707,36,valid,available,,no_image,#poly-E9CAFC-1000-255,مناطق_التنمية_والاستثمار_السياحي,unique,unique,recovered_parser_used,
555,أوياء,اوياء,Polygon,,,13.01710707902823,32.83948137556684,488,valid,available,,no_image,#poly-E9CAFC-1000-255,مناطق_التنمية_والاستثمار_السياحي,unique,unique,recovered_parser_used,
556,جنزور-1,جنزور1,Polygon,,,13.001189741416988,32.83501847846853,56,valid,available,,no_image,#poly-E9CAFC-1000-255,مناطق_التنمية_والاستثمار_السياحي,unique,unique,recovered_parser_used,
557,جنزور-2,جنزور2,Polygon,,,12.99758601815993,32.834192172672225,533,valid,available,,no_image,#poly-E9CAFC-1000-255,مناطق_التنمية_والاستثمار_السياحي,unique,unique,recovered_parser_used,
558,جنزور-3,جنزور3,Polygon,,,12.994218413580137,32.83276142970508,151,valid,available,,no_image,#poly-E9CAFC-1000-255,مناطق_التنمية_والاستثمار_السياحي,unique,unique,recovered_parser_used,
559,سيدي عبدالجليل-1,سيديعبدالجليل1,Polygon,,,13.036020201326398,32.847717631492195,190,valid,available,,no_image,#poly-E9CAFC-1000-255,مناطق_التنمية_والاستثمار_السياحي,unique,unique,recovered_parser_used,
560,سيدي عبدالجليل-2,سيديعبدالجليل2,Polygon,,,13.034519738820352,32.847372052331956,36,valid,available,,no_image,#poly-E9CAFC-1000-255,مناطق_التنمية_والاستثمار_السياحي,unique,unique,recovered_parser_used,
561,سيدي عبدالجليل-3,سيديعبدالجليل3,Polygon,,,13.03333662889013,32.84692227626642,205,valid,available,,no_image,#poly-E9CAFC-1000-255,مناطق_التنمية_والاستثمار_السياحي,unique,unique,recovered_parser_used,
562,سيدي عبدالجليل-4,سيديعبدالجليل4,Polygon,,,13.030821305687168,32.84616012756176,149,valid,available,,no_image,#poly-E9CAFC-1000-255,مناطق_التنمية_والاستثمار_السياحي,unique,unique,recovered_parser_used,
563,سيدي عبدالجليل-5,سيديعبدالجليل5,Polygon,,,13.028258413812289,32.84501484849956,145,valid,available,,no_image,#poly-E9CAFC-1000-255,مناطق_التنمية_والاستثمار_السياحي,unique,unique,recovered_parser_used,
564,سيدي عبدالجليل-6,سيديعبدالجليل6,Polygon,,,13.026221137868012,32.84383892396949,154,valid,available,,no_image,#poly-E9CAFC-1000-255,مناطق_التنمية_والاستثمار_السياحي,unique,unique,recovered_parser_used,
565,محطة غرب طرابلس,محطهغربطرابلس,Polygon,,,12.983909655474285,32.83029434476458,171,valid,available,,no_image,#poly-E9CAFC-1000-255,مناطق_التنمية_والاستثمار_السياحي,unique,unique,recovered_parser_used,
566,مصيف جربة,مصيفجربه,Polygon,,,12.99014128046232,32.83154878634413,59,valid,available,,no_image,#poly-E9CAFC-1000-255,مناطق_التنمية_والاستثمار_السياحي,unique,unique,recovered_parser_used,
567,مصيف جنزور-1,مصيفجنزور1,Polygon,,,13.024687258631443,32.84222411457873,109,valid,available,,no_image,#poly-E9CAFC-1000-255,مناطق_التنمية_والاستثمار_السياحي,unique,unique,recovered_parser_used,
568,مصيف جنزور-2,مصيفجنزور2,Polygon,,,13.022323368583525,32.84102525020911,50,valid,available,,no_image,#poly-E9CAFC-1000-255,مناطق_التنمية_والاستثمار_السياحي,unique,unique,recovered_parser_used,
569,الغيران,الغيران,Polygon,,,13.052798072084972,32.847198983904,1102,valid,available,,no_image,#poly-E9CAFC-1000-255,مناطق_التنمية_والاستثمار_السياحي,unique,unique,recovered_parser_used,
570,حي الأندلس-2,حيالاندلس2,Polygon,,,13.145649407491256,32.88081229759653,39,valid,available,,no_image,#poly-E9CAFC-1000-255,مناطق_التنمية_والاستثمار_السياحي,unique,unique,recovered_parser_used,
571,حي الأندلس-1,حيالاندلس1,Polygon,,,13.150047452570963,32.8807533298437,44,valid,available,,no_image,#poly-E9CAFC-1000-255,مناطق_التنمية_والاستثمار_السياحي,unique,unique,recovered_parser_used,
572,الدلفين,الدلفين,Polygon,,,13.275305255880856,32.90886096454372,38,valid,available,,no_image,#poly-E9CAFC-1000-255,مناطق_التنمية_والاستثمار_السياحي,unique,unique,recovered_parser_used,
573,النادي البحري,الناديالبحري,Polygon,,,13.236903445166345,32.90981569216583,24,valid,available,,no_image,#poly-E9CAFC-1000-255,مناطق_التنمية_والاستثمار_السياحي,unique,unique,recovered_parser_used,
574,شاطيء النخيل,شاطيءالنخيل,Polygon,,,13.242939938812267,32.90964114108908,67,valid,available,,no_image,#poly-E9CAFC-1000-255,مناطق_التنمية_والاستثمار_السياحي,unique,unique,recovered_parser_used,
575,الدخلة الشمالية,الدخلهالشماليه,Polygon,,,13.389955653787695,32.89458174952074,455,valid,available,,no_image,#poly-E9CAFC-1000-255,مناطق_التنمية_والاستثمار_السياحي,unique,unique,recovered_parser_used,
576,الدخلة الجنوبية,الدخلهالجنوبيه,Polygon,,,13.393326093971941,32.8913209146466,211,valid,available,,no_image,#poly-E9CAFC-1000-255,مناطق_التنمية_والاستثمار_السياحي,unique,unique,recovered_parser_used,
577,الفوار,الفوار,Polygon,,,13.313186205163218,32.89897625771524,703,valid,available,,no_image,#poly-E9CAFC-1000-255,مناطق_التنمية_والاستثمار_السياحي,unique,unique,recovered_parser_used,
578,الجولف,الجولف,Polygon,,,13.325810723925114,32.895248513872886,624,valid,available,,no_image,#poly-E9CAFC-1000-255,مناطق_التنمية_والاستثمار_السياحي,unique,unique,recovered_parser_used,
579,الحرية,الحريه,Polygon,,,13.342192461448713,32.895167435069865,169,valid,available,,no_image,#poly-E9CAFC-1000-255,مناطق_التنمية_والاستثمار_السياحي,unique,unique,recovered_parser_used,
580,المنارة,المناره,Polygon,,,13.383067614528072,32.89584885598162,362,valid,available,,no_image,#poly-E9CAFC-1000-255,مناطق_التنمية_والاستثمار_السياحي,unique,unique,recovered_parser_used,
581,الحميدية,الحميديه,Polygon,,,13.399700905781636,32.88261229119096,187,valid,available,,no_image,#poly-E9CAFC-1000-255,مناطق_التنمية_والاستثمار_السياحي,unique,unique,recovered_parser_used,
582,مصيف تاجوراء,مصيفتاجوراء,Polygon,,,13.414295442499387,32.87043502486065,239,valid,available,,no_image,#poly-E9CAFC-1000-255,مناطق_التنمية_والاستثمار_السياحي,unique,unique,recovered_parser_used,
583,النصر,النصر,Polygon,,,13.442089086324705,32.85642755276085,241,valid,available,,no_image,#poly-E9CAFC-1000-255,مناطق_التنمية_والاستثمار_السياحي,unique,unique,recovered_parser_used,
584,الأندلسي,الاندلسي,Polygon,,,13.361880934424926,32.8952160534566,159,valid,available,,no_image,#poly-E9CAFC-1000-255,مناطق_التنمية_والاستثمار_السياحي,unique,unique,recovered_parser_used,
585,النشيع,النشيع,Polygon,,,13.552050014803093,32.81099994716297,310,valid,available,,no_image,#poly-E9CAFC-1000-255,مناطق_التنمية_والاستثمار_السياحي,unique,unique,recovered_parser_used,
586,غوط الرمان,غوطالرمان,Polygon,,,13.502958052476654,32.83049562371544,472,valid,available,,no_image,#poly-E9CAFC-1000-255,مناطق_التنمية_والاستثمار_السياحي,unique,unique,recovered_parser_used,
587,السليسلة,السليسله,Polygon,,,13.572903018161572,32.80081817141942,683,valid,available,,no_image,#poly-E9CAFC-1000-255,مناطق_التنمية_والاستثمار_السياحي,unique,unique,recovered_parser_used,
588,العطايا,العطايا,Polygon,,,13.699979024331538,32.78973470042477,352,valid,available,,no_image,#poly-E9CAFC-1000-255,مناطق_التنمية_والاستثمار_السياحي,unique,unique,recovered_parser_used,
589,الكراوة-3,الكراوه3,Polygon,,,13.721030440048619,32.79112969599457,2681,valid,available,,no_image,#poly-E9CAFC-1000-255,مناطق_التنمية_والاستثمار_السياحي,unique,unique,recovered_parser_used,
590,الكراوة-1,الكراوه1,Polygon,,,13.80703585804262,32.78399256146536,695,valid,available,,no_image,#poly-E9CAFC-1000-255,مناطق_التنمية_والاستثمار_السياحي,unique,unique,recovered_parser_used,
591,الكراوة-2,الكراوه2,Polygon,,,13.778859997310306,32.787080120217716,4107,valid,available,,no_image,#poly-E9CAFC-1000-255,مناطق_التنمية_والاستثمار_السياحي,unique,unique,recovered_parser_used,
592,سيدي عمير-1,سيديعمير1,Polygon,,,13.83543006199671,32.784326919273354,101,valid,available,,no_image,#poly-E9CAFC-1000-255,مناطق_التنمية_والاستثمار_السياحي,unique,unique,recovered_parser_used,
593,سيدي عمير-2,سيديعمير2,Polygon,,,13.892323223451767,32.77730329067146,5001,valid,available,,no_image,#poly-E9CAFC-1000-255,مناطق_التنمية_والاستثمار_السياحي,unique,unique,recovered_parser_used,
594,المثلث الرملي,المثلثالرملي,Polygon,,,13.743310229986347,32.78581836340371,126,valid,available,,no_image,#poly-E9CAFC-1000-255,مناطق_التنمية_والاستثمار_السياحي,unique,unique,recovered_parser_used,
595,الشعاب,الشعاب,Polygon,,,13.212294581425027,32.89986986873307,140,valid,available,,no_image,#poly-E9CAFC-1000-255,مناطق_التنمية_والاستثمار_السياحي,unique,unique,recovered_parser_used,
596,أبيار السبابيل,ابيارالسبابيل,Polygon,,,13.46293454726204,32.84741544131704,120,valid,available,,no_image,#poly-E9CAFC-1000-255,مناطق_التنمية_والاستثمار_السياحي,unique,unique,recovered_parser_used,
597,ملليتة 3,ملليته3,Polygon,,,12.318179760127988,32.82895522208573,5,valid,available,,no_image,#poly-E9CAFC-1000-255,مناطق_التنمية_والاستثمار_السياحي,unique,unique,recovered_parser_used,
598,البريقاء,البريقاء,Polygon,,,11.629658240330318,33.10775073899853,792,valid,available,,no_image,#poly-E9CAFC-1000-255,مناطق_التنمية_والاستثمار_السياحي,unique,unique,recovered_parser_used,
599,أبوكشفة,ابوكشفه,Polygon,,,11.943872607804643,33.02022124441152,267,valid,available,,no_image,#poly-E9CAFC-1000-255,مناطق_التنمية_والاستثمار_السياحي,unique,unique,recovered_parser_used,
600,مصيف بياض,مصيفبياض,Polygon,,,24.025136942194006,32.0435977997222,1738,valid,available,,no_image,#poly-E9CAFC-1000-255,مناطق_التنمية_والاستثمار_السياحي,unique,unique,recovered_parser_used,
601,البردي-1,البردي1,Polygon,,,25.098962571727043,31.748425026659824,548,valid,available,,no_image,#poly-E9CAFC-1000-255,مناطق_التنمية_والاستثمار_السياحي,unique,unique,recovered_parser_used,
602,العزلية,العزليه,Polygon,,,22.236610525901124,32.87365048067605,723,valid,available,,no_image,#poly-E9CAFC-1000-255,مناطق_التنمية_والاستثمار_السياحي,unique,unique,recovered_parser_used,
603,دليس,دليس,Polygon,,,22.516674155922995,32.80437364516255,4998,valid,available,,no_image,#poly-E9CAFC-1000-255,مناطق_التنمية_والاستثمار_السياحي,unique,unique,recovered_parser_used,
604,راس التين,راسالتين,Polygon,,,23.09335284081055,32.39839458885065,184,valid,available,,no_image,#poly-E9CAFC-1000-255,مناطق_التنمية_والاستثمار_السياحي,unique,unique,recovered_parser_used,
605,الاترون,الاترون,Polygon,,,22.3255953599621,32.8716176247045,1541,valid,available,,no_image,#poly-E9CAFC-1000-255,مناطق_التنمية_والاستثمار_السياحي,unique,unique,recovered_parser_used,
606,قاريونس,قاريونس,Polygon,,,20.043748396515248,32.07133620330694,151,valid,available,,no_image,#poly-E9CAFC-1000-255,مناطق_التنمية_والاستثمار_السياحي,unique,unique,recovered_parser_used,
607,عين زيانة,عينزيانه,Polygon,,,20.156993715731012,32.22854576329419,173,valid,available,,no_image,#poly-E9CAFC-1000-255,مناطق_التنمية_والاستثمار_السياحي,unique,unique,recovered_parser_used,
608,سيدي خليفة,سيديخليفه,Polygon,,,20.200601466841086,32.27086828209296,385,valid,available,,no_image,#poly-E9CAFC-1000-255,مناطق_التنمية_والاستثمار_السياحي,unique,unique,recovered_parser_used,
609,أبوترابة,ابوترابه,Polygon,,,20.76477280972611,32.62012785820169,718,valid,available,,no_image,#poly-E9CAFC-1000-255,مناطق_التنمية_والاستثمار_السياحي,unique,unique,recovered_parser_used,
610,مصيف طلميثة,مصيفطلميثه,Polygon,,,20.953451658313643,32.715029495723705,84,valid,available,,no_image,#poly-E9CAFC-1000-255,مناطق_التنمية_والاستثمار_السياحي,unique,unique,recovered_parser_used,
611,طلميثة,طلميثه,Polygon,,,20.91822357477168,32.692482798199855,29,valid,available,,no_image,#poly-E9CAFC-1000-255,مناطق_التنمية_والاستثمار_السياحي,unique,unique,recovered_parser_used,
612,جرجارامه,جرجارامه,Polygon,,,21.442553125819213,32.79960210739601,5000,valid,available,,no_image,#poly-E9CAFC-1000-255,مناطق_التنمية_والاستثمار_السياحي,unique,unique,recovered_parser_used,
613,مويلح,مويلح,Polygon,,,21.53543716181097,32.85545657801803,1196,valid,available,,no_image,#poly-E9CAFC-1000-255,مناطق_التنمية_والاستثمار_السياحي,unique,unique,recovered_parser_used,
614,الحمامة,الحمامه,Polygon,,,21.630709187055004,32.924570055488644,1173,valid,available,,no_image,#poly-E9CAFC-1000-255,مناطق_التنمية_والاستثمار_السياحي,unique,unique,recovered_parser_used,
615,أبوشيبة,ابوشيبه,Polygon,,,19.951056269499503,31.97464666533441,27,valid,available,,no_image,#poly-E9CAFC-1000-255,مناطق_التنمية_والاستثمار_السياحي,unique,unique,recovered_parser_used,
616,المريسة,المريسه,Polygon,,,19.94592832839663,31.95550957036334,65,valid,available,,no_image,#poly-E9CAFC-1000-255,مناطق_التنمية_والاستثمار_السياحي,unique,unique,recovered_parser_used,
618,قمينس,قمينس,Polygon,,,19.955248465592813,31.6701320221024,709,valid,available,,no_image,#poly-E9CAFC-1000-255,مناطق_التنمية_والاستثمار_السياحي,unique,unique,recovered_parser_used,
619,جاروتة,جاروته,Polygon,,,19.932287046169275,31.812666345622088,146,valid,available,,no_image,#poly-E9CAFC-1000-255,مناطق_التنمية_والاستثمار_السياحي,unique,unique,recovered_parser_used,
620,الساحل الغربي,الساحلالغربي,Polygon,,,20.13753794625039,31.258641263157497,64,valid,available,,no_image,#poly-E9CAFC-1000-255,مناطق_التنمية_والاستثمار_السياحي,unique,unique,recovered_parser_used,
621,حبيب,حبيب,Polygon,,,20.020730428905193,31.454218056038908,126,valid,available,,no_image,#poly-E9CAFC-1000-255,مناطق_التنمية_والاستثمار_السياحي,unique,unique,recovered_parser_used,
622,كركورة,كركوره,Polygon,,,19.965135605334897,31.61397039413881,17,valid,available,,no_image,#poly-E9CAFC-1000-255,مناطق_التنمية_والاستثمار_السياحي,unique,unique,recovered_parser_used,
623,الحليسي,الحليسي,Polygon,,,19.95391985743614,31.923746350816593,11,valid,available,,no_image,#poly-E9CAFC-1000-255,مناطق_التنمية_والاستثمار_السياحي,unique,unique,recovered_parser_used,
624,سيدي علي,سيديعلي,Polygon,,,20.25845303698701,32.31872681951895,9,valid,available,,no_image,#poly-E9CAFC-1000-255,مناطق_التنمية_والاستثمار_السياحي,unique,unique,recovered_parser_used,
625,دريانة,دريانه,Polygon,,,20.320037493159205,32.36699875746424,17,valid,available,,no_image,#poly-E9CAFC-1000-255,مناطق_التنمية_والاستثمار_السياحي,unique,unique,recovered_parser_used,
626,مبنى,مبني,Polygon,,,20.40519547048334,32.43312462983648,16,valid,available,,no_image,#poly-E9CAFC-1000-255,مناطق_التنمية_والاستثمار_السياحي,unique,unique,recovered_parser_used,
627,البرسس,البرسس,Polygon,,,20.468685195805502,32.47522228725181,10,valid,available,,no_image,#poly-E9CAFC-1000-255,مناطق_التنمية_والاستثمار_السياحي,unique,unique,recovered_parser_used,
628,العقورية,العقوريه,Polygon,,,20.576156955810937,32.539021993625035,76,valid,available,,no_image,#poly-E9CAFC-1000-255,مناطق_التنمية_والاستثمار_السياحي,unique,unique,recovered_parser_used,
629,بابا طلميثة,باباطلميثه,Polygon,,,20.93747280792345,32.70721814406297,21,valid,available,,no_image,#poly-E9CAFC-1000-255,مناطق_التنمية_والاستثمار_السياحي,unique,unique,recovered_parser_used,
630,عقلة,عقله,Polygon,,,21.345011104581893,32.77360670637857,12,valid,available,,no_image,#poly-E9CAFC-1000-255,مناطق_التنمية_والاستثمار_السياحي,unique,unique,recovered_parser_used,
631,نوطة سوسة,نوطهسوسه,Polygon,,,21.819190676313927,32.909990646563024,25,valid,available,,no_image,#poly-E9CAFC-1000-255,مناطق_التنمية_والاستثمار_السياحي,unique,unique,recovered_parser_used,
632,مهبول,مهبول,Polygon,,,22.144327823787343,32.926153964255064,73,valid,available,,no_image,#poly-E9CAFC-1000-255,مناطق_التنمية_والاستثمار_السياحي,unique,unique,recovered_parser_used,
633,بركة ناصر,بركهناصر,Polygon,,,22.17380236667438,32.89383221308204,6,valid,available,,no_image,#poly-E9CAFC-1000-255,مناطق_التنمية_والاستثمار_السياحي,unique,unique,recovered_parser_used,
634,كرسة,كرسه,Polygon,,,22.423612550463734,32.848881251666256,90,valid,available,,no_image,#poly-E9CAFC-1000-255,مناطق_التنمية_والاستثمار_السياحي,unique,unique,recovered_parser_used,
635,الناقة,الناقه,Polygon,,,22.558490519215546,32.80055894935414,13,valid,available,,no_image,#poly-E9CAFC-1000-255,مناطق_التنمية_والاستثمار_السياحي,unique,unique,recovered_parser_used,
636,بومسافر,بومسافر,Polygon,,,22.567701802026523,32.787615225725666,6,valid,available,,no_image,#poly-E9CAFC-1000-255,مناطق_التنمية_والاستثمار_السياحي,unique,unique,recovered_parser_used,
637,الشاطيء,الشاطيء,Polygon,,,22.61384158442725,32.77305498430495,9,valid,available,,no_image,#poly-E9CAFC-1000-255,مناطق_التنمية_والاستثمار_السياحي,unique,unique,recovered_parser_used,
638,,,Polygon,,,22.924982915619662,32.666034016553475,13,valid,available,,no_image,#poly-E9CAFC-1000-255,مناطق_التنمية_والاستثمار_السياحي,unique,unique,recovered_parser_used,
639,المقرون,المقرون,Polygon,,,20.082090550137803,31.3456561053692,48,valid,available,,no_image,#poly-E9CAFC-1000-255,مناطق_التنمية_والاستثمار_السياحي,unique,unique,recovered_parser_used,
640,البردي-3,البردي3,Polygon,,,25.11640073619706,31.71643617407465,64,valid,available,,no_image,#poly-E9CAFC-1000-255,مناطق_التنمية_والاستثمار_السياحي,unique,unique,recovered_parser_used,
641,البردي-2,البردي2,Polygon,,,25.041810893766556,31.856826746169443,191,valid,available,,no_image,#poly-E9CAFC-1000-255,مناطق_التنمية_والاستثمار_السياحي,unique,unique,recovered_parser_used,
642,عزاز,عزاز,Polygon,,,24.99470112268509,31.953789093645582,42,valid,available,,no_image,#poly-E9CAFC-1000-255,مناطق_التنمية_والاستثمار_السياحي,unique,unique,recovered_parser_used,
643,الجدي,الجدي,Polygon,,,24.932313665732224,31.96971318588655,65,valid,available,,no_image,#poly-E9CAFC-1000-255,مناطق_التنمية_والاستثمار_السياحي,unique,unique,recovered_parser_used,
644,شويمر,شويمر,Polygon,,,24.85336074757961,31.983817057438443,74,valid,available,,no_image,#poly-E9CAFC-1000-255,مناطق_التنمية_والاستثمار_السياحي,unique,unique,recovered_parser_used,
645,مرسة دفنة,مرسهدفنه,Polygon,,,24.769970955702423,32.007771077896955,54,valid,available,,no_image,#poly-E9CAFC-1000-255,مناطق_التنمية_والاستثمار_السياحي,unique,unique,recovered_parser_used,
646,بئرالأشهب,بيرالاشهب,Polygon,,,24.612591398495777,31.999305070625763,14,valid,available,,no_image,#poly-E9CAFC-1000-255,مناطق_التنمية_والاستثمار_السياحي,unique,unique,recovered_parser_used,
647,قابس,قابس,MultiPolygon,,,24.57452293874068,31.98769973679603,53,valid,available,,no_image,#poly-E9CAFC-1000-255,مناطق_التنمية_والاستثمار_السياحي,unique,unique,recovered_parser_used,
648,كمبوت,كمبوت,Polygon,,,24.532444432722684,31.976517483464626,41,valid,available,,no_image,#poly-E9CAFC-1000-255,مناطق_التنمية_والاستثمار_السياحي,unique,unique,recovered_parser_used,
649,العقلة,العقله,Polygon,,,24.26145420196206,32.00223246146027,53,valid,available,,no_image,#poly-E9CAFC-1000-255,مناطق_التنمية_والاستثمار_السياحي,unique,unique,recovered_parser_used,
650,العودا,العودا,Polygon,,,23.880382320272695,32.119584099425666,140,valid,available,,no_image,#poly-E9CAFC-1000-255,مناطق_التنمية_والاستثمار_السياحي,unique,unique,recovered_parser_used,
651,المرصص,المرصص,Polygon,,,23.706914064358816,32.161449103522365,128,valid,available,,no_image,#poly-E9CAFC-1000-255,مناطق_التنمية_والاستثمار_السياحي,unique,unique,recovered_parser_used,
652,بلخاتر,بلخاتر,Polygon,,,23.530625762409784,32.16975367570067,17,valid,available,,no_image,#poly-E9CAFC-1000-255,مناطق_التنمية_والاستثمار_السياحي,unique,unique,recovered_parser_used,
653,عين الغزال,عينالغزال,MultiPolygon,,,23.26801217535817,32.198296239361824,19,valid,available,,no_image,#poly-E9CAFC-1000-255,مناطق_التنمية_والاستثمار_السياحي,unique,unique,recovered_parser_used,
654,التميمي,التميمي,Polygon,,,23.227628642988748,32.24076012373116,33,valid,available,,no_image,#poly-E9CAFC-1000-255,مناطق_التنمية_والاستثمار_السياحي,unique,unique,recovered_parser_used,
655,بالقردان,بالقردان,MultiPolygon,,,23.14558336606351,32.304894855014815,111,valid,available,,no_image,#poly-E9CAFC-1000-255,مناطق_التنمية_والاستثمار_السياحي,unique,unique,recovered_parser_used,
656,راس التين-2,راسالتين2,Polygon,,,23.112896326854358,32.51119453771878,230,valid,available,,no_image,#poly-E9CAFC-1000-255,مناطق_التنمية_والاستثمار_السياحي,unique,unique,recovered_parser_used,
657,خبطة,خبطه,Polygon,,,23.036497348026383,32.63864769808797,14,valid,available,,no_image,#poly-E9CAFC-1000-255,مناطق_التنمية_والاستثمار_السياحي,unique,unique,recovered_parser_used,
658,بوهريشيمة,بوهريشيمه,Polygon,,,20.171544418313307,31.11280167596828,40,valid,available,,no_image,#poly-E9CAFC-1000-255,مناطق_التنمية_والاستثمار_السياحي,unique,unique,recovered_parser_used,
659,الزويتينة الشمالي,الزويتينهالشمالي,Polygon,,,20.137567449968383,30.997459710760687,12,valid,available,,no_image,#poly-E9CAFC-1000-255,مناطق_التنمية_والاستثمار_السياحي,unique,unique,recovered_parser_used,
660,الزويتينة الجنوبي,الزويتينهالجنوبي,Polygon,,,20.101639714421356,30.934159724335824,7,valid,available,,no_image,#poly-E9CAFC-1000-255,مناطق_التنمية_والاستثمار_السياحي,unique,unique,recovered_parser_used,
661,مرير قابس,مريرقابس,Polygon,,,19.914163301581077,30.667000807796075,7,valid,available,,no_image,#poly-E9CAFC-1000-255,مناطق_التنمية_والاستثمار_السياحي,unique,unique,recovered_parser_used,
662,بشر,بشر,Polygon,,,19.393654191339863,30.32452957746827,27,valid,available,,no_image,#poly-E9CAFC-1000-255,مناطق_التنمية_والاستثمار_السياحي,unique,unique,recovered_parser_used,
663,العقيلة,العقيله,Polygon,,,19.161169840522785,30.268152530321192,31,valid,available,,no_image,#poly-E9CAFC-1000-255,مناطق_التنمية_والاستثمار_السياحي,unique,unique,recovered_parser_used,
664,راس لانوف,راسلانوف,MultiPolygon,,,18.485610748081726,30.551920619719336,19,valid,available,,no_image,#poly-E9CAFC-1000-255,مناطق_التنمية_والاستثمار_السياحي,unique,unique,recovered_parser_used,
665,السدرة,السدره,Polygon,,,18.437854813424583,30.58097612501049,15,valid,available,,no_image,#poly-E9CAFC-1000-255,مناطق_التنمية_والاستثمار_السياحي,unique,unique,recovered_parser_used,
666,بن جواد,بنجواد,Polygon,,,18.197869771988138,30.773122181201035,16,valid,available,,no_image,#poly-E9CAFC-1000-255,مناطق_التنمية_والاستثمار_السياحي,unique,unique,recovered_parser_used,
667,عسيلة الغربي,عسيلهالغربي,Polygon,,,17.442653039331095,31.041371194828436,24,valid,available,,no_image,#poly-E9CAFC-1000-255,مناطق_التنمية_والاستثمار_السياحي,unique,unique,recovered_parser_used,
668,هراوة,هراوه,Polygon,,,17.292271036000624,31.08642761093855,11,valid,available,,no_image,#poly-E9CAFC-1000-255,مناطق_التنمية_والاستثمار_السياحي,unique,unique,recovered_parser_used,
669,السميدة,السميده,Polygon,,,15.350277512211468,32.041109777421774,10,valid,available,,no_image,#poly-E9CAFC-1000-255,مناطق_التنمية_والاستثمار_السياحي,unique,unique,recovered_parser_used,
670,قصر أحمد,قصراحمد,Polygon,,,15.334328305632102,32.18987767483263,17,valid,available,,no_image,#poly-E9CAFC-1000-255,مناطق_التنمية_والاستثمار_السياحي,unique,unique,recovered_parser_used,
671,الدافنية,الدافنيه,Polygon,,,14.970994289420355,32.417743264528426,19,valid,available,,no_image,#poly-E9CAFC-1000-255,مناطق_التنمية_والاستثمار_السياحي,unique,unique,recovered_parser_used,
672,العويجة,العويجه,Polygon,,,17.86347639998603,30.910906353457566,24,valid,available,,no_image,#poly-E9CAFC-1000-255,مناطق_التنمية_والاستثمار_السياحي,unique,unique,recovered_parser_used,
673,أم الخنفس,امالخنفس,Polygon,,,17.74290707883225,30.93730300578312,13,valid,available,,no_image,#poly-E9CAFC-1000-255,مناطق_التنمية_والاستثمار_السياحي,unique,unique,recovered_parser_used,
674,عسيلة الشرقي,عسيلهالشرقي,Polygon,,,17.509869687741677,31.00865903056148,7,valid,available,,no_image,#poly-E9CAFC-1000-255,مناطق_التنمية_والاستثمار_السياحي,unique,unique,recovered_parser_used,
675,القرضابية,القرضابيه,Polygon,,,16.850777957196776,31.187341834299247,20,valid,available,,no_image,#poly-E9CAFC-1000-255,مناطق_التنمية_والاستثمار_السياحي,unique,unique,recovered_parser_used,
