link_id,feature_id,layer_id,feature_name_ar,facility_type,image_id,source_relative_path,current_role,file_exists,image_readable,technical_quality,master_image_id,duplicate_group_id,match_basis,visual_review_status,rights_status,recommended_action,manual_review_required,notes
B2-LINK-00001,LY-HOT-000001,hotels,فندق كورنثيا,hotel,IMG-FA97329E9A9EC2B8,assets/images/hotels/hotels-LY-HOTELS-00001-05.webp,gallery,true,true,thumbnail_only,IMG-2C6E751270A91DAA,DUP-01096,existing_link,not_individually_verified,unknown,retain_candidate,true,No Batch 2 approval or visual review inferred.
B2-LINK-00002,LY-HOT-000002,hotels,فندق بينثابوليس,hotel,IMG-498ED4DC235794F3,assets/images/hotels/hotels-LY-HOTELS-00002-02.webp,gallery,true,true,thumbnail_only,IMG-8A7CCCA2B7E60737,DUP-00134,existing_link,not_individually_verified,unknown,retain_candidate,true,No Batch 2 approval or visual review inferred.
B2-LINK-00003,LY-HOT-000002,hotels,فندق بينثابوليس,hotel,IMG-14000C12BAEA2328,assets/images/hotels/hotels-LY-HOTELS-00002-03.webp,gallery,true,true,thumbnail_only,IMG-0E7971CD592A3769,DUP-00080,existing_link,not_individually_verified,unknown,retain_candidate,true,No Batch 2 approval or visual review inferred.
B2-LINK-00004,LY-HOT-000002,hotels,فندق بينثابوليس,hotel,IMG-6475D28069ABC0C9,assets/images/hotels/hotels-LY-HOTELS-00002-04.webp,gallery,true,true,thumbnail_only,IMG-132F24BC9AA40564,DUP-01310,existing_link,not_individually_verified,unknown,retain_candidate,true,No Batch 2 approval or visual review inferred.
B2-LINK-00005,LY-HOT-000003,hotels,فندق جوهرة الواحة,hostel,IMG-B802642D83C0705A,assets/images/hotels/hotels-LY-HOTELS-00003-01.webp,gallery,true,true,thumbnail_only,IMG-7109F2C92F3524CC,DUP-00464,existing_link,not_individually_verified,unknown,retain_candidate,true,No Batch 2 approval or visual review inferred.
B2-LINK-00006,LY-HOT-000003,hotels,فندق جوهرة الواحة,hostel,IMG-FC1ADD1B64A7B49D,assets/images/hotels/hotels-LY-HOTELS-00003-02.webp,gallery,true,true,thumbnail_only,IMG-4067243311199310,DUP-01101,existing_link,not_individually_verified,unknown,retain_candidate,true,No Batch 2 approval or visual review inferred.
B2-LINK-00007,LY-HOT-000003,hotels,فندق جوهرة الواحة,hostel,IMG-3E72908363D437BE,assets/images/hotels/hotels-LY-HOTELS-00003-03.webp,gallery,true,true,thumbnail_only,,,existing_link,not_individually_verified,unknown,retain_candidate,true,No Batch 2 approval or visual review inferred.
B2-LINK-00008,LY-HOT-000003,hotels,فندق جوهرة الواحة,hostel,IMG-6A80A1649E885F5F,assets/images/hotels/hotels-LY-HOTELS-00003-04.webp,gallery,true,true,thumbnail_only,IMG-A5742B2F99C4C31D,DUP-00769,existing_link,not_individually_verified,unknown,retain_candidate,true,No Batch 2 approval or visual review inferred.
B2-LINK-00009,LY-HOT-000004,hotels,فندق تبرس,hostel,IMG-D290D5E752B7F249,assets/images/hotels/hotels-LY-HOTELS-00004-01.webp,gallery,true,true,thumbnail_only,IMG-1F1F62E31C92DC9F,DUP-00501,existing_link,not_individually_verified,unknown,retain_candidate,true,No Batch 2 approval or visual review inferred.
B2-LINK-00010,LY-HOT-000004,hotels,فندق تبرس,hostel,IMG-46F49E7C221A033F,assets/images/hotels/hotels-LY-HOTELS-00004-02.webp,gallery,true,true,thumbnail_only,IMG-519E9786E63972DB,DUP-00778,existing_link,not_individually_verified,unknown,retain_candidate,true,No Batch 2 approval or visual review inferred.
B2-LINK-00011,LY-HOT-000005,hotels,منتجع شحات السياحي,resort,IMG-02BE325FA2853805,assets/images/hotels/hotels-LY-HOTELS-00005-04.webp,gallery,true,true,acceptable,IMG-5E57E1652E9C5361,DUP-01002,existing_link,not_individually_verified,unknown,retain_candidate,true,No Batch 2 approval or visual review inferred.
B2-LINK-00012,LY-HOT-000005,hotels,منتجع شحات السياحي,resort,IMG-40B37878823F011F,assets/images/hotels/hotels-LY-HOTELS-00005-05.webp,gallery,true,true,acceptable,IMG-40B37878823F011F,DUP-00313,existing_link,not_individually_verified,unknown,retain_candidate,true,No Batch 2 approval or visual review inferred.
B2-LINK-00013,LY-HOT-000005,hotels,منتجع شحات السياحي,resort,IMG-230B3A6E36310AD5,assets/images/hotels/hotels-LY-HOTELS-00005-06.webp,gallery,true,true,high,IMG-8DC747601EC6069C,DUP-00042,existing_link,not_individually_verified,unknown,retain_candidate,true,No Batch 2 approval or visual review inferred.
B2-LINK-00014,LY-HOT-000006,hotels,فندق المنارة,hotel,IMG-C1C05F1A9D79A78A,assets/images/hotels/hotels-LY-HOTELS-00006-04.webp,gallery,true,true,acceptable,IMG-6E813051ABAE8EF8,DUP-01122,existing_link,not_individually_verified,unknown,retain_candidate,true,No Batch 2 approval or visual review inferred.
B2-LINK-00015,LY-HOT-000006,hotels,فندق المنارة,hotel,IMG-689BA7BAF801552C,assets/images/hotels/hotels-LY-HOTELS-00006-05.webp,gallery,true,true,acceptable,IMG-5B7142A4EFCBA2D4,DUP-00594,existing_link,not_individually_verified,unknown,retain_candidate,true,No Batch 2 approval or visual review inferred.
B2-LINK-00016,LY-HOT-000006,hotels,فندق المنارة,hotel,IMG-11FA0A8CD5EB2920,assets/images/hotels/hotels-LY-HOTELS-00006-06.webp,gallery,true,true,acceptable,IMG-C339038E88B2C8FF,DUP-01031,existing_link,not_individually_verified,unknown,retain_candidate,true,No Batch 2 approval or visual review inferred.
B2-LINK-00017,LY-HOT-000007,hotels,فندق لؤلؤة الخليج,hostel,IMG-7703B3398C7DF70E,assets/images/hotels/hotels-LY-HOTELS-00007-02.webp,gallery,true,true,thumbnail_only,IMG-7FB51DD7960436EF,DUP-00366,existing_link,not_individually_verified,unknown,retain_candidate,true,No Batch 2 approval or visual review inferred.
B2-LINK-00018,LY-HOT-000007,hotels,فندق لؤلؤة الخليج,hostel,IMG-732E1994D7D4EF4B,assets/images/hotels/hotels-LY-HOTELS-00007-03.webp,gallery,true,true,thumbnail_only,IMG-0DF8A715A9B5BE0F,DUP-01264,existing_link,not_individually_verified,unknown,retain_candidate,true,No Batch 2 approval or visual review inferred.
B2-LINK-00019,LY-HOT-000008,hotels,فندق التلال الوسيطة البيضاء,resort,IMG-5EB2C1FAE325444C,assets/images/hotels/hotels-LY-HOTELS-00008-04.webp,gallery,true,true,thumbnail_only,IMG-12962076A3275132,DUP-00948,existing_link,not_individually_verified,unknown,retain_candidate,true,No Batch 2 approval or visual review inferred.
B2-LINK-00020,LY-HOT-000008,hotels,فندق التلال الوسيطة البيضاء,resort,IMG-CCEFA42B6FCE0C72,assets/images/hotels/hotels-LY-HOTELS-00008-05.webp,gallery,true,true,thumbnail_only,IMG-EEFA7360E188E3E9,DUP-00232,existing_link,not_individually_verified,unknown,retain_candidate,true,No Batch 2 approval or visual review inferred.
B2-LINK-00021,LY-HOT-000008,hotels,فندق التلال الوسيطة البيضاء,resort,IMG-B496E4D876E85B25,assets/images/hotels/hotels-LY-HOTELS-00008-06.webp,gallery,true,true,thumbnail_only,IMG-B516A095E702B8B4,DUP-00148,existing_link,not_individually_verified,unknown,retain_candidate,true,No Batch 2 approval or visual review inferred.
B2-LINK-00022,LY-HOT-000008,hotels,فندق التلال الوسيطة البيضاء,resort,IMG-3C67E6809FD5E9E6,assets/images/hotels/hotels-LY-HOTELS-00008-07.webp,gallery,true,true,thumbnail_only,IMG-E5FEF0D97E268473,DUP-00375,existing_link,not_individually_verified,unknown,retain_candidate,true,No Batch 2 approval or visual review inferred.
B2-LINK-00023,LY-HOT-000009,hotels,العنود للشقق الفندقية,hotel,IMG-819089A3F33FB55C,assets/images/hotels/hotels-LY-HOTELS-00009-01.webp,gallery,true,true,thumbnail_only,IMG-E8A0ACB419E446F1,DUP-01222,existing_link,not_individually_verified,unknown,retain_candidate,true,No Batch 2 approval or visual review inferred.
B2-LINK-00024,LY-HOT-000009,hotels,العنود للشقق الفندقية,hotel,IMG-8302B3A52AE6F475,assets/images/hotels/hotels-LY-HOTELS-00009-02.webp,gallery,true,true,thumbnail_only,IMG-8E0A80A036FBC349,DUP-00426,existing_link,not_individually_verified,unknown,retain_candidate,true,No Batch 2 approval or visual review inferred.
B2-LINK-00025,LY-HOT-000009,hotels,العنود للشقق الفندقية,hotel,IMG-692F979223300C23,assets/images/hotels/hotels-LY-HOTELS-00009-03.webp,gallery,true,true,thumbnail_only,IMG-F971B4FC52EF7D77,DUP-00652,existing_link,not_individually_verified,unknown,retain_candidate,true,No Batch 2 approval or visual review inferred.
B2-LINK-00026,LY-HOT-000009,hotels,العنود للشقق الفندقية,hotel,IMG-DAE7BE536406D158,assets/images/hotels/hotels-LY-HOTELS-00009-04.webp,gallery,true,true,thumbnail_only,IMG-9E7099941982808B,DUP-00172,existing_link,not_individually_verified,unknown,retain_candidate,true,No Batch 2 approval or visual review inferred.
B2-LINK-00027,LY-HOT-000010,hotels,فندق الثريا,hotel,IMG-55D8F93ACEA7906A,assets/images/hotels/hotels-LY-HOTELS-00010-01.webp,gallery,true,true,thumbnail_only,IMG-C703BA3F8EA4B26E,DUP-00643,existing_link,not_individually_verified,unknown,retain_candidate,true,No Batch 2 approval or visual review inferred.
B2-LINK-00028,LY-HOT-000010,hotels,فندق الثريا,hotel,IMG-EA82B65A2B458435,assets/images/hotels/hotels-LY-HOTELS-00010-02.webp,gallery,true,true,thumbnail_only,IMG-5782AFEA9FC32E00,DUP-00085,existing_link,not_individually_verified,unknown,retain_candidate,true,No Batch 2 approval or visual review inferred.
B2-LINK-00029,LY-HOT-000010,hotels,فندق الثريا,hotel,IMG-F2548E6563FBF140,assets/images/hotels/hotels-LY-HOTELS-00010-03.webp,gallery,true,true,thumbnail_only,IMG-5BA29A2AD9794D66,DUP-00980,existing_link,not_individually_verified,unknown,retain_candidate,true,No Batch 2 approval or visual review inferred.
B2-LINK-00030,LY-HOT-000010,hotels,فندق الثريا,hotel,IMG-39AD2585FAA1C1B4,assets/images/hotels/hotels-LY-HOTELS-00010-04.webp,gallery,true,true,thumbnail_only,IMG-BD5AE29CFD421B85,DUP-00124,existing_link,not_individually_verified,unknown,retain_candidate,true,No Batch 2 approval or visual review inferred.
B2-LINK-00031,LY-HOT-000010,hotels,فندق الثريا,hotel,IMG-8F535C871C5F10F8,assets/images/hotels/hotels-LY-HOTELS-00010-05.webp,gallery,true,true,thumbnail_only,IMG-D4D00CD2677C29B4,DUP-00056,existing_link,not_individually_verified,unknown,retain_candidate,true,No Batch 2 approval or visual review inferred.
B2-LINK-00032,LY-HOT-000011,hotels,منتجع الينابيع السياحي,resort,IMG-65AB52B2F6CC48F7,assets/images/hotels/hotels-LY-HOTELS-00011-04.webp,gallery,true,true,high,IMG-84252D7DCE95F6A0,DUP-00952,existing_link,not_individually_verified,unknown,retain_candidate,true,No Batch 2 approval or visual review inferred.
B2-LINK-00033,LY-HOT-000011,hotels,منتجع الينابيع السياحي,resort,IMG-DF81B5FBDADD0871,assets/images/hotels/hotels-LY-HOTELS-00011-05.webp,gallery,true,true,high,IMG-90022B6C6261A0E8,DUP-00874,existing_link,not_individually_verified,unknown,retain_candidate,true,No Batch 2 approval or visual review inferred.
B2-LINK-00034,LY-HOT-000012,hotels,فندق برقة,hotel,IMG-119A09082CDA83D7,assets/images/hotels/hotels-LY-HOTELS-00012-01.webp,gallery,true,true,thumbnail_only,IMG-5568E8921219816B,DUP-00310,existing_link,not_individually_verified,unknown,retain_candidate,true,No Batch 2 approval or visual review inferred.
B2-LINK-00035,LY-HOT-000018,hotels,فندق الطاووس,hostel,IMG-70EDD68175987801,assets/images/hotels/hotels-LY-HOTELS-00018-01.webp,gallery,true,true,thumbnail_only,IMG-70EDD68175987801,DUP-00873,existing_link,not_individually_verified,unknown,retain_candidate,true,No Batch 2 approval or visual review inferred.
B2-LINK-00036,LY-HOT-000018,hotels,فندق الطاووس,hostel,IMG-5E40B38E935885E6,assets/images/hotels/hotels-LY-HOTELS-00018-02.webp,gallery,true,true,thumbnail_only,IMG-3F0019B1FB50CC2A,DUP-01203,existing_link,not_individually_verified,unknown,retain_candidate,true,No Batch 2 approval or visual review inferred.
B2-LINK-00037,LY-HOT-000018,hotels,فندق الطاووس,hostel,IMG-2C9B115E5AEA12E9,assets/images/hotels/hotels-LY-HOTELS-00018-03.webp,gallery,true,true,thumbnail_only,IMG-BD5C230F0F3E49A2,DUP-00558,existing_link,not_individually_verified,unknown,retain_candidate,true,No Batch 2 approval or visual review inferred.
B2-LINK-00038,LY-HOT-000018,hotels,فندق الطاووس,hostel,IMG-26DF96E261C14EE6,assets/images/hotels/hotels-LY-HOTELS-00018-04.webp,gallery,true,true,thumbnail_only,IMG-7F8085AC82D3F80B,DUP-00061,existing_link,not_individually_verified,unknown,retain_candidate,true,No Batch 2 approval or visual review inferred.
B2-LINK-00039,LY-HOT-000019,hotels,فندق الودان,hotel,IMG-6A860408D3A66731,assets/images/hotels/hotels-LY-HOTELS-00019-02.webp,gallery,true,true,thumbnail_only,IMG-8D9EA23C81887426,DUP-00826,existing_link,not_individually_verified,unknown,retain_candidate,true,No Batch 2 approval or visual review inferred.
B2-LINK-00040,LY-HOT-000019,hotels,فندق الودان,hotel,IMG-DB43D8167DF482F3,assets/images/hotels/hotels-LY-HOTELS-00019-03.webp,gallery,true,true,thumbnail_only,IMG-67FC91E64EB9249D,DUP-01094,existing_link,not_individually_verified,unknown,retain_candidate,true,No Batch 2 approval or visual review inferred.
B2-LINK-00041,LY-HOT-000019,hotels,فندق الودان,hotel,IMG-23AA573D976863BF,assets/images/hotels/hotels-LY-HOTELS-00019-04.webp,gallery,true,true,thumbnail_only,IMG-F4180DB62996EED6,DUP-00932,existing_link,not_individually_verified,unknown,retain_candidate,true,No Batch 2 approval or visual review inferred.
B2-LINK-00042,LY-HOT-000019,hotels,فندق الودان,hotel,IMG-2E69969DD1EF1BAB,assets/images/hotels/hotels-LY-HOTELS-00019-05.webp,gallery,true,true,thumbnail_only,IMG-B7C610ED65925F5D,DUP-00746,existing_link,not_individually_verified,unknown,retain_candidate,true,No Batch 2 approval or visual review inferred.
B2-LINK-00043,LY-HOT-000020,hotels,فندق دار السلام ( المسيرة سابقا ),hotel,IMG-872A6D479BE28E01,assets/images/hotels/hotels-LY-HOTELS-00020-02.webp,gallery,true,true,thumbnail_only,IMG-FCAE0E7CAF03F59D,DUP-00670,existing_link,not_individually_verified,unknown,retain_candidate,true,No Batch 2 approval or visual review inferred.
B2-LINK-00044,LY-HOT-000020,hotels,فندق دار السلام ( المسيرة سابقا ),hotel,IMG-253F76E0FE94EBF3,assets/images/hotels/hotels-LY-HOTELS-00020-03.webp,gallery,true,true,thumbnail_only,,,existing_link,not_individually_verified,unknown,retain_candidate,true,No Batch 2 approval or visual review inferred.
B2-LINK-00045,LY-HOT-000020,hotels,فندق دار السلام ( المسيرة سابقا ),hotel,IMG-62E2C2869EB72051,assets/images/hotels/hotels-LY-HOTELS-00020-04.webp,gallery,true,true,thumbnail_only,IMG-DA73381C48679FF7,DUP-00149,existing_link,not_individually_verified,unknown,retain_candidate,true,No Batch 2 approval or visual review inferred.
B2-LINK-00046,LY-HOT-000020,hotels,فندق دار السلام ( المسيرة سابقا ),hotel,IMG-066297BAC6AAE169,assets/images/hotels/hotels-LY-HOTELS-00020-05.webp,gallery,true,true,thumbnail_only,IMG-3D038DA6076E2102,DUP-00807,existing_link,not_individually_verified,unknown,retain_candidate,true,No Batch 2 approval or visual review inferred.
B2-LINK-00047,LY-HOT-000021,hotels,فندق سان جورج,hotel,IMG-3CBAB36D93017A02,assets/images/hotels/hotels-LY-HOTELS-00021-01.webp,gallery,true,true,thumbnail_only,IMG-A6E700E352D9D346,DUP-00888,existing_link,not_individually_verified,unknown,retain_candidate,true,No Batch 2 approval or visual review inferred.
B2-LINK-00048,LY-HOT-000021,hotels,فندق سان جورج,hotel,IMG-95CF601757354B3F,assets/images/hotels/hotels-LY-HOTELS-00021-02.webp,gallery,true,true,thumbnail_only,IMG-DA3F97E70275903E,DUP-00467,existing_link,not_individually_verified,unknown,retain_candidate,true,No Batch 2 approval or visual review inferred.
B2-LINK-00049,LY-HOT-000021,hotels,فندق سان جورج,hotel,IMG-6B6A6F7DC87798A5,assets/images/hotels/hotels-LY-HOTELS-00021-03.webp,gallery,true,true,thumbnail_only,IMG-21B747EF21AF4EB2,DUP-00602,existing_link,not_individually_verified,unknown,retain_candidate,true,No Batch 2 approval or visual review inferred.
B2-LINK-00050,LY-HOT-000021,hotels,فندق سان جورج,hotel,IMG-D029A97AEA25937B,assets/images/hotels/hotels-LY-HOTELS-00021-04.webp,gallery,true,true,thumbnail_only,IMG-02C2E0F3E00D62FE,DUP-01215,existing_link,not_individually_verified,unknown,retain_candidate,true,No Batch 2 approval or visual review inferred.
B2-LINK-00051,LY-HOT-000022,hotels,فندق الحسنين الكبير,hostel,IMG-19C3F36AD1E19044,assets/images/hotels/hotels-LY-HOTELS-00022-01.webp,gallery,true,true,thumbnail_only,IMG-7F6D30A79425F860,DUP-00650,existing_link,not_individually_verified,unknown,retain_candidate,true,No Batch 2 approval or visual review inferred.
B2-LINK-00052,LY-HOT-000022,hotels,فندق الحسنين الكبير,hostel,IMG-5E9DCD4D059C7AD9,assets/images/hotels/hotels-LY-HOTELS-00022-02.webp,gallery,true,true,thumbnail_only,IMG-806E5F9FF99C0997,DUP-00704,existing_link,not_individually_verified,unknown,retain_candidate,true,No Batch 2 approval or visual review inferred.
B2-LINK-00053,LY-HOT-000022,hotels,فندق الحسنين الكبير,hostel,IMG-314F97456D2A7EB2,assets/images/hotels/hotels-LY-HOTELS-00022-03.webp,gallery,true,true,thumbnail_only,IMG-30873D3AF2BC6450,DUP-00498,existing_link,not_individually_verified,unknown,retain_candidate,true,No Batch 2 approval or visual review inferred.
B2-LINK-00054,LY-HOT-000023,hotels,بيوت الشباب,hostel,IMG-56A6440E48860943,assets/images/hotels/hotels-LY-HOTELS-00023-01.webp,gallery,true,true,thumbnail_only,IMG-764C36CA540766FE,DUP-00630,existing_link,not_individually_verified,unknown,retain_candidate,true,No Batch 2 approval or visual review inferred.
B2-LINK-00055,LY-HOT-000023,hotels,بيوت الشباب,hostel,IMG-FD2787C91485695B,assets/images/hotels/hotels-LY-HOTELS-00023-02.webp,gallery,true,true,acceptable,IMG-9B59C43D9CD1C18B,DUP-00763,existing_link,not_individually_verified,unknown,retain_candidate,true,No Batch 2 approval or visual review inferred.
B2-LINK-00056,LY-HOT-000023,hotels,بيوت الشباب,hostel,IMG-F51E7FC26DAC2D45,assets/images/hotels/hotels-LY-HOTELS-00023-03.webp,gallery,true,true,high,IMG-C19301E8DA3E8463,DUP-00566,existing_link,not_individually_verified,unknown,retain_candidate,true,No Batch 2 approval or visual review inferred.
B2-LINK-00057,LY-HOT-000023,hotels,بيوت الشباب,hostel,IMG-E1B016E4293C4E28,assets/images/hotels/hotels-LY-HOTELS-00023-04.webp,gallery,true,true,high,IMG-E1B016E4293C4E28,DUP-01198,existing_link,not_individually_verified,unknown,retain_candidate,true,No Batch 2 approval or visual review inferred.
B2-LINK-00058,LY-HOT-000024,hotels,فندق بلاغراي السياحي ( التلال سابقا ),hostel,IMG-F5D8E40E6C1EA4DB,assets/images/hotels/hotels-LY-HOTELS-00024-01.webp,gallery,true,true,thumbnail_only,IMG-ECA705914F3DDBD7,DUP-00833,existing_link,not_individually_verified,unknown,retain_candidate,true,No Batch 2 approval or visual review inferred.
B2-LINK-00059,LY-HOT-000024,hotels,فندق بلاغراي السياحي ( التلال سابقا ),hostel,IMG-E7D3068BC5E134C3,assets/images/hotels/hotels-LY-HOTELS-00024-03.webp,gallery,true,true,thumbnail_only,IMG-FB213F7408D70E4A,DUP-01173,existing_link,not_individually_verified,unknown,retain_candidate,true,No Batch 2 approval or visual review inferred.
B2-LINK-00060,LY-HOT-000024,hotels,فندق بلاغراي السياحي ( التلال سابقا ),hostel,IMG-DE54699A7BE9E866,assets/images/hotels/hotels-LY-HOTELS-00024-04.webp,gallery,true,true,thumbnail_only,IMG-6E0E1A2F23BFA9C0,DUP-00116,existing_link,not_individually_verified,unknown,retain_candidate,true,No Batch 2 approval or visual review inferred.
B2-LINK-00061,LY-HOT-000024,hotels,فندق بلاغراي السياحي ( التلال سابقا ),hostel,IMG-2DCB4191BC42A6BC,assets/images/hotels/hotels-LY-HOTELS-00024-05.webp,gallery,true,true,thumbnail_only,IMG-9A7A508A4150B7F2,DUP-01201,existing_link,not_individually_verified,unknown,retain_candidate,true,No Batch 2 approval or visual review inferred.
B2-LINK-00062,LY-HOT-000025,hotels,منتجع ايميليا,resort,IMG-E4FA3718C8C00988,assets/images/hotels/hotels-LY-HOTELS-00025-02.webp,gallery,true,true,thumbnail_only,IMG-08F6D5CE7DAC9C94,DUP-00284,existing_link,not_individually_verified,unknown,retain_candidate,true,No Batch 2 approval or visual review inferred.
B2-LINK-00063,LY-HOT-000025,hotels,منتجع ايميليا,resort,IMG-2ED96BA245C7977F,assets/images/hotels/hotels-LY-HOTELS-00025-03.webp,gallery,true,true,thumbnail_only,IMG-E6D959555AF952BD,DUP-00338,existing_link,not_individually_verified,unknown,retain_candidate,true,No Batch 2 approval or visual review inferred.
B2-LINK-00064,LY-HOT-000025,hotels,منتجع ايميليا,resort,IMG-ED49B7E26705D04D,assets/images/hotels/hotels-LY-HOTELS-00025-04.webp,gallery,true,true,thumbnail_only,IMG-2AD89B2842B07053,DUP-00578,existing_link,not_individually_verified,unknown,retain_candidate,true,No Batch 2 approval or visual review inferred.
B2-LINK-00065,LY-HOT-000025,hotels,منتجع ايميليا,resort,IMG-185BDC2EE6D50CD9,assets/images/hotels/hotels-LY-HOTELS-00025-05.webp,gallery,true,true,thumbnail_only,,,existing_link,not_individually_verified,unknown,retain_candidate,true,No Batch 2 approval or visual review inferred.
B2-LINK-00066,LY-HOT-000025,hotels,منتجع ايميليا,resort,IMG-BB269B254C48DEA9,assets/images/hotels/hotels-LY-HOTELS-00025-06.webp,gallery,true,true,thumbnail_only,IMG-07FFCFDE37505508,DUP-00617,existing_link,not_individually_verified,unknown,retain_candidate,true,No Batch 2 approval or visual review inferred.
B2-LINK-00067,LY-HOT-000026,hotels,منتجع وموتيل الأمان,resort,IMG-2B0470543FB41D5D,assets/images/hotels/hotels-LY-HOTELS-00026-01.webp,gallery,true,true,thumbnail_only,IMG-C455F0239870E895,DUP-00875,existing_link,not_individually_verified,unknown,retain_candidate,true,No Batch 2 approval or visual review inferred.
B2-LINK-00068,LY-HOT-000026,hotels,منتجع وموتيل الأمان,resort,IMG-DC66EC13E3ED095D,assets/images/hotels/hotels-LY-HOTELS-00026-02.webp,gallery,true,true,thumbnail_only,IMG-73A199B840BD9A0E,DUP-00862,existing_link,not_individually_verified,unknown,retain_candidate,true,No Batch 2 approval or visual review inferred.
B2-LINK-00069,LY-HOT-000026,hotels,منتجع وموتيل الأمان,resort,IMG-1E9F3B0C58B000F9,assets/images/hotels/hotels-LY-HOTELS-00026-03.webp,gallery,true,true,thumbnail_only,,,existing_link,not_individually_verified,unknown,retain_candidate,true,No Batch 2 approval or visual review inferred.
B2-LINK-00070,LY-HOT-000026,hotels,منتجع وموتيل الأمان,resort,IMG-12A99CAC837B7066,assets/images/hotels/hotels-LY-HOTELS-00026-04.webp,gallery,true,true,thumbnail_only,IMG-6468C08B1B1F0DFA,DUP-00225,existing_link,not_individually_verified,unknown,retain_candidate,true,No Batch 2 approval or visual review inferred.
B2-LINK-00071,LY-HOT-000027,hotels,بيوت شباب غدامس,review_required,IMG-76159BDC315DE906,assets/images/hotels/hotels-LY-HOTELS-00027-02.webp,gallery,true,true,thumbnail_only,IMG-2A66FD84B44F3088,DUP-00142,existing_link,not_individually_verified,unknown,retain_candidate,true,No Batch 2 approval or visual review inferred.
B2-LINK-00072,LY-HOT-000028,hotels,نالوت غدامس فندق باب العز,hotel,IMG-EEC9D5AE902233A5,assets/images/hotels/hotels-LY-HOTELS-00028-01.webp,gallery,true,true,thumbnail_only,IMG-228F6BDB3D316354,DUP-00242,existing_link,not_individually_verified,unknown,retain_candidate,true,No Batch 2 approval or visual review inferred.
B2-LINK-00073,LY-HOT-000028,hotels,نالوت غدامس فندق باب العز,hotel,IMG-CC12F19157DAA806,assets/images/hotels/hotels-LY-HOTELS-00028-02.webp,gallery,true,true,thumbnail_only,IMG-CDA45E1F00D6ADE2,DUP-00178,existing_link,not_individually_verified,unknown,retain_candidate,true,No Batch 2 approval or visual review inferred.
B2-LINK-00074,LY-HOT-000028,hotels,نالوت غدامس فندق باب العز,hotel,IMG-9180DF4FCBAF9A01,assets/images/hotels/hotels-LY-HOTELS-00028-03.webp,gallery,true,true,thumbnail_only,IMG-A0A5587BA0643ED6,DUP-01119,existing_link,not_individually_verified,unknown,retain_candidate,true,No Batch 2 approval or visual review inferred.
B2-LINK-00075,LY-HOT-000029,hotels,فندق أبراج الوسطى,hotel,IMG-0F373BA333C2EBDE,assets/images/hotels/hotels-LY-HOTELS-00029-03.webp,gallery,true,true,thumbnail_only,IMG-CB96DDDE68C5CFBE,DUP-00502,existing_link,not_individually_verified,unknown,retain_candidate,true,No Batch 2 approval or visual review inferred.
B2-LINK-00076,LY-HOT-000029,hotels,فندق أبراج الوسطى,hotel,IMG-35F1F2EDB9CDDCA1,assets/images/hotels/hotels-LY-HOTELS-00029-04.webp,gallery,true,true,thumbnail_only,IMG-C08AB5D6B044ED79,DUP-00202,existing_link,not_individually_verified,unknown,retain_candidate,true,No Batch 2 approval or visual review inferred.
B2-LINK-00077,LY-HOT-000031,hotels,فندق قصر الفيروز,hostel,IMG-4B53EBB6AABCC1D3,assets/images/hotels/hotels-LY-HOTELS-00031-01.webp,gallery,true,true,thumbnail_only,IMG-935DD19ECAFD33E4,DUP-00031,existing_link,not_individually_verified,unknown,retain_candidate,true,No Batch 2 approval or visual review inferred.
B2-LINK-00078,LY-HOT-000031,hotels,فندق قصر الفيروز,hostel,IMG-110FEF464D2C395F,assets/images/hotels/hotels-LY-HOTELS-00031-02.webp,gallery,true,true,thumbnail_only,IMG-BE5EAB4A5C09CAA4,DUP-00021,existing_link,not_individually_verified,unknown,retain_candidate,true,No Batch 2 approval or visual review inferred.
B2-LINK-00079,LY-HOT-000031,hotels,فندق قصر الفيروز,hostel,IMG-590675C1DE7ECB98,assets/images/hotels/hotels-LY-HOTELS-00031-03.webp,gallery,true,true,thumbnail_only,IMG-ACCE222A1C8826AD,DUP-00790,existing_link,not_individually_verified,unknown,retain_candidate,true,No Batch 2 approval or visual review inferred.
B2-LINK-00080,LY-HOT-000031,hotels,فندق قصر الفيروز,hostel,IMG-88F9E3D4EBB82F29,assets/images/hotels/hotels-LY-HOTELS-00031-04.webp,gallery,true,true,thumbnail_only,IMG-7B49A9BE9EE45794,DUP-00634,existing_link,not_individually_verified,unknown,retain_candidate,true,No Batch 2 approval or visual review inferred.
B2-LINK-00081,LY-HOT-000031,hotels,فندق قصر الفيروز,hostel,IMG-792FD5E40F6FFFF5,assets/images/hotels/hotels-LY-HOTELS-00031-05.webp,gallery,true,true,thumbnail_only,IMG-6332230EC4683844,DUP-00405,existing_link,not_individually_verified,unknown,retain_candidate,true,No Batch 2 approval or visual review inferred.
B2-LINK-00082,LY-HOT-000031,hotels,فندق قصر الفيروز,hostel,IMG-FFE2673C35F0DB78,assets/images/hotels/hotels-LY-HOTELS-00031-06.webp,gallery,true,true,thumbnail_only,IMG-A06795E129A97F38,DUP-00234,existing_link,not_individually_verified,unknown,retain_candidate,true,No Batch 2 approval or visual review inferred.
B2-LINK-00083,LY-HOT-000032,hotels,Royal Gardens Hotels,hostel,IMG-5BA106F592D0332E,assets/images/hotels/hotels-LY-HOTELS-00032-01.webp,gallery,true,true,thumbnail_only,IMG-19CA1851ED79FB1D,DUP-01126,existing_link,not_individually_verified,unknown,retain_candidate,true,No Batch 2 approval or visual review inferred.
B2-LINK-00084,LY-HOT-000032,hotels,Royal Gardens Hotels,hostel,IMG-3E3FF2B9BBAEFFDB,assets/images/hotels/hotels-LY-HOTELS-00032-02.webp,gallery,true,true,thumbnail_only,IMG-2FA35C187FC45B3D,DUP-00667,existing_link,not_individually_verified,unknown,retain_candidate,true,No Batch 2 approval or visual review inferred.
B2-LINK-00085,LY-HOT-000032,hotels,Royal Gardens Hotels,hostel,IMG-4B63A3D90F8A46D0,assets/images/hotels/hotels-LY-HOTELS-00032-03.webp,gallery,true,true,thumbnail_only,IMG-C615EE7FE44FF088,DUP-00009,existing_link,not_individually_verified,unknown,retain_candidate,true,No Batch 2 approval or visual review inferred.
B2-LINK-00086,LY-HOT-000034,hotels,فندق احواص,hostel,IMG-5ED99B628601EBD3,assets/images/hotels/hotels-LY-HOTELS-00034-01.webp,gallery,true,true,acceptable,IMG-522DC3EE12090AF5,DUP-00839,existing_link,not_individually_verified,unknown,retain_candidate,true,No Batch 2 approval or visual review inferred.
B2-LINK-00087,LY-HOT-000035,hotels,فندق الانوار,hotel,IMG-657CB03042B5C04B,assets/images/hotels/hotels-LY-HOTELS-00035-01.webp,gallery,true,true,thumbnail_only,IMG-03ECD13E8D5C6991,DUP-00656,existing_link,not_individually_verified,unknown,retain_candidate,true,No Batch 2 approval or visual review inferred.
B2-LINK-00088,LY-HOT-000035,hotels,فندق الانوار,hotel,IMG-CE769FD5F6AAABCE,assets/images/hotels/hotels-LY-HOTELS-00035-02.webp,gallery,true,true,acceptable,IMG-2484267A6E6822D2,DUP-00270,existing_link,not_individually_verified,unknown,retain_candidate,true,No Batch 2 approval or visual review inferred.
B2-LINK-00089,LY-HOT-000035,hotels,فندق الانوار,hotel,IMG-69AD6A21A3E984EB,assets/images/hotels/hotels-LY-HOTELS-00035-03.webp,gallery,true,true,acceptable,IMG-93BF26F7ED744E21,DUP-00062,existing_link,not_individually_verified,unknown,retain_candidate,true,No Batch 2 approval or visual review inferred.
B2-LINK-00090,LY-HOT-000035,hotels,فندق الانوار,hotel,IMG-340DE9CF9A3B05FC,assets/images/hotels/hotels-LY-HOTELS-00035-04.webp,gallery,true,true,high,IMG-F5781B86F1F14F78,DUP-01265,existing_link,not_individually_verified,unknown,retain_candidate,true,No Batch 2 approval or visual review inferred.
B2-LINK-00091,LY-HOT-000036,hotels,فندق الأخوة,hotel,IMG-02413AAE55399FB1,assets/images/hotels/hotels-LY-HOTELS-00036-01.webp,gallery,true,true,thumbnail_only,IMG-D3FB20419603B1A1,DUP-01194,existing_link,not_individually_verified,unknown,retain_candidate,true,No Batch 2 approval or visual review inferred.
B2-LINK-00092,LY-HOT-000036,hotels,فندق الأخوة,hotel,IMG-2BF4C09ED2ED2AE0,assets/images/hotels/hotels-LY-HOTELS-00036-02.webp,gallery,true,true,thumbnail_only,IMG-982EFF887CF64AFB,DUP-00768,existing_link,not_individually_verified,unknown,retain_candidate,true,No Batch 2 approval or visual review inferred.
B2-LINK-00093,LY-HOT-000036,hotels,فندق الأخوة,hotel,IMG-01918427C4543AEF,assets/images/hotels/hotels-LY-HOTELS-00036-03.webp,gallery,true,true,thumbnail_only,IMG-02DD2D3973F5720A,DUP-01057,existing_link,not_individually_verified,unknown,retain_candidate,true,No Batch 2 approval or visual review inferred.
B2-LINK-00094,LY-HOT-000036,hotels,فندق الأخوة,hotel,IMG-2D6FD52000FBB7A9,assets/images/hotels/hotels-LY-HOTELS-00036-04.webp,gallery,true,true,thumbnail_only,IMG-0C85CA8C6A8DB3B4,DUP-00902,existing_link,not_individually_verified,unknown,retain_candidate,true,No Batch 2 approval or visual review inferred.
B2-LINK-00095,LY-HOT-000037,hotels,فندق الأصالة,hotel,IMG-5806382F3E321975,assets/images/hotels/hotels-LY-HOTELS-00037-01.webp,gallery,true,true,thumbnail_only,IMG-D0E8CF7434915CC6,DUP-00693,existing_link,not_individually_verified,unknown,retain_candidate,true,No Batch 2 approval or visual review inferred.
B2-LINK-00096,LY-HOT-000037,hotels,فندق الأصالة,hotel,IMG-24671DEE5175D8F7,assets/images/hotels/hotels-LY-HOTELS-00037-02.webp,gallery,true,true,thumbnail_only,IMG-5BDAB4269E892130,DUP-00818,existing_link,not_individually_verified,unknown,retain_candidate,true,No Batch 2 approval or visual review inferred.
B2-LINK-00097,LY-HOT-000037,hotels,فندق الأصالة,hotel,IMG-4F8609AE7C0DB9C4,assets/images/hotels/hotels-LY-HOTELS-00037-03.webp,gallery,true,true,thumbnail_only,IMG-3A059A0B4DC4A8E3,DUP-00950,existing_link,not_individually_verified,unknown,retain_candidate,true,No Batch 2 approval or visual review inferred.
B2-LINK-00098,LY-HOT-000038,hotels,فندق الأصيل,hotel,IMG-2BEC7C4B87BFEE2A,assets/images/hotels/hotels-LY-HOTELS-00038-01.webp,gallery,true,true,thumbnail_only,IMG-DE7D1D958BED2577,DUP-00025,existing_link,not_individually_verified,unknown,retain_candidate,true,No Batch 2 approval or visual review inferred.
B2-LINK-00099,LY-HOT-000038,hotels,فندق الأصيل,hotel,IMG-B8ECBD47AA06BB85,assets/images/hotels/hotels-LY-HOTELS-00038-02.webp,gallery,true,true,thumbnail_only,IMG-5603CC7610CA0D6D,DUP-00669,existing_link,not_individually_verified,unknown,retain_candidate,true,No Batch 2 approval or visual review inferred.
B2-LINK-00100,LY-HOT-000038,hotels,فندق الأصيل,hotel,IMG-0F3D0D13915C4CF1,assets/images/hotels/hotels-LY-HOTELS-00038-03.webp,gallery,true,true,thumbnail_only,IMG-2AE76E24C722CBD1,DUP-00736,existing_link,not_individually_verified,unknown,retain_candidate,true,No Batch 2 approval or visual review inferred.
B2-LINK-00101,LY-HOT-000038,hotels,فندق الأصيل,hotel,IMG-FE2E6844B80163F7,assets/images/hotels/hotels-LY-HOTELS-00038-04.webp,gallery,true,true,thumbnail_only,IMG-8F172B167244738A,DUP-00490,existing_link,not_individually_verified,unknown,retain_candidate,true,No Batch 2 approval or visual review inferred.
B2-LINK-00102,LY-HOT-000038,hotels,فندق الأصيل,hotel,IMG-F98636181696202D,assets/images/hotels/hotels-LY-HOTELS-00038-05.webp,gallery,true,true,thumbnail_only,IMG-1F67FF542C3B6CE7,DUP-00400,existing_link,not_individually_verified,unknown,retain_candidate,true,No Batch 2 approval or visual review inferred.
B2-LINK-00103,LY-HOT-000039,hotels,فندق الأندلس,hotel,IMG-95E3447DAE58A495,assets/images/hotels/hotels-LY-HOTELS-00039-01.webp,gallery,true,true,thumbnail_only,IMG-FF9B5C89FCA47753,DUP-01069,existing_link,not_individually_verified,unknown,retain_candidate,true,No Batch 2 approval or visual review inferred.
B2-LINK-00104,LY-HOT-000039,hotels,فندق الأندلس,hotel,IMG-0115399C8CA62B2E,assets/images/hotels/hotels-LY-HOTELS-00039-02.webp,gallery,true,true,thumbnail_only,IMG-DC13C90AC786D2BD,DUP-00626,existing_link,not_individually_verified,unknown,retain_candidate,true,No Batch 2 approval or visual review inferred.
B2-LINK-00105,LY-HOT-000039,hotels,فندق الأندلس,hotel,IMG-88AF2D458AD7B856,assets/images/hotels/hotels-LY-HOTELS-00039-03.webp,gallery,true,true,thumbnail_only,IMG-263754819F42FDC5,DUP-01412,existing_link,not_individually_verified,unknown,retain_candidate,true,No Batch 2 approval or visual review inferred.
B2-LINK-00106,LY-HOT-000040,hotels,فندق البركة,hotel,IMG-4C26C96431EC63BA,assets/images/hotels/hotels-LY-HOTELS-00040-01.webp,gallery,true,true,thumbnail_only,IMG-DBD02A9A43973386,DUP-00754,existing_link,not_individually_verified,unknown,retain_candidate,true,No Batch 2 approval or visual review inferred.
B2-LINK-00107,LY-HOT-000040,hotels,فندق البركة,hotel,IMG-12AC65AE048F4455,assets/images/hotels/hotels-LY-HOTELS-00040-02.webp,gallery,true,true,thumbnail_only,IMG-6C40890996F01981,DUP-00005,existing_link,not_individually_verified,unknown,retain_candidate,true,No Batch 2 approval or visual review inferred.
B2-LINK-00108,LY-HOT-000040,hotels,فندق البركة,hotel,IMG-CB720BA811B677A9,assets/images/hotels/hotels-LY-HOTELS-00040-03.webp,gallery,true,true,thumbnail_only,IMG-EC7BDD1FD4883F59,DUP-00091,existing_link,not_individually_verified,unknown,retain_candidate,true,No Batch 2 approval or visual review inferred.
B2-LINK-00109,LY-HOT-000040,hotels,فندق البركة,hotel,IMG-86BF7EE86F2F7271,assets/images/hotels/hotels-LY-HOTELS-00040-04.webp,gallery,true,true,thumbnail_only,IMG-DDAAC0A327FF0FB4,DUP-00914,existing_link,not_individually_verified,unknown,retain_candidate,true,No Batch 2 approval or visual review inferred.
B2-LINK-00110,LY-HOT-000041,hotels,فندق البستان,hotel,IMG-A3FECBDF161B5CCE,assets/images/hotels/hotels-LY-HOTELS-00041-01.webp,gallery,true,true,thumbnail_only,IMG-78A889EBB36B296C,DUP-00784,existing_link,not_individually_verified,unknown,retain_candidate,true,No Batch 2 approval or visual review inferred.
B2-LINK-00111,LY-HOT-000041,hotels,فندق البستان,hotel,IMG-D20C34E481E14F37,assets/images/hotels/hotels-LY-HOTELS-00041-02.webp,gallery,true,true,thumbnail_only,IMG-2700979FDC3B97F1,DUP-00150,existing_link,not_individually_verified,unknown,retain_candidate,true,No Batch 2 approval or visual review inferred.
B2-LINK-00112,LY-HOT-000041,hotels,فندق البستان,hotel,IMG-294700B912B12C08,assets/images/hotels/hotels-LY-HOTELS-00041-03.webp,gallery,true,true,thumbnail_only,IMG-0D6EBE640E4FBDBB,DUP-00030,existing_link,not_individually_verified,unknown,retain_candidate,true,No Batch 2 approval or visual review inferred.
B2-LINK-00113,LY-HOT-000041,hotels,فندق البستان,hotel,IMG-F205440542C413A6,assets/images/hotels/hotels-LY-HOTELS-00041-04.webp,gallery,true,true,thumbnail_only,IMG-CFC43E4453D195D7,DUP-01322,existing_link,not_individually_verified,unknown,retain_candidate,true,No Batch 2 approval or visual review inferred.
B2-LINK-00114,LY-HOT-000041,hotels,فندق البستان,hotel,IMG-F1C68A8603468221,assets/images/hotels/hotels-LY-HOTELS-00041-05.webp,gallery,true,true,thumbnail_only,IMG-D7549B9428A5D604,DUP-00323,existing_link,not_individually_verified,unknown,retain_candidate,true,No Batch 2 approval or visual review inferred.
B2-LINK-00115,LY-HOT-000042,hotels,التاج للشقق الفندقية,hotel,IMG-C6DFB6BFEF341C5D,assets/images/hotels/hotels-LY-HOTELS-00042-01.webp,gallery,true,true,thumbnail_only,IMG-FC371968523F74F4,DUP-01267,existing_link,not_individually_verified,unknown,retain_candidate,true,No Batch 2 approval or visual review inferred.
B2-LINK-00116,LY-HOT-000042,hotels,التاج للشقق الفندقية,hotel,IMG-042B1928C0DB2E32,assets/images/hotels/hotels-LY-HOTELS-00042-02.webp,gallery,true,true,thumbnail_only,IMG-0637E42C940F7E07,DUP-00183,existing_link,not_individually_verified,unknown,retain_candidate,true,No Batch 2 approval or visual review inferred.
B2-LINK-00117,LY-HOT-000045,hotels,فندق جوهرة صبراتة السياحي,hotel,IMG-2A5F837F7840D805,assets/images/hotels/hotels-LY-HOTELS-00045-01.webp,gallery,true,true,thumbnail_only,,,existing_link,not_individually_verified,unknown,retain_candidate,true,No Batch 2 approval or visual review inferred.
B2-LINK-00118,LY-HOT-000045,hotels,فندق جوهرة صبراتة السياحي,hotel,IMG-1243CC762B92A210,assets/images/hotels/hotels-LY-HOTELS-00045-02.webp,gallery,true,true,thumbnail_only,IMG-9F7AA5902825B18C,DUP-00179,existing_link,not_individually_verified,unknown,retain_candidate,true,No Batch 2 approval or visual review inferred.
B2-LINK-00119,LY-HOT-000046,hotels,فندق الجوهرة الزاوية,hotel,IMG-2AE0615B4101D7F4,assets/images/hotels/hotels-LY-HOTELS-00046-01.webp,gallery,true,true,thumbnail_only,IMG-3219ADC72F5D3D54,DUP-00735,existing_link,not_individually_verified,unknown,retain_candidate,true,No Batch 2 approval or visual review inferred.
B2-LINK-00120,LY-HOT-000049,hotels,فندق الخان الطرابلسي,hotel,IMG-C7239FBDF94ED0B0,assets/images/hotels/hotels-LY-HOTELS-00049-01.webp,gallery,true,true,thumbnail_only,IMG-443FF103E9C980C5,DUP-00296,existing_link,not_individually_verified,unknown,retain_candidate,true,No Batch 2 approval or visual review inferred.
B2-LINK-00121,LY-HOT-000049,hotels,فندق الخان الطرابلسي,hotel,IMG-D99918C989D67ED1,assets/images/hotels/hotels-LY-HOTELS-00049-02.webp,gallery,true,true,thumbnail_only,IMG-9CBA64A32489C972,DUP-00003,existing_link,not_individually_verified,unknown,retain_candidate,true,No Batch 2 approval or visual review inferred.
B2-LINK-00122,LY-HOT-000049,hotels,فندق الخان الطرابلسي,hotel,IMG-C3B22F220B972700,assets/images/hotels/hotels-LY-HOTELS-00049-03.webp,gallery,true,true,thumbnail_only,IMG-87D2EFFFECCD54B8,DUP-00110,existing_link,not_individually_verified,unknown,retain_candidate,true,No Batch 2 approval or visual review inferred.
B2-LINK-00123,LY-HOT-000049,hotels,فندق الخان الطرابلسي,hotel,IMG-033D22EBF511990B,assets/images/hotels/hotels-LY-HOTELS-00049-04.webp,gallery,true,true,thumbnail_only,IMG-60EE78819E322F04,DUP-00192,existing_link,not_individually_verified,unknown,retain_candidate,true,No Batch 2 approval or visual review inferred.
B2-LINK-00124,LY-HOT-000049,hotels,فندق الخان الطرابلسي,hotel,IMG-FC7531F75F1D908E,assets/images/hotels/hotels-LY-HOTELS-00049-05.webp,gallery,true,true,thumbnail_only,IMG-49BED27537B37F32,DUP-01184,existing_link,not_individually_verified,unknown,retain_candidate,true,No Batch 2 approval or visual review inferred.
B2-LINK-00125,LY-HOT-000050,hotels,فندق الخليج,hostel,IMG-B51A8889CBB17DA7,assets/images/hotels/hotels-LY-HOTELS-00050-01.webp,gallery,true,true,thumbnail_only,IMG-DFF472B57CBC2904,DUP-00743,existing_link,not_individually_verified,unknown,retain_candidate,true,No Batch 2 approval or visual review inferred.
B2-LINK-00126,LY-HOT-000050,hotels,فندق الخليج,hostel,IMG-8ACF92A4CD6AE1F6,assets/images/hotels/hotels-LY-HOTELS-00050-02.webp,gallery,true,true,thumbnail_only,IMG-40128316546BFC00,DUP-00174,existing_link,not_individually_verified,unknown,retain_candidate,true,No Batch 2 approval or visual review inferred.
B2-LINK-00127,LY-HOT-000050,hotels,فندق الخليج,hostel,IMG-2B39F07AE708299E,assets/images/hotels/hotels-LY-HOTELS-00050-03.webp,gallery,true,true,thumbnail_only,IMG-C73477214D9BC4C1,DUP-00679,existing_link,not_individually_verified,unknown,retain_candidate,true,No Batch 2 approval or visual review inferred.
B2-LINK-00128,LY-HOT-000051,hotels,فندق الدبلوماسي,hotel,IMG-9A077AB897E06613,assets/images/hotels/hotels-LY-HOTELS-00051-01.webp,gallery,true,true,thumbnail_only,IMG-50A720DCFED91911,DUP-00036,existing_link,not_individually_verified,unknown,retain_candidate,true,No Batch 2 approval or visual review inferred.
B2-LINK-00129,LY-HOT-000051,hotels,فندق الدبلوماسي,hotel,IMG-91CBAD6672D1FD52,assets/images/hotels/hotels-LY-HOTELS-00051-02.webp,gallery,true,true,thumbnail_only,IMG-6A466A5C93A05EED,DUP-01266,existing_link,not_individually_verified,unknown,retain_candidate,true,No Batch 2 approval or visual review inferred.
B2-LINK-00130,LY-HOT-000053,hotels,فندق الديار,hotel,IMG-76FF508F0B7A8565,assets/images/hotels/hotels-LY-HOTELS-00053-01.webp,gallery,true,true,thumbnail_only,IMG-56E98A5645B39F5D,DUP-00445,existing_link,not_individually_verified,unknown,retain_candidate,true,No Batch 2 approval or visual review inferred.
B2-LINK-00131,LY-HOT-000053,hotels,فندق الديار,hotel,IMG-54E98AFB5EF2553D,assets/images/hotels/hotels-LY-HOTELS-00053-02.webp,gallery,true,true,thumbnail_only,IMG-98EFB1EC1D9EF416,DUP-01006,existing_link,not_individually_verified,unknown,retain_candidate,true,No Batch 2 approval or visual review inferred.
B2-LINK-00132,LY-HOT-000053,hotels,فندق الديار,hotel,IMG-FB6F833B0859FE59,assets/images/hotels/hotels-LY-HOTELS-00053-03.webp,gallery,true,true,thumbnail_only,IMG-7CAAC759CC737415,DUP-00250,existing_link,not_individually_verified,unknown,retain_candidate,true,No Batch 2 approval or visual review inferred.
B2-LINK-00133,LY-HOT-000054,hotels,فندق الرابطة,hotel,IMG-5A8F81B9322E3F57,assets/images/hotels/hotels-LY-HOTELS-00054-01.webp,gallery,true,true,thumbnail_only,IMG-0B35E801F141C640,DUP-01095,existing_link,not_individually_verified,unknown,retain_candidate,true,No Batch 2 approval or visual review inferred.
B2-LINK-00134,LY-HOT-000054,hotels,فندق الرابطة,hotel,IMG-A0650F815C0D7FB8,assets/images/hotels/hotels-LY-HOTELS-00054-02.webp,gallery,true,true,thumbnail_only,IMG-7ACDACB9FF3E557D,DUP-00864,existing_link,not_individually_verified,unknown,retain_candidate,true,No Batch 2 approval or visual review inferred.
B2-LINK-00135,LY-HOT-000054,hotels,فندق الرابطة,hotel,IMG-7EF1C95F346808BF,assets/images/hotels/hotels-LY-HOTELS-00054-03.webp,gallery,true,true,thumbnail_only,IMG-2AE6F6D3C9BC0BF9,DUP-00432,existing_link,not_individually_verified,unknown,retain_candidate,true,No Batch 2 approval or visual review inferred.
B2-LINK-00136,LY-HOT-000054,hotels,فندق الرابطة,hotel,IMG-787AFA859825802E,assets/images/hotels/hotels-LY-HOTELS-00054-04.webp,gallery,true,true,thumbnail_only,IMG-9C9459440AAC4CCA,DUP-01133,existing_link,not_individually_verified,unknown,retain_candidate,true,No Batch 2 approval or visual review inferred.
B2-LINK-00137,LY-HOT-000055,hotels,فندق الرفيع,hostel,IMG-C75C7E18E8905149,assets/images/hotels/hotels-LY-HOTELS-00055-01.webp,gallery,true,true,thumbnail_only,IMG-1289F69675F9BC19,DUP-00685,existing_link,not_individually_verified,unknown,retain_candidate,true,No Batch 2 approval or visual review inferred.
B2-LINK-00138,LY-HOT-000056,hotels,فندق الريان,hotel,IMG-67A5A64E322D0F37,assets/images/hotels/hotels-LY-HOTELS-00056-01.webp,gallery,true,true,thumbnail_only,IMG-D4C607AB8D516F6C,DUP-00910,existing_link,not_individually_verified,unknown,retain_candidate,true,No Batch 2 approval or visual review inferred.
B2-LINK-00139,LY-HOT-000056,hotels,فندق الريان,hotel,IMG-22DF9370E20C75A5,assets/images/hotels/hotels-LY-HOTELS-00056-02.webp,gallery,true,true,thumbnail_only,IMG-C48CB24A721B2935,DUP-00976,existing_link,not_individually_verified,unknown,retain_candidate,true,No Batch 2 approval or visual review inferred.
B2-LINK-00140,LY-HOT-000056,hotels,فندق الريان,hotel,IMG-509E51730B1B3229,assets/images/hotels/hotels-LY-HOTELS-00056-03.webp,gallery,true,true,thumbnail_only,IMG-A8EE98A588BA9D5F,DUP-01139,existing_link,not_individually_verified,unknown,retain_candidate,true,No Batch 2 approval or visual review inferred.
B2-LINK-00141,LY-HOT-000056,hotels,فندق الريان,hotel,IMG-92BABB16F704E727,assets/images/hotels/hotels-LY-HOTELS-00056-04.webp,gallery,true,true,thumbnail_only,IMG-18F84A863A2E4B54,DUP-00834,existing_link,not_individually_verified,unknown,retain_candidate,true,No Batch 2 approval or visual review inferred.
B2-LINK-00142,LY-HOT-000056,hotels,فندق الريان,hotel,IMG-3796AAAE3DCAE3D5,assets/images/hotels/hotels-LY-HOTELS-00056-05.webp,gallery,true,true,thumbnail_only,IMG-261BC8B1CCCCB5E7,DUP-00886,existing_link,not_individually_verified,unknown,retain_candidate,true,No Batch 2 approval or visual review inferred.
B2-LINK-00143,LY-HOT-000056,hotels,فندق الريان,hotel,IMG-CA3B07ED76DF5499,assets/images/hotels/hotels-LY-HOTELS-00056-06.webp,gallery,true,true,thumbnail_only,IMG-E3336843EB879751,DUP-01035,existing_link,not_individually_verified,unknown,retain_candidate,true,No Batch 2 approval or visual review inferred.
B2-LINK-00144,LY-HOT-000057,hotels,فندق الزهر,hotel,IMG-B7DE3703E4372DC6,assets/images/hotels/hotels-LY-HOTELS-00057-01.webp,gallery,true,true,thumbnail_only,IMG-B12576573F81B667,DUP-00240,existing_link,not_individually_verified,unknown,retain_candidate,true,No Batch 2 approval or visual review inferred.
B2-LINK-00145,LY-HOT-000057,hotels,فندق الزهر,hotel,IMG-2796AE395C19E4E6,assets/images/hotels/hotels-LY-HOTELS-00057-02.webp,gallery,true,true,thumbnail_only,IMG-35F1A55A9C8154B0,DUP-00180,existing_link,not_individually_verified,unknown,retain_candidate,true,No Batch 2 approval or visual review inferred.
B2-LINK-00146,LY-HOT-000057,hotels,فندق الزهر,hotel,IMG-03DECC2279EE6EEB,assets/images/hotels/hotels-LY-HOTELS-00057-03.webp,gallery,true,true,thumbnail_only,IMG-9DE715B34E385D2E,DUP-01227,existing_link,not_individually_verified,unknown,retain_candidate,true,No Batch 2 approval or visual review inferred.
B2-LINK-00147,LY-HOT-000057,hotels,فندق الزهر,hotel,IMG-4DB6C4C1628610CE,assets/images/hotels/hotels-LY-HOTELS-00057-04.webp,gallery,true,true,thumbnail_only,IMG-4D092ADC2C638D11,DUP-00771,existing_link,not_individually_verified,unknown,retain_candidate,true,No Batch 2 approval or visual review inferred.
B2-LINK-00148,LY-HOT-000057,hotels,فندق الزهر,hotel,IMG-034DF0F3051EAC20,assets/images/hotels/hotels-LY-HOTELS-00057-05.webp,gallery,true,true,thumbnail_only,IMG-DE98501F9EAB6547,DUP-01263,existing_link,not_individually_verified,unknown,retain_candidate,true,No Batch 2 approval or visual review inferred.
B2-LINK-00149,LY-HOT-000058,hotels,فندق الزيتونة,hostel,IMG-63F705E27DA71CF5,assets/images/hotels/hotels-LY-HOTELS-00058-01.webp,gallery,true,true,acceptable,IMG-663C7115DAD00DDA,DUP-01366,existing_link,not_individually_verified,unknown,retain_candidate,true,No Batch 2 approval or visual review inferred.
B2-LINK-00150,LY-HOT-000058,hotels,فندق الزيتونة,hostel,IMG-A03C14D169C38CD7,assets/images/hotels/hotels-LY-HOTELS-00058-02.webp,gallery,true,true,high,IMG-22CEA54D3A637E23,DUP-01183,existing_link,not_individually_verified,unknown,retain_candidate,true,No Batch 2 approval or visual review inferred.
B2-LINK-00151,LY-HOT-000058,hotels,فندق الزيتونة,hostel,IMG-BA4579788FA5B783,assets/images/hotels/hotels-LY-HOTELS-00058-03.webp,gallery,true,true,high,IMG-8888DECE5AFEA5F5,DUP-00492,existing_link,not_individually_verified,unknown,retain_candidate,true,No Batch 2 approval or visual review inferred.
B2-LINK-00152,LY-HOT-000058,hotels,فندق الزيتونة,hostel,IMG-14D5E5C9975ACDF6,assets/images/hotels/hotels-LY-HOTELS-00058-04.webp,gallery,true,true,high,IMG-A31DB5C9968F4C89,DUP-00841,existing_link,not_individually_verified,unknown,retain_candidate,true,No Batch 2 approval or visual review inferred.
B2-LINK-00153,LY-HOT-000059,hotels,فندق السرايا,hotel,IMG-12604B3B51DF48AE,assets/images/hotels/hotels-LY-HOTELS-00059-01.webp,gallery,true,true,thumbnail_only,IMG-94AC661C198FA9B4,DUP-00860,existing_link,not_individually_verified,unknown,retain_candidate,true,No Batch 2 approval or visual review inferred.
B2-LINK-00154,LY-HOT-000059,hotels,فندق السرايا,hotel,IMG-D0018E7F483C8003,assets/images/hotels/hotels-LY-HOTELS-00059-02.webp,gallery,true,true,thumbnail_only,IMG-5269628C74ADF318,DUP-00520,existing_link,not_individually_verified,unknown,retain_candidate,true,No Batch 2 approval or visual review inferred.
B2-LINK-00155,LY-HOT-000059,hotels,فندق السرايا,hotel,IMG-2E5099729EF0CCDC,assets/images/hotels/hotels-LY-HOTELS-00059-03.webp,gallery,true,true,thumbnail_only,IMG-D7BAD4FD82094B14,DUP-00985,existing_link,not_individually_verified,unknown,retain_candidate,true,No Batch 2 approval or visual review inferred.
B2-LINK-00156,LY-HOT-000059,hotels,فندق السرايا,hotel,IMG-7ADCDC722B0F3863,assets/images/hotels/hotels-LY-HOTELS-00059-04.webp,gallery,true,true,thumbnail_only,IMG-A5B81BF4BC8A2AF6,DUP-00584,existing_link,not_individually_verified,unknown,retain_candidate,true,No Batch 2 approval or visual review inferred.
B2-LINK-00157,LY-HOT-000060,hotels,فندق زوارة,hostel,IMG-529535B1FF6858C1,assets/images/hotels/hotels-LY-HOTELS-00060-01.webp,gallery,true,true,thumbnail_only,IMG-1826FC3DA9B6FF0D,DUP-00599,existing_link,not_individually_verified,unknown,retain_candidate,true,No Batch 2 approval or visual review inferred.
B2-LINK-00158,LY-HOT-000060,hotels,فندق زوارة,hostel,IMG-1A91F5CD618A2607,assets/images/hotels/hotels-LY-HOTELS-00060-02.webp,gallery,true,true,thumbnail_only,IMG-90C08E273C288EFF,DUP-00013,existing_link,not_individually_verified,unknown,retain_candidate,true,No Batch 2 approval or visual review inferred.
B2-LINK-00159,LY-HOT-000060,hotels,فندق زوارة,hostel,IMG-53504366C57AD739,assets/images/hotels/hotels-LY-HOTELS-00060-03.webp,gallery,true,true,thumbnail_only,IMG-C6DBFD8926F28DC5,DUP-00308,existing_link,not_individually_verified,unknown,retain_candidate,true,No Batch 2 approval or visual review inferred.
B2-LINK-00160,LY-HOT-000061,hotels,فندق السندباد,hotel,IMG-1FEA6DD92699F439,assets/images/hotels/hotels-LY-HOTELS-00061-01.webp,gallery,true,true,thumbnail_only,IMG-D811C87C391D5766,DUP-00206,existing_link,not_individually_verified,unknown,retain_candidate,true,No Batch 2 approval or visual review inferred.
B2-LINK-00161,LY-HOT-000062,hotels,فندق الشجرة,hostel,IMG-20030B09B95C21F0,assets/images/hotels/hotels-LY-HOTELS-00062-01.webp,gallery,true,true,thumbnail_only,IMG-096DC0A326F5DF45,DUP-00113,existing_link,not_individually_verified,unknown,retain_candidate,true,No Batch 2 approval or visual review inferred.
B2-LINK-00162,LY-HOT-000062,hotels,فندق الشجرة,hostel,IMG-BF94B5AA6DFDB356,assets/images/hotels/hotels-LY-HOTELS-00062-02.webp,gallery,true,true,thumbnail_only,IMG-540E4FF45A3999F7,DUP-00945,existing_link,not_individually_verified,unknown,retain_candidate,true,No Batch 2 approval or visual review inferred.
B2-LINK-00163,LY-HOT-000064,hotels,فندق الشمس,hotel,IMG-301D258252D7F3D2,assets/images/hotels/hotels-LY-HOTELS-00064-01.webp,gallery,true,true,thumbnail_only,IMG-B6E928DEACBB4687,DUP-00281,existing_link,not_individually_verified,unknown,retain_candidate,true,No Batch 2 approval or visual review inferred.
B2-LINK-00164,LY-HOT-000064,hotels,فندق الشمس,hotel,IMG-C209D88A4ACD3962,assets/images/hotels/hotels-LY-HOTELS-00064-02.webp,gallery,true,true,thumbnail_only,IMG-E21CA291269592E7,DUP-00125,existing_link,not_individually_verified,unknown,retain_candidate,true,No Batch 2 approval or visual review inferred.
B2-LINK-00165,LY-HOT-000064,hotels,فندق الشمس,hotel,IMG-39B58BD772BA639A,assets/images/hotels/hotels-LY-HOTELS-00064-03.webp,gallery,true,true,thumbnail_only,IMG-7362E0B0EA9E5EA3,DUP-00029,existing_link,not_individually_verified,unknown,retain_candidate,true,No Batch 2 approval or visual review inferred.
B2-LINK-00166,LY-HOT-000064,hotels,فندق الشمس,hotel,IMG-A2653827CCDE7F89,assets/images/hotels/hotels-LY-HOTELS-00064-04.webp,gallery,true,true,thumbnail_only,IMG-9CB3E8A0796C5CBC,DUP-01115,existing_link,not_individually_verified,unknown,retain_candidate,true,No Batch 2 approval or visual review inferred.
B2-LINK-00167,LY-HOT-000065,hotels,فندق الصفوة,hostel,IMG-FC2F7E0A509C8E80,assets/images/hotels/hotels-LY-HOTELS-00065-01.webp,gallery,true,true,thumbnail_only,IMG-C5613AE16E174C4C,DUP-01001,existing_link,not_individually_verified,unknown,retain_candidate,true,No Batch 2 approval or visual review inferred.
B2-LINK-00168,LY-HOT-000065,hotels,فندق الصفوة,hostel,IMG-32D8CBC162306166,assets/images/hotels/hotels-LY-HOTELS-00065-02.webp,gallery,true,true,thumbnail_only,IMG-86A538F2027FAA05,DUP-00589,existing_link,not_individually_verified,unknown,retain_candidate,true,No Batch 2 approval or visual review inferred.
B2-LINK-00169,LY-HOT-000065,hotels,فندق الصفوة,hostel,IMG-C9918EBFCCF721C5,assets/images/hotels/hotels-LY-HOTELS-00065-03.webp,gallery,true,true,thumbnail_only,IMG-B3E99A352F425E21,DUP-00422,existing_link,not_individually_verified,unknown,retain_candidate,true,No Batch 2 approval or visual review inferred.
B2-LINK-00170,LY-HOT-000065,hotels,فندق الصفوة,hostel,IMG-4F4222992CCCA652,assets/images/hotels/hotels-LY-HOTELS-00065-04.webp,gallery,true,true,thumbnail_only,IMG-AB32B828CC68C811,DUP-01275,existing_link,not_individually_verified,unknown,retain_candidate,true,No Batch 2 approval or visual review inferred.
B2-LINK-00171,LY-HOT-000066,hotels,فندق الصناعية مصراتة,hotel,IMG-07D179D8F1F3B4C8,assets/images/hotels/hotels-LY-HOTELS-00066-01.webp,gallery,true,true,thumbnail_only,IMG-67013592F955DB61,DUP-00900,existing_link,not_individually_verified,unknown,retain_candidate,true,No Batch 2 approval or visual review inferred.
B2-LINK-00172,LY-HOT-000066,hotels,فندق الصناعية مصراتة,hotel,IMG-C79E0CB33BEF336D,assets/images/hotels/hotels-LY-HOTELS-00066-02.webp,gallery,true,true,thumbnail_only,IMG-32C6498D1B24D0F9,DUP-00709,existing_link,not_individually_verified,unknown,retain_candidate,true,No Batch 2 approval or visual review inferred.
B2-LINK-00173,LY-HOT-000066,hotels,فندق الصناعية مصراتة,hotel,IMG-8A160C24C5814584,assets/images/hotels/hotels-LY-HOTELS-00066-03.webp,gallery,true,true,thumbnail_only,IMG-B25126CC006F8CA8,DUP-00686,existing_link,not_individually_verified,unknown,retain_candidate,true,No Batch 2 approval or visual review inferred.
B2-LINK-00174,LY-HOT-000066,hotels,فندق الصناعية مصراتة,hotel,IMG-5FE9D1C44E35D3F6,assets/images/hotels/hotels-LY-HOTELS-00066-04.webp,gallery,true,true,thumbnail_only,IMG-5D6B66F406C99305,DUP-01256,existing_link,not_individually_verified,unknown,retain_candidate,true,No Batch 2 approval or visual review inferred.
B2-LINK-00175,LY-HOT-000066,hotels,فندق الصناعية مصراتة,hotel,IMG-F7425ECB148F7AB5,assets/images/hotels/hotels-LY-HOTELS-00066-05.webp,gallery,true,true,thumbnail_only,IMG-AA207F93707D6D21,DUP-00243,existing_link,not_individually_verified,unknown,retain_candidate,true,No Batch 2 approval or visual review inferred.
B2-LINK-00176,LY-HOT-000067,hotels,فندق الصولجان,hotel,IMG-506CFAE19599447E,assets/images/hotels/hotels-LY-HOTELS-00067-01.webp,gallery,true,true,thumbnail_only,IMG-214CCC8E1E22A28F,DUP-00543,existing_link,not_individually_verified,unknown,retain_candidate,true,No Batch 2 approval or visual review inferred.
B2-LINK-00177,LY-HOT-000067,hotels,فندق الصولجان,hotel,IMG-991BCEB7B6AEAE0E,assets/images/hotels/hotels-LY-HOTELS-00067-02.webp,gallery,true,true,thumbnail_only,IMG-FF76671C87C3E7E7,DUP-01178,existing_link,not_individually_verified,unknown,retain_candidate,true,No Batch 2 approval or visual review inferred.
B2-LINK-00178,LY-HOT-000068,hotels,فندق العاصمة,hotel,IMG-2754AC0FDB2BC23D,assets/images/hotels/hotels-LY-HOTELS-00068-01.webp,gallery,true,true,thumbnail_only,IMG-2DF881E5E9936D8A,DUP-00748,existing_link,not_individually_verified,unknown,retain_candidate,true,No Batch 2 approval or visual review inferred.
B2-LINK-00179,LY-HOT-000068,hotels,فندق العاصمة,hotel,IMG-B76601CDE905F5C3,assets/images/hotels/hotels-LY-HOTELS-00068-02.webp,gallery,true,true,thumbnail_only,IMG-ADBF0C854015F8CE,DUP-00986,existing_link,not_individually_verified,unknown,retain_candidate,true,No Batch 2 approval or visual review inferred.
B2-LINK-00180,LY-HOT-000068,hotels,فندق العاصمة,hotel,IMG-88184E5F0D06C05C,assets/images/hotels/hotels-LY-HOTELS-00068-03.webp,gallery,true,true,thumbnail_only,IMG-EC8E01B6E9F5736C,DUP-00536,existing_link,not_individually_verified,unknown,retain_candidate,true,No Batch 2 approval or visual review inferred.
B2-LINK-00181,LY-HOT-000071,hotels,فندق القوس,hotel,IMG-8F2297D7FBB16C96,assets/images/hotels/hotels-LY-HOTELS-00071-01.webp,gallery,true,true,thumbnail_only,IMG-4C4A7EF4E59E1C56,DUP-00136,existing_link,not_individually_verified,unknown,retain_candidate,true,No Batch 2 approval or visual review inferred.
B2-LINK-00182,LY-HOT-000071,hotels,فندق القوس,hotel,IMG-28FC6BDA338A11F8,assets/images/hotels/hotels-LY-HOTELS-00071-02.webp,gallery,true,true,thumbnail_only,IMG-65C5523B47F6526F,DUP-00012,existing_link,not_individually_verified,unknown,retain_candidate,true,No Batch 2 approval or visual review inferred.
B2-LINK-00183,LY-HOT-000071,hotels,فندق القوس,hotel,IMG-27EBB5D1811A6D8C,assets/images/hotels/hotels-LY-HOTELS-00071-03.webp,gallery,true,true,thumbnail_only,IMG-4CF058E13C18A209,DUP-00068,existing_link,not_individually_verified,unknown,retain_candidate,true,No Batch 2 approval or visual review inferred.
B2-LINK-00184,LY-HOT-000071,hotels,فندق القوس,hotel,IMG-423E63AF0FAE65B8,assets/images/hotels/hotels-LY-HOTELS-00071-04.webp,gallery,true,true,thumbnail_only,IMG-013382A62B178BC1,DUP-00067,existing_link,not_individually_verified,unknown,retain_candidate,true,No Batch 2 approval or visual review inferred.
B2-LINK-00185,LY-HOT-000071,hotels,فندق القوس,hotel,IMG-E6A4B9EEFC8601EA,assets/images/hotels/hotels-LY-HOTELS-00071-05.webp,gallery,true,true,thumbnail_only,IMG-4ACA6B83BEAC8FB2,DUP-00642,existing_link,not_individually_verified,unknown,retain_candidate,true,No Batch 2 approval or visual review inferred.
B2-LINK-00186,LY-HOT-000072,hotels,فندق الكبير,hotel,IMG-0FA01A3B05B019A0,assets/images/hotels/hotels-LY-HOTELS-00072-01.webp,gallery,true,true,thumbnail_only,IMG-50D31F0B8DD20094,DUP-01307,existing_link,not_individually_verified,unknown,retain_candidate,true,No Batch 2 approval or visual review inferred.
B2-LINK-00187,LY-HOT-000072,hotels,فندق الكبير,hotel,IMG-B63B81CD689C938E,assets/images/hotels/hotels-LY-HOTELS-00072-02.webp,gallery,true,true,thumbnail_only,IMG-E3CEC547FD6414DE,DUP-00603,existing_link,not_individually_verified,unknown,retain_candidate,true,No Batch 2 approval or visual review inferred.
B2-LINK-00188,LY-HOT-000072,hotels,فندق الكبير,hotel,IMG-9E66C7C2F6112B82,assets/images/hotels/hotels-LY-HOTELS-00072-03.webp,gallery,true,true,thumbnail_only,IMG-FC38686D08FC0C72,DUP-00211,existing_link,not_individually_verified,unknown,retain_candidate,true,No Batch 2 approval or visual review inferred.
B2-LINK-00189,LY-HOT-000072,hotels,فندق الكبير,hotel,IMG-752483F138A45644,assets/images/hotels/hotels-LY-HOTELS-00072-04.webp,gallery,true,true,thumbnail_only,IMG-2673CF83FF1B58F0,DUP-00554,existing_link,not_individually_verified,unknown,retain_candidate,true,No Batch 2 approval or visual review inferred.
B2-LINK-00190,LY-HOT-000072,hotels,فندق الكبير,hotel,IMG-FB6165434830FC8F,assets/images/hotels/hotels-LY-HOTELS-00072-05.webp,gallery,true,true,thumbnail_only,IMG-1838662DE706E480,DUP-00737,existing_link,not_individually_verified,unknown,retain_candidate,true,No Batch 2 approval or visual review inferred.
B2-LINK-00191,LY-HOT-000074,hotels,فندق الماسة,hotel,IMG-5F1F8C35419379DF,assets/images/hotels/hotels-LY-HOTELS-00074-01.webp,gallery,true,true,thumbnail_only,IMG-29E63001ED6E6AA8,DUP-00410,existing_link,not_individually_verified,unknown,retain_candidate,true,No Batch 2 approval or visual review inferred.
B2-LINK-00192,LY-HOT-000074,hotels,فندق الماسة,hotel,IMG-9A38C31656C2A4A0,assets/images/hotels/hotels-LY-HOTELS-00074-02.webp,gallery,true,true,thumbnail_only,IMG-65343EDBF226D320,DUP-00828,existing_link,not_individually_verified,unknown,retain_candidate,true,No Batch 2 approval or visual review inferred.
B2-LINK-00193,LY-HOT-000074,hotels,فندق الماسة,hotel,IMG-F99921F35FBF6B25,assets/images/hotels/hotels-LY-HOTELS-00074-03.webp,gallery,true,true,thumbnail_only,IMG-CCBA64296723A07E,DUP-00355,existing_link,not_individually_verified,unknown,retain_candidate,true,No Batch 2 approval or visual review inferred.
B2-LINK-00194,LY-HOT-000074,hotels,فندق الماسة,hotel,IMG-76283253C1ABE665,assets/images/hotels/hotels-LY-HOTELS-00074-04.webp,gallery,true,true,thumbnail_only,IMG-BCA9B7C411A45587,DUP-01239,existing_link,not_individually_verified,unknown,retain_candidate,true,No Batch 2 approval or visual review inferred.
B2-LINK-00195,LY-HOT-000074,hotels,فندق الماسة,hotel,IMG-2A56245AD9EEFF74,assets/images/hotels/hotels-LY-HOTELS-00074-05.webp,gallery,true,true,thumbnail_only,IMG-0A9F6B7EC32C8888,DUP-00605,existing_link,not_individually_verified,unknown,retain_candidate,true,No Batch 2 approval or visual review inferred.
B2-LINK-00196,LY-HOT-000075,hotels,فندق المتوسط,hotel,IMG-4F0A3CE02FA1B883,assets/images/hotels/hotels-LY-HOTELS-00075-01.webp,gallery,true,true,thumbnail_only,IMG-5BE42BF01EA16B89,DUP-01392,existing_link,not_individually_verified,unknown,retain_candidate,true,No Batch 2 approval or visual review inferred.
B2-LINK-00197,LY-HOT-000075,hotels,فندق المتوسط,hotel,IMG-C5C85A7766EDDAF0,assets/images/hotels/hotels-LY-HOTELS-00075-02.webp,gallery,true,true,thumbnail_only,IMG-F72A2B3B53583513,DUP-00299,existing_link,not_individually_verified,unknown,retain_candidate,true,No Batch 2 approval or visual review inferred.
B2-LINK-00198,LY-HOT-000075,hotels,فندق المتوسط,hotel,IMG-D9EDD81AAF8CF93F,assets/images/hotels/hotels-LY-HOTELS-00075-03.webp,gallery,true,true,thumbnail_only,IMG-06C9B682D26BC85A,DUP-00384,existing_link,not_individually_verified,unknown,retain_candidate,true,No Batch 2 approval or visual review inferred.
B2-LINK-00199,LY-HOT-000075,hotels,فندق المتوسط,hotel,IMG-0133C435EE3A1D77,assets/images/hotels/hotels-LY-HOTELS-00075-04.webp,gallery,true,true,thumbnail_only,IMG-B33680E16C6CFDBC,DUP-01335,existing_link,not_individually_verified,unknown,retain_candidate,true,No Batch 2 approval or visual review inferred.
B2-LINK-00200,LY-HOT-000075,hotels,فندق المتوسط,hotel,IMG-EA0D93EB480687A0,assets/images/hotels/hotels-LY-HOTELS-00075-05.webp,gallery,true,true,thumbnail_only,IMG-5A6315C65F17467F,DUP-00001,existing_link,not_individually_verified,unknown,retain_candidate,true,No Batch 2 approval or visual review inferred.
B2-LINK-00201,LY-HOT-000077,hotels,فندق المشكاة,hotel,IMG-31E0CFFABE88906C,assets/images/hotels/hotels-LY-HOTELS-00077-01.webp,gallery,true,true,thumbnail_only,IMG-FDB2049E02358947,DUP-00084,existing_link,not_individually_verified,unknown,retain_candidate,true,No Batch 2 approval or visual review inferred.
B2-LINK-00202,LY-HOT-000077,hotels,فندق المشكاة,hotel,IMG-A226501C2C5AC872,assets/images/hotels/hotels-LY-HOTELS-00077-02.webp,gallery,true,true,thumbnail_only,IMG-632EAAC9502CE2F4,DUP-01083,existing_link,not_individually_verified,unknown,retain_candidate,true,No Batch 2 approval or visual review inferred.
B2-LINK-00203,LY-HOT-000077,hotels,فندق المشكاة,hotel,IMG-7D813CB38D6D33EC,assets/images/hotels/hotels-LY-HOTELS-00077-03.webp,gallery,true,true,thumbnail_only,IMG-EAFD9A62CE958CCF,DUP-00461,existing_link,not_individually_verified,unknown,retain_candidate,true,No Batch 2 approval or visual review inferred.
B2-LINK-00204,LY-HOT-000078,hotels,فندق المنامة,hotel,IMG-F83777E607F937D9,assets/images/hotels/hotels-LY-HOTELS-00078-01.webp,gallery,true,true,thumbnail_only,IMG-F83777E607F937D9,DUP-00973,existing_link,not_individually_verified,unknown,retain_candidate,true,No Batch 2 approval or visual review inferred.
B2-LINK-00205,LY-HOT-000078,hotels,فندق المنامة,hotel,IMG-B4B10F0D39B315A2,assets/images/hotels/hotels-LY-HOTELS-00078-02.webp,gallery,true,true,thumbnail_only,IMG-4F7ED537F1D41AB1,DUP-00561,existing_link,not_individually_verified,unknown,retain_candidate,true,No Batch 2 approval or visual review inferred.
B2-LINK-00206,LY-HOT-000078,hotels,فندق المنامة,hotel,IMG-2C6CCAAC860933E7,assets/images/hotels/hotels-LY-HOTELS-00078-03.webp,gallery,true,true,thumbnail_only,IMG-506D468D5469D83B,DUP-01102,existing_link,not_individually_verified,unknown,retain_candidate,true,No Batch 2 approval or visual review inferred.
B2-LINK-00207,LY-HOT-000079,hotels,فندق النخلة,hotel,IMG-280C1B178E8D3CFF,assets/images/hotels/hotels-LY-HOTELS-00079-01.webp,gallery,true,true,thumbnail_only,IMG-9DECD06211223AB2,DUP-00494,existing_link,not_individually_verified,unknown,retain_candidate,true,No Batch 2 approval or visual review inferred.
B2-LINK-00208,LY-HOT-000079,hotels,فندق النخلة,hotel,IMG-1834A16B1E6893A7,assets/images/hotels/hotels-LY-HOTELS-00079-02.webp,gallery,true,true,thumbnail_only,IMG-0AFFB1E69BFA3E19,DUP-00553,existing_link,not_individually_verified,unknown,retain_candidate,true,No Batch 2 approval or visual review inferred.
B2-LINK-00209,LY-HOT-000079,hotels,فندق النخلة,hotel,IMG-773578DB80421152,assets/images/hotels/hotels-LY-HOTELS-00079-03.webp,gallery,true,true,thumbnail_only,IMG-18C2E31FECBA82E1,DUP-00563,existing_link,not_individually_verified,unknown,retain_candidate,true,No Batch 2 approval or visual review inferred.
B2-LINK-00210,LY-HOT-000079,hotels,فندق النخلة,hotel,IMG-00AD23CCC437AF69,assets/images/hotels/hotels-LY-HOTELS-00079-04.webp,gallery,true,true,thumbnail_only,IMG-D28036F5C42EE759,DUP-00680,existing_link,not_individually_verified,unknown,retain_candidate,true,No Batch 2 approval or visual review inferred.
B2-LINK-00211,LY-HOT-000079,hotels,فندق النخلة,hotel,IMG-558A07BE19CA49F3,assets/images/hotels/hotels-LY-HOTELS-00079-05.webp,gallery,true,true,thumbnail_only,IMG-7F54440D52B35781,DUP-01276,existing_link,not_individually_verified,unknown,retain_candidate,true,No Batch 2 approval or visual review inferred.
B2-LINK-00212,LY-HOT-000080,hotels,فندق النقازة الخمس,resort,IMG-03FE1BFC24DF7657,assets/images/hotels/hotels-LY-HOTELS-00080-01.webp,gallery,true,true,thumbnail_only,IMG-38960BB243DCAEBE,DUP-01128,existing_link,not_individually_verified,unknown,retain_candidate,true,No Batch 2 approval or visual review inferred.
B2-LINK-00213,LY-HOT-000080,hotels,فندق النقازة الخمس,resort,IMG-8260C35E37C8BB09,assets/images/hotels/hotels-LY-HOTELS-00080-02.webp,gallery,true,true,thumbnail_only,IMG-82C4B38860F356A2,DUP-00350,existing_link,not_individually_verified,unknown,retain_candidate,true,No Batch 2 approval or visual review inferred.
B2-LINK-00214,LY-HOT-000080,hotels,فندق النقازة الخمس,resort,IMG-0072368E13CFE601,assets/images/hotels/hotels-LY-HOTELS-00080-03.webp,gallery,true,true,thumbnail_only,IMG-878A93F9BCF924DC,DUP-00577,existing_link,not_individually_verified,unknown,retain_candidate,true,No Batch 2 approval or visual review inferred.
B2-LINK-00215,LY-HOT-000080,hotels,فندق النقازة الخمس,resort,IMG-3774034861DF847F,assets/images/hotels/hotels-LY-HOTELS-00080-04.webp,gallery,true,true,thumbnail_only,IMG-BD230755B5C8E0E2,DUP-00540,existing_link,not_individually_verified,unknown,retain_candidate,true,No Batch 2 approval or visual review inferred.
B2-LINK-00216,LY-HOT-000080,hotels,فندق النقازة الخمس,resort,IMG-4AE1EF36145F026A,assets/images/hotels/hotels-LY-HOTELS-00080-05.webp,gallery,true,true,thumbnail_only,IMG-E3609CD7F024E87B,DUP-00514,existing_link,not_individually_verified,unknown,retain_candidate,true,No Batch 2 approval or visual review inferred.
B2-LINK-00217,LY-HOT-000081,hotels,فندق النهر,hostel,IMG-00DF5A97DE0DCF00,assets/images/hotels/hotels-LY-HOTELS-00081-01.webp,gallery,true,true,thumbnail_only,IMG-44F58819FE6505E3,DUP-01210,existing_link,not_individually_verified,unknown,retain_candidate,true,No Batch 2 approval or visual review inferred.
B2-LINK-00218,LY-HOT-000081,hotels,فندق النهر,hostel,IMG-7AB18C0F32D27614,assets/images/hotels/hotels-LY-HOTELS-00081-02.webp,gallery,true,true,thumbnail_only,IMG-61C692CA68C7D0EB,DUP-01272,existing_link,not_individually_verified,unknown,retain_candidate,true,No Batch 2 approval or visual review inferred.
B2-LINK-00219,LY-HOT-000081,hotels,فندق النهر,hostel,IMG-34A938DE57371F07,assets/images/hotels/hotels-LY-HOTELS-00081-03.webp,gallery,true,true,thumbnail_only,IMG-D552FBC06D8583DA,DUP-01092,existing_link,not_individually_verified,unknown,retain_candidate,true,No Batch 2 approval or visual review inferred.
B2-LINK-00220,LY-HOT-000084,hotels,فندق الواحات,hotel,IMG-612CCDBF36460E46,assets/images/hotels/hotels-LY-HOTELS-00084-01.webp,gallery,true,true,thumbnail_only,IMG-D6889136D1DAD153,DUP-00869,existing_link,not_individually_verified,unknown,retain_candidate,true,No Batch 2 approval or visual review inferred.
B2-LINK-00221,LY-HOT-000085,hotels,فندق الياسمين,hotel,IMG-477F3B49EC08BB94,assets/images/hotels/hotels-LY-HOTELS-00085-01.webp,gallery,true,true,thumbnail_only,IMG-477F3B49EC08BB94,DUP-01113,existing_link,not_individually_verified,unknown,retain_candidate,true,No Batch 2 approval or visual review inferred.
B2-LINK-00222,LY-HOT-000085,hotels,فندق الياسمين,hotel,IMG-F233C639D2E8E39B,assets/images/hotels/hotels-LY-HOTELS-00085-02.webp,gallery,true,true,thumbnail_only,IMG-3D576F4253897F84,DUP-00822,existing_link,not_individually_verified,unknown,retain_candidate,true,No Batch 2 approval or visual review inferred.
B2-LINK-00223,LY-HOT-000085,hotels,فندق الياسمين,hotel,IMG-CA972D864941F241,assets/images/hotels/hotels-LY-HOTELS-00085-03.webp,gallery,true,true,thumbnail_only,IMG-B051BE6C0F81B033,DUP-00486,existing_link,not_individually_verified,unknown,retain_candidate,true,No Batch 2 approval or visual review inferred.
B2-LINK-00224,LY-HOT-000086,hotels,فندق أجنحة قرطاج,hotel,IMG-F7EC6271B650752B,assets/images/hotels/hotels-LY-HOTELS-00086-01.webp,gallery,true,true,thumbnail_only,IMG-C778F371CEE679A5,DUP-00349,existing_link,not_individually_verified,unknown,retain_candidate,true,No Batch 2 approval or visual review inferred.
B2-LINK-00225,LY-HOT-000086,hotels,فندق أجنحة قرطاج,hotel,IMG-F0A86AFA3850DF73,assets/images/hotels/hotels-LY-HOTELS-00086-02.webp,gallery,true,true,thumbnail_only,IMG-4BDB0432089D1D82,DUP-00095,existing_link,not_individually_verified,unknown,retain_candidate,true,No Batch 2 approval or visual review inferred.
B2-LINK-00226,LY-HOT-000086,hotels,فندق أجنحة قرطاج,hotel,IMG-26336BB4A4128505,assets/images/hotels/hotels-LY-HOTELS-00086-03.webp,gallery,true,true,thumbnail_only,IMG-E59A65BBD46ACBB2,DUP-00144,existing_link,not_individually_verified,unknown,retain_candidate,true,No Batch 2 approval or visual review inferred.
B2-LINK-00227,LY-HOT-000086,hotels,فندق أجنحة قرطاج,hotel,IMG-51E13EC44319543A,assets/images/hotels/hotels-LY-HOTELS-00086-04.webp,gallery,true,true,thumbnail_only,IMG-ED4FB57C8879404C,DUP-01284,existing_link,not_individually_verified,unknown,retain_candidate,true,No Batch 2 approval or visual review inferred.
B2-LINK-00228,LY-HOT-000086,hotels,فندق أجنحة قرطاج,hotel,IMG-78AF229C6E680D31,assets/images/hotels/hotels-LY-HOTELS-00086-05.webp,gallery,true,true,thumbnail_only,IMG-AD17C5E93947DB3F,DUP-00806,existing_link,not_individually_verified,unknown,retain_candidate,true,No Batch 2 approval or visual review inferred.
B2-LINK-00229,LY-HOT-000088,hotels,فندق بنت السيد,hotel,IMG-599C8099E31AA502,assets/images/hotels/hotels-LY-HOTELS-00088-01.webp,gallery,true,true,acceptable,IMG-D1E6E47D8546628E,DUP-00682,existing_link,not_individually_verified,unknown,retain_candidate,true,No Batch 2 approval or visual review inferred.
B2-LINK-00230,LY-HOT-000090,hotels,فندق بيت الأمان,hostel,IMG-51AB10EF4C188BE1,assets/images/hotels/hotels-LY-HOTELS-00090-01.webp,gallery,true,true,thumbnail_only,IMG-20805D649E860231,DUP-00532,existing_link,not_individually_verified,unknown,retain_candidate,true,No Batch 2 approval or visual review inferred.
B2-LINK-00231,LY-HOT-000090,hotels,فندق بيت الأمان,hostel,IMG-30C2E9E862A9C5C2,assets/images/hotels/hotels-LY-HOTELS-00090-02.webp,gallery,true,true,thumbnail_only,IMG-6DCB624E181157AC,DUP-00638,existing_link,not_individually_verified,unknown,retain_candidate,true,No Batch 2 approval or visual review inferred.
B2-LINK-00232,LY-HOT-000090,hotels,فندق بيت الأمان,hostel,IMG-12943799F215FFA1,assets/images/hotels/hotels-LY-HOTELS-00090-03.webp,gallery,true,true,thumbnail_only,IMG-558E091E762A9458,DUP-00808,existing_link,not_individually_verified,unknown,retain_candidate,true,No Batch 2 approval or visual review inferred.
B2-LINK-00233,LY-HOT-000090,hotels,فندق بيت الأمان,hostel,IMG-5446A0D246BDB060,assets/images/hotels/hotels-LY-HOTELS-00090-04.webp,gallery,true,true,thumbnail_only,IMG-A287A1D271709826,DUP-00038,existing_link,not_individually_verified,unknown,retain_candidate,true,No Batch 2 approval or visual review inferred.
B2-LINK-00234,LY-HOT-000091,hotels,فندق بيت الشرق,hostel,IMG-EF3B1425ACE980F9,assets/images/hotels/hotels-LY-HOTELS-00091-01.webp,gallery,true,true,high,IMG-EF3B1425ACE980F9,DUP-00048,existing_link,not_individually_verified,unknown,retain_candidate,true,No Batch 2 approval or visual review inferred.
B2-LINK-00235,LY-HOT-000091,hotels,فندق بيت الشرق,hostel,IMG-97B67FA8214D0FB6,assets/images/hotels/hotels-LY-HOTELS-00091-02.webp,gallery,true,true,acceptable,IMG-4F817DC478E741BF,DUP-00688,existing_link,not_individually_verified,unknown,retain_candidate,true,No Batch 2 approval or visual review inferred.
B2-LINK-00236,LY-HOT-000091,hotels,فندق بيت الشرق,hostel,IMG-DB9C038597427F88,assets/images/hotels/hotels-LY-HOTELS-00091-03.webp,gallery,true,true,high,IMG-CBD8F50F240A4893,DUP-00034,existing_link,not_individually_verified,unknown,retain_candidate,true,No Batch 2 approval or visual review inferred.
B2-LINK-00237,LY-HOT-000093,hotels,لانكاستر برج الحياة ( ماريوت سابقا),hotel,IMG-CB4676B3E9A8B840,assets/images/hotels/hotels-LY-HOTELS-00093-01.webp,gallery,true,true,thumbnail_only,IMG-988702877E84182E,DUP-00863,existing_link,not_individually_verified,unknown,retain_candidate,true,No Batch 2 approval or visual review inferred.
B2-LINK-00238,LY-HOT-000093,hotels,لانكاستر برج الحياة ( ماريوت سابقا),hotel,IMG-1C913458A0A1FA14,assets/images/hotels/hotels-LY-HOTELS-00093-02.webp,gallery,true,true,thumbnail_only,IMG-27B38C97513DE426,DUP-00722,existing_link,not_individually_verified,unknown,retain_candidate,true,No Batch 2 approval or visual review inferred.
B2-LINK-00239,LY-HOT-000093,hotels,لانكاستر برج الحياة ( ماريوت سابقا),hotel,IMG-EC161DF704B60C62,assets/images/hotels/hotels-LY-HOTELS-00093-03.webp,gallery,true,true,thumbnail_only,IMG-4D3F405163D455B7,DUP-00659,existing_link,not_individually_verified,unknown,retain_candidate,true,No Batch 2 approval or visual review inferred.
B2-LINK-00240,LY-HOT-000093,hotels,لانكاستر برج الحياة ( ماريوت سابقا),hotel,IMG-7390E3985E994889,assets/images/hotels/hotels-LY-HOTELS-00093-04.webp,gallery,true,true,thumbnail_only,IMG-884BAAD70F746279,DUP-00644,existing_link,not_individually_verified,unknown,retain_candidate,true,No Batch 2 approval or visual review inferred.
B2-LINK-00241,LY-HOT-000093,hotels,لانكاستر برج الحياة ( ماريوت سابقا),hotel,IMG-504EED655E0E89A8,assets/images/hotels/hotels-LY-HOTELS-00093-05.webp,gallery,true,true,thumbnail_only,IMG-32ABB3AFF94632F2,DUP-00487,existing_link,not_individually_verified,unknown,retain_candidate,true,No Batch 2 approval or visual review inferred.
B2-LINK-00242,LY-HOT-000094,hotels,فندق دار غدامس,hostel,IMG-7AC07FEBBAB341ED,assets/images/hotels/hotels-LY-HOTELS-00094-01.webp,gallery,true,true,thumbnail_only,IMG-611FCFB8ACD59250,DUP-01251,existing_link,not_individually_verified,unknown,retain_candidate,true,No Batch 2 approval or visual review inferred.
B2-LINK-00243,LY-HOT-000094,hotels,فندق دار غدامس,hostel,IMG-721223318E5E708D,assets/images/hotels/hotels-LY-HOTELS-00094-02.webp,gallery,true,true,thumbnail_only,IMG-067EA325F989101B,DUP-00104,existing_link,not_individually_verified,unknown,retain_candidate,true,No Batch 2 approval or visual review inferred.
B2-LINK-00244,LY-HOT-000094,hotels,فندق دار غدامس,hostel,IMG-4B795440EECE20DD,assets/images/hotels/hotels-LY-HOTELS-00094-03.webp,gallery,true,true,thumbnail_only,IMG-8B64E4FDAD69C716,DUP-00229,existing_link,not_individually_verified,unknown,retain_candidate,true,No Batch 2 approval or visual review inferred.
B2-LINK-00245,LY-HOT-000094,hotels,فندق دار غدامس,hostel,IMG-FF2D6F1DE9B8A28E,assets/images/hotels/hotels-LY-HOTELS-00094-04.webp,gallery,true,true,thumbnail_only,IMG-B813CC60C6A8CDC4,DUP-00304,existing_link,not_individually_verified,unknown,retain_candidate,true,No Batch 2 approval or visual review inferred.
B2-LINK-00246,LY-HOT-000094,hotels,فندق دار غدامس,hostel,IMG-EB12D6D8A06EB449,assets/images/hotels/hotels-LY-HOTELS-00094-05.webp,gallery,true,true,thumbnail_only,IMG-AD3D5294D3D7987B,DUP-00858,existing_link,not_individually_verified,unknown,retain_candidate,true,No Batch 2 approval or visual review inferred.
B2-LINK-00247,LY-HOT-000095,hotels,فندق ديار الهناء,hotel,IMG-92E4F00620C05EFB,assets/images/hotels/hotels-LY-HOTELS-00095-01.webp,gallery,true,true,thumbnail_only,IMG-83CA82DB3EDF9B3C,DUP-00327,existing_link,not_individually_verified,unknown,retain_candidate,true,No Batch 2 approval or visual review inferred.
B2-LINK-00248,LY-HOT-000095,hotels,فندق ديار الهناء,hotel,IMG-633699F21BBE3217,assets/images/hotels/hotels-LY-HOTELS-00095-02.webp,gallery,true,true,thumbnail_only,IMG-6CA62213D9D2F630,DUP-00175,existing_link,not_individually_verified,unknown,retain_candidate,true,No Batch 2 approval or visual review inferred.
B2-LINK-00249,LY-HOT-000095,hotels,فندق ديار الهناء,hotel,IMG-A4487F2CA2196402,assets/images/hotels/hotels-LY-HOTELS-00095-03.webp,gallery,true,true,thumbnail_only,IMG-AFE064AEE82AAF44,DUP-00966,existing_link,not_individually_verified,unknown,retain_candidate,true,No Batch 2 approval or visual review inferred.
B2-LINK-00250,LY-HOT-000095,hotels,فندق ديار الهناء,hotel,IMG-54EA892176139C03,assets/images/hotels/hotels-LY-HOTELS-00095-04.webp,gallery,true,true,thumbnail_only,IMG-13419A729AD8E004,DUP-00639,existing_link,not_individually_verified,unknown,retain_candidate,true,No Batch 2 approval or visual review inferred.
B2-LINK-00251,LY-HOT-000096,hotels,فندق ليبوس,hotel,IMG-F9F53CED1C50A8BD,assets/images/hotels/hotels-LY-HOTELS-00096-01.webp,gallery,true,true,thumbnail_only,IMG-C10554B3A3FB55E7,DUP-00332,existing_link,not_individually_verified,unknown,retain_candidate,true,No Batch 2 approval or visual review inferred.
B2-LINK-00252,LY-HOT-000096,hotels,فندق ليبوس,hotel,IMG-A7ED8DCF2BD7BC71,assets/images/hotels/hotels-LY-HOTELS-00096-02.webp,gallery,true,true,thumbnail_only,IMG-E39CC031E0398CB9,DUP-00627,existing_link,not_individually_verified,unknown,retain_candidate,true,No Batch 2 approval or visual review inferred.
B2-LINK-00253,LY-HOT-000096,hotels,فندق ليبوس,hotel,IMG-9A61888B3EDEC90B,assets/images/hotels/hotels-LY-HOTELS-00096-03.webp,gallery,true,true,thumbnail_only,IMG-119F2855B0272866,DUP-00993,existing_link,not_individually_verified,unknown,retain_candidate,true,No Batch 2 approval or visual review inferred.
B2-LINK-00254,LY-HOT-000097,hotels,فندق ريكسوس,hotel,IMG-0D74F9F296DF86DD,assets/images/hotels/hotels-LY-HOTELS-00097-01.webp,gallery,true,true,thumbnail_only,IMG-ED18EDDB741D1F0A,DUP-00499,existing_link,not_individually_verified,unknown,retain_candidate,true,No Batch 2 approval or visual review inferred.
B2-LINK-00255,LY-HOT-000097,hotels,فندق ريكسوس,hotel,IMG-8E1D2687C2584EF2,assets/images/hotels/hotels-LY-HOTELS-00097-02.webp,gallery,true,true,thumbnail_only,IMG-5A6937F8A5E335B8,DUP-00160,existing_link,not_individually_verified,unknown,retain_candidate,true,No Batch 2 approval or visual review inferred.
B2-LINK-00256,LY-HOT-000097,hotels,فندق ريكسوس,hotel,IMG-AFEF705E110272D8,assets/images/hotels/hotels-LY-HOTELS-00097-03.webp,gallery,true,true,thumbnail_only,IMG-807AB6F354BF0E02,DUP-00354,existing_link,not_individually_verified,unknown,retain_candidate,true,No Batch 2 approval or visual review inferred.
B2-LINK-00257,LY-HOT-000097,hotels,فندق ريكسوس,hotel,IMG-9F069DAF289EA0A0,assets/images/hotels/hotels-LY-HOTELS-00097-04.webp,gallery,true,true,thumbnail_only,IMG-F10441A952097303,DUP-01141,existing_link,not_individually_verified,unknown,retain_candidate,true,No Batch 2 approval or visual review inferred.
B2-LINK-00258,LY-HOT-000097,hotels,فندق ريكسوس,hotel,IMG-1DF45172B1BF7BD2,assets/images/hotels/hotels-LY-HOTELS-00097-05.webp,gallery,true,true,thumbnail_only,IMG-C3DD1A72064B8D6F,DUP-00324,existing_link,not_individually_verified,unknown,retain_candidate,true,No Batch 2 approval or visual review inferred.
B2-LINK-00259,LY-HOT-000098,hotels,فندق زليتن,hotel,IMG-C8F2AC0814DA6F5B,assets/images/hotels/hotels-LY-HOTELS-00098-01.webp,gallery,true,true,thumbnail_only,IMG-DBD8425A1CC2BD0C,DUP-00248,existing_link,not_individually_verified,unknown,retain_candidate,true,No Batch 2 approval or visual review inferred.
B2-LINK-00260,LY-HOT-000098,hotels,فندق زليتن,hotel,IMG-D3468EA82A39ECE5,assets/images/hotels/hotels-LY-HOTELS-00098-02.webp,gallery,true,true,thumbnail_only,IMG-0541609E0DD4A51E,DUP-00228,existing_link,not_individually_verified,unknown,retain_candidate,true,No Batch 2 approval or visual review inferred.
B2-LINK-00261,LY-HOT-000098,hotels,فندق زليتن,hotel,IMG-9FD6E863B6037CB9,assets/images/hotels/hotels-LY-HOTELS-00098-03.webp,gallery,true,true,thumbnail_only,IMG-C40226F22194EFAF,DUP-00787,existing_link,not_individually_verified,unknown,retain_candidate,true,No Batch 2 approval or visual review inferred.
B2-LINK-00262,LY-HOT-000099,hotels,فندق زميت,hotel,IMG-9F297B4C0B40C957,assets/images/hotels/hotels-LY-HOTELS-00099-01.webp,gallery,true,true,thumbnail_only,IMG-B8A9EE245BA8AD26,DUP-00703,existing_link,not_individually_verified,unknown,retain_candidate,true,No Batch 2 approval or visual review inferred.
B2-LINK-00263,LY-HOT-000099,hotels,فندق زميت,hotel,IMG-CAE7249A62953873,assets/images/hotels/hotels-LY-HOTELS-00099-02.webp,gallery,true,true,thumbnail_only,IMG-CB8A3C8F35302B7F,DUP-00450,existing_link,not_individually_verified,unknown,retain_candidate,true,No Batch 2 approval or visual review inferred.
B2-LINK-00264,LY-HOT-000099,hotels,فندق زميت,hotel,IMG-AC35D29C25944063,assets/images/hotels/hotels-LY-HOTELS-00099-03.webp,gallery,true,true,thumbnail_only,IMG-00FDF573A183886E,DUP-00560,existing_link,not_individually_verified,unknown,retain_candidate,true,No Batch 2 approval or visual review inferred.
B2-LINK-00265,LY-HOT-000099,hotels,فندق زميت,hotel,IMG-20D7A9FC21E30A0E,assets/images/hotels/hotels-LY-HOTELS-00099-04.webp,gallery,true,true,thumbnail_only,IMG-DD8AEC627ECF60C5,DUP-00435,existing_link,not_individually_verified,unknown,retain_candidate,true,No Batch 2 approval or visual review inferred.
B2-LINK-00266,LY-HOT-000099,hotels,فندق زميت,hotel,IMG-9451658CBCB2438B,assets/images/hotels/hotels-LY-HOTELS-00099-05.webp,gallery,true,true,thumbnail_only,IMG-072C1530A89D2FB5,DUP-00135,existing_link,not_individually_verified,unknown,retain_candidate,true,No Batch 2 approval or visual review inferred.
B2-LINK-00267,LY-HOT-000099,hotels,فندق زميت,hotel,IMG-5AE49B68EB0A156C,assets/images/hotels/hotels-LY-HOTELS-00099-06.webp,gallery,true,true,thumbnail_only,IMG-DF4A3DD398AE2330,DUP-00853,existing_link,not_individually_verified,unknown,retain_candidate,true,No Batch 2 approval or visual review inferred.
B2-LINK-00268,LY-HOT-000099,hotels,فندق زميت,hotel,IMG-7677C012901A661B,assets/images/hotels/hotels-LY-HOTELS-00099-07.webp,gallery,true,true,thumbnail_only,IMG-BA3D98BA22514336,DUP-00690,existing_link,not_individually_verified,unknown,retain_candidate,true,No Batch 2 approval or visual review inferred.
B2-LINK-00269,LY-HOT-000099,hotels,فندق زميت,hotel,IMG-BD81FB1B239C08FB,assets/images/hotels/hotels-LY-HOTELS-00099-08.webp,gallery,true,true,thumbnail_only,IMG-FA81416231B274E6,DUP-00241,existing_link,not_individually_verified,unknown,retain_candidate,true,No Batch 2 approval or visual review inferred.
B2-LINK-00270,LY-HOT-000099,hotels,فندق زميت,hotel,IMG-FBC3DEE6C014E074,assets/images/hotels/hotels-LY-HOTELS-00099-09.webp,gallery,true,true,thumbnail_only,IMG-41E39F595447A299,DUP-00212,existing_link,not_individually_verified,unknown,retain_candidate,true,No Batch 2 approval or visual review inferred.
B2-LINK-00271,LY-HOT-000099,hotels,فندق زميت,hotel,IMG-7E197A3C314FAA3F,assets/images/hotels/hotels-LY-HOTELS-00099-10.webp,gallery,true,true,thumbnail_only,IMG-886F37BDB7A20062,DUP-00581,existing_link,not_individually_verified,unknown,retain_candidate,true,No Batch 2 approval or visual review inferred.
B2-LINK-00272,LY-HOT-000100,hotels,فندق زوارة,hotel,IMG-50C88BA946BC9961,assets/images/hotels/hotels-LY-HOTELS-00100-01.webp,gallery,true,true,thumbnail_only,IMG-255FB8237A2F0054,DUP-00269,existing_link,not_individually_verified,unknown,retain_candidate,true,No Batch 2 approval or visual review inferred.
B2-LINK-00273,LY-HOT-000100,hotels,فندق زوارة,hotel,IMG-C06A0EBCFAEA2B57,assets/images/hotels/hotels-LY-HOTELS-00100-02.webp,gallery,true,true,thumbnail_only,IMG-3EF6D51458590288,DUP-01370,existing_link,not_individually_verified,unknown,retain_candidate,true,No Batch 2 approval or visual review inferred.
B2-LINK-00274,LY-HOT-000100,hotels,فندق زوارة,hotel,IMG-69062897509C628E,assets/images/hotels/hotels-LY-HOTELS-00100-03.webp,gallery,true,true,thumbnail_only,IMG-9F96B9A4E93C8392,DUP-00775,existing_link,not_individually_verified,unknown,retain_candidate,true,No Batch 2 approval or visual review inferred.
B2-LINK-00275,LY-HOT-000100,hotels,فندق زوارة,hotel,IMG-91B4AED0FE2BBA89,assets/images/hotels/hotels-LY-HOTELS-00100-04.webp,gallery,true,true,thumbnail_only,IMG-90C08E273C288EFF,DUP-00013,existing_link,not_individually_verified,unknown,retain_candidate,true,No Batch 2 approval or visual review inferred.
B2-LINK-00276,LY-HOT-000102,hotels,فندق سفاري,hotel,IMG-055271F1382E9D5A,assets/images/hotels/hotels-LY-HOTELS-00102-01.webp,gallery,true,true,thumbnail_only,IMG-9D8E2EB582BFCFAC,DUP-00631,existing_link,not_individually_verified,unknown,retain_candidate,true,No Batch 2 approval or visual review inferred.
B2-LINK-00277,LY-HOT-000102,hotels,فندق سفاري,hotel,IMG-3395225F54504E31,assets/images/hotels/hotels-LY-HOTELS-00102-02.webp,gallery,true,true,thumbnail_only,IMG-5B891BF9CC9B6073,DUP-00217,existing_link,not_individually_verified,unknown,retain_candidate,true,No Batch 2 approval or visual review inferred.
B2-LINK-00278,LY-HOT-000102,hotels,فندق سفاري,hotel,IMG-B3F78DA2F7BA0492,assets/images/hotels/hotels-LY-HOTELS-00102-03.webp,gallery,true,true,thumbnail_only,IMG-D39193720551C3A6,DUP-00815,existing_link,not_individually_verified,unknown,retain_candidate,true,No Batch 2 approval or visual review inferred.
B2-LINK-00279,LY-HOT-000102,hotels,فندق سفاري,hotel,IMG-3092C1186BF5C37B,assets/images/hotels/hotels-LY-HOTELS-00102-04.webp,gallery,true,true,thumbnail_only,IMG-197BF888FE095625,DUP-00610,existing_link,not_individually_verified,unknown,retain_candidate,true,No Batch 2 approval or visual review inferred.
B2-LINK-00280,LY-HOT-000102,hotels,فندق سفاري,hotel,IMG-F129B3CAB0A9850A,assets/images/hotels/hotels-LY-HOTELS-00102-05.webp,gallery,true,true,thumbnail_only,IMG-215DE7BB7F591CD0,DUP-00352,existing_link,not_individually_verified,unknown,retain_candidate,true,No Batch 2 approval or visual review inferred.
B2-LINK-00281,LY-HOT-000103,hotels,فندق سفاري 2,hotel,IMG-5FD7D29019D53E4A,assets/images/hotels/hotels-LY-HOTELS-00103-01.webp,gallery,true,true,thumbnail_only,IMG-CCD95F291123DD4A,DUP-01087,existing_link,not_individually_verified,unknown,retain_candidate,true,No Batch 2 approval or visual review inferred.
B2-LINK-00282,LY-HOT-000103,hotels,فندق سفاري 2,hotel,IMG-F1D49822B9E50E75,assets/images/hotels/hotels-LY-HOTELS-00103-02.webp,gallery,true,true,thumbnail_only,IMG-2B7BEE5C8C66F652,DUP-00550,existing_link,not_individually_verified,unknown,retain_candidate,true,No Batch 2 approval or visual review inferred.
B2-LINK-00283,LY-HOT-000103,hotels,فندق سفاري 2,hotel,IMG-DACA10C87FFEDDF2,assets/images/hotels/hotels-LY-HOTELS-00103-03.webp,gallery,true,true,thumbnail_only,IMG-3C1027AECEC6FA91,DUP-00710,existing_link,not_individually_verified,unknown,retain_candidate,true,No Batch 2 approval or visual review inferred.
B2-LINK-00284,LY-HOT-000105,hotels,فندق ضيافة ونيس,hotel,IMG-9D9788DF5F512236,assets/images/hotels/hotels-LY-HOTELS-00105-01.webp,gallery,true,true,thumbnail_only,IMG-69E8B1DE5A71649E,DUP-00609,existing_link,not_individually_verified,unknown,retain_candidate,true,No Batch 2 approval or visual review inferred.
B2-LINK-00285,LY-HOT-000105,hotels,فندق ضيافة ونيس,hotel,IMG-A6AA8F89D8035298,assets/images/hotels/hotels-LY-HOTELS-00105-02.webp,gallery,true,true,thumbnail_only,IMG-FC9920E5D171A809,DUP-00899,existing_link,not_individually_verified,unknown,retain_candidate,true,No Batch 2 approval or visual review inferred.
B2-LINK-00286,LY-HOT-000105,hotels,فندق ضيافة ونيس,hotel,IMG-5931F77CB872CA65,assets/images/hotels/hotels-LY-HOTELS-00105-03.webp,gallery,true,true,thumbnail_only,IMG-DA8A231A37BAEB3A,DUP-00471,existing_link,not_individually_verified,unknown,retain_candidate,true,No Batch 2 approval or visual review inferred.
B2-LINK-00287,LY-HOT-000105,hotels,فندق ضيافة ونيس,hotel,IMG-65FE8276C93C607B,assets/images/hotels/hotels-LY-HOTELS-00105-04.webp,gallery,true,true,thumbnail_only,IMG-1499C77A1F287A64,DUP-00912,existing_link,not_individually_verified,unknown,retain_candidate,true,No Batch 2 approval or visual review inferred.
B2-LINK-00288,LY-HOT-000105,hotels,فندق ضيافة ونيس,hotel,IMG-BC05599FBBCAA307,assets/images/hotels/hotels-LY-HOTELS-00105-05.webp,gallery,true,true,thumbnail_only,IMG-026409E72C42642F,DUP-00344,existing_link,not_individually_verified,unknown,retain_candidate,true,No Batch 2 approval or visual review inferred.
B2-LINK-00289,LY-HOT-000105,hotels,فندق ضيافة ونيس,hotel,IMG-CF5B85980D944684,assets/images/hotels/hotels-LY-HOTELS-00105-06.webp,gallery,true,true,thumbnail_only,IMG-1802A17F73F92EBB,DUP-01042,existing_link,not_individually_verified,unknown,retain_candidate,true,No Batch 2 approval or visual review inferred.
B2-LINK-00290,LY-HOT-000106,hotels,فندق طرابلس الدولي,hotel,IMG-473D64CC0B4F095E,assets/images/hotels/hotels-LY-HOTELS-00106-01.webp,gallery,true,true,thumbnail_only,IMG-9C4AEF2C6F040553,DUP-00518,existing_link,not_individually_verified,unknown,retain_candidate,true,No Batch 2 approval or visual review inferred.
B2-LINK-00291,LY-HOT-000106,hotels,فندق طرابلس الدولي,hotel,IMG-F945AEDAF1808D51,assets/images/hotels/hotels-LY-HOTELS-00106-02.webp,gallery,true,true,thumbnail_only,IMG-C029EEAD53EBA244,DUP-01223,existing_link,not_individually_verified,unknown,retain_candidate,true,No Batch 2 approval or visual review inferred.
B2-LINK-00292,LY-HOT-000106,hotels,فندق طرابلس الدولي,hotel,IMG-43CBC8CB7C57858F,assets/images/hotels/hotels-LY-HOTELS-00106-03.webp,gallery,true,true,thumbnail_only,IMG-FBD01D0E7409187A,DUP-00201,existing_link,not_individually_verified,unknown,retain_candidate,true,No Batch 2 approval or visual review inferred.
B2-LINK-00293,LY-HOT-000106,hotels,فندق طرابلس الدولي,hotel,IMG-43D287B6930B4435,assets/images/hotels/hotels-LY-HOTELS-00106-04.webp,gallery,true,true,thumbnail_only,IMG-1094B31A263C12B1,DUP-01135,existing_link,not_individually_verified,unknown,retain_candidate,true,No Batch 2 approval or visual review inferred.
B2-LINK-00294,LY-HOT-000106,hotels,فندق طرابلس الدولي,hotel,IMG-DC7DCA525167CC8C,assets/images/hotels/hotels-LY-HOTELS-00106-05.webp,gallery,true,true,thumbnail_only,IMG-C84B7597E152B9BB,DUP-00673,existing_link,not_individually_verified,unknown,retain_candidate,true,No Batch 2 approval or visual review inferred.
B2-LINK-00295,LY-HOT-000106,hotels,فندق طرابلس الدولي,hotel,IMG-080B18A3BC9738ED,assets/images/hotels/hotels-LY-HOTELS-00106-06.webp,gallery,true,true,thumbnail_only,IMG-ACCF95C794768116,DUP-00574,existing_link,not_individually_verified,unknown,retain_candidate,true,No Batch 2 approval or visual review inferred.
B2-LINK-00296,LY-HOT-000107,hotels,فندق طليطلة,hotel,IMG-6580CB7EB805DFF0,assets/images/hotels/hotels-LY-HOTELS-00107-01.webp,gallery,true,true,thumbnail_only,IMG-0E799557CED9064A,DUP-01374,existing_link,not_individually_verified,unknown,retain_candidate,true,No Batch 2 approval or visual review inferred.
B2-LINK-00297,LY-HOT-000107,hotels,فندق طليطلة,hotel,IMG-370B5C3B65A1A3C4,assets/images/hotels/hotels-LY-HOTELS-00107-02.webp,gallery,true,true,thumbnail_only,IMG-7230A7BE53B90109,DUP-01108,existing_link,not_individually_verified,unknown,retain_candidate,true,No Batch 2 approval or visual review inferred.
B2-LINK-00298,LY-HOT-000107,hotels,فندق طليطلة,hotel,IMG-37F922D5DEF09175,assets/images/hotels/hotels-LY-HOTELS-00107-03.webp,gallery,true,true,thumbnail_only,IMG-1F3B19A664DDFF30,DUP-01009,existing_link,not_individually_verified,unknown,retain_candidate,true,No Batch 2 approval or visual review inferred.
B2-LINK-00299,LY-HOT-000107,hotels,فندق طليطلة,hotel,IMG-50B546F3C44D52E7,assets/images/hotels/hotels-LY-HOTELS-00107-04.webp,gallery,true,true,thumbnail_only,IMG-B9E0E5FB3D5EEDFC,DUP-00209,existing_link,not_individually_verified,unknown,retain_candidate,true,No Batch 2 approval or visual review inferred.
B2-LINK-00300,LY-HOT-000108,hotels,فندق طيبة,hotel,IMG-60AE2A53516D38B5,assets/images/hotels/hotels-LY-HOTELS-00108-01.webp,gallery,true,true,thumbnail_only,IMG-F9A3C38667647920,DUP-00934,existing_link,not_individually_verified,unknown,retain_candidate,true,No Batch 2 approval or visual review inferred.
B2-LINK-00301,LY-HOT-000108,hotels,فندق طيبة,hotel,IMG-63D96C449B2D04DB,assets/images/hotels/hotels-LY-HOTELS-00108-02.webp,gallery,true,true,thumbnail_only,IMG-25D368EA8D78BEF9,DUP-00277,existing_link,not_individually_verified,unknown,retain_candidate,true,No Batch 2 approval or visual review inferred.
B2-LINK-00302,LY-HOT-000108,hotels,فندق طيبة,hotel,IMG-40EAEC4C6760A8C3,assets/images/hotels/hotels-LY-HOTELS-00108-03.webp,gallery,true,true,thumbnail_only,IMG-79D1B2AF7BC068A6,DUP-00006,existing_link,not_individually_verified,unknown,retain_candidate,true,No Batch 2 approval or visual review inferred.
B2-LINK-00303,LY-HOT-000109,hotels,فندق عمير,hostel,IMG-14E7A433C1AA23C9,assets/images/hotels/hotels-LY-HOTELS-00109-01.webp,gallery,true,true,thumbnail_only,IMG-72372DA2CAC0811E,DUP-01397,existing_link,not_individually_verified,unknown,retain_candidate,true,No Batch 2 approval or visual review inferred.
B2-LINK-00304,LY-HOT-000109,hotels,فندق عمير,hostel,IMG-F784DB5397D016BA,assets/images/hotels/hotels-LY-HOTELS-00109-02.webp,gallery,true,true,thumbnail_only,IMG-6EEE104B35F32ADE,DUP-00788,existing_link,not_individually_verified,unknown,retain_candidate,true,No Batch 2 approval or visual review inferred.
B2-LINK-00305,LY-HOT-000109,hotels,فندق عمير,hostel,IMG-A63425A76138E1B0,assets/images/hotels/hotels-LY-HOTELS-00109-03.webp,gallery,true,true,thumbnail_only,IMG-ECBCABBF516C8A3B,DUP-00123,existing_link,not_individually_verified,unknown,retain_candidate,true,No Batch 2 approval or visual review inferred.
B2-LINK-00306,LY-HOT-000110,hotels,فندق عين الفرس,hotel,IMG-DA0ECA578123941F,assets/images/hotels/hotels-LY-HOTELS-00110-01.webp,gallery,true,true,thumbnail_only,IMG-48C35F15AFAC03C4,DUP-00555,existing_link,not_individually_verified,unknown,retain_candidate,true,No Batch 2 approval or visual review inferred.
B2-LINK-00307,LY-HOT-000110,hotels,فندق عين الفرس,hotel,IMG-338CC40AD91622F4,assets/images/hotels/hotels-LY-HOTELS-00110-02.webp,gallery,true,true,thumbnail_only,IMG-DFE6F502A7779304,DUP-00911,existing_link,not_individually_verified,unknown,retain_candidate,true,No Batch 2 approval or visual review inferred.
B2-LINK-00308,LY-HOT-000112,hotels,فندق غريان السياحي,hotel,IMG-6BCB30EA9DC9D585,assets/images/hotels/hotels-LY-HOTELS-00112-01.webp,gallery,true,true,thumbnail_only,IMG-B6A8AFA7F049B288,DUP-00203,existing_link,not_individually_verified,unknown,retain_candidate,true,No Batch 2 approval or visual review inferred.
B2-LINK-00309,LY-HOT-000112,hotels,فندق غريان السياحي,hotel,IMG-872163498C1308A2,assets/images/hotels/hotels-LY-HOTELS-00112-02.webp,gallery,true,true,thumbnail_only,IMG-C2C4F78BD304EEE6,DUP-00538,existing_link,not_individually_verified,unknown,retain_candidate,true,No Batch 2 approval or visual review inferred.
B2-LINK-00310,LY-HOT-000112,hotels,فندق غريان السياحي,hotel,IMG-57CC6290CF85CBB0,assets/images/hotels/hotels-LY-HOTELS-00112-03.webp,gallery,true,true,thumbnail_only,IMG-9615C7A29D072368,DUP-00821,existing_link,not_individually_verified,unknown,retain_candidate,true,No Batch 2 approval or visual review inferred.
B2-LINK-00311,LY-HOT-000112,hotels,فندق غريان السياحي,hotel,IMG-0D376903126C3B56,assets/images/hotels/hotels-LY-HOTELS-00112-04.webp,gallery,true,true,thumbnail_only,IMG-0C61B7D8550466A3,DUP-00065,existing_link,not_individually_verified,unknown,retain_candidate,true,No Batch 2 approval or visual review inferred.
B2-LINK-00312,LY-HOT-000112,hotels,فندق غريان السياحي,hotel,IMG-364EE0B0BB3600EC,assets/images/hotels/hotels-LY-HOTELS-00112-05.webp,gallery,true,true,thumbnail_only,IMG-C7676431639D06F7,DUP-01324,existing_link,not_individually_verified,unknown,retain_candidate,true,No Batch 2 approval or visual review inferred.
B2-LINK-00313,LY-HOT-000113,hotels,فندق قرطاج,hotel,IMG-046EDC55FFD15293,assets/images/hotels/hotels-LY-HOTELS-00113-01.webp,gallery,true,true,thumbnail_only,IMG-C4A9802D583C2030,DUP-00595,existing_link,not_individually_verified,unknown,retain_candidate,true,No Batch 2 approval or visual review inferred.
B2-LINK-00314,LY-HOT-000113,hotels,فندق قرطاج,hotel,IMG-E6FB468A34553F69,assets/images/hotels/hotels-LY-HOTELS-00113-02.webp,gallery,true,true,thumbnail_only,IMG-B10F334A01F52BC3,DUP-01071,existing_link,not_individually_verified,unknown,retain_candidate,true,No Batch 2 approval or visual review inferred.
B2-LINK-00315,LY-HOT-000113,hotels,فندق قرطاج,hotel,IMG-CD389C5BBF989F52,assets/images/hotels/hotels-LY-HOTELS-00113-03.webp,gallery,true,true,thumbnail_only,IMG-7BC5A3EBECF4AF41,DUP-00078,existing_link,not_individually_verified,unknown,retain_candidate,true,No Batch 2 approval or visual review inferred.
B2-LINK-00316,LY-HOT-000113,hotels,فندق قرطاج,hotel,IMG-6246F499D62CE225,assets/images/hotels/hotels-LY-HOTELS-00113-04.webp,gallery,true,true,thumbnail_only,IMG-658A47E4EBBCD82B,DUP-00011,existing_link,not_individually_verified,unknown,retain_candidate,true,No Batch 2 approval or visual review inferred.
B2-LINK-00317,LY-HOT-000113,hotels,فندق قرطاج,hotel,IMG-309C79A0A4047E8E,assets/images/hotels/hotels-LY-HOTELS-00113-05.webp,gallery,true,true,thumbnail_only,IMG-E5871C9EDAE5333B,DUP-00132,existing_link,not_individually_verified,unknown,retain_candidate,true,No Batch 2 approval or visual review inferred.
B2-LINK-00318,LY-HOT-000114,hotels,فندق قصر الظهرة,hotel,IMG-9177C7EFBB2B6B7C,assets/images/hotels/hotels-LY-HOTELS-00114-01.webp,gallery,true,true,thumbnail_only,IMG-35D703EAB18EB32C,DUP-01003,existing_link,not_individually_verified,unknown,retain_candidate,true,No Batch 2 approval or visual review inferred.
B2-LINK-00319,LY-HOT-000114,hotels,فندق قصر الظهرة,hotel,IMG-A086DC41704ADD1B,assets/images/hotels/hotels-LY-HOTELS-00114-02.webp,gallery,true,true,thumbnail_only,IMG-570BC3C80ED0B791,DUP-01041,existing_link,not_individually_verified,unknown,retain_candidate,true,No Batch 2 approval or visual review inferred.
B2-LINK-00320,LY-HOT-000114,hotels,فندق قصر الظهرة,hotel,IMG-2D3E0AAAE22E7D91,assets/images/hotels/hotels-LY-HOTELS-00114-03.webp,gallery,true,true,thumbnail_only,IMG-6D38D400AAD609CA,DUP-00978,existing_link,not_individually_verified,unknown,retain_candidate,true,No Batch 2 approval or visual review inferred.
B2-LINK-00321,LY-HOT-000114,hotels,فندق قصر الظهرة,hotel,IMG-92BEF614FB666C53,assets/images/hotels/hotels-LY-HOTELS-00114-04.webp,gallery,true,true,thumbnail_only,IMG-22059EF7F4B3BC8E,DUP-00803,existing_link,not_individually_verified,unknown,retain_candidate,true,No Batch 2 approval or visual review inferred.
B2-LINK-00322,LY-HOT-000114,hotels,فندق قصر الظهرة,hotel,IMG-5BFF82E347ADC00E,assets/images/hotels/hotels-LY-HOTELS-00114-05.webp,gallery,true,true,thumbnail_only,IMG-DDA94DDB435F409B,DUP-01329,existing_link,not_individually_verified,unknown,retain_candidate,true,No Batch 2 approval or visual review inferred.
B2-LINK-00323,LY-HOT-000114,hotels,فندق قصر الظهرة,hotel,IMG-BA13A3ED90379651,assets/images/hotels/hotels-LY-HOTELS-00114-06.webp,gallery,true,true,thumbnail_only,IMG-99B9B0C87A5AF4EC,DUP-00565,existing_link,not_individually_verified,unknown,retain_candidate,true,No Batch 2 approval or visual review inferred.
B2-LINK-00324,LY-HOT-000115,hotels,فندق قصر الفيروز,hotel,IMG-110FEF464D2C395F,assets/images/hotels/hotels-LY-HOTELS-00031-02.webp,gallery,true,true,thumbnail_only,IMG-BE5EAB4A5C09CAA4,DUP-00021,existing_link,not_individually_verified,unknown,retain_candidate,true,No Batch 2 approval or visual review inferred.
B2-LINK-00325,LY-HOT-000115,hotels,فندق قصر الفيروز,hotel,IMG-792FD5E40F6FFFF5,assets/images/hotels/hotels-LY-HOTELS-00031-05.webp,gallery,true,true,thumbnail_only,IMG-6332230EC4683844,DUP-00405,existing_link,not_individually_verified,unknown,retain_candidate,true,No Batch 2 approval or visual review inferred.
B2-LINK-00326,LY-HOT-000115,hotels,فندق قصر الفيروز,hotel,IMG-FFE2673C35F0DB78,assets/images/hotels/hotels-LY-HOTELS-00031-06.webp,gallery,true,true,thumbnail_only,IMG-A06795E129A97F38,DUP-00234,existing_link,not_individually_verified,unknown,retain_candidate,true,No Batch 2 approval or visual review inferred.
B2-LINK-00327,LY-HOT-000115,hotels,فندق قصر الفيروز,hotel,IMG-590675C1DE7ECB98,assets/images/hotels/hotels-LY-HOTELS-00031-03.webp,gallery,true,true,thumbnail_only,IMG-ACCE222A1C8826AD,DUP-00790,existing_link,not_individually_verified,unknown,retain_candidate,true,No Batch 2 approval or visual review inferred.
B2-LINK-00328,LY-HOT-000115,hotels,فندق قصر الفيروز,hotel,IMG-88F9E3D4EBB82F29,assets/images/hotels/hotels-LY-HOTELS-00031-04.webp,gallery,true,true,thumbnail_only,IMG-7B49A9BE9EE45794,DUP-00634,existing_link,not_individually_verified,unknown,retain_candidate,true,No Batch 2 approval or visual review inferred.
B2-LINK-00329,LY-HOT-000116,hotels,فندق قمر صبراتة,hotel,IMG-418C257283B4249C,assets/images/hotels/hotels-LY-HOTELS-00116-01.webp,gallery,true,true,thumbnail_only,IMG-C8E867675C8382FE,DUP-00413,existing_link,not_individually_verified,unknown,retain_candidate,true,No Batch 2 approval or visual review inferred.
B2-LINK-00330,LY-HOT-000118,hotels,فندق لبدة السياحي الخمس,hotel,IMG-67129E3029742E03,assets/images/hotels/hotels-LY-HOTELS-00118-01.webp,gallery,true,true,thumbnail_only,IMG-60A7D1321C83220B,DUP-00447,existing_link,not_individually_verified,unknown,retain_candidate,true,No Batch 2 approval or visual review inferred.
B2-LINK-00331,LY-HOT-000118,hotels,فندق لبدة السياحي الخمس,hotel,IMG-CC8B9FFC0DA311E6,assets/images/hotels/hotels-LY-HOTELS-00118-02.webp,gallery,true,true,thumbnail_only,IMG-7E46FA637B1B0F3B,DUP-00163,existing_link,not_individually_verified,unknown,retain_candidate,true,No Batch 2 approval or visual review inferred.
B2-LINK-00332,LY-HOT-000118,hotels,فندق لبدة السياحي الخمس,hotel,IMG-41CCA8F0FE97732E,assets/images/hotels/hotels-LY-HOTELS-00118-03.webp,gallery,true,true,thumbnail_only,IMG-CDA4E27AD4592D8E,DUP-00474,existing_link,not_individually_verified,unknown,retain_candidate,true,No Batch 2 approval or visual review inferred.
B2-LINK-00333,LY-HOT-000118,hotels,فندق لبدة السياحي الخمس,hotel,IMG-03BCED39B74C88E8,assets/images/hotels/hotels-LY-HOTELS-00118-04.webp,gallery,true,true,thumbnail_only,IMG-849965FE08364737,DUP-00443,existing_link,not_individually_verified,unknown,retain_candidate,true,No Batch 2 approval or visual review inferred.
B2-LINK-00334,LY-HOT-000118,hotels,فندق لبدة السياحي الخمس,hotel,IMG-8CB3641F2E0E2918,assets/images/hotels/hotels-LY-HOTELS-00118-05.webp,gallery,true,true,thumbnail_only,IMG-8102DB6A5B24BFD2,DUP-00717,existing_link,not_individually_verified,unknown,retain_candidate,true,No Batch 2 approval or visual review inferred.
B2-LINK-00335,LY-HOT-000118,hotels,فندق لبدة السياحي الخمس,hotel,IMG-8F34F98C40532FD5,assets/images/hotels/hotels-LY-HOTELS-00118-06.webp,gallery,true,true,thumbnail_only,IMG-8102DB6A5B24BFD2,DUP-00717,existing_link,not_individually_verified,unknown,retain_candidate,true,No Batch 2 approval or visual review inferred.
B2-LINK-00336,LY-HOT-000118,hotels,فندق لبدة السياحي الخمس,hotel,IMG-8201EBFF517080E7,assets/images/hotels/hotels-LY-HOTELS-00118-07.webp,gallery,true,true,thumbnail_only,IMG-013D1D2165E02479,DUP-00482,existing_link,not_individually_verified,unknown,retain_candidate,true,No Batch 2 approval or visual review inferred.
B2-LINK-00337,LY-HOT-000118,hotels,فندق لبدة السياحي الخمس,hotel,IMG-95FBA11274111986,assets/images/hotels/hotels-LY-HOTELS-00118-08.webp,gallery,true,true,thumbnail_only,IMG-EB09D515FDD8FBCF,DUP-00727,existing_link,not_individually_verified,unknown,retain_candidate,true,No Batch 2 approval or visual review inferred.
B2-LINK-00338,LY-HOT-000118,hotels,فندق لبدة السياحي الخمس,hotel,IMG-3E02AB981525E9A7,assets/images/hotels/hotels-LY-HOTELS-00118-09.webp,gallery,true,true,thumbnail_only,IMG-8E0614C5F992E3EF,DUP-00069,existing_link,not_individually_verified,unknown,retain_candidate,true,No Batch 2 approval or visual review inferred.
B2-LINK-00339,LY-HOT-000119,hotels,فندق ليالي قرطاج,hotel,IMG-E6FB468A34553F69,assets/images/hotels/hotels-LY-HOTELS-00113-02.webp,gallery,true,true,thumbnail_only,IMG-B10F334A01F52BC3,DUP-01071,existing_link,not_individually_verified,unknown,retain_candidate,true,No Batch 2 approval or visual review inferred.
B2-LINK-00340,LY-HOT-000119,hotels,فندق ليالي قرطاج,hotel,IMG-046EDC55FFD15293,assets/images/hotels/hotels-LY-HOTELS-00113-01.webp,gallery,true,true,thumbnail_only,IMG-C4A9802D583C2030,DUP-00595,existing_link,not_individually_verified,unknown,retain_candidate,true,No Batch 2 approval or visual review inferred.
B2-LINK-00341,LY-HOT-000119,hotels,فندق ليالي قرطاج,hotel,IMG-CD389C5BBF989F52,assets/images/hotels/hotels-LY-HOTELS-00113-03.webp,gallery,true,true,thumbnail_only,IMG-7BC5A3EBECF4AF41,DUP-00078,existing_link,not_individually_verified,unknown,retain_candidate,true,No Batch 2 approval or visual review inferred.
B2-LINK-00342,LY-HOT-000120,hotels,فندق ليبيا,hostel,IMG-E154B829B141A067,assets/images/hotels/hotels-LY-HOTELS-00120-01.webp,gallery,true,true,thumbnail_only,IMG-777779309D76AB79,DUP-00879,existing_link,not_individually_verified,unknown,retain_candidate,true,No Batch 2 approval or visual review inferred.
B2-LINK-00343,LY-HOT-000120,hotels,فندق ليبيا,hostel,IMG-799EC0527B395A22,assets/images/hotels/hotels-LY-HOTELS-00120-02.webp,gallery,true,true,thumbnail_only,IMG-DDA997EC255A501F,DUP-00691,existing_link,not_individually_verified,unknown,retain_candidate,true,No Batch 2 approval or visual review inferred.
B2-LINK-00344,LY-HOT-000120,hotels,فندق ليبيا,hostel,IMG-E2F5412D4F139C82,assets/images/hotels/hotels-LY-HOTELS-00120-03.webp,gallery,true,true,thumbnail_only,IMG-CB2D68CBE7E06A34,DUP-00591,existing_link,not_individually_verified,unknown,retain_candidate,true,No Batch 2 approval or visual review inferred.
B2-LINK-00345,LY-HOT-000120,hotels,فندق ليبيا,hostel,IMG-619A73377581FBAB,assets/images/hotels/hotels-LY-HOTELS-00120-04.webp,gallery,true,true,thumbnail_only,IMG-63C7BC9C9AB2DA06,DUP-00697,existing_link,not_individually_verified,unknown,retain_candidate,true,No Batch 2 approval or visual review inferred.
B2-LINK-00346,LY-HOT-000120,hotels,فندق ليبيا,hostel,IMG-9A1A586589F43265,assets/images/hotels/hotels-LY-HOTELS-00120-05.webp,gallery,true,true,thumbnail_only,IMG-5C69BB264CA01FDA,DUP-00882,existing_link,not_individually_verified,unknown,retain_candidate,true,No Batch 2 approval or visual review inferred.
B2-LINK-00347,LY-HOT-000120,hotels,فندق ليبيا,hostel,IMG-1F7437ABB55E3BEB,assets/images/hotels/hotels-LY-HOTELS-00120-06.webp,gallery,true,true,thumbnail_only,IMG-39F88D873056C2A6,DUP-01033,existing_link,not_individually_verified,unknown,retain_candidate,true,No Batch 2 approval or visual review inferred.
B2-LINK-00348,LY-HOT-000121,hotels,فندق مادي الحسان,hotel,IMG-433F949188978281,assets/images/hotels/hotels-LY-HOTELS-00121-01.webp,gallery,true,true,thumbnail_only,IMG-48D58D48DAA701DC,DUP-00244,existing_link,not_individually_verified,unknown,retain_candidate,true,No Batch 2 approval or visual review inferred.
B2-LINK-00349,LY-HOT-000121,hotels,فندق مادي الحسان,hotel,IMG-8F9E2539142EA71C,assets/images/hotels/hotels-LY-HOTELS-00121-02.webp,gallery,true,true,thumbnail_only,IMG-A427EB55AED211D8,DUP-00702,existing_link,not_individually_verified,unknown,retain_candidate,true,No Batch 2 approval or visual review inferred.
B2-LINK-00350,LY-HOT-000121,hotels,فندق مادي الحسان,hotel,IMG-AC20D13FD1B62BBD,assets/images/hotels/hotels-LY-HOTELS-00121-03.webp,gallery,true,true,thumbnail_only,IMG-7AB27211AE46499F,DUP-00388,existing_link,not_individually_verified,unknown,retain_candidate,true,No Batch 2 approval or visual review inferred.
B2-LINK-00351,LY-HOT-000121,hotels,فندق مادي الحسان,hotel,IMG-8DD2E5F0C6BBEDCF,assets/images/hotels/hotels-LY-HOTELS-00121-04.webp,gallery,true,true,thumbnail_only,IMG-B4942BB685B90F47,DUP-00676,existing_link,not_individually_verified,unknown,retain_candidate,true,No Batch 2 approval or visual review inferred.
B2-LINK-00352,LY-HOT-000123,hotels,فندق ومطعم الامتياز,hotel,IMG-4CC4FED28261BA62,assets/images/hotels/hotels-LY-HOTELS-00123-01.webp,gallery,true,true,thumbnail_only,IMG-1CF0D3EE8287CA23,DUP-00423,existing_link,not_individually_verified,unknown,retain_candidate,true,No Batch 2 approval or visual review inferred.
B2-LINK-00353,LY-HOT-000123,hotels,فندق ومطعم الامتياز,hotel,IMG-D92C0C5281DA8CEE,assets/images/hotels/hotels-LY-HOTELS-00123-02.webp,gallery,true,true,thumbnail_only,IMG-8AC55107FD2887CA,DUP-01030,existing_link,not_individually_verified,unknown,retain_candidate,true,No Batch 2 approval or visual review inferred.
B2-LINK-00354,LY-HOT-000123,hotels,فندق ومطعم الامتياز,hotel,IMG-876E9023E794E653,assets/images/hotels/hotels-LY-HOTELS-00123-03.webp,gallery,true,true,thumbnail_only,IMG-ACA4DC3937A2F224,DUP-00456,existing_link,not_individually_verified,unknown,retain_candidate,true,No Batch 2 approval or visual review inferred.
B2-LINK-00355,LY-HOT-000123,hotels,فندق ومطعم الامتياز,hotel,IMG-73486D97E077B418,assets/images/hotels/hotels-LY-HOTELS-00123-04.webp,gallery,true,true,thumbnail_only,IMG-8652B4593EC4BD67,DUP-00829,existing_link,not_individually_verified,unknown,retain_candidate,true,No Batch 2 approval or visual review inferred.
B2-LINK-00356,LY-HOT-000123,hotels,فندق ومطعم الامتياز,hotel,IMG-B3882BBC98371FBC,assets/images/hotels/hotels-LY-HOTELS-00123-05.webp,gallery,true,true,thumbnail_only,IMG-50FBF0ED76FD686E,DUP-00971,existing_link,not_individually_verified,unknown,retain_candidate,true,No Batch 2 approval or visual review inferred.
B2-LINK-00357,LY-HOT-000123,hotels,فندق ومطعم الامتياز,hotel,IMG-B04035D93B849CAF,assets/images/hotels/hotels-LY-HOTELS-00123-06.webp,gallery,true,true,thumbnail_only,IMG-95C5CFB5C0795D6B,DUP-00223,existing_link,not_individually_verified,unknown,retain_candidate,true,No Batch 2 approval or visual review inferred.
B2-LINK-00358,LY-HOT-000125,hotels,فندق يفرن,hotel,IMG-E62FE6C2A48E1957,assets/images/hotels/hotels-LY-HOTELS-00125-01.webp,gallery,true,true,thumbnail_only,IMG-4F0420A624DB83FF,DUP-00364,existing_link,not_individually_verified,unknown,retain_candidate,true,No Batch 2 approval or visual review inferred.
B2-LINK-00359,LY-HOT-000128,hotels,فندق الثريا السياحي,hotel,IMG-8D254ED37F12A687,assets/images/hotels/hotels-LY-HOTELS-00128-01.webp,gallery,true,true,thumbnail_only,IMG-F0443C68BFB8ECB7,DUP-00654,existing_link,not_individually_verified,unknown,retain_candidate,true,No Batch 2 approval or visual review inferred.
B2-LINK-00360,LY-HOT-000128,hotels,فندق الثريا السياحي,hotel,IMG-7678B7DC2B78352B,assets/images/hotels/hotels-LY-HOTELS-00128-02.webp,gallery,true,true,thumbnail_only,IMG-D4E9439E38BBFB40,DUP-00322,existing_link,not_individually_verified,unknown,retain_candidate,true,No Batch 2 approval or visual review inferred.
B2-LINK-00361,LY-HOT-000128,hotels,فندق الثريا السياحي,hotel,IMG-2D61C021515DC4EC,assets/images/hotels/hotels-LY-HOTELS-00128-03.webp,gallery,true,true,thumbnail_only,IMG-1794A7D0934B2276,DUP-01199,existing_link,not_individually_verified,unknown,retain_candidate,true,No Batch 2 approval or visual review inferred.
B2-LINK-00362,LY-HOT-000128,hotels,فندق الثريا السياحي,hotel,IMG-5294CC3B1587CCEF,assets/images/hotels/hotels-LY-HOTELS-00128-04.webp,gallery,true,true,thumbnail_only,IMG-B5A76961341C476A,DUP-00478,existing_link,not_individually_verified,unknown,retain_candidate,true,No Batch 2 approval or visual review inferred.
B2-LINK-00363,LY-HOT-000128,hotels,فندق الثريا السياحي,hotel,IMG-AF4111C89FA4A172,assets/images/hotels/hotels-LY-HOTELS-00128-05.webp,gallery,true,true,thumbnail_only,IMG-615C8AD994F2B09C,DUP-01285,existing_link,not_individually_verified,unknown,retain_candidate,true,No Batch 2 approval or visual review inferred.
B2-LINK-00364,LY-HOT-000130,hotels,فندق البتراء,hotel,IMG-274B8FDFA79EB046,assets/images/hotels/hotels-LY-HOTELS-00130-01.webp,gallery,true,true,thumbnail_only,IMG-86FE165F8F5ADA77,DUP-00002,existing_link,not_individually_verified,unknown,retain_candidate,true,No Batch 2 approval or visual review inferred.
B2-LINK-00365,LY-HOT-000130,hotels,فندق البتراء,hotel,IMG-D9905EE7AF8C7482,assets/images/hotels/hotels-LY-HOTELS-00130-02.webp,gallery,true,true,thumbnail_only,IMG-D21F41807D98CDAA,DUP-00505,existing_link,not_individually_verified,unknown,retain_candidate,true,No Batch 2 approval or visual review inferred.
B2-LINK-00366,LY-HOT-000130,hotels,فندق البتراء,hotel,IMG-B5F6E0E4265F36CC,assets/images/hotels/hotels-LY-HOTELS-00130-03.webp,gallery,true,true,thumbnail_only,IMG-0968E72CC0693BBE,DUP-00909,existing_link,not_individually_verified,unknown,retain_candidate,true,No Batch 2 approval or visual review inferred.
B2-LINK-00367,LY-HOT-000130,hotels,فندق البتراء,hotel,IMG-F0A6BCB29DAE0F37,assets/images/hotels/hotels-LY-HOTELS-00130-04.webp,gallery,true,true,thumbnail_only,IMG-D499E855346E3DC8,DUP-00506,existing_link,not_individually_verified,unknown,retain_candidate,true,No Batch 2 approval or visual review inferred.
B2-LINK-00368,LY-HOT-000130,hotels,فندق البتراء,hotel,IMG-9F71DCCA6848EB5F,assets/images/hotels/hotels-LY-HOTELS-00130-05.webp,gallery,true,true,thumbnail_only,IMG-D91351DA5EF8DE52,DUP-00907,existing_link,not_individually_verified,unknown,retain_candidate,true,No Batch 2 approval or visual review inferred.
B2-LINK-00369,LY-HOT-000131,hotels,فندق البردي,hotel,IMG-BD576D6C7A28616B,assets/images/hotels/hotels-LY-HOTELS-00131-01.webp,gallery,true,true,thumbnail_only,IMG-D9758A121B1BEAC9,DUP-00920,existing_link,not_individually_verified,unknown,retain_candidate,true,No Batch 2 approval or visual review inferred.
B2-LINK-00370,LY-HOT-000131,hotels,فندق البردي,hotel,IMG-BC88AB77DCB93265,assets/images/hotels/hotels-LY-HOTELS-00131-02.webp,gallery,true,true,thumbnail_only,IMG-E579861AE5B12790,DUP-00903,existing_link,not_individually_verified,unknown,retain_candidate,true,No Batch 2 approval or visual review inferred.
B2-LINK-00371,LY-HOT-000131,hotels,فندق البردي,hotel,IMG-75BFCB73629F11BB,assets/images/hotels/hotels-LY-HOTELS-00131-03.webp,gallery,true,true,thumbnail_only,IMG-D91D9A08A58E0205,DUP-00390,existing_link,not_individually_verified,unknown,retain_candidate,true,No Batch 2 approval or visual review inferred.
B2-LINK-00372,LY-HOT-000131,hotels,فندق البردي,hotel,IMG-99CCD17156F04619,assets/images/hotels/hotels-LY-HOTELS-00131-04.webp,gallery,true,true,thumbnail_only,IMG-D9E359146FF4F5DB,DUP-00161,existing_link,not_individually_verified,unknown,retain_candidate,true,No Batch 2 approval or visual review inferred.
B2-LINK-00373,LY-HOT-000132,hotels,فندق التلال,hotel,IMG-E4F857A3669A2646,assets/images/hotels/hotels-LY-HOTELS-00132-01.webp,gallery,true,true,thumbnail_only,IMG-7FF5B1B7BB76C090,DUP-00409,existing_link,not_individually_verified,unknown,retain_candidate,true,No Batch 2 approval or visual review inferred.
B2-LINK-00374,LY-HOT-000132,hotels,فندق التلال,hotel,IMG-9E368E7C7FCDFB15,assets/images/hotels/hotels-LY-HOTELS-00132-02.webp,gallery,true,true,thumbnail_only,IMG-F75A640E1A84BE5E,DUP-00279,existing_link,not_individually_verified,unknown,retain_candidate,true,No Batch 2 approval or visual review inferred.
B2-LINK-00375,LY-HOT-000132,hotels,فندق التلال,hotel,IMG-8F458A838D37B6FB,assets/images/hotels/hotels-LY-HOTELS-00132-03.webp,gallery,true,true,thumbnail_only,IMG-AA24CC8398847974,DUP-00176,existing_link,not_individually_verified,unknown,retain_candidate,true,No Batch 2 approval or visual review inferred.
B2-LINK-00376,LY-HOT-000132,hotels,فندق التلال,hotel,IMG-C20CB558F7A2E46C,assets/images/hotels/hotels-LY-HOTELS-00132-04.webp,gallery,true,true,thumbnail_only,IMG-E195F57A4ED59E28,DUP-00997,existing_link,not_individually_verified,unknown,retain_candidate,true,No Batch 2 approval or visual review inferred.
B2-LINK-00377,LY-HOT-000132,hotels,فندق التلال,hotel,IMG-98146B21E3B2EB6E,assets/images/hotels/hotels-LY-HOTELS-00132-05.webp,gallery,true,true,thumbnail_only,IMG-1A105F81E0181926,DUP-01043,existing_link,not_individually_verified,unknown,retain_candidate,true,No Batch 2 approval or visual review inferred.
B2-LINK-00378,LY-HOT-000134,hotels,فندق الجغبوب,hotel,IMG-8084340B4BB7CB22,assets/images/hotels/hotels-LY-HOTELS-00134-01.webp,gallery,true,true,thumbnail_only,IMG-AA1CB588CAAD3FC9,DUP-00793,existing_link,not_individually_verified,unknown,retain_candidate,true,No Batch 2 approval or visual review inferred.
B2-LINK-00379,LY-HOT-000134,hotels,فندق الجغبوب,hotel,IMG-FFB15F6AB9322EC3,assets/images/hotels/hotels-LY-HOTELS-00134-02.webp,gallery,true,true,thumbnail_only,IMG-FFB15F6AB9322EC3,DUP-01371,existing_link,not_individually_verified,unknown,retain_candidate,true,No Batch 2 approval or visual review inferred.
B2-LINK-00380,LY-HOT-000135,hotels,فندق الجلاء,hotel,IMG-94025569E10A3EC8,assets/images/hotels/hotels-LY-HOTELS-00135-01.webp,gallery,true,true,thumbnail_only,IMG-30A4B61B55A2DB7C,DUP-00781,existing_link,not_individually_verified,unknown,retain_candidate,true,No Batch 2 approval or visual review inferred.
B2-LINK-00381,LY-HOT-000135,hotels,فندق الجلاء,hotel,IMG-DF70226F7AAE2BC1,assets/images/hotels/hotels-LY-HOTELS-00135-02.webp,gallery,true,true,thumbnail_only,IMG-6F8161CA7704D806,DUP-01010,existing_link,not_individually_verified,unknown,retain_candidate,true,No Batch 2 approval or visual review inferred.
B2-LINK-00382,LY-HOT-000135,hotels,فندق الجلاء,hotel,IMG-90EB4721B07AB31B,assets/images/hotels/hotels-LY-HOTELS-00135-03.webp,gallery,true,true,thumbnail_only,IMG-EEE1FABF063240F8,DUP-00453,existing_link,not_individually_verified,unknown,retain_candidate,true,No Batch 2 approval or visual review inferred.
B2-LINK-00383,LY-HOT-000137,hotels,فندق الخان الطرابلسي,hotel,IMG-692D357EF64EECF5,assets/images/hotels/hotels-LY-HOTELS-00137-01.webp,gallery,true,true,thumbnail_only,IMG-692D357EF64EECF5,DUP-01104,existing_link,not_individually_verified,unknown,retain_candidate,true,No Batch 2 approval or visual review inferred.
B2-LINK-00384,LY-HOT-000137,hotels,فندق الخان الطرابلسي,hotel,IMG-C3B22F220B972700,assets/images/hotels/hotels-LY-HOTELS-00049-03.webp,gallery,true,true,thumbnail_only,IMG-87D2EFFFECCD54B8,DUP-00110,existing_link,not_individually_verified,unknown,retain_candidate,true,No Batch 2 approval or visual review inferred.
B2-LINK-00385,LY-HOT-000137,hotels,فندق الخان الطرابلسي,hotel,IMG-FC7531F75F1D908E,assets/images/hotels/hotels-LY-HOTELS-00049-05.webp,gallery,true,true,thumbnail_only,IMG-49BED27537B37F32,DUP-01184,existing_link,not_individually_verified,unknown,retain_candidate,true,No Batch 2 approval or visual review inferred.
B2-LINK-00386,LY-HOT-000137,hotels,فندق الخان الطرابلسي,hotel,IMG-C0F47DF0B27416D7,assets/images/hotels/hotels-LY-HOTELS-00137-04.webp,gallery,true,true,thumbnail_only,IMG-A9482EE931016C42,DUP-01055,existing_link,not_individually_verified,unknown,retain_candidate,true,No Batch 2 approval or visual review inferred.
B2-LINK-00387,LY-HOT-000137,hotels,فندق الخان الطرابلسي,hotel,IMG-033D22EBF511990B,assets/images/hotels/hotels-LY-HOTELS-00049-04.webp,gallery,true,true,thumbnail_only,IMG-60EE78819E322F04,DUP-00192,existing_link,not_individually_verified,unknown,retain_candidate,true,No Batch 2 approval or visual review inferred.
B2-LINK-00388,LY-HOT-000137,hotels,فندق الخان الطرابلسي,hotel,IMG-C8FB27C6A6BB74F9,assets/images/hotels/hotels-LY-HOTELS-00137-06.webp,gallery,true,true,thumbnail_only,IMG-B9A561315B61B3E5,DUP-00346,existing_link,not_individually_verified,unknown,retain_candidate,true,No Batch 2 approval or visual review inferred.
B2-LINK-00389,LY-HOT-000137,hotels,فندق الخان الطرابلسي,hotel,IMG-35466BA4EAC40A57,assets/images/hotels/hotels-LY-HOTELS-00137-07.webp,gallery,true,true,thumbnail_only,IMG-D25D7A90E6FEEAF9,DUP-00348,existing_link,not_individually_verified,unknown,retain_candidate,true,No Batch 2 approval or visual review inferred.
B2-LINK-00390,LY-HOT-000137,hotels,فندق الخان الطرابلسي,hotel,IMG-EDF072F9A3F3E003,assets/images/hotels/hotels-LY-HOTELS-00137-08.webp,gallery,true,true,thumbnail_only,IMG-0D88E22D55A6DD54,DUP-00628,existing_link,not_individually_verified,unknown,retain_candidate,true,No Batch 2 approval or visual review inferred.
B2-LINK-00391,LY-HOT-000137,hotels,فندق الخان الطرابلسي,hotel,IMG-41E178BC9D46CD3D,assets/images/hotels/hotels-LY-HOTELS-00137-09.webp,gallery,true,true,thumbnail_only,IMG-6F7C593B310C2037,DUP-01167,existing_link,not_individually_verified,unknown,retain_candidate,true,No Batch 2 approval or visual review inferred.
B2-LINK-00392,LY-HOT-000138,hotels,فندق الرحاب,hotel,IMG-29F498B195A17DAE,assets/images/hotels/hotels-LY-HOTELS-00138-01.webp,gallery,true,true,thumbnail_only,IMG-D8DD811770FB6083,DUP-00619,existing_link,not_individually_verified,unknown,retain_candidate,true,No Batch 2 approval or visual review inferred.
B2-LINK-00393,LY-HOT-000138,hotels,فندق الرحاب,hotel,IMG-FCBB4EA355E6C846,assets/images/hotels/hotels-LY-HOTELS-00138-02.webp,gallery,true,true,thumbnail_only,IMG-D18FCFA2F4523A35,DUP-00153,existing_link,not_individually_verified,unknown,retain_candidate,true,No Batch 2 approval or visual review inferred.
B2-LINK-00394,LY-HOT-000143,hotels,فندق ابن الرومي,hotel,IMG-C04C7358AE4C64F2,assets/images/hotels/hotels-LY-HOTELS-00143-01.webp,gallery,true,true,thumbnail_only,IMG-F95797DD27AB0604,DUP-00247,existing_link,not_individually_verified,unknown,retain_candidate,true,No Batch 2 approval or visual review inferred.
B2-LINK-00395,LY-HOT-000145,hotels,فندق الحياة,hotel,IMG-4F1BF241FA1C1032,assets/images/hotels/hotels-LY-HOTELS-00145-01.webp,gallery,true,true,thumbnail_only,IMG-341A618CE06A6ADF,DUP-00343,existing_link,not_individually_verified,unknown,retain_candidate,true,No Batch 2 approval or visual review inferred.
B2-LINK-00396,LY-HOT-000145,hotels,فندق الحياة,hotel,IMG-DA5EF619726E796F,assets/images/hotels/hotels-LY-HOTELS-00145-02.webp,gallery,true,true,thumbnail_only,IMG-47C82DD83963F99C,DUP-00810,existing_link,not_individually_verified,unknown,retain_candidate,true,No Batch 2 approval or visual review inferred.
B2-LINK-00397,LY-HOT-000145,hotels,فندق الحياة,hotel,IMG-DDEA8E82387C5088,assets/images/hotels/hotels-LY-HOTELS-00145-03.webp,gallery,true,true,thumbnail_only,IMG-EAD9064DC584647D,DUP-00890,existing_link,not_individually_verified,unknown,retain_candidate,true,No Batch 2 approval or visual review inferred.
B2-LINK-00398,LY-HOT-000145,hotels,فندق الحياة,hotel,IMG-A5568EA985342377,assets/images/hotels/hotels-LY-HOTELS-00145-04.webp,gallery,true,true,thumbnail_only,IMG-6E9CA6C198039200,DUP-00741,existing_link,not_individually_verified,unknown,retain_candidate,true,No Batch 2 approval or visual review inferred.
B2-LINK-00399,LY-HOT-000145,hotels,فندق الحياة,hotel,IMG-1DE3AE7BE7869817,assets/images/hotels/hotels-LY-HOTELS-00145-05.webp,gallery,true,true,thumbnail_only,IMG-E6C31C8B11011BF1,DUP-00721,existing_link,not_individually_verified,unknown,retain_candidate,true,No Batch 2 approval or visual review inferred.
B2-LINK-00400,LY-HOT-000148,hotels,فندق العوينات,hotel,IMG-1E9790A7A8F159ED,assets/images/hotels/hotels-LY-HOTELS-00148-01.webp,gallery,true,true,thumbnail_only,IMG-6CBB24820D65DE0B,DUP-00047,existing_link,not_individually_verified,unknown,retain_candidate,true,No Batch 2 approval or visual review inferred.
B2-LINK-00401,LY-HOT-000150,hotels,فندق الفضيل,hotel,IMG-03C03752D4FFB0D9,assets/images/hotels/hotels-LY-HOTELS-00150-01.webp,gallery,true,true,thumbnail_only,,,existing_link,not_individually_verified,unknown,retain_candidate,true,No Batch 2 approval or visual review inferred.
B2-LINK-00402,LY-HOT-000150,hotels,فندق الفضيل,hotel,IMG-AFE2B75E516E14A4,assets/images/hotels/hotels-LY-HOTELS-00150-02.webp,gallery,true,true,thumbnail_only,IMG-62731B0714048E57,DUP-00660,existing_link,not_individually_verified,unknown,retain_candidate,true,No Batch 2 approval or visual review inferred.
B2-LINK-00403,LY-HOT-000150,hotels,فندق الفضيل,hotel,IMG-4464C6FEF6AF4481,assets/images/hotels/hotels-LY-HOTELS-00150-03.webp,gallery,true,true,thumbnail_only,IMG-980E96973483A419,DUP-00637,existing_link,not_individually_verified,unknown,retain_candidate,true,No Batch 2 approval or visual review inferred.
B2-LINK-00404,LY-HOT-000150,hotels,فندق الفضيل,hotel,IMG-9BC9C37BC30E0FDF,assets/images/hotels/hotels-LY-HOTELS-00150-04.webp,gallery,true,true,thumbnail_only,IMG-1A5B688FB011FAE4,DUP-01016,existing_link,not_individually_verified,unknown,retain_candidate,true,No Batch 2 approval or visual review inferred.
B2-LINK-00405,LY-HOT-000150,hotels,فندق الفضيل,hotel,IMG-60B50F1E54CB05EE,assets/images/hotels/hotels-LY-HOTELS-00150-05.webp,gallery,true,true,thumbnail_only,IMG-C3D5FEC3278B44D1,DUP-00158,existing_link,not_individually_verified,unknown,retain_candidate,true,No Batch 2 approval or visual review inferred.
B2-LINK-00406,LY-HOT-000151,hotels,فندق الفضيل رأس لانوف,hotel,IMG-7408B0FEE6E15B14,assets/images/hotels/hotels-LY-HOTELS-00151-01.webp,gallery,true,true,thumbnail_only,IMG-37F5CC01C65299DE,DUP-00319,existing_link,not_individually_verified,unknown,retain_candidate,true,No Batch 2 approval or visual review inferred.
B2-LINK-00407,LY-HOT-000151,hotels,فندق الفضيل رأس لانوف,hotel,IMG-818C435BB3C41068,assets/images/hotels/hotels-LY-HOTELS-00151-02.webp,gallery,true,true,thumbnail_only,IMG-AF7BFEC67D6E2BEC,DUP-00601,existing_link,not_individually_verified,unknown,retain_candidate,true,No Batch 2 approval or visual review inferred.
B2-LINK-00408,LY-HOT-000152,hotels,فندق الفلك,hotel,IMG-E3245A512704B018,assets/images/hotels/hotels-LY-HOTELS-00152-01.webp,gallery,true,true,thumbnail_only,IMG-BCB7E1B223D8203A,DUP-01182,existing_link,not_individually_verified,unknown,retain_candidate,true,No Batch 2 approval or visual review inferred.
B2-LINK-00409,LY-HOT-000152,hotels,فندق الفلك,hotel,IMG-DB3CB5DA660FCDF6,assets/images/hotels/hotels-LY-HOTELS-00152-02.webp,gallery,true,true,thumbnail_only,IMG-DA73381C48679FF7,DUP-00149,existing_link,not_individually_verified,unknown,retain_candidate,true,No Batch 2 approval or visual review inferred.
B2-LINK-00410,LY-HOT-000152,hotels,فندق الفلك,hotel,IMG-126C06C2F26FFDBE,assets/images/hotels/hotels-LY-HOTELS-00152-03.webp,gallery,true,true,thumbnail_only,IMG-A49FFF71EA2FA0E7,DUP-00220,existing_link,not_individually_verified,unknown,retain_candidate,true,No Batch 2 approval or visual review inferred.
B2-LINK-00411,LY-HOT-000154,hotels,فندق القلعة,hotel,IMG-4DE50FE5C77F11DC,assets/images/hotels/hotels-LY-HOTELS-00154-01.webp,gallery,true,true,thumbnail_only,,,existing_link,not_individually_verified,unknown,retain_candidate,true,No Batch 2 approval or visual review inferred.
B2-LINK-00412,LY-HOT-000155,hotels,فندق الكاظم,hotel,IMG-C1A63B7C18A696CC,assets/images/hotels/hotels-LY-HOTELS-00155-01.webp,gallery,true,true,thumbnail_only,IMG-F5A37F569C93E905,DUP-01395,existing_link,not_individually_verified,unknown,retain_candidate,true,No Batch 2 approval or visual review inferred.
B2-LINK-00413,LY-HOT-000157,hotels,فندق المبروك,hotel,IMG-65010E3F7285D3C4,assets/images/hotels/hotels-LY-HOTELS-00157-01.webp,gallery,true,true,thumbnail_only,IMG-5A83A2F605CCF1EE,DUP-00018,existing_link,not_individually_verified,unknown,retain_candidate,true,No Batch 2 approval or visual review inferred.
B2-LINK-00414,LY-HOT-000157,hotels,فندق المبروك,hotel,IMG-18E149F54D0D8C2B,assets/images/hotels/hotels-LY-HOTELS-00157-02.webp,gallery,true,true,thumbnail_only,IMG-CBF943AD2BA1F338,DUP-00383,existing_link,not_individually_verified,unknown,retain_candidate,true,No Batch 2 approval or visual review inferred.
B2-LINK-00415,LY-HOT-000157,hotels,فندق المبروك,hotel,IMG-1C5220AAA4070B85,assets/images/hotels/hotels-LY-HOTELS-00157-03.webp,gallery,true,true,thumbnail_only,IMG-C729BBBD991A91DB,DUP-00707,existing_link,not_individually_verified,unknown,retain_candidate,true,No Batch 2 approval or visual review inferred.
B2-LINK-00416,LY-HOT-000158,hotels,فندق المتوسط الخمس,hostel,IMG-4F0A3CE02FA1B883,assets/images/hotels/hotels-LY-HOTELS-00075-01.webp,gallery,true,true,thumbnail_only,IMG-5BE42BF01EA16B89,DUP-01392,existing_link,not_individually_verified,unknown,retain_candidate,true,No Batch 2 approval or visual review inferred.
B2-LINK-00417,LY-HOT-000158,hotels,فندق المتوسط الخمس,hostel,IMG-D9EDD81AAF8CF93F,assets/images/hotels/hotels-LY-HOTELS-00075-03.webp,gallery,true,true,thumbnail_only,IMG-06C9B682D26BC85A,DUP-00384,existing_link,not_individually_verified,unknown,retain_candidate,true,No Batch 2 approval or visual review inferred.
B2-LINK-00418,LY-HOT-000158,hotels,فندق المتوسط الخمس,hostel,IMG-EA0D93EB480687A0,assets/images/hotels/hotels-LY-HOTELS-00075-05.webp,gallery,true,true,thumbnail_only,IMG-5A6315C65F17467F,DUP-00001,existing_link,not_individually_verified,unknown,retain_candidate,true,No Batch 2 approval or visual review inferred.
B2-LINK-00419,LY-HOT-000160,hotels,فندق المدينة,hotel,IMG-4ECEDB1678C21ED6,assets/images/hotels/hotels-LY-HOTELS-00160-01.webp,gallery,true,true,thumbnail_only,IMG-C528015251C45B51,DUP-00794,existing_link,not_individually_verified,unknown,retain_candidate,true,No Batch 2 approval or visual review inferred.
B2-LINK-00420,LY-HOT-000160,hotels,فندق المدينة,hotel,IMG-24ABC32DBA91BFCD,assets/images/hotels/hotels-LY-HOTELS-00160-02.webp,gallery,true,true,thumbnail_only,IMG-1861B5607D136044,DUP-00213,existing_link,not_individually_verified,unknown,retain_candidate,true,No Batch 2 approval or visual review inferred.
B2-LINK-00421,LY-HOT-000160,hotels,فندق المدينة,hotel,IMG-3177E8C15F91D0D1,assets/images/hotels/hotels-LY-HOTELS-00160-03.webp,gallery,true,true,thumbnail_only,IMG-49B5D21B337ECF77,DUP-00382,existing_link,not_individually_verified,unknown,retain_candidate,true,No Batch 2 approval or visual review inferred.
B2-LINK-00422,LY-HOT-000160,hotels,فندق المدينة,hotel,IMG-DA9A9FA3C235917F,assets/images/hotels/hotels-LY-HOTELS-00160-04.webp,gallery,true,true,thumbnail_only,IMG-B719AACBD3880D94,DUP-00285,existing_link,not_individually_verified,unknown,retain_candidate,true,No Batch 2 approval or visual review inferred.
B2-LINK-00423,LY-HOT-000163,hotels,فندق المرج السياحي,hotel,IMG-4D69B0877B8F026F,assets/images/hotels/hotels-LY-HOTELS-00163-01.webp,gallery,true,true,thumbnail_only,IMG-190884A40D2ABF52,DUP-00718,existing_link,not_individually_verified,unknown,retain_candidate,true,No Batch 2 approval or visual review inferred.
B2-LINK-00424,LY-HOT-000163,hotels,فندق المرج السياحي,hotel,IMG-28497AFA53843B6D,assets/images/hotels/hotels-LY-HOTELS-00163-02.webp,gallery,true,true,thumbnail_only,IMG-944934D7C4B18477,DUP-00063,existing_link,not_individually_verified,unknown,retain_candidate,true,No Batch 2 approval or visual review inferred.
B2-LINK-00425,LY-HOT-000163,hotels,فندق المرج السياحي,hotel,IMG-A46ADD5F983F4201,assets/images/hotels/hotels-LY-HOTELS-00163-03.webp,gallery,true,true,thumbnail_only,IMG-A986D3BD575A7539,DUP-00088,existing_link,not_individually_verified,unknown,retain_candidate,true,No Batch 2 approval or visual review inferred.
B2-LINK-00426,LY-HOT-000163,hotels,فندق المرج السياحي,hotel,IMG-66BD5EC794889ABA,assets/images/hotels/hotels-LY-HOTELS-00163-04.webp,gallery,true,true,thumbnail_only,IMG-C36976B7FF14CE59,DUP-00472,existing_link,not_individually_verified,unknown,retain_candidate,true,No Batch 2 approval or visual review inferred.
B2-LINK-00427,LY-HOT-000164,hotels,فندق المسيرة,hotel,IMG-36DA0CCAB2BCB61C,assets/images/hotels/hotels-LY-HOTELS-00164-01.webp,gallery,true,true,thumbnail_only,IMG-9AD922FF37B51637,DUP-00214,existing_link,not_individually_verified,unknown,retain_candidate,true,No Batch 2 approval or visual review inferred.
B2-LINK-00428,LY-HOT-000164,hotels,فندق المسيرة,hotel,IMG-066297BAC6AAE169,assets/images/hotels/hotels-LY-HOTELS-00020-05.webp,gallery,true,true,thumbnail_only,IMG-3D038DA6076E2102,DUP-00807,existing_link,not_individually_verified,unknown,retain_candidate,true,No Batch 2 approval or visual review inferred.
B2-LINK-00429,LY-HOT-000164,hotels,فندق المسيرة,hotel,IMG-872A6D479BE28E01,assets/images/hotels/hotels-LY-HOTELS-00020-02.webp,gallery,true,true,thumbnail_only,IMG-FCAE0E7CAF03F59D,DUP-00670,existing_link,not_individually_verified,unknown,retain_candidate,true,No Batch 2 approval or visual review inferred.
B2-LINK-00430,LY-HOT-000164,hotels,فندق المسيرة,hotel,IMG-62E2C2869EB72051,assets/images/hotels/hotels-LY-HOTELS-00020-04.webp,gallery,true,true,thumbnail_only,IMG-DA73381C48679FF7,DUP-00149,existing_link,not_individually_verified,unknown,retain_candidate,true,No Batch 2 approval or visual review inferred.
B2-LINK-00431,LY-HOT-000164,hotels,فندق المسيرة,hotel,IMG-253F76E0FE94EBF3,assets/images/hotels/hotels-LY-HOTELS-00020-03.webp,gallery,true,true,thumbnail_only,,,existing_link,not_individually_verified,unknown,retain_candidate,true,No Batch 2 approval or visual review inferred.
B2-LINK-00432,LY-HOT-000166,hotels,فندق المغرب العربي,hotel,IMG-D345EAAFD727F3C0,assets/images/hotels/hotels-LY-HOTELS-00166-01.webp,gallery,true,true,thumbnail_only,IMG-B04C55A3A97695A6,DUP-01116,existing_link,not_individually_verified,unknown,retain_candidate,true,No Batch 2 approval or visual review inferred.
B2-LINK-00433,LY-HOT-000166,hotels,فندق المغرب العربي,hotel,IMG-63AD22872828ACB6,assets/images/hotels/hotels-LY-HOTELS-00166-02.webp,gallery,true,true,thumbnail_only,IMG-ACB3D023E60A78F3,DUP-00798,existing_link,not_individually_verified,unknown,retain_candidate,true,No Batch 2 approval or visual review inferred.
B2-LINK-00434,LY-HOT-000166,hotels,فندق المغرب العربي,hotel,IMG-39CD99912915C158,assets/images/hotels/hotels-LY-HOTELS-00166-03.webp,gallery,true,true,thumbnail_only,IMG-B08224A60F102C30,DUP-00200,existing_link,not_individually_verified,unknown,retain_candidate,true,No Batch 2 approval or visual review inferred.
B2-LINK-00435,LY-HOT-000166,hotels,فندق المغرب العربي,hotel,IMG-083B4B6ABD11C45D,assets/images/hotels/hotels-LY-HOTELS-00166-04.webp,gallery,true,true,thumbnail_only,IMG-3DEA231C2D969D51,DUP-00028,existing_link,not_individually_verified,unknown,retain_candidate,true,No Batch 2 approval or visual review inferred.
B2-LINK-00436,LY-HOT-000169,hotels,فندق النخلة السياحي,hotel,IMG-87993A1E3CB548BA,assets/images/hotels/hotels-LY-HOTELS-00169-01.webp,gallery,true,true,thumbnail_only,IMG-8A4782794B4D09FE,DUP-00309,existing_link,not_individually_verified,unknown,retain_candidate,true,No Batch 2 approval or visual review inferred.
B2-LINK-00437,LY-HOT-000169,hotels,فندق النخلة السياحي,hotel,IMG-BC51FF8A7106CA52,assets/images/hotels/hotels-LY-HOTELS-00169-02.webp,gallery,true,true,thumbnail_only,IMG-DA4FBA47F1C78B9C,DUP-00286,existing_link,not_individually_verified,unknown,retain_candidate,true,No Batch 2 approval or visual review inferred.
B2-LINK-00438,LY-HOT-000169,hotels,فندق النخلة السياحي,hotel,IMG-84CFC3DA9C2D9AF2,assets/images/hotels/hotels-LY-HOTELS-00169-03.webp,gallery,true,true,thumbnail_only,IMG-86FFB173AD2107C2,DUP-00107,existing_link,not_individually_verified,unknown,retain_candidate,true,No Batch 2 approval or visual review inferred.
B2-LINK-00439,LY-HOT-000169,hotels,فندق النخلة السياحي,hotel,IMG-2CEA967A4108758C,assets/images/hotels/hotels-LY-HOTELS-00169-04.webp,gallery,true,true,thumbnail_only,IMG-943C7911E5D73ADE,DUP-00027,existing_link,not_individually_verified,unknown,retain_candidate,true,No Batch 2 approval or visual review inferred.
B2-LINK-00440,LY-HOT-000169,hotels,فندق النخلة السياحي,hotel,IMG-F8CBBCBADF91E968,assets/images/hotels/hotels-LY-HOTELS-00169-05.webp,gallery,true,true,thumbnail_only,IMG-64FA839D93DA84DE,DUP-00786,existing_link,not_individually_verified,unknown,retain_candidate,true,No Batch 2 approval or visual review inferred.
B2-LINK-00441,LY-HOT-000171,hotels,فندق النوران,hotel,IMG-1DBC5EAF16A5E4BE,assets/images/hotels/hotels-LY-HOTELS-00171-01.webp,gallery,true,true,thumbnail_only,IMG-2289A7A09D4A8335,DUP-01081,existing_link,not_individually_verified,unknown,retain_candidate,true,No Batch 2 approval or visual review inferred.
B2-LINK-00442,LY-HOT-000171,hotels,فندق النوران,hotel,IMG-E689FE842777AF4E,assets/images/hotels/hotels-LY-HOTELS-00171-02.webp,gallery,true,true,thumbnail_only,IMG-7FBF81211AB31466,DUP-00114,existing_link,not_individually_verified,unknown,retain_candidate,true,No Batch 2 approval or visual review inferred.
B2-LINK-00443,LY-HOT-000171,hotels,فندق النوران,hotel,IMG-33215DBB663FC363,assets/images/hotels/hotels-LY-HOTELS-00171-03.webp,gallery,true,true,thumbnail_only,IMG-6F46CB2C8FE0926F,DUP-00894,existing_link,not_individually_verified,unknown,retain_candidate,true,No Batch 2 approval or visual review inferred.
B2-LINK-00444,LY-HOT-000171,hotels,فندق النوران,hotel,IMG-0994C45175894B1D,assets/images/hotels/hotels-LY-HOTELS-00171-04.webp,gallery,true,true,thumbnail_only,IMG-B6764C63C163440D,DUP-01165,existing_link,not_individually_verified,unknown,retain_candidate,true,No Batch 2 approval or visual review inferred.
B2-LINK-00445,LY-HOT-000171,hotels,فندق النوران,hotel,IMG-9620FD1B4F1D77C3,assets/images/hotels/hotels-LY-HOTELS-00171-05.webp,gallery,true,true,thumbnail_only,IMG-6822BFBFC1F7E7DB,DUP-00859,existing_link,not_individually_verified,unknown,retain_candidate,true,No Batch 2 approval or visual review inferred.
B2-LINK-00446,LY-HOT-000181,hotels,فندق اليمامة,hotel,IMG-ED94159E9BC6C717,assets/images/hotels/hotels-LY-HOTELS-00181-01.webp,gallery,true,true,thumbnail_only,IMG-A477669901497B22,DUP-00681,existing_link,not_individually_verified,unknown,retain_candidate,true,No Batch 2 approval or visual review inferred.
B2-LINK-00447,LY-HOT-000181,hotels,فندق اليمامة,hotel,IMG-23B190B4511A2392,assets/images/hotels/hotels-LY-HOTELS-00181-02.webp,gallery,true,true,thumbnail_only,IMG-982838E713EBD14F,DUP-00283,existing_link,not_individually_verified,unknown,retain_candidate,true,No Batch 2 approval or visual review inferred.
B2-LINK-00448,LY-HOT-000187,hotels,فندق أفريقيا,hotel,IMG-3B56150C8DAA5F16,assets/images/hotels/hotels-LY-HOTELS-00187-01.webp,gallery,true,true,thumbnail_only,IMG-424BD318FC8C835A,DUP-01224,existing_link,not_individually_verified,unknown,retain_candidate,true,No Batch 2 approval or visual review inferred.
B2-LINK-00449,LY-HOT-000187,hotels,فندق أفريقيا,hotel,IMG-ACEF26F38476CA48,assets/images/hotels/hotels-LY-HOTELS-00187-02.webp,gallery,true,true,thumbnail_only,IMG-AF69A0E49A617334,DUP-00665,existing_link,not_individually_verified,unknown,retain_candidate,true,No Batch 2 approval or visual review inferred.
B2-LINK-00450,LY-HOT-000187,hotels,فندق أفريقيا,hotel,IMG-384CF3E5D620D13B,assets/images/hotels/hotels-LY-HOTELS-00187-03.webp,gallery,true,true,thumbnail_only,IMG-1E1AD151E679A094,DUP-01262,existing_link,not_individually_verified,unknown,retain_candidate,true,No Batch 2 approval or visual review inferred.
B2-LINK-00451,LY-HOT-000190,hotels,فندق أمال ليبيا,hotel,IMG-2F048837E230F91F,assets/images/hotels/hotels-LY-HOTELS-00190-01.webp,gallery,true,true,thumbnail_only,,,existing_link,not_individually_verified,unknown,retain_candidate,true,No Batch 2 approval or visual review inferred.
B2-LINK-00452,LY-HOT-000190,hotels,فندق أمال ليبيا,hotel,IMG-384CF3E5D620D13B,assets/images/hotels/hotels-LY-HOTELS-00187-03.webp,gallery,true,true,thumbnail_only,IMG-1E1AD151E679A094,DUP-01262,existing_link,not_individually_verified,unknown,retain_candidate,true,No Batch 2 approval or visual review inferred.
B2-LINK-00453,LY-HOT-000190,hotels,فندق أمال ليبيا,hotel,IMG-4945216852B0CB37,assets/images/hotels/hotels-LY-HOTELS-00190-03.webp,gallery,true,true,thumbnail_only,IMG-8647BBA06102B03E,DUP-00023,existing_link,not_individually_verified,unknown,retain_candidate,true,No Batch 2 approval or visual review inferred.
B2-LINK-00454,LY-HOT-000193,hotels,فندق باب البحر,hotel,IMG-A3170ECA96244672,assets/images/hotels/hotels-LY-HOTELS-00193-01.webp,gallery,true,true,high,IMG-5CA2B4E101C57B5C,DUP-00739,existing_link,not_individually_verified,unknown,retain_candidate,true,No Batch 2 approval or visual review inferred.
B2-LINK-00455,LY-HOT-000193,hotels,فندق باب البحر,hotel,IMG-18B61D08CB44FB2A,assets/images/hotels/hotels-LY-HOTELS-00193-02.webp,gallery,true,true,high,IMG-D4037515DC5CA51D,DUP-00897,existing_link,not_individually_verified,unknown,retain_candidate,true,No Batch 2 approval or visual review inferred.
B2-LINK-00456,LY-HOT-000193,hotels,فندق باب البحر,hotel,IMG-D14392A917A60DE0,assets/images/hotels/hotels-LY-HOTELS-00193-03.webp,gallery,true,true,acceptable,IMG-79E464A2604D11E5,DUP-00745,existing_link,not_individually_verified,unknown,retain_candidate,true,No Batch 2 approval or visual review inferred.
B2-LINK-00457,LY-HOT-000193,hotels,فندق باب البحر,hotel,IMG-CCB3E7C0A221B706,assets/images/hotels/hotels-LY-HOTELS-00193-04.webp,gallery,true,true,high,IMG-39FEDC753A6A6C49,DUP-00267,existing_link,not_individually_verified,unknown,retain_candidate,true,No Batch 2 approval or visual review inferred.
B2-LINK-00458,LY-HOT-000196,hotels,فندق بلازما,hotel,IMG-5FE1ABA6DADBA795,assets/images/hotels/hotels-LY-HOTELS-00196-01.webp,gallery,true,true,acceptable,IMG-133A23B4A668D9F5,DUP-00804,existing_link,not_individually_verified,unknown,retain_candidate,true,No Batch 2 approval or visual review inferred.
B2-LINK-00459,LY-HOT-000196,hotels,فندق بلازما,hotel,IMG-9CC0FCCAD56E1E45,assets/images/hotels/hotels-LY-HOTELS-00196-02.webp,gallery,true,true,high,IMG-122900D343C3F390,DUP-01376,existing_link,not_individually_verified,unknown,retain_candidate,true,No Batch 2 approval or visual review inferred.
B2-LINK-00460,LY-HOT-000196,hotels,فندق بلازما,hotel,IMG-398D6105B38199A4,assets/images/hotels/hotels-LY-HOTELS-00196-03.webp,gallery,true,true,high,IMG-D7C9FF1B1771DCD9,DUP-00151,existing_link,not_individually_verified,unknown,retain_candidate,true,No Batch 2 approval or visual review inferred.
B2-LINK-00461,LY-HOT-000196,hotels,فندق بلازما,hotel,IMG-14190C4F60355635,assets/images/hotels/hotels-LY-HOTELS-00196-04.webp,gallery,true,true,high,IMG-3E00629B579DCE2C,DUP-00337,existing_link,not_individually_verified,unknown,retain_candidate,true,No Batch 2 approval or visual review inferred.
B2-LINK-00462,LY-HOT-000196,hotels,فندق بلازما,hotel,IMG-9DCD9E3C9365DD1A,assets/images/hotels/hotels-LY-HOTELS-00196-05.webp,gallery,true,true,acceptable,IMG-5E61C715854ACDB6,DUP-00701,existing_link,not_individually_verified,unknown,retain_candidate,true,No Batch 2 approval or visual review inferred.
B2-LINK-00463,LY-HOT-000201,hotels,فندق توباكتس,hotel,IMG-00D26D8EDC613DDE,assets/images/hotels/hotels-LY-HOTELS-00201-01.webp,gallery,true,true,high,IMG-6FA829EB83A8FCAC,DUP-00740,existing_link,not_individually_verified,unknown,retain_candidate,true,No Batch 2 approval or visual review inferred.
B2-LINK-00464,LY-HOT-000201,hotels,فندق توباكتس,hotel,IMG-1084184F8EC45760,assets/images/hotels/hotels-LY-HOTELS-00201-02.webp,gallery,true,true,high,IMG-C875C4360B220CA5,DUP-00439,existing_link,not_individually_verified,unknown,retain_candidate,true,No Batch 2 approval or visual review inferred.
B2-LINK-00465,LY-HOT-000201,hotels,فندق توباكتس,hotel,IMG-77BA160C04733500,assets/images/hotels/hotels-LY-HOTELS-00201-03.webp,gallery,true,true,acceptable,IMG-30A9855976938FE1,DUP-00033,existing_link,not_individually_verified,unknown,retain_candidate,true,No Batch 2 approval or visual review inferred.
B2-LINK-00466,LY-HOT-000201,hotels,فندق توباكتس,hotel,IMG-58597378CF1C8CF5,assets/images/hotels/hotels-LY-HOTELS-00201-04.webp,gallery,true,true,high,IMG-357841B409934CA4,DUP-00193,existing_link,not_individually_verified,unknown,retain_candidate,true,No Batch 2 approval or visual review inferred.
B2-LINK-00467,LY-HOT-000209,hotels,فندق ديار الهناء,hotel,IMG-23AE35FD4B853F4A,assets/images/hotels/hotels-LY-HOTELS-00209-01.webp,gallery,true,true,thumbnail_only,IMG-183CEDE059F1A189,DUP-00256,existing_link,not_individually_verified,unknown,retain_candidate,true,No Batch 2 approval or visual review inferred.
B2-LINK-00468,LY-HOT-000221,hotels,فندق سفيروس الخمس,hotel,IMG-7D1036F871E7B856,assets/images/hotels/hotels-LY-HOTELS-00221-01.webp,gallery,true,true,thumbnail_only,IMG-65266F5F116CC5BF,DUP-00177,existing_link,not_individually_verified,unknown,retain_candidate,true,No Batch 2 approval or visual review inferred.
B2-LINK-00469,LY-HOT-000221,hotels,فندق سفيروس الخمس,hotel,IMG-677EB6B3BDFA6CD1,assets/images/hotels/hotels-LY-HOTELS-00221-02.webp,gallery,true,true,thumbnail_only,IMG-21817EDDF83300D9,DUP-00081,existing_link,not_individually_verified,unknown,retain_candidate,true,No Batch 2 approval or visual review inferred.
B2-LINK-00470,LY-HOT-000221,hotels,فندق سفيروس الخمس,hotel,IMG-0A0C8148BA1BD068,assets/images/hotels/hotels-LY-HOTELS-00221-03.webp,gallery,true,true,thumbnail_only,IMG-F3A2913163058D9A,DUP-00571,existing_link,not_individually_verified,unknown,retain_candidate,true,No Batch 2 approval or visual review inferred.
B2-LINK-00471,LY-HOT-000221,hotels,فندق سفيروس الخمس,hotel,IMG-B6E5ADBDA539A7B7,assets/images/hotels/hotels-LY-HOTELS-00221-04.webp,gallery,true,true,thumbnail_only,IMG-6CB09A8CBEE299F3,DUP-01062,existing_link,not_individually_verified,unknown,retain_candidate,true,No Batch 2 approval or visual review inferred.
B2-LINK-00472,LY-HOT-000223,hotels,فندق صحارى ليبيا,hotel,IMG-5255F49255B9CDBC,assets/images/hotels/hotels-LY-HOTELS-00223-01.webp,gallery,true,true,acceptable,IMG-597BB54E378E3D06,DUP-00226,existing_link,not_individually_verified,unknown,retain_candidate,true,No Batch 2 approval or visual review inferred.
B2-LINK-00473,LY-HOT-000223,hotels,فندق صحارى ليبيا,hotel,IMG-9F4EB60D93580A35,assets/images/hotels/hotels-LY-HOTELS-00223-02.webp,gallery,true,true,high,IMG-EE6BE49D683316BC,DUP-00872,existing_link,not_individually_verified,unknown,retain_candidate,true,No Batch 2 approval or visual review inferred.
B2-LINK-00474,LY-HOT-000223,hotels,فندق صحارى ليبيا,hotel,IMG-B49F9BF137D83D02,assets/images/hotels/hotels-LY-HOTELS-00223-03.webp,gallery,true,true,high,IMG-1E91C9036A281BAD,DUP-01175,existing_link,not_individually_verified,unknown,retain_candidate,true,No Batch 2 approval or visual review inferred.
B2-LINK-00475,LY-HOT-000268,hotels,فندق الفصول الاربعة 3,hotel,IMG-674C0626690A6B84,assets/images/hotels/hotels-LY-HOTELS-00268-01.webp,gallery,true,true,thumbnail_only,IMG-F4B773F3F5826691,DUP-00579,existing_link,not_individually_verified,unknown,retain_candidate,true,No Batch 2 approval or visual review inferred.
B2-LINK-00476,LY-HOT-000273,hotels,فندق النعيم,hostel,IMG-07823DE59E73877A,assets/images/hotels/hotels-LY-HOTELS-00273-01.webp,gallery,true,true,high,IMG-A8A2FE6C77946B50,DUP-00867,existing_link,not_individually_verified,unknown,retain_candidate,true,No Batch 2 approval or visual review inferred.
B2-LINK-00477,LY-HOT-000273,hotels,فندق النعيم,hostel,IMG-1F56A7D14EBE52D8,assets/images/hotels/hotels-LY-HOTELS-00273-02.webp,gallery,true,true,acceptable,IMG-A543480E5E15A350,DUP-01045,existing_link,not_individually_verified,unknown,retain_candidate,true,No Batch 2 approval or visual review inferred.
B2-LINK-00478,LY-HOT-000273,hotels,فندق النعيم,hostel,IMG-3DA6ACF735A6A8C2,assets/images/hotels/hotels-LY-HOTELS-00273-03.webp,gallery,true,true,acceptable,IMG-4B11D5B26C99653C,DUP-00272,existing_link,not_individually_verified,unknown,retain_candidate,true,No Batch 2 approval or visual review inferred.
B2-LINK-00479,LY-HOT-000273,hotels,فندق النعيم,hostel,IMG-CC530C874A332752,assets/images/hotels/hotels-LY-HOTELS-00273-04.webp,gallery,true,true,acceptable,IMG-136B74DF3B0C9CD1,DUP-00547,existing_link,not_individually_verified,unknown,retain_candidate,true,No Batch 2 approval or visual review inferred.
B2-LINK-00480,LY-HOT-000273,hotels,فندق النعيم,hostel,IMG-1C03492355C4B51C,assets/images/hotels/hotels-LY-HOTELS-00273-05.webp,gallery,true,true,acceptable,IMG-8AFF76DED4486D6D,DUP-01085,existing_link,not_individually_verified,unknown,retain_candidate,true,No Batch 2 approval or visual review inferred.
B2-LINK-00481,LY-HOT-000275,hotels,فندق الفصول الاربعة 2,resort,IMG-AB2F785A48F45260,assets/images/hotels/hotels-LY-HOTELS-00275-01.webp,gallery,true,true,high,IMG-1C3BA4BF58BF7974,DUP-00678,existing_link,not_individually_verified,unknown,retain_candidate,true,No Batch 2 approval or visual review inferred.
B2-LINK-00482,LY-HOT-000275,hotels,فندق الفصول الاربعة 2,resort,IMG-41754C243D0161BD,assets/images/hotels/hotels-LY-HOTELS-00275-02.webp,gallery,true,true,high,IMG-D02F6A8BCFCF5DE5,DUP-00623,existing_link,not_individually_verified,unknown,retain_candidate,true,No Batch 2 approval or visual review inferred.
B2-LINK-00483,LY-HOT-000275,hotels,فندق الفصول الاربعة 2,resort,IMG-AA171238F6B5CC3B,assets/images/hotels/hotels-LY-HOTELS-00275-03.webp,gallery,true,true,high,IMG-8D615F1078E1B3CC,DUP-01121,existing_link,not_individually_verified,unknown,retain_candidate,true,No Batch 2 approval or visual review inferred.
B2-LINK-00484,LY-HOT-000276,hotels,فندق السفير,hotel,IMG-E240158CEC65F3C9,assets/images/hotels/hotels-LY-HOTELS-00276-01.webp,gallery,true,true,thumbnail_only,IMG-7E5D0782E12EA5D9,DUP-00074,existing_link,not_individually_verified,unknown,retain_candidate,true,No Batch 2 approval or visual review inferred.
B2-LINK-00485,LY-HOT-000276,hotels,فندق السفير,hotel,IMG-1E6814E4D73BB248,assets/images/hotels/hotels-LY-HOTELS-00276-02.webp,gallery,true,true,thumbnail_only,IMG-F7802480EBFA2028,DUP-00476,existing_link,not_individually_verified,unknown,retain_candidate,true,No Batch 2 approval or visual review inferred.
B2-LINK-00486,LY-HOT-000277,hotels,فندق نور الثريا,hotel,IMG-4D715E6F645A91E4,assets/images/hotels/hotels-LY-HOTELS-00277-01.webp,gallery,true,true,high,IMG-66CB19A1EDEE23E0,DUP-00452,existing_link,not_individually_verified,unknown,retain_candidate,true,No Batch 2 approval or visual review inferred.
B2-LINK-00487,LY-HOT-000277,hotels,فندق نور الثريا,hotel,IMG-DB003713F54633D4,assets/images/hotels/hotels-LY-HOTELS-00277-02.webp,gallery,true,true,low,IMG-2A4B90E2E75CC0CA,DUP-00419,existing_link,not_individually_verified,unknown,retain_candidate,true,No Batch 2 approval or visual review inferred.
B2-LINK-00488,LY-HOT-000277,hotels,فندق نور الثريا,hotel,IMG-182A3D8591EE2F0D,assets/images/hotels/hotels-LY-HOTELS-00277-03.webp,gallery,true,true,high,IMG-126DE64C9E6DF43D,DUP-00015,existing_link,not_individually_verified,unknown,retain_candidate,true,No Batch 2 approval or visual review inferred.
B2-LINK-00489,LY-HOT-000278,hotels,فندق الشاطئ الذهبى,hotel,IMG-3143393C3BB12C6B,assets/images/hotels/hotels-LY-HOTELS-00278-01.webp,gallery,true,true,thumbnail_only,IMG-705FD2B233983894,DUP-00466,existing_link,not_individually_verified,unknown,retain_candidate,true,No Batch 2 approval or visual review inferred.
B2-LINK-00490,LY-HOT-000278,hotels,فندق الشاطئ الذهبى,hotel,IMG-035F322FF745ADE7,assets/images/hotels/hotels-LY-HOTELS-00278-02.webp,gallery,true,true,acceptable,IMG-7914DB8D81DF2433,DUP-01164,existing_link,not_individually_verified,unknown,retain_candidate,true,No Batch 2 approval or visual review inferred.
B2-LINK-00491,LY-HOT-000278,hotels,فندق الشاطئ الذهبى,hotel,IMG-9526628D8DD3DE95,assets/images/hotels/hotels-LY-HOTELS-00278-03.webp,gallery,true,true,acceptable,IMG-D0D137408723C19A,DUP-00361,existing_link,not_individually_verified,unknown,retain_candidate,true,No Batch 2 approval or visual review inferred.
B2-LINK-00492,LY-HOT-000278,hotels,فندق الشاطئ الذهبى,hotel,IMG-4DEE16210F1FB033,assets/images/hotels/hotels-LY-HOTELS-00278-04.webp,gallery,true,true,acceptable,IMG-A130B0BF0027C53C,DUP-00274,existing_link,not_individually_verified,unknown,retain_candidate,true,No Batch 2 approval or visual review inferred.
B2-LINK-00493,LY-HOT-000279,hotels,فندق الصافي,hotel,IMG-D58DFEE97D5305FF,assets/images/hotels/hotels-LY-HOTELS-00279-01.webp,gallery,true,true,thumbnail_only,IMG-ECE2E4D8B397371D,DUP-01409,existing_link,not_individually_verified,unknown,retain_candidate,true,No Batch 2 approval or visual review inferred.
B2-LINK-00494,LY-HOT-000281,hotels,فندق الفصول الابعة 1,hotel,IMG-D0E4C14FEF216C2C,assets/images/hotels/hotels-LY-HOTELS-00281-01.webp,gallery,true,true,thumbnail_only,IMG-2D45459AD8F9CC78,DUP-00184,existing_link,not_individually_verified,unknown,retain_candidate,true,No Batch 2 approval or visual review inferred.
B2-LINK-00495,LY-HOT-000282,hotels,فندق سفارى,hotel,IMG-BED506EA5E4A268B,assets/images/hotels/hotels-LY-HOTELS-00282-01.webp,gallery,true,true,thumbnail_only,IMG-60C21FD40A4E4920,DUP-00396,existing_link,not_individually_verified,unknown,retain_candidate,true,No Batch 2 approval or visual review inferred.
B2-LINK-00496,LY-HOT-000283,hotels,فندق زهرة الخليج,hotel,IMG-F3E648AD7CE0F676,assets/images/hotels/hotels-LY-HOTELS-00283-01.webp,gallery,true,true,acceptable,IMG-1CDC2C3D694FD21B,DUP-00339,existing_link,not_individually_verified,unknown,retain_candidate,true,No Batch 2 approval or visual review inferred.
B2-LINK-00497,LY-HOT-000283,hotels,فندق زهرة الخليج,hotel,IMG-195FEF22D837B65D,assets/images/hotels/hotels-LY-HOTELS-00283-02.webp,gallery,true,true,high,IMG-D573149703FC5032,DUP-01144,existing_link,not_individually_verified,unknown,retain_candidate,true,No Batch 2 approval or visual review inferred.
B2-LINK-00498,LY-HOT-000284,hotels,فندق السلاسل الذهبية,hostel,IMG-FD63377BEAD728F4,assets/images/hotels/hotels-LY-HOTELS-00284-01.webp,gallery,true,true,acceptable,IMG-D852AA75FDEC7960,DUP-01362,existing_link,not_individually_verified,unknown,retain_candidate,true,No Batch 2 approval or visual review inferred.
B2-LINK-00499,LY-HOT-000284,hotels,فندق السلاسل الذهبية,hostel,IMG-93CB76024693CC16,assets/images/hotels/hotels-LY-HOTELS-00284-02.webp,gallery,true,true,acceptable,IMG-9376999E1BCC2950,DUP-00733,existing_link,not_individually_verified,unknown,retain_candidate,true,No Batch 2 approval or visual review inferred.
B2-LINK-00500,LY-HOT-000284,hotels,فندق السلاسل الذهبية,hostel,IMG-BE291B15C0111B88,assets/images/hotels/hotels-LY-HOTELS-00284-03.webp,gallery,true,true,acceptable,IMG-6B00D74C42B3F6BF,DUP-00115,existing_link,not_individually_verified,unknown,retain_candidate,true,No Batch 2 approval or visual review inferred.
B2-LINK-00501,LY-HOT-000295,hotels,فندق تاج,hostel,IMG-AB22C6D40D93616F,assets/images/hotels/hotels-LY-HOTELS-00295-01.webp,gallery,true,true,acceptable,IMG-A4E1C106CA5102C7,DUP-00233,existing_link,not_individually_verified,unknown,retain_candidate,true,No Batch 2 approval or visual review inferred.
B2-LINK-00502,LY-HOT-000295,hotels,فندق تاج,hostel,IMG-E137A1CCE92F44E9,assets/images/hotels/hotels-LY-HOTELS-00295-02.webp,gallery,true,true,high,IMG-234477B673AB19BB,DUP-00666,existing_link,not_individually_verified,unknown,retain_candidate,true,No Batch 2 approval or visual review inferred.
B2-LINK-00503,LY-HOT-000295,hotels,فندق تاج,hostel,IMG-729EB4B25B240200,assets/images/hotels/hotels-LY-HOTELS-00295-03.webp,gallery,true,true,high,IMG-B3625AAF3EC3C85D,DUP-00145,existing_link,not_individually_verified,unknown,retain_candidate,true,No Batch 2 approval or visual review inferred.
B2-LINK-00504,LY-HOT-000297,hotels,فندق أضواء قرطاج,hotel,IMG-4B501E6BBD73EAFE,assets/images/hotels/hotels-LY-HOTELS-00297-01.webp,gallery,true,true,high,IMG-3E4CED93BF7426F1,DUP-00600,existing_link,not_individually_verified,unknown,retain_candidate,true,No Batch 2 approval or visual review inferred.
B2-LINK-00505,LY-HOT-000297,hotels,فندق أضواء قرطاج,hotel,IMG-8AA917C317A493BF,assets/images/hotels/hotels-LY-HOTELS-00297-02.webp,gallery,true,true,high,IMG-8811258CE100D0A6,DUP-00017,existing_link,not_individually_verified,unknown,retain_candidate,true,No Batch 2 approval or visual review inferred.
B2-LINK-00506,LY-HOT-000297,hotels,فندق أضواء قرطاج,hotel,IMG-FE006520AF136B6C,assets/images/hotels/hotels-LY-HOTELS-00297-03.webp,gallery,true,true,high,IMG-F9C1830D4F2FF7FA,DUP-00470,existing_link,not_individually_verified,unknown,retain_candidate,true,No Batch 2 approval or visual review inferred.
B2-LINK-00507,LY-HOT-000305,hotels,فندق الغزالة,hotel,IMG-23317BED444CE147,assets/images/hotels/hotels-LY-HOTELS-00305-01.webp,gallery,true,true,thumbnail_only,IMG-B936AD7EBE9DAF62,DUP-00969,existing_link,not_individually_verified,unknown,retain_candidate,true,No Batch 2 approval or visual review inferred.
B2-LINK-00508,LY-HOT-000307,hotels,فندق الديوان,hotel,IMG-B957081BDFD31AD9,assets/images/hotels/hotels-LY-HOTELS-00307-01.webp,gallery,true,true,thumbnail_only,IMG-D9CA53A7672879BF,DUP-00731,existing_link,not_individually_verified,unknown,retain_candidate,true,No Batch 2 approval or visual review inferred.
B2-LINK-00509,LY-HOT-000307,hotels,فندق الديوان,hotel,IMG-6D950E2A9DC44EF1,assets/images/hotels/hotels-LY-HOTELS-00307-02.webp,gallery,true,true,thumbnail_only,IMG-A4ED63956F5DD58C,DUP-00045,existing_link,not_individually_verified,unknown,retain_candidate,true,No Batch 2 approval or visual review inferred.
B2-LINK-00510,LY-HOT-000307,hotels,فندق الديوان,hotel,IMG-B51FE8B4F8D6929E,assets/images/hotels/hotels-LY-HOTELS-00307-03.webp,gallery,true,true,thumbnail_only,IMG-A651B4C4379486C9,DUP-00440,existing_link,not_individually_verified,unknown,retain_candidate,true,No Batch 2 approval or visual review inferred.
B2-LINK-00511,LY-HOT-000314,hotels,فندق السرايا,hotel,IMG-B9573C8C7FB931A8,assets/images/hotels/hotels-LY-HOTELS-00314-01.webp,gallery,true,true,acceptable,IMG-5269628C74ADF318,DUP-00520,existing_link,not_individually_verified,unknown,retain_candidate,true,No Batch 2 approval or visual review inferred.
B2-LINK-00512,LY-HOT-000314,hotels,فندق السرايا,hotel,IMG-9EA57547A5CADF9F,assets/images/hotels/hotels-LY-HOTELS-00314-02.webp,gallery,true,true,acceptable,IMG-43B95771248041C0,DUP-00831,existing_link,not_individually_verified,unknown,retain_candidate,true,No Batch 2 approval or visual review inferred.
B2-LINK-00513,LY-HOT-000314,hotels,فندق السرايا,hotel,IMG-A621EC690B7CF91C,assets/images/hotels/hotels-LY-HOTELS-00314-03.webp,gallery,true,true,acceptable,IMG-344CFBC9C6B372F8,DUP-01131,existing_link,not_individually_verified,unknown,retain_candidate,true,No Batch 2 approval or visual review inferred.
B2-LINK-00514,LY-HOT-000314,hotels,فندق السرايا,hotel,IMG-5F0B87CC56980023,assets/images/hotels/hotels-LY-HOTELS-00314-04.webp,gallery,true,true,high,IMG-A9FE60CE8BAB8B94,DUP-00880,existing_link,not_individually_verified,unknown,retain_candidate,true,No Batch 2 approval or visual review inferred.
B2-LINK-00515,LY-HOT-000318,hotels,الحبايب,review_required,IMG-C342E390F07568AB,assets/images/hotels/hotels-LY-HOTELS-00318-01.webp,gallery,true,true,thumbnail_only,IMG-9A036A41DCB17370,DUP-00612,existing_link,not_individually_verified,unknown,retain_candidate,true,No Batch 2 approval or visual review inferred.
B2-LINK-00516,LY-HOT-000318,hotels,الحبايب,review_required,IMG-D99FC6C79707FC6E,assets/images/hotels/hotels-LY-HOTELS-00318-02.webp,gallery,true,true,thumbnail_only,IMG-61B6875831D17BA1,DUP-00766,existing_link,not_individually_verified,unknown,retain_candidate,true,No Batch 2 approval or visual review inferred.
B2-LINK-00517,LY-HOT-000319,hotels,هوم بلازا_للشقق الفندقية,hotel,IMG-FB95B3497C1F55CA,assets/images/hotels/hotels-LY-HOTELS-00319-01.webp,gallery,true,true,thumbnail_only,IMG-A5A330256BF13807,DUP-01025,existing_link,not_individually_verified,unknown,retain_candidate,true,No Batch 2 approval or visual review inferred.
B2-LINK-00518,LY-HOT-000320,hotels,فندق الرحال,apartment_hotel,IMG-007802D9BC5D755F,assets/images/hotels/hotels-LY-HOTELS-00320-01.webp,gallery,true,true,thumbnail_only,IMG-F35449759FEAB1E9,DUP-00848,existing_link,not_individually_verified,unknown,retain_candidate,true,No Batch 2 approval or visual review inferred.
B2-LINK-00519,LY-HOT-000321,hotels,الوادي 2 للشقق الفندقية,hotel,IMG-6114B601BF0B1A8C,assets/images/hotels/hotels-LY-HOTELS-00321-01.webp,gallery,true,true,thumbnail_only,IMG-18D2823CC6168755,DUP-00170,existing_link,not_individually_verified,unknown,retain_candidate,true,No Batch 2 approval or visual review inferred.
B2-LINK-00520,LY-HOT-000322,hotels,الأطلس للشقق الفندقية,hotel,IMG-8E4486514CFFA7F7,assets/images/hotels/hotels-LY-HOTELS-00322-01.webp,gallery,true,true,thumbnail_only,IMG-00A08FB9993FDC6A,DUP-00428,existing_link,not_individually_verified,unknown,retain_candidate,true,No Batch 2 approval or visual review inferred.
B2-LINK-00521,LY-HOT-000322,hotels,الأطلس للشقق الفندقية,hotel,IMG-B9FAA949CA990BF2,assets/images/hotels/hotels-LY-HOTELS-00322-02.webp,gallery,true,true,thumbnail_only,IMG-D60F928781EC0028,DUP-00852,existing_link,not_individually_verified,unknown,retain_candidate,true,No Batch 2 approval or visual review inferred.
B2-LINK-00522,LY-HOT-000323,hotels,فندق بيزا السياحي,resort,IMG-7C37736A8EF80145,assets/images/hotels/hotels-LY-HOTELS-00323-01.webp,gallery,true,true,thumbnail_only,IMG-18EEA34E41204D8F,DUP-00359,existing_link,not_individually_verified,unknown,retain_candidate,true,No Batch 2 approval or visual review inferred.
B2-LINK-00523,LY-HOT-000323,hotels,فندق بيزا السياحي,resort,IMG-E0255209BACC4072,assets/images/hotels/hotels-LY-HOTELS-00323-02.webp,gallery,true,true,high,IMG-2BA245639081FD7A,DUP-00646,existing_link,not_individually_verified,unknown,retain_candidate,true,No Batch 2 approval or visual review inferred.
B2-LINK-00524,LY-HOT-000323,hotels,فندق بيزا السياحي,resort,IMG-8F2FAE7100B53F30,assets/images/hotels/hotels-LY-HOTELS-00323-03.webp,gallery,true,true,acceptable,IMG-AE26AB792A1C1029,DUP-01348,existing_link,not_individually_verified,unknown,retain_candidate,true,No Batch 2 approval or visual review inferred.
B2-LINK-00525,LY-HOT-000323,hotels,فندق بيزا السياحي,resort,IMG-C417E10EEC13BB47,assets/images/hotels/hotels-LY-HOTELS-00323-04.webp,gallery,true,true,acceptable,IMG-B3F654A5763B591A,DUP-01000,existing_link,not_individually_verified,unknown,retain_candidate,true,No Batch 2 approval or visual review inferred.
B2-LINK-00526,LY-HOT-000324,hotels,فندق قوز التيك,hotel,IMG-F11E4A59FEBF8315,assets/images/hotels/hotels-LY-HOTELS-00324-01.webp,gallery,true,true,thumbnail_only,IMG-1389659C2264D447,DUP-00100,existing_link,not_individually_verified,unknown,retain_candidate,true,No Batch 2 approval or visual review inferred.
B2-LINK-00527,LY-HOT-000324,hotels,فندق قوز التيك,hotel,IMG-8FCB7322682AE668,assets/images/hotels/hotels-LY-HOTELS-00324-02.webp,gallery,true,true,thumbnail_only,IMG-932FBDBDC8A0E102,DUP-00381,existing_link,not_individually_verified,unknown,retain_candidate,true,No Batch 2 approval or visual review inferred.
B2-LINK-00528,LY-HOT-000331,hotels,فندق الراحة اجدابيا,hotel,IMG-844AB3082A456BFB,assets/images/hotels/hotels-LY-HOTELS-00331-01.webp,gallery,true,true,thumbnail_only,IMG-558CE15AD985397D,DUP-00855,existing_link,not_individually_verified,unknown,retain_candidate,true,No Batch 2 approval or visual review inferred.
B2-LINK-00529,LY-HOT-000331,hotels,فندق الراحة اجدابيا,hotel,IMG-7B5EFE12C360D506,assets/images/hotels/hotels-LY-HOTELS-00331-02.webp,gallery,true,true,thumbnail_only,IMG-DAD489FC24308F74,DUP-00868,existing_link,not_individually_verified,unknown,retain_candidate,true,No Batch 2 approval or visual review inferred.
B2-LINK-00530,LY-HOT-000331,hotels,فندق الراحة اجدابيا,hotel,IMG-873D69425FECB19C,assets/images/hotels/hotels-LY-HOTELS-00331-03.webp,gallery,true,true,thumbnail_only,IMG-7559C8FD71866847,DUP-00597,existing_link,not_individually_verified,unknown,retain_candidate,true,No Batch 2 approval or visual review inferred.
B2-LINK-00531,LY-HOT-000332,hotels,عمار او المجد للشقق الفندقية,hotel,IMG-C1AE737C120905FA,assets/images/hotels/hotels-LY-HOTELS-00332-01.webp,gallery,true,true,thumbnail_only,IMG-3EA653CB93695794,DUP-00330,existing_link,not_individually_verified,unknown,retain_candidate,true,No Batch 2 approval or visual review inferred.
B2-LINK-00532,LY-HOT-000332,hotels,عمار او المجد للشقق الفندقية,hotel,IMG-478A75FE389CE980,assets/images/hotels/hotels-LY-HOTELS-00332-02.webp,gallery,true,true,thumbnail_only,IMG-715DEE9D948E5098,DUP-00082,existing_link,not_individually_verified,unknown,retain_candidate,true,No Batch 2 approval or visual review inferred.
B2-LINK-00533,LY-HOT-000332,hotels,عمار او المجد للشقق الفندقية,hotel,IMG-6FB3ED47055394F9,assets/images/hotels/hotels-LY-HOTELS-00332-03.webp,gallery,true,true,thumbnail_only,IMG-63A584C31DB9DCED,DUP-00064,existing_link,not_individually_verified,unknown,retain_candidate,true,No Batch 2 approval or visual review inferred.
B2-LINK-00534,LY-HOT-000333,hotels,فندق مزايا اجدابيا,hostel,IMG-D93EABF8C6526D6E,assets/images/hotels/hotels-LY-HOTELS-00333-01.webp,gallery,true,true,thumbnail_only,IMG-CCC9ACB679F36245,DUP-01377,existing_link,not_individually_verified,unknown,retain_candidate,true,No Batch 2 approval or visual review inferred.
B2-LINK-00535,LY-HOT-000333,hotels,فندق مزايا اجدابيا,hostel,IMG-9650D84044FB2212,assets/images/hotels/hotels-LY-HOTELS-00333-02.webp,gallery,true,true,thumbnail_only,IMG-3FAF275C99909A08,DUP-00726,existing_link,not_individually_verified,unknown,retain_candidate,true,No Batch 2 approval or visual review inferred.
B2-LINK-00536,LY-HOT-000333,hotels,فندق مزايا اجدابيا,hostel,IMG-1A943205EBD35574,assets/images/hotels/hotels-LY-HOTELS-00333-03.webp,gallery,true,true,thumbnail_only,,,existing_link,not_individually_verified,unknown,retain_candidate,true,No Batch 2 approval or visual review inferred.
B2-LINK-00537,LY-HOT-000334,hotels,فندق التوجان السياحي,hostel,IMG-35322FD32CA106B6,assets/images/hotels/hotels-LY-HOTELS-00334-01.webp,gallery,true,true,thumbnail_only,IMG-8E4C579EE177DF57,DUP-00582,existing_link,not_individually_verified,unknown,retain_candidate,true,No Batch 2 approval or visual review inferred.
B2-LINK-00538,LY-HOT-000334,hotels,فندق التوجان السياحي,hostel,IMG-2FC27CA00FB8E170,assets/images/hotels/hotels-LY-HOTELS-00334-02.webp,gallery,true,true,thumbnail_only,IMG-B5092D72CC509D85,DUP-00521,existing_link,not_individually_verified,unknown,retain_candidate,true,No Batch 2 approval or visual review inferred.
B2-LINK-00539,LY-HOT-000334,hotels,فندق التوجان السياحي,hostel,IMG-6D1A618DFDE331FF,assets/images/hotels/hotels-LY-HOTELS-00334-03.webp,gallery,true,true,thumbnail_only,IMG-E9F1BCC6C5669C3F,DUP-01099,existing_link,not_individually_verified,unknown,retain_candidate,true,No Batch 2 approval or visual review inferred.
B2-LINK-00540,LY-HOT-000335,hotels,نزل وقاعة الهاشمي,apartment_hotel,IMG-C99CB2EDA0546E4A,assets/images/hotels/hotels-LY-HOTELS-00335-01.webp,gallery,true,true,thumbnail_only,IMG-882914DCCBCD4B08,DUP-00455,existing_link,not_individually_verified,unknown,retain_candidate,true,No Batch 2 approval or visual review inferred.
B2-LINK-00541,LY-HOT-000336,hotels,نزل وقاعة زهرة الخليج,hostel,IMG-9B0A5BE0E41F60DC,assets/images/hotels/hotels-LY-HOTELS-00336-01.webp,gallery,true,true,thumbnail_only,IMG-66BACF4E74F7ABB8,DUP-01109,existing_link,not_individually_verified,unknown,retain_candidate,true,No Batch 2 approval or visual review inferred.
B2-LINK-00542,LY-HOT-000336,hotels,نزل وقاعة زهرة الخليج,hostel,IMG-918023070113E36D,assets/images/hotels/hotels-LY-HOTELS-00336-02.webp,gallery,true,true,thumbnail_only,IMG-EA74CD018069CC41,DUP-00817,existing_link,not_individually_verified,unknown,retain_candidate,true,No Batch 2 approval or visual review inferred.
B2-LINK-00543,LY-HOT-000336,hotels,نزل وقاعة زهرة الخليج,hostel,IMG-D2C79E8289A55521,assets/images/hotels/hotels-LY-HOTELS-00336-03.webp,gallery,true,true,thumbnail_only,IMG-6A12089167F1ECD8,DUP-00856,existing_link,not_individually_verified,unknown,retain_candidate,true,No Batch 2 approval or visual review inferred.
B2-LINK-00544,LY-HOT-000337,hotels,الهضبة للشقق الفندقية,apartment_hotel,IMG-8965EEC8E5FF047F,assets/images/hotels/hotels-LY-HOTELS-00337-01.webp,gallery,true,true,thumbnail_only,IMG-EEEE06A8EE8A5BBE,DUP-00951,existing_link,not_individually_verified,unknown,retain_candidate,true,No Batch 2 approval or visual review inferred.
B2-LINK-00545,LY-HOT-000337,hotels,الهضبة للشقق الفندقية,apartment_hotel,IMG-2AD93999221E6C56,assets/images/hotels/hotels-LY-HOTELS-00337-02.webp,gallery,true,true,thumbnail_only,IMG-C6A2708D8DBECDD5,DUP-01020,existing_link,not_individually_verified,unknown,retain_candidate,true,No Batch 2 approval or visual review inferred.
B2-LINK-00546,LY-HOT-000337,hotels,الهضبة للشقق الفندقية,apartment_hotel,IMG-05D89E17E705B6AD,assets/images/hotels/hotels-LY-HOTELS-00337-03.webp,gallery,true,true,thumbnail_only,IMG-54AF92C6F25948BB,DUP-00655,existing_link,not_individually_verified,unknown,retain_candidate,true,No Batch 2 approval or visual review inferred.
B2-LINK-00547,LY-HOT-000338,hotels,الامان للشقق الفندقية,apartment_hotel,IMG-500722E7A72A0CB8,assets/images/hotels/hotels-LY-HOTELS-00338-01.webp,gallery,true,true,thumbnail_only,IMG-D7CE0E4AF92A71CB,DUP-00222,existing_link,not_individually_verified,unknown,retain_candidate,true,No Batch 2 approval or visual review inferred.
B2-LINK-00548,LY-HOT-000338,hotels,الامان للشقق الفندقية,apartment_hotel,IMG-5B15B18E7D1312CE,assets/images/hotels/hotels-LY-HOTELS-00338-02.webp,gallery,true,true,thumbnail_only,IMG-793F70578237D880,DUP-00152,existing_link,not_individually_verified,unknown,retain_candidate,true,No Batch 2 approval or visual review inferred.
B2-LINK-00549,LY-HOT-000339,hotels,نزل ماريا MARIYA,apartment_hotel,IMG-85FF2A28B63234FE,assets/images/hotels/hotels-LY-HOTELS-00339-01.webp,gallery,true,true,thumbnail_only,IMG-AF253CDB6BCF82B9,DUP-00403,existing_link,not_individually_verified,unknown,retain_candidate,true,No Batch 2 approval or visual review inferred.
B2-LINK-00550,LY-HOT-000339,hotels,نزل ماريا MARIYA,apartment_hotel,IMG-7BA4D434DCD21836,assets/images/hotels/hotels-LY-HOTELS-00339-02.webp,gallery,true,true,thumbnail_only,IMG-6C0019D26EA04C31,DUP-00022,existing_link,not_individually_verified,unknown,retain_candidate,true,No Batch 2 approval or visual review inferred.
B2-LINK-00551,LY-HOT-000339,hotels,نزل ماريا MARIYA,apartment_hotel,IMG-B1C35746D8F31905,assets/images/hotels/hotels-LY-HOTELS-00339-03.webp,gallery,true,true,thumbnail_only,IMG-B7A27121DEC6BCAB,DUP-00730,existing_link,not_individually_verified,unknown,retain_candidate,true,No Batch 2 approval or visual review inferred.
B2-LINK-00552,LY-HOT-000340,hotels,فندق الرابطة,hostel,IMG-BD20E72787241A92,assets/images/hotels/hotels-LY-HOTELS-00340-01.webp,gallery,true,true,thumbnail_only,IMG-F9AC1761B241CDCE,DUP-00103,existing_link,not_individually_verified,unknown,retain_candidate,true,No Batch 2 approval or visual review inferred.
B2-LINK-00553,LY-HOT-000342,hotels,فندق غريان السياحي,hotel,IMG-4B76AA9E191EC586,assets/images/hotels/hotels-LY-HOTELS-00342-01.webp,gallery,true,true,thumbnail_only,IMG-E46FAAB47F3CCBB1,DUP-00404,existing_link,not_individually_verified,unknown,retain_candidate,true,No Batch 2 approval or visual review inferred.
B2-LINK-00554,LY-HOT-000342,hotels,فندق غريان السياحي,hotel,IMG-790F7D11A0C954E3,assets/images/hotels/hotels-LY-HOTELS-00342-02.webp,gallery,true,true,thumbnail_only,IMG-769F03D270A0C913,DUP-00112,existing_link,not_individually_verified,unknown,retain_candidate,true,No Batch 2 approval or visual review inferred.
B2-LINK-00555,LY-HOT-000342,hotels,فندق غريان السياحي,hotel,IMG-18E850A1CC9F300A,assets/images/hotels/hotels-LY-HOTELS-00342-03.webp,gallery,true,true,thumbnail_only,IMG-75D9C2C63F03B18A,DUP-00391,existing_link,not_individually_verified,unknown,retain_candidate,true,No Batch 2 approval or visual review inferred.
B2-LINK-00556,LY-HOT-000343,hotels,فندق روايال غريان,hostel,IMG-B2F0F8C95D27D07E,assets/images/hotels/hotels-LY-HOTELS-00343-01.webp,gallery,true,true,thumbnail_only,IMG-99A77748F15BA271,DUP-00336,existing_link,not_individually_verified,unknown,retain_candidate,true,No Batch 2 approval or visual review inferred.
B2-LINK-00557,LY-HOT-000343,hotels,فندق روايال غريان,hostel,IMG-C82F630154408DD2,assets/images/hotels/hotels-LY-HOTELS-00343-02.webp,gallery,true,true,thumbnail_only,IMG-1AB064F7E858BA50,DUP-00564,existing_link,not_individually_verified,unknown,retain_candidate,true,No Batch 2 approval or visual review inferred.
B2-LINK-00558,LY-HOT-000343,hotels,فندق روايال غريان,hostel,IMG-B763B0A4F348044A,assets/images/hotels/hotels-LY-HOTELS-00343-03.webp,gallery,true,true,thumbnail_only,IMG-D390AF586B66A4F9,DUP-00942,existing_link,not_individually_verified,unknown,retain_candidate,true,No Batch 2 approval or visual review inferred.
B2-LINK-00559,LY-HOT-000343,hotels,فندق روايال غريان,hostel,IMG-A1F09EB8D6EA4DD5,assets/images/hotels/hotels-LY-HOTELS-00343-04.webp,gallery,true,true,thumbnail_only,IMG-4F45A1A2AFC0B0B0,DUP-00956,existing_link,not_individually_verified,unknown,retain_candidate,true,No Batch 2 approval or visual review inferred.
B2-LINK-00560,LY-HOT-000344,hotels,فندق حوش بوغنوش,hotel,IMG-A99658DB11939621,assets/images/hotels/hotels-LY-HOTELS-00344-01.webp,gallery,true,true,thumbnail_only,IMG-6F6E80FA1C398EEC,DUP-00024,existing_link,not_individually_verified,unknown,retain_candidate,true,No Batch 2 approval or visual review inferred.
B2-LINK-00561,LY-HOT-000344,hotels,فندق حوش بوغنوش,hotel,IMG-59CAA4DB79A59BCF,assets/images/hotels/hotels-LY-HOTELS-00344-02.webp,gallery,true,true,thumbnail_only,IMG-1C44E65D0B391EE1,DUP-00227,existing_link,not_individually_verified,unknown,retain_candidate,true,No Batch 2 approval or visual review inferred.
B2-LINK-00562,LY-HOT-000344,hotels,فندق حوش بوغنوش,hotel,IMG-02024DA4745BCCB7,assets/images/hotels/hotels-LY-HOTELS-00344-03.webp,gallery,true,true,thumbnail_only,IMG-2E6B0BC5B271F621,DUP-00837,existing_link,not_individually_verified,unknown,retain_candidate,true,No Batch 2 approval or visual review inferred.
B2-LINK-00563,LY-HOT-000344,hotels,فندق حوش بوغنوش,hotel,IMG-75CC2F7978CB4140,assets/images/hotels/hotels-LY-HOTELS-00344-04.webp,gallery,true,true,thumbnail_only,IMG-3B8C0CB60714ED5B,DUP-00752,existing_link,not_individually_verified,unknown,retain_candidate,true,No Batch 2 approval or visual review inferred.
B2-LINK-00564,LY-HOT-000345,hotels,فندق اللؤلؤة السياحي البضاء,hotel,IMG-C1997F4EB6ECAB93,assets/images/hotels/hotels-LY-HOTELS-00345-01.webp,gallery,true,true,thumbnail_only,IMG-BEF1F2F1E807EA48,DUP-00700,existing_link,not_individually_verified,unknown,retain_candidate,true,No Batch 2 approval or visual review inferred.
B2-LINK-00565,LY-HOT-000345,hotels,فندق اللؤلؤة السياحي البضاء,hotel,IMG-F184080C2E496B05,assets/images/hotels/hotels-LY-HOTELS-00345-02.webp,gallery,true,true,thumbnail_only,IMG-67676277997A687B,DUP-00288,existing_link,not_individually_verified,unknown,retain_candidate,true,No Batch 2 approval or visual review inferred.
B2-LINK-00566,LY-HOT-000345,hotels,فندق اللؤلؤة السياحي البضاء,hotel,IMG-5875E6DDBB7440C2,assets/images/hotels/hotels-LY-HOTELS-00345-03.webp,gallery,true,true,thumbnail_only,IMG-7A5BB67D81637BF8,DUP-00266,existing_link,not_individually_verified,unknown,retain_candidate,true,No Batch 2 approval or visual review inferred.
B2-LINK-00567,LY-HOT-000345,hotels,فندق اللؤلؤة السياحي البضاء,hotel,IMG-9C201294D2C9C54F,assets/images/hotels/hotels-LY-HOTELS-00345-04.webp,gallery,true,true,thumbnail_only,IMG-2082243388C534FA,DUP-00887,existing_link,not_individually_verified,unknown,retain_candidate,true,No Batch 2 approval or visual review inferred.
B2-LINK-00568,LY-HOT-000346,hotels,فندق لؤلؤة الخليج البيضاء,hotel,IMG-5875E6DDBB7440C2,assets/images/hotels/hotels-LY-HOTELS-00345-03.webp,gallery,true,true,thumbnail_only,IMG-7A5BB67D81637BF8,DUP-00266,existing_link,not_individually_verified,unknown,retain_candidate,true,No Batch 2 approval or visual review inferred.
B2-LINK-00569,LY-HOT-000346,hotels,فندق لؤلؤة الخليج البيضاء,hotel,IMG-C1997F4EB6ECAB93,assets/images/hotels/hotels-LY-HOTELS-00345-01.webp,gallery,true,true,thumbnail_only,IMG-BEF1F2F1E807EA48,DUP-00700,existing_link,not_individually_verified,unknown,retain_candidate,true,No Batch 2 approval or visual review inferred.
B2-LINK-00570,LY-HOT-000346,hotels,فندق لؤلؤة الخليج البيضاء,hotel,IMG-9C201294D2C9C54F,assets/images/hotels/hotels-LY-HOTELS-00345-04.webp,gallery,true,true,thumbnail_only,IMG-2082243388C534FA,DUP-00887,existing_link,not_individually_verified,unknown,retain_candidate,true,No Batch 2 approval or visual review inferred.
B2-LINK-00571,LY-HOT-000346,hotels,فندق لؤلؤة الخليج البيضاء,hotel,IMG-F184080C2E496B05,assets/images/hotels/hotels-LY-HOTELS-00345-02.webp,gallery,true,true,thumbnail_only,IMG-67676277997A687B,DUP-00288,existing_link,not_individually_verified,unknown,retain_candidate,true,No Batch 2 approval or visual review inferred.
B2-LINK-00572,LY-HOT-000349,hotels,النوران_ للشقق_الفندقية,hostel,IMG-65F952AC1826FCC9,assets/images/hotels/hotels-LY-HOTELS-00349-01.webp,gallery,true,true,thumbnail_only,IMG-6E08B25C96998D68,DUP-01242,existing_link,not_individually_verified,unknown,retain_candidate,true,No Batch 2 approval or visual review inferred.
B2-LINK-00573,LY-HOT-000349,hotels,النوران_ للشقق_الفندقية,hostel,IMG-D4D2F96301A9A4EA,assets/images/hotels/hotels-LY-HOTELS-00349-02.webp,gallery,true,true,thumbnail_only,IMG-73C8C74FF4EDD633,DUP-01005,existing_link,not_individually_verified,unknown,retain_candidate,true,No Batch 2 approval or visual review inferred.
B2-LINK-00574,LY-HOT-000349,hotels,النوران_ للشقق_الفندقية,hostel,IMG-D00A698E1C90CE23,assets/images/hotels/hotels-LY-HOTELS-00349-03.webp,gallery,true,true,thumbnail_only,IMG-76CA5C810D37CB5E,DUP-01169,existing_link,not_individually_verified,unknown,retain_candidate,true,No Batch 2 approval or visual review inferred.
B2-LINK-00575,LY-HOT-000349,hotels,النوران_ للشقق_الفندقية,hostel,IMG-A0DA45B95E90E4CC,assets/images/hotels/hotels-LY-HOTELS-00349-04.webp,gallery,true,true,thumbnail_only,IMG-47F9DC086DF34079,DUP-00128,existing_link,not_individually_verified,unknown,retain_candidate,true,No Batch 2 approval or visual review inferred.
B2-LINK-00576,LY-HOT-000352,hotels,فندق اية الجبل البيضاء,apartment_hotel,IMG-2986C5A66BB26BE3,assets/images/hotels/hotels-LY-HOTELS-00352-01.webp,gallery,true,true,thumbnail_only,IMG-E3EC8DB4F82EDA83,DUP-00071,existing_link,not_individually_verified,unknown,retain_candidate,true,No Batch 2 approval or visual review inferred.
B2-LINK-00577,LY-HOT-000352,hotels,فندق اية الجبل البيضاء,apartment_hotel,IMG-7A84D70272A125FE,assets/images/hotels/hotels-LY-HOTELS-00352-02.webp,gallery,true,true,thumbnail_only,IMG-885587A60111962A,DUP-00265,existing_link,not_individually_verified,unknown,retain_candidate,true,No Batch 2 approval or visual review inferred.
B2-LINK-00578,LY-HOT-000352,hotels,فندق اية الجبل البيضاء,apartment_hotel,IMG-6482650DD2DD3DBE,assets/images/hotels/hotels-LY-HOTELS-00352-03.webp,gallery,true,true,thumbnail_only,IMG-0F31D4D6A3CF57CD,DUP-00315,existing_link,not_individually_verified,unknown,retain_candidate,true,No Batch 2 approval or visual review inferred.
B2-LINK-00579,LY-HOT-000355,hotels,فندق برونتو البيضاء,apartment_hotel,IMG-CCB429063BDA2EAE,assets/images/hotels/hotels-LY-HOTELS-00355-01.webp,gallery,true,true,thumbnail_only,IMG-9309D223CFC81510,DUP-00218,existing_link,not_individually_verified,unknown,retain_candidate,true,No Batch 2 approval or visual review inferred.
B2-LINK-00580,LY-HOT-000355,hotels,فندق برونتو البيضاء,apartment_hotel,IMG-9AB6202770CE3269,assets/images/hotels/hotels-LY-HOTELS-00355-02.webp,gallery,true,true,thumbnail_only,,,existing_link,not_individually_verified,unknown,retain_candidate,true,No Batch 2 approval or visual review inferred.
B2-LINK-00581,LY-HOT-000356,hotels,عمارة الجوري للشقق الفندقية,hotel,IMG-17E2B625E5E1BCA6,assets/images/hotels/hotels-LY-HOTELS-00356-01.webp,gallery,true,true,thumbnail_only,IMG-ED140BC6281F6CDD,DUP-00424,existing_link,not_individually_verified,unknown,retain_candidate,true,No Batch 2 approval or visual review inferred.
B2-LINK-00582,LY-HOT-000356,hotels,عمارة الجوري للشقق الفندقية,hotel,IMG-405BE1E74FF306FD,assets/images/hotels/hotels-LY-HOTELS-00356-02.webp,gallery,true,true,thumbnail_only,IMG-B7CCA87F5F3244B1,DUP-00411,existing_link,not_individually_verified,unknown,retain_candidate,true,No Batch 2 approval or visual review inferred.
B2-LINK-00583,LY-HOT-000356,hotels,عمارة الجوري للشقق الفندقية,hotel,IMG-2F979455A5BC73CF,assets/images/hotels/hotels-LY-HOTELS-00356-03.webp,gallery,true,true,thumbnail_only,IMG-DA43C64370BC4312,DUP-00138,existing_link,not_individually_verified,unknown,retain_candidate,true,No Batch 2 approval or visual review inferred.
B2-LINK-00584,LY-HOT-000357,hotels,فندق العنود البيضاء,apartment_hotel,IMG-819089A3F33FB55C,assets/images/hotels/hotels-LY-HOTELS-00009-01.webp,gallery,true,true,thumbnail_only,IMG-E8A0ACB419E446F1,DUP-01222,existing_link,not_individually_verified,unknown,retain_candidate,true,No Batch 2 approval or visual review inferred.
B2-LINK-00585,LY-HOT-000357,hotels,فندق العنود البيضاء,apartment_hotel,IMG-8302B3A52AE6F475,assets/images/hotels/hotels-LY-HOTELS-00009-02.webp,gallery,true,true,thumbnail_only,IMG-8E0A80A036FBC349,DUP-00426,existing_link,not_individually_verified,unknown,retain_candidate,true,No Batch 2 approval or visual review inferred.
B2-LINK-00586,LY-HOT-000357,hotels,فندق العنود البيضاء,apartment_hotel,IMG-EEB18273A9500148,assets/images/hotels/hotels-LY-HOTELS-00357-03.webp,gallery,true,true,thumbnail_only,IMG-34104F81BF6CE505,DUP-00075,existing_link,not_individually_verified,unknown,retain_candidate,true,No Batch 2 approval or visual review inferred.
B2-LINK-00587,LY-HOT-000357,hotels,فندق العنود البيضاء,apartment_hotel,IMG-82C167B4829EAAA1,assets/images/hotels/hotels-LY-HOTELS-00357-04.webp,gallery,true,true,thumbnail_only,IMG-C2F4354A20CAD40F,DUP-00929,existing_link,not_individually_verified,unknown,retain_candidate,true,No Batch 2 approval or visual review inferred.
B2-LINK-00588,LY-HOT-000357,hotels,فندق العنود البيضاء,apartment_hotel,IMG-FD6EA876E164F0F3,assets/images/hotels/hotels-LY-HOTELS-00357-05.webp,gallery,true,true,thumbnail_only,IMG-0586F61ED5F9CC12,DUP-00928,existing_link,not_individually_verified,unknown,retain_candidate,true,No Batch 2 approval or visual review inferred.
B2-LINK-00589,LY-HOT-000357,hotels,فندق العنود البيضاء,apartment_hotel,IMG-C5531C011FEE4352,assets/images/hotels/hotels-LY-HOTELS-00357-06.webp,gallery,true,true,thumbnail_only,IMG-57B591969D8F5DF0,DUP-00999,existing_link,not_individually_verified,unknown,retain_candidate,true,No Batch 2 approval or visual review inferred.
B2-LINK-00590,LY-HOT-000357,hotels,فندق العنود البيضاء,apartment_hotel,IMG-EE01B6F326C00582,assets/images/hotels/hotels-LY-HOTELS-00357-07.webp,gallery,true,true,thumbnail_only,IMG-E4CFE257A036CE2E,DUP-00795,existing_link,not_individually_verified,unknown,retain_candidate,true,No Batch 2 approval or visual review inferred.
B2-LINK-00591,LY-HOT-000358,hotels,فندق الفردوس للشقق الفندقية,apartment_hotel,IMG-14245C39708E3BCD,assets/images/hotels/hotels-LY-HOTELS-00358-01.webp,gallery,true,true,thumbnail_only,IMG-9975F81187555CC5,DUP-00908,existing_link,not_individually_verified,unknown,retain_candidate,true,No Batch 2 approval or visual review inferred.
B2-LINK-00592,LY-HOT-000358,hotels,فندق الفردوس للشقق الفندقية,apartment_hotel,IMG-C84B8E2B43FA41C1,assets/images/hotels/hotels-LY-HOTELS-00358-02.webp,gallery,true,true,thumbnail_only,IMG-DCBDD7512162DA32,DUP-01315,existing_link,not_individually_verified,unknown,retain_candidate,true,No Batch 2 approval or visual review inferred.
B2-LINK-00593,LY-HOT-000358,hotels,فندق الفردوس للشقق الفندقية,apartment_hotel,IMG-206B2BD021243154,assets/images/hotels/hotels-LY-HOTELS-00358-03.webp,gallery,true,true,thumbnail_only,IMG-C550FE14553F1C12,DUP-00331,existing_link,not_individually_verified,unknown,retain_candidate,true,No Batch 2 approval or visual review inferred.
B2-LINK-00594,LY-HOT-000358,hotels,فندق الفردوس للشقق الفندقية,apartment_hotel,IMG-6A36492B9912687D,assets/images/hotels/hotels-LY-HOTELS-00358-04.webp,gallery,true,true,thumbnail_only,IMG-FD7B1FF0BA693632,DUP-01274,existing_link,not_individually_verified,unknown,retain_candidate,true,No Batch 2 approval or visual review inferred.
B2-LINK-00595,LY-HOT-000360,hotels,فندق مرحبا للخدمات السياحية,hotel,IMG-BACA013556C590D9,assets/images/hotels/hotels-LY-HOTELS-00360-01.webp,gallery,true,true,thumbnail_only,IMG-B0AD9CF0FB43F42C,DUP-00362,existing_link,not_individually_verified,unknown,retain_candidate,true,No Batch 2 approval or visual review inferred.
B2-LINK-00596,LY-HOT-000360,hotels,فندق مرحبا للخدمات السياحية,hotel,IMG-A9D9F68797342079,assets/images/hotels/hotels-LY-HOTELS-00360-02.webp,gallery,true,true,thumbnail_only,IMG-05A1B82B7873D4B7,DUP-00276,existing_link,not_individually_verified,unknown,retain_candidate,true,No Batch 2 approval or visual review inferred.
B2-LINK-00597,LY-HOT-000360,hotels,فندق مرحبا للخدمات السياحية,hotel,IMG-52C9BB204D7550B6,assets/images/hotels/hotels-LY-HOTELS-00360-03.webp,gallery,true,true,thumbnail_only,IMG-C6129DC49931CCF1,DUP-00345,existing_link,not_individually_verified,unknown,retain_candidate,true,No Batch 2 approval or visual review inferred.
B2-LINK-00598,LY-HOT-000360,hotels,فندق مرحبا للخدمات السياحية,hotel,IMG-85C4E7AEA7A4F026,assets/images/hotels/hotels-LY-HOTELS-00360-04.webp,gallery,true,true,thumbnail_only,IMG-C6376874E5A82435,DUP-00129,existing_link,not_individually_verified,unknown,retain_candidate,true,No Batch 2 approval or visual review inferred.
B2-LINK-00599,LY-HOT-000360,hotels,فندق مرحبا للخدمات السياحية,hotel,IMG-F4B8FFE97A4BFD32,assets/images/hotels/hotels-LY-HOTELS-00360-05.webp,gallery,true,true,thumbnail_only,IMG-90E67291BA2B4382,DUP-00235,existing_link,not_individually_verified,unknown,retain_candidate,true,No Batch 2 approval or visual review inferred.
B2-LINK-00600,LY-HOT-000361,hotels,عمارة اضواء ليبيا للشقق الفندقية البيضاء,hotel,IMG-9BF85753F3D4472A,assets/images/hotels/hotels-LY-HOTELS-00361-01.webp,gallery,true,true,thumbnail_only,IMG-623A6611F4B7698B,DUP-00380,existing_link,not_individually_verified,unknown,retain_candidate,true,No Batch 2 approval or visual review inferred.
B2-LINK-00601,LY-HOT-000361,hotels,عمارة اضواء ليبيا للشقق الفندقية البيضاء,hotel,IMG-B9A4D03A110893D0,assets/images/hotels/hotels-LY-HOTELS-00361-02.webp,gallery,true,true,thumbnail_only,IMG-12D92CE567446325,DUP-00334,existing_link,not_individually_verified,unknown,retain_candidate,true,No Batch 2 approval or visual review inferred.
B2-LINK-00602,LY-HOT-000361,hotels,عمارة اضواء ليبيا للشقق الفندقية البيضاء,hotel,IMG-62AD16C7ABAA686D,assets/images/hotels/hotels-LY-HOTELS-00361-03.webp,gallery,true,true,thumbnail_only,IMG-57E6F98A5BE94E96,DUP-00915,existing_link,not_individually_verified,unknown,retain_candidate,true,No Batch 2 approval or visual review inferred.
B2-LINK-00603,LY-HOT-000361,hotels,عمارة اضواء ليبيا للشقق الفندقية البيضاء,hotel,IMG-1131B410A32F4F78,assets/images/hotels/hotels-LY-HOTELS-00361-04.webp,gallery,true,true,thumbnail_only,IMG-1E97975287D8FFB0,DUP-00307,existing_link,not_individually_verified,unknown,retain_candidate,true,No Batch 2 approval or visual review inferred.
B2-LINK-00604,LY-HOT-000363,hotels,فندق المرقب السياحي الخمس,hostel,IMG-0457C54827D282C9,assets/images/hotels/hotels-LY-HOTELS-00363-01.webp,gallery,true,true,thumbnail_only,IMG-B13C3832364395E2,DUP-00294,existing_link,not_individually_verified,unknown,retain_candidate,true,No Batch 2 approval or visual review inferred.
B2-LINK-00605,LY-HOT-000363,hotels,فندق المرقب السياحي الخمس,hostel,IMG-4C8C32AE540C15ED,assets/images/hotels/hotels-LY-HOTELS-00363-02.webp,gallery,true,true,thumbnail_only,IMG-55AB7AD3D334EEE8,DUP-00342,existing_link,not_individually_verified,unknown,retain_candidate,true,No Batch 2 approval or visual review inferred.
B2-LINK-00606,LY-HOT-000364,hotels,فندق التوليب السياحي الخمس,apartment_hotel,IMG-BDD22CBAB3D84BB7,assets/images/hotels/hotels-LY-HOTELS-00364-01.webp,gallery,true,true,thumbnail_only,IMG-D11FAF6F6E87CFB4,DUP-00039,existing_link,not_individually_verified,unknown,retain_candidate,true,No Batch 2 approval or visual review inferred.
B2-LINK-00607,LY-HOT-000364,hotels,فندق التوليب السياحي الخمس,apartment_hotel,IMG-443869629AE0FEB1,assets/images/hotels/hotels-LY-HOTELS-00364-02.webp,gallery,true,true,thumbnail_only,IMG-37C2D55A1E544760,DUP-00060,existing_link,not_individually_verified,unknown,retain_candidate,true,No Batch 2 approval or visual review inferred.
B2-LINK-00608,LY-HOT-000364,hotels,فندق التوليب السياحي الخمس,apartment_hotel,IMG-2B18AF26FEFDDF4B,assets/images/hotels/hotels-LY-HOTELS-00364-03.webp,gallery,true,true,thumbnail_only,IMG-AA5B323EDDF93F18,DUP-00695,existing_link,not_individually_verified,unknown,retain_candidate,true,No Batch 2 approval or visual review inferred.
B2-LINK-00609,LY-HOT-000364,hotels,فندق التوليب السياحي الخمس,apartment_hotel,IMG-5E393C22A33C71B1,assets/images/hotels/hotels-LY-HOTELS-00364-05.webp,gallery,true,true,thumbnail_only,IMG-36EC81367EA82151,DUP-00523,existing_link,not_individually_verified,unknown,retain_candidate,true,No Batch 2 approval or visual review inferred.
B2-LINK-00610,LY-HOT-000364,hotels,فندق التوليب السياحي الخمس,apartment_hotel,IMG-DA79B881A04433E1,assets/images/hotels/hotels-LY-HOTELS-00364-06.webp,gallery,true,true,thumbnail_only,IMG-090FD2A9AA2E88D9,DUP-00615,existing_link,not_individually_verified,unknown,retain_candidate,true,No Batch 2 approval or visual review inferred.
B2-LINK-00611,LY-HOT-000365,hotels,فندق بيت سباب الخمس,hotel,IMG-6DE54E582E1827F9,assets/images/hotels/hotels-LY-HOTELS-00365-01.webp,gallery,true,true,thumbnail_only,IMG-53FEC56240658906,DUP-00926,existing_link,not_individually_verified,unknown,retain_candidate,true,No Batch 2 approval or visual review inferred.
B2-LINK-00612,LY-HOT-000366,hotels,فندق الاخوة السياحي الخمس,hotel,IMG-0AD416076AE4E41A,assets/images/hotels/hotels-LY-HOTELS-00366-01.webp,gallery,true,true,high,IMG-B43053CBB4A73052,DUP-00640,existing_link,not_individually_verified,unknown,retain_candidate,true,No Batch 2 approval or visual review inferred.
B2-LINK-00613,LY-HOT-000366,hotels,فندق الاخوة السياحي الخمس,hotel,IMG-E221B5515F375471,assets/images/hotels/hotels-LY-HOTELS-00366-02.webp,gallery,true,true,high,IMG-7FDEFEDEA193BDAF,DUP-00441,existing_link,not_individually_verified,unknown,retain_candidate,true,No Batch 2 approval or visual review inferred.
B2-LINK-00614,LY-HOT-000366,hotels,فندق الاخوة السياحي الخمس,hotel,IMG-56BA5FDD0E35F3FE,assets/images/hotels/hotels-LY-HOTELS-00366-03.webp,gallery,true,true,acceptable,IMG-688D92398DEF8AB4,DUP-01148,existing_link,not_individually_verified,unknown,retain_candidate,true,No Batch 2 approval or visual review inferred.
B2-LINK-00615,LY-HOT-000375,hotels,فندق الخليج,hostel,IMG-3689B35FCE5A7ED0,assets/images/hotels/hotels-LY-HOTELS-00375-01.webp,gallery,true,true,thumbnail_only,IMG-009FCBE892318CFC,DUP-00488,existing_link,not_individually_verified,unknown,retain_candidate,true,No Batch 2 approval or visual review inferred.
B2-LINK-00616,LY-HOT-000375,hotels,فندق الخليج,hostel,IMG-22E9F6FFF329E93F,assets/images/hotels/hotels-LY-HOTELS-00375-02.webp,gallery,true,true,thumbnail_only,IMG-E984F510A61FD12B,DUP-00491,existing_link,not_individually_verified,unknown,retain_candidate,true,No Batch 2 approval or visual review inferred.
B2-LINK-00617,LY-HOT-000376,hotels,فندق أضواء قرطاج,hotel,IMG-1BD693AB20394DC5,assets/images/hotels/hotels-LY-HOTELS-00376-01.webp,gallery,true,true,thumbnail_only,IMG-CCFE684B5BBCEC7A,DUP-00723,existing_link,not_individually_verified,unknown,retain_candidate,true,No Batch 2 approval or visual review inferred.
B2-LINK-00618,LY-HOT-000376,hotels,فندق أضواء قرطاج,hotel,IMG-AB3527CF76AB35DF,assets/images/hotels/hotels-LY-HOTELS-00376-03.webp,gallery,true,true,thumbnail_only,IMG-C3812DBA9CB3CA8B,DUP-01269,existing_link,not_individually_verified,unknown,retain_candidate,true,No Batch 2 approval or visual review inferred.
B2-LINK-00619,LY-HOT-000376,hotels,فندق أضواء قرطاج,hotel,IMG-F9FA19E9905110FD,assets/images/hotels/hotels-LY-HOTELS-00376-04.webp,gallery,true,true,thumbnail_only,IMG-B10F334A01F52BC3,DUP-01071,existing_link,not_individually_verified,unknown,retain_candidate,true,No Batch 2 approval or visual review inferred.
B2-LINK-00620,LY-HOT-000377,hotels,فندق اجنحة قرطاج,hotel,IMG-6569E1B0BB8E0782,assets/images/hotels/hotels-LY-HOTELS-00377-01.webp,gallery,true,true,thumbnail_only,IMG-FA780C750B848E8D,DUP-01394,existing_link,not_individually_verified,unknown,retain_candidate,true,No Batch 2 approval or visual review inferred.
B2-LINK-00621,LY-HOT-000377,hotels,فندق اجنحة قرطاج,hotel,IMG-6E1D65E37BCA7425,assets/images/hotels/hotels-LY-HOTELS-00377-02.webp,gallery,true,true,thumbnail_only,IMG-B5005A4AC1EF5137,DUP-01353,existing_link,not_individually_verified,unknown,retain_candidate,true,No Batch 2 approval or visual review inferred.
B2-LINK-00622,LY-HOT-000378,hotels,فندق الباشا,hotel,IMG-ED83FCE5201AF85C,assets/images/hotels/hotels-LY-HOTELS-00378-01.webp,gallery,true,true,thumbnail_only,IMG-CCCFE0B970F832F5,DUP-01309,existing_link,not_individually_verified,unknown,retain_candidate,true,No Batch 2 approval or visual review inferred.
B2-LINK-00623,LY-HOT-000378,hotels,فندق الباشا,hotel,IMG-33039808F7CC5F0E,assets/images/hotels/hotels-LY-HOTELS-00378-02.webp,gallery,true,true,thumbnail_only,IMG-F1DD3F607A03565D,DUP-00668,existing_link,not_individually_verified,unknown,retain_candidate,true,No Batch 2 approval or visual review inferred.
B2-LINK-00624,LY-HOT-000378,hotels,فندق الباشا,hotel,IMG-FB4CF0D0ACBE819B,assets/images/hotels/hotels-LY-HOTELS-00378-03.webp,gallery,true,true,thumbnail_only,IMG-881DC28C18EA12FA,DUP-00407,existing_link,not_individually_verified,unknown,retain_candidate,true,No Batch 2 approval or visual review inferred.
B2-LINK-00625,LY-HOT-000378,hotels,فندق الباشا,hotel,IMG-275DAAC75F7C9E6B,assets/images/hotels/hotels-LY-HOTELS-00378-04.webp,gallery,true,true,thumbnail_only,IMG-9A401C227CE9565C,DUP-01282,existing_link,not_individually_verified,unknown,retain_candidate,true,No Batch 2 approval or visual review inferred.
B2-LINK-00626,LY-HOT-000379,hotels,دار السلام للشقق الفندقية,hotel,IMG-65EB7AC18CE64A22,assets/images/hotels/hotels-LY-HOTELS-00379-01.webp,gallery,true,true,thumbnail_only,IMG-5E477A1F8A6E89A1,DUP-00197,existing_link,not_individually_verified,unknown,retain_candidate,true,No Batch 2 approval or visual review inferred.
B2-LINK-00627,LY-HOT-000379,hotels,دار السلام للشقق الفندقية,hotel,IMG-1D7B7312A1F19B84,assets/images/hotels/hotels-LY-HOTELS-00379-02.webp,gallery,true,true,thumbnail_only,IMG-B47B5EE9D890D17F,DUP-00397,existing_link,not_individually_verified,unknown,retain_candidate,true,No Batch 2 approval or visual review inferred.
B2-LINK-00628,LY-HOT-000379,hotels,دار السلام للشقق الفندقية,hotel,IMG-9F672BE6CC4BD603,assets/images/hotels/hotels-LY-HOTELS-00379-03.webp,gallery,true,true,thumbnail_only,IMG-23DDDA140449478A,DUP-01074,existing_link,not_individually_verified,unknown,retain_candidate,true,No Batch 2 approval or visual review inferred.
B2-LINK-00629,LY-HOT-000379,hotels,دار السلام للشقق الفندقية,hotel,IMG-FA23047A0D110308,assets/images/hotels/hotels-LY-HOTELS-00379-04.webp,gallery,true,true,thumbnail_only,IMG-B5CE7A7C8904E839,DUP-00126,existing_link,not_individually_verified,unknown,retain_candidate,true,No Batch 2 approval or visual review inferred.
B2-LINK-00630,LY-HOT-000380,hotels,فندق نيو سيتي,hotel,IMG-E9E5D5D57BE0E74A,assets/images/hotels/hotels-LY-HOTELS-00380-01.webp,gallery,true,true,thumbnail_only,IMG-85C063D8E242F238,DUP-00827,existing_link,not_individually_verified,unknown,retain_candidate,true,No Batch 2 approval or visual review inferred.
B2-LINK-00631,LY-HOT-000380,hotels,فندق نيو سيتي,hotel,IMG-BCE93E6E0C6503D7,assets/images/hotels/hotels-LY-HOTELS-00380-02.webp,gallery,true,true,thumbnail_only,IMG-D01009156C00CAC9,DUP-00916,existing_link,not_individually_verified,unknown,retain_candidate,true,No Batch 2 approval or visual review inferred.
B2-LINK-00632,LY-HOT-000380,hotels,فندق نيو سيتي,hotel,IMG-1D1D952B1952637D,assets/images/hotels/hotels-LY-HOTELS-00380-03.webp,gallery,true,true,thumbnail_only,IMG-41905740C2094CB8,DUP-00968,existing_link,not_individually_verified,unknown,retain_candidate,true,No Batch 2 approval or visual review inferred.
B2-LINK-00633,LY-HOT-000384,hotels,فندق جولف,hotel,IMG-666F1656E7D3A85E,assets/images/hotels/hotels-LY-HOTELS-00384-01.webp,gallery,true,true,thumbnail_only,IMG-16B5AE44B2B3A4BB,DUP-01189,existing_link,not_individually_verified,unknown,retain_candidate,true,No Batch 2 approval or visual review inferred.
B2-LINK-00634,LY-HOT-000384,hotels,فندق جولف,hotel,IMG-045ED2A29F025401,assets/images/hotels/hotels-LY-HOTELS-00384-02.webp,gallery,true,true,thumbnail_only,IMG-01133BB704D5AB5F,DUP-01286,existing_link,not_individually_verified,unknown,retain_candidate,true,No Batch 2 approval or visual review inferred.
B2-LINK-00635,LY-HOT-000384,hotels,فندق جولف,hotel,IMG-5378D569B2869AD8,assets/images/hotels/hotels-LY-HOTELS-00384-03.webp,gallery,true,true,thumbnail_only,IMG-AAA887CDCDBAEB72,DUP-00663,existing_link,not_individually_verified,unknown,retain_candidate,true,No Batch 2 approval or visual review inferred.
B2-LINK-00636,LY-HOT-000384,hotels,فندق جولف,hotel,IMG-50BD94CC7D9A2805,assets/images/hotels/hotels-LY-HOTELS-00384-04.webp,gallery,true,true,thumbnail_only,IMG-03AAE90324E2C728,DUP-01245,existing_link,not_individually_verified,unknown,retain_candidate,true,No Batch 2 approval or visual review inferred.
B2-LINK-00637,LY-HOT-000385,hotels,فندق زهرة الشمس,hotel,IMG-D7133115A485D29B,assets/images/hotels/hotels-LY-HOTELS-00385-01.webp,gallery,true,true,thumbnail_only,IMG-200BAB60F0A18FCA,DUP-00119,existing_link,not_individually_verified,unknown,retain_candidate,true,No Batch 2 approval or visual review inferred.
B2-LINK-00638,LY-HOT-000385,hotels,فندق زهرة الشمس,hotel,IMG-00BAACA1DFDE3D00,assets/images/hotels/hotels-LY-HOTELS-00385-02.webp,gallery,true,true,thumbnail_only,IMG-9B8F6932EF47F6EB,DUP-00720,existing_link,not_individually_verified,unknown,retain_candidate,true,No Batch 2 approval or visual review inferred.
B2-LINK-00639,LY-HOT-000386,hotels,فندق سنترو,hotel,IMG-BB1EDEC4DA9BCC9F,assets/images/hotels/hotels-LY-HOTELS-00386-01.webp,gallery,true,true,thumbnail_only,IMG-D8F8879D56CD066C,DUP-01145,existing_link,not_individually_verified,unknown,retain_candidate,true,No Batch 2 approval or visual review inferred.
B2-LINK-00640,LY-HOT-000386,hotels,فندق سنترو,hotel,IMG-9797509CCEAA54E1,assets/images/hotels/hotels-LY-HOTELS-00386-03.webp,gallery,true,true,thumbnail_only,IMG-8C8E4A209413028E,DUP-00318,existing_link,not_individually_verified,unknown,retain_candidate,true,No Batch 2 approval or visual review inferred.
B2-LINK-00641,LY-HOT-000388,hotels,فندق كيان 2,hostel,IMG-A1754166EF9651FE,assets/images/hotels/hotels-LY-HOTELS-00388-01.webp,gallery,true,true,thumbnail_only,IMG-B3423DCCF6AED163,DUP-01257,existing_link,not_individually_verified,unknown,retain_candidate,true,No Batch 2 approval or visual review inferred.
B2-LINK-00642,LY-HOT-000388,hotels,فندق كيان 2,hostel,IMG-F1AA7DDEAF4A747A,assets/images/hotels/hotels-LY-HOTELS-00388-02.webp,gallery,true,true,thumbnail_only,IMG-6E019BF08547698B,DUP-00772,existing_link,not_individually_verified,unknown,retain_candidate,true,No Batch 2 approval or visual review inferred.
B2-LINK-00643,LY-HOT-000388,hotels,فندق كيان 2,hostel,IMG-5EA48FFFBC5F2D08,assets/images/hotels/hotels-LY-HOTELS-00388-03.webp,gallery,true,true,thumbnail_only,IMG-FF7E014E0E3A65CC,DUP-01304,existing_link,not_individually_verified,unknown,retain_candidate,true,No Batch 2 approval or visual review inferred.
B2-LINK-00644,LY-HOT-000389,hotels,فندق نور الثريا السياحى,hostel,IMG-F19D53660A0C5316,assets/images/hotels/hotels-LY-HOTELS-00389-01.webp,gallery,true,true,thumbnail_only,IMG-2A4B90E2E75CC0CA,DUP-00419,existing_link,not_individually_verified,unknown,retain_candidate,true,No Batch 2 approval or visual review inferred.
B2-LINK-00645,LY-HOT-000389,hotels,فندق نور الثريا السياحى,hostel,IMG-66C2B82A61F9DC7F,assets/images/hotels/hotels-LY-HOTELS-00389-02.webp,gallery,true,true,thumbnail_only,IMG-0580CAF3753268D6,DUP-00539,existing_link,not_individually_verified,unknown,retain_candidate,true,No Batch 2 approval or visual review inferred.
B2-LINK-00646,LY-HOT-000389,hotels,فندق نور الثريا السياحى,hostel,IMG-07E30D78A45CA2FB,assets/images/hotels/hotels-LY-HOTELS-00389-03.webp,gallery,true,true,thumbnail_only,IMG-0A5D87A38ED94184,DUP-00231,existing_link,not_individually_verified,unknown,retain_candidate,true,No Batch 2 approval or visual review inferred.
B2-LINK-00647,LY-HOT-000389,hotels,فندق نور الثريا السياحى,hostel,IMG-E03A4ECF00486282,assets/images/hotels/hotels-LY-HOTELS-00389-04.webp,gallery,true,true,thumbnail_only,IMG-955A4C42DBBF323B,DUP-01218,existing_link,not_individually_verified,unknown,retain_candidate,true,No Batch 2 approval or visual review inferred.
B2-LINK-00648,LY-HOT-000390,hotels,فندق أويا,hotel,IMG-DD01B3202625761C,assets/images/hotels/hotels-LY-HOTELS-00390-01.webp,gallery,true,true,thumbnail_only,IMG-9D034CE7E72965BE,DUP-01063,existing_link,not_individually_verified,unknown,retain_candidate,true,No Batch 2 approval or visual review inferred.
B2-LINK-00649,LY-HOT-000390,hotels,فندق أويا,hotel,IMG-58439AE6EC5428E4,assets/images/hotels/hotels-LY-HOTELS-00390-02.webp,gallery,true,true,thumbnail_only,IMG-6B38F797C6A0F24F,DUP-01161,existing_link,not_individually_verified,unknown,retain_candidate,true,No Batch 2 approval or visual review inferred.
B2-LINK-00650,LY-HOT-000390,hotels,فندق أويا,hotel,IMG-9F2EA37431489C5D,assets/images/hotels/hotels-LY-HOTELS-00390-03.webp,gallery,true,true,thumbnail_only,IMG-55442FC3A467E699,DUP-01414,existing_link,not_individually_verified,unknown,retain_candidate,true,No Batch 2 approval or visual review inferred.
B2-LINK-00651,LY-HOT-000390,hotels,فندق أويا,hotel,IMG-FD1EBF4F5181ADB7,assets/images/hotels/hotels-LY-HOTELS-00390-04.webp,gallery,true,true,thumbnail_only,IMG-4186F21A38BD64E9,DUP-01019,existing_link,not_individually_verified,unknown,retain_candidate,true,No Batch 2 approval or visual review inferred.
B2-LINK-00652,LY-HOT-000392,hotels,اجنحة كراون للشقق الفندقية,apartment_hotel,IMG-9B12B9937D7300CA,assets/images/hotels/hotels-LY-HOTELS-00392-01.webp,gallery,true,true,thumbnail_only,IMG-D40BFD5F1791242A,DUP-00983,existing_link,not_individually_verified,unknown,retain_candidate,true,No Batch 2 approval or visual review inferred.
B2-LINK-00653,LY-HOT-000392,hotels,اجنحة كراون للشقق الفندقية,apartment_hotel,IMG-1D29463E7CB586EC,assets/images/hotels/hotels-LY-HOTELS-00392-02.webp,gallery,true,true,thumbnail_only,IMG-22F3C1D83CCD3FA7,DUP-00263,existing_link,not_individually_verified,unknown,retain_candidate,true,No Batch 2 approval or visual review inferred.
B2-LINK-00654,LY-HOT-000392,hotels,اجنحة كراون للشقق الفندقية,apartment_hotel,IMG-F42D05455D6BE674,assets/images/hotels/hotels-LY-HOTELS-00392-03.webp,gallery,true,true,thumbnail_only,IMG-8AA484748CEDECF1,DUP-01318,existing_link,not_individually_verified,unknown,retain_candidate,true,No Batch 2 approval or visual review inferred.
B2-LINK-00655,LY-HOT-000393,hotels,الدلتا للشقق الفندقية 2,apartment_hotel,IMG-FEB66814946A0C34,assets/images/hotels/hotels-LY-HOTELS-00393-01.webp,gallery,true,true,thumbnail_only,IMG-A54E8C552428C2A1,DUP-00421,existing_link,not_individually_verified,unknown,retain_candidate,true,No Batch 2 approval or visual review inferred.
B2-LINK-00656,LY-HOT-000393,hotels,الدلتا للشقق الفندقية 2,apartment_hotel,IMG-A6898003D65A1911,assets/images/hotels/hotels-LY-HOTELS-00393-02.webp,gallery,true,true,thumbnail_only,IMG-CE442406E148FFE0,DUP-00457,existing_link,not_individually_verified,unknown,retain_candidate,true,No Batch 2 approval or visual review inferred.
B2-LINK-00657,LY-HOT-000393,hotels,الدلتا للشقق الفندقية 2,apartment_hotel,IMG-22B7F0F6276A9ACA,assets/images/hotels/hotels-LY-HOTELS-00393-03.webp,gallery,true,true,thumbnail_only,IMG-15BB542462E6B94C,DUP-00393,existing_link,not_individually_verified,unknown,retain_candidate,true,No Batch 2 approval or visual review inferred.
B2-LINK-00658,LY-HOT-000394,hotels,الدلتا للشقق الفندقية 1,apartment_hotel,IMG-646D87B3751258C3,assets/images/hotels/hotels-LY-HOTELS-00394-01.webp,gallery,true,true,thumbnail_only,IMG-5CF299F9826456A1,DUP-00356,existing_link,not_individually_verified,unknown,retain_candidate,true,No Batch 2 approval or visual review inferred.
B2-LINK-00659,LY-HOT-000394,hotels,الدلتا للشقق الفندقية 1,apartment_hotel,IMG-9E485B8AB9CC544E,assets/images/hotels/hotels-LY-HOTELS-00394-02.webp,gallery,true,true,thumbnail_only,IMG-81A9CFBCF58F0311,DUP-01372,existing_link,not_individually_verified,unknown,retain_candidate,true,No Batch 2 approval or visual review inferred.
B2-LINK-00660,LY-HOT-000394,hotels,الدلتا للشقق الفندقية 1,apartment_hotel,IMG-2A69A3609BC9900D,assets/images/hotels/hotels-LY-HOTELS-00394-03.webp,gallery,true,true,thumbnail_only,IMG-FCDB6E78DF058D23,DUP-00996,existing_link,not_individually_verified,unknown,retain_candidate,true,No Batch 2 approval or visual review inferred.
B2-LINK-00661,LY-HOT-000394,hotels,الدلتا للشقق الفندقية 1,apartment_hotel,IMG-1E99AB2946C25482,assets/images/hotels/hotels-LY-HOTELS-00394-04.webp,gallery,true,true,thumbnail_only,IMG-C030DD39A7F68141,DUP-01417,existing_link,not_individually_verified,unknown,retain_candidate,true,No Batch 2 approval or visual review inferred.
B2-LINK-00662,LY-HOT-000395,hotels,الشاطي الذهبي,hotel,IMG-3F3998976A1F9DD4,assets/images/hotels/hotels-LY-HOTELS-00395-01.webp,gallery,true,true,thumbnail_only,IMG-7914DB8D81DF2433,DUP-01164,existing_link,not_individually_verified,unknown,retain_candidate,true,No Batch 2 approval or visual review inferred.
B2-LINK-00663,LY-HOT-000395,hotels,الشاطي الذهبي,hotel,IMG-815DF68B383ECDAB,assets/images/hotels/hotels-LY-HOTELS-00395-02.webp,gallery,true,true,thumbnail_only,IMG-D0D137408723C19A,DUP-00361,existing_link,not_individually_verified,unknown,retain_candidate,true,No Batch 2 approval or visual review inferred.
B2-LINK-00664,LY-HOT-000395,hotels,الشاطي الذهبي,hotel,IMG-82656A7CC87C9212,assets/images/hotels/hotels-LY-HOTELS-00395-03.webp,gallery,true,true,thumbnail_only,IMG-2C3B093BBB73C3BF,DUP-00444,existing_link,not_individually_verified,unknown,retain_candidate,true,No Batch 2 approval or visual review inferred.
B2-LINK-00665,LY-HOT-000395,hotels,الشاطي الذهبي,hotel,IMG-3E1A497CF23BF7B4,assets/images/hotels/hotels-LY-HOTELS-00395-04.webp,gallery,true,true,thumbnail_only,IMG-A130B0BF0027C53C,DUP-00274,existing_link,not_individually_verified,unknown,retain_candidate,true,No Batch 2 approval or visual review inferred.
B2-LINK-00666,LY-HOT-000396,hotels,العنوان للشقق الفندقيه,apartment_hotel,IMG-4A9145DFE8B3BDD1,assets/images/hotels/hotels-LY-HOTELS-00396-01.webp,gallery,true,true,thumbnail_only,IMG-30D22D96D4FCFF21,DUP-01236,existing_link,not_individually_verified,unknown,retain_candidate,true,No Batch 2 approval or visual review inferred.
B2-LINK-00667,LY-HOT-000396,hotels,العنوان للشقق الفندقيه,apartment_hotel,IMG-B268F1F8A7A6B02C,assets/images/hotels/hotels-LY-HOTELS-00396-02.webp,gallery,true,true,thumbnail_only,IMG-32CBF07FD637CA20,DUP-01388,existing_link,not_individually_verified,unknown,retain_candidate,true,No Batch 2 approval or visual review inferred.
B2-LINK-00668,LY-HOT-000396,hotels,العنوان للشقق الفندقيه,apartment_hotel,IMG-37C1E8FBF8629148,assets/images/hotels/hotels-LY-HOTELS-00396-03.webp,gallery,true,true,thumbnail_only,IMG-BB4CD5C5A076E026,DUP-01004,existing_link,not_individually_verified,unknown,retain_candidate,true,No Batch 2 approval or visual review inferred.
B2-LINK-00669,LY-HOT-000396,hotels,العنوان للشقق الفندقيه,apartment_hotel,IMG-FAD58FE39EF910F7,assets/images/hotels/hotels-LY-HOTELS-00396-04.webp,gallery,true,true,thumbnail_only,IMG-0B85ACDCC40606A4,DUP-00845,existing_link,not_individually_verified,unknown,retain_candidate,true,No Batch 2 approval or visual review inferred.
B2-LINK-00670,LY-HOT-000398,hotels,القبس لشقق الفندقيه,apartment_hotel,IMG-8463F4C0B4C523C4,assets/images/hotels/hotels-LY-HOTELS-00398-01.webp,gallery,true,true,thumbnail_only,,,existing_link,not_individually_verified,unknown,retain_candidate,true,No Batch 2 approval or visual review inferred.
B2-LINK-00671,LY-HOT-000398,hotels,القبس لشقق الفندقيه,apartment_hotel,IMG-E84088230121760F,assets/images/hotels/hotels-LY-HOTELS-00398-02.webp,gallery,true,true,thumbnail_only,IMG-0430CB1381316FB0,DUP-01018,existing_link,not_individually_verified,unknown,retain_candidate,true,No Batch 2 approval or visual review inferred.
B2-LINK-00672,LY-HOT-000398,hotels,القبس لشقق الفندقيه,apartment_hotel,IMG-07E1EDADEA92A466,assets/images/hotels/hotels-LY-HOTELS-00398-03.webp,gallery,true,true,thumbnail_only,IMG-930FFF341E7A94F1,DUP-00137,existing_link,not_individually_verified,unknown,retain_candidate,true,No Batch 2 approval or visual review inferred.
B2-LINK-00673,LY-HOT-000399,hotels,الماسة للأجنحة الفندقية,apartment_hotel,IMG-A3238C4AC13F9C7F,assets/images/hotels/hotels-LY-HOTELS-00399-01.webp,gallery,true,true,thumbnail_only,IMG-B108DCDC5B17A513,DUP-00904,existing_link,not_individually_verified,unknown,retain_candidate,true,No Batch 2 approval or visual review inferred.
B2-LINK-00674,LY-HOT-000399,hotels,الماسة للأجنحة الفندقية,apartment_hotel,IMG-9067216E5A3805E8,assets/images/hotels/hotels-LY-HOTELS-00399-02.webp,gallery,true,true,thumbnail_only,IMG-28E682522CDA25C9,DUP-00749,existing_link,not_individually_verified,unknown,retain_candidate,true,No Batch 2 approval or visual review inferred.
B2-LINK-00675,LY-HOT-000399,hotels,الماسة للأجنحة الفندقية,apartment_hotel,IMG-9E50BE664058B380,assets/images/hotels/hotels-LY-HOTELS-00399-03.webp,gallery,true,true,thumbnail_only,IMG-26C93DF81A487055,DUP-01153,existing_link,not_individually_verified,unknown,retain_candidate,true,No Batch 2 approval or visual review inferred.
B2-LINK-00676,LY-HOT-000399,hotels,الماسة للأجنحة الفندقية,apartment_hotel,IMG-C3173B5D0FED640E,assets/images/hotels/hotels-LY-HOTELS-00399-04.webp,gallery,true,true,thumbnail_only,IMG-DDDFEAF1619C65CE,DUP-00102,existing_link,not_individually_verified,unknown,retain_candidate,true,No Batch 2 approval or visual review inferred.
B2-LINK-00677,LY-HOT-000400,hotels,المجرة للشقق الفندقية,apartment_hotel,IMG-9067216E5A3805E8,assets/images/hotels/hotels-LY-HOTELS-00399-02.webp,gallery,true,true,thumbnail_only,IMG-28E682522CDA25C9,DUP-00749,existing_link,not_individually_verified,unknown,retain_candidate,true,No Batch 2 approval or visual review inferred.
B2-LINK-00678,LY-HOT-000400,hotels,المجرة للشقق الفندقية,apartment_hotel,IMG-C3173B5D0FED640E,assets/images/hotels/hotels-LY-HOTELS-00399-04.webp,gallery,true,true,thumbnail_only,IMG-DDDFEAF1619C65CE,DUP-00102,existing_link,not_individually_verified,unknown,retain_candidate,true,No Batch 2 approval or visual review inferred.
B2-LINK-00679,LY-HOT-000400,hotels,المجرة للشقق الفندقية,apartment_hotel,IMG-A3238C4AC13F9C7F,assets/images/hotels/hotels-LY-HOTELS-00399-01.webp,gallery,true,true,thumbnail_only,IMG-B108DCDC5B17A513,DUP-00904,existing_link,not_individually_verified,unknown,retain_candidate,true,No Batch 2 approval or visual review inferred.
B2-LINK-00680,LY-HOT-000401,hotels,المكان للشقق الفندقية,apartment_hotel,IMG-071FE7CDBF486A2C,assets/images/hotels/hotels-LY-HOTELS-00401-01.webp,gallery,true,true,thumbnail_only,IMG-AB80F3A7AC9DB921,DUP-00303,existing_link,not_individually_verified,unknown,retain_candidate,true,No Batch 2 approval or visual review inferred.
B2-LINK-00681,LY-HOT-000401,hotels,المكان للشقق الفندقية,apartment_hotel,IMG-E63AF4E602C79964,assets/images/hotels/hotels-LY-HOTELS-00401-02.webp,gallery,true,true,thumbnail_only,,,existing_link,not_individually_verified,unknown,retain_candidate,true,No Batch 2 approval or visual review inferred.
B2-LINK-00682,LY-HOT-000401,hotels,المكان للشقق الفندقية,apartment_hotel,IMG-A7776832909E26AD,assets/images/hotels/hotels-LY-HOTELS-00401-03.webp,gallery,true,true,thumbnail_only,IMG-D69AA2DB637BA00F,DUP-01230,existing_link,not_individually_verified,unknown,retain_candidate,true,No Batch 2 approval or visual review inferred.
B2-LINK-00683,LY-HOT-000401,hotels,المكان للشقق الفندقية,apartment_hotel,IMG-AD6603F096DEBD80,assets/images/hotels/hotels-LY-HOTELS-00401-04.webp,gallery,true,true,thumbnail_only,IMG-1D9791D3C3D7D4C2,DUP-01150,existing_link,not_individually_verified,unknown,retain_candidate,true,No Batch 2 approval or visual review inferred.
B2-LINK-00684,LY-HOT-000402,hotels,اوكا لشقق الفندقيه vib,apartment_hotel,IMG-62556205882AEEA0,assets/images/hotels/hotels-LY-HOTELS-00402-01.webp,gallery,true,true,thumbnail_only,IMG-0C9EAEDEE2B58063,DUP-01225,existing_link,not_individually_verified,unknown,retain_candidate,true,No Batch 2 approval or visual review inferred.
B2-LINK-00685,LY-HOT-000402,hotels,اوكا لشقق الفندقيه vib,apartment_hotel,IMG-1F4FC4AA240313ED,assets/images/hotels/hotels-LY-HOTELS-00402-02.webp,gallery,true,true,thumbnail_only,IMG-72544CF5051936D7,DUP-00143,existing_link,not_individually_verified,unknown,retain_candidate,true,No Batch 2 approval or visual review inferred.
B2-LINK-00686,LY-HOT-000402,hotels,اوكا لشقق الفندقيه vib,apartment_hotel,IMG-ED1CF26FF84C508A,assets/images/hotels/hotels-LY-HOTELS-00402-03.webp,gallery,true,true,thumbnail_only,IMG-4B4C871A9A12BD4B,DUP-00991,existing_link,not_individually_verified,unknown,retain_candidate,true,No Batch 2 approval or visual review inferred.
B2-LINK-00687,LY-HOT-000402,hotels,اوكا لشقق الفندقيه vib,apartment_hotel,IMG-86079A5B518F8462,assets/images/hotels/hotels-LY-HOTELS-00402-04.webp,gallery,true,true,thumbnail_only,IMG-4F0E823434374DDB,DUP-00921,existing_link,not_individually_verified,unknown,retain_candidate,true,No Batch 2 approval or visual review inferred.
B2-LINK-00688,LY-HOT-000402,hotels,اوكا لشقق الفندقيه vib,apartment_hotel,IMG-593FB8722FF8E1CB,assets/images/hotels/hotels-LY-HOTELS-00402-05.webp,gallery,true,true,thumbnail_only,IMG-98B797BA2593CCF5,DUP-01391,existing_link,not_individually_verified,unknown,retain_candidate,true,No Batch 2 approval or visual review inferred.
B2-LINK-00689,LY-HOT-000404,hotels,إقامة قورينا الفاخرة,apartment_hotel,IMG-1CE1F1A994793506,assets/images/hotels/hotels-LY-HOTELS-00404-01.webp,gallery,true,true,thumbnail_only,IMG-04126E6080B045F0,DUP-00436,existing_link,not_individually_verified,unknown,retain_candidate,true,No Batch 2 approval or visual review inferred.
B2-LINK-00690,LY-HOT-000404,hotels,إقامة قورينا الفاخرة,apartment_hotel,IMG-E90C80B2D7058D3E,assets/images/hotels/hotels-LY-HOTELS-00404-02.webp,gallery,true,true,thumbnail_only,IMG-5CBA4CAA5CB01D24,DUP-01427,existing_link,not_individually_verified,unknown,retain_candidate,true,No Batch 2 approval or visual review inferred.
B2-LINK-00691,LY-HOT-000404,hotels,إقامة قورينا الفاخرة,apartment_hotel,IMG-3DA71F71BAF298A3,assets/images/hotels/hotels-LY-HOTELS-00404-03.webp,gallery,true,true,thumbnail_only,IMG-8F7F05C513B2E6D3,DUP-00164,existing_link,not_individually_verified,unknown,retain_candidate,true,No Batch 2 approval or visual review inferred.
B2-LINK-00692,LY-HOT-000404,hotels,إقامة قورينا الفاخرة,apartment_hotel,IMG-AB10380EBD4640A2,assets/images/hotels/hotels-LY-HOTELS-00404-04.webp,gallery,true,true,thumbnail_only,IMG-E1FDFF1CEF39355F,DUP-00528,existing_link,not_individually_verified,unknown,retain_candidate,true,No Batch 2 approval or visual review inferred.
B2-LINK-00693,LY-HOT-000404,hotels,إقامة قورينا الفاخرة,apartment_hotel,IMG-1AA744C71EA8A80D,assets/images/hotels/hotels-LY-HOTELS-00404-05.webp,gallery,true,true,thumbnail_only,IMG-04126E6080B045F0,DUP-00436,existing_link,not_individually_verified,unknown,retain_candidate,true,No Batch 2 approval or visual review inferred.
B2-LINK-00694,LY-HOT-000405,hotels,أجنحة الفوانيس للشقق الفندقية,apartment_hotel,IMG-04F9E0CDB205B35F,assets/images/hotels/hotels-LY-HOTELS-00405-01.webp,gallery,true,true,thumbnail_only,IMG-5D78329B687890B1,DUP-01052,existing_link,not_individually_verified,unknown,retain_candidate,true,No Batch 2 approval or visual review inferred.
B2-LINK-00695,LY-HOT-000405,hotels,أجنحة الفوانيس للشقق الفندقية,apartment_hotel,IMG-38DF75C87F7BB9A3,assets/images/hotels/hotels-LY-HOTELS-00405-02.webp,gallery,true,true,thumbnail_only,IMG-AD77B0A7854855F6,DUP-00417,existing_link,not_individually_verified,unknown,retain_candidate,true,No Batch 2 approval or visual review inferred.
B2-LINK-00696,LY-HOT-000405,hotels,أجنحة الفوانيس للشقق الفندقية,apartment_hotel,IMG-94404E2F13BF92D9,assets/images/hotels/hotels-LY-HOTELS-00405-03.webp,gallery,true,true,thumbnail_only,IMG-3CC154A342F275D8,DUP-00832,existing_link,not_individually_verified,unknown,retain_candidate,true,No Batch 2 approval or visual review inferred.
B2-LINK-00697,LY-HOT-000405,hotels,أجنحة الفوانيس للشقق الفندقية,apartment_hotel,IMG-545283715B19BDF7,assets/images/hotels/hotels-LY-HOTELS-00405-05.webp,gallery,true,true,thumbnail_only,IMG-7E0A6A7FFDCDE2AF,DUP-00773,existing_link,not_individually_verified,unknown,retain_candidate,true,No Batch 2 approval or visual review inferred.
B2-LINK-00698,LY-HOT-000406,hotels,بيت النوران للشقق الفندقية,apartment_hotel,IMG-62C4E7036D00D879,assets/images/hotels/hotels-LY-HOTELS-00406-01.webp,gallery,true,true,thumbnail_only,IMG-FC46269845F8CE10,DUP-00086,existing_link,not_individually_verified,unknown,retain_candidate,true,No Batch 2 approval or visual review inferred.
B2-LINK-00699,LY-HOT-000406,hotels,بيت النوران للشقق الفندقية,apartment_hotel,IMG-4F1333857D48E3FD,assets/images/hotels/hotels-LY-HOTELS-00406-02.webp,gallery,true,true,thumbnail_only,IMG-7AA5D58A80326E84,DUP-01132,existing_link,not_individually_verified,unknown,retain_candidate,true,No Batch 2 approval or visual review inferred.
B2-LINK-00700,LY-HOT-000406,hotels,بيت النوران للشقق الفندقية,apartment_hotel,IMG-E8F92391C0AF8E19,assets/images/hotels/hotels-LY-HOTELS-00406-03.webp,gallery,true,true,thumbnail_only,IMG-513AC0E9E0E6CE34,DUP-01112,existing_link,not_individually_verified,unknown,retain_candidate,true,No Batch 2 approval or visual review inferred.
B2-LINK-00701,LY-HOT-000406,hotels,بيت النوران للشقق الفندقية,apartment_hotel,IMG-754277E560BEFC6F,assets/images/hotels/hotels-LY-HOTELS-00406-04.webp,gallery,true,true,thumbnail_only,IMG-FAD3E773B74E1EBB,DUP-00977,existing_link,not_individually_verified,unknown,retain_candidate,true,No Batch 2 approval or visual review inferred.
B2-LINK-00702,LY-HOT-000407,hotels,بيوت العاصمة للشقق الفندقية,apartment_hotel,IMG-D9EDED0098CA6015,assets/images/hotels/hotels-LY-HOTELS-00407-01.webp,gallery,true,true,thumbnail_only,IMG-A105AA72A1C35896,DUP-00724,existing_link,not_individually_verified,unknown,retain_candidate,true,No Batch 2 approval or visual review inferred.
B2-LINK-00703,LY-HOT-000407,hotels,بيوت العاصمة للشقق الفندقية,apartment_hotel,IMG-5B631A6A1620DF7C,assets/images/hotels/hotels-LY-HOTELS-00407-02.webp,gallery,true,true,thumbnail_only,IMG-6C5FD99A93DDF611,DUP-00732,existing_link,not_individually_verified,unknown,retain_candidate,true,No Batch 2 approval or visual review inferred.
B2-LINK-00704,LY-HOT-000407,hotels,بيوت العاصمة للشقق الفندقية,apartment_hotel,IMG-409CAF262EB4E414,assets/images/hotels/hotels-LY-HOTELS-00407-03.webp,gallery,true,true,thumbnail_only,IMG-C467D6957D2C6180,DUP-01014,existing_link,not_individually_verified,unknown,retain_candidate,true,No Batch 2 approval or visual review inferred.
B2-LINK-00705,LY-HOT-000407,hotels,بيوت العاصمة للشقق الفندقية,apartment_hotel,IMG-C4046773520F0CDE,assets/images/hotels/hotels-LY-HOTELS-00407-04.webp,gallery,true,true,thumbnail_only,IMG-4375F82CA22F30AB,DUP-00972,existing_link,not_individually_verified,unknown,retain_candidate,true,No Batch 2 approval or visual review inferred.
B2-LINK-00706,LY-HOT-000408,hotels,جواهر العاصمة للشقق الفندقية,hostel,IMG-1841627598673B86,assets/images/hotels/hotels-LY-HOTELS-00408-01.webp,gallery,true,true,thumbnail_only,IMG-4EC27B635DB76293,DUP-00437,existing_link,not_individually_verified,unknown,retain_candidate,true,No Batch 2 approval or visual review inferred.
B2-LINK-00707,LY-HOT-000408,hotels,جواهر العاصمة للشقق الفندقية,hostel,IMG-4DA0C33B0B055D7F,assets/images/hotels/hotels-LY-HOTELS-00408-02.webp,gallery,true,true,thumbnail_only,IMG-E0149A4F0806176E,DUP-01316,existing_link,not_individually_verified,unknown,retain_candidate,true,No Batch 2 approval or visual review inferred.
B2-LINK-00708,LY-HOT-000408,hotels,جواهر العاصمة للشقق الفندقية,hostel,IMG-8C1B0B14F88E3ED7,assets/images/hotels/hotels-LY-HOTELS-00408-03.webp,gallery,true,true,thumbnail_only,IMG-717119BDEF3503A1,DUP-00155,existing_link,not_individually_verified,unknown,retain_candidate,true,No Batch 2 approval or visual review inferred.
B2-LINK-00709,LY-HOT-000408,hotels,جواهر العاصمة للشقق الفندقية,hostel,IMG-FBC6778F5C3BB977,assets/images/hotels/hotels-LY-HOTELS-00408-04.webp,gallery,true,true,thumbnail_only,IMG-CD469CC2B72490A6,DUP-01363,existing_link,not_individually_verified,unknown,retain_candidate,true,No Batch 2 approval or visual review inferred.
B2-LINK-00710,LY-HOT-000408,hotels,جواهر العاصمة للشقق الفندقية,hostel,IMG-1958152E5BB5393D,assets/images/hotels/hotels-LY-HOTELS-00408-05.webp,gallery,true,true,thumbnail_only,IMG-FDB2E8A72D620EDF,DUP-00385,existing_link,not_individually_verified,unknown,retain_candidate,true,No Batch 2 approval or visual review inferred.
B2-LINK-00711,LY-HOT-000409,hotels,جولايا للشقق الفندقية,apartment_hotel,IMG-DE13875E15FF98C7,assets/images/hotels/hotels-LY-HOTELS-00409-01.webp,gallery,true,true,thumbnail_only,IMG-491C686DB6D65DE4,DUP-01066,existing_link,not_individually_verified,unknown,retain_candidate,true,No Batch 2 approval or visual review inferred.
B2-LINK-00712,LY-HOT-000409,hotels,جولايا للشقق الفندقية,apartment_hotel,IMG-0F24EC6A65928E5D,assets/images/hotels/hotels-LY-HOTELS-00409-02.webp,gallery,true,true,thumbnail_only,IMG-B94C269965784C2F,DUP-00402,existing_link,not_individually_verified,unknown,retain_candidate,true,No Batch 2 approval or visual review inferred.
B2-LINK-00713,LY-HOT-000409,hotels,جولايا للشقق الفندقية,apartment_hotel,IMG-376AB75F7E626DF1,assets/images/hotels/hotels-LY-HOTELS-00409-03.webp,gallery,true,true,thumbnail_only,IMG-89A60A674E6B3F9F,DUP-00500,existing_link,not_individually_verified,unknown,retain_candidate,true,No Batch 2 approval or visual review inferred.
B2-LINK-00714,LY-HOT-000409,hotels,جولايا للشقق الفندقية,apartment_hotel,IMG-AEC06F4EDA522C4A,assets/images/hotels/hotels-LY-HOTELS-00409-04.webp,gallery,true,true,thumbnail_only,IMG-703FF1CF74CE8ACC,DUP-01380,existing_link,not_individually_verified,unknown,retain_candidate,true,No Batch 2 approval or visual review inferred.
B2-LINK-00715,LY-HOT-000409,hotels,جولايا للشقق الفندقية,apartment_hotel,IMG-75AAAAFDD9FC3A4C,assets/images/hotels/hotels-LY-HOTELS-00409-05.webp,gallery,true,true,thumbnail_only,IMG-C5A664B0CE3E6413,DUP-00901,existing_link,not_individually_verified,unknown,retain_candidate,true,No Batch 2 approval or visual review inferred.
B2-LINK-00716,LY-HOT-000410,hotels,جوهرة السلام للشقق الفندقية,apartment_hotel,IMG-B72D016B90536F00,assets/images/hotels/hotels-LY-HOTELS-00410-01.webp,gallery,true,true,thumbnail_only,IMG-F8219A12DC93F596,DUP-00791,existing_link,not_individually_verified,unknown,retain_candidate,true,No Batch 2 approval or visual review inferred.
B2-LINK-00717,LY-HOT-000410,hotels,جوهرة السلام للشقق الفندقية,apartment_hotel,IMG-7422015E262194A2,assets/images/hotels/hotels-LY-HOTELS-00410-02.webp,gallery,true,true,thumbnail_only,IMG-D3B634A26B3094F7,DUP-00196,existing_link,not_individually_verified,unknown,retain_candidate,true,No Batch 2 approval or visual review inferred.
B2-LINK-00718,LY-HOT-000410,hotels,جوهرة السلام للشقق الفندقية,apartment_hotel,IMG-0253F6E7FF54F8AD,assets/images/hotels/hotels-LY-HOTELS-00410-03.webp,gallery,true,true,thumbnail_only,IMG-84A4320A8885FD31,DUP-00596,existing_link,not_individually_verified,unknown,retain_candidate,true,No Batch 2 approval or visual review inferred.
B2-LINK-00719,LY-HOT-000410,hotels,جوهرة السلام للشقق الفندقية,apartment_hotel,IMG-45D515A1569B0F4F,assets/images/hotels/hotels-LY-HOTELS-00410-04.webp,gallery,true,true,thumbnail_only,IMG-E1F3E3BB5B5E6EDB,DUP-00812,existing_link,not_individually_verified,unknown,retain_candidate,true,No Batch 2 approval or visual review inferred.
B2-LINK-00720,LY-HOT-000410,hotels,جوهرة السلام للشقق الفندقية,apartment_hotel,IMG-DFE5E35EAA6D9A1A,assets/images/hotels/hotels-LY-HOTELS-00410-05.webp,gallery,true,true,thumbnail_only,IMG-F0F5BC01F32F5E7E,DUP-00512,existing_link,not_individually_verified,unknown,retain_candidate,true,No Batch 2 approval or visual review inferred.
B2-LINK-00721,LY-HOT-000411,hotels,حدائق المشتل للشقق الفندقية,apartment_hotel,IMG-176798488A35C25B,assets/images/hotels/hotels-LY-HOTELS-00411-01.webp,gallery,true,true,thumbnail_only,IMG-BC60B14A0F88EEA4,DUP-01344,existing_link,not_individually_verified,unknown,retain_candidate,true,No Batch 2 approval or visual review inferred.
B2-LINK-00722,LY-HOT-000411,hotels,حدائق المشتل للشقق الفندقية,apartment_hotel,IMG-2355D6DC6511BAEB,assets/images/hotels/hotels-LY-HOTELS-00411-02.webp,gallery,true,true,thumbnail_only,IMG-3BEBE85DB68C3579,DUP-01378,existing_link,not_individually_verified,unknown,retain_candidate,true,No Batch 2 approval or visual review inferred.
B2-LINK-00723,LY-HOT-000411,hotels,حدائق المشتل للشقق الفندقية,apartment_hotel,IMG-3B4A6DF45680481B,assets/images/hotels/hotels-LY-HOTELS-00411-03.webp,gallery,true,true,thumbnail_only,,,existing_link,not_individually_verified,unknown,retain_candidate,true,No Batch 2 approval or visual review inferred.
B2-LINK-00724,LY-HOT-000411,hotels,حدائق المشتل للشقق الفندقية,apartment_hotel,IMG-724D182068E187CA,assets/images/hotels/hotels-LY-HOTELS-00411-05.webp,gallery,true,true,thumbnail_only,IMG-D973B790118F0830,DUP-01279,existing_link,not_individually_verified,unknown,retain_candidate,true,No Batch 2 approval or visual review inferred.
B2-LINK-00725,LY-HOT-000411,hotels,حدائق المشتل للشقق الفندقية,apartment_hotel,IMG-E857C39F2FCF4C4D,assets/images/hotels/hotels-LY-HOTELS-00411-06.webp,gallery,true,true,thumbnail_only,IMG-B21E310AD40C5D5A,DUP-00320,existing_link,not_individually_verified,unknown,retain_candidate,true,No Batch 2 approval or visual review inferred.
B2-LINK-00726,LY-HOT-000412,hotels,دار الضيافة 2 للشقق الفندقية,apartment_hotel,IMG-8C23E869CDE883F2,assets/images/hotels/hotels-LY-HOTELS-00412-01.webp,gallery,true,true,thumbnail_only,,,existing_link,not_individually_verified,unknown,retain_candidate,true,No Batch 2 approval or visual review inferred.
B2-LINK-00727,LY-HOT-000412,hotels,دار الضيافة 2 للشقق الفندقية,apartment_hotel,IMG-309774B80E56DBD5,assets/images/hotels/hotels-LY-HOTELS-00412-02.webp,gallery,true,true,thumbnail_only,IMG-E7095D97F799D61A,DUP-01413,existing_link,not_individually_verified,unknown,retain_candidate,true,No Batch 2 approval or visual review inferred.
B2-LINK-00728,LY-HOT-000412,hotels,دار الضيافة 2 للشقق الفندقية,apartment_hotel,IMG-48CE7559F3405758,assets/images/hotels/hotels-LY-HOTELS-00412-03.webp,gallery,true,true,thumbnail_only,IMG-CF6282271BEACDF3,DUP-00881,existing_link,not_individually_verified,unknown,retain_candidate,true,No Batch 2 approval or visual review inferred.
B2-LINK-00729,LY-HOT-000412,hotels,دار الضيافة 2 للشقق الفندقية,apartment_hotel,IMG-9F88F15C062658CC,assets/images/hotels/hotels-LY-HOTELS-00412-04.webp,gallery,true,true,thumbnail_only,IMG-54176C0902DF300E,DUP-00568,existing_link,not_individually_verified,unknown,retain_candidate,true,No Batch 2 approval or visual review inferred.
B2-LINK-00730,LY-HOT-000412,hotels,دار الضيافة 2 للشقق الفندقية,apartment_hotel,IMG-0C3CBAEF6FBD76A0,assets/images/hotels/hotels-LY-HOTELS-00412-05.webp,gallery,true,true,thumbnail_only,IMG-B67F9350F986AFE6,DUP-01162,existing_link,not_individually_verified,unknown,retain_candidate,true,No Batch 2 approval or visual review inferred.
B2-LINK-00731,LY-HOT-000413,hotels,شركة العميد لايجار الشقق الفندقية,apartment_hotel,IMG-FD41C8ED19ACA6CA,assets/images/hotels/hotels-LY-HOTELS-00413-01.webp,gallery,true,true,thumbnail_only,IMG-8DFBD08799490E77,DUP-01343,existing_link,not_individually_verified,unknown,retain_candidate,true,No Batch 2 approval or visual review inferred.
B2-LINK-00732,LY-HOT-000413,hotels,شركة العميد لايجار الشقق الفندقية,apartment_hotel,IMG-A241335E6A76E3F4,assets/images/hotels/hotels-LY-HOTELS-00413-02.webp,gallery,true,true,thumbnail_only,IMG-7D0D2FB15AA2B714,DUP-01168,existing_link,not_individually_verified,unknown,retain_candidate,true,No Batch 2 approval or visual review inferred.
B2-LINK-00733,LY-HOT-000413,hotels,شركة العميد لايجار الشقق الفندقية,apartment_hotel,IMG-A83766E0EF60E1D4,assets/images/hotels/hotels-LY-HOTELS-00413-03.webp,gallery,true,true,thumbnail_only,IMG-8013CBCB69B07C1D,DUP-00496,existing_link,not_individually_verified,unknown,retain_candidate,true,No Batch 2 approval or visual review inferred.
B2-LINK-00734,LY-HOT-000413,hotels,شركة العميد لايجار الشقق الفندقية,apartment_hotel,IMG-A05B06FA49503817,assets/images/hotels/hotels-LY-HOTELS-00413-04.webp,gallery,true,true,thumbnail_only,IMG-B5D10A8588ADAC02,DUP-01386,existing_link,not_individually_verified,unknown,retain_candidate,true,No Batch 2 approval or visual review inferred.
B2-LINK-00735,LY-HOT-000414,hotels,شقق البرنس,apartment_hotel,IMG-3859DF30E43751C6,assets/images/hotels/hotels-LY-HOTELS-00414-01.webp,gallery,true,true,thumbnail_only,IMG-1A5188ACCF8A12DE,DUP-01293,existing_link,not_individually_verified,unknown,retain_candidate,true,No Batch 2 approval or visual review inferred.
B2-LINK-00736,LY-HOT-000414,hotels,شقق البرنس,apartment_hotel,IMG-C6CD8118DE92506B,assets/images/hotels/hotels-LY-HOTELS-00414-02.webp,gallery,true,true,thumbnail_only,IMG-4C0A38B00DADA74A,DUP-01058,existing_link,not_individually_verified,unknown,retain_candidate,true,No Batch 2 approval or visual review inferred.
B2-LINK-00737,LY-HOT-000414,hotels,شقق البرنس,apartment_hotel,IMG-4BA7F62E727F970F,assets/images/hotels/hotels-LY-HOTELS-00414-03.webp,gallery,true,true,thumbnail_only,IMG-DDA3C8B795F92165,DUP-00099,existing_link,not_individually_verified,unknown,retain_candidate,true,No Batch 2 approval or visual review inferred.
B2-LINK-00738,LY-HOT-000415,hotels,شقق الرواد المفروشة,apartment_hotel,IMG-7053C4C6903C739C,assets/images/hotels/hotels-LY-HOTELS-00415-01.webp,gallery,true,true,thumbnail_only,IMG-7380249A8BF93BA4,DUP-00316,existing_link,not_individually_verified,unknown,retain_candidate,true,No Batch 2 approval or visual review inferred.
B2-LINK-00739,LY-HOT-000415,hotels,شقق الرواد المفروشة,apartment_hotel,IMG-257636A8AFD955AA,assets/images/hotels/hotels-LY-HOTELS-00415-02.webp,gallery,true,true,thumbnail_only,IMG-A3C42CF2644F6975,DUP-01305,existing_link,not_individually_verified,unknown,retain_candidate,true,No Batch 2 approval or visual review inferred.
B2-LINK-00740,LY-HOT-000415,hotels,شقق الرواد المفروشة,apartment_hotel,IMG-5E408D879BDAF4B6,assets/images/hotels/hotels-LY-HOTELS-00415-03.webp,gallery,true,true,thumbnail_only,IMG-019EB0930258719A,DUP-01430,existing_link,not_individually_verified,unknown,retain_candidate,true,No Batch 2 approval or visual review inferred.
B2-LINK-00741,LY-HOT-000416,hotels,شقق فيلا ليبيا الفندقية,apartment_hotel,IMG-7A112E81106A3622,assets/images/hotels/hotels-LY-HOTELS-00416-01.webp,gallery,true,true,thumbnail_only,IMG-51291E43F2B090B3,DUP-01389,existing_link,not_individually_verified,unknown,retain_candidate,true,No Batch 2 approval or visual review inferred.
B2-LINK-00742,LY-HOT-000416,hotels,شقق فيلا ليبيا الفندقية,apartment_hotel,IMG-9212DA62CF7B523A,assets/images/hotels/hotels-LY-HOTELS-00416-02.webp,gallery,true,true,thumbnail_only,IMG-093F6A0BFA28DFF6,DUP-00764,existing_link,not_individually_verified,unknown,retain_candidate,true,No Batch 2 approval or visual review inferred.
B2-LINK-00743,LY-HOT-000416,hotels,شقق فيلا ليبيا الفندقية,apartment_hotel,IMG-EF848E524A6C58C3,assets/images/hotels/hotels-LY-HOTELS-00416-03.webp,gallery,true,true,thumbnail_only,IMG-B9B70496410F85BC,DUP-00789,existing_link,not_individually_verified,unknown,retain_candidate,true,No Batch 2 approval or visual review inferred.
B2-LINK-00744,LY-HOT-000416,hotels,شقق فيلا ليبيا الفندقية,apartment_hotel,IMG-1F3FE3CD4BD890B2,assets/images/hotels/hotels-LY-HOTELS-00416-04.webp,gallery,true,true,thumbnail_only,IMG-C51638DF70F4AD36,DUP-00159,existing_link,not_individually_verified,unknown,retain_candidate,true,No Batch 2 approval or visual review inferred.
B2-LINK-00745,LY-HOT-000417,hotels,فندق اكاكوس,hostel,IMG-71F0147F76EA876C,assets/images/hotels/hotels-LY-HOTELS-00417-01.webp,gallery,true,true,thumbnail_only,IMG-89E98DEB4DDDEFFE,DUP-00816,existing_link,not_individually_verified,unknown,retain_candidate,true,No Batch 2 approval or visual review inferred.
B2-LINK-00746,LY-HOT-000417,hotels,فندق اكاكوس,hostel,IMG-44CE50BFD6859406,assets/images/hotels/hotels-LY-HOTELS-00417-02.webp,gallery,true,true,thumbnail_only,,,existing_link,not_individually_verified,unknown,retain_candidate,true,No Batch 2 approval or visual review inferred.
B2-LINK-00747,LY-HOT-000417,hotels,فندق اكاكوس,hostel,IMG-ACB8783F4B7EB32C,assets/images/hotels/hotels-LY-HOTELS-00417-03.webp,gallery,true,true,thumbnail_only,IMG-5D2E67593827AADB,DUP-00883,existing_link,not_individually_verified,unknown,retain_candidate,true,No Batch 2 approval or visual review inferred.
B2-LINK-00748,LY-HOT-000418,hotels,فندق الاخوة,hostel,IMG-0369D2CCBFEBB36D,assets/images/hotels/hotels-LY-HOTELS-00418-01.webp,gallery,true,true,thumbnail_only,IMG-FB3E8CA4F7E595E4,DUP-01347,existing_link,not_individually_verified,unknown,retain_candidate,true,No Batch 2 approval or visual review inferred.
B2-LINK-00749,LY-HOT-000418,hotels,فندق الاخوة,hostel,IMG-C68DC166885589BA,assets/images/hotels/hotels-LY-HOTELS-00418-02.webp,gallery,true,true,thumbnail_only,IMG-E3700232CD1378FB,DUP-01403,existing_link,not_individually_verified,unknown,retain_candidate,true,No Batch 2 approval or visual review inferred.
B2-LINK-00750,LY-HOT-000418,hotels,فندق الاخوة,hostel,IMG-D303BEBFB6486EA8,assets/images/hotels/hotels-LY-HOTELS-00418-03.webp,gallery,true,true,thumbnail_only,IMG-6EB623C2475E5BC2,DUP-01247,existing_link,not_individually_verified,unknown,retain_candidate,true,No Batch 2 approval or visual review inferred.
B2-LINK-00751,LY-HOT-000419,hotels,فندق الاصالة,hostel,IMG-DC8036C639747547,assets/images/hotels/hotels-LY-HOTELS-00419-01.webp,gallery,true,true,thumbnail_only,IMG-105BDC6F23C3BD0D,DUP-00167,existing_link,not_individually_verified,unknown,retain_candidate,true,No Batch 2 approval or visual review inferred.
B2-LINK-00752,LY-HOT-000419,hotels,فندق الاصالة,hostel,IMG-93FBA16F15FDFB5A,assets/images/hotels/hotels-LY-HOTELS-00419-02.webp,gallery,true,true,thumbnail_only,IMG-B3526C9BF5A732BB,DUP-01105,existing_link,not_individually_verified,unknown,retain_candidate,true,No Batch 2 approval or visual review inferred.
B2-LINK-00753,LY-HOT-000419,hotels,فندق الاصالة,hostel,IMG-24FF2778097599A7,assets/images/hotels/hotels-LY-HOTELS-00419-03.webp,gallery,true,true,thumbnail_only,IMG-54FE9CABF12ADF0F,DUP-00621,existing_link,not_individually_verified,unknown,retain_candidate,true,No Batch 2 approval or visual review inferred.
B2-LINK-00754,LY-HOT-000421,hotels,فندق البتراء,hostel,IMG-D5C7DDCCE12EA1FE,assets/images/hotels/hotels-LY-HOTELS-00421-01.webp,gallery,true,true,thumbnail_only,IMG-86FE165F8F5ADA77,DUP-00002,existing_link,not_individually_verified,unknown,retain_candidate,true,No Batch 2 approval or visual review inferred.
B2-LINK-00755,LY-HOT-000421,hotels,فندق البتراء,hostel,IMG-E7501840D930E02B,assets/images/hotels/hotels-LY-HOTELS-00421-02.webp,gallery,true,true,thumbnail_only,,,existing_link,not_individually_verified,unknown,retain_candidate,true,No Batch 2 approval or visual review inferred.
B2-LINK-00756,LY-HOT-000421,hotels,فندق البتراء,hostel,IMG-16D48238AA9ECE8A,assets/images/hotels/hotels-LY-HOTELS-00421-03.webp,gallery,true,true,thumbnail_only,IMG-1EEBC719836058FC,DUP-00480,existing_link,not_individually_verified,unknown,retain_candidate,true,No Batch 2 approval or visual review inferred.
B2-LINK-00757,LY-HOT-000421,hotels,فندق البتراء,hostel,IMG-A9F67CAD5B42B38E,assets/images/hotels/hotels-LY-HOTELS-00421-04.webp,gallery,true,true,thumbnail_only,IMG-D21F41807D98CDAA,DUP-00505,existing_link,not_individually_verified,unknown,retain_candidate,true,No Batch 2 approval or visual review inferred.
B2-LINK-00758,LY-HOT-000423,hotels,فندق البيت الراقي للشقق الفندقية,apartment_hotel,IMG-CEB56CEBA46AE29E,assets/images/hotels/hotels-LY-HOTELS-00423-01.webp,gallery,true,true,thumbnail_only,IMG-DA49C17306783B4F,DUP-00588,existing_link,not_individually_verified,unknown,retain_candidate,true,No Batch 2 approval or visual review inferred.
B2-LINK-00759,LY-HOT-000424,hotels,فندق التاج,hotel,IMG-46821D9B585FFE64,assets/images/hotels/hotels-LY-HOTELS-00424-01.webp,gallery,true,true,thumbnail_only,IMG-54088895E3542EC3,DUP-00892,existing_link,not_individually_verified,unknown,retain_candidate,true,No Batch 2 approval or visual review inferred.
B2-LINK-00760,LY-HOT-000424,hotels,فندق التاج,hotel,IMG-E137A1CCE92F44E9,assets/images/hotels/hotels-LY-HOTELS-00295-02.webp,gallery,true,true,high,IMG-234477B673AB19BB,DUP-00666,existing_link,not_individually_verified,unknown,retain_candidate,true,No Batch 2 approval or visual review inferred.
B2-LINK-00761,LY-HOT-000424,hotels,فندق التاج,hotel,IMG-729EB4B25B240200,assets/images/hotels/hotels-LY-HOTELS-00295-03.webp,gallery,true,true,high,IMG-B3625AAF3EC3C85D,DUP-00145,existing_link,not_individually_verified,unknown,retain_candidate,true,No Batch 2 approval or visual review inferred.
B2-LINK-00762,LY-HOT-000424,hotels,فندق التاج,hotel,IMG-AB22C6D40D93616F,assets/images/hotels/hotels-LY-HOTELS-00295-01.webp,gallery,true,true,acceptable,IMG-A4E1C106CA5102C7,DUP-00233,existing_link,not_individually_verified,unknown,retain_candidate,true,No Batch 2 approval or visual review inferred.
B2-LINK-00763,LY-HOT-000425,hotels,فندق التوفيق بلازا,hostel,IMG-622D25A255534D5F,assets/images/hotels/hotels-LY-HOTELS-00425-01.webp,gallery,true,true,high,IMG-8A7CD6243BB292CF,DUP-00258,existing_link,not_individually_verified,unknown,retain_candidate,true,No Batch 2 approval or visual review inferred.
B2-LINK-00764,LY-HOT-000425,hotels,فندق التوفيق بلازا,hostel,IMG-7B6142B18ECAB834,assets/images/hotels/hotels-LY-HOTELS-00425-02.webp,gallery,true,true,acceptable,IMG-E860E25DFE5C3EFC,DUP-00755,existing_link,not_individually_verified,unknown,retain_candidate,true,No Batch 2 approval or visual review inferred.
B2-LINK-00765,LY-HOT-000425,hotels,فندق التوفيق بلازا,hostel,IMG-0047CF13C7471720,assets/images/hotels/hotels-LY-HOTELS-00425-03.webp,gallery,true,true,high,,,existing_link,not_individually_verified,unknown,retain_candidate,true,No Batch 2 approval or visual review inferred.
B2-LINK-00766,LY-HOT-000425,hotels,فندق التوفيق بلازا,hostel,IMG-3923B0EDCF8316A3,assets/images/hotels/hotels-LY-HOTELS-00425-04.webp,gallery,true,true,low,IMG-0DEFCAD30BBBC8D3,DUP-00937,existing_link,not_individually_verified,unknown,retain_candidate,true,No Batch 2 approval or visual review inferred.
B2-LINK-00767,LY-HOT-000432,hotels,فندق الدبلوماسي,hotel,IMG-1B3C9820F53BEE88,assets/images/hotels/hotels-LY-HOTELS-00432-01.webp,gallery,true,true,low,IMG-483CA60D335C3AB5,DUP-00961,existing_link,not_individually_verified,unknown,retain_candidate,true,No Batch 2 approval or visual review inferred.
B2-LINK-00768,LY-HOT-000432,hotels,فندق الدبلوماسي,hotel,IMG-EB809979CAB23277,assets/images/hotels/hotels-LY-HOTELS-00432-02.webp,gallery,true,true,acceptable,IMG-E105BBC1C11B2322,DUP-00412,existing_link,not_individually_verified,unknown,retain_candidate,true,No Batch 2 approval or visual review inferred.
B2-LINK-00769,LY-HOT-000434,hotels,فندق الديار,hotel,IMG-9D2B03FE06D8CF71,assets/images/hotels/hotels-LY-HOTELS-00434-01.webp,gallery,true,true,acceptable,IMG-CBB5E7BC1A652E66,DUP-00195,existing_link,not_individually_verified,unknown,retain_candidate,true,No Batch 2 approval or visual review inferred.
B2-LINK-00770,LY-HOT-000434,hotels,فندق الديار,hotel,IMG-142EAE0C7CA4F02A,assets/images/hotels/hotels-LY-HOTELS-00434-02.webp,gallery,true,true,acceptable,IMG-062CD12B4B164D04,DUP-01012,existing_link,not_individually_verified,unknown,retain_candidate,true,No Batch 2 approval or visual review inferred.
B2-LINK-00771,LY-HOT-000434,hotels,فندق الديار,hotel,IMG-39F9237387F550B3,assets/images/hotels/hotels-LY-HOTELS-00434-03.webp,gallery,true,true,acceptable,IMG-295046F149C6AD9E,DUP-00820,existing_link,not_individually_verified,unknown,retain_candidate,true,No Batch 2 approval or visual review inferred.
B2-LINK-00772,LY-HOT-000444,hotels,فندق الريان,hotel,IMG-4CAA6944989EC466,assets/images/hotels/hotels-LY-HOTELS-00444-01.webp,gallery,true,true,high,IMG-2614A446FDF324E4,DUP-00372,existing_link,not_individually_verified,unknown,retain_candidate,true,No Batch 2 approval or visual review inferred.
B2-LINK-00773,LY-HOT-000444,hotels,فندق الريان,hotel,IMG-1DD12E5240EBE639,assets/images/hotels/hotels-LY-HOTELS-00444-02.webp,gallery,true,true,acceptable,IMG-4D9812AB1E2DC8A7,DUP-01172,existing_link,not_individually_verified,unknown,retain_candidate,true,No Batch 2 approval or visual review inferred.
B2-LINK-00774,LY-HOT-000444,hotels,فندق الريان,hotel,IMG-2512C762266DC123,assets/images/hotels/hotels-LY-HOTELS-00444-03.webp,gallery,true,true,acceptable,IMG-242F8237BD3DAAB6,DUP-01418,existing_link,not_individually_verified,unknown,retain_candidate,true,No Batch 2 approval or visual review inferred.
B2-LINK-00775,LY-HOT-000445,hotels,فندق الزيتونة,hostel,IMG-C2390CB8BDA7A88F,assets/images/hotels/hotels-LY-HOTELS-00445-01.webp,gallery,true,true,acceptable,IMG-D23C714ED0FF8E33,DUP-00246,existing_link,not_individually_verified,unknown,retain_candidate,true,No Batch 2 approval or visual review inferred.
B2-LINK-00776,LY-HOT-000445,hotels,فندق الزيتونة,hostel,IMG-62490C77FE9DF985,assets/images/hotels/hotels-LY-HOTELS-00445-02.webp,gallery,true,true,acceptable,IMG-0FAC9BE93EA52E82,DUP-00199,existing_link,not_individually_verified,unknown,retain_candidate,true,No Batch 2 approval or visual review inferred.
B2-LINK-00777,LY-HOT-000445,hotels,فندق الزيتونة,hostel,IMG-487BFC8DB6757538,assets/images/hotels/hotels-LY-HOTELS-00445-03.webp,gallery,true,true,thumbnail_only,IMG-7397F08876EE6F20,DUP-00280,existing_link,not_individually_verified,unknown,retain_candidate,true,No Batch 2 approval or visual review inferred.
B2-LINK-00778,LY-HOT-000445,hotels,فندق الزيتونة,hostel,IMG-8B4DB9D37ADF05CD,assets/images/hotels/hotels-LY-HOTELS-00445-04.webp,gallery,true,true,thumbnail_only,IMG-528F8C1EED445EF0,DUP-00653,existing_link,not_individually_verified,unknown,retain_candidate,true,No Batch 2 approval or visual review inferred.
B2-LINK-00779,LY-HOT-000446,hotels,فندق السرايا,hotel,IMG-5F0B87CC56980023,assets/images/hotels/hotels-LY-HOTELS-00314-04.webp,gallery,true,true,high,IMG-A9FE60CE8BAB8B94,DUP-00880,existing_link,not_individually_verified,unknown,retain_candidate,true,No Batch 2 approval or visual review inferred.
B2-LINK-00780,LY-HOT-000446,hotels,فندق السرايا,hotel,IMG-A621EC690B7CF91C,assets/images/hotels/hotels-LY-HOTELS-00314-03.webp,gallery,true,true,acceptable,IMG-344CFBC9C6B372F8,DUP-01131,existing_link,not_individually_verified,unknown,retain_candidate,true,No Batch 2 approval or visual review inferred.
B2-LINK-00781,LY-HOT-000446,hotels,فندق السرايا,hotel,IMG-9EA57547A5CADF9F,assets/images/hotels/hotels-LY-HOTELS-00314-02.webp,gallery,true,true,acceptable,IMG-43B95771248041C0,DUP-00831,existing_link,not_individually_verified,unknown,retain_candidate,true,No Batch 2 approval or visual review inferred.
B2-LINK-00782,LY-HOT-000446,hotels,فندق السرايا,hotel,IMG-B9573C8C7FB931A8,assets/images/hotels/hotels-LY-HOTELS-00314-01.webp,gallery,true,true,acceptable,IMG-5269628C74ADF318,DUP-00520,existing_link,not_individually_verified,unknown,retain_candidate,true,No Batch 2 approval or visual review inferred.
B2-LINK-00783,LY-HOT-000484,hotels,فندق المهاري رادسون بلو,resort,IMG-5907F4EB5DA0B991,assets/images/hotels/hotels-LY-HOTELS-00484-01.webp,gallery,true,true,thumbnail_only,IMG-D8ACC0812637695D,DUP-00484,existing_link,not_individually_verified,unknown,retain_candidate,true,No Batch 2 approval or visual review inferred.
B2-LINK-00784,LY-HOT-000484,hotels,فندق المهاري رادسون بلو,resort,IMG-1D26A8EA563CFA7D,assets/images/hotels/hotels-LY-HOTELS-00484-02.webp,gallery,true,true,acceptable,IMG-1831ABDBEC63324B,DUP-00694,existing_link,not_individually_verified,unknown,retain_candidate,true,No Batch 2 approval or visual review inferred.
B2-LINK-00785,LY-HOT-000496,hotels,فندق اوال,hotel,IMG-D2C42BD4A4895D81,assets/images/hotels/hotels-LY-HOTELS-00496-01.webp,gallery,true,true,thumbnail_only,IMG-B69842C26D2B8DC4,DUP-00451,existing_link,not_individually_verified,unknown,retain_candidate,true,No Batch 2 approval or visual review inferred.
B2-LINK-00786,LY-HOT-000496,hotels,فندق اوال,hotel,IMG-BC6300B2485DF600,assets/images/hotels/hotels-LY-HOTELS-00496-02.webp,gallery,true,true,thumbnail_only,IMG-D83CDCADCC9295AE,DUP-01190,existing_link,not_individually_verified,unknown,retain_candidate,true,No Batch 2 approval or visual review inferred.
B2-LINK-00787,LY-HOT-000496,hotels,فندق اوال,hotel,IMG-FC1E579858D4BAAA,assets/images/hotels/hotels-LY-HOTELS-00496-03.webp,gallery,true,true,thumbnail_only,IMG-9BC37422A8E70395,DUP-00392,existing_link,not_individually_verified,unknown,retain_candidate,true,No Batch 2 approval or visual review inferred.
B2-LINK-00788,LY-HOT-000569,hotels,لانكاستر برج الحياة (ماريوت سابقا),hotel,IMG-C73E517BCA650C42,assets/images/hotels/hotels-LY-HOTELS-00569-01.webp,gallery,true,true,thumbnail_only,IMG-CD983E0AAA414E3B,DUP-01271,existing_link,not_individually_verified,unknown,retain_candidate,true,No Batch 2 approval or visual review inferred.
B2-LINK-00789,LY-HOT-000569,hotels,لانكاستر برج الحياة (ماريوت سابقا),hotel,IMG-671B5A534FEAFA09,assets/images/hotels/hotels-LY-HOTELS-00569-02.webp,gallery,true,true,thumbnail_only,IMG-49E389EF4850D588,DUP-00140,existing_link,not_individually_verified,unknown,retain_candidate,true,No Batch 2 approval or visual review inferred.
B2-LINK-00790,LY-HOT-000569,hotels,لانكاستر برج الحياة (ماريوت سابقا),hotel,IMG-9FF9927A68DADFD3,assets/images/hotels/hotels-LY-HOTELS-00569-03.webp,gallery,true,true,thumbnail_only,IMG-1648BDDE568D8C4B,DUP-01288,existing_link,not_individually_verified,unknown,retain_candidate,true,No Batch 2 approval or visual review inferred.
B2-LINK-00791,LY-HOT-000569,hotels,لانكاستر برج الحياة (ماريوت سابقا),hotel,IMG-17ABDA482BABD7F7,assets/images/hotels/hotels-LY-HOTELS-00569-04.webp,gallery,true,true,thumbnail_only,,,existing_link,not_individually_verified,unknown,retain_candidate,true,No Batch 2 approval or visual review inferred.
