candidate_id,image_id,master_image_id,source_relative_path,feature_id,layer_id,feature_name_ar,facility_type,candidate_match_type,candidate_match_score,existing_link,exact_feature_id_match,exact_name_match,folder_match,city_match,gps_match,coordinate_distance_meters,technical_quality,duplicate_group_id,rights_status,manual_review_required,target_group,notes
B2-CAN-00001,IMG-FA97329E9A9EC2B8,IMG-2C6E751270A91DAA,assets/images/hotels/hotels-LY-HOTELS-00001-05.webp,LY-HOT-000001,hotels,فندق كورنثيا,hotel,existing_link,1.0,true,true,false,false,false,false,,thumbnail_only,DUP-01096,unknown,true,Hotels,"Existing local linkage; technical evidence only, not visual verification."
B2-CAN-00002,IMG-498ED4DC235794F3,IMG-8A7CCCA2B7E60737,assets/images/hotels/hotels-LY-HOTELS-00002-02.webp,LY-HOT-000002,hotels,فندق بينثابوليس,hotel,existing_link,1.0,true,true,false,false,false,false,,thumbnail_only,DUP-00134,unknown,true,Hotels,"Existing local linkage; technical evidence only, not visual verification."
B2-CAN-00003,IMG-14000C12BAEA2328,IMG-0E7971CD592A3769,assets/images/hotels/hotels-LY-HOTELS-00002-03.webp,LY-HOT-000002,hotels,فندق بينثابوليس,hotel,existing_link,1.0,true,true,false,false,false,false,,thumbnail_only,DUP-00080,unknown,true,Hotels,"Existing local linkage; technical evidence only, not visual verification."
B2-CAN-00004,IMG-6475D28069ABC0C9,IMG-132F24BC9AA40564,assets/images/hotels/hotels-LY-HOTELS-00002-04.webp,LY-HOT-000002,hotels,فندق بينثابوليس,hotel,existing_link,1.0,true,true,false,false,false,false,,thumbnail_only,DUP-01310,unknown,true,Hotels,"Existing local linkage; technical evidence only, not visual verification."
B2-CAN-00005,IMG-B802642D83C0705A,IMG-7109F2C92F3524CC,assets/images/hotels/hotels-LY-HOTELS-00003-01.webp,LY-HOT-000003,hotels,فندق جوهرة الواحة,hostel,existing_link,1.0,true,true,false,false,false,false,,thumbnail_only,DUP-00464,unknown,true,Hotels,"Existing local linkage; technical evidence only, not visual verification."
B2-CAN-00006,IMG-FC1ADD1B64A7B49D,IMG-4067243311199310,assets/images/hotels/hotels-LY-HOTELS-00003-02.webp,LY-HOT-000003,hotels,فندق جوهرة الواحة,hostel,existing_link,1.0,true,true,false,false,false,false,,thumbnail_only,DUP-01101,unknown,true,Hotels,"Existing local linkage; technical evidence only, not visual verification."
B2-CAN-00007,IMG-3E72908363D437BE,,assets/images/hotels/hotels-LY-HOTELS-00003-03.webp,LY-HOT-000003,hotels,فندق جوهرة الواحة,hostel,existing_link,1.0,true,true,false,false,false,false,,thumbnail_only,,unknown,true,Hotels,"Existing local linkage; technical evidence only, not visual verification."
B2-CAN-00008,IMG-6A80A1649E885F5F,IMG-A5742B2F99C4C31D,assets/images/hotels/hotels-LY-HOTELS-00003-04.webp,LY-HOT-000003,hotels,فندق جوهرة الواحة,hostel,existing_link,1.0,true,true,false,false,false,false,,thumbnail_only,DUP-00769,unknown,true,Hotels,"Existing local linkage; technical evidence only, not visual verification."
B2-CAN-00009,IMG-D290D5E752B7F249,IMG-1F1F62E31C92DC9F,assets/images/hotels/hotels-LY-HOTELS-00004-01.webp,LY-HOT-000004,hotels,فندق تبرس,hostel,existing_link,1.0,true,true,false,false,false,false,,thumbnail_only,DUP-00501,unknown,true,Hotels,"Existing local linkage; technical evidence only, not visual verification."
B2-CAN-00010,IMG-46F49E7C221A033F,IMG-519E9786E63972DB,assets/images/hotels/hotels-LY-HOTELS-00004-02.webp,LY-HOT-000004,hotels,فندق تبرس,hostel,existing_link,1.0,true,true,false,false,false,false,,thumbnail_only,DUP-00778,unknown,true,Hotels,"Existing local linkage; technical evidence only, not visual verification."
B2-CAN-00011,IMG-02BE325FA2853805,IMG-5E57E1652E9C5361,assets/images/hotels/hotels-LY-HOTELS-00005-04.webp,LY-HOT-000005,hotels,منتجع شحات السياحي,resort,existing_link,1.0,true,true,false,false,false,false,,acceptable,DUP-01002,unknown,true,Hotels,"Existing local linkage; technical evidence only, not visual verification."
B2-CAN-00012,IMG-40B37878823F011F,IMG-40B37878823F011F,assets/images/hotels/hotels-LY-HOTELS-00005-05.webp,LY-HOT-000005,hotels,منتجع شحات السياحي,resort,existing_link,1.0,true,true,false,false,false,false,,acceptable,DUP-00313,unknown,true,Hotels,"Existing local linkage; technical evidence only, not visual verification."
B2-CAN-00013,IMG-230B3A6E36310AD5,IMG-8DC747601EC6069C,assets/images/hotels/hotels-LY-HOTELS-00005-06.webp,LY-HOT-000005,hotels,منتجع شحات السياحي,resort,existing_link,1.0,true,true,false,false,false,false,,high,DUP-00042,unknown,true,Hotels,"Existing local linkage; technical evidence only, not visual verification."
B2-CAN-00014,IMG-C1C05F1A9D79A78A,IMG-6E813051ABAE8EF8,assets/images/hotels/hotels-LY-HOTELS-00006-04.webp,LY-HOT-000006,hotels,فندق المنارة,hotel,existing_link,1.0,true,true,false,false,false,false,,acceptable,DUP-01122,unknown,true,Hotels,"Existing local linkage; technical evidence only, not visual verification."
B2-CAN-00015,IMG-689BA7BAF801552C,IMG-5B7142A4EFCBA2D4,assets/images/hotels/hotels-LY-HOTELS-00006-05.webp,LY-HOT-000006,hotels,فندق المنارة,hotel,existing_link,1.0,true,true,false,false,false,false,,acceptable,DUP-00594,unknown,true,Hotels,"Existing local linkage; technical evidence only, not visual verification."
B2-CAN-00016,IMG-11FA0A8CD5EB2920,IMG-C339038E88B2C8FF,assets/images/hotels/hotels-LY-HOTELS-00006-06.webp,LY-HOT-000006,hotels,فندق المنارة,hotel,existing_link,1.0,true,true,false,false,false,false,,acceptable,DUP-01031,unknown,true,Hotels,"Existing local linkage; technical evidence only, not visual verification."
B2-CAN-00017,IMG-7703B3398C7DF70E,IMG-7FB51DD7960436EF,assets/images/hotels/hotels-LY-HOTELS-00007-02.webp,LY-HOT-000007,hotels,فندق لؤلؤة الخليج,hostel,existing_link,1.0,true,true,false,false,false,false,,thumbnail_only,DUP-00366,unknown,true,Hotels,"Existing local linkage; technical evidence only, not visual verification."
B2-CAN-00018,IMG-732E1994D7D4EF4B,IMG-0DF8A715A9B5BE0F,assets/images/hotels/hotels-LY-HOTELS-00007-03.webp,LY-HOT-000007,hotels,فندق لؤلؤة الخليج,hostel,existing_link,1.0,true,true,false,false,false,false,,thumbnail_only,DUP-01264,unknown,true,Hotels,"Existing local linkage; technical evidence only, not visual verification."
B2-CAN-00019,IMG-5EB2C1FAE325444C,IMG-12962076A3275132,assets/images/hotels/hotels-LY-HOTELS-00008-04.webp,LY-HOT-000008,hotels,فندق التلال الوسيطة البيضاء,resort,existing_link,1.0,true,true,false,false,false,false,,thumbnail_only,DUP-00948,unknown,true,Hotels,"Existing local linkage; technical evidence only, not visual verification."
B2-CAN-00020,IMG-CCEFA42B6FCE0C72,IMG-EEFA7360E188E3E9,assets/images/hotels/hotels-LY-HOTELS-00008-05.webp,LY-HOT-000008,hotels,فندق التلال الوسيطة البيضاء,resort,existing_link,1.0,true,true,false,false,false,false,,thumbnail_only,DUP-00232,unknown,true,Hotels,"Existing local linkage; technical evidence only, not visual verification."
B2-CAN-00021,IMG-B496E4D876E85B25,IMG-B516A095E702B8B4,assets/images/hotels/hotels-LY-HOTELS-00008-06.webp,LY-HOT-000008,hotels,فندق التلال الوسيطة البيضاء,resort,existing_link,1.0,true,true,false,false,false,false,,thumbnail_only,DUP-00148,unknown,true,Hotels,"Existing local linkage; technical evidence only, not visual verification."
B2-CAN-00022,IMG-3C67E6809FD5E9E6,IMG-E5FEF0D97E268473,assets/images/hotels/hotels-LY-HOTELS-00008-07.webp,LY-HOT-000008,hotels,فندق التلال الوسيطة البيضاء,resort,existing_link,1.0,true,true,false,false,false,false,,thumbnail_only,DUP-00375,unknown,true,Hotels,"Existing local linkage; technical evidence only, not visual verification."
B2-CAN-00023,IMG-819089A3F33FB55C,IMG-E8A0ACB419E446F1,assets/images/hotels/hotels-LY-HOTELS-00009-01.webp,LY-HOT-000009,hotels,العنود للشقق الفندقية,hotel,existing_link,1.0,true,true,false,false,false,false,,thumbnail_only,DUP-01222,unknown,true,Hotels,"Existing local linkage; technical evidence only, not visual verification."
B2-CAN-00024,IMG-8302B3A52AE6F475,IMG-8E0A80A036FBC349,assets/images/hotels/hotels-LY-HOTELS-00009-02.webp,LY-HOT-000009,hotels,العنود للشقق الفندقية,hotel,existing_link,1.0,true,true,false,false,false,false,,thumbnail_only,DUP-00426,unknown,true,Hotels,"Existing local linkage; technical evidence only, not visual verification."
B2-CAN-00025,IMG-692F979223300C23,IMG-F971B4FC52EF7D77,assets/images/hotels/hotels-LY-HOTELS-00009-03.webp,LY-HOT-000009,hotels,العنود للشقق الفندقية,hotel,existing_link,1.0,true,true,false,false,false,false,,thumbnail_only,DUP-00652,unknown,true,Hotels,"Existing local linkage; technical evidence only, not visual verification."
B2-CAN-00026,IMG-DAE7BE536406D158,IMG-9E7099941982808B,assets/images/hotels/hotels-LY-HOTELS-00009-04.webp,LY-HOT-000009,hotels,العنود للشقق الفندقية,hotel,existing_link,1.0,true,true,false,false,false,false,,thumbnail_only,DUP-00172,unknown,true,Hotels,"Existing local linkage; technical evidence only, not visual verification."
B2-CAN-00027,IMG-55D8F93ACEA7906A,IMG-C703BA3F8EA4B26E,assets/images/hotels/hotels-LY-HOTELS-00010-01.webp,LY-HOT-000010,hotels,فندق الثريا,hotel,existing_link,1.0,true,true,false,false,false,false,,thumbnail_only,DUP-00643,unknown,true,Hotels,"Existing local linkage; technical evidence only, not visual verification."
B2-CAN-00028,IMG-EA82B65A2B458435,IMG-5782AFEA9FC32E00,assets/images/hotels/hotels-LY-HOTELS-00010-02.webp,LY-HOT-000010,hotels,فندق الثريا,hotel,existing_link,1.0,true,true,false,false,false,false,,thumbnail_only,DUP-00085,unknown,true,Hotels,"Existing local linkage; technical evidence only, not visual verification."
B2-CAN-00029,IMG-F2548E6563FBF140,IMG-5BA29A2AD9794D66,assets/images/hotels/hotels-LY-HOTELS-00010-03.webp,LY-HOT-000010,hotels,فندق الثريا,hotel,existing_link,1.0,true,true,false,false,false,false,,thumbnail_only,DUP-00980,unknown,true,Hotels,"Existing local linkage; technical evidence only, not visual verification."
B2-CAN-00030,IMG-39AD2585FAA1C1B4,IMG-BD5AE29CFD421B85,assets/images/hotels/hotels-LY-HOTELS-00010-04.webp,LY-HOT-000010,hotels,فندق الثريا,hotel,existing_link,1.0,true,true,false,false,false,false,,thumbnail_only,DUP-00124,unknown,true,Hotels,"Existing local linkage; technical evidence only, not visual verification."
B2-CAN-00031,IMG-8F535C871C5F10F8,IMG-D4D00CD2677C29B4,assets/images/hotels/hotels-LY-HOTELS-00010-05.webp,LY-HOT-000010,hotels,فندق الثريا,hotel,existing_link,1.0,true,true,false,false,false,false,,thumbnail_only,DUP-00056,unknown,true,Hotels,"Existing local linkage; technical evidence only, not visual verification."
B2-CAN-00032,IMG-65AB52B2F6CC48F7,IMG-84252D7DCE95F6A0,assets/images/hotels/hotels-LY-HOTELS-00011-04.webp,LY-HOT-000011,hotels,منتجع الينابيع السياحي,resort,existing_link,1.0,true,true,false,false,false,false,,high,DUP-00952,unknown,true,Hotels,"Existing local linkage; technical evidence only, not visual verification."
B2-CAN-00033,IMG-DF81B5FBDADD0871,IMG-90022B6C6261A0E8,assets/images/hotels/hotels-LY-HOTELS-00011-05.webp,LY-HOT-000011,hotels,منتجع الينابيع السياحي,resort,existing_link,1.0,true,true,false,false,false,false,,high,DUP-00874,unknown,true,Hotels,"Existing local linkage; technical evidence only, not visual verification."
B2-CAN-00034,IMG-119A09082CDA83D7,IMG-5568E8921219816B,assets/images/hotels/hotels-LY-HOTELS-00012-01.webp,LY-HOT-000012,hotels,فندق برقة,hotel,existing_link,1.0,true,true,false,false,false,false,,thumbnail_only,DUP-00310,unknown,true,Hotels,"Existing local linkage; technical evidence only, not visual verification."
B2-CAN-00035,IMG-70EDD68175987801,IMG-70EDD68175987801,assets/images/hotels/hotels-LY-HOTELS-00018-01.webp,LY-HOT-000018,hotels,فندق الطاووس,hostel,existing_link,1.0,true,true,false,false,false,false,,thumbnail_only,DUP-00873,unknown,true,Hotels,"Existing local linkage; technical evidence only, not visual verification."
B2-CAN-00036,IMG-5E40B38E935885E6,IMG-3F0019B1FB50CC2A,assets/images/hotels/hotels-LY-HOTELS-00018-02.webp,LY-HOT-000018,hotels,فندق الطاووس,hostel,existing_link,1.0,true,true,false,false,false,false,,thumbnail_only,DUP-01203,unknown,true,Hotels,"Existing local linkage; technical evidence only, not visual verification."
B2-CAN-00037,IMG-2C9B115E5AEA12E9,IMG-BD5C230F0F3E49A2,assets/images/hotels/hotels-LY-HOTELS-00018-03.webp,LY-HOT-000018,hotels,فندق الطاووس,hostel,existing_link,1.0,true,true,false,false,false,false,,thumbnail_only,DUP-00558,unknown,true,Hotels,"Existing local linkage; technical evidence only, not visual verification."
B2-CAN-00038,IMG-26DF96E261C14EE6,IMG-7F8085AC82D3F80B,assets/images/hotels/hotels-LY-HOTELS-00018-04.webp,LY-HOT-000018,hotels,فندق الطاووس,hostel,existing_link,1.0,true,true,false,false,false,false,,thumbnail_only,DUP-00061,unknown,true,Hotels,"Existing local linkage; technical evidence only, not visual verification."
B2-CAN-00039,IMG-6A860408D3A66731,IMG-8D9EA23C81887426,assets/images/hotels/hotels-LY-HOTELS-00019-02.webp,LY-HOT-000019,hotels,فندق الودان,hotel,existing_link,1.0,true,true,false,false,false,false,,thumbnail_only,DUP-00826,unknown,true,Hotels,"Existing local linkage; technical evidence only, not visual verification."
B2-CAN-00040,IMG-DB43D8167DF482F3,IMG-67FC91E64EB9249D,assets/images/hotels/hotels-LY-HOTELS-00019-03.webp,LY-HOT-000019,hotels,فندق الودان,hotel,existing_link,1.0,true,true,false,false,false,false,,thumbnail_only,DUP-01094,unknown,true,Hotels,"Existing local linkage; technical evidence only, not visual verification."
B2-CAN-00041,IMG-23AA573D976863BF,IMG-F4180DB62996EED6,assets/images/hotels/hotels-LY-HOTELS-00019-04.webp,LY-HOT-000019,hotels,فندق الودان,hotel,existing_link,1.0,true,true,false,false,false,false,,thumbnail_only,DUP-00932,unknown,true,Hotels,"Existing local linkage; technical evidence only, not visual verification."
B2-CAN-00042,IMG-2E69969DD1EF1BAB,IMG-B7C610ED65925F5D,assets/images/hotels/hotels-LY-HOTELS-00019-05.webp,LY-HOT-000019,hotels,فندق الودان,hotel,existing_link,1.0,true,true,false,false,false,false,,thumbnail_only,DUP-00746,unknown,true,Hotels,"Existing local linkage; technical evidence only, not visual verification."
B2-CAN-00043,IMG-872A6D479BE28E01,IMG-FCAE0E7CAF03F59D,assets/images/hotels/hotels-LY-HOTELS-00020-02.webp,LY-HOT-000020,hotels,فندق دار السلام ( المسيرة سابقا ),hotel,existing_link,1.0,true,true,false,false,false,false,,thumbnail_only,DUP-00670,unknown,true,Hotels,"Existing local linkage; technical evidence only, not visual verification."
B2-CAN-00044,IMG-253F76E0FE94EBF3,,assets/images/hotels/hotels-LY-HOTELS-00020-03.webp,LY-HOT-000020,hotels,فندق دار السلام ( المسيرة سابقا ),hotel,existing_link,1.0,true,true,false,false,false,false,,thumbnail_only,,unknown,true,Hotels,"Existing local linkage; technical evidence only, not visual verification."
B2-CAN-00045,IMG-62E2C2869EB72051,IMG-DA73381C48679FF7,assets/images/hotels/hotels-LY-HOTELS-00020-04.webp,LY-HOT-000020,hotels,فندق دار السلام ( المسيرة سابقا ),hotel,existing_link,1.0,true,true,false,false,false,false,,thumbnail_only,DUP-00149,unknown,true,Hotels,"Existing local linkage; technical evidence only, not visual verification."
B2-CAN-00046,IMG-066297BAC6AAE169,IMG-3D038DA6076E2102,assets/images/hotels/hotels-LY-HOTELS-00020-05.webp,LY-HOT-000020,hotels,فندق دار السلام ( المسيرة سابقا ),hotel,existing_link,1.0,true,true,false,false,false,false,,thumbnail_only,DUP-00807,unknown,true,Hotels,"Existing local linkage; technical evidence only, not visual verification."
B2-CAN-00047,IMG-3CBAB36D93017A02,IMG-A6E700E352D9D346,assets/images/hotels/hotels-LY-HOTELS-00021-01.webp,LY-HOT-000021,hotels,فندق سان جورج,hotel,existing_link,1.0,true,true,false,false,false,false,,thumbnail_only,DUP-00888,unknown,true,Hotels,"Existing local linkage; technical evidence only, not visual verification."
B2-CAN-00048,IMG-95CF601757354B3F,IMG-DA3F97E70275903E,assets/images/hotels/hotels-LY-HOTELS-00021-02.webp,LY-HOT-000021,hotels,فندق سان جورج,hotel,existing_link,1.0,true,true,false,false,false,false,,thumbnail_only,DUP-00467,unknown,true,Hotels,"Existing local linkage; technical evidence only, not visual verification."
B2-CAN-00049,IMG-6B6A6F7DC87798A5,IMG-21B747EF21AF4EB2,assets/images/hotels/hotels-LY-HOTELS-00021-03.webp,LY-HOT-000021,hotels,فندق سان جورج,hotel,existing_link,1.0,true,true,false,false,false,false,,thumbnail_only,DUP-00602,unknown,true,Hotels,"Existing local linkage; technical evidence only, not visual verification."
B2-CAN-00050,IMG-D029A97AEA25937B,IMG-02C2E0F3E00D62FE,assets/images/hotels/hotels-LY-HOTELS-00021-04.webp,LY-HOT-000021,hotels,فندق سان جورج,hotel,existing_link,1.0,true,true,false,false,false,false,,thumbnail_only,DUP-01215,unknown,true,Hotels,"Existing local linkage; technical evidence only, not visual verification."
B2-CAN-00051,IMG-19C3F36AD1E19044,IMG-7F6D30A79425F860,assets/images/hotels/hotels-LY-HOTELS-00022-01.webp,LY-HOT-000022,hotels,فندق الحسنين الكبير,hostel,existing_link,1.0,true,true,false,false,false,false,,thumbnail_only,DUP-00650,unknown,true,Hotels,"Existing local linkage; technical evidence only, not visual verification."
B2-CAN-00052,IMG-5E9DCD4D059C7AD9,IMG-806E5F9FF99C0997,assets/images/hotels/hotels-LY-HOTELS-00022-02.webp,LY-HOT-000022,hotels,فندق الحسنين الكبير,hostel,existing_link,1.0,true,true,false,false,false,false,,thumbnail_only,DUP-00704,unknown,true,Hotels,"Existing local linkage; technical evidence only, not visual verification."
B2-CAN-00053,IMG-314F97456D2A7EB2,IMG-30873D3AF2BC6450,assets/images/hotels/hotels-LY-HOTELS-00022-03.webp,LY-HOT-000022,hotels,فندق الحسنين الكبير,hostel,existing_link,1.0,true,true,false,false,false,false,,thumbnail_only,DUP-00498,unknown,true,Hotels,"Existing local linkage; technical evidence only, not visual verification."
B2-CAN-00054,IMG-56A6440E48860943,IMG-764C36CA540766FE,assets/images/hotels/hotels-LY-HOTELS-00023-01.webp,LY-HOT-000023,hotels,بيوت الشباب,hostel,existing_link,1.0,true,true,false,false,false,false,,thumbnail_only,DUP-00630,unknown,true,Hotels,"Existing local linkage; technical evidence only, not visual verification."
B2-CAN-00055,IMG-FD2787C91485695B,IMG-9B59C43D9CD1C18B,assets/images/hotels/hotels-LY-HOTELS-00023-02.webp,LY-HOT-000023,hotels,بيوت الشباب,hostel,existing_link,1.0,true,true,false,false,false,false,,acceptable,DUP-00763,unknown,true,Hotels,"Existing local linkage; technical evidence only, not visual verification."
B2-CAN-00056,IMG-F51E7FC26DAC2D45,IMG-C19301E8DA3E8463,assets/images/hotels/hotels-LY-HOTELS-00023-03.webp,LY-HOT-000023,hotels,بيوت الشباب,hostel,existing_link,1.0,true,true,false,false,false,false,,high,DUP-00566,unknown,true,Hotels,"Existing local linkage; technical evidence only, not visual verification."
B2-CAN-00057,IMG-E1B016E4293C4E28,IMG-E1B016E4293C4E28,assets/images/hotels/hotels-LY-HOTELS-00023-04.webp,LY-HOT-000023,hotels,بيوت الشباب,hostel,existing_link,1.0,true,true,false,false,false,false,,high,DUP-01198,unknown,true,Hotels,"Existing local linkage; technical evidence only, not visual verification."
B2-CAN-00058,IMG-F5D8E40E6C1EA4DB,IMG-ECA705914F3DDBD7,assets/images/hotels/hotels-LY-HOTELS-00024-01.webp,LY-HOT-000024,hotels,فندق بلاغراي السياحي ( التلال سابقا ),hostel,existing_link,1.0,true,true,false,false,false,false,,thumbnail_only,DUP-00833,unknown,true,Hotels,"Existing local linkage; technical evidence only, not visual verification."
B2-CAN-00059,IMG-E7D3068BC5E134C3,IMG-FB213F7408D70E4A,assets/images/hotels/hotels-LY-HOTELS-00024-03.webp,LY-HOT-000024,hotels,فندق بلاغراي السياحي ( التلال سابقا ),hostel,existing_link,1.0,true,true,false,false,false,false,,thumbnail_only,DUP-01173,unknown,true,Hotels,"Existing local linkage; technical evidence only, not visual verification."
B2-CAN-00060,IMG-DE54699A7BE9E866,IMG-6E0E1A2F23BFA9C0,assets/images/hotels/hotels-LY-HOTELS-00024-04.webp,LY-HOT-000024,hotels,فندق بلاغراي السياحي ( التلال سابقا ),hostel,existing_link,1.0,true,true,false,false,false,false,,thumbnail_only,DUP-00116,unknown,true,Hotels,"Existing local linkage; technical evidence only, not visual verification."
B2-CAN-00061,IMG-2DCB4191BC42A6BC,IMG-9A7A508A4150B7F2,assets/images/hotels/hotels-LY-HOTELS-00024-05.webp,LY-HOT-000024,hotels,فندق بلاغراي السياحي ( التلال سابقا ),hostel,existing_link,1.0,true,true,false,false,false,false,,thumbnail_only,DUP-01201,unknown,true,Hotels,"Existing local linkage; technical evidence only, not visual verification."
B2-CAN-00062,IMG-E4FA3718C8C00988,IMG-08F6D5CE7DAC9C94,assets/images/hotels/hotels-LY-HOTELS-00025-02.webp,LY-HOT-000025,hotels,منتجع ايميليا,resort,existing_link,1.0,true,true,false,false,false,false,,thumbnail_only,DUP-00284,unknown,true,Hotels,"Existing local linkage; technical evidence only, not visual verification."
B2-CAN-00063,IMG-2ED96BA245C7977F,IMG-E6D959555AF952BD,assets/images/hotels/hotels-LY-HOTELS-00025-03.webp,LY-HOT-000025,hotels,منتجع ايميليا,resort,existing_link,1.0,true,true,false,false,false,false,,thumbnail_only,DUP-00338,unknown,true,Hotels,"Existing local linkage; technical evidence only, not visual verification."
B2-CAN-00064,IMG-ED49B7E26705D04D,IMG-2AD89B2842B07053,assets/images/hotels/hotels-LY-HOTELS-00025-04.webp,LY-HOT-000025,hotels,منتجع ايميليا,resort,existing_link,1.0,true,true,false,false,false,false,,thumbnail_only,DUP-00578,unknown,true,Hotels,"Existing local linkage; technical evidence only, not visual verification."
B2-CAN-00065,IMG-185BDC2EE6D50CD9,,assets/images/hotels/hotels-LY-HOTELS-00025-05.webp,LY-HOT-000025,hotels,منتجع ايميليا,resort,existing_link,1.0,true,true,false,false,false,false,,thumbnail_only,,unknown,true,Hotels,"Existing local linkage; technical evidence only, not visual verification."
B2-CAN-00066,IMG-BB269B254C48DEA9,IMG-07FFCFDE37505508,assets/images/hotels/hotels-LY-HOTELS-00025-06.webp,LY-HOT-000025,hotels,منتجع ايميليا,resort,existing_link,1.0,true,true,false,false,false,false,,thumbnail_only,DUP-00617,unknown,true,Hotels,"Existing local linkage; technical evidence only, not visual verification."
B2-CAN-00067,IMG-2B0470543FB41D5D,IMG-C455F0239870E895,assets/images/hotels/hotels-LY-HOTELS-00026-01.webp,LY-HOT-000026,hotels,منتجع وموتيل الأمان,resort,existing_link,1.0,true,true,false,false,false,false,,thumbnail_only,DUP-00875,unknown,true,Hotels,"Existing local linkage; technical evidence only, not visual verification."
B2-CAN-00068,IMG-DC66EC13E3ED095D,IMG-73A199B840BD9A0E,assets/images/hotels/hotels-LY-HOTELS-00026-02.webp,LY-HOT-000026,hotels,منتجع وموتيل الأمان,resort,existing_link,1.0,true,true,false,false,false,false,,thumbnail_only,DUP-00862,unknown,true,Hotels,"Existing local linkage; technical evidence only, not visual verification."
B2-CAN-00069,IMG-1E9F3B0C58B000F9,,assets/images/hotels/hotels-LY-HOTELS-00026-03.webp,LY-HOT-000026,hotels,منتجع وموتيل الأمان,resort,existing_link,1.0,true,true,false,false,false,false,,thumbnail_only,,unknown,true,Hotels,"Existing local linkage; technical evidence only, not visual verification."
B2-CAN-00070,IMG-12A99CAC837B7066,IMG-6468C08B1B1F0DFA,assets/images/hotels/hotels-LY-HOTELS-00026-04.webp,LY-HOT-000026,hotels,منتجع وموتيل الأمان,resort,existing_link,1.0,true,true,false,false,false,false,,thumbnail_only,DUP-00225,unknown,true,Hotels,"Existing local linkage; technical evidence only, not visual verification."
B2-CAN-00071,IMG-76159BDC315DE906,IMG-2A66FD84B44F3088,assets/images/hotels/hotels-LY-HOTELS-00027-02.webp,LY-HOT-000027,hotels,بيوت شباب غدامس,review_required,existing_link,1.0,true,true,false,false,false,false,,thumbnail_only,DUP-00142,unknown,true,Hotels,"Existing local linkage; technical evidence only, not visual verification."
B2-CAN-00072,IMG-EEC9D5AE902233A5,IMG-228F6BDB3D316354,assets/images/hotels/hotels-LY-HOTELS-00028-01.webp,LY-HOT-000028,hotels,نالوت غدامس فندق باب العز,hotel,existing_link,1.0,true,true,false,false,false,false,,thumbnail_only,DUP-00242,unknown,true,Hotels,"Existing local linkage; technical evidence only, not visual verification."
B2-CAN-00073,IMG-CC12F19157DAA806,IMG-CDA45E1F00D6ADE2,assets/images/hotels/hotels-LY-HOTELS-00028-02.webp,LY-HOT-000028,hotels,نالوت غدامس فندق باب العز,hotel,existing_link,1.0,true,true,false,false,false,false,,thumbnail_only,DUP-00178,unknown,true,Hotels,"Existing local linkage; technical evidence only, not visual verification."
B2-CAN-00074,IMG-9180DF4FCBAF9A01,IMG-A0A5587BA0643ED6,assets/images/hotels/hotels-LY-HOTELS-00028-03.webp,LY-HOT-000028,hotels,نالوت غدامس فندق باب العز,hotel,existing_link,1.0,true,true,false,false,false,false,,thumbnail_only,DUP-01119,unknown,true,Hotels,"Existing local linkage; technical evidence only, not visual verification."
B2-CAN-00075,IMG-0F373BA333C2EBDE,IMG-CB96DDDE68C5CFBE,assets/images/hotels/hotels-LY-HOTELS-00029-03.webp,LY-HOT-000029,hotels,فندق أبراج الوسطى,hotel,existing_link,1.0,true,true,false,false,false,false,,thumbnail_only,DUP-00502,unknown,true,Hotels,"Existing local linkage; technical evidence only, not visual verification."
B2-CAN-00076,IMG-35F1F2EDB9CDDCA1,IMG-C08AB5D6B044ED79,assets/images/hotels/hotels-LY-HOTELS-00029-04.webp,LY-HOT-000029,hotels,فندق أبراج الوسطى,hotel,existing_link,1.0,true,true,false,false,false,false,,thumbnail_only,DUP-00202,unknown,true,Hotels,"Existing local linkage; technical evidence only, not visual verification."
B2-CAN-00077,IMG-4B53EBB6AABCC1D3,IMG-935DD19ECAFD33E4,assets/images/hotels/hotels-LY-HOTELS-00031-01.webp,LY-HOT-000031,hotels,فندق قصر الفيروز,hostel,existing_link,1.0,true,true,false,false,false,false,,thumbnail_only,DUP-00031,unknown,true,Hotels,"Existing local linkage; technical evidence only, not visual verification."
B2-CAN-00078,IMG-110FEF464D2C395F,IMG-BE5EAB4A5C09CAA4,assets/images/hotels/hotels-LY-HOTELS-00031-02.webp,LY-HOT-000031,hotels,فندق قصر الفيروز,hostel,existing_link,1.0,true,true,false,false,false,false,,thumbnail_only,DUP-00021,unknown,true,Hotels,"Existing local linkage; technical evidence only, not visual verification."
B2-CAN-00079,IMG-590675C1DE7ECB98,IMG-ACCE222A1C8826AD,assets/images/hotels/hotels-LY-HOTELS-00031-03.webp,LY-HOT-000031,hotels,فندق قصر الفيروز,hostel,existing_link,1.0,true,true,false,false,false,false,,thumbnail_only,DUP-00790,unknown,true,Hotels,"Existing local linkage; technical evidence only, not visual verification."
B2-CAN-00080,IMG-88F9E3D4EBB82F29,IMG-7B49A9BE9EE45794,assets/images/hotels/hotels-LY-HOTELS-00031-04.webp,LY-HOT-000031,hotels,فندق قصر الفيروز,hostel,existing_link,1.0,true,true,false,false,false,false,,thumbnail_only,DUP-00634,unknown,true,Hotels,"Existing local linkage; technical evidence only, not visual verification."
B2-CAN-00081,IMG-792FD5E40F6FFFF5,IMG-6332230EC4683844,assets/images/hotels/hotels-LY-HOTELS-00031-05.webp,LY-HOT-000031,hotels,فندق قصر الفيروز,hostel,existing_link,1.0,true,true,false,false,false,false,,thumbnail_only,DUP-00405,unknown,true,Hotels,"Existing local linkage; technical evidence only, not visual verification."
B2-CAN-00082,IMG-FFE2673C35F0DB78,IMG-A06795E129A97F38,assets/images/hotels/hotels-LY-HOTELS-00031-06.webp,LY-HOT-000031,hotels,فندق قصر الفيروز,hostel,existing_link,1.0,true,true,false,false,false,false,,thumbnail_only,DUP-00234,unknown,true,Hotels,"Existing local linkage; technical evidence only, not visual verification."
B2-CAN-00083,IMG-5BA106F592D0332E,IMG-19CA1851ED79FB1D,assets/images/hotels/hotels-LY-HOTELS-00032-01.webp,LY-HOT-000032,hotels,Royal Gardens Hotels,hostel,existing_link,1.0,true,true,false,false,false,false,,thumbnail_only,DUP-01126,unknown,true,Hotels,"Existing local linkage; technical evidence only, not visual verification."
B2-CAN-00084,IMG-3E3FF2B9BBAEFFDB,IMG-2FA35C187FC45B3D,assets/images/hotels/hotels-LY-HOTELS-00032-02.webp,LY-HOT-000032,hotels,Royal Gardens Hotels,hostel,existing_link,1.0,true,true,false,false,false,false,,thumbnail_only,DUP-00667,unknown,true,Hotels,"Existing local linkage; technical evidence only, not visual verification."
B2-CAN-00085,IMG-4B63A3D90F8A46D0,IMG-C615EE7FE44FF088,assets/images/hotels/hotels-LY-HOTELS-00032-03.webp,LY-HOT-000032,hotels,Royal Gardens Hotels,hostel,existing_link,1.0,true,true,false,false,false,false,,thumbnail_only,DUP-00009,unknown,true,Hotels,"Existing local linkage; technical evidence only, not visual verification."
B2-CAN-00086,IMG-5ED99B628601EBD3,IMG-522DC3EE12090AF5,assets/images/hotels/hotels-LY-HOTELS-00034-01.webp,LY-HOT-000034,hotels,فندق احواص,hostel,existing_link,1.0,true,true,false,false,false,false,,acceptable,DUP-00839,unknown,true,Hotels,"Existing local linkage; technical evidence only, not visual verification."
B2-CAN-00087,IMG-657CB03042B5C04B,IMG-03ECD13E8D5C6991,assets/images/hotels/hotels-LY-HOTELS-00035-01.webp,LY-HOT-000035,hotels,فندق الانوار,hotel,existing_link,1.0,true,true,false,false,false,false,,thumbnail_only,DUP-00656,unknown,true,Hotels,"Existing local linkage; technical evidence only, not visual verification."
B2-CAN-00088,IMG-CE769FD5F6AAABCE,IMG-2484267A6E6822D2,assets/images/hotels/hotels-LY-HOTELS-00035-02.webp,LY-HOT-000035,hotels,فندق الانوار,hotel,existing_link,1.0,true,true,false,false,false,false,,acceptable,DUP-00270,unknown,true,Hotels,"Existing local linkage; technical evidence only, not visual verification."
B2-CAN-00089,IMG-69AD6A21A3E984EB,IMG-93BF26F7ED744E21,assets/images/hotels/hotels-LY-HOTELS-00035-03.webp,LY-HOT-000035,hotels,فندق الانوار,hotel,existing_link,1.0,true,true,false,false,false,false,,acceptable,DUP-00062,unknown,true,Hotels,"Existing local linkage; technical evidence only, not visual verification."
B2-CAN-00090,IMG-340DE9CF9A3B05FC,IMG-F5781B86F1F14F78,assets/images/hotels/hotels-LY-HOTELS-00035-04.webp,LY-HOT-000035,hotels,فندق الانوار,hotel,existing_link,1.0,true,true,false,false,false,false,,high,DUP-01265,unknown,true,Hotels,"Existing local linkage; technical evidence only, not visual verification."
B2-CAN-00091,IMG-02413AAE55399FB1,IMG-D3FB20419603B1A1,assets/images/hotels/hotels-LY-HOTELS-00036-01.webp,LY-HOT-000036,hotels,فندق الأخوة,hotel,existing_link,1.0,true,true,false,false,false,false,,thumbnail_only,DUP-01194,unknown,true,Hotels,"Existing local linkage; technical evidence only, not visual verification."
B2-CAN-00092,IMG-2BF4C09ED2ED2AE0,IMG-982EFF887CF64AFB,assets/images/hotels/hotels-LY-HOTELS-00036-02.webp,LY-HOT-000036,hotels,فندق الأخوة,hotel,existing_link,1.0,true,true,false,false,false,false,,thumbnail_only,DUP-00768,unknown,true,Hotels,"Existing local linkage; technical evidence only, not visual verification."
B2-CAN-00093,IMG-01918427C4543AEF,IMG-02DD2D3973F5720A,assets/images/hotels/hotels-LY-HOTELS-00036-03.webp,LY-HOT-000036,hotels,فندق الأخوة,hotel,existing_link,1.0,true,true,false,false,false,false,,thumbnail_only,DUP-01057,unknown,true,Hotels,"Existing local linkage; technical evidence only, not visual verification."
B2-CAN-00094,IMG-2D6FD52000FBB7A9,IMG-0C85CA8C6A8DB3B4,assets/images/hotels/hotels-LY-HOTELS-00036-04.webp,LY-HOT-000036,hotels,فندق الأخوة,hotel,existing_link,1.0,true,true,false,false,false,false,,thumbnail_only,DUP-00902,unknown,true,Hotels,"Existing local linkage; technical evidence only, not visual verification."
B2-CAN-00095,IMG-5806382F3E321975,IMG-D0E8CF7434915CC6,assets/images/hotels/hotels-LY-HOTELS-00037-01.webp,LY-HOT-000037,hotels,فندق الأصالة,hotel,existing_link,1.0,true,true,false,false,false,false,,thumbnail_only,DUP-00693,unknown,true,Hotels,"Existing local linkage; technical evidence only, not visual verification."
B2-CAN-00096,IMG-24671DEE5175D8F7,IMG-5BDAB4269E892130,assets/images/hotels/hotels-LY-HOTELS-00037-02.webp,LY-HOT-000037,hotels,فندق الأصالة,hotel,existing_link,1.0,true,true,false,false,false,false,,thumbnail_only,DUP-00818,unknown,true,Hotels,"Existing local linkage; technical evidence only, not visual verification."
B2-CAN-00097,IMG-4F8609AE7C0DB9C4,IMG-3A059A0B4DC4A8E3,assets/images/hotels/hotels-LY-HOTELS-00037-03.webp,LY-HOT-000037,hotels,فندق الأصالة,hotel,existing_link,1.0,true,true,false,false,false,false,,thumbnail_only,DUP-00950,unknown,true,Hotels,"Existing local linkage; technical evidence only, not visual verification."
B2-CAN-00098,IMG-2BEC7C4B87BFEE2A,IMG-DE7D1D958BED2577,assets/images/hotels/hotels-LY-HOTELS-00038-01.webp,LY-HOT-000038,hotels,فندق الأصيل,hotel,existing_link,1.0,true,true,false,false,false,false,,thumbnail_only,DUP-00025,unknown,true,Hotels,"Existing local linkage; technical evidence only, not visual verification."
B2-CAN-00099,IMG-B8ECBD47AA06BB85,IMG-5603CC7610CA0D6D,assets/images/hotels/hotels-LY-HOTELS-00038-02.webp,LY-HOT-000038,hotels,فندق الأصيل,hotel,existing_link,1.0,true,true,false,false,false,false,,thumbnail_only,DUP-00669,unknown,true,Hotels,"Existing local linkage; technical evidence only, not visual verification."
B2-CAN-00100,IMG-0F3D0D13915C4CF1,IMG-2AE76E24C722CBD1,assets/images/hotels/hotels-LY-HOTELS-00038-03.webp,LY-HOT-000038,hotels,فندق الأصيل,hotel,existing_link,1.0,true,true,false,false,false,false,,thumbnail_only,DUP-00736,unknown,true,Hotels,"Existing local linkage; technical evidence only, not visual verification."
B2-CAN-00101,IMG-FE2E6844B80163F7,IMG-8F172B167244738A,assets/images/hotels/hotels-LY-HOTELS-00038-04.webp,LY-HOT-000038,hotels,فندق الأصيل,hotel,existing_link,1.0,true,true,false,false,false,false,,thumbnail_only,DUP-00490,unknown,true,Hotels,"Existing local linkage; technical evidence only, not visual verification."
B2-CAN-00102,IMG-F98636181696202D,IMG-1F67FF542C3B6CE7,assets/images/hotels/hotels-LY-HOTELS-00038-05.webp,LY-HOT-000038,hotels,فندق الأصيل,hotel,existing_link,1.0,true,true,false,false,false,false,,thumbnail_only,DUP-00400,unknown,true,Hotels,"Existing local linkage; technical evidence only, not visual verification."
B2-CAN-00103,IMG-95E3447DAE58A495,IMG-FF9B5C89FCA47753,assets/images/hotels/hotels-LY-HOTELS-00039-01.webp,LY-HOT-000039,hotels,فندق الأندلس,hotel,existing_link,1.0,true,true,false,false,false,false,,thumbnail_only,DUP-01069,unknown,true,Hotels,"Existing local linkage; technical evidence only, not visual verification."
B2-CAN-00104,IMG-0115399C8CA62B2E,IMG-DC13C90AC786D2BD,assets/images/hotels/hotels-LY-HOTELS-00039-02.webp,LY-HOT-000039,hotels,فندق الأندلس,hotel,existing_link,1.0,true,true,false,false,false,false,,thumbnail_only,DUP-00626,unknown,true,Hotels,"Existing local linkage; technical evidence only, not visual verification."
B2-CAN-00105,IMG-88AF2D458AD7B856,IMG-263754819F42FDC5,assets/images/hotels/hotels-LY-HOTELS-00039-03.webp,LY-HOT-000039,hotels,فندق الأندلس,hotel,existing_link,1.0,true,true,false,false,false,false,,thumbnail_only,DUP-01412,unknown,true,Hotels,"Existing local linkage; technical evidence only, not visual verification."
B2-CAN-00106,IMG-4C26C96431EC63BA,IMG-DBD02A9A43973386,assets/images/hotels/hotels-LY-HOTELS-00040-01.webp,LY-HOT-000040,hotels,فندق البركة,hotel,existing_link,1.0,true,true,false,false,false,false,,thumbnail_only,DUP-00754,unknown,true,Hotels,"Existing local linkage; technical evidence only, not visual verification."
B2-CAN-00107,IMG-12AC65AE048F4455,IMG-6C40890996F01981,assets/images/hotels/hotels-LY-HOTELS-00040-02.webp,LY-HOT-000040,hotels,فندق البركة,hotel,existing_link,1.0,true,true,false,false,false,false,,thumbnail_only,DUP-00005,unknown,true,Hotels,"Existing local linkage; technical evidence only, not visual verification."
B2-CAN-00108,IMG-CB720BA811B677A9,IMG-EC7BDD1FD4883F59,assets/images/hotels/hotels-LY-HOTELS-00040-03.webp,LY-HOT-000040,hotels,فندق البركة,hotel,existing_link,1.0,true,true,false,false,false,false,,thumbnail_only,DUP-00091,unknown,true,Hotels,"Existing local linkage; technical evidence only, not visual verification."
B2-CAN-00109,IMG-86BF7EE86F2F7271,IMG-DDAAC0A327FF0FB4,assets/images/hotels/hotels-LY-HOTELS-00040-04.webp,LY-HOT-000040,hotels,فندق البركة,hotel,existing_link,1.0,true,true,false,false,false,false,,thumbnail_only,DUP-00914,unknown,true,Hotels,"Existing local linkage; technical evidence only, not visual verification."
B2-CAN-00110,IMG-A3FECBDF161B5CCE,IMG-78A889EBB36B296C,assets/images/hotels/hotels-LY-HOTELS-00041-01.webp,LY-HOT-000041,hotels,فندق البستان,hotel,existing_link,1.0,true,true,false,false,false,false,,thumbnail_only,DUP-00784,unknown,true,Hotels,"Existing local linkage; technical evidence only, not visual verification."
B2-CAN-00111,IMG-D20C34E481E14F37,IMG-2700979FDC3B97F1,assets/images/hotels/hotels-LY-HOTELS-00041-02.webp,LY-HOT-000041,hotels,فندق البستان,hotel,existing_link,1.0,true,true,false,false,false,false,,thumbnail_only,DUP-00150,unknown,true,Hotels,"Existing local linkage; technical evidence only, not visual verification."
B2-CAN-00112,IMG-294700B912B12C08,IMG-0D6EBE640E4FBDBB,assets/images/hotels/hotels-LY-HOTELS-00041-03.webp,LY-HOT-000041,hotels,فندق البستان,hotel,existing_link,1.0,true,true,false,false,false,false,,thumbnail_only,DUP-00030,unknown,true,Hotels,"Existing local linkage; technical evidence only, not visual verification."
B2-CAN-00113,IMG-F205440542C413A6,IMG-CFC43E4453D195D7,assets/images/hotels/hotels-LY-HOTELS-00041-04.webp,LY-HOT-000041,hotels,فندق البستان,hotel,existing_link,1.0,true,true,false,false,false,false,,thumbnail_only,DUP-01322,unknown,true,Hotels,"Existing local linkage; technical evidence only, not visual verification."
B2-CAN-00114,IMG-F1C68A8603468221,IMG-D7549B9428A5D604,assets/images/hotels/hotels-LY-HOTELS-00041-05.webp,LY-HOT-000041,hotels,فندق البستان,hotel,existing_link,1.0,true,true,false,false,false,false,,thumbnail_only,DUP-00323,unknown,true,Hotels,"Existing local linkage; technical evidence only, not visual verification."
B2-CAN-00115,IMG-C6DFB6BFEF341C5D,IMG-FC371968523F74F4,assets/images/hotels/hotels-LY-HOTELS-00042-01.webp,LY-HOT-000042,hotels,التاج للشقق الفندقية,hotel,existing_link,1.0,true,true,false,false,false,false,,thumbnail_only,DUP-01267,unknown,true,Hotels,"Existing local linkage; technical evidence only, not visual verification."
B2-CAN-00116,IMG-042B1928C0DB2E32,IMG-0637E42C940F7E07,assets/images/hotels/hotels-LY-HOTELS-00042-02.webp,LY-HOT-000042,hotels,التاج للشقق الفندقية,hotel,existing_link,1.0,true,true,false,false,false,false,,thumbnail_only,DUP-00183,unknown,true,Hotels,"Existing local linkage; technical evidence only, not visual verification."
B2-CAN-00117,IMG-2A5F837F7840D805,,assets/images/hotels/hotels-LY-HOTELS-00045-01.webp,LY-HOT-000045,hotels,فندق جوهرة صبراتة السياحي,hotel,existing_link,1.0,true,true,false,false,false,false,,thumbnail_only,,unknown,true,Hotels,"Existing local linkage; technical evidence only, not visual verification."
B2-CAN-00118,IMG-1243CC762B92A210,IMG-9F7AA5902825B18C,assets/images/hotels/hotels-LY-HOTELS-00045-02.webp,LY-HOT-000045,hotels,فندق جوهرة صبراتة السياحي,hotel,existing_link,1.0,true,true,false,false,false,false,,thumbnail_only,DUP-00179,unknown,true,Hotels,"Existing local linkage; technical evidence only, not visual verification."
B2-CAN-00119,IMG-2AE0615B4101D7F4,IMG-3219ADC72F5D3D54,assets/images/hotels/hotels-LY-HOTELS-00046-01.webp,LY-HOT-000046,hotels,فندق الجوهرة الزاوية,hotel,existing_link,1.0,true,true,false,false,false,false,,thumbnail_only,DUP-00735,unknown,true,Hotels,"Existing local linkage; technical evidence only, not visual verification."
B2-CAN-00120,IMG-C7239FBDF94ED0B0,IMG-443FF103E9C980C5,assets/images/hotels/hotels-LY-HOTELS-00049-01.webp,LY-HOT-000049,hotels,فندق الخان الطرابلسي,hotel,existing_link,1.0,true,true,false,false,false,false,,thumbnail_only,DUP-00296,unknown,true,Hotels,"Existing local linkage; technical evidence only, not visual verification."
B2-CAN-00121,IMG-D99918C989D67ED1,IMG-9CBA64A32489C972,assets/images/hotels/hotels-LY-HOTELS-00049-02.webp,LY-HOT-000049,hotels,فندق الخان الطرابلسي,hotel,existing_link,1.0,true,true,false,false,false,false,,thumbnail_only,DUP-00003,unknown,true,Hotels,"Existing local linkage; technical evidence only, not visual verification."
B2-CAN-00122,IMG-C3B22F220B972700,IMG-87D2EFFFECCD54B8,assets/images/hotels/hotels-LY-HOTELS-00049-03.webp,LY-HOT-000049,hotels,فندق الخان الطرابلسي,hotel,existing_link,1.0,true,true,false,false,false,false,,thumbnail_only,DUP-00110,unknown,true,Hotels,"Existing local linkage; technical evidence only, not visual verification."
B2-CAN-00123,IMG-033D22EBF511990B,IMG-60EE78819E322F04,assets/images/hotels/hotels-LY-HOTELS-00049-04.webp,LY-HOT-000049,hotels,فندق الخان الطرابلسي,hotel,existing_link,1.0,true,true,false,false,false,false,,thumbnail_only,DUP-00192,unknown,true,Hotels,"Existing local linkage; technical evidence only, not visual verification."
B2-CAN-00124,IMG-FC7531F75F1D908E,IMG-49BED27537B37F32,assets/images/hotels/hotels-LY-HOTELS-00049-05.webp,LY-HOT-000049,hotels,فندق الخان الطرابلسي,hotel,existing_link,1.0,true,true,false,false,false,false,,thumbnail_only,DUP-01184,unknown,true,Hotels,"Existing local linkage; technical evidence only, not visual verification."
B2-CAN-00125,IMG-B51A8889CBB17DA7,IMG-DFF472B57CBC2904,assets/images/hotels/hotels-LY-HOTELS-00050-01.webp,LY-HOT-000050,hotels,فندق الخليج,hostel,existing_link,1.0,true,true,false,false,false,false,,thumbnail_only,DUP-00743,unknown,true,Hotels,"Existing local linkage; technical evidence only, not visual verification."
B2-CAN-00126,IMG-8ACF92A4CD6AE1F6,IMG-40128316546BFC00,assets/images/hotels/hotels-LY-HOTELS-00050-02.webp,LY-HOT-000050,hotels,فندق الخليج,hostel,existing_link,1.0,true,true,false,false,false,false,,thumbnail_only,DUP-00174,unknown,true,Hotels,"Existing local linkage; technical evidence only, not visual verification."
B2-CAN-00127,IMG-2B39F07AE708299E,IMG-C73477214D9BC4C1,assets/images/hotels/hotels-LY-HOTELS-00050-03.webp,LY-HOT-000050,hotels,فندق الخليج,hostel,existing_link,1.0,true,true,false,false,false,false,,thumbnail_only,DUP-00679,unknown,true,Hotels,"Existing local linkage; technical evidence only, not visual verification."
B2-CAN-00128,IMG-9A077AB897E06613,IMG-50A720DCFED91911,assets/images/hotels/hotels-LY-HOTELS-00051-01.webp,LY-HOT-000051,hotels,فندق الدبلوماسي,hotel,existing_link,1.0,true,true,false,false,false,false,,thumbnail_only,DUP-00036,unknown,true,Hotels,"Existing local linkage; technical evidence only, not visual verification."
B2-CAN-00129,IMG-91CBAD6672D1FD52,IMG-6A466A5C93A05EED,assets/images/hotels/hotels-LY-HOTELS-00051-02.webp,LY-HOT-000051,hotels,فندق الدبلوماسي,hotel,existing_link,1.0,true,true,false,false,false,false,,thumbnail_only,DUP-01266,unknown,true,Hotels,"Existing local linkage; technical evidence only, not visual verification."
B2-CAN-00130,IMG-76FF508F0B7A8565,IMG-56E98A5645B39F5D,assets/images/hotels/hotels-LY-HOTELS-00053-01.webp,LY-HOT-000053,hotels,فندق الديار,hotel,existing_link,1.0,true,true,false,false,false,false,,thumbnail_only,DUP-00445,unknown,true,Hotels,"Existing local linkage; technical evidence only, not visual verification."
B2-CAN-00131,IMG-54E98AFB5EF2553D,IMG-98EFB1EC1D9EF416,assets/images/hotels/hotels-LY-HOTELS-00053-02.webp,LY-HOT-000053,hotels,فندق الديار,hotel,existing_link,1.0,true,true,false,false,false,false,,thumbnail_only,DUP-01006,unknown,true,Hotels,"Existing local linkage; technical evidence only, not visual verification."
B2-CAN-00132,IMG-FB6F833B0859FE59,IMG-7CAAC759CC737415,assets/images/hotels/hotels-LY-HOTELS-00053-03.webp,LY-HOT-000053,hotels,فندق الديار,hotel,existing_link,1.0,true,true,false,false,false,false,,thumbnail_only,DUP-00250,unknown,true,Hotels,"Existing local linkage; technical evidence only, not visual verification."
B2-CAN-00133,IMG-5A8F81B9322E3F57,IMG-0B35E801F141C640,assets/images/hotels/hotels-LY-HOTELS-00054-01.webp,LY-HOT-000054,hotels,فندق الرابطة,hotel,existing_link,1.0,true,true,false,false,false,false,,thumbnail_only,DUP-01095,unknown,true,Hotels,"Existing local linkage; technical evidence only, not visual verification."
B2-CAN-00134,IMG-A0650F815C0D7FB8,IMG-7ACDACB9FF3E557D,assets/images/hotels/hotels-LY-HOTELS-00054-02.webp,LY-HOT-000054,hotels,فندق الرابطة,hotel,existing_link,1.0,true,true,false,false,false,false,,thumbnail_only,DUP-00864,unknown,true,Hotels,"Existing local linkage; technical evidence only, not visual verification."
B2-CAN-00135,IMG-7EF1C95F346808BF,IMG-2AE6F6D3C9BC0BF9,assets/images/hotels/hotels-LY-HOTELS-00054-03.webp,LY-HOT-000054,hotels,فندق الرابطة,hotel,existing_link,1.0,true,true,false,false,false,false,,thumbnail_only,DUP-00432,unknown,true,Hotels,"Existing local linkage; technical evidence only, not visual verification."
B2-CAN-00136,IMG-787AFA859825802E,IMG-9C9459440AAC4CCA,assets/images/hotels/hotels-LY-HOTELS-00054-04.webp,LY-HOT-000054,hotels,فندق الرابطة,hotel,existing_link,1.0,true,true,false,false,false,false,,thumbnail_only,DUP-01133,unknown,true,Hotels,"Existing local linkage; technical evidence only, not visual verification."
B2-CAN-00137,IMG-C75C7E18E8905149,IMG-1289F69675F9BC19,assets/images/hotels/hotels-LY-HOTELS-00055-01.webp,LY-HOT-000055,hotels,فندق الرفيع,hostel,existing_link,1.0,true,true,false,false,false,false,,thumbnail_only,DUP-00685,unknown,true,Hotels,"Existing local linkage; technical evidence only, not visual verification."
B2-CAN-00138,IMG-67A5A64E322D0F37,IMG-D4C607AB8D516F6C,assets/images/hotels/hotels-LY-HOTELS-00056-01.webp,LY-HOT-000056,hotels,فندق الريان,hotel,existing_link,1.0,true,true,false,false,false,false,,thumbnail_only,DUP-00910,unknown,true,Hotels,"Existing local linkage; technical evidence only, not visual verification."
B2-CAN-00139,IMG-22DF9370E20C75A5,IMG-C48CB24A721B2935,assets/images/hotels/hotels-LY-HOTELS-00056-02.webp,LY-HOT-000056,hotels,فندق الريان,hotel,existing_link,1.0,true,true,false,false,false,false,,thumbnail_only,DUP-00976,unknown,true,Hotels,"Existing local linkage; technical evidence only, not visual verification."
B2-CAN-00140,IMG-509E51730B1B3229,IMG-A8EE98A588BA9D5F,assets/images/hotels/hotels-LY-HOTELS-00056-03.webp,LY-HOT-000056,hotels,فندق الريان,hotel,existing_link,1.0,true,true,false,false,false,false,,thumbnail_only,DUP-01139,unknown,true,Hotels,"Existing local linkage; technical evidence only, not visual verification."
B2-CAN-00141,IMG-92BABB16F704E727,IMG-18F84A863A2E4B54,assets/images/hotels/hotels-LY-HOTELS-00056-04.webp,LY-HOT-000056,hotels,فندق الريان,hotel,existing_link,1.0,true,true,false,false,false,false,,thumbnail_only,DUP-00834,unknown,true,Hotels,"Existing local linkage; technical evidence only, not visual verification."
B2-CAN-00142,IMG-3796AAAE3DCAE3D5,IMG-261BC8B1CCCCB5E7,assets/images/hotels/hotels-LY-HOTELS-00056-05.webp,LY-HOT-000056,hotels,فندق الريان,hotel,existing_link,1.0,true,true,false,false,false,false,,thumbnail_only,DUP-00886,unknown,true,Hotels,"Existing local linkage; technical evidence only, not visual verification."
B2-CAN-00143,IMG-CA3B07ED76DF5499,IMG-E3336843EB879751,assets/images/hotels/hotels-LY-HOTELS-00056-06.webp,LY-HOT-000056,hotels,فندق الريان,hotel,existing_link,1.0,true,true,false,false,false,false,,thumbnail_only,DUP-01035,unknown,true,Hotels,"Existing local linkage; technical evidence only, not visual verification."
B2-CAN-00144,IMG-B7DE3703E4372DC6,IMG-B12576573F81B667,assets/images/hotels/hotels-LY-HOTELS-00057-01.webp,LY-HOT-000057,hotels,فندق الزهر,hotel,existing_link,1.0,true,true,false,false,false,false,,thumbnail_only,DUP-00240,unknown,true,Hotels,"Existing local linkage; technical evidence only, not visual verification."
B2-CAN-00145,IMG-2796AE395C19E4E6,IMG-35F1A55A9C8154B0,assets/images/hotels/hotels-LY-HOTELS-00057-02.webp,LY-HOT-000057,hotels,فندق الزهر,hotel,existing_link,1.0,true,true,false,false,false,false,,thumbnail_only,DUP-00180,unknown,true,Hotels,"Existing local linkage; technical evidence only, not visual verification."
B2-CAN-00146,IMG-03DECC2279EE6EEB,IMG-9DE715B34E385D2E,assets/images/hotels/hotels-LY-HOTELS-00057-03.webp,LY-HOT-000057,hotels,فندق الزهر,hotel,existing_link,1.0,true,true,false,false,false,false,,thumbnail_only,DUP-01227,unknown,true,Hotels,"Existing local linkage; technical evidence only, not visual verification."
B2-CAN-00147,IMG-4DB6C4C1628610CE,IMG-4D092ADC2C638D11,assets/images/hotels/hotels-LY-HOTELS-00057-04.webp,LY-HOT-000057,hotels,فندق الزهر,hotel,existing_link,1.0,true,true,false,false,false,false,,thumbnail_only,DUP-00771,unknown,true,Hotels,"Existing local linkage; technical evidence only, not visual verification."
B2-CAN-00148,IMG-034DF0F3051EAC20,IMG-DE98501F9EAB6547,assets/images/hotels/hotels-LY-HOTELS-00057-05.webp,LY-HOT-000057,hotels,فندق الزهر,hotel,existing_link,1.0,true,true,false,false,false,false,,thumbnail_only,DUP-01263,unknown,true,Hotels,"Existing local linkage; technical evidence only, not visual verification."
B2-CAN-00149,IMG-63F705E27DA71CF5,IMG-663C7115DAD00DDA,assets/images/hotels/hotels-LY-HOTELS-00058-01.webp,LY-HOT-000058,hotels,فندق الزيتونة,hostel,existing_link,1.0,true,true,false,false,false,false,,acceptable,DUP-01366,unknown,true,Hotels,"Existing local linkage; technical evidence only, not visual verification."
B2-CAN-00150,IMG-A03C14D169C38CD7,IMG-22CEA54D3A637E23,assets/images/hotels/hotels-LY-HOTELS-00058-02.webp,LY-HOT-000058,hotels,فندق الزيتونة,hostel,existing_link,1.0,true,true,false,false,false,false,,high,DUP-01183,unknown,true,Hotels,"Existing local linkage; technical evidence only, not visual verification."
B2-CAN-00151,IMG-BA4579788FA5B783,IMG-8888DECE5AFEA5F5,assets/images/hotels/hotels-LY-HOTELS-00058-03.webp,LY-HOT-000058,hotels,فندق الزيتونة,hostel,existing_link,1.0,true,true,false,false,false,false,,high,DUP-00492,unknown,true,Hotels,"Existing local linkage; technical evidence only, not visual verification."
B2-CAN-00152,IMG-14D5E5C9975ACDF6,IMG-A31DB5C9968F4C89,assets/images/hotels/hotels-LY-HOTELS-00058-04.webp,LY-HOT-000058,hotels,فندق الزيتونة,hostel,existing_link,1.0,true,true,false,false,false,false,,high,DUP-00841,unknown,true,Hotels,"Existing local linkage; technical evidence only, not visual verification."
B2-CAN-00153,IMG-12604B3B51DF48AE,IMG-94AC661C198FA9B4,assets/images/hotels/hotels-LY-HOTELS-00059-01.webp,LY-HOT-000059,hotels,فندق السرايا,hotel,existing_link,1.0,true,true,false,false,false,false,,thumbnail_only,DUP-00860,unknown,true,Hotels,"Existing local linkage; technical evidence only, not visual verification."
B2-CAN-00154,IMG-D0018E7F483C8003,IMG-5269628C74ADF318,assets/images/hotels/hotels-LY-HOTELS-00059-02.webp,LY-HOT-000059,hotels,فندق السرايا,hotel,existing_link,1.0,true,true,false,false,false,false,,thumbnail_only,DUP-00520,unknown,true,Hotels,"Existing local linkage; technical evidence only, not visual verification."
B2-CAN-00155,IMG-2E5099729EF0CCDC,IMG-D7BAD4FD82094B14,assets/images/hotels/hotels-LY-HOTELS-00059-03.webp,LY-HOT-000059,hotels,فندق السرايا,hotel,existing_link,1.0,true,true,false,false,false,false,,thumbnail_only,DUP-00985,unknown,true,Hotels,"Existing local linkage; technical evidence only, not visual verification."
B2-CAN-00156,IMG-7ADCDC722B0F3863,IMG-A5B81BF4BC8A2AF6,assets/images/hotels/hotels-LY-HOTELS-00059-04.webp,LY-HOT-000059,hotels,فندق السرايا,hotel,existing_link,1.0,true,true,false,false,false,false,,thumbnail_only,DUP-00584,unknown,true,Hotels,"Existing local linkage; technical evidence only, not visual verification."
B2-CAN-00157,IMG-529535B1FF6858C1,IMG-1826FC3DA9B6FF0D,assets/images/hotels/hotels-LY-HOTELS-00060-01.webp,LY-HOT-000060,hotels,فندق زوارة,hostel,existing_link,1.0,true,true,false,false,false,false,,thumbnail_only,DUP-00599,unknown,true,Hotels,"Existing local linkage; technical evidence only, not visual verification."
B2-CAN-00158,IMG-1A91F5CD618A2607,IMG-90C08E273C288EFF,assets/images/hotels/hotels-LY-HOTELS-00060-02.webp,LY-HOT-000060,hotels,فندق زوارة,hostel,existing_link,1.0,true,true,false,false,false,false,,thumbnail_only,DUP-00013,unknown,true,Hotels,"Existing local linkage; technical evidence only, not visual verification."
B2-CAN-00159,IMG-53504366C57AD739,IMG-C6DBFD8926F28DC5,assets/images/hotels/hotels-LY-HOTELS-00060-03.webp,LY-HOT-000060,hotels,فندق زوارة,hostel,existing_link,1.0,true,true,false,false,false,false,,thumbnail_only,DUP-00308,unknown,true,Hotels,"Existing local linkage; technical evidence only, not visual verification."
B2-CAN-00160,IMG-1FEA6DD92699F439,IMG-D811C87C391D5766,assets/images/hotels/hotels-LY-HOTELS-00061-01.webp,LY-HOT-000061,hotels,فندق السندباد,hotel,existing_link,1.0,true,true,false,false,false,false,,thumbnail_only,DUP-00206,unknown,true,Hotels,"Existing local linkage; technical evidence only, not visual verification."
B2-CAN-00161,IMG-20030B09B95C21F0,IMG-096DC0A326F5DF45,assets/images/hotels/hotels-LY-HOTELS-00062-01.webp,LY-HOT-000062,hotels,فندق الشجرة,hostel,existing_link,1.0,true,true,false,false,false,false,,thumbnail_only,DUP-00113,unknown,true,Hotels,"Existing local linkage; technical evidence only, not visual verification."
B2-CAN-00162,IMG-BF94B5AA6DFDB356,IMG-540E4FF45A3999F7,assets/images/hotels/hotels-LY-HOTELS-00062-02.webp,LY-HOT-000062,hotels,فندق الشجرة,hostel,existing_link,1.0,true,true,false,false,false,false,,thumbnail_only,DUP-00945,unknown,true,Hotels,"Existing local linkage; technical evidence only, not visual verification."
B2-CAN-00163,IMG-301D258252D7F3D2,IMG-B6E928DEACBB4687,assets/images/hotels/hotels-LY-HOTELS-00064-01.webp,LY-HOT-000064,hotels,فندق الشمس,hotel,existing_link,1.0,true,true,false,false,false,false,,thumbnail_only,DUP-00281,unknown,true,Hotels,"Existing local linkage; technical evidence only, not visual verification."
B2-CAN-00164,IMG-C209D88A4ACD3962,IMG-E21CA291269592E7,assets/images/hotels/hotels-LY-HOTELS-00064-02.webp,LY-HOT-000064,hotels,فندق الشمس,hotel,existing_link,1.0,true,true,false,false,false,false,,thumbnail_only,DUP-00125,unknown,true,Hotels,"Existing local linkage; technical evidence only, not visual verification."
B2-CAN-00165,IMG-39B58BD772BA639A,IMG-7362E0B0EA9E5EA3,assets/images/hotels/hotels-LY-HOTELS-00064-03.webp,LY-HOT-000064,hotels,فندق الشمس,hotel,existing_link,1.0,true,true,false,false,false,false,,thumbnail_only,DUP-00029,unknown,true,Hotels,"Existing local linkage; technical evidence only, not visual verification."
B2-CAN-00166,IMG-A2653827CCDE7F89,IMG-9CB3E8A0796C5CBC,assets/images/hotels/hotels-LY-HOTELS-00064-04.webp,LY-HOT-000064,hotels,فندق الشمس,hotel,existing_link,1.0,true,true,false,false,false,false,,thumbnail_only,DUP-01115,unknown,true,Hotels,"Existing local linkage; technical evidence only, not visual verification."
B2-CAN-00167,IMG-FC2F7E0A509C8E80,IMG-C5613AE16E174C4C,assets/images/hotels/hotels-LY-HOTELS-00065-01.webp,LY-HOT-000065,hotels,فندق الصفوة,hostel,existing_link,1.0,true,true,false,false,false,false,,thumbnail_only,DUP-01001,unknown,true,Hotels,"Existing local linkage; technical evidence only, not visual verification."
B2-CAN-00168,IMG-32D8CBC162306166,IMG-86A538F2027FAA05,assets/images/hotels/hotels-LY-HOTELS-00065-02.webp,LY-HOT-000065,hotels,فندق الصفوة,hostel,existing_link,1.0,true,true,false,false,false,false,,thumbnail_only,DUP-00589,unknown,true,Hotels,"Existing local linkage; technical evidence only, not visual verification."
B2-CAN-00169,IMG-C9918EBFCCF721C5,IMG-B3E99A352F425E21,assets/images/hotels/hotels-LY-HOTELS-00065-03.webp,LY-HOT-000065,hotels,فندق الصفوة,hostel,existing_link,1.0,true,true,false,false,false,false,,thumbnail_only,DUP-00422,unknown,true,Hotels,"Existing local linkage; technical evidence only, not visual verification."
B2-CAN-00170,IMG-4F4222992CCCA652,IMG-AB32B828CC68C811,assets/images/hotels/hotels-LY-HOTELS-00065-04.webp,LY-HOT-000065,hotels,فندق الصفوة,hostel,existing_link,1.0,true,true,false,false,false,false,,thumbnail_only,DUP-01275,unknown,true,Hotels,"Existing local linkage; technical evidence only, not visual verification."
B2-CAN-00171,IMG-07D179D8F1F3B4C8,IMG-67013592F955DB61,assets/images/hotels/hotels-LY-HOTELS-00066-01.webp,LY-HOT-000066,hotels,فندق الصناعية مصراتة,hotel,existing_link,1.0,true,true,false,false,false,false,,thumbnail_only,DUP-00900,unknown,true,Hotels,"Existing local linkage; technical evidence only, not visual verification."
B2-CAN-00172,IMG-C79E0CB33BEF336D,IMG-32C6498D1B24D0F9,assets/images/hotels/hotels-LY-HOTELS-00066-02.webp,LY-HOT-000066,hotels,فندق الصناعية مصراتة,hotel,existing_link,1.0,true,true,false,false,false,false,,thumbnail_only,DUP-00709,unknown,true,Hotels,"Existing local linkage; technical evidence only, not visual verification."
B2-CAN-00173,IMG-8A160C24C5814584,IMG-B25126CC006F8CA8,assets/images/hotels/hotels-LY-HOTELS-00066-03.webp,LY-HOT-000066,hotels,فندق الصناعية مصراتة,hotel,existing_link,1.0,true,true,false,false,false,false,,thumbnail_only,DUP-00686,unknown,true,Hotels,"Existing local linkage; technical evidence only, not visual verification."
B2-CAN-00174,IMG-5FE9D1C44E35D3F6,IMG-5D6B66F406C99305,assets/images/hotels/hotels-LY-HOTELS-00066-04.webp,LY-HOT-000066,hotels,فندق الصناعية مصراتة,hotel,existing_link,1.0,true,true,false,false,false,false,,thumbnail_only,DUP-01256,unknown,true,Hotels,"Existing local linkage; technical evidence only, not visual verification."
B2-CAN-00175,IMG-F7425ECB148F7AB5,IMG-AA207F93707D6D21,assets/images/hotels/hotels-LY-HOTELS-00066-05.webp,LY-HOT-000066,hotels,فندق الصناعية مصراتة,hotel,existing_link,1.0,true,true,false,false,false,false,,thumbnail_only,DUP-00243,unknown,true,Hotels,"Existing local linkage; technical evidence only, not visual verification."
B2-CAN-00176,IMG-506CFAE19599447E,IMG-214CCC8E1E22A28F,assets/images/hotels/hotels-LY-HOTELS-00067-01.webp,LY-HOT-000067,hotels,فندق الصولجان,hotel,existing_link,1.0,true,true,false,false,false,false,,thumbnail_only,DUP-00543,unknown,true,Hotels,"Existing local linkage; technical evidence only, not visual verification."
B2-CAN-00177,IMG-991BCEB7B6AEAE0E,IMG-FF76671C87C3E7E7,assets/images/hotels/hotels-LY-HOTELS-00067-02.webp,LY-HOT-000067,hotels,فندق الصولجان,hotel,existing_link,1.0,true,true,false,false,false,false,,thumbnail_only,DUP-01178,unknown,true,Hotels,"Existing local linkage; technical evidence only, not visual verification."
B2-CAN-00178,IMG-2754AC0FDB2BC23D,IMG-2DF881E5E9936D8A,assets/images/hotels/hotels-LY-HOTELS-00068-01.webp,LY-HOT-000068,hotels,فندق العاصمة,hotel,existing_link,1.0,true,true,false,false,false,false,,thumbnail_only,DUP-00748,unknown,true,Hotels,"Existing local linkage; technical evidence only, not visual verification."
B2-CAN-00179,IMG-B76601CDE905F5C3,IMG-ADBF0C854015F8CE,assets/images/hotels/hotels-LY-HOTELS-00068-02.webp,LY-HOT-000068,hotels,فندق العاصمة,hotel,existing_link,1.0,true,true,false,false,false,false,,thumbnail_only,DUP-00986,unknown,true,Hotels,"Existing local linkage; technical evidence only, not visual verification."
B2-CAN-00180,IMG-88184E5F0D06C05C,IMG-EC8E01B6E9F5736C,assets/images/hotels/hotels-LY-HOTELS-00068-03.webp,LY-HOT-000068,hotels,فندق العاصمة,hotel,existing_link,1.0,true,true,false,false,false,false,,thumbnail_only,DUP-00536,unknown,true,Hotels,"Existing local linkage; technical evidence only, not visual verification."
B2-CAN-00181,IMG-8F2297D7FBB16C96,IMG-4C4A7EF4E59E1C56,assets/images/hotels/hotels-LY-HOTELS-00071-01.webp,LY-HOT-000071,hotels,فندق القوس,hotel,existing_link,1.0,true,true,false,false,false,false,,thumbnail_only,DUP-00136,unknown,true,Hotels,"Existing local linkage; technical evidence only, not visual verification."
B2-CAN-00182,IMG-28FC6BDA338A11F8,IMG-65C5523B47F6526F,assets/images/hotels/hotels-LY-HOTELS-00071-02.webp,LY-HOT-000071,hotels,فندق القوس,hotel,existing_link,1.0,true,true,false,false,false,false,,thumbnail_only,DUP-00012,unknown,true,Hotels,"Existing local linkage; technical evidence only, not visual verification."
B2-CAN-00183,IMG-27EBB5D1811A6D8C,IMG-4CF058E13C18A209,assets/images/hotels/hotels-LY-HOTELS-00071-03.webp,LY-HOT-000071,hotels,فندق القوس,hotel,existing_link,1.0,true,true,false,false,false,false,,thumbnail_only,DUP-00068,unknown,true,Hotels,"Existing local linkage; technical evidence only, not visual verification."
B2-CAN-00184,IMG-423E63AF0FAE65B8,IMG-013382A62B178BC1,assets/images/hotels/hotels-LY-HOTELS-00071-04.webp,LY-HOT-000071,hotels,فندق القوس,hotel,existing_link,1.0,true,true,false,false,false,false,,thumbnail_only,DUP-00067,unknown,true,Hotels,"Existing local linkage; technical evidence only, not visual verification."
B2-CAN-00185,IMG-E6A4B9EEFC8601EA,IMG-4ACA6B83BEAC8FB2,assets/images/hotels/hotels-LY-HOTELS-00071-05.webp,LY-HOT-000071,hotels,فندق القوس,hotel,existing_link,1.0,true,true,false,false,false,false,,thumbnail_only,DUP-00642,unknown,true,Hotels,"Existing local linkage; technical evidence only, not visual verification."
B2-CAN-00186,IMG-0FA01A3B05B019A0,IMG-50D31F0B8DD20094,assets/images/hotels/hotels-LY-HOTELS-00072-01.webp,LY-HOT-000072,hotels,فندق الكبير,hotel,existing_link,1.0,true,true,false,false,false,false,,thumbnail_only,DUP-01307,unknown,true,Hotels,"Existing local linkage; technical evidence only, not visual verification."
B2-CAN-00187,IMG-B63B81CD689C938E,IMG-E3CEC547FD6414DE,assets/images/hotels/hotels-LY-HOTELS-00072-02.webp,LY-HOT-000072,hotels,فندق الكبير,hotel,existing_link,1.0,true,true,false,false,false,false,,thumbnail_only,DUP-00603,unknown,true,Hotels,"Existing local linkage; technical evidence only, not visual verification."
B2-CAN-00188,IMG-9E66C7C2F6112B82,IMG-FC38686D08FC0C72,assets/images/hotels/hotels-LY-HOTELS-00072-03.webp,LY-HOT-000072,hotels,فندق الكبير,hotel,existing_link,1.0,true,true,false,false,false,false,,thumbnail_only,DUP-00211,unknown,true,Hotels,"Existing local linkage; technical evidence only, not visual verification."
B2-CAN-00189,IMG-752483F138A45644,IMG-2673CF83FF1B58F0,assets/images/hotels/hotels-LY-HOTELS-00072-04.webp,LY-HOT-000072,hotels,فندق الكبير,hotel,existing_link,1.0,true,true,false,false,false,false,,thumbnail_only,DUP-00554,unknown,true,Hotels,"Existing local linkage; technical evidence only, not visual verification."
B2-CAN-00190,IMG-FB6165434830FC8F,IMG-1838662DE706E480,assets/images/hotels/hotels-LY-HOTELS-00072-05.webp,LY-HOT-000072,hotels,فندق الكبير,hotel,existing_link,1.0,true,true,false,false,false,false,,thumbnail_only,DUP-00737,unknown,true,Hotels,"Existing local linkage; technical evidence only, not visual verification."
B2-CAN-00191,IMG-5F1F8C35419379DF,IMG-29E63001ED6E6AA8,assets/images/hotels/hotels-LY-HOTELS-00074-01.webp,LY-HOT-000074,hotels,فندق الماسة,hotel,existing_link,1.0,true,true,false,false,false,false,,thumbnail_only,DUP-00410,unknown,true,Hotels,"Existing local linkage; technical evidence only, not visual verification."
B2-CAN-00192,IMG-9A38C31656C2A4A0,IMG-65343EDBF226D320,assets/images/hotels/hotels-LY-HOTELS-00074-02.webp,LY-HOT-000074,hotels,فندق الماسة,hotel,existing_link,1.0,true,true,false,false,false,false,,thumbnail_only,DUP-00828,unknown,true,Hotels,"Existing local linkage; technical evidence only, not visual verification."
B2-CAN-00193,IMG-F99921F35FBF6B25,IMG-CCBA64296723A07E,assets/images/hotels/hotels-LY-HOTELS-00074-03.webp,LY-HOT-000074,hotels,فندق الماسة,hotel,existing_link,1.0,true,true,false,false,false,false,,thumbnail_only,DUP-00355,unknown,true,Hotels,"Existing local linkage; technical evidence only, not visual verification."
B2-CAN-00194,IMG-76283253C1ABE665,IMG-BCA9B7C411A45587,assets/images/hotels/hotels-LY-HOTELS-00074-04.webp,LY-HOT-000074,hotels,فندق الماسة,hotel,existing_link,1.0,true,true,false,false,false,false,,thumbnail_only,DUP-01239,unknown,true,Hotels,"Existing local linkage; technical evidence only, not visual verification."
B2-CAN-00195,IMG-2A56245AD9EEFF74,IMG-0A9F6B7EC32C8888,assets/images/hotels/hotels-LY-HOTELS-00074-05.webp,LY-HOT-000074,hotels,فندق الماسة,hotel,existing_link,1.0,true,true,false,false,false,false,,thumbnail_only,DUP-00605,unknown,true,Hotels,"Existing local linkage; technical evidence only, not visual verification."
B2-CAN-00196,IMG-4F0A3CE02FA1B883,IMG-5BE42BF01EA16B89,assets/images/hotels/hotels-LY-HOTELS-00075-01.webp,LY-HOT-000075,hotels,فندق المتوسط,hotel,existing_link,1.0,true,true,false,false,false,false,,thumbnail_only,DUP-01392,unknown,true,Hotels,"Existing local linkage; technical evidence only, not visual verification."
B2-CAN-00197,IMG-C5C85A7766EDDAF0,IMG-F72A2B3B53583513,assets/images/hotels/hotels-LY-HOTELS-00075-02.webp,LY-HOT-000075,hotels,فندق المتوسط,hotel,existing_link,1.0,true,true,false,false,false,false,,thumbnail_only,DUP-00299,unknown,true,Hotels,"Existing local linkage; technical evidence only, not visual verification."
B2-CAN-00198,IMG-D9EDD81AAF8CF93F,IMG-06C9B682D26BC85A,assets/images/hotels/hotels-LY-HOTELS-00075-03.webp,LY-HOT-000075,hotels,فندق المتوسط,hotel,existing_link,1.0,true,true,false,false,false,false,,thumbnail_only,DUP-00384,unknown,true,Hotels,"Existing local linkage; technical evidence only, not visual verification."
B2-CAN-00199,IMG-0133C435EE3A1D77,IMG-B33680E16C6CFDBC,assets/images/hotels/hotels-LY-HOTELS-00075-04.webp,LY-HOT-000075,hotels,فندق المتوسط,hotel,existing_link,1.0,true,true,false,false,false,false,,thumbnail_only,DUP-01335,unknown,true,Hotels,"Existing local linkage; technical evidence only, not visual verification."
B2-CAN-00200,IMG-EA0D93EB480687A0,IMG-5A6315C65F17467F,assets/images/hotels/hotels-LY-HOTELS-00075-05.webp,LY-HOT-000075,hotels,فندق المتوسط,hotel,existing_link,1.0,true,true,false,false,false,false,,thumbnail_only,DUP-00001,unknown,true,Hotels,"Existing local linkage; technical evidence only, not visual verification."
B2-CAN-00201,IMG-31E0CFFABE88906C,IMG-FDB2049E02358947,assets/images/hotels/hotels-LY-HOTELS-00077-01.webp,LY-HOT-000077,hotels,فندق المشكاة,hotel,existing_link,1.0,true,true,false,false,false,false,,thumbnail_only,DUP-00084,unknown,true,Hotels,"Existing local linkage; technical evidence only, not visual verification."
B2-CAN-00202,IMG-A226501C2C5AC872,IMG-632EAAC9502CE2F4,assets/images/hotels/hotels-LY-HOTELS-00077-02.webp,LY-HOT-000077,hotels,فندق المشكاة,hotel,existing_link,1.0,true,true,false,false,false,false,,thumbnail_only,DUP-01083,unknown,true,Hotels,"Existing local linkage; technical evidence only, not visual verification."
B2-CAN-00203,IMG-7D813CB38D6D33EC,IMG-EAFD9A62CE958CCF,assets/images/hotels/hotels-LY-HOTELS-00077-03.webp,LY-HOT-000077,hotels,فندق المشكاة,hotel,existing_link,1.0,true,true,false,false,false,false,,thumbnail_only,DUP-00461,unknown,true,Hotels,"Existing local linkage; technical evidence only, not visual verification."
B2-CAN-00204,IMG-F83777E607F937D9,IMG-F83777E607F937D9,assets/images/hotels/hotels-LY-HOTELS-00078-01.webp,LY-HOT-000078,hotels,فندق المنامة,hotel,existing_link,1.0,true,true,false,false,false,false,,thumbnail_only,DUP-00973,unknown,true,Hotels,"Existing local linkage; technical evidence only, not visual verification."
B2-CAN-00205,IMG-B4B10F0D39B315A2,IMG-4F7ED537F1D41AB1,assets/images/hotels/hotels-LY-HOTELS-00078-02.webp,LY-HOT-000078,hotels,فندق المنامة,hotel,existing_link,1.0,true,true,false,false,false,false,,thumbnail_only,DUP-00561,unknown,true,Hotels,"Existing local linkage; technical evidence only, not visual verification."
B2-CAN-00206,IMG-2C6CCAAC860933E7,IMG-506D468D5469D83B,assets/images/hotels/hotels-LY-HOTELS-00078-03.webp,LY-HOT-000078,hotels,فندق المنامة,hotel,existing_link,1.0,true,true,false,false,false,false,,thumbnail_only,DUP-01102,unknown,true,Hotels,"Existing local linkage; technical evidence only, not visual verification."
B2-CAN-00207,IMG-280C1B178E8D3CFF,IMG-9DECD06211223AB2,assets/images/hotels/hotels-LY-HOTELS-00079-01.webp,LY-HOT-000079,hotels,فندق النخلة,hotel,existing_link,1.0,true,true,false,false,false,false,,thumbnail_only,DUP-00494,unknown,true,Hotels,"Existing local linkage; technical evidence only, not visual verification."
B2-CAN-00208,IMG-1834A16B1E6893A7,IMG-0AFFB1E69BFA3E19,assets/images/hotels/hotels-LY-HOTELS-00079-02.webp,LY-HOT-000079,hotels,فندق النخلة,hotel,existing_link,1.0,true,true,false,false,false,false,,thumbnail_only,DUP-00553,unknown,true,Hotels,"Existing local linkage; technical evidence only, not visual verification."
B2-CAN-00209,IMG-773578DB80421152,IMG-18C2E31FECBA82E1,assets/images/hotels/hotels-LY-HOTELS-00079-03.webp,LY-HOT-000079,hotels,فندق النخلة,hotel,existing_link,1.0,true,true,false,false,false,false,,thumbnail_only,DUP-00563,unknown,true,Hotels,"Existing local linkage; technical evidence only, not visual verification."
B2-CAN-00210,IMG-00AD23CCC437AF69,IMG-D28036F5C42EE759,assets/images/hotels/hotels-LY-HOTELS-00079-04.webp,LY-HOT-000079,hotels,فندق النخلة,hotel,existing_link,1.0,true,true,false,false,false,false,,thumbnail_only,DUP-00680,unknown,true,Hotels,"Existing local linkage; technical evidence only, not visual verification."
B2-CAN-00211,IMG-558A07BE19CA49F3,IMG-7F54440D52B35781,assets/images/hotels/hotels-LY-HOTELS-00079-05.webp,LY-HOT-000079,hotels,فندق النخلة,hotel,existing_link,1.0,true,true,false,false,false,false,,thumbnail_only,DUP-01276,unknown,true,Hotels,"Existing local linkage; technical evidence only, not visual verification."
B2-CAN-00212,IMG-03FE1BFC24DF7657,IMG-38960BB243DCAEBE,assets/images/hotels/hotels-LY-HOTELS-00080-01.webp,LY-HOT-000080,hotels,فندق النقازة الخمس,resort,existing_link,1.0,true,true,false,false,false,false,,thumbnail_only,DUP-01128,unknown,true,Hotels,"Existing local linkage; technical evidence only, not visual verification."
B2-CAN-00213,IMG-8260C35E37C8BB09,IMG-82C4B38860F356A2,assets/images/hotels/hotels-LY-HOTELS-00080-02.webp,LY-HOT-000080,hotels,فندق النقازة الخمس,resort,existing_link,1.0,true,true,false,false,false,false,,thumbnail_only,DUP-00350,unknown,true,Hotels,"Existing local linkage; technical evidence only, not visual verification."
B2-CAN-00214,IMG-0072368E13CFE601,IMG-878A93F9BCF924DC,assets/images/hotels/hotels-LY-HOTELS-00080-03.webp,LY-HOT-000080,hotels,فندق النقازة الخمس,resort,existing_link,1.0,true,true,false,false,false,false,,thumbnail_only,DUP-00577,unknown,true,Hotels,"Existing local linkage; technical evidence only, not visual verification."
B2-CAN-00215,IMG-3774034861DF847F,IMG-BD230755B5C8E0E2,assets/images/hotels/hotels-LY-HOTELS-00080-04.webp,LY-HOT-000080,hotels,فندق النقازة الخمس,resort,existing_link,1.0,true,true,false,false,false,false,,thumbnail_only,DUP-00540,unknown,true,Hotels,"Existing local linkage; technical evidence only, not visual verification."
B2-CAN-00216,IMG-4AE1EF36145F026A,IMG-E3609CD7F024E87B,assets/images/hotels/hotels-LY-HOTELS-00080-05.webp,LY-HOT-000080,hotels,فندق النقازة الخمس,resort,existing_link,1.0,true,true,false,false,false,false,,thumbnail_only,DUP-00514,unknown,true,Hotels,"Existing local linkage; technical evidence only, not visual verification."
B2-CAN-00217,IMG-00DF5A97DE0DCF00,IMG-44F58819FE6505E3,assets/images/hotels/hotels-LY-HOTELS-00081-01.webp,LY-HOT-000081,hotels,فندق النهر,hostel,existing_link,1.0,true,true,false,false,false,false,,thumbnail_only,DUP-01210,unknown,true,Hotels,"Existing local linkage; technical evidence only, not visual verification."
B2-CAN-00218,IMG-7AB18C0F32D27614,IMG-61C692CA68C7D0EB,assets/images/hotels/hotels-LY-HOTELS-00081-02.webp,LY-HOT-000081,hotels,فندق النهر,hostel,existing_link,1.0,true,true,false,false,false,false,,thumbnail_only,DUP-01272,unknown,true,Hotels,"Existing local linkage; technical evidence only, not visual verification."
B2-CAN-00219,IMG-34A938DE57371F07,IMG-D552FBC06D8583DA,assets/images/hotels/hotels-LY-HOTELS-00081-03.webp,LY-HOT-000081,hotels,فندق النهر,hostel,existing_link,1.0,true,true,false,false,false,false,,thumbnail_only,DUP-01092,unknown,true,Hotels,"Existing local linkage; technical evidence only, not visual verification."
B2-CAN-00220,IMG-612CCDBF36460E46,IMG-D6889136D1DAD153,assets/images/hotels/hotels-LY-HOTELS-00084-01.webp,LY-HOT-000084,hotels,فندق الواحات,hotel,existing_link,1.0,true,true,false,false,false,false,,thumbnail_only,DUP-00869,unknown,true,Hotels,"Existing local linkage; technical evidence only, not visual verification."
B2-CAN-00221,IMG-477F3B49EC08BB94,IMG-477F3B49EC08BB94,assets/images/hotels/hotels-LY-HOTELS-00085-01.webp,LY-HOT-000085,hotels,فندق الياسمين,hotel,existing_link,1.0,true,true,false,false,false,false,,thumbnail_only,DUP-01113,unknown,true,Hotels,"Existing local linkage; technical evidence only, not visual verification."
B2-CAN-00222,IMG-F233C639D2E8E39B,IMG-3D576F4253897F84,assets/images/hotels/hotels-LY-HOTELS-00085-02.webp,LY-HOT-000085,hotels,فندق الياسمين,hotel,existing_link,1.0,true,true,false,false,false,false,,thumbnail_only,DUP-00822,unknown,true,Hotels,"Existing local linkage; technical evidence only, not visual verification."
B2-CAN-00223,IMG-CA972D864941F241,IMG-B051BE6C0F81B033,assets/images/hotels/hotels-LY-HOTELS-00085-03.webp,LY-HOT-000085,hotels,فندق الياسمين,hotel,existing_link,1.0,true,true,false,false,false,false,,thumbnail_only,DUP-00486,unknown,true,Hotels,"Existing local linkage; technical evidence only, not visual verification."
B2-CAN-00224,IMG-F7EC6271B650752B,IMG-C778F371CEE679A5,assets/images/hotels/hotels-LY-HOTELS-00086-01.webp,LY-HOT-000086,hotels,فندق أجنحة قرطاج,hotel,existing_link,1.0,true,true,false,false,false,false,,thumbnail_only,DUP-00349,unknown,true,Hotels,"Existing local linkage; technical evidence only, not visual verification."
B2-CAN-00225,IMG-F0A86AFA3850DF73,IMG-4BDB0432089D1D82,assets/images/hotels/hotels-LY-HOTELS-00086-02.webp,LY-HOT-000086,hotels,فندق أجنحة قرطاج,hotel,existing_link,1.0,true,true,false,false,false,false,,thumbnail_only,DUP-00095,unknown,true,Hotels,"Existing local linkage; technical evidence only, not visual verification."
B2-CAN-00226,IMG-26336BB4A4128505,IMG-E59A65BBD46ACBB2,assets/images/hotels/hotels-LY-HOTELS-00086-03.webp,LY-HOT-000086,hotels,فندق أجنحة قرطاج,hotel,existing_link,1.0,true,true,false,false,false,false,,thumbnail_only,DUP-00144,unknown,true,Hotels,"Existing local linkage; technical evidence only, not visual verification."
B2-CAN-00227,IMG-51E13EC44319543A,IMG-ED4FB57C8879404C,assets/images/hotels/hotels-LY-HOTELS-00086-04.webp,LY-HOT-000086,hotels,فندق أجنحة قرطاج,hotel,existing_link,1.0,true,true,false,false,false,false,,thumbnail_only,DUP-01284,unknown,true,Hotels,"Existing local linkage; technical evidence only, not visual verification."
B2-CAN-00228,IMG-78AF229C6E680D31,IMG-AD17C5E93947DB3F,assets/images/hotels/hotels-LY-HOTELS-00086-05.webp,LY-HOT-000086,hotels,فندق أجنحة قرطاج,hotel,existing_link,1.0,true,true,false,false,false,false,,thumbnail_only,DUP-00806,unknown,true,Hotels,"Existing local linkage; technical evidence only, not visual verification."
B2-CAN-00229,IMG-599C8099E31AA502,IMG-D1E6E47D8546628E,assets/images/hotels/hotels-LY-HOTELS-00088-01.webp,LY-HOT-000088,hotels,فندق بنت السيد,hotel,existing_link,1.0,true,true,false,false,false,false,,acceptable,DUP-00682,unknown,true,Hotels,"Existing local linkage; technical evidence only, not visual verification."
B2-CAN-00230,IMG-51AB10EF4C188BE1,IMG-20805D649E860231,assets/images/hotels/hotels-LY-HOTELS-00090-01.webp,LY-HOT-000090,hotels,فندق بيت الأمان,hostel,existing_link,1.0,true,true,false,false,false,false,,thumbnail_only,DUP-00532,unknown,true,Hotels,"Existing local linkage; technical evidence only, not visual verification."
B2-CAN-00231,IMG-30C2E9E862A9C5C2,IMG-6DCB624E181157AC,assets/images/hotels/hotels-LY-HOTELS-00090-02.webp,LY-HOT-000090,hotels,فندق بيت الأمان,hostel,existing_link,1.0,true,true,false,false,false,false,,thumbnail_only,DUP-00638,unknown,true,Hotels,"Existing local linkage; technical evidence only, not visual verification."
B2-CAN-00232,IMG-12943799F215FFA1,IMG-558E091E762A9458,assets/images/hotels/hotels-LY-HOTELS-00090-03.webp,LY-HOT-000090,hotels,فندق بيت الأمان,hostel,existing_link,1.0,true,true,false,false,false,false,,thumbnail_only,DUP-00808,unknown,true,Hotels,"Existing local linkage; technical evidence only, not visual verification."
B2-CAN-00233,IMG-5446A0D246BDB060,IMG-A287A1D271709826,assets/images/hotels/hotels-LY-HOTELS-00090-04.webp,LY-HOT-000090,hotels,فندق بيت الأمان,hostel,existing_link,1.0,true,true,false,false,false,false,,thumbnail_only,DUP-00038,unknown,true,Hotels,"Existing local linkage; technical evidence only, not visual verification."
B2-CAN-00234,IMG-EF3B1425ACE980F9,IMG-EF3B1425ACE980F9,assets/images/hotels/hotels-LY-HOTELS-00091-01.webp,LY-HOT-000091,hotels,فندق بيت الشرق,hostel,existing_link,1.0,true,true,false,false,false,false,,high,DUP-00048,unknown,true,Hotels,"Existing local linkage; technical evidence only, not visual verification."
B2-CAN-00235,IMG-97B67FA8214D0FB6,IMG-4F817DC478E741BF,assets/images/hotels/hotels-LY-HOTELS-00091-02.webp,LY-HOT-000091,hotels,فندق بيت الشرق,hostel,existing_link,1.0,true,true,false,false,false,false,,acceptable,DUP-00688,unknown,true,Hotels,"Existing local linkage; technical evidence only, not visual verification."
B2-CAN-00236,IMG-DB9C038597427F88,IMG-CBD8F50F240A4893,assets/images/hotels/hotels-LY-HOTELS-00091-03.webp,LY-HOT-000091,hotels,فندق بيت الشرق,hostel,existing_link,1.0,true,true,false,false,false,false,,high,DUP-00034,unknown,true,Hotels,"Existing local linkage; technical evidence only, not visual verification."
B2-CAN-00237,IMG-CB4676B3E9A8B840,IMG-988702877E84182E,assets/images/hotels/hotels-LY-HOTELS-00093-01.webp,LY-HOT-000093,hotels,لانكاستر برج الحياة ( ماريوت سابقا),hotel,existing_link,1.0,true,true,false,false,false,false,,thumbnail_only,DUP-00863,unknown,true,Hotels,"Existing local linkage; technical evidence only, not visual verification."
B2-CAN-00238,IMG-1C913458A0A1FA14,IMG-27B38C97513DE426,assets/images/hotels/hotels-LY-HOTELS-00093-02.webp,LY-HOT-000093,hotels,لانكاستر برج الحياة ( ماريوت سابقا),hotel,existing_link,1.0,true,true,false,false,false,false,,thumbnail_only,DUP-00722,unknown,true,Hotels,"Existing local linkage; technical evidence only, not visual verification."
B2-CAN-00239,IMG-EC161DF704B60C62,IMG-4D3F405163D455B7,assets/images/hotels/hotels-LY-HOTELS-00093-03.webp,LY-HOT-000093,hotels,لانكاستر برج الحياة ( ماريوت سابقا),hotel,existing_link,1.0,true,true,false,false,false,false,,thumbnail_only,DUP-00659,unknown,true,Hotels,"Existing local linkage; technical evidence only, not visual verification."
B2-CAN-00240,IMG-7390E3985E994889,IMG-884BAAD70F746279,assets/images/hotels/hotels-LY-HOTELS-00093-04.webp,LY-HOT-000093,hotels,لانكاستر برج الحياة ( ماريوت سابقا),hotel,existing_link,1.0,true,true,false,false,false,false,,thumbnail_only,DUP-00644,unknown,true,Hotels,"Existing local linkage; technical evidence only, not visual verification."
B2-CAN-00241,IMG-504EED655E0E89A8,IMG-32ABB3AFF94632F2,assets/images/hotels/hotels-LY-HOTELS-00093-05.webp,LY-HOT-000093,hotels,لانكاستر برج الحياة ( ماريوت سابقا),hotel,existing_link,1.0,true,true,false,false,false,false,,thumbnail_only,DUP-00487,unknown,true,Hotels,"Existing local linkage; technical evidence only, not visual verification."
B2-CAN-00242,IMG-7AC07FEBBAB341ED,IMG-611FCFB8ACD59250,assets/images/hotels/hotels-LY-HOTELS-00094-01.webp,LY-HOT-000094,hotels,فندق دار غدامس,hostel,existing_link,1.0,true,true,false,false,false,false,,thumbnail_only,DUP-01251,unknown,true,Hotels,"Existing local linkage; technical evidence only, not visual verification."
B2-CAN-00243,IMG-721223318E5E708D,IMG-067EA325F989101B,assets/images/hotels/hotels-LY-HOTELS-00094-02.webp,LY-HOT-000094,hotels,فندق دار غدامس,hostel,existing_link,1.0,true,true,false,false,false,false,,thumbnail_only,DUP-00104,unknown,true,Hotels,"Existing local linkage; technical evidence only, not visual verification."
B2-CAN-00244,IMG-4B795440EECE20DD,IMG-8B64E4FDAD69C716,assets/images/hotels/hotels-LY-HOTELS-00094-03.webp,LY-HOT-000094,hotels,فندق دار غدامس,hostel,existing_link,1.0,true,true,false,false,false,false,,thumbnail_only,DUP-00229,unknown,true,Hotels,"Existing local linkage; technical evidence only, not visual verification."
B2-CAN-00245,IMG-FF2D6F1DE9B8A28E,IMG-B813CC60C6A8CDC4,assets/images/hotels/hotels-LY-HOTELS-00094-04.webp,LY-HOT-000094,hotels,فندق دار غدامس,hostel,existing_link,1.0,true,true,false,false,false,false,,thumbnail_only,DUP-00304,unknown,true,Hotels,"Existing local linkage; technical evidence only, not visual verification."
B2-CAN-00246,IMG-EB12D6D8A06EB449,IMG-AD3D5294D3D7987B,assets/images/hotels/hotels-LY-HOTELS-00094-05.webp,LY-HOT-000094,hotels,فندق دار غدامس,hostel,existing_link,1.0,true,true,false,false,false,false,,thumbnail_only,DUP-00858,unknown,true,Hotels,"Existing local linkage; technical evidence only, not visual verification."
B2-CAN-00247,IMG-92E4F00620C05EFB,IMG-83CA82DB3EDF9B3C,assets/images/hotels/hotels-LY-HOTELS-00095-01.webp,LY-HOT-000095,hotels,فندق ديار الهناء,hotel,existing_link,1.0,true,true,false,false,false,false,,thumbnail_only,DUP-00327,unknown,true,Hotels,"Existing local linkage; technical evidence only, not visual verification."
B2-CAN-00248,IMG-633699F21BBE3217,IMG-6CA62213D9D2F630,assets/images/hotels/hotels-LY-HOTELS-00095-02.webp,LY-HOT-000095,hotels,فندق ديار الهناء,hotel,existing_link,1.0,true,true,false,false,false,false,,thumbnail_only,DUP-00175,unknown,true,Hotels,"Existing local linkage; technical evidence only, not visual verification."
B2-CAN-00249,IMG-A4487F2CA2196402,IMG-AFE064AEE82AAF44,assets/images/hotels/hotels-LY-HOTELS-00095-03.webp,LY-HOT-000095,hotels,فندق ديار الهناء,hotel,existing_link,1.0,true,true,false,false,false,false,,thumbnail_only,DUP-00966,unknown,true,Hotels,"Existing local linkage; technical evidence only, not visual verification."
B2-CAN-00250,IMG-54EA892176139C03,IMG-13419A729AD8E004,assets/images/hotels/hotels-LY-HOTELS-00095-04.webp,LY-HOT-000095,hotels,فندق ديار الهناء,hotel,existing_link,1.0,true,true,false,false,false,false,,thumbnail_only,DUP-00639,unknown,true,Hotels,"Existing local linkage; technical evidence only, not visual verification."
B2-CAN-00251,IMG-F9F53CED1C50A8BD,IMG-C10554B3A3FB55E7,assets/images/hotels/hotels-LY-HOTELS-00096-01.webp,LY-HOT-000096,hotels,فندق ليبوس,hotel,existing_link,1.0,true,true,false,false,false,false,,thumbnail_only,DUP-00332,unknown,true,Hotels,"Existing local linkage; technical evidence only, not visual verification."
B2-CAN-00252,IMG-A7ED8DCF2BD7BC71,IMG-E39CC031E0398CB9,assets/images/hotels/hotels-LY-HOTELS-00096-02.webp,LY-HOT-000096,hotels,فندق ليبوس,hotel,existing_link,1.0,true,true,false,false,false,false,,thumbnail_only,DUP-00627,unknown,true,Hotels,"Existing local linkage; technical evidence only, not visual verification."
B2-CAN-00253,IMG-9A61888B3EDEC90B,IMG-119F2855B0272866,assets/images/hotels/hotels-LY-HOTELS-00096-03.webp,LY-HOT-000096,hotels,فندق ليبوس,hotel,existing_link,1.0,true,true,false,false,false,false,,thumbnail_only,DUP-00993,unknown,true,Hotels,"Existing local linkage; technical evidence only, not visual verification."
B2-CAN-00254,IMG-0D74F9F296DF86DD,IMG-ED18EDDB741D1F0A,assets/images/hotels/hotels-LY-HOTELS-00097-01.webp,LY-HOT-000097,hotels,فندق ريكسوس,hotel,existing_link,1.0,true,true,false,false,false,false,,thumbnail_only,DUP-00499,unknown,true,Hotels,"Existing local linkage; technical evidence only, not visual verification."
B2-CAN-00255,IMG-8E1D2687C2584EF2,IMG-5A6937F8A5E335B8,assets/images/hotels/hotels-LY-HOTELS-00097-02.webp,LY-HOT-000097,hotels,فندق ريكسوس,hotel,existing_link,1.0,true,true,false,false,false,false,,thumbnail_only,DUP-00160,unknown,true,Hotels,"Existing local linkage; technical evidence only, not visual verification."
B2-CAN-00256,IMG-AFEF705E110272D8,IMG-807AB6F354BF0E02,assets/images/hotels/hotels-LY-HOTELS-00097-03.webp,LY-HOT-000097,hotels,فندق ريكسوس,hotel,existing_link,1.0,true,true,false,false,false,false,,thumbnail_only,DUP-00354,unknown,true,Hotels,"Existing local linkage; technical evidence only, not visual verification."
B2-CAN-00257,IMG-9F069DAF289EA0A0,IMG-F10441A952097303,assets/images/hotels/hotels-LY-HOTELS-00097-04.webp,LY-HOT-000097,hotels,فندق ريكسوس,hotel,existing_link,1.0,true,true,false,false,false,false,,thumbnail_only,DUP-01141,unknown,true,Hotels,"Existing local linkage; technical evidence only, not visual verification."
B2-CAN-00258,IMG-1DF45172B1BF7BD2,IMG-C3DD1A72064B8D6F,assets/images/hotels/hotels-LY-HOTELS-00097-05.webp,LY-HOT-000097,hotels,فندق ريكسوس,hotel,existing_link,1.0,true,true,false,false,false,false,,thumbnail_only,DUP-00324,unknown,true,Hotels,"Existing local linkage; technical evidence only, not visual verification."
B2-CAN-00259,IMG-C8F2AC0814DA6F5B,IMG-DBD8425A1CC2BD0C,assets/images/hotels/hotels-LY-HOTELS-00098-01.webp,LY-HOT-000098,hotels,فندق زليتن,hotel,existing_link,1.0,true,true,false,false,false,false,,thumbnail_only,DUP-00248,unknown,true,Hotels,"Existing local linkage; technical evidence only, not visual verification."
B2-CAN-00260,IMG-D3468EA82A39ECE5,IMG-0541609E0DD4A51E,assets/images/hotels/hotels-LY-HOTELS-00098-02.webp,LY-HOT-000098,hotels,فندق زليتن,hotel,existing_link,1.0,true,true,false,false,false,false,,thumbnail_only,DUP-00228,unknown,true,Hotels,"Existing local linkage; technical evidence only, not visual verification."
B2-CAN-00261,IMG-9FD6E863B6037CB9,IMG-C40226F22194EFAF,assets/images/hotels/hotels-LY-HOTELS-00098-03.webp,LY-HOT-000098,hotels,فندق زليتن,hotel,existing_link,1.0,true,true,false,false,false,false,,thumbnail_only,DUP-00787,unknown,true,Hotels,"Existing local linkage; technical evidence only, not visual verification."
B2-CAN-00262,IMG-9F297B4C0B40C957,IMG-B8A9EE245BA8AD26,assets/images/hotels/hotels-LY-HOTELS-00099-01.webp,LY-HOT-000099,hotels,فندق زميت,hotel,existing_link,1.0,true,true,false,false,false,false,,thumbnail_only,DUP-00703,unknown,true,Hotels,"Existing local linkage; technical evidence only, not visual verification."
B2-CAN-00263,IMG-CAE7249A62953873,IMG-CB8A3C8F35302B7F,assets/images/hotels/hotels-LY-HOTELS-00099-02.webp,LY-HOT-000099,hotels,فندق زميت,hotel,existing_link,1.0,true,true,false,false,false,false,,thumbnail_only,DUP-00450,unknown,true,Hotels,"Existing local linkage; technical evidence only, not visual verification."
B2-CAN-00264,IMG-AC35D29C25944063,IMG-00FDF573A183886E,assets/images/hotels/hotels-LY-HOTELS-00099-03.webp,LY-HOT-000099,hotels,فندق زميت,hotel,existing_link,1.0,true,true,false,false,false,false,,thumbnail_only,DUP-00560,unknown,true,Hotels,"Existing local linkage; technical evidence only, not visual verification."
B2-CAN-00265,IMG-20D7A9FC21E30A0E,IMG-DD8AEC627ECF60C5,assets/images/hotels/hotels-LY-HOTELS-00099-04.webp,LY-HOT-000099,hotels,فندق زميت,hotel,existing_link,1.0,true,true,false,false,false,false,,thumbnail_only,DUP-00435,unknown,true,Hotels,"Existing local linkage; technical evidence only, not visual verification."
B2-CAN-00266,IMG-9451658CBCB2438B,IMG-072C1530A89D2FB5,assets/images/hotels/hotels-LY-HOTELS-00099-05.webp,LY-HOT-000099,hotels,فندق زميت,hotel,existing_link,1.0,true,true,false,false,false,false,,thumbnail_only,DUP-00135,unknown,true,Hotels,"Existing local linkage; technical evidence only, not visual verification."
B2-CAN-00267,IMG-5AE49B68EB0A156C,IMG-DF4A3DD398AE2330,assets/images/hotels/hotels-LY-HOTELS-00099-06.webp,LY-HOT-000099,hotels,فندق زميت,hotel,existing_link,1.0,true,true,false,false,false,false,,thumbnail_only,DUP-00853,unknown,true,Hotels,"Existing local linkage; technical evidence only, not visual verification."
B2-CAN-00268,IMG-7677C012901A661B,IMG-BA3D98BA22514336,assets/images/hotels/hotels-LY-HOTELS-00099-07.webp,LY-HOT-000099,hotels,فندق زميت,hotel,existing_link,1.0,true,true,false,false,false,false,,thumbnail_only,DUP-00690,unknown,true,Hotels,"Existing local linkage; technical evidence only, not visual verification."
B2-CAN-00269,IMG-BD81FB1B239C08FB,IMG-FA81416231B274E6,assets/images/hotels/hotels-LY-HOTELS-00099-08.webp,LY-HOT-000099,hotels,فندق زميت,hotel,existing_link,1.0,true,true,false,false,false,false,,thumbnail_only,DUP-00241,unknown,true,Hotels,"Existing local linkage; technical evidence only, not visual verification."
B2-CAN-00270,IMG-FBC3DEE6C014E074,IMG-41E39F595447A299,assets/images/hotels/hotels-LY-HOTELS-00099-09.webp,LY-HOT-000099,hotels,فندق زميت,hotel,existing_link,1.0,true,true,false,false,false,false,,thumbnail_only,DUP-00212,unknown,true,Hotels,"Existing local linkage; technical evidence only, not visual verification."
B2-CAN-00271,IMG-7E197A3C314FAA3F,IMG-886F37BDB7A20062,assets/images/hotels/hotels-LY-HOTELS-00099-10.webp,LY-HOT-000099,hotels,فندق زميت,hotel,existing_link,1.0,true,true,false,false,false,false,,thumbnail_only,DUP-00581,unknown,true,Hotels,"Existing local linkage; technical evidence only, not visual verification."
B2-CAN-00272,IMG-50C88BA946BC9961,IMG-255FB8237A2F0054,assets/images/hotels/hotels-LY-HOTELS-00100-01.webp,LY-HOT-000100,hotels,فندق زوارة,hotel,existing_link,1.0,true,true,false,false,false,false,,thumbnail_only,DUP-00269,unknown,true,Hotels,"Existing local linkage; technical evidence only, not visual verification."
B2-CAN-00273,IMG-C06A0EBCFAEA2B57,IMG-3EF6D51458590288,assets/images/hotels/hotels-LY-HOTELS-00100-02.webp,LY-HOT-000100,hotels,فندق زوارة,hotel,existing_link,1.0,true,true,false,false,false,false,,thumbnail_only,DUP-01370,unknown,true,Hotels,"Existing local linkage; technical evidence only, not visual verification."
B2-CAN-00274,IMG-69062897509C628E,IMG-9F96B9A4E93C8392,assets/images/hotels/hotels-LY-HOTELS-00100-03.webp,LY-HOT-000100,hotels,فندق زوارة,hotel,existing_link,1.0,true,true,false,false,false,false,,thumbnail_only,DUP-00775,unknown,true,Hotels,"Existing local linkage; technical evidence only, not visual verification."
B2-CAN-00275,IMG-91B4AED0FE2BBA89,IMG-90C08E273C288EFF,assets/images/hotels/hotels-LY-HOTELS-00100-04.webp,LY-HOT-000100,hotels,فندق زوارة,hotel,existing_link,1.0,true,true,false,false,false,false,,thumbnail_only,DUP-00013,unknown,true,Hotels,"Existing local linkage; technical evidence only, not visual verification."
B2-CAN-00276,IMG-055271F1382E9D5A,IMG-9D8E2EB582BFCFAC,assets/images/hotels/hotels-LY-HOTELS-00102-01.webp,LY-HOT-000102,hotels,فندق سفاري,hotel,existing_link,1.0,true,true,false,false,false,false,,thumbnail_only,DUP-00631,unknown,true,Hotels,"Existing local linkage; technical evidence only, not visual verification."
B2-CAN-00277,IMG-3395225F54504E31,IMG-5B891BF9CC9B6073,assets/images/hotels/hotels-LY-HOTELS-00102-02.webp,LY-HOT-000102,hotels,فندق سفاري,hotel,existing_link,1.0,true,true,false,false,false,false,,thumbnail_only,DUP-00217,unknown,true,Hotels,"Existing local linkage; technical evidence only, not visual verification."
B2-CAN-00278,IMG-B3F78DA2F7BA0492,IMG-D39193720551C3A6,assets/images/hotels/hotels-LY-HOTELS-00102-03.webp,LY-HOT-000102,hotels,فندق سفاري,hotel,existing_link,1.0,true,true,false,false,false,false,,thumbnail_only,DUP-00815,unknown,true,Hotels,"Existing local linkage; technical evidence only, not visual verification."
B2-CAN-00279,IMG-3092C1186BF5C37B,IMG-197BF888FE095625,assets/images/hotels/hotels-LY-HOTELS-00102-04.webp,LY-HOT-000102,hotels,فندق سفاري,hotel,existing_link,1.0,true,true,false,false,false,false,,thumbnail_only,DUP-00610,unknown,true,Hotels,"Existing local linkage; technical evidence only, not visual verification."
B2-CAN-00280,IMG-F129B3CAB0A9850A,IMG-215DE7BB7F591CD0,assets/images/hotels/hotels-LY-HOTELS-00102-05.webp,LY-HOT-000102,hotels,فندق سفاري,hotel,existing_link,1.0,true,true,false,false,false,false,,thumbnail_only,DUP-00352,unknown,true,Hotels,"Existing local linkage; technical evidence only, not visual verification."
B2-CAN-00281,IMG-5FD7D29019D53E4A,IMG-CCD95F291123DD4A,assets/images/hotels/hotels-LY-HOTELS-00103-01.webp,LY-HOT-000103,hotels,فندق سفاري 2,hotel,existing_link,1.0,true,true,false,false,false,false,,thumbnail_only,DUP-01087,unknown,true,Hotels,"Existing local linkage; technical evidence only, not visual verification."
B2-CAN-00282,IMG-F1D49822B9E50E75,IMG-2B7BEE5C8C66F652,assets/images/hotels/hotels-LY-HOTELS-00103-02.webp,LY-HOT-000103,hotels,فندق سفاري 2,hotel,existing_link,1.0,true,true,false,false,false,false,,thumbnail_only,DUP-00550,unknown,true,Hotels,"Existing local linkage; technical evidence only, not visual verification."
B2-CAN-00283,IMG-DACA10C87FFEDDF2,IMG-3C1027AECEC6FA91,assets/images/hotels/hotels-LY-HOTELS-00103-03.webp,LY-HOT-000103,hotels,فندق سفاري 2,hotel,existing_link,1.0,true,true,false,false,false,false,,thumbnail_only,DUP-00710,unknown,true,Hotels,"Existing local linkage; technical evidence only, not visual verification."
B2-CAN-00284,IMG-9D9788DF5F512236,IMG-69E8B1DE5A71649E,assets/images/hotels/hotels-LY-HOTELS-00105-01.webp,LY-HOT-000105,hotels,فندق ضيافة ونيس,hotel,existing_link,1.0,true,true,false,false,false,false,,thumbnail_only,DUP-00609,unknown,true,Hotels,"Existing local linkage; technical evidence only, not visual verification."
B2-CAN-00285,IMG-A6AA8F89D8035298,IMG-FC9920E5D171A809,assets/images/hotels/hotels-LY-HOTELS-00105-02.webp,LY-HOT-000105,hotels,فندق ضيافة ونيس,hotel,existing_link,1.0,true,true,false,false,false,false,,thumbnail_only,DUP-00899,unknown,true,Hotels,"Existing local linkage; technical evidence only, not visual verification."
B2-CAN-00286,IMG-5931F77CB872CA65,IMG-DA8A231A37BAEB3A,assets/images/hotels/hotels-LY-HOTELS-00105-03.webp,LY-HOT-000105,hotels,فندق ضيافة ونيس,hotel,existing_link,1.0,true,true,false,false,false,false,,thumbnail_only,DUP-00471,unknown,true,Hotels,"Existing local linkage; technical evidence only, not visual verification."
B2-CAN-00287,IMG-65FE8276C93C607B,IMG-1499C77A1F287A64,assets/images/hotels/hotels-LY-HOTELS-00105-04.webp,LY-HOT-000105,hotels,فندق ضيافة ونيس,hotel,existing_link,1.0,true,true,false,false,false,false,,thumbnail_only,DUP-00912,unknown,true,Hotels,"Existing local linkage; technical evidence only, not visual verification."
B2-CAN-00288,IMG-BC05599FBBCAA307,IMG-026409E72C42642F,assets/images/hotels/hotels-LY-HOTELS-00105-05.webp,LY-HOT-000105,hotels,فندق ضيافة ونيس,hotel,existing_link,1.0,true,true,false,false,false,false,,thumbnail_only,DUP-00344,unknown,true,Hotels,"Existing local linkage; technical evidence only, not visual verification."
B2-CAN-00289,IMG-CF5B85980D944684,IMG-1802A17F73F92EBB,assets/images/hotels/hotels-LY-HOTELS-00105-06.webp,LY-HOT-000105,hotels,فندق ضيافة ونيس,hotel,existing_link,1.0,true,true,false,false,false,false,,thumbnail_only,DUP-01042,unknown,true,Hotels,"Existing local linkage; technical evidence only, not visual verification."
B2-CAN-00290,IMG-473D64CC0B4F095E,IMG-9C4AEF2C6F040553,assets/images/hotels/hotels-LY-HOTELS-00106-01.webp,LY-HOT-000106,hotels,فندق طرابلس الدولي,hotel,existing_link,1.0,true,true,false,false,false,false,,thumbnail_only,DUP-00518,unknown,true,Hotels,"Existing local linkage; technical evidence only, not visual verification."
B2-CAN-00291,IMG-F945AEDAF1808D51,IMG-C029EEAD53EBA244,assets/images/hotels/hotels-LY-HOTELS-00106-02.webp,LY-HOT-000106,hotels,فندق طرابلس الدولي,hotel,existing_link,1.0,true,true,false,false,false,false,,thumbnail_only,DUP-01223,unknown,true,Hotels,"Existing local linkage; technical evidence only, not visual verification."
B2-CAN-00292,IMG-43CBC8CB7C57858F,IMG-FBD01D0E7409187A,assets/images/hotels/hotels-LY-HOTELS-00106-03.webp,LY-HOT-000106,hotels,فندق طرابلس الدولي,hotel,existing_link,1.0,true,true,false,false,false,false,,thumbnail_only,DUP-00201,unknown,true,Hotels,"Existing local linkage; technical evidence only, not visual verification."
B2-CAN-00293,IMG-43D287B6930B4435,IMG-1094B31A263C12B1,assets/images/hotels/hotels-LY-HOTELS-00106-04.webp,LY-HOT-000106,hotels,فندق طرابلس الدولي,hotel,existing_link,1.0,true,true,false,false,false,false,,thumbnail_only,DUP-01135,unknown,true,Hotels,"Existing local linkage; technical evidence only, not visual verification."
B2-CAN-00294,IMG-DC7DCA525167CC8C,IMG-C84B7597E152B9BB,assets/images/hotels/hotels-LY-HOTELS-00106-05.webp,LY-HOT-000106,hotels,فندق طرابلس الدولي,hotel,existing_link,1.0,true,true,false,false,false,false,,thumbnail_only,DUP-00673,unknown,true,Hotels,"Existing local linkage; technical evidence only, not visual verification."
B2-CAN-00295,IMG-080B18A3BC9738ED,IMG-ACCF95C794768116,assets/images/hotels/hotels-LY-HOTELS-00106-06.webp,LY-HOT-000106,hotels,فندق طرابلس الدولي,hotel,existing_link,1.0,true,true,false,false,false,false,,thumbnail_only,DUP-00574,unknown,true,Hotels,"Existing local linkage; technical evidence only, not visual verification."
B2-CAN-00296,IMG-6580CB7EB805DFF0,IMG-0E799557CED9064A,assets/images/hotels/hotels-LY-HOTELS-00107-01.webp,LY-HOT-000107,hotels,فندق طليطلة,hotel,existing_link,1.0,true,true,false,false,false,false,,thumbnail_only,DUP-01374,unknown,true,Hotels,"Existing local linkage; technical evidence only, not visual verification."
B2-CAN-00297,IMG-370B5C3B65A1A3C4,IMG-7230A7BE53B90109,assets/images/hotels/hotels-LY-HOTELS-00107-02.webp,LY-HOT-000107,hotels,فندق طليطلة,hotel,existing_link,1.0,true,true,false,false,false,false,,thumbnail_only,DUP-01108,unknown,true,Hotels,"Existing local linkage; technical evidence only, not visual verification."
B2-CAN-00298,IMG-37F922D5DEF09175,IMG-1F3B19A664DDFF30,assets/images/hotels/hotels-LY-HOTELS-00107-03.webp,LY-HOT-000107,hotels,فندق طليطلة,hotel,existing_link,1.0,true,true,false,false,false,false,,thumbnail_only,DUP-01009,unknown,true,Hotels,"Existing local linkage; technical evidence only, not visual verification."
B2-CAN-00299,IMG-50B546F3C44D52E7,IMG-B9E0E5FB3D5EEDFC,assets/images/hotels/hotels-LY-HOTELS-00107-04.webp,LY-HOT-000107,hotels,فندق طليطلة,hotel,existing_link,1.0,true,true,false,false,false,false,,thumbnail_only,DUP-00209,unknown,true,Hotels,"Existing local linkage; technical evidence only, not visual verification."
B2-CAN-00300,IMG-60AE2A53516D38B5,IMG-F9A3C38667647920,assets/images/hotels/hotels-LY-HOTELS-00108-01.webp,LY-HOT-000108,hotels,فندق طيبة,hotel,existing_link,1.0,true,true,false,false,false,false,,thumbnail_only,DUP-00934,unknown,true,Hotels,"Existing local linkage; technical evidence only, not visual verification."
B2-CAN-00301,IMG-63D96C449B2D04DB,IMG-25D368EA8D78BEF9,assets/images/hotels/hotels-LY-HOTELS-00108-02.webp,LY-HOT-000108,hotels,فندق طيبة,hotel,existing_link,1.0,true,true,false,false,false,false,,thumbnail_only,DUP-00277,unknown,true,Hotels,"Existing local linkage; technical evidence only, not visual verification."
B2-CAN-00302,IMG-40EAEC4C6760A8C3,IMG-79D1B2AF7BC068A6,assets/images/hotels/hotels-LY-HOTELS-00108-03.webp,LY-HOT-000108,hotels,فندق طيبة,hotel,existing_link,1.0,true,true,false,false,false,false,,thumbnail_only,DUP-00006,unknown,true,Hotels,"Existing local linkage; technical evidence only, not visual verification."
B2-CAN-00303,IMG-14E7A433C1AA23C9,IMG-72372DA2CAC0811E,assets/images/hotels/hotels-LY-HOTELS-00109-01.webp,LY-HOT-000109,hotels,فندق عمير,hostel,existing_link,1.0,true,true,false,false,false,false,,thumbnail_only,DUP-01397,unknown,true,Hotels,"Existing local linkage; technical evidence only, not visual verification."
B2-CAN-00304,IMG-F784DB5397D016BA,IMG-6EEE104B35F32ADE,assets/images/hotels/hotels-LY-HOTELS-00109-02.webp,LY-HOT-000109,hotels,فندق عمير,hostel,existing_link,1.0,true,true,false,false,false,false,,thumbnail_only,DUP-00788,unknown,true,Hotels,"Existing local linkage; technical evidence only, not visual verification."
B2-CAN-00305,IMG-A63425A76138E1B0,IMG-ECBCABBF516C8A3B,assets/images/hotels/hotels-LY-HOTELS-00109-03.webp,LY-HOT-000109,hotels,فندق عمير,hostel,existing_link,1.0,true,true,false,false,false,false,,thumbnail_only,DUP-00123,unknown,true,Hotels,"Existing local linkage; technical evidence only, not visual verification."
B2-CAN-00306,IMG-DA0ECA578123941F,IMG-48C35F15AFAC03C4,assets/images/hotels/hotels-LY-HOTELS-00110-01.webp,LY-HOT-000110,hotels,فندق عين الفرس,hotel,existing_link,1.0,true,true,false,false,false,false,,thumbnail_only,DUP-00555,unknown,true,Hotels,"Existing local linkage; technical evidence only, not visual verification."
B2-CAN-00307,IMG-338CC40AD91622F4,IMG-DFE6F502A7779304,assets/images/hotels/hotels-LY-HOTELS-00110-02.webp,LY-HOT-000110,hotels,فندق عين الفرس,hotel,existing_link,1.0,true,true,false,false,false,false,,thumbnail_only,DUP-00911,unknown,true,Hotels,"Existing local linkage; technical evidence only, not visual verification."
B2-CAN-00308,IMG-6BCB30EA9DC9D585,IMG-B6A8AFA7F049B288,assets/images/hotels/hotels-LY-HOTELS-00112-01.webp,LY-HOT-000112,hotels,فندق غريان السياحي,hotel,existing_link,1.0,true,true,false,false,false,false,,thumbnail_only,DUP-00203,unknown,true,Hotels,"Existing local linkage; technical evidence only, not visual verification."
B2-CAN-00309,IMG-872163498C1308A2,IMG-C2C4F78BD304EEE6,assets/images/hotels/hotels-LY-HOTELS-00112-02.webp,LY-HOT-000112,hotels,فندق غريان السياحي,hotel,existing_link,1.0,true,true,false,false,false,false,,thumbnail_only,DUP-00538,unknown,true,Hotels,"Existing local linkage; technical evidence only, not visual verification."
B2-CAN-00310,IMG-57CC6290CF85CBB0,IMG-9615C7A29D072368,assets/images/hotels/hotels-LY-HOTELS-00112-03.webp,LY-HOT-000112,hotels,فندق غريان السياحي,hotel,existing_link,1.0,true,true,false,false,false,false,,thumbnail_only,DUP-00821,unknown,true,Hotels,"Existing local linkage; technical evidence only, not visual verification."
B2-CAN-00311,IMG-0D376903126C3B56,IMG-0C61B7D8550466A3,assets/images/hotels/hotels-LY-HOTELS-00112-04.webp,LY-HOT-000112,hotels,فندق غريان السياحي,hotel,existing_link,1.0,true,true,false,false,false,false,,thumbnail_only,DUP-00065,unknown,true,Hotels,"Existing local linkage; technical evidence only, not visual verification."
B2-CAN-00312,IMG-364EE0B0BB3600EC,IMG-C7676431639D06F7,assets/images/hotels/hotels-LY-HOTELS-00112-05.webp,LY-HOT-000112,hotels,فندق غريان السياحي,hotel,existing_link,1.0,true,true,false,false,false,false,,thumbnail_only,DUP-01324,unknown,true,Hotels,"Existing local linkage; technical evidence only, not visual verification."
B2-CAN-00313,IMG-046EDC55FFD15293,IMG-C4A9802D583C2030,assets/images/hotels/hotels-LY-HOTELS-00113-01.webp,LY-HOT-000113,hotels,فندق قرطاج,hotel,existing_link,1.0,true,true,false,false,false,false,,thumbnail_only,DUP-00595,unknown,true,Hotels,"Existing local linkage; technical evidence only, not visual verification."
B2-CAN-00314,IMG-E6FB468A34553F69,IMG-B10F334A01F52BC3,assets/images/hotels/hotels-LY-HOTELS-00113-02.webp,LY-HOT-000113,hotels,فندق قرطاج,hotel,existing_link,1.0,true,true,false,false,false,false,,thumbnail_only,DUP-01071,unknown,true,Hotels,"Existing local linkage; technical evidence only, not visual verification."
B2-CAN-00315,IMG-CD389C5BBF989F52,IMG-7BC5A3EBECF4AF41,assets/images/hotels/hotels-LY-HOTELS-00113-03.webp,LY-HOT-000113,hotels,فندق قرطاج,hotel,existing_link,1.0,true,true,false,false,false,false,,thumbnail_only,DUP-00078,unknown,true,Hotels,"Existing local linkage; technical evidence only, not visual verification."
B2-CAN-00316,IMG-6246F499D62CE225,IMG-658A47E4EBBCD82B,assets/images/hotels/hotels-LY-HOTELS-00113-04.webp,LY-HOT-000113,hotels,فندق قرطاج,hotel,existing_link,1.0,true,true,false,false,false,false,,thumbnail_only,DUP-00011,unknown,true,Hotels,"Existing local linkage; technical evidence only, not visual verification."
B2-CAN-00317,IMG-309C79A0A4047E8E,IMG-E5871C9EDAE5333B,assets/images/hotels/hotels-LY-HOTELS-00113-05.webp,LY-HOT-000113,hotels,فندق قرطاج,hotel,existing_link,1.0,true,true,false,false,false,false,,thumbnail_only,DUP-00132,unknown,true,Hotels,"Existing local linkage; technical evidence only, not visual verification."
B2-CAN-00318,IMG-9177C7EFBB2B6B7C,IMG-35D703EAB18EB32C,assets/images/hotels/hotels-LY-HOTELS-00114-01.webp,LY-HOT-000114,hotels,فندق قصر الظهرة,hotel,existing_link,1.0,true,true,false,false,false,false,,thumbnail_only,DUP-01003,unknown,true,Hotels,"Existing local linkage; technical evidence only, not visual verification."
B2-CAN-00319,IMG-A086DC41704ADD1B,IMG-570BC3C80ED0B791,assets/images/hotels/hotels-LY-HOTELS-00114-02.webp,LY-HOT-000114,hotels,فندق قصر الظهرة,hotel,existing_link,1.0,true,true,false,false,false,false,,thumbnail_only,DUP-01041,unknown,true,Hotels,"Existing local linkage; technical evidence only, not visual verification."
B2-CAN-00320,IMG-2D3E0AAAE22E7D91,IMG-6D38D400AAD609CA,assets/images/hotels/hotels-LY-HOTELS-00114-03.webp,LY-HOT-000114,hotels,فندق قصر الظهرة,hotel,existing_link,1.0,true,true,false,false,false,false,,thumbnail_only,DUP-00978,unknown,true,Hotels,"Existing local linkage; technical evidence only, not visual verification."
B2-CAN-00321,IMG-92BEF614FB666C53,IMG-22059EF7F4B3BC8E,assets/images/hotels/hotels-LY-HOTELS-00114-04.webp,LY-HOT-000114,hotels,فندق قصر الظهرة,hotel,existing_link,1.0,true,true,false,false,false,false,,thumbnail_only,DUP-00803,unknown,true,Hotels,"Existing local linkage; technical evidence only, not visual verification."
B2-CAN-00322,IMG-5BFF82E347ADC00E,IMG-DDA94DDB435F409B,assets/images/hotels/hotels-LY-HOTELS-00114-05.webp,LY-HOT-000114,hotels,فندق قصر الظهرة,hotel,existing_link,1.0,true,true,false,false,false,false,,thumbnail_only,DUP-01329,unknown,true,Hotels,"Existing local linkage; technical evidence only, not visual verification."
B2-CAN-00323,IMG-BA13A3ED90379651,IMG-99B9B0C87A5AF4EC,assets/images/hotels/hotels-LY-HOTELS-00114-06.webp,LY-HOT-000114,hotels,فندق قصر الظهرة,hotel,existing_link,1.0,true,true,false,false,false,false,,thumbnail_only,DUP-00565,unknown,true,Hotels,"Existing local linkage; technical evidence only, not visual verification."
B2-CAN-00324,IMG-110FEF464D2C395F,IMG-BE5EAB4A5C09CAA4,assets/images/hotels/hotels-LY-HOTELS-00031-02.webp,LY-HOT-000115,hotels,فندق قصر الفيروز,hotel,existing_link,1.0,true,true,false,false,false,false,,thumbnail_only,DUP-00021,unknown,true,Hotels,"Existing local linkage; technical evidence only, not visual verification."
B2-CAN-00325,IMG-792FD5E40F6FFFF5,IMG-6332230EC4683844,assets/images/hotels/hotels-LY-HOTELS-00031-05.webp,LY-HOT-000115,hotels,فندق قصر الفيروز,hotel,existing_link,1.0,true,true,false,false,false,false,,thumbnail_only,DUP-00405,unknown,true,Hotels,"Existing local linkage; technical evidence only, not visual verification."
B2-CAN-00326,IMG-FFE2673C35F0DB78,IMG-A06795E129A97F38,assets/images/hotels/hotels-LY-HOTELS-00031-06.webp,LY-HOT-000115,hotels,فندق قصر الفيروز,hotel,existing_link,1.0,true,true,false,false,false,false,,thumbnail_only,DUP-00234,unknown,true,Hotels,"Existing local linkage; technical evidence only, not visual verification."
B2-CAN-00327,IMG-590675C1DE7ECB98,IMG-ACCE222A1C8826AD,assets/images/hotels/hotels-LY-HOTELS-00031-03.webp,LY-HOT-000115,hotels,فندق قصر الفيروز,hotel,existing_link,1.0,true,true,false,false,false,false,,thumbnail_only,DUP-00790,unknown,true,Hotels,"Existing local linkage; technical evidence only, not visual verification."
B2-CAN-00328,IMG-88F9E3D4EBB82F29,IMG-7B49A9BE9EE45794,assets/images/hotels/hotels-LY-HOTELS-00031-04.webp,LY-HOT-000115,hotels,فندق قصر الفيروز,hotel,existing_link,1.0,true,true,false,false,false,false,,thumbnail_only,DUP-00634,unknown,true,Hotels,"Existing local linkage; technical evidence only, not visual verification."
B2-CAN-00329,IMG-418C257283B4249C,IMG-C8E867675C8382FE,assets/images/hotels/hotels-LY-HOTELS-00116-01.webp,LY-HOT-000116,hotels,فندق قمر صبراتة,hotel,existing_link,1.0,true,true,false,false,false,false,,thumbnail_only,DUP-00413,unknown,true,Hotels,"Existing local linkage; technical evidence only, not visual verification."
B2-CAN-00330,IMG-67129E3029742E03,IMG-60A7D1321C83220B,assets/images/hotels/hotels-LY-HOTELS-00118-01.webp,LY-HOT-000118,hotels,فندق لبدة السياحي الخمس,hotel,existing_link,1.0,true,true,false,false,false,false,,thumbnail_only,DUP-00447,unknown,true,Hotels,"Existing local linkage; technical evidence only, not visual verification."
B2-CAN-00331,IMG-CC8B9FFC0DA311E6,IMG-7E46FA637B1B0F3B,assets/images/hotels/hotels-LY-HOTELS-00118-02.webp,LY-HOT-000118,hotels,فندق لبدة السياحي الخمس,hotel,existing_link,1.0,true,true,false,false,false,false,,thumbnail_only,DUP-00163,unknown,true,Hotels,"Existing local linkage; technical evidence only, not visual verification."
B2-CAN-00332,IMG-41CCA8F0FE97732E,IMG-CDA4E27AD4592D8E,assets/images/hotels/hotels-LY-HOTELS-00118-03.webp,LY-HOT-000118,hotels,فندق لبدة السياحي الخمس,hotel,existing_link,1.0,true,true,false,false,false,false,,thumbnail_only,DUP-00474,unknown,true,Hotels,"Existing local linkage; technical evidence only, not visual verification."
B2-CAN-00333,IMG-03BCED39B74C88E8,IMG-849965FE08364737,assets/images/hotels/hotels-LY-HOTELS-00118-04.webp,LY-HOT-000118,hotels,فندق لبدة السياحي الخمس,hotel,existing_link,1.0,true,true,false,false,false,false,,thumbnail_only,DUP-00443,unknown,true,Hotels,"Existing local linkage; technical evidence only, not visual verification."
B2-CAN-00334,IMG-8CB3641F2E0E2918,IMG-8102DB6A5B24BFD2,assets/images/hotels/hotels-LY-HOTELS-00118-05.webp,LY-HOT-000118,hotels,فندق لبدة السياحي الخمس,hotel,existing_link,1.0,true,true,false,false,false,false,,thumbnail_only,DUP-00717,unknown,true,Hotels,"Existing local linkage; technical evidence only, not visual verification."
B2-CAN-00335,IMG-8F34F98C40532FD5,IMG-8102DB6A5B24BFD2,assets/images/hotels/hotels-LY-HOTELS-00118-06.webp,LY-HOT-000118,hotels,فندق لبدة السياحي الخمس,hotel,existing_link,1.0,true,true,false,false,false,false,,thumbnail_only,DUP-00717,unknown,true,Hotels,"Existing local linkage; technical evidence only, not visual verification."
B2-CAN-00336,IMG-8201EBFF517080E7,IMG-013D1D2165E02479,assets/images/hotels/hotels-LY-HOTELS-00118-07.webp,LY-HOT-000118,hotels,فندق لبدة السياحي الخمس,hotel,existing_link,1.0,true,true,false,false,false,false,,thumbnail_only,DUP-00482,unknown,true,Hotels,"Existing local linkage; technical evidence only, not visual verification."
B2-CAN-00337,IMG-95FBA11274111986,IMG-EB09D515FDD8FBCF,assets/images/hotels/hotels-LY-HOTELS-00118-08.webp,LY-HOT-000118,hotels,فندق لبدة السياحي الخمس,hotel,existing_link,1.0,true,true,false,false,false,false,,thumbnail_only,DUP-00727,unknown,true,Hotels,"Existing local linkage; technical evidence only, not visual verification."
B2-CAN-00338,IMG-3E02AB981525E9A7,IMG-8E0614C5F992E3EF,assets/images/hotels/hotels-LY-HOTELS-00118-09.webp,LY-HOT-000118,hotels,فندق لبدة السياحي الخمس,hotel,existing_link,1.0,true,true,false,false,false,false,,thumbnail_only,DUP-00069,unknown,true,Hotels,"Existing local linkage; technical evidence only, not visual verification."
B2-CAN-00339,IMG-E6FB468A34553F69,IMG-B10F334A01F52BC3,assets/images/hotels/hotels-LY-HOTELS-00113-02.webp,LY-HOT-000119,hotels,فندق ليالي قرطاج,hotel,existing_link,1.0,true,true,false,false,false,false,,thumbnail_only,DUP-01071,unknown,true,Hotels,"Existing local linkage; technical evidence only, not visual verification."
B2-CAN-00340,IMG-046EDC55FFD15293,IMG-C4A9802D583C2030,assets/images/hotels/hotels-LY-HOTELS-00113-01.webp,LY-HOT-000119,hotels,فندق ليالي قرطاج,hotel,existing_link,1.0,true,true,false,false,false,false,,thumbnail_only,DUP-00595,unknown,true,Hotels,"Existing local linkage; technical evidence only, not visual verification."
B2-CAN-00341,IMG-CD389C5BBF989F52,IMG-7BC5A3EBECF4AF41,assets/images/hotels/hotels-LY-HOTELS-00113-03.webp,LY-HOT-000119,hotels,فندق ليالي قرطاج,hotel,existing_link,1.0,true,true,false,false,false,false,,thumbnail_only,DUP-00078,unknown,true,Hotels,"Existing local linkage; technical evidence only, not visual verification."
B2-CAN-00342,IMG-E154B829B141A067,IMG-777779309D76AB79,assets/images/hotels/hotels-LY-HOTELS-00120-01.webp,LY-HOT-000120,hotels,فندق ليبيا,hostel,existing_link,1.0,true,true,false,false,false,false,,thumbnail_only,DUP-00879,unknown,true,Hotels,"Existing local linkage; technical evidence only, not visual verification."
B2-CAN-00343,IMG-799EC0527B395A22,IMG-DDA997EC255A501F,assets/images/hotels/hotels-LY-HOTELS-00120-02.webp,LY-HOT-000120,hotels,فندق ليبيا,hostel,existing_link,1.0,true,true,false,false,false,false,,thumbnail_only,DUP-00691,unknown,true,Hotels,"Existing local linkage; technical evidence only, not visual verification."
B2-CAN-00344,IMG-E2F5412D4F139C82,IMG-CB2D68CBE7E06A34,assets/images/hotels/hotels-LY-HOTELS-00120-03.webp,LY-HOT-000120,hotels,فندق ليبيا,hostel,existing_link,1.0,true,true,false,false,false,false,,thumbnail_only,DUP-00591,unknown,true,Hotels,"Existing local linkage; technical evidence only, not visual verification."
B2-CAN-00345,IMG-619A73377581FBAB,IMG-63C7BC9C9AB2DA06,assets/images/hotels/hotels-LY-HOTELS-00120-04.webp,LY-HOT-000120,hotels,فندق ليبيا,hostel,existing_link,1.0,true,true,false,false,false,false,,thumbnail_only,DUP-00697,unknown,true,Hotels,"Existing local linkage; technical evidence only, not visual verification."
B2-CAN-00346,IMG-9A1A586589F43265,IMG-5C69BB264CA01FDA,assets/images/hotels/hotels-LY-HOTELS-00120-05.webp,LY-HOT-000120,hotels,فندق ليبيا,hostel,existing_link,1.0,true,true,false,false,false,false,,thumbnail_only,DUP-00882,unknown,true,Hotels,"Existing local linkage; technical evidence only, not visual verification."
B2-CAN-00347,IMG-1F7437ABB55E3BEB,IMG-39F88D873056C2A6,assets/images/hotels/hotels-LY-HOTELS-00120-06.webp,LY-HOT-000120,hotels,فندق ليبيا,hostel,existing_link,1.0,true,true,false,false,false,false,,thumbnail_only,DUP-01033,unknown,true,Hotels,"Existing local linkage; technical evidence only, not visual verification."
B2-CAN-00348,IMG-433F949188978281,IMG-48D58D48DAA701DC,assets/images/hotels/hotels-LY-HOTELS-00121-01.webp,LY-HOT-000121,hotels,فندق مادي الحسان,hotel,existing_link,1.0,true,true,false,false,false,false,,thumbnail_only,DUP-00244,unknown,true,Hotels,"Existing local linkage; technical evidence only, not visual verification."
B2-CAN-00349,IMG-8F9E2539142EA71C,IMG-A427EB55AED211D8,assets/images/hotels/hotels-LY-HOTELS-00121-02.webp,LY-HOT-000121,hotels,فندق مادي الحسان,hotel,existing_link,1.0,true,true,false,false,false,false,,thumbnail_only,DUP-00702,unknown,true,Hotels,"Existing local linkage; technical evidence only, not visual verification."
B2-CAN-00350,IMG-AC20D13FD1B62BBD,IMG-7AB27211AE46499F,assets/images/hotels/hotels-LY-HOTELS-00121-03.webp,LY-HOT-000121,hotels,فندق مادي الحسان,hotel,existing_link,1.0,true,true,false,false,false,false,,thumbnail_only,DUP-00388,unknown,true,Hotels,"Existing local linkage; technical evidence only, not visual verification."
B2-CAN-00351,IMG-8DD2E5F0C6BBEDCF,IMG-B4942BB685B90F47,assets/images/hotels/hotels-LY-HOTELS-00121-04.webp,LY-HOT-000121,hotels,فندق مادي الحسان,hotel,existing_link,1.0,true,true,false,false,false,false,,thumbnail_only,DUP-00676,unknown,true,Hotels,"Existing local linkage; technical evidence only, not visual verification."
B2-CAN-00352,IMG-4CC4FED28261BA62,IMG-1CF0D3EE8287CA23,assets/images/hotels/hotels-LY-HOTELS-00123-01.webp,LY-HOT-000123,hotels,فندق ومطعم الامتياز,hotel,existing_link,1.0,true,true,false,false,false,false,,thumbnail_only,DUP-00423,unknown,true,Hotels,"Existing local linkage; technical evidence only, not visual verification."
B2-CAN-00353,IMG-D92C0C5281DA8CEE,IMG-8AC55107FD2887CA,assets/images/hotels/hotels-LY-HOTELS-00123-02.webp,LY-HOT-000123,hotels,فندق ومطعم الامتياز,hotel,existing_link,1.0,true,true,false,false,false,false,,thumbnail_only,DUP-01030,unknown,true,Hotels,"Existing local linkage; technical evidence only, not visual verification."
B2-CAN-00354,IMG-876E9023E794E653,IMG-ACA4DC3937A2F224,assets/images/hotels/hotels-LY-HOTELS-00123-03.webp,LY-HOT-000123,hotels,فندق ومطعم الامتياز,hotel,existing_link,1.0,true,true,false,false,false,false,,thumbnail_only,DUP-00456,unknown,true,Hotels,"Existing local linkage; technical evidence only, not visual verification."
B2-CAN-00355,IMG-73486D97E077B418,IMG-8652B4593EC4BD67,assets/images/hotels/hotels-LY-HOTELS-00123-04.webp,LY-HOT-000123,hotels,فندق ومطعم الامتياز,hotel,existing_link,1.0,true,true,false,false,false,false,,thumbnail_only,DUP-00829,unknown,true,Hotels,"Existing local linkage; technical evidence only, not visual verification."
B2-CAN-00356,IMG-B3882BBC98371FBC,IMG-50FBF0ED76FD686E,assets/images/hotels/hotels-LY-HOTELS-00123-05.webp,LY-HOT-000123,hotels,فندق ومطعم الامتياز,hotel,existing_link,1.0,true,true,false,false,false,false,,thumbnail_only,DUP-00971,unknown,true,Hotels,"Existing local linkage; technical evidence only, not visual verification."
B2-CAN-00357,IMG-B04035D93B849CAF,IMG-95C5CFB5C0795D6B,assets/images/hotels/hotels-LY-HOTELS-00123-06.webp,LY-HOT-000123,hotels,فندق ومطعم الامتياز,hotel,existing_link,1.0,true,true,false,false,false,false,,thumbnail_only,DUP-00223,unknown,true,Hotels,"Existing local linkage; technical evidence only, not visual verification."
B2-CAN-00358,IMG-E62FE6C2A48E1957,IMG-4F0420A624DB83FF,assets/images/hotels/hotels-LY-HOTELS-00125-01.webp,LY-HOT-000125,hotels,فندق يفرن,hotel,existing_link,1.0,true,true,false,false,false,false,,thumbnail_only,DUP-00364,unknown,true,Hotels,"Existing local linkage; technical evidence only, not visual verification."
B2-CAN-00359,IMG-8D254ED37F12A687,IMG-F0443C68BFB8ECB7,assets/images/hotels/hotels-LY-HOTELS-00128-01.webp,LY-HOT-000128,hotels,فندق الثريا السياحي,hotel,existing_link,1.0,true,true,false,false,false,false,,thumbnail_only,DUP-00654,unknown,true,Hotels,"Existing local linkage; technical evidence only, not visual verification."
B2-CAN-00360,IMG-7678B7DC2B78352B,IMG-D4E9439E38BBFB40,assets/images/hotels/hotels-LY-HOTELS-00128-02.webp,LY-HOT-000128,hotels,فندق الثريا السياحي,hotel,existing_link,1.0,true,true,false,false,false,false,,thumbnail_only,DUP-00322,unknown,true,Hotels,"Existing local linkage; technical evidence only, not visual verification."
B2-CAN-00361,IMG-2D61C021515DC4EC,IMG-1794A7D0934B2276,assets/images/hotels/hotels-LY-HOTELS-00128-03.webp,LY-HOT-000128,hotels,فندق الثريا السياحي,hotel,existing_link,1.0,true,true,false,false,false,false,,thumbnail_only,DUP-01199,unknown,true,Hotels,"Existing local linkage; technical evidence only, not visual verification."
B2-CAN-00362,IMG-5294CC3B1587CCEF,IMG-B5A76961341C476A,assets/images/hotels/hotels-LY-HOTELS-00128-04.webp,LY-HOT-000128,hotels,فندق الثريا السياحي,hotel,existing_link,1.0,true,true,false,false,false,false,,thumbnail_only,DUP-00478,unknown,true,Hotels,"Existing local linkage; technical evidence only, not visual verification."
B2-CAN-00363,IMG-AF4111C89FA4A172,IMG-615C8AD994F2B09C,assets/images/hotels/hotels-LY-HOTELS-00128-05.webp,LY-HOT-000128,hotels,فندق الثريا السياحي,hotel,existing_link,1.0,true,true,false,false,false,false,,thumbnail_only,DUP-01285,unknown,true,Hotels,"Existing local linkage; technical evidence only, not visual verification."
B2-CAN-00364,IMG-274B8FDFA79EB046,IMG-86FE165F8F5ADA77,assets/images/hotels/hotels-LY-HOTELS-00130-01.webp,LY-HOT-000130,hotels,فندق البتراء,hotel,existing_link,1.0,true,true,false,false,false,false,,thumbnail_only,DUP-00002,unknown,true,Hotels,"Existing local linkage; technical evidence only, not visual verification."
B2-CAN-00365,IMG-D9905EE7AF8C7482,IMG-D21F41807D98CDAA,assets/images/hotels/hotels-LY-HOTELS-00130-02.webp,LY-HOT-000130,hotels,فندق البتراء,hotel,existing_link,1.0,true,true,false,false,false,false,,thumbnail_only,DUP-00505,unknown,true,Hotels,"Existing local linkage; technical evidence only, not visual verification."
B2-CAN-00366,IMG-B5F6E0E4265F36CC,IMG-0968E72CC0693BBE,assets/images/hotels/hotels-LY-HOTELS-00130-03.webp,LY-HOT-000130,hotels,فندق البتراء,hotel,existing_link,1.0,true,true,false,false,false,false,,thumbnail_only,DUP-00909,unknown,true,Hotels,"Existing local linkage; technical evidence only, not visual verification."
B2-CAN-00367,IMG-F0A6BCB29DAE0F37,IMG-D499E855346E3DC8,assets/images/hotels/hotels-LY-HOTELS-00130-04.webp,LY-HOT-000130,hotels,فندق البتراء,hotel,existing_link,1.0,true,true,false,false,false,false,,thumbnail_only,DUP-00506,unknown,true,Hotels,"Existing local linkage; technical evidence only, not visual verification."
B2-CAN-00368,IMG-9F71DCCA6848EB5F,IMG-D91351DA5EF8DE52,assets/images/hotels/hotels-LY-HOTELS-00130-05.webp,LY-HOT-000130,hotels,فندق البتراء,hotel,existing_link,1.0,true,true,false,false,false,false,,thumbnail_only,DUP-00907,unknown,true,Hotels,"Existing local linkage; technical evidence only, not visual verification."
B2-CAN-00369,IMG-BD576D6C7A28616B,IMG-D9758A121B1BEAC9,assets/images/hotels/hotels-LY-HOTELS-00131-01.webp,LY-HOT-000131,hotels,فندق البردي,hotel,existing_link,1.0,true,true,false,false,false,false,,thumbnail_only,DUP-00920,unknown,true,Hotels,"Existing local linkage; technical evidence only, not visual verification."
B2-CAN-00370,IMG-BC88AB77DCB93265,IMG-E579861AE5B12790,assets/images/hotels/hotels-LY-HOTELS-00131-02.webp,LY-HOT-000131,hotels,فندق البردي,hotel,existing_link,1.0,true,true,false,false,false,false,,thumbnail_only,DUP-00903,unknown,true,Hotels,"Existing local linkage; technical evidence only, not visual verification."
B2-CAN-00371,IMG-75BFCB73629F11BB,IMG-D91D9A08A58E0205,assets/images/hotels/hotels-LY-HOTELS-00131-03.webp,LY-HOT-000131,hotels,فندق البردي,hotel,existing_link,1.0,true,true,false,false,false,false,,thumbnail_only,DUP-00390,unknown,true,Hotels,"Existing local linkage; technical evidence only, not visual verification."
B2-CAN-00372,IMG-99CCD17156F04619,IMG-D9E359146FF4F5DB,assets/images/hotels/hotels-LY-HOTELS-00131-04.webp,LY-HOT-000131,hotels,فندق البردي,hotel,existing_link,1.0,true,true,false,false,false,false,,thumbnail_only,DUP-00161,unknown,true,Hotels,"Existing local linkage; technical evidence only, not visual verification."
B2-CAN-00373,IMG-E4F857A3669A2646,IMG-7FF5B1B7BB76C090,assets/images/hotels/hotels-LY-HOTELS-00132-01.webp,LY-HOT-000132,hotels,فندق التلال,hotel,existing_link,1.0,true,true,false,false,false,false,,thumbnail_only,DUP-00409,unknown,true,Hotels,"Existing local linkage; technical evidence only, not visual verification."
B2-CAN-00374,IMG-9E368E7C7FCDFB15,IMG-F75A640E1A84BE5E,assets/images/hotels/hotels-LY-HOTELS-00132-02.webp,LY-HOT-000132,hotels,فندق التلال,hotel,existing_link,1.0,true,true,false,false,false,false,,thumbnail_only,DUP-00279,unknown,true,Hotels,"Existing local linkage; technical evidence only, not visual verification."
B2-CAN-00375,IMG-8F458A838D37B6FB,IMG-AA24CC8398847974,assets/images/hotels/hotels-LY-HOTELS-00132-03.webp,LY-HOT-000132,hotels,فندق التلال,hotel,existing_link,1.0,true,true,false,false,false,false,,thumbnail_only,DUP-00176,unknown,true,Hotels,"Existing local linkage; technical evidence only, not visual verification."
B2-CAN-00376,IMG-C20CB558F7A2E46C,IMG-E195F57A4ED59E28,assets/images/hotels/hotels-LY-HOTELS-00132-04.webp,LY-HOT-000132,hotels,فندق التلال,hotel,existing_link,1.0,true,true,false,false,false,false,,thumbnail_only,DUP-00997,unknown,true,Hotels,"Existing local linkage; technical evidence only, not visual verification."
B2-CAN-00377,IMG-98146B21E3B2EB6E,IMG-1A105F81E0181926,assets/images/hotels/hotels-LY-HOTELS-00132-05.webp,LY-HOT-000132,hotels,فندق التلال,hotel,existing_link,1.0,true,true,false,false,false,false,,thumbnail_only,DUP-01043,unknown,true,Hotels,"Existing local linkage; technical evidence only, not visual verification."
B2-CAN-00378,IMG-8084340B4BB7CB22,IMG-AA1CB588CAAD3FC9,assets/images/hotels/hotels-LY-HOTELS-00134-01.webp,LY-HOT-000134,hotels,فندق الجغبوب,hotel,existing_link,1.0,true,true,false,false,false,false,,thumbnail_only,DUP-00793,unknown,true,Hotels,"Existing local linkage; technical evidence only, not visual verification."
B2-CAN-00379,IMG-FFB15F6AB9322EC3,IMG-FFB15F6AB9322EC3,assets/images/hotels/hotels-LY-HOTELS-00134-02.webp,LY-HOT-000134,hotels,فندق الجغبوب,hotel,existing_link,1.0,true,true,false,false,false,false,,thumbnail_only,DUP-01371,unknown,true,Hotels,"Existing local linkage; technical evidence only, not visual verification."
B2-CAN-00380,IMG-94025569E10A3EC8,IMG-30A4B61B55A2DB7C,assets/images/hotels/hotels-LY-HOTELS-00135-01.webp,LY-HOT-000135,hotels,فندق الجلاء,hotel,existing_link,1.0,true,true,false,false,false,false,,thumbnail_only,DUP-00781,unknown,true,Hotels,"Existing local linkage; technical evidence only, not visual verification."
B2-CAN-00381,IMG-DF70226F7AAE2BC1,IMG-6F8161CA7704D806,assets/images/hotels/hotels-LY-HOTELS-00135-02.webp,LY-HOT-000135,hotels,فندق الجلاء,hotel,existing_link,1.0,true,true,false,false,false,false,,thumbnail_only,DUP-01010,unknown,true,Hotels,"Existing local linkage; technical evidence only, not visual verification."
B2-CAN-00382,IMG-90EB4721B07AB31B,IMG-EEE1FABF063240F8,assets/images/hotels/hotels-LY-HOTELS-00135-03.webp,LY-HOT-000135,hotels,فندق الجلاء,hotel,existing_link,1.0,true,true,false,false,false,false,,thumbnail_only,DUP-00453,unknown,true,Hotels,"Existing local linkage; technical evidence only, not visual verification."
B2-CAN-00383,IMG-692D357EF64EECF5,IMG-692D357EF64EECF5,assets/images/hotels/hotels-LY-HOTELS-00137-01.webp,LY-HOT-000137,hotels,فندق الخان الطرابلسي,hotel,existing_link,1.0,true,true,false,false,false,false,,thumbnail_only,DUP-01104,unknown,true,Hotels,"Existing local linkage; technical evidence only, not visual verification."
B2-CAN-00384,IMG-C3B22F220B972700,IMG-87D2EFFFECCD54B8,assets/images/hotels/hotels-LY-HOTELS-00049-03.webp,LY-HOT-000137,hotels,فندق الخان الطرابلسي,hotel,existing_link,1.0,true,true,false,false,false,false,,thumbnail_only,DUP-00110,unknown,true,Hotels,"Existing local linkage; technical evidence only, not visual verification."
B2-CAN-00385,IMG-FC7531F75F1D908E,IMG-49BED27537B37F32,assets/images/hotels/hotels-LY-HOTELS-00049-05.webp,LY-HOT-000137,hotels,فندق الخان الطرابلسي,hotel,existing_link,1.0,true,true,false,false,false,false,,thumbnail_only,DUP-01184,unknown,true,Hotels,"Existing local linkage; technical evidence only, not visual verification."
B2-CAN-00386,IMG-C0F47DF0B27416D7,IMG-A9482EE931016C42,assets/images/hotels/hotels-LY-HOTELS-00137-04.webp,LY-HOT-000137,hotels,فندق الخان الطرابلسي,hotel,existing_link,1.0,true,true,false,false,false,false,,thumbnail_only,DUP-01055,unknown,true,Hotels,"Existing local linkage; technical evidence only, not visual verification."
B2-CAN-00387,IMG-033D22EBF511990B,IMG-60EE78819E322F04,assets/images/hotels/hotels-LY-HOTELS-00049-04.webp,LY-HOT-000137,hotels,فندق الخان الطرابلسي,hotel,existing_link,1.0,true,true,false,false,false,false,,thumbnail_only,DUP-00192,unknown,true,Hotels,"Existing local linkage; technical evidence only, not visual verification."
B2-CAN-00388,IMG-C8FB27C6A6BB74F9,IMG-B9A561315B61B3E5,assets/images/hotels/hotels-LY-HOTELS-00137-06.webp,LY-HOT-000137,hotels,فندق الخان الطرابلسي,hotel,existing_link,1.0,true,true,false,false,false,false,,thumbnail_only,DUP-00346,unknown,true,Hotels,"Existing local linkage; technical evidence only, not visual verification."
B2-CAN-00389,IMG-35466BA4EAC40A57,IMG-D25D7A90E6FEEAF9,assets/images/hotels/hotels-LY-HOTELS-00137-07.webp,LY-HOT-000137,hotels,فندق الخان الطرابلسي,hotel,existing_link,1.0,true,true,false,false,false,false,,thumbnail_only,DUP-00348,unknown,true,Hotels,"Existing local linkage; technical evidence only, not visual verification."
B2-CAN-00390,IMG-EDF072F9A3F3E003,IMG-0D88E22D55A6DD54,assets/images/hotels/hotels-LY-HOTELS-00137-08.webp,LY-HOT-000137,hotels,فندق الخان الطرابلسي,hotel,existing_link,1.0,true,true,false,false,false,false,,thumbnail_only,DUP-00628,unknown,true,Hotels,"Existing local linkage; technical evidence only, not visual verification."
B2-CAN-00391,IMG-41E178BC9D46CD3D,IMG-6F7C593B310C2037,assets/images/hotels/hotels-LY-HOTELS-00137-09.webp,LY-HOT-000137,hotels,فندق الخان الطرابلسي,hotel,existing_link,1.0,true,true,false,false,false,false,,thumbnail_only,DUP-01167,unknown,true,Hotels,"Existing local linkage; technical evidence only, not visual verification."
B2-CAN-00392,IMG-29F498B195A17DAE,IMG-D8DD811770FB6083,assets/images/hotels/hotels-LY-HOTELS-00138-01.webp,LY-HOT-000138,hotels,فندق الرحاب,hotel,existing_link,1.0,true,true,false,false,false,false,,thumbnail_only,DUP-00619,unknown,true,Hotels,"Existing local linkage; technical evidence only, not visual verification."
B2-CAN-00393,IMG-FCBB4EA355E6C846,IMG-D18FCFA2F4523A35,assets/images/hotels/hotels-LY-HOTELS-00138-02.webp,LY-HOT-000138,hotels,فندق الرحاب,hotel,existing_link,1.0,true,true,false,false,false,false,,thumbnail_only,DUP-00153,unknown,true,Hotels,"Existing local linkage; technical evidence only, not visual verification."
B2-CAN-00394,IMG-C04C7358AE4C64F2,IMG-F95797DD27AB0604,assets/images/hotels/hotels-LY-HOTELS-00143-01.webp,LY-HOT-000143,hotels,فندق ابن الرومي,hotel,existing_link,1.0,true,true,false,false,false,false,,thumbnail_only,DUP-00247,unknown,true,Hotels,"Existing local linkage; technical evidence only, not visual verification."
B2-CAN-00395,IMG-4F1BF241FA1C1032,IMG-341A618CE06A6ADF,assets/images/hotels/hotels-LY-HOTELS-00145-01.webp,LY-HOT-000145,hotels,فندق الحياة,hotel,existing_link,1.0,true,true,false,false,false,false,,thumbnail_only,DUP-00343,unknown,true,Hotels,"Existing local linkage; technical evidence only, not visual verification."
B2-CAN-00396,IMG-DA5EF619726E796F,IMG-47C82DD83963F99C,assets/images/hotels/hotels-LY-HOTELS-00145-02.webp,LY-HOT-000145,hotels,فندق الحياة,hotel,existing_link,1.0,true,true,false,false,false,false,,thumbnail_only,DUP-00810,unknown,true,Hotels,"Existing local linkage; technical evidence only, not visual verification."
B2-CAN-00397,IMG-DDEA8E82387C5088,IMG-EAD9064DC584647D,assets/images/hotels/hotels-LY-HOTELS-00145-03.webp,LY-HOT-000145,hotels,فندق الحياة,hotel,existing_link,1.0,true,true,false,false,false,false,,thumbnail_only,DUP-00890,unknown,true,Hotels,"Existing local linkage; technical evidence only, not visual verification."
B2-CAN-00398,IMG-A5568EA985342377,IMG-6E9CA6C198039200,assets/images/hotels/hotels-LY-HOTELS-00145-04.webp,LY-HOT-000145,hotels,فندق الحياة,hotel,existing_link,1.0,true,true,false,false,false,false,,thumbnail_only,DUP-00741,unknown,true,Hotels,"Existing local linkage; technical evidence only, not visual verification."
B2-CAN-00399,IMG-1DE3AE7BE7869817,IMG-E6C31C8B11011BF1,assets/images/hotels/hotels-LY-HOTELS-00145-05.webp,LY-HOT-000145,hotels,فندق الحياة,hotel,existing_link,1.0,true,true,false,false,false,false,,thumbnail_only,DUP-00721,unknown,true,Hotels,"Existing local linkage; technical evidence only, not visual verification."
B2-CAN-00400,IMG-1E9790A7A8F159ED,IMG-6CBB24820D65DE0B,assets/images/hotels/hotels-LY-HOTELS-00148-01.webp,LY-HOT-000148,hotels,فندق العوينات,hotel,existing_link,1.0,true,true,false,false,false,false,,thumbnail_only,DUP-00047,unknown,true,Hotels,"Existing local linkage; technical evidence only, not visual verification."
B2-CAN-00401,IMG-03C03752D4FFB0D9,,assets/images/hotels/hotels-LY-HOTELS-00150-01.webp,LY-HOT-000150,hotels,فندق الفضيل,hotel,existing_link,1.0,true,true,false,false,false,false,,thumbnail_only,,unknown,true,Hotels,"Existing local linkage; technical evidence only, not visual verification."
B2-CAN-00402,IMG-AFE2B75E516E14A4,IMG-62731B0714048E57,assets/images/hotels/hotels-LY-HOTELS-00150-02.webp,LY-HOT-000150,hotels,فندق الفضيل,hotel,existing_link,1.0,true,true,false,false,false,false,,thumbnail_only,DUP-00660,unknown,true,Hotels,"Existing local linkage; technical evidence only, not visual verification."
B2-CAN-00403,IMG-4464C6FEF6AF4481,IMG-980E96973483A419,assets/images/hotels/hotels-LY-HOTELS-00150-03.webp,LY-HOT-000150,hotels,فندق الفضيل,hotel,existing_link,1.0,true,true,false,false,false,false,,thumbnail_only,DUP-00637,unknown,true,Hotels,"Existing local linkage; technical evidence only, not visual verification."
B2-CAN-00404,IMG-9BC9C37BC30E0FDF,IMG-1A5B688FB011FAE4,assets/images/hotels/hotels-LY-HOTELS-00150-04.webp,LY-HOT-000150,hotels,فندق الفضيل,hotel,existing_link,1.0,true,true,false,false,false,false,,thumbnail_only,DUP-01016,unknown,true,Hotels,"Existing local linkage; technical evidence only, not visual verification."
B2-CAN-00405,IMG-60B50F1E54CB05EE,IMG-C3D5FEC3278B44D1,assets/images/hotels/hotels-LY-HOTELS-00150-05.webp,LY-HOT-000150,hotels,فندق الفضيل,hotel,existing_link,1.0,true,true,false,false,false,false,,thumbnail_only,DUP-00158,unknown,true,Hotels,"Existing local linkage; technical evidence only, not visual verification."
B2-CAN-00406,IMG-7408B0FEE6E15B14,IMG-37F5CC01C65299DE,assets/images/hotels/hotels-LY-HOTELS-00151-01.webp,LY-HOT-000151,hotels,فندق الفضيل رأس لانوف,hotel,existing_link,1.0,true,true,false,false,false,false,,thumbnail_only,DUP-00319,unknown,true,Hotels,"Existing local linkage; technical evidence only, not visual verification."
B2-CAN-00407,IMG-818C435BB3C41068,IMG-AF7BFEC67D6E2BEC,assets/images/hotels/hotels-LY-HOTELS-00151-02.webp,LY-HOT-000151,hotels,فندق الفضيل رأس لانوف,hotel,existing_link,1.0,true,true,false,false,false,false,,thumbnail_only,DUP-00601,unknown,true,Hotels,"Existing local linkage; technical evidence only, not visual verification."
B2-CAN-00408,IMG-E3245A512704B018,IMG-BCB7E1B223D8203A,assets/images/hotels/hotels-LY-HOTELS-00152-01.webp,LY-HOT-000152,hotels,فندق الفلك,hotel,existing_link,1.0,true,true,false,false,false,false,,thumbnail_only,DUP-01182,unknown,true,Hotels,"Existing local linkage; technical evidence only, not visual verification."
B2-CAN-00409,IMG-DB3CB5DA660FCDF6,IMG-DA73381C48679FF7,assets/images/hotels/hotels-LY-HOTELS-00152-02.webp,LY-HOT-000152,hotels,فندق الفلك,hotel,existing_link,1.0,true,true,false,false,false,false,,thumbnail_only,DUP-00149,unknown,true,Hotels,"Existing local linkage; technical evidence only, not visual verification."
B2-CAN-00410,IMG-126C06C2F26FFDBE,IMG-A49FFF71EA2FA0E7,assets/images/hotels/hotels-LY-HOTELS-00152-03.webp,LY-HOT-000152,hotels,فندق الفلك,hotel,existing_link,1.0,true,true,false,false,false,false,,thumbnail_only,DUP-00220,unknown,true,Hotels,"Existing local linkage; technical evidence only, not visual verification."
B2-CAN-00411,IMG-4DE50FE5C77F11DC,,assets/images/hotels/hotels-LY-HOTELS-00154-01.webp,LY-HOT-000154,hotels,فندق القلعة,hotel,existing_link,1.0,true,true,false,false,false,false,,thumbnail_only,,unknown,true,Hotels,"Existing local linkage; technical evidence only, not visual verification."
B2-CAN-00412,IMG-C1A63B7C18A696CC,IMG-F5A37F569C93E905,assets/images/hotels/hotels-LY-HOTELS-00155-01.webp,LY-HOT-000155,hotels,فندق الكاظم,hotel,existing_link,1.0,true,true,false,false,false,false,,thumbnail_only,DUP-01395,unknown,true,Hotels,"Existing local linkage; technical evidence only, not visual verification."
B2-CAN-00413,IMG-65010E3F7285D3C4,IMG-5A83A2F605CCF1EE,assets/images/hotels/hotels-LY-HOTELS-00157-01.webp,LY-HOT-000157,hotels,فندق المبروك,hotel,existing_link,1.0,true,true,false,false,false,false,,thumbnail_only,DUP-00018,unknown,true,Hotels,"Existing local linkage; technical evidence only, not visual verification."
B2-CAN-00414,IMG-18E149F54D0D8C2B,IMG-CBF943AD2BA1F338,assets/images/hotels/hotels-LY-HOTELS-00157-02.webp,LY-HOT-000157,hotels,فندق المبروك,hotel,existing_link,1.0,true,true,false,false,false,false,,thumbnail_only,DUP-00383,unknown,true,Hotels,"Existing local linkage; technical evidence only, not visual verification."
B2-CAN-00415,IMG-1C5220AAA4070B85,IMG-C729BBBD991A91DB,assets/images/hotels/hotels-LY-HOTELS-00157-03.webp,LY-HOT-000157,hotels,فندق المبروك,hotel,existing_link,1.0,true,true,false,false,false,false,,thumbnail_only,DUP-00707,unknown,true,Hotels,"Existing local linkage; technical evidence only, not visual verification."
B2-CAN-00416,IMG-4F0A3CE02FA1B883,IMG-5BE42BF01EA16B89,assets/images/hotels/hotels-LY-HOTELS-00075-01.webp,LY-HOT-000158,hotels,فندق المتوسط الخمس,hostel,existing_link,1.0,true,true,false,false,false,false,,thumbnail_only,DUP-01392,unknown,true,Hotels,"Existing local linkage; technical evidence only, not visual verification."
B2-CAN-00417,IMG-D9EDD81AAF8CF93F,IMG-06C9B682D26BC85A,assets/images/hotels/hotels-LY-HOTELS-00075-03.webp,LY-HOT-000158,hotels,فندق المتوسط الخمس,hostel,existing_link,1.0,true,true,false,false,false,false,,thumbnail_only,DUP-00384,unknown,true,Hotels,"Existing local linkage; technical evidence only, not visual verification."
B2-CAN-00418,IMG-EA0D93EB480687A0,IMG-5A6315C65F17467F,assets/images/hotels/hotels-LY-HOTELS-00075-05.webp,LY-HOT-000158,hotels,فندق المتوسط الخمس,hostel,existing_link,1.0,true,true,false,false,false,false,,thumbnail_only,DUP-00001,unknown,true,Hotels,"Existing local linkage; technical evidence only, not visual verification."
B2-CAN-00419,IMG-4ECEDB1678C21ED6,IMG-C528015251C45B51,assets/images/hotels/hotels-LY-HOTELS-00160-01.webp,LY-HOT-000160,hotels,فندق المدينة,hotel,existing_link,1.0,true,true,false,false,false,false,,thumbnail_only,DUP-00794,unknown,true,Hotels,"Existing local linkage; technical evidence only, not visual verification."
B2-CAN-00420,IMG-24ABC32DBA91BFCD,IMG-1861B5607D136044,assets/images/hotels/hotels-LY-HOTELS-00160-02.webp,LY-HOT-000160,hotels,فندق المدينة,hotel,existing_link,1.0,true,true,false,false,false,false,,thumbnail_only,DUP-00213,unknown,true,Hotels,"Existing local linkage; technical evidence only, not visual verification."
B2-CAN-00421,IMG-3177E8C15F91D0D1,IMG-49B5D21B337ECF77,assets/images/hotels/hotels-LY-HOTELS-00160-03.webp,LY-HOT-000160,hotels,فندق المدينة,hotel,existing_link,1.0,true,true,false,false,false,false,,thumbnail_only,DUP-00382,unknown,true,Hotels,"Existing local linkage; technical evidence only, not visual verification."
B2-CAN-00422,IMG-DA9A9FA3C235917F,IMG-B719AACBD3880D94,assets/images/hotels/hotels-LY-HOTELS-00160-04.webp,LY-HOT-000160,hotels,فندق المدينة,hotel,existing_link,1.0,true,true,false,false,false,false,,thumbnail_only,DUP-00285,unknown,true,Hotels,"Existing local linkage; technical evidence only, not visual verification."
B2-CAN-00423,IMG-4D69B0877B8F026F,IMG-190884A40D2ABF52,assets/images/hotels/hotels-LY-HOTELS-00163-01.webp,LY-HOT-000163,hotels,فندق المرج السياحي,hotel,existing_link,1.0,true,true,false,false,false,false,,thumbnail_only,DUP-00718,unknown,true,Hotels,"Existing local linkage; technical evidence only, not visual verification."
B2-CAN-00424,IMG-28497AFA53843B6D,IMG-944934D7C4B18477,assets/images/hotels/hotels-LY-HOTELS-00163-02.webp,LY-HOT-000163,hotels,فندق المرج السياحي,hotel,existing_link,1.0,true,true,false,false,false,false,,thumbnail_only,DUP-00063,unknown,true,Hotels,"Existing local linkage; technical evidence only, not visual verification."
B2-CAN-00425,IMG-A46ADD5F983F4201,IMG-A986D3BD575A7539,assets/images/hotels/hotels-LY-HOTELS-00163-03.webp,LY-HOT-000163,hotels,فندق المرج السياحي,hotel,existing_link,1.0,true,true,false,false,false,false,,thumbnail_only,DUP-00088,unknown,true,Hotels,"Existing local linkage; technical evidence only, not visual verification."
B2-CAN-00426,IMG-66BD5EC794889ABA,IMG-C36976B7FF14CE59,assets/images/hotels/hotels-LY-HOTELS-00163-04.webp,LY-HOT-000163,hotels,فندق المرج السياحي,hotel,existing_link,1.0,true,true,false,false,false,false,,thumbnail_only,DUP-00472,unknown,true,Hotels,"Existing local linkage; technical evidence only, not visual verification."
B2-CAN-00427,IMG-36DA0CCAB2BCB61C,IMG-9AD922FF37B51637,assets/images/hotels/hotels-LY-HOTELS-00164-01.webp,LY-HOT-000164,hotels,فندق المسيرة,hotel,existing_link,1.0,true,true,false,false,false,false,,thumbnail_only,DUP-00214,unknown,true,Hotels,"Existing local linkage; technical evidence only, not visual verification."
B2-CAN-00428,IMG-066297BAC6AAE169,IMG-3D038DA6076E2102,assets/images/hotels/hotels-LY-HOTELS-00020-05.webp,LY-HOT-000164,hotels,فندق المسيرة,hotel,existing_link,1.0,true,true,false,false,false,false,,thumbnail_only,DUP-00807,unknown,true,Hotels,"Existing local linkage; technical evidence only, not visual verification."
B2-CAN-00429,IMG-872A6D479BE28E01,IMG-FCAE0E7CAF03F59D,assets/images/hotels/hotels-LY-HOTELS-00020-02.webp,LY-HOT-000164,hotels,فندق المسيرة,hotel,existing_link,1.0,true,true,false,false,false,false,,thumbnail_only,DUP-00670,unknown,true,Hotels,"Existing local linkage; technical evidence only, not visual verification."
B2-CAN-00430,IMG-62E2C2869EB72051,IMG-DA73381C48679FF7,assets/images/hotels/hotels-LY-HOTELS-00020-04.webp,LY-HOT-000164,hotels,فندق المسيرة,hotel,existing_link,1.0,true,true,false,false,false,false,,thumbnail_only,DUP-00149,unknown,true,Hotels,"Existing local linkage; technical evidence only, not visual verification."
B2-CAN-00431,IMG-253F76E0FE94EBF3,,assets/images/hotels/hotels-LY-HOTELS-00020-03.webp,LY-HOT-000164,hotels,فندق المسيرة,hotel,existing_link,1.0,true,true,false,false,false,false,,thumbnail_only,,unknown,true,Hotels,"Existing local linkage; technical evidence only, not visual verification."
B2-CAN-00432,IMG-D345EAAFD727F3C0,IMG-B04C55A3A97695A6,assets/images/hotels/hotels-LY-HOTELS-00166-01.webp,LY-HOT-000166,hotels,فندق المغرب العربي,hotel,existing_link,1.0,true,true,false,false,false,false,,thumbnail_only,DUP-01116,unknown,true,Hotels,"Existing local linkage; technical evidence only, not visual verification."
B2-CAN-00433,IMG-63AD22872828ACB6,IMG-ACB3D023E60A78F3,assets/images/hotels/hotels-LY-HOTELS-00166-02.webp,LY-HOT-000166,hotels,فندق المغرب العربي,hotel,existing_link,1.0,true,true,false,false,false,false,,thumbnail_only,DUP-00798,unknown,true,Hotels,"Existing local linkage; technical evidence only, not visual verification."
B2-CAN-00434,IMG-39CD99912915C158,IMG-B08224A60F102C30,assets/images/hotels/hotels-LY-HOTELS-00166-03.webp,LY-HOT-000166,hotels,فندق المغرب العربي,hotel,existing_link,1.0,true,true,false,false,false,false,,thumbnail_only,DUP-00200,unknown,true,Hotels,"Existing local linkage; technical evidence only, not visual verification."
B2-CAN-00435,IMG-083B4B6ABD11C45D,IMG-3DEA231C2D969D51,assets/images/hotels/hotels-LY-HOTELS-00166-04.webp,LY-HOT-000166,hotels,فندق المغرب العربي,hotel,existing_link,1.0,true,true,false,false,false,false,,thumbnail_only,DUP-00028,unknown,true,Hotels,"Existing local linkage; technical evidence only, not visual verification."
B2-CAN-00436,IMG-87993A1E3CB548BA,IMG-8A4782794B4D09FE,assets/images/hotels/hotels-LY-HOTELS-00169-01.webp,LY-HOT-000169,hotels,فندق النخلة السياحي,hotel,existing_link,1.0,true,true,false,false,false,false,,thumbnail_only,DUP-00309,unknown,true,Hotels,"Existing local linkage; technical evidence only, not visual verification."
B2-CAN-00437,IMG-BC51FF8A7106CA52,IMG-DA4FBA47F1C78B9C,assets/images/hotels/hotels-LY-HOTELS-00169-02.webp,LY-HOT-000169,hotels,فندق النخلة السياحي,hotel,existing_link,1.0,true,true,false,false,false,false,,thumbnail_only,DUP-00286,unknown,true,Hotels,"Existing local linkage; technical evidence only, not visual verification."
B2-CAN-00438,IMG-84CFC3DA9C2D9AF2,IMG-86FFB173AD2107C2,assets/images/hotels/hotels-LY-HOTELS-00169-03.webp,LY-HOT-000169,hotels,فندق النخلة السياحي,hotel,existing_link,1.0,true,true,false,false,false,false,,thumbnail_only,DUP-00107,unknown,true,Hotels,"Existing local linkage; technical evidence only, not visual verification."
B2-CAN-00439,IMG-2CEA967A4108758C,IMG-943C7911E5D73ADE,assets/images/hotels/hotels-LY-HOTELS-00169-04.webp,LY-HOT-000169,hotels,فندق النخلة السياحي,hotel,existing_link,1.0,true,true,false,false,false,false,,thumbnail_only,DUP-00027,unknown,true,Hotels,"Existing local linkage; technical evidence only, not visual verification."
B2-CAN-00440,IMG-F8CBBCBADF91E968,IMG-64FA839D93DA84DE,assets/images/hotels/hotels-LY-HOTELS-00169-05.webp,LY-HOT-000169,hotels,فندق النخلة السياحي,hotel,existing_link,1.0,true,true,false,false,false,false,,thumbnail_only,DUP-00786,unknown,true,Hotels,"Existing local linkage; technical evidence only, not visual verification."
B2-CAN-00441,IMG-1DBC5EAF16A5E4BE,IMG-2289A7A09D4A8335,assets/images/hotels/hotels-LY-HOTELS-00171-01.webp,LY-HOT-000171,hotels,فندق النوران,hotel,existing_link,1.0,true,true,false,false,false,false,,thumbnail_only,DUP-01081,unknown,true,Hotels,"Existing local linkage; technical evidence only, not visual verification."
B2-CAN-00442,IMG-E689FE842777AF4E,IMG-7FBF81211AB31466,assets/images/hotels/hotels-LY-HOTELS-00171-02.webp,LY-HOT-000171,hotels,فندق النوران,hotel,existing_link,1.0,true,true,false,false,false,false,,thumbnail_only,DUP-00114,unknown,true,Hotels,"Existing local linkage; technical evidence only, not visual verification."
B2-CAN-00443,IMG-33215DBB663FC363,IMG-6F46CB2C8FE0926F,assets/images/hotels/hotels-LY-HOTELS-00171-03.webp,LY-HOT-000171,hotels,فندق النوران,hotel,existing_link,1.0,true,true,false,false,false,false,,thumbnail_only,DUP-00894,unknown,true,Hotels,"Existing local linkage; technical evidence only, not visual verification."
B2-CAN-00444,IMG-0994C45175894B1D,IMG-B6764C63C163440D,assets/images/hotels/hotels-LY-HOTELS-00171-04.webp,LY-HOT-000171,hotels,فندق النوران,hotel,existing_link,1.0,true,true,false,false,false,false,,thumbnail_only,DUP-01165,unknown,true,Hotels,"Existing local linkage; technical evidence only, not visual verification."
B2-CAN-00445,IMG-9620FD1B4F1D77C3,IMG-6822BFBFC1F7E7DB,assets/images/hotels/hotels-LY-HOTELS-00171-05.webp,LY-HOT-000171,hotels,فندق النوران,hotel,existing_link,1.0,true,true,false,false,false,false,,thumbnail_only,DUP-00859,unknown,true,Hotels,"Existing local linkage; technical evidence only, not visual verification."
B2-CAN-00446,IMG-ED94159E9BC6C717,IMG-A477669901497B22,assets/images/hotels/hotels-LY-HOTELS-00181-01.webp,LY-HOT-000181,hotels,فندق اليمامة,hotel,existing_link,1.0,true,true,false,false,false,false,,thumbnail_only,DUP-00681,unknown,true,Hotels,"Existing local linkage; technical evidence only, not visual verification."
B2-CAN-00447,IMG-23B190B4511A2392,IMG-982838E713EBD14F,assets/images/hotels/hotels-LY-HOTELS-00181-02.webp,LY-HOT-000181,hotels,فندق اليمامة,hotel,existing_link,1.0,true,true,false,false,false,false,,thumbnail_only,DUP-00283,unknown,true,Hotels,"Existing local linkage; technical evidence only, not visual verification."
B2-CAN-00448,IMG-3B56150C8DAA5F16,IMG-424BD318FC8C835A,assets/images/hotels/hotels-LY-HOTELS-00187-01.webp,LY-HOT-000187,hotels,فندق أفريقيا,hotel,existing_link,1.0,true,true,false,false,false,false,,thumbnail_only,DUP-01224,unknown,true,Hotels,"Existing local linkage; technical evidence only, not visual verification."
B2-CAN-00449,IMG-ACEF26F38476CA48,IMG-AF69A0E49A617334,assets/images/hotels/hotels-LY-HOTELS-00187-02.webp,LY-HOT-000187,hotels,فندق أفريقيا,hotel,existing_link,1.0,true,true,false,false,false,false,,thumbnail_only,DUP-00665,unknown,true,Hotels,"Existing local linkage; technical evidence only, not visual verification."
B2-CAN-00450,IMG-384CF3E5D620D13B,IMG-1E1AD151E679A094,assets/images/hotels/hotels-LY-HOTELS-00187-03.webp,LY-HOT-000187,hotels,فندق أفريقيا,hotel,existing_link,1.0,true,true,false,false,false,false,,thumbnail_only,DUP-01262,unknown,true,Hotels,"Existing local linkage; technical evidence only, not visual verification."
B2-CAN-00451,IMG-2F048837E230F91F,,assets/images/hotels/hotels-LY-HOTELS-00190-01.webp,LY-HOT-000190,hotels,فندق أمال ليبيا,hotel,existing_link,1.0,true,true,false,false,false,false,,thumbnail_only,,unknown,true,Hotels,"Existing local linkage; technical evidence only, not visual verification."
B2-CAN-00452,IMG-384CF3E5D620D13B,IMG-1E1AD151E679A094,assets/images/hotels/hotels-LY-HOTELS-00187-03.webp,LY-HOT-000190,hotels,فندق أمال ليبيا,hotel,existing_link,1.0,true,true,false,false,false,false,,thumbnail_only,DUP-01262,unknown,true,Hotels,"Existing local linkage; technical evidence only, not visual verification."
B2-CAN-00453,IMG-4945216852B0CB37,IMG-8647BBA06102B03E,assets/images/hotels/hotels-LY-HOTELS-00190-03.webp,LY-HOT-000190,hotels,فندق أمال ليبيا,hotel,existing_link,1.0,true,true,false,false,false,false,,thumbnail_only,DUP-00023,unknown,true,Hotels,"Existing local linkage; technical evidence only, not visual verification."
B2-CAN-00454,IMG-A3170ECA96244672,IMG-5CA2B4E101C57B5C,assets/images/hotels/hotels-LY-HOTELS-00193-01.webp,LY-HOT-000193,hotels,فندق باب البحر,hotel,existing_link,1.0,true,true,false,false,false,false,,high,DUP-00739,unknown,true,Hotels,"Existing local linkage; technical evidence only, not visual verification."
B2-CAN-00455,IMG-18B61D08CB44FB2A,IMG-D4037515DC5CA51D,assets/images/hotels/hotels-LY-HOTELS-00193-02.webp,LY-HOT-000193,hotels,فندق باب البحر,hotel,existing_link,1.0,true,true,false,false,false,false,,high,DUP-00897,unknown,true,Hotels,"Existing local linkage; technical evidence only, not visual verification."
B2-CAN-00456,IMG-D14392A917A60DE0,IMG-79E464A2604D11E5,assets/images/hotels/hotels-LY-HOTELS-00193-03.webp,LY-HOT-000193,hotels,فندق باب البحر,hotel,existing_link,1.0,true,true,false,false,false,false,,acceptable,DUP-00745,unknown,true,Hotels,"Existing local linkage; technical evidence only, not visual verification."
B2-CAN-00457,IMG-CCB3E7C0A221B706,IMG-39FEDC753A6A6C49,assets/images/hotels/hotels-LY-HOTELS-00193-04.webp,LY-HOT-000193,hotels,فندق باب البحر,hotel,existing_link,1.0,true,true,false,false,false,false,,high,DUP-00267,unknown,true,Hotels,"Existing local linkage; technical evidence only, not visual verification."
B2-CAN-00458,IMG-5FE1ABA6DADBA795,IMG-133A23B4A668D9F5,assets/images/hotels/hotels-LY-HOTELS-00196-01.webp,LY-HOT-000196,hotels,فندق بلازما,hotel,existing_link,1.0,true,true,false,false,false,false,,acceptable,DUP-00804,unknown,true,Hotels,"Existing local linkage; technical evidence only, not visual verification."
B2-CAN-00459,IMG-9CC0FCCAD56E1E45,IMG-122900D343C3F390,assets/images/hotels/hotels-LY-HOTELS-00196-02.webp,LY-HOT-000196,hotels,فندق بلازما,hotel,existing_link,1.0,true,true,false,false,false,false,,high,DUP-01376,unknown,true,Hotels,"Existing local linkage; technical evidence only, not visual verification."
B2-CAN-00460,IMG-398D6105B38199A4,IMG-D7C9FF1B1771DCD9,assets/images/hotels/hotels-LY-HOTELS-00196-03.webp,LY-HOT-000196,hotels,فندق بلازما,hotel,existing_link,1.0,true,true,false,false,false,false,,high,DUP-00151,unknown,true,Hotels,"Existing local linkage; technical evidence only, not visual verification."
B2-CAN-00461,IMG-14190C4F60355635,IMG-3E00629B579DCE2C,assets/images/hotels/hotels-LY-HOTELS-00196-04.webp,LY-HOT-000196,hotels,فندق بلازما,hotel,existing_link,1.0,true,true,false,false,false,false,,high,DUP-00337,unknown,true,Hotels,"Existing local linkage; technical evidence only, not visual verification."
B2-CAN-00462,IMG-9DCD9E3C9365DD1A,IMG-5E61C715854ACDB6,assets/images/hotels/hotels-LY-HOTELS-00196-05.webp,LY-HOT-000196,hotels,فندق بلازما,hotel,existing_link,1.0,true,true,false,false,false,false,,acceptable,DUP-00701,unknown,true,Hotels,"Existing local linkage; technical evidence only, not visual verification."
B2-CAN-00463,IMG-00D26D8EDC613DDE,IMG-6FA829EB83A8FCAC,assets/images/hotels/hotels-LY-HOTELS-00201-01.webp,LY-HOT-000201,hotels,فندق توباكتس,hotel,existing_link,1.0,true,true,false,false,false,false,,high,DUP-00740,unknown,true,Hotels,"Existing local linkage; technical evidence only, not visual verification."
B2-CAN-00464,IMG-1084184F8EC45760,IMG-C875C4360B220CA5,assets/images/hotels/hotels-LY-HOTELS-00201-02.webp,LY-HOT-000201,hotels,فندق توباكتس,hotel,existing_link,1.0,true,true,false,false,false,false,,high,DUP-00439,unknown,true,Hotels,"Existing local linkage; technical evidence only, not visual verification."
B2-CAN-00465,IMG-77BA160C04733500,IMG-30A9855976938FE1,assets/images/hotels/hotels-LY-HOTELS-00201-03.webp,LY-HOT-000201,hotels,فندق توباكتس,hotel,existing_link,1.0,true,true,false,false,false,false,,acceptable,DUP-00033,unknown,true,Hotels,"Existing local linkage; technical evidence only, not visual verification."
B2-CAN-00466,IMG-58597378CF1C8CF5,IMG-357841B409934CA4,assets/images/hotels/hotels-LY-HOTELS-00201-04.webp,LY-HOT-000201,hotels,فندق توباكتس,hotel,existing_link,1.0,true,true,false,false,false,false,,high,DUP-00193,unknown,true,Hotels,"Existing local linkage; technical evidence only, not visual verification."
B2-CAN-00467,IMG-23AE35FD4B853F4A,IMG-183CEDE059F1A189,assets/images/hotels/hotels-LY-HOTELS-00209-01.webp,LY-HOT-000209,hotels,فندق ديار الهناء,hotel,existing_link,1.0,true,true,false,false,false,false,,thumbnail_only,DUP-00256,unknown,true,Hotels,"Existing local linkage; technical evidence only, not visual verification."
B2-CAN-00468,IMG-7D1036F871E7B856,IMG-65266F5F116CC5BF,assets/images/hotels/hotels-LY-HOTELS-00221-01.webp,LY-HOT-000221,hotels,فندق سفيروس الخمس,hotel,existing_link,1.0,true,true,false,false,false,false,,thumbnail_only,DUP-00177,unknown,true,Hotels,"Existing local linkage; technical evidence only, not visual verification."
B2-CAN-00469,IMG-677EB6B3BDFA6CD1,IMG-21817EDDF83300D9,assets/images/hotels/hotels-LY-HOTELS-00221-02.webp,LY-HOT-000221,hotels,فندق سفيروس الخمس,hotel,existing_link,1.0,true,true,false,false,false,false,,thumbnail_only,DUP-00081,unknown,true,Hotels,"Existing local linkage; technical evidence only, not visual verification."
B2-CAN-00470,IMG-0A0C8148BA1BD068,IMG-F3A2913163058D9A,assets/images/hotels/hotels-LY-HOTELS-00221-03.webp,LY-HOT-000221,hotels,فندق سفيروس الخمس,hotel,existing_link,1.0,true,true,false,false,false,false,,thumbnail_only,DUP-00571,unknown,true,Hotels,"Existing local linkage; technical evidence only, not visual verification."
B2-CAN-00471,IMG-B6E5ADBDA539A7B7,IMG-6CB09A8CBEE299F3,assets/images/hotels/hotels-LY-HOTELS-00221-04.webp,LY-HOT-000221,hotels,فندق سفيروس الخمس,hotel,existing_link,1.0,true,true,false,false,false,false,,thumbnail_only,DUP-01062,unknown,true,Hotels,"Existing local linkage; technical evidence only, not visual verification."
B2-CAN-00472,IMG-5255F49255B9CDBC,IMG-597BB54E378E3D06,assets/images/hotels/hotels-LY-HOTELS-00223-01.webp,LY-HOT-000223,hotels,فندق صحارى ليبيا,hotel,existing_link,1.0,true,true,false,false,false,false,,acceptable,DUP-00226,unknown,true,Hotels,"Existing local linkage; technical evidence only, not visual verification."
B2-CAN-00473,IMG-9F4EB60D93580A35,IMG-EE6BE49D683316BC,assets/images/hotels/hotels-LY-HOTELS-00223-02.webp,LY-HOT-000223,hotels,فندق صحارى ليبيا,hotel,existing_link,1.0,true,true,false,false,false,false,,high,DUP-00872,unknown,true,Hotels,"Existing local linkage; technical evidence only, not visual verification."
B2-CAN-00474,IMG-B49F9BF137D83D02,IMG-1E91C9036A281BAD,assets/images/hotels/hotels-LY-HOTELS-00223-03.webp,LY-HOT-000223,hotels,فندق صحارى ليبيا,hotel,existing_link,1.0,true,true,false,false,false,false,,high,DUP-01175,unknown,true,Hotels,"Existing local linkage; technical evidence only, not visual verification."
B2-CAN-00475,IMG-674C0626690A6B84,IMG-F4B773F3F5826691,assets/images/hotels/hotels-LY-HOTELS-00268-01.webp,LY-HOT-000268,hotels,فندق الفصول الاربعة 3,hotel,existing_link,1.0,true,true,false,false,false,false,,thumbnail_only,DUP-00579,unknown,true,Hotels,"Existing local linkage; technical evidence only, not visual verification."
B2-CAN-00476,IMG-07823DE59E73877A,IMG-A8A2FE6C77946B50,assets/images/hotels/hotels-LY-HOTELS-00273-01.webp,LY-HOT-000273,hotels,فندق النعيم,hostel,existing_link,1.0,true,true,false,false,false,false,,high,DUP-00867,unknown,true,Hotels,"Existing local linkage; technical evidence only, not visual verification."
B2-CAN-00477,IMG-1F56A7D14EBE52D8,IMG-A543480E5E15A350,assets/images/hotels/hotels-LY-HOTELS-00273-02.webp,LY-HOT-000273,hotels,فندق النعيم,hostel,existing_link,1.0,true,true,false,false,false,false,,acceptable,DUP-01045,unknown,true,Hotels,"Existing local linkage; technical evidence only, not visual verification."
B2-CAN-00478,IMG-3DA6ACF735A6A8C2,IMG-4B11D5B26C99653C,assets/images/hotels/hotels-LY-HOTELS-00273-03.webp,LY-HOT-000273,hotels,فندق النعيم,hostel,existing_link,1.0,true,true,false,false,false,false,,acceptable,DUP-00272,unknown,true,Hotels,"Existing local linkage; technical evidence only, not visual verification."
B2-CAN-00479,IMG-CC530C874A332752,IMG-136B74DF3B0C9CD1,assets/images/hotels/hotels-LY-HOTELS-00273-04.webp,LY-HOT-000273,hotels,فندق النعيم,hostel,existing_link,1.0,true,true,false,false,false,false,,acceptable,DUP-00547,unknown,true,Hotels,"Existing local linkage; technical evidence only, not visual verification."
B2-CAN-00480,IMG-1C03492355C4B51C,IMG-8AFF76DED4486D6D,assets/images/hotels/hotels-LY-HOTELS-00273-05.webp,LY-HOT-000273,hotels,فندق النعيم,hostel,existing_link,1.0,true,true,false,false,false,false,,acceptable,DUP-01085,unknown,true,Hotels,"Existing local linkage; technical evidence only, not visual verification."
B2-CAN-00481,IMG-AB2F785A48F45260,IMG-1C3BA4BF58BF7974,assets/images/hotels/hotels-LY-HOTELS-00275-01.webp,LY-HOT-000275,hotels,فندق الفصول الاربعة 2,resort,existing_link,1.0,true,true,false,false,false,false,,high,DUP-00678,unknown,true,Hotels,"Existing local linkage; technical evidence only, not visual verification."
B2-CAN-00482,IMG-41754C243D0161BD,IMG-D02F6A8BCFCF5DE5,assets/images/hotels/hotels-LY-HOTELS-00275-02.webp,LY-HOT-000275,hotels,فندق الفصول الاربعة 2,resort,existing_link,1.0,true,true,false,false,false,false,,high,DUP-00623,unknown,true,Hotels,"Existing local linkage; technical evidence only, not visual verification."
B2-CAN-00483,IMG-AA171238F6B5CC3B,IMG-8D615F1078E1B3CC,assets/images/hotels/hotels-LY-HOTELS-00275-03.webp,LY-HOT-000275,hotels,فندق الفصول الاربعة 2,resort,existing_link,1.0,true,true,false,false,false,false,,high,DUP-01121,unknown,true,Hotels,"Existing local linkage; technical evidence only, not visual verification."
B2-CAN-00484,IMG-E240158CEC65F3C9,IMG-7E5D0782E12EA5D9,assets/images/hotels/hotels-LY-HOTELS-00276-01.webp,LY-HOT-000276,hotels,فندق السفير,hotel,existing_link,1.0,true,true,false,false,false,false,,thumbnail_only,DUP-00074,unknown,true,Hotels,"Existing local linkage; technical evidence only, not visual verification."
B2-CAN-00485,IMG-1E6814E4D73BB248,IMG-F7802480EBFA2028,assets/images/hotels/hotels-LY-HOTELS-00276-02.webp,LY-HOT-000276,hotels,فندق السفير,hotel,existing_link,1.0,true,true,false,false,false,false,,thumbnail_only,DUP-00476,unknown,true,Hotels,"Existing local linkage; technical evidence only, not visual verification."
B2-CAN-00486,IMG-4D715E6F645A91E4,IMG-66CB19A1EDEE23E0,assets/images/hotels/hotels-LY-HOTELS-00277-01.webp,LY-HOT-000277,hotels,فندق نور الثريا,hotel,existing_link,1.0,true,true,false,false,false,false,,high,DUP-00452,unknown,true,Hotels,"Existing local linkage; technical evidence only, not visual verification."
B2-CAN-00487,IMG-DB003713F54633D4,IMG-2A4B90E2E75CC0CA,assets/images/hotels/hotels-LY-HOTELS-00277-02.webp,LY-HOT-000277,hotels,فندق نور الثريا,hotel,existing_link,1.0,true,true,false,false,false,false,,low,DUP-00419,unknown,true,Hotels,"Existing local linkage; technical evidence only, not visual verification."
B2-CAN-00488,IMG-182A3D8591EE2F0D,IMG-126DE64C9E6DF43D,assets/images/hotels/hotels-LY-HOTELS-00277-03.webp,LY-HOT-000277,hotels,فندق نور الثريا,hotel,existing_link,1.0,true,true,false,false,false,false,,high,DUP-00015,unknown,true,Hotels,"Existing local linkage; technical evidence only, not visual verification."
B2-CAN-00489,IMG-3143393C3BB12C6B,IMG-705FD2B233983894,assets/images/hotels/hotels-LY-HOTELS-00278-01.webp,LY-HOT-000278,hotels,فندق الشاطئ الذهبى,hotel,existing_link,1.0,true,true,false,false,false,false,,thumbnail_only,DUP-00466,unknown,true,Hotels,"Existing local linkage; technical evidence only, not visual verification."
B2-CAN-00490,IMG-035F322FF745ADE7,IMG-7914DB8D81DF2433,assets/images/hotels/hotels-LY-HOTELS-00278-02.webp,LY-HOT-000278,hotels,فندق الشاطئ الذهبى,hotel,existing_link,1.0,true,true,false,false,false,false,,acceptable,DUP-01164,unknown,true,Hotels,"Existing local linkage; technical evidence only, not visual verification."
B2-CAN-00491,IMG-9526628D8DD3DE95,IMG-D0D137408723C19A,assets/images/hotels/hotels-LY-HOTELS-00278-03.webp,LY-HOT-000278,hotels,فندق الشاطئ الذهبى,hotel,existing_link,1.0,true,true,false,false,false,false,,acceptable,DUP-00361,unknown,true,Hotels,"Existing local linkage; technical evidence only, not visual verification."
B2-CAN-00492,IMG-4DEE16210F1FB033,IMG-A130B0BF0027C53C,assets/images/hotels/hotels-LY-HOTELS-00278-04.webp,LY-HOT-000278,hotels,فندق الشاطئ الذهبى,hotel,existing_link,1.0,true,true,false,false,false,false,,acceptable,DUP-00274,unknown,true,Hotels,"Existing local linkage; technical evidence only, not visual verification."
B2-CAN-00493,IMG-D58DFEE97D5305FF,IMG-ECE2E4D8B397371D,assets/images/hotels/hotels-LY-HOTELS-00279-01.webp,LY-HOT-000279,hotels,فندق الصافي,hotel,existing_link,1.0,true,true,false,false,false,false,,thumbnail_only,DUP-01409,unknown,true,Hotels,"Existing local linkage; technical evidence only, not visual verification."
B2-CAN-00494,IMG-D0E4C14FEF216C2C,IMG-2D45459AD8F9CC78,assets/images/hotels/hotels-LY-HOTELS-00281-01.webp,LY-HOT-000281,hotels,فندق الفصول الابعة 1,hotel,existing_link,1.0,true,true,false,false,false,false,,thumbnail_only,DUP-00184,unknown,true,Hotels,"Existing local linkage; technical evidence only, not visual verification."
B2-CAN-00495,IMG-BED506EA5E4A268B,IMG-60C21FD40A4E4920,assets/images/hotels/hotels-LY-HOTELS-00282-01.webp,LY-HOT-000282,hotels,فندق سفارى,hotel,existing_link,1.0,true,true,false,false,false,false,,thumbnail_only,DUP-00396,unknown,true,Hotels,"Existing local linkage; technical evidence only, not visual verification."
B2-CAN-00496,IMG-F3E648AD7CE0F676,IMG-1CDC2C3D694FD21B,assets/images/hotels/hotels-LY-HOTELS-00283-01.webp,LY-HOT-000283,hotels,فندق زهرة الخليج,hotel,existing_link,1.0,true,true,false,false,false,false,,acceptable,DUP-00339,unknown,true,Hotels,"Existing local linkage; technical evidence only, not visual verification."
B2-CAN-00497,IMG-195FEF22D837B65D,IMG-D573149703FC5032,assets/images/hotels/hotels-LY-HOTELS-00283-02.webp,LY-HOT-000283,hotels,فندق زهرة الخليج,hotel,existing_link,1.0,true,true,false,false,false,false,,high,DUP-01144,unknown,true,Hotels,"Existing local linkage; technical evidence only, not visual verification."
B2-CAN-00498,IMG-FD63377BEAD728F4,IMG-D852AA75FDEC7960,assets/images/hotels/hotels-LY-HOTELS-00284-01.webp,LY-HOT-000284,hotels,فندق السلاسل الذهبية,hostel,existing_link,1.0,true,true,false,false,false,false,,acceptable,DUP-01362,unknown,true,Hotels,"Existing local linkage; technical evidence only, not visual verification."
B2-CAN-00499,IMG-93CB76024693CC16,IMG-9376999E1BCC2950,assets/images/hotels/hotels-LY-HOTELS-00284-02.webp,LY-HOT-000284,hotels,فندق السلاسل الذهبية,hostel,existing_link,1.0,true,true,false,false,false,false,,acceptable,DUP-00733,unknown,true,Hotels,"Existing local linkage; technical evidence only, not visual verification."
B2-CAN-00500,IMG-BE291B15C0111B88,IMG-6B00D74C42B3F6BF,assets/images/hotels/hotels-LY-HOTELS-00284-03.webp,LY-HOT-000284,hotels,فندق السلاسل الذهبية,hostel,existing_link,1.0,true,true,false,false,false,false,,acceptable,DUP-00115,unknown,true,Hotels,"Existing local linkage; technical evidence only, not visual verification."
B2-CAN-00501,IMG-AB22C6D40D93616F,IMG-A4E1C106CA5102C7,assets/images/hotels/hotels-LY-HOTELS-00295-01.webp,LY-HOT-000295,hotels,فندق تاج,hostel,existing_link,1.0,true,true,false,false,false,false,,acceptable,DUP-00233,unknown,true,Hotels,"Existing local linkage; technical evidence only, not visual verification."
B2-CAN-00502,IMG-E137A1CCE92F44E9,IMG-234477B673AB19BB,assets/images/hotels/hotels-LY-HOTELS-00295-02.webp,LY-HOT-000295,hotels,فندق تاج,hostel,existing_link,1.0,true,true,false,false,false,false,,high,DUP-00666,unknown,true,Hotels,"Existing local linkage; technical evidence only, not visual verification."
B2-CAN-00503,IMG-729EB4B25B240200,IMG-B3625AAF3EC3C85D,assets/images/hotels/hotels-LY-HOTELS-00295-03.webp,LY-HOT-000295,hotels,فندق تاج,hostel,existing_link,1.0,true,true,false,false,false,false,,high,DUP-00145,unknown,true,Hotels,"Existing local linkage; technical evidence only, not visual verification."
B2-CAN-00504,IMG-4B501E6BBD73EAFE,IMG-3E4CED93BF7426F1,assets/images/hotels/hotels-LY-HOTELS-00297-01.webp,LY-HOT-000297,hotels,فندق أضواء قرطاج,hotel,existing_link,1.0,true,true,false,false,false,false,,high,DUP-00600,unknown,true,Hotels,"Existing local linkage; technical evidence only, not visual verification."
B2-CAN-00505,IMG-8AA917C317A493BF,IMG-8811258CE100D0A6,assets/images/hotels/hotels-LY-HOTELS-00297-02.webp,LY-HOT-000297,hotels,فندق أضواء قرطاج,hotel,existing_link,1.0,true,true,false,false,false,false,,high,DUP-00017,unknown,true,Hotels,"Existing local linkage; technical evidence only, not visual verification."
B2-CAN-00506,IMG-FE006520AF136B6C,IMG-F9C1830D4F2FF7FA,assets/images/hotels/hotels-LY-HOTELS-00297-03.webp,LY-HOT-000297,hotels,فندق أضواء قرطاج,hotel,existing_link,1.0,true,true,false,false,false,false,,high,DUP-00470,unknown,true,Hotels,"Existing local linkage; technical evidence only, not visual verification."
B2-CAN-00507,IMG-23317BED444CE147,IMG-B936AD7EBE9DAF62,assets/images/hotels/hotels-LY-HOTELS-00305-01.webp,LY-HOT-000305,hotels,فندق الغزالة,hotel,existing_link,1.0,true,true,false,false,false,false,,thumbnail_only,DUP-00969,unknown,true,Hotels,"Existing local linkage; technical evidence only, not visual verification."
B2-CAN-00508,IMG-B957081BDFD31AD9,IMG-D9CA53A7672879BF,assets/images/hotels/hotels-LY-HOTELS-00307-01.webp,LY-HOT-000307,hotels,فندق الديوان,hotel,existing_link,1.0,true,true,false,false,false,false,,thumbnail_only,DUP-00731,unknown,true,Hotels,"Existing local linkage; technical evidence only, not visual verification."
B2-CAN-00509,IMG-6D950E2A9DC44EF1,IMG-A4ED63956F5DD58C,assets/images/hotels/hotels-LY-HOTELS-00307-02.webp,LY-HOT-000307,hotels,فندق الديوان,hotel,existing_link,1.0,true,true,false,false,false,false,,thumbnail_only,DUP-00045,unknown,true,Hotels,"Existing local linkage; technical evidence only, not visual verification."
B2-CAN-00510,IMG-B51FE8B4F8D6929E,IMG-A651B4C4379486C9,assets/images/hotels/hotels-LY-HOTELS-00307-03.webp,LY-HOT-000307,hotels,فندق الديوان,hotel,existing_link,1.0,true,true,false,false,false,false,,thumbnail_only,DUP-00440,unknown,true,Hotels,"Existing local linkage; technical evidence only, not visual verification."
B2-CAN-00511,IMG-B9573C8C7FB931A8,IMG-5269628C74ADF318,assets/images/hotels/hotels-LY-HOTELS-00314-01.webp,LY-HOT-000314,hotels,فندق السرايا,hotel,existing_link,1.0,true,true,false,false,false,false,,acceptable,DUP-00520,unknown,true,Hotels,"Existing local linkage; technical evidence only, not visual verification."
B2-CAN-00512,IMG-9EA57547A5CADF9F,IMG-43B95771248041C0,assets/images/hotels/hotels-LY-HOTELS-00314-02.webp,LY-HOT-000314,hotels,فندق السرايا,hotel,existing_link,1.0,true,true,false,false,false,false,,acceptable,DUP-00831,unknown,true,Hotels,"Existing local linkage; technical evidence only, not visual verification."
B2-CAN-00513,IMG-A621EC690B7CF91C,IMG-344CFBC9C6B372F8,assets/images/hotels/hotels-LY-HOTELS-00314-03.webp,LY-HOT-000314,hotels,فندق السرايا,hotel,existing_link,1.0,true,true,false,false,false,false,,acceptable,DUP-01131,unknown,true,Hotels,"Existing local linkage; technical evidence only, not visual verification."
B2-CAN-00514,IMG-5F0B87CC56980023,IMG-A9FE60CE8BAB8B94,assets/images/hotels/hotels-LY-HOTELS-00314-04.webp,LY-HOT-000314,hotels,فندق السرايا,hotel,existing_link,1.0,true,true,false,false,false,false,,high,DUP-00880,unknown,true,Hotels,"Existing local linkage; technical evidence only, not visual verification."
B2-CAN-00515,IMG-C342E390F07568AB,IMG-9A036A41DCB17370,assets/images/hotels/hotels-LY-HOTELS-00318-01.webp,LY-HOT-000318,hotels,الحبايب,review_required,existing_link,1.0,true,true,false,false,false,false,,thumbnail_only,DUP-00612,unknown,true,Hotels,"Existing local linkage; technical evidence only, not visual verification."
B2-CAN-00516,IMG-D99FC6C79707FC6E,IMG-61B6875831D17BA1,assets/images/hotels/hotels-LY-HOTELS-00318-02.webp,LY-HOT-000318,hotels,الحبايب,review_required,existing_link,1.0,true,true,false,false,false,false,,thumbnail_only,DUP-00766,unknown,true,Hotels,"Existing local linkage; technical evidence only, not visual verification."
B2-CAN-00517,IMG-FB95B3497C1F55CA,IMG-A5A330256BF13807,assets/images/hotels/hotels-LY-HOTELS-00319-01.webp,LY-HOT-000319,hotels,هوم بلازا_للشقق الفندقية,hotel,existing_link,1.0,true,true,false,false,false,false,,thumbnail_only,DUP-01025,unknown,true,Hotels,"Existing local linkage; technical evidence only, not visual verification."
B2-CAN-00518,IMG-007802D9BC5D755F,IMG-F35449759FEAB1E9,assets/images/hotels/hotels-LY-HOTELS-00320-01.webp,LY-HOT-000320,hotels,فندق الرحال,apartment_hotel,existing_link,1.0,true,true,false,false,false,false,,thumbnail_only,DUP-00848,unknown,true,Hotels,"Existing local linkage; technical evidence only, not visual verification."
B2-CAN-00519,IMG-6114B601BF0B1A8C,IMG-18D2823CC6168755,assets/images/hotels/hotels-LY-HOTELS-00321-01.webp,LY-HOT-000321,hotels,الوادي 2 للشقق الفندقية,hotel,existing_link,1.0,true,true,false,false,false,false,,thumbnail_only,DUP-00170,unknown,true,Hotels,"Existing local linkage; technical evidence only, not visual verification."
B2-CAN-00520,IMG-8E4486514CFFA7F7,IMG-00A08FB9993FDC6A,assets/images/hotels/hotels-LY-HOTELS-00322-01.webp,LY-HOT-000322,hotels,الأطلس للشقق الفندقية,hotel,existing_link,1.0,true,true,false,false,false,false,,thumbnail_only,DUP-00428,unknown,true,Hotels,"Existing local linkage; technical evidence only, not visual verification."
B2-CAN-00521,IMG-B9FAA949CA990BF2,IMG-D60F928781EC0028,assets/images/hotels/hotels-LY-HOTELS-00322-02.webp,LY-HOT-000322,hotels,الأطلس للشقق الفندقية,hotel,existing_link,1.0,true,true,false,false,false,false,,thumbnail_only,DUP-00852,unknown,true,Hotels,"Existing local linkage; technical evidence only, not visual verification."
B2-CAN-00522,IMG-7C37736A8EF80145,IMG-18EEA34E41204D8F,assets/images/hotels/hotels-LY-HOTELS-00323-01.webp,LY-HOT-000323,hotels,فندق بيزا السياحي,resort,existing_link,1.0,true,true,false,false,false,false,,thumbnail_only,DUP-00359,unknown,true,Hotels,"Existing local linkage; technical evidence only, not visual verification."
B2-CAN-00523,IMG-E0255209BACC4072,IMG-2BA245639081FD7A,assets/images/hotels/hotels-LY-HOTELS-00323-02.webp,LY-HOT-000323,hotels,فندق بيزا السياحي,resort,existing_link,1.0,true,true,false,false,false,false,,high,DUP-00646,unknown,true,Hotels,"Existing local linkage; technical evidence only, not visual verification."
B2-CAN-00524,IMG-8F2FAE7100B53F30,IMG-AE26AB792A1C1029,assets/images/hotels/hotels-LY-HOTELS-00323-03.webp,LY-HOT-000323,hotels,فندق بيزا السياحي,resort,existing_link,1.0,true,true,false,false,false,false,,acceptable,DUP-01348,unknown,true,Hotels,"Existing local linkage; technical evidence only, not visual verification."
B2-CAN-00525,IMG-C417E10EEC13BB47,IMG-B3F654A5763B591A,assets/images/hotels/hotels-LY-HOTELS-00323-04.webp,LY-HOT-000323,hotels,فندق بيزا السياحي,resort,existing_link,1.0,true,true,false,false,false,false,,acceptable,DUP-01000,unknown,true,Hotels,"Existing local linkage; technical evidence only, not visual verification."
B2-CAN-00526,IMG-F11E4A59FEBF8315,IMG-1389659C2264D447,assets/images/hotels/hotels-LY-HOTELS-00324-01.webp,LY-HOT-000324,hotels,فندق قوز التيك,hotel,existing_link,1.0,true,true,false,false,false,false,,thumbnail_only,DUP-00100,unknown,true,Hotels,"Existing local linkage; technical evidence only, not visual verification."
B2-CAN-00527,IMG-8FCB7322682AE668,IMG-932FBDBDC8A0E102,assets/images/hotels/hotels-LY-HOTELS-00324-02.webp,LY-HOT-000324,hotels,فندق قوز التيك,hotel,existing_link,1.0,true,true,false,false,false,false,,thumbnail_only,DUP-00381,unknown,true,Hotels,"Existing local linkage; technical evidence only, not visual verification."
B2-CAN-00528,IMG-844AB3082A456BFB,IMG-558CE15AD985397D,assets/images/hotels/hotels-LY-HOTELS-00331-01.webp,LY-HOT-000331,hotels,فندق الراحة اجدابيا,hotel,existing_link,1.0,true,true,false,false,false,false,,thumbnail_only,DUP-00855,unknown,true,Hotels,"Existing local linkage; technical evidence only, not visual verification."
B2-CAN-00529,IMG-7B5EFE12C360D506,IMG-DAD489FC24308F74,assets/images/hotels/hotels-LY-HOTELS-00331-02.webp,LY-HOT-000331,hotels,فندق الراحة اجدابيا,hotel,existing_link,1.0,true,true,false,false,false,false,,thumbnail_only,DUP-00868,unknown,true,Hotels,"Existing local linkage; technical evidence only, not visual verification."
B2-CAN-00530,IMG-873D69425FECB19C,IMG-7559C8FD71866847,assets/images/hotels/hotels-LY-HOTELS-00331-03.webp,LY-HOT-000331,hotels,فندق الراحة اجدابيا,hotel,existing_link,1.0,true,true,false,false,false,false,,thumbnail_only,DUP-00597,unknown,true,Hotels,"Existing local linkage; technical evidence only, not visual verification."
B2-CAN-00531,IMG-C1AE737C120905FA,IMG-3EA653CB93695794,assets/images/hotels/hotels-LY-HOTELS-00332-01.webp,LY-HOT-000332,hotels,عمار او المجد للشقق الفندقية,hotel,existing_link,1.0,true,true,false,false,false,false,,thumbnail_only,DUP-00330,unknown,true,Hotels,"Existing local linkage; technical evidence only, not visual verification."
B2-CAN-00532,IMG-478A75FE389CE980,IMG-715DEE9D948E5098,assets/images/hotels/hotels-LY-HOTELS-00332-02.webp,LY-HOT-000332,hotels,عمار او المجد للشقق الفندقية,hotel,existing_link,1.0,true,true,false,false,false,false,,thumbnail_only,DUP-00082,unknown,true,Hotels,"Existing local linkage; technical evidence only, not visual verification."
B2-CAN-00533,IMG-6FB3ED47055394F9,IMG-63A584C31DB9DCED,assets/images/hotels/hotels-LY-HOTELS-00332-03.webp,LY-HOT-000332,hotels,عمار او المجد للشقق الفندقية,hotel,existing_link,1.0,true,true,false,false,false,false,,thumbnail_only,DUP-00064,unknown,true,Hotels,"Existing local linkage; technical evidence only, not visual verification."
B2-CAN-00534,IMG-D93EABF8C6526D6E,IMG-CCC9ACB679F36245,assets/images/hotels/hotels-LY-HOTELS-00333-01.webp,LY-HOT-000333,hotels,فندق مزايا اجدابيا,hostel,existing_link,1.0,true,true,false,false,false,false,,thumbnail_only,DUP-01377,unknown,true,Hotels,"Existing local linkage; technical evidence only, not visual verification."
B2-CAN-00535,IMG-9650D84044FB2212,IMG-3FAF275C99909A08,assets/images/hotels/hotels-LY-HOTELS-00333-02.webp,LY-HOT-000333,hotels,فندق مزايا اجدابيا,hostel,existing_link,1.0,true,true,false,false,false,false,,thumbnail_only,DUP-00726,unknown,true,Hotels,"Existing local linkage; technical evidence only, not visual verification."
B2-CAN-00536,IMG-1A943205EBD35574,,assets/images/hotels/hotels-LY-HOTELS-00333-03.webp,LY-HOT-000333,hotels,فندق مزايا اجدابيا,hostel,existing_link,1.0,true,true,false,false,false,false,,thumbnail_only,,unknown,true,Hotels,"Existing local linkage; technical evidence only, not visual verification."
B2-CAN-00537,IMG-35322FD32CA106B6,IMG-8E4C579EE177DF57,assets/images/hotels/hotels-LY-HOTELS-00334-01.webp,LY-HOT-000334,hotels,فندق التوجان السياحي,hostel,existing_link,1.0,true,true,false,false,false,false,,thumbnail_only,DUP-00582,unknown,true,Hotels,"Existing local linkage; technical evidence only, not visual verification."
B2-CAN-00538,IMG-2FC27CA00FB8E170,IMG-B5092D72CC509D85,assets/images/hotels/hotels-LY-HOTELS-00334-02.webp,LY-HOT-000334,hotels,فندق التوجان السياحي,hostel,existing_link,1.0,true,true,false,false,false,false,,thumbnail_only,DUP-00521,unknown,true,Hotels,"Existing local linkage; technical evidence only, not visual verification."
B2-CAN-00539,IMG-6D1A618DFDE331FF,IMG-E9F1BCC6C5669C3F,assets/images/hotels/hotels-LY-HOTELS-00334-03.webp,LY-HOT-000334,hotels,فندق التوجان السياحي,hostel,existing_link,1.0,true,true,false,false,false,false,,thumbnail_only,DUP-01099,unknown,true,Hotels,"Existing local linkage; technical evidence only, not visual verification."
B2-CAN-00540,IMG-C99CB2EDA0546E4A,IMG-882914DCCBCD4B08,assets/images/hotels/hotels-LY-HOTELS-00335-01.webp,LY-HOT-000335,hotels,نزل وقاعة الهاشمي,apartment_hotel,existing_link,1.0,true,true,false,false,false,false,,thumbnail_only,DUP-00455,unknown,true,Hotels,"Existing local linkage; technical evidence only, not visual verification."
B2-CAN-00541,IMG-9B0A5BE0E41F60DC,IMG-66BACF4E74F7ABB8,assets/images/hotels/hotels-LY-HOTELS-00336-01.webp,LY-HOT-000336,hotels,نزل وقاعة زهرة الخليج,hostel,existing_link,1.0,true,true,false,false,false,false,,thumbnail_only,DUP-01109,unknown,true,Hotels,"Existing local linkage; technical evidence only, not visual verification."
B2-CAN-00542,IMG-918023070113E36D,IMG-EA74CD018069CC41,assets/images/hotels/hotels-LY-HOTELS-00336-02.webp,LY-HOT-000336,hotels,نزل وقاعة زهرة الخليج,hostel,existing_link,1.0,true,true,false,false,false,false,,thumbnail_only,DUP-00817,unknown,true,Hotels,"Existing local linkage; technical evidence only, not visual verification."
B2-CAN-00543,IMG-D2C79E8289A55521,IMG-6A12089167F1ECD8,assets/images/hotels/hotels-LY-HOTELS-00336-03.webp,LY-HOT-000336,hotels,نزل وقاعة زهرة الخليج,hostel,existing_link,1.0,true,true,false,false,false,false,,thumbnail_only,DUP-00856,unknown,true,Hotels,"Existing local linkage; technical evidence only, not visual verification."
B2-CAN-00544,IMG-8965EEC8E5FF047F,IMG-EEEE06A8EE8A5BBE,assets/images/hotels/hotels-LY-HOTELS-00337-01.webp,LY-HOT-000337,hotels,الهضبة للشقق الفندقية,apartment_hotel,existing_link,1.0,true,true,false,false,false,false,,thumbnail_only,DUP-00951,unknown,true,Hotels,"Existing local linkage; technical evidence only, not visual verification."
B2-CAN-00545,IMG-2AD93999221E6C56,IMG-C6A2708D8DBECDD5,assets/images/hotels/hotels-LY-HOTELS-00337-02.webp,LY-HOT-000337,hotels,الهضبة للشقق الفندقية,apartment_hotel,existing_link,1.0,true,true,false,false,false,false,,thumbnail_only,DUP-01020,unknown,true,Hotels,"Existing local linkage; technical evidence only, not visual verification."
B2-CAN-00546,IMG-05D89E17E705B6AD,IMG-54AF92C6F25948BB,assets/images/hotels/hotels-LY-HOTELS-00337-03.webp,LY-HOT-000337,hotels,الهضبة للشقق الفندقية,apartment_hotel,existing_link,1.0,true,true,false,false,false,false,,thumbnail_only,DUP-00655,unknown,true,Hotels,"Existing local linkage; technical evidence only, not visual verification."
B2-CAN-00547,IMG-500722E7A72A0CB8,IMG-D7CE0E4AF92A71CB,assets/images/hotels/hotels-LY-HOTELS-00338-01.webp,LY-HOT-000338,hotels,الامان للشقق الفندقية,apartment_hotel,existing_link,1.0,true,true,false,false,false,false,,thumbnail_only,DUP-00222,unknown,true,Hotels,"Existing local linkage; technical evidence only, not visual verification."
B2-CAN-00548,IMG-5B15B18E7D1312CE,IMG-793F70578237D880,assets/images/hotels/hotels-LY-HOTELS-00338-02.webp,LY-HOT-000338,hotels,الامان للشقق الفندقية,apartment_hotel,existing_link,1.0,true,true,false,false,false,false,,thumbnail_only,DUP-00152,unknown,true,Hotels,"Existing local linkage; technical evidence only, not visual verification."
B2-CAN-00549,IMG-85FF2A28B63234FE,IMG-AF253CDB6BCF82B9,assets/images/hotels/hotels-LY-HOTELS-00339-01.webp,LY-HOT-000339,hotels,نزل ماريا MARIYA,apartment_hotel,existing_link,1.0,true,true,false,false,false,false,,thumbnail_only,DUP-00403,unknown,true,Hotels,"Existing local linkage; technical evidence only, not visual verification."
B2-CAN-00550,IMG-7BA4D434DCD21836,IMG-6C0019D26EA04C31,assets/images/hotels/hotels-LY-HOTELS-00339-02.webp,LY-HOT-000339,hotels,نزل ماريا MARIYA,apartment_hotel,existing_link,1.0,true,true,false,false,false,false,,thumbnail_only,DUP-00022,unknown,true,Hotels,"Existing local linkage; technical evidence only, not visual verification."
B2-CAN-00551,IMG-B1C35746D8F31905,IMG-B7A27121DEC6BCAB,assets/images/hotels/hotels-LY-HOTELS-00339-03.webp,LY-HOT-000339,hotels,نزل ماريا MARIYA,apartment_hotel,existing_link,1.0,true,true,false,false,false,false,,thumbnail_only,DUP-00730,unknown,true,Hotels,"Existing local linkage; technical evidence only, not visual verification."
B2-CAN-00552,IMG-BD20E72787241A92,IMG-F9AC1761B241CDCE,assets/images/hotels/hotels-LY-HOTELS-00340-01.webp,LY-HOT-000340,hotels,فندق الرابطة,hostel,existing_link,1.0,true,true,false,false,false,false,,thumbnail_only,DUP-00103,unknown,true,Hotels,"Existing local linkage; technical evidence only, not visual verification."
B2-CAN-00553,IMG-4B76AA9E191EC586,IMG-E46FAAB47F3CCBB1,assets/images/hotels/hotels-LY-HOTELS-00342-01.webp,LY-HOT-000342,hotels,فندق غريان السياحي,hotel,existing_link,1.0,true,true,false,false,false,false,,thumbnail_only,DUP-00404,unknown,true,Hotels,"Existing local linkage; technical evidence only, not visual verification."
B2-CAN-00554,IMG-790F7D11A0C954E3,IMG-769F03D270A0C913,assets/images/hotels/hotels-LY-HOTELS-00342-02.webp,LY-HOT-000342,hotels,فندق غريان السياحي,hotel,existing_link,1.0,true,true,false,false,false,false,,thumbnail_only,DUP-00112,unknown,true,Hotels,"Existing local linkage; technical evidence only, not visual verification."
B2-CAN-00555,IMG-18E850A1CC9F300A,IMG-75D9C2C63F03B18A,assets/images/hotels/hotels-LY-HOTELS-00342-03.webp,LY-HOT-000342,hotels,فندق غريان السياحي,hotel,existing_link,1.0,true,true,false,false,false,false,,thumbnail_only,DUP-00391,unknown,true,Hotels,"Existing local linkage; technical evidence only, not visual verification."
B2-CAN-00556,IMG-B2F0F8C95D27D07E,IMG-99A77748F15BA271,assets/images/hotels/hotels-LY-HOTELS-00343-01.webp,LY-HOT-000343,hotels,فندق روايال غريان,hostel,existing_link,1.0,true,true,false,false,false,false,,thumbnail_only,DUP-00336,unknown,true,Hotels,"Existing local linkage; technical evidence only, not visual verification."
B2-CAN-00557,IMG-C82F630154408DD2,IMG-1AB064F7E858BA50,assets/images/hotels/hotels-LY-HOTELS-00343-02.webp,LY-HOT-000343,hotels,فندق روايال غريان,hostel,existing_link,1.0,true,true,false,false,false,false,,thumbnail_only,DUP-00564,unknown,true,Hotels,"Existing local linkage; technical evidence only, not visual verification."
B2-CAN-00558,IMG-B763B0A4F348044A,IMG-D390AF586B66A4F9,assets/images/hotels/hotels-LY-HOTELS-00343-03.webp,LY-HOT-000343,hotels,فندق روايال غريان,hostel,existing_link,1.0,true,true,false,false,false,false,,thumbnail_only,DUP-00942,unknown,true,Hotels,"Existing local linkage; technical evidence only, not visual verification."
B2-CAN-00559,IMG-A1F09EB8D6EA4DD5,IMG-4F45A1A2AFC0B0B0,assets/images/hotels/hotels-LY-HOTELS-00343-04.webp,LY-HOT-000343,hotels,فندق روايال غريان,hostel,existing_link,1.0,true,true,false,false,false,false,,thumbnail_only,DUP-00956,unknown,true,Hotels,"Existing local linkage; technical evidence only, not visual verification."
B2-CAN-00560,IMG-A99658DB11939621,IMG-6F6E80FA1C398EEC,assets/images/hotels/hotels-LY-HOTELS-00344-01.webp,LY-HOT-000344,hotels,فندق حوش بوغنوش,hotel,existing_link,1.0,true,true,false,false,false,false,,thumbnail_only,DUP-00024,unknown,true,Hotels,"Existing local linkage; technical evidence only, not visual verification."
B2-CAN-00561,IMG-59CAA4DB79A59BCF,IMG-1C44E65D0B391EE1,assets/images/hotels/hotels-LY-HOTELS-00344-02.webp,LY-HOT-000344,hotels,فندق حوش بوغنوش,hotel,existing_link,1.0,true,true,false,false,false,false,,thumbnail_only,DUP-00227,unknown,true,Hotels,"Existing local linkage; technical evidence only, not visual verification."
B2-CAN-00562,IMG-02024DA4745BCCB7,IMG-2E6B0BC5B271F621,assets/images/hotels/hotels-LY-HOTELS-00344-03.webp,LY-HOT-000344,hotels,فندق حوش بوغنوش,hotel,existing_link,1.0,true,true,false,false,false,false,,thumbnail_only,DUP-00837,unknown,true,Hotels,"Existing local linkage; technical evidence only, not visual verification."
B2-CAN-00563,IMG-75CC2F7978CB4140,IMG-3B8C0CB60714ED5B,assets/images/hotels/hotels-LY-HOTELS-00344-04.webp,LY-HOT-000344,hotels,فندق حوش بوغنوش,hotel,existing_link,1.0,true,true,false,false,false,false,,thumbnail_only,DUP-00752,unknown,true,Hotels,"Existing local linkage; technical evidence only, not visual verification."
B2-CAN-00564,IMG-C1997F4EB6ECAB93,IMG-BEF1F2F1E807EA48,assets/images/hotels/hotels-LY-HOTELS-00345-01.webp,LY-HOT-000345,hotels,فندق اللؤلؤة السياحي البضاء,hotel,existing_link,1.0,true,true,false,false,false,false,,thumbnail_only,DUP-00700,unknown,true,Hotels,"Existing local linkage; technical evidence only, not visual verification."
B2-CAN-00565,IMG-F184080C2E496B05,IMG-67676277997A687B,assets/images/hotels/hotels-LY-HOTELS-00345-02.webp,LY-HOT-000345,hotels,فندق اللؤلؤة السياحي البضاء,hotel,existing_link,1.0,true,true,false,false,false,false,,thumbnail_only,DUP-00288,unknown,true,Hotels,"Existing local linkage; technical evidence only, not visual verification."
B2-CAN-00566,IMG-5875E6DDBB7440C2,IMG-7A5BB67D81637BF8,assets/images/hotels/hotels-LY-HOTELS-00345-03.webp,LY-HOT-000345,hotels,فندق اللؤلؤة السياحي البضاء,hotel,existing_link,1.0,true,true,false,false,false,false,,thumbnail_only,DUP-00266,unknown,true,Hotels,"Existing local linkage; technical evidence only, not visual verification."
B2-CAN-00567,IMG-9C201294D2C9C54F,IMG-2082243388C534FA,assets/images/hotels/hotels-LY-HOTELS-00345-04.webp,LY-HOT-000345,hotels,فندق اللؤلؤة السياحي البضاء,hotel,existing_link,1.0,true,true,false,false,false,false,,thumbnail_only,DUP-00887,unknown,true,Hotels,"Existing local linkage; technical evidence only, not visual verification."
B2-CAN-00568,IMG-5875E6DDBB7440C2,IMG-7A5BB67D81637BF8,assets/images/hotels/hotels-LY-HOTELS-00345-03.webp,LY-HOT-000346,hotels,فندق لؤلؤة الخليج البيضاء,hotel,existing_link,1.0,true,true,false,false,false,false,,thumbnail_only,DUP-00266,unknown,true,Hotels,"Existing local linkage; technical evidence only, not visual verification."
B2-CAN-00569,IMG-C1997F4EB6ECAB93,IMG-BEF1F2F1E807EA48,assets/images/hotels/hotels-LY-HOTELS-00345-01.webp,LY-HOT-000346,hotels,فندق لؤلؤة الخليج البيضاء,hotel,existing_link,1.0,true,true,false,false,false,false,,thumbnail_only,DUP-00700,unknown,true,Hotels,"Existing local linkage; technical evidence only, not visual verification."
B2-CAN-00570,IMG-9C201294D2C9C54F,IMG-2082243388C534FA,assets/images/hotels/hotels-LY-HOTELS-00345-04.webp,LY-HOT-000346,hotels,فندق لؤلؤة الخليج البيضاء,hotel,existing_link,1.0,true,true,false,false,false,false,,thumbnail_only,DUP-00887,unknown,true,Hotels,"Existing local linkage; technical evidence only, not visual verification."
B2-CAN-00571,IMG-F184080C2E496B05,IMG-67676277997A687B,assets/images/hotels/hotels-LY-HOTELS-00345-02.webp,LY-HOT-000346,hotels,فندق لؤلؤة الخليج البيضاء,hotel,existing_link,1.0,true,true,false,false,false,false,,thumbnail_only,DUP-00288,unknown,true,Hotels,"Existing local linkage; technical evidence only, not visual verification."
B2-CAN-00572,IMG-65F952AC1826FCC9,IMG-6E08B25C96998D68,assets/images/hotels/hotels-LY-HOTELS-00349-01.webp,LY-HOT-000349,hotels,النوران_ للشقق_الفندقية,hostel,existing_link,1.0,true,true,false,false,false,false,,thumbnail_only,DUP-01242,unknown,true,Hotels,"Existing local linkage; technical evidence only, not visual verification."
B2-CAN-00573,IMG-D4D2F96301A9A4EA,IMG-73C8C74FF4EDD633,assets/images/hotels/hotels-LY-HOTELS-00349-02.webp,LY-HOT-000349,hotels,النوران_ للشقق_الفندقية,hostel,existing_link,1.0,true,true,false,false,false,false,,thumbnail_only,DUP-01005,unknown,true,Hotels,"Existing local linkage; technical evidence only, not visual verification."
B2-CAN-00574,IMG-D00A698E1C90CE23,IMG-76CA5C810D37CB5E,assets/images/hotels/hotels-LY-HOTELS-00349-03.webp,LY-HOT-000349,hotels,النوران_ للشقق_الفندقية,hostel,existing_link,1.0,true,true,false,false,false,false,,thumbnail_only,DUP-01169,unknown,true,Hotels,"Existing local linkage; technical evidence only, not visual verification."
B2-CAN-00575,IMG-A0DA45B95E90E4CC,IMG-47F9DC086DF34079,assets/images/hotels/hotels-LY-HOTELS-00349-04.webp,LY-HOT-000349,hotels,النوران_ للشقق_الفندقية,hostel,existing_link,1.0,true,true,false,false,false,false,,thumbnail_only,DUP-00128,unknown,true,Hotels,"Existing local linkage; technical evidence only, not visual verification."
B2-CAN-00576,IMG-2986C5A66BB26BE3,IMG-E3EC8DB4F82EDA83,assets/images/hotels/hotels-LY-HOTELS-00352-01.webp,LY-HOT-000352,hotels,فندق اية الجبل البيضاء,apartment_hotel,existing_link,1.0,true,true,false,false,false,false,,thumbnail_only,DUP-00071,unknown,true,Hotels,"Existing local linkage; technical evidence only, not visual verification."
B2-CAN-00577,IMG-7A84D70272A125FE,IMG-885587A60111962A,assets/images/hotels/hotels-LY-HOTELS-00352-02.webp,LY-HOT-000352,hotels,فندق اية الجبل البيضاء,apartment_hotel,existing_link,1.0,true,true,false,false,false,false,,thumbnail_only,DUP-00265,unknown,true,Hotels,"Existing local linkage; technical evidence only, not visual verification."
B2-CAN-00578,IMG-6482650DD2DD3DBE,IMG-0F31D4D6A3CF57CD,assets/images/hotels/hotels-LY-HOTELS-00352-03.webp,LY-HOT-000352,hotels,فندق اية الجبل البيضاء,apartment_hotel,existing_link,1.0,true,true,false,false,false,false,,thumbnail_only,DUP-00315,unknown,true,Hotels,"Existing local linkage; technical evidence only, not visual verification."
B2-CAN-00579,IMG-CCB429063BDA2EAE,IMG-9309D223CFC81510,assets/images/hotels/hotels-LY-HOTELS-00355-01.webp,LY-HOT-000355,hotels,فندق برونتو البيضاء,apartment_hotel,existing_link,1.0,true,true,false,false,false,false,,thumbnail_only,DUP-00218,unknown,true,Hotels,"Existing local linkage; technical evidence only, not visual verification."
B2-CAN-00580,IMG-9AB6202770CE3269,,assets/images/hotels/hotels-LY-HOTELS-00355-02.webp,LY-HOT-000355,hotels,فندق برونتو البيضاء,apartment_hotel,existing_link,1.0,true,true,false,false,false,false,,thumbnail_only,,unknown,true,Hotels,"Existing local linkage; technical evidence only, not visual verification."
B2-CAN-00581,IMG-17E2B625E5E1BCA6,IMG-ED140BC6281F6CDD,assets/images/hotels/hotels-LY-HOTELS-00356-01.webp,LY-HOT-000356,hotels,عمارة الجوري للشقق الفندقية,hotel,existing_link,1.0,true,true,false,false,false,false,,thumbnail_only,DUP-00424,unknown,true,Hotels,"Existing local linkage; technical evidence only, not visual verification."
B2-CAN-00582,IMG-405BE1E74FF306FD,IMG-B7CCA87F5F3244B1,assets/images/hotels/hotels-LY-HOTELS-00356-02.webp,LY-HOT-000356,hotels,عمارة الجوري للشقق الفندقية,hotel,existing_link,1.0,true,true,false,false,false,false,,thumbnail_only,DUP-00411,unknown,true,Hotels,"Existing local linkage; technical evidence only, not visual verification."
B2-CAN-00583,IMG-2F979455A5BC73CF,IMG-DA43C64370BC4312,assets/images/hotels/hotels-LY-HOTELS-00356-03.webp,LY-HOT-000356,hotels,عمارة الجوري للشقق الفندقية,hotel,existing_link,1.0,true,true,false,false,false,false,,thumbnail_only,DUP-00138,unknown,true,Hotels,"Existing local linkage; technical evidence only, not visual verification."
B2-CAN-00584,IMG-819089A3F33FB55C,IMG-E8A0ACB419E446F1,assets/images/hotels/hotels-LY-HOTELS-00009-01.webp,LY-HOT-000357,hotels,فندق العنود البيضاء,apartment_hotel,existing_link,1.0,true,true,false,false,false,false,,thumbnail_only,DUP-01222,unknown,true,Hotels,"Existing local linkage; technical evidence only, not visual verification."
B2-CAN-00585,IMG-8302B3A52AE6F475,IMG-8E0A80A036FBC349,assets/images/hotels/hotels-LY-HOTELS-00009-02.webp,LY-HOT-000357,hotels,فندق العنود البيضاء,apartment_hotel,existing_link,1.0,true,true,false,false,false,false,,thumbnail_only,DUP-00426,unknown,true,Hotels,"Existing local linkage; technical evidence only, not visual verification."
B2-CAN-00586,IMG-EEB18273A9500148,IMG-34104F81BF6CE505,assets/images/hotels/hotels-LY-HOTELS-00357-03.webp,LY-HOT-000357,hotels,فندق العنود البيضاء,apartment_hotel,existing_link,1.0,true,true,false,false,false,false,,thumbnail_only,DUP-00075,unknown,true,Hotels,"Existing local linkage; technical evidence only, not visual verification."
B2-CAN-00587,IMG-82C167B4829EAAA1,IMG-C2F4354A20CAD40F,assets/images/hotels/hotels-LY-HOTELS-00357-04.webp,LY-HOT-000357,hotels,فندق العنود البيضاء,apartment_hotel,existing_link,1.0,true,true,false,false,false,false,,thumbnail_only,DUP-00929,unknown,true,Hotels,"Existing local linkage; technical evidence only, not visual verification."
B2-CAN-00588,IMG-FD6EA876E164F0F3,IMG-0586F61ED5F9CC12,assets/images/hotels/hotels-LY-HOTELS-00357-05.webp,LY-HOT-000357,hotels,فندق العنود البيضاء,apartment_hotel,existing_link,1.0,true,true,false,false,false,false,,thumbnail_only,DUP-00928,unknown,true,Hotels,"Existing local linkage; technical evidence only, not visual verification."
B2-CAN-00589,IMG-C5531C011FEE4352,IMG-57B591969D8F5DF0,assets/images/hotels/hotels-LY-HOTELS-00357-06.webp,LY-HOT-000357,hotels,فندق العنود البيضاء,apartment_hotel,existing_link,1.0,true,true,false,false,false,false,,thumbnail_only,DUP-00999,unknown,true,Hotels,"Existing local linkage; technical evidence only, not visual verification."
B2-CAN-00590,IMG-EE01B6F326C00582,IMG-E4CFE257A036CE2E,assets/images/hotels/hotels-LY-HOTELS-00357-07.webp,LY-HOT-000357,hotels,فندق العنود البيضاء,apartment_hotel,existing_link,1.0,true,true,false,false,false,false,,thumbnail_only,DUP-00795,unknown,true,Hotels,"Existing local linkage; technical evidence only, not visual verification."
B2-CAN-00591,IMG-14245C39708E3BCD,IMG-9975F81187555CC5,assets/images/hotels/hotels-LY-HOTELS-00358-01.webp,LY-HOT-000358,hotels,فندق الفردوس للشقق الفندقية,apartment_hotel,existing_link,1.0,true,true,false,false,false,false,,thumbnail_only,DUP-00908,unknown,true,Hotels,"Existing local linkage; technical evidence only, not visual verification."
B2-CAN-00592,IMG-C84B8E2B43FA41C1,IMG-DCBDD7512162DA32,assets/images/hotels/hotels-LY-HOTELS-00358-02.webp,LY-HOT-000358,hotels,فندق الفردوس للشقق الفندقية,apartment_hotel,existing_link,1.0,true,true,false,false,false,false,,thumbnail_only,DUP-01315,unknown,true,Hotels,"Existing local linkage; technical evidence only, not visual verification."
B2-CAN-00593,IMG-206B2BD021243154,IMG-C550FE14553F1C12,assets/images/hotels/hotels-LY-HOTELS-00358-03.webp,LY-HOT-000358,hotels,فندق الفردوس للشقق الفندقية,apartment_hotel,existing_link,1.0,true,true,false,false,false,false,,thumbnail_only,DUP-00331,unknown,true,Hotels,"Existing local linkage; technical evidence only, not visual verification."
B2-CAN-00594,IMG-6A36492B9912687D,IMG-FD7B1FF0BA693632,assets/images/hotels/hotels-LY-HOTELS-00358-04.webp,LY-HOT-000358,hotels,فندق الفردوس للشقق الفندقية,apartment_hotel,existing_link,1.0,true,true,false,false,false,false,,thumbnail_only,DUP-01274,unknown,true,Hotels,"Existing local linkage; technical evidence only, not visual verification."
B2-CAN-00595,IMG-BACA013556C590D9,IMG-B0AD9CF0FB43F42C,assets/images/hotels/hotels-LY-HOTELS-00360-01.webp,LY-HOT-000360,hotels,فندق مرحبا للخدمات السياحية,hotel,existing_link,1.0,true,true,false,false,false,false,,thumbnail_only,DUP-00362,unknown,true,Hotels,"Existing local linkage; technical evidence only, not visual verification."
B2-CAN-00596,IMG-A9D9F68797342079,IMG-05A1B82B7873D4B7,assets/images/hotels/hotels-LY-HOTELS-00360-02.webp,LY-HOT-000360,hotels,فندق مرحبا للخدمات السياحية,hotel,existing_link,1.0,true,true,false,false,false,false,,thumbnail_only,DUP-00276,unknown,true,Hotels,"Existing local linkage; technical evidence only, not visual verification."
B2-CAN-00597,IMG-52C9BB204D7550B6,IMG-C6129DC49931CCF1,assets/images/hotels/hotels-LY-HOTELS-00360-03.webp,LY-HOT-000360,hotels,فندق مرحبا للخدمات السياحية,hotel,existing_link,1.0,true,true,false,false,false,false,,thumbnail_only,DUP-00345,unknown,true,Hotels,"Existing local linkage; technical evidence only, not visual verification."
B2-CAN-00598,IMG-85C4E7AEA7A4F026,IMG-C6376874E5A82435,assets/images/hotels/hotels-LY-HOTELS-00360-04.webp,LY-HOT-000360,hotels,فندق مرحبا للخدمات السياحية,hotel,existing_link,1.0,true,true,false,false,false,false,,thumbnail_only,DUP-00129,unknown,true,Hotels,"Existing local linkage; technical evidence only, not visual verification."
B2-CAN-00599,IMG-F4B8FFE97A4BFD32,IMG-90E67291BA2B4382,assets/images/hotels/hotels-LY-HOTELS-00360-05.webp,LY-HOT-000360,hotels,فندق مرحبا للخدمات السياحية,hotel,existing_link,1.0,true,true,false,false,false,false,,thumbnail_only,DUP-00235,unknown,true,Hotels,"Existing local linkage; technical evidence only, not visual verification."
B2-CAN-00600,IMG-9BF85753F3D4472A,IMG-623A6611F4B7698B,assets/images/hotels/hotels-LY-HOTELS-00361-01.webp,LY-HOT-000361,hotels,عمارة اضواء ليبيا للشقق الفندقية البيضاء,hotel,existing_link,1.0,true,true,false,false,false,false,,thumbnail_only,DUP-00380,unknown,true,Hotels,"Existing local linkage; technical evidence only, not visual verification."
B2-CAN-00601,IMG-B9A4D03A110893D0,IMG-12D92CE567446325,assets/images/hotels/hotels-LY-HOTELS-00361-02.webp,LY-HOT-000361,hotels,عمارة اضواء ليبيا للشقق الفندقية البيضاء,hotel,existing_link,1.0,true,true,false,false,false,false,,thumbnail_only,DUP-00334,unknown,true,Hotels,"Existing local linkage; technical evidence only, not visual verification."
B2-CAN-00602,IMG-62AD16C7ABAA686D,IMG-57E6F98A5BE94E96,assets/images/hotels/hotels-LY-HOTELS-00361-03.webp,LY-HOT-000361,hotels,عمارة اضواء ليبيا للشقق الفندقية البيضاء,hotel,existing_link,1.0,true,true,false,false,false,false,,thumbnail_only,DUP-00915,unknown,true,Hotels,"Existing local linkage; technical evidence only, not visual verification."
B2-CAN-00603,IMG-1131B410A32F4F78,IMG-1E97975287D8FFB0,assets/images/hotels/hotels-LY-HOTELS-00361-04.webp,LY-HOT-000361,hotels,عمارة اضواء ليبيا للشقق الفندقية البيضاء,hotel,existing_link,1.0,true,true,false,false,false,false,,thumbnail_only,DUP-00307,unknown,true,Hotels,"Existing local linkage; technical evidence only, not visual verification."
B2-CAN-00604,IMG-0457C54827D282C9,IMG-B13C3832364395E2,assets/images/hotels/hotels-LY-HOTELS-00363-01.webp,LY-HOT-000363,hotels,فندق المرقب السياحي الخمس,hostel,existing_link,1.0,true,true,false,false,false,false,,thumbnail_only,DUP-00294,unknown,true,Hotels,"Existing local linkage; technical evidence only, not visual verification."
B2-CAN-00605,IMG-4C8C32AE540C15ED,IMG-55AB7AD3D334EEE8,assets/images/hotels/hotels-LY-HOTELS-00363-02.webp,LY-HOT-000363,hotels,فندق المرقب السياحي الخمس,hostel,existing_link,1.0,true,true,false,false,false,false,,thumbnail_only,DUP-00342,unknown,true,Hotels,"Existing local linkage; technical evidence only, not visual verification."
B2-CAN-00606,IMG-BDD22CBAB3D84BB7,IMG-D11FAF6F6E87CFB4,assets/images/hotels/hotels-LY-HOTELS-00364-01.webp,LY-HOT-000364,hotels,فندق التوليب السياحي الخمس,apartment_hotel,existing_link,1.0,true,true,false,false,false,false,,thumbnail_only,DUP-00039,unknown,true,Hotels,"Existing local linkage; technical evidence only, not visual verification."
B2-CAN-00607,IMG-443869629AE0FEB1,IMG-37C2D55A1E544760,assets/images/hotels/hotels-LY-HOTELS-00364-02.webp,LY-HOT-000364,hotels,فندق التوليب السياحي الخمس,apartment_hotel,existing_link,1.0,true,true,false,false,false,false,,thumbnail_only,DUP-00060,unknown,true,Hotels,"Existing local linkage; technical evidence only, not visual verification."
B2-CAN-00608,IMG-2B18AF26FEFDDF4B,IMG-AA5B323EDDF93F18,assets/images/hotels/hotels-LY-HOTELS-00364-03.webp,LY-HOT-000364,hotels,فندق التوليب السياحي الخمس,apartment_hotel,existing_link,1.0,true,true,false,false,false,false,,thumbnail_only,DUP-00695,unknown,true,Hotels,"Existing local linkage; technical evidence only, not visual verification."
B2-CAN-00609,IMG-5E393C22A33C71B1,IMG-36EC81367EA82151,assets/images/hotels/hotels-LY-HOTELS-00364-05.webp,LY-HOT-000364,hotels,فندق التوليب السياحي الخمس,apartment_hotel,existing_link,1.0,true,true,false,false,false,false,,thumbnail_only,DUP-00523,unknown,true,Hotels,"Existing local linkage; technical evidence only, not visual verification."
B2-CAN-00610,IMG-DA79B881A04433E1,IMG-090FD2A9AA2E88D9,assets/images/hotels/hotels-LY-HOTELS-00364-06.webp,LY-HOT-000364,hotels,فندق التوليب السياحي الخمس,apartment_hotel,existing_link,1.0,true,true,false,false,false,false,,thumbnail_only,DUP-00615,unknown,true,Hotels,"Existing local linkage; technical evidence only, not visual verification."
B2-CAN-00611,IMG-6DE54E582E1827F9,IMG-53FEC56240658906,assets/images/hotels/hotels-LY-HOTELS-00365-01.webp,LY-HOT-000365,hotels,فندق بيت سباب الخمس,hotel,existing_link,1.0,true,true,false,false,false,false,,thumbnail_only,DUP-00926,unknown,true,Hotels,"Existing local linkage; technical evidence only, not visual verification."
B2-CAN-00612,IMG-0AD416076AE4E41A,IMG-B43053CBB4A73052,assets/images/hotels/hotels-LY-HOTELS-00366-01.webp,LY-HOT-000366,hotels,فندق الاخوة السياحي الخمس,hotel,existing_link,1.0,true,true,false,false,false,false,,high,DUP-00640,unknown,true,Hotels,"Existing local linkage; technical evidence only, not visual verification."
B2-CAN-00613,IMG-E221B5515F375471,IMG-7FDEFEDEA193BDAF,assets/images/hotels/hotels-LY-HOTELS-00366-02.webp,LY-HOT-000366,hotels,فندق الاخوة السياحي الخمس,hotel,existing_link,1.0,true,true,false,false,false,false,,high,DUP-00441,unknown,true,Hotels,"Existing local linkage; technical evidence only, not visual verification."
B2-CAN-00614,IMG-56BA5FDD0E35F3FE,IMG-688D92398DEF8AB4,assets/images/hotels/hotels-LY-HOTELS-00366-03.webp,LY-HOT-000366,hotels,فندق الاخوة السياحي الخمس,hotel,existing_link,1.0,true,true,false,false,false,false,,acceptable,DUP-01148,unknown,true,Hotels,"Existing local linkage; technical evidence only, not visual verification."
B2-CAN-00615,IMG-3689B35FCE5A7ED0,IMG-009FCBE892318CFC,assets/images/hotels/hotels-LY-HOTELS-00375-01.webp,LY-HOT-000375,hotels,فندق الخليج,hostel,existing_link,1.0,true,true,false,false,false,false,,thumbnail_only,DUP-00488,unknown,true,Hotels,"Existing local linkage; technical evidence only, not visual verification."
B2-CAN-00616,IMG-22E9F6FFF329E93F,IMG-E984F510A61FD12B,assets/images/hotels/hotels-LY-HOTELS-00375-02.webp,LY-HOT-000375,hotels,فندق الخليج,hostel,existing_link,1.0,true,true,false,false,false,false,,thumbnail_only,DUP-00491,unknown,true,Hotels,"Existing local linkage; technical evidence only, not visual verification."
B2-CAN-00617,IMG-1BD693AB20394DC5,IMG-CCFE684B5BBCEC7A,assets/images/hotels/hotels-LY-HOTELS-00376-01.webp,LY-HOT-000376,hotels,فندق أضواء قرطاج,hotel,existing_link,1.0,true,true,false,false,false,false,,thumbnail_only,DUP-00723,unknown,true,Hotels,"Existing local linkage; technical evidence only, not visual verification."
B2-CAN-00618,IMG-AB3527CF76AB35DF,IMG-C3812DBA9CB3CA8B,assets/images/hotels/hotels-LY-HOTELS-00376-03.webp,LY-HOT-000376,hotels,فندق أضواء قرطاج,hotel,existing_link,1.0,true,true,false,false,false,false,,thumbnail_only,DUP-01269,unknown,true,Hotels,"Existing local linkage; technical evidence only, not visual verification."
B2-CAN-00619,IMG-F9FA19E9905110FD,IMG-B10F334A01F52BC3,assets/images/hotels/hotels-LY-HOTELS-00376-04.webp,LY-HOT-000376,hotels,فندق أضواء قرطاج,hotel,existing_link,1.0,true,true,false,false,false,false,,thumbnail_only,DUP-01071,unknown,true,Hotels,"Existing local linkage; technical evidence only, not visual verification."
B2-CAN-00620,IMG-6569E1B0BB8E0782,IMG-FA780C750B848E8D,assets/images/hotels/hotels-LY-HOTELS-00377-01.webp,LY-HOT-000377,hotels,فندق اجنحة قرطاج,hotel,existing_link,1.0,true,true,false,false,false,false,,thumbnail_only,DUP-01394,unknown,true,Hotels,"Existing local linkage; technical evidence only, not visual verification."
B2-CAN-00621,IMG-6E1D65E37BCA7425,IMG-B5005A4AC1EF5137,assets/images/hotels/hotels-LY-HOTELS-00377-02.webp,LY-HOT-000377,hotels,فندق اجنحة قرطاج,hotel,existing_link,1.0,true,true,false,false,false,false,,thumbnail_only,DUP-01353,unknown,true,Hotels,"Existing local linkage; technical evidence only, not visual verification."
B2-CAN-00622,IMG-ED83FCE5201AF85C,IMG-CCCFE0B970F832F5,assets/images/hotels/hotels-LY-HOTELS-00378-01.webp,LY-HOT-000378,hotels,فندق الباشا,hotel,existing_link,1.0,true,true,false,false,false,false,,thumbnail_only,DUP-01309,unknown,true,Hotels,"Existing local linkage; technical evidence only, not visual verification."
B2-CAN-00623,IMG-33039808F7CC5F0E,IMG-F1DD3F607A03565D,assets/images/hotels/hotels-LY-HOTELS-00378-02.webp,LY-HOT-000378,hotels,فندق الباشا,hotel,existing_link,1.0,true,true,false,false,false,false,,thumbnail_only,DUP-00668,unknown,true,Hotels,"Existing local linkage; technical evidence only, not visual verification."
B2-CAN-00624,IMG-FB4CF0D0ACBE819B,IMG-881DC28C18EA12FA,assets/images/hotels/hotels-LY-HOTELS-00378-03.webp,LY-HOT-000378,hotels,فندق الباشا,hotel,existing_link,1.0,true,true,false,false,false,false,,thumbnail_only,DUP-00407,unknown,true,Hotels,"Existing local linkage; technical evidence only, not visual verification."
B2-CAN-00625,IMG-275DAAC75F7C9E6B,IMG-9A401C227CE9565C,assets/images/hotels/hotels-LY-HOTELS-00378-04.webp,LY-HOT-000378,hotels,فندق الباشا,hotel,existing_link,1.0,true,true,false,false,false,false,,thumbnail_only,DUP-01282,unknown,true,Hotels,"Existing local linkage; technical evidence only, not visual verification."
B2-CAN-00626,IMG-65EB7AC18CE64A22,IMG-5E477A1F8A6E89A1,assets/images/hotels/hotels-LY-HOTELS-00379-01.webp,LY-HOT-000379,hotels,دار السلام للشقق الفندقية,hotel,existing_link,1.0,true,true,false,false,false,false,,thumbnail_only,DUP-00197,unknown,true,Hotels,"Existing local linkage; technical evidence only, not visual verification."
B2-CAN-00627,IMG-1D7B7312A1F19B84,IMG-B47B5EE9D890D17F,assets/images/hotels/hotels-LY-HOTELS-00379-02.webp,LY-HOT-000379,hotels,دار السلام للشقق الفندقية,hotel,existing_link,1.0,true,true,false,false,false,false,,thumbnail_only,DUP-00397,unknown,true,Hotels,"Existing local linkage; technical evidence only, not visual verification."
B2-CAN-00628,IMG-9F672BE6CC4BD603,IMG-23DDDA140449478A,assets/images/hotels/hotels-LY-HOTELS-00379-03.webp,LY-HOT-000379,hotels,دار السلام للشقق الفندقية,hotel,existing_link,1.0,true,true,false,false,false,false,,thumbnail_only,DUP-01074,unknown,true,Hotels,"Existing local linkage; technical evidence only, not visual verification."
B2-CAN-00629,IMG-FA23047A0D110308,IMG-B5CE7A7C8904E839,assets/images/hotels/hotels-LY-HOTELS-00379-04.webp,LY-HOT-000379,hotels,دار السلام للشقق الفندقية,hotel,existing_link,1.0,true,true,false,false,false,false,,thumbnail_only,DUP-00126,unknown,true,Hotels,"Existing local linkage; technical evidence only, not visual verification."
B2-CAN-00630,IMG-E9E5D5D57BE0E74A,IMG-85C063D8E242F238,assets/images/hotels/hotels-LY-HOTELS-00380-01.webp,LY-HOT-000380,hotels,فندق نيو سيتي,hotel,existing_link,1.0,true,true,false,false,false,false,,thumbnail_only,DUP-00827,unknown,true,Hotels,"Existing local linkage; technical evidence only, not visual verification."
B2-CAN-00631,IMG-BCE93E6E0C6503D7,IMG-D01009156C00CAC9,assets/images/hotels/hotels-LY-HOTELS-00380-02.webp,LY-HOT-000380,hotels,فندق نيو سيتي,hotel,existing_link,1.0,true,true,false,false,false,false,,thumbnail_only,DUP-00916,unknown,true,Hotels,"Existing local linkage; technical evidence only, not visual verification."
B2-CAN-00632,IMG-1D1D952B1952637D,IMG-41905740C2094CB8,assets/images/hotels/hotels-LY-HOTELS-00380-03.webp,LY-HOT-000380,hotels,فندق نيو سيتي,hotel,existing_link,1.0,true,true,false,false,false,false,,thumbnail_only,DUP-00968,unknown,true,Hotels,"Existing local linkage; technical evidence only, not visual verification."
B2-CAN-00633,IMG-666F1656E7D3A85E,IMG-16B5AE44B2B3A4BB,assets/images/hotels/hotels-LY-HOTELS-00384-01.webp,LY-HOT-000384,hotels,فندق جولف,hotel,existing_link,1.0,true,true,false,false,false,false,,thumbnail_only,DUP-01189,unknown,true,Hotels,"Existing local linkage; technical evidence only, not visual verification."
B2-CAN-00634,IMG-045ED2A29F025401,IMG-01133BB704D5AB5F,assets/images/hotels/hotels-LY-HOTELS-00384-02.webp,LY-HOT-000384,hotels,فندق جولف,hotel,existing_link,1.0,true,true,false,false,false,false,,thumbnail_only,DUP-01286,unknown,true,Hotels,"Existing local linkage; technical evidence only, not visual verification."
B2-CAN-00635,IMG-5378D569B2869AD8,IMG-AAA887CDCDBAEB72,assets/images/hotels/hotels-LY-HOTELS-00384-03.webp,LY-HOT-000384,hotels,فندق جولف,hotel,existing_link,1.0,true,true,false,false,false,false,,thumbnail_only,DUP-00663,unknown,true,Hotels,"Existing local linkage; technical evidence only, not visual verification."
B2-CAN-00636,IMG-50BD94CC7D9A2805,IMG-03AAE90324E2C728,assets/images/hotels/hotels-LY-HOTELS-00384-04.webp,LY-HOT-000384,hotels,فندق جولف,hotel,existing_link,1.0,true,true,false,false,false,false,,thumbnail_only,DUP-01245,unknown,true,Hotels,"Existing local linkage; technical evidence only, not visual verification."
B2-CAN-00637,IMG-D7133115A485D29B,IMG-200BAB60F0A18FCA,assets/images/hotels/hotels-LY-HOTELS-00385-01.webp,LY-HOT-000385,hotels,فندق زهرة الشمس,hotel,existing_link,1.0,true,true,false,false,false,false,,thumbnail_only,DUP-00119,unknown,true,Hotels,"Existing local linkage; technical evidence only, not visual verification."
B2-CAN-00638,IMG-00BAACA1DFDE3D00,IMG-9B8F6932EF47F6EB,assets/images/hotels/hotels-LY-HOTELS-00385-02.webp,LY-HOT-000385,hotels,فندق زهرة الشمس,hotel,existing_link,1.0,true,true,false,false,false,false,,thumbnail_only,DUP-00720,unknown,true,Hotels,"Existing local linkage; technical evidence only, not visual verification."
B2-CAN-00639,IMG-BB1EDEC4DA9BCC9F,IMG-D8F8879D56CD066C,assets/images/hotels/hotels-LY-HOTELS-00386-01.webp,LY-HOT-000386,hotels,فندق سنترو,hotel,existing_link,1.0,true,true,false,false,false,false,,thumbnail_only,DUP-01145,unknown,true,Hotels,"Existing local linkage; technical evidence only, not visual verification."
B2-CAN-00640,IMG-9797509CCEAA54E1,IMG-8C8E4A209413028E,assets/images/hotels/hotels-LY-HOTELS-00386-03.webp,LY-HOT-000386,hotels,فندق سنترو,hotel,existing_link,1.0,true,true,false,false,false,false,,thumbnail_only,DUP-00318,unknown,true,Hotels,"Existing local linkage; technical evidence only, not visual verification."
B2-CAN-00641,IMG-A1754166EF9651FE,IMG-B3423DCCF6AED163,assets/images/hotels/hotels-LY-HOTELS-00388-01.webp,LY-HOT-000388,hotels,فندق كيان 2,hostel,existing_link,1.0,true,true,false,false,false,false,,thumbnail_only,DUP-01257,unknown,true,Hotels,"Existing local linkage; technical evidence only, not visual verification."
B2-CAN-00642,IMG-F1AA7DDEAF4A747A,IMG-6E019BF08547698B,assets/images/hotels/hotels-LY-HOTELS-00388-02.webp,LY-HOT-000388,hotels,فندق كيان 2,hostel,existing_link,1.0,true,true,false,false,false,false,,thumbnail_only,DUP-00772,unknown,true,Hotels,"Existing local linkage; technical evidence only, not visual verification."
B2-CAN-00643,IMG-5EA48FFFBC5F2D08,IMG-FF7E014E0E3A65CC,assets/images/hotels/hotels-LY-HOTELS-00388-03.webp,LY-HOT-000388,hotels,فندق كيان 2,hostel,existing_link,1.0,true,true,false,false,false,false,,thumbnail_only,DUP-01304,unknown,true,Hotels,"Existing local linkage; technical evidence only, not visual verification."
B2-CAN-00644,IMG-F19D53660A0C5316,IMG-2A4B90E2E75CC0CA,assets/images/hotels/hotels-LY-HOTELS-00389-01.webp,LY-HOT-000389,hotels,فندق نور الثريا السياحى,hostel,existing_link,1.0,true,true,false,false,false,false,,thumbnail_only,DUP-00419,unknown,true,Hotels,"Existing local linkage; technical evidence only, not visual verification."
B2-CAN-00645,IMG-66C2B82A61F9DC7F,IMG-0580CAF3753268D6,assets/images/hotels/hotels-LY-HOTELS-00389-02.webp,LY-HOT-000389,hotels,فندق نور الثريا السياحى,hostel,existing_link,1.0,true,true,false,false,false,false,,thumbnail_only,DUP-00539,unknown,true,Hotels,"Existing local linkage; technical evidence only, not visual verification."
B2-CAN-00646,IMG-07E30D78A45CA2FB,IMG-0A5D87A38ED94184,assets/images/hotels/hotels-LY-HOTELS-00389-03.webp,LY-HOT-000389,hotels,فندق نور الثريا السياحى,hostel,existing_link,1.0,true,true,false,false,false,false,,thumbnail_only,DUP-00231,unknown,true,Hotels,"Existing local linkage; technical evidence only, not visual verification."
B2-CAN-00647,IMG-E03A4ECF00486282,IMG-955A4C42DBBF323B,assets/images/hotels/hotels-LY-HOTELS-00389-04.webp,LY-HOT-000389,hotels,فندق نور الثريا السياحى,hostel,existing_link,1.0,true,true,false,false,false,false,,thumbnail_only,DUP-01218,unknown,true,Hotels,"Existing local linkage; technical evidence only, not visual verification."
B2-CAN-00648,IMG-DD01B3202625761C,IMG-9D034CE7E72965BE,assets/images/hotels/hotels-LY-HOTELS-00390-01.webp,LY-HOT-000390,hotels,فندق أويا,hotel,existing_link,1.0,true,true,false,false,false,false,,thumbnail_only,DUP-01063,unknown,true,Hotels,"Existing local linkage; technical evidence only, not visual verification."
B2-CAN-00649,IMG-58439AE6EC5428E4,IMG-6B38F797C6A0F24F,assets/images/hotels/hotels-LY-HOTELS-00390-02.webp,LY-HOT-000390,hotels,فندق أويا,hotel,existing_link,1.0,true,true,false,false,false,false,,thumbnail_only,DUP-01161,unknown,true,Hotels,"Existing local linkage; technical evidence only, not visual verification."
B2-CAN-00650,IMG-9F2EA37431489C5D,IMG-55442FC3A467E699,assets/images/hotels/hotels-LY-HOTELS-00390-03.webp,LY-HOT-000390,hotels,فندق أويا,hotel,existing_link,1.0,true,true,false,false,false,false,,thumbnail_only,DUP-01414,unknown,true,Hotels,"Existing local linkage; technical evidence only, not visual verification."
B2-CAN-00651,IMG-FD1EBF4F5181ADB7,IMG-4186F21A38BD64E9,assets/images/hotels/hotels-LY-HOTELS-00390-04.webp,LY-HOT-000390,hotels,فندق أويا,hotel,existing_link,1.0,true,true,false,false,false,false,,thumbnail_only,DUP-01019,unknown,true,Hotels,"Existing local linkage; technical evidence only, not visual verification."
B2-CAN-00652,IMG-9B12B9937D7300CA,IMG-D40BFD5F1791242A,assets/images/hotels/hotels-LY-HOTELS-00392-01.webp,LY-HOT-000392,hotels,اجنحة كراون للشقق الفندقية,apartment_hotel,existing_link,1.0,true,true,false,false,false,false,,thumbnail_only,DUP-00983,unknown,true,Hotels,"Existing local linkage; technical evidence only, not visual verification."
B2-CAN-00653,IMG-1D29463E7CB586EC,IMG-22F3C1D83CCD3FA7,assets/images/hotels/hotels-LY-HOTELS-00392-02.webp,LY-HOT-000392,hotels,اجنحة كراون للشقق الفندقية,apartment_hotel,existing_link,1.0,true,true,false,false,false,false,,thumbnail_only,DUP-00263,unknown,true,Hotels,"Existing local linkage; technical evidence only, not visual verification."
B2-CAN-00654,IMG-F42D05455D6BE674,IMG-8AA484748CEDECF1,assets/images/hotels/hotels-LY-HOTELS-00392-03.webp,LY-HOT-000392,hotels,اجنحة كراون للشقق الفندقية,apartment_hotel,existing_link,1.0,true,true,false,false,false,false,,thumbnail_only,DUP-01318,unknown,true,Hotels,"Existing local linkage; technical evidence only, not visual verification."
B2-CAN-00655,IMG-FEB66814946A0C34,IMG-A54E8C552428C2A1,assets/images/hotels/hotels-LY-HOTELS-00393-01.webp,LY-HOT-000393,hotels,الدلتا للشقق الفندقية 2,apartment_hotel,existing_link,1.0,true,true,false,false,false,false,,thumbnail_only,DUP-00421,unknown,true,Hotels,"Existing local linkage; technical evidence only, not visual verification."
B2-CAN-00656,IMG-A6898003D65A1911,IMG-CE442406E148FFE0,assets/images/hotels/hotels-LY-HOTELS-00393-02.webp,LY-HOT-000393,hotels,الدلتا للشقق الفندقية 2,apartment_hotel,existing_link,1.0,true,true,false,false,false,false,,thumbnail_only,DUP-00457,unknown,true,Hotels,"Existing local linkage; technical evidence only, not visual verification."
B2-CAN-00657,IMG-22B7F0F6276A9ACA,IMG-15BB542462E6B94C,assets/images/hotels/hotels-LY-HOTELS-00393-03.webp,LY-HOT-000393,hotels,الدلتا للشقق الفندقية 2,apartment_hotel,existing_link,1.0,true,true,false,false,false,false,,thumbnail_only,DUP-00393,unknown,true,Hotels,"Existing local linkage; technical evidence only, not visual verification."
B2-CAN-00658,IMG-646D87B3751258C3,IMG-5CF299F9826456A1,assets/images/hotels/hotels-LY-HOTELS-00394-01.webp,LY-HOT-000394,hotels,الدلتا للشقق الفندقية 1,apartment_hotel,existing_link,1.0,true,true,false,false,false,false,,thumbnail_only,DUP-00356,unknown,true,Hotels,"Existing local linkage; technical evidence only, not visual verification."
B2-CAN-00659,IMG-9E485B8AB9CC544E,IMG-81A9CFBCF58F0311,assets/images/hotels/hotels-LY-HOTELS-00394-02.webp,LY-HOT-000394,hotels,الدلتا للشقق الفندقية 1,apartment_hotel,existing_link,1.0,true,true,false,false,false,false,,thumbnail_only,DUP-01372,unknown,true,Hotels,"Existing local linkage; technical evidence only, not visual verification."
B2-CAN-00660,IMG-2A69A3609BC9900D,IMG-FCDB6E78DF058D23,assets/images/hotels/hotels-LY-HOTELS-00394-03.webp,LY-HOT-000394,hotels,الدلتا للشقق الفندقية 1,apartment_hotel,existing_link,1.0,true,true,false,false,false,false,,thumbnail_only,DUP-00996,unknown,true,Hotels,"Existing local linkage; technical evidence only, not visual verification."
B2-CAN-00661,IMG-1E99AB2946C25482,IMG-C030DD39A7F68141,assets/images/hotels/hotels-LY-HOTELS-00394-04.webp,LY-HOT-000394,hotels,الدلتا للشقق الفندقية 1,apartment_hotel,existing_link,1.0,true,true,false,false,false,false,,thumbnail_only,DUP-01417,unknown,true,Hotels,"Existing local linkage; technical evidence only, not visual verification."
B2-CAN-00662,IMG-3F3998976A1F9DD4,IMG-7914DB8D81DF2433,assets/images/hotels/hotels-LY-HOTELS-00395-01.webp,LY-HOT-000395,hotels,الشاطي الذهبي,hotel,existing_link,1.0,true,true,false,false,false,false,,thumbnail_only,DUP-01164,unknown,true,Hotels,"Existing local linkage; technical evidence only, not visual verification."
B2-CAN-00663,IMG-815DF68B383ECDAB,IMG-D0D137408723C19A,assets/images/hotels/hotels-LY-HOTELS-00395-02.webp,LY-HOT-000395,hotels,الشاطي الذهبي,hotel,existing_link,1.0,true,true,false,false,false,false,,thumbnail_only,DUP-00361,unknown,true,Hotels,"Existing local linkage; technical evidence only, not visual verification."
B2-CAN-00664,IMG-82656A7CC87C9212,IMG-2C3B093BBB73C3BF,assets/images/hotels/hotels-LY-HOTELS-00395-03.webp,LY-HOT-000395,hotels,الشاطي الذهبي,hotel,existing_link,1.0,true,true,false,false,false,false,,thumbnail_only,DUP-00444,unknown,true,Hotels,"Existing local linkage; technical evidence only, not visual verification."
B2-CAN-00665,IMG-3E1A497CF23BF7B4,IMG-A130B0BF0027C53C,assets/images/hotels/hotels-LY-HOTELS-00395-04.webp,LY-HOT-000395,hotels,الشاطي الذهبي,hotel,existing_link,1.0,true,true,false,false,false,false,,thumbnail_only,DUP-00274,unknown,true,Hotels,"Existing local linkage; technical evidence only, not visual verification."
B2-CAN-00666,IMG-4A9145DFE8B3BDD1,IMG-30D22D96D4FCFF21,assets/images/hotels/hotels-LY-HOTELS-00396-01.webp,LY-HOT-000396,hotels,العنوان للشقق الفندقيه,apartment_hotel,existing_link,1.0,true,true,false,false,false,false,,thumbnail_only,DUP-01236,unknown,true,Hotels,"Existing local linkage; technical evidence only, not visual verification."
B2-CAN-00667,IMG-B268F1F8A7A6B02C,IMG-32CBF07FD637CA20,assets/images/hotels/hotels-LY-HOTELS-00396-02.webp,LY-HOT-000396,hotels,العنوان للشقق الفندقيه,apartment_hotel,existing_link,1.0,true,true,false,false,false,false,,thumbnail_only,DUP-01388,unknown,true,Hotels,"Existing local linkage; technical evidence only, not visual verification."
B2-CAN-00668,IMG-37C1E8FBF8629148,IMG-BB4CD5C5A076E026,assets/images/hotels/hotels-LY-HOTELS-00396-03.webp,LY-HOT-000396,hotels,العنوان للشقق الفندقيه,apartment_hotel,existing_link,1.0,true,true,false,false,false,false,,thumbnail_only,DUP-01004,unknown,true,Hotels,"Existing local linkage; technical evidence only, not visual verification."
B2-CAN-00669,IMG-FAD58FE39EF910F7,IMG-0B85ACDCC40606A4,assets/images/hotels/hotels-LY-HOTELS-00396-04.webp,LY-HOT-000396,hotels,العنوان للشقق الفندقيه,apartment_hotel,existing_link,1.0,true,true,false,false,false,false,,thumbnail_only,DUP-00845,unknown,true,Hotels,"Existing local linkage; technical evidence only, not visual verification."
B2-CAN-00670,IMG-8463F4C0B4C523C4,,assets/images/hotels/hotels-LY-HOTELS-00398-01.webp,LY-HOT-000398,hotels,القبس لشقق الفندقيه,apartment_hotel,existing_link,1.0,true,true,false,false,false,false,,thumbnail_only,,unknown,true,Hotels,"Existing local linkage; technical evidence only, not visual verification."
B2-CAN-00671,IMG-E84088230121760F,IMG-0430CB1381316FB0,assets/images/hotels/hotels-LY-HOTELS-00398-02.webp,LY-HOT-000398,hotels,القبس لشقق الفندقيه,apartment_hotel,existing_link,1.0,true,true,false,false,false,false,,thumbnail_only,DUP-01018,unknown,true,Hotels,"Existing local linkage; technical evidence only, not visual verification."
B2-CAN-00672,IMG-07E1EDADEA92A466,IMG-930FFF341E7A94F1,assets/images/hotels/hotels-LY-HOTELS-00398-03.webp,LY-HOT-000398,hotels,القبس لشقق الفندقيه,apartment_hotel,existing_link,1.0,true,true,false,false,false,false,,thumbnail_only,DUP-00137,unknown,true,Hotels,"Existing local linkage; technical evidence only, not visual verification."
B2-CAN-00673,IMG-A3238C4AC13F9C7F,IMG-B108DCDC5B17A513,assets/images/hotels/hotels-LY-HOTELS-00399-01.webp,LY-HOT-000399,hotels,الماسة للأجنحة الفندقية,apartment_hotel,existing_link,1.0,true,true,false,false,false,false,,thumbnail_only,DUP-00904,unknown,true,Hotels,"Existing local linkage; technical evidence only, not visual verification."
B2-CAN-00674,IMG-9067216E5A3805E8,IMG-28E682522CDA25C9,assets/images/hotels/hotels-LY-HOTELS-00399-02.webp,LY-HOT-000399,hotels,الماسة للأجنحة الفندقية,apartment_hotel,existing_link,1.0,true,true,false,false,false,false,,thumbnail_only,DUP-00749,unknown,true,Hotels,"Existing local linkage; technical evidence only, not visual verification."
B2-CAN-00675,IMG-9E50BE664058B380,IMG-26C93DF81A487055,assets/images/hotels/hotels-LY-HOTELS-00399-03.webp,LY-HOT-000399,hotels,الماسة للأجنحة الفندقية,apartment_hotel,existing_link,1.0,true,true,false,false,false,false,,thumbnail_only,DUP-01153,unknown,true,Hotels,"Existing local linkage; technical evidence only, not visual verification."
B2-CAN-00676,IMG-C3173B5D0FED640E,IMG-DDDFEAF1619C65CE,assets/images/hotels/hotels-LY-HOTELS-00399-04.webp,LY-HOT-000399,hotels,الماسة للأجنحة الفندقية,apartment_hotel,existing_link,1.0,true,true,false,false,false,false,,thumbnail_only,DUP-00102,unknown,true,Hotels,"Existing local linkage; technical evidence only, not visual verification."
B2-CAN-00677,IMG-9067216E5A3805E8,IMG-28E682522CDA25C9,assets/images/hotels/hotels-LY-HOTELS-00399-02.webp,LY-HOT-000400,hotels,المجرة للشقق الفندقية,apartment_hotel,existing_link,1.0,true,true,false,false,false,false,,thumbnail_only,DUP-00749,unknown,true,Hotels,"Existing local linkage; technical evidence only, not visual verification."
B2-CAN-00678,IMG-C3173B5D0FED640E,IMG-DDDFEAF1619C65CE,assets/images/hotels/hotels-LY-HOTELS-00399-04.webp,LY-HOT-000400,hotels,المجرة للشقق الفندقية,apartment_hotel,existing_link,1.0,true,true,false,false,false,false,,thumbnail_only,DUP-00102,unknown,true,Hotels,"Existing local linkage; technical evidence only, not visual verification."
B2-CAN-00679,IMG-A3238C4AC13F9C7F,IMG-B108DCDC5B17A513,assets/images/hotels/hotels-LY-HOTELS-00399-01.webp,LY-HOT-000400,hotels,المجرة للشقق الفندقية,apartment_hotel,existing_link,1.0,true,true,false,false,false,false,,thumbnail_only,DUP-00904,unknown,true,Hotels,"Existing local linkage; technical evidence only, not visual verification."
B2-CAN-00680,IMG-071FE7CDBF486A2C,IMG-AB80F3A7AC9DB921,assets/images/hotels/hotels-LY-HOTELS-00401-01.webp,LY-HOT-000401,hotels,المكان للشقق الفندقية,apartment_hotel,existing_link,1.0,true,true,false,false,false,false,,thumbnail_only,DUP-00303,unknown,true,Hotels,"Existing local linkage; technical evidence only, not visual verification."
B2-CAN-00681,IMG-E63AF4E602C79964,,assets/images/hotels/hotels-LY-HOTELS-00401-02.webp,LY-HOT-000401,hotels,المكان للشقق الفندقية,apartment_hotel,existing_link,1.0,true,true,false,false,false,false,,thumbnail_only,,unknown,true,Hotels,"Existing local linkage; technical evidence only, not visual verification."
B2-CAN-00682,IMG-A7776832909E26AD,IMG-D69AA2DB637BA00F,assets/images/hotels/hotels-LY-HOTELS-00401-03.webp,LY-HOT-000401,hotels,المكان للشقق الفندقية,apartment_hotel,existing_link,1.0,true,true,false,false,false,false,,thumbnail_only,DUP-01230,unknown,true,Hotels,"Existing local linkage; technical evidence only, not visual verification."
B2-CAN-00683,IMG-AD6603F096DEBD80,IMG-1D9791D3C3D7D4C2,assets/images/hotels/hotels-LY-HOTELS-00401-04.webp,LY-HOT-000401,hotels,المكان للشقق الفندقية,apartment_hotel,existing_link,1.0,true,true,false,false,false,false,,thumbnail_only,DUP-01150,unknown,true,Hotels,"Existing local linkage; technical evidence only, not visual verification."
B2-CAN-00684,IMG-62556205882AEEA0,IMG-0C9EAEDEE2B58063,assets/images/hotels/hotels-LY-HOTELS-00402-01.webp,LY-HOT-000402,hotels,اوكا لشقق الفندقيه vib,apartment_hotel,existing_link,1.0,true,true,false,false,false,false,,thumbnail_only,DUP-01225,unknown,true,Hotels,"Existing local linkage; technical evidence only, not visual verification."
B2-CAN-00685,IMG-1F4FC4AA240313ED,IMG-72544CF5051936D7,assets/images/hotels/hotels-LY-HOTELS-00402-02.webp,LY-HOT-000402,hotels,اوكا لشقق الفندقيه vib,apartment_hotel,existing_link,1.0,true,true,false,false,false,false,,thumbnail_only,DUP-00143,unknown,true,Hotels,"Existing local linkage; technical evidence only, not visual verification."
B2-CAN-00686,IMG-ED1CF26FF84C508A,IMG-4B4C871A9A12BD4B,assets/images/hotels/hotels-LY-HOTELS-00402-03.webp,LY-HOT-000402,hotels,اوكا لشقق الفندقيه vib,apartment_hotel,existing_link,1.0,true,true,false,false,false,false,,thumbnail_only,DUP-00991,unknown,true,Hotels,"Existing local linkage; technical evidence only, not visual verification."
B2-CAN-00687,IMG-86079A5B518F8462,IMG-4F0E823434374DDB,assets/images/hotels/hotels-LY-HOTELS-00402-04.webp,LY-HOT-000402,hotels,اوكا لشقق الفندقيه vib,apartment_hotel,existing_link,1.0,true,true,false,false,false,false,,thumbnail_only,DUP-00921,unknown,true,Hotels,"Existing local linkage; technical evidence only, not visual verification."
B2-CAN-00688,IMG-593FB8722FF8E1CB,IMG-98B797BA2593CCF5,assets/images/hotels/hotels-LY-HOTELS-00402-05.webp,LY-HOT-000402,hotels,اوكا لشقق الفندقيه vib,apartment_hotel,existing_link,1.0,true,true,false,false,false,false,,thumbnail_only,DUP-01391,unknown,true,Hotels,"Existing local linkage; technical evidence only, not visual verification."
B2-CAN-00689,IMG-1CE1F1A994793506,IMG-04126E6080B045F0,assets/images/hotels/hotels-LY-HOTELS-00404-01.webp,LY-HOT-000404,hotels,إقامة قورينا الفاخرة,apartment_hotel,existing_link,1.0,true,true,false,false,false,false,,thumbnail_only,DUP-00436,unknown,true,Hotels,"Existing local linkage; technical evidence only, not visual verification."
B2-CAN-00690,IMG-E90C80B2D7058D3E,IMG-5CBA4CAA5CB01D24,assets/images/hotels/hotels-LY-HOTELS-00404-02.webp,LY-HOT-000404,hotels,إقامة قورينا الفاخرة,apartment_hotel,existing_link,1.0,true,true,false,false,false,false,,thumbnail_only,DUP-01427,unknown,true,Hotels,"Existing local linkage; technical evidence only, not visual verification."
B2-CAN-00691,IMG-3DA71F71BAF298A3,IMG-8F7F05C513B2E6D3,assets/images/hotels/hotels-LY-HOTELS-00404-03.webp,LY-HOT-000404,hotels,إقامة قورينا الفاخرة,apartment_hotel,existing_link,1.0,true,true,false,false,false,false,,thumbnail_only,DUP-00164,unknown,true,Hotels,"Existing local linkage; technical evidence only, not visual verification."
B2-CAN-00692,IMG-AB10380EBD4640A2,IMG-E1FDFF1CEF39355F,assets/images/hotels/hotels-LY-HOTELS-00404-04.webp,LY-HOT-000404,hotels,إقامة قورينا الفاخرة,apartment_hotel,existing_link,1.0,true,true,false,false,false,false,,thumbnail_only,DUP-00528,unknown,true,Hotels,"Existing local linkage; technical evidence only, not visual verification."
B2-CAN-00693,IMG-1AA744C71EA8A80D,IMG-04126E6080B045F0,assets/images/hotels/hotels-LY-HOTELS-00404-05.webp,LY-HOT-000404,hotels,إقامة قورينا الفاخرة,apartment_hotel,existing_link,1.0,true,true,false,false,false,false,,thumbnail_only,DUP-00436,unknown,true,Hotels,"Existing local linkage; technical evidence only, not visual verification."
B2-CAN-00694,IMG-04F9E0CDB205B35F,IMG-5D78329B687890B1,assets/images/hotels/hotels-LY-HOTELS-00405-01.webp,LY-HOT-000405,hotels,أجنحة الفوانيس للشقق الفندقية,apartment_hotel,existing_link,1.0,true,true,false,false,false,false,,thumbnail_only,DUP-01052,unknown,true,Hotels,"Existing local linkage; technical evidence only, not visual verification."
B2-CAN-00695,IMG-38DF75C87F7BB9A3,IMG-AD77B0A7854855F6,assets/images/hotels/hotels-LY-HOTELS-00405-02.webp,LY-HOT-000405,hotels,أجنحة الفوانيس للشقق الفندقية,apartment_hotel,existing_link,1.0,true,true,false,false,false,false,,thumbnail_only,DUP-00417,unknown,true,Hotels,"Existing local linkage; technical evidence only, not visual verification."
B2-CAN-00696,IMG-94404E2F13BF92D9,IMG-3CC154A342F275D8,assets/images/hotels/hotels-LY-HOTELS-00405-03.webp,LY-HOT-000405,hotels,أجنحة الفوانيس للشقق الفندقية,apartment_hotel,existing_link,1.0,true,true,false,false,false,false,,thumbnail_only,DUP-00832,unknown,true,Hotels,"Existing local linkage; technical evidence only, not visual verification."
B2-CAN-00697,IMG-545283715B19BDF7,IMG-7E0A6A7FFDCDE2AF,assets/images/hotels/hotels-LY-HOTELS-00405-05.webp,LY-HOT-000405,hotels,أجنحة الفوانيس للشقق الفندقية,apartment_hotel,existing_link,1.0,true,true,false,false,false,false,,thumbnail_only,DUP-00773,unknown,true,Hotels,"Existing local linkage; technical evidence only, not visual verification."
B2-CAN-00698,IMG-62C4E7036D00D879,IMG-FC46269845F8CE10,assets/images/hotels/hotels-LY-HOTELS-00406-01.webp,LY-HOT-000406,hotels,بيت النوران للشقق الفندقية,apartment_hotel,existing_link,1.0,true,true,false,false,false,false,,thumbnail_only,DUP-00086,unknown,true,Hotels,"Existing local linkage; technical evidence only, not visual verification."
B2-CAN-00699,IMG-4F1333857D48E3FD,IMG-7AA5D58A80326E84,assets/images/hotels/hotels-LY-HOTELS-00406-02.webp,LY-HOT-000406,hotels,بيت النوران للشقق الفندقية,apartment_hotel,existing_link,1.0,true,true,false,false,false,false,,thumbnail_only,DUP-01132,unknown,true,Hotels,"Existing local linkage; technical evidence only, not visual verification."
B2-CAN-00700,IMG-E8F92391C0AF8E19,IMG-513AC0E9E0E6CE34,assets/images/hotels/hotels-LY-HOTELS-00406-03.webp,LY-HOT-000406,hotels,بيت النوران للشقق الفندقية,apartment_hotel,existing_link,1.0,true,true,false,false,false,false,,thumbnail_only,DUP-01112,unknown,true,Hotels,"Existing local linkage; technical evidence only, not visual verification."
B2-CAN-00701,IMG-754277E560BEFC6F,IMG-FAD3E773B74E1EBB,assets/images/hotels/hotels-LY-HOTELS-00406-04.webp,LY-HOT-000406,hotels,بيت النوران للشقق الفندقية,apartment_hotel,existing_link,1.0,true,true,false,false,false,false,,thumbnail_only,DUP-00977,unknown,true,Hotels,"Existing local linkage; technical evidence only, not visual verification."
B2-CAN-00702,IMG-D9EDED0098CA6015,IMG-A105AA72A1C35896,assets/images/hotels/hotels-LY-HOTELS-00407-01.webp,LY-HOT-000407,hotels,بيوت العاصمة للشقق الفندقية,apartment_hotel,existing_link,1.0,true,true,false,false,false,false,,thumbnail_only,DUP-00724,unknown,true,Hotels,"Existing local linkage; technical evidence only, not visual verification."
B2-CAN-00703,IMG-5B631A6A1620DF7C,IMG-6C5FD99A93DDF611,assets/images/hotels/hotels-LY-HOTELS-00407-02.webp,LY-HOT-000407,hotels,بيوت العاصمة للشقق الفندقية,apartment_hotel,existing_link,1.0,true,true,false,false,false,false,,thumbnail_only,DUP-00732,unknown,true,Hotels,"Existing local linkage; technical evidence only, not visual verification."
B2-CAN-00704,IMG-409CAF262EB4E414,IMG-C467D6957D2C6180,assets/images/hotels/hotels-LY-HOTELS-00407-03.webp,LY-HOT-000407,hotels,بيوت العاصمة للشقق الفندقية,apartment_hotel,existing_link,1.0,true,true,false,false,false,false,,thumbnail_only,DUP-01014,unknown,true,Hotels,"Existing local linkage; technical evidence only, not visual verification."
B2-CAN-00705,IMG-C4046773520F0CDE,IMG-4375F82CA22F30AB,assets/images/hotels/hotels-LY-HOTELS-00407-04.webp,LY-HOT-000407,hotels,بيوت العاصمة للشقق الفندقية,apartment_hotel,existing_link,1.0,true,true,false,false,false,false,,thumbnail_only,DUP-00972,unknown,true,Hotels,"Existing local linkage; technical evidence only, not visual verification."
B2-CAN-00706,IMG-1841627598673B86,IMG-4EC27B635DB76293,assets/images/hotels/hotels-LY-HOTELS-00408-01.webp,LY-HOT-000408,hotels,جواهر العاصمة للشقق الفندقية,hostel,existing_link,1.0,true,true,false,false,false,false,,thumbnail_only,DUP-00437,unknown,true,Hotels,"Existing local linkage; technical evidence only, not visual verification."
B2-CAN-00707,IMG-4DA0C33B0B055D7F,IMG-E0149A4F0806176E,assets/images/hotels/hotels-LY-HOTELS-00408-02.webp,LY-HOT-000408,hotels,جواهر العاصمة للشقق الفندقية,hostel,existing_link,1.0,true,true,false,false,false,false,,thumbnail_only,DUP-01316,unknown,true,Hotels,"Existing local linkage; technical evidence only, not visual verification."
B2-CAN-00708,IMG-8C1B0B14F88E3ED7,IMG-717119BDEF3503A1,assets/images/hotels/hotels-LY-HOTELS-00408-03.webp,LY-HOT-000408,hotels,جواهر العاصمة للشقق الفندقية,hostel,existing_link,1.0,true,true,false,false,false,false,,thumbnail_only,DUP-00155,unknown,true,Hotels,"Existing local linkage; technical evidence only, not visual verification."
B2-CAN-00709,IMG-FBC6778F5C3BB977,IMG-CD469CC2B72490A6,assets/images/hotels/hotels-LY-HOTELS-00408-04.webp,LY-HOT-000408,hotels,جواهر العاصمة للشقق الفندقية,hostel,existing_link,1.0,true,true,false,false,false,false,,thumbnail_only,DUP-01363,unknown,true,Hotels,"Existing local linkage; technical evidence only, not visual verification."
B2-CAN-00710,IMG-1958152E5BB5393D,IMG-FDB2E8A72D620EDF,assets/images/hotels/hotels-LY-HOTELS-00408-05.webp,LY-HOT-000408,hotels,جواهر العاصمة للشقق الفندقية,hostel,existing_link,1.0,true,true,false,false,false,false,,thumbnail_only,DUP-00385,unknown,true,Hotels,"Existing local linkage; technical evidence only, not visual verification."
B2-CAN-00711,IMG-DE13875E15FF98C7,IMG-491C686DB6D65DE4,assets/images/hotels/hotels-LY-HOTELS-00409-01.webp,LY-HOT-000409,hotels,جولايا للشقق الفندقية,apartment_hotel,existing_link,1.0,true,true,false,false,false,false,,thumbnail_only,DUP-01066,unknown,true,Hotels,"Existing local linkage; technical evidence only, not visual verification."
B2-CAN-00712,IMG-0F24EC6A65928E5D,IMG-B94C269965784C2F,assets/images/hotels/hotels-LY-HOTELS-00409-02.webp,LY-HOT-000409,hotels,جولايا للشقق الفندقية,apartment_hotel,existing_link,1.0,true,true,false,false,false,false,,thumbnail_only,DUP-00402,unknown,true,Hotels,"Existing local linkage; technical evidence only, not visual verification."
B2-CAN-00713,IMG-376AB75F7E626DF1,IMG-89A60A674E6B3F9F,assets/images/hotels/hotels-LY-HOTELS-00409-03.webp,LY-HOT-000409,hotels,جولايا للشقق الفندقية,apartment_hotel,existing_link,1.0,true,true,false,false,false,false,,thumbnail_only,DUP-00500,unknown,true,Hotels,"Existing local linkage; technical evidence only, not visual verification."
B2-CAN-00714,IMG-AEC06F4EDA522C4A,IMG-703FF1CF74CE8ACC,assets/images/hotels/hotels-LY-HOTELS-00409-04.webp,LY-HOT-000409,hotels,جولايا للشقق الفندقية,apartment_hotel,existing_link,1.0,true,true,false,false,false,false,,thumbnail_only,DUP-01380,unknown,true,Hotels,"Existing local linkage; technical evidence only, not visual verification."
B2-CAN-00715,IMG-75AAAAFDD9FC3A4C,IMG-C5A664B0CE3E6413,assets/images/hotels/hotels-LY-HOTELS-00409-05.webp,LY-HOT-000409,hotels,جولايا للشقق الفندقية,apartment_hotel,existing_link,1.0,true,true,false,false,false,false,,thumbnail_only,DUP-00901,unknown,true,Hotels,"Existing local linkage; technical evidence only, not visual verification."
B2-CAN-00716,IMG-B72D016B90536F00,IMG-F8219A12DC93F596,assets/images/hotels/hotels-LY-HOTELS-00410-01.webp,LY-HOT-000410,hotels,جوهرة السلام للشقق الفندقية,apartment_hotel,existing_link,1.0,true,true,false,false,false,false,,thumbnail_only,DUP-00791,unknown,true,Hotels,"Existing local linkage; technical evidence only, not visual verification."
B2-CAN-00717,IMG-7422015E262194A2,IMG-D3B634A26B3094F7,assets/images/hotels/hotels-LY-HOTELS-00410-02.webp,LY-HOT-000410,hotels,جوهرة السلام للشقق الفندقية,apartment_hotel,existing_link,1.0,true,true,false,false,false,false,,thumbnail_only,DUP-00196,unknown,true,Hotels,"Existing local linkage; technical evidence only, not visual verification."
B2-CAN-00718,IMG-0253F6E7FF54F8AD,IMG-84A4320A8885FD31,assets/images/hotels/hotels-LY-HOTELS-00410-03.webp,LY-HOT-000410,hotels,جوهرة السلام للشقق الفندقية,apartment_hotel,existing_link,1.0,true,true,false,false,false,false,,thumbnail_only,DUP-00596,unknown,true,Hotels,"Existing local linkage; technical evidence only, not visual verification."
B2-CAN-00719,IMG-45D515A1569B0F4F,IMG-E1F3E3BB5B5E6EDB,assets/images/hotels/hotels-LY-HOTELS-00410-04.webp,LY-HOT-000410,hotels,جوهرة السلام للشقق الفندقية,apartment_hotel,existing_link,1.0,true,true,false,false,false,false,,thumbnail_only,DUP-00812,unknown,true,Hotels,"Existing local linkage; technical evidence only, not visual verification."
B2-CAN-00720,IMG-DFE5E35EAA6D9A1A,IMG-F0F5BC01F32F5E7E,assets/images/hotels/hotels-LY-HOTELS-00410-05.webp,LY-HOT-000410,hotels,جوهرة السلام للشقق الفندقية,apartment_hotel,existing_link,1.0,true,true,false,false,false,false,,thumbnail_only,DUP-00512,unknown,true,Hotels,"Existing local linkage; technical evidence only, not visual verification."
B2-CAN-00721,IMG-176798488A35C25B,IMG-BC60B14A0F88EEA4,assets/images/hotels/hotels-LY-HOTELS-00411-01.webp,LY-HOT-000411,hotels,حدائق المشتل للشقق الفندقية,apartment_hotel,existing_link,1.0,true,true,false,false,false,false,,thumbnail_only,DUP-01344,unknown,true,Hotels,"Existing local linkage; technical evidence only, not visual verification."
B2-CAN-00722,IMG-2355D6DC6511BAEB,IMG-3BEBE85DB68C3579,assets/images/hotels/hotels-LY-HOTELS-00411-02.webp,LY-HOT-000411,hotels,حدائق المشتل للشقق الفندقية,apartment_hotel,existing_link,1.0,true,true,false,false,false,false,,thumbnail_only,DUP-01378,unknown,true,Hotels,"Existing local linkage; technical evidence only, not visual verification."
B2-CAN-00723,IMG-3B4A6DF45680481B,,assets/images/hotels/hotels-LY-HOTELS-00411-03.webp,LY-HOT-000411,hotels,حدائق المشتل للشقق الفندقية,apartment_hotel,existing_link,1.0,true,true,false,false,false,false,,thumbnail_only,,unknown,true,Hotels,"Existing local linkage; technical evidence only, not visual verification."
B2-CAN-00724,IMG-724D182068E187CA,IMG-D973B790118F0830,assets/images/hotels/hotels-LY-HOTELS-00411-05.webp,LY-HOT-000411,hotels,حدائق المشتل للشقق الفندقية,apartment_hotel,existing_link,1.0,true,true,false,false,false,false,,thumbnail_only,DUP-01279,unknown,true,Hotels,"Existing local linkage; technical evidence only, not visual verification."
B2-CAN-00725,IMG-E857C39F2FCF4C4D,IMG-B21E310AD40C5D5A,assets/images/hotels/hotels-LY-HOTELS-00411-06.webp,LY-HOT-000411,hotels,حدائق المشتل للشقق الفندقية,apartment_hotel,existing_link,1.0,true,true,false,false,false,false,,thumbnail_only,DUP-00320,unknown,true,Hotels,"Existing local linkage; technical evidence only, not visual verification."
B2-CAN-00726,IMG-8C23E869CDE883F2,,assets/images/hotels/hotels-LY-HOTELS-00412-01.webp,LY-HOT-000412,hotels,دار الضيافة 2 للشقق الفندقية,apartment_hotel,existing_link,1.0,true,true,false,false,false,false,,thumbnail_only,,unknown,true,Hotels,"Existing local linkage; technical evidence only, not visual verification."
B2-CAN-00727,IMG-309774B80E56DBD5,IMG-E7095D97F799D61A,assets/images/hotels/hotels-LY-HOTELS-00412-02.webp,LY-HOT-000412,hotels,دار الضيافة 2 للشقق الفندقية,apartment_hotel,existing_link,1.0,true,true,false,false,false,false,,thumbnail_only,DUP-01413,unknown,true,Hotels,"Existing local linkage; technical evidence only, not visual verification."
B2-CAN-00728,IMG-48CE7559F3405758,IMG-CF6282271BEACDF3,assets/images/hotels/hotels-LY-HOTELS-00412-03.webp,LY-HOT-000412,hotels,دار الضيافة 2 للشقق الفندقية,apartment_hotel,existing_link,1.0,true,true,false,false,false,false,,thumbnail_only,DUP-00881,unknown,true,Hotels,"Existing local linkage; technical evidence only, not visual verification."
B2-CAN-00729,IMG-9F88F15C062658CC,IMG-54176C0902DF300E,assets/images/hotels/hotels-LY-HOTELS-00412-04.webp,LY-HOT-000412,hotels,دار الضيافة 2 للشقق الفندقية,apartment_hotel,existing_link,1.0,true,true,false,false,false,false,,thumbnail_only,DUP-00568,unknown,true,Hotels,"Existing local linkage; technical evidence only, not visual verification."
B2-CAN-00730,IMG-0C3CBAEF6FBD76A0,IMG-B67F9350F986AFE6,assets/images/hotels/hotels-LY-HOTELS-00412-05.webp,LY-HOT-000412,hotels,دار الضيافة 2 للشقق الفندقية,apartment_hotel,existing_link,1.0,true,true,false,false,false,false,,thumbnail_only,DUP-01162,unknown,true,Hotels,"Existing local linkage; technical evidence only, not visual verification."
B2-CAN-00731,IMG-FD41C8ED19ACA6CA,IMG-8DFBD08799490E77,assets/images/hotels/hotels-LY-HOTELS-00413-01.webp,LY-HOT-000413,hotels,شركة العميد لايجار الشقق الفندقية,apartment_hotel,existing_link,1.0,true,true,false,false,false,false,,thumbnail_only,DUP-01343,unknown,true,Hotels,"Existing local linkage; technical evidence only, not visual verification."
B2-CAN-00732,IMG-A241335E6A76E3F4,IMG-7D0D2FB15AA2B714,assets/images/hotels/hotels-LY-HOTELS-00413-02.webp,LY-HOT-000413,hotels,شركة العميد لايجار الشقق الفندقية,apartment_hotel,existing_link,1.0,true,true,false,false,false,false,,thumbnail_only,DUP-01168,unknown,true,Hotels,"Existing local linkage; technical evidence only, not visual verification."
B2-CAN-00733,IMG-A83766E0EF60E1D4,IMG-8013CBCB69B07C1D,assets/images/hotels/hotels-LY-HOTELS-00413-03.webp,LY-HOT-000413,hotels,شركة العميد لايجار الشقق الفندقية,apartment_hotel,existing_link,1.0,true,true,false,false,false,false,,thumbnail_only,DUP-00496,unknown,true,Hotels,"Existing local linkage; technical evidence only, not visual verification."
B2-CAN-00734,IMG-A05B06FA49503817,IMG-B5D10A8588ADAC02,assets/images/hotels/hotels-LY-HOTELS-00413-04.webp,LY-HOT-000413,hotels,شركة العميد لايجار الشقق الفندقية,apartment_hotel,existing_link,1.0,true,true,false,false,false,false,,thumbnail_only,DUP-01386,unknown,true,Hotels,"Existing local linkage; technical evidence only, not visual verification."
B2-CAN-00735,IMG-3859DF30E43751C6,IMG-1A5188ACCF8A12DE,assets/images/hotels/hotels-LY-HOTELS-00414-01.webp,LY-HOT-000414,hotels,شقق البرنس,apartment_hotel,existing_link,1.0,true,true,false,false,false,false,,thumbnail_only,DUP-01293,unknown,true,Hotels,"Existing local linkage; technical evidence only, not visual verification."
B2-CAN-00736,IMG-C6CD8118DE92506B,IMG-4C0A38B00DADA74A,assets/images/hotels/hotels-LY-HOTELS-00414-02.webp,LY-HOT-000414,hotels,شقق البرنس,apartment_hotel,existing_link,1.0,true,true,false,false,false,false,,thumbnail_only,DUP-01058,unknown,true,Hotels,"Existing local linkage; technical evidence only, not visual verification."
B2-CAN-00737,IMG-4BA7F62E727F970F,IMG-DDA3C8B795F92165,assets/images/hotels/hotels-LY-HOTELS-00414-03.webp,LY-HOT-000414,hotels,شقق البرنس,apartment_hotel,existing_link,1.0,true,true,false,false,false,false,,thumbnail_only,DUP-00099,unknown,true,Hotels,"Existing local linkage; technical evidence only, not visual verification."
B2-CAN-00738,IMG-7053C4C6903C739C,IMG-7380249A8BF93BA4,assets/images/hotels/hotels-LY-HOTELS-00415-01.webp,LY-HOT-000415,hotels,شقق الرواد المفروشة,apartment_hotel,existing_link,1.0,true,true,false,false,false,false,,thumbnail_only,DUP-00316,unknown,true,Hotels,"Existing local linkage; technical evidence only, not visual verification."
B2-CAN-00739,IMG-257636A8AFD955AA,IMG-A3C42CF2644F6975,assets/images/hotels/hotels-LY-HOTELS-00415-02.webp,LY-HOT-000415,hotels,شقق الرواد المفروشة,apartment_hotel,existing_link,1.0,true,true,false,false,false,false,,thumbnail_only,DUP-01305,unknown,true,Hotels,"Existing local linkage; technical evidence only, not visual verification."
B2-CAN-00740,IMG-5E408D879BDAF4B6,IMG-019EB0930258719A,assets/images/hotels/hotels-LY-HOTELS-00415-03.webp,LY-HOT-000415,hotels,شقق الرواد المفروشة,apartment_hotel,existing_link,1.0,true,true,false,false,false,false,,thumbnail_only,DUP-01430,unknown,true,Hotels,"Existing local linkage; technical evidence only, not visual verification."
B2-CAN-00741,IMG-7A112E81106A3622,IMG-51291E43F2B090B3,assets/images/hotels/hotels-LY-HOTELS-00416-01.webp,LY-HOT-000416,hotels,شقق فيلا ليبيا الفندقية,apartment_hotel,existing_link,1.0,true,true,false,false,false,false,,thumbnail_only,DUP-01389,unknown,true,Hotels,"Existing local linkage; technical evidence only, not visual verification."
B2-CAN-00742,IMG-9212DA62CF7B523A,IMG-093F6A0BFA28DFF6,assets/images/hotels/hotels-LY-HOTELS-00416-02.webp,LY-HOT-000416,hotels,شقق فيلا ليبيا الفندقية,apartment_hotel,existing_link,1.0,true,true,false,false,false,false,,thumbnail_only,DUP-00764,unknown,true,Hotels,"Existing local linkage; technical evidence only, not visual verification."
B2-CAN-00743,IMG-EF848E524A6C58C3,IMG-B9B70496410F85BC,assets/images/hotels/hotels-LY-HOTELS-00416-03.webp,LY-HOT-000416,hotels,شقق فيلا ليبيا الفندقية,apartment_hotel,existing_link,1.0,true,true,false,false,false,false,,thumbnail_only,DUP-00789,unknown,true,Hotels,"Existing local linkage; technical evidence only, not visual verification."
B2-CAN-00744,IMG-1F3FE3CD4BD890B2,IMG-C51638DF70F4AD36,assets/images/hotels/hotels-LY-HOTELS-00416-04.webp,LY-HOT-000416,hotels,شقق فيلا ليبيا الفندقية,apartment_hotel,existing_link,1.0,true,true,false,false,false,false,,thumbnail_only,DUP-00159,unknown,true,Hotels,"Existing local linkage; technical evidence only, not visual verification."
B2-CAN-00745,IMG-71F0147F76EA876C,IMG-89E98DEB4DDDEFFE,assets/images/hotels/hotels-LY-HOTELS-00417-01.webp,LY-HOT-000417,hotels,فندق اكاكوس,hostel,existing_link,1.0,true,true,false,false,false,false,,thumbnail_only,DUP-00816,unknown,true,Hotels,"Existing local linkage; technical evidence only, not visual verification."
B2-CAN-00746,IMG-44CE50BFD6859406,,assets/images/hotels/hotels-LY-HOTELS-00417-02.webp,LY-HOT-000417,hotels,فندق اكاكوس,hostel,existing_link,1.0,true,true,false,false,false,false,,thumbnail_only,,unknown,true,Hotels,"Existing local linkage; technical evidence only, not visual verification."
B2-CAN-00747,IMG-ACB8783F4B7EB32C,IMG-5D2E67593827AADB,assets/images/hotels/hotels-LY-HOTELS-00417-03.webp,LY-HOT-000417,hotels,فندق اكاكوس,hostel,existing_link,1.0,true,true,false,false,false,false,,thumbnail_only,DUP-00883,unknown,true,Hotels,"Existing local linkage; technical evidence only, not visual verification."
B2-CAN-00748,IMG-0369D2CCBFEBB36D,IMG-FB3E8CA4F7E595E4,assets/images/hotels/hotels-LY-HOTELS-00418-01.webp,LY-HOT-000418,hotels,فندق الاخوة,hostel,existing_link,1.0,true,true,false,false,false,false,,thumbnail_only,DUP-01347,unknown,true,Hotels,"Existing local linkage; technical evidence only, not visual verification."
B2-CAN-00749,IMG-C68DC166885589BA,IMG-E3700232CD1378FB,assets/images/hotels/hotels-LY-HOTELS-00418-02.webp,LY-HOT-000418,hotels,فندق الاخوة,hostel,existing_link,1.0,true,true,false,false,false,false,,thumbnail_only,DUP-01403,unknown,true,Hotels,"Existing local linkage; technical evidence only, not visual verification."
B2-CAN-00750,IMG-D303BEBFB6486EA8,IMG-6EB623C2475E5BC2,assets/images/hotels/hotels-LY-HOTELS-00418-03.webp,LY-HOT-000418,hotels,فندق الاخوة,hostel,existing_link,1.0,true,true,false,false,false,false,,thumbnail_only,DUP-01247,unknown,true,Hotels,"Existing local linkage; technical evidence only, not visual verification."
B2-CAN-00751,IMG-DC8036C639747547,IMG-105BDC6F23C3BD0D,assets/images/hotels/hotels-LY-HOTELS-00419-01.webp,LY-HOT-000419,hotels,فندق الاصالة,hostel,existing_link,1.0,true,true,false,false,false,false,,thumbnail_only,DUP-00167,unknown,true,Hotels,"Existing local linkage; technical evidence only, not visual verification."
B2-CAN-00752,IMG-93FBA16F15FDFB5A,IMG-B3526C9BF5A732BB,assets/images/hotels/hotels-LY-HOTELS-00419-02.webp,LY-HOT-000419,hotels,فندق الاصالة,hostel,existing_link,1.0,true,true,false,false,false,false,,thumbnail_only,DUP-01105,unknown,true,Hotels,"Existing local linkage; technical evidence only, not visual verification."
B2-CAN-00753,IMG-24FF2778097599A7,IMG-54FE9CABF12ADF0F,assets/images/hotels/hotels-LY-HOTELS-00419-03.webp,LY-HOT-000419,hotels,فندق الاصالة,hostel,existing_link,1.0,true,true,false,false,false,false,,thumbnail_only,DUP-00621,unknown,true,Hotels,"Existing local linkage; technical evidence only, not visual verification."
B2-CAN-00754,IMG-D5C7DDCCE12EA1FE,IMG-86FE165F8F5ADA77,assets/images/hotels/hotels-LY-HOTELS-00421-01.webp,LY-HOT-000421,hotels,فندق البتراء,hostel,existing_link,1.0,true,true,false,false,false,false,,thumbnail_only,DUP-00002,unknown,true,Hotels,"Existing local linkage; technical evidence only, not visual verification."
B2-CAN-00755,IMG-E7501840D930E02B,,assets/images/hotels/hotels-LY-HOTELS-00421-02.webp,LY-HOT-000421,hotels,فندق البتراء,hostel,existing_link,1.0,true,true,false,false,false,false,,thumbnail_only,,unknown,true,Hotels,"Existing local linkage; technical evidence only, not visual verification."
B2-CAN-00756,IMG-16D48238AA9ECE8A,IMG-1EEBC719836058FC,assets/images/hotels/hotels-LY-HOTELS-00421-03.webp,LY-HOT-000421,hotels,فندق البتراء,hostel,existing_link,1.0,true,true,false,false,false,false,,thumbnail_only,DUP-00480,unknown,true,Hotels,"Existing local linkage; technical evidence only, not visual verification."
B2-CAN-00757,IMG-A9F67CAD5B42B38E,IMG-D21F41807D98CDAA,assets/images/hotels/hotels-LY-HOTELS-00421-04.webp,LY-HOT-000421,hotels,فندق البتراء,hostel,existing_link,1.0,true,true,false,false,false,false,,thumbnail_only,DUP-00505,unknown,true,Hotels,"Existing local linkage; technical evidence only, not visual verification."
B2-CAN-00758,IMG-CEB56CEBA46AE29E,IMG-DA49C17306783B4F,assets/images/hotels/hotels-LY-HOTELS-00423-01.webp,LY-HOT-000423,hotels,فندق البيت الراقي للشقق الفندقية,apartment_hotel,existing_link,1.0,true,true,false,false,false,false,,thumbnail_only,DUP-00588,unknown,true,Hotels,"Existing local linkage; technical evidence only, not visual verification."
B2-CAN-00759,IMG-46821D9B585FFE64,IMG-54088895E3542EC3,assets/images/hotels/hotels-LY-HOTELS-00424-01.webp,LY-HOT-000424,hotels,فندق التاج,hotel,existing_link,1.0,true,true,false,false,false,false,,thumbnail_only,DUP-00892,unknown,true,Hotels,"Existing local linkage; technical evidence only, not visual verification."
B2-CAN-00760,IMG-E137A1CCE92F44E9,IMG-234477B673AB19BB,assets/images/hotels/hotels-LY-HOTELS-00295-02.webp,LY-HOT-000424,hotels,فندق التاج,hotel,existing_link,1.0,true,true,false,false,false,false,,high,DUP-00666,unknown,true,Hotels,"Existing local linkage; technical evidence only, not visual verification."
B2-CAN-00761,IMG-729EB4B25B240200,IMG-B3625AAF3EC3C85D,assets/images/hotels/hotels-LY-HOTELS-00295-03.webp,LY-HOT-000424,hotels,فندق التاج,hotel,existing_link,1.0,true,true,false,false,false,false,,high,DUP-00145,unknown,true,Hotels,"Existing local linkage; technical evidence only, not visual verification."
B2-CAN-00762,IMG-AB22C6D40D93616F,IMG-A4E1C106CA5102C7,assets/images/hotels/hotels-LY-HOTELS-00295-01.webp,LY-HOT-000424,hotels,فندق التاج,hotel,existing_link,1.0,true,true,false,false,false,false,,acceptable,DUP-00233,unknown,true,Hotels,"Existing local linkage; technical evidence only, not visual verification."
B2-CAN-00763,IMG-622D25A255534D5F,IMG-8A7CD6243BB292CF,assets/images/hotels/hotels-LY-HOTELS-00425-01.webp,LY-HOT-000425,hotels,فندق التوفيق بلازا,hostel,existing_link,1.0,true,true,false,false,false,false,,high,DUP-00258,unknown,true,Hotels,"Existing local linkage; technical evidence only, not visual verification."
B2-CAN-00764,IMG-7B6142B18ECAB834,IMG-E860E25DFE5C3EFC,assets/images/hotels/hotels-LY-HOTELS-00425-02.webp,LY-HOT-000425,hotels,فندق التوفيق بلازا,hostel,existing_link,1.0,true,true,false,false,false,false,,acceptable,DUP-00755,unknown,true,Hotels,"Existing local linkage; technical evidence only, not visual verification."
B2-CAN-00765,IMG-0047CF13C7471720,,assets/images/hotels/hotels-LY-HOTELS-00425-03.webp,LY-HOT-000425,hotels,فندق التوفيق بلازا,hostel,existing_link,1.0,true,true,false,false,false,false,,high,,unknown,true,Hotels,"Existing local linkage; technical evidence only, not visual verification."
B2-CAN-00766,IMG-3923B0EDCF8316A3,IMG-0DEFCAD30BBBC8D3,assets/images/hotels/hotels-LY-HOTELS-00425-04.webp,LY-HOT-000425,hotels,فندق التوفيق بلازا,hostel,existing_link,1.0,true,true,false,false,false,false,,low,DUP-00937,unknown,true,Hotels,"Existing local linkage; technical evidence only, not visual verification."
B2-CAN-00767,IMG-1B3C9820F53BEE88,IMG-483CA60D335C3AB5,assets/images/hotels/hotels-LY-HOTELS-00432-01.webp,LY-HOT-000432,hotels,فندق الدبلوماسي,hotel,existing_link,1.0,true,true,false,false,false,false,,low,DUP-00961,unknown,true,Hotels,"Existing local linkage; technical evidence only, not visual verification."
B2-CAN-00768,IMG-EB809979CAB23277,IMG-E105BBC1C11B2322,assets/images/hotels/hotels-LY-HOTELS-00432-02.webp,LY-HOT-000432,hotels,فندق الدبلوماسي,hotel,existing_link,1.0,true,true,false,false,false,false,,acceptable,DUP-00412,unknown,true,Hotels,"Existing local linkage; technical evidence only, not visual verification."
B2-CAN-00769,IMG-9D2B03FE06D8CF71,IMG-CBB5E7BC1A652E66,assets/images/hotels/hotels-LY-HOTELS-00434-01.webp,LY-HOT-000434,hotels,فندق الديار,hotel,existing_link,1.0,true,true,false,false,false,false,,acceptable,DUP-00195,unknown,true,Hotels,"Existing local linkage; technical evidence only, not visual verification."
B2-CAN-00770,IMG-142EAE0C7CA4F02A,IMG-062CD12B4B164D04,assets/images/hotels/hotels-LY-HOTELS-00434-02.webp,LY-HOT-000434,hotels,فندق الديار,hotel,existing_link,1.0,true,true,false,false,false,false,,acceptable,DUP-01012,unknown,true,Hotels,"Existing local linkage; technical evidence only, not visual verification."
B2-CAN-00771,IMG-39F9237387F550B3,IMG-295046F149C6AD9E,assets/images/hotels/hotels-LY-HOTELS-00434-03.webp,LY-HOT-000434,hotels,فندق الديار,hotel,existing_link,1.0,true,true,false,false,false,false,,acceptable,DUP-00820,unknown,true,Hotels,"Existing local linkage; technical evidence only, not visual verification."
B2-CAN-00772,IMG-4CAA6944989EC466,IMG-2614A446FDF324E4,assets/images/hotels/hotels-LY-HOTELS-00444-01.webp,LY-HOT-000444,hotels,فندق الريان,hotel,existing_link,1.0,true,true,false,false,false,false,,high,DUP-00372,unknown,true,Hotels,"Existing local linkage; technical evidence only, not visual verification."
B2-CAN-00773,IMG-1DD12E5240EBE639,IMG-4D9812AB1E2DC8A7,assets/images/hotels/hotels-LY-HOTELS-00444-02.webp,LY-HOT-000444,hotels,فندق الريان,hotel,existing_link,1.0,true,true,false,false,false,false,,acceptable,DUP-01172,unknown,true,Hotels,"Existing local linkage; technical evidence only, not visual verification."
B2-CAN-00774,IMG-2512C762266DC123,IMG-242F8237BD3DAAB6,assets/images/hotels/hotels-LY-HOTELS-00444-03.webp,LY-HOT-000444,hotels,فندق الريان,hotel,existing_link,1.0,true,true,false,false,false,false,,acceptable,DUP-01418,unknown,true,Hotels,"Existing local linkage; technical evidence only, not visual verification."
B2-CAN-00775,IMG-C2390CB8BDA7A88F,IMG-D23C714ED0FF8E33,assets/images/hotels/hotels-LY-HOTELS-00445-01.webp,LY-HOT-000445,hotels,فندق الزيتونة,hostel,existing_link,1.0,true,true,false,false,false,false,,acceptable,DUP-00246,unknown,true,Hotels,"Existing local linkage; technical evidence only, not visual verification."
B2-CAN-00776,IMG-62490C77FE9DF985,IMG-0FAC9BE93EA52E82,assets/images/hotels/hotels-LY-HOTELS-00445-02.webp,LY-HOT-000445,hotels,فندق الزيتونة,hostel,existing_link,1.0,true,true,false,false,false,false,,acceptable,DUP-00199,unknown,true,Hotels,"Existing local linkage; technical evidence only, not visual verification."
B2-CAN-00777,IMG-487BFC8DB6757538,IMG-7397F08876EE6F20,assets/images/hotels/hotels-LY-HOTELS-00445-03.webp,LY-HOT-000445,hotels,فندق الزيتونة,hostel,existing_link,1.0,true,true,false,false,false,false,,thumbnail_only,DUP-00280,unknown,true,Hotels,"Existing local linkage; technical evidence only, not visual verification."
B2-CAN-00778,IMG-8B4DB9D37ADF05CD,IMG-528F8C1EED445EF0,assets/images/hotels/hotels-LY-HOTELS-00445-04.webp,LY-HOT-000445,hotels,فندق الزيتونة,hostel,existing_link,1.0,true,true,false,false,false,false,,thumbnail_only,DUP-00653,unknown,true,Hotels,"Existing local linkage; technical evidence only, not visual verification."
B2-CAN-00779,IMG-5F0B87CC56980023,IMG-A9FE60CE8BAB8B94,assets/images/hotels/hotels-LY-HOTELS-00314-04.webp,LY-HOT-000446,hotels,فندق السرايا,hotel,existing_link,1.0,true,true,false,false,false,false,,high,DUP-00880,unknown,true,Hotels,"Existing local linkage; technical evidence only, not visual verification."
B2-CAN-00780,IMG-A621EC690B7CF91C,IMG-344CFBC9C6B372F8,assets/images/hotels/hotels-LY-HOTELS-00314-03.webp,LY-HOT-000446,hotels,فندق السرايا,hotel,existing_link,1.0,true,true,false,false,false,false,,acceptable,DUP-01131,unknown,true,Hotels,"Existing local linkage; technical evidence only, not visual verification."
B2-CAN-00781,IMG-9EA57547A5CADF9F,IMG-43B95771248041C0,assets/images/hotels/hotels-LY-HOTELS-00314-02.webp,LY-HOT-000446,hotels,فندق السرايا,hotel,existing_link,1.0,true,true,false,false,false,false,,acceptable,DUP-00831,unknown,true,Hotels,"Existing local linkage; technical evidence only, not visual verification."
B2-CAN-00782,IMG-B9573C8C7FB931A8,IMG-5269628C74ADF318,assets/images/hotels/hotels-LY-HOTELS-00314-01.webp,LY-HOT-000446,hotels,فندق السرايا,hotel,existing_link,1.0,true,true,false,false,false,false,,acceptable,DUP-00520,unknown,true,Hotels,"Existing local linkage; technical evidence only, not visual verification."
B2-CAN-00783,IMG-5907F4EB5DA0B991,IMG-D8ACC0812637695D,assets/images/hotels/hotels-LY-HOTELS-00484-01.webp,LY-HOT-000484,hotels,فندق المهاري رادسون بلو,resort,existing_link,1.0,true,true,false,false,false,false,,thumbnail_only,DUP-00484,unknown,true,Hotels,"Existing local linkage; technical evidence only, not visual verification."
B2-CAN-00784,IMG-1D26A8EA563CFA7D,IMG-1831ABDBEC63324B,assets/images/hotels/hotels-LY-HOTELS-00484-02.webp,LY-HOT-000484,hotels,فندق المهاري رادسون بلو,resort,existing_link,1.0,true,true,false,false,false,false,,acceptable,DUP-00694,unknown,true,Hotels,"Existing local linkage; technical evidence only, not visual verification."
B2-CAN-00785,IMG-D2C42BD4A4895D81,IMG-B69842C26D2B8DC4,assets/images/hotels/hotels-LY-HOTELS-00496-01.webp,LY-HOT-000496,hotels,فندق اوال,hotel,existing_link,1.0,true,true,false,false,false,false,,thumbnail_only,DUP-00451,unknown,true,Hotels,"Existing local linkage; technical evidence only, not visual verification."
B2-CAN-00786,IMG-BC6300B2485DF600,IMG-D83CDCADCC9295AE,assets/images/hotels/hotels-LY-HOTELS-00496-02.webp,LY-HOT-000496,hotels,فندق اوال,hotel,existing_link,1.0,true,true,false,false,false,false,,thumbnail_only,DUP-01190,unknown,true,Hotels,"Existing local linkage; technical evidence only, not visual verification."
B2-CAN-00787,IMG-FC1E579858D4BAAA,IMG-9BC37422A8E70395,assets/images/hotels/hotels-LY-HOTELS-00496-03.webp,LY-HOT-000496,hotels,فندق اوال,hotel,existing_link,1.0,true,true,false,false,false,false,,thumbnail_only,DUP-00392,unknown,true,Hotels,"Existing local linkage; technical evidence only, not visual verification."
B2-CAN-00788,IMG-C73E517BCA650C42,IMG-CD983E0AAA414E3B,assets/images/hotels/hotels-LY-HOTELS-00569-01.webp,LY-HOT-000569,hotels,لانكاستر برج الحياة (ماريوت سابقا),hotel,existing_link,1.0,true,true,false,false,false,false,,thumbnail_only,DUP-01271,unknown,true,Hotels,"Existing local linkage; technical evidence only, not visual verification."
B2-CAN-00789,IMG-671B5A534FEAFA09,IMG-49E389EF4850D588,assets/images/hotels/hotels-LY-HOTELS-00569-02.webp,LY-HOT-000569,hotels,لانكاستر برج الحياة (ماريوت سابقا),hotel,existing_link,1.0,true,true,false,false,false,false,,thumbnail_only,DUP-00140,unknown,true,Hotels,"Existing local linkage; technical evidence only, not visual verification."
B2-CAN-00790,IMG-9FF9927A68DADFD3,IMG-1648BDDE568D8C4B,assets/images/hotels/hotels-LY-HOTELS-00569-03.webp,LY-HOT-000569,hotels,لانكاستر برج الحياة (ماريوت سابقا),hotel,existing_link,1.0,true,true,false,false,false,false,,thumbnail_only,DUP-01288,unknown,true,Hotels,"Existing local linkage; technical evidence only, not visual verification."
B2-CAN-00791,IMG-17ABDA482BABD7F7,,assets/images/hotels/hotels-LY-HOTELS-00569-04.webp,LY-HOT-000569,hotels,لانكاستر برج الحياة (ماريوت سابقا),hotel,existing_link,1.0,true,true,false,false,false,false,,thumbnail_only,,unknown,true,Hotels,"Existing local linkage; technical evidence only, not visual verification."
