feature_id,layer_id,image_id,image_path,current_role,link_audit_status,public_primary_allowed,reason,recommended_action,notes
LY-HOT-000001,hotels,IMG-FA97329E9A9EC2B8,assets/images/hotels/hotels-LY-HOTELS-00001-05.webp,local_images,probably_correct,false,Existing local link; destination not independently re-verified,retain_pending_rights_review,No deletion in phase 1.
LY-HOT-000002,hotels,IMG-498ED4DC235794F3,assets/images/hotels/hotels-LY-HOTELS-00002-02.webp,local_images,probably_correct,false,Existing local link; destination not independently re-verified,retain_pending_rights_review,No deletion in phase 1.
LY-HOT-000002,hotels,IMG-14000C12BAEA2328,assets/images/hotels/hotels-LY-HOTELS-00002-03.webp,local_images,probably_correct,false,Existing local link; destination not independently re-verified,retain_pending_rights_review,No deletion in phase 1.
LY-HOT-000002,hotels,IMG-6475D28069ABC0C9,assets/images/hotels/hotels-LY-HOTELS-00002-04.webp,local_images,probably_correct,false,Existing local link; destination not independently re-verified,retain_pending_rights_review,No deletion in phase 1.
LY-HOT-000003,hotels,IMG-B802642D83C0705A,assets/images/hotels/hotels-LY-HOTELS-00003-01.webp,local_images,probably_correct,false,Existing local link; destination not independently re-verified,retain_pending_rights_review,No deletion in phase 1.
LY-HOT-000003,hotels,IMG-FC1ADD1B64A7B49D,assets/images/hotels/hotels-LY-HOTELS-00003-02.webp,local_images,probably_correct,false,Existing local link; destination not independently re-verified,retain_pending_rights_review,No deletion in phase 1.
LY-HOT-000003,hotels,IMG-3E72908363D437BE,assets/images/hotels/hotels-LY-HOTELS-00003-03.webp,local_images,probably_correct,false,Existing local link; destination not independently re-verified,retain_pending_rights_review,No deletion in phase 1.
LY-HOT-000003,hotels,IMG-6A80A1649E885F5F,assets/images/hotels/hotels-LY-HOTELS-00003-04.webp,local_images,probably_correct,false,Existing local link; destination not independently re-verified,retain_pending_rights_review,No deletion in phase 1.
LY-HOT-000004,hotels,IMG-D290D5E752B7F249,assets/images/hotels/hotels-LY-HOTELS-00004-01.webp,local_images,probably_correct,false,Existing local link; destination not independently re-verified,retain_pending_rights_review,No deletion in phase 1.
LY-HOT-000004,hotels,IMG-46F49E7C221A033F,assets/images/hotels/hotels-LY-HOTELS-00004-02.webp,local_images,probably_correct,false,Existing local link; destination not independently re-verified,retain_pending_rights_review,No deletion in phase 1.
LY-HOT-000005,hotels,IMG-02BE325FA2853805,assets/images/hotels/hotels-LY-HOTELS-00005-04.webp,local_images,probably_correct,false,Existing local link; destination not independently re-verified,retain_pending_rights_review,No deletion in phase 1.
LY-HOT-000005,hotels,IMG-40B37878823F011F,assets/images/hotels/hotels-LY-HOTELS-00005-05.webp,local_images,probably_correct,false,Existing local link; destination not independently re-verified,retain_pending_rights_review,No deletion in phase 1.
LY-HOT-000005,hotels,IMG-230B3A6E36310AD5,assets/images/hotels/hotels-LY-HOTELS-00005-06.webp,local_images,probably_correct,false,Existing local link; destination not independently re-verified,retain_pending_rights_review,No deletion in phase 1.
LY-HOT-000006,hotels,IMG-C1C05F1A9D79A78A,assets/images/hotels/hotels-LY-HOTELS-00006-04.webp,local_images,probably_correct,false,Existing local link; destination not independently re-verified,retain_pending_rights_review,No deletion in phase 1.
LY-HOT-000006,hotels,IMG-689BA7BAF801552C,assets/images/hotels/hotels-LY-HOTELS-00006-05.webp,local_images,probably_correct,false,Existing local link; destination not independently re-verified,retain_pending_rights_review,No deletion in phase 1.
LY-HOT-000006,hotels,IMG-11FA0A8CD5EB2920,assets/images/hotels/hotels-LY-HOTELS-00006-06.webp,local_images,probably_correct,false,Existing local link; destination not independently re-verified,retain_pending_rights_review,No deletion in phase 1.
LY-HOT-000007,hotels,IMG-7703B3398C7DF70E,assets/images/hotels/hotels-LY-HOTELS-00007-02.webp,local_images,probably_correct,false,Existing local link; destination not independently re-verified,retain_pending_rights_review,No deletion in phase 1.
LY-HOT-000007,hotels,IMG-732E1994D7D4EF4B,assets/images/hotels/hotels-LY-HOTELS-00007-03.webp,local_images,probably_correct,false,Existing local link; destination not independently re-verified,retain_pending_rights_review,No deletion in phase 1.
LY-HOT-000008,hotels,IMG-5EB2C1FAE325444C,assets/images/hotels/hotels-LY-HOTELS-00008-04.webp,local_images,probably_correct,false,Existing local link; destination not independently re-verified,retain_pending_rights_review,No deletion in phase 1.
LY-HOT-000008,hotels,IMG-CCEFA42B6FCE0C72,assets/images/hotels/hotels-LY-HOTELS-00008-05.webp,local_images,probably_correct,false,Existing local link; destination not independently re-verified,retain_pending_rights_review,No deletion in phase 1.
LY-HOT-000008,hotels,IMG-B496E4D876E85B25,assets/images/hotels/hotels-LY-HOTELS-00008-06.webp,local_images,probably_correct,false,Existing local link; destination not independently re-verified,retain_pending_rights_review,No deletion in phase 1.
LY-HOT-000008,hotels,IMG-3C67E6809FD5E9E6,assets/images/hotels/hotels-LY-HOTELS-00008-07.webp,local_images,probably_correct,false,Existing local link; destination not independently re-verified,retain_pending_rights_review,No deletion in phase 1.
LY-HOT-000009,hotels,IMG-819089A3F33FB55C,assets/images/hotels/hotels-LY-HOTELS-00009-01.webp,local_images,probably_correct,false,Existing local link; destination not independently re-verified,retain_pending_rights_review,No deletion in phase 1.
LY-HOT-000009,hotels,IMG-8302B3A52AE6F475,assets/images/hotels/hotels-LY-HOTELS-00009-02.webp,local_images,probably_correct,false,Existing local link; destination not independently re-verified,retain_pending_rights_review,No deletion in phase 1.
LY-HOT-000009,hotels,IMG-692F979223300C23,assets/images/hotels/hotels-LY-HOTELS-00009-03.webp,local_images,probably_correct,false,Existing local link; destination not independently re-verified,retain_pending_rights_review,No deletion in phase 1.
LY-HOT-000009,hotels,IMG-DAE7BE536406D158,assets/images/hotels/hotels-LY-HOTELS-00009-04.webp,local_images,probably_correct,false,Existing local link; destination not independently re-verified,retain_pending_rights_review,No deletion in phase 1.
LY-HOT-000010,hotels,IMG-55D8F93ACEA7906A,assets/images/hotels/hotels-LY-HOTELS-00010-01.webp,local_images,probably_correct,false,Existing local link; destination not independently re-verified,retain_pending_rights_review,No deletion in phase 1.
LY-HOT-000010,hotels,IMG-EA82B65A2B458435,assets/images/hotels/hotels-LY-HOTELS-00010-02.webp,local_images,probably_correct,false,Existing local link; destination not independently re-verified,retain_pending_rights_review,No deletion in phase 1.
LY-HOT-000010,hotels,IMG-F2548E6563FBF140,assets/images/hotels/hotels-LY-HOTELS-00010-03.webp,local_images,probably_correct,false,Existing local link; destination not independently re-verified,retain_pending_rights_review,No deletion in phase 1.
LY-HOT-000010,hotels,IMG-39AD2585FAA1C1B4,assets/images/hotels/hotels-LY-HOTELS-00010-04.webp,local_images,probably_correct,false,Existing local link; destination not independently re-verified,retain_pending_rights_review,No deletion in phase 1.
LY-HOT-000010,hotels,IMG-8F535C871C5F10F8,assets/images/hotels/hotels-LY-HOTELS-00010-05.webp,local_images,probably_correct,false,Existing local link; destination not independently re-verified,retain_pending_rights_review,No deletion in phase 1.
LY-HOT-000011,hotels,IMG-65AB52B2F6CC48F7,assets/images/hotels/hotels-LY-HOTELS-00011-04.webp,local_images,probably_correct,false,Existing local link; destination not independently re-verified,retain_pending_rights_review,No deletion in phase 1.
LY-HOT-000011,hotels,IMG-DF81B5FBDADD0871,assets/images/hotels/hotels-LY-HOTELS-00011-05.webp,local_images,probably_correct,false,Existing local link; destination not independently re-verified,retain_pending_rights_review,No deletion in phase 1.
LY-HOT-000012,hotels,IMG-119A09082CDA83D7,assets/images/hotels/hotels-LY-HOTELS-00012-01.webp,local_images,probably_correct,false,Existing local link; destination not independently re-verified,retain_pending_rights_review,No deletion in phase 1.
LY-HOT-000018,hotels,IMG-70EDD68175987801,assets/images/hotels/hotels-LY-HOTELS-00018-01.webp,local_images,probably_correct,false,Existing local link; destination not independently re-verified,retain_pending_rights_review,No deletion in phase 1.
LY-HOT-000018,hotels,IMG-5E40B38E935885E6,assets/images/hotels/hotels-LY-HOTELS-00018-02.webp,local_images,probably_correct,false,Existing local link; destination not independently re-verified,retain_pending_rights_review,No deletion in phase 1.
LY-HOT-000018,hotels,IMG-2C9B115E5AEA12E9,assets/images/hotels/hotels-LY-HOTELS-00018-03.webp,local_images,probably_correct,false,Existing local link; destination not independently re-verified,retain_pending_rights_review,No deletion in phase 1.
LY-HOT-000018,hotels,IMG-26DF96E261C14EE6,assets/images/hotels/hotels-LY-HOTELS-00018-04.webp,local_images,probably_correct,false,Existing local link; destination not independently re-verified,retain_pending_rights_review,No deletion in phase 1.
LY-HOT-000019,hotels,IMG-6A860408D3A66731,assets/images/hotels/hotels-LY-HOTELS-00019-02.webp,local_images,probably_correct,false,Existing local link; destination not independently re-verified,retain_pending_rights_review,No deletion in phase 1.
LY-HOT-000019,hotels,IMG-DB43D8167DF482F3,assets/images/hotels/hotels-LY-HOTELS-00019-03.webp,local_images,probably_correct,false,Existing local link; destination not independently re-verified,retain_pending_rights_review,No deletion in phase 1.
LY-HOT-000019,hotels,IMG-23AA573D976863BF,assets/images/hotels/hotels-LY-HOTELS-00019-04.webp,local_images,probably_correct,false,Existing local link; destination not independently re-verified,retain_pending_rights_review,No deletion in phase 1.
LY-HOT-000019,hotels,IMG-2E69969DD1EF1BAB,assets/images/hotels/hotels-LY-HOTELS-00019-05.webp,local_images,probably_correct,false,Existing local link; destination not independently re-verified,retain_pending_rights_review,No deletion in phase 1.
LY-HOT-000020,hotels,IMG-872A6D479BE28E01,assets/images/hotels/hotels-LY-HOTELS-00020-02.webp,local_images,probably_correct,false,Existing local link; destination not independently re-verified,retain_pending_rights_review,No deletion in phase 1.
LY-HOT-000020,hotels,IMG-253F76E0FE94EBF3,assets/images/hotels/hotels-LY-HOTELS-00020-03.webp,local_images,probably_correct,false,Existing local link; destination not independently re-verified,retain_pending_rights_review,No deletion in phase 1.
LY-HOT-000020,hotels,IMG-62E2C2869EB72051,assets/images/hotels/hotels-LY-HOTELS-00020-04.webp,local_images,probably_correct,false,Existing local link; destination not independently re-verified,retain_pending_rights_review,No deletion in phase 1.
LY-HOT-000020,hotels,IMG-066297BAC6AAE169,assets/images/hotels/hotels-LY-HOTELS-00020-05.webp,local_images,probably_correct,false,Existing local link; destination not independently re-verified,retain_pending_rights_review,No deletion in phase 1.
LY-HOT-000021,hotels,IMG-3CBAB36D93017A02,assets/images/hotels/hotels-LY-HOTELS-00021-01.webp,local_images,probably_correct,false,Existing local link; destination not independently re-verified,retain_pending_rights_review,No deletion in phase 1.
LY-HOT-000021,hotels,IMG-95CF601757354B3F,assets/images/hotels/hotels-LY-HOTELS-00021-02.webp,local_images,probably_correct,false,Existing local link; destination not independently re-verified,retain_pending_rights_review,No deletion in phase 1.
LY-HOT-000021,hotels,IMG-6B6A6F7DC87798A5,assets/images/hotels/hotels-LY-HOTELS-00021-03.webp,local_images,probably_correct,false,Existing local link; destination not independently re-verified,retain_pending_rights_review,No deletion in phase 1.
LY-HOT-000021,hotels,IMG-D029A97AEA25937B,assets/images/hotels/hotels-LY-HOTELS-00021-04.webp,local_images,probably_correct,false,Existing local link; destination not independently re-verified,retain_pending_rights_review,No deletion in phase 1.
LY-HOT-000022,hotels,IMG-19C3F36AD1E19044,assets/images/hotels/hotels-LY-HOTELS-00022-01.webp,local_images,probably_correct,false,Existing local link; destination not independently re-verified,retain_pending_rights_review,No deletion in phase 1.
LY-HOT-000022,hotels,IMG-5E9DCD4D059C7AD9,assets/images/hotels/hotels-LY-HOTELS-00022-02.webp,local_images,probably_correct,false,Existing local link; destination not independently re-verified,retain_pending_rights_review,No deletion in phase 1.
LY-HOT-000022,hotels,IMG-314F97456D2A7EB2,assets/images/hotels/hotels-LY-HOTELS-00022-03.webp,local_images,probably_correct,false,Existing local link; destination not independently re-verified,retain_pending_rights_review,No deletion in phase 1.
LY-HOT-000023,hotels,IMG-56A6440E48860943,assets/images/hotels/hotels-LY-HOTELS-00023-01.webp,local_images,probably_correct,false,Existing local link; destination not independently re-verified,retain_pending_rights_review,No deletion in phase 1.
LY-HOT-000023,hotels,IMG-FD2787C91485695B,assets/images/hotels/hotels-LY-HOTELS-00023-02.webp,local_images,probably_correct,false,Existing local link; destination not independently re-verified,retain_pending_rights_review,No deletion in phase 1.
LY-HOT-000023,hotels,IMG-F51E7FC26DAC2D45,assets/images/hotels/hotels-LY-HOTELS-00023-03.webp,local_images,probably_correct,false,Existing local link; destination not independently re-verified,retain_pending_rights_review,No deletion in phase 1.
LY-HOT-000023,hotels,IMG-E1B016E4293C4E28,assets/images/hotels/hotels-LY-HOTELS-00023-04.webp,local_images,probably_correct,false,Existing local link; destination not independently re-verified,retain_pending_rights_review,No deletion in phase 1.
LY-HOT-000024,hotels,IMG-F5D8E40E6C1EA4DB,assets/images/hotels/hotels-LY-HOTELS-00024-01.webp,local_images,probably_correct,false,Existing local link; destination not independently re-verified,retain_pending_rights_review,No deletion in phase 1.
LY-HOT-000024,hotels,IMG-E7D3068BC5E134C3,assets/images/hotels/hotels-LY-HOTELS-00024-03.webp,local_images,probably_correct,false,Existing local link; destination not independently re-verified,retain_pending_rights_review,No deletion in phase 1.
LY-HOT-000024,hotels,IMG-DE54699A7BE9E866,assets/images/hotels/hotels-LY-HOTELS-00024-04.webp,local_images,probably_correct,false,Existing local link; destination not independently re-verified,retain_pending_rights_review,No deletion in phase 1.
LY-HOT-000024,hotels,IMG-2DCB4191BC42A6BC,assets/images/hotels/hotels-LY-HOTELS-00024-05.webp,local_images,probably_correct,false,Existing local link; destination not independently re-verified,retain_pending_rights_review,No deletion in phase 1.
LY-HOT-000025,hotels,IMG-E4FA3718C8C00988,assets/images/hotels/hotels-LY-HOTELS-00025-02.webp,local_images,probably_correct,false,Existing local link; destination not independently re-verified,retain_pending_rights_review,No deletion in phase 1.
LY-HOT-000025,hotels,IMG-2ED96BA245C7977F,assets/images/hotels/hotels-LY-HOTELS-00025-03.webp,local_images,probably_correct,false,Existing local link; destination not independently re-verified,retain_pending_rights_review,No deletion in phase 1.
LY-HOT-000025,hotels,IMG-ED49B7E26705D04D,assets/images/hotels/hotels-LY-HOTELS-00025-04.webp,local_images,probably_correct,false,Existing local link; destination not independently re-verified,retain_pending_rights_review,No deletion in phase 1.
LY-HOT-000025,hotels,IMG-185BDC2EE6D50CD9,assets/images/hotels/hotels-LY-HOTELS-00025-05.webp,local_images,probably_correct,false,Existing local link; destination not independently re-verified,retain_pending_rights_review,No deletion in phase 1.
LY-HOT-000025,hotels,IMG-BB269B254C48DEA9,assets/images/hotels/hotels-LY-HOTELS-00025-06.webp,local_images,probably_correct,false,Existing local link; destination not independently re-verified,retain_pending_rights_review,No deletion in phase 1.
LY-HOT-000026,hotels,IMG-2B0470543FB41D5D,assets/images/hotels/hotels-LY-HOTELS-00026-01.webp,local_images,probably_correct,false,Existing local link; destination not independently re-verified,retain_pending_rights_review,No deletion in phase 1.
LY-HOT-000026,hotels,IMG-DC66EC13E3ED095D,assets/images/hotels/hotels-LY-HOTELS-00026-02.webp,local_images,probably_correct,false,Existing local link; destination not independently re-verified,retain_pending_rights_review,No deletion in phase 1.
LY-HOT-000026,hotels,IMG-1E9F3B0C58B000F9,assets/images/hotels/hotels-LY-HOTELS-00026-03.webp,local_images,probably_correct,false,Existing local link; destination not independently re-verified,retain_pending_rights_review,No deletion in phase 1.
LY-HOT-000026,hotels,IMG-12A99CAC837B7066,assets/images/hotels/hotels-LY-HOTELS-00026-04.webp,local_images,probably_correct,false,Existing local link; destination not independently re-verified,retain_pending_rights_review,No deletion in phase 1.
LY-HOT-000027,hotels,IMG-76159BDC315DE906,assets/images/hotels/hotels-LY-HOTELS-00027-02.webp,local_images,probably_correct,false,Existing local link; destination not independently re-verified,retain_pending_rights_review,No deletion in phase 1.
LY-HOT-000028,hotels,IMG-EEC9D5AE902233A5,assets/images/hotels/hotels-LY-HOTELS-00028-01.webp,local_images,probably_correct,false,Existing local link; destination not independently re-verified,retain_pending_rights_review,No deletion in phase 1.
LY-HOT-000028,hotels,IMG-CC12F19157DAA806,assets/images/hotels/hotels-LY-HOTELS-00028-02.webp,local_images,probably_correct,false,Existing local link; destination not independently re-verified,retain_pending_rights_review,No deletion in phase 1.
LY-HOT-000028,hotels,IMG-9180DF4FCBAF9A01,assets/images/hotels/hotels-LY-HOTELS-00028-03.webp,local_images,probably_correct,false,Existing local link; destination not independently re-verified,retain_pending_rights_review,No deletion in phase 1.
LY-HOT-000029,hotels,IMG-0F373BA333C2EBDE,assets/images/hotels/hotels-LY-HOTELS-00029-03.webp,local_images,probably_correct,false,Existing local link; destination not independently re-verified,retain_pending_rights_review,No deletion in phase 1.
LY-HOT-000029,hotels,IMG-35F1F2EDB9CDDCA1,assets/images/hotels/hotels-LY-HOTELS-00029-04.webp,local_images,probably_correct,false,Existing local link; destination not independently re-verified,retain_pending_rights_review,No deletion in phase 1.
LY-HOT-000031,hotels,IMG-4B53EBB6AABCC1D3,assets/images/hotels/hotels-LY-HOTELS-00031-01.webp,local_images,probably_correct,false,Existing local link; destination not independently re-verified,retain_pending_rights_review,No deletion in phase 1.
LY-HOT-000031,hotels,IMG-110FEF464D2C395F,assets/images/hotels/hotels-LY-HOTELS-00031-02.webp,local_images,probably_correct,false,Existing local link; destination not independently re-verified,retain_pending_rights_review,No deletion in phase 1.
LY-HOT-000031,hotels,IMG-590675C1DE7ECB98,assets/images/hotels/hotels-LY-HOTELS-00031-03.webp,local_images,probably_correct,false,Existing local link; destination not independently re-verified,retain_pending_rights_review,No deletion in phase 1.
LY-HOT-000031,hotels,IMG-88F9E3D4EBB82F29,assets/images/hotels/hotels-LY-HOTELS-00031-04.webp,local_images,probably_correct,false,Existing local link; destination not independently re-verified,retain_pending_rights_review,No deletion in phase 1.
LY-HOT-000031,hotels,IMG-792FD5E40F6FFFF5,assets/images/hotels/hotels-LY-HOTELS-00031-05.webp,local_images,probably_correct,false,Existing local link; destination not independently re-verified,retain_pending_rights_review,No deletion in phase 1.
LY-HOT-000031,hotels,IMG-FFE2673C35F0DB78,assets/images/hotels/hotels-LY-HOTELS-00031-06.webp,local_images,probably_correct,false,Existing local link; destination not independently re-verified,retain_pending_rights_review,No deletion in phase 1.
LY-HOT-000032,hotels,IMG-5BA106F592D0332E,assets/images/hotels/hotels-LY-HOTELS-00032-01.webp,local_images,probably_correct,false,Existing local link; destination not independently re-verified,retain_pending_rights_review,No deletion in phase 1.
LY-HOT-000032,hotels,IMG-3E3FF2B9BBAEFFDB,assets/images/hotels/hotels-LY-HOTELS-00032-02.webp,local_images,probably_correct,false,Existing local link; destination not independently re-verified,retain_pending_rights_review,No deletion in phase 1.
LY-HOT-000032,hotels,IMG-4B63A3D90F8A46D0,assets/images/hotels/hotels-LY-HOTELS-00032-03.webp,local_images,probably_correct,false,Existing local link; destination not independently re-verified,retain_pending_rights_review,No deletion in phase 1.
LY-HOT-000034,hotels,IMG-5ED99B628601EBD3,assets/images/hotels/hotels-LY-HOTELS-00034-01.webp,local_images,probably_correct,false,Existing local link; destination not independently re-verified,retain_pending_rights_review,No deletion in phase 1.
LY-HOT-000035,hotels,IMG-657CB03042B5C04B,assets/images/hotels/hotels-LY-HOTELS-00035-01.webp,local_images,probably_correct,false,Existing local link; destination not independently re-verified,retain_pending_rights_review,No deletion in phase 1.
LY-HOT-000035,hotels,IMG-CE769FD5F6AAABCE,assets/images/hotels/hotels-LY-HOTELS-00035-02.webp,local_images,probably_correct,false,Existing local link; destination not independently re-verified,retain_pending_rights_review,No deletion in phase 1.
LY-HOT-000035,hotels,IMG-69AD6A21A3E984EB,assets/images/hotels/hotels-LY-HOTELS-00035-03.webp,local_images,probably_correct,false,Existing local link; destination not independently re-verified,retain_pending_rights_review,No deletion in phase 1.
LY-HOT-000035,hotels,IMG-340DE9CF9A3B05FC,assets/images/hotels/hotels-LY-HOTELS-00035-04.webp,local_images,probably_correct,false,Existing local link; destination not independently re-verified,retain_pending_rights_review,No deletion in phase 1.
LY-HOT-000036,hotels,IMG-02413AAE55399FB1,assets/images/hotels/hotels-LY-HOTELS-00036-01.webp,local_images,probably_correct,false,Existing local link; destination not independently re-verified,retain_pending_rights_review,No deletion in phase 1.
LY-HOT-000036,hotels,IMG-2BF4C09ED2ED2AE0,assets/images/hotels/hotels-LY-HOTELS-00036-02.webp,local_images,probably_correct,false,Existing local link; destination not independently re-verified,retain_pending_rights_review,No deletion in phase 1.
LY-HOT-000036,hotels,IMG-01918427C4543AEF,assets/images/hotels/hotels-LY-HOTELS-00036-03.webp,local_images,probably_correct,false,Existing local link; destination not independently re-verified,retain_pending_rights_review,No deletion in phase 1.
LY-HOT-000036,hotels,IMG-2D6FD52000FBB7A9,assets/images/hotels/hotels-LY-HOTELS-00036-04.webp,local_images,probably_correct,false,Existing local link; destination not independently re-verified,retain_pending_rights_review,No deletion in phase 1.
LY-HOT-000037,hotels,IMG-5806382F3E321975,assets/images/hotels/hotels-LY-HOTELS-00037-01.webp,local_images,probably_correct,false,Existing local link; destination not independently re-verified,retain_pending_rights_review,No deletion in phase 1.
LY-HOT-000037,hotels,IMG-24671DEE5175D8F7,assets/images/hotels/hotels-LY-HOTELS-00037-02.webp,local_images,probably_correct,false,Existing local link; destination not independently re-verified,retain_pending_rights_review,No deletion in phase 1.
LY-HOT-000037,hotels,IMG-4F8609AE7C0DB9C4,assets/images/hotels/hotels-LY-HOTELS-00037-03.webp,local_images,probably_correct,false,Existing local link; destination not independently re-verified,retain_pending_rights_review,No deletion in phase 1.
LY-HOT-000038,hotels,IMG-2BEC7C4B87BFEE2A,assets/images/hotels/hotels-LY-HOTELS-00038-01.webp,local_images,probably_correct,false,Existing local link; destination not independently re-verified,retain_pending_rights_review,No deletion in phase 1.
LY-HOT-000038,hotels,IMG-B8ECBD47AA06BB85,assets/images/hotels/hotels-LY-HOTELS-00038-02.webp,local_images,probably_correct,false,Existing local link; destination not independently re-verified,retain_pending_rights_review,No deletion in phase 1.
LY-HOT-000038,hotels,IMG-0F3D0D13915C4CF1,assets/images/hotels/hotels-LY-HOTELS-00038-03.webp,local_images,probably_correct,false,Existing local link; destination not independently re-verified,retain_pending_rights_review,No deletion in phase 1.
LY-HOT-000038,hotels,IMG-FE2E6844B80163F7,assets/images/hotels/hotels-LY-HOTELS-00038-04.webp,local_images,probably_correct,false,Existing local link; destination not independently re-verified,retain_pending_rights_review,No deletion in phase 1.
LY-HOT-000038,hotels,IMG-F98636181696202D,assets/images/hotels/hotels-LY-HOTELS-00038-05.webp,local_images,probably_correct,false,Existing local link; destination not independently re-verified,retain_pending_rights_review,No deletion in phase 1.
LY-HOT-000039,hotels,IMG-95E3447DAE58A495,assets/images/hotels/hotels-LY-HOTELS-00039-01.webp,local_images,probably_correct,false,Existing local link; destination not independently re-verified,retain_pending_rights_review,No deletion in phase 1.
LY-HOT-000039,hotels,IMG-0115399C8CA62B2E,assets/images/hotels/hotels-LY-HOTELS-00039-02.webp,local_images,probably_correct,false,Existing local link; destination not independently re-verified,retain_pending_rights_review,No deletion in phase 1.
LY-HOT-000039,hotels,IMG-88AF2D458AD7B856,assets/images/hotels/hotels-LY-HOTELS-00039-03.webp,local_images,probably_correct,false,Existing local link; destination not independently re-verified,retain_pending_rights_review,No deletion in phase 1.
LY-HOT-000040,hotels,IMG-4C26C96431EC63BA,assets/images/hotels/hotels-LY-HOTELS-00040-01.webp,local_images,probably_correct,false,Existing local link; destination not independently re-verified,retain_pending_rights_review,No deletion in phase 1.
LY-HOT-000040,hotels,IMG-12AC65AE048F4455,assets/images/hotels/hotels-LY-HOTELS-00040-02.webp,local_images,probably_correct,false,Existing local link; destination not independently re-verified,retain_pending_rights_review,No deletion in phase 1.
LY-HOT-000040,hotels,IMG-CB720BA811B677A9,assets/images/hotels/hotels-LY-HOTELS-00040-03.webp,local_images,probably_correct,false,Existing local link; destination not independently re-verified,retain_pending_rights_review,No deletion in phase 1.
LY-HOT-000040,hotels,IMG-86BF7EE86F2F7271,assets/images/hotels/hotels-LY-HOTELS-00040-04.webp,local_images,probably_correct,false,Existing local link; destination not independently re-verified,retain_pending_rights_review,No deletion in phase 1.
LY-HOT-000041,hotels,IMG-A3FECBDF161B5CCE,assets/images/hotels/hotels-LY-HOTELS-00041-01.webp,local_images,probably_correct,false,Existing local link; destination not independently re-verified,retain_pending_rights_review,No deletion in phase 1.
LY-HOT-000041,hotels,IMG-D20C34E481E14F37,assets/images/hotels/hotels-LY-HOTELS-00041-02.webp,local_images,probably_correct,false,Existing local link; destination not independently re-verified,retain_pending_rights_review,No deletion in phase 1.
LY-HOT-000041,hotels,IMG-294700B912B12C08,assets/images/hotels/hotels-LY-HOTELS-00041-03.webp,local_images,probably_correct,false,Existing local link; destination not independently re-verified,retain_pending_rights_review,No deletion in phase 1.
LY-HOT-000041,hotels,IMG-F205440542C413A6,assets/images/hotels/hotels-LY-HOTELS-00041-04.webp,local_images,probably_correct,false,Existing local link; destination not independently re-verified,retain_pending_rights_review,No deletion in phase 1.
LY-HOT-000041,hotels,IMG-F1C68A8603468221,assets/images/hotels/hotels-LY-HOTELS-00041-05.webp,local_images,probably_correct,false,Existing local link; destination not independently re-verified,retain_pending_rights_review,No deletion in phase 1.
LY-HOT-000042,hotels,IMG-C6DFB6BFEF341C5D,assets/images/hotels/hotels-LY-HOTELS-00042-01.webp,local_images,probably_correct,false,Existing local link; destination not independently re-verified,retain_pending_rights_review,No deletion in phase 1.
LY-HOT-000042,hotels,IMG-042B1928C0DB2E32,assets/images/hotels/hotels-LY-HOTELS-00042-02.webp,local_images,probably_correct,false,Existing local link; destination not independently re-verified,retain_pending_rights_review,No deletion in phase 1.
LY-HOT-000045,hotels,IMG-2A5F837F7840D805,assets/images/hotels/hotels-LY-HOTELS-00045-01.webp,local_images,probably_correct,false,Existing local link; destination not independently re-verified,retain_pending_rights_review,No deletion in phase 1.
LY-HOT-000045,hotels,IMG-1243CC762B92A210,assets/images/hotels/hotels-LY-HOTELS-00045-02.webp,local_images,probably_correct,false,Existing local link; destination not independently re-verified,retain_pending_rights_review,No deletion in phase 1.
LY-HOT-000046,hotels,IMG-2AE0615B4101D7F4,assets/images/hotels/hotels-LY-HOTELS-00046-01.webp,local_images,probably_correct,false,Existing local link; destination not independently re-verified,retain_pending_rights_review,No deletion in phase 1.
LY-HOT-000049,hotels,IMG-C7239FBDF94ED0B0,assets/images/hotels/hotels-LY-HOTELS-00049-01.webp,local_images,probably_correct,false,Existing local link; destination not independently re-verified,retain_pending_rights_review,No deletion in phase 1.
LY-HOT-000049,hotels,IMG-D99918C989D67ED1,assets/images/hotels/hotels-LY-HOTELS-00049-02.webp,local_images,probably_correct,false,Existing local link; destination not independently re-verified,retain_pending_rights_review,No deletion in phase 1.
LY-HOT-000049,hotels,IMG-C3B22F220B972700,assets/images/hotels/hotels-LY-HOTELS-00049-03.webp,local_images,probably_correct,false,Existing local link; destination not independently re-verified,retain_pending_rights_review,No deletion in phase 1.
LY-HOT-000049,hotels,IMG-033D22EBF511990B,assets/images/hotels/hotels-LY-HOTELS-00049-04.webp,local_images,probably_correct,false,Existing local link; destination not independently re-verified,retain_pending_rights_review,No deletion in phase 1.
LY-HOT-000049,hotels,IMG-FC7531F75F1D908E,assets/images/hotels/hotels-LY-HOTELS-00049-05.webp,local_images,probably_correct,false,Existing local link; destination not independently re-verified,retain_pending_rights_review,No deletion in phase 1.
LY-HOT-000050,hotels,IMG-B51A8889CBB17DA7,assets/images/hotels/hotels-LY-HOTELS-00050-01.webp,local_images,probably_correct,false,Existing local link; destination not independently re-verified,retain_pending_rights_review,No deletion in phase 1.
LY-HOT-000050,hotels,IMG-8ACF92A4CD6AE1F6,assets/images/hotels/hotels-LY-HOTELS-00050-02.webp,local_images,probably_correct,false,Existing local link; destination not independently re-verified,retain_pending_rights_review,No deletion in phase 1.
LY-HOT-000050,hotels,IMG-2B39F07AE708299E,assets/images/hotels/hotels-LY-HOTELS-00050-03.webp,local_images,probably_correct,false,Existing local link; destination not independently re-verified,retain_pending_rights_review,No deletion in phase 1.
LY-HOT-000051,hotels,IMG-9A077AB897E06613,assets/images/hotels/hotels-LY-HOTELS-00051-01.webp,local_images,probably_correct,false,Existing local link; destination not independently re-verified,retain_pending_rights_review,No deletion in phase 1.
LY-HOT-000051,hotels,IMG-91CBAD6672D1FD52,assets/images/hotels/hotels-LY-HOTELS-00051-02.webp,local_images,probably_correct,false,Existing local link; destination not independently re-verified,retain_pending_rights_review,No deletion in phase 1.
LY-HOT-000053,hotels,IMG-76FF508F0B7A8565,assets/images/hotels/hotels-LY-HOTELS-00053-01.webp,local_images,probably_correct,false,Existing local link; destination not independently re-verified,retain_pending_rights_review,No deletion in phase 1.
LY-HOT-000053,hotels,IMG-54E98AFB5EF2553D,assets/images/hotels/hotels-LY-HOTELS-00053-02.webp,local_images,probably_correct,false,Existing local link; destination not independently re-verified,retain_pending_rights_review,No deletion in phase 1.
LY-HOT-000053,hotels,IMG-FB6F833B0859FE59,assets/images/hotels/hotels-LY-HOTELS-00053-03.webp,local_images,probably_correct,false,Existing local link; destination not independently re-verified,retain_pending_rights_review,No deletion in phase 1.
LY-HOT-000054,hotels,IMG-5A8F81B9322E3F57,assets/images/hotels/hotels-LY-HOTELS-00054-01.webp,local_images,probably_correct,false,Existing local link; destination not independently re-verified,retain_pending_rights_review,No deletion in phase 1.
LY-HOT-000054,hotels,IMG-A0650F815C0D7FB8,assets/images/hotels/hotels-LY-HOTELS-00054-02.webp,local_images,probably_correct,false,Existing local link; destination not independently re-verified,retain_pending_rights_review,No deletion in phase 1.
LY-HOT-000054,hotels,IMG-7EF1C95F346808BF,assets/images/hotels/hotels-LY-HOTELS-00054-03.webp,local_images,probably_correct,false,Existing local link; destination not independently re-verified,retain_pending_rights_review,No deletion in phase 1.
LY-HOT-000054,hotels,IMG-787AFA859825802E,assets/images/hotels/hotels-LY-HOTELS-00054-04.webp,local_images,probably_correct,false,Existing local link; destination not independently re-verified,retain_pending_rights_review,No deletion in phase 1.
LY-HOT-000055,hotels,IMG-C75C7E18E8905149,assets/images/hotels/hotels-LY-HOTELS-00055-01.webp,local_images,probably_correct,false,Existing local link; destination not independently re-verified,retain_pending_rights_review,No deletion in phase 1.
LY-HOT-000056,hotels,IMG-67A5A64E322D0F37,assets/images/hotels/hotels-LY-HOTELS-00056-01.webp,local_images,probably_correct,false,Existing local link; destination not independently re-verified,retain_pending_rights_review,No deletion in phase 1.
LY-HOT-000056,hotels,IMG-22DF9370E20C75A5,assets/images/hotels/hotels-LY-HOTELS-00056-02.webp,local_images,probably_correct,false,Existing local link; destination not independently re-verified,retain_pending_rights_review,No deletion in phase 1.
LY-HOT-000056,hotels,IMG-509E51730B1B3229,assets/images/hotels/hotels-LY-HOTELS-00056-03.webp,local_images,probably_correct,false,Existing local link; destination not independently re-verified,retain_pending_rights_review,No deletion in phase 1.
LY-HOT-000056,hotels,IMG-92BABB16F704E727,assets/images/hotels/hotels-LY-HOTELS-00056-04.webp,local_images,probably_correct,false,Existing local link; destination not independently re-verified,retain_pending_rights_review,No deletion in phase 1.
LY-HOT-000056,hotels,IMG-3796AAAE3DCAE3D5,assets/images/hotels/hotels-LY-HOTELS-00056-05.webp,local_images,probably_correct,false,Existing local link; destination not independently re-verified,retain_pending_rights_review,No deletion in phase 1.
LY-HOT-000056,hotels,IMG-CA3B07ED76DF5499,assets/images/hotels/hotels-LY-HOTELS-00056-06.webp,local_images,probably_correct,false,Existing local link; destination not independently re-verified,retain_pending_rights_review,No deletion in phase 1.
LY-HOT-000057,hotels,IMG-B7DE3703E4372DC6,assets/images/hotels/hotels-LY-HOTELS-00057-01.webp,local_images,probably_correct,false,Existing local link; destination not independently re-verified,retain_pending_rights_review,No deletion in phase 1.
LY-HOT-000057,hotels,IMG-2796AE395C19E4E6,assets/images/hotels/hotels-LY-HOTELS-00057-02.webp,local_images,probably_correct,false,Existing local link; destination not independently re-verified,retain_pending_rights_review,No deletion in phase 1.
LY-HOT-000057,hotels,IMG-03DECC2279EE6EEB,assets/images/hotels/hotels-LY-HOTELS-00057-03.webp,local_images,probably_correct,false,Existing local link; destination not independently re-verified,retain_pending_rights_review,No deletion in phase 1.
LY-HOT-000057,hotels,IMG-4DB6C4C1628610CE,assets/images/hotels/hotels-LY-HOTELS-00057-04.webp,local_images,probably_correct,false,Existing local link; destination not independently re-verified,retain_pending_rights_review,No deletion in phase 1.
LY-HOT-000057,hotels,IMG-034DF0F3051EAC20,assets/images/hotels/hotels-LY-HOTELS-00057-05.webp,local_images,probably_correct,false,Existing local link; destination not independently re-verified,retain_pending_rights_review,No deletion in phase 1.
LY-HOT-000058,hotels,IMG-63F705E27DA71CF5,assets/images/hotels/hotels-LY-HOTELS-00058-01.webp,local_images,probably_correct,false,Existing local link; destination not independently re-verified,retain_pending_rights_review,No deletion in phase 1.
LY-HOT-000058,hotels,IMG-A03C14D169C38CD7,assets/images/hotels/hotels-LY-HOTELS-00058-02.webp,local_images,probably_correct,false,Existing local link; destination not independently re-verified,retain_pending_rights_review,No deletion in phase 1.
LY-HOT-000058,hotels,IMG-BA4579788FA5B783,assets/images/hotels/hotels-LY-HOTELS-00058-03.webp,local_images,probably_correct,false,Existing local link; destination not independently re-verified,retain_pending_rights_review,No deletion in phase 1.
LY-HOT-000058,hotels,IMG-14D5E5C9975ACDF6,assets/images/hotels/hotels-LY-HOTELS-00058-04.webp,local_images,probably_correct,false,Existing local link; destination not independently re-verified,retain_pending_rights_review,No deletion in phase 1.
LY-HOT-000059,hotels,IMG-12604B3B51DF48AE,assets/images/hotels/hotels-LY-HOTELS-00059-01.webp,local_images,probably_correct,false,Existing local link; destination not independently re-verified,retain_pending_rights_review,No deletion in phase 1.
LY-HOT-000059,hotels,IMG-D0018E7F483C8003,assets/images/hotels/hotels-LY-HOTELS-00059-02.webp,local_images,probably_correct,false,Existing local link; destination not independently re-verified,retain_pending_rights_review,No deletion in phase 1.
LY-HOT-000059,hotels,IMG-2E5099729EF0CCDC,assets/images/hotels/hotels-LY-HOTELS-00059-03.webp,local_images,probably_correct,false,Existing local link; destination not independently re-verified,retain_pending_rights_review,No deletion in phase 1.
LY-HOT-000059,hotels,IMG-7ADCDC722B0F3863,assets/images/hotels/hotels-LY-HOTELS-00059-04.webp,local_images,probably_correct,false,Existing local link; destination not independently re-verified,retain_pending_rights_review,No deletion in phase 1.
LY-HOT-000060,hotels,IMG-529535B1FF6858C1,assets/images/hotels/hotels-LY-HOTELS-00060-01.webp,local_images,probably_correct,false,Existing local link; destination not independently re-verified,retain_pending_rights_review,No deletion in phase 1.
LY-HOT-000060,hotels,IMG-1A91F5CD618A2607,assets/images/hotels/hotels-LY-HOTELS-00060-02.webp,local_images,probably_correct,false,Existing local link; destination not independently re-verified,retain_pending_rights_review,No deletion in phase 1.
LY-HOT-000060,hotels,IMG-53504366C57AD739,assets/images/hotels/hotels-LY-HOTELS-00060-03.webp,local_images,probably_correct,false,Existing local link; destination not independently re-verified,retain_pending_rights_review,No deletion in phase 1.
LY-HOT-000061,hotels,IMG-1FEA6DD92699F439,assets/images/hotels/hotels-LY-HOTELS-00061-01.webp,local_images,probably_correct,false,Existing local link; destination not independently re-verified,retain_pending_rights_review,No deletion in phase 1.
LY-HOT-000062,hotels,IMG-20030B09B95C21F0,assets/images/hotels/hotels-LY-HOTELS-00062-01.webp,local_images,probably_correct,false,Existing local link; destination not independently re-verified,retain_pending_rights_review,No deletion in phase 1.
LY-HOT-000062,hotels,IMG-BF94B5AA6DFDB356,assets/images/hotels/hotels-LY-HOTELS-00062-02.webp,local_images,probably_correct,false,Existing local link; destination not independently re-verified,retain_pending_rights_review,No deletion in phase 1.
LY-HOT-000064,hotels,IMG-301D258252D7F3D2,assets/images/hotels/hotels-LY-HOTELS-00064-01.webp,local_images,probably_correct,false,Existing local link; destination not independently re-verified,retain_pending_rights_review,No deletion in phase 1.
LY-HOT-000064,hotels,IMG-C209D88A4ACD3962,assets/images/hotels/hotels-LY-HOTELS-00064-02.webp,local_images,probably_correct,false,Existing local link; destination not independently re-verified,retain_pending_rights_review,No deletion in phase 1.
LY-HOT-000064,hotels,IMG-39B58BD772BA639A,assets/images/hotels/hotels-LY-HOTELS-00064-03.webp,local_images,probably_correct,false,Existing local link; destination not independently re-verified,retain_pending_rights_review,No deletion in phase 1.
LY-HOT-000064,hotels,IMG-A2653827CCDE7F89,assets/images/hotels/hotels-LY-HOTELS-00064-04.webp,local_images,probably_correct,false,Existing local link; destination not independently re-verified,retain_pending_rights_review,No deletion in phase 1.
LY-HOT-000065,hotels,IMG-FC2F7E0A509C8E80,assets/images/hotels/hotels-LY-HOTELS-00065-01.webp,local_images,probably_correct,false,Existing local link; destination not independently re-verified,retain_pending_rights_review,No deletion in phase 1.
LY-HOT-000065,hotels,IMG-32D8CBC162306166,assets/images/hotels/hotels-LY-HOTELS-00065-02.webp,local_images,probably_correct,false,Existing local link; destination not independently re-verified,retain_pending_rights_review,No deletion in phase 1.
LY-HOT-000065,hotels,IMG-C9918EBFCCF721C5,assets/images/hotels/hotels-LY-HOTELS-00065-03.webp,local_images,probably_correct,false,Existing local link; destination not independently re-verified,retain_pending_rights_review,No deletion in phase 1.
LY-HOT-000065,hotels,IMG-4F4222992CCCA652,assets/images/hotels/hotels-LY-HOTELS-00065-04.webp,local_images,probably_correct,false,Existing local link; destination not independently re-verified,retain_pending_rights_review,No deletion in phase 1.
LY-HOT-000066,hotels,IMG-07D179D8F1F3B4C8,assets/images/hotels/hotels-LY-HOTELS-00066-01.webp,local_images,probably_correct,false,Existing local link; destination not independently re-verified,retain_pending_rights_review,No deletion in phase 1.
LY-HOT-000066,hotels,IMG-C79E0CB33BEF336D,assets/images/hotels/hotels-LY-HOTELS-00066-02.webp,local_images,probably_correct,false,Existing local link; destination not independently re-verified,retain_pending_rights_review,No deletion in phase 1.
LY-HOT-000066,hotels,IMG-8A160C24C5814584,assets/images/hotels/hotels-LY-HOTELS-00066-03.webp,local_images,probably_correct,false,Existing local link; destination not independently re-verified,retain_pending_rights_review,No deletion in phase 1.
LY-HOT-000066,hotels,IMG-5FE9D1C44E35D3F6,assets/images/hotels/hotels-LY-HOTELS-00066-04.webp,local_images,probably_correct,false,Existing local link; destination not independently re-verified,retain_pending_rights_review,No deletion in phase 1.
LY-HOT-000066,hotels,IMG-F7425ECB148F7AB5,assets/images/hotels/hotels-LY-HOTELS-00066-05.webp,local_images,probably_correct,false,Existing local link; destination not independently re-verified,retain_pending_rights_review,No deletion in phase 1.
LY-HOT-000067,hotels,IMG-506CFAE19599447E,assets/images/hotels/hotels-LY-HOTELS-00067-01.webp,local_images,probably_correct,false,Existing local link; destination not independently re-verified,retain_pending_rights_review,No deletion in phase 1.
LY-HOT-000067,hotels,IMG-991BCEB7B6AEAE0E,assets/images/hotels/hotels-LY-HOTELS-00067-02.webp,local_images,probably_correct,false,Existing local link; destination not independently re-verified,retain_pending_rights_review,No deletion in phase 1.
LY-HOT-000068,hotels,IMG-2754AC0FDB2BC23D,assets/images/hotels/hotels-LY-HOTELS-00068-01.webp,local_images,probably_correct,false,Existing local link; destination not independently re-verified,retain_pending_rights_review,No deletion in phase 1.
LY-HOT-000068,hotels,IMG-B76601CDE905F5C3,assets/images/hotels/hotels-LY-HOTELS-00068-02.webp,local_images,probably_correct,false,Existing local link; destination not independently re-verified,retain_pending_rights_review,No deletion in phase 1.
LY-HOT-000068,hotels,IMG-88184E5F0D06C05C,assets/images/hotels/hotels-LY-HOTELS-00068-03.webp,local_images,probably_correct,false,Existing local link; destination not independently re-verified,retain_pending_rights_review,No deletion in phase 1.
LY-HOT-000071,hotels,IMG-8F2297D7FBB16C96,assets/images/hotels/hotels-LY-HOTELS-00071-01.webp,local_images,probably_correct,false,Existing local link; destination not independently re-verified,retain_pending_rights_review,No deletion in phase 1.
LY-HOT-000071,hotels,IMG-28FC6BDA338A11F8,assets/images/hotels/hotels-LY-HOTELS-00071-02.webp,local_images,probably_correct,false,Existing local link; destination not independently re-verified,retain_pending_rights_review,No deletion in phase 1.
LY-HOT-000071,hotels,IMG-27EBB5D1811A6D8C,assets/images/hotels/hotels-LY-HOTELS-00071-03.webp,local_images,probably_correct,false,Existing local link; destination not independently re-verified,retain_pending_rights_review,No deletion in phase 1.
LY-HOT-000071,hotels,IMG-423E63AF0FAE65B8,assets/images/hotels/hotels-LY-HOTELS-00071-04.webp,local_images,probably_correct,false,Existing local link; destination not independently re-verified,retain_pending_rights_review,No deletion in phase 1.
LY-HOT-000071,hotels,IMG-E6A4B9EEFC8601EA,assets/images/hotels/hotels-LY-HOTELS-00071-05.webp,local_images,probably_correct,false,Existing local link; destination not independently re-verified,retain_pending_rights_review,No deletion in phase 1.
LY-HOT-000072,hotels,IMG-0FA01A3B05B019A0,assets/images/hotels/hotels-LY-HOTELS-00072-01.webp,local_images,probably_correct,false,Existing local link; destination not independently re-verified,retain_pending_rights_review,No deletion in phase 1.
LY-HOT-000072,hotels,IMG-B63B81CD689C938E,assets/images/hotels/hotels-LY-HOTELS-00072-02.webp,local_images,probably_correct,false,Existing local link; destination not independently re-verified,retain_pending_rights_review,No deletion in phase 1.
LY-HOT-000072,hotels,IMG-9E66C7C2F6112B82,assets/images/hotels/hotels-LY-HOTELS-00072-03.webp,local_images,probably_correct,false,Existing local link; destination not independently re-verified,retain_pending_rights_review,No deletion in phase 1.
LY-HOT-000072,hotels,IMG-752483F138A45644,assets/images/hotels/hotels-LY-HOTELS-00072-04.webp,local_images,probably_correct,false,Existing local link; destination not independently re-verified,retain_pending_rights_review,No deletion in phase 1.
LY-HOT-000072,hotels,IMG-FB6165434830FC8F,assets/images/hotels/hotels-LY-HOTELS-00072-05.webp,local_images,probably_correct,false,Existing local link; destination not independently re-verified,retain_pending_rights_review,No deletion in phase 1.
LY-HOT-000074,hotels,IMG-5F1F8C35419379DF,assets/images/hotels/hotels-LY-HOTELS-00074-01.webp,local_images,probably_correct,false,Existing local link; destination not independently re-verified,retain_pending_rights_review,No deletion in phase 1.
LY-HOT-000074,hotels,IMG-9A38C31656C2A4A0,assets/images/hotels/hotels-LY-HOTELS-00074-02.webp,local_images,probably_correct,false,Existing local link; destination not independently re-verified,retain_pending_rights_review,No deletion in phase 1.
LY-HOT-000074,hotels,IMG-F99921F35FBF6B25,assets/images/hotels/hotels-LY-HOTELS-00074-03.webp,local_images,probably_correct,false,Existing local link; destination not independently re-verified,retain_pending_rights_review,No deletion in phase 1.
LY-HOT-000074,hotels,IMG-76283253C1ABE665,assets/images/hotels/hotels-LY-HOTELS-00074-04.webp,local_images,probably_correct,false,Existing local link; destination not independently re-verified,retain_pending_rights_review,No deletion in phase 1.
LY-HOT-000074,hotels,IMG-2A56245AD9EEFF74,assets/images/hotels/hotels-LY-HOTELS-00074-05.webp,local_images,probably_correct,false,Existing local link; destination not independently re-verified,retain_pending_rights_review,No deletion in phase 1.
LY-HOT-000075,hotels,IMG-4F0A3CE02FA1B883,assets/images/hotels/hotels-LY-HOTELS-00075-01.webp,local_images,probably_correct,false,Existing local link; destination not independently re-verified,retain_pending_rights_review,No deletion in phase 1.
LY-HOT-000075,hotels,IMG-C5C85A7766EDDAF0,assets/images/hotels/hotels-LY-HOTELS-00075-02.webp,local_images,probably_correct,false,Existing local link; destination not independently re-verified,retain_pending_rights_review,No deletion in phase 1.
LY-HOT-000075,hotels,IMG-D9EDD81AAF8CF93F,assets/images/hotels/hotels-LY-HOTELS-00075-03.webp,local_images,probably_correct,false,Existing local link; destination not independently re-verified,retain_pending_rights_review,No deletion in phase 1.
LY-HOT-000075,hotels,IMG-0133C435EE3A1D77,assets/images/hotels/hotels-LY-HOTELS-00075-04.webp,local_images,probably_correct,false,Existing local link; destination not independently re-verified,retain_pending_rights_review,No deletion in phase 1.
LY-HOT-000075,hotels,IMG-EA0D93EB480687A0,assets/images/hotels/hotels-LY-HOTELS-00075-05.webp,local_images,probably_correct,false,Existing local link; destination not independently re-verified,retain_pending_rights_review,No deletion in phase 1.
LY-HOT-000077,hotels,IMG-31E0CFFABE88906C,assets/images/hotels/hotels-LY-HOTELS-00077-01.webp,local_images,probably_correct,false,Existing local link; destination not independently re-verified,retain_pending_rights_review,No deletion in phase 1.
LY-HOT-000077,hotels,IMG-A226501C2C5AC872,assets/images/hotels/hotels-LY-HOTELS-00077-02.webp,local_images,probably_correct,false,Existing local link; destination not independently re-verified,retain_pending_rights_review,No deletion in phase 1.
LY-HOT-000077,hotels,IMG-7D813CB38D6D33EC,assets/images/hotels/hotels-LY-HOTELS-00077-03.webp,local_images,probably_correct,false,Existing local link; destination not independently re-verified,retain_pending_rights_review,No deletion in phase 1.
LY-HOT-000078,hotels,IMG-F83777E607F937D9,assets/images/hotels/hotels-LY-HOTELS-00078-01.webp,local_images,probably_correct,false,Existing local link; destination not independently re-verified,retain_pending_rights_review,No deletion in phase 1.
LY-HOT-000078,hotels,IMG-B4B10F0D39B315A2,assets/images/hotels/hotels-LY-HOTELS-00078-02.webp,local_images,probably_correct,false,Existing local link; destination not independently re-verified,retain_pending_rights_review,No deletion in phase 1.
LY-HOT-000078,hotels,IMG-2C6CCAAC860933E7,assets/images/hotels/hotels-LY-HOTELS-00078-03.webp,local_images,probably_correct,false,Existing local link; destination not independently re-verified,retain_pending_rights_review,No deletion in phase 1.
LY-HOT-000079,hotels,IMG-280C1B178E8D3CFF,assets/images/hotels/hotels-LY-HOTELS-00079-01.webp,local_images,probably_correct,false,Existing local link; destination not independently re-verified,retain_pending_rights_review,No deletion in phase 1.
LY-HOT-000079,hotels,IMG-1834A16B1E6893A7,assets/images/hotels/hotels-LY-HOTELS-00079-02.webp,local_images,probably_correct,false,Existing local link; destination not independently re-verified,retain_pending_rights_review,No deletion in phase 1.
LY-HOT-000079,hotels,IMG-773578DB80421152,assets/images/hotels/hotels-LY-HOTELS-00079-03.webp,local_images,probably_correct,false,Existing local link; destination not independently re-verified,retain_pending_rights_review,No deletion in phase 1.
LY-HOT-000079,hotels,IMG-00AD23CCC437AF69,assets/images/hotels/hotels-LY-HOTELS-00079-04.webp,local_images,probably_correct,false,Existing local link; destination not independently re-verified,retain_pending_rights_review,No deletion in phase 1.
LY-HOT-000079,hotels,IMG-558A07BE19CA49F3,assets/images/hotels/hotels-LY-HOTELS-00079-05.webp,local_images,probably_correct,false,Existing local link; destination not independently re-verified,retain_pending_rights_review,No deletion in phase 1.
LY-HOT-000080,hotels,IMG-03FE1BFC24DF7657,assets/images/hotels/hotels-LY-HOTELS-00080-01.webp,local_images,probably_correct,false,Existing local link; destination not independently re-verified,retain_pending_rights_review,No deletion in phase 1.
LY-HOT-000080,hotels,IMG-8260C35E37C8BB09,assets/images/hotels/hotels-LY-HOTELS-00080-02.webp,local_images,probably_correct,false,Existing local link; destination not independently re-verified,retain_pending_rights_review,No deletion in phase 1.
LY-HOT-000080,hotels,IMG-0072368E13CFE601,assets/images/hotels/hotels-LY-HOTELS-00080-03.webp,local_images,probably_correct,false,Existing local link; destination not independently re-verified,retain_pending_rights_review,No deletion in phase 1.
LY-HOT-000080,hotels,IMG-3774034861DF847F,assets/images/hotels/hotels-LY-HOTELS-00080-04.webp,local_images,probably_correct,false,Existing local link; destination not independently re-verified,retain_pending_rights_review,No deletion in phase 1.
LY-HOT-000080,hotels,IMG-4AE1EF36145F026A,assets/images/hotels/hotels-LY-HOTELS-00080-05.webp,local_images,probably_correct,false,Existing local link; destination not independently re-verified,retain_pending_rights_review,No deletion in phase 1.
LY-HOT-000081,hotels,IMG-00DF5A97DE0DCF00,assets/images/hotels/hotels-LY-HOTELS-00081-01.webp,local_images,probably_correct,false,Existing local link; destination not independently re-verified,retain_pending_rights_review,No deletion in phase 1.
LY-HOT-000081,hotels,IMG-7AB18C0F32D27614,assets/images/hotels/hotels-LY-HOTELS-00081-02.webp,local_images,probably_correct,false,Existing local link; destination not independently re-verified,retain_pending_rights_review,No deletion in phase 1.
LY-HOT-000081,hotels,IMG-34A938DE57371F07,assets/images/hotels/hotels-LY-HOTELS-00081-03.webp,local_images,probably_correct,false,Existing local link; destination not independently re-verified,retain_pending_rights_review,No deletion in phase 1.
LY-HOT-000084,hotels,IMG-612CCDBF36460E46,assets/images/hotels/hotels-LY-HOTELS-00084-01.webp,local_images,probably_correct,false,Existing local link; destination not independently re-verified,retain_pending_rights_review,No deletion in phase 1.
LY-HOT-000085,hotels,IMG-477F3B49EC08BB94,assets/images/hotels/hotels-LY-HOTELS-00085-01.webp,local_images,probably_correct,false,Existing local link; destination not independently re-verified,retain_pending_rights_review,No deletion in phase 1.
LY-HOT-000085,hotels,IMG-F233C639D2E8E39B,assets/images/hotels/hotels-LY-HOTELS-00085-02.webp,local_images,probably_correct,false,Existing local link; destination not independently re-verified,retain_pending_rights_review,No deletion in phase 1.
LY-HOT-000085,hotels,IMG-CA972D864941F241,assets/images/hotels/hotels-LY-HOTELS-00085-03.webp,local_images,probably_correct,false,Existing local link; destination not independently re-verified,retain_pending_rights_review,No deletion in phase 1.
LY-HOT-000086,hotels,IMG-F7EC6271B650752B,assets/images/hotels/hotels-LY-HOTELS-00086-01.webp,local_images,probably_correct,false,Existing local link; destination not independently re-verified,retain_pending_rights_review,No deletion in phase 1.
LY-HOT-000086,hotels,IMG-F0A86AFA3850DF73,assets/images/hotels/hotels-LY-HOTELS-00086-02.webp,local_images,probably_correct,false,Existing local link; destination not independently re-verified,retain_pending_rights_review,No deletion in phase 1.
LY-HOT-000086,hotels,IMG-26336BB4A4128505,assets/images/hotels/hotels-LY-HOTELS-00086-03.webp,local_images,probably_correct,false,Existing local link; destination not independently re-verified,retain_pending_rights_review,No deletion in phase 1.
LY-HOT-000086,hotels,IMG-51E13EC44319543A,assets/images/hotels/hotels-LY-HOTELS-00086-04.webp,local_images,probably_correct,false,Existing local link; destination not independently re-verified,retain_pending_rights_review,No deletion in phase 1.
LY-HOT-000086,hotels,IMG-78AF229C6E680D31,assets/images/hotels/hotels-LY-HOTELS-00086-05.webp,local_images,probably_correct,false,Existing local link; destination not independently re-verified,retain_pending_rights_review,No deletion in phase 1.
LY-HOT-000088,hotels,IMG-599C8099E31AA502,assets/images/hotels/hotels-LY-HOTELS-00088-01.webp,local_images,probably_correct,false,Existing local link; destination not independently re-verified,retain_pending_rights_review,No deletion in phase 1.
LY-HOT-000090,hotels,IMG-51AB10EF4C188BE1,assets/images/hotels/hotels-LY-HOTELS-00090-01.webp,local_images,probably_correct,false,Existing local link; destination not independently re-verified,retain_pending_rights_review,No deletion in phase 1.
LY-HOT-000090,hotels,IMG-30C2E9E862A9C5C2,assets/images/hotels/hotels-LY-HOTELS-00090-02.webp,local_images,probably_correct,false,Existing local link; destination not independently re-verified,retain_pending_rights_review,No deletion in phase 1.
LY-HOT-000090,hotels,IMG-12943799F215FFA1,assets/images/hotels/hotels-LY-HOTELS-00090-03.webp,local_images,probably_correct,false,Existing local link; destination not independently re-verified,retain_pending_rights_review,No deletion in phase 1.
LY-HOT-000090,hotels,IMG-5446A0D246BDB060,assets/images/hotels/hotels-LY-HOTELS-00090-04.webp,local_images,probably_correct,false,Existing local link; destination not independently re-verified,retain_pending_rights_review,No deletion in phase 1.
LY-HOT-000091,hotels,IMG-EF3B1425ACE980F9,assets/images/hotels/hotels-LY-HOTELS-00091-01.webp,local_images,probably_correct,false,Existing local link; destination not independently re-verified,retain_pending_rights_review,No deletion in phase 1.
LY-HOT-000091,hotels,IMG-97B67FA8214D0FB6,assets/images/hotels/hotels-LY-HOTELS-00091-02.webp,local_images,probably_correct,false,Existing local link; destination not independently re-verified,retain_pending_rights_review,No deletion in phase 1.
LY-HOT-000091,hotels,IMG-DB9C038597427F88,assets/images/hotels/hotels-LY-HOTELS-00091-03.webp,local_images,probably_correct,false,Existing local link; destination not independently re-verified,retain_pending_rights_review,No deletion in phase 1.
LY-HOT-000093,hotels,IMG-CB4676B3E9A8B840,assets/images/hotels/hotels-LY-HOTELS-00093-01.webp,local_images,probably_correct,false,Existing local link; destination not independently re-verified,retain_pending_rights_review,No deletion in phase 1.
LY-HOT-000093,hotels,IMG-1C913458A0A1FA14,assets/images/hotels/hotels-LY-HOTELS-00093-02.webp,local_images,probably_correct,false,Existing local link; destination not independently re-verified,retain_pending_rights_review,No deletion in phase 1.
LY-HOT-000093,hotels,IMG-EC161DF704B60C62,assets/images/hotels/hotels-LY-HOTELS-00093-03.webp,local_images,probably_correct,false,Existing local link; destination not independently re-verified,retain_pending_rights_review,No deletion in phase 1.
LY-HOT-000093,hotels,IMG-7390E3985E994889,assets/images/hotels/hotels-LY-HOTELS-00093-04.webp,local_images,probably_correct,false,Existing local link; destination not independently re-verified,retain_pending_rights_review,No deletion in phase 1.
LY-HOT-000093,hotels,IMG-504EED655E0E89A8,assets/images/hotels/hotels-LY-HOTELS-00093-05.webp,local_images,probably_correct,false,Existing local link; destination not independently re-verified,retain_pending_rights_review,No deletion in phase 1.
LY-HOT-000094,hotels,IMG-7AC07FEBBAB341ED,assets/images/hotels/hotels-LY-HOTELS-00094-01.webp,local_images,probably_correct,false,Existing local link; destination not independently re-verified,retain_pending_rights_review,No deletion in phase 1.
LY-HOT-000094,hotels,IMG-721223318E5E708D,assets/images/hotels/hotels-LY-HOTELS-00094-02.webp,local_images,probably_correct,false,Existing local link; destination not independently re-verified,retain_pending_rights_review,No deletion in phase 1.
LY-HOT-000094,hotels,IMG-4B795440EECE20DD,assets/images/hotels/hotels-LY-HOTELS-00094-03.webp,local_images,probably_correct,false,Existing local link; destination not independently re-verified,retain_pending_rights_review,No deletion in phase 1.
LY-HOT-000094,hotels,IMG-FF2D6F1DE9B8A28E,assets/images/hotels/hotels-LY-HOTELS-00094-04.webp,local_images,probably_correct,false,Existing local link; destination not independently re-verified,retain_pending_rights_review,No deletion in phase 1.
LY-HOT-000094,hotels,IMG-EB12D6D8A06EB449,assets/images/hotels/hotels-LY-HOTELS-00094-05.webp,local_images,probably_correct,false,Existing local link; destination not independently re-verified,retain_pending_rights_review,No deletion in phase 1.
LY-HOT-000095,hotels,IMG-92E4F00620C05EFB,assets/images/hotels/hotels-LY-HOTELS-00095-01.webp,local_images,probably_correct,false,Existing local link; destination not independently re-verified,retain_pending_rights_review,No deletion in phase 1.
LY-HOT-000095,hotels,IMG-633699F21BBE3217,assets/images/hotels/hotels-LY-HOTELS-00095-02.webp,local_images,probably_correct,false,Existing local link; destination not independently re-verified,retain_pending_rights_review,No deletion in phase 1.
LY-HOT-000095,hotels,IMG-A4487F2CA2196402,assets/images/hotels/hotels-LY-HOTELS-00095-03.webp,local_images,probably_correct,false,Existing local link; destination not independently re-verified,retain_pending_rights_review,No deletion in phase 1.
LY-HOT-000095,hotels,IMG-54EA892176139C03,assets/images/hotels/hotels-LY-HOTELS-00095-04.webp,local_images,probably_correct,false,Existing local link; destination not independently re-verified,retain_pending_rights_review,No deletion in phase 1.
LY-HOT-000096,hotels,IMG-F9F53CED1C50A8BD,assets/images/hotels/hotels-LY-HOTELS-00096-01.webp,local_images,probably_correct,false,Existing local link; destination not independently re-verified,retain_pending_rights_review,No deletion in phase 1.
LY-HOT-000096,hotels,IMG-A7ED8DCF2BD7BC71,assets/images/hotels/hotels-LY-HOTELS-00096-02.webp,local_images,probably_correct,false,Existing local link; destination not independently re-verified,retain_pending_rights_review,No deletion in phase 1.
LY-HOT-000096,hotels,IMG-9A61888B3EDEC90B,assets/images/hotels/hotels-LY-HOTELS-00096-03.webp,local_images,probably_correct,false,Existing local link; destination not independently re-verified,retain_pending_rights_review,No deletion in phase 1.
LY-HOT-000097,hotels,IMG-0D74F9F296DF86DD,assets/images/hotels/hotels-LY-HOTELS-00097-01.webp,local_images,probably_correct,false,Existing local link; destination not independently re-verified,retain_pending_rights_review,No deletion in phase 1.
LY-HOT-000097,hotels,IMG-8E1D2687C2584EF2,assets/images/hotels/hotels-LY-HOTELS-00097-02.webp,local_images,probably_correct,false,Existing local link; destination not independently re-verified,retain_pending_rights_review,No deletion in phase 1.
LY-HOT-000097,hotels,IMG-AFEF705E110272D8,assets/images/hotels/hotels-LY-HOTELS-00097-03.webp,local_images,probably_correct,false,Existing local link; destination not independently re-verified,retain_pending_rights_review,No deletion in phase 1.
LY-HOT-000097,hotels,IMG-9F069DAF289EA0A0,assets/images/hotels/hotels-LY-HOTELS-00097-04.webp,local_images,probably_correct,false,Existing local link; destination not independently re-verified,retain_pending_rights_review,No deletion in phase 1.
LY-HOT-000097,hotels,IMG-1DF45172B1BF7BD2,assets/images/hotels/hotels-LY-HOTELS-00097-05.webp,local_images,probably_correct,false,Existing local link; destination not independently re-verified,retain_pending_rights_review,No deletion in phase 1.
LY-HOT-000098,hotels,IMG-C8F2AC0814DA6F5B,assets/images/hotels/hotels-LY-HOTELS-00098-01.webp,local_images,probably_correct,false,Existing local link; destination not independently re-verified,retain_pending_rights_review,No deletion in phase 1.
LY-HOT-000098,hotels,IMG-D3468EA82A39ECE5,assets/images/hotels/hotels-LY-HOTELS-00098-02.webp,local_images,probably_correct,false,Existing local link; destination not independently re-verified,retain_pending_rights_review,No deletion in phase 1.
LY-HOT-000098,hotels,IMG-9FD6E863B6037CB9,assets/images/hotels/hotels-LY-HOTELS-00098-03.webp,local_images,probably_correct,false,Existing local link; destination not independently re-verified,retain_pending_rights_review,No deletion in phase 1.
LY-HOT-000099,hotels,IMG-9F297B4C0B40C957,assets/images/hotels/hotels-LY-HOTELS-00099-01.webp,local_images,probably_correct,false,Existing local link; destination not independently re-verified,retain_pending_rights_review,No deletion in phase 1.
LY-HOT-000099,hotels,IMG-CAE7249A62953873,assets/images/hotels/hotels-LY-HOTELS-00099-02.webp,local_images,probably_correct,false,Existing local link; destination not independently re-verified,retain_pending_rights_review,No deletion in phase 1.
LY-HOT-000099,hotels,IMG-AC35D29C25944063,assets/images/hotels/hotels-LY-HOTELS-00099-03.webp,local_images,probably_correct,false,Existing local link; destination not independently re-verified,retain_pending_rights_review,No deletion in phase 1.
LY-HOT-000099,hotels,IMG-20D7A9FC21E30A0E,assets/images/hotels/hotels-LY-HOTELS-00099-04.webp,local_images,probably_correct,false,Existing local link; destination not independently re-verified,retain_pending_rights_review,No deletion in phase 1.
LY-HOT-000099,hotels,IMG-9451658CBCB2438B,assets/images/hotels/hotels-LY-HOTELS-00099-05.webp,local_images,probably_correct,false,Existing local link; destination not independently re-verified,retain_pending_rights_review,No deletion in phase 1.
LY-HOT-000099,hotels,IMG-5AE49B68EB0A156C,assets/images/hotels/hotels-LY-HOTELS-00099-06.webp,local_images,probably_correct,false,Existing local link; destination not independently re-verified,retain_pending_rights_review,No deletion in phase 1.
LY-HOT-000099,hotels,IMG-7677C012901A661B,assets/images/hotels/hotels-LY-HOTELS-00099-07.webp,local_images,probably_correct,false,Existing local link; destination not independently re-verified,retain_pending_rights_review,No deletion in phase 1.
LY-HOT-000099,hotels,IMG-BD81FB1B239C08FB,assets/images/hotels/hotels-LY-HOTELS-00099-08.webp,local_images,probably_correct,false,Existing local link; destination not independently re-verified,retain_pending_rights_review,No deletion in phase 1.
LY-HOT-000099,hotels,IMG-FBC3DEE6C014E074,assets/images/hotels/hotels-LY-HOTELS-00099-09.webp,local_images,probably_correct,false,Existing local link; destination not independently re-verified,retain_pending_rights_review,No deletion in phase 1.
LY-HOT-000099,hotels,IMG-7E197A3C314FAA3F,assets/images/hotels/hotels-LY-HOTELS-00099-10.webp,local_images,probably_correct,false,Existing local link; destination not independently re-verified,retain_pending_rights_review,No deletion in phase 1.
LY-HOT-000100,hotels,IMG-50C88BA946BC9961,assets/images/hotels/hotels-LY-HOTELS-00100-01.webp,local_images,probably_correct,false,Existing local link; destination not independently re-verified,retain_pending_rights_review,No deletion in phase 1.
LY-HOT-000100,hotels,IMG-C06A0EBCFAEA2B57,assets/images/hotels/hotels-LY-HOTELS-00100-02.webp,local_images,probably_correct,false,Existing local link; destination not independently re-verified,retain_pending_rights_review,No deletion in phase 1.
LY-HOT-000100,hotels,IMG-69062897509C628E,assets/images/hotels/hotels-LY-HOTELS-00100-03.webp,local_images,probably_correct,false,Existing local link; destination not independently re-verified,retain_pending_rights_review,No deletion in phase 1.
LY-HOT-000100,hotels,IMG-91B4AED0FE2BBA89,assets/images/hotels/hotels-LY-HOTELS-00100-04.webp,local_images,probably_correct,false,Existing local link; destination not independently re-verified,retain_pending_rights_review,No deletion in phase 1.
LY-HOT-000102,hotels,IMG-055271F1382E9D5A,assets/images/hotels/hotels-LY-HOTELS-00102-01.webp,local_images,probably_correct,false,Existing local link; destination not independently re-verified,retain_pending_rights_review,No deletion in phase 1.
LY-HOT-000102,hotels,IMG-3395225F54504E31,assets/images/hotels/hotels-LY-HOTELS-00102-02.webp,local_images,probably_correct,false,Existing local link; destination not independently re-verified,retain_pending_rights_review,No deletion in phase 1.
LY-HOT-000102,hotels,IMG-B3F78DA2F7BA0492,assets/images/hotels/hotels-LY-HOTELS-00102-03.webp,local_images,probably_correct,false,Existing local link; destination not independently re-verified,retain_pending_rights_review,No deletion in phase 1.
LY-HOT-000102,hotels,IMG-3092C1186BF5C37B,assets/images/hotels/hotels-LY-HOTELS-00102-04.webp,local_images,probably_correct,false,Existing local link; destination not independently re-verified,retain_pending_rights_review,No deletion in phase 1.
LY-HOT-000102,hotels,IMG-F129B3CAB0A9850A,assets/images/hotels/hotels-LY-HOTELS-00102-05.webp,local_images,probably_correct,false,Existing local link; destination not independently re-verified,retain_pending_rights_review,No deletion in phase 1.
LY-HOT-000103,hotels,IMG-5FD7D29019D53E4A,assets/images/hotels/hotels-LY-HOTELS-00103-01.webp,local_images,probably_correct,false,Existing local link; destination not independently re-verified,retain_pending_rights_review,No deletion in phase 1.
LY-HOT-000103,hotels,IMG-F1D49822B9E50E75,assets/images/hotels/hotels-LY-HOTELS-00103-02.webp,local_images,probably_correct,false,Existing local link; destination not independently re-verified,retain_pending_rights_review,No deletion in phase 1.
LY-HOT-000103,hotels,IMG-DACA10C87FFEDDF2,assets/images/hotels/hotels-LY-HOTELS-00103-03.webp,local_images,probably_correct,false,Existing local link; destination not independently re-verified,retain_pending_rights_review,No deletion in phase 1.
LY-HOT-000105,hotels,IMG-9D9788DF5F512236,assets/images/hotels/hotels-LY-HOTELS-00105-01.webp,local_images,probably_correct,false,Existing local link; destination not independently re-verified,retain_pending_rights_review,No deletion in phase 1.
LY-HOT-000105,hotels,IMG-A6AA8F89D8035298,assets/images/hotels/hotels-LY-HOTELS-00105-02.webp,local_images,probably_correct,false,Existing local link; destination not independently re-verified,retain_pending_rights_review,No deletion in phase 1.
LY-HOT-000105,hotels,IMG-5931F77CB872CA65,assets/images/hotels/hotels-LY-HOTELS-00105-03.webp,local_images,probably_correct,false,Existing local link; destination not independently re-verified,retain_pending_rights_review,No deletion in phase 1.
LY-HOT-000105,hotels,IMG-65FE8276C93C607B,assets/images/hotels/hotels-LY-HOTELS-00105-04.webp,local_images,probably_correct,false,Existing local link; destination not independently re-verified,retain_pending_rights_review,No deletion in phase 1.
LY-HOT-000105,hotels,IMG-BC05599FBBCAA307,assets/images/hotels/hotels-LY-HOTELS-00105-05.webp,local_images,probably_correct,false,Existing local link; destination not independently re-verified,retain_pending_rights_review,No deletion in phase 1.
LY-HOT-000105,hotels,IMG-CF5B85980D944684,assets/images/hotels/hotels-LY-HOTELS-00105-06.webp,local_images,probably_correct,false,Existing local link; destination not independently re-verified,retain_pending_rights_review,No deletion in phase 1.
LY-HOT-000106,hotels,IMG-473D64CC0B4F095E,assets/images/hotels/hotels-LY-HOTELS-00106-01.webp,local_images,probably_correct,false,Existing local link; destination not independently re-verified,retain_pending_rights_review,No deletion in phase 1.
LY-HOT-000106,hotels,IMG-F945AEDAF1808D51,assets/images/hotels/hotels-LY-HOTELS-00106-02.webp,local_images,probably_correct,false,Existing local link; destination not independently re-verified,retain_pending_rights_review,No deletion in phase 1.
LY-HOT-000106,hotels,IMG-43CBC8CB7C57858F,assets/images/hotels/hotels-LY-HOTELS-00106-03.webp,local_images,probably_correct,false,Existing local link; destination not independently re-verified,retain_pending_rights_review,No deletion in phase 1.
LY-HOT-000106,hotels,IMG-43D287B6930B4435,assets/images/hotels/hotels-LY-HOTELS-00106-04.webp,local_images,probably_correct,false,Existing local link; destination not independently re-verified,retain_pending_rights_review,No deletion in phase 1.
LY-HOT-000106,hotels,IMG-DC7DCA525167CC8C,assets/images/hotels/hotels-LY-HOTELS-00106-05.webp,local_images,probably_correct,false,Existing local link; destination not independently re-verified,retain_pending_rights_review,No deletion in phase 1.
LY-HOT-000106,hotels,IMG-080B18A3BC9738ED,assets/images/hotels/hotels-LY-HOTELS-00106-06.webp,local_images,probably_correct,false,Existing local link; destination not independently re-verified,retain_pending_rights_review,No deletion in phase 1.
LY-HOT-000107,hotels,IMG-6580CB7EB805DFF0,assets/images/hotels/hotels-LY-HOTELS-00107-01.webp,local_images,probably_correct,false,Existing local link; destination not independently re-verified,retain_pending_rights_review,No deletion in phase 1.
LY-HOT-000107,hotels,IMG-370B5C3B65A1A3C4,assets/images/hotels/hotels-LY-HOTELS-00107-02.webp,local_images,probably_correct,false,Existing local link; destination not independently re-verified,retain_pending_rights_review,No deletion in phase 1.
LY-HOT-000107,hotels,IMG-37F922D5DEF09175,assets/images/hotels/hotels-LY-HOTELS-00107-03.webp,local_images,probably_correct,false,Existing local link; destination not independently re-verified,retain_pending_rights_review,No deletion in phase 1.
LY-HOT-000107,hotels,IMG-50B546F3C44D52E7,assets/images/hotels/hotels-LY-HOTELS-00107-04.webp,local_images,probably_correct,false,Existing local link; destination not independently re-verified,retain_pending_rights_review,No deletion in phase 1.
LY-HOT-000108,hotels,IMG-60AE2A53516D38B5,assets/images/hotels/hotels-LY-HOTELS-00108-01.webp,local_images,probably_correct,false,Existing local link; destination not independently re-verified,retain_pending_rights_review,No deletion in phase 1.
LY-HOT-000108,hotels,IMG-63D96C449B2D04DB,assets/images/hotels/hotels-LY-HOTELS-00108-02.webp,local_images,probably_correct,false,Existing local link; destination not independently re-verified,retain_pending_rights_review,No deletion in phase 1.
LY-HOT-000108,hotels,IMG-40EAEC4C6760A8C3,assets/images/hotels/hotels-LY-HOTELS-00108-03.webp,local_images,probably_correct,false,Existing local link; destination not independently re-verified,retain_pending_rights_review,No deletion in phase 1.
LY-HOT-000109,hotels,IMG-14E7A433C1AA23C9,assets/images/hotels/hotels-LY-HOTELS-00109-01.webp,local_images,probably_correct,false,Existing local link; destination not independently re-verified,retain_pending_rights_review,No deletion in phase 1.
LY-HOT-000109,hotels,IMG-F784DB5397D016BA,assets/images/hotels/hotels-LY-HOTELS-00109-02.webp,local_images,probably_correct,false,Existing local link; destination not independently re-verified,retain_pending_rights_review,No deletion in phase 1.
LY-HOT-000109,hotels,IMG-A63425A76138E1B0,assets/images/hotels/hotels-LY-HOTELS-00109-03.webp,local_images,probably_correct,false,Existing local link; destination not independently re-verified,retain_pending_rights_review,No deletion in phase 1.
LY-HOT-000110,hotels,IMG-DA0ECA578123941F,assets/images/hotels/hotels-LY-HOTELS-00110-01.webp,local_images,probably_correct,false,Existing local link; destination not independently re-verified,retain_pending_rights_review,No deletion in phase 1.
LY-HOT-000110,hotels,IMG-338CC40AD91622F4,assets/images/hotels/hotels-LY-HOTELS-00110-02.webp,local_images,probably_correct,false,Existing local link; destination not independently re-verified,retain_pending_rights_review,No deletion in phase 1.
LY-HOT-000112,hotels,IMG-6BCB30EA9DC9D585,assets/images/hotels/hotels-LY-HOTELS-00112-01.webp,local_images,probably_correct,false,Existing local link; destination not independently re-verified,retain_pending_rights_review,No deletion in phase 1.
LY-HOT-000112,hotels,IMG-872163498C1308A2,assets/images/hotels/hotels-LY-HOTELS-00112-02.webp,local_images,probably_correct,false,Existing local link; destination not independently re-verified,retain_pending_rights_review,No deletion in phase 1.
LY-HOT-000112,hotels,IMG-57CC6290CF85CBB0,assets/images/hotels/hotels-LY-HOTELS-00112-03.webp,local_images,probably_correct,false,Existing local link; destination not independently re-verified,retain_pending_rights_review,No deletion in phase 1.
LY-HOT-000112,hotels,IMG-0D376903126C3B56,assets/images/hotels/hotels-LY-HOTELS-00112-04.webp,local_images,probably_correct,false,Existing local link; destination not independently re-verified,retain_pending_rights_review,No deletion in phase 1.
LY-HOT-000112,hotels,IMG-364EE0B0BB3600EC,assets/images/hotels/hotels-LY-HOTELS-00112-05.webp,local_images,probably_correct,false,Existing local link; destination not independently re-verified,retain_pending_rights_review,No deletion in phase 1.
LY-HOT-000113,hotels,IMG-046EDC55FFD15293,assets/images/hotels/hotels-LY-HOTELS-00113-01.webp,local_images,probably_correct,false,Existing local link; destination not independently re-verified,retain_pending_rights_review,No deletion in phase 1.
LY-HOT-000113,hotels,IMG-E6FB468A34553F69,assets/images/hotels/hotels-LY-HOTELS-00113-02.webp,local_images,probably_correct,false,Existing local link; destination not independently re-verified,retain_pending_rights_review,No deletion in phase 1.
LY-HOT-000113,hotels,IMG-CD389C5BBF989F52,assets/images/hotels/hotels-LY-HOTELS-00113-03.webp,local_images,probably_correct,false,Existing local link; destination not independently re-verified,retain_pending_rights_review,No deletion in phase 1.
LY-HOT-000113,hotels,IMG-6246F499D62CE225,assets/images/hotels/hotels-LY-HOTELS-00113-04.webp,local_images,probably_correct,false,Existing local link; destination not independently re-verified,retain_pending_rights_review,No deletion in phase 1.
LY-HOT-000113,hotels,IMG-309C79A0A4047E8E,assets/images/hotels/hotels-LY-HOTELS-00113-05.webp,local_images,probably_correct,false,Existing local link; destination not independently re-verified,retain_pending_rights_review,No deletion in phase 1.
LY-HOT-000114,hotels,IMG-9177C7EFBB2B6B7C,assets/images/hotels/hotels-LY-HOTELS-00114-01.webp,local_images,probably_correct,false,Existing local link; destination not independently re-verified,retain_pending_rights_review,No deletion in phase 1.
LY-HOT-000114,hotels,IMG-A086DC41704ADD1B,assets/images/hotels/hotels-LY-HOTELS-00114-02.webp,local_images,probably_correct,false,Existing local link; destination not independently re-verified,retain_pending_rights_review,No deletion in phase 1.
LY-HOT-000114,hotels,IMG-2D3E0AAAE22E7D91,assets/images/hotels/hotels-LY-HOTELS-00114-03.webp,local_images,probably_correct,false,Existing local link; destination not independently re-verified,retain_pending_rights_review,No deletion in phase 1.
LY-HOT-000114,hotels,IMG-92BEF614FB666C53,assets/images/hotels/hotels-LY-HOTELS-00114-04.webp,local_images,probably_correct,false,Existing local link; destination not independently re-verified,retain_pending_rights_review,No deletion in phase 1.
LY-HOT-000114,hotels,IMG-5BFF82E347ADC00E,assets/images/hotels/hotels-LY-HOTELS-00114-05.webp,local_images,probably_correct,false,Existing local link; destination not independently re-verified,retain_pending_rights_review,No deletion in phase 1.
LY-HOT-000114,hotels,IMG-BA13A3ED90379651,assets/images/hotels/hotels-LY-HOTELS-00114-06.webp,local_images,probably_correct,false,Existing local link; destination not independently re-verified,retain_pending_rights_review,No deletion in phase 1.
LY-HOT-000115,hotels,IMG-110FEF464D2C395F,assets/images/hotels/hotels-LY-HOTELS-00031-02.webp,local_images,probably_correct,false,Existing local link; destination not independently re-verified,retain_pending_rights_review,No deletion in phase 1.
LY-HOT-000115,hotels,IMG-792FD5E40F6FFFF5,assets/images/hotels/hotels-LY-HOTELS-00031-05.webp,local_images,probably_correct,false,Existing local link; destination not independently re-verified,retain_pending_rights_review,No deletion in phase 1.
LY-HOT-000115,hotels,IMG-FFE2673C35F0DB78,assets/images/hotels/hotels-LY-HOTELS-00031-06.webp,local_images,probably_correct,false,Existing local link; destination not independently re-verified,retain_pending_rights_review,No deletion in phase 1.
LY-HOT-000115,hotels,IMG-590675C1DE7ECB98,assets/images/hotels/hotels-LY-HOTELS-00031-03.webp,local_images,probably_correct,false,Existing local link; destination not independently re-verified,retain_pending_rights_review,No deletion in phase 1.
LY-HOT-000115,hotels,IMG-88F9E3D4EBB82F29,assets/images/hotels/hotels-LY-HOTELS-00031-04.webp,local_images,probably_correct,false,Existing local link; destination not independently re-verified,retain_pending_rights_review,No deletion in phase 1.
LY-HOT-000116,hotels,IMG-418C257283B4249C,assets/images/hotels/hotels-LY-HOTELS-00116-01.webp,local_images,probably_correct,false,Existing local link; destination not independently re-verified,retain_pending_rights_review,No deletion in phase 1.
LY-HOT-000118,hotels,IMG-67129E3029742E03,assets/images/hotels/hotels-LY-HOTELS-00118-01.webp,local_images,probably_correct,false,Existing local link; destination not independently re-verified,retain_pending_rights_review,No deletion in phase 1.
LY-HOT-000118,hotels,IMG-CC8B9FFC0DA311E6,assets/images/hotels/hotels-LY-HOTELS-00118-02.webp,local_images,probably_correct,false,Existing local link; destination not independently re-verified,retain_pending_rights_review,No deletion in phase 1.
LY-HOT-000118,hotels,IMG-41CCA8F0FE97732E,assets/images/hotels/hotels-LY-HOTELS-00118-03.webp,local_images,probably_correct,false,Existing local link; destination not independently re-verified,retain_pending_rights_review,No deletion in phase 1.
LY-HOT-000118,hotels,IMG-03BCED39B74C88E8,assets/images/hotels/hotels-LY-HOTELS-00118-04.webp,local_images,probably_correct,false,Existing local link; destination not independently re-verified,retain_pending_rights_review,No deletion in phase 1.
LY-HOT-000118,hotels,IMG-8CB3641F2E0E2918,assets/images/hotels/hotels-LY-HOTELS-00118-05.webp,local_images,probably_correct,false,Existing local link; destination not independently re-verified,retain_pending_rights_review,No deletion in phase 1.
LY-HOT-000118,hotels,IMG-8F34F98C40532FD5,assets/images/hotels/hotels-LY-HOTELS-00118-06.webp,local_images,probably_correct,false,Existing local link; destination not independently re-verified,retain_pending_rights_review,No deletion in phase 1.
LY-HOT-000118,hotels,IMG-8201EBFF517080E7,assets/images/hotels/hotels-LY-HOTELS-00118-07.webp,local_images,probably_correct,false,Existing local link; destination not independently re-verified,retain_pending_rights_review,No deletion in phase 1.
LY-HOT-000118,hotels,IMG-95FBA11274111986,assets/images/hotels/hotels-LY-HOTELS-00118-08.webp,local_images,probably_correct,false,Existing local link; destination not independently re-verified,retain_pending_rights_review,No deletion in phase 1.
LY-HOT-000118,hotels,IMG-3E02AB981525E9A7,assets/images/hotels/hotels-LY-HOTELS-00118-09.webp,local_images,probably_correct,false,Existing local link; destination not independently re-verified,retain_pending_rights_review,No deletion in phase 1.
LY-HOT-000119,hotels,IMG-E6FB468A34553F69,assets/images/hotels/hotels-LY-HOTELS-00113-02.webp,local_images,probably_correct,false,Existing local link; destination not independently re-verified,retain_pending_rights_review,No deletion in phase 1.
LY-HOT-000119,hotels,IMG-046EDC55FFD15293,assets/images/hotels/hotels-LY-HOTELS-00113-01.webp,local_images,probably_correct,false,Existing local link; destination not independently re-verified,retain_pending_rights_review,No deletion in phase 1.
LY-HOT-000119,hotels,IMG-CD389C5BBF989F52,assets/images/hotels/hotels-LY-HOTELS-00113-03.webp,local_images,probably_correct,false,Existing local link; destination not independently re-verified,retain_pending_rights_review,No deletion in phase 1.
LY-HOT-000120,hotels,IMG-E154B829B141A067,assets/images/hotels/hotels-LY-HOTELS-00120-01.webp,local_images,probably_correct,false,Existing local link; destination not independently re-verified,retain_pending_rights_review,No deletion in phase 1.
LY-HOT-000120,hotels,IMG-799EC0527B395A22,assets/images/hotels/hotels-LY-HOTELS-00120-02.webp,local_images,probably_correct,false,Existing local link; destination not independently re-verified,retain_pending_rights_review,No deletion in phase 1.
LY-HOT-000120,hotels,IMG-E2F5412D4F139C82,assets/images/hotels/hotels-LY-HOTELS-00120-03.webp,local_images,probably_correct,false,Existing local link; destination not independently re-verified,retain_pending_rights_review,No deletion in phase 1.
LY-HOT-000120,hotels,IMG-619A73377581FBAB,assets/images/hotels/hotels-LY-HOTELS-00120-04.webp,local_images,probably_correct,false,Existing local link; destination not independently re-verified,retain_pending_rights_review,No deletion in phase 1.
LY-HOT-000120,hotels,IMG-9A1A586589F43265,assets/images/hotels/hotels-LY-HOTELS-00120-05.webp,local_images,probably_correct,false,Existing local link; destination not independently re-verified,retain_pending_rights_review,No deletion in phase 1.
LY-HOT-000120,hotels,IMG-1F7437ABB55E3BEB,assets/images/hotels/hotels-LY-HOTELS-00120-06.webp,local_images,probably_correct,false,Existing local link; destination not independently re-verified,retain_pending_rights_review,No deletion in phase 1.
LY-HOT-000121,hotels,IMG-433F949188978281,assets/images/hotels/hotels-LY-HOTELS-00121-01.webp,local_images,probably_correct,false,Existing local link; destination not independently re-verified,retain_pending_rights_review,No deletion in phase 1.
LY-HOT-000121,hotels,IMG-8F9E2539142EA71C,assets/images/hotels/hotels-LY-HOTELS-00121-02.webp,local_images,probably_correct,false,Existing local link; destination not independently re-verified,retain_pending_rights_review,No deletion in phase 1.
LY-HOT-000121,hotels,IMG-AC20D13FD1B62BBD,assets/images/hotels/hotels-LY-HOTELS-00121-03.webp,local_images,probably_correct,false,Existing local link; destination not independently re-verified,retain_pending_rights_review,No deletion in phase 1.
LY-HOT-000121,hotels,IMG-8DD2E5F0C6BBEDCF,assets/images/hotels/hotels-LY-HOTELS-00121-04.webp,local_images,probably_correct,false,Existing local link; destination not independently re-verified,retain_pending_rights_review,No deletion in phase 1.
LY-HOT-000123,hotels,IMG-4CC4FED28261BA62,assets/images/hotels/hotels-LY-HOTELS-00123-01.webp,local_images,probably_correct,false,Existing local link; destination not independently re-verified,retain_pending_rights_review,No deletion in phase 1.
LY-HOT-000123,hotels,IMG-D92C0C5281DA8CEE,assets/images/hotels/hotels-LY-HOTELS-00123-02.webp,local_images,probably_correct,false,Existing local link; destination not independently re-verified,retain_pending_rights_review,No deletion in phase 1.
LY-HOT-000123,hotels,IMG-876E9023E794E653,assets/images/hotels/hotels-LY-HOTELS-00123-03.webp,local_images,probably_correct,false,Existing local link; destination not independently re-verified,retain_pending_rights_review,No deletion in phase 1.
LY-HOT-000123,hotels,IMG-73486D97E077B418,assets/images/hotels/hotels-LY-HOTELS-00123-04.webp,local_images,probably_correct,false,Existing local link; destination not independently re-verified,retain_pending_rights_review,No deletion in phase 1.
LY-HOT-000123,hotels,IMG-B3882BBC98371FBC,assets/images/hotels/hotels-LY-HOTELS-00123-05.webp,local_images,probably_correct,false,Existing local link; destination not independently re-verified,retain_pending_rights_review,No deletion in phase 1.
LY-HOT-000123,hotels,IMG-B04035D93B849CAF,assets/images/hotels/hotels-LY-HOTELS-00123-06.webp,local_images,probably_correct,false,Existing local link; destination not independently re-verified,retain_pending_rights_review,No deletion in phase 1.
LY-HOT-000125,hotels,IMG-E62FE6C2A48E1957,assets/images/hotels/hotels-LY-HOTELS-00125-01.webp,local_images,probably_correct,false,Existing local link; destination not independently re-verified,retain_pending_rights_review,No deletion in phase 1.
LY-HOT-000128,hotels,IMG-8D254ED37F12A687,assets/images/hotels/hotels-LY-HOTELS-00128-01.webp,local_images,probably_correct,false,Existing local link; destination not independently re-verified,retain_pending_rights_review,No deletion in phase 1.
LY-HOT-000128,hotels,IMG-7678B7DC2B78352B,assets/images/hotels/hotels-LY-HOTELS-00128-02.webp,local_images,probably_correct,false,Existing local link; destination not independently re-verified,retain_pending_rights_review,No deletion in phase 1.
LY-HOT-000128,hotels,IMG-2D61C021515DC4EC,assets/images/hotels/hotels-LY-HOTELS-00128-03.webp,local_images,probably_correct,false,Existing local link; destination not independently re-verified,retain_pending_rights_review,No deletion in phase 1.
LY-HOT-000128,hotels,IMG-5294CC3B1587CCEF,assets/images/hotels/hotels-LY-HOTELS-00128-04.webp,local_images,probably_correct,false,Existing local link; destination not independently re-verified,retain_pending_rights_review,No deletion in phase 1.
LY-HOT-000128,hotels,IMG-AF4111C89FA4A172,assets/images/hotels/hotels-LY-HOTELS-00128-05.webp,local_images,probably_correct,false,Existing local link; destination not independently re-verified,retain_pending_rights_review,No deletion in phase 1.
LY-HOT-000130,hotels,IMG-274B8FDFA79EB046,assets/images/hotels/hotels-LY-HOTELS-00130-01.webp,local_images,probably_correct,false,Existing local link; destination not independently re-verified,retain_pending_rights_review,No deletion in phase 1.
LY-HOT-000130,hotels,IMG-D9905EE7AF8C7482,assets/images/hotels/hotels-LY-HOTELS-00130-02.webp,local_images,probably_correct,false,Existing local link; destination not independently re-verified,retain_pending_rights_review,No deletion in phase 1.
LY-HOT-000130,hotels,IMG-B5F6E0E4265F36CC,assets/images/hotels/hotels-LY-HOTELS-00130-03.webp,local_images,probably_correct,false,Existing local link; destination not independently re-verified,retain_pending_rights_review,No deletion in phase 1.
LY-HOT-000130,hotels,IMG-F0A6BCB29DAE0F37,assets/images/hotels/hotels-LY-HOTELS-00130-04.webp,local_images,probably_correct,false,Existing local link; destination not independently re-verified,retain_pending_rights_review,No deletion in phase 1.
LY-HOT-000130,hotels,IMG-9F71DCCA6848EB5F,assets/images/hotels/hotels-LY-HOTELS-00130-05.webp,local_images,probably_correct,false,Existing local link; destination not independently re-verified,retain_pending_rights_review,No deletion in phase 1.
LY-HOT-000131,hotels,IMG-BD576D6C7A28616B,assets/images/hotels/hotels-LY-HOTELS-00131-01.webp,local_images,probably_correct,false,Existing local link; destination not independently re-verified,retain_pending_rights_review,No deletion in phase 1.
LY-HOT-000131,hotels,IMG-BC88AB77DCB93265,assets/images/hotels/hotels-LY-HOTELS-00131-02.webp,local_images,probably_correct,false,Existing local link; destination not independently re-verified,retain_pending_rights_review,No deletion in phase 1.
LY-HOT-000131,hotels,IMG-75BFCB73629F11BB,assets/images/hotels/hotels-LY-HOTELS-00131-03.webp,local_images,probably_correct,false,Existing local link; destination not independently re-verified,retain_pending_rights_review,No deletion in phase 1.
LY-HOT-000131,hotels,IMG-99CCD17156F04619,assets/images/hotels/hotels-LY-HOTELS-00131-04.webp,local_images,probably_correct,false,Existing local link; destination not independently re-verified,retain_pending_rights_review,No deletion in phase 1.
LY-HOT-000132,hotels,IMG-E4F857A3669A2646,assets/images/hotels/hotels-LY-HOTELS-00132-01.webp,local_images,probably_correct,false,Existing local link; destination not independently re-verified,retain_pending_rights_review,No deletion in phase 1.
LY-HOT-000132,hotels,IMG-9E368E7C7FCDFB15,assets/images/hotels/hotels-LY-HOTELS-00132-02.webp,local_images,probably_correct,false,Existing local link; destination not independently re-verified,retain_pending_rights_review,No deletion in phase 1.
LY-HOT-000132,hotels,IMG-8F458A838D37B6FB,assets/images/hotels/hotels-LY-HOTELS-00132-03.webp,local_images,probably_correct,false,Existing local link; destination not independently re-verified,retain_pending_rights_review,No deletion in phase 1.
LY-HOT-000132,hotels,IMG-C20CB558F7A2E46C,assets/images/hotels/hotels-LY-HOTELS-00132-04.webp,local_images,probably_correct,false,Existing local link; destination not independently re-verified,retain_pending_rights_review,No deletion in phase 1.
LY-HOT-000132,hotels,IMG-98146B21E3B2EB6E,assets/images/hotels/hotels-LY-HOTELS-00132-05.webp,local_images,probably_correct,false,Existing local link; destination not independently re-verified,retain_pending_rights_review,No deletion in phase 1.
LY-HOT-000134,hotels,IMG-8084340B4BB7CB22,assets/images/hotels/hotels-LY-HOTELS-00134-01.webp,local_images,probably_correct,false,Existing local link; destination not independently re-verified,retain_pending_rights_review,No deletion in phase 1.
LY-HOT-000134,hotels,IMG-FFB15F6AB9322EC3,assets/images/hotels/hotels-LY-HOTELS-00134-02.webp,local_images,probably_correct,false,Existing local link; destination not independently re-verified,retain_pending_rights_review,No deletion in phase 1.
LY-HOT-000135,hotels,IMG-94025569E10A3EC8,assets/images/hotels/hotels-LY-HOTELS-00135-01.webp,local_images,probably_correct,false,Existing local link; destination not independently re-verified,retain_pending_rights_review,No deletion in phase 1.
LY-HOT-000135,hotels,IMG-DF70226F7AAE2BC1,assets/images/hotels/hotels-LY-HOTELS-00135-02.webp,local_images,probably_correct,false,Existing local link; destination not independently re-verified,retain_pending_rights_review,No deletion in phase 1.
LY-HOT-000135,hotels,IMG-90EB4721B07AB31B,assets/images/hotels/hotels-LY-HOTELS-00135-03.webp,local_images,probably_correct,false,Existing local link; destination not independently re-verified,retain_pending_rights_review,No deletion in phase 1.
LY-HOT-000137,hotels,IMG-692D357EF64EECF5,assets/images/hotels/hotels-LY-HOTELS-00137-01.webp,local_images,probably_correct,false,Existing local link; destination not independently re-verified,retain_pending_rights_review,No deletion in phase 1.
LY-HOT-000137,hotels,IMG-C3B22F220B972700,assets/images/hotels/hotels-LY-HOTELS-00049-03.webp,local_images,probably_correct,false,Existing local link; destination not independently re-verified,retain_pending_rights_review,No deletion in phase 1.
LY-HOT-000137,hotels,IMG-FC7531F75F1D908E,assets/images/hotels/hotels-LY-HOTELS-00049-05.webp,local_images,probably_correct,false,Existing local link; destination not independently re-verified,retain_pending_rights_review,No deletion in phase 1.
LY-HOT-000137,hotels,IMG-C0F47DF0B27416D7,assets/images/hotels/hotels-LY-HOTELS-00137-04.webp,local_images,probably_correct,false,Existing local link; destination not independently re-verified,retain_pending_rights_review,No deletion in phase 1.
LY-HOT-000137,hotels,IMG-033D22EBF511990B,assets/images/hotels/hotels-LY-HOTELS-00049-04.webp,local_images,probably_correct,false,Existing local link; destination not independently re-verified,retain_pending_rights_review,No deletion in phase 1.
LY-HOT-000137,hotels,IMG-C8FB27C6A6BB74F9,assets/images/hotels/hotels-LY-HOTELS-00137-06.webp,local_images,probably_correct,false,Existing local link; destination not independently re-verified,retain_pending_rights_review,No deletion in phase 1.
LY-HOT-000137,hotels,IMG-35466BA4EAC40A57,assets/images/hotels/hotels-LY-HOTELS-00137-07.webp,local_images,probably_correct,false,Existing local link; destination not independently re-verified,retain_pending_rights_review,No deletion in phase 1.
LY-HOT-000137,hotels,IMG-EDF072F9A3F3E003,assets/images/hotels/hotels-LY-HOTELS-00137-08.webp,local_images,probably_correct,false,Existing local link; destination not independently re-verified,retain_pending_rights_review,No deletion in phase 1.
LY-HOT-000137,hotels,IMG-41E178BC9D46CD3D,assets/images/hotels/hotels-LY-HOTELS-00137-09.webp,local_images,probably_correct,false,Existing local link; destination not independently re-verified,retain_pending_rights_review,No deletion in phase 1.
LY-HOT-000138,hotels,IMG-29F498B195A17DAE,assets/images/hotels/hotels-LY-HOTELS-00138-01.webp,local_images,probably_correct,false,Existing local link; destination not independently re-verified,retain_pending_rights_review,No deletion in phase 1.
LY-HOT-000138,hotels,IMG-FCBB4EA355E6C846,assets/images/hotels/hotels-LY-HOTELS-00138-02.webp,local_images,probably_correct,false,Existing local link; destination not independently re-verified,retain_pending_rights_review,No deletion in phase 1.
LY-HOT-000143,hotels,IMG-C04C7358AE4C64F2,assets/images/hotels/hotels-LY-HOTELS-00143-01.webp,local_images,probably_correct,false,Existing local link; destination not independently re-verified,retain_pending_rights_review,No deletion in phase 1.
LY-HOT-000145,hotels,IMG-4F1BF241FA1C1032,assets/images/hotels/hotels-LY-HOTELS-00145-01.webp,local_images,probably_correct,false,Existing local link; destination not independently re-verified,retain_pending_rights_review,No deletion in phase 1.
LY-HOT-000145,hotels,IMG-DA5EF619726E796F,assets/images/hotels/hotels-LY-HOTELS-00145-02.webp,local_images,probably_correct,false,Existing local link; destination not independently re-verified,retain_pending_rights_review,No deletion in phase 1.
LY-HOT-000145,hotels,IMG-DDEA8E82387C5088,assets/images/hotels/hotels-LY-HOTELS-00145-03.webp,local_images,probably_correct,false,Existing local link; destination not independently re-verified,retain_pending_rights_review,No deletion in phase 1.
LY-HOT-000145,hotels,IMG-A5568EA985342377,assets/images/hotels/hotels-LY-HOTELS-00145-04.webp,local_images,probably_correct,false,Existing local link; destination not independently re-verified,retain_pending_rights_review,No deletion in phase 1.
LY-HOT-000145,hotels,IMG-1DE3AE7BE7869817,assets/images/hotels/hotels-LY-HOTELS-00145-05.webp,local_images,probably_correct,false,Existing local link; destination not independently re-verified,retain_pending_rights_review,No deletion in phase 1.
LY-HOT-000148,hotels,IMG-1E9790A7A8F159ED,assets/images/hotels/hotels-LY-HOTELS-00148-01.webp,local_images,probably_correct,false,Existing local link; destination not independently re-verified,retain_pending_rights_review,No deletion in phase 1.
LY-HOT-000150,hotels,IMG-03C03752D4FFB0D9,assets/images/hotels/hotels-LY-HOTELS-00150-01.webp,local_images,probably_correct,false,Existing local link; destination not independently re-verified,retain_pending_rights_review,No deletion in phase 1.
LY-HOT-000150,hotels,IMG-AFE2B75E516E14A4,assets/images/hotels/hotels-LY-HOTELS-00150-02.webp,local_images,probably_correct,false,Existing local link; destination not independently re-verified,retain_pending_rights_review,No deletion in phase 1.
LY-HOT-000150,hotels,IMG-4464C6FEF6AF4481,assets/images/hotels/hotels-LY-HOTELS-00150-03.webp,local_images,probably_correct,false,Existing local link; destination not independently re-verified,retain_pending_rights_review,No deletion in phase 1.
LY-HOT-000150,hotels,IMG-9BC9C37BC30E0FDF,assets/images/hotels/hotels-LY-HOTELS-00150-04.webp,local_images,probably_correct,false,Existing local link; destination not independently re-verified,retain_pending_rights_review,No deletion in phase 1.
LY-HOT-000150,hotels,IMG-60B50F1E54CB05EE,assets/images/hotels/hotels-LY-HOTELS-00150-05.webp,local_images,probably_correct,false,Existing local link; destination not independently re-verified,retain_pending_rights_review,No deletion in phase 1.
LY-HOT-000151,hotels,IMG-7408B0FEE6E15B14,assets/images/hotels/hotels-LY-HOTELS-00151-01.webp,local_images,probably_correct,false,Existing local link; destination not independently re-verified,retain_pending_rights_review,No deletion in phase 1.
LY-HOT-000151,hotels,IMG-818C435BB3C41068,assets/images/hotels/hotels-LY-HOTELS-00151-02.webp,local_images,probably_correct,false,Existing local link; destination not independently re-verified,retain_pending_rights_review,No deletion in phase 1.
LY-HOT-000152,hotels,IMG-E3245A512704B018,assets/images/hotels/hotels-LY-HOTELS-00152-01.webp,local_images,probably_correct,false,Existing local link; destination not independently re-verified,retain_pending_rights_review,No deletion in phase 1.
LY-HOT-000152,hotels,IMG-DB3CB5DA660FCDF6,assets/images/hotels/hotels-LY-HOTELS-00152-02.webp,local_images,probably_correct,false,Existing local link; destination not independently re-verified,retain_pending_rights_review,No deletion in phase 1.
LY-HOT-000152,hotels,IMG-126C06C2F26FFDBE,assets/images/hotels/hotels-LY-HOTELS-00152-03.webp,local_images,probably_correct,false,Existing local link; destination not independently re-verified,retain_pending_rights_review,No deletion in phase 1.
LY-HOT-000154,hotels,IMG-4DE50FE5C77F11DC,assets/images/hotels/hotels-LY-HOTELS-00154-01.webp,local_images,probably_correct,false,Existing local link; destination not independently re-verified,retain_pending_rights_review,No deletion in phase 1.
LY-HOT-000155,hotels,IMG-C1A63B7C18A696CC,assets/images/hotels/hotels-LY-HOTELS-00155-01.webp,local_images,probably_correct,false,Existing local link; destination not independently re-verified,retain_pending_rights_review,No deletion in phase 1.
LY-HOT-000157,hotels,IMG-65010E3F7285D3C4,assets/images/hotels/hotels-LY-HOTELS-00157-01.webp,local_images,probably_correct,false,Existing local link; destination not independently re-verified,retain_pending_rights_review,No deletion in phase 1.
LY-HOT-000157,hotels,IMG-18E149F54D0D8C2B,assets/images/hotels/hotels-LY-HOTELS-00157-02.webp,local_images,probably_correct,false,Existing local link; destination not independently re-verified,retain_pending_rights_review,No deletion in phase 1.
LY-HOT-000157,hotels,IMG-1C5220AAA4070B85,assets/images/hotels/hotels-LY-HOTELS-00157-03.webp,local_images,probably_correct,false,Existing local link; destination not independently re-verified,retain_pending_rights_review,No deletion in phase 1.
LY-HOT-000158,hotels,IMG-4F0A3CE02FA1B883,assets/images/hotels/hotels-LY-HOTELS-00075-01.webp,local_images,probably_correct,false,Existing local link; destination not independently re-verified,retain_pending_rights_review,No deletion in phase 1.
LY-HOT-000158,hotels,IMG-D9EDD81AAF8CF93F,assets/images/hotels/hotels-LY-HOTELS-00075-03.webp,local_images,probably_correct,false,Existing local link; destination not independently re-verified,retain_pending_rights_review,No deletion in phase 1.
LY-HOT-000158,hotels,IMG-EA0D93EB480687A0,assets/images/hotels/hotels-LY-HOTELS-00075-05.webp,local_images,probably_correct,false,Existing local link; destination not independently re-verified,retain_pending_rights_review,No deletion in phase 1.
LY-HOT-000160,hotels,IMG-4ECEDB1678C21ED6,assets/images/hotels/hotels-LY-HOTELS-00160-01.webp,local_images,probably_correct,false,Existing local link; destination not independently re-verified,retain_pending_rights_review,No deletion in phase 1.
LY-HOT-000160,hotels,IMG-24ABC32DBA91BFCD,assets/images/hotels/hotels-LY-HOTELS-00160-02.webp,local_images,probably_correct,false,Existing local link; destination not independently re-verified,retain_pending_rights_review,No deletion in phase 1.
LY-HOT-000160,hotels,IMG-3177E8C15F91D0D1,assets/images/hotels/hotels-LY-HOTELS-00160-03.webp,local_images,probably_correct,false,Existing local link; destination not independently re-verified,retain_pending_rights_review,No deletion in phase 1.
LY-HOT-000160,hotels,IMG-DA9A9FA3C235917F,assets/images/hotels/hotels-LY-HOTELS-00160-04.webp,local_images,probably_correct,false,Existing local link; destination not independently re-verified,retain_pending_rights_review,No deletion in phase 1.
LY-HOT-000163,hotels,IMG-4D69B0877B8F026F,assets/images/hotels/hotels-LY-HOTELS-00163-01.webp,local_images,probably_correct,false,Existing local link; destination not independently re-verified,retain_pending_rights_review,No deletion in phase 1.
LY-HOT-000163,hotels,IMG-28497AFA53843B6D,assets/images/hotels/hotels-LY-HOTELS-00163-02.webp,local_images,probably_correct,false,Existing local link; destination not independently re-verified,retain_pending_rights_review,No deletion in phase 1.
LY-HOT-000163,hotels,IMG-A46ADD5F983F4201,assets/images/hotels/hotels-LY-HOTELS-00163-03.webp,local_images,probably_correct,false,Existing local link; destination not independently re-verified,retain_pending_rights_review,No deletion in phase 1.
LY-HOT-000163,hotels,IMG-66BD5EC794889ABA,assets/images/hotels/hotels-LY-HOTELS-00163-04.webp,local_images,probably_correct,false,Existing local link; destination not independently re-verified,retain_pending_rights_review,No deletion in phase 1.
LY-HOT-000164,hotels,IMG-36DA0CCAB2BCB61C,assets/images/hotels/hotels-LY-HOTELS-00164-01.webp,local_images,probably_correct,false,Existing local link; destination not independently re-verified,retain_pending_rights_review,No deletion in phase 1.
LY-HOT-000164,hotels,IMG-066297BAC6AAE169,assets/images/hotels/hotels-LY-HOTELS-00020-05.webp,local_images,probably_correct,false,Existing local link; destination not independently re-verified,retain_pending_rights_review,No deletion in phase 1.
LY-HOT-000164,hotels,IMG-872A6D479BE28E01,assets/images/hotels/hotels-LY-HOTELS-00020-02.webp,local_images,probably_correct,false,Existing local link; destination not independently re-verified,retain_pending_rights_review,No deletion in phase 1.
LY-HOT-000164,hotels,IMG-62E2C2869EB72051,assets/images/hotels/hotels-LY-HOTELS-00020-04.webp,local_images,probably_correct,false,Existing local link; destination not independently re-verified,retain_pending_rights_review,No deletion in phase 1.
LY-HOT-000164,hotels,IMG-253F76E0FE94EBF3,assets/images/hotels/hotels-LY-HOTELS-00020-03.webp,local_images,probably_correct,false,Existing local link; destination not independently re-verified,retain_pending_rights_review,No deletion in phase 1.
LY-HOT-000166,hotels,IMG-D345EAAFD727F3C0,assets/images/hotels/hotels-LY-HOTELS-00166-01.webp,local_images,probably_correct,false,Existing local link; destination not independently re-verified,retain_pending_rights_review,No deletion in phase 1.
LY-HOT-000166,hotels,IMG-63AD22872828ACB6,assets/images/hotels/hotels-LY-HOTELS-00166-02.webp,local_images,probably_correct,false,Existing local link; destination not independently re-verified,retain_pending_rights_review,No deletion in phase 1.
LY-HOT-000166,hotels,IMG-39CD99912915C158,assets/images/hotels/hotels-LY-HOTELS-00166-03.webp,local_images,probably_correct,false,Existing local link; destination not independently re-verified,retain_pending_rights_review,No deletion in phase 1.
LY-HOT-000166,hotels,IMG-083B4B6ABD11C45D,assets/images/hotels/hotels-LY-HOTELS-00166-04.webp,local_images,probably_correct,false,Existing local link; destination not independently re-verified,retain_pending_rights_review,No deletion in phase 1.
LY-HOT-000169,hotels,IMG-87993A1E3CB548BA,assets/images/hotels/hotels-LY-HOTELS-00169-01.webp,local_images,probably_correct,false,Existing local link; destination not independently re-verified,retain_pending_rights_review,No deletion in phase 1.
LY-HOT-000169,hotels,IMG-BC51FF8A7106CA52,assets/images/hotels/hotels-LY-HOTELS-00169-02.webp,local_images,probably_correct,false,Existing local link; destination not independently re-verified,retain_pending_rights_review,No deletion in phase 1.
LY-HOT-000169,hotels,IMG-84CFC3DA9C2D9AF2,assets/images/hotels/hotels-LY-HOTELS-00169-03.webp,local_images,probably_correct,false,Existing local link; destination not independently re-verified,retain_pending_rights_review,No deletion in phase 1.
LY-HOT-000169,hotels,IMG-2CEA967A4108758C,assets/images/hotels/hotels-LY-HOTELS-00169-04.webp,local_images,probably_correct,false,Existing local link; destination not independently re-verified,retain_pending_rights_review,No deletion in phase 1.
LY-HOT-000169,hotels,IMG-F8CBBCBADF91E968,assets/images/hotels/hotels-LY-HOTELS-00169-05.webp,local_images,probably_correct,false,Existing local link; destination not independently re-verified,retain_pending_rights_review,No deletion in phase 1.
LY-HOT-000171,hotels,IMG-1DBC5EAF16A5E4BE,assets/images/hotels/hotels-LY-HOTELS-00171-01.webp,local_images,probably_correct,false,Existing local link; destination not independently re-verified,retain_pending_rights_review,No deletion in phase 1.
LY-HOT-000171,hotels,IMG-E689FE842777AF4E,assets/images/hotels/hotels-LY-HOTELS-00171-02.webp,local_images,probably_correct,false,Existing local link; destination not independently re-verified,retain_pending_rights_review,No deletion in phase 1.
LY-HOT-000171,hotels,IMG-33215DBB663FC363,assets/images/hotels/hotels-LY-HOTELS-00171-03.webp,local_images,probably_correct,false,Existing local link; destination not independently re-verified,retain_pending_rights_review,No deletion in phase 1.
LY-HOT-000171,hotels,IMG-0994C45175894B1D,assets/images/hotels/hotels-LY-HOTELS-00171-04.webp,local_images,probably_correct,false,Existing local link; destination not independently re-verified,retain_pending_rights_review,No deletion in phase 1.
LY-HOT-000171,hotels,IMG-9620FD1B4F1D77C3,assets/images/hotels/hotels-LY-HOTELS-00171-05.webp,local_images,probably_correct,false,Existing local link; destination not independently re-verified,retain_pending_rights_review,No deletion in phase 1.
LY-HOT-000181,hotels,IMG-ED94159E9BC6C717,assets/images/hotels/hotels-LY-HOTELS-00181-01.webp,local_images,probably_correct,false,Existing local link; destination not independently re-verified,retain_pending_rights_review,No deletion in phase 1.
LY-HOT-000181,hotels,IMG-23B190B4511A2392,assets/images/hotels/hotels-LY-HOTELS-00181-02.webp,local_images,probably_correct,false,Existing local link; destination not independently re-verified,retain_pending_rights_review,No deletion in phase 1.
LY-HOT-000187,hotels,IMG-3B56150C8DAA5F16,assets/images/hotels/hotels-LY-HOTELS-00187-01.webp,local_images,probably_correct,false,Existing local link; destination not independently re-verified,retain_pending_rights_review,No deletion in phase 1.
LY-HOT-000187,hotels,IMG-ACEF26F38476CA48,assets/images/hotels/hotels-LY-HOTELS-00187-02.webp,local_images,probably_correct,false,Existing local link; destination not independently re-verified,retain_pending_rights_review,No deletion in phase 1.
LY-HOT-000187,hotels,IMG-384CF3E5D620D13B,assets/images/hotels/hotels-LY-HOTELS-00187-03.webp,local_images,probably_correct,false,Existing local link; destination not independently re-verified,retain_pending_rights_review,No deletion in phase 1.
LY-HOT-000190,hotels,IMG-2F048837E230F91F,assets/images/hotels/hotels-LY-HOTELS-00190-01.webp,local_images,probably_correct,false,Existing local link; destination not independently re-verified,retain_pending_rights_review,No deletion in phase 1.
LY-HOT-000190,hotels,IMG-384CF3E5D620D13B,assets/images/hotels/hotels-LY-HOTELS-00187-03.webp,local_images,probably_correct,false,Existing local link; destination not independently re-verified,retain_pending_rights_review,No deletion in phase 1.
LY-HOT-000190,hotels,IMG-4945216852B0CB37,assets/images/hotels/hotels-LY-HOTELS-00190-03.webp,local_images,probably_correct,false,Existing local link; destination not independently re-verified,retain_pending_rights_review,No deletion in phase 1.
LY-HOT-000193,hotels,IMG-A3170ECA96244672,assets/images/hotels/hotels-LY-HOTELS-00193-01.webp,local_images,probably_correct,false,Existing local link; destination not independently re-verified,retain_pending_rights_review,No deletion in phase 1.
LY-HOT-000193,hotels,IMG-18B61D08CB44FB2A,assets/images/hotels/hotels-LY-HOTELS-00193-02.webp,local_images,probably_correct,false,Existing local link; destination not independently re-verified,retain_pending_rights_review,No deletion in phase 1.
LY-HOT-000193,hotels,IMG-D14392A917A60DE0,assets/images/hotels/hotels-LY-HOTELS-00193-03.webp,local_images,probably_correct,false,Existing local link; destination not independently re-verified,retain_pending_rights_review,No deletion in phase 1.
LY-HOT-000193,hotels,IMG-CCB3E7C0A221B706,assets/images/hotels/hotels-LY-HOTELS-00193-04.webp,local_images,probably_correct,false,Existing local link; destination not independently re-verified,retain_pending_rights_review,No deletion in phase 1.
LY-HOT-000196,hotels,IMG-5FE1ABA6DADBA795,assets/images/hotels/hotels-LY-HOTELS-00196-01.webp,local_images,probably_correct,false,Existing local link; destination not independently re-verified,retain_pending_rights_review,No deletion in phase 1.
LY-HOT-000196,hotels,IMG-9CC0FCCAD56E1E45,assets/images/hotels/hotels-LY-HOTELS-00196-02.webp,local_images,probably_correct,false,Existing local link; destination not independently re-verified,retain_pending_rights_review,No deletion in phase 1.
LY-HOT-000196,hotels,IMG-398D6105B38199A4,assets/images/hotels/hotels-LY-HOTELS-00196-03.webp,local_images,probably_correct,false,Existing local link; destination not independently re-verified,retain_pending_rights_review,No deletion in phase 1.
LY-HOT-000196,hotels,IMG-14190C4F60355635,assets/images/hotels/hotels-LY-HOTELS-00196-04.webp,local_images,probably_correct,false,Existing local link; destination not independently re-verified,retain_pending_rights_review,No deletion in phase 1.
LY-HOT-000196,hotels,IMG-9DCD9E3C9365DD1A,assets/images/hotels/hotels-LY-HOTELS-00196-05.webp,local_images,probably_correct,false,Existing local link; destination not independently re-verified,retain_pending_rights_review,No deletion in phase 1.
LY-HOT-000201,hotels,IMG-00D26D8EDC613DDE,assets/images/hotels/hotels-LY-HOTELS-00201-01.webp,local_images,probably_correct,false,Existing local link; destination not independently re-verified,retain_pending_rights_review,No deletion in phase 1.
LY-HOT-000201,hotels,IMG-1084184F8EC45760,assets/images/hotels/hotels-LY-HOTELS-00201-02.webp,local_images,probably_correct,false,Existing local link; destination not independently re-verified,retain_pending_rights_review,No deletion in phase 1.
LY-HOT-000201,hotels,IMG-77BA160C04733500,assets/images/hotels/hotels-LY-HOTELS-00201-03.webp,local_images,probably_correct,false,Existing local link; destination not independently re-verified,retain_pending_rights_review,No deletion in phase 1.
LY-HOT-000201,hotels,IMG-58597378CF1C8CF5,assets/images/hotels/hotels-LY-HOTELS-00201-04.webp,local_images,probably_correct,false,Existing local link; destination not independently re-verified,retain_pending_rights_review,No deletion in phase 1.
LY-HOT-000209,hotels,IMG-23AE35FD4B853F4A,assets/images/hotels/hotels-LY-HOTELS-00209-01.webp,local_images,probably_correct,false,Existing local link; destination not independently re-verified,retain_pending_rights_review,No deletion in phase 1.
LY-HOT-000221,hotels,IMG-7D1036F871E7B856,assets/images/hotels/hotels-LY-HOTELS-00221-01.webp,local_images,probably_correct,false,Existing local link; destination not independently re-verified,retain_pending_rights_review,No deletion in phase 1.
LY-HOT-000221,hotels,IMG-677EB6B3BDFA6CD1,assets/images/hotels/hotels-LY-HOTELS-00221-02.webp,local_images,probably_correct,false,Existing local link; destination not independently re-verified,retain_pending_rights_review,No deletion in phase 1.
LY-HOT-000221,hotels,IMG-0A0C8148BA1BD068,assets/images/hotels/hotels-LY-HOTELS-00221-03.webp,local_images,probably_correct,false,Existing local link; destination not independently re-verified,retain_pending_rights_review,No deletion in phase 1.
LY-HOT-000221,hotels,IMG-B6E5ADBDA539A7B7,assets/images/hotels/hotels-LY-HOTELS-00221-04.webp,local_images,probably_correct,false,Existing local link; destination not independently re-verified,retain_pending_rights_review,No deletion in phase 1.
LY-HOT-000223,hotels,IMG-5255F49255B9CDBC,assets/images/hotels/hotels-LY-HOTELS-00223-01.webp,local_images,probably_correct,false,Existing local link; destination not independently re-verified,retain_pending_rights_review,No deletion in phase 1.
LY-HOT-000223,hotels,IMG-9F4EB60D93580A35,assets/images/hotels/hotels-LY-HOTELS-00223-02.webp,local_images,probably_correct,false,Existing local link; destination not independently re-verified,retain_pending_rights_review,No deletion in phase 1.
LY-HOT-000223,hotels,IMG-B49F9BF137D83D02,assets/images/hotels/hotels-LY-HOTELS-00223-03.webp,local_images,probably_correct,false,Existing local link; destination not independently re-verified,retain_pending_rights_review,No deletion in phase 1.
LY-HOT-000268,hotels,IMG-674C0626690A6B84,assets/images/hotels/hotels-LY-HOTELS-00268-01.webp,local_images,probably_correct,false,Existing local link; destination not independently re-verified,retain_pending_rights_review,No deletion in phase 1.
LY-HOT-000273,hotels,IMG-07823DE59E73877A,assets/images/hotels/hotels-LY-HOTELS-00273-01.webp,local_images,probably_correct,false,Existing local link; destination not independently re-verified,retain_pending_rights_review,No deletion in phase 1.
LY-HOT-000273,hotels,IMG-1F56A7D14EBE52D8,assets/images/hotels/hotels-LY-HOTELS-00273-02.webp,local_images,probably_correct,false,Existing local link; destination not independently re-verified,retain_pending_rights_review,No deletion in phase 1.
LY-HOT-000273,hotels,IMG-3DA6ACF735A6A8C2,assets/images/hotels/hotels-LY-HOTELS-00273-03.webp,local_images,probably_correct,false,Existing local link; destination not independently re-verified,retain_pending_rights_review,No deletion in phase 1.
LY-HOT-000273,hotels,IMG-CC530C874A332752,assets/images/hotels/hotels-LY-HOTELS-00273-04.webp,local_images,probably_correct,false,Existing local link; destination not independently re-verified,retain_pending_rights_review,No deletion in phase 1.
LY-HOT-000273,hotels,IMG-1C03492355C4B51C,assets/images/hotels/hotels-LY-HOTELS-00273-05.webp,local_images,probably_correct,false,Existing local link; destination not independently re-verified,retain_pending_rights_review,No deletion in phase 1.
LY-HOT-000275,hotels,IMG-AB2F785A48F45260,assets/images/hotels/hotels-LY-HOTELS-00275-01.webp,local_images,probably_correct,false,Existing local link; destination not independently re-verified,retain_pending_rights_review,No deletion in phase 1.
LY-HOT-000275,hotels,IMG-41754C243D0161BD,assets/images/hotels/hotels-LY-HOTELS-00275-02.webp,local_images,probably_correct,false,Existing local link; destination not independently re-verified,retain_pending_rights_review,No deletion in phase 1.
LY-HOT-000275,hotels,IMG-AA171238F6B5CC3B,assets/images/hotels/hotels-LY-HOTELS-00275-03.webp,local_images,probably_correct,false,Existing local link; destination not independently re-verified,retain_pending_rights_review,No deletion in phase 1.
LY-HOT-000276,hotels,IMG-E240158CEC65F3C9,assets/images/hotels/hotels-LY-HOTELS-00276-01.webp,local_images,probably_correct,false,Existing local link; destination not independently re-verified,retain_pending_rights_review,No deletion in phase 1.
LY-HOT-000276,hotels,IMG-1E6814E4D73BB248,assets/images/hotels/hotels-LY-HOTELS-00276-02.webp,local_images,probably_correct,false,Existing local link; destination not independently re-verified,retain_pending_rights_review,No deletion in phase 1.
LY-HOT-000277,hotels,IMG-4D715E6F645A91E4,assets/images/hotels/hotels-LY-HOTELS-00277-01.webp,local_images,probably_correct,false,Existing local link; destination not independently re-verified,retain_pending_rights_review,No deletion in phase 1.
LY-HOT-000277,hotels,IMG-DB003713F54633D4,assets/images/hotels/hotels-LY-HOTELS-00277-02.webp,local_images,probably_correct,false,Existing local link; destination not independently re-verified,retain_pending_rights_review,No deletion in phase 1.
LY-HOT-000277,hotels,IMG-182A3D8591EE2F0D,assets/images/hotels/hotels-LY-HOTELS-00277-03.webp,local_images,probably_correct,false,Existing local link; destination not independently re-verified,retain_pending_rights_review,No deletion in phase 1.
LY-HOT-000278,hotels,IMG-3143393C3BB12C6B,assets/images/hotels/hotels-LY-HOTELS-00278-01.webp,local_images,probably_correct,false,Existing local link; destination not independently re-verified,retain_pending_rights_review,No deletion in phase 1.
LY-HOT-000278,hotels,IMG-035F322FF745ADE7,assets/images/hotels/hotels-LY-HOTELS-00278-02.webp,local_images,probably_correct,false,Existing local link; destination not independently re-verified,retain_pending_rights_review,No deletion in phase 1.
LY-HOT-000278,hotels,IMG-9526628D8DD3DE95,assets/images/hotels/hotels-LY-HOTELS-00278-03.webp,local_images,probably_correct,false,Existing local link; destination not independently re-verified,retain_pending_rights_review,No deletion in phase 1.
LY-HOT-000278,hotels,IMG-4DEE16210F1FB033,assets/images/hotels/hotels-LY-HOTELS-00278-04.webp,local_images,probably_correct,false,Existing local link; destination not independently re-verified,retain_pending_rights_review,No deletion in phase 1.
LY-HOT-000279,hotels,IMG-D58DFEE97D5305FF,assets/images/hotels/hotels-LY-HOTELS-00279-01.webp,local_images,probably_correct,false,Existing local link; destination not independently re-verified,retain_pending_rights_review,No deletion in phase 1.
LY-HOT-000281,hotels,IMG-D0E4C14FEF216C2C,assets/images/hotels/hotels-LY-HOTELS-00281-01.webp,local_images,probably_correct,false,Existing local link; destination not independently re-verified,retain_pending_rights_review,No deletion in phase 1.
LY-HOT-000282,hotels,IMG-BED506EA5E4A268B,assets/images/hotels/hotels-LY-HOTELS-00282-01.webp,local_images,probably_correct,false,Existing local link; destination not independently re-verified,retain_pending_rights_review,No deletion in phase 1.
LY-HOT-000283,hotels,IMG-F3E648AD7CE0F676,assets/images/hotels/hotels-LY-HOTELS-00283-01.webp,local_images,probably_correct,false,Existing local link; destination not independently re-verified,retain_pending_rights_review,No deletion in phase 1.
LY-HOT-000283,hotels,IMG-195FEF22D837B65D,assets/images/hotels/hotels-LY-HOTELS-00283-02.webp,local_images,probably_correct,false,Existing local link; destination not independently re-verified,retain_pending_rights_review,No deletion in phase 1.
LY-HOT-000284,hotels,IMG-FD63377BEAD728F4,assets/images/hotels/hotels-LY-HOTELS-00284-01.webp,local_images,probably_correct,false,Existing local link; destination not independently re-verified,retain_pending_rights_review,No deletion in phase 1.
LY-HOT-000284,hotels,IMG-93CB76024693CC16,assets/images/hotels/hotels-LY-HOTELS-00284-02.webp,local_images,probably_correct,false,Existing local link; destination not independently re-verified,retain_pending_rights_review,No deletion in phase 1.
LY-HOT-000284,hotels,IMG-BE291B15C0111B88,assets/images/hotels/hotels-LY-HOTELS-00284-03.webp,local_images,probably_correct,false,Existing local link; destination not independently re-verified,retain_pending_rights_review,No deletion in phase 1.
LY-HOT-000295,hotels,IMG-AB22C6D40D93616F,assets/images/hotels/hotels-LY-HOTELS-00295-01.webp,local_images,probably_correct,false,Existing local link; destination not independently re-verified,retain_pending_rights_review,No deletion in phase 1.
LY-HOT-000295,hotels,IMG-E137A1CCE92F44E9,assets/images/hotels/hotels-LY-HOTELS-00295-02.webp,local_images,probably_correct,false,Existing local link; destination not independently re-verified,retain_pending_rights_review,No deletion in phase 1.
LY-HOT-000295,hotels,IMG-729EB4B25B240200,assets/images/hotels/hotels-LY-HOTELS-00295-03.webp,local_images,probably_correct,false,Existing local link; destination not independently re-verified,retain_pending_rights_review,No deletion in phase 1.
LY-HOT-000297,hotels,IMG-4B501E6BBD73EAFE,assets/images/hotels/hotels-LY-HOTELS-00297-01.webp,local_images,probably_correct,false,Existing local link; destination not independently re-verified,retain_pending_rights_review,No deletion in phase 1.
LY-HOT-000297,hotels,IMG-8AA917C317A493BF,assets/images/hotels/hotels-LY-HOTELS-00297-02.webp,local_images,probably_correct,false,Existing local link; destination not independently re-verified,retain_pending_rights_review,No deletion in phase 1.
LY-HOT-000297,hotels,IMG-FE006520AF136B6C,assets/images/hotels/hotels-LY-HOTELS-00297-03.webp,local_images,probably_correct,false,Existing local link; destination not independently re-verified,retain_pending_rights_review,No deletion in phase 1.
LY-HOT-000305,hotels,IMG-23317BED444CE147,assets/images/hotels/hotels-LY-HOTELS-00305-01.webp,local_images,probably_correct,false,Existing local link; destination not independently re-verified,retain_pending_rights_review,No deletion in phase 1.
LY-HOT-000307,hotels,IMG-B957081BDFD31AD9,assets/images/hotels/hotels-LY-HOTELS-00307-01.webp,local_images,probably_correct,false,Existing local link; destination not independently re-verified,retain_pending_rights_review,No deletion in phase 1.
LY-HOT-000307,hotels,IMG-6D950E2A9DC44EF1,assets/images/hotels/hotels-LY-HOTELS-00307-02.webp,local_images,probably_correct,false,Existing local link; destination not independently re-verified,retain_pending_rights_review,No deletion in phase 1.
LY-HOT-000307,hotels,IMG-B51FE8B4F8D6929E,assets/images/hotels/hotels-LY-HOTELS-00307-03.webp,local_images,probably_correct,false,Existing local link; destination not independently re-verified,retain_pending_rights_review,No deletion in phase 1.
LY-HOT-000314,hotels,IMG-B9573C8C7FB931A8,assets/images/hotels/hotels-LY-HOTELS-00314-01.webp,local_images,probably_correct,false,Existing local link; destination not independently re-verified,retain_pending_rights_review,No deletion in phase 1.
LY-HOT-000314,hotels,IMG-9EA57547A5CADF9F,assets/images/hotels/hotels-LY-HOTELS-00314-02.webp,local_images,probably_correct,false,Existing local link; destination not independently re-verified,retain_pending_rights_review,No deletion in phase 1.
LY-HOT-000314,hotels,IMG-A621EC690B7CF91C,assets/images/hotels/hotels-LY-HOTELS-00314-03.webp,local_images,probably_correct,false,Existing local link; destination not independently re-verified,retain_pending_rights_review,No deletion in phase 1.
LY-HOT-000314,hotels,IMG-5F0B87CC56980023,assets/images/hotels/hotels-LY-HOTELS-00314-04.webp,local_images,probably_correct,false,Existing local link; destination not independently re-verified,retain_pending_rights_review,No deletion in phase 1.
LY-HOT-000318,hotels,IMG-C342E390F07568AB,assets/images/hotels/hotels-LY-HOTELS-00318-01.webp,local_images,probably_correct,false,Existing local link; destination not independently re-verified,retain_pending_rights_review,No deletion in phase 1.
LY-HOT-000318,hotels,IMG-D99FC6C79707FC6E,assets/images/hotels/hotels-LY-HOTELS-00318-02.webp,local_images,probably_correct,false,Existing local link; destination not independently re-verified,retain_pending_rights_review,No deletion in phase 1.
LY-HOT-000319,hotels,IMG-FB95B3497C1F55CA,assets/images/hotels/hotels-LY-HOTELS-00319-01.webp,local_images,probably_correct,false,Existing local link; destination not independently re-verified,retain_pending_rights_review,No deletion in phase 1.
LY-HOT-000320,hotels,IMG-007802D9BC5D755F,assets/images/hotels/hotels-LY-HOTELS-00320-01.webp,local_images,probably_correct,false,Existing local link; destination not independently re-verified,retain_pending_rights_review,No deletion in phase 1.
LY-HOT-000321,hotels,IMG-6114B601BF0B1A8C,assets/images/hotels/hotels-LY-HOTELS-00321-01.webp,local_images,probably_correct,false,Existing local link; destination not independently re-verified,retain_pending_rights_review,No deletion in phase 1.
LY-HOT-000322,hotels,IMG-8E4486514CFFA7F7,assets/images/hotels/hotels-LY-HOTELS-00322-01.webp,local_images,probably_correct,false,Existing local link; destination not independently re-verified,retain_pending_rights_review,No deletion in phase 1.
LY-HOT-000322,hotels,IMG-B9FAA949CA990BF2,assets/images/hotels/hotels-LY-HOTELS-00322-02.webp,local_images,probably_correct,false,Existing local link; destination not independently re-verified,retain_pending_rights_review,No deletion in phase 1.
LY-HOT-000323,hotels,IMG-7C37736A8EF80145,assets/images/hotels/hotels-LY-HOTELS-00323-01.webp,local_images,probably_correct,false,Existing local link; destination not independently re-verified,retain_pending_rights_review,No deletion in phase 1.
LY-HOT-000323,hotels,IMG-E0255209BACC4072,assets/images/hotels/hotels-LY-HOTELS-00323-02.webp,local_images,probably_correct,false,Existing local link; destination not independently re-verified,retain_pending_rights_review,No deletion in phase 1.
LY-HOT-000323,hotels,IMG-8F2FAE7100B53F30,assets/images/hotels/hotels-LY-HOTELS-00323-03.webp,local_images,probably_correct,false,Existing local link; destination not independently re-verified,retain_pending_rights_review,No deletion in phase 1.
LY-HOT-000323,hotels,IMG-C417E10EEC13BB47,assets/images/hotels/hotels-LY-HOTELS-00323-04.webp,local_images,probably_correct,false,Existing local link; destination not independently re-verified,retain_pending_rights_review,No deletion in phase 1.
LY-HOT-000324,hotels,IMG-F11E4A59FEBF8315,assets/images/hotels/hotels-LY-HOTELS-00324-01.webp,local_images,probably_correct,false,Existing local link; destination not independently re-verified,retain_pending_rights_review,No deletion in phase 1.
LY-HOT-000324,hotels,IMG-8FCB7322682AE668,assets/images/hotels/hotels-LY-HOTELS-00324-02.webp,local_images,probably_correct,false,Existing local link; destination not independently re-verified,retain_pending_rights_review,No deletion in phase 1.
LY-HOT-000331,hotels,IMG-844AB3082A456BFB,assets/images/hotels/hotels-LY-HOTELS-00331-01.webp,local_images,probably_correct,false,Existing local link; destination not independently re-verified,retain_pending_rights_review,No deletion in phase 1.
LY-HOT-000331,hotels,IMG-7B5EFE12C360D506,assets/images/hotels/hotels-LY-HOTELS-00331-02.webp,local_images,probably_correct,false,Existing local link; destination not independently re-verified,retain_pending_rights_review,No deletion in phase 1.
LY-HOT-000331,hotels,IMG-873D69425FECB19C,assets/images/hotels/hotels-LY-HOTELS-00331-03.webp,local_images,probably_correct,false,Existing local link; destination not independently re-verified,retain_pending_rights_review,No deletion in phase 1.
LY-HOT-000332,hotels,IMG-C1AE737C120905FA,assets/images/hotels/hotels-LY-HOTELS-00332-01.webp,local_images,probably_correct,false,Existing local link; destination not independently re-verified,retain_pending_rights_review,No deletion in phase 1.
LY-HOT-000332,hotels,IMG-478A75FE389CE980,assets/images/hotels/hotels-LY-HOTELS-00332-02.webp,local_images,probably_correct,false,Existing local link; destination not independently re-verified,retain_pending_rights_review,No deletion in phase 1.
LY-HOT-000332,hotels,IMG-6FB3ED47055394F9,assets/images/hotels/hotels-LY-HOTELS-00332-03.webp,local_images,probably_correct,false,Existing local link; destination not independently re-verified,retain_pending_rights_review,No deletion in phase 1.
LY-HOT-000333,hotels,IMG-D93EABF8C6526D6E,assets/images/hotels/hotels-LY-HOTELS-00333-01.webp,local_images,probably_correct,false,Existing local link; destination not independently re-verified,retain_pending_rights_review,No deletion in phase 1.
LY-HOT-000333,hotels,IMG-9650D84044FB2212,assets/images/hotels/hotels-LY-HOTELS-00333-02.webp,local_images,probably_correct,false,Existing local link; destination not independently re-verified,retain_pending_rights_review,No deletion in phase 1.
LY-HOT-000333,hotels,IMG-1A943205EBD35574,assets/images/hotels/hotels-LY-HOTELS-00333-03.webp,local_images,probably_correct,false,Existing local link; destination not independently re-verified,retain_pending_rights_review,No deletion in phase 1.
LY-HOT-000334,hotels,IMG-35322FD32CA106B6,assets/images/hotels/hotels-LY-HOTELS-00334-01.webp,local_images,probably_correct,false,Existing local link; destination not independently re-verified,retain_pending_rights_review,No deletion in phase 1.
LY-HOT-000334,hotels,IMG-2FC27CA00FB8E170,assets/images/hotels/hotels-LY-HOTELS-00334-02.webp,local_images,probably_correct,false,Existing local link; destination not independently re-verified,retain_pending_rights_review,No deletion in phase 1.
LY-HOT-000334,hotels,IMG-6D1A618DFDE331FF,assets/images/hotels/hotels-LY-HOTELS-00334-03.webp,local_images,probably_correct,false,Existing local link; destination not independently re-verified,retain_pending_rights_review,No deletion in phase 1.
LY-HOT-000335,hotels,IMG-C99CB2EDA0546E4A,assets/images/hotels/hotels-LY-HOTELS-00335-01.webp,local_images,probably_correct,false,Existing local link; destination not independently re-verified,retain_pending_rights_review,No deletion in phase 1.
LY-HOT-000336,hotels,IMG-9B0A5BE0E41F60DC,assets/images/hotels/hotels-LY-HOTELS-00336-01.webp,local_images,probably_correct,false,Existing local link; destination not independently re-verified,retain_pending_rights_review,No deletion in phase 1.
LY-HOT-000336,hotels,IMG-918023070113E36D,assets/images/hotels/hotels-LY-HOTELS-00336-02.webp,local_images,probably_correct,false,Existing local link; destination not independently re-verified,retain_pending_rights_review,No deletion in phase 1.
LY-HOT-000336,hotels,IMG-D2C79E8289A55521,assets/images/hotels/hotels-LY-HOTELS-00336-03.webp,local_images,probably_correct,false,Existing local link; destination not independently re-verified,retain_pending_rights_review,No deletion in phase 1.
LY-HOT-000337,hotels,IMG-8965EEC8E5FF047F,assets/images/hotels/hotels-LY-HOTELS-00337-01.webp,local_images,probably_correct,false,Existing local link; destination not independently re-verified,retain_pending_rights_review,No deletion in phase 1.
LY-HOT-000337,hotels,IMG-2AD93999221E6C56,assets/images/hotels/hotels-LY-HOTELS-00337-02.webp,local_images,probably_correct,false,Existing local link; destination not independently re-verified,retain_pending_rights_review,No deletion in phase 1.
LY-HOT-000337,hotels,IMG-05D89E17E705B6AD,assets/images/hotels/hotels-LY-HOTELS-00337-03.webp,local_images,probably_correct,false,Existing local link; destination not independently re-verified,retain_pending_rights_review,No deletion in phase 1.
LY-HOT-000338,hotels,IMG-500722E7A72A0CB8,assets/images/hotels/hotels-LY-HOTELS-00338-01.webp,local_images,probably_correct,false,Existing local link; destination not independently re-verified,retain_pending_rights_review,No deletion in phase 1.
LY-HOT-000338,hotels,IMG-5B15B18E7D1312CE,assets/images/hotels/hotels-LY-HOTELS-00338-02.webp,local_images,probably_correct,false,Existing local link; destination not independently re-verified,retain_pending_rights_review,No deletion in phase 1.
LY-HOT-000339,hotels,IMG-85FF2A28B63234FE,assets/images/hotels/hotels-LY-HOTELS-00339-01.webp,local_images,probably_correct,false,Existing local link; destination not independently re-verified,retain_pending_rights_review,No deletion in phase 1.
LY-HOT-000339,hotels,IMG-7BA4D434DCD21836,assets/images/hotels/hotels-LY-HOTELS-00339-02.webp,local_images,probably_correct,false,Existing local link; destination not independently re-verified,retain_pending_rights_review,No deletion in phase 1.
LY-HOT-000339,hotels,IMG-B1C35746D8F31905,assets/images/hotels/hotels-LY-HOTELS-00339-03.webp,local_images,probably_correct,false,Existing local link; destination not independently re-verified,retain_pending_rights_review,No deletion in phase 1.
LY-HOT-000340,hotels,IMG-BD20E72787241A92,assets/images/hotels/hotels-LY-HOTELS-00340-01.webp,local_images,probably_correct,false,Existing local link; destination not independently re-verified,retain_pending_rights_review,No deletion in phase 1.
LY-HOT-000342,hotels,IMG-4B76AA9E191EC586,assets/images/hotels/hotels-LY-HOTELS-00342-01.webp,local_images,probably_correct,false,Existing local link; destination not independently re-verified,retain_pending_rights_review,No deletion in phase 1.
LY-HOT-000342,hotels,IMG-790F7D11A0C954E3,assets/images/hotels/hotels-LY-HOTELS-00342-02.webp,local_images,probably_correct,false,Existing local link; destination not independently re-verified,retain_pending_rights_review,No deletion in phase 1.
LY-HOT-000342,hotels,IMG-18E850A1CC9F300A,assets/images/hotels/hotels-LY-HOTELS-00342-03.webp,local_images,probably_correct,false,Existing local link; destination not independently re-verified,retain_pending_rights_review,No deletion in phase 1.
LY-HOT-000343,hotels,IMG-B2F0F8C95D27D07E,assets/images/hotels/hotels-LY-HOTELS-00343-01.webp,local_images,probably_correct,false,Existing local link; destination not independently re-verified,retain_pending_rights_review,No deletion in phase 1.
LY-HOT-000343,hotels,IMG-C82F630154408DD2,assets/images/hotels/hotels-LY-HOTELS-00343-02.webp,local_images,probably_correct,false,Existing local link; destination not independently re-verified,retain_pending_rights_review,No deletion in phase 1.
LY-HOT-000343,hotels,IMG-B763B0A4F348044A,assets/images/hotels/hotels-LY-HOTELS-00343-03.webp,local_images,probably_correct,false,Existing local link; destination not independently re-verified,retain_pending_rights_review,No deletion in phase 1.
LY-HOT-000343,hotels,IMG-A1F09EB8D6EA4DD5,assets/images/hotels/hotels-LY-HOTELS-00343-04.webp,local_images,probably_correct,false,Existing local link; destination not independently re-verified,retain_pending_rights_review,No deletion in phase 1.
LY-HOT-000344,hotels,IMG-A99658DB11939621,assets/images/hotels/hotels-LY-HOTELS-00344-01.webp,local_images,probably_correct,false,Existing local link; destination not independently re-verified,retain_pending_rights_review,No deletion in phase 1.
LY-HOT-000344,hotels,IMG-59CAA4DB79A59BCF,assets/images/hotels/hotels-LY-HOTELS-00344-02.webp,local_images,probably_correct,false,Existing local link; destination not independently re-verified,retain_pending_rights_review,No deletion in phase 1.
LY-HOT-000344,hotels,IMG-02024DA4745BCCB7,assets/images/hotels/hotels-LY-HOTELS-00344-03.webp,local_images,probably_correct,false,Existing local link; destination not independently re-verified,retain_pending_rights_review,No deletion in phase 1.
LY-HOT-000344,hotels,IMG-75CC2F7978CB4140,assets/images/hotels/hotels-LY-HOTELS-00344-04.webp,local_images,probably_correct,false,Existing local link; destination not independently re-verified,retain_pending_rights_review,No deletion in phase 1.
LY-HOT-000345,hotels,IMG-C1997F4EB6ECAB93,assets/images/hotels/hotels-LY-HOTELS-00345-01.webp,local_images,probably_correct,false,Existing local link; destination not independently re-verified,retain_pending_rights_review,No deletion in phase 1.
LY-HOT-000345,hotels,IMG-F184080C2E496B05,assets/images/hotels/hotels-LY-HOTELS-00345-02.webp,local_images,probably_correct,false,Existing local link; destination not independently re-verified,retain_pending_rights_review,No deletion in phase 1.
LY-HOT-000345,hotels,IMG-5875E6DDBB7440C2,assets/images/hotels/hotels-LY-HOTELS-00345-03.webp,local_images,probably_correct,false,Existing local link; destination not independently re-verified,retain_pending_rights_review,No deletion in phase 1.
LY-HOT-000345,hotels,IMG-9C201294D2C9C54F,assets/images/hotels/hotels-LY-HOTELS-00345-04.webp,local_images,probably_correct,false,Existing local link; destination not independently re-verified,retain_pending_rights_review,No deletion in phase 1.
LY-HOT-000346,hotels,IMG-5875E6DDBB7440C2,assets/images/hotels/hotels-LY-HOTELS-00345-03.webp,local_images,probably_correct,false,Existing local link; destination not independently re-verified,retain_pending_rights_review,No deletion in phase 1.
LY-HOT-000346,hotels,IMG-C1997F4EB6ECAB93,assets/images/hotels/hotels-LY-HOTELS-00345-01.webp,local_images,probably_correct,false,Existing local link; destination not independently re-verified,retain_pending_rights_review,No deletion in phase 1.
LY-HOT-000346,hotels,IMG-9C201294D2C9C54F,assets/images/hotels/hotels-LY-HOTELS-00345-04.webp,local_images,probably_correct,false,Existing local link; destination not independently re-verified,retain_pending_rights_review,No deletion in phase 1.
LY-HOT-000346,hotels,IMG-F184080C2E496B05,assets/images/hotels/hotels-LY-HOTELS-00345-02.webp,local_images,probably_correct,false,Existing local link; destination not independently re-verified,retain_pending_rights_review,No deletion in phase 1.
LY-HOT-000349,hotels,IMG-65F952AC1826FCC9,assets/images/hotels/hotels-LY-HOTELS-00349-01.webp,local_images,probably_correct,false,Existing local link; destination not independently re-verified,retain_pending_rights_review,No deletion in phase 1.
LY-HOT-000349,hotels,IMG-D4D2F96301A9A4EA,assets/images/hotels/hotels-LY-HOTELS-00349-02.webp,local_images,probably_correct,false,Existing local link; destination not independently re-verified,retain_pending_rights_review,No deletion in phase 1.
LY-HOT-000349,hotels,IMG-D00A698E1C90CE23,assets/images/hotels/hotels-LY-HOTELS-00349-03.webp,local_images,probably_correct,false,Existing local link; destination not independently re-verified,retain_pending_rights_review,No deletion in phase 1.
LY-HOT-000349,hotels,IMG-A0DA45B95E90E4CC,assets/images/hotels/hotels-LY-HOTELS-00349-04.webp,local_images,probably_correct,false,Existing local link; destination not independently re-verified,retain_pending_rights_review,No deletion in phase 1.
LY-HOT-000352,hotels,IMG-2986C5A66BB26BE3,assets/images/hotels/hotels-LY-HOTELS-00352-01.webp,local_images,probably_correct,false,Existing local link; destination not independently re-verified,retain_pending_rights_review,No deletion in phase 1.
LY-HOT-000352,hotels,IMG-7A84D70272A125FE,assets/images/hotels/hotels-LY-HOTELS-00352-02.webp,local_images,probably_correct,false,Existing local link; destination not independently re-verified,retain_pending_rights_review,No deletion in phase 1.
LY-HOT-000352,hotels,IMG-6482650DD2DD3DBE,assets/images/hotels/hotels-LY-HOTELS-00352-03.webp,local_images,probably_correct,false,Existing local link; destination not independently re-verified,retain_pending_rights_review,No deletion in phase 1.
LY-HOT-000355,hotels,IMG-CCB429063BDA2EAE,assets/images/hotels/hotels-LY-HOTELS-00355-01.webp,local_images,probably_correct,false,Existing local link; destination not independently re-verified,retain_pending_rights_review,No deletion in phase 1.
LY-HOT-000355,hotels,IMG-9AB6202770CE3269,assets/images/hotels/hotels-LY-HOTELS-00355-02.webp,local_images,probably_correct,false,Existing local link; destination not independently re-verified,retain_pending_rights_review,No deletion in phase 1.
LY-HOT-000356,hotels,IMG-17E2B625E5E1BCA6,assets/images/hotels/hotels-LY-HOTELS-00356-01.webp,local_images,probably_correct,false,Existing local link; destination not independently re-verified,retain_pending_rights_review,No deletion in phase 1.
LY-HOT-000356,hotels,IMG-405BE1E74FF306FD,assets/images/hotels/hotels-LY-HOTELS-00356-02.webp,local_images,probably_correct,false,Existing local link; destination not independently re-verified,retain_pending_rights_review,No deletion in phase 1.
LY-HOT-000356,hotels,IMG-2F979455A5BC73CF,assets/images/hotels/hotels-LY-HOTELS-00356-03.webp,local_images,probably_correct,false,Existing local link; destination not independently re-verified,retain_pending_rights_review,No deletion in phase 1.
LY-HOT-000357,hotels,IMG-819089A3F33FB55C,assets/images/hotels/hotels-LY-HOTELS-00009-01.webp,local_images,probably_correct,false,Existing local link; destination not independently re-verified,retain_pending_rights_review,No deletion in phase 1.
LY-HOT-000357,hotels,IMG-8302B3A52AE6F475,assets/images/hotels/hotels-LY-HOTELS-00009-02.webp,local_images,probably_correct,false,Existing local link; destination not independently re-verified,retain_pending_rights_review,No deletion in phase 1.
LY-HOT-000357,hotels,IMG-EEB18273A9500148,assets/images/hotels/hotels-LY-HOTELS-00357-03.webp,local_images,probably_correct,false,Existing local link; destination not independently re-verified,retain_pending_rights_review,No deletion in phase 1.
LY-HOT-000357,hotels,IMG-82C167B4829EAAA1,assets/images/hotels/hotels-LY-HOTELS-00357-04.webp,local_images,probably_correct,false,Existing local link; destination not independently re-verified,retain_pending_rights_review,No deletion in phase 1.
LY-HOT-000357,hotels,IMG-FD6EA876E164F0F3,assets/images/hotels/hotels-LY-HOTELS-00357-05.webp,local_images,probably_correct,false,Existing local link; destination not independently re-verified,retain_pending_rights_review,No deletion in phase 1.
LY-HOT-000357,hotels,IMG-C5531C011FEE4352,assets/images/hotels/hotels-LY-HOTELS-00357-06.webp,local_images,probably_correct,false,Existing local link; destination not independently re-verified,retain_pending_rights_review,No deletion in phase 1.
LY-HOT-000357,hotels,IMG-EE01B6F326C00582,assets/images/hotels/hotels-LY-HOTELS-00357-07.webp,local_images,probably_correct,false,Existing local link; destination not independently re-verified,retain_pending_rights_review,No deletion in phase 1.
LY-HOT-000358,hotels,IMG-14245C39708E3BCD,assets/images/hotels/hotels-LY-HOTELS-00358-01.webp,local_images,probably_correct,false,Existing local link; destination not independently re-verified,retain_pending_rights_review,No deletion in phase 1.
LY-HOT-000358,hotels,IMG-C84B8E2B43FA41C1,assets/images/hotels/hotels-LY-HOTELS-00358-02.webp,local_images,probably_correct,false,Existing local link; destination not independently re-verified,retain_pending_rights_review,No deletion in phase 1.
LY-HOT-000358,hotels,IMG-206B2BD021243154,assets/images/hotels/hotels-LY-HOTELS-00358-03.webp,local_images,probably_correct,false,Existing local link; destination not independently re-verified,retain_pending_rights_review,No deletion in phase 1.
LY-HOT-000358,hotels,IMG-6A36492B9912687D,assets/images/hotels/hotels-LY-HOTELS-00358-04.webp,local_images,probably_correct,false,Existing local link; destination not independently re-verified,retain_pending_rights_review,No deletion in phase 1.
LY-HOT-000360,hotels,IMG-BACA013556C590D9,assets/images/hotels/hotels-LY-HOTELS-00360-01.webp,local_images,probably_correct,false,Existing local link; destination not independently re-verified,retain_pending_rights_review,No deletion in phase 1.
LY-HOT-000360,hotels,IMG-A9D9F68797342079,assets/images/hotels/hotels-LY-HOTELS-00360-02.webp,local_images,probably_correct,false,Existing local link; destination not independently re-verified,retain_pending_rights_review,No deletion in phase 1.
LY-HOT-000360,hotels,IMG-52C9BB204D7550B6,assets/images/hotels/hotels-LY-HOTELS-00360-03.webp,local_images,probably_correct,false,Existing local link; destination not independently re-verified,retain_pending_rights_review,No deletion in phase 1.
LY-HOT-000360,hotels,IMG-85C4E7AEA7A4F026,assets/images/hotels/hotels-LY-HOTELS-00360-04.webp,local_images,probably_correct,false,Existing local link; destination not independently re-verified,retain_pending_rights_review,No deletion in phase 1.
LY-HOT-000360,hotels,IMG-F4B8FFE97A4BFD32,assets/images/hotels/hotels-LY-HOTELS-00360-05.webp,local_images,probably_correct,false,Existing local link; destination not independently re-verified,retain_pending_rights_review,No deletion in phase 1.
LY-HOT-000361,hotels,IMG-9BF85753F3D4472A,assets/images/hotels/hotels-LY-HOTELS-00361-01.webp,local_images,probably_correct,false,Existing local link; destination not independently re-verified,retain_pending_rights_review,No deletion in phase 1.
LY-HOT-000361,hotels,IMG-B9A4D03A110893D0,assets/images/hotels/hotels-LY-HOTELS-00361-02.webp,local_images,probably_correct,false,Existing local link; destination not independently re-verified,retain_pending_rights_review,No deletion in phase 1.
LY-HOT-000361,hotels,IMG-62AD16C7ABAA686D,assets/images/hotels/hotels-LY-HOTELS-00361-03.webp,local_images,probably_correct,false,Existing local link; destination not independently re-verified,retain_pending_rights_review,No deletion in phase 1.
LY-HOT-000361,hotels,IMG-1131B410A32F4F78,assets/images/hotels/hotels-LY-HOTELS-00361-04.webp,local_images,probably_correct,false,Existing local link; destination not independently re-verified,retain_pending_rights_review,No deletion in phase 1.
LY-HOT-000363,hotels,IMG-0457C54827D282C9,assets/images/hotels/hotels-LY-HOTELS-00363-01.webp,local_images,probably_correct,false,Existing local link; destination not independently re-verified,retain_pending_rights_review,No deletion in phase 1.
LY-HOT-000363,hotels,IMG-4C8C32AE540C15ED,assets/images/hotels/hotels-LY-HOTELS-00363-02.webp,local_images,probably_correct,false,Existing local link; destination not independently re-verified,retain_pending_rights_review,No deletion in phase 1.
LY-HOT-000364,hotels,IMG-BDD22CBAB3D84BB7,assets/images/hotels/hotels-LY-HOTELS-00364-01.webp,local_images,probably_correct,false,Existing local link; destination not independently re-verified,retain_pending_rights_review,No deletion in phase 1.
LY-HOT-000364,hotels,IMG-443869629AE0FEB1,assets/images/hotels/hotels-LY-HOTELS-00364-02.webp,local_images,probably_correct,false,Existing local link; destination not independently re-verified,retain_pending_rights_review,No deletion in phase 1.
LY-HOT-000364,hotels,IMG-2B18AF26FEFDDF4B,assets/images/hotels/hotels-LY-HOTELS-00364-03.webp,local_images,probably_correct,false,Existing local link; destination not independently re-verified,retain_pending_rights_review,No deletion in phase 1.
LY-HOT-000364,hotels,IMG-5E393C22A33C71B1,assets/images/hotels/hotels-LY-HOTELS-00364-05.webp,local_images,probably_correct,false,Existing local link; destination not independently re-verified,retain_pending_rights_review,No deletion in phase 1.
LY-HOT-000364,hotels,IMG-DA79B881A04433E1,assets/images/hotels/hotels-LY-HOTELS-00364-06.webp,local_images,probably_correct,false,Existing local link; destination not independently re-verified,retain_pending_rights_review,No deletion in phase 1.
LY-HOT-000365,hotels,IMG-6DE54E582E1827F9,assets/images/hotels/hotels-LY-HOTELS-00365-01.webp,local_images,probably_correct,false,Existing local link; destination not independently re-verified,retain_pending_rights_review,No deletion in phase 1.
LY-HOT-000366,hotels,IMG-0AD416076AE4E41A,assets/images/hotels/hotels-LY-HOTELS-00366-01.webp,local_images,probably_correct,false,Existing local link; destination not independently re-verified,retain_pending_rights_review,No deletion in phase 1.
LY-HOT-000366,hotels,IMG-E221B5515F375471,assets/images/hotels/hotels-LY-HOTELS-00366-02.webp,local_images,probably_correct,false,Existing local link; destination not independently re-verified,retain_pending_rights_review,No deletion in phase 1.
LY-HOT-000366,hotels,IMG-56BA5FDD0E35F3FE,assets/images/hotels/hotels-LY-HOTELS-00366-03.webp,local_images,probably_correct,false,Existing local link; destination not independently re-verified,retain_pending_rights_review,No deletion in phase 1.
LY-HOT-000375,hotels,IMG-3689B35FCE5A7ED0,assets/images/hotels/hotels-LY-HOTELS-00375-01.webp,local_images,probably_correct,false,Existing local link; destination not independently re-verified,retain_pending_rights_review,No deletion in phase 1.
LY-HOT-000375,hotels,IMG-22E9F6FFF329E93F,assets/images/hotels/hotels-LY-HOTELS-00375-02.webp,local_images,probably_correct,false,Existing local link; destination not independently re-verified,retain_pending_rights_review,No deletion in phase 1.
LY-HOT-000376,hotels,IMG-1BD693AB20394DC5,assets/images/hotels/hotels-LY-HOTELS-00376-01.webp,local_images,probably_correct,false,Existing local link; destination not independently re-verified,retain_pending_rights_review,No deletion in phase 1.
LY-HOT-000376,hotels,IMG-AB3527CF76AB35DF,assets/images/hotels/hotels-LY-HOTELS-00376-03.webp,local_images,probably_correct,false,Existing local link; destination not independently re-verified,retain_pending_rights_review,No deletion in phase 1.
LY-HOT-000376,hotels,IMG-F9FA19E9905110FD,assets/images/hotels/hotels-LY-HOTELS-00376-04.webp,local_images,probably_correct,false,Existing local link; destination not independently re-verified,retain_pending_rights_review,No deletion in phase 1.
LY-HOT-000377,hotels,IMG-6569E1B0BB8E0782,assets/images/hotels/hotels-LY-HOTELS-00377-01.webp,local_images,probably_correct,false,Existing local link; destination not independently re-verified,retain_pending_rights_review,No deletion in phase 1.
LY-HOT-000377,hotels,IMG-6E1D65E37BCA7425,assets/images/hotels/hotels-LY-HOTELS-00377-02.webp,local_images,probably_correct,false,Existing local link; destination not independently re-verified,retain_pending_rights_review,No deletion in phase 1.
LY-HOT-000378,hotels,IMG-ED83FCE5201AF85C,assets/images/hotels/hotels-LY-HOTELS-00378-01.webp,local_images,probably_correct,false,Existing local link; destination not independently re-verified,retain_pending_rights_review,No deletion in phase 1.
LY-HOT-000378,hotels,IMG-33039808F7CC5F0E,assets/images/hotels/hotels-LY-HOTELS-00378-02.webp,local_images,probably_correct,false,Existing local link; destination not independently re-verified,retain_pending_rights_review,No deletion in phase 1.
LY-HOT-000378,hotels,IMG-FB4CF0D0ACBE819B,assets/images/hotels/hotels-LY-HOTELS-00378-03.webp,local_images,probably_correct,false,Existing local link; destination not independently re-verified,retain_pending_rights_review,No deletion in phase 1.
LY-HOT-000378,hotels,IMG-275DAAC75F7C9E6B,assets/images/hotels/hotels-LY-HOTELS-00378-04.webp,local_images,probably_correct,false,Existing local link; destination not independently re-verified,retain_pending_rights_review,No deletion in phase 1.
LY-HOT-000379,hotels,IMG-65EB7AC18CE64A22,assets/images/hotels/hotels-LY-HOTELS-00379-01.webp,local_images,probably_correct,false,Existing local link; destination not independently re-verified,retain_pending_rights_review,No deletion in phase 1.
LY-HOT-000379,hotels,IMG-1D7B7312A1F19B84,assets/images/hotels/hotels-LY-HOTELS-00379-02.webp,local_images,probably_correct,false,Existing local link; destination not independently re-verified,retain_pending_rights_review,No deletion in phase 1.
LY-HOT-000379,hotels,IMG-9F672BE6CC4BD603,assets/images/hotels/hotels-LY-HOTELS-00379-03.webp,local_images,probably_correct,false,Existing local link; destination not independently re-verified,retain_pending_rights_review,No deletion in phase 1.
LY-HOT-000379,hotels,IMG-FA23047A0D110308,assets/images/hotels/hotels-LY-HOTELS-00379-04.webp,local_images,probably_correct,false,Existing local link; destination not independently re-verified,retain_pending_rights_review,No deletion in phase 1.
LY-HOT-000380,hotels,IMG-E9E5D5D57BE0E74A,assets/images/hotels/hotels-LY-HOTELS-00380-01.webp,local_images,probably_correct,false,Existing local link; destination not independently re-verified,retain_pending_rights_review,No deletion in phase 1.
LY-HOT-000380,hotels,IMG-BCE93E6E0C6503D7,assets/images/hotels/hotels-LY-HOTELS-00380-02.webp,local_images,probably_correct,false,Existing local link; destination not independently re-verified,retain_pending_rights_review,No deletion in phase 1.
LY-HOT-000380,hotels,IMG-1D1D952B1952637D,assets/images/hotels/hotels-LY-HOTELS-00380-03.webp,local_images,probably_correct,false,Existing local link; destination not independently re-verified,retain_pending_rights_review,No deletion in phase 1.
LY-HOT-000384,hotels,IMG-666F1656E7D3A85E,assets/images/hotels/hotels-LY-HOTELS-00384-01.webp,local_images,probably_correct,false,Existing local link; destination not independently re-verified,retain_pending_rights_review,No deletion in phase 1.
LY-HOT-000384,hotels,IMG-045ED2A29F025401,assets/images/hotels/hotels-LY-HOTELS-00384-02.webp,local_images,probably_correct,false,Existing local link; destination not independently re-verified,retain_pending_rights_review,No deletion in phase 1.
LY-HOT-000384,hotels,IMG-5378D569B2869AD8,assets/images/hotels/hotels-LY-HOTELS-00384-03.webp,local_images,probably_correct,false,Existing local link; destination not independently re-verified,retain_pending_rights_review,No deletion in phase 1.
LY-HOT-000384,hotels,IMG-50BD94CC7D9A2805,assets/images/hotels/hotels-LY-HOTELS-00384-04.webp,local_images,probably_correct,false,Existing local link; destination not independently re-verified,retain_pending_rights_review,No deletion in phase 1.
LY-HOT-000385,hotels,IMG-D7133115A485D29B,assets/images/hotels/hotels-LY-HOTELS-00385-01.webp,local_images,probably_correct,false,Existing local link; destination not independently re-verified,retain_pending_rights_review,No deletion in phase 1.
LY-HOT-000385,hotels,IMG-00BAACA1DFDE3D00,assets/images/hotels/hotels-LY-HOTELS-00385-02.webp,local_images,probably_correct,false,Existing local link; destination not independently re-verified,retain_pending_rights_review,No deletion in phase 1.
LY-HOT-000386,hotels,IMG-BB1EDEC4DA9BCC9F,assets/images/hotels/hotels-LY-HOTELS-00386-01.webp,local_images,probably_correct,false,Existing local link; destination not independently re-verified,retain_pending_rights_review,No deletion in phase 1.
LY-HOT-000386,hotels,IMG-9797509CCEAA54E1,assets/images/hotels/hotels-LY-HOTELS-00386-03.webp,local_images,probably_correct,false,Existing local link; destination not independently re-verified,retain_pending_rights_review,No deletion in phase 1.
LY-HOT-000388,hotels,IMG-A1754166EF9651FE,assets/images/hotels/hotels-LY-HOTELS-00388-01.webp,local_images,probably_correct,false,Existing local link; destination not independently re-verified,retain_pending_rights_review,No deletion in phase 1.
LY-HOT-000388,hotels,IMG-F1AA7DDEAF4A747A,assets/images/hotels/hotels-LY-HOTELS-00388-02.webp,local_images,probably_correct,false,Existing local link; destination not independently re-verified,retain_pending_rights_review,No deletion in phase 1.
LY-HOT-000388,hotels,IMG-5EA48FFFBC5F2D08,assets/images/hotels/hotels-LY-HOTELS-00388-03.webp,local_images,probably_correct,false,Existing local link; destination not independently re-verified,retain_pending_rights_review,No deletion in phase 1.
LY-HOT-000389,hotels,IMG-F19D53660A0C5316,assets/images/hotels/hotels-LY-HOTELS-00389-01.webp,local_images,probably_correct,false,Existing local link; destination not independently re-verified,retain_pending_rights_review,No deletion in phase 1.
LY-HOT-000389,hotels,IMG-66C2B82A61F9DC7F,assets/images/hotels/hotels-LY-HOTELS-00389-02.webp,local_images,probably_correct,false,Existing local link; destination not independently re-verified,retain_pending_rights_review,No deletion in phase 1.
LY-HOT-000389,hotels,IMG-07E30D78A45CA2FB,assets/images/hotels/hotels-LY-HOTELS-00389-03.webp,local_images,probably_correct,false,Existing local link; destination not independently re-verified,retain_pending_rights_review,No deletion in phase 1.
LY-HOT-000389,hotels,IMG-E03A4ECF00486282,assets/images/hotels/hotels-LY-HOTELS-00389-04.webp,local_images,probably_correct,false,Existing local link; destination not independently re-verified,retain_pending_rights_review,No deletion in phase 1.
LY-HOT-000390,hotels,IMG-DD01B3202625761C,assets/images/hotels/hotels-LY-HOTELS-00390-01.webp,local_images,probably_correct,false,Existing local link; destination not independently re-verified,retain_pending_rights_review,No deletion in phase 1.
LY-HOT-000390,hotels,IMG-58439AE6EC5428E4,assets/images/hotels/hotels-LY-HOTELS-00390-02.webp,local_images,probably_correct,false,Existing local link; destination not independently re-verified,retain_pending_rights_review,No deletion in phase 1.
LY-HOT-000390,hotels,IMG-9F2EA37431489C5D,assets/images/hotels/hotels-LY-HOTELS-00390-03.webp,local_images,probably_correct,false,Existing local link; destination not independently re-verified,retain_pending_rights_review,No deletion in phase 1.
LY-HOT-000390,hotels,IMG-FD1EBF4F5181ADB7,assets/images/hotels/hotels-LY-HOTELS-00390-04.webp,local_images,probably_correct,false,Existing local link; destination not independently re-verified,retain_pending_rights_review,No deletion in phase 1.
LY-HOT-000392,hotels,IMG-9B12B9937D7300CA,assets/images/hotels/hotels-LY-HOTELS-00392-01.webp,local_images,probably_correct,false,Existing local link; destination not independently re-verified,retain_pending_rights_review,No deletion in phase 1.
LY-HOT-000392,hotels,IMG-1D29463E7CB586EC,assets/images/hotels/hotels-LY-HOTELS-00392-02.webp,local_images,probably_correct,false,Existing local link; destination not independently re-verified,retain_pending_rights_review,No deletion in phase 1.
LY-HOT-000392,hotels,IMG-F42D05455D6BE674,assets/images/hotels/hotels-LY-HOTELS-00392-03.webp,local_images,probably_correct,false,Existing local link; destination not independently re-verified,retain_pending_rights_review,No deletion in phase 1.
LY-HOT-000393,hotels,IMG-FEB66814946A0C34,assets/images/hotels/hotels-LY-HOTELS-00393-01.webp,local_images,probably_correct,false,Existing local link; destination not independently re-verified,retain_pending_rights_review,No deletion in phase 1.
LY-HOT-000393,hotels,IMG-A6898003D65A1911,assets/images/hotels/hotels-LY-HOTELS-00393-02.webp,local_images,probably_correct,false,Existing local link; destination not independently re-verified,retain_pending_rights_review,No deletion in phase 1.
LY-HOT-000393,hotels,IMG-22B7F0F6276A9ACA,assets/images/hotels/hotels-LY-HOTELS-00393-03.webp,local_images,probably_correct,false,Existing local link; destination not independently re-verified,retain_pending_rights_review,No deletion in phase 1.
LY-HOT-000394,hotels,IMG-646D87B3751258C3,assets/images/hotels/hotels-LY-HOTELS-00394-01.webp,local_images,probably_correct,false,Existing local link; destination not independently re-verified,retain_pending_rights_review,No deletion in phase 1.
LY-HOT-000394,hotels,IMG-9E485B8AB9CC544E,assets/images/hotels/hotels-LY-HOTELS-00394-02.webp,local_images,probably_correct,false,Existing local link; destination not independently re-verified,retain_pending_rights_review,No deletion in phase 1.
LY-HOT-000394,hotels,IMG-2A69A3609BC9900D,assets/images/hotels/hotels-LY-HOTELS-00394-03.webp,local_images,probably_correct,false,Existing local link; destination not independently re-verified,retain_pending_rights_review,No deletion in phase 1.
LY-HOT-000394,hotels,IMG-1E99AB2946C25482,assets/images/hotels/hotels-LY-HOTELS-00394-04.webp,local_images,probably_correct,false,Existing local link; destination not independently re-verified,retain_pending_rights_review,No deletion in phase 1.
LY-HOT-000395,hotels,IMG-3F3998976A1F9DD4,assets/images/hotels/hotels-LY-HOTELS-00395-01.webp,local_images,probably_correct,false,Existing local link; destination not independently re-verified,retain_pending_rights_review,No deletion in phase 1.
LY-HOT-000395,hotels,IMG-815DF68B383ECDAB,assets/images/hotels/hotels-LY-HOTELS-00395-02.webp,local_images,probably_correct,false,Existing local link; destination not independently re-verified,retain_pending_rights_review,No deletion in phase 1.
LY-HOT-000395,hotels,IMG-82656A7CC87C9212,assets/images/hotels/hotels-LY-HOTELS-00395-03.webp,local_images,probably_correct,false,Existing local link; destination not independently re-verified,retain_pending_rights_review,No deletion in phase 1.
LY-HOT-000395,hotels,IMG-3E1A497CF23BF7B4,assets/images/hotels/hotels-LY-HOTELS-00395-04.webp,local_images,probably_correct,false,Existing local link; destination not independently re-verified,retain_pending_rights_review,No deletion in phase 1.
LY-HOT-000396,hotels,IMG-4A9145DFE8B3BDD1,assets/images/hotels/hotels-LY-HOTELS-00396-01.webp,local_images,probably_correct,false,Existing local link; destination not independently re-verified,retain_pending_rights_review,No deletion in phase 1.
LY-HOT-000396,hotels,IMG-B268F1F8A7A6B02C,assets/images/hotels/hotels-LY-HOTELS-00396-02.webp,local_images,probably_correct,false,Existing local link; destination not independently re-verified,retain_pending_rights_review,No deletion in phase 1.
LY-HOT-000396,hotels,IMG-37C1E8FBF8629148,assets/images/hotels/hotels-LY-HOTELS-00396-03.webp,local_images,probably_correct,false,Existing local link; destination not independently re-verified,retain_pending_rights_review,No deletion in phase 1.
LY-HOT-000396,hotels,IMG-FAD58FE39EF910F7,assets/images/hotels/hotels-LY-HOTELS-00396-04.webp,local_images,probably_correct,false,Existing local link; destination not independently re-verified,retain_pending_rights_review,No deletion in phase 1.
LY-HOT-000398,hotels,IMG-8463F4C0B4C523C4,assets/images/hotels/hotels-LY-HOTELS-00398-01.webp,local_images,probably_correct,false,Existing local link; destination not independently re-verified,retain_pending_rights_review,No deletion in phase 1.
LY-HOT-000398,hotels,IMG-E84088230121760F,assets/images/hotels/hotels-LY-HOTELS-00398-02.webp,local_images,probably_correct,false,Existing local link; destination not independently re-verified,retain_pending_rights_review,No deletion in phase 1.
LY-HOT-000398,hotels,IMG-07E1EDADEA92A466,assets/images/hotels/hotels-LY-HOTELS-00398-03.webp,local_images,probably_correct,false,Existing local link; destination not independently re-verified,retain_pending_rights_review,No deletion in phase 1.
LY-HOT-000399,hotels,IMG-A3238C4AC13F9C7F,assets/images/hotels/hotels-LY-HOTELS-00399-01.webp,local_images,probably_correct,false,Existing local link; destination not independently re-verified,retain_pending_rights_review,No deletion in phase 1.
LY-HOT-000399,hotels,IMG-9067216E5A3805E8,assets/images/hotels/hotels-LY-HOTELS-00399-02.webp,local_images,probably_correct,false,Existing local link; destination not independently re-verified,retain_pending_rights_review,No deletion in phase 1.
LY-HOT-000399,hotels,IMG-9E50BE664058B380,assets/images/hotels/hotels-LY-HOTELS-00399-03.webp,local_images,probably_correct,false,Existing local link; destination not independently re-verified,retain_pending_rights_review,No deletion in phase 1.
LY-HOT-000399,hotels,IMG-C3173B5D0FED640E,assets/images/hotels/hotels-LY-HOTELS-00399-04.webp,local_images,probably_correct,false,Existing local link; destination not independently re-verified,retain_pending_rights_review,No deletion in phase 1.
LY-HOT-000400,hotels,IMG-9067216E5A3805E8,assets/images/hotels/hotels-LY-HOTELS-00399-02.webp,local_images,probably_correct,false,Existing local link; destination not independently re-verified,retain_pending_rights_review,No deletion in phase 1.
LY-HOT-000400,hotels,IMG-C3173B5D0FED640E,assets/images/hotels/hotels-LY-HOTELS-00399-04.webp,local_images,probably_correct,false,Existing local link; destination not independently re-verified,retain_pending_rights_review,No deletion in phase 1.
LY-HOT-000400,hotels,IMG-A3238C4AC13F9C7F,assets/images/hotels/hotels-LY-HOTELS-00399-01.webp,local_images,probably_correct,false,Existing local link; destination not independently re-verified,retain_pending_rights_review,No deletion in phase 1.
LY-HOT-000401,hotels,IMG-071FE7CDBF486A2C,assets/images/hotels/hotels-LY-HOTELS-00401-01.webp,local_images,probably_correct,false,Existing local link; destination not independently re-verified,retain_pending_rights_review,No deletion in phase 1.
LY-HOT-000401,hotels,IMG-E63AF4E602C79964,assets/images/hotels/hotels-LY-HOTELS-00401-02.webp,local_images,probably_correct,false,Existing local link; destination not independently re-verified,retain_pending_rights_review,No deletion in phase 1.
LY-HOT-000401,hotels,IMG-A7776832909E26AD,assets/images/hotels/hotels-LY-HOTELS-00401-03.webp,local_images,probably_correct,false,Existing local link; destination not independently re-verified,retain_pending_rights_review,No deletion in phase 1.
LY-HOT-000401,hotels,IMG-AD6603F096DEBD80,assets/images/hotels/hotels-LY-HOTELS-00401-04.webp,local_images,probably_correct,false,Existing local link; destination not independently re-verified,retain_pending_rights_review,No deletion in phase 1.
LY-HOT-000402,hotels,IMG-62556205882AEEA0,assets/images/hotels/hotels-LY-HOTELS-00402-01.webp,local_images,probably_correct,false,Existing local link; destination not independently re-verified,retain_pending_rights_review,No deletion in phase 1.
LY-HOT-000402,hotels,IMG-1F4FC4AA240313ED,assets/images/hotels/hotels-LY-HOTELS-00402-02.webp,local_images,probably_correct,false,Existing local link; destination not independently re-verified,retain_pending_rights_review,No deletion in phase 1.
LY-HOT-000402,hotels,IMG-ED1CF26FF84C508A,assets/images/hotels/hotels-LY-HOTELS-00402-03.webp,local_images,probably_correct,false,Existing local link; destination not independently re-verified,retain_pending_rights_review,No deletion in phase 1.
LY-HOT-000402,hotels,IMG-86079A5B518F8462,assets/images/hotels/hotels-LY-HOTELS-00402-04.webp,local_images,probably_correct,false,Existing local link; destination not independently re-verified,retain_pending_rights_review,No deletion in phase 1.
LY-HOT-000402,hotels,IMG-593FB8722FF8E1CB,assets/images/hotels/hotels-LY-HOTELS-00402-05.webp,local_images,probably_correct,false,Existing local link; destination not independently re-verified,retain_pending_rights_review,No deletion in phase 1.
LY-HOT-000404,hotels,IMG-1CE1F1A994793506,assets/images/hotels/hotels-LY-HOTELS-00404-01.webp,local_images,probably_correct,false,Existing local link; destination not independently re-verified,retain_pending_rights_review,No deletion in phase 1.
LY-HOT-000404,hotels,IMG-E90C80B2D7058D3E,assets/images/hotels/hotels-LY-HOTELS-00404-02.webp,local_images,probably_correct,false,Existing local link; destination not independently re-verified,retain_pending_rights_review,No deletion in phase 1.
LY-HOT-000404,hotels,IMG-3DA71F71BAF298A3,assets/images/hotels/hotels-LY-HOTELS-00404-03.webp,local_images,probably_correct,false,Existing local link; destination not independently re-verified,retain_pending_rights_review,No deletion in phase 1.
LY-HOT-000404,hotels,IMG-AB10380EBD4640A2,assets/images/hotels/hotels-LY-HOTELS-00404-04.webp,local_images,probably_correct,false,Existing local link; destination not independently re-verified,retain_pending_rights_review,No deletion in phase 1.
LY-HOT-000404,hotels,IMG-1AA744C71EA8A80D,assets/images/hotels/hotels-LY-HOTELS-00404-05.webp,local_images,probably_correct,false,Existing local link; destination not independently re-verified,retain_pending_rights_review,No deletion in phase 1.
LY-HOT-000405,hotels,IMG-04F9E0CDB205B35F,assets/images/hotels/hotels-LY-HOTELS-00405-01.webp,local_images,probably_correct,false,Existing local link; destination not independently re-verified,retain_pending_rights_review,No deletion in phase 1.
LY-HOT-000405,hotels,IMG-38DF75C87F7BB9A3,assets/images/hotels/hotels-LY-HOTELS-00405-02.webp,local_images,probably_correct,false,Existing local link; destination not independently re-verified,retain_pending_rights_review,No deletion in phase 1.
LY-HOT-000405,hotels,IMG-94404E2F13BF92D9,assets/images/hotels/hotels-LY-HOTELS-00405-03.webp,local_images,probably_correct,false,Existing local link; destination not independently re-verified,retain_pending_rights_review,No deletion in phase 1.
LY-HOT-000405,hotels,IMG-545283715B19BDF7,assets/images/hotels/hotels-LY-HOTELS-00405-05.webp,local_images,probably_correct,false,Existing local link; destination not independently re-verified,retain_pending_rights_review,No deletion in phase 1.
LY-HOT-000406,hotels,IMG-62C4E7036D00D879,assets/images/hotels/hotels-LY-HOTELS-00406-01.webp,local_images,probably_correct,false,Existing local link; destination not independently re-verified,retain_pending_rights_review,No deletion in phase 1.
LY-HOT-000406,hotels,IMG-4F1333857D48E3FD,assets/images/hotels/hotels-LY-HOTELS-00406-02.webp,local_images,probably_correct,false,Existing local link; destination not independently re-verified,retain_pending_rights_review,No deletion in phase 1.
LY-HOT-000406,hotels,IMG-E8F92391C0AF8E19,assets/images/hotels/hotels-LY-HOTELS-00406-03.webp,local_images,probably_correct,false,Existing local link; destination not independently re-verified,retain_pending_rights_review,No deletion in phase 1.
LY-HOT-000406,hotels,IMG-754277E560BEFC6F,assets/images/hotels/hotels-LY-HOTELS-00406-04.webp,local_images,probably_correct,false,Existing local link; destination not independently re-verified,retain_pending_rights_review,No deletion in phase 1.
LY-HOT-000407,hotels,IMG-D9EDED0098CA6015,assets/images/hotels/hotels-LY-HOTELS-00407-01.webp,local_images,probably_correct,false,Existing local link; destination not independently re-verified,retain_pending_rights_review,No deletion in phase 1.
LY-HOT-000407,hotels,IMG-5B631A6A1620DF7C,assets/images/hotels/hotels-LY-HOTELS-00407-02.webp,local_images,probably_correct,false,Existing local link; destination not independently re-verified,retain_pending_rights_review,No deletion in phase 1.
LY-HOT-000407,hotels,IMG-409CAF262EB4E414,assets/images/hotels/hotels-LY-HOTELS-00407-03.webp,local_images,probably_correct,false,Existing local link; destination not independently re-verified,retain_pending_rights_review,No deletion in phase 1.
LY-HOT-000407,hotels,IMG-C4046773520F0CDE,assets/images/hotels/hotels-LY-HOTELS-00407-04.webp,local_images,probably_correct,false,Existing local link; destination not independently re-verified,retain_pending_rights_review,No deletion in phase 1.
LY-HOT-000408,hotels,IMG-1841627598673B86,assets/images/hotels/hotels-LY-HOTELS-00408-01.webp,local_images,probably_correct,false,Existing local link; destination not independently re-verified,retain_pending_rights_review,No deletion in phase 1.
LY-HOT-000408,hotels,IMG-4DA0C33B0B055D7F,assets/images/hotels/hotels-LY-HOTELS-00408-02.webp,local_images,probably_correct,false,Existing local link; destination not independently re-verified,retain_pending_rights_review,No deletion in phase 1.
LY-HOT-000408,hotels,IMG-8C1B0B14F88E3ED7,assets/images/hotels/hotels-LY-HOTELS-00408-03.webp,local_images,probably_correct,false,Existing local link; destination not independently re-verified,retain_pending_rights_review,No deletion in phase 1.
LY-HOT-000408,hotels,IMG-FBC6778F5C3BB977,assets/images/hotels/hotels-LY-HOTELS-00408-04.webp,local_images,probably_correct,false,Existing local link; destination not independently re-verified,retain_pending_rights_review,No deletion in phase 1.
LY-HOT-000408,hotels,IMG-1958152E5BB5393D,assets/images/hotels/hotels-LY-HOTELS-00408-05.webp,local_images,probably_correct,false,Existing local link; destination not independently re-verified,retain_pending_rights_review,No deletion in phase 1.
LY-HOT-000409,hotels,IMG-DE13875E15FF98C7,assets/images/hotels/hotels-LY-HOTELS-00409-01.webp,local_images,probably_correct,false,Existing local link; destination not independently re-verified,retain_pending_rights_review,No deletion in phase 1.
LY-HOT-000409,hotels,IMG-0F24EC6A65928E5D,assets/images/hotels/hotels-LY-HOTELS-00409-02.webp,local_images,probably_correct,false,Existing local link; destination not independently re-verified,retain_pending_rights_review,No deletion in phase 1.
LY-HOT-000409,hotels,IMG-376AB75F7E626DF1,assets/images/hotels/hotels-LY-HOTELS-00409-03.webp,local_images,probably_correct,false,Existing local link; destination not independently re-verified,retain_pending_rights_review,No deletion in phase 1.
LY-HOT-000409,hotels,IMG-AEC06F4EDA522C4A,assets/images/hotels/hotels-LY-HOTELS-00409-04.webp,local_images,probably_correct,false,Existing local link; destination not independently re-verified,retain_pending_rights_review,No deletion in phase 1.
LY-HOT-000409,hotels,IMG-75AAAAFDD9FC3A4C,assets/images/hotels/hotels-LY-HOTELS-00409-05.webp,local_images,probably_correct,false,Existing local link; destination not independently re-verified,retain_pending_rights_review,No deletion in phase 1.
LY-HOT-000410,hotels,IMG-B72D016B90536F00,assets/images/hotels/hotels-LY-HOTELS-00410-01.webp,local_images,probably_correct,false,Existing local link; destination not independently re-verified,retain_pending_rights_review,No deletion in phase 1.
LY-HOT-000410,hotels,IMG-7422015E262194A2,assets/images/hotels/hotels-LY-HOTELS-00410-02.webp,local_images,probably_correct,false,Existing local link; destination not independently re-verified,retain_pending_rights_review,No deletion in phase 1.
LY-HOT-000410,hotels,IMG-0253F6E7FF54F8AD,assets/images/hotels/hotels-LY-HOTELS-00410-03.webp,local_images,probably_correct,false,Existing local link; destination not independently re-verified,retain_pending_rights_review,No deletion in phase 1.
LY-HOT-000410,hotels,IMG-45D515A1569B0F4F,assets/images/hotels/hotels-LY-HOTELS-00410-04.webp,local_images,probably_correct,false,Existing local link; destination not independently re-verified,retain_pending_rights_review,No deletion in phase 1.
LY-HOT-000410,hotels,IMG-DFE5E35EAA6D9A1A,assets/images/hotels/hotels-LY-HOTELS-00410-05.webp,local_images,probably_correct,false,Existing local link; destination not independently re-verified,retain_pending_rights_review,No deletion in phase 1.
LY-HOT-000411,hotels,IMG-176798488A35C25B,assets/images/hotels/hotels-LY-HOTELS-00411-01.webp,local_images,probably_correct,false,Existing local link; destination not independently re-verified,retain_pending_rights_review,No deletion in phase 1.
LY-HOT-000411,hotels,IMG-2355D6DC6511BAEB,assets/images/hotels/hotels-LY-HOTELS-00411-02.webp,local_images,probably_correct,false,Existing local link; destination not independently re-verified,retain_pending_rights_review,No deletion in phase 1.
LY-HOT-000411,hotels,IMG-3B4A6DF45680481B,assets/images/hotels/hotels-LY-HOTELS-00411-03.webp,local_images,probably_correct,false,Existing local link; destination not independently re-verified,retain_pending_rights_review,No deletion in phase 1.
LY-HOT-000411,hotels,IMG-724D182068E187CA,assets/images/hotels/hotels-LY-HOTELS-00411-05.webp,local_images,probably_correct,false,Existing local link; destination not independently re-verified,retain_pending_rights_review,No deletion in phase 1.
LY-HOT-000411,hotels,IMG-E857C39F2FCF4C4D,assets/images/hotels/hotels-LY-HOTELS-00411-06.webp,local_images,probably_correct,false,Existing local link; destination not independently re-verified,retain_pending_rights_review,No deletion in phase 1.
LY-HOT-000412,hotels,IMG-8C23E869CDE883F2,assets/images/hotels/hotels-LY-HOTELS-00412-01.webp,local_images,probably_correct,false,Existing local link; destination not independently re-verified,retain_pending_rights_review,No deletion in phase 1.
LY-HOT-000412,hotels,IMG-309774B80E56DBD5,assets/images/hotels/hotels-LY-HOTELS-00412-02.webp,local_images,probably_correct,false,Existing local link; destination not independently re-verified,retain_pending_rights_review,No deletion in phase 1.
LY-HOT-000412,hotels,IMG-48CE7559F3405758,assets/images/hotels/hotels-LY-HOTELS-00412-03.webp,local_images,probably_correct,false,Existing local link; destination not independently re-verified,retain_pending_rights_review,No deletion in phase 1.
LY-HOT-000412,hotels,IMG-9F88F15C062658CC,assets/images/hotels/hotels-LY-HOTELS-00412-04.webp,local_images,probably_correct,false,Existing local link; destination not independently re-verified,retain_pending_rights_review,No deletion in phase 1.
LY-HOT-000412,hotels,IMG-0C3CBAEF6FBD76A0,assets/images/hotels/hotels-LY-HOTELS-00412-05.webp,local_images,probably_correct,false,Existing local link; destination not independently re-verified,retain_pending_rights_review,No deletion in phase 1.
LY-HOT-000413,hotels,IMG-FD41C8ED19ACA6CA,assets/images/hotels/hotels-LY-HOTELS-00413-01.webp,local_images,probably_correct,false,Existing local link; destination not independently re-verified,retain_pending_rights_review,No deletion in phase 1.
LY-HOT-000413,hotels,IMG-A241335E6A76E3F4,assets/images/hotels/hotels-LY-HOTELS-00413-02.webp,local_images,probably_correct,false,Existing local link; destination not independently re-verified,retain_pending_rights_review,No deletion in phase 1.
LY-HOT-000413,hotels,IMG-A83766E0EF60E1D4,assets/images/hotels/hotels-LY-HOTELS-00413-03.webp,local_images,probably_correct,false,Existing local link; destination not independently re-verified,retain_pending_rights_review,No deletion in phase 1.
LY-HOT-000413,hotels,IMG-A05B06FA49503817,assets/images/hotels/hotels-LY-HOTELS-00413-04.webp,local_images,probably_correct,false,Existing local link; destination not independently re-verified,retain_pending_rights_review,No deletion in phase 1.
LY-HOT-000414,hotels,IMG-3859DF30E43751C6,assets/images/hotels/hotels-LY-HOTELS-00414-01.webp,local_images,probably_correct,false,Existing local link; destination not independently re-verified,retain_pending_rights_review,No deletion in phase 1.
LY-HOT-000414,hotels,IMG-C6CD8118DE92506B,assets/images/hotels/hotels-LY-HOTELS-00414-02.webp,local_images,probably_correct,false,Existing local link; destination not independently re-verified,retain_pending_rights_review,No deletion in phase 1.
LY-HOT-000414,hotels,IMG-4BA7F62E727F970F,assets/images/hotels/hotels-LY-HOTELS-00414-03.webp,local_images,probably_correct,false,Existing local link; destination not independently re-verified,retain_pending_rights_review,No deletion in phase 1.
LY-HOT-000415,hotels,IMG-7053C4C6903C739C,assets/images/hotels/hotels-LY-HOTELS-00415-01.webp,local_images,probably_correct,false,Existing local link; destination not independently re-verified,retain_pending_rights_review,No deletion in phase 1.
LY-HOT-000415,hotels,IMG-257636A8AFD955AA,assets/images/hotels/hotels-LY-HOTELS-00415-02.webp,local_images,probably_correct,false,Existing local link; destination not independently re-verified,retain_pending_rights_review,No deletion in phase 1.
LY-HOT-000415,hotels,IMG-5E408D879BDAF4B6,assets/images/hotels/hotels-LY-HOTELS-00415-03.webp,local_images,probably_correct,false,Existing local link; destination not independently re-verified,retain_pending_rights_review,No deletion in phase 1.
LY-HOT-000416,hotels,IMG-7A112E81106A3622,assets/images/hotels/hotels-LY-HOTELS-00416-01.webp,local_images,probably_correct,false,Existing local link; destination not independently re-verified,retain_pending_rights_review,No deletion in phase 1.
LY-HOT-000416,hotels,IMG-9212DA62CF7B523A,assets/images/hotels/hotels-LY-HOTELS-00416-02.webp,local_images,probably_correct,false,Existing local link; destination not independently re-verified,retain_pending_rights_review,No deletion in phase 1.
LY-HOT-000416,hotels,IMG-EF848E524A6C58C3,assets/images/hotels/hotels-LY-HOTELS-00416-03.webp,local_images,probably_correct,false,Existing local link; destination not independently re-verified,retain_pending_rights_review,No deletion in phase 1.
LY-HOT-000416,hotels,IMG-1F3FE3CD4BD890B2,assets/images/hotels/hotels-LY-HOTELS-00416-04.webp,local_images,probably_correct,false,Existing local link; destination not independently re-verified,retain_pending_rights_review,No deletion in phase 1.
LY-HOT-000417,hotels,IMG-71F0147F76EA876C,assets/images/hotels/hotels-LY-HOTELS-00417-01.webp,local_images,probably_correct,false,Existing local link; destination not independently re-verified,retain_pending_rights_review,No deletion in phase 1.
LY-HOT-000417,hotels,IMG-44CE50BFD6859406,assets/images/hotels/hotels-LY-HOTELS-00417-02.webp,local_images,probably_correct,false,Existing local link; destination not independently re-verified,retain_pending_rights_review,No deletion in phase 1.
LY-HOT-000417,hotels,IMG-ACB8783F4B7EB32C,assets/images/hotels/hotels-LY-HOTELS-00417-03.webp,local_images,probably_correct,false,Existing local link; destination not independently re-verified,retain_pending_rights_review,No deletion in phase 1.
LY-HOT-000418,hotels,IMG-0369D2CCBFEBB36D,assets/images/hotels/hotels-LY-HOTELS-00418-01.webp,local_images,probably_correct,false,Existing local link; destination not independently re-verified,retain_pending_rights_review,No deletion in phase 1.
LY-HOT-000418,hotels,IMG-C68DC166885589BA,assets/images/hotels/hotels-LY-HOTELS-00418-02.webp,local_images,probably_correct,false,Existing local link; destination not independently re-verified,retain_pending_rights_review,No deletion in phase 1.
LY-HOT-000418,hotels,IMG-D303BEBFB6486EA8,assets/images/hotels/hotels-LY-HOTELS-00418-03.webp,local_images,probably_correct,false,Existing local link; destination not independently re-verified,retain_pending_rights_review,No deletion in phase 1.
LY-HOT-000419,hotels,IMG-DC8036C639747547,assets/images/hotels/hotels-LY-HOTELS-00419-01.webp,local_images,probably_correct,false,Existing local link; destination not independently re-verified,retain_pending_rights_review,No deletion in phase 1.
LY-HOT-000419,hotels,IMG-93FBA16F15FDFB5A,assets/images/hotels/hotels-LY-HOTELS-00419-02.webp,local_images,probably_correct,false,Existing local link; destination not independently re-verified,retain_pending_rights_review,No deletion in phase 1.
LY-HOT-000419,hotels,IMG-24FF2778097599A7,assets/images/hotels/hotels-LY-HOTELS-00419-03.webp,local_images,probably_correct,false,Existing local link; destination not independently re-verified,retain_pending_rights_review,No deletion in phase 1.
LY-HOT-000421,hotels,IMG-D5C7DDCCE12EA1FE,assets/images/hotels/hotels-LY-HOTELS-00421-01.webp,local_images,probably_correct,false,Existing local link; destination not independently re-verified,retain_pending_rights_review,No deletion in phase 1.
LY-HOT-000421,hotels,IMG-E7501840D930E02B,assets/images/hotels/hotels-LY-HOTELS-00421-02.webp,local_images,probably_correct,false,Existing local link; destination not independently re-verified,retain_pending_rights_review,No deletion in phase 1.
LY-HOT-000421,hotels,IMG-16D48238AA9ECE8A,assets/images/hotels/hotels-LY-HOTELS-00421-03.webp,local_images,probably_correct,false,Existing local link; destination not independently re-verified,retain_pending_rights_review,No deletion in phase 1.
LY-HOT-000421,hotels,IMG-A9F67CAD5B42B38E,assets/images/hotels/hotels-LY-HOTELS-00421-04.webp,local_images,probably_correct,false,Existing local link; destination not independently re-verified,retain_pending_rights_review,No deletion in phase 1.
LY-HOT-000423,hotels,IMG-CEB56CEBA46AE29E,assets/images/hotels/hotels-LY-HOTELS-00423-01.webp,local_images,probably_correct,false,Existing local link; destination not independently re-verified,retain_pending_rights_review,No deletion in phase 1.
LY-HOT-000424,hotels,IMG-46821D9B585FFE64,assets/images/hotels/hotels-LY-HOTELS-00424-01.webp,local_images,probably_correct,false,Existing local link; destination not independently re-verified,retain_pending_rights_review,No deletion in phase 1.
LY-HOT-000424,hotels,IMG-E137A1CCE92F44E9,assets/images/hotels/hotels-LY-HOTELS-00295-02.webp,local_images,probably_correct,false,Existing local link; destination not independently re-verified,retain_pending_rights_review,No deletion in phase 1.
LY-HOT-000424,hotels,IMG-729EB4B25B240200,assets/images/hotels/hotels-LY-HOTELS-00295-03.webp,local_images,probably_correct,false,Existing local link; destination not independently re-verified,retain_pending_rights_review,No deletion in phase 1.
LY-HOT-000424,hotels,IMG-AB22C6D40D93616F,assets/images/hotels/hotels-LY-HOTELS-00295-01.webp,local_images,probably_correct,false,Existing local link; destination not independently re-verified,retain_pending_rights_review,No deletion in phase 1.
LY-HOT-000425,hotels,IMG-622D25A255534D5F,assets/images/hotels/hotels-LY-HOTELS-00425-01.webp,local_images,probably_correct,false,Existing local link; destination not independently re-verified,retain_pending_rights_review,No deletion in phase 1.
LY-HOT-000425,hotels,IMG-7B6142B18ECAB834,assets/images/hotels/hotels-LY-HOTELS-00425-02.webp,local_images,probably_correct,false,Existing local link; destination not independently re-verified,retain_pending_rights_review,No deletion in phase 1.
LY-HOT-000425,hotels,IMG-0047CF13C7471720,assets/images/hotels/hotels-LY-HOTELS-00425-03.webp,local_images,probably_correct,false,Existing local link; destination not independently re-verified,retain_pending_rights_review,No deletion in phase 1.
LY-HOT-000425,hotels,IMG-3923B0EDCF8316A3,assets/images/hotels/hotels-LY-HOTELS-00425-04.webp,local_images,probably_correct,false,Existing local link; destination not independently re-verified,retain_pending_rights_review,No deletion in phase 1.
LY-HOT-000432,hotels,IMG-1B3C9820F53BEE88,assets/images/hotels/hotels-LY-HOTELS-00432-01.webp,local_images,probably_correct,false,Existing local link; destination not independently re-verified,retain_pending_rights_review,No deletion in phase 1.
LY-HOT-000432,hotels,IMG-EB809979CAB23277,assets/images/hotels/hotels-LY-HOTELS-00432-02.webp,local_images,probably_correct,false,Existing local link; destination not independently re-verified,retain_pending_rights_review,No deletion in phase 1.
LY-HOT-000434,hotels,IMG-9D2B03FE06D8CF71,assets/images/hotels/hotels-LY-HOTELS-00434-01.webp,local_images,probably_correct,false,Existing local link; destination not independently re-verified,retain_pending_rights_review,No deletion in phase 1.
LY-HOT-000434,hotels,IMG-142EAE0C7CA4F02A,assets/images/hotels/hotels-LY-HOTELS-00434-02.webp,local_images,probably_correct,false,Existing local link; destination not independently re-verified,retain_pending_rights_review,No deletion in phase 1.
LY-HOT-000434,hotels,IMG-39F9237387F550B3,assets/images/hotels/hotels-LY-HOTELS-00434-03.webp,local_images,probably_correct,false,Existing local link; destination not independently re-verified,retain_pending_rights_review,No deletion in phase 1.
LY-HOT-000444,hotels,IMG-4CAA6944989EC466,assets/images/hotels/hotels-LY-HOTELS-00444-01.webp,local_images,probably_correct,false,Existing local link; destination not independently re-verified,retain_pending_rights_review,No deletion in phase 1.
LY-HOT-000444,hotels,IMG-1DD12E5240EBE639,assets/images/hotels/hotels-LY-HOTELS-00444-02.webp,local_images,probably_correct,false,Existing local link; destination not independently re-verified,retain_pending_rights_review,No deletion in phase 1.
LY-HOT-000444,hotels,IMG-2512C762266DC123,assets/images/hotels/hotels-LY-HOTELS-00444-03.webp,local_images,probably_correct,false,Existing local link; destination not independently re-verified,retain_pending_rights_review,No deletion in phase 1.
LY-HOT-000445,hotels,IMG-C2390CB8BDA7A88F,assets/images/hotels/hotels-LY-HOTELS-00445-01.webp,local_images,probably_correct,false,Existing local link; destination not independently re-verified,retain_pending_rights_review,No deletion in phase 1.
LY-HOT-000445,hotels,IMG-62490C77FE9DF985,assets/images/hotels/hotels-LY-HOTELS-00445-02.webp,local_images,probably_correct,false,Existing local link; destination not independently re-verified,retain_pending_rights_review,No deletion in phase 1.
LY-HOT-000445,hotels,IMG-487BFC8DB6757538,assets/images/hotels/hotels-LY-HOTELS-00445-03.webp,local_images,probably_correct,false,Existing local link; destination not independently re-verified,retain_pending_rights_review,No deletion in phase 1.
LY-HOT-000445,hotels,IMG-8B4DB9D37ADF05CD,assets/images/hotels/hotels-LY-HOTELS-00445-04.webp,local_images,probably_correct,false,Existing local link; destination not independently re-verified,retain_pending_rights_review,No deletion in phase 1.
LY-HOT-000446,hotels,IMG-5F0B87CC56980023,assets/images/hotels/hotels-LY-HOTELS-00314-04.webp,local_images,probably_correct,false,Existing local link; destination not independently re-verified,retain_pending_rights_review,No deletion in phase 1.
LY-HOT-000446,hotels,IMG-A621EC690B7CF91C,assets/images/hotels/hotels-LY-HOTELS-00314-03.webp,local_images,probably_correct,false,Existing local link; destination not independently re-verified,retain_pending_rights_review,No deletion in phase 1.
LY-HOT-000446,hotels,IMG-9EA57547A5CADF9F,assets/images/hotels/hotels-LY-HOTELS-00314-02.webp,local_images,probably_correct,false,Existing local link; destination not independently re-verified,retain_pending_rights_review,No deletion in phase 1.
LY-HOT-000446,hotels,IMG-B9573C8C7FB931A8,assets/images/hotels/hotels-LY-HOTELS-00314-01.webp,local_images,probably_correct,false,Existing local link; destination not independently re-verified,retain_pending_rights_review,No deletion in phase 1.
LY-HOT-000484,hotels,IMG-5907F4EB5DA0B991,assets/images/hotels/hotels-LY-HOTELS-00484-01.webp,local_images,probably_correct,false,Existing local link; destination not independently re-verified,retain_pending_rights_review,No deletion in phase 1.
LY-HOT-000484,hotels,IMG-1D26A8EA563CFA7D,assets/images/hotels/hotels-LY-HOTELS-00484-02.webp,local_images,probably_correct,false,Existing local link; destination not independently re-verified,retain_pending_rights_review,No deletion in phase 1.
LY-HOT-000496,hotels,IMG-D2C42BD4A4895D81,assets/images/hotels/hotels-LY-HOTELS-00496-01.webp,local_images,probably_correct,false,Existing local link; destination not independently re-verified,retain_pending_rights_review,No deletion in phase 1.
LY-HOT-000496,hotels,IMG-BC6300B2485DF600,assets/images/hotels/hotels-LY-HOTELS-00496-02.webp,local_images,probably_correct,false,Existing local link; destination not independently re-verified,retain_pending_rights_review,No deletion in phase 1.
LY-HOT-000496,hotels,IMG-FC1E579858D4BAAA,assets/images/hotels/hotels-LY-HOTELS-00496-03.webp,local_images,probably_correct,false,Existing local link; destination not independently re-verified,retain_pending_rights_review,No deletion in phase 1.
LY-HOT-000569,hotels,IMG-C73E517BCA650C42,assets/images/hotels/hotels-LY-HOTELS-00569-01.webp,local_images,probably_correct,false,Existing local link; destination not independently re-verified,retain_pending_rights_review,No deletion in phase 1.
LY-HOT-000569,hotels,IMG-671B5A534FEAFA09,assets/images/hotels/hotels-LY-HOTELS-00569-02.webp,local_images,probably_correct,false,Existing local link; destination not independently re-verified,retain_pending_rights_review,No deletion in phase 1.
LY-HOT-000569,hotels,IMG-9FF9927A68DADFD3,assets/images/hotels/hotels-LY-HOTELS-00569-03.webp,local_images,probably_correct,false,Existing local link; destination not independently re-verified,retain_pending_rights_review,No deletion in phase 1.
LY-HOT-000569,hotels,IMG-17ABDA482BABD7F7,assets/images/hotels/hotels-LY-HOTELS-00569-04.webp,local_images,probably_correct,false,Existing local link; destination not independently re-verified,retain_pending_rights_review,No deletion in phase 1.
WH-MAIN-001,world-heritage,IMG-B686098D30E75955,assets/media/LIBYA/heritage/leptis-magna/published/main-site/leptis-magna-colonnade.jpg,local_images,probably_correct,false,Existing local link; destination not independently re-verified,retain_pending_rights_review,No deletion in phase 1.
WH-MAIN-001,world-heritage,IMG-D5179154990536A1,assets/media/LIBYA/heritage/leptis-magna/published/main-site/leptis-magna-official-002.jpeg,local_images,probably_correct,false,Existing local link; destination not independently re-verified,retain_pending_rights_review,No deletion in phase 1.
WH-MAIN-001,world-heritage,IMG-57D62DF802AD2C65,assets/media/LIBYA/heritage/leptis-magna/published/main-site/leptis-magna-official-003.jpeg,local_images,probably_correct,false,Existing local link; destination not independently re-verified,retain_pending_rights_review,No deletion in phase 1.
WH-MAIN-001,world-heritage,IMG-D5179154990536A1,assets/media/LIBYA/heritage/leptis-magna/published/main-site/leptis-magna-official-004.jpeg,local_images,probably_correct,false,Existing local link; destination not independently re-verified,retain_pending_rights_review,No deletion in phase 1.
WH-MAIN-001,world-heritage,IMG-C8C4ADD5E99E03A9,assets/media/LIBYA/heritage/leptis-magna/published/main-site/leptis-magna-official-005.jpeg,local_images,probably_correct,false,Existing local link; destination not independently re-verified,retain_pending_rights_review,No deletion in phase 1.
WH-MAIN-001,world-heritage,IMG-4E78CAD5E554177F,assets/media/LIBYA/heritage/leptis-magna/published/main-site/leptis-magna-official-007.jpeg,local_images,probably_correct,false,Existing local link; destination not independently re-verified,retain_pending_rights_review,No deletion in phase 1.
WH-MAIN-001,world-heritage,IMG-72B85AFA6CA0250D,assets/media/LIBYA/heritage/leptis-magna/published/main-site/leptis-magna-official-008.jpeg,local_images,probably_correct,false,Existing local link; destination not independently re-verified,retain_pending_rights_review,No deletion in phase 1.
WH-MAIN-001,world-heritage,IMG-A3C461DB57C74A23,assets/media/LIBYA/heritage/leptis-magna/published/main-site/leptis-magna-official-009.jpeg,local_images,probably_correct,false,Existing local link; destination not independently re-verified,retain_pending_rights_review,No deletion in phase 1.
WH-MAIN-001,world-heritage,IMG-3CDE9251AE52D7C7,assets/media/LIBYA/heritage/leptis-magna/published/main-site/leptis-magna-official-010.jpeg,local_images,probably_correct,false,Existing local link; destination not independently re-verified,retain_pending_rights_review,No deletion in phase 1.
WH-MAIN-001,world-heritage,IMG-124B33A5F5D5F40B,assets/media/LIBYA/heritage/leptis-magna/published/main-site/leptis-magna-official-011.jpeg,local_images,probably_correct,false,Existing local link; destination not independently re-verified,retain_pending_rights_review,No deletion in phase 1.
WH-MAIN-001,world-heritage,IMG-342EB5DEB4B9E970,assets/media/LIBYA/heritage/leptis-magna/published/main-site/leptis-magna-official-017.jpeg,local_images,probably_correct,false,Existing local link; destination not independently re-verified,retain_pending_rights_review,No deletion in phase 1.
WH-MAIN-001,world-heritage,IMG-89026CB82167FEC9,assets/media/LIBYA/heritage/leptis-magna/published/main-site/leptis-magna-official-018.jpeg,local_images,probably_correct,false,Existing local link; destination not independently re-verified,retain_pending_rights_review,No deletion in phase 1.
WH-MAIN-001,world-heritage,IMG-25FE3997B35164F5,assets/media/LIBYA/heritage/leptis-magna/published/main-site/leptis-magna-official-019.jpeg,local_images,probably_correct,false,Existing local link; destination not independently re-verified,retain_pending_rights_review,No deletion in phase 1.
WH-MAIN-001,world-heritage,IMG-CE9DE34B394856C2,assets/media/LIBYA/heritage/leptis-magna/published/main-site/leptis-magna-official-020.jpeg,local_images,probably_correct,false,Existing local link; destination not independently re-verified,retain_pending_rights_review,No deletion in phase 1.
WH-MAIN-001,world-heritage,IMG-18D4E02BB5FB34AC,assets/media/LIBYA/heritage/leptis-magna/published/main-site/leptis-magna-official-021.jpeg,local_images,probably_correct,false,Existing local link; destination not independently re-verified,retain_pending_rights_review,No deletion in phase 1.
WH-MAIN-001,world-heritage,IMG-3D16B05BDBC1B66A,assets/media/LIBYA/heritage/leptis-magna/published/main-site/leptis-magna-official-022.jpeg,local_images,probably_correct,false,Existing local link; destination not independently re-verified,retain_pending_rights_review,No deletion in phase 1.
WH-MAIN-001,world-heritage,IMG-1FE0ECFF517687D8,assets/media/LIBYA/heritage/leptis-magna/published/main-site/leptis-magna-official-023.jpeg,local_images,probably_correct,false,Existing local link; destination not independently re-verified,retain_pending_rights_review,No deletion in phase 1.
WH-MAIN-001,world-heritage,IMG-14D05C672B535953,assets/media/LIBYA/heritage/leptis-magna/published/main-site/leptis-magna-official-024.jpeg,local_images,probably_correct,false,Existing local link; destination not independently re-verified,retain_pending_rights_review,No deletion in phase 1.
WH-MAIN-001,world-heritage,IMG-52F0FA01105E904F,assets/media/LIBYA/heritage/leptis-magna/published/main-site/leptis-magna-official-026.jpeg,local_images,probably_correct,false,Existing local link; destination not independently re-verified,retain_pending_rights_review,No deletion in phase 1.
WH-MAIN-001,world-heritage,IMG-52F0FA01105E904F,assets/media/LIBYA/heritage/leptis-magna/published/main-site/leptis-magna-official-027.jpeg,local_images,probably_correct,false,Existing local link; destination not independently re-verified,retain_pending_rights_review,No deletion in phase 1.
WH-MAIN-001,world-heritage,IMG-EC977CC881363B23,assets/media/LIBYA/heritage/leptis-magna/published/main-site/leptis-magna-official-028.jpeg,local_images,probably_correct,false,Existing local link; destination not independently re-verified,retain_pending_rights_review,No deletion in phase 1.
WH-MAIN-001,world-heritage,IMG-9BE7B92905242AEB,assets/media/LIBYA/heritage/leptis-magna/published/main-site/leptis-magna-official-029.jpeg,local_images,probably_correct,false,Existing local link; destination not independently re-verified,retain_pending_rights_review,No deletion in phase 1.
WH-MAIN-001,world-heritage,IMG-6A770FED97FB7B2C,assets/media/LIBYA/heritage/leptis-magna/published/main-site/leptis-magna-official-030.jpeg,local_images,probably_correct,false,Existing local link; destination not independently re-verified,retain_pending_rights_review,No deletion in phase 1.
WH-MAIN-001,world-heritage,IMG-6B42697D83FE65B8,assets/media/LIBYA/heritage/leptis-magna/published/main-site/leptis-magna-official-031.jpeg,local_images,probably_correct,false,Existing local link; destination not independently re-verified,retain_pending_rights_review,No deletion in phase 1.
WH-MAIN-001,world-heritage,IMG-02558E0EC9D8A4C4,assets/media/LIBYA/heritage/leptis-magna/published/main-site/leptis-official-001.jpeg,local_images,probably_correct,false,Existing local link; destination not independently re-verified,retain_pending_rights_review,No deletion in phase 1.
WH-MAIN-001,world-heritage,IMG-D5179154990536A1,assets/media/LIBYA/heritage/leptis-magna/published/main-site/leptis-official-002.jpeg,local_images,probably_correct,false,Existing local link; destination not independently re-verified,retain_pending_rights_review,No deletion in phase 1.
WH-MAIN-001,world-heritage,IMG-57D62DF802AD2C65,assets/media/LIBYA/heritage/leptis-magna/published/main-site/leptis-official-003.jpeg,local_images,probably_correct,false,Existing local link; destination not independently re-verified,retain_pending_rights_review,No deletion in phase 1.
WH-MAIN-001,world-heritage,IMG-D5179154990536A1,assets/media/LIBYA/heritage/leptis-magna/published/main-site/leptis-official-004.jpeg,local_images,probably_correct,false,Existing local link; destination not independently re-verified,retain_pending_rights_review,No deletion in phase 1.
WH-MAIN-001,world-heritage,IMG-C8C4ADD5E99E03A9,assets/media/LIBYA/heritage/leptis-magna/published/main-site/leptis-official-005.jpeg,local_images,probably_correct,false,Existing local link; destination not independently re-verified,retain_pending_rights_review,No deletion in phase 1.
WH-MAIN-001,world-heritage,IMG-30524AC72571041E,assets/media/LIBYA/heritage/leptis-magna/published/main-site/leptis-official-006.jpeg,local_images,probably_correct,false,Existing local link; destination not independently re-verified,retain_pending_rights_review,No deletion in phase 1.
WH-MAIN-001,world-heritage,IMG-4E78CAD5E554177F,assets/media/LIBYA/heritage/leptis-magna/published/main-site/leptis-official-007.jpeg,local_images,probably_correct,false,Existing local link; destination not independently re-verified,retain_pending_rights_review,No deletion in phase 1.
WH-MAIN-001,world-heritage,IMG-72B85AFA6CA0250D,assets/media/LIBYA/heritage/leptis-magna/published/main-site/leptis-official-008.jpeg,local_images,probably_correct,false,Existing local link; destination not independently re-verified,retain_pending_rights_review,No deletion in phase 1.
WH-MAIN-001,world-heritage,IMG-A3C461DB57C74A23,assets/media/LIBYA/heritage/leptis-magna/published/main-site/leptis-official-009.jpeg,local_images,probably_correct,false,Existing local link; destination not independently re-verified,retain_pending_rights_review,No deletion in phase 1.
WH-MAIN-001,world-heritage,IMG-3CDE9251AE52D7C7,assets/media/LIBYA/heritage/leptis-magna/published/main-site/leptis-official-010.jpeg,local_images,probably_correct,false,Existing local link; destination not independently re-verified,retain_pending_rights_review,No deletion in phase 1.
WH-MAIN-001,world-heritage,IMG-124B33A5F5D5F40B,assets/media/LIBYA/heritage/leptis-magna/published/main-site/leptis-official-011.jpeg,local_images,probably_correct,false,Existing local link; destination not independently re-verified,retain_pending_rights_review,No deletion in phase 1.
WH-MAIN-001,world-heritage,IMG-A921BDB1470142C4,assets/media/LIBYA/heritage/leptis-magna/published/main-site/leptis-official-012.jpeg,local_images,probably_correct,false,Existing local link; destination not independently re-verified,retain_pending_rights_review,No deletion in phase 1.
WH-MAIN-001,world-heritage,IMG-3D2566CF42357128,assets/media/LIBYA/heritage/leptis-magna/published/main-site/leptis-official-013.jpeg,local_images,probably_correct,false,Existing local link; destination not independently re-verified,retain_pending_rights_review,No deletion in phase 1.
WH-MAIN-001,world-heritage,IMG-D7DF4A3E27FA5969,assets/media/LIBYA/heritage/leptis-magna/published/main-site/leptis-official-014.jpeg,local_images,probably_correct,false,Existing local link; destination not independently re-verified,retain_pending_rights_review,No deletion in phase 1.
WH-MAIN-001,world-heritage,IMG-23CE781AE35FECBC,assets/media/LIBYA/heritage/leptis-magna/published/main-site/leptis-official-015.jpeg,local_images,probably_correct,false,Existing local link; destination not independently re-verified,retain_pending_rights_review,No deletion in phase 1.
WH-MAIN-001,world-heritage,IMG-5F35D97208234680,assets/media/LIBYA/heritage/leptis-magna/published/main-site/leptis-official-016.jpeg,local_images,probably_correct,false,Existing local link; destination not independently re-verified,retain_pending_rights_review,No deletion in phase 1.
WH-MAIN-001,world-heritage,IMG-342EB5DEB4B9E970,assets/media/LIBYA/heritage/leptis-magna/published/main-site/leptis-official-017.jpeg,local_images,probably_correct,false,Existing local link; destination not independently re-verified,retain_pending_rights_review,No deletion in phase 1.
WH-MAIN-001,world-heritage,IMG-89026CB82167FEC9,assets/media/LIBYA/heritage/leptis-magna/published/main-site/leptis-official-018.jpeg,local_images,probably_correct,false,Existing local link; destination not independently re-verified,retain_pending_rights_review,No deletion in phase 1.
WH-MAIN-001,world-heritage,IMG-25FE3997B35164F5,assets/media/LIBYA/heritage/leptis-magna/published/main-site/leptis-official-019.jpeg,local_images,probably_correct,false,Existing local link; destination not independently re-verified,retain_pending_rights_review,No deletion in phase 1.
WH-MAIN-001,world-heritage,IMG-CE9DE34B394856C2,assets/media/LIBYA/heritage/leptis-magna/published/main-site/leptis-official-020.jpeg,local_images,probably_correct,false,Existing local link; destination not independently re-verified,retain_pending_rights_review,No deletion in phase 1.
WH-MAIN-001,world-heritage,IMG-18D4E02BB5FB34AC,assets/media/LIBYA/heritage/leptis-magna/published/main-site/leptis-official-021.jpeg,local_images,probably_correct,false,Existing local link; destination not independently re-verified,retain_pending_rights_review,No deletion in phase 1.
WH-MAIN-001,world-heritage,IMG-3D16B05BDBC1B66A,assets/media/LIBYA/heritage/leptis-magna/published/main-site/leptis-official-022.jpeg,local_images,probably_correct,false,Existing local link; destination not independently re-verified,retain_pending_rights_review,No deletion in phase 1.
WH-MAIN-001,world-heritage,IMG-1FE0ECFF517687D8,assets/media/LIBYA/heritage/leptis-magna/published/main-site/leptis-official-023.jpeg,local_images,probably_correct,false,Existing local link; destination not independently re-verified,retain_pending_rights_review,No deletion in phase 1.
WH-MAIN-001,world-heritage,IMG-14D05C672B535953,assets/media/LIBYA/heritage/leptis-magna/published/main-site/leptis-official-024.jpeg,local_images,probably_correct,false,Existing local link; destination not independently re-verified,retain_pending_rights_review,No deletion in phase 1.
WH-MAIN-001,world-heritage,IMG-C9D193F2B583E40F,assets/media/LIBYA/heritage/leptis-magna/published/main-site/leptis-official-025.jpeg,local_images,probably_correct,false,Existing local link; destination not independently re-verified,retain_pending_rights_review,No deletion in phase 1.
WH-MAIN-001,world-heritage,IMG-52F0FA01105E904F,assets/media/LIBYA/heritage/leptis-magna/published/main-site/leptis-official-026.jpeg,local_images,probably_correct,false,Existing local link; destination not independently re-verified,retain_pending_rights_review,No deletion in phase 1.
WH-MAIN-001,world-heritage,IMG-52F0FA01105E904F,assets/media/LIBYA/heritage/leptis-magna/published/main-site/leptis-official-027.jpeg,local_images,probably_correct,false,Existing local link; destination not independently re-verified,retain_pending_rights_review,No deletion in phase 1.
WH-MAIN-001,world-heritage,IMG-EC977CC881363B23,assets/media/LIBYA/heritage/leptis-magna/published/main-site/leptis-official-028.jpeg,local_images,probably_correct,false,Existing local link; destination not independently re-verified,retain_pending_rights_review,No deletion in phase 1.
WH-MAIN-001,world-heritage,IMG-9BE7B92905242AEB,assets/media/LIBYA/heritage/leptis-magna/published/main-site/leptis-official-029.jpeg,local_images,probably_correct,false,Existing local link; destination not independently re-verified,retain_pending_rights_review,No deletion in phase 1.
WH-MAIN-001,world-heritage,IMG-6A770FED97FB7B2C,assets/media/LIBYA/heritage/leptis-magna/published/main-site/leptis-official-030.jpeg,local_images,probably_correct,false,Existing local link; destination not independently re-verified,retain_pending_rights_review,No deletion in phase 1.
WH-MAIN-001,world-heritage,IMG-6B42697D83FE65B8,assets/media/LIBYA/heritage/leptis-magna/published/main-site/leptis-official-031.jpeg,local_images,probably_correct,false,Existing local link; destination not independently re-verified,retain_pending_rights_review,No deletion in phase 1.
WH-WORLD-C0001,world-heritage,IMG-EB3970495DD0618E,assets/media/LIBYA/Sabratha/published/main-site/sabratha-main-aerial-001.JPG,local_images,probably_correct,false,Existing local link; destination not independently re-verified,retain_pending_rights_review,No deletion in phase 1.
WH-WORLD-C0001,world-heritage,IMG-E40FC1FCCE86B63F,assets/media/LIBYA/Sabratha/published/main-site/sabratha-main-site-001.jpg,local_images,probably_correct,false,Existing local link; destination not independently re-verified,retain_pending_rights_review,No deletion in phase 1.
WH-WORLD-C0001,world-heritage,IMG-9B279CAB28E91261,assets/media/LIBYA/Sabratha/published/main-site/sabratha-main-site-002.jpg,local_images,probably_correct,false,Existing local link; destination not independently re-verified,retain_pending_rights_review,No deletion in phase 1.
WH-WORLD-C0001,world-heritage,IMG-222DBF8022824242,assets/media/LIBYA/Sabratha/published/main-site/sabratha-main-site-old-001.jpg,local_images,probably_correct,false,Existing local link; destination not independently re-verified,retain_pending_rights_review,No deletion in phase 1.
WH-WORLD-C0002,world-heritage,IMG-78BA295438D199F4,assets/media/LIBYA/heritage/cyrene/published/main-site/cyrene-main-aerial-001.JPG,local_images,probably_correct,false,Existing local link; destination not independently re-verified,retain_pending_rights_review,No deletion in phase 1.
WH-WORLD-C0002,world-heritage,IMG-99899EC2678C9DF4,assets/media/LIBYA/heritage/cyrene/published/main-site/cyrene-main-aerial-002.JPG,local_images,probably_correct,false,Existing local link; destination not independently re-verified,retain_pending_rights_review,No deletion in phase 1.
WH-WORLD-C0004,world-heritage,IMG-7AAB1B4E10933E9D,assets/media/LIBYA/heritage/ghadames/published/main-site/ghadames-main-site-001.jpg,local_images,probably_correct,false,Existing local link; destination not independently re-verified,retain_pending_rights_review,No deletion in phase 1.
WH-WORLD-C0004,world-heritage,IMG-34513B16D682E793,assets/media/LIBYA/heritage/ghadames/published/main-site/ghadames-main-site-002.jpg,local_images,probably_correct,false,Existing local link; destination not independently re-verified,retain_pending_rights_review,No deletion in phase 1.
WH-WORLD-C0004,world-heritage,IMG-CE660462B54E52FF,assets/media/LIBYA/heritage/ghadames/published/main-site/ghadames-main-site-003.jpg,local_images,probably_correct,false,Existing local link; destination not independently re-verified,retain_pending_rights_review,No deletion in phase 1.
WH-WORLD-C0004,world-heritage,IMG-B4F82929B52590FA,assets/media/LIBYA/heritage/ghadames/published/main-site/ghadames-main-site-004.jpg,local_images,probably_correct,false,Existing local link; destination not independently re-verified,retain_pending_rights_review,No deletion in phase 1.
WH-LY-001-0026,world-heritage,IMG-FAA17FD560A029DB,assets/media/LIBYA/heritage/leptis-magna/published/theatre/theatre-stage-wide.jpg,local_images,probably_correct,false,Existing local link; destination not independently re-verified,retain_pending_rights_review,No deletion in phase 1.
WH-LY-001-0026,world-heritage,IMG-EA523B86514BFF39,assets/media/LIBYA/heritage/leptis-magna/published/theatre/theatre-stage-front.jpg,local_images,probably_correct,false,Existing local link; destination not independently re-verified,retain_pending_rights_review,No deletion in phase 1.
WH-LY-001-0026,world-heritage,IMG-329E6F036C58F524,assets/media/LIBYA/heritage/leptis-magna/published/theatre/theatre-panorama.jpg,local_images,probably_correct,false,Existing local link; destination not independently re-verified,retain_pending_rights_review,No deletion in phase 1.
WH-LY-001-0026,world-heritage,IMG-CDBD255F1EDFB047,assets/media/LIBYA/heritage/leptis-magna/published/theatre/theatre-overview.jpg,local_images,probably_correct,false,Existing local link; destination not independently re-verified,retain_pending_rights_review,No deletion in phase 1.
WH-LY-001-0026,world-heritage,IMG-02558E0EC9D8A4C4,assets/media/LIBYA/heritage/leptis-magna/published/theatre/theatre-official-001.jpeg,local_images,probably_correct,false,Existing local link; destination not independently re-verified,retain_pending_rights_review,No deletion in phase 1.
WH-LY-001-0026,world-heritage,IMG-A921BDB1470142C4,assets/media/LIBYA/heritage/leptis-magna/published/theatre/theatre-official-012.jpeg,local_images,probably_correct,false,Existing local link; destination not independently re-verified,retain_pending_rights_review,No deletion in phase 1.
WH-LY-001-0026,world-heritage,IMG-3D2566CF42357128,assets/media/LIBYA/heritage/leptis-magna/published/theatre/theatre-official-013.jpeg,local_images,probably_correct,false,Existing local link; destination not independently re-verified,retain_pending_rights_review,No deletion in phase 1.
WH-LY-001-0026,world-heritage,IMG-D7DF4A3E27FA5969,assets/media/LIBYA/heritage/leptis-magna/published/theatre/theatre-official-014.jpeg,local_images,probably_correct,false,Existing local link; destination not independently re-verified,retain_pending_rights_review,No deletion in phase 1.
WH-LY-001-0026,world-heritage,IMG-23CE781AE35FECBC,assets/media/LIBYA/heritage/leptis-magna/published/theatre/theatre-official-015.jpeg,local_images,probably_correct,false,Existing local link; destination not independently re-verified,retain_pending_rights_review,No deletion in phase 1.
WH-LY-001-0026,world-heritage,IMG-02558E0EC9D8A4C4,assets/media/LIBYA/heritage/leptis-magna/published/theatre/leptis-official-001.jpeg,local_images,probably_correct,false,Existing local link; destination not independently re-verified,retain_pending_rights_review,No deletion in phase 1.
WH-LY-001-0026,world-heritage,IMG-A921BDB1470142C4,assets/media/LIBYA/heritage/leptis-magna/published/theatre/leptis-official-012.jpeg,local_images,probably_correct,false,Existing local link; destination not independently re-verified,retain_pending_rights_review,No deletion in phase 1.
WH-LY-001-0026,world-heritage,IMG-3D2566CF42357128,assets/media/LIBYA/heritage/leptis-magna/published/theatre/leptis-official-013.jpeg,local_images,probably_correct,false,Existing local link; destination not independently re-verified,retain_pending_rights_review,No deletion in phase 1.
WH-LY-001-0026,world-heritage,IMG-D7DF4A3E27FA5969,assets/media/LIBYA/heritage/leptis-magna/published/theatre/leptis-official-014.jpeg,local_images,probably_correct,false,Existing local link; destination not independently re-verified,retain_pending_rights_review,No deletion in phase 1.
WH-LY-001-0026,world-heritage,IMG-23CE781AE35FECBC,assets/media/LIBYA/heritage/leptis-magna/published/theatre/leptis-official-015.jpeg,local_images,probably_correct,false,Existing local link; destination not independently re-verified,retain_pending_rights_review,No deletion in phase 1.
WH-LY-001-0001,world-heritage,IMG-D54648CB1ECABCD0,assets/media/LIBYA/heritage/leptis-magna/published/septimius-severus-arch/septimius-severus-arch-wide.jpg,local_images,probably_correct,false,Existing local link; destination not independently re-verified,retain_pending_rights_review,No deletion in phase 1.
WH-LY-001-0001,world-heritage,IMG-0EDC7BDB9DFA8B93,assets/media/LIBYA/heritage/leptis-magna/published/septimius-severus-arch/septimius-severus-arch-portrait.jpg,local_images,probably_correct,false,Existing local link; destination not independently re-verified,retain_pending_rights_review,No deletion in phase 1.
WH-LY-001-0001,world-heritage,IMG-30524AC72571041E,assets/media/LIBYA/heritage/leptis-magna/published/septimius-severus-arch/septimius-severus-arch-official-006.jpeg,local_images,probably_correct,false,Existing local link; destination not independently re-verified,retain_pending_rights_review,No deletion in phase 1.
WH-LY-001-0001,world-heritage,IMG-5F35D97208234680,assets/media/LIBYA/heritage/leptis-magna/published/septimius-severus-arch/septimius-severus-arch-official-016.jpeg,local_images,probably_correct,false,Existing local link; destination not independently re-verified,retain_pending_rights_review,No deletion in phase 1.
WH-LY-001-0001,world-heritage,IMG-C9D193F2B583E40F,assets/media/LIBYA/heritage/leptis-magna/published/septimius-severus-arch/septimius-severus-arch-official-025.jpeg,local_images,probably_correct,false,Existing local link; destination not independently re-verified,retain_pending_rights_review,No deletion in phase 1.
WH-LY-001-0048,world-heritage,IMG-468E4DD944A47E48,assets/media/LIBYA/heritage/leptis-magna/published/roman-market/roman-market-001.jpg,local_images,probably_correct,false,Existing local link; destination not independently re-verified,retain_pending_rights_review,No deletion in phase 1.
WH-LY-001-0002,world-heritage,IMG-FAA17FD560A029DB,assets/media/LIBYA/heritage/leptis-magna/published/theatre/theatre-stage-wide.jpg,local_images,probably_correct,false,Existing local link; destination not independently re-verified,retain_pending_rights_review,No deletion in phase 1.
WH-LY-001-0002,world-heritage,IMG-EA523B86514BFF39,assets/media/LIBYA/heritage/leptis-magna/published/theatre/theatre-stage-front.jpg,local_images,probably_correct,false,Existing local link; destination not independently re-verified,retain_pending_rights_review,No deletion in phase 1.
WH-LY-001-0002,world-heritage,IMG-329E6F036C58F524,assets/media/LIBYA/heritage/leptis-magna/published/theatre/theatre-panorama.jpg,local_images,probably_correct,false,Existing local link; destination not independently re-verified,retain_pending_rights_review,No deletion in phase 1.
WH-LY-001-0002,world-heritage,IMG-CDBD255F1EDFB047,assets/media/LIBYA/heritage/leptis-magna/published/theatre/theatre-overview.jpg,local_images,probably_correct,false,Existing local link; destination not independently re-verified,retain_pending_rights_review,No deletion in phase 1.
WH-LY-001-0002,world-heritage,IMG-02558E0EC9D8A4C4,assets/media/LIBYA/heritage/leptis-magna/published/theatre/theatre-official-001.jpeg,local_images,probably_correct,false,Existing local link; destination not independently re-verified,retain_pending_rights_review,No deletion in phase 1.
WH-LY-001-0002,world-heritage,IMG-A921BDB1470142C4,assets/media/LIBYA/heritage/leptis-magna/published/theatre/theatre-official-012.jpeg,local_images,probably_correct,false,Existing local link; destination not independently re-verified,retain_pending_rights_review,No deletion in phase 1.
WH-LY-001-0002,world-heritage,IMG-3D2566CF42357128,assets/media/LIBYA/heritage/leptis-magna/published/theatre/theatre-official-013.jpeg,local_images,probably_correct,false,Existing local link; destination not independently re-verified,retain_pending_rights_review,No deletion in phase 1.
WH-LY-001-0002,world-heritage,IMG-D7DF4A3E27FA5969,assets/media/LIBYA/heritage/leptis-magna/published/theatre/theatre-official-014.jpeg,local_images,probably_correct,false,Existing local link; destination not independently re-verified,retain_pending_rights_review,No deletion in phase 1.
WH-LY-001-0002,world-heritage,IMG-23CE781AE35FECBC,assets/media/LIBYA/heritage/leptis-magna/published/theatre/theatre-official-015.jpeg,local_images,probably_correct,false,Existing local link; destination not independently re-verified,retain_pending_rights_review,No deletion in phase 1.
WH-LY-001-0002,world-heritage,IMG-02558E0EC9D8A4C4,assets/media/LIBYA/heritage/leptis-magna/published/theatre/leptis-official-001.jpeg,local_images,probably_correct,false,Existing local link; destination not independently re-verified,retain_pending_rights_review,No deletion in phase 1.
WH-LY-001-0002,world-heritage,IMG-A921BDB1470142C4,assets/media/LIBYA/heritage/leptis-magna/published/theatre/leptis-official-012.jpeg,local_images,probably_correct,false,Existing local link; destination not independently re-verified,retain_pending_rights_review,No deletion in phase 1.
WH-LY-001-0002,world-heritage,IMG-3D2566CF42357128,assets/media/LIBYA/heritage/leptis-magna/published/theatre/leptis-official-013.jpeg,local_images,probably_correct,false,Existing local link; destination not independently re-verified,retain_pending_rights_review,No deletion in phase 1.
WH-LY-001-0002,world-heritage,IMG-D7DF4A3E27FA5969,assets/media/LIBYA/heritage/leptis-magna/published/theatre/leptis-official-014.jpeg,local_images,probably_correct,false,Existing local link; destination not independently re-verified,retain_pending_rights_review,No deletion in phase 1.
WH-LY-001-0002,world-heritage,IMG-23CE781AE35FECBC,assets/media/LIBYA/heritage/leptis-magna/published/theatre/leptis-official-015.jpeg,local_images,probably_correct,false,Existing local link; destination not independently re-verified,retain_pending_rights_review,No deletion in phase 1.
WH-LY-002-C0019,world-heritage,IMG-DA4CCE468FDABC9B,assets/media/LIBYA/Sabratha/published/roman-museum/sabratha-roman-museum-001.jpg,local_images,probably_correct,false,Existing local link; destination not independently re-verified,retain_pending_rights_review,No deletion in phase 1.
WH-LY-002-C0019,world-heritage,IMG-DD67F5FF23017E29,assets/media/LIBYA/Sabratha/published/roman-museum/sabratha-roman-museum-002.JPG,local_images,probably_correct,false,Existing local link; destination not independently re-verified,retain_pending_rights_review,No deletion in phase 1.
WH-LY-002-C0042,world-heritage,IMG-9D9393FC6999022A,assets/media/LIBYA/Sabratha/published/theatre/sabratha-theatre-001.jpg,local_images,probably_correct,false,Existing local link; destination not independently re-verified,retain_pending_rights_review,No deletion in phase 1.
WH-LY-002-C0042,world-heritage,IMG-5A94377424081137,assets/media/LIBYA/Sabratha/published/theatre/sabratha-theatre-002.jpeg,local_images,probably_correct,false,Existing local link; destination not independently re-verified,retain_pending_rights_review,No deletion in phase 1.
WH-LY-002-C0042,world-heritage,IMG-81E07C53392CB3A9,assets/media/LIBYA/Sabratha/published/theatre/sabratha-theatre-003.jpg,local_images,probably_correct,false,Existing local link; destination not independently re-verified,retain_pending_rights_review,No deletion in phase 1.
WH-LY-002-C0042,world-heritage,IMG-BEED310631126A0E,assets/media/LIBYA/Sabratha/published/theatre/sabratha-theatre-004.jpg,local_images,probably_correct,false,Existing local link; destination not independently re-verified,retain_pending_rights_review,No deletion in phase 1.
WH-LY-002-C0042,world-heritage,IMG-52B65502E4686A4E,assets/media/LIBYA/Sabratha/published/theatre/sabratha-theatre-005.jpg,local_images,probably_correct,false,Existing local link; destination not independently re-verified,retain_pending_rights_review,No deletion in phase 1.
WH-LY-002-C0042,world-heritage,IMG-204859F82D17E1B0,assets/media/LIBYA/Sabratha/published/theatre/sabratha-theatre-006.jpg,local_images,probably_correct,false,Existing local link; destination not independently re-verified,retain_pending_rights_review,No deletion in phase 1.
WH-LY-002-C0042,world-heritage,IMG-704BAD17EB02A3E0,assets/media/LIBYA/Sabratha/published/theatre/sabratha-theatre-007.JPG,local_images,probably_correct,false,Existing local link; destination not independently re-verified,retain_pending_rights_review,No deletion in phase 1.
WH-LY-002-C0042,world-heritage,IMG-467640AA178DD489,assets/media/LIBYA/Sabratha/published/theatre/sabratha-theatre-008.JPG,local_images,probably_correct,false,Existing local link; destination not independently re-verified,retain_pending_rights_review,No deletion in phase 1.
WH-LY-002-C0043,world-heritage,IMG-B0B40B0DBE78EA04,assets/media/LIBYA/Sabratha/published/punic-mausoleum/sabratha-punic-mausoleum-001.jpg,local_images,probably_correct,false,Existing local link; destination not independently re-verified,retain_pending_rights_review,No deletion in phase 1.
WH-LY-002-C0043,world-heritage,IMG-9B22295C56974EF9,assets/media/LIBYA/Sabratha/published/punic-mausoleum/sabratha-punic-mausoleum-002.jpg,local_images,probably_correct,false,Existing local link; destination not independently re-verified,retain_pending_rights_review,No deletion in phase 1.
WH-LY-002-C0045,world-heritage,IMG-A37938D4B1CFE622,assets/media/LIBYA/Sabratha/published/amphitheatre/sabratha-amphitheatre-001.JPG,local_images,probably_correct,false,Existing local link; destination not independently re-verified,retain_pending_rights_review,No deletion in phase 1.
WH-LY-002-C0045,world-heritage,IMG-7C7FC13984546131,assets/media/LIBYA/Sabratha/published/amphitheatre/sabratha-amphitheatre-002.JPG,local_images,probably_correct,false,Existing local link; destination not independently re-verified,retain_pending_rights_review,No deletion in phase 1.
WH-LY-003-C0001,world-heritage,IMG-18159FAC385F2193,assets/media/LIBYA/heritage/cyrene/published/features/archaeological-theatre/archaeological-theatre-001.jpg,local_images,probably_correct,false,Existing local link; destination not independently re-verified,retain_pending_rights_review,No deletion in phase 1.
WH-LY-003-C0001,world-heritage,IMG-351EBD0D6C9C973A,assets/media/LIBYA/heritage/cyrene/published/features/archaeological-theatre/archaeological-theatre-002.jpg,local_images,probably_correct,false,Existing local link; destination not independently re-verified,retain_pending_rights_review,No deletion in phase 1.
WH-LY-003-C0005,world-heritage,IMG-78BA295438D199F4,assets/media/LIBYA/heritage/cyrene/published/main-site/cyrene-main-aerial-001.JPG,local_images,probably_correct,false,Existing local link; destination not independently re-verified,retain_pending_rights_review,No deletion in phase 1.
WH-LY-003-C0005,world-heritage,IMG-99899EC2678C9DF4,assets/media/LIBYA/heritage/cyrene/published/main-site/cyrene-main-aerial-002.JPG,local_images,probably_correct,false,Existing local link; destination not independently re-verified,retain_pending_rights_review,No deletion in phase 1.
WH-LY-003-C0016,world-heritage,IMG-0C883F8A230A5E5F,assets/media/LIBYA/heritage/cyrene/published/features/fountain-of-apollo/fountain-of-apollo-001.jpg,local_images,probably_correct,false,Existing local link; destination not independently re-verified,retain_pending_rights_review,No deletion in phase 1.
WH-LY-003-C0021,world-heritage,IMG-3204F45B5EAD6FE0,assets/media/LIBYA/heritage/cyrene/published/features/cyrene-temple-of-zeus-001.jpeg,local_images,probably_correct,false,Existing local link; destination not independently re-verified,retain_pending_rights_review,No deletion in phase 1.
WH-LY-003-C0022,world-heritage,IMG-BCDDCF4ADC24DB14,assets/media/LIBYA/heritage/cyrene/published/features/greek-agora/greek-agora-001.jpg,local_images,probably_correct,false,Existing local link; destination not independently re-verified,retain_pending_rights_review,No deletion in phase 1.
WH-LY-003-C0022,world-heritage,IMG-EA76E0554692B13C,assets/media/LIBYA/heritage/cyrene/published/features/greek-agora/greek-agora-002.jpg,local_images,probably_correct,false,Existing local link; destination not independently re-verified,retain_pending_rights_review,No deletion in phase 1.
WH-LY-003-C0022,world-heritage,IMG-53AB374E7694BD85,assets/media/LIBYA/heritage/cyrene/published/features/greek-agora/greek-agora-003.jpg,local_images,probably_correct,false,Existing local link; destination not independently re-verified,retain_pending_rights_review,No deletion in phase 1.
WH-LY-003-C0022,world-heritage,IMG-3E94D600194C1479,assets/media/LIBYA/heritage/cyrene/published/features/greek-agora/greek-agora-004.jpg,local_images,probably_correct,false,Existing local link; destination not independently re-verified,retain_pending_rights_review,No deletion in phase 1.
WH-LY-003-C0022,world-heritage,IMG-09F0487139C23FF7,assets/media/LIBYA/heritage/cyrene/published/features/greek-agora/greek-agora-005.jpg,local_images,probably_correct,false,Existing local link; destination not independently re-verified,retain_pending_rights_review,No deletion in phase 1.
WH-LY-003-C0023,world-heritage,IMG-9DEB1D6F974EF0E7,assets/media/LIBYA/heritage/cyrene/published/features/byzantine-basilica/byzantine-basilica-001.jpg,local_images,probably_correct,false,Existing local link; destination not independently re-verified,retain_pending_rights_review,No deletion in phase 1.
WH-LY-003-C0023,world-heritage,IMG-FF77139FF6D27151,assets/media/LIBYA/heritage/cyrene/published/features/byzantine-basilica/byzantine-basilica-002.jpg,local_images,probably_correct,false,Existing local link; destination not independently re-verified,retain_pending_rights_review,No deletion in phase 1.
WH-LY-003-C0023,world-heritage,IMG-39BB48EF24484D32,assets/media/LIBYA/heritage/cyrene/published/features/byzantine-basilica/byzantine-basilica-003.jpg,local_images,probably_correct,false,Existing local link; destination not independently re-verified,retain_pending_rights_review,No deletion in phase 1.
WH-LY-003-C0023,world-heritage,IMG-AACA53B033C313AE,assets/media/LIBYA/heritage/cyrene/published/features/byzantine-basilica/byzantine-basilica-004.jpg,local_images,probably_correct,false,Existing local link; destination not independently re-verified,retain_pending_rights_review,No deletion in phase 1.
WH-LY-003-C0023,world-heritage,IMG-B4E750BC9DBACE7A,assets/media/LIBYA/heritage/cyrene/published/features/byzantine-basilica/byzantine-basilica-005.jpg,local_images,probably_correct,false,Existing local link; destination not independently re-verified,retain_pending_rights_review,No deletion in phase 1.
WH-LY-005-C0004,world-heritage,IMG-6F066C42758C6D43,assets/media/LIBYA/heritage/ghadames/published/ain-al-faras/ghadames-ain-al-faras-001.jpg,local_images,probably_correct,false,Existing local link; destination not independently re-verified,retain_pending_rights_review,No deletion in phase 1.
