"layer","placemark","placemark_index","atlas_id","raw_url","normalized_url","local_file_exists","http_status","content_type","magic_bytes","browser_decode_status","recovery_status","final_local_path"
"investment","قرية إدوس السياحية","1","LY-INV-000001","https://mymaps.usercontent.google.com/hostedimage/m/*/3AE5a_GyoG3joUxR4NjutV1kXnW-wmc2EAXv4pu8-KlusV7bi6SPqsg4OD7_XbzqaxdlsEEqLyMbvMwrLryhwoVVvtl8WE8V7H6FySAO4gCjSaf3BWt6NAGsTcyc6-wri9Q2QbCHQF-HXTv8a2OkiRWzcSYbBHp_KU2oTwH3iA1zLvsbb40fSA7DnTLUZEmERA-8stzfGueGrSzA0AUKXQbB22KnQhqr9CtD38NjOTjQd9R04aIa6LL79FDFi7do?authuser=1&fife=s16383","https://mymaps.usercontent.google.com/hostedimage/m/*/3AE5a_GyoG3joUxR4NjutV1kXnW-wmc2EAXv4pu8-KlusV7bi6SPqsg4OD7_XbzqaxdlsEEqLyMbvMwrLryhwoVVvtl8WE8V7H6FySAO4gCjSaf3BWt6NAGsTcyc6-wri9Q2QbCHQF-HXTv8a2OkiRWzcSYbBHp_KU2oTwH3iA1zLvsbb40fSA7DnTLUZEmERA-8stzfGueGrSzA0AUKXQbB22KnQhqr9CtD38NjOTjQd9R04aIa6LL79FDFi7do?authuser=1&fife=s16383","true","200","image/png","89 50 4E 47","pending_browser_validation","recovered","/assets/images/investment/investment-LY-INV-000001-01.png"
"investment","قرية إدوس السياحية","1","LY-INV-000001","https://mymaps.usercontent.google.com/hostedimage/m/*/3AE5a_GyRGPnSC5Lva1WUzQabfak_A9RUj2eSdhkBHKDAeQN6tI3KM9ob8sXsetCSr0bPnikjgQjjiTYeNH5ZtDgY01u14c1WtO0mCQ_r_DFTee3mCOi-NsOkf-E9yk3mxs0-zEdMyxYrHpbeXuZkQESpY-ASTIgmzpAuBJMxH-h0UJ0S-0niahF7qkPPF42S7ZVvfB0rqTduy3EAuL-6wiGUoR_aOKdHltiHZSnlL3mr4FLguT3PJFrq9gGAAfQ?authuser=1&fife=s16383","https://mymaps.usercontent.google.com/hostedimage/m/*/3AE5a_GyRGPnSC5Lva1WUzQabfak_A9RUj2eSdhkBHKDAeQN6tI3KM9ob8sXsetCSr0bPnikjgQjjiTYeNH5ZtDgY01u14c1WtO0mCQ_r_DFTee3mCOi-NsOkf-E9yk3mxs0-zEdMyxYrHpbeXuZkQESpY-ASTIgmzpAuBJMxH-h0UJ0S-0niahF7qkPPF42S7ZVvfB0rqTduy3EAuL-6wiGUoR_aOKdHltiHZSnlL3mr4FLguT3PJFrq9gGAAfQ?authuser=1&fife=s16383","true","200","image/png","89 50 4E 47","pending_browser_validation","recovered","/assets/images/investment/investment-LY-INV-000001-02.png"
"investment","قرية إدوس السياحية","1","LY-INV-000001","https://mymaps.usercontent.google.com/hostedimage/m/*/3AE5a_GwtXL1ypZ8YmwVIs0DhGIYZk8JQxy0dsH9oDh2ht48Fhb6w2pyCuUHHd0YNKxbfITPYDFQlpqH3RNALZ1DkJCRBoGs4B0PfPJGqT2wL1xe9rM2MPrzO9bbk7PkvgTc9m-C-0Z64W69o4Qc8mtVp6UMAxQL_yPl9YzyrWAOzW4ITeq6PXtbH34Oexaktgd9wM0PFXaqaLsBoEAKexU5YAlKyURCm7Nqt5o3zofWq87amDwOM-EYPqfrHHr0?authuser=1&fife=s16383","https://mymaps.usercontent.google.com/hostedimage/m/*/3AE5a_GwtXL1ypZ8YmwVIs0DhGIYZk8JQxy0dsH9oDh2ht48Fhb6w2pyCuUHHd0YNKxbfITPYDFQlpqH3RNALZ1DkJCRBoGs4B0PfPJGqT2wL1xe9rM2MPrzO9bbk7PkvgTc9m-C-0Z64W69o4Qc8mtVp6UMAxQL_yPl9YzyrWAOzW4ITeq6PXtbH34Oexaktgd9wM0PFXaqaLsBoEAKexU5YAlKyURCm7Nqt5o3zofWq87amDwOM-EYPqfrHHr0?authuser=1&fife=s16383","true","200","image/png","89 50 4E 47","pending_browser_validation","recovered","/assets/images/investment/investment-LY-INV-000001-03.png"
"investment","قرية مرمرة السياحية","2","LY-INV-000002","https://mymaps.usercontent.google.com/hostedimage/m/*/3AE5a_GxhgBytt-diXc-YupJ7VNNhlWTRZDvoppxlWI-3SrIrSPd13FlnVRBqwbS5iV4RebgkOHvIcnWTJgCpA0Y9__SfS6180Ncdajoo7fO8XfZ0MQo3YV03TLf3NWB8k4HzFaF6I8jtj7Ajihj2NoxIjj5GyQHAH2MlHSmKU0xQVfaQeMip5XVtmmOebaJyCKGkpVg_AtLNC7s8mzmogLYN2yrDJC9LijsgdHiv8a2kVtQJKsrOLerRRmthxoo?authuser=1&fife=s16383","https://mymaps.usercontent.google.com/hostedimage/m/*/3AE5a_GxhgBytt-diXc-YupJ7VNNhlWTRZDvoppxlWI-3SrIrSPd13FlnVRBqwbS5iV4RebgkOHvIcnWTJgCpA0Y9__SfS6180Ncdajoo7fO8XfZ0MQo3YV03TLf3NWB8k4HzFaF6I8jtj7Ajihj2NoxIjj5GyQHAH2MlHSmKU0xQVfaQeMip5XVtmmOebaJyCKGkpVg_AtLNC7s8mzmogLYN2yrDJC9LijsgdHiv8a2kVtQJKsrOLerRRmthxoo?authuser=1&fife=s16383","true","200","image/png","89 50 4E 47","pending_browser_validation","recovered","/assets/images/investment/investment-LY-INV-000002-01.png"
"investment","قرية فيرونا السياحية","3","LY-INV-000003","https://mymaps.usercontent.google.com/hostedimage/m/*/3AE5a_GwZidWyrMOLWdy1pbW0h3BUTUr-XaGnT_Wgk_1wz7vIzvCkhifLhpwDWyugDOahcFTI10zju-_FAt9IUqm87M9J1pSkp5N4xWsucQ_A4qL_rdM8a0jWpfIOKbcaXhgwFcQVP7PNuOjAeINtTIAs1oie_nFxgzxnBCl4gXP9nuF5jBDWhgyDJu34v5SSxxFhcBB08l8UfdZd9asKVz3eDz-rifKxLWu9ViRcfjgxZYpcZgmhuggx5BpgyL8?authuser=1&fife=s16383","https://mymaps.usercontent.google.com/hostedimage/m/*/3AE5a_GwZidWyrMOLWdy1pbW0h3BUTUr-XaGnT_Wgk_1wz7vIzvCkhifLhpwDWyugDOahcFTI10zju-_FAt9IUqm87M9J1pSkp5N4xWsucQ_A4qL_rdM8a0jWpfIOKbcaXhgwFcQVP7PNuOjAeINtTIAs1oie_nFxgzxnBCl4gXP9nuF5jBDWhgyDJu34v5SSxxFhcBB08l8UfdZd9asKVz3eDz-rifKxLWu9ViRcfjgxZYpcZgmhuggx5BpgyL8?authuser=1&fife=s16383","true","200","image/png","89 50 4E 47","pending_browser_validation","recovered","/assets/images/investment/investment-LY-INV-000003-01.png"
"investment","قرية فيرونا السياحية","3","LY-INV-000003","https://mymaps.usercontent.google.com/hostedimage/m/*/3AE5a_Gy4jdfW1ygOSDwotMId5srBS0M_nbrlldPCfqKFYCKuLnI9aHObYlNqJpAFivEGeNSSc2wWOlV1m13KF0OQmdejOu8x3hIMHD_iqMAf5M2y5LzhZeSWEj3ojr04daCJ_30gFvqZo5afAiNLrIYZInKINVNn_EvUbchDej_oHsfJOzPpm0KD2BWIU9Gwm874OinM9PR60AKOK07AkS8eMB9YQfn4TsZx58yu7Y3KvAqgKXeJe1W1nNtuDLw?authuser=1&fife=s16383","https://mymaps.usercontent.google.com/hostedimage/m/*/3AE5a_Gy4jdfW1ygOSDwotMId5srBS0M_nbrlldPCfqKFYCKuLnI9aHObYlNqJpAFivEGeNSSc2wWOlV1m13KF0OQmdejOu8x3hIMHD_iqMAf5M2y5LzhZeSWEj3ojr04daCJ_30gFvqZo5afAiNLrIYZInKINVNn_EvUbchDej_oHsfJOzPpm0KD2BWIU9Gwm874OinM9PR60AKOK07AkS8eMB9YQfn4TsZx58yu7Y3KvAqgKXeJe1W1nNtuDLw?authuser=1&fife=s16383","true","200","image/png","89 50 4E 47","pending_browser_validation","recovered","/assets/images/investment/investment-LY-INV-000003-02.png"
"investment","قرية البرتقالة","4","LY-INV-000004","https://mymaps.usercontent.google.com/hostedimage/m/*/3AE5a_GyrJlp8J8ulfgwZq8U2ND9K3kgSr2hxHGYAr6hUebW_E0TBUFrRed9Wj9XnkPtEObnVYiB8asmVqtvdIrOMDhvUHdsiPT7mma5COiI0taMm1MO8v-9Pt1d1uwb1SUdH6e4OnMwmq-76qHYIjHObDt56SOJbyyH3LteDQLbfmVoNCl86zdm68z2AnhoOrOmb303ljT0VDdiP8AXt1qVVOV5gILdpQNwjosYBaIhfWPB_-_y9NFXcmIPGz5o?authuser=1&fife=s16383","https://mymaps.usercontent.google.com/hostedimage/m/*/3AE5a_GyrJlp8J8ulfgwZq8U2ND9K3kgSr2hxHGYAr6hUebW_E0TBUFrRed9Wj9XnkPtEObnVYiB8asmVqtvdIrOMDhvUHdsiPT7mma5COiI0taMm1MO8v-9Pt1d1uwb1SUdH6e4OnMwmq-76qHYIjHObDt56SOJbyyH3LteDQLbfmVoNCl86zdm68z2AnhoOrOmb303ljT0VDdiP8AXt1qVVOV5gILdpQNwjosYBaIhfWPB_-_y9NFXcmIPGz5o?authuser=1&fife=s16383","true","200","image/png","89 50 4E 47","pending_browser_validation","recovered","/assets/images/investment/investment-LY-INV-000004-01.png"
"investment","قرية البرتقالة","4","LY-INV-000004","https://mymaps.usercontent.google.com/hostedimage/m/*/3AE5a_Gz85Anv-7lgiA82ulvgKhSDbPfcOnXZvUlBNkX3Vi8_aCybSNw1lEs6mb56_HsBiAJQqQmNmLUDPuvcfbfz3-aF5i7C2xqlaxZzb5PbA3BsJMo66HotvAlwlyGOUjPY6MnPYJbRUkFmJaN6ikV608eGwK4em_u-H5ZO26GlsRAz06nFe1bF1MGfJTEZA9STGC6PbBQ--3Jci9KhBe9JUefQlk54Euqr3n1_4lTlv_FJfAUDEat-M_biUUo?authuser=1&fife=s16383","https://mymaps.usercontent.google.com/hostedimage/m/*/3AE5a_Gz85Anv-7lgiA82ulvgKhSDbPfcOnXZvUlBNkX3Vi8_aCybSNw1lEs6mb56_HsBiAJQqQmNmLUDPuvcfbfz3-aF5i7C2xqlaxZzb5PbA3BsJMo66HotvAlwlyGOUjPY6MnPYJbRUkFmJaN6ikV608eGwK4em_u-H5ZO26GlsRAz06nFe1bF1MGfJTEZA9STGC6PbBQ--3Jci9KhBe9JUefQlk54Euqr3n1_4lTlv_FJfAUDEat-M_biUUo?authuser=1&fife=s16383","true","200","image/png","89 50 4E 47","pending_browser_validation","recovered","/assets/images/investment/investment-LY-INV-000004-02.png"
"investment","قرية شط النخيل زوارة","5","LY-INV-000005","https://mymaps.usercontent.google.com/hostedimage/m/*/3AE5a_Gx3ou58qqMoYMMdx5jrnrftS7W2QTFrYgl82uij2zm3FvofMaEZ31wBbKdjBsimE-j9xhOEEZiyVWsCKzVSCdqmzkDgLT1s0XH4bhvcgsegP8D4OHqlLJyzbWQxBocvT1bN-6P_Wc4cFZ4j6531MDOz1wTnakjyKgXihx-7lMOv04VyPeQefqiUkgkYKjCPchZlBM8rX6-SDkKYsBZQrMjmPreri3hnuzZUACYaS2uvkvjGqmx5XJ1A24Q?authuser=1&fife=s16383","https://mymaps.usercontent.google.com/hostedimage/m/*/3AE5a_Gx3ou58qqMoYMMdx5jrnrftS7W2QTFrYgl82uij2zm3FvofMaEZ31wBbKdjBsimE-j9xhOEEZiyVWsCKzVSCdqmzkDgLT1s0XH4bhvcgsegP8D4OHqlLJyzbWQxBocvT1bN-6P_Wc4cFZ4j6531MDOz1wTnakjyKgXihx-7lMOv04VyPeQefqiUkgkYKjCPchZlBM8rX6-SDkKYsBZQrMjmPreri3hnuzZUACYaS2uvkvjGqmx5XJ1A24Q?authuser=1&fife=s16383","true","200","image/png","89 50 4E 47","pending_browser_validation","recovered","/assets/images/investment/investment-LY-INV-000005-01.png"
"investment","قرية أوليڤيا السياحية - زوارة","6","LY-INV-000006","https://mymaps.usercontent.google.com/hostedimage/m/*/3AE5a_GwvB2RDQjAU7EpDRSRpy1bHwPa71x01YdZfmExQ7kIFynI6lx25gXzSmaS4EZxoQFa7L_0gWIOMII4NZ2hmpcsvTYC-YKEdWydO_VpZkv8RqUEFCAARM58VQ6aDpya6wVkup1RvQ980pHYU9kw12VGerxPvnl8Y4QnRez-v1z7J0CrYwI0AFNTwjJOcpg9CivmeptTRSKuv2yP9J3UzOSMrTvyZs_P102a4gYoS-U9pUTnAyXu1nkOu6bM?authuser=1&fife=s16383","https://mymaps.usercontent.google.com/hostedimage/m/*/3AE5a_GwvB2RDQjAU7EpDRSRpy1bHwPa71x01YdZfmExQ7kIFynI6lx25gXzSmaS4EZxoQFa7L_0gWIOMII4NZ2hmpcsvTYC-YKEdWydO_VpZkv8RqUEFCAARM58VQ6aDpya6wVkup1RvQ980pHYU9kw12VGerxPvnl8Y4QnRez-v1z7J0CrYwI0AFNTwjJOcpg9CivmeptTRSKuv2yP9J3UzOSMrTvyZs_P102a4gYoS-U9pUTnAyXu1nkOu6bM?authuser=1&fife=s16383","true","200","image/png","89 50 4E 47","pending_browser_validation","recovered","/assets/images/investment/investment-LY-INV-000006-01.png"
"investment","قرية أوليڤيا السياحية - زوارة","6","LY-INV-000006","https://mymaps.usercontent.google.com/hostedimage/m/*/3AE5a_GxO7cYy_EBUOGYCUYaT75Xk130-kCg0ILLJz7O2MbwJDtC_Me-0gU0D_mh463AT2YztM_tT6_OtE6xi7Ve1G4BBn8VejBYaYkbf3boeM4QKFL2DLoZyCammKfIA46Lo0qVfacJDw1WqFOv72ptb-XFn6R5SYyAf43HJmYdqRCXZbMaAg3g6xnivQVwp9PfJEePvQsZ8EtTGhP3z7Jh50BQlRn0kChlyAFr-Q5tV-hovTeLjZxcxP9m-f9k?authuser=1&fife=s16383","https://mymaps.usercontent.google.com/hostedimage/m/*/3AE5a_GxO7cYy_EBUOGYCUYaT75Xk130-kCg0ILLJz7O2MbwJDtC_Me-0gU0D_mh463AT2YztM_tT6_OtE6xi7Ve1G4BBn8VejBYaYkbf3boeM4QKFL2DLoZyCammKfIA46Lo0qVfacJDw1WqFOv72ptb-XFn6R5SYyAf43HJmYdqRCXZbMaAg3g6xnivQVwp9PfJEePvQsZ8EtTGhP3z7Jh50BQlRn0kChlyAFr-Q5tV-hovTeLjZxcxP9m-f9k?authuser=1&fife=s16383","true","200","image/png","89 50 4E 47","pending_browser_validation","recovered","/assets/images/investment/investment-LY-INV-000006-02.png"
"investment","قرية أوليڤيا السياحية - زوارة","6","LY-INV-000006","https://mymaps.usercontent.google.com/hostedimage/m/*/3AE5a_GwjCqTPel6UaEO9eQtXzWDDJUYmJqN61jPr3DMisfIbJbWU7SdYz_I9qcbOE-5koY-J2pZOBfhkdS7zdEb7Us5kY2R6aOO85Pny1Q7DydptnYVFJO8nLm_6UUYHzXSdiqoUCq1mkspk9CI4fm6Key92OAFvODIouy4LEJKNh_NWFi0XAe4bVZKLF_wwDTpkY4H6f_gZo2I3_QeUWMjBvnY9cSdcBu6CCfnAutbmXmKSIwKCHlUVfNq9Hic?authuser=1&fife=s16383","https://mymaps.usercontent.google.com/hostedimage/m/*/3AE5a_GwjCqTPel6UaEO9eQtXzWDDJUYmJqN61jPr3DMisfIbJbWU7SdYz_I9qcbOE-5koY-J2pZOBfhkdS7zdEb7Us5kY2R6aOO85Pny1Q7DydptnYVFJO8nLm_6UUYHzXSdiqoUCq1mkspk9CI4fm6Key92OAFvODIouy4LEJKNh_NWFi0XAe4bVZKLF_wwDTpkY4H6f_gZo2I3_QeUWMjBvnY9cSdcBu6CCfnAutbmXmKSIwKCHlUVfNq9Hic?authuser=1&fife=s16383","true","200","image/png","89 50 4E 47","pending_browser_validation","recovered","/assets/images/investment/investment-LY-INV-000006-03.png"
"investment","منتجع رياض المنصوري","7","LY-INV-000007","https://mymaps.usercontent.google.com/hostedimage/m/*/3AE5a_GzsQHjhC0rAYPXgSkr6i2oXgEe_ymv2yIiUYGmhdIHFt5JbIIuNIHLDaJVaHu6zFz9TF5979zLTPHa8VKOa3TtK1kkshfDuyZ4oFZSqqQ7zut1XLAh-hgTcwM3EZT2Kyi3C0_uj1ApNUEYR1gBjP-AQ0V3qFDSnr2ZIVXXmfCjq4wM6kUiytXDJO-S6Pog2zDcI1K3hwje3yqy--Z0kCxEXtYXKJxxuLnMmsCFyIceVw5JlIdvaR5hpLwE?authuser=1&fife=s16383","https://mymaps.usercontent.google.com/hostedimage/m/*/3AE5a_GzsQHjhC0rAYPXgSkr6i2oXgEe_ymv2yIiUYGmhdIHFt5JbIIuNIHLDaJVaHu6zFz9TF5979zLTPHa8VKOa3TtK1kkshfDuyZ4oFZSqqQ7zut1XLAh-hgTcwM3EZT2Kyi3C0_uj1ApNUEYR1gBjP-AQ0V3qFDSnr2ZIVXXmfCjq4wM6kUiytXDJO-S6Pog2zDcI1K3hwje3yqy--Z0kCxEXtYXKJxxuLnMmsCFyIceVw5JlIdvaR5hpLwE?authuser=1&fife=s16383","true","200","image/png","89 50 4E 47","pending_browser_validation","recovered","/assets/images/investment/investment-LY-INV-000007-01.png"
"investment","إقامة تولين السياحية","8","LY-INV-000008","https://mymaps.usercontent.google.com/hostedimage/m/*/3AE5a_Gw6MdZb02_HbGD7pOmrgARFHNcvXzWLIU913Qj4Ht1PNuiV_AHvbAdz22BEElwQrhwJoOihgpauUotWJ9oec2OrHz1n-9I4P-dVPos4s6kx4JF5JieTMuIavimTOe-VJ8lDkbTWMTruDChY2xvUo48bi1GBlAVDtSRFpiybUTG0u86X0pIEOUR-PJR3w0N9_O59Rgaxuxx-JZ8bDHMSALqqyr-fOI5Ry72hak7UAUNoNDvPZbVBY7_8Q-k?authuser=1&fife=s16383","https://mymaps.usercontent.google.com/hostedimage/m/*/3AE5a_Gw6MdZb02_HbGD7pOmrgARFHNcvXzWLIU913Qj4Ht1PNuiV_AHvbAdz22BEElwQrhwJoOihgpauUotWJ9oec2OrHz1n-9I4P-dVPos4s6kx4JF5JieTMuIavimTOe-VJ8lDkbTWMTruDChY2xvUo48bi1GBlAVDtSRFpiybUTG0u86X0pIEOUR-PJR3w0N9_O59Rgaxuxx-JZ8bDHMSALqqyr-fOI5Ry72hak7UAUNoNDvPZbVBY7_8Q-k?authuser=1&fife=s16383","true","200","image/png","89 50 4E 47","pending_browser_validation","recovered","/assets/images/investment/investment-LY-INV-000008-01.png"
"investment","VILLA HAYA","9","LY-INV-000009","https://mymaps.usercontent.google.com/hostedimage/m/*/3AE5a_GykMOc5RgwpkTKJzS_UtcuX2SV2-p9AbLPKEhfygSXb9exXSwLTpiX1iTzAF33La308rdexNHTB14CbOuqRc2Q5eCwPqzhKIT4JwnZoziCNvVUxqSMaxboaWDazZ_fk8lSjlbkkKzKZGnvWI8_sK4Xmrt6ZY-AjoCAO9aEAtKtr6CqWCfAvtkqa9GJiIVfnlYqJ1gYUn5kkEv-VeMXMQNoZmh4wdqlDQK4vOkb0VeHzOy9Gg_XGwPkjKv4?authuser=1&fife=s16383","https://mymaps.usercontent.google.com/hostedimage/m/*/3AE5a_GykMOc5RgwpkTKJzS_UtcuX2SV2-p9AbLPKEhfygSXb9exXSwLTpiX1iTzAF33La308rdexNHTB14CbOuqRc2Q5eCwPqzhKIT4JwnZoziCNvVUxqSMaxboaWDazZ_fk8lSjlbkkKzKZGnvWI8_sK4Xmrt6ZY-AjoCAO9aEAtKtr6CqWCfAvtkqa9GJiIVfnlYqJ1gYUn5kkEv-VeMXMQNoZmh4wdqlDQK4vOkb0VeHzOy9Gg_XGwPkjKv4?authuser=1&fife=s16383","true","200","image/png","89 50 4E 47","pending_browser_validation","recovered","/assets/images/investment/investment-LY-INV-000009-01.png"
"investment","VILLA HAYA","9","LY-INV-000009","https://mymaps.usercontent.google.com/hostedimage/m/*/3AE5a_GzRVjsiIZGCsGef20gIYS0-6syjEKDTGkDLE4el-K-3jihAA2Bk4tW9smW41BKHgjIhDqAeGlgnPGtxDcVs_6KH-6jEgfC1qJx6226rFRL4eYyZjMnytU9s-0h6ylVWH0HE1h8Ib2FGxBwfjTlmGmAc0k7PNJ4ze2u6k8Syxs8a23JVfgSXVtIXgnC_uIOWSQAvS0H6iDJzNS2UPObhvhmsa_Hr1K9nB0mHx4r7_q53EszZjSZG-Va0v1w?authuser=1&fife=s16383","https://mymaps.usercontent.google.com/hostedimage/m/*/3AE5a_GzRVjsiIZGCsGef20gIYS0-6syjEKDTGkDLE4el-K-3jihAA2Bk4tW9smW41BKHgjIhDqAeGlgnPGtxDcVs_6KH-6jEgfC1qJx6226rFRL4eYyZjMnytU9s-0h6ylVWH0HE1h8Ib2FGxBwfjTlmGmAc0k7PNJ4ze2u6k8Syxs8a23JVfgSXVtIXgnC_uIOWSQAvS0H6iDJzNS2UPObhvhmsa_Hr1K9nB0mHx4r7_q53EszZjSZG-Va0v1w?authuser=1&fife=s16383","true","200","image/png","89 50 4E 47","pending_browser_validation","recovered","/assets/images/investment/investment-LY-INV-000009-02.png"
"investment","قرية تيبودا السياحيه","11","LY-INV-000011","https://mymaps.usercontent.google.com/hostedimage/m/*/3AE5a_GzCvf4uj16iaJ3Ze92R9O-REW-v6YSamuAhU-mm435drfwPYl7wGxR-FVHWghhxK97mqyToPT6inUoljCw_OAK1khwQFC5ZEdd_0FJHPlz7na5JeBokZAhKurl07B9ruJ7pOaIguPlEsK1pNKpLs1mFXqDMMKu9mAIW9jH0RgpWmUjbrJmp_hGYZJRWiSiBtpPmHeznft08f4u3TsFUBYx6pobcZ8hTC5gKIzCBYG7SR7CwIF8msBSMA30?authuser=1&fife=s16383","https://mymaps.usercontent.google.com/hostedimage/m/*/3AE5a_GzCvf4uj16iaJ3Ze92R9O-REW-v6YSamuAhU-mm435drfwPYl7wGxR-FVHWghhxK97mqyToPT6inUoljCw_OAK1khwQFC5ZEdd_0FJHPlz7na5JeBokZAhKurl07B9ruJ7pOaIguPlEsK1pNKpLs1mFXqDMMKu9mAIW9jH0RgpWmUjbrJmp_hGYZJRWiSiBtpPmHeznft08f4u3TsFUBYx6pobcZ8hTC5gKIzCBYG7SR7CwIF8msBSMA30?authuser=1&fife=s16383","true","200","image/png","89 50 4E 47","pending_browser_validation","recovered","/assets/images/investment/investment-LY-INV-000011-01.png"
"investment","قرية تيبودا السياحيه","11","LY-INV-000011","https://mymaps.usercontent.google.com/hostedimage/m/*/3AE5a_GxW5js0925Fg6bp5DXG93R2cVXmhW6-rw35YzlF3kvsWwvXqqK9DhrF3k0cwYxMscbd7NH6M2Z-zFK2LM0FqAcjJkOMW33zydHZkAGslf5IWOcLVPV-kyfUNsxIRq7nFCggd6kYKK172JNl5xUd5NW5Ha63q4Z0pgHSJXwwJhq7O8Op0hBCZ5erSjTl6D-kC9t9E2_-UD-I31guXm3WZhwo4OHLjLLSw-yowHXM-8y1Tkyw459gnnk7evg?authuser=1&fife=s16383","https://mymaps.usercontent.google.com/hostedimage/m/*/3AE5a_GxW5js0925Fg6bp5DXG93R2cVXmhW6-rw35YzlF3kvsWwvXqqK9DhrF3k0cwYxMscbd7NH6M2Z-zFK2LM0FqAcjJkOMW33zydHZkAGslf5IWOcLVPV-kyfUNsxIRq7nFCggd6kYKK172JNl5xUd5NW5Ha63q4Z0pgHSJXwwJhq7O8Op0hBCZ5erSjTl6D-kC9t9E2_-UD-I31guXm3WZhwo4OHLjLLSw-yowHXM-8y1Tkyw459gnnk7evg?authuser=1&fife=s16383","true","200","image/png","89 50 4E 47","pending_browser_validation","recovered","/assets/images/investment/investment-LY-INV-000011-02.png"
"investment","قرية تيبودا السياحيه","11","LY-INV-000011","https://mymaps.usercontent.google.com/hostedimage/m/*/3AE5a_GzCd1yB_ZS_eBQQPEbi-PWRTF2IFozMcVYHYEgbv6A4QjgjvmtMig8Fev9Uosq1uMX9okkT6GeHqQjrFI8UEctR1_p2hYVhdTpIN5WtdjoSVGE27A0QbaJQlsdowC4Mlhu69SebL3mDr-_U3uNMs5pSG7rQb_g6Bnz3MRmXjOCSyFzK7UbYtZlcUq2h53gX_KrGmRLhQe6cfh3GDAigyaVlThibPK2QCym59k50az-yH9VV3wsb0p8qukY?authuser=1&fife=s16383","https://mymaps.usercontent.google.com/hostedimage/m/*/3AE5a_GzCd1yB_ZS_eBQQPEbi-PWRTF2IFozMcVYHYEgbv6A4QjgjvmtMig8Fev9Uosq1uMX9okkT6GeHqQjrFI8UEctR1_p2hYVhdTpIN5WtdjoSVGE27A0QbaJQlsdowC4Mlhu69SebL3mDr-_U3uNMs5pSG7rQb_g6Bnz3MRmXjOCSyFzK7UbYtZlcUq2h53gX_KrGmRLhQe6cfh3GDAigyaVlThibPK2QCym59k50az-yH9VV3wsb0p8qukY?authuser=1&fife=s16383","true","200","image/png","89 50 4E 47","pending_browser_validation","recovered","/assets/images/investment/investment-LY-INV-000011-03.png"
"investment","منتجع سيتي بارك زوارة","12","LY-INV-000012","https://mymaps.usercontent.google.com/hostedimage/m/*/3AE5a_GyjrUhbdQ-Wr_mpCd9icXg_ySgNs5o6aXah32mSrk9A4yXyZ8_gPsmkzSaqh906ggPCVtKdcasCE-uzdIc5UjpBrHuMYOXZV9nUUA9TvaShodwSdG3tFzMAvk_CuX2W6i-cpKcDA9V_nSTz1qV2gGn7gk8TFldZ0xozaRT1L6K5xcm2vUK_hnsDUO42u5m70AfUbcHbP54ajJipeqzzJTKwX9M_6F1WuOfJUYHB7Vf3cc2lxwru70Pg9IQ?authuser=1&fife=s16383","https://mymaps.usercontent.google.com/hostedimage/m/*/3AE5a_GyjrUhbdQ-Wr_mpCd9icXg_ySgNs5o6aXah32mSrk9A4yXyZ8_gPsmkzSaqh906ggPCVtKdcasCE-uzdIc5UjpBrHuMYOXZV9nUUA9TvaShodwSdG3tFzMAvk_CuX2W6i-cpKcDA9V_nSTz1qV2gGn7gk8TFldZ0xozaRT1L6K5xcm2vUK_hnsDUO42u5m70AfUbcHbP54ajJipeqzzJTKwX9M_6F1WuOfJUYHB7Vf3cc2lxwru70Pg9IQ?authuser=1&fife=s16383","true","200","image/png","89 50 4E 47","pending_browser_validation","recovered","/assets/images/investment/investment-LY-INV-000012-01.png"
"investment","منتجع سيتي بارك زوارة","12","LY-INV-000012","https://mymaps.usercontent.google.com/hostedimage/m/*/3AE5a_Gwfb9lefEo1tf2lRXQD7iq2DK_vfEiFFH1pde9MoK-EELEfGj9p9Jl26uuri58rYvA6rX6e1fwSTZ1rcQ0ei3oZzHSigZdeAEPrSOAfxXrIgQHMAiHJTQFZlDzio37xNGowaOCWDhTsJuxamvE9X0FFBaZyCljEHZILCxCQIydBnFIT02z6AnKxkmAMMGXRy6Wn8xr55oboYdToJnC3e0iWkVfCzEH7ffV4ZOvdniPWIh_e4ZKd4RjJ144?authuser=1&fife=s16383","https://mymaps.usercontent.google.com/hostedimage/m/*/3AE5a_Gwfb9lefEo1tf2lRXQD7iq2DK_vfEiFFH1pde9MoK-EELEfGj9p9Jl26uuri58rYvA6rX6e1fwSTZ1rcQ0ei3oZzHSigZdeAEPrSOAfxXrIgQHMAiHJTQFZlDzio37xNGowaOCWDhTsJuxamvE9X0FFBaZyCljEHZILCxCQIydBnFIT02z6AnKxkmAMMGXRy6Wn8xr55oboYdToJnC3e0iWkVfCzEH7ffV4ZOvdniPWIh_e4ZKd4RjJ144?authuser=1&fife=s16383","true","200","image/png","89 50 4E 47","pending_browser_validation","recovered","/assets/images/investment/investment-LY-INV-000012-02.png"
"investment","قرية جوهرة صبراتة السياحية","13","LY-INV-000013","https://mymaps.usercontent.google.com/hostedimage/m/*/3AE5a_GwgSdPpuvaaXSaZJkoFNIUUXiOh9EBZS0F5BwlhxnUnV6fZD23as6jWVjQBdak6xL7DcTbyT2EOSC1a8uRfDvg_dMfwKYIE-QlXpYg1PQWnLC3_0qGBfcnW8CaaWcg8z0Vzi_eQ1yaBkhgNqqCtFjKrsa7QcSU0POk2-Vw64CSh60Q-radFORDu40dvKGo7P2eulL2p9gUtIEtGYNLYY9kYRnclh14wGPeL5NrFAyJ4AIImq0AtwMlaGno?authuser=1&fife=s16383","https://mymaps.usercontent.google.com/hostedimage/m/*/3AE5a_GwgSdPpuvaaXSaZJkoFNIUUXiOh9EBZS0F5BwlhxnUnV6fZD23as6jWVjQBdak6xL7DcTbyT2EOSC1a8uRfDvg_dMfwKYIE-QlXpYg1PQWnLC3_0qGBfcnW8CaaWcg8z0Vzi_eQ1yaBkhgNqqCtFjKrsa7QcSU0POk2-Vw64CSh60Q-radFORDu40dvKGo7P2eulL2p9gUtIEtGYNLYY9kYRnclh14wGPeL5NrFAyJ4AIImq0AtwMlaGno?authuser=1&fife=s16383","true","200","image/png","89 50 4E 47","pending_browser_validation","recovered","/assets/images/investment/investment-LY-INV-000013-01.png"
"investment","قرية المغرب العربي صبراتة","14","LY-INV-000014","https://mymaps.usercontent.google.com/hostedimage/m/*/3AE5a_Gx_CtOVIwbFRKtQqBKvqLPOrivO1DyfYlYaX_luTbxa_obxCsF2POoL3GCQm_1wjx_89ZWocuwF5lK7s9jcNdIbeHerdTob2Q2xHjKg4-YppNn-lx_fZPx8QDg9of9OKM6NdGijUf6J54i3dpYmz4cXiBSPxaf8NEWDNofxPqNwF7AFqiWlX3Olm9bQXEftY9-djbbCcBAyVhh9z51vHBzzU2PEArztPOlQ2213JpAM_96bIkXfSyR1CNs?authuser=1&fife=s16383","https://mymaps.usercontent.google.com/hostedimage/m/*/3AE5a_Gx_CtOVIwbFRKtQqBKvqLPOrivO1DyfYlYaX_luTbxa_obxCsF2POoL3GCQm_1wjx_89ZWocuwF5lK7s9jcNdIbeHerdTob2Q2xHjKg4-YppNn-lx_fZPx8QDg9of9OKM6NdGijUf6J54i3dpYmz4cXiBSPxaf8NEWDNofxPqNwF7AFqiWlX3Olm9bQXEftY9-djbbCcBAyVhh9z51vHBzzU2PEArztPOlQ2213JpAM_96bIkXfSyR1CNs?authuser=1&fife=s16383","true","200","image/png","89 50 4E 47","pending_browser_validation","recovered","/assets/images/investment/investment-LY-INV-000014-01.png"
"investment","مركب تليل السياحي_صبراتة","15","LY-INV-000015","https://mymaps.usercontent.google.com/hostedimage/m/*/3AE5a_Gzr137L7N1s8p-XleXVPoYA-e0VRX9bSTBDfzJ4kdFryeJ27v-7o1UDaCPDdjwjcdpr7B-XP_clK3xxadXZ3QPcybWKCHOfaY6PpL2BBvboSfKUHLu1q2g1ltagN0YzRBAymTwoVAHXAIc5YmAyQd2G8zNQxMERTyWFVkgcuJ1Og8F7TpR3Ofyt9x-gBcQaaZi0dG6N966IYPbJrx55-5Jm0Pxo2inoof7lDdPz9KQ__0qDJHsC9Iq3hf8?authuser=1&fife=s16383","https://mymaps.usercontent.google.com/hostedimage/m/*/3AE5a_Gzr137L7N1s8p-XleXVPoYA-e0VRX9bSTBDfzJ4kdFryeJ27v-7o1UDaCPDdjwjcdpr7B-XP_clK3xxadXZ3QPcybWKCHOfaY6PpL2BBvboSfKUHLu1q2g1ltagN0YzRBAymTwoVAHXAIc5YmAyQd2G8zNQxMERTyWFVkgcuJ1Og8F7TpR3Ofyt9x-gBcQaaZi0dG6N966IYPbJrx55-5Jm0Pxo2inoof7lDdPz9KQ__0qDJHsC9Iq3hf8?authuser=1&fife=s16383","true","200","image/png","89 50 4E 47","pending_browser_validation","recovered","/assets/images/investment/investment-LY-INV-000015-01.png"
"investment","مركب تليل السياحي_صبراتة","15","LY-INV-000015","https://mymaps.usercontent.google.com/hostedimage/m/*/3AE5a_GxtRdoID75NpVJBKsijAA69IRFUUFE-cI73i7_v-WwRxOTw7L-eR8HtzD1QZtItlKa2ZiQ5k5q5Ck7RhD12TFEOpOF2YE4ra64df0bFEDhUPhoGi4mnGQ6JibEsbDbbwBwcZmXEKdIDNY-mkYmOxy5WrkSfV--WLZwTxYthoPFYx4BPtRMN1gYBFzq-aHQNCk-CSQh0Md_oeYT0NeuuUEu3UcfX68PRTlq-UkPukNjcNj5diUnwCOCs74Y?authuser=1&fife=s16383","https://mymaps.usercontent.google.com/hostedimage/m/*/3AE5a_GxtRdoID75NpVJBKsijAA69IRFUUFE-cI73i7_v-WwRxOTw7L-eR8HtzD1QZtItlKa2ZiQ5k5q5Ck7RhD12TFEOpOF2YE4ra64df0bFEDhUPhoGi4mnGQ6JibEsbDbbwBwcZmXEKdIDNY-mkYmOxy5WrkSfV--WLZwTxYthoPFYx4BPtRMN1gYBFzq-aHQNCk-CSQh0Md_oeYT0NeuuUEu3UcfX68PRTlq-UkPukNjcNj5diUnwCOCs74Y?authuser=1&fife=s16383","true","200","image/png","89 50 4E 47","pending_browser_validation","recovered","/assets/images/investment/investment-LY-INV-000015-02.png"
"investment","القرية السياحية جنزور","16","LY-INV-000016","https://mymaps.usercontent.google.com/hostedimage/m/*/3AE5a_Gz6DK-lj2SuCx1zaIxO5GSxp23ZNwfiIrX0R9ZqBDEsgy2cg4q7eFkXpnu_y9mWPvf0U3UXOKSND-Sv2Qs4NqKGewiWOVM99WsK1DkiWduWuSblU7gel2BXbMGewbaD5TnD32A66jDKKunuLD_kX0PgHQ54T_R1oPSHHYnm4q2xtNlvx1CrcvS3meMQ98eqnVGep9prg85hahovUGk2pZFG6Scsyo7jy-t14r14qLvc46KwjQQ51nyc6bI?authuser=1&fife=s16383","https://mymaps.usercontent.google.com/hostedimage/m/*/3AE5a_Gz6DK-lj2SuCx1zaIxO5GSxp23ZNwfiIrX0R9ZqBDEsgy2cg4q7eFkXpnu_y9mWPvf0U3UXOKSND-Sv2Qs4NqKGewiWOVM99WsK1DkiWduWuSblU7gel2BXbMGewbaD5TnD32A66jDKKunuLD_kX0PgHQ54T_R1oPSHHYnm4q2xtNlvx1CrcvS3meMQ98eqnVGep9prg85hahovUGk2pZFG6Scsyo7jy-t14r14qLvc46KwjQQ51nyc6bI?authuser=1&fife=s16383","true","200","image/png","89 50 4E 47","pending_browser_validation","recovered","/assets/images/investment/investment-LY-INV-000016-01.png"
"investment","قرية بالم سيتي/قرية النخيل السياحية طرابلس","17","LY-INV-000017","https://mymaps.usercontent.google.com/hostedimage/m/*/3AE5a_Gzh1pJllu4bHI7XgIqSgi-grplUfsHwOASb6MnMeh2VkskzlvdurhLaWvgLdAoNC8Awn9gJXKunrZac3CwDxaSlyE1O3P4PKUj6j9_vAz593NfOZ-VDvyqN4Dklcz1Rdyyzj91VBQoUXnbBNge8PAgFQl3_vrGpGM9A5PiHX5PawmSMCxqYVP9qxmPGeusoI5xSOGBgs2V6vL8VJAssJsjDvQ19JMGTrM9JdpluAFrc_cTqIrFushS46_Q?authuser=1&fife=s16383","https://mymaps.usercontent.google.com/hostedimage/m/*/3AE5a_Gzh1pJllu4bHI7XgIqSgi-grplUfsHwOASb6MnMeh2VkskzlvdurhLaWvgLdAoNC8Awn9gJXKunrZac3CwDxaSlyE1O3P4PKUj6j9_vAz593NfOZ-VDvyqN4Dklcz1Rdyyzj91VBQoUXnbBNge8PAgFQl3_vrGpGM9A5PiHX5PawmSMCxqYVP9qxmPGeusoI5xSOGBgs2V6vL8VJAssJsjDvQ19JMGTrM9JdpluAFrc_cTqIrFushS46_Q?authuser=1&fife=s16383","true","200","image/png","89 50 4E 47","pending_browser_validation","recovered","/assets/images/investment/investment-LY-INV-000017-01.png"
"investment","قرية بالم سيتي/قرية النخيل السياحية طرابلس","17","LY-INV-000017","https://mymaps.usercontent.google.com/hostedimage/m/*/3AE5a_GyE9Udx1RaF6VUWIR7UmXPIvdOlSO8PWbtfkQ7RLMxy8VV_OMaNiHZ_S8RUvbm7ZI5-eGclAEtU_h0imyhlegVDoXHjMTks0uO6OqwlLCUO7-FtxD_hpE9yH5jdcctya8TQVIzAK8DQrc3mOoqzm2nkpvbMBQwoj7sF_W-rFYh31sD-4ZFlF6rgRhSoimvqdbj9tFE7eY1xR95UQNDgOeID-ti4l4ISX7SY6H8NWL5Pv7i8WDm66LMgDTw?authuser=1&fife=s16383","https://mymaps.usercontent.google.com/hostedimage/m/*/3AE5a_GyE9Udx1RaF6VUWIR7UmXPIvdOlSO8PWbtfkQ7RLMxy8VV_OMaNiHZ_S8RUvbm7ZI5-eGclAEtU_h0imyhlegVDoXHjMTks0uO6OqwlLCUO7-FtxD_hpE9yH5jdcctya8TQVIzAK8DQrc3mOoqzm2nkpvbMBQwoj7sF_W-rFYh31sD-4ZFlF6rgRhSoimvqdbj9tFE7eY1xR95UQNDgOeID-ti4l4ISX7SY6H8NWL5Pv7i8WDm66LMgDTw?authuser=1&fife=s16383","true","200","image/png","89 50 4E 47","pending_browser_validation","recovered","/assets/images/investment/investment-LY-INV-000017-02.png"
"investment","قرية بالم سيتي/قرية النخيل السياحية طرابلس","17","LY-INV-000017","https://mymaps.usercontent.google.com/hostedimage/m/*/3AE5a_GwfDPkmx8xX6_uxmHfk81oNTJqrAuehKf8vB9NotxamzUvwO49Ad7TIUxExF7zRNOS5vvManMwgN4IO61BHxCFOSVci7JLGHBV3Og3EbZgwK991LtjDQCQx48MWzpQm1gQG1UUzstUco7C_kHmbeEYZrcrk_48LOxK6i0pVvc41YZEJwlvXG_1TQVHpDD5V4Y-oEMgpQxGGbm42bhG1nvVa8ijYX94UNv5eiFBTtoDrC_LIbL8_X4Gn09Y?authuser=1&fife=s16383","https://mymaps.usercontent.google.com/hostedimage/m/*/3AE5a_GwfDPkmx8xX6_uxmHfk81oNTJqrAuehKf8vB9NotxamzUvwO49Ad7TIUxExF7zRNOS5vvManMwgN4IO61BHxCFOSVci7JLGHBV3Og3EbZgwK991LtjDQCQx48MWzpQm1gQG1UUzstUco7C_kHmbeEYZrcrk_48LOxK6i0pVvc41YZEJwlvXG_1TQVHpDD5V4Y-oEMgpQxGGbm42bhG1nvVa8ijYX94UNv5eiFBTtoDrC_LIbL8_X4Gn09Y?authuser=1&fife=s16383","true","200","image/png","89 50 4E 47","pending_browser_validation","recovered","/assets/images/investment/investment-LY-INV-000017-03.png"
"investment","القرية السياحية الريقاتة","18","LY-INV-000018","https://mymaps.usercontent.google.com/hostedimage/m/*/3AE5a_Gy86O5msGsWUCBqsxW92XktJpotQMhwKRhIthwQnG5h_aufHu7wCstzUzp9yTWqNtHoNIZdhAG2lmcats3uW1vAxSCurMxEJ4kBK0tXbMNbHoQZYcFxamEKtzOBRqxEkijvyATuB_hq00JQUPbnenmeVdfl53ytK1CBd_pHhyUgWm6TEYq3Q9i82FyBm-o2aGCyQTfQG-3nbGceKYhQkHkhx-n12k4VMYpBkiFYMW2mskXyI2co-Wn-QE4?authuser=1&fife=s16383","https://mymaps.usercontent.google.com/hostedimage/m/*/3AE5a_Gy86O5msGsWUCBqsxW92XktJpotQMhwKRhIthwQnG5h_aufHu7wCstzUzp9yTWqNtHoNIZdhAG2lmcats3uW1vAxSCurMxEJ4kBK0tXbMNbHoQZYcFxamEKtzOBRqxEkijvyATuB_hq00JQUPbnenmeVdfl53ytK1CBd_pHhyUgWm6TEYq3Q9i82FyBm-o2aGCyQTfQG-3nbGceKYhQkHkhx-n12k4VMYpBkiFYMW2mskXyI2co-Wn-QE4?authuser=1&fife=s16383","true","200","image/png","89 50 4E 47","pending_browser_validation","recovered","/assets/images/investment/investment-LY-INV-000018-01.png"
"investment","القرية السياحية الريقاتة","18","LY-INV-000018","https://mymaps.usercontent.google.com/hostedimage/m/*/3AE5a_GwFw7WAuv7h8Okal88yjUW4YYmQ65qduEDUkxFgZXcHe2NM-tFH_3XnTUUn_50PmknRSTIEasJsyCIczfASyYSBdkXompYk40KhmURAvNL20wOnwjPx8Nh93MAvVSX5qve9uKrLvi6llmjNjgOzul8P6lV8daz4swI6sWwxOQrlWTIf74kLMcEw74P7qRcjzbQXQ3spHNzueUmINP4L8GhoKwkeBSOM-h3DxMrfW77gJaL6W8H8oOPbaDg?authuser=1&fife=s16383","https://mymaps.usercontent.google.com/hostedimage/m/*/3AE5a_GwFw7WAuv7h8Okal88yjUW4YYmQ65qduEDUkxFgZXcHe2NM-tFH_3XnTUUn_50PmknRSTIEasJsyCIczfASyYSBdkXompYk40KhmURAvNL20wOnwjPx8Nh93MAvVSX5qve9uKrLvi6llmjNjgOzul8P6lV8daz4swI6sWwxOQrlWTIf74kLMcEw74P7qRcjzbQXQ3spHNzueUmINP4L8GhoKwkeBSOM-h3DxMrfW77gJaL6W8H8oOPbaDg?authuser=1&fife=s16383","true","200","image/png","89 50 4E 47","pending_browser_validation","recovered","/assets/images/investment/investment-LY-INV-000018-02.png"
"investment","مركب شيراتون - النقاط الأربعة","19","LY-INV-000019","https://mymaps.usercontent.google.com/hostedimage/m/*/3AE5a_GwIxpYN_87U4rAxVBJIPwgui5jhTt5D9G2_exQTZWz7xL_UaD6emZWTdaqCM8PeyYw9IJHFmVACGul5gtZTwju_kgKLyh6pAJVOe_ZNiYTuP3KTV4l_vBzhqvl9gqDka6FQ-RGLZ9Q5av-eRILSvmMqJfmRfxTFJHxWBy4WaXzvNuQs1rLe0BwIioFh8qczexX2qwawMoYycdTBDO8peilbQfXLqGvHqgqJGGEDeTufnhOdQ8ZDXjRsAyM?authuser=1&fife=s16383","https://mymaps.usercontent.google.com/hostedimage/m/*/3AE5a_GwIxpYN_87U4rAxVBJIPwgui5jhTt5D9G2_exQTZWz7xL_UaD6emZWTdaqCM8PeyYw9IJHFmVACGul5gtZTwju_kgKLyh6pAJVOe_ZNiYTuP3KTV4l_vBzhqvl9gqDka6FQ-RGLZ9Q5av-eRILSvmMqJfmRfxTFJHxWBy4WaXzvNuQs1rLe0BwIioFh8qczexX2qwawMoYycdTBDO8peilbQfXLqGvHqgqJGGEDeTufnhOdQ8ZDXjRsAyM?authuser=1&fife=s16383","true","200","image/png","89 50 4E 47","pending_browser_validation","recovered","/assets/images/investment/investment-LY-INV-000019-01.png"
"investment","مركب شيراتون - النقاط الأربعة","19","LY-INV-000019","https://mymaps.usercontent.google.com/hostedimage/m/*/3AE5a_GwGO20TpUb0cH3N6XWvhvxDvTTsImib5mcrt5_M18yGQs-HARWIAcPRYL33pPZHlPMGGy9Mc2Gs16agsTAi7usV7ZYc0Ik8JfyCfbmclW8T2rQLRCXDGzg2egdzaA23DWo3TKQiyTyKqj6UpGTyfGGwX6yuvdeIiWXFLnAkU5QH5nrFCDg_L5rVCRQ2dhEILM9XrzNz9EkdOFLPwi7xo8UYJvRpXCk_LTueoR3CGMT1hbAr9gaswStzCW8?authuser=1&fife=s16383","https://mymaps.usercontent.google.com/hostedimage/m/*/3AE5a_GwGO20TpUb0cH3N6XWvhvxDvTTsImib5mcrt5_M18yGQs-HARWIAcPRYL33pPZHlPMGGy9Mc2Gs16agsTAi7usV7ZYc0Ik8JfyCfbmclW8T2rQLRCXDGzg2egdzaA23DWo3TKQiyTyKqj6UpGTyfGGwX6yuvdeIiWXFLnAkU5QH5nrFCDg_L5rVCRQ2dhEILM9XrzNz9EkdOFLPwi7xo8UYJvRpXCk_LTueoR3CGMT1hbAr9gaswStzCW8?authuser=1&fife=s16383","true","200","image/png","89 50 4E 47","pending_browser_validation","recovered","/assets/images/investment/investment-LY-INV-000019-02.png"
"investment","مركب شيراتون - النقاط الأربعة","19","LY-INV-000019","https://mymaps.usercontent.google.com/hostedimage/m/*/3AE5a_GzYL2k9bERWUehsxsjd7Ze36mmZkBDIK5uvrd888BuaS3Hcm5WS0aWzchyhaFjcMXbZxSKyI8WGLnvc7yk0FKvQBkJvLDgIKTRm6LwZiH4r1EtaeZn4w8w6qNs6fSTB7fLCW9rrnJDv0-cOwErSbsemAoDTPyYnFjuRs2kW2H0jQ5b-G3LGo1Bp11Cx9OPGMh_5l4QkzrLM13t_rNodLBVLU9wUys3pcwBW_JQ_K6WX-g-NUvO9ESxAMog?authuser=1&fife=s16383","https://mymaps.usercontent.google.com/hostedimage/m/*/3AE5a_GzYL2k9bERWUehsxsjd7Ze36mmZkBDIK5uvrd888BuaS3Hcm5WS0aWzchyhaFjcMXbZxSKyI8WGLnvc7yk0FKvQBkJvLDgIKTRm6LwZiH4r1EtaeZn4w8w6qNs6fSTB7fLCW9rrnJDv0-cOwErSbsemAoDTPyYnFjuRs2kW2H0jQ5b-G3LGo1Bp11Cx9OPGMh_5l4QkzrLM13t_rNodLBVLU9wUys3pcwBW_JQ_K6WX-g-NUvO9ESxAMog?authuser=1&fife=s16383","true","200","image/png","89 50 4E 47","pending_browser_validation","recovered","/assets/images/investment/investment-LY-INV-000019-03.png"
"investment","القرية السياحية تاجوراء","20","LY-INV-000020","https://mymaps.usercontent.google.com/hostedimage/m/*/3AE5a_Gy9FENc3arBXzikNABbtxFnlKd0u7VHdwUmoRl1vADcMHv6LUsie2ytiCQFg9V91hsSosytVJbukHUsPBPTP8N9h5ZFFfc1gfu-MvugBSY30nj6Eu5f3iW1vBLaQBXiIee1DE7-sGKHHBp-GXvHjmSxs_bX12x0llNQa96Ei702bOB_zumBF5KXN6rkqacWYRJI7FiRoyVVrj-Y7Gxi-soVoVvTlEYIs9VrHv6hxJMCfntRe7IjvP6sQEA?authuser=1&fife=s16383","https://mymaps.usercontent.google.com/hostedimage/m/*/3AE5a_Gy9FENc3arBXzikNABbtxFnlKd0u7VHdwUmoRl1vADcMHv6LUsie2ytiCQFg9V91hsSosytVJbukHUsPBPTP8N9h5ZFFfc1gfu-MvugBSY30nj6Eu5f3iW1vBLaQBXiIee1DE7-sGKHHBp-GXvHjmSxs_bX12x0llNQa96Ei702bOB_zumBF5KXN6rkqacWYRJI7FiRoyVVrj-Y7Gxi-soVoVvTlEYIs9VrHv6hxJMCfntRe7IjvP6sQEA?authuser=1&fife=s16383","true","200","image/png","89 50 4E 47","pending_browser_validation","recovered","/assets/images/investment/investment-LY-INV-000020-01.png"
"investment","القرية السياحية تاجوراء","20","LY-INV-000020","https://mymaps.usercontent.google.com/hostedimage/m/*/3AE5a_GxnGkimgamL3YA4GDfzvB38XwwBNfykg6HTdJGmYafxfB_1zpAtrHjQnrt1e7vn-8Uh2TPJFOymEx8_5ww96HYxF9_nxF_vRnLPkUxbY5oqn6pqzQMdkfnQSYYXfZf_Er1pf6rpICWFyz1UsYw6omp8h4QCUhYvfnnK8f9LzeljgMdTLvVtqgm8aevIV_3AG6E0cYAiwfdVU6xS2CfTD2A6-5rccisacCln156w5tjJddGAMVbOq-zcl2k?authuser=1&fife=s16383","https://mymaps.usercontent.google.com/hostedimage/m/*/3AE5a_GxnGkimgamL3YA4GDfzvB38XwwBNfykg6HTdJGmYafxfB_1zpAtrHjQnrt1e7vn-8Uh2TPJFOymEx8_5ww96HYxF9_nxF_vRnLPkUxbY5oqn6pqzQMdkfnQSYYXfZf_Er1pf6rpICWFyz1UsYw6omp8h4QCUhYvfnnK8f9LzeljgMdTLvVtqgm8aevIV_3AG6E0cYAiwfdVU6xS2CfTD2A6-5rccisacCln156w5tjJddGAMVbOq-zcl2k?authuser=1&fife=s16383","true","200","image/png","89 50 4E 47","pending_browser_validation","recovered","/assets/images/investment/investment-LY-INV-000020-02.png"
"investment","منتجع سمرلاند المائي","21","LY-INV-000021","https://mymaps.usercontent.google.com/hostedimage/m/*/3AE5a_GxH3o8F1gvh83hxrZXvchJ95HthTC8SkKJzjqmw4Elr6YMVt8DHaSvw3m0ZPzio--z7bWQgVQiX5C8kFc3bqAjzNOo07Mn61ppCx0BLPsDd8vOJl2W06oQZX4W3duNfiFiS4moNWdTvCc5EMv1sCMEOYA1JthP5UY6lqvamsnGTZg8SW93XoHb813IJG-hQR0cyXOaKZeZ8hyL02494DM3XZD4tqXkXYqeJvUj8L97a_sbmqNDhlAXtXM0?authuser=1&fife=s16383","https://mymaps.usercontent.google.com/hostedimage/m/*/3AE5a_GxH3o8F1gvh83hxrZXvchJ95HthTC8SkKJzjqmw4Elr6YMVt8DHaSvw3m0ZPzio--z7bWQgVQiX5C8kFc3bqAjzNOo07Mn61ppCx0BLPsDd8vOJl2W06oQZX4W3duNfiFiS4moNWdTvCc5EMv1sCMEOYA1JthP5UY6lqvamsnGTZg8SW93XoHb813IJG-hQR0cyXOaKZeZ8hyL02494DM3XZD4tqXkXYqeJvUj8L97a_sbmqNDhlAXtXM0?authuser=1&fife=s16383","true","200","image/png","89 50 4E 47","pending_browser_validation","recovered","/assets/images/investment/investment-LY-INV-000021-01.png"
"investment","منتجع سمرلاند المائي","21","LY-INV-000021","https://mymaps.usercontent.google.com/hostedimage/m/*/3AE5a_GyStVWjmAgwCoLvcjproz3nhUipV1WEYgH_dNJcSPHYVL6nAKePMi5ywe0SC41BHUIXIenvbZv4cMXaVBnrunWjCSbLj_I_GHkD1PdNUGYak7RS-VV239ZhmwMJRs4c5P2KBOlQjCcBn-r41cgJUyOGTa-XxqREZ8MYCs1Q77RVFTnJpYeJE-z48R2FdEx-KA_b7xwNj1e0zOsJCVU2huZoelz6fnzA7o6ZAlaVKfBKdQ7bUTv-PKaqI_k?authuser=1&fife=s16383","https://mymaps.usercontent.google.com/hostedimage/m/*/3AE5a_GyStVWjmAgwCoLvcjproz3nhUipV1WEYgH_dNJcSPHYVL6nAKePMi5ywe0SC41BHUIXIenvbZv4cMXaVBnrunWjCSbLj_I_GHkD1PdNUGYak7RS-VV239ZhmwMJRs4c5P2KBOlQjCcBn-r41cgJUyOGTa-XxqREZ8MYCs1Q77RVFTnJpYeJE-z48R2FdEx-KA_b7xwNj1e0zOsJCVU2huZoelz6fnzA7o6ZAlaVKfBKdQ7bUTv-PKaqI_k?authuser=1&fife=s16383","true","200","image/png","89 50 4E 47","pending_browser_validation","recovered","/assets/images/investment/investment-LY-INV-000021-02.png"
"investment","منتجع سمرلاند المائي","21","LY-INV-000021","https://mymaps.usercontent.google.com/hostedimage/m/*/3AE5a_GwfARMTKaOFXQHFuNoAXX-LFXl8_zAmNWfdBzu75tEppw_68WszQ1jCHhPFnS7nPmz3R_E0SWuVoi6Lbdu4MrE4yLS_pHkOjcu0F1DcB1VRfF_dVG6Mv-vNVAZqpwY4n3ZKZ5gNYXhbge5kQooQgX2dVyGgGr3pUtsshCzB_b6StVVa57FFIniMp4dfTGX70W2milLU0v5KFumPT-IZJXBPXMesGJyYqjrXWiN9uCypZiIZvBUPnrrelBc?authuser=1&fife=s16383","https://mymaps.usercontent.google.com/hostedimage/m/*/3AE5a_GwfARMTKaOFXQHFuNoAXX-LFXl8_zAmNWfdBzu75tEppw_68WszQ1jCHhPFnS7nPmz3R_E0SWuVoi6Lbdu4MrE4yLS_pHkOjcu0F1DcB1VRfF_dVG6Mv-vNVAZqpwY4n3ZKZ5gNYXhbge5kQooQgX2dVyGgGr3pUtsshCzB_b6StVVa57FFIniMp4dfTGX70W2milLU0v5KFumPT-IZJXBPXMesGJyYqjrXWiN9uCypZiIZvBUPnrrelBc?authuser=1&fife=s16383","true","200","image/png","89 50 4E 47","pending_browser_validation","recovered","/assets/images/investment/investment-LY-INV-000021-03.png"
"investment","مصيف قرية مارينا السياحية","22","LY-INV-000022","https://mymaps.usercontent.google.com/hostedimage/m/*/3AE5a_Gzzq1HQMTWXssipiy82sNDwt95_d00zvDQObQPLXKiFXFaWL-GyPn3_vl8FLQmaRKeZQJNqaLjp-2Frn9u5r3G7R4T_617nb1MZbkOjfL0p_JSqqrcIee-wNCqeWI0_07rxWylU-DzHq2iyXL8mMLbgH3Uza5AYu0zLTW-2YGd_0gQ-OwLnaNTmUKkM62R_UHPMMT2TPdBbpUWFxO8ZyJK21D2iimV_ZCjEwqPSjyBM6th4l6MJLNfM0wM?authuser=1&fife=s16383","https://mymaps.usercontent.google.com/hostedimage/m/*/3AE5a_Gzzq1HQMTWXssipiy82sNDwt95_d00zvDQObQPLXKiFXFaWL-GyPn3_vl8FLQmaRKeZQJNqaLjp-2Frn9u5r3G7R4T_617nb1MZbkOjfL0p_JSqqrcIee-wNCqeWI0_07rxWylU-DzHq2iyXL8mMLbgH3Uza5AYu0zLTW-2YGd_0gQ-OwLnaNTmUKkM62R_UHPMMT2TPdBbpUWFxO8ZyJK21D2iimV_ZCjEwqPSjyBM6th4l6MJLNfM0wM?authuser=1&fife=s16383","true","200","image/png","89 50 4E 47","pending_browser_validation","recovered","/assets/images/investment/investment-LY-INV-000022-01.png"
"investment","مصيف قرية مارينا السياحية","22","LY-INV-000022","https://mymaps.usercontent.google.com/hostedimage/m/*/3AE5a_GyD4TpRryYHRjbi5ogL0nc6wEabqF7NiV24aLfene87po5hZbnUXGVr_s5xOV-wXEPHQbhpPhIw27qzXLdpseBCZxnTKErBjZKUEQkXfkdiQWt8aktgMMIbMeuBkIY8mEP6o0jilH0EDcL0dq8rv_tqlR_vaJRQABH3vv9NRYN_VK8D9rwoDmLW0UvE1LS1SBL9DOjjtv6egAo6iWZPAvWm7vuafv9z2EpHBUdVrtRJvZ4VjRSEU2juTms?authuser=1&fife=s16383","https://mymaps.usercontent.google.com/hostedimage/m/*/3AE5a_GyD4TpRryYHRjbi5ogL0nc6wEabqF7NiV24aLfene87po5hZbnUXGVr_s5xOV-wXEPHQbhpPhIw27qzXLdpseBCZxnTKErBjZKUEQkXfkdiQWt8aktgMMIbMeuBkIY8mEP6o0jilH0EDcL0dq8rv_tqlR_vaJRQABH3vv9NRYN_VK8D9rwoDmLW0UvE1LS1SBL9DOjjtv6egAo6iWZPAvWm7vuafv9z2EpHBUdVrtRJvZ4VjRSEU2juTms?authuser=1&fife=s16383","true","200","image/png","89 50 4E 47","pending_browser_validation","recovered","/assets/images/investment/investment-LY-INV-000022-02.png"
"investment","قرية قصر سيلين العائلية","23","LY-INV-000023","https://mymaps.usercontent.google.com/hostedimage/m/*/3AE5a_GzaXg1vAzJHV_I3ea5-smxOlcyS_3vh18oc4bV_s6XXG-C0BB28SuFXoKLbdeCD2weKDNVtlTIDcFC-0xLCh58mudP2RpIFwuVyTYYq-bW4AGn6rBqw-RRwC-pTnhgPL5nPfzZv636RSliWGDvD7u7TBEi2ZptXHDgVTXUresaDjQeLgGIXbr3LLGe4KhXKFBlr1ByQfuMfsxOwKOFcVGvy1Cz3jAPGg5WjoXvm9IH4mszopzTWFYEi8Eg?authuser=1&fife=s16383","https://mymaps.usercontent.google.com/hostedimage/m/*/3AE5a_GzaXg1vAzJHV_I3ea5-smxOlcyS_3vh18oc4bV_s6XXG-C0BB28SuFXoKLbdeCD2weKDNVtlTIDcFC-0xLCh58mudP2RpIFwuVyTYYq-bW4AGn6rBqw-RRwC-pTnhgPL5nPfzZv636RSliWGDvD7u7TBEi2ZptXHDgVTXUresaDjQeLgGIXbr3LLGe4KhXKFBlr1ByQfuMfsxOwKOFcVGvy1Cz3jAPGg5WjoXvm9IH4mszopzTWFYEi8Eg?authuser=1&fife=s16383","true","200","image/png","89 50 4E 47","pending_browser_validation","recovered","/assets/images/investment/investment-LY-INV-000023-01.png"
"investment","قرية قصر سيلين العائلية","23","LY-INV-000023","https://mymaps.usercontent.google.com/hostedimage/m/*/3AE5a_Gw2aUmyTsOfnkI4BifcwyhtGQuX0Brien3P6v2X1xaB_TcwJrIXTnFjROu9UIr1DgwgtgL18zPirucfB-qsZ_y9Yrma985OrIRYahRX6BstUACYhWxnMlqZCLLNTEVpBw4fgVwbYFOD0FNo5FeXhtUPQtWZXg-CEzratSAAPQSXBceSPpze-wr9H51PHDabzSm74uB0Dkc69PYJX7KhEgu599uuWFT1TGjMgXbj39GbsRAuuWHwuIDcddU?authuser=1&fife=s16383","https://mymaps.usercontent.google.com/hostedimage/m/*/3AE5a_Gw2aUmyTsOfnkI4BifcwyhtGQuX0Brien3P6v2X1xaB_TcwJrIXTnFjROu9UIr1DgwgtgL18zPirucfB-qsZ_y9Yrma985OrIRYahRX6BstUACYhWxnMlqZCLLNTEVpBw4fgVwbYFOD0FNo5FeXhtUPQtWZXg-CEzratSAAPQSXBceSPpze-wr9H51PHDabzSm74uB0Dkc69PYJX7KhEgu599uuWFT1TGjMgXbj39GbsRAuuWHwuIDcddU?authuser=1&fife=s16383","true","200","image/png","89 50 4E 47","pending_browser_validation","recovered","/assets/images/investment/investment-LY-INV-000023-02.png"
"investment","قرية حدائق غنيمة","24","LY-INV-000024","https://mymaps.usercontent.google.com/hostedimage/m/*/3AE5a_Gzuh9_Rz7CXyg4fhGssrIi2BF7J9y4E-QA5vZ1lHOGGlZOadNS0rlPLrSPZS0DA32oDIBqgx4_JzZmJM-xz_beJnL-Pu7U4zRgRj162iPOFVESFJyX0ySCy5pf7rinzKkBqp7mzuk990_CgxP2yGlq0k6oowacO7Pi8ZdJv9vOQsV5nfxMxUWvuKGcqNRA8Y6m8UoGIY-YyB_Z5yHcufSyJ_OA8zCEgtTwZNvNDCijBzf00oMbGVRoQFWQ?authuser=1&fife=s16383","https://mymaps.usercontent.google.com/hostedimage/m/*/3AE5a_Gzuh9_Rz7CXyg4fhGssrIi2BF7J9y4E-QA5vZ1lHOGGlZOadNS0rlPLrSPZS0DA32oDIBqgx4_JzZmJM-xz_beJnL-Pu7U4zRgRj162iPOFVESFJyX0ySCy5pf7rinzKkBqp7mzuk990_CgxP2yGlq0k6oowacO7Pi8ZdJv9vOQsV5nfxMxUWvuKGcqNRA8Y6m8UoGIY-YyB_Z5yHcufSyJ_OA8zCEgtTwZNvNDCijBzf00oMbGVRoQFWQ?authuser=1&fife=s16383","true","200","image/png","89 50 4E 47","pending_browser_validation","recovered","/assets/images/investment/investment-LY-INV-000024-01.png"
"investment","قرية حدائق غنيمة","24","LY-INV-000024","https://mymaps.usercontent.google.com/hostedimage/m/*/3AE5a_GwNIXkQTg-QAN6X0v0y0xuiWdygk_wnHc0OE-36XCz_nV2GU1EDtK0mkr3yt70we5a5yTWU67I_kbyhrO72avhhYRmOh0ogqs7okRsqT4sgxgb740DB2OnA0KAW_8ONIdjWS82nUA_L5Y6MgUOfm0ycbxrJkSYpDQ4-jBllp5mq3JnW0do-XKeYY_oIg6-R5iwnqTanjSDzGvKgCxhTuKfKY8nODUwhw9R7VuA3a0mUnNGeY-P4H7_282I?authuser=1&fife=s16383","https://mymaps.usercontent.google.com/hostedimage/m/*/3AE5a_GwNIXkQTg-QAN6X0v0y0xuiWdygk_wnHc0OE-36XCz_nV2GU1EDtK0mkr3yt70we5a5yTWU67I_kbyhrO72avhhYRmOh0ogqs7okRsqT4sgxgb740DB2OnA0KAW_8ONIdjWS82nUA_L5Y6MgUOfm0ycbxrJkSYpDQ4-jBllp5mq3JnW0do-XKeYY_oIg6-R5iwnqTanjSDzGvKgCxhTuKfKY8nODUwhw9R7VuA3a0mUnNGeY-P4H7_282I?authuser=1&fife=s16383","true","200","image/png","89 50 4E 47","pending_browser_validation","recovered","/assets/images/investment/investment-LY-INV-000024-02.png"
"investment","إستراحة شط غنيمة","25","LY-INV-000025","https://mymaps.usercontent.google.com/hostedimage/m/*/3AE5a_Gw7HHAUbYapOLskUuKyks0bS0XPCbQkA_Is0QvDUzK9ao_ILpA6ovKwMkRLvcr7Q6DpVwWOTYhm8BhLoPP5YAo5HgGw1YM2X7c5zzQIYKsE3KHVuigZbhsEXo1L31ZhfVXeYYaBPtQl9tJazqKJ57lxu55rrf1mIkXU6Wssf09anXWI9pCL-LJtL4GAL9yUVC8uOFrEt1cxCjBJPg019_ANxrMUxeK-T7MTWkNRoQjFKi-hWZuooH5ON8w?authuser=1&fife=s16383","https://mymaps.usercontent.google.com/hostedimage/m/*/3AE5a_Gw7HHAUbYapOLskUuKyks0bS0XPCbQkA_Is0QvDUzK9ao_ILpA6ovKwMkRLvcr7Q6DpVwWOTYhm8BhLoPP5YAo5HgGw1YM2X7c5zzQIYKsE3KHVuigZbhsEXo1L31ZhfVXeYYaBPtQl9tJazqKJ57lxu55rrf1mIkXU6Wssf09anXWI9pCL-LJtL4GAL9yUVC8uOFrEt1cxCjBJPg019_ANxrMUxeK-T7MTWkNRoQjFKi-hWZuooH5ON8w?authuser=1&fife=s16383","true","200","image/png","89 50 4E 47","pending_browser_validation","recovered","/assets/images/investment/investment-LY-INV-000025-01.png"
"investment","قرية المتوسط العائلية","26","LY-INV-000026","https://mymaps.usercontent.google.com/hostedimage/m/*/3AE5a_GxDfMTCTLpRbqnFfePIw6Q2v5f3nH6KHjO0JTCDVNVMSBpeNXS2cx1ClE4kYfvEqAbZMWIDaT7NnCWmhprGVLTlystCusXDeSpbsRD7_zyWu7aFtgT7XpmR2roVYthLuU_kHIrIEHNB_d2-GB-_dcBC-P-LR8xMeA7w4iTqzx4yc4YbMDEuTpfOBhPBnGjExwe47gENAAzx2t0u8fDRXA_hj-OYB1dwf_XlPGT1nNBULjoRwviqvIrKeLM?authuser=1&fife=s16383","https://mymaps.usercontent.google.com/hostedimage/m/*/3AE5a_GxDfMTCTLpRbqnFfePIw6Q2v5f3nH6KHjO0JTCDVNVMSBpeNXS2cx1ClE4kYfvEqAbZMWIDaT7NnCWmhprGVLTlystCusXDeSpbsRD7_zyWu7aFtgT7XpmR2roVYthLuU_kHIrIEHNB_d2-GB-_dcBC-P-LR8xMeA7w4iTqzx4yc4YbMDEuTpfOBhPBnGjExwe47gENAAzx2t0u8fDRXA_hj-OYB1dwf_XlPGT1nNBULjoRwviqvIrKeLM?authuser=1&fife=s16383","true","200","image/png","89 50 4E 47","pending_browser_validation","recovered","/assets/images/investment/investment-LY-INV-000026-01.png"
"investment","قرية قوس غنيمة السياحية","27","LY-INV-000027","https://mymaps.usercontent.google.com/hostedimage/m/*/3AE5a_GzZsZiOsM3w30zSMHn98Br_rtX1Q6hSBglRZcZy4jvwEVZSmUAWOQh4sEM6G1QOuHTP-uXzeqHIUR0-nEb7N_fxooszeYbmyUQINnXo0iMV4VNd3LYrEaiCzEMl6N0tAilfu4vshhZAQT5ejhSFI3kjqU8OwiXrL-NDcDz1iE-7Cp47Wp24gspYfvaWXcuyfk2j0Zo9JonEDyLYTSmk18DbskSPCknPGift6WCp5M1UfwadMNDdPegnTAc?authuser=1&fife=s16383","https://mymaps.usercontent.google.com/hostedimage/m/*/3AE5a_GzZsZiOsM3w30zSMHn98Br_rtX1Q6hSBglRZcZy4jvwEVZSmUAWOQh4sEM6G1QOuHTP-uXzeqHIUR0-nEb7N_fxooszeYbmyUQINnXo0iMV4VNd3LYrEaiCzEMl6N0tAilfu4vshhZAQT5ejhSFI3kjqU8OwiXrL-NDcDz1iE-7Cp47Wp24gspYfvaWXcuyfk2j0Zo9JonEDyLYTSmk18DbskSPCknPGift6WCp5M1UfwadMNDdPegnTAc?authuser=1&fife=s16383","true","200","image/png","89 50 4E 47","pending_browser_validation","recovered","/assets/images/investment/investment-LY-INV-000027-01.png"
"investment","قرية لؤلؤة غنيمة العائلية","28","LY-INV-000028","https://mymaps.usercontent.google.com/hostedimage/m/*/3AE5a_GxnZUpitnuG0gax-ip4s3Fj9dZZ9ZikPYI7AffpVNk7pnjWhLkPHKnwQMpLfsP3Gii36cM72QngL0GLxMLGBM8K9MefNAWKKChLvpEAJxZgSWgmrwVxwTsEJQoBeNwEJk7LYmF43Zm3nqx0AtMY5P5HBWc4gk5rhSYijjYp_9rgME_7_ZVUiSSAjQHGs9RL_ZkF2psY_Q7VSokDMJpzcRX6xAEygzkbFxsFiJ_0nMwN4aX8tLo-z6LZgts?authuser=1&fife=s16383","https://mymaps.usercontent.google.com/hostedimage/m/*/3AE5a_GxnZUpitnuG0gax-ip4s3Fj9dZZ9ZikPYI7AffpVNk7pnjWhLkPHKnwQMpLfsP3Gii36cM72QngL0GLxMLGBM8K9MefNAWKKChLvpEAJxZgSWgmrwVxwTsEJQoBeNwEJk7LYmF43Zm3nqx0AtMY5P5HBWc4gk5rhSYijjYp_9rgME_7_ZVUiSSAjQHGs9RL_ZkF2psY_Q7VSokDMJpzcRX6xAEygzkbFxsFiJ_0nMwN4aX8tLo-z6LZgts?authuser=1&fife=s16383","true","200","image/png","89 50 4E 47","pending_browser_validation","recovered","/assets/images/investment/investment-LY-INV-000028-01.png"
"investment","قرية شمس البحر","29","LY-INV-000029","https://mymaps.usercontent.google.com/hostedimage/m/*/3AE5a_GwAMZv3PhcH30vbVObDeLmWYOHzeggesKw0s0y1XGw_iI7MEXNguACb_NdGZgl5D2s7qvN8e5lRGnrfFJqHWF2GZ66jAmo8Q1VWCXXiC-uQNShUeMe_skeS0QrRJ_Yr0YTt4n0bkRjxcbIGb-scB_2-yl1FR_YN3t0iE5dSguE_d46DHBS972aCU_YebSNRKTswV7oInP3D0pBSffafb0qXYHeZ0vcu4ATj59rhsOXIZvFgfTSSbz36hXE?authuser=1&fife=s16383","https://mymaps.usercontent.google.com/hostedimage/m/*/3AE5a_GwAMZv3PhcH30vbVObDeLmWYOHzeggesKw0s0y1XGw_iI7MEXNguACb_NdGZgl5D2s7qvN8e5lRGnrfFJqHWF2GZ66jAmo8Q1VWCXXiC-uQNShUeMe_skeS0QrRJ_Yr0YTt4n0bkRjxcbIGb-scB_2-yl1FR_YN3t0iE5dSguE_d46DHBS972aCU_YebSNRKTswV7oInP3D0pBSffafb0qXYHeZ0vcu4ATj59rhsOXIZvFgfTSSbz36hXE?authuser=1&fife=s16383","true","200","image/png","89 50 4E 47","pending_browser_validation","recovered","/assets/images/investment/investment-LY-INV-000029-01.png"
"investment","قرية الشاطيء الذهبي","30","LY-INV-000030","https://mymaps.usercontent.google.com/hostedimage/m/*/3AE5a_GwUtMZfO5oENqdPjOZX1jC_gcKLW9T-cy4yM3lchBv96ZXETmcygiUAO7cSt0R9OZ7QEBOteuhkvuEeFSaFwif8gcrj3HBkRqS6SfYf17x_4ByxWT24B8kPb31IGjS-n7kq41I7gllJ7cpoka_ULGYZMdcNeivgL6IECH8BUOWw7VFBSNivRSwck5FkC3v_hQsT9z3RkCz4uJJHO4IJGyrqxvD1laFa8GQ6yX-gq4BEcJepLUkMm37lkeo?authuser=1&fife=s16383","https://mymaps.usercontent.google.com/hostedimage/m/*/3AE5a_GwUtMZfO5oENqdPjOZX1jC_gcKLW9T-cy4yM3lchBv96ZXETmcygiUAO7cSt0R9OZ7QEBOteuhkvuEeFSaFwif8gcrj3HBkRqS6SfYf17x_4ByxWT24B8kPb31IGjS-n7kq41I7gllJ7cpoka_ULGYZMdcNeivgL6IECH8BUOWw7VFBSNivRSwck5FkC3v_hQsT9z3RkCz4uJJHO4IJGyrqxvD1laFa8GQ6yX-gq4BEcJepLUkMm37lkeo?authuser=1&fife=s16383","true","200","image/png","89 50 4E 47","pending_browser_validation","recovered","/assets/images/investment/investment-LY-INV-000030-01.png"
"investment","قرية الشاطيء الذهبي","30","LY-INV-000030","https://mymaps.usercontent.google.com/hostedimage/m/*/3AE5a_GzAxVv0U1Gq8TCMBgB8I6Nx4DvafPvXlAXF5Pag38d-b_qRD5hCvwasub8IlkksFL7kWKoV4aBLRXY1JeWcJdwJ_Ch6poKlVoB8M2j96Ep7QdrLIGtds3ZZsFYrS7TLG9eG5XAJMMBqtn0BxgeafqPNJHlEXbQkyOiPHJBeCQy1kqpSmtEhHFhya_h_5GJDBmDFneOWmTMtEFQ67EqF9e6J5uVzmh-S1-cB9heWxfHyM0QlxpGb7RjUOp8?authuser=1&fife=s16383","https://mymaps.usercontent.google.com/hostedimage/m/*/3AE5a_GzAxVv0U1Gq8TCMBgB8I6Nx4DvafPvXlAXF5Pag38d-b_qRD5hCvwasub8IlkksFL7kWKoV4aBLRXY1JeWcJdwJ_Ch6poKlVoB8M2j96Ep7QdrLIGtds3ZZsFYrS7TLG9eG5XAJMMBqtn0BxgeafqPNJHlEXbQkyOiPHJBeCQy1kqpSmtEhHFhya_h_5GJDBmDFneOWmTMtEFQ67EqF9e6J5uVzmh-S1-cB9heWxfHyM0QlxpGb7RjUOp8?authuser=1&fife=s16383","true","200","image/png","89 50 4E 47","pending_browser_validation","recovered","/assets/images/investment/investment-LY-INV-000030-02.png"
"investment","منتجع سي شيلز","31","LY-INV-000031","https://mymaps.usercontent.google.com/hostedimage/m/*/3AE5a_GwSGS_eWsjPcmyj3vNGLu_c0Csw4OZPRNapooJBuNkslxftBHxXHb1RflsI-Pe7uWlMIIVT2QoduxHnuGXr2gUJIAOxRn9kVIuZZZ_PCeXOaclyxdiJnhsQr6NOOFSpSBSry7Feh6IxgClqXzCcvhStlfxnjsjeeVWwB2TOrdGB1sORG8wTkNTKN-2icYxFiN1XBV3qF-QekHH4TRh43slrjSJeMsxs7ijeOgvY0XCHk3M9Lop1yiiLMBo?authuser=1&fife=s16383","https://mymaps.usercontent.google.com/hostedimage/m/*/3AE5a_GwSGS_eWsjPcmyj3vNGLu_c0Csw4OZPRNapooJBuNkslxftBHxXHb1RflsI-Pe7uWlMIIVT2QoduxHnuGXr2gUJIAOxRn9kVIuZZZ_PCeXOaclyxdiJnhsQr6NOOFSpSBSry7Feh6IxgClqXzCcvhStlfxnjsjeeVWwB2TOrdGB1sORG8wTkNTKN-2icYxFiN1XBV3qF-QekHH4TRh43slrjSJeMsxs7ijeOgvY0XCHk3M9Lop1yiiLMBo?authuser=1&fife=s16383","true","200","image/png","89 50 4E 47","pending_browser_validation","recovered","/assets/images/investment/investment-LY-INV-000031-01.png"
"investment","منتجع سي شيلز","31","LY-INV-000031","https://mymaps.usercontent.google.com/hostedimage/m/*/3AE5a_Gz9x7qJ3IXZu2g1RXbYTnE2pjagGr8T6gXQJMg0ad8w5-rvFGONrScx5yNvXAr0SAFMViiqnkr5XefYEvKCr_kfF2ppuhBQv2avsstduF-CV63vnAVj4SVS0P4bF8Qw_8ANKk9F_P7E4OkygcRfSCUH5pODgqspCZY99twGf2SVd35TFmUnjugx_7ViwrYbq3E3iMHIX88ql1vuCi_vLSxjeyfV8GA6db4Vn8Mebw-O3417pWf13SpncEs?authuser=1&fife=s16383","https://mymaps.usercontent.google.com/hostedimage/m/*/3AE5a_Gz9x7qJ3IXZu2g1RXbYTnE2pjagGr8T6gXQJMg0ad8w5-rvFGONrScx5yNvXAr0SAFMViiqnkr5XefYEvKCr_kfF2ppuhBQv2avsstduF-CV63vnAVj4SVS0P4bF8Qw_8ANKk9F_P7E4OkygcRfSCUH5pODgqspCZY99twGf2SVd35TFmUnjugx_7ViwrYbq3E3iMHIX88ql1vuCi_vLSxjeyfV8GA6db4Vn8Mebw-O3417pWf13SpncEs?authuser=1&fife=s16383","true","200","image/png","89 50 4E 47","pending_browser_validation","recovered","/assets/images/investment/investment-LY-INV-000031-02.png"
"investment","منتجع سي شيلز","31","LY-INV-000031","https://mymaps.usercontent.google.com/hostedimage/m/*/3AE5a_GwV8mHvqq5nR7UzWXPfzjUshg_h2j5RUMGGw636edE3AIvxs_9-fFWYHDDMnkQKcXsTvEsDDcpAysomxzTIQqhaz-ErJ5YZ87Gifr_KZ_Sde7oQ3lk2i7KlaGvPoOSC5J7ea3c6qHLp2jZPUdhiIMl1RUBpnTwODg3M9Om75BxnfbasghfHjznyY9e2vZCQjwfjazpJCXuGNalumzYF_dpLoCIS4UPInftK0V_pEfamQRS6nogMVQ9Qwps?authuser=1&fife=s16383","https://mymaps.usercontent.google.com/hostedimage/m/*/3AE5a_GwV8mHvqq5nR7UzWXPfzjUshg_h2j5RUMGGw636edE3AIvxs_9-fFWYHDDMnkQKcXsTvEsDDcpAysomxzTIQqhaz-ErJ5YZ87Gifr_KZ_Sde7oQ3lk2i7KlaGvPoOSC5J7ea3c6qHLp2jZPUdhiIMl1RUBpnTwODg3M9Om75BxnfbasghfHjznyY9e2vZCQjwfjazpJCXuGNalumzYF_dpLoCIS4UPInftK0V_pEfamQRS6nogMVQ9Qwps?authuser=1&fife=s16383","true","200","image/png","89 50 4E 47","pending_browser_validation","recovered","/assets/images/investment/investment-LY-INV-000031-03.png"
"investment","منتجع سي شيلز","31","LY-INV-000031","https://mymaps.usercontent.google.com/hostedimage/m/*/3AE5a_GxZN1IV2q3cmHp_10SzywCnDr1ITl4d-lVPcz_gCSX9VY3Wg28o5nW6PkPa1UUcW8aqL03lTczvwZ6fJf56gXoOyL6d9F5iT8ZVpW3XlFXDY10ib1W0NfPf716fs-S8H0YPQDF16ri2E__VYeCLHwqgZzZ-sFpk6XCEPUs3rgg5HETNQH2YVZovehpyhtqCAJAe85zh-kn9BQ0LM4xz1rrV5RbqEcFYrms8fqpFFdIYudPDBy_uA2_aNlA?authuser=1&fife=s16383","https://mymaps.usercontent.google.com/hostedimage/m/*/3AE5a_GxZN1IV2q3cmHp_10SzywCnDr1ITl4d-lVPcz_gCSX9VY3Wg28o5nW6PkPa1UUcW8aqL03lTczvwZ6fJf56gXoOyL6d9F5iT8ZVpW3XlFXDY10ib1W0NfPf716fs-S8H0YPQDF16ri2E__VYeCLHwqgZzZ-sFpk6XCEPUs3rgg5HETNQH2YVZovehpyhtqCAJAe85zh-kn9BQ0LM4xz1rrV5RbqEcFYrms8fqpFFdIYudPDBy_uA2_aNlA?authuser=1&fife=s16383","true","200","image/png","89 50 4E 47","pending_browser_validation","recovered","/assets/images/investment/investment-LY-INV-000031-04.png"
"investment","منتجع حوض البحر Seapool Resort","32","LY-INV-000032","https://mymaps.usercontent.google.com/hostedimage/m/*/3AE5a_GzXpCGIknoKnS8PvJ4aXtW8NO8-Umjq38DYFBGXZT6kU9axF9hGFS7kHZA0DupFRwU46vDJzMpq28OZqwFYNOWQxN1OGmKeMbI7woKEcM3vy3yNnVXSnnAw7piIutR4w0ovCLV83jI-K1rTkUA3Mn8IFf-gxwwPCLefiBwiMul17_qnN5tYMRJnPUjBmmFdhl4Esp36aO3WICW4tw6DIZ2YdgfLTZL8Fz7sG7p5Wn9casFpQwyIL-QHDOg?authuser=1&fife=s16383","https://mymaps.usercontent.google.com/hostedimage/m/*/3AE5a_GzXpCGIknoKnS8PvJ4aXtW8NO8-Umjq38DYFBGXZT6kU9axF9hGFS7kHZA0DupFRwU46vDJzMpq28OZqwFYNOWQxN1OGmKeMbI7woKEcM3vy3yNnVXSnnAw7piIutR4w0ovCLV83jI-K1rTkUA3Mn8IFf-gxwwPCLefiBwiMul17_qnN5tYMRJnPUjBmmFdhl4Esp36aO3WICW4tw6DIZ2YdgfLTZL8Fz7sG7p5Wn9casFpQwyIL-QHDOg?authuser=1&fife=s16383","true","200","image/png","89 50 4E 47","pending_browser_validation","recovered","/assets/images/investment/investment-LY-INV-000032-01.png"
"investment","منتجع حوض البحر Seapool Resort","32","LY-INV-000032","https://mymaps.usercontent.google.com/hostedimage/m/*/3AE5a_GxNdPjO5n1BXbBRbu750Fi1kOnW0SXzkbHu9hnpLcO58LQQAKUmwU3gRLFRVfPCFkZVolE9JC4M6Ep5QwkOy_5zKxjFN7ws-yHfCvHnv3N6AFcbIE87svmUhRpw88tePt3Zh7Io9kP7zZc_84-uMwwkBzxi7SaZe4AYSUa7ZWtQ3cyw2q2gbbzHyzLZEs-Tch_abQmXvsUMPU8hi-4vi43xLgDkXS10oYyNVRptVHgkbxPU5NwtI1_18wU?authuser=1&fife=s16383","https://mymaps.usercontent.google.com/hostedimage/m/*/3AE5a_GxNdPjO5n1BXbBRbu750Fi1kOnW0SXzkbHu9hnpLcO58LQQAKUmwU3gRLFRVfPCFkZVolE9JC4M6Ep5QwkOy_5zKxjFN7ws-yHfCvHnv3N6AFcbIE87svmUhRpw88tePt3Zh7Io9kP7zZc_84-uMwwkBzxi7SaZe4AYSUa7ZWtQ3cyw2q2gbbzHyzLZEs-Tch_abQmXvsUMPU8hi-4vi43xLgDkXS10oYyNVRptVHgkbxPU5NwtI1_18wU?authuser=1&fife=s16383","true","200","image/png","89 50 4E 47","pending_browser_validation","recovered","/assets/images/investment/investment-LY-INV-000032-02.png"
"investment","قرية الخمس السياحية","33","LY-INV-000033","https://mymaps.usercontent.google.com/hostedimage/m/*/3AE5a_Gw2L1X3Dpo_cyDyZDTUxIbn6b2l8qnFhp3qof58xSZmN1SXYcifXeCyv7jh3fPgq_kaa-rLVxXX4oteMZDU0N0PQN-4cIr1h6yA_WqoZJlsLoge4pJkAaLWiluNuzbdkGLuaKqSeOyWZ3CmihR4a2_-kyN5NQgRTYoz3RTrP6aSCqCjpdMYhn5ZVeltALA45yIIr3HGrIgx7zJ7UkUTrp_nZpZIkgLu9-rWT6iGkvulxM8OlsULCFJDgjk?authuser=1&fife=s16383","https://mymaps.usercontent.google.com/hostedimage/m/*/3AE5a_Gw2L1X3Dpo_cyDyZDTUxIbn6b2l8qnFhp3qof58xSZmN1SXYcifXeCyv7jh3fPgq_kaa-rLVxXX4oteMZDU0N0PQN-4cIr1h6yA_WqoZJlsLoge4pJkAaLWiluNuzbdkGLuaKqSeOyWZ3CmihR4a2_-kyN5NQgRTYoz3RTrP6aSCqCjpdMYhn5ZVeltALA45yIIr3HGrIgx7zJ7UkUTrp_nZpZIkgLu9-rWT6iGkvulxM8OlsULCFJDgjk?authuser=1&fife=s16383","true","200","image/png","89 50 4E 47","pending_browser_validation","recovered","/assets/images/investment/investment-LY-INV-000033-01.png"
"investment","قريه غنيمه العائليه","34","LY-INV-000034","https://mymaps.usercontent.google.com/hostedimage/m/*/3AE5a_GxpQZr4Z46ohXyHuNgByu9rWUHSiaRGYwUN_R-faqExJLYSVnShPbas5lI6uQy1K4PWAfoJaZPl2OjfdnBjhuCIRKi8F96hRMA0Jh29Uq2FsYJvW_0VHINjIEuR2uYullGXRCgKlXxoOUECjc7sk0qyInlpg_MB04FQ7cV5V9g57w7LD7KCZSnL28IFypJd_-KGrAcI24Td7A3VTSvMIONNuppwGhJIkEESOwd9RF8noNfYbdILLH9doow?authuser=1&fife=s16383","https://mymaps.usercontent.google.com/hostedimage/m/*/3AE5a_GxpQZr4Z46ohXyHuNgByu9rWUHSiaRGYwUN_R-faqExJLYSVnShPbas5lI6uQy1K4PWAfoJaZPl2OjfdnBjhuCIRKi8F96hRMA0Jh29Uq2FsYJvW_0VHINjIEuR2uYullGXRCgKlXxoOUECjc7sk0qyInlpg_MB04FQ7cV5V9g57w7LD7KCZSnL28IFypJd_-KGrAcI24Td7A3VTSvMIONNuppwGhJIkEESOwd9RF8noNfYbdILLH9doow?authuser=1&fife=s16383","true","200","image/png","89 50 4E 47","pending_browser_validation","recovered","/assets/images/investment/investment-LY-INV-000034-01.png"
"investment","قرية اكوا مارين السياحية","35","LY-INV-000035","https://mymaps.usercontent.google.com/hostedimage/m/*/3AE5a_Gz-ljored37Q3zHVCra_SxXATzx3wRhUXsJGgHol5pAioGNSgJOJr3QRGPtxpZFZfGT-SB0llCvSMNo6FmkaN8DfJxhrSGDjCgiifnNKCTagF-gv4KWCZm91GEEGKZJydqE_4gUlVYJrw4jZl-6NbRJxalxiqTqBRbW2bZG46GmMIdBXQfJPY5u56PeiCbmSJeyr3ocOvvurBPUxqpXA8cmH_ZByvRc-N-_wY0ruzHA4rjl6b1Hh9nk7Bw?authuser=1&fife=s16383","https://mymaps.usercontent.google.com/hostedimage/m/*/3AE5a_Gz-ljored37Q3zHVCra_SxXATzx3wRhUXsJGgHol5pAioGNSgJOJr3QRGPtxpZFZfGT-SB0llCvSMNo6FmkaN8DfJxhrSGDjCgiifnNKCTagF-gv4KWCZm91GEEGKZJydqE_4gUlVYJrw4jZl-6NbRJxalxiqTqBRbW2bZG46GmMIdBXQfJPY5u56PeiCbmSJeyr3ocOvvurBPUxqpXA8cmH_ZByvRc-N-_wY0ruzHA4rjl6b1Hh9nk7Bw?authuser=1&fife=s16383","true","200","image/png","89 50 4E 47","pending_browser_validation","recovered","/assets/images/investment/investment-LY-INV-000035-01.png"
"investment","قرية جنيف العائلية غنيمة","36","LY-INV-000036","https://mymaps.usercontent.google.com/hostedimage/m/*/3AE5a_GxQ8I8ehEdXBMV7be_OX7OrCN_VkpbIJuG1279sabpwBcxVzINHlDV-azU9VHxlJaX4YTw8tSbpf8oN7yG-fDqCeAB23D4xTYhXYRCu3n2p56PaYWsw-gmPSMCujm2JnDw-yozk9wHG5-fqyBkQN9OGMzyXubEKAfuWwYqbo6hetgZ98aWoVSTRFe3pPB7LLY_2zpgybWRLffEouEttnnpVnyRZ9r5rBVNtrY3ATwHAm6PYqFPTFQz3BX4?authuser=1&fife=s16383","https://mymaps.usercontent.google.com/hostedimage/m/*/3AE5a_GxQ8I8ehEdXBMV7be_OX7OrCN_VkpbIJuG1279sabpwBcxVzINHlDV-azU9VHxlJaX4YTw8tSbpf8oN7yG-fDqCeAB23D4xTYhXYRCu3n2p56PaYWsw-gmPSMCujm2JnDw-yozk9wHG5-fqyBkQN9OGMzyXubEKAfuWwYqbo6hetgZ98aWoVSTRFe3pPB7LLY_2zpgybWRLffEouEttnnpVnyRZ9r5rBVNtrY3ATwHAm6PYqFPTFQz3BX4?authuser=1&fife=s16383","true","200","image/png","89 50 4E 47","pending_browser_validation","recovered","/assets/images/investment/investment-LY-INV-000036-01.png"
"investment","منتجع شاطئ غنيمة","37","LY-INV-000037","https://mymaps.usercontent.google.com/hostedimage/m/*/3AE5a_GynzxJP1yJnZvHNz3W15rralQT6epQJpCr2iG7mV0z9L-VBPVN-sE9YSl0b8JOtFkSLUGNUi5E5GMSM9kQoYSWsRssbMw9H__P4c4vm3mT1dlS9AtizCUGNp8oEIZYiNXBmNf-0pC37cVBdNM7QFmrmflcyTXxUqe7B_m4qs3Zx0KSFAntdqMm2vOKzyF_thqH0mYnqkzeAN06nWrZL25x6lKwsYDHDHastYjOPuEvIEMhBWdDsYs7NBmI?authuser=1&fife=s16383","https://mymaps.usercontent.google.com/hostedimage/m/*/3AE5a_GynzxJP1yJnZvHNz3W15rralQT6epQJpCr2iG7mV0z9L-VBPVN-sE9YSl0b8JOtFkSLUGNUi5E5GMSM9kQoYSWsRssbMw9H__P4c4vm3mT1dlS9AtizCUGNp8oEIZYiNXBmNf-0pC37cVBdNM7QFmrmflcyTXxUqe7B_m4qs3Zx0KSFAntdqMm2vOKzyF_thqH0mYnqkzeAN06nWrZL25x6lKwsYDHDHastYjOPuEvIEMhBWdDsYs7NBmI?authuser=1&fife=s16383","true","200","image/png","89 50 4E 47","pending_browser_validation","recovered","/assets/images/investment/investment-LY-INV-000037-01.png"
"investment","منتجع شاطئ غنيمة","37","LY-INV-000037","https://mymaps.usercontent.google.com/hostedimage/m/*/3AE5a_GyVBeRocaJOq6UvnUbWnnoHqHZBi8Hr-Ph1x_e-wMos-cRoOws_kOVEDuYMd62hYGlGzWUpNX1XfSzsYg47KrBFblFQF5e37_Gv6BMgdz9nckdfMu3ayi3cHkFYz9eVryAIa5Y5JZXRKIjLoZdtuMBvlI2_VU2Eq0reRDMY_NN4qDk31CVBfGg7mpBuukCVozCPWWiCtAtPza64O_z_8SScpl4Q6N2nUTsdfP6c2ZLHGbQG8SqqtS2VteA?authuser=1&fife=s16383","https://mymaps.usercontent.google.com/hostedimage/m/*/3AE5a_GyVBeRocaJOq6UvnUbWnnoHqHZBi8Hr-Ph1x_e-wMos-cRoOws_kOVEDuYMd62hYGlGzWUpNX1XfSzsYg47KrBFblFQF5e37_Gv6BMgdz9nckdfMu3ayi3cHkFYz9eVryAIa5Y5JZXRKIjLoZdtuMBvlI2_VU2Eq0reRDMY_NN4qDk31CVBfGg7mpBuukCVozCPWWiCtAtPza64O_z_8SScpl4Q6N2nUTsdfP6c2ZLHGbQG8SqqtS2VteA?authuser=1&fife=s16383","true","200","image/png","89 50 4E 47","pending_browser_validation","recovered","/assets/images/investment/investment-LY-INV-000034-01.png"
"investment","شاليهات بن حمودة العائلي","38","LY-INV-000038","https://mymaps.usercontent.google.com/hostedimage/m/*/3AE5a_Gw9p9N6f6jjp-dx52AXq6AyL6Ok8NDVNeLhALRX5-UyM_9IlOH1Y0kVZY8Sc5cbZDe7AeVo7Kkn5QFs3CKJ27xj766G4ZntIX6DrxhL4Dgl5brnvXP-a0kMThBnZklIl5Aem_DQ96s1HbBStVRYL4t4vKE89TGIKOQCkftQNlME1dPFUUJkfV_5rof7XU_ulzdW4nNqjkhmJmytMqonFHPymW8hHGcc6bycjOHdfhXJJEuRwl5UDOWm-c4?authuser=1&fife=s16383","https://mymaps.usercontent.google.com/hostedimage/m/*/3AE5a_Gw9p9N6f6jjp-dx52AXq6AyL6Ok8NDVNeLhALRX5-UyM_9IlOH1Y0kVZY8Sc5cbZDe7AeVo7Kkn5QFs3CKJ27xj766G4ZntIX6DrxhL4Dgl5brnvXP-a0kMThBnZklIl5Aem_DQ96s1HbBStVRYL4t4vKE89TGIKOQCkftQNlME1dPFUUJkfV_5rof7XU_ulzdW4nNqjkhmJmytMqonFHPymW8hHGcc6bycjOHdfhXJJEuRwl5UDOWm-c4?authuser=1&fife=s16383","true","200","image/png","89 50 4E 47","pending_browser_validation","recovered","/assets/images/investment/investment-LY-INV-000038-01.png"
"investment","منتجع كريستال السياحي","39","LY-INV-000039","https://mymaps.usercontent.google.com/hostedimage/m/*/3AE5a_GyLY8iniuNEqzdcaxk0nrsRr-aBo51ibxUED8FVE0vf0AIvmRZSMcyUw012ivVtUp0x5hWuM6kw2udtfsftuBA0dZyeJH50eO36iPSbFl4hXTEhwXBdai8ws9MMpHGlnZIkaBU1AhRqZOftSU8QVI7tUbqfBRYQdkopp0uxrBBjLiDCqWDni0NWwaBAWeunb-xL-en2s4ynpJvyL4XozXamxAMyUr-mgKth76zYYai7zXlA1jVivb5VksU?authuser=1&fife=s16383","https://mymaps.usercontent.google.com/hostedimage/m/*/3AE5a_GyLY8iniuNEqzdcaxk0nrsRr-aBo51ibxUED8FVE0vf0AIvmRZSMcyUw012ivVtUp0x5hWuM6kw2udtfsftuBA0dZyeJH50eO36iPSbFl4hXTEhwXBdai8ws9MMpHGlnZIkaBU1AhRqZOftSU8QVI7tUbqfBRYQdkopp0uxrBBjLiDCqWDni0NWwaBAWeunb-xL-en2s4ynpJvyL4XozXamxAMyUr-mgKth76zYYai7zXlA1jVivb5VksU?authuser=1&fife=s16383","true","200","image/png","89 50 4E 47","pending_browser_validation","recovered","/assets/images/investment/investment-LY-INV-000039-01.png"
"investment","منتجع كريستال السياحي","39","LY-INV-000039","https://mymaps.usercontent.google.com/hostedimage/m/*/3AE5a_Gz6EOuEwvNfTJO1WOhso8J5y8svYbNQQSuN7LDtKNZwy7ziSB1RdJsLauu5Yk2FJrtz1KYImyqQe4wtCVmvWwqfSpelV5Hb8cMlDaNwbA76addEf7c_n_h5AcnMljOjO0oNmwhgaZIcjUHT4bTune4p94b7Zm2VY8fg5k_3UTFj5JgSGsnTUHQT7yTCN6AZ-WZvU1C7bKX8VacmyT5A14-aRgShOl1fHY8ZsRxZCc7opvX1P02KZwc1FvU?authuser=1&fife=s16383","https://mymaps.usercontent.google.com/hostedimage/m/*/3AE5a_Gz6EOuEwvNfTJO1WOhso8J5y8svYbNQQSuN7LDtKNZwy7ziSB1RdJsLauu5Yk2FJrtz1KYImyqQe4wtCVmvWwqfSpelV5Hb8cMlDaNwbA76addEf7c_n_h5AcnMljOjO0oNmwhgaZIcjUHT4bTune4p94b7Zm2VY8fg5k_3UTFj5JgSGsnTUHQT7yTCN6AZ-WZvU1C7bKX8VacmyT5A14-aRgShOl1fHY8ZsRxZCc7opvX1P02KZwc1FvU?authuser=1&fife=s16383","true","200","image/png","89 50 4E 47","pending_browser_validation","recovered","/assets/images/investment/investment-LY-INV-000039-02.png"
"investment","منتجع رويال السياحي","40","LY-INV-000040","https://mymaps.usercontent.google.com/hostedimage/m/*/3AE5a_GxNGHkonHP2K3bV3wOA7YVtK4fRUrXTj8eA0QVlv1TXxGixn_Ag_mMkB2JR3kYB_UZDxZQ74CBWF6k3VdleflEPqWLA1WeN1C_3x23yWp-VJ4ODzw32jmr0azvSucz-YOcaYkDNf5ZYTlufCefdbhK1X15EKoPZLKZWWU3NwZu_9hyl83b3FYLx88obRzuiF5jjKHLMaXFEKvBwe8O2goET0WU2gkWaNVAcZHR3pY8we9Gab8IUn3xaQqM?authuser=1&fife=s16383","https://mymaps.usercontent.google.com/hostedimage/m/*/3AE5a_GxNGHkonHP2K3bV3wOA7YVtK4fRUrXTj8eA0QVlv1TXxGixn_Ag_mMkB2JR3kYB_UZDxZQ74CBWF6k3VdleflEPqWLA1WeN1C_3x23yWp-VJ4ODzw32jmr0azvSucz-YOcaYkDNf5ZYTlufCefdbhK1X15EKoPZLKZWWU3NwZu_9hyl83b3FYLx88obRzuiF5jjKHLMaXFEKvBwe8O2goET0WU2gkWaNVAcZHR3pY8we9Gab8IUn3xaQqM?authuser=1&fife=s16383","true","200","image/png","89 50 4E 47","pending_browser_validation","recovered","/assets/images/investment/investment-LY-INV-000040-01.png"
"investment","القويعة","41","LY-INV-000041","https://mymaps.usercontent.google.com/hostedimage/m/*/3AE5a_GzsUr4x4S7idEGP6jK4tdDbwhGJ9A_ivSXoHrf-88rRZHDLK07UiYn0ShGk9rX91ja4z04oXsb_u5LoPz-MYCVI6Q3P9iXcRFgk18zMlTwHh7QEg4HIR6WoAUowJlG7DDUpQm8NTSpLxkb-ZwrG-E2CyfGSA-Lui9klwtEeAKhpSRwXvnYnaaqObDwRJlb8WpbU2FftGesiWWs3qQ9epnZ5-pcwZNXb_g2JRrwZP9177kMqy51VJ3BOGxU?authuser=1&fife=s16383","https://mymaps.usercontent.google.com/hostedimage/m/*/3AE5a_GzsUr4x4S7idEGP6jK4tdDbwhGJ9A_ivSXoHrf-88rRZHDLK07UiYn0ShGk9rX91ja4z04oXsb_u5LoPz-MYCVI6Q3P9iXcRFgk18zMlTwHh7QEg4HIR6WoAUowJlG7DDUpQm8NTSpLxkb-ZwrG-E2CyfGSA-Lui9klwtEeAKhpSRwXvnYnaaqObDwRJlb8WpbU2FftGesiWWs3qQ9epnZ5-pcwZNXb_g2JRrwZP9177kMqy51VJ3BOGxU?authuser=1&fife=s16383","true","200","image/png","89 50 4E 47","pending_browser_validation","recovered","/assets/images/investment/investment-LY-INV-000041-01.png"
"investment","منتجع فيلا دريم هاوس","42","LY-INV-000042","https://mymaps.usercontent.google.com/hostedimage/m/*/3AE5a_GzoOPHm0vCcYHWNEYPVe3MgXS4mk-BfE_Rc_hW7RqPRsEvvpzHcIpGFL4y3_LFgcM9HfFRNFoOHhJbMl0_3JAUv2hFn4NXU7pg8TvAHZWcqVLACV_y1agTM1zOBkRksNhfZIqxycczT9wcGVluNrK2dGdkyGuteFucgHxDwksGLhzuhoDHiQR6HzpqiVPUI-Ch5u158VXQZ4Fhs3EvrR0cELXW2YHdP2fu01WQYubYyjwIpbZVQzUer5Wc?authuser=1&fife=s16383","https://mymaps.usercontent.google.com/hostedimage/m/*/3AE5a_GzoOPHm0vCcYHWNEYPVe3MgXS4mk-BfE_Rc_hW7RqPRsEvvpzHcIpGFL4y3_LFgcM9HfFRNFoOHhJbMl0_3JAUv2hFn4NXU7pg8TvAHZWcqVLACV_y1agTM1zOBkRksNhfZIqxycczT9wcGVluNrK2dGdkyGuteFucgHxDwksGLhzuhoDHiQR6HzpqiVPUI-Ch5u158VXQZ4Fhs3EvrR0cELXW2YHdP2fu01WQYubYyjwIpbZVQzUer5Wc?authuser=1&fife=s16383","true","200","image/png","89 50 4E 47","pending_browser_validation","recovered","/assets/images/investment/investment-LY-INV-000042-01.png"
"investment","استراحة الجود القويعه","44","LY-INV-000044","https://mymaps.usercontent.google.com/hostedimage/m/*/3AE5a_GxvnFljz8Dl9Sl_2_K5ZG65GJIDMiFwrwZlHvlkUKO0LVlxIoqfZd7AmebugRGYCChQVGbQH_pb3Vy0fFx34mINtrzCN3bRFV96sQuT4WXqQfPpFzGmgMMyCu27W21h7by6XDXmupct75svp02KPntjtHetbj_igmEdXZnJffGk28whqZUwFNgv8_PL8ZtlExEfLAoK7qtx5XCJgo_3ebQ2QdrYhPEt-nhyBEe96FCxJav_-IdFos0DkoE?authuser=1&fife=s16383","https://mymaps.usercontent.google.com/hostedimage/m/*/3AE5a_GxvnFljz8Dl9Sl_2_K5ZG65GJIDMiFwrwZlHvlkUKO0LVlxIoqfZd7AmebugRGYCChQVGbQH_pb3Vy0fFx34mINtrzCN3bRFV96sQuT4WXqQfPpFzGmgMMyCu27W21h7by6XDXmupct75svp02KPntjtHetbj_igmEdXZnJffGk28whqZUwFNgv8_PL8ZtlExEfLAoK7qtx5XCJgo_3ebQ2QdrYhPEt-nhyBEe96FCxJav_-IdFos0DkoE?authuser=1&fife=s16383","true","200","image/png","89 50 4E 47","pending_browser_validation","recovered","/assets/images/investment/investment-LY-INV-000044-01.png"
"investment","منتجع اتش تي السياحي","45","LY-INV-000045","https://mymaps.usercontent.google.com/hostedimage/m/*/3AE5a_Gzn1Gk-_YTLk4fnBe_nkF-YEBPNuwE9RlFqu6hV3D8k9kRzC_67XOpmoSu9zMl_Q8DsOIw9VrkcJwqiXkerS178r_GgXJZJOOZjuv0NPha4id7yDb1514H9Aapx_NqP_rpBuNQ4liyPFhJkA4nO5qp53mpTze3mJ0NCaq3C-captegAbbS1QPKZDUoPjs34i_delWovRBC2RQS6K4SOC5dRNOTHZ2mKBndPsiWeVnA6Igj0ciRECkqF6u4?authuser=1&fife=s16383","https://mymaps.usercontent.google.com/hostedimage/m/*/3AE5a_Gzn1Gk-_YTLk4fnBe_nkF-YEBPNuwE9RlFqu6hV3D8k9kRzC_67XOpmoSu9zMl_Q8DsOIw9VrkcJwqiXkerS178r_GgXJZJOOZjuv0NPha4id7yDb1514H9Aapx_NqP_rpBuNQ4liyPFhJkA4nO5qp53mpTze3mJ0NCaq3C-captegAbbS1QPKZDUoPjs34i_delWovRBC2RQS6K4SOC5dRNOTHZ2mKBndPsiWeVnA6Igj0ciRECkqF6u4?authuser=1&fife=s16383","true","200","image/png","89 50 4E 47","pending_browser_validation","recovered","/assets/images/investment/investment-LY-INV-000045-01.png"
"investment","منتجع اتش تي 3","46","LY-INV-000046","https://mymaps.usercontent.google.com/hostedimage/m/*/3AE5a_GwR6JcikH1ZDbDD95fe4mdk81jM_eExN5_JRnxSzuczwTKZXcqLw1-QI_NtRf72vtNMqY2LmhZbRIJp6AJfXbz6U1k4SXtsObvI9Ftgx1OdvhnZjesThGw1cKg695iQKI3u_gg7tAzEJRtrE1edZFIxM85kstmdYlR403b5w-T-_Wx1HARGRh1Ae0Qr4_OrruVsgurgvXoaA2fpd6k2BQkCMRcQ7fh7LLjPcTJgykclCcZDczgi1ZVjs2o?authuser=1&fife=s16383","https://mymaps.usercontent.google.com/hostedimage/m/*/3AE5a_GwR6JcikH1ZDbDD95fe4mdk81jM_eExN5_JRnxSzuczwTKZXcqLw1-QI_NtRf72vtNMqY2LmhZbRIJp6AJfXbz6U1k4SXtsObvI9Ftgx1OdvhnZjesThGw1cKg695iQKI3u_gg7tAzEJRtrE1edZFIxM85kstmdYlR403b5w-T-_Wx1HARGRh1Ae0Qr4_OrruVsgurgvXoaA2fpd6k2BQkCMRcQ7fh7LLjPcTJgykclCcZDczgi1ZVjs2o?authuser=1&fife=s16383","true","200","image/png","89 50 4E 47","pending_browser_validation","recovered","/assets/images/investment/investment-LY-INV-000046-01.png"
"investment","قرية العطايا العائلية","48","LY-INV-000048","https://mymaps.usercontent.google.com/hostedimage/m/*/3AE5a_Gz76Ctuhpri9XU48BdLe9IN9UZoITTJ0zpd5XBDjDURZDHrN0hYLy7CCGwGKMFhNA7AhEi7QZICLUP9kQucvdYqyOObmF_TtVPlXt5qpITzF8Etl_PbmS86biV6a7m9qg-OYOFkKd_x0GJrB5CAdHURzBvgw6vnUz-J2ooZ0_KYtP04I9trOX8nsiOqg2ew8YEUmXxgqBhkZElg5fABau5I0VzfPzUfhy8gMkCTH-zYFj6LVQ1VDy4blhc?authuser=1&fife=s16383","https://mymaps.usercontent.google.com/hostedimage/m/*/3AE5a_Gz76Ctuhpri9XU48BdLe9IN9UZoITTJ0zpd5XBDjDURZDHrN0hYLy7CCGwGKMFhNA7AhEi7QZICLUP9kQucvdYqyOObmF_TtVPlXt5qpITzF8Etl_PbmS86biV6a7m9qg-OYOFkKd_x0GJrB5CAdHURzBvgw6vnUz-J2ooZ0_KYtP04I9trOX8nsiOqg2ew8YEUmXxgqBhkZElg5fABau5I0VzfPzUfhy8gMkCTH-zYFj6LVQ1VDy4blhc?authuser=1&fife=s16383","true","200","image/png","89 50 4E 47","pending_browser_validation","recovered","/assets/images/investment/investment-LY-INV-000048-01.png"
"investment","منتجع برستيج","49","LY-INV-000049","https://mymaps.usercontent.google.com/hostedimage/m/*/3AE5a_GysqVg3N-kbgFdiga3HNkpJeqiyJqXAqc6BMs-Kvw-QxL5fTwJ1HV6C_porjvwGC52aZLvPrKLbOk24SgPpX0bSEggq2rfXI3Adwj4UYSvhKNpD_jF6DPz044PwpbL0nVUncdjRTOgvMrEWruxGaTQkVtBdGRbPN_qS32KoKRporJMzUduChK47Veq1_eyzMIgJhZhRku0QFYbcIsy9Ug5oMMqHo9QVwNOrTcq5_EIL2-FtqhQ8M0mDPBg?authuser=1&fife=s16383","https://mymaps.usercontent.google.com/hostedimage/m/*/3AE5a_GysqVg3N-kbgFdiga3HNkpJeqiyJqXAqc6BMs-Kvw-QxL5fTwJ1HV6C_porjvwGC52aZLvPrKLbOk24SgPpX0bSEggq2rfXI3Adwj4UYSvhKNpD_jF6DPz044PwpbL0nVUncdjRTOgvMrEWruxGaTQkVtBdGRbPN_qS32KoKRporJMzUduChK47Veq1_eyzMIgJhZhRku0QFYbcIsy9Ug5oMMqHo9QVwNOrTcq5_EIL2-FtqhQ8M0mDPBg?authuser=1&fife=s16383","true","200","image/png","89 50 4E 47","pending_browser_validation","recovered","/assets/images/investment/investment-LY-INV-000049-01.png"
"investment","قرية القويعة السياحية","50","LY-INV-000050","https://mymaps.usercontent.google.com/hostedimage/m/*/3AE5a_Gy-BZTh7qVUCdL6KF6pT6yBw-bx5t3r-DN9tpxG3hBFL-hkh8eu1Hk5_pWdodmL4uLUQrtzLnTQ6enrKfqbHk3o2IciXnVzsUz4iqUJickg5Xbh-kXfhqYo7daP4TDdAKCwKfSmvx9nCqQ0p-6GY_vJeh11nTKDBdvzaIS4aJELL77YN5EY5MzUECF4-E1MmiXWuXPBH-u736jmstV1RsHBKzzfONNGgucQeSJR42YT3EvPJLmcQoOgFt8?authuser=1&fife=s16383","https://mymaps.usercontent.google.com/hostedimage/m/*/3AE5a_Gy-BZTh7qVUCdL6KF6pT6yBw-bx5t3r-DN9tpxG3hBFL-hkh8eu1Hk5_pWdodmL4uLUQrtzLnTQ6enrKfqbHk3o2IciXnVzsUz4iqUJickg5Xbh-kXfhqYo7daP4TDdAKCwKfSmvx9nCqQ0p-6GY_vJeh11nTKDBdvzaIS4aJELL77YN5EY5MzUECF4-E1MmiXWuXPBH-u736jmstV1RsHBKzzfONNGgucQeSJR42YT3EvPJLmcQoOgFt8?authuser=1&fife=s16383","true","200","image/png","89 50 4E 47","pending_browser_validation","recovered","/assets/images/investment/investment-LY-INV-000041-01.png"
"investment","قرية ميار البحر العائليه","52","LY-INV-000052","https://mymaps.usercontent.google.com/hostedimage/m/*/3AE5a_GyQMVrQUpwLOFfqbVDJ2OtlgYOBgJcrgeEDXP_u__aBc409TBujEM2g14okpNNfz0r7nyVoup5itTjkQ_T2vYleOlVh7KehsjVXEj4Lhf-_JDtjIllsqPDiy-eaWZ7tVO_o197aEj9hTmeEKBYkvQoxnRc-SELF1UEOjbkDnlRN58znnFp0t---vbiuKG6OswvoKs8JjEjM-PB4PMKPZtvAGcl-2XHvbVFJVKQ1SyQ_n2XgPuCLJdQfL14?authuser=1&fife=s16383","https://mymaps.usercontent.google.com/hostedimage/m/*/3AE5a_GyQMVrQUpwLOFfqbVDJ2OtlgYOBgJcrgeEDXP_u__aBc409TBujEM2g14okpNNfz0r7nyVoup5itTjkQ_T2vYleOlVh7KehsjVXEj4Lhf-_JDtjIllsqPDiy-eaWZ7tVO_o197aEj9hTmeEKBYkvQoxnRc-SELF1UEOjbkDnlRN58znnFp0t---vbiuKG6OswvoKs8JjEjM-PB4PMKPZtvAGcl-2XHvbVFJVKQ1SyQ_n2XgPuCLJdQfL14?authuser=1&fife=s16383","true","200","image/png","89 50 4E 47","pending_browser_validation","recovered","/assets/images/investment/investment-LY-INV-000052-01.png"
"investment","قرية أغيث السياحية","53","LY-INV-000053","https://mymaps.usercontent.google.com/hostedimage/m/*/3AE5a_GwJMOtgWPTeCjjNTFI1U8dpoTU1RzKkVPfBniNU__Yb6gCC7xFrPjEWQkZwcpJ6nkWgQ2805Z3o9NcCqgSwsSYLSs-DnvlkdY4yTLrNL8JynuPjQ6A5e2H1QS8HpmrwfwOXjerOg6jLREbmWZL2EGQ8WEuWREf9RIcLK6JmvtRyr4XiE65JG2559WbBnazoUardFmGt0YB49CH3Ek8qrMMQmWaZymA4sxM5O1x-li6_auPTfq27sblydz4?authuser=1&fife=s16383","https://mymaps.usercontent.google.com/hostedimage/m/*/3AE5a_GwJMOtgWPTeCjjNTFI1U8dpoTU1RzKkVPfBniNU__Yb6gCC7xFrPjEWQkZwcpJ6nkWgQ2805Z3o9NcCqgSwsSYLSs-DnvlkdY4yTLrNL8JynuPjQ6A5e2H1QS8HpmrwfwOXjerOg6jLREbmWZL2EGQ8WEuWREf9RIcLK6JmvtRyr4XiE65JG2559WbBnazoUardFmGt0YB49CH3Ek8qrMMQmWaZymA4sxM5O1x-li6_auPTfq27sblydz4?authuser=1&fife=s16383","true","200","image/png","89 50 4E 47","pending_browser_validation","recovered","/assets/images/investment/investment-LY-INV-000053-01.png"
"investment","قرية أغيث السياحية","53","LY-INV-000053","https://mymaps.usercontent.google.com/hostedimage/m/*/3AE5a_Gyv8_SDe28SlKfxn6_-fEvwp-4CeVcfP4UCQNJXC2ltIiRRVyHV7MXQqdIaoHGSCPvKKdxDkOp_7o_-1bKTzhtVYxnvZlDKhB3e3Xj5LtqxngTFYR2lbDp3swAmyljUT4eXUmG2rMUwg-Oid-02VeDWmZnWodbl_m6byiD6TsvyYeEzc4-EyQwud--Ycy0LIGkXswUE4DdyzOeadgD0iTv6SlBM9DnX-ujIT-sq0G2vpOwPSqB2EixuI9o?authuser=1&fife=s16383","https://mymaps.usercontent.google.com/hostedimage/m/*/3AE5a_Gyv8_SDe28SlKfxn6_-fEvwp-4CeVcfP4UCQNJXC2ltIiRRVyHV7MXQqdIaoHGSCPvKKdxDkOp_7o_-1bKTzhtVYxnvZlDKhB3e3Xj5LtqxngTFYR2lbDp3swAmyljUT4eXUmG2rMUwg-Oid-02VeDWmZnWodbl_m6byiD6TsvyYeEzc4-EyQwud--Ycy0LIGkXswUE4DdyzOeadgD0iTv6SlBM9DnX-ujIT-sq0G2vpOwPSqB2EixuI9o?authuser=1&fife=s16383","true","200","image/png","89 50 4E 47","pending_browser_validation","recovered","/assets/images/investment/investment-LY-INV-000053-02.png"
"investment","قرية الخلة السياحية العائلية","54","LY-INV-000054","https://mymaps.usercontent.google.com/hostedimage/m/*/3AE5a_GxEcYxVALNnJMd6bsPkM7GMgS2IYJ5bGlxZyoeynFZbLYA6dPsf2Izw39WmBhEBLEhLOLBzIBRGf_hsy-8VgkO4WKFck8XngpbKWAGyx5oy39Upe-dxLZOE0cATtCug2koWbM0UKSlWU4kS_vqYxDxDNYbu6ID2ukpeMhoukWDdjkbNRX4R9Qs1t-_ezSGN7R6LJAOPSx4e7JcwM0fdzVzQoDxPaneL8tyAh6HHja1Nq5YA4XfWBkAfXss?authuser=1&fife=s16383","https://mymaps.usercontent.google.com/hostedimage/m/*/3AE5a_GxEcYxVALNnJMd6bsPkM7GMgS2IYJ5bGlxZyoeynFZbLYA6dPsf2Izw39WmBhEBLEhLOLBzIBRGf_hsy-8VgkO4WKFck8XngpbKWAGyx5oy39Upe-dxLZOE0cATtCug2koWbM0UKSlWU4kS_vqYxDxDNYbu6ID2ukpeMhoukWDdjkbNRX4R9Qs1t-_ezSGN7R6LJAOPSx4e7JcwM0fdzVzQoDxPaneL8tyAh6HHja1Nq5YA4XfWBkAfXss?authuser=1&fife=s16383","true","200","image/png","89 50 4E 47","pending_browser_validation","recovered","/assets/images/investment/investment-LY-INV-000054-01.png"
"investment","منتجع دار البحر","56","LY-INV-000056","https://mymaps.usercontent.google.com/hostedimage/m/*/3AE5a_GxT0ABsLSRxwAhSI5UO4ftjBeLdsLeS32SfUFO3cQKbun4a0vY1hx3Y8V5NJcK-Bn2bOdQl1lyzbbUB04osmL-X21asT19eqLwA0wuMRyHAaSwkO6uq8bUexo3L8K5biVkfcag7uo_QtcH7TUuVTPMOKGCIcIvMxL9TS6GyUSjPNc1ciOIUEqW0RpIb80p-TFP53sQg3PoTO2nARiR3bxExtP-7e6emT77XKXFd1NicRIB1CbFOELEwRak?authuser=1&fife=s16383","https://mymaps.usercontent.google.com/hostedimage/m/*/3AE5a_GxT0ABsLSRxwAhSI5UO4ftjBeLdsLeS32SfUFO3cQKbun4a0vY1hx3Y8V5NJcK-Bn2bOdQl1lyzbbUB04osmL-X21asT19eqLwA0wuMRyHAaSwkO6uq8bUexo3L8K5biVkfcag7uo_QtcH7TUuVTPMOKGCIcIvMxL9TS6GyUSjPNc1ciOIUEqW0RpIb80p-TFP53sQg3PoTO2nARiR3bxExtP-7e6emT77XKXFd1NicRIB1CbFOELEwRak?authuser=1&fife=s16383","true","200","image/png","89 50 4E 47","pending_browser_validation","recovered","/assets/images/investment/investment-LY-INV-000056-01.png"
"investment","منتجع وادي بالنور","57","LY-INV-000057","https://mymaps.usercontent.google.com/hostedimage/m/*/3AE5a_GyDEWdNlKnurUmppaop3uN2xK3eNpD6MmGnUvvoJ0l3GmUgjNPqmrPtT6OGPApXCkWNZpE0Rd7iid53ihLzgrmJVitfW34NsHq9iS2pQKAljC_95YU77WC-A9mYhsy51BAJJZm_2JTX5qQKmMRrgiN0oRJ_-yOJyc_wyp6lJjYi9Eeec167Ga8eVzAe3ch5fOwZrBm_cU4mail05YwcSvZtgIC28rP-HYQs-B3R_8jgisTx5UfN1Jrd2jI?authuser=1&fife=s16383","https://mymaps.usercontent.google.com/hostedimage/m/*/3AE5a_GyDEWdNlKnurUmppaop3uN2xK3eNpD6MmGnUvvoJ0l3GmUgjNPqmrPtT6OGPApXCkWNZpE0Rd7iid53ihLzgrmJVitfW34NsHq9iS2pQKAljC_95YU77WC-A9mYhsy51BAJJZm_2JTX5qQKmMRrgiN0oRJ_-yOJyc_wyp6lJjYi9Eeec167Ga8eVzAe3ch5fOwZrBm_cU4mail05YwcSvZtgIC28rP-HYQs-B3R_8jgisTx5UfN1Jrd2jI?authuser=1&fife=s16383","true","200","image/png","89 50 4E 47","pending_browser_validation","recovered","/assets/images/investment/investment-LY-INV-000057-01.png"
"investment","منتجع بيتش هاوس","58","LY-INV-000058","https://mymaps.usercontent.google.com/hostedimage/m/*/3AE5a_GyQScim4R_c9IrtopWY0qygnWfgxQQ-Y5wJJl1v9JbjxtwiSlEMS2gW39qgpXUeX1zrBXy9IT3jSdYzUMKKRpASnYBEC4fRmFLmaxoVyVGnPQiem-EvNO2uvjXpDOIcDy6Y8h9MdExeZolc5FglWyMqtx1piuqBtwo9Mfj_scT2XLQEXyIZiOYOQuSOpSw1SGE0jhLaEYcV-4XeFSicK7_jfldcFF5OC0sqvp92IiaSZXvrVLbe_rHnr10?authuser=1&fife=s16383","https://mymaps.usercontent.google.com/hostedimage/m/*/3AE5a_GyQScim4R_c9IrtopWY0qygnWfgxQQ-Y5wJJl1v9JbjxtwiSlEMS2gW39qgpXUeX1zrBXy9IT3jSdYzUMKKRpASnYBEC4fRmFLmaxoVyVGnPQiem-EvNO2uvjXpDOIcDy6Y8h9MdExeZolc5FglWyMqtx1piuqBtwo9Mfj_scT2XLQEXyIZiOYOQuSOpSw1SGE0jhLaEYcV-4XeFSicK7_jfldcFF5OC0sqvp92IiaSZXvrVLbe_rHnr10?authuser=1&fife=s16383","true","200","image/png","89 50 4E 47","pending_browser_validation","recovered","/assets/images/investment/investment-LY-INV-000058-01.png"
"investment","منتجع بيتش هاوس","58","LY-INV-000058","https://mymaps.usercontent.google.com/hostedimage/m/*/3AE5a_Gz687wSwVUEJGoNHsKium6oT9-0i7SSBqC9pM7b_qLRtMIWVGG6gkQmOUPAJyiRtHKtUK7WT2HEbu0O2Q4Pit32l1CGncNZSqfR8TYkNQUtKXgCY8nyQMgTTa5nYv9Lhy8AxcqfvvRHUJ_QKhpGv30CRCBxQGi2EYq5LqtVa5ZMxWfcrCWbdjS09CVe6kj_rgGdVMnjjKKI8NK-tq4fI82-dJ25TJo6QPEJ4tYNe8vt9lul1HjR0KoVVi0?authuser=1&fife=s16383","https://mymaps.usercontent.google.com/hostedimage/m/*/3AE5a_Gz687wSwVUEJGoNHsKium6oT9-0i7SSBqC9pM7b_qLRtMIWVGG6gkQmOUPAJyiRtHKtUK7WT2HEbu0O2Q4Pit32l1CGncNZSqfR8TYkNQUtKXgCY8nyQMgTTa5nYv9Lhy8AxcqfvvRHUJ_QKhpGv30CRCBxQGi2EYq5LqtVa5ZMxWfcrCWbdjS09CVe6kj_rgGdVMnjjKKI8NK-tq4fI82-dJ25TJo6QPEJ4tYNe8vt9lul1HjR0KoVVi0?authuser=1&fife=s16383","true","200","image/png","89 50 4E 47","pending_browser_validation","recovered","/assets/images/investment/investment-LY-INV-000058-02.png"
"investment","قرية قوس غنيمة السياحية","59","LY-INV-000059","https://mymaps.usercontent.google.com/hostedimage/m/*/3AE5a_GyrSswxMOQHgoBBqBmOqeUMAhPtv1lpiAqgr-F4b2AjdXtXMlx8_1p9MoKhM2mQ4TjCEOUh7yGdnM7o5zykOFP-YjEYPZ8zd-OdOJVqSyrLAy3Fe0f0fVqx4wi0zpvV3DMWvIpVjSF-0GeeSyVMZLXb7GdgQzbnNpubIL-UCD-DgFgjbzz5Ewo0aDFH8VzQpHW98HJ7Ci3nK-55wMIjiou7BVRXqBRtbZ6hWLPt-CyvAd9HlVujRDUOYl4?authuser=1&fife=s16383","https://mymaps.usercontent.google.com/hostedimage/m/*/3AE5a_GyrSswxMOQHgoBBqBmOqeUMAhPtv1lpiAqgr-F4b2AjdXtXMlx8_1p9MoKhM2mQ4TjCEOUh7yGdnM7o5zykOFP-YjEYPZ8zd-OdOJVqSyrLAy3Fe0f0fVqx4wi0zpvV3DMWvIpVjSF-0GeeSyVMZLXb7GdgQzbnNpubIL-UCD-DgFgjbzz5Ewo0aDFH8VzQpHW98HJ7Ci3nK-55wMIjiou7BVRXqBRtbZ6hWLPt-CyvAd9HlVujRDUOYl4?authuser=1&fife=s16383","true","200","image/png","89 50 4E 47","pending_browser_validation","recovered","/assets/images/investment/investment-LY-INV-000027-01.png"
"investment","منتجع ايليت السياحي","60","LY-INV-000060","https://mymaps.usercontent.google.com/hostedimage/m/*/3AE5a_Gx1WIzjsunDgpC9yBDpB_ySFUBckwI-pE6fGD7KzG-J6t3MaqByUqg4AtMSKT7ygW-SWboEUy5bwRM5CUCzifMb_6-636WLOUa2LcFOflxoXajyXTzDjSPaQx-VnwdX21Z1MWpMhsKP5UxNHM0H7S5FChzJV4DpdmTB_3M6t_k6NHoH6KVUQtuJf4z8fk0M0eW-IyIe-Q5iAWWIH9NF6fZ2iaqhBbxugeWiRSCEgIEF4d2sfpEtSfYxX5M?authuser=1&fife=s16383","https://mymaps.usercontent.google.com/hostedimage/m/*/3AE5a_Gx1WIzjsunDgpC9yBDpB_ySFUBckwI-pE6fGD7KzG-J6t3MaqByUqg4AtMSKT7ygW-SWboEUy5bwRM5CUCzifMb_6-636WLOUa2LcFOflxoXajyXTzDjSPaQx-VnwdX21Z1MWpMhsKP5UxNHM0H7S5FChzJV4DpdmTB_3M6t_k6NHoH6KVUQtuJf4z8fk0M0eW-IyIe-Q5iAWWIH9NF6fZ2iaqhBbxugeWiRSCEgIEF4d2sfpEtSfYxX5M?authuser=1&fife=s16383","true","200","image/png","89 50 4E 47","pending_browser_validation","recovered","/assets/images/investment/investment-LY-INV-000060-01.png"
"investment","قرية لؤلؤة غنيمة العائلية","62","LY-INV-000062","https://mymaps.usercontent.google.com/hostedimage/m/*/3AE5a_GzHBmnEzpS6TNPGcty85vjrAQuMkhqRb0xPvO00XW6ToAh5QPfr5OBq8Qgkw8r6XDFk78wXJBteAzqmCXPYJr45dj3naGodNLbzJlZ8vxqWIcrdPQvjg6Wix8ImixhuuGwmxcDpjRz1v8t6aCBZlSN40rokdu6P7QuaTDWvdkWJKeYkdhjFtDfk8_1roaBJKcGb849c1HfkogRiSJET_XtZF6wXUMeLzSrEHUyFg9J1eoOxl0cDWYReo2Q?authuser=1&fife=s16383","https://mymaps.usercontent.google.com/hostedimage/m/*/3AE5a_GzHBmnEzpS6TNPGcty85vjrAQuMkhqRb0xPvO00XW6ToAh5QPfr5OBq8Qgkw8r6XDFk78wXJBteAzqmCXPYJr45dj3naGodNLbzJlZ8vxqWIcrdPQvjg6Wix8ImixhuuGwmxcDpjRz1v8t6aCBZlSN40rokdu6P7QuaTDWvdkWJKeYkdhjFtDfk8_1roaBJKcGb849c1HfkogRiSJET_XtZF6wXUMeLzSrEHUyFg9J1eoOxl0cDWYReo2Q?authuser=1&fife=s16383","true","200","image/png","89 50 4E 47","pending_browser_validation","recovered","/assets/images/investment/investment-LY-INV-000062-01.png"
"investment","قرية رأس الحمراء العائلية","64","LY-INV-000064","https://mymaps.usercontent.google.com/hostedimage/m/*/3AE5a_Gxu9lCxJ6QOoeb7ti7SwI2Kven9bajsJDLngeGAG-Z3oTztmWRlGPhoXW4A5rlak5DrZxQ8s4VPpJngbB-Ez_PIlq7FWwOBbxjMb7oZfkSHaUBijPSIEs2AgBrjJ554yDzJLDILpACD5o24Uq1Tjg-O0pgYT0GKEqiIna-r_N4w8cFFHGRBCOOs86RQ2KD6Vy1NnHnWm1Nwv2HQbZ4o9AruWgGzYkl3bp03D9bCoRw_Okf9nqZNTNPhn-g?authuser=1&fife=s16383","https://mymaps.usercontent.google.com/hostedimage/m/*/3AE5a_Gxu9lCxJ6QOoeb7ti7SwI2Kven9bajsJDLngeGAG-Z3oTztmWRlGPhoXW4A5rlak5DrZxQ8s4VPpJngbB-Ez_PIlq7FWwOBbxjMb7oZfkSHaUBijPSIEs2AgBrjJ554yDzJLDILpACD5o24Uq1Tjg-O0pgYT0GKEqiIna-r_N4w8cFFHGRBCOOs86RQ2KD6Vy1NnHnWm1Nwv2HQbZ4o9AruWgGzYkl3bp03D9bCoRw_Okf9nqZNTNPhn-g?authuser=1&fife=s16383","true","200","image/png","89 50 4E 47","pending_browser_validation","recovered","/assets/images/investment/investment-LY-INV-000064-01.png"
"investment","قرية شاطئ النخيل الذهبي","65","LY-INV-000065","https://mymaps.usercontent.google.com/hostedimage/m/*/3AE5a_GwdAJs9ZCGhdADJpBMWpX98-HCPquv_m0jtxzgyRonNChxlLHKwIlepK2tGBeHyR5ULUSBNfDDLUt0hUB9jrqT-trTwGthRNF1ogamuF2YxksFvRr8ftFUl4xamlxLzH_De6zi67-4KmT1UWs061G9ZJrbPq3Ph3Eg2shBPiyJO7A-JPVl60z0LbvrDnyCY-SoFTi_5aOFgVorpqOgcZtIzHPSVZ5NP-pVnqFkTXNYnGI8tu1H7iDaESEc?authuser=1&fife=s16383","https://mymaps.usercontent.google.com/hostedimage/m/*/3AE5a_GwdAJs9ZCGhdADJpBMWpX98-HCPquv_m0jtxzgyRonNChxlLHKwIlepK2tGBeHyR5ULUSBNfDDLUt0hUB9jrqT-trTwGthRNF1ogamuF2YxksFvRr8ftFUl4xamlxLzH_De6zi67-4KmT1UWs061G9ZJrbPq3Ph3Eg2shBPiyJO7A-JPVl60z0LbvrDnyCY-SoFTi_5aOFgVorpqOgcZtIzHPSVZ5NP-pVnqFkTXNYnGI8tu1H7iDaESEc?authuser=1&fife=s16383","true","200","image/png","89 50 4E 47","pending_browser_validation","recovered","/assets/images/investment/investment-LY-INV-000065-01.png"
"investment","قرية شاطئ النخيل الذهبي","65","LY-INV-000065","https://mymaps.usercontent.google.com/hostedimage/m/*/3AE5a_GyZXdvtVegDUvgQTzDWIhOjAqc_AWn5CjgIZb81A1O0DSOdYcKFmo4ZhXWIw1BRWf4dvQ0a9wG0hW8X48gDjMHpIQy1vIiG1c-XLJpFu-hqMkyeIORTyAz2iLTB_1A2HniuEqis78mtpbtStWmXf8aHlYjOrxFiMEKgjkUb8I2whjLhjW1XcTpk2DxCUXVr0BQZgMmkrnbAtPonrSy25IOM1pLCQkxytr3UxbuNnjJg3sEDZcA3KF7JZLg?authuser=1&fife=s16383","https://mymaps.usercontent.google.com/hostedimage/m/*/3AE5a_GyZXdvtVegDUvgQTzDWIhOjAqc_AWn5CjgIZb81A1O0DSOdYcKFmo4ZhXWIw1BRWf4dvQ0a9wG0hW8X48gDjMHpIQy1vIiG1c-XLJpFu-hqMkyeIORTyAz2iLTB_1A2HniuEqis78mtpbtStWmXf8aHlYjOrxFiMEKgjkUb8I2whjLhjW1XcTpk2DxCUXVr0BQZgMmkrnbAtPonrSy25IOM1pLCQkxytr3UxbuNnjJg3sEDZcA3KF7JZLg?authuser=1&fife=s16383","true","200","image/png","89 50 4E 47","pending_browser_validation","recovered","/assets/images/investment/investment-LY-INV-000065-02.png"
"investment","قرية أصيل السياحية","66","LY-INV-000066","https://mymaps.usercontent.google.com/hostedimage/m/*/3AE5a_GyjaOU9Q231DI3-YY7DwyykuqprN0csCG1LWBcYpfLh5TlJWHtVZYODs7yO0vafCD3HRlXlxYxXVoPA9lpcu968oDMKBQGLmAZDcgaARG5d6agrjwbVhWaPOPbY7TEvAQXR7ksKULjG_jMo6ngMELn3NuyFsuwnTcAIMINPEP_QE-OzALPI7ZQm6LQykhba-Br7uCCO81zb5MO2BJZA7ttV0F_Brublpz5PBf0hgvP2GUDvvGGEX7Hmmj4?authuser=1&fife=s16383","https://mymaps.usercontent.google.com/hostedimage/m/*/3AE5a_GyjaOU9Q231DI3-YY7DwyykuqprN0csCG1LWBcYpfLh5TlJWHtVZYODs7yO0vafCD3HRlXlxYxXVoPA9lpcu968oDMKBQGLmAZDcgaARG5d6agrjwbVhWaPOPbY7TEvAQXR7ksKULjG_jMo6ngMELn3NuyFsuwnTcAIMINPEP_QE-OzALPI7ZQm6LQykhba-Br7uCCO81zb5MO2BJZA7ttV0F_Brublpz5PBf0hgvP2GUDvvGGEX7Hmmj4?authuser=1&fife=s16383","true","200","image/png","89 50 4E 47","pending_browser_validation","recovered","/assets/images/investment/investment-LY-INV-000066-01.png"
"investment","قرية الهُزم السياحية","67","LY-INV-000067","https://mymaps.usercontent.google.com/hostedimage/m/*/3AE5a_GxREkVbR3qez4Z2wmQtEG0qkTpxBG5VAdUBkxWK0ab-egs9fkXq3371SfOhBw5RFcWQ0Eq8U-99TBj-GEBsS3tLH2mXdrJNmcjgfqS0b4B7a7__WJOM2FBQyEEmbkUmd7LC39FDxJ4wi-FlGxphbly8Tb3ZZkyUaqIPguYhwBPt0oLSmy2gKhpGcBuE-bOcYwgH24I-VoTs4wCCqX1_g3KsvHRR8TRcS38S5cNy51k_zcpV7XJfXdq0WCo?authuser=1&fife=s16383","https://mymaps.usercontent.google.com/hostedimage/m/*/3AE5a_GxREkVbR3qez4Z2wmQtEG0qkTpxBG5VAdUBkxWK0ab-egs9fkXq3371SfOhBw5RFcWQ0Eq8U-99TBj-GEBsS3tLH2mXdrJNmcjgfqS0b4B7a7__WJOM2FBQyEEmbkUmd7LC39FDxJ4wi-FlGxphbly8Tb3ZZkyUaqIPguYhwBPt0oLSmy2gKhpGcBuE-bOcYwgH24I-VoTs4wCCqX1_g3KsvHRR8TRcS38S5cNy51k_zcpV7XJfXdq0WCo?authuser=1&fife=s16383","true","200","image/png","89 50 4E 47","pending_browser_validation","recovered","/assets/images/investment/investment-LY-INV-000067-01.png"
"investment","منتجع الأمان السياحي","68","LY-INV-000068","https://mymaps.usercontent.google.com/hostedimage/m/*/3AE5a_GzgGW3VujNl9apkZ1NUsXKinTN0c05rtHujfc9owwOQS-2k1JcvUgpPuagkS9NQFLcXpEfBSQ85_GqpV5crhw302BOQ3V8EIRxuIVZ-Ovy-iGaq7ZvwV2qkjga_lPebP7CanN5YFev-Kn-XqtZ338QfCVRWlFZPLE7uAlNxsYwqFifVKStSZp0xXoPX8fr04lS-y0zRWGBy8z8c2E2O6mGsTx8igESmnTct916iSWW_5mJKUBKq58SPp3o?authuser=1&fife=s16383","https://mymaps.usercontent.google.com/hostedimage/m/*/3AE5a_GzgGW3VujNl9apkZ1NUsXKinTN0c05rtHujfc9owwOQS-2k1JcvUgpPuagkS9NQFLcXpEfBSQ85_GqpV5crhw302BOQ3V8EIRxuIVZ-Ovy-iGaq7ZvwV2qkjga_lPebP7CanN5YFev-Kn-XqtZ338QfCVRWlFZPLE7uAlNxsYwqFifVKStSZp0xXoPX8fr04lS-y0zRWGBy8z8c2E2O6mGsTx8igESmnTct916iSWW_5mJKUBKq58SPp3o?authuser=1&fife=s16383","true","200","image/png","89 50 4E 47","pending_browser_validation","recovered","/assets/images/investment/investment-LY-INV-000068-01.png"
"investment","منتجع الأمان السياحي","68","LY-INV-000068","https://mymaps.usercontent.google.com/hostedimage/m/*/3AE5a_GzzQds3wz7fn63QpK0a4NA9hwdZpzHmyT-cTKe5ZQs_95GoOYKWW46HjMSCbWxuctZ6U3e2qx6pkPzWKWdqYM-bqVV9RcdSQc4PJRyUidabAE3xZgiiVad2eSV-EIxm-GuU7Ho-hsE6zBEskVpIjl1w8KxDSGwrPUfos_zjYUUgjyfDI5mmjCOU-xMhYvemF0V2kzKhMFSvRzaF9oNYoY-Ela8E1bqY8uW7boF0jJrBSFOAuYkMwjFzTO4?authuser=1&fife=s16383","https://mymaps.usercontent.google.com/hostedimage/m/*/3AE5a_GzzQds3wz7fn63QpK0a4NA9hwdZpzHmyT-cTKe5ZQs_95GoOYKWW46HjMSCbWxuctZ6U3e2qx6pkPzWKWdqYM-bqVV9RcdSQc4PJRyUidabAE3xZgiiVad2eSV-EIxm-GuU7Ho-hsE6zBEskVpIjl1w8KxDSGwrPUfos_zjYUUgjyfDI5mmjCOU-xMhYvemF0V2kzKhMFSvRzaF9oNYoY-Ela8E1bqY8uW7boF0jJrBSFOAuYkMwjFzTO4?authuser=1&fife=s16383","true","200","image/png","89 50 4E 47","pending_browser_validation","recovered","/assets/images/investment/investment-LY-INV-000068-02.png"
"investment","منتجع مصراتة","69","LY-INV-000069","https://mymaps.usercontent.google.com/hostedimage/m/*/3AE5a_Gyz-m4RR4G6UWRXR-froC-G7BNU4VfwE8nQs2hXom_RZvem2esyGgnJEvcg9a8icHEuSksde8R0RK67JDgVCFDxRWJA205-wnTmtI6pyHE7iI3NAzVYN7GmmCpMa75B-M7HGiJxIrxc77sEVp6LZxknPNsvnZf6fzCbTJx4nTQYLT4wmrUtDW4july56DN9By8jur_3ceAGQJnuFg1oOV_Saj-m6gk1kgkxvnhYT9CMn3qNwp2oh3lY1qY?authuser=1&fife=s16383","https://mymaps.usercontent.google.com/hostedimage/m/*/3AE5a_Gyz-m4RR4G6UWRXR-froC-G7BNU4VfwE8nQs2hXom_RZvem2esyGgnJEvcg9a8icHEuSksde8R0RK67JDgVCFDxRWJA205-wnTmtI6pyHE7iI3NAzVYN7GmmCpMa75B-M7HGiJxIrxc77sEVp6LZxknPNsvnZf6fzCbTJx4nTQYLT4wmrUtDW4july56DN9By8jur_3ceAGQJnuFg1oOV_Saj-m6gk1kgkxvnhYT9CMn3qNwp2oh3lY1qY?authuser=1&fife=s16383","true","200","image/png","89 50 4E 47","pending_browser_validation","recovered","/assets/images/investment/investment-LY-INV-000069-01.png"
"investment","منتجع فينيسيا/مصراتة","70","LY-INV-000070","https://mymaps.usercontent.google.com/hostedimage/m/*/3AE5a_GxxrYDWlU7HcW-Vhko_GuOzNCegU7qytElOdu1XXL27sMLO92UXzWyhvz6PH7EvvQRGFRKuH8h7KlYIPJZXizjkRaOptJ9o6rZ4wEKD-8aA38yH92EQJDg1BOCwJgyvVSRmkK-Tcab2i8BG9o4aAE4aMHUMIiQTJlo5usGpAhpOsI32io0J5MbDzpsradoru7t8gOW-t_vG2lvxERAHD12QYas7gzjh0GT3IRRQ87ryKPO2t6_2cOXEUrs?authuser=1&fife=s16383","https://mymaps.usercontent.google.com/hostedimage/m/*/3AE5a_GxxrYDWlU7HcW-Vhko_GuOzNCegU7qytElOdu1XXL27sMLO92UXzWyhvz6PH7EvvQRGFRKuH8h7KlYIPJZXizjkRaOptJ9o6rZ4wEKD-8aA38yH92EQJDg1BOCwJgyvVSRmkK-Tcab2i8BG9o4aAE4aMHUMIiQTJlo5usGpAhpOsI32io0J5MbDzpsradoru7t8gOW-t_vG2lvxERAHD12QYas7gzjh0GT3IRRQ87ryKPO2t6_2cOXEUrs?authuser=1&fife=s16383","true","200","image/png","89 50 4E 47","pending_browser_validation","recovered","/assets/images/investment/investment-LY-INV-000070-01.png"
"investment","منتجع فينيسيا/مصراتة","70","LY-INV-000070","https://mymaps.usercontent.google.com/hostedimage/m/*/3AE5a_GzIm0d-CQg3nPrmaaHelhZB_VNqZTi8RHDyBmk3jcqJNYxemqNO9pzXoihZueTOP4BtXvKeo3EAlkT_nYKx0iSFdDPxboKai7c7LgkhqNNiLnzXgRJb9bIMYhb0mMMuq2VHJmJojRNAQX4J-FIGAsDsNmHxFJhI0kfCVKtjYSbRirRfmew65sQfAQtD3XnqPb2ScfGutnjN772cH9SBlviE9hFvI2GbYM7jfL-A1mLAiDZ-ToLVwdsXh6s?authuser=1&fife=s16383","https://mymaps.usercontent.google.com/hostedimage/m/*/3AE5a_GzIm0d-CQg3nPrmaaHelhZB_VNqZTi8RHDyBmk3jcqJNYxemqNO9pzXoihZueTOP4BtXvKeo3EAlkT_nYKx0iSFdDPxboKai7c7LgkhqNNiLnzXgRJb9bIMYhb0mMMuq2VHJmJojRNAQX4J-FIGAsDsNmHxFJhI0kfCVKtjYSbRirRfmew65sQfAQtD3XnqPb2ScfGutnjN772cH9SBlviE9hFvI2GbYM7jfL-A1mLAiDZ-ToLVwdsXh6s?authuser=1&fife=s16383","true","200","image/png","89 50 4E 47","pending_browser_validation","recovered","/assets/images/investment/investment-LY-INV-000070-02.png"
"investment","قرية زريق السياحية","71","LY-INV-000071","https://mymaps.usercontent.google.com/hostedimage/m/*/3AE5a_GyMvYcZuPblWwB71L24OPn83txsogm6HAJE7bid8wN4WTz3271YU0NQgvA_h3op8cMQLsYSSonz79QKeE4TmnHPeVHjTslliEPfeY5kYWCZfjU60IO-6epgDZBQmHCxNqdzJJmY6Y_OFx_vHPThSVQC02zO1ku_jje3giejp9Nu_hg5vs372EAwA_uA7qdfPlKk4mc9MK76MiGhEV4OPd1aE3x97N6GW8g_zl6WQtu_xyi9G5bkfkCY5n4?authuser=1&fife=s16383","https://mymaps.usercontent.google.com/hostedimage/m/*/3AE5a_GyMvYcZuPblWwB71L24OPn83txsogm6HAJE7bid8wN4WTz3271YU0NQgvA_h3op8cMQLsYSSonz79QKeE4TmnHPeVHjTslliEPfeY5kYWCZfjU60IO-6epgDZBQmHCxNqdzJJmY6Y_OFx_vHPThSVQC02zO1ku_jje3giejp9Nu_hg5vs372EAwA_uA7qdfPlKk4mc9MK76MiGhEV4OPd1aE3x97N6GW8g_zl6WQtu_xyi9G5bkfkCY5n4?authuser=1&fife=s16383","true","200","image/png","89 50 4E 47","pending_browser_validation","recovered","/assets/images/investment/investment-LY-INV-000071-01.png"
"investment","قرية زريق السياحية","71","LY-INV-000071","https://mymaps.usercontent.google.com/hostedimage/m/*/3AE5a_GxY5uUZmrQG0PGY87P-hYX6hHZiMTrXLgeZYpwlo1m29_MNuuNg0DrWklpkj7MW99Pho4AccrPGOtwrtNJm4GqXuWnWuIpFvv2WHutD68Fxd9ZKHoiFH9t0HcoBKGu2eNSWaZ9G5DwCs3PeIfonSvOWlhWOXYuR6wDLOOJoxW5RC2A1rA8TZri3QcuFHsW0RbQVN2IeOXFNjLE3EqcfdE0prrhFnf6-XcGJpICMLoK5IxUHRqprQx3VD-8?authuser=1&fife=s16383","https://mymaps.usercontent.google.com/hostedimage/m/*/3AE5a_GxY5uUZmrQG0PGY87P-hYX6hHZiMTrXLgeZYpwlo1m29_MNuuNg0DrWklpkj7MW99Pho4AccrPGOtwrtNJm4GqXuWnWuIpFvv2WHutD68Fxd9ZKHoiFH9t0HcoBKGu2eNSWaZ9G5DwCs3PeIfonSvOWlhWOXYuR6wDLOOJoxW5RC2A1rA8TZri3QcuFHsW0RbQVN2IeOXFNjLE3EqcfdE0prrhFnf6-XcGJpICMLoK5IxUHRqprQx3VD-8?authuser=1&fife=s16383","true","200","image/png","89 50 4E 47","pending_browser_validation","recovered","/assets/images/investment/investment-LY-INV-000071-02.png"
"investment","حي قصور الضيافة_سرت","72","LY-INV-000072","https://mymaps.usercontent.google.com/hostedimage/m/*/3AE5a_GzBMAjEJ4fNZqoAju0B1qS8-LARL9v055djdkj_sjYSW0Ak7R660-wZFUV55XML8UGBHYG9G8e7MdqPPOXRQ6KqQvqkRsI-mx3ZCiUx9LFa_HGvBePExOi_HuSAvVTmq21jm33eP_60FLS0UwkMmhNIJ4UUwt_ELtMbUY3xUmEViemLswI-Xh3XP7WNBer5tNUJs9FZdndq4M8Xw34y8B-TuUjkmVy_EjPbuCX-wpCP9msWGNkhiCqmXqg?authuser=1&fife=s16383","https://mymaps.usercontent.google.com/hostedimage/m/*/3AE5a_GzBMAjEJ4fNZqoAju0B1qS8-LARL9v055djdkj_sjYSW0Ak7R660-wZFUV55XML8UGBHYG9G8e7MdqPPOXRQ6KqQvqkRsI-mx3ZCiUx9LFa_HGvBePExOi_HuSAvVTmq21jm33eP_60FLS0UwkMmhNIJ4UUwt_ELtMbUY3xUmEViemLswI-Xh3XP7WNBer5tNUJs9FZdndq4M8Xw34y8B-TuUjkmVy_EjPbuCX-wpCP9msWGNkhiCqmXqg?authuser=1&fife=s16383","true","200","image/png","89 50 4E 47","pending_browser_validation","recovered","/assets/images/investment/investment-LY-INV-000072-01.png"
"investment","قرية قمرت السياحية","85","LY-INV-000085","https://mymaps.usercontent.google.com/hostedimage/m/*/3AE5a_GzLYlQVfclZs-czLQYfsLX2zBwBfMXbMvj7lY2j5fL2RHYH4Un2Y4d-JpOUKtrNWwta-i3ZA3sz2TTCtnyBSe-EnzMRab6Q1Qd3BsUh5NGhVDAaqEaeFAG1pzEUYN9GV-yzogXLVLc0IamgA8woApSwHqH6NV82ekb5THlXIR1GTOZ9v9XmMqr1911PUg41FXDceePnwFBXpgNy5xVj9BMCAbyJt2Qhy-_xHyE1otpYhjcqtWCnVQJJOis?authuser=1&fife=s16383","https://mymaps.usercontent.google.com/hostedimage/m/*/3AE5a_GzLYlQVfclZs-czLQYfsLX2zBwBfMXbMvj7lY2j5fL2RHYH4Un2Y4d-JpOUKtrNWwta-i3ZA3sz2TTCtnyBSe-EnzMRab6Q1Qd3BsUh5NGhVDAaqEaeFAG1pzEUYN9GV-yzogXLVLc0IamgA8woApSwHqH6NV82ekb5THlXIR1GTOZ9v9XmMqr1911PUg41FXDceePnwFBXpgNy5xVj9BMCAbyJt2Qhy-_xHyE1otpYhjcqtWCnVQJJOis?authuser=1&fife=s16383","true","200","image/png","89 50 4E 47","pending_browser_validation","recovered","/assets/images/investment/investment-LY-INV-000085-01.png"
"investment","منتجع الجراري السياحي - للعائلات","87","LY-INV-000087","https://mymaps.usercontent.google.com/hostedimage/m/*/3AE5a_GxcBRtIn4bd9isSNBmKDS2AoOqi5l9S4DqpOSI-s00zgoeLYZxMoBSp-Aiow31sVQGc1-ezPKF5GjVfzOExNBaDqiUAgCkB1rPlmT5FxXs6-upDOIjiAXbxlifmbNNYZE2YNppE4twdA5i7yLhKb8DdP67Ro-Lms1LaDYVJLuLEsfyz08oy-Cwg0FCauoatwWXgjQjgk4VsAaLJAYToxhSBmb0YcsLaKmCPdpSFBjDcxIUBH_w73JMEv5c?authuser=1&fife=s16383","https://mymaps.usercontent.google.com/hostedimage/m/*/3AE5a_GxcBRtIn4bd9isSNBmKDS2AoOqi5l9S4DqpOSI-s00zgoeLYZxMoBSp-Aiow31sVQGc1-ezPKF5GjVfzOExNBaDqiUAgCkB1rPlmT5FxXs6-upDOIjiAXbxlifmbNNYZE2YNppE4twdA5i7yLhKb8DdP67Ro-Lms1LaDYVJLuLEsfyz08oy-Cwg0FCauoatwWXgjQjgk4VsAaLJAYToxhSBmb0YcsLaKmCPdpSFBjDcxIUBH_w73JMEv5c?authuser=1&fife=s16383","true","200","image/png","89 50 4E 47","pending_browser_validation","recovered","/assets/images/investment/investment-LY-INV-000087-01.png"
"investment","قرية إيلاف السياحية","89","LY-INV-000089","https://mymaps.usercontent.google.com/hostedimage/m/*/3AE5a_GxsFfGh60XuhLDGb9lUTvClLQ8_oLrnyUhMhZ-WiMHD_8Hg-MN5_VfCXusWl7WlviVzFdvDL9vqbPdAZG-xo72MFhQfNTlbFF8L-B3eKLya6BoT5poJjzlJ9Ju8kFoFzQbR063h0MN_9q4cl4We0Lkr72umWyDbDrX2zQn97_oC1XF8_M9ms9l4uG0dOiIFXehktzV09hN_idttZV4lJ4dQRj5yy7o3py2TOHZyPCNOYXmkOvLLwqKLRTo?authuser=1&fife=s16383","https://mymaps.usercontent.google.com/hostedimage/m/*/3AE5a_GxsFfGh60XuhLDGb9lUTvClLQ8_oLrnyUhMhZ-WiMHD_8Hg-MN5_VfCXusWl7WlviVzFdvDL9vqbPdAZG-xo72MFhQfNTlbFF8L-B3eKLya6BoT5poJjzlJ9Ju8kFoFzQbR063h0MN_9q4cl4We0Lkr72umWyDbDrX2zQn97_oC1XF8_M9ms9l4uG0dOiIFXehktzV09hN_idttZV4lJ4dQRj5yy7o3py2TOHZyPCNOYXmkOvLLwqKLRTo?authuser=1&fife=s16383","true","200","image/png","89 50 4E 47","pending_browser_validation","recovered","/assets/images/investment/investment-LY-INV-000089-01.png"
"investment","قرية إيلاف السياحية","89","LY-INV-000089","https://mymaps.usercontent.google.com/hostedimage/m/*/3AE5a_Gybu-ZktuhgurT90PkRKHWPmDBIIDWVBi25SGDKkm38gDMvObNBQMTRq68Hok_NF2yT1fKNgf3ZSr6xC-HeBg2ZzRnrkbU2wDs0ANislOQLzjfJeb7m-WJVpDr5Srgn5X8feLLkpLthx_nbZeit4xqnms_t4XfpWXvo-DmSDPBTrY7TdQOkSsjRgena_UEd3BDkuGKmqM7lxZgOJ5UlJZDn6dEoftGcfr01-y7Q9Gj5UKJJXceoZpUG5bM?authuser=1&fife=s16383","https://mymaps.usercontent.google.com/hostedimage/m/*/3AE5a_Gybu-ZktuhgurT90PkRKHWPmDBIIDWVBi25SGDKkm38gDMvObNBQMTRq68Hok_NF2yT1fKNgf3ZSr6xC-HeBg2ZzRnrkbU2wDs0ANislOQLzjfJeb7m-WJVpDr5Srgn5X8feLLkpLthx_nbZeit4xqnms_t4XfpWXvo-DmSDPBTrY7TdQOkSsjRgena_UEd3BDkuGKmqM7lxZgOJ5UlJZDn6dEoftGcfr01-y7Q9Gj5UKJJXceoZpUG5bM?authuser=1&fife=s16383","true","200","image/png","89 50 4E 47","pending_browser_validation","recovered","/assets/images/investment/investment-LY-INV-000089-02.png"
"investment","شاليهات الحدائق الملكية","90","LY-INV-000090","https://mymaps.usercontent.google.com/hostedimage/m/*/3AE5a_Gzw4LZOp35IE2Op54hIMGlZ6YpA9fkt2seKKBI79XLVOVzgzEIQRNecuDINHwbhBo_I7H1H1mlg32c3Bo3uijKqKzgIHuDyI_McwqjS4bGDbHAf4lMBQe_xDeiVaPUmR2dH_XfsAjtc8QGnhN3JSVLgbstTsu37OBDVI-CJiw7zBA-bs4vmXv3Ra-zE8svk0u6dveIGYc9oiBXB54E7GKSFbbRYOSnTjDrQSGO2fnjkgGdWYks11eo1FG8?authuser=1&fife=s16383","https://mymaps.usercontent.google.com/hostedimage/m/*/3AE5a_Gzw4LZOp35IE2Op54hIMGlZ6YpA9fkt2seKKBI79XLVOVzgzEIQRNecuDINHwbhBo_I7H1H1mlg32c3Bo3uijKqKzgIHuDyI_McwqjS4bGDbHAf4lMBQe_xDeiVaPUmR2dH_XfsAjtc8QGnhN3JSVLgbstTsu37OBDVI-CJiw7zBA-bs4vmXv3Ra-zE8svk0u6dveIGYc9oiBXB54E7GKSFbbRYOSnTjDrQSGO2fnjkgGdWYks11eo1FG8?authuser=1&fife=s16383","true","200","image/png","89 50 4E 47","pending_browser_validation","recovered","/assets/images/investment/investment-LY-INV-000090-01.png"
"investment","منتجع وادي الكوف","91","LY-INV-000091","https://mymaps.usercontent.google.com/hostedimage/m/*/3AE5a_Gwug6nOhSxQWWYE3z7YK-3ofgvHpYN_av15KTJFaIlvJQZYGu-vH5O_6Wpt91lMR1diIL6cFLSkP2613cnW-CjBpaAPC6ZpeHy9ClZee6Onmd-1yoFGXBRvwsEydVAXQPX8FpgY3sHfpjieuafQtDaTs_sKU8WyBIHX_gfPV-yWjKfxB-dD0Jyi92rZLxEfyIMF8egk79veA9FBxggXLeCiLfSswHr6UQsu6xjqFn0i9IBVZC7qUPGb9vc?authuser=1&fife=s16383","https://mymaps.usercontent.google.com/hostedimage/m/*/3AE5a_Gwug6nOhSxQWWYE3z7YK-3ofgvHpYN_av15KTJFaIlvJQZYGu-vH5O_6Wpt91lMR1diIL6cFLSkP2613cnW-CjBpaAPC6ZpeHy9ClZee6Onmd-1yoFGXBRvwsEydVAXQPX8FpgY3sHfpjieuafQtDaTs_sKU8WyBIHX_gfPV-yWjKfxB-dD0Jyi92rZLxEfyIMF8egk79veA9FBxggXLeCiLfSswHr6UQsu6xjqFn0i9IBVZC7qUPGb9vc?authuser=1&fife=s16383","true","200","image/png","89 50 4E 47","pending_browser_validation","recovered","/assets/images/investment/investment-LY-INV-000091-01.png"
"investment","منتجع إيلاند السياحي","92","LY-INV-000092","https://mymaps.usercontent.google.com/hostedimage/m/*/3AE5a_GwOGryPZr0yFp0NtMo8GajTRzn5keX4nVYYOqpPEwL2AiSRuvweqRM94oVM9Cc8QaG__PiSuBNdxFnzz_I3fiLDmQ0NZcpWEaWda1XKiko81B0jK6Jvsepe9auXB885xxZhD2huDL0BX0VvzOswKk1D1s_7m8Y0t295U2-uDsskrXyIGLOaFWMfv43IbDXPXjEQ53chacifGzizZSPdilHkQHxz3b5cJSxukVJKWRh5D4QeSp3P-YWPjxs?authuser=1&fife=s16383","https://mymaps.usercontent.google.com/hostedimage/m/*/3AE5a_GwOGryPZr0yFp0NtMo8GajTRzn5keX4nVYYOqpPEwL2AiSRuvweqRM94oVM9Cc8QaG__PiSuBNdxFnzz_I3fiLDmQ0NZcpWEaWda1XKiko81B0jK6Jvsepe9auXB885xxZhD2huDL0BX0VvzOswKk1D1s_7m8Y0t295U2-uDsskrXyIGLOaFWMfv43IbDXPXjEQ53chacifGzizZSPdilHkQHxz3b5cJSxukVJKWRh5D4QeSp3P-YWPjxs?authuser=1&fife=s16383","true","200","image/png","89 50 4E 47","pending_browser_validation","recovered","/assets/images/investment/investment-LY-INV-000092-01.png"
"investment","منتجع كنزي السياحي","93","LY-INV-000093","https://mymaps.usercontent.google.com/hostedimage/m/*/3AE5a_GzcNoXFOcn2NcUzbXohqS-lplfcnWuOheJyKWMAh2oIEX-i-Xw4Ed0x6BKfKWy44xJwfudwt2N8a_cyOa4mqJ-imAMTYWLrjIZUPq8jfxSCn5KnrY3O0iPpxDY6914WvUgP9apBon72a_gNRGIKfB22hf8RT50ocJrBhsDsbaiLbWkX-50zNb0szDM_Jj9H2LTR58Lt-0N3jgrBv4Cxq5R5YaGsbHgUl2IJ64cWn0mBRtm9i6FnGbHXtAk?authuser=1&fife=s16383","https://mymaps.usercontent.google.com/hostedimage/m/*/3AE5a_GzcNoXFOcn2NcUzbXohqS-lplfcnWuOheJyKWMAh2oIEX-i-Xw4Ed0x6BKfKWy44xJwfudwt2N8a_cyOa4mqJ-imAMTYWLrjIZUPq8jfxSCn5KnrY3O0iPpxDY6914WvUgP9apBon72a_gNRGIKfB22hf8RT50ocJrBhsDsbaiLbWkX-50zNb0szDM_Jj9H2LTR58Lt-0N3jgrBv4Cxq5R5YaGsbHgUl2IJ64cWn0mBRtm9i6FnGbHXtAk?authuser=1&fife=s16383","true","200","image/png","89 50 4E 47","pending_browser_validation","recovered","/assets/images/investment/investment-LY-INV-000093-01.png"
"investment","مصيف القريه/رأس الهلال","95","LY-INV-000095","https://mymaps.usercontent.google.com/hostedimage/m/*/3AE5a_GxbqTqVkhZbUwzPftoP0lW3w07GncbENndBLOTiQ_JgFJ0o3YzJYrBkNDAOKKl67iDzZgyLbgC97nShAUO35CRaWn6aNmf_AhcTUWKV5K33JUp_-B292hBdowQGYKQ1ytqdX4TPygemcQ38haq5xwTBNlVzdkfM8W8XaEAgIn_7U1XUr4gBorX1TcoiRSxC2PyR99A8s3feyfSj830NPBuWMoQyeRnLKQnimd8sTJtSh0DCVa9zdq38RlY?authuser=1&fife=s16383","https://mymaps.usercontent.google.com/hostedimage/m/*/3AE5a_GxbqTqVkhZbUwzPftoP0lW3w07GncbENndBLOTiQ_JgFJ0o3YzJYrBkNDAOKKl67iDzZgyLbgC97nShAUO35CRaWn6aNmf_AhcTUWKV5K33JUp_-B292hBdowQGYKQ1ytqdX4TPygemcQ38haq5xwTBNlVzdkfM8W8XaEAgIn_7U1XUr4gBorX1TcoiRSxC2PyR99A8s3feyfSj830NPBuWMoQyeRnLKQnimd8sTJtSh0DCVa9zdq38RlY?authuser=1&fife=s16383","true","200","image/png","89 50 4E 47","pending_browser_validation","recovered","/assets/images/investment/investment-LY-INV-000095-01.png"
"investment","منتجع الينابيع السياحي","96","LY-INV-000096","https://mymaps.usercontent.google.com/hostedimage/m/*/3AE5a_GwRoJPTU7kI09Ma5qSsxObAyvn1dyP-eUdHA0eLbrLbWNWDdbyB5Fdp2oBBm2oB2eEzh997RZc-g2BVesDBf2DIRwrZXp9B20GD4yMQK1MUcOYElT16TAMkCT13yMkSDjgmVv5xer-WxPDnAO7a_XT29_RvmwFFC58KIAxWDh0LHSj5NATpp121ujj0Ac-uYjfVyjaGjs3JOd9HA5AHd_1YaZP5frPDzPGCyt-9KuNxtSlEKQYRtw_DuSU?authuser=1&fife=s16383","https://mymaps.usercontent.google.com/hostedimage/m/*/3AE5a_GwRoJPTU7kI09Ma5qSsxObAyvn1dyP-eUdHA0eLbrLbWNWDdbyB5Fdp2oBBm2oB2eEzh997RZc-g2BVesDBf2DIRwrZXp9B20GD4yMQK1MUcOYElT16TAMkCT13yMkSDjgmVv5xer-WxPDnAO7a_XT29_RvmwFFC58KIAxWDh0LHSj5NATpp121ujj0Ac-uYjfVyjaGjs3JOd9HA5AHd_1YaZP5frPDzPGCyt-9KuNxtSlEKQYRtw_DuSU?authuser=1&fife=s16383","true","200","image/png","89 50 4E 47","pending_browser_validation","recovered","/assets/images/investment/investment-LY-INV-000096-01.png"
"investment","منتجع إيميليا السياحي","98","LY-INV-000098","https://mymaps.usercontent.google.com/hostedimage/m/*/3AE5a_GyttzZ-rym7dCbzrbprgPEb4N4z31oOFQdFHsGSvSxJLd_iJPpcFScGEZDvYvSgVodco0WAmo8Ag175kmsj4WbSxBtKLRSSTMgOyer2uA6SYSPBzQjaQlTLksxqELE3TWtulgQG6meW-vGFJ_mEiPeUGPaeDlF_mNbs2P2c5fSpVFNuRBKG1X0i-Ck0kPY9xRNJ9jYXWhrYIbH2qEX0sdRnidvDbv8aYa5cdpBrrnq0SaipgZL3wx1E9fY?authuser=1&fife=s16383","https://mymaps.usercontent.google.com/hostedimage/m/*/3AE5a_GyttzZ-rym7dCbzrbprgPEb4N4z31oOFQdFHsGSvSxJLd_iJPpcFScGEZDvYvSgVodco0WAmo8Ag175kmsj4WbSxBtKLRSSTMgOyer2uA6SYSPBzQjaQlTLksxqELE3TWtulgQG6meW-vGFJ_mEiPeUGPaeDlF_mNbs2P2c5fSpVFNuRBKG1X0i-Ck0kPY9xRNJ9jYXWhrYIbH2qEX0sdRnidvDbv8aYa5cdpBrrnq0SaipgZL3wx1E9fY?authuser=1&fife=s16383","true","200","image/png","89 50 4E 47","pending_browser_validation","recovered","/assets/images/investment/investment-LY-INV-000098-01.png"
"investment","مصيف 1805","99","LY-INV-000099","https://mymaps.usercontent.google.com/hostedimage/m/*/3AE5a_GwFiqQkZM5lMD1EazCM97GYhpWUmbLs7F7g55lin0ybkHlOoi8E-vIh3ty1Nqa7ii1cIi8zhJKI_nGAJqktVUiYbE-F2rV_t_-TLGgCtVxDm49z0LyBoPg3W6Y8iQ9_EVf1PNA4DS2EapK5d7OobvmKOvfxiTrhLrc9evjiOZSwVZsm_J7XLDJyGIt6xvsWWBV7a5icqIcfNbcsPbF3AwC8IfHRCVH3bx37b0ccVd9MNRsWvKqC8BL5e7w?authuser=1&fife=s16383","https://mymaps.usercontent.google.com/hostedimage/m/*/3AE5a_GwFiqQkZM5lMD1EazCM97GYhpWUmbLs7F7g55lin0ybkHlOoi8E-vIh3ty1Nqa7ii1cIi8zhJKI_nGAJqktVUiYbE-F2rV_t_-TLGgCtVxDm49z0LyBoPg3W6Y8iQ9_EVf1PNA4DS2EapK5d7OobvmKOvfxiTrhLrc9evjiOZSwVZsm_J7XLDJyGIt6xvsWWBV7a5icqIcfNbcsPbF3AwC8IfHRCVH3bx37b0ccVd9MNRsWvKqC8BL5e7w?authuser=1&fife=s16383","true","200","image/png","89 50 4E 47","pending_browser_validation","recovered","/assets/images/investment/investment-LY-INV-000099-01.png"
"investment","منتجع الابرق السياحي","100","LY-INV-000100","https://mymaps.usercontent.google.com/hostedimage/m/*/3AE5a_Gw3LZTZOMv3X_Ygv3DZ1qoULn6SEvQ8jSH2LcW4Sp34KurdhFsQae9qqb3_EcBACGha6KuVsmRxvVe8Ac9GGk6WyNWMGKQcpzHOYx7py3kYLsx2CzVy6xSNvFl59_UID_7czYdzMP4gjLy-OxH0SAqbU0y2fKyQy89P9SOXTY5jRhEuHVn_dHxaB20v5CduhlGAU3TL5e3AXhqRFfACJJaZ48iMDSyUkN_PIRKQLKU0D2CRMgbfkA66Ito?authuser=1&fife=s16383","https://mymaps.usercontent.google.com/hostedimage/m/*/3AE5a_Gw3LZTZOMv3X_Ygv3DZ1qoULn6SEvQ8jSH2LcW4Sp34KurdhFsQae9qqb3_EcBACGha6KuVsmRxvVe8Ac9GGk6WyNWMGKQcpzHOYx7py3kYLsx2CzVy6xSNvFl59_UID_7czYdzMP4gjLy-OxH0SAqbU0y2fKyQy89P9SOXTY5jRhEuHVn_dHxaB20v5CduhlGAU3TL5e3AXhqRFfACJJaZ48iMDSyUkN_PIRKQLKU0D2CRMgbfkA66Ito?authuser=1&fife=s16383","true","200","image/png","89 50 4E 47","pending_browser_validation","recovered","/assets/images/investment/investment-LY-INV-000100-01.png"
"investment","منتج شحات السياحي","101","LY-INV-000101","https://mymaps.usercontent.google.com/hostedimage/m/*/3AE5a_Gz5IEV29PAGi4coBAZ8DwEqqlr3etMnR9WQgGaRfHx3AMEW6ksPINSyvEQ0QQFTXi_JfvsPxWUBY29Lsb1DyQg_FFoDDtAVMgsJ5kC2Uez8tPcGnFy6jY5MSTOlp-SMoEZQXPiJqM2zJoaSkvFzfe5im5Lh0OtwtJUtEyWq-6UgGwUksneufUG0l7FR9P795bu4nxJRY1HSDDGbezAECwRio4Iwq19IUDpcW7LKSIWpiB_HlRKMGhBLd38?authuser=1&fife=s16383","https://mymaps.usercontent.google.com/hostedimage/m/*/3AE5a_Gz5IEV29PAGi4coBAZ8DwEqqlr3etMnR9WQgGaRfHx3AMEW6ksPINSyvEQ0QQFTXi_JfvsPxWUBY29Lsb1DyQg_FFoDDtAVMgsJ5kC2Uez8tPcGnFy6jY5MSTOlp-SMoEZQXPiJqM2zJoaSkvFzfe5im5Lh0OtwtJUtEyWq-6UgGwUksneufUG0l7FR9P795bu4nxJRY1HSDDGbezAECwRio4Iwq19IUDpcW7LKSIWpiB_HlRKMGhBLd38?authuser=1&fife=s16383","true","200","image/png","89 50 4E 47","pending_browser_validation","recovered","/assets/images/investment/investment-LY-INV-000101-01.png"
"investment","منتجع وموتيل الأمان 1","102","LY-INV-000102","https://mymaps.usercontent.google.com/hostedimage/m/*/3AE5a_GwR2G-OdQfAd_4Dx7N0TVUdbkgvHnOWweV4Tg1DpyB2fLajOjSbzNlIloxV2mcHquqJFKbdOkVTmy9U8-jbCLZJqngkaN_f8pdrsGDsYoFF0xWjmVB_ceND_KRrFqhbRDv05QwkUJb0O9JPD9w2fD0eslDmHtmz5k0yLKtfhJy4vA6enBUmxyWedqyXtEoFGqFv7T5gYV1UmREbx74_azyJoyRmtuLFHyCCmx5ZlXf75YtnoDAXQi8jRoU?authuser=1&fife=s16383","https://mymaps.usercontent.google.com/hostedimage/m/*/3AE5a_GwR2G-OdQfAd_4Dx7N0TVUdbkgvHnOWweV4Tg1DpyB2fLajOjSbzNlIloxV2mcHquqJFKbdOkVTmy9U8-jbCLZJqngkaN_f8pdrsGDsYoFF0xWjmVB_ceND_KRrFqhbRDv05QwkUJb0O9JPD9w2fD0eslDmHtmz5k0yLKtfhJy4vA6enBUmxyWedqyXtEoFGqFv7T5gYV1UmREbx74_azyJoyRmtuLFHyCCmx5ZlXf75YtnoDAXQi8jRoU?authuser=1&fife=s16383","true","200","image/png","89 50 4E 47","pending_browser_validation","recovered","/assets/images/investment/investment-LY-INV-000102-01.png"
"investment","منتجع وموتيل الأمان 3","103","LY-INV-000103","https://mymaps.usercontent.google.com/hostedimage/m/*/3AE5a_Gxnv256xy0xS_B7Xkn-jP-yNlNNDmsdmTDLBJQgcDNlnziy4_L6rfGCdZKNcp_W8RVXXn5rV7T61X0bO9xbSSlEhxPrTgMYrXFRK-M7_FRModLytrpffuce4SeWTe1_Ha7TNmEOjbVbI3OYVe8G11H9u_mnrjgj4igYB-HUfGFqD_Dinx1GpUweQqrNoMZmMlR-q8B1WKDLgkba3VJDWNG_Q9agx09khqr4iEDyiyZNqL7ETntCOjCiEVw?authuser=1&fife=s16383","https://mymaps.usercontent.google.com/hostedimage/m/*/3AE5a_Gxnv256xy0xS_B7Xkn-jP-yNlNNDmsdmTDLBJQgcDNlnziy4_L6rfGCdZKNcp_W8RVXXn5rV7T61X0bO9xbSSlEhxPrTgMYrXFRK-M7_FRModLytrpffuce4SeWTe1_Ha7TNmEOjbVbI3OYVe8G11H9u_mnrjgj4igYB-HUfGFqD_Dinx1GpUweQqrNoMZmMlR-q8B1WKDLgkba3VJDWNG_Q9agx09khqr4iEDyiyZNqL7ETntCOjCiEVw?authuser=1&fife=s16383","true","200","image/png","89 50 4E 47","pending_browser_validation","recovered","/assets/images/investment/investment-LY-INV-000068-01.png"
"investment","منتجع الاسرة السعيدة","108","LY-INV-000108","https://mymaps.usercontent.google.com/hostedimage/m/*/3AE5a_GwnlnaW1fgr7J0VyXrYt7Vfdc0svAsWadJPrb4J7UnZnR2e6Ypyn9GVZsMbUogyosxOhfPRCy88lWjb8nKVAGAyvLdQjK-LuH3byklL4S0FpG41zZsyutDO0NY-9DkaQBPIY1JzkQgc7JCW7wsvLKHdbsYRBa6GvWYWDSP3kwbHUyUM8gq-cq9CInx8XzzOSS5gg7ZGygzhrKUvkaB31vPHj430XJfcWHG3VTRWZLtTsKnASW1HfJDXX-o?authuser=1&fife=s16383","https://mymaps.usercontent.google.com/hostedimage/m/*/3AE5a_GwnlnaW1fgr7J0VyXrYt7Vfdc0svAsWadJPrb4J7UnZnR2e6Ypyn9GVZsMbUogyosxOhfPRCy88lWjb8nKVAGAyvLdQjK-LuH3byklL4S0FpG41zZsyutDO0NY-9DkaQBPIY1JzkQgc7JCW7wsvLKHdbsYRBa6GvWYWDSP3kwbHUyUM8gq-cq9CInx8XzzOSS5gg7ZGygzhrKUvkaB31vPHj430XJfcWHG3VTRWZLtTsKnASW1HfJDXX-o?authuser=1&fife=s16383","true","200","image/png","89 50 4E 47","pending_browser_validation","recovered","/assets/images/investment/investment-LY-INV-000108-01.png"
"investment","منتجع سيف للسياحه ولاستثمار","110","LY-INV-000110","https://mymaps.usercontent.google.com/hostedimage/m/*/3AE5a_GzqM29uwZmvnAjj8POTY5FR8IZ7v12LTJ2MlQ9usYWWLUuoUTpQAx1QK1GVshE8bD6OsAkW5iJWvQGvMUB28fDyOq8bWqyJRqlyIZM6eY8RfngmgA6sbklw1xzCzVTvLMwFj-QOOWAC6_gMKzjQQXYuC2VeaZIKeRZgQiH-g2bScfkMyraCxvz2fBnZ80e3CrCeZPeWPGqHUcJudfDW76JwT-m4cP6Y0hhS5Hr0Tq-0kN8nsJ-diQf6MG0?authuser=1&fife=s16383","https://mymaps.usercontent.google.com/hostedimage/m/*/3AE5a_GzqM29uwZmvnAjj8POTY5FR8IZ7v12LTJ2MlQ9usYWWLUuoUTpQAx1QK1GVshE8bD6OsAkW5iJWvQGvMUB28fDyOq8bWqyJRqlyIZM6eY8RfngmgA6sbklw1xzCzVTvLMwFj-QOOWAC6_gMKzjQQXYuC2VeaZIKeRZgQiH-g2bScfkMyraCxvz2fBnZ80e3CrCeZPeWPGqHUcJudfDW76JwT-m4cP6Y0hhS5Hr0Tq-0kN8nsJ-diQf6MG0?authuser=1&fife=s16383","true","200","image/png","89 50 4E 47","pending_browser_validation","recovered","/assets/images/investment/investment-LY-INV-000110-01.png"
"investment","منتجع وفندق ريفان السياحي","111","LY-INV-000111","https://mymaps.usercontent.google.com/hostedimage/m/*/3AE5a_Gylz1A-LoXyDoZeu9oiD0gh9eIDxFRU1Ozv87tbRX2PZlLFfDrYqpFzj9f76L0_Q5MLCbRc8_lI0sRkDXK8hq0jt5rzvfHrMnjZZnf7xTt-GsNhRadiWGK3S5tQs8Eu1dkQEQNmS2VOMLPQr7QJyZ85VTLPZQfhmW6jOtqSvLUPiqEd8OPoTaFUuARkAxT-vZD6XUHWcp0THLpfrgmUtq4JpMucoK0U38Xwna3J_53x2KRHaaLGvylzzdo?authuser=1&fife=s16383","https://mymaps.usercontent.google.com/hostedimage/m/*/3AE5a_Gylz1A-LoXyDoZeu9oiD0gh9eIDxFRU1Ozv87tbRX2PZlLFfDrYqpFzj9f76L0_Q5MLCbRc8_lI0sRkDXK8hq0jt5rzvfHrMnjZZnf7xTt-GsNhRadiWGK3S5tQs8Eu1dkQEQNmS2VOMLPQr7QJyZ85VTLPZQfhmW6jOtqSvLUPiqEd8OPoTaFUuARkAxT-vZD6XUHWcp0THLpfrgmUtq4JpMucoK0U38Xwna3J_53x2KRHaaLGvylzzdo?authuser=1&fife=s16383","true","200","image/png","89 50 4E 47","pending_browser_validation","recovered","/assets/images/investment/investment-LY-INV-000111-01.png"
"investment","قرية سبتيموس السياحية - زوارة","112","LY-INV-000112","https://mymaps.usercontent.google.com/hostedimage/m/*/3AE5a_GxkPc5_gfNprzqCV-xRS3WbiFnMHDgDzPUMbpgdVKHVJL0uufZ_pcvf5yBkMO4TiuX1mGBlNbPUcDM07S-gt33DcSX4mhjPnPO8YJ3pFgMkksIKUNjFGPUDaRT0hJH0z3eYrMH-rMgl9AOMml4MtS26Tf9p7yZbeDSPryUloxUZugGV10FEXDoSzmDTSeyPoTGOn8ey7kj9AlrNhDmbx7wBLekLLov-TeO_yAEHJFMfUn9yP8w_u2i53wA?authuser=1&fife=s16383","https://mymaps.usercontent.google.com/hostedimage/m/*/3AE5a_GxkPc5_gfNprzqCV-xRS3WbiFnMHDgDzPUMbpgdVKHVJL0uufZ_pcvf5yBkMO4TiuX1mGBlNbPUcDM07S-gt33DcSX4mhjPnPO8YJ3pFgMkksIKUNjFGPUDaRT0hJH0z3eYrMH-rMgl9AOMml4MtS26Tf9p7yZbeDSPryUloxUZugGV10FEXDoSzmDTSeyPoTGOn8ey7kj9AlrNhDmbx7wBLekLLov-TeO_yAEHJFMfUn9yP8w_u2i53wA?authuser=1&fife=s16383","true","200","image/png","89 50 4E 47","pending_browser_validation","recovered","/assets/images/investment/investment-LY-INV-000112-01.png"
"investment","قرية سيمو السياحية - زوارة","113","LY-INV-000113","https://mymaps.usercontent.google.com/hostedimage/m/*/3AE5a_GzYO1SBdZul9qkmyi_XS99cfP-U-lP-C4dpM4jOflkAU5C_pg4pKrj5grnbzHXBW1uqnc50P3Q-rgPGinsY1bSSOiPakaSq6qp8Tr_-PMzV3ny3OW0Ea-lbNyhMt2IgcmSExzBZ9Q2pLKrYyd9tknIDLJZKc9qphmmzPyABnbtbwxACRpDMVFEzx_JrdJHz6zvi_CXyArbvlOJbLvfFGqpgIB2kNIa9mfgk9mpKYt-RXWdNlFKvnCyEccs?authuser=1&fife=s16383","https://mymaps.usercontent.google.com/hostedimage/m/*/3AE5a_GzYO1SBdZul9qkmyi_XS99cfP-U-lP-C4dpM4jOflkAU5C_pg4pKrj5grnbzHXBW1uqnc50P3Q-rgPGinsY1bSSOiPakaSq6qp8Tr_-PMzV3ny3OW0Ea-lbNyhMt2IgcmSExzBZ9Q2pLKrYyd9tknIDLJZKc9qphmmzPyABnbtbwxACRpDMVFEzx_JrdJHz6zvi_CXyArbvlOJbLvfFGqpgIB2kNIa9mfgk9mpKYt-RXWdNlFKvnCyEccs?authuser=1&fife=s16383","true","200","image/png","89 50 4E 47","pending_browser_validation","recovered","/assets/images/investment/investment-LY-INV-000113-01.png"
"investment","قرية سيمو السياحية - زوارة","113","LY-INV-000113","https://mymaps.usercontent.google.com/hostedimage/m/*/3AE5a_GxKnWNuQ3cyyZeNI9LLrziZzeSzGP9YeknSKZQ219LuzSsjQ2q8V2NUL3jLm1IbkGDDEDNGMkhDl7jywCqrc4s_YpsSoWpxZXcLPPSK1IyFUrxzmyrb4DYV3YmA7u3x_Mw2GKMB9HOBZi5HhcK_XMsYJi22oOHcCF9fcybJhZYPW1UShsBRhrpbwRYTb7pHGkcIn5WR7HIpjksf9zHCYspxxwooVTIqFXnyxkBlLFQSW0pdTdvrdBzA6Kg?authuser=1&fife=s16383","https://mymaps.usercontent.google.com/hostedimage/m/*/3AE5a_GxKnWNuQ3cyyZeNI9LLrziZzeSzGP9YeknSKZQ219LuzSsjQ2q8V2NUL3jLm1IbkGDDEDNGMkhDl7jywCqrc4s_YpsSoWpxZXcLPPSK1IyFUrxzmyrb4DYV3YmA7u3x_Mw2GKMB9HOBZi5HhcK_XMsYJi22oOHcCF9fcybJhZYPW1UShsBRhrpbwRYTb7pHGkcIn5WR7HIpjksf9zHCYspxxwooVTIqFXnyxkBlLFQSW0pdTdvrdBzA6Kg?authuser=1&fife=s16383","true","200","image/png","89 50 4E 47","pending_browser_validation","recovered","/assets/images/investment/investment-LY-INV-000113-02.png"
"investment","قرية اوديسا السياحية","116","LY-INV-000116","https://mymaps.usercontent.google.com/hostedimage/m/*/3AE5a_Gy7Svmm2KpWZL7iA40weOX_sGivWOcnrWJtu2YQRehtbwKScYq2wn5tutnLe2Q0gnz4647OlbQrRqm_x17GfN5eNkMOd55oHBpX0tRTQiW2koGxmSrnmmF2lmNtGeSTQfCr7-Wv91FFD03LjCxi-Yqu8uCFp_sFzHdlweYDzS46OPo7A3Q2StVAGais5Sx5kv8qzaDTN_FwhUjCYPOWPNGyXXxLZiKLdz37JWlmc82Zf6YXDyOKu13arok?authuser=1&fife=s16383","https://mymaps.usercontent.google.com/hostedimage/m/*/3AE5a_Gy7Svmm2KpWZL7iA40weOX_sGivWOcnrWJtu2YQRehtbwKScYq2wn5tutnLe2Q0gnz4647OlbQrRqm_x17GfN5eNkMOd55oHBpX0tRTQiW2koGxmSrnmmF2lmNtGeSTQfCr7-Wv91FFD03LjCxi-Yqu8uCFp_sFzHdlweYDzS46OPo7A3Q2StVAGais5Sx5kv8qzaDTN_FwhUjCYPOWPNGyXXxLZiKLdz37JWlmc82Zf6YXDyOKu13arok?authuser=1&fife=s16383","true","200","image/png","89 50 4E 47","pending_browser_validation","recovered","/assets/images/investment/investment-LY-INV-000116-01.png"
"investment","Azul house استراحة ازول","117","LY-INV-000117","https://mymaps.usercontent.google.com/hostedimage/m/*/3AE5a_GzweqVL5tp45LqCUIOLIvH2YG8yVRmIRzb-q_fUUB0XDO7WEK-W3v-N-I-v8jxmN4BZBhh3F_i0A4i_OibvgITkmWX3dL8g_Ec3ZgyDxF4YvJHbAqfuXIvgKFfk_dYk61l6wuE-aCE5z_I0IEa5yN3t1ZXkr5A37jMOpL3-vFnATfUNuDo1rdJF5zzyqN8oIFpDoEBIOoQoS8KZBhVgeN1HhFmMrOH28uFnH5Z5JYgu7rqf0fKjWbWLxbs?authuser=1&fife=s16383","https://mymaps.usercontent.google.com/hostedimage/m/*/3AE5a_GzweqVL5tp45LqCUIOLIvH2YG8yVRmIRzb-q_fUUB0XDO7WEK-W3v-N-I-v8jxmN4BZBhh3F_i0A4i_OibvgITkmWX3dL8g_Ec3ZgyDxF4YvJHbAqfuXIvgKFfk_dYk61l6wuE-aCE5z_I0IEa5yN3t1ZXkr5A37jMOpL3-vFnATfUNuDo1rdJF5zzyqN8oIFpDoEBIOoQoS8KZBhVgeN1HhFmMrOH28uFnH5Z5JYgu7rqf0fKjWbWLxbs?authuser=1&fife=s16383","true","200","image/png","89 50 4E 47","pending_browser_validation","recovered","/assets/images/investment/investment-LY-INV-000117-01.png"
"investment","DiVano Resort","118","LY-INV-000118","https://mymaps.usercontent.google.com/hostedimage/m/*/3AE5a_GzbpdFdIN4QpyAmo1BFsg_wpXawN9xVcV4xQNJruvu9u42Ok45-ZtuW6rSfdSIqQO6wr3YCeZTcpUsibbhiuPz2KOjTUhrRnW6ZnVAEB3bBwH8ouNf49ACR3IbpOOPAFQu1q0W_p1yZBePzL6uIPxXZMka7KGD5a7pg6jbplclVnNzuD_xUynu5dzOfLq97NTbBcB_DZ7fmSBeTFbjRbCJHQ8W0sklA_hwxyVsruF3c_70tfiYei3gMFjY?authuser=1&fife=s16383","https://mymaps.usercontent.google.com/hostedimage/m/*/3AE5a_GzbpdFdIN4QpyAmo1BFsg_wpXawN9xVcV4xQNJruvu9u42Ok45-ZtuW6rSfdSIqQO6wr3YCeZTcpUsibbhiuPz2KOjTUhrRnW6ZnVAEB3bBwH8ouNf49ACR3IbpOOPAFQu1q0W_p1yZBePzL6uIPxXZMka7KGD5a7pg6jbplclVnNzuD_xUynu5dzOfLq97NTbBcB_DZ7fmSBeTFbjRbCJHQ8W0sklA_hwxyVsruF3c_70tfiYei3gMFjY?authuser=1&fife=s16383","true","200","image/png","89 50 4E 47","pending_browser_validation","recovered","/assets/images/investment/investment-LY-INV-000118-01.png"
"investment","منتجع لاجون Lagoon Resort","119","LY-INV-000119","https://mymaps.usercontent.google.com/hostedimage/m/*/3AE5a_GyT2nSLk00k21SCZNUYSNxttVwdRFsJXYJJ69-yBAUwtTno8KxafmM7ZstzQZLjC-ZlrSShfhdGkbAdQCU7UY-NSLSl4_3EeI0qTbfE92dN_geFNNbse_5-Fad8yt01hsSOLgcpv9SVKtV8XUO05NgwVpbMYrixNF4j7l5NOOdjS-em4IB9WDx_qyJA48bewpvFgEk-aKsssL_nb3l4kXbx4SijzsOANlO0wwghEmWArbld4tZNw5Tc6Qc?authuser=1&fife=s16383","https://mymaps.usercontent.google.com/hostedimage/m/*/3AE5a_GyT2nSLk00k21SCZNUYSNxttVwdRFsJXYJJ69-yBAUwtTno8KxafmM7ZstzQZLjC-ZlrSShfhdGkbAdQCU7UY-NSLSl4_3EeI0qTbfE92dN_geFNNbse_5-Fad8yt01hsSOLgcpv9SVKtV8XUO05NgwVpbMYrixNF4j7l5NOOdjS-em4IB9WDx_qyJA48bewpvFgEk-aKsssL_nb3l4kXbx4SijzsOANlO0wwghEmWArbld4tZNw5Tc6Qc?authuser=1&fife=s16383","true","200","image/png","89 50 4E 47","pending_browser_validation","recovered","/assets/images/investment/investment-LY-INV-000119-01.png"
"investment","فندق كورنثيا","264","LY-INV-000264","https://mymaps.usercontent.google.com/hostedimage/m/*/3AE5a_GxuwKBpla4k7ITbESGQ2h8gOf9k20n5rK-zZiwKo8m9DP2P6LPeQGXxL80-M_jf1bBfS3FcMzA-vms4zdzUaRVWrEHcTFCxTu71PL-cMzpgJHuceyzC0_MSp6hBVsSdfUZKIbJgsDuLKhKTMWr88F55Q72jVQcjz1AvJv7BCa7cNp3-_jyKfja0aNYnc_8VTHgLu6cpdyoV3D7wE1bQCRYdqT-UnwP-exvgpFAevlO2sJSuNtRg2i7tDOM?authuser=1&fife=s16383","https://mymaps.usercontent.google.com/hostedimage/m/*/3AE5a_GxuwKBpla4k7ITbESGQ2h8gOf9k20n5rK-zZiwKo8m9DP2P6LPeQGXxL80-M_jf1bBfS3FcMzA-vms4zdzUaRVWrEHcTFCxTu71PL-cMzpgJHuceyzC0_MSp6hBVsSdfUZKIbJgsDuLKhKTMWr88F55Q72jVQcjz1AvJv7BCa7cNp3-_jyKfja0aNYnc_8VTHgLu6cpdyoV3D7wE1bQCRYdqT-UnwP-exvgpFAevlO2sJSuNtRg2i7tDOM?authuser=1&fife=s16383","true","200","image/png","89 50 4E 47","pending_browser_validation","recovered","/assets/images/investment/investment-LY-INV-000264-05.png"
"investment","فندق بينثابوليس","265","LY-INV-000265","https://mymaps.usercontent.google.com/hostedimage/m/*/3AE5a_GxKvzT4FtzH4xcmLDxx407-Ht6NFkHP1S1xg30qkO47LBwSJ59R6vjHw2IKrcoh2G5IEw9A_DUEyb89qn0i2R9X52OaucMm1MgicGBKr53Kvby4izzrjYJL6Z0Nfchc8X1LJRzz5dE9PTPynJ2Hd5HicSOn_4BPRugEIi6MK_rdCSfbvqxa6LWGsn6iIjiW6oIXD9EUJzI3TCzPoEKmBABr4i4lrzEziUH9TEpTSrTKVpSNtXp8F1Etp7Y?authuser=1&fife=s16383","https://mymaps.usercontent.google.com/hostedimage/m/*/3AE5a_GxKvzT4FtzH4xcmLDxx407-Ht6NFkHP1S1xg30qkO47LBwSJ59R6vjHw2IKrcoh2G5IEw9A_DUEyb89qn0i2R9X52OaucMm1MgicGBKr53Kvby4izzrjYJL6Z0Nfchc8X1LJRzz5dE9PTPynJ2Hd5HicSOn_4BPRugEIi6MK_rdCSfbvqxa6LWGsn6iIjiW6oIXD9EUJzI3TCzPoEKmBABr4i4lrzEziUH9TEpTSrTKVpSNtXp8F1Etp7Y?authuser=1&fife=s16383","true","200","image/png","89 50 4E 47","pending_browser_validation","recovered","/assets/images/investment/investment-LY-INV-000265-02.png"
"investment","فندق بينثابوليس","265","LY-INV-000265","https://mymaps.usercontent.google.com/hostedimage/m/*/3AE5a_Gx9o7gx_TZm2mGzAWFG_CzpPGby8KGUJ9PUOCr1_6y4E9AVsp-fr-2ahusJGgy_GLbe-oAzSRJB67GjO5X5NdPpfKdWOIIn6sF44sVkBOdpuPR0Yp0-_MTkf4usFphlJlrVbINPJlQkk5XQMHCZExJ2GFm-acHQRdwYmd7aIqrzzP1WdLOmmnWaJ_G81ftW1X-uVNRhlfCVid4Op_riWuDAz-t3YaJQeyzlY-HRXfn3-PVxFcMSkDFEGmE?authuser=1&fife=s16383","https://mymaps.usercontent.google.com/hostedimage/m/*/3AE5a_Gx9o7gx_TZm2mGzAWFG_CzpPGby8KGUJ9PUOCr1_6y4E9AVsp-fr-2ahusJGgy_GLbe-oAzSRJB67GjO5X5NdPpfKdWOIIn6sF44sVkBOdpuPR0Yp0-_MTkf4usFphlJlrVbINPJlQkk5XQMHCZExJ2GFm-acHQRdwYmd7aIqrzzP1WdLOmmnWaJ_G81ftW1X-uVNRhlfCVid4Op_riWuDAz-t3YaJQeyzlY-HRXfn3-PVxFcMSkDFEGmE?authuser=1&fife=s16383","true","200","image/png","89 50 4E 47","pending_browser_validation","recovered","/assets/images/investment/investment-LY-INV-000265-03.png"
"investment","فندق بينثابوليس","265","LY-INV-000265","https://mymaps.usercontent.google.com/hostedimage/m/*/3AE5a_GyYZJwpW5xlIDqhwyWqAeBn6-U8ei-nZ_dAWhdwgIX_88onqsaFmnEcaBHGlfJ2sWS1gShMCOp9KQCZzzr3IwMSk9wuUe_fFcCrX4XOF6qqif7f4PVoHrT1jIeOW1ZvHveBLlbqbeVCu6zqm8VfBjZuwL-luudfTEIEf5C6LWPPWqsbFBYwkS5Sb9rLzz6uyAdatGzgwS_SPpQP6zWfq2YH0kTgHyGOJI4R1eOJbD1ytfclAH_TGSa1xas?authuser=1&fife=s16383","https://mymaps.usercontent.google.com/hostedimage/m/*/3AE5a_GyYZJwpW5xlIDqhwyWqAeBn6-U8ei-nZ_dAWhdwgIX_88onqsaFmnEcaBHGlfJ2sWS1gShMCOp9KQCZzzr3IwMSk9wuUe_fFcCrX4XOF6qqif7f4PVoHrT1jIeOW1ZvHveBLlbqbeVCu6zqm8VfBjZuwL-luudfTEIEf5C6LWPPWqsbFBYwkS5Sb9rLzz6uyAdatGzgwS_SPpQP6zWfq2YH0kTgHyGOJI4R1eOJbD1ytfclAH_TGSa1xas?authuser=1&fife=s16383","true","200","image/png","89 50 4E 47","pending_browser_validation","recovered","/assets/images/investment/investment-LY-INV-000265-04.png"
"investment","فندق جوهرة الواحة","266","LY-INV-000266","https://mymaps.usercontent.google.com/hostedimage/m/*/3AE5a_GxyLrEaM8NW-ZopVhZSfjOtU5jmhziG1DrXv7RykxE9myB52QHru_o_Xb4l_fJQRQuGhDmjvkbKfP9u_55zkuvXA3VS3P1jv4v-HA__obd-dhJ1QNixuJACqyjHAaxq4LX6S9A8R5NG1y1rTob7Z0DklUBOXvqGJAK1FfF5ZBRogRPLkD5m3ZrX6kE5UDe2fZTF7ZZZeE2GJKJWyb9PqJW7tdosax0G1GYbzY2kldYe0bKz0zTkqkdtEls?authuser=1&fife=s16383","https://mymaps.usercontent.google.com/hostedimage/m/*/3AE5a_GxyLrEaM8NW-ZopVhZSfjOtU5jmhziG1DrXv7RykxE9myB52QHru_o_Xb4l_fJQRQuGhDmjvkbKfP9u_55zkuvXA3VS3P1jv4v-HA__obd-dhJ1QNixuJACqyjHAaxq4LX6S9A8R5NG1y1rTob7Z0DklUBOXvqGJAK1FfF5ZBRogRPLkD5m3ZrX6kE5UDe2fZTF7ZZZeE2GJKJWyb9PqJW7tdosax0G1GYbzY2kldYe0bKz0zTkqkdtEls?authuser=1&fife=s16383","true","200","image/png","89 50 4E 47","pending_browser_validation","recovered","/assets/images/investment/investment-LY-INV-000266-01.png"
"investment","فندق جوهرة الواحة","266","LY-INV-000266","https://mymaps.usercontent.google.com/hostedimage/m/*/3AE5a_GyOSlt1dwh5o-lJZJ1vKcOjrYrREO2_aqEH18-m_XAzuQ65SNQ440wje06czHdW35nut0sKTblEnoZxD3hrQaK9X6i-eT5zUdlZpLoXrqU8Cwz80-XRsySStHvtLA8A-LxaIT8-6yG0TmHi2yFMIqbJX9BcD427Jd55rB05ZdsNFRtyERB87hY0y4dnNNr32HsP386jQKFDsTnOk3RXc5vG-GQcZ6_GIrXPKgQz6oUkG1l4fn7ZSON-yTg?authuser=1&fife=s16383","https://mymaps.usercontent.google.com/hostedimage/m/*/3AE5a_GyOSlt1dwh5o-lJZJ1vKcOjrYrREO2_aqEH18-m_XAzuQ65SNQ440wje06czHdW35nut0sKTblEnoZxD3hrQaK9X6i-eT5zUdlZpLoXrqU8Cwz80-XRsySStHvtLA8A-LxaIT8-6yG0TmHi2yFMIqbJX9BcD427Jd55rB05ZdsNFRtyERB87hY0y4dnNNr32HsP386jQKFDsTnOk3RXc5vG-GQcZ6_GIrXPKgQz6oUkG1l4fn7ZSON-yTg?authuser=1&fife=s16383","true","200","image/png","89 50 4E 47","pending_browser_validation","recovered","/assets/images/investment/investment-LY-INV-000266-02.png"
"investment","فندق جوهرة الواحة","266","LY-INV-000266","https://mymaps.usercontent.google.com/hostedimage/m/*/3AE5a_GzS-2t_vS8f9Es-h9NZIEAcCcou6B50ZPXsyt_WP8jjx419wXV7-NXUXK-x_vyV493nJQlE9pWoJhXmJ9B4VxWWC4naPLBVqT5F-6zwAcUhBeTAmQhWkKHed0HDtahGgnwEmUHNc52nZjJbIRrYe-a_PlBIsMIAWmlOvkHWzsThsWAM-6OaVMGPinBBftVp2YiPwXuCL77_86bq4uOA8PMkf7SacwDCWJM8tFUAJTbmC3ohx_zN-JbGJug?authuser=1&fife=s16383","https://mymaps.usercontent.google.com/hostedimage/m/*/3AE5a_GzS-2t_vS8f9Es-h9NZIEAcCcou6B50ZPXsyt_WP8jjx419wXV7-NXUXK-x_vyV493nJQlE9pWoJhXmJ9B4VxWWC4naPLBVqT5F-6zwAcUhBeTAmQhWkKHed0HDtahGgnwEmUHNc52nZjJbIRrYe-a_PlBIsMIAWmlOvkHWzsThsWAM-6OaVMGPinBBftVp2YiPwXuCL77_86bq4uOA8PMkf7SacwDCWJM8tFUAJTbmC3ohx_zN-JbGJug?authuser=1&fife=s16383","true","200","image/png","89 50 4E 47","pending_browser_validation","recovered","/assets/images/investment/investment-LY-INV-000266-03.png"
"investment","فندق جوهرة الواحة","266","LY-INV-000266","https://mymaps.usercontent.google.com/hostedimage/m/*/3AE5a_GypV7JFWwa-06FV6yhG0SSM0uhz6BJRVmm92ZxEuGusnktPJ-7ayrZshSLVb8HVkYwMfn3Vz81qkaWgaodD03XdogAG8XBqBQTfWiyVeckYi12ey-8nJFQVop0v0Opy3QDRtUgARRCV4Qrwfk0jQ3HH3GMlzFAAuW0GT2dV0ttFRpfmSNLDqocBqm3g4IVCoTVqSjhY4mTjm0NsUdIHjfZNiTXH0-cF-jliSZEi0sDJYaH1NX1H1QCpuTc?authuser=1&fife=s16383","https://mymaps.usercontent.google.com/hostedimage/m/*/3AE5a_GypV7JFWwa-06FV6yhG0SSM0uhz6BJRVmm92ZxEuGusnktPJ-7ayrZshSLVb8HVkYwMfn3Vz81qkaWgaodD03XdogAG8XBqBQTfWiyVeckYi12ey-8nJFQVop0v0Opy3QDRtUgARRCV4Qrwfk0jQ3HH3GMlzFAAuW0GT2dV0ttFRpfmSNLDqocBqm3g4IVCoTVqSjhY4mTjm0NsUdIHjfZNiTXH0-cF-jliSZEi0sDJYaH1NX1H1QCpuTc?authuser=1&fife=s16383","true","200","image/png","89 50 4E 47","pending_browser_validation","recovered","/assets/images/investment/investment-LY-INV-000266-04.png"
"investment","فندق تبرس","267","LY-INV-000267","https://mymaps.usercontent.google.com/hostedimage/m/*/3AE5a_GyerYnzJPXs73bYuqQv47BIeSxxFnuL2SpSd5LUcpwwT4wNU19gi_9xLVCvsoDTVMrer0UW1gspzYnMMQwpBOjlGDqZvdRpCszVpVFrgeTFK1f1ztVbaxsIN9nQda9HnCc3hqsuDRQKv6wKMgxGU1cmCdgEgr1dFkzWaO6Pm3LcGB0m8ujv6hy5i8SiJXpOas03fXzGsbkEtMIQMrP0qmlhLHrUWM0d2wjhckj-Es4CBW9aoU-UQGlrsWI?authuser=1&fife=s16383","https://mymaps.usercontent.google.com/hostedimage/m/*/3AE5a_GyerYnzJPXs73bYuqQv47BIeSxxFnuL2SpSd5LUcpwwT4wNU19gi_9xLVCvsoDTVMrer0UW1gspzYnMMQwpBOjlGDqZvdRpCszVpVFrgeTFK1f1ztVbaxsIN9nQda9HnCc3hqsuDRQKv6wKMgxGU1cmCdgEgr1dFkzWaO6Pm3LcGB0m8ujv6hy5i8SiJXpOas03fXzGsbkEtMIQMrP0qmlhLHrUWM0d2wjhckj-Es4CBW9aoU-UQGlrsWI?authuser=1&fife=s16383","true","200","image/png","89 50 4E 47","pending_browser_validation","recovered","/assets/images/investment/investment-LY-INV-000267-01.png"
"investment","فندق لؤلؤة الخليج","270","LY-INV-000270","https://mymaps.usercontent.google.com/hostedimage/m/*/3AE5a_Gx1lgt33HjNqJBVmDWtl5jFtIHVs7WhhOIkhmW3QTdYTaPBpcvEqoUBVC2BwKL2xHFvd74gEKrILeOVvzX5kCjMgm2iWyQdhIKQZpWhahokukFnmdQH5UiwsZD25F0hzQKnX-yAFowUtOD_0ppVdK4rJzQLXJQr_yfr53mBBszbxwQqjS-X6UpnOcbz7iLZs78eEnJ8NJj8L2Doww45jBgmayQ2HespK8H08sWoONAl966BJfyjwHjiAsk?authuser=1&fife=s16383","https://mymaps.usercontent.google.com/hostedimage/m/*/3AE5a_Gx1lgt33HjNqJBVmDWtl5jFtIHVs7WhhOIkhmW3QTdYTaPBpcvEqoUBVC2BwKL2xHFvd74gEKrILeOVvzX5kCjMgm2iWyQdhIKQZpWhahokukFnmdQH5UiwsZD25F0hzQKnX-yAFowUtOD_0ppVdK4rJzQLXJQr_yfr53mBBszbxwQqjS-X6UpnOcbz7iLZs78eEnJ8NJj8L2Doww45jBgmayQ2HespK8H08sWoONAl966BJfyjwHjiAsk?authuser=1&fife=s16383","true","200","image/png","89 50 4E 47","pending_browser_validation","recovered","/assets/images/investment/investment-LY-INV-000270-02.png"
"investment","فندق لؤلؤة الخليج","270","LY-INV-000270","https://mymaps.usercontent.google.com/hostedimage/m/*/3AE5a_GyTrdTXvqMJFq2GYu73483FsxLk5rc1AbFhZQ6AA0mwS6YnFu_XXB196vf7JNpXcfjUYU0lZiuc4NbvjGjIhHHAC0k1I15kZghKnEXI-fPQC6Rj33QyQZotSYTw9bY0tPzSdeTujHYzVoYMJ75FglloRfLb2IMSTGLj_6kH3uAZoHubqqgxdxvNEXRTLGH0LXzuCNk1yuEMqbDdxP46Xbffwa_E1XwKtmKmi7dxB87EbpEognys5HNSR60?authuser=1&fife=s16383","https://mymaps.usercontent.google.com/hostedimage/m/*/3AE5a_GyTrdTXvqMJFq2GYu73483FsxLk5rc1AbFhZQ6AA0mwS6YnFu_XXB196vf7JNpXcfjUYU0lZiuc4NbvjGjIhHHAC0k1I15kZghKnEXI-fPQC6Rj33QyQZotSYTw9bY0tPzSdeTujHYzVoYMJ75FglloRfLb2IMSTGLj_6kH3uAZoHubqqgxdxvNEXRTLGH0LXzuCNk1yuEMqbDdxP46Xbffwa_E1XwKtmKmi7dxB87EbpEognys5HNSR60?authuser=1&fife=s16383","true","200","image/png","89 50 4E 47","pending_browser_validation","recovered","/assets/images/investment/investment-LY-INV-000270-03.png"
"investment","فندق التلال الوسيطة البيضاء","271","LY-INV-000271","https://mymaps.usercontent.google.com/hostedimage/m/*/3AE5a_Gxs7qlG8l5oxymM6GXYxLjxERA7oVWY3PbPcLVwZ9tsOiUibElFHpYKv60tk6q8oM4octDZjLJ2WbcsD1ua8uF11YQrVa3no2eIDHIMk2otTxTjKDx88nNighHjr7n0eUWyycPEsE5ty3U2az4hgzgTdG5pNm9HfpKt0YQrN0BlDeVAPa1fYhRQr-xXR0Ng01aQANITWEr8Y7jAo-rU1p5ZmKT9scV39d2p95unnXEi4VTbeN8Ze5YMmGU?authuser=1&fife=s16383","https://mymaps.usercontent.google.com/hostedimage/m/*/3AE5a_Gxs7qlG8l5oxymM6GXYxLjxERA7oVWY3PbPcLVwZ9tsOiUibElFHpYKv60tk6q8oM4octDZjLJ2WbcsD1ua8uF11YQrVa3no2eIDHIMk2otTxTjKDx88nNighHjr7n0eUWyycPEsE5ty3U2az4hgzgTdG5pNm9HfpKt0YQrN0BlDeVAPa1fYhRQr-xXR0Ng01aQANITWEr8Y7jAo-rU1p5ZmKT9scV39d2p95unnXEi4VTbeN8Ze5YMmGU?authuser=1&fife=s16383","true","200","image/png","89 50 4E 47","pending_browser_validation","recovered","/assets/images/investment/investment-LY-INV-000271-04.png"
"investment","فندق التلال الوسيطة البيضاء","271","LY-INV-000271","https://mymaps.usercontent.google.com/hostedimage/m/*/3AE5a_Gw1FJyMD_n8UTWEy1L4HRk8_zYXtqe-ag9THj0JZEZRA1rtFEzyS4bnhJ-X17IL3j4hy4pUcrjQqMClgmKdFuRkv3e2HIaOdatI5Yrm1LZxIYdM4w-pfUQ_GUIXyxNT37k3hZVYS8chEDZq3y3cP1R1JSnJtGgh1EjHbqry6tZ8rGHWL8ecF7AoITB_KqfLboT5fuMofNpzgygW4U-rimD8tRXVO6697yaEmO9iNz6KSpGSoavC7wyoGnk?authuser=1&fife=s16383","https://mymaps.usercontent.google.com/hostedimage/m/*/3AE5a_Gw1FJyMD_n8UTWEy1L4HRk8_zYXtqe-ag9THj0JZEZRA1rtFEzyS4bnhJ-X17IL3j4hy4pUcrjQqMClgmKdFuRkv3e2HIaOdatI5Yrm1LZxIYdM4w-pfUQ_GUIXyxNT37k3hZVYS8chEDZq3y3cP1R1JSnJtGgh1EjHbqry6tZ8rGHWL8ecF7AoITB_KqfLboT5fuMofNpzgygW4U-rimD8tRXVO6697yaEmO9iNz6KSpGSoavC7wyoGnk?authuser=1&fife=s16383","true","200","image/png","89 50 4E 47","pending_browser_validation","recovered","/assets/images/investment/investment-LY-INV-000271-05.png"
"investment","فندق التلال الوسيطة البيضاء","271","LY-INV-000271","https://mymaps.usercontent.google.com/hostedimage/m/*/3AE5a_GxFXqqB28KvSPK9jmPbUyfOMLYpf6lZJjMcEGpUPdlzAaMzpyG9GzrVxMzUhp66qZ-qcNHxLJegeWUhUi3E-_rsZS1Z10b5GPOsw2RMnb3KtVfXernXNj5PXK2nfUG23T_zRmnDzMM9srDGeY5yG2Z0PlpYOH1MqmhuulAK3ytpqwtjLvraEAsb2wkfKNyosS-2rjJt6uWfrh4Vmsog7nZe27QsnZc64-Sxt9zYukhvHcaiWus9F-MeLz4?authuser=1&fife=s16383","https://mymaps.usercontent.google.com/hostedimage/m/*/3AE5a_GxFXqqB28KvSPK9jmPbUyfOMLYpf6lZJjMcEGpUPdlzAaMzpyG9GzrVxMzUhp66qZ-qcNHxLJegeWUhUi3E-_rsZS1Z10b5GPOsw2RMnb3KtVfXernXNj5PXK2nfUG23T_zRmnDzMM9srDGeY5yG2Z0PlpYOH1MqmhuulAK3ytpqwtjLvraEAsb2wkfKNyosS-2rjJt6uWfrh4Vmsog7nZe27QsnZc64-Sxt9zYukhvHcaiWus9F-MeLz4?authuser=1&fife=s16383","true","200","image/png","89 50 4E 47","pending_browser_validation","recovered","/assets/images/investment/investment-LY-INV-000271-06.png"
"investment","فندق التلال الوسيطة البيضاء","271","LY-INV-000271","https://mymaps.usercontent.google.com/hostedimage/m/*/3AE5a_Gyx5vBDtWscSb-HtaPspVGQBP6lodje8lwxs4xFKD3goI45vP6qx17UkLe8OvAeQAfr3mtAMNm1u8mS54riIhfpakxbcdoV3_0tpXF4PPbaZ4gcmACEy1ioxBPGpqfo6AFODTAFnKgAfLlahvrEXAcPVd1Bco7T7ZosAlYY_gOSkfq8lySj-ZL9Qv3FE_Kubg-JKF3sCaIQNJrO08_AZawHKFUrTpsp1Id79Fh3m7aIPJ2cemxwAMJKT5Q?authuser=1&fife=s16383","https://mymaps.usercontent.google.com/hostedimage/m/*/3AE5a_Gyx5vBDtWscSb-HtaPspVGQBP6lodje8lwxs4xFKD3goI45vP6qx17UkLe8OvAeQAfr3mtAMNm1u8mS54riIhfpakxbcdoV3_0tpXF4PPbaZ4gcmACEy1ioxBPGpqfo6AFODTAFnKgAfLlahvrEXAcPVd1Bco7T7ZosAlYY_gOSkfq8lySj-ZL9Qv3FE_Kubg-JKF3sCaIQNJrO08_AZawHKFUrTpsp1Id79Fh3m7aIPJ2cemxwAMJKT5Q?authuser=1&fife=s16383","true","200","image/png","89 50 4E 47","pending_browser_validation","recovered","/assets/images/investment/investment-LY-INV-000271-07.png"
"investment","العنود للشقق الفندقية","272","LY-INV-000272","https://mymaps.usercontent.google.com/hostedimage/m/*/3AE5a_GypRIzYsFWL_M1IFhBmadeI_e8Pbju-bMFV7s8-SF3gSjQ0oKhKLWGV_1nSrMrmKGj2ARnk6mfpEcgapzaQ6aLoSVWC2aPmCQJgJPJDn05rB4_Lwowwp_9YMt0-d4kgQrFYeaJy0ip9STtbeyNXlFwiPDqtrj_WKLyIC59_mVBPYVdTzeY0r7Es1QHg27YbbF64a3ItSbdXCXMjxoW79q9PoZQh2qHVXRGDrrUepiPHizlhsXGwrEYEEC0?authuser=1&fife=s16383","https://mymaps.usercontent.google.com/hostedimage/m/*/3AE5a_GypRIzYsFWL_M1IFhBmadeI_e8Pbju-bMFV7s8-SF3gSjQ0oKhKLWGV_1nSrMrmKGj2ARnk6mfpEcgapzaQ6aLoSVWC2aPmCQJgJPJDn05rB4_Lwowwp_9YMt0-d4kgQrFYeaJy0ip9STtbeyNXlFwiPDqtrj_WKLyIC59_mVBPYVdTzeY0r7Es1QHg27YbbF64a3ItSbdXCXMjxoW79q9PoZQh2qHVXRGDrrUepiPHizlhsXGwrEYEEC0?authuser=1&fife=s16383","true","200","image/png","89 50 4E 47","pending_browser_validation","recovered","/assets/images/investment/investment-LY-INV-000272-01.png"
"investment","العنود للشقق الفندقية","272","LY-INV-000272","https://mymaps.usercontent.google.com/hostedimage/m/*/3AE5a_GzdNgR1SnzVhjWDjRflWiqshEbIYy0Dr1awTNWiBzGgTQm2j-nRJSHszqLgrD1dFyk5bNmP8MJWtvBhYny8SZ1DKTOOZD073WlinxGVbzsf4koZm85wos-IgmiLy81EA0rdNkl9snsIxQu4vmKBWpAxDA4JzRsjCzd3905Fliml6Q0_h6YrlAtVyi6vvOV76W0zBM6v3ao-Ag4rwGUyG33L5cuJ-GJvPR7o30GhpZqe9IAP8OHHIO4Vi3o?authuser=1&fife=s16383","https://mymaps.usercontent.google.com/hostedimage/m/*/3AE5a_GzdNgR1SnzVhjWDjRflWiqshEbIYy0Dr1awTNWiBzGgTQm2j-nRJSHszqLgrD1dFyk5bNmP8MJWtvBhYny8SZ1DKTOOZD073WlinxGVbzsf4koZm85wos-IgmiLy81EA0rdNkl9snsIxQu4vmKBWpAxDA4JzRsjCzd3905Fliml6Q0_h6YrlAtVyi6vvOV76W0zBM6v3ao-Ag4rwGUyG33L5cuJ-GJvPR7o30GhpZqe9IAP8OHHIO4Vi3o?authuser=1&fife=s16383","true","200","image/png","89 50 4E 47","pending_browser_validation","recovered","/assets/images/investment/investment-LY-INV-000272-02.png"
"investment","العنود للشقق الفندقية","272","LY-INV-000272","https://mymaps.usercontent.google.com/hostedimage/m/*/3AE5a_Gyi6bIA5Ttf2GNQqg62CJD69kNuc_HoQRTOvB3AvM6BZoO_CRY5ql3drXjY3j5f0B_vK7aCqz-EZq2Sy9UwHrJismfJR_2Zhzm193kgMegkDxjzFA-Lo-fbhJIeV_tlCWiqpZce75rAvlLudezelOaPXPYl2JMNbXBAPqe8HddI1x9eEFQjJbH3JptK7oF6pk2Rj8Vc3KojNk9DSw32AmqUy0FDygGc_NhRiGWE8-zsiVE3kH6gUd3PSGo?authuser=1&fife=s16383","https://mymaps.usercontent.google.com/hostedimage/m/*/3AE5a_Gyi6bIA5Ttf2GNQqg62CJD69kNuc_HoQRTOvB3AvM6BZoO_CRY5ql3drXjY3j5f0B_vK7aCqz-EZq2Sy9UwHrJismfJR_2Zhzm193kgMegkDxjzFA-Lo-fbhJIeV_tlCWiqpZce75rAvlLudezelOaPXPYl2JMNbXBAPqe8HddI1x9eEFQjJbH3JptK7oF6pk2Rj8Vc3KojNk9DSw32AmqUy0FDygGc_NhRiGWE8-zsiVE3kH6gUd3PSGo?authuser=1&fife=s16383","true","200","image/png","89 50 4E 47","pending_browser_validation","recovered","/assets/images/investment/investment-LY-INV-000272-03.png"
"investment","العنود للشقق الفندقية","272","LY-INV-000272","https://mymaps.usercontent.google.com/hostedimage/m/*/3AE5a_GyDBwkvPhLfuCiiLnCwP6UbBs4MjhR_sEBb9PUUlm3D8dAwM2XB3ZXcCXMxlcfwZC1UNx-3hbJGYbW3U3L5kek4YQzFniQunwFiy0obgb1YLky2WjSfuc6m8wzWFOccGjIthTnSt56MhoG1J8zrewv8KDVXXVSO5zYF4lKT9lokeD6aY_y6XyGAh35sCTWYI4Nw5WUtMswhnPLdGz9Ygjcg73qJrcMWXr6HCaSYBhyIAHCHELpKy_L8ioE?authuser=1&fife=s16383","https://mymaps.usercontent.google.com/hostedimage/m/*/3AE5a_GyDBwkvPhLfuCiiLnCwP6UbBs4MjhR_sEBb9PUUlm3D8dAwM2XB3ZXcCXMxlcfwZC1UNx-3hbJGYbW3U3L5kek4YQzFniQunwFiy0obgb1YLky2WjSfuc6m8wzWFOccGjIthTnSt56MhoG1J8zrewv8KDVXXVSO5zYF4lKT9lokeD6aY_y6XyGAh35sCTWYI4Nw5WUtMswhnPLdGz9Ygjcg73qJrcMWXr6HCaSYBhyIAHCHELpKy_L8ioE?authuser=1&fife=s16383","true","200","image/png","89 50 4E 47","pending_browser_validation","recovered","/assets/images/investment/investment-LY-INV-000272-04.png"
"investment","فندق الثريا","273","LY-INV-000273","https://mymaps.usercontent.google.com/hostedimage/m/*/3AE5a_Gwde48yA6PbTZ7W1KuXZtOUAh-aGj-M-WlN23b8nEFB_5RIS6-9tpxe2kiZ9ozQeDniQCkLbsHi50tXhsrx_6dsFtKO-wNTyBt-9G2i69-xLBFSeNv3Kv9-1u5fZ73HBmIJZ95q8AeCY_GSS8jOMSR8i9ydD6s4bTNncDnb3ZH5rrkw1B6Me77jKcMBFj2v8XnJsXK6WisDWgs-mEhl_3nMyiF-Ccob3fVejRb2Bei-HWR__7KG9txzakY?authuser=1&fife=s16383","https://mymaps.usercontent.google.com/hostedimage/m/*/3AE5a_Gwde48yA6PbTZ7W1KuXZtOUAh-aGj-M-WlN23b8nEFB_5RIS6-9tpxe2kiZ9ozQeDniQCkLbsHi50tXhsrx_6dsFtKO-wNTyBt-9G2i69-xLBFSeNv3Kv9-1u5fZ73HBmIJZ95q8AeCY_GSS8jOMSR8i9ydD6s4bTNncDnb3ZH5rrkw1B6Me77jKcMBFj2v8XnJsXK6WisDWgs-mEhl_3nMyiF-Ccob3fVejRb2Bei-HWR__7KG9txzakY?authuser=1&fife=s16383","true","200","image/png","89 50 4E 47","pending_browser_validation","recovered","/assets/images/investment/investment-LY-INV-000273-01.png"
"investment","فندق الثريا","273","LY-INV-000273","https://mymaps.usercontent.google.com/hostedimage/m/*/3AE5a_GwHzrzBRrCFm5deQD1bZkuWiWZV6fWHjADBE8mHEFkvgQw228YwX-OC0zViln5j83FwkPCVzkmH4D5K7aPdKmkz8ymSk0oZexmE2_u6iKNMuHl906cnMm7Y7UGNT4n9j5Jyn889B3NMSpWnCYFnc-Xn3R4i7nj5bXfcGR1E5BLuQsC6zAO2xU7ooR5WbzCeNYSJ_N28baa82X1Bmd9V8x2nKl9PxcOGS-nzbEbO30PNTV4ReyBe-_1-KUs?authuser=1&fife=s16383","https://mymaps.usercontent.google.com/hostedimage/m/*/3AE5a_GwHzrzBRrCFm5deQD1bZkuWiWZV6fWHjADBE8mHEFkvgQw228YwX-OC0zViln5j83FwkPCVzkmH4D5K7aPdKmkz8ymSk0oZexmE2_u6iKNMuHl906cnMm7Y7UGNT4n9j5Jyn889B3NMSpWnCYFnc-Xn3R4i7nj5bXfcGR1E5BLuQsC6zAO2xU7ooR5WbzCeNYSJ_N28baa82X1Bmd9V8x2nKl9PxcOGS-nzbEbO30PNTV4ReyBe-_1-KUs?authuser=1&fife=s16383","true","200","image/png","89 50 4E 47","pending_browser_validation","recovered","/assets/images/investment/investment-LY-INV-000273-02.png"
"investment","فندق الثريا","273","LY-INV-000273","https://mymaps.usercontent.google.com/hostedimage/m/*/3AE5a_Gzm-Cbs7fDNkllrLr_rlua3-ULVm8aPjBVskZg-b0NZydIUt6bTGocOPb_JVjLas-Lw5y1OLn5YJ_Uavv-mEcQAm8YMZH6jUqICyZiVtWCSlCadSCr9XY9bm6_rl-ZX2FOEBUB6H_7nzNWfq5pCvpikONS2xJvnHOqLbZGwhpTaY8xB1jtdNNozlXlpuxWphKTRoJbe4HLj-sJpbWAyAfkZmVTkwxOMfGTjr_UAZjEvHQ9xGLNgQPoy8U4?authuser=1&fife=s16383","https://mymaps.usercontent.google.com/hostedimage/m/*/3AE5a_Gzm-Cbs7fDNkllrLr_rlua3-ULVm8aPjBVskZg-b0NZydIUt6bTGocOPb_JVjLas-Lw5y1OLn5YJ_Uavv-mEcQAm8YMZH6jUqICyZiVtWCSlCadSCr9XY9bm6_rl-ZX2FOEBUB6H_7nzNWfq5pCvpikONS2xJvnHOqLbZGwhpTaY8xB1jtdNNozlXlpuxWphKTRoJbe4HLj-sJpbWAyAfkZmVTkwxOMfGTjr_UAZjEvHQ9xGLNgQPoy8U4?authuser=1&fife=s16383","true","200","image/png","89 50 4E 47","pending_browser_validation","recovered","/assets/images/investment/investment-LY-INV-000273-03.png"
"investment","فندق الثريا","273","LY-INV-000273","https://mymaps.usercontent.google.com/hostedimage/m/*/3AE5a_GwiFG_BpYpo6UHnu2KV3gdQ1NrvwlhmLHKmGgsefKt7lYylIqDyNDnM_zVnYHSAhvrQhxgTnoFgsPIOtJRZrqkFVqCdE_PEavdgUZmU67qOgPlTlnEvg6ODBYNpD9PuswHsOFlkO2RiUvDGGQ8N4RHpOSlu2D7gDoiMlPG2CJQuT8KRLVfjujj8vNLsxqqDLCxiuX_8UOA54o0Xi1KlgqZM0utfsedJwV_I3s5TbIylCXouizvsSlhZiMA?authuser=1&fife=s16383","https://mymaps.usercontent.google.com/hostedimage/m/*/3AE5a_GwiFG_BpYpo6UHnu2KV3gdQ1NrvwlhmLHKmGgsefKt7lYylIqDyNDnM_zVnYHSAhvrQhxgTnoFgsPIOtJRZrqkFVqCdE_PEavdgUZmU67qOgPlTlnEvg6ODBYNpD9PuswHsOFlkO2RiUvDGGQ8N4RHpOSlu2D7gDoiMlPG2CJQuT8KRLVfjujj8vNLsxqqDLCxiuX_8UOA54o0Xi1KlgqZM0utfsedJwV_I3s5TbIylCXouizvsSlhZiMA?authuser=1&fife=s16383","true","200","image/png","89 50 4E 47","pending_browser_validation","recovered","/assets/images/investment/investment-LY-INV-000273-04.png"
"investment","فندق الثريا","273","LY-INV-000273","https://mymaps.usercontent.google.com/hostedimage/m/*/3AE5a_Gz6orKTtY7zG1B800kNluHi3xnFtV23T3iji7W3Ld0-yLCetIfpp8x3ntdZisKn00SX5hKmq_hIRCeRuItAkMunIwQQSaaZ4HJN7VGhZ5Dg2UtTjSWYZJEGLKmyRqDGZQtLZm2sHezktZs03E1DtqqkyQwcBWfdk3GFKhAyp2JVyfR1hd6BCyI1dZCfoPr_kGfDl_XbvkHjLw6-S0aILkxPFPGkL_0VXHs7R4QIZzUoRtYpFuU3-L1e2C4?authuser=1&fife=s16383","https://mymaps.usercontent.google.com/hostedimage/m/*/3AE5a_Gz6orKTtY7zG1B800kNluHi3xnFtV23T3iji7W3Ld0-yLCetIfpp8x3ntdZisKn00SX5hKmq_hIRCeRuItAkMunIwQQSaaZ4HJN7VGhZ5Dg2UtTjSWYZJEGLKmyRqDGZQtLZm2sHezktZs03E1DtqqkyQwcBWfdk3GFKhAyp2JVyfR1hd6BCyI1dZCfoPr_kGfDl_XbvkHjLw6-S0aILkxPFPGkL_0VXHs7R4QIZzUoRtYpFuU3-L1e2C4?authuser=1&fife=s16383","true","200","image/png","89 50 4E 47","pending_browser_validation","recovered","/assets/images/investment/investment-LY-INV-000273-05.png"
"investment","فندق برقة","275","LY-INV-000275","https://mymaps.usercontent.google.com/hostedimage/m/*/3AE5a_GxQJZyVo71RLfsfRzpHjPfAKxop1mxfXjEpHIXoVbUYXNm8MApPS-gvVbZrJg54yTpH9tKSehYXVrnzAq48yjUXuyh8Oq5DwrYuhjWyLgMUlMf2tBFdrx7AO1vVzNY7KSKE8M7ZgE1bVamifocKgkQAGKSpxPuCict_az0k2qvKyanbRTIhfLYOfCt9zVZm6zLLGPGrRjqnU-TBMRzeegs7zlamQcohgEc82C13M-N9GZXu9FVAX_qPH1k?authuser=1&fife=s16383","https://mymaps.usercontent.google.com/hostedimage/m/*/3AE5a_GxQJZyVo71RLfsfRzpHjPfAKxop1mxfXjEpHIXoVbUYXNm8MApPS-gvVbZrJg54yTpH9tKSehYXVrnzAq48yjUXuyh8Oq5DwrYuhjWyLgMUlMf2tBFdrx7AO1vVzNY7KSKE8M7ZgE1bVamifocKgkQAGKSpxPuCict_az0k2qvKyanbRTIhfLYOfCt9zVZm6zLLGPGrRjqnU-TBMRzeegs7zlamQcohgEc82C13M-N9GZXu9FVAX_qPH1k?authuser=1&fife=s16383","true","200","image/png","89 50 4E 47","pending_browser_validation","recovered","/assets/images/investment/investment-LY-INV-000275-01.png"
"investment","فندق الطاووس","281","LY-INV-000281","https://mymaps.usercontent.google.com/hostedimage/m/*/3AE5a_Gw2etOAGawsfh87RPpVpprbduHGyoTTMQ15QJj1NPRh5PcXREyohj4pEUOvxA3skep-sGfShd8E7LBBhSynZ3Yxk8ShgcksOPCtpLceL9jBJoi5IzbVH9a_OZLSupXxWAkvWFtXIuqEod7XlOpFkqfiX_GJ_hlzn-675Ea0-Dm0aRbKbeahnmP4Die05KKcVuCmTU_0VzCWXPPXaKc3IRAilhKSsVEBq3FgDD9_EwIIFfOKygkTznxDYA4?authuser=1&fife=s16383","https://mymaps.usercontent.google.com/hostedimage/m/*/3AE5a_Gw2etOAGawsfh87RPpVpprbduHGyoTTMQ15QJj1NPRh5PcXREyohj4pEUOvxA3skep-sGfShd8E7LBBhSynZ3Yxk8ShgcksOPCtpLceL9jBJoi5IzbVH9a_OZLSupXxWAkvWFtXIuqEod7XlOpFkqfiX_GJ_hlzn-675Ea0-Dm0aRbKbeahnmP4Die05KKcVuCmTU_0VzCWXPPXaKc3IRAilhKSsVEBq3FgDD9_EwIIFfOKygkTznxDYA4?authuser=1&fife=s16383","true","200","image/png","89 50 4E 47","pending_browser_validation","recovered","/assets/images/investment/investment-LY-INV-000281-01.png"
"investment","فندق الطاووس","281","LY-INV-000281","https://mymaps.usercontent.google.com/hostedimage/m/*/3AE5a_GzeNDVkI44jvC0EG-uDfKykVs9hr8lSYsWawJaBzSCaCIrBeyePJCLT_k8lOktOF-jqz0hR393rhMT7Y5xkg7jdIAf1R08EJStRXanvPBxhGiRiqZByNMAsgPr19obz8X85fwQkTpXlPKDY7xJgGAZKPOsa7A9ExQNPt8QWBWIrmelb4xE9kaHzRhLs7HKrQdr2wAFvstK_NymZlu0AjcTk8zfnj7Jbaj9cQ0NMifeYeN5CgqjZj8DQk58?authuser=1&fife=s16383","https://mymaps.usercontent.google.com/hostedimage/m/*/3AE5a_GzeNDVkI44jvC0EG-uDfKykVs9hr8lSYsWawJaBzSCaCIrBeyePJCLT_k8lOktOF-jqz0hR393rhMT7Y5xkg7jdIAf1R08EJStRXanvPBxhGiRiqZByNMAsgPr19obz8X85fwQkTpXlPKDY7xJgGAZKPOsa7A9ExQNPt8QWBWIrmelb4xE9kaHzRhLs7HKrQdr2wAFvstK_NymZlu0AjcTk8zfnj7Jbaj9cQ0NMifeYeN5CgqjZj8DQk58?authuser=1&fife=s16383","true","200","image/png","89 50 4E 47","pending_browser_validation","recovered","/assets/images/investment/investment-LY-INV-000281-02.png"
"investment","فندق الطاووس","281","LY-INV-000281","https://mymaps.usercontent.google.com/hostedimage/m/*/3AE5a_Gzz7cc7dJhfx0gDs2rZXdL_XzRqhlER7iEpn9Xb1HIkO7w9n7HyBD0bDA2gX3AyFj70qDyvKCRrMvBBpLRNexBD__pk_UPk45sDEJkkAQuo1dKEPCA7iKScsbnqoJrffstWAL-Z2BVIXlui2LxaBFl1bai_B1xN_ne8Sp2_DneojdBLPC58sYNky06jsp7nQAvFFy4u67olKqClxXV9JcXoWH7nL4SGi5mHrxHGrIGNiZR09fnvPmCMrH4?authuser=1&fife=s16383","https://mymaps.usercontent.google.com/hostedimage/m/*/3AE5a_Gzz7cc7dJhfx0gDs2rZXdL_XzRqhlER7iEpn9Xb1HIkO7w9n7HyBD0bDA2gX3AyFj70qDyvKCRrMvBBpLRNexBD__pk_UPk45sDEJkkAQuo1dKEPCA7iKScsbnqoJrffstWAL-Z2BVIXlui2LxaBFl1bai_B1xN_ne8Sp2_DneojdBLPC58sYNky06jsp7nQAvFFy4u67olKqClxXV9JcXoWH7nL4SGi5mHrxHGrIGNiZR09fnvPmCMrH4?authuser=1&fife=s16383","true","200","image/png","89 50 4E 47","pending_browser_validation","recovered","/assets/images/investment/investment-LY-INV-000281-03.png"
"investment","فندق الطاووس","281","LY-INV-000281","https://mymaps.usercontent.google.com/hostedimage/m/*/3AE5a_GwIrTJ-HIbG_z6GFhNcvthVMbWnQzB8Vw_aRko-MMONZJDMIyQvZOIZ1eoEvtQtDeerKHunAz7FD_0gYszDCCemHWM6s7Z6RlLQh5jpJL19NIFBqKkIRXpXkz4QsJtwXmSABhu3Zde5Ss2rwj7rGQWz-zGqkEjsCrTPfrQPS8beJFn0xf1dvJICIAqf-vk57cdYSMsuumkMiiZuyaU86k-1Eg_mXqfILbju9TifuwprXVmKC4o2LjJ6oXs?authuser=1&fife=s16383","https://mymaps.usercontent.google.com/hostedimage/m/*/3AE5a_GwIrTJ-HIbG_z6GFhNcvthVMbWnQzB8Vw_aRko-MMONZJDMIyQvZOIZ1eoEvtQtDeerKHunAz7FD_0gYszDCCemHWM6s7Z6RlLQh5jpJL19NIFBqKkIRXpXkz4QsJtwXmSABhu3Zde5Ss2rwj7rGQWz-zGqkEjsCrTPfrQPS8beJFn0xf1dvJICIAqf-vk57cdYSMsuumkMiiZuyaU86k-1Eg_mXqfILbju9TifuwprXVmKC4o2LjJ6oXs?authuser=1&fife=s16383","true","200","image/png","89 50 4E 47","pending_browser_validation","recovered","/assets/images/investment/investment-LY-INV-000281-04.png"
"investment","فندق المهاري","282","LY-INV-000282","https://mymaps.usercontent.google.com/hostedimage/m/*/3AE5a_Gx5b1gzA6Hprv5Iaq4UC1qYYphDRImgL3DDw6U8AQhT6Cfiiox7j1JaNBRFEz97gr0BdatcPOrH68Kuv_aHAFvTPDV5cNU3YYNww1epbf-iwBbh9Avij9Bo8f1_mxCr_XNif0pl019crehOdeiEx-Bw4slVIHk04hlWda5gD3eoQBSIKQmCq_vAp4aKqtcvWMuBRSYM9kdj7umJT3KtKv3-mcv4kVGygI3GTTDOco2JhDHm5-SxoQXUPUo?authuser=1&fife=s16383","https://mymaps.usercontent.google.com/hostedimage/m/*/3AE5a_Gx5b1gzA6Hprv5Iaq4UC1qYYphDRImgL3DDw6U8AQhT6Cfiiox7j1JaNBRFEz97gr0BdatcPOrH68Kuv_aHAFvTPDV5cNU3YYNww1epbf-iwBbh9Avij9Bo8f1_mxCr_XNif0pl019crehOdeiEx-Bw4slVIHk04hlWda5gD3eoQBSIKQmCq_vAp4aKqtcvWMuBRSYM9kdj7umJT3KtKv3-mcv4kVGygI3GTTDOco2JhDHm5-SxoQXUPUo?authuser=1&fife=s16383","true","200","image/png","89 50 4E 47","pending_browser_validation","recovered","/assets/images/investment/investment-LY-INV-000282-02.png"
"investment","فندق المهاري","282","LY-INV-000282","https://mymaps.usercontent.google.com/hostedimage/m/*/3AE5a_GziD91EMC_4k0MqN8kVVTYwegxMtKKikGa4TaBPiLvhnOXuMvC3nvklZW7M9c7eymWRotfEhN9yOPHpfIlae2h5DjJF6i2djesQ0gSQuy6jroWOsDvER3TQmTPZd2yiDecYnUstWej7l9XqWNEtezCOQ03ri4gsYfJHs7d6WzBugKHlP5qr8tx2ds7rAzNZsP4zdOGgWukNTOYw2cBZvojruDNLxQr2ZL6MIuslHRP2sc8OtRpHzBKRCL0?authuser=1&fife=s16383","https://mymaps.usercontent.google.com/hostedimage/m/*/3AE5a_GziD91EMC_4k0MqN8kVVTYwegxMtKKikGa4TaBPiLvhnOXuMvC3nvklZW7M9c7eymWRotfEhN9yOPHpfIlae2h5DjJF6i2djesQ0gSQuy6jroWOsDvER3TQmTPZd2yiDecYnUstWej7l9XqWNEtezCOQ03ri4gsYfJHs7d6WzBugKHlP5qr8tx2ds7rAzNZsP4zdOGgWukNTOYw2cBZvojruDNLxQr2ZL6MIuslHRP2sc8OtRpHzBKRCL0?authuser=1&fife=s16383","true","200","image/png","89 50 4E 47","pending_browser_validation","recovered","/assets/images/investment/investment-LY-INV-000282-03.png"
"investment","فندق المهاري","282","LY-INV-000282","https://mymaps.usercontent.google.com/hostedimage/m/*/3AE5a_GxgHfEFfaPM27NHzY_JsC7ym0s2GnLiDHcFnXaU4vkZ63l-fmdi0anIKFCFA-rpibEofAbdMHrobD_XMQTlCkzhD4v6zutwEZy1HeKW9CIPd2I60Yv7CKT2fRlK4KNfvzP2G27SqXgf_hXSWkxbwMuyGJVV7nGuk58kZ7KHwiBQprx7RDNKR8x8dKj090qhfZ3T5UBOO-QIc7QsObD4cJEu5WATbdfszf06pJGae4g5pfQzlbp7eUWkTFI?authuser=1&fife=s16383","https://mymaps.usercontent.google.com/hostedimage/m/*/3AE5a_GxgHfEFfaPM27NHzY_JsC7ym0s2GnLiDHcFnXaU4vkZ63l-fmdi0anIKFCFA-rpibEofAbdMHrobD_XMQTlCkzhD4v6zutwEZy1HeKW9CIPd2I60Yv7CKT2fRlK4KNfvzP2G27SqXgf_hXSWkxbwMuyGJVV7nGuk58kZ7KHwiBQprx7RDNKR8x8dKj090qhfZ3T5UBOO-QIc7QsObD4cJEu5WATbdfszf06pJGae4g5pfQzlbp7eUWkTFI?authuser=1&fife=s16383","true","200","image/png","89 50 4E 47","pending_browser_validation","recovered","/assets/images/investment/investment-LY-INV-000282-04.png"
"investment","فندق المهاري","282","LY-INV-000282","https://mymaps.usercontent.google.com/hostedimage/m/*/3AE5a_GzazfZsIlju6WhNNtx91W_LGlS3e6SJIxGKpwgbfq0FyRO_UpQK2QS9VmYyTMPEDbC802reeFDQl89Z9hBX-3gYLninPdpWWhJ8EEcMXIk22WFC-vV3C_hxmZLPbyHRce5jUA3UbHQ2qWpX2akj88uN_SJDitYf-lYPcI3cMzVu90Z-xhbJ7KocBDVAYBNHKx0YkyHzXFauDB1EZxoEgY5M1IHBNrSjp6h1XYrVy5kMXCtUkZmPW0j8d-M?authuser=1&fife=s16383","https://mymaps.usercontent.google.com/hostedimage/m/*/3AE5a_GzazfZsIlju6WhNNtx91W_LGlS3e6SJIxGKpwgbfq0FyRO_UpQK2QS9VmYyTMPEDbC802reeFDQl89Z9hBX-3gYLninPdpWWhJ8EEcMXIk22WFC-vV3C_hxmZLPbyHRce5jUA3UbHQ2qWpX2akj88uN_SJDitYf-lYPcI3cMzVu90Z-xhbJ7KocBDVAYBNHKx0YkyHzXFauDB1EZxoEgY5M1IHBNrSjp6h1XYrVy5kMXCtUkZmPW0j8d-M?authuser=1&fife=s16383","true","200","image/png","89 50 4E 47","pending_browser_validation","recovered","/assets/images/investment/investment-LY-INV-000282-05.png"
"investment","فندق الودان","283","LY-INV-000283","https://mymaps.usercontent.google.com/hostedimage/m/*/3AE5a_GxXhIzw3DzCe5ip-FaJ3tx5-hXTjR9aQJthmCG92DXQQzpH58hXoTB1BkFkwPDEK-vSQ-RNgMB9lSH1xkrUztGUK9BwT0JTf3ZNYwYf0slGCeMMvdLLLSnLGGP2UZU4scfkmPDUnlWl2PT9hwbg3DtzjNZoMzHAUBleuw56rLoh7xvy0ANkwttQ4rVAZ1U7Owc83rrotw2ziMH3QIgWMCgaIHUzEpruqumX4XhEFrJ33A93mmkkMP8CL6I?authuser=1&fife=s16383","https://mymaps.usercontent.google.com/hostedimage/m/*/3AE5a_GxXhIzw3DzCe5ip-FaJ3tx5-hXTjR9aQJthmCG92DXQQzpH58hXoTB1BkFkwPDEK-vSQ-RNgMB9lSH1xkrUztGUK9BwT0JTf3ZNYwYf0slGCeMMvdLLLSnLGGP2UZU4scfkmPDUnlWl2PT9hwbg3DtzjNZoMzHAUBleuw56rLoh7xvy0ANkwttQ4rVAZ1U7Owc83rrotw2ziMH3QIgWMCgaIHUzEpruqumX4XhEFrJ33A93mmkkMP8CL6I?authuser=1&fife=s16383","true","200","image/png","89 50 4E 47","pending_browser_validation","recovered","/assets/images/investment/investment-LY-INV-000283-01.png"
"investment","فندق الودان","283","LY-INV-000283","https://mymaps.usercontent.google.com/hostedimage/m/*/3AE5a_GwY58gaWXR4Va_8kLsEr_Q2dQa3N2VZxQOdZwNQcwbpmzw_oxykP6iznSCcUVml0fjsLZBvn7TzK1HN_Ji9eT9Snu8O4OrbRzj1KVLi-mLWyC6-FWSukuzHTCs7FS67bX0OEfFowmgWO0fHMDXZrWD8kN2o_zi1vtm5Ap9yS0oW3ZIooe9bydrr17bjVkxr4Hh2TAvdyUxa1W_KOG9lNCXaBHzod3quhsPYNU8f9wyDtgD_FLvc41QT3HU?authuser=1&fife=s16383","https://mymaps.usercontent.google.com/hostedimage/m/*/3AE5a_GwY58gaWXR4Va_8kLsEr_Q2dQa3N2VZxQOdZwNQcwbpmzw_oxykP6iznSCcUVml0fjsLZBvn7TzK1HN_Ji9eT9Snu8O4OrbRzj1KVLi-mLWyC6-FWSukuzHTCs7FS67bX0OEfFowmgWO0fHMDXZrWD8kN2o_zi1vtm5Ap9yS0oW3ZIooe9bydrr17bjVkxr4Hh2TAvdyUxa1W_KOG9lNCXaBHzod3quhsPYNU8f9wyDtgD_FLvc41QT3HU?authuser=1&fife=s16383","true","200","image/png","89 50 4E 47","pending_browser_validation","recovered","/assets/images/investment/investment-LY-INV-000283-02.png"
"investment","فندق الودان","283","LY-INV-000283","https://mymaps.usercontent.google.com/hostedimage/m/*/3AE5a_GxPtSGcLqJT5jzEAQotZlCMBiPtV9CMOj6gL07wikIzuMEh5DLSugPfwaQtwvYfZ9rOAeTdXR60knNz8y63z54R9TPEf8mWkArpi-0KkhSK6EZ-Ti7o_JfBtZPB2OlQq3M2pu_hTSZvpMv5ILpzVGI-ygs7AbZ5FABz0vg1QVdlVB2b5dY52iMDmBuwhNnEG-GuB3EiOeFiMTEWJ4zTgAvwdnJ4qm5F-zrxJIwWy9uLExVc8a7QSwjcMzM?authuser=1&fife=s16383","https://mymaps.usercontent.google.com/hostedimage/m/*/3AE5a_GxPtSGcLqJT5jzEAQotZlCMBiPtV9CMOj6gL07wikIzuMEh5DLSugPfwaQtwvYfZ9rOAeTdXR60knNz8y63z54R9TPEf8mWkArpi-0KkhSK6EZ-Ti7o_JfBtZPB2OlQq3M2pu_hTSZvpMv5ILpzVGI-ygs7AbZ5FABz0vg1QVdlVB2b5dY52iMDmBuwhNnEG-GuB3EiOeFiMTEWJ4zTgAvwdnJ4qm5F-zrxJIwWy9uLExVc8a7QSwjcMzM?authuser=1&fife=s16383","true","200","image/png","89 50 4E 47","pending_browser_validation","recovered","/assets/images/investment/investment-LY-INV-000283-03.png"
"investment","فندق الودان","283","LY-INV-000283","https://mymaps.usercontent.google.com/hostedimage/m/*/3AE5a_GyjPd0NFVFzpn38ZwH0-FZ5AWu4uwjz7efmH9_drEf7hrK8ONcdOok_kud4sXu2qeAW_eefsr9yYD4bRHhxydJCAMwrXyEvO2KY8d3DL8eUZxIq-Gzsj-fbu3_2nwhWtWa_yveIVyuDKdDo7Nc1otpn5jDyWSpNr54sAoYegZmqe9VEB9k2SzbyTkKTX7oonsfNc7O1BVNfplJWv5v5b18ApROT7fYWW4V4tOUq1D4gwtqRPNUBKTMBDWo?authuser=1&fife=s16383","https://mymaps.usercontent.google.com/hostedimage/m/*/3AE5a_GyjPd0NFVFzpn38ZwH0-FZ5AWu4uwjz7efmH9_drEf7hrK8ONcdOok_kud4sXu2qeAW_eefsr9yYD4bRHhxydJCAMwrXyEvO2KY8d3DL8eUZxIq-Gzsj-fbu3_2nwhWtWa_yveIVyuDKdDo7Nc1otpn5jDyWSpNr54sAoYegZmqe9VEB9k2SzbyTkKTX7oonsfNc7O1BVNfplJWv5v5b18ApROT7fYWW4V4tOUq1D4gwtqRPNUBKTMBDWo?authuser=1&fife=s16383","true","200","image/png","89 50 4E 47","pending_browser_validation","recovered","/assets/images/investment/investment-LY-INV-000283-04.png"
"investment","فندق الودان","283","LY-INV-000283","https://mymaps.usercontent.google.com/hostedimage/m/*/3AE5a_GzodzdvkGzzGzbnrkrZnM7oqCUrJyIemXVZvmrnU97k1QquP0D_7-qfspjgrXh8v8bdlztSufDYAt1wzS93qvYsWXagJNhxVP_kPGajq9JrfqnEG4bEG6Bhd9wSJojzyRfK6CmqQMSKOxpb4me2neql40JjNxlniXk8uWfj8Nv3peI8zBS2VQ1QoDTsURA6_mRf1s-ecUBIShw6oFmS-QXuEHovSK9t3tt23nFuMqrVrVOQhwjpcI0HugU?authuser=1&fife=s16383","https://mymaps.usercontent.google.com/hostedimage/m/*/3AE5a_GzodzdvkGzzGzbnrkrZnM7oqCUrJyIemXVZvmrnU97k1QquP0D_7-qfspjgrXh8v8bdlztSufDYAt1wzS93qvYsWXagJNhxVP_kPGajq9JrfqnEG4bEG6Bhd9wSJojzyRfK6CmqQMSKOxpb4me2neql40JjNxlniXk8uWfj8Nv3peI8zBS2VQ1QoDTsURA6_mRf1s-ecUBIShw6oFmS-QXuEHovSK9t3tt23nFuMqrVrVOQhwjpcI0HugU?authuser=1&fife=s16383","true","200","image/png","89 50 4E 47","pending_browser_validation","recovered","/assets/images/investment/investment-LY-INV-000283-05.png"
"investment","فندق بلازما","284","LY-INV-000284","https://mymaps.usercontent.google.com/hostedimage/m/*/3AE5a_GxT2MNfRcVzrcDr2Uk0SD24Gro5IBHd1iS3eFt9wXrUPA-f6pS_1EIBhGLlOhqQqGifflKtLdvVRwFdH2stzutfCT5M6qS3E07NF8U8mZsBcCmelW8OrPtCu8hhbxCc1nNpLl4Q6CMWqzgU8a-KyZtYDfNQ8_of8ww2TC_uNrVoa_1gklFsXWnYc3P3DNA6KGqwVezx5F8pt5VisSWhsNB4O7PhlL_DmYt13H81Wy7vbpGIumro7-2Z4iQ?authuser=1&fife=s16383","https://mymaps.usercontent.google.com/hostedimage/m/*/3AE5a_GxT2MNfRcVzrcDr2Uk0SD24Gro5IBHd1iS3eFt9wXrUPA-f6pS_1EIBhGLlOhqQqGifflKtLdvVRwFdH2stzutfCT5M6qS3E07NF8U8mZsBcCmelW8OrPtCu8hhbxCc1nNpLl4Q6CMWqzgU8a-KyZtYDfNQ8_of8ww2TC_uNrVoa_1gklFsXWnYc3P3DNA6KGqwVezx5F8pt5VisSWhsNB4O7PhlL_DmYt13H81Wy7vbpGIumro7-2Z4iQ?authuser=1&fife=s16383","true","200","image/png","89 50 4E 47","pending_browser_validation","recovered","/assets/images/investment/investment-LY-INV-000284-03.png"
"investment","فندق بلازما","284","LY-INV-000284","https://mymaps.usercontent.google.com/hostedimage/m/*/3AE5a_Gx_fAZjE7nkONyh3Ghnp-bvFSoQb2LhqUtwGRhVEEWqomhEnutbyukGUJoVhX9pSoDxQsxfrmte7Yn9iZ-gopVOujnHNp9LURIOCvCfgH_7xyaGVecS5xsyjIMyhjFixo3Usf8hL_U7IJpsBr_HOKz5yT17OF--pdz_zexOPc1xnUu3LKPRLsk0qEkOlhos54HnVWSLA0MXK9Jpl6ANLdvRyz3KvQ8pGTMHR8y8I_q1MrPw98aKltkcWzo?authuser=1&fife=s16383","https://mymaps.usercontent.google.com/hostedimage/m/*/3AE5a_Gx_fAZjE7nkONyh3Ghnp-bvFSoQb2LhqUtwGRhVEEWqomhEnutbyukGUJoVhX9pSoDxQsxfrmte7Yn9iZ-gopVOujnHNp9LURIOCvCfgH_7xyaGVecS5xsyjIMyhjFixo3Usf8hL_U7IJpsBr_HOKz5yT17OF--pdz_zexOPc1xnUu3LKPRLsk0qEkOlhos54HnVWSLA0MXK9Jpl6ANLdvRyz3KvQ8pGTMHR8y8I_q1MrPw98aKltkcWzo?authuser=1&fife=s16383","true","200","image/png","89 50 4E 47","pending_browser_validation","recovered","/assets/images/investment/investment-LY-INV-000284-04.png"
"investment","فندق بلازما","284","LY-INV-000284","https://mymaps.usercontent.google.com/hostedimage/m/*/3AE5a_Gx5_kjKvUBDm4jTAPR7vmV8h2rZp8AuidicTOqfQ4paB_AwshVTRYyyaM_2kEx1jogeUsKjwINnS6rUtplHDhyCXnNEqDX6GtnEWwhmMTLkW-GRlAiokb9ZgJuazl2bjH8YFsKqSdG3PaSdhAwantKjRqk1CL5iWcctBDxk5fUiS19RISGbKB0Y87i5xLiTNIXcZ-8T6Qo7ynUlPVbJL931EFEp4RUsabYRaG8QA1sQD_Z9zM2xFvZ2VOI?authuser=1&fife=s16383","https://mymaps.usercontent.google.com/hostedimage/m/*/3AE5a_Gx5_kjKvUBDm4jTAPR7vmV8h2rZp8AuidicTOqfQ4paB_AwshVTRYyyaM_2kEx1jogeUsKjwINnS6rUtplHDhyCXnNEqDX6GtnEWwhmMTLkW-GRlAiokb9ZgJuazl2bjH8YFsKqSdG3PaSdhAwantKjRqk1CL5iWcctBDxk5fUiS19RISGbKB0Y87i5xLiTNIXcZ-8T6Qo7ynUlPVbJL931EFEp4RUsabYRaG8QA1sQD_Z9zM2xFvZ2VOI?authuser=1&fife=s16383","true","200","image/png","89 50 4E 47","pending_browser_validation","recovered","/assets/images/investment/investment-LY-INV-000284-05.png"
"investment","فندق دار السلام","285","LY-INV-000285","https://mymaps.usercontent.google.com/hostedimage/m/*/3AE5a_Gwdouqi9xicV-woriOeVsXpPbOk1ShLAxLz-4MsxoLhgpaW5THfGE6K0uKHx01rex5BUh1KgoNQrSZ8FWj7s8QJ9pVR51ws6QFXDAv9doOt2m_duAQNYhLN-kpISRV_nuyhi_vXk1yvwQjr7XXoHdTUQtYB0hpiqGNvD5knYpz8tl-vev1kH8MGrB9EBrrIuLQbT3EAD89Ly-JKCpg628nzqqVAvm2XINwCxcGVD_JFmZtHi29pTlruiWo?authuser=1&fife=s16383","https://mymaps.usercontent.google.com/hostedimage/m/*/3AE5a_Gwdouqi9xicV-woriOeVsXpPbOk1ShLAxLz-4MsxoLhgpaW5THfGE6K0uKHx01rex5BUh1KgoNQrSZ8FWj7s8QJ9pVR51ws6QFXDAv9doOt2m_duAQNYhLN-kpISRV_nuyhi_vXk1yvwQjr7XXoHdTUQtYB0hpiqGNvD5knYpz8tl-vev1kH8MGrB9EBrrIuLQbT3EAD89Ly-JKCpg628nzqqVAvm2XINwCxcGVD_JFmZtHi29pTlruiWo?authuser=1&fife=s16383","true","200","image/png","89 50 4E 47","pending_browser_validation","recovered","/assets/images/investment/investment-LY-INV-000285-02.png"
"investment","فندق دار السلام","285","LY-INV-000285","https://mymaps.usercontent.google.com/hostedimage/m/*/3AE5a_GzZmG6XR-a3J8-L6CyRPfGTZ8JAssN3G4DboeR4e96w0hMySrc77IdATCX_UIi7KqyMgHxXt_8tOeB56N9AhSix0t-pz9l7aPSCP9qk0EZLL9-5mup54MXn715riwykE2tmGHYA0U4ERULkwCpsNxCj7LYQGfrawFjBYprR5J-HYJLMChuMZF0PgJxRNJQqx7d7WID8XPp-aipzRIOi9yRAC7cHhqVTSDLoHqZbIi53ontux6nk3aVKgCQ?authuser=1&fife=s16383","https://mymaps.usercontent.google.com/hostedimage/m/*/3AE5a_GzZmG6XR-a3J8-L6CyRPfGTZ8JAssN3G4DboeR4e96w0hMySrc77IdATCX_UIi7KqyMgHxXt_8tOeB56N9AhSix0t-pz9l7aPSCP9qk0EZLL9-5mup54MXn715riwykE2tmGHYA0U4ERULkwCpsNxCj7LYQGfrawFjBYprR5J-HYJLMChuMZF0PgJxRNJQqx7d7WID8XPp-aipzRIOi9yRAC7cHhqVTSDLoHqZbIi53ontux6nk3aVKgCQ?authuser=1&fife=s16383","true","200","image/png","89 50 4E 47","pending_browser_validation","recovered","/assets/images/investment/investment-LY-INV-000285-03.png"
"investment","فندق دار السلام","285","LY-INV-000285","https://mymaps.usercontent.google.com/hostedimage/m/*/3AE5a_GzfZ67YHjbbwoQ-_cozAf-5BhkRZ62cKSO6461YxQh8WpUJDDccelutaytTtsqt8M3kKWTaRU769s0jDZt6rfppndGjEpmbGf0J7RvSFeopC07xgwcmm9MMshRn0CnMyk2uDSD_o4izAP1XL6hGRcL3EMal_2pkcUMnEfKhNWfd2yh22bPLVwFyB4j3FkDAI5elOh-3nvSLT5QQWilkrPyrdpvSqPPx0H_3hgd4StVIQSlDosoMVfpodFM?authuser=1&fife=s16383","https://mymaps.usercontent.google.com/hostedimage/m/*/3AE5a_GzfZ67YHjbbwoQ-_cozAf-5BhkRZ62cKSO6461YxQh8WpUJDDccelutaytTtsqt8M3kKWTaRU769s0jDZt6rfppndGjEpmbGf0J7RvSFeopC07xgwcmm9MMshRn0CnMyk2uDSD_o4izAP1XL6hGRcL3EMal_2pkcUMnEfKhNWfd2yh22bPLVwFyB4j3FkDAI5elOh-3nvSLT5QQWilkrPyrdpvSqPPx0H_3hgd4StVIQSlDosoMVfpodFM?authuser=1&fife=s16383","true","200","image/png","89 50 4E 47","pending_browser_validation","recovered","/assets/images/investment/investment-LY-INV-000285-04.png"
"investment","فندق دار السلام","285","LY-INV-000285","https://mymaps.usercontent.google.com/hostedimage/m/*/3AE5a_Gxi9Zrxr-VEvcnKiesXCz8kDbDP2ppPyQY4LcpTqIahHesyGbAZUWs13NwulR2WTsyE3wHSUHjy7VbAbIYFYlnllNojJ9jIWetFZwXAp5rNyhZz6-DvkS8ApU9QYGw7PUNQKwDk1EIW8JgaxzSYX5Sm3r1NVg0WgE3qhqfJM4Nl3BaDfTu_KxKBoNenV7IqcDcbThHqiQd7SMegTYdb90GCfmytnRPqB6nG9uZSTDqIwl54GKs0gUynFVQ?authuser=1&fife=s16383","https://mymaps.usercontent.google.com/hostedimage/m/*/3AE5a_Gxi9Zrxr-VEvcnKiesXCz8kDbDP2ppPyQY4LcpTqIahHesyGbAZUWs13NwulR2WTsyE3wHSUHjy7VbAbIYFYlnllNojJ9jIWetFZwXAp5rNyhZz6-DvkS8ApU9QYGw7PUNQKwDk1EIW8JgaxzSYX5Sm3r1NVg0WgE3qhqfJM4Nl3BaDfTu_KxKBoNenV7IqcDcbThHqiQd7SMegTYdb90GCfmytnRPqB6nG9uZSTDqIwl54GKs0gUynFVQ?authuser=1&fife=s16383","true","200","image/png","89 50 4E 47","pending_browser_validation","recovered","/assets/images/investment/investment-LY-INV-000285-05.png"
"investment","فندق سان جورج","286","LY-INV-000286","https://mymaps.usercontent.google.com/hostedimage/m/*/3AE5a_GydNm2jgt6isTGPrB_xnIQYbsjve9RLInwIZHgaMk4mwGNdvl1aCnsKxhGRoReynOJNrimjur-ypdVCBU43HU86hvQTUJTnyKascUNEsURVvaWHw8m6hnHAp9CHOEW1dMZ5BeDrPz8E2102lBlPBmdtiI4ZVsNj-mcgoFzm-fz6fK7HivTK27Hh95d5fkPYZ0_rcA1jXAeVjqezkK7JI-1X4vfaVy0x5Zn_JJcFJPorRKCfWIv4Myi-yaQ?authuser=1&fife=s16383","https://mymaps.usercontent.google.com/hostedimage/m/*/3AE5a_GydNm2jgt6isTGPrB_xnIQYbsjve9RLInwIZHgaMk4mwGNdvl1aCnsKxhGRoReynOJNrimjur-ypdVCBU43HU86hvQTUJTnyKascUNEsURVvaWHw8m6hnHAp9CHOEW1dMZ5BeDrPz8E2102lBlPBmdtiI4ZVsNj-mcgoFzm-fz6fK7HivTK27Hh95d5fkPYZ0_rcA1jXAeVjqezkK7JI-1X4vfaVy0x5Zn_JJcFJPorRKCfWIv4Myi-yaQ?authuser=1&fife=s16383","true","200","image/png","89 50 4E 47","pending_browser_validation","recovered","/assets/images/investment/investment-LY-INV-000286-01.png"
"investment","فندق سان جورج","286","LY-INV-000286","https://mymaps.usercontent.google.com/hostedimage/m/*/3AE5a_GylF0VaPjTolObBpRrqlG4XnwavcfbR1ogRI6wnBtU6HYCZfNlbjFYjZDVd9aNpRvLPIaomIzI5ZtLFic5FIsAvFNNrEb4vzmKDLBCt7W5RFqTkTfv-qaL6VrScVWBDfGi5VjM7-G4_ogLcI2Lj2N7WX8Jp0jgxaOqdnjmIhwAFNDlyo5RtJfMXQZankmYn8GKHa3eM1NpgN6DMWr-VJqjBrAFskzJzT-Z9wdBYbMrQuAtP9iMbEQNypq0?authuser=1&fife=s16383","https://mymaps.usercontent.google.com/hostedimage/m/*/3AE5a_GylF0VaPjTolObBpRrqlG4XnwavcfbR1ogRI6wnBtU6HYCZfNlbjFYjZDVd9aNpRvLPIaomIzI5ZtLFic5FIsAvFNNrEb4vzmKDLBCt7W5RFqTkTfv-qaL6VrScVWBDfGi5VjM7-G4_ogLcI2Lj2N7WX8Jp0jgxaOqdnjmIhwAFNDlyo5RtJfMXQZankmYn8GKHa3eM1NpgN6DMWr-VJqjBrAFskzJzT-Z9wdBYbMrQuAtP9iMbEQNypq0?authuser=1&fife=s16383","true","200","image/png","89 50 4E 47","pending_browser_validation","recovered","/assets/images/investment/investment-LY-INV-000286-02.png"
"investment","فندق سان جورج","286","LY-INV-000286","https://mymaps.usercontent.google.com/hostedimage/m/*/3AE5a_GwUQA_DNW6j2R8dLe2DwbGg1WNVRSwp0FA4OUIQpyT0UhRD3xHEKSiUWs5yiLRtaCJDsEKfFN7_rSoCTqbhDrbVCPTLf8oDYa114xgwmDFgF70wyZjvV1NrB0VWKny-pD1BW10VmuVg23K8fOTtXrdklybJN4WjKWeJ7fMTtltB_kxhuVOMhMVHUcceSNxpY5H3eslYOA9Dgl0ke2cuaLISOcuEb9xI5t_PfXya7eI43glCdgxYXIXG4tY?authuser=1&fife=s16383","https://mymaps.usercontent.google.com/hostedimage/m/*/3AE5a_GwUQA_DNW6j2R8dLe2DwbGg1WNVRSwp0FA4OUIQpyT0UhRD3xHEKSiUWs5yiLRtaCJDsEKfFN7_rSoCTqbhDrbVCPTLf8oDYa114xgwmDFgF70wyZjvV1NrB0VWKny-pD1BW10VmuVg23K8fOTtXrdklybJN4WjKWeJ7fMTtltB_kxhuVOMhMVHUcceSNxpY5H3eslYOA9Dgl0ke2cuaLISOcuEb9xI5t_PfXya7eI43glCdgxYXIXG4tY?authuser=1&fife=s16383","true","200","image/png","89 50 4E 47","pending_browser_validation","recovered","/assets/images/investment/investment-LY-INV-000286-03.png"
"investment","فندق سان جورج","286","LY-INV-000286","https://mymaps.usercontent.google.com/hostedimage/m/*/3AE5a_GwHyCZqnKbb7joapGNvHTnEbXmiKz6fs35oHZ0rIFb7wimeoKZWb2SBXBis14dr4F5ePzl7c-2x_aXEkzgiesyK9o6LQwrZGRUpMMxbwA6TFCp5Om7nEjezCxefiIb0BQcql0B3enwOZAVkES7RUPhpDwT1IYPaU_Xbwau_HtbbaeB6whB9qsL2EWD0fWAta0jd39fDsqpKs9GTDeyH_a784hgzUJGRsHfjd2eSZtAD3dzYbnrr8yiVeKw?authuser=1&fife=s16383","https://mymaps.usercontent.google.com/hostedimage/m/*/3AE5a_GwHyCZqnKbb7joapGNvHTnEbXmiKz6fs35oHZ0rIFb7wimeoKZWb2SBXBis14dr4F5ePzl7c-2x_aXEkzgiesyK9o6LQwrZGRUpMMxbwA6TFCp5Om7nEjezCxefiIb0BQcql0B3enwOZAVkES7RUPhpDwT1IYPaU_Xbwau_HtbbaeB6whB9qsL2EWD0fWAta0jd39fDsqpKs9GTDeyH_a784hgzUJGRsHfjd2eSZtAD3dzYbnrr8yiVeKw?authuser=1&fife=s16383","true","200","image/png","89 50 4E 47","pending_browser_validation","recovered","/assets/images/investment/investment-LY-INV-000286-04.png"
"investment","فندق الحسنين الكبير","287","LY-INV-000287","https://mymaps.usercontent.google.com/hostedimage/m/*/3AE5a_GxfRYFvXldl6Nt2OMrTdbSEcx7KU50hALDWmUP0P8IFl0BuO9ueNEbsVTF9iWSVO0MItzpTTHnYt3Ut2fljRwHvE_WIzdwd5E9x-RHlpJgxOcYztPDwGVkqbEJP1IgpEKfqhpqhTWopjUiGhxX0QEvrMHyHZBY8CHbQGZMVLto9KEXfeN3U4G8I8TPkzOMQOnUmnB5vbEZXN_PEuvSDhQOWZolBEpL2WmHFOdSZ7AWLYKwIp9HdTCQLEnQ?authuser=1&fife=s16383","https://mymaps.usercontent.google.com/hostedimage/m/*/3AE5a_GxfRYFvXldl6Nt2OMrTdbSEcx7KU50hALDWmUP0P8IFl0BuO9ueNEbsVTF9iWSVO0MItzpTTHnYt3Ut2fljRwHvE_WIzdwd5E9x-RHlpJgxOcYztPDwGVkqbEJP1IgpEKfqhpqhTWopjUiGhxX0QEvrMHyHZBY8CHbQGZMVLto9KEXfeN3U4G8I8TPkzOMQOnUmnB5vbEZXN_PEuvSDhQOWZolBEpL2WmHFOdSZ7AWLYKwIp9HdTCQLEnQ?authuser=1&fife=s16383","true","200","image/png","89 50 4E 47","pending_browser_validation","recovered","/assets/images/investment/investment-LY-INV-000287-01.png"
"investment","فندق الحسنين الكبير","287","LY-INV-000287","https://mymaps.usercontent.google.com/hostedimage/m/*/3AE5a_GzlnGQEM6JUqqwGWxGQoKe8NnHbUL9MYtlNiIRjk4B_hCffI_Tyi5HuZOWKYbCqHbHfTgA8YlCm1UL9clvsSj22_qIlrKj60tr5P_TjJnJAa_0Uu7v9GrcogD25cpaxn6IKUtuvqenWPnZ4yyNIJKoXYSJ5_vB9lNP3LuN9mhuMxPum9e9aRsoVoNsV7YoyJytQQS2DCwg3oV7MGtVf35lgA2yY7Q7MZmeXhk6ctro3QBzSFLcW9mpabGA?authuser=1&fife=s16383","https://mymaps.usercontent.google.com/hostedimage/m/*/3AE5a_GzlnGQEM6JUqqwGWxGQoKe8NnHbUL9MYtlNiIRjk4B_hCffI_Tyi5HuZOWKYbCqHbHfTgA8YlCm1UL9clvsSj22_qIlrKj60tr5P_TjJnJAa_0Uu7v9GrcogD25cpaxn6IKUtuvqenWPnZ4yyNIJKoXYSJ5_vB9lNP3LuN9mhuMxPum9e9aRsoVoNsV7YoyJytQQS2DCwg3oV7MGtVf35lgA2yY7Q7MZmeXhk6ctro3QBzSFLcW9mpabGA?authuser=1&fife=s16383","true","200","image/png","89 50 4E 47","pending_browser_validation","recovered","/assets/images/investment/investment-LY-INV-000287-02.png"
"investment","فندق الحسنين الكبير","287","LY-INV-000287","https://mymaps.usercontent.google.com/hostedimage/m/*/3AE5a_GzkCqarvNOUhcsCQSUGvM1gFvALey5skBUyYI6cwZfy5jbzN-SP_sPAIbzLo3X7RLfybWL8t-g522RpnptN788N3IbEFTFt0RZS27BoMF1V90HLyzF_WJ2oE9Co5e5LyCAHTjMURySmQgnc7cuQc63oA6xLo5NTzy5P17SwH8ggP1cDIwIbmfRQqC6dTSZ2C_SH71HKWBPVthyItzR0rJeXWCEXMC7yIT72bfTLMCUovivN_xoAgtUBCVk?authuser=1&fife=s16383","https://mymaps.usercontent.google.com/hostedimage/m/*/3AE5a_GzkCqarvNOUhcsCQSUGvM1gFvALey5skBUyYI6cwZfy5jbzN-SP_sPAIbzLo3X7RLfybWL8t-g522RpnptN788N3IbEFTFt0RZS27BoMF1V90HLyzF_WJ2oE9Co5e5LyCAHTjMURySmQgnc7cuQc63oA6xLo5NTzy5P17SwH8ggP1cDIwIbmfRQqC6dTSZ2C_SH71HKWBPVthyItzR0rJeXWCEXMC7yIT72bfTLMCUovivN_xoAgtUBCVk?authuser=1&fife=s16383","true","200","image/png","89 50 4E 47","pending_browser_validation","recovered","/assets/images/investment/investment-LY-INV-000287-03.png"
"investment","بيوت الشباب","288","LY-INV-000288","https://mymaps.usercontent.google.com/hostedimage/m/*/3AE5a_Gz8mKwZepIrvk5YZoGW3-x6nKZK2pAbbAGUYeA7r9r3nQv5P0rYbZn7rIYWME-9KnAR-kaMsthYol73FSwv_gtT0iygCptOu6lmuYlSk4q3jvrxMDaoJ9P5ksGxuwZYExqZk76r6bnwNmUK-vpHqyw9bGJxfnjiMmRFJJuNzIJzkv_JeGMyuTX7IIqfo1Vjw6GYzqA4mCU6fj40h-KNWwS-Pzdj9G22HGRPX6kXOvPhv8KSK2EZGzXZ02M?authuser=1&fife=s16383","https://mymaps.usercontent.google.com/hostedimage/m/*/3AE5a_Gz8mKwZepIrvk5YZoGW3-x6nKZK2pAbbAGUYeA7r9r3nQv5P0rYbZn7rIYWME-9KnAR-kaMsthYol73FSwv_gtT0iygCptOu6lmuYlSk4q3jvrxMDaoJ9P5ksGxuwZYExqZk76r6bnwNmUK-vpHqyw9bGJxfnjiMmRFJJuNzIJzkv_JeGMyuTX7IIqfo1Vjw6GYzqA4mCU6fj40h-KNWwS-Pzdj9G22HGRPX6kXOvPhv8KSK2EZGzXZ02M?authuser=1&fife=s16383","true","200","image/png","89 50 4E 47","pending_browser_validation","recovered","/assets/images/investment/investment-LY-INV-000288-01.png"
"investment","فندق بلاغراي السياحي ( التلال سابقا )","289","LY-INV-000289","https://mymaps.usercontent.google.com/hostedimage/m/*/3AE5a_Gy4nv0-TDwWRIN1WHatg2Uu2LX_0KM-AYaFa3Q1fn9mTItjUIg5ERAqk6nipDr4Izth6QwIuOxGc8KcQxqVKopD3XFF6--4_Zh7gfzY9V7iom4-lMOX5jMQz1IE4EaykBshCQ-Nax2z2uafaCQFFmvx73i0LKYRtn-uD_mskR9kWZ0ow9m9bPUwn32XldHFGg2JT6nWcTIV_j2chCTIGEmTe2BkHqACQ_48IcKlp5bpI6N94m-oBIiMeOY?authuser=1&fife=s16383","https://mymaps.usercontent.google.com/hostedimage/m/*/3AE5a_Gy4nv0-TDwWRIN1WHatg2Uu2LX_0KM-AYaFa3Q1fn9mTItjUIg5ERAqk6nipDr4Izth6QwIuOxGc8KcQxqVKopD3XFF6--4_Zh7gfzY9V7iom4-lMOX5jMQz1IE4EaykBshCQ-Nax2z2uafaCQFFmvx73i0LKYRtn-uD_mskR9kWZ0ow9m9bPUwn32XldHFGg2JT6nWcTIV_j2chCTIGEmTe2BkHqACQ_48IcKlp5bpI6N94m-oBIiMeOY?authuser=1&fife=s16383","true","200","image/png","89 50 4E 47","pending_browser_validation","recovered","/assets/images/investment/investment-LY-INV-000289-01.png"
"investment","فندق بلاغراي السياحي ( التلال سابقا )","289","LY-INV-000289","https://mymaps.usercontent.google.com/hostedimage/m/*/3AE5a_GwnH-4pWLNN3qyBaJBp_dSHXr4NuF3qaqScNqSLK_vV6TNNaKgWfKLS8OgW76HGkBwsbII3qeT3x3iHYeOGJp-SsQ_bm5uH0tAcw3w4m_2mKgaXNCOdOtCjdLPmrfaBSqMPrmOP3YLr68XADaQzMMRRdgB8xlR-yCnNEJ1kqV9j7wl69UrXzAM30EfJ0HngEb8nkF0-WBpJLWHC-0_rSwmlv7yfiS-F_X62i60uwjJntg-hnVqspLPKesU?authuser=1&fife=s16383","https://mymaps.usercontent.google.com/hostedimage/m/*/3AE5a_GwnH-4pWLNN3qyBaJBp_dSHXr4NuF3qaqScNqSLK_vV6TNNaKgWfKLS8OgW76HGkBwsbII3qeT3x3iHYeOGJp-SsQ_bm5uH0tAcw3w4m_2mKgaXNCOdOtCjdLPmrfaBSqMPrmOP3YLr68XADaQzMMRRdgB8xlR-yCnNEJ1kqV9j7wl69UrXzAM30EfJ0HngEb8nkF0-WBpJLWHC-0_rSwmlv7yfiS-F_X62i60uwjJntg-hnVqspLPKesU?authuser=1&fife=s16383","true","200","image/png","89 50 4E 47","pending_browser_validation","recovered","/assets/images/investment/investment-LY-INV-000289-01.png"
"investment","فندق بلاغراي السياحي ( التلال سابقا )","289","LY-INV-000289","https://mymaps.usercontent.google.com/hostedimage/m/*/3AE5a_GwFl2aCIwcleXuK6H7NTSRxjKtzeYmHt1ofyNj30OmeVtA-W2A7PNw_ZYcaLvQarCbR3nz1RqvdBrcqM_uP4GTo9IBNyvk6SvGC0_Dt7VZVjAF1nBN9V9C4qfn2nF6vHryJ4tj_k9eHJUJcffRR3zuxz8bYcL6yomo9ihgStqzeugsZMrJiYY_kcWSNiGVUAOgm0VpA0b380cS5fTlms9G-r3xpbfHbfOR0j-oKwdVTLKgZLZhyY7vKbac?authuser=1&fife=s16383","https://mymaps.usercontent.google.com/hostedimage/m/*/3AE5a_GwFl2aCIwcleXuK6H7NTSRxjKtzeYmHt1ofyNj30OmeVtA-W2A7PNw_ZYcaLvQarCbR3nz1RqvdBrcqM_uP4GTo9IBNyvk6SvGC0_Dt7VZVjAF1nBN9V9C4qfn2nF6vHryJ4tj_k9eHJUJcffRR3zuxz8bYcL6yomo9ihgStqzeugsZMrJiYY_kcWSNiGVUAOgm0VpA0b380cS5fTlms9G-r3xpbfHbfOR0j-oKwdVTLKgZLZhyY7vKbac?authuser=1&fife=s16383","true","200","image/png","89 50 4E 47","pending_browser_validation","recovered","/assets/images/investment/investment-LY-INV-000289-03.png"
"investment","فندق بلاغراي السياحي ( التلال سابقا )","289","LY-INV-000289","https://mymaps.usercontent.google.com/hostedimage/m/*/3AE5a_GyHYDIfcSAMUKmOYCOJqjWnSF7cNyPW90SWytblFD6ktbAOQzt7JimmYPR0NU-1qPimC08o55GluaFxjj1YB6ZYH2CEJm3x8JN4GGydJMJEnI527UojIv5kGD-r78URD26hIFdfcPmYZ811FTRePtB_b9ZoxVsJMTIWPCKd5fvzcGsgOV4pj1cRVOXfZ2zs4aKnuhCBpyyrnKDGCvq-TXgdarX_jQXZFztyEjJfFwP6_4-QBFdzQfMS7sM?authuser=1&fife=s16383","https://mymaps.usercontent.google.com/hostedimage/m/*/3AE5a_GyHYDIfcSAMUKmOYCOJqjWnSF7cNyPW90SWytblFD6ktbAOQzt7JimmYPR0NU-1qPimC08o55GluaFxjj1YB6ZYH2CEJm3x8JN4GGydJMJEnI527UojIv5kGD-r78URD26hIFdfcPmYZ811FTRePtB_b9ZoxVsJMTIWPCKd5fvzcGsgOV4pj1cRVOXfZ2zs4aKnuhCBpyyrnKDGCvq-TXgdarX_jQXZFztyEjJfFwP6_4-QBFdzQfMS7sM?authuser=1&fife=s16383","true","200","image/png","89 50 4E 47","pending_browser_validation","recovered","/assets/images/investment/investment-LY-INV-000289-04.png"
"investment","فندق بلاغراي السياحي ( التلال سابقا )","289","LY-INV-000289","https://mymaps.usercontent.google.com/hostedimage/m/*/3AE5a_GwhyTwyPlC5lFU6Q_zI1Pr899oVfxJwjWoPc_VcsYd73ili_AcFygCaUUmg9CRnhvCwm7Xgf3HSRupZ98YLksCiWud66126HZt71Zxepnaq4UHLEQoBoV9cz2yLeas-C6rc5Ml0MwPPgT_kWGU_rkTQg0QEJKLHin-6nNfB_BauLbhpkfvSscVEkpXKJTzHKv8UN9wpIaFKgl3f1vVBg08RsvSzQT2NCNo6_dJD30SBMw1Sww6uiD28J0Y?authuser=1&fife=s16383","https://mymaps.usercontent.google.com/hostedimage/m/*/3AE5a_GwhyTwyPlC5lFU6Q_zI1Pr899oVfxJwjWoPc_VcsYd73ili_AcFygCaUUmg9CRnhvCwm7Xgf3HSRupZ98YLksCiWud66126HZt71Zxepnaq4UHLEQoBoV9cz2yLeas-C6rc5Ml0MwPPgT_kWGU_rkTQg0QEJKLHin-6nNfB_BauLbhpkfvSscVEkpXKJTzHKv8UN9wpIaFKgl3f1vVBg08RsvSzQT2NCNo6_dJD30SBMw1Sww6uiD28J0Y?authuser=1&fife=s16383","true","200","image/png","89 50 4E 47","pending_browser_validation","recovered","/assets/images/investment/investment-LY-INV-000289-05.png"
"investment","فندق بلاغراي السياحي ( التلال سابقا )","289","LY-INV-000289","https://mymaps.usercontent.google.com/hostedimage/m/*/3AE5a_GysB5f5dfUpojMnv6unZpfaDTaZ4MKfjCCNhVCbfP58MNSCCKrGDgahHicu3XJQ4VD85v5owtj21ynTWTN_F1J7zckTCmUIFAAhMq7IhP6zWLpCPuSni65kvfTOM-VRCel1wYMkZ_vG3rfRERqzsmt5R0ApxENCpWnsY6bApPWtD5VJi3HyQCqKt4K5jSEKDSFhem9Tz1-PBtGb1dp270aglqdBdZpLDu7tELHRvlmQfCqBEpvPDl6H7kY?authuser=1&fife=s16383","https://mymaps.usercontent.google.com/hostedimage/m/*/3AE5a_GysB5f5dfUpojMnv6unZpfaDTaZ4MKfjCCNhVCbfP58MNSCCKrGDgahHicu3XJQ4VD85v5owtj21ynTWTN_F1J7zckTCmUIFAAhMq7IhP6zWLpCPuSni65kvfTOM-VRCel1wYMkZ_vG3rfRERqzsmt5R0ApxENCpWnsY6bApPWtD5VJi3HyQCqKt4K5jSEKDSFhem9Tz1-PBtGb1dp270aglqdBdZpLDu7tELHRvlmQfCqBEpvPDl6H7kY?authuser=1&fife=s16383","true","200","image/png","89 50 4E 47","pending_browser_validation","recovered","/assets/images/investment/investment-LY-INV-000289-05.png"
"investment","منتجع ايميليا","290","LY-INV-000290","https://mymaps.usercontent.google.com/hostedimage/m/*/3AE5a_Gx0y6u7kMTZKwujQUIrMl1DMy7twSKRbNexRTgNKVfM4R2YGaXrMIOI7jjghWL7YQMKer1kdoGvlW2PAmV-uwMBRhr8KB5dctbAB1YjZ6vLpYY2F91hwda4zyTOizanvK2a9UBUgHfrhQyE6RXVPHAEHOSQ_8dwvBoFWMTLdFYzTUyN1TPslLjjx7eVZfVG0A2a9Nt3Hm9lEZU8siUPggnUBwwkAPaBzdb6hq0LPWpBKBcOQJbPg2nxHH4?authuser=1&fife=s16383","https://mymaps.usercontent.google.com/hostedimage/m/*/3AE5a_Gx0y6u7kMTZKwujQUIrMl1DMy7twSKRbNexRTgNKVfM4R2YGaXrMIOI7jjghWL7YQMKer1kdoGvlW2PAmV-uwMBRhr8KB5dctbAB1YjZ6vLpYY2F91hwda4zyTOizanvK2a9UBUgHfrhQyE6RXVPHAEHOSQ_8dwvBoFWMTLdFYzTUyN1TPslLjjx7eVZfVG0A2a9Nt3Hm9lEZU8siUPggnUBwwkAPaBzdb6hq0LPWpBKBcOQJbPg2nxHH4?authuser=1&fife=s16383","true","200","image/png","89 50 4E 47","pending_browser_validation","recovered","/assets/images/investment/investment-LY-INV-000290-02.png"
"investment","منتجع ايميليا","290","LY-INV-000290","https://mymaps.usercontent.google.com/hostedimage/m/*/3AE5a_Gz-T38dYb6RONzfUzoc7rpHuEcjhTCjk-uQ36XWZc_N3B5Ov0sGABxGxcdAEY2DTLr3JMQ8JDAWU62dtfoCQIq_SkruLtm36E_o3yFkhPeJaCWa_FSsmQMhhQR1CL-3gRDQJaB9kspPfjZfWDFIdEl-gAInsUfYILhd4cy-VM-LULyNV8y9Pwbe7qCKkeQ9AAb-mMwgs2Hed97iwM0CmzoJGia4bb-uI-rXESQGbCZL5QhC_nGGC0Jb1xQ?authuser=1&fife=s16383","https://mymaps.usercontent.google.com/hostedimage/m/*/3AE5a_Gz-T38dYb6RONzfUzoc7rpHuEcjhTCjk-uQ36XWZc_N3B5Ov0sGABxGxcdAEY2DTLr3JMQ8JDAWU62dtfoCQIq_SkruLtm36E_o3yFkhPeJaCWa_FSsmQMhhQR1CL-3gRDQJaB9kspPfjZfWDFIdEl-gAInsUfYILhd4cy-VM-LULyNV8y9Pwbe7qCKkeQ9AAb-mMwgs2Hed97iwM0CmzoJGia4bb-uI-rXESQGbCZL5QhC_nGGC0Jb1xQ?authuser=1&fife=s16383","true","200","image/png","89 50 4E 47","pending_browser_validation","recovered","/assets/images/investment/investment-LY-INV-000290-03.png"
"investment","منتجع ايميليا","290","LY-INV-000290","https://mymaps.usercontent.google.com/hostedimage/m/*/3AE5a_Gwjpj7AnstIUKwa-ZNtjgrE6AluO1GW0tgCeDUCTi2UbiBRPdoU5d_NybmchgIbR6Dgx_y0r2bZxkRtUO-WaftHrDe510N-q2IPReLtlPLLxEs58aO7XWHmISoEe_gCcD_qIXuSqL5ZFC0oyOUYZJNntuP4UYmkkHng0kkOziHkfHvSZGdeyuzBeYpjkc3kf4sTD4cEJaJu6x3JApBooujxQeyU0ElZNjlf9Y4OH7qXf60fwJFSaE7QoI8?authuser=1&fife=s16383","https://mymaps.usercontent.google.com/hostedimage/m/*/3AE5a_Gwjpj7AnstIUKwa-ZNtjgrE6AluO1GW0tgCeDUCTi2UbiBRPdoU5d_NybmchgIbR6Dgx_y0r2bZxkRtUO-WaftHrDe510N-q2IPReLtlPLLxEs58aO7XWHmISoEe_gCcD_qIXuSqL5ZFC0oyOUYZJNntuP4UYmkkHng0kkOziHkfHvSZGdeyuzBeYpjkc3kf4sTD4cEJaJu6x3JApBooujxQeyU0ElZNjlf9Y4OH7qXf60fwJFSaE7QoI8?authuser=1&fife=s16383","true","200","image/png","89 50 4E 47","pending_browser_validation","recovered","/assets/images/investment/investment-LY-INV-000290-04.png"
"investment","منتجع ايميليا","290","LY-INV-000290","https://mymaps.usercontent.google.com/hostedimage/m/*/3AE5a_GwTGjEXl7GiCilIAvDTDy_Hbu2S1JN2Yq45II36kRKH90D7KvZ5H11tr2DDCp0QLXMwUfv6lIk4K0XLkuftXAH4AVUDqYhzVMdIyhf9_4Xbo64rdgntQKonbf5C3zsKgzR96VKbmmDMe50xkzdcCeFxu5YlEVVY1Y-7GFn5ET-f_uoyLivsGg3UXi6x4mYyjwWP2VG-0Mh3fuF5s-saAu8G904A1FkXBhBMkHf1Qir1FPG4VqbbG6Ay43Y?authuser=1&fife=s16383","https://mymaps.usercontent.google.com/hostedimage/m/*/3AE5a_GwTGjEXl7GiCilIAvDTDy_Hbu2S1JN2Yq45II36kRKH90D7KvZ5H11tr2DDCp0QLXMwUfv6lIk4K0XLkuftXAH4AVUDqYhzVMdIyhf9_4Xbo64rdgntQKonbf5C3zsKgzR96VKbmmDMe50xkzdcCeFxu5YlEVVY1Y-7GFn5ET-f_uoyLivsGg3UXi6x4mYyjwWP2VG-0Mh3fuF5s-saAu8G904A1FkXBhBMkHf1Qir1FPG4VqbbG6Ay43Y?authuser=1&fife=s16383","true","200","image/png","89 50 4E 47","pending_browser_validation","recovered","/assets/images/investment/investment-LY-INV-000290-05.png"
"investment","منتجع وموتيل الأمان","291","LY-INV-000291","https://mymaps.usercontent.google.com/hostedimage/m/*/3AE5a_Gz4F5bWa5_A_IFabph-VvhqIphGnm5LfQW4AEXZcKmMRx6p3wpsG2nr6i41noYzBM8Hd8PQR0m0nCumhdjuqCDf9RU1JZ3X6-QV7XWv3tAsJwhY5jAKe8HtCfibY0JS0CMYmu44g5gEQiRBa8bp1jNNiqmRJ-uanaQBQImbrySlWHJeZW4tMDA6BWPy9RoUFO6witc3RliudIyeULWGIz5UkdigIRlSUll2wdp0LIpNtDO5ZZrN3ezrlSk?authuser=1&fife=s16383","https://mymaps.usercontent.google.com/hostedimage/m/*/3AE5a_Gz4F5bWa5_A_IFabph-VvhqIphGnm5LfQW4AEXZcKmMRx6p3wpsG2nr6i41noYzBM8Hd8PQR0m0nCumhdjuqCDf9RU1JZ3X6-QV7XWv3tAsJwhY5jAKe8HtCfibY0JS0CMYmu44g5gEQiRBa8bp1jNNiqmRJ-uanaQBQImbrySlWHJeZW4tMDA6BWPy9RoUFO6witc3RliudIyeULWGIz5UkdigIRlSUll2wdp0LIpNtDO5ZZrN3ezrlSk?authuser=1&fife=s16383","true","200","image/png","89 50 4E 47","pending_browser_validation","recovered","/assets/images/investment/investment-LY-INV-000291-01.png"
"investment","منتجع وموتيل الأمان","291","LY-INV-000291","https://mymaps.usercontent.google.com/hostedimage/m/*/3AE5a_Gw2x8ZXpERw2nLln2Wt-JjB-LAh51PidsErtE9ad4YI42fXBtKcJ3PWTU9F8dIEyKsyTjKVQ5b_0QTB6tv6bfvVvYHnpWja6Gr70fuNCbHHgY9DQ1h2EbQidO7v778xe37y8Ax28sk0ZfBmcIkJImlK_ygCKVBbk9RkEUmf8xJe-330wjR7ZzOulAV5y_VM78eyRtHFyTDIIF6a9SOYFWFgU6OhCfD-26tcwn1ctBWpGFbf9rHl6LMrYPA?authuser=1&fife=s16383","https://mymaps.usercontent.google.com/hostedimage/m/*/3AE5a_Gw2x8ZXpERw2nLln2Wt-JjB-LAh51PidsErtE9ad4YI42fXBtKcJ3PWTU9F8dIEyKsyTjKVQ5b_0QTB6tv6bfvVvYHnpWja6Gr70fuNCbHHgY9DQ1h2EbQidO7v778xe37y8Ax28sk0ZfBmcIkJImlK_ygCKVBbk9RkEUmf8xJe-330wjR7ZzOulAV5y_VM78eyRtHFyTDIIF6a9SOYFWFgU6OhCfD-26tcwn1ctBWpGFbf9rHl6LMrYPA?authuser=1&fife=s16383","true","200","image/png","89 50 4E 47","pending_browser_validation","recovered","/assets/images/investment/investment-LY-INV-000291-02.png"
"investment","منتجع وموتيل الأمان","291","LY-INV-000291","https://mymaps.usercontent.google.com/hostedimage/m/*/3AE5a_Gwh-GnjtgejjGZ-XIfOExhRE2EBhzWU0PYmfMl-jcLfkv5zkW68LhqMovCTHkV7XV6ITPp0l3tZEvofQKG5_Th9kL8PcEZK1QKmGOWT9ChdCOXod0RdSphO1a418Yq9hwljvZ2PUS_cbICrnWUY1u6t9uWr2I3FR42Q5QsWSRhsSF9IqV9Hpu29SQCZwWLEkMKRLLRhRqnds7MCns8U7FcTAmQzssOACdMK4DTAdeOdkofGd6YF19YyC5c?authuser=1&fife=s16383","https://mymaps.usercontent.google.com/hostedimage/m/*/3AE5a_Gwh-GnjtgejjGZ-XIfOExhRE2EBhzWU0PYmfMl-jcLfkv5zkW68LhqMovCTHkV7XV6ITPp0l3tZEvofQKG5_Th9kL8PcEZK1QKmGOWT9ChdCOXod0RdSphO1a418Yq9hwljvZ2PUS_cbICrnWUY1u6t9uWr2I3FR42Q5QsWSRhsSF9IqV9Hpu29SQCZwWLEkMKRLLRhRqnds7MCns8U7FcTAmQzssOACdMK4DTAdeOdkofGd6YF19YyC5c?authuser=1&fife=s16383","true","200","image/png","89 50 4E 47","pending_browser_validation","recovered","/assets/images/investment/investment-LY-INV-000291-03.png"
"investment","منتجع وموتيل الأمان","291","LY-INV-000291","https://mymaps.usercontent.google.com/hostedimage/m/*/3AE5a_GyU46A-j3V16bnijTmb9QzmnoQcZny2mOMGG65JpBAIML2XYDf-KO3kzuW2YyXxAtkl6Ss4LXO27ah9fdWHWyFcG_GYUcXDNHa_Ifteef6PxBdj0mAAaoDLE9jUl1UZT_rHrgOXx9jI5Mty3AkrhdSNrHQFDo_eLpPpqsg6YkXN7REFf_v3w6fLv02d0OS82HrjoFH_BcEIrCkQycbC_Fn-jSv5AkCfZiX2sfd0gm9AvltB0IIZ4236Jw0?authuser=1&fife=s16383","https://mymaps.usercontent.google.com/hostedimage/m/*/3AE5a_GyU46A-j3V16bnijTmb9QzmnoQcZny2mOMGG65JpBAIML2XYDf-KO3kzuW2YyXxAtkl6Ss4LXO27ah9fdWHWyFcG_GYUcXDNHa_Ifteef6PxBdj0mAAaoDLE9jUl1UZT_rHrgOXx9jI5Mty3AkrhdSNrHQFDo_eLpPpqsg6YkXN7REFf_v3w6fLv02d0OS82HrjoFH_BcEIrCkQycbC_Fn-jSv5AkCfZiX2sfd0gm9AvltB0IIZ4236Jw0?authuser=1&fife=s16383","true","200","image/png","89 50 4E 47","pending_browser_validation","recovered","/assets/images/investment/investment-LY-INV-000291-04.png"
"investment","بيوت شباب غدامس","292","LY-INV-000292","https://mymaps.usercontent.google.com/hostedimage/m/*/3AE5a_GzEBNda-u4Y-MCkqfl6IbhCFi5FHlmGoS8Zts_0VhWhRmUSPgoJuXhkmS-vF1dkHHj0mTTGA9mctPJTVMBV5GdEnL4dD-CYDyTRv3UfXgYYEn5ZOlGpjJ2HWe7f2D-f6GrkrRCmOJmdp2VLfG_UlyFGtrSk7aNYNYn5wZsKq08Gq2xoD3j-OQ7E513cbIXVJ-TtGn_fOnAnDqQLKbID0Qxmgh3RSjIAY2pfTVQvLig6YT9z75WJDSXXM0A?authuser=1&fife=s16383","https://mymaps.usercontent.google.com/hostedimage/m/*/3AE5a_GzEBNda-u4Y-MCkqfl6IbhCFi5FHlmGoS8Zts_0VhWhRmUSPgoJuXhkmS-vF1dkHHj0mTTGA9mctPJTVMBV5GdEnL4dD-CYDyTRv3UfXgYYEn5ZOlGpjJ2HWe7f2D-f6GrkrRCmOJmdp2VLfG_UlyFGtrSk7aNYNYn5wZsKq08Gq2xoD3j-OQ7E513cbIXVJ-TtGn_fOnAnDqQLKbID0Qxmgh3RSjIAY2pfTVQvLig6YT9z75WJDSXXM0A?authuser=1&fife=s16383","true","200","image/png","89 50 4E 47","pending_browser_validation","recovered","/assets/images/investment/investment-LY-INV-000292-02.png"
"investment","نالوت غدامس فندق باب العز","293","LY-INV-000293","https://mymaps.usercontent.google.com/hostedimage/m/*/3AE5a_Gy16F596GEFkus64v-gzpvaNTWEAbuPpxRWbjMVw3qCdmMYLJkNpHeoRBZ-g1zPaRrzz8usMJ-baMIT2Hwe_UeHdD9MdWT4sRndleRHrT_MYMh2EuoZeXwccTNa7rA4fSRpSiLCk6HLN0WFxuFszvJVRpSuPyxFjJdpHywq0s_UieAmdCclZOIPdsNJluwDdWJ8I0BpoX0nJBvxGwO-J1leAAkr5SsVcT4VswbeRRczDXp5tqYEE4_0-2E?authuser=1&fife=s16383","https://mymaps.usercontent.google.com/hostedimage/m/*/3AE5a_Gy16F596GEFkus64v-gzpvaNTWEAbuPpxRWbjMVw3qCdmMYLJkNpHeoRBZ-g1zPaRrzz8usMJ-baMIT2Hwe_UeHdD9MdWT4sRndleRHrT_MYMh2EuoZeXwccTNa7rA4fSRpSiLCk6HLN0WFxuFszvJVRpSuPyxFjJdpHywq0s_UieAmdCclZOIPdsNJluwDdWJ8I0BpoX0nJBvxGwO-J1leAAkr5SsVcT4VswbeRRczDXp5tqYEE4_0-2E?authuser=1&fife=s16383","true","200","image/png","89 50 4E 47","pending_browser_validation","recovered","/assets/images/investment/investment-LY-INV-000293-01.png"
"investment","نالوت غدامس فندق باب العز","293","LY-INV-000293","https://mymaps.usercontent.google.com/hostedimage/m/*/3AE5a_GwmUjFNUx-Y3661qKUOahuiJLWwofxtuDT-z4WlxK-8GIfC5DV0FVtYjSbuRWscr2UTO-s8nXOH_D-xO1vkdVX6J4OqxhesKnkThn1xbqAze27sP-YTkrONBjqsrVXPGQfoV8vs4QVf-arccHxBHx5xUvGynNzos7n6Nehac7Z58qEh1VsYahVWmOhihCfRBcZfVCEHLSE-IWaPPOZJjYvsS5g5MXgf57dA9tI6Td1PaBTMvvmyGGspVWg?authuser=1&fife=s16383","https://mymaps.usercontent.google.com/hostedimage/m/*/3AE5a_GwmUjFNUx-Y3661qKUOahuiJLWwofxtuDT-z4WlxK-8GIfC5DV0FVtYjSbuRWscr2UTO-s8nXOH_D-xO1vkdVX6J4OqxhesKnkThn1xbqAze27sP-YTkrONBjqsrVXPGQfoV8vs4QVf-arccHxBHx5xUvGynNzos7n6Nehac7Z58qEh1VsYahVWmOhihCfRBcZfVCEHLSE-IWaPPOZJjYvsS5g5MXgf57dA9tI6Td1PaBTMvvmyGGspVWg?authuser=1&fife=s16383","true","200","image/png","89 50 4E 47","pending_browser_validation","recovered","/assets/images/investment/investment-LY-INV-000293-02.png"
"investment","نالوت غدامس فندق باب العز","293","LY-INV-000293","https://mymaps.usercontent.google.com/hostedimage/m/*/3AE5a_Gwj2cqFxmXjo2vNtsGthSaWk46mav0gYxsbizo-UMI5lfaBXMlxLmZGjiKKVP5dblDyKdlrPSJ6fvU124l8-1J9HncUUV5d11WmvkVjmibnCUN9yWy_ESbkw6S-ZWbDo85AFUPqG71rZMVlPh3Arv2_Oenk6spuIuMPZOXJbwFMxIF2zb1K4P5QdTQpXnUYlpueSiKMPJLoI_7aQiviAuy7Z-us5PM3PsrTrWjaDvX9MZC435-qZ95En1o?authuser=1&fife=s16383","https://mymaps.usercontent.google.com/hostedimage/m/*/3AE5a_Gwj2cqFxmXjo2vNtsGthSaWk46mav0gYxsbizo-UMI5lfaBXMlxLmZGjiKKVP5dblDyKdlrPSJ6fvU124l8-1J9HncUUV5d11WmvkVjmibnCUN9yWy_ESbkw6S-ZWbDo85AFUPqG71rZMVlPh3Arv2_Oenk6spuIuMPZOXJbwFMxIF2zb1K4P5QdTQpXnUYlpueSiKMPJLoI_7aQiviAuy7Z-us5PM3PsrTrWjaDvX9MZC435-qZ95En1o?authuser=1&fife=s16383","true","200","image/png","89 50 4E 47","pending_browser_validation","recovered","/assets/images/investment/investment-LY-INV-000293-03.png"
"investment","فندق أبراج الوسطى","294","LY-INV-000294","https://mymaps.usercontent.google.com/hostedimage/m/*/3AE5a_GwP4m1PjjWtJC8EqZgoRf1zA82aMjDFxHsqKFriVn1B9Ixg1PA_AHd_-fi_CeFQ8LozvdyfEFQxQIl4KGY8_8XqOqpPAa-WuxGyIfmqQPmQdsRyQsoMGvPgt77_pz4T6cXYUD6hcOgVY7e4UnkY4cSlIud2p8N2clFAoHtXYCv1fAI1L4fvLaALYbMvxsgJSm6DFD2kYQcxViz1QgP064cgCMXAug9iCBC3KHaOsjrANy3KNDOCPcXTz0A?authuser=1&fife=s16383","https://mymaps.usercontent.google.com/hostedimage/m/*/3AE5a_GwP4m1PjjWtJC8EqZgoRf1zA82aMjDFxHsqKFriVn1B9Ixg1PA_AHd_-fi_CeFQ8LozvdyfEFQxQIl4KGY8_8XqOqpPAa-WuxGyIfmqQPmQdsRyQsoMGvPgt77_pz4T6cXYUD6hcOgVY7e4UnkY4cSlIud2p8N2clFAoHtXYCv1fAI1L4fvLaALYbMvxsgJSm6DFD2kYQcxViz1QgP064cgCMXAug9iCBC3KHaOsjrANy3KNDOCPcXTz0A?authuser=1&fife=s16383","true","200","image/png","89 50 4E 47","pending_browser_validation","recovered","/assets/images/investment/investment-LY-INV-000294-03.png"
"investment","فندق أبراج الوسطى","294","LY-INV-000294","https://mymaps.usercontent.google.com/hostedimage/m/*/3AE5a_Gw1xY8PUxXuEN4HE9RhxqfK6kxDrA2XbgG1wcqyl5WmI470wGqLjPFGFIXXknINVeBj25E3oRUY0RnDbeeRWVLXkwzKoGy_GA_hiTo0Cy9iSsI9vWzLZaIpSyyJxd4H56FcBbx-h_1G_YhKNw5GXb5OhYaHxxW4_a30vSr1IVet_eOjuA9xKPjILY6HMRd_UTmnnzlkd63DtXIv_-Q4Q404GUFqUsyKTz4nPQQ_QvAm69QezYS323nV0dU?authuser=1&fife=s16383","https://mymaps.usercontent.google.com/hostedimage/m/*/3AE5a_Gw1xY8PUxXuEN4HE9RhxqfK6kxDrA2XbgG1wcqyl5WmI470wGqLjPFGFIXXknINVeBj25E3oRUY0RnDbeeRWVLXkwzKoGy_GA_hiTo0Cy9iSsI9vWzLZaIpSyyJxd4H56FcBbx-h_1G_YhKNw5GXb5OhYaHxxW4_a30vSr1IVet_eOjuA9xKPjILY6HMRd_UTmnnzlkd63DtXIv_-Q4Q404GUFqUsyKTz4nPQQ_QvAm69QezYS323nV0dU?authuser=1&fife=s16383","true","200","image/png","89 50 4E 47","pending_browser_validation","recovered","/assets/images/investment/investment-LY-INV-000294-04.png"
"investment","فندق قصر الفيروز","296","LY-INV-000296","https://mymaps.usercontent.google.com/hostedimage/m/*/3AE5a_GxnGArw7i9Wg6pc5s-fDaFxRtlfWPPOHyGeCZWQyX1OjXr-K6koPZqXrCqm_2i_Ign2OIvMscHfWTMFNiGzm4VV1nIGbcH8f-zs0LfLi82ZrjGPDp7EDX76SkThRpJbaHOdo4RabZDoNS4xHtJItqlH_VAt30CgyDSaXCE5c-MZ7B9XT5ckQYZi610rRg5wDRVkkApP_WB5sxqTgtB1rOcq2etUKSuqAH5kkGq5uhNPPGVx7mYS8bPP2gA?authuser=1&fife=s16383","https://mymaps.usercontent.google.com/hostedimage/m/*/3AE5a_GxnGArw7i9Wg6pc5s-fDaFxRtlfWPPOHyGeCZWQyX1OjXr-K6koPZqXrCqm_2i_Ign2OIvMscHfWTMFNiGzm4VV1nIGbcH8f-zs0LfLi82ZrjGPDp7EDX76SkThRpJbaHOdo4RabZDoNS4xHtJItqlH_VAt30CgyDSaXCE5c-MZ7B9XT5ckQYZi610rRg5wDRVkkApP_WB5sxqTgtB1rOcq2etUKSuqAH5kkGq5uhNPPGVx7mYS8bPP2gA?authuser=1&fife=s16383","true","200","image/png","89 50 4E 47","pending_browser_validation","recovered","/assets/images/investment/investment-LY-INV-000296-01.png"
"investment","فندق قصر الفيروز","296","LY-INV-000296","https://mymaps.usercontent.google.com/hostedimage/m/*/3AE5a_GzJQ8rXTcrI9m1XZuIenc22HPoBH3fyS3rA9ImyEhzJ6D28L3PiSHr7dPsS_cw-eNmskQZ2Gj9nEL6Cc-Cn91fAx4KoiEd7A0v9g8efrP_7Uiqiew6EV5pg8bqB72m-EHUk2G7b-cmE6RU9ByZaNcXdQwXI3Va_rULUtelxd_KmQMvouWTWQEuRhmHpmck6LP8q8RcsGm9n_olPwfauFBBUoVZZxqzhlrhr1SaIe5sY5_G-4gvb32BvzzQ?authuser=1&fife=s16383","https://mymaps.usercontent.google.com/hostedimage/m/*/3AE5a_GzJQ8rXTcrI9m1XZuIenc22HPoBH3fyS3rA9ImyEhzJ6D28L3PiSHr7dPsS_cw-eNmskQZ2Gj9nEL6Cc-Cn91fAx4KoiEd7A0v9g8efrP_7Uiqiew6EV5pg8bqB72m-EHUk2G7b-cmE6RU9ByZaNcXdQwXI3Va_rULUtelxd_KmQMvouWTWQEuRhmHpmck6LP8q8RcsGm9n_olPwfauFBBUoVZZxqzhlrhr1SaIe5sY5_G-4gvb32BvzzQ?authuser=1&fife=s16383","true","200","image/png","89 50 4E 47","pending_browser_validation","recovered","/assets/images/investment/investment-LY-INV-000296-02.png"
"investment","فندق قصر الفيروز","296","LY-INV-000296","https://mymaps.usercontent.google.com/hostedimage/m/*/3AE5a_GxnHJxS9i-ueNa9Rgxz47bdsvDOwQvC59bq9xiNimjZ5OH4eHRctrTURorKzqyoDMyIiRN9fIvDx8aoPck_uTG3IWmABNJaTnR00lBk_v-8LDVTftaJKxdIx7sLCXg_XKKxf0OXfxtGlPUIAYaMnbbeM2iYORiW9VoTp_fyI8-wDK5WgWCVc1N13WqYAMdQ2K0OeeVne1VEvAdF09ZPXgicJp42Ie6jgYKtBBfPfvZjiu1ziSMI9qF0NZQ?authuser=1&fife=s16383","https://mymaps.usercontent.google.com/hostedimage/m/*/3AE5a_GxnHJxS9i-ueNa9Rgxz47bdsvDOwQvC59bq9xiNimjZ5OH4eHRctrTURorKzqyoDMyIiRN9fIvDx8aoPck_uTG3IWmABNJaTnR00lBk_v-8LDVTftaJKxdIx7sLCXg_XKKxf0OXfxtGlPUIAYaMnbbeM2iYORiW9VoTp_fyI8-wDK5WgWCVc1N13WqYAMdQ2K0OeeVne1VEvAdF09ZPXgicJp42Ie6jgYKtBBfPfvZjiu1ziSMI9qF0NZQ?authuser=1&fife=s16383","true","200","image/png","89 50 4E 47","pending_browser_validation","recovered","/assets/images/investment/investment-LY-INV-000296-03.png"
"investment","فندق قصر الفيروز","296","LY-INV-000296","https://mymaps.usercontent.google.com/hostedimage/m/*/3AE5a_Gz8v4RgRYhKJExK9WXDoTRqPTrUvghP4HYxBF3M4Onlp2t-JrBYjrwjnRHvVJkt4DQ5Cmx81IKhCXhupwNdN7vaYc0xqDvrLWjgTzJgs_6wcF_GT-MO3kcD5V1q1H-g0dM4Tg48_aqyeCGgfNkekFEtHK8UEvZS-BGjUV5HRN6e1PqDAB7APSuyso8KPC3etAMsjTlrL69JtETi0LdaerzyuCPaeOBY_oxedY1rGFWWHaVVrQdDwublVOY?authuser=1&fife=s16383","https://mymaps.usercontent.google.com/hostedimage/m/*/3AE5a_Gz8v4RgRYhKJExK9WXDoTRqPTrUvghP4HYxBF3M4Onlp2t-JrBYjrwjnRHvVJkt4DQ5Cmx81IKhCXhupwNdN7vaYc0xqDvrLWjgTzJgs_6wcF_GT-MO3kcD5V1q1H-g0dM4Tg48_aqyeCGgfNkekFEtHK8UEvZS-BGjUV5HRN6e1PqDAB7APSuyso8KPC3etAMsjTlrL69JtETi0LdaerzyuCPaeOBY_oxedY1rGFWWHaVVrQdDwublVOY?authuser=1&fife=s16383","true","200","image/png","89 50 4E 47","pending_browser_validation","recovered","/assets/images/investment/investment-LY-INV-000296-04.png"
"investment","فندق قصر الفيروز","296","LY-INV-000296","https://mymaps.usercontent.google.com/hostedimage/m/*/3AE5a_GxFBcvdHJpZnhZl4ruYI7VdQwjNjeUCdLm1HueFc1tISSo48RhLgPniu8DQU5x9-pY4FV3D9hLRWJ46cUkWUYqPnWtSfwuxsjzWdyxfgPtCxgOx7FRRpSdLbHRyaHTrTeFrIJrO_zticLSZbbcxkXKmzwpquVGA_qnmvqTi5hTYM9duaklM6A02PzR_Kxq-h6SqoKoWvvcT0ie9GyoTjrgrMDGvKmVHOmerXtdstBsXtgOS7s3VkxGmRKc?authuser=1&fife=s16383","https://mymaps.usercontent.google.com/hostedimage/m/*/3AE5a_GxFBcvdHJpZnhZl4ruYI7VdQwjNjeUCdLm1HueFc1tISSo48RhLgPniu8DQU5x9-pY4FV3D9hLRWJ46cUkWUYqPnWtSfwuxsjzWdyxfgPtCxgOx7FRRpSdLbHRyaHTrTeFrIJrO_zticLSZbbcxkXKmzwpquVGA_qnmvqTi5hTYM9duaklM6A02PzR_Kxq-h6SqoKoWvvcT0ie9GyoTjrgrMDGvKmVHOmerXtdstBsXtgOS7s3VkxGmRKc?authuser=1&fife=s16383","true","200","image/png","89 50 4E 47","pending_browser_validation","recovered","/assets/images/investment/investment-LY-INV-000296-05.png"
"investment","فندق قصر الفيروز","296","LY-INV-000296","https://mymaps.usercontent.google.com/hostedimage/m/*/3AE5a_Gwb3RNgIZ8j27A6KTTvVWVyfeJ59HnldK_1j1nhVz57oH3uamiQyUxsqaTewYrL84_d-7lirrzMsEs9MQAqDuBhHDQDXyA2RonhPcaFaKjO0Txkxc1VY0ojsq1LA_ihDt2GcJcHkPka_4W8RPxgMCiFRUjYlg617VXSjurqL8jhOp3Qzl-AX96YS3WR7lroaSGZ6q-spE0t6sNL5wj7qKAd5IfzaJ8zdLK0M5n6i5M54f24ev44d12AnOI?authuser=1&fife=s16383","https://mymaps.usercontent.google.com/hostedimage/m/*/3AE5a_Gwb3RNgIZ8j27A6KTTvVWVyfeJ59HnldK_1j1nhVz57oH3uamiQyUxsqaTewYrL84_d-7lirrzMsEs9MQAqDuBhHDQDXyA2RonhPcaFaKjO0Txkxc1VY0ojsq1LA_ihDt2GcJcHkPka_4W8RPxgMCiFRUjYlg617VXSjurqL8jhOp3Qzl-AX96YS3WR7lroaSGZ6q-spE0t6sNL5wj7qKAd5IfzaJ8zdLK0M5n6i5M54f24ev44d12AnOI?authuser=1&fife=s16383","true","200","image/png","89 50 4E 47","pending_browser_validation","recovered","/assets/images/investment/investment-LY-INV-000296-06.png"
"investment","Royal Gardens Hotels","297","LY-INV-000297","https://mymaps.usercontent.google.com/hostedimage/m/*/3AE5a_GyB3FQwAAI9igNoe4AYctOPEhOlFFGjIKgTsmQcWb3yaeQ58dakhFZUeWS19t7Lqfo__QZPJK4hi8LNbyKky_y9wP4nrbq5IU5HD8FpOrVVgI9KQaQzjvBlZzZG7LC8_vB5Mb6Utwl1fxTn9ignvf1j0PlPNOZVE836DGHkYidCcrgpIjynfUF2cFrs9FcLbaQtLAdj5gOZw20krZqh191bGIjoi_nMS6xw2Re8p7jjFKRu3TWE-hVyuLw?authuser=1&fife=s16383","https://mymaps.usercontent.google.com/hostedimage/m/*/3AE5a_GyB3FQwAAI9igNoe4AYctOPEhOlFFGjIKgTsmQcWb3yaeQ58dakhFZUeWS19t7Lqfo__QZPJK4hi8LNbyKky_y9wP4nrbq5IU5HD8FpOrVVgI9KQaQzjvBlZzZG7LC8_vB5Mb6Utwl1fxTn9ignvf1j0PlPNOZVE836DGHkYidCcrgpIjynfUF2cFrs9FcLbaQtLAdj5gOZw20krZqh191bGIjoi_nMS6xw2Re8p7jjFKRu3TWE-hVyuLw?authuser=1&fife=s16383","true","200","image/png","89 50 4E 47","pending_browser_validation","recovered","/assets/images/investment/investment-LY-INV-000297-01.png"
"investment","Royal Gardens Hotels","297","LY-INV-000297","https://mymaps.usercontent.google.com/hostedimage/m/*/3AE5a_GyE0RmYaAvgfJlTd7ZCMmPxOU0GV_-fDa8XBb_asPAYeLiSR-tuvz17ilPhMd1uGVayipraSOz8pyYbNQCERR_VxYZSH1MyF8mF9OPNDX5vek1wmq7BgTlYrVAPwDjuX0rSKIzDIvAXyv9T3fYXZQtF7jDqIIF2Yj17WrDazwsNhu5bkvdG_600Fv4P7UjtUE94Oq0TstlXjUZ3ZfnBaACQaYkxJ0deEAGUfZKE-iiMAX7VO8XTi9VWsHQ?authuser=1&fife=s16383","https://mymaps.usercontent.google.com/hostedimage/m/*/3AE5a_GyE0RmYaAvgfJlTd7ZCMmPxOU0GV_-fDa8XBb_asPAYeLiSR-tuvz17ilPhMd1uGVayipraSOz8pyYbNQCERR_VxYZSH1MyF8mF9OPNDX5vek1wmq7BgTlYrVAPwDjuX0rSKIzDIvAXyv9T3fYXZQtF7jDqIIF2Yj17WrDazwsNhu5bkvdG_600Fv4P7UjtUE94Oq0TstlXjUZ3ZfnBaACQaYkxJ0deEAGUfZKE-iiMAX7VO8XTi9VWsHQ?authuser=1&fife=s16383","true","200","image/png","89 50 4E 47","pending_browser_validation","recovered","/assets/images/investment/investment-LY-INV-000297-02.png"
"investment","Royal Gardens Hotels","297","LY-INV-000297","https://mymaps.usercontent.google.com/hostedimage/m/*/3AE5a_GxVuMUTuydrl8ghnQuQj3rfoIkAUzqgzE4ZCLE1NBu81S1lwaQQrr6MFCDjBGxHR9ORCcMqSF78HzHJhBmF30gkjaNBdazLnKEVFKL2pDy97_H5oO78ihbLWVRYL8v7wD9ypvCxgpFH2eN-HTMsEAi8TrKLF982fBIRcJe94raDTjgtishZvphjkUoS4v0oTZ50KyO7tjQ6n9oANVuX5ahyDb4AQLF7_mYlIoalBD58tyXYCSfCeS40oZk?authuser=1&fife=s16383","https://mymaps.usercontent.google.com/hostedimage/m/*/3AE5a_GxVuMUTuydrl8ghnQuQj3rfoIkAUzqgzE4ZCLE1NBu81S1lwaQQrr6MFCDjBGxHR9ORCcMqSF78HzHJhBmF30gkjaNBdazLnKEVFKL2pDy97_H5oO78ihbLWVRYL8v7wD9ypvCxgpFH2eN-HTMsEAi8TrKLF982fBIRcJe94raDTjgtishZvphjkUoS4v0oTZ50KyO7tjQ6n9oANVuX5ahyDb4AQLF7_mYlIoalBD58tyXYCSfCeS40oZk?authuser=1&fife=s16383","true","200","image/png","89 50 4E 47","pending_browser_validation","recovered","/assets/images/investment/investment-LY-INV-000297-03.png"
"investment","Royal Gardens Hotels","297","LY-INV-000297","https://mymaps.usercontent.google.com/hostedimage/m/*/3AE5a_GyE0RmYaAvgfJlTd7ZCMmPxOU0GV_-fDa8XBb_asPAYeLiSR-tuvz17ilPhMd1uGVayipraSOz8pyYbNQCERR_VxYZSH1MyF8mF9OPNDX5vek1wmq7BgTlYrVAPwDjuX0rSKIzDIvAXyv9T3fYXZQtF7jDqIIF2Yj17WrDazwsNhu5bkvdG_600Fv4P7UjtUE94Oq0TstlXjUZ3ZfnBaACQaYkxJ0deEAGUfZKE-iiMAX7VO8XTi9VWsHQ?authuser=1=s16383","https://mymaps.usercontent.google.com/hostedimage/m/*/3AE5a_GyE0RmYaAvgfJlTd7ZCMmPxOU0GV_-fDa8XBb_asPAYeLiSR-tuvz17ilPhMd1uGVayipraSOz8pyYbNQCERR_VxYZSH1MyF8mF9OPNDX5vek1wmq7BgTlYrVAPwDjuX0rSKIzDIvAXyv9T3fYXZQtF7jDqIIF2Yj17WrDazwsNhu5bkvdG_600Fv4P7UjtUE94Oq0TstlXjUZ3ZfnBaACQaYkxJ0deEAGUfZKE-iiMAX7VO8XTi9VWsHQ?authuser=1=s16383","true","200","image/png","89 50 4E 47","pending_browser_validation","recovered","/assets/images/investment/investment-LY-INV-000297-05.png"
"investment","Royal Gardens Hotels","297","LY-INV-000297","https://mymaps.usercontent.google.com/hostedimage/m/*/3AE5a_GxVuMUTuydrl8ghnQuQj3rfoIkAUzqgzE4ZCLE1NBu81S1lwaQQrr6MFCDjBGxHR9ORCcMqSF78HzHJhBmF30gkjaNBdazLnKEVFKL2pDy97_H5oO78ihbLWVRYL8v7wD9ypvCxgpFH2eN-HTMsEAi8TrKLF982fBIRcJe94raDTjgtishZvphjkUoS4v0oTZ50KyO7tjQ6n9oANVuX5ahyDb4AQLF7_mYlIoalBD58tyXYCSfCeS40oZk?authuser=1=s16383","https://mymaps.usercontent.google.com/hostedimage/m/*/3AE5a_GxVuMUTuydrl8ghnQuQj3rfoIkAUzqgzE4ZCLE1NBu81S1lwaQQrr6MFCDjBGxHR9ORCcMqSF78HzHJhBmF30gkjaNBdazLnKEVFKL2pDy97_H5oO78ihbLWVRYL8v7wD9ypvCxgpFH2eN-HTMsEAi8TrKLF982fBIRcJe94raDTjgtishZvphjkUoS4v0oTZ50KyO7tjQ6n9oANVuX5ahyDb4AQLF7_mYlIoalBD58tyXYCSfCeS40oZk?authuser=1=s16383","true","200","image/png","89 50 4E 47","pending_browser_validation","recovered","/assets/images/investment/investment-LY-INV-000297-03.png"
"investment","فندق الانوار","299","LY-INV-000299","https://mymaps.usercontent.google.com/hostedimage/m/*/3AE5a_Gx51lVx3aZGLJeecn39B7i2q1YqZcyTF_q862FFK6q98Y2fCNPylD1vTwEuc9l24Yzw3P0Ko9aKjkYffVEg1HICaxLfitFyBQx3tJrPmtu9EV7Uvapcwp127_BxO6F0Ao6kSuOb5xSLYIoqg4I1sQBgPi806XD_tif079yFfpCld9qNANXq11CgQ0X2iPjy2Xgs0jz7hqpxzoYvFnuBdBLpqYEXV40FZ14NIxIgWm0QdYVb_fhYG_Ff0us?authuser=1&fife=s16383","https://mymaps.usercontent.google.com/hostedimage/m/*/3AE5a_Gx51lVx3aZGLJeecn39B7i2q1YqZcyTF_q862FFK6q98Y2fCNPylD1vTwEuc9l24Yzw3P0Ko9aKjkYffVEg1HICaxLfitFyBQx3tJrPmtu9EV7Uvapcwp127_BxO6F0Ao6kSuOb5xSLYIoqg4I1sQBgPi806XD_tif079yFfpCld9qNANXq11CgQ0X2iPjy2Xgs0jz7hqpxzoYvFnuBdBLpqYEXV40FZ14NIxIgWm0QdYVb_fhYG_Ff0us?authuser=1&fife=s16383","true","200","image/png","89 50 4E 47","pending_browser_validation","recovered","/assets/images/investment/investment-LY-INV-000299-01.png"
"investment","فندق الأخوة","300","LY-INV-000300","https://mymaps.usercontent.google.com/hostedimage/m/*/3AE5a_GwFfk9fZmQ4X_BVEe5AiOZcb_4fZGIdRWfmCsYb2yDpOsdj9cr1C50XdOllpZkhqx6nurGO8xWr2gPr6YBiPznYa3olRfmEd2TKPQo88zj0JuU_UDa-Ew4XFZrLY-J8871UDz8Z8pBTqVL9xojLZxzKmHsBlPQi-q_AdMhkc7u4WAbFWiJvVPhHGE_zCgjSig4tC9IrhIeS___TqTwqHRjHD2XQMa4sN5QUsWJNgHpPbEgmqI0B8lLgTK0?authuser=1&fife=s16383","https://mymaps.usercontent.google.com/hostedimage/m/*/3AE5a_GwFfk9fZmQ4X_BVEe5AiOZcb_4fZGIdRWfmCsYb2yDpOsdj9cr1C50XdOllpZkhqx6nurGO8xWr2gPr6YBiPznYa3olRfmEd2TKPQo88zj0JuU_UDa-Ew4XFZrLY-J8871UDz8Z8pBTqVL9xojLZxzKmHsBlPQi-q_AdMhkc7u4WAbFWiJvVPhHGE_zCgjSig4tC9IrhIeS___TqTwqHRjHD2XQMa4sN5QUsWJNgHpPbEgmqI0B8lLgTK0?authuser=1&fife=s16383","true","200","image/png","89 50 4E 47","pending_browser_validation","recovered","/assets/images/investment/investment-LY-INV-000300-01.png"
"investment","فندق الأخوة","300","LY-INV-000300","https://mymaps.usercontent.google.com/hostedimage/m/*/3AE5a_GxbNuxvW3fBWEkX_Q_5ZEG5ni-Dzs4caRxDZf-_WedQu1dJougICj9uivDXHs3UzNqAxUsewSVIxQd2gU4XVtnHuK2gVF-iajhsPtWU8LyOWQaET23buFiQ5rshAdU0EveiFGVtoAkICWqIQnO2SqbdfIcqvY1NqE8Y9nOjb_32fNooKXH3AVDMxeLmQBM82sy2AWW5CJnsOOtae3ancvW8-wKOvWp9FFHPiTGrzSG8hbBYYv_ulcDqvFg?authuser=1&fife=s16383","https://mymaps.usercontent.google.com/hostedimage/m/*/3AE5a_GxbNuxvW3fBWEkX_Q_5ZEG5ni-Dzs4caRxDZf-_WedQu1dJougICj9uivDXHs3UzNqAxUsewSVIxQd2gU4XVtnHuK2gVF-iajhsPtWU8LyOWQaET23buFiQ5rshAdU0EveiFGVtoAkICWqIQnO2SqbdfIcqvY1NqE8Y9nOjb_32fNooKXH3AVDMxeLmQBM82sy2AWW5CJnsOOtae3ancvW8-wKOvWp9FFHPiTGrzSG8hbBYYv_ulcDqvFg?authuser=1&fife=s16383","true","200","image/png","89 50 4E 47","pending_browser_validation","recovered","/assets/images/investment/investment-LY-INV-000300-02.png"
"investment","فندق الأخوة","300","LY-INV-000300","https://mymaps.usercontent.google.com/hostedimage/m/*/3AE5a_GwqWVNzdkTdMZdKbiS_Vz-b54eO-CsjGI9Slu7W0PUW5quAhGThC0mj3iX1SLse4RZWoFXLYHRrQ0SK4JX5pbXj7r9Ww2cFSkR0cL_szcA94_i7lm_Wm0BcQcoyGz1ropax-92Gatjy630xp3YBFNEwCByKS3fEDNm_hYTHiwJkO0K_9w9Pq9iGzYm7SNchcIC_fB-N6xowC6fsZY6ZVHErGT04oWsA6tiWLCSvu17QCazCEFb17lEL5K0?authuser=1&fife=s16383","https://mymaps.usercontent.google.com/hostedimage/m/*/3AE5a_GwqWVNzdkTdMZdKbiS_Vz-b54eO-CsjGI9Slu7W0PUW5quAhGThC0mj3iX1SLse4RZWoFXLYHRrQ0SK4JX5pbXj7r9Ww2cFSkR0cL_szcA94_i7lm_Wm0BcQcoyGz1ropax-92Gatjy630xp3YBFNEwCByKS3fEDNm_hYTHiwJkO0K_9w9Pq9iGzYm7SNchcIC_fB-N6xowC6fsZY6ZVHErGT04oWsA6tiWLCSvu17QCazCEFb17lEL5K0?authuser=1&fife=s16383","true","200","image/png","89 50 4E 47","pending_browser_validation","recovered","/assets/images/investment/investment-LY-INV-000300-03.png"
"investment","فندق الأخوة","300","LY-INV-000300","https://mymaps.usercontent.google.com/hostedimage/m/*/3AE5a_Gzwb0LfoZzGC9ZR7NDCYZcAMioNzHHU1laFYANyITlMtkUDwO56xEPbGrYIPQhpQdg4vhcRELF3aTaFet5RudmN32Rcy4qFqkrqPtrhyCorha_Oy47YP3u2QTrXn88RQruotHrWuL4o6ST5vLqIJT61OZOfcfsYZHAcmq-YwbL8KpUsK7reB7n_2aYnmnBCvzqRKcto5aYmqlO1BwpjC7LtD33S2a5fuFe55Y6bcyKKWB11jKWsX35wYEE?authuser=1&fife=s16383","https://mymaps.usercontent.google.com/hostedimage/m/*/3AE5a_Gzwb0LfoZzGC9ZR7NDCYZcAMioNzHHU1laFYANyITlMtkUDwO56xEPbGrYIPQhpQdg4vhcRELF3aTaFet5RudmN32Rcy4qFqkrqPtrhyCorha_Oy47YP3u2QTrXn88RQruotHrWuL4o6ST5vLqIJT61OZOfcfsYZHAcmq-YwbL8KpUsK7reB7n_2aYnmnBCvzqRKcto5aYmqlO1BwpjC7LtD33S2a5fuFe55Y6bcyKKWB11jKWsX35wYEE?authuser=1&fife=s16383","true","200","image/png","89 50 4E 47","pending_browser_validation","recovered","/assets/images/investment/investment-LY-INV-000300-04.png"
"investment","فندق الأصالة","301","LY-INV-000301","https://mymaps.usercontent.google.com/hostedimage/m/*/3AE5a_Gwu8-BlWkHn5Fgt26cs85ouLBzveFoq1gcw3mQquBoBsAo-8G0nEH4PAE-CRg3FP-mjrk2vTiHua6jxWS_jZ9fVmz8V7pHiqHmMs8bb6ubZ9cG07flAdJzDuXCk5na6eEZtx7fe_fLaPtpGyel2ph4-on361ZhHSeg649S810BMsJsheJb5V8lq0JMajYKFuKAjTG75rJYQUvQozFMznYeyyiZl3CIEDi_EbibRkr2hQUMzHGSo_GI1UlA?authuser=1&fife=s16383","https://mymaps.usercontent.google.com/hostedimage/m/*/3AE5a_Gwu8-BlWkHn5Fgt26cs85ouLBzveFoq1gcw3mQquBoBsAo-8G0nEH4PAE-CRg3FP-mjrk2vTiHua6jxWS_jZ9fVmz8V7pHiqHmMs8bb6ubZ9cG07flAdJzDuXCk5na6eEZtx7fe_fLaPtpGyel2ph4-on361ZhHSeg649S810BMsJsheJb5V8lq0JMajYKFuKAjTG75rJYQUvQozFMznYeyyiZl3CIEDi_EbibRkr2hQUMzHGSo_GI1UlA?authuser=1&fife=s16383","true","200","image/png","89 50 4E 47","pending_browser_validation","recovered","/assets/images/investment/investment-LY-INV-000301-01.png"
"investment","فندق الأصالة","301","LY-INV-000301","https://mymaps.usercontent.google.com/hostedimage/m/*/3AE5a_GxceGZYMq0TZpCOiy32Y0jDSoE-CpBOpNG_vRIy_dePCr7ga1Z032XdeYsoI9WTpy_BHtg0fQ1moOcYADvg1x6jHXPAdHNsTEP2jpx1zbgDGvpgeJ4YFdYOiYxHMqeNyb4tos2G6BYv0CSA93HuOGhA0YJpNaRgde17oKV93_7aBQtvWI1VGVRjJZ2rNjaE8Lr3NVuuBi3UCIj8Ch9jKt-Q0GYDF-VXE5W7gLbju0rn_0HoQ_8hBB9PCME?authuser=1&fife=s16383","https://mymaps.usercontent.google.com/hostedimage/m/*/3AE5a_GxceGZYMq0TZpCOiy32Y0jDSoE-CpBOpNG_vRIy_dePCr7ga1Z032XdeYsoI9WTpy_BHtg0fQ1moOcYADvg1x6jHXPAdHNsTEP2jpx1zbgDGvpgeJ4YFdYOiYxHMqeNyb4tos2G6BYv0CSA93HuOGhA0YJpNaRgde17oKV93_7aBQtvWI1VGVRjJZ2rNjaE8Lr3NVuuBi3UCIj8Ch9jKt-Q0GYDF-VXE5W7gLbju0rn_0HoQ_8hBB9PCME?authuser=1&fife=s16383","true","200","image/png","89 50 4E 47","pending_browser_validation","recovered","/assets/images/investment/investment-LY-INV-000301-02.png"
"investment","فندق الأصالة","301","LY-INV-000301","https://mymaps.usercontent.google.com/hostedimage/m/*/3AE5a_Gwr1XhB83O0g-hJFX691wfnIgcaNPgoB7VXEAlHeQvsefM9ZYARCrrPR4-kRuWpnK8w-56Rrc-pWFwJqUDq9ilaRBoWaBn-fnepQ24IHxZKJZWJJxVB320C3DABEKP3cWJBbiC6lYwer88iohHhUIc2rfvPcF5l9GhiDKT-VK_d7g5DDa1UaYDn9WqnuzEJRvyMtA3JeUs-y0gseIFjn8DyjXPczx_CEEfc7Ht7iKuBDXgGFzvhRfPQHJo?authuser=1&fife=s16383","https://mymaps.usercontent.google.com/hostedimage/m/*/3AE5a_Gwr1XhB83O0g-hJFX691wfnIgcaNPgoB7VXEAlHeQvsefM9ZYARCrrPR4-kRuWpnK8w-56Rrc-pWFwJqUDq9ilaRBoWaBn-fnepQ24IHxZKJZWJJxVB320C3DABEKP3cWJBbiC6lYwer88iohHhUIc2rfvPcF5l9GhiDKT-VK_d7g5DDa1UaYDn9WqnuzEJRvyMtA3JeUs-y0gseIFjn8DyjXPczx_CEEfc7Ht7iKuBDXgGFzvhRfPQHJo?authuser=1&fife=s16383","true","200","image/png","89 50 4E 47","pending_browser_validation","recovered","/assets/images/investment/investment-LY-INV-000301-03.png"
"investment","فندق الأصيل","302","LY-INV-000302","https://mymaps.usercontent.google.com/hostedimage/m/*/3AE5a_GzfDSC5T7uXEbO3jpRxhLY3yuPYH4XluVYJZZmlk5QE7dveeJJPsoae-VVfNhmGUK9SG4Jni66vH4DNTKDFDnJOOF-0jo8jPTN7KogL2zNuQHMPEuIuD19y2ALiOBD24ShTnxlqaLI5jEOHSO-ta2PJ-gQYyujfKEVo58zgIOCnc3UI9iROqYqAyAj35eoRuS6ltEc14ORDAUhd1MfelC5vWEO2SGDRSa73fU4MkSyITyv_foKHSQo51h4?authuser=1&fife=s16383","https://mymaps.usercontent.google.com/hostedimage/m/*/3AE5a_GzfDSC5T7uXEbO3jpRxhLY3yuPYH4XluVYJZZmlk5QE7dveeJJPsoae-VVfNhmGUK9SG4Jni66vH4DNTKDFDnJOOF-0jo8jPTN7KogL2zNuQHMPEuIuD19y2ALiOBD24ShTnxlqaLI5jEOHSO-ta2PJ-gQYyujfKEVo58zgIOCnc3UI9iROqYqAyAj35eoRuS6ltEc14ORDAUhd1MfelC5vWEO2SGDRSa73fU4MkSyITyv_foKHSQo51h4?authuser=1&fife=s16383","true","200","image/png","89 50 4E 47","pending_browser_validation","recovered","/assets/images/investment/investment-LY-INV-000302-01.png"
"investment","فندق الأصيل","302","LY-INV-000302","https://mymaps.usercontent.google.com/hostedimage/m/*/3AE5a_GyaReCKcy7P5r87TxQBYSxJJrEbhq824s0hBtkFFT8RJCQQIIqQ-dTJ0tfV-w40e3A7HLfmVuMGurjceEvSpvCMiMyP-MW2rNgq2OnH5oxvdVSwfNT7BaxnPGberfYXrODs1U6fkyn_Jhm0GpQTzQp2rxUgl14JPTbv2Th3aurj1gVEVbuzCoA1OVCR6eRmEsH-1IOCVxbEoeYIfH860h7LwjtSbhUT6A3G_DSlrD9_NzoBYz6urrISRrc?authuser=1&fife=s16383","https://mymaps.usercontent.google.com/hostedimage/m/*/3AE5a_GyaReCKcy7P5r87TxQBYSxJJrEbhq824s0hBtkFFT8RJCQQIIqQ-dTJ0tfV-w40e3A7HLfmVuMGurjceEvSpvCMiMyP-MW2rNgq2OnH5oxvdVSwfNT7BaxnPGberfYXrODs1U6fkyn_Jhm0GpQTzQp2rxUgl14JPTbv2Th3aurj1gVEVbuzCoA1OVCR6eRmEsH-1IOCVxbEoeYIfH860h7LwjtSbhUT6A3G_DSlrD9_NzoBYz6urrISRrc?authuser=1&fife=s16383","true","200","image/png","89 50 4E 47","pending_browser_validation","recovered","/assets/images/investment/investment-LY-INV-000302-02.png"
"investment","فندق الأصيل","302","LY-INV-000302","https://mymaps.usercontent.google.com/hostedimage/m/*/3AE5a_GwQ4Xi8QsqUCrruq0cr1U5Dtzhd0cB7CPk2mvAioN3s_IzDwOBzSk3EA3NdAF57Sc9_cxtofuKLZnU0qOfWmO7XXtfW95LxzFDn8ACxDCbn3N3Tyox4cSKV4HwQOFk6CZnqvP1pfpY0eiO34udqExJbA3U8TY4pQ31uO_kElBAsbm_h9biizY7eiOetLOnggj7B5zbGLJ7WRAsPr1bsTt-ZFgvjcr-AxFrZpKW9uZOpu0ZQwBWExhaHhvg?authuser=1&fife=s16383","https://mymaps.usercontent.google.com/hostedimage/m/*/3AE5a_GwQ4Xi8QsqUCrruq0cr1U5Dtzhd0cB7CPk2mvAioN3s_IzDwOBzSk3EA3NdAF57Sc9_cxtofuKLZnU0qOfWmO7XXtfW95LxzFDn8ACxDCbn3N3Tyox4cSKV4HwQOFk6CZnqvP1pfpY0eiO34udqExJbA3U8TY4pQ31uO_kElBAsbm_h9biizY7eiOetLOnggj7B5zbGLJ7WRAsPr1bsTt-ZFgvjcr-AxFrZpKW9uZOpu0ZQwBWExhaHhvg?authuser=1&fife=s16383","true","200","image/png","89 50 4E 47","pending_browser_validation","recovered","/assets/images/investment/investment-LY-INV-000302-03.png"
"investment","فندق الأصيل","302","LY-INV-000302","https://mymaps.usercontent.google.com/hostedimage/m/*/3AE5a_GwxQeqNg7XMvRYsj3-prJrRz2wTYr7OaFgyENWXk1Ym9kZTqHfTFfhZGCms43h9kFqTfdx-HE7GNCg6UB9KDG9qWZNUiU9e4UcMMlpIp6xk2Um84978SK6BeetSqCJUTi7hMRz9YBRqfIxLbmmRSm3eMRzwVba-JGhFXi_TgG8p4MSFEjrj_ET2zYLHAHzmqeOpMcmbQ6vIrGSmccqnvbYx9xEF8zRI_vkp3gjt7jmH_N51u0UC6KaIyaw?authuser=1&fife=s16383","https://mymaps.usercontent.google.com/hostedimage/m/*/3AE5a_GwxQeqNg7XMvRYsj3-prJrRz2wTYr7OaFgyENWXk1Ym9kZTqHfTFfhZGCms43h9kFqTfdx-HE7GNCg6UB9KDG9qWZNUiU9e4UcMMlpIp6xk2Um84978SK6BeetSqCJUTi7hMRz9YBRqfIxLbmmRSm3eMRzwVba-JGhFXi_TgG8p4MSFEjrj_ET2zYLHAHzmqeOpMcmbQ6vIrGSmccqnvbYx9xEF8zRI_vkp3gjt7jmH_N51u0UC6KaIyaw?authuser=1&fife=s16383","true","200","image/png","89 50 4E 47","pending_browser_validation","recovered","/assets/images/investment/investment-LY-INV-000302-04.png"
"investment","فندق الأصيل","302","LY-INV-000302","https://mymaps.usercontent.google.com/hostedimage/m/*/3AE5a_GxwRS9_Eawq0nFIRaUP0y_riaR3a3hbQxM3J0MgcZWfZBXs_5ca9_GdBdPeEECkM4yyDp9F8lKEVecudzFqzl63K0vLfZIeFMlNWSWUEQ10UERAnUui6I5tpPx8kjcQZsyYvIm1y0hAdHTYjgRF_9L1Ue6IBMmvEBpeazEzuLeQWx_bP32qLQ46NwLw2Sm92oS6pwjc7GC40r8FN1RfdYe8xD_VsYBXSYpjTPD-lrosOxxjk-a6jcut3bE?authuser=1&fife=s16383","https://mymaps.usercontent.google.com/hostedimage/m/*/3AE5a_GxwRS9_Eawq0nFIRaUP0y_riaR3a3hbQxM3J0MgcZWfZBXs_5ca9_GdBdPeEECkM4yyDp9F8lKEVecudzFqzl63K0vLfZIeFMlNWSWUEQ10UERAnUui6I5tpPx8kjcQZsyYvIm1y0hAdHTYjgRF_9L1Ue6IBMmvEBpeazEzuLeQWx_bP32qLQ46NwLw2Sm92oS6pwjc7GC40r8FN1RfdYe8xD_VsYBXSYpjTPD-lrosOxxjk-a6jcut3bE?authuser=1&fife=s16383","true","200","image/png","89 50 4E 47","pending_browser_validation","recovered","/assets/images/investment/investment-LY-INV-000302-05.png"
"investment","فندق الأندلس","303","LY-INV-000303","https://mymaps.usercontent.google.com/hostedimage/m/*/3AE5a_GzsBPBvhmZ25c1Ia33L_5GW8e0fDFCXn-bP57mj4kgkWSQ_3ZkuVdRGUcxnTl2NWhEggUGB64X5DhmtFCN4_O64zeg0NayAlKpitg225yEX6w3CrTFCqXfT3uaUjziSXH74xogMtCBw3NZi2FNhUJrFVLolHgFL_fzc8ABdb3q-wKXimtjJEmn9J3L-BIFW50OetPH06ASFlE16fppgF0_52h1KXY1YhZPaSEth6UpKhPHgaLmHiTtSIvo?authuser=1&fife=s16383","https://mymaps.usercontent.google.com/hostedimage/m/*/3AE5a_GzsBPBvhmZ25c1Ia33L_5GW8e0fDFCXn-bP57mj4kgkWSQ_3ZkuVdRGUcxnTl2NWhEggUGB64X5DhmtFCN4_O64zeg0NayAlKpitg225yEX6w3CrTFCqXfT3uaUjziSXH74xogMtCBw3NZi2FNhUJrFVLolHgFL_fzc8ABdb3q-wKXimtjJEmn9J3L-BIFW50OetPH06ASFlE16fppgF0_52h1KXY1YhZPaSEth6UpKhPHgaLmHiTtSIvo?authuser=1&fife=s16383","true","200","image/png","89 50 4E 47","pending_browser_validation","recovered","/assets/images/investment/investment-LY-INV-000303-01.png"
"investment","فندق الأندلس","303","LY-INV-000303","https://mymaps.usercontent.google.com/hostedimage/m/*/3AE5a_Gy2jw2tBzKvuDHI8eBXyw7u7insdj9RKEPLm0JI5hh9TO8HMYbCG8C-BsO9NkwaAwUc2tyGDPBOrOkkRR6k9lvx9AShNT1pRaXKjlnmLEp7V-gMsvWE-qQis85-QAFpCcLH633ZAM5OyF2QdC1u-G39rdLxpXw-F63BKrbExFXrqiZMtiB2LXa_q1mbnD0gzLHt6cmSmTbk8nC5zqOfsgApOwz7qbjsj_lZgjLfL5y-Qw6JaMD7wM3e4y0?authuser=1&fife=s16383","https://mymaps.usercontent.google.com/hostedimage/m/*/3AE5a_Gy2jw2tBzKvuDHI8eBXyw7u7insdj9RKEPLm0JI5hh9TO8HMYbCG8C-BsO9NkwaAwUc2tyGDPBOrOkkRR6k9lvx9AShNT1pRaXKjlnmLEp7V-gMsvWE-qQis85-QAFpCcLH633ZAM5OyF2QdC1u-G39rdLxpXw-F63BKrbExFXrqiZMtiB2LXa_q1mbnD0gzLHt6cmSmTbk8nC5zqOfsgApOwz7qbjsj_lZgjLfL5y-Qw6JaMD7wM3e4y0?authuser=1&fife=s16383","true","200","image/png","89 50 4E 47","pending_browser_validation","recovered","/assets/images/investment/investment-LY-INV-000303-02.png"
"investment","فندق الأندلس","303","LY-INV-000303","https://mymaps.usercontent.google.com/hostedimage/m/*/3AE5a_Gz27UQ96AEar___Hhz3qP7RVZBH_058ViJ4lzXIEQtEV7DgcWIm51V3GoKnWgpEgxZg7UdoDuUPYDho5LIrwMQE30w1SmTRjvQGQpjt5k2NIZvL8s1IKicRKlbX7DQ_taCRoXCaAxRNXpjC5llp7MH9JkGrcqcXocy3FHF-3UM8a6topcWjNNBkTuFYO_GtAPVcG_GSIeLZUV4rlhkuG2FIHw-CupHTVgAKlKMRYmaNE0XlNFL7n7-whwM?authuser=1&fife=s16383","https://mymaps.usercontent.google.com/hostedimage/m/*/3AE5a_Gz27UQ96AEar___Hhz3qP7RVZBH_058ViJ4lzXIEQtEV7DgcWIm51V3GoKnWgpEgxZg7UdoDuUPYDho5LIrwMQE30w1SmTRjvQGQpjt5k2NIZvL8s1IKicRKlbX7DQ_taCRoXCaAxRNXpjC5llp7MH9JkGrcqcXocy3FHF-3UM8a6topcWjNNBkTuFYO_GtAPVcG_GSIeLZUV4rlhkuG2FIHw-CupHTVgAKlKMRYmaNE0XlNFL7n7-whwM?authuser=1&fife=s16383","true","200","image/png","89 50 4E 47","pending_browser_validation","recovered","/assets/images/investment/investment-LY-INV-000303-03.png"
"investment","فندق البركة","304","LY-INV-000304","https://mymaps.usercontent.google.com/hostedimage/m/*/3AE5a_Gxrwyfu-hEXR7JsKkYt8afPEZH1Iz7-sSiH1OId4I3LfqFKxvPPEg1xzIOeCj8uLGlh-pOhUMXAO4sIweJT40Q4ANH4_AU-ZnylLlyRFB3pDx2r07rlytFr7XRV4z_IyWMPGsSAbrUi8OsZtvHmbCrezk4X21MT5UCuq9V96JsehpsRLKNrqzNvH61GmpOlrcvw_A7k8cnx4w0kEvi2BpMCLusFPxVkgXCiXolCZFKrv82YurODNG9SY5M?authuser=1&fife=s16383","https://mymaps.usercontent.google.com/hostedimage/m/*/3AE5a_Gxrwyfu-hEXR7JsKkYt8afPEZH1Iz7-sSiH1OId4I3LfqFKxvPPEg1xzIOeCj8uLGlh-pOhUMXAO4sIweJT40Q4ANH4_AU-ZnylLlyRFB3pDx2r07rlytFr7XRV4z_IyWMPGsSAbrUi8OsZtvHmbCrezk4X21MT5UCuq9V96JsehpsRLKNrqzNvH61GmpOlrcvw_A7k8cnx4w0kEvi2BpMCLusFPxVkgXCiXolCZFKrv82YurODNG9SY5M?authuser=1&fife=s16383","true","200","image/png","89 50 4E 47","pending_browser_validation","recovered","/assets/images/investment/investment-LY-INV-000304-01.png"
"investment","فندق البركة","304","LY-INV-000304","https://mymaps.usercontent.google.com/hostedimage/m/*/3AE5a_GyxTCjpWruESCKkfeQlYRTqdBeiyEFISbUM3xZ5S6HXiJxheBf1tAoOhuJ-xvi25hU_axTRap4oRnXGyHxFm_Qhn6izh0MnPTVM9EALZkaOKrNYqZyjE7APnO7-RsivtHdzXIlZ9kwskAZr65ktUJ4qWxJ3BF8VzDJQ4YreBCSn-y8EweHSd4gI-Kzs_JJWwftC5aXhYh1ooqqMwdpFrd8PweRiBcnN889ZNFRYVb87h8m5cE37ZaRWTjI?authuser=1&fife=s16383","https://mymaps.usercontent.google.com/hostedimage/m/*/3AE5a_GyxTCjpWruESCKkfeQlYRTqdBeiyEFISbUM3xZ5S6HXiJxheBf1tAoOhuJ-xvi25hU_axTRap4oRnXGyHxFm_Qhn6izh0MnPTVM9EALZkaOKrNYqZyjE7APnO7-RsivtHdzXIlZ9kwskAZr65ktUJ4qWxJ3BF8VzDJQ4YreBCSn-y8EweHSd4gI-Kzs_JJWwftC5aXhYh1ooqqMwdpFrd8PweRiBcnN889ZNFRYVb87h8m5cE37ZaRWTjI?authuser=1&fife=s16383","true","200","image/png","89 50 4E 47","pending_browser_validation","recovered","/assets/images/investment/investment-LY-INV-000304-02.png"
"investment","فندق البركة","304","LY-INV-000304","https://mymaps.usercontent.google.com/hostedimage/m/*/3AE5a_GyaJ_IM7aDiB50xUDW8PCuE6v_2Z6SlqQPoTFbolk_8mAlkN95I1sd-tVbLoFdsWfaRGhoPVLzUkdthXmzYPfDdLMa879eULj4Vg9mwhR-5z9tgtCTljGMU0Z7RA5cVCCGxlyBVOYJB4kcfxcwc9jWUmREFR14_rRgfeMuKqQdoFqfa5v7PC2N-uY5OD_Ph9P2t0iBSDxSkIGUljwOnd2s3QrvOkBR_4xkoQOTtVyz3eFiM1pq0a4ya6dU?authuser=1&fife=s16383","https://mymaps.usercontent.google.com/hostedimage/m/*/3AE5a_GyaJ_IM7aDiB50xUDW8PCuE6v_2Z6SlqQPoTFbolk_8mAlkN95I1sd-tVbLoFdsWfaRGhoPVLzUkdthXmzYPfDdLMa879eULj4Vg9mwhR-5z9tgtCTljGMU0Z7RA5cVCCGxlyBVOYJB4kcfxcwc9jWUmREFR14_rRgfeMuKqQdoFqfa5v7PC2N-uY5OD_Ph9P2t0iBSDxSkIGUljwOnd2s3QrvOkBR_4xkoQOTtVyz3eFiM1pq0a4ya6dU?authuser=1&fife=s16383","true","200","image/png","89 50 4E 47","pending_browser_validation","recovered","/assets/images/investment/investment-LY-INV-000304-03.png"
"investment","فندق البركة","304","LY-INV-000304","https://mymaps.usercontent.google.com/hostedimage/m/*/3AE5a_Gx0kVkGIgn6olE9QGGoQW_dHbtaML0KWbgPlBj6v9WKb6_KVyfOBKDUycaPvV7yULkXSFW4le3mxozYXlr-SRPLsErp8B3NMtWCTLGpzmCfBsb-2R9nm5syET-Z4s0fO8QsO-GiqrLWwaXiaR4Mf5w90DvtxuQSAavXBlgNhCwm4lSkfeo5aL-qtjOKsY577Q1c9nG3LdehTkCNKNno1IrS8eGxEEX41bRtAHCQEfjj5bKdDhkQyRiX_9U?authuser=1&fife=s16383","https://mymaps.usercontent.google.com/hostedimage/m/*/3AE5a_Gx0kVkGIgn6olE9QGGoQW_dHbtaML0KWbgPlBj6v9WKb6_KVyfOBKDUycaPvV7yULkXSFW4le3mxozYXlr-SRPLsErp8B3NMtWCTLGpzmCfBsb-2R9nm5syET-Z4s0fO8QsO-GiqrLWwaXiaR4Mf5w90DvtxuQSAavXBlgNhCwm4lSkfeo5aL-qtjOKsY577Q1c9nG3LdehTkCNKNno1IrS8eGxEEX41bRtAHCQEfjj5bKdDhkQyRiX_9U?authuser=1&fife=s16383","true","200","image/png","89 50 4E 47","pending_browser_validation","recovered","/assets/images/investment/investment-LY-INV-000304-04.png"
"investment","فندق البستان","305","LY-INV-000305","https://mymaps.usercontent.google.com/hostedimage/m/*/3AE5a_GygkssttXrwWln9GMSK85J1sfOChGGVe-RV6hI0LGRSN7MTsl9CGthT-e-7YQUVc8iLSEH18w2B22nwM2279neqzkzt-DYCoqYGbzA-hCsEk1aLEGmcwL96_LdsPrZnt7_OWBBVO66HW1kPDwrS4SczQiqngNToFUcVJ8U1JyJiKyYGEaEX6vCNbnYzqMiN2fMcHNN-QdmEW7R7yODPQjvKNFIN63rE1dH6mwsP8Slcp6Skn0-H2yvGg5M?authuser=1&fife=s16383","https://mymaps.usercontent.google.com/hostedimage/m/*/3AE5a_GygkssttXrwWln9GMSK85J1sfOChGGVe-RV6hI0LGRSN7MTsl9CGthT-e-7YQUVc8iLSEH18w2B22nwM2279neqzkzt-DYCoqYGbzA-hCsEk1aLEGmcwL96_LdsPrZnt7_OWBBVO66HW1kPDwrS4SczQiqngNToFUcVJ8U1JyJiKyYGEaEX6vCNbnYzqMiN2fMcHNN-QdmEW7R7yODPQjvKNFIN63rE1dH6mwsP8Slcp6Skn0-H2yvGg5M?authuser=1&fife=s16383","true","200","image/png","89 50 4E 47","pending_browser_validation","recovered","/assets/images/investment/investment-LY-INV-000305-01.png"
"investment","فندق البستان","305","LY-INV-000305","https://mymaps.usercontent.google.com/hostedimage/m/*/3AE5a_GzcV60sEFRMsjV9knM4VDcc9y5a_hO7uos_6XAFCV_XWeXNQW00j5dI4OtwfnHU8AgvcceU6CPK6JCXyZZ5WPb4tfqU_97A1twUC4r0WPrfCpJOwhnLXwEZ4pDXKcvAKi3YAwlmqBuO1boIOPU0yEFGZ_oWLkLyjB_vnWJOl8vFDPEEMFbYSK5erTJR9I5DPuHoqoNWW8E3XWJ9dwZBAC7pVfacMg7w82Pm5LVJQPnyAzxtLeIg_QGbo8Y?authuser=1&fife=s16383","https://mymaps.usercontent.google.com/hostedimage/m/*/3AE5a_GzcV60sEFRMsjV9knM4VDcc9y5a_hO7uos_6XAFCV_XWeXNQW00j5dI4OtwfnHU8AgvcceU6CPK6JCXyZZ5WPb4tfqU_97A1twUC4r0WPrfCpJOwhnLXwEZ4pDXKcvAKi3YAwlmqBuO1boIOPU0yEFGZ_oWLkLyjB_vnWJOl8vFDPEEMFbYSK5erTJR9I5DPuHoqoNWW8E3XWJ9dwZBAC7pVfacMg7w82Pm5LVJQPnyAzxtLeIg_QGbo8Y?authuser=1&fife=s16383","true","200","image/png","89 50 4E 47","pending_browser_validation","recovered","/assets/images/investment/investment-LY-INV-000305-02.png"
"investment","فندق البستان","305","LY-INV-000305","https://mymaps.usercontent.google.com/hostedimage/m/*/3AE5a_Gz7dglyNygRqwrgD2piGE62yN2cCCKQXagQ_liC55Ki89JHw5B24m4nPSZ5ZvA_8QPqIYkVfM_zSNwpEi921GGtX4nkaP_ZZJzbI8Jm-vbGor_qCaeUb-Mwcm2BzmhfYP3w7G_dcimy_ADQXDiduzJpgnNrBaLyGxdXnrMxc5uMMG8EiT2mrbwiRFcRxJ3TaInKpuZgpe2jCUspAl4a9JhJ_0lNk9K2BMi3m13sIgCkLq432A6aJtOyY5g?authuser=1&fife=s16383","https://mymaps.usercontent.google.com/hostedimage/m/*/3AE5a_Gz7dglyNygRqwrgD2piGE62yN2cCCKQXagQ_liC55Ki89JHw5B24m4nPSZ5ZvA_8QPqIYkVfM_zSNwpEi921GGtX4nkaP_ZZJzbI8Jm-vbGor_qCaeUb-Mwcm2BzmhfYP3w7G_dcimy_ADQXDiduzJpgnNrBaLyGxdXnrMxc5uMMG8EiT2mrbwiRFcRxJ3TaInKpuZgpe2jCUspAl4a9JhJ_0lNk9K2BMi3m13sIgCkLq432A6aJtOyY5g?authuser=1&fife=s16383","true","200","image/png","89 50 4E 47","pending_browser_validation","recovered","/assets/images/investment/investment-LY-INV-000305-03.png"
"investment","فندق البستان","305","LY-INV-000305","https://mymaps.usercontent.google.com/hostedimage/m/*/3AE5a_GyzvKnmvGXcJW77IzO1O2WU083NiTvhBKoqkMa5eej3LKWqa9GQMvzRmBKPXeQi_lErsoqeFtuShnorrqNxB4-rhsvH2-0QFoF3KcXuPWf0Y-DXzbrKqu9GyE5kGqaZr2kVEq6oN4-RN9EStIy9hEXVsi8XI5Z9UkPEU87QYwa-pQsy_RpDr-0Y9n_buTsmFZRSGpaEgqsF3M5oiW9008A0rnOGKpNsGT5F0cAOlg3qdYUwVL-7fl9k08Y?authuser=1&fife=s16383","https://mymaps.usercontent.google.com/hostedimage/m/*/3AE5a_GyzvKnmvGXcJW77IzO1O2WU083NiTvhBKoqkMa5eej3LKWqa9GQMvzRmBKPXeQi_lErsoqeFtuShnorrqNxB4-rhsvH2-0QFoF3KcXuPWf0Y-DXzbrKqu9GyE5kGqaZr2kVEq6oN4-RN9EStIy9hEXVsi8XI5Z9UkPEU87QYwa-pQsy_RpDr-0Y9n_buTsmFZRSGpaEgqsF3M5oiW9008A0rnOGKpNsGT5F0cAOlg3qdYUwVL-7fl9k08Y?authuser=1&fife=s16383","true","200","image/png","89 50 4E 47","pending_browser_validation","recovered","/assets/images/investment/investment-LY-INV-000305-04.png"
"investment","فندق البستان","305","LY-INV-000305","https://mymaps.usercontent.google.com/hostedimage/m/*/3AE5a_GxNK4rwXbHzcc3YLbabRimF_-1cje3Bdb0_r_-Y8ewbbdoxl9k38KmJ3IwSKhLL7CatRGliKgxa11y09ryFSUkjm6gqYJnL7HIPpuN0jU-Zhvtbzcza_kUMfSYYarTNCEoro1FsZOTXAk0OM9cbQBdfTzCBJI9IlzcTzNX53XEf4nrws8mlJ7V7n8N0EucKefAWGPMo5jBUkbThmxN-8fkAllijxIf-MWnurqK-dQkFjYvuck09_l_iyMA?authuser=1&fife=s16383","https://mymaps.usercontent.google.com/hostedimage/m/*/3AE5a_GxNK4rwXbHzcc3YLbabRimF_-1cje3Bdb0_r_-Y8ewbbdoxl9k38KmJ3IwSKhLL7CatRGliKgxa11y09ryFSUkjm6gqYJnL7HIPpuN0jU-Zhvtbzcza_kUMfSYYarTNCEoro1FsZOTXAk0OM9cbQBdfTzCBJI9IlzcTzNX53XEf4nrws8mlJ7V7n8N0EucKefAWGPMo5jBUkbThmxN-8fkAllijxIf-MWnurqK-dQkFjYvuck09_l_iyMA?authuser=1&fife=s16383","true","200","image/png","89 50 4E 47","pending_browser_validation","recovered","/assets/images/investment/investment-LY-INV-000305-05.png"
"investment","التاج للشقق الفندقية","306","LY-INV-000306","https://mymaps.usercontent.google.com/hostedimage/m/*/3AE5a_GxdbXuFVU0309G2D3qN2IXcAZkB3r7mKnWgB5IgiH3yBcqJKQSs3zURzetWN2hd_fUqOzFgIIIAFuAg7RuBM8PlpD4RhsEiHilLI4xXqmPKVBBckr8R-ndG7IQQ1X7lKNBfch7mf71bxTxu_sLQ9LFCpFyRJ-Fy7m7zT2nH2Uy_tX27yvlIFa-P2kCixDd83qdCN9mOJUBDB7skWwLWCspnYZp40yrdKauTiZiNzx6b90EtgyFy_LIW0zc?authuser=1&fife=s16383","https://mymaps.usercontent.google.com/hostedimage/m/*/3AE5a_GxdbXuFVU0309G2D3qN2IXcAZkB3r7mKnWgB5IgiH3yBcqJKQSs3zURzetWN2hd_fUqOzFgIIIAFuAg7RuBM8PlpD4RhsEiHilLI4xXqmPKVBBckr8R-ndG7IQQ1X7lKNBfch7mf71bxTxu_sLQ9LFCpFyRJ-Fy7m7zT2nH2Uy_tX27yvlIFa-P2kCixDd83qdCN9mOJUBDB7skWwLWCspnYZp40yrdKauTiZiNzx6b90EtgyFy_LIW0zc?authuser=1&fife=s16383","true","200","image/png","89 50 4E 47","pending_browser_validation","recovered","/assets/images/investment/investment-LY-INV-000306-01.png"
"investment","التاج للشقق الفندقية","306","LY-INV-000306","https://mymaps.usercontent.google.com/hostedimage/m/*/3AE5a_GyQ4-cIKWfXRU-qEQn9QJKW2SE2gdl0sHtx00of9Caty-GdkcKh9zqXKLpqQj1qnMh2cNokh_IRGwNv55eRruUJUvML8OGTAniLna-HQ6CDWsk0fdlsRe_E3776XCu2blaxDjHqvkKlmGDR2GVZeOHvt9e3VSc4F4Af7B1knZFTLg4Vp4fl0RzOOufmZz3Li1BAvb0UTvfEZvIB7tW5ywttIrnp8nkXEJrjEQjH3jYNuk0cYeDUdK1mtaM?authuser=1&fife=s16383","https://mymaps.usercontent.google.com/hostedimage/m/*/3AE5a_GyQ4-cIKWfXRU-qEQn9QJKW2SE2gdl0sHtx00of9Caty-GdkcKh9zqXKLpqQj1qnMh2cNokh_IRGwNv55eRruUJUvML8OGTAniLna-HQ6CDWsk0fdlsRe_E3776XCu2blaxDjHqvkKlmGDR2GVZeOHvt9e3VSc4F4Af7B1knZFTLg4Vp4fl0RzOOufmZz3Li1BAvb0UTvfEZvIB7tW5ywttIrnp8nkXEJrjEQjH3jYNuk0cYeDUdK1mtaM?authuser=1&fife=s16383","true","200","image/png","89 50 4E 47","pending_browser_validation","recovered","/assets/images/investment/investment-LY-INV-000306-02.png"
"investment","فندق جوهرة صبراتة السياحي","309","LY-INV-000309","https://mymaps.usercontent.google.com/hostedimage/m/*/3AE5a_GxYw0K3i4Ie6dP6CmMGS2sfEELiCfaBx9yqWYLdZvg8oTrAE_dZ2_mR51fIowcXoIx-Fa5UVGnyi7cPJCLLCyC7GFJ4LJJsFLv_UmQz_v45FAPs3w0rQTlTrYX5nCyRdfcamziquFBSieCYhvLlL4hMhtu9Q4IHvFEPsxvituA3HwJgTRoZlSWGz1UlH03SzNhks6gSe7FJE-bqlt87acHB5rqCfDtRknlYlnKs15cxKRBuC6vBHxWxCmY?authuser=1&fife=s16383","https://mymaps.usercontent.google.com/hostedimage/m/*/3AE5a_GxYw0K3i4Ie6dP6CmMGS2sfEELiCfaBx9yqWYLdZvg8oTrAE_dZ2_mR51fIowcXoIx-Fa5UVGnyi7cPJCLLCyC7GFJ4LJJsFLv_UmQz_v45FAPs3w0rQTlTrYX5nCyRdfcamziquFBSieCYhvLlL4hMhtu9Q4IHvFEPsxvituA3HwJgTRoZlSWGz1UlH03SzNhks6gSe7FJE-bqlt87acHB5rqCfDtRknlYlnKs15cxKRBuC6vBHxWxCmY?authuser=1&fife=s16383","true","200","image/png","89 50 4E 47","pending_browser_validation","recovered","/assets/images/investment/investment-LY-INV-000309-01.png"
"investment","فندق جوهرة صبراتة السياحي","309","LY-INV-000309","https://mymaps.usercontent.google.com/hostedimage/m/*/3AE5a_GyaHE1cFpKrwEyJHTUqVjE2ddni8gH6KOs4T_ELKKehNjYED5w28tmTn_f77C_X0vuVvyDooejiWoDpTkozTtiezaQ7e7RjdljBGDqny4N331ibKdksLcS1vdw9z55C03h9XNiXfXM2QWiAHksAdXAvlbRNdlxzVlDTmhab6re8HuFKH9HOeWv5yVBQ4ree6h5ZROc2Ya-AYlCcGyTr1d_CbVFxD0T2d3jHCuSWXGyRvsOCsv1A3v6WFk0?authuser=1&fife=s16383","https://mymaps.usercontent.google.com/hostedimage/m/*/3AE5a_GyaHE1cFpKrwEyJHTUqVjE2ddni8gH6KOs4T_ELKKehNjYED5w28tmTn_f77C_X0vuVvyDooejiWoDpTkozTtiezaQ7e7RjdljBGDqny4N331ibKdksLcS1vdw9z55C03h9XNiXfXM2QWiAHksAdXAvlbRNdlxzVlDTmhab6re8HuFKH9HOeWv5yVBQ4ree6h5ZROc2Ya-AYlCcGyTr1d_CbVFxD0T2d3jHCuSWXGyRvsOCsv1A3v6WFk0?authuser=1&fife=s16383","true","200","image/png","89 50 4E 47","pending_browser_validation","recovered","/assets/images/investment/investment-LY-INV-000309-02.png"
"investment","فندق الخان الطرابلسي","314","LY-INV-000314","https://mymaps.usercontent.google.com/hostedimage/m/*/3AE5a_GwhtOJRB_hagI47jUCDQr0yjGXpdQFtsWOvePgMeUl7wc0lFErBNiFNzO-DX3NN_KNLvFIsJP7Lzz0RPjzJROxfZqTZJ7fMpFgOEA394t2PzlgIuRQtefv-_FgPtnIABZsMEOb79EH81HXRq1WwtshMBNJgqEbU3yU-wFQHw6r74u7fcMJdj63cmJdCmFDB7nwcDOVZxPGtKTwxpQti-dFKnKS_Q-YYQn7sRmFYn_Rr1K88doBJ4Ts0Xo4?authuser=1&fife=s16383","https://mymaps.usercontent.google.com/hostedimage/m/*/3AE5a_GwhtOJRB_hagI47jUCDQr0yjGXpdQFtsWOvePgMeUl7wc0lFErBNiFNzO-DX3NN_KNLvFIsJP7Lzz0RPjzJROxfZqTZJ7fMpFgOEA394t2PzlgIuRQtefv-_FgPtnIABZsMEOb79EH81HXRq1WwtshMBNJgqEbU3yU-wFQHw6r74u7fcMJdj63cmJdCmFDB7nwcDOVZxPGtKTwxpQti-dFKnKS_Q-YYQn7sRmFYn_Rr1K88doBJ4Ts0Xo4?authuser=1&fife=s16383","true","200","image/png","89 50 4E 47","pending_browser_validation","recovered","/assets/images/investment/investment-LY-INV-000314-01.png"
"investment","فندق الخان الطرابلسي","314","LY-INV-000314","https://mymaps.usercontent.google.com/hostedimage/m/*/3AE5a_GxqFxSs93cWAwKrM5Z5OO6orAQ1eED_rSNt8hMBFO5vFBKZvK9Ukc_6nTPmG1bcyYJIBD_xIHZTOaWUpP_plXzi5YQ9vLqVWnUpSUL2dGC0ee9-IDs2Z6sEKCF_DOhurk_HBdoYX0mfLa5KvLx8LWngPEPiMYNuZKB_XJkr5lbDKyOuqTJWJSr4TM7F_gG3LXzNQO0EG1RGUNWDMCGIvAX85WeQQOTq6oz9scFKymGAaiSyd1G6BKYRR9A?authuser=1&fife=s16383","https://mymaps.usercontent.google.com/hostedimage/m/*/3AE5a_GxqFxSs93cWAwKrM5Z5OO6orAQ1eED_rSNt8hMBFO5vFBKZvK9Ukc_6nTPmG1bcyYJIBD_xIHZTOaWUpP_plXzi5YQ9vLqVWnUpSUL2dGC0ee9-IDs2Z6sEKCF_DOhurk_HBdoYX0mfLa5KvLx8LWngPEPiMYNuZKB_XJkr5lbDKyOuqTJWJSr4TM7F_gG3LXzNQO0EG1RGUNWDMCGIvAX85WeQQOTq6oz9scFKymGAaiSyd1G6BKYRR9A?authuser=1&fife=s16383","true","200","image/png","89 50 4E 47","pending_browser_validation","recovered","/assets/images/investment/investment-LY-INV-000314-02.png"
"investment","فندق الخان الطرابلسي","314","LY-INV-000314","https://mymaps.usercontent.google.com/hostedimage/m/*/3AE5a_GxvV5GJhNktYgQiTrJmGoQQuWyy9bYDchSo0RgU5p7gJzQu3vk5thjngDDb8Xv96utBRROTM9JmZSfMnHqhlOMe5ErmtnEYI0-FUGZTTTW8vHEUY8yqofLZn7j2M8nScWs4eP0X2IqYJPUAJKsWOlLdkEHNTm5aclBdn8erAEjia8yrLO9NhFrhRjZTQW5gxHsyh7CuQM5gwAhlDJvHbAWQGu4y6gjVe5xjaxxVmO7_m3yGwiG_44E17NA?authuser=1&fife=s16383","https://mymaps.usercontent.google.com/hostedimage/m/*/3AE5a_GxvV5GJhNktYgQiTrJmGoQQuWyy9bYDchSo0RgU5p7gJzQu3vk5thjngDDb8Xv96utBRROTM9JmZSfMnHqhlOMe5ErmtnEYI0-FUGZTTTW8vHEUY8yqofLZn7j2M8nScWs4eP0X2IqYJPUAJKsWOlLdkEHNTm5aclBdn8erAEjia8yrLO9NhFrhRjZTQW5gxHsyh7CuQM5gwAhlDJvHbAWQGu4y6gjVe5xjaxxVmO7_m3yGwiG_44E17NA?authuser=1&fife=s16383","true","200","image/png","89 50 4E 47","pending_browser_validation","recovered","/assets/images/investment/investment-LY-INV-000314-03.png"
"investment","فندق الخان الطرابلسي","314","LY-INV-000314","https://mymaps.usercontent.google.com/hostedimage/m/*/3AE5a_GxZNre_PatpHz-Ns3IpcyKlBzi1HXPekTSrpznUYCX8P1bgnHIq6WJkGfKBQe_qJO3MaBTp-lcmxFGarELg4ovr7LA9IXjoVE5wAld9yaupVwHk36lYM5QPpM-Kk8UVAWT7im7dn3Gv8wmQSHDE1j2WOAdf0UIM5v3RO33xvH3Ur943q2up6ylDViDNHMl96wdYTXJeEqqgvzHvGdNHIPv2siciWmEhIn26AWt6MA4U6p1GhHVIavmR4TQ?authuser=1&fife=s16383","https://mymaps.usercontent.google.com/hostedimage/m/*/3AE5a_GxZNre_PatpHz-Ns3IpcyKlBzi1HXPekTSrpznUYCX8P1bgnHIq6WJkGfKBQe_qJO3MaBTp-lcmxFGarELg4ovr7LA9IXjoVE5wAld9yaupVwHk36lYM5QPpM-Kk8UVAWT7im7dn3Gv8wmQSHDE1j2WOAdf0UIM5v3RO33xvH3Ur943q2up6ylDViDNHMl96wdYTXJeEqqgvzHvGdNHIPv2siciWmEhIn26AWt6MA4U6p1GhHVIavmR4TQ?authuser=1&fife=s16383","true","200","image/png","89 50 4E 47","pending_browser_validation","recovered","/assets/images/investment/investment-LY-INV-000314-04.png"
"investment","فندق الخان الطرابلسي","314","LY-INV-000314","https://mymaps.usercontent.google.com/hostedimage/m/*/3AE5a_GyeubmeKTwesSyBtDj5KdEWVy-vLipE8kK-ZQQYEJE45HRAMwrum1Oxfd5iUwr1ZTzx9gJA_x5kKObETRbaSpXYRJJ6lQQob_im4-GB-3V5-joyffIz_EktQvKi55Bjey4AZd1fqAl5yBLT6LFI8rYszfEWf91-Pu692kiYIO3nmwWvk_eFW22OPSFm1rFA6w2jNnRwofI-mOUFNfGqqdnXCpapVBx5DI1miSsiNGA7SaqbTRVeb6Ulho0?authuser=1&fife=s16383","https://mymaps.usercontent.google.com/hostedimage/m/*/3AE5a_GyeubmeKTwesSyBtDj5KdEWVy-vLipE8kK-ZQQYEJE45HRAMwrum1Oxfd5iUwr1ZTzx9gJA_x5kKObETRbaSpXYRJJ6lQQob_im4-GB-3V5-joyffIz_EktQvKi55Bjey4AZd1fqAl5yBLT6LFI8rYszfEWf91-Pu692kiYIO3nmwWvk_eFW22OPSFm1rFA6w2jNnRwofI-mOUFNfGqqdnXCpapVBx5DI1miSsiNGA7SaqbTRVeb6Ulho0?authuser=1&fife=s16383","true","200","image/png","89 50 4E 47","pending_browser_validation","recovered","/assets/images/investment/investment-LY-INV-000314-05.png"
"investment","فندق الخليج","315","LY-INV-000315","https://mymaps.usercontent.google.com/hostedimage/m/*/3AE5a_GwPq-EitCsQdfCFCB-sHGsDfTzzDNzzJIvSTa-yxv4Fwfg21UI2id4pxDOb7ghXcnc8fUit42lYJLhVEhNUHQK-M7K5qaUqcGTuxz6c_7-LJiUVlOen08FF-tBUbmHbUSpPtBFdVG3K3toq27sIEkDvlaLZ2bWR6KU5lpW5tG7glxGwWRZrs_kWcrVoxOvNgfjPzmlxWk74vYSMI4UMcdb7dE5YvFNGoSgc_P9odqCYjEIaAcZnXAfb85I?authuser=1&fife=s16383","https://mymaps.usercontent.google.com/hostedimage/m/*/3AE5a_GwPq-EitCsQdfCFCB-sHGsDfTzzDNzzJIvSTa-yxv4Fwfg21UI2id4pxDOb7ghXcnc8fUit42lYJLhVEhNUHQK-M7K5qaUqcGTuxz6c_7-LJiUVlOen08FF-tBUbmHbUSpPtBFdVG3K3toq27sIEkDvlaLZ2bWR6KU5lpW5tG7glxGwWRZrs_kWcrVoxOvNgfjPzmlxWk74vYSMI4UMcdb7dE5YvFNGoSgc_P9odqCYjEIaAcZnXAfb85I?authuser=1&fife=s16383","true","200","image/png","89 50 4E 47","pending_browser_validation","recovered","/assets/images/investment/investment-LY-INV-000315-01.png"
"investment","فندق الخليج","315","LY-INV-000315","https://mymaps.usercontent.google.com/hostedimage/m/*/3AE5a_GzZxyx5B7WhQja0O9IWzikrRpQvL_HT4QWldhXRYJKqhOfWg2iMdgG_MC17vMn19sQm8dYTw0ABJCuvYomGlZUFpMGLgYbFR1Y5YHCNE2MJ30vIqJxSFPv9HvKXlPO-YF1cyTpmj4VsRUW8Fe2J6zDQ_4cW118YJpSS46r3caNLD9ZDhdGerXf4jOrjavAYUfl2K_NICQMV6S-3mFQHwyiMWGlwtGH27vs2nj6wYleDDO5BDC_l3ZqRjrA?authuser=1&fife=s16383","https://mymaps.usercontent.google.com/hostedimage/m/*/3AE5a_GzZxyx5B7WhQja0O9IWzikrRpQvL_HT4QWldhXRYJKqhOfWg2iMdgG_MC17vMn19sQm8dYTw0ABJCuvYomGlZUFpMGLgYbFR1Y5YHCNE2MJ30vIqJxSFPv9HvKXlPO-YF1cyTpmj4VsRUW8Fe2J6zDQ_4cW118YJpSS46r3caNLD9ZDhdGerXf4jOrjavAYUfl2K_NICQMV6S-3mFQHwyiMWGlwtGH27vs2nj6wYleDDO5BDC_l3ZqRjrA?authuser=1&fife=s16383","true","200","image/png","89 50 4E 47","pending_browser_validation","recovered","/assets/images/investment/investment-LY-INV-000315-02.png"
"investment","فندق الخليج","315","LY-INV-000315","https://mymaps.usercontent.google.com/hostedimage/m/*/3AE5a_GylWV_oYH-42f8jPNlamE7AxZKZSbRwsaJCiEzVIjVK7ZZPFP-T0hJ4Q-v3D7iRS2nkufgjs7z_OOd3HGmmJLw_bqjIUcoOvbzmjbVPPQUyu3aazVIWlWpalkUmK8DPDBxwdGUGNfMd8z6317HaaTqOwpSXg55YmdIxmKs3l4zyMuY0aJdE1oaEY3gPwepz6LCmrJjcvGHnCl5xqVAKTYnzqKkdHkg9mrG2DU8uJhZU6yYB6OiaJHHojb8?authuser=1&fife=s16383","https://mymaps.usercontent.google.com/hostedimage/m/*/3AE5a_GylWV_oYH-42f8jPNlamE7AxZKZSbRwsaJCiEzVIjVK7ZZPFP-T0hJ4Q-v3D7iRS2nkufgjs7z_OOd3HGmmJLw_bqjIUcoOvbzmjbVPPQUyu3aazVIWlWpalkUmK8DPDBxwdGUGNfMd8z6317HaaTqOwpSXg55YmdIxmKs3l4zyMuY0aJdE1oaEY3gPwepz6LCmrJjcvGHnCl5xqVAKTYnzqKkdHkg9mrG2DU8uJhZU6yYB6OiaJHHojb8?authuser=1&fife=s16383","true","200","image/png","89 50 4E 47","pending_browser_validation","recovered","/assets/images/investment/investment-LY-INV-000315-03.png"
"investment","فندق الدبلوماسي","317","LY-INV-000317","https://mymaps.usercontent.google.com/hostedimage/m/*/3AE5a_Gx6cN1LifyRi5mfZpaSpFT9CPuU9QIASsKopZsTrruNB1DBxwYuu1Vh-D9pj3_qJ-WGAiuid5-cAlcC9qcfbnmyQ6jLXZ8mEcZBXSOkI8DrXMZ-WowUso0W-dbzbVi9SvffuHOCh3GhkEZKM1PwyqkSZMJJX-A5R0__05DBumUyK_MmlsUZF3dRjQxbf_ihZFIfYAPL75aa4oQJaC5lLmrLP7vDaPMnpShJLCokZNRw6sZzyZchiqxsPSo?authuser=1&fife=s16383","https://mymaps.usercontent.google.com/hostedimage/m/*/3AE5a_Gx6cN1LifyRi5mfZpaSpFT9CPuU9QIASsKopZsTrruNB1DBxwYuu1Vh-D9pj3_qJ-WGAiuid5-cAlcC9qcfbnmyQ6jLXZ8mEcZBXSOkI8DrXMZ-WowUso0W-dbzbVi9SvffuHOCh3GhkEZKM1PwyqkSZMJJX-A5R0__05DBumUyK_MmlsUZF3dRjQxbf_ihZFIfYAPL75aa4oQJaC5lLmrLP7vDaPMnpShJLCokZNRw6sZzyZchiqxsPSo?authuser=1&fife=s16383","true","200","image/png","89 50 4E 47","pending_browser_validation","recovered","/assets/images/investment/investment-LY-INV-000317-01.png"
"investment","فندق الدبلوماسي","317","LY-INV-000317","https://mymaps.usercontent.google.com/hostedimage/m/*/3AE5a_GzkK5WUsgl3YmibXVQVa1jkZxmPK7pJ-eB0e2wrMeJnV3H504zRaHERceHV3JYflHXeNvGQnYTBh66GGKnfpHKkorVhIWM0GlVpgws6c0IM0K-XkfGk6iKMT8F6BZ8Fg-cROav1nDFDPeOdkAMZq6LWjv8OsCiF6iJ3FDxk3tf6PU2X4TWGZx5MnTUl9OhJeG0_vULzK_fCgF0PdggYlSwWs3lipdGFitADLW_phWNPs-JlKZ2oAjskB1Q?authuser=1&fife=s16383","https://mymaps.usercontent.google.com/hostedimage/m/*/3AE5a_GzkK5WUsgl3YmibXVQVa1jkZxmPK7pJ-eB0e2wrMeJnV3H504zRaHERceHV3JYflHXeNvGQnYTBh66GGKnfpHKkorVhIWM0GlVpgws6c0IM0K-XkfGk6iKMT8F6BZ8Fg-cROav1nDFDPeOdkAMZq6LWjv8OsCiF6iJ3FDxk3tf6PU2X4TWGZx5MnTUl9OhJeG0_vULzK_fCgF0PdggYlSwWs3lipdGFitADLW_phWNPs-JlKZ2oAjskB1Q?authuser=1&fife=s16383","true","200","image/png","89 50 4E 47","pending_browser_validation","recovered","/assets/images/investment/investment-LY-INV-000317-02.png"
"investment","فندق الديار","319","LY-INV-000319","https://mymaps.usercontent.google.com/hostedimage/m/*/3AE5a_Gwh3htX2UK1fEIWDjAmYDyO_Fb9h6f_iWPCWTqV2lwqM1O29NZiurLZ2STSM7b-LVGOQ2vhkFUieyHhTok8_GRClEM2q18dtB2rOofrWlc-Iw5yATTwEDZEqTlcB9wgMzZLVsvfYQLVT0a2pluObitPMjsIvOVfLRdXYQFsweiyw04N3qFR2J5spiBQAhjq5ByiWyOGYscRXAo-HNdCnRS_oDVeZZz5mL-WHS4L71c78C7ACI70XoDu92Q?authuser=1&fife=s16383","https://mymaps.usercontent.google.com/hostedimage/m/*/3AE5a_Gwh3htX2UK1fEIWDjAmYDyO_Fb9h6f_iWPCWTqV2lwqM1O29NZiurLZ2STSM7b-LVGOQ2vhkFUieyHhTok8_GRClEM2q18dtB2rOofrWlc-Iw5yATTwEDZEqTlcB9wgMzZLVsvfYQLVT0a2pluObitPMjsIvOVfLRdXYQFsweiyw04N3qFR2J5spiBQAhjq5ByiWyOGYscRXAo-HNdCnRS_oDVeZZz5mL-WHS4L71c78C7ACI70XoDu92Q?authuser=1&fife=s16383","true","200","image/png","89 50 4E 47","pending_browser_validation","recovered","/assets/images/investment/investment-LY-INV-000319-01.png"
"investment","فندق الديار","319","LY-INV-000319","https://mymaps.usercontent.google.com/hostedimage/m/*/3AE5a_GwcQvIYgqQM79i634igwwmVJkLeiBhzH5anKmmx_lxcXy7i0RGhcm45xYl8Zvg_uT--yx2YBlgg7laHA0TUIJ84zGOqBpJ2aTI6CyQ4defmBCzUCKdmYAaCO-17thYfXqQBR440ScARUoczbtwbef5irlrQZxm2Q7qk3gcBZBBas9NrwcKqSX7MZuqib3DNpxvkK_H9UFfWdTSoroV1IJnDhaIn_vNzQ6z9X8JEWOg-ZEEBavrlX7ZfPLo?authuser=1&fife=s16383","https://mymaps.usercontent.google.com/hostedimage/m/*/3AE5a_GwcQvIYgqQM79i634igwwmVJkLeiBhzH5anKmmx_lxcXy7i0RGhcm45xYl8Zvg_uT--yx2YBlgg7laHA0TUIJ84zGOqBpJ2aTI6CyQ4defmBCzUCKdmYAaCO-17thYfXqQBR440ScARUoczbtwbef5irlrQZxm2Q7qk3gcBZBBas9NrwcKqSX7MZuqib3DNpxvkK_H9UFfWdTSoroV1IJnDhaIn_vNzQ6z9X8JEWOg-ZEEBavrlX7ZfPLo?authuser=1&fife=s16383","true","200","image/png","89 50 4E 47","pending_browser_validation","recovered","/assets/images/investment/investment-LY-INV-000319-02.png"
"investment","فندق الديار","319","LY-INV-000319","https://mymaps.usercontent.google.com/hostedimage/m/*/3AE5a_Gz6EZ6_Ex3ApKFa1sbfgFXw0Dt3BEPSyd7vU9gVMggfNEdK7GGhtdaXYsHMg5kX-wfbyfprxWoTNohLyPpV8CmPKonz7EPL6ycrt0Wssg9iKgaET3Hk_ix1zJ6WhB2wbk3aH2-ganjfFcB_81VNnJYN5boT2Kl33PqwMXxJ6u4mOn3BH_l_q7N-tXdpO0OPh08boB7m3WHspUamlYMHRnAdyGlfXWLcGP4fO33PQvoU6NoeWMXly7D7MMM?authuser=1&fife=s16383","https://mymaps.usercontent.google.com/hostedimage/m/*/3AE5a_Gz6EZ6_Ex3ApKFa1sbfgFXw0Dt3BEPSyd7vU9gVMggfNEdK7GGhtdaXYsHMg5kX-wfbyfprxWoTNohLyPpV8CmPKonz7EPL6ycrt0Wssg9iKgaET3Hk_ix1zJ6WhB2wbk3aH2-ganjfFcB_81VNnJYN5boT2Kl33PqwMXxJ6u4mOn3BH_l_q7N-tXdpO0OPh08boB7m3WHspUamlYMHRnAdyGlfXWLcGP4fO33PQvoU6NoeWMXly7D7MMM?authuser=1&fife=s16383","true","200","image/png","89 50 4E 47","pending_browser_validation","recovered","/assets/images/investment/investment-LY-INV-000319-03.png"
"investment","فندق الرابطة","320","LY-INV-000320","https://mymaps.usercontent.google.com/hostedimage/m/*/3AE5a_GxsC47AgT0cam3miRo9j3hbYezB6nhIeo-vjEIGKLWtNnZJCrW8VlXIRMja3KCSouMoss4NdWOrWxi0hhmLS0H6zjdqWRcRzdif-DVt1QhgMI8FhxTNwmpwvE1qfC7YORLY8VjsatH_AtuNPsH3oYEwy5VV-oW101cOZVqvJ10bfTqq3KBly2zs2xlzoa1bdh3Jz1yj5Zloqa-sopIEa3HB85Kbzv6vqyrJF_pjdXbze06zwaYxf5tIlQg?authuser=1&fife=s16383","https://mymaps.usercontent.google.com/hostedimage/m/*/3AE5a_GxsC47AgT0cam3miRo9j3hbYezB6nhIeo-vjEIGKLWtNnZJCrW8VlXIRMja3KCSouMoss4NdWOrWxi0hhmLS0H6zjdqWRcRzdif-DVt1QhgMI8FhxTNwmpwvE1qfC7YORLY8VjsatH_AtuNPsH3oYEwy5VV-oW101cOZVqvJ10bfTqq3KBly2zs2xlzoa1bdh3Jz1yj5Zloqa-sopIEa3HB85Kbzv6vqyrJF_pjdXbze06zwaYxf5tIlQg?authuser=1&fife=s16383","true","200","image/png","89 50 4E 47","pending_browser_validation","recovered","/assets/images/investment/investment-LY-INV-000320-01.png"
"investment","فندق الرابطة","320","LY-INV-000320","https://mymaps.usercontent.google.com/hostedimage/m/*/3AE5a_Gy6l5oG4zb3wvsCcULghi7goExXGpUbXyToZTrJhWsmQNlesWFn3gRoWKCDvkqKIj7PrHx6b_uJdk6ogo6PIK9d7yjasaLonjJUb9k7Mf7KLXnk0qnp0FIiVoxdOoMFbcOaIb4xvE6ACpQoXxPNNKMdINaf_z9494BG66vTpuBLU1FUlDceBTpiHI1ZwWSn0sq_EULI0TSg9gTeoSXM5mHqhKP-PdX6yFPgkdcttTNzOTZqiEmQ0lXOetc?authuser=1&fife=s16383","https://mymaps.usercontent.google.com/hostedimage/m/*/3AE5a_Gy6l5oG4zb3wvsCcULghi7goExXGpUbXyToZTrJhWsmQNlesWFn3gRoWKCDvkqKIj7PrHx6b_uJdk6ogo6PIK9d7yjasaLonjJUb9k7Mf7KLXnk0qnp0FIiVoxdOoMFbcOaIb4xvE6ACpQoXxPNNKMdINaf_z9494BG66vTpuBLU1FUlDceBTpiHI1ZwWSn0sq_EULI0TSg9gTeoSXM5mHqhKP-PdX6yFPgkdcttTNzOTZqiEmQ0lXOetc?authuser=1&fife=s16383","true","200","image/png","89 50 4E 47","pending_browser_validation","recovered","/assets/images/investment/investment-LY-INV-000320-02.png"
"investment","فندق الرابطة","320","LY-INV-000320","https://mymaps.usercontent.google.com/hostedimage/m/*/3AE5a_Gx1ZgbkvG0EoS6KFIcdT_YTD4ByTgTXEFg7o_DKf-UDsJJqibJVadg5bEtV7JmdWCH7v1LpRBj6ED1bAXFi9Bgdc5_za-GHCQT9kvQJgmrCytAW2BQtdB8vQ3cyMt413ERzR8KKWOuAFfI-cRlUNOF2spQx6Joz_CeSYfAuebBHZDps9Mdy5OHeyS4zGrF0ZCKeEfDf1K80UHuo_v1f6ShHoJMVML4KmsqGP-IZ2o9LGTb0ToCLQbDzXmI?authuser=1&fife=s16383","https://mymaps.usercontent.google.com/hostedimage/m/*/3AE5a_Gx1ZgbkvG0EoS6KFIcdT_YTD4ByTgTXEFg7o_DKf-UDsJJqibJVadg5bEtV7JmdWCH7v1LpRBj6ED1bAXFi9Bgdc5_za-GHCQT9kvQJgmrCytAW2BQtdB8vQ3cyMt413ERzR8KKWOuAFfI-cRlUNOF2spQx6Joz_CeSYfAuebBHZDps9Mdy5OHeyS4zGrF0ZCKeEfDf1K80UHuo_v1f6ShHoJMVML4KmsqGP-IZ2o9LGTb0ToCLQbDzXmI?authuser=1&fife=s16383","true","200","image/png","89 50 4E 47","pending_browser_validation","recovered","/assets/images/investment/investment-LY-INV-000320-03.png"
"investment","فندق الرابطة","320","LY-INV-000320","https://mymaps.usercontent.google.com/hostedimage/m/*/3AE5a_GxjRFDSFAHjDekYy-g16M3jTLo8O3rnCprWRYvUnEJnXW2OJF9bNkHNkDz_W25jTOHiIUxuVTejIydNQD6xW0T6_jf6ZsEUOx-N5Ner-60ewd94tgBjsZNR3-j4gfunv6HHuMmfZyfdIZYMQT0IBonNwLvtTgRnWzTdHSMdMK0XkIDrM4sMiONEm5dyBnNwcDGtL-AIaU8nbNLQkjuYvrc1-FUyk7RXQNkz5wT6m7tw3jb0qSLkhBDK_qA?authuser=1&fife=s16383","https://mymaps.usercontent.google.com/hostedimage/m/*/3AE5a_GxjRFDSFAHjDekYy-g16M3jTLo8O3rnCprWRYvUnEJnXW2OJF9bNkHNkDz_W25jTOHiIUxuVTejIydNQD6xW0T6_jf6ZsEUOx-N5Ner-60ewd94tgBjsZNR3-j4gfunv6HHuMmfZyfdIZYMQT0IBonNwLvtTgRnWzTdHSMdMK0XkIDrM4sMiONEm5dyBnNwcDGtL-AIaU8nbNLQkjuYvrc1-FUyk7RXQNkz5wT6m7tw3jb0qSLkhBDK_qA?authuser=1&fife=s16383","true","200","image/png","89 50 4E 47","pending_browser_validation","recovered","/assets/images/investment/investment-LY-INV-000320-04.png"
"investment","فندق الرفيع","321","LY-INV-000321","https://mymaps.usercontent.google.com/hostedimage/m/*/3AE5a_GzZnTPTDBpmVsX6Lr0Gf0PJTarB0LkyyualP5m4l6pIKJC1StpQHoyEh-NN2Ys3fKPKC9qkMIvkceeL0fcjxK2v6EEagC9ONfw8zsiSYJavfwsQN-jZo9SgW3qHjC1etqbwdyzx0Azgx_O4qPF54L2dWgSYJ9C64wiU2y_rdzOBz04FiVgY26DUK4hPzgUC4-Jab_PaZrmwR_tA8KpQ1eiky4OrAC_TeAahyd09-JAmegprmsMRXcUHD8g?authuser=1&fife=s16383","https://mymaps.usercontent.google.com/hostedimage/m/*/3AE5a_GzZnTPTDBpmVsX6Lr0Gf0PJTarB0LkyyualP5m4l6pIKJC1StpQHoyEh-NN2Ys3fKPKC9qkMIvkceeL0fcjxK2v6EEagC9ONfw8zsiSYJavfwsQN-jZo9SgW3qHjC1etqbwdyzx0Azgx_O4qPF54L2dWgSYJ9C64wiU2y_rdzOBz04FiVgY26DUK4hPzgUC4-Jab_PaZrmwR_tA8KpQ1eiky4OrAC_TeAahyd09-JAmegprmsMRXcUHD8g?authuser=1&fife=s16383","true","200","image/png","89 50 4E 47","pending_browser_validation","recovered","/assets/images/investment/investment-LY-INV-000321-01.png"
"investment","فندق الريان","322","LY-INV-000322","https://mymaps.usercontent.google.com/hostedimage/m/*/3AE5a_GzwMQHGuILJKEVDFDwQrmIW1j3W1EirqoJh0Wr6yPA9vM-bi4KSIqcUdtqcN5dAJKwZECHJC-WMxIxEzCw_GgStU-IEeLxybSvOysQtpGnqEwBJf0lyDQFlXYABPCJKINmyiY6NpYA4WuNWiLXR5H1du-mHENtc2_XgB5nhXwduPIJBPhtYLde0PNK0Cbr-S1gpYwU7e38zqUwCacrK6zCUsbLHDpGsLkTDLT_YZ96yvX6_wYzA8GXz3dc?authuser=1&fife=s16383","https://mymaps.usercontent.google.com/hostedimage/m/*/3AE5a_GzwMQHGuILJKEVDFDwQrmIW1j3W1EirqoJh0Wr6yPA9vM-bi4KSIqcUdtqcN5dAJKwZECHJC-WMxIxEzCw_GgStU-IEeLxybSvOysQtpGnqEwBJf0lyDQFlXYABPCJKINmyiY6NpYA4WuNWiLXR5H1du-mHENtc2_XgB5nhXwduPIJBPhtYLde0PNK0Cbr-S1gpYwU7e38zqUwCacrK6zCUsbLHDpGsLkTDLT_YZ96yvX6_wYzA8GXz3dc?authuser=1&fife=s16383","true","200","image/png","89 50 4E 47","pending_browser_validation","recovered","/assets/images/investment/investment-LY-INV-000322-01.png"
"investment","فندق الريان","322","LY-INV-000322","https://mymaps.usercontent.google.com/hostedimage/m/*/3AE5a_Gzs4o5AE61im3D8ja41d1mL-AJtX0a066hbBEeConr_Z5VbINu0fo_Htzyv54X0IWTIQJMwMR0eKag1HboomCqWxOSMO2sZTMNvK23RaIkKvicxukVAkA9FRhHpSGhPnkN_0TrZ-VljoLjGTd9DnYqWS_j7FHqn-onL6xGskowY1kkTtE2FS9bb86RZU78KXdZd4UBJOHogeoARmsCKsiiyevlez75lu7BfX5iWYqTLgWD-TM6MldcQ3o0?authuser=1&fife=s16383","https://mymaps.usercontent.google.com/hostedimage/m/*/3AE5a_Gzs4o5AE61im3D8ja41d1mL-AJtX0a066hbBEeConr_Z5VbINu0fo_Htzyv54X0IWTIQJMwMR0eKag1HboomCqWxOSMO2sZTMNvK23RaIkKvicxukVAkA9FRhHpSGhPnkN_0TrZ-VljoLjGTd9DnYqWS_j7FHqn-onL6xGskowY1kkTtE2FS9bb86RZU78KXdZd4UBJOHogeoARmsCKsiiyevlez75lu7BfX5iWYqTLgWD-TM6MldcQ3o0?authuser=1&fife=s16383","true","200","image/png","89 50 4E 47","pending_browser_validation","recovered","/assets/images/investment/investment-LY-INV-000322-02.png"
"investment","فندق الريان","322","LY-INV-000322","https://mymaps.usercontent.google.com/hostedimage/m/*/3AE5a_Gx6y6xEeWndJRKP1auLtcXC1xKyqeESpiXDLCBhIKcqqidpAvj-gDglS-4dlE9VVQLBrI3pw3v8yA7rZM9IuWBzSqVnYLiHqET1Lc2p3m34dWgdYvcit5HUwORqV84vdWeeqM4U6rsBBg8mTjvihUDYYUBNrDsAVjGxmlfdtgLlvtP5CzoT2nC_iEJSYfPuxOYp4377MEz479nDNV9zdjbq8UKDWB_5SULWRqjI61t-miMIhHHbdsYIQsA?authuser=1&fife=s16383","https://mymaps.usercontent.google.com/hostedimage/m/*/3AE5a_Gx6y6xEeWndJRKP1auLtcXC1xKyqeESpiXDLCBhIKcqqidpAvj-gDglS-4dlE9VVQLBrI3pw3v8yA7rZM9IuWBzSqVnYLiHqET1Lc2p3m34dWgdYvcit5HUwORqV84vdWeeqM4U6rsBBg8mTjvihUDYYUBNrDsAVjGxmlfdtgLlvtP5CzoT2nC_iEJSYfPuxOYp4377MEz479nDNV9zdjbq8UKDWB_5SULWRqjI61t-miMIhHHbdsYIQsA?authuser=1&fife=s16383","true","200","image/png","89 50 4E 47","pending_browser_validation","recovered","/assets/images/investment/investment-LY-INV-000322-03.png"
"investment","فندق الريان","322","LY-INV-000322","https://mymaps.usercontent.google.com/hostedimage/m/*/3AE5a_GydeZOklwfaVG74XDwBEGzxSiCgoIx_bahuWd7Y6AQzFkvxJf9MqvtypplvvwsNRDrKQjBdhv6eBJK70Pb78NyB9eQVOo7NhDkSG9ZSjfYzwdc2WzdAr29q7UA2u2Go8U-NI_JG1ZzNmks8qkii5gzpZpx8uVNeCsE7bXkv3YilncHPmD1GuPOMJA5tP47CyKXdanfNiQf4HYbUt7avJQpeCg8g_pNHAMFdCTz7w9ulMAjJAFyJpfj3wKM?authuser=1&fife=s16383","https://mymaps.usercontent.google.com/hostedimage/m/*/3AE5a_GydeZOklwfaVG74XDwBEGzxSiCgoIx_bahuWd7Y6AQzFkvxJf9MqvtypplvvwsNRDrKQjBdhv6eBJK70Pb78NyB9eQVOo7NhDkSG9ZSjfYzwdc2WzdAr29q7UA2u2Go8U-NI_JG1ZzNmks8qkii5gzpZpx8uVNeCsE7bXkv3YilncHPmD1GuPOMJA5tP47CyKXdanfNiQf4HYbUt7avJQpeCg8g_pNHAMFdCTz7w9ulMAjJAFyJpfj3wKM?authuser=1&fife=s16383","true","200","image/png","89 50 4E 47","pending_browser_validation","recovered","/assets/images/investment/investment-LY-INV-000322-04.png"
"investment","فندق الريان","322","LY-INV-000322","https://mymaps.usercontent.google.com/hostedimage/m/*/3AE5a_Gy5KH8Ui7VImJ1lv0-fbx2NiT_bkBoHhntFARC4wGWx5QzQjixEUE-DHy7mnJorasiNo4M5giqn7fLc1RtcBsAgi_Dba76sLz9vMFn02Xee5w5_ezO0df4BqaIb7CADiOKRgdQVBLNWSf7WMqd7UDglRHbeEs1pu9h9Za1IUG50xkcIllYF-uPgNQKiTu7OSJDfIRXOEsSYpHp_LJ28JAfg-08tu9Ug28tTpDTUrb5uJEJREaUFG2EyIGc?authuser=1&fife=s16383","https://mymaps.usercontent.google.com/hostedimage/m/*/3AE5a_Gy5KH8Ui7VImJ1lv0-fbx2NiT_bkBoHhntFARC4wGWx5QzQjixEUE-DHy7mnJorasiNo4M5giqn7fLc1RtcBsAgi_Dba76sLz9vMFn02Xee5w5_ezO0df4BqaIb7CADiOKRgdQVBLNWSf7WMqd7UDglRHbeEs1pu9h9Za1IUG50xkcIllYF-uPgNQKiTu7OSJDfIRXOEsSYpHp_LJ28JAfg-08tu9Ug28tTpDTUrb5uJEJREaUFG2EyIGc?authuser=1&fife=s16383","true","200","image/png","89 50 4E 47","pending_browser_validation","recovered","/assets/images/investment/investment-LY-INV-000322-05.png"
"investment","فندق الريان","322","LY-INV-000322","https://mymaps.usercontent.google.com/hostedimage/m/*/3AE5a_GxxeMOuHRNW7lswKDpHDj9jShatiKrszMMWcMoA9mENPZjQlMsUL5fCNys0fdvDRjgzu7Mps1GYE7YRSaVPPU5ME6VkPwLZDhbhA2GlKVc28Jc0P0S1Yk5CNX8aMMomlvNOcyrDuRggh21gcKEIKQzHcb3-3h5BjAbS3WvRisYl2AlL584-h8JHRiCnELu-nHlGCL7jVaYsCrHwqKjFvNKB5hUiXM6KBr7t803McuCpndBlQbK543QCb8k?authuser=1&fife=s16383","https://mymaps.usercontent.google.com/hostedimage/m/*/3AE5a_GxxeMOuHRNW7lswKDpHDj9jShatiKrszMMWcMoA9mENPZjQlMsUL5fCNys0fdvDRjgzu7Mps1GYE7YRSaVPPU5ME6VkPwLZDhbhA2GlKVc28Jc0P0S1Yk5CNX8aMMomlvNOcyrDuRggh21gcKEIKQzHcb3-3h5BjAbS3WvRisYl2AlL584-h8JHRiCnELu-nHlGCL7jVaYsCrHwqKjFvNKB5hUiXM6KBr7t803McuCpndBlQbK543QCb8k?authuser=1&fife=s16383","true","200","image/png","89 50 4E 47","pending_browser_validation","recovered","/assets/images/investment/investment-LY-INV-000322-06.png"
"investment","فندق الزهر","323","LY-INV-000323","https://mymaps.usercontent.google.com/hostedimage/m/*/3AE5a_Gz1RaaGl5WB69DOjFpvtoE56HzwRkujPT3jXOvEnAv31w8UKIKlsz9OEEi83qVPf-Et4vNzUA1osehf3ANUiZSDih9x4eyUzSkxhXkT51TPY-rWlJqDvyIZBlY8TRF383MpGF06EK0kBOiMAKetpaq-xnnVbDNDm2xyS5USCwB4QEBy7nXjuKxJljtIOf-OjduWya04CKtTxWmXrV0toFJLc1fze5CGRjT3FWMoYpV6gajFXblsKW2GMPo?authuser=1&fife=s16383","https://mymaps.usercontent.google.com/hostedimage/m/*/3AE5a_Gz1RaaGl5WB69DOjFpvtoE56HzwRkujPT3jXOvEnAv31w8UKIKlsz9OEEi83qVPf-Et4vNzUA1osehf3ANUiZSDih9x4eyUzSkxhXkT51TPY-rWlJqDvyIZBlY8TRF383MpGF06EK0kBOiMAKetpaq-xnnVbDNDm2xyS5USCwB4QEBy7nXjuKxJljtIOf-OjduWya04CKtTxWmXrV0toFJLc1fze5CGRjT3FWMoYpV6gajFXblsKW2GMPo?authuser=1&fife=s16383","true","200","image/png","89 50 4E 47","pending_browser_validation","recovered","/assets/images/investment/investment-LY-INV-000323-01.png"
"investment","فندق الزهر","323","LY-INV-000323","https://mymaps.usercontent.google.com/hostedimage/m/*/3AE5a_Gyx3MDHnvhCAsIUSqhpiPOiPk-Drbunelo2tl4MDFKj7jj7G_YLW-JDxJho0OUM_bZhallPBmQerBgPxKqPObVZ6A8IYFCiH0YUQLUwKES_n2mLBogAFBL6siQgPfip4O089PkIETsK7tJTDXsm5oepaDkdugKuFtm2G-W2aWYKc58q7APwj6ESxNCWHD40uQTx6MFGmycM2DWbDgB1rJTmsJaGyG4vMEgwXdru3w3yxgR2MjgFuR1puoE?authuser=1&fife=s16383","https://mymaps.usercontent.google.com/hostedimage/m/*/3AE5a_Gyx3MDHnvhCAsIUSqhpiPOiPk-Drbunelo2tl4MDFKj7jj7G_YLW-JDxJho0OUM_bZhallPBmQerBgPxKqPObVZ6A8IYFCiH0YUQLUwKES_n2mLBogAFBL6siQgPfip4O089PkIETsK7tJTDXsm5oepaDkdugKuFtm2G-W2aWYKc58q7APwj6ESxNCWHD40uQTx6MFGmycM2DWbDgB1rJTmsJaGyG4vMEgwXdru3w3yxgR2MjgFuR1puoE?authuser=1&fife=s16383","true","200","image/png","89 50 4E 47","pending_browser_validation","recovered","/assets/images/investment/investment-LY-INV-000323-02.png"
"investment","فندق الزهر","323","LY-INV-000323","https://mymaps.usercontent.google.com/hostedimage/m/*/3AE5a_GwTuL9fK1hAIww5uiFSVMqgpqHrZqJfs-6m0SFcGxq3ex1KYuZqPsetYj7Qs2QMhzFO3r2ppoj9Elv-LKeLDylKFp--M9eF4IHQW5YR3TbbqilyHp9RVChiFl3bfHk3g414DUwqPY-BsgmrRu5QCbXF46JoFz6D86OsPYiAzry9fKP_a8cfU9eQ9BMqG9kDmGBCDxd7yoTivTMKn710zkokVlpXPyKEnrgOyy0DdoFMy33VtvKyitQNQvo?authuser=1&fife=s16383","https://mymaps.usercontent.google.com/hostedimage/m/*/3AE5a_GwTuL9fK1hAIww5uiFSVMqgpqHrZqJfs-6m0SFcGxq3ex1KYuZqPsetYj7Qs2QMhzFO3r2ppoj9Elv-LKeLDylKFp--M9eF4IHQW5YR3TbbqilyHp9RVChiFl3bfHk3g414DUwqPY-BsgmrRu5QCbXF46JoFz6D86OsPYiAzry9fKP_a8cfU9eQ9BMqG9kDmGBCDxd7yoTivTMKn710zkokVlpXPyKEnrgOyy0DdoFMy33VtvKyitQNQvo?authuser=1&fife=s16383","true","200","image/png","89 50 4E 47","pending_browser_validation","recovered","/assets/images/investment/investment-LY-INV-000323-03.png"
"investment","فندق الزهر","323","LY-INV-000323","https://mymaps.usercontent.google.com/hostedimage/m/*/3AE5a_GzXFO-k9BfUqb1R0GeichUHm1OxhOSCzcwo4JEjKjc5Zp3WCMihvYynhCfyRgDz_gXorIvtpRMTccEHs_vwb5lAdqMJom7ZQ90e_WRPyQ7yZuOjf91l9Cff7IzBKYYFt7GnzonB6qSx-RsMTrjQe7EdX6v1zk3A7s3mZRB8rbnPWQ4NiwPIbvUObtJmgkQ6QS_svqL5QK0X_IFkYnpmrjXT5usPbMiAvqxJijQkyExzjatPFdXSzyZOyF0?authuser=1&fife=s16383","https://mymaps.usercontent.google.com/hostedimage/m/*/3AE5a_GzXFO-k9BfUqb1R0GeichUHm1OxhOSCzcwo4JEjKjc5Zp3WCMihvYynhCfyRgDz_gXorIvtpRMTccEHs_vwb5lAdqMJom7ZQ90e_WRPyQ7yZuOjf91l9Cff7IzBKYYFt7GnzonB6qSx-RsMTrjQe7EdX6v1zk3A7s3mZRB8rbnPWQ4NiwPIbvUObtJmgkQ6QS_svqL5QK0X_IFkYnpmrjXT5usPbMiAvqxJijQkyExzjatPFdXSzyZOyF0?authuser=1&fife=s16383","true","200","image/png","89 50 4E 47","pending_browser_validation","recovered","/assets/images/investment/investment-LY-INV-000323-04.png"
"investment","فندق الزهر","323","LY-INV-000323","https://mymaps.usercontent.google.com/hostedimage/m/*/3AE5a_GxkShyLF22N2X-Pe3VW02dw7rpEWHNvSPb9nc_HnzRMPww-QzuhjhsGuqaj2-3owbUBzGVngiavPfpp0TBuhDjsy9TvsSGmFLZVbJMZlQQbCE0MyKi39q1lS4qa46i80wjgyHUfw3z-Yz2r4Wa0SOYrVIqKfWF2GETNImaJkPI3H88Wc4-NOz8Mw_pJpEpWTD21yC7t-j_RjY6r3rFnFhSw7qOHKTsBnl1HPJfyaGz_f0rhc0SIHA7L6cg?authuser=1&fife=s16383","https://mymaps.usercontent.google.com/hostedimage/m/*/3AE5a_GxkShyLF22N2X-Pe3VW02dw7rpEWHNvSPb9nc_HnzRMPww-QzuhjhsGuqaj2-3owbUBzGVngiavPfpp0TBuhDjsy9TvsSGmFLZVbJMZlQQbCE0MyKi39q1lS4qa46i80wjgyHUfw3z-Yz2r4Wa0SOYrVIqKfWF2GETNImaJkPI3H88Wc4-NOz8Mw_pJpEpWTD21yC7t-j_RjY6r3rFnFhSw7qOHKTsBnl1HPJfyaGz_f0rhc0SIHA7L6cg?authuser=1&fife=s16383","true","200","image/png","89 50 4E 47","pending_browser_validation","recovered","/assets/images/investment/investment-LY-INV-000323-05.png"
"investment","فندق السرايا","325","LY-INV-000325","https://mymaps.usercontent.google.com/hostedimage/m/*/3AE5a_GybRqkx8yo8Xm4rKgIHjMET3vQXfJ-vbUqqu7aLqW8aECKX770dM0rMrarjrYrAPqOOVoWr6O17bd6YC5JyU7KL32PyxKc-BtirN8PK-OztPTS90hQp8RJaqpT7DsgtHBzmO4yIKZrba3-_MGJRqkdWNDh2gOq42gdxTr0oOfV-G1xwkBRg2D6wEnzIXH31RFeplmw3-dW7h7QCZibo_tT1wefuIx87KKix-h3OO0DeybhCOwozMgX3N-c?authuser=1&fife=s16383","https://mymaps.usercontent.google.com/hostedimage/m/*/3AE5a_GybRqkx8yo8Xm4rKgIHjMET3vQXfJ-vbUqqu7aLqW8aECKX770dM0rMrarjrYrAPqOOVoWr6O17bd6YC5JyU7KL32PyxKc-BtirN8PK-OztPTS90hQp8RJaqpT7DsgtHBzmO4yIKZrba3-_MGJRqkdWNDh2gOq42gdxTr0oOfV-G1xwkBRg2D6wEnzIXH31RFeplmw3-dW7h7QCZibo_tT1wefuIx87KKix-h3OO0DeybhCOwozMgX3N-c?authuser=1&fife=s16383","true","200","image/png","89 50 4E 47","pending_browser_validation","recovered","/assets/images/investment/investment-LY-INV-000325-01.png"
"investment","فندق السرايا","325","LY-INV-000325","https://mymaps.usercontent.google.com/hostedimage/m/*/3AE5a_Gw0iiJUOFuGasP6TqibORjoHXVyCs63SCn5bdYJBSBfazSc8elkTkYUiZ5utrwjRfugngDk6If8NVLxa_IvKSrrWOAa3BIrIj_ivgdHMFgEAK27O72OtB4S2PwS8pUQ0lpIipTmVwl82aVr7TjQ-1AXoEPy1y4h_6zd-65VtOj6nNlEw3_Nb4CKfLG5XIaRd1fyCUJLYeilIQWLHTKPMSaZGu5X0Cswd61wi11bEdoUAgaWEDvlTV_FQNM?authuser=1&fife=s16383","https://mymaps.usercontent.google.com/hostedimage/m/*/3AE5a_Gw0iiJUOFuGasP6TqibORjoHXVyCs63SCn5bdYJBSBfazSc8elkTkYUiZ5utrwjRfugngDk6If8NVLxa_IvKSrrWOAa3BIrIj_ivgdHMFgEAK27O72OtB4S2PwS8pUQ0lpIipTmVwl82aVr7TjQ-1AXoEPy1y4h_6zd-65VtOj6nNlEw3_Nb4CKfLG5XIaRd1fyCUJLYeilIQWLHTKPMSaZGu5X0Cswd61wi11bEdoUAgaWEDvlTV_FQNM?authuser=1&fife=s16383","true","200","image/png","89 50 4E 47","pending_browser_validation","recovered","/assets/images/investment/investment-LY-INV-000325-02.png"
"investment","فندق السرايا","325","LY-INV-000325","https://mymaps.usercontent.google.com/hostedimage/m/*/3AE5a_Gy2EMD5ym3B7PV4_BniT5FokCaGwNdifF2j7yAc1CoBoLkQ9c04eKolxtLuHSAywPL6-8Ue2DiKoZ8rnsREvEvmoez3CKtnK6Vlxpde5oXyqNpzy4ZwkCeNalUey_oBtocnD_eUqDTKq22wZ-FdRdNi9L1erMnPjc7t-6fcXPx0LMHkXJPtQmT9ZeRjtQRaQVOAz0VvijT6-DNIJtg56rQKpQp9mCA1uATEri_xXJIfWKEY8dk_pLj9A7s?authuser=1&fife=s16383","https://mymaps.usercontent.google.com/hostedimage/m/*/3AE5a_Gy2EMD5ym3B7PV4_BniT5FokCaGwNdifF2j7yAc1CoBoLkQ9c04eKolxtLuHSAywPL6-8Ue2DiKoZ8rnsREvEvmoez3CKtnK6Vlxpde5oXyqNpzy4ZwkCeNalUey_oBtocnD_eUqDTKq22wZ-FdRdNi9L1erMnPjc7t-6fcXPx0LMHkXJPtQmT9ZeRjtQRaQVOAz0VvijT6-DNIJtg56rQKpQp9mCA1uATEri_xXJIfWKEY8dk_pLj9A7s?authuser=1&fife=s16383","true","200","image/png","89 50 4E 47","pending_browser_validation","recovered","/assets/images/investment/investment-LY-INV-000325-03.png"
"investment","فندق السرايا","325","LY-INV-000325","https://mymaps.usercontent.google.com/hostedimage/m/*/3AE5a_Gzij24TwzkvnRsUGehFMBAyruYSmfYCymoYBQA3CWxSzsuRv7p4Q3cu7p26_K_PCHDYNN8WKsPRF0BpaV_caY9ClzxIK1milTq1m3DnyquLjn6sz5_-L9H-ciu0gIO8nIZ34q9h9utBSZds4zY6uF8TMcIIL8mv8xYPO4CjsYdArT6VDU9eDx4C8LyjH-CUaZOxKRzMFLNl9_1Cb5XNLGQ1_Dda_XvskeSqQFvZ12Rtj5RXFjN3V9hqx6Y?authuser=1&fife=s16383","https://mymaps.usercontent.google.com/hostedimage/m/*/3AE5a_Gzij24TwzkvnRsUGehFMBAyruYSmfYCymoYBQA3CWxSzsuRv7p4Q3cu7p26_K_PCHDYNN8WKsPRF0BpaV_caY9ClzxIK1milTq1m3DnyquLjn6sz5_-L9H-ciu0gIO8nIZ34q9h9utBSZds4zY6uF8TMcIIL8mv8xYPO4CjsYdArT6VDU9eDx4C8LyjH-CUaZOxKRzMFLNl9_1Cb5XNLGQ1_Dda_XvskeSqQFvZ12Rtj5RXFjN3V9hqx6Y?authuser=1&fife=s16383","true","200","image/png","89 50 4E 47","pending_browser_validation","recovered","/assets/images/investment/investment-LY-INV-000325-04.png"
"investment","فندق زوارة","326","LY-INV-000326","https://mymaps.usercontent.google.com/hostedimage/m/*/3AE5a_Gxw8wMIrUZeePldYQauuGVOEzHDddfp0WhCQNRPX5lqcvLNfIPuXtaju2GdOQn8hoE7wRo0uEM6B1LJxaDOYcfT7xnuRkNqAD251gIUVYOVl3LFXfUMdVZXBFnJ66V2SRFZg1tHUo6jftOUzKXxkuHqkW5AFc2TAhJamYG2uwPS56jHc5l95OH-t7verB_epgzZLHyi_q2uGDDRuWHScKwDU2mikt_VyfBsh9oZoyCBgXQNJ37rQq0k-qo?authuser=1&fife=s16383","https://mymaps.usercontent.google.com/hostedimage/m/*/3AE5a_Gxw8wMIrUZeePldYQauuGVOEzHDddfp0WhCQNRPX5lqcvLNfIPuXtaju2GdOQn8hoE7wRo0uEM6B1LJxaDOYcfT7xnuRkNqAD251gIUVYOVl3LFXfUMdVZXBFnJ66V2SRFZg1tHUo6jftOUzKXxkuHqkW5AFc2TAhJamYG2uwPS56jHc5l95OH-t7verB_epgzZLHyi_q2uGDDRuWHScKwDU2mikt_VyfBsh9oZoyCBgXQNJ37rQq0k-qo?authuser=1&fife=s16383","true","200","image/png","89 50 4E 47","pending_browser_validation","recovered","/assets/images/investment/investment-LY-INV-000326-01.png"
"investment","فندق زوارة","326","LY-INV-000326","https://mymaps.usercontent.google.com/hostedimage/m/*/3AE5a_GxXrq0EV5STC0RPcM1ml-kl0rYe9NLup1_eZiPI1cDk4qt3N3LmOiCgJS1f3P1OLzcfYHuDvxtoHju5MeQr-juSfeQURgDFrTGOjUinHQ7l68zD5ELpFCXQ7HQ_ul73eC9wr9Y3LptCMe9dfNMCyCHm5jVZgrKkVn3HR80vL2zHNYaIYaKYdWHdbcnBjegO5y0ZZf1lxKYu1-GPh9C6hcaTuFG-Ag86fFuFgnaZz-Jxsrq1bR4wWIVOKTo?authuser=1&fife=s16383","https://mymaps.usercontent.google.com/hostedimage/m/*/3AE5a_GxXrq0EV5STC0RPcM1ml-kl0rYe9NLup1_eZiPI1cDk4qt3N3LmOiCgJS1f3P1OLzcfYHuDvxtoHju5MeQr-juSfeQURgDFrTGOjUinHQ7l68zD5ELpFCXQ7HQ_ul73eC9wr9Y3LptCMe9dfNMCyCHm5jVZgrKkVn3HR80vL2zHNYaIYaKYdWHdbcnBjegO5y0ZZf1lxKYu1-GPh9C6hcaTuFG-Ag86fFuFgnaZz-Jxsrq1bR4wWIVOKTo?authuser=1&fife=s16383","true","200","image/png","89 50 4E 47","pending_browser_validation","recovered","/assets/images/investment/investment-LY-INV-000326-02.png"
"investment","فندق زوارة","326","LY-INV-000326","https://mymaps.usercontent.google.com/hostedimage/m/*/3AE5a_Gxg8ZPwSgxW4Pww9f30HJqwm3W65xjt5yCI6NvO_C6ONb2AnJ9E70L8MdCAoP5aZk5MIC83bUa-nSGoBXVVuomhAosBbgti2x_JJ4IWfWdHl-C1Ul833MoPCbHWriYkBFJR1X5LPqd19AULtmh07Rw8edBTry10shUWcC1lrirJwFB62CMlQ9Nj7lxvGdBe_WQzvSZ-ioOPkzc0bRoD8tIflirZBFZuS75VL3qTTD7Ov766_nh3mDiVi3E?authuser=1&fife=s16383","https://mymaps.usercontent.google.com/hostedimage/m/*/3AE5a_Gxg8ZPwSgxW4Pww9f30HJqwm3W65xjt5yCI6NvO_C6ONb2AnJ9E70L8MdCAoP5aZk5MIC83bUa-nSGoBXVVuomhAosBbgti2x_JJ4IWfWdHl-C1Ul833MoPCbHWriYkBFJR1X5LPqd19AULtmh07Rw8edBTry10shUWcC1lrirJwFB62CMlQ9Nj7lxvGdBe_WQzvSZ-ioOPkzc0bRoD8tIflirZBFZuS75VL3qTTD7Ov766_nh3mDiVi3E?authuser=1&fife=s16383","true","200","image/png","89 50 4E 47","pending_browser_validation","recovered","/assets/images/investment/investment-LY-INV-000326-03.png"
"investment","فندق السندباد","327","LY-INV-000327","https://mymaps.usercontent.google.com/hostedimage/m/*/3AE5a_GweDgrIEr7MG0Xr8pJQgmEi6NFFJz-KiEA6SsK1YsA65bdwpCazFnIgafwtdBiCMwnIvWHTPDcTVriserX5SDMqhW5FG9QKsyHQ91TBdH6gAGRimPXInoSXAkatITN_nSIcdrZWwZ7w_qwl7BZQE1BDGVxLMKAJ3XxWLOkUx7Wczs2f0ex1w-8kLHQy130eY3OkmWokKoUnc1g7_O0SjH-2giEqq-1Scyuw8QuZjlzowxwNJu1eM4GXNbQ?authuser=1&fife=s16383","https://mymaps.usercontent.google.com/hostedimage/m/*/3AE5a_GweDgrIEr7MG0Xr8pJQgmEi6NFFJz-KiEA6SsK1YsA65bdwpCazFnIgafwtdBiCMwnIvWHTPDcTVriserX5SDMqhW5FG9QKsyHQ91TBdH6gAGRimPXInoSXAkatITN_nSIcdrZWwZ7w_qwl7BZQE1BDGVxLMKAJ3XxWLOkUx7Wczs2f0ex1w-8kLHQy130eY3OkmWokKoUnc1g7_O0SjH-2giEqq-1Scyuw8QuZjlzowxwNJu1eM4GXNbQ?authuser=1&fife=s16383","true","200","image/png","89 50 4E 47","pending_browser_validation","recovered","/assets/images/investment/investment-LY-INV-000327-01.png"
"investment","فندق الشاطىء","330","LY-INV-000330","https://mymaps.usercontent.google.com/hostedimage/m/*/3AE5a_Gz0p0HFYYGNSJFFslhUC_4qu3C418sKiNh8bGqx8b8bDK2KY3KFTnSl1NJYh4Ipcl6wIkAD8sFLyCOoy75GsXtLUeSmMMttjsM6lvYwHzdDhu85TfkvK2j9r75IFns0jNqoC_NrJ7sDHVQwKWRsMgHl_qr3lJNVJtH0Frn5AhGE9b6hc9QfGXnDVHYIOVEZzP-LeHq1NuiUnykRUgamjp0uSdDwUD2hMpKSOOBO7ODqizg6D4Khundt1eY?authuser=1&fife=s16383","https://mymaps.usercontent.google.com/hostedimage/m/*/3AE5a_Gz0p0HFYYGNSJFFslhUC_4qu3C418sKiNh8bGqx8b8bDK2KY3KFTnSl1NJYh4Ipcl6wIkAD8sFLyCOoy75GsXtLUeSmMMttjsM6lvYwHzdDhu85TfkvK2j9r75IFns0jNqoC_NrJ7sDHVQwKWRsMgHl_qr3lJNVJtH0Frn5AhGE9b6hc9QfGXnDVHYIOVEZzP-LeHq1NuiUnykRUgamjp0uSdDwUD2hMpKSOOBO7ODqizg6D4Khundt1eY?authuser=1&fife=s16383","true","200","image/png","89 50 4E 47","pending_browser_validation","recovered","/assets/images/investment/investment-LY-INV-000330-01.png"
"investment","فندق الشاطىء","330","LY-INV-000330","https://mymaps.usercontent.google.com/hostedimage/m/*/3AE5a_GxS7IAJdlpaYiB5yjRwshHQ2P50UjqCZvSHkHpg_4AaENU3l-ktnc9J-AI_KZIic60nra01SD5n6VAx8QQM54ef-LIDNQ-ZjP-3H_veMf9zpAUjz7pw6pUqAvGDwpI5BwiZwkPw3uede1IED6TPQ9WExIlovkIKRwoFhLZs3cR5CnB9DoyI5DJRyPYLK38J6McBP1lUV9OujLxlZjI2Pd8bUS-SJmfnUlqdpNzmTEAWoy-mHH8Kz_3xuxY?authuser=1&fife=s16383","https://mymaps.usercontent.google.com/hostedimage/m/*/3AE5a_GxS7IAJdlpaYiB5yjRwshHQ2P50UjqCZvSHkHpg_4AaENU3l-ktnc9J-AI_KZIic60nra01SD5n6VAx8QQM54ef-LIDNQ-ZjP-3H_veMf9zpAUjz7pw6pUqAvGDwpI5BwiZwkPw3uede1IED6TPQ9WExIlovkIKRwoFhLZs3cR5CnB9DoyI5DJRyPYLK38J6McBP1lUV9OujLxlZjI2Pd8bUS-SJmfnUlqdpNzmTEAWoy-mHH8Kz_3xuxY?authuser=1&fife=s16383","true","200","image/png","89 50 4E 47","pending_browser_validation","recovered","/assets/images/investment/investment-LY-INV-000330-02.png"
"investment","فندق الشاطىء","330","LY-INV-000330","https://mymaps.usercontent.google.com/hostedimage/m/*/3AE5a_GwOO-VUXgPOwA-yWxAHAHwJ4dxrXTXjEXCQFPRlpjavznWeroJ2OKLBfbPZ2pyCSImaMn5ijVttQmnJ3gkUMjL4NXc6VGvYCM7qeXctoBF5z51a1MLs4NXWT3pOhcWYuAYX5KD1iEZHpfBplkYQIupmunpkp8bubSeBBeA2vONWGGN1SDUpg5RjMZJJ7S482WPE8QPhKLRewiQRUg962-lxF4AdNoYW5CxvUPSkcw1sR4Udkg6GJ-aZmFc?authuser=1&fife=s16383","https://mymaps.usercontent.google.com/hostedimage/m/*/3AE5a_GwOO-VUXgPOwA-yWxAHAHwJ4dxrXTXjEXCQFPRlpjavznWeroJ2OKLBfbPZ2pyCSImaMn5ijVttQmnJ3gkUMjL4NXc6VGvYCM7qeXctoBF5z51a1MLs4NXWT3pOhcWYuAYX5KD1iEZHpfBplkYQIupmunpkp8bubSeBBeA2vONWGGN1SDUpg5RjMZJJ7S482WPE8QPhKLRewiQRUg962-lxF4AdNoYW5CxvUPSkcw1sR4Udkg6GJ-aZmFc?authuser=1&fife=s16383","true","200","image/png","89 50 4E 47","pending_browser_validation","recovered","/assets/images/investment/investment-LY-INV-000330-03.png"
"investment","فندق الشاطىء","330","LY-INV-000330","https://mymaps.usercontent.google.com/hostedimage/m/*/3AE5a_Gwk9WZ3zAzJx1abyS0oPxzrZsO9-BuhOo6Aduyj61gHECncAPnbLmryDXhNdP5Ocfn4r5KvhvFhudTlZkbeeABvx39Ta2ODe07rwT3RnOR-jFPGlbkxb1TQep_Qpf5zYzBOouRWu-3a91ddZwJ_1Om68oA4hEmE6hYOZOryu0vE89zdszAaAQIjndWuddtMkGhVLBUe2bl6gx8DhPZchN5t7CPK4u9eNFHUc-rqBg9QdulsYuxo6-s-zvY?authuser=1&fife=s16383","https://mymaps.usercontent.google.com/hostedimage/m/*/3AE5a_Gwk9WZ3zAzJx1abyS0oPxzrZsO9-BuhOo6Aduyj61gHECncAPnbLmryDXhNdP5Ocfn4r5KvhvFhudTlZkbeeABvx39Ta2ODe07rwT3RnOR-jFPGlbkxb1TQep_Qpf5zYzBOouRWu-3a91ddZwJ_1Om68oA4hEmE6hYOZOryu0vE89zdszAaAQIjndWuddtMkGhVLBUe2bl6gx8DhPZchN5t7CPK4u9eNFHUc-rqBg9QdulsYuxo6-s-zvY?authuser=1&fife=s16383","true","200","image/png","89 50 4E 47","pending_browser_validation","recovered","/assets/images/investment/investment-LY-INV-000330-04.png"
"investment","فندق الشجرة","331","LY-INV-000331","https://mymaps.usercontent.google.com/hostedimage/m/*/3AE5a_GzNJUot8jogTF5iVDzg9PecE7VWv-8XeAL-srCH6be7xGuaJN8wGMfbyGdpt5Wr9yg36X4EEsc6rmx_UexK1rbOjRmjssEYl6GZzoM_9CB6diiumOAJeLfoLNjvmiTZh2NAKkBOJMCPEV8r9ZmfIcjJGc21pcc93QMxUVlN0UMoJ6d6zpgVTWs_ulvtJkSVcHbIVosSJ5YJW2z9moIlDLTuUhZEznqZUuigiGfMDx03KLIifPCn7q6XdQk?authuser=1&fife=s16383","https://mymaps.usercontent.google.com/hostedimage/m/*/3AE5a_GzNJUot8jogTF5iVDzg9PecE7VWv-8XeAL-srCH6be7xGuaJN8wGMfbyGdpt5Wr9yg36X4EEsc6rmx_UexK1rbOjRmjssEYl6GZzoM_9CB6diiumOAJeLfoLNjvmiTZh2NAKkBOJMCPEV8r9ZmfIcjJGc21pcc93QMxUVlN0UMoJ6d6zpgVTWs_ulvtJkSVcHbIVosSJ5YJW2z9moIlDLTuUhZEznqZUuigiGfMDx03KLIifPCn7q6XdQk?authuser=1&fife=s16383","true","200","image/png","89 50 4E 47","pending_browser_validation","recovered","/assets/images/investment/investment-LY-INV-000331-01.png"
"investment","فندق الشجرة","331","LY-INV-000331","https://mymaps.usercontent.google.com/hostedimage/m/*/3AE5a_GyypKAIgE90UvZl7fshkjyDtRB4t37W2eppfkAbJMdvpcgBQ93t4ZGACrsZzpV0vVVSQ8IaXJZjY-6vKe76bmu9c8uUv5D_kkZdUGkwjXgLpD_rmFqMPHwnzX6yuZckY2vb46nsp0S1JIIQhZ9qmtv3XL9p6CmQ0jvhZ2TFmMktezRCvgsZHvY3r36UgoGbdXjyy0q4gSl43BO-J3Ysdd22i-ZkNEsw3lugL2mNYBuMiMJn52vIA3vRQOw?authuser=1&fife=s16383","https://mymaps.usercontent.google.com/hostedimage/m/*/3AE5a_GyypKAIgE90UvZl7fshkjyDtRB4t37W2eppfkAbJMdvpcgBQ93t4ZGACrsZzpV0vVVSQ8IaXJZjY-6vKe76bmu9c8uUv5D_kkZdUGkwjXgLpD_rmFqMPHwnzX6yuZckY2vb46nsp0S1JIIQhZ9qmtv3XL9p6CmQ0jvhZ2TFmMktezRCvgsZHvY3r36UgoGbdXjyy0q4gSl43BO-J3Ysdd22i-ZkNEsw3lugL2mNYBuMiMJn52vIA3vRQOw?authuser=1&fife=s16383","true","200","image/png","89 50 4E 47","pending_browser_validation","recovered","/assets/images/investment/investment-LY-INV-000331-02.png"
"investment","فندق الشمس","333","LY-INV-000333","https://mymaps.usercontent.google.com/hostedimage/m/*/3AE5a_GypiiwE7LSxkPT1M2v04ule0vfPbqyPvsoIRy8aRGS-ebH43mJbzCqged5L6lyJ_RMVS9p3yaLjf80SiIdhL7PgMTKjjn46jR4soTWVqq493ByHSr4mky2s3Pg3oW2gG7qGzDAQMQRkIqKpJDTe2BTMWFD87IJxdZcAo-UtwupI3ab9mckq-h7FFRg6Bj2PGAS1n7RQzL7G6xQDlTzz3Gw--cSW-oinqcCDMf2VDPMftduz6EW2mE1K6dE?authuser=1&fife=s16383","https://mymaps.usercontent.google.com/hostedimage/m/*/3AE5a_GypiiwE7LSxkPT1M2v04ule0vfPbqyPvsoIRy8aRGS-ebH43mJbzCqged5L6lyJ_RMVS9p3yaLjf80SiIdhL7PgMTKjjn46jR4soTWVqq493ByHSr4mky2s3Pg3oW2gG7qGzDAQMQRkIqKpJDTe2BTMWFD87IJxdZcAo-UtwupI3ab9mckq-h7FFRg6Bj2PGAS1n7RQzL7G6xQDlTzz3Gw--cSW-oinqcCDMf2VDPMftduz6EW2mE1K6dE?authuser=1&fife=s16383","true","200","image/png","89 50 4E 47","pending_browser_validation","recovered","/assets/images/investment/investment-LY-INV-000333-01.png"
"investment","فندق الشمس","333","LY-INV-000333","https://mymaps.usercontent.google.com/hostedimage/m/*/3AE5a_GzMl0xWI7fOy7AL6XL2D8L91enkkopiotF-zPMQMIAxS0_5qjFaEa7c14FjUk8APTd1EiwWJ4sO9DDd9e5pY0Qb0mJCIyqkZY9gUVV7vPBKsGq_5jQeewmk9YBdw1IrjH2cv6lqC3HfjPgAsTCB36wpTTbkkDYDtsVxwyRntXyBXtjSSWxLk6piS9bCdDc4FTULewtTNykGcU9GxmKxyPzZIoGaGSbmOhsQblbmmWmptmDUnyv0Hay4jmw?authuser=1&fife=s16383","https://mymaps.usercontent.google.com/hostedimage/m/*/3AE5a_GzMl0xWI7fOy7AL6XL2D8L91enkkopiotF-zPMQMIAxS0_5qjFaEa7c14FjUk8APTd1EiwWJ4sO9DDd9e5pY0Qb0mJCIyqkZY9gUVV7vPBKsGq_5jQeewmk9YBdw1IrjH2cv6lqC3HfjPgAsTCB36wpTTbkkDYDtsVxwyRntXyBXtjSSWxLk6piS9bCdDc4FTULewtTNykGcU9GxmKxyPzZIoGaGSbmOhsQblbmmWmptmDUnyv0Hay4jmw?authuser=1&fife=s16383","true","200","image/png","89 50 4E 47","pending_browser_validation","recovered","/assets/images/investment/investment-LY-INV-000333-02.png"
"investment","فندق الشمس","333","LY-INV-000333","https://mymaps.usercontent.google.com/hostedimage/m/*/3AE5a_Gyvlk529GipItr_ClcoWXyBTH8uMgs_L2xaF0AdVpbf7GaI7pEMsuLzbI69Wj_dmmtICJN3SWVgWHt9VGG3kJ0pftqI8NDPa-hLplLGBNCItTlrdNmAfpwNcYePaQS32gzr_tcUpOwEBhmeOrBgAaDArw0tqL4WfAQMPnDh1xJyEGpFHkUeqE1ASP_umNqyNGyzNPD1Q2y8wNDR2_-xNRK4vGZ9TZP77DQYGCz08vjd3mplZSWfz_Hf76Y?authuser=1&fife=s16383","https://mymaps.usercontent.google.com/hostedimage/m/*/3AE5a_Gyvlk529GipItr_ClcoWXyBTH8uMgs_L2xaF0AdVpbf7GaI7pEMsuLzbI69Wj_dmmtICJN3SWVgWHt9VGG3kJ0pftqI8NDPa-hLplLGBNCItTlrdNmAfpwNcYePaQS32gzr_tcUpOwEBhmeOrBgAaDArw0tqL4WfAQMPnDh1xJyEGpFHkUeqE1ASP_umNqyNGyzNPD1Q2y8wNDR2_-xNRK4vGZ9TZP77DQYGCz08vjd3mplZSWfz_Hf76Y?authuser=1&fife=s16383","true","200","image/png","89 50 4E 47","pending_browser_validation","recovered","/assets/images/investment/investment-LY-INV-000333-03.png"
"investment","فندق الشمس","333","LY-INV-000333","https://mymaps.usercontent.google.com/hostedimage/m/*/3AE5a_Gy8YLKyLQJ7J409PLyQ6ZihVPUk94Rmxukxs8pd998qfI6f_mpndacnPeyShwdXcvVLGsSBnBSy0NPO2gHavxzLvLGa3P3KQHtyeXQGBRLkhkmukOopyy8_AYlJ48GF_AV7atAcVSRzsYpblUyPmkjBGTLJhSIzAMhKOgXwd-qq___PAiigMzo0D0dejXTs-icscEpaPWoGq_gdF6JBxxjP9Uxc4w6gtT0HhI8G60s6011Zqrg48K7KVaE?authuser=1&fife=s16383","https://mymaps.usercontent.google.com/hostedimage/m/*/3AE5a_Gy8YLKyLQJ7J409PLyQ6ZihVPUk94Rmxukxs8pd998qfI6f_mpndacnPeyShwdXcvVLGsSBnBSy0NPO2gHavxzLvLGa3P3KQHtyeXQGBRLkhkmukOopyy8_AYlJ48GF_AV7atAcVSRzsYpblUyPmkjBGTLJhSIzAMhKOgXwd-qq___PAiigMzo0D0dejXTs-icscEpaPWoGq_gdF6JBxxjP9Uxc4w6gtT0HhI8G60s6011Zqrg48K7KVaE?authuser=1&fife=s16383","true","200","image/png","89 50 4E 47","pending_browser_validation","recovered","/assets/images/investment/investment-LY-INV-000333-04.png"
"investment","فندق الصفوة","335","LY-INV-000335","https://mymaps.usercontent.google.com/hostedimage/m/*/3AE5a_GxUZcIEjf-oPWavTCdlaB9oLK-7X4L9FWSMto7t-tGtR0U2LJV-2maNYZtUP9vgSmsDEZwQP3wMSDnuBXuvfpeI0AmNylbgNiHegYoqbdMlXPavoum_SzTs2EDX4J0akSTogRcn4T7Ck-9OByNGspd9RHstkaz_kFT18A27VFRFTAtpdArKB085fwB5CqYfEqi0lWA7gZz8bY9fD51fC4qUaoYxnl3Wc21Afra6dSRWPO4OWgwmVxj7ulo?authuser=1&fife=s16383","https://mymaps.usercontent.google.com/hostedimage/m/*/3AE5a_GxUZcIEjf-oPWavTCdlaB9oLK-7X4L9FWSMto7t-tGtR0U2LJV-2maNYZtUP9vgSmsDEZwQP3wMSDnuBXuvfpeI0AmNylbgNiHegYoqbdMlXPavoum_SzTs2EDX4J0akSTogRcn4T7Ck-9OByNGspd9RHstkaz_kFT18A27VFRFTAtpdArKB085fwB5CqYfEqi0lWA7gZz8bY9fD51fC4qUaoYxnl3Wc21Afra6dSRWPO4OWgwmVxj7ulo?authuser=1&fife=s16383","true","200","image/png","89 50 4E 47","pending_browser_validation","recovered","/assets/images/investment/investment-LY-INV-000335-01.png"
"investment","فندق الصفوة","335","LY-INV-000335","https://mymaps.usercontent.google.com/hostedimage/m/*/3AE5a_GybMdq2TpBQgfaFXhXkIJcztLnHNJLe_CD-t_5Q2Bjmw5mqwwBZtXcsb_rQES1nCn6hmRZYWv27wZRSR9HzNwtNHSxT2tOrPRrIAM2KUt0ANzv2j-w5UjRd6TzTE-c9gYYqriM0dW4cA7zncieOA204SdMz7FfLZMPHtrzE6eWMDJVis2QY5IclBNnEvxzJdMt_dYB4983FyLdHgXbhxz8jvGsJ3jCGXBCf7bUKFSR-4WoepQF-blyf7d8?authuser=1&fife=s16383","https://mymaps.usercontent.google.com/hostedimage/m/*/3AE5a_GybMdq2TpBQgfaFXhXkIJcztLnHNJLe_CD-t_5Q2Bjmw5mqwwBZtXcsb_rQES1nCn6hmRZYWv27wZRSR9HzNwtNHSxT2tOrPRrIAM2KUt0ANzv2j-w5UjRd6TzTE-c9gYYqriM0dW4cA7zncieOA204SdMz7FfLZMPHtrzE6eWMDJVis2QY5IclBNnEvxzJdMt_dYB4983FyLdHgXbhxz8jvGsJ3jCGXBCf7bUKFSR-4WoepQF-blyf7d8?authuser=1&fife=s16383","true","200","image/png","89 50 4E 47","pending_browser_validation","recovered","/assets/images/investment/investment-LY-INV-000335-02.png"
"investment","فندق الصفوة","335","LY-INV-000335","https://mymaps.usercontent.google.com/hostedimage/m/*/3AE5a_Gz3mwAkb1G46AoKdYLMVLUshGWSkKAfr9b0igHdvnmE2sGHhxEfcauQF7-9Cu8zd12Q5ir873qGbJ3wW0ic0YI6qOG0ql9isaQw822U0jzUFfFb7Oq8vfKARDqapMbJM9extOAhc8HcluD7oEtTPzZ937XsI0V2cDCzszj6wMc7-waeqUP7no2TPI14DteQtkvZIKF684QfkgKdZDDDoskZiwp6hfmRDBTR1Hhd3b8w84hi15CqkHE7c-Q?authuser=1&fife=s16383","https://mymaps.usercontent.google.com/hostedimage/m/*/3AE5a_Gz3mwAkb1G46AoKdYLMVLUshGWSkKAfr9b0igHdvnmE2sGHhxEfcauQF7-9Cu8zd12Q5ir873qGbJ3wW0ic0YI6qOG0ql9isaQw822U0jzUFfFb7Oq8vfKARDqapMbJM9extOAhc8HcluD7oEtTPzZ937XsI0V2cDCzszj6wMc7-waeqUP7no2TPI14DteQtkvZIKF684QfkgKdZDDDoskZiwp6hfmRDBTR1Hhd3b8w84hi15CqkHE7c-Q?authuser=1&fife=s16383","true","200","image/png","89 50 4E 47","pending_browser_validation","recovered","/assets/images/investment/investment-LY-INV-000335-03.png"
"investment","فندق الصفوة","335","LY-INV-000335","https://mymaps.usercontent.google.com/hostedimage/m/*/3AE5a_GyI_r3GS-h7xqUhlNPCeVxJO98LgGe_rxTlehdsaWlEMTNYmzvmrSClkhVK-0dDYfdd7vhvHKfkyierZORfwgz_4JjYtS7gkmnu9tqNGpupifFarB5MVhwH1DTystyeOdJw-IwXgw3AzTMDxG4E7dvVxlhqkpHi0NQbsIl75nQvV0jSMlAfWwVyq0ENJ7nqHYCQ-Qns0Hqqh8eHzCxbCmKCch9r0CBtdFn98o80bOGaa9Rhkjo86HThyog?authuser=1&fife=s16383","https://mymaps.usercontent.google.com/hostedimage/m/*/3AE5a_GyI_r3GS-h7xqUhlNPCeVxJO98LgGe_rxTlehdsaWlEMTNYmzvmrSClkhVK-0dDYfdd7vhvHKfkyierZORfwgz_4JjYtS7gkmnu9tqNGpupifFarB5MVhwH1DTystyeOdJw-IwXgw3AzTMDxG4E7dvVxlhqkpHi0NQbsIl75nQvV0jSMlAfWwVyq0ENJ7nqHYCQ-Qns0Hqqh8eHzCxbCmKCch9r0CBtdFn98o80bOGaa9Rhkjo86HThyog?authuser=1&fife=s16383","true","200","image/png","89 50 4E 47","pending_browser_validation","recovered","/assets/images/investment/investment-LY-INV-000335-04.png"
"investment","فندق الصناعية مصراتة","336","LY-INV-000336","https://mymaps.usercontent.google.com/hostedimage/m/*/3AE5a_Gy7T69i1XiOgO_pNzaSHCKTENE2fXOWVNJmHYONBhBf3imOmx5PuA7SPmINs7wPwHZlu9AuSLtLXaut_QZSBz4njJ1Yt9Hi4kJ9HKw5-e5pJHlo6ajJfY-2_l55j0jeIM85Dr2hVBvHqmt0Z9HImpz19ym-rbJ84oApyo7DtHbE1vqhXSyv8FLIOyungzOaQC4pZGp-IIsLMXO1Hrh8_XusTCfllu7_6YW1NgvoHCDndIaCewZI8dR7lFQ?authuser=1&fife=s16383","https://mymaps.usercontent.google.com/hostedimage/m/*/3AE5a_Gy7T69i1XiOgO_pNzaSHCKTENE2fXOWVNJmHYONBhBf3imOmx5PuA7SPmINs7wPwHZlu9AuSLtLXaut_QZSBz4njJ1Yt9Hi4kJ9HKw5-e5pJHlo6ajJfY-2_l55j0jeIM85Dr2hVBvHqmt0Z9HImpz19ym-rbJ84oApyo7DtHbE1vqhXSyv8FLIOyungzOaQC4pZGp-IIsLMXO1Hrh8_XusTCfllu7_6YW1NgvoHCDndIaCewZI8dR7lFQ?authuser=1&fife=s16383","true","200","image/png","89 50 4E 47","pending_browser_validation","recovered","/assets/images/investment/investment-LY-INV-000336-01.png"
"investment","فندق الصناعية مصراتة","336","LY-INV-000336","https://mymaps.usercontent.google.com/hostedimage/m/*/3AE5a_GzjTjXmnalyMkC16TqDqtH2jTTNEqSH2cOCID7guhCKB712Us464XYrT-crQW0jSihA2A8VI33XeDw2MIv7xOEH-_dYCCCAy_-pap9RtUMZvoGfB6_UZG8Z2jjVOoteo1vMgTOqkygP513QgWbNSwvOvPB25qmyQuwbFj0aSRiY_2dqUHEx_Hc90PlV764BnqUO9Lp-OIBj7GrTld7cBNgVPLcQZ6jaArr5jcy1YR7sTqusuZxi-vpltY8?authuser=1&fife=s16383","https://mymaps.usercontent.google.com/hostedimage/m/*/3AE5a_GzjTjXmnalyMkC16TqDqtH2jTTNEqSH2cOCID7guhCKB712Us464XYrT-crQW0jSihA2A8VI33XeDw2MIv7xOEH-_dYCCCAy_-pap9RtUMZvoGfB6_UZG8Z2jjVOoteo1vMgTOqkygP513QgWbNSwvOvPB25qmyQuwbFj0aSRiY_2dqUHEx_Hc90PlV764BnqUO9Lp-OIBj7GrTld7cBNgVPLcQZ6jaArr5jcy1YR7sTqusuZxi-vpltY8?authuser=1&fife=s16383","true","200","image/png","89 50 4E 47","pending_browser_validation","recovered","/assets/images/investment/investment-LY-INV-000336-02.png"
"investment","فندق الصناعية مصراتة","336","LY-INV-000336","https://mymaps.usercontent.google.com/hostedimage/m/*/3AE5a_GwSlvk2JQ39GW0g41jgOOF2fzYQ8OKTB_fhQ-XTQ49fW1irqqgQsLlILcJKizqGDWbJKuwUcp8nISMDkggvCWBybVHVAqhlSMGaY35nVjuDYMdcJE9UpV9t2D842eZXNSHmVGPxe_ToQBD4AYNnvkdAAAQPQYNpDM4SmU3j1DMGJ0jkVY2OfGv4amajqGfJqZg2UMSo6NoWBuwTpCGZFUKvIMANGax-UfBN4LRcBmdRAERDDjjB14CiVNw?authuser=1&fife=s16383","https://mymaps.usercontent.google.com/hostedimage/m/*/3AE5a_GwSlvk2JQ39GW0g41jgOOF2fzYQ8OKTB_fhQ-XTQ49fW1irqqgQsLlILcJKizqGDWbJKuwUcp8nISMDkggvCWBybVHVAqhlSMGaY35nVjuDYMdcJE9UpV9t2D842eZXNSHmVGPxe_ToQBD4AYNnvkdAAAQPQYNpDM4SmU3j1DMGJ0jkVY2OfGv4amajqGfJqZg2UMSo6NoWBuwTpCGZFUKvIMANGax-UfBN4LRcBmdRAERDDjjB14CiVNw?authuser=1&fife=s16383","true","200","image/png","89 50 4E 47","pending_browser_validation","recovered","/assets/images/investment/investment-LY-INV-000336-03.png"
"investment","فندق الصناعية مصراتة","336","LY-INV-000336","https://mymaps.usercontent.google.com/hostedimage/m/*/3AE5a_GxPkTybaBurkscV-ejq_oDlRTWKcZBkBE9Ya-Kit5hV7L3cExnMvQhqMUlyJG3er6aUk_xpYdF811Pa2YXvejZBdK74vWGcbudYxB9EibPZxtGx1BWm2o3SQNEnQF5XHccfxeim_rAJiXkTNTSWTf1vV0cMkpq2AQ6ec_AXTk56BLHRzpZETxnKCROB14RUWhF-IaFxyjkokuolg2CUsE5cB0U_049csVKCnBZCR647GkNquBBHfAOjhYU?authuser=1&fife=s16383","https://mymaps.usercontent.google.com/hostedimage/m/*/3AE5a_GxPkTybaBurkscV-ejq_oDlRTWKcZBkBE9Ya-Kit5hV7L3cExnMvQhqMUlyJG3er6aUk_xpYdF811Pa2YXvejZBdK74vWGcbudYxB9EibPZxtGx1BWm2o3SQNEnQF5XHccfxeim_rAJiXkTNTSWTf1vV0cMkpq2AQ6ec_AXTk56BLHRzpZETxnKCROB14RUWhF-IaFxyjkokuolg2CUsE5cB0U_049csVKCnBZCR647GkNquBBHfAOjhYU?authuser=1&fife=s16383","true","200","image/png","89 50 4E 47","pending_browser_validation","recovered","/assets/images/investment/investment-LY-INV-000336-04.png"
"investment","فندق الصناعية مصراتة","336","LY-INV-000336","https://mymaps.usercontent.google.com/hostedimage/m/*/3AE5a_GwBfb1Wk513Nbvt2Ce1JVSYfvbZBYU7xHP2aoOnEFuvRFjttjGKpvDytcbr6Ex0G-FH2G-f43iQB4DpfKatpJKm8kd11EcAuEHgzYsK_xm8WO1eNTVoaTxvDgE2g9gwfF5Q2P5WBZedWtY7CGXVaaHC_mJYpTQZ53OPA__x_uPWQJ5DtJ2VhHu_zIpdBHYQjD_nxkvzWUU9BvS1KB8iapGuhs8rmX_RBwgeNh_3IdrleZQCUMumK-r8hpg?authuser=1&fife=s16383","https://mymaps.usercontent.google.com/hostedimage/m/*/3AE5a_GwBfb1Wk513Nbvt2Ce1JVSYfvbZBYU7xHP2aoOnEFuvRFjttjGKpvDytcbr6Ex0G-FH2G-f43iQB4DpfKatpJKm8kd11EcAuEHgzYsK_xm8WO1eNTVoaTxvDgE2g9gwfF5Q2P5WBZedWtY7CGXVaaHC_mJYpTQZ53OPA__x_uPWQJ5DtJ2VhHu_zIpdBHYQjD_nxkvzWUU9BvS1KB8iapGuhs8rmX_RBwgeNh_3IdrleZQCUMumK-r8hpg?authuser=1&fife=s16383","true","200","image/png","89 50 4E 47","pending_browser_validation","recovered","/assets/images/investment/investment-LY-INV-000336-05.png"
"investment","فندق الصولجان","337","LY-INV-000337","https://mymaps.usercontent.google.com/hostedimage/m/*/3AE5a_Gwm6xefSHKV7givBR7sE_TxmiKQ4zxIBte1kAiSUNzvvYHCzZshIJ2waF8xVZLZarkGxYKbGNUiZiOSMUZde_6h4LdB9FrPA4pEOhwLvbo-uF8TK9rrF7qoRk7rN4K3e4U_fwRM057QHdxOnyqCsPS4bQ_YDLASN8ItsfOy0cD7Rqbyt8WbYmPDx1_HG_NqM_8Xs5MgHJ1Ms5plTx7jLkab_PkUPsfzs18ZY1Pf2Lb0nAGwb36t41twDfQ?authuser=1&fife=s16383","https://mymaps.usercontent.google.com/hostedimage/m/*/3AE5a_Gwm6xefSHKV7givBR7sE_TxmiKQ4zxIBte1kAiSUNzvvYHCzZshIJ2waF8xVZLZarkGxYKbGNUiZiOSMUZde_6h4LdB9FrPA4pEOhwLvbo-uF8TK9rrF7qoRk7rN4K3e4U_fwRM057QHdxOnyqCsPS4bQ_YDLASN8ItsfOy0cD7Rqbyt8WbYmPDx1_HG_NqM_8Xs5MgHJ1Ms5plTx7jLkab_PkUPsfzs18ZY1Pf2Lb0nAGwb36t41twDfQ?authuser=1&fife=s16383","true","200","image/png","89 50 4E 47","pending_browser_validation","recovered","/assets/images/investment/investment-LY-INV-000337-01.png"
"investment","فندق الصولجان","337","LY-INV-000337","https://mymaps.usercontent.google.com/hostedimage/m/*/3AE5a_GzNobdY6LPhiLekGwVu74_keWJ9H3VwMUzbga1X96Feuj04OVmfe_bC2CU4ba3cPrUT4kaGxh2KEgFUdhsV4Jer-1UGIMyMNCnA1FQWgBsiXulfwaPd0Z0Zb7aVKDq_u63Cok6UPBvJdInvLs0c9nxdFO7_eeBC-pCjqdOI5lKNh__F2B2DGL-ILFHQKAjtzDNunp_MpXwYN8J1ueHjgctQ7S4V7oFisyPAiTCXRVBUH6Mt_kJENaJ0JP4?authuser=1&fife=s16383","https://mymaps.usercontent.google.com/hostedimage/m/*/3AE5a_GzNobdY6LPhiLekGwVu74_keWJ9H3VwMUzbga1X96Feuj04OVmfe_bC2CU4ba3cPrUT4kaGxh2KEgFUdhsV4Jer-1UGIMyMNCnA1FQWgBsiXulfwaPd0Z0Zb7aVKDq_u63Cok6UPBvJdInvLs0c9nxdFO7_eeBC-pCjqdOI5lKNh__F2B2DGL-ILFHQKAjtzDNunp_MpXwYN8J1ueHjgctQ7S4V7oFisyPAiTCXRVBUH6Mt_kJENaJ0JP4?authuser=1&fife=s16383","true","200","image/png","89 50 4E 47","pending_browser_validation","recovered","/assets/images/investment/investment-LY-INV-000337-02.png"
"investment","فندق الضيافة","338","LY-INV-000338","https://mymaps.usercontent.google.com/hostedimage/m/*/3AE5a_GxoHbUuOH-r5186ph92Szo3rCB103UaHRZHbYxlUGShdYdijM453_1-ydS1NeGSMntcsnde4EnWrHZcb927vTOYH1P-IS_SnTEH5kIrIYP4ikoG07J4fQmCMpBiEUnTMnWrFvB1p7E8b8ARE1uCfviUsNHvrUzROZUMItJ8JFI5ceJqQqFrZYvTRx1C03Zt7Dm0DjR6pPCdh_TTNaYySVPxRF_bgSQwnkeeHprtLs3iWNjiNnNamtRFETo?authuser=1&fife=s16383","https://mymaps.usercontent.google.com/hostedimage/m/*/3AE5a_GxoHbUuOH-r5186ph92Szo3rCB103UaHRZHbYxlUGShdYdijM453_1-ydS1NeGSMntcsnde4EnWrHZcb927vTOYH1P-IS_SnTEH5kIrIYP4ikoG07J4fQmCMpBiEUnTMnWrFvB1p7E8b8ARE1uCfviUsNHvrUzROZUMItJ8JFI5ceJqQqFrZYvTRx1C03Zt7Dm0DjR6pPCdh_TTNaYySVPxRF_bgSQwnkeeHprtLs3iWNjiNnNamtRFETo?authuser=1&fife=s16383","true","200","image/png","89 50 4E 47","pending_browser_validation","recovered","/assets/images/investment/investment-LY-INV-000338-01.png"
"investment","فندق الضيافة","338","LY-INV-000338","https://mymaps.usercontent.google.com/hostedimage/m/*/3AE5a_Gw5rS--Smh4W2kXZRypwh2OLIWTsF_1KxCvBxAsA4eXYcBLhy1v2IsisyEyo84Mp0R0h3CpGOojXmqwzOhJlvk_r2KpWpr6LJ3AqFqwJ_ZM8k06zg0PmUElD94AMTpNFvif4wueX_Wj-lapjLoKH51aCvnGeeG9Ss8u_3RK2qLaIl4AImmQmsmeeNOo0O8BAVa3Mqus9O9doFi02nJE_iXSHEKK0zlX8p6lBqUjtw_S3gClqK3l4KM9jyg?authuser=1&fife=s16383","https://mymaps.usercontent.google.com/hostedimage/m/*/3AE5a_Gw5rS--Smh4W2kXZRypwh2OLIWTsF_1KxCvBxAsA4eXYcBLhy1v2IsisyEyo84Mp0R0h3CpGOojXmqwzOhJlvk_r2KpWpr6LJ3AqFqwJ_ZM8k06zg0PmUElD94AMTpNFvif4wueX_Wj-lapjLoKH51aCvnGeeG9Ss8u_3RK2qLaIl4AImmQmsmeeNOo0O8BAVa3Mqus9O9doFi02nJE_iXSHEKK0zlX8p6lBqUjtw_S3gClqK3l4KM9jyg?authuser=1&fife=s16383","true","200","image/png","89 50 4E 47","pending_browser_validation","recovered","/assets/images/investment/investment-LY-INV-000338-02.png"
"investment","فندق الضيافة","338","LY-INV-000338","https://mymaps.usercontent.google.com/hostedimage/m/*/3AE5a_GwSPPYqc4R1GTeFpqKUtoeMtEctR79X_31BX4JX1FhcyTTALpJztf2OXw_jgqc_DAv0HtJLrlrPlN1NQQWoMUQwpIEYB-GOlO-B_L5tY6CMPBza2IHZ23X9Vecx9k1QSbrq_hqXkxJeYdah9jPwt0ccLFZGLbgFhvSeuqw7aE3bPLDCmVCh8TIBJVUxshKjV6Tuy7dLRGzjzPeGsGStbi2Q3DJjWEsPGv8Wjvzp4h30m3aKnUNHaRczlAk?authuser=1&fife=s16383","https://mymaps.usercontent.google.com/hostedimage/m/*/3AE5a_GwSPPYqc4R1GTeFpqKUtoeMtEctR79X_31BX4JX1FhcyTTALpJztf2OXw_jgqc_DAv0HtJLrlrPlN1NQQWoMUQwpIEYB-GOlO-B_L5tY6CMPBza2IHZ23X9Vecx9k1QSbrq_hqXkxJeYdah9jPwt0ccLFZGLbgFhvSeuqw7aE3bPLDCmVCh8TIBJVUxshKjV6Tuy7dLRGzjzPeGsGStbi2Q3DJjWEsPGv8Wjvzp4h30m3aKnUNHaRczlAk?authuser=1&fife=s16383","true","200","image/png","89 50 4E 47","pending_browser_validation","recovered","/assets/images/investment/investment-LY-INV-000338-03.png"
"investment","فندق الضيافة","338","LY-INV-000338","https://mymaps.usercontent.google.com/hostedimage/m/*/3AE5a_Gyjsz4ar9KOt1K49_9zfoje88pPiYMscL9QPgYk8zRJHXHleyGNX4axOPWL0uScJgsIiWOIQWCHctW_FRPFs5BU1Fo_nj9WS2SSH92aehOYTQyb3_2oaWZfPRMWnadGMWAHdzjK1G8lSIq09DruLNxM5TEuFeI01RPjMYeqctiHl3HzVFdDPZbhAJc-a7YN8PlVkGHx0ynWM8Zz0Pt7UQ5igiBJ089GzliBr8l3iq1FiuqJ5ELBX0ba4n8?authuser=1&fife=s16383","https://mymaps.usercontent.google.com/hostedimage/m/*/3AE5a_Gyjsz4ar9KOt1K49_9zfoje88pPiYMscL9QPgYk8zRJHXHleyGNX4axOPWL0uScJgsIiWOIQWCHctW_FRPFs5BU1Fo_nj9WS2SSH92aehOYTQyb3_2oaWZfPRMWnadGMWAHdzjK1G8lSIq09DruLNxM5TEuFeI01RPjMYeqctiHl3HzVFdDPZbhAJc-a7YN8PlVkGHx0ynWM8Zz0Pt7UQ5igiBJ089GzliBr8l3iq1FiuqJ5ELBX0ba4n8?authuser=1&fife=s16383","true","200","image/png","89 50 4E 47","pending_browser_validation","recovered","/assets/images/investment/investment-LY-INV-000338-04.png"
"investment","فندق الضيافة","338","LY-INV-000338","https://mymaps.usercontent.google.com/hostedimage/m/*/3AE5a_Gxhp6r_5JWc0SJVoXqwaUWcSySzgaKolDLLH5YgTTs1uGYQKtgK8XkLmVB6hUNT4gQyTPWHu7qOSI6idjvwHTuqOyrlo5mGIcSIwQlUrF22fKfNFpcFziXyjZ5YX3AGNSqdahqsdC_EGsPSTk2JGHChj08JNW5xQKcXZcw7vjUcSXyva42Z4RRHCIwF6hv6wuzMb_6ViO8R8XLt19q0BHCdwpfN4MC9t78XUTvun3JP35DqqmWUeUkta4s?authuser=1&fife=s16383","https://mymaps.usercontent.google.com/hostedimage/m/*/3AE5a_Gxhp6r_5JWc0SJVoXqwaUWcSySzgaKolDLLH5YgTTs1uGYQKtgK8XkLmVB6hUNT4gQyTPWHu7qOSI6idjvwHTuqOyrlo5mGIcSIwQlUrF22fKfNFpcFziXyjZ5YX3AGNSqdahqsdC_EGsPSTk2JGHChj08JNW5xQKcXZcw7vjUcSXyva42Z4RRHCIwF6hv6wuzMb_6ViO8R8XLt19q0BHCdwpfN4MC9t78XUTvun3JP35DqqmWUeUkta4s?authuser=1&fife=s16383","true","200","image/png","89 50 4E 47","pending_browser_validation","recovered","/assets/images/investment/investment-LY-INV-000338-05.png"
"investment","فندق الضيافة","338","LY-INV-000338","https://mymaps.usercontent.google.com/hostedimage/m/*/3AE5a_Gwn9pugXEmnERjSudBGEqlarFUcfxqiCVm1BvGW3b15FVVlcb8sdei3CL6MRJhE6_9NAiCftpyxzB5xD3CMh1dghARJbzyUtY2qJPpanfvg7GU4-fYEUBMoHU5cfcoMaujaw0eUC6QCl9K-ja_S44oOrJ87eAyONMMUbOvk2mSyGhD85QWDMpmEYiAZjc9m0C7VHlesymRpcM77R3tc1Q6R66Ms3yuLiC-hLSYg-p4Uvth53_n1n6MEdvE?authuser=1&fife=s16383","https://mymaps.usercontent.google.com/hostedimage/m/*/3AE5a_Gwn9pugXEmnERjSudBGEqlarFUcfxqiCVm1BvGW3b15FVVlcb8sdei3CL6MRJhE6_9NAiCftpyxzB5xD3CMh1dghARJbzyUtY2qJPpanfvg7GU4-fYEUBMoHU5cfcoMaujaw0eUC6QCl9K-ja_S44oOrJ87eAyONMMUbOvk2mSyGhD85QWDMpmEYiAZjc9m0C7VHlesymRpcM77R3tc1Q6R66Ms3yuLiC-hLSYg-p4Uvth53_n1n6MEdvE?authuser=1&fife=s16383","true","200","image/png","89 50 4E 47","pending_browser_validation","recovered","/assets/images/investment/investment-LY-INV-000338-06.png"
"investment","فندق العاصمة","339","LY-INV-000339","https://mymaps.usercontent.google.com/hostedimage/m/*/3AE5a_GyA0EnFXPc_r6Axbn_C7KSF60xFGBWeD_Y9g2shgAblAYozlMW6LEfj-z0CYfzckhC21uEH00E7QGoZdtlCPhO9gHFLLFDbBxisoGCPAcB25zBL7eae1hiYfbf9dS-wxd_mLvpoWpksjRoM4JEBcVbCY227zZ-0bhh0WKMzJcXpHhuvkzqHD4q4_Huoa1ZctXUSAm-bdkyn2E_-qLzzponeHppj1WwZkJnFrbaNJbqcJ1jwx1QeAt3WdCU?authuser=1&fife=s16383","https://mymaps.usercontent.google.com/hostedimage/m/*/3AE5a_GyA0EnFXPc_r6Axbn_C7KSF60xFGBWeD_Y9g2shgAblAYozlMW6LEfj-z0CYfzckhC21uEH00E7QGoZdtlCPhO9gHFLLFDbBxisoGCPAcB25zBL7eae1hiYfbf9dS-wxd_mLvpoWpksjRoM4JEBcVbCY227zZ-0bhh0WKMzJcXpHhuvkzqHD4q4_Huoa1ZctXUSAm-bdkyn2E_-qLzzponeHppj1WwZkJnFrbaNJbqcJ1jwx1QeAt3WdCU?authuser=1&fife=s16383","true","200","image/png","89 50 4E 47","pending_browser_validation","recovered","/assets/images/investment/investment-LY-INV-000339-01.png"
"investment","فندق العاصمة","339","LY-INV-000339","https://mymaps.usercontent.google.com/hostedimage/m/*/3AE5a_Gzl1HG6sw_E6DM01-PaprpoKL1m9xqOOaX8fKKXQxFrhnnrKJtyhbP24OfGNNr4G5Rq2eqQ1tIsOH3YZ7fKjWs0bQ2tnr0zUxcXJTY7HC9yaUTIUXJPM-BdSDVHe84yDf0LFmC9_8XyA4wcDcE2TL6QhYw2m-nFumw94N6b6KqEInrf_fLsAxQNzKZkmgsqb74TNarA18xLB06po_ptFts2De12yJSrZK98E42Maev5_YdCaE7nu8DDFMI?authuser=1&fife=s16383","https://mymaps.usercontent.google.com/hostedimage/m/*/3AE5a_Gzl1HG6sw_E6DM01-PaprpoKL1m9xqOOaX8fKKXQxFrhnnrKJtyhbP24OfGNNr4G5Rq2eqQ1tIsOH3YZ7fKjWs0bQ2tnr0zUxcXJTY7HC9yaUTIUXJPM-BdSDVHe84yDf0LFmC9_8XyA4wcDcE2TL6QhYw2m-nFumw94N6b6KqEInrf_fLsAxQNzKZkmgsqb74TNarA18xLB06po_ptFts2De12yJSrZK98E42Maev5_YdCaE7nu8DDFMI?authuser=1&fife=s16383","true","200","image/png","89 50 4E 47","pending_browser_validation","recovered","/assets/images/investment/investment-LY-INV-000339-02.png"
"investment","فندق العاصمة","339","LY-INV-000339","https://mymaps.usercontent.google.com/hostedimage/m/*/3AE5a_Gz1rUMDSSiJp16fzM1iAhWbgmUt_yRC22CBDvQtAZCsGKRZIJv6GzJf0hx8iNRZiZQ4ylr-gwee87m34EJaqCGSp4gd2y1kOrtRKnHMVxF9iYui5yDZguqwVD02pPFvH0EnYDh8f8XvidXf4jeNe7BNHMzrG7gH9XwsOUf2zMjsB-eMgH-BS6WfxWv7Z5-8vToDR5PW1aj_ZoQl6w7Ov6DKT7SrJCTJTJncSEpewl3lHzIM2MuZKZHQs0I?authuser=1&fife=s16383","https://mymaps.usercontent.google.com/hostedimage/m/*/3AE5a_Gz1rUMDSSiJp16fzM1iAhWbgmUt_yRC22CBDvQtAZCsGKRZIJv6GzJf0hx8iNRZiZQ4ylr-gwee87m34EJaqCGSp4gd2y1kOrtRKnHMVxF9iYui5yDZguqwVD02pPFvH0EnYDh8f8XvidXf4jeNe7BNHMzrG7gH9XwsOUf2zMjsB-eMgH-BS6WfxWv7Z5-8vToDR5PW1aj_ZoQl6w7Ov6DKT7SrJCTJTJncSEpewl3lHzIM2MuZKZHQs0I?authuser=1&fife=s16383","true","200","image/png","89 50 4E 47","pending_browser_validation","recovered","/assets/images/investment/investment-LY-INV-000339-03.png"
"investment","فندق القوس","342","LY-INV-000342","https://mymaps.usercontent.google.com/hostedimage/m/*/3AE5a_Gz7fGi0bDvGYFCMlVXWiDnYmOWJQXOW9KV3ZmfYXJhR3yH-0QEAnao7s464aD8Q5_xTsIjROvg56uiAugOPUYokoxUEMDo42axy2ygO5m3AorPPnIMF1-pQGx4ZzwoX9SGIx_XObGUJTknInWjYBF22G1ZTV0bLq8Cfh9kXVZZubrd-WJj_N0oTFLzjviYL8Dy5pk8xiGe7gYnTuSH9Y2mNrJaLgq4Wz1UYoPCCk1UqGdl35RlREW7sZRY?authuser=1&fife=s16383","https://mymaps.usercontent.google.com/hostedimage/m/*/3AE5a_Gz7fGi0bDvGYFCMlVXWiDnYmOWJQXOW9KV3ZmfYXJhR3yH-0QEAnao7s464aD8Q5_xTsIjROvg56uiAugOPUYokoxUEMDo42axy2ygO5m3AorPPnIMF1-pQGx4ZzwoX9SGIx_XObGUJTknInWjYBF22G1ZTV0bLq8Cfh9kXVZZubrd-WJj_N0oTFLzjviYL8Dy5pk8xiGe7gYnTuSH9Y2mNrJaLgq4Wz1UYoPCCk1UqGdl35RlREW7sZRY?authuser=1&fife=s16383","true","200","image/png","89 50 4E 47","pending_browser_validation","recovered","/assets/images/investment/investment-LY-INV-000342-01.png"
"investment","فندق القوس","342","LY-INV-000342","https://mymaps.usercontent.google.com/hostedimage/m/*/3AE5a_Gy_FgTdAnI376gZXZ5fvAo5uyTppLehNNxa2oxsYHtvEBzXytBWuxCFe-WanaTIQMgbKPrsRukH9tP6riaplL6wKGroJt4naUSDycqcpGpEHV0DuW5vZr2LsfwJVDtNUlEHF12yhnTTQ5erOoimJS-VvotbGIajLCw7h0QzJcS5QTftnP-aMP6q7Pm3CLUtY1znjU2pIdnmPByXNx-D6JlpAHwVGV_7V8YW_Q9zTDmFwg3v_CEVt-erOjo?authuser=1&fife=s16383","https://mymaps.usercontent.google.com/hostedimage/m/*/3AE5a_Gy_FgTdAnI376gZXZ5fvAo5uyTppLehNNxa2oxsYHtvEBzXytBWuxCFe-WanaTIQMgbKPrsRukH9tP6riaplL6wKGroJt4naUSDycqcpGpEHV0DuW5vZr2LsfwJVDtNUlEHF12yhnTTQ5erOoimJS-VvotbGIajLCw7h0QzJcS5QTftnP-aMP6q7Pm3CLUtY1znjU2pIdnmPByXNx-D6JlpAHwVGV_7V8YW_Q9zTDmFwg3v_CEVt-erOjo?authuser=1&fife=s16383","true","200","image/png","89 50 4E 47","pending_browser_validation","recovered","/assets/images/investment/investment-LY-INV-000342-02.png"
"investment","فندق القوس","342","LY-INV-000342","https://mymaps.usercontent.google.com/hostedimage/m/*/3AE5a_GyiN6_9xhj2VE9p0fENEFQM0tWni2bpzqAzzldCn-jn6uMQUcCvp7VQpSCgkJKWc53a2dCmA4LqgN-SxMOjSeaX8YOoxK9dUJO8rvub-13hhUUlWGzAPp-FB-DZj1jf6_ruuBxR5Vn0WNYR78KtAtBhKgTkbHdEz34DAjTn4JMctYD9DAXyBS6iJYo7zHWYoqEgymT1sTgrzaExO7rhhqWlwam0pmONiC3QSaR3HisnjXEaZ6lYrdjm8TA?authuser=1&fife=s16383","https://mymaps.usercontent.google.com/hostedimage/m/*/3AE5a_GyiN6_9xhj2VE9p0fENEFQM0tWni2bpzqAzzldCn-jn6uMQUcCvp7VQpSCgkJKWc53a2dCmA4LqgN-SxMOjSeaX8YOoxK9dUJO8rvub-13hhUUlWGzAPp-FB-DZj1jf6_ruuBxR5Vn0WNYR78KtAtBhKgTkbHdEz34DAjTn4JMctYD9DAXyBS6iJYo7zHWYoqEgymT1sTgrzaExO7rhhqWlwam0pmONiC3QSaR3HisnjXEaZ6lYrdjm8TA?authuser=1&fife=s16383","true","200","image/png","89 50 4E 47","pending_browser_validation","recovered","/assets/images/investment/investment-LY-INV-000342-03.png"
"investment","فندق القوس","342","LY-INV-000342","https://mymaps.usercontent.google.com/hostedimage/m/*/3AE5a_Gwz_OnAZH_lqQ3vcDIDswMhKr7xhxKS-7-Ynrw3rloGmx-nNkx9shVC8D8dFRKSrJ9oGREHkt8moHQDUMVJj8cTa-LCNkh1-ENlCcL4b2wd-H08J5JsvltoV6k9_k8L9DY-I4StD8HroGrRrO2qHqPR_pnz8FMNMhsE5nDcjtXln1Xr3CdCUz3sIYZfvv6G7bgg2Fdd0j6k9VmK3JEAx-71x6jTTgPnX6_ALiOuB7-QwuMY6-elCv2UWmc?authuser=1&fife=s16383","https://mymaps.usercontent.google.com/hostedimage/m/*/3AE5a_Gwz_OnAZH_lqQ3vcDIDswMhKr7xhxKS-7-Ynrw3rloGmx-nNkx9shVC8D8dFRKSrJ9oGREHkt8moHQDUMVJj8cTa-LCNkh1-ENlCcL4b2wd-H08J5JsvltoV6k9_k8L9DY-I4StD8HroGrRrO2qHqPR_pnz8FMNMhsE5nDcjtXln1Xr3CdCUz3sIYZfvv6G7bgg2Fdd0j6k9VmK3JEAx-71x6jTTgPnX6_ALiOuB7-QwuMY6-elCv2UWmc?authuser=1&fife=s16383","true","200","image/png","89 50 4E 47","pending_browser_validation","recovered","/assets/images/investment/investment-LY-INV-000342-04.png"
"investment","فندق القوس","342","LY-INV-000342","https://mymaps.usercontent.google.com/hostedimage/m/*/3AE5a_GzJXwAD0FPJU3J78XVTZEkYLu5pzrYx_1QK12d2Dv4loDqNVBPALAYtb2cArr6-AS2f1cHwDN_9rvn00oOgnQ3qBOwhYMVcJcKaejekCQhviSOC43o_BjZ8TxWRq8QF32lZDCjv5Vjh7kWI5yzB9m733-jF6dyRqbD3s8dKmK_ieAOwtSiwd-y8v8NLfWoRSPmsl3hdEBXvmTye6wz3Egy-iIvl3MVit1CB1QIHdfqBEbqIz1Dx5e7B2yc?authuser=1&fife=s16383","https://mymaps.usercontent.google.com/hostedimage/m/*/3AE5a_GzJXwAD0FPJU3J78XVTZEkYLu5pzrYx_1QK12d2Dv4loDqNVBPALAYtb2cArr6-AS2f1cHwDN_9rvn00oOgnQ3qBOwhYMVcJcKaejekCQhviSOC43o_BjZ8TxWRq8QF32lZDCjv5Vjh7kWI5yzB9m733-jF6dyRqbD3s8dKmK_ieAOwtSiwd-y8v8NLfWoRSPmsl3hdEBXvmTye6wz3Egy-iIvl3MVit1CB1QIHdfqBEbqIz1Dx5e7B2yc?authuser=1&fife=s16383","true","200","image/png","89 50 4E 47","pending_browser_validation","recovered","/assets/images/investment/investment-LY-INV-000342-05.png"
"investment","فندق الكبير","343","LY-INV-000343","https://mymaps.usercontent.google.com/hostedimage/m/*/3AE5a_GwmIEcaPkHw0A9Qq6sRyau2CCxhiKkVOWB4O1F9oSzuZ9QLp59dIuFQJmz6fGMgRz_dYjwTODSIm5f96nQGFBTrNA5CaR4xIgWPkFnf8bnT2ksujXFkOsrHMKn0RE0KaT7iDwc9HT2UClebf9zv6uNik1wtsA212OkJFoJ6n7PaWO4drSytbeqt5c1oe3XiyzPEIyhEXwETSKfqFui5M9N5gf2vUJDndtBCILzRiXj2uTwzg6xHY4Ninn8?authuser=1&fife=s16383","https://mymaps.usercontent.google.com/hostedimage/m/*/3AE5a_GwmIEcaPkHw0A9Qq6sRyau2CCxhiKkVOWB4O1F9oSzuZ9QLp59dIuFQJmz6fGMgRz_dYjwTODSIm5f96nQGFBTrNA5CaR4xIgWPkFnf8bnT2ksujXFkOsrHMKn0RE0KaT7iDwc9HT2UClebf9zv6uNik1wtsA212OkJFoJ6n7PaWO4drSytbeqt5c1oe3XiyzPEIyhEXwETSKfqFui5M9N5gf2vUJDndtBCILzRiXj2uTwzg6xHY4Ninn8?authuser=1&fife=s16383","true","200","image/png","89 50 4E 47","pending_browser_validation","recovered","/assets/images/investment/investment-LY-INV-000343-01.png"
"investment","فندق الكبير","343","LY-INV-000343","https://mymaps.usercontent.google.com/hostedimage/m/*/3AE5a_GzeutlPXwuD-qGEyxvT9a9BKZ4MFy4l1mHyIgNDtganF68clOnCRUFzwnIkgltIr0g1ZVsCK3b8T8JFC6FGTQVvjgPzdO2X80oC079rVfW_VQoA7SWXp1Wn9zuyktULM7ul8cKzKfnEPaXh5ImIG-1hmmwgq9yB9h6NB-RHW2_pI8pG-agPsFK5g6H5TWleFXVxWfqPUW3hHgJgAlddROyX8_Tiurz-fw8UiJrgroSZvsg4_d2qQlg1_R0?authuser=1&fife=s16383","https://mymaps.usercontent.google.com/hostedimage/m/*/3AE5a_GzeutlPXwuD-qGEyxvT9a9BKZ4MFy4l1mHyIgNDtganF68clOnCRUFzwnIkgltIr0g1ZVsCK3b8T8JFC6FGTQVvjgPzdO2X80oC079rVfW_VQoA7SWXp1Wn9zuyktULM7ul8cKzKfnEPaXh5ImIG-1hmmwgq9yB9h6NB-RHW2_pI8pG-agPsFK5g6H5TWleFXVxWfqPUW3hHgJgAlddROyX8_Tiurz-fw8UiJrgroSZvsg4_d2qQlg1_R0?authuser=1&fife=s16383","true","200","image/png","89 50 4E 47","pending_browser_validation","recovered","/assets/images/investment/investment-LY-INV-000343-02.png"
"investment","فندق الكبير","343","LY-INV-000343","https://mymaps.usercontent.google.com/hostedimage/m/*/3AE5a_GwOfWzyHesh2c5PWvS9EjTVa3cgZg4839S7XzdBQwwDWIZGvRi4uIbexNyrWYB-rndKWjZE-EnIowk-69LcvUIhcjgla0M7k2-aTXUBJGp0dVeCwTMeUp4-sLKjUQWuBLpzspJno1GhKLS8RV3pGB5A1n2yRYubX-Qjxu0MZu3WcYxkiauwGDjnn19rnm9MvU3r-r-BAy4oPwO88svPGb7vMaROVzLtkWzjsuMAVka8E8HNATOIFozaHxU?authuser=1&fife=s16383","https://mymaps.usercontent.google.com/hostedimage/m/*/3AE5a_GwOfWzyHesh2c5PWvS9EjTVa3cgZg4839S7XzdBQwwDWIZGvRi4uIbexNyrWYB-rndKWjZE-EnIowk-69LcvUIhcjgla0M7k2-aTXUBJGp0dVeCwTMeUp4-sLKjUQWuBLpzspJno1GhKLS8RV3pGB5A1n2yRYubX-Qjxu0MZu3WcYxkiauwGDjnn19rnm9MvU3r-r-BAy4oPwO88svPGb7vMaROVzLtkWzjsuMAVka8E8HNATOIFozaHxU?authuser=1&fife=s16383","true","200","image/png","89 50 4E 47","pending_browser_validation","recovered","/assets/images/investment/investment-LY-INV-000343-03.png"
"investment","فندق الكبير","343","LY-INV-000343","https://mymaps.usercontent.google.com/hostedimage/m/*/3AE5a_GxDpoE7Ne-1VxsEJZLP1oDmVZFgwL9yPYpS0eyBaODqFMixXdYIxwQPrduizk9_BjeWTle_B7Zq1WM6x-XYrrOi7iO592fhtfwaKZgrPMegVOvwHIHeowe7XhXztdOM0YrSc4x0tpm9eqZbPOylxyUuuvqYJkBArHjnGKZKzjbIHTqgaFxwq4YaddIfsliXvrFMfc-QZJxZCzfTbAal8a_F31dyORY0Efz1ArhY1zxDwRfu2mc6SuUfyxw?authuser=1&fife=s16383","https://mymaps.usercontent.google.com/hostedimage/m/*/3AE5a_GxDpoE7Ne-1VxsEJZLP1oDmVZFgwL9yPYpS0eyBaODqFMixXdYIxwQPrduizk9_BjeWTle_B7Zq1WM6x-XYrrOi7iO592fhtfwaKZgrPMegVOvwHIHeowe7XhXztdOM0YrSc4x0tpm9eqZbPOylxyUuuvqYJkBArHjnGKZKzjbIHTqgaFxwq4YaddIfsliXvrFMfc-QZJxZCzfTbAal8a_F31dyORY0Efz1ArhY1zxDwRfu2mc6SuUfyxw?authuser=1&fife=s16383","true","200","image/png","89 50 4E 47","pending_browser_validation","recovered","/assets/images/investment/investment-LY-INV-000343-04.png"
"investment","فندق الكبير","343","LY-INV-000343","https://mymaps.usercontent.google.com/hostedimage/m/*/3AE5a_Gw7hj6HfrkZH4r7l2wvU3lF1rKjdtl_A_yS5Az4Iy-2pNohlQrIQ_Q8JWpaOWwCzkOFTpiHs8DrnSh8wBxBxFTNIsf2DpUUM_xMQszySwuhWPw79tTRfjokQd6RLvLU8XwJpcgm2kwYw-Y8FZy3CtkvSeCNbzMNEstxTDFc7lCaYwbJUuKrORz9yw0nJFNiMpnOnLjAN8e_yE5sdlO9OSbKemy2sOXXObV14aTvZ1Q8I-ahza6j2FXENUs?authuser=1&fife=s16383","https://mymaps.usercontent.google.com/hostedimage/m/*/3AE5a_Gw7hj6HfrkZH4r7l2wvU3lF1rKjdtl_A_yS5Az4Iy-2pNohlQrIQ_Q8JWpaOWwCzkOFTpiHs8DrnSh8wBxBxFTNIsf2DpUUM_xMQszySwuhWPw79tTRfjokQd6RLvLU8XwJpcgm2kwYw-Y8FZy3CtkvSeCNbzMNEstxTDFc7lCaYwbJUuKrORz9yw0nJFNiMpnOnLjAN8e_yE5sdlO9OSbKemy2sOXXObV14aTvZ1Q8I-ahza6j2FXENUs?authuser=1&fife=s16383","true","200","image/png","89 50 4E 47","pending_browser_validation","recovered","/assets/images/investment/investment-LY-INV-000343-05.png"
"investment","فندق الماسة","345","LY-INV-000345","https://mymaps.usercontent.google.com/hostedimage/m/*/3AE5a_GwvjIfXoNdjd80rxP4i9G5KNGePjFZtxvF0bEXo6kQRAGD5rjosc09i7WMxMDoZWFbmUR30Rud-kJhhT49rw_EeY2WbCN6U-11wZQRZnt-bKWZaN-0lzZywI58L1LCxd0aAtqdrOdjZTTHTAwirsJzbnCborRZzs_zKTOjBlW-MUfMjbSS9BlmQjfLOj7I1EbdWgr-uZWDXqLdxZRAq7459_lg100csdiAoCJsRUdAVo4_0qGZ6wEAQGj8?authuser=1&fife=s16383","https://mymaps.usercontent.google.com/hostedimage/m/*/3AE5a_GwvjIfXoNdjd80rxP4i9G5KNGePjFZtxvF0bEXo6kQRAGD5rjosc09i7WMxMDoZWFbmUR30Rud-kJhhT49rw_EeY2WbCN6U-11wZQRZnt-bKWZaN-0lzZywI58L1LCxd0aAtqdrOdjZTTHTAwirsJzbnCborRZzs_zKTOjBlW-MUfMjbSS9BlmQjfLOj7I1EbdWgr-uZWDXqLdxZRAq7459_lg100csdiAoCJsRUdAVo4_0qGZ6wEAQGj8?authuser=1&fife=s16383","true","200","image/png","89 50 4E 47","pending_browser_validation","recovered","/assets/images/investment/investment-LY-INV-000345-01.png"
"investment","فندق الماسة","345","LY-INV-000345","https://mymaps.usercontent.google.com/hostedimage/m/*/3AE5a_Gwg4OBK2XKLAdzOmJ9GIoGPoHPIYx0V8lG0lOOSymDUIiZQdVzW2bQ6a_iteF5dppB1zLousCVe1t2uZxVw7XhX3hKV-4dS1-uW1oE8LFqaKSerC2u5_2sIsOEqrNkOQQIsttUn4YbA4UIxtcTlmfqGIN3DFrLmUioTyFkMnCHvy_QOFqvEZqJ9QtcPMECMfIrUMNKptJ_NWxJ12aBt9CWhjhes7V8TsFpQUj3xBU28Go8CHO-PUPjRIAA?authuser=1&fife=s16383","https://mymaps.usercontent.google.com/hostedimage/m/*/3AE5a_Gwg4OBK2XKLAdzOmJ9GIoGPoHPIYx0V8lG0lOOSymDUIiZQdVzW2bQ6a_iteF5dppB1zLousCVe1t2uZxVw7XhX3hKV-4dS1-uW1oE8LFqaKSerC2u5_2sIsOEqrNkOQQIsttUn4YbA4UIxtcTlmfqGIN3DFrLmUioTyFkMnCHvy_QOFqvEZqJ9QtcPMECMfIrUMNKptJ_NWxJ12aBt9CWhjhes7V8TsFpQUj3xBU28Go8CHO-PUPjRIAA?authuser=1&fife=s16383","true","200","image/png","89 50 4E 47","pending_browser_validation","recovered","/assets/images/investment/investment-LY-INV-000345-02.png"
"investment","فندق الماسة","345","LY-INV-000345","https://mymaps.usercontent.google.com/hostedimage/m/*/3AE5a_Gy0xel4R_dabXisegJK7EY8Nuk5sJYJvRaXJeuzkQ2pDn-OC7PW6A78zYXDKkABqCOVv6hP_VDnp-simAxUlS4dBlDNtiSPSV_KOMduJ7tNGDjsYrbOqdFEZO_8yOT44w3WUOGIEcbgO4NiZRRjCawFxS0jtTUtpHkgJRtf7EMk2NfPxrgchBIxCv0ZI0ZaYm_QH8OYVKFTVW5tzNuch73LRJFblRIy0il3owKPBnGFonCyBae8YGDIOTM?authuser=1&fife=s16383","https://mymaps.usercontent.google.com/hostedimage/m/*/3AE5a_Gy0xel4R_dabXisegJK7EY8Nuk5sJYJvRaXJeuzkQ2pDn-OC7PW6A78zYXDKkABqCOVv6hP_VDnp-simAxUlS4dBlDNtiSPSV_KOMduJ7tNGDjsYrbOqdFEZO_8yOT44w3WUOGIEcbgO4NiZRRjCawFxS0jtTUtpHkgJRtf7EMk2NfPxrgchBIxCv0ZI0ZaYm_QH8OYVKFTVW5tzNuch73LRJFblRIy0il3owKPBnGFonCyBae8YGDIOTM?authuser=1&fife=s16383","true","200","image/png","89 50 4E 47","pending_browser_validation","recovered","/assets/images/investment/investment-LY-INV-000345-03.png"
"investment","فندق الماسة","345","LY-INV-000345","https://mymaps.usercontent.google.com/hostedimage/m/*/3AE5a_GzXTsYjS8ao4Afz8owaN8VXWOxHIN4t3vfUAyd369Rjnam31PIUeDdG2nwkXpdg9FU_zjVMLpJ3JOCokj-nPizI1za0ePCgKUTq_cJQ-w97UL57IzxK3wkf_LxqQv53mJfVxr4rQbUmYwARTpPCE4rNi8tVzg93KBOCaMhd5F61uJAYPc5cmVAEgEgml7BKIjyIXORZae743yUkGAP-DgEvs54hO2Yq2xLnijXIQkH3VMf9bPW3Et5pQTs?authuser=1&fife=s16383","https://mymaps.usercontent.google.com/hostedimage/m/*/3AE5a_GzXTsYjS8ao4Afz8owaN8VXWOxHIN4t3vfUAyd369Rjnam31PIUeDdG2nwkXpdg9FU_zjVMLpJ3JOCokj-nPizI1za0ePCgKUTq_cJQ-w97UL57IzxK3wkf_LxqQv53mJfVxr4rQbUmYwARTpPCE4rNi8tVzg93KBOCaMhd5F61uJAYPc5cmVAEgEgml7BKIjyIXORZae743yUkGAP-DgEvs54hO2Yq2xLnijXIQkH3VMf9bPW3Et5pQTs?authuser=1&fife=s16383","true","200","image/png","89 50 4E 47","pending_browser_validation","recovered","/assets/images/investment/investment-LY-INV-000345-04.png"
"investment","فندق الماسة","345","LY-INV-000345","https://mymaps.usercontent.google.com/hostedimage/m/*/3AE5a_Gwew7aLQW0fBGhK18ZcAp-HOE2QzHvSqO9YebNDsC0UaeSGbW_7_PZPNThILE_mUSJ6tt2T3biqR2E72Zvm94fAWKULO7Ng-rGlXJI0CYh7rYx7HefSF1w2teEBejXMGp5itbnNSaXDL4lyDaOVw-9xkLSOMAB9ICynaIGKJ0gh7B7K9gP_5wDNCTPveJmTY16e62OEoAhDvJV0qBWvnXYzSM87BEZ0KxHEUUww4vVbk_4vp6bnCeAJ8Tk?authuser=1&fife=s16383","https://mymaps.usercontent.google.com/hostedimage/m/*/3AE5a_Gwew7aLQW0fBGhK18ZcAp-HOE2QzHvSqO9YebNDsC0UaeSGbW_7_PZPNThILE_mUSJ6tt2T3biqR2E72Zvm94fAWKULO7Ng-rGlXJI0CYh7rYx7HefSF1w2teEBejXMGp5itbnNSaXDL4lyDaOVw-9xkLSOMAB9ICynaIGKJ0gh7B7K9gP_5wDNCTPveJmTY16e62OEoAhDvJV0qBWvnXYzSM87BEZ0KxHEUUww4vVbk_4vp6bnCeAJ8Tk?authuser=1&fife=s16383","true","200","image/png","89 50 4E 47","pending_browser_validation","recovered","/assets/images/investment/investment-LY-INV-000345-05.png"
"investment","فندق المتوسط","346","LY-INV-000346","https://mymaps.usercontent.google.com/hostedimage/m/*/3AE5a_GwXFTIq6MCeJKGCYYPSZKQOiuDykZcjVSIsp765mVDh_OzrNdEXVJXHeA3W30uaQiq_AObB2VOWhnhVaUBYw3ofdauvrxn7xkYV_X38AVUDYBMewEtzcpqCWiPgOKxr8ZlOzmGnROnT9ZnGoBHIfV8jXtGzdZSEm5dlA3j5SBghfCjuzMOrBuS_YfDakjagB03ioHmmSLfjICw7aTiz0t5QEILwTtWWl2Ek3jp7SatCLAadUNp3dmByfWA?authuser=1&fife=s16383","https://mymaps.usercontent.google.com/hostedimage/m/*/3AE5a_GwXFTIq6MCeJKGCYYPSZKQOiuDykZcjVSIsp765mVDh_OzrNdEXVJXHeA3W30uaQiq_AObB2VOWhnhVaUBYw3ofdauvrxn7xkYV_X38AVUDYBMewEtzcpqCWiPgOKxr8ZlOzmGnROnT9ZnGoBHIfV8jXtGzdZSEm5dlA3j5SBghfCjuzMOrBuS_YfDakjagB03ioHmmSLfjICw7aTiz0t5QEILwTtWWl2Ek3jp7SatCLAadUNp3dmByfWA?authuser=1&fife=s16383","true","200","image/png","89 50 4E 47","pending_browser_validation","recovered","/assets/images/investment/investment-LY-INV-000346-01.png"
"investment","فندق المتوسط","346","LY-INV-000346","https://mymaps.usercontent.google.com/hostedimage/m/*/3AE5a_GzWBIlWHAgH7YhmYz0lCg944FPwKrxSgbI9G1e4-9r2SgUsW2UoWRoDfyalb6WKkVlw09t2gsaGQ2a-1UN89p-3suglWFui00HLmayzmJddLJQU9eHBNGnOJPy9Y1UQNAqzCkc5gHq766SHfiinIAaMD8QKHNwG9xpfrK8B5_jpdKTxSgBrJZwaUjSrYXshyRJBeYoNYHgW976oMGe02TftUIT4Xn6iWQcIAzdox3kEe2hS291RH6da2PE?authuser=1&fife=s16383","https://mymaps.usercontent.google.com/hostedimage/m/*/3AE5a_GzWBIlWHAgH7YhmYz0lCg944FPwKrxSgbI9G1e4-9r2SgUsW2UoWRoDfyalb6WKkVlw09t2gsaGQ2a-1UN89p-3suglWFui00HLmayzmJddLJQU9eHBNGnOJPy9Y1UQNAqzCkc5gHq766SHfiinIAaMD8QKHNwG9xpfrK8B5_jpdKTxSgBrJZwaUjSrYXshyRJBeYoNYHgW976oMGe02TftUIT4Xn6iWQcIAzdox3kEe2hS291RH6da2PE?authuser=1&fife=s16383","true","200","image/png","89 50 4E 47","pending_browser_validation","recovered","/assets/images/investment/investment-LY-INV-000346-02.png"
"investment","فندق المتوسط","346","LY-INV-000346","https://mymaps.usercontent.google.com/hostedimage/m/*/3AE5a_Gx0h9WxnHiwi3LtpiDN1degc5qXsEPK92e3Urj1GCXslc-HJlej0TxKyOhlbSEiCooL3klFOhkO1239qV4n9U7n1lAnPi2O4yl9DKkMZIm564Mliyw4-qmKJzk6v6us6jpnDv_jNkXPDIfNcvf3iTOXgxbr_CqJ50FURmDs1g2qTexZUGOFGPVofpkAN00oRTe2x09rYGr1Nhfi1MNUMPFUTTKoOogNahC9AOO_58gDl2eQQL9vSFAWHa8?authuser=1&fife=s16383","https://mymaps.usercontent.google.com/hostedimage/m/*/3AE5a_Gx0h9WxnHiwi3LtpiDN1degc5qXsEPK92e3Urj1GCXslc-HJlej0TxKyOhlbSEiCooL3klFOhkO1239qV4n9U7n1lAnPi2O4yl9DKkMZIm564Mliyw4-qmKJzk6v6us6jpnDv_jNkXPDIfNcvf3iTOXgxbr_CqJ50FURmDs1g2qTexZUGOFGPVofpkAN00oRTe2x09rYGr1Nhfi1MNUMPFUTTKoOogNahC9AOO_58gDl2eQQL9vSFAWHa8?authuser=1&fife=s16383","true","200","image/png","89 50 4E 47","pending_browser_validation","recovered","/assets/images/investment/investment-LY-INV-000346-03.png"
"investment","فندق المتوسط","346","LY-INV-000346","https://mymaps.usercontent.google.com/hostedimage/m/*/3AE5a_Gz9bfFXBtvjf1Lvg1RsmeKPz0pD3dlWdXyy47jiOE6bQvcFIXVx7HCXE83muzd7j-99nPjL07mj7g-JG8uiB4f9Awa7hDtvFbs5OFsYB5mRbivRxJcZjXtMxf5TtUvxB37nDsSKAPAKoYqruAh_8SZUIy5PhOAJ8xVPdpr722-coAslEI91q4C_xrP6h0YY6elSqfKold4gLixW9j--FAjAAHJoQG569oh62tDTaoSmiBJlwW0zinBF3Rk?authuser=1&fife=s16383","https://mymaps.usercontent.google.com/hostedimage/m/*/3AE5a_Gz9bfFXBtvjf1Lvg1RsmeKPz0pD3dlWdXyy47jiOE6bQvcFIXVx7HCXE83muzd7j-99nPjL07mj7g-JG8uiB4f9Awa7hDtvFbs5OFsYB5mRbivRxJcZjXtMxf5TtUvxB37nDsSKAPAKoYqruAh_8SZUIy5PhOAJ8xVPdpr722-coAslEI91q4C_xrP6h0YY6elSqfKold4gLixW9j--FAjAAHJoQG569oh62tDTaoSmiBJlwW0zinBF3Rk?authuser=1&fife=s16383","true","200","image/png","89 50 4E 47","pending_browser_validation","recovered","/assets/images/investment/investment-LY-INV-000346-04.png"
"investment","فندق المتوسط","346","LY-INV-000346","https://mymaps.usercontent.google.com/hostedimage/m/*/3AE5a_GwCoE-xK8s5FZkof8okANJf-bZdZ6moVEV5UfTUKH3ZOkWs9c9_lauAsbxi7J7EpbQbEwAd2G1Ij7PhAt5qBQgG308xaywrFoSJ-zeNhq7O5EopLMhczC_ibsEIDHlzM_HHzuUhjGVA41s2gtwU8M4_7UCHAQ_3uxxfP3PR0ZhzMhlCA7dOByTJaY9J6t9dXXJIpnWFzn47QELVXSlbuoR8pC_8OrP8q1CQueJ_MocAgHcHYGRVJVaL6jg?authuser=1&fife=s16383","https://mymaps.usercontent.google.com/hostedimage/m/*/3AE5a_GwCoE-xK8s5FZkof8okANJf-bZdZ6moVEV5UfTUKH3ZOkWs9c9_lauAsbxi7J7EpbQbEwAd2G1Ij7PhAt5qBQgG308xaywrFoSJ-zeNhq7O5EopLMhczC_ibsEIDHlzM_HHzuUhjGVA41s2gtwU8M4_7UCHAQ_3uxxfP3PR0ZhzMhlCA7dOByTJaY9J6t9dXXJIpnWFzn47QELVXSlbuoR8pC_8OrP8q1CQueJ_MocAgHcHYGRVJVaL6jg?authuser=1&fife=s16383","true","200","image/png","89 50 4E 47","pending_browser_validation","recovered","/assets/images/investment/investment-LY-INV-000346-05.png"
"investment","فندق المرقب","348","LY-INV-000348","https://mymaps.usercontent.google.com/hostedimage/m/*/3AE5a_Gx3HHMBhQEHe6ANFPL5FAQaqJNohlZuGjHOAB7zLwGrlbjdNQ9-BV_w5qGA6a6rHzP6tGBOmdLAI5b4JTv0So14NVrF_rDb3NmhE0OdXKG1dgbyfo7qefM5ZKvWvszEKd9kEGv89n-giDVgR9xkl_xJSFJ3sPj_W4RZDGSEMwo84lfDZ9oa3octrB8E-yS0kbJgBG2v_rb495-FYGF23xDrxcjkftucEp2SLiN7Gv1alxdqCIq8j01RB8I?authuser=1&fife=s16383","https://mymaps.usercontent.google.com/hostedimage/m/*/3AE5a_Gx3HHMBhQEHe6ANFPL5FAQaqJNohlZuGjHOAB7zLwGrlbjdNQ9-BV_w5qGA6a6rHzP6tGBOmdLAI5b4JTv0So14NVrF_rDb3NmhE0OdXKG1dgbyfo7qefM5ZKvWvszEKd9kEGv89n-giDVgR9xkl_xJSFJ3sPj_W4RZDGSEMwo84lfDZ9oa3octrB8E-yS0kbJgBG2v_rb495-FYGF23xDrxcjkftucEp2SLiN7Gv1alxdqCIq8j01RB8I?authuser=1&fife=s16383","true","200","image/png","89 50 4E 47","pending_browser_validation","recovered","/assets/images/investment/investment-LY-INV-000348-01.png"
"investment","فندق المرقب","348","LY-INV-000348","https://mymaps.usercontent.google.com/hostedimage/m/*/3AE5a_GyyxhZUBYlNoEVerX0eWV2jqiWCTClQOJ3nE4Mizbznqo8rBcyckGUAk43U2OXQLtFJNMc66itSbl-gvzceOgSUXz1dCxpixXoGulmIQw_c6v0U1I28jXNT2yU_WCwZO_hhnpjha_K7V6y1IzjKMTTTcKwT65U-TssaGCjefVEG4WK00zLUtx9HgeV4b645t5RztQVPihNb6UYTPMRadcsVDlr1120DU6C7QrLEeUS5DIrvpXxoU-wrTcs?authuser=1&fife=s16383","https://mymaps.usercontent.google.com/hostedimage/m/*/3AE5a_GyyxhZUBYlNoEVerX0eWV2jqiWCTClQOJ3nE4Mizbznqo8rBcyckGUAk43U2OXQLtFJNMc66itSbl-gvzceOgSUXz1dCxpixXoGulmIQw_c6v0U1I28jXNT2yU_WCwZO_hhnpjha_K7V6y1IzjKMTTTcKwT65U-TssaGCjefVEG4WK00zLUtx9HgeV4b645t5RztQVPihNb6UYTPMRadcsVDlr1120DU6C7QrLEeUS5DIrvpXxoU-wrTcs?authuser=1&fife=s16383","true","200","image/png","89 50 4E 47","pending_browser_validation","recovered","/assets/images/investment/investment-LY-INV-000348-02.png"
"investment","فندق المشكاة","349","LY-INV-000349","https://mymaps.usercontent.google.com/hostedimage/m/*/3AE5a_Gw_BVVulU-TZv8sRULxrVU9Rgv0hdLrzw_WKBCqtL5wDZzeViOGdA7cnrrvD2_2F6PdlrRDNeE-4p1c_ynA4u81xqX0RK7PEFb14bbBSHoqGbXnx1i_drd_K2cVxw42bNKsTc-uaFIy1BVuf5wT0wv5VfBMY0cIDSvT6vKYiOJYaO_Ppti01K0_Tv40aMhq4_PXfeF2NUy68KBWPnkRFYo-xbCjUt4la9Xj5OhA2tFsPf1r3M3DdKtUBrA?authuser=1&fife=s16383","https://mymaps.usercontent.google.com/hostedimage/m/*/3AE5a_Gw_BVVulU-TZv8sRULxrVU9Rgv0hdLrzw_WKBCqtL5wDZzeViOGdA7cnrrvD2_2F6PdlrRDNeE-4p1c_ynA4u81xqX0RK7PEFb14bbBSHoqGbXnx1i_drd_K2cVxw42bNKsTc-uaFIy1BVuf5wT0wv5VfBMY0cIDSvT6vKYiOJYaO_Ppti01K0_Tv40aMhq4_PXfeF2NUy68KBWPnkRFYo-xbCjUt4la9Xj5OhA2tFsPf1r3M3DdKtUBrA?authuser=1&fife=s16383","true","200","image/png","89 50 4E 47","pending_browser_validation","recovered","/assets/images/investment/investment-LY-INV-000349-01.png"
"investment","فندق المشكاة","349","LY-INV-000349","https://mymaps.usercontent.google.com/hostedimage/m/*/3AE5a_Gy1q9MGwhbLudTDJiLbvBZ0XDgtVV-3ws_pwdMFd_mRlhhgzNEOryBbMLYG4-urZ2sLZ5vV8jJCrrLstK32ZzAIQa-E9xnK-RY6ZdzsQebVXGAIR0V3ror0w-qq42vhMSczCveOmYY3LUlmJfnsuiSi0exL6Sg8HSQ6vfC587M6vVBaPzxqU1Esw1Iw4A7_51RW7cut5Ab9RyvjaDKASZMBpvgch9tLnP4KPgLwk35eQaH0eQNM0NlSN6Q?authuser=1&fife=s16383","https://mymaps.usercontent.google.com/hostedimage/m/*/3AE5a_Gy1q9MGwhbLudTDJiLbvBZ0XDgtVV-3ws_pwdMFd_mRlhhgzNEOryBbMLYG4-urZ2sLZ5vV8jJCrrLstK32ZzAIQa-E9xnK-RY6ZdzsQebVXGAIR0V3ror0w-qq42vhMSczCveOmYY3LUlmJfnsuiSi0exL6Sg8HSQ6vfC587M6vVBaPzxqU1Esw1Iw4A7_51RW7cut5Ab9RyvjaDKASZMBpvgch9tLnP4KPgLwk35eQaH0eQNM0NlSN6Q?authuser=1&fife=s16383","true","200","image/png","89 50 4E 47","pending_browser_validation","recovered","/assets/images/investment/investment-LY-INV-000349-02.png"
"investment","فندق المشكاة","349","LY-INV-000349","https://mymaps.usercontent.google.com/hostedimage/m/*/3AE5a_GzDf4bFf2IKfpK9bnOwYxBv7XCOfaE8WOl-PXdi-t_e-VmIsua095d7WQtZD05p9fruZ-kPohexuVK7lnQDG21K9O76-Kqd1CXvpvoaxII6zyXUXepsOGWni5TWD9SoZw8LYjfhcgBW1puiday_rJjv9mE0t6zgS0uVq8X1vZhnH1EQtNH4GgjyMkS8VMO17elBxkRyLTPGeo33rkC8uUYDbAY1RT9RYNiNQPUbYX9jw_cMHXai_lsSKs8?authuser=1&fife=s16383","https://mymaps.usercontent.google.com/hostedimage/m/*/3AE5a_GzDf4bFf2IKfpK9bnOwYxBv7XCOfaE8WOl-PXdi-t_e-VmIsua095d7WQtZD05p9fruZ-kPohexuVK7lnQDG21K9O76-Kqd1CXvpvoaxII6zyXUXepsOGWni5TWD9SoZw8LYjfhcgBW1puiday_rJjv9mE0t6zgS0uVq8X1vZhnH1EQtNH4GgjyMkS8VMO17elBxkRyLTPGeo33rkC8uUYDbAY1RT9RYNiNQPUbYX9jw_cMHXai_lsSKs8?authuser=1&fife=s16383","true","200","image/png","89 50 4E 47","pending_browser_validation","recovered","/assets/images/investment/investment-LY-INV-000349-03.png"
"investment","فندق المنامة","350","LY-INV-000350","https://mymaps.usercontent.google.com/hostedimage/m/*/3AE5a_Gy3uKK-iQvyaI-2cZ_a2YpPPcTxjcjGSQEqLvCw9H-rToSK_vRcM64rGcUau7latrOxELXoxpXL-2fywARV636gUJ74kh0xPhlmu3RrlKP4pMjdfraDTbAiiYDDWmsHyslQowMbqHqeReRXg81M3BGOo6XKK7Bja-mwo_F6s7N3CF2gqyfwq_6c5aVk4V0wfggoWumLVj36--cvGlJWBhW3fE3Frz7n8pLKNbbq3aAPTWrTv678AyFQvmA?authuser=1&fife=s16383","https://mymaps.usercontent.google.com/hostedimage/m/*/3AE5a_Gy3uKK-iQvyaI-2cZ_a2YpPPcTxjcjGSQEqLvCw9H-rToSK_vRcM64rGcUau7latrOxELXoxpXL-2fywARV636gUJ74kh0xPhlmu3RrlKP4pMjdfraDTbAiiYDDWmsHyslQowMbqHqeReRXg81M3BGOo6XKK7Bja-mwo_F6s7N3CF2gqyfwq_6c5aVk4V0wfggoWumLVj36--cvGlJWBhW3fE3Frz7n8pLKNbbq3aAPTWrTv678AyFQvmA?authuser=1&fife=s16383","true","200","image/png","89 50 4E 47","pending_browser_validation","recovered","/assets/images/investment/investment-LY-INV-000350-01.png"
"investment","فندق المنامة","350","LY-INV-000350","https://mymaps.usercontent.google.com/hostedimage/m/*/3AE5a_Gwk1by4ut9bddTamqG-i-lE2Eqdit1vKMLSKkcbaS58q-OfEWjPg4y5PXNwAgUQva2ciW9UX91JFZl_vXjJtL8o6MWNiwHGQoNMCUBd5aqUu6FLZNxPIziYqYjhAL0eXq-WPjTRyQ8qvORPrOrVv6loKsk0YjqiT6Ha_aesyU5Oh-GxyDFt3glqc1wKkmndJrBoSHnlQZ00Q9TVvVVPiJds5n63E5B27x5C9npOQwi9n4ExFhTrVZHwybM?authuser=1&fife=s16383","https://mymaps.usercontent.google.com/hostedimage/m/*/3AE5a_Gwk1by4ut9bddTamqG-i-lE2Eqdit1vKMLSKkcbaS58q-OfEWjPg4y5PXNwAgUQva2ciW9UX91JFZl_vXjJtL8o6MWNiwHGQoNMCUBd5aqUu6FLZNxPIziYqYjhAL0eXq-WPjTRyQ8qvORPrOrVv6loKsk0YjqiT6Ha_aesyU5Oh-GxyDFt3glqc1wKkmndJrBoSHnlQZ00Q9TVvVVPiJds5n63E5B27x5C9npOQwi9n4ExFhTrVZHwybM?authuser=1&fife=s16383","true","200","image/png","89 50 4E 47","pending_browser_validation","recovered","/assets/images/investment/investment-LY-INV-000350-02.png"
"investment","فندق المنامة","350","LY-INV-000350","https://mymaps.usercontent.google.com/hostedimage/m/*/3AE5a_Gx8_CxzAzQmB_gQ2akpH-88ZRBOIT5mNV6stzolWFgrECUdt8slXAL7GWO2HFNxf9o6AJX8RuyUfebOxcYNvVw5wAEBPr1EILaNjAO6ZjObJjSviL3Ka_aFFz66NUHxg6c40ZdquBb0HCnwgDyeEAZhb9li15zroU3XOQNHlulU_U5_Acqjjzs5Xuun2KtdxphQz9M7xmgdIOxUPlIRawGKNHi5r56eQR4vc8tIcxkQWRaMsqpxQFjvLuQ?authuser=1&fife=s16383","https://mymaps.usercontent.google.com/hostedimage/m/*/3AE5a_Gx8_CxzAzQmB_gQ2akpH-88ZRBOIT5mNV6stzolWFgrECUdt8slXAL7GWO2HFNxf9o6AJX8RuyUfebOxcYNvVw5wAEBPr1EILaNjAO6ZjObJjSviL3Ka_aFFz66NUHxg6c40ZdquBb0HCnwgDyeEAZhb9li15zroU3XOQNHlulU_U5_Acqjjzs5Xuun2KtdxphQz9M7xmgdIOxUPlIRawGKNHi5r56eQR4vc8tIcxkQWRaMsqpxQFjvLuQ?authuser=1&fife=s16383","true","200","image/png","89 50 4E 47","pending_browser_validation","recovered","/assets/images/investment/investment-LY-INV-000350-03.png"
"investment","فندق النخلة","351","LY-INV-000351","https://mymaps.usercontent.google.com/hostedimage/m/*/3AE5a_GzmkXmMtWLzLk6aJ4J5fD4FPoOY6ZR98koIYVE23cIAsEVRu0wH9M9vq8zikyokd_T1BeOyHqaIqEMX1378uFHoovO3fJtoy53dhPVeDxo2RcZtiE7vl4EjM0nRKD-P8n5x5IhvL7zjrNfEg4b7G7bIlQbiJaewiwvswmzGCldea8kqWadJyrs7Q4YSqWcge2WmzcfY0wtJTz1L6mhuA-34pSSQ5M0HwnxxdGEdIg_p77oXM_XbX6PX3IU?authuser=1&fife=s16383","https://mymaps.usercontent.google.com/hostedimage/m/*/3AE5a_GzmkXmMtWLzLk6aJ4J5fD4FPoOY6ZR98koIYVE23cIAsEVRu0wH9M9vq8zikyokd_T1BeOyHqaIqEMX1378uFHoovO3fJtoy53dhPVeDxo2RcZtiE7vl4EjM0nRKD-P8n5x5IhvL7zjrNfEg4b7G7bIlQbiJaewiwvswmzGCldea8kqWadJyrs7Q4YSqWcge2WmzcfY0wtJTz1L6mhuA-34pSSQ5M0HwnxxdGEdIg_p77oXM_XbX6PX3IU?authuser=1&fife=s16383","true","200","image/png","89 50 4E 47","pending_browser_validation","recovered","/assets/images/investment/investment-LY-INV-000351-01.png"
"investment","فندق النخلة","351","LY-INV-000351","https://mymaps.usercontent.google.com/hostedimage/m/*/3AE5a_Gyf_vJ3Jw2ExXXk_bbE9IVTr5-iRNzhJIfVhDxtQ2a9c4w0uXEz7QFzRmDUuB8Z_i1R6Zcn2vs3bCEVNnq7KV7ugbFO32A52qICTN2FvONyreeUA2RqSbmw4ZMQPvUGG1uOTRnbdMKziOZc25KkXafsG9TLbXFUja8zdeauexEHIp5X9M5Dq4bb6dVi3AKnOTZPEQLm74CCBG01fG20LaOrZ7PG5dn7Sgv5EPfqNwV8RFtFzFjxPYULGm8?authuser=1&fife=s16383","https://mymaps.usercontent.google.com/hostedimage/m/*/3AE5a_Gyf_vJ3Jw2ExXXk_bbE9IVTr5-iRNzhJIfVhDxtQ2a9c4w0uXEz7QFzRmDUuB8Z_i1R6Zcn2vs3bCEVNnq7KV7ugbFO32A52qICTN2FvONyreeUA2RqSbmw4ZMQPvUGG1uOTRnbdMKziOZc25KkXafsG9TLbXFUja8zdeauexEHIp5X9M5Dq4bb6dVi3AKnOTZPEQLm74CCBG01fG20LaOrZ7PG5dn7Sgv5EPfqNwV8RFtFzFjxPYULGm8?authuser=1&fife=s16383","true","200","image/png","89 50 4E 47","pending_browser_validation","recovered","/assets/images/investment/investment-LY-INV-000351-02.png"
"investment","فندق النخلة","351","LY-INV-000351","https://mymaps.usercontent.google.com/hostedimage/m/*/3AE5a_Gy0JgnkwERvySyc8NLeo_q3SQReYEMCputf9CmmY7yFoa78Ao1uMpqT-PGJytH0UUyo2kdV1VD_1CeknDn2lvPTQES50dZ8Ka2RyPAHEQCwy5pZcDwA9G5bB21xexUV60OkEdNwK6Am6QEorJ8bMOFYQmAEPJfBppwZRZWA0lrS9DkVhX7O6eW6YBudTfVfaEWPu-ZSVDxLV74KKP6w1yYw5kYBcXhV3mvFm_WfaTkVokDZp2-sAyL8fpQ?authuser=1&fife=s16383","https://mymaps.usercontent.google.com/hostedimage/m/*/3AE5a_Gy0JgnkwERvySyc8NLeo_q3SQReYEMCputf9CmmY7yFoa78Ao1uMpqT-PGJytH0UUyo2kdV1VD_1CeknDn2lvPTQES50dZ8Ka2RyPAHEQCwy5pZcDwA9G5bB21xexUV60OkEdNwK6Am6QEorJ8bMOFYQmAEPJfBppwZRZWA0lrS9DkVhX7O6eW6YBudTfVfaEWPu-ZSVDxLV74KKP6w1yYw5kYBcXhV3mvFm_WfaTkVokDZp2-sAyL8fpQ?authuser=1&fife=s16383","true","200","image/png","89 50 4E 47","pending_browser_validation","recovered","/assets/images/investment/investment-LY-INV-000351-03.png"
"investment","فندق النخلة","351","LY-INV-000351","https://mymaps.usercontent.google.com/hostedimage/m/*/3AE5a_GzOwou4DeDwi5QghyGDw_b4CP3oVLIaJxkX38m5ZK9fmJyC1hqyQSkfKtYK3kFwg2bgCjK7a3rDe02REXlHvyP-SI5QEFgKHOJ0fp4zKW2LUseI6cy3xBHuupWUowVuQHkDQ6v2KWkSeNQDPMoJiv0sH_oiWAl7M6dOQggQbwMdbBpqf6vgtLtDprj0L9pYt7i3vE_fY41QaukZBSYR4IpQ7EB6SL6dHn9Ntr-aCvuCoy55dihINMTQDvo?authuser=1&fife=s16383","https://mymaps.usercontent.google.com/hostedimage/m/*/3AE5a_GzOwou4DeDwi5QghyGDw_b4CP3oVLIaJxkX38m5ZK9fmJyC1hqyQSkfKtYK3kFwg2bgCjK7a3rDe02REXlHvyP-SI5QEFgKHOJ0fp4zKW2LUseI6cy3xBHuupWUowVuQHkDQ6v2KWkSeNQDPMoJiv0sH_oiWAl7M6dOQggQbwMdbBpqf6vgtLtDprj0L9pYt7i3vE_fY41QaukZBSYR4IpQ7EB6SL6dHn9Ntr-aCvuCoy55dihINMTQDvo?authuser=1&fife=s16383","true","200","image/png","89 50 4E 47","pending_browser_validation","recovered","/assets/images/investment/investment-LY-INV-000351-04.png"
"investment","فندق النخلة","351","LY-INV-000351","https://mymaps.usercontent.google.com/hostedimage/m/*/3AE5a_Gw8njGwWHd6nwEKGhMWE2go2ENQUIcRhU6BCK9qf4AnMkPXpf_nGUU3vfzRG2LFJGbBz_VFjVhajHSBhcgxaTrMgavSBizOhwu8lgfSa84pIRW4Vkhc05rVnnJGOVhV6bu_DBuFsJarttsPHvBH1d0eiVplZNnsrq51WiRMJ664yR89uDHUUv2eb1tg6QArw7VZUD_qbWbSAssO8RM8CPE9_QDglVbLWRdc2hS8yOZRkIrl4HL5Gf5gyWk?authuser=1&fife=s16383","https://mymaps.usercontent.google.com/hostedimage/m/*/3AE5a_Gw8njGwWHd6nwEKGhMWE2go2ENQUIcRhU6BCK9qf4AnMkPXpf_nGUU3vfzRG2LFJGbBz_VFjVhajHSBhcgxaTrMgavSBizOhwu8lgfSa84pIRW4Vkhc05rVnnJGOVhV6bu_DBuFsJarttsPHvBH1d0eiVplZNnsrq51WiRMJ664yR89uDHUUv2eb1tg6QArw7VZUD_qbWbSAssO8RM8CPE9_QDglVbLWRdc2hS8yOZRkIrl4HL5Gf5gyWk?authuser=1&fife=s16383","true","200","image/png","89 50 4E 47","pending_browser_validation","recovered","/assets/images/investment/investment-LY-INV-000351-05.png"
"investment","فندق النقازة الخمس","352","LY-INV-000352","https://mymaps.usercontent.google.com/hostedimage/m/*/3AE5a_Gzw9JMFPprWKaN9p32fvqXukYdxSn1mPENYbZp0oFwbyuiZlv6Aw4w-DQq8iuxLb8SpGg3HlJQe2M2Q_sl4nhlduFY-EvSbnGHjtWK8gpAQHnAI8OlzDWN8OSbRTgCvq-f7Rd6OHDCHHnEy4Sr2DvK3DFt3aPmd0VwqYt3BGhW90RN8ztlXC9YeyWr2fcbk7DbygITo91PgvEuXVd45fYc8uGwVxIzIInwGeL0Gn4m2xKD0VRRWRLieNKw?authuser=1&fife=s16383","https://mymaps.usercontent.google.com/hostedimage/m/*/3AE5a_Gzw9JMFPprWKaN9p32fvqXukYdxSn1mPENYbZp0oFwbyuiZlv6Aw4w-DQq8iuxLb8SpGg3HlJQe2M2Q_sl4nhlduFY-EvSbnGHjtWK8gpAQHnAI8OlzDWN8OSbRTgCvq-f7Rd6OHDCHHnEy4Sr2DvK3DFt3aPmd0VwqYt3BGhW90RN8ztlXC9YeyWr2fcbk7DbygITo91PgvEuXVd45fYc8uGwVxIzIInwGeL0Gn4m2xKD0VRRWRLieNKw?authuser=1&fife=s16383","true","200","image/png","89 50 4E 47","pending_browser_validation","recovered","/assets/images/investment/investment-LY-INV-000352-01.png"
"investment","فندق النقازة الخمس","352","LY-INV-000352","https://mymaps.usercontent.google.com/hostedimage/m/*/3AE5a_GxyE3bF0IHgn9oAEahR9n9DdupogTK5DmTo0ocJDaHNtBqQP9sHZ6-qyZHOpIfOmXX5Ry1OeHVAyGaW_4Ne0AdBE2oteaoQMFTwsZa8E-MTZ5puo90XXW2psfTKxltA8hjNWUUBdcsq_8_XqxtFjtgxuNBMlAV3PMHybVLiysoxcljSD9oGRqA_Z3BNqQVqE1LcemkzruFTHWZ9rWzWpPStKaMmW5E7rqSonfUUgMeiADj30JLno2z1AhM?authuser=1&fife=s16383","https://mymaps.usercontent.google.com/hostedimage/m/*/3AE5a_GxyE3bF0IHgn9oAEahR9n9DdupogTK5DmTo0ocJDaHNtBqQP9sHZ6-qyZHOpIfOmXX5Ry1OeHVAyGaW_4Ne0AdBE2oteaoQMFTwsZa8E-MTZ5puo90XXW2psfTKxltA8hjNWUUBdcsq_8_XqxtFjtgxuNBMlAV3PMHybVLiysoxcljSD9oGRqA_Z3BNqQVqE1LcemkzruFTHWZ9rWzWpPStKaMmW5E7rqSonfUUgMeiADj30JLno2z1AhM?authuser=1&fife=s16383","true","200","image/png","89 50 4E 47","pending_browser_validation","recovered","/assets/images/investment/investment-LY-INV-000352-02.png"
"investment","فندق النقازة الخمس","352","LY-INV-000352","https://mymaps.usercontent.google.com/hostedimage/m/*/3AE5a_GyBl_49abm_BfPyK0I7zKdbpbYOxXanMwdyyMbO8yFsu1Lj5c82CvipVbQuZrXIfcv50ViCMPZX3MHtqn1HZms3Arb8Ua96Pu2GQlu6SyNKJfn5btrKQCfwohyYJJp5nu5wwvIYPhfGlklPyy0KEP2Sd7SX0PZV-sjZ2BbsRPFzkRu93LyItrl4bG-cyh17qMKQr34cxMnDC1G0SMRBvN_BuCWFHkjhmmw1i4UUTRoq35oXXeZZMFJdNKI?authuser=1&fife=s16383","https://mymaps.usercontent.google.com/hostedimage/m/*/3AE5a_GyBl_49abm_BfPyK0I7zKdbpbYOxXanMwdyyMbO8yFsu1Lj5c82CvipVbQuZrXIfcv50ViCMPZX3MHtqn1HZms3Arb8Ua96Pu2GQlu6SyNKJfn5btrKQCfwohyYJJp5nu5wwvIYPhfGlklPyy0KEP2Sd7SX0PZV-sjZ2BbsRPFzkRu93LyItrl4bG-cyh17qMKQr34cxMnDC1G0SMRBvN_BuCWFHkjhmmw1i4UUTRoq35oXXeZZMFJdNKI?authuser=1&fife=s16383","true","200","image/png","89 50 4E 47","pending_browser_validation","recovered","/assets/images/investment/investment-LY-INV-000352-03.png"
"investment","فندق النقازة الخمس","352","LY-INV-000352","https://mymaps.usercontent.google.com/hostedimage/m/*/3AE5a_GybUpV0M8o2aXWXdfRT4tcoAEZNcrdJDx3m_FY2_TYy5Y7_5djoRS9RGFjKNb5UNtNiakS6P86xwQBNCZ4RPkMAnoRRjmBJXmCBhnFCZf2l-uQkUyICgnSlfOgGRMh_RF_qulOiHI7D7r-UZlGOkp0n4jYuBnma2hbZ_Lxp1GCPoYHUJi5MOEu5Ut9yVPBC3AfgdbDGS52HgZJG2x75IkLTOexUKDE9VthZla8iPMgkc8cz0mqKkjAuYRI?authuser=1&fife=s16383","https://mymaps.usercontent.google.com/hostedimage/m/*/3AE5a_GybUpV0M8o2aXWXdfRT4tcoAEZNcrdJDx3m_FY2_TYy5Y7_5djoRS9RGFjKNb5UNtNiakS6P86xwQBNCZ4RPkMAnoRRjmBJXmCBhnFCZf2l-uQkUyICgnSlfOgGRMh_RF_qulOiHI7D7r-UZlGOkp0n4jYuBnma2hbZ_Lxp1GCPoYHUJi5MOEu5Ut9yVPBC3AfgdbDGS52HgZJG2x75IkLTOexUKDE9VthZla8iPMgkc8cz0mqKkjAuYRI?authuser=1&fife=s16383","true","200","image/png","89 50 4E 47","pending_browser_validation","recovered","/assets/images/investment/investment-LY-INV-000352-04.png"
"investment","فندق النقازة الخمس","352","LY-INV-000352","https://mymaps.usercontent.google.com/hostedimage/m/*/3AE5a_GxLPOhBAyhcCcDjIUyOO1MADsB6wm-4WxwHXxcezqFo2pcKHhS7N29Ay42riKtmNVvBjEfJW2rOL4DRGXikLGs9NOgkak3_wXrXXkMJXycWeyOkzMkynZXftCivSp0SJ8cC3mgEFREkc8r8aVb_XBSCoR2wqejrfA1XNt9d5pPuEoHNS7pq_5avs6EWGKQQIVVAj5wN8Nwlq8SZK0gSZRww-20Td8bKbqM0xWtfHwjAOr9Heafews2lC2w?authuser=1&fife=s16383","https://mymaps.usercontent.google.com/hostedimage/m/*/3AE5a_GxLPOhBAyhcCcDjIUyOO1MADsB6wm-4WxwHXxcezqFo2pcKHhS7N29Ay42riKtmNVvBjEfJW2rOL4DRGXikLGs9NOgkak3_wXrXXkMJXycWeyOkzMkynZXftCivSp0SJ8cC3mgEFREkc8r8aVb_XBSCoR2wqejrfA1XNt9d5pPuEoHNS7pq_5avs6EWGKQQIVVAj5wN8Nwlq8SZK0gSZRww-20Td8bKbqM0xWtfHwjAOr9Heafews2lC2w?authuser=1&fife=s16383","true","200","image/png","89 50 4E 47","pending_browser_validation","recovered","/assets/images/investment/investment-LY-INV-000352-05.png"
"investment","فندق النهر","353","LY-INV-000353","https://mymaps.usercontent.google.com/hostedimage/m/*/3AE5a_GzNRmlEtRNCdkESPLmZ59Q3yrMqC9mGLUQrJ4fcxg8aoUBVYRKIQNrno-BzKmiKK3dqsczDm3It6PeT-tPFm8aV1grhfdsFYKkCtOYP5fnhQC0C_jDCZVKLImB9G_NgQnQhCiVJ3CCYl1b0X5tEB2pNDxWbtV5oFnRB5oaOBBkj2fNFqOuOyL3F9qIRgIIvb41U9EPtxk58f3UX9Y3S-K83hVWzmaUuZ7XyPbryuYOxhVC3cVnn02Oj6pI?authuser=1&fife=s16383","https://mymaps.usercontent.google.com/hostedimage/m/*/3AE5a_GzNRmlEtRNCdkESPLmZ59Q3yrMqC9mGLUQrJ4fcxg8aoUBVYRKIQNrno-BzKmiKK3dqsczDm3It6PeT-tPFm8aV1grhfdsFYKkCtOYP5fnhQC0C_jDCZVKLImB9G_NgQnQhCiVJ3CCYl1b0X5tEB2pNDxWbtV5oFnRB5oaOBBkj2fNFqOuOyL3F9qIRgIIvb41U9EPtxk58f3UX9Y3S-K83hVWzmaUuZ7XyPbryuYOxhVC3cVnn02Oj6pI?authuser=1&fife=s16383","true","200","image/png","89 50 4E 47","pending_browser_validation","recovered","/assets/images/investment/investment-LY-INV-000353-01.png"
"investment","فندق النهر","353","LY-INV-000353","https://mymaps.usercontent.google.com/hostedimage/m/*/3AE5a_Gy8RSvG_iAOXQlopjdDbALIq2vtCo2NHGq-zm5nGPH6xGcCCQL3f_qRw2ud7rMLV1OWHGbPY78sPxMZqdzSnE_evV2YmCllgLDX10o9IJcfo_gUQ_wfrigQRz7a2BVMAWbTtK1CGt_KFMygzwbLHO_kKWYJ39Mwq8DDMO8KBpVUFg58furvu_6wz9ZtlzA_tdFnLdR76lvx2ROa_SnVdtBv4qLXAS8DK1eSQdSYmGbXyLzi1B6KPXFhSQQ?authuser=1&fife=s16383","https://mymaps.usercontent.google.com/hostedimage/m/*/3AE5a_Gy8RSvG_iAOXQlopjdDbALIq2vtCo2NHGq-zm5nGPH6xGcCCQL3f_qRw2ud7rMLV1OWHGbPY78sPxMZqdzSnE_evV2YmCllgLDX10o9IJcfo_gUQ_wfrigQRz7a2BVMAWbTtK1CGt_KFMygzwbLHO_kKWYJ39Mwq8DDMO8KBpVUFg58furvu_6wz9ZtlzA_tdFnLdR76lvx2ROa_SnVdtBv4qLXAS8DK1eSQdSYmGbXyLzi1B6KPXFhSQQ?authuser=1&fife=s16383","true","200","image/png","89 50 4E 47","pending_browser_validation","recovered","/assets/images/investment/investment-LY-INV-000353-02.png"
"investment","فندق النهر","353","LY-INV-000353","https://mymaps.usercontent.google.com/hostedimage/m/*/3AE5a_Gz3j6ZX4vk-_7h1nmUnSkmNgCkVjj1BeCm3qjMNcndvDOr_hsUts6rjffulFlOMnG_rLVgnZN4dEw1DDHGMr_qv1-QgTAZn0dTxbN_aHbuzwPQNsMuWQMWMEKGLNU_eujx_zgnF2vh3DUaTdxqlbktcPp4eqPoWagIhCBoE42hEeh_c1xf0M1M8sZi6ZKZH1qxktl39f8sfQAEQzLpW9oX_U14k-ySpCaIVaTd_J7KcIIjO2IAyRq8A0H0?authuser=1&fife=s16383","https://mymaps.usercontent.google.com/hostedimage/m/*/3AE5a_Gz3j6ZX4vk-_7h1nmUnSkmNgCkVjj1BeCm3qjMNcndvDOr_hsUts6rjffulFlOMnG_rLVgnZN4dEw1DDHGMr_qv1-QgTAZn0dTxbN_aHbuzwPQNsMuWQMWMEKGLNU_eujx_zgnF2vh3DUaTdxqlbktcPp4eqPoWagIhCBoE42hEeh_c1xf0M1M8sZi6ZKZH1qxktl39f8sfQAEQzLpW9oX_U14k-ySpCaIVaTd_J7KcIIjO2IAyRq8A0H0?authuser=1&fife=s16383","true","200","image/png","89 50 4E 47","pending_browser_validation","recovered","/assets/images/investment/investment-LY-INV-000353-03.png"
"investment","فندق الواحات","356","LY-INV-000356","https://mymaps.usercontent.google.com/hostedimage/m/*/3AE5a_GzbC4gW01BJMsxWeLJBPsLLR0WVunz8MLezTCXeN3Zm3Xu6NfcbRSEVEQaR56B7eqQ9wptGMO7efyXfKfw52giR4G96EJUQRs7ajhQf-EeFi8rmi4qvkiqzxOW1sdfeCmeAOFD_htOG_EmqDb3Ol3r_fDoIrqL79wZurnkTA_0LHIdBPPm0hOvMtAU4XCjDG4suXd7JmntmktosI-xX9xGF2TAguM6mKg73zp9Hp1B3RPFrdaJCtW8V-zg?authuser=1&fife=s16383","https://mymaps.usercontent.google.com/hostedimage/m/*/3AE5a_GzbC4gW01BJMsxWeLJBPsLLR0WVunz8MLezTCXeN3Zm3Xu6NfcbRSEVEQaR56B7eqQ9wptGMO7efyXfKfw52giR4G96EJUQRs7ajhQf-EeFi8rmi4qvkiqzxOW1sdfeCmeAOFD_htOG_EmqDb3Ol3r_fDoIrqL79wZurnkTA_0LHIdBPPm0hOvMtAU4XCjDG4suXd7JmntmktosI-xX9xGF2TAguM6mKg73zp9Hp1B3RPFrdaJCtW8V-zg?authuser=1&fife=s16383","true","200","image/png","89 50 4E 47","pending_browser_validation","recovered","/assets/images/investment/investment-LY-INV-000356-01.png"
"investment","فندق الياسمين","357","LY-INV-000357","https://mymaps.usercontent.google.com/hostedimage/m/*/3AE5a_GzjFZH66zmxYkSu0N6ABWIlGP0dx_-Dstg94NYnTwnnQbMOb2WIbPVpF_GYhKWzNggQkTRHJi-cu-vKEprodDgI4_Z3mW57Og4xuxP-T7WveaJP4h0hgbdpVZeUjjlMbnPR2e9oZCc4NCn7oP85YhDTN2HtpkG4dlosqmBXCKO8JUFvy6JFSpMuwewAsRQuh81d1ZnSX8zFYMVnRLfe-xAZXQvVQhuWqLDLnTtGAEa5RPjSeN0whH4mJbE?authuser=1&fife=s16383","https://mymaps.usercontent.google.com/hostedimage/m/*/3AE5a_GzjFZH66zmxYkSu0N6ABWIlGP0dx_-Dstg94NYnTwnnQbMOb2WIbPVpF_GYhKWzNggQkTRHJi-cu-vKEprodDgI4_Z3mW57Og4xuxP-T7WveaJP4h0hgbdpVZeUjjlMbnPR2e9oZCc4NCn7oP85YhDTN2HtpkG4dlosqmBXCKO8JUFvy6JFSpMuwewAsRQuh81d1ZnSX8zFYMVnRLfe-xAZXQvVQhuWqLDLnTtGAEa5RPjSeN0whH4mJbE?authuser=1&fife=s16383","true","200","image/png","89 50 4E 47","pending_browser_validation","recovered","/assets/images/investment/investment-LY-INV-000357-01.png"
"investment","فندق الياسمين","357","LY-INV-000357","https://mymaps.usercontent.google.com/hostedimage/m/*/3AE5a_GzYppqMnpjHuYr9jlH80Lh3syUWFWqPX9jH-nzCtghd-sJDJcT-JqQ8tzLK-Vo-ARqVTbC_06XgeVtVccegmpRFgp5j5T2aWYswPBBYmgRmmVVRY4wP-WkAzGkzAk4ktQg98sJhpSZMtKsHaN-cP8eyzF-fW6RuDNbhtWZEu8sQjq0aYMLEfV-W_mL-hJsllC0IS-3jN89RQBAR-QOrSfmjV1Gwv6lITQBJphWUbzzY9ukObE588jrEPCs?authuser=1&fife=s16383","https://mymaps.usercontent.google.com/hostedimage/m/*/3AE5a_GzYppqMnpjHuYr9jlH80Lh3syUWFWqPX9jH-nzCtghd-sJDJcT-JqQ8tzLK-Vo-ARqVTbC_06XgeVtVccegmpRFgp5j5T2aWYswPBBYmgRmmVVRY4wP-WkAzGkzAk4ktQg98sJhpSZMtKsHaN-cP8eyzF-fW6RuDNbhtWZEu8sQjq0aYMLEfV-W_mL-hJsllC0IS-3jN89RQBAR-QOrSfmjV1Gwv6lITQBJphWUbzzY9ukObE588jrEPCs?authuser=1&fife=s16383","true","200","image/png","89 50 4E 47","pending_browser_validation","recovered","/assets/images/investment/investment-LY-INV-000357-02.png"
"investment","فندق الياسمين","357","LY-INV-000357","https://mymaps.usercontent.google.com/hostedimage/m/*/3AE5a_Gy5pOJD5q_-9ZMLr8FnqMqwRvJXvg64-iWe21WZTEtG_Z9rjrdXmTWKxKUoqk3oLJKQ37SfDRtWm_pjY4AVYPj8IKsb-ubYZwsxXEaT89EisVo71Mmj4wmcs0bJvHc6nlqgeAz4K-d5meHauX_mtYGZi1yBU6eHsr3fVp_dBr7Ur5pBIDyrZnqbfKTSK-MBP-2TRLbkDz_DHUPfDC6SM_cEcyFb5d-DtF-RlKNHsepGEHgIxBPW8Xz3JYQ?authuser=1&fife=s16383","https://mymaps.usercontent.google.com/hostedimage/m/*/3AE5a_Gy5pOJD5q_-9ZMLr8FnqMqwRvJXvg64-iWe21WZTEtG_Z9rjrdXmTWKxKUoqk3oLJKQ37SfDRtWm_pjY4AVYPj8IKsb-ubYZwsxXEaT89EisVo71Mmj4wmcs0bJvHc6nlqgeAz4K-d5meHauX_mtYGZi1yBU6eHsr3fVp_dBr7Ur5pBIDyrZnqbfKTSK-MBP-2TRLbkDz_DHUPfDC6SM_cEcyFb5d-DtF-RlKNHsepGEHgIxBPW8Xz3JYQ?authuser=1&fife=s16383","true","200","image/png","89 50 4E 47","pending_browser_validation","recovered","/assets/images/investment/investment-LY-INV-000357-03.png"
"investment","فندق أجنحة قرطاج","358","LY-INV-000358","https://mymaps.usercontent.google.com/hostedimage/m/*/3AE5a_GxS6jJai6Sc2KEWmQVOiW0OhkFKmi0h8xzkFhc0hUvljBnSDUUGEnV3NH1fwTcnWyzv0LUNnOvqd9MKSxtSbxRrauvtuxgLoZgyzxvff2E5qNz2bQyDwTHxSuuo5cdCFPPJEl10fMretio-RP56CL-Rgz1Z2nxq2_3JZ9CnFxOdno86TJqTCp3vJ6MXTIvgomrZfsL2T5hPkuxdsotrhv0eYQyAP71mMfRQxsTjo6VOigOCnXkjEKf_fNA?authuser=1&fife=s16383","https://mymaps.usercontent.google.com/hostedimage/m/*/3AE5a_GxS6jJai6Sc2KEWmQVOiW0OhkFKmi0h8xzkFhc0hUvljBnSDUUGEnV3NH1fwTcnWyzv0LUNnOvqd9MKSxtSbxRrauvtuxgLoZgyzxvff2E5qNz2bQyDwTHxSuuo5cdCFPPJEl10fMretio-RP56CL-Rgz1Z2nxq2_3JZ9CnFxOdno86TJqTCp3vJ6MXTIvgomrZfsL2T5hPkuxdsotrhv0eYQyAP71mMfRQxsTjo6VOigOCnXkjEKf_fNA?authuser=1&fife=s16383","true","200","image/png","89 50 4E 47","pending_browser_validation","recovered","/assets/images/investment/investment-LY-INV-000358-01.png"
"investment","فندق أجنحة قرطاج","358","LY-INV-000358","https://mymaps.usercontent.google.com/hostedimage/m/*/3AE5a_GwNdcDQ0pIxhVW9s6DiCbClKZuDrgOwsFPbqZySl13n42hfYiyorEhOlNh-iXi_4_-M2nTQbQjB3xKEGMCwLdyLHxGav66iq41eMBx-CuHDgFhluO6WFDKbbCMS9j1F5zpMIyDx8FXYj5nghjXOOV2UOvxuqpwSeXMByriM8jBLj9WtTut8va1qYhPrvNpzHG8CkhOq9DQdBujo1sj9EQBH5Pdij4KsiG6fu0yy-NZdLqFdcOHWgvyf7KE?authuser=1&fife=s16383","https://mymaps.usercontent.google.com/hostedimage/m/*/3AE5a_GwNdcDQ0pIxhVW9s6DiCbClKZuDrgOwsFPbqZySl13n42hfYiyorEhOlNh-iXi_4_-M2nTQbQjB3xKEGMCwLdyLHxGav66iq41eMBx-CuHDgFhluO6WFDKbbCMS9j1F5zpMIyDx8FXYj5nghjXOOV2UOvxuqpwSeXMByriM8jBLj9WtTut8va1qYhPrvNpzHG8CkhOq9DQdBujo1sj9EQBH5Pdij4KsiG6fu0yy-NZdLqFdcOHWgvyf7KE?authuser=1&fife=s16383","true","200","image/png","89 50 4E 47","pending_browser_validation","recovered","/assets/images/investment/investment-LY-INV-000358-02.png"
"investment","فندق أجنحة قرطاج","358","LY-INV-000358","https://mymaps.usercontent.google.com/hostedimage/m/*/3AE5a_GyrDpKEvfQNedPaVplE1wDBf9yRALIVNuss_-u92XGnOM1K0cOwOrIkgfOLoH2z3wBrLvjodnulx55rS7M7tRv7l5jg8RdPD-sNaFzxL9LmhYEzksYzeASe4qvCLiGY0jkgBGQsDVA46wuQfy8-g1JTkuGDmb6YbAj_aYkBDSAqLiIZRm1WmdN8Hd837Zy-n7RDXR-5trFaugh91geYJfPw7eMzdfInV9vw4vfoLppPhJAxU_RTSwGdN8Q?authuser=1&fife=s16383","https://mymaps.usercontent.google.com/hostedimage/m/*/3AE5a_GyrDpKEvfQNedPaVplE1wDBf9yRALIVNuss_-u92XGnOM1K0cOwOrIkgfOLoH2z3wBrLvjodnulx55rS7M7tRv7l5jg8RdPD-sNaFzxL9LmhYEzksYzeASe4qvCLiGY0jkgBGQsDVA46wuQfy8-g1JTkuGDmb6YbAj_aYkBDSAqLiIZRm1WmdN8Hd837Zy-n7RDXR-5trFaugh91geYJfPw7eMzdfInV9vw4vfoLppPhJAxU_RTSwGdN8Q?authuser=1&fife=s16383","true","200","image/png","89 50 4E 47","pending_browser_validation","recovered","/assets/images/investment/investment-LY-INV-000358-03.png"
"investment","فندق أجنحة قرطاج","358","LY-INV-000358","https://mymaps.usercontent.google.com/hostedimage/m/*/3AE5a_Gx1RVJkbw8NySKV20Y3jAYkl8b7jHGoTXRTqjsKxPyVsGZmyp_1eVfVZPogu3mD0tj4SdXqfwUpMigh-NpdW0rA1U41w1L-IwKQx_G1QLPHfOWL-xG686QwR37-2gEKG-3-JXcXLK0B1XMFyASPkehOi69XDdsHI0LMXiiEFioj2bK26Dle7MwQSzqOU2ayJ0RXPTYpJa8tS42Ge5iUOv7UAYBwS3fO9dALdn3tj0kY1cszgI-nydSR-3c?authuser=1&fife=s16383","https://mymaps.usercontent.google.com/hostedimage/m/*/3AE5a_Gx1RVJkbw8NySKV20Y3jAYkl8b7jHGoTXRTqjsKxPyVsGZmyp_1eVfVZPogu3mD0tj4SdXqfwUpMigh-NpdW0rA1U41w1L-IwKQx_G1QLPHfOWL-xG686QwR37-2gEKG-3-JXcXLK0B1XMFyASPkehOi69XDdsHI0LMXiiEFioj2bK26Dle7MwQSzqOU2ayJ0RXPTYpJa8tS42Ge5iUOv7UAYBwS3fO9dALdn3tj0kY1cszgI-nydSR-3c?authuser=1&fife=s16383","true","200","image/png","89 50 4E 47","pending_browser_validation","recovered","/assets/images/investment/investment-LY-INV-000358-04.png"
"investment","فندق أجنحة قرطاج","358","LY-INV-000358","https://mymaps.usercontent.google.com/hostedimage/m/*/3AE5a_GxhX9H19KK8mMlb9N_mq5MbW1F9CHHKjmDJjiFowcpMjLQNMuprsOe07Ty_Ijijx_xTYmdZJo77ejehkTpmntU28FMPh_b98dxckS59QPopOvyEN9sE6kXNLstiJH1RbOF3ds7onwtuX9w-aKk8qyH4RqY3CAKfuufx7UEUmk1tzOFpYTGPODhHVUGzbSbKRD65jG-2TAwGax7nh7vMtySAs5jjVO0nk_5S2u7E9G3UN6NJ5TnDuxgiKss?authuser=1&fife=s16383","https://mymaps.usercontent.google.com/hostedimage/m/*/3AE5a_GxhX9H19KK8mMlb9N_mq5MbW1F9CHHKjmDJjiFowcpMjLQNMuprsOe07Ty_Ijijx_xTYmdZJo77ejehkTpmntU28FMPh_b98dxckS59QPopOvyEN9sE6kXNLstiJH1RbOF3ds7onwtuX9w-aKk8qyH4RqY3CAKfuufx7UEUmk1tzOFpYTGPODhHVUGzbSbKRD65jG-2TAwGax7nh7vMtySAs5jjVO0nk_5S2u7E9G3UN6NJ5TnDuxgiKss?authuser=1&fife=s16383","true","200","image/png","89 50 4E 47","pending_browser_validation","recovered","/assets/images/investment/investment-LY-INV-000358-05.png"
"investment","فندق أوال","360","LY-INV-000360","https://mymaps.usercontent.google.com/hostedimage/m/*/3AE5a_GzUc0TGoqflc3ExaJjidOHDkCn4-k0qWa9yjk93LkFbA51OqWn53GEPwnlY_Nz8txw65vCuZx-PA1xCGCW7X3BKfxQGA5BzfzxPtXQacP2snlAwD1MSrURskUQjFaF7-KQTaigmBtC_UxigSo87o6dkvbT7APhTII4AA4NqtPh95_SCSp2NYN87WajUotSCpEarrO1itQ3Nf_iQjEGIhkpK3fFxWC2cV0inY9Sc0spccXGqepld-s09Kg4?authuser=1&fife=s16383","https://mymaps.usercontent.google.com/hostedimage/m/*/3AE5a_GzUc0TGoqflc3ExaJjidOHDkCn4-k0qWa9yjk93LkFbA51OqWn53GEPwnlY_Nz8txw65vCuZx-PA1xCGCW7X3BKfxQGA5BzfzxPtXQacP2snlAwD1MSrURskUQjFaF7-KQTaigmBtC_UxigSo87o6dkvbT7APhTII4AA4NqtPh95_SCSp2NYN87WajUotSCpEarrO1itQ3Nf_iQjEGIhkpK3fFxWC2cV0inY9Sc0spccXGqepld-s09Kg4?authuser=1&fife=s16383","true","200","image/png","89 50 4E 47","pending_browser_validation","recovered","/assets/images/investment/investment-LY-INV-000360-01.png"
"investment","فندق أوال","360","LY-INV-000360","https://mymaps.usercontent.google.com/hostedimage/m/*/3AE5a_GzGwXrajJ_WGSPufri9hd_zCHItTegkyZDZzpauZxPdmwc4SpBKmMTU0-grticR2138BNgleznXwWlO5efhyxaBTQcBDmjH3rrcjGahf6VslR6Siwjcrf7VbyBO6TxtZEU6_aOhtkkskyZ8reeW0OsNLG4hYltxvkYgVhFXfbjoJOmgGjPUS1nqIHdNf8xfBKFGBvyq6o7EIT5mCREmsmwjFL0Q0tnM9yUL8Ya4DMRrqK5TPxia_263s8Y?authuser=1&fife=s16383","https://mymaps.usercontent.google.com/hostedimage/m/*/3AE5a_GzGwXrajJ_WGSPufri9hd_zCHItTegkyZDZzpauZxPdmwc4SpBKmMTU0-grticR2138BNgleznXwWlO5efhyxaBTQcBDmjH3rrcjGahf6VslR6Siwjcrf7VbyBO6TxtZEU6_aOhtkkskyZ8reeW0OsNLG4hYltxvkYgVhFXfbjoJOmgGjPUS1nqIHdNf8xfBKFGBvyq6o7EIT5mCREmsmwjFL0Q0tnM9yUL8Ya4DMRrqK5TPxia_263s8Y?authuser=1&fife=s16383","true","200","image/png","89 50 4E 47","pending_browser_validation","recovered","/assets/images/investment/investment-LY-INV-000360-02.png"
"investment","فندق أوال","360","LY-INV-000360","https://mymaps.usercontent.google.com/hostedimage/m/*/3AE5a_GzQJanFel2qDhlr6LcyAQytcQgvXDUTQPF8fEEE40ev-jnEIgBw-2xGcWkliI2BDqLcJtL-aylYaefP4XpstfXCHcSbGF2j76ulqGL1y2wy_2l8xc3e941ihv40isSaFUzY_fBweg5J-sGdbvcc-HgM0Hl-34O3eJOUznvOSy1td77KTLCUh_uKAhLbGqPfyuVwCLcc4ZQyGPB1ue-XF9qnSpCTQxKa1AqTg8vxev3xrvcOw8x7oke16qQ?authuser=1&fife=s16383","https://mymaps.usercontent.google.com/hostedimage/m/*/3AE5a_GzQJanFel2qDhlr6LcyAQytcQgvXDUTQPF8fEEE40ev-jnEIgBw-2xGcWkliI2BDqLcJtL-aylYaefP4XpstfXCHcSbGF2j76ulqGL1y2wy_2l8xc3e941ihv40isSaFUzY_fBweg5J-sGdbvcc-HgM0Hl-34O3eJOUznvOSy1td77KTLCUh_uKAhLbGqPfyuVwCLcc4ZQyGPB1ue-XF9qnSpCTQxKa1AqTg8vxev3xrvcOw8x7oke16qQ?authuser=1&fife=s16383","true","200","image/png","89 50 4E 47","pending_browser_validation","recovered","/assets/images/investment/investment-LY-INV-000360-03.png"
"investment","فندق أوال","360","LY-INV-000360","https://mymaps.usercontent.google.com/hostedimage/m/*/3AE5a_GxKGQXruzsLTVr7UYgn8d8bfjw0-hL40B6WPOqpUaZN7jzZ_ZMznKyqu2AnBAw26gRigh6IewQDOtmG9uPUQkdGipOQ4Hwg4nib-jQPgm0-aBV0bHCu506KzexnZlxg8J-qnAArpYcmdCgAcUQub1cGqEbYbOjppxkGmem-p33sNuodzg6PwqdzEpxyu67ypf16tHFaiYcoldqJngzQ3TInI1nVDtg0IshIzPlbuqHS6noDNFkJrwhc21Q?authuser=1&fife=s16383","https://mymaps.usercontent.google.com/hostedimage/m/*/3AE5a_GxKGQXruzsLTVr7UYgn8d8bfjw0-hL40B6WPOqpUaZN7jzZ_ZMznKyqu2AnBAw26gRigh6IewQDOtmG9uPUQkdGipOQ4Hwg4nib-jQPgm0-aBV0bHCu506KzexnZlxg8J-qnAArpYcmdCgAcUQub1cGqEbYbOjppxkGmem-p33sNuodzg6PwqdzEpxyu67ypf16tHFaiYcoldqJngzQ3TInI1nVDtg0IshIzPlbuqHS6noDNFkJrwhc21Q?authuser=1&fife=s16383","true","200","image/png","89 50 4E 47","pending_browser_validation","recovered","/assets/images/investment/investment-LY-INV-000360-04.png"
"investment","فندق أوال","360","LY-INV-000360","https://mymaps.usercontent.google.com/hostedimage/m/*/3AE5a_Gzi6mApktCBlt1qwAH5C9oJgpCOJQ6UbW1vAW13NbPZ2SdWKpPwCftH3slGttceJJCfjdHYsp2VKoFit73AzZonoVf4ezy1o7AeqsfSpaX-buTYfBsQk7LeCkimILbQQVSYZao_6R_j3_E7P1pgXbgjZmT0-nEPq4TzHhSsa-su_n5p0ob9yst4Y2mF-EzcaM6gQN1Ufj_NLvizSbtpqBmqfq3Mgde9AaVngZhs8t_mftFuR_IBtgem0W0?authuser=1&fife=s16383","https://mymaps.usercontent.google.com/hostedimage/m/*/3AE5a_Gzi6mApktCBlt1qwAH5C9oJgpCOJQ6UbW1vAW13NbPZ2SdWKpPwCftH3slGttceJJCfjdHYsp2VKoFit73AzZonoVf4ezy1o7AeqsfSpaX-buTYfBsQk7LeCkimILbQQVSYZao_6R_j3_E7P1pgXbgjZmT0-nEPq4TzHhSsa-su_n5p0ob9yst4Y2mF-EzcaM6gQN1Ufj_NLvizSbtpqBmqfq3Mgde9AaVngZhs8t_mftFuR_IBtgem0W0?authuser=1&fife=s16383","true","200","image/png","89 50 4E 47","pending_browser_validation","recovered","/assets/images/investment/investment-LY-INV-000360-05.png"
"investment","فندق أوال","360","LY-INV-000360","https://mymaps.usercontent.google.com/hostedimage/m/*/3AE5a_GzZDMnJyccWTQJG0dJLv1UjXBdeZJL-vL4CkSInJJ6l9nCuwIJyfEeqVoRxdVLq_gNBQrLM9lZbTbBJ3konk_D1_Eop8xh_zNSlKojkX2aDtr6Sc10RMI_RQ-J-0mpJPna0LdKs9pzw34CJQ_WC83jt4EjC8IEC2Ak0_doLIwV_doKMNEjpLarGS6vHvXvhMm6rN2yl28upQJ8_ok84CJF156WBUQ8I8D-pUY9FAjnH_4zz9s__BAkXiLI?authuser=1&fife=s16383","https://mymaps.usercontent.google.com/hostedimage/m/*/3AE5a_GzZDMnJyccWTQJG0dJLv1UjXBdeZJL-vL4CkSInJJ6l9nCuwIJyfEeqVoRxdVLq_gNBQrLM9lZbTbBJ3konk_D1_Eop8xh_zNSlKojkX2aDtr6Sc10RMI_RQ-J-0mpJPna0LdKs9pzw34CJQ_WC83jt4EjC8IEC2Ak0_doLIwV_doKMNEjpLarGS6vHvXvhMm6rN2yl28upQJ8_ok84CJF156WBUQ8I8D-pUY9FAjnH_4zz9s__BAkXiLI?authuser=1&fife=s16383","true","200","image/png","89 50 4E 47","pending_browser_validation","recovered","/assets/images/investment/investment-LY-INV-000360-06.png"
"investment","فندق باب البحر","361","LY-INV-000361","https://mymaps.usercontent.google.com/hostedimage/m/*/3AE5a_Gwlc1xiHVk3QEVCWXJ62bUi4FedTqrk9mJ6Ng9RzZfLKech0CIeY2jxw9fVcFFbC2q_2TB2gCvn5oTQpGL7-_X7AQUWw-xD4yTrddD0GbkL9Eceyk0LB8x4rMQI4s2tBwHPrE__M8oIbM9tiDwdzAvWC5MCmGXoRM-VPCxCen-Zmcy1bFUXncDHsvHhrN_uIxsoH7qRlt2IfVUgfZMCIjRn2uLJvWVtFT8fx4Gk5rgpDzxzEOgsiOMqYAM?authuser=1&fife=s16383","https://mymaps.usercontent.google.com/hostedimage/m/*/3AE5a_Gwlc1xiHVk3QEVCWXJ62bUi4FedTqrk9mJ6Ng9RzZfLKech0CIeY2jxw9fVcFFbC2q_2TB2gCvn5oTQpGL7-_X7AQUWw-xD4yTrddD0GbkL9Eceyk0LB8x4rMQI4s2tBwHPrE__M8oIbM9tiDwdzAvWC5MCmGXoRM-VPCxCen-Zmcy1bFUXncDHsvHhrN_uIxsoH7qRlt2IfVUgfZMCIjRn2uLJvWVtFT8fx4Gk5rgpDzxzEOgsiOMqYAM?authuser=1&fife=s16383","true","200","image/png","89 50 4E 47","pending_browser_validation","recovered","/assets/images/investment/investment-LY-INV-000361-01.png"
"investment","فندق باب البحر","361","LY-INV-000361","https://mymaps.usercontent.google.com/hostedimage/m/*/3AE5a_Gyb5XwwBFhyeQZQJg2ye5rlLGBWzlaPmqcrTuLu5Q4uKQvOp36Sy0cpOy0oT3IuTPHrhbgNwCac9O63og27d-B97xqrLYL6Nfr0QKwHoEY5fzGbzS4HLCcoyJ6kaPwkBd75nKTaSeUBLRUGRNeAvZIiXt6paeH-b_9cdLS7ivDB8Jjyj1squ8Uu_lOvo_t6xKATBT4076uza7INIyN-vLFrvAiL4XVE8B2yFt8IUJy5AoySAxKxYiqwJQQ?authuser=1&fife=s16383","https://mymaps.usercontent.google.com/hostedimage/m/*/3AE5a_Gyb5XwwBFhyeQZQJg2ye5rlLGBWzlaPmqcrTuLu5Q4uKQvOp36Sy0cpOy0oT3IuTPHrhbgNwCac9O63og27d-B97xqrLYL6Nfr0QKwHoEY5fzGbzS4HLCcoyJ6kaPwkBd75nKTaSeUBLRUGRNeAvZIiXt6paeH-b_9cdLS7ivDB8Jjyj1squ8Uu_lOvo_t6xKATBT4076uza7INIyN-vLFrvAiL4XVE8B2yFt8IUJy5AoySAxKxYiqwJQQ?authuser=1&fife=s16383","true","200","image/png","89 50 4E 47","pending_browser_validation","recovered","/assets/images/investment/investment-LY-INV-000361-02.png"
"investment","فندق باب البحر","361","LY-INV-000361","https://mymaps.usercontent.google.com/hostedimage/m/*/3AE5a_GzFb454s6gJ8kPQvzNrWffW06EGl-cadOtJ6Podz4KzNi_l5DAvIy5kn6V30ZnHFfHNsu51iGfPeWPBHCYSfhi87Lo5GRhyLMdMSy7007O_JYjfFLCugddrLa8xtP8sL8QuhloCHUs7qCMAAFdDJKnGr5STdxL9O2K_6Lxj75B-8KWYeiY1gyKzNQlGBfUZ5-pHDVyRNgFky7D6v6KQIDjUntvE6kQcHW1eDtMw23mEgTJHJ46rrvZJ1Z4?authuser=1&fife=s16383","https://mymaps.usercontent.google.com/hostedimage/m/*/3AE5a_GzFb454s6gJ8kPQvzNrWffW06EGl-cadOtJ6Podz4KzNi_l5DAvIy5kn6V30ZnHFfHNsu51iGfPeWPBHCYSfhi87Lo5GRhyLMdMSy7007O_JYjfFLCugddrLa8xtP8sL8QuhloCHUs7qCMAAFdDJKnGr5STdxL9O2K_6Lxj75B-8KWYeiY1gyKzNQlGBfUZ5-pHDVyRNgFky7D6v6KQIDjUntvE6kQcHW1eDtMw23mEgTJHJ46rrvZJ1Z4?authuser=1&fife=s16383","true","200","image/png","89 50 4E 47","pending_browser_validation","recovered","/assets/images/investment/investment-LY-INV-000361-03.png"
"investment","فندق باب البحر","361","LY-INV-000361","https://mymaps.usercontent.google.com/hostedimage/m/*/3AE5a_GzZf0MCLfncDfilG4BzIivufQzIZgIoEDFik_w2vBbs6sZut5sn8ZyuHs3-iPJyUvq_2N6AJ1PGMVyR3ckz9f6xo2SzoAbdNTIfLQyo28O0gcahDzXT3y3ekx8mFpWSyrSgl8tll9EVI-x7DfwRBvE7tqxxnYPBK8JLgneeIYU48Uk50cVWiH6p9s5X-Q6Ea-FVFJpKEfrlOUrL-VYR-25Ud2BMOSnD1l3rxVMZPu_2WpqbV_7gI2nLVSQ?authuser=1&fife=s16383","https://mymaps.usercontent.google.com/hostedimage/m/*/3AE5a_GzZf0MCLfncDfilG4BzIivufQzIZgIoEDFik_w2vBbs6sZut5sn8ZyuHs3-iPJyUvq_2N6AJ1PGMVyR3ckz9f6xo2SzoAbdNTIfLQyo28O0gcahDzXT3y3ekx8mFpWSyrSgl8tll9EVI-x7DfwRBvE7tqxxnYPBK8JLgneeIYU48Uk50cVWiH6p9s5X-Q6Ea-FVFJpKEfrlOUrL-VYR-25Ud2BMOSnD1l3rxVMZPu_2WpqbV_7gI2nLVSQ?authuser=1&fife=s16383","true","200","image/png","89 50 4E 47","pending_browser_validation","recovered","/assets/images/investment/investment-LY-INV-000361-04.png"
"investment","فندق بلازما","362","LY-INV-000362","https://mymaps.usercontent.google.com/hostedimage/m/*/3AE5a_Gz1FJ_-2StcSSCYCvYH6PuB53_zFbrFNyaps-eqxyxv3CbqfBfHxcVNZSZ4MjBO4ygZdzlsmZUm9wpVHlGvP4Tae-XJFn4XIq-CGK-Prpg-XDBp8BNuW-XkuQqaEpK0YNtRljJziQpuk9aV030YuG882c7qhxTsE7bhMoVi3wbeueeVkikwepgEfh_tudZkzYGC2Zg7kEOamSsb1RUYJOTtAs8hkuySZEhZ0r-8HYM4bDsujWtsRp3gOcA?authuser=1&fife=s16383","https://mymaps.usercontent.google.com/hostedimage/m/*/3AE5a_Gz1FJ_-2StcSSCYCvYH6PuB53_zFbrFNyaps-eqxyxv3CbqfBfHxcVNZSZ4MjBO4ygZdzlsmZUm9wpVHlGvP4Tae-XJFn4XIq-CGK-Prpg-XDBp8BNuW-XkuQqaEpK0YNtRljJziQpuk9aV030YuG882c7qhxTsE7bhMoVi3wbeueeVkikwepgEfh_tudZkzYGC2Zg7kEOamSsb1RUYJOTtAs8hkuySZEhZ0r-8HYM4bDsujWtsRp3gOcA?authuser=1&fife=s16383","true","200","image/png","89 50 4E 47","pending_browser_validation","recovered","/assets/images/investment/investment-LY-INV-000284-03.png"
"investment","فندق بلازما","362","LY-INV-000362","https://mymaps.usercontent.google.com/hostedimage/m/*/3AE5a_GxxnQIzOyD_IYBUsA9l6UkTshllXOqvCiSoI1eV1A5UrS8kZsHmDJ18jzeCFb48_XVI2Fq5_-a1dDZDlVz-_HMcX9LnM_vGicZkZG6d96DV_x7yuGjHoHZxeTUU6Fjq86qvwWkV-emVEtkt7D5DqHeSFa6YERr1ma5RQsnOvH_0Q8k96Ed7N4ozBrRF9opWC1ggaltzuxtjBnAs_c6_qmpkJCue7xuEK547jWX6b1ktdaDzskkObhvOp7c?authuser=1&fife=s16383","https://mymaps.usercontent.google.com/hostedimage/m/*/3AE5a_GxxnQIzOyD_IYBUsA9l6UkTshllXOqvCiSoI1eV1A5UrS8kZsHmDJ18jzeCFb48_XVI2Fq5_-a1dDZDlVz-_HMcX9LnM_vGicZkZG6d96DV_x7yuGjHoHZxeTUU6Fjq86qvwWkV-emVEtkt7D5DqHeSFa6YERr1ma5RQsnOvH_0Q8k96Ed7N4ozBrRF9opWC1ggaltzuxtjBnAs_c6_qmpkJCue7xuEK547jWX6b1ktdaDzskkObhvOp7c?authuser=1&fife=s16383","true","200","image/png","89 50 4E 47","pending_browser_validation","recovered","/assets/images/investment/investment-LY-INV-000362-02.png"
"investment","فندق بلازما","362","LY-INV-000362","https://mymaps.usercontent.google.com/hostedimage/m/*/3AE5a_Gye4LvHxcojgrcqmrzmTj6e6mVylkS74JujgTersxzHFjfBQrqC-xldBGHFDhB63bizeXgdvfyv1nu_J0IPbEoDKSb_O138B_jKPBbgJSByi23MPl5b8cc2S4ktEqzccDNv6vXrJD4378jSkQ5YPMcMtHStZUaYoY4X_U5sIo8tVyyzF_z_OZT5QRGQprVjyMTOjS4DA9lD8T5QyQhxJchnkEDbnyfMu4eSXkkZ3onlpP_NKSTY4b994JU?authuser=1&fife=s16383","https://mymaps.usercontent.google.com/hostedimage/m/*/3AE5a_Gye4LvHxcojgrcqmrzmTj6e6mVylkS74JujgTersxzHFjfBQrqC-xldBGHFDhB63bizeXgdvfyv1nu_J0IPbEoDKSb_O138B_jKPBbgJSByi23MPl5b8cc2S4ktEqzccDNv6vXrJD4378jSkQ5YPMcMtHStZUaYoY4X_U5sIo8tVyyzF_z_OZT5QRGQprVjyMTOjS4DA9lD8T5QyQhxJchnkEDbnyfMu4eSXkkZ3onlpP_NKSTY4b994JU?authuser=1&fife=s16383","true","200","image/png","89 50 4E 47","pending_browser_validation","recovered","/assets/images/investment/investment-LY-INV-000362-03.png"
"investment","فندق بن يدر","363","LY-INV-000363","https://mymaps.usercontent.google.com/hostedimage/m/*/3AE5a_GyEVk7z6p5iWPoNdzX194WWJjkJ1SQAkMQBNNBz20tiwJgYrVytHmr4gMPRJamMHREXEH4tKef0pMaS-HK06X4XfWWDlCRiRcHFPW09RQoNHYI65qaNIvUvyVKUHdGIPjZ2VaTRzEbP5UAPbL0cuO32B_LLNRpdDwjHCukxZ6tfPNDgrg9QCfpovmjbcRBa6vZwt1e0ucwKv3baYfbT-9umU06NcMBrwHkrN_SHHC-Znz64J8COjlhd-bI?authuser=1&fife=s16383","https://mymaps.usercontent.google.com/hostedimage/m/*/3AE5a_GyEVk7z6p5iWPoNdzX194WWJjkJ1SQAkMQBNNBz20tiwJgYrVytHmr4gMPRJamMHREXEH4tKef0pMaS-HK06X4XfWWDlCRiRcHFPW09RQoNHYI65qaNIvUvyVKUHdGIPjZ2VaTRzEbP5UAPbL0cuO32B_LLNRpdDwjHCukxZ6tfPNDgrg9QCfpovmjbcRBa6vZwt1e0ucwKv3baYfbT-9umU06NcMBrwHkrN_SHHC-Znz64J8COjlhd-bI?authuser=1&fife=s16383","true","200","image/png","89 50 4E 47","pending_browser_validation","recovered","/assets/images/investment/investment-LY-INV-000363-01.png"
"investment","فندق بن يدر","363","LY-INV-000363","https://mymaps.usercontent.google.com/hostedimage/m/*/3AE5a_Gxe8-wxmSk0wS58wZC5DonBwVrDP1pFttgRIGfV28Cr3J2syZ0RV4nEe9jHX6vDXzLiDH_-BfkBC31DciXXNuP5N3FtSZz1WcQ7LHKmt5bWnlSkaAFr2HwGet6tcwe-T3CtEr2QW0ncD76fSnn5Vd0S2kEevXEa-FEcmU21WF3yTuggYMJV_u0mzBEbKobAOsPQv6dcLj6fO-B7ugJDuh6TzjmX0SJz3dPSOrU-ovgH7SAbyOjKkWqdGco?authuser=1&fife=s16383","https://mymaps.usercontent.google.com/hostedimage/m/*/3AE5a_Gxe8-wxmSk0wS58wZC5DonBwVrDP1pFttgRIGfV28Cr3J2syZ0RV4nEe9jHX6vDXzLiDH_-BfkBC31DciXXNuP5N3FtSZz1WcQ7LHKmt5bWnlSkaAFr2HwGet6tcwe-T3CtEr2QW0ncD76fSnn5Vd0S2kEevXEa-FEcmU21WF3yTuggYMJV_u0mzBEbKobAOsPQv6dcLj6fO-B7ugJDuh6TzjmX0SJz3dPSOrU-ovgH7SAbyOjKkWqdGco?authuser=1&fife=s16383","true","200","image/png","89 50 4E 47","pending_browser_validation","recovered","/assets/images/investment/investment-LY-INV-000363-02.png"
"investment","فندق بن يدر","363","LY-INV-000363","https://mymaps.usercontent.google.com/hostedimage/m/*/3AE5a_Gx4MW1_4igBrzjgxqMoMmunhLDT6IEShwEKTcr_D7LCWd3KEu3-mV8r5ulxGP-QYYBehXrJz6rUL3QPy4aVKnVpPauHoNZxIthIYAX_N1T9QRHDDjU-PzdyoeTt3CUMaNWWT1To6fjd7eiNkUcqmQMrR0CvU6ZBo-S-i09gjUduvlksIF3TtOmlgxwt3BZgVxBy7KulfK_iIWiaXSWBVaYvsMIMqC8eDhO1Qj28vZYuorDdvhxBB2TMXHs?authuser=1&fife=s16383","https://mymaps.usercontent.google.com/hostedimage/m/*/3AE5a_Gx4MW1_4igBrzjgxqMoMmunhLDT6IEShwEKTcr_D7LCWd3KEu3-mV8r5ulxGP-QYYBehXrJz6rUL3QPy4aVKnVpPauHoNZxIthIYAX_N1T9QRHDDjU-PzdyoeTt3CUMaNWWT1To6fjd7eiNkUcqmQMrR0CvU6ZBo-S-i09gjUduvlksIF3TtOmlgxwt3BZgVxBy7KulfK_iIWiaXSWBVaYvsMIMqC8eDhO1Qj28vZYuorDdvhxBB2TMXHs?authuser=1&fife=s16383","true","200","image/png","89 50 4E 47","pending_browser_validation","recovered","/assets/images/investment/investment-LY-INV-000363-03.png"
"investment","فندق بن يدر","363","LY-INV-000363","https://mymaps.usercontent.google.com/hostedimage/m/*/3AE5a_Gwxyt5vi0w8O-yjjJl5YKiGrLoW2XghaYN6T2TkfIFaho1Bmfw_rCpRWHcsGM0ufapT2khszSqcXwSSRbCg7lJaF5M33sVdKbf-PJEtiRCyyVQt9NALPv1gEuBeXo1nVGsAqkfGfm5wh-okwr2eLylMPGoDhZJ3vW8GCMjC4GrbwCDuL4C-NAyYGY4kAwh6CuwzcVZyEmw6WivJZ1-TNY90-XbxDVWMR8LL-M5nVvjoVN1e40yx-s5qrUc?authuser=1&fife=s16383","https://mymaps.usercontent.google.com/hostedimage/m/*/3AE5a_Gwxyt5vi0w8O-yjjJl5YKiGrLoW2XghaYN6T2TkfIFaho1Bmfw_rCpRWHcsGM0ufapT2khszSqcXwSSRbCg7lJaF5M33sVdKbf-PJEtiRCyyVQt9NALPv1gEuBeXo1nVGsAqkfGfm5wh-okwr2eLylMPGoDhZJ3vW8GCMjC4GrbwCDuL4C-NAyYGY4kAwh6CuwzcVZyEmw6WivJZ1-TNY90-XbxDVWMR8LL-M5nVvjoVN1e40yx-s5qrUc?authuser=1&fife=s16383","true","200","image/png","89 50 4E 47","pending_browser_validation","recovered","/assets/images/investment/investment-LY-INV-000363-04.png"
"investment","فندق بيت الأمان","366","LY-INV-000366","https://mymaps.usercontent.google.com/hostedimage/m/*/3AE5a_GxBVcaNptksVrRIVCbWwWDmaBrEN96ZHgDQggAYhu7HV1i8xtOa75Hf6eE52jxcyxKK9WRqjKM2iFH0lpCnkZGOvb_qa9rAcC_WVoWYcD5nviBllisi4JbvRdZHSfoyVWjXKinBUA7wt9kkHoKZO6QsEEI9o1RWUyInHLNOPv_ukrK8pGO9ExuGCemBjhDAYh5XD___2smseTOKWK_8SgeUsYyYbp03KMwXJLMggj7Jdvw87u_7q9KAOQU?authuser=1&fife=s16383","https://mymaps.usercontent.google.com/hostedimage/m/*/3AE5a_GxBVcaNptksVrRIVCbWwWDmaBrEN96ZHgDQggAYhu7HV1i8xtOa75Hf6eE52jxcyxKK9WRqjKM2iFH0lpCnkZGOvb_qa9rAcC_WVoWYcD5nviBllisi4JbvRdZHSfoyVWjXKinBUA7wt9kkHoKZO6QsEEI9o1RWUyInHLNOPv_ukrK8pGO9ExuGCemBjhDAYh5XD___2smseTOKWK_8SgeUsYyYbp03KMwXJLMggj7Jdvw87u_7q9KAOQU?authuser=1&fife=s16383","true","200","image/png","89 50 4E 47","pending_browser_validation","recovered","/assets/images/investment/investment-LY-INV-000366-01.png"
"investment","فندق بيت الأمان","366","LY-INV-000366","https://mymaps.usercontent.google.com/hostedimage/m/*/3AE5a_Gyfi17s18ghHCkPE4vknobOJj0_IMdnQFqnsS3F_7nUO5kaolwN505Z9k6R3le-t58Ib-VpET7bsCF0DxhU8BS7VXUHoaB2SXaaDVZS6dpappkU6eGaaaw8yXgbSh579mN4NY0knDrB9g0Ea-1KfHiPI_dIZ_V_0REkss8JxKpIDpZOf5HlenU7EoR5TjckroRvWLpgeCXhGn58r6JCjQ2nzw0_ScXzhe8d7zC5nm_ii6E4uO77Zw59qjY?authuser=1&fife=s16383","https://mymaps.usercontent.google.com/hostedimage/m/*/3AE5a_Gyfi17s18ghHCkPE4vknobOJj0_IMdnQFqnsS3F_7nUO5kaolwN505Z9k6R3le-t58Ib-VpET7bsCF0DxhU8BS7VXUHoaB2SXaaDVZS6dpappkU6eGaaaw8yXgbSh579mN4NY0knDrB9g0Ea-1KfHiPI_dIZ_V_0REkss8JxKpIDpZOf5HlenU7EoR5TjckroRvWLpgeCXhGn58r6JCjQ2nzw0_ScXzhe8d7zC5nm_ii6E4uO77Zw59qjY?authuser=1&fife=s16383","true","200","image/png","89 50 4E 47","pending_browser_validation","recovered","/assets/images/investment/investment-LY-INV-000366-02.png"
"investment","فندق بيت الأمان","366","LY-INV-000366","https://mymaps.usercontent.google.com/hostedimage/m/*/3AE5a_GzubC0S2jOHqcCiB6HttOPztDZ5PaJgd8IRpuNby4rCUXjEbl8y2K3eYiR5TI5NlSeF1pmhfV6RADVgWZDt7Zaxrq1noGo5v8JK7-X6uE4Z121PAAb_-Pzl2rHa5B4xbXnMgcTnwP_YSvVGB7GF9e7oiXDAKV2ofrp2cqrn3hUfWf0_ZsB1kvuxalIFVwJ6p-DaLZWjYZmweNQ9z5j-38_6pVpc_4GNZx7pq5rfZp7Z7O24cWPurviPtlk?authuser=1&fife=s16383","https://mymaps.usercontent.google.com/hostedimage/m/*/3AE5a_GzubC0S2jOHqcCiB6HttOPztDZ5PaJgd8IRpuNby4rCUXjEbl8y2K3eYiR5TI5NlSeF1pmhfV6RADVgWZDt7Zaxrq1noGo5v8JK7-X6uE4Z121PAAb_-Pzl2rHa5B4xbXnMgcTnwP_YSvVGB7GF9e7oiXDAKV2ofrp2cqrn3hUfWf0_ZsB1kvuxalIFVwJ6p-DaLZWjYZmweNQ9z5j-38_6pVpc_4GNZx7pq5rfZp7Z7O24cWPurviPtlk?authuser=1&fife=s16383","true","200","image/png","89 50 4E 47","pending_browser_validation","recovered","/assets/images/investment/investment-LY-INV-000366-03.png"
"investment","فندق بيت الأمان","366","LY-INV-000366","https://mymaps.usercontent.google.com/hostedimage/m/*/3AE5a_Gz9e7LiCohK3I9HKIecsBK9LxT2i1ecugpqr7K-AyQ717ZgbM_Eos1AbtpLF9VgiCt9bTCPtxZ9ywoL97ZiaPg0CO5U2HJ5sflV_O72MzMCoLKBi75pPjpeL1lbjVst9HSTT10PBoklGPi7t5W2mfWfaliLrKdp2L1iR2PwNwk-YkXIRJdBUBS5G1ky9f3tbyjQmdNqL-3oA5l-SMzkz77rxhdgh2LBFxoEzpFbkD16tIzJnqQ-IxOOeyc?authuser=1&fife=s16383","https://mymaps.usercontent.google.com/hostedimage/m/*/3AE5a_Gz9e7LiCohK3I9HKIecsBK9LxT2i1ecugpqr7K-AyQ717ZgbM_Eos1AbtpLF9VgiCt9bTCPtxZ9ywoL97ZiaPg0CO5U2HJ5sflV_O72MzMCoLKBi75pPjpeL1lbjVst9HSTT10PBoklGPi7t5W2mfWfaliLrKdp2L1iR2PwNwk-YkXIRJdBUBS5G1ky9f3tbyjQmdNqL-3oA5l-SMzkz77rxhdgh2LBFxoEzpFbkD16tIzJnqQ-IxOOeyc?authuser=1&fife=s16383","true","200","image/png","89 50 4E 47","pending_browser_validation","recovered","/assets/images/investment/investment-LY-INV-000366-04.png"
"investment","فندق توباكتس","369","LY-INV-000369","https://mymaps.usercontent.google.com/hostedimage/m/*/3AE5a_GwUXGBLww5iiMYscmn_F66-WEXoH1B1x-dyYPJn2-zgGjF7k4YqHFN2ySW8xyoVIcXm6mAVFI7PPSIQKhYqVkMokvGk_yZce8vpxvP5wuBLVOHe-fFcdwrERYeLzJP83vdN-QgqosUAZTej8v5Y9BFgObP_qMxzDNkAKNZvvF0XwBNiJQu6rK0AlrsCrlGSE10dqpCtb-mzcBq5-wNjrch0V_KqIqiTYhYtIhG4TmlyOyCgxHX2NdDCyO4?authuser=1&fife=s16383","https://mymaps.usercontent.google.com/hostedimage/m/*/3AE5a_GwUXGBLww5iiMYscmn_F66-WEXoH1B1x-dyYPJn2-zgGjF7k4YqHFN2ySW8xyoVIcXm6mAVFI7PPSIQKhYqVkMokvGk_yZce8vpxvP5wuBLVOHe-fFcdwrERYeLzJP83vdN-QgqosUAZTej8v5Y9BFgObP_qMxzDNkAKNZvvF0XwBNiJQu6rK0AlrsCrlGSE10dqpCtb-mzcBq5-wNjrch0V_KqIqiTYhYtIhG4TmlyOyCgxHX2NdDCyO4?authuser=1&fife=s16383","true","200","image/png","89 50 4E 47","pending_browser_validation","recovered","/assets/images/investment/investment-LY-INV-000369-01.png"
"investment","فندق توباكتس","369","LY-INV-000369","https://mymaps.usercontent.google.com/hostedimage/m/*/3AE5a_GzedX8d8n0qZHxgmbgqSi79k5C-tNnkC6Q_DsgiWtiZfXgF9X6ii2V2s5RF_748w1Wo0i7bummCuRTJ716eo1LvKR82aIUmbJOuJJgbLFIvSD0dUTuuYSEoNq3A3aNb4DyjNKHbZP5g_afdBJeyMjWHjp-0IyEeZfBMZ-1n5G3QQW40rwtc1zsXFPlvjhYAt6bTtFfm51Seo_stzey-n3iYYOGfQRdmNBK-IcxVpIcam3WBcfYPo7Dm094?authuser=1&fife=s16383","https://mymaps.usercontent.google.com/hostedimage/m/*/3AE5a_GzedX8d8n0qZHxgmbgqSi79k5C-tNnkC6Q_DsgiWtiZfXgF9X6ii2V2s5RF_748w1Wo0i7bummCuRTJ716eo1LvKR82aIUmbJOuJJgbLFIvSD0dUTuuYSEoNq3A3aNb4DyjNKHbZP5g_afdBJeyMjWHjp-0IyEeZfBMZ-1n5G3QQW40rwtc1zsXFPlvjhYAt6bTtFfm51Seo_stzey-n3iYYOGfQRdmNBK-IcxVpIcam3WBcfYPo7Dm094?authuser=1&fife=s16383","true","200","image/png","89 50 4E 47","pending_browser_validation","recovered","/assets/images/investment/investment-LY-INV-000369-02.png"
"investment","فندق توباكتس","369","LY-INV-000369","https://mymaps.usercontent.google.com/hostedimage/m/*/3AE5a_Gy581H9veqPmRJE4O6GCnu4WhUbBfZmUkMBGj0iBgZ31qhf_Ubtbncomc2aj1GpR4Wr0m8a4RoLy7vHsdXWhfQ4kua_3qp-Fz0KRiNSqDv4lltai0lPoipkyVKK6TyVbzsBqLAv5pd0SEfYUcyPOkaQglA4dXhT-LraegO_Qzu-rLkPntBUatVRR-YU89d0U942A6VC_Tr_AkUIyP4_L-jzdsrUeev0I6gmhnVqeTP6ZW1FQGJCI4yyGsQ?authuser=1&fife=s16383","https://mymaps.usercontent.google.com/hostedimage/m/*/3AE5a_Gy581H9veqPmRJE4O6GCnu4WhUbBfZmUkMBGj0iBgZ31qhf_Ubtbncomc2aj1GpR4Wr0m8a4RoLy7vHsdXWhfQ4kua_3qp-Fz0KRiNSqDv4lltai0lPoipkyVKK6TyVbzsBqLAv5pd0SEfYUcyPOkaQglA4dXhT-LraegO_Qzu-rLkPntBUatVRR-YU89d0U942A6VC_Tr_AkUIyP4_L-jzdsrUeev0I6gmhnVqeTP6ZW1FQGJCI4yyGsQ?authuser=1&fife=s16383","true","200","image/png","89 50 4E 47","pending_browser_validation","recovered","/assets/images/investment/investment-LY-INV-000369-03.png"
"investment","فندق توباكتس","369","LY-INV-000369","https://mymaps.usercontent.google.com/hostedimage/m/*/3AE5a_GwyKQG8ttCstLcvkGDMYbztE4k8CqslE7zaLDNnKKdGN67JM1OnM4qABETwby8sO5S0gipXsJACcwGvgLVR6urSSRar94Dv0IohjL79lfT5M7yn6P_2-WeK2b0V2PSWOqhKCh2Jo2p2dkugB-VnPAw-sTfhdlfiyMkRLacvJ_GywpIrzocugsHgmt__rdAZOXzZXZ_kq7gRfbZqmVsWxZj7m3Gazv3QNPvERC3bkL2uhHX9Wc4OJ6p8xoY?authuser=1&fife=s16383","https://mymaps.usercontent.google.com/hostedimage/m/*/3AE5a_GwyKQG8ttCstLcvkGDMYbztE4k8CqslE7zaLDNnKKdGN67JM1OnM4qABETwby8sO5S0gipXsJACcwGvgLVR6urSSRar94Dv0IohjL79lfT5M7yn6P_2-WeK2b0V2PSWOqhKCh2Jo2p2dkugB-VnPAw-sTfhdlfiyMkRLacvJ_GywpIrzocugsHgmt__rdAZOXzZXZ_kq7gRfbZqmVsWxZj7m3Gazv3QNPvERC3bkL2uhHX9Wc4OJ6p8xoY?authuser=1&fife=s16383","true","200","image/png","89 50 4E 47","pending_browser_validation","recovered","/assets/images/investment/investment-LY-INV-000369-04.png"
"investment","فندق توباكتس","369","LY-INV-000369","https://mymaps.usercontent.google.com/hostedimage/m/*/3AE5a_Gx7UuRp7BGVtXIAgQrTPqA00GjphncqLTZ2UCR83t64IkHzD3S99onWQRKiRv01vOQZYXTrf5mTMGK7braF3Ez4455W-H8YKeveN0m4N6pXTjNHWj5z6_Lx6X_7N9ExdThM5bBzslmT6DAkVyxzX1DdL_9Q6ECCD-kd_rWjihq12RkvaQG-kteK_UyFM62j5hPsKN7P1LNQge9r-MdkIh8-SQqJ5wnY_7WOA7YTJv-SA0YInMP5Sic3czc?authuser=1&fife=s16383","https://mymaps.usercontent.google.com/hostedimage/m/*/3AE5a_Gx7UuRp7BGVtXIAgQrTPqA00GjphncqLTZ2UCR83t64IkHzD3S99onWQRKiRv01vOQZYXTrf5mTMGK7braF3Ez4455W-H8YKeveN0m4N6pXTjNHWj5z6_Lx6X_7N9ExdThM5bBzslmT6DAkVyxzX1DdL_9Q6ECCD-kd_rWjihq12RkvaQG-kteK_UyFM62j5hPsKN7P1LNQge9r-MdkIh8-SQqJ5wnY_7WOA7YTJv-SA0YInMP5Sic3czc?authuser=1&fife=s16383","true","200","image/png","89 50 4E 47","pending_browser_validation","recovered","/assets/images/investment/investment-LY-INV-000369-05.png"
"investment","فندق جي دبليو ماريوت","370","LY-INV-000370","https://mymaps.usercontent.google.com/hostedimage/m/*/3AE5a_Gy7NTjY78Mrhk2C-dR9vDqmAnkKMxSUEf9fBiKfMVWehEX1CNoV5k7O2GMxotcSoXJpu1T-oC3PjBmszUzqpC_67EQLaHYAcVer098TaZE-zgAiKyPhB3evLt5ZbfjabMkZiHsx8S0re93Y0Mr9b39liaJqKx47VDXbrmcsnds0_3ofFhGFKGOcyaMHPfihi5mUjr-an0qao1HBLqmO33H62_gX2rqohZvql0I-GbfgSb4Pse208i5AhKk?authuser=1&fife=s16383","https://mymaps.usercontent.google.com/hostedimage/m/*/3AE5a_Gy7NTjY78Mrhk2C-dR9vDqmAnkKMxSUEf9fBiKfMVWehEX1CNoV5k7O2GMxotcSoXJpu1T-oC3PjBmszUzqpC_67EQLaHYAcVer098TaZE-zgAiKyPhB3evLt5ZbfjabMkZiHsx8S0re93Y0Mr9b39liaJqKx47VDXbrmcsnds0_3ofFhGFKGOcyaMHPfihi5mUjr-an0qao1HBLqmO33H62_gX2rqohZvql0I-GbfgSb4Pse208i5AhKk?authuser=1&fife=s16383","true","200","image/png","89 50 4E 47","pending_browser_validation","recovered","/assets/images/investment/investment-LY-INV-000370-01.png"
"investment","فندق جي دبليو ماريوت","370","LY-INV-000370","https://mymaps.usercontent.google.com/hostedimage/m/*/3AE5a_Gyn3Sno-x0U3DU0i3vGPpOZf2ZAF9JcBfl9IRw0GC_qtoKI7ou0P3lGAcJNAvLmxmm9VhLqv2ZQYgZBjhj6uVCMJ58f1OecU8YTnQjFZWKaOLLEyZizoNVmVJxREmP0EjeKSqTUMe29SvhvAgBr9Xjkrn0zbGlQ3QzbKZ0YBdHqgyhipFcNTjCXgVpV0WTtzRyDGd1SyjNPqGf0ajOwqXJ9UFKLhwNGTQlXLdRLMlgPnziDhMsELmuKHlQ?authuser=1&fife=s16383","https://mymaps.usercontent.google.com/hostedimage/m/*/3AE5a_Gyn3Sno-x0U3DU0i3vGPpOZf2ZAF9JcBfl9IRw0GC_qtoKI7ou0P3lGAcJNAvLmxmm9VhLqv2ZQYgZBjhj6uVCMJ58f1OecU8YTnQjFZWKaOLLEyZizoNVmVJxREmP0EjeKSqTUMe29SvhvAgBr9Xjkrn0zbGlQ3QzbKZ0YBdHqgyhipFcNTjCXgVpV0WTtzRyDGd1SyjNPqGf0ajOwqXJ9UFKLhwNGTQlXLdRLMlgPnziDhMsELmuKHlQ?authuser=1&fife=s16383","true","200","image/png","89 50 4E 47","pending_browser_validation","recovered","/assets/images/investment/investment-LY-INV-000370-02.png"
"investment","فندق جي دبليو ماريوت","370","LY-INV-000370","https://mymaps.usercontent.google.com/hostedimage/m/*/3AE5a_GyhjC6h-RmsGHD669nITPD5h_J9-aU7xDR1lHG2YZSA6oUmJQL2KhL6MUzZPF_v6Dq0UAI5mqeTEAJiBvNCIz4AjHcnlz7OLdoIre0u00XVTMQ00mlosW7ZYwFKVrua6jVgaspIec5LgHmKs47Of2IOMaCgMH65bzIisTJplK_5p60sVlRGfm_WfxlGhnrpceuYo9XpRJn3b9CJUkVzCVEjSNj90P9-aElmUE7WbTuI1I6Tr2cplRGbp5M?authuser=1&fife=s16383","https://mymaps.usercontent.google.com/hostedimage/m/*/3AE5a_GyhjC6h-RmsGHD669nITPD5h_J9-aU7xDR1lHG2YZSA6oUmJQL2KhL6MUzZPF_v6Dq0UAI5mqeTEAJiBvNCIz4AjHcnlz7OLdoIre0u00XVTMQ00mlosW7ZYwFKVrua6jVgaspIec5LgHmKs47Of2IOMaCgMH65bzIisTJplK_5p60sVlRGfm_WfxlGhnrpceuYo9XpRJn3b9CJUkVzCVEjSNj90P9-aElmUE7WbTuI1I6Tr2cplRGbp5M?authuser=1&fife=s16383","true","200","image/png","89 50 4E 47","pending_browser_validation","recovered","/assets/images/investment/investment-LY-INV-000370-03.png"
"investment","فندق جي دبليو ماريوت","370","LY-INV-000370","https://mymaps.usercontent.google.com/hostedimage/m/*/3AE5a_GzMeJIzj3FUXdwr49p-TVF3CjbZaZH0Vg6EGdkCtc_QO-Yoh4Ju-0KFtxVIXitr7tRErFjwsA60kBpn9KVt8CMR9G4x5sppYyS1Nh1pi_LcWfdmYm9H2P1U-0iQ0VcleGGjK5j0BdJ6nqAcLOuUGJA-BhJSW9jFSq8L4pvdyxosOmGNwNT9Mx-cZSMPIATCbXWx4HhfTfeQVJbqJit8QXYnuuLryenBEJ8ECyGCwd_HWRqQLz9Ggi3rTKE?authuser=1&fife=s16383","https://mymaps.usercontent.google.com/hostedimage/m/*/3AE5a_GzMeJIzj3FUXdwr49p-TVF3CjbZaZH0Vg6EGdkCtc_QO-Yoh4Ju-0KFtxVIXitr7tRErFjwsA60kBpn9KVt8CMR9G4x5sppYyS1Nh1pi_LcWfdmYm9H2P1U-0iQ0VcleGGjK5j0BdJ6nqAcLOuUGJA-BhJSW9jFSq8L4pvdyxosOmGNwNT9Mx-cZSMPIATCbXWx4HhfTfeQVJbqJit8QXYnuuLryenBEJ8ECyGCwd_HWRqQLz9Ggi3rTKE?authuser=1&fife=s16383","true","200","image/png","89 50 4E 47","pending_browser_validation","recovered","/assets/images/investment/investment-LY-INV-000370-04.png"
"investment","فندق جي دبليو ماريوت","370","LY-INV-000370","https://mymaps.usercontent.google.com/hostedimage/m/*/3AE5a_GxorsJErMCdRpuKEIIpJ8vXqFLk030gBIN7F6vFWv57sDqjFDsG2UPZ6IDTAIXJbUmY3bZedZaXIXKJicA6KyJ6TuLClO93sU5ssDrPV3ZpNx2YnrD_BR--Thg4TzTBWw0NktFS3hE5_HmQuujLKGmvnmlGcqyWJk6aVR__1eanXmVKc9Fe5cnhSSAlALhYnv_0Bjao1Pk148_Idpgl80Cv1beIeV2it5CbPMt-tPZ76qop2hIV8hZJmXE?authuser=1&fife=s16383","https://mymaps.usercontent.google.com/hostedimage/m/*/3AE5a_GxorsJErMCdRpuKEIIpJ8vXqFLk030gBIN7F6vFWv57sDqjFDsG2UPZ6IDTAIXJbUmY3bZedZaXIXKJicA6KyJ6TuLClO93sU5ssDrPV3ZpNx2YnrD_BR--Thg4TzTBWw0NktFS3hE5_HmQuujLKGmvnmlGcqyWJk6aVR__1eanXmVKc9Fe5cnhSSAlALhYnv_0Bjao1Pk148_Idpgl80Cv1beIeV2it5CbPMt-tPZ76qop2hIV8hZJmXE?authuser=1&fife=s16383","true","200","image/png","89 50 4E 47","pending_browser_validation","recovered","/assets/images/investment/investment-LY-INV-000370-05.png"
"investment","فندق دار غدامس","371","LY-INV-000371","https://mymaps.usercontent.google.com/hostedimage/m/*/3AE5a_GzU7SeMpIM94BYwP8nsmgqCaWesINxkC27Xua72e6tIyJgRZAESi3fnvSVI2uwZsK6CYfuemYigskGF1XTPkrCKSlNo4-BYWXXbpm86cdXUxuAdMUskj1KUxkNpZkKNjQbEgIxOzQocBCs5EW3SGnQCQ6ERuvRcNf1J-dIF7rKzTvWijA2fvYJgqwp1znB5rBM8bTZ2qnErqMyaSBkSNqncwq8lTa-iFQNCJSRGdPpH9Y3DZ5q8orTZquk?authuser=1&fife=s16383","https://mymaps.usercontent.google.com/hostedimage/m/*/3AE5a_GzU7SeMpIM94BYwP8nsmgqCaWesINxkC27Xua72e6tIyJgRZAESi3fnvSVI2uwZsK6CYfuemYigskGF1XTPkrCKSlNo4-BYWXXbpm86cdXUxuAdMUskj1KUxkNpZkKNjQbEgIxOzQocBCs5EW3SGnQCQ6ERuvRcNf1J-dIF7rKzTvWijA2fvYJgqwp1znB5rBM8bTZ2qnErqMyaSBkSNqncwq8lTa-iFQNCJSRGdPpH9Y3DZ5q8orTZquk?authuser=1&fife=s16383","true","200","image/png","89 50 4E 47","pending_browser_validation","recovered","/assets/images/investment/investment-LY-INV-000371-01.png"
"investment","فندق دار غدامس","371","LY-INV-000371","https://mymaps.usercontent.google.com/hostedimage/m/*/3AE5a_Gzr7NbjUEsdBYbVlHDkMhKY2liGPfvJQHmhrpliR3Kl0o9xGmnggr-1dtztvYnH3aT5zugW7-qGNaaG9KY2F1kWC8y2sqSksxCMNpNvRVz8xBi54mx_dcRqOzQdXjjwjf7JHUclYy8VHCZLbEZLVe-m-lEm_8ORF78BwGJd6073l6e7criT9QtLl03LONr6iDS9UuVGDvVj48_16r2EiQvuqfnL7N0Wy2pCw4KinC69A218NTQiKHJzROs?authuser=1&fife=s16383","https://mymaps.usercontent.google.com/hostedimage/m/*/3AE5a_Gzr7NbjUEsdBYbVlHDkMhKY2liGPfvJQHmhrpliR3Kl0o9xGmnggr-1dtztvYnH3aT5zugW7-qGNaaG9KY2F1kWC8y2sqSksxCMNpNvRVz8xBi54mx_dcRqOzQdXjjwjf7JHUclYy8VHCZLbEZLVe-m-lEm_8ORF78BwGJd6073l6e7criT9QtLl03LONr6iDS9UuVGDvVj48_16r2EiQvuqfnL7N0Wy2pCw4KinC69A218NTQiKHJzROs?authuser=1&fife=s16383","true","200","image/png","89 50 4E 47","pending_browser_validation","recovered","/assets/images/investment/investment-LY-INV-000371-02.png"
"investment","فندق دار غدامس","371","LY-INV-000371","https://mymaps.usercontent.google.com/hostedimage/m/*/3AE5a_Gwrmc20ytl8v664btKNjNfO6RQKzvfMxDh2QbjrdnWW5hrTdEGW4Z_RqpUEI6ncMhlzu4oDmQsSy2CRdr41CHaYgc7-G_EYScE4z1TsrI4cYSBQqSsE5hEGWhKut7kfeIEs5eTwXbSXxldrE0TG-zmbmrM9cUgZKprToBnuBdIcXTIVGA4TVUdGNtEXnDfkxKxj0RfEVjtkHVL1BaS9r1n_hXV_qViczJMVv-P-kLemwVKRUZdc3nxcU0M?authuser=1&fife=s16383","https://mymaps.usercontent.google.com/hostedimage/m/*/3AE5a_Gwrmc20ytl8v664btKNjNfO6RQKzvfMxDh2QbjrdnWW5hrTdEGW4Z_RqpUEI6ncMhlzu4oDmQsSy2CRdr41CHaYgc7-G_EYScE4z1TsrI4cYSBQqSsE5hEGWhKut7kfeIEs5eTwXbSXxldrE0TG-zmbmrM9cUgZKprToBnuBdIcXTIVGA4TVUdGNtEXnDfkxKxj0RfEVjtkHVL1BaS9r1n_hXV_qViczJMVv-P-kLemwVKRUZdc3nxcU0M?authuser=1&fife=s16383","true","200","image/png","89 50 4E 47","pending_browser_validation","recovered","/assets/images/investment/investment-LY-INV-000371-03.png"
"investment","فندق دار غدامس","371","LY-INV-000371","https://mymaps.usercontent.google.com/hostedimage/m/*/3AE5a_GwvKK2qa88berecIzoIO16q0pzKApc_il0NBD_KU7DeaikEJxpGTl43bzXr4x5ZsLhYmNZWctT5oFk2u4gJE6g1QkxvsACEREsuhRd3DiWC8Myg_ojKxctyuvcWRX02GAoCJAGjMUfNN1vSCLn21WM6-NFlH0IDSjEEl5yYy2tNkM73zXADThs2qJKuHZOKO-6rFMTAowqTZEU5IKt6-qFrlHmGJTPjsn8DXndx8KlW4TwIvUezOFmvLds?authuser=1&fife=s16383","https://mymaps.usercontent.google.com/hostedimage/m/*/3AE5a_GwvKK2qa88berecIzoIO16q0pzKApc_il0NBD_KU7DeaikEJxpGTl43bzXr4x5ZsLhYmNZWctT5oFk2u4gJE6g1QkxvsACEREsuhRd3DiWC8Myg_ojKxctyuvcWRX02GAoCJAGjMUfNN1vSCLn21WM6-NFlH0IDSjEEl5yYy2tNkM73zXADThs2qJKuHZOKO-6rFMTAowqTZEU5IKt6-qFrlHmGJTPjsn8DXndx8KlW4TwIvUezOFmvLds?authuser=1&fife=s16383","true","200","image/png","89 50 4E 47","pending_browser_validation","recovered","/assets/images/investment/investment-LY-INV-000371-04.png"
"investment","فندق دار غدامس","371","LY-INV-000371","https://mymaps.usercontent.google.com/hostedimage/m/*/3AE5a_GzY9MbPuii-Q2NJZtbqa6yxSxq9I02IU-JBhrum7_QopaukFyvSJ2XU3lHlpf-DLudKByJ1TgPhywfjhh0be30OhAZay2gPztriYY8n1ujAejlzu7OCOAKdsv2cbAMNOJgSLDPBBoisGKvPOiu5CfV4Ur3MseUGpaLvijHgl4OH__CJ-kvVhKPa-hKcItujCw2iwOZT0Ni3KfOSwE1WWshl4JKx1YG3DxkM5AaI24Yf_m0gXiqwrXxN648?authuser=1&fife=s16383","https://mymaps.usercontent.google.com/hostedimage/m/*/3AE5a_GzY9MbPuii-Q2NJZtbqa6yxSxq9I02IU-JBhrum7_QopaukFyvSJ2XU3lHlpf-DLudKByJ1TgPhywfjhh0be30OhAZay2gPztriYY8n1ujAejlzu7OCOAKdsv2cbAMNOJgSLDPBBoisGKvPOiu5CfV4Ur3MseUGpaLvijHgl4OH__CJ-kvVhKPa-hKcItujCw2iwOZT0Ni3KfOSwE1WWshl4JKx1YG3DxkM5AaI24Yf_m0gXiqwrXxN648?authuser=1&fife=s16383","true","200","image/png","89 50 4E 47","pending_browser_validation","recovered","/assets/images/investment/investment-LY-INV-000371-05.png"
"investment","فندق ديار الهناء","372","LY-INV-000372","https://mymaps.usercontent.google.com/hostedimage/m/*/3AE5a_GzN_h2Xdm3ib6Hkq8qnbatYNQiJfRn-OuPc6zhTjPDuJcQffGdU-Uk5mN682lIh--AoJoIqCS2IjIoOk7hvFDn_7hp1Pz-vsDF2t4HTgPHZWYeXYM9lgE95u-d4Scoa3r99ZxtyJcd0kF3nwCT__GsOIabT75d3I3ntz8FpArCuarn6-uR02udNNwfNupvNHhEsGsONsqBi8vBlIaoaveOzFohB686TJiObya213_KoU-uoXHrMiiyuwqM?authuser=1&fife=s16383","https://mymaps.usercontent.google.com/hostedimage/m/*/3AE5a_GzN_h2Xdm3ib6Hkq8qnbatYNQiJfRn-OuPc6zhTjPDuJcQffGdU-Uk5mN682lIh--AoJoIqCS2IjIoOk7hvFDn_7hp1Pz-vsDF2t4HTgPHZWYeXYM9lgE95u-d4Scoa3r99ZxtyJcd0kF3nwCT__GsOIabT75d3I3ntz8FpArCuarn6-uR02udNNwfNupvNHhEsGsONsqBi8vBlIaoaveOzFohB686TJiObya213_KoU-uoXHrMiiyuwqM?authuser=1&fife=s16383","true","200","image/png","89 50 4E 47","pending_browser_validation","recovered","/assets/images/investment/investment-LY-INV-000372-01.png"
"investment","فندق ديار الهناء","372","LY-INV-000372","https://mymaps.usercontent.google.com/hostedimage/m/*/3AE5a_Gyqg5YN-gEBzim1PvCdha0BV_ehjrQHj_kWQyD8a4VMWtnL4CCKtjjqoVbvr1sPinNBDRHuEeE7vf4xJxY4-ylTEw62vAZRaxGoyr9oqLyMWIubFrRejazFIepFP4xKk_OPxLWPZl05_T_3K2oG1aGCRapOKylrphBvv1NyKCGcQakCY6amlSmoiQ5cCYYPUGXGIQXParX8NKRhxStzmAKxtKFw8gpJe08o6JZNCvuWa_kKp8TlahTAaJY?authuser=1&fife=s16383","https://mymaps.usercontent.google.com/hostedimage/m/*/3AE5a_Gyqg5YN-gEBzim1PvCdha0BV_ehjrQHj_kWQyD8a4VMWtnL4CCKtjjqoVbvr1sPinNBDRHuEeE7vf4xJxY4-ylTEw62vAZRaxGoyr9oqLyMWIubFrRejazFIepFP4xKk_OPxLWPZl05_T_3K2oG1aGCRapOKylrphBvv1NyKCGcQakCY6amlSmoiQ5cCYYPUGXGIQXParX8NKRhxStzmAKxtKFw8gpJe08o6JZNCvuWa_kKp8TlahTAaJY?authuser=1&fife=s16383","true","200","image/png","89 50 4E 47","pending_browser_validation","recovered","/assets/images/investment/investment-LY-INV-000372-02.png"
"investment","فندق ديار الهناء","372","LY-INV-000372","https://mymaps.usercontent.google.com/hostedimage/m/*/3AE5a_GzrS81JZJhKmczNwgo_4WyQGCbkapZ5IuApVMTQAkSDumy-VDUqbvovK35KUwnSJYTosvkMiUB370DtZBwGvXfrKerVPT-miw1RqXzcq7i-_JnvTMSyVfgJXndC4UcZhT5UiLEhB6zQ0O6aSjd3yRdBeF_1gOznWWKq-t3IrZ2-2E1q3nyHIXXhMoZvF37G9lqGIPFZoG0QRrZICcYB09ESOYuzi4a8PZlTrcDk4UM30fXMQh-X3I0A4tU?authuser=1&fife=s16383","https://mymaps.usercontent.google.com/hostedimage/m/*/3AE5a_GzrS81JZJhKmczNwgo_4WyQGCbkapZ5IuApVMTQAkSDumy-VDUqbvovK35KUwnSJYTosvkMiUB370DtZBwGvXfrKerVPT-miw1RqXzcq7i-_JnvTMSyVfgJXndC4UcZhT5UiLEhB6zQ0O6aSjd3yRdBeF_1gOznWWKq-t3IrZ2-2E1q3nyHIXXhMoZvF37G9lqGIPFZoG0QRrZICcYB09ESOYuzi4a8PZlTrcDk4UM30fXMQh-X3I0A4tU?authuser=1&fife=s16383","true","200","image/png","89 50 4E 47","pending_browser_validation","recovered","/assets/images/investment/investment-LY-INV-000372-03.png"
"investment","فندق ديار الهناء","372","LY-INV-000372","https://mymaps.usercontent.google.com/hostedimage/m/*/3AE5a_GydKtTXBLAQnORr7fFoxWRFrU5lSXn09m9RivuyASsadH4cedivAey_KAWXvjR_pZF5f7185FASpGdcc5l06KfJgFZ7dZ6siVRGLcMe-FdNsxeTkQjSe6e3LFs7fRyMF-QHYmcCL0CbG5vd6KRniA5qZnJLV2guwSMRBaux2CRzOlWUGkgd9pN4wRgtHhhA42ohFgtVbDHLimhwnhlOsnHpXHvPsX-PVX8XO1ojU3e2GH53x4Wyplu3aNs?authuser=1&fife=s16383","https://mymaps.usercontent.google.com/hostedimage/m/*/3AE5a_GydKtTXBLAQnORr7fFoxWRFrU5lSXn09m9RivuyASsadH4cedivAey_KAWXvjR_pZF5f7185FASpGdcc5l06KfJgFZ7dZ6siVRGLcMe-FdNsxeTkQjSe6e3LFs7fRyMF-QHYmcCL0CbG5vd6KRniA5qZnJLV2guwSMRBaux2CRzOlWUGkgd9pN4wRgtHhhA42ohFgtVbDHLimhwnhlOsnHpXHvPsX-PVX8XO1ojU3e2GH53x4Wyplu3aNs?authuser=1&fife=s16383","true","200","image/png","89 50 4E 47","pending_browser_validation","recovered","/assets/images/investment/investment-LY-INV-000372-04.png"
"investment","فندق ليبوس","373","LY-INV-000373","https://mymaps.usercontent.google.com/hostedimage/m/*/3AE5a_GxvWtexLTKEXAdjF0xhxrwBT-1lnqARNJsxFCyt_g2C-8YLtIFY972Jvg7kNGuCTx6dxJY-yUpy2SoYanC-1AEUMt-uFYxcFGTOdjJ0WDi_dID_3mb3Ue-iBTGTIKJB0k4U0-TFXHWWszdbp7QkOOxvuAyccBy7FDeJbD8UD7x_hP_bsmif4PuP-Sgsik4YAMdU9-NXC7H04A75xuHKsBqENTtLUJqPdQR-2T69bFwvBQVg6pqx6aI7Jrk?authuser=1&fife=s16383","https://mymaps.usercontent.google.com/hostedimage/m/*/3AE5a_GxvWtexLTKEXAdjF0xhxrwBT-1lnqARNJsxFCyt_g2C-8YLtIFY972Jvg7kNGuCTx6dxJY-yUpy2SoYanC-1AEUMt-uFYxcFGTOdjJ0WDi_dID_3mb3Ue-iBTGTIKJB0k4U0-TFXHWWszdbp7QkOOxvuAyccBy7FDeJbD8UD7x_hP_bsmif4PuP-Sgsik4YAMdU9-NXC7H04A75xuHKsBqENTtLUJqPdQR-2T69bFwvBQVg6pqx6aI7Jrk?authuser=1&fife=s16383","true","200","image/png","89 50 4E 47","pending_browser_validation","recovered","/assets/images/investment/investment-LY-INV-000373-01.png"
"investment","فندق ليبوس","373","LY-INV-000373","https://mymaps.usercontent.google.com/hostedimage/m/*/3AE5a_GyXdyakJDmKtFoAlvuRKINr_aagHLRFr7yl1bnnFl2i6j3dspxJx0RQG1y6Xn57-E-Y8pdaMyXdmNlmETjRLuoOIySoA2ef1PPzprj2dHLmqEirh2mFcqlPPEDT5Yt0RMakrauMT46J6jDx_GhrBS_xaGlYjDDkmJOWKFszDiDh6NPmP1V5vgW7fiH3yhUAF8xBulS7Q_vkZfsSWCE3UeQSOY2iTllAMmHZEhoUksF3_j0iFSaJo9NxPqU?authuser=1&fife=s16383","https://mymaps.usercontent.google.com/hostedimage/m/*/3AE5a_GyXdyakJDmKtFoAlvuRKINr_aagHLRFr7yl1bnnFl2i6j3dspxJx0RQG1y6Xn57-E-Y8pdaMyXdmNlmETjRLuoOIySoA2ef1PPzprj2dHLmqEirh2mFcqlPPEDT5Yt0RMakrauMT46J6jDx_GhrBS_xaGlYjDDkmJOWKFszDiDh6NPmP1V5vgW7fiH3yhUAF8xBulS7Q_vkZfsSWCE3UeQSOY2iTllAMmHZEhoUksF3_j0iFSaJo9NxPqU?authuser=1&fife=s16383","true","200","image/png","89 50 4E 47","pending_browser_validation","recovered","/assets/images/investment/investment-LY-INV-000373-02.png"
"investment","فندق ليبوس","373","LY-INV-000373","https://mymaps.usercontent.google.com/hostedimage/m/*/3AE5a_Gxdi3NoJAIvZE_i69_dmu_cp7BV6NBA0BYaK5Tk9vdk2NXAewH2njE4xa3FRVsQ-4IiREhXm9ytFSdTDISGvek4VNQQWNeJPzX0jCRSM1Dse0HMIPOcsoCPj1pAiypRwXPM-eYuQEYJgO-TQmkzWr2EwARSWIudYRvSUZ667m47bBYtMyh23R6LvEDzxMWrJe1HtytojZ9J0hnSkS7d3YkUlD1rwvA5P25PQcrerlLoRZYHew5OrVY6xPU?authuser=1&fife=s16383","https://mymaps.usercontent.google.com/hostedimage/m/*/3AE5a_Gxdi3NoJAIvZE_i69_dmu_cp7BV6NBA0BYaK5Tk9vdk2NXAewH2njE4xa3FRVsQ-4IiREhXm9ytFSdTDISGvek4VNQQWNeJPzX0jCRSM1Dse0HMIPOcsoCPj1pAiypRwXPM-eYuQEYJgO-TQmkzWr2EwARSWIudYRvSUZ667m47bBYtMyh23R6LvEDzxMWrJe1HtytojZ9J0hnSkS7d3YkUlD1rwvA5P25PQcrerlLoRZYHew5OrVY6xPU?authuser=1&fife=s16383","true","200","image/png","89 50 4E 47","pending_browser_validation","recovered","/assets/images/investment/investment-LY-INV-000373-03.png"
"investment","فندق ريكسوس","374","LY-INV-000374","https://mymaps.usercontent.google.com/hostedimage/m/*/3AE5a_Gz6RVvTEnd3jruHfmw3b3XVFN0FjNYjQBD_xGic9hNf1AuwwzDQnKIQZ9llgw9QHwRdZ9iAR9Rp6HO1p-_nwX6KUQEzTKXtOzXBw66YhStnUFrHpAeYswgxEX7rwQXo6uj_sQBBw9EMD-oaFUsr-hPkfXej1Q0aCrNpLYvmV_dZDLiQQyzP6WV9OhxlgXPZpSwtYY6sCZDAKWnyovQ8ie6D85o-xVl5aRGwFJlv6hQ525Ma77eDoYWzwnQ?authuser=1&fife=s16383","https://mymaps.usercontent.google.com/hostedimage/m/*/3AE5a_Gz6RVvTEnd3jruHfmw3b3XVFN0FjNYjQBD_xGic9hNf1AuwwzDQnKIQZ9llgw9QHwRdZ9iAR9Rp6HO1p-_nwX6KUQEzTKXtOzXBw66YhStnUFrHpAeYswgxEX7rwQXo6uj_sQBBw9EMD-oaFUsr-hPkfXej1Q0aCrNpLYvmV_dZDLiQQyzP6WV9OhxlgXPZpSwtYY6sCZDAKWnyovQ8ie6D85o-xVl5aRGwFJlv6hQ525Ma77eDoYWzwnQ?authuser=1&fife=s16383","true","200","image/png","89 50 4E 47","pending_browser_validation","recovered","/assets/images/investment/investment-LY-INV-000374-01.png"
"investment","فندق ريكسوس","374","LY-INV-000374","https://mymaps.usercontent.google.com/hostedimage/m/*/3AE5a_GwCHuKtgX24b0yDDl-2iwU5BKXX7VVT_Zvw3TjNdiC80-tf00l1SjxZbx4FrA1MNek9R7N-cFsvTvgFjNHJbPdLNpvIaOf07lBmWjwPFMpFi16ZZyN9dDhYZTb9DZELWxtr1s2rOYhZ-U4yPezBhje_1hIbUqMkSoQe6kn76VeFXy_8mOFcdeNtg-y0UrA_ddY1fDLYx6vin4Gc7_zbko75jhmRf4fFvX4oeWa7aesXT2Vd6v1vru-IRt0?authuser=1&fife=s16383","https://mymaps.usercontent.google.com/hostedimage/m/*/3AE5a_GwCHuKtgX24b0yDDl-2iwU5BKXX7VVT_Zvw3TjNdiC80-tf00l1SjxZbx4FrA1MNek9R7N-cFsvTvgFjNHJbPdLNpvIaOf07lBmWjwPFMpFi16ZZyN9dDhYZTb9DZELWxtr1s2rOYhZ-U4yPezBhje_1hIbUqMkSoQe6kn76VeFXy_8mOFcdeNtg-y0UrA_ddY1fDLYx6vin4Gc7_zbko75jhmRf4fFvX4oeWa7aesXT2Vd6v1vru-IRt0?authuser=1&fife=s16383","true","200","image/png","89 50 4E 47","pending_browser_validation","recovered","/assets/images/investment/investment-LY-INV-000374-02.png"
"investment","فندق ريكسوس","374","LY-INV-000374","https://mymaps.usercontent.google.com/hostedimage/m/*/3AE5a_GxdaeADgg_1mVZ5Rl57sStmeYUB45zHfWW0M6XrwKwWHSIlymA2NNBxcq79-hGtlk5nTD7wA6eNWpO4TouR96uuI7RaQiz_Y0E3m5QYS_K9LGgEWn97QL5byO8YsZB0eARcOOXi-FXSXb1tduyHXLlfNR-Z51PKN7EBScOiRg8gSHXNLSt1SF4VmHZbOInRtlJTdd8jztBTO5rmfGEJjl4hoSJa-TkT-b8CMNWWxVN4lHmw-k9Me1ePehE?authuser=1&fife=s16383","https://mymaps.usercontent.google.com/hostedimage/m/*/3AE5a_GxdaeADgg_1mVZ5Rl57sStmeYUB45zHfWW0M6XrwKwWHSIlymA2NNBxcq79-hGtlk5nTD7wA6eNWpO4TouR96uuI7RaQiz_Y0E3m5QYS_K9LGgEWn97QL5byO8YsZB0eARcOOXi-FXSXb1tduyHXLlfNR-Z51PKN7EBScOiRg8gSHXNLSt1SF4VmHZbOInRtlJTdd8jztBTO5rmfGEJjl4hoSJa-TkT-b8CMNWWxVN4lHmw-k9Me1ePehE?authuser=1&fife=s16383","true","200","image/png","89 50 4E 47","pending_browser_validation","recovered","/assets/images/investment/investment-LY-INV-000374-03.png"
"investment","فندق ريكسوس","374","LY-INV-000374","https://mymaps.usercontent.google.com/hostedimage/m/*/3AE5a_Gw2SOCB9L0d3ykmA9HOtbEA26EgjUK5YlTOJdSacqM8g6JeahN1SR-j6gw1gAxTXWsmIJ5KdOB-7T7L-K8ho3QtTOpn6xzsffEIfmI17LJN2fl4jUC5l2lvKelq1bMpEugWtP6SlFWRpDsLwtP48Oa21rzwff6JcZNOX7PPodbF294FkJAV2lJn1dmSI_Y_liTVI2Bu6YfNvxclZK5hLEgBCfMsDdwiL3MiOP4SxtuxOGomG3A2bdM2zOs?authuser=1&fife=s16383","https://mymaps.usercontent.google.com/hostedimage/m/*/3AE5a_Gw2SOCB9L0d3ykmA9HOtbEA26EgjUK5YlTOJdSacqM8g6JeahN1SR-j6gw1gAxTXWsmIJ5KdOB-7T7L-K8ho3QtTOpn6xzsffEIfmI17LJN2fl4jUC5l2lvKelq1bMpEugWtP6SlFWRpDsLwtP48Oa21rzwff6JcZNOX7PPodbF294FkJAV2lJn1dmSI_Y_liTVI2Bu6YfNvxclZK5hLEgBCfMsDdwiL3MiOP4SxtuxOGomG3A2bdM2zOs?authuser=1&fife=s16383","true","200","image/png","89 50 4E 47","pending_browser_validation","recovered","/assets/images/investment/investment-LY-INV-000374-04.png"
"investment","فندق ريكسوس","374","LY-INV-000374","https://mymaps.usercontent.google.com/hostedimage/m/*/3AE5a_GwWcDrrcOhPTYZGU9Y5Q7wI8ySKgljno_Iv5OzlKiD-_mTVpCYppzloF8ln4sQNhSQOKRmmhw3W4mQ_PVRvIYovs58NPk_yX3u2DMy5ZcqJ-oGAcfstStg1x5PI8T7qt6VahPlJ5zqKwUQRYyfjE8I-6a_Ml1aZ2d1pMOPrQ3LvceDfQRMMiE1mfDvsVkUaytJpG5S1w7B2bQ5ABo5nPsjr-_igmnrhVu8y_95XeyYzRDwCj9s0wbWLv0k?authuser=1&fife=s16383","https://mymaps.usercontent.google.com/hostedimage/m/*/3AE5a_GwWcDrrcOhPTYZGU9Y5Q7wI8ySKgljno_Iv5OzlKiD-_mTVpCYppzloF8ln4sQNhSQOKRmmhw3W4mQ_PVRvIYovs58NPk_yX3u2DMy5ZcqJ-oGAcfstStg1x5PI8T7qt6VahPlJ5zqKwUQRYyfjE8I-6a_Ml1aZ2d1pMOPrQ3LvceDfQRMMiE1mfDvsVkUaytJpG5S1w7B2bQ5ABo5nPsjr-_igmnrhVu8y_95XeyYzRDwCj9s0wbWLv0k?authuser=1&fife=s16383","true","200","image/png","89 50 4E 47","pending_browser_validation","recovered","/assets/images/investment/investment-LY-INV-000374-05.png"
"investment","فندق زليتن","375","LY-INV-000375","https://mymaps.usercontent.google.com/hostedimage/m/*/3AE5a_GwnzlHTNQNrnDVUZsL36W3X8ekVDVOXEy0_sPC5hXMTkiGPSZ8k-RjKxyskRr4VOdD5UQkR2ugyP6eOr0VQ7Ge26jyFAO2xuB2Vl7mWAqVp6sukji_f4TkQsaUxpnAilSJElVNNBNQlMN2ADKfFzOiBP1xbsFJ8qlem1SGlqUSX5S93JANWJQp1zTisAW_HU3IABPt6oLKTv6k2--4BJCL4QkDII6gwK2ohr480kIZKX6zh7YbfjTJ6H1w?authuser=1&fife=s16383","https://mymaps.usercontent.google.com/hostedimage/m/*/3AE5a_GwnzlHTNQNrnDVUZsL36W3X8ekVDVOXEy0_sPC5hXMTkiGPSZ8k-RjKxyskRr4VOdD5UQkR2ugyP6eOr0VQ7Ge26jyFAO2xuB2Vl7mWAqVp6sukji_f4TkQsaUxpnAilSJElVNNBNQlMN2ADKfFzOiBP1xbsFJ8qlem1SGlqUSX5S93JANWJQp1zTisAW_HU3IABPt6oLKTv6k2--4BJCL4QkDII6gwK2ohr480kIZKX6zh7YbfjTJ6H1w?authuser=1&fife=s16383","true","200","image/png","89 50 4E 47","pending_browser_validation","recovered","/assets/images/investment/investment-LY-INV-000375-01.png"
"investment","فندق زليتن","375","LY-INV-000375","https://mymaps.usercontent.google.com/hostedimage/m/*/3AE5a_GwG10hpLmaUdoeIj4fxphZNARiQTrPo31VQQfWduyQWv8dIreobIsgZNQQmA-sXNy8fc_IeMeCEfJiD1lHwAb3PU92bRAfQzokS8Jh0zt_Enyt7viEC7pYx5i8XZEPAO9YLdJR8QoGX65IGdhss2jwuqsd8M02I8oy1m0a6cooVt3z5C83jvlCXFMxBUIO8QIa2SFFYr7utq7-8WApuQokqpnV2A1mVaJ743WHigrAS_Cnh4GobjKen3kM?authuser=1&fife=s16383","https://mymaps.usercontent.google.com/hostedimage/m/*/3AE5a_GwG10hpLmaUdoeIj4fxphZNARiQTrPo31VQQfWduyQWv8dIreobIsgZNQQmA-sXNy8fc_IeMeCEfJiD1lHwAb3PU92bRAfQzokS8Jh0zt_Enyt7viEC7pYx5i8XZEPAO9YLdJR8QoGX65IGdhss2jwuqsd8M02I8oy1m0a6cooVt3z5C83jvlCXFMxBUIO8QIa2SFFYr7utq7-8WApuQokqpnV2A1mVaJ743WHigrAS_Cnh4GobjKen3kM?authuser=1&fife=s16383","true","200","image/png","89 50 4E 47","pending_browser_validation","recovered","/assets/images/investment/investment-LY-INV-000375-02.png"
"investment","فندق زليتن","375","LY-INV-000375","https://mymaps.usercontent.google.com/hostedimage/m/*/3AE5a_GwyZfDHypN1c540xde4sRRSRw7y0S1_jHSuXU8m-gi_3GcbnBUXJ_-ibT_dso8ux4-czmVSWCrowJ2jN58g9FG0v8gieZs2u_QbR4HCVgwfzQ5QqjBfRv4Gr4V-e8De2IkFptZy22kmJjE5Y-nAQD5ZoUIGbv9FzZi9xolgeMU6A0uuS5O24w7GN32CbmOrReh7gVn9_fZnTQ_cXPgDYyxFtyZtUKNw7pzEl3ZeRLWlJs-TrNu86MVoJ3o?authuser=1&fife=s16383","https://mymaps.usercontent.google.com/hostedimage/m/*/3AE5a_GwyZfDHypN1c540xde4sRRSRw7y0S1_jHSuXU8m-gi_3GcbnBUXJ_-ibT_dso8ux4-czmVSWCrowJ2jN58g9FG0v8gieZs2u_QbR4HCVgwfzQ5QqjBfRv4Gr4V-e8De2IkFptZy22kmJjE5Y-nAQD5ZoUIGbv9FzZi9xolgeMU6A0uuS5O24w7GN32CbmOrReh7gVn9_fZnTQ_cXPgDYyxFtyZtUKNw7pzEl3ZeRLWlJs-TrNu86MVoJ3o?authuser=1&fife=s16383","true","200","image/png","89 50 4E 47","pending_browser_validation","recovered","/assets/images/investment/investment-LY-INV-000375-03.png"
"investment","فندق زميت","376","LY-INV-000376","https://mymaps.usercontent.google.com/hostedimage/m/*/3AE5a_Gy9ifNA_7IZmB6BP8caBu1kd5TOdsU-dgm2YUiJ_3eYCOLTlTshPJwhlwuQpyOQJ8WWEcwIMr3dKngveYztaMe-Pcp7QxdEjsUahUNl6ppwpq7pCcv5HuEix4qrc7id60M2Zf7lgd8Kq4B6d8uBaoSBCHOCZWJ0Pe8llkJxtfeA3JYcUVK3XfkGBwbP8X2ARBwP3Rr9Kh6RWBAzhIOLkZcz-IpcfFp_5m1Rm-C1UcMaGkVfEj98LZbCqyo?authuser=1&fife=s16383","https://mymaps.usercontent.google.com/hostedimage/m/*/3AE5a_Gy9ifNA_7IZmB6BP8caBu1kd5TOdsU-dgm2YUiJ_3eYCOLTlTshPJwhlwuQpyOQJ8WWEcwIMr3dKngveYztaMe-Pcp7QxdEjsUahUNl6ppwpq7pCcv5HuEix4qrc7id60M2Zf7lgd8Kq4B6d8uBaoSBCHOCZWJ0Pe8llkJxtfeA3JYcUVK3XfkGBwbP8X2ARBwP3Rr9Kh6RWBAzhIOLkZcz-IpcfFp_5m1Rm-C1UcMaGkVfEj98LZbCqyo?authuser=1&fife=s16383","true","200","image/png","89 50 4E 47","pending_browser_validation","recovered","/assets/images/investment/investment-LY-INV-000376-01.png"
"investment","فندق زميت","376","LY-INV-000376","https://mymaps.usercontent.google.com/hostedimage/m/*/3AE5a_GwVjr3Zrlt_jJyMOYHQlJpyw7-oWv7BgoXe2N_w4gwRODVD54LHBml7xOdil3WowbUPVHzjcGHpeNvtXez48Kfo04QnSKO2_HCqyibr9Y4Z7vdRNa1jPdseodDe4_GVwGiuz6n6ah-VD0L47B9X2xKyf30swKsVdITtoO3gGa8Y57Zkq7v3NhsRUf1AsM_7NrH6tEva6uCiBdzE6MvNkqfFdqEVTxJ5CuHTIz7odN409hlwQiWgZ5dBpqM?authuser=1&fife=s16383","https://mymaps.usercontent.google.com/hostedimage/m/*/3AE5a_GwVjr3Zrlt_jJyMOYHQlJpyw7-oWv7BgoXe2N_w4gwRODVD54LHBml7xOdil3WowbUPVHzjcGHpeNvtXez48Kfo04QnSKO2_HCqyibr9Y4Z7vdRNa1jPdseodDe4_GVwGiuz6n6ah-VD0L47B9X2xKyf30swKsVdITtoO3gGa8Y57Zkq7v3NhsRUf1AsM_7NrH6tEva6uCiBdzE6MvNkqfFdqEVTxJ5CuHTIz7odN409hlwQiWgZ5dBpqM?authuser=1&fife=s16383","true","200","image/png","89 50 4E 47","pending_browser_validation","recovered","/assets/images/investment/investment-LY-INV-000376-02.png"
"investment","فندق زميت","376","LY-INV-000376","https://mymaps.usercontent.google.com/hostedimage/m/*/3AE5a_GxbUabV6wiIUUfw7OE3v8jH5WKsVS_sL2uuInJp9qWJo0oiV9K_YRXVviGeVg50tf5mR8M4g9Gs3FsuadtNlVWkxlawiTHxWQ7v8FQv6NTPf13nDSxGSWLHmQtDbQpYUAuCjs92AoRvlJVGA8-17eGRb-d-D0idDjrc9g9-gTwLodfIenOFVdFI9DTPESY_-c3yUXz4-MlxUOyS47T5pUR77zlrZlMnRpo6efSFLiZDe2Wcop9bAknuWTA?authuser=1&fife=s16383","https://mymaps.usercontent.google.com/hostedimage/m/*/3AE5a_GxbUabV6wiIUUfw7OE3v8jH5WKsVS_sL2uuInJp9qWJo0oiV9K_YRXVviGeVg50tf5mR8M4g9Gs3FsuadtNlVWkxlawiTHxWQ7v8FQv6NTPf13nDSxGSWLHmQtDbQpYUAuCjs92AoRvlJVGA8-17eGRb-d-D0idDjrc9g9-gTwLodfIenOFVdFI9DTPESY_-c3yUXz4-MlxUOyS47T5pUR77zlrZlMnRpo6efSFLiZDe2Wcop9bAknuWTA?authuser=1&fife=s16383","true","200","image/png","89 50 4E 47","pending_browser_validation","recovered","/assets/images/investment/investment-LY-INV-000376-03.png"
"investment","فندق زميت","376","LY-INV-000376","https://mymaps.usercontent.google.com/hostedimage/m/*/3AE5a_GwGUcNPGEVw9mvpFQoaTq43dIk7B_joVbJq7uhVvNlpG0I5jK5VXZ4ZZQLNblVaPXkTNcE2AJw1A8Y_r7AnbW1Wmcz2pD0w65J99g96CoRNEyXeTEzxMI1vGyHBYTctOa1XQFhb-9qdf_trY3cierzk4-UgcdPvWxHEF99bcoFDEB8oAcBWiNAUGpXplylwwPG1qXSRLBdtVrjxhGOose4ZdSct0repNqW4UeQR57bpPhbed5J2_aExLT4?authuser=1&fife=s16383","https://mymaps.usercontent.google.com/hostedimage/m/*/3AE5a_GwGUcNPGEVw9mvpFQoaTq43dIk7B_joVbJq7uhVvNlpG0I5jK5VXZ4ZZQLNblVaPXkTNcE2AJw1A8Y_r7AnbW1Wmcz2pD0w65J99g96CoRNEyXeTEzxMI1vGyHBYTctOa1XQFhb-9qdf_trY3cierzk4-UgcdPvWxHEF99bcoFDEB8oAcBWiNAUGpXplylwwPG1qXSRLBdtVrjxhGOose4ZdSct0repNqW4UeQR57bpPhbed5J2_aExLT4?authuser=1&fife=s16383","true","200","image/png","89 50 4E 47","pending_browser_validation","recovered","/assets/images/investment/investment-LY-INV-000376-04.png"
"investment","فندق زميت","376","LY-INV-000376","https://mymaps.usercontent.google.com/hostedimage/m/*/3AE5a_GygfePzj3ftaaKvax7NEteaLtvJqp32IQlzctj7CsP9fHYD1NH9a3eYNFQd1-vU53fQUwH0W07yy1wtzMv4zLMHDuLW5u_PBloQldkHt-3JJQtGtw06pVXnW226LgIXLDgkjvuAe5O2GIiRvzaH84nxa_5-2HuK2bAO_E_0MBJsZEFvp8SGIOc0UFkoOh3g-lbwyFMw5w9H_Zb8todLyGXAbZxclCpKoG9--rJJZjvkmOyrFyQCnuvsYMw?authuser=1&fife=s16383","https://mymaps.usercontent.google.com/hostedimage/m/*/3AE5a_GygfePzj3ftaaKvax7NEteaLtvJqp32IQlzctj7CsP9fHYD1NH9a3eYNFQd1-vU53fQUwH0W07yy1wtzMv4zLMHDuLW5u_PBloQldkHt-3JJQtGtw06pVXnW226LgIXLDgkjvuAe5O2GIiRvzaH84nxa_5-2HuK2bAO_E_0MBJsZEFvp8SGIOc0UFkoOh3g-lbwyFMw5w9H_Zb8todLyGXAbZxclCpKoG9--rJJZjvkmOyrFyQCnuvsYMw?authuser=1&fife=s16383","true","200","image/png","89 50 4E 47","pending_browser_validation","recovered","/assets/images/investment/investment-LY-INV-000376-05.png"
"investment","فندق زميت","376","LY-INV-000376","https://mymaps.usercontent.google.com/hostedimage/m/*/3AE5a_GzxQHzunHOqj4gZ1i8AfWUhpCtR-ae0VGtipBDGDi9qvzlJGn0zMH_QHkhCcL26JZwQe9m_nHNeQhbkpOqZ3vqPVTNgxWOZDmQrLeSjlyPiuhSex6KbPHgVe5DyHaSYzH6krOQuh-ruwHD983zX7-1CNNaU9kX9szvvd7JvF_U4GFBrr0ojj1h5FT4vxus15btUfgm6gJzNHe6yKnRAKDQaqdiHZ1uNsG3LM_-VCXcVh3xbabkDpi9WWv4?authuser=1&fife=s16383","https://mymaps.usercontent.google.com/hostedimage/m/*/3AE5a_GzxQHzunHOqj4gZ1i8AfWUhpCtR-ae0VGtipBDGDi9qvzlJGn0zMH_QHkhCcL26JZwQe9m_nHNeQhbkpOqZ3vqPVTNgxWOZDmQrLeSjlyPiuhSex6KbPHgVe5DyHaSYzH6krOQuh-ruwHD983zX7-1CNNaU9kX9szvvd7JvF_U4GFBrr0ojj1h5FT4vxus15btUfgm6gJzNHe6yKnRAKDQaqdiHZ1uNsG3LM_-VCXcVh3xbabkDpi9WWv4?authuser=1&fife=s16383","true","200","image/png","89 50 4E 47","pending_browser_validation","recovered","/assets/images/investment/investment-LY-INV-000376-06.png"
"investment","فندق زميت","376","LY-INV-000376","https://mymaps.usercontent.google.com/hostedimage/m/*/3AE5a_GzGpuo_U0gKfnOzOKR4Entf3K-SxbUCPukdE_zO1cG-gSgPxbuwrVTTAVRnndxFwg1u9VVzy5HBTVF9NLgPQMaxAg-eK95Xo4qFZHNCFm0YMwWNyPkOL2Y3xvRGxpfxLzfFmO2W8r1vnujDCJQWUDfKRDTjEZc2GSQT7rWEatF7szOKEmMRVkVAkBwj4v5YSAcLT02OkzY6eBrlcnGsBo5V3MTamJHLszjA8NxN5T1BIkAGiYnGTwY1VuA?authuser=1&fife=s16383","https://mymaps.usercontent.google.com/hostedimage/m/*/3AE5a_GzGpuo_U0gKfnOzOKR4Entf3K-SxbUCPukdE_zO1cG-gSgPxbuwrVTTAVRnndxFwg1u9VVzy5HBTVF9NLgPQMaxAg-eK95Xo4qFZHNCFm0YMwWNyPkOL2Y3xvRGxpfxLzfFmO2W8r1vnujDCJQWUDfKRDTjEZc2GSQT7rWEatF7szOKEmMRVkVAkBwj4v5YSAcLT02OkzY6eBrlcnGsBo5V3MTamJHLszjA8NxN5T1BIkAGiYnGTwY1VuA?authuser=1&fife=s16383","true","200","image/png","89 50 4E 47","pending_browser_validation","recovered","/assets/images/investment/investment-LY-INV-000376-07.png"
"investment","فندق زميت","376","LY-INV-000376","https://mymaps.usercontent.google.com/hostedimage/m/*/3AE5a_GwqJs0UOZFUjVwQDiupGtcuj6Z5RI07qcMkjsmG1dZ4M399tUKG7ic7Sgr6GQcmeeYXKtyHbCoO0_Fm7HIvHd4CFafHqUf4KrWFijzHgkKR8dmZdjigfCCTOqpYdCHx9hHRe67_vE7-dDQrhsPeyVT1HUODTb0xHR8S2qog0J0dWkNkgaBbUbHBioP39GjaDQZagV8xY5IGcGxA8gMxtUt1UD8U9NmJ53nu2rEVXfm-jbRFnOD3LN4L6lI?authuser=1&fife=s16383","https://mymaps.usercontent.google.com/hostedimage/m/*/3AE5a_GwqJs0UOZFUjVwQDiupGtcuj6Z5RI07qcMkjsmG1dZ4M399tUKG7ic7Sgr6GQcmeeYXKtyHbCoO0_Fm7HIvHd4CFafHqUf4KrWFijzHgkKR8dmZdjigfCCTOqpYdCHx9hHRe67_vE7-dDQrhsPeyVT1HUODTb0xHR8S2qog0J0dWkNkgaBbUbHBioP39GjaDQZagV8xY5IGcGxA8gMxtUt1UD8U9NmJ53nu2rEVXfm-jbRFnOD3LN4L6lI?authuser=1&fife=s16383","true","200","image/png","89 50 4E 47","pending_browser_validation","recovered","/assets/images/investment/investment-LY-INV-000376-08.png"
"investment","فندق زميت","376","LY-INV-000376","https://mymaps.usercontent.google.com/hostedimage/m/*/3AE5a_GzTtv01JAWkO4xWwHARufUKH1fB5q1oZUikhGCEeKa8IsFITZS-5dbrh9Rr-320j6BN_qx7Bug3M4OITIWHF-kjzWdCUR1PeQSZnhKDHOGrE_hxmCTvNOO7NxyQedvM6UrNsR7oEa_8A6qEcD9eojy5nl_Lqy7hBVrT-jlyOhvH-BrOPek8tiw-dJKFWZAfjWcLnzKCMil8BoIe2JCxg6auKZtVkV0dnXR70Bz9vB0e5xXnwgLFaA2gw0U?authuser=1&fife=s16383","https://mymaps.usercontent.google.com/hostedimage/m/*/3AE5a_GzTtv01JAWkO4xWwHARufUKH1fB5q1oZUikhGCEeKa8IsFITZS-5dbrh9Rr-320j6BN_qx7Bug3M4OITIWHF-kjzWdCUR1PeQSZnhKDHOGrE_hxmCTvNOO7NxyQedvM6UrNsR7oEa_8A6qEcD9eojy5nl_Lqy7hBVrT-jlyOhvH-BrOPek8tiw-dJKFWZAfjWcLnzKCMil8BoIe2JCxg6auKZtVkV0dnXR70Bz9vB0e5xXnwgLFaA2gw0U?authuser=1&fife=s16383","true","200","image/png","89 50 4E 47","pending_browser_validation","recovered","/assets/images/investment/investment-LY-INV-000376-09.png"
"investment","فندق زميت","376","LY-INV-000376","https://mymaps.usercontent.google.com/hostedimage/m/*/3AE5a_GzYbsAbMtlDLByLE0MW33T4YcZwGM0XNSyNly0U1Wg7jrVH19RglmONHx7CSy3BaW0Yms6U7PL-5Z7JOBQ5l09ZA8Hw2rsVAUpEBwf2-3K1JArOjwUN1llL2r9e3u-79Qo1Xyzfrp9fiVjae0L2iMPBsxhyFeu99_aMyKPd8vVnjxETU78Ss7rJORv7H2y8k13vqYIAk66CuSkVWCpCFWAJ2pb949_4KNt0gXV5X0qnLtpbmhjgBJp1mmU?authuser=1&fife=s16383","https://mymaps.usercontent.google.com/hostedimage/m/*/3AE5a_GzYbsAbMtlDLByLE0MW33T4YcZwGM0XNSyNly0U1Wg7jrVH19RglmONHx7CSy3BaW0Yms6U7PL-5Z7JOBQ5l09ZA8Hw2rsVAUpEBwf2-3K1JArOjwUN1llL2r9e3u-79Qo1Xyzfrp9fiVjae0L2iMPBsxhyFeu99_aMyKPd8vVnjxETU78Ss7rJORv7H2y8k13vqYIAk66CuSkVWCpCFWAJ2pb949_4KNt0gXV5X0qnLtpbmhjgBJp1mmU?authuser=1&fife=s16383","true","200","image/png","89 50 4E 47","pending_browser_validation","recovered","/assets/images/investment/investment-LY-INV-000376-10.png"
"investment","فندق زوارة","378","LY-INV-000378","https://mymaps.usercontent.google.com/hostedimage/m/*/3AE5a_GzguGh7FJhq2fJsYQ6gN2Yp1vhjom-OA-qa-A_4h8Xy5MILbUuCdJun4qDo8B_j8T-PB1zIPcLree5GeOn9VhP8Wbr5MC9OVPVUmTbELvdKBXDOF2HmUSScifdSZa7IBspr21p0UMOnWPsBk7RYMjK9caqlYWmPoi8cgDJuMAMiJYoNxPjrP5S4oD9B9eSkZYwPPN-QhS6lpNMJPzGBQONX2VzbYQr8EtyPVSHf5GlvnDj48Dt1QkQ3_HQ?authuser=1&fife=s16383","https://mymaps.usercontent.google.com/hostedimage/m/*/3AE5a_GzguGh7FJhq2fJsYQ6gN2Yp1vhjom-OA-qa-A_4h8Xy5MILbUuCdJun4qDo8B_j8T-PB1zIPcLree5GeOn9VhP8Wbr5MC9OVPVUmTbELvdKBXDOF2HmUSScifdSZa7IBspr21p0UMOnWPsBk7RYMjK9caqlYWmPoi8cgDJuMAMiJYoNxPjrP5S4oD9B9eSkZYwPPN-QhS6lpNMJPzGBQONX2VzbYQr8EtyPVSHf5GlvnDj48Dt1QkQ3_HQ?authuser=1&fife=s16383","true","200","image/png","89 50 4E 47","pending_browser_validation","recovered","/assets/images/investment/investment-LY-INV-000378-01.png"
"investment","فندق زوارة","378","LY-INV-000378","https://mymaps.usercontent.google.com/hostedimage/m/*/3AE5a_Gx-eQIiKcZjSYLz3yCX_d7HiPo8KrPW1fWIYSQTc_r7T1tMhzobhdUkexdC2FYqPcox-kbCNf8iZ9DctKdSuqnZ3K3lxY9uzcoZeXymMQFpJOAVMRT3aWNNZtMAojCXm3nkzP5R-YZWNFJLydtlpKfF_FWsxFAtjk52gjmvmWdAM0aQcjPnUyz3pQ30HeQT47zT-y6bVW8UgvrlZLVMuxRdNjjEx4G6jvgQX8Pg1G5ZDeXNhd0vPoiwoPo?authuser=1&fife=s16383","https://mymaps.usercontent.google.com/hostedimage/m/*/3AE5a_Gx-eQIiKcZjSYLz3yCX_d7HiPo8KrPW1fWIYSQTc_r7T1tMhzobhdUkexdC2FYqPcox-kbCNf8iZ9DctKdSuqnZ3K3lxY9uzcoZeXymMQFpJOAVMRT3aWNNZtMAojCXm3nkzP5R-YZWNFJLydtlpKfF_FWsxFAtjk52gjmvmWdAM0aQcjPnUyz3pQ30HeQT47zT-y6bVW8UgvrlZLVMuxRdNjjEx4G6jvgQX8Pg1G5ZDeXNhd0vPoiwoPo?authuser=1&fife=s16383","true","200","image/png","89 50 4E 47","pending_browser_validation","recovered","/assets/images/investment/investment-LY-INV-000378-02.png"
"investment","فندق زوارة","378","LY-INV-000378","https://mymaps.usercontent.google.com/hostedimage/m/*/3AE5a_Gx4XHvVEeDNL9D_iN0jeq42-bOU7Z2-tAp1GsWW25gopTTdRi9ViAGn0ecXRJueBaBwn0jdHZI1lt_RhwJ-_gvpicVdKWP2ePORSPse6d6cMM7P1injJjHwIH8oBw2Qa4-ihn7D3Nelu29eUt_y_BnsrJZgx3SctQ8c7-2TwEqwV4AlbhRRqFQlF5GrSfTpM9FqaJQNCiGg11jFZ2rlELbv0d8BntNzHPF1cdyPIUTwtu1cxoubGPbrD04?authuser=1&fife=s16383","https://mymaps.usercontent.google.com/hostedimage/m/*/3AE5a_Gx4XHvVEeDNL9D_iN0jeq42-bOU7Z2-tAp1GsWW25gopTTdRi9ViAGn0ecXRJueBaBwn0jdHZI1lt_RhwJ-_gvpicVdKWP2ePORSPse6d6cMM7P1injJjHwIH8oBw2Qa4-ihn7D3Nelu29eUt_y_BnsrJZgx3SctQ8c7-2TwEqwV4AlbhRRqFQlF5GrSfTpM9FqaJQNCiGg11jFZ2rlELbv0d8BntNzHPF1cdyPIUTwtu1cxoubGPbrD04?authuser=1&fife=s16383","true","200","image/png","89 50 4E 47","pending_browser_validation","recovered","/assets/images/investment/investment-LY-INV-000378-03.png"
"investment","فندق زوارة","378","LY-INV-000378","https://mymaps.usercontent.google.com/hostedimage/m/*/3AE5a_GzCYGpwjhea6W4pfBV-6ABIvsVirU2cUgwg-Ftd3xWMJa-KArJtCW-R3-JuLf3jPMr82H4wjB8j_kL4LNPzh8GJKT_92cj0SYI7ON5OGBwVGNPsHDrpbqu_5GgXcG-km9hqCYukS3UfezLtkaa6J9WDpCmmephokeMN0Th1n6AMfF6h4bEPXgOc4iJGKY1Q8WkCg7KAmiJcIZduGOrRcDyQXu0Y49qVAJnuJbrUtHwGv1_TWILTIFE734U?authuser=1&fife=s16383","https://mymaps.usercontent.google.com/hostedimage/m/*/3AE5a_GzCYGpwjhea6W4pfBV-6ABIvsVirU2cUgwg-Ftd3xWMJa-KArJtCW-R3-JuLf3jPMr82H4wjB8j_kL4LNPzh8GJKT_92cj0SYI7ON5OGBwVGNPsHDrpbqu_5GgXcG-km9hqCYukS3UfezLtkaa6J9WDpCmmephokeMN0Th1n6AMfF6h4bEPXgOc4iJGKY1Q8WkCg7KAmiJcIZduGOrRcDyQXu0Y49qVAJnuJbrUtHwGv1_TWILTIFE734U?authuser=1&fife=s16383","true","200","image/png","89 50 4E 47","pending_browser_validation","recovered","/assets/images/investment/investment-LY-INV-000378-04.png"
"investment","فندق سفاري","380","LY-INV-000380","https://mymaps.usercontent.google.com/hostedimage/m/*/3AE5a_GwXfSvYrkCvxNFKeXBFi8_ezFY6hZT4q1j5jDAOiDAeDobsVLrGq72Xq6Kg9cy7pgJbug8LIlahHZlzUq0c8QBaSj4wqfkp4oQE-HlVAbZO5Bxg4diQzCcDob4xjcopO2BkSz_h9QTh3xo0U2BP1NFqpPKT-ylMea5tvAOTrh-yQip4PV25lGealLyLw0qluHz8PiKO6gewL3kHfP8W_Zqc8G7iFSgDNZFcAjJzqnz7ar1H_9qgTZW6sCg?authuser=1&fife=s16383","https://mymaps.usercontent.google.com/hostedimage/m/*/3AE5a_GwXfSvYrkCvxNFKeXBFi8_ezFY6hZT4q1j5jDAOiDAeDobsVLrGq72Xq6Kg9cy7pgJbug8LIlahHZlzUq0c8QBaSj4wqfkp4oQE-HlVAbZO5Bxg4diQzCcDob4xjcopO2BkSz_h9QTh3xo0U2BP1NFqpPKT-ylMea5tvAOTrh-yQip4PV25lGealLyLw0qluHz8PiKO6gewL3kHfP8W_Zqc8G7iFSgDNZFcAjJzqnz7ar1H_9qgTZW6sCg?authuser=1&fife=s16383","true","200","image/png","89 50 4E 47","pending_browser_validation","recovered","/assets/images/investment/investment-LY-INV-000380-01.png"
"investment","فندق سفاري","380","LY-INV-000380","https://mymaps.usercontent.google.com/hostedimage/m/*/3AE5a_GykjEqPR2usUTbMy2wHEjsRTvoYKmVVMClUe1OGxDQ8NOLGdUpL-4jZ7CEQF47zq02ZYeMbQqMo0FwjhDQBvyuDJJxfIhceYdJMH4eI-OlQnWlcAuhIdrluYeTDRnBz0J-5gRQHGWwS-hAOIgeTvXgDbWnc4TYiolceC0y3XXfTCdtqnSAdH3hoDXta-NLSbbrT_K9Wr83Y2iYiBJW2T295rl29_2aI1ZmC7XMm2zQTyvbTNbCifE53cZA?authuser=1&fife=s16383","https://mymaps.usercontent.google.com/hostedimage/m/*/3AE5a_GykjEqPR2usUTbMy2wHEjsRTvoYKmVVMClUe1OGxDQ8NOLGdUpL-4jZ7CEQF47zq02ZYeMbQqMo0FwjhDQBvyuDJJxfIhceYdJMH4eI-OlQnWlcAuhIdrluYeTDRnBz0J-5gRQHGWwS-hAOIgeTvXgDbWnc4TYiolceC0y3XXfTCdtqnSAdH3hoDXta-NLSbbrT_K9Wr83Y2iYiBJW2T295rl29_2aI1ZmC7XMm2zQTyvbTNbCifE53cZA?authuser=1&fife=s16383","true","200","image/png","89 50 4E 47","pending_browser_validation","recovered","/assets/images/investment/investment-LY-INV-000380-02.png"
"investment","فندق سفاري","380","LY-INV-000380","https://mymaps.usercontent.google.com/hostedimage/m/*/3AE5a_GzAFjR-YT2dwQlb8H143cEp1P4E-vGl9if6CSz1AZj-GFVKovKNySrbldUfmpV16pece5wHC_VfxwNbnb4o7ZZtkzsYJhFvAzZOyFORKe3xMraxVKTeJsredmc53HnRZq8OEOOsb36Oowa_A2LtqDAuMMzN2d7Oj8mSfAvsO4Qv_y1GtXUbILGFmhtB7KW1isLuuXZ9lgE8aml65kC3v80Mdv-Mivz2pwSxi0lOugu2W0-CiQYeeR6aEmE?authuser=1&fife=s16383","https://mymaps.usercontent.google.com/hostedimage/m/*/3AE5a_GzAFjR-YT2dwQlb8H143cEp1P4E-vGl9if6CSz1AZj-GFVKovKNySrbldUfmpV16pece5wHC_VfxwNbnb4o7ZZtkzsYJhFvAzZOyFORKe3xMraxVKTeJsredmc53HnRZq8OEOOsb36Oowa_A2LtqDAuMMzN2d7Oj8mSfAvsO4Qv_y1GtXUbILGFmhtB7KW1isLuuXZ9lgE8aml65kC3v80Mdv-Mivz2pwSxi0lOugu2W0-CiQYeeR6aEmE?authuser=1&fife=s16383","true","200","image/png","89 50 4E 47","pending_browser_validation","recovered","/assets/images/investment/investment-LY-INV-000380-03.png"
"investment","فندق سفاري","380","LY-INV-000380","https://mymaps.usercontent.google.com/hostedimage/m/*/3AE5a_Gze2F_DSMIraV9LNbaniZuaLeueXgED_A5vzZHKIfYyDaad43UwIrB8qYjiFYexBjIH7APuHXxvUiDiquqFJPgS99JQqyBGK3_FuaDGgKOnb21I9nYsffHUTFcKWniRCLN6_qVGX7vPl7YAo0G2FyUuH_ioEs3yoKnHHJJSMFgfTtSdHQ1pIk0B1kWyEjV4CQx7Uaw_dcK79ykRtIW0MyrXkP4G2_XJ97nr2IjkAtOXHlRbFWk4PFWZ8vY?authuser=1&fife=s16383","https://mymaps.usercontent.google.com/hostedimage/m/*/3AE5a_Gze2F_DSMIraV9LNbaniZuaLeueXgED_A5vzZHKIfYyDaad43UwIrB8qYjiFYexBjIH7APuHXxvUiDiquqFJPgS99JQqyBGK3_FuaDGgKOnb21I9nYsffHUTFcKWniRCLN6_qVGX7vPl7YAo0G2FyUuH_ioEs3yoKnHHJJSMFgfTtSdHQ1pIk0B1kWyEjV4CQx7Uaw_dcK79ykRtIW0MyrXkP4G2_XJ97nr2IjkAtOXHlRbFWk4PFWZ8vY?authuser=1&fife=s16383","true","200","image/png","89 50 4E 47","pending_browser_validation","recovered","/assets/images/investment/investment-LY-INV-000380-04.png"
"investment","فندق سفاري","380","LY-INV-000380","https://mymaps.usercontent.google.com/hostedimage/m/*/3AE5a_GyW6eQ6DrozBeeAxGDTeiuebPLBm_AMpAClU9NYYDgRNCflGxcsYAJlbDWEuJC-oEh7g107uCoRrJCRbOb_xZZzBXWmtGv1gn_5N5a18IQN_AKL8Sl619Cl7vui4mtmy9FZN0qsdhpNsGdHqgwWrpIn8phMi3C3QnDigLxWeIKJdsvK4i7YDv-dNzjO00xc6yD2Aa-rC00lGrzU6ROT9dUd243PJVrzq2RJpMisGjEt5ivMDXYCKqQYAho?authuser=1&fife=s16383","https://mymaps.usercontent.google.com/hostedimage/m/*/3AE5a_GyW6eQ6DrozBeeAxGDTeiuebPLBm_AMpAClU9NYYDgRNCflGxcsYAJlbDWEuJC-oEh7g107uCoRrJCRbOb_xZZzBXWmtGv1gn_5N5a18IQN_AKL8Sl619Cl7vui4mtmy9FZN0qsdhpNsGdHqgwWrpIn8phMi3C3QnDigLxWeIKJdsvK4i7YDv-dNzjO00xc6yD2Aa-rC00lGrzU6ROT9dUd243PJVrzq2RJpMisGjEt5ivMDXYCKqQYAho?authuser=1&fife=s16383","true","200","image/png","89 50 4E 47","pending_browser_validation","recovered","/assets/images/investment/investment-LY-INV-000380-05.png"
"investment","فندق سفاري 2","381","LY-INV-000381","https://mymaps.usercontent.google.com/hostedimage/m/*/3AE5a_GzcLQjdv89M9COAdmfAvuF_PEDiyUir3cSxPKTS-X-pNznZ8aFmT9oHaHMVHBybMq8qb-dxA-Yf5WDqwi1XzYVUWNuJXcKerHSKdRLpDK9iUfeaEFPUjuTZNYMgmG-zQSXptivq91C84YXdYo-aWmN5Wm4jAX0gdfFACOFCp5WhGsi2rE0mJUROkARU49Q0SkYrEsj8KHVp5GjvzdUNdReceVrcmnsHvC8UCaKm_ntasK1b6EQ1Y4eNf0w?authuser=1&fife=s16383","https://mymaps.usercontent.google.com/hostedimage/m/*/3AE5a_GzcLQjdv89M9COAdmfAvuF_PEDiyUir3cSxPKTS-X-pNznZ8aFmT9oHaHMVHBybMq8qb-dxA-Yf5WDqwi1XzYVUWNuJXcKerHSKdRLpDK9iUfeaEFPUjuTZNYMgmG-zQSXptivq91C84YXdYo-aWmN5Wm4jAX0gdfFACOFCp5WhGsi2rE0mJUROkARU49Q0SkYrEsj8KHVp5GjvzdUNdReceVrcmnsHvC8UCaKm_ntasK1b6EQ1Y4eNf0w?authuser=1&fife=s16383","true","200","image/png","89 50 4E 47","pending_browser_validation","recovered","/assets/images/investment/investment-LY-INV-000381-01.png"
"investment","فندق سفاري 2","381","LY-INV-000381","https://mymaps.usercontent.google.com/hostedimage/m/*/3AE5a_Gw0Lwf5lp8tHDNQ6-IBb-oPdQiLVjz3EdO5TPJ8yYkh6U6l_jxOSDFXs_Bt2bQ2YHZsM1YgiT47xJ5JHsw6obbpG9sc_DVVUcy_f08jnbOUPVm6IZMqy9xHKwNhoChBBTAYXrkQeXfOaLd3zDKIjTvcYsm7ZfqMhy5oiZAFnqO1_3H3SVlO5bJwb0cuOSE9JhIAaFOhc4OreXotq0K6eAExqvHoYoqqOMMvJ-y2RNOlPnerbewoGyQzb3o?authuser=1&fife=s16383","https://mymaps.usercontent.google.com/hostedimage/m/*/3AE5a_Gw0Lwf5lp8tHDNQ6-IBb-oPdQiLVjz3EdO5TPJ8yYkh6U6l_jxOSDFXs_Bt2bQ2YHZsM1YgiT47xJ5JHsw6obbpG9sc_DVVUcy_f08jnbOUPVm6IZMqy9xHKwNhoChBBTAYXrkQeXfOaLd3zDKIjTvcYsm7ZfqMhy5oiZAFnqO1_3H3SVlO5bJwb0cuOSE9JhIAaFOhc4OreXotq0K6eAExqvHoYoqqOMMvJ-y2RNOlPnerbewoGyQzb3o?authuser=1&fife=s16383","true","200","image/png","89 50 4E 47","pending_browser_validation","recovered","/assets/images/investment/investment-LY-INV-000381-02.png"
"investment","فندق سفاري 2","381","LY-INV-000381","https://mymaps.usercontent.google.com/hostedimage/m/*/3AE5a_Gy-vFd1PIXqm3H8MNfqszhS9cXDaLcIJkHMuvtFdCgSKl1PNNiym1ZmfpWVxFYV0UQt6mIa4vyZTjVKAOgydMnfqkoJOARN6oQYz_gikCqb6Ikbs5GuXC524q1xNFDwDyvLZ-8qyRws7ZLvCx23zUgunA9POblQNQ8g0NJiWQzt-ZnkdzXdXNihM5REcCxKIfMQlk2mZmlcysKMmlYeT5u0PR8cEnxxRTiUAldv58AM29pZJrn6wNvQ-Qs?authuser=1&fife=s16383","https://mymaps.usercontent.google.com/hostedimage/m/*/3AE5a_Gy-vFd1PIXqm3H8MNfqszhS9cXDaLcIJkHMuvtFdCgSKl1PNNiym1ZmfpWVxFYV0UQt6mIa4vyZTjVKAOgydMnfqkoJOARN6oQYz_gikCqb6Ikbs5GuXC524q1xNFDwDyvLZ-8qyRws7ZLvCx23zUgunA9POblQNQ8g0NJiWQzt-ZnkdzXdXNihM5REcCxKIfMQlk2mZmlcysKMmlYeT5u0PR8cEnxxRTiUAldv58AM29pZJrn6wNvQ-Qs?authuser=1&fife=s16383","true","200","image/png","89 50 4E 47","pending_browser_validation","recovered","/assets/images/investment/investment-LY-INV-000381-03.png"
"investment","فندق سفيروس","382","LY-INV-000382","https://mymaps.usercontent.google.com/hostedimage/m/*/3AE5a_GynpokI-adoRawtxbmG10VnvCPDzrtOnH6W0WltiWlwdA_xA9EgOJTI4lnOOKHJdBvOpLrRMfghzVvNtbkIrD5jE3GyH-z4GK8X9OymfRFCZq2mxrdkGHsYkqJL6IXruozEQ7bqSF0bdQQ9eA_Cz4nqW_GsT7SvGe7ne93ftag0gWJ_dWXxY6f7OAw6D20cp7VKk5mBjpBe34vPEKNU4esSKpDfauXO_zHofDDdvYJFevbW7xx4tSeSx58?authuser=1&fife=s16383","https://mymaps.usercontent.google.com/hostedimage/m/*/3AE5a_GynpokI-adoRawtxbmG10VnvCPDzrtOnH6W0WltiWlwdA_xA9EgOJTI4lnOOKHJdBvOpLrRMfghzVvNtbkIrD5jE3GyH-z4GK8X9OymfRFCZq2mxrdkGHsYkqJL6IXruozEQ7bqSF0bdQQ9eA_Cz4nqW_GsT7SvGe7ne93ftag0gWJ_dWXxY6f7OAw6D20cp7VKk5mBjpBe34vPEKNU4esSKpDfauXO_zHofDDdvYJFevbW7xx4tSeSx58?authuser=1&fife=s16383","true","200","image/png","89 50 4E 47","pending_browser_validation","recovered","/assets/images/investment/investment-LY-INV-000382-01.png"
"investment","فندق سفيروس","382","LY-INV-000382","https://mymaps.usercontent.google.com/hostedimage/m/*/3AE5a_Gxp7gHcZWokxFkx3nZhSViAzPripjMbM_EuaVnjFiyoHhZzs1IISzr6yTaNTGftM7W-34H5o3kW8vGXm46P39teCpAsfxa2HJlyX9YvDbkp1s-3vZCTLBO8m-3cnXIyjG5YE7tyHzpMScVq75TGdHNPtMi8kD2vG5PF3STQ5FPIFDlBmzeiG02JzI6wSSS8Tc7O4RwxKiV-J-1eKNERNwun1kNjbTKwLNizP-r3oJi64SjcFnFfvv26X2k?authuser=1&fife=s16383","https://mymaps.usercontent.google.com/hostedimage/m/*/3AE5a_Gxp7gHcZWokxFkx3nZhSViAzPripjMbM_EuaVnjFiyoHhZzs1IISzr6yTaNTGftM7W-34H5o3kW8vGXm46P39teCpAsfxa2HJlyX9YvDbkp1s-3vZCTLBO8m-3cnXIyjG5YE7tyHzpMScVq75TGdHNPtMi8kD2vG5PF3STQ5FPIFDlBmzeiG02JzI6wSSS8Tc7O4RwxKiV-J-1eKNERNwun1kNjbTKwLNizP-r3oJi64SjcFnFfvv26X2k?authuser=1&fife=s16383","true","200","image/png","89 50 4E 47","pending_browser_validation","recovered","/assets/images/investment/investment-LY-INV-000382-02.png"
"investment","فندق سفيروس","382","LY-INV-000382","https://mymaps.usercontent.google.com/hostedimage/m/*/3AE5a_GyjTbIYVFrviWulU1KikLYItuzx1XQR0-pywdsb5_BI6J9c3uuQZ1C9Sr59-TXIS2AiqjBWh_Mgtu7q2qOwA51PcfZt9JOXufKs_G6eptH3MGnjt0ES0AyVrpm62jzn2Aaiwljd6MVzM3iA-2pIuYUrxmCtgShGWYrH7v5XQP2fFaI4RUDJ1OMq5ZRtMMzuruxiNicPM2w3aDUqpj7aPMGt43chINQc7ReA3TuIQhWB25O6MzsVwtNVoZ8?authuser=1&fife=s16383","https://mymaps.usercontent.google.com/hostedimage/m/*/3AE5a_GyjTbIYVFrviWulU1KikLYItuzx1XQR0-pywdsb5_BI6J9c3uuQZ1C9Sr59-TXIS2AiqjBWh_Mgtu7q2qOwA51PcfZt9JOXufKs_G6eptH3MGnjt0ES0AyVrpm62jzn2Aaiwljd6MVzM3iA-2pIuYUrxmCtgShGWYrH7v5XQP2fFaI4RUDJ1OMq5ZRtMMzuruxiNicPM2w3aDUqpj7aPMGt43chINQc7ReA3TuIQhWB25O6MzsVwtNVoZ8?authuser=1&fife=s16383","true","200","image/png","89 50 4E 47","pending_browser_validation","recovered","/assets/images/investment/investment-LY-INV-000382-03.png"
"investment","فندق سفيروس","382","LY-INV-000382","https://mymaps.usercontent.google.com/hostedimage/m/*/3AE5a_Gw7dX2Braq1C5-SwmUXdebUJwVk7Fbva5crDu8Da68ci1lqHI5DWXo4H9P7Ofx7YVmUztwR6Q0i6RYA719O1nG8Lv-JfkW5e6foeKVCsWH_yWW6TKSMQ340TsZEVX3RWdcakFlg94ErcK7XN18nK3f7vAPdNsvMLpRYB_Xd2Aez-SNXwp4ni3gMrpU6u5iTvXo2NbEnUfCKb-jBB-oHjDuihS3Y65pvCQILMgiDU9ms-lWz-Bz8qARnX7o?authuser=1&fife=s16383","https://mymaps.usercontent.google.com/hostedimage/m/*/3AE5a_Gw7dX2Braq1C5-SwmUXdebUJwVk7Fbva5crDu8Da68ci1lqHI5DWXo4H9P7Ofx7YVmUztwR6Q0i6RYA719O1nG8Lv-JfkW5e6foeKVCsWH_yWW6TKSMQ340TsZEVX3RWdcakFlg94ErcK7XN18nK3f7vAPdNsvMLpRYB_Xd2Aez-SNXwp4ni3gMrpU6u5iTvXo2NbEnUfCKb-jBB-oHjDuihS3Y65pvCQILMgiDU9ms-lWz-Bz8qARnX7o?authuser=1&fife=s16383","true","200","image/png","89 50 4E 47","pending_browser_validation","recovered","/assets/images/investment/investment-LY-INV-000382-04.png"
"investment","فندق سفيروس","382","LY-INV-000382","https://mymaps.usercontent.google.com/hostedimage/m/*/3AE5a_GzPTtUOZE1z_IC-aRErxBuAD_vs1FA8QnygbPgdWj0SzOx_CKPyjc4rONFvnYwwFv9pKQksLQQruPdFdM_x_CX5_dLipHUtAsWgjd6upOpOeoT7DT6PQN2eNSKY0wi0PCuGWmwPDsf7gf7rYcUsKgkxm4_QrgYZxOUXb5x_YW082cZ_0vshWu3KjQ-Bjzd9Ya_hwu1FiiqW-y7a7MCBBKTEjQSL8_NYm2ZrOV8YNb-5hySS6PXVlxihsYc?authuser=1&fife=s16383","https://mymaps.usercontent.google.com/hostedimage/m/*/3AE5a_GzPTtUOZE1z_IC-aRErxBuAD_vs1FA8QnygbPgdWj0SzOx_CKPyjc4rONFvnYwwFv9pKQksLQQruPdFdM_x_CX5_dLipHUtAsWgjd6upOpOeoT7DT6PQN2eNSKY0wi0PCuGWmwPDsf7gf7rYcUsKgkxm4_QrgYZxOUXb5x_YW082cZ_0vshWu3KjQ-Bjzd9Ya_hwu1FiiqW-y7a7MCBBKTEjQSL8_NYm2ZrOV8YNb-5hySS6PXVlxihsYc?authuser=1&fife=s16383","true","200","image/png","89 50 4E 47","pending_browser_validation","recovered","/assets/images/investment/investment-LY-INV-000382-05.png"
"investment","فندق ضيافة ونيس","385","LY-INV-000385","https://mymaps.usercontent.google.com/hostedimage/m/*/3AE5a_GyjVGtln-2kMGt6a5trxaqeyFLS6FoYZgFtC3PbzEmHuswEPWnmhXm-g_QRnUKrc8zx_2vMLxHHBqh4nQR2YBcp26KM5-T3bNFlyK1PRt4srgPQpd9p-mw6Ez7iNpkkQa5E3y4_hBkyUgiWP9Ijvj6C1VgA0MwRhA8ZhXlrgGWA6mboUCe0pPlF6-CyniOZg73nl5O1HH2u2W716bGzwCwAtT6yKjE6o9WYRgUCd67CaRdT98hTHUxCO6U?authuser=1&fife=s16383","https://mymaps.usercontent.google.com/hostedimage/m/*/3AE5a_GyjVGtln-2kMGt6a5trxaqeyFLS6FoYZgFtC3PbzEmHuswEPWnmhXm-g_QRnUKrc8zx_2vMLxHHBqh4nQR2YBcp26KM5-T3bNFlyK1PRt4srgPQpd9p-mw6Ez7iNpkkQa5E3y4_hBkyUgiWP9Ijvj6C1VgA0MwRhA8ZhXlrgGWA6mboUCe0pPlF6-CyniOZg73nl5O1HH2u2W716bGzwCwAtT6yKjE6o9WYRgUCd67CaRdT98hTHUxCO6U?authuser=1&fife=s16383","true","200","image/png","89 50 4E 47","pending_browser_validation","recovered","/assets/images/investment/investment-LY-INV-000385-01.png"
"investment","فندق ضيافة ونيس","385","LY-INV-000385","https://mymaps.usercontent.google.com/hostedimage/m/*/3AE5a_Gx8fcrxPEAjbwNEESfzprbA8FPnoC1pDEs3K-WH2jD8quANeR1FvqlbAi6IWlRbHQPGmKH-T46Zkxse13fljv6ty5hfeMzeZoG8wwlV7rSED4PwOA7kF82rFnO5SYpIxNdRw_7z4_-QVcgQKMRQcGEUUXfXGkE29Us_yeifUBTZvR4zScObMXgTUgoflc3XGNYwiJuotH1pN-dsu0IuVpZ48Gwe3RCDyMA2n4p3s4U_3HFe70FHHaUJJn4?authuser=1&fife=s16383","https://mymaps.usercontent.google.com/hostedimage/m/*/3AE5a_Gx8fcrxPEAjbwNEESfzprbA8FPnoC1pDEs3K-WH2jD8quANeR1FvqlbAi6IWlRbHQPGmKH-T46Zkxse13fljv6ty5hfeMzeZoG8wwlV7rSED4PwOA7kF82rFnO5SYpIxNdRw_7z4_-QVcgQKMRQcGEUUXfXGkE29Us_yeifUBTZvR4zScObMXgTUgoflc3XGNYwiJuotH1pN-dsu0IuVpZ48Gwe3RCDyMA2n4p3s4U_3HFe70FHHaUJJn4?authuser=1&fife=s16383","true","200","image/png","89 50 4E 47","pending_browser_validation","recovered","/assets/images/investment/investment-LY-INV-000385-02.png"
"investment","فندق ضيافة ونيس","385","LY-INV-000385","https://mymaps.usercontent.google.com/hostedimage/m/*/3AE5a_Gypi4BapBPPqoaC6yTDRrInXOX1gnfXLgVLjHUZc3oMPOAJu3fKRkXjVH_ynPNKh1NiS8eI3GMgU2R5eA-4TaFQWP3d6ymILT_RyAGEKI6HVRenON1TY-4-WS1uYYstP0f86etCu5iQailYoP-TLUd_05lN2z3xNtz020-XsPy45zZcBL49sCx9IJxrzu6XNExAgwB_fZ-Tuh2ObrmNcRFtC6L7baWOayiGPVU20dBleBWySBwAD06t4g8?authuser=1&fife=s16383","https://mymaps.usercontent.google.com/hostedimage/m/*/3AE5a_Gypi4BapBPPqoaC6yTDRrInXOX1gnfXLgVLjHUZc3oMPOAJu3fKRkXjVH_ynPNKh1NiS8eI3GMgU2R5eA-4TaFQWP3d6ymILT_RyAGEKI6HVRenON1TY-4-WS1uYYstP0f86etCu5iQailYoP-TLUd_05lN2z3xNtz020-XsPy45zZcBL49sCx9IJxrzu6XNExAgwB_fZ-Tuh2ObrmNcRFtC6L7baWOayiGPVU20dBleBWySBwAD06t4g8?authuser=1&fife=s16383","true","200","image/png","89 50 4E 47","pending_browser_validation","recovered","/assets/images/investment/investment-LY-INV-000385-03.png"
"investment","فندق ضيافة ونيس","385","LY-INV-000385","https://mymaps.usercontent.google.com/hostedimage/m/*/3AE5a_Gw0ry9YgrDtyCvRBmulOsyCFmJ3RLSqbmarIi9ZBNMxyanb-CVugx0-Y6OC_laoL10On-SivFid74vN1-ZIBBdHmPKZ9GQvCFCHOQN7kYhlcY7wQCu-moKkz6JCS9o-oY1JRZDrEa18TUn-GdUNqzS9PPbV7hMzQEgwdcCAnDrwpQpWSs061WJvq8MLRD8qTnDDT7FDFUEfbipQJSpC7G3yB9RcLkFsNlMcdLZlT-6JPnPPdXaGJrJfvbM?authuser=1&fife=s16383","https://mymaps.usercontent.google.com/hostedimage/m/*/3AE5a_Gw0ry9YgrDtyCvRBmulOsyCFmJ3RLSqbmarIi9ZBNMxyanb-CVugx0-Y6OC_laoL10On-SivFid74vN1-ZIBBdHmPKZ9GQvCFCHOQN7kYhlcY7wQCu-moKkz6JCS9o-oY1JRZDrEa18TUn-GdUNqzS9PPbV7hMzQEgwdcCAnDrwpQpWSs061WJvq8MLRD8qTnDDT7FDFUEfbipQJSpC7G3yB9RcLkFsNlMcdLZlT-6JPnPPdXaGJrJfvbM?authuser=1&fife=s16383","true","200","image/png","89 50 4E 47","pending_browser_validation","recovered","/assets/images/investment/investment-LY-INV-000385-04.png"
"investment","فندق ضيافة ونيس","385","LY-INV-000385","https://mymaps.usercontent.google.com/hostedimage/m/*/3AE5a_GwQh57mfHLdefWBFfgqF3gvLOc_15xLcrXnG2v6MX-0abpmIRKibJ75c35HRs25URai_RpHtlZ8t_phzr36W7cnXzfGHpkQCo4cKYk1Bi4WFlsMrkwjyl8-iWjDK8_-ezjXBRJLzhhmglZP701W4hhUeE1crmf1UBj2zqEjFfVWmpqQSWJ_xwKjXXdfgG-eqxz9iH_i-UHg9axhpczPZVhtgtEp0SEk4aGBsOfxGBP9TYQ9zNvoSFstt0o?authuser=1&fife=s16383","https://mymaps.usercontent.google.com/hostedimage/m/*/3AE5a_GwQh57mfHLdefWBFfgqF3gvLOc_15xLcrXnG2v6MX-0abpmIRKibJ75c35HRs25URai_RpHtlZ8t_phzr36W7cnXzfGHpkQCo4cKYk1Bi4WFlsMrkwjyl8-iWjDK8_-ezjXBRJLzhhmglZP701W4hhUeE1crmf1UBj2zqEjFfVWmpqQSWJ_xwKjXXdfgG-eqxz9iH_i-UHg9axhpczPZVhtgtEp0SEk4aGBsOfxGBP9TYQ9zNvoSFstt0o?authuser=1&fife=s16383","true","200","image/png","89 50 4E 47","pending_browser_validation","recovered","/assets/images/investment/investment-LY-INV-000385-05.png"
"investment","فندق ضيافة ونيس","385","LY-INV-000385","https://mymaps.usercontent.google.com/hostedimage/m/*/3AE5a_GxJXcWpgPaV-RKbkDbWeVgLoV6ZxfMIYErtsVCEyXF4fjUJXozYyT-0NjFlgtfirIYx-hfsSrUMuMwHJVFXLl7sk-0DT-EM45LwnbOBZODfQy_UUuAm1fTpLYrhqBeyCrKJR_JEC1_5uKjdNLAajAX7xF2ple2VnSL0ZyUD4hehbSxP6hRbJrqGC35o2l7ixsolygac3AIFtWt7_eRIOKv9dVIliMW4YfXNpKUeU6xBikRkVVlL-nmsEdQ?authuser=1&fife=s16383","https://mymaps.usercontent.google.com/hostedimage/m/*/3AE5a_GxJXcWpgPaV-RKbkDbWeVgLoV6ZxfMIYErtsVCEyXF4fjUJXozYyT-0NjFlgtfirIYx-hfsSrUMuMwHJVFXLl7sk-0DT-EM45LwnbOBZODfQy_UUuAm1fTpLYrhqBeyCrKJR_JEC1_5uKjdNLAajAX7xF2ple2VnSL0ZyUD4hehbSxP6hRbJrqGC35o2l7ixsolygac3AIFtWt7_eRIOKv9dVIliMW4YfXNpKUeU6xBikRkVVlL-nmsEdQ?authuser=1&fife=s16383","true","200","image/png","89 50 4E 47","pending_browser_validation","recovered","/assets/images/investment/investment-LY-INV-000385-06.png"
"investment","فندق طرابلس الدولي","386","LY-INV-000386","https://mymaps.usercontent.google.com/hostedimage/m/*/3AE5a_GyLFCt556UzvFIidXma1A45xFK7MNzIXGRIOoblmqWHCd58PuYKBmXIsVlp4WosajtSVFMsSraALQffViZXPZ1mQtIuVP34jY6oxK1_ks7UlrA1C_A0_2Pji7CWjcEhmX5frabg6nFkKUU58op9v9e42JGwYo4L2c-126lhmBgdqVpSPMPevvZhDgKyKlGxAZMj91IJAsgPxL1XYnhHhAroolS9RCxE0wpq7ELu9lODyvh8bczKfHijgV8?authuser=1&fife=s16383","https://mymaps.usercontent.google.com/hostedimage/m/*/3AE5a_GyLFCt556UzvFIidXma1A45xFK7MNzIXGRIOoblmqWHCd58PuYKBmXIsVlp4WosajtSVFMsSraALQffViZXPZ1mQtIuVP34jY6oxK1_ks7UlrA1C_A0_2Pji7CWjcEhmX5frabg6nFkKUU58op9v9e42JGwYo4L2c-126lhmBgdqVpSPMPevvZhDgKyKlGxAZMj91IJAsgPxL1XYnhHhAroolS9RCxE0wpq7ELu9lODyvh8bczKfHijgV8?authuser=1&fife=s16383","true","200","image/png","89 50 4E 47","pending_browser_validation","recovered","/assets/images/investment/investment-LY-INV-000386-01.png"
"investment","فندق طرابلس الدولي","386","LY-INV-000386","https://mymaps.usercontent.google.com/hostedimage/m/*/3AE5a_GxaVuiqTCARKbdFXO6chTMAbMcTO-aape3v_1KbMIxypV-hcQzQvxjSzs4nXvCweTrBplFR6s7wtPWGRjeDzwjzt11JLpCWK94yjWK-YB7j8FsrizLbtMDDG04-oZN7RyBsvYqrPvsfZJhUMjHTWRAtnUuBZJYYFKs5MK_IhEvSddlCwzfvMgmB00LE0fOX08gae781ihHanINgRovTGMIMJroZkuTAVjcZrfQRk2LAWNaWzORg8GKim28?authuser=1&fife=s16383","https://mymaps.usercontent.google.com/hostedimage/m/*/3AE5a_GxaVuiqTCARKbdFXO6chTMAbMcTO-aape3v_1KbMIxypV-hcQzQvxjSzs4nXvCweTrBplFR6s7wtPWGRjeDzwjzt11JLpCWK94yjWK-YB7j8FsrizLbtMDDG04-oZN7RyBsvYqrPvsfZJhUMjHTWRAtnUuBZJYYFKs5MK_IhEvSddlCwzfvMgmB00LE0fOX08gae781ihHanINgRovTGMIMJroZkuTAVjcZrfQRk2LAWNaWzORg8GKim28?authuser=1&fife=s16383","true","200","image/png","89 50 4E 47","pending_browser_validation","recovered","/assets/images/investment/investment-LY-INV-000386-02.png"
"investment","فندق طرابلس الدولي","386","LY-INV-000386","https://mymaps.usercontent.google.com/hostedimage/m/*/3AE5a_GwM6bGMtjhOiVMgx3eqitKwxICmEJHWNx-yBJbIuEBgE0vTJO5v1FMuQumbHaYCVCZIExMLKAQW2zOj1JiykLdlO35ksh8q_WMZN_PhraXM2KSEMYMkx-amwvkxl2hULES1gyDIKKqedKTenWnc5FbLJgTMcdFg5IU7iJzKYBQlzQk8o8c34ozaIgGhfj2HsGljhSCnBfHunARm21id_hAlvJBW-Yw9mx_QXqgtgfYjcw_uEpKc8O8XIuA?authuser=1&fife=s16383","https://mymaps.usercontent.google.com/hostedimage/m/*/3AE5a_GwM6bGMtjhOiVMgx3eqitKwxICmEJHWNx-yBJbIuEBgE0vTJO5v1FMuQumbHaYCVCZIExMLKAQW2zOj1JiykLdlO35ksh8q_WMZN_PhraXM2KSEMYMkx-amwvkxl2hULES1gyDIKKqedKTenWnc5FbLJgTMcdFg5IU7iJzKYBQlzQk8o8c34ozaIgGhfj2HsGljhSCnBfHunARm21id_hAlvJBW-Yw9mx_QXqgtgfYjcw_uEpKc8O8XIuA?authuser=1&fife=s16383","true","200","image/png","89 50 4E 47","pending_browser_validation","recovered","/assets/images/investment/investment-LY-INV-000386-03.png"
"investment","فندق طرابلس الدولي","386","LY-INV-000386","https://mymaps.usercontent.google.com/hostedimage/m/*/3AE5a_GzD1iR1Mwum_-FqgBH_NtSj1HsEX64b-AYg1R9485evI121f83dOjpRBw6wml3fdlKt1245UKc5OTfbHFPuVLr6kxqGo7oeFBQnPakD2cznGca7s3patReu6fP6uxNyhvbbLCxJ4gFE0_E7XhYVbaaPDidNZb0fbNtnJmfnD99tU07RTMvUhk0KdEXfSacQ17a3FUG1QFnL1dZLttdY-5tzaiAIEFlYokzCocGTpjLUNbJaqa2gcas2QvI?authuser=1&fife=s16383","https://mymaps.usercontent.google.com/hostedimage/m/*/3AE5a_GzD1iR1Mwum_-FqgBH_NtSj1HsEX64b-AYg1R9485evI121f83dOjpRBw6wml3fdlKt1245UKc5OTfbHFPuVLr6kxqGo7oeFBQnPakD2cznGca7s3patReu6fP6uxNyhvbbLCxJ4gFE0_E7XhYVbaaPDidNZb0fbNtnJmfnD99tU07RTMvUhk0KdEXfSacQ17a3FUG1QFnL1dZLttdY-5tzaiAIEFlYokzCocGTpjLUNbJaqa2gcas2QvI?authuser=1&fife=s16383","true","200","image/png","89 50 4E 47","pending_browser_validation","recovered","/assets/images/investment/investment-LY-INV-000386-04.png"
"investment","فندق طرابلس الدولي","386","LY-INV-000386","https://mymaps.usercontent.google.com/hostedimage/m/*/3AE5a_GxinjYM1R--KBveKD9Lth9hsjqXLaKGs3csaCMsZ5HS-3kvC4848Z1f5d3jrEdd3yaCybWpfLK-ga_yB7JdCc_VWkfwDw_iulLXFHPTALrfVtB3Yn4-FQwf9_xj8p8zMvScodbOPgC6a3NbVJmyFuEBzIdLnfZvAH4t_6emmBTJn_d54olKrxINn8OGTgRmB3H5JDWxi2kKI1Dy-dCo5bOB518HyaG3UT9G3Ypep1cA4YdUh7nRQjE0Yno?authuser=1&fife=s16383","https://mymaps.usercontent.google.com/hostedimage/m/*/3AE5a_GxinjYM1R--KBveKD9Lth9hsjqXLaKGs3csaCMsZ5HS-3kvC4848Z1f5d3jrEdd3yaCybWpfLK-ga_yB7JdCc_VWkfwDw_iulLXFHPTALrfVtB3Yn4-FQwf9_xj8p8zMvScodbOPgC6a3NbVJmyFuEBzIdLnfZvAH4t_6emmBTJn_d54olKrxINn8OGTgRmB3H5JDWxi2kKI1Dy-dCo5bOB518HyaG3UT9G3Ypep1cA4YdUh7nRQjE0Yno?authuser=1&fife=s16383","true","200","image/png","89 50 4E 47","pending_browser_validation","recovered","/assets/images/investment/investment-LY-INV-000386-05.png"
"investment","فندق طرابلس الدولي","386","LY-INV-000386","https://mymaps.usercontent.google.com/hostedimage/m/*/3AE5a_GxVL8HIKW1YH_0bMKwIQh7yH4khwpk7-xsd-mTp5lmkmCxc6dx-wZAH3bVpZaqNq-doEoiE2gMri6UQyGr9RnUeHYmYsk0ONdFGRTSorQOkgzsbxSCTD44JdHvDKnVb2Pa-T_arWG1XMZK3RXYhIBgJAkyUu2ERsM44AVRy6Z367N3F1Xqc8CDDO3sFnhaXEqN_lbFB6oNAJRMaxlOje4cVFuNQWu0wg_NAo_oNIOqR7WE10VFgcAG3p-M?authuser=1&fife=s16383","https://mymaps.usercontent.google.com/hostedimage/m/*/3AE5a_GxVL8HIKW1YH_0bMKwIQh7yH4khwpk7-xsd-mTp5lmkmCxc6dx-wZAH3bVpZaqNq-doEoiE2gMri6UQyGr9RnUeHYmYsk0ONdFGRTSorQOkgzsbxSCTD44JdHvDKnVb2Pa-T_arWG1XMZK3RXYhIBgJAkyUu2ERsM44AVRy6Z367N3F1Xqc8CDDO3sFnhaXEqN_lbFB6oNAJRMaxlOje4cVFuNQWu0wg_NAo_oNIOqR7WE10VFgcAG3p-M?authuser=1&fife=s16383","true","200","image/png","89 50 4E 47","pending_browser_validation","recovered","/assets/images/investment/investment-LY-INV-000386-06.png"
"investment","فندق طليطلة","387","LY-INV-000387","https://mymaps.usercontent.google.com/hostedimage/m/*/3AE5a_Gxlo_j5ioPf0qrmjUM_7N7eLAf0LUbmKTKyg1zr3vgYsSWvaZ1iD0Y_49Ft6aIc7qutYtrWf8z2OrDg7XEeYepre-Er_c5zdsJg7_4i-9aCjHbQ6ZOhfz3tlAM7e6BzoxZA8EqLQkjIT1YeUg7ISVNLtt6WQsz-AORh-h59kLT9aNq6rQqT_qGy9ABBOEyeRt_6dxinlMIxNkvIby9RyqF7T_mytJy2SiqslGIjJCL7APALSQzpF85x-80?authuser=1&fife=s16383","https://mymaps.usercontent.google.com/hostedimage/m/*/3AE5a_Gxlo_j5ioPf0qrmjUM_7N7eLAf0LUbmKTKyg1zr3vgYsSWvaZ1iD0Y_49Ft6aIc7qutYtrWf8z2OrDg7XEeYepre-Er_c5zdsJg7_4i-9aCjHbQ6ZOhfz3tlAM7e6BzoxZA8EqLQkjIT1YeUg7ISVNLtt6WQsz-AORh-h59kLT9aNq6rQqT_qGy9ABBOEyeRt_6dxinlMIxNkvIby9RyqF7T_mytJy2SiqslGIjJCL7APALSQzpF85x-80?authuser=1&fife=s16383","true","200","image/png","89 50 4E 47","pending_browser_validation","recovered","/assets/images/investment/investment-LY-INV-000387-01.png"
"investment","فندق طليطلة","387","LY-INV-000387","https://mymaps.usercontent.google.com/hostedimage/m/*/3AE5a_GwjozIsiFw6HOO3YVCEbRn_Jmy7yXhxitCYjCizsPklEn27M2WYyMqLgUt0OcUA5uBU5qRc95naCOxRF0t6t6n7B8AyCC7Gu7pGJGXmfwgNUYHBJ7QxKanvII7-Yag4-P3kxOY-G6pWmT2H-EWuG2iASSLJ0XpxajhrFrKN7RCnunRJemtB2sJ8DxlBDzvaELtPies2xP2KBcsgV_InPBzwO3qP8PADSV7oQZvesJw8-zE4JdjidVYMrj4?authuser=1&fife=s16383","https://mymaps.usercontent.google.com/hostedimage/m/*/3AE5a_GwjozIsiFw6HOO3YVCEbRn_Jmy7yXhxitCYjCizsPklEn27M2WYyMqLgUt0OcUA5uBU5qRc95naCOxRF0t6t6n7B8AyCC7Gu7pGJGXmfwgNUYHBJ7QxKanvII7-Yag4-P3kxOY-G6pWmT2H-EWuG2iASSLJ0XpxajhrFrKN7RCnunRJemtB2sJ8DxlBDzvaELtPies2xP2KBcsgV_InPBzwO3qP8PADSV7oQZvesJw8-zE4JdjidVYMrj4?authuser=1&fife=s16383","true","200","image/png","89 50 4E 47","pending_browser_validation","recovered","/assets/images/investment/investment-LY-INV-000387-02.png"
"investment","فندق طليطلة","387","LY-INV-000387","https://mymaps.usercontent.google.com/hostedimage/m/*/3AE5a_GwTqlP-X_6mmRtVx-qcElHg_oJ_DTgJT54k7Qd462I9zEHAMJfcOiUUekA5c0H3MnJnlOzrxC7PDjEiiV98DqI-AxN0gzgAlQWN1Y2VJ0FtXBnLOsLOVMpu_hQ8ADCYS9BetYJrMNYkNAArS6O5F9jophSM_L3Mcnp5_kZlPRwV57Oe9ml1fZR1LSuy-gJFz2z3xZuS3IkohMJZQLkNep3G9lDm0VfXLqSEs-E9ZCMCzQvz-_a9IXVyHvw?authuser=1&fife=s16383","https://mymaps.usercontent.google.com/hostedimage/m/*/3AE5a_GwTqlP-X_6mmRtVx-qcElHg_oJ_DTgJT54k7Qd462I9zEHAMJfcOiUUekA5c0H3MnJnlOzrxC7PDjEiiV98DqI-AxN0gzgAlQWN1Y2VJ0FtXBnLOsLOVMpu_hQ8ADCYS9BetYJrMNYkNAArS6O5F9jophSM_L3Mcnp5_kZlPRwV57Oe9ml1fZR1LSuy-gJFz2z3xZuS3IkohMJZQLkNep3G9lDm0VfXLqSEs-E9ZCMCzQvz-_a9IXVyHvw?authuser=1&fife=s16383","true","200","image/png","89 50 4E 47","pending_browser_validation","recovered","/assets/images/investment/investment-LY-INV-000387-03.png"
"investment","فندق طليطلة","387","LY-INV-000387","https://mymaps.usercontent.google.com/hostedimage/m/*/3AE5a_GyA1hAaTjNtwjzRtEm1AL-52zK27v53WQsTbJDbPw9lL34A5vUTSGy_65DODfVA05-fXlJj388k8bFTLVpsX1T9hzDT2xy1jJFrkIQtYPv1FG8TyCsoaJFW2TeIe3T-GF6omMEC9LGRfcH9J8CkE1edciqsfh2zlmGvt_FXdoSvl1WnmbOeXyQE9HMlQnArTDpwXJkDutLYL4NSoBclXJBWZCzHwdc0jK8JYMxuu2uzrHQ5Qp6DnIm8vVM?authuser=1&fife=s16383","https://mymaps.usercontent.google.com/hostedimage/m/*/3AE5a_GyA1hAaTjNtwjzRtEm1AL-52zK27v53WQsTbJDbPw9lL34A5vUTSGy_65DODfVA05-fXlJj388k8bFTLVpsX1T9hzDT2xy1jJFrkIQtYPv1FG8TyCsoaJFW2TeIe3T-GF6omMEC9LGRfcH9J8CkE1edciqsfh2zlmGvt_FXdoSvl1WnmbOeXyQE9HMlQnArTDpwXJkDutLYL4NSoBclXJBWZCzHwdc0jK8JYMxuu2uzrHQ5Qp6DnIm8vVM?authuser=1&fife=s16383","true","200","image/png","89 50 4E 47","pending_browser_validation","recovered","/assets/images/investment/investment-LY-INV-000387-04.png"
"investment","فندق طيبة","388","LY-INV-000388","https://mymaps.usercontent.google.com/hostedimage/m/*/3AE5a_GxS_fXUXLc85nKGXMYpjOAwfGsJtPWmi0S_2JA4zRsOIFoafwTvKsix1TNLkcRjHGkNVjZbxCFT9BVNCfKW1Jvb2OjBAPOqVzKC_F89NX4NKa08p6CFQtwBWK28vPQfLcBKm2gAG9L84EzWkzE0rmr9o-Gpc8dfydbu7Fa1vZ1tBipOvith7gpn5aXSwdzwA4SADKoKZTYwlvA-jeLFRHJzfRvl2jnUIEHF4ptqwXRw70UcV3i23bBsC1k?authuser=1&fife=s16383","https://mymaps.usercontent.google.com/hostedimage/m/*/3AE5a_GxS_fXUXLc85nKGXMYpjOAwfGsJtPWmi0S_2JA4zRsOIFoafwTvKsix1TNLkcRjHGkNVjZbxCFT9BVNCfKW1Jvb2OjBAPOqVzKC_F89NX4NKa08p6CFQtwBWK28vPQfLcBKm2gAG9L84EzWkzE0rmr9o-Gpc8dfydbu7Fa1vZ1tBipOvith7gpn5aXSwdzwA4SADKoKZTYwlvA-jeLFRHJzfRvl2jnUIEHF4ptqwXRw70UcV3i23bBsC1k?authuser=1&fife=s16383","true","200","image/png","89 50 4E 47","pending_browser_validation","recovered","/assets/images/investment/investment-LY-INV-000388-01.png"
"investment","فندق طيبة","388","LY-INV-000388","https://mymaps.usercontent.google.com/hostedimage/m/*/3AE5a_Gy8S0po2UULc6NYSwrI-5mCf5YwCn8HVUWxxlGUzDFvW-tKD-T9KB8Z7vgP7NOeeoSHwyCV0L4QlbEXVLgmuzHlTcwXnUo0O1LrhubbTdFOTRCzFeo2rQ9x_cPY44N9UxBXaw7zVLCVPWQvkqmTKiWFjmz4j2_UKYXrVcQizZP1iZWVr2zIGFQjR5InqEW1JzI4isyqjq_pVKYvDk7VXIcCyr03-IzFcy_-ANWOg4Z_PrebS4uSeElBMb8?authuser=1&fife=s16383","https://mymaps.usercontent.google.com/hostedimage/m/*/3AE5a_Gy8S0po2UULc6NYSwrI-5mCf5YwCn8HVUWxxlGUzDFvW-tKD-T9KB8Z7vgP7NOeeoSHwyCV0L4QlbEXVLgmuzHlTcwXnUo0O1LrhubbTdFOTRCzFeo2rQ9x_cPY44N9UxBXaw7zVLCVPWQvkqmTKiWFjmz4j2_UKYXrVcQizZP1iZWVr2zIGFQjR5InqEW1JzI4isyqjq_pVKYvDk7VXIcCyr03-IzFcy_-ANWOg4Z_PrebS4uSeElBMb8?authuser=1&fife=s16383","true","200","image/png","89 50 4E 47","pending_browser_validation","recovered","/assets/images/investment/investment-LY-INV-000388-02.png"
"investment","فندق طيبة","388","LY-INV-000388","https://mymaps.usercontent.google.com/hostedimage/m/*/3AE5a_Gw5b0YxlY09YfZC-G9zQ18rhBKPRmJsPCHZE3PwH8cFb43JnqVucpmMnMZJbLTaO7r_hDJhQQrWYmBW2gu5D-uAPgtaoYP3AXDdjYzLDJnF5ngzyMITkLBpVl458dN4dxpQTVHNmsLAo3o9yVxTTMG6nbma50WSZg9Bcf0_0plNgzcBJZaYoBclGEO5SoLA0oodfsiMdubN7MlA91ZoLwX9xGu1DOo0b5mQ1-OZ7DjmNlL-fIE6fchplrk?authuser=1&fife=s16383","https://mymaps.usercontent.google.com/hostedimage/m/*/3AE5a_Gw5b0YxlY09YfZC-G9zQ18rhBKPRmJsPCHZE3PwH8cFb43JnqVucpmMnMZJbLTaO7r_hDJhQQrWYmBW2gu5D-uAPgtaoYP3AXDdjYzLDJnF5ngzyMITkLBpVl458dN4dxpQTVHNmsLAo3o9yVxTTMG6nbma50WSZg9Bcf0_0plNgzcBJZaYoBclGEO5SoLA0oodfsiMdubN7MlA91ZoLwX9xGu1DOo0b5mQ1-OZ7DjmNlL-fIE6fchplrk?authuser=1&fife=s16383","true","200","image/png","89 50 4E 47","pending_browser_validation","recovered","/assets/images/investment/investment-LY-INV-000388-03.png"
"investment","فندق عمير","389","LY-INV-000389","https://mymaps.usercontent.google.com/hostedimage/m/*/3AE5a_Gyi2GEb7eMxRJRJsrtTfRE6EM-ATqAHEqUZRffJWQIkU-eCCDupLAwAYhZnAcyxV2tRtwhQh2Ny4W8jAH7_z_G9lZjFedhOrQaSZkclLq8bNyBblOSoAA-LLRp62UU9EStnAh7mqpMiDs1mMLsrAWNyYLIsqfrskWbzzKC8nDB_VkKICIbiKuIVq4bhE0oaYUKFZEe5J_FK4fwpR9r22utCATDqgf3sQeSG0AMIX7r5Z9urj3_BJ1f0kr8?authuser=1&fife=s16383","https://mymaps.usercontent.google.com/hostedimage/m/*/3AE5a_Gyi2GEb7eMxRJRJsrtTfRE6EM-ATqAHEqUZRffJWQIkU-eCCDupLAwAYhZnAcyxV2tRtwhQh2Ny4W8jAH7_z_G9lZjFedhOrQaSZkclLq8bNyBblOSoAA-LLRp62UU9EStnAh7mqpMiDs1mMLsrAWNyYLIsqfrskWbzzKC8nDB_VkKICIbiKuIVq4bhE0oaYUKFZEe5J_FK4fwpR9r22utCATDqgf3sQeSG0AMIX7r5Z9urj3_BJ1f0kr8?authuser=1&fife=s16383","true","200","image/png","89 50 4E 47","pending_browser_validation","recovered","/assets/images/investment/investment-LY-INV-000389-01.png"
"investment","فندق عمير","389","LY-INV-000389","https://mymaps.usercontent.google.com/hostedimage/m/*/3AE5a_GyTOvyHScREo4e-BlNirtDd3V6p1g0aOjJ9Fgw_N3OrOsqotZX966Layq8iMeeSGVPTzQoffccieWn8hFUhxkNRt5DsP1tT32FymtVGVgt6hSLSBnQd-pH_VVnnxqHsLaVhc0aaS-jpZrMD8oiI0H5kCG5rbGNt3P2UjpxDBz6y2KymUPjp-mfjPDWslq7wa9iTXCSF43CycTm85EeqQkBbi9uwXw5bKA3LRP_H_QPWdZgFT6C2bPO5KsU?authuser=1&fife=s16383","https://mymaps.usercontent.google.com/hostedimage/m/*/3AE5a_GyTOvyHScREo4e-BlNirtDd3V6p1g0aOjJ9Fgw_N3OrOsqotZX966Layq8iMeeSGVPTzQoffccieWn8hFUhxkNRt5DsP1tT32FymtVGVgt6hSLSBnQd-pH_VVnnxqHsLaVhc0aaS-jpZrMD8oiI0H5kCG5rbGNt3P2UjpxDBz6y2KymUPjp-mfjPDWslq7wa9iTXCSF43CycTm85EeqQkBbi9uwXw5bKA3LRP_H_QPWdZgFT6C2bPO5KsU?authuser=1&fife=s16383","true","200","image/png","89 50 4E 47","pending_browser_validation","recovered","/assets/images/investment/investment-LY-INV-000389-02.png"
"investment","فندق عمير","389","LY-INV-000389","https://mymaps.usercontent.google.com/hostedimage/m/*/3AE5a_GyqtFm5zJBxo3WQtc8X-0SWJBQ4QTBwLEBi3Z8hyO1yIyxfhG6-pe4nRhBLc5cJwq4AoX5qlKyztu4HJ5La4tN7CfsvmSaRC7LngoqSybNwLj0_xCVaOiRv3eJhShFVcoW5nr6_yFD94HvG7dlW9eFN5QP9S-68oeg2pI-n4X1j39pY5dTW07p3I_YYifkv1AJv4T-waIo8dg8evkEzsfH8MzQ9oNSufhdMeZiTDB6nk0Idl_naocIxf0g?authuser=1&fife=s16383","https://mymaps.usercontent.google.com/hostedimage/m/*/3AE5a_GyqtFm5zJBxo3WQtc8X-0SWJBQ4QTBwLEBi3Z8hyO1yIyxfhG6-pe4nRhBLc5cJwq4AoX5qlKyztu4HJ5La4tN7CfsvmSaRC7LngoqSybNwLj0_xCVaOiRv3eJhShFVcoW5nr6_yFD94HvG7dlW9eFN5QP9S-68oeg2pI-n4X1j39pY5dTW07p3I_YYifkv1AJv4T-waIo8dg8evkEzsfH8MzQ9oNSufhdMeZiTDB6nk0Idl_naocIxf0g?authuser=1&fife=s16383","true","200","image/png","89 50 4E 47","pending_browser_validation","recovered","/assets/images/investment/investment-LY-INV-000389-03.png"
"investment","فندق عين الفرس","390","LY-INV-000390","https://mymaps.usercontent.google.com/hostedimage/m/*/3AE5a_GyTkSBQm6TG57DlQ0lLFgt1xWslHPWCo3uyQRmXuLXdQ630xOVScg5REQoTL3pGS0g1b0ci3sF3Y2Ib-adQ9bpvUyr1lbTL_NjS8-Yb6hJD7U5hgoBS0FEBjMHwxc0TjFdiebhQc_pdoaimEzG7X_rzfiRoxdHSXX4r8572dDpPoNcUtxMp-3ZXhGEfHIfRYGFPsUSAEdx1DD9kvMhj3Is73332yjJ0Q-xn50kSUozSLUWmBHy6FzJ-iCc?authuser=1&fife=s16383","https://mymaps.usercontent.google.com/hostedimage/m/*/3AE5a_GyTkSBQm6TG57DlQ0lLFgt1xWslHPWCo3uyQRmXuLXdQ630xOVScg5REQoTL3pGS0g1b0ci3sF3Y2Ib-adQ9bpvUyr1lbTL_NjS8-Yb6hJD7U5hgoBS0FEBjMHwxc0TjFdiebhQc_pdoaimEzG7X_rzfiRoxdHSXX4r8572dDpPoNcUtxMp-3ZXhGEfHIfRYGFPsUSAEdx1DD9kvMhj3Is73332yjJ0Q-xn50kSUozSLUWmBHy6FzJ-iCc?authuser=1&fife=s16383","true","200","image/png","89 50 4E 47","pending_browser_validation","recovered","/assets/images/investment/investment-LY-INV-000390-01.png"
"investment","فندق عين الفرس","390","LY-INV-000390","https://mymaps.usercontent.google.com/hostedimage/m/*/3AE5a_Gx2SzTh2J4iBK-n4zHPxPH34ekr4n3SMOLV2du3hYsJ67UU60xA6n7AMKcUZ2xbrnlWjEBHudpXYq6UX1yKVCF1xso7jms1Ln6_eDitICbFWS-87NGFvR4H-lBA1GQh6c7Sa1-2ned4YzjcQ8CcH6-f2MGNm7BnHP7elwOhPU4yR2IktK_KIVxfXTHZPfAvHOVB-4M1kntBsANCSAK17nXhY8Mt8MkqAgLbP3uQ4xXZwh5xjXM6R_Aqz0k?authuser=1&fife=s16383","https://mymaps.usercontent.google.com/hostedimage/m/*/3AE5a_Gx2SzTh2J4iBK-n4zHPxPH34ekr4n3SMOLV2du3hYsJ67UU60xA6n7AMKcUZ2xbrnlWjEBHudpXYq6UX1yKVCF1xso7jms1Ln6_eDitICbFWS-87NGFvR4H-lBA1GQh6c7Sa1-2ned4YzjcQ8CcH6-f2MGNm7BnHP7elwOhPU4yR2IktK_KIVxfXTHZPfAvHOVB-4M1kntBsANCSAK17nXhY8Mt8MkqAgLbP3uQ4xXZwh5xjXM6R_Aqz0k?authuser=1&fife=s16383","true","200","image/png","89 50 4E 47","pending_browser_validation","recovered","/assets/images/investment/investment-LY-INV-000390-02.png"
"investment","فندق غريان السياحي","392","LY-INV-000392","https://mymaps.usercontent.google.com/hostedimage/m/*/3AE5a_GzICaCLNNEKHwzxnRiK3DHh-BqzZS9C0iTW0ypJLA8X6By8Z2FP9okUQmxhfw8lJGZaWhLcUvW9JwcXFa8qyoquso-Rc2CaWYe2yEqBJalhzbF9IJqmqpZ5xqKDzwwgaN6JqGlt3iNQlZJIi_slBUlGdlgNy3P1Au8rtSFbAWfMJ6GmTKr5AYiSVmN1mabakhm-Ygbo0_MygPTNhFS62uUCMqGscJaFmGHIGHorQuSdruQkFtfh1x5EWCk?authuser=1&fife=s16383","https://mymaps.usercontent.google.com/hostedimage/m/*/3AE5a_GzICaCLNNEKHwzxnRiK3DHh-BqzZS9C0iTW0ypJLA8X6By8Z2FP9okUQmxhfw8lJGZaWhLcUvW9JwcXFa8qyoquso-Rc2CaWYe2yEqBJalhzbF9IJqmqpZ5xqKDzwwgaN6JqGlt3iNQlZJIi_slBUlGdlgNy3P1Au8rtSFbAWfMJ6GmTKr5AYiSVmN1mabakhm-Ygbo0_MygPTNhFS62uUCMqGscJaFmGHIGHorQuSdruQkFtfh1x5EWCk?authuser=1&fife=s16383","true","200","image/png","89 50 4E 47","pending_browser_validation","recovered","/assets/images/investment/investment-LY-INV-000392-01.png"
"investment","فندق غريان السياحي","392","LY-INV-000392","https://mymaps.usercontent.google.com/hostedimage/m/*/3AE5a_Gz9tOGOLf9yiVgs1ltQOvuVtI5W5BBiYxZaVljs_cWTXxL50i7AE-PdWtqIq9HhzYAcItngKj4zc_nXqSqLn4mTEvHy0uiNuv3PQggfN4obyf-hcNVDuZWzR2T429KnQHUBZ7-FMqYIC1si0dkneuxJGlc0gj9bRX065g7870Om1ttr4vV25PJnaarOhWuesYH31ghXzTfbDyXXJgJ4SqrugSwINcI2I-rpzPS3YHNVGetPEgm7jGGxROI?authuser=1&fife=s16383","https://mymaps.usercontent.google.com/hostedimage/m/*/3AE5a_Gz9tOGOLf9yiVgs1ltQOvuVtI5W5BBiYxZaVljs_cWTXxL50i7AE-PdWtqIq9HhzYAcItngKj4zc_nXqSqLn4mTEvHy0uiNuv3PQggfN4obyf-hcNVDuZWzR2T429KnQHUBZ7-FMqYIC1si0dkneuxJGlc0gj9bRX065g7870Om1ttr4vV25PJnaarOhWuesYH31ghXzTfbDyXXJgJ4SqrugSwINcI2I-rpzPS3YHNVGetPEgm7jGGxROI?authuser=1&fife=s16383","true","200","image/png","89 50 4E 47","pending_browser_validation","recovered","/assets/images/investment/investment-LY-INV-000392-02.png"
"investment","فندق غريان السياحي","392","LY-INV-000392","https://mymaps.usercontent.google.com/hostedimage/m/*/3AE5a_Gw0SWWs_yn7pDLTs34NfclGra4kP4fc6_jnbnlhORN7emB1R_zPaL8EiDTyeEc48yi4qjffgmWZS-wJkI0HKDtWWEQVOl33M5NzdwGW7_n96P-jHU9xzeHgsy8S13p5IUpvf2mdLDt5_ECW8HbZiSEmjg-5UqdwgeJfx5WI_DX9UYCclQeqE9z75pM2UPES4gdYQUX7oTIaTOpb7CvpIw9fLsrXb4d4acIA3_5eMwfhZgO-yhM0PBobgFA?authuser=1&fife=s16383","https://mymaps.usercontent.google.com/hostedimage/m/*/3AE5a_Gw0SWWs_yn7pDLTs34NfclGra4kP4fc6_jnbnlhORN7emB1R_zPaL8EiDTyeEc48yi4qjffgmWZS-wJkI0HKDtWWEQVOl33M5NzdwGW7_n96P-jHU9xzeHgsy8S13p5IUpvf2mdLDt5_ECW8HbZiSEmjg-5UqdwgeJfx5WI_DX9UYCclQeqE9z75pM2UPES4gdYQUX7oTIaTOpb7CvpIw9fLsrXb4d4acIA3_5eMwfhZgO-yhM0PBobgFA?authuser=1&fife=s16383","true","200","image/png","89 50 4E 47","pending_browser_validation","recovered","/assets/images/investment/investment-LY-INV-000392-03.png"
"investment","فندق غريان السياحي","392","LY-INV-000392","https://mymaps.usercontent.google.com/hostedimage/m/*/3AE5a_GwyHB2nzAi6Q06yNKkMUlVcO_YAUtQI9VoQr4GN4gsN3wmELMpxgN8bqHW1yyjdLtP9FYAdk-ZS6r0eDAqZrjyUVKktxUzXhcN32uABEzEtB19yqSyV5fr17NB-JWdG_jk0Ikvl7RVIGfV47sKyPE8Crz8iQ2tJgvCwAyeyN9en4-IRE0rl_XIjQooVqgxgSNqyUrqGzictfx9tBrq3erug0DplEXdy0cWAvtmpmVve_XK8uLga0nbYcA4?authuser=1&fife=s16383","https://mymaps.usercontent.google.com/hostedimage/m/*/3AE5a_GwyHB2nzAi6Q06yNKkMUlVcO_YAUtQI9VoQr4GN4gsN3wmELMpxgN8bqHW1yyjdLtP9FYAdk-ZS6r0eDAqZrjyUVKktxUzXhcN32uABEzEtB19yqSyV5fr17NB-JWdG_jk0Ikvl7RVIGfV47sKyPE8Crz8iQ2tJgvCwAyeyN9en4-IRE0rl_XIjQooVqgxgSNqyUrqGzictfx9tBrq3erug0DplEXdy0cWAvtmpmVve_XK8uLga0nbYcA4?authuser=1&fife=s16383","true","200","image/png","89 50 4E 47","pending_browser_validation","recovered","/assets/images/investment/investment-LY-INV-000392-04.png"
"investment","فندق غريان السياحي","392","LY-INV-000392","https://mymaps.usercontent.google.com/hostedimage/m/*/3AE5a_Gw_j2GW3ToF2Y305cwhTLgWSQZfX5Z4VIuySOfBWQSnY66h_1DbIvkLGhsRphN09ws8Rd_So14GFDPgcHWjkEJNOSkwrX5WmYn8lf487sYlN8jp8C8lr0KXgVI687bS7vdY56ds2uo3LgbrwdT2mSf9_I5w-15MfnqrW9Nlq1LqvhyeTJPR-eTzyM4siIqKe8xd7D2f2o5N8mUabb977e5SIJEwFB3j4UgYgV4yXjE8LSLiNsNCiCaJzNg?authuser=1&fife=s16383","https://mymaps.usercontent.google.com/hostedimage/m/*/3AE5a_Gw_j2GW3ToF2Y305cwhTLgWSQZfX5Z4VIuySOfBWQSnY66h_1DbIvkLGhsRphN09ws8Rd_So14GFDPgcHWjkEJNOSkwrX5WmYn8lf487sYlN8jp8C8lr0KXgVI687bS7vdY56ds2uo3LgbrwdT2mSf9_I5w-15MfnqrW9Nlq1LqvhyeTJPR-eTzyM4siIqKe8xd7D2f2o5N8mUabb977e5SIJEwFB3j4UgYgV4yXjE8LSLiNsNCiCaJzNg?authuser=1&fife=s16383","true","200","image/png","89 50 4E 47","pending_browser_validation","recovered","/assets/images/investment/investment-LY-INV-000392-05.png"
"investment","فندق قرطاج","393","LY-INV-000393","https://mymaps.usercontent.google.com/hostedimage/m/*/3AE5a_Gy7DQjRKjzAbYWJlYcLRV-nVGBsj5byVwr-NFUOmFYtJYcVXIp6ZPyWlbk9xdbbwRlX_7ee6KxIrmrzDfJdCWQsh_jbQhMryUb4rDYkf4_h0uuX0b7f6uwfbCg2ddHlDj0XEJ_QRPfGyBhlIbA2aaGvVW4qQ5ev6mmGIv4ONOuZUdHm3QWvQKDsh6GJGNdE0CYU2uVZX-L1EH9HZMChEYJoEPHNJpt1pfBmlIIqqYMua-kYbbANVKu1cEI?authuser=1&fife=s16383","https://mymaps.usercontent.google.com/hostedimage/m/*/3AE5a_Gy7DQjRKjzAbYWJlYcLRV-nVGBsj5byVwr-NFUOmFYtJYcVXIp6ZPyWlbk9xdbbwRlX_7ee6KxIrmrzDfJdCWQsh_jbQhMryUb4rDYkf4_h0uuX0b7f6uwfbCg2ddHlDj0XEJ_QRPfGyBhlIbA2aaGvVW4qQ5ev6mmGIv4ONOuZUdHm3QWvQKDsh6GJGNdE0CYU2uVZX-L1EH9HZMChEYJoEPHNJpt1pfBmlIIqqYMua-kYbbANVKu1cEI?authuser=1&fife=s16383","true","200","image/png","89 50 4E 47","pending_browser_validation","recovered","/assets/images/investment/investment-LY-INV-000393-01.png"
"investment","فندق قرطاج","393","LY-INV-000393","https://mymaps.usercontent.google.com/hostedimage/m/*/3AE5a_GyMBSC2OCWEw4EPD_jA_XACFCjllbxnXmupxXS-q1m6mXJVFt0hy-vfI1WbqRjcmGDv38dzAJk4epshbwOSe784vpAVGi3IQS8bepclgvjcnbFbhlen0q6K5S28MzTdTovhQsv_1v_Zo6_e2Ri0SaeeWv7LTmTHux2g4ZACy3dKhEoTdo_aj9MqU1Td6ENWaqHa15j_vaAwPPwBngP6k9ItOra13ae9P1D5hV5wwQEzY-r6m_IPFHROkjY?authuser=1&fife=s16383","https://mymaps.usercontent.google.com/hostedimage/m/*/3AE5a_GyMBSC2OCWEw4EPD_jA_XACFCjllbxnXmupxXS-q1m6mXJVFt0hy-vfI1WbqRjcmGDv38dzAJk4epshbwOSe784vpAVGi3IQS8bepclgvjcnbFbhlen0q6K5S28MzTdTovhQsv_1v_Zo6_e2Ri0SaeeWv7LTmTHux2g4ZACy3dKhEoTdo_aj9MqU1Td6ENWaqHa15j_vaAwPPwBngP6k9ItOra13ae9P1D5hV5wwQEzY-r6m_IPFHROkjY?authuser=1&fife=s16383","true","200","image/png","89 50 4E 47","pending_browser_validation","recovered","/assets/images/investment/investment-LY-INV-000393-02.png"
"investment","فندق قرطاج","393","LY-INV-000393","https://mymaps.usercontent.google.com/hostedimage/m/*/3AE5a_GwhWtrLPsn92_x2M05AgpaeMcdKW4STj_nd964mVjBGvYdjIPPgjsWZK5K00Wa6_72jq8MQ8F14LTvfLebzj9ThE68Q8MvXqsx0zKAnoVnNTEToJEYeYT3ZuoIOFnfUT2M_ZGuxyjSjFQ31FHLsYBld0kZ1rgI23IERAoOvkVmcgLluyAFnZ7x2LvJ6Q19WbiA3LDMOeEqDfzqKt6MR_IRiw0w8TT2c8OqtbTLrBvucETDruvqT0PNhbJk?authuser=1&fife=s16383","https://mymaps.usercontent.google.com/hostedimage/m/*/3AE5a_GwhWtrLPsn92_x2M05AgpaeMcdKW4STj_nd964mVjBGvYdjIPPgjsWZK5K00Wa6_72jq8MQ8F14LTvfLebzj9ThE68Q8MvXqsx0zKAnoVnNTEToJEYeYT3ZuoIOFnfUT2M_ZGuxyjSjFQ31FHLsYBld0kZ1rgI23IERAoOvkVmcgLluyAFnZ7x2LvJ6Q19WbiA3LDMOeEqDfzqKt6MR_IRiw0w8TT2c8OqtbTLrBvucETDruvqT0PNhbJk?authuser=1&fife=s16383","true","200","image/png","89 50 4E 47","pending_browser_validation","recovered","/assets/images/investment/investment-LY-INV-000393-03.png"
"investment","فندق قرطاج","393","LY-INV-000393","https://mymaps.usercontent.google.com/hostedimage/m/*/3AE5a_GwxfR4jzEt4Vte5jeoXUmwPcGnNu2MGvdQ8_pFhQ9WsfytS3Dy9AKdo4zakiYEqr7fISw4813r3_1cgTQv_cnL8bHdtkYJw7ZFNjb8BfmV3oehVNCyoO6Ij_d_xqVXpcd9aG6Bc57PkTEq-yxsZ6u1Dh9Y7PlPnyJzHsTzsTly-zIyWmFn72XOXS7ehJg1kPFAj5Pdhf76HlcgYIX5DrqK4O-pPoXARSys9_d0Yn7ulywc22Xb9ZnhfnFc?authuser=1&fife=s16383","https://mymaps.usercontent.google.com/hostedimage/m/*/3AE5a_GwxfR4jzEt4Vte5jeoXUmwPcGnNu2MGvdQ8_pFhQ9WsfytS3Dy9AKdo4zakiYEqr7fISw4813r3_1cgTQv_cnL8bHdtkYJw7ZFNjb8BfmV3oehVNCyoO6Ij_d_xqVXpcd9aG6Bc57PkTEq-yxsZ6u1Dh9Y7PlPnyJzHsTzsTly-zIyWmFn72XOXS7ehJg1kPFAj5Pdhf76HlcgYIX5DrqK4O-pPoXARSys9_d0Yn7ulywc22Xb9ZnhfnFc?authuser=1&fife=s16383","true","200","image/png","89 50 4E 47","pending_browser_validation","recovered","/assets/images/investment/investment-LY-INV-000393-04.png"
"investment","فندق قرطاج","393","LY-INV-000393","https://mymaps.usercontent.google.com/hostedimage/m/*/3AE5a_GyedziHKJPIgoiHpj27LB580cLFtBt8W4H2_GCpobGb4-RjqUwyc6GGJEppmtltJcoFIbx7x6HW_pGHEoaot3nDX5PD3-3g8MHJWlRwgJzsizcVRW18gD6Hjq49HmR8atqAmFU5pVRlLjSH67GMPvzaCtnaiv6ZgbB-UY2QS_3RDaWO4a5aasGu3Broox4H5gCGw8m82HT-sX65vhyMA5lAGgYiZIW1-NdP1Gi_yMdI0kLVvrXNf0lAc7k?authuser=1&fife=s16383","https://mymaps.usercontent.google.com/hostedimage/m/*/3AE5a_GyedziHKJPIgoiHpj27LB580cLFtBt8W4H2_GCpobGb4-RjqUwyc6GGJEppmtltJcoFIbx7x6HW_pGHEoaot3nDX5PD3-3g8MHJWlRwgJzsizcVRW18gD6Hjq49HmR8atqAmFU5pVRlLjSH67GMPvzaCtnaiv6ZgbB-UY2QS_3RDaWO4a5aasGu3Broox4H5gCGw8m82HT-sX65vhyMA5lAGgYiZIW1-NdP1Gi_yMdI0kLVvrXNf0lAc7k?authuser=1&fife=s16383","true","200","image/png","89 50 4E 47","pending_browser_validation","recovered","/assets/images/investment/investment-LY-INV-000393-05.png"
"investment","فندق قصر الظهرة","394","LY-INV-000394","https://mymaps.usercontent.google.com/hostedimage/m/*/3AE5a_Gxhs5zHiST5Sb3RDXH_skwR_pQQR2Wo_eDOoCW5YG3WwHMP-3Yo9Uqyzr6W-VgZ8biP93FhUWEycj1LvxDRNi7m-MeiA4AAB3XglKaDL1FuyDtQOsNA70jRaEiiyeior1YKErkHcOgpEUyot0Rcdvb2SMuMtbf8d4xtC4N9qPpXhhIN9nWBfV_DOVEC_PJBv8hZFdLds0dUHgSWXjjCkytFwemur3cmolkcq9YQXNgKiAO9qyWZqI9MQD4?authuser=1&fife=s16383","https://mymaps.usercontent.google.com/hostedimage/m/*/3AE5a_Gxhs5zHiST5Sb3RDXH_skwR_pQQR2Wo_eDOoCW5YG3WwHMP-3Yo9Uqyzr6W-VgZ8biP93FhUWEycj1LvxDRNi7m-MeiA4AAB3XglKaDL1FuyDtQOsNA70jRaEiiyeior1YKErkHcOgpEUyot0Rcdvb2SMuMtbf8d4xtC4N9qPpXhhIN9nWBfV_DOVEC_PJBv8hZFdLds0dUHgSWXjjCkytFwemur3cmolkcq9YQXNgKiAO9qyWZqI9MQD4?authuser=1&fife=s16383","true","200","image/png","89 50 4E 47","pending_browser_validation","recovered","/assets/images/investment/investment-LY-INV-000394-01.png"
"investment","فندق قصر الظهرة","394","LY-INV-000394","https://mymaps.usercontent.google.com/hostedimage/m/*/3AE5a_GyBPQ6LM9gJXsiGSUhF4m_A674hF-CqTAoPkxJ5xqzGjRP8hegSlMUMjwtgQFWPAGXEC_EFWF6K5vm6E8lCP5vBLevJFB6lpT93AG2YRqesW8Oc6LyC8Uv0CQE3G97m1UjPpDZj8Jd0GnUZ_57hdxiJ2VqdfmpD9gVaydrj9-a8TuOpUVhrNQiz9L7YaIw4xqt5b2-IuKdA5Ww9DzNSBlX6S-y5xwrZX-O7NSQjsp3RGYXRdcM0IRn7LeU?authuser=1&fife=s16383","https://mymaps.usercontent.google.com/hostedimage/m/*/3AE5a_GyBPQ6LM9gJXsiGSUhF4m_A674hF-CqTAoPkxJ5xqzGjRP8hegSlMUMjwtgQFWPAGXEC_EFWF6K5vm6E8lCP5vBLevJFB6lpT93AG2YRqesW8Oc6LyC8Uv0CQE3G97m1UjPpDZj8Jd0GnUZ_57hdxiJ2VqdfmpD9gVaydrj9-a8TuOpUVhrNQiz9L7YaIw4xqt5b2-IuKdA5Ww9DzNSBlX6S-y5xwrZX-O7NSQjsp3RGYXRdcM0IRn7LeU?authuser=1&fife=s16383","true","200","image/png","89 50 4E 47","pending_browser_validation","recovered","/assets/images/investment/investment-LY-INV-000394-02.png"
"investment","فندق قصر الظهرة","394","LY-INV-000394","https://mymaps.usercontent.google.com/hostedimage/m/*/3AE5a_Gwfz2THigWH3gClWIWfQfs8y5f9e_6upmeVhoA3oOzfTFLeTI4Rr_TjKfrTM9ForIp4Q0tJTk9AimKgK--ICYpVQFBWrSqXRtDz4-8oH0KLGQL_VnERrtBD0LkWat41Z6ybFQNxpB47B0F6ZZOnZ51rACrMiqB2RE0LGGp_Z9rHR1GeiY7DmXRc5ndN2P6-_UqR7S5SVm3hd8SKeuhMJmQ_7SJkYReq3UR8wEvNbWImP0SybyKhObkDEcM?authuser=1&fife=s16383","https://mymaps.usercontent.google.com/hostedimage/m/*/3AE5a_Gwfz2THigWH3gClWIWfQfs8y5f9e_6upmeVhoA3oOzfTFLeTI4Rr_TjKfrTM9ForIp4Q0tJTk9AimKgK--ICYpVQFBWrSqXRtDz4-8oH0KLGQL_VnERrtBD0LkWat41Z6ybFQNxpB47B0F6ZZOnZ51rACrMiqB2RE0LGGp_Z9rHR1GeiY7DmXRc5ndN2P6-_UqR7S5SVm3hd8SKeuhMJmQ_7SJkYReq3UR8wEvNbWImP0SybyKhObkDEcM?authuser=1&fife=s16383","true","200","image/png","89 50 4E 47","pending_browser_validation","recovered","/assets/images/investment/investment-LY-INV-000394-03.png"
"investment","فندق قصر الظهرة","394","LY-INV-000394","https://mymaps.usercontent.google.com/hostedimage/m/*/3AE5a_GwvKUJPNc2ympa1LQRYNobv8R-OLjmmzx_A4m53uAe2XYJ7ftNrWXciCUrNbyj67k07m6o9CaDI1J_TS3mLzc7MNXNsdkfwURBq06moXSsvs8kqTDs7EODwz4m5Vo6T46TlCS43ve75AuO_fFoCJ-iiRx-xO1HOWHTDX0P6JaIrAgGtPltFUOBLtcEdZK2Dgt_QMQs13FjlXJyTaVCRkx5Ic1uCSdYF_lR_h5sSYxzBXlQRfGbAkpuvjAg?authuser=1&fife=s16383","https://mymaps.usercontent.google.com/hostedimage/m/*/3AE5a_GwvKUJPNc2ympa1LQRYNobv8R-OLjmmzx_A4m53uAe2XYJ7ftNrWXciCUrNbyj67k07m6o9CaDI1J_TS3mLzc7MNXNsdkfwURBq06moXSsvs8kqTDs7EODwz4m5Vo6T46TlCS43ve75AuO_fFoCJ-iiRx-xO1HOWHTDX0P6JaIrAgGtPltFUOBLtcEdZK2Dgt_QMQs13FjlXJyTaVCRkx5Ic1uCSdYF_lR_h5sSYxzBXlQRfGbAkpuvjAg?authuser=1&fife=s16383","true","200","image/png","89 50 4E 47","pending_browser_validation","recovered","/assets/images/investment/investment-LY-INV-000394-04.png"
"investment","فندق قصر الظهرة","394","LY-INV-000394","https://mymaps.usercontent.google.com/hostedimage/m/*/3AE5a_GxltD5_rstIaqFjdYyhyuQMIKVld0x8xOTM1vFFZf_FAzmDUTpSTJw6XQOZjVeaxkNmlo0Zgw_9MS01uwzBVJwxxZVodN0apapmIPAfeGAwx28f9DlScPIuM1nZ63liXDYRhQS3HCFcXrDsopnP8EunCJsEV8GdmSgItf311XaUTqqbsp2bcmb3sbwMd9it30LNAXmX9dhthfDyIik3v4YZVprQOn5tbDrNLZmh2kXO13fjrdopneILUg0?authuser=1&fife=s16383","https://mymaps.usercontent.google.com/hostedimage/m/*/3AE5a_GxltD5_rstIaqFjdYyhyuQMIKVld0x8xOTM1vFFZf_FAzmDUTpSTJw6XQOZjVeaxkNmlo0Zgw_9MS01uwzBVJwxxZVodN0apapmIPAfeGAwx28f9DlScPIuM1nZ63liXDYRhQS3HCFcXrDsopnP8EunCJsEV8GdmSgItf311XaUTqqbsp2bcmb3sbwMd9it30LNAXmX9dhthfDyIik3v4YZVprQOn5tbDrNLZmh2kXO13fjrdopneILUg0?authuser=1&fife=s16383","true","200","image/png","89 50 4E 47","pending_browser_validation","recovered","/assets/images/investment/investment-LY-INV-000394-05.png"
"investment","فندق قصر الظهرة","394","LY-INV-000394","https://mymaps.usercontent.google.com/hostedimage/m/*/3AE5a_GwuWlNseAj3itM_rjLL8Z6hFRl78xgtgwdvIB0uBbjtIPP3UGTjj8G9I_9I1yHQa-UIqUB6koX5zKyrZRTkRDSK3Sh-iaKiHuowb8A1yl77xEgBcc6_d0Kh3WTlMo8pc8GAJlOX-hRUpOrSHdl3HAKBkMfhrk-YyZZRDXoppn1vnQBV1d5ok7Rg51LQ3JxdxLD5pCEe5M23o5bTdb_KCVDf7MIJgEghDBp5izbSkfyHV8bzG2tBomChTSo?authuser=1&fife=s16383","https://mymaps.usercontent.google.com/hostedimage/m/*/3AE5a_GwuWlNseAj3itM_rjLL8Z6hFRl78xgtgwdvIB0uBbjtIPP3UGTjj8G9I_9I1yHQa-UIqUB6koX5zKyrZRTkRDSK3Sh-iaKiHuowb8A1yl77xEgBcc6_d0Kh3WTlMo8pc8GAJlOX-hRUpOrSHdl3HAKBkMfhrk-YyZZRDXoppn1vnQBV1d5ok7Rg51LQ3JxdxLD5pCEe5M23o5bTdb_KCVDf7MIJgEghDBp5izbSkfyHV8bzG2tBomChTSo?authuser=1&fife=s16383","true","200","image/png","89 50 4E 47","pending_browser_validation","recovered","/assets/images/investment/investment-LY-INV-000394-06.png"
"investment","فندق قصر الفيروز","395","LY-INV-000395","https://mymaps.usercontent.google.com/hostedimage/m/*/3AE5a_Gyc8omZbd-4CVcgBTXK2j5y3EsyHSOSIyfpbnqYzOxHZgjxYlbAiNT87YW9TZH_84ZrJM2pWSxwOJbtqnk6ZAcvO6gSMNxIj0_m2qLLhtwX7JyYn5FusocPdxMsLB177UwUqzvghQGV-ZTk9J-xY8vQ2F5jRSUlHN7itugRQX_Rvl9az58Ja38sHpQDHhhp-xJkB7Lc9R5y03-Lq5TLulLsZCvif8eqFCxKogrPHtRJbUEK84aXyVkyX0I?authuser=1&fife=s16383","https://mymaps.usercontent.google.com/hostedimage/m/*/3AE5a_Gyc8omZbd-4CVcgBTXK2j5y3EsyHSOSIyfpbnqYzOxHZgjxYlbAiNT87YW9TZH_84ZrJM2pWSxwOJbtqnk6ZAcvO6gSMNxIj0_m2qLLhtwX7JyYn5FusocPdxMsLB177UwUqzvghQGV-ZTk9J-xY8vQ2F5jRSUlHN7itugRQX_Rvl9az58Ja38sHpQDHhhp-xJkB7Lc9R5y03-Lq5TLulLsZCvif8eqFCxKogrPHtRJbUEK84aXyVkyX0I?authuser=1&fife=s16383","true","200","image/png","89 50 4E 47","pending_browser_validation","recovered","/assets/images/investment/investment-LY-INV-000296-02.png"
"investment","فندق قصر الفيروز","395","LY-INV-000395","https://mymaps.usercontent.google.com/hostedimage/m/*/3AE5a_GyZnlpctVvgtNsIwQv3mZuhGqExiSCd9DevrRJg4eCUHmMesCUvsbHmqenbmouJXgHU0xy98Gkkm4CvjrQA5MRa7bY0ehNeL49wlR8Vux2LCMcvA4blg0GUWMJUxMbxndzYvpnjnWlFGhRTYL3gb8nUbuJHYB2tJUV2oVIJxo1xZo6PPfukHJAIiCEnpwQF-atnMUcDHHZlW_jMEk0kn7hQcwzOX7i0NLmJDWtwzuRdE47zh5Us0pVE7pY?authuser=1&fife=s16383","https://mymaps.usercontent.google.com/hostedimage/m/*/3AE5a_GyZnlpctVvgtNsIwQv3mZuhGqExiSCd9DevrRJg4eCUHmMesCUvsbHmqenbmouJXgHU0xy98Gkkm4CvjrQA5MRa7bY0ehNeL49wlR8Vux2LCMcvA4blg0GUWMJUxMbxndzYvpnjnWlFGhRTYL3gb8nUbuJHYB2tJUV2oVIJxo1xZo6PPfukHJAIiCEnpwQF-atnMUcDHHZlW_jMEk0kn7hQcwzOX7i0NLmJDWtwzuRdE47zh5Us0pVE7pY?authuser=1&fife=s16383","true","200","image/png","89 50 4E 47","pending_browser_validation","recovered","/assets/images/investment/investment-LY-INV-000296-05.png"
"investment","فندق قصر الفيروز","395","LY-INV-000395","https://mymaps.usercontent.google.com/hostedimage/m/*/3AE5a_Gy_Z4s6HcOBUzpKaA7QIMl-gq47OWHQEA87uT_jJ1rgiwqmdvFXJRnaUTVAA805nLRadsJ2_28DaTjeJ6Y3tywP3R9lG1p_S-_x8_eJWDDR0R4TpiSHz5RkwMJob15HMMDCJy5hL9RzCaXKwmXVttkU0bGsIrye2-JpDJdltW1Uah-ruivT0unPBC0l0rTUYm4ey7whtOHSQOL-gHXJwcaet3GRGcSGGMt-lXrTfc9qGEGALefKX4pHBh4?authuser=1&fife=s16383","https://mymaps.usercontent.google.com/hostedimage/m/*/3AE5a_Gy_Z4s6HcOBUzpKaA7QIMl-gq47OWHQEA87uT_jJ1rgiwqmdvFXJRnaUTVAA805nLRadsJ2_28DaTjeJ6Y3tywP3R9lG1p_S-_x8_eJWDDR0R4TpiSHz5RkwMJob15HMMDCJy5hL9RzCaXKwmXVttkU0bGsIrye2-JpDJdltW1Uah-ruivT0unPBC0l0rTUYm4ey7whtOHSQOL-gHXJwcaet3GRGcSGGMt-lXrTfc9qGEGALefKX4pHBh4?authuser=1&fife=s16383","true","200","image/png","89 50 4E 47","pending_browser_validation","recovered","/assets/images/investment/investment-LY-INV-000296-06.png"
"investment","فندق قصر الفيروز","395","LY-INV-000395","https://mymaps.usercontent.google.com/hostedimage/m/*/3AE5a_GyVwpnLzJDETkcYLqfwYbLJWEvIkr-xdoCKFBvUyTdUYJwYFGd8RxtXIZNr248s9Qf-DsT_NxfmC2B7ik6o3UhjW0B8P9P3D0KV60S11cYwMzuN6P9P5YH3dKYaC4At4LcrsIDggFZQ39_Xy4kD2XSrGBjOFSjKc7foeVwFKghI22JVIk5JWj_il-8q0uehkKSzrYuKuSiDd1cJZ3vofhYDmg0fxfm7Jd8TOggWiwkJlP8g2NuImZ9ZP2k?authuser=1&fife=s16383","https://mymaps.usercontent.google.com/hostedimage/m/*/3AE5a_GyVwpnLzJDETkcYLqfwYbLJWEvIkr-xdoCKFBvUyTdUYJwYFGd8RxtXIZNr248s9Qf-DsT_NxfmC2B7ik6o3UhjW0B8P9P3D0KV60S11cYwMzuN6P9P5YH3dKYaC4At4LcrsIDggFZQ39_Xy4kD2XSrGBjOFSjKc7foeVwFKghI22JVIk5JWj_il-8q0uehkKSzrYuKuSiDd1cJZ3vofhYDmg0fxfm7Jd8TOggWiwkJlP8g2NuImZ9ZP2k?authuser=1&fife=s16383","true","200","image/png","89 50 4E 47","pending_browser_validation","recovered","/assets/images/investment/investment-LY-INV-000296-03.png"
"investment","فندق قصر الفيروز","395","LY-INV-000395","https://mymaps.usercontent.google.com/hostedimage/m/*/3AE5a_GwUJnAM8udGbQOfiokmfTvKu2UIHTm-sZXfgM6jey2nD6VXdRqtwoy-uvyGGOR4Gq7lW1A17fUPnB_NrLIW8r-_nEFjVbA1hIrQEGKlMbOBbzCOGzJ45Kc86qN4LH7u5ie12ph3VIOMStBh_-u9PPI5LGvIenDcfxb0UMawtxeUK2Co5NZTHpq_-SwTKIpotqnSZZodzB4DTa2NAEMrfc-69p2x8BUAvyIE0xgei0UZCV8Iza2kxbR8LXU?authuser=1&fife=s16383","https://mymaps.usercontent.google.com/hostedimage/m/*/3AE5a_GwUJnAM8udGbQOfiokmfTvKu2UIHTm-sZXfgM6jey2nD6VXdRqtwoy-uvyGGOR4Gq7lW1A17fUPnB_NrLIW8r-_nEFjVbA1hIrQEGKlMbOBbzCOGzJ45Kc86qN4LH7u5ie12ph3VIOMStBh_-u9PPI5LGvIenDcfxb0UMawtxeUK2Co5NZTHpq_-SwTKIpotqnSZZodzB4DTa2NAEMrfc-69p2x8BUAvyIE0xgei0UZCV8Iza2kxbR8LXU?authuser=1&fife=s16383","true","200","image/png","89 50 4E 47","pending_browser_validation","recovered","/assets/images/investment/investment-LY-INV-000296-04.png"
"investment","فندق قمر صبراتة","396","LY-INV-000396","https://mymaps.usercontent.google.com/hostedimage/m/*/3AE5a_GzYm-_1vo6h9GGYy9xUzRBoYTtkSU8l5xorVaxnuy5kV4xKyw156vn5fczlAhjSuTCE9oFwY5r92AONctUpOT7RUm6Q6OrK14cDJJnVUaY0QO8PMQx7vFnekzpkr6yZ9FRotxo7cCRGUDrQyqHzwFeK6UiPzHrQer8TMnlSHf19txgpWcBP7pQAPjUPbo2Kx3jzi1DCyjJGYxu9Cwl4DB3GnSU83VLyFaLQf2b4RgiNPxMXKnOUjdjCaJc?authuser=1&fife=s16383","https://mymaps.usercontent.google.com/hostedimage/m/*/3AE5a_GzYm-_1vo6h9GGYy9xUzRBoYTtkSU8l5xorVaxnuy5kV4xKyw156vn5fczlAhjSuTCE9oFwY5r92AONctUpOT7RUm6Q6OrK14cDJJnVUaY0QO8PMQx7vFnekzpkr6yZ9FRotxo7cCRGUDrQyqHzwFeK6UiPzHrQer8TMnlSHf19txgpWcBP7pQAPjUPbo2Kx3jzi1DCyjJGYxu9Cwl4DB3GnSU83VLyFaLQf2b4RgiNPxMXKnOUjdjCaJc?authuser=1&fife=s16383","true","200","image/png","89 50 4E 47","pending_browser_validation","recovered","/assets/images/investment/investment-LY-INV-000396-01.png"
"investment","فندق لبدة السياحي الخمس","398","LY-INV-000398","https://mymaps.usercontent.google.com/hostedimage/m/*/3AE5a_GypFf_MHb_OfCeJCYGj9Jzz46IumymO7r5XAuHmqYg86n9u9sK-Vl-CGjcWlVt_gTNqUiPpMS1E5mhzC05ATCEEDHD1BBxLa-fXkHwrrYWDQpnfMjQ-CCWLo8x1PUH00NO6lRtBXABYfLyLRfsyMJD9zIpJOr_A28Il40EQY6zUF5suvWe2-RVxkFBh2gQi7_mhg3OujqrMtvUeomokO23t5PL0rBT1z1ZYbEYZ_jj1t43r7cFO54ZoiI0?authuser=1&fife=s16383","https://mymaps.usercontent.google.com/hostedimage/m/*/3AE5a_GypFf_MHb_OfCeJCYGj9Jzz46IumymO7r5XAuHmqYg86n9u9sK-Vl-CGjcWlVt_gTNqUiPpMS1E5mhzC05ATCEEDHD1BBxLa-fXkHwrrYWDQpnfMjQ-CCWLo8x1PUH00NO6lRtBXABYfLyLRfsyMJD9zIpJOr_A28Il40EQY6zUF5suvWe2-RVxkFBh2gQi7_mhg3OujqrMtvUeomokO23t5PL0rBT1z1ZYbEYZ_jj1t43r7cFO54ZoiI0?authuser=1&fife=s16383","true","200","image/png","89 50 4E 47","pending_browser_validation","recovered","/assets/images/investment/investment-LY-INV-000398-01.png"
"investment","فندق لبدة السياحي الخمس","398","LY-INV-000398","https://mymaps.usercontent.google.com/hostedimage/m/*/3AE5a_GwqtjheKyv9BIsfrz-Nk67x0BiKfF1wJOStRMYgeI9zx4b0oFjApmEW54-H8TeS-LDjQv4GGa6CPw1VMPt8nHAeNnQXHbegjXOlXTN8EHN8OLMDMXpZb0GXCcer946VwvoLMFLzvYTb1aKe_50islC3OKJw6a6sMNezO5Jn60WyAucb6Csv3MdDhM4ysFmkOIcE_dIfY8rHuGDc84PSmDa46kEKa0vAyVBvNfgoJvRFQbPaBVpr46O8tlc?authuser=1&fife=s16383","https://mymaps.usercontent.google.com/hostedimage/m/*/3AE5a_GwqtjheKyv9BIsfrz-Nk67x0BiKfF1wJOStRMYgeI9zx4b0oFjApmEW54-H8TeS-LDjQv4GGa6CPw1VMPt8nHAeNnQXHbegjXOlXTN8EHN8OLMDMXpZb0GXCcer946VwvoLMFLzvYTb1aKe_50islC3OKJw6a6sMNezO5Jn60WyAucb6Csv3MdDhM4ysFmkOIcE_dIfY8rHuGDc84PSmDa46kEKa0vAyVBvNfgoJvRFQbPaBVpr46O8tlc?authuser=1&fife=s16383","true","200","image/png","89 50 4E 47","pending_browser_validation","recovered","/assets/images/investment/investment-LY-INV-000398-02.png"
"investment","فندق لبدة السياحي الخمس","398","LY-INV-000398","https://mymaps.usercontent.google.com/hostedimage/m/*/3AE5a_Gyjy_WUvUFH4LtJ6ROIaY2nrzPu3XQKD1kvfiKHR_8yC22LnTnz6AGyTMtBL80AM0DeR-6t5b9BRjSGWL19Ka93iyrzQlOGOiwMBJH3C27ZsUe4Ek62yETB98gZKtt_yq_VYGBuLxQ8DRhIv7B3TqZGDFp_toahNokRNLRLwyti6tsCsrmQhUfaUg95Orq7_A1G_4-lp4aKBnJnWcB75-pwPpdkzaCM8BgOcP_Ip29rkTebffrHiexs6H0?authuser=1&fife=s16383","https://mymaps.usercontent.google.com/hostedimage/m/*/3AE5a_Gyjy_WUvUFH4LtJ6ROIaY2nrzPu3XQKD1kvfiKHR_8yC22LnTnz6AGyTMtBL80AM0DeR-6t5b9BRjSGWL19Ka93iyrzQlOGOiwMBJH3C27ZsUe4Ek62yETB98gZKtt_yq_VYGBuLxQ8DRhIv7B3TqZGDFp_toahNokRNLRLwyti6tsCsrmQhUfaUg95Orq7_A1G_4-lp4aKBnJnWcB75-pwPpdkzaCM8BgOcP_Ip29rkTebffrHiexs6H0?authuser=1&fife=s16383","true","200","image/png","89 50 4E 47","pending_browser_validation","recovered","/assets/images/investment/investment-LY-INV-000398-03.png"
"investment","فندق لبدة السياحي الخمس","398","LY-INV-000398","https://mymaps.usercontent.google.com/hostedimage/m/*/3AE5a_GwCda2ZeWavW9oWc7w1kUbTM8ACOZFe6WiMXurxCqDT1EecWdyOV3NfG4aNRXi41feeOOpRxzBNmySoosLd1cKrPioE__qP3Y8wXlW3aHg8uCQGUZ2zMy5NmPAH40ZsrzyKIqbETWeR1B3UlMOqJutw51FY7SxljxXO-jO3gxEh5BEVUhIhMzEmT2txvA2ZAYJrUZthMcfj5ajTN5g8uLX9RgYIkdLvtOqSz7Y18c3GNO6P_klly9UiAEc?authuser=1&fife=s16383","https://mymaps.usercontent.google.com/hostedimage/m/*/3AE5a_GwCda2ZeWavW9oWc7w1kUbTM8ACOZFe6WiMXurxCqDT1EecWdyOV3NfG4aNRXi41feeOOpRxzBNmySoosLd1cKrPioE__qP3Y8wXlW3aHg8uCQGUZ2zMy5NmPAH40ZsrzyKIqbETWeR1B3UlMOqJutw51FY7SxljxXO-jO3gxEh5BEVUhIhMzEmT2txvA2ZAYJrUZthMcfj5ajTN5g8uLX9RgYIkdLvtOqSz7Y18c3GNO6P_klly9UiAEc?authuser=1&fife=s16383","true","200","image/png","89 50 4E 47","pending_browser_validation","recovered","/assets/images/investment/investment-LY-INV-000398-04.png"
"investment","فندق لبدة السياحي الخمس","398","LY-INV-000398","https://mymaps.usercontent.google.com/hostedimage/m/*/3AE5a_GyuLHS3XQ2DJzCyFaen4i5SZU6RGtACkMYhuGpdzWUOgbgqE6ij_--1j9pGJmVw9MWRI6KBpDl6701wb9T9DpaEkxPr8pVxmff8ycYsW1SdRK5tu30eHM2HyifE8T93l_tmUK16his897aM5upUl70LpgTBuLN5TAHEhujNk0lARQXzcA3n9R05VcNXmiQoeNhJMx6f01Tkr4LB6HLOr-Fe4L7GAvo7PmU4N8k9uKBKB3sRX_2UqigQMp0?authuser=1&fife=s16383","https://mymaps.usercontent.google.com/hostedimage/m/*/3AE5a_GyuLHS3XQ2DJzCyFaen4i5SZU6RGtACkMYhuGpdzWUOgbgqE6ij_--1j9pGJmVw9MWRI6KBpDl6701wb9T9DpaEkxPr8pVxmff8ycYsW1SdRK5tu30eHM2HyifE8T93l_tmUK16his897aM5upUl70LpgTBuLN5TAHEhujNk0lARQXzcA3n9R05VcNXmiQoeNhJMx6f01Tkr4LB6HLOr-Fe4L7GAvo7PmU4N8k9uKBKB3sRX_2UqigQMp0?authuser=1&fife=s16383","true","200","image/png","89 50 4E 47","pending_browser_validation","recovered","/assets/images/investment/investment-LY-INV-000398-05.png"
"investment","فندق لبدة السياحي الخمس","398","LY-INV-000398","https://mymaps.usercontent.google.com/hostedimage/m/*/3AE5a_GwLRa7Jh2gjXSkuEtqDmmbIbWEwY1ZecOeGpku28COq_1sI0aG3MWPh88_Xi78dbiUOFxW-FwuO2hNEzvNdE9b57nW_JZ2kNOavHb1TF75LIXst-7bSgYJ4Y2zv9k2b3nwXXms4pfzLloxlwAa7SPGnbnOGZ1jhpeR8gHaO42zA5lQcvzxGFk6JTQVkvU1ZlOIAhk9pXVUOTMDBU9Eqe_H_w0EbHq0O9vZ9KggGEkFnhtmxBi2t3v8itR4?authuser=1&fife=s16383","https://mymaps.usercontent.google.com/hostedimage/m/*/3AE5a_GwLRa7Jh2gjXSkuEtqDmmbIbWEwY1ZecOeGpku28COq_1sI0aG3MWPh88_Xi78dbiUOFxW-FwuO2hNEzvNdE9b57nW_JZ2kNOavHb1TF75LIXst-7bSgYJ4Y2zv9k2b3nwXXms4pfzLloxlwAa7SPGnbnOGZ1jhpeR8gHaO42zA5lQcvzxGFk6JTQVkvU1ZlOIAhk9pXVUOTMDBU9Eqe_H_w0EbHq0O9vZ9KggGEkFnhtmxBi2t3v8itR4?authuser=1&fife=s16383","true","200","image/png","89 50 4E 47","pending_browser_validation","recovered","/assets/images/investment/investment-LY-INV-000398-06.png"
"investment","فندق لبدة السياحي الخمس","398","LY-INV-000398","https://mymaps.usercontent.google.com/hostedimage/m/*/3AE5a_GzHsP55ZgCJ8Ah8l6338L26t0OEYzD5bEXjQpiC3DXjcpiWkZ7rSfDSvDXfH0GYywiqzHrnuCtSVjRGUaa6ARlPGmNtFDikGHgmvpI6eBE1pxlkCWPyW8rq5Dr2xXBPA2lzid7lMfxmfKDP9xWFUYE5-yzsRmOPrz4iCWs7pLvf-L3v9Wp05sOHZf9KfEdzRJLyqQm3Is6F-bPu34FduEdPM2XcSC6IkGgY04APbm7Z5Si0lU769vtMSbI?authuser=1&fife=s16383","https://mymaps.usercontent.google.com/hostedimage/m/*/3AE5a_GzHsP55ZgCJ8Ah8l6338L26t0OEYzD5bEXjQpiC3DXjcpiWkZ7rSfDSvDXfH0GYywiqzHrnuCtSVjRGUaa6ARlPGmNtFDikGHgmvpI6eBE1pxlkCWPyW8rq5Dr2xXBPA2lzid7lMfxmfKDP9xWFUYE5-yzsRmOPrz4iCWs7pLvf-L3v9Wp05sOHZf9KfEdzRJLyqQm3Is6F-bPu34FduEdPM2XcSC6IkGgY04APbm7Z5Si0lU769vtMSbI?authuser=1&fife=s16383","true","200","image/png","89 50 4E 47","pending_browser_validation","recovered","/assets/images/investment/investment-LY-INV-000398-07.png"
"investment","فندق لبدة السياحي الخمس","398","LY-INV-000398","https://mymaps.usercontent.google.com/hostedimage/m/*/3AE5a_GxRi4xnEdok8oHppyID9h6jedie0D3zgncpKMLZY0BdLwXZMKV5UtXaLzdnLygO3JV1fwUBss_RPGdYVySAISkXi_gKOsCc0J2WmsOh3aIB_948P3ppLD5WHZXd8WmHT-Otx-xYd1LPwYwSCdDdURCQNf4xEbG-Hdl7A-BJHmxPoEHjM5Lw-gG66OwF2-XrcYBoYdCT122Fua8SyQ4YuYoPqTVgY2bFj4rkyo4fQ53p2m5zn97ACuW4GmE?authuser=1&fife=s16383","https://mymaps.usercontent.google.com/hostedimage/m/*/3AE5a_GxRi4xnEdok8oHppyID9h6jedie0D3zgncpKMLZY0BdLwXZMKV5UtXaLzdnLygO3JV1fwUBss_RPGdYVySAISkXi_gKOsCc0J2WmsOh3aIB_948P3ppLD5WHZXd8WmHT-Otx-xYd1LPwYwSCdDdURCQNf4xEbG-Hdl7A-BJHmxPoEHjM5Lw-gG66OwF2-XrcYBoYdCT122Fua8SyQ4YuYoPqTVgY2bFj4rkyo4fQ53p2m5zn97ACuW4GmE?authuser=1&fife=s16383","true","200","image/png","89 50 4E 47","pending_browser_validation","recovered","/assets/images/investment/investment-LY-INV-000398-08.png"
"investment","فندق لبدة السياحي الخمس","398","LY-INV-000398","https://mymaps.usercontent.google.com/hostedimage/m/*/3AE5a_GwvmA_PEYkhErCW5NluktWehsuY0KvroB1g1QwDOfzAw4I62zeG0VV-b1eCR0encOVnetch4RuSx3Cjdan5G4h7rbuUON2b5rJFOTmC_HiGTNl49SNB-F-WAzf8uqUH36TpqKvyiI5uai9wR9CAnMD577atbGyw4O02IPOKLbXA8S-EIxqrppBr-bD9rqyNvDnqjPGvhYDb5MlGniLFm_JHlXr6-Y1bP63zjQdRe0YAEYYvgjZvFOgIP1w?authuser=1&fife=s16383","https://mymaps.usercontent.google.com/hostedimage/m/*/3AE5a_GwvmA_PEYkhErCW5NluktWehsuY0KvroB1g1QwDOfzAw4I62zeG0VV-b1eCR0encOVnetch4RuSx3Cjdan5G4h7rbuUON2b5rJFOTmC_HiGTNl49SNB-F-WAzf8uqUH36TpqKvyiI5uai9wR9CAnMD577atbGyw4O02IPOKLbXA8S-EIxqrppBr-bD9rqyNvDnqjPGvhYDb5MlGniLFm_JHlXr6-Y1bP63zjQdRe0YAEYYvgjZvFOgIP1w?authuser=1&fife=s16383","true","200","image/png","89 50 4E 47","pending_browser_validation","recovered","/assets/images/investment/investment-LY-INV-000398-09.png"
"investment","فندق ليالي قرطاج","399","LY-INV-000399","https://mymaps.usercontent.google.com/hostedimage/m/*/3AE5a_Gx7MuBw4xR8bqzslWbqjek0Xs7i0dZh1EIsx5xT7R34-uJ99z2J-Hkpepk13pjsYcurULfO5remMlU_IayWxiUVdxT79zS-s6ymw_q3I9Ffhd8IUBAjhO5G2FrJSHjj2cQtC2MhSeRvVOr7diaABEYuKerJ-NYBUEcUpnAPwMJzhWHLfQ-l3U0Y0O_hGiCjj0Y_L4ADlWgOZf_XUJIFV-hpwLGb1zEifK1tpz_UhG0yna5-m8xomOnuEK0?authuser=1&fife=s16383","https://mymaps.usercontent.google.com/hostedimage/m/*/3AE5a_Gx7MuBw4xR8bqzslWbqjek0Xs7i0dZh1EIsx5xT7R34-uJ99z2J-Hkpepk13pjsYcurULfO5remMlU_IayWxiUVdxT79zS-s6ymw_q3I9Ffhd8IUBAjhO5G2FrJSHjj2cQtC2MhSeRvVOr7diaABEYuKerJ-NYBUEcUpnAPwMJzhWHLfQ-l3U0Y0O_hGiCjj0Y_L4ADlWgOZf_XUJIFV-hpwLGb1zEifK1tpz_UhG0yna5-m8xomOnuEK0?authuser=1&fife=s16383","true","200","image/png","89 50 4E 47","pending_browser_validation","recovered","/assets/images/investment/investment-LY-INV-000393-02.png"
"investment","فندق ليالي قرطاج","399","LY-INV-000399","https://mymaps.usercontent.google.com/hostedimage/m/*/3AE5a_Gyi5SuGujCytyQK2aBDBVjOeFEQsVp--B6v4qnwAoWZdjxGNCqfBkuHdcB_BkhIKa94ueLGloud2J3GahtirD4HAr8iAAQU4Lz60SvaaftckKF9DXv5JJG25ADmoy3o9HCEEb_u1wkbjWp7EuoCyCDYRNY1wSEsuhrnv_BPH7ar7PT2cKscoDtqfzC4Umrlzw093iw8zbuDj_uyS8Opf92JkK__lpa0Sf4Sd91QATQOpTYp_zuvVwiFkmk?authuser=1&fife=s16383","https://mymaps.usercontent.google.com/hostedimage/m/*/3AE5a_Gyi5SuGujCytyQK2aBDBVjOeFEQsVp--B6v4qnwAoWZdjxGNCqfBkuHdcB_BkhIKa94ueLGloud2J3GahtirD4HAr8iAAQU4Lz60SvaaftckKF9DXv5JJG25ADmoy3o9HCEEb_u1wkbjWp7EuoCyCDYRNY1wSEsuhrnv_BPH7ar7PT2cKscoDtqfzC4Umrlzw093iw8zbuDj_uyS8Opf92JkK__lpa0Sf4Sd91QATQOpTYp_zuvVwiFkmk?authuser=1&fife=s16383","true","200","image/png","89 50 4E 47","pending_browser_validation","recovered","/assets/images/investment/investment-LY-INV-000393-01.png"
"investment","فندق ليالي قرطاج","399","LY-INV-000399","https://mymaps.usercontent.google.com/hostedimage/m/*/3AE5a_Gwv_mPrcJy1Vg8xo3xbSC34M7eD2gzlHqqOMG_Nrx0gaKKI6oScC6i53RUYB2585GoD3H2rUhGIHeFTEmbvwT4FOYarVULwYbm-lrwr4vhAD0RDori_tlSU3h8pEc4d4-OE4IslqyBPvrj7L0tT_wgBhFH_9uL8jsZfAZSL9H43mGNaUB4qef0R04cbE8404DhuBejQ5m9mK6Q9h5YQzwSMv-cqp1H2kRxVZW68aljEyaLHRmpVW2FPv38?authuser=1&fife=s16383","https://mymaps.usercontent.google.com/hostedimage/m/*/3AE5a_Gwv_mPrcJy1Vg8xo3xbSC34M7eD2gzlHqqOMG_Nrx0gaKKI6oScC6i53RUYB2585GoD3H2rUhGIHeFTEmbvwT4FOYarVULwYbm-lrwr4vhAD0RDori_tlSU3h8pEc4d4-OE4IslqyBPvrj7L0tT_wgBhFH_9uL8jsZfAZSL9H43mGNaUB4qef0R04cbE8404DhuBejQ5m9mK6Q9h5YQzwSMv-cqp1H2kRxVZW68aljEyaLHRmpVW2FPv38?authuser=1&fife=s16383","true","200","image/png","89 50 4E 47","pending_browser_validation","recovered","/assets/images/investment/investment-LY-INV-000393-03.png"
"investment","فندق ليبيا","400","LY-INV-000400","https://mymaps.usercontent.google.com/hostedimage/m/*/3AE5a_GykXLjyt_3u2hqUpC93KA5Zwmm5gZ1X0fkvEz-CaqepNxX1L4kKOkVO8Mah8dmZQEn4qvb-Ppnyr2ytFnlWxXmnJfqpzJdbiUpMIBPo1EViFmgvKQItTzT7WUBhOa8qD4ACdPCd_LPwH1uy_EmhaBpxBstfZBPqLzriQxEbOWmbihI608XRPZeuAV0NWRKXPmeDZJCHzNNIRJNWS4j9uDdsyQ0VQB7M-QBx1Pj7e0FUvuQkHW3qegM3yh4?authuser=1&fife=s16383","https://mymaps.usercontent.google.com/hostedimage/m/*/3AE5a_GykXLjyt_3u2hqUpC93KA5Zwmm5gZ1X0fkvEz-CaqepNxX1L4kKOkVO8Mah8dmZQEn4qvb-Ppnyr2ytFnlWxXmnJfqpzJdbiUpMIBPo1EViFmgvKQItTzT7WUBhOa8qD4ACdPCd_LPwH1uy_EmhaBpxBstfZBPqLzriQxEbOWmbihI608XRPZeuAV0NWRKXPmeDZJCHzNNIRJNWS4j9uDdsyQ0VQB7M-QBx1Pj7e0FUvuQkHW3qegM3yh4?authuser=1&fife=s16383","true","200","image/png","89 50 4E 47","pending_browser_validation","recovered","/assets/images/investment/investment-LY-INV-000400-01.png"
"investment","فندق ليبيا","400","LY-INV-000400","https://mymaps.usercontent.google.com/hostedimage/m/*/3AE5a_Gy6xsTnuu0pSJVD2xs2U5GX3gDh-BBg3aQCkeu3BSPzUK2zww_A5je1QtY0ljV1dK1gJMFL4zbOFRI6NQH5FdwI8kAiwMH00X88dtEdKEj2lPAqezNLvpjOBoQVe1UC5xpl2xd1ZID7sckDpFSKtUCs4SqBMJLY5NafZw5qVBtD7dvec1ZV5hgbUGb0ui6b1tMEP2t3L32YCgeZoZi7UTzLT_fOEK4CpK4JsrmHxL97FaQl5CzEyVFCj2w?authuser=1&fife=s16383","https://mymaps.usercontent.google.com/hostedimage/m/*/3AE5a_Gy6xsTnuu0pSJVD2xs2U5GX3gDh-BBg3aQCkeu3BSPzUK2zww_A5je1QtY0ljV1dK1gJMFL4zbOFRI6NQH5FdwI8kAiwMH00X88dtEdKEj2lPAqezNLvpjOBoQVe1UC5xpl2xd1ZID7sckDpFSKtUCs4SqBMJLY5NafZw5qVBtD7dvec1ZV5hgbUGb0ui6b1tMEP2t3L32YCgeZoZi7UTzLT_fOEK4CpK4JsrmHxL97FaQl5CzEyVFCj2w?authuser=1&fife=s16383","true","200","image/png","89 50 4E 47","pending_browser_validation","recovered","/assets/images/investment/investment-LY-INV-000400-02.png"
"investment","فندق ليبيا","400","LY-INV-000400","https://mymaps.usercontent.google.com/hostedimage/m/*/3AE5a_GzGO3jOwCqn2PUEKPpjAo0WdDabNd3Ucxtc_c3gl1hjZ8LFJGU0cxCNS9VMb1DwmZ5emrVq-hbZoHG9vjll0KojTx6KUaJWZSSG4n-9IwTywSj2Ax1T7-KxUK0zMUUVdXiz771ciMmZCZvWanOKievkBadjGjVyeYTPJdCN5yolRAuCp-CVnPTNKzPQMNNkhzBBkgGD63FeYySGY8B34-5JJmYc4C38ZRi_iqEhra0UPaqEWV30M4VQaQc?authuser=1&fife=s16383","https://mymaps.usercontent.google.com/hostedimage/m/*/3AE5a_GzGO3jOwCqn2PUEKPpjAo0WdDabNd3Ucxtc_c3gl1hjZ8LFJGU0cxCNS9VMb1DwmZ5emrVq-hbZoHG9vjll0KojTx6KUaJWZSSG4n-9IwTywSj2Ax1T7-KxUK0zMUUVdXiz771ciMmZCZvWanOKievkBadjGjVyeYTPJdCN5yolRAuCp-CVnPTNKzPQMNNkhzBBkgGD63FeYySGY8B34-5JJmYc4C38ZRi_iqEhra0UPaqEWV30M4VQaQc?authuser=1&fife=s16383","true","200","image/png","89 50 4E 47","pending_browser_validation","recovered","/assets/images/investment/investment-LY-INV-000400-03.png"
"investment","فندق ليبيا","400","LY-INV-000400","https://mymaps.usercontent.google.com/hostedimage/m/*/3AE5a_GwqbEmjG04VS1O1v22F8-MNaSGFkFM3DESYKYQP1Zdo7kC-47qrplQ4sEwK0Kts_Hsj_6l3B_u6Nm3nmX0uskyiJkPbezTFCeUpHd316Q6_FzrtICr0o4kb3u8uA-lA0P0d-gT931ULCkqrKfODQuqrOMrJKmKHZCwh-CL_yEgEJPyIoqc2i53CRUnZrKX-KD_SNh4lV8vMN4pqH_JKBnMSXq-WOTTjsHhM3xgTGiBBG4Oet5LwAYy9QUs?authuser=1&fife=s16383","https://mymaps.usercontent.google.com/hostedimage/m/*/3AE5a_GwqbEmjG04VS1O1v22F8-MNaSGFkFM3DESYKYQP1Zdo7kC-47qrplQ4sEwK0Kts_Hsj_6l3B_u6Nm3nmX0uskyiJkPbezTFCeUpHd316Q6_FzrtICr0o4kb3u8uA-lA0P0d-gT931ULCkqrKfODQuqrOMrJKmKHZCwh-CL_yEgEJPyIoqc2i53CRUnZrKX-KD_SNh4lV8vMN4pqH_JKBnMSXq-WOTTjsHhM3xgTGiBBG4Oet5LwAYy9QUs?authuser=1&fife=s16383","true","200","image/png","89 50 4E 47","pending_browser_validation","recovered","/assets/images/investment/investment-LY-INV-000400-04.png"
"investment","فندق ليبيا","400","LY-INV-000400","https://mymaps.usercontent.google.com/hostedimage/m/*/3AE5a_GzpaGYk0z0SPJU-dTdpcDZ56FfDCR-bT7nE2EbMn4K5rMjvRlAdN9BWT1kkV_oNtAJZ1fN8sNgpB3xhxQ5AyeS58vIgwwlON46METIwUJnhfZuBNLIzsyLdj0VNWAfZGVMJK56G0Qp5YkNBw8Plf9GqTAu470_osnqNE412epbxRINrwAKJzppUJJdAiyB5us-_HHBVZ8Uy4mS8HcN4_A-vd8YHdmv0rgLb8Vv3lEkFyCjObHBB-s7wD2w?authuser=1&fife=s16383","https://mymaps.usercontent.google.com/hostedimage/m/*/3AE5a_GzpaGYk0z0SPJU-dTdpcDZ56FfDCR-bT7nE2EbMn4K5rMjvRlAdN9BWT1kkV_oNtAJZ1fN8sNgpB3xhxQ5AyeS58vIgwwlON46METIwUJnhfZuBNLIzsyLdj0VNWAfZGVMJK56G0Qp5YkNBw8Plf9GqTAu470_osnqNE412epbxRINrwAKJzppUJJdAiyB5us-_HHBVZ8Uy4mS8HcN4_A-vd8YHdmv0rgLb8Vv3lEkFyCjObHBB-s7wD2w?authuser=1&fife=s16383","true","200","image/png","89 50 4E 47","pending_browser_validation","recovered","/assets/images/investment/investment-LY-INV-000400-05.png"
"investment","فندق ليبيا","400","LY-INV-000400","https://mymaps.usercontent.google.com/hostedimage/m/*/3AE5a_GwrLMZsxfyULdrk5eNbx2SN1CwykrMxtuCRyrdWDF5HT0jGv9rrdBq9QfGqEL5Nox_oy0XTQ05YYHvZUxYqUDsIWER4F_CRZvVF8mIJ1mflCWBr6gm0gua_WErrbFIK7pJOImoBSHW40_WqD9wezviFtKDKrQCe2j5qVN9xZjTzjnytBHF0ozWfIB0D_M6AhuJSnTyvw7HIpy5-FXe9XzaIpoh-dPCqvDWtKGHkMlQeiOjEj0ofXBN70YM?authuser=1&fife=s16383","https://mymaps.usercontent.google.com/hostedimage/m/*/3AE5a_GwrLMZsxfyULdrk5eNbx2SN1CwykrMxtuCRyrdWDF5HT0jGv9rrdBq9QfGqEL5Nox_oy0XTQ05YYHvZUxYqUDsIWER4F_CRZvVF8mIJ1mflCWBr6gm0gua_WErrbFIK7pJOImoBSHW40_WqD9wezviFtKDKrQCe2j5qVN9xZjTzjnytBHF0ozWfIB0D_M6AhuJSnTyvw7HIpy5-FXe9XzaIpoh-dPCqvDWtKGHkMlQeiOjEj0ofXBN70YM?authuser=1&fife=s16383","true","200","image/png","89 50 4E 47","pending_browser_validation","recovered","/assets/images/investment/investment-LY-INV-000400-06.png"
"investment","فندق مادي الحسان","401","LY-INV-000401","https://mymaps.usercontent.google.com/hostedimage/m/*/3AE5a_GyLVCG35fXbhSIOMdKY-zD3kWhxaN3tSo68jH8e1skHjfpvlllLkrJBTeHtc1R8MB-rzcHWMqgJODpgC5BUlnRWkgHekredEkGyJAipgQGXyKEypux4_gOdwKibJoUrQpNYbefRbt4olCEbjIJe2OrJIk8jF7MW7LknIX3Ii6ilGzgqeCYFxNnhi1JFAz1L0Z2F6m4xzZYws02MIQ0t1JAr9CXKOw2mzXR9akqcoc2r_6F45lx2pNGDai4?authuser=1&fife=s16383","https://mymaps.usercontent.google.com/hostedimage/m/*/3AE5a_GyLVCG35fXbhSIOMdKY-zD3kWhxaN3tSo68jH8e1skHjfpvlllLkrJBTeHtc1R8MB-rzcHWMqgJODpgC5BUlnRWkgHekredEkGyJAipgQGXyKEypux4_gOdwKibJoUrQpNYbefRbt4olCEbjIJe2OrJIk8jF7MW7LknIX3Ii6ilGzgqeCYFxNnhi1JFAz1L0Z2F6m4xzZYws02MIQ0t1JAr9CXKOw2mzXR9akqcoc2r_6F45lx2pNGDai4?authuser=1&fife=s16383","true","200","image/png","89 50 4E 47","pending_browser_validation","recovered","/assets/images/investment/investment-LY-INV-000401-01.png"
"investment","فندق مادي الحسان","401","LY-INV-000401","https://mymaps.usercontent.google.com/hostedimage/m/*/3AE5a_Gx4Mu268xGNCN5a9c2npth86C7p4ZcqGoqaKk0BKsfGMrVB-arrk6Yf4JSwVrEb86gJRTDyGCzcFt1yIepEm8xyKMK3mfCWcI6GHV0QYHpewOOc4hP4SJa9-OEFWFXmidiGibi7nEdt_U3-J-vrfD0k5kCQZPo2aJZFAokEwGnrSPVY0-3qhU_TEL7wxhIcO27UVTkO23-2JXUqBzvpjZpG224ZabVLY8s3hBJ4Hg-0fHdES3cehKgZOpY?authuser=1&fife=s16383","https://mymaps.usercontent.google.com/hostedimage/m/*/3AE5a_Gx4Mu268xGNCN5a9c2npth86C7p4ZcqGoqaKk0BKsfGMrVB-arrk6Yf4JSwVrEb86gJRTDyGCzcFt1yIepEm8xyKMK3mfCWcI6GHV0QYHpewOOc4hP4SJa9-OEFWFXmidiGibi7nEdt_U3-J-vrfD0k5kCQZPo2aJZFAokEwGnrSPVY0-3qhU_TEL7wxhIcO27UVTkO23-2JXUqBzvpjZpG224ZabVLY8s3hBJ4Hg-0fHdES3cehKgZOpY?authuser=1&fife=s16383","true","200","image/png","89 50 4E 47","pending_browser_validation","recovered","/assets/images/investment/investment-LY-INV-000401-02.png"
"investment","فندق مادي الحسان","401","LY-INV-000401","https://mymaps.usercontent.google.com/hostedimage/m/*/3AE5a_Gylsh-8fOsQamGgR1saHAGEhdUoaTD6vxmbEOcJfEeM96W54KBjt11OV5fpKJa0J00_g9A0xilqwVRlKEoakA0ATTLOft2UOfEaekBiGqUHE1aVghQVO9Nz44g8Yt5ddhEI71mvyD5rouGUPDA_e96R3L_VbwrCTO6SA1siNhYdrjOhWGmUG-qxaooKjGyeO4gMBZZ3ikJ7lo8xSyZKSbgCpARDn94ksigk3mFhhqlwYSjhy5wB5zYyM9k?authuser=1&fife=s16383","https://mymaps.usercontent.google.com/hostedimage/m/*/3AE5a_Gylsh-8fOsQamGgR1saHAGEhdUoaTD6vxmbEOcJfEeM96W54KBjt11OV5fpKJa0J00_g9A0xilqwVRlKEoakA0ATTLOft2UOfEaekBiGqUHE1aVghQVO9Nz44g8Yt5ddhEI71mvyD5rouGUPDA_e96R3L_VbwrCTO6SA1siNhYdrjOhWGmUG-qxaooKjGyeO4gMBZZ3ikJ7lo8xSyZKSbgCpARDn94ksigk3mFhhqlwYSjhy5wB5zYyM9k?authuser=1&fife=s16383","true","200","image/png","89 50 4E 47","pending_browser_validation","recovered","/assets/images/investment/investment-LY-INV-000401-03.png"
"investment","فندق مادي الحسان","401","LY-INV-000401","https://mymaps.usercontent.google.com/hostedimage/m/*/3AE5a_GxkaNDJ0fPkTWhkn2zd4iVC2bWSNv6LtaPm5I8J0UjPWeIfc2L-97fzlXF8kzdLCqAIS0pDciAGQPG70wDQJSXFKUFDPK_E-eCgjPtcL763qOEzfoI4ezsgHnt4IbN-5Dbo1wD18wzkNon9fnw5K9g7NmqiBa9Uzdroj8MPoUXKE36CxLiXFmTV20HwXj-MM_AR_s99WrBHIZj5Fm9pa1V4B_Yf3ouZHPGfUlEaU7iWmPbkrrV_k9TcIo8?authuser=1&fife=s16383","https://mymaps.usercontent.google.com/hostedimage/m/*/3AE5a_GxkaNDJ0fPkTWhkn2zd4iVC2bWSNv6LtaPm5I8J0UjPWeIfc2L-97fzlXF8kzdLCqAIS0pDciAGQPG70wDQJSXFKUFDPK_E-eCgjPtcL763qOEzfoI4ezsgHnt4IbN-5Dbo1wD18wzkNon9fnw5K9g7NmqiBa9Uzdroj8MPoUXKE36CxLiXFmTV20HwXj-MM_AR_s99WrBHIZj5Fm9pa1V4B_Yf3ouZHPGfUlEaU7iWmPbkrrV_k9TcIo8?authuser=1&fife=s16383","true","200","image/png","89 50 4E 47","pending_browser_validation","recovered","/assets/images/investment/investment-LY-INV-000401-04.png"
"investment","فندق نجوم غدامس","402","LY-INV-000402","https://mymaps.usercontent.google.com/hostedimage/m/*/3AE5a_Gxxikq5DeMUCbFERqoR6M6KfvP1SbuLNCp-Q6g9mqI5ADeXwfAjOJmhQV603TBSN8Q58bgdSKPEtXh5NVbt-OXlO_b6WLYByw2uJzharTjeCZ5rUumqn8fIVnTzlmQt4MtyTCWn6JNeu3PlDX-8th6e314ZIELLpQR8kAfs0pq5yscNA-1aZ8BIkSewA5NoNwGPgu-9wOXPGzqurTpnhCTeSX5DnxmRwJXRRLW5w1qL8ExpBKFGgcTWbhg?authuser=1&fife=s16383","https://mymaps.usercontent.google.com/hostedimage/m/*/3AE5a_Gxxikq5DeMUCbFERqoR6M6KfvP1SbuLNCp-Q6g9mqI5ADeXwfAjOJmhQV603TBSN8Q58bgdSKPEtXh5NVbt-OXlO_b6WLYByw2uJzharTjeCZ5rUumqn8fIVnTzlmQt4MtyTCWn6JNeu3PlDX-8th6e314ZIELLpQR8kAfs0pq5yscNA-1aZ8BIkSewA5NoNwGPgu-9wOXPGzqurTpnhCTeSX5DnxmRwJXRRLW5w1qL8ExpBKFGgcTWbhg?authuser=1&fife=s16383","true","200","image/png","89 50 4E 47","pending_browser_validation","recovered","/assets/images/investment/investment-LY-INV-000402-01.png"
"investment","فندق نجوم غدامس","402","LY-INV-000402","https://mymaps.usercontent.google.com/hostedimage/m/*/3AE5a_Gx3nenqNYrwyyYjm5Wv6ZLciP2GJhPZH7bkMZPn8uni5wGv55c8oheT6RGgnTdRAQs6-4wooA188kkNUJBoMF2hjr_iJbUnN-0ro4lzK-ueu43lG2-SsS6v0wBuut0djydshN27i7kXxdL7kC1tWYum4xkvuPxlnTR02hOAt-Nhx9wczLxo3TMW_VB8SGolKmMU7cjrk3K_Zh9-BhxJhKmBbqS9phtHsdvuY7F525wgCDxh7jY5NnASUo4?authuser=1&fife=s16383","https://mymaps.usercontent.google.com/hostedimage/m/*/3AE5a_Gx3nenqNYrwyyYjm5Wv6ZLciP2GJhPZH7bkMZPn8uni5wGv55c8oheT6RGgnTdRAQs6-4wooA188kkNUJBoMF2hjr_iJbUnN-0ro4lzK-ueu43lG2-SsS6v0wBuut0djydshN27i7kXxdL7kC1tWYum4xkvuPxlnTR02hOAt-Nhx9wczLxo3TMW_VB8SGolKmMU7cjrk3K_Zh9-BhxJhKmBbqS9phtHsdvuY7F525wgCDxh7jY5NnASUo4?authuser=1&fife=s16383","true","200","image/png","89 50 4E 47","pending_browser_validation","recovered","/assets/images/investment/investment-LY-INV-000402-02.png"
"investment","فندق نجوم غدامس","402","LY-INV-000402","https://mymaps.usercontent.google.com/hostedimage/m/*/3AE5a_Gxd0H7_U1L4a4Rd7-e0VLsCrad8p1yj37WcdU_FyBaQujvDVeRAdlJDCBBm8h0HQTsoRVGRg5k3i1BxzBGul5mZbUzPk6AX4ybNB5fRMgmppMI0oRk4ACLhqP0D-JryUuyL4kwMYJH7x-qr_PNmpTIUqApnpK8IIxMe2PnhWKFG-LXaGKygPVgWCYkHSS20GArblRUJYK9nAka1DId3LtcEuQpi34j0sbhrFXunniX5_il43V4eMjOiLlA?authuser=1&fife=s16383","https://mymaps.usercontent.google.com/hostedimage/m/*/3AE5a_Gxd0H7_U1L4a4Rd7-e0VLsCrad8p1yj37WcdU_FyBaQujvDVeRAdlJDCBBm8h0HQTsoRVGRg5k3i1BxzBGul5mZbUzPk6AX4ybNB5fRMgmppMI0oRk4ACLhqP0D-JryUuyL4kwMYJH7x-qr_PNmpTIUqApnpK8IIxMe2PnhWKFG-LXaGKygPVgWCYkHSS20GArblRUJYK9nAka1DId3LtcEuQpi34j0sbhrFXunniX5_il43V4eMjOiLlA?authuser=1&fife=s16383","true","200","image/png","89 50 4E 47","pending_browser_validation","recovered","/assets/images/investment/investment-LY-INV-000402-03.png"
"investment","فندق نور الثريا","403","LY-INV-000403","https://mymaps.usercontent.google.com/hostedimage/m/*/3AE5a_Gy-KeXivmq3_6P0ufE7CSG3hrS5GPcmx9G3piPbOmd7ZYnA2u2d26hZHQI9xDl5Pjk-mb1vjOyoSm5goAZjDwQb601toJP6-hNB7vVpneRQsCKYnNnBOT4HwAQPE7XkZOieYIxtxHWE818P5uFWEa37W9K_HBzJ5aVHlHzNDzfGAZ_P-97Tp6NqXBH8z7nSeMr31DcXvIEgas7fDo8VDgTvXaXQIc2wc4rihj8ok-cQjVczhIWb-Y23fmI?authuser=1&fife=s16383","https://mymaps.usercontent.google.com/hostedimage/m/*/3AE5a_Gy-KeXivmq3_6P0ufE7CSG3hrS5GPcmx9G3piPbOmd7ZYnA2u2d26hZHQI9xDl5Pjk-mb1vjOyoSm5goAZjDwQb601toJP6-hNB7vVpneRQsCKYnNnBOT4HwAQPE7XkZOieYIxtxHWE818P5uFWEa37W9K_HBzJ5aVHlHzNDzfGAZ_P-97Tp6NqXBH8z7nSeMr31DcXvIEgas7fDo8VDgTvXaXQIc2wc4rihj8ok-cQjVczhIWb-Y23fmI?authuser=1&fife=s16383","true","200","image/png","89 50 4E 47","pending_browser_validation","recovered","/assets/images/investment/investment-LY-INV-000403-01.png"
"investment","فندق نور الثريا","403","LY-INV-000403","https://mymaps.usercontent.google.com/hostedimage/m/*/3AE5a_Gwg9s8BNL3Q1Q4R14JY9xRjjD0OC8hfj5fBBdMcF5__6Ok5e84t4Bthv41tRMiF-2W_wWvE0SJ6dUPGTx2dcZpyqj_J1wSILjqjT57_yhJLaR4bXjjHXhAaNWUr4Juxxm87Z8197zb3a8C5H4KLZlPPMCN9woW-3UqBdqQrD3iOE2497Fhq7JQek25j5XOQFgbk5vIMGyIRK5G9pkue-88hyjFvu6tQRpqH1jLDrrWVWCMoWXmLQJ-xxh0?authuser=1&fife=s16383","https://mymaps.usercontent.google.com/hostedimage/m/*/3AE5a_Gwg9s8BNL3Q1Q4R14JY9xRjjD0OC8hfj5fBBdMcF5__6Ok5e84t4Bthv41tRMiF-2W_wWvE0SJ6dUPGTx2dcZpyqj_J1wSILjqjT57_yhJLaR4bXjjHXhAaNWUr4Juxxm87Z8197zb3a8C5H4KLZlPPMCN9woW-3UqBdqQrD3iOE2497Fhq7JQek25j5XOQFgbk5vIMGyIRK5G9pkue-88hyjFvu6tQRpqH1jLDrrWVWCMoWXmLQJ-xxh0?authuser=1&fife=s16383","true","200","image/png","89 50 4E 47","pending_browser_validation","recovered","/assets/images/investment/investment-LY-INV-000403-02.png"
"investment","فندق نور الثريا","403","LY-INV-000403","https://mymaps.usercontent.google.com/hostedimage/m/*/3AE5a_GzhWDTQX958Q2ja7zMdsPsP3VU0YImcDpkrVDf7HWRVV9qCO-fbQ-6JTNraTta0pfXrPtENWj3BysFspDdx3HvFsL3mT2XwAI5bxU4eiOniOYTZ6UomKHkUDRmvqk8tlcOupLipObMqK2pStb4qcu2tCIr2sdJAnjVLGVqQO2j6_QUhZzHw58m-3M4VUrCnuKkCWWI3TOk_QsTI_-CBddnel1kB7Bf0IzIZWsDRzpz_hKTJ3N0hrw2-jGI?authuser=1&fife=s16383","https://mymaps.usercontent.google.com/hostedimage/m/*/3AE5a_GzhWDTQX958Q2ja7zMdsPsP3VU0YImcDpkrVDf7HWRVV9qCO-fbQ-6JTNraTta0pfXrPtENWj3BysFspDdx3HvFsL3mT2XwAI5bxU4eiOniOYTZ6UomKHkUDRmvqk8tlcOupLipObMqK2pStb4qcu2tCIr2sdJAnjVLGVqQO2j6_QUhZzHw58m-3M4VUrCnuKkCWWI3TOk_QsTI_-CBddnel1kB7Bf0IzIZWsDRzpz_hKTJ3N0hrw2-jGI?authuser=1&fife=s16383","true","200","image/png","89 50 4E 47","pending_browser_validation","recovered","/assets/images/investment/investment-LY-INV-000403-03.png"
"investment","فندق نور الثريا","403","LY-INV-000403","https://mymaps.usercontent.google.com/hostedimage/m/*/3AE5a_Gwbe1AG7Ils60nwGGPRfh7jKLDUSoGORLbLVmYc6ksE2as1FXo7xTOvEH07GGBbIPa7Msula0_PIHl0dcSJzmt2ioQFDKfR_DHVfCIkK1oqqCLrghXFJ1a_OYyw7QQH15OTRqrTH2d7q9WbFenmGqmtJ6-9A91Yb3PxrVW86KAwjE6c455oi0oglHv7g8tzsVX2uizfx1PdMjdFZysJvBAuPsv_Dx69rLKmKx3b16uDo1RVHP03z7CNW4k?authuser=1&fife=s16383","https://mymaps.usercontent.google.com/hostedimage/m/*/3AE5a_Gwbe1AG7Ils60nwGGPRfh7jKLDUSoGORLbLVmYc6ksE2as1FXo7xTOvEH07GGBbIPa7Msula0_PIHl0dcSJzmt2ioQFDKfR_DHVfCIkK1oqqCLrghXFJ1a_OYyw7QQH15OTRqrTH2d7q9WbFenmGqmtJ6-9A91Yb3PxrVW86KAwjE6c455oi0oglHv7g8tzsVX2uizfx1PdMjdFZysJvBAuPsv_Dx69rLKmKx3b16uDo1RVHP03z7CNW4k?authuser=1&fife=s16383","true","200","image/png","89 50 4E 47","pending_browser_validation","recovered","/assets/images/investment/investment-LY-INV-000403-04.png"
"investment","فندق ومطعم الامتياز","405","LY-INV-000405","https://mymaps.usercontent.google.com/hostedimage/m/*/3AE5a_GyH3spxw8Neznr0WbJfeJZheZQcz4TktQXe-jmBV1V6qgP2yms1N1abU1-wR6B2PVdzEHz3B94ApIAAypnPj-E_SGdHsfvc0CqypZZLLYx001ZhD2jtOdASo3zM6mi-Lvyijy7--9nSuVkTSQH541y2FOL9qezXy-wwSUSPBV_uG86yc1-TT-z7A0yIdv7EIj9mXvjPeQPmHS84WMIybJO48FfSiH9b1qiO7LpfP3pahMZJeo44IWwwTvc?authuser=1&fife=s16383","https://mymaps.usercontent.google.com/hostedimage/m/*/3AE5a_GyH3spxw8Neznr0WbJfeJZheZQcz4TktQXe-jmBV1V6qgP2yms1N1abU1-wR6B2PVdzEHz3B94ApIAAypnPj-E_SGdHsfvc0CqypZZLLYx001ZhD2jtOdASo3zM6mi-Lvyijy7--9nSuVkTSQH541y2FOL9qezXy-wwSUSPBV_uG86yc1-TT-z7A0yIdv7EIj9mXvjPeQPmHS84WMIybJO48FfSiH9b1qiO7LpfP3pahMZJeo44IWwwTvc?authuser=1&fife=s16383","true","200","image/png","89 50 4E 47","pending_browser_validation","recovered","/assets/images/investment/investment-LY-INV-000405-01.png"
"investment","فندق ومطعم الامتياز","405","LY-INV-000405","https://mymaps.usercontent.google.com/hostedimage/m/*/3AE5a_GzUdN_0nawWKu9hafFuGJOtTPCrKuk5n2i83mjUNpYdPTux2gMfu4-NSO9SltfU14kfB41TP6WEE1UWGVN14yK2VNZfas_j84yv6vQrCytkT8-rFVIqBNVu19dINxnNgeTixeH1rxFHurT4arY1lggkYCaWm4bJqOw6qPmuZjQt1jQDdjLMsRWHrq94aNWADQEedskIE5f8-lRVctRyCC9oxj46zFb_DurKcmam61IrfkdwQxfcHVboVrc?authuser=1&fife=s16383","https://mymaps.usercontent.google.com/hostedimage/m/*/3AE5a_GzUdN_0nawWKu9hafFuGJOtTPCrKuk5n2i83mjUNpYdPTux2gMfu4-NSO9SltfU14kfB41TP6WEE1UWGVN14yK2VNZfas_j84yv6vQrCytkT8-rFVIqBNVu19dINxnNgeTixeH1rxFHurT4arY1lggkYCaWm4bJqOw6qPmuZjQt1jQDdjLMsRWHrq94aNWADQEedskIE5f8-lRVctRyCC9oxj46zFb_DurKcmam61IrfkdwQxfcHVboVrc?authuser=1&fife=s16383","true","200","image/png","89 50 4E 47","pending_browser_validation","recovered","/assets/images/investment/investment-LY-INV-000405-02.png"
"investment","فندق ومطعم الامتياز","405","LY-INV-000405","https://mymaps.usercontent.google.com/hostedimage/m/*/3AE5a_GyCeAvbDlqUtGUS50TfqxDO7P-LthvVaFRKRRaXxA7S1dWAFgBr613I0bI9CzmVB5L1spF-m7NHC5pVOisb2SZ_4V1nNE8n44-gG4AcUgSzKtt9tgV1yO-g3I5DTj14SCGHk3wizHl7PSDCY2RmlaONHkyeIqEi31CY0mDWmLKBedoFznlq7B5zwuligcAgxPjt1h47ckm8slBgMLR7ANBIZ8lgOEi1o7RmH-KS2gT7dEaWzmiMTygiaL4?authuser=1&fife=s16383","https://mymaps.usercontent.google.com/hostedimage/m/*/3AE5a_GyCeAvbDlqUtGUS50TfqxDO7P-LthvVaFRKRRaXxA7S1dWAFgBr613I0bI9CzmVB5L1spF-m7NHC5pVOisb2SZ_4V1nNE8n44-gG4AcUgSzKtt9tgV1yO-g3I5DTj14SCGHk3wizHl7PSDCY2RmlaONHkyeIqEi31CY0mDWmLKBedoFznlq7B5zwuligcAgxPjt1h47ckm8slBgMLR7ANBIZ8lgOEi1o7RmH-KS2gT7dEaWzmiMTygiaL4?authuser=1&fife=s16383","true","200","image/png","89 50 4E 47","pending_browser_validation","recovered","/assets/images/investment/investment-LY-INV-000405-03.png"
"investment","فندق ومطعم الامتياز","405","LY-INV-000405","https://mymaps.usercontent.google.com/hostedimage/m/*/3AE5a_GzcsTCeLe5tmzwXFNb3TxFEmIekHvg5bMZt-MbjbeMwVuQlf7TRBEqsHtxMQooXSGupYl5jWdN5009VkAWFpLonpMZt_FjvXCZZmTL61zEPw69Pm7wnmNR-R6PaJqxB6Gh6XVCFzZFwWEEs6O8hftKxGyffDZczLlcZ4WtUeLm6ZVpWKlcZcN2XsKODPH_DIvq9qgXra5SraSsFQ1YlXHEwnMDRmsY4d9UZ0_0SjiJBWn1lLF-Ou1wMRck?authuser=1&fife=s16383","https://mymaps.usercontent.google.com/hostedimage/m/*/3AE5a_GzcsTCeLe5tmzwXFNb3TxFEmIekHvg5bMZt-MbjbeMwVuQlf7TRBEqsHtxMQooXSGupYl5jWdN5009VkAWFpLonpMZt_FjvXCZZmTL61zEPw69Pm7wnmNR-R6PaJqxB6Gh6XVCFzZFwWEEs6O8hftKxGyffDZczLlcZ4WtUeLm6ZVpWKlcZcN2XsKODPH_DIvq9qgXra5SraSsFQ1YlXHEwnMDRmsY4d9UZ0_0SjiJBWn1lLF-Ou1wMRck?authuser=1&fife=s16383","true","200","image/png","89 50 4E 47","pending_browser_validation","recovered","/assets/images/investment/investment-LY-INV-000405-04.png"
"investment","فندق ومطعم الامتياز","405","LY-INV-000405","https://mymaps.usercontent.google.com/hostedimage/m/*/3AE5a_Gz8FfdAZu4O8V6NNixcFdJAPPFf7U1Ylo3D-l3rsLEVAz5ZLE9ysZ3CFq6hRxOXGaVyNsEmKE_v-3CsFno2yXADKOwboO3rL9hirDa0k1Et3kRyPRXzLqhU3S2oQKdMDhhutqhqwPHlK-9S2GkTsEsu-HORAAZp85QDfjW01y7HWf9CeumuSlg3lwfyCqkJ1G9Y3bxqd-sKq8yVjQsggY-AkUMWFpO1DvCQSkuPqeR4CJGwdYmcstL7lOY?authuser=1&fife=s16383","https://mymaps.usercontent.google.com/hostedimage/m/*/3AE5a_Gz8FfdAZu4O8V6NNixcFdJAPPFf7U1Ylo3D-l3rsLEVAz5ZLE9ysZ3CFq6hRxOXGaVyNsEmKE_v-3CsFno2yXADKOwboO3rL9hirDa0k1Et3kRyPRXzLqhU3S2oQKdMDhhutqhqwPHlK-9S2GkTsEsu-HORAAZp85QDfjW01y7HWf9CeumuSlg3lwfyCqkJ1G9Y3bxqd-sKq8yVjQsggY-AkUMWFpO1DvCQSkuPqeR4CJGwdYmcstL7lOY?authuser=1&fife=s16383","true","200","image/png","89 50 4E 47","pending_browser_validation","recovered","/assets/images/investment/investment-LY-INV-000405-05.png"
"investment","فندق ومطعم الامتياز","405","LY-INV-000405","https://mymaps.usercontent.google.com/hostedimage/m/*/3AE5a_GxCqNvDJQPloJV8f0-7aGT3v9TP38LKZKawXPh6zT4usmSB0x2e2ZLeU-xWx2kiz8fICMf08aH8dHJExWafKJTZB9Jd_1cwMkyjXq8WwPrrubWTqYTJSi8NRKSuvmrIUv-__Rxb2OR2vAYyQ_2Nl_mqGdVi2QluoMB0hSFc7UONu89oIaQAIWkqF0Okem3uCIw7GK-mZadvP333GpnU5PHPUSUYmscRwlnYx8mqKHV9rCMC_RIzqDz-Pco?authuser=1&fife=s16383","https://mymaps.usercontent.google.com/hostedimage/m/*/3AE5a_GxCqNvDJQPloJV8f0-7aGT3v9TP38LKZKawXPh6zT4usmSB0x2e2ZLeU-xWx2kiz8fICMf08aH8dHJExWafKJTZB9Jd_1cwMkyjXq8WwPrrubWTqYTJSi8NRKSuvmrIUv-__Rxb2OR2vAYyQ_2Nl_mqGdVi2QluoMB0hSFc7UONu89oIaQAIWkqF0Okem3uCIw7GK-mZadvP333GpnU5PHPUSUYmscRwlnYx8mqKHV9rCMC_RIzqDz-Pco?authuser=1&fife=s16383","true","200","image/png","89 50 4E 47","pending_browser_validation","recovered","/assets/images/investment/investment-LY-INV-000405-06.png"
"investment","فندق يفرن","407","LY-INV-000407","https://mymaps.usercontent.google.com/hostedimage/m/*/3AE5a_Gxtu1mNQbZ0SCVmR772Zrw9pi5ZRWYb3buQMEv8GbCeLDhoddE_5nww1HneYGiUnjViO3AbMphSDGX8WCF2ehSNpAuT0DsLHV1CbasI1HL6r9PMQ-LC80edgmha20MLQG94SIuXUiTzsSI5Us3hr6LFTMZqLxhbyzqyj-F-25q1JuRX0YgWJxUE7HWfaIKyIqwiWH02tP4Wf8u1M5uLtrjbTrtdbGLLxxbLNdbluPoVfQFr7KFpA8NwmWk?authuser=1&fife=s16383","https://mymaps.usercontent.google.com/hostedimage/m/*/3AE5a_Gxtu1mNQbZ0SCVmR772Zrw9pi5ZRWYb3buQMEv8GbCeLDhoddE_5nww1HneYGiUnjViO3AbMphSDGX8WCF2ehSNpAuT0DsLHV1CbasI1HL6r9PMQ-LC80edgmha20MLQG94SIuXUiTzsSI5Us3hr6LFTMZqLxhbyzqyj-F-25q1JuRX0YgWJxUE7HWfaIKyIqwiWH02tP4Wf8u1M5uLtrjbTrtdbGLLxxbLNdbluPoVfQFr7KFpA8NwmWk?authuser=1&fife=s16383","true","200","image/png","89 50 4E 47","pending_browser_validation","recovered","/assets/images/investment/investment-LY-INV-000407-01.png"
"investment","فندق الثريا السياحي","410","LY-INV-000410","https://mymaps.usercontent.google.com/hostedimage/m/*/3AE5a_Gx39TBzsrAms8DE_TrBLJmLjqLhQ3YKNzGSdaEQRGR6MWcG-0UspeRJw-PY0BH-cso85pRZnPYbTB8s5fKtfilC2Oz07PCl-PjiZs04PR_gI8-3yCY0sN2ba-7V2ed2vM-M9KAir98qWhLffJPFItpw7a8IibfdKCp9UE_Mfj-4V5HYAB7373lKy6LRGjDOeLKUrAcjRT1JEA6ucGZH9NPY5XP4t-ZGgkEcYva76Udy0KLrIl9QkUFsIls?authuser=1&fife=s16383","https://mymaps.usercontent.google.com/hostedimage/m/*/3AE5a_Gx39TBzsrAms8DE_TrBLJmLjqLhQ3YKNzGSdaEQRGR6MWcG-0UspeRJw-PY0BH-cso85pRZnPYbTB8s5fKtfilC2Oz07PCl-PjiZs04PR_gI8-3yCY0sN2ba-7V2ed2vM-M9KAir98qWhLffJPFItpw7a8IibfdKCp9UE_Mfj-4V5HYAB7373lKy6LRGjDOeLKUrAcjRT1JEA6ucGZH9NPY5XP4t-ZGgkEcYva76Udy0KLrIl9QkUFsIls?authuser=1&fife=s16383","true","200","image/png","89 50 4E 47","pending_browser_validation","recovered","/assets/images/investment/investment-LY-INV-000410-01.png"
"investment","فندق الثريا السياحي","410","LY-INV-000410","https://mymaps.usercontent.google.com/hostedimage/m/*/3AE5a_GzYJiBwW9ZlnGMlrxmRjMoiPbYUtNufKkXYMRnBB50HGp0Hb7vjXAGsfhfkzxd_ukcOeviAQPvnIlQuA4cwqBI2JocRJZeKYTbx0TzahBkR8oniZCi0QZKmcKfrcV9txtwjjxaVGH_Mi38nhAzdktHTnVBhNE8eeARl3PcCkFUZ1ObMGehRn9EO2YQLYbYs3DhDKwgkADZJN-fi-wjST-eY_QXemBK4q5beBwLIEZL-b7EOaepr1cNHg_A?authuser=1&fife=s16383","https://mymaps.usercontent.google.com/hostedimage/m/*/3AE5a_GzYJiBwW9ZlnGMlrxmRjMoiPbYUtNufKkXYMRnBB50HGp0Hb7vjXAGsfhfkzxd_ukcOeviAQPvnIlQuA4cwqBI2JocRJZeKYTbx0TzahBkR8oniZCi0QZKmcKfrcV9txtwjjxaVGH_Mi38nhAzdktHTnVBhNE8eeARl3PcCkFUZ1ObMGehRn9EO2YQLYbYs3DhDKwgkADZJN-fi-wjST-eY_QXemBK4q5beBwLIEZL-b7EOaepr1cNHg_A?authuser=1&fife=s16383","true","200","image/png","89 50 4E 47","pending_browser_validation","recovered","/assets/images/investment/investment-LY-INV-000410-02.png"
"investment","فندق الثريا السياحي","410","LY-INV-000410","https://mymaps.usercontent.google.com/hostedimage/m/*/3AE5a_GyR7K-bxZR0kOjZTOppHmtAMM6RfecsNOABeI0xD-heVo2QjbDbJYDfv_XGzWUpG0IuR3XcEo22AUZpNu2sxTrUafC0K0te-ScUsYD0zHBWLJdqy1CCO20VL8i1_AeilQBlKOX1OaPeJ6ul51_cOYHOUPA4pxl_53wh_8Lrfwneo4Kb0s8kG3AtHDFpGcJYv0hBUa93KtOUqzeCFRSp_jYGlKPGZpjQdXsuOKB5f4gAtd60JYy88QC0hA4?authuser=1&fife=s16383","https://mymaps.usercontent.google.com/hostedimage/m/*/3AE5a_GyR7K-bxZR0kOjZTOppHmtAMM6RfecsNOABeI0xD-heVo2QjbDbJYDfv_XGzWUpG0IuR3XcEo22AUZpNu2sxTrUafC0K0te-ScUsYD0zHBWLJdqy1CCO20VL8i1_AeilQBlKOX1OaPeJ6ul51_cOYHOUPA4pxl_53wh_8Lrfwneo4Kb0s8kG3AtHDFpGcJYv0hBUa93KtOUqzeCFRSp_jYGlKPGZpjQdXsuOKB5f4gAtd60JYy88QC0hA4?authuser=1&fife=s16383","true","200","image/png","89 50 4E 47","pending_browser_validation","recovered","/assets/images/investment/investment-LY-INV-000410-03.png"
"investment","فندق الثريا السياحي","410","LY-INV-000410","https://mymaps.usercontent.google.com/hostedimage/m/*/3AE5a_Gyl2-CMGc1pnWAOcibuuGcaH-1zQhCnHlKV8tztA1WIS5aKKIaL2QHVciqtHYNSGxC_GflyVhINHDUgnwanQjTf5N8tTz94ViHKVutJ5D8AqEtGPPYzEOoHYCf4yHbdUAjWirOnWD2aru7nu_Oa72SLrsSnNaicOKgdM3JOKkzYmL0H74JjM6QmFRBQPExgGwbo23xsIbZLjrLC6boHaMXuLn2TnS3PUEmvDAVkQv6wzjJWtgWPoqWTz5I?authuser=1&fife=s16383","https://mymaps.usercontent.google.com/hostedimage/m/*/3AE5a_Gyl2-CMGc1pnWAOcibuuGcaH-1zQhCnHlKV8tztA1WIS5aKKIaL2QHVciqtHYNSGxC_GflyVhINHDUgnwanQjTf5N8tTz94ViHKVutJ5D8AqEtGPPYzEOoHYCf4yHbdUAjWirOnWD2aru7nu_Oa72SLrsSnNaicOKgdM3JOKkzYmL0H74JjM6QmFRBQPExgGwbo23xsIbZLjrLC6boHaMXuLn2TnS3PUEmvDAVkQv6wzjJWtgWPoqWTz5I?authuser=1&fife=s16383","true","200","image/png","89 50 4E 47","pending_browser_validation","recovered","/assets/images/investment/investment-LY-INV-000410-04.png"
"investment","فندق الثريا السياحي","410","LY-INV-000410","https://mymaps.usercontent.google.com/hostedimage/m/*/3AE5a_Gw-zUs6dx71xCLrZNv8gIED2ITEvVTEhr99SmtSN_g59OmUAB4LPLMJOkZMVPYCZMoA3TtusgSm-pIqAuWm43VyQ-bl8p9Mlb1uVAqRDP5ZRp54wCr48IKlBTgIB8snfrh5J8UP9Or6KL9I1K7DUua-xZ7EwmEBjkH0i6k-pu-lgmysRmRO1oxTfObjQMSfiXkYPzg424fjehN1pX_5iy5ZvqIMhkvEneassvjIa_0N11M2LfdSpSlhE7I?authuser=1&fife=s16383","https://mymaps.usercontent.google.com/hostedimage/m/*/3AE5a_Gw-zUs6dx71xCLrZNv8gIED2ITEvVTEhr99SmtSN_g59OmUAB4LPLMJOkZMVPYCZMoA3TtusgSm-pIqAuWm43VyQ-bl8p9Mlb1uVAqRDP5ZRp54wCr48IKlBTgIB8snfrh5J8UP9Or6KL9I1K7DUua-xZ7EwmEBjkH0i6k-pu-lgmysRmRO1oxTfObjQMSfiXkYPzg424fjehN1pX_5iy5ZvqIMhkvEneassvjIa_0N11M2LfdSpSlhE7I?authuser=1&fife=s16383","true","200","image/png","89 50 4E 47","pending_browser_validation","recovered","/assets/images/investment/investment-LY-INV-000410-05.png"
"investment","فندق البتراء","412","LY-INV-000412","https://mymaps.usercontent.google.com/hostedimage/m/*/3AE5a_Gz_Opwl6BwIcAEvu_sqKFW-LFBaXkgraK-N-SS3olyjNYqxmBtXdKltFNO70y50M2qkJqTE1qrCR_74b3cF3ZAFBQsuq36ZSkZPeE_bdqNmGqU06O5tCTIa78nLxDV_sPDhtYADgvZK0xsr9vkUkM619tg3PkLkX7buox1vv1CH3xaaGFBIAkYnUsEdjiIi6fCyUOSFb7bEYq4QHTurrEjOWRko9fcgNQYGbMAYQN_WP0ZToBRigyWasro?authuser=1&fife=s16383","https://mymaps.usercontent.google.com/hostedimage/m/*/3AE5a_Gz_Opwl6BwIcAEvu_sqKFW-LFBaXkgraK-N-SS3olyjNYqxmBtXdKltFNO70y50M2qkJqTE1qrCR_74b3cF3ZAFBQsuq36ZSkZPeE_bdqNmGqU06O5tCTIa78nLxDV_sPDhtYADgvZK0xsr9vkUkM619tg3PkLkX7buox1vv1CH3xaaGFBIAkYnUsEdjiIi6fCyUOSFb7bEYq4QHTurrEjOWRko9fcgNQYGbMAYQN_WP0ZToBRigyWasro?authuser=1&fife=s16383","true","200","image/png","89 50 4E 47","pending_browser_validation","recovered","/assets/images/investment/investment-LY-INV-000412-01.png"
"investment","فندق البتراء","412","LY-INV-000412","https://mymaps.usercontent.google.com/hostedimage/m/*/3AE5a_Gw8WVsI-9Myt4cnZjkCmIOOVQerJO6q3HvSZBbdISVAMUMdbbvDnteiSIBQ2RkwA4348WGfwFtm2OPDNWwgpVAHIPJWSz0MoDfk8O1jRYUZ6EgkHOv9z16rUlqN5HR6FycbgrfviBolP96t9qx_xIIR7ZvwW_lIRVJsox_y4kk2Spn7rQW28iMsdfj1df6XoF1CpLHLSgAUeu684OIreYOnYssX-DQ5YCZfQAMbvplSiQK5q09yjr8B15E?authuser=1&fife=s16383","https://mymaps.usercontent.google.com/hostedimage/m/*/3AE5a_Gw8WVsI-9Myt4cnZjkCmIOOVQerJO6q3HvSZBbdISVAMUMdbbvDnteiSIBQ2RkwA4348WGfwFtm2OPDNWwgpVAHIPJWSz0MoDfk8O1jRYUZ6EgkHOv9z16rUlqN5HR6FycbgrfviBolP96t9qx_xIIR7ZvwW_lIRVJsox_y4kk2Spn7rQW28iMsdfj1df6XoF1CpLHLSgAUeu684OIreYOnYssX-DQ5YCZfQAMbvplSiQK5q09yjr8B15E?authuser=1&fife=s16383","true","200","image/png","89 50 4E 47","pending_browser_validation","recovered","/assets/images/investment/investment-LY-INV-000412-02.png"
"investment","فندق البتراء","412","LY-INV-000412","https://mymaps.usercontent.google.com/hostedimage/m/*/3AE5a_Gw_VSxKctHv-B8AVB-bLRWx9khOyY7nZUC0HlJkdj7h4mNSgTc78c4KXrLcEWQqjW8KZuZOY-KdGVZ-D68R57ogugIeYHxu04PAyfRlxcxX5zKZ10uHh74hnFUniU1lowYBjgK3exrJAYLXeLbgL71AfePIGsXmngQ27hbZrG7NqpMRs8PCzcy7Cuq2UXyiuyM2TqhUijJ6W7Og-geyxX9TS10k2Xgf-gKrDdGWY3H58i5hls-P-6C41Cg?authuser=1&fife=s16383","https://mymaps.usercontent.google.com/hostedimage/m/*/3AE5a_Gw_VSxKctHv-B8AVB-bLRWx9khOyY7nZUC0HlJkdj7h4mNSgTc78c4KXrLcEWQqjW8KZuZOY-KdGVZ-D68R57ogugIeYHxu04PAyfRlxcxX5zKZ10uHh74hnFUniU1lowYBjgK3exrJAYLXeLbgL71AfePIGsXmngQ27hbZrG7NqpMRs8PCzcy7Cuq2UXyiuyM2TqhUijJ6W7Og-geyxX9TS10k2Xgf-gKrDdGWY3H58i5hls-P-6C41Cg?authuser=1&fife=s16383","true","200","image/png","89 50 4E 47","pending_browser_validation","recovered","/assets/images/investment/investment-LY-INV-000412-03.png"
"investment","فندق البتراء","412","LY-INV-000412","https://mymaps.usercontent.google.com/hostedimage/m/*/3AE5a_Gz3k91YeHesmYsGptOTcOJGVJY3omYQlz5k_SHevKX0sl2XGwUHgQ0-aNQitGH1pe6Xa0UvdYD0Hv7ElIhxi3aqlvG6PWHSbeO3S3yBYCNQjDuyHf_eb8AYoFML3DmgSkHFBgA8f-pMPjREggLKa6xE5nS75IrrPzNW4KTY45cOF72SFKRVdhZBwwlMN_GvMTw0vUbJUcw0YoEA_n1MJINuzuL2snm5Bc3-4L_A2hOn6qrNhiBimfYomn8?authuser=1&fife=s16383","https://mymaps.usercontent.google.com/hostedimage/m/*/3AE5a_Gz3k91YeHesmYsGptOTcOJGVJY3omYQlz5k_SHevKX0sl2XGwUHgQ0-aNQitGH1pe6Xa0UvdYD0Hv7ElIhxi3aqlvG6PWHSbeO3S3yBYCNQjDuyHf_eb8AYoFML3DmgSkHFBgA8f-pMPjREggLKa6xE5nS75IrrPzNW4KTY45cOF72SFKRVdhZBwwlMN_GvMTw0vUbJUcw0YoEA_n1MJINuzuL2snm5Bc3-4L_A2hOn6qrNhiBimfYomn8?authuser=1&fife=s16383","true","200","image/png","89 50 4E 47","pending_browser_validation","recovered","/assets/images/investment/investment-LY-INV-000412-04.png"
"investment","فندق البتراء","412","LY-INV-000412","https://mymaps.usercontent.google.com/hostedimage/m/*/3AE5a_GwSkgL4B6s0Cjob-7JrApmDnU-xYXtDi3yWVonXdYTDiK6gHx4VvScc9azoRHfUCRoNtvtNf7fiRsOZ99DhaM829Psjh-wDsme5m5kU83prv4CDXksoc7NSbBcLduXyIQVtoVN9tMalTPncnsxcOykEOZ2QmqLjzmMyxNgHoB4GGwuApdoZzQH1p4b4W82Ni_qkm2Qd_fFIK0LGI2EGHscpZL_z0JBUVAXEJUdBATJ9r91luGgMc8aIt_0?authuser=1&fife=s16383","https://mymaps.usercontent.google.com/hostedimage/m/*/3AE5a_GwSkgL4B6s0Cjob-7JrApmDnU-xYXtDi3yWVonXdYTDiK6gHx4VvScc9azoRHfUCRoNtvtNf7fiRsOZ99DhaM829Psjh-wDsme5m5kU83prv4CDXksoc7NSbBcLduXyIQVtoVN9tMalTPncnsxcOykEOZ2QmqLjzmMyxNgHoB4GGwuApdoZzQH1p4b4W82Ni_qkm2Qd_fFIK0LGI2EGHscpZL_z0JBUVAXEJUdBATJ9r91luGgMc8aIt_0?authuser=1&fife=s16383","true","200","image/png","89 50 4E 47","pending_browser_validation","recovered","/assets/images/investment/investment-LY-INV-000412-05.png"
"investment","فندق البردي","413","LY-INV-000413","https://mymaps.usercontent.google.com/hostedimage/m/*/3AE5a_GzwoL7Et7hPgyHrwYHbJiQTdStMC93KhnBAA94VL4qqEDAzXYmowAio66gciF-twEgKcHsFEEK_LcIO75JtEU5p47fVPWJuAZe5bPZSKqnhC1UKtLHr_L9XZshlmU1Z2dBsqUsDQFB0-XL7PqMG1S7Pf9vySMnidPXIdi9vCwlrgNKc5yU4HPv440C2JV-i4TQYS9XCabKqAcWZRGtguGQxQ51A9Sujqj7eBozDnDNgfJIpgDOfPBANdho?authuser=1&fife=s16383","https://mymaps.usercontent.google.com/hostedimage/m/*/3AE5a_GzwoL7Et7hPgyHrwYHbJiQTdStMC93KhnBAA94VL4qqEDAzXYmowAio66gciF-twEgKcHsFEEK_LcIO75JtEU5p47fVPWJuAZe5bPZSKqnhC1UKtLHr_L9XZshlmU1Z2dBsqUsDQFB0-XL7PqMG1S7Pf9vySMnidPXIdi9vCwlrgNKc5yU4HPv440C2JV-i4TQYS9XCabKqAcWZRGtguGQxQ51A9Sujqj7eBozDnDNgfJIpgDOfPBANdho?authuser=1&fife=s16383","true","200","image/png","89 50 4E 47","pending_browser_validation","recovered","/assets/images/investment/investment-LY-INV-000413-01.png"
"investment","فندق البردي","413","LY-INV-000413","https://mymaps.usercontent.google.com/hostedimage/m/*/3AE5a_Gxbv28xV9Ga9ur9N4tWR6C2qIuNJ9LzyrQMx_sWwTQNeKXeSEAPqxz6bfo2fv_ZWAneIERX10uPiqqJPMVboCdqfvQv1MalvRIV0m1bCyYCXMFFozj-w7gAaVZzXGu0VbAvvVLbgaY62C2KqJFU_AdWtUqFUyAdIY4EnUVXf5Zz-6QYTrC1zPvo3ljxH4H2R2OyyLd_fvCMqxx3QnvXIPXOB90t3RSgKDTqHaBzfG-_ApCMl9VEfrK4q60?authuser=1&fife=s16383","https://mymaps.usercontent.google.com/hostedimage/m/*/3AE5a_Gxbv28xV9Ga9ur9N4tWR6C2qIuNJ9LzyrQMx_sWwTQNeKXeSEAPqxz6bfo2fv_ZWAneIERX10uPiqqJPMVboCdqfvQv1MalvRIV0m1bCyYCXMFFozj-w7gAaVZzXGu0VbAvvVLbgaY62C2KqJFU_AdWtUqFUyAdIY4EnUVXf5Zz-6QYTrC1zPvo3ljxH4H2R2OyyLd_fvCMqxx3QnvXIPXOB90t3RSgKDTqHaBzfG-_ApCMl9VEfrK4q60?authuser=1&fife=s16383","true","200","image/png","89 50 4E 47","pending_browser_validation","recovered","/assets/images/investment/investment-LY-INV-000413-02.png"
"investment","فندق البردي","413","LY-INV-000413","https://mymaps.usercontent.google.com/hostedimage/m/*/3AE5a_GzHOhMvMDRO45dKLPeKGk9bieaXmFASQB3UmYlAXcaWuQy2xDb2xrVW5RMmW4BGO9AmJaK70ulWfjddN_II2hdy8GceAy-qxznHjgsUhXw3W0958tNKmlaE19o7H0nIMntYTS_XGizVZN6zuzPaOqKMl0ArdlAIjCwh4ouE0NLRTOTHVuXaaYiMlVHhI4W4iGdX85mPXSBosgv8mikoLMLKVXZ70ejrxyDnvM_Xf0PWIAjfsaxbOE0Ayv4?authuser=1&fife=s16383","https://mymaps.usercontent.google.com/hostedimage/m/*/3AE5a_GzHOhMvMDRO45dKLPeKGk9bieaXmFASQB3UmYlAXcaWuQy2xDb2xrVW5RMmW4BGO9AmJaK70ulWfjddN_II2hdy8GceAy-qxznHjgsUhXw3W0958tNKmlaE19o7H0nIMntYTS_XGizVZN6zuzPaOqKMl0ArdlAIjCwh4ouE0NLRTOTHVuXaaYiMlVHhI4W4iGdX85mPXSBosgv8mikoLMLKVXZ70ejrxyDnvM_Xf0PWIAjfsaxbOE0Ayv4?authuser=1&fife=s16383","true","200","image/png","89 50 4E 47","pending_browser_validation","recovered","/assets/images/investment/investment-LY-INV-000413-03.png"
"investment","فندق البردي","413","LY-INV-000413","https://mymaps.usercontent.google.com/hostedimage/m/*/3AE5a_GyabhP3JVUzPY43xhVaoDQ-u0R78vTj4-n_32oSZG_D1MBY9IMW9o-7qCg8wMT2QfHhELjmn0wybtDLKgL9Krq71J-TKMH311eDOy6OV3ZwG-IEwQdfwjLQftoaYo1SMa1xp9F2sC9I_NSkKel_qUQhAfvzMKMtbV6jDbOe9IRKuCWW4-k0fIVpyXRa4DNxeKlBzUmIsNUkpA1YbXJow3nMqO8MYDnVNEbLnrt_BBq3V9HZjWmOev0q2ko?authuser=1&fife=s16383","https://mymaps.usercontent.google.com/hostedimage/m/*/3AE5a_GyabhP3JVUzPY43xhVaoDQ-u0R78vTj4-n_32oSZG_D1MBY9IMW9o-7qCg8wMT2QfHhELjmn0wybtDLKgL9Krq71J-TKMH311eDOy6OV3ZwG-IEwQdfwjLQftoaYo1SMa1xp9F2sC9I_NSkKel_qUQhAfvzMKMtbV6jDbOe9IRKuCWW4-k0fIVpyXRa4DNxeKlBzUmIsNUkpA1YbXJow3nMqO8MYDnVNEbLnrt_BBq3V9HZjWmOev0q2ko?authuser=1&fife=s16383","true","200","image/png","89 50 4E 47","pending_browser_validation","recovered","/assets/images/investment/investment-LY-INV-000413-04.png"
"investment","فندق التلال","414","LY-INV-000414","https://mymaps.usercontent.google.com/hostedimage/m/*/3AE5a_Gw6b3dE41kGycnC9xKvIZ2h9zfDPQN7nVbBku9_kxtmXbUo7oH0q76yXe2AMjX3hwxsom66L6D9nSCiMBl20DyVAQorPwq-3JlcaptihaHdg3MdabRGu1ly58bODirJcn7bmlxMaBu7zOT5a94h5lCTxBn4w06moT5e1lix1UH_2WLXwRIJdIRvY-rApV36m4f8Puz3hApjJ5F_o3XcoQndj-0AzfCxwqZ0Ze5GGxr0sswX6lQK4cu5iV8?authuser=1&fife=s16383","https://mymaps.usercontent.google.com/hostedimage/m/*/3AE5a_Gw6b3dE41kGycnC9xKvIZ2h9zfDPQN7nVbBku9_kxtmXbUo7oH0q76yXe2AMjX3hwxsom66L6D9nSCiMBl20DyVAQorPwq-3JlcaptihaHdg3MdabRGu1ly58bODirJcn7bmlxMaBu7zOT5a94h5lCTxBn4w06moT5e1lix1UH_2WLXwRIJdIRvY-rApV36m4f8Puz3hApjJ5F_o3XcoQndj-0AzfCxwqZ0Ze5GGxr0sswX6lQK4cu5iV8?authuser=1&fife=s16383","true","200","image/png","89 50 4E 47","pending_browser_validation","recovered","/assets/images/investment/investment-LY-INV-000414-01.png"
"investment","فندق التلال","414","LY-INV-000414","https://mymaps.usercontent.google.com/hostedimage/m/*/3AE5a_GzDTZeRcY8tCnr3UpyfE0YXk0ACL18uiwnvQ9sErKn2gFPgvtooQihOIA8lkf23rNPu7CnS6a5je_nAA1jaPjazTF7ft4F80Md9tuJppTGEf_8tj6IINqcLQ2WU-Z7yrQ-WbZfho8j0CqJkYjirwciEXlQIiX1ix-lD2Y0jRj6cKF22x5bxPfKc-12CQPu4BcLjXpZFNdJNbwbKLqg6Av9OeDtEHzGx7VcGI_IKO3ozhyjr0Wv7ZTPgJGk?authuser=1&fife=s16383","https://mymaps.usercontent.google.com/hostedimage/m/*/3AE5a_GzDTZeRcY8tCnr3UpyfE0YXk0ACL18uiwnvQ9sErKn2gFPgvtooQihOIA8lkf23rNPu7CnS6a5je_nAA1jaPjazTF7ft4F80Md9tuJppTGEf_8tj6IINqcLQ2WU-Z7yrQ-WbZfho8j0CqJkYjirwciEXlQIiX1ix-lD2Y0jRj6cKF22x5bxPfKc-12CQPu4BcLjXpZFNdJNbwbKLqg6Av9OeDtEHzGx7VcGI_IKO3ozhyjr0Wv7ZTPgJGk?authuser=1&fife=s16383","true","200","image/png","89 50 4E 47","pending_browser_validation","recovered","/assets/images/investment/investment-LY-INV-000414-03.png"
"investment","فندق التلال","414","LY-INV-000414","https://mymaps.usercontent.google.com/hostedimage/m/*/3AE5a_GznpKxZ_EOC329R9vr37Gz04zI-B1JmYgWLxalNNEPBqWYVhhM8SDPGQQvlB68Mn2g2cVL9k2P_bxtXElHPPJvfuLCN_a-YJFOMwBLUzp7uiOpZaz6AmyuijoBovjZ9u-I2NmajnWMOA_KsYe71y88lJNUZ8Yo77_Doh4UVKxDKg7N2p7JlQbNhbPwQyxBYX_a6agM8s8qJ98FFItwX_tZk6aYmKfgaP3aIE4_tD1SGDLtUXv2QYbnMrys?authuser=1&fife=s16383","https://mymaps.usercontent.google.com/hostedimage/m/*/3AE5a_GznpKxZ_EOC329R9vr37Gz04zI-B1JmYgWLxalNNEPBqWYVhhM8SDPGQQvlB68Mn2g2cVL9k2P_bxtXElHPPJvfuLCN_a-YJFOMwBLUzp7uiOpZaz6AmyuijoBovjZ9u-I2NmajnWMOA_KsYe71y88lJNUZ8Yo77_Doh4UVKxDKg7N2p7JlQbNhbPwQyxBYX_a6agM8s8qJ98FFItwX_tZk6aYmKfgaP3aIE4_tD1SGDLtUXv2QYbnMrys?authuser=1&fife=s16383","true","200","image/png","89 50 4E 47","pending_browser_validation","recovered","/assets/images/investment/investment-LY-INV-000414-04.png"
"investment","فندق التلال","414","LY-INV-000414","https://mymaps.usercontent.google.com/hostedimage/m/*/3AE5a_Gz7tj6ynpbopsHFKEMc1HnS5BXgVheZFlpQmfnEU_dXXZdoxvGMU7pghZrNR27Sf-TpMFvS4yQzrInPXQuJ5n97aCEUwUglsaToHmM36pPAYeBe5lXy_NvrZfwNfrt-jMv2qIkFLa_tJQVSXzZz2YXL__IfPNcuvyXj-pvlLgSh7EzrjF5VlihvqfzFzwv_lL89_jSEZwKLBG93w5W3i3DUXz1wWkD-QRz6qKXgDXGRm6I1Qen0yDfeSsQ?authuser=1&fife=s16383","https://mymaps.usercontent.google.com/hostedimage/m/*/3AE5a_Gz7tj6ynpbopsHFKEMc1HnS5BXgVheZFlpQmfnEU_dXXZdoxvGMU7pghZrNR27Sf-TpMFvS4yQzrInPXQuJ5n97aCEUwUglsaToHmM36pPAYeBe5lXy_NvrZfwNfrt-jMv2qIkFLa_tJQVSXzZz2YXL__IfPNcuvyXj-pvlLgSh7EzrjF5VlihvqfzFzwv_lL89_jSEZwKLBG93w5W3i3DUXz1wWkD-QRz6qKXgDXGRm6I1Qen0yDfeSsQ?authuser=1&fife=s16383","true","200","image/png","89 50 4E 47","pending_browser_validation","recovered","/assets/images/investment/investment-LY-INV-000414-05.png"
"investment","فندق الجغبوب","417","LY-INV-000417","https://mymaps.usercontent.google.com/hostedimage/m/*/3AE5a_GygjLsiXTXQGvFC-fUA9vLq2yPS8YRwJ-8NxUSkQ82Y64CuIXCfjzCB6luL9pCgFSBmd33ZxSRIPcG5dWBsioBDK-Ytov5EdYbhAFI8H-sbmBsEdh9D7ybHQyYw38qxJVy84zasKfxeMOWKU7dNp88X1xL7Aiy6-ToPpphg9n6tupsTG9FiJR6kAoXAoML_5flVdcSRvEFTxUrrleZPiQdcS0OH8yV_sKdR_XFr7JbQ-Gk1dSiQ11vC958?authuser=1&fife=s16383","https://mymaps.usercontent.google.com/hostedimage/m/*/3AE5a_GygjLsiXTXQGvFC-fUA9vLq2yPS8YRwJ-8NxUSkQ82Y64CuIXCfjzCB6luL9pCgFSBmd33ZxSRIPcG5dWBsioBDK-Ytov5EdYbhAFI8H-sbmBsEdh9D7ybHQyYw38qxJVy84zasKfxeMOWKU7dNp88X1xL7Aiy6-ToPpphg9n6tupsTG9FiJR6kAoXAoML_5flVdcSRvEFTxUrrleZPiQdcS0OH8yV_sKdR_XFr7JbQ-Gk1dSiQ11vC958?authuser=1&fife=s16383","true","200","image/png","89 50 4E 47","pending_browser_validation","recovered","/assets/images/investment/investment-LY-INV-000417-01.png"
"investment","فندق الجغبوب","417","LY-INV-000417","https://mymaps.usercontent.google.com/hostedimage/m/*/3AE5a_Gxz_Qrwfpiyjt1QfRb9Z8TotbEpiNyWXLRY0DzoTv2HtUX2N6QSsUaVbLTHWQ6sn5itausRPGUjpUinFybIXAjcIgi01BL1NEx4GH4DFcHroZUamQOOQfNLrsEDBX8JgKngR4AMKmcFrinwXQpi5TZdo-Amyx4fhRHwjA7Rt2MfS4HtNnpiTZHOTaUpW5auABf4O-nA6An0-s1Sq5sK1dUSsUytchHfKVamrC7jKojfXXgtKLg__BEL1F8?authuser=1&fife=s16383","https://mymaps.usercontent.google.com/hostedimage/m/*/3AE5a_Gxz_Qrwfpiyjt1QfRb9Z8TotbEpiNyWXLRY0DzoTv2HtUX2N6QSsUaVbLTHWQ6sn5itausRPGUjpUinFybIXAjcIgi01BL1NEx4GH4DFcHroZUamQOOQfNLrsEDBX8JgKngR4AMKmcFrinwXQpi5TZdo-Amyx4fhRHwjA7Rt2MfS4HtNnpiTZHOTaUpW5auABf4O-nA6An0-s1Sq5sK1dUSsUytchHfKVamrC7jKojfXXgtKLg__BEL1F8?authuser=1&fife=s16383","true","200","image/png","89 50 4E 47","pending_browser_validation","recovered","/assets/images/investment/investment-LY-INV-000417-02.png"
"investment","فندق الجلاء","418","LY-INV-000418","https://mymaps.usercontent.google.com/hostedimage/m/*/3AE5a_GweOXjsLJPGDmCoJbVNRZUgfqYn8u8Cxv1KYXV0Ri5Uvwacd8Nhu7lfoSb5EboTRUeaaHl9993HtxaIIa_Y1MYDv1eITNrUm8mE7eOdqwb_GpBjbRhAHWSZZ79Vc0FVXNZgp9Mh0boxNJBILDNFBj9zR4OeZW1lIjfKozhg7cd_KEnN-5RINR_Z2aO1aKx05QnaFXUYv-caGxFt1pKvLvReyhzKZOZawtxB7hYAhiJrEFH9RQbSrmYw71k?authuser=1&fife=s16383","https://mymaps.usercontent.google.com/hostedimage/m/*/3AE5a_GweOXjsLJPGDmCoJbVNRZUgfqYn8u8Cxv1KYXV0Ri5Uvwacd8Nhu7lfoSb5EboTRUeaaHl9993HtxaIIa_Y1MYDv1eITNrUm8mE7eOdqwb_GpBjbRhAHWSZZ79Vc0FVXNZgp9Mh0boxNJBILDNFBj9zR4OeZW1lIjfKozhg7cd_KEnN-5RINR_Z2aO1aKx05QnaFXUYv-caGxFt1pKvLvReyhzKZOZawtxB7hYAhiJrEFH9RQbSrmYw71k?authuser=1&fife=s16383","true","200","image/png","89 50 4E 47","pending_browser_validation","recovered","/assets/images/investment/investment-LY-INV-000418-01.png"
"investment","فندق الجلاء","418","LY-INV-000418","https://mymaps.usercontent.google.com/hostedimage/m/*/3AE5a_Gw4FWcsDLuxgmFdj6KIBs0WKi1tTgw-F4_f81Z0174guZwkC0rGut9lDmAx32oUYvvj9O7iCFyUUjEUD0vyIHHveH7eKCmS-1bY4aszuA0iEnFF-V38-Aw_t0OK0SqPzegHA67AwfUQ_u88iTyt4YR5fAor7JAxCMPxPL8SsDLDQslW5Wrf41ZjxxdMe9TK7LZVygj9Y8An-uHE1UTSW3X6nr_N5hn1WNusJvPjlYWUMYg0WrHaaTJnq_k?authuser=1&fife=s16383","https://mymaps.usercontent.google.com/hostedimage/m/*/3AE5a_Gw4FWcsDLuxgmFdj6KIBs0WKi1tTgw-F4_f81Z0174guZwkC0rGut9lDmAx32oUYvvj9O7iCFyUUjEUD0vyIHHveH7eKCmS-1bY4aszuA0iEnFF-V38-Aw_t0OK0SqPzegHA67AwfUQ_u88iTyt4YR5fAor7JAxCMPxPL8SsDLDQslW5Wrf41ZjxxdMe9TK7LZVygj9Y8An-uHE1UTSW3X6nr_N5hn1WNusJvPjlYWUMYg0WrHaaTJnq_k?authuser=1&fife=s16383","true","200","image/png","89 50 4E 47","pending_browser_validation","recovered","/assets/images/investment/investment-LY-INV-000418-02.png"
"investment","فندق الجلاء","418","LY-INV-000418","https://mymaps.usercontent.google.com/hostedimage/m/*/3AE5a_Gz80ei_OE_k5YIWUM4dfRcFi26kmoZEVQOtGBNAUrGvpVKqE4NHz-59fvS10GK_SNw8npQT25chfUollS3AqrwqCYdfwlGgUdU6O1jbrSgpzDto-goPINSB5epuxqW-PowzgFLo-WWUphVCl39DmT8pzoDGD4RE2Jzn0uvS0xSJ3cGfR3XPtngpfHm_noaJ1Nz0CqgQYEXtNXU1RmEsaNFzyWAfzXexzKYaZEJpPYF3ovZ28RgLR_vcAec?authuser=1&fife=s16383","https://mymaps.usercontent.google.com/hostedimage/m/*/3AE5a_Gz80ei_OE_k5YIWUM4dfRcFi26kmoZEVQOtGBNAUrGvpVKqE4NHz-59fvS10GK_SNw8npQT25chfUollS3AqrwqCYdfwlGgUdU6O1jbrSgpzDto-goPINSB5epuxqW-PowzgFLo-WWUphVCl39DmT8pzoDGD4RE2Jzn0uvS0xSJ3cGfR3XPtngpfHm_noaJ1Nz0CqgQYEXtNXU1RmEsaNFzyWAfzXexzKYaZEJpPYF3ovZ28RgLR_vcAec?authuser=1&fife=s16383","true","200","image/png","89 50 4E 47","pending_browser_validation","recovered","/assets/images/investment/investment-LY-INV-000418-03.png"
"investment","فندق الخان الطرابلسي","422","LY-INV-000422","https://mymaps.usercontent.google.com/hostedimage/m/*/3AE5a_Gzfuu_oZE9AwjPLXGkX0Ln_5Gw_Eg03Ot1s8f4Dg8mISPuWD0JaFmqEhMK1SG4S_2YzXrbcEaDyX2Cyuf5jVxLFLuT5XRSCNC2LDHhM-9GQ4mt8-BE1jgiae3JTz7rk7pUazeeX-u4qK3ps23-uJNIeY3RhBNa6_dIRThfgwzqQg6lRkhKUO0n991-bDuXN6z9Jdgk_D8aaYayLgMzzabJ1lde_aYwpANYgt5ybsoVnW4_IK_m3UhtnmtY?authuser=1&fife=s16383","https://mymaps.usercontent.google.com/hostedimage/m/*/3AE5a_Gzfuu_oZE9AwjPLXGkX0Ln_5Gw_Eg03Ot1s8f4Dg8mISPuWD0JaFmqEhMK1SG4S_2YzXrbcEaDyX2Cyuf5jVxLFLuT5XRSCNC2LDHhM-9GQ4mt8-BE1jgiae3JTz7rk7pUazeeX-u4qK3ps23-uJNIeY3RhBNa6_dIRThfgwzqQg6lRkhKUO0n991-bDuXN6z9Jdgk_D8aaYayLgMzzabJ1lde_aYwpANYgt5ybsoVnW4_IK_m3UhtnmtY?authuser=1&fife=s16383","true","200","image/png","89 50 4E 47","pending_browser_validation","recovered","/assets/images/investment/investment-LY-INV-000422-01.png"
"investment","فندق الخان الطرابلسي","422","LY-INV-000422","https://mymaps.usercontent.google.com/hostedimage/m/*/3AE5a_GwmIY-3gOUxbdG9kRUvGlKfKIqoodnD3OjURYrp3CR0tLrDLx1H1WPxm4m765bUX6Lm7JmyAN1jLG30MGhKhaRrAp72wCRMM13Al_yFLVYbCV8eSs4pwIqiVzFAvFBcAiqNE0BiKjyD3DpP3io42OXs8jYHE7eH3ViF22ZyGuH_-PupjeERU2mmY_DKBquiz7KoaX4dSmM91fXI2iKa93-YikWnIZTo_VG4D4LIMlDiDQlf_CXPo7Ciyoo?authuser=1&fife=s16383","https://mymaps.usercontent.google.com/hostedimage/m/*/3AE5a_GwmIY-3gOUxbdG9kRUvGlKfKIqoodnD3OjURYrp3CR0tLrDLx1H1WPxm4m765bUX6Lm7JmyAN1jLG30MGhKhaRrAp72wCRMM13Al_yFLVYbCV8eSs4pwIqiVzFAvFBcAiqNE0BiKjyD3DpP3io42OXs8jYHE7eH3ViF22ZyGuH_-PupjeERU2mmY_DKBquiz7KoaX4dSmM91fXI2iKa93-YikWnIZTo_VG4D4LIMlDiDQlf_CXPo7Ciyoo?authuser=1&fife=s16383","true","200","image/png","89 50 4E 47","pending_browser_validation","recovered","/assets/images/investment/investment-LY-INV-000314-03.png"
"investment","فندق الخان الطرابلسي","422","LY-INV-000422","https://mymaps.usercontent.google.com/hostedimage/m/*/3AE5a_GzCh93Ge1jAmMAYeMacmB3Ibus4pSmdqDeUDtUqX2MBpcfqTyKiMiR4guq0F8GHUjZ2jUOTxFvlWeQfAIXlIzGwa7_rBwoOwoAEnVQZ1T6-RAt5XMMdNDcAYbBNbQTpelARCOSG4P6DSxRgoB90xwTSuWmAOHlXOEsxpZZWgENAFT8m44wlAObJ2Jygt-5gHRpV6R1h-pajBO9Sziip9g-Zk0icvYkxOpAf02kHAdRd6-p2LlgTvSYDu_E?authuser=1&fife=s16383","https://mymaps.usercontent.google.com/hostedimage/m/*/3AE5a_GzCh93Ge1jAmMAYeMacmB3Ibus4pSmdqDeUDtUqX2MBpcfqTyKiMiR4guq0F8GHUjZ2jUOTxFvlWeQfAIXlIzGwa7_rBwoOwoAEnVQZ1T6-RAt5XMMdNDcAYbBNbQTpelARCOSG4P6DSxRgoB90xwTSuWmAOHlXOEsxpZZWgENAFT8m44wlAObJ2Jygt-5gHRpV6R1h-pajBO9Sziip9g-Zk0icvYkxOpAf02kHAdRd6-p2LlgTvSYDu_E?authuser=1&fife=s16383","true","200","image/png","89 50 4E 47","pending_browser_validation","recovered","/assets/images/investment/investment-LY-INV-000314-05.png"
"investment","فندق الخان الطرابلسي","422","LY-INV-000422","https://mymaps.usercontent.google.com/hostedimage/m/*/3AE5a_GyUV8XDKUIwxmR7p864EIY9I2oD4jS0pxi-AuyDo3VCPFvc1ZBRAKMDwfbBYY98PZz1SNBr-ZAUcatv8Mb8Ndz80q_eEnp1l9HWfjgK2zoleXZMN8o4MnYoj3aaJlzbE_7UcamLsgAl8Vxvkk70UzyX5QhxgyyWRblIj_qFpw6-ShSFnXKlRYv2gBlx7GhBTuIbxh65gCuRx23Qhsa95I3fNs7UM-YWubZu3A0JKkaWeUPvLj5MbpTjytU?authuser=1&fife=s16383","https://mymaps.usercontent.google.com/hostedimage/m/*/3AE5a_GyUV8XDKUIwxmR7p864EIY9I2oD4jS0pxi-AuyDo3VCPFvc1ZBRAKMDwfbBYY98PZz1SNBr-ZAUcatv8Mb8Ndz80q_eEnp1l9HWfjgK2zoleXZMN8o4MnYoj3aaJlzbE_7UcamLsgAl8Vxvkk70UzyX5QhxgyyWRblIj_qFpw6-ShSFnXKlRYv2gBlx7GhBTuIbxh65gCuRx23Qhsa95I3fNs7UM-YWubZu3A0JKkaWeUPvLj5MbpTjytU?authuser=1&fife=s16383","true","200","image/png","89 50 4E 47","pending_browser_validation","recovered","/assets/images/investment/investment-LY-INV-000422-04.png"
"investment","فندق الخان الطرابلسي","422","LY-INV-000422","https://mymaps.usercontent.google.com/hostedimage/m/*/3AE5a_Gz8qWB9ZJKjoJPpcv9oufdwKiAjkad79yxlstP3zpAsUXEMUwsXgXZqn5Hq5jLLy_C9HHsUvz_LoXihXdsHgJ3B2zD4PuSEsXnKmKF0-ln7NZCOKQcpkBRisk41d4GmL2mIj9TwpB43ALijX7o1h2BiSMRQhrxreJFmsxpK9rlu_cIZoNcDNl0V507Jo2Vp70kTRjmc0aj4tGP9-ita0jxBHdbcq-BEABJXQ1MsiaRAipKMJaLHWSo7f_A?authuser=1&fife=s16383","https://mymaps.usercontent.google.com/hostedimage/m/*/3AE5a_Gz8qWB9ZJKjoJPpcv9oufdwKiAjkad79yxlstP3zpAsUXEMUwsXgXZqn5Hq5jLLy_C9HHsUvz_LoXihXdsHgJ3B2zD4PuSEsXnKmKF0-ln7NZCOKQcpkBRisk41d4GmL2mIj9TwpB43ALijX7o1h2BiSMRQhrxreJFmsxpK9rlu_cIZoNcDNl0V507Jo2Vp70kTRjmc0aj4tGP9-ita0jxBHdbcq-BEABJXQ1MsiaRAipKMJaLHWSo7f_A?authuser=1&fife=s16383","true","200","image/png","89 50 4E 47","pending_browser_validation","recovered","/assets/images/investment/investment-LY-INV-000314-04.png"
"investment","فندق الخان الطرابلسي","422","LY-INV-000422","https://mymaps.usercontent.google.com/hostedimage/m/*/3AE5a_GyMgWCZ9-pElXG70oID_JJDMlsw0ykeqJN2V-tWt7BIiiB9syXft-ikQPKG3m7jfs2BVDw8qRLNfn15rIVLjcu_mf43Y54m9NryTf1kipqrsEQrtW0RQi5aGttVhAbWYcquy5V8_-7Cm0AmP3XCkjT2yTyQyAQL76sPvjYe4KGunrN6lc6Enj0NW0EtUB6KZCH_mQQYWch4I0Ndyz21eG5rVQn7AqHO_6rpEUfSE4FWc-hgeItzt-lVyD4?authuser=1&fife=s16383","https://mymaps.usercontent.google.com/hostedimage/m/*/3AE5a_GyMgWCZ9-pElXG70oID_JJDMlsw0ykeqJN2V-tWt7BIiiB9syXft-ikQPKG3m7jfs2BVDw8qRLNfn15rIVLjcu_mf43Y54m9NryTf1kipqrsEQrtW0RQi5aGttVhAbWYcquy5V8_-7Cm0AmP3XCkjT2yTyQyAQL76sPvjYe4KGunrN6lc6Enj0NW0EtUB6KZCH_mQQYWch4I0Ndyz21eG5rVQn7AqHO_6rpEUfSE4FWc-hgeItzt-lVyD4?authuser=1&fife=s16383","true","200","image/png","89 50 4E 47","pending_browser_validation","recovered","/assets/images/investment/investment-LY-INV-000422-06.png"
"investment","فندق الخان الطرابلسي","422","LY-INV-000422","https://mymaps.usercontent.google.com/hostedimage/m/*/3AE5a_GxNDNthN6oVLBSYKOK6DbjCnNmcPGDNpSD4wU3UUrG_mHQ3AXoZDP7Ec7eljMVwboIUEKj6eysTkP_EQG5sIYVUIYOk92FsroGkXDxyAuls5g-CVuXhe95WgWtMnoUt_d-zI7LpNCjTWu37uzmDCoyEDLDUbCklsz-lx1ttV_c-TObHzsIR6wU99_Xovxmef9h7J-sNy2LCZKk86LYTqb4s7BJJz0z5QVYCfJD14mwiOX44lsS9UDQMYQc?authuser=1&fife=s16383","https://mymaps.usercontent.google.com/hostedimage/m/*/3AE5a_GxNDNthN6oVLBSYKOK6DbjCnNmcPGDNpSD4wU3UUrG_mHQ3AXoZDP7Ec7eljMVwboIUEKj6eysTkP_EQG5sIYVUIYOk92FsroGkXDxyAuls5g-CVuXhe95WgWtMnoUt_d-zI7LpNCjTWu37uzmDCoyEDLDUbCklsz-lx1ttV_c-TObHzsIR6wU99_Xovxmef9h7J-sNy2LCZKk86LYTqb4s7BJJz0z5QVYCfJD14mwiOX44lsS9UDQMYQc?authuser=1&fife=s16383","true","200","image/png","89 50 4E 47","pending_browser_validation","recovered","/assets/images/investment/investment-LY-INV-000422-07.png"
"investment","فندق الخان الطرابلسي","422","LY-INV-000422","https://mymaps.usercontent.google.com/hostedimage/m/*/3AE5a_Gz0qyyBlWPkTrOWRUFa5-_RlolvKbFgNBK0nkRH0Ppp8WqGrz3E8IROXH2PUir9Nc1LvC04ddXiUuJ0DAdmKcQL2WFIKajBLihrkl74juWX3LZTG2CfZ-4nNrb-gDloRS-z1TdXhEIrudjoCutsvkjDTStPP2IbuQ6kqWrG01f6w-_1_ecukyRV3WGSV1vdroghOPdSvVNH5nHF4AXWM-sfMMzSv18e1ZNlUgu5a59ZrRy-19vI6coPSE0?authuser=1&fife=s16383","https://mymaps.usercontent.google.com/hostedimage/m/*/3AE5a_Gz0qyyBlWPkTrOWRUFa5-_RlolvKbFgNBK0nkRH0Ppp8WqGrz3E8IROXH2PUir9Nc1LvC04ddXiUuJ0DAdmKcQL2WFIKajBLihrkl74juWX3LZTG2CfZ-4nNrb-gDloRS-z1TdXhEIrudjoCutsvkjDTStPP2IbuQ6kqWrG01f6w-_1_ecukyRV3WGSV1vdroghOPdSvVNH5nHF4AXWM-sfMMzSv18e1ZNlUgu5a59ZrRy-19vI6coPSE0?authuser=1&fife=s16383","true","200","image/png","89 50 4E 47","pending_browser_validation","recovered","/assets/images/investment/investment-LY-INV-000422-08.png"
"investment","فندق الخان الطرابلسي","422","LY-INV-000422","https://mymaps.usercontent.google.com/hostedimage/m/*/3AE5a_GzdEZ2BDVzwOzHD59dRFjn00mAruMhcyYItSw6nK34PpthrmCCHEgiarfx-4pZu6CUhImLu5upVTaT2mrDA7yyAG_HcluC5ktOfo8jYiR6oCcI-8sad0vCrZR8bJ1aUCbx8APgUV1x_jK4FgaA-wGRMWrYwNq9qPGHCoFY4Hm88fDU0pySHoleqoeZfAuVM4Np4e-czMTTxBFP9hmqw5pk70C3-P4PfLWzmFYqSwrhqyTfGKBBdxldH5wM?authuser=1&fife=s16383","https://mymaps.usercontent.google.com/hostedimage/m/*/3AE5a_GzdEZ2BDVzwOzHD59dRFjn00mAruMhcyYItSw6nK34PpthrmCCHEgiarfx-4pZu6CUhImLu5upVTaT2mrDA7yyAG_HcluC5ktOfo8jYiR6oCcI-8sad0vCrZR8bJ1aUCbx8APgUV1x_jK4FgaA-wGRMWrYwNq9qPGHCoFY4Hm88fDU0pySHoleqoeZfAuVM4Np4e-czMTTxBFP9hmqw5pk70C3-P4PfLWzmFYqSwrhqyTfGKBBdxldH5wM?authuser=1&fife=s16383","true","200","image/png","89 50 4E 47","pending_browser_validation","recovered","/assets/images/investment/investment-LY-INV-000422-09.png"
"investment","فندق الرحاب","425","LY-INV-000425","https://mymaps.usercontent.google.com/hostedimage/m/*/3AE5a_Gy6DSvj9lwWeoZUfTDlWpdDRrSGu771bJ4T-_ytINX7sbmu3ccKxChKyhK0YZ7yTJL01T9MGsWduqJeXfYjoox3QFzTLZuUYFRb9blG0noMJHkAM5EzQB_Moz1G9NzAydRoWDqcuoi43Q-pwWS49XrFgvFux_6y7GenqmJJOOMPFey7UjSTVyL0zTNryg29WYPEEuTHxNovcGaej60SWC2lLSOTvfuYABmglQGQ2YRZvLsXJhc9Tab0yYw?authuser=1&fife=s16383","https://mymaps.usercontent.google.com/hostedimage/m/*/3AE5a_Gy6DSvj9lwWeoZUfTDlWpdDRrSGu771bJ4T-_ytINX7sbmu3ccKxChKyhK0YZ7yTJL01T9MGsWduqJeXfYjoox3QFzTLZuUYFRb9blG0noMJHkAM5EzQB_Moz1G9NzAydRoWDqcuoi43Q-pwWS49XrFgvFux_6y7GenqmJJOOMPFey7UjSTVyL0zTNryg29WYPEEuTHxNovcGaej60SWC2lLSOTvfuYABmglQGQ2YRZvLsXJhc9Tab0yYw?authuser=1&fife=s16383","true","200","image/png","89 50 4E 47","pending_browser_validation","recovered","/assets/images/investment/investment-LY-INV-000425-01.png"
"investment","فندق الرحاب","425","LY-INV-000425","https://mymaps.usercontent.google.com/hostedimage/m/*/3AE5a_GyBA4s5MUOs8bW1ctU9OiDNtNQSmSatbAxjOlcH7naRkmtvqCI-rTYFozu6DCmrCfuMzd7GoN7QfZDPV1wzqf6oovaVuYjo2bth9IcB8Xs7zB8oOGaAHIJTv2TWkjda6ZWyvax_W1wxtIqq7Wp3sqep-tKx3fpXGV-FuV-_Twve0VS5CwdbgO6yPph17pr4RYbUyIIBwDSjA1YipJalvtD6I8SIrEB9uM1Y9sJ8cfmEwB-PSEGyV9Rovsc?authuser=1&fife=s16383","https://mymaps.usercontent.google.com/hostedimage/m/*/3AE5a_GyBA4s5MUOs8bW1ctU9OiDNtNQSmSatbAxjOlcH7naRkmtvqCI-rTYFozu6DCmrCfuMzd7GoN7QfZDPV1wzqf6oovaVuYjo2bth9IcB8Xs7zB8oOGaAHIJTv2TWkjda6ZWyvax_W1wxtIqq7Wp3sqep-tKx3fpXGV-FuV-_Twve0VS5CwdbgO6yPph17pr4RYbUyIIBwDSjA1YipJalvtD6I8SIrEB9uM1Y9sJ8cfmEwB-PSEGyV9Rovsc?authuser=1&fife=s16383","true","200","image/png","89 50 4E 47","pending_browser_validation","recovered","/assets/images/investment/investment-LY-INV-000425-02.png"
"investment","فندق الزهر","426","LY-INV-000426","https://mymaps.usercontent.google.com/hostedimage/m/*/3AE5a_Gy_KzIGtwE0AXiEiPBaZzSgiv37vLwvVTdLj3GghuqLlyQrutai3AkMHToWSTdDTIn56e90k-4j2TVQIoQ4TVswcuMwRkR0JTo1AyqNcTn4DizbyqU9WeL2ijYXLBKJW3x6OGm_JUOy36uzIpVBZ6Fg7V9EE5t1CBc2Acp_dCjse4BmtPq5JT8rhlQqjRHgeBzwND8RIE-_XY3a8EHaMDW8DxIulsfP6IaaA8OTCAbvV8bCXhrejhmlOAE?authuser=1&fife=s16383","https://mymaps.usercontent.google.com/hostedimage/m/*/3AE5a_Gy_KzIGtwE0AXiEiPBaZzSgiv37vLwvVTdLj3GghuqLlyQrutai3AkMHToWSTdDTIn56e90k-4j2TVQIoQ4TVswcuMwRkR0JTo1AyqNcTn4DizbyqU9WeL2ijYXLBKJW3x6OGm_JUOy36uzIpVBZ6Fg7V9EE5t1CBc2Acp_dCjse4BmtPq5JT8rhlQqjRHgeBzwND8RIE-_XY3a8EHaMDW8DxIulsfP6IaaA8OTCAbvV8bCXhrejhmlOAE?authuser=1&fife=s16383","true","200","image/png","89 50 4E 47","pending_browser_validation","recovered","/assets/images/investment/investment-LY-INV-000323-03.png"
"investment","فندق الزهر","426","LY-INV-000426","https://mymaps.usercontent.google.com/hostedimage/m/*/3AE5a_Gwht8GVdH-zuQZeUB9bKqHTe6PwgjWAcAUMbKaZM_jGH0nrpdmFIn13DzqxBxISXIhQp9PQ5xQzAQqS1q7igXZR5H1p2FuWma1UCI1b-dB8vCkrAQ6Uh2yaUSkJ-h6o8PZdvJ17BfKSjDnr5Pg_9r7nopnCbR3mCZi9qzCuLgQ37ILPzVAu2rErPvPsBVDUtwRNdQRq3KKglnmCNarurbknWsh2DReBt68neDL2jkyke-8TAMiw1rCTPI8?authuser=1&fife=s16383","https://mymaps.usercontent.google.com/hostedimage/m/*/3AE5a_Gwht8GVdH-zuQZeUB9bKqHTe6PwgjWAcAUMbKaZM_jGH0nrpdmFIn13DzqxBxISXIhQp9PQ5xQzAQqS1q7igXZR5H1p2FuWma1UCI1b-dB8vCkrAQ6Uh2yaUSkJ-h6o8PZdvJ17BfKSjDnr5Pg_9r7nopnCbR3mCZi9qzCuLgQ37ILPzVAu2rErPvPsBVDUtwRNdQRq3KKglnmCNarurbknWsh2DReBt68neDL2jkyke-8TAMiw1rCTPI8?authuser=1&fife=s16383","true","200","image/png","89 50 4E 47","pending_browser_validation","recovered","/assets/images/investment/investment-LY-INV-000426-02.png"
"investment","فندق الزهر","426","LY-INV-000426","https://mymaps.usercontent.google.com/hostedimage/m/*/3AE5a_GzwFLqllCGxHKndZKJGBEKqr-FvwA2azLU3LuAguIP7ewy7saxtELCpx8MVTQw8Ua5lpqIn2Gl3G4F2X_FIhDiav4kYR74jY9l4lkrxUXcNO-cVHBczN91tdC5NJbjkKH_CbeULIsSm21wuCmaFuyswZthJ_gYkYcM0szticcOZSQKqIZlcOXCQBeY3oWcXs3qecXFnqXUgbe5Np_17Y-_NDDJtYOXTTW4jPJ8POl-PytuUK5h934IwQ3c?authuser=1&fife=s16383","https://mymaps.usercontent.google.com/hostedimage/m/*/3AE5a_GzwFLqllCGxHKndZKJGBEKqr-FvwA2azLU3LuAguIP7ewy7saxtELCpx8MVTQw8Ua5lpqIn2Gl3G4F2X_FIhDiav4kYR74jY9l4lkrxUXcNO-cVHBczN91tdC5NJbjkKH_CbeULIsSm21wuCmaFuyswZthJ_gYkYcM0szticcOZSQKqIZlcOXCQBeY3oWcXs3qecXFnqXUgbe5Np_17Y-_NDDJtYOXTTW4jPJ8POl-PytuUK5h934IwQ3c?authuser=1&fife=s16383","true","200","image/png","89 50 4E 47","pending_browser_validation","recovered","/assets/images/investment/investment-LY-INV-000323-02.png"
"investment","فندق الزهر","426","LY-INV-000426","https://mymaps.usercontent.google.com/hostedimage/m/*/3AE5a_Gz6skspsKZbeFAheIaPJ20x-tdBKL9EuXKkza6q0l4OwZqwaPK46k6gXkmuIyI4rbyw3w6yZUV2SjzALXDJYqENtenC9PkPtxirfm6tUKQHbklWbp9elqq41g6n5Vb3INo1og9fOr6ugBMhXeWiL-vnB58BfFeBU9V7Bq_jNgz9JLGaCODygBW2fmkSSxz1_fKVu8RiWhbfqQr1QcY3ZVVRwGLN0fU83986vDxygXK3IMLAuBAmKdYuPGo?authuser=1&fife=s16383","https://mymaps.usercontent.google.com/hostedimage/m/*/3AE5a_Gz6skspsKZbeFAheIaPJ20x-tdBKL9EuXKkza6q0l4OwZqwaPK46k6gXkmuIyI4rbyw3w6yZUV2SjzALXDJYqENtenC9PkPtxirfm6tUKQHbklWbp9elqq41g6n5Vb3INo1og9fOr6ugBMhXeWiL-vnB58BfFeBU9V7Bq_jNgz9JLGaCODygBW2fmkSSxz1_fKVu8RiWhbfqQr1QcY3ZVVRwGLN0fU83986vDxygXK3IMLAuBAmKdYuPGo?authuser=1&fife=s16383","true","200","image/png","89 50 4E 47","pending_browser_validation","recovered","/assets/images/investment/investment-LY-INV-000323-05.png"
"investment","فندق الزهر","426","LY-INV-000426","https://mymaps.usercontent.google.com/hostedimage/m/*/3AE5a_GzcI6DfjmYYz9XOHaX1FPJY3AvgW9nv5Oil8MbTHyhwN3vbiuBs-vyvpfi2ofiEYEbfpcEXTVPGiysbkOLfqbQfGlzpk1Ub6kXhuUMyWHn2ktk30gmsn2nOP0T0x2tvbXctzDXEMPUVAjzFHUiLCTnsfNa4TXJ4UyRWZEI-MBLbl-JM4AAjE5uUVxLSQ52cRJky0M5lx4CnGLfW00E_hUHQuZdR98H7RUTjDGSXdQycwFzUR0lTmkXadmE?authuser=1&fife=s16383","https://mymaps.usercontent.google.com/hostedimage/m/*/3AE5a_GzcI6DfjmYYz9XOHaX1FPJY3AvgW9nv5Oil8MbTHyhwN3vbiuBs-vyvpfi2ofiEYEbfpcEXTVPGiysbkOLfqbQfGlzpk1Ub6kXhuUMyWHn2ktk30gmsn2nOP0T0x2tvbXctzDXEMPUVAjzFHUiLCTnsfNa4TXJ4UyRWZEI-MBLbl-JM4AAjE5uUVxLSQ52cRJky0M5lx4CnGLfW00E_hUHQuZdR98H7RUTjDGSXdQycwFzUR0lTmkXadmE?authuser=1&fife=s16383","true","200","image/png","89 50 4E 47","pending_browser_validation","recovered","/assets/images/investment/investment-LY-INV-000426-05.png"
"investment","فندق السرايا","428","LY-INV-000428","https://mymaps.usercontent.google.com/hostedimage/m/*/3AE5a_GwPJp07GXMugwKY4tiP5WxFDO-Pvbu4KsWpied90BOy8BsHKY0B-z1ImazkStE59SeKdU7MnkWMBisc68fwzEFkWGc9LaKTbMQ3LsbWPGrjYGgqXI4XOvG1Y8by5ntJkydSDxE1OrAFBYEKgqTGyGNBfj5kcSK2817-oqdT5xRZjNJ7nEZSGWS3NQAO4yk1PmxC3r4nHsyswIPZ72qiSS5x0V88IKqWb_2IOeUGZwbH8RcQvGClSHvqA0w?authuser=1&fife=s16383","https://mymaps.usercontent.google.com/hostedimage/m/*/3AE5a_GwPJp07GXMugwKY4tiP5WxFDO-Pvbu4KsWpied90BOy8BsHKY0B-z1ImazkStE59SeKdU7MnkWMBisc68fwzEFkWGc9LaKTbMQ3LsbWPGrjYGgqXI4XOvG1Y8by5ntJkydSDxE1OrAFBYEKgqTGyGNBfj5kcSK2817-oqdT5xRZjNJ7nEZSGWS3NQAO4yk1PmxC3r4nHsyswIPZ72qiSS5x0V88IKqWb_2IOeUGZwbH8RcQvGClSHvqA0w?authuser=1&fife=s16383","true","200","image/png","89 50 4E 47","pending_browser_validation","recovered","/assets/images/investment/investment-LY-INV-000325-01.png"
"investment","فندق السرايا","428","LY-INV-000428","https://mymaps.usercontent.google.com/hostedimage/m/*/3AE5a_GyhlUW9Idp4zhYEuPlj7T5e5capywpiNB9nHIPqjoB0fLOub1OhIRuzinWYt5Nqs8RhbB9mcQG_IEPmS4sDP4_BhrnGa0aZD0M4wzKJgz7gSiHKcRpni1t-C-e4c_yMMSmDskXGWT7t08S2u1Y2QJdXT-G77jK73DqvI-tkQt1VhTmNo8rk6RjrN5yLyCbOGWG4uEQTqVDJVfJMNoEpgiGu0amBFMUZswl9ieHKOYPWDKVjc_nhuIWda18?authuser=1&fife=s16383","https://mymaps.usercontent.google.com/hostedimage/m/*/3AE5a_GyhlUW9Idp4zhYEuPlj7T5e5capywpiNB9nHIPqjoB0fLOub1OhIRuzinWYt5Nqs8RhbB9mcQG_IEPmS4sDP4_BhrnGa0aZD0M4wzKJgz7gSiHKcRpni1t-C-e4c_yMMSmDskXGWT7t08S2u1Y2QJdXT-G77jK73DqvI-tkQt1VhTmNo8rk6RjrN5yLyCbOGWG4uEQTqVDJVfJMNoEpgiGu0amBFMUZswl9ieHKOYPWDKVjc_nhuIWda18?authuser=1&fife=s16383","true","200","image/png","89 50 4E 47","pending_browser_validation","recovered","/assets/images/investment/investment-LY-INV-000325-02.png"
"investment","فندق السرايا","428","LY-INV-000428","https://mymaps.usercontent.google.com/hostedimage/m/*/3AE5a_GwqL8zt1cyVWkfkwrVClIMf97xpnrSb-xqpmG74Hn60i5sTIDO0_x1ysKzMFR5lJH-pW4yCRhaFlZfHgeW8-i7dV3bgIF3itB09iPnqV34PrzQHcg4ay4E3qu5GplVecZbB1tjP_PVS2vJFIadFRVkQt84p0JmomtO_77eiUjcTXiDkOy76PUD7aM-DyEG1jleal_1bThBblizKWiHH1lESUImXTpAQkXwt3cypznVEempCWHcS653HAS8?authuser=1&fife=s16383","https://mymaps.usercontent.google.com/hostedimage/m/*/3AE5a_GwqL8zt1cyVWkfkwrVClIMf97xpnrSb-xqpmG74Hn60i5sTIDO0_x1ysKzMFR5lJH-pW4yCRhaFlZfHgeW8-i7dV3bgIF3itB09iPnqV34PrzQHcg4ay4E3qu5GplVecZbB1tjP_PVS2vJFIadFRVkQt84p0JmomtO_77eiUjcTXiDkOy76PUD7aM-DyEG1jleal_1bThBblizKWiHH1lESUImXTpAQkXwt3cypznVEempCWHcS653HAS8?authuser=1&fife=s16383","true","200","image/png","89 50 4E 47","pending_browser_validation","recovered","/assets/images/investment/investment-LY-INV-000325-03.png"
"investment","فندق السرايا","428","LY-INV-000428","https://mymaps.usercontent.google.com/hostedimage/m/*/3AE5a_Gz8AxAZAA7zbOb3YT5FPRkoAfQxZ_vSpUIDdGsOY4MNvq0ZQiFaT6Y17LYkCx8aLuQhUxfCPatAl-do4C7xTYK9-EgiGVwBlgVDDeABS6PdIKafdgwwXd8Wne1JxQcRoP0SXz5Bsdb-epAnC2IfxWNrMf7s_bm5JDr2pNcUUDDHHtY0K4FRE_uDeYwqpyoc-Mc5AQK-D26BnMvGEzdzbtgWfRHIzwvpkYfNkcz3osUYIHE95ylBcPMY7l4?authuser=1&fife=s16383","https://mymaps.usercontent.google.com/hostedimage/m/*/3AE5a_Gz8AxAZAA7zbOb3YT5FPRkoAfQxZ_vSpUIDdGsOY4MNvq0ZQiFaT6Y17LYkCx8aLuQhUxfCPatAl-do4C7xTYK9-EgiGVwBlgVDDeABS6PdIKafdgwwXd8Wne1JxQcRoP0SXz5Bsdb-epAnC2IfxWNrMf7s_bm5JDr2pNcUUDDHHtY0K4FRE_uDeYwqpyoc-Mc5AQK-D26BnMvGEzdzbtgWfRHIzwvpkYfNkcz3osUYIHE95ylBcPMY7l4?authuser=1&fife=s16383","true","200","image/png","89 50 4E 47","pending_browser_validation","recovered","/assets/images/investment/investment-LY-INV-000325-04.png"
"investment","فندق ابن الرومي","432","LY-INV-000432","https://mymaps.usercontent.google.com/hostedimage/m/*/3AE5a_Gy8-TL28POA_n2vuACG2SVcNLeEuWYhzaU8yFh3636egGBFRNUbqTQ-12ZPr43iRGseWWU5bJoeokJbgV0xxTuN7aupTuXSeYP5ZgrrHWn5kEboCkaUVLH__N46GnMuNDkktMQ9E8ToTOV_dYd2d1jwRE-HPppL6KJOV40tCC6ffCdkg2AYzoBlLSJ8KAHl9A86SXkCJcYGpEIvCZcQV_fQEUpT1JBDfpmnexnKVN8hTZnBFZXmtSVosxk?authuser=1&fife=s16383","https://mymaps.usercontent.google.com/hostedimage/m/*/3AE5a_Gy8-TL28POA_n2vuACG2SVcNLeEuWYhzaU8yFh3636egGBFRNUbqTQ-12ZPr43iRGseWWU5bJoeokJbgV0xxTuN7aupTuXSeYP5ZgrrHWn5kEboCkaUVLH__N46GnMuNDkktMQ9E8ToTOV_dYd2d1jwRE-HPppL6KJOV40tCC6ffCdkg2AYzoBlLSJ8KAHl9A86SXkCJcYGpEIvCZcQV_fQEUpT1JBDfpmnexnKVN8hTZnBFZXmtSVosxk?authuser=1&fife=s16383","true","200","image/png","89 50 4E 47","pending_browser_validation","recovered","/assets/images/investment/investment-LY-INV-000432-01.png"
"investment","فندق الحياة","434","LY-INV-000434","https://mymaps.usercontent.google.com/hostedimage/m/*/3AE5a_GwxUVdvslIZCLNghDACmHNqB5ZOxSVlLtn-jNPI_pCtnuHWcy6o4T0VabqyDMKtkARlMlxrPS4ZhYl1DgpPkEgyo5tZCg6qUiQMcreSWKd9_pOxYEXx0dkgQZ7BethbbR0geO3a8Thd3u0nfRyzC71OjUIIXjq-Vw3emmnHF66TJ9KJa_HHQAvyiBfNWwkKCuyCuGYjxNvePnnOYHD3aAeEm0Bc7EpJMzJ3-JrW6zfXXGgO40CW7UontBU?authuser=1&fife=s16383","https://mymaps.usercontent.google.com/hostedimage/m/*/3AE5a_GwxUVdvslIZCLNghDACmHNqB5ZOxSVlLtn-jNPI_pCtnuHWcy6o4T0VabqyDMKtkARlMlxrPS4ZhYl1DgpPkEgyo5tZCg6qUiQMcreSWKd9_pOxYEXx0dkgQZ7BethbbR0geO3a8Thd3u0nfRyzC71OjUIIXjq-Vw3emmnHF66TJ9KJa_HHQAvyiBfNWwkKCuyCuGYjxNvePnnOYHD3aAeEm0Bc7EpJMzJ3-JrW6zfXXGgO40CW7UontBU?authuser=1&fife=s16383","true","200","image/png","89 50 4E 47","pending_browser_validation","recovered","/assets/images/investment/investment-LY-INV-000434-01.png"
"investment","فندق الحياة","434","LY-INV-000434","https://mymaps.usercontent.google.com/hostedimage/m/*/3AE5a_GwupHDXJv6i-5H_KiBUGK6N0P8icUNBoC_KJbp4ScvOVw_stMD456cf_FqRr8GCYZRaEYUv9inxxh0NE6_o4B6WOLYXOFGVSigg9ONB27Vollr2481FhBEH9GKxSgaWCRaGdG2lqpl_EMzFeLr7fiahxDLyxYYmoEAzaaIP5OyrOGvFY2RZOEYURd85iR0YxRomvZaw7fzfHN2lYY19W4YHO7iS7wWY6mikjFnxwL2FaEEOHDzBXqhZYFY?authuser=1&fife=s16383","https://mymaps.usercontent.google.com/hostedimage/m/*/3AE5a_GwupHDXJv6i-5H_KiBUGK6N0P8icUNBoC_KJbp4ScvOVw_stMD456cf_FqRr8GCYZRaEYUv9inxxh0NE6_o4B6WOLYXOFGVSigg9ONB27Vollr2481FhBEH9GKxSgaWCRaGdG2lqpl_EMzFeLr7fiahxDLyxYYmoEAzaaIP5OyrOGvFY2RZOEYURd85iR0YxRomvZaw7fzfHN2lYY19W4YHO7iS7wWY6mikjFnxwL2FaEEOHDzBXqhZYFY?authuser=1&fife=s16383","true","200","image/png","89 50 4E 47","pending_browser_validation","recovered","/assets/images/investment/investment-LY-INV-000434-02.png"
"investment","فندق الحياة","434","LY-INV-000434","https://mymaps.usercontent.google.com/hostedimage/m/*/3AE5a_Gzoa6LT3xr5r8nHSGjWi-vUEc8uQNXgWgd-fD2669s49n7s3SI2O7LuYqRa2WqAiIb_l1oDAEfw4MOCvdjR7OTBcog3CA69Dn9BFRUsi-UYCoKWera9QuVpdIOSk-Tlux-_iFV1E_Nbqrf-gZI3Ku7v7W9iWgpHYRE7qGyKulUiRCPp5wFtWUUG5PaB6BO63TG35KoOo7d90hHBL78ecctEyBC1Xu5pd-PFZMQA3-pMFoaJUZdHDiClFHA?authuser=1&fife=s16383","https://mymaps.usercontent.google.com/hostedimage/m/*/3AE5a_Gzoa6LT3xr5r8nHSGjWi-vUEc8uQNXgWgd-fD2669s49n7s3SI2O7LuYqRa2WqAiIb_l1oDAEfw4MOCvdjR7OTBcog3CA69Dn9BFRUsi-UYCoKWera9QuVpdIOSk-Tlux-_iFV1E_Nbqrf-gZI3Ku7v7W9iWgpHYRE7qGyKulUiRCPp5wFtWUUG5PaB6BO63TG35KoOo7d90hHBL78ecctEyBC1Xu5pd-PFZMQA3-pMFoaJUZdHDiClFHA?authuser=1&fife=s16383","true","200","image/png","89 50 4E 47","pending_browser_validation","recovered","/assets/images/investment/investment-LY-INV-000434-03.png"
"investment","فندق الحياة","434","LY-INV-000434","https://mymaps.usercontent.google.com/hostedimage/m/*/3AE5a_Gx1gyFsaOtWObpiE0MUm-8M74om8wrhblM80E2SfYTV_Wut8N9tx6NkM5b0_GrGSiZ6XYnS_5Ik4O85ZwI7dFeDvoTNuqypRWd258sZvguz5ccDmK730IN669s7wpNspBsd_WpN-TWTHYJeFUbRkkPbi0ymhyuHYeJyHsBXXkmV50matp6ll3xMqOhj2Q4t4CXGgGdQd2fynNLXcE0ch_pkgZtrJLiI5svL0VZx_NQZw-3WSXtjhsOIkvA?authuser=1&fife=s16383","https://mymaps.usercontent.google.com/hostedimage/m/*/3AE5a_Gx1gyFsaOtWObpiE0MUm-8M74om8wrhblM80E2SfYTV_Wut8N9tx6NkM5b0_GrGSiZ6XYnS_5Ik4O85ZwI7dFeDvoTNuqypRWd258sZvguz5ccDmK730IN669s7wpNspBsd_WpN-TWTHYJeFUbRkkPbi0ymhyuHYeJyHsBXXkmV50matp6ll3xMqOhj2Q4t4CXGgGdQd2fynNLXcE0ch_pkgZtrJLiI5svL0VZx_NQZw-3WSXtjhsOIkvA?authuser=1&fife=s16383","true","200","image/png","89 50 4E 47","pending_browser_validation","recovered","/assets/images/investment/investment-LY-INV-000434-04.png"
"investment","فندق الحياة","434","LY-INV-000434","https://mymaps.usercontent.google.com/hostedimage/m/*/3AE5a_GxDIcGIwmrLLz58C09ENL0C52iQglo3ic0APRvI-nTJIgKd0n1T_-4T0d99DNNcpNgRovTyW8JiVvSr0-7GSFLBgEswFTSs9pVlwei3u-4p69Vqei8IFIZ1HRDGXV0CUjwPnwhkQ1tlWLjFiXevLakaHULEhIJeIe0xS_llcFWbiZA2OPLgfmuMOQlIsqA42nouUeATUNJccYwro_N3xBlzyHiPACWC-tI61kcxRCq7_GRbOgkmiJ6L0DI?authuser=1&fife=s16383","https://mymaps.usercontent.google.com/hostedimage/m/*/3AE5a_GxDIcGIwmrLLz58C09ENL0C52iQglo3ic0APRvI-nTJIgKd0n1T_-4T0d99DNNcpNgRovTyW8JiVvSr0-7GSFLBgEswFTSs9pVlwei3u-4p69Vqei8IFIZ1HRDGXV0CUjwPnwhkQ1tlWLjFiXevLakaHULEhIJeIe0xS_llcFWbiZA2OPLgfmuMOQlIsqA42nouUeATUNJccYwro_N3xBlzyHiPACWC-tI61kcxRCq7_GRbOgkmiJ6L0DI?authuser=1&fife=s16383","true","200","image/png","89 50 4E 47","pending_browser_validation","recovered","/assets/images/investment/investment-LY-INV-000434-05.png"
"investment","فندق الصناعية مصراتة","436","LY-INV-000436","https://mymaps.usercontent.google.com/hostedimage/m/*/3AE5a_GxBPEE1T0idJ54Ga_AY87vslfKJC-GmKPRlH7pENJC0HF2NOGi2t8QvDTyXzK8cWbjYIBGiQhPrQEAnX8LuhxnVp2PniNBIoCEwO31yLfz2VF40eMrr1-WszpizSAdsVdKhyF91quDKxILVaeE5w_7LdE3FxIR8ahVkoGQD-dzQnPTtl-UkTa0Vc0nyeONwhGgeFZ4gBJOQO4HG8MrBPjNUQuh_5n9EZibQufY9vRahf8E4ZkRV5x8QFJ8?authuser=1&fife=s16383","https://mymaps.usercontent.google.com/hostedimage/m/*/3AE5a_GxBPEE1T0idJ54Ga_AY87vslfKJC-GmKPRlH7pENJC0HF2NOGi2t8QvDTyXzK8cWbjYIBGiQhPrQEAnX8LuhxnVp2PniNBIoCEwO31yLfz2VF40eMrr1-WszpizSAdsVdKhyF91quDKxILVaeE5w_7LdE3FxIR8ahVkoGQD-dzQnPTtl-UkTa0Vc0nyeONwhGgeFZ4gBJOQO4HG8MrBPjNUQuh_5n9EZibQufY9vRahf8E4ZkRV5x8QFJ8?authuser=1&fife=s16383","true","200","image/png","89 50 4E 47","pending_browser_validation","recovered","/assets/images/investment/investment-LY-INV-000336-02.png"
"investment","فندق الصناعية مصراتة","436","LY-INV-000436","https://mymaps.usercontent.google.com/hostedimage/m/*/3AE5a_GwhwOQIfIkzG113pdhD9QWOn9OyLg16Mwc-ZcgtCSt-ZPHE4-BBl84WYqJPjpQ4eVIntWLPhYctuaVjpVRVSy9A42wEXnZjos9BIbbtBXbfh8dyLK5GkbgloE1GCj215ejVmUr5o2e_RgYhUAZTq1nQ_MvEPLT6hw7ZuQcaNG_JLxMRloJuXdCSpnFEWzVS9PioujgxaIJsi11OwoKKOG7vmEYZfoXPT7B-2oOkvpvH3LgfUuIBMmHxogo?authuser=1&fife=s16383","https://mymaps.usercontent.google.com/hostedimage/m/*/3AE5a_GwhwOQIfIkzG113pdhD9QWOn9OyLg16Mwc-ZcgtCSt-ZPHE4-BBl84WYqJPjpQ4eVIntWLPhYctuaVjpVRVSy9A42wEXnZjos9BIbbtBXbfh8dyLK5GkbgloE1GCj215ejVmUr5o2e_RgYhUAZTq1nQ_MvEPLT6hw7ZuQcaNG_JLxMRloJuXdCSpnFEWzVS9PioujgxaIJsi11OwoKKOG7vmEYZfoXPT7B-2oOkvpvH3LgfUuIBMmHxogo?authuser=1&fife=s16383","true","200","image/png","89 50 4E 47","pending_browser_validation","recovered","/assets/images/investment/investment-LY-INV-000336-03.png"
"investment","فندق الصناعية مصراتة","436","LY-INV-000436","https://mymaps.usercontent.google.com/hostedimage/m/*/3AE5a_GxmsThiW1oPyFaMPrc6qNcHseQRG5c62uEVwHGrG1RrNms2VAyGpOBBvYLhcIo9GGGyywXbCB5_WD9deQGjS44V5gVkJKInJ3ZasSlPe_lNXchMWpoXoBiYEx7y8SBzgM6uh8pPtRNFss_AXk2DBxnwmk_Nt1ccE0hogbKgFJNyv6lI_L6VZGcvQPSSErDKs1CXzTxvwWwDPYdlQam-_Y-39vG2CWdp9cLx8ztxWtvO97Yh3qGi-SSuE10?authuser=1&fife=s16383","https://mymaps.usercontent.google.com/hostedimage/m/*/3AE5a_GxmsThiW1oPyFaMPrc6qNcHseQRG5c62uEVwHGrG1RrNms2VAyGpOBBvYLhcIo9GGGyywXbCB5_WD9deQGjS44V5gVkJKInJ3ZasSlPe_lNXchMWpoXoBiYEx7y8SBzgM6uh8pPtRNFss_AXk2DBxnwmk_Nt1ccE0hogbKgFJNyv6lI_L6VZGcvQPSSErDKs1CXzTxvwWwDPYdlQam-_Y-39vG2CWdp9cLx8ztxWtvO97Yh3qGi-SSuE10?authuser=1&fife=s16383","true","200","image/png","89 50 4E 47","pending_browser_validation","recovered","/assets/images/investment/investment-LY-INV-000436-03.png"
"investment","فندق الصناعية مصراتة","436","LY-INV-000436","https://mymaps.usercontent.google.com/hostedimage/m/*/3AE5a_GzSi2G05WSSzi289lYHlsreE6DK_v9Q3DlFinKKcRowvGKun1iTm9OhRROONlPBqQH241UN09Uzej-UBnycxm-LmdZcSpsGo6TCc0vwh23xCPt0_reNtM6kUqoRZudD9IuZd5VdrMRNmJSmbA3hVLG5kOrUWgUSC8VHBdmBftBoXeohrxTbJqCYo_9yziRvOCW_KBX7KujalwA2a2rw9VKQwzMvd_q8cUF9LvfpzG399gZydJPegQFITjs?authuser=1&fife=s16383","https://mymaps.usercontent.google.com/hostedimage/m/*/3AE5a_GzSi2G05WSSzi289lYHlsreE6DK_v9Q3DlFinKKcRowvGKun1iTm9OhRROONlPBqQH241UN09Uzej-UBnycxm-LmdZcSpsGo6TCc0vwh23xCPt0_reNtM6kUqoRZudD9IuZd5VdrMRNmJSmbA3hVLG5kOrUWgUSC8VHBdmBftBoXeohrxTbJqCYo_9yziRvOCW_KBX7KujalwA2a2rw9VKQwzMvd_q8cUF9LvfpzG399gZydJPegQFITjs?authuser=1&fife=s16383","true","200","image/png","89 50 4E 47","pending_browser_validation","recovered","/assets/images/investment/investment-LY-INV-000436-04.png"
"investment","فندق الصناعية مصراتة","436","LY-INV-000436","https://mymaps.usercontent.google.com/hostedimage/m/*/3AE5a_GzGjl870rhVi3Lg4QW968tMbJybFK4zdr_PSzMtocuNRk8lGJviDnx3tUanOL3dVmwsMveB0hw8lRxJkqQFHBwN26JWmlpQey1ZvclWJCB3WDilcSphRhZDMYT_YsjtcgTtTu4AD8jtSlBJijK_HtGYfYNxdQR6ju7G-ID9bzQeKBi_KDy8mkC63ofMXuza2BoQo-3DwPLU-a8-nncN0im5_lPtkMu-P6k1veY4MLrJPRoypJjR9lacapA?authuser=1&fife=s16383","https://mymaps.usercontent.google.com/hostedimage/m/*/3AE5a_GzGjl870rhVi3Lg4QW968tMbJybFK4zdr_PSzMtocuNRk8lGJviDnx3tUanOL3dVmwsMveB0hw8lRxJkqQFHBwN26JWmlpQey1ZvclWJCB3WDilcSphRhZDMYT_YsjtcgTtTu4AD8jtSlBJijK_HtGYfYNxdQR6ju7G-ID9bzQeKBi_KDy8mkC63ofMXuza2BoQo-3DwPLU-a8-nncN0im5_lPtkMu-P6k1veY4MLrJPRoypJjR9lacapA?authuser=1&fife=s16383","true","200","image/png","89 50 4E 47","pending_browser_validation","recovered","/assets/images/investment/investment-LY-INV-000436-05.png"
"investment","فندق الصناعية مصراتة","436","LY-INV-000436","https://mymaps.usercontent.google.com/hostedimage/m/*/3AE5a_GyYPxXchQzV1qYJeZcManhwpCBbbk0xQdFSNAeC_UF4U0L_EETQqZ_Xl9Exrr7D_UI0zXlkQiyYzabLwLArRZqN66OS5mdBSo2fsz0Ne-6kKpKbjpHYXm48Oh8EjZh3ssUr1Em0AxdUSmjC3v1YgdEsWCPkc-j4sclOg3mIRJUFii6EgWmohIyTHkYsju7Ih2vN5awrAZk2qGQ8p6UsJA_tNy1XbYiePbqODpjgLygsJN8N4K0mz1HMZH4?authuser=1&fife=s16383","https://mymaps.usercontent.google.com/hostedimage/m/*/3AE5a_GyYPxXchQzV1qYJeZcManhwpCBbbk0xQdFSNAeC_UF4U0L_EETQqZ_Xl9Exrr7D_UI0zXlkQiyYzabLwLArRZqN66OS5mdBSo2fsz0Ne-6kKpKbjpHYXm48Oh8EjZh3ssUr1Em0AxdUSmjC3v1YgdEsWCPkc-j4sclOg3mIRJUFii6EgWmohIyTHkYsju7Ih2vN5awrAZk2qGQ8p6UsJA_tNy1XbYiePbqODpjgLygsJN8N4K0mz1HMZH4?authuser=1&fife=s16383","true","200","image/png","89 50 4E 47","pending_browser_validation","recovered","/assets/images/investment/investment-LY-INV-000436-06.png"
"investment","فندق العوينات","437","LY-INV-000437","https://mymaps.usercontent.google.com/hostedimage/m/*/3AE5a_Gz6ZJ-TzIGq6NNHrPp7J60TSguK5-RvpOCsrfDupBKHl1k0cBv39eeQ01ax51TV4r4eLKI13dtK4xGyROTi_orvqZ965lA2OGCKMYXj7fnn0FAXZnB-etbP6bqACzWBdxl7ERaJUqt0skslFiCtzM22Tz6rOBfzbqfPOCA_q82CibhftGQ154KZslyWi-UxnOMIYr823EOB7aLqaH2UJ7VT1y8O3MI1NJlvLwvzx1V8CgqiI_EU7e1uFoQ?authuser=1&fife=s16383","https://mymaps.usercontent.google.com/hostedimage/m/*/3AE5a_Gz6ZJ-TzIGq6NNHrPp7J60TSguK5-RvpOCsrfDupBKHl1k0cBv39eeQ01ax51TV4r4eLKI13dtK4xGyROTi_orvqZ965lA2OGCKMYXj7fnn0FAXZnB-etbP6bqACzWBdxl7ERaJUqt0skslFiCtzM22Tz6rOBfzbqfPOCA_q82CibhftGQ154KZslyWi-UxnOMIYr823EOB7aLqaH2UJ7VT1y8O3MI1NJlvLwvzx1V8CgqiI_EU7e1uFoQ?authuser=1&fife=s16383","true","200","image/png","89 50 4E 47","pending_browser_validation","recovered","/assets/images/investment/investment-LY-INV-000437-01.png"
"investment","فندق الفضيل","439","LY-INV-000439","https://mymaps.usercontent.google.com/hostedimage/m/*/3AE5a_GxApkTVU-7zGT1S0ATOIOBgvqft10ohAFiyxJK57LDQYdgku4BvoTd48Tm3ThmliV-ZFQsLLX1NCdNUlP9irE4P-yT-dPmkSPvfUZiqGXwlE0BjATZgk4wBMdQ6Bvl-TMUwEQh1H0viH0NWd0CTnW2JXb2bI3zAa_sR42iJG1XAkHFHsB7bLJfuCNcZ7N0E55vZ83DsR1LKMO0WgBmyLKH3KEIn2PQSitVk94Qcq8AifGR6bGKKB-Q_CGQ?authuser=1&fife=s16383","https://mymaps.usercontent.google.com/hostedimage/m/*/3AE5a_GxApkTVU-7zGT1S0ATOIOBgvqft10ohAFiyxJK57LDQYdgku4BvoTd48Tm3ThmliV-ZFQsLLX1NCdNUlP9irE4P-yT-dPmkSPvfUZiqGXwlE0BjATZgk4wBMdQ6Bvl-TMUwEQh1H0viH0NWd0CTnW2JXb2bI3zAa_sR42iJG1XAkHFHsB7bLJfuCNcZ7N0E55vZ83DsR1LKMO0WgBmyLKH3KEIn2PQSitVk94Qcq8AifGR6bGKKB-Q_CGQ?authuser=1&fife=s16383","true","200","image/png","89 50 4E 47","pending_browser_validation","recovered","/assets/images/investment/investment-LY-INV-000439-01.png"
"investment","فندق الفضيل","439","LY-INV-000439","https://mymaps.usercontent.google.com/hostedimage/m/*/3AE5a_GxTnxAvgsSW2q9Y2xmaaMkPzwevpXOYIFMFlQ5vq1Ji-MheL4nTpkOK3KaWWke582wxzvobYxvNibQTLXEJbjxa1uiEfZa-GSwO7_Pw9XsWCj6UM2Nn6SaBXY_mwgfPAG1BmFHJq-6flvga6zBQdQJvCZrYQDv8U5frumCov-yt8btWwgxN46gqeVMEVQ2R13OdjeA6pOk0J6Lo6ta8R5xDCSM5UyllboIzhgyUP4g3R7hG5tkezJbYNc8?authuser=1&fife=s16383","https://mymaps.usercontent.google.com/hostedimage/m/*/3AE5a_GxTnxAvgsSW2q9Y2xmaaMkPzwevpXOYIFMFlQ5vq1Ji-MheL4nTpkOK3KaWWke582wxzvobYxvNibQTLXEJbjxa1uiEfZa-GSwO7_Pw9XsWCj6UM2Nn6SaBXY_mwgfPAG1BmFHJq-6flvga6zBQdQJvCZrYQDv8U5frumCov-yt8btWwgxN46gqeVMEVQ2R13OdjeA6pOk0J6Lo6ta8R5xDCSM5UyllboIzhgyUP4g3R7hG5tkezJbYNc8?authuser=1&fife=s16383","true","200","image/png","89 50 4E 47","pending_browser_validation","recovered","/assets/images/investment/investment-LY-INV-000439-02.png"
"investment","فندق الفضيل","439","LY-INV-000439","https://mymaps.usercontent.google.com/hostedimage/m/*/3AE5a_Gy0W7w7qGuOD2WG9EMENVEHoA3EcIpaegFfIihZ4ruPpSbJPh1LWmUstkGxvqoT9cr3uyCOPg8bnKAxM2YSUyaJ7auVorL-31_IQfyfBoI5GJAc3DUiGdDsmBqlwwIeIQQwlNy0KNwvA4OIVTnIjUju_y-xyI0V3cizorCW0iK1h5uHOWQGs6nf-MDXU2W0vmOMIQiqGXssSOvqsfp_x3r8OLl7xwFcGOqYELR_sxCkgd2UDS2Pmj0xXn0?authuser=1&fife=s16383","https://mymaps.usercontent.google.com/hostedimage/m/*/3AE5a_Gy0W7w7qGuOD2WG9EMENVEHoA3EcIpaegFfIihZ4ruPpSbJPh1LWmUstkGxvqoT9cr3uyCOPg8bnKAxM2YSUyaJ7auVorL-31_IQfyfBoI5GJAc3DUiGdDsmBqlwwIeIQQwlNy0KNwvA4OIVTnIjUju_y-xyI0V3cizorCW0iK1h5uHOWQGs6nf-MDXU2W0vmOMIQiqGXssSOvqsfp_x3r8OLl7xwFcGOqYELR_sxCkgd2UDS2Pmj0xXn0?authuser=1&fife=s16383","true","200","image/png","89 50 4E 47","pending_browser_validation","recovered","/assets/images/investment/investment-LY-INV-000439-03.png"
"investment","فندق الفضيل","439","LY-INV-000439","https://mymaps.usercontent.google.com/hostedimage/m/*/3AE5a_Gz99gmBQwmXIux9P0it5DtgE7vyXWg6JlgqaKwojntSbEPpnTP1kXxXM_Fks60Gr3brOM2Z2Wr66mI0o5OPAtRBU7q2BvmhiVD2dFXUxLF-77Rk38cjYXR0DMGy_OaBOWRDg7fl7YB0_SP-9VVP2sIydoG3jrFiPjM8cxbXkasJrH_ItCzgBjQoyZ0KiVtAgx67cE81YvqHQL9txlr7O-aaE953RuNkqmBVOXZeCqQ9Cvs9XgZrejbgBH8?authuser=1&fife=s16383","https://mymaps.usercontent.google.com/hostedimage/m/*/3AE5a_Gz99gmBQwmXIux9P0it5DtgE7vyXWg6JlgqaKwojntSbEPpnTP1kXxXM_Fks60Gr3brOM2Z2Wr66mI0o5OPAtRBU7q2BvmhiVD2dFXUxLF-77Rk38cjYXR0DMGy_OaBOWRDg7fl7YB0_SP-9VVP2sIydoG3jrFiPjM8cxbXkasJrH_ItCzgBjQoyZ0KiVtAgx67cE81YvqHQL9txlr7O-aaE953RuNkqmBVOXZeCqQ9Cvs9XgZrejbgBH8?authuser=1&fife=s16383","true","200","image/png","89 50 4E 47","pending_browser_validation","recovered","/assets/images/investment/investment-LY-INV-000439-04.png"
"investment","فندق الفضيل","439","LY-INV-000439","https://mymaps.usercontent.google.com/hostedimage/m/*/3AE5a_GwsNW0XlgClLwXSHAqo-jFnzEU0fz9zPIfGn9JRI4ZksP_pP1nznDOa50txk1i51YxCq-vsrzRa0l79nduVxElNJNvc4ElNJaVb50yKbuRMAbh8UFkCAS0JtkzcTgLw6XF7cQrA0C2bAZLNNTai7VWfnKCcXYe8rv4EhR-Jrd5gyaZt2imi3yT_77c9nxq2cgmdPiQx__vtEqT_Cm1Fz9uDG-9Ggb7yqVtUc7HI3Oiz4ch-x3WOIw1mklE?authuser=1&fife=s16383","https://mymaps.usercontent.google.com/hostedimage/m/*/3AE5a_GwsNW0XlgClLwXSHAqo-jFnzEU0fz9zPIfGn9JRI4ZksP_pP1nznDOa50txk1i51YxCq-vsrzRa0l79nduVxElNJNvc4ElNJaVb50yKbuRMAbh8UFkCAS0JtkzcTgLw6XF7cQrA0C2bAZLNNTai7VWfnKCcXYe8rv4EhR-Jrd5gyaZt2imi3yT_77c9nxq2cgmdPiQx__vtEqT_Cm1Fz9uDG-9Ggb7yqVtUc7HI3Oiz4ch-x3WOIw1mklE?authuser=1&fife=s16383","true","200","image/png","89 50 4E 47","pending_browser_validation","recovered","/assets/images/investment/investment-LY-INV-000439-05.png"
"investment","فندق الفضيل رأس لانوف","440","LY-INV-000440","https://mymaps.usercontent.google.com/hostedimage/m/*/3AE5a_GxVht1g4lxav1yobFOvldztzvYJIHdH9BbAUdOhcZUrwjkLPT3khJOpmz2VUHcBYZmgaXFrrijmAse9cx1wi4qOLxhxNc1OHuW-hPXsOKiV-YMXq4Js6k2NoftbN5CJ4fLKfNUpnZW3-MHijP_9QEvlB4S1_sOAbedQ8mqVjrSNZ6smThNgneqGZxemiGGXlNexvdb9XduREJu_-FJzVmAkDuPz2aaDuKMeap8uIwVX6_2VpvOAhdlWlR4?authuser=1&fife=s16383","https://mymaps.usercontent.google.com/hostedimage/m/*/3AE5a_GxVht1g4lxav1yobFOvldztzvYJIHdH9BbAUdOhcZUrwjkLPT3khJOpmz2VUHcBYZmgaXFrrijmAse9cx1wi4qOLxhxNc1OHuW-hPXsOKiV-YMXq4Js6k2NoftbN5CJ4fLKfNUpnZW3-MHijP_9QEvlB4S1_sOAbedQ8mqVjrSNZ6smThNgneqGZxemiGGXlNexvdb9XduREJu_-FJzVmAkDuPz2aaDuKMeap8uIwVX6_2VpvOAhdlWlR4?authuser=1&fife=s16383","true","200","image/png","89 50 4E 47","pending_browser_validation","recovered","/assets/images/investment/investment-LY-INV-000440-01.png"
"investment","فندق الفضيل رأس لانوف","440","LY-INV-000440","https://mymaps.usercontent.google.com/hostedimage/m/*/3AE5a_GzuVSRl8DGSMyaUAKenHxxTTuN5OSXrcnd1xT9rXG1UibyMisTBYpWSuepuzEsM3aNdF0BgLJHZmzLK76XhpU4Mhyse-eM8FvpN_c7JRdNq23rBgurZxdUCS3Jx_Y9KgkIrh34n-9UVy8jK6SM4Qi3UZIsuzq2twgwoa7b8SAT0lKckERYqXvQ7-lOtnpz1tQ5Gnu4MGEshF5TVkiVRMl2Q2o-jaqzDzhqAWd6-mkOwpkauyc9Qzw_VCOQ?authuser=1&fife=s16383","https://mymaps.usercontent.google.com/hostedimage/m/*/3AE5a_GzuVSRl8DGSMyaUAKenHxxTTuN5OSXrcnd1xT9rXG1UibyMisTBYpWSuepuzEsM3aNdF0BgLJHZmzLK76XhpU4Mhyse-eM8FvpN_c7JRdNq23rBgurZxdUCS3Jx_Y9KgkIrh34n-9UVy8jK6SM4Qi3UZIsuzq2twgwoa7b8SAT0lKckERYqXvQ7-lOtnpz1tQ5Gnu4MGEshF5TVkiVRMl2Q2o-jaqzDzhqAWd6-mkOwpkauyc9Qzw_VCOQ?authuser=1&fife=s16383","true","200","image/png","89 50 4E 47","pending_browser_validation","recovered","/assets/images/investment/investment-LY-INV-000440-02.png"
"investment","فندق الفلك","441","LY-INV-000441","https://mymaps.usercontent.google.com/hostedimage/m/*/3AE5a_Gzw4Hbk8iZIof0nsb4RF8b0KSBmt8rdmbDPMjfKrPcdhXuv4uR8bJwohhCGwbjvTwPrzGCRHNgQb7DrdYTAQ7wr1gH6K0pTRDwkU_TtVreSPym97KyhtBJPju4yeDYEiBp1_cN2VLjawgqHUYx-jIRm6TFTx5S2WzA93KrJ_7HV7fokv2L_oC1Eacynx8Iep2wjj6UdOh2dpRkFP6xHsuwrsSvVAD4JD8Qa0W6_6kjP-ZszZxg38rqG0Tk?authuser=1&fife=s16383","https://mymaps.usercontent.google.com/hostedimage/m/*/3AE5a_Gzw4Hbk8iZIof0nsb4RF8b0KSBmt8rdmbDPMjfKrPcdhXuv4uR8bJwohhCGwbjvTwPrzGCRHNgQb7DrdYTAQ7wr1gH6K0pTRDwkU_TtVreSPym97KyhtBJPju4yeDYEiBp1_cN2VLjawgqHUYx-jIRm6TFTx5S2WzA93KrJ_7HV7fokv2L_oC1Eacynx8Iep2wjj6UdOh2dpRkFP6xHsuwrsSvVAD4JD8Qa0W6_6kjP-ZszZxg38rqG0Tk?authuser=1&fife=s16383","true","200","image/png","89 50 4E 47","pending_browser_validation","recovered","/assets/images/investment/investment-LY-INV-000441-01.png"
"investment","فندق الفلك","441","LY-INV-000441","https://mymaps.usercontent.google.com/hostedimage/m/*/3AE5a_Gxx2cvF7gNtQQOV4pYg7JqHDp-Ido61N2e64aj021QAiQff4XunAekljzXLLhxHVmmhjmU8Ac05ykSSIbegBaH24h4-PPh5sOtWUaGnlf3RK2CEZyGYbuP6VXt0AN8bHpRg46ccfUNQTGw6H439Iev2pcjmyaEVPtn7-uTk_og7CvjKbYRXpjIc_-nwdUBN4X48SQgQzRW5mQVKV3dLX4eptFeG1Qd14JWpoyAeKrcprlwMooFHJx7ycEE?authuser=1&fife=s16383","https://mymaps.usercontent.google.com/hostedimage/m/*/3AE5a_Gxx2cvF7gNtQQOV4pYg7JqHDp-Ido61N2e64aj021QAiQff4XunAekljzXLLhxHVmmhjmU8Ac05ykSSIbegBaH24h4-PPh5sOtWUaGnlf3RK2CEZyGYbuP6VXt0AN8bHpRg46ccfUNQTGw6H439Iev2pcjmyaEVPtn7-uTk_og7CvjKbYRXpjIc_-nwdUBN4X48SQgQzRW5mQVKV3dLX4eptFeG1Qd14JWpoyAeKrcprlwMooFHJx7ycEE?authuser=1&fife=s16383","true","200","image/png","89 50 4E 47","pending_browser_validation","recovered","/assets/images/investment/investment-LY-INV-000441-02.png"
"investment","فندق الفلك","441","LY-INV-000441","https://mymaps.usercontent.google.com/hostedimage/m/*/3AE5a_GzOpQbVt7y1gtN6p7QfkCWzGo21uFsg4XeAuNiA1wOhoip486SpXbuCZojseugqS9_usogy2jnwQQZiGTH5zOcyeKKKyOkDVsZDGccXIYwf04jJ0Un1jUy8qiyWH_ilOPacMzXV9WYmu2O_n_ET274ClLbcRIbPty1asJo7WtfhIp9rxg4B_Fex7IeRQWZ9VAb_gSNUhJIsPtO2EyptrwxDIrwKDbPszV6PeCzXE_3BuOsfEcLbjcGfU4g?authuser=1&fife=s16383","https://mymaps.usercontent.google.com/hostedimage/m/*/3AE5a_GzOpQbVt7y1gtN6p7QfkCWzGo21uFsg4XeAuNiA1wOhoip486SpXbuCZojseugqS9_usogy2jnwQQZiGTH5zOcyeKKKyOkDVsZDGccXIYwf04jJ0Un1jUy8qiyWH_ilOPacMzXV9WYmu2O_n_ET274ClLbcRIbPty1asJo7WtfhIp9rxg4B_Fex7IeRQWZ9VAb_gSNUhJIsPtO2EyptrwxDIrwKDbPszV6PeCzXE_3BuOsfEcLbjcGfU4g?authuser=1&fife=s16383","true","200","image/png","89 50 4E 47","pending_browser_validation","recovered","/assets/images/investment/investment-LY-INV-000441-03.png"
"investment","فندق القلعة","443","LY-INV-000443","https://mymaps.usercontent.google.com/hostedimage/m/*/3AE5a_GwFwuKLb7kVk57UGnvLjENw6_t0fwntx6xjxn1wK0fpNl5t_53xffvM89qjHtj5lL7R3wOaeT61fiSKsALLroaWHhytc6DGra9dHCHHYK2qAZaDOxajvo1W9H_txneJOWqSYs6Df-WKBWJw5hJV4WMPbZkMKjXKhByVWo-iVyo7YRDJ_a07CfeC03ov1x-aroHd8gl8k9dfAGbYorrbVO9NK59dc5yByq-rvDvGE7YN8dIMU2X_cT46q8o?authuser=1&fife=s16383","https://mymaps.usercontent.google.com/hostedimage/m/*/3AE5a_GwFwuKLb7kVk57UGnvLjENw6_t0fwntx6xjxn1wK0fpNl5t_53xffvM89qjHtj5lL7R3wOaeT61fiSKsALLroaWHhytc6DGra9dHCHHYK2qAZaDOxajvo1W9H_txneJOWqSYs6Df-WKBWJw5hJV4WMPbZkMKjXKhByVWo-iVyo7YRDJ_a07CfeC03ov1x-aroHd8gl8k9dfAGbYorrbVO9NK59dc5yByq-rvDvGE7YN8dIMU2X_cT46q8o?authuser=1&fife=s16383","true","200","image/png","89 50 4E 47","pending_browser_validation","recovered","/assets/images/investment/investment-LY-INV-000443-01.png"
"investment","فندق الكاظم","444","LY-INV-000444","https://mymaps.usercontent.google.com/hostedimage/m/*/3AE5a_GzCJKLovBTZzGrz2Mut-Aw024MzXhwMJLjjiuQm_TT2yUB-_1pwBhTgSBTinCIc_DgZ33U55nUy7eB4c76KtugakPDUlaqPAL0A-s0zMVIk2UoCDILMRSoy9W-e7DAe2w63_fV-ygn2JBGmyvxSIN2owrFlYbSt3XMr2RHt4c5POih3HGf5cSz2BWNNSwZKqWJ446lMXWNShpN_ODOeWdHnYSVnRXg3lzXG_MVs3co9ZsLosErn70-C75I?authuser=1&fife=s16383","https://mymaps.usercontent.google.com/hostedimage/m/*/3AE5a_GzCJKLovBTZzGrz2Mut-Aw024MzXhwMJLjjiuQm_TT2yUB-_1pwBhTgSBTinCIc_DgZ33U55nUy7eB4c76KtugakPDUlaqPAL0A-s0zMVIk2UoCDILMRSoy9W-e7DAe2w63_fV-ygn2JBGmyvxSIN2owrFlYbSt3XMr2RHt4c5POih3HGf5cSz2BWNNSwZKqWJ446lMXWNShpN_ODOeWdHnYSVnRXg3lzXG_MVs3co9ZsLosErn70-C75I?authuser=1&fife=s16383","true","200","image/png","89 50 4E 47","pending_browser_validation","recovered","/assets/images/investment/investment-LY-INV-000444-01.png"
"investment","فندق المبروك","446","LY-INV-000446","https://mymaps.usercontent.google.com/hostedimage/m/*/3AE5a_GyQhaQ0Q3X6B-08ixVlyADCcSa3JjDbobOE7K51rfp_jnfx94A2bs1OckAmD2FxwlMgEkqzEUi96KeAv6sNcjo0bUk-MvzW3WGNa5i_5BvI4eVLfgv1iDvupFRCwzmOoPx0fGf8nIY-a431h8lSSvg7fNV88HgidocuWD1Uw1kBJ3Md-CtI8E1XWyLck1nHWkOrXh46gu1O6EpkA2jDZRcoIk-heUxpB4NEscmCNhB63UuZ7Hbrxtm4zi0?authuser=1&fife=s16383","https://mymaps.usercontent.google.com/hostedimage/m/*/3AE5a_GyQhaQ0Q3X6B-08ixVlyADCcSa3JjDbobOE7K51rfp_jnfx94A2bs1OckAmD2FxwlMgEkqzEUi96KeAv6sNcjo0bUk-MvzW3WGNa5i_5BvI4eVLfgv1iDvupFRCwzmOoPx0fGf8nIY-a431h8lSSvg7fNV88HgidocuWD1Uw1kBJ3Md-CtI8E1XWyLck1nHWkOrXh46gu1O6EpkA2jDZRcoIk-heUxpB4NEscmCNhB63UuZ7Hbrxtm4zi0?authuser=1&fife=s16383","true","200","image/png","89 50 4E 47","pending_browser_validation","recovered","/assets/images/investment/investment-LY-INV-000446-01.png"
"investment","فندق المبروك","446","LY-INV-000446","https://mymaps.usercontent.google.com/hostedimage/m/*/3AE5a_GwxXP5sAzP3v1OSHBauBUGFUAgkxjDz1wTWF5hfcngJKz80E194P1ySebzIYDNyZXLwlBhww3dEVczety7r-XgfKu4p2aAI1x42Jv8a_pZQCpmnxmRL9FF63z3c0CFvZyO9wvNwhKzsum6eb7aMOnYRZUAaU4XWDJnUvRiMnYH6L3pubiTnzQMw5jq3Rs58wb2iDOnGZuADOgJHLnT6aK9dZyD-PQjgnPQk7KEyCqZoHEe-YO3mitWamXM?authuser=1&fife=s16383","https://mymaps.usercontent.google.com/hostedimage/m/*/3AE5a_GwxXP5sAzP3v1OSHBauBUGFUAgkxjDz1wTWF5hfcngJKz80E194P1ySebzIYDNyZXLwlBhww3dEVczety7r-XgfKu4p2aAI1x42Jv8a_pZQCpmnxmRL9FF63z3c0CFvZyO9wvNwhKzsum6eb7aMOnYRZUAaU4XWDJnUvRiMnYH6L3pubiTnzQMw5jq3Rs58wb2iDOnGZuADOgJHLnT6aK9dZyD-PQjgnPQk7KEyCqZoHEe-YO3mitWamXM?authuser=1&fife=s16383","true","200","image/png","89 50 4E 47","pending_browser_validation","recovered","/assets/images/investment/investment-LY-INV-000446-02.png"
"investment","فندق المبروك","446","LY-INV-000446","https://mymaps.usercontent.google.com/hostedimage/m/*/3AE5a_GwqxDu3kaZX3PsFPWgPiW21lSEG7vIDf7h08Xo38NXY7J9LBUa7JuHu-FpwTPDAtPuRM_pKjZlbqvMNCuaKouRDRmJL1Hb9KxYTauzPmOeMCsX2iQAs2TaD0_wStcQocC2NxdHugmPn8MUm84rP-tUBCp1_pyMFQWzsOWZjCngZTShgwQBlPRkU97BXlKsnpOT3b2p3B3-C07Mk3Qt6Z_KDe5L2wpC1CBUezXfYvrE6YrXZ6EFhkj9LE1Y?authuser=1&fife=s16383","https://mymaps.usercontent.google.com/hostedimage/m/*/3AE5a_GwqxDu3kaZX3PsFPWgPiW21lSEG7vIDf7h08Xo38NXY7J9LBUa7JuHu-FpwTPDAtPuRM_pKjZlbqvMNCuaKouRDRmJL1Hb9KxYTauzPmOeMCsX2iQAs2TaD0_wStcQocC2NxdHugmPn8MUm84rP-tUBCp1_pyMFQWzsOWZjCngZTShgwQBlPRkU97BXlKsnpOT3b2p3B3-C07Mk3Qt6Z_KDe5L2wpC1CBUezXfYvrE6YrXZ6EFhkj9LE1Y?authuser=1&fife=s16383","true","200","image/png","89 50 4E 47","pending_browser_validation","recovered","/assets/images/investment/investment-LY-INV-000446-03.png"
"investment","فندق المتوسط الخمس","447","LY-INV-000447","https://mymaps.usercontent.google.com/hostedimage/m/*/3AE5a_GyWMCu9X9kAechXejf_4kg7rWcKeymLV4bvm3LiiJPwujmge45MUbynNUtZX_uWbrPa5u85ZtmB9GUsLD1UePoOFt1FRUmaPRidFBRIrVT_S-4zqBft553yZ3SHfTIgTKIG2QgbQCYeRzu3wZ8xwSysHBjDkUnV7p3rqSCbfnJVzCWtZIXfD3uO3e3fIBdJSB8NFwfV83rfQA1VgVWh2F8dkTw4DYAOxV60_nMh66v3AligmEJ2aR8zYJg?authuser=1&fife=s16383","https://mymaps.usercontent.google.com/hostedimage/m/*/3AE5a_GyWMCu9X9kAechXejf_4kg7rWcKeymLV4bvm3LiiJPwujmge45MUbynNUtZX_uWbrPa5u85ZtmB9GUsLD1UePoOFt1FRUmaPRidFBRIrVT_S-4zqBft553yZ3SHfTIgTKIG2QgbQCYeRzu3wZ8xwSysHBjDkUnV7p3rqSCbfnJVzCWtZIXfD3uO3e3fIBdJSB8NFwfV83rfQA1VgVWh2F8dkTw4DYAOxV60_nMh66v3AligmEJ2aR8zYJg?authuser=1&fife=s16383","true","200","image/png","89 50 4E 47","pending_browser_validation","recovered","/assets/images/investment/investment-LY-INV-000346-01.png"
"investment","فندق المتوسط الخمس","447","LY-INV-000447","https://mymaps.usercontent.google.com/hostedimage/m/*/3AE5a_GxPbrk2e4-whsLF4nS5Q9dH2_BUqSICpWUc5ciw7SiIFLgKFBTJtn4YyKBNBTZf5L1saubAIEkkZxTqQW1XNlZwfhckhnzeFKfk1P5o4K_M1QNeGPlcchLVhv9eguAlBlig47GqTzZpXjtopIkEKsLxPS2s5QsIW_OG-DDjypF2GHN7N0ryU9d6c_C_L-NJKOjW2bLu1Exxe7shp2G0qV2TpONqQKNyO7ZIVN8lcosSssg7wR13QdiIqP8?authuser=1&fife=s16383","https://mymaps.usercontent.google.com/hostedimage/m/*/3AE5a_GxPbrk2e4-whsLF4nS5Q9dH2_BUqSICpWUc5ciw7SiIFLgKFBTJtn4YyKBNBTZf5L1saubAIEkkZxTqQW1XNlZwfhckhnzeFKfk1P5o4K_M1QNeGPlcchLVhv9eguAlBlig47GqTzZpXjtopIkEKsLxPS2s5QsIW_OG-DDjypF2GHN7N0ryU9d6c_C_L-NJKOjW2bLu1Exxe7shp2G0qV2TpONqQKNyO7ZIVN8lcosSssg7wR13QdiIqP8?authuser=1&fife=s16383","true","200","image/png","89 50 4E 47","pending_browser_validation","recovered","/assets/images/investment/investment-LY-INV-000346-03.png"
"investment","فندق المتوسط الخمس","447","LY-INV-000447","https://mymaps.usercontent.google.com/hostedimage/m/*/3AE5a_GxAZdLE320y7rMRZb_PQtxTfGU3Ho6sXfNsXu9FsaJ8VtPIpK0wEUNowXvbilXGyaAF21YNTLbYuCGcal6_MdV4O9NK-xm2VQG0XhV4xjC7QCaygWZdmdQofmbScnz6cN4Fh8K2VA0mzZipBoXdYHbPxb5vO3J3SpI9qK-2UrOKhrRaitj2g5xnIFnAjVrjqR_jHqk4I3IerGmvth4NnLGJWIXGt9CE3AenC_YkoAHj1q836zHenIKQkx0?authuser=1&fife=s16383","https://mymaps.usercontent.google.com/hostedimage/m/*/3AE5a_GxAZdLE320y7rMRZb_PQtxTfGU3Ho6sXfNsXu9FsaJ8VtPIpK0wEUNowXvbilXGyaAF21YNTLbYuCGcal6_MdV4O9NK-xm2VQG0XhV4xjC7QCaygWZdmdQofmbScnz6cN4Fh8K2VA0mzZipBoXdYHbPxb5vO3J3SpI9qK-2UrOKhrRaitj2g5xnIFnAjVrjqR_jHqk4I3IerGmvth4NnLGJWIXGt9CE3AenC_YkoAHj1q836zHenIKQkx0?authuser=1&fife=s16383","true","200","image/png","89 50 4E 47","pending_browser_validation","recovered","/assets/images/investment/investment-LY-INV-000346-05.png"
"investment","فندق المدينة","449","LY-INV-000449","https://mymaps.usercontent.google.com/hostedimage/m/*/3AE5a_GwlF73ERNKrYh7eQtxK1LnjA_mxfTs4bPJV7z_sfzt1x-FJ88qvrKdNslOyTH-wwaeV37YmiCAoSM-gXP1koZSDQFCKD8nkT9nl6GsbGqk6KmMlDJ3Vz6j4Guv-hMaqAV-sf24HdqjY6ZN30uF24JXDldrozM8wd5OXB2OKHLsz9gBjI0TR6nFmjTXuwDlUXCtlbo4edVY5NH7mDg2OsnAZfnb_tn_WiG0hWLZzY0eD-I4yxEMr4-sZEeI?authuser=1&fife=s16383","https://mymaps.usercontent.google.com/hostedimage/m/*/3AE5a_GwlF73ERNKrYh7eQtxK1LnjA_mxfTs4bPJV7z_sfzt1x-FJ88qvrKdNslOyTH-wwaeV37YmiCAoSM-gXP1koZSDQFCKD8nkT9nl6GsbGqk6KmMlDJ3Vz6j4Guv-hMaqAV-sf24HdqjY6ZN30uF24JXDldrozM8wd5OXB2OKHLsz9gBjI0TR6nFmjTXuwDlUXCtlbo4edVY5NH7mDg2OsnAZfnb_tn_WiG0hWLZzY0eD-I4yxEMr4-sZEeI?authuser=1&fife=s16383","true","200","image/png","89 50 4E 47","pending_browser_validation","recovered","/assets/images/investment/investment-LY-INV-000449-01.png"
"investment","فندق المدينة","449","LY-INV-000449","https://mymaps.usercontent.google.com/hostedimage/m/*/3AE5a_GxZm0a07bbFAaEsiIb4XKw3kAA4JG_KaY_ngvvGY9JdroQxdVBRUW2cNnfLCz3Sn8NdbqnT5MHNthuTzm0elFwBHG40VagR529FcbHAodMZyypzWjTkfW9vE1_bOulSUnmhyeeEINpb0_vfE3EHRyxAmLHaV9ml0Okz9CMWoiG9iw0UuMkEDwJHBtywZJ1-Fhhm5p0vBvgIyqeqZEVigGyTp42iRG7bAXj_ZQgZfDud-6zINSbWrYrG3Rk?authuser=1&fife=s16383","https://mymaps.usercontent.google.com/hostedimage/m/*/3AE5a_GxZm0a07bbFAaEsiIb4XKw3kAA4JG_KaY_ngvvGY9JdroQxdVBRUW2cNnfLCz3Sn8NdbqnT5MHNthuTzm0elFwBHG40VagR529FcbHAodMZyypzWjTkfW9vE1_bOulSUnmhyeeEINpb0_vfE3EHRyxAmLHaV9ml0Okz9CMWoiG9iw0UuMkEDwJHBtywZJ1-Fhhm5p0vBvgIyqeqZEVigGyTp42iRG7bAXj_ZQgZfDud-6zINSbWrYrG3Rk?authuser=1&fife=s16383","true","200","image/png","89 50 4E 47","pending_browser_validation","recovered","/assets/images/investment/investment-LY-INV-000449-02.png"
"investment","فندق المدينة","449","LY-INV-000449","https://mymaps.usercontent.google.com/hostedimage/m/*/3AE5a_GwS4xU_o46gdYh9Jw3kGfgdxnedTLawzIQ749rzkA-qV6VYZyOC2rbf-Ft40PalLYLGIKLEAQFhWauGBAIbNTsmcScp3N7Ple6GlXNhzkWhc0x7JlOe6zGgcMBS6Wv8BE7tDAvHk5UMOc6gN8DRDIOxsBnLqdUtO0pgNwI-WCMmTYuF-nP7ha4PttjbJ4IJ30FKAjZ7NLPfdoENn9Pfs2xiUYY3oUDtVQ2klw5718qC5Ku70Uy7ErVEFA4?authuser=1&fife=s16383","https://mymaps.usercontent.google.com/hostedimage/m/*/3AE5a_GwS4xU_o46gdYh9Jw3kGfgdxnedTLawzIQ749rzkA-qV6VYZyOC2rbf-Ft40PalLYLGIKLEAQFhWauGBAIbNTsmcScp3N7Ple6GlXNhzkWhc0x7JlOe6zGgcMBS6Wv8BE7tDAvHk5UMOc6gN8DRDIOxsBnLqdUtO0pgNwI-WCMmTYuF-nP7ha4PttjbJ4IJ30FKAjZ7NLPfdoENn9Pfs2xiUYY3oUDtVQ2klw5718qC5Ku70Uy7ErVEFA4?authuser=1&fife=s16383","true","200","image/png","89 50 4E 47","pending_browser_validation","recovered","/assets/images/investment/investment-LY-INV-000449-03.png"
"investment","فندق المدينة","449","LY-INV-000449","https://mymaps.usercontent.google.com/hostedimage/m/*/3AE5a_GzWZCW1zvvPVgu9RHm3vXw_iMNCyj9MROQAOS_YJFbxIR9lDWkczmcUC8HsONLPnURx0c8y78m7XqSpXGn02uNcmow-Vzh84cIv4MX6EFHMlIfrNxtkHKV_tY_GiFW7nBzrakbehwXf0pIPY0alxJcn-2X3eXlyFmU27DOUjPadA9_xy7nYeArd41YGkGinfZY7RWgme1S7GcJKRdqTdvP4lIpETi6Qf4WPpga3fvTo-9nd91MIKnxTkQ8?authuser=1&fife=s16383","https://mymaps.usercontent.google.com/hostedimage/m/*/3AE5a_GzWZCW1zvvPVgu9RHm3vXw_iMNCyj9MROQAOS_YJFbxIR9lDWkczmcUC8HsONLPnURx0c8y78m7XqSpXGn02uNcmow-Vzh84cIv4MX6EFHMlIfrNxtkHKV_tY_GiFW7nBzrakbehwXf0pIPY0alxJcn-2X3eXlyFmU27DOUjPadA9_xy7nYeArd41YGkGinfZY7RWgme1S7GcJKRdqTdvP4lIpETi6Qf4WPpga3fvTo-9nd91MIKnxTkQ8?authuser=1&fife=s16383","true","200","image/png","89 50 4E 47","pending_browser_validation","recovered","/assets/images/investment/investment-LY-INV-000449-04.png"
"investment","فندق المرج السياحي","452","LY-INV-000452","https://mymaps.usercontent.google.com/hostedimage/m/*/3AE5a_GzVpIrkNKPOdCr_bnyLj-5Aqmx-Unckrf-eC1YMVRmSpB587eNVAJitt02H4RE0RsmfcgYt5iXNkhq8ZfKlt4djjidUq616HkoabA1Y7U_h5TCR01JC6qwlQRdmX3N7mdQL-FF-VC9ViNOqWwZQYjZR9oT7AFImvbhEtzAPUOiQ1hW2Q0qDEtDOquyw8A5hDukr6TTzeA6My-zCjKwgMqlB4m-DePWZOO1Esb8Tcc4K6fdcKCkyEbI2UMg?authuser=1&fife=s16383","https://mymaps.usercontent.google.com/hostedimage/m/*/3AE5a_GzVpIrkNKPOdCr_bnyLj-5Aqmx-Unckrf-eC1YMVRmSpB587eNVAJitt02H4RE0RsmfcgYt5iXNkhq8ZfKlt4djjidUq616HkoabA1Y7U_h5TCR01JC6qwlQRdmX3N7mdQL-FF-VC9ViNOqWwZQYjZR9oT7AFImvbhEtzAPUOiQ1hW2Q0qDEtDOquyw8A5hDukr6TTzeA6My-zCjKwgMqlB4m-DePWZOO1Esb8Tcc4K6fdcKCkyEbI2UMg?authuser=1&fife=s16383","true","200","image/png","89 50 4E 47","pending_browser_validation","recovered","/assets/images/investment/investment-LY-INV-000452-01.png"
"investment","فندق المرج السياحي","452","LY-INV-000452","https://mymaps.usercontent.google.com/hostedimage/m/*/3AE5a_GyowC7RAiMb1l_p5cmfytD9dcgjW7L9BOHicelfC6mudw2nArWQv41set3aDkHgCfxyLLmfbbu24gE6ca0sjT5BqLoheEFgxrJeNdDehNPJInHgr1oY-a4qhLxoWkhxhibjXKReGJQJisZ7oi7qY-mmrQ2HMq_TTuFMqEj-Q8pVNefGB85Jta-npD4okuPI-oKLBaJslUFhdt1iD5INvtx2qcK3Z6ckXuYFcHEqP16A2t9g1e6-wphUpP4?authuser=1&fife=s16383","https://mymaps.usercontent.google.com/hostedimage/m/*/3AE5a_GyowC7RAiMb1l_p5cmfytD9dcgjW7L9BOHicelfC6mudw2nArWQv41set3aDkHgCfxyLLmfbbu24gE6ca0sjT5BqLoheEFgxrJeNdDehNPJInHgr1oY-a4qhLxoWkhxhibjXKReGJQJisZ7oi7qY-mmrQ2HMq_TTuFMqEj-Q8pVNefGB85Jta-npD4okuPI-oKLBaJslUFhdt1iD5INvtx2qcK3Z6ckXuYFcHEqP16A2t9g1e6-wphUpP4?authuser=1&fife=s16383","true","200","image/png","89 50 4E 47","pending_browser_validation","recovered","/assets/images/investment/investment-LY-INV-000452-02.png"
"investment","فندق المرج السياحي","452","LY-INV-000452","https://mymaps.usercontent.google.com/hostedimage/m/*/3AE5a_GwFKoHuUqQEZV0FzHlreToTU56syk1fQdaiV_WTj8bUVxB_C2U1t8WN6Opp2mVXQb1-jxQKSyUx4h-Rxh_nc9QS4UxOFrWADGOjBpUTX95HSl1pwSAvQ1eV__ufRE7NM4Y2Qn6Bd562gFOaYhb_T05dVrtbkjp_uIiYhmsjNNwDWL6t_7303Gf6JLkmnST00Yzfl24pnz00NMhw19QjPjhGF_hb73rVbFxxVO6nYd9S2gXawb6lZnRYONk?authuser=1&fife=s16383","https://mymaps.usercontent.google.com/hostedimage/m/*/3AE5a_GwFKoHuUqQEZV0FzHlreToTU56syk1fQdaiV_WTj8bUVxB_C2U1t8WN6Opp2mVXQb1-jxQKSyUx4h-Rxh_nc9QS4UxOFrWADGOjBpUTX95HSl1pwSAvQ1eV__ufRE7NM4Y2Qn6Bd562gFOaYhb_T05dVrtbkjp_uIiYhmsjNNwDWL6t_7303Gf6JLkmnST00Yzfl24pnz00NMhw19QjPjhGF_hb73rVbFxxVO6nYd9S2gXawb6lZnRYONk?authuser=1&fife=s16383","true","200","image/png","89 50 4E 47","pending_browser_validation","recovered","/assets/images/investment/investment-LY-INV-000452-03.png"
"investment","فندق المرج السياحي","452","LY-INV-000452","https://mymaps.usercontent.google.com/hostedimage/m/*/3AE5a_Gw7k-PFKFUVxWIPJ5vHGbaAgRYbY3PyFBcchj0Wx4cdN5W7JDtonhunJChXTvWQFYoqm6_boQCPQHBI1RXAzUq9BGG6AvyD4bf7q4M_OMER_fTym5_ggFR15itvWbhqex4-FDrqb20L5Ig63i71oEPC_8jRvG5biN2ZsuSxxRgaBseDdUlwbvekFlRv-tn5ynIq1_9qsjPXocwLtWO8WzneIlSoq7AYpxE2s4tBuNgjFeHTtrkJHtWeQzc?authuser=1&fife=s16383","https://mymaps.usercontent.google.com/hostedimage/m/*/3AE5a_Gw7k-PFKFUVxWIPJ5vHGbaAgRYbY3PyFBcchj0Wx4cdN5W7JDtonhunJChXTvWQFYoqm6_boQCPQHBI1RXAzUq9BGG6AvyD4bf7q4M_OMER_fTym5_ggFR15itvWbhqex4-FDrqb20L5Ig63i71oEPC_8jRvG5biN2ZsuSxxRgaBseDdUlwbvekFlRv-tn5ynIq1_9qsjPXocwLtWO8WzneIlSoq7AYpxE2s4tBuNgjFeHTtrkJHtWeQzc?authuser=1&fife=s16383","true","200","image/png","89 50 4E 47","pending_browser_validation","recovered","/assets/images/investment/investment-LY-INV-000452-04.png"
"investment","فندق المسيرة","454","LY-INV-000454","https://mymaps.usercontent.google.com/hostedimage/m/*/3AE5a_Gy-4QRMmXUKztYlZ55OvB0iZguWRmZefMfwHX2AUSa6oi_YZfhNQkfTWcusPWWf16VOoWh1FaBMXFgwx8Kj2tHUybNWtn64GqKWH4Xg1vOMj3ILW6hR5Fz3ZE8sDkjf3DTmp8iraXwUHEDuyAay3egI2LZAwHAnxp7NntuHtPkuYeDkxNJ31ctXOI51u6BHPLnNL1IFNicxCt_69l_zqyobRtdivu-vLekk2_19wL73_lREuXRGAOAesrs?authuser=1&fife=s16383","https://mymaps.usercontent.google.com/hostedimage/m/*/3AE5a_Gy-4QRMmXUKztYlZ55OvB0iZguWRmZefMfwHX2AUSa6oi_YZfhNQkfTWcusPWWf16VOoWh1FaBMXFgwx8Kj2tHUybNWtn64GqKWH4Xg1vOMj3ILW6hR5Fz3ZE8sDkjf3DTmp8iraXwUHEDuyAay3egI2LZAwHAnxp7NntuHtPkuYeDkxNJ31ctXOI51u6BHPLnNL1IFNicxCt_69l_zqyobRtdivu-vLekk2_19wL73_lREuXRGAOAesrs?authuser=1&fife=s16383","true","200","image/png","89 50 4E 47","pending_browser_validation","recovered","/assets/images/investment/investment-LY-INV-000454-01.png"
"investment","فندق المسيرة","454","LY-INV-000454","https://mymaps.usercontent.google.com/hostedimage/m/*/3AE5a_Gw9uFtpZjeKQjfxNEt61fNz8bXLsT1gFhDHHWBo4gk41rpec0zWzcm3rlFuWp0QQJ1Y1dd_fRlrvSmMASLe3lUr87QmYH9BfNmvmEMriqZr5wYX6P2l2sBJD1nnLFYqHnWXVGDUeGM_O1FnWKOP7nMNf7HXBtL5vCt9DVwSGWhEkFlpZwZu_e_cvkhLbxlTYCXiF9y_xHO9xAeqxP3_xITKcSGFlUBAjPWpm8q2AwLnYEPuvNW-dAhv8kw?authuser=1&fife=s16383","https://mymaps.usercontent.google.com/hostedimage/m/*/3AE5a_Gw9uFtpZjeKQjfxNEt61fNz8bXLsT1gFhDHHWBo4gk41rpec0zWzcm3rlFuWp0QQJ1Y1dd_fRlrvSmMASLe3lUr87QmYH9BfNmvmEMriqZr5wYX6P2l2sBJD1nnLFYqHnWXVGDUeGM_O1FnWKOP7nMNf7HXBtL5vCt9DVwSGWhEkFlpZwZu_e_cvkhLbxlTYCXiF9y_xHO9xAeqxP3_xITKcSGFlUBAjPWpm8q2AwLnYEPuvNW-dAhv8kw?authuser=1&fife=s16383","true","200","image/png","89 50 4E 47","pending_browser_validation","recovered","/assets/images/investment/investment-LY-INV-000285-05.png"
"investment","فندق المسيرة","454","LY-INV-000454","https://mymaps.usercontent.google.com/hostedimage/m/*/3AE5a_Gyxjq4dPbaVgB_NzWbmYpVPv4E2Gj1l-sME6qcMMVCiNbr4VNkGjXrbabVE1IM6yuPUQQ0c9EIXjxPLPNOHvwdjZy_caffB2Xg3eVyLuFrt5sb2Zt3bzdHYpzop3d-XkTVO_SE7dM2TfoSO0GUXhqiDj-KerNJ5jnJuwcFW_Bw8R8sOtoPSe9EmjLkTQRQ4_lkTgn180PuyNMj7535plkMfMTgfMvpMYPB7EeDI3C23MukWe0fS7Syllz4?authuser=1&fife=s16383","https://mymaps.usercontent.google.com/hostedimage/m/*/3AE5a_Gyxjq4dPbaVgB_NzWbmYpVPv4E2Gj1l-sME6qcMMVCiNbr4VNkGjXrbabVE1IM6yuPUQQ0c9EIXjxPLPNOHvwdjZy_caffB2Xg3eVyLuFrt5sb2Zt3bzdHYpzop3d-XkTVO_SE7dM2TfoSO0GUXhqiDj-KerNJ5jnJuwcFW_Bw8R8sOtoPSe9EmjLkTQRQ4_lkTgn180PuyNMj7535plkMfMTgfMvpMYPB7EeDI3C23MukWe0fS7Syllz4?authuser=1&fife=s16383","true","200","image/png","89 50 4E 47","pending_browser_validation","recovered","/assets/images/investment/investment-LY-INV-000285-02.png"
"investment","فندق المسيرة","454","LY-INV-000454","https://mymaps.usercontent.google.com/hostedimage/m/*/3AE5a_GzIOgHoxOfhnxB3BMipidgfBvInb97uq8wklOhwySMH1TgV3W6AMmXGOv_3ZeXlz_aXO5-97DJSe463fwuIbXeNz9vb_lEdhrnNPhbCgbKYzKRkZlfNkp3UAreYK96obq4VPZJPja1JqfmEiFdQ6fM5IlVb_sZ_o71NdWdbMTHUsChDyds5L0fGifFP3lWvJSU4bCsEckcrbYOR5LsH_X5muTmWox3B10kxE0lfipTpRnY-Zhj0HewHUxw?authuser=1&fife=s16383","https://mymaps.usercontent.google.com/hostedimage/m/*/3AE5a_GzIOgHoxOfhnxB3BMipidgfBvInb97uq8wklOhwySMH1TgV3W6AMmXGOv_3ZeXlz_aXO5-97DJSe463fwuIbXeNz9vb_lEdhrnNPhbCgbKYzKRkZlfNkp3UAreYK96obq4VPZJPja1JqfmEiFdQ6fM5IlVb_sZ_o71NdWdbMTHUsChDyds5L0fGifFP3lWvJSU4bCsEckcrbYOR5LsH_X5muTmWox3B10kxE0lfipTpRnY-Zhj0HewHUxw?authuser=1&fife=s16383","true","200","image/png","89 50 4E 47","pending_browser_validation","recovered","/assets/images/investment/investment-LY-INV-000285-04.png"
"investment","فندق المسيرة","454","LY-INV-000454","https://mymaps.usercontent.google.com/hostedimage/m/*/3AE5a_GwQHJDKyFfJ5Tjm5Orbr7svGmDRcXh7zH-IkV1NgO895_kv1JuWfr1SEzP5RN5J8DPuiXs0T4Z-HgnkkxW6D05up4tVvmRuHwCxPTLbAb-K-HME2Rb1YidLRhtmOvCLFaONDavb0AsHQZMADfx9R6gsP_r4hWVWWIjLTwJkiGE8vx52ALSNEUHdvUHtBqXxaXBys1Zr8bgbiXzmARfc8L4ZW11rTgT0u_CnguF-JYDnbL1Dm02tDG8_wNE?authuser=1&fife=s16383","https://mymaps.usercontent.google.com/hostedimage/m/*/3AE5a_GwQHJDKyFfJ5Tjm5Orbr7svGmDRcXh7zH-IkV1NgO895_kv1JuWfr1SEzP5RN5J8DPuiXs0T4Z-HgnkkxW6D05up4tVvmRuHwCxPTLbAb-K-HME2Rb1YidLRhtmOvCLFaONDavb0AsHQZMADfx9R6gsP_r4hWVWWIjLTwJkiGE8vx52ALSNEUHdvUHtBqXxaXBys1Zr8bgbiXzmARfc8L4ZW11rTgT0u_CnguF-JYDnbL1Dm02tDG8_wNE?authuser=1&fife=s16383","true","200","image/png","89 50 4E 47","pending_browser_validation","recovered","/assets/images/investment/investment-LY-INV-000285-03.png"
"investment","فندق المشكاة","455","LY-INV-000455","https://mymaps.usercontent.google.com/hostedimage/m/*/3AE5a_GzW4qZoYBTaqUBd379fY9r20BDeqtUbYd-TwDyytbyZqkBayLo8NyFx4Bbz3ZotP59erGPjLF4lBaap5_e4pRv8Xydyzwn60SaTkQvKXJX45Hcea0wfgIVm1K4NLxNCWQv_PrnGzBBhehqmxCQfxCovfX9JkU_fxTqR8_VNZoFyk0P5bF7536j0zQ5zQwOzqrn0xcGvqbGHvGEk4YPiJRKZIQC1futnvJ8gEUUlhpRDXV6AKvEONsfCvCU?authuser=1&fife=s16383","https://mymaps.usercontent.google.com/hostedimage/m/*/3AE5a_GzW4qZoYBTaqUBd379fY9r20BDeqtUbYd-TwDyytbyZqkBayLo8NyFx4Bbz3ZotP59erGPjLF4lBaap5_e4pRv8Xydyzwn60SaTkQvKXJX45Hcea0wfgIVm1K4NLxNCWQv_PrnGzBBhehqmxCQfxCovfX9JkU_fxTqR8_VNZoFyk0P5bF7536j0zQ5zQwOzqrn0xcGvqbGHvGEk4YPiJRKZIQC1futnvJ8gEUUlhpRDXV6AKvEONsfCvCU?authuser=1&fife=s16383","true","200","image/png","89 50 4E 47","pending_browser_validation","recovered","/assets/images/investment/investment-LY-INV-000349-01.png"
"investment","فندق المشكاة","455","LY-INV-000455","https://mymaps.usercontent.google.com/hostedimage/m/*/3AE5a_GwJ-0_xjpIobSzMFweC3jdANPq9p2IUcbPqD_T8STY_eal6A9q3o3qe1da0BeU9SzxDHzyNeefymzNoyQ1-Znb2jxHPSCGBLp742lvymBuq59gbhE_c8-z1WVUfhZRgNWtxmIisXCR_ZCD5lFta_wJxTse19r_4xy20UbNpX__gm8AatZJHu8rtGA5p3f7XVVTyeIum3mCTifd_ph_tTn9e3jA3XwooHxjB5gUAfnSx3VkDvgohjqJFdtk?authuser=1&fife=s16383","https://mymaps.usercontent.google.com/hostedimage/m/*/3AE5a_GwJ-0_xjpIobSzMFweC3jdANPq9p2IUcbPqD_T8STY_eal6A9q3o3qe1da0BeU9SzxDHzyNeefymzNoyQ1-Znb2jxHPSCGBLp742lvymBuq59gbhE_c8-z1WVUfhZRgNWtxmIisXCR_ZCD5lFta_wJxTse19r_4xy20UbNpX__gm8AatZJHu8rtGA5p3f7XVVTyeIum3mCTifd_ph_tTn9e3jA3XwooHxjB5gUAfnSx3VkDvgohjqJFdtk?authuser=1&fife=s16383","true","200","image/png","89 50 4E 47","pending_browser_validation","recovered","/assets/images/investment/investment-LY-INV-000349-02.png"
"investment","فندق المشكاة","455","LY-INV-000455","https://mymaps.usercontent.google.com/hostedimage/m/*/3AE5a_GwMHleOTN6Ka0Z2hLIm0-GXRrU7YgWynM_FGGhuVZDxMI-E4Hcs5kW0Mexl79hjRT22uDqJfaMJ94kbIcVFQhpvzkkEMmuPlEofpxNRX72zlFshEuuR36926knBrfGRLHDpFf_9IhoROTEXVor4D8p5Pli-V-pzYkSTSJ3rujy7R3HQ_bHi6DFCs7JONMr_PlaIVyfeIJPHw_MJG7r2uXmOhoMSp1wS4H-FjIP5A_eHScqMZp3-OSmUap8?authuser=1&fife=s16383","https://mymaps.usercontent.google.com/hostedimage/m/*/3AE5a_GwMHleOTN6Ka0Z2hLIm0-GXRrU7YgWynM_FGGhuVZDxMI-E4Hcs5kW0Mexl79hjRT22uDqJfaMJ94kbIcVFQhpvzkkEMmuPlEofpxNRX72zlFshEuuR36926knBrfGRLHDpFf_9IhoROTEXVor4D8p5Pli-V-pzYkSTSJ3rujy7R3HQ_bHi6DFCs7JONMr_PlaIVyfeIJPHw_MJG7r2uXmOhoMSp1wS4H-FjIP5A_eHScqMZp3-OSmUap8?authuser=1&fife=s16383","true","200","image/png","89 50 4E 47","pending_browser_validation","recovered","/assets/images/investment/investment-LY-INV-000349-03.png"
"investment","فندق المغرب العربي","456","LY-INV-000456","https://mymaps.usercontent.google.com/hostedimage/m/*/3AE5a_GyyQPzCiiTaIqgZOHoHsu1z8JvgZ4RoVaaLiiyGsV53uEqgtAqsGLBuQA12gjxxXVV17th3O4yfzaV1ItiMLwU-mvNe6aUeao9fKDlpBx1ZtLUgTzVxOXP5c5gssi_y-G0HwbTINAH33CkIYPrAUqbvL_LjGv90Bpd6u5N-7F9t821yMw27lWqt2MzkoeMcJwhvbhAV2YKm21qUt_ACSeQI3kvqnrdqkynje1103TmVZdaOl-VEqX-7C_c?authuser=1&fife=s16383","https://mymaps.usercontent.google.com/hostedimage/m/*/3AE5a_GyyQPzCiiTaIqgZOHoHsu1z8JvgZ4RoVaaLiiyGsV53uEqgtAqsGLBuQA12gjxxXVV17th3O4yfzaV1ItiMLwU-mvNe6aUeao9fKDlpBx1ZtLUgTzVxOXP5c5gssi_y-G0HwbTINAH33CkIYPrAUqbvL_LjGv90Bpd6u5N-7F9t821yMw27lWqt2MzkoeMcJwhvbhAV2YKm21qUt_ACSeQI3kvqnrdqkynje1103TmVZdaOl-VEqX-7C_c?authuser=1&fife=s16383","true","200","image/png","89 50 4E 47","pending_browser_validation","recovered","/assets/images/investment/investment-LY-INV-000014-01.png"
"investment","فندق المغرب العربي","456","LY-INV-000456","https://mymaps.usercontent.google.com/hostedimage/m/*/3AE5a_GyLnWn90U-TbMx2wLfKN1nCzwA4i3bTM3dC9wnHJVZLXVGgczu66IyxMs_D4_a2MrGUFiBDXcRDPaWVpEar1l27omFrkM0p9ndCL8mwvY4QZOgceE75UlBcE4azbOVaRkPjDJ4XwhzWP9wPAKOaagYg6Ar0raCJtFl9L7vmFyIZTjTewGj08txweQDluOPzCubjayF-hoOKExhix0LNt53u_x_zoyP8pTuJhqcCcR_hEM8WQP2S60VcljE?authuser=1&fife=s16383","https://mymaps.usercontent.google.com/hostedimage/m/*/3AE5a_GyLnWn90U-TbMx2wLfKN1nCzwA4i3bTM3dC9wnHJVZLXVGgczu66IyxMs_D4_a2MrGUFiBDXcRDPaWVpEar1l27omFrkM0p9ndCL8mwvY4QZOgceE75UlBcE4azbOVaRkPjDJ4XwhzWP9wPAKOaagYg6Ar0raCJtFl9L7vmFyIZTjTewGj08txweQDluOPzCubjayF-hoOKExhix0LNt53u_x_zoyP8pTuJhqcCcR_hEM8WQP2S60VcljE?authuser=1&fife=s16383","true","200","image/png","89 50 4E 47","pending_browser_validation","recovered","/assets/images/investment/investment-LY-INV-000456-02.png"
"investment","فندق المغرب العربي","456","LY-INV-000456","https://mymaps.usercontent.google.com/hostedimage/m/*/3AE5a_GwZ91WIn6U-ZPywC6CdSs4Aloxywt_miH8ZV0oFokD-410D2cuYjT3PJKgbIWbPs3pVq0vHHdbY_Z4Szqhx8WPgvih84Due5jP2KsOJGay4hQo3SiRApwzSkj6VwvPFZ7kwpg8P6X1ls8IrGVCOGod-39jTxCR_IVysfve037gBfeNpDuV2M4nATOOfmfYcOiu-gkshxfOb3b73YNzCwgN1tI8dreezzgHU14j2AT-rrB7dfKejEdWws5I?authuser=1&fife=s16383","https://mymaps.usercontent.google.com/hostedimage/m/*/3AE5a_GwZ91WIn6U-ZPywC6CdSs4Aloxywt_miH8ZV0oFokD-410D2cuYjT3PJKgbIWbPs3pVq0vHHdbY_Z4Szqhx8WPgvih84Due5jP2KsOJGay4hQo3SiRApwzSkj6VwvPFZ7kwpg8P6X1ls8IrGVCOGod-39jTxCR_IVysfve037gBfeNpDuV2M4nATOOfmfYcOiu-gkshxfOb3b73YNzCwgN1tI8dreezzgHU14j2AT-rrB7dfKejEdWws5I?authuser=1&fife=s16383","true","200","image/png","89 50 4E 47","pending_browser_validation","recovered","/assets/images/investment/investment-LY-INV-000456-03.png"
"investment","فندق المغرب العربي","456","LY-INV-000456","https://mymaps.usercontent.google.com/hostedimage/m/*/3AE5a_Gx4sLECDYClo5ifdYnQZ3wM7HnSdcpu_esi8mdnIL5n1cCZrIusJFnsCHxACCxLTxNxpeD7hn7U5Yk1cfOrGTWrlzygPMddzS7giph1NVmI3lWyDD1jCb6-1ZGe0noZJbHKNTptntvKcWb3CsusiPsEp2zC_NM9NwGkPVRGsG7dwdMsoyxB0qPfWYkAX_bBCHcp7RiqTRcLTiKpPqsv82bElbiFbICYWzT4L-0egZP8nJcmMWpdI5InXg0?authuser=1&fife=s16383","https://mymaps.usercontent.google.com/hostedimage/m/*/3AE5a_Gx4sLECDYClo5ifdYnQZ3wM7HnSdcpu_esi8mdnIL5n1cCZrIusJFnsCHxACCxLTxNxpeD7hn7U5Yk1cfOrGTWrlzygPMddzS7giph1NVmI3lWyDD1jCb6-1ZGe0noZJbHKNTptntvKcWb3CsusiPsEp2zC_NM9NwGkPVRGsG7dwdMsoyxB0qPfWYkAX_bBCHcp7RiqTRcLTiKpPqsv82bElbiFbICYWzT4L-0egZP8nJcmMWpdI5InXg0?authuser=1&fife=s16383","true","200","image/png","89 50 4E 47","pending_browser_validation","recovered","/assets/images/investment/investment-LY-INV-000456-04.png"
"investment","فندق النخلة السياحي","459","LY-INV-000459","https://mymaps.usercontent.google.com/hostedimage/m/*/3AE5a_Gza9ho5k_5SaRsXCOgTv1UQlfHaW1G-rR8n9FYGEo1_D2pRFCOZjxhuBGOdx8Qp7jWWEnW_uWtEosM5aRb5cuCAIFaBaoxaeQVr_4UrAU4qzopNaGIdxWWMl11yqU1z2yZurlKy_LjTIhe9T0S2DHjxigTqRHSP8zx1gyRPH_VLgmHTvhH7WAahLdlEosbxBOFa4RT-kDYuI7Z83y9R4Z7gtOtCKZEFzszUyVNfcH-_sX2NIx8PzK6I7d4?authuser=1&fife=s16383","https://mymaps.usercontent.google.com/hostedimage/m/*/3AE5a_Gza9ho5k_5SaRsXCOgTv1UQlfHaW1G-rR8n9FYGEo1_D2pRFCOZjxhuBGOdx8Qp7jWWEnW_uWtEosM5aRb5cuCAIFaBaoxaeQVr_4UrAU4qzopNaGIdxWWMl11yqU1z2yZurlKy_LjTIhe9T0S2DHjxigTqRHSP8zx1gyRPH_VLgmHTvhH7WAahLdlEosbxBOFa4RT-kDYuI7Z83y9R4Z7gtOtCKZEFzszUyVNfcH-_sX2NIx8PzK6I7d4?authuser=1&fife=s16383","true","200","image/png","89 50 4E 47","pending_browser_validation","recovered","/assets/images/investment/investment-LY-INV-000459-01.png"
"investment","فندق النخلة السياحي","459","LY-INV-000459","https://mymaps.usercontent.google.com/hostedimage/m/*/3AE5a_GyBBogTUkvlcW5zcrb275lz6DwWIuoYEm2tNfiD3ARloXvMHzld1TuqzVjt0nO26EV26tLrOnnSBtmFEv99ifWngpUUVYpnr0P-gJ2AEyg3Ljla9Sj5hRE2aa0ZKKbfyGe3rMwpQ3vuRJvFOVBBHqQV83qjB9Aebfg9U4N64O3wZL_O5F15UKiIyNczU6oN94t2HPvrqA-oHpoXzTpjo7KJXnLcHStZePqRctYFUpoaMwmHmvWoimczIxo?authuser=1&fife=s16383","https://mymaps.usercontent.google.com/hostedimage/m/*/3AE5a_GyBBogTUkvlcW5zcrb275lz6DwWIuoYEm2tNfiD3ARloXvMHzld1TuqzVjt0nO26EV26tLrOnnSBtmFEv99ifWngpUUVYpnr0P-gJ2AEyg3Ljla9Sj5hRE2aa0ZKKbfyGe3rMwpQ3vuRJvFOVBBHqQV83qjB9Aebfg9U4N64O3wZL_O5F15UKiIyNczU6oN94t2HPvrqA-oHpoXzTpjo7KJXnLcHStZePqRctYFUpoaMwmHmvWoimczIxo?authuser=1&fife=s16383","true","200","image/png","89 50 4E 47","pending_browser_validation","recovered","/assets/images/investment/investment-LY-INV-000459-02.png"
"investment","فندق النخلة السياحي","459","LY-INV-000459","https://mymaps.usercontent.google.com/hostedimage/m/*/3AE5a_GymMy-sHwm4tiCopFNvAAqpizDpTuBfszc3S774JkGLQcpdi6wtU7U0jQsIVKUEwu2ix5Q0rpzSSkKXF-0NXy2UACoQJxxNgZamR9jri7-kpQCrNrXv1hTYU5RBUqfXDvgZd90Vi7m8qfbXEeYebhFMsZawTyQleYXIyOF83V-y_MVE79-oxJQotMDQLaY8gEpdZ9Yow7IqoWBrdZUMuNixqhfsK4G-l9lUuU_MpidYsuMEwgyoOwqDSic?authuser=1&fife=s16383","https://mymaps.usercontent.google.com/hostedimage/m/*/3AE5a_GymMy-sHwm4tiCopFNvAAqpizDpTuBfszc3S774JkGLQcpdi6wtU7U0jQsIVKUEwu2ix5Q0rpzSSkKXF-0NXy2UACoQJxxNgZamR9jri7-kpQCrNrXv1hTYU5RBUqfXDvgZd90Vi7m8qfbXEeYebhFMsZawTyQleYXIyOF83V-y_MVE79-oxJQotMDQLaY8gEpdZ9Yow7IqoWBrdZUMuNixqhfsK4G-l9lUuU_MpidYsuMEwgyoOwqDSic?authuser=1&fife=s16383","true","200","image/png","89 50 4E 47","pending_browser_validation","recovered","/assets/images/investment/investment-LY-INV-000459-03.png"
"investment","فندق النخلة السياحي","459","LY-INV-000459","https://mymaps.usercontent.google.com/hostedimage/m/*/3AE5a_GwtWEKX--gJp_Pua_qxjeGRjczJvL-lKKe414mjdP8t2hIF_1tx6eaj0s0mHaxXghYNJHb0vBhpJUqsAIvJxv1X_tqbKBmLBreaQres_HHpXlzxsZ_gb9rZzdxQ7Tnx_0Xi1UFUJvqKKp1gwIWHfgttKsGq9F_fIFeqJnhfNLIyY7aySnBRUdgphMBVc7r94z3c4hLtnriKNa0aQSCwnAiv2KbxP0MHgRpjCS_ymevpAYO6xVH33JbeDG4?authuser=1&fife=s16383","https://mymaps.usercontent.google.com/hostedimage/m/*/3AE5a_GwtWEKX--gJp_Pua_qxjeGRjczJvL-lKKe414mjdP8t2hIF_1tx6eaj0s0mHaxXghYNJHb0vBhpJUqsAIvJxv1X_tqbKBmLBreaQres_HHpXlzxsZ_gb9rZzdxQ7Tnx_0Xi1UFUJvqKKp1gwIWHfgttKsGq9F_fIFeqJnhfNLIyY7aySnBRUdgphMBVc7r94z3c4hLtnriKNa0aQSCwnAiv2KbxP0MHgRpjCS_ymevpAYO6xVH33JbeDG4?authuser=1&fife=s16383","true","200","image/png","89 50 4E 47","pending_browser_validation","recovered","/assets/images/investment/investment-LY-INV-000459-04.png"
"investment","فندق النخلة السياحي","459","LY-INV-000459","https://mymaps.usercontent.google.com/hostedimage/m/*/3AE5a_GxG4MB6Q6C4d1nyJW0YLS3m5kfrBbozMIHSe2hHfg-wTbC-TDr3zof6EGa2-JT3pvTwDi0Zj8fBy4yNRr_UrxA5mPRXTS_bdxS79WdMtbpce4YW5DAq2_qmXj2KUvQcevpv7Tp5ORJwv2S-w9jWWyW6MzNOoUIZqjhTzbnywAIGpjWmSobM4PgQ-tWw95eOT_3eTlo07Ro56VuQu3xxuJkBqeNiLtjn5SqsZZg4xXF7FF0lDqbJ0bjoMFI?authuser=1&fife=s16383","https://mymaps.usercontent.google.com/hostedimage/m/*/3AE5a_GxG4MB6Q6C4d1nyJW0YLS3m5kfrBbozMIHSe2hHfg-wTbC-TDr3zof6EGa2-JT3pvTwDi0Zj8fBy4yNRr_UrxA5mPRXTS_bdxS79WdMtbpce4YW5DAq2_qmXj2KUvQcevpv7Tp5ORJwv2S-w9jWWyW6MzNOoUIZqjhTzbnywAIGpjWmSobM4PgQ-tWw95eOT_3eTlo07Ro56VuQu3xxuJkBqeNiLtjn5SqsZZg4xXF7FF0lDqbJ0bjoMFI?authuser=1&fife=s16383","true","200","image/png","89 50 4E 47","pending_browser_validation","recovered","/assets/images/investment/investment-LY-INV-000459-05.png"
"investment","فندق النوران","461","LY-INV-000461","https://mymaps.usercontent.google.com/hostedimage/m/*/3AE5a_GyMujzvKxakTY-7KNapp4LfhbkGP3HsycZZrg-ofNuliSOn2q-0aOUV20qW9vaANij6fLczzX0sfMkrbDX1x9zm4yBShLkwbCUQYVDNbmHh54Hs8BYhYQfpnUo3vzNoUVifZdtWMch88Nj0ildW3OqIwbzeg_t7sV10N-5oX6LQKTlXTIcdR_89Rliu95PEZ0mpqtRCP9d0Vi3i7NKfj-vmK1kegoKAEdESfOI93GGCz9kZM7P4LgJJ5fg?authuser=1&fife=s16383","https://mymaps.usercontent.google.com/hostedimage/m/*/3AE5a_GyMujzvKxakTY-7KNapp4LfhbkGP3HsycZZrg-ofNuliSOn2q-0aOUV20qW9vaANij6fLczzX0sfMkrbDX1x9zm4yBShLkwbCUQYVDNbmHh54Hs8BYhYQfpnUo3vzNoUVifZdtWMch88Nj0ildW3OqIwbzeg_t7sV10N-5oX6LQKTlXTIcdR_89Rliu95PEZ0mpqtRCP9d0Vi3i7NKfj-vmK1kegoKAEdESfOI93GGCz9kZM7P4LgJJ5fg?authuser=1&fife=s16383","true","200","image/png","89 50 4E 47","pending_browser_validation","recovered","/assets/images/investment/investment-LY-INV-000461-01.png"
"investment","فندق النوران","461","LY-INV-000461","https://mymaps.usercontent.google.com/hostedimage/m/*/3AE5a_GyTT4G1oiF5gaH85fJKncyKZ5Gg2zIgSPGDRYkqfi1pQ8lfbCl7417OCEakBwsoZaJ-Y6E1_XtkiBbORYMS44y7tbbju2kDbS2b8aAfKi5H8D-X3U2v6HlXjdz70a3nTnS2M9O1VkiaGxefA8wiviii6i1wzEOFKMfVKKT8en6iyNWUWa7cT259ZcAI09zroTuJDNP5O_Bg4pHPAvv9J024GKPHlE1m82DhI0vAgGNFYBZnWmtBpx5Xw3A?authuser=1&fife=s16383","https://mymaps.usercontent.google.com/hostedimage/m/*/3AE5a_GyTT4G1oiF5gaH85fJKncyKZ5Gg2zIgSPGDRYkqfi1pQ8lfbCl7417OCEakBwsoZaJ-Y6E1_XtkiBbORYMS44y7tbbju2kDbS2b8aAfKi5H8D-X3U2v6HlXjdz70a3nTnS2M9O1VkiaGxefA8wiviii6i1wzEOFKMfVKKT8en6iyNWUWa7cT259ZcAI09zroTuJDNP5O_Bg4pHPAvv9J024GKPHlE1m82DhI0vAgGNFYBZnWmtBpx5Xw3A?authuser=1&fife=s16383","true","200","image/png","89 50 4E 47","pending_browser_validation","recovered","/assets/images/investment/investment-LY-INV-000461-02.png"
"investment","فندق النوران","461","LY-INV-000461","https://mymaps.usercontent.google.com/hostedimage/m/*/3AE5a_GwJfmkbuQ4fiMx9SsnIBq3kwSpTAuK3YOHOmBgbPxVJGxqMp-K6VWWKuLprXNaf_h2GKSCi6pgKku4ZlvGwutXFISQtonP81qdk2XnFOnT6-qECXgND8hxEBEAYZzvoJhE35J2oE2y3nTrdSKt8M7tmqEEC38j7ZGJ9P3q2b9cGbVXJhVJfdgug__BMAaZpqsvbP6ixZnoqYg0Vi6oxNYAYSKE0mrxFR0CNvHn8GIA_mIcD4bG6ZyftHjQ?authuser=1&fife=s16383","https://mymaps.usercontent.google.com/hostedimage/m/*/3AE5a_GwJfmkbuQ4fiMx9SsnIBq3kwSpTAuK3YOHOmBgbPxVJGxqMp-K6VWWKuLprXNaf_h2GKSCi6pgKku4ZlvGwutXFISQtonP81qdk2XnFOnT6-qECXgND8hxEBEAYZzvoJhE35J2oE2y3nTrdSKt8M7tmqEEC38j7ZGJ9P3q2b9cGbVXJhVJfdgug__BMAaZpqsvbP6ixZnoqYg0Vi6oxNYAYSKE0mrxFR0CNvHn8GIA_mIcD4bG6ZyftHjQ?authuser=1&fife=s16383","true","200","image/png","89 50 4E 47","pending_browser_validation","recovered","/assets/images/investment/investment-LY-INV-000461-03.png"
"investment","فندق النوران","461","LY-INV-000461","https://mymaps.usercontent.google.com/hostedimage/m/*/3AE5a_GyM74BXXfwVs01wXq-epq6M0rL3KMXJi7RJI9gav1ElqxG0RMn2QyURqJuI0vGwLlasONAXY3LzzRL0nGGzH1cpacmdljyf7b1nmY9ocwiQJRuw9ppqaL3qQY-agn60v3Sdfxu14CbQhHZOPhCR8TUM3jEcrNXQsN1KG4nlw_65CvkZn_0qkYu2qarn0ey4RWo91uc-8NzPa0G-Oach7yRbDb7-S8e1M4Qc31g_4Cx281jtST1qzdwfkVQ?authuser=1&fife=s16383","https://mymaps.usercontent.google.com/hostedimage/m/*/3AE5a_GyM74BXXfwVs01wXq-epq6M0rL3KMXJi7RJI9gav1ElqxG0RMn2QyURqJuI0vGwLlasONAXY3LzzRL0nGGzH1cpacmdljyf7b1nmY9ocwiQJRuw9ppqaL3qQY-agn60v3Sdfxu14CbQhHZOPhCR8TUM3jEcrNXQsN1KG4nlw_65CvkZn_0qkYu2qarn0ey4RWo91uc-8NzPa0G-Oach7yRbDb7-S8e1M4Qc31g_4Cx281jtST1qzdwfkVQ?authuser=1&fife=s16383","true","200","image/png","89 50 4E 47","pending_browser_validation","recovered","/assets/images/investment/investment-LY-INV-000461-04.png"
"investment","فندق النوران","461","LY-INV-000461","https://mymaps.usercontent.google.com/hostedimage/m/*/3AE5a_GxnHAas_ywZG1xbJUQ6I09Lec1fnNSa8K_qxaYTWZRQj3O67DKbLVOxMAnsPfTq94wn0NRPJfH_r2Rm-8K2JQ3l5e-4mnrE8mTWkyfyIDNud88AcyAbD-VxL5S40qL1YDPHEXXF6c6jxVfrEbCLdYM3walcwz9ofigOua2feMnwaB8EelHqCGoUGbKMARkYOByuf1MnTU1S0_lqevaPXXSjcn6oDhJ2U00x6ayoYgZVu8yhWCFG_RvCmOg?authuser=1&fife=s16383","https://mymaps.usercontent.google.com/hostedimage/m/*/3AE5a_GxnHAas_ywZG1xbJUQ6I09Lec1fnNSa8K_qxaYTWZRQj3O67DKbLVOxMAnsPfTq94wn0NRPJfH_r2Rm-8K2JQ3l5e-4mnrE8mTWkyfyIDNud88AcyAbD-VxL5S40qL1YDPHEXXF6c6jxVfrEbCLdYM3walcwz9ofigOua2feMnwaB8EelHqCGoUGbKMARkYOByuf1MnTU1S0_lqevaPXXSjcn6oDhJ2U00x6ayoYgZVu8yhWCFG_RvCmOg?authuser=1&fife=s16383","true","200","image/png","89 50 4E 47","pending_browser_validation","recovered","/assets/images/investment/investment-LY-INV-000461-05.png"
"investment","فندق اليمامة","473","LY-INV-000473","https://mymaps.usercontent.google.com/hostedimage/m/*/3AE5a_GzyF_9SsKipwJpi9nJEGr-VAfamKeyZ16XunUJL40n-JzTMxMyNRunmhe59nXpGHA58FZ9uWkWB2O0UknHq2Hi4DJG65u4FMHmjgQby5E1PODvGNZrKgNwqrUa_R08YUvu6T7zBF4IZxRP_st4_hFP6R_C4vFrZcMRRTOrWHyI7Cm3HIaQRJCO4I_CS1o_hp72o9lPb_MzLd5eWrZxXAF7wJ5m-Dy3mVxFqk0e0eCAWVLEidgbDvRBWKGA?authuser=1&fife=s16383","https://mymaps.usercontent.google.com/hostedimage/m/*/3AE5a_GzyF_9SsKipwJpi9nJEGr-VAfamKeyZ16XunUJL40n-JzTMxMyNRunmhe59nXpGHA58FZ9uWkWB2O0UknHq2Hi4DJG65u4FMHmjgQby5E1PODvGNZrKgNwqrUa_R08YUvu6T7zBF4IZxRP_st4_hFP6R_C4vFrZcMRRTOrWHyI7Cm3HIaQRJCO4I_CS1o_hp72o9lPb_MzLd5eWrZxXAF7wJ5m-Dy3mVxFqk0e0eCAWVLEidgbDvRBWKGA?authuser=1&fife=s16383","true","200","image/png","89 50 4E 47","pending_browser_validation","recovered","/assets/images/investment/investment-LY-INV-000473-01.png"
"investment","فندق اليمامة","473","LY-INV-000473","https://mymaps.usercontent.google.com/hostedimage/m/*/3AE5a_GxLhApaxZtq2vp_sC9951KS_V293msEl3tQys9ZpGrJdrV3yYBzO08xfsJW_Lk5PDnYHTXJgTRxuLC-El0W2umCWN6GUA16M-YkqZw_lh6SW6TsXtd791G7os82puClfL8Df0Eg_3wrtEv-gH0IDf5zYQyN_Vgwk3mn4fEgT97WBrKpK1P7rtfPVrN3vXBchPOdfW2jMiaSwOypVVU440L80ZxQqz3AMM0o7ybAKqErc3YASsrcpoErX80?authuser=1&fife=s16383","https://mymaps.usercontent.google.com/hostedimage/m/*/3AE5a_GxLhApaxZtq2vp_sC9951KS_V293msEl3tQys9ZpGrJdrV3yYBzO08xfsJW_Lk5PDnYHTXJgTRxuLC-El0W2umCWN6GUA16M-YkqZw_lh6SW6TsXtd791G7os82puClfL8Df0Eg_3wrtEv-gH0IDf5zYQyN_Vgwk3mn4fEgT97WBrKpK1P7rtfPVrN3vXBchPOdfW2jMiaSwOypVVU440L80ZxQqz3AMM0o7ybAKqErc3YASsrcpoErX80?authuser=1&fife=s16383","true","200","image/png","89 50 4E 47","pending_browser_validation","recovered","/assets/images/investment/investment-LY-INV-000473-02.png"
"investment","فندق أفريقيا","479","LY-INV-000479","https://mymaps.usercontent.google.com/hostedimage/m/*/3AE5a_GzKTinRPCuiQ6z59xihFrC0JJ-h0A2QrRuLZvC0BA6JcwmziiJ2NMRccKkgQfDQ_aJCQEglJCclKyztxv4J8PasuPS-IJ6LV_e4hystI6b7C6hDbL75uGe7PLwVgGRP_hDvp56EB_HI9cgWDIEYw6Ma77xWwmi4ZLJLoCyJspwF3oFMZhzaZSl99mMK6gkqSX2CT8DduUmx16jPSYZEFiGQd4wbCD4VTPvEkp4ulBzEDyI7x7YSiGc3xLM?authuser=1&fife=s16383","https://mymaps.usercontent.google.com/hostedimage/m/*/3AE5a_GzKTinRPCuiQ6z59xihFrC0JJ-h0A2QrRuLZvC0BA6JcwmziiJ2NMRccKkgQfDQ_aJCQEglJCclKyztxv4J8PasuPS-IJ6LV_e4hystI6b7C6hDbL75uGe7PLwVgGRP_hDvp56EB_HI9cgWDIEYw6Ma77xWwmi4ZLJLoCyJspwF3oFMZhzaZSl99mMK6gkqSX2CT8DduUmx16jPSYZEFiGQd4wbCD4VTPvEkp4ulBzEDyI7x7YSiGc3xLM?authuser=1&fife=s16383","true","200","image/png","89 50 4E 47","pending_browser_validation","recovered","/assets/images/investment/investment-LY-INV-000479-01.png"
"investment","فندق أفريقيا","479","LY-INV-000479","https://mymaps.usercontent.google.com/hostedimage/m/*/3AE5a_GzBtsITV4Q9jGMEtOQGU17XdkU-lG65Y0xGLkvWSEjgoPqjnpFETzOIuIs0zlqqsih96ouWDvES4tNoFsAkpaEiohfKb22nO90Dbwa1H-EEYHHkEsmlFuI1W5tQh77g9BTR6_QFJyFVoakpMUEQcjSmxCLpgwJuQ5NsE5O0d6_3YaJw1tfh_pihhbELPgqRIjF5dtc5ynrVACInLCrhVLCFouGaLOFNTaWYuRTz_va93-9y-bhRS4i6Qgc?authuser=1&fife=s16383","https://mymaps.usercontent.google.com/hostedimage/m/*/3AE5a_GzBtsITV4Q9jGMEtOQGU17XdkU-lG65Y0xGLkvWSEjgoPqjnpFETzOIuIs0zlqqsih96ouWDvES4tNoFsAkpaEiohfKb22nO90Dbwa1H-EEYHHkEsmlFuI1W5tQh77g9BTR6_QFJyFVoakpMUEQcjSmxCLpgwJuQ5NsE5O0d6_3YaJw1tfh_pihhbELPgqRIjF5dtc5ynrVACInLCrhVLCFouGaLOFNTaWYuRTz_va93-9y-bhRS4i6Qgc?authuser=1&fife=s16383","true","200","image/png","89 50 4E 47","pending_browser_validation","recovered","/assets/images/investment/investment-LY-INV-000479-02.png"
"investment","فندق أفريقيا","479","LY-INV-000479","https://mymaps.usercontent.google.com/hostedimage/m/*/3AE5a_GyYQp7Mym_dT3RIymBK7_2K1_r1r2UXIvCP0emO3ua_sLWSJe3Q08asj3m-gCvpcCbu67NjX907BhqiEikxIWZVeK2bhzLTQbgHQ2s2hYv2yjnqlsdf3TOP2UPDSfuOCcv_Udwsd-mzi535YEc2HhRKQX9sv9wzb4nPI9jKkG-ibC_ZB0SKPrP0WW_uLNt80ftKcNdfiyRff4qKgO5SRdFUKe5leBRGdd1ZCliXHJN6ACM2Y_-YGXUfRcA?authuser=1&fife=s16383","https://mymaps.usercontent.google.com/hostedimage/m/*/3AE5a_GyYQp7Mym_dT3RIymBK7_2K1_r1r2UXIvCP0emO3ua_sLWSJe3Q08asj3m-gCvpcCbu67NjX907BhqiEikxIWZVeK2bhzLTQbgHQ2s2hYv2yjnqlsdf3TOP2UPDSfuOCcv_Udwsd-mzi535YEc2HhRKQX9sv9wzb4nPI9jKkG-ibC_ZB0SKPrP0WW_uLNt80ftKcNdfiyRff4qKgO5SRdFUKe5leBRGdd1ZCliXHJN6ACM2Y_-YGXUfRcA?authuser=1&fife=s16383","true","200","image/png","89 50 4E 47","pending_browser_validation","recovered","/assets/images/investment/investment-LY-INV-000479-03.png"
"investment","فندق أمال ليبيا","482","LY-INV-000482","https://mymaps.usercontent.google.com/hostedimage/m/*/3AE5a_GwOGaKRL_ReCpfvRA9v2HON6vpoZ6_KvtDRGelWYgobjkXcQP2LHkwbrclo_itG09ka6LKJXMn9wmH1L9CDUwQ6cS_309OQDUPutUh_y6WLiK6mUnRgrI9AA460B1m9ux0ZlALKnJhBx9lZ-VghrQCbomnVe3LxbFxWd2pgBIdCb_E3Q_miBpjqo5Fn7tnuLrL4vIAYvqpbKzNwHyYjC53KN1nf-W6QQ8R5-25RhhOaTrwZzKDdIlMiTdo?authuser=1&fife=s16383","https://mymaps.usercontent.google.com/hostedimage/m/*/3AE5a_GwOGaKRL_ReCpfvRA9v2HON6vpoZ6_KvtDRGelWYgobjkXcQP2LHkwbrclo_itG09ka6LKJXMn9wmH1L9CDUwQ6cS_309OQDUPutUh_y6WLiK6mUnRgrI9AA460B1m9ux0ZlALKnJhBx9lZ-VghrQCbomnVe3LxbFxWd2pgBIdCb_E3Q_miBpjqo5Fn7tnuLrL4vIAYvqpbKzNwHyYjC53KN1nf-W6QQ8R5-25RhhOaTrwZzKDdIlMiTdo?authuser=1&fife=s16383","true","200","image/png","89 50 4E 47","pending_browser_validation","recovered","/assets/images/investment/investment-LY-INV-000482-01.png"
"investment","فندق أمال ليبيا","482","LY-INV-000482","https://mymaps.usercontent.google.com/hostedimage/m/*/3AE5a_GwSqwIU2hzQfAvTLFgSqRtfsdqWt1-VJ3i9FZEFecO_zQFq7APi0bY6PzpEtjgjaoiy3w2eQJbDJSNIR4Nti0C3uJwAgTEOrGtIhHXcH4uWb_HYHCogcbUpKCrQw-9dhYxRucnUzWl3mu-eKHrHddS_mzJPLMDElVX0E63vqqbl6pIpNRLAobCcRqKf4U5nr3kJaw5fzs89HY52VagCHJeNJcO1wKRRz2YPTvFOZWdE_eLnyFum1SkJXJE?authuser=1&fife=s16383","https://mymaps.usercontent.google.com/hostedimage/m/*/3AE5a_GwSqwIU2hzQfAvTLFgSqRtfsdqWt1-VJ3i9FZEFecO_zQFq7APi0bY6PzpEtjgjaoiy3w2eQJbDJSNIR4Nti0C3uJwAgTEOrGtIhHXcH4uWb_HYHCogcbUpKCrQw-9dhYxRucnUzWl3mu-eKHrHddS_mzJPLMDElVX0E63vqqbl6pIpNRLAobCcRqKf4U5nr3kJaw5fzs89HY52VagCHJeNJcO1wKRRz2YPTvFOZWdE_eLnyFum1SkJXJE?authuser=1&fife=s16383","true","200","image/png","89 50 4E 47","pending_browser_validation","recovered","/assets/images/investment/investment-LY-INV-000479-03.png"
"investment","فندق أمال ليبيا","482","LY-INV-000482","https://mymaps.usercontent.google.com/hostedimage/m/*/3AE5a_Gw9UQYPj7zmtzqHBIR5FAvsM5K8zwOUktjRIrna7rHvQ2N0w86Eh83YTUPcYsR5b_Otn6C_rDUFEnZdedp1pRp1fnugaT41wFCROmi_K8nLa1PF96UVGXaTbtmmayw6TKr9m6OYYmmgNyRinqv8OtvXyMCKWbOAS7QgD5vzZl8BABSHHOvSF-F7IQmtpKVbdIOYSxAh3ce38IUyDnB_lHlRz2yJDNP-AEmBlN1QtM-lAfytWihGlXCBq0U?authuser=1&fife=s16383","https://mymaps.usercontent.google.com/hostedimage/m/*/3AE5a_Gw9UQYPj7zmtzqHBIR5FAvsM5K8zwOUktjRIrna7rHvQ2N0w86Eh83YTUPcYsR5b_Otn6C_rDUFEnZdedp1pRp1fnugaT41wFCROmi_K8nLa1PF96UVGXaTbtmmayw6TKr9m6OYYmmgNyRinqv8OtvXyMCKWbOAS7QgD5vzZl8BABSHHOvSF-F7IQmtpKVbdIOYSxAh3ce38IUyDnB_lHlRz2yJDNP-AEmBlN1QtM-lAfytWihGlXCBq0U?authuser=1&fife=s16383","true","200","image/png","89 50 4E 47","pending_browser_validation","recovered","/assets/images/investment/investment-LY-INV-000482-03.png"
"investment","فندق دبي","503","LY-INV-000503","https://mymaps.usercontent.google.com/hostedimage/m/*/3AE5a_Gx1ap8mmECyqAQ9soWLhD-lrwgfn7yyGd5Dvlz7QJZXAvJnSUKXKYJGttJ9b22-grGffdF9Er2ctgi53x8djc55ZHxQUHxc0drtASLQfFFm8Cb7mGLNsyV7XdhvMPk34lAp3Hz8vFZgIYVvAP0kLcbDDYnbje7iJsKqmUCp6KjXuhLJSARSOeV1upwqMs2YYLk75XVapjUsnCgEtbOCCkhQ17KJ7eIagMavQdKCj3MwCwxYMsdqrUG2c9k?authuser=1&fife=s16383","https://mymaps.usercontent.google.com/hostedimage/m/*/3AE5a_Gx1ap8mmECyqAQ9soWLhD-lrwgfn7yyGd5Dvlz7QJZXAvJnSUKXKYJGttJ9b22-grGffdF9Er2ctgi53x8djc55ZHxQUHxc0drtASLQfFFm8Cb7mGLNsyV7XdhvMPk34lAp3Hz8vFZgIYVvAP0kLcbDDYnbje7iJsKqmUCp6KjXuhLJSARSOeV1upwqMs2YYLk75XVapjUsnCgEtbOCCkhQ17KJ7eIagMavQdKCj3MwCwxYMsdqrUG2c9k?authuser=1&fife=s16383","true","200","image/png","89 50 4E 47","pending_browser_validation","recovered","/assets/images/investment/investment-LY-INV-000503-01.png"
"investment","فندق دبي","503","LY-INV-000503","https://mymaps.usercontent.google.com/hostedimage/m/*/3AE5a_Gw5aflS2_OpZI6NSl5SuT3oPhe4L8SPYHzI9cn1WMT8IYzgkHz8VfRgMy2KgzUvNTmPqL7VrZEW5qiYTzDilH9zVuqrSTYzKwqtC623baF1vKfzCUE0mRVu7i4QRfcBPqtMkVVMcsxFnmtYIGORHFAvsnz5pGCGwMRw3sZ1NeM93brJJbTr0Odltbn_5PSEO3BBf9Q10KqnLSftuwSD6TrG3kEw7enmiov41x8ADFoYx7EcavFZbAXnchI?authuser=1&fife=s16383","https://mymaps.usercontent.google.com/hostedimage/m/*/3AE5a_Gw5aflS2_OpZI6NSl5SuT3oPhe4L8SPYHzI9cn1WMT8IYzgkHz8VfRgMy2KgzUvNTmPqL7VrZEW5qiYTzDilH9zVuqrSTYzKwqtC623baF1vKfzCUE0mRVu7i4QRfcBPqtMkVVMcsxFnmtYIGORHFAvsnz5pGCGwMRw3sZ1NeM93brJJbTr0Odltbn_5PSEO3BBf9Q10KqnLSftuwSD6TrG3kEw7enmiov41x8ADFoYx7EcavFZbAXnchI?authuser=1&fife=s16383","true","200","image/png","89 50 4E 47","pending_browser_validation","recovered","/assets/images/investment/investment-LY-INV-000503-02.png"
"investment","فندق ديار الهناء","505","LY-INV-000505","https://mymaps.usercontent.google.com/hostedimage/m/*/3AE5a_GzB9H_sAnTqZrwFA81_k7lGCONoM0DDhPEl_lUhAvsFY_-KrUlYErmdtm1DY-QTDx05BTpJ1P-UsMOH9pnyE1vPdBNCLX7b2sz4JWhshzXyCpEfoc4HnT1R04xE7KWAGzpZmO2f7W6sH5QjdRiTxzHYw8mhT3BdK7JFji0win-BwWe_8czilP_EqGT0ag3vw9aj4lo5u3_VdJSC6u3fQfd96Ecv2Skl-wIV6euXjoBRtxULBl3TuDt6WP0?authuser=1&fife=s16383","https://mymaps.usercontent.google.com/hostedimage/m/*/3AE5a_GzB9H_sAnTqZrwFA81_k7lGCONoM0DDhPEl_lUhAvsFY_-KrUlYErmdtm1DY-QTDx05BTpJ1P-UsMOH9pnyE1vPdBNCLX7b2sz4JWhshzXyCpEfoc4HnT1R04xE7KWAGzpZmO2f7W6sH5QjdRiTxzHYw8mhT3BdK7JFji0win-BwWe_8czilP_EqGT0ag3vw9aj4lo5u3_VdJSC6u3fQfd96Ecv2Skl-wIV6euXjoBRtxULBl3TuDt6WP0?authuser=1&fife=s16383","true","200","image/png","89 50 4E 47","pending_browser_validation","recovered","/assets/images/investment/investment-LY-INV-000505-01.png"
"investment","فندق سفيروس الخمس","518","LY-INV-000518","https://mymaps.usercontent.google.com/hostedimage/m/*/3AE5a_GzdscLGJ7ELEXznFat4fuqB9kkKCFju6AK9W9YZpzyUXkIWZTit3yo4u-Bt8hM7ozoRgyrOaK6xVt7dyhrnIWFVV-JbEbQe7q7CP9Gk__CDsIGF6Bs97xaGhr_CEat2_NRYY3itIGqVrJ5Y-dQgC2Mpm8Yas0BGe_CPqb1FUZbQnRwbxxd2xv3cvwsTje83vAoo3SYTUwmnqNUtZT2lmAl0RFaaNBupvGMAsgDZ_3izGHZawBtup-mEghQ?authuser=1&fife=s16383","https://mymaps.usercontent.google.com/hostedimage/m/*/3AE5a_GzdscLGJ7ELEXznFat4fuqB9kkKCFju6AK9W9YZpzyUXkIWZTit3yo4u-Bt8hM7ozoRgyrOaK6xVt7dyhrnIWFVV-JbEbQe7q7CP9Gk__CDsIGF6Bs97xaGhr_CEat2_NRYY3itIGqVrJ5Y-dQgC2Mpm8Yas0BGe_CPqb1FUZbQnRwbxxd2xv3cvwsTje83vAoo3SYTUwmnqNUtZT2lmAl0RFaaNBupvGMAsgDZ_3izGHZawBtup-mEghQ?authuser=1&fife=s16383","true","200","image/png","89 50 4E 47","pending_browser_validation","recovered","/assets/images/investment/investment-LY-INV-000518-01.png"
"investment","فندق سفيروس الخمس","518","LY-INV-000518","https://mymaps.usercontent.google.com/hostedimage/m/*/3AE5a_Gy6aVks8oJmFhSbKCMl95KApuQAB9BlDpCBelIQioxmnjIoN4lH8rwawoEXhyaVAc1TNc6mY-Z8BH4YMqPR7M3bqBRBpW8joplyS6modyOEJ9A6QLofzA8JJfVSrGT5Y-MGFwkpz_atjRQaT0SYvm3oWGD4MmlNRnw0Gh5p3g20Wkv6Ia1WoOfF62zqxTD40-PkeoZ_6TH2LF5dXclsYXrFXjh_DrtKcra4iecLjLj1WT2IwMPK2OKU1L8?authuser=1&fife=s16383","https://mymaps.usercontent.google.com/hostedimage/m/*/3AE5a_Gy6aVks8oJmFhSbKCMl95KApuQAB9BlDpCBelIQioxmnjIoN4lH8rwawoEXhyaVAc1TNc6mY-Z8BH4YMqPR7M3bqBRBpW8joplyS6modyOEJ9A6QLofzA8JJfVSrGT5Y-MGFwkpz_atjRQaT0SYvm3oWGD4MmlNRnw0Gh5p3g20Wkv6Ia1WoOfF62zqxTD40-PkeoZ_6TH2LF5dXclsYXrFXjh_DrtKcra4iecLjLj1WT2IwMPK2OKU1L8?authuser=1&fife=s16383","true","200","image/png","89 50 4E 47","pending_browser_validation","recovered","/assets/images/investment/investment-LY-INV-000518-02.png"
"investment","فندق سفيروس الخمس","518","LY-INV-000518","https://mymaps.usercontent.google.com/hostedimage/m/*/3AE5a_Gyxod7fLw3lgbhuVWdyLIGz7uH2gLNVVBMgmsnPown8kvRW4gE1dCIknzR5mfzm_STpKwQwmkgIZT_MB8rwVcXKqMGpeYNRs6MdSlWrBM8XujdokVdCv6-npNEClmCsW7ihFhgIMH7R6hncqTaLH3ZloX1KK0Qqf3rk3-35qkbOToZ4Gx4xFIV-mnGU6vb2Exz9BxaIBRlnLu5niQ59I6ESsKPXG5YOlE55ZXCe4iqQlYzCs5O_TJQx_yU?authuser=1&fife=s16383","https://mymaps.usercontent.google.com/hostedimage/m/*/3AE5a_Gyxod7fLw3lgbhuVWdyLIGz7uH2gLNVVBMgmsnPown8kvRW4gE1dCIknzR5mfzm_STpKwQwmkgIZT_MB8rwVcXKqMGpeYNRs6MdSlWrBM8XujdokVdCv6-npNEClmCsW7ihFhgIMH7R6hncqTaLH3ZloX1KK0Qqf3rk3-35qkbOToZ4Gx4xFIV-mnGU6vb2Exz9BxaIBRlnLu5niQ59I6ESsKPXG5YOlE55ZXCe4iqQlYzCs5O_TJQx_yU?authuser=1&fife=s16383","true","200","image/png","89 50 4E 47","pending_browser_validation","recovered","/assets/images/investment/investment-LY-INV-000518-03.png"
"investment","فندق سفيروس الخمس","518","LY-INV-000518","https://mymaps.usercontent.google.com/hostedimage/m/*/3AE5a_Gwokg1BiFoNsqm6POEPCi_1ZEJecgousGM6qR9Eqh8MUcny1VHDsY99Wz5AaSxnFSZrGnkaIffogl4k_2xUjPC0kykBTUssSsOYVXJut8tlKoSvdEnJRhw76GljaOUKwuEgd-5zonYGYgJcV8vJCfxvhvS7hmhmWgjiMYcapvy32OIix55qoGtzxFQEy0VSQgAUrxNdQ1m55uelhW-zVmsM5x8BZlqk0J9j25dUdUar3xsZkHwlAcnL0BU?authuser=1&fife=s16383","https://mymaps.usercontent.google.com/hostedimage/m/*/3AE5a_Gwokg1BiFoNsqm6POEPCi_1ZEJecgousGM6qR9Eqh8MUcny1VHDsY99Wz5AaSxnFSZrGnkaIffogl4k_2xUjPC0kykBTUssSsOYVXJut8tlKoSvdEnJRhw76GljaOUKwuEgd-5zonYGYgJcV8vJCfxvhvS7hmhmWgjiMYcapvy32OIix55qoGtzxFQEy0VSQgAUrxNdQ1m55uelhW-zVmsM5x8BZlqk0J9j25dUdUar3xsZkHwlAcnL0BU?authuser=1&fife=s16383","true","200","image/png","89 50 4E 47","pending_browser_validation","recovered","/assets/images/investment/investment-LY-INV-000518-04.png"
"investment","فندق ضيافة ونيس","521","LY-INV-000521","https://mymaps.usercontent.google.com/hostedimage/m/*/3AE5a_GxfiHq9NMkLF8zWb8L0taa4gQ0HP2j-_Svx5QRh5CWMKsjMuldN-1NUeAMt71XC47d8YQug353ItBV6G1ipl7X63RL_JkqwuPF8qeS8pToB9fpaEEsVnmG7ZnLqwF_jQwldvYAZRrX4FKSdB7SRTWMfsWAPGE3YV2BTLdg3VYhm8rMmMOHDcxzdMO7KA_tBc1PSkVmYi8dITznGjdeH5DzFNhPlzTZX1Feck38IjrmYWzeCM1FINd-nI-Y?authuser=1&fife=s16383","https://mymaps.usercontent.google.com/hostedimage/m/*/3AE5a_GxfiHq9NMkLF8zWb8L0taa4gQ0HP2j-_Svx5QRh5CWMKsjMuldN-1NUeAMt71XC47d8YQug353ItBV6G1ipl7X63RL_JkqwuPF8qeS8pToB9fpaEEsVnmG7ZnLqwF_jQwldvYAZRrX4FKSdB7SRTWMfsWAPGE3YV2BTLdg3VYhm8rMmMOHDcxzdMO7KA_tBc1PSkVmYi8dITznGjdeH5DzFNhPlzTZX1Feck38IjrmYWzeCM1FINd-nI-Y?authuser=1&fife=s16383","true","200","image/png","89 50 4E 47","pending_browser_validation","recovered","/assets/images/investment/investment-LY-INV-000521-01.png"
"investment","فندق الفصول الاربعة 3","567","LY-INV-000567","https://mymaps.usercontent.google.com/hostedimage/m/*/3AE5a_GzOlMWyC3HfFGkpAnHaKIZficuJcfVUmGipBzrQ6xI-W_y48UoDm6Bd5Ouui1ftq-YjMGzbUFKT6DCve-ioD2qn-nnM0kiMPT93rKzPVESkF1FmJTNYMDuvsOeKJp57WnejnamVJv14hJHenboNGN7ceTd0mIbKFv_BAOLaDwz03Uijkq-1CNcCJrxy6gRYWYc6jBOONlbHdDxir4I9lnjFbbmBCv9HYkEKB8ioVNn15uez_NaVXkJ5gB0?authuser=1&fife=s16383","https://mymaps.usercontent.google.com/hostedimage/m/*/3AE5a_GzOlMWyC3HfFGkpAnHaKIZficuJcfVUmGipBzrQ6xI-W_y48UoDm6Bd5Ouui1ftq-YjMGzbUFKT6DCve-ioD2qn-nnM0kiMPT93rKzPVESkF1FmJTNYMDuvsOeKJp57WnejnamVJv14hJHenboNGN7ceTd0mIbKFv_BAOLaDwz03Uijkq-1CNcCJrxy6gRYWYc6jBOONlbHdDxir4I9lnjFbbmBCv9HYkEKB8ioVNn15uez_NaVXkJ5gB0?authuser=1&fife=s16383","true","200","image/png","89 50 4E 47","pending_browser_validation","recovered","/assets/images/investment/investment-LY-INV-000567-01.png"
"investment","فندق السفير","578","LY-INV-000578","https://mymaps.usercontent.google.com/hostedimage/m/*/3AE5a_GyeLTZv4u6V7yiYknW2XAdxoTsOTUYkFU2_lpwYHIXJ1MibIMmlvIYo9OdufTYf8d9I22KP_U3aRRRwfUwr3mpKzJXwPcgWkZ4YNt0cwt4Af8l_lIGKKMSQwNjG2ulHVTPICEbuX5V5pnOM0obFQ--fNhV8LHovDSYZb8mquXjOYslrPBd4OI222-SN_WvR--yJjIaqwOhlxphChsorIWTESeRCYVnbRUTsuJCKk9oWJ1TSFllC5RHN7gY?authuser=1&fife=s16383","https://mymaps.usercontent.google.com/hostedimage/m/*/3AE5a_GyeLTZv4u6V7yiYknW2XAdxoTsOTUYkFU2_lpwYHIXJ1MibIMmlvIYo9OdufTYf8d9I22KP_U3aRRRwfUwr3mpKzJXwPcgWkZ4YNt0cwt4Af8l_lIGKKMSQwNjG2ulHVTPICEbuX5V5pnOM0obFQ--fNhV8LHovDSYZb8mquXjOYslrPBd4OI222-SN_WvR--yJjIaqwOhlxphChsorIWTESeRCYVnbRUTsuJCKk9oWJ1TSFllC5RHN7gY?authuser=1&fife=s16383","true","200","image/png","89 50 4E 47","pending_browser_validation","recovered","/assets/images/investment/investment-LY-INV-000578-01.png"
"investment","فندق السفير","578","LY-INV-000578","https://mymaps.usercontent.google.com/hostedimage/m/*/3AE5a_Gw3SeNHkHU7RmhUJy2c75PqTAQ0zszNwPoptDPJaRNPcf5HKYNUsfbg1dmWcevVN42rnpCFwrYYexOoYKJoQwJrNz7KRL-93ICLdZEU2u9X5kDzBhSrhQMXC317inGkvVCa11XEJjFW4jkmuhe6HEW72FUBQ_JK66rlBm0iC04E4Z3sSW8chd9MJgjONHvjB3EgLAHCAePp5AR6-vlDqYKzK9s0iGmvdMQm_v1HSAlrjm-Ys_X9Jy_UwU4?authuser=1&fife=s16383","https://mymaps.usercontent.google.com/hostedimage/m/*/3AE5a_Gw3SeNHkHU7RmhUJy2c75PqTAQ0zszNwPoptDPJaRNPcf5HKYNUsfbg1dmWcevVN42rnpCFwrYYexOoYKJoQwJrNz7KRL-93ICLdZEU2u9X5kDzBhSrhQMXC317inGkvVCa11XEJjFW4jkmuhe6HEW72FUBQ_JK66rlBm0iC04E4Z3sSW8chd9MJgjONHvjB3EgLAHCAePp5AR6-vlDqYKzK9s0iGmvdMQm_v1HSAlrjm-Ys_X9Jy_UwU4?authuser=1&fife=s16383","true","200","image/png","89 50 4E 47","pending_browser_validation","recovered","/assets/images/investment/investment-LY-INV-000578-02.png"
"investment","فندق الشاطئ الذهبى","580","LY-INV-000580","https://mymaps.usercontent.google.com/hostedimage/m/*/3AE5a_GwJyMKjDDt_u_hL5bpaTMMWV4WlNfizBHn-b9JXoPvIMnfCUuCY6ogfeQQitVn0RsjKl8eKrwshVoK6b8f_LgsLCY0p8JvRX8zVzNEoUAs9wpHxnlxjxlBWFPj2BJClCf8xoKcGWaJluT6YC34Q74S82KrCkc6XAlxW-qzqxE8cvEuBJRCEe-c8K_6NEoGGPatULzFt6QLVbSskqxeuBGUtDFXN_KuUuHw_PrWMlMwJHYlVKQcA8DB0NnQ?authuser=1&fife=s16383","https://mymaps.usercontent.google.com/hostedimage/m/*/3AE5a_GwJyMKjDDt_u_hL5bpaTMMWV4WlNfizBHn-b9JXoPvIMnfCUuCY6ogfeQQitVn0RsjKl8eKrwshVoK6b8f_LgsLCY0p8JvRX8zVzNEoUAs9wpHxnlxjxlBWFPj2BJClCf8xoKcGWaJluT6YC34Q74S82KrCkc6XAlxW-qzqxE8cvEuBJRCEe-c8K_6NEoGGPatULzFt6QLVbSskqxeuBGUtDFXN_KuUuHw_PrWMlMwJHYlVKQcA8DB0NnQ?authuser=1&fife=s16383","true","200","image/png","89 50 4E 47","pending_browser_validation","recovered","/assets/images/investment/investment-LY-INV-000580-01.png"
"investment","فندق الصافي","581","LY-INV-000581","https://mymaps.usercontent.google.com/hostedimage/m/*/3AE5a_GyCw0lp3rskZQB05v9_yLTLiqBDoGKyQ6lY2VyqwMHJ5hZAzwMvgSgO7A5-MS5TwcG7CwYnXtfIlAILEL46YdKo2qsFk0pl6fzzUayW0ZEYG_GmX_u07JWM3fqq2kj9Jnps0C_U6cnF7KsUmgR0RoWsBjCKr-IKOC06zSHGXWjx0F1CL8xTMC9tr0Hjv2D_hYXq6jIRbr41q8nLHpEb-eTwXWSbNZ-ay7eQRTllMrMg9khkNEyOKbe3PFM?authuser=1&fife=s16383","https://mymaps.usercontent.google.com/hostedimage/m/*/3AE5a_GyCw0lp3rskZQB05v9_yLTLiqBDoGKyQ6lY2VyqwMHJ5hZAzwMvgSgO7A5-MS5TwcG7CwYnXtfIlAILEL46YdKo2qsFk0pl6fzzUayW0ZEYG_GmX_u07JWM3fqq2kj9Jnps0C_U6cnF7KsUmgR0RoWsBjCKr-IKOC06zSHGXWjx0F1CL8xTMC9tr0Hjv2D_hYXq6jIRbr41q8nLHpEb-eTwXWSbNZ-ay7eQRTllMrMg9khkNEyOKbe3PFM?authuser=1&fife=s16383","true","200","image/png","89 50 4E 47","pending_browser_validation","recovered","/assets/images/investment/investment-LY-INV-000581-01.png"
"investment","فندق الفصول الابعة 1","583","LY-INV-000583","https://mymaps.usercontent.google.com/hostedimage/m/*/3AE5a_GxHS7oVV0b3yhoGKIQmNWy-qs0UPhSTXc1ZOEr8ncFYCW0hBccNaS9PPt9l6ce7dM4tmTRW4TsE9WU3PP_uGPGFblv0StTq2gjeuMcwD_A_0BvcEmnYJiCcuPXWv2bDPUO_L2bBcG1xvgTUWOwRdX-QIzFpnN8U3EL5JiWrPm0_m71PXTXxoPDWF2mLtG9pJxzEK1GQDs6UBsdPylMBiCVtedGBYVZ0LrdPKCWZgpRwFsMyug0--z7FA7o?authuser=1&fife=s16383","https://mymaps.usercontent.google.com/hostedimage/m/*/3AE5a_GxHS7oVV0b3yhoGKIQmNWy-qs0UPhSTXc1ZOEr8ncFYCW0hBccNaS9PPt9l6ce7dM4tmTRW4TsE9WU3PP_uGPGFblv0StTq2gjeuMcwD_A_0BvcEmnYJiCcuPXWv2bDPUO_L2bBcG1xvgTUWOwRdX-QIzFpnN8U3EL5JiWrPm0_m71PXTXxoPDWF2mLtG9pJxzEK1GQDs6UBsdPylMBiCVtedGBYVZ0LrdPKCWZgpRwFsMyug0--z7FA7o?authuser=1&fife=s16383","true","200","image/png","89 50 4E 47","pending_browser_validation","recovered","/assets/images/investment/investment-LY-INV-000583-01.png"
"investment","فندق الغزالة","609","LY-INV-000609","https://mymaps.usercontent.google.com/hostedimage/m/*/3AE5a_GxcC1CijIHSWShxVEFiI4gLkF1MfNF4EZxtaWBuqaF2CaXxlUQuuviyhTpj1h2Eo8IsA0tbP7QHaxnrD5AZtWaThdXM3s4zmdOop3NF8391HbrxcQbm44gNHjArHZhHSrSr-HxQv0WJh5TQn7HdapelpTUBfOWEHR0wGGp0Ca3tlz1Q00LcPFqSzHW4rng-Gg1HF-6YeFVsHf9S5W6wyeRz5CuEIDYryqHmYJ-FFr2qwUKbFmRYlVySGU8?authuser=1&fife=s16383","https://mymaps.usercontent.google.com/hostedimage/m/*/3AE5a_GxcC1CijIHSWShxVEFiI4gLkF1MfNF4EZxtaWBuqaF2CaXxlUQuuviyhTpj1h2Eo8IsA0tbP7QHaxnrD5AZtWaThdXM3s4zmdOop3NF8391HbrxcQbm44gNHjArHZhHSrSr-HxQv0WJh5TQn7HdapelpTUBfOWEHR0wGGp0Ca3tlz1Q00LcPFqSzHW4rng-Gg1HF-6YeFVsHf9S5W6wyeRz5CuEIDYryqHmYJ-FFr2qwUKbFmRYlVySGU8?authuser=1&fife=s16383","true","200","image/png","89 50 4E 47","pending_browser_validation","recovered","/assets/images/investment/investment-LY-INV-000609-01.png"
"investment","فندق الديوان","611","LY-INV-000611","https://mymaps.usercontent.google.com/hostedimage/m/*/3AE5a_GwUcv4gwIDLCGo0oubR5VkCerY5eH-Yw9tSzqIIRp9456AYTWteBg1CiulRcfKkoyE-oRZD2gx9oB8GC8wHJiMvK7QkQ_bSaWuBsM0ZseFC-Eb4rZAIThKUnlzxaGJq3yLrbPO7BxDikTYZ9V0kTQcZKfTiBN3686P_t5Nx-K3f77m7-7urqGJn4A6xBf5piyJGVX2athv067m5WkWetwePGo4OCNsHwu5bGSkxivbj160OS7GGzywtX_U?authuser=1&fife=s16383","https://mymaps.usercontent.google.com/hostedimage/m/*/3AE5a_GwUcv4gwIDLCGo0oubR5VkCerY5eH-Yw9tSzqIIRp9456AYTWteBg1CiulRcfKkoyE-oRZD2gx9oB8GC8wHJiMvK7QkQ_bSaWuBsM0ZseFC-Eb4rZAIThKUnlzxaGJq3yLrbPO7BxDikTYZ9V0kTQcZKfTiBN3686P_t5Nx-K3f77m7-7urqGJn4A6xBf5piyJGVX2athv067m5WkWetwePGo4OCNsHwu5bGSkxivbj160OS7GGzywtX_U?authuser=1&fife=s16383","true","200","image/png","89 50 4E 47","pending_browser_validation","recovered","/assets/images/investment/investment-LY-INV-000611-01.png"
"investment","فندق الديوان","611","LY-INV-000611","https://mymaps.usercontent.google.com/hostedimage/m/*/3AE5a_GxcZDuHdH6OCemGEbdzyEtyHQFwd-WcXHNOfCEfyFsgo6leMTGF_orSZ-kGKHPmhF75kDvF1UlZM-okSDCZCq3L99sDL55jY-vVgAx7hSOoUMmkuUZr_XrBxcUTasN-x4b7s4B38qJ7r5Tq8E1uuiH43tcvH8ck7Q8ZhWI5rWYIB8FeG4SEfrO4gaAykAViMuTb86K6JBNmdOOF901vBKzvKTpvo6DKd2uaubcqhHY90C6GwOlpLEvLCW4?authuser=1&fife=s16383","https://mymaps.usercontent.google.com/hostedimage/m/*/3AE5a_GxcZDuHdH6OCemGEbdzyEtyHQFwd-WcXHNOfCEfyFsgo6leMTGF_orSZ-kGKHPmhF75kDvF1UlZM-okSDCZCq3L99sDL55jY-vVgAx7hSOoUMmkuUZr_XrBxcUTasN-x4b7s4B38qJ7r5Tq8E1uuiH43tcvH8ck7Q8ZhWI5rWYIB8FeG4SEfrO4gaAykAViMuTb86K6JBNmdOOF901vBKzvKTpvo6DKd2uaubcqhHY90C6GwOlpLEvLCW4?authuser=1&fife=s16383","true","200","image/png","89 50 4E 47","pending_browser_validation","recovered","/assets/images/investment/investment-LY-INV-000611-02.png"
"investment","فندق الديوان","611","LY-INV-000611","https://mymaps.usercontent.google.com/hostedimage/m/*/3AE5a_Gw4RYLtpkfTNDDJ0744uYTsrt0sEXmWZY35QCQoXbCScYlXoTz86KbNHVGoX2dm--aQxqnH91QVQffcqdkiJjIJ4pP-TAsm5vBpvJnK3HKBxZmv8hQidY9WnAc7A2UKkYvPU8wCo5f5c0Yo5ZkvkbjcaR2ejgL0AP1PAbE9EfoGSBhrlt4BzW0VDVJDTGhz-G2GPFi0fODcXuJgJ4fWpZcabO-ENp_J2Xt8CdEWNo3P-MiOUGaF-W0qSHY?authuser=1&fife=s16383","https://mymaps.usercontent.google.com/hostedimage/m/*/3AE5a_Gw4RYLtpkfTNDDJ0744uYTsrt0sEXmWZY35QCQoXbCScYlXoTz86KbNHVGoX2dm--aQxqnH91QVQffcqdkiJjIJ4pP-TAsm5vBpvJnK3HKBxZmv8hQidY9WnAc7A2UKkYvPU8wCo5f5c0Yo5ZkvkbjcaR2ejgL0AP1PAbE9EfoGSBhrlt4BzW0VDVJDTGhz-G2GPFi0fODcXuJgJ4fWpZcabO-ENp_J2Xt8CdEWNo3P-MiOUGaF-W0qSHY?authuser=1&fife=s16383","true","200","image/png","89 50 4E 47","pending_browser_validation","recovered","/assets/images/investment/investment-LY-INV-000611-03.png"
"investment","الحبايب","623","LY-INV-000623","https://mymaps.usercontent.google.com/hostedimage/m/*/3AE5a_GxMM9uchwoQe4duJhydZR8Q8SACJehI2_7g2J8cZq3D0uwAlQHrAEbK8EkXyULDt59k4v5exXemhHFZWN589bW_hSXtgPJwwY__kV0FOGi3sztUKKZIxQGxPrru9yXllFxuDyvevota8D2x3OvXv02OknZ0c31sRFQ9JWYa7YRWwSy_7eVLcD9SLyVt6z6WKr-lyUyPn5A1ZIlTebKHTii5k4xjcD4c5gNB0WOZl4xATrYLvNHtI1mHZU0?authuser=1&fife=s16383","https://mymaps.usercontent.google.com/hostedimage/m/*/3AE5a_GxMM9uchwoQe4duJhydZR8Q8SACJehI2_7g2J8cZq3D0uwAlQHrAEbK8EkXyULDt59k4v5exXemhHFZWN589bW_hSXtgPJwwY__kV0FOGi3sztUKKZIxQGxPrru9yXllFxuDyvevota8D2x3OvXv02OknZ0c31sRFQ9JWYa7YRWwSy_7eVLcD9SLyVt6z6WKr-lyUyPn5A1ZIlTebKHTii5k4xjcD4c5gNB0WOZl4xATrYLvNHtI1mHZU0?authuser=1&fife=s16383","true","200","image/png","89 50 4E 47","pending_browser_validation","recovered","/assets/images/investment/investment-LY-INV-000623-01.png"
"investment","الحبايب","623","LY-INV-000623","https://mymaps.usercontent.google.com/hostedimage/m/*/3AE5a_GzaGyWD7QMISGQFhvSXEcxp3urCtxMSgzy4--D-4iqGk5As41CWNx2v9GL22nu11NdgYG9rp-LREXSYuo9fubP9c_1Gqpg5OacSPxg4zwNK7VnC9vJOnjE80-FJX0XQTNqvAf_F8t0CnEAbBxKqGVDgrrUptB1eDTrHtbaUV26_CDkuR3oojOm6k7MDWXeZNUlgqDHX_AMSrDkX2q8FyR7fPWFbRP0uymTd97TxULx3_WOZp00suq0KUXM?authuser=1&fife=s16383","https://mymaps.usercontent.google.com/hostedimage/m/*/3AE5a_GzaGyWD7QMISGQFhvSXEcxp3urCtxMSgzy4--D-4iqGk5As41CWNx2v9GL22nu11NdgYG9rp-LREXSYuo9fubP9c_1Gqpg5OacSPxg4zwNK7VnC9vJOnjE80-FJX0XQTNqvAf_F8t0CnEAbBxKqGVDgrrUptB1eDTrHtbaUV26_CDkuR3oojOm6k7MDWXeZNUlgqDHX_AMSrDkX2q8FyR7fPWFbRP0uymTd97TxULx3_WOZp00suq0KUXM?authuser=1&fife=s16383","true","200","image/png","89 50 4E 47","pending_browser_validation","recovered","/assets/images/investment/investment-LY-INV-000623-02.png"
"investment","هوم بلازا_للشقق الفندقية","624","LY-INV-000624","https://mymaps.usercontent.google.com/hostedimage/m/*/3AE5a_GyYkvWhG-384oK5r5qG_wU5pCETWIaweFKMrmHz40FxxoAZ1Qr9g6bxZneGw4KJh9SZX6hVNSc35YRzoJL08o5Dx-B-DfCYxj5pKhoNtBMK-ZgQDwV2p0SlI9eZQv-VYQAqyTusvejtoMpk4pbU144wneemxV0yOGp3BF0h2fATAK3crd0J6W925Vo7SmgiU1rszBZx737b7IXPc_wLSYWalHOftOqEg-gNs5QzeCyWWJRFh6ZyGT9PJWI?authuser=1&fife=s16383","https://mymaps.usercontent.google.com/hostedimage/m/*/3AE5a_GyYkvWhG-384oK5r5qG_wU5pCETWIaweFKMrmHz40FxxoAZ1Qr9g6bxZneGw4KJh9SZX6hVNSc35YRzoJL08o5Dx-B-DfCYxj5pKhoNtBMK-ZgQDwV2p0SlI9eZQv-VYQAqyTusvejtoMpk4pbU144wneemxV0yOGp3BF0h2fATAK3crd0J6W925Vo7SmgiU1rszBZx737b7IXPc_wLSYWalHOftOqEg-gNs5QzeCyWWJRFh6ZyGT9PJWI?authuser=1&fife=s16383","true","200","image/png","89 50 4E 47","pending_browser_validation","recovered","/assets/images/investment/investment-LY-INV-000624-01.png"
"investment","فندق الرحال","625","LY-INV-000625","https://mymaps.usercontent.google.com/hostedimage/m/*/3AE5a_GygeGDXRbaj5npzys9qKvb1EWn06Z3RVaFb0oOMJNcqDrTDuxxGYnYv0lWVRIlju5VvNYz7A0DvSF1Kow2OvDpDF0q6-N_OROyNDS1kObGoBUQ8Z_Zkpzdv8fJiGM5K9mZFe1on3rc1y2r1LdORTNJaIB3qdSs_qAd74lh1a-4J0Ouib7IuT6pMOElWIUKssFj0dRHv_HzYWe1CPjnY6elIZz9vS1G-IWuAve6WE8FQbD5G1T-LEtKYUzA?authuser=1&fife=s16383","https://mymaps.usercontent.google.com/hostedimage/m/*/3AE5a_GygeGDXRbaj5npzys9qKvb1EWn06Z3RVaFb0oOMJNcqDrTDuxxGYnYv0lWVRIlju5VvNYz7A0DvSF1Kow2OvDpDF0q6-N_OROyNDS1kObGoBUQ8Z_Zkpzdv8fJiGM5K9mZFe1on3rc1y2r1LdORTNJaIB3qdSs_qAd74lh1a-4J0Ouib7IuT6pMOElWIUKssFj0dRHv_HzYWe1CPjnY6elIZz9vS1G-IWuAve6WE8FQbD5G1T-LEtKYUzA?authuser=1&fife=s16383","true","200","image/png","89 50 4E 47","pending_browser_validation","recovered","/assets/images/investment/investment-LY-INV-000625-01.png"
"investment","الوادي 2 للشقق الفندقية","626","LY-INV-000626","https://mymaps.usercontent.google.com/hostedimage/m/*/3AE5a_GxshXc2SNe4qPC-fq6mkfz15sCHqdWfS4-Mp4-2pdD9KO4nkDVXGk5g5FiB3mS7p4rU5gE_2bx-AtfSyALfpa7181sYTScfQd7Jc7J85xErbZTBjdS9dNWi5LsTsAMQ5Qpdsct9FNbxNtgpnRKPwY2X4lp7dWrGGza026OWI9VCKn6dNmAlYacxhCt7XL4ychyWypSw4MYUjPLSbwe4-nPSSmchDTxSBlgxwly8ns7Ptyo02eRxRLffCeA?authuser=1&fife=s16383","https://mymaps.usercontent.google.com/hostedimage/m/*/3AE5a_GxshXc2SNe4qPC-fq6mkfz15sCHqdWfS4-Mp4-2pdD9KO4nkDVXGk5g5FiB3mS7p4rU5gE_2bx-AtfSyALfpa7181sYTScfQd7Jc7J85xErbZTBjdS9dNWi5LsTsAMQ5Qpdsct9FNbxNtgpnRKPwY2X4lp7dWrGGza026OWI9VCKn6dNmAlYacxhCt7XL4ychyWypSw4MYUjPLSbwe4-nPSSmchDTxSBlgxwly8ns7Ptyo02eRxRLffCeA?authuser=1&fife=s16383","true","200","image/png","89 50 4E 47","pending_browser_validation","recovered","/assets/images/investment/investment-LY-INV-000626-01.png"
"investment","الأطلس للشقق الفندقية","627","LY-INV-000627","https://mymaps.usercontent.google.com/hostedimage/m/*/3AE5a_GyV4p9jE5AuqYhKQ4fNlVGAy_C1gVVXtneAT1yq08kMn4ueP6-JK1DErsDAguTS2S8g5erHvz8yVSA-399OAsH2HHQ80I4f-95jGjOXGXGmmKjph07qjw60zVaRVdcmCmxeEapyKkIW2R88-qDBolF-74GfJP_NH3bQqrt4igQSJjvGCDfvpicLU-8_4ss_yt7dla-FRqILdePaxMGaxfs8Y9aD_oLPanexJfHRy3MLu1FphuNoO7BimG4?authuser=1&fife=s16383","https://mymaps.usercontent.google.com/hostedimage/m/*/3AE5a_GyV4p9jE5AuqYhKQ4fNlVGAy_C1gVVXtneAT1yq08kMn4ueP6-JK1DErsDAguTS2S8g5erHvz8yVSA-399OAsH2HHQ80I4f-95jGjOXGXGmmKjph07qjw60zVaRVdcmCmxeEapyKkIW2R88-qDBolF-74GfJP_NH3bQqrt4igQSJjvGCDfvpicLU-8_4ss_yt7dla-FRqILdePaxMGaxfs8Y9aD_oLPanexJfHRy3MLu1FphuNoO7BimG4?authuser=1&fife=s16383","true","200","image/png","89 50 4E 47","pending_browser_validation","recovered","/assets/images/investment/investment-LY-INV-000627-01.png"
"investment","الأطلس للشقق الفندقية","627","LY-INV-000627","https://mymaps.usercontent.google.com/hostedimage/m/*/3AE5a_GxWDSKbj7xc7edpO3NK5bOUnFLea2gQKFUa9B3DmBGTXrdMx9Rsz3Wd5TyLI4QadNBbknL3csbfsYzo-MadL_FpBc8fd6UCaMC2K531m8bKAsfeu4Eh0jaYeuIdDmUOA7h6BZlmSLRC1XlGDz7MkUU4jOc0YNxinrKLOTSAyotxNL99nqXrmt1k1Yj3VFY-yzSq002-nom0QMunIJxBxDn1bBIcITMSeqikJ-6kUgkc2V9TClb0J9gKw4k?authuser=1&fife=s16383","https://mymaps.usercontent.google.com/hostedimage/m/*/3AE5a_GxWDSKbj7xc7edpO3NK5bOUnFLea2gQKFUa9B3DmBGTXrdMx9Rsz3Wd5TyLI4QadNBbknL3csbfsYzo-MadL_FpBc8fd6UCaMC2K531m8bKAsfeu4Eh0jaYeuIdDmUOA7h6BZlmSLRC1XlGDz7MkUU4jOc0YNxinrKLOTSAyotxNL99nqXrmt1k1Yj3VFY-yzSq002-nom0QMunIJxBxDn1bBIcITMSeqikJ-6kUgkc2V9TClb0J9gKw4k?authuser=1&fife=s16383","true","200","image/png","89 50 4E 47","pending_browser_validation","recovered","/assets/images/investment/investment-LY-INV-000627-02.png"
"investment","الفاخر للشقق الفندقية","628","LY-INV-000628","https://mymaps.usercontent.google.com/hostedimage/m/*/3AE5a_GxuWwPqeabeR0eJ3KhmAbkVuzDsZNP6_2x3JiZzfvpFvEjZtIn62ZAsOfVuZThtFO327j873ScNXiKGBLwobfKzKfRxclS3GWQdCPwtxgNxJC0yZx0dTwjlmfsDHf3DoNTqzCnJI6UWPtpyFfhX11hVxwjwPpoQZwa9_B1-VpC4Gk3OviXHlM5PyvzrNHGyBxAgkopy1lmmDH2qcKy39HohRfS6ZWPNF5UxSWgiynpQemr81Tfyl0IdHiw?authuser=1&fife=s16383","https://mymaps.usercontent.google.com/hostedimage/m/*/3AE5a_GxuWwPqeabeR0eJ3KhmAbkVuzDsZNP6_2x3JiZzfvpFvEjZtIn62ZAsOfVuZThtFO327j873ScNXiKGBLwobfKzKfRxclS3GWQdCPwtxgNxJC0yZx0dTwjlmfsDHf3DoNTqzCnJI6UWPtpyFfhX11hVxwjwPpoQZwa9_B1-VpC4Gk3OviXHlM5PyvzrNHGyBxAgkopy1lmmDH2qcKy39HohRfS6ZWPNF5UxSWgiynpQemr81Tfyl0IdHiw?authuser=1&fife=s16383","true","200","image/png","89 50 4E 47","pending_browser_validation","recovered","/assets/images/investment/investment-LY-INV-000628-01.png"
"investment","فندق بيزا السياحي","629","LY-INV-000629","https://mymaps.usercontent.google.com/hostedimage/m/*/3AE5a_GzaMRdNBztIonA4gWHAl3Z8gv1t9RzSxQXm2xIlA0nU2BdNXIvYqU6VhDSOrq8Neg9gfFVRxon14EhbJECqo14JFcTijCWC_sfKUANhzP_8tQxvQ5dueFID2veIYM3B6SH9kYLJSZIP55wul2lGzhG5cF-WG0fzDdEz7H0zG7_MQ7oN9PPN2jovbCOm2rcHIgrI1c0zrbfEBbHtSoJ6qfN4wUeopDY4-UUD0EtZG_nMUYnkG0I3CREIphE?authuser=1&fife=s16383","https://mymaps.usercontent.google.com/hostedimage/m/*/3AE5a_GzaMRdNBztIonA4gWHAl3Z8gv1t9RzSxQXm2xIlA0nU2BdNXIvYqU6VhDSOrq8Neg9gfFVRxon14EhbJECqo14JFcTijCWC_sfKUANhzP_8tQxvQ5dueFID2veIYM3B6SH9kYLJSZIP55wul2lGzhG5cF-WG0fzDdEz7H0zG7_MQ7oN9PPN2jovbCOm2rcHIgrI1c0zrbfEBbHtSoJ6qfN4wUeopDY4-UUD0EtZG_nMUYnkG0I3CREIphE?authuser=1&fife=s16383","true","200","image/png","89 50 4E 47","pending_browser_validation","recovered","/assets/images/investment/investment-LY-INV-000629-01.png"
"investment","فندق قوز التيك","630","LY-INV-000630","https://mymaps.usercontent.google.com/hostedimage/m/*/3AE5a_GweN6u49Q0q_11Ua8l5zel_ki08LKQGclkoLeuWE6j_MqXYNBpk_IUOGNJqxFG3OF6PDHM0l0gs8rfwQZ8eJ-iaH8dAdhnFmk4suUN1qFQIzcNK4q6k7MbSCMm2PzClMEimkKU1V7zCJzFSBKNTLgQPN6HMAceVJvyIHzga2NQIScsl2WfQwt2Jty156AIbKaMYgvfs-jy4WnzhuF3MwOhMjGHJL09eULMn6OTmxp41DDCIl_Y0Rc_6TQc?authuser=1&fife=s16383","https://mymaps.usercontent.google.com/hostedimage/m/*/3AE5a_GweN6u49Q0q_11Ua8l5zel_ki08LKQGclkoLeuWE6j_MqXYNBpk_IUOGNJqxFG3OF6PDHM0l0gs8rfwQZ8eJ-iaH8dAdhnFmk4suUN1qFQIzcNK4q6k7MbSCMm2PzClMEimkKU1V7zCJzFSBKNTLgQPN6HMAceVJvyIHzga2NQIScsl2WfQwt2Jty156AIbKaMYgvfs-jy4WnzhuF3MwOhMjGHJL09eULMn6OTmxp41DDCIl_Y0Rc_6TQc?authuser=1&fife=s16383","true","200","image/png","89 50 4E 47","pending_browser_validation","recovered","/assets/images/investment/investment-LY-INV-000630-01.png"
"investment","فندق قوز التيك","630","LY-INV-000630","https://mymaps.usercontent.google.com/hostedimage/m/*/3AE5a_GxbV_6JH9vp0PBBGAOOtvNxm_yuK4V4idaafkUOb8DgqnLbDsaKqrmbHZo3-V499_3DlrzO9SlCkcH52rJZ1o6Mfq5RfQgFeBHtUIsNgaQemijUTbdq95IJ9LmmOxxKZaCKsHKqfiHRlS_L7jW0bZb2GMURlqk3RR_34-6BVuVE2lKKTjEleIE3cL10b-d_DgQciqshwcrqloz8EerzmKxoLIVOwfETJlFbxu3CdULKNE0PQMbM-0jL7uM?authuser=1&fife=s16383","https://mymaps.usercontent.google.com/hostedimage/m/*/3AE5a_GxbV_6JH9vp0PBBGAOOtvNxm_yuK4V4idaafkUOb8DgqnLbDsaKqrmbHZo3-V499_3DlrzO9SlCkcH52rJZ1o6Mfq5RfQgFeBHtUIsNgaQemijUTbdq95IJ9LmmOxxKZaCKsHKqfiHRlS_L7jW0bZb2GMURlqk3RR_34-6BVuVE2lKKTjEleIE3cL10b-d_DgQciqshwcrqloz8EerzmKxoLIVOwfETJlFbxu3CdULKNE0PQMbM-0jL7uM?authuser=1&fife=s16383","true","200","image/png","89 50 4E 47","pending_browser_validation","recovered","/assets/images/investment/investment-LY-INV-000630-02.png"
"investment","فندق الشاطىء الذهبي","635","LY-INV-000635","https://mymaps.usercontent.google.com/hostedimage/m/*/3AE5a_GxavTMy8kviKBpwITwT0YroiKtcueApdAfpsu-BxcXjk5wT8gob757btKX0UVaklfJj4G1ttze-IM0_eaAa4Zsb9lccMAt7bMNwNLhTKFG3wyjKNI-fzATpsOMJ9vqmjQSMNiLPPgV0kzPWW_UjuwfZVHeA0VkMOhsToNudmRfgVez42WR1MOa7M1ut1WcBrv0VA0UQ0djUD9ACpXPZdfs7MVhAptypkv1-YEHyiTKyonF0RWndhzEeGbA?authuser=1&fife=s16383","https://mymaps.usercontent.google.com/hostedimage/m/*/3AE5a_GxavTMy8kviKBpwITwT0YroiKtcueApdAfpsu-BxcXjk5wT8gob757btKX0UVaklfJj4G1ttze-IM0_eaAa4Zsb9lccMAt7bMNwNLhTKFG3wyjKNI-fzATpsOMJ9vqmjQSMNiLPPgV0kzPWW_UjuwfZVHeA0VkMOhsToNudmRfgVez42WR1MOa7M1ut1WcBrv0VA0UQ0djUD9ACpXPZdfs7MVhAptypkv1-YEHyiTKyonF0RWndhzEeGbA?authuser=1&fife=s16383","true","200","image/png","89 50 4E 47","pending_browser_validation","recovered","/assets/images/investment/investment-LY-INV-000635-01.png"
"investment","فندق الشاطىء الذهبي","635","LY-INV-000635","https://mymaps.usercontent.google.com/hostedimage/m/*/3AE5a_Gw3-RVeY0i_zIQAyiUWUfsLK61ubSeWs1KLyd7SgmrfKzIR1pcJK5cHi__-XaYK6MFQ4Xi-8HuAkpN3kpY64xr6_QU007h_Nn1e3yEpGf5q-o1SLyRLVqv2PN_vMKw1852KTJiA8F7JFO0MUkRLqzohY8-c57txzxMy2LW3mzYIKeauy-mhbOi_tchiwDYyC56HWuP8XPFo50viSBhUTsZ_NYROYFlvrRbWRByGIO0XS8uzSRgWPE7QFTQ?authuser=1&fife=s16383","https://mymaps.usercontent.google.com/hostedimage/m/*/3AE5a_Gw3-RVeY0i_zIQAyiUWUfsLK61ubSeWs1KLyd7SgmrfKzIR1pcJK5cHi__-XaYK6MFQ4Xi-8HuAkpN3kpY64xr6_QU007h_Nn1e3yEpGf5q-o1SLyRLVqv2PN_vMKw1852KTJiA8F7JFO0MUkRLqzohY8-c57txzxMy2LW3mzYIKeauy-mhbOi_tchiwDYyC56HWuP8XPFo50viSBhUTsZ_NYROYFlvrRbWRByGIO0XS8uzSRgWPE7QFTQ?authuser=1&fife=s16383","true","200","image/png","89 50 4E 47","pending_browser_validation","recovered","/assets/images/investment/investment-LY-INV-000635-02.png"
"investment","فندق الشاطىء الذهبي","635","LY-INV-000635","https://mymaps.usercontent.google.com/hostedimage/m/*/3AE5a_GzrGj9H8486c7DsyUBZsdxTuL2CHcaSw3CktNWYg11QdwPU0kYumTj5R8tYvckhglUpkjnHNZLtfYG5AIf1KEIVswNKZVNIlu1XLKOWWJpc5uEX0cpIxXF7E_VlOhjhFQdhoiyuVjtnVZcFX_O23WQmX0UNJWCWpKRrkxi5EIZ3_j9tB7w98-8i56-kQA3B3rQu1rviGrFRFEa_4RbX3LdFoQe0V5FN_NEZjLH2iDmVm4yFhQSLmCxJ-_o?authuser=1&fife=s16383","https://mymaps.usercontent.google.com/hostedimage/m/*/3AE5a_GzrGj9H8486c7DsyUBZsdxTuL2CHcaSw3CktNWYg11QdwPU0kYumTj5R8tYvckhglUpkjnHNZLtfYG5AIf1KEIVswNKZVNIlu1XLKOWWJpc5uEX0cpIxXF7E_VlOhjhFQdhoiyuVjtnVZcFX_O23WQmX0UNJWCWpKRrkxi5EIZ3_j9tB7w98-8i56-kQA3B3rQu1rviGrFRFEa_4RbX3LdFoQe0V5FN_NEZjLH2iDmVm4yFhQSLmCxJ-_o?authuser=1&fife=s16383","true","200","image/png","89 50 4E 47","pending_browser_validation","recovered","/assets/images/investment/investment-LY-INV-000635-03.png"
"investment","فندق الشاطىء الذهبي","635","LY-INV-000635","https://mymaps.usercontent.google.com/hostedimage/m/*/3AE5a_Gwtk0Hk_VzVFb_b1OoaF0isDUjJdyabdBBBnhMwmdxfEGugGU1gCx1Zqwdg4DZPyYptZpuNohJItaC3cYX1GLitU2-bszqm8ZsxkbHO0_Kq0w-fwTmmTIR0SaORFO9qwt6nxZv35xGneKBrZwXLWqKnTm9p2iz13lC1nFISQt5plHvvPaoFES87HHQrHmj2TyWFBB8oikcRdkYzHm--dlBkdIdkaZJz_cg4cuxe9nIqoHF8M72xDcg-hF8?authuser=1&fife=s16383","https://mymaps.usercontent.google.com/hostedimage/m/*/3AE5a_Gwtk0Hk_VzVFb_b1OoaF0isDUjJdyabdBBBnhMwmdxfEGugGU1gCx1Zqwdg4DZPyYptZpuNohJItaC3cYX1GLitU2-bszqm8ZsxkbHO0_Kq0w-fwTmmTIR0SaORFO9qwt6nxZv35xGneKBrZwXLWqKnTm9p2iz13lC1nFISQt5plHvvPaoFES87HHQrHmj2TyWFBB8oikcRdkYzHm--dlBkdIdkaZJz_cg4cuxe9nIqoHF8M72xDcg-hF8?authuser=1&fife=s16383","true","200","image/png","89 50 4E 47","pending_browser_validation","recovered","/assets/images/investment/investment-LY-INV-000635-04.png"
"investment","فندق الشاطىء الذهبي","635","LY-INV-000635","https://mymaps.usercontent.google.com/hostedimage/m/*/3AE5a_Gw2CKs3lEVqD2IUFEIp1GlrIjHyXPiU77FWBE5SadlmnqJvrNFCqt4yD2CWFYHpN2nqb0J9sFt9-dc0KE5nD_dK0_XSuuOLgIzFpDFe1kVPjJDoZiziST3dpkKTMqvsup2VxJfHh1v1PL_osNQVIq4EWpMpM0KQdEXeu6hEzV-UMenIOrySX_rEBC7BTULUdcUt0dO8vNcncWYRl8J0Mw8gdK9sHbOf9MVz8fph95fFsgjflxb0m3GjcFs?authuser=1&fife=s16383","https://mymaps.usercontent.google.com/hostedimage/m/*/3AE5a_Gw2CKs3lEVqD2IUFEIp1GlrIjHyXPiU77FWBE5SadlmnqJvrNFCqt4yD2CWFYHpN2nqb0J9sFt9-dc0KE5nD_dK0_XSuuOLgIzFpDFe1kVPjJDoZiziST3dpkKTMqvsup2VxJfHh1v1PL_osNQVIq4EWpMpM0KQdEXeu6hEzV-UMenIOrySX_rEBC7BTULUdcUt0dO8vNcncWYRl8J0Mw8gdK9sHbOf9MVz8fph95fFsgjflxb0m3GjcFs?authuser=1&fife=s16383","true","200","image/png","89 50 4E 47","pending_browser_validation","recovered","/assets/images/investment/investment-LY-INV-000635-05.png"
"investment","فندق الراحة اجدابيا","639","LY-INV-000639","https://mymaps.usercontent.google.com/hostedimage/m/*/3AE5a_GweTb3Qwvwj1t3_pfAf0WBdZqfXLjxo4J1mn7ZbsQ83RGI3IkmOHiY3q3mTI7L28YDACV90vH-JlKKm_Ud-MxG4OP2Z4xJYO_8cBipo1ewscgMBV1xYvdT53vfuUebXxE5vIBNKdq-t4V1XGVQwzWU4SfxBjWnZhvBkd-tcf8XuO5GCv7igtUqYeVheLTtYY_5UwacWxfHLXWDXGSAa_k4t7T3Zxh636S92zxeDNVvdO48uupdPhh_SgQE?authuser=1&fife=s16383","https://mymaps.usercontent.google.com/hostedimage/m/*/3AE5a_GweTb3Qwvwj1t3_pfAf0WBdZqfXLjxo4J1mn7ZbsQ83RGI3IkmOHiY3q3mTI7L28YDACV90vH-JlKKm_Ud-MxG4OP2Z4xJYO_8cBipo1ewscgMBV1xYvdT53vfuUebXxE5vIBNKdq-t4V1XGVQwzWU4SfxBjWnZhvBkd-tcf8XuO5GCv7igtUqYeVheLTtYY_5UwacWxfHLXWDXGSAa_k4t7T3Zxh636S92zxeDNVvdO48uupdPhh_SgQE?authuser=1&fife=s16383","true","200","image/png","89 50 4E 47","pending_browser_validation","recovered","/assets/images/investment/investment-LY-INV-000639-01.png"
"investment","فندق الراحة اجدابيا","639","LY-INV-000639","https://mymaps.usercontent.google.com/hostedimage/m/*/3AE5a_GzcMQCp-JtwweeezzeQVFLEOGCCeyvptanG6XgqTJRyO04Rl0IaegueQFXJbM0NqdKb4JRvs_2ibtiSQpVt4k3NVPr-xBmndFvEcLVXTycrJ4XEQw7AcDxQOZt_2Zb29TN8zsIwp5LXH8uFoye0FP8twC8wBLqf6oC_SlcIw9ohC0Uz8gP2qeZiKMcBHU8653CbmtGY2k_MZuv1aadXR5Hz0swL0OmYOZIIX6QlQNH8AKG9VcpQJqWQj14?authuser=1&fife=s16383","https://mymaps.usercontent.google.com/hostedimage/m/*/3AE5a_GzcMQCp-JtwweeezzeQVFLEOGCCeyvptanG6XgqTJRyO04Rl0IaegueQFXJbM0NqdKb4JRvs_2ibtiSQpVt4k3NVPr-xBmndFvEcLVXTycrJ4XEQw7AcDxQOZt_2Zb29TN8zsIwp5LXH8uFoye0FP8twC8wBLqf6oC_SlcIw9ohC0Uz8gP2qeZiKMcBHU8653CbmtGY2k_MZuv1aadXR5Hz0swL0OmYOZIIX6QlQNH8AKG9VcpQJqWQj14?authuser=1&fife=s16383","true","200","image/png","89 50 4E 47","pending_browser_validation","recovered","/assets/images/investment/investment-LY-INV-000639-02.png"
"investment","فندق الراحة اجدابيا","639","LY-INV-000639","https://mymaps.usercontent.google.com/hostedimage/m/*/3AE5a_GwLgF8yWBFkX3d177fGCrue3gYlPfn9XC0noStLyNMFzgap3oZZ5Otl57-PEKEyGm79ZECYBcD6CbiZTsvchAUZK8aZxtDxFd7iBIdaWV7FlgFEc58mTUtAfMTbDFFGrteFrR6_3Yh-iOIyRK2a0ZYmVRWkvKT150dzb3aoq540oW6Y1V1Q5YsqacBRljQP1rjOAr5c5qTlRy_zxBQVrwZk00ARkYLVXVSwoveIZ12U-4IjmJb-8YcoMgM?authuser=1&fife=s16383","https://mymaps.usercontent.google.com/hostedimage/m/*/3AE5a_GwLgF8yWBFkX3d177fGCrue3gYlPfn9XC0noStLyNMFzgap3oZZ5Otl57-PEKEyGm79ZECYBcD6CbiZTsvchAUZK8aZxtDxFd7iBIdaWV7FlgFEc58mTUtAfMTbDFFGrteFrR6_3Yh-iOIyRK2a0ZYmVRWkvKT150dzb3aoq540oW6Y1V1Q5YsqacBRljQP1rjOAr5c5qTlRy_zxBQVrwZk00ARkYLVXVSwoveIZ12U-4IjmJb-8YcoMgM?authuser=1&fife=s16383","true","200","image/png","89 50 4E 47","pending_browser_validation","recovered","/assets/images/investment/investment-LY-INV-000639-03.png"
"investment","عمار او المجد للشقق الفندقية","640","LY-INV-000640","https://mymaps.usercontent.google.com/hostedimage/m/*/3AE5a_GyiypJPJAv4WJS22NeeTBK6nf_LDD1WoO2TqxvGpGOYPotHZpdmNKJ6aLJIzxKqsB_2sT5gTZ3MIaOJVpWHGEFSZh-eIbTpiuB4NxLIQK26PIT7xWtrxJPsfTy2-eKADmGdZTo904kjqGh5AwF6ovxq_PpaH6ihcTLwbKWSA6b8yfqLtVbt7iqNtBmQp6HIl1iqtHQHrvd9u9tclYOJsUyk-m-sRBAq4QN-PXsbv_eKsmjhVf5aCpnvC4Q?authuser=1&fife=s16383","https://mymaps.usercontent.google.com/hostedimage/m/*/3AE5a_GyiypJPJAv4WJS22NeeTBK6nf_LDD1WoO2TqxvGpGOYPotHZpdmNKJ6aLJIzxKqsB_2sT5gTZ3MIaOJVpWHGEFSZh-eIbTpiuB4NxLIQK26PIT7xWtrxJPsfTy2-eKADmGdZTo904kjqGh5AwF6ovxq_PpaH6ihcTLwbKWSA6b8yfqLtVbt7iqNtBmQp6HIl1iqtHQHrvd9u9tclYOJsUyk-m-sRBAq4QN-PXsbv_eKsmjhVf5aCpnvC4Q?authuser=1&fife=s16383","true","200","image/png","89 50 4E 47","pending_browser_validation","recovered","/assets/images/investment/investment-LY-INV-000640-01.png"
"investment","عمار او المجد للشقق الفندقية","640","LY-INV-000640","https://mymaps.usercontent.google.com/hostedimage/m/*/3AE5a_GzALB3BHmslp5Vkyw0p-6yWyXICTXCeTfbElatEaZ43qqC1j0xBdGgo0dYOrPmTXRgs1wzPEzIEQd7pgH1Rfw-N9nUaS7nT8sJJvjPIQ-yjkuNth3K_tP3jWeCC17TCoq3ez3cpt6Kfwyh80Cju3LVnz2dpL6w-Fw9br0Yd5llfiCQl6rf-E3S0z0olqKwda9A01fbr3FEQarrKyFb7qg3NPuzn2YV7GzDMriJ-YrrpjrZOFr7MFyM6JHA?authuser=1&fife=s16383","https://mymaps.usercontent.google.com/hostedimage/m/*/3AE5a_GzALB3BHmslp5Vkyw0p-6yWyXICTXCeTfbElatEaZ43qqC1j0xBdGgo0dYOrPmTXRgs1wzPEzIEQd7pgH1Rfw-N9nUaS7nT8sJJvjPIQ-yjkuNth3K_tP3jWeCC17TCoq3ez3cpt6Kfwyh80Cju3LVnz2dpL6w-Fw9br0Yd5llfiCQl6rf-E3S0z0olqKwda9A01fbr3FEQarrKyFb7qg3NPuzn2YV7GzDMriJ-YrrpjrZOFr7MFyM6JHA?authuser=1&fife=s16383","true","200","image/png","89 50 4E 47","pending_browser_validation","recovered","/assets/images/investment/investment-LY-INV-000640-02.png"
"investment","عمار او المجد للشقق الفندقية","640","LY-INV-000640","https://mymaps.usercontent.google.com/hostedimage/m/*/3AE5a_Gw8CmJ7XcdlAmOw568g3oIzwdkTNgUaixVt2x6-y-rkbn5d6odFjn9CVi40q2F5pgGks2h6e5_Q12uQaHvLTkFkfcFpF4sgI7I8djbRjg7BXtARanvIgT3SVrIBOEny4JaGIXmhId068oRyG8Z1Hl6qpzNViQEzxcP7TEenbcFJU7fMsNv2Lbn-JHTqhm6-YvLPgGteZDdhn4dd6CkzxmaQ4lIbIh86FLpV30R9OAOHb0jWAzQA4D7h7rE?authuser=1&fife=s16383","https://mymaps.usercontent.google.com/hostedimage/m/*/3AE5a_Gw8CmJ7XcdlAmOw568g3oIzwdkTNgUaixVt2x6-y-rkbn5d6odFjn9CVi40q2F5pgGks2h6e5_Q12uQaHvLTkFkfcFpF4sgI7I8djbRjg7BXtARanvIgT3SVrIBOEny4JaGIXmhId068oRyG8Z1Hl6qpzNViQEzxcP7TEenbcFJU7fMsNv2Lbn-JHTqhm6-YvLPgGteZDdhn4dd6CkzxmaQ4lIbIh86FLpV30R9OAOHb0jWAzQA4D7h7rE?authuser=1&fife=s16383","true","200","image/png","89 50 4E 47","pending_browser_validation","recovered","/assets/images/investment/investment-LY-INV-000640-03.png"
"investment","فندق مزايا اجدابيا","641","LY-INV-000641","https://mymaps.usercontent.google.com/hostedimage/m/*/3AE5a_GzhlrCbbeHVW9UYUtC3CChr1ORObeTIWnBQAnhgjS5vV9SATLps0qAXoB0gz1MAsIq6NF0880wKX5d6-DnA_QmuoK1mu8rd6_CjYutfYyD_3ltghlEVs2dvWf622tlhs4aK5DiamhAt182i2O0mM8gKC5cjkTWt8egaaeYMPJVZaKD6NsYxVzlP_V1G8bQxoAj2bMZT-ksGXOP5UqHP_fDcx6krFL21SogUcEvzIxXkKjS2Wvq6-GiQVz8?authuser=1&fife=s16383","https://mymaps.usercontent.google.com/hostedimage/m/*/3AE5a_GzhlrCbbeHVW9UYUtC3CChr1ORObeTIWnBQAnhgjS5vV9SATLps0qAXoB0gz1MAsIq6NF0880wKX5d6-DnA_QmuoK1mu8rd6_CjYutfYyD_3ltghlEVs2dvWf622tlhs4aK5DiamhAt182i2O0mM8gKC5cjkTWt8egaaeYMPJVZaKD6NsYxVzlP_V1G8bQxoAj2bMZT-ksGXOP5UqHP_fDcx6krFL21SogUcEvzIxXkKjS2Wvq6-GiQVz8?authuser=1&fife=s16383","true","200","image/png","89 50 4E 47","pending_browser_validation","recovered","/assets/images/investment/investment-LY-INV-000641-01.png"
"investment","فندق مزايا اجدابيا","641","LY-INV-000641","https://mymaps.usercontent.google.com/hostedimage/m/*/3AE5a_GzsCQulspxljuSCYaOgZc78rFKA1xp8q552YGrpzaqEektlx326-Yno1Cw2RQJkRa_bdUpvuGsa-tDk06vyA6ZmILPsyQ8ixnc0sZ6dIE-9DKvsNZYHyhgoIDUdZgJHxvdgX7wbExGedR9eHLVuhK2Klpzp6h9AsfbiAiXrCrziy7KyM5VJVT7Yahq94pOhA-sbW6ZMzmaQXgnzYGQKDU2rnES5eUiiMRJx5gZbzcPtoQ1iK6ifjK__vXA?authuser=1&fife=s16383","https://mymaps.usercontent.google.com/hostedimage/m/*/3AE5a_GzsCQulspxljuSCYaOgZc78rFKA1xp8q552YGrpzaqEektlx326-Yno1Cw2RQJkRa_bdUpvuGsa-tDk06vyA6ZmILPsyQ8ixnc0sZ6dIE-9DKvsNZYHyhgoIDUdZgJHxvdgX7wbExGedR9eHLVuhK2Klpzp6h9AsfbiAiXrCrziy7KyM5VJVT7Yahq94pOhA-sbW6ZMzmaQXgnzYGQKDU2rnES5eUiiMRJx5gZbzcPtoQ1iK6ifjK__vXA?authuser=1&fife=s16383","true","200","image/png","89 50 4E 47","pending_browser_validation","recovered","/assets/images/investment/investment-LY-INV-000641-02.png"
"investment","فندق مزايا اجدابيا","641","LY-INV-000641","https://mymaps.usercontent.google.com/hostedimage/m/*/3AE5a_GyihFvKIt2wJoR8jcE4LcaxorMb7qVeU6oiMIXKuiv9_Er3iV5mODYHcS0b0O9RgIYvg1Ie43rZmjYau3uRnGpC0X-nG5_xu67zOSRxhPYnLH3PMcQ1H647WWxwmROq8FdIM8--gS7xoBa59-D1KIN27vkMcSrX8A50jjpVNd9KuNuQdMoSQjHS7bwVEQh9wILdH0NKo2c4ejGqP_YG_ZVx62AY-CjEoNm0aMDBZitAnUKhMtWoXFkMkRg?authuser=1&fife=s16383","https://mymaps.usercontent.google.com/hostedimage/m/*/3AE5a_GyihFvKIt2wJoR8jcE4LcaxorMb7qVeU6oiMIXKuiv9_Er3iV5mODYHcS0b0O9RgIYvg1Ie43rZmjYau3uRnGpC0X-nG5_xu67zOSRxhPYnLH3PMcQ1H647WWxwmROq8FdIM8--gS7xoBa59-D1KIN27vkMcSrX8A50jjpVNd9KuNuQdMoSQjHS7bwVEQh9wILdH0NKo2c4ejGqP_YG_ZVx62AY-CjEoNm0aMDBZitAnUKhMtWoXFkMkRg?authuser=1&fife=s16383","true","200","image/png","89 50 4E 47","pending_browser_validation","recovered","/assets/images/investment/investment-LY-INV-000641-03.png"
"investment","فندق التوجان السياحي","642","LY-INV-000642","https://mymaps.usercontent.google.com/hostedimage/m/*/3AE5a_GyqdcEfHFXUyUBNle8jXpuSNTnlwnftD27J3v2qEnXZrCy2ySPGLsWRCsLSba2y9uHU-p9wpksoutfGuGUZSaNBKZh6xGF90VGcr_dv2i3M6sMFs7lSPA_oUiy8zn2yeI80n5Kaw3aAbqW05CNyHU39k210ZZFjCZFzx566ca1INSlvATBrSDyNhUggvn24Ba0aAJrG3nGjpxKAEk0eycx74vWj5ysx7bXDk0CK31BmGS1mjLm1zkh-xUk?authuser=1&fife=s16383","https://mymaps.usercontent.google.com/hostedimage/m/*/3AE5a_GyqdcEfHFXUyUBNle8jXpuSNTnlwnftD27J3v2qEnXZrCy2ySPGLsWRCsLSba2y9uHU-p9wpksoutfGuGUZSaNBKZh6xGF90VGcr_dv2i3M6sMFs7lSPA_oUiy8zn2yeI80n5Kaw3aAbqW05CNyHU39k210ZZFjCZFzx566ca1INSlvATBrSDyNhUggvn24Ba0aAJrG3nGjpxKAEk0eycx74vWj5ysx7bXDk0CK31BmGS1mjLm1zkh-xUk?authuser=1&fife=s16383","true","200","image/png","89 50 4E 47","pending_browser_validation","recovered","/assets/images/investment/investment-LY-INV-000642-01.png"
"investment","فندق التوجان السياحي","642","LY-INV-000642","https://mymaps.usercontent.google.com/hostedimage/m/*/3AE5a_Gz5Ej5jCcq6eT2bNx-7xiu1wnqwe10SHESIzBM24T0Y3KdCbWQrNDckp6gNx3QGW24ewYqFlyB3-fuIbi_uOno4wyZhqQJEuE4jBBYmZl_MUxtW7LQ8XGwTjg50bXrTYh_IIA23_pnCSxE8vkToN8Lt4pMWYmvzJk51Z8DS9-hMQBeNKcSMUCaNz2O_L9s7vjaj_hk-ZZuzPGKMFPJ8gCAu_uEG4xPJlnrxi6X00SgswLowRB7CwPMhfs4?authuser=1&fife=s16383","https://mymaps.usercontent.google.com/hostedimage/m/*/3AE5a_Gz5Ej5jCcq6eT2bNx-7xiu1wnqwe10SHESIzBM24T0Y3KdCbWQrNDckp6gNx3QGW24ewYqFlyB3-fuIbi_uOno4wyZhqQJEuE4jBBYmZl_MUxtW7LQ8XGwTjg50bXrTYh_IIA23_pnCSxE8vkToN8Lt4pMWYmvzJk51Z8DS9-hMQBeNKcSMUCaNz2O_L9s7vjaj_hk-ZZuzPGKMFPJ8gCAu_uEG4xPJlnrxi6X00SgswLowRB7CwPMhfs4?authuser=1&fife=s16383","true","200","image/png","89 50 4E 47","pending_browser_validation","recovered","/assets/images/investment/investment-LY-INV-000642-02.png"
"investment","فندق التوجان السياحي","642","LY-INV-000642","https://mymaps.usercontent.google.com/hostedimage/m/*/3AE5a_Gxs0C8THctc2wUM21BDvfAqVjBRpmEq7dgondtEk_gIaAaXu8JD8L7WgPf0Qdtdy0N4bTV1XPCBm8YSBJq0iX1Bm3LMh6Sxg8iSURS5mFVvu56pBomjz6mOyEtM0FhwIsZm2K90cw-H7uVge-eVuYDD1u4KKdxb98V0hBm0hXKCiWYIddhtWuDO9M8HcA70NtICCeENIUi016zWa6bs_Rfaej0cWQ4a1_EZ93BWNxsQwDMRhaP7gHrJgdY?authuser=1&fife=s16383","https://mymaps.usercontent.google.com/hostedimage/m/*/3AE5a_Gxs0C8THctc2wUM21BDvfAqVjBRpmEq7dgondtEk_gIaAaXu8JD8L7WgPf0Qdtdy0N4bTV1XPCBm8YSBJq0iX1Bm3LMh6Sxg8iSURS5mFVvu56pBomjz6mOyEtM0FhwIsZm2K90cw-H7uVge-eVuYDD1u4KKdxb98V0hBm0hXKCiWYIddhtWuDO9M8HcA70NtICCeENIUi016zWa6bs_Rfaej0cWQ4a1_EZ93BWNxsQwDMRhaP7gHrJgdY?authuser=1&fife=s16383","true","200","image/png","89 50 4E 47","pending_browser_validation","recovered","/assets/images/investment/investment-LY-INV-000642-03.png"
"investment","نزل وقاعة الهاشمي","643","LY-INV-000643","https://mymaps.usercontent.google.com/hostedimage/m/*/3AE5a_GylxbxP9TIycU_m6Y2RYWFTx-F4sQ3qfXM4P6ygrqVTUQ5D0tPReOLdz9RKIve-k7_bIeHh2dq5cDRxEBt9ui52ZWsJ-H7L1JR9sNZruxzY7UTrEzrU2PDL8cljJUY6IgxM8S3nG8-YoiDrGGwEr9LwB3TCro5J7JzSOHyUbVVgfA3S1-Bt8qazY2k_7JBau1uA8jeuoVn41DRSLi41EJdEE7BSA2iMZ1VV-7G0yr0m3S4N8bu30dH_pVs?authuser=1&fife=s16383","https://mymaps.usercontent.google.com/hostedimage/m/*/3AE5a_GylxbxP9TIycU_m6Y2RYWFTx-F4sQ3qfXM4P6ygrqVTUQ5D0tPReOLdz9RKIve-k7_bIeHh2dq5cDRxEBt9ui52ZWsJ-H7L1JR9sNZruxzY7UTrEzrU2PDL8cljJUY6IgxM8S3nG8-YoiDrGGwEr9LwB3TCro5J7JzSOHyUbVVgfA3S1-Bt8qazY2k_7JBau1uA8jeuoVn41DRSLi41EJdEE7BSA2iMZ1VV-7G0yr0m3S4N8bu30dH_pVs?authuser=1&fife=s16383","true","200","image/png","89 50 4E 47","pending_browser_validation","recovered","/assets/images/investment/investment-LY-INV-000643-01.png"
"investment","نزل وقاعة زهرة الخليج","644","LY-INV-000644","https://mymaps.usercontent.google.com/hostedimage/m/*/3AE5a_Gygmh_txGhFoWaSCrZ3ifLPH8S5D58cX29qzhBvTTbyff9a8PgdJe-CwoUBx-eRBXRB4MePwh9JS8hDvZRNhsMvNEQKlINKtv2qevB6xp1-OoXQih6mXUegMBroRKv-EpD07C_jD2Fb-7w-4E7hnnkO-HwJbisVTJ5mKJihWqXV6Nh30fOVFntP8ur1MqC0LMZE-rOMC7W7tZGE4aO1KM8HxIvNMHyfHKxHHMlbIKhwmNYSPvM6GkLG0Lo?authuser=1&fife=s16383","https://mymaps.usercontent.google.com/hostedimage/m/*/3AE5a_Gygmh_txGhFoWaSCrZ3ifLPH8S5D58cX29qzhBvTTbyff9a8PgdJe-CwoUBx-eRBXRB4MePwh9JS8hDvZRNhsMvNEQKlINKtv2qevB6xp1-OoXQih6mXUegMBroRKv-EpD07C_jD2Fb-7w-4E7hnnkO-HwJbisVTJ5mKJihWqXV6Nh30fOVFntP8ur1MqC0LMZE-rOMC7W7tZGE4aO1KM8HxIvNMHyfHKxHHMlbIKhwmNYSPvM6GkLG0Lo?authuser=1&fife=s16383","true","200","image/png","89 50 4E 47","pending_browser_validation","recovered","/assets/images/investment/investment-LY-INV-000644-01.png"
"investment","نزل وقاعة زهرة الخليج","644","LY-INV-000644","https://mymaps.usercontent.google.com/hostedimage/m/*/3AE5a_Gw-_2dK5k3knUe5wR7HZtvKf0TAkxJqkYofrAm38uaSx3NJaJ2Qm-B2uB-nZMH9fah8Wqr8rTS8qutgnL8_BTdXEebtV9VsXdkqWFeg2jjg02EUh6Sh_NgpIUpYkxZq0umv_mtoLLnuws9WhvGEA_TGkBDCmuaW8B-Vz8Y37vHPrD6BH9qDdBE2ZeEdJIPcI2MBWR7RV-inYo1yViTWNNPb7wMeyR-JFa08IJySIr-ILLt4CBb0fquf1nA?authuser=1&fife=s16383","https://mymaps.usercontent.google.com/hostedimage/m/*/3AE5a_Gw-_2dK5k3knUe5wR7HZtvKf0TAkxJqkYofrAm38uaSx3NJaJ2Qm-B2uB-nZMH9fah8Wqr8rTS8qutgnL8_BTdXEebtV9VsXdkqWFeg2jjg02EUh6Sh_NgpIUpYkxZq0umv_mtoLLnuws9WhvGEA_TGkBDCmuaW8B-Vz8Y37vHPrD6BH9qDdBE2ZeEdJIPcI2MBWR7RV-inYo1yViTWNNPb7wMeyR-JFa08IJySIr-ILLt4CBb0fquf1nA?authuser=1&fife=s16383","true","200","image/png","89 50 4E 47","pending_browser_validation","recovered","/assets/images/investment/investment-LY-INV-000644-02.png"
"investment","نزل وقاعة زهرة الخليج","644","LY-INV-000644","https://mymaps.usercontent.google.com/hostedimage/m/*/3AE5a_GxcmzG_bIUeHtvSm5SbDcJIP0y29XqPaRronGBjplIw2soD5PLPiSjgcyJrpfCXU3r-Z5AlIWUh0oFFbCygYnN25YZeDzD5J9gkzil3jyttHk1MnibPScuRiubaQohF7aCuj-PiM2hqSA5q3Jts-vZyIWrvZYg45hCExPMl2wpc91vggX11bueOFvbUecxaAqk8fpY-6mKc5Ulf5M6tEJ_puusws2cqntrrOn3_RXJKQ_qDXICE1nfzQ5w?authuser=1&fife=s16383","https://mymaps.usercontent.google.com/hostedimage/m/*/3AE5a_GxcmzG_bIUeHtvSm5SbDcJIP0y29XqPaRronGBjplIw2soD5PLPiSjgcyJrpfCXU3r-Z5AlIWUh0oFFbCygYnN25YZeDzD5J9gkzil3jyttHk1MnibPScuRiubaQohF7aCuj-PiM2hqSA5q3Jts-vZyIWrvZYg45hCExPMl2wpc91vggX11bueOFvbUecxaAqk8fpY-6mKc5Ulf5M6tEJ_puusws2cqntrrOn3_RXJKQ_qDXICE1nfzQ5w?authuser=1&fife=s16383","true","200","image/png","89 50 4E 47","pending_browser_validation","recovered","/assets/images/investment/investment-LY-INV-000644-03.png"
"investment","الهضبة للشقق الفندقية","645","LY-INV-000645","https://mymaps.usercontent.google.com/hostedimage/m/*/3AE5a_Gyub_we_B0_yUV3Xfkj-eM_u2E3f2gRK3zBP3IagEqhps5dyIg99jvU_uIWx1wn7xRsKGgYXU4pyorzw5w48gr2sKAgUeIX3Bns31FCz4ZTSoOBD7y3arMFwEchkV-V1-3XyKm8GXG-AYdRsUxrv-0lPN5ukFmSNKDYaQa0AEd51jx923L81E4UXbbkVBbwmoAlv3WtEK1S-EoyYBIg6tQ9gluDV2HzvKBVdm4prRr52nfMLTHR3KeyNi0?authuser=1&fife=s16383","https://mymaps.usercontent.google.com/hostedimage/m/*/3AE5a_Gyub_we_B0_yUV3Xfkj-eM_u2E3f2gRK3zBP3IagEqhps5dyIg99jvU_uIWx1wn7xRsKGgYXU4pyorzw5w48gr2sKAgUeIX3Bns31FCz4ZTSoOBD7y3arMFwEchkV-V1-3XyKm8GXG-AYdRsUxrv-0lPN5ukFmSNKDYaQa0AEd51jx923L81E4UXbbkVBbwmoAlv3WtEK1S-EoyYBIg6tQ9gluDV2HzvKBVdm4prRr52nfMLTHR3KeyNi0?authuser=1&fife=s16383","true","200","image/png","89 50 4E 47","pending_browser_validation","recovered","/assets/images/investment/investment-LY-INV-000645-01.png"
"investment","الهضبة للشقق الفندقية","645","LY-INV-000645","https://mymaps.usercontent.google.com/hostedimage/m/*/3AE5a_Gw2wvY0w44Fgeuw_YkhtiySjRSPl50h3Qvpv8ZMsGKuC8jm2RgEBFAZqqMoG3Zu_3D7lCWzC3WCYDWqnrXBapwL53u9F34ju0NP7fynzPOHgu9cBYVJRKO56ZuKMS9cZnAQPVu9gChe3fqLGRWxEUYEDFkNvFpbhqTGq4PF1568MT1Yo_pjunYfyNZDd2FZb8JEp3imAAVcYBrhhg4QY2N9681NCGz8FP9EkRNWpwsXQWZ39NQRiEQmaVQ?authuser=1&fife=s16383","https://mymaps.usercontent.google.com/hostedimage/m/*/3AE5a_Gw2wvY0w44Fgeuw_YkhtiySjRSPl50h3Qvpv8ZMsGKuC8jm2RgEBFAZqqMoG3Zu_3D7lCWzC3WCYDWqnrXBapwL53u9F34ju0NP7fynzPOHgu9cBYVJRKO56ZuKMS9cZnAQPVu9gChe3fqLGRWxEUYEDFkNvFpbhqTGq4PF1568MT1Yo_pjunYfyNZDd2FZb8JEp3imAAVcYBrhhg4QY2N9681NCGz8FP9EkRNWpwsXQWZ39NQRiEQmaVQ?authuser=1&fife=s16383","true","200","image/png","89 50 4E 47","pending_browser_validation","recovered","/assets/images/investment/investment-LY-INV-000645-02.png"
"investment","الهضبة للشقق الفندقية","645","LY-INV-000645","https://mymaps.usercontent.google.com/hostedimage/m/*/3AE5a_GzSLJbUDL41q9pFGZ1s948MosRyLkN-7FHti3pZ6miFdSTnt2jvtMK0yxY8TPCHRFoMABVzIoxmoCoJ-MjELvJV5Z5Tz_YUZ8d5oUvCs0JX7sBQE5z-cqqn7rMBKSgit8xq6ALQ18A-nyDVOtAppG_3PZrUyei4U0V_lgfimbIfFo4f2PGfA_Kwt_XVXhPEkCxFK9LxlwpyZeMWJ17krzq7A5MHud6qRjQ1H_01uIEWuqKBaen3tB-gAnQ?authuser=1&fife=s16383","https://mymaps.usercontent.google.com/hostedimage/m/*/3AE5a_GzSLJbUDL41q9pFGZ1s948MosRyLkN-7FHti3pZ6miFdSTnt2jvtMK0yxY8TPCHRFoMABVzIoxmoCoJ-MjELvJV5Z5Tz_YUZ8d5oUvCs0JX7sBQE5z-cqqn7rMBKSgit8xq6ALQ18A-nyDVOtAppG_3PZrUyei4U0V_lgfimbIfFo4f2PGfA_Kwt_XVXhPEkCxFK9LxlwpyZeMWJ17krzq7A5MHud6qRjQ1H_01uIEWuqKBaen3tB-gAnQ?authuser=1&fife=s16383","true","200","image/png","89 50 4E 47","pending_browser_validation","recovered","/assets/images/investment/investment-LY-INV-000645-03.png"
"investment","الامان للشقق الفندقية","646","LY-INV-000646","https://mymaps.usercontent.google.com/hostedimage/m/*/3AE5a_Gxsorwu3g6iLUfsTLNiJm0jqwrLuK78Jv66VF5tKPwzIk9uQTO-p8bQVio9v31YbkDbl5xwfMERnetvBt9znfzXHz2Yoy05SqGvysT6R-cuZQSQbt3akmU3JC00QYbITqErup_nacTmcaqS8bQLllclBrvW4bHA_Vz17GUSHDNaU-426Ma2X8KIQ51N_nZuk_8_sb8TsQb_2jUZgZTEPqOR5ZZEiVUZlpYisaUHdLsvay4eP_1GL8aqACo?authuser=1&fife=s16383","https://mymaps.usercontent.google.com/hostedimage/m/*/3AE5a_Gxsorwu3g6iLUfsTLNiJm0jqwrLuK78Jv66VF5tKPwzIk9uQTO-p8bQVio9v31YbkDbl5xwfMERnetvBt9znfzXHz2Yoy05SqGvysT6R-cuZQSQbt3akmU3JC00QYbITqErup_nacTmcaqS8bQLllclBrvW4bHA_Vz17GUSHDNaU-426Ma2X8KIQ51N_nZuk_8_sb8TsQb_2jUZgZTEPqOR5ZZEiVUZlpYisaUHdLsvay4eP_1GL8aqACo?authuser=1&fife=s16383","true","200","image/png","89 50 4E 47","pending_browser_validation","recovered","/assets/images/investment/investment-LY-INV-000646-01.png"
"investment","الامان للشقق الفندقية","646","LY-INV-000646","https://mymaps.usercontent.google.com/hostedimage/m/*/3AE5a_GwrtoFs43YNht2tUj1_ZOwaGPfOWtd0jX0Rc1jr7RIAE6iU_qPngyBJRdv_KsnVRSM3CMo3v3wzza3HLVQUFNqlTf5DkL8Tk1Hfin1Sgzr_F_7symW814zuhPusRI4QOUfAad2eKe15XB6NapbEsHnFZOPDVcYpLKg6pQZ8MqCIHynGvucqNmDWLpVLjsqLIeagCGi4CCHiOL4LitHIXlI6jweKm0P_ZdBSZR56gdWEuYHah8krVfAbn3I?authuser=1&fife=s16383","https://mymaps.usercontent.google.com/hostedimage/m/*/3AE5a_GwrtoFs43YNht2tUj1_ZOwaGPfOWtd0jX0Rc1jr7RIAE6iU_qPngyBJRdv_KsnVRSM3CMo3v3wzza3HLVQUFNqlTf5DkL8Tk1Hfin1Sgzr_F_7symW814zuhPusRI4QOUfAad2eKe15XB6NapbEsHnFZOPDVcYpLKg6pQZ8MqCIHynGvucqNmDWLpVLjsqLIeagCGi4CCHiOL4LitHIXlI6jweKm0P_ZdBSZR56gdWEuYHah8krVfAbn3I?authuser=1&fife=s16383","true","200","image/png","89 50 4E 47","pending_browser_validation","recovered","/assets/images/investment/investment-LY-INV-000646-02.png"
"investment","نزل ماريا MARIYA","647","LY-INV-000647","https://mymaps.usercontent.google.com/hostedimage/m/*/3AE5a_GyMkr1zJT2elPmIkb86aoD8BRuvZa6-qNRa9RlDNJj0OpPCYYOXKaG0xhWfJQ6_uC9WVV2yDRSaabYtJYJuD7FDGAVBFq-gHF9CnXwwhaL2kStLwVR1QY8U61zfabgRpUzVf8-Zz-bqZQ5MvFvO9Rufd8UVN-WK1Kt2FO37UnwaNw-d4iaT8yZHgsEya3igKJ-PJcC2yO3-wR2c2MMsE9AuMmzUqqNme6E04EI3JmWBtF1p-In-_3d5ZAw?authuser=1&fife=s16383","https://mymaps.usercontent.google.com/hostedimage/m/*/3AE5a_GyMkr1zJT2elPmIkb86aoD8BRuvZa6-qNRa9RlDNJj0OpPCYYOXKaG0xhWfJQ6_uC9WVV2yDRSaabYtJYJuD7FDGAVBFq-gHF9CnXwwhaL2kStLwVR1QY8U61zfabgRpUzVf8-Zz-bqZQ5MvFvO9Rufd8UVN-WK1Kt2FO37UnwaNw-d4iaT8yZHgsEya3igKJ-PJcC2yO3-wR2c2MMsE9AuMmzUqqNme6E04EI3JmWBtF1p-In-_3d5ZAw?authuser=1&fife=s16383","true","200","image/png","89 50 4E 47","pending_browser_validation","recovered","/assets/images/investment/investment-LY-INV-000647-01.png"
"investment","نزل ماريا MARIYA","647","LY-INV-000647","https://mymaps.usercontent.google.com/hostedimage/m/*/3AE5a_Gz36i2_pgp85LW1bsV53qGVTx7jhtHFC7Z1owA2ToBh6DlXtwTjf4LNXHJkGEhYW87X6d5OVOXN8Z4f1ZsoPUzx2tL4sJPQQGZWvV9rCPtNWUQ8HGXKWtyJ0m7G993m9VPLnP5DW7Z7Hvn1m6VU-8O8HVFUdnMhOmpzhuo7Av-ZHE1hKGfJxpN92XqgxT_SGKCeZQPL9IHSKo5b-4l0Gunvt7h5sR4Qek3pxtaAjvFsmzXwSLef90m_BEk?authuser=1&fife=s16383","https://mymaps.usercontent.google.com/hostedimage/m/*/3AE5a_Gz36i2_pgp85LW1bsV53qGVTx7jhtHFC7Z1owA2ToBh6DlXtwTjf4LNXHJkGEhYW87X6d5OVOXN8Z4f1ZsoPUzx2tL4sJPQQGZWvV9rCPtNWUQ8HGXKWtyJ0m7G993m9VPLnP5DW7Z7Hvn1m6VU-8O8HVFUdnMhOmpzhuo7Av-ZHE1hKGfJxpN92XqgxT_SGKCeZQPL9IHSKo5b-4l0Gunvt7h5sR4Qek3pxtaAjvFsmzXwSLef90m_BEk?authuser=1&fife=s16383","true","200","image/png","89 50 4E 47","pending_browser_validation","recovered","/assets/images/investment/investment-LY-INV-000647-02.png"
"investment","نزل ماريا MARIYA","647","LY-INV-000647","https://mymaps.usercontent.google.com/hostedimage/m/*/3AE5a_Gy9lutgzZ-we9JN16WNn8vVmioPRPhvChmFDw_KSuZkBTt-9R5FWY8Nhxm1RxIWrIt1Cry5CVc3EFQxmOCvNG297mSuzeXrU5GZpdUykSaMRbLtg0MbWQpOibfguwzHgF6gOwoN3ogGwsmIrnix8TFe8uLg8ScoHvOFMKeUdrzQVcMkeBuQe4s1nhIRQdn-HRodJ43rwqC61eWCk-VERtHz86ZeyAEvbIQeGcQherhpOpCjemjdGnQxlqU?authuser=1&fife=s16383","https://mymaps.usercontent.google.com/hostedimage/m/*/3AE5a_Gy9lutgzZ-we9JN16WNn8vVmioPRPhvChmFDw_KSuZkBTt-9R5FWY8Nhxm1RxIWrIt1Cry5CVc3EFQxmOCvNG297mSuzeXrU5GZpdUykSaMRbLtg0MbWQpOibfguwzHgF6gOwoN3ogGwsmIrnix8TFe8uLg8ScoHvOFMKeUdrzQVcMkeBuQe4s1nhIRQdn-HRodJ43rwqC61eWCk-VERtHz86ZeyAEvbIQeGcQherhpOpCjemjdGnQxlqU?authuser=1&fife=s16383","true","200","image/png","89 50 4E 47","pending_browser_validation","recovered","/assets/images/investment/investment-LY-INV-000647-03.png"
"investment","فندق الرابطة","648","LY-INV-000648","https://mymaps.usercontent.google.com/hostedimage/m/*/3AE5a_GxUPACuHoD3L8ozSVNyysfrjX5zT5zDdRVGo_ScgAO3j2rQ9MPA8QNYNsgNvvGWuijA4iMAUXDE-_CPXf-fvUyxljA5l2mmuPiCXSUa24WsfsEVYixVtmOmSissI_pdnlg-6I1EpuMX0xP4MBFYt3MRhN3DGi7ju_Lwtevb_rwK3cOZKsTyoD0opFrvNIgE5jh3klXWyjdrB-LPzEewrtsmh-9HvoCCN-Ku4VRKP8MHwciWdTZ-kFvH-bU?authuser=1&fife=s16383","https://mymaps.usercontent.google.com/hostedimage/m/*/3AE5a_GxUPACuHoD3L8ozSVNyysfrjX5zT5zDdRVGo_ScgAO3j2rQ9MPA8QNYNsgNvvGWuijA4iMAUXDE-_CPXf-fvUyxljA5l2mmuPiCXSUa24WsfsEVYixVtmOmSissI_pdnlg-6I1EpuMX0xP4MBFYt3MRhN3DGi7ju_Lwtevb_rwK3cOZKsTyoD0opFrvNIgE5jh3klXWyjdrB-LPzEewrtsmh-9HvoCCN-Ku4VRKP8MHwciWdTZ-kFvH-bU?authuser=1&fife=s16383","true","200","image/png","89 50 4E 47","pending_browser_validation","recovered","/assets/images/investment/investment-LY-INV-000648-01.png"
"investment","فندق غريان السياحي","650","LY-INV-000650","https://mymaps.usercontent.google.com/hostedimage/m/*/3AE5a_GxHyqQoLLBLyBfnhGJbLPVP1_zdKTgnUs09Il4JRW-zPWhTlPU4QQj3IV-L3TwFXkl0QpDnWwUEeLC_cttNgvOt_0WDrKgRTVZ9Bci9MTrbLk4b2GjoTC78RysVebLUoZcnAajcryxZNdA1mwLGL5EwisZNn2G4i5opcqEfKzVO2LXAZilVJvuYlVbm0Fi0vik4NpzXbRn9y8xEphbZqp1HchlMsfOCUiE1GkXJkzhX8YgkjGajABqlhTw?authuser=1&fife=s16383","https://mymaps.usercontent.google.com/hostedimage/m/*/3AE5a_GxHyqQoLLBLyBfnhGJbLPVP1_zdKTgnUs09Il4JRW-zPWhTlPU4QQj3IV-L3TwFXkl0QpDnWwUEeLC_cttNgvOt_0WDrKgRTVZ9Bci9MTrbLk4b2GjoTC78RysVebLUoZcnAajcryxZNdA1mwLGL5EwisZNn2G4i5opcqEfKzVO2LXAZilVJvuYlVbm0Fi0vik4NpzXbRn9y8xEphbZqp1HchlMsfOCUiE1GkXJkzhX8YgkjGajABqlhTw?authuser=1&fife=s16383","true","200","image/png","89 50 4E 47","pending_browser_validation","recovered","/assets/images/investment/investment-LY-INV-000650-01.png"
"investment","فندق غريان السياحي","650","LY-INV-000650","https://mymaps.usercontent.google.com/hostedimage/m/*/3AE5a_GxzMxvUfl_7fTVoGwzWZsnjkY2Uw_eoGon16AUMl6jcGsffJS3BMJWsmhSOlHirhycNPGnpeOxuYOJqRey0glk_ejcPBSzUOgYUTfZlVbZb13KhSq56DyvgnK-dFT1oQfX_xwICVO65ORxV96KLwro9Fe_xHftoCpVF7DawVPRdROyjjFfGpWbM29uV46ZsdIexru3gTFZisto-_WPPgXNjPMtJ1LBqbcChszRM_SlKkqT3uN_6qdxZqS8?authuser=1&fife=s16383","https://mymaps.usercontent.google.com/hostedimage/m/*/3AE5a_GxzMxvUfl_7fTVoGwzWZsnjkY2Uw_eoGon16AUMl6jcGsffJS3BMJWsmhSOlHirhycNPGnpeOxuYOJqRey0glk_ejcPBSzUOgYUTfZlVbZb13KhSq56DyvgnK-dFT1oQfX_xwICVO65ORxV96KLwro9Fe_xHftoCpVF7DawVPRdROyjjFfGpWbM29uV46ZsdIexru3gTFZisto-_WPPgXNjPMtJ1LBqbcChszRM_SlKkqT3uN_6qdxZqS8?authuser=1&fife=s16383","true","200","image/png","89 50 4E 47","pending_browser_validation","recovered","/assets/images/investment/investment-LY-INV-000650-02.png"
"investment","فندق غريان السياحي","650","LY-INV-000650","https://mymaps.usercontent.google.com/hostedimage/m/*/3AE5a_Gx19nd_Al8RYCzjxjvNeW9ZvknyLKfdo4uQmXgsthNc7D_8SNW8fByUY2kSL6HKuy9GvePF3EBbvrhYh4eUyiDTzZwqL3-2zuH1JbrQ4jWNfMakei00m1NzUNzWXbHrI8kUMv_DUgJNRyYfw_7uDcwlA4Boloyk0ooyl0f3bGbgpTcfj9QD8KK34GiXM114vGeBeM643uK2QnS43SmfRqeVO9tI3_Z16vUqKTrSc7a9v8C-L5W9v7zB4rE?authuser=1&fife=s16383","https://mymaps.usercontent.google.com/hostedimage/m/*/3AE5a_Gx19nd_Al8RYCzjxjvNeW9ZvknyLKfdo4uQmXgsthNc7D_8SNW8fByUY2kSL6HKuy9GvePF3EBbvrhYh4eUyiDTzZwqL3-2zuH1JbrQ4jWNfMakei00m1NzUNzWXbHrI8kUMv_DUgJNRyYfw_7uDcwlA4Boloyk0ooyl0f3bGbgpTcfj9QD8KK34GiXM114vGeBeM643uK2QnS43SmfRqeVO9tI3_Z16vUqKTrSc7a9v8C-L5W9v7zB4rE?authuser=1&fife=s16383","true","200","image/png","89 50 4E 47","pending_browser_validation","recovered","/assets/images/investment/investment-LY-INV-000650-03.png"
"investment","فندق روايال  غريان","651","LY-INV-000651","https://mymaps.usercontent.google.com/hostedimage/m/*/3AE5a_Gz70PCrzc6aVDFiOkPtacKpxX6X-sKee7UpTUhj2tqjm_Ux3ErvIHA-BrLg7gP3c9Yok7ank4MKoHNT-2MHD6mIGT3g3-DwFE6epV9e6Pqem8JKRq750dL6WfCnGbrHp-MuY3itmrFjNFvKSLHYgM80URZubjQsXX-5rKqBynOyvZwiRXvceQK9_hQnx9Ayq8xAiaXll8ZmRJplTe7uu11QB8_u3KNthnqebQuwLSUi57AaHiFuqA0aztQ?authuser=1&fife=s16383","https://mymaps.usercontent.google.com/hostedimage/m/*/3AE5a_Gz70PCrzc6aVDFiOkPtacKpxX6X-sKee7UpTUhj2tqjm_Ux3ErvIHA-BrLg7gP3c9Yok7ank4MKoHNT-2MHD6mIGT3g3-DwFE6epV9e6Pqem8JKRq750dL6WfCnGbrHp-MuY3itmrFjNFvKSLHYgM80URZubjQsXX-5rKqBynOyvZwiRXvceQK9_hQnx9Ayq8xAiaXll8ZmRJplTe7uu11QB8_u3KNthnqebQuwLSUi57AaHiFuqA0aztQ?authuser=1&fife=s16383","true","200","image/png","89 50 4E 47","pending_browser_validation","recovered","/assets/images/investment/investment-LY-INV-000651-01.png"
"investment","فندق روايال  غريان","651","LY-INV-000651","https://mymaps.usercontent.google.com/hostedimage/m/*/3AE5a_Gz9mjZQ2a3N54QH0GRvshEHzwrvMufxWIim7CgDw1P32VqJCWwwvXVgt2rn9LIX-DnqBaOVkj4vhaGROQskJlCP50q4kqBqVxngquuKT9oflL03cuLcN1eWl3FZgrmEUuKW44MTkESV4Cy8JyHzZWI9Y_6n1coMTGIzZVNhLB8RoPIkl3MkBewvyoSbskX8IEarrzXlEJ-BYzhR4OEx5eiBTX6K8jml0xKTebMfhoNqLKk5B6psmEvjoC8?authuser=1&fife=s16383","https://mymaps.usercontent.google.com/hostedimage/m/*/3AE5a_Gz9mjZQ2a3N54QH0GRvshEHzwrvMufxWIim7CgDw1P32VqJCWwwvXVgt2rn9LIX-DnqBaOVkj4vhaGROQskJlCP50q4kqBqVxngquuKT9oflL03cuLcN1eWl3FZgrmEUuKW44MTkESV4Cy8JyHzZWI9Y_6n1coMTGIzZVNhLB8RoPIkl3MkBewvyoSbskX8IEarrzXlEJ-BYzhR4OEx5eiBTX6K8jml0xKTebMfhoNqLKk5B6psmEvjoC8?authuser=1&fife=s16383","true","200","image/png","89 50 4E 47","pending_browser_validation","recovered","/assets/images/investment/investment-LY-INV-000651-02.png"
"investment","فندق روايال  غريان","651","LY-INV-000651","https://mymaps.usercontent.google.com/hostedimage/m/*/3AE5a_GwSNVAg2yS7J54mp3tqYeIng_vMj02G5EAaY56l38Rb2rmip55zHga5dpnZ587nBnTy11nvFEPjLcrhT8d6ll0irqjvKa5L1SjpmFHDG6HfMD5cNl09BcrzSmLvOWOoGvRvDZM_1kyJESnYiKnsvnBV0Tkir7Dcd0nWyKT5Q9dRoyMDS8yfbmbc5CH-r1bnwBaapzXPoFYnYruJyhDzvqm1Axz2nVYFunsw2N2I1TAy4dIdFAnic8fOaIE?authuser=1&fife=s16383","https://mymaps.usercontent.google.com/hostedimage/m/*/3AE5a_GwSNVAg2yS7J54mp3tqYeIng_vMj02G5EAaY56l38Rb2rmip55zHga5dpnZ587nBnTy11nvFEPjLcrhT8d6ll0irqjvKa5L1SjpmFHDG6HfMD5cNl09BcrzSmLvOWOoGvRvDZM_1kyJESnYiKnsvnBV0Tkir7Dcd0nWyKT5Q9dRoyMDS8yfbmbc5CH-r1bnwBaapzXPoFYnYruJyhDzvqm1Axz2nVYFunsw2N2I1TAy4dIdFAnic8fOaIE?authuser=1&fife=s16383","true","200","image/png","89 50 4E 47","pending_browser_validation","recovered","/assets/images/investment/investment-LY-INV-000651-03.png"
"investment","فندق روايال  غريان","651","LY-INV-000651","https://mymaps.usercontent.google.com/hostedimage/m/*/3AE5a_Gw3W5spLTq-_UP2cY45oZiy5trcWLkrl8IXBWMd9QQEzr1aaJV5-9_lTvx0npGEbeu7rVFvQe_aTRJqm2jwcCfpjBKmevIvlFMtkRdf17HQTs1VJ4dgO_rH2RwyBgk2pTtYyWmCBfjZI5AVxRciqZy-xefmetmgSsqz9-LNkWoEOMyAFqJqoru31286bJrrovQyq-4YLa451c_wX6UN3TLUcvBcx8lFIwKoed8GLfGFOT8YJ4o3ab99Dik?authuser=1&fife=s16383","https://mymaps.usercontent.google.com/hostedimage/m/*/3AE5a_Gw3W5spLTq-_UP2cY45oZiy5trcWLkrl8IXBWMd9QQEzr1aaJV5-9_lTvx0npGEbeu7rVFvQe_aTRJqm2jwcCfpjBKmevIvlFMtkRdf17HQTs1VJ4dgO_rH2RwyBgk2pTtYyWmCBfjZI5AVxRciqZy-xefmetmgSsqz9-LNkWoEOMyAFqJqoru31286bJrrovQyq-4YLa451c_wX6UN3TLUcvBcx8lFIwKoed8GLfGFOT8YJ4o3ab99Dik?authuser=1&fife=s16383","true","200","image/png","89 50 4E 47","pending_browser_validation","recovered","/assets/images/investment/investment-LY-INV-000651-04.png"
"investment","فندق حوش بوغنوش","652","LY-INV-000652","https://mymaps.usercontent.google.com/hostedimage/m/*/3AE5a_GylGBvOkEy2SuxuRAunfv6G4G-rfdaPzVnfocvFXcf8lB5jQF76Hej3N3gJl63erlTUsbxDko5FUS3YRxw_ptraXuOZuXlDo28T44K61Z7Yx7WYMH9trAX9BpV54yqcvfiDKtJ5rhDNzdNN0bpVaq-v7_hgzwPib3eSOuawT3l6o-fOYu1bbW31LiSBfZKZV5s7_eldsUiGM63iqPKTFBuCRiBiQnjOIgewtzaKU9r17Y2aQuiWGIudKxY?authuser=1&fife=s16383","https://mymaps.usercontent.google.com/hostedimage/m/*/3AE5a_GylGBvOkEy2SuxuRAunfv6G4G-rfdaPzVnfocvFXcf8lB5jQF76Hej3N3gJl63erlTUsbxDko5FUS3YRxw_ptraXuOZuXlDo28T44K61Z7Yx7WYMH9trAX9BpV54yqcvfiDKtJ5rhDNzdNN0bpVaq-v7_hgzwPib3eSOuawT3l6o-fOYu1bbW31LiSBfZKZV5s7_eldsUiGM63iqPKTFBuCRiBiQnjOIgewtzaKU9r17Y2aQuiWGIudKxY?authuser=1&fife=s16383","true","200","image/png","89 50 4E 47","pending_browser_validation","recovered","/assets/images/investment/investment-LY-INV-000652-01.png"
"investment","فندق حوش بوغنوش","652","LY-INV-000652","https://mymaps.usercontent.google.com/hostedimage/m/*/3AE5a_GyNjDSuRhqfFwregU6U_FTw86yDz5F-yCWRlZZY3Wom_PMlJ1r0xRAZPUdS8POpceW9hu-1ASLfhyKzSJPFLqalcngVdMwVM1-7uR6FZLf_G2lDkSfsF8CyFQTw1mNAhV2b2i1t2NVotI8dY60uX9QVzfnzl_YcRAA80iKYuqFKy7Gm_up9wqufGwW96CZL90pIVYi1HHz2UWWqDPIRNMI45q--gFap8PfItDytXDP6g-0ounoJ4eSQ_pw?authuser=1&fife=s16383","https://mymaps.usercontent.google.com/hostedimage/m/*/3AE5a_GyNjDSuRhqfFwregU6U_FTw86yDz5F-yCWRlZZY3Wom_PMlJ1r0xRAZPUdS8POpceW9hu-1ASLfhyKzSJPFLqalcngVdMwVM1-7uR6FZLf_G2lDkSfsF8CyFQTw1mNAhV2b2i1t2NVotI8dY60uX9QVzfnzl_YcRAA80iKYuqFKy7Gm_up9wqufGwW96CZL90pIVYi1HHz2UWWqDPIRNMI45q--gFap8PfItDytXDP6g-0ounoJ4eSQ_pw?authuser=1&fife=s16383","true","200","image/png","89 50 4E 47","pending_browser_validation","recovered","/assets/images/investment/investment-LY-INV-000652-02.png"
"investment","فندق حوش بوغنوش","652","LY-INV-000652","https://mymaps.usercontent.google.com/hostedimage/m/*/3AE5a_GxSwwVnpjYORYWEp1zymFm3lzKHVhVJ5zaeZeJI5-fw4jgNQ4HieJkp1VDNNm5LUA56qHIIxp29iL39xY1eavuw7USTgDMnNQCrx6T84YNCRrMBejfIb6Kwd5v1d_tL2H_Z0QrBNZoqv3XZboyqjeFCzjrmclyHGulQmwUQj6vS29B6pQkH_HC6QtmpZiorEj0wY6v39iW4NDIBvB2gF4kOIT-LZcd_GDDFeKO3IDZqLdKz_Y_W_Q-PwbU?authuser=1&fife=s16383","https://mymaps.usercontent.google.com/hostedimage/m/*/3AE5a_GxSwwVnpjYORYWEp1zymFm3lzKHVhVJ5zaeZeJI5-fw4jgNQ4HieJkp1VDNNm5LUA56qHIIxp29iL39xY1eavuw7USTgDMnNQCrx6T84YNCRrMBejfIb6Kwd5v1d_tL2H_Z0QrBNZoqv3XZboyqjeFCzjrmclyHGulQmwUQj6vS29B6pQkH_HC6QtmpZiorEj0wY6v39iW4NDIBvB2gF4kOIT-LZcd_GDDFeKO3IDZqLdKz_Y_W_Q-PwbU?authuser=1&fife=s16383","true","200","image/png","89 50 4E 47","pending_browser_validation","recovered","/assets/images/investment/investment-LY-INV-000652-03.png"
"investment","فندق حوش بوغنوش","652","LY-INV-000652","https://mymaps.usercontent.google.com/hostedimage/m/*/3AE5a_GyuyzG7pbiPSsnZM1VvWx_x0emJydeaRvHRWi7xrB-w3gDoRObPoLK8KgKEiV6dMLJMuz4nRMOorO6iSDEeo_zgUiXJQS7_SDyDZHrW9e4IpP5ym3r7pYspn2x1oGTuwUwfTgIW9kbJip_nuAvl9G9D22Ng7GtYukISPUIPkfK1a3iTumFzeAkD3ekva9xZpoDqdGdTS2bzIzGLSaVa7XnvPauYr3w3xJ2yg9J2kM0DaGx6TOVecwTywgU?authuser=1&fife=s16383","https://mymaps.usercontent.google.com/hostedimage/m/*/3AE5a_GyuyzG7pbiPSsnZM1VvWx_x0emJydeaRvHRWi7xrB-w3gDoRObPoLK8KgKEiV6dMLJMuz4nRMOorO6iSDEeo_zgUiXJQS7_SDyDZHrW9e4IpP5ym3r7pYspn2x1oGTuwUwfTgIW9kbJip_nuAvl9G9D22Ng7GtYukISPUIPkfK1a3iTumFzeAkD3ekva9xZpoDqdGdTS2bzIzGLSaVa7XnvPauYr3w3xJ2yg9J2kM0DaGx6TOVecwTywgU?authuser=1&fife=s16383","true","200","image/png","89 50 4E 47","pending_browser_validation","recovered","/assets/images/investment/investment-LY-INV-000652-04.png"
"investment","فندق اللؤلؤة السياحي البضاء","653","LY-INV-000653","https://mymaps.usercontent.google.com/hostedimage/m/*/3AE5a_GyPehXO6eE5S8h-WGdaRQ2yMbkPwoqSU__LlHHPOfqn89WZNP7M9QBj2Z-KM0VoGopumeg8YusimDXPdKUVgn4Po7ZC6zsSjytIl9ATRCR2QHZOX_CEzlbM1tLSBqt3T-9MEI5J8MCysCQB-avmNOFQoNsXK_hxJ6d9QFoinCDBGSQ__IXRSXAlhoivRpBSH-gA3JC7dQXyvg6J6aUqULH2rExz0icOnEy0_QynaoiSChFnnQ4u4ZAkggA?authuser=1&fife=s16383","https://mymaps.usercontent.google.com/hostedimage/m/*/3AE5a_GyPehXO6eE5S8h-WGdaRQ2yMbkPwoqSU__LlHHPOfqn89WZNP7M9QBj2Z-KM0VoGopumeg8YusimDXPdKUVgn4Po7ZC6zsSjytIl9ATRCR2QHZOX_CEzlbM1tLSBqt3T-9MEI5J8MCysCQB-avmNOFQoNsXK_hxJ6d9QFoinCDBGSQ__IXRSXAlhoivRpBSH-gA3JC7dQXyvg6J6aUqULH2rExz0icOnEy0_QynaoiSChFnnQ4u4ZAkggA?authuser=1&fife=s16383","true","200","image/png","89 50 4E 47","pending_browser_validation","recovered","/assets/images/investment/investment-LY-INV-000653-01.png"
"investment","فندق اللؤلؤة السياحي البضاء","653","LY-INV-000653","https://mymaps.usercontent.google.com/hostedimage/m/*/3AE5a_GxRI63yMUl2orCZnu1PaL6W7Fd5G8zrvrh8R0JdHLEqEmQXudfAeMXyLeAtQhHx1UY58dSMVY3h8FBqJJh_KaZ5m_lMVU6G_QUN3DdQTmreIBqF19ASfbsHedjQ1Mj-aWjhoXelmCpPLKLZZr95hMFKTGGNp8PMlKDYbsaWrDqRZRDlVMIEIqGDrNvulk5bKplFVaAW9VJIk80JwIcuXj0UlY27AecYZ2FCitqedCco6d5QPSEXohcVngE?authuser=1&fife=s16383","https://mymaps.usercontent.google.com/hostedimage/m/*/3AE5a_GxRI63yMUl2orCZnu1PaL6W7Fd5G8zrvrh8R0JdHLEqEmQXudfAeMXyLeAtQhHx1UY58dSMVY3h8FBqJJh_KaZ5m_lMVU6G_QUN3DdQTmreIBqF19ASfbsHedjQ1Mj-aWjhoXelmCpPLKLZZr95hMFKTGGNp8PMlKDYbsaWrDqRZRDlVMIEIqGDrNvulk5bKplFVaAW9VJIk80JwIcuXj0UlY27AecYZ2FCitqedCco6d5QPSEXohcVngE?authuser=1&fife=s16383","true","200","image/png","89 50 4E 47","pending_browser_validation","recovered","/assets/images/investment/investment-LY-INV-000653-02.png"
"investment","فندق اللؤلؤة السياحي البضاء","653","LY-INV-000653","https://mymaps.usercontent.google.com/hostedimage/m/*/3AE5a_GwbqROjl8q0SVhl54TNgO-2FI-qMx_7HHR6CJWSJ35TYz90y_Br29rJAFJq5sWV0iSzSPa0SZ1dFa6OTDUfrzebPZS2miwejyqdHgdDityprxUQxdj2G11S_0UPzNM3jj938eNDZgRDd2la2xyDoDvkDMlr6iDdH1I-N-lwECewMmUR_0WOhIXBlVpPkgNhKbuwg_ZpNPIMTVaskE79F-csBSZIJHRm8cobJtbclJVHihPjH_s-f9JsS7I?authuser=1&fife=s16383","https://mymaps.usercontent.google.com/hostedimage/m/*/3AE5a_GwbqROjl8q0SVhl54TNgO-2FI-qMx_7HHR6CJWSJ35TYz90y_Br29rJAFJq5sWV0iSzSPa0SZ1dFa6OTDUfrzebPZS2miwejyqdHgdDityprxUQxdj2G11S_0UPzNM3jj938eNDZgRDd2la2xyDoDvkDMlr6iDdH1I-N-lwECewMmUR_0WOhIXBlVpPkgNhKbuwg_ZpNPIMTVaskE79F-csBSZIJHRm8cobJtbclJVHihPjH_s-f9JsS7I?authuser=1&fife=s16383","true","200","image/png","89 50 4E 47","pending_browser_validation","recovered","/assets/images/investment/investment-LY-INV-000653-03.png"
"investment","فندق اللؤلؤة السياحي البضاء","653","LY-INV-000653","https://mymaps.usercontent.google.com/hostedimage/m/*/3AE5a_GwXsVC_GOCXIE9Mlixqpu58yIEO90_GB3kAEloaTHszf_-_zkHqjshvY9BD530bdY9v5T-BqpUI828r8RL3sxSWN-WMtvaRO58qYCLzb_PtljMb5XEpHtOsh0ycFlDseAlayyUaA0JsgQym2Hz5RZlMhX-FzjeQ1B9vxH6wBs_GQSFr-cx33QVyqLFJwHvZ1XX_go4Y2c2BE_es_woFMfvqpA4jqPWQgWgK7jmfTdye28PsbictkJ-3Ci0?authuser=1&fife=s16383","https://mymaps.usercontent.google.com/hostedimage/m/*/3AE5a_GwXsVC_GOCXIE9Mlixqpu58yIEO90_GB3kAEloaTHszf_-_zkHqjshvY9BD530bdY9v5T-BqpUI828r8RL3sxSWN-WMtvaRO58qYCLzb_PtljMb5XEpHtOsh0ycFlDseAlayyUaA0JsgQym2Hz5RZlMhX-FzjeQ1B9vxH6wBs_GQSFr-cx33QVyqLFJwHvZ1XX_go4Y2c2BE_es_woFMfvqpA4jqPWQgWgK7jmfTdye28PsbictkJ-3Ci0?authuser=1&fife=s16383","true","200","image/png","89 50 4E 47","pending_browser_validation","recovered","/assets/images/investment/investment-LY-INV-000653-04.png"
"investment","فندق لؤلؤة الخليج البيضاء","654","LY-INV-000654","https://mymaps.usercontent.google.com/hostedimage/m/*/3AE5a_GxfQtgONlp_zYx5TCDqEDOT2o4iIPs6hhcEZxnwynIlgADUQpEXWJQBUUq6NKR0R551P_QML8o7FNQc8VO3CK-BymsgmEFp6hR1HoJTagTme7K3zo-UXwtO989YjhpZ-hJ6qKKf-P0qYbscofINMmIdZ5ifDbb9LcRzx78TXlv-PUci8md74qVXvufd-gvpokxPZ94mhdjaW2hVkCN0ZJVGOhvP2LdDxp6upzLqoU6FIJ_079iwErBGC7s?authuser=1&fife=s16383","https://mymaps.usercontent.google.com/hostedimage/m/*/3AE5a_GxfQtgONlp_zYx5TCDqEDOT2o4iIPs6hhcEZxnwynIlgADUQpEXWJQBUUq6NKR0R551P_QML8o7FNQc8VO3CK-BymsgmEFp6hR1HoJTagTme7K3zo-UXwtO989YjhpZ-hJ6qKKf-P0qYbscofINMmIdZ5ifDbb9LcRzx78TXlv-PUci8md74qVXvufd-gvpokxPZ94mhdjaW2hVkCN0ZJVGOhvP2LdDxp6upzLqoU6FIJ_079iwErBGC7s?authuser=1&fife=s16383","true","200","image/png","89 50 4E 47","pending_browser_validation","recovered","/assets/images/investment/investment-LY-INV-000653-03.png"
"investment","فندق لؤلؤة الخليج البيضاء","654","LY-INV-000654","https://mymaps.usercontent.google.com/hostedimage/m/*/3AE5a_Gx3yH0fl9hvRxQc8r2BcG7PFdcXCaJIBwf5hFJNFnOSXh7DC2AqLLNsXYOSQjI7nc0ELaZ9wZKUtFfLWBCYjmD64mAwHNUDkL1qVL4tELgrp25yTqsDWWTkUHE-1VpvMZN8T7jkRroGOcZGLBzxSntieeLh7dyDJiVaYG1G1S2X9ldkryfKOukLvLweSRBNyWSFEUL-VnE35acu_ArUpoBMbtpWt_nwZVkcw8KKTbd6usK_A7ddzdYeBro?authuser=1&fife=s16383","https://mymaps.usercontent.google.com/hostedimage/m/*/3AE5a_Gx3yH0fl9hvRxQc8r2BcG7PFdcXCaJIBwf5hFJNFnOSXh7DC2AqLLNsXYOSQjI7nc0ELaZ9wZKUtFfLWBCYjmD64mAwHNUDkL1qVL4tELgrp25yTqsDWWTkUHE-1VpvMZN8T7jkRroGOcZGLBzxSntieeLh7dyDJiVaYG1G1S2X9ldkryfKOukLvLweSRBNyWSFEUL-VnE35acu_ArUpoBMbtpWt_nwZVkcw8KKTbd6usK_A7ddzdYeBro?authuser=1&fife=s16383","true","200","image/png","89 50 4E 47","pending_browser_validation","recovered","/assets/images/investment/investment-LY-INV-000653-01.png"
"investment","فندق لؤلؤة الخليج البيضاء","654","LY-INV-000654","https://mymaps.usercontent.google.com/hostedimage/m/*/3AE5a_Gy7IHDRAHbwup9zfMuKarcg4DKL0hM9szIr0vryrc1GnUSbPYRFxM1kCzi5VBd0futMeBkKzpOGD2-ApuLngbwBTtKntW4bu6euveYXT2mQLI-AEHRgYEuGsf8_Lk4X1oicKuHooyNhmHA9hqXpqeY9Bp-6U5ef1dcKoh8ZaoJJgr_FfbLtHYwt2RovR2JTSjrbXbqSwxG5YhyhvZVwUbvRCKUD2rQp-boXbPZHNvsvI-7KTt0VJsdKSnU?authuser=1&fife=s16383","https://mymaps.usercontent.google.com/hostedimage/m/*/3AE5a_Gy7IHDRAHbwup9zfMuKarcg4DKL0hM9szIr0vryrc1GnUSbPYRFxM1kCzi5VBd0futMeBkKzpOGD2-ApuLngbwBTtKntW4bu6euveYXT2mQLI-AEHRgYEuGsf8_Lk4X1oicKuHooyNhmHA9hqXpqeY9Bp-6U5ef1dcKoh8ZaoJJgr_FfbLtHYwt2RovR2JTSjrbXbqSwxG5YhyhvZVwUbvRCKUD2rQp-boXbPZHNvsvI-7KTt0VJsdKSnU?authuser=1&fife=s16383","true","200","image/png","89 50 4E 47","pending_browser_validation","recovered","/assets/images/investment/investment-LY-INV-000653-04.png"
"investment","فندق لؤلؤة الخليج البيضاء","654","LY-INV-000654","https://mymaps.usercontent.google.com/hostedimage/m/*/3AE5a_Gzx0lfllG6Cv5GbeTjcSPqBPisUP2ExraUxY8-qcpn4V9fvPJcdcIwTVUSadyt_1zqaB4mD6Q_PUwg-pU_zukBoeRy2JpD7b394Etq_TR-eIlFPpGGHirHxJBcBVRUiDAjIMReoB-ZwAex8J2aTb5OvXDSJV278tLAare16GNzfGroqF9pCxJyI19qZew12hXhWECiU-nQv2z09CfMj_p9F9m4xptfWwCdPiEcEcDpFkrM6FYSdCdWY0hs?authuser=1&fife=s16383","https://mymaps.usercontent.google.com/hostedimage/m/*/3AE5a_Gzx0lfllG6Cv5GbeTjcSPqBPisUP2ExraUxY8-qcpn4V9fvPJcdcIwTVUSadyt_1zqaB4mD6Q_PUwg-pU_zukBoeRy2JpD7b394Etq_TR-eIlFPpGGHirHxJBcBVRUiDAjIMReoB-ZwAex8J2aTb5OvXDSJV278tLAare16GNzfGroqF9pCxJyI19qZew12hXhWECiU-nQv2z09CfMj_p9F9m4xptfWwCdPiEcEcDpFkrM6FYSdCdWY0hs?authuser=1&fife=s16383","true","200","image/png","89 50 4E 47","pending_browser_validation","recovered","/assets/images/investment/investment-LY-INV-000653-02.png"
"investment","النوران_ للشقق_الفندقية","657","LY-INV-000657","https://mymaps.usercontent.google.com/hostedimage/m/*/3AE5a_GzBv8SOlX0pX8hn_clb5uoGzUpTLa7PXIwvZZpdFflR771Fe3c9vrxCF9qfadBSoMvqYhe42Wcq9fCwS5J4OYpZeCpFV2Kzy3okvKdBC8CmwoSqbL_XTH5v3eAudEXbzgN5_P0ngbl5A9QtvAFd5w4yXr6Gwuj8pDhinBsBYo-tYiHINITAP8YxYXShChtaWRSSXp_lzt5Z6yhdYKrc9ixZDCxMj_uhOIOD7U3meTxdEvq1gx1YDk8ugOM?authuser=1&fife=s16383","https://mymaps.usercontent.google.com/hostedimage/m/*/3AE5a_GzBv8SOlX0pX8hn_clb5uoGzUpTLa7PXIwvZZpdFflR771Fe3c9vrxCF9qfadBSoMvqYhe42Wcq9fCwS5J4OYpZeCpFV2Kzy3okvKdBC8CmwoSqbL_XTH5v3eAudEXbzgN5_P0ngbl5A9QtvAFd5w4yXr6Gwuj8pDhinBsBYo-tYiHINITAP8YxYXShChtaWRSSXp_lzt5Z6yhdYKrc9ixZDCxMj_uhOIOD7U3meTxdEvq1gx1YDk8ugOM?authuser=1&fife=s16383","true","200","image/png","89 50 4E 47","pending_browser_validation","recovered","/assets/images/investment/investment-LY-INV-000657-01.png"
"investment","النوران_ للشقق_الفندقية","657","LY-INV-000657","https://mymaps.usercontent.google.com/hostedimage/m/*/3AE5a_GyCdR8ZRFl9BO4it8cmKRSz2JwWHTBFF7I7WFHyvTEFoIazo5V63ciiyZMOgSq8rlzWel4eM9x22kmy3eg_pAa063FSSVNxLTHokssh1NgScwDtx_KBwlkohRdXOSW3w7FnGCN-A5SKWvjtPrmCXR0eKsLg2Hm6i-AGYDkLNrozsz2m3wfRhqjIWZpuPlpb4OYhlcZfl6RmYoeU5eMT-dNF540PtSatvIEx0uDFUu7B0JBXVOflKmpeHhg?authuser=1&fife=s16383","https://mymaps.usercontent.google.com/hostedimage/m/*/3AE5a_GyCdR8ZRFl9BO4it8cmKRSz2JwWHTBFF7I7WFHyvTEFoIazo5V63ciiyZMOgSq8rlzWel4eM9x22kmy3eg_pAa063FSSVNxLTHokssh1NgScwDtx_KBwlkohRdXOSW3w7FnGCN-A5SKWvjtPrmCXR0eKsLg2Hm6i-AGYDkLNrozsz2m3wfRhqjIWZpuPlpb4OYhlcZfl6RmYoeU5eMT-dNF540PtSatvIEx0uDFUu7B0JBXVOflKmpeHhg?authuser=1&fife=s16383","true","200","image/png","89 50 4E 47","pending_browser_validation","recovered","/assets/images/investment/investment-LY-INV-000657-02.png"
"investment","النوران_ للشقق_الفندقية","657","LY-INV-000657","https://mymaps.usercontent.google.com/hostedimage/m/*/3AE5a_Gz9VrknpAC1QyjJa5qNaobBJwjvBSdl2g0Pyng-dF3vfyycW4B4WGmIT1n2trNRuxM_9ClT7cdh8ApIkVtZ0XUiVgUtCGPmWRH2dRawdZrHDBN2QUZ1YQeZWqatRlzopWLyBvITVnO0MkN7LqYgL5AEgng9lfEMyJRsS2h-gtTkydDIX-7IEE8pA0wn_e27MUpybZHaFf8OY2JdORTO0nzLCeGLOIrQzUCJ2zyC_wHr5U7kdFK_fdmJ29E?authuser=1&fife=s16383","https://mymaps.usercontent.google.com/hostedimage/m/*/3AE5a_Gz9VrknpAC1QyjJa5qNaobBJwjvBSdl2g0Pyng-dF3vfyycW4B4WGmIT1n2trNRuxM_9ClT7cdh8ApIkVtZ0XUiVgUtCGPmWRH2dRawdZrHDBN2QUZ1YQeZWqatRlzopWLyBvITVnO0MkN7LqYgL5AEgng9lfEMyJRsS2h-gtTkydDIX-7IEE8pA0wn_e27MUpybZHaFf8OY2JdORTO0nzLCeGLOIrQzUCJ2zyC_wHr5U7kdFK_fdmJ29E?authuser=1&fife=s16383","true","200","image/png","89 50 4E 47","pending_browser_validation","recovered","/assets/images/investment/investment-LY-INV-000657-03.png"
"investment","النوران_ للشقق_الفندقية","657","LY-INV-000657","https://mymaps.usercontent.google.com/hostedimage/m/*/3AE5a_GzGEQyVk5D5bhTHZair-eIViIf5GP0KflTNqOZ-RA10d97ezAU6orMll_h9dpu8VqEjhm2lX020ALm204eSVpjZfnhWpiHClH7BrHWxbKtdqliTMlYg_q2UOto7XFWZub5y0kkQp6k1eCk5TxAPCh4B-BCk_z9jRz8R5nykWoQJwM2LW0unTrK1GsAIMh_Q9p9DGUinUwYYNZowVBCSILlJm-CsaPcmYuLTMlrVXt7F4vX4tRmFplDsc6A?authuser=1&fife=s16383","https://mymaps.usercontent.google.com/hostedimage/m/*/3AE5a_GzGEQyVk5D5bhTHZair-eIViIf5GP0KflTNqOZ-RA10d97ezAU6orMll_h9dpu8VqEjhm2lX020ALm204eSVpjZfnhWpiHClH7BrHWxbKtdqliTMlYg_q2UOto7XFWZub5y0kkQp6k1eCk5TxAPCh4B-BCk_z9jRz8R5nykWoQJwM2LW0unTrK1GsAIMh_Q9p9DGUinUwYYNZowVBCSILlJm-CsaPcmYuLTMlrVXt7F4vX4tRmFplDsc6A?authuser=1&fife=s16383","true","200","image/png","89 50 4E 47","pending_browser_validation","recovered","/assets/images/investment/investment-LY-INV-000657-04.png"
"investment","فندق اية الجبل البيضاء","660","LY-INV-000660","https://mymaps.usercontent.google.com/hostedimage/m/*/3AE5a_GwMcFOTAbYEld38uigoeoj6rrP__7ZQNfwtC29wuvnAMpe4KCDWN1H0Cdy9I5Z-Z-nMG6OGNx3hXKhev6cuhBBqra66j8JMFByqaK0fSridQ2BVwJ-uCcYSPRXDrc3qj5sPb8ZGwhAqcsqJcoDJNRrEU7SPgIGOAZ4VhTuImPMqkxbnObt91XKC5A2wdbVNoqWQ0Zz4THG-muNGhMP5fIyngYKlcRKas2TCPky6QYXH0NPOnpOCDR0EECQ?authuser=1&fife=s16383","https://mymaps.usercontent.google.com/hostedimage/m/*/3AE5a_GwMcFOTAbYEld38uigoeoj6rrP__7ZQNfwtC29wuvnAMpe4KCDWN1H0Cdy9I5Z-Z-nMG6OGNx3hXKhev6cuhBBqra66j8JMFByqaK0fSridQ2BVwJ-uCcYSPRXDrc3qj5sPb8ZGwhAqcsqJcoDJNRrEU7SPgIGOAZ4VhTuImPMqkxbnObt91XKC5A2wdbVNoqWQ0Zz4THG-muNGhMP5fIyngYKlcRKas2TCPky6QYXH0NPOnpOCDR0EECQ?authuser=1&fife=s16383","true","200","image/png","89 50 4E 47","pending_browser_validation","recovered","/assets/images/investment/investment-LY-INV-000660-01.png"
"investment","فندق اية الجبل البيضاء","660","LY-INV-000660","https://mymaps.usercontent.google.com/hostedimage/m/*/3AE5a_GwCA2vtMJuMJTrHwRPriWxwWqZ3-qWxNUVBdkbNa2mCztIzNOjc7Ys0XCpFTl1bNGA_T_S7kTOD6ECuwRCP0dmNkraLb2Wsx6twgR8sYRcyiwzllZhBSZ3jhOQT_dfenWvmw8z6KYvzzd6Xw7kzDvZSc-UfhNuPnlAXK2tR1U3qBoopQfkwlETusBJMvRdMTG3IwsVgmwJLhwXqY2pZUdqeyZ_oPun_3Jxp_yNIeVQjvza8pzxIgrP4rRk?authuser=1&fife=s16383","https://mymaps.usercontent.google.com/hostedimage/m/*/3AE5a_GwCA2vtMJuMJTrHwRPriWxwWqZ3-qWxNUVBdkbNa2mCztIzNOjc7Ys0XCpFTl1bNGA_T_S7kTOD6ECuwRCP0dmNkraLb2Wsx6twgR8sYRcyiwzllZhBSZ3jhOQT_dfenWvmw8z6KYvzzd6Xw7kzDvZSc-UfhNuPnlAXK2tR1U3qBoopQfkwlETusBJMvRdMTG3IwsVgmwJLhwXqY2pZUdqeyZ_oPun_3Jxp_yNIeVQjvza8pzxIgrP4rRk?authuser=1&fife=s16383","true","200","image/png","89 50 4E 47","pending_browser_validation","recovered","/assets/images/investment/investment-LY-INV-000660-02.png"
"investment","فندق اية الجبل البيضاء","660","LY-INV-000660","https://mymaps.usercontent.google.com/hostedimage/m/*/3AE5a_GwX3bmOPyNviXrwdniqTP536T_DveD0qfznIgoRarSfSfQI_BHjsnwYI7mTp_0150pPv-wkfCRFAdbrO-jtJ2mia97rYybt8M5e-zGtU3wg4hUC6K8-May6LitIuSskibqeL3hrVxO-_ppuhyfWYKDE2OZxi_SL1yxLTeIPd4pXG2B8HrVO6zpTpzNAk9s4EV1ux9ftY0FQ4MB69HXN7UR_iaKeYm4Dk9oNrSLEEkh1cMXHjgCEods_mLA?authuser=1&fife=s16383","https://mymaps.usercontent.google.com/hostedimage/m/*/3AE5a_GwX3bmOPyNviXrwdniqTP536T_DveD0qfznIgoRarSfSfQI_BHjsnwYI7mTp_0150pPv-wkfCRFAdbrO-jtJ2mia97rYybt8M5e-zGtU3wg4hUC6K8-May6LitIuSskibqeL3hrVxO-_ppuhyfWYKDE2OZxi_SL1yxLTeIPd4pXG2B8HrVO6zpTpzNAk9s4EV1ux9ftY0FQ4MB69HXN7UR_iaKeYm4Dk9oNrSLEEkh1cMXHjgCEods_mLA?authuser=1&fife=s16383","true","200","image/png","89 50 4E 47","pending_browser_validation","recovered","/assets/images/investment/investment-LY-INV-000660-03.png"
"investment","فندق برونتو البيضاء","663","LY-INV-000663","https://mymaps.usercontent.google.com/hostedimage/m/*/3AE5a_GwDy0swTvheprYD32-TLBp1xjSjCPLY3lLznhpiyKKc0zt9uE0r280HGBJrS_JzDncDVXadO5GlHnmYDf452OnP7bsn_TQYfKZR26KpRZjP54vViZzWDWxy3zOT5pkOCaBGhCcniQH4UsjeulFBwHnd9vEECqAcO1f1Dkk8Ya3X3ugBkHbedyW7CE_EuQhUY7SIQ5sJQUhX5K-IaCQn-32yjkWuHGDinqqHOsuhqWDK-JTgbyhUftQl2fo?authuser=1&fife=s16383","https://mymaps.usercontent.google.com/hostedimage/m/*/3AE5a_GwDy0swTvheprYD32-TLBp1xjSjCPLY3lLznhpiyKKc0zt9uE0r280HGBJrS_JzDncDVXadO5GlHnmYDf452OnP7bsn_TQYfKZR26KpRZjP54vViZzWDWxy3zOT5pkOCaBGhCcniQH4UsjeulFBwHnd9vEECqAcO1f1Dkk8Ya3X3ugBkHbedyW7CE_EuQhUY7SIQ5sJQUhX5K-IaCQn-32yjkWuHGDinqqHOsuhqWDK-JTgbyhUftQl2fo?authuser=1&fife=s16383","true","200","image/png","89 50 4E 47","pending_browser_validation","recovered","/assets/images/investment/investment-LY-INV-000663-01.png"
"investment","فندق برونتو البيضاء","663","LY-INV-000663","https://mymaps.usercontent.google.com/hostedimage/m/*/3AE5a_Gzs7grA36u_k9I77gN48BgZIr82Xmu6yEm0wL_kSC4TOTbcyYJHY_PZ6ivYoRgZMxw8rL8UxZ1jOam2lQjOAzlh-oQpnT2s-E8ORI5_4Tq2n6a0CzYxpr_v4VuB7JdZhmLXh2gIsc-wm56qUhnFl-Dn5fWzXIXGTFDD77QsCEtR-OtKBKdPdgWK4_OO7xJFgAvBDD1YR0Os1Bk4lcqw2cF08cckDLrfIsvITi6nllhV5yXjlEp5ThBDz6U?authuser=1&fife=s16383","https://mymaps.usercontent.google.com/hostedimage/m/*/3AE5a_Gzs7grA36u_k9I77gN48BgZIr82Xmu6yEm0wL_kSC4TOTbcyYJHY_PZ6ivYoRgZMxw8rL8UxZ1jOam2lQjOAzlh-oQpnT2s-E8ORI5_4Tq2n6a0CzYxpr_v4VuB7JdZhmLXh2gIsc-wm56qUhnFl-Dn5fWzXIXGTFDD77QsCEtR-OtKBKdPdgWK4_OO7xJFgAvBDD1YR0Os1Bk4lcqw2cF08cckDLrfIsvITi6nllhV5yXjlEp5ThBDz6U?authuser=1&fife=s16383","true","200","image/png","89 50 4E 47","pending_browser_validation","recovered","/assets/images/investment/investment-LY-INV-000663-02.png"
"investment","عمارة الجوري للشقق الفندقية","664","LY-INV-000664","https://mymaps.usercontent.google.com/hostedimage/m/*/3AE5a_GxvIaZZMycEhKaYaUXrNyz0908lsPRWg0Ry6hsJWwVKkiCtMl4_UQ-b-N5-kWYo8o0ll-8DXMDp_7-x9TKivJT42TNRQCgaa78Q443zBPBz-8v27iyFYz0fKfREPpYDyKdyPcWz-wH8K2O6bkVOAZnWXX38i01IC6Mpcvs3HTSp1ieZyzOmJerFGTpae5WnqWgU2TG08EHfW7dXD0g_o81R9BSQtRh_hr8tIKo6Bd0iU2ImBfnMOWuZNbM?authuser=1&fife=s16383","https://mymaps.usercontent.google.com/hostedimage/m/*/3AE5a_GxvIaZZMycEhKaYaUXrNyz0908lsPRWg0Ry6hsJWwVKkiCtMl4_UQ-b-N5-kWYo8o0ll-8DXMDp_7-x9TKivJT42TNRQCgaa78Q443zBPBz-8v27iyFYz0fKfREPpYDyKdyPcWz-wH8K2O6bkVOAZnWXX38i01IC6Mpcvs3HTSp1ieZyzOmJerFGTpae5WnqWgU2TG08EHfW7dXD0g_o81R9BSQtRh_hr8tIKo6Bd0iU2ImBfnMOWuZNbM?authuser=1&fife=s16383","true","200","image/png","89 50 4E 47","pending_browser_validation","recovered","/assets/images/investment/investment-LY-INV-000664-01.png"
"investment","عمارة الجوري للشقق الفندقية","664","LY-INV-000664","https://mymaps.usercontent.google.com/hostedimage/m/*/3AE5a_GyMcSBWpEC9rRNbmmOluLYWipKlDqy7ksCHHtFpor12gVzS-uxYS2f2ZWtTu9AdTxD7hbHT1CDOt2-IB8SFFke4aglTTqYBVOgj6uAOoes6CGDUO_uRh7DQ1fiwzyMe_mkGmVBnEdZI0PKbNjcawbtExuSoQ5M5dCCHapPbS0MsLpRrnyf_rcgcCxcH0BWBg7Ji2ooOUzybsU-TZo-ojwIzy91l8IghqhbYGl-UCXujql1QVQiQIAgETe8?authuser=1&fife=s16383","https://mymaps.usercontent.google.com/hostedimage/m/*/3AE5a_GyMcSBWpEC9rRNbmmOluLYWipKlDqy7ksCHHtFpor12gVzS-uxYS2f2ZWtTu9AdTxD7hbHT1CDOt2-IB8SFFke4aglTTqYBVOgj6uAOoes6CGDUO_uRh7DQ1fiwzyMe_mkGmVBnEdZI0PKbNjcawbtExuSoQ5M5dCCHapPbS0MsLpRrnyf_rcgcCxcH0BWBg7Ji2ooOUzybsU-TZo-ojwIzy91l8IghqhbYGl-UCXujql1QVQiQIAgETe8?authuser=1&fife=s16383","true","200","image/png","89 50 4E 47","pending_browser_validation","recovered","/assets/images/investment/investment-LY-INV-000664-02.png"
"investment","عمارة الجوري للشقق الفندقية","664","LY-INV-000664","https://mymaps.usercontent.google.com/hostedimage/m/*/3AE5a_GyeIy143Do4F3gHDxpGA-ZVttCMPna9jE9i5rRdFbEm9tAKQ5h_8kskJUSaLoV6DDKOPVWQqUux1C82rX6v5LPU5CazhqIcacBAJvZ_Cw36G61TP4x2oen5F-dOHknx1xRFZ7hsH2Sw3h_uA7UfMgpZzp0diBFsmIwfbfpjAg36Pj3aRNQaTVkWRuApx4-tBfCtnicTEa2nD3VU-wgbgv1DJcfZNUXIHHuTw0IKjsQQbuyJ6cpgSj3P0ao?authuser=1&fife=s16383","https://mymaps.usercontent.google.com/hostedimage/m/*/3AE5a_GyeIy143Do4F3gHDxpGA-ZVttCMPna9jE9i5rRdFbEm9tAKQ5h_8kskJUSaLoV6DDKOPVWQqUux1C82rX6v5LPU5CazhqIcacBAJvZ_Cw36G61TP4x2oen5F-dOHknx1xRFZ7hsH2Sw3h_uA7UfMgpZzp0diBFsmIwfbfpjAg36Pj3aRNQaTVkWRuApx4-tBfCtnicTEa2nD3VU-wgbgv1DJcfZNUXIHHuTw0IKjsQQbuyJ6cpgSj3P0ao?authuser=1&fife=s16383","true","200","image/png","89 50 4E 47","pending_browser_validation","recovered","/assets/images/investment/investment-LY-INV-000664-03.png"
"investment","فندق العنود البيضاء","665","LY-INV-000665","https://mymaps.usercontent.google.com/hostedimage/m/*/3AE5a_GxHdRWtdbiewXdGGt_YvQ_f7lWUj9IbwMcKQsFNtn_2JcrWFqh_f3oG4v7r1oUDzN6JU50gZCS6KbzlwwL2U4qBC19y2HDDYfEN7msSh_E22tXhe7OoHCFc-U6Z1B8I7xiA011UVzjapceYiH6VDz0E3r_KwGeVqc8KzMnwcOcwtVhjcAAozSQv1SJtAF9HjGcfMCnCegmRapvdA9PqAUFJM79vXXkksFkbvlOjTm_fdL3uz1UW_spL6-8?authuser=1&fife=s16383","https://mymaps.usercontent.google.com/hostedimage/m/*/3AE5a_GxHdRWtdbiewXdGGt_YvQ_f7lWUj9IbwMcKQsFNtn_2JcrWFqh_f3oG4v7r1oUDzN6JU50gZCS6KbzlwwL2U4qBC19y2HDDYfEN7msSh_E22tXhe7OoHCFc-U6Z1B8I7xiA011UVzjapceYiH6VDz0E3r_KwGeVqc8KzMnwcOcwtVhjcAAozSQv1SJtAF9HjGcfMCnCegmRapvdA9PqAUFJM79vXXkksFkbvlOjTm_fdL3uz1UW_spL6-8?authuser=1&fife=s16383","true","200","image/png","89 50 4E 47","pending_browser_validation","recovered","/assets/images/investment/investment-LY-INV-000272-01.png"
"investment","فندق العنود البيضاء","665","LY-INV-000665","https://mymaps.usercontent.google.com/hostedimage/m/*/3AE5a_Gwb6GNSkw3AeJ-bWoulrrfVCGuYW2kZ6SUfO9CAksbAg-QjNcmZKuD0U6XJrGZdNjg8HPSobjNCoRjL-dcRCybCoLeC9PUThDc6DtI1Q90nc6tGi4n_yoCgPGQwEm4Au5XKsG8faxcQU2QnwnKMaPLAWMaW6awAkPOfWrVQj-ki30c1IbmxgsnyVmHAnhJXxqcFTMIYczphsRHF6RM2m-6AQECWBL_WIJn4IZAgvrQAKo65wjrbWr-9wIk?authuser=1&fife=s16383","https://mymaps.usercontent.google.com/hostedimage/m/*/3AE5a_Gwb6GNSkw3AeJ-bWoulrrfVCGuYW2kZ6SUfO9CAksbAg-QjNcmZKuD0U6XJrGZdNjg8HPSobjNCoRjL-dcRCybCoLeC9PUThDc6DtI1Q90nc6tGi4n_yoCgPGQwEm4Au5XKsG8faxcQU2QnwnKMaPLAWMaW6awAkPOfWrVQj-ki30c1IbmxgsnyVmHAnhJXxqcFTMIYczphsRHF6RM2m-6AQECWBL_WIJn4IZAgvrQAKo65wjrbWr-9wIk?authuser=1&fife=s16383","true","200","image/png","89 50 4E 47","pending_browser_validation","recovered","/assets/images/investment/investment-LY-INV-000272-02.png"
"investment","فندق العنود البيضاء","665","LY-INV-000665","https://mymaps.usercontent.google.com/hostedimage/m/*/3AE5a_GyQnEvmGkbw4wz_0wc7jlKjF9kAnSutivEsOrp0qosCT0Ume9Nhg5EuzRMqhNmOSMxWwPo3rYb3PQNNAmxZOxrEz1GAp3cj1mineuPisnKYB96KEHZREu8zUDieyytXZHiJVh7PRGRGSLVanCLMbELnpMUe6hbao1D7_H-KH-ETiwMcj_aGhphuP95NxVHxtUOHcgPiTFdj-4Gwq8cclNnYNtbqIEIyz1r1OboUOnlK0iVH13SLmfl9DkQ?authuser=1&fife=s16383","https://mymaps.usercontent.google.com/hostedimage/m/*/3AE5a_GyQnEvmGkbw4wz_0wc7jlKjF9kAnSutivEsOrp0qosCT0Ume9Nhg5EuzRMqhNmOSMxWwPo3rYb3PQNNAmxZOxrEz1GAp3cj1mineuPisnKYB96KEHZREu8zUDieyytXZHiJVh7PRGRGSLVanCLMbELnpMUe6hbao1D7_H-KH-ETiwMcj_aGhphuP95NxVHxtUOHcgPiTFdj-4Gwq8cclNnYNtbqIEIyz1r1OboUOnlK0iVH13SLmfl9DkQ?authuser=1&fife=s16383","true","200","image/png","89 50 4E 47","pending_browser_validation","recovered","/assets/images/investment/investment-LY-INV-000665-03.png"
"investment","فندق العنود البيضاء","665","LY-INV-000665","https://mymaps.usercontent.google.com/hostedimage/m/*/3AE5a_GzDk9KrlErMrFYiSUiCwc5UKha-RD7T-AT14EJnEGCP6274H10T7aQS5UpBrmbUDEEGxc-SUx6imgjDjoPNewWTPLbN8zDhYG5otDnbeJDe53CMeCjC8i5QINOoXfUKYP47ME2eqQSvF4u0IlKMgIa3Dk9jl0aNDQ0CznTtj-DJ461r-FKSDLEh0felJZh67Egv9RSGzbaC47DIQyReTlSyduPh3BviQoX6G9UUo2c0Xx5Q4IbFXK_0Rds?authuser=1&fife=s16383","https://mymaps.usercontent.google.com/hostedimage/m/*/3AE5a_GzDk9KrlErMrFYiSUiCwc5UKha-RD7T-AT14EJnEGCP6274H10T7aQS5UpBrmbUDEEGxc-SUx6imgjDjoPNewWTPLbN8zDhYG5otDnbeJDe53CMeCjC8i5QINOoXfUKYP47ME2eqQSvF4u0IlKMgIa3Dk9jl0aNDQ0CznTtj-DJ461r-FKSDLEh0felJZh67Egv9RSGzbaC47DIQyReTlSyduPh3BviQoX6G9UUo2c0Xx5Q4IbFXK_0Rds?authuser=1&fife=s16383","true","200","image/png","89 50 4E 47","pending_browser_validation","recovered","/assets/images/investment/investment-LY-INV-000665-04.png"
"investment","فندق العنود البيضاء","665","LY-INV-000665","https://mymaps.usercontent.google.com/hostedimage/m/*/3AE5a_Gy-RxrCy0Q6lhKRVcIS0CqZeUhSsdJJF3LbtwQZx6ZkheOZyBxNqkCb69HjPGVS2hKVT5YII2DEO8mtT8V1pEd8aGHerK2RoXSmTO9iXewCNLCtd_1UWaPwVZhJvXGRgyualL-JveJDXDpZ4s5wSjzR-0XE3qpZMHeLm-7m44hBq3RnOHkgE7MPLTBUGcxcy_CQvdm2V80zfQEfVemeFZNZFBJ-jAYud4zxgcMC64Nre-sYPyV9QenlJ_c?authuser=1&fife=s16383","https://mymaps.usercontent.google.com/hostedimage/m/*/3AE5a_Gy-RxrCy0Q6lhKRVcIS0CqZeUhSsdJJF3LbtwQZx6ZkheOZyBxNqkCb69HjPGVS2hKVT5YII2DEO8mtT8V1pEd8aGHerK2RoXSmTO9iXewCNLCtd_1UWaPwVZhJvXGRgyualL-JveJDXDpZ4s5wSjzR-0XE3qpZMHeLm-7m44hBq3RnOHkgE7MPLTBUGcxcy_CQvdm2V80zfQEfVemeFZNZFBJ-jAYud4zxgcMC64Nre-sYPyV9QenlJ_c?authuser=1&fife=s16383","true","200","image/png","89 50 4E 47","pending_browser_validation","recovered","/assets/images/investment/investment-LY-INV-000665-05.png"
"investment","فندق العنود البيضاء","665","LY-INV-000665","https://mymaps.usercontent.google.com/hostedimage/m/*/3AE5a_GwYushEwP4hwsdXY4PbD3IMumT-XwM8ysdGdbd_XxI_zFm2ZD_7un_v5np_BzmjMy9te3bl5kBuWzxA-Dggecj25DsY3or6oPCQp0jmrAzsoaXNCfCNi8LPmqq6arpxc9fT_J9hk0IsIOKY8QmdW87qgmBUkAOJJxEZzFRn5CvqIVV0vqJTbXfENMuJLFKPQV3CBFxGXXOmL5FeECpGsNhjgql40Fi_jVUFLwDqEZ7qcZ4_sZEaYJUeE_c?authuser=1&fife=s16383","https://mymaps.usercontent.google.com/hostedimage/m/*/3AE5a_GwYushEwP4hwsdXY4PbD3IMumT-XwM8ysdGdbd_XxI_zFm2ZD_7un_v5np_BzmjMy9te3bl5kBuWzxA-Dggecj25DsY3or6oPCQp0jmrAzsoaXNCfCNi8LPmqq6arpxc9fT_J9hk0IsIOKY8QmdW87qgmBUkAOJJxEZzFRn5CvqIVV0vqJTbXfENMuJLFKPQV3CBFxGXXOmL5FeECpGsNhjgql40Fi_jVUFLwDqEZ7qcZ4_sZEaYJUeE_c?authuser=1&fife=s16383","true","200","image/png","89 50 4E 47","pending_browser_validation","recovered","/assets/images/investment/investment-LY-INV-000665-06.png"
"investment","فندق العنود البيضاء","665","LY-INV-000665","https://mymaps.usercontent.google.com/hostedimage/m/*/3AE5a_GwqKjSlmnrY0fnNqdrY5NUTkoDgY8AXSkVvasjs3gTbj3rV71ES9Szei_cs4FvzEdS3QbOTJZqHeERwrDJ2Vc20usk2mJfk_Xz_IGW4vTCewTnstD85QnP7x_AhdV-s8WbcTjRICbwlXYq4bkiK0v4GxOI1QDdZL2JCNFQjeA0V-5TD9uP1YKzSGk2qDj9AzSkHEwW5o_U0O3ZJTBpcZghgPazWnyHX_knhuXSItQmNXbqIYzoVPS3fi_U?authuser=1&fife=s16383","https://mymaps.usercontent.google.com/hostedimage/m/*/3AE5a_GwqKjSlmnrY0fnNqdrY5NUTkoDgY8AXSkVvasjs3gTbj3rV71ES9Szei_cs4FvzEdS3QbOTJZqHeERwrDJ2Vc20usk2mJfk_Xz_IGW4vTCewTnstD85QnP7x_AhdV-s8WbcTjRICbwlXYq4bkiK0v4GxOI1QDdZL2JCNFQjeA0V-5TD9uP1YKzSGk2qDj9AzSkHEwW5o_U0O3ZJTBpcZghgPazWnyHX_knhuXSItQmNXbqIYzoVPS3fi_U?authuser=1&fife=s16383","true","200","image/png","89 50 4E 47","pending_browser_validation","recovered","/assets/images/investment/investment-LY-INV-000665-07.png"
"investment","فندق العنود البيضاء","665","LY-INV-000665","https://mymaps.usercontent.google.com/hostedimage/m/*/3AE5a_Gwbs2h3wGLDgO_Tlh4pGpDTVxzY3NMVKkfMPhoxNzorfvbtyrJYqi6vIZrAbIFe4y5vFvDqp2Y3yOcBqsqnTQ70UkSRd4GgC5cxTZRGxxydq1auJppZEalOSi9MGRqxFSpHdtN9zky0vx65UZNFq9XpKJUosOuaBznzuyd0Fp6To_dcH9NakX56U28weUmT4wvLrNKZVrVb7XKQFpTZ2vy_iA_Xm6FFYNObGhV65So2dyGi2VGazkxAIr4?authuser=1&fife=s16383","https://mymaps.usercontent.google.com/hostedimage/m/*/3AE5a_Gwbs2h3wGLDgO_Tlh4pGpDTVxzY3NMVKkfMPhoxNzorfvbtyrJYqi6vIZrAbIFe4y5vFvDqp2Y3yOcBqsqnTQ70UkSRd4GgC5cxTZRGxxydq1auJppZEalOSi9MGRqxFSpHdtN9zky0vx65UZNFq9XpKJUosOuaBznzuyd0Fp6To_dcH9NakX56U28weUmT4wvLrNKZVrVb7XKQFpTZ2vy_iA_Xm6FFYNObGhV65So2dyGi2VGazkxAIr4?authuser=1&fife=s16383","true","200","image/png","89 50 4E 47","pending_browser_validation","recovered","/assets/images/investment/investment-LY-INV-000665-04.png"
"investment","فندق الفردوس للشقق الفندقية","666","LY-INV-000666","https://mymaps.usercontent.google.com/hostedimage/m/*/3AE5a_Gz4PxxfdnfDNbFPKsvYwpSTavvpcOzm-AgbZmoPcCkeB9w8gbc6sD5F6Lg4VBJ7Clf55S6PISUP9xYe99c-5IQmjp_a6kX9pGIPnCShTWxvr4dMYtR2XFYnaQkcyTnHcT0Iy-DB7BsMmI8OMNzlB64EbcgHaGRIs7U_UXpMZPtYdDulJH1RoGi5qfkEp7krbYJIeJukJ_CuQxENwThQVzhSjgE9X0ZsW7N81GdHZv5RO_VCbfbvHJnz22c?authuser=1&fife=s16383","https://mymaps.usercontent.google.com/hostedimage/m/*/3AE5a_Gz4PxxfdnfDNbFPKsvYwpSTavvpcOzm-AgbZmoPcCkeB9w8gbc6sD5F6Lg4VBJ7Clf55S6PISUP9xYe99c-5IQmjp_a6kX9pGIPnCShTWxvr4dMYtR2XFYnaQkcyTnHcT0Iy-DB7BsMmI8OMNzlB64EbcgHaGRIs7U_UXpMZPtYdDulJH1RoGi5qfkEp7krbYJIeJukJ_CuQxENwThQVzhSjgE9X0ZsW7N81GdHZv5RO_VCbfbvHJnz22c?authuser=1&fife=s16383","true","200","image/png","89 50 4E 47","pending_browser_validation","recovered","/assets/images/investment/investment-LY-INV-000666-01.png"
"investment","فندق الفردوس للشقق الفندقية","666","LY-INV-000666","https://mymaps.usercontent.google.com/hostedimage/m/*/3AE5a_GyLMEEQ_0r_nSOHJ0FSawyCGxDOV8bX3Q8m_l_qlZXCfquf76MIj3afDxoK6dixJhAqD2vRgt6dqOWfHgRJMU_FYnV4NfmqzkbfpJJOUwzu-VkjHlDE0tAHVZKkYeLFWY8H-iJ_LXOvCF1eWWTOx1Qq-pArAGcdncd0jacrM2nVqfMbjYOoAfirSf7D8wzvXgWO21J-6Opyd04yT0EoGi3p7LT5J-C0-vqZ93fxMrf106CtdjNPz6SdrDQ?authuser=1&fife=s16383","https://mymaps.usercontent.google.com/hostedimage/m/*/3AE5a_GyLMEEQ_0r_nSOHJ0FSawyCGxDOV8bX3Q8m_l_qlZXCfquf76MIj3afDxoK6dixJhAqD2vRgt6dqOWfHgRJMU_FYnV4NfmqzkbfpJJOUwzu-VkjHlDE0tAHVZKkYeLFWY8H-iJ_LXOvCF1eWWTOx1Qq-pArAGcdncd0jacrM2nVqfMbjYOoAfirSf7D8wzvXgWO21J-6Opyd04yT0EoGi3p7LT5J-C0-vqZ93fxMrf106CtdjNPz6SdrDQ?authuser=1&fife=s16383","true","200","image/png","89 50 4E 47","pending_browser_validation","recovered","/assets/images/investment/investment-LY-INV-000666-02.png"
"investment","فندق الفردوس للشقق الفندقية","666","LY-INV-000666","https://mymaps.usercontent.google.com/hostedimage/m/*/3AE5a_GwdyNm78BxYpS0y0aMVdN5MgQ-ddp_U2qFDMEtFkyFXErjy4hpprqdFg104AOvSCIgAwtYo8atJQvhK52Obn4nKyIXhEAFCAlMmmA3oYxy3KG2Pn66ja_UOtUQvWsQC1PsebnUR3sDlxibyoGI2l_NiVzvJFokj9DXPaGYcUJ1-QsnfuwlC6hcu41rlIIZfIEwhqsV4ZPWUWpriPozP5Re4UVSfFQvvC2Dl464RNcpjTZsLJBEhpcr8gx0?authuser=1&fife=s16383","https://mymaps.usercontent.google.com/hostedimage/m/*/3AE5a_GwdyNm78BxYpS0y0aMVdN5MgQ-ddp_U2qFDMEtFkyFXErjy4hpprqdFg104AOvSCIgAwtYo8atJQvhK52Obn4nKyIXhEAFCAlMmmA3oYxy3KG2Pn66ja_UOtUQvWsQC1PsebnUR3sDlxibyoGI2l_NiVzvJFokj9DXPaGYcUJ1-QsnfuwlC6hcu41rlIIZfIEwhqsV4ZPWUWpriPozP5Re4UVSfFQvvC2Dl464RNcpjTZsLJBEhpcr8gx0?authuser=1&fife=s16383","true","200","image/png","89 50 4E 47","pending_browser_validation","recovered","/assets/images/investment/investment-LY-INV-000666-03.png"
"investment","فندق الفردوس للشقق الفندقية","666","LY-INV-000666","https://mymaps.usercontent.google.com/hostedimage/m/*/3AE5a_GyK4YkkmQnTzweOHc1CyznkWQ1O9oIYm5OFJ6YYYYH2W6ZFHCDpjZOVLx3DensQgLXxkBoACr17vKZ60gp7cseEqsyJNvVmdDGc84STi659I9UAqT2QSji1elrJm8UL96jNe6T0qwdov_3Y_BlAcBORcmgnWOJjZ3RUg6DLekazHO0OOtm7jp28_WW-uZbkKys6E7rfi4KA09EeK6XUGv4n9AJpzBcemO_7qmS8pIzRYrzERWXRaNjt2c8?authuser=1&fife=s16383","https://mymaps.usercontent.google.com/hostedimage/m/*/3AE5a_GyK4YkkmQnTzweOHc1CyznkWQ1O9oIYm5OFJ6YYYYH2W6ZFHCDpjZOVLx3DensQgLXxkBoACr17vKZ60gp7cseEqsyJNvVmdDGc84STi659I9UAqT2QSji1elrJm8UL96jNe6T0qwdov_3Y_BlAcBORcmgnWOJjZ3RUg6DLekazHO0OOtm7jp28_WW-uZbkKys6E7rfi4KA09EeK6XUGv4n9AJpzBcemO_7qmS8pIzRYrzERWXRaNjt2c8?authuser=1&fife=s16383","true","200","image/png","89 50 4E 47","pending_browser_validation","recovered","/assets/images/investment/investment-LY-INV-000666-04.png"
"investment","فندق مرحبا للخدمات السياحية","668","LY-INV-000668","https://mymaps.usercontent.google.com/hostedimage/m/*/3AE5a_GyRs2BHu-OTLSUbRR42VYhWaKVVHTcwFQ38GhDzKUQ1pRyPeh4A3YYNYsM2xld6rFoVwa_T-UxngbSdhHMrXLo0jnfsqZXfQkrDumRpCIe5nYPmn9kdoYwcyV2sp9a2dTu-umfQNNk3imw137a-QWwNU7ol6K2BCHpk7KS5KQbBFqyBs2v995NoPBKCSi7zVqAvbm_AqerSyABYaQEq9iOCk0KezPCt0qnFJ9w0SaPJUqiI1rRcMo9_Smk?authuser=1&fife=s16383","https://mymaps.usercontent.google.com/hostedimage/m/*/3AE5a_GyRs2BHu-OTLSUbRR42VYhWaKVVHTcwFQ38GhDzKUQ1pRyPeh4A3YYNYsM2xld6rFoVwa_T-UxngbSdhHMrXLo0jnfsqZXfQkrDumRpCIe5nYPmn9kdoYwcyV2sp9a2dTu-umfQNNk3imw137a-QWwNU7ol6K2BCHpk7KS5KQbBFqyBs2v995NoPBKCSi7zVqAvbm_AqerSyABYaQEq9iOCk0KezPCt0qnFJ9w0SaPJUqiI1rRcMo9_Smk?authuser=1&fife=s16383","true","200","image/png","89 50 4E 47","pending_browser_validation","recovered","/assets/images/investment/investment-LY-INV-000668-01.png"
"investment","فندق مرحبا للخدمات السياحية","668","LY-INV-000668","https://mymaps.usercontent.google.com/hostedimage/m/*/3AE5a_Gy6FawulJGo70cCYCUHC05ABTflxmKCtCarS-kjzZwrjd32ZRvDCp7OGCmgjSQN5Vaa7f16izMLjx5lXxD4vYwaPCTvRCH3OEQ1MO_cdqFFfA94VmvQy3oo_frhaB0vMfB6JiPl7pDii38wrB80ekb0FjbJaANaxCRmH4wL2Jp2NEBMKug3PUyzIeUA7mGNbYvWR6dfXk6cld-4n9AtqFOMdQXjVGN6alzBqmt1dCZy7-WmfccHEtImU_U?authuser=1&fife=s16383","https://mymaps.usercontent.google.com/hostedimage/m/*/3AE5a_Gy6FawulJGo70cCYCUHC05ABTflxmKCtCarS-kjzZwrjd32ZRvDCp7OGCmgjSQN5Vaa7f16izMLjx5lXxD4vYwaPCTvRCH3OEQ1MO_cdqFFfA94VmvQy3oo_frhaB0vMfB6JiPl7pDii38wrB80ekb0FjbJaANaxCRmH4wL2Jp2NEBMKug3PUyzIeUA7mGNbYvWR6dfXk6cld-4n9AtqFOMdQXjVGN6alzBqmt1dCZy7-WmfccHEtImU_U?authuser=1&fife=s16383","true","200","image/png","89 50 4E 47","pending_browser_validation","recovered","/assets/images/investment/investment-LY-INV-000668-02.png"
"investment","فندق مرحبا للخدمات السياحية","668","LY-INV-000668","https://mymaps.usercontent.google.com/hostedimage/m/*/3AE5a_GyMSNNU7oif76U5L_o1FK95ooFaqkxtMfU4myLCVAab-yy3K-wcpGiASOV40Jqhb_VlTyHPuUMeNYXafmcTkfuUkIBtNB6XpdiW3TsdDjuAgX1gL4Kj7R7WzCjqSqNScO6SWIIbs-N_1_1a9u36FAXx44IKwxSHVJLWVW8jGlvG3qoW3_Vg4_Vm81wgWC8y0u7jwB2ijMj-EJ8ERF6EuceRndVt1A-PPsF-Vlfey5ucN9Gn7p4pBTYE3Y0?authuser=1&fife=s16383","https://mymaps.usercontent.google.com/hostedimage/m/*/3AE5a_GyMSNNU7oif76U5L_o1FK95ooFaqkxtMfU4myLCVAab-yy3K-wcpGiASOV40Jqhb_VlTyHPuUMeNYXafmcTkfuUkIBtNB6XpdiW3TsdDjuAgX1gL4Kj7R7WzCjqSqNScO6SWIIbs-N_1_1a9u36FAXx44IKwxSHVJLWVW8jGlvG3qoW3_Vg4_Vm81wgWC8y0u7jwB2ijMj-EJ8ERF6EuceRndVt1A-PPsF-Vlfey5ucN9Gn7p4pBTYE3Y0?authuser=1&fife=s16383","true","200","image/png","89 50 4E 47","pending_browser_validation","recovered","/assets/images/investment/investment-LY-INV-000668-03.png"
"investment","فندق مرحبا للخدمات السياحية","668","LY-INV-000668","https://mymaps.usercontent.google.com/hostedimage/m/*/3AE5a_GxqFODej6O530gJTly1yy3aCgnaV9xFFZu_KLM15BKkPHmOE84MqbCMBAiITCp37BHICqe2M4E3GvMNnS4SOUrnZR7ATjQmt-bn8szMFoTTUzH9q1FLb8VcaKP1lhDmfUh5kjGhuoY8nRmrGRvw8_mJp8n42v1v58e7N5zehx-KnxRHiJFXIhda6mRZ74O5ICJy7l-5GImdx4H7g7HCtJ2h_844Ujeb81Hf0SmqZfHRCcHNFXWtj98lnyY?authuser=1&fife=s16383","https://mymaps.usercontent.google.com/hostedimage/m/*/3AE5a_GxqFODej6O530gJTly1yy3aCgnaV9xFFZu_KLM15BKkPHmOE84MqbCMBAiITCp37BHICqe2M4E3GvMNnS4SOUrnZR7ATjQmt-bn8szMFoTTUzH9q1FLb8VcaKP1lhDmfUh5kjGhuoY8nRmrGRvw8_mJp8n42v1v58e7N5zehx-KnxRHiJFXIhda6mRZ74O5ICJy7l-5GImdx4H7g7HCtJ2h_844Ujeb81Hf0SmqZfHRCcHNFXWtj98lnyY?authuser=1&fife=s16383","true","200","image/png","89 50 4E 47","pending_browser_validation","recovered","/assets/images/investment/investment-LY-INV-000668-04.png"
"investment","فندق مرحبا للخدمات السياحية","668","LY-INV-000668","https://mymaps.usercontent.google.com/hostedimage/m/*/3AE5a_GxUNICJ9B5emlaLtkK5a4iLLRjxOVGWFcVBkOlrC3TM6JA9JRhyEIieEf0RTXI-U8aBRIT5YxV7m9xq025EgwA03lFeaaNmBvibvS5nVc6CvllU6Db1d9xPdIruV8UnYw14VfW7ut7427HWjqcN5kPyNGuZ_2q_6fO_kDwGEA9Cis4yd0cVmvVg9nr_iMJGW6j2qpP7UhM0dt2SnmdV5RJ-NVPnHwFHLwi4QixQP1fRjkY1YsbYqHi9Eic?authuser=1&fife=s16383","https://mymaps.usercontent.google.com/hostedimage/m/*/3AE5a_GxUNICJ9B5emlaLtkK5a4iLLRjxOVGWFcVBkOlrC3TM6JA9JRhyEIieEf0RTXI-U8aBRIT5YxV7m9xq025EgwA03lFeaaNmBvibvS5nVc6CvllU6Db1d9xPdIruV8UnYw14VfW7ut7427HWjqcN5kPyNGuZ_2q_6fO_kDwGEA9Cis4yd0cVmvVg9nr_iMJGW6j2qpP7UhM0dt2SnmdV5RJ-NVPnHwFHLwi4QixQP1fRjkY1YsbYqHi9Eic?authuser=1&fife=s16383","true","200","image/png","89 50 4E 47","pending_browser_validation","recovered","/assets/images/investment/investment-LY-INV-000668-05.png"
"investment","عمارة اضواء ليبيا للشقق الفندقية البيضاء","669","LY-INV-000669","https://mymaps.usercontent.google.com/hostedimage/m/*/3AE5a_GzPX16QiRJuugHYoj40VVMt0d3jJezf6-3oRAscFpi9QhodAvti7BfDjYr1G4zw_luzL9FOR6ogdTdQ97CBG5JopwgIXtGzoO7lDvGXcBxfRKM76pMTYMPLNd9voABtH4nmcSWcld-t2Q0v8yqO2vaK1KZtphUIN3lOLSwwdjIBHQvrm-w47MYTFD5XXsD9KBCMWcS68h6c-QBtvkaeGzx1k1-diek6H0v3XcXBpMk5yz4giwnecqpZdHE?authuser=1&fife=s16383","https://mymaps.usercontent.google.com/hostedimage/m/*/3AE5a_GzPX16QiRJuugHYoj40VVMt0d3jJezf6-3oRAscFpi9QhodAvti7BfDjYr1G4zw_luzL9FOR6ogdTdQ97CBG5JopwgIXtGzoO7lDvGXcBxfRKM76pMTYMPLNd9voABtH4nmcSWcld-t2Q0v8yqO2vaK1KZtphUIN3lOLSwwdjIBHQvrm-w47MYTFD5XXsD9KBCMWcS68h6c-QBtvkaeGzx1k1-diek6H0v3XcXBpMk5yz4giwnecqpZdHE?authuser=1&fife=s16383","true","200","image/png","89 50 4E 47","pending_browser_validation","recovered","/assets/images/investment/investment-LY-INV-000669-01.png"
"investment","عمارة اضواء ليبيا للشقق الفندقية البيضاء","669","LY-INV-000669","https://mymaps.usercontent.google.com/hostedimage/m/*/3AE5a_GxwjtF5fAzA4LkyLvStnhrBSeMeq78EdtfdRpynQxd65RPUC2L8eU1vIzOfsT2R5QLYLHwGX-UmReuUldEtBoI8VHfby6pb-wfp3d_1DMT_Rv31EXoCabRZQUfGhYYyZPTqZFNRhHGZ8MLihE2I7BvWEnZ8tjV1QnIbMHDA1uoWYLyjDhwobIJDYMWx2x5HNdJIXVEC54WBU_0hlaQ5m8cqkoLb4dLcBHTDqIaD1XMGypVgRRyAObqGkiU?authuser=1&fife=s16383","https://mymaps.usercontent.google.com/hostedimage/m/*/3AE5a_GxwjtF5fAzA4LkyLvStnhrBSeMeq78EdtfdRpynQxd65RPUC2L8eU1vIzOfsT2R5QLYLHwGX-UmReuUldEtBoI8VHfby6pb-wfp3d_1DMT_Rv31EXoCabRZQUfGhYYyZPTqZFNRhHGZ8MLihE2I7BvWEnZ8tjV1QnIbMHDA1uoWYLyjDhwobIJDYMWx2x5HNdJIXVEC54WBU_0hlaQ5m8cqkoLb4dLcBHTDqIaD1XMGypVgRRyAObqGkiU?authuser=1&fife=s16383","true","200","image/png","89 50 4E 47","pending_browser_validation","recovered","/assets/images/investment/investment-LY-INV-000669-02.png"
"investment","عمارة اضواء ليبيا للشقق الفندقية البيضاء","669","LY-INV-000669","https://mymaps.usercontent.google.com/hostedimage/m/*/3AE5a_GwjXoW8uc2JigEXaCxWEjTG6o2AWYKwyMVSW0jrfzlT428QO63AeyRKvtBAHJtnlGRY84lK69R2A8bKTDhbPV-c7H7tU7474JLrx4bSaH7IAYobaMawos6QktkBBV3ZCA2Vj2AH1zIQE567eJoESqqL6SbIBz0Zv30_9QCxnrS9_RrJ1anBk0qbImsF0WF5UeH-S_rAbT-uTLrU0FFKEeoeJoUZZ_gmPRQ3L1FX0VRdRttBmpw6NyMsSTE?authuser=1&fife=s16383","https://mymaps.usercontent.google.com/hostedimage/m/*/3AE5a_GwjXoW8uc2JigEXaCxWEjTG6o2AWYKwyMVSW0jrfzlT428QO63AeyRKvtBAHJtnlGRY84lK69R2A8bKTDhbPV-c7H7tU7474JLrx4bSaH7IAYobaMawos6QktkBBV3ZCA2Vj2AH1zIQE567eJoESqqL6SbIBz0Zv30_9QCxnrS9_RrJ1anBk0qbImsF0WF5UeH-S_rAbT-uTLrU0FFKEeoeJoUZZ_gmPRQ3L1FX0VRdRttBmpw6NyMsSTE?authuser=1&fife=s16383","true","200","image/png","89 50 4E 47","pending_browser_validation","recovered","/assets/images/investment/investment-LY-INV-000669-03.png"
"investment","عمارة اضواء ليبيا للشقق الفندقية البيضاء","669","LY-INV-000669","https://mymaps.usercontent.google.com/hostedimage/m/*/3AE5a_GxiVnt_nezsu50Qt-Es2pkJE4xHshjkwN0Fgd4K0WLZebX2ytHvkg8TqaOR_honNKKWAIj-yzxxQ7JX-1NzKxmIAWI2wyA4fyeSB7qjKMODyG0VRo4gpmLAtebwWynAAcHlZ97wmvgBhYCQORZ0hOmNEcKn7pLn21T9YjvpDdD5PjxaHaf2R2yjZSSWeVi0Y_6Xrhssyy2DFO-ldfe_4-H5QjLYnXFvlWiUyDFpng47VZ13bUJm0i6Q7Us?authuser=1&fife=s16383","https://mymaps.usercontent.google.com/hostedimage/m/*/3AE5a_GxiVnt_nezsu50Qt-Es2pkJE4xHshjkwN0Fgd4K0WLZebX2ytHvkg8TqaOR_honNKKWAIj-yzxxQ7JX-1NzKxmIAWI2wyA4fyeSB7qjKMODyG0VRo4gpmLAtebwWynAAcHlZ97wmvgBhYCQORZ0hOmNEcKn7pLn21T9YjvpDdD5PjxaHaf2R2yjZSSWeVi0Y_6Xrhssyy2DFO-ldfe_4-H5QjLYnXFvlWiUyDFpng47VZ13bUJm0i6Q7Us?authuser=1&fife=s16383","true","200","image/png","89 50 4E 47","pending_browser_validation","recovered","/assets/images/investment/investment-LY-INV-000669-04.png"
"investment","فندق المرقب السياحي  الخمس","671","LY-INV-000671","https://mymaps.usercontent.google.com/hostedimage/m/*/3AE5a_GxPmpYg2Y_ESb1gEbZ9gcmc_DqlajOgO1W_ePzF8EmH83b34edcEDD6dBw8kk7Hefi9SMINb-JE7oHHlCIOPgZibHh39pYgXLHDrLkbPhcMuWxJL_RuWorQETKMeSHftiPtWdWsVovdAfF2VYgolfvdPtl_aLuaJu257E9mMgZpc4uV--50luN7WKe9QVJ5FqHokaCwo20nP1x6jLr6J4JkDlMt957b9aWKEIWPEfFgCmxbHOxyU6PPVUw?authuser=1&fife=s16383","https://mymaps.usercontent.google.com/hostedimage/m/*/3AE5a_GxPmpYg2Y_ESb1gEbZ9gcmc_DqlajOgO1W_ePzF8EmH83b34edcEDD6dBw8kk7Hefi9SMINb-JE7oHHlCIOPgZibHh39pYgXLHDrLkbPhcMuWxJL_RuWorQETKMeSHftiPtWdWsVovdAfF2VYgolfvdPtl_aLuaJu257E9mMgZpc4uV--50luN7WKe9QVJ5FqHokaCwo20nP1x6jLr6J4JkDlMt957b9aWKEIWPEfFgCmxbHOxyU6PPVUw?authuser=1&fife=s16383","true","200","image/png","89 50 4E 47","pending_browser_validation","recovered","/assets/images/investment/investment-LY-INV-000348-01.png"
"investment","فندق المرقب السياحي  الخمس","671","LY-INV-000671","https://mymaps.usercontent.google.com/hostedimage/m/*/3AE5a_Gwbv7C1182ilnqY1ev8DZyfl56X-jmFLPUxdXDN7c5-DO7M-bFN5xGqYnskT2MZhrhj5GPuW7q4g9YbAM-jJkFiw5lyLqjJhjOH-ph8820-YZERFC3yNZD7byVDOmpAl0-Y0jg6CiWs-51X0KRDR0f5Ts9jQZJOL5VhxSLSvuV_XixK1YUIOM4VgKDah2XZ4EKRwxB0VsCZrEyEVLJ6stsbl5PIYvKK-jlT0qO6UAiGR3DmD59wd_o1f5M?authuser=1&fife=s16383","https://mymaps.usercontent.google.com/hostedimage/m/*/3AE5a_Gwbv7C1182ilnqY1ev8DZyfl56X-jmFLPUxdXDN7c5-DO7M-bFN5xGqYnskT2MZhrhj5GPuW7q4g9YbAM-jJkFiw5lyLqjJhjOH-ph8820-YZERFC3yNZD7byVDOmpAl0-Y0jg6CiWs-51X0KRDR0f5Ts9jQZJOL5VhxSLSvuV_XixK1YUIOM4VgKDah2XZ4EKRwxB0VsCZrEyEVLJ6stsbl5PIYvKK-jlT0qO6UAiGR3DmD59wd_o1f5M?authuser=1&fife=s16383","true","200","image/png","89 50 4E 47","pending_browser_validation","recovered","/assets/images/investment/investment-LY-INV-000348-02.png"
"investment","فندق التوليب السياحي الخمس","672","LY-INV-000672","https://mymaps.usercontent.google.com/hostedimage/m/*/3AE5a_GzwkcghB94qHvmO3jaq4uDR0DEiRl3KSV_FT12tVYIcTSNlNoWKYTgtgT6V3yL5-DMxTrHX0aXaLsFZkRjexqAQJtaVHKsAQR8rf9Cu7uC4vdlEfia1ZuK-IYUXhy0F-IRjkQvpqLEKDiGS7ojZQsbnM42NibrkVNUj9d-ZQ5MOMzrqS2PkTXrNQtZD8VJHVBnkxmGsncIvOIQvTxHjLB2F9lbONTnfeWfHgYbC5s6EOUuQnrIdXQxK9yM?authuser=1&fife=s16383","https://mymaps.usercontent.google.com/hostedimage/m/*/3AE5a_GzwkcghB94qHvmO3jaq4uDR0DEiRl3KSV_FT12tVYIcTSNlNoWKYTgtgT6V3yL5-DMxTrHX0aXaLsFZkRjexqAQJtaVHKsAQR8rf9Cu7uC4vdlEfia1ZuK-IYUXhy0F-IRjkQvpqLEKDiGS7ojZQsbnM42NibrkVNUj9d-ZQ5MOMzrqS2PkTXrNQtZD8VJHVBnkxmGsncIvOIQvTxHjLB2F9lbONTnfeWfHgYbC5s6EOUuQnrIdXQxK9yM?authuser=1&fife=s16383","true","200","image/png","89 50 4E 47","pending_browser_validation","recovered","/assets/images/investment/investment-LY-INV-000672-01.png"
"investment","فندق التوليب السياحي الخمس","672","LY-INV-000672","https://mymaps.usercontent.google.com/hostedimage/m/*/3AE5a_GxzhbWn7vi8aO5DJHBFrVO5hMmq48VsiYtQavoDnhYVtGNywxq6tz3OaH84HFwvvkgxm07CNiwOWqllUnB68luW76r5B4Nia76XARzy7rECj9Q4A6jcxWPM-rTQ64WefvBTwoSn6MSuUsSlU0qhYZ4q40nKnToqCeEqdIYPYzKfGb0bdrSqJeG7e8PPUDrCqJPE9hmHy0Ud8sJWhp2s6c-UG4W_YLa4teGZ6-3hzoMtQvVekcBaMTAXE2I?authuser=1&fife=s16383","https://mymaps.usercontent.google.com/hostedimage/m/*/3AE5a_GxzhbWn7vi8aO5DJHBFrVO5hMmq48VsiYtQavoDnhYVtGNywxq6tz3OaH84HFwvvkgxm07CNiwOWqllUnB68luW76r5B4Nia76XARzy7rECj9Q4A6jcxWPM-rTQ64WefvBTwoSn6MSuUsSlU0qhYZ4q40nKnToqCeEqdIYPYzKfGb0bdrSqJeG7e8PPUDrCqJPE9hmHy0Ud8sJWhp2s6c-UG4W_YLa4teGZ6-3hzoMtQvVekcBaMTAXE2I?authuser=1&fife=s16383","true","200","image/png","89 50 4E 47","pending_browser_validation","recovered","/assets/images/investment/investment-LY-INV-000672-02.png"
"investment","فندق التوليب السياحي الخمس","672","LY-INV-000672","https://mymaps.usercontent.google.com/hostedimage/m/*/3AE5a_Gx8qHpf8_pKop7tGuXAT2ep1Z7HqYg53ug3ehDVnznuEMUinR2oGx7FuPc0uZtJQ84_6mHq0l2enIOohFfZK2s3Nz4HMeJVpFMHxlK4JZ0YAk_hdFGv8BKOiV4WpModiag6ZQmIO3_5d9kmI793wl5KpzQ2lCpmeBxF4YbawElRUQLqVR79LYv8dh2uye7bXi50fpuVNvM3rsTPoI6Yjf8AJqkkG4_Qkq1sujW_yv136veyaEetsyaCVaU?authuser=1&fife=s16383","https://mymaps.usercontent.google.com/hostedimage/m/*/3AE5a_Gx8qHpf8_pKop7tGuXAT2ep1Z7HqYg53ug3ehDVnznuEMUinR2oGx7FuPc0uZtJQ84_6mHq0l2enIOohFfZK2s3Nz4HMeJVpFMHxlK4JZ0YAk_hdFGv8BKOiV4WpModiag6ZQmIO3_5d9kmI793wl5KpzQ2lCpmeBxF4YbawElRUQLqVR79LYv8dh2uye7bXi50fpuVNvM3rsTPoI6Yjf8AJqkkG4_Qkq1sujW_yv136veyaEetsyaCVaU?authuser=1&fife=s16383","true","200","image/png","89 50 4E 47","pending_browser_validation","recovered","/assets/images/investment/investment-LY-INV-000672-03.png"
"investment","فندق التوليب السياحي الخمس","672","LY-INV-000672","https://mymaps.usercontent.google.com/hostedimage/m/*/3AE5a_Gy1FAOg5CT3vl9cM4xJYQPNNiIm5WweHTY6Szxrf4ESWu0T-zTYmvP62cEFEAU1mLx7iMe6cOQx3H8NNj6TQoeE0Tn7uKdtLXNwm-zMdmig5VpUrSdCbdmjHcmWqLXScDDJfuNIzyZuUBZ6hJhYcpqlhk1XnaAL25FWoJo8JZxbD70NT1qfzjvuj7UwnxvXDKfYvoZ2UrzulkrdWvbFV9JnnGwaq7HTUSIbdMtOQYt-BM3CmW6IiYqxs28?authuser=1&fife=s16383","https://mymaps.usercontent.google.com/hostedimage/m/*/3AE5a_Gy1FAOg5CT3vl9cM4xJYQPNNiIm5WweHTY6Szxrf4ESWu0T-zTYmvP62cEFEAU1mLx7iMe6cOQx3H8NNj6TQoeE0Tn7uKdtLXNwm-zMdmig5VpUrSdCbdmjHcmWqLXScDDJfuNIzyZuUBZ6hJhYcpqlhk1XnaAL25FWoJo8JZxbD70NT1qfzjvuj7UwnxvXDKfYvoZ2UrzulkrdWvbFV9JnnGwaq7HTUSIbdMtOQYt-BM3CmW6IiYqxs28?authuser=1&fife=s16383","true","200","image/png","89 50 4E 47","pending_browser_validation","recovered","/assets/images/investment/investment-LY-INV-000672-03.png"
"investment","فندق التوليب السياحي الخمس","672","LY-INV-000672","https://mymaps.usercontent.google.com/hostedimage/m/*/3AE5a_Gysb2pYR4q4qMwT-HDyrE_WyOjN8VmZKUlmRp8j68n46mNafDRGyRv_o3_zf4cnJbRo8Vcexyf54vFAkgSQT1NqpHe2tQljL_gNAOISUPQdo9viX4v7RUynn-sq349pKD61BF5EYw7ScKmalaOagD2W4fEv10FizD9Q987Uo9mLE_EbwmsPyrXor_iJNZbfP4pti7OzsilcfdrsI3D5as6bgARpIUArw0EjAH7mK2vjR849chYRLpwzs60?authuser=1&fife=s16383","https://mymaps.usercontent.google.com/hostedimage/m/*/3AE5a_Gysb2pYR4q4qMwT-HDyrE_WyOjN8VmZKUlmRp8j68n46mNafDRGyRv_o3_zf4cnJbRo8Vcexyf54vFAkgSQT1NqpHe2tQljL_gNAOISUPQdo9viX4v7RUynn-sq349pKD61BF5EYw7ScKmalaOagD2W4fEv10FizD9Q987Uo9mLE_EbwmsPyrXor_iJNZbfP4pti7OzsilcfdrsI3D5as6bgARpIUArw0EjAH7mK2vjR849chYRLpwzs60?authuser=1&fife=s16383","true","200","image/png","89 50 4E 47","pending_browser_validation","recovered","/assets/images/investment/investment-LY-INV-000672-05.png"
"investment","فندق التوليب السياحي الخمس","672","LY-INV-000672","https://mymaps.usercontent.google.com/hostedimage/m/*/3AE5a_GwiiORbCO4n1N8wg4jMwWAE3-matGPB04sC8yj6v4e6aQC55Es7jYSWRShM9MnG4iFIk3psECsML54r9KxIlqhkgUgk5zIlVa4KNVWFsKaUajILkdHxN9h2qnKhmwjzYUbsMtHwlHo6gqe9n9_ilmx2_7DNZUv7FOlGlQIGxBaM2rY59vhhSKPihmTK94jDYSRf5O3cPEb0-7yGjyh-GKAaK1fpvtLskAX237Xp5PWF6kYKNBQqplYfGXQ?authuser=1&fife=s16383","https://mymaps.usercontent.google.com/hostedimage/m/*/3AE5a_GwiiORbCO4n1N8wg4jMwWAE3-matGPB04sC8yj6v4e6aQC55Es7jYSWRShM9MnG4iFIk3psECsML54r9KxIlqhkgUgk5zIlVa4KNVWFsKaUajILkdHxN9h2qnKhmwjzYUbsMtHwlHo6gqe9n9_ilmx2_7DNZUv7FOlGlQIGxBaM2rY59vhhSKPihmTK94jDYSRf5O3cPEb0-7yGjyh-GKAaK1fpvtLskAX237Xp5PWF6kYKNBQqplYfGXQ?authuser=1&fife=s16383","true","200","image/png","89 50 4E 47","pending_browser_validation","recovered","/assets/images/investment/investment-LY-INV-000672-06.png"
"investment","فندق بيت سباب الخمس","673","LY-INV-000673","https://mymaps.usercontent.google.com/hostedimage/m/*/3AE5a_GxHcBGrHpZeb7B_Wn_SSJw1Leic1H0Uz-IDJuIuu5LbadaXzMOY2YqgONUnw59WZ6AejrbTNPzqZ-FulKmER4ESiEjFW2MPbX-WVhFCT9H9jyapnjpa-iVSPPitCu4xfcLrK0-Ndhws56CXP9k7VOFOT4tFtBQk_s7DAq4UEJ6HGLfZj_AfqubmOpPCGXnGyQ8ZpxJL_3-i9HdkGmIkXQLAyC_1mcJN8GAlWSgJiwjfaQu-nWhhcWVsYUo?authuser=1&fife=s16383","https://mymaps.usercontent.google.com/hostedimage/m/*/3AE5a_GxHcBGrHpZeb7B_Wn_SSJw1Leic1H0Uz-IDJuIuu5LbadaXzMOY2YqgONUnw59WZ6AejrbTNPzqZ-FulKmER4ESiEjFW2MPbX-WVhFCT9H9jyapnjpa-iVSPPitCu4xfcLrK0-Ndhws56CXP9k7VOFOT4tFtBQk_s7DAq4UEJ6HGLfZj_AfqubmOpPCGXnGyQ8ZpxJL_3-i9HdkGmIkXQLAyC_1mcJN8GAlWSgJiwjfaQu-nWhhcWVsYUo?authuser=1&fife=s16383","true","200","image/png","89 50 4E 47","pending_browser_validation","recovered","/assets/images/investment/investment-LY-INV-000673-01.png"
