"layer","placemark","raw_path","actual_filesystem_path","resolved_url","http_status","result"
"old-tripoli","فندق زميت الأثري","https://mymaps.usercontent.google.com/hostedimage/m/*/3AAjQbR4gizkHleGpFSFlFLU9xrcihvmFJ4DAYdsRrDCFLRp6b7rDiB8IHYfErClB-TBNUWcbaF-ZFFjqSHIeCf02doC7WQ7Qu8gUtHBSL7NRCeSsRFk_o9iCC6oajs4g55O8agoc2H-vgqzGvE8tI1RMpARZiQWQVLkKq7Ts2j-MAL6M6tWZI80RhuwHwFdcHCtn-L2G4zQj43j_hB4iRYYrDGFC8azONv9tdxo0rAuabUtOE5hivcuEI0yeaNQ?authuser=1&fife=s16383","","https://mymaps.usercontent.google.com/hostedimage/m/*/3AAjQbR4gizkHleGpFSFlFLU9xrcihvmFJ4DAYdsRrDCFLRp6b7rDiB8IHYfErClB-TBNUWcbaF-ZFFjqSHIeCf02doC7WQ7Qu8gUtHBSL7NRCeSsRFk_o9iCC6oajs4g55O8agoc2H-vgqzGvE8tI1RMpARZiQWQVLkKq7Ts2j-MAL6M6tWZI80RhuwHwFdcHCtn-L2G4zQj43j_hB4iRYYrDGFC8azONv9tdxo0rAuabUtOE5hivcuEI0yeaNQ?authuser=1&fife=s16383","200","decode_failed_browser"
"old-tripoli","فندق زميت الأثري","https://mymaps.usercontent.google.com/hostedimage/m/*/3AAjQbR7BRRxD8Zn5D1zrZLrC7hpxjFFYZgTzJGKiHMS6vqsvuvqsUfTgBUGA8txtQuQcPS7oeWlTjUUBHdAEwLY8gX-eRMnH2zEesdSLdMbtslNJIXJrfuBvvdHxC6gPtCPRxnlhUUeaq39Uj-dbonNyhki_yV1Qaaq1unXy9qWmf9j-1QlvwzrIY310woCtq1JAjbigifZvL9jQAj1PqlN8rz1-YHNRFBbcB8f7WLPYE00N23zsiPbUK2wZlRE?authuser=1&fife=s16383","","https://mymaps.usercontent.google.com/hostedimage/m/*/3AAjQbR7BRRxD8Zn5D1zrZLrC7hpxjFFYZgTzJGKiHMS6vqsvuvqsUfTgBUGA8txtQuQcPS7oeWlTjUUBHdAEwLY8gX-eRMnH2zEesdSLdMbtslNJIXJrfuBvvdHxC6gPtCPRxnlhUUeaq39Uj-dbonNyhki_yV1Qaaq1unXy9qWmf9j-1QlvwzrIY310woCtq1JAjbigifZvL9jQAj1PqlN8rz1-YHNRFBbcB8f7WLPYE00N23zsiPbUK2wZlRE?authuser=1&fife=s16383","200","decode_failed_browser"
"old-tripoli","فندق زميت الأثري","https://mymaps.usercontent.google.com/hostedimage/m/*/3AAjQbR6dD7kSQla9_fFPeZPJkgJ1pfjXf2tzOPMf6xiCT69Zl2no-ZZMs0UBSBu0E5evr859k8jhQHRoZs-xBLiFLrEFsqTRMMvnL6j0TaEK8amh3dVt6RwW15QdLJmpcQTSQoCtKtXNOfdCvyapy15NKujJnsSgLRm6h9nK3rlIKIlGV0Gs380WD-XO7_9fH3SM5Wjv5YmIUTSHLk-Jl2oENDyvk0xsgc5c0YGnGhbXn3JaFIKZZRU-FhTVN4E?authuser=1&fife=s16383","","https://mymaps.usercontent.google.com/hostedimage/m/*/3AAjQbR6dD7kSQla9_fFPeZPJkgJ1pfjXf2tzOPMf6xiCT69Zl2no-ZZMs0UBSBu0E5evr859k8jhQHRoZs-xBLiFLrEFsqTRMMvnL6j0TaEK8amh3dVt6RwW15QdLJmpcQTSQoCtKtXNOfdCvyapy15NKujJnsSgLRm6h9nK3rlIKIlGV0Gs380WD-XO7_9fH3SM5Wjv5YmIUTSHLk-Jl2oENDyvk0xsgc5c0YGnGhbXn3JaFIKZZRU-FhTVN4E?authuser=1&fife=s16383","200","decode_failed_browser"
"hotels","فندق كورنثيا","https://lh3.googleusercontent.com/umsh/AN6v0v4pB2oz1gWzz6aEqvBi_fNDQjp8AlmKVXn1cD6eVVyJeOeUzZcEB7aouYjG7HTXTmC60oIufrhMy7yjtZD2J5wFkVD47Xkdlmene8wTyRCoQgR77_mpufMlUzBssD_IDHI0CgCy9EMMkOey-bWLYS105Jrmzeg1drokZ8L9wZlG9cT9k8F9d9bDNfvEa1e68FixbnezVrO286Mbu5m923phPOCNMaiLHaPaPRebD9LUdhvjgRdn6rNAkD42CIqGyWKR9nYaQGp6kkUfgR-7V6OkpnQW4mhgTtEdLKA3GkgzcMYFCCUERJtwaC0re4TYot6Fzr_FHPAwJSgHBEG1T7M0tvtja_X8MzxGyCRE3EPOTtigH35mbjceOQy-rTDlxrSOn-OxQfJF_zgf62lK5H4VdTC191AXH7UpylJCjlYTcpbGRSh_noP-4RSKKCB3Jo1gIqfyH0rR5WC8ipV1bKX43p6YvFTUv7jfcl9ICjq-p-kNMEdYtlDHGmEArJgx772vztn3ZTyD-IPcJPB-gmsdeKqNSz3goG9qOjApGO3LFCN-XfgTkCIjg-2Ct7pL91yl_PPQ-UiDE9m-kJYf0Wwz5D94Wz25hlZk1HSmFHlUwaRjFF4xvHr58jnpw6luGdrPFs-yexqhv01sBT8slhp3STHH_7YbhxDviVuqeZWyy4YWLZxaj6JvNPhTbZGiMUq1UsWmYFDpdoPTiPuGvnxo5I-gaFgeFSgJjC7H_KxRAzzLMCHW1XKWleKUA1ZrVd9kkRihvxQvHKlrabh81zQ09KO1DAYNiagXzFLCJON_HXZeDtnJI-16d9uDXIc9sQPdtxybInPV_1eccqD_xANDOJveN9tQbsjMWtdzJbyDQ5-cb39c1d6h98Ra_6RY1vcNh2TmI1HTlrGvjH4RJw99FP8245YhbI_WcOqQ_ulsFf84gx-SvPIDNWY5XQyv31t947RDLfi_PAHhuvwemo_NBv8GZlnFoePX6EFI5ruLDF2grErao-6HQ0EabuawfadQwT7dSWA5t5iNn7S8xVYIRUegO98SZkXhxqJn_HJHKkSi3mNlT1pX2s9oj47AThZZOsq0RpFV-WkooMUldnMCStohIUlaY9YT7LVWND2nCCPlnj_izi4vGWpXTxTmzRvlwZZT81OwDLqQN5aCjKKSsSG2gZOGjsVm2JnjIceOebN6F63WTHJ0APAgahjIWNcFP5EVXteULX9xzYIZfZ6DVBD3r0lrxkCu5fMZPYPl5iUBFGuLudNWNMLuVo6BFLEkkvacJBGzTrNEsqbNO_Of_aDzMgyaq9hhmisaNUMePfMMbQ-E6G-j41ZzlSD06ofE7L9SIj-rpk55mzpJTdLnh1wc9KW8aS7hmP7_Kmu8PcbmYCKv9MHHVw5uuMzlTLPctPjHkwM-nnfTIq3vvGqIDWLFfK2fYBVqI9FYM_Cuql8_-0ZMc7b9gJjL3bvRsf8odjeULFD4vw5xrLJ5KnBhY7UOEkpGUofa9Zf1NTLO6HGY","","https://lh3.googleusercontent.com/umsh/AN6v0v4pB2oz1gWzz6aEqvBi_fNDQjp8AlmKVXn1cD6eVVyJeOeUzZcEB7aouYjG7HTXTmC60oIufrhMy7yjtZD2J5wFkVD47Xkdlmene8wTyRCoQgR77_mpufMlUzBssD_IDHI0CgCy9EMMkOey-bWLYS105Jrmzeg1drokZ8L9wZlG9cT9k8F9d9bDNfvEa1e68FixbnezVrO286Mbu5m923phPOCNMaiLHaPaPRebD9LUdhvjgRdn6rNAkD42CIqGyWKR9nYaQGp6kkUfgR-7V6OkpnQW4mhgTtEdLKA3GkgzcMYFCCUERJtwaC0re4TYot6Fzr_FHPAwJSgHBEG1T7M0tvtja_X8MzxGyCRE3EPOTtigH35mbjceOQy-rTDlxrSOn-OxQfJF_zgf62lK5H4VdTC191AXH7UpylJCjlYTcpbGRSh_noP-4RSKKCB3Jo1gIqfyH0rR5WC8ipV1bKX43p6YvFTUv7jfcl9ICjq-p-kNMEdYtlDHGmEArJgx772vztn3ZTyD-IPcJPB-gmsdeKqNSz3goG9qOjApGO3LFCN-XfgTkCIjg-2Ct7pL91yl_PPQ-UiDE9m-kJYf0Wwz5D94Wz25hlZk1HSmFHlUwaRjFF4xvHr58jnpw6luGdrPFs-yexqhv01sBT8slhp3STHH_7YbhxDviVuqeZWyy4YWLZxaj6JvNPhTbZGiMUq1UsWmYFDpdoPTiPuGvnxo5I-gaFgeFSgJjC7H_KxRAzzLMCHW1XKWleKUA1ZrVd9kkRihvxQvHKlrabh81zQ09KO1DAYNiagXzFLCJON_HXZeDtnJI-16d9uDXIc9sQPdtxybInPV_1eccqD_xANDOJveN9tQbsjMWtdzJbyDQ5-cb39c1d6h98Ra_6RY1vcNh2TmI1HTlrGvjH4RJw99FP8245YhbI_WcOqQ_ulsFf84gx-SvPIDNWY5XQyv31t947RDLfi_PAHhuvwemo_NBv8GZlnFoePX6EFI5ruLDF2grErao-6HQ0EabuawfadQwT7dSWA5t5iNn7S8xVYIRUegO98SZkXhxqJn_HJHKkSi3mNlT1pX2s9oj47AThZZOsq0RpFV-WkooMUldnMCStohIUlaY9YT7LVWND2nCCPlnj_izi4vGWpXTxTmzRvlwZZT81OwDLqQN5aCjKKSsSG2gZOGjsVm2JnjIceOebN6F63WTHJ0APAgahjIWNcFP5EVXteULX9xzYIZfZ6DVBD3r0lrxkCu5fMZPYPl5iUBFGuLudNWNMLuVo6BFLEkkvacJBGzTrNEsqbNO_Of_aDzMgyaq9hhmisaNUMePfMMbQ-E6G-j41ZzlSD06ofE7L9SIj-rpk55mzpJTdLnh1wc9KW8aS7hmP7_Kmu8PcbmYCKv9MHHVw5uuMzlTLPctPjHkwM-nnfTIq3vvGqIDWLFfK2fYBVqI9FYM_Cuql8_-0ZMc7b9gJjL3bvRsf8odjeULFD4vw5xrLJ5KnBhY7UOEkpGUofa9Zf1NTLO6HGY","404","http_error"
"hotels","فندق كورنثيا","https://lh3.googleusercontent.com/umsh/AN6v0v7CYlz4fMCa_oobLaB5siLnHlkxM6fMeYqAvN06sk4WtP0XXu46zc7MrgIAL7I55eNr7CMzGqo63HRgsQHAorXpWv6pc0bf6WRY6ph0AlgsObBswgLgKPcGdbN5iL4ln2Lq6wYK-h8tF7oBj0dLz29EK4o_sPhH6uZVYZYuk_quQ-2bp3QwWmcvOrJR6t7--rL0auZTkTmQVJMppuefZr4gQP5z3QrtLR3aBKucCn4n7-XM6suv-WRcxz54Pn8rinlCPs_AO3nOtGayMcqVxyzohInRo7_ItEvaI0TX5WkmC4EIjVUCGfC2H4OZDvfFNDbB69kWJJkPjcZbyGpg8caLFKDFigV_04orWXaX6qIjtbod4D7l-yCxJmONe6SUlI_mn2JaRV7zlixqpMBATaLLfNJN284mmousyxQzJ0xoHLh1-3WOcCgwOAidZzB8kGnSrk4TW7wGlLc32th5nhWvkgisfUsMia4VJoJsjp5Z7q8cu3ZzMKbxO5DSnLMBlIbfLPparlhss7mvAlWnLsh0bcOkT65IzU683MegPm8JpnOYM5Guc5vRl5KZamTWnYFHSSgvjtWBsRYTwuO_uV-i8ij2y-eg4IVk7NVUdswQxiLVH8h1inJAgs-WUx854Ct37G_tIwG0SQBIQ8A-gS_171yvk3h-WRTGgU1VGrGe3x2xIbayX-XqlSLccXTjpIr3_eezuw-7LjXcymB0XqjoNCMMpgJEukmLmvAzjgvy2d7QRP1o5OmU0NpjEAAk3cJVxK9guN_MnkIjFh62aUt-Eq_6OsbxMiDtabclP3NK23JK3wAoaBaUFqB_rCZN-vB7_UW2-dipRGgMRnA8u1ve-DJEgHbEYnO060o-SpQDtgilGmDm9H2aQtn_ZOIksEq5vOt-6vCWSwO7-3wSa1h9eNIOZYs4kxBgu7wRyvWpHS7gOXRte5AMw6APg-hGKf4oksAP5otWUOG2HnUV2s4Ccxjh21DSf0lZbYptffcebVXYruIE-Q3iPHgcJHEFDJRO47IVkGu5XX62jUrTm0_GUFc7JbP7RR2AG-5HKe6yCy6lwRMjYYqyIvZJYniOTSNmFjWLhIXGeoXt-8sWg0tDxI2aq_xsqhraqytBtry1AtjPJp1MPYK8SfVl6IMDhJp3zWhi5NDwmSLDSRQI-Y70M29-fVjSO-a-gED-Dpvw6vlmsd2Dm31mSKsYIeLUhFTf8X-wOhv60_eAIbxbYZjX6M_m5MCZOtL0jiJVRMGygG2Zb8OVKRr1Wnyt6jDyKefDCQ7YXLKRhuPQpRrycAtxjD_F8aUZofmwGIgqh0orGWZNamGnG3EXHqvlArI4XUGNaqCPhtBiVHrqvU2ZR0TkVMrygdSQPzrtetouwcFfz86tBApD7HtD7Jyzfi_MCxiQXckIseMpw47Fwe93KHEG6zJ6TGKVRJLYYHPlIUOadOkO3c81LODSuQGxV4TJS2Dw7sdz1wDfRNXS11LoJysPRFU6OR6vJNNZa8Q1WUh367NUF5U","","https://lh3.googleusercontent.com/umsh/AN6v0v7CYlz4fMCa_oobLaB5siLnHlkxM6fMeYqAvN06sk4WtP0XXu46zc7MrgIAL7I55eNr7CMzGqo63HRgsQHAorXpWv6pc0bf6WRY6ph0AlgsObBswgLgKPcGdbN5iL4ln2Lq6wYK-h8tF7oBj0dLz29EK4o_sPhH6uZVYZYuk_quQ-2bp3QwWmcvOrJR6t7--rL0auZTkTmQVJMppuefZr4gQP5z3QrtLR3aBKucCn4n7-XM6suv-WRcxz54Pn8rinlCPs_AO3nOtGayMcqVxyzohInRo7_ItEvaI0TX5WkmC4EIjVUCGfC2H4OZDvfFNDbB69kWJJkPjcZbyGpg8caLFKDFigV_04orWXaX6qIjtbod4D7l-yCxJmONe6SUlI_mn2JaRV7zlixqpMBATaLLfNJN284mmousyxQzJ0xoHLh1-3WOcCgwOAidZzB8kGnSrk4TW7wGlLc32th5nhWvkgisfUsMia4VJoJsjp5Z7q8cu3ZzMKbxO5DSnLMBlIbfLPparlhss7mvAlWnLsh0bcOkT65IzU683MegPm8JpnOYM5Guc5vRl5KZamTWnYFHSSgvjtWBsRYTwuO_uV-i8ij2y-eg4IVk7NVUdswQxiLVH8h1inJAgs-WUx854Ct37G_tIwG0SQBIQ8A-gS_171yvk3h-WRTGgU1VGrGe3x2xIbayX-XqlSLccXTjpIr3_eezuw-7LjXcymB0XqjoNCMMpgJEukmLmvAzjgvy2d7QRP1o5OmU0NpjEAAk3cJVxK9guN_MnkIjFh62aUt-Eq_6OsbxMiDtabclP3NK23JK3wAoaBaUFqB_rCZN-vB7_UW2-dipRGgMRnA8u1ve-DJEgHbEYnO060o-SpQDtgilGmDm9H2aQtn_ZOIksEq5vOt-6vCWSwO7-3wSa1h9eNIOZYs4kxBgu7wRyvWpHS7gOXRte5AMw6APg-hGKf4oksAP5otWUOG2HnUV2s4Ccxjh21DSf0lZbYptffcebVXYruIE-Q3iPHgcJHEFDJRO47IVkGu5XX62jUrTm0_GUFc7JbP7RR2AG-5HKe6yCy6lwRMjYYqyIvZJYniOTSNmFjWLhIXGeoXt-8sWg0tDxI2aq_xsqhraqytBtry1AtjPJp1MPYK8SfVl6IMDhJp3zWhi5NDwmSLDSRQI-Y70M29-fVjSO-a-gED-Dpvw6vlmsd2Dm31mSKsYIeLUhFTf8X-wOhv60_eAIbxbYZjX6M_m5MCZOtL0jiJVRMGygG2Zb8OVKRr1Wnyt6jDyKefDCQ7YXLKRhuPQpRrycAtxjD_F8aUZofmwGIgqh0orGWZNamGnG3EXHqvlArI4XUGNaqCPhtBiVHrqvU2ZR0TkVMrygdSQPzrtetouwcFfz86tBApD7HtD7Jyzfi_MCxiQXckIseMpw47Fwe93KHEG6zJ6TGKVRJLYYHPlIUOadOkO3c81LODSuQGxV4TJS2Dw7sdz1wDfRNXS11LoJysPRFU6OR6vJNNZa8Q1WUh367NUF5U","404","http_error"
"hotels","فندق كورنثيا","https://lh3.googleusercontent.com/umsh/AN6v0v6f-p978ZFQS7V8gdaPXprzWkye7zx0VPpxI3RPzlHMbhTPr4rCeGTejTkXvG1bcTYWy-noXPdpt5o8XbJAqr_vWQTGZADplTgfiTMgRxhHwNu5B30hZYGEbZjJnDZMGOU0wH8hQkoIdgqaoeClY8o_3TDqdMJei2a5qTuDEZCxP3aQ6IAIKP5IvEsvZzDnZL0BDyu9aZyKbqwi_xMFQjMpNzBhegEqBLW4FzpE4tlW1uYiPNUe8lPWgSTkJPzB3Co4NL5pX-yFghRrLLopmpY95wjNHRS_Lrv2VvwBAfbWq9zQXhspwNNsz-hBl9pAiQAleY6AhxoFBXnDV7Omc4a_Hyi1GzKBHPm1FAYIYTV3LNVqOyuG8kEIGGL0txRcumJnSEouv-iLbaHJ-l3xIBusjgeuS11shzz03qVjHb0tMjNCKgba7ZN2ZjXcB3WSai2cXzQxJsfRB2zgsc8e4kBOW55GiZ-ZaJrRUdEWKEh_sPX94DJUf1xbaqMpQBxyW2bO_hWjYF5ms_iWpI1UFmpqwgDnlW2nrRA3PYeX1x8oRJ0Do4ZKWldoMTRa6LmCAPVHbIK96IGOAOTp2YAvgeTz7Ac7XZ-qEtrlO7RJiLOl9MMens2e2WN2GZEy-GOkDwUf2-MupSEIYQAlrmBjeEgktUukQZu94nnrKKzOWmzze2lQXDLubsARdLTRhlvc2QWHPt8Ds8Lh_8UkSjEh6x2dKIFrP-dlpUIkXU8K8lorRxlso0NoyIesXjCGn0TsANThMjwGTHQ-F8wmx28aHeRibrEd-rEJRhWprRTDFJLS9MNvXSvzXwiQxGWdqEt1y4Nufz77qWNc4dDsm97H7yKjfsaYYO0oSKa_4S18vAezfgiCt0aXZYNUayvadgQdYGzoXRqZ_8dTqlndprH8bMXabodWzDTg3Jx1yOtaK4UWIlngqHXx17gYJo6r7pz5MyEPTUSdPDfFkbzriNzeggrDeHwu9tKh13psMc4sM4LfAERKsiemkL-iBR7vGDokCcaLO6sZ_D6T9hQBup93SCWkDyBJOVvgeFdgiBDN431RHWbTaSBEVGhH2J-PM1omOn-Y6z6vWfPAv1Wdw_Sp6zGVOC7YnHUUmaZyHYcRlL_r3zahhKOYvKgn1EIQUVpbsS2ZCdrCmAG-qsqkQsAcrx1OuaQ09x_GDJx6_SJ8aCfF1ckMMBXCfo4ALkzwjfCrUTiWj88nnPrGnFcDPylWFVSqrQFC1I6Se2m0eNYSF7uJ0Sj5PN8l3EgZap7gek7SKuXNN8vajCkFlTQDClw5rxtGkvw143koMLmoiNrz1iLdc0akBJ3Y9Rf9etzZZgBE5B26eBuzEDIzTD7JIJKPF1OubBbEG38_26MA_jdpMyH2CBKa3ZphW-sgNrN1UxokhU2um0ECq1Nw7CFx9X86f0NXf81HiWxFx4uZBZRrt3ObvFbzzEidum9ybwrlGx2Aalo3rU0JVAEdVgswKz2vOaPyae2IDNXHCZ7m0Nyd6LlqrEoYMsE","","https://lh3.googleusercontent.com/umsh/AN6v0v6f-p978ZFQS7V8gdaPXprzWkye7zx0VPpxI3RPzlHMbhTPr4rCeGTejTkXvG1bcTYWy-noXPdpt5o8XbJAqr_vWQTGZADplTgfiTMgRxhHwNu5B30hZYGEbZjJnDZMGOU0wH8hQkoIdgqaoeClY8o_3TDqdMJei2a5qTuDEZCxP3aQ6IAIKP5IvEsvZzDnZL0BDyu9aZyKbqwi_xMFQjMpNzBhegEqBLW4FzpE4tlW1uYiPNUe8lPWgSTkJPzB3Co4NL5pX-yFghRrLLopmpY95wjNHRS_Lrv2VvwBAfbWq9zQXhspwNNsz-hBl9pAiQAleY6AhxoFBXnDV7Omc4a_Hyi1GzKBHPm1FAYIYTV3LNVqOyuG8kEIGGL0txRcumJnSEouv-iLbaHJ-l3xIBusjgeuS11shzz03qVjHb0tMjNCKgba7ZN2ZjXcB3WSai2cXzQxJsfRB2zgsc8e4kBOW55GiZ-ZaJrRUdEWKEh_sPX94DJUf1xbaqMpQBxyW2bO_hWjYF5ms_iWpI1UFmpqwgDnlW2nrRA3PYeX1x8oRJ0Do4ZKWldoMTRa6LmCAPVHbIK96IGOAOTp2YAvgeTz7Ac7XZ-qEtrlO7RJiLOl9MMens2e2WN2GZEy-GOkDwUf2-MupSEIYQAlrmBjeEgktUukQZu94nnrKKzOWmzze2lQXDLubsARdLTRhlvc2QWHPt8Ds8Lh_8UkSjEh6x2dKIFrP-dlpUIkXU8K8lorRxlso0NoyIesXjCGn0TsANThMjwGTHQ-F8wmx28aHeRibrEd-rEJRhWprRTDFJLS9MNvXSvzXwiQxGWdqEt1y4Nufz77qWNc4dDsm97H7yKjfsaYYO0oSKa_4S18vAezfgiCt0aXZYNUayvadgQdYGzoXRqZ_8dTqlndprH8bMXabodWzDTg3Jx1yOtaK4UWIlngqHXx17gYJo6r7pz5MyEPTUSdPDfFkbzriNzeggrDeHwu9tKh13psMc4sM4LfAERKsiemkL-iBR7vGDokCcaLO6sZ_D6T9hQBup93SCWkDyBJOVvgeFdgiBDN431RHWbTaSBEVGhH2J-PM1omOn-Y6z6vWfPAv1Wdw_Sp6zGVOC7YnHUUmaZyHYcRlL_r3zahhKOYvKgn1EIQUVpbsS2ZCdrCmAG-qsqkQsAcrx1OuaQ09x_GDJx6_SJ8aCfF1ckMMBXCfo4ALkzwjfCrUTiWj88nnPrGnFcDPylWFVSqrQFC1I6Se2m0eNYSF7uJ0Sj5PN8l3EgZap7gek7SKuXNN8vajCkFlTQDClw5rxtGkvw143koMLmoiNrz1iLdc0akBJ3Y9Rf9etzZZgBE5B26eBuzEDIzTD7JIJKPF1OubBbEG38_26MA_jdpMyH2CBKa3ZphW-sgNrN1UxokhU2um0ECq1Nw7CFx9X86f0NXf81HiWxFx4uZBZRrt3ObvFbzzEidum9ybwrlGx2Aalo3rU0JVAEdVgswKz2vOaPyae2IDNXHCZ7m0Nyd6LlqrEoYMsE","404","http_error"
"hotels","فندق كورنثيا","https://lh3.googleusercontent.com/umsh/AN6v0v7HJ2KHWP7qPgHUSN0uUcA5EYGrh6KttuIepMY-J6vOwh6qmZ190gOsV05VwVEobGCgUbDGmD6QA5WrTKBnJIQF5thxxW5LUb0rRx3dfhqX3iDiC6lnxzY3rvJPj9my9yDTCBSfAhlZ_NIduKZT_C1Z7zoxK6qwsgouY6-BT84gX3W3Y_HKN4h1SLKE26MrxB3ZtUkCPotihWgbmjNMzwodcs64UBfim8SWFUd4nBsRkris_Y2ygVHlOkVTueLWWeIa9M7YuceWIUZBeB0W0i4VZzNkSenr4K6m8S_r27mJng5RYzPpKa8rfXbXARjpByt4UpRGG6yfezxy6U1WLTO_ZP4QAtaPyVP4kBq0Rc4Ihk2kyRqAnIbgkpo7J0fAJiDb2Rp7PPHMNpYh29Dj6GV30thIeVafjfvMljodbFlEXHa4OKlXrRFP_H_bTHHv-xkP-LZeFmrUHZBrpErhe69KVvtMn2qaFjI-whi-YfqVjhY7rkjg4j6tysB8x-HYzb-rHtGi8s0cRZ658Nv0JhrFSePZ9DluGdyMsNYS-oKD85j-by5rxV1b-Lgvk_e0EOPAStJ6kdYm1iaJ5cnF8EXuYiU1z-B_kApQAvBTQstNrXAWHFoNhgKMG4n5Ofd0lNA7tRgqcUUvIvLCxQpDGFwaSNRdK7Ip61oWY6JlDBFBEjcxXoyMDBO1t_oNMjXo3tKRhVbZQsHkLvBQZ7mCJZFFs79akkM2-VObN5-8SPV1d2rz-Yp5_LjPhE5gJpBaZ2C-_uuR5sBKjvoz9BFIlc6LtaHVi5bXj53JfNcF637Z4Fjbm2KrpDhghGQEH-EnP54ffE92YoyA1Yek95Ndzde8QEEvT-nFCyFrk00x-iV9UMVc0xlwWAoTj-UHYUwrWw8n4kekZrLUforZ6uZFlklNutPTgVGtMmg-VU-vEoK-e5asNWNPdSNqLVVHTguotkSxI0NAnMg5dKmHkk_Gbj0csxPb8p-Z2AgVaoUsmmAxokUB6y2kndK87Gl41B4uvkEeKn2D-9RzuQuaz9LdqrMRdCW2GzgsJQhCNHn98vVMzfpAMMpJj8Bv1i9itNF_040jyJxX_lL-01dgFiBHXSKLyFCSZE_r3-b7kVXUIW4OwEZJNJUDJ121wQbWrNsSBemtlhs7rqK9r4gqIys07a_oS7l2jVDVGBC9MCUMdwcvHZWbz24x-FSgtoQ6SjPP3mO5kZIOA8oucqYfDZ1YmAatRDb1NgtwZGNPLuL0OwlJc6Kw7GdPKJrv1c4Su36Vz2wl0ox9ZmIot7Q3WqbUTrCfh5jOdcZnVlb6vdEvdBz36v5z26nxxEiPbgGaN4BhJSKhMgXNArk8Ax7ejHl9KVV96u42Mmek-jIt5S3RBIxU59B-Ot1fwNMKChB1ClK_r40gzFmD_O7n3ugqwMXo10bxVTzvODeCILDHqaJf7MN45U7jXbl3u94LdzuiAKeBVZbB7W5WhnVMqwVedxXWNFVRnLPmor7bAWEmwNjl-zNGS6bxMA","","https://lh3.googleusercontent.com/umsh/AN6v0v7HJ2KHWP7qPgHUSN0uUcA5EYGrh6KttuIepMY-J6vOwh6qmZ190gOsV05VwVEobGCgUbDGmD6QA5WrTKBnJIQF5thxxW5LUb0rRx3dfhqX3iDiC6lnxzY3rvJPj9my9yDTCBSfAhlZ_NIduKZT_C1Z7zoxK6qwsgouY6-BT84gX3W3Y_HKN4h1SLKE26MrxB3ZtUkCPotihWgbmjNMzwodcs64UBfim8SWFUd4nBsRkris_Y2ygVHlOkVTueLWWeIa9M7YuceWIUZBeB0W0i4VZzNkSenr4K6m8S_r27mJng5RYzPpKa8rfXbXARjpByt4UpRGG6yfezxy6U1WLTO_ZP4QAtaPyVP4kBq0Rc4Ihk2kyRqAnIbgkpo7J0fAJiDb2Rp7PPHMNpYh29Dj6GV30thIeVafjfvMljodbFlEXHa4OKlXrRFP_H_bTHHv-xkP-LZeFmrUHZBrpErhe69KVvtMn2qaFjI-whi-YfqVjhY7rkjg4j6tysB8x-HYzb-rHtGi8s0cRZ658Nv0JhrFSePZ9DluGdyMsNYS-oKD85j-by5rxV1b-Lgvk_e0EOPAStJ6kdYm1iaJ5cnF8EXuYiU1z-B_kApQAvBTQstNrXAWHFoNhgKMG4n5Ofd0lNA7tRgqcUUvIvLCxQpDGFwaSNRdK7Ip61oWY6JlDBFBEjcxXoyMDBO1t_oNMjXo3tKRhVbZQsHkLvBQZ7mCJZFFs79akkM2-VObN5-8SPV1d2rz-Yp5_LjPhE5gJpBaZ2C-_uuR5sBKjvoz9BFIlc6LtaHVi5bXj53JfNcF637Z4Fjbm2KrpDhghGQEH-EnP54ffE92YoyA1Yek95Ndzde8QEEvT-nFCyFrk00x-iV9UMVc0xlwWAoTj-UHYUwrWw8n4kekZrLUforZ6uZFlklNutPTgVGtMmg-VU-vEoK-e5asNWNPdSNqLVVHTguotkSxI0NAnMg5dKmHkk_Gbj0csxPb8p-Z2AgVaoUsmmAxokUB6y2kndK87Gl41B4uvkEeKn2D-9RzuQuaz9LdqrMRdCW2GzgsJQhCNHn98vVMzfpAMMpJj8Bv1i9itNF_040jyJxX_lL-01dgFiBHXSKLyFCSZE_r3-b7kVXUIW4OwEZJNJUDJ121wQbWrNsSBemtlhs7rqK9r4gqIys07a_oS7l2jVDVGBC9MCUMdwcvHZWbz24x-FSgtoQ6SjPP3mO5kZIOA8oucqYfDZ1YmAatRDb1NgtwZGNPLuL0OwlJc6Kw7GdPKJrv1c4Su36Vz2wl0ox9ZmIot7Q3WqbUTrCfh5jOdcZnVlb6vdEvdBz36v5z26nxxEiPbgGaN4BhJSKhMgXNArk8Ax7ejHl9KVV96u42Mmek-jIt5S3RBIxU59B-Ot1fwNMKChB1ClK_r40gzFmD_O7n3ugqwMXo10bxVTzvODeCILDHqaJf7MN45U7jXbl3u94LdzuiAKeBVZbB7W5WhnVMqwVedxXWNFVRnLPmor7bAWEmwNjl-zNGS6bxMA","404","http_error"
"hotels","فندق بينثابوليس","https://lh3.googleusercontent.com/umsh/AN6v0v4DLuUEBcyJVerrUj0DLndxIgsWozzv9yY-xv6x9ZfxZybldWMStCfEgqmWac7x3FMdHhY4n0NsIu53rNvO_cOOO9Vz7tvICezYo0oeH4e0HqNdnK4E7Pt7a-1I1wAB87AJri9HnWdTNPsY428fMQLMLcHJydWTRJxU3zS7HoFtDc9Al0Nv3PKf8W8_uLP6eDVxMddulxW-JGO72wqJmenF5zItH-2ezW7WwEIVkmNpDMFCbmo5RACiHNbyVDAp2d_7BpCuQHqSFLP8Y5HNtGakGfAdBXOiiCdm9aEndDlcvygEGySjpKws-sjJ3ZCyUjPSIu1kW3-adxocgAcIk5H2NQK_Xb_dlEZGDQcu7LxXEvyLI_eVSZ-6RO5BBKDhk1_HnX-J8qRoo8WaFyhfGhahEdMlY0O6GP5HqSyWEwMQKl77bJGL_Fh7YaYSryWw4qm7WQ-VVb7MULT5B84y8NPt4Tu6J_dJIcaWKT6JmBZBBIs-wCPwsMM8y465XOH15LQgv1lmIimJYnZGWiUec7Jehy1eR1WyDDP4WYU06OX7hmALkqrIo84PauGjibhYN4ZJfT7Jd903ho8okvFIVQyZJ6uk8jAbLqkxa3npA0mGARnvdCH1HZVMKrkGg9pkoK2UWIYw98-ELtYsbfwo0nO4RXJWU31USNqso3tXN8orM75vwoJbfq_Rfr-ULRUgGpv7EvgP6Ou_5R_nnbjy1z1uChxEp2lGcfwjPg6l79DeIeSvBWwFnky4cUUjhfUHpNo_nimzok8-By52lYcFWPhhds4iDBk4mdjRC_pUkffXzE8rjz3ECTi2_QydXt9Hc5BEQiF0G2aUruxnBtsFfQkGLLD75dmTDBT0L9Ab-Vj2Nr7dX5itgXs8MxqzZzbhVdqRiH-vE789mnW3xOk66-WqytgwIkLtg6xbpnEAD8P1JjF87pWjzdB2n45dnBGdHetIQm-zzvi6igvUADWttkGixd53KE-TeNBXWt6mx48C7DgFIfSYezKrPMKnMKM2xityKX_Rd8P4BzsZlg_kxmNIG8XqvC9NZcX7dwXFRyaXmHDGSqJUFEqfpFkUrkQoulXiaGixx8lKFK9W2qrQMPQsuN1tDf-tCgdkhNCVkdnXD8xUQtSnIGppIdjQKHfRfN72yScuMwOa7B9NutRZvc75yGk7ZgB50XhD0q1zsZnkReb76d2P2EN6WiYaYIOJm_njwncFlCStgQAPZiH7Wk1w5OHyjKZhoADB4YAuXs_0LqwC9hhZG5uWysJqAlT7jBMtO0gFjkMfUKKYxT3fTb129wkzOIWsVgr1dgmZQiTxqSI_TtmtY3ivyMtidOFiBuloHnt1jpiFC4hX6mwi5NymUk0UZLokMQoBvMUkQCDGWS3kCrTHshamCJQdun_AFdEYgoL2trLSBEKQQ0DwHifjolTW_rUXZHQREqBiI5hoAK_1jXSXLDijTuvfNo_V7cnh55VSgAWZgrFzm_V-_naPI38JZZjyqDkhuJcfknum3Qze81o","","https://lh3.googleusercontent.com/umsh/AN6v0v4DLuUEBcyJVerrUj0DLndxIgsWozzv9yY-xv6x9ZfxZybldWMStCfEgqmWac7x3FMdHhY4n0NsIu53rNvO_cOOO9Vz7tvICezYo0oeH4e0HqNdnK4E7Pt7a-1I1wAB87AJri9HnWdTNPsY428fMQLMLcHJydWTRJxU3zS7HoFtDc9Al0Nv3PKf8W8_uLP6eDVxMddulxW-JGO72wqJmenF5zItH-2ezW7WwEIVkmNpDMFCbmo5RACiHNbyVDAp2d_7BpCuQHqSFLP8Y5HNtGakGfAdBXOiiCdm9aEndDlcvygEGySjpKws-sjJ3ZCyUjPSIu1kW3-adxocgAcIk5H2NQK_Xb_dlEZGDQcu7LxXEvyLI_eVSZ-6RO5BBKDhk1_HnX-J8qRoo8WaFyhfGhahEdMlY0O6GP5HqSyWEwMQKl77bJGL_Fh7YaYSryWw4qm7WQ-VVb7MULT5B84y8NPt4Tu6J_dJIcaWKT6JmBZBBIs-wCPwsMM8y465XOH15LQgv1lmIimJYnZGWiUec7Jehy1eR1WyDDP4WYU06OX7hmALkqrIo84PauGjibhYN4ZJfT7Jd903ho8okvFIVQyZJ6uk8jAbLqkxa3npA0mGARnvdCH1HZVMKrkGg9pkoK2UWIYw98-ELtYsbfwo0nO4RXJWU31USNqso3tXN8orM75vwoJbfq_Rfr-ULRUgGpv7EvgP6Ou_5R_nnbjy1z1uChxEp2lGcfwjPg6l79DeIeSvBWwFnky4cUUjhfUHpNo_nimzok8-By52lYcFWPhhds4iDBk4mdjRC_pUkffXzE8rjz3ECTi2_QydXt9Hc5BEQiF0G2aUruxnBtsFfQkGLLD75dmTDBT0L9Ab-Vj2Nr7dX5itgXs8MxqzZzbhVdqRiH-vE789mnW3xOk66-WqytgwIkLtg6xbpnEAD8P1JjF87pWjzdB2n45dnBGdHetIQm-zzvi6igvUADWttkGixd53KE-TeNBXWt6mx48C7DgFIfSYezKrPMKnMKM2xityKX_Rd8P4BzsZlg_kxmNIG8XqvC9NZcX7dwXFRyaXmHDGSqJUFEqfpFkUrkQoulXiaGixx8lKFK9W2qrQMPQsuN1tDf-tCgdkhNCVkdnXD8xUQtSnIGppIdjQKHfRfN72yScuMwOa7B9NutRZvc75yGk7ZgB50XhD0q1zsZnkReb76d2P2EN6WiYaYIOJm_njwncFlCStgQAPZiH7Wk1w5OHyjKZhoADB4YAuXs_0LqwC9hhZG5uWysJqAlT7jBMtO0gFjkMfUKKYxT3fTb129wkzOIWsVgr1dgmZQiTxqSI_TtmtY3ivyMtidOFiBuloHnt1jpiFC4hX6mwi5NymUk0UZLokMQoBvMUkQCDGWS3kCrTHshamCJQdun_AFdEYgoL2trLSBEKQQ0DwHifjolTW_rUXZHQREqBiI5hoAK_1jXSXLDijTuvfNo_V7cnh55VSgAWZgrFzm_V-_naPI38JZZjyqDkhuJcfknum3Qze81o","404","http_error"
"hotels","منتجع شحات السياحي","https://lh3.googleusercontent.com/umsh/AN6v0v5F3DtSD1OJh_fdDb5Er6MSYk5K0ndULOuntnfvGUZtpEyuk-Hlyx74XbRHH_YVvfmwcJiag9zVFvpbj7QwSeELO5ATx1Cy-swzwZYiGuU7VJNf5y8wRjlHu5J_9ieOH156ifPSZYIi1Kb6R55A1sZ5Y1bvG8L2CgjFdyBn31zByRS42GNM0XCfkVhINo49bUUTPDfxE_7tYDGprdqNw6YKybgLvFa8zYMaS5-bTbpOE417B-08jpY17NXPvPKNsA0vmFmD5RbEBHSA53W2kgEJRicvMgvikZ3SMEHWg4fd2yRc6IBdLmZdKLPYrMHkHE2gPQ7yjaD7Hyh7cFQRpizu_PigTCnZkwnqTdS0CgYY5vK20dvDRzPOBwJjuhyi2bSGO9xATM6wpMamrvicSgzVbDRhfij_H5o5RBm1bRBc5B05UbBZbdBI2kjWnoUV8HVDO5-d0r0NNqS7mikvmcr4-nO5D7DVYhVwoG6JNTYRnSN0n_QdX0kiZQI82HCwFzoftEv5-4kV1NJ02lnZamlYBVNZKaklpODMz5tvAgIV-4gHcAynGmgRN9DfBGh8KoVEjSWRj40dtFTmkTrBRRQcz2_988zwKg5AKpWECyBpH4GJP-dzkqVpLjBmw61zAMbSbvwES3gDrGiq8YoFzPLRTQ5915-S0JFqwBmje9r_RNDdqPpQ2aCPbc2e4QnHGRjqSGJwouF3cMP_oErt_EIRLRdI_dWR4AzBWkJqpI_qJdOt5o4m5Zka-KuC7ZNihWjoK9kZvGygrfjmeJsAC1nINX0mdXX51w1H34yK896fNCphsklKE42sdb5da7mt_0b86TNejnTh2ZBQZvy3fZlMKgDgmuat2RCRJzPxNq7OcC9o6q9rU-2E6rUdzZPUwvqwVnA_UtbMn8ngjdIFFXv5V5cPxnzTRkcl3_fOtxxDwz9BIM3GUFtqYQCsynTuAN5ZBTr0U4wXnIBJKNOHwuB4TcODpORFs7pP6haOKDI16zrlhEjMh5DbBXopAmHKrWdx9aVznA4hGL7sy03uru-y8DT-dpxcPYTKJ1ZQ_CTpAr9MJQvbVc4l-t4BEU2MO1FUoeUulJEdF4yOs3J0zxZmZbHm3Q6g888YfRxXJGwwwRpwNwfptCoAKWOP3TKu6gUD3JuCe95v54NG_XHkKKU5hIZtttDxK76jA4NygaRF6QU9UaROwEsg0HvXuHjIr8VpCKxDRb60gkqnrAcAeB4fZB-HQNI0AYX8QG15M3dZiRtMXWIvfdhztsZXXYFrCBgdfKv06NVUKU1IPMrX4uRVEPMSbXLE3cThDx_TDZUOKc2HqXwkNXDFob1OJzehxG_9wa4OeCuW7LKh_rCdSuzjMlvT_9boA7ch5taz4M72u5qVbmoHwUVwps1-ptfN2lVIe-hNkCMVTW46S5UCQjaHrpIAQIuKT28OhiVhwqU6P-2kDJ_UnJ72yCP_RqJiNK4cIY0L-2X1X8KIe91S-hkgnPZ4Ttzhi6QB0P31s9ISadSQcVY","","https://lh3.googleusercontent.com/umsh/AN6v0v5F3DtSD1OJh_fdDb5Er6MSYk5K0ndULOuntnfvGUZtpEyuk-Hlyx74XbRHH_YVvfmwcJiag9zVFvpbj7QwSeELO5ATx1Cy-swzwZYiGuU7VJNf5y8wRjlHu5J_9ieOH156ifPSZYIi1Kb6R55A1sZ5Y1bvG8L2CgjFdyBn31zByRS42GNM0XCfkVhINo49bUUTPDfxE_7tYDGprdqNw6YKybgLvFa8zYMaS5-bTbpOE417B-08jpY17NXPvPKNsA0vmFmD5RbEBHSA53W2kgEJRicvMgvikZ3SMEHWg4fd2yRc6IBdLmZdKLPYrMHkHE2gPQ7yjaD7Hyh7cFQRpizu_PigTCnZkwnqTdS0CgYY5vK20dvDRzPOBwJjuhyi2bSGO9xATM6wpMamrvicSgzVbDRhfij_H5o5RBm1bRBc5B05UbBZbdBI2kjWnoUV8HVDO5-d0r0NNqS7mikvmcr4-nO5D7DVYhVwoG6JNTYRnSN0n_QdX0kiZQI82HCwFzoftEv5-4kV1NJ02lnZamlYBVNZKaklpODMz5tvAgIV-4gHcAynGmgRN9DfBGh8KoVEjSWRj40dtFTmkTrBRRQcz2_988zwKg5AKpWECyBpH4GJP-dzkqVpLjBmw61zAMbSbvwES3gDrGiq8YoFzPLRTQ5915-S0JFqwBmje9r_RNDdqPpQ2aCPbc2e4QnHGRjqSGJwouF3cMP_oErt_EIRLRdI_dWR4AzBWkJqpI_qJdOt5o4m5Zka-KuC7ZNihWjoK9kZvGygrfjmeJsAC1nINX0mdXX51w1H34yK896fNCphsklKE42sdb5da7mt_0b86TNejnTh2ZBQZvy3fZlMKgDgmuat2RCRJzPxNq7OcC9o6q9rU-2E6rUdzZPUwvqwVnA_UtbMn8ngjdIFFXv5V5cPxnzTRkcl3_fOtxxDwz9BIM3GUFtqYQCsynTuAN5ZBTr0U4wXnIBJKNOHwuB4TcODpORFs7pP6haOKDI16zrlhEjMh5DbBXopAmHKrWdx9aVznA4hGL7sy03uru-y8DT-dpxcPYTKJ1ZQ_CTpAr9MJQvbVc4l-t4BEU2MO1FUoeUulJEdF4yOs3J0zxZmZbHm3Q6g888YfRxXJGwwwRpwNwfptCoAKWOP3TKu6gUD3JuCe95v54NG_XHkKKU5hIZtttDxK76jA4NygaRF6QU9UaROwEsg0HvXuHjIr8VpCKxDRb60gkqnrAcAeB4fZB-HQNI0AYX8QG15M3dZiRtMXWIvfdhztsZXXYFrCBgdfKv06NVUKU1IPMrX4uRVEPMSbXLE3cThDx_TDZUOKc2HqXwkNXDFob1OJzehxG_9wa4OeCuW7LKh_rCdSuzjMlvT_9boA7ch5taz4M72u5qVbmoHwUVwps1-ptfN2lVIe-hNkCMVTW46S5UCQjaHrpIAQIuKT28OhiVhwqU6P-2kDJ_UnJ72yCP_RqJiNK4cIY0L-2X1X8KIe91S-hkgnPZ4Ttzhi6QB0P31s9ISadSQcVY","404","http_error"
"hotels","منتجع شحات السياحي","https://lh3.googleusercontent.com/umsh/AN6v0v4c7e3DULpC97Aovob0Trh68lquQ3UIykD_WuPaHH7rH700dHhbbDPwltH9SQt56TfEAlIa83o0JQupj4ZbuFmYOve4Oza2ZQkNQVWmGsESHg90RWm0Ullpm1jRk3rK7QRxRV5qG7yiGlsbjwG5qmIPNJm9zUhCrIRFp3EdcT3Crum45HkceCnXhb438TKPYwVLK3ytIDxtsb0hhzL_FUM_sdJq8yj7vjblMy-kEztb9Lq_MTJkUHs73DlA7HQmhFqVb_J1SMQ3tKCDZhApUm5kP8IsvyNcNeyvtB6aKx6o-hXoC4hB5H8VopAUrIY7kiUG8iswgtVLmhgti5yIXltEaInHfckTIdzD7NB4RVuVHa9S7uSGzTHnM7sF_Qc_pE5RygyJXUPqMPpP5c4fCNJ9xBxcdgjvqRmSLnjPMfZo0HRcw1Lx2pydfG56K0VoKP9P9ZtetS0UBQu9rl3hBl_XFKSSu-inpn-XhMTv8VLKlVJUH_mexbX2bqI7KeS77cLEECmhEVMEZC3hN8d2RQLx84v2KozwdFEi0Y6p7Jd9NqxNkSBgEFguWcEJmhqdvv9fHTDSlqA4jVdvEnf9kL10tQZhAmX76GJ-Aa5F3ZD55MRG5qhq4zr6P-ac_Mc303Ign0wvMOKK965f2P_X-SvhNsXqlhSqXeCEdVWAuceK0PH3CqruOpYfkJPCtmEP3XImDzKIWQ15xn2J_OtqAvAZW9rHjG9DlBav35Z2Ps4pQ7RfBHRc7CsJWsyI9cQTxdHIH4_ADnHndHMqh1iItlseiv4WcsoniX6lOEcuU-W-lrGVcfUPrOfYPgLUy2XvaTSgoQLV1L9_OCpQiW0v6xS1dlcfrKvPYk8nkVfO-ExB5ntryZAyJAg58_bP3XKeZx7Bw60evbOtKVV8rZi4UqcK2Mc2hJ4i6xrw-LnxI4OBCsGqKF3OhwKL3Y6qqEXOPKeYQSfDw5MGf9cH77vEP3dr7-SuaCUThkiHxHZzJ52c6aglS-Prmjxix3cIjsHopW6-pBzvIfGfFzhCxnGFOZ91RAWaL2GEOyRleZxXOVjOg8k0PL6QMJfDLihp_e67IFDLrk7_Rtsqb-7roOnK0sB5DulmgQK0-IoxazBhOwvO-hp6vHHykOfHil67-wrjE3BPc2Tc1isQPiwox69BgNpM3lnkWe3sBx0ftQj1z1Ncdd0bW9S4ybDn-8ZW85oNQMU3dGDqhuzoT9jqU8KHcP4JBA317VhSQbP--ig2jnWKIdq7hj7uhhTqkrZQ7JIJiBSu2C6LgO884ROx99V4m6QEj7u1dRZaB2AN2YFdiszX6425tlGDN24ZBagnOYuGyJEEzDmC6N0bWM19Q7L1ZIzJKFYnRwVcS6UfQAc-1e0btqCgGrJR0ak5a8MDrhsNikF-PC8GYHm2Xl704FnDNTSmEr0CQ8TdDRPuvnnQ4Exlxrf043mDA6y11QwkrKPJkihScTlShcCScTEsGzk-EElLlJ1vnW2NU8LugWS6jmMJUdE","","https://lh3.googleusercontent.com/umsh/AN6v0v4c7e3DULpC97Aovob0Trh68lquQ3UIykD_WuPaHH7rH700dHhbbDPwltH9SQt56TfEAlIa83o0JQupj4ZbuFmYOve4Oza2ZQkNQVWmGsESHg90RWm0Ullpm1jRk3rK7QRxRV5qG7yiGlsbjwG5qmIPNJm9zUhCrIRFp3EdcT3Crum45HkceCnXhb438TKPYwVLK3ytIDxtsb0hhzL_FUM_sdJq8yj7vjblMy-kEztb9Lq_MTJkUHs73DlA7HQmhFqVb_J1SMQ3tKCDZhApUm5kP8IsvyNcNeyvtB6aKx6o-hXoC4hB5H8VopAUrIY7kiUG8iswgtVLmhgti5yIXltEaInHfckTIdzD7NB4RVuVHa9S7uSGzTHnM7sF_Qc_pE5RygyJXUPqMPpP5c4fCNJ9xBxcdgjvqRmSLnjPMfZo0HRcw1Lx2pydfG56K0VoKP9P9ZtetS0UBQu9rl3hBl_XFKSSu-inpn-XhMTv8VLKlVJUH_mexbX2bqI7KeS77cLEECmhEVMEZC3hN8d2RQLx84v2KozwdFEi0Y6p7Jd9NqxNkSBgEFguWcEJmhqdvv9fHTDSlqA4jVdvEnf9kL10tQZhAmX76GJ-Aa5F3ZD55MRG5qhq4zr6P-ac_Mc303Ign0wvMOKK965f2P_X-SvhNsXqlhSqXeCEdVWAuceK0PH3CqruOpYfkJPCtmEP3XImDzKIWQ15xn2J_OtqAvAZW9rHjG9DlBav35Z2Ps4pQ7RfBHRc7CsJWsyI9cQTxdHIH4_ADnHndHMqh1iItlseiv4WcsoniX6lOEcuU-W-lrGVcfUPrOfYPgLUy2XvaTSgoQLV1L9_OCpQiW0v6xS1dlcfrKvPYk8nkVfO-ExB5ntryZAyJAg58_bP3XKeZx7Bw60evbOtKVV8rZi4UqcK2Mc2hJ4i6xrw-LnxI4OBCsGqKF3OhwKL3Y6qqEXOPKeYQSfDw5MGf9cH77vEP3dr7-SuaCUThkiHxHZzJ52c6aglS-Prmjxix3cIjsHopW6-pBzvIfGfFzhCxnGFOZ91RAWaL2GEOyRleZxXOVjOg8k0PL6QMJfDLihp_e67IFDLrk7_Rtsqb-7roOnK0sB5DulmgQK0-IoxazBhOwvO-hp6vHHykOfHil67-wrjE3BPc2Tc1isQPiwox69BgNpM3lnkWe3sBx0ftQj1z1Ncdd0bW9S4ybDn-8ZW85oNQMU3dGDqhuzoT9jqU8KHcP4JBA317VhSQbP--ig2jnWKIdq7hj7uhhTqkrZQ7JIJiBSu2C6LgO884ROx99V4m6QEj7u1dRZaB2AN2YFdiszX6425tlGDN24ZBagnOYuGyJEEzDmC6N0bWM19Q7L1ZIzJKFYnRwVcS6UfQAc-1e0btqCgGrJR0ak5a8MDrhsNikF-PC8GYHm2Xl704FnDNTSmEr0CQ8TdDRPuvnnQ4Exlxrf043mDA6y11QwkrKPJkihScTlShcCScTEsGzk-EElLlJ1vnW2NU8LugWS6jmMJUdE","404","http_error"
"hotels","منتجع شحات السياحي","https://lh3.googleusercontent.com/umsh/AN6v0v7t6eLjLYEgb1a5U7oCcNHS9xmtvOIATw6veiGqdgZ78TGZmPka_PatYp3Aak8_701ICw01XUJMkTNd3IPgr2tDLw0_XNG-7jAZSpA7AQg0gCYqx-RMEhQBIUaev5phL07TfxKtNu9fG9sMkdgIJ52_I1vmIWsDO_8kXY1yEzXyEl7kxlBv3b0BABjy2wsAaVkrZIrDwqbzqqByhdUXp2UxCeZznSp9tAjyxluDsyhKxokhhr66jYj8HchttZCVqBNsw-9jFKLZWmxOZEFsL3nUiCQi4X2D9l5Bc3wWV_pfTfpoRO1LNjKhPUERMpgKvp5T3DuD9wHaR7Rg3SXru5JZB38sGRkA6GWX4yCnSjRPSEJSwvc1V9GVAzowZARgeQD0V0hjNR1Z4xQRDG2uLxDwsYMz_fRlD650wyXa3-jG7iVEbwbfbmDWu7JSN-mTkuuXFmXApVyFS2xqrYP2ITeWpelrKpaKnvEOeW44Fkgiww1Mj_di1PUZgYvgzoeu9HvdcF4dXIMm3g0juDISnPXTc1S8JF8jS0DYTrW8URNGweAKoYxXzIMQN-DIvLOXXwzzzX2lRynyimtREHVCRJbHd84VHbQ0b_uK9L6CwBeKx2Nsmmrp5gdJEo0vYp1_9075JhRBIgsKpGrTWLm4g7iOGoIc4K9dW8F6IUk8iOIsyEHSezsi4fLS5MuUqGvgTjJyHb7okNQhy_f-OHsk3w0fSwBp5Iyp-SQmyaLEpev78rf-6k7TZxgC5soVrqiycVWbolMqLJJkMq8EDiqvB3bJRiJ7L5dNlf4tE8ELDMX01ZFWhyUJGIfqxoTisM1MWKFyppbU83RzyJ3k9cikLNu7jBLOfY2YUTF9ZIzXHroe0h0YaefI4C5Q4DuEQMa3wUzpe0Qjmqu6OhTz87JqCkuP6gWzSlPWxHpF8wBkbIocqEwJa5XPTXVCPHXlC3zLlFt4zQVrEEPNKk-jyajNtPinOjBPXxhossAgCdoTvKdVSyWflJ08ZUYGJCON6FEISLHxastqftnHYgqdJvY5pjq15TgofNjez9lAao-Aze16UnO08zv42Grt2xvOmMiME8-UuAvD5VpqTOFE4bSncR08kJla6cxyeLffu6gDUHGNGd2r7uU-QXjQ5qXl3Oil6BdEc8hyhgCu2XtzYAI0N0u4XdpMC2tzNxkSLwoGZW5NdlGk4L42sMl8omapcIBnafdzWKsnS0UF7Cg2UHjDi7IZsm_l1S9A1V_GBXuKKQYHs7l3JDA91UQPo2SjFieLrlPJVdO6tqX2QQmXWw3a4bKLgexMIC0zhtaNkwzeQEM3gnH0H0gselrpX0IpjINMGa4ao-eDIH8yaoFObVcKtbXzhKYrqjG0gzYFjX7jimj3s6hAWaxBmXBVkgzkeEvNc5EAjC4zQtmFpDlc4x-DgKmIkXIP5tabRLi7NfdIqrT_mm1nRycz5XZshqY65mS4dk7OsQKZNSzmhRwMtOddt5SEq4_bIA1gEGAGkymTzUbl9LOMV50","","https://lh3.googleusercontent.com/umsh/AN6v0v7t6eLjLYEgb1a5U7oCcNHS9xmtvOIATw6veiGqdgZ78TGZmPka_PatYp3Aak8_701ICw01XUJMkTNd3IPgr2tDLw0_XNG-7jAZSpA7AQg0gCYqx-RMEhQBIUaev5phL07TfxKtNu9fG9sMkdgIJ52_I1vmIWsDO_8kXY1yEzXyEl7kxlBv3b0BABjy2wsAaVkrZIrDwqbzqqByhdUXp2UxCeZznSp9tAjyxluDsyhKxokhhr66jYj8HchttZCVqBNsw-9jFKLZWmxOZEFsL3nUiCQi4X2D9l5Bc3wWV_pfTfpoRO1LNjKhPUERMpgKvp5T3DuD9wHaR7Rg3SXru5JZB38sGRkA6GWX4yCnSjRPSEJSwvc1V9GVAzowZARgeQD0V0hjNR1Z4xQRDG2uLxDwsYMz_fRlD650wyXa3-jG7iVEbwbfbmDWu7JSN-mTkuuXFmXApVyFS2xqrYP2ITeWpelrKpaKnvEOeW44Fkgiww1Mj_di1PUZgYvgzoeu9HvdcF4dXIMm3g0juDISnPXTc1S8JF8jS0DYTrW8URNGweAKoYxXzIMQN-DIvLOXXwzzzX2lRynyimtREHVCRJbHd84VHbQ0b_uK9L6CwBeKx2Nsmmrp5gdJEo0vYp1_9075JhRBIgsKpGrTWLm4g7iOGoIc4K9dW8F6IUk8iOIsyEHSezsi4fLS5MuUqGvgTjJyHb7okNQhy_f-OHsk3w0fSwBp5Iyp-SQmyaLEpev78rf-6k7TZxgC5soVrqiycVWbolMqLJJkMq8EDiqvB3bJRiJ7L5dNlf4tE8ELDMX01ZFWhyUJGIfqxoTisM1MWKFyppbU83RzyJ3k9cikLNu7jBLOfY2YUTF9ZIzXHroe0h0YaefI4C5Q4DuEQMa3wUzpe0Qjmqu6OhTz87JqCkuP6gWzSlPWxHpF8wBkbIocqEwJa5XPTXVCPHXlC3zLlFt4zQVrEEPNKk-jyajNtPinOjBPXxhossAgCdoTvKdVSyWflJ08ZUYGJCON6FEISLHxastqftnHYgqdJvY5pjq15TgofNjez9lAao-Aze16UnO08zv42Grt2xvOmMiME8-UuAvD5VpqTOFE4bSncR08kJla6cxyeLffu6gDUHGNGd2r7uU-QXjQ5qXl3Oil6BdEc8hyhgCu2XtzYAI0N0u4XdpMC2tzNxkSLwoGZW5NdlGk4L42sMl8omapcIBnafdzWKsnS0UF7Cg2UHjDi7IZsm_l1S9A1V_GBXuKKQYHs7l3JDA91UQPo2SjFieLrlPJVdO6tqX2QQmXWw3a4bKLgexMIC0zhtaNkwzeQEM3gnH0H0gselrpX0IpjINMGa4ao-eDIH8yaoFObVcKtbXzhKYrqjG0gzYFjX7jimj3s6hAWaxBmXBVkgzkeEvNc5EAjC4zQtmFpDlc4x-DgKmIkXIP5tabRLi7NfdIqrT_mm1nRycz5XZshqY65mS4dk7OsQKZNSzmhRwMtOddt5SEq4_bIA1gEGAGkymTzUbl9LOMV50","404","http_error"
"hotels","فندق المنارة","https://lh3.googleusercontent.com/umsh/AN6v0v7hpjMac96buWL_hIrh_Or9TwY9YnzJj4GeITbn4RfOkmsRCovjavhcM-QqsST9T7-D_G4FPua2kP79U5XeFQLm9oEAC16yJcqrIs1yiJ2bJt5Jny2usCjvqufSdiKadpJLhEDtaXyON88WG-KOEMsVNt-OUiu189GZhxa8jmukK48ZTEZvmfHEflYDghbedANO4EFCFB-mYJUi1zC7utEwQit_1j4D4nvtHvfvaPYGK2Jlt1s7TNvS4aDM0naFntnt8B22_kTrliMJ3_IkTiOcRwQLkrVS4HQjgZU34odj5dZ4ZFb1QQeGc0aif5E6OYRbgOoNWBUymsMaAFRb76OJe0JusewEqEQuHVcipx4Ub0A3bLZ_IW4rP9Npqg1odbPeov-LYgoGGLF2qoLxgxm6MKZVDWTxlTHPFU-xR0Bw4JBS3MAJtA6KtfGU15_Gb_lFewiEwVqwpEPHPkDwHNm7r-v2VEHpLrT0MHOPMa-Up3G3HOQwRpRc0CJ7q1u-JJ2rRde99bJp4x2eyNo97jH_VZFMJ_yqVeRRWXzTVuedwLBfLsu3wjhqk4rCkYYh0eOn_-_GnLDPRr18Ms1UHxmAHjtDm-tZMrXlCpe2lpGx9OlIGPElO2bAY6lbR4vfVOdCxOCow2WWIYCxSbr3imCko7VKDIqw7pKbJFBz6DWq7OPXLNmjZ17V2AbcVsLLfEgKK0I_j6_1VIf02gCQxrvjiBlHFLWYBvcCDLP7lmD_ZhL_IUV6_uiyHbWMb1O0IVTgxB90GqEP4ReV9PAVfzujphw3hy1iw3-nQuHR0xD8Mj0RoGzeLbEzNB0mP3aUn91sDGYElWGv4Rtlgx8lpg8KLpYcxEVPODnZMKeVE0ztxcNZsbhAXKYPhIILI7QxAFy9FgMGs2sFODgsjUiyRkomiqZsVUtvuFB7la76gaZuUcD5x0SSYmnB1WCGsZYwed4ul_xyXmkBjGW5SNVcg9l7T3Sx1AHv_Cq1WljAdm82IlgT5BZc04gaLJfp4YMVTaof1PXwOon3aKpx11tJE_G5SKfIeQsXs72SdyDhc78mNdlyvOGCmAC9WIZBOy_LAH6QK60E7fw6pZjFeJb0IL47SM63-6N0Wg9V3y4jh2Z0xtz0MqQQ-VASSuqalu8aVUq9xqL8-N2B9-ZefbXhah8bZaJRjV1jIXxC5NQYE58Sav-iZiUhAMZSYhepNf4_h-EfkobLhKW44jYaPph4xZva-whT85etX508VdLRR56qgK2AA0LoIAnj6Oox9DrA5_KVMKjH3qw7l_Gxyo6x9ObXA8GkXasvG9-bZaf45sQEmZAYHxnJvHOjTIQNGld-r9qErBdteuw0nKXV5UpHuepstlEecT09WQDfXORBKPTXEbxklAGOk1P-4D-1dfQsYDFUQDfviIRORMAp5PEF5wsB35iBG2P0VfxAdOj25LdImihxBHeEn8uHvyxMI-K5xmN6MfCtIKRAv-PfU23G2AqgLUMgSSpJOw3Gs9OmMCdHgemIdtMkp79dgWQycbLOjE6RECe8lYRE0S_Pi0fCyEv7CX038OhQA0QVHYhslI_HKFhj7kqEVs3i0H52ZUiA0Mo6SckOxncFinLiks52aVLVD31Ax9Z3BQd5DrreT2YjMHs2f0d27H0r7kOBc625UNNrOJ3ky5an2QlesobObCfEaAjgUSEdFgdCcIySC3U3N0QmuIUxQZHFiJQt6kM1vpK5NQkKNvALJqCSY7BmWzUiFeQkMRRbcQcLn_P570bkoesLDRD4VwJfsaXXa_V3EQQ8v0zKhm222VrC5t26PUbA9xkviG0i6WGnOsQkfLdt62SlSwdWJGzY6cVKB4pmSjiaooxI-hBpcZVyoG-BevSTJ6T8r1BgZyaUCAJuB_3sNgocHErhrkFqWq7YlKzQZldXwMc-wWHYg8lsfU9vYy6U7wdEm8vm4nr4Y8x4Ovce24x4yGeZm9k5i4aPiKxlLikoiQ_9_BKRYjjElSY4LFT2ZT53m38KS3-QN0emLeZieu2z5U2nxPycrW9NchOoWGcj5Rbz8S6_I7PE6jZ478YyUHCEJ3kyG_b2z0K81L5b3hONhOWLW2b9CNJVltdg-EZ4gaztqUCcag0d7y83lmorAe_izn2T_Rbpw4F7V0bGjCzk-rfR9WQOVB3jZB8fF3TTSZBhiJhld6U3o-HfKwSgDSzrPd227qFQ2Ezj52fb5PJLAwwfyt9TMDhrzYFc7upd9kBTQMInIaZ9LSg9Ulp7Cb7smAu787P2uryeRLXJ69saY4GFLhhQTSCrU183-etQn81IgYgqWEAkS1A22l4ljSRqxOpTSz-0gQ89-TKEinOmKyPwhfXSj7s9XgmejfxioSoDr-AYY5D9caERdglCB9g4QnKZjbS_VkAjiibl9m_ELRiCZ60Rlm_-Vw5Jh1IlTxWjHGVU6iE1iZzj9fGmPIlPnTddHgz1SuXlgS1J7ywCCSrtFkdWRGSlWrGEY1Sa_PlXf6BOvdLPEXgzo-XlHBysY881JpVPx2F7FcLWycN2IVwORgVfbiHxUMHUOLWI3YatjJVRKpGsxCJlejhRDxm8GObzm1H3uDVfEgm2c6P7LbN4uTQxcjsYpL_0d1spoxsmqNydnzEer7MZVTQ_nFtBst-7d0ZuUgl-Q79LWtnhO-TCpBxWO6KfEzNjLx5YCtzJ13xGuBckx2LVUS-xqQ4MCZdwrqJKAqR502vex1pSyZQM0z5H7jkGl9D1UBpw9m4zat6pwU5kD6VYRenxP4G8S-DUFVFcxXdsRbiOhKvKsvib5N9kULFBl5SdZOtop8IFylTleJCqts7Zq2muq_8m_RadXLxseAhGywCS656wHOHg3V_2rg6aPYDIhdWGa7KsFK4wQ2WZsLYT2bqm9Ij8oaa2rwZkd16Sw24mDa5n0iMhtgiJQ8Sd4PSGT0VSkEbQeSLFLV4zRRceqRNVckN_CpWGyLNerW_iBIOl6c-EB-6gHiuCvm-E26KlMmluPsEq_Kqbf3lxzAg0pY-MAscHsVJylCOljyKNNxFm9oMPHvBxuTJRYmdV0A6j5ItBx60Qhi1imtcikS7528yO5Y473NQsT9Y9CTuhij7121UwnQ5mJWJjv_OKsC63yGpKFVxuq4pWWnb_2_bqG-8lSJkoUqAvIQfyfJwRBKI4o6hwHjDvIAluvcsby0DdM9H1v0eEB6lU0vxG0Nx8f17HpprxRS6qOar-I_ckYhNMu806EPnEJ8a05epEPAwNNiXDstU8fGw9JqeA4qBPLFRkwwopvciF1I_fbM-ASvKZPOd7PcoEaHxwKq_vdCS27GYS1Li3GQoGwdPuvQM","","https://lh3.googleusercontent.com/umsh/AN6v0v7hpjMac96buWL_hIrh_Or9TwY9YnzJj4GeITbn4RfOkmsRCovjavhcM-QqsST9T7-D_G4FPua2kP79U5XeFQLm9oEAC16yJcqrIs1yiJ2bJt5Jny2usCjvqufSdiKadpJLhEDtaXyON88WG-KOEMsVNt-OUiu189GZhxa8jmukK48ZTEZvmfHEflYDghbedANO4EFCFB-mYJUi1zC7utEwQit_1j4D4nvtHvfvaPYGK2Jlt1s7TNvS4aDM0naFntnt8B22_kTrliMJ3_IkTiOcRwQLkrVS4HQjgZU34odj5dZ4ZFb1QQeGc0aif5E6OYRbgOoNWBUymsMaAFRb76OJe0JusewEqEQuHVcipx4Ub0A3bLZ_IW4rP9Npqg1odbPeov-LYgoGGLF2qoLxgxm6MKZVDWTxlTHPFU-xR0Bw4JBS3MAJtA6KtfGU15_Gb_lFewiEwVqwpEPHPkDwHNm7r-v2VEHpLrT0MHOPMa-Up3G3HOQwRpRc0CJ7q1u-JJ2rRde99bJp4x2eyNo97jH_VZFMJ_yqVeRRWXzTVuedwLBfLsu3wjhqk4rCkYYh0eOn_-_GnLDPRr18Ms1UHxmAHjtDm-tZMrXlCpe2lpGx9OlIGPElO2bAY6lbR4vfVOdCxOCow2WWIYCxSbr3imCko7VKDIqw7pKbJFBz6DWq7OPXLNmjZ17V2AbcVsLLfEgKK0I_j6_1VIf02gCQxrvjiBlHFLWYBvcCDLP7lmD_ZhL_IUV6_uiyHbWMb1O0IVTgxB90GqEP4ReV9PAVfzujphw3hy1iw3-nQuHR0xD8Mj0RoGzeLbEzNB0mP3aUn91sDGYElWGv4Rtlgx8lpg8KLpYcxEVPODnZMKeVE0ztxcNZsbhAXKYPhIILI7QxAFy9FgMGs2sFODgsjUiyRkomiqZsVUtvuFB7la76gaZuUcD5x0SSYmnB1WCGsZYwed4ul_xyXmkBjGW5SNVcg9l7T3Sx1AHv_Cq1WljAdm82IlgT5BZc04gaLJfp4YMVTaof1PXwOon3aKpx11tJE_G5SKfIeQsXs72SdyDhc78mNdlyvOGCmAC9WIZBOy_LAH6QK60E7fw6pZjFeJb0IL47SM63-6N0Wg9V3y4jh2Z0xtz0MqQQ-VASSuqalu8aVUq9xqL8-N2B9-ZefbXhah8bZaJRjV1jIXxC5NQYE58Sav-iZiUhAMZSYhepNf4_h-EfkobLhKW44jYaPph4xZva-whT85etX508VdLRR56qgK2AA0LoIAnj6Oox9DrA5_KVMKjH3qw7l_Gxyo6x9ObXA8GkXasvG9-bZaf45sQEmZAYHxnJvHOjTIQNGld-r9qErBdteuw0nKXV5UpHuepstlEecT09WQDfXORBKPTXEbxklAGOk1P-4D-1dfQsYDFUQDfviIRORMAp5PEF5wsB35iBG2P0VfxAdOj25LdImihxBHeEn8uHvyxMI-K5xmN6MfCtIKRAv-PfU23G2AqgLUMgSSpJOw3Gs9OmMCdHgemIdtMkp79dgWQycbLOjE6RECe8lYRE0S_Pi0fCyEv7CX038OhQA0QVHYhslI_HKFhj7kqEVs3i0H52ZUiA0Mo6SckOxncFinLiks52aVLVD31Ax9Z3BQd5DrreT2YjMHs2f0d27H0r7kOBc625UNNrOJ3ky5an2QlesobObCfEaAjgUSEdFgdCcIySC3U3N0QmuIUxQZHFiJQt6kM1vpK5NQkKNvALJqCSY7BmWzUiFeQkMRRbcQcLn_P570bkoesLDRD4VwJfsaXXa_V3EQQ8v0zKhm222VrC5t26PUbA9xkviG0i6WGnOsQkfLdt62SlSwdWJGzY6cVKB4pmSjiaooxI-hBpcZVyoG-BevSTJ6T8r1BgZyaUCAJuB_3sNgocHErhrkFqWq7YlKzQZldXwMc-wWHYg8lsfU9vYy6U7wdEm8vm4nr4Y8x4Ovce24x4yGeZm9k5i4aPiKxlLikoiQ_9_BKRYjjElSY4LFT2ZT53m38KS3-QN0emLeZieu2z5U2nxPycrW9NchOoWGcj5Rbz8S6_I7PE6jZ478YyUHCEJ3kyG_b2z0K81L5b3hONhOWLW2b9CNJVltdg-EZ4gaztqUCcag0d7y83lmorAe_izn2T_Rbpw4F7V0bGjCzk-rfR9WQOVB3jZB8fF3TTSZBhiJhld6U3o-HfKwSgDSzrPd227qFQ2Ezj52fb5PJLAwwfyt9TMDhrzYFc7upd9kBTQMInIaZ9LSg9Ulp7Cb7smAu787P2uryeRLXJ69saY4GFLhhQTSCrU183-etQn81IgYgqWEAkS1A22l4ljSRqxOpTSz-0gQ89-TKEinOmKyPwhfXSj7s9XgmejfxioSoDr-AYY5D9caERdglCB9g4QnKZjbS_VkAjiibl9m_ELRiCZ60Rlm_-Vw5Jh1IlTxWjHGVU6iE1iZzj9fGmPIlPnTddHgz1SuXlgS1J7ywCCSrtFkdWRGSlWrGEY1Sa_PlXf6BOvdLPEXgzo-XlHBysY881JpVPx2F7FcLWycN2IVwORgVfbiHxUMHUOLWI3YatjJVRKpGsxCJlejhRDxm8GObzm1H3uDVfEgm2c6P7LbN4uTQxcjsYpL_0d1spoxsmqNydnzEer7MZVTQ_nFtBst-7d0ZuUgl-Q79LWtnhO-TCpBxWO6KfEzNjLx5YCtzJ13xGuBckx2LVUS-xqQ4MCZdwrqJKAqR502vex1pSyZQM0z5H7jkGl9D1UBpw9m4zat6pwU5kD6VYRenxP4G8S-DUFVFcxXdsRbiOhKvKsvib5N9kULFBl5SdZOtop8IFylTleJCqts7Zq2muq_8m_RadXLxseAhGywCS656wHOHg3V_2rg6aPYDIhdWGa7KsFK4wQ2WZsLYT2bqm9Ij8oaa2rwZkd16Sw24mDa5n0iMhtgiJQ8Sd4PSGT0VSkEbQeSLFLV4zRRceqRNVckN_CpWGyLNerW_iBIOl6c-EB-6gHiuCvm-E26KlMmluPsEq_Kqbf3lxzAg0pY-MAscHsVJylCOljyKNNxFm9oMPHvBxuTJRYmdV0A6j5ItBx60Qhi1imtcikS7528yO5Y473NQsT9Y9CTuhij7121UwnQ5mJWJjv_OKsC63yGpKFVxuq4pWWnb_2_bqG-8lSJkoUqAvIQfyfJwRBKI4o6hwHjDvIAluvcsby0DdM9H1v0eEB6lU0vxG0Nx8f17HpprxRS6qOar-I_ckYhNMu806EPnEJ8a05epEPAwNNiXDstU8fGw9JqeA4qBPLFRkwwopvciF1I_fbM-ASvKZPOd7PcoEaHxwKq_vdCS27GYS1Li3GQoGwdPuvQM","404","http_error"
"hotels","فندق المنارة","https://lh3.googleusercontent.com/umsh/AN6v0v5J9lrCFMymOY8luNKCXY8yxHwzs9H-3RJ21eFBQcI9mXCVDKvlGiBCbRDwFA9QiCXAGbQ8-J-pVshhbbaNxJ-yby5xGXymQvBSJn_XTY7F37ulHUS_BV9eqSIaYwF8IPgQkvt4uCXoVtHglHCTK3_TDKGW6zfFAIa0tCVPD-awljnO0muO7OCwnoGFvc57CY2brXMowFs2082RBZaabqtdW7IGEDGi8ZX6h2VhhM9ehJmydtLRsfoBp3voeD0MLQCuYYyVo9pZ6o3C8WKL3qdpVH-lZ3Ows_K4Vj9yjFQVoUVihVauhtqMqwYbtwYpa_STDMzTsY7L9vd4smoCNccY-SsU6pdkJPUbjNIyemaixblFDDV2rDYGdITM5AMeeuE87VLNFBEs8L9e0Ll4to8G4q9GstoqLv1jrGrRGwbwO5lFJLqNAL_BRcvp8RHODRNDCsBClrZ0hqYOsAbybst8KEaWLuWYYHoAndRptX5LI7qDKvqnxekUO0sa_rbcU8hJUexbWudVZc81l819k9sZyklUEpAfLWE-w81UbTd-u3iW0bo0pf8lp6NLZbu-dSrfcxBJWEfKKYUrVVZZ8ERo2o0aP6_JrzFnJG6MQDbo8HSrG1iCm3Cp4UwHrPt_9UgM5Wi4zLOpAcjvTZG_qepU1emRPCEhlWPJikB7yRaEOzyMPksmUAL41ILQKUv65hMgpSIG6iGx78mJUuuKcFdEBLepP_fapu4L5HMZeNnykIyLVZSYPMrckjYsOlbmQaIIK-inWUOX-FdGGFY96Veap3ZsHIWW4uAB5yBubHt5pSbqY9GI8XbkoYzMCiO9d7u3QjNI5yMDwY8mZnA4uZQpRvT12Mm4-Cj4oCLDh69BMW31ss0OtRBgTyqBLeOLn5-tNzDEzLM6edaSDS90tjMKdI7AYn5ZGTc3ZS6dQgWkMmLFZNpY_e3Yp8UTzJ5czLFMawHJdkPTgc-IxF4ZBLzCcHUEhZbILGvBI91DRJOIROQPhfu8FLQjFj4OYCzinpGUgLtmrNKiWHNauCWmATGYwMg1onwYSmsZpIrrPWqTmFRHQSa77UAvJdc5xEaJ8dCseA8HuHsSPKfUsJTMejEDmoUXJXm1IBsgn0ML_RylBo01_qoowpt0d5UhbMHz0xLyyTsKR6ikA2ZLs-7spWq-TB9M9ObJehOEG8mDKoii4AMpvOOclhto5k3_3hyf3M3-FRxpZQJ43vP9kKA1qhDKs0Ney_mXyIjqNDbapavCHPq7XD131p5cjGsR7ewSRrr1MIH6OBHBlnR2_GiZYLR9amJbmbEInbSW9OoECJ6M6d2C8IeSTQb1KJqozs4ecECr4RghQF8jK7YDhwq8ElOMuopF3CyPa_qJKaUJrDzF3G0TyOy0wbM9yBzTklKSX4e2fK9dtBoaCPOSE227AFKuPOXrNbKHv8FQuhYaP2Y_-qLvEa29GkC8PF10K54TZH1gtnhgM-grcAOZVW1hthC2kqrLCd877SPJSzim2Y0AQaCN6e8bPEo1kWZOqsEJqr9_4SdHdWkHM98NStqCRLj8f9_76HRd3skGrLCvFxTS_1oYBdlRrmq1Q62Wp7ccScJkMNQoAEn5Nm_hNJSHCAMLtXx6e21soinvrq_wLVxvhN39unIr4UKS5YoA2oiGKavgLI9vPi45hWvw0RSEKLj4B7cEpzOgPr55y2v79vDSfqr1iLjYXd35-pL9gp4JeMHal_Y2sHAzKFScvLiR4VMZROZs3GPDTWeeePGoM6s6lRZiGSmIZsdoe4-Ek6E-rPAp6zr3Q5oM3i_jpt64-KDeqdkRRmAgG_k7lYrsDNpVAp15eLi80kkntrbE6soz13fNlW74DhFpvr40NogPAvJ_jx10TSqrWnTHrsCg16Up_uiyFs21WBJ7NbwAj7CTVjFsfjCYSroZIGUv1wVJtff6iGdwX-aHF6HaRroSfppqO3eVyWQy8YZvQeYfSXIKsfL590FtbnhWQ3TnD71MdUKtBXIHW4nSfJO9z8tdvDC4qIKie1BxguY0wjSTS4Irk7xnGXdfpaaHhopk0Kf2hz5xGNbGcRRDMb52CQynpzyd9khRfbLs-xFj2bWg2ct9knNklKDicyNr5_wr18DBW9kMbAW12RJlB4u8AjTPODnDgzvQ2fYRJOop-JYM8NRelZ_2Q1t-rPPnCth1EDYWgZs2_w3m61ALnYmQkQiFxgDAg4haG1xo2EughGGAJRqAAvyGlN0Apbd0-g9_F9__17C2EthPWdSNhR7cqDgdsJKVfbb_d-J9Y9W2Aq2A9vijNjm1G6G8MwRQUvTnaqZZ0F3aXdr8RdTYl4k2qel058GGCYMYjBcO6M1ejGbBPXcR73tMdGSpqm2hK89axa4ALq3h3PZiGta0r58IT3dlmSbjQJjpDBy14bkgDWxwWj72dri7eTG1EWTcA_lDVqLOGIPAtgavSh5N4IunGxeSvP7iX0sgJfufbyQhJIXrtLx1uUbCxqDqXN2B-i3Lgj-Gew8cgEVk8JyaPwGDLyB7JVdwNm8dKhkZ7BSY8q7hRXBo1bRcR2sWj2qUPAP1ld90fsJiD0adgnWIgQlskvXxi2suA7YHE_uAE-Ni8L7clznfm4_i2GJmhE-eVdGsOR1kHHs16-W_LtP2hmsfKjje7EFhVe5CB947VYXJ62fpNj0XzWQcIlsIwfk1Vi9EwVCxafkp_JSk2jJTinyaSBVgVQN2_Be4jNtw_kN7Tq5j3JtkACKWlz00MwpPXmqCczl5fIfGwWu7LgcvkXk08P2Q2cyXQn6uFHNxnsdadHJeJjRWVDDrmqxzWcx3iR4-pe8RmEJDtMrrcOmkO-zEc-rNA-cxELzeNRtmNx-oebIuxG9JeUfgKjtX-qFJvjK24GLGiTSHGNohGbEFhxphnKbU-k9ikaXswblyZllae2HyuDOFY7DLwPGriVLy1r2kBpPwmwFEoAX6lkB8hI8HWLzUKJ0B0pLdaFPCsl1GJNHaR52VwDrzM5PzO9vGftDqZe2lp4-c3GCsXWNG7l6Vmrs4WoKnDemVtaLOi57NvnxXPPPb5mh2lwY0BSypQjFk0CPRjQFlMM1v5eemMMJVH39-fjeupW-oyE4tUmRbm6q1bes-XmAFtDcQHdMNkmdGE2GWgnPqbnGDb-erxZT5HkECp1vd2MNuvtbQoucRFlfCK3Es-Ne2IGsY3-cDBtfo28p-ANjeTmFv-bg3dCcXP8Ft5pJ43RHkmjnUPxxjsj4N0cjl6XHS0Uo-yFNr2LPJJ3dahgu5jW2rPyPQV1DRDNebWlxbIeZpdxY2ezC-KJ-npFt5KT-LgWqY9Voycu8vERs","","https://lh3.googleusercontent.com/umsh/AN6v0v5J9lrCFMymOY8luNKCXY8yxHwzs9H-3RJ21eFBQcI9mXCVDKvlGiBCbRDwFA9QiCXAGbQ8-J-pVshhbbaNxJ-yby5xGXymQvBSJn_XTY7F37ulHUS_BV9eqSIaYwF8IPgQkvt4uCXoVtHglHCTK3_TDKGW6zfFAIa0tCVPD-awljnO0muO7OCwnoGFvc57CY2brXMowFs2082RBZaabqtdW7IGEDGi8ZX6h2VhhM9ehJmydtLRsfoBp3voeD0MLQCuYYyVo9pZ6o3C8WKL3qdpVH-lZ3Ows_K4Vj9yjFQVoUVihVauhtqMqwYbtwYpa_STDMzTsY7L9vd4smoCNccY-SsU6pdkJPUbjNIyemaixblFDDV2rDYGdITM5AMeeuE87VLNFBEs8L9e0Ll4to8G4q9GstoqLv1jrGrRGwbwO5lFJLqNAL_BRcvp8RHODRNDCsBClrZ0hqYOsAbybst8KEaWLuWYYHoAndRptX5LI7qDKvqnxekUO0sa_rbcU8hJUexbWudVZc81l819k9sZyklUEpAfLWE-w81UbTd-u3iW0bo0pf8lp6NLZbu-dSrfcxBJWEfKKYUrVVZZ8ERo2o0aP6_JrzFnJG6MQDbo8HSrG1iCm3Cp4UwHrPt_9UgM5Wi4zLOpAcjvTZG_qepU1emRPCEhlWPJikB7yRaEOzyMPksmUAL41ILQKUv65hMgpSIG6iGx78mJUuuKcFdEBLepP_fapu4L5HMZeNnykIyLVZSYPMrckjYsOlbmQaIIK-inWUOX-FdGGFY96Veap3ZsHIWW4uAB5yBubHt5pSbqY9GI8XbkoYzMCiO9d7u3QjNI5yMDwY8mZnA4uZQpRvT12Mm4-Cj4oCLDh69BMW31ss0OtRBgTyqBLeOLn5-tNzDEzLM6edaSDS90tjMKdI7AYn5ZGTc3ZS6dQgWkMmLFZNpY_e3Yp8UTzJ5czLFMawHJdkPTgc-IxF4ZBLzCcHUEhZbILGvBI91DRJOIROQPhfu8FLQjFj4OYCzinpGUgLtmrNKiWHNauCWmATGYwMg1onwYSmsZpIrrPWqTmFRHQSa77UAvJdc5xEaJ8dCseA8HuHsSPKfUsJTMejEDmoUXJXm1IBsgn0ML_RylBo01_qoowpt0d5UhbMHz0xLyyTsKR6ikA2ZLs-7spWq-TB9M9ObJehOEG8mDKoii4AMpvOOclhto5k3_3hyf3M3-FRxpZQJ43vP9kKA1qhDKs0Ney_mXyIjqNDbapavCHPq7XD131p5cjGsR7ewSRrr1MIH6OBHBlnR2_GiZYLR9amJbmbEInbSW9OoECJ6M6d2C8IeSTQb1KJqozs4ecECr4RghQF8jK7YDhwq8ElOMuopF3CyPa_qJKaUJrDzF3G0TyOy0wbM9yBzTklKSX4e2fK9dtBoaCPOSE227AFKuPOXrNbKHv8FQuhYaP2Y_-qLvEa29GkC8PF10K54TZH1gtnhgM-grcAOZVW1hthC2kqrLCd877SPJSzim2Y0AQaCN6e8bPEo1kWZOqsEJqr9_4SdHdWkHM98NStqCRLj8f9_76HRd3skGrLCvFxTS_1oYBdlRrmq1Q62Wp7ccScJkMNQoAEn5Nm_hNJSHCAMLtXx6e21soinvrq_wLVxvhN39unIr4UKS5YoA2oiGKavgLI9vPi45hWvw0RSEKLj4B7cEpzOgPr55y2v79vDSfqr1iLjYXd35-pL9gp4JeMHal_Y2sHAzKFScvLiR4VMZROZs3GPDTWeeePGoM6s6lRZiGSmIZsdoe4-Ek6E-rPAp6zr3Q5oM3i_jpt64-KDeqdkRRmAgG_k7lYrsDNpVAp15eLi80kkntrbE6soz13fNlW74DhFpvr40NogPAvJ_jx10TSqrWnTHrsCg16Up_uiyFs21WBJ7NbwAj7CTVjFsfjCYSroZIGUv1wVJtff6iGdwX-aHF6HaRroSfppqO3eVyWQy8YZvQeYfSXIKsfL590FtbnhWQ3TnD71MdUKtBXIHW4nSfJO9z8tdvDC4qIKie1BxguY0wjSTS4Irk7xnGXdfpaaHhopk0Kf2hz5xGNbGcRRDMb52CQynpzyd9khRfbLs-xFj2bWg2ct9knNklKDicyNr5_wr18DBW9kMbAW12RJlB4u8AjTPODnDgzvQ2fYRJOop-JYM8NRelZ_2Q1t-rPPnCth1EDYWgZs2_w3m61ALnYmQkQiFxgDAg4haG1xo2EughGGAJRqAAvyGlN0Apbd0-g9_F9__17C2EthPWdSNhR7cqDgdsJKVfbb_d-J9Y9W2Aq2A9vijNjm1G6G8MwRQUvTnaqZZ0F3aXdr8RdTYl4k2qel058GGCYMYjBcO6M1ejGbBPXcR73tMdGSpqm2hK89axa4ALq3h3PZiGta0r58IT3dlmSbjQJjpDBy14bkgDWxwWj72dri7eTG1EWTcA_lDVqLOGIPAtgavSh5N4IunGxeSvP7iX0sgJfufbyQhJIXrtLx1uUbCxqDqXN2B-i3Lgj-Gew8cgEVk8JyaPwGDLyB7JVdwNm8dKhkZ7BSY8q7hRXBo1bRcR2sWj2qUPAP1ld90fsJiD0adgnWIgQlskvXxi2suA7YHE_uAE-Ni8L7clznfm4_i2GJmhE-eVdGsOR1kHHs16-W_LtP2hmsfKjje7EFhVe5CB947VYXJ62fpNj0XzWQcIlsIwfk1Vi9EwVCxafkp_JSk2jJTinyaSBVgVQN2_Be4jNtw_kN7Tq5j3JtkACKWlz00MwpPXmqCczl5fIfGwWu7LgcvkXk08P2Q2cyXQn6uFHNxnsdadHJeJjRWVDDrmqxzWcx3iR4-pe8RmEJDtMrrcOmkO-zEc-rNA-cxELzeNRtmNx-oebIuxG9JeUfgKjtX-qFJvjK24GLGiTSHGNohGbEFhxphnKbU-k9ikaXswblyZllae2HyuDOFY7DLwPGriVLy1r2kBpPwmwFEoAX6lkB8hI8HWLzUKJ0B0pLdaFPCsl1GJNHaR52VwDrzM5PzO9vGftDqZe2lp4-c3GCsXWNG7l6Vmrs4WoKnDemVtaLOi57NvnxXPPPb5mh2lwY0BSypQjFk0CPRjQFlMM1v5eemMMJVH39-fjeupW-oyE4tUmRbm6q1bes-XmAFtDcQHdMNkmdGE2GWgnPqbnGDb-erxZT5HkECp1vd2MNuvtbQoucRFlfCK3Es-Ne2IGsY3-cDBtfo28p-ANjeTmFv-bg3dCcXP8Ft5pJ43RHkmjnUPxxjsj4N0cjl6XHS0Uo-yFNr2LPJJ3dahgu5jW2rPyPQV1DRDNebWlxbIeZpdxY2ezC-KJ-npFt5KT-LgWqY9Voycu8vERs","404","http_error"
"hotels","فندق المنارة","https://lh3.googleusercontent.com/umsh/AN6v0v6IX-_tnzWoz383d2R4C3Yoj54raqO5fVWE2AbqzuSqE-LX_5aY38ZID4Y6VvSHmbDrDQA6opPCg9JvGGbKUD4_H_NpHqE41ehlvWALVGcNeARIZw3HIfSvATwLOejQw4aDnhJ1yzc8tTe_QaBYkZRGi0VH2SI2MTddbpwipmd401pjLUqYThdEzPe7XYk7ly1yKWv1Y4lBm3QQ4mFqnYa_MF2Mv1_5N_otsVE3RtwYu0kcMKaPuQ_5cg-E1Gg1wp2yra8XTil0-V65TvqBQwJDGsXqTVXyoiAhx9Jx3_jseN36x-Ag2-9-yGiIMlPLzS9lQyyu4jnB122hNge_JWods7o-3wsqr3SAkcXwTWc4jo7gyqJPsHfERs85NJOanxAjK031zdlgR27sk51yEOKbH1faa9oL86gy0-XyePXvmZbvl1Owg_wdYFzcILWA-yeNg2iC97lVU5iBA0SHXJqoqrJP8o9kvrgmZ796rBFhyveMXY6vHpM6xLsXvYlhGbl8AIF4xjliXzmPu8uDLOCxKKo8v7qE4czzM5XDSX2v9p3V00ULyGgWIuv5GCiCT6Y9BN9I151rdgGU4-Zng3fLPYj-hOZn24K0xYKd0zCauVr0A8khT9D_EeegM7CN8v5JAGC9Z2IgFLpCXd_1JgdUt1FweWfTKXxg6q3r7s_N3qTYFBdRoI-lgpla2T5qRe95lruq-2tUYw8kOTfbkeTsITHlr_ovHL_iqmn5Z3M_4RNMB7-9UFoe1EkFnMaIvx4aRCs1r0u4Y2SAgaRcBj395z9vhNPs9-Dhqopm1OdTIUz5UgnYo-paqDKxKIh8Y7kgx8O2Yz_fSCzPAc_f1OHB0PwCgSP9JFByiAfmeocGuoOegsw12b8SAdkBShW0PnDRYkAFeZf4ljhh7i8CrB2TeJUBj-HHjqt2WiSplWPqVxLyEffCP-VUYFDQJXhsWx2omRw77lIf9G_6Fmdv2aaKrwyTUp6i3wpDpvGdtOcAupB5EKAg-QPFVGPmBzC_yuH4HE7f7770-aSn1OSGIDiiJ3Yuvn4aWFl8p23dMJ_HBfVOkjpjbXtMymeh7tjVBAoBbkhKnw02MyiqkK0eeH8YfTT_CpU1AwN1m9RiB79Pp9rzysjM49sMYWP8hqePbme6N6d4ME_Vi1w3aKO-r1zCe7BGquoW3-qi2FC329NHQT0iS6n87wro8_XO7PlRMhWXMHOrtWWRHG96wLrpAvAazcM0mRrDi01pWu10wAq4r3ef7qITfnhHPQZsScP5BajCa3X8DvW2E-7Nno0Gu6DBM-t2jIQqSKqA8N5jUExz-6Y9dhivctTA-oxQMdrIpdDus-BjwvQ-ZNagv7kztFpxMHoUQXWCPup4-Ar6oS4w8ULu1_VEPi_SG5WNml4420jiMExJX7SDAN9T3FluSyWEw_wPfvC5h8ICIoLj0mJzOjpbah-2470b4ARqVxd3EhQ74qgHfeTqrIjrLfpWYAaWqIqdvAS3hovKpasisCVswx2N_9sQm87wMArvMMbvZrqx_FQo4W-N9boJIHFT7qDrrCfnYx8WJdBQxZ1xLASfn7qXmY1MTMEsvuKwBN1Sha3bf91wg1au7Kr2TEE6fcvEQyNhebmMdYWddIkkFGbFXI-uCXspk9yaLAG1UeQN26ClIoLSl3O9YKMlx4gXkKlZ4jolu1waDYiMbLYu6WuDbaAZlxalLq2ssbumjys7v1veB1vvplDQWD0mLrhJqaQtLmYDcbHZ3zw4dADkLSluPtEpfrgoZIajqUMUMuWi2c7Bnk7WfAdVyF7X40zrY9WDnT_UhdVRo1whyPHiD2rJGuen7FYRFxy4ZHBmRK2yYS62eFW0RFhOVLPSFjHjNLE_yky54FIxQNwYcVDcGWtjzqXYbSNdD2MY9Sm8fAY4JLRDvKEza9oIce5-MIH_-X7-LHBjTkqpxJHkkM11tkHIL8Vt2lmRCt1YHNSdR0Q507F6OEqO3-2EdjVMtMyMmY19I6db8-6-PtP9EKdZcNQXSGZ6ah5dUjtBLmFbTHIyNXIaPMNOQL36Fs6vRXurxst-zHdlLm1nSANCWTlTGI3P963y9--4SK9KkCyqjLON1BWC-0L7DbRjXE49XtpaYDfUhkwny6UmjJSBO4LIy_MNJmRmp9Q8EQuF6BBMR9feR6MRMyWGBbthUDouSDB-AYk4nsiV_5yOH8DlNbZzMLnIOexxbkEylospqBkvmTdEUSKGw19PqvhihzsvUya1yZhXMWBbCIGAClAHenK77N-cXqNXKCc0NKUedfBsQOByvxf8jAofik8uNl0JM3mM1W7AkHlMzCfnWPCQdN7zvTXdH1oTQA9HAn7o576AdQWsEdJTTK2I7YTqWdF_tdo4269rjAhwEToI8DC99kiR5cVH9YYI-2p_3Ef57MbgV5w2g4xTJzPxFGeJfSmmDWsDfPAxjtQiaAf6miBKFoLgBxNNb_6k6R7EgypED18V75p7Hwu_XNUW92MIgUr8XDBZwLFPUog78IGJudEO8rJb0L9mU03BMxxigwedN9QkoKM1XWLzF9rYVcqxBh3fvCo7P_gUXE1xMIUVfLrBRU2ODGun8fYPJ8Dwx1-fQmt1OVZ33SIH04rucGFTe8yG-YgA-VtfsSdptSp88Ttdp_RhMbgh5yTkK04bOjK2Y2ygRPErkacA9eco6GNwjwBm4jfwoGFP7_Jn11B0FlB2Om5F6SSusyVp0-9aEcEL4VFm5a2VJGl7AyuhkPYK-yJhve8eMnB27FP9udZ23p9EP9DC7n7ptUiGnbPsANl76fvoxGbSw063mRyidzwq_PIyFARYmV1NIJxkk3MHQaL8TlOi_TxGo-6MDMcxKiw9olUamSgvglFytvs3oEpnHNPTW1XlDXY7YlP0CFntxN4aLKHaEgFIBGxedhihqA8zg2DDyPC8EcOZVuGVSxhdFQ_VuhPmAmWPadXW1G8nrXcuMPy3DCT46FkXjD8Gt7GN5D3lx3ehXsyM_MgxsviS_0if9C68a5RqdxJ4PEagyFaWPXOQtsLBQngpGtEcYcIHYxGOU_uMQxmxCLOl1ArV0oC2SK6iaAjaLK61PRXzXx2cWL-lvB9cuBa-0CfVHhSPR9c0C0UVZ5hc78d5xVygWpNTSmNCEVlL7rdHN_qZfCkJOq-tL4zmbxj0UADZCocRj2Y3lhGvkEvzaa3z-OcuF7eAvaZQAtr4FXobB4qSW3Nyisf-vsXY51xkvAr0i-NKrPeyIQF2DniQGet3hC60Vw7SiUU7n3lx-a3VxIahPBfy9heC8nrJa0Od7wXdG3eShOD6PD1pJKsVXzZQW8o1y0gGvD4","","https://lh3.googleusercontent.com/umsh/AN6v0v6IX-_tnzWoz383d2R4C3Yoj54raqO5fVWE2AbqzuSqE-LX_5aY38ZID4Y6VvSHmbDrDQA6opPCg9JvGGbKUD4_H_NpHqE41ehlvWALVGcNeARIZw3HIfSvATwLOejQw4aDnhJ1yzc8tTe_QaBYkZRGi0VH2SI2MTddbpwipmd401pjLUqYThdEzPe7XYk7ly1yKWv1Y4lBm3QQ4mFqnYa_MF2Mv1_5N_otsVE3RtwYu0kcMKaPuQ_5cg-E1Gg1wp2yra8XTil0-V65TvqBQwJDGsXqTVXyoiAhx9Jx3_jseN36x-Ag2-9-yGiIMlPLzS9lQyyu4jnB122hNge_JWods7o-3wsqr3SAkcXwTWc4jo7gyqJPsHfERs85NJOanxAjK031zdlgR27sk51yEOKbH1faa9oL86gy0-XyePXvmZbvl1Owg_wdYFzcILWA-yeNg2iC97lVU5iBA0SHXJqoqrJP8o9kvrgmZ796rBFhyveMXY6vHpM6xLsXvYlhGbl8AIF4xjliXzmPu8uDLOCxKKo8v7qE4czzM5XDSX2v9p3V00ULyGgWIuv5GCiCT6Y9BN9I151rdgGU4-Zng3fLPYj-hOZn24K0xYKd0zCauVr0A8khT9D_EeegM7CN8v5JAGC9Z2IgFLpCXd_1JgdUt1FweWfTKXxg6q3r7s_N3qTYFBdRoI-lgpla2T5qRe95lruq-2tUYw8kOTfbkeTsITHlr_ovHL_iqmn5Z3M_4RNMB7-9UFoe1EkFnMaIvx4aRCs1r0u4Y2SAgaRcBj395z9vhNPs9-Dhqopm1OdTIUz5UgnYo-paqDKxKIh8Y7kgx8O2Yz_fSCzPAc_f1OHB0PwCgSP9JFByiAfmeocGuoOegsw12b8SAdkBShW0PnDRYkAFeZf4ljhh7i8CrB2TeJUBj-HHjqt2WiSplWPqVxLyEffCP-VUYFDQJXhsWx2omRw77lIf9G_6Fmdv2aaKrwyTUp6i3wpDpvGdtOcAupB5EKAg-QPFVGPmBzC_yuH4HE7f7770-aSn1OSGIDiiJ3Yuvn4aWFl8p23dMJ_HBfVOkjpjbXtMymeh7tjVBAoBbkhKnw02MyiqkK0eeH8YfTT_CpU1AwN1m9RiB79Pp9rzysjM49sMYWP8hqePbme6N6d4ME_Vi1w3aKO-r1zCe7BGquoW3-qi2FC329NHQT0iS6n87wro8_XO7PlRMhWXMHOrtWWRHG96wLrpAvAazcM0mRrDi01pWu10wAq4r3ef7qITfnhHPQZsScP5BajCa3X8DvW2E-7Nno0Gu6DBM-t2jIQqSKqA8N5jUExz-6Y9dhivctTA-oxQMdrIpdDus-BjwvQ-ZNagv7kztFpxMHoUQXWCPup4-Ar6oS4w8ULu1_VEPi_SG5WNml4420jiMExJX7SDAN9T3FluSyWEw_wPfvC5h8ICIoLj0mJzOjpbah-2470b4ARqVxd3EhQ74qgHfeTqrIjrLfpWYAaWqIqdvAS3hovKpasisCVswx2N_9sQm87wMArvMMbvZrqx_FQo4W-N9boJIHFT7qDrrCfnYx8WJdBQxZ1xLASfn7qXmY1MTMEsvuKwBN1Sha3bf91wg1au7Kr2TEE6fcvEQyNhebmMdYWddIkkFGbFXI-uCXspk9yaLAG1UeQN26ClIoLSl3O9YKMlx4gXkKlZ4jolu1waDYiMbLYu6WuDbaAZlxalLq2ssbumjys7v1veB1vvplDQWD0mLrhJqaQtLmYDcbHZ3zw4dADkLSluPtEpfrgoZIajqUMUMuWi2c7Bnk7WfAdVyF7X40zrY9WDnT_UhdVRo1whyPHiD2rJGuen7FYRFxy4ZHBmRK2yYS62eFW0RFhOVLPSFjHjNLE_yky54FIxQNwYcVDcGWtjzqXYbSNdD2MY9Sm8fAY4JLRDvKEza9oIce5-MIH_-X7-LHBjTkqpxJHkkM11tkHIL8Vt2lmRCt1YHNSdR0Q507F6OEqO3-2EdjVMtMyMmY19I6db8-6-PtP9EKdZcNQXSGZ6ah5dUjtBLmFbTHIyNXIaPMNOQL36Fs6vRXurxst-zHdlLm1nSANCWTlTGI3P963y9--4SK9KkCyqjLON1BWC-0L7DbRjXE49XtpaYDfUhkwny6UmjJSBO4LIy_MNJmRmp9Q8EQuF6BBMR9feR6MRMyWGBbthUDouSDB-AYk4nsiV_5yOH8DlNbZzMLnIOexxbkEylospqBkvmTdEUSKGw19PqvhihzsvUya1yZhXMWBbCIGAClAHenK77N-cXqNXKCc0NKUedfBsQOByvxf8jAofik8uNl0JM3mM1W7AkHlMzCfnWPCQdN7zvTXdH1oTQA9HAn7o576AdQWsEdJTTK2I7YTqWdF_tdo4269rjAhwEToI8DC99kiR5cVH9YYI-2p_3Ef57MbgV5w2g4xTJzPxFGeJfSmmDWsDfPAxjtQiaAf6miBKFoLgBxNNb_6k6R7EgypED18V75p7Hwu_XNUW92MIgUr8XDBZwLFPUog78IGJudEO8rJb0L9mU03BMxxigwedN9QkoKM1XWLzF9rYVcqxBh3fvCo7P_gUXE1xMIUVfLrBRU2ODGun8fYPJ8Dwx1-fQmt1OVZ33SIH04rucGFTe8yG-YgA-VtfsSdptSp88Ttdp_RhMbgh5yTkK04bOjK2Y2ygRPErkacA9eco6GNwjwBm4jfwoGFP7_Jn11B0FlB2Om5F6SSusyVp0-9aEcEL4VFm5a2VJGl7AyuhkPYK-yJhve8eMnB27FP9udZ23p9EP9DC7n7ptUiGnbPsANl76fvoxGbSw063mRyidzwq_PIyFARYmV1NIJxkk3MHQaL8TlOi_TxGo-6MDMcxKiw9olUamSgvglFytvs3oEpnHNPTW1XlDXY7YlP0CFntxN4aLKHaEgFIBGxedhihqA8zg2DDyPC8EcOZVuGVSxhdFQ_VuhPmAmWPadXW1G8nrXcuMPy3DCT46FkXjD8Gt7GN5D3lx3ehXsyM_MgxsviS_0if9C68a5RqdxJ4PEagyFaWPXOQtsLBQngpGtEcYcIHYxGOU_uMQxmxCLOl1ArV0oC2SK6iaAjaLK61PRXzXx2cWL-lvB9cuBa-0CfVHhSPR9c0C0UVZ5hc78d5xVygWpNTSmNCEVlL7rdHN_qZfCkJOq-tL4zmbxj0UADZCocRj2Y3lhGvkEvzaa3z-OcuF7eAvaZQAtr4FXobB4qSW3Nyisf-vsXY51xkvAr0i-NKrPeyIQF2DniQGet3hC60Vw7SiUU7n3lx-a3VxIahPBfy9heC8nrJa0Od7wXdG3eShOD6PD1pJKsVXzZQW8o1y0gGvD4","404","http_error"
"hotels","فندق لؤلؤة الخليج","https://lh3.googleusercontent.com/umsh/AN6v0v5npWIezqaIRjtb9O4Y19Q432HnXA4FJ2dKjGYTFa_irZWRxTTnaas7mdxfzYtxt9tovox365r9Wj7_YaE2Tsg6pOIvdpWhhqURwu3r5gUc9Q0Bx7ElaOhWFXNnJvsGYlKWS9oZY5nmAVHEMfpZW6cfW-KduIxQPmg0yZVKLDWfqOXyVCt4FwMP-kc87xchiS_zun09Q2dMHm2UvEVXrRGljAoqvJBH-QhezsJHQw5t1lXOyvCwwXxBz2woW9wa5dju54mRugia1FgV3pHr_y_gr5cFt715WPCJFVLzPS_eeVDpdFJGzLLYNz5V7AYTthzZTbUVzp-r1dzhcMamfeCBUI_BVNeELdkrd21lWWVaYvlzLB3HddD59QmvtW7MOetgeSnv8s80vvE20nxu_Uv5eoP94IQbmrPI1awu9Xq_qxmN-ZwNBum00LVgDYobGoxI9aQn2Hqr_I1cdWvhTCC3O9TKlf37BsJP-acboYH6M12qAki5VymJLLWlNqaOt5okfB76b1YVYPTWk_xA2jf6Zpa-bpN5i68is5q8Gnse0E9u6fKkXf03NlSEv5qXzafD6r14-IatZLa5tBpaW6D6rOpTfw-esX_CwVOWnMR_upZg8WzUx3Nk54gOj_VdGSt6Q31S6NoiwiLmiv3K4y5h0oFunbtN_69VXR4cHxbHoQyagsa08sn4BjSb4oPjUJPo9n72eQSFILca5CfLQk173yV1Y5FvqiH8Kf28mhbSk8--B5BqJOvLbFJev-FHwNZ6JyjK8eUZmvelDBc-50zRDmRGe9cAIZ9LIjYbAvWfJJfCxqXxws9Pu7hM_NdLfUK3rnwKipArZQY0yF0_hB2AJ2SCUoyMQfJdHoImocec14BG3yHWmlAdfKwIqjhjmPbo1ltEmGY87eIuoxFKtaf8ru70HEpAIcTiQZSysbYwozMHMtc0zEVaWL2bU9E5-vijoppqr3MFbgkdzyx-Q42CMhBNyIUsDdbzXdhSkco0W9CjmFApp0d37hpKYH55M70Ub8tCmsYlEKsf3MO84qWj20l7st1uRjkXuWh4-FyREOOwAherzqWELk8z8YOEuZITKhkfKM-yvsDC7hHnXlkbprhpBA7OsfxHkHaFNCneOg5SyOcWZDdX1l39A1en9YJlXpgpLyOiY2iUJXdFoNAqJUo5ine_YV7r9LIY8fqqI9038gVUq-abGwrppd6NoZ8y-r4c5WQkJmOwNPrR-CHSm5tz9wO4DfVihIXic5jAWbVPM9QNR_sCBAlSca0r2cnu3mkOEJvbNMtrl73oxcahSQtXParXYp0rhUMgArzM-7ZyX5SE0diS0YQDSaEWFD9wUsZ8Yf-BjBeSVCyjJD6zncZqg4grEkvuiK9W1d674DuTs74GBvSewxXDlumBwIakvbDhEFzc8zkbOgeYXv-PR9AGFvOcK7mSt6R39rtklo_29PfAKV23yz3uJnVYpygSe6MK7z4wVwnn79TYg0SrjqwuGWyH5icdSB5aZ9wHdDSJ","","https://lh3.googleusercontent.com/umsh/AN6v0v5npWIezqaIRjtb9O4Y19Q432HnXA4FJ2dKjGYTFa_irZWRxTTnaas7mdxfzYtxt9tovox365r9Wj7_YaE2Tsg6pOIvdpWhhqURwu3r5gUc9Q0Bx7ElaOhWFXNnJvsGYlKWS9oZY5nmAVHEMfpZW6cfW-KduIxQPmg0yZVKLDWfqOXyVCt4FwMP-kc87xchiS_zun09Q2dMHm2UvEVXrRGljAoqvJBH-QhezsJHQw5t1lXOyvCwwXxBz2woW9wa5dju54mRugia1FgV3pHr_y_gr5cFt715WPCJFVLzPS_eeVDpdFJGzLLYNz5V7AYTthzZTbUVzp-r1dzhcMamfeCBUI_BVNeELdkrd21lWWVaYvlzLB3HddD59QmvtW7MOetgeSnv8s80vvE20nxu_Uv5eoP94IQbmrPI1awu9Xq_qxmN-ZwNBum00LVgDYobGoxI9aQn2Hqr_I1cdWvhTCC3O9TKlf37BsJP-acboYH6M12qAki5VymJLLWlNqaOt5okfB76b1YVYPTWk_xA2jf6Zpa-bpN5i68is5q8Gnse0E9u6fKkXf03NlSEv5qXzafD6r14-IatZLa5tBpaW6D6rOpTfw-esX_CwVOWnMR_upZg8WzUx3Nk54gOj_VdGSt6Q31S6NoiwiLmiv3K4y5h0oFunbtN_69VXR4cHxbHoQyagsa08sn4BjSb4oPjUJPo9n72eQSFILca5CfLQk173yV1Y5FvqiH8Kf28mhbSk8--B5BqJOvLbFJev-FHwNZ6JyjK8eUZmvelDBc-50zRDmRGe9cAIZ9LIjYbAvWfJJfCxqXxws9Pu7hM_NdLfUK3rnwKipArZQY0yF0_hB2AJ2SCUoyMQfJdHoImocec14BG3yHWmlAdfKwIqjhjmPbo1ltEmGY87eIuoxFKtaf8ru70HEpAIcTiQZSysbYwozMHMtc0zEVaWL2bU9E5-vijoppqr3MFbgkdzyx-Q42CMhBNyIUsDdbzXdhSkco0W9CjmFApp0d37hpKYH55M70Ub8tCmsYlEKsf3MO84qWj20l7st1uRjkXuWh4-FyREOOwAherzqWELk8z8YOEuZITKhkfKM-yvsDC7hHnXlkbprhpBA7OsfxHkHaFNCneOg5SyOcWZDdX1l39A1en9YJlXpgpLyOiY2iUJXdFoNAqJUo5ine_YV7r9LIY8fqqI9038gVUq-abGwrppd6NoZ8y-r4c5WQkJmOwNPrR-CHSm5tz9wO4DfVihIXic5jAWbVPM9QNR_sCBAlSca0r2cnu3mkOEJvbNMtrl73oxcahSQtXParXYp0rhUMgArzM-7ZyX5SE0diS0YQDSaEWFD9wUsZ8Yf-BjBeSVCyjJD6zncZqg4grEkvuiK9W1d674DuTs74GBvSewxXDlumBwIakvbDhEFzc8zkbOgeYXv-PR9AGFvOcK7mSt6R39rtklo_29PfAKV23yz3uJnVYpygSe6MK7z4wVwnn79TYg0SrjqwuGWyH5icdSB5aZ9wHdDSJ","404","http_error"
"hotels","فندق التلال الوسيطة البيضاء","https://lh3.googleusercontent.com/umsh/AN6v0v6Q0gAi2EK3-Hp15lQm6GeOrEXt8Wr1CdZ2F0PuKP4o-VSAuoo1wXaC53o-szBoQfOeg4n-5DHhiksJ9bX0Z8m4Z5Y37bY98uqtkrU-6Q52hecSAZLiwT4PVqxbIaQYi_Cnc3uCWwGLO3Dk1GRu8PF1h40Ahg8DaChFIwZXz3M7I7kfHHxAKiCToGxH5VKSO42xbs0p-h1edsW_7cl9U2BsPf2OWWBnXMvcPrSDZi14Y1qDHx8Ufmt8xoP1rtdKGEEyRahJkAcsIBft4D7vRr-Pb4Z3DE9sUhD2NjcnL85YJSkAoZYg4qTxyWqZVZBpereFa5RjbMpWpBFaJgMWOjQnG3i4NIaAJUPZqSW6HKKrlKNt52nOY5x6wNEwxUWKTW3xQapyhmdnTIkxSq313znIn86YU-NzAHgkWnkUZYGWVWEeSbGe65NvBqLFTXF9wCCRGQNPcvXSUz_L_I1aN5Td-uZ-ZaWIRDCM95fHGlQoZ6Y2KeKEKavNk1EHxVcB-15BiYgvADe3SwxC3fe_NDS3_xYqgZzEb374774oKm6kHXGpwK_QpOaFtebcpnXg2TrI83lLbOUOib51BH7u05ow23G7lumpm7_xK0xjjCnYCnjn2aJvrVfib4qbehdX9nyZxPXoSWbcb-VJh3ft3xDfCqtnH1Mj9z0XIxlpQ9LRSVOqa2Enh7eMS2oIahtIhgnOsn3XC_EuFGVcOnP3t-zThzbF5e96pEg9p1dunO6lZwkBJRWUukkRQdyw_qURUUJvSTer8oqOGnzjzcWUxb4caKr5zKFH98FVdBcCn-TlBI63pdxX21nOTKpfJy20WPYy2HhjrwM6VwNVHODQppvdN-svKDPfTDP18t__n8nMdgccAq0AXdN6DOI15P1VrIvP3RuRCXET44KKae_g99DP64ZD_2QAEKmivtkT9wdu1ljA0DcicKqdgxMK0VvxAj2u-XrFhoAYx43BgomZACfe8WBE9ifb9VX4xhHmQzdoDnkpPnU-yby-dRd_nRnMpfVgd59UF9RxWscXLH9cZoJTz26wzsLy0htTZGvlW9BwGT0Zk8jQrzlh4qlSq6s3ziYTWnecEmiO32Nv2-87rA4WaXeeQE-kPPfrSVVLDZEU4g8kX1Eyt1AUDioOU2GAq4ZkhAChDZ16NhxTXdYhR2cG9WUkQJ6z8FmECLIfBtSGWX7dQTUVk8ZRjNPC7X0x3OBIQEcGLNGQJ5lV_hELBPSCxxgHujbFSFhe8ndebzpDivDqtdq5PoO2ML9X8fhMrnH2AFI9JBHMVQw1YMmRVuuQYrwKFd9Ws_tbZ1cEoRCPehY1OGT4UyhghUMl6cXL-Evjv9QRFHp-MeaL9XMYQEgrMK5NafSbQgtpwNXuXaBx0oVGVhCquE-fIytxAs217RDgQntu_APDZy6yRLzUbIpGRyNPI8zEMeBvWovfE7l-DBA_rqWqLLs5D524yygLu9xIl5mzhWc55c43sDdekIAsImZnTxYzziQBGlBamivyFj0CK_0","","https://lh3.googleusercontent.com/umsh/AN6v0v6Q0gAi2EK3-Hp15lQm6GeOrEXt8Wr1CdZ2F0PuKP4o-VSAuoo1wXaC53o-szBoQfOeg4n-5DHhiksJ9bX0Z8m4Z5Y37bY98uqtkrU-6Q52hecSAZLiwT4PVqxbIaQYi_Cnc3uCWwGLO3Dk1GRu8PF1h40Ahg8DaChFIwZXz3M7I7kfHHxAKiCToGxH5VKSO42xbs0p-h1edsW_7cl9U2BsPf2OWWBnXMvcPrSDZi14Y1qDHx8Ufmt8xoP1rtdKGEEyRahJkAcsIBft4D7vRr-Pb4Z3DE9sUhD2NjcnL85YJSkAoZYg4qTxyWqZVZBpereFa5RjbMpWpBFaJgMWOjQnG3i4NIaAJUPZqSW6HKKrlKNt52nOY5x6wNEwxUWKTW3xQapyhmdnTIkxSq313znIn86YU-NzAHgkWnkUZYGWVWEeSbGe65NvBqLFTXF9wCCRGQNPcvXSUz_L_I1aN5Td-uZ-ZaWIRDCM95fHGlQoZ6Y2KeKEKavNk1EHxVcB-15BiYgvADe3SwxC3fe_NDS3_xYqgZzEb374774oKm6kHXGpwK_QpOaFtebcpnXg2TrI83lLbOUOib51BH7u05ow23G7lumpm7_xK0xjjCnYCnjn2aJvrVfib4qbehdX9nyZxPXoSWbcb-VJh3ft3xDfCqtnH1Mj9z0XIxlpQ9LRSVOqa2Enh7eMS2oIahtIhgnOsn3XC_EuFGVcOnP3t-zThzbF5e96pEg9p1dunO6lZwkBJRWUukkRQdyw_qURUUJvSTer8oqOGnzjzcWUxb4caKr5zKFH98FVdBcCn-TlBI63pdxX21nOTKpfJy20WPYy2HhjrwM6VwNVHODQppvdN-svKDPfTDP18t__n8nMdgccAq0AXdN6DOI15P1VrIvP3RuRCXET44KKae_g99DP64ZD_2QAEKmivtkT9wdu1ljA0DcicKqdgxMK0VvxAj2u-XrFhoAYx43BgomZACfe8WBE9ifb9VX4xhHmQzdoDnkpPnU-yby-dRd_nRnMpfVgd59UF9RxWscXLH9cZoJTz26wzsLy0htTZGvlW9BwGT0Zk8jQrzlh4qlSq6s3ziYTWnecEmiO32Nv2-87rA4WaXeeQE-kPPfrSVVLDZEU4g8kX1Eyt1AUDioOU2GAq4ZkhAChDZ16NhxTXdYhR2cG9WUkQJ6z8FmECLIfBtSGWX7dQTUVk8ZRjNPC7X0x3OBIQEcGLNGQJ5lV_hELBPSCxxgHujbFSFhe8ndebzpDivDqtdq5PoO2ML9X8fhMrnH2AFI9JBHMVQw1YMmRVuuQYrwKFd9Ws_tbZ1cEoRCPehY1OGT4UyhghUMl6cXL-Evjv9QRFHp-MeaL9XMYQEgrMK5NafSbQgtpwNXuXaBx0oVGVhCquE-fIytxAs217RDgQntu_APDZy6yRLzUbIpGRyNPI8zEMeBvWovfE7l-DBA_rqWqLLs5D524yygLu9xIl5mzhWc55c43sDdekIAsImZnTxYzziQBGlBamivyFj0CK_0","404","http_error"
"hotels","فندق التلال الوسيطة البيضاء","https://lh3.googleusercontent.com/umsh/AN6v0v4laMhrCnhDvZUCE7z6fVbROdM70oU971l8OuVMTDXeGcCzgvOgFVsYN5wVc3NgaafHyY4XKUeK7hmF0KgdESXiPgMGxhgW3MgOMCnZ7KktNk0PocT3GVSdSDYf8P3Rj3vJDgNzTbg39pj_UzNvtMQ4qP_1_MvpOqFvfSBqVj820trknMLF3IHVdIfiBKO29U04G_YE37EBCRGusxciuUS1YlxTgC5eKaj8NuUm9CdEPRvS_7IeQtCzpSce_BpZ5XUdI30OECLydwhLS34C-24naY7kDMZxsHWlEPur-Rw4M2lA5BYn81qLimZYkx4UgEzwS2bDlgzwEIW56ZgPKYwPajqOhmMieUK3e9rk3du0-rywsfvZvRat1rRz5hDzJFseQWmUj_2BZ-LioPGiDPWcM-TnOksUhvDLJstb1JeHsE0GROUY2mJ_OdXEUoaldi9ATDquwbB0hRnXvn9S7Cd3EPUYw-c1uXouidBZ7LlAh6XW6159YeeRt5zu4agJxwwEaIUcRwG6swiXWn0EfPNLw_u1l5JNWkFn6eMa8rZlp5nueeBG2VqBklhv4wlbJVyjqbIF21vuQ7MhXCV_v-mOPvhdXxFTibPIILVt-OfOeVm3hTytRpC1huOjs4AjR8n3L87F1CkFnFttCkUEotiadgO0tJlRIm0I0PO4kq3Ri6fl_X7jTQLk91jwlv8BtIf7SUcQiCMDw8iYWNrm8I5lE7J_4wx6T8WMvZPwd0x2Czakusj_SW84O4gtoe7S1KmsbLfB2UypOiK2GRAsDJP0pKzJzk9BaPupizY7cAYOmehKXrKy98OvG30GK9pIE_9bI39jCfe2lETSR6Vp3fYPKMamH0kTYicHnFO6vd8PL5LMRwrgdE-uM-RUiaWDyPpbcQo5la78UXq0CJbWm69E5Ltakoj4TW6UwTw1wItBWj8ThflOCGEbwlPiSVKxYxEnjuAwLXpDLqyFeAfhf_qW1yVgqg63iR6dXED1EIgnWlwJoerx3kc3lEdDBF_dBSFwwyMrn6HNNJhgI3kYHE4A8NGi9ZWpTyCRxjt26MkA3LdXefEhqd91BN4opNpU5wx6Bx8PxTd0LB4dnR5tn0Y_OdLYc-7Mfjok6wzcEEaciR4FrkH4fat3pZc7AWcLjNbsIwHeHKq87HJEhyqlW7J6bN5dtDBxcAve4gzFfoLXUS3aU4xEACo3kMM0KFELC5td-aucbASoI6BOJ1Xa8p0GuZkUBTkQbYQh5CozmGT4jNxpQxFqZD-3c-F8dLePAw_gT3um8SAnlNSZ2fhEjZPkqPhjgCPhlsvwzjXyeIQM3zaot9EN6lwAPCXUyhFTJ1jBl9R0Gm9GMcRdivJ98XKdQOf45uJ6SGEEhwYzBSPY9LNvEvOpfDgWyIgToDTzpYpivpTIjz5MJg1yi2EUXTF5UKL4pMVw1jrj9W92F8Yx3CSquR_oJ_hnYEh9UFFLI1aNEMFySl9EQwlnrXDLkTj2FfPFaeyZBNLBEkStty0tBq2N","","https://lh3.googleusercontent.com/umsh/AN6v0v4laMhrCnhDvZUCE7z6fVbROdM70oU971l8OuVMTDXeGcCzgvOgFVsYN5wVc3NgaafHyY4XKUeK7hmF0KgdESXiPgMGxhgW3MgOMCnZ7KktNk0PocT3GVSdSDYf8P3Rj3vJDgNzTbg39pj_UzNvtMQ4qP_1_MvpOqFvfSBqVj820trknMLF3IHVdIfiBKO29U04G_YE37EBCRGusxciuUS1YlxTgC5eKaj8NuUm9CdEPRvS_7IeQtCzpSce_BpZ5XUdI30OECLydwhLS34C-24naY7kDMZxsHWlEPur-Rw4M2lA5BYn81qLimZYkx4UgEzwS2bDlgzwEIW56ZgPKYwPajqOhmMieUK3e9rk3du0-rywsfvZvRat1rRz5hDzJFseQWmUj_2BZ-LioPGiDPWcM-TnOksUhvDLJstb1JeHsE0GROUY2mJ_OdXEUoaldi9ATDquwbB0hRnXvn9S7Cd3EPUYw-c1uXouidBZ7LlAh6XW6159YeeRt5zu4agJxwwEaIUcRwG6swiXWn0EfPNLw_u1l5JNWkFn6eMa8rZlp5nueeBG2VqBklhv4wlbJVyjqbIF21vuQ7MhXCV_v-mOPvhdXxFTibPIILVt-OfOeVm3hTytRpC1huOjs4AjR8n3L87F1CkFnFttCkUEotiadgO0tJlRIm0I0PO4kq3Ri6fl_X7jTQLk91jwlv8BtIf7SUcQiCMDw8iYWNrm8I5lE7J_4wx6T8WMvZPwd0x2Czakusj_SW84O4gtoe7S1KmsbLfB2UypOiK2GRAsDJP0pKzJzk9BaPupizY7cAYOmehKXrKy98OvG30GK9pIE_9bI39jCfe2lETSR6Vp3fYPKMamH0kTYicHnFO6vd8PL5LMRwrgdE-uM-RUiaWDyPpbcQo5la78UXq0CJbWm69E5Ltakoj4TW6UwTw1wItBWj8ThflOCGEbwlPiSVKxYxEnjuAwLXpDLqyFeAfhf_qW1yVgqg63iR6dXED1EIgnWlwJoerx3kc3lEdDBF_dBSFwwyMrn6HNNJhgI3kYHE4A8NGi9ZWpTyCRxjt26MkA3LdXefEhqd91BN4opNpU5wx6Bx8PxTd0LB4dnR5tn0Y_OdLYc-7Mfjok6wzcEEaciR4FrkH4fat3pZc7AWcLjNbsIwHeHKq87HJEhyqlW7J6bN5dtDBxcAve4gzFfoLXUS3aU4xEACo3kMM0KFELC5td-aucbASoI6BOJ1Xa8p0GuZkUBTkQbYQh5CozmGT4jNxpQxFqZD-3c-F8dLePAw_gT3um8SAnlNSZ2fhEjZPkqPhjgCPhlsvwzjXyeIQM3zaot9EN6lwAPCXUyhFTJ1jBl9R0Gm9GMcRdivJ98XKdQOf45uJ6SGEEhwYzBSPY9LNvEvOpfDgWyIgToDTzpYpivpTIjz5MJg1yi2EUXTF5UKL4pMVw1jrj9W92F8Yx3CSquR_oJ_hnYEh9UFFLI1aNEMFySl9EQwlnrXDLkTj2FfPFaeyZBNLBEkStty0tBq2N","404","http_error"
"hotels","فندق التلال الوسيطة البيضاء","https://lh3.googleusercontent.com/umsh/AN6v0v5PIgvoaHvXqKUEq8SKe9fAg0586qnuFr1z-uXBh7SBdlaRGnodgTN9umoD9W076qDHrVoKUVd0ochYvoH0vOsRk_sT1_ChDe6fdud_KWlu0Gd4WYl4TrotZRGF-GTxG80cTrPI2x9zxTlZZCS2Jqv_B9xN6GfImJ2sMc_dMqEWxhtkMSLiN8DkIukHRlDSPuybD9HF5W6B_1GTR_krNtK7iYpe4TrIO--W_cYG0mEKYwf49QtW4WZeGioR_v8Sn0peVkED6L0V17-N61MnxcutLwBHLGfMZL2r1aTI2n6YRhEqMUaOGQjJWMqQDyFc_sbZ30K_TruGmquz_MqXWoCG_bmB3vkrmBDvpPSB0BT4UbeImX1xJESCNIwcYxoUeF_UFFzI-5L7qqw6c7SjEALILXQ9IgS3-OYvcSJrzlBnDyPhamtt2Dj6cTStYAJqDF2QSsCPK88Vc9q2QR2xjBjiVUnwdlJUxqEVew3WLKA3BsHN75vW_H_Nx41xIwBX3-OtPTZ1reY8AVNX9eji91WanKYH5j3WH6oSfdXflCHFkYIxka4jJWmXFPUTv5DV3Xg3MGIuCuQ4xveKz73jjYNlCsWQwePLVwwiyd4sIX_qPEnOHrB9jFxdMz6BSWFJvDDnuWGQNe0nK93GesZHjjvQI0C7aUdC3ub8gJmPOs-jIdNuaOG_DdOHysdUPPgCpcv2hMFi6Clb37VGvBU4DNbaVIPNFZLCRoaA_HCGct4nd94te7D--95qHMZx2mbSQaEMZLwJEJhQba-02rCPx5zlCrWn8Hgprls-NP8Hda82-3ItAPmtqrmC_O1cczT5Tz1_Nx-0fJK0Per9PS39jWVPnIY38NGMkLwkeOUjV8Q0vTHYSS03GdPFUwPREbVXDQWzG5muTsgKxvp36zUBPx3UaS0hf8qmqkEDMg2oyXe3dQ51UGe0s2RaHHGPrEIbQOwl06yeVyg9sV93-HrCKKhnK4qTCvYo1mUeCfD9IW7UpxheadjyACSCgdVRR4wEWndKudWn2jdEcDq6faQGltsAXp5SiBLXS6At6GGPxLJFVh4ami9LXEHnYQbAZKnbFobCxn6mmAxOQ33Ud0aULzk3pidaGCNGGVqCtMGxYM719qHKyn1ytAhCD0wLSWIReDjCqn7hfCoiQj8S23Ql_017pci_J3lzI-NR2m8HQpNA6OFYUXUdTdX2q2WyAbCKtXmiRUHRibvRykk3TyFLdBmRU3RZyKPWtNsYa51kGolEBTuQcGScsrZZ2dvRRLKOltV_4h-S3JFJdkJ8dJmlT6mYDkr1v9bVmfQc2YRV_-BT46zlSMyhe6zXeMEaUtaxqu78i237Z6eqse3ENF6_NzuUy_E2C0xcIP1fgB06T91WRWdkNo0_6gF26QHykR8mrZGFVmB7dxIJiEObDjUfl_oDuNOaxkL_OsmE3UnGOpJi4tHI0nimMYccuc-6kQ6-Vm_V8TZjhM3AGasJfgWLyGj1ogeY8jlIYw5ktKuPvkLgDSgQQMI","","https://lh3.googleusercontent.com/umsh/AN6v0v5PIgvoaHvXqKUEq8SKe9fAg0586qnuFr1z-uXBh7SBdlaRGnodgTN9umoD9W076qDHrVoKUVd0ochYvoH0vOsRk_sT1_ChDe6fdud_KWlu0Gd4WYl4TrotZRGF-GTxG80cTrPI2x9zxTlZZCS2Jqv_B9xN6GfImJ2sMc_dMqEWxhtkMSLiN8DkIukHRlDSPuybD9HF5W6B_1GTR_krNtK7iYpe4TrIO--W_cYG0mEKYwf49QtW4WZeGioR_v8Sn0peVkED6L0V17-N61MnxcutLwBHLGfMZL2r1aTI2n6YRhEqMUaOGQjJWMqQDyFc_sbZ30K_TruGmquz_MqXWoCG_bmB3vkrmBDvpPSB0BT4UbeImX1xJESCNIwcYxoUeF_UFFzI-5L7qqw6c7SjEALILXQ9IgS3-OYvcSJrzlBnDyPhamtt2Dj6cTStYAJqDF2QSsCPK88Vc9q2QR2xjBjiVUnwdlJUxqEVew3WLKA3BsHN75vW_H_Nx41xIwBX3-OtPTZ1reY8AVNX9eji91WanKYH5j3WH6oSfdXflCHFkYIxka4jJWmXFPUTv5DV3Xg3MGIuCuQ4xveKz73jjYNlCsWQwePLVwwiyd4sIX_qPEnOHrB9jFxdMz6BSWFJvDDnuWGQNe0nK93GesZHjjvQI0C7aUdC3ub8gJmPOs-jIdNuaOG_DdOHysdUPPgCpcv2hMFi6Clb37VGvBU4DNbaVIPNFZLCRoaA_HCGct4nd94te7D--95qHMZx2mbSQaEMZLwJEJhQba-02rCPx5zlCrWn8Hgprls-NP8Hda82-3ItAPmtqrmC_O1cczT5Tz1_Nx-0fJK0Per9PS39jWVPnIY38NGMkLwkeOUjV8Q0vTHYSS03GdPFUwPREbVXDQWzG5muTsgKxvp36zUBPx3UaS0hf8qmqkEDMg2oyXe3dQ51UGe0s2RaHHGPrEIbQOwl06yeVyg9sV93-HrCKKhnK4qTCvYo1mUeCfD9IW7UpxheadjyACSCgdVRR4wEWndKudWn2jdEcDq6faQGltsAXp5SiBLXS6At6GGPxLJFVh4ami9LXEHnYQbAZKnbFobCxn6mmAxOQ33Ud0aULzk3pidaGCNGGVqCtMGxYM719qHKyn1ytAhCD0wLSWIReDjCqn7hfCoiQj8S23Ql_017pci_J3lzI-NR2m8HQpNA6OFYUXUdTdX2q2WyAbCKtXmiRUHRibvRykk3TyFLdBmRU3RZyKPWtNsYa51kGolEBTuQcGScsrZZ2dvRRLKOltV_4h-S3JFJdkJ8dJmlT6mYDkr1v9bVmfQc2YRV_-BT46zlSMyhe6zXeMEaUtaxqu78i237Z6eqse3ENF6_NzuUy_E2C0xcIP1fgB06T91WRWdkNo0_6gF26QHykR8mrZGFVmB7dxIJiEObDjUfl_oDuNOaxkL_OsmE3UnGOpJi4tHI0nimMYccuc-6kQ6-Vm_V8TZjhM3AGasJfgWLyGj1ogeY8jlIYw5ktKuPvkLgDSgQQMI","404","http_error"
"world-heritage","موقع لبدة الأثري (لبتس ماغنا) (لبدة الكبرى)","https://lh3.googleusercontent.com/umsh/AN6v0v7Xme6eDqRvqAG4Oh6VGsSE60FJl4jVCiulfgBnEVnxtEhbgHGCqVum2jfqzFhDJpEEUfJRxAJn2wl5TWA0oCOeflLATBAV0N0JKPxmiqT4IGWqKoUjuBEfpmbEcz2veU9ZVj17kIjqKiTB7alIYfHn38FV1wLiL2xH0bbzu6R_idaDV94joGTqOIsgH1HJtH0IzKZO4otSHxpOPBi11WrOEDb3jpWY1MAZbheCjPO01qLCeRCm8mIeiS_6SD9Bd7Qf-ou3rlCiOWYD2eV97LYlObDxnTs_AQQjqZvY0uaTYuy3i13BCl7szpY_8vatEuepgPUhyd8bZ5YOQN5A51Fxd9pf8I0ZoKWmuKYGahSdZcFr2lrqJBZAWgEP1xqobm79Tcpm4yw3DX7F3HuqlFgKWtiDSI-i48vvmxYsFvHaYF8S4XAUNuwZIVmePU2MkPfprarTLfH9W991u7nFlruFiAOjjaMHrHRfgxta1qOnM2qysPlx56tMfGDwiRrm93CeoTcBR5COEpMFtOik9xk1Q6Ys3yjI4m1LpeMcEX-T_4z3MlUOOff2SwzYb4KQ_KgLsJnukpKXlZURZ8G1r6DfdXiz62BaTN_m14KffpPyGC7aQ0AOEpZi0VPIG4myuhdSliAqcVnVrjPp18yOf52ugx69A6q4rE0j2dGHtnmxWdGEht3q_ByNHV3TGAOfY12BB9wAsQ","","https://lh3.googleusercontent.com/umsh/AN6v0v7Xme6eDqRvqAG4Oh6VGsSE60FJl4jVCiulfgBnEVnxtEhbgHGCqVum2jfqzFhDJpEEUfJRxAJn2wl5TWA0oCOeflLATBAV0N0JKPxmiqT4IGWqKoUjuBEfpmbEcz2veU9ZVj17kIjqKiTB7alIYfHn38FV1wLiL2xH0bbzu6R_idaDV94joGTqOIsgH1HJtH0IzKZO4otSHxpOPBi11WrOEDb3jpWY1MAZbheCjPO01qLCeRCm8mIeiS_6SD9Bd7Qf-ou3rlCiOWYD2eV97LYlObDxnTs_AQQjqZvY0uaTYuy3i13BCl7szpY_8vatEuepgPUhyd8bZ5YOQN5A51Fxd9pf8I0ZoKWmuKYGahSdZcFr2lrqJBZAWgEP1xqobm79Tcpm4yw3DX7F3HuqlFgKWtiDSI-i48vvmxYsFvHaYF8S4XAUNuwZIVmePU2MkPfprarTLfH9W991u7nFlruFiAOjjaMHrHRfgxta1qOnM2qysPlx56tMfGDwiRrm93CeoTcBR5COEpMFtOik9xk1Q6Ys3yjI4m1LpeMcEX-T_4z3MlUOOff2SwzYb4KQ_KgLsJnukpKXlZURZ8G1r6DfdXiz62BaTN_m14KffpPyGC7aQ0AOEpZi0VPIG4myuhdSliAqcVnVrjPp18yOf52ugx69A6q4rE0j2dGHtnmxWdGEht3q_ByNHV3TGAOfY12BB9wAsQ","403","http_error"
"world-heritage","موقع لبدة الأثري (لبتس ماغنا) (لبدة الكبرى)","https://lh3.googleusercontent.com/umsh/AN6v0v4AcLWLFtKLB7I_rOq5R1sfaSyxKXjsG0zjxexxddzzmHqwslQKwHOPo0ShOS8SvKmaSA02ZnfAv0yLA69C0F3_bjtQ1DPXZbWyMW0AUoBQl-rGTRW8hOTtz-zbskEd3KjuGref1Vj-D4DGXQv3jrQ-6ZM5W5uautjpmSCSSsyB_mbd8T8V6MLTur5ifk1uJwhJB3po4ncHyoyVpcPvZhUoWilnxyBREvpwnKQCY1xqft9WyyLqUobhmEcvWtnHhQisIqhNn9lej36xPBDK_TahVVDxZvZDTT2o2CQz3p6ZGumK1CAUFLJi56QBbEjfqp_PcUdjSIu7BOPnFODbUT8RD2sTclwEkqefYu_x8J_givNFWRrhNwv2xFfhArQEEIg_D7PIjhhnSbRN5gvobRMWI3LtjYNoqugfOB9-t168PMaSiD5vI6vIrlZzje0QepzXfzzvMh0K7rGAqdcWm6-LOxX1nQHHkw6cYNmYY8K6Bkanfe5CggaeDv6nMdqK6DhhL1mihVunGDLHprdwvb3chyurlFGLzuuDS9p24Ke40z5zX27H89I2Hy_Tc-nBS0ruxb_TEjfSTvX5r0SxNJ1hvKg325Ig_Z0A9b6P8fxQr6r5g4kDz_vTL8fHMzKwe1sNuuJdlYaFMTCFIexPMBZHWLk4h5NXdUfR4ZqUeiU9RPGcRTNP2gPXeGHE6kCnNPvN3jBxqKs","","https://lh3.googleusercontent.com/umsh/AN6v0v4AcLWLFtKLB7I_rOq5R1sfaSyxKXjsG0zjxexxddzzmHqwslQKwHOPo0ShOS8SvKmaSA02ZnfAv0yLA69C0F3_bjtQ1DPXZbWyMW0AUoBQl-rGTRW8hOTtz-zbskEd3KjuGref1Vj-D4DGXQv3jrQ-6ZM5W5uautjpmSCSSsyB_mbd8T8V6MLTur5ifk1uJwhJB3po4ncHyoyVpcPvZhUoWilnxyBREvpwnKQCY1xqft9WyyLqUobhmEcvWtnHhQisIqhNn9lej36xPBDK_TahVVDxZvZDTT2o2CQz3p6ZGumK1CAUFLJi56QBbEjfqp_PcUdjSIu7BOPnFODbUT8RD2sTclwEkqefYu_x8J_givNFWRrhNwv2xFfhArQEEIg_D7PIjhhnSbRN5gvobRMWI3LtjYNoqugfOB9-t168PMaSiD5vI6vIrlZzje0QepzXfzzvMh0K7rGAqdcWm6-LOxX1nQHHkw6cYNmYY8K6Bkanfe5CggaeDv6nMdqK6DhhL1mihVunGDLHprdwvb3chyurlFGLzuuDS9p24Ke40z5zX27H89I2Hy_Tc-nBS0ruxb_TEjfSTvX5r0SxNJ1hvKg325Ig_Z0A9b6P8fxQr6r5g4kDz_vTL8fHMzKwe1sNuuJdlYaFMTCFIexPMBZHWLk4h5NXdUfR4ZqUeiU9RPGcRTNP2gPXeGHE6kCnNPvN3jBxqKs","403","http_error"
"world-heritage","موقع لبدة الأثري (لبتس ماغنا) (لبدة الكبرى)","https://lh3.googleusercontent.com/umsh/AN6v0v7Xme6eDqRvqAG4Oh6VGsSE60FJl4jVCiulfgBnEVnxtEhbgHGCqVum2jfqzFhDJpEEUfJRxAJn2wl5TWA0oCOeflLATBAV0N0JKPxmiqT4IGWqKoUjuBEfpmbEcz2veU9ZVj17kIjqKiTB7alIYfHn38FV1wLiL2xH0bbzu6R_idaDV94joGTqOIsgH1HJtH0IzKZO4otSHxpOPBi11WrOEDb3jpWY1MAZbheCjPO01qLCeRCm8mIeiS_6SD9Bd7Qf-ou3rlCiOWYD2eV97LYlObDxnTs_AQQjqZvY0uaTYuy3i13BCl7szpY_8vatEuepgPUhyd8bZ5YOQN5A51Fxd9pf8I0ZoKWmuKYGahSdZcFr2lrqJBZAWgEP1xqobm79Tcpm4yw3DX7F3HuqlFgKWtiDSI-i48vvmxYsFvHaYF8S4XAUNuwZIVmePU2MkPfprarTLfH9W991u7nFlruFiAOjjaMHrHRfgxta1qOnM2qysPlx56tMfGDwiRrm93CeoTcBR5COEpMFtOik9xk1Q6Ys3yjI4m1LpeMcEX-T_4z3MlUOOff2SwzYb4KQ_KgLsJnukpKXlZURZ8G1r6DfdXiz62BaTN_m14KffpPyGC7aQ0AOEpZi0VPIG4myuhdSliAqcVnVrjPp18yOf52ugx69A6q4rE0j2dGHtnmxWdGEht3q_ByNHV3TGAOfY12BB9wAsQ https://lh3.googleusercontent.com/umsh/AN6v0v4AcLWLFtKLB7I_rOq5R1sfaSyxKXjsG0zjxexxddzzmHqwslQKwHOPo0ShOS8SvKmaSA02ZnfAv0yLA69C0F3_bjtQ1DPXZbWyMW0AUoBQl-rGTRW8hOTtz-zbskEd3KjuGref1Vj-D4DGXQv3jrQ-6ZM5W5uautjpmSCSSsyB_mbd8T8V6MLTur5ifk1uJwhJB3po4ncHyoyVpcPvZhUoWilnxyBREvpwnKQCY1xqft9WyyLqUobhmEcvWtnHhQisIqhNn9lej36xPBDK_TahVVDxZvZDTT2o2CQz3p6ZGumK1CAUFLJi56QBbEjfqp_PcUdjSIu7BOPnFODbUT8RD2sTclwEkqefYu_x8J_givNFWRrhNwv2xFfhArQEEIg_D7PIjhhnSbRN5gvobRMWI3LtjYNoqugfOB9-t168PMaSiD5vI6vIrlZzje0QepzXfzzvMh0K7rGAqdcWm6-LOxX1nQHHkw6cYNmYY8K6Bkanfe5CggaeDv6nMdqK6DhhL1mihVunGDLHprdwvb3chyurlFGLzuuDS9p24Ke40z5zX27H89I2Hy_Tc-nBS0ruxb_TEjfSTvX5r0SxNJ1hvKg325Ig_Z0A9b6P8fxQr6r5g4kDz_vTL8fHMzKwe1sNuuJdlYaFMTCFIexPMBZHWLk4h5NXdUfR4ZqUeiU9RPGcRTNP2gPXeGHE6kCnNPvN3jBxqKs","","https://lh3.googleusercontent.com/umsh/AN6v0v7Xme6eDqRvqAG4Oh6VGsSE60FJl4jVCiulfgBnEVnxtEhbgHGCqVum2jfqzFhDJpEEUfJRxAJn2wl5TWA0oCOeflLATBAV0N0JKPxmiqT4IGWqKoUjuBEfpmbEcz2veU9ZVj17kIjqKiTB7alIYfHn38FV1wLiL2xH0bbzu6R_idaDV94joGTqOIsgH1HJtH0IzKZO4otSHxpOPBi11WrOEDb3jpWY1MAZbheCjPO01qLCeRCm8mIeiS_6SD9Bd7Qf-ou3rlCiOWYD2eV97LYlObDxnTs_AQQjqZvY0uaTYuy3i13BCl7szpY_8vatEuepgPUhyd8bZ5YOQN5A51Fxd9pf8I0ZoKWmuKYGahSdZcFr2lrqJBZAWgEP1xqobm79Tcpm4yw3DX7F3HuqlFgKWtiDSI-i48vvmxYsFvHaYF8S4XAUNuwZIVmePU2MkPfprarTLfH9W991u7nFlruFiAOjjaMHrHRfgxta1qOnM2qysPlx56tMfGDwiRrm93CeoTcBR5COEpMFtOik9xk1Q6Ys3yjI4m1LpeMcEX-T_4z3MlUOOff2SwzYb4KQ_KgLsJnukpKXlZURZ8G1r6DfdXiz62BaTN_m14KffpPyGC7aQ0AOEpZi0VPIG4myuhdSliAqcVnVrjPp18yOf52ugx69A6q4rE0j2dGHtnmxWdGEht3q_ByNHV3TGAOfY12BB9wAsQ https://lh3.googleusercontent.com/umsh/AN6v0v4AcLWLFtKLB7I_rOq5R1sfaSyxKXjsG0zjxexxddzzmHqwslQKwHOPo0ShOS8SvKmaSA02ZnfAv0yLA69C0F3_bjtQ1DPXZbWyMW0AUoBQl-rGTRW8hOTtz-zbskEd3KjuGref1Vj-D4DGXQv3jrQ-6ZM5W5uautjpmSCSSsyB_mbd8T8V6MLTur5ifk1uJwhJB3po4ncHyoyVpcPvZhUoWilnxyBREvpwnKQCY1xqft9WyyLqUobhmEcvWtnHhQisIqhNn9lej36xPBDK_TahVVDxZvZDTT2o2CQz3p6ZGumK1CAUFLJi56QBbEjfqp_PcUdjSIu7BOPnFODbUT8RD2sTclwEkqefYu_x8J_givNFWRrhNwv2xFfhArQEEIg_D7PIjhhnSbRN5gvobRMWI3LtjYNoqugfOB9-t168PMaSiD5vI6vIrlZzje0QepzXfzzvMh0K7rGAqdcWm6-LOxX1nQHHkw6cYNmYY8K6Bkanfe5CggaeDv6nMdqK6DhhL1mihVunGDLHprdwvb3chyurlFGLzuuDS9p24Ke40z5zX27H89I2Hy_Tc-nBS0ruxb_TEjfSTvX5r0SxNJ1hvKg325Ig_Z0A9b6P8fxQr6r5g4kDz_vTL8fHMzKwe1sNuuJdlYaFMTCFIexPMBZHWLk4h5NXdUfR4ZqUeiU9RPGcRTNP2gPXeGHE6kCnNPvN3jBxqKs","400","http_error"
"world-heritage","موقع صبراتة الأثري","https://lh3.googleusercontent.com/umsh/AN6v0v7V5A9RBXl55HEHsZp1c0_PKWy8EuVcBG_vMuhvQ98NE8wAhnwiyTfBMX-2D61fN1cO3_UDn47d1qQJMVofJ7QAlThZ-CmoEn-vMt4PRt7BK4sDrXfIx0ubA2w0LSZ9pAWoDxv3mDHCgvNcbfWnPFE8Umb522dgyC4HJyl4jxC0XejyXtdSDIyCKH-rKQCVIb3nhezndEX937uI0D68gY69Y_l1eP6DH3nuo-qIxdbid689YG6bRdry637OY7MVueMebImUWTe9QXiaskzv80IqHro7Pf2KwK72Drrh4ceVvMnNmxRY5QgSLfYb9ERJYUOZNT805WnzXh3SC-Tjxou1KqwZ-5rBFAs2npYfr1XB2AfbINQCw5bet8iaG-i9Hwxl-NuWFYlVl3l6B7s-y-34GCU_1pCjK6GgjA490M3399wfWcnRiiiOxhtZRDJjrkAjS4XuKGD-MmbyK85iP7V9pegzJl006aEnVUmyqd0sd_a8YjHj4v-uBMyzMO74a5RYcW2zOhXwslqwkqdaKG94-IzFRvu_BzQf9-tmD_mYHenlUDmtBoQOfmwJkrUH6Wuf_85aKokkDmZP1WX1ydW3jhm-a-cTcKM6fyqqObfhrgYSfWy6G-jsVRbpopdBitZnjZIFCt40fdBWKUphDDNdi5bJWfW5Z1lJyob_whHGCM2VStz5jZ0cDTyVW3Rxl7fQqz2jhno","","https://lh3.googleusercontent.com/umsh/AN6v0v7V5A9RBXl55HEHsZp1c0_PKWy8EuVcBG_vMuhvQ98NE8wAhnwiyTfBMX-2D61fN1cO3_UDn47d1qQJMVofJ7QAlThZ-CmoEn-vMt4PRt7BK4sDrXfIx0ubA2w0LSZ9pAWoDxv3mDHCgvNcbfWnPFE8Umb522dgyC4HJyl4jxC0XejyXtdSDIyCKH-rKQCVIb3nhezndEX937uI0D68gY69Y_l1eP6DH3nuo-qIxdbid689YG6bRdry637OY7MVueMebImUWTe9QXiaskzv80IqHro7Pf2KwK72Drrh4ceVvMnNmxRY5QgSLfYb9ERJYUOZNT805WnzXh3SC-Tjxou1KqwZ-5rBFAs2npYfr1XB2AfbINQCw5bet8iaG-i9Hwxl-NuWFYlVl3l6B7s-y-34GCU_1pCjK6GgjA490M3399wfWcnRiiiOxhtZRDJjrkAjS4XuKGD-MmbyK85iP7V9pegzJl006aEnVUmyqd0sd_a8YjHj4v-uBMyzMO74a5RYcW2zOhXwslqwkqdaKG94-IzFRvu_BzQf9-tmD_mYHenlUDmtBoQOfmwJkrUH6Wuf_85aKokkDmZP1WX1ydW3jhm-a-cTcKM6fyqqObfhrgYSfWy6G-jsVRbpopdBitZnjZIFCt40fdBWKUphDDNdi5bJWfW5Z1lJyob_whHGCM2VStz5jZ0cDTyVW3Rxl7fQqz2jhno","403","http_error"
"world-heritage","موقع صبراتة الأثري","https://lh3.googleusercontent.com/umsh/AN6v0v6zoV2zhM_jFCdVv4mqpVZorRQHa1yMRCu7Ikye4yoxHxtq02NHEXTw5bF9KS0Q40U1wevgzXL0yLrsUOhoQOPMvyexUv7NDxZ3ywm4hDtjN2w0ZPbFqqCgDD_k8jVIEMt2Kl73jF7ctqoP5L-G_4n1dO7jIR49uQBxRLxuHE2o5QMB_2XT3tz67gpumF0BXKqeyohTuznYYRvwZPJkgXPnnhaTVgYF_NsCq0MFABME9BZstapuojCEMgGM8Rr2PLahhUm_1Xf_cXMg5BwLhWOrcW0F6WCUGMjnjco9kMl35P6IiQeCvOK0VTdfeHHJFEGbhREY-2rgNPMR7l0jXOsn3DhkG8cQi7e-351Bxfa2596xwBqp7xMaoLKXf9lUIR_QMeQ1VFhsv9uQhNqnquEhY92ShxC5yYzs1cQ-9OnfiOVUC5a9qa8m4lR0DNMuV_sr9wHv1HV7XGvxEWyMsxqtgzbsZ1t75Xf2_e2rfH6W0G72QoiLkEcOz_7m-uh20TFsq7Ho4Qvldw9j-I3wiAD5E-cdXHnzZ5UiVbc8Mir5Ec-DjiglMfV5VJx2fjNGAB7X7rN94fldi8gQRQXbULy5TJO2fcYDqaBa_Bd69tA1TxfCmCMjtchNt6P8wyenIFqouSWZ3DRcSJQpVT4sv_rMKUS_BgPa_G254ZckWqtUplwSxVZ76OtSnaLU460Pp9kQVz9VjA","","https://lh3.googleusercontent.com/umsh/AN6v0v6zoV2zhM_jFCdVv4mqpVZorRQHa1yMRCu7Ikye4yoxHxtq02NHEXTw5bF9KS0Q40U1wevgzXL0yLrsUOhoQOPMvyexUv7NDxZ3ywm4hDtjN2w0ZPbFqqCgDD_k8jVIEMt2Kl73jF7ctqoP5L-G_4n1dO7jIR49uQBxRLxuHE2o5QMB_2XT3tz67gpumF0BXKqeyohTuznYYRvwZPJkgXPnnhaTVgYF_NsCq0MFABME9BZstapuojCEMgGM8Rr2PLahhUm_1Xf_cXMg5BwLhWOrcW0F6WCUGMjnjco9kMl35P6IiQeCvOK0VTdfeHHJFEGbhREY-2rgNPMR7l0jXOsn3DhkG8cQi7e-351Bxfa2596xwBqp7xMaoLKXf9lUIR_QMeQ1VFhsv9uQhNqnquEhY92ShxC5yYzs1cQ-9OnfiOVUC5a9qa8m4lR0DNMuV_sr9wHv1HV7XGvxEWyMsxqtgzbsZ1t75Xf2_e2rfH6W0G72QoiLkEcOz_7m-uh20TFsq7Ho4Qvldw9j-I3wiAD5E-cdXHnzZ5UiVbc8Mir5Ec-DjiglMfV5VJx2fjNGAB7X7rN94fldi8gQRQXbULy5TJO2fcYDqaBa_Bd69tA1TxfCmCMjtchNt6P8wyenIFqouSWZ3DRcSJQpVT4sv_rMKUS_BgPa_G254ZckWqtUplwSxVZ76OtSnaLU460Pp9kQVz9VjA","403","http_error"
"world-heritage","موقع صبراتة الأثري","https://lh3.googleusercontent.com/umsh/AN6v0v7nKqEwO3rlMQN9RJBZhSEx-FEAyMoHgXsSlAe0crwctzzm3YUv3ZhXd1-e1ARoiyu4xV9cKLN61kGlFlDjgNelUdpdRKJEF2NqTtOUQZjyzq0wGnYOvePpWd1wrAicniG8MkgKimthzg5vuSYQLs55JWPmZqH6BqOkvJEQLpnEj0mikx4h7FkeVPUt2kZOf-uBp_TSPZd0sGDpJI8KnE-80N0raAF184iP3vR7RA39PE9WPxCD3P5NnFJiNytxmCzaegcDsnMOa7wUlrsPVftyG398aq2EP61e_BR4adJdOzppCFfU8qX5BM2IOVJYNrzmjcJFj2RHwZD6qSSLoIgUvPAZhDeaHmT07m4K-F9KlREkFllhgJPyfsx-oJuhZhKPwVQvCG6gHe4yByPIEuJVyjOX2WFYweT38nMJVe1vIK25XDFLRin8nK-OzeOupFhw8X4t54PYwq1kcO9SfADFYgfd7ZtoUiwNKEsK67lVWyr-ngnNZF_VyIj6Sa1iUngpSfTYVK4Ph6ZdZEDglDIrQN9x9QBSzjzSgqTtDynfEhH557Njtrk_UuGrPg-DhgcFhPZnN5_DDknnEZYImWUkA-kvplqNjFJVhSfXXcOXyEBEU9Fq3g2jSPhbkqm0Td3AXFpY-KUXbKlVbOldFmf6XrEzWewer-ohyvuPnFHVHHeq6CqtOomz4PMQH0_Q0zKUn4meiQ","","https://lh3.googleusercontent.com/umsh/AN6v0v7nKqEwO3rlMQN9RJBZhSEx-FEAyMoHgXsSlAe0crwctzzm3YUv3ZhXd1-e1ARoiyu4xV9cKLN61kGlFlDjgNelUdpdRKJEF2NqTtOUQZjyzq0wGnYOvePpWd1wrAicniG8MkgKimthzg5vuSYQLs55JWPmZqH6BqOkvJEQLpnEj0mikx4h7FkeVPUt2kZOf-uBp_TSPZd0sGDpJI8KnE-80N0raAF184iP3vR7RA39PE9WPxCD3P5NnFJiNytxmCzaegcDsnMOa7wUlrsPVftyG398aq2EP61e_BR4adJdOzppCFfU8qX5BM2IOVJYNrzmjcJFj2RHwZD6qSSLoIgUvPAZhDeaHmT07m4K-F9KlREkFllhgJPyfsx-oJuhZhKPwVQvCG6gHe4yByPIEuJVyjOX2WFYweT38nMJVe1vIK25XDFLRin8nK-OzeOupFhw8X4t54PYwq1kcO9SfADFYgfd7ZtoUiwNKEsK67lVWyr-ngnNZF_VyIj6Sa1iUngpSfTYVK4Ph6ZdZEDglDIrQN9x9QBSzjzSgqTtDynfEhH557Njtrk_UuGrPg-DhgcFhPZnN5_DDknnEZYImWUkA-kvplqNjFJVhSfXXcOXyEBEU9Fq3g2jSPhbkqm0Td3AXFpY-KUXbKlVbOldFmf6XrEzWewer-ohyvuPnFHVHHeq6CqtOomz4PMQH0_Q0zKUn4meiQ","403","http_error"
"world-heritage","موقع صبراتة الأثري","https://lh3.googleusercontent.com/umsh/AN6v0v4-VRCLDNHX2eIjirhHLIQQb6CKJ2jVvwtd_mE14Z84_YqNjPOoJ1qnLKC-SGbJMdUchTeOJxa7d4Z73YjvekBjotPG7XkBcR4aFVtnIvUdtFH3gDQutkvXbadd2ixUxQk5-KqtyzcFbBToJlM1MG2tU3Gq61tBoccXNeTeWPdJFif01BCYwgiWpN52QHH_lmhkfktO62G3BW2CoYZ0TVuihwczpW8wRpqf3IVag7Q-s8OqsZHiv7R_cWn8rUyUK5K_npX0waJC0gczZIBcy_N3BGrGJ9Mce0FVW-4xACzMLcb5fiKdIBsx6C97_1SAGQb4IM3Av1VGjSWkpBHHffT4MGHZL4-fGXauFRfUoFzY3Dlgi3m_eaqQeUN-56FfwNPQvGSNTWARpdAE5Ffwvb6a3WH521WVRFfJVBL1oUQ7DCw-zeGQPdF-9SOo-8NwuYqTa5E-oJ078ZyuIQBcpZlQaRTkbLMxLfc_voGiZDxQRNb4sVmZipvv0n4t9kfRaTyv3Bzt5BqD3tUBcfXi8iLy-MM67TlGIqk48x9V9QtTApDkQQg8iNviEA3z4El0z82tVUfMxsVL_OEeIWYLBdmOZmp9fWlNJKV9lpRrib9UK5iB9O040NHfVhe-2zBTjXdzGoqR2fkDb9YiJTNZg-EsyCLQoA3qLDTIzNZwYW33joUVZBupCgLgom3X4wNKUnre7DDQqA","","https://lh3.googleusercontent.com/umsh/AN6v0v4-VRCLDNHX2eIjirhHLIQQb6CKJ2jVvwtd_mE14Z84_YqNjPOoJ1qnLKC-SGbJMdUchTeOJxa7d4Z73YjvekBjotPG7XkBcR4aFVtnIvUdtFH3gDQutkvXbadd2ixUxQk5-KqtyzcFbBToJlM1MG2tU3Gq61tBoccXNeTeWPdJFif01BCYwgiWpN52QHH_lmhkfktO62G3BW2CoYZ0TVuihwczpW8wRpqf3IVag7Q-s8OqsZHiv7R_cWn8rUyUK5K_npX0waJC0gczZIBcy_N3BGrGJ9Mce0FVW-4xACzMLcb5fiKdIBsx6C97_1SAGQb4IM3Av1VGjSWkpBHHffT4MGHZL4-fGXauFRfUoFzY3Dlgi3m_eaqQeUN-56FfwNPQvGSNTWARpdAE5Ffwvb6a3WH521WVRFfJVBL1oUQ7DCw-zeGQPdF-9SOo-8NwuYqTa5E-oJ078ZyuIQBcpZlQaRTkbLMxLfc_voGiZDxQRNb4sVmZipvv0n4t9kfRaTyv3Bzt5BqD3tUBcfXi8iLy-MM67TlGIqk48x9V9QtTApDkQQg8iNviEA3z4El0z82tVUfMxsVL_OEeIWYLBdmOZmp9fWlNJKV9lpRrib9UK5iB9O040NHfVhe-2zBTjXdzGoqR2fkDb9YiJTNZg-EsyCLQoA3qLDTIzNZwYW33joUVZBupCgLgom3X4wNKUnre7DDQqA","403","http_error"
"world-heritage","موقع صبراتة الأثري","https://lh3.googleusercontent.com/umsh/AN6v0v6wjYeWV-jPWPv4p2bPSu4zuQLrziUdef65pPqQrDu-eUezgVKfprzwosatK29NbXWwwlhHRRwFaUSmCHBuWtXYwMRJpvOnqYSIRTlOUnqmi_TdTKQhxfvzdFZVaM442qaa75C0xFHbMpS_ZvFZ88wT8XECcbsJXUPC_2FX8f5iZei1pC4SATYPku-zlSAnL7ZJrQCJq5HDMNAOKhgLez5U3rAhirazN77t62X2Pj06Gq2TLCcFhb1DGh78mEoUEgvtADpJ_eFeIaEq-w-aga7sv4OMZTcZ_cOIp4PD6nChF8T0VSEpwftD0u9rIk_rG4Y6IiweF9ZU-0gSHhqOA4xw_u3ywHyn5TjrzFY7tgjiDE8pYDFAFoDYcKRz76pq9TMXdBvRwyOBdGiAgQlORf87aPLB61ynskKWeGM5tndJqaEE7LBtq7YElgxB6gwZVgA1AeGyxoY_fnNzP3RxRL2AoowA_bnBNjkS6DqdLSWbegZrrFJ_OpILQPpyyQ1LHMrmqhCk4xjNdLgQPZEMRWqVB9WaHD8imE6AO3Pbt8wAb68GLpLYavfNLS3wOnNAaur5CUwB3hyUvxdRpah8cHXtbfcjXLWX-fJUWMBMsSR0Twow2EUqnbw7HqBShcsgk_jJOIdPp-vyTMgiZ1fGFr38tgVZc4JyX53f76CfTjiX4xwVYkfe2ylVVyGCJCSvSr4L1ucAuCA","","https://lh3.googleusercontent.com/umsh/AN6v0v6wjYeWV-jPWPv4p2bPSu4zuQLrziUdef65pPqQrDu-eUezgVKfprzwosatK29NbXWwwlhHRRwFaUSmCHBuWtXYwMRJpvOnqYSIRTlOUnqmi_TdTKQhxfvzdFZVaM442qaa75C0xFHbMpS_ZvFZ88wT8XECcbsJXUPC_2FX8f5iZei1pC4SATYPku-zlSAnL7ZJrQCJq5HDMNAOKhgLez5U3rAhirazN77t62X2Pj06Gq2TLCcFhb1DGh78mEoUEgvtADpJ_eFeIaEq-w-aga7sv4OMZTcZ_cOIp4PD6nChF8T0VSEpwftD0u9rIk_rG4Y6IiweF9ZU-0gSHhqOA4xw_u3ywHyn5TjrzFY7tgjiDE8pYDFAFoDYcKRz76pq9TMXdBvRwyOBdGiAgQlORf87aPLB61ynskKWeGM5tndJqaEE7LBtq7YElgxB6gwZVgA1AeGyxoY_fnNzP3RxRL2AoowA_bnBNjkS6DqdLSWbegZrrFJ_OpILQPpyyQ1LHMrmqhCk4xjNdLgQPZEMRWqVB9WaHD8imE6AO3Pbt8wAb68GLpLYavfNLS3wOnNAaur5CUwB3hyUvxdRpah8cHXtbfcjXLWX-fJUWMBMsSR0Twow2EUqnbw7HqBShcsgk_jJOIdPp-vyTMgiZ1fGFr38tgVZc4JyX53f76CfTjiX4xwVYkfe2ylVVyGCJCSvSr4L1ucAuCA","403","http_error"
"world-heritage","موقع صبراتة الأثري","https://lh3.googleusercontent.com/umsh/AN6v0v7V5A9RBXl55HEHsZp1c0_PKWy8EuVcBG_vMuhvQ98NE8wAhnwiyTfBMX-2D61fN1cO3_UDn47d1qQJMVofJ7QAlThZ-CmoEn-vMt4PRt7BK4sDrXfIx0ubA2w0LSZ9pAWoDxv3mDHCgvNcbfWnPFE8Umb522dgyC4HJyl4jxC0XejyXtdSDIyCKH-rKQCVIb3nhezndEX937uI0D68gY69Y_l1eP6DH3nuo-qIxdbid689YG6bRdry637OY7MVueMebImUWTe9QXiaskzv80IqHro7Pf2KwK72Drrh4ceVvMnNmxRY5QgSLfYb9ERJYUOZNT805WnzXh3SC-Tjxou1KqwZ-5rBFAs2npYfr1XB2AfbINQCw5bet8iaG-i9Hwxl-NuWFYlVl3l6B7s-y-34GCU_1pCjK6GgjA490M3399wfWcnRiiiOxhtZRDJjrkAjS4XuKGD-MmbyK85iP7V9pegzJl006aEnVUmyqd0sd_a8YjHj4v-uBMyzMO74a5RYcW2zOhXwslqwkqdaKG94-IzFRvu_BzQf9-tmD_mYHenlUDmtBoQOfmwJkrUH6Wuf_85aKokkDmZP1WX1ydW3jhm-a-cTcKM6fyqqObfhrgYSfWy6G-jsVRbpopdBitZnjZIFCt40fdBWKUphDDNdi5bJWfW5Z1lJyob_whHGCM2VStz5jZ0cDTyVW3Rxl7fQqz2jhno https://lh3.googleusercontent.com/umsh/AN6v0v6zoV2zhM_jFCdVv4mqpVZorRQHa1yMRCu7Ikye4yoxHxtq02NHEXTw5bF9KS0Q40U1wevgzXL0yLrsUOhoQOPMvyexUv7NDxZ3ywm4hDtjN2w0ZPbFqqCgDD_k8jVIEMt2Kl73jF7ctqoP5L-G_4n1dO7jIR49uQBxRLxuHE2o5QMB_2XT3tz67gpumF0BXKqeyohTuznYYRvwZPJkgXPnnhaTVgYF_NsCq0MFABME9BZstapuojCEMgGM8Rr2PLahhUm_1Xf_cXMg5BwLhWOrcW0F6WCUGMjnjco9kMl35P6IiQeCvOK0VTdfeHHJFEGbhREY-2rgNPMR7l0jXOsn3DhkG8cQi7e-351Bxfa2596xwBqp7xMaoLKXf9lUIR_QMeQ1VFhsv9uQhNqnquEhY92ShxC5yYzs1cQ-9OnfiOVUC5a9qa8m4lR0DNMuV_sr9wHv1HV7XGvxEWyMsxqtgzbsZ1t75Xf2_e2rfH6W0G72QoiLkEcOz_7m-uh20TFsq7Ho4Qvldw9j-I3wiAD5E-cdXHnzZ5UiVbc8Mir5Ec-DjiglMfV5VJx2fjNGAB7X7rN94fldi8gQRQXbULy5TJO2fcYDqaBa_Bd69tA1TxfCmCMjtchNt6P8wyenIFqouSWZ3DRcSJQpVT4sv_rMKUS_BgPa_G254ZckWqtUplwSxVZ76OtSnaLU460Pp9kQVz9VjA https://lh3.googleusercontent.com/umsh/AN6v0v7nKqEwO3rlMQN9RJBZhSEx-FEAyMoHgXsSlAe0crwctzzm3YUv3ZhXd1-e1ARoiyu4xV9cKLN61kGlFlDjgNelUdpdRKJEF2NqTtOUQZjyzq0wGnYOvePpWd1wrAicniG8MkgKimthzg5vuSYQLs55JWPmZqH6BqOkvJEQLpnEj0mikx4h7FkeVPUt2kZOf-uBp_TSPZd0sGDpJI8KnE-80N0raAF184iP3vR7RA39PE9WPxCD3P5NnFJiNytxmCzaegcDsnMOa7wUlrsPVftyG398aq2EP61e_BR4adJdOzppCFfU8qX5BM2IOVJYNrzmjcJFj2RHwZD6qSSLoIgUvPAZhDeaHmT07m4K-F9KlREkFllhgJPyfsx-oJuhZhKPwVQvCG6gHe4yByPIEuJVyjOX2WFYweT38nMJVe1vIK25XDFLRin8nK-OzeOupFhw8X4t54PYwq1kcO9SfADFYgfd7ZtoUiwNKEsK67lVWyr-ngnNZF_VyIj6Sa1iUngpSfTYVK4Ph6ZdZEDglDIrQN9x9QBSzjzSgqTtDynfEhH557Njtrk_UuGrPg-DhgcFhPZnN5_DDknnEZYImWUkA-kvplqNjFJVhSfXXcOXyEBEU9Fq3g2jSPhbkqm0Td3AXFpY-KUXbKlVbOldFmf6XrEzWewer-ohyvuPnFHVHHeq6CqtOomz4PMQH0_Q0zKUn4meiQ https://lh3.googleusercontent.com/umsh/AN6v0v4-VRCLDNHX2eIjirhHLIQQb6CKJ2jVvwtd_mE14Z84_YqNjPOoJ1qnLKC-SGbJMdUchTeOJxa7d4Z73YjvekBjotPG7XkBcR4aFVtnIvUdtFH3gDQutkvXbadd2ixUxQk5-KqtyzcFbBToJlM1MG2tU3Gq61tBoccXNeTeWPdJFif01BCYwgiWpN52QHH_lmhkfktO62G3BW2CoYZ0TVuihwczpW8wRpqf3IVag7Q-s8OqsZHiv7R_cWn8rUyUK5K_npX0waJC0gczZIBcy_N3BGrGJ9Mce0FVW-4xACzMLcb5fiKdIBsx6C97_1SAGQb4IM3Av1VGjSWkpBHHffT4MGHZL4-fGXauFRfUoFzY3Dlgi3m_eaqQeUN-56FfwNPQvGSNTWARpdAE5Ffwvb6a3WH521WVRFfJVBL1oUQ7DCw-zeGQPdF-9SOo-8NwuYqTa5E-oJ078ZyuIQBcpZlQaRTkbLMxLfc_voGiZDxQRNb4sVmZipvv0n4t9kfRaTyv3Bzt5BqD3tUBcfXi8iLy-MM67TlGIqk48x9V9QtTApDkQQg8iNviEA3z4El0z82tVUfMxsVL_OEeIWYLBdmOZmp9fWlNJKV9lpRrib9UK5iB9O040NHfVhe-2zBTjXdzGoqR2fkDb9YiJTNZg-EsyCLQoA3qLDTIzNZwYW33joUVZBupCgLgom3X4wNKUnre7DDQqA https://lh3.googleusercontent.com/umsh/AN6v0v6wjYeWV-jPWPv4p2bPSu4zuQLrziUdef65pPqQrDu-eUezgVKfprzwosatK29NbXWwwlhHRRwFaUSmCHBuWtXYwMRJpvOnqYSIRTlOUnqmi_TdTKQhxfvzdFZVaM442qaa75C0xFHbMpS_ZvFZ88wT8XECcbsJXUPC_2FX8f5iZei1pC4SATYPku-zlSAnL7ZJrQCJq5HDMNAOKhgLez5U3rAhirazN77t62X2Pj06Gq2TLCcFhb1DGh78mEoUEgvtADpJ_eFeIaEq-w-aga7sv4OMZTcZ_cOIp4PD6nChF8T0VSEpwftD0u9rIk_rG4Y6IiweF9ZU-0gSHhqOA4xw_u3ywHyn5TjrzFY7tgjiDE8pYDFAFoDYcKRz76pq9TMXdBvRwyOBdGiAgQlORf87aPLB61ynskKWeGM5tndJqaEE7LBtq7YElgxB6gwZVgA1AeGyxoY_fnNzP3RxRL2AoowA_bnBNjkS6DqdLSWbegZrrFJ_OpILQPpyyQ1LHMrmqhCk4xjNdLgQPZEMRWqVB9WaHD8imE6AO3Pbt8wAb68GLpLYavfNLS3wOnNAaur5CUwB3hyUvxdRpah8cHXtbfcjXLWX-fJUWMBMsSR0Twow2EUqnbw7HqBShcsgk_jJOIdPp-vyTMgiZ1fGFr38tgVZc4JyX53f76CfTjiX4xwVYkfe2ylVVyGCJCSvSr4L1ucAuCA","","https://lh3.googleusercontent.com/umsh/AN6v0v7V5A9RBXl55HEHsZp1c0_PKWy8EuVcBG_vMuhvQ98NE8wAhnwiyTfBMX-2D61fN1cO3_UDn47d1qQJMVofJ7QAlThZ-CmoEn-vMt4PRt7BK4sDrXfIx0ubA2w0LSZ9pAWoDxv3mDHCgvNcbfWnPFE8Umb522dgyC4HJyl4jxC0XejyXtdSDIyCKH-rKQCVIb3nhezndEX937uI0D68gY69Y_l1eP6DH3nuo-qIxdbid689YG6bRdry637OY7MVueMebImUWTe9QXiaskzv80IqHro7Pf2KwK72Drrh4ceVvMnNmxRY5QgSLfYb9ERJYUOZNT805WnzXh3SC-Tjxou1KqwZ-5rBFAs2npYfr1XB2AfbINQCw5bet8iaG-i9Hwxl-NuWFYlVl3l6B7s-y-34GCU_1pCjK6GgjA490M3399wfWcnRiiiOxhtZRDJjrkAjS4XuKGD-MmbyK85iP7V9pegzJl006aEnVUmyqd0sd_a8YjHj4v-uBMyzMO74a5RYcW2zOhXwslqwkqdaKG94-IzFRvu_BzQf9-tmD_mYHenlUDmtBoQOfmwJkrUH6Wuf_85aKokkDmZP1WX1ydW3jhm-a-cTcKM6fyqqObfhrgYSfWy6G-jsVRbpopdBitZnjZIFCt40fdBWKUphDDNdi5bJWfW5Z1lJyob_whHGCM2VStz5jZ0cDTyVW3Rxl7fQqz2jhno https://lh3.googleusercontent.com/umsh/AN6v0v6zoV2zhM_jFCdVv4mqpVZorRQHa1yMRCu7Ikye4yoxHxtq02NHEXTw5bF9KS0Q40U1wevgzXL0yLrsUOhoQOPMvyexUv7NDxZ3ywm4hDtjN2w0ZPbFqqCgDD_k8jVIEMt2Kl73jF7ctqoP5L-G_4n1dO7jIR49uQBxRLxuHE2o5QMB_2XT3tz67gpumF0BXKqeyohTuznYYRvwZPJkgXPnnhaTVgYF_NsCq0MFABME9BZstapuojCEMgGM8Rr2PLahhUm_1Xf_cXMg5BwLhWOrcW0F6WCUGMjnjco9kMl35P6IiQeCvOK0VTdfeHHJFEGbhREY-2rgNPMR7l0jXOsn3DhkG8cQi7e-351Bxfa2596xwBqp7xMaoLKXf9lUIR_QMeQ1VFhsv9uQhNqnquEhY92ShxC5yYzs1cQ-9OnfiOVUC5a9qa8m4lR0DNMuV_sr9wHv1HV7XGvxEWyMsxqtgzbsZ1t75Xf2_e2rfH6W0G72QoiLkEcOz_7m-uh20TFsq7Ho4Qvldw9j-I3wiAD5E-cdXHnzZ5UiVbc8Mir5Ec-DjiglMfV5VJx2fjNGAB7X7rN94fldi8gQRQXbULy5TJO2fcYDqaBa_Bd69tA1TxfCmCMjtchNt6P8wyenIFqouSWZ3DRcSJQpVT4sv_rMKUS_BgPa_G254ZckWqtUplwSxVZ76OtSnaLU460Pp9kQVz9VjA https://lh3.googleusercontent.com/umsh/AN6v0v7nKqEwO3rlMQN9RJBZhSEx-FEAyMoHgXsSlAe0crwctzzm3YUv3ZhXd1-e1ARoiyu4xV9cKLN61kGlFlDjgNelUdpdRKJEF2NqTtOUQZjyzq0wGnYOvePpWd1wrAicniG8MkgKimthzg5vuSYQLs55JWPmZqH6BqOkvJEQLpnEj0mikx4h7FkeVPUt2kZOf-uBp_TSPZd0sGDpJI8KnE-80N0raAF184iP3vR7RA39PE9WPxCD3P5NnFJiNytxmCzaegcDsnMOa7wUlrsPVftyG398aq2EP61e_BR4adJdOzppCFfU8qX5BM2IOVJYNrzmjcJFj2RHwZD6qSSLoIgUvPAZhDeaHmT07m4K-F9KlREkFllhgJPyfsx-oJuhZhKPwVQvCG6gHe4yByPIEuJVyjOX2WFYweT38nMJVe1vIK25XDFLRin8nK-OzeOupFhw8X4t54PYwq1kcO9SfADFYgfd7ZtoUiwNKEsK67lVWyr-ngnNZF_VyIj6Sa1iUngpSfTYVK4Ph6ZdZEDglDIrQN9x9QBSzjzSgqTtDynfEhH557Njtrk_UuGrPg-DhgcFhPZnN5_DDknnEZYImWUkA-kvplqNjFJVhSfXXcOXyEBEU9Fq3g2jSPhbkqm0Td3AXFpY-KUXbKlVbOldFmf6XrEzWewer-ohyvuPnFHVHHeq6CqtOomz4PMQH0_Q0zKUn4meiQ https://lh3.googleusercontent.com/umsh/AN6v0v4-VRCLDNHX2eIjirhHLIQQb6CKJ2jVvwtd_mE14Z84_YqNjPOoJ1qnLKC-SGbJMdUchTeOJxa7d4Z73YjvekBjotPG7XkBcR4aFVtnIvUdtFH3gDQutkvXbadd2ixUxQk5-KqtyzcFbBToJlM1MG2tU3Gq61tBoccXNeTeWPdJFif01BCYwgiWpN52QHH_lmhkfktO62G3BW2CoYZ0TVuihwczpW8wRpqf3IVag7Q-s8OqsZHiv7R_cWn8rUyUK5K_npX0waJC0gczZIBcy_N3BGrGJ9Mce0FVW-4xACzMLcb5fiKdIBsx6C97_1SAGQb4IM3Av1VGjSWkpBHHffT4MGHZL4-fGXauFRfUoFzY3Dlgi3m_eaqQeUN-56FfwNPQvGSNTWARpdAE5Ffwvb6a3WH521WVRFfJVBL1oUQ7DCw-zeGQPdF-9SOo-8NwuYqTa5E-oJ078ZyuIQBcpZlQaRTkbLMxLfc_voGiZDxQRNb4sVmZipvv0n4t9kfRaTyv3Bzt5BqD3tUBcfXi8iLy-MM67TlGIqk48x9V9QtTApDkQQg8iNviEA3z4El0z82tVUfMxsVL_OEeIWYLBdmOZmp9fWlNJKV9lpRrib9UK5iB9O040NHfVhe-2zBTjXdzGoqR2fkDb9YiJTNZg-EsyCLQoA3qLDTIzNZwYW33joUVZBupCgLgom3X4wNKUnre7DDQqA https://lh3.googleusercontent.com/umsh/AN6v0v6wjYeWV-jPWPv4p2bPSu4zuQLrziUdef65pPqQrDu-eUezgVKfprzwosatK29NbXWwwlhHRRwFaUSmCHBuWtXYwMRJpvOnqYSIRTlOUnqmi_TdTKQhxfvzdFZVaM442qaa75C0xFHbMpS_ZvFZ88wT8XECcbsJXUPC_2FX8f5iZei1pC4SATYPku-zlSAnL7ZJrQCJq5HDMNAOKhgLez5U3rAhirazN77t62X2Pj06Gq2TLCcFhb1DGh78mEoUEgvtADpJ_eFeIaEq-w-aga7sv4OMZTcZ_cOIp4PD6nChF8T0VSEpwftD0u9rIk_rG4Y6IiweF9ZU-0gSHhqOA4xw_u3ywHyn5TjrzFY7tgjiDE8pYDFAFoDYcKRz76pq9TMXdBvRwyOBdGiAgQlORf87aPLB61ynskKWeGM5tndJqaEE7LBtq7YElgxB6gwZVgA1AeGyxoY_fnNzP3RxRL2AoowA_bnBNjkS6DqdLSWbegZrrFJ_OpILQPpyyQ1LHMrmqhCk4xjNdLgQPZEMRWqVB9WaHD8imE6AO3Pbt8wAb68GLpLYavfNLS3wOnNAaur5CUwB3hyUvxdRpah8cHXtbfcjXLWX-fJUWMBMsSR0Twow2EUqnbw7HqBShcsgk_jJOIdPp-vyTMgiZ1fGFr38tgVZc4JyX53f76CfTjiX4xwVYkfe2ylVVyGCJCSvSr4L1ucAuCA","400","http_error"
"world-heritage","موقع شحات (قورينة) الأثري","https://lh3.googleusercontent.com/umsh/AN6v0v6HxluBATwqJ1Vnm8XOf5p6Ba2QJ_ydJcTXhi1GowbT_OmyCDiVtq2Mgq1Rhy8t9fSouTZ4xwl4q9ABzBvHwuh4IQohl58_x8ao-K9Q0OZMm2hQ0d9LZLaytfiCV0Ml8uDFYgE8OnZxiVDIbs3wJDe3hObLPjRF2Zr4ErvYVZoNt85oSFzAVnOTTv-JacY-a2vPcYqN8PYI5M9qliOBrq0FAS3IadW5CbaSNTMj7vMI2UuCIDqXhzU3C1zWokz93Zxc-_7GKzMuAsfMd7WNyjMNHXQo2tO4QEKdh4ZQxzIAKKMsDanPWL2I0nWVFq1MxIDRmxoNJa_V3KRXkzvUVDqc3xqVRt7xEmwGwx7250BAlBbYONHzG2rg-BFoB96zowDDzDKuQCdf93kjLYb8W9YDhrQUcVR0Pz68mxXBTEFp7HckClJCs9bX0zwLGYaurdYxzVbU56kVWsOWYnZHoiMc0pcEAUEy4lSTswTMKtdY7de662t4pV4GhPnbMlMgjXoiNM2yW7dVyyI5ZbwZWue6BvtZ2icxi6cJaT-4aPyFJpFU9O13iEiVy7pqh5k_w2hlnqU01Xd6ccdTDrNQ-e-vtTnXfMxO7ZXt7MJRftdEHfM2urx6PzlR8vEgLeC8_UtIbEfMtjD6VjsOqoYqosCSRhntLhrZz5yAgkbIXePK2DsDsjugFH8DpjXuNzVn3SKBvomBMg","","https://lh3.googleusercontent.com/umsh/AN6v0v6HxluBATwqJ1Vnm8XOf5p6Ba2QJ_ydJcTXhi1GowbT_OmyCDiVtq2Mgq1Rhy8t9fSouTZ4xwl4q9ABzBvHwuh4IQohl58_x8ao-K9Q0OZMm2hQ0d9LZLaytfiCV0Ml8uDFYgE8OnZxiVDIbs3wJDe3hObLPjRF2Zr4ErvYVZoNt85oSFzAVnOTTv-JacY-a2vPcYqN8PYI5M9qliOBrq0FAS3IadW5CbaSNTMj7vMI2UuCIDqXhzU3C1zWokz93Zxc-_7GKzMuAsfMd7WNyjMNHXQo2tO4QEKdh4ZQxzIAKKMsDanPWL2I0nWVFq1MxIDRmxoNJa_V3KRXkzvUVDqc3xqVRt7xEmwGwx7250BAlBbYONHzG2rg-BFoB96zowDDzDKuQCdf93kjLYb8W9YDhrQUcVR0Pz68mxXBTEFp7HckClJCs9bX0zwLGYaurdYxzVbU56kVWsOWYnZHoiMc0pcEAUEy4lSTswTMKtdY7de662t4pV4GhPnbMlMgjXoiNM2yW7dVyyI5ZbwZWue6BvtZ2icxi6cJaT-4aPyFJpFU9O13iEiVy7pqh5k_w2hlnqU01Xd6ccdTDrNQ-e-vtTnXfMxO7ZXt7MJRftdEHfM2urx6PzlR8vEgLeC8_UtIbEfMtjD6VjsOqoYqosCSRhntLhrZz5yAgkbIXePK2DsDsjugFH8DpjXuNzVn3SKBvomBMg","403","http_error"
"world-heritage","موقع شحات (قورينة) الأثري","https://lh3.googleusercontent.com/umsh/AN6v0v7zAzxSywb8KoKhf_3JnELeCFvSVNk5ipEAC4K0ZEtJsDX6OPQK1XkOXJnS5vO1_US-8rHh8xqH4bo8ELVzmObbDZ4wKDMcbt2JlL4ScFceCFrcRKinf_WCNgOCy0dcKNhLnZx1SCXknweYLWPddh_F4OxFZLWHQvZHKXo-KtWp7nFUshi0AwHyjfLACpong0O4MKyDKyUBLVG54Q7htlfwgmms9O4WsyLjqwy7TryPnlAW0kDnMh1Klr-LKT-aw5m9bYBiTAnL6aghbGJCLpFPp-lHhdm7cc2pAi1XGrcuLYIcAb69yUieSg1uc42xHGSppRThuSBFLg303nac1S-C21yckaLBPK8kGZkJLYTdi7sFouFB9DuANWQG_BneqU32jQ1iTy0sUGYzWUnfBQC8D_nEDj5Ytk5Csg9B3zGkkcRjl4bh4uB1mf78OKCEjJNh36U1prydBkDVxLEZ5Tg9XrnlDci0iuoTNwn3c1T9QOmJ2RGrL2QwBmFiOCmWQR4GGY1MqSZpYE5E0F0boUBfFMmL37PyeE2x6e_Pe37PLdaNg2IXHQks01-qoSafQMjFdUyVD5aqZ6FPYuyY5g1PzoCEx8kEnPxZMloql5W0W3Uloy1DC-b9G9NCsh9afs8KYEhFSt53sha8jAVYlr9FjajdwOOMDUpIcjNjYPEPnZQ73aO-w4x95IpBlEv3TdtYDpa6T24","","https://lh3.googleusercontent.com/umsh/AN6v0v7zAzxSywb8KoKhf_3JnELeCFvSVNk5ipEAC4K0ZEtJsDX6OPQK1XkOXJnS5vO1_US-8rHh8xqH4bo8ELVzmObbDZ4wKDMcbt2JlL4ScFceCFrcRKinf_WCNgOCy0dcKNhLnZx1SCXknweYLWPddh_F4OxFZLWHQvZHKXo-KtWp7nFUshi0AwHyjfLACpong0O4MKyDKyUBLVG54Q7htlfwgmms9O4WsyLjqwy7TryPnlAW0kDnMh1Klr-LKT-aw5m9bYBiTAnL6aghbGJCLpFPp-lHhdm7cc2pAi1XGrcuLYIcAb69yUieSg1uc42xHGSppRThuSBFLg303nac1S-C21yckaLBPK8kGZkJLYTdi7sFouFB9DuANWQG_BneqU32jQ1iTy0sUGYzWUnfBQC8D_nEDj5Ytk5Csg9B3zGkkcRjl4bh4uB1mf78OKCEjJNh36U1prydBkDVxLEZ5Tg9XrnlDci0iuoTNwn3c1T9QOmJ2RGrL2QwBmFiOCmWQR4GGY1MqSZpYE5E0F0boUBfFMmL37PyeE2x6e_Pe37PLdaNg2IXHQks01-qoSafQMjFdUyVD5aqZ6FPYuyY5g1PzoCEx8kEnPxZMloql5W0W3Uloy1DC-b9G9NCsh9afs8KYEhFSt53sha8jAVYlr9FjajdwOOMDUpIcjNjYPEPnZQ73aO-w4x95IpBlEv3TdtYDpa6T24","403","http_error"
"world-heritage","موقع شحات (قورينة) الأثري","https://lh3.googleusercontent.com/umsh/AN6v0v4o1ueSNgwY38ILBkfjfOuYfKOTfQH9kbPkRfgwJTzTRR4py7KQT6jN-BbIc5EoeaEGM45quyI60VjkyiWbmX_uZ8NOkIhFiim54WJRRz2-nDmT33rKI_Q-HKWxI2Em1Q8xOTX5hWFR0dYKf87Q8iRB-Xh3CXTxUUigCfBozQy49e3tfZsUC7VsCWd-xFukVMmEGYr9Df9oqKP7JwwZGX_-ZasnAElTS8rKgy2SXqcqQEKdSF--HCE3Lb26kW2m9bbYvSLfW3rQmXLaqoSrgz4V4ar3sfUSzoln32vmxwH9l5EhTFV4jmVQT7JyL4oBZ6JMvHKSzO1UuKWhX7a2hCQmrMHHDOz8QH6c4FXKt-lSc_4_sEbFD2v4FxLbuqqZq7IfSeXCE0QUfzBc8daIFu7U0QPQOjEQPtse5VMs3df9edlRWyclwkiDufCMCl7QMMuYhrYLHjz9N6oiBi25r4nRnTjenxCieSWbvTG5L7U4UwmgSyhlk1J55YHoeRD2Kiq8h7Jzq8-oHyFxhCtvVqlGZkQlSTjJcu-OGrRjiwkVgPI_GfKcPow-yabVIxNVJSqbYfRa_nAeAd_xK8OJpJ0c9XvvvP52Q8mjdfLgPFvUzvfe74yGIqTtd5dPv3Xo87svAsfv0jR1ay7bK9DNW6uarPB7JFbzgxCmWXe8hURSibZhFM45ZEx7HLIe1RHaf56figo4xzs","","https://lh3.googleusercontent.com/umsh/AN6v0v4o1ueSNgwY38ILBkfjfOuYfKOTfQH9kbPkRfgwJTzTRR4py7KQT6jN-BbIc5EoeaEGM45quyI60VjkyiWbmX_uZ8NOkIhFiim54WJRRz2-nDmT33rKI_Q-HKWxI2Em1Q8xOTX5hWFR0dYKf87Q8iRB-Xh3CXTxUUigCfBozQy49e3tfZsUC7VsCWd-xFukVMmEGYr9Df9oqKP7JwwZGX_-ZasnAElTS8rKgy2SXqcqQEKdSF--HCE3Lb26kW2m9bbYvSLfW3rQmXLaqoSrgz4V4ar3sfUSzoln32vmxwH9l5EhTFV4jmVQT7JyL4oBZ6JMvHKSzO1UuKWhX7a2hCQmrMHHDOz8QH6c4FXKt-lSc_4_sEbFD2v4FxLbuqqZq7IfSeXCE0QUfzBc8daIFu7U0QPQOjEQPtse5VMs3df9edlRWyclwkiDufCMCl7QMMuYhrYLHjz9N6oiBi25r4nRnTjenxCieSWbvTG5L7U4UwmgSyhlk1J55YHoeRD2Kiq8h7Jzq8-oHyFxhCtvVqlGZkQlSTjJcu-OGrRjiwkVgPI_GfKcPow-yabVIxNVJSqbYfRa_nAeAd_xK8OJpJ0c9XvvvP52Q8mjdfLgPFvUzvfe74yGIqTtd5dPv3Xo87svAsfv0jR1ay7bK9DNW6uarPB7JFbzgxCmWXe8hURSibZhFM45ZEx7HLIe1RHaf56figo4xzs","403","http_error"
"world-heritage","موقع شحات (قورينة) الأثري","https://lh3.googleusercontent.com/umsh/AN6v0v7D94FU5LJy6MhZb6u-VkBJVQnLwiW51-cG-CkiM-0eA9-7ghmKw7DRUifSASkeQIFiqGAsHRuSWNI8sWb5m6bomsA81bhbb51lO2jRuIz96OJwqp1EXk6MSlI--_tLgChD7rxmoz8yQ0eHgZQRlxjFeoXGw5cAprIYM_S36nqwH0Z2ci0FZBIBKngIX0kY4tCab09OE9bHMciWtQ5D82budwexhs7mEU_H9Ak6Uzp4D1rNDaBOcirQAvprbAwyg9Sfu1Y6SK0t7elo6se_iaLIxBnL2K1kJjECeT9U_IiLm8yboSfNdFdSs2NsQgGmwSveRElDpTqeaEnF3JjB8mHr-ZPSz7TsLTjS_8A-tJlbGPgkG2KQ5TKUAklYHjA6QyU66RncWw9sQu8EDjpFwWlSP6SShXoSmDMynsWZZED8oXzfbkmudnGUGC9O3QCt9YjL2sKxw7zyL03a4g4AQxg1L3zcXaB7Ud2smzaJxdZB6cq95ro-AzTKhtEyqQAI7d6ULPQ-LwplLuRacbtTt9L7UaCOSRiL9YsqjclqVpM7J6fucDP2hsIcyUluq_SRhBy_021sp6wN6VdUGpgchUCIrIYRFb25tCykFRBdoUOxCot21Aj5OQruFRXhWnrqeNYR2-Ihwlydt3hk5zmRBtzW4e1iS-4hGQFOPEBcEIXcYrvoCjUoV1mV4LU2T4rMUKbuptStjw","","https://lh3.googleusercontent.com/umsh/AN6v0v7D94FU5LJy6MhZb6u-VkBJVQnLwiW51-cG-CkiM-0eA9-7ghmKw7DRUifSASkeQIFiqGAsHRuSWNI8sWb5m6bomsA81bhbb51lO2jRuIz96OJwqp1EXk6MSlI--_tLgChD7rxmoz8yQ0eHgZQRlxjFeoXGw5cAprIYM_S36nqwH0Z2ci0FZBIBKngIX0kY4tCab09OE9bHMciWtQ5D82budwexhs7mEU_H9Ak6Uzp4D1rNDaBOcirQAvprbAwyg9Sfu1Y6SK0t7elo6se_iaLIxBnL2K1kJjECeT9U_IiLm8yboSfNdFdSs2NsQgGmwSveRElDpTqeaEnF3JjB8mHr-ZPSz7TsLTjS_8A-tJlbGPgkG2KQ5TKUAklYHjA6QyU66RncWw9sQu8EDjpFwWlSP6SShXoSmDMynsWZZED8oXzfbkmudnGUGC9O3QCt9YjL2sKxw7zyL03a4g4AQxg1L3zcXaB7Ud2smzaJxdZB6cq95ro-AzTKhtEyqQAI7d6ULPQ-LwplLuRacbtTt9L7UaCOSRiL9YsqjclqVpM7J6fucDP2hsIcyUluq_SRhBy_021sp6wN6VdUGpgchUCIrIYRFb25tCykFRBdoUOxCot21Aj5OQruFRXhWnrqeNYR2-Ihwlydt3hk5zmRBtzW4e1iS-4hGQFOPEBcEIXcYrvoCjUoV1mV4LU2T4rMUKbuptStjw","403","http_error"
"world-heritage","موقع شحات (قورينة) الأثري","https://lh3.googleusercontent.com/umsh/AN6v0v6HxluBATwqJ1Vnm8XOf5p6Ba2QJ_ydJcTXhi1GowbT_OmyCDiVtq2Mgq1Rhy8t9fSouTZ4xwl4q9ABzBvHwuh4IQohl58_x8ao-K9Q0OZMm2hQ0d9LZLaytfiCV0Ml8uDFYgE8OnZxiVDIbs3wJDe3hObLPjRF2Zr4ErvYVZoNt85oSFzAVnOTTv-JacY-a2vPcYqN8PYI5M9qliOBrq0FAS3IadW5CbaSNTMj7vMI2UuCIDqXhzU3C1zWokz93Zxc-_7GKzMuAsfMd7WNyjMNHXQo2tO4QEKdh4ZQxzIAKKMsDanPWL2I0nWVFq1MxIDRmxoNJa_V3KRXkzvUVDqc3xqVRt7xEmwGwx7250BAlBbYONHzG2rg-BFoB96zowDDzDKuQCdf93kjLYb8W9YDhrQUcVR0Pz68mxXBTEFp7HckClJCs9bX0zwLGYaurdYxzVbU56kVWsOWYnZHoiMc0pcEAUEy4lSTswTMKtdY7de662t4pV4GhPnbMlMgjXoiNM2yW7dVyyI5ZbwZWue6BvtZ2icxi6cJaT-4aPyFJpFU9O13iEiVy7pqh5k_w2hlnqU01Xd6ccdTDrNQ-e-vtTnXfMxO7ZXt7MJRftdEHfM2urx6PzlR8vEgLeC8_UtIbEfMtjD6VjsOqoYqosCSRhntLhrZz5yAgkbIXePK2DsDsjugFH8DpjXuNzVn3SKBvomBMg https://lh3.googleusercontent.com/umsh/AN6v0v7zAzxSywb8KoKhf_3JnELeCFvSVNk5ipEAC4K0ZEtJsDX6OPQK1XkOXJnS5vO1_US-8rHh8xqH4bo8ELVzmObbDZ4wKDMcbt2JlL4ScFceCFrcRKinf_WCNgOCy0dcKNhLnZx1SCXknweYLWPddh_F4OxFZLWHQvZHKXo-KtWp7nFUshi0AwHyjfLACpong0O4MKyDKyUBLVG54Q7htlfwgmms9O4WsyLjqwy7TryPnlAW0kDnMh1Klr-LKT-aw5m9bYBiTAnL6aghbGJCLpFPp-lHhdm7cc2pAi1XGrcuLYIcAb69yUieSg1uc42xHGSppRThuSBFLg303nac1S-C21yckaLBPK8kGZkJLYTdi7sFouFB9DuANWQG_BneqU32jQ1iTy0sUGYzWUnfBQC8D_nEDj5Ytk5Csg9B3zGkkcRjl4bh4uB1mf78OKCEjJNh36U1prydBkDVxLEZ5Tg9XrnlDci0iuoTNwn3c1T9QOmJ2RGrL2QwBmFiOCmWQR4GGY1MqSZpYE5E0F0boUBfFMmL37PyeE2x6e_Pe37PLdaNg2IXHQks01-qoSafQMjFdUyVD5aqZ6FPYuyY5g1PzoCEx8kEnPxZMloql5W0W3Uloy1DC-b9G9NCsh9afs8KYEhFSt53sha8jAVYlr9FjajdwOOMDUpIcjNjYPEPnZQ73aO-w4x95IpBlEv3TdtYDpa6T24 https://lh3.googleusercontent.com/umsh/AN6v0v4o1ueSNgwY38ILBkfjfOuYfKOTfQH9kbPkRfgwJTzTRR4py7KQT6jN-BbIc5EoeaEGM45quyI60VjkyiWbmX_uZ8NOkIhFiim54WJRRz2-nDmT33rKI_Q-HKWxI2Em1Q8xOTX5hWFR0dYKf87Q8iRB-Xh3CXTxUUigCfBozQy49e3tfZsUC7VsCWd-xFukVMmEGYr9Df9oqKP7JwwZGX_-ZasnAElTS8rKgy2SXqcqQEKdSF--HCE3Lb26kW2m9bbYvSLfW3rQmXLaqoSrgz4V4ar3sfUSzoln32vmxwH9l5EhTFV4jmVQT7JyL4oBZ6JMvHKSzO1UuKWhX7a2hCQmrMHHDOz8QH6c4FXKt-lSc_4_sEbFD2v4FxLbuqqZq7IfSeXCE0QUfzBc8daIFu7U0QPQOjEQPtse5VMs3df9edlRWyclwkiDufCMCl7QMMuYhrYLHjz9N6oiBi25r4nRnTjenxCieSWbvTG5L7U4UwmgSyhlk1J55YHoeRD2Kiq8h7Jzq8-oHyFxhCtvVqlGZkQlSTjJcu-OGrRjiwkVgPI_GfKcPow-yabVIxNVJSqbYfRa_nAeAd_xK8OJpJ0c9XvvvP52Q8mjdfLgPFvUzvfe74yGIqTtd5dPv3Xo87svAsfv0jR1ay7bK9DNW6uarPB7JFbzgxCmWXe8hURSibZhFM45ZEx7HLIe1RHaf56figo4xzs https://lh3.googleusercontent.com/umsh/AN6v0v7D94FU5LJy6MhZb6u-VkBJVQnLwiW51-cG-CkiM-0eA9-7ghmKw7DRUifSASkeQIFiqGAsHRuSWNI8sWb5m6bomsA81bhbb51lO2jRuIz96OJwqp1EXk6MSlI--_tLgChD7rxmoz8yQ0eHgZQRlxjFeoXGw5cAprIYM_S36nqwH0Z2ci0FZBIBKngIX0kY4tCab09OE9bHMciWtQ5D82budwexhs7mEU_H9Ak6Uzp4D1rNDaBOcirQAvprbAwyg9Sfu1Y6SK0t7elo6se_iaLIxBnL2K1kJjECeT9U_IiLm8yboSfNdFdSs2NsQgGmwSveRElDpTqeaEnF3JjB8mHr-ZPSz7TsLTjS_8A-tJlbGPgkG2KQ5TKUAklYHjA6QyU66RncWw9sQu8EDjpFwWlSP6SShXoSmDMynsWZZED8oXzfbkmudnGUGC9O3QCt9YjL2sKxw7zyL03a4g4AQxg1L3zcXaB7Ud2smzaJxdZB6cq95ro-AzTKhtEyqQAI7d6ULPQ-LwplLuRacbtTt9L7UaCOSRiL9YsqjclqVpM7J6fucDP2hsIcyUluq_SRhBy_021sp6wN6VdUGpgchUCIrIYRFb25tCykFRBdoUOxCot21Aj5OQruFRXhWnrqeNYR2-Ihwlydt3hk5zmRBtzW4e1iS-4hGQFOPEBcEIXcYrvoCjUoV1mV4LU2T4rMUKbuptStjw","","https://lh3.googleusercontent.com/umsh/AN6v0v6HxluBATwqJ1Vnm8XOf5p6Ba2QJ_ydJcTXhi1GowbT_OmyCDiVtq2Mgq1Rhy8t9fSouTZ4xwl4q9ABzBvHwuh4IQohl58_x8ao-K9Q0OZMm2hQ0d9LZLaytfiCV0Ml8uDFYgE8OnZxiVDIbs3wJDe3hObLPjRF2Zr4ErvYVZoNt85oSFzAVnOTTv-JacY-a2vPcYqN8PYI5M9qliOBrq0FAS3IadW5CbaSNTMj7vMI2UuCIDqXhzU3C1zWokz93Zxc-_7GKzMuAsfMd7WNyjMNHXQo2tO4QEKdh4ZQxzIAKKMsDanPWL2I0nWVFq1MxIDRmxoNJa_V3KRXkzvUVDqc3xqVRt7xEmwGwx7250BAlBbYONHzG2rg-BFoB96zowDDzDKuQCdf93kjLYb8W9YDhrQUcVR0Pz68mxXBTEFp7HckClJCs9bX0zwLGYaurdYxzVbU56kVWsOWYnZHoiMc0pcEAUEy4lSTswTMKtdY7de662t4pV4GhPnbMlMgjXoiNM2yW7dVyyI5ZbwZWue6BvtZ2icxi6cJaT-4aPyFJpFU9O13iEiVy7pqh5k_w2hlnqU01Xd6ccdTDrNQ-e-vtTnXfMxO7ZXt7MJRftdEHfM2urx6PzlR8vEgLeC8_UtIbEfMtjD6VjsOqoYqosCSRhntLhrZz5yAgkbIXePK2DsDsjugFH8DpjXuNzVn3SKBvomBMg https://lh3.googleusercontent.com/umsh/AN6v0v7zAzxSywb8KoKhf_3JnELeCFvSVNk5ipEAC4K0ZEtJsDX6OPQK1XkOXJnS5vO1_US-8rHh8xqH4bo8ELVzmObbDZ4wKDMcbt2JlL4ScFceCFrcRKinf_WCNgOCy0dcKNhLnZx1SCXknweYLWPddh_F4OxFZLWHQvZHKXo-KtWp7nFUshi0AwHyjfLACpong0O4MKyDKyUBLVG54Q7htlfwgmms9O4WsyLjqwy7TryPnlAW0kDnMh1Klr-LKT-aw5m9bYBiTAnL6aghbGJCLpFPp-lHhdm7cc2pAi1XGrcuLYIcAb69yUieSg1uc42xHGSppRThuSBFLg303nac1S-C21yckaLBPK8kGZkJLYTdi7sFouFB9DuANWQG_BneqU32jQ1iTy0sUGYzWUnfBQC8D_nEDj5Ytk5Csg9B3zGkkcRjl4bh4uB1mf78OKCEjJNh36U1prydBkDVxLEZ5Tg9XrnlDci0iuoTNwn3c1T9QOmJ2RGrL2QwBmFiOCmWQR4GGY1MqSZpYE5E0F0boUBfFMmL37PyeE2x6e_Pe37PLdaNg2IXHQks01-qoSafQMjFdUyVD5aqZ6FPYuyY5g1PzoCEx8kEnPxZMloql5W0W3Uloy1DC-b9G9NCsh9afs8KYEhFSt53sha8jAVYlr9FjajdwOOMDUpIcjNjYPEPnZQ73aO-w4x95IpBlEv3TdtYDpa6T24 https://lh3.googleusercontent.com/umsh/AN6v0v4o1ueSNgwY38ILBkfjfOuYfKOTfQH9kbPkRfgwJTzTRR4py7KQT6jN-BbIc5EoeaEGM45quyI60VjkyiWbmX_uZ8NOkIhFiim54WJRRz2-nDmT33rKI_Q-HKWxI2Em1Q8xOTX5hWFR0dYKf87Q8iRB-Xh3CXTxUUigCfBozQy49e3tfZsUC7VsCWd-xFukVMmEGYr9Df9oqKP7JwwZGX_-ZasnAElTS8rKgy2SXqcqQEKdSF--HCE3Lb26kW2m9bbYvSLfW3rQmXLaqoSrgz4V4ar3sfUSzoln32vmxwH9l5EhTFV4jmVQT7JyL4oBZ6JMvHKSzO1UuKWhX7a2hCQmrMHHDOz8QH6c4FXKt-lSc_4_sEbFD2v4FxLbuqqZq7IfSeXCE0QUfzBc8daIFu7U0QPQOjEQPtse5VMs3df9edlRWyclwkiDufCMCl7QMMuYhrYLHjz9N6oiBi25r4nRnTjenxCieSWbvTG5L7U4UwmgSyhlk1J55YHoeRD2Kiq8h7Jzq8-oHyFxhCtvVqlGZkQlSTjJcu-OGrRjiwkVgPI_GfKcPow-yabVIxNVJSqbYfRa_nAeAd_xK8OJpJ0c9XvvvP52Q8mjdfLgPFvUzvfe74yGIqTtd5dPv3Xo87svAsfv0jR1ay7bK9DNW6uarPB7JFbzgxCmWXe8hURSibZhFM45ZEx7HLIe1RHaf56figo4xzs https://lh3.googleusercontent.com/umsh/AN6v0v7D94FU5LJy6MhZb6u-VkBJVQnLwiW51-cG-CkiM-0eA9-7ghmKw7DRUifSASkeQIFiqGAsHRuSWNI8sWb5m6bomsA81bhbb51lO2jRuIz96OJwqp1EXk6MSlI--_tLgChD7rxmoz8yQ0eHgZQRlxjFeoXGw5cAprIYM_S36nqwH0Z2ci0FZBIBKngIX0kY4tCab09OE9bHMciWtQ5D82budwexhs7mEU_H9Ak6Uzp4D1rNDaBOcirQAvprbAwyg9Sfu1Y6SK0t7elo6se_iaLIxBnL2K1kJjECeT9U_IiLm8yboSfNdFdSs2NsQgGmwSveRElDpTqeaEnF3JjB8mHr-ZPSz7TsLTjS_8A-tJlbGPgkG2KQ5TKUAklYHjA6QyU66RncWw9sQu8EDjpFwWlSP6SShXoSmDMynsWZZED8oXzfbkmudnGUGC9O3QCt9YjL2sKxw7zyL03a4g4AQxg1L3zcXaB7Ud2smzaJxdZB6cq95ro-AzTKhtEyqQAI7d6ULPQ-LwplLuRacbtTt9L7UaCOSRiL9YsqjclqVpM7J6fucDP2hsIcyUluq_SRhBy_021sp6wN6VdUGpgchUCIrIYRFb25tCykFRBdoUOxCot21Aj5OQruFRXhWnrqeNYR2-Ihwlydt3hk5zmRBtzW4e1iS-4hGQFOPEBcEIXcYrvoCjUoV1mV4LU2T4rMUKbuptStjw","400","http_error"
"world-heritage","مواقع تادرارت أكاكوس الصخرية","https://lh3.googleusercontent.com/umsh/AN6v0v640oAF-8w8sIt5yMxgdE7E3d7sNhI-yEtOXzMovMyBmhOtza54oGMCLb16ccbEjWe-H5-oWw0UphfjhSFvBHDMLUEWEA8CvGcWTYOARvqJbVeQABz4ZPd6OqXNaofHc-A_h6fLUCcDPhuf1FplYkbrpaUX2Ojn36x5_f5QnFLE7ATyPS6WuPiDkv9UC6CSWqOysv5Q2ZX5j1XE2Yoq-jnt9s1RI1Hh5YiinlNc6dM10fT1Mkk_JaoS0iePiZkAc1j-7yBhtwiyzvSUR_4b8HLN_76g6TvzBF_d_2IQrUUA98n-N13OT4vgDZbFcaxlxZjI4hqOId7GdCFLNLtd_Skd58zjrpGqqwfC6LUQcg_GKHWCw9EdrDPTgPye7BkIJXo5fSSEZd6pZi4GmT1XP7AlRyZ_JmhQzc7Lq-qXWw46DvPuePjbUn4Cejd9SY-8y8i9G2qexjsy0bzgk1GLtOqHDgsCItqmTv1cWG7uWkY_D5Gsuf_RBme8rzX73K7mum_saAj4vGn_t6OVzLzbBs3notJ42xZb_rjJMYy7emIVnKGpjX64GRfFFs6gw02ISDM-htl_WAqt7n7Jo02ANs7m_S5ukANQbzy33jx50e5nGAn-dAAhZeFPMR_3xYPFyYdowdjXXHiKbApUSrtzRETSeuFZh-gmHVlUmbGziLO3zEoKlEmS57cp5-DQdZaafhYsR3pcfcQ","","https://lh3.googleusercontent.com/umsh/AN6v0v640oAF-8w8sIt5yMxgdE7E3d7sNhI-yEtOXzMovMyBmhOtza54oGMCLb16ccbEjWe-H5-oWw0UphfjhSFvBHDMLUEWEA8CvGcWTYOARvqJbVeQABz4ZPd6OqXNaofHc-A_h6fLUCcDPhuf1FplYkbrpaUX2Ojn36x5_f5QnFLE7ATyPS6WuPiDkv9UC6CSWqOysv5Q2ZX5j1XE2Yoq-jnt9s1RI1Hh5YiinlNc6dM10fT1Mkk_JaoS0iePiZkAc1j-7yBhtwiyzvSUR_4b8HLN_76g6TvzBF_d_2IQrUUA98n-N13OT4vgDZbFcaxlxZjI4hqOId7GdCFLNLtd_Skd58zjrpGqqwfC6LUQcg_GKHWCw9EdrDPTgPye7BkIJXo5fSSEZd6pZi4GmT1XP7AlRyZ_JmhQzc7Lq-qXWw46DvPuePjbUn4Cejd9SY-8y8i9G2qexjsy0bzgk1GLtOqHDgsCItqmTv1cWG7uWkY_D5Gsuf_RBme8rzX73K7mum_saAj4vGn_t6OVzLzbBs3notJ42xZb_rjJMYy7emIVnKGpjX64GRfFFs6gw02ISDM-htl_WAqt7n7Jo02ANs7m_S5ukANQbzy33jx50e5nGAn-dAAhZeFPMR_3xYPFyYdowdjXXHiKbApUSrtzRETSeuFZh-gmHVlUmbGziLO3zEoKlEmS57cp5-DQdZaafhYsR3pcfcQ","403","http_error"
"world-heritage","مواقع تادرارت أكاكوس الصخرية","https://lh3.googleusercontent.com/umsh/AN6v0v5hpP-dnkZNVgcBZdKx99Hgqfon7jRXPD1Svw4x-H2jSExAdHYGsmFYlxMvokOhcFVXnGX22oaAA129elL7hpAkqdXbPi0N4VOSFpczVQqq6s_dnTmWKa_EzIoPXqUVSFS3u6EMHo2Gt4X8MD2lWmLm49osKWIef-V7B4NnGbbIyxVP8b2GlBX7xEnpXIK048U-RWd3CnroiwtBdPI0lFTZPSh7ju_nEPQQgiJXA2FnQ1dV13h22_u2acAPgvlylrveklnbpAFgh-tc6ayhzvDfnLq1mzSfO9norUlIMuUVHgvBoUgN6d-Y6bHI_ntgbbGOjxZIeE9PRh3ZSuz78L-sNLDh-qqIpH976984lnV-Dz4GPSSdeO0iBx7kM2ZclHn55qFNahBUsCeH51G0ky3RPee1JWs2jpJX8MGDu2OlR657jH-dSrfv01WTkRgzoesdUeGdbPTKw_e4-HtKOzP1MsC6HScmZURfUVDQCHz5vsS0nbfIVxViW-4QrgK3ZDw2ffKUnkYV0_XWdhYLXl_JbSSHuh428qLvRqCZqZTJvxjAYtDRYgRh-WY1-40CVLoi68-3QPwiNPo-sB8hzZjKvPQ7anEI5cJzqX0837mHfM_H-um9SkEc2N5ETeNoUA0yXoITUJX3cz-MEQtPY8QRDmJYvXP3azj3QSTfc_Az88cdBbwIC56CHZAfgHCDGg4UIbIm_VA","","https://lh3.googleusercontent.com/umsh/AN6v0v5hpP-dnkZNVgcBZdKx99Hgqfon7jRXPD1Svw4x-H2jSExAdHYGsmFYlxMvokOhcFVXnGX22oaAA129elL7hpAkqdXbPi0N4VOSFpczVQqq6s_dnTmWKa_EzIoPXqUVSFS3u6EMHo2Gt4X8MD2lWmLm49osKWIef-V7B4NnGbbIyxVP8b2GlBX7xEnpXIK048U-RWd3CnroiwtBdPI0lFTZPSh7ju_nEPQQgiJXA2FnQ1dV13h22_u2acAPgvlylrveklnbpAFgh-tc6ayhzvDfnLq1mzSfO9norUlIMuUVHgvBoUgN6d-Y6bHI_ntgbbGOjxZIeE9PRh3ZSuz78L-sNLDh-qqIpH976984lnV-Dz4GPSSdeO0iBx7kM2ZclHn55qFNahBUsCeH51G0ky3RPee1JWs2jpJX8MGDu2OlR657jH-dSrfv01WTkRgzoesdUeGdbPTKw_e4-HtKOzP1MsC6HScmZURfUVDQCHz5vsS0nbfIVxViW-4QrgK3ZDw2ffKUnkYV0_XWdhYLXl_JbSSHuh428qLvRqCZqZTJvxjAYtDRYgRh-WY1-40CVLoi68-3QPwiNPo-sB8hzZjKvPQ7anEI5cJzqX0837mHfM_H-um9SkEc2N5ETeNoUA0yXoITUJX3cz-MEQtPY8QRDmJYvXP3azj3QSTfc_Az88cdBbwIC56CHZAfgHCDGg4UIbIm_VA","403","http_error"
"world-heritage","مواقع تادرارت أكاكوس الصخرية","https://lh3.googleusercontent.com/umsh/AN6v0v4y8IopiV2SNjP6PAPzKa3sUR2jY1KwVucmrgPaxtWu_6fNhsW5JoIWtHqNLWdLirJAfYxnLqw1uh-EVK4-ZqKo0_8iJ0-pL4kXc1ei5CpplpSxoVJerlrWxOdCSvl1tOcIPO03tIBOBPyhayDdlq_WxXNtLtxOWTJ-P-AADxukf9UHYITKzX4xPyr_g1mI9n3mi662HtA25KDieVQftUAPjXbCieeOs-dJKPscMzd5Eyj95Qpa-v4yUCNybrz73Hre6aDApWgIuB4bJOUkifik1ceqfR3ul8x9d9NFIH3CWajvmdL56Fxxm1zaGYlkRyO7Uucpvkhh7kcls9q4y7r3TAKbNDMKjcPUEGsQ-5VbMnrEykEMoX37OZ-IaRy-Kmk87J6xgJ41PkACcf-tX_HCpq7bliQvp0NicVuaUx3wVj6wL3pFSjeQxBn2GSctx7eYR7ZQKip0HaFnXTLJpEdaovT4t45KHSbH8W88LaB8ynuxCeEkgM49FbDdvi8P5IDQTpHsk0jNy2b-qkksbERm49Q7Rzh39dV93xxoyj7fPtoKC2aHPeQEoQhkXAM92m9mGVsrhRLdadpGW3f36IVN-SY3aI8Bs083S_KWda6LsrQRUTw_AjVRMktiEAPzWkGH_m3I7i00ZllzXEHh8znGjVyM_Puu0cK0lvi1aHt3neE3xZvKmi6W0Yl1LC5Bfuxc92rDxuk","","https://lh3.googleusercontent.com/umsh/AN6v0v4y8IopiV2SNjP6PAPzKa3sUR2jY1KwVucmrgPaxtWu_6fNhsW5JoIWtHqNLWdLirJAfYxnLqw1uh-EVK4-ZqKo0_8iJ0-pL4kXc1ei5CpplpSxoVJerlrWxOdCSvl1tOcIPO03tIBOBPyhayDdlq_WxXNtLtxOWTJ-P-AADxukf9UHYITKzX4xPyr_g1mI9n3mi662HtA25KDieVQftUAPjXbCieeOs-dJKPscMzd5Eyj95Qpa-v4yUCNybrz73Hre6aDApWgIuB4bJOUkifik1ceqfR3ul8x9d9NFIH3CWajvmdL56Fxxm1zaGYlkRyO7Uucpvkhh7kcls9q4y7r3TAKbNDMKjcPUEGsQ-5VbMnrEykEMoX37OZ-IaRy-Kmk87J6xgJ41PkACcf-tX_HCpq7bliQvp0NicVuaUx3wVj6wL3pFSjeQxBn2GSctx7eYR7ZQKip0HaFnXTLJpEdaovT4t45KHSbH8W88LaB8ynuxCeEkgM49FbDdvi8P5IDQTpHsk0jNy2b-qkksbERm49Q7Rzh39dV93xxoyj7fPtoKC2aHPeQEoQhkXAM92m9mGVsrhRLdadpGW3f36IVN-SY3aI8Bs083S_KWda6LsrQRUTw_AjVRMktiEAPzWkGH_m3I7i00ZllzXEHh8znGjVyM_Puu0cK0lvi1aHt3neE3xZvKmi6W0Yl1LC5Bfuxc92rDxuk","403","http_error"
"world-heritage","مواقع تادرارت أكاكوس الصخرية","https://lh3.googleusercontent.com/umsh/AN6v0v640oAF-8w8sIt5yMxgdE7E3d7sNhI-yEtOXzMovMyBmhOtza54oGMCLb16ccbEjWe-H5-oWw0UphfjhSFvBHDMLUEWEA8CvGcWTYOARvqJbVeQABz4ZPd6OqXNaofHc-A_h6fLUCcDPhuf1FplYkbrpaUX2Ojn36x5_f5QnFLE7ATyPS6WuPiDkv9UC6CSWqOysv5Q2ZX5j1XE2Yoq-jnt9s1RI1Hh5YiinlNc6dM10fT1Mkk_JaoS0iePiZkAc1j-7yBhtwiyzvSUR_4b8HLN_76g6TvzBF_d_2IQrUUA98n-N13OT4vgDZbFcaxlxZjI4hqOId7GdCFLNLtd_Skd58zjrpGqqwfC6LUQcg_GKHWCw9EdrDPTgPye7BkIJXo5fSSEZd6pZi4GmT1XP7AlRyZ_JmhQzc7Lq-qXWw46DvPuePjbUn4Cejd9SY-8y8i9G2qexjsy0bzgk1GLtOqHDgsCItqmTv1cWG7uWkY_D5Gsuf_RBme8rzX73K7mum_saAj4vGn_t6OVzLzbBs3notJ42xZb_rjJMYy7emIVnKGpjX64GRfFFs6gw02ISDM-htl_WAqt7n7Jo02ANs7m_S5ukANQbzy33jx50e5nGAn-dAAhZeFPMR_3xYPFyYdowdjXXHiKbApUSrtzRETSeuFZh-gmHVlUmbGziLO3zEoKlEmS57cp5-DQdZaafhYsR3pcfcQ https://lh3.googleusercontent.com/umsh/AN6v0v5hpP-dnkZNVgcBZdKx99Hgqfon7jRXPD1Svw4x-H2jSExAdHYGsmFYlxMvokOhcFVXnGX22oaAA129elL7hpAkqdXbPi0N4VOSFpczVQqq6s_dnTmWKa_EzIoPXqUVSFS3u6EMHo2Gt4X8MD2lWmLm49osKWIef-V7B4NnGbbIyxVP8b2GlBX7xEnpXIK048U-RWd3CnroiwtBdPI0lFTZPSh7ju_nEPQQgiJXA2FnQ1dV13h22_u2acAPgvlylrveklnbpAFgh-tc6ayhzvDfnLq1mzSfO9norUlIMuUVHgvBoUgN6d-Y6bHI_ntgbbGOjxZIeE9PRh3ZSuz78L-sNLDh-qqIpH976984lnV-Dz4GPSSdeO0iBx7kM2ZclHn55qFNahBUsCeH51G0ky3RPee1JWs2jpJX8MGDu2OlR657jH-dSrfv01WTkRgzoesdUeGdbPTKw_e4-HtKOzP1MsC6HScmZURfUVDQCHz5vsS0nbfIVxViW-4QrgK3ZDw2ffKUnkYV0_XWdhYLXl_JbSSHuh428qLvRqCZqZTJvxjAYtDRYgRh-WY1-40CVLoi68-3QPwiNPo-sB8hzZjKvPQ7anEI5cJzqX0837mHfM_H-um9SkEc2N5ETeNoUA0yXoITUJX3cz-MEQtPY8QRDmJYvXP3azj3QSTfc_Az88cdBbwIC56CHZAfgHCDGg4UIbIm_VA https://lh3.googleusercontent.com/umsh/AN6v0v4y8IopiV2SNjP6PAPzKa3sUR2jY1KwVucmrgPaxtWu_6fNhsW5JoIWtHqNLWdLirJAfYxnLqw1uh-EVK4-ZqKo0_8iJ0-pL4kXc1ei5CpplpSxoVJerlrWxOdCSvl1tOcIPO03tIBOBPyhayDdlq_WxXNtLtxOWTJ-P-AADxukf9UHYITKzX4xPyr_g1mI9n3mi662HtA25KDieVQftUAPjXbCieeOs-dJKPscMzd5Eyj95Qpa-v4yUCNybrz73Hre6aDApWgIuB4bJOUkifik1ceqfR3ul8x9d9NFIH3CWajvmdL56Fxxm1zaGYlkRyO7Uucpvkhh7kcls9q4y7r3TAKbNDMKjcPUEGsQ-5VbMnrEykEMoX37OZ-IaRy-Kmk87J6xgJ41PkACcf-tX_HCpq7bliQvp0NicVuaUx3wVj6wL3pFSjeQxBn2GSctx7eYR7ZQKip0HaFnXTLJpEdaovT4t45KHSbH8W88LaB8ynuxCeEkgM49FbDdvi8P5IDQTpHsk0jNy2b-qkksbERm49Q7Rzh39dV93xxoyj7fPtoKC2aHPeQEoQhkXAM92m9mGVsrhRLdadpGW3f36IVN-SY3aI8Bs083S_KWda6LsrQRUTw_AjVRMktiEAPzWkGH_m3I7i00ZllzXEHh8znGjVyM_Puu0cK0lvi1aHt3neE3xZvKmi6W0Yl1LC5Bfuxc92rDxuk","","https://lh3.googleusercontent.com/umsh/AN6v0v640oAF-8w8sIt5yMxgdE7E3d7sNhI-yEtOXzMovMyBmhOtza54oGMCLb16ccbEjWe-H5-oWw0UphfjhSFvBHDMLUEWEA8CvGcWTYOARvqJbVeQABz4ZPd6OqXNaofHc-A_h6fLUCcDPhuf1FplYkbrpaUX2Ojn36x5_f5QnFLE7ATyPS6WuPiDkv9UC6CSWqOysv5Q2ZX5j1XE2Yoq-jnt9s1RI1Hh5YiinlNc6dM10fT1Mkk_JaoS0iePiZkAc1j-7yBhtwiyzvSUR_4b8HLN_76g6TvzBF_d_2IQrUUA98n-N13OT4vgDZbFcaxlxZjI4hqOId7GdCFLNLtd_Skd58zjrpGqqwfC6LUQcg_GKHWCw9EdrDPTgPye7BkIJXo5fSSEZd6pZi4GmT1XP7AlRyZ_JmhQzc7Lq-qXWw46DvPuePjbUn4Cejd9SY-8y8i9G2qexjsy0bzgk1GLtOqHDgsCItqmTv1cWG7uWkY_D5Gsuf_RBme8rzX73K7mum_saAj4vGn_t6OVzLzbBs3notJ42xZb_rjJMYy7emIVnKGpjX64GRfFFs6gw02ISDM-htl_WAqt7n7Jo02ANs7m_S5ukANQbzy33jx50e5nGAn-dAAhZeFPMR_3xYPFyYdowdjXXHiKbApUSrtzRETSeuFZh-gmHVlUmbGziLO3zEoKlEmS57cp5-DQdZaafhYsR3pcfcQ https://lh3.googleusercontent.com/umsh/AN6v0v5hpP-dnkZNVgcBZdKx99Hgqfon7jRXPD1Svw4x-H2jSExAdHYGsmFYlxMvokOhcFVXnGX22oaAA129elL7hpAkqdXbPi0N4VOSFpczVQqq6s_dnTmWKa_EzIoPXqUVSFS3u6EMHo2Gt4X8MD2lWmLm49osKWIef-V7B4NnGbbIyxVP8b2GlBX7xEnpXIK048U-RWd3CnroiwtBdPI0lFTZPSh7ju_nEPQQgiJXA2FnQ1dV13h22_u2acAPgvlylrveklnbpAFgh-tc6ayhzvDfnLq1mzSfO9norUlIMuUVHgvBoUgN6d-Y6bHI_ntgbbGOjxZIeE9PRh3ZSuz78L-sNLDh-qqIpH976984lnV-Dz4GPSSdeO0iBx7kM2ZclHn55qFNahBUsCeH51G0ky3RPee1JWs2jpJX8MGDu2OlR657jH-dSrfv01WTkRgzoesdUeGdbPTKw_e4-HtKOzP1MsC6HScmZURfUVDQCHz5vsS0nbfIVxViW-4QrgK3ZDw2ffKUnkYV0_XWdhYLXl_JbSSHuh428qLvRqCZqZTJvxjAYtDRYgRh-WY1-40CVLoi68-3QPwiNPo-sB8hzZjKvPQ7anEI5cJzqX0837mHfM_H-um9SkEc2N5ETeNoUA0yXoITUJX3cz-MEQtPY8QRDmJYvXP3azj3QSTfc_Az88cdBbwIC56CHZAfgHCDGg4UIbIm_VA https://lh3.googleusercontent.com/umsh/AN6v0v4y8IopiV2SNjP6PAPzKa3sUR2jY1KwVucmrgPaxtWu_6fNhsW5JoIWtHqNLWdLirJAfYxnLqw1uh-EVK4-ZqKo0_8iJ0-pL4kXc1ei5CpplpSxoVJerlrWxOdCSvl1tOcIPO03tIBOBPyhayDdlq_WxXNtLtxOWTJ-P-AADxukf9UHYITKzX4xPyr_g1mI9n3mi662HtA25KDieVQftUAPjXbCieeOs-dJKPscMzd5Eyj95Qpa-v4yUCNybrz73Hre6aDApWgIuB4bJOUkifik1ceqfR3ul8x9d9NFIH3CWajvmdL56Fxxm1zaGYlkRyO7Uucpvkhh7kcls9q4y7r3TAKbNDMKjcPUEGsQ-5VbMnrEykEMoX37OZ-IaRy-Kmk87J6xgJ41PkACcf-tX_HCpq7bliQvp0NicVuaUx3wVj6wL3pFSjeQxBn2GSctx7eYR7ZQKip0HaFnXTLJpEdaovT4t45KHSbH8W88LaB8ynuxCeEkgM49FbDdvi8P5IDQTpHsk0jNy2b-qkksbERm49Q7Rzh39dV93xxoyj7fPtoKC2aHPeQEoQhkXAM92m9mGVsrhRLdadpGW3f36IVN-SY3aI8Bs083S_KWda6LsrQRUTw_AjVRMktiEAPzWkGH_m3I7i00ZllzXEHh8znGjVyM_Puu0cK0lvi1aHt3neE3xZvKmi6W0Yl1LC5Bfuxc92rDxuk","400","http_error"
"world-heritage","مدينة غدامس القديمة","https://lh3.googleusercontent.com/umsh/AN6v0v6n_LIhLYCxecsmBmmv-ZlHLrObmSfHd_vyUBNmZUaOFKSk89hnytpPag_B2apOw7J5w1-yYDZKYWFo4wj_9FStyel9DxRqpkY4nmNoVrV4MHqXRSsKN9HinWl-p015UFNfUalFjJ1dJbXLiAZdG_SSvZvzwsJb54WbbEF9vy81mT78xJ4zMKrHfOI_LXG6pS6lTbKL8z0E1hlxrU06rLmlto6QGNtCUClW5jxuv41qTzZiaMmqn2BcAUL8keg8V30obrn6qVir6C8O8AIo0e7fFN3idh1K0BoZjY7z6WWSDE2lTrYDy2-mvoYRg4rz88BEQTZdlbOFZezLlLJQpMghT8nK2qZUuYD77-KLGj3zgOTvmJNjVWwWepzlG4qvwF6GSiHOWV7ctcxftJeoNOSQVNUYJ-gpI8-KC0y3uiZdsze5VAPNIaqQBb_8uHJSV3773gAcehMQ8imuULsoFO3ubwB7CQhmoNf_CAMGMkkGg4-QJTTV1oA8AAio8JeYQg3dMPZ5rbiILOIXwK2yYNCX768JYnoSHvbndZBP3BWU3U1ndfp53YE6flZYRKliitk-bePUMRbjs0GrK90st8ms_AwSj0plGqAaWgy27DB2Ac6Tm5IaSjHEKNcDjlh-2kguf2qbEFFyzkrnNbrRq7l-gofCOgiObWRIr9kdfu5P3RBZUcJA6Kep3NSAM7iRh8cAdsY3fsU","","https://lh3.googleusercontent.com/umsh/AN6v0v6n_LIhLYCxecsmBmmv-ZlHLrObmSfHd_vyUBNmZUaOFKSk89hnytpPag_B2apOw7J5w1-yYDZKYWFo4wj_9FStyel9DxRqpkY4nmNoVrV4MHqXRSsKN9HinWl-p015UFNfUalFjJ1dJbXLiAZdG_SSvZvzwsJb54WbbEF9vy81mT78xJ4zMKrHfOI_LXG6pS6lTbKL8z0E1hlxrU06rLmlto6QGNtCUClW5jxuv41qTzZiaMmqn2BcAUL8keg8V30obrn6qVir6C8O8AIo0e7fFN3idh1K0BoZjY7z6WWSDE2lTrYDy2-mvoYRg4rz88BEQTZdlbOFZezLlLJQpMghT8nK2qZUuYD77-KLGj3zgOTvmJNjVWwWepzlG4qvwF6GSiHOWV7ctcxftJeoNOSQVNUYJ-gpI8-KC0y3uiZdsze5VAPNIaqQBb_8uHJSV3773gAcehMQ8imuULsoFO3ubwB7CQhmoNf_CAMGMkkGg4-QJTTV1oA8AAio8JeYQg3dMPZ5rbiILOIXwK2yYNCX768JYnoSHvbndZBP3BWU3U1ndfp53YE6flZYRKliitk-bePUMRbjs0GrK90st8ms_AwSj0plGqAaWgy27DB2Ac6Tm5IaSjHEKNcDjlh-2kguf2qbEFFyzkrnNbrRq7l-gofCOgiObWRIr9kdfu5P3RBZUcJA6Kep3NSAM7iRh8cAdsY3fsU","403","http_error"
"world-heritage","مدينة غدامس القديمة","https://lh3.googleusercontent.com/umsh/AN6v0v43QcEA3MUm6Yi21elO6b1SkF_Wzom_s0_dXqZwbc16svRZIhGsPhv-2yTfwmIDt6y4fqyWUTlwCrenNuzcZcHQobLDExQPXz2nkmjvkQedgl_JRWmpjM1HRylhm5adHL8tft26U_LL2TQYLwbS6XCEAYc7L2MhtjpdFrtmhwzTYo-wdbCy1BYoI7LTA5nggE9sT5w79Y2KaD-7O5oXZJIFVRm6NORR_F_VHQx1931-UvAmRc9VdUeEu3Y-dhvSZzfjKA_WLuGgnMV6-QUrdf5hjjGirJQyFmigBYJKll9CBmUO9AAdUKg1fZYh2PavVrM-SL3Fb_tY1oFXs-VRZhMYVjsRGCkbqes7hPG-UGGvjBiDzyVKUT2VPAzhTshoOLeRyjLMTDQWq204wQJNfJ_JoXgW6U8QU6VrMZDjxJixUkF9XlNV4GqDegLpeVwq1NCrO6k7cSt7ceL0HH-ZtrXb5CuqQ9jz6vYfcNQ65J_qYmnOJ27O84smUyass1xbCKU-O874VJ0oMHi807STQ1QVesq4h53YqZ4EJcqRNdbq7hU3Ou_qj5Fi6rxUCXPg_t_iUXFQbUSO1UhsfHT28NhHZ2XlkmlCZCUePMtDUrRdu97zWy8EvdVco4-FMDFYniHgVOupThV2ZHk4Srv8UFrFRnvxw9sI8JxXOqg9bxpXIjame98Ol5uisrUj4En0fbnK3aZ-Fsk","","https://lh3.googleusercontent.com/umsh/AN6v0v43QcEA3MUm6Yi21elO6b1SkF_Wzom_s0_dXqZwbc16svRZIhGsPhv-2yTfwmIDt6y4fqyWUTlwCrenNuzcZcHQobLDExQPXz2nkmjvkQedgl_JRWmpjM1HRylhm5adHL8tft26U_LL2TQYLwbS6XCEAYc7L2MhtjpdFrtmhwzTYo-wdbCy1BYoI7LTA5nggE9sT5w79Y2KaD-7O5oXZJIFVRm6NORR_F_VHQx1931-UvAmRc9VdUeEu3Y-dhvSZzfjKA_WLuGgnMV6-QUrdf5hjjGirJQyFmigBYJKll9CBmUO9AAdUKg1fZYh2PavVrM-SL3Fb_tY1oFXs-VRZhMYVjsRGCkbqes7hPG-UGGvjBiDzyVKUT2VPAzhTshoOLeRyjLMTDQWq204wQJNfJ_JoXgW6U8QU6VrMZDjxJixUkF9XlNV4GqDegLpeVwq1NCrO6k7cSt7ceL0HH-ZtrXb5CuqQ9jz6vYfcNQ65J_qYmnOJ27O84smUyass1xbCKU-O874VJ0oMHi807STQ1QVesq4h53YqZ4EJcqRNdbq7hU3Ou_qj5Fi6rxUCXPg_t_iUXFQbUSO1UhsfHT28NhHZ2XlkmlCZCUePMtDUrRdu97zWy8EvdVco4-FMDFYniHgVOupThV2ZHk4Srv8UFrFRnvxw9sI8JxXOqg9bxpXIjame98Ol5uisrUj4En0fbnK3aZ-Fsk","403","http_error"
"world-heritage","مدينة غدامس القديمة","https://lh3.googleusercontent.com/umsh/AN6v0v6wP1fIbct5oZcKslkT81qqO7ZAh21V3H0WItC8GbioOoLl6wTd_mneONM5Fg8QECzlnoGtj7EtWWCbFNcLtdqZmAr0dVZCQ3wywXu8j5qhbQ-q14cVwheCjHDJ4HtojxsuMiCLIiNnT1U-vujJ18eE_WXLbg91Tmrep2WnM9qyYAcdb9k_cZypT1LgnsQJZ8Sx_z_hjHnIj3i3gCOYnvmlswBzj_530rIH16Yp3NrzY7HdaJJxcxyqWLw0qB1FgTS-WMQuwcilYZTpZKXJTSsIwmb3xaKhIs_ZHAYcZJLbkkBV4KTrR2e-T6xfnuid7kvipm6MwwiQIIZ_kA3ZGf9uaKtNmv35mIs2A9W4lgGQzktyAQXW3w5YVOYazhUfo9VtUNMCsm8gQ6CMrZiHGyH8ZPMPJotpkOoedFG__fup8xfss9TLU6jABp2RnAKlu43Mk41xCFkZu0KXwHx90S8mYg9kr9r1X3Q-aJvG8LkyyzulXShs4qick_2jU9PyXdkJf__BP70x3If9ptxULy1NsrKXvL3hiTJy0_jQGpyu-Hfmc_4HBZ1SlcZeTmJszlzbtt4O6olXu5gVaD8EL2283RC2qdWVtflPYptUPZcvKZVdyBBS51MQCclzmce8JP4LsXsUmY0Ah7otQQbXGWcEkg7qH3wZkHiOTim-iTBbRWoIxR9DcqiEaWnfAp_kMBlpFSIAS7s","","https://lh3.googleusercontent.com/umsh/AN6v0v6wP1fIbct5oZcKslkT81qqO7ZAh21V3H0WItC8GbioOoLl6wTd_mneONM5Fg8QECzlnoGtj7EtWWCbFNcLtdqZmAr0dVZCQ3wywXu8j5qhbQ-q14cVwheCjHDJ4HtojxsuMiCLIiNnT1U-vujJ18eE_WXLbg91Tmrep2WnM9qyYAcdb9k_cZypT1LgnsQJZ8Sx_z_hjHnIj3i3gCOYnvmlswBzj_530rIH16Yp3NrzY7HdaJJxcxyqWLw0qB1FgTS-WMQuwcilYZTpZKXJTSsIwmb3xaKhIs_ZHAYcZJLbkkBV4KTrR2e-T6xfnuid7kvipm6MwwiQIIZ_kA3ZGf9uaKtNmv35mIs2A9W4lgGQzktyAQXW3w5YVOYazhUfo9VtUNMCsm8gQ6CMrZiHGyH8ZPMPJotpkOoedFG__fup8xfss9TLU6jABp2RnAKlu43Mk41xCFkZu0KXwHx90S8mYg9kr9r1X3Q-aJvG8LkyyzulXShs4qick_2jU9PyXdkJf__BP70x3If9ptxULy1NsrKXvL3hiTJy0_jQGpyu-Hfmc_4HBZ1SlcZeTmJszlzbtt4O6olXu5gVaD8EL2283RC2qdWVtflPYptUPZcvKZVdyBBS51MQCclzmce8JP4LsXsUmY0Ah7otQQbXGWcEkg7qH3wZkHiOTim-iTBbRWoIxR9DcqiEaWnfAp_kMBlpFSIAS7s","403","http_error"
"world-heritage","مدينة غدامس القديمة","https://lh3.googleusercontent.com/umsh/AN6v0v5zw0WuplGQzp8FkvbXSz4x8xuXfHq8w_L_w46gxsiecoMd75zIZQzCsAo1cgSS2ekh5YwRn3r-YwFIzLSfqxLfS5LyeFziGY8ED0EQIWdFi8RL67cuRLEPtvkonU-51Jqse6dni7ZWjfB_9Ok1Bl48YDrT58uPthDgdWjstsPvu63TjQ4e8NAonk67RADha54DhctsASzyqN30MidoVZrVOGqdPy-s4DHfeHIQcag-0r8LYIXlI3pylAWt15YL4n3FiMNvnV09xezsarCG2aQTGCh1QG8Dfk_xm4oUL23-gHwoZ1Gi0YcMVOGMYlK9DU55bibA9guewUxQ59DG1Z1P-BKE9kt_3GLeE-bd03mnOf2zTaUj0lYXH8-a6oVHaGfOckEOZMrARsNBglkuvzo_wY0dMXBVvlHRluNE-SDVR6QZ1vzJzMOkieknQ7niMFe_lXXJWx2JXSsS69crTysmoaMpYiDkiAfq0Kztjsz4plwSOTajaGYlq9KpdoXTyHBpomzEZpT1G2ucORUCcfCQ-akTY4_0DIwh1kGKHA-G-05OhSTn-GsVjOtiROL9cb1H8_BQvpacEqyjvN1We33qd0HRcd9WUoW5ZDT1CO3ULAlLB0rK8ikn3LiK6mGtwa-cZVHAGaQN1feH8Eg-fnSPFnaLHgbHw8C4zD-kQydp9vYhNuPbIWuA9kugygYAobc_u_VUGw","","https://lh3.googleusercontent.com/umsh/AN6v0v5zw0WuplGQzp8FkvbXSz4x8xuXfHq8w_L_w46gxsiecoMd75zIZQzCsAo1cgSS2ekh5YwRn3r-YwFIzLSfqxLfS5LyeFziGY8ED0EQIWdFi8RL67cuRLEPtvkonU-51Jqse6dni7ZWjfB_9Ok1Bl48YDrT58uPthDgdWjstsPvu63TjQ4e8NAonk67RADha54DhctsASzyqN30MidoVZrVOGqdPy-s4DHfeHIQcag-0r8LYIXlI3pylAWt15YL4n3FiMNvnV09xezsarCG2aQTGCh1QG8Dfk_xm4oUL23-gHwoZ1Gi0YcMVOGMYlK9DU55bibA9guewUxQ59DG1Z1P-BKE9kt_3GLeE-bd03mnOf2zTaUj0lYXH8-a6oVHaGfOckEOZMrARsNBglkuvzo_wY0dMXBVvlHRluNE-SDVR6QZ1vzJzMOkieknQ7niMFe_lXXJWx2JXSsS69crTysmoaMpYiDkiAfq0Kztjsz4plwSOTajaGYlq9KpdoXTyHBpomzEZpT1G2ucORUCcfCQ-akTY4_0DIwh1kGKHA-G-05OhSTn-GsVjOtiROL9cb1H8_BQvpacEqyjvN1We33qd0HRcd9WUoW5ZDT1CO3ULAlLB0rK8ikn3LiK6mGtwa-cZVHAGaQN1feH8Eg-fnSPFnaLHgbHw8C4zD-kQydp9vYhNuPbIWuA9kugygYAobc_u_VUGw","403","http_error"
"world-heritage","مدينة غدامس القديمة","https://lh3.googleusercontent.com/umsh/AN6v0v6n_LIhLYCxecsmBmmv-ZlHLrObmSfHd_vyUBNmZUaOFKSk89hnytpPag_B2apOw7J5w1-yYDZKYWFo4wj_9FStyel9DxRqpkY4nmNoVrV4MHqXRSsKN9HinWl-p015UFNfUalFjJ1dJbXLiAZdG_SSvZvzwsJb54WbbEF9vy81mT78xJ4zMKrHfOI_LXG6pS6lTbKL8z0E1hlxrU06rLmlto6QGNtCUClW5jxuv41qTzZiaMmqn2BcAUL8keg8V30obrn6qVir6C8O8AIo0e7fFN3idh1K0BoZjY7z6WWSDE2lTrYDy2-mvoYRg4rz88BEQTZdlbOFZezLlLJQpMghT8nK2qZUuYD77-KLGj3zgOTvmJNjVWwWepzlG4qvwF6GSiHOWV7ctcxftJeoNOSQVNUYJ-gpI8-KC0y3uiZdsze5VAPNIaqQBb_8uHJSV3773gAcehMQ8imuULsoFO3ubwB7CQhmoNf_CAMGMkkGg4-QJTTV1oA8AAio8JeYQg3dMPZ5rbiILOIXwK2yYNCX768JYnoSHvbndZBP3BWU3U1ndfp53YE6flZYRKliitk-bePUMRbjs0GrK90st8ms_AwSj0plGqAaWgy27DB2Ac6Tm5IaSjHEKNcDjlh-2kguf2qbEFFyzkrnNbrRq7l-gofCOgiObWRIr9kdfu5P3RBZUcJA6Kep3NSAM7iRh8cAdsY3fsU https://lh3.googleusercontent.com/umsh/AN6v0v43QcEA3MUm6Yi21elO6b1SkF_Wzom_s0_dXqZwbc16svRZIhGsPhv-2yTfwmIDt6y4fqyWUTlwCrenNuzcZcHQobLDExQPXz2nkmjvkQedgl_JRWmpjM1HRylhm5adHL8tft26U_LL2TQYLwbS6XCEAYc7L2MhtjpdFrtmhwzTYo-wdbCy1BYoI7LTA5nggE9sT5w79Y2KaD-7O5oXZJIFVRm6NORR_F_VHQx1931-UvAmRc9VdUeEu3Y-dhvSZzfjKA_WLuGgnMV6-QUrdf5hjjGirJQyFmigBYJKll9CBmUO9AAdUKg1fZYh2PavVrM-SL3Fb_tY1oFXs-VRZhMYVjsRGCkbqes7hPG-UGGvjBiDzyVKUT2VPAzhTshoOLeRyjLMTDQWq204wQJNfJ_JoXgW6U8QU6VrMZDjxJixUkF9XlNV4GqDegLpeVwq1NCrO6k7cSt7ceL0HH-ZtrXb5CuqQ9jz6vYfcNQ65J_qYmnOJ27O84smUyass1xbCKU-O874VJ0oMHi807STQ1QVesq4h53YqZ4EJcqRNdbq7hU3Ou_qj5Fi6rxUCXPg_t_iUXFQbUSO1UhsfHT28NhHZ2XlkmlCZCUePMtDUrRdu97zWy8EvdVco4-FMDFYniHgVOupThV2ZHk4Srv8UFrFRnvxw9sI8JxXOqg9bxpXIjame98Ol5uisrUj4En0fbnK3aZ-Fsk https://lh3.googleusercontent.com/umsh/AN6v0v6wP1fIbct5oZcKslkT81qqO7ZAh21V3H0WItC8GbioOoLl6wTd_mneONM5Fg8QECzlnoGtj7EtWWCbFNcLtdqZmAr0dVZCQ3wywXu8j5qhbQ-q14cVwheCjHDJ4HtojxsuMiCLIiNnT1U-vujJ18eE_WXLbg91Tmrep2WnM9qyYAcdb9k_cZypT1LgnsQJZ8Sx_z_hjHnIj3i3gCOYnvmlswBzj_530rIH16Yp3NrzY7HdaJJxcxyqWLw0qB1FgTS-WMQuwcilYZTpZKXJTSsIwmb3xaKhIs_ZHAYcZJLbkkBV4KTrR2e-T6xfnuid7kvipm6MwwiQIIZ_kA3ZGf9uaKtNmv35mIs2A9W4lgGQzktyAQXW3w5YVOYazhUfo9VtUNMCsm8gQ6CMrZiHGyH8ZPMPJotpkOoedFG__fup8xfss9TLU6jABp2RnAKlu43Mk41xCFkZu0KXwHx90S8mYg9kr9r1X3Q-aJvG8LkyyzulXShs4qick_2jU9PyXdkJf__BP70x3If9ptxULy1NsrKXvL3hiTJy0_jQGpyu-Hfmc_4HBZ1SlcZeTmJszlzbtt4O6olXu5gVaD8EL2283RC2qdWVtflPYptUPZcvKZVdyBBS51MQCclzmce8JP4LsXsUmY0Ah7otQQbXGWcEkg7qH3wZkHiOTim-iTBbRWoIxR9DcqiEaWnfAp_kMBlpFSIAS7s https://lh3.googleusercontent.com/umsh/AN6v0v5zw0WuplGQzp8FkvbXSz4x8xuXfHq8w_L_w46gxsiecoMd75zIZQzCsAo1cgSS2ekh5YwRn3r-YwFIzLSfqxLfS5LyeFziGY8ED0EQIWdFi8RL67cuRLEPtvkonU-51Jqse6dni7ZWjfB_9Ok1Bl48YDrT58uPthDgdWjstsPvu63TjQ4e8NAonk67RADha54DhctsASzyqN30MidoVZrVOGqdPy-s4DHfeHIQcag-0r8LYIXlI3pylAWt15YL4n3FiMNvnV09xezsarCG2aQTGCh1QG8Dfk_xm4oUL23-gHwoZ1Gi0YcMVOGMYlK9DU55bibA9guewUxQ59DG1Z1P-BKE9kt_3GLeE-bd03mnOf2zTaUj0lYXH8-a6oVHaGfOckEOZMrARsNBglkuvzo_wY0dMXBVvlHRluNE-SDVR6QZ1vzJzMOkieknQ7niMFe_lXXJWx2JXSsS69crTysmoaMpYiDkiAfq0Kztjsz4plwSOTajaGYlq9KpdoXTyHBpomzEZpT1G2ucORUCcfCQ-akTY4_0DIwh1kGKHA-G-05OhSTn-GsVjOtiROL9cb1H8_BQvpacEqyjvN1We33qd0HRcd9WUoW5ZDT1CO3ULAlLB0rK8ikn3LiK6mGtwa-cZVHAGaQN1feH8Eg-fnSPFnaLHgbHw8C4zD-kQydp9vYhNuPbIWuA9kugygYAobc_u_VUGw","","https://lh3.googleusercontent.com/umsh/AN6v0v6n_LIhLYCxecsmBmmv-ZlHLrObmSfHd_vyUBNmZUaOFKSk89hnytpPag_B2apOw7J5w1-yYDZKYWFo4wj_9FStyel9DxRqpkY4nmNoVrV4MHqXRSsKN9HinWl-p015UFNfUalFjJ1dJbXLiAZdG_SSvZvzwsJb54WbbEF9vy81mT78xJ4zMKrHfOI_LXG6pS6lTbKL8z0E1hlxrU06rLmlto6QGNtCUClW5jxuv41qTzZiaMmqn2BcAUL8keg8V30obrn6qVir6C8O8AIo0e7fFN3idh1K0BoZjY7z6WWSDE2lTrYDy2-mvoYRg4rz88BEQTZdlbOFZezLlLJQpMghT8nK2qZUuYD77-KLGj3zgOTvmJNjVWwWepzlG4qvwF6GSiHOWV7ctcxftJeoNOSQVNUYJ-gpI8-KC0y3uiZdsze5VAPNIaqQBb_8uHJSV3773gAcehMQ8imuULsoFO3ubwB7CQhmoNf_CAMGMkkGg4-QJTTV1oA8AAio8JeYQg3dMPZ5rbiILOIXwK2yYNCX768JYnoSHvbndZBP3BWU3U1ndfp53YE6flZYRKliitk-bePUMRbjs0GrK90st8ms_AwSj0plGqAaWgy27DB2Ac6Tm5IaSjHEKNcDjlh-2kguf2qbEFFyzkrnNbrRq7l-gofCOgiObWRIr9kdfu5P3RBZUcJA6Kep3NSAM7iRh8cAdsY3fsU https://lh3.googleusercontent.com/umsh/AN6v0v43QcEA3MUm6Yi21elO6b1SkF_Wzom_s0_dXqZwbc16svRZIhGsPhv-2yTfwmIDt6y4fqyWUTlwCrenNuzcZcHQobLDExQPXz2nkmjvkQedgl_JRWmpjM1HRylhm5adHL8tft26U_LL2TQYLwbS6XCEAYc7L2MhtjpdFrtmhwzTYo-wdbCy1BYoI7LTA5nggE9sT5w79Y2KaD-7O5oXZJIFVRm6NORR_F_VHQx1931-UvAmRc9VdUeEu3Y-dhvSZzfjKA_WLuGgnMV6-QUrdf5hjjGirJQyFmigBYJKll9CBmUO9AAdUKg1fZYh2PavVrM-SL3Fb_tY1oFXs-VRZhMYVjsRGCkbqes7hPG-UGGvjBiDzyVKUT2VPAzhTshoOLeRyjLMTDQWq204wQJNfJ_JoXgW6U8QU6VrMZDjxJixUkF9XlNV4GqDegLpeVwq1NCrO6k7cSt7ceL0HH-ZtrXb5CuqQ9jz6vYfcNQ65J_qYmnOJ27O84smUyass1xbCKU-O874VJ0oMHi807STQ1QVesq4h53YqZ4EJcqRNdbq7hU3Ou_qj5Fi6rxUCXPg_t_iUXFQbUSO1UhsfHT28NhHZ2XlkmlCZCUePMtDUrRdu97zWy8EvdVco4-FMDFYniHgVOupThV2ZHk4Srv8UFrFRnvxw9sI8JxXOqg9bxpXIjame98Ol5uisrUj4En0fbnK3aZ-Fsk https://lh3.googleusercontent.com/umsh/AN6v0v6wP1fIbct5oZcKslkT81qqO7ZAh21V3H0WItC8GbioOoLl6wTd_mneONM5Fg8QECzlnoGtj7EtWWCbFNcLtdqZmAr0dVZCQ3wywXu8j5qhbQ-q14cVwheCjHDJ4HtojxsuMiCLIiNnT1U-vujJ18eE_WXLbg91Tmrep2WnM9qyYAcdb9k_cZypT1LgnsQJZ8Sx_z_hjHnIj3i3gCOYnvmlswBzj_530rIH16Yp3NrzY7HdaJJxcxyqWLw0qB1FgTS-WMQuwcilYZTpZKXJTSsIwmb3xaKhIs_ZHAYcZJLbkkBV4KTrR2e-T6xfnuid7kvipm6MwwiQIIZ_kA3ZGf9uaKtNmv35mIs2A9W4lgGQzktyAQXW3w5YVOYazhUfo9VtUNMCsm8gQ6CMrZiHGyH8ZPMPJotpkOoedFG__fup8xfss9TLU6jABp2RnAKlu43Mk41xCFkZu0KXwHx90S8mYg9kr9r1X3Q-aJvG8LkyyzulXShs4qick_2jU9PyXdkJf__BP70x3If9ptxULy1NsrKXvL3hiTJy0_jQGpyu-Hfmc_4HBZ1SlcZeTmJszlzbtt4O6olXu5gVaD8EL2283RC2qdWVtflPYptUPZcvKZVdyBBS51MQCclzmce8JP4LsXsUmY0Ah7otQQbXGWcEkg7qH3wZkHiOTim-iTBbRWoIxR9DcqiEaWnfAp_kMBlpFSIAS7s https://lh3.googleusercontent.com/umsh/AN6v0v5zw0WuplGQzp8FkvbXSz4x8xuXfHq8w_L_w46gxsiecoMd75zIZQzCsAo1cgSS2ekh5YwRn3r-YwFIzLSfqxLfS5LyeFziGY8ED0EQIWdFi8RL67cuRLEPtvkonU-51Jqse6dni7ZWjfB_9Ok1Bl48YDrT58uPthDgdWjstsPvu63TjQ4e8NAonk67RADha54DhctsASzyqN30MidoVZrVOGqdPy-s4DHfeHIQcag-0r8LYIXlI3pylAWt15YL4n3FiMNvnV09xezsarCG2aQTGCh1QG8Dfk_xm4oUL23-gHwoZ1Gi0YcMVOGMYlK9DU55bibA9guewUxQ59DG1Z1P-BKE9kt_3GLeE-bd03mnOf2zTaUj0lYXH8-a6oVHaGfOckEOZMrARsNBglkuvzo_wY0dMXBVvlHRluNE-SDVR6QZ1vzJzMOkieknQ7niMFe_lXXJWx2JXSsS69crTysmoaMpYiDkiAfq0Kztjsz4plwSOTajaGYlq9KpdoXTyHBpomzEZpT1G2ucORUCcfCQ-akTY4_0DIwh1kGKHA-G-05OhSTn-GsVjOtiROL9cb1H8_BQvpacEqyjvN1We33qd0HRcd9WUoW5ZDT1CO3ULAlLB0rK8ikn3LiK6mGtwa-cZVHAGaQN1feH8Eg-fnSPFnaLHgbHw8C4zD-kQydp9vYhNuPbIWuA9kugygYAobc_u_VUGw","400","http_error"
"world-heritage","بحيرة عين الذبان","https://mymaps.usercontent.google.com/hostedimage/m/*/3AE5a_GzAtwX8bAbFgtEu9XRxUVckUvSoTXca2Arj06vMxJQ5T__b15OnnJRzt8MT2yVP0p8-2XgaeuEdx69n11GPRhiAGVbI050jM0cMTD9UDDPeTvDEnkfj7OYy9EdPho8RxfbPGESdv_kt13HFpDtN9trP-d98xFZnNRvZ8uJXpmvoKlkRL525ycjb5ytV94xqGdrYsuZPx7eZ3_3OVvfaR7jeizZdRRFpxflSMvY_Do8OYPdYyUtqjuasuoY?authuser=1&fife=s16383 https://mymaps.usercontent.google.com/hostedimage/m/*/3AE5a_GwGxgYXcuKFLVSv3Pe3pI8tN-_QjO_rJc8z7X8VHkOxPbtqOsh9D5Ux1EnOnpeF7rNA_SnmbKEnOyrw8jf3VDAFAyxsrV67TaKHVWGrm_VZ9DgM0MTkCjJ_j9DFBQNprNrG4TrTWv8S6hhewndm8oPPfpStDACCwKYaWw4Xy62260at2Bul5OsBHKXVisvSOt39RSsxpVtpxJ-d1U0rdJWtotvnVo25hq_ZJ70YFRXV5L13hH1-vsi8Bqk?authuser=1&fife=s16383","","https://mymaps.usercontent.google.com/hostedimage/m/*/3AE5a_GzAtwX8bAbFgtEu9XRxUVckUvSoTXca2Arj06vMxJQ5T__b15OnnJRzt8MT2yVP0p8-2XgaeuEdx69n11GPRhiAGVbI050jM0cMTD9UDDPeTvDEnkfj7OYy9EdPho8RxfbPGESdv_kt13HFpDtN9trP-d98xFZnNRvZ8uJXpmvoKlkRL525ycjb5ytV94xqGdrYsuZPx7eZ3_3OVvfaR7jeizZdRRFpxflSMvY_Do8OYPdYyUtqjuasuoY?authuser=1&fife=s16383 https://mymaps.usercontent.google.com/hostedimage/m/*/3AE5a_GwGxgYXcuKFLVSv3Pe3pI8tN-_QjO_rJc8z7X8VHkOxPbtqOsh9D5Ux1EnOnpeF7rNA_SnmbKEnOyrw8jf3VDAFAyxsrV67TaKHVWGrm_VZ9DgM0MTkCjJ_j9DFBQNprNrG4TrTWv8S6hhewndm8oPPfpStDACCwKYaWw4Xy62260at2Bul5OsBHKXVisvSOt39RSsxpVtpxJ-d1U0rdJWtotvnVo25hq_ZJ70YFRXV5L13hH1-vsi8Bqk?authuser=1&fife=s16383","400","http_error"
"resorts","قرية إدوس السياحية","https://lh3.googleusercontent.com/umsh/AN6v0v7WRqjMMDrJU5FwQlWujkfk7F1CLLT3_H9jfJ2ucSExwIxRHXUxJG0X3QAGeRr28VooSQ96RYqmy73vyMjHeriXJ7er7NFRr1Lmge8hGhAlv8TQrLGx5sf6nwB-zEZanYbMGlIaaJkXvBX4cDylZY-sOlXDSK-uFtf6knyyo3I1NSlndyWXeRRR2_63CfK6IGCmh5bRFIncxMGBi3AfpneWfQpkeyiI0deXj-sJ2dkbDT46bKgz4JXs5fcZ8CvWp6NirwVhTvGOSzyHAc4NJXtv4LOGBtZvrC6SVrAU4oOQW-r-kHayJ1hfNpbJAnTCQwL-Y6FUYdoNeUK470SzpnuEwvh2uLVBWSM6VF4Dt-VmUgwKBftPbLcpRGaqqi3pZ5veVfXKyDe_mrrSY1nojPGYeQmy9omQp_2wdKd9oMwQz9aGtEgEMCmpbCRUpNWPEYJKiPUXHSgqXOVPvYbY1Wqvt-1U1ZLAZqwL8Vssmsx5ZB6IunWu5guKmJ7dUQ0zUB08gfbEUUmmMbenL9a31suLPRgFdPpqzPIBHPMbpP3VSNugFNa_9EJUq6mEONSj4sys0fGKlwVWadvb0Oc8DDcbtK5C5_2DcguXP_09haO59mDxPFfa7mgbXVdBjglFTDGNSlogBnHd7WTDYKaLZhyelUw8XRK4IlHr8O5YWG1zAZdOKm_-tqWmUBlFXhmMd5LqXYMytGvMZDvRU5rVSg7w5BpuOA","","https://lh3.googleusercontent.com/umsh/AN6v0v7WRqjMMDrJU5FwQlWujkfk7F1CLLT3_H9jfJ2ucSExwIxRHXUxJG0X3QAGeRr28VooSQ96RYqmy73vyMjHeriXJ7er7NFRr1Lmge8hGhAlv8TQrLGx5sf6nwB-zEZanYbMGlIaaJkXvBX4cDylZY-sOlXDSK-uFtf6knyyo3I1NSlndyWXeRRR2_63CfK6IGCmh5bRFIncxMGBi3AfpneWfQpkeyiI0deXj-sJ2dkbDT46bKgz4JXs5fcZ8CvWp6NirwVhTvGOSzyHAc4NJXtv4LOGBtZvrC6SVrAU4oOQW-r-kHayJ1hfNpbJAnTCQwL-Y6FUYdoNeUK470SzpnuEwvh2uLVBWSM6VF4Dt-VmUgwKBftPbLcpRGaqqi3pZ5veVfXKyDe_mrrSY1nojPGYeQmy9omQp_2wdKd9oMwQz9aGtEgEMCmpbCRUpNWPEYJKiPUXHSgqXOVPvYbY1Wqvt-1U1ZLAZqwL8Vssmsx5ZB6IunWu5guKmJ7dUQ0zUB08gfbEUUmmMbenL9a31suLPRgFdPpqzPIBHPMbpP3VSNugFNa_9EJUq6mEONSj4sys0fGKlwVWadvb0Oc8DDcbtK5C5_2DcguXP_09haO59mDxPFfa7mgbXVdBjglFTDGNSlogBnHd7WTDYKaLZhyelUw8XRK4IlHr8O5YWG1zAZdOKm_-tqWmUBlFXhmMd5LqXYMytGvMZDvRU5rVSg7w5BpuOA","403","http_error"
"resorts","قرية إدوس السياحية","https://lh3.googleusercontent.com/umsh/AN6v0v5NcSwf1zWBmxCKSiXShn2UhoQXffUsrg_cB4nQ8Bbt-FoL_NEbkZas7X69J1pqrl7mLm7fQ63tsdCy3t9NdW3p8KYNmgrPK8V1EsGP71Z933srU-gQqNdcC8dBFsO-bdZmeo4wunQ1apERE54WR3tlVlQeZOPzKhm22aaYfG9MeaNoVjaCEL0u6BwNfZ-5L8AB4sXJqV8A1cfiPWdx4OUvjnDWbeVuUfD9MuNderFhYvOEWPH866Xpr9kfWD2AyXXQAv3B10TnjnkbCm2M8JDB1NAO05h_PEIeIUxikd2HPZjBHO_91rj4sPt-2-mX7Szpgker6yMO_MuHViS3nxiWuxT8WF3rP6Dwi3_fZuObnJEHc3VmJ4XDF5DFqjyyxJwJqCC9x_J2wDKobcvilx4J8hd8qkLAMMJt0ABqkpXU1V7c48iAmA9F1O-PmgQUjqiEi2YZs14-XUQB0Oj497MVUNooMl-2VIJnVfiQM9lG1j_p1FExrXyLO9tvBx700za1fpN0wr5XkCGrwt0xhUynTDclJyeCoIdCdHCKxIkw6srytOWnuj399wYrqOBDSSArzeKMTVO1dvb9Wax_F6WSTSCr6XWl6OPSZMRpmhXSu_BvZNrJgk38Xv0vvoE0SWmJxNLWGnCFxywrMzZpFTcje-6ArzNOxkrFfH1dFDirOz34VGgXRUUmuFKOA6Z9fJrItCQulLAdPeEhqsEH_dRcc8xy4w","","https://lh3.googleusercontent.com/umsh/AN6v0v5NcSwf1zWBmxCKSiXShn2UhoQXffUsrg_cB4nQ8Bbt-FoL_NEbkZas7X69J1pqrl7mLm7fQ63tsdCy3t9NdW3p8KYNmgrPK8V1EsGP71Z933srU-gQqNdcC8dBFsO-bdZmeo4wunQ1apERE54WR3tlVlQeZOPzKhm22aaYfG9MeaNoVjaCEL0u6BwNfZ-5L8AB4sXJqV8A1cfiPWdx4OUvjnDWbeVuUfD9MuNderFhYvOEWPH866Xpr9kfWD2AyXXQAv3B10TnjnkbCm2M8JDB1NAO05h_PEIeIUxikd2HPZjBHO_91rj4sPt-2-mX7Szpgker6yMO_MuHViS3nxiWuxT8WF3rP6Dwi3_fZuObnJEHc3VmJ4XDF5DFqjyyxJwJqCC9x_J2wDKobcvilx4J8hd8qkLAMMJt0ABqkpXU1V7c48iAmA9F1O-PmgQUjqiEi2YZs14-XUQB0Oj497MVUNooMl-2VIJnVfiQM9lG1j_p1FExrXyLO9tvBx700za1fpN0wr5XkCGrwt0xhUynTDclJyeCoIdCdHCKxIkw6srytOWnuj399wYrqOBDSSArzeKMTVO1dvb9Wax_F6WSTSCr6XWl6OPSZMRpmhXSu_BvZNrJgk38Xv0vvoE0SWmJxNLWGnCFxywrMzZpFTcje-6ArzNOxkrFfH1dFDirOz34VGgXRUUmuFKOA6Z9fJrItCQulLAdPeEhqsEH_dRcc8xy4w","403","http_error"
"resorts","قرية إدوس السياحية","https://lh3.googleusercontent.com/umsh/AN6v0v6Lyo6IX8Vc1efgLxhXzujck8mbzv6I-PglFpHMHO9_qiX4aH62rOHj8XwKxTvZVzn8fgvqBBccV1VxOclsan-0pGFK3O6j-zV9PcZ5KEFJs-rR5RseyEsrj3Ijdbr2yOwpjiXJYdiDWYcZk0G06R64zklAooU4bFCj-k6-bYwt8Ze32C45x9PqusTcXaP9ZgzshcvnbtzmyOM_XckwoVUY9hkJmnYqgwAvsbpK_xOkzoLZBkLQ2sULIWL-1MeQ7y_G1kkG_APyOO7IHDJKt2YvaDwmg33gKKdwXjri0jtCvsfxaCzKnovBR2WQIw30Z4I8z21_UwHBwhyESf1ghSvYG8VNAce8L0DB8eTOk3EC7ul4CQhyCces9Wop7VWYDLgl8skMqyF8sXrvvES5rtH9Ow5-s9mCpvGjnhTgEjV_YYWREYcXkxqdTWXmFU3Iys9BhhUwQVrA66ZvpPdt0Qe2pz4_L4LqCh66v6CSLDLC5QTP7xKTq5tK8siN0fauGEzsRz-4fVdIrRjAnUAHAjNqXMybyjLB0cmNLc57Vax5ujvHzl4Tp0UDsZJ4xeKFyG1IRikYIXp1tZjrXCasTIMe2lp-tXiBOILbKJ1rSN4And_x5dLHlB490KXfCYAaLtn6QEBTnDxAHxQIOPmLYH3f_pkjrEKuV--gpyi9EKNR7Z4B8nYiAi7FMhfIAsK5DCVyt4Si3Ay8enrABU-u82qaBBEPbw","","https://lh3.googleusercontent.com/umsh/AN6v0v6Lyo6IX8Vc1efgLxhXzujck8mbzv6I-PglFpHMHO9_qiX4aH62rOHj8XwKxTvZVzn8fgvqBBccV1VxOclsan-0pGFK3O6j-zV9PcZ5KEFJs-rR5RseyEsrj3Ijdbr2yOwpjiXJYdiDWYcZk0G06R64zklAooU4bFCj-k6-bYwt8Ze32C45x9PqusTcXaP9ZgzshcvnbtzmyOM_XckwoVUY9hkJmnYqgwAvsbpK_xOkzoLZBkLQ2sULIWL-1MeQ7y_G1kkG_APyOO7IHDJKt2YvaDwmg33gKKdwXjri0jtCvsfxaCzKnovBR2WQIw30Z4I8z21_UwHBwhyESf1ghSvYG8VNAce8L0DB8eTOk3EC7ul4CQhyCces9Wop7VWYDLgl8skMqyF8sXrvvES5rtH9Ow5-s9mCpvGjnhTgEjV_YYWREYcXkxqdTWXmFU3Iys9BhhUwQVrA66ZvpPdt0Qe2pz4_L4LqCh66v6CSLDLC5QTP7xKTq5tK8siN0fauGEzsRz-4fVdIrRjAnUAHAjNqXMybyjLB0cmNLc57Vax5ujvHzl4Tp0UDsZJ4xeKFyG1IRikYIXp1tZjrXCasTIMe2lp-tXiBOILbKJ1rSN4And_x5dLHlB490KXfCYAaLtn6QEBTnDxAHxQIOPmLYH3f_pkjrEKuV--gpyi9EKNR7Z4B8nYiAi7FMhfIAsK5DCVyt4Si3Ay8enrABU-u82qaBBEPbw","403","http_error"
"resorts","قرية إدوس السياحية","https://lh3.googleusercontent.com/umsh/AN6v0v7WRqjMMDrJU5FwQlWujkfk7F1CLLT3_H9jfJ2ucSExwIxRHXUxJG0X3QAGeRr28VooSQ96RYqmy73vyMjHeriXJ7er7NFRr1Lmge8hGhAlv8TQrLGx5sf6nwB-zEZanYbMGlIaaJkXvBX4cDylZY-sOlXDSK-uFtf6knyyo3I1NSlndyWXeRRR2_63CfK6IGCmh5bRFIncxMGBi3AfpneWfQpkeyiI0deXj-sJ2dkbDT46bKgz4JXs5fcZ8CvWp6NirwVhTvGOSzyHAc4NJXtv4LOGBtZvrC6SVrAU4oOQW-r-kHayJ1hfNpbJAnTCQwL-Y6FUYdoNeUK470SzpnuEwvh2uLVBWSM6VF4Dt-VmUgwKBftPbLcpRGaqqi3pZ5veVfXKyDe_mrrSY1nojPGYeQmy9omQp_2wdKd9oMwQz9aGtEgEMCmpbCRUpNWPEYJKiPUXHSgqXOVPvYbY1Wqvt-1U1ZLAZqwL8Vssmsx5ZB6IunWu5guKmJ7dUQ0zUB08gfbEUUmmMbenL9a31suLPRgFdPpqzPIBHPMbpP3VSNugFNa_9EJUq6mEONSj4sys0fGKlwVWadvb0Oc8DDcbtK5C5_2DcguXP_09haO59mDxPFfa7mgbXVdBjglFTDGNSlogBnHd7WTDYKaLZhyelUw8XRK4IlHr8O5YWG1zAZdOKm_-tqWmUBlFXhmMd5LqXYMytGvMZDvRU5rVSg7w5BpuOA https://lh3.googleusercontent.com/umsh/AN6v0v5NcSwf1zWBmxCKSiXShn2UhoQXffUsrg_cB4nQ8Bbt-FoL_NEbkZas7X69J1pqrl7mLm7fQ63tsdCy3t9NdW3p8KYNmgrPK8V1EsGP71Z933srU-gQqNdcC8dBFsO-bdZmeo4wunQ1apERE54WR3tlVlQeZOPzKhm22aaYfG9MeaNoVjaCEL0u6BwNfZ-5L8AB4sXJqV8A1cfiPWdx4OUvjnDWbeVuUfD9MuNderFhYvOEWPH866Xpr9kfWD2AyXXQAv3B10TnjnkbCm2M8JDB1NAO05h_PEIeIUxikd2HPZjBHO_91rj4sPt-2-mX7Szpgker6yMO_MuHViS3nxiWuxT8WF3rP6Dwi3_fZuObnJEHc3VmJ4XDF5DFqjyyxJwJqCC9x_J2wDKobcvilx4J8hd8qkLAMMJt0ABqkpXU1V7c48iAmA9F1O-PmgQUjqiEi2YZs14-XUQB0Oj497MVUNooMl-2VIJnVfiQM9lG1j_p1FExrXyLO9tvBx700za1fpN0wr5XkCGrwt0xhUynTDclJyeCoIdCdHCKxIkw6srytOWnuj399wYrqOBDSSArzeKMTVO1dvb9Wax_F6WSTSCr6XWl6OPSZMRpmhXSu_BvZNrJgk38Xv0vvoE0SWmJxNLWGnCFxywrMzZpFTcje-6ArzNOxkrFfH1dFDirOz34VGgXRUUmuFKOA6Z9fJrItCQulLAdPeEhqsEH_dRcc8xy4w https://lh3.googleusercontent.com/umsh/AN6v0v6Lyo6IX8Vc1efgLxhXzujck8mbzv6I-PglFpHMHO9_qiX4aH62rOHj8XwKxTvZVzn8fgvqBBccV1VxOclsan-0pGFK3O6j-zV9PcZ5KEFJs-rR5RseyEsrj3Ijdbr2yOwpjiXJYdiDWYcZk0G06R64zklAooU4bFCj-k6-bYwt8Ze32C45x9PqusTcXaP9ZgzshcvnbtzmyOM_XckwoVUY9hkJmnYqgwAvsbpK_xOkzoLZBkLQ2sULIWL-1MeQ7y_G1kkG_APyOO7IHDJKt2YvaDwmg33gKKdwXjri0jtCvsfxaCzKnovBR2WQIw30Z4I8z21_UwHBwhyESf1ghSvYG8VNAce8L0DB8eTOk3EC7ul4CQhyCces9Wop7VWYDLgl8skMqyF8sXrvvES5rtH9Ow5-s9mCpvGjnhTgEjV_YYWREYcXkxqdTWXmFU3Iys9BhhUwQVrA66ZvpPdt0Qe2pz4_L4LqCh66v6CSLDLC5QTP7xKTq5tK8siN0fauGEzsRz-4fVdIrRjAnUAHAjNqXMybyjLB0cmNLc57Vax5ujvHzl4Tp0UDsZJ4xeKFyG1IRikYIXp1tZjrXCasTIMe2lp-tXiBOILbKJ1rSN4And_x5dLHlB490KXfCYAaLtn6QEBTnDxAHxQIOPmLYH3f_pkjrEKuV--gpyi9EKNR7Z4B8nYiAi7FMhfIAsK5DCVyt4Si3Ay8enrABU-u82qaBBEPbw","","https://lh3.googleusercontent.com/umsh/AN6v0v7WRqjMMDrJU5FwQlWujkfk7F1CLLT3_H9jfJ2ucSExwIxRHXUxJG0X3QAGeRr28VooSQ96RYqmy73vyMjHeriXJ7er7NFRr1Lmge8hGhAlv8TQrLGx5sf6nwB-zEZanYbMGlIaaJkXvBX4cDylZY-sOlXDSK-uFtf6knyyo3I1NSlndyWXeRRR2_63CfK6IGCmh5bRFIncxMGBi3AfpneWfQpkeyiI0deXj-sJ2dkbDT46bKgz4JXs5fcZ8CvWp6NirwVhTvGOSzyHAc4NJXtv4LOGBtZvrC6SVrAU4oOQW-r-kHayJ1hfNpbJAnTCQwL-Y6FUYdoNeUK470SzpnuEwvh2uLVBWSM6VF4Dt-VmUgwKBftPbLcpRGaqqi3pZ5veVfXKyDe_mrrSY1nojPGYeQmy9omQp_2wdKd9oMwQz9aGtEgEMCmpbCRUpNWPEYJKiPUXHSgqXOVPvYbY1Wqvt-1U1ZLAZqwL8Vssmsx5ZB6IunWu5guKmJ7dUQ0zUB08gfbEUUmmMbenL9a31suLPRgFdPpqzPIBHPMbpP3VSNugFNa_9EJUq6mEONSj4sys0fGKlwVWadvb0Oc8DDcbtK5C5_2DcguXP_09haO59mDxPFfa7mgbXVdBjglFTDGNSlogBnHd7WTDYKaLZhyelUw8XRK4IlHr8O5YWG1zAZdOKm_-tqWmUBlFXhmMd5LqXYMytGvMZDvRU5rVSg7w5BpuOA https://lh3.googleusercontent.com/umsh/AN6v0v5NcSwf1zWBmxCKSiXShn2UhoQXffUsrg_cB4nQ8Bbt-FoL_NEbkZas7X69J1pqrl7mLm7fQ63tsdCy3t9NdW3p8KYNmgrPK8V1EsGP71Z933srU-gQqNdcC8dBFsO-bdZmeo4wunQ1apERE54WR3tlVlQeZOPzKhm22aaYfG9MeaNoVjaCEL0u6BwNfZ-5L8AB4sXJqV8A1cfiPWdx4OUvjnDWbeVuUfD9MuNderFhYvOEWPH866Xpr9kfWD2AyXXQAv3B10TnjnkbCm2M8JDB1NAO05h_PEIeIUxikd2HPZjBHO_91rj4sPt-2-mX7Szpgker6yMO_MuHViS3nxiWuxT8WF3rP6Dwi3_fZuObnJEHc3VmJ4XDF5DFqjyyxJwJqCC9x_J2wDKobcvilx4J8hd8qkLAMMJt0ABqkpXU1V7c48iAmA9F1O-PmgQUjqiEi2YZs14-XUQB0Oj497MVUNooMl-2VIJnVfiQM9lG1j_p1FExrXyLO9tvBx700za1fpN0wr5XkCGrwt0xhUynTDclJyeCoIdCdHCKxIkw6srytOWnuj399wYrqOBDSSArzeKMTVO1dvb9Wax_F6WSTSCr6XWl6OPSZMRpmhXSu_BvZNrJgk38Xv0vvoE0SWmJxNLWGnCFxywrMzZpFTcje-6ArzNOxkrFfH1dFDirOz34VGgXRUUmuFKOA6Z9fJrItCQulLAdPeEhqsEH_dRcc8xy4w https://lh3.googleusercontent.com/umsh/AN6v0v6Lyo6IX8Vc1efgLxhXzujck8mbzv6I-PglFpHMHO9_qiX4aH62rOHj8XwKxTvZVzn8fgvqBBccV1VxOclsan-0pGFK3O6j-zV9PcZ5KEFJs-rR5RseyEsrj3Ijdbr2yOwpjiXJYdiDWYcZk0G06R64zklAooU4bFCj-k6-bYwt8Ze32C45x9PqusTcXaP9ZgzshcvnbtzmyOM_XckwoVUY9hkJmnYqgwAvsbpK_xOkzoLZBkLQ2sULIWL-1MeQ7y_G1kkG_APyOO7IHDJKt2YvaDwmg33gKKdwXjri0jtCvsfxaCzKnovBR2WQIw30Z4I8z21_UwHBwhyESf1ghSvYG8VNAce8L0DB8eTOk3EC7ul4CQhyCces9Wop7VWYDLgl8skMqyF8sXrvvES5rtH9Ow5-s9mCpvGjnhTgEjV_YYWREYcXkxqdTWXmFU3Iys9BhhUwQVrA66ZvpPdt0Qe2pz4_L4LqCh66v6CSLDLC5QTP7xKTq5tK8siN0fauGEzsRz-4fVdIrRjAnUAHAjNqXMybyjLB0cmNLc57Vax5ujvHzl4Tp0UDsZJ4xeKFyG1IRikYIXp1tZjrXCasTIMe2lp-tXiBOILbKJ1rSN4And_x5dLHlB490KXfCYAaLtn6QEBTnDxAHxQIOPmLYH3f_pkjrEKuV--gpyi9EKNR7Z4B8nYiAi7FMhfIAsK5DCVyt4Si3Ay8enrABU-u82qaBBEPbw","400","http_error"
"resorts","قرية مرمرة السياحية","https://lh3.googleusercontent.com/umsh/AN6v0v6TfaWvy9pnTnkDBT4fIIvg04e_l28JLrPyBiI6o0dam4eBAX4iKvN0NuecGyERzgiL_9DlmEBJSOwR7yGNETny6l5KGNpTdhHsIXRQpyGxkzzlMccuzrYIgD5OlfuPlrx6HYAQT2ezcQyvqiNkTtvIm6RjflPa5BmkcveFGjd15lI5bcCYQo5qErC8czL3GjjD3jXJgFDY0VGOADzDIwGVo3wnZGo1kemU6ZoO2J6wk20yxivjIKSHulN1Rf72y5DjW3a4M9Bowq7WT23bqYxH5CEczdxrs0A0o2daNf71vqlWWMg2tWy52y-f_N3cDX7hRPtCcl3EtdAExiRWfHcgXA_vvW5OFMzacBujOKHcbLReQW7DNDZg_um4stC2mTBO2yz1CFm-p5fiBn80B42C_CCb0a8F0iCpLTaMb5djunSuSc4cG5J3A0KNBumK0JysvFXFeWFyQlPtEZsgywHMAAVWibsu8voK0opdS0L__LASGx9F6f19rUD7z9YTcUsYlvVzljCJLSTZlOEpgegR844KiArMPHA7VYmPfJssbB--8BljZXwjqQDwQnkPVFVm3Qkhx1kcsj132qxv0FM6ESmdBZgTBjdFSqS9MTZzqDbmZxFqpblgXhYT7nJ1_l2oDhyeYirmXFYtbvcivjjNQEnxtWpx3LhM7938bx37kjguFZG07yzD0crjDRxXo32QrBaVoi3g34BcLjCrGLB07sS_qA","","https://lh3.googleusercontent.com/umsh/AN6v0v6TfaWvy9pnTnkDBT4fIIvg04e_l28JLrPyBiI6o0dam4eBAX4iKvN0NuecGyERzgiL_9DlmEBJSOwR7yGNETny6l5KGNpTdhHsIXRQpyGxkzzlMccuzrYIgD5OlfuPlrx6HYAQT2ezcQyvqiNkTtvIm6RjflPa5BmkcveFGjd15lI5bcCYQo5qErC8czL3GjjD3jXJgFDY0VGOADzDIwGVo3wnZGo1kemU6ZoO2J6wk20yxivjIKSHulN1Rf72y5DjW3a4M9Bowq7WT23bqYxH5CEczdxrs0A0o2daNf71vqlWWMg2tWy52y-f_N3cDX7hRPtCcl3EtdAExiRWfHcgXA_vvW5OFMzacBujOKHcbLReQW7DNDZg_um4stC2mTBO2yz1CFm-p5fiBn80B42C_CCb0a8F0iCpLTaMb5djunSuSc4cG5J3A0KNBumK0JysvFXFeWFyQlPtEZsgywHMAAVWibsu8voK0opdS0L__LASGx9F6f19rUD7z9YTcUsYlvVzljCJLSTZlOEpgegR844KiArMPHA7VYmPfJssbB--8BljZXwjqQDwQnkPVFVm3Qkhx1kcsj132qxv0FM6ESmdBZgTBjdFSqS9MTZzqDbmZxFqpblgXhYT7nJ1_l2oDhyeYirmXFYtbvcivjjNQEnxtWpx3LhM7938bx37kjguFZG07yzD0crjDRxXo32QrBaVoi3g34BcLjCrGLB07sS_qA","403","http_error"
"resorts","قرية مرمرة السياحية","https://lh3.googleusercontent.com/umsh/AN6v0v6TfaWvy9pnTnkDBT4fIIvg04e_l28JLrPyBiI6o0dam4eBAX4iKvN0NuecGyERzgiL_9DlmEBJSOwR7yGNETny6l5KGNpTdhHsIXRQpyGxkzzlMccuzrYIgD5OlfuPlrx6HYAQT2ezcQyvqiNkTtvIm6RjflPa5BmkcveFGjd15lI5bcCYQo5qErC8czL3GjjD3jXJgFDY0VGOADzDIwGVo3wnZGo1kemU6ZoO2J6wk20yxivjIKSHulN1Rf72y5DjW3a4M9Bowq7WT23bqYxH5CEczdxrs0A0o2daNf71vqlWWMg2tWy52y-f_N3cDX7hRPtCcl3EtdAExiRWfHcgXA_vvW5OFMzacBujOKHcbLReQW7DNDZg_um4stC2mTBO2yz1CFm-p5fiBn80B42C_CCb0a8F0iCpLTaMb5djunSuSc4cG5J3A0KNBumK0JysvFXFeWFyQlPtEZsgywHMAAVWibsu8voK0opdS0L__LASGx9F6f19rUD7z9YTcUsYlvVzljCJLSTZlOEpgegR844KiArMPHA7VYmPfJssbB--8BljZXwjqQDwQnkPVFVm3Qkhx1kcsj132qxv0FM6ESmdBZgTBjdFSqS9MTZzqDbmZxFqpblgXhYT7nJ1_l2oDhyeYirmXFYtbvcivjjNQEnxtWpx3LhM7938bx37kjguFZG07yzD0crjDRxXo32QrBaVoi3g34BcLjCrGLB07sS_qA https://mymaps.usercontent.google.com/hostedimage/m/*/3AE5a_Gz0a28TPv5ykbeYV77YDPYvDuE18U-L8gylmgGrA8PVUuqanTIMFuIUml738jRyWVINj9GX5ZIWJIuftaoqQvgTL-Uq0ZFVKYim95JqwGc6QzurBIvsrwrCZ1zwrvd-HTdB4UuVzQo23-iIB-qfZTBlE4xPnEkOI2Bs7kgy0Qhdk9ceG9lWQmwuSPGpxhPPvkjBvGslASh71fnLecsLlGwgcQItJr_wV3e1UXBbJ8Bbr0oXu14EHggPzwY?authuser=1&fife=s16383 https://mymaps.usercontent.google.com/hostedimage/m/*/3AE5a_Gzb0rOXV_lCSJkkJFO7Ehbo9OeUZeVN_fk4opK3cgoXcnAu8L1q7WtxGTLsz9VIpv2XEUjCK4d_KPDjYJ-EY8TfpSH_AaXFTxCQ8kM8QKbJt5KorFmlShR0SWBXBZPgBZWmq6udYOqApKEZPUTx7hDPXvKcPYcUl5bHasBS0I0nwRlV4izwhzGGmTBpfK9RNkMrzO_hvzofC3yAAYve9Jc1BXUYc92kyqdbbeGpPCb0Pi7F4L1FwfFsgWI?authuser=1&fife=s16383","","https://lh3.googleusercontent.com/umsh/AN6v0v6TfaWvy9pnTnkDBT4fIIvg04e_l28JLrPyBiI6o0dam4eBAX4iKvN0NuecGyERzgiL_9DlmEBJSOwR7yGNETny6l5KGNpTdhHsIXRQpyGxkzzlMccuzrYIgD5OlfuPlrx6HYAQT2ezcQyvqiNkTtvIm6RjflPa5BmkcveFGjd15lI5bcCYQo5qErC8czL3GjjD3jXJgFDY0VGOADzDIwGVo3wnZGo1kemU6ZoO2J6wk20yxivjIKSHulN1Rf72y5DjW3a4M9Bowq7WT23bqYxH5CEczdxrs0A0o2daNf71vqlWWMg2tWy52y-f_N3cDX7hRPtCcl3EtdAExiRWfHcgXA_vvW5OFMzacBujOKHcbLReQW7DNDZg_um4stC2mTBO2yz1CFm-p5fiBn80B42C_CCb0a8F0iCpLTaMb5djunSuSc4cG5J3A0KNBumK0JysvFXFeWFyQlPtEZsgywHMAAVWibsu8voK0opdS0L__LASGx9F6f19rUD7z9YTcUsYlvVzljCJLSTZlOEpgegR844KiArMPHA7VYmPfJssbB--8BljZXwjqQDwQnkPVFVm3Qkhx1kcsj132qxv0FM6ESmdBZgTBjdFSqS9MTZzqDbmZxFqpblgXhYT7nJ1_l2oDhyeYirmXFYtbvcivjjNQEnxtWpx3LhM7938bx37kjguFZG07yzD0crjDRxXo32QrBaVoi3g34BcLjCrGLB07sS_qA https://mymaps.usercontent.google.com/hostedimage/m/*/3AE5a_Gz0a28TPv5ykbeYV77YDPYvDuE18U-L8gylmgGrA8PVUuqanTIMFuIUml738jRyWVINj9GX5ZIWJIuftaoqQvgTL-Uq0ZFVKYim95JqwGc6QzurBIvsrwrCZ1zwrvd-HTdB4UuVzQo23-iIB-qfZTBlE4xPnEkOI2Bs7kgy0Qhdk9ceG9lWQmwuSPGpxhPPvkjBvGslASh71fnLecsLlGwgcQItJr_wV3e1UXBbJ8Bbr0oXu14EHggPzwY?authuser=1&fife=s16383 https://mymaps.usercontent.google.com/hostedimage/m/*/3AE5a_Gzb0rOXV_lCSJkkJFO7Ehbo9OeUZeVN_fk4opK3cgoXcnAu8L1q7WtxGTLsz9VIpv2XEUjCK4d_KPDjYJ-EY8TfpSH_AaXFTxCQ8kM8QKbJt5KorFmlShR0SWBXBZPgBZWmq6udYOqApKEZPUTx7hDPXvKcPYcUl5bHasBS0I0nwRlV4izwhzGGmTBpfK9RNkMrzO_hvzofC3yAAYve9Jc1BXUYc92kyqdbbeGpPCb0Pi7F4L1FwfFsgWI?authuser=1&fife=s16383","400","http_error"
"resorts","قرية فيرونا السياحية","https://lh3.googleusercontent.com/umsh/AN6v0v5YmRbVvhYsUXUHAd7nyPYTU687r2o9EyO7SbZEh_4xR2zczGqbn9guVzVumfpD0KJEphiyHPKiFNgX3Sdgsbu15lqEZ6H5_q1fbWFhV2v8w07qrkjCXSF5IuzTY4vkcOf-yC1fazg5Lx3cMTOGSPaJFNFgkmZowtUHAHsQGTK9Vt-5d4vTN78bg47TuRPBYKOaMm87kYOWO9sPQNfASUeSyD5yaQgpYCLddeEkSKJr8c55rFLAsaV96-THk0mZWWxeF70C74j1HnV9Bo0k-yVIyraFoQ3Jil5G4xTl_5X1o2BWjOHsaE45ul_NiWaTgBCHifgEiz5XGF74TThENx_MFj4bdlxoQ7QSgGuakSbh4kns00-X5xKMxnEtYmgpjldLIogDe8qZy8bNU9HikbyMVYqUCUG6m9h85hJKomf60IFenggAcbCOjSA5A-wlFioq94thbHqsD0bHv1qV6MUBqkvqXyAsDnhwJWxYudw93unDKn1EiDre2EmYcjNuhh_PCjgsv5qb_7Iv8PU2SG-cx5S6PuJqzhyxY2TW-TfKVZFt4ShQ0y3-41u7Oq-PeKgE-x3pZpt0dXWQRqCSOrDVocwN-afPefYPjCuarQI-_nx7MmVZoCaNX9YaVc2DFpvo7pDJhHnPRdmVKCh4wnW0MPCp7V8sJBosMSPYCrd3mtaz9eq3IHXfwGqT9iu7JDWA9vIGa7AG8M7np4-kj_KZlKSfhQ","","https://lh3.googleusercontent.com/umsh/AN6v0v5YmRbVvhYsUXUHAd7nyPYTU687r2o9EyO7SbZEh_4xR2zczGqbn9guVzVumfpD0KJEphiyHPKiFNgX3Sdgsbu15lqEZ6H5_q1fbWFhV2v8w07qrkjCXSF5IuzTY4vkcOf-yC1fazg5Lx3cMTOGSPaJFNFgkmZowtUHAHsQGTK9Vt-5d4vTN78bg47TuRPBYKOaMm87kYOWO9sPQNfASUeSyD5yaQgpYCLddeEkSKJr8c55rFLAsaV96-THk0mZWWxeF70C74j1HnV9Bo0k-yVIyraFoQ3Jil5G4xTl_5X1o2BWjOHsaE45ul_NiWaTgBCHifgEiz5XGF74TThENx_MFj4bdlxoQ7QSgGuakSbh4kns00-X5xKMxnEtYmgpjldLIogDe8qZy8bNU9HikbyMVYqUCUG6m9h85hJKomf60IFenggAcbCOjSA5A-wlFioq94thbHqsD0bHv1qV6MUBqkvqXyAsDnhwJWxYudw93unDKn1EiDre2EmYcjNuhh_PCjgsv5qb_7Iv8PU2SG-cx5S6PuJqzhyxY2TW-TfKVZFt4ShQ0y3-41u7Oq-PeKgE-x3pZpt0dXWQRqCSOrDVocwN-afPefYPjCuarQI-_nx7MmVZoCaNX9YaVc2DFpvo7pDJhHnPRdmVKCh4wnW0MPCp7V8sJBosMSPYCrd3mtaz9eq3IHXfwGqT9iu7JDWA9vIGa7AG8M7np4-kj_KZlKSfhQ","403","http_error"
"resorts","قرية فيرونا السياحية","https://lh3.googleusercontent.com/umsh/AN6v0v6DBnV6WWYbPaV29gEHr5EUgF0d5jmDIdAz_R8JR-iLjqWBDI-fhn2-5Bsjzie8dWe7JE4T_TfixU0pER5r7itTp54J0MpuEVD_5II_Xmd2Yc1hZ8TFHsj4I7A6B2n3IXQUTfgYGbFltUr5OUeVX-ZFtwHywslEgdE5ZVg4ZmhDicEajT_pUPm30XAP1Ls1NRnJCIzS7IkyLys7rEOILGef60zkmtVxkkt2xyefUqEAo2hIdX1JhhMUiTRzpIFv-hQ5R7aAf2vNuc4X2ABcPii5D13JZ7NeNLf-tUS7KrnDIqqYbX0RZu79qmN_Bf3ovISldS6yHGfp0lILy411TRiJhRsH6J4Tj1sA4ATNGpGyol7wMR054nmRvXhr-j0OMsC0F5zIizrN97wBO6MrOHv2qPdOHbPDB5hNXryph9MECHSJCpBfmYXhew82J1Y9n4Qbshb0o6D7LIr7nYSosbb5hhPfnbfJOcPajnznPDRtpO_9n6uuvDkDTgGWbglRi79mRMVw8oNaKzuuKIaA6T12eFmsnCqIUgS9KtJO4Q_aW8RERRs5bhLZLb5FPoP-5gl4h9gNxpBIZYvulvRdRVDZkh52VnKG5MRPvdGgmxJFgbuZidQZ3_IhROYiyF7m09rVruHWw9QKOIfuWigBLBq3TqrH_Bxe1DQSg-SzjdNGcRBVb5aa2QmoPBXpWUIhVGFKBD47wQgMcsnRlJscZ2rYB7Jdiw","","https://lh3.googleusercontent.com/umsh/AN6v0v6DBnV6WWYbPaV29gEHr5EUgF0d5jmDIdAz_R8JR-iLjqWBDI-fhn2-5Bsjzie8dWe7JE4T_TfixU0pER5r7itTp54J0MpuEVD_5II_Xmd2Yc1hZ8TFHsj4I7A6B2n3IXQUTfgYGbFltUr5OUeVX-ZFtwHywslEgdE5ZVg4ZmhDicEajT_pUPm30XAP1Ls1NRnJCIzS7IkyLys7rEOILGef60zkmtVxkkt2xyefUqEAo2hIdX1JhhMUiTRzpIFv-hQ5R7aAf2vNuc4X2ABcPii5D13JZ7NeNLf-tUS7KrnDIqqYbX0RZu79qmN_Bf3ovISldS6yHGfp0lILy411TRiJhRsH6J4Tj1sA4ATNGpGyol7wMR054nmRvXhr-j0OMsC0F5zIizrN97wBO6MrOHv2qPdOHbPDB5hNXryph9MECHSJCpBfmYXhew82J1Y9n4Qbshb0o6D7LIr7nYSosbb5hhPfnbfJOcPajnznPDRtpO_9n6uuvDkDTgGWbglRi79mRMVw8oNaKzuuKIaA6T12eFmsnCqIUgS9KtJO4Q_aW8RERRs5bhLZLb5FPoP-5gl4h9gNxpBIZYvulvRdRVDZkh52VnKG5MRPvdGgmxJFgbuZidQZ3_IhROYiyF7m09rVruHWw9QKOIfuWigBLBq3TqrH_Bxe1DQSg-SzjdNGcRBVb5aa2QmoPBXpWUIhVGFKBD47wQgMcsnRlJscZ2rYB7Jdiw","403","http_error"
"resorts","قرية فيرونا السياحية","https://lh3.googleusercontent.com/umsh/AN6v0v5YmRbVvhYsUXUHAd7nyPYTU687r2o9EyO7SbZEh_4xR2zczGqbn9guVzVumfpD0KJEphiyHPKiFNgX3Sdgsbu15lqEZ6H5_q1fbWFhV2v8w07qrkjCXSF5IuzTY4vkcOf-yC1fazg5Lx3cMTOGSPaJFNFgkmZowtUHAHsQGTK9Vt-5d4vTN78bg47TuRPBYKOaMm87kYOWO9sPQNfASUeSyD5yaQgpYCLddeEkSKJr8c55rFLAsaV96-THk0mZWWxeF70C74j1HnV9Bo0k-yVIyraFoQ3Jil5G4xTl_5X1o2BWjOHsaE45ul_NiWaTgBCHifgEiz5XGF74TThENx_MFj4bdlxoQ7QSgGuakSbh4kns00-X5xKMxnEtYmgpjldLIogDe8qZy8bNU9HikbyMVYqUCUG6m9h85hJKomf60IFenggAcbCOjSA5A-wlFioq94thbHqsD0bHv1qV6MUBqkvqXyAsDnhwJWxYudw93unDKn1EiDre2EmYcjNuhh_PCjgsv5qb_7Iv8PU2SG-cx5S6PuJqzhyxY2TW-TfKVZFt4ShQ0y3-41u7Oq-PeKgE-x3pZpt0dXWQRqCSOrDVocwN-afPefYPjCuarQI-_nx7MmVZoCaNX9YaVc2DFpvo7pDJhHnPRdmVKCh4wnW0MPCp7V8sJBosMSPYCrd3mtaz9eq3IHXfwGqT9iu7JDWA9vIGa7AG8M7np4-kj_KZlKSfhQ https://lh3.googleusercontent.com/umsh/AN6v0v6DBnV6WWYbPaV29gEHr5EUgF0d5jmDIdAz_R8JR-iLjqWBDI-fhn2-5Bsjzie8dWe7JE4T_TfixU0pER5r7itTp54J0MpuEVD_5II_Xmd2Yc1hZ8TFHsj4I7A6B2n3IXQUTfgYGbFltUr5OUeVX-ZFtwHywslEgdE5ZVg4ZmhDicEajT_pUPm30XAP1Ls1NRnJCIzS7IkyLys7rEOILGef60zkmtVxkkt2xyefUqEAo2hIdX1JhhMUiTRzpIFv-hQ5R7aAf2vNuc4X2ABcPii5D13JZ7NeNLf-tUS7KrnDIqqYbX0RZu79qmN_Bf3ovISldS6yHGfp0lILy411TRiJhRsH6J4Tj1sA4ATNGpGyol7wMR054nmRvXhr-j0OMsC0F5zIizrN97wBO6MrOHv2qPdOHbPDB5hNXryph9MECHSJCpBfmYXhew82J1Y9n4Qbshb0o6D7LIr7nYSosbb5hhPfnbfJOcPajnznPDRtpO_9n6uuvDkDTgGWbglRi79mRMVw8oNaKzuuKIaA6T12eFmsnCqIUgS9KtJO4Q_aW8RERRs5bhLZLb5FPoP-5gl4h9gNxpBIZYvulvRdRVDZkh52VnKG5MRPvdGgmxJFgbuZidQZ3_IhROYiyF7m09rVruHWw9QKOIfuWigBLBq3TqrH_Bxe1DQSg-SzjdNGcRBVb5aa2QmoPBXpWUIhVGFKBD47wQgMcsnRlJscZ2rYB7Jdiw","","https://lh3.googleusercontent.com/umsh/AN6v0v5YmRbVvhYsUXUHAd7nyPYTU687r2o9EyO7SbZEh_4xR2zczGqbn9guVzVumfpD0KJEphiyHPKiFNgX3Sdgsbu15lqEZ6H5_q1fbWFhV2v8w07qrkjCXSF5IuzTY4vkcOf-yC1fazg5Lx3cMTOGSPaJFNFgkmZowtUHAHsQGTK9Vt-5d4vTN78bg47TuRPBYKOaMm87kYOWO9sPQNfASUeSyD5yaQgpYCLddeEkSKJr8c55rFLAsaV96-THk0mZWWxeF70C74j1HnV9Bo0k-yVIyraFoQ3Jil5G4xTl_5X1o2BWjOHsaE45ul_NiWaTgBCHifgEiz5XGF74TThENx_MFj4bdlxoQ7QSgGuakSbh4kns00-X5xKMxnEtYmgpjldLIogDe8qZy8bNU9HikbyMVYqUCUG6m9h85hJKomf60IFenggAcbCOjSA5A-wlFioq94thbHqsD0bHv1qV6MUBqkvqXyAsDnhwJWxYudw93unDKn1EiDre2EmYcjNuhh_PCjgsv5qb_7Iv8PU2SG-cx5S6PuJqzhyxY2TW-TfKVZFt4ShQ0y3-41u7Oq-PeKgE-x3pZpt0dXWQRqCSOrDVocwN-afPefYPjCuarQI-_nx7MmVZoCaNX9YaVc2DFpvo7pDJhHnPRdmVKCh4wnW0MPCp7V8sJBosMSPYCrd3mtaz9eq3IHXfwGqT9iu7JDWA9vIGa7AG8M7np4-kj_KZlKSfhQ https://lh3.googleusercontent.com/umsh/AN6v0v6DBnV6WWYbPaV29gEHr5EUgF0d5jmDIdAz_R8JR-iLjqWBDI-fhn2-5Bsjzie8dWe7JE4T_TfixU0pER5r7itTp54J0MpuEVD_5II_Xmd2Yc1hZ8TFHsj4I7A6B2n3IXQUTfgYGbFltUr5OUeVX-ZFtwHywslEgdE5ZVg4ZmhDicEajT_pUPm30XAP1Ls1NRnJCIzS7IkyLys7rEOILGef60zkmtVxkkt2xyefUqEAo2hIdX1JhhMUiTRzpIFv-hQ5R7aAf2vNuc4X2ABcPii5D13JZ7NeNLf-tUS7KrnDIqqYbX0RZu79qmN_Bf3ovISldS6yHGfp0lILy411TRiJhRsH6J4Tj1sA4ATNGpGyol7wMR054nmRvXhr-j0OMsC0F5zIizrN97wBO6MrOHv2qPdOHbPDB5hNXryph9MECHSJCpBfmYXhew82J1Y9n4Qbshb0o6D7LIr7nYSosbb5hhPfnbfJOcPajnznPDRtpO_9n6uuvDkDTgGWbglRi79mRMVw8oNaKzuuKIaA6T12eFmsnCqIUgS9KtJO4Q_aW8RERRs5bhLZLb5FPoP-5gl4h9gNxpBIZYvulvRdRVDZkh52VnKG5MRPvdGgmxJFgbuZidQZ3_IhROYiyF7m09rVruHWw9QKOIfuWigBLBq3TqrH_Bxe1DQSg-SzjdNGcRBVb5aa2QmoPBXpWUIhVGFKBD47wQgMcsnRlJscZ2rYB7Jdiw","400","http_error"
"resorts","قرية البرتقالة","https://lh3.googleusercontent.com/umsh/AN6v0v4KjBmkMJFINwkVPUhDy7mgGv4mb8gpAXNMHoL9F0HbYib4rPDeNOQ6BVyvQKHYw22oWmN2OungH6M7tz9MrA_Snmt6NECLYz63zOiHPq9VxAOU5_qIH_EAGomPtW8e2g4ji1T--4t4HcaUacts0d0BpEza50-3X0dYlRDANiMPJwH-D1b8RMSIHkXbb33uH-84lZ6KzJE7qdCDO2ixTogck3NbL5j8DQU9F-K13DKWkIxMYWKM1CLhVCeVwGP-BE4CCRyFHPRtxonMUBZ6AHVty6F8bddNqCaqoorA0R0atZBkizoqXaexH-VseMMH5QYc7BPz1hwYJt-uVLdpW4gfuDiCjufXrl9aiDxigaF6XPlaiZH0fUYUmPSjfq1-dByw3B2CaWUd6y_CscG88QXKN3yMiIn6Q5TFCSS37YqYhhsMl42-vXkQOKt_zc_ImYOp4aulCS8DT3xMhEWO3dP5l2rRnhKREOJp7y0IHM0sgtHfYa_Xkw_ADmyutNYdUYHsC9E07-QMKZI_dUkV6mEG3YyRAzMjpPCISaTJq5QK4TOGFevhiSB2MtQK3JGouKb4qg_g--Jw_97PGwLdjq_lCSem-G2ypdb-2dmxp6YjUDCGKANhJSmqElCQQrGJ7LSa54NFht4KmUb_nJQq-lo0BNJVJWpcP9prjVnz7w_uRd7u9ySzBG9ITXRI13EZrSaYg80ucqIOKcZFYNR4zhxBNtxz","","https://lh3.googleusercontent.com/umsh/AN6v0v4KjBmkMJFINwkVPUhDy7mgGv4mb8gpAXNMHoL9F0HbYib4rPDeNOQ6BVyvQKHYw22oWmN2OungH6M7tz9MrA_Snmt6NECLYz63zOiHPq9VxAOU5_qIH_EAGomPtW8e2g4ji1T--4t4HcaUacts0d0BpEza50-3X0dYlRDANiMPJwH-D1b8RMSIHkXbb33uH-84lZ6KzJE7qdCDO2ixTogck3NbL5j8DQU9F-K13DKWkIxMYWKM1CLhVCeVwGP-BE4CCRyFHPRtxonMUBZ6AHVty6F8bddNqCaqoorA0R0atZBkizoqXaexH-VseMMH5QYc7BPz1hwYJt-uVLdpW4gfuDiCjufXrl9aiDxigaF6XPlaiZH0fUYUmPSjfq1-dByw3B2CaWUd6y_CscG88QXKN3yMiIn6Q5TFCSS37YqYhhsMl42-vXkQOKt_zc_ImYOp4aulCS8DT3xMhEWO3dP5l2rRnhKREOJp7y0IHM0sgtHfYa_Xkw_ADmyutNYdUYHsC9E07-QMKZI_dUkV6mEG3YyRAzMjpPCISaTJq5QK4TOGFevhiSB2MtQK3JGouKb4qg_g--Jw_97PGwLdjq_lCSem-G2ypdb-2dmxp6YjUDCGKANhJSmqElCQQrGJ7LSa54NFht4KmUb_nJQq-lo0BNJVJWpcP9prjVnz7w_uRd7u9ySzBG9ITXRI13EZrSaYg80ucqIOKcZFYNR4zhxBNtxz","403","http_error"
"resorts","قرية البرتقالة","https://lh3.googleusercontent.com/umsh/AN6v0v4XeuerlnMcTzMMJ1DCNffGQEuce_r3-OcITccGCQ-1erUkw4FxcYfsFVA6YT2oAhwbovkSBNHsRuTEJv9plQv8Wqwwj182upw7lddErWuT2U-XWvynUG_D1OLMTdV_PObGYUrXEc5HusVSKHasAYeOOVWqxJtMcIYtLxaRMEF7AoLm4NVqNMqN-d8Oj68i28eaUD88SvmYOTddFpEQG5m9_y0YGaRtNG2On6siXSSrTSHUX7amQH2wO7sk6yaOYof1sDOXZbcM8E8T8Tt-J8XmyK6w0Wytx6qnCG8BGwDxMbSGC_A8jTcZllsaq3jGFn_9KX8VXJA4UX7Wd-Z3Xwi5QwlfBjD9MLiEB-8QJupfVSgNS0tEHKe3pLIzCpMMFD9J6fEoyBM1UNx7yHrU-X6jUH3IVgUqdco--vnW6ZuJz1x-lTOt-at1x_IOrduTaBGZ_7utI_9Cu8BukpWgXfrrLXCryQ4PrOJWHU2vvKfOnex9P_0gP9_QKv5F75bUOmlJPdbZXuN8tE8zFYtXf06fmor5xTrBOJmJ9PqM-eKS94lvUkhgTG1EeffqdBtBYCwknA9l9Uo-BOnYtxRSGrdRrdU33KT3osUsCID5GgStUWNfJ0sf0VpEO4WTvAefdigyvic3ZQ095y0nwHiyMPmUGmt2uoU4tS3l0-i6IMS4oGYVwq4tkcs3KJVLVL5_J-KI4CJdiZLYt0YqS-lp0Zljn1hNfg","","https://lh3.googleusercontent.com/umsh/AN6v0v4XeuerlnMcTzMMJ1DCNffGQEuce_r3-OcITccGCQ-1erUkw4FxcYfsFVA6YT2oAhwbovkSBNHsRuTEJv9plQv8Wqwwj182upw7lddErWuT2U-XWvynUG_D1OLMTdV_PObGYUrXEc5HusVSKHasAYeOOVWqxJtMcIYtLxaRMEF7AoLm4NVqNMqN-d8Oj68i28eaUD88SvmYOTddFpEQG5m9_y0YGaRtNG2On6siXSSrTSHUX7amQH2wO7sk6yaOYof1sDOXZbcM8E8T8Tt-J8XmyK6w0Wytx6qnCG8BGwDxMbSGC_A8jTcZllsaq3jGFn_9KX8VXJA4UX7Wd-Z3Xwi5QwlfBjD9MLiEB-8QJupfVSgNS0tEHKe3pLIzCpMMFD9J6fEoyBM1UNx7yHrU-X6jUH3IVgUqdco--vnW6ZuJz1x-lTOt-at1x_IOrduTaBGZ_7utI_9Cu8BukpWgXfrrLXCryQ4PrOJWHU2vvKfOnex9P_0gP9_QKv5F75bUOmlJPdbZXuN8tE8zFYtXf06fmor5xTrBOJmJ9PqM-eKS94lvUkhgTG1EeffqdBtBYCwknA9l9Uo-BOnYtxRSGrdRrdU33KT3osUsCID5GgStUWNfJ0sf0VpEO4WTvAefdigyvic3ZQ095y0nwHiyMPmUGmt2uoU4tS3l0-i6IMS4oGYVwq4tkcs3KJVLVL5_J-KI4CJdiZLYt0YqS-lp0Zljn1hNfg","403","http_error"
"resorts","قرية البرتقالة","https://lh3.googleusercontent.com/umsh/AN6v0v4KjBmkMJFINwkVPUhDy7mgGv4mb8gpAXNMHoL9F0HbYib4rPDeNOQ6BVyvQKHYw22oWmN2OungH6M7tz9MrA_Snmt6NECLYz63zOiHPq9VxAOU5_qIH_EAGomPtW8e2g4ji1T--4t4HcaUacts0d0BpEza50-3X0dYlRDANiMPJwH-D1b8RMSIHkXbb33uH-84lZ6KzJE7qdCDO2ixTogck3NbL5j8DQU9F-K13DKWkIxMYWKM1CLhVCeVwGP-BE4CCRyFHPRtxonMUBZ6AHVty6F8bddNqCaqoorA0R0atZBkizoqXaexH-VseMMH5QYc7BPz1hwYJt-uVLdpW4gfuDiCjufXrl9aiDxigaF6XPlaiZH0fUYUmPSjfq1-dByw3B2CaWUd6y_CscG88QXKN3yMiIn6Q5TFCSS37YqYhhsMl42-vXkQOKt_zc_ImYOp4aulCS8DT3xMhEWO3dP5l2rRnhKREOJp7y0IHM0sgtHfYa_Xkw_ADmyutNYdUYHsC9E07-QMKZI_dUkV6mEG3YyRAzMjpPCISaTJq5QK4TOGFevhiSB2MtQK3JGouKb4qg_g--Jw_97PGwLdjq_lCSem-G2ypdb-2dmxp6YjUDCGKANhJSmqElCQQrGJ7LSa54NFht4KmUb_nJQq-lo0BNJVJWpcP9prjVnz7w_uRd7u9ySzBG9ITXRI13EZrSaYg80ucqIOKcZFYNR4zhxBNtxz https://lh3.googleusercontent.com/umsh/AN6v0v4XeuerlnMcTzMMJ1DCNffGQEuce_r3-OcITccGCQ-1erUkw4FxcYfsFVA6YT2oAhwbovkSBNHsRuTEJv9plQv8Wqwwj182upw7lddErWuT2U-XWvynUG_D1OLMTdV_PObGYUrXEc5HusVSKHasAYeOOVWqxJtMcIYtLxaRMEF7AoLm4NVqNMqN-d8Oj68i28eaUD88SvmYOTddFpEQG5m9_y0YGaRtNG2On6siXSSrTSHUX7amQH2wO7sk6yaOYof1sDOXZbcM8E8T8Tt-J8XmyK6w0Wytx6qnCG8BGwDxMbSGC_A8jTcZllsaq3jGFn_9KX8VXJA4UX7Wd-Z3Xwi5QwlfBjD9MLiEB-8QJupfVSgNS0tEHKe3pLIzCpMMFD9J6fEoyBM1UNx7yHrU-X6jUH3IVgUqdco--vnW6ZuJz1x-lTOt-at1x_IOrduTaBGZ_7utI_9Cu8BukpWgXfrrLXCryQ4PrOJWHU2vvKfOnex9P_0gP9_QKv5F75bUOmlJPdbZXuN8tE8zFYtXf06fmor5xTrBOJmJ9PqM-eKS94lvUkhgTG1EeffqdBtBYCwknA9l9Uo-BOnYtxRSGrdRrdU33KT3osUsCID5GgStUWNfJ0sf0VpEO4WTvAefdigyvic3ZQ095y0nwHiyMPmUGmt2uoU4tS3l0-i6IMS4oGYVwq4tkcs3KJVLVL5_J-KI4CJdiZLYt0YqS-lp0Zljn1hNfg","","https://lh3.googleusercontent.com/umsh/AN6v0v4KjBmkMJFINwkVPUhDy7mgGv4mb8gpAXNMHoL9F0HbYib4rPDeNOQ6BVyvQKHYw22oWmN2OungH6M7tz9MrA_Snmt6NECLYz63zOiHPq9VxAOU5_qIH_EAGomPtW8e2g4ji1T--4t4HcaUacts0d0BpEza50-3X0dYlRDANiMPJwH-D1b8RMSIHkXbb33uH-84lZ6KzJE7qdCDO2ixTogck3NbL5j8DQU9F-K13DKWkIxMYWKM1CLhVCeVwGP-BE4CCRyFHPRtxonMUBZ6AHVty6F8bddNqCaqoorA0R0atZBkizoqXaexH-VseMMH5QYc7BPz1hwYJt-uVLdpW4gfuDiCjufXrl9aiDxigaF6XPlaiZH0fUYUmPSjfq1-dByw3B2CaWUd6y_CscG88QXKN3yMiIn6Q5TFCSS37YqYhhsMl42-vXkQOKt_zc_ImYOp4aulCS8DT3xMhEWO3dP5l2rRnhKREOJp7y0IHM0sgtHfYa_Xkw_ADmyutNYdUYHsC9E07-QMKZI_dUkV6mEG3YyRAzMjpPCISaTJq5QK4TOGFevhiSB2MtQK3JGouKb4qg_g--Jw_97PGwLdjq_lCSem-G2ypdb-2dmxp6YjUDCGKANhJSmqElCQQrGJ7LSa54NFht4KmUb_nJQq-lo0BNJVJWpcP9prjVnz7w_uRd7u9ySzBG9ITXRI13EZrSaYg80ucqIOKcZFYNR4zhxBNtxz https://lh3.googleusercontent.com/umsh/AN6v0v4XeuerlnMcTzMMJ1DCNffGQEuce_r3-OcITccGCQ-1erUkw4FxcYfsFVA6YT2oAhwbovkSBNHsRuTEJv9plQv8Wqwwj182upw7lddErWuT2U-XWvynUG_D1OLMTdV_PObGYUrXEc5HusVSKHasAYeOOVWqxJtMcIYtLxaRMEF7AoLm4NVqNMqN-d8Oj68i28eaUD88SvmYOTddFpEQG5m9_y0YGaRtNG2On6siXSSrTSHUX7amQH2wO7sk6yaOYof1sDOXZbcM8E8T8Tt-J8XmyK6w0Wytx6qnCG8BGwDxMbSGC_A8jTcZllsaq3jGFn_9KX8VXJA4UX7Wd-Z3Xwi5QwlfBjD9MLiEB-8QJupfVSgNS0tEHKe3pLIzCpMMFD9J6fEoyBM1UNx7yHrU-X6jUH3IVgUqdco--vnW6ZuJz1x-lTOt-at1x_IOrduTaBGZ_7utI_9Cu8BukpWgXfrrLXCryQ4PrOJWHU2vvKfOnex9P_0gP9_QKv5F75bUOmlJPdbZXuN8tE8zFYtXf06fmor5xTrBOJmJ9PqM-eKS94lvUkhgTG1EeffqdBtBYCwknA9l9Uo-BOnYtxRSGrdRrdU33KT3osUsCID5GgStUWNfJ0sf0VpEO4WTvAefdigyvic3ZQ095y0nwHiyMPmUGmt2uoU4tS3l0-i6IMS4oGYVwq4tkcs3KJVLVL5_J-KI4CJdiZLYt0YqS-lp0Zljn1hNfg","400","http_error"
"resorts","قرية شط النخيل زوارة","https://lh3.googleusercontent.com/umsh/AN6v0v57EXLC3tl7kZdxFSihlTpUS87tI5pIqHjGau0T35p1ipv5wOVetxciBK4gJN2raOwdPTIg2rp7kEaPsmAWodUS6xJENq_QrZ5_oDM0G6h_CDXyD71mS_yDx_kbLufgtZ5VFNwyE1L49Cz66lBVmYN0pr4z22qkId5ZJ_k-KZbF-OWFGK0M55aVyudkqqfWH8NZ-g9MYqMbUo5jsTahHWqPW3yuubpQzOUw8nTgRieGNeG29LWRD9tZ2argncVincXXKdC7TyhHZSNehYyWQ3gOnp0QbW6AsrfPEovk6vkM4Fk0u1A-z8KUR3PeELhsJ9RPfeeuT0XoFLyFgn9qh4oCjcd-LfkXu3owqoUADLZEgv6odxJsaVI1efWoRLRUt3CEV9U3AuVTvZDj1VFAGCh0zZZquBKz4TInAlp_-lP5kqLyXMChirUkB2SDP_GvpwoWex1xThzOmvX3RhPZbzvnx70rvC36t-ZIj1lwHJIR9dq7vYbO4BB8hKba93bzjVSA7DlGHAvDSPrmpEKgm-Nqri0rZKoxmfuGlXqbg21NP9bSSC-plTUuF4fwmT4qloVjhoLEgGj390L8Bcxy6ntdhNL680M733IjKRJRX_LBCPr92Z1n1i6es9Cj0CHcu0KLEixXPS0ln6KvnLgrP9ooerjXr89GWXuK99x5lQVcbkqgenvTfKOS9Bn3YJVua0wWPjWVztaod-JdHIpKDrQ-LjR_8g","","https://lh3.googleusercontent.com/umsh/AN6v0v57EXLC3tl7kZdxFSihlTpUS87tI5pIqHjGau0T35p1ipv5wOVetxciBK4gJN2raOwdPTIg2rp7kEaPsmAWodUS6xJENq_QrZ5_oDM0G6h_CDXyD71mS_yDx_kbLufgtZ5VFNwyE1L49Cz66lBVmYN0pr4z22qkId5ZJ_k-KZbF-OWFGK0M55aVyudkqqfWH8NZ-g9MYqMbUo5jsTahHWqPW3yuubpQzOUw8nTgRieGNeG29LWRD9tZ2argncVincXXKdC7TyhHZSNehYyWQ3gOnp0QbW6AsrfPEovk6vkM4Fk0u1A-z8KUR3PeELhsJ9RPfeeuT0XoFLyFgn9qh4oCjcd-LfkXu3owqoUADLZEgv6odxJsaVI1efWoRLRUt3CEV9U3AuVTvZDj1VFAGCh0zZZquBKz4TInAlp_-lP5kqLyXMChirUkB2SDP_GvpwoWex1xThzOmvX3RhPZbzvnx70rvC36t-ZIj1lwHJIR9dq7vYbO4BB8hKba93bzjVSA7DlGHAvDSPrmpEKgm-Nqri0rZKoxmfuGlXqbg21NP9bSSC-plTUuF4fwmT4qloVjhoLEgGj390L8Bcxy6ntdhNL680M733IjKRJRX_LBCPr92Z1n1i6es9Cj0CHcu0KLEixXPS0ln6KvnLgrP9ooerjXr89GWXuK99x5lQVcbkqgenvTfKOS9Bn3YJVua0wWPjWVztaod-JdHIpKDrQ-LjR_8g","403","http_error"
"resorts","قرية شط النخيل زوارة","https://lh3.googleusercontent.com/umsh/AN6v0v57EXLC3tl7kZdxFSihlTpUS87tI5pIqHjGau0T35p1ipv5wOVetxciBK4gJN2raOwdPTIg2rp7kEaPsmAWodUS6xJENq_QrZ5_oDM0G6h_CDXyD71mS_yDx_kbLufgtZ5VFNwyE1L49Cz66lBVmYN0pr4z22qkId5ZJ_k-KZbF-OWFGK0M55aVyudkqqfWH8NZ-g9MYqMbUo5jsTahHWqPW3yuubpQzOUw8nTgRieGNeG29LWRD9tZ2argncVincXXKdC7TyhHZSNehYyWQ3gOnp0QbW6AsrfPEovk6vkM4Fk0u1A-z8KUR3PeELhsJ9RPfeeuT0XoFLyFgn9qh4oCjcd-LfkXu3owqoUADLZEgv6odxJsaVI1efWoRLRUt3CEV9U3AuVTvZDj1VFAGCh0zZZquBKz4TInAlp_-lP5kqLyXMChirUkB2SDP_GvpwoWex1xThzOmvX3RhPZbzvnx70rvC36t-ZIj1lwHJIR9dq7vYbO4BB8hKba93bzjVSA7DlGHAvDSPrmpEKgm-Nqri0rZKoxmfuGlXqbg21NP9bSSC-plTUuF4fwmT4qloVjhoLEgGj390L8Bcxy6ntdhNL680M733IjKRJRX_LBCPr92Z1n1i6es9Cj0CHcu0KLEixXPS0ln6KvnLgrP9ooerjXr89GWXuK99x5lQVcbkqgenvTfKOS9Bn3YJVua0wWPjWVztaod-JdHIpKDrQ-LjR_8g https://mymaps.usercontent.google.com/hostedimage/m/*/3AE5a_Gw9ywHE1sE7HxeaITlx2Jelit9oNNVU4S2H97hA_YfhOQ1r8s89Y93zii53PocWtkDHHIpSTg5W4yzmxcyT3I7DAh4JSGnZNKKEoULMs3dp79iFWYD3PypZeX2BRQV7zncaK1_JpiaTthn24o3YRzVeQgB_jrBmirdzWPguOWoB2Ak3z14yj9X6mqxtANG190-A7RXr7POc_rS8DOgJhfc0ROquhO8szoSogwKydS0V5fe0R54d1dZ_TBc?authuser=1&fife=s16383 https://mymaps.usercontent.google.com/hostedimage/m/*/3AE5a_GzHbshwkap51WSVhpblgKgakWCfVXY3KIb-EeJC1LrdGksiexLSkctL49ziJ0DH9ADQELfTNYnlNfoVfzA8uHuem69WFdLd0WSY_S9TWWHcc-3UAM1nohHPQEH7xLyXK--0LzMy7ScXth3PhsSALtjbc1wkdwuGH25z82a2rx81PIXUSx0G1Lm6ua_oYtWCN6Zl7MlH6mXgIoRWJ-IQA5Ikn137cjVEs8YSGSgkJxs_4s2zKZp91I4_LWM?authuser=1&fife=s16383","","https://lh3.googleusercontent.com/umsh/AN6v0v57EXLC3tl7kZdxFSihlTpUS87tI5pIqHjGau0T35p1ipv5wOVetxciBK4gJN2raOwdPTIg2rp7kEaPsmAWodUS6xJENq_QrZ5_oDM0G6h_CDXyD71mS_yDx_kbLufgtZ5VFNwyE1L49Cz66lBVmYN0pr4z22qkId5ZJ_k-KZbF-OWFGK0M55aVyudkqqfWH8NZ-g9MYqMbUo5jsTahHWqPW3yuubpQzOUw8nTgRieGNeG29LWRD9tZ2argncVincXXKdC7TyhHZSNehYyWQ3gOnp0QbW6AsrfPEovk6vkM4Fk0u1A-z8KUR3PeELhsJ9RPfeeuT0XoFLyFgn9qh4oCjcd-LfkXu3owqoUADLZEgv6odxJsaVI1efWoRLRUt3CEV9U3AuVTvZDj1VFAGCh0zZZquBKz4TInAlp_-lP5kqLyXMChirUkB2SDP_GvpwoWex1xThzOmvX3RhPZbzvnx70rvC36t-ZIj1lwHJIR9dq7vYbO4BB8hKba93bzjVSA7DlGHAvDSPrmpEKgm-Nqri0rZKoxmfuGlXqbg21NP9bSSC-plTUuF4fwmT4qloVjhoLEgGj390L8Bcxy6ntdhNL680M733IjKRJRX_LBCPr92Z1n1i6es9Cj0CHcu0KLEixXPS0ln6KvnLgrP9ooerjXr89GWXuK99x5lQVcbkqgenvTfKOS9Bn3YJVua0wWPjWVztaod-JdHIpKDrQ-LjR_8g https://mymaps.usercontent.google.com/hostedimage/m/*/3AE5a_Gw9ywHE1sE7HxeaITlx2Jelit9oNNVU4S2H97hA_YfhOQ1r8s89Y93zii53PocWtkDHHIpSTg5W4yzmxcyT3I7DAh4JSGnZNKKEoULMs3dp79iFWYD3PypZeX2BRQV7zncaK1_JpiaTthn24o3YRzVeQgB_jrBmirdzWPguOWoB2Ak3z14yj9X6mqxtANG190-A7RXr7POc_rS8DOgJhfc0ROquhO8szoSogwKydS0V5fe0R54d1dZ_TBc?authuser=1&fife=s16383 https://mymaps.usercontent.google.com/hostedimage/m/*/3AE5a_GzHbshwkap51WSVhpblgKgakWCfVXY3KIb-EeJC1LrdGksiexLSkctL49ziJ0DH9ADQELfTNYnlNfoVfzA8uHuem69WFdLd0WSY_S9TWWHcc-3UAM1nohHPQEH7xLyXK--0LzMy7ScXth3PhsSALtjbc1wkdwuGH25z82a2rx81PIXUSx0G1Lm6ua_oYtWCN6Zl7MlH6mXgIoRWJ-IQA5Ikn137cjVEs8YSGSgkJxs_4s2zKZp91I4_LWM?authuser=1&fife=s16383","400","http_error"
"resorts","قرية أوليڤيا السياحية - زوارة","https://lh3.googleusercontent.com/umsh/AN6v0v50pzSCqo-cqIKuuARkYrfiw7QIrSSQBjOi5_SLVNCqnhKOCOSzEU7Ek-xGn1axwn9Nk0p9pg48hXEBXjckwRc9CGSGnqamEkdviCwqHkSScrY-7je0HghXRFtIQkAvVUqkVkCEr3CgvgVtBxsZOrFOXuW2bclPdzOGhRI482LZyQCLydT-5fLOvtXc2Jx4Qms8sQkOr-n7O791QvXurl_jzJn5ksMjy4LUIZqIccXvk6rA9qMnT3gihJKAKaNNKVsvve_JbBViTHvdn_mAx3dxHVv39yKCru1pYJRHXz8HFgolY8FeqDIQ7_KTB6a1RiDXk1pFfYHxNj0b-Pb9bQ6AH9dUUQcOQRYUbTVw5WuB4Jygy7-GYrikq_sVDFy6i7xFuevDvsuOFJcS7kUqpL-2lq0yv7bSNHUY4SqLDVzlNxFzJ0KitwDV5-wug8eqkQCdFLEs2r2Vy3tSSSip6_5TAlKNJ3H9NVB1AKdWRHnYDVU-arLnzyqw07eKZvSAMW9W3wEF5UapEmcxfUokhN5DT1As1kAZO5UTO_3LueXRdQgIYrsUe6RSmtBC2PGnw5gYwe2e4a4zK2y4jCgCJlRZYJsnbzSgS-xwFO3jWm1m_d26r8xGFKQIymtbvlAjN-9wyeFmx8yjxIXbkFjDf3_Nj_z68K1rPoznouo4-Hj7IMAgNyiV7pdNnaHIWvIj9iiKarHdLipGFdaho4cQ5fWPiHCcKQ","","https://lh3.googleusercontent.com/umsh/AN6v0v50pzSCqo-cqIKuuARkYrfiw7QIrSSQBjOi5_SLVNCqnhKOCOSzEU7Ek-xGn1axwn9Nk0p9pg48hXEBXjckwRc9CGSGnqamEkdviCwqHkSScrY-7je0HghXRFtIQkAvVUqkVkCEr3CgvgVtBxsZOrFOXuW2bclPdzOGhRI482LZyQCLydT-5fLOvtXc2Jx4Qms8sQkOr-n7O791QvXurl_jzJn5ksMjy4LUIZqIccXvk6rA9qMnT3gihJKAKaNNKVsvve_JbBViTHvdn_mAx3dxHVv39yKCru1pYJRHXz8HFgolY8FeqDIQ7_KTB6a1RiDXk1pFfYHxNj0b-Pb9bQ6AH9dUUQcOQRYUbTVw5WuB4Jygy7-GYrikq_sVDFy6i7xFuevDvsuOFJcS7kUqpL-2lq0yv7bSNHUY4SqLDVzlNxFzJ0KitwDV5-wug8eqkQCdFLEs2r2Vy3tSSSip6_5TAlKNJ3H9NVB1AKdWRHnYDVU-arLnzyqw07eKZvSAMW9W3wEF5UapEmcxfUokhN5DT1As1kAZO5UTO_3LueXRdQgIYrsUe6RSmtBC2PGnw5gYwe2e4a4zK2y4jCgCJlRZYJsnbzSgS-xwFO3jWm1m_d26r8xGFKQIymtbvlAjN-9wyeFmx8yjxIXbkFjDf3_Nj_z68K1rPoznouo4-Hj7IMAgNyiV7pdNnaHIWvIj9iiKarHdLipGFdaho4cQ5fWPiHCcKQ","403","http_error"
"resorts","قرية أوليڤيا السياحية - زوارة","https://lh3.googleusercontent.com/umsh/AN6v0v7235s4DqFNlqCanaTdXiXUMazT7mEKhyABPgoWj6VaMeGrC_0y6qjxWg7Va9gYv3mYySXuG2rVjC2V9AMIeQpJ2e08KM3E-zOuSV6hv8i-rNWQjm_Ev3pxjoYazFH-oCS73A1WMlb0DNttQr375LpSrSH_SXunoOu3DCuf9f9c_cInmqHNAjkDuqji5orpZtqvj-NpkitgpD4cjxjopzp5KS8G08pKks4RQO47U3IgXoKl5BCn1wbHo75tRL9H58BZnzq14qjRz7Y3Sq7eRpJycaWaPsrl5lpKh5OaRictE_SOD4kW_Qwdy1wf20xyjYWeh8q2EtcOd005O6Vq_ICMHIWRBA4_ATfHPdf9cVFBeoiuiLflQ6tCX8My5SwQ7xcGbsrhNyH6dDmNj7R2xr_IsoSlFAecbhP6gLHuUy18lp9Mk38t9JlYo02URog-g5Grw5hfE8_2uq6-sKc7JmDZuMnh9b-D0t4uE5nC8SUAXBDXswORQRqvmBuQdlsEUPrc3mfOOjZf_IwukbBmEPtpZum3lYfftb7LrD303Xe5RVodwyF1aF6DXRSIq7KE94Rn0hQO19oPihYqJ_TbeGGeVSOW-iwrjQlk9-Skvh3MrNV7YN_oQL75phid0bp5ue1CETEZhF-tB6D8lGcABlknRJiGyLzKUsqb8SrFUM2QFsEWRstSwzwzfQcu9Qlnu72qgUPd7zsid6kg1vD-nzlC_EYcDQ","","https://lh3.googleusercontent.com/umsh/AN6v0v7235s4DqFNlqCanaTdXiXUMazT7mEKhyABPgoWj6VaMeGrC_0y6qjxWg7Va9gYv3mYySXuG2rVjC2V9AMIeQpJ2e08KM3E-zOuSV6hv8i-rNWQjm_Ev3pxjoYazFH-oCS73A1WMlb0DNttQr375LpSrSH_SXunoOu3DCuf9f9c_cInmqHNAjkDuqji5orpZtqvj-NpkitgpD4cjxjopzp5KS8G08pKks4RQO47U3IgXoKl5BCn1wbHo75tRL9H58BZnzq14qjRz7Y3Sq7eRpJycaWaPsrl5lpKh5OaRictE_SOD4kW_Qwdy1wf20xyjYWeh8q2EtcOd005O6Vq_ICMHIWRBA4_ATfHPdf9cVFBeoiuiLflQ6tCX8My5SwQ7xcGbsrhNyH6dDmNj7R2xr_IsoSlFAecbhP6gLHuUy18lp9Mk38t9JlYo02URog-g5Grw5hfE8_2uq6-sKc7JmDZuMnh9b-D0t4uE5nC8SUAXBDXswORQRqvmBuQdlsEUPrc3mfOOjZf_IwukbBmEPtpZum3lYfftb7LrD303Xe5RVodwyF1aF6DXRSIq7KE94Rn0hQO19oPihYqJ_TbeGGeVSOW-iwrjQlk9-Skvh3MrNV7YN_oQL75phid0bp5ue1CETEZhF-tB6D8lGcABlknRJiGyLzKUsqb8SrFUM2QFsEWRstSwzwzfQcu9Qlnu72qgUPd7zsid6kg1vD-nzlC_EYcDQ","403","http_error"
"resorts","قرية أوليڤيا السياحية - زوارة","https://lh3.googleusercontent.com/umsh/AN6v0v411Jo4HuS1s1O4WYfeIZZ0X9kUwk9oE1FZdhwX4_UD2YUDK14YGe0AAuesXSzrstuvxaaWc8A75nLfNISrsUDfdxxUAaF87GVl2bLgHsve3FeoWVlfji0XU75tyPd6_eZle6o2Z8CIWyunmbYT2WsXavpGZCe4gOcZgT8O9ILTynkWnrgc3IBMoUpZg-Dyy45rIY7AVJGnhWrB5sESVNqpBG7PskR-NRNkJfKe86Grh2V2jx2pyU1UTdHUeMDueO1zxf9DFfg7_B_8lcjEjFPAMJgQpNNZnZWQVkY6y0T3fhxaXnOg-W1wON1odv2yX0l4hdY4qrpgTM-m0275E4RVh44J4aajcF_aryFZuA2q_JPPwm9oameMzkG-MwPPyeCm2v7e702bGK3HYkFHGZ7Kbpq-08VLniQbzBJo3ViPttb6XL2hjm1A14nU4DTZg_UiXdMT_Tf3ojiac181KXOjyU1YucpnX1AHeKZJoPrqUsCpwaaDJIeOfgfL0zXd-N8vIizXEJ799M71CFKKpPjrjvSyjzCPxvRuYOxkXk6tSX3KUXhQdy6T53oe-WH2iciFBM0VGxvNVsvPti2awjOick088U0fDhYFg3_Ffc2B-tUfYg0_RmEG-RBrUzUO9Obu3Tjwsrp0G0VGwdANpxchIN5DC-oN6Lfbf0WhBiIHyPKUtR5ufV58oLCDUZP8N_nyXkhJ1JzkS4qalrvoqUrq6j9d","","https://lh3.googleusercontent.com/umsh/AN6v0v411Jo4HuS1s1O4WYfeIZZ0X9kUwk9oE1FZdhwX4_UD2YUDK14YGe0AAuesXSzrstuvxaaWc8A75nLfNISrsUDfdxxUAaF87GVl2bLgHsve3FeoWVlfji0XU75tyPd6_eZle6o2Z8CIWyunmbYT2WsXavpGZCe4gOcZgT8O9ILTynkWnrgc3IBMoUpZg-Dyy45rIY7AVJGnhWrB5sESVNqpBG7PskR-NRNkJfKe86Grh2V2jx2pyU1UTdHUeMDueO1zxf9DFfg7_B_8lcjEjFPAMJgQpNNZnZWQVkY6y0T3fhxaXnOg-W1wON1odv2yX0l4hdY4qrpgTM-m0275E4RVh44J4aajcF_aryFZuA2q_JPPwm9oameMzkG-MwPPyeCm2v7e702bGK3HYkFHGZ7Kbpq-08VLniQbzBJo3ViPttb6XL2hjm1A14nU4DTZg_UiXdMT_Tf3ojiac181KXOjyU1YucpnX1AHeKZJoPrqUsCpwaaDJIeOfgfL0zXd-N8vIizXEJ799M71CFKKpPjrjvSyjzCPxvRuYOxkXk6tSX3KUXhQdy6T53oe-WH2iciFBM0VGxvNVsvPti2awjOick088U0fDhYFg3_Ffc2B-tUfYg0_RmEG-RBrUzUO9Obu3Tjwsrp0G0VGwdANpxchIN5DC-oN6Lfbf0WhBiIHyPKUtR5ufV58oLCDUZP8N_nyXkhJ1JzkS4qalrvoqUrq6j9d","403","http_error"
"resorts","قرية أوليڤيا السياحية - زوارة","https://lh3.googleusercontent.com/umsh/AN6v0v50pzSCqo-cqIKuuARkYrfiw7QIrSSQBjOi5_SLVNCqnhKOCOSzEU7Ek-xGn1axwn9Nk0p9pg48hXEBXjckwRc9CGSGnqamEkdviCwqHkSScrY-7je0HghXRFtIQkAvVUqkVkCEr3CgvgVtBxsZOrFOXuW2bclPdzOGhRI482LZyQCLydT-5fLOvtXc2Jx4Qms8sQkOr-n7O791QvXurl_jzJn5ksMjy4LUIZqIccXvk6rA9qMnT3gihJKAKaNNKVsvve_JbBViTHvdn_mAx3dxHVv39yKCru1pYJRHXz8HFgolY8FeqDIQ7_KTB6a1RiDXk1pFfYHxNj0b-Pb9bQ6AH9dUUQcOQRYUbTVw5WuB4Jygy7-GYrikq_sVDFy6i7xFuevDvsuOFJcS7kUqpL-2lq0yv7bSNHUY4SqLDVzlNxFzJ0KitwDV5-wug8eqkQCdFLEs2r2Vy3tSSSip6_5TAlKNJ3H9NVB1AKdWRHnYDVU-arLnzyqw07eKZvSAMW9W3wEF5UapEmcxfUokhN5DT1As1kAZO5UTO_3LueXRdQgIYrsUe6RSmtBC2PGnw5gYwe2e4a4zK2y4jCgCJlRZYJsnbzSgS-xwFO3jWm1m_d26r8xGFKQIymtbvlAjN-9wyeFmx8yjxIXbkFjDf3_Nj_z68K1rPoznouo4-Hj7IMAgNyiV7pdNnaHIWvIj9iiKarHdLipGFdaho4cQ5fWPiHCcKQ https://lh3.googleusercontent.com/umsh/AN6v0v7235s4DqFNlqCanaTdXiXUMazT7mEKhyABPgoWj6VaMeGrC_0y6qjxWg7Va9gYv3mYySXuG2rVjC2V9AMIeQpJ2e08KM3E-zOuSV6hv8i-rNWQjm_Ev3pxjoYazFH-oCS73A1WMlb0DNttQr375LpSrSH_SXunoOu3DCuf9f9c_cInmqHNAjkDuqji5orpZtqvj-NpkitgpD4cjxjopzp5KS8G08pKks4RQO47U3IgXoKl5BCn1wbHo75tRL9H58BZnzq14qjRz7Y3Sq7eRpJycaWaPsrl5lpKh5OaRictE_SOD4kW_Qwdy1wf20xyjYWeh8q2EtcOd005O6Vq_ICMHIWRBA4_ATfHPdf9cVFBeoiuiLflQ6tCX8My5SwQ7xcGbsrhNyH6dDmNj7R2xr_IsoSlFAecbhP6gLHuUy18lp9Mk38t9JlYo02URog-g5Grw5hfE8_2uq6-sKc7JmDZuMnh9b-D0t4uE5nC8SUAXBDXswORQRqvmBuQdlsEUPrc3mfOOjZf_IwukbBmEPtpZum3lYfftb7LrD303Xe5RVodwyF1aF6DXRSIq7KE94Rn0hQO19oPihYqJ_TbeGGeVSOW-iwrjQlk9-Skvh3MrNV7YN_oQL75phid0bp5ue1CETEZhF-tB6D8lGcABlknRJiGyLzKUsqb8SrFUM2QFsEWRstSwzwzfQcu9Qlnu72qgUPd7zsid6kg1vD-nzlC_EYcDQ https://lh3.googleusercontent.com/umsh/AN6v0v411Jo4HuS1s1O4WYfeIZZ0X9kUwk9oE1FZdhwX4_UD2YUDK14YGe0AAuesXSzrstuvxaaWc8A75nLfNISrsUDfdxxUAaF87GVl2bLgHsve3FeoWVlfji0XU75tyPd6_eZle6o2Z8CIWyunmbYT2WsXavpGZCe4gOcZgT8O9ILTynkWnrgc3IBMoUpZg-Dyy45rIY7AVJGnhWrB5sESVNqpBG7PskR-NRNkJfKe86Grh2V2jx2pyU1UTdHUeMDueO1zxf9DFfg7_B_8lcjEjFPAMJgQpNNZnZWQVkY6y0T3fhxaXnOg-W1wON1odv2yX0l4hdY4qrpgTM-m0275E4RVh44J4aajcF_aryFZuA2q_JPPwm9oameMzkG-MwPPyeCm2v7e702bGK3HYkFHGZ7Kbpq-08VLniQbzBJo3ViPttb6XL2hjm1A14nU4DTZg_UiXdMT_Tf3ojiac181KXOjyU1YucpnX1AHeKZJoPrqUsCpwaaDJIeOfgfL0zXd-N8vIizXEJ799M71CFKKpPjrjvSyjzCPxvRuYOxkXk6tSX3KUXhQdy6T53oe-WH2iciFBM0VGxvNVsvPti2awjOick088U0fDhYFg3_Ffc2B-tUfYg0_RmEG-RBrUzUO9Obu3Tjwsrp0G0VGwdANpxchIN5DC-oN6Lfbf0WhBiIHyPKUtR5ufV58oLCDUZP8N_nyXkhJ1JzkS4qalrvoqUrq6j9d","","https://lh3.googleusercontent.com/umsh/AN6v0v50pzSCqo-cqIKuuARkYrfiw7QIrSSQBjOi5_SLVNCqnhKOCOSzEU7Ek-xGn1axwn9Nk0p9pg48hXEBXjckwRc9CGSGnqamEkdviCwqHkSScrY-7je0HghXRFtIQkAvVUqkVkCEr3CgvgVtBxsZOrFOXuW2bclPdzOGhRI482LZyQCLydT-5fLOvtXc2Jx4Qms8sQkOr-n7O791QvXurl_jzJn5ksMjy4LUIZqIccXvk6rA9qMnT3gihJKAKaNNKVsvve_JbBViTHvdn_mAx3dxHVv39yKCru1pYJRHXz8HFgolY8FeqDIQ7_KTB6a1RiDXk1pFfYHxNj0b-Pb9bQ6AH9dUUQcOQRYUbTVw5WuB4Jygy7-GYrikq_sVDFy6i7xFuevDvsuOFJcS7kUqpL-2lq0yv7bSNHUY4SqLDVzlNxFzJ0KitwDV5-wug8eqkQCdFLEs2r2Vy3tSSSip6_5TAlKNJ3H9NVB1AKdWRHnYDVU-arLnzyqw07eKZvSAMW9W3wEF5UapEmcxfUokhN5DT1As1kAZO5UTO_3LueXRdQgIYrsUe6RSmtBC2PGnw5gYwe2e4a4zK2y4jCgCJlRZYJsnbzSgS-xwFO3jWm1m_d26r8xGFKQIymtbvlAjN-9wyeFmx8yjxIXbkFjDf3_Nj_z68K1rPoznouo4-Hj7IMAgNyiV7pdNnaHIWvIj9iiKarHdLipGFdaho4cQ5fWPiHCcKQ https://lh3.googleusercontent.com/umsh/AN6v0v7235s4DqFNlqCanaTdXiXUMazT7mEKhyABPgoWj6VaMeGrC_0y6qjxWg7Va9gYv3mYySXuG2rVjC2V9AMIeQpJ2e08KM3E-zOuSV6hv8i-rNWQjm_Ev3pxjoYazFH-oCS73A1WMlb0DNttQr375LpSrSH_SXunoOu3DCuf9f9c_cInmqHNAjkDuqji5orpZtqvj-NpkitgpD4cjxjopzp5KS8G08pKks4RQO47U3IgXoKl5BCn1wbHo75tRL9H58BZnzq14qjRz7Y3Sq7eRpJycaWaPsrl5lpKh5OaRictE_SOD4kW_Qwdy1wf20xyjYWeh8q2EtcOd005O6Vq_ICMHIWRBA4_ATfHPdf9cVFBeoiuiLflQ6tCX8My5SwQ7xcGbsrhNyH6dDmNj7R2xr_IsoSlFAecbhP6gLHuUy18lp9Mk38t9JlYo02URog-g5Grw5hfE8_2uq6-sKc7JmDZuMnh9b-D0t4uE5nC8SUAXBDXswORQRqvmBuQdlsEUPrc3mfOOjZf_IwukbBmEPtpZum3lYfftb7LrD303Xe5RVodwyF1aF6DXRSIq7KE94Rn0hQO19oPihYqJ_TbeGGeVSOW-iwrjQlk9-Skvh3MrNV7YN_oQL75phid0bp5ue1CETEZhF-tB6D8lGcABlknRJiGyLzKUsqb8SrFUM2QFsEWRstSwzwzfQcu9Qlnu72qgUPd7zsid6kg1vD-nzlC_EYcDQ https://lh3.googleusercontent.com/umsh/AN6v0v411Jo4HuS1s1O4WYfeIZZ0X9kUwk9oE1FZdhwX4_UD2YUDK14YGe0AAuesXSzrstuvxaaWc8A75nLfNISrsUDfdxxUAaF87GVl2bLgHsve3FeoWVlfji0XU75tyPd6_eZle6o2Z8CIWyunmbYT2WsXavpGZCe4gOcZgT8O9ILTynkWnrgc3IBMoUpZg-Dyy45rIY7AVJGnhWrB5sESVNqpBG7PskR-NRNkJfKe86Grh2V2jx2pyU1UTdHUeMDueO1zxf9DFfg7_B_8lcjEjFPAMJgQpNNZnZWQVkY6y0T3fhxaXnOg-W1wON1odv2yX0l4hdY4qrpgTM-m0275E4RVh44J4aajcF_aryFZuA2q_JPPwm9oameMzkG-MwPPyeCm2v7e702bGK3HYkFHGZ7Kbpq-08VLniQbzBJo3ViPttb6XL2hjm1A14nU4DTZg_UiXdMT_Tf3ojiac181KXOjyU1YucpnX1AHeKZJoPrqUsCpwaaDJIeOfgfL0zXd-N8vIizXEJ799M71CFKKpPjrjvSyjzCPxvRuYOxkXk6tSX3KUXhQdy6T53oe-WH2iciFBM0VGxvNVsvPti2awjOick088U0fDhYFg3_Ffc2B-tUfYg0_RmEG-RBrUzUO9Obu3Tjwsrp0G0VGwdANpxchIN5DC-oN6Lfbf0WhBiIHyPKUtR5ufV58oLCDUZP8N_nyXkhJ1JzkS4qalrvoqUrq6j9d","400","http_error"
"resorts","منتجع تايتانيك","https://lh3.googleusercontent.com/umsh/AN6v0v4NEo_Cjh9l9_5UabcZ_9Ath50KqfVlbpKBgL9NmLsmT3wvaoiZPYKYkvLDcrEUpy8WU0gII7a6TSEqUgpYpNkaQGbMZF5_aGxVw6f4bu8y_OPoH275Cf4T3lurrQzPGDWToJZg_VkeSZAN5FtXZVAE9MNiEj9DWkWPQoGW1bUyPpLDmNLJPUT2gIcIFEIJ_CCF_aWypY0IPaWMWR1KABzGN_CEOed6_idt45TL5LIEfxNAKvWeA3NPKY95ThtkUlgwwgpESLGOm5opMHhclO1hrsK5PAf2njVwJmdSJJFD-emT0PSzf0i86uPeqE5wGpFUoIFCeq9drzXAlmoO5PAltvsuC--Fd5mPRiqEgiYCxQBtTU5sq7SdmTa-x9NCXRKoLE_CRJDPJL2BnN1iLPA-h83Z7VLVkIGx7Dmg6Qrxe3gZDaWV62v3ZuA9CYsMzpJhZhLzV4Oy0EGUvakfeBdACDhMTcfO3Dcb84g8WxHjQqj8qAmfDp-hcYytUyx4yYD78DDp9fBaVkG0ectSgwcwCZvACCJvuMzOni-9mkpJgC_5QVszS71C8wXm7cEwKQlI-k6JeYGuPTVmAHKmCdXTzas_uWclLgNA5nTjlWUEYunEFiq1OcY9bjhhTUnXKeEllK891lfqWq8KVP47VPrOmoTqamsgnj-GR1dTfR2WSICDB5ySGk7t6V-CY1mm8UHjHorQfSLLqXx8mmynp-09UvUj6w","","https://lh3.googleusercontent.com/umsh/AN6v0v4NEo_Cjh9l9_5UabcZ_9Ath50KqfVlbpKBgL9NmLsmT3wvaoiZPYKYkvLDcrEUpy8WU0gII7a6TSEqUgpYpNkaQGbMZF5_aGxVw6f4bu8y_OPoH275Cf4T3lurrQzPGDWToJZg_VkeSZAN5FtXZVAE9MNiEj9DWkWPQoGW1bUyPpLDmNLJPUT2gIcIFEIJ_CCF_aWypY0IPaWMWR1KABzGN_CEOed6_idt45TL5LIEfxNAKvWeA3NPKY95ThtkUlgwwgpESLGOm5opMHhclO1hrsK5PAf2njVwJmdSJJFD-emT0PSzf0i86uPeqE5wGpFUoIFCeq9drzXAlmoO5PAltvsuC--Fd5mPRiqEgiYCxQBtTU5sq7SdmTa-x9NCXRKoLE_CRJDPJL2BnN1iLPA-h83Z7VLVkIGx7Dmg6Qrxe3gZDaWV62v3ZuA9CYsMzpJhZhLzV4Oy0EGUvakfeBdACDhMTcfO3Dcb84g8WxHjQqj8qAmfDp-hcYytUyx4yYD78DDp9fBaVkG0ectSgwcwCZvACCJvuMzOni-9mkpJgC_5QVszS71C8wXm7cEwKQlI-k6JeYGuPTVmAHKmCdXTzas_uWclLgNA5nTjlWUEYunEFiq1OcY9bjhhTUnXKeEllK891lfqWq8KVP47VPrOmoTqamsgnj-GR1dTfR2WSICDB5ySGk7t6V-CY1mm8UHjHorQfSLLqXx8mmynp-09UvUj6w","403","http_error"
"resorts","منتجع تايتانيك","https://lh3.googleusercontent.com/umsh/AN6v0v4NEo_Cjh9l9_5UabcZ_9Ath50KqfVlbpKBgL9NmLsmT3wvaoiZPYKYkvLDcrEUpy8WU0gII7a6TSEqUgpYpNkaQGbMZF5_aGxVw6f4bu8y_OPoH275Cf4T3lurrQzPGDWToJZg_VkeSZAN5FtXZVAE9MNiEj9DWkWPQoGW1bUyPpLDmNLJPUT2gIcIFEIJ_CCF_aWypY0IPaWMWR1KABzGN_CEOed6_idt45TL5LIEfxNAKvWeA3NPKY95ThtkUlgwwgpESLGOm5opMHhclO1hrsK5PAf2njVwJmdSJJFD-emT0PSzf0i86uPeqE5wGpFUoIFCeq9drzXAlmoO5PAltvsuC--Fd5mPRiqEgiYCxQBtTU5sq7SdmTa-x9NCXRKoLE_CRJDPJL2BnN1iLPA-h83Z7VLVkIGx7Dmg6Qrxe3gZDaWV62v3ZuA9CYsMzpJhZhLzV4Oy0EGUvakfeBdACDhMTcfO3Dcb84g8WxHjQqj8qAmfDp-hcYytUyx4yYD78DDp9fBaVkG0ectSgwcwCZvACCJvuMzOni-9mkpJgC_5QVszS71C8wXm7cEwKQlI-k6JeYGuPTVmAHKmCdXTzas_uWclLgNA5nTjlWUEYunEFiq1OcY9bjhhTUnXKeEllK891lfqWq8KVP47VPrOmoTqamsgnj-GR1dTfR2WSICDB5ySGk7t6V-CY1mm8UHjHorQfSLLqXx8mmynp-09UvUj6w https://mymaps.usercontent.google.com/hostedimage/m/*/3AE5a_GzAfpaF0ZC9qhLezQugJK5qzJmF5fkiOzZhzz1_Ur-5E6x7zIxhFcuV3cSBPgE865PH8zGSiHrdbXGKakBFGx4jgngb7eRCA0ffv2P3EmdQCjW5zCrBXClhVr33O1_t1wgQR7qefYs4vj-B7HHFT4hEW957a-gORhbez_kbFxKWn5dvpiKu9umTH0oIlKabguhOlmqHxbicVMXNoywguHTWdFHnP38hEkGEw9ZPsXInQKdChchpkTBqbBA?authuser=1&fife=s16383 https://mymaps.usercontent.google.com/hostedimage/m/*/3AE5a_GwigNITXsszD2J3ReuBAcEZQUt5yKPZAUyHDayZQ8XIfLW9Js4ZppKpfCnaND4Ay6-ofHh--cUeOJ1BVksEBF2D9N-sv3e0S6HtH2fSjFwWV4ZwQ5f6qdFzCe5BQ02O-Hj4FFWcH6JgN0S7-S59v8rSHIB7jJ_LH5xhuwNl_mOSablTGwpYejgJtdy658PcfLc36OhJYaZn1bsc9khl0dTfUCN0_6cVTWMAQvjoCrJ0IsUEfPchZd6ti5o?authuser=1&fife=s16383","","https://lh3.googleusercontent.com/umsh/AN6v0v4NEo_Cjh9l9_5UabcZ_9Ath50KqfVlbpKBgL9NmLsmT3wvaoiZPYKYkvLDcrEUpy8WU0gII7a6TSEqUgpYpNkaQGbMZF5_aGxVw6f4bu8y_OPoH275Cf4T3lurrQzPGDWToJZg_VkeSZAN5FtXZVAE9MNiEj9DWkWPQoGW1bUyPpLDmNLJPUT2gIcIFEIJ_CCF_aWypY0IPaWMWR1KABzGN_CEOed6_idt45TL5LIEfxNAKvWeA3NPKY95ThtkUlgwwgpESLGOm5opMHhclO1hrsK5PAf2njVwJmdSJJFD-emT0PSzf0i86uPeqE5wGpFUoIFCeq9drzXAlmoO5PAltvsuC--Fd5mPRiqEgiYCxQBtTU5sq7SdmTa-x9NCXRKoLE_CRJDPJL2BnN1iLPA-h83Z7VLVkIGx7Dmg6Qrxe3gZDaWV62v3ZuA9CYsMzpJhZhLzV4Oy0EGUvakfeBdACDhMTcfO3Dcb84g8WxHjQqj8qAmfDp-hcYytUyx4yYD78DDp9fBaVkG0ectSgwcwCZvACCJvuMzOni-9mkpJgC_5QVszS71C8wXm7cEwKQlI-k6JeYGuPTVmAHKmCdXTzas_uWclLgNA5nTjlWUEYunEFiq1OcY9bjhhTUnXKeEllK891lfqWq8KVP47VPrOmoTqamsgnj-GR1dTfR2WSICDB5ySGk7t6V-CY1mm8UHjHorQfSLLqXx8mmynp-09UvUj6w https://mymaps.usercontent.google.com/hostedimage/m/*/3AE5a_GzAfpaF0ZC9qhLezQugJK5qzJmF5fkiOzZhzz1_Ur-5E6x7zIxhFcuV3cSBPgE865PH8zGSiHrdbXGKakBFGx4jgngb7eRCA0ffv2P3EmdQCjW5zCrBXClhVr33O1_t1wgQR7qefYs4vj-B7HHFT4hEW957a-gORhbez_kbFxKWn5dvpiKu9umTH0oIlKabguhOlmqHxbicVMXNoywguHTWdFHnP38hEkGEw9ZPsXInQKdChchpkTBqbBA?authuser=1&fife=s16383 https://mymaps.usercontent.google.com/hostedimage/m/*/3AE5a_GwigNITXsszD2J3ReuBAcEZQUt5yKPZAUyHDayZQ8XIfLW9Js4ZppKpfCnaND4Ay6-ofHh--cUeOJ1BVksEBF2D9N-sv3e0S6HtH2fSjFwWV4ZwQ5f6qdFzCe5BQ02O-Hj4FFWcH6JgN0S7-S59v8rSHIB7jJ_LH5xhuwNl_mOSablTGwpYejgJtdy658PcfLc36OhJYaZn1bsc9khl0dTfUCN0_6cVTWMAQvjoCrJ0IsUEfPchZd6ti5o?authuser=1&fife=s16383","400","http_error"
"resorts","إقامة تولين السياحية","https://lh3.googleusercontent.com/umsh/AN6v0v6b9Q3oa_fbaAqxrhx3v5mLv5bt_6x1YUIX8eddqkbgjADVWRPJ6R_42_o8UrbiUtNlM4XsPeC7htSv6odpBN1jvL_2LtVwsl2VnzEp7Grckw9naBMofwOI3LYRLLYFGmttztFnwa5bOgAGJF3-PK-0Ei4KDWeKuzIX_ISBj1NgkmQaidqmZS_NU1GAy1agK89ShMt395N3tjZKwzqosHSPGWaVn2yh7i4RC45VCk7AADSzrjBHfBmL_neIT2lM2ZX_kEDkuTebfYAjdJhwMVI52SDhTem7FTe_-OYO0sULGrZZ5EOkVL0aSZQFzPjSObVhUZD_G62_z0ydCo2o0OIGZ6xu3jTypu87zHqFkEg0IieUYIqhvbVj3cfSbBB-RyATsa4wZpUzYmS9S77_lV_wPPIww2bFw2O6Q5laKlqG_mi3smadz41J59h-OpenXMdWG4cyNG776ZFPzbQaC2JBiwoNEZUn3yQN1sX_Y2rnBHQp_aewRyADTM0iX7H5w1KEU41qYBHOGxtefH8LGBr3WfR1xYkNZPPnJyTmpUFshuN7UIblbrccAD_WZc8oPe54AQSyEV6tSihyROXdc51DD_N2AqeqoFVgL5EXLUWUaJVQDZ5CGKm0JIjvt9VUxvNDtPllfSPZMbrnaTxJa2BYJKChmOriKqLyhdGK-Ak-b6_1KzdATLERHiiDJb5xXo_tT_7k8onxEZwwSL81zgvhKaCJ","","https://lh3.googleusercontent.com/umsh/AN6v0v6b9Q3oa_fbaAqxrhx3v5mLv5bt_6x1YUIX8eddqkbgjADVWRPJ6R_42_o8UrbiUtNlM4XsPeC7htSv6odpBN1jvL_2LtVwsl2VnzEp7Grckw9naBMofwOI3LYRLLYFGmttztFnwa5bOgAGJF3-PK-0Ei4KDWeKuzIX_ISBj1NgkmQaidqmZS_NU1GAy1agK89ShMt395N3tjZKwzqosHSPGWaVn2yh7i4RC45VCk7AADSzrjBHfBmL_neIT2lM2ZX_kEDkuTebfYAjdJhwMVI52SDhTem7FTe_-OYO0sULGrZZ5EOkVL0aSZQFzPjSObVhUZD_G62_z0ydCo2o0OIGZ6xu3jTypu87zHqFkEg0IieUYIqhvbVj3cfSbBB-RyATsa4wZpUzYmS9S77_lV_wPPIww2bFw2O6Q5laKlqG_mi3smadz41J59h-OpenXMdWG4cyNG776ZFPzbQaC2JBiwoNEZUn3yQN1sX_Y2rnBHQp_aewRyADTM0iX7H5w1KEU41qYBHOGxtefH8LGBr3WfR1xYkNZPPnJyTmpUFshuN7UIblbrccAD_WZc8oPe54AQSyEV6tSihyROXdc51DD_N2AqeqoFVgL5EXLUWUaJVQDZ5CGKm0JIjvt9VUxvNDtPllfSPZMbrnaTxJa2BYJKChmOriKqLyhdGK-Ak-b6_1KzdATLERHiiDJb5xXo_tT_7k8onxEZwwSL81zgvhKaCJ","403","http_error"
"resorts","إقامة تولين السياحية","https://lh3.googleusercontent.com/umsh/AN6v0v6b9Q3oa_fbaAqxrhx3v5mLv5bt_6x1YUIX8eddqkbgjADVWRPJ6R_42_o8UrbiUtNlM4XsPeC7htSv6odpBN1jvL_2LtVwsl2VnzEp7Grckw9naBMofwOI3LYRLLYFGmttztFnwa5bOgAGJF3-PK-0Ei4KDWeKuzIX_ISBj1NgkmQaidqmZS_NU1GAy1agK89ShMt395N3tjZKwzqosHSPGWaVn2yh7i4RC45VCk7AADSzrjBHfBmL_neIT2lM2ZX_kEDkuTebfYAjdJhwMVI52SDhTem7FTe_-OYO0sULGrZZ5EOkVL0aSZQFzPjSObVhUZD_G62_z0ydCo2o0OIGZ6xu3jTypu87zHqFkEg0IieUYIqhvbVj3cfSbBB-RyATsa4wZpUzYmS9S77_lV_wPPIww2bFw2O6Q5laKlqG_mi3smadz41J59h-OpenXMdWG4cyNG776ZFPzbQaC2JBiwoNEZUn3yQN1sX_Y2rnBHQp_aewRyADTM0iX7H5w1KEU41qYBHOGxtefH8LGBr3WfR1xYkNZPPnJyTmpUFshuN7UIblbrccAD_WZc8oPe54AQSyEV6tSihyROXdc51DD_N2AqeqoFVgL5EXLUWUaJVQDZ5CGKm0JIjvt9VUxvNDtPllfSPZMbrnaTxJa2BYJKChmOriKqLyhdGK-Ak-b6_1KzdATLERHiiDJb5xXo_tT_7k8onxEZwwSL81zgvhKaCJ https://mymaps.usercontent.google.com/hostedimage/m/*/3AE5a_GwZ2mhhkf-YHvFm-sF48XkywSFWtGEtfmTs2yWw06a3mhSdUHjIDurK3rsxrUAGVyvPW1xz0bkAadC3a2qRlPuXPh8ve-9keR-KvtiXf8CLGndXXVshmM-ovneuP5e4bKx7DUD38D07xyKSId0UL2JruMzBG0nw6lLlRKtK2AaO4YdeKQ92K01BAMhKdrxUsd3oz_N07IN3fXKxgzAGyqgvMx9PIEd-BvhdDlLf0INEXSgSYhdSWO7zBiU?authuser=1&fife=s16383 https://mymaps.usercontent.google.com/hostedimage/m/*/3AE5a_Gzhxlej9w6QvFbhuPrXxYpbVzWy0IBuoayykandsP9EEEqCrRw06RZF3AGvWMYs5YJRF7kAOpV8IEeKBE5FW6gtQl0jxnnUImobPwVAvV3XC--dIu9XlLgafVWVZbayGBtHVmGs15FapjsYVa7ecsZ7RK_JOcsKHCMU66ogNMF8EHMuIt0l9AHsLORUwMNWPCuDORZHBbglNO_7ouCj6pXPX_IMI2Q-cTXu-Tg_1nBWooO6ueXiYqVyNlU?authuser=1&fife=s16383","","https://lh3.googleusercontent.com/umsh/AN6v0v6b9Q3oa_fbaAqxrhx3v5mLv5bt_6x1YUIX8eddqkbgjADVWRPJ6R_42_o8UrbiUtNlM4XsPeC7htSv6odpBN1jvL_2LtVwsl2VnzEp7Grckw9naBMofwOI3LYRLLYFGmttztFnwa5bOgAGJF3-PK-0Ei4KDWeKuzIX_ISBj1NgkmQaidqmZS_NU1GAy1agK89ShMt395N3tjZKwzqosHSPGWaVn2yh7i4RC45VCk7AADSzrjBHfBmL_neIT2lM2ZX_kEDkuTebfYAjdJhwMVI52SDhTem7FTe_-OYO0sULGrZZ5EOkVL0aSZQFzPjSObVhUZD_G62_z0ydCo2o0OIGZ6xu3jTypu87zHqFkEg0IieUYIqhvbVj3cfSbBB-RyATsa4wZpUzYmS9S77_lV_wPPIww2bFw2O6Q5laKlqG_mi3smadz41J59h-OpenXMdWG4cyNG776ZFPzbQaC2JBiwoNEZUn3yQN1sX_Y2rnBHQp_aewRyADTM0iX7H5w1KEU41qYBHOGxtefH8LGBr3WfR1xYkNZPPnJyTmpUFshuN7UIblbrccAD_WZc8oPe54AQSyEV6tSihyROXdc51DD_N2AqeqoFVgL5EXLUWUaJVQDZ5CGKm0JIjvt9VUxvNDtPllfSPZMbrnaTxJa2BYJKChmOriKqLyhdGK-Ak-b6_1KzdATLERHiiDJb5xXo_tT_7k8onxEZwwSL81zgvhKaCJ https://mymaps.usercontent.google.com/hostedimage/m/*/3AE5a_GwZ2mhhkf-YHvFm-sF48XkywSFWtGEtfmTs2yWw06a3mhSdUHjIDurK3rsxrUAGVyvPW1xz0bkAadC3a2qRlPuXPh8ve-9keR-KvtiXf8CLGndXXVshmM-ovneuP5e4bKx7DUD38D07xyKSId0UL2JruMzBG0nw6lLlRKtK2AaO4YdeKQ92K01BAMhKdrxUsd3oz_N07IN3fXKxgzAGyqgvMx9PIEd-BvhdDlLf0INEXSgSYhdSWO7zBiU?authuser=1&fife=s16383 https://mymaps.usercontent.google.com/hostedimage/m/*/3AE5a_Gzhxlej9w6QvFbhuPrXxYpbVzWy0IBuoayykandsP9EEEqCrRw06RZF3AGvWMYs5YJRF7kAOpV8IEeKBE5FW6gtQl0jxnnUImobPwVAvV3XC--dIu9XlLgafVWVZbayGBtHVmGs15FapjsYVa7ecsZ7RK_JOcsKHCMU66ogNMF8EHMuIt0l9AHsLORUwMNWPCuDORZHBbglNO_7ouCj6pXPX_IMI2Q-cTXu-Tg_1nBWooO6ueXiYqVyNlU?authuser=1&fife=s16383","400","http_error"
"resorts","VILLA HAYA","https://lh3.googleusercontent.com/umsh/AN6v0v4EduHef9WxUe2hREDqU-OPom9MOwXsiLB0qGJNZsxYZ9EUwGZB5myFFhkkkFjt7UIpdh980ZNWGvH1m9t4uJ8joiJoRA2zebSTGRSfPqgluUwsajXsnsU5Tu0G-wrVwfrpc53Yut68TNm6QN8vzWT-n1y_DSNbtSSxtCtArTRbBSraNvzWokT5NQNPx1IUmoshhYHpnmZ6rDuq2PWqrgKCRn2_WCIgCSdtZX2zB-PmgPBrUkDCx-VZ1rdbyE44cu-WPPRGNqDJHI_bQDMc8FPmn584Ml_9J0nyRGZtuGYdimzu3o6S7VGPk-4lcQVyhvQnOmQVs0ESJBDe2ScWYZmzHslOLyaP5i7t6NA8T2sX_7k_KGfsFjMV_plpMqvhDqByOgWRCBqIuG2A-lGC3kA1qlbWLocyus95yuR2QGhvfhvi58LnGU3jJRvIaCQLVNYHc4vTf1vyiIu9wHEtrjgO4TWjk4s6EhKNrpcO6q-j3FPsIAi_T7jj9CIJIHUeeiiop0Q0GUYolVXUMUs2ZBghZB2nWcltsxOkFJlB_OlKv6TsEIrBeRx0ANPxNGryXqJIny5FnGGMnZ_opQX0PMBNN7RmRStXrRwJzfZBIfp8RgKSK-OWl2WqtxCnDQ4GxC_4RjFeC5mo3XgDL2Ed421o95p0Kd3YSj-WTZE6nEOZT-PyH-kC_yDCBbvdb7Nco0mmb6loq0pjDGwg672OieiCcJIGJg","","https://lh3.googleusercontent.com/umsh/AN6v0v4EduHef9WxUe2hREDqU-OPom9MOwXsiLB0qGJNZsxYZ9EUwGZB5myFFhkkkFjt7UIpdh980ZNWGvH1m9t4uJ8joiJoRA2zebSTGRSfPqgluUwsajXsnsU5Tu0G-wrVwfrpc53Yut68TNm6QN8vzWT-n1y_DSNbtSSxtCtArTRbBSraNvzWokT5NQNPx1IUmoshhYHpnmZ6rDuq2PWqrgKCRn2_WCIgCSdtZX2zB-PmgPBrUkDCx-VZ1rdbyE44cu-WPPRGNqDJHI_bQDMc8FPmn584Ml_9J0nyRGZtuGYdimzu3o6S7VGPk-4lcQVyhvQnOmQVs0ESJBDe2ScWYZmzHslOLyaP5i7t6NA8T2sX_7k_KGfsFjMV_plpMqvhDqByOgWRCBqIuG2A-lGC3kA1qlbWLocyus95yuR2QGhvfhvi58LnGU3jJRvIaCQLVNYHc4vTf1vyiIu9wHEtrjgO4TWjk4s6EhKNrpcO6q-j3FPsIAi_T7jj9CIJIHUeeiiop0Q0GUYolVXUMUs2ZBghZB2nWcltsxOkFJlB_OlKv6TsEIrBeRx0ANPxNGryXqJIny5FnGGMnZ_opQX0PMBNN7RmRStXrRwJzfZBIfp8RgKSK-OWl2WqtxCnDQ4GxC_4RjFeC5mo3XgDL2Ed421o95p0Kd3YSj-WTZE6nEOZT-PyH-kC_yDCBbvdb7Nco0mmb6loq0pjDGwg672OieiCcJIGJg","403","http_error"
"resorts","VILLA HAYA","https://lh3.googleusercontent.com/umsh/AN6v0v4AYdnriLjlnJDVmPKrzgHxhKdmMZ74Udkk3LRwAQR-wocs3Oti34VXpTcPJvqOYnj-VWhUlgxKCSD1EDVPXvMhQy4fyPJkfgUrXRerd_1UvjyQvmRw5TSPWBNQ7F17CR9HJBnnQcUQYs2xTnBtzOyONr88gd_4wuMQOD2g3z05ArpX6Lrf1rakBFtW10mXD4wFkre1FbOUos36AqDSgTWi7aT7Ix0qz2ItshMaKhF72yCWwdm2d4P3sqgfYbXKo8BXBxM5nrEkCPNp_d3eeJbI8ZbcucDghRMNcU0vwK4eoszCuop0NMJIjuWojpVMBKOLV7qGRs5IVwyMYyH4IEOygtEoI9vgP97Hb4flDVgV3HNk9ITuRF4J2QMPX8zCsbcJc8dSuRt1_ESVmUo5C5v1TV89rG22xxUgrdFoTX6LeTpHY1oAHZyLJWfXtNork7uv8dFKLief5gJjO2f0_NMl7o6V_zibfa2ji_HhBvPlgnpeGOGvdB_KW1D_54Doscj5JxbCu81miMUI6cyHJ1Ic9yJJTzwx8fpHDhJ7pmvH6wMQ2qd6OV2yGj1X6vty2QZkWqOzaAuj53arQDSHH4KDAv_daAxE40K4VLxpHkU9PoT2DJWn02Qzm7Y1OWcR-Vcb5TF7IBk1VHhz3ykWWD4-9yvdRF9im_JGyuOCo-LgE2BNeP22ZQYpsVMeQaCX72YdmJFyLfMy8k4aVI1k4YDpy8v6qA","","https://lh3.googleusercontent.com/umsh/AN6v0v4AYdnriLjlnJDVmPKrzgHxhKdmMZ74Udkk3LRwAQR-wocs3Oti34VXpTcPJvqOYnj-VWhUlgxKCSD1EDVPXvMhQy4fyPJkfgUrXRerd_1UvjyQvmRw5TSPWBNQ7F17CR9HJBnnQcUQYs2xTnBtzOyONr88gd_4wuMQOD2g3z05ArpX6Lrf1rakBFtW10mXD4wFkre1FbOUos36AqDSgTWi7aT7Ix0qz2ItshMaKhF72yCWwdm2d4P3sqgfYbXKo8BXBxM5nrEkCPNp_d3eeJbI8ZbcucDghRMNcU0vwK4eoszCuop0NMJIjuWojpVMBKOLV7qGRs5IVwyMYyH4IEOygtEoI9vgP97Hb4flDVgV3HNk9ITuRF4J2QMPX8zCsbcJc8dSuRt1_ESVmUo5C5v1TV89rG22xxUgrdFoTX6LeTpHY1oAHZyLJWfXtNork7uv8dFKLief5gJjO2f0_NMl7o6V_zibfa2ji_HhBvPlgnpeGOGvdB_KW1D_54Doscj5JxbCu81miMUI6cyHJ1Ic9yJJTzwx8fpHDhJ7pmvH6wMQ2qd6OV2yGj1X6vty2QZkWqOzaAuj53arQDSHH4KDAv_daAxE40K4VLxpHkU9PoT2DJWn02Qzm7Y1OWcR-Vcb5TF7IBk1VHhz3ykWWD4-9yvdRF9im_JGyuOCo-LgE2BNeP22ZQYpsVMeQaCX72YdmJFyLfMy8k4aVI1k4YDpy8v6qA","403","http_error"
"resorts","VILLA HAYA","https://lh3.googleusercontent.com/umsh/AN6v0v4EduHef9WxUe2hREDqU-OPom9MOwXsiLB0qGJNZsxYZ9EUwGZB5myFFhkkkFjt7UIpdh980ZNWGvH1m9t4uJ8joiJoRA2zebSTGRSfPqgluUwsajXsnsU5Tu0G-wrVwfrpc53Yut68TNm6QN8vzWT-n1y_DSNbtSSxtCtArTRbBSraNvzWokT5NQNPx1IUmoshhYHpnmZ6rDuq2PWqrgKCRn2_WCIgCSdtZX2zB-PmgPBrUkDCx-VZ1rdbyE44cu-WPPRGNqDJHI_bQDMc8FPmn584Ml_9J0nyRGZtuGYdimzu3o6S7VGPk-4lcQVyhvQnOmQVs0ESJBDe2ScWYZmzHslOLyaP5i7t6NA8T2sX_7k_KGfsFjMV_plpMqvhDqByOgWRCBqIuG2A-lGC3kA1qlbWLocyus95yuR2QGhvfhvi58LnGU3jJRvIaCQLVNYHc4vTf1vyiIu9wHEtrjgO4TWjk4s6EhKNrpcO6q-j3FPsIAi_T7jj9CIJIHUeeiiop0Q0GUYolVXUMUs2ZBghZB2nWcltsxOkFJlB_OlKv6TsEIrBeRx0ANPxNGryXqJIny5FnGGMnZ_opQX0PMBNN7RmRStXrRwJzfZBIfp8RgKSK-OWl2WqtxCnDQ4GxC_4RjFeC5mo3XgDL2Ed421o95p0Kd3YSj-WTZE6nEOZT-PyH-kC_yDCBbvdb7Nco0mmb6loq0pjDGwg672OieiCcJIGJg https://lh3.googleusercontent.com/umsh/AN6v0v4AYdnriLjlnJDVmPKrzgHxhKdmMZ74Udkk3LRwAQR-wocs3Oti34VXpTcPJvqOYnj-VWhUlgxKCSD1EDVPXvMhQy4fyPJkfgUrXRerd_1UvjyQvmRw5TSPWBNQ7F17CR9HJBnnQcUQYs2xTnBtzOyONr88gd_4wuMQOD2g3z05ArpX6Lrf1rakBFtW10mXD4wFkre1FbOUos36AqDSgTWi7aT7Ix0qz2ItshMaKhF72yCWwdm2d4P3sqgfYbXKo8BXBxM5nrEkCPNp_d3eeJbI8ZbcucDghRMNcU0vwK4eoszCuop0NMJIjuWojpVMBKOLV7qGRs5IVwyMYyH4IEOygtEoI9vgP97Hb4flDVgV3HNk9ITuRF4J2QMPX8zCsbcJc8dSuRt1_ESVmUo5C5v1TV89rG22xxUgrdFoTX6LeTpHY1oAHZyLJWfXtNork7uv8dFKLief5gJjO2f0_NMl7o6V_zibfa2ji_HhBvPlgnpeGOGvdB_KW1D_54Doscj5JxbCu81miMUI6cyHJ1Ic9yJJTzwx8fpHDhJ7pmvH6wMQ2qd6OV2yGj1X6vty2QZkWqOzaAuj53arQDSHH4KDAv_daAxE40K4VLxpHkU9PoT2DJWn02Qzm7Y1OWcR-Vcb5TF7IBk1VHhz3ykWWD4-9yvdRF9im_JGyuOCo-LgE2BNeP22ZQYpsVMeQaCX72YdmJFyLfMy8k4aVI1k4YDpy8v6qA","","https://lh3.googleusercontent.com/umsh/AN6v0v4EduHef9WxUe2hREDqU-OPom9MOwXsiLB0qGJNZsxYZ9EUwGZB5myFFhkkkFjt7UIpdh980ZNWGvH1m9t4uJ8joiJoRA2zebSTGRSfPqgluUwsajXsnsU5Tu0G-wrVwfrpc53Yut68TNm6QN8vzWT-n1y_DSNbtSSxtCtArTRbBSraNvzWokT5NQNPx1IUmoshhYHpnmZ6rDuq2PWqrgKCRn2_WCIgCSdtZX2zB-PmgPBrUkDCx-VZ1rdbyE44cu-WPPRGNqDJHI_bQDMc8FPmn584Ml_9J0nyRGZtuGYdimzu3o6S7VGPk-4lcQVyhvQnOmQVs0ESJBDe2ScWYZmzHslOLyaP5i7t6NA8T2sX_7k_KGfsFjMV_plpMqvhDqByOgWRCBqIuG2A-lGC3kA1qlbWLocyus95yuR2QGhvfhvi58LnGU3jJRvIaCQLVNYHc4vTf1vyiIu9wHEtrjgO4TWjk4s6EhKNrpcO6q-j3FPsIAi_T7jj9CIJIHUeeiiop0Q0GUYolVXUMUs2ZBghZB2nWcltsxOkFJlB_OlKv6TsEIrBeRx0ANPxNGryXqJIny5FnGGMnZ_opQX0PMBNN7RmRStXrRwJzfZBIfp8RgKSK-OWl2WqtxCnDQ4GxC_4RjFeC5mo3XgDL2Ed421o95p0Kd3YSj-WTZE6nEOZT-PyH-kC_yDCBbvdb7Nco0mmb6loq0pjDGwg672OieiCcJIGJg https://lh3.googleusercontent.com/umsh/AN6v0v4AYdnriLjlnJDVmPKrzgHxhKdmMZ74Udkk3LRwAQR-wocs3Oti34VXpTcPJvqOYnj-VWhUlgxKCSD1EDVPXvMhQy4fyPJkfgUrXRerd_1UvjyQvmRw5TSPWBNQ7F17CR9HJBnnQcUQYs2xTnBtzOyONr88gd_4wuMQOD2g3z05ArpX6Lrf1rakBFtW10mXD4wFkre1FbOUos36AqDSgTWi7aT7Ix0qz2ItshMaKhF72yCWwdm2d4P3sqgfYbXKo8BXBxM5nrEkCPNp_d3eeJbI8ZbcucDghRMNcU0vwK4eoszCuop0NMJIjuWojpVMBKOLV7qGRs5IVwyMYyH4IEOygtEoI9vgP97Hb4flDVgV3HNk9ITuRF4J2QMPX8zCsbcJc8dSuRt1_ESVmUo5C5v1TV89rG22xxUgrdFoTX6LeTpHY1oAHZyLJWfXtNork7uv8dFKLief5gJjO2f0_NMl7o6V_zibfa2ji_HhBvPlgnpeGOGvdB_KW1D_54Doscj5JxbCu81miMUI6cyHJ1Ic9yJJTzwx8fpHDhJ7pmvH6wMQ2qd6OV2yGj1X6vty2QZkWqOzaAuj53arQDSHH4KDAv_daAxE40K4VLxpHkU9PoT2DJWn02Qzm7Y1OWcR-Vcb5TF7IBk1VHhz3ykWWD4-9yvdRF9im_JGyuOCo-LgE2BNeP22ZQYpsVMeQaCX72YdmJFyLfMy8k4aVI1k4YDpy8v6qA","400","http_error"
"resorts","قرية تيبودا السياحيه","https://lh3.googleusercontent.com/umsh/AN6v0v4BqLLs7-seBJoPfIDPxgt5Xli97zo5V-R6Z36a7bg4YojYXseBM4Dtyx9aH16Sq_fL1IlyLGGy6S3LZCBqc4Qe1_4uaAqr_E0r3UktiZFvfKy7vSjFEsUysim7XiyDWby85Lrrv2cvNsRB93eShG8fm9hi1pEpBLsVA7bAirbAB9vk1EW2Lijhb7A2YmHmnQl02sAGRPvB7jMEn3DzDB3lTPaFYKS9tCHr29P3NbMClzFSi48r0AiTAZdkJoOH8GGK_5Tfny5dn5LOqYB2YgGF4Sk2orB4_e8vRMnWeU2XZq3YAq94fzTN7BhHVquhH1oAodKMdj3InWdOj2Yudu2oVdEjitWXHGxu_L2Ys_dwL-rk6cUuraAx7tozkauE5YovzNkzocNIMtATw7TfvoSkypq745ciOc9-o1OBPiTWC5Ljp8j0B_HYYkSH4cP008uXY-3b0dBqHycDhAL-x3wmIOF5O341W_ITSLDqamWI7-nsX2WhTysruwlp3ma-CYozKgdDTK_oqcDqTfX0Agu38CsKc7en_8RshxHJZwN1gdzLQPnEQFjltIKph5I5h915CmfGIdUVoV2ODgSt00JyN8hfKXTSpWsqaijUC9f5gxyII1mA2E2oZA1B7w0NEM8nsuU_-B1gZV4Sx-K847uYOCFP51zY_Ub16ngwgHhvyOVUdnn_yyKIcsu94uOD2od9RenT2leKZrrUCYEykFmPgBiGBA","","https://lh3.googleusercontent.com/umsh/AN6v0v4BqLLs7-seBJoPfIDPxgt5Xli97zo5V-R6Z36a7bg4YojYXseBM4Dtyx9aH16Sq_fL1IlyLGGy6S3LZCBqc4Qe1_4uaAqr_E0r3UktiZFvfKy7vSjFEsUysim7XiyDWby85Lrrv2cvNsRB93eShG8fm9hi1pEpBLsVA7bAirbAB9vk1EW2Lijhb7A2YmHmnQl02sAGRPvB7jMEn3DzDB3lTPaFYKS9tCHr29P3NbMClzFSi48r0AiTAZdkJoOH8GGK_5Tfny5dn5LOqYB2YgGF4Sk2orB4_e8vRMnWeU2XZq3YAq94fzTN7BhHVquhH1oAodKMdj3InWdOj2Yudu2oVdEjitWXHGxu_L2Ys_dwL-rk6cUuraAx7tozkauE5YovzNkzocNIMtATw7TfvoSkypq745ciOc9-o1OBPiTWC5Ljp8j0B_HYYkSH4cP008uXY-3b0dBqHycDhAL-x3wmIOF5O341W_ITSLDqamWI7-nsX2WhTysruwlp3ma-CYozKgdDTK_oqcDqTfX0Agu38CsKc7en_8RshxHJZwN1gdzLQPnEQFjltIKph5I5h915CmfGIdUVoV2ODgSt00JyN8hfKXTSpWsqaijUC9f5gxyII1mA2E2oZA1B7w0NEM8nsuU_-B1gZV4Sx-K847uYOCFP51zY_Ub16ngwgHhvyOVUdnn_yyKIcsu94uOD2od9RenT2leKZrrUCYEykFmPgBiGBA","403","http_error"
"resorts","قرية تيبودا السياحيه","https://lh3.googleusercontent.com/umsh/AN6v0v4sKHN1-AtEPrEAXz2lSJQhgKt0i5zJLanGpz7COtPa0TlqmS-0dli6Tj6mSBF82uOCedEmdJqaOytz7x-ghAsN1IKZrHmdCixP1R3tvVjIOLBeJihFivLh7B19bCOtIY7fPDVHTu9TZ2ySn_986qJumyU8P1beiKTHXZClkKWHM-6R4X9QqXIY58Bdgt384-5UJQMeGmUDqr-WlC-5rWfowuNMqZbIPGkzimOckYA67cLxy1aRwE8ed3M-e-TGdLjSLZP-nP0Fv8IUW2qmFpuuZIg_S_fWEzBVi0OOgyGIqjY4BH2aZFdqbM22HJoncB1aQ2cit9JVnry-CAsvz2Yf8F0gz25A5RcdTyjIW3KwhUdLw6kABY1NqBdZ439f4B1Ua24txOIP9tiXYioMp_cp5WJwlIJZT3lxP5eVGgAXPoY5rXZb5wAGtJY2RLjk_zu07RTp4E4-ijPsRkGJYhEk-L53r_gFG8we_Ac4SjD_-a57LIFL-WBYJBj0EvTyorBud7oqb8fSJbrARX4Zt87e62iNxYLrtRkq3fvDqzZzQF7Br9MqrHo-iDAkcN4-Kfmv0ytMhEzleEROxFvMAeLP8_3fB63-tnESit4DAKv8-IwFPujuGJOTEBC3x4piuRDSC_jp1vbWVTCzxpIsHcyOlNc5M9-MWV4OWMmdxz-QF4y-anUBDn1IteVSCj9F_SgQoOUZK76TO3hyjJXgAjMt8soWqg","","https://lh3.googleusercontent.com/umsh/AN6v0v4sKHN1-AtEPrEAXz2lSJQhgKt0i5zJLanGpz7COtPa0TlqmS-0dli6Tj6mSBF82uOCedEmdJqaOytz7x-ghAsN1IKZrHmdCixP1R3tvVjIOLBeJihFivLh7B19bCOtIY7fPDVHTu9TZ2ySn_986qJumyU8P1beiKTHXZClkKWHM-6R4X9QqXIY58Bdgt384-5UJQMeGmUDqr-WlC-5rWfowuNMqZbIPGkzimOckYA67cLxy1aRwE8ed3M-e-TGdLjSLZP-nP0Fv8IUW2qmFpuuZIg_S_fWEzBVi0OOgyGIqjY4BH2aZFdqbM22HJoncB1aQ2cit9JVnry-CAsvz2Yf8F0gz25A5RcdTyjIW3KwhUdLw6kABY1NqBdZ439f4B1Ua24txOIP9tiXYioMp_cp5WJwlIJZT3lxP5eVGgAXPoY5rXZb5wAGtJY2RLjk_zu07RTp4E4-ijPsRkGJYhEk-L53r_gFG8we_Ac4SjD_-a57LIFL-WBYJBj0EvTyorBud7oqb8fSJbrARX4Zt87e62iNxYLrtRkq3fvDqzZzQF7Br9MqrHo-iDAkcN4-Kfmv0ytMhEzleEROxFvMAeLP8_3fB63-tnESit4DAKv8-IwFPujuGJOTEBC3x4piuRDSC_jp1vbWVTCzxpIsHcyOlNc5M9-MWV4OWMmdxz-QF4y-anUBDn1IteVSCj9F_SgQoOUZK76TO3hyjJXgAjMt8soWqg","403","http_error"
"resorts","قرية تيبودا السياحيه","https://lh3.googleusercontent.com/umsh/AN6v0v6Gcrp4WkMr66OYjjEuQu967yzKZpB2tHlMBDovzee1yP3F6tRQAn844b5XDrczQkjjHWr0EpXKVHsaqpvyOM4p6EXw_z_ul80-hITgjjoeP9QvLGMm-0smZyldmiZWg_pVt46fjRXMFvjETKm7mSb7v9vK4nvoRD6fww8ItU0z4Qyfj6dT-TvTQRgMwFzC_pKeIBe4zua9doHVaqBCpkYJZ16J4MZVDfvOIpq6GFZPlrMG1lu83wVHa-fHaAapnw0s371iHcAX3CZt3WQ-Qqo3RQBTcj9UsR3ylutKxr8iUIHellyZCo4ePln0yzgAngIBgpvgSGIzAqmaAuKQd-nfUph_UvxkVv1B3KXwI2FhEHSRwyjVmPRO3vQJ8KZraMLjPi4N0Pj2ojB8XPay276-tjbHwLKBiqdkBsN25rRY6pnATivO9U_O6c9xOkCXYFSSs7hCJ-16YW8sJC_4-4Wfxtm07ExLmBiTLYHAzSZpaQXMCOlTjXm18oTNZZMYae0TVc5IjAQWxHejyyT-XbNy-D6TWXZoFpJGxBspqGMZ9t7jOBikSQXL7ObP8ItxSASHJQEtdrD86CcfCh7Ds_2VEIifr6NpDLenvVYz_5Mwc3lFEVjMP7fYyoANupzrUB9XD-ELH__S0LyDi5udkxaW4dn7QVCcIEDr81hlKi7OeD0mUo3YeRg8Cq1tegK7ZAy5I7abZW-Os4iB_mRlXXyOePcT8w","","https://lh3.googleusercontent.com/umsh/AN6v0v6Gcrp4WkMr66OYjjEuQu967yzKZpB2tHlMBDovzee1yP3F6tRQAn844b5XDrczQkjjHWr0EpXKVHsaqpvyOM4p6EXw_z_ul80-hITgjjoeP9QvLGMm-0smZyldmiZWg_pVt46fjRXMFvjETKm7mSb7v9vK4nvoRD6fww8ItU0z4Qyfj6dT-TvTQRgMwFzC_pKeIBe4zua9doHVaqBCpkYJZ16J4MZVDfvOIpq6GFZPlrMG1lu83wVHa-fHaAapnw0s371iHcAX3CZt3WQ-Qqo3RQBTcj9UsR3ylutKxr8iUIHellyZCo4ePln0yzgAngIBgpvgSGIzAqmaAuKQd-nfUph_UvxkVv1B3KXwI2FhEHSRwyjVmPRO3vQJ8KZraMLjPi4N0Pj2ojB8XPay276-tjbHwLKBiqdkBsN25rRY6pnATivO9U_O6c9xOkCXYFSSs7hCJ-16YW8sJC_4-4Wfxtm07ExLmBiTLYHAzSZpaQXMCOlTjXm18oTNZZMYae0TVc5IjAQWxHejyyT-XbNy-D6TWXZoFpJGxBspqGMZ9t7jOBikSQXL7ObP8ItxSASHJQEtdrD86CcfCh7Ds_2VEIifr6NpDLenvVYz_5Mwc3lFEVjMP7fYyoANupzrUB9XD-ELH__S0LyDi5udkxaW4dn7QVCcIEDr81hlKi7OeD0mUo3YeRg8Cq1tegK7ZAy5I7abZW-Os4iB_mRlXXyOePcT8w","403","http_error"
"resorts","قرية تيبودا السياحيه","https://lh3.googleusercontent.com/umsh/AN6v0v4BqLLs7-seBJoPfIDPxgt5Xli97zo5V-R6Z36a7bg4YojYXseBM4Dtyx9aH16Sq_fL1IlyLGGy6S3LZCBqc4Qe1_4uaAqr_E0r3UktiZFvfKy7vSjFEsUysim7XiyDWby85Lrrv2cvNsRB93eShG8fm9hi1pEpBLsVA7bAirbAB9vk1EW2Lijhb7A2YmHmnQl02sAGRPvB7jMEn3DzDB3lTPaFYKS9tCHr29P3NbMClzFSi48r0AiTAZdkJoOH8GGK_5Tfny5dn5LOqYB2YgGF4Sk2orB4_e8vRMnWeU2XZq3YAq94fzTN7BhHVquhH1oAodKMdj3InWdOj2Yudu2oVdEjitWXHGxu_L2Ys_dwL-rk6cUuraAx7tozkauE5YovzNkzocNIMtATw7TfvoSkypq745ciOc9-o1OBPiTWC5Ljp8j0B_HYYkSH4cP008uXY-3b0dBqHycDhAL-x3wmIOF5O341W_ITSLDqamWI7-nsX2WhTysruwlp3ma-CYozKgdDTK_oqcDqTfX0Agu38CsKc7en_8RshxHJZwN1gdzLQPnEQFjltIKph5I5h915CmfGIdUVoV2ODgSt00JyN8hfKXTSpWsqaijUC9f5gxyII1mA2E2oZA1B7w0NEM8nsuU_-B1gZV4Sx-K847uYOCFP51zY_Ub16ngwgHhvyOVUdnn_yyKIcsu94uOD2od9RenT2leKZrrUCYEykFmPgBiGBA https://lh3.googleusercontent.com/umsh/AN6v0v4sKHN1-AtEPrEAXz2lSJQhgKt0i5zJLanGpz7COtPa0TlqmS-0dli6Tj6mSBF82uOCedEmdJqaOytz7x-ghAsN1IKZrHmdCixP1R3tvVjIOLBeJihFivLh7B19bCOtIY7fPDVHTu9TZ2ySn_986qJumyU8P1beiKTHXZClkKWHM-6R4X9QqXIY58Bdgt384-5UJQMeGmUDqr-WlC-5rWfowuNMqZbIPGkzimOckYA67cLxy1aRwE8ed3M-e-TGdLjSLZP-nP0Fv8IUW2qmFpuuZIg_S_fWEzBVi0OOgyGIqjY4BH2aZFdqbM22HJoncB1aQ2cit9JVnry-CAsvz2Yf8F0gz25A5RcdTyjIW3KwhUdLw6kABY1NqBdZ439f4B1Ua24txOIP9tiXYioMp_cp5WJwlIJZT3lxP5eVGgAXPoY5rXZb5wAGtJY2RLjk_zu07RTp4E4-ijPsRkGJYhEk-L53r_gFG8we_Ac4SjD_-a57LIFL-WBYJBj0EvTyorBud7oqb8fSJbrARX4Zt87e62iNxYLrtRkq3fvDqzZzQF7Br9MqrHo-iDAkcN4-Kfmv0ytMhEzleEROxFvMAeLP8_3fB63-tnESit4DAKv8-IwFPujuGJOTEBC3x4piuRDSC_jp1vbWVTCzxpIsHcyOlNc5M9-MWV4OWMmdxz-QF4y-anUBDn1IteVSCj9F_SgQoOUZK76TO3hyjJXgAjMt8soWqg https://lh3.googleusercontent.com/umsh/AN6v0v6Gcrp4WkMr66OYjjEuQu967yzKZpB2tHlMBDovzee1yP3F6tRQAn844b5XDrczQkjjHWr0EpXKVHsaqpvyOM4p6EXw_z_ul80-hITgjjoeP9QvLGMm-0smZyldmiZWg_pVt46fjRXMFvjETKm7mSb7v9vK4nvoRD6fww8ItU0z4Qyfj6dT-TvTQRgMwFzC_pKeIBe4zua9doHVaqBCpkYJZ16J4MZVDfvOIpq6GFZPlrMG1lu83wVHa-fHaAapnw0s371iHcAX3CZt3WQ-Qqo3RQBTcj9UsR3ylutKxr8iUIHellyZCo4ePln0yzgAngIBgpvgSGIzAqmaAuKQd-nfUph_UvxkVv1B3KXwI2FhEHSRwyjVmPRO3vQJ8KZraMLjPi4N0Pj2ojB8XPay276-tjbHwLKBiqdkBsN25rRY6pnATivO9U_O6c9xOkCXYFSSs7hCJ-16YW8sJC_4-4Wfxtm07ExLmBiTLYHAzSZpaQXMCOlTjXm18oTNZZMYae0TVc5IjAQWxHejyyT-XbNy-D6TWXZoFpJGxBspqGMZ9t7jOBikSQXL7ObP8ItxSASHJQEtdrD86CcfCh7Ds_2VEIifr6NpDLenvVYz_5Mwc3lFEVjMP7fYyoANupzrUB9XD-ELH__S0LyDi5udkxaW4dn7QVCcIEDr81hlKi7OeD0mUo3YeRg8Cq1tegK7ZAy5I7abZW-Os4iB_mRlXXyOePcT8w","","https://lh3.googleusercontent.com/umsh/AN6v0v4BqLLs7-seBJoPfIDPxgt5Xli97zo5V-R6Z36a7bg4YojYXseBM4Dtyx9aH16Sq_fL1IlyLGGy6S3LZCBqc4Qe1_4uaAqr_E0r3UktiZFvfKy7vSjFEsUysim7XiyDWby85Lrrv2cvNsRB93eShG8fm9hi1pEpBLsVA7bAirbAB9vk1EW2Lijhb7A2YmHmnQl02sAGRPvB7jMEn3DzDB3lTPaFYKS9tCHr29P3NbMClzFSi48r0AiTAZdkJoOH8GGK_5Tfny5dn5LOqYB2YgGF4Sk2orB4_e8vRMnWeU2XZq3YAq94fzTN7BhHVquhH1oAodKMdj3InWdOj2Yudu2oVdEjitWXHGxu_L2Ys_dwL-rk6cUuraAx7tozkauE5YovzNkzocNIMtATw7TfvoSkypq745ciOc9-o1OBPiTWC5Ljp8j0B_HYYkSH4cP008uXY-3b0dBqHycDhAL-x3wmIOF5O341W_ITSLDqamWI7-nsX2WhTysruwlp3ma-CYozKgdDTK_oqcDqTfX0Agu38CsKc7en_8RshxHJZwN1gdzLQPnEQFjltIKph5I5h915CmfGIdUVoV2ODgSt00JyN8hfKXTSpWsqaijUC9f5gxyII1mA2E2oZA1B7w0NEM8nsuU_-B1gZV4Sx-K847uYOCFP51zY_Ub16ngwgHhvyOVUdnn_yyKIcsu94uOD2od9RenT2leKZrrUCYEykFmPgBiGBA https://lh3.googleusercontent.com/umsh/AN6v0v4sKHN1-AtEPrEAXz2lSJQhgKt0i5zJLanGpz7COtPa0TlqmS-0dli6Tj6mSBF82uOCedEmdJqaOytz7x-ghAsN1IKZrHmdCixP1R3tvVjIOLBeJihFivLh7B19bCOtIY7fPDVHTu9TZ2ySn_986qJumyU8P1beiKTHXZClkKWHM-6R4X9QqXIY58Bdgt384-5UJQMeGmUDqr-WlC-5rWfowuNMqZbIPGkzimOckYA67cLxy1aRwE8ed3M-e-TGdLjSLZP-nP0Fv8IUW2qmFpuuZIg_S_fWEzBVi0OOgyGIqjY4BH2aZFdqbM22HJoncB1aQ2cit9JVnry-CAsvz2Yf8F0gz25A5RcdTyjIW3KwhUdLw6kABY1NqBdZ439f4B1Ua24txOIP9tiXYioMp_cp5WJwlIJZT3lxP5eVGgAXPoY5rXZb5wAGtJY2RLjk_zu07RTp4E4-ijPsRkGJYhEk-L53r_gFG8we_Ac4SjD_-a57LIFL-WBYJBj0EvTyorBud7oqb8fSJbrARX4Zt87e62iNxYLrtRkq3fvDqzZzQF7Br9MqrHo-iDAkcN4-Kfmv0ytMhEzleEROxFvMAeLP8_3fB63-tnESit4DAKv8-IwFPujuGJOTEBC3x4piuRDSC_jp1vbWVTCzxpIsHcyOlNc5M9-MWV4OWMmdxz-QF4y-anUBDn1IteVSCj9F_SgQoOUZK76TO3hyjJXgAjMt8soWqg https://lh3.googleusercontent.com/umsh/AN6v0v6Gcrp4WkMr66OYjjEuQu967yzKZpB2tHlMBDovzee1yP3F6tRQAn844b5XDrczQkjjHWr0EpXKVHsaqpvyOM4p6EXw_z_ul80-hITgjjoeP9QvLGMm-0smZyldmiZWg_pVt46fjRXMFvjETKm7mSb7v9vK4nvoRD6fww8ItU0z4Qyfj6dT-TvTQRgMwFzC_pKeIBe4zua9doHVaqBCpkYJZ16J4MZVDfvOIpq6GFZPlrMG1lu83wVHa-fHaAapnw0s371iHcAX3CZt3WQ-Qqo3RQBTcj9UsR3ylutKxr8iUIHellyZCo4ePln0yzgAngIBgpvgSGIzAqmaAuKQd-nfUph_UvxkVv1B3KXwI2FhEHSRwyjVmPRO3vQJ8KZraMLjPi4N0Pj2ojB8XPay276-tjbHwLKBiqdkBsN25rRY6pnATivO9U_O6c9xOkCXYFSSs7hCJ-16YW8sJC_4-4Wfxtm07ExLmBiTLYHAzSZpaQXMCOlTjXm18oTNZZMYae0TVc5IjAQWxHejyyT-XbNy-D6TWXZoFpJGxBspqGMZ9t7jOBikSQXL7ObP8ItxSASHJQEtdrD86CcfCh7Ds_2VEIifr6NpDLenvVYz_5Mwc3lFEVjMP7fYyoANupzrUB9XD-ELH__S0LyDi5udkxaW4dn7QVCcIEDr81hlKi7OeD0mUo3YeRg8Cq1tegK7ZAy5I7abZW-Os4iB_mRlXXyOePcT8w","400","http_error"
"investment","قرية إدوس السياحية","https://mymaps.usercontent.google.com/hostedimage/m/*/3AE5a_GyoG3joUxR4NjutV1kXnW-wmc2EAXv4pu8-KlusV7bi6SPqsg4OD7_XbzqaxdlsEEqLyMbvMwrLryhwoVVvtl8WE8V7H6FySAO4gCjSaf3BWt6NAGsTcyc6-wri9Q2QbCHQF-HXTv8a2OkiRWzcSYbBHp_KU2oTwH3iA1zLvsbb40fSA7DnTLUZEmERA-8stzfGueGrSzA0AUKXQbB22KnQhqr9CtD38NjOTjQd9R04aIa6LL79FDFi7do?authuser=1&fife=s16383 https://mymaps.usercontent.google.com/hostedimage/m/*/3AE5a_GyRGPnSC5Lva1WUzQabfak_A9RUj2eSdhkBHKDAeQN6tI3KM9ob8sXsetCSr0bPnikjgQjjiTYeNH5ZtDgY01u14c1WtO0mCQ_r_DFTee3mCOi-NsOkf-E9yk3mxs0-zEdMyxYrHpbeXuZkQESpY-ASTIgmzpAuBJMxH-h0UJ0S-0niahF7qkPPF42S7ZVvfB0rqTduy3EAuL-6wiGUoR_aOKdHltiHZSnlL3mr4FLguT3PJFrq9gGAAfQ?authuser=1&fife=s16383 https://mymaps.usercontent.google.com/hostedimage/m/*/3AE5a_GwtXL1ypZ8YmwVIs0DhGIYZk8JQxy0dsH9oDh2ht48Fhb6w2pyCuUHHd0YNKxbfITPYDFQlpqH3RNALZ1DkJCRBoGs4B0PfPJGqT2wL1xe9rM2MPrzO9bbk7PkvgTc9m-C-0Z64W69o4Qc8mtVp6UMAxQL_yPl9YzyrWAOzW4ITeq6PXtbH34Oexaktgd9wM0PFXaqaLsBoEAKexU5YAlKyURCm7Nqt5o3zofWq87amDwOM-EYPqfrHHr0?authuser=1&fife=s16383","","https://mymaps.usercontent.google.com/hostedimage/m/*/3AE5a_GyoG3joUxR4NjutV1kXnW-wmc2EAXv4pu8-KlusV7bi6SPqsg4OD7_XbzqaxdlsEEqLyMbvMwrLryhwoVVvtl8WE8V7H6FySAO4gCjSaf3BWt6NAGsTcyc6-wri9Q2QbCHQF-HXTv8a2OkiRWzcSYbBHp_KU2oTwH3iA1zLvsbb40fSA7DnTLUZEmERA-8stzfGueGrSzA0AUKXQbB22KnQhqr9CtD38NjOTjQd9R04aIa6LL79FDFi7do?authuser=1&fife=s16383 https://mymaps.usercontent.google.com/hostedimage/m/*/3AE5a_GyRGPnSC5Lva1WUzQabfak_A9RUj2eSdhkBHKDAeQN6tI3KM9ob8sXsetCSr0bPnikjgQjjiTYeNH5ZtDgY01u14c1WtO0mCQ_r_DFTee3mCOi-NsOkf-E9yk3mxs0-zEdMyxYrHpbeXuZkQESpY-ASTIgmzpAuBJMxH-h0UJ0S-0niahF7qkPPF42S7ZVvfB0rqTduy3EAuL-6wiGUoR_aOKdHltiHZSnlL3mr4FLguT3PJFrq9gGAAfQ?authuser=1&fife=s16383 https://mymaps.usercontent.google.com/hostedimage/m/*/3AE5a_GwtXL1ypZ8YmwVIs0DhGIYZk8JQxy0dsH9oDh2ht48Fhb6w2pyCuUHHd0YNKxbfITPYDFQlpqH3RNALZ1DkJCRBoGs4B0PfPJGqT2wL1xe9rM2MPrzO9bbk7PkvgTc9m-C-0Z64W69o4Qc8mtVp6UMAxQL_yPl9YzyrWAOzW4ITeq6PXtbH34Oexaktgd9wM0PFXaqaLsBoEAKexU5YAlKyURCm7Nqt5o3zofWq87amDwOM-EYPqfrHHr0?authuser=1&fife=s16383","400","http_error"
"investment","قرية فيرونا السياحية","https://mymaps.usercontent.google.com/hostedimage/m/*/3AE5a_GwZidWyrMOLWdy1pbW0h3BUTUr-XaGnT_Wgk_1wz7vIzvCkhifLhpwDWyugDOahcFTI10zju-_FAt9IUqm87M9J1pSkp5N4xWsucQ_A4qL_rdM8a0jWpfIOKbcaXhgwFcQVP7PNuOjAeINtTIAs1oie_nFxgzxnBCl4gXP9nuF5jBDWhgyDJu34v5SSxxFhcBB08l8UfdZd9asKVz3eDz-rifKxLWu9ViRcfjgxZYpcZgmhuggx5BpgyL8?authuser=1&fife=s16383 https://mymaps.usercontent.google.com/hostedimage/m/*/3AE5a_Gy4jdfW1ygOSDwotMId5srBS0M_nbrlldPCfqKFYCKuLnI9aHObYlNqJpAFivEGeNSSc2wWOlV1m13KF0OQmdejOu8x3hIMHD_iqMAf5M2y5LzhZeSWEj3ojr04daCJ_30gFvqZo5afAiNLrIYZInKINVNn_EvUbchDej_oHsfJOzPpm0KD2BWIU9Gwm874OinM9PR60AKOK07AkS8eMB9YQfn4TsZx58yu7Y3KvAqgKXeJe1W1nNtuDLw?authuser=1&fife=s16383","","https://mymaps.usercontent.google.com/hostedimage/m/*/3AE5a_GwZidWyrMOLWdy1pbW0h3BUTUr-XaGnT_Wgk_1wz7vIzvCkhifLhpwDWyugDOahcFTI10zju-_FAt9IUqm87M9J1pSkp5N4xWsucQ_A4qL_rdM8a0jWpfIOKbcaXhgwFcQVP7PNuOjAeINtTIAs1oie_nFxgzxnBCl4gXP9nuF5jBDWhgyDJu34v5SSxxFhcBB08l8UfdZd9asKVz3eDz-rifKxLWu9ViRcfjgxZYpcZgmhuggx5BpgyL8?authuser=1&fife=s16383 https://mymaps.usercontent.google.com/hostedimage/m/*/3AE5a_Gy4jdfW1ygOSDwotMId5srBS0M_nbrlldPCfqKFYCKuLnI9aHObYlNqJpAFivEGeNSSc2wWOlV1m13KF0OQmdejOu8x3hIMHD_iqMAf5M2y5LzhZeSWEj3ojr04daCJ_30gFvqZo5afAiNLrIYZInKINVNn_EvUbchDej_oHsfJOzPpm0KD2BWIU9Gwm874OinM9PR60AKOK07AkS8eMB9YQfn4TsZx58yu7Y3KvAqgKXeJe1W1nNtuDLw?authuser=1&fife=s16383","400","http_error"
"investment","قرية البرتقالة","https://mymaps.usercontent.google.com/hostedimage/m/*/3AE5a_GyrJlp8J8ulfgwZq8U2ND9K3kgSr2hxHGYAr6hUebW_E0TBUFrRed9Wj9XnkPtEObnVYiB8asmVqtvdIrOMDhvUHdsiPT7mma5COiI0taMm1MO8v-9Pt1d1uwb1SUdH6e4OnMwmq-76qHYIjHObDt56SOJbyyH3LteDQLbfmVoNCl86zdm68z2AnhoOrOmb303ljT0VDdiP8AXt1qVVOV5gILdpQNwjosYBaIhfWPB_-_y9NFXcmIPGz5o?authuser=1&fife=s16383 https://mymaps.usercontent.google.com/hostedimage/m/*/3AE5a_Gz85Anv-7lgiA82ulvgKhSDbPfcOnXZvUlBNkX3Vi8_aCybSNw1lEs6mb56_HsBiAJQqQmNmLUDPuvcfbfz3-aF5i7C2xqlaxZzb5PbA3BsJMo66HotvAlwlyGOUjPY6MnPYJbRUkFmJaN6ikV608eGwK4em_u-H5ZO26GlsRAz06nFe1bF1MGfJTEZA9STGC6PbBQ--3Jci9KhBe9JUefQlk54Euqr3n1_4lTlv_FJfAUDEat-M_biUUo?authuser=1&fife=s16383","","https://mymaps.usercontent.google.com/hostedimage/m/*/3AE5a_GyrJlp8J8ulfgwZq8U2ND9K3kgSr2hxHGYAr6hUebW_E0TBUFrRed9Wj9XnkPtEObnVYiB8asmVqtvdIrOMDhvUHdsiPT7mma5COiI0taMm1MO8v-9Pt1d1uwb1SUdH6e4OnMwmq-76qHYIjHObDt56SOJbyyH3LteDQLbfmVoNCl86zdm68z2AnhoOrOmb303ljT0VDdiP8AXt1qVVOV5gILdpQNwjosYBaIhfWPB_-_y9NFXcmIPGz5o?authuser=1&fife=s16383 https://mymaps.usercontent.google.com/hostedimage/m/*/3AE5a_Gz85Anv-7lgiA82ulvgKhSDbPfcOnXZvUlBNkX3Vi8_aCybSNw1lEs6mb56_HsBiAJQqQmNmLUDPuvcfbfz3-aF5i7C2xqlaxZzb5PbA3BsJMo66HotvAlwlyGOUjPY6MnPYJbRUkFmJaN6ikV608eGwK4em_u-H5ZO26GlsRAz06nFe1bF1MGfJTEZA9STGC6PbBQ--3Jci9KhBe9JUefQlk54Euqr3n1_4lTlv_FJfAUDEat-M_biUUo?authuser=1&fife=s16383","400","http_error"
"investment","قرية أوليڤيا السياحية - زوارة","https://mymaps.usercontent.google.com/hostedimage/m/*/3AE5a_GwvB2RDQjAU7EpDRSRpy1bHwPa71x01YdZfmExQ7kIFynI6lx25gXzSmaS4EZxoQFa7L_0gWIOMII4NZ2hmpcsvTYC-YKEdWydO_VpZkv8RqUEFCAARM58VQ6aDpya6wVkup1RvQ980pHYU9kw12VGerxPvnl8Y4QnRez-v1z7J0CrYwI0AFNTwjJOcpg9CivmeptTRSKuv2yP9J3UzOSMrTvyZs_P102a4gYoS-U9pUTnAyXu1nkOu6bM?authuser=1&fife=s16383 https://mymaps.usercontent.google.com/hostedimage/m/*/3AE5a_GxO7cYy_EBUOGYCUYaT75Xk130-kCg0ILLJz7O2MbwJDtC_Me-0gU0D_mh463AT2YztM_tT6_OtE6xi7Ve1G4BBn8VejBYaYkbf3boeM4QKFL2DLoZyCammKfIA46Lo0qVfacJDw1WqFOv72ptb-XFn6R5SYyAf43HJmYdqRCXZbMaAg3g6xnivQVwp9PfJEePvQsZ8EtTGhP3z7Jh50BQlRn0kChlyAFr-Q5tV-hovTeLjZxcxP9m-f9k?authuser=1&fife=s16383 https://mymaps.usercontent.google.com/hostedimage/m/*/3AE5a_GwjCqTPel6UaEO9eQtXzWDDJUYmJqN61jPr3DMisfIbJbWU7SdYz_I9qcbOE-5koY-J2pZOBfhkdS7zdEb7Us5kY2R6aOO85Pny1Q7DydptnYVFJO8nLm_6UUYHzXSdiqoUCq1mkspk9CI4fm6Key92OAFvODIouy4LEJKNh_NWFi0XAe4bVZKLF_wwDTpkY4H6f_gZo2I3_QeUWMjBvnY9cSdcBu6CCfnAutbmXmKSIwKCHlUVfNq9Hic?authuser=1&fife=s16383","","https://mymaps.usercontent.google.com/hostedimage/m/*/3AE5a_GwvB2RDQjAU7EpDRSRpy1bHwPa71x01YdZfmExQ7kIFynI6lx25gXzSmaS4EZxoQFa7L_0gWIOMII4NZ2hmpcsvTYC-YKEdWydO_VpZkv8RqUEFCAARM58VQ6aDpya6wVkup1RvQ980pHYU9kw12VGerxPvnl8Y4QnRez-v1z7J0CrYwI0AFNTwjJOcpg9CivmeptTRSKuv2yP9J3UzOSMrTvyZs_P102a4gYoS-U9pUTnAyXu1nkOu6bM?authuser=1&fife=s16383 https://mymaps.usercontent.google.com/hostedimage/m/*/3AE5a_GxO7cYy_EBUOGYCUYaT75Xk130-kCg0ILLJz7O2MbwJDtC_Me-0gU0D_mh463AT2YztM_tT6_OtE6xi7Ve1G4BBn8VejBYaYkbf3boeM4QKFL2DLoZyCammKfIA46Lo0qVfacJDw1WqFOv72ptb-XFn6R5SYyAf43HJmYdqRCXZbMaAg3g6xnivQVwp9PfJEePvQsZ8EtTGhP3z7Jh50BQlRn0kChlyAFr-Q5tV-hovTeLjZxcxP9m-f9k?authuser=1&fife=s16383 https://mymaps.usercontent.google.com/hostedimage/m/*/3AE5a_GwjCqTPel6UaEO9eQtXzWDDJUYmJqN61jPr3DMisfIbJbWU7SdYz_I9qcbOE-5koY-J2pZOBfhkdS7zdEb7Us5kY2R6aOO85Pny1Q7DydptnYVFJO8nLm_6UUYHzXSdiqoUCq1mkspk9CI4fm6Key92OAFvODIouy4LEJKNh_NWFi0XAe4bVZKLF_wwDTpkY4H6f_gZo2I3_QeUWMjBvnY9cSdcBu6CCfnAutbmXmKSIwKCHlUVfNq9Hic?authuser=1&fife=s16383","400","http_error"
"investment","VILLA HAYA","https://mymaps.usercontent.google.com/hostedimage/m/*/3AE5a_GykMOc5RgwpkTKJzS_UtcuX2SV2-p9AbLPKEhfygSXb9exXSwLTpiX1iTzAF33La308rdexNHTB14CbOuqRc2Q5eCwPqzhKIT4JwnZoziCNvVUxqSMaxboaWDazZ_fk8lSjlbkkKzKZGnvWI8_sK4Xmrt6ZY-AjoCAO9aEAtKtr6CqWCfAvtkqa9GJiIVfnlYqJ1gYUn5kkEv-VeMXMQNoZmh4wdqlDQK4vOkb0VeHzOy9Gg_XGwPkjKv4?authuser=1&fife=s16383 https://mymaps.usercontent.google.com/hostedimage/m/*/3AE5a_GzRVjsiIZGCsGef20gIYS0-6syjEKDTGkDLE4el-K-3jihAA2Bk4tW9smW41BKHgjIhDqAeGlgnPGtxDcVs_6KH-6jEgfC1qJx6226rFRL4eYyZjMnytU9s-0h6ylVWH0HE1h8Ib2FGxBwfjTlmGmAc0k7PNJ4ze2u6k8Syxs8a23JVfgSXVtIXgnC_uIOWSQAvS0H6iDJzNS2UPObhvhmsa_Hr1K9nB0mHx4r7_q53EszZjSZG-Va0v1w?authuser=1&fife=s16383","","https://mymaps.usercontent.google.com/hostedimage/m/*/3AE5a_GykMOc5RgwpkTKJzS_UtcuX2SV2-p9AbLPKEhfygSXb9exXSwLTpiX1iTzAF33La308rdexNHTB14CbOuqRc2Q5eCwPqzhKIT4JwnZoziCNvVUxqSMaxboaWDazZ_fk8lSjlbkkKzKZGnvWI8_sK4Xmrt6ZY-AjoCAO9aEAtKtr6CqWCfAvtkqa9GJiIVfnlYqJ1gYUn5kkEv-VeMXMQNoZmh4wdqlDQK4vOkb0VeHzOy9Gg_XGwPkjKv4?authuser=1&fife=s16383 https://mymaps.usercontent.google.com/hostedimage/m/*/3AE5a_GzRVjsiIZGCsGef20gIYS0-6syjEKDTGkDLE4el-K-3jihAA2Bk4tW9smW41BKHgjIhDqAeGlgnPGtxDcVs_6KH-6jEgfC1qJx6226rFRL4eYyZjMnytU9s-0h6ylVWH0HE1h8Ib2FGxBwfjTlmGmAc0k7PNJ4ze2u6k8Syxs8a23JVfgSXVtIXgnC_uIOWSQAvS0H6iDJzNS2UPObhvhmsa_Hr1K9nB0mHx4r7_q53EszZjSZG-Va0v1w?authuser=1&fife=s16383","400","http_error"
"investment","قرية تيبودا السياحيه","https://mymaps.usercontent.google.com/hostedimage/m/*/3AE5a_GzCvf4uj16iaJ3Ze92R9O-REW-v6YSamuAhU-mm435drfwPYl7wGxR-FVHWghhxK97mqyToPT6inUoljCw_OAK1khwQFC5ZEdd_0FJHPlz7na5JeBokZAhKurl07B9ruJ7pOaIguPlEsK1pNKpLs1mFXqDMMKu9mAIW9jH0RgpWmUjbrJmp_hGYZJRWiSiBtpPmHeznft08f4u3TsFUBYx6pobcZ8hTC5gKIzCBYG7SR7CwIF8msBSMA30?authuser=1&fife=s16383 https://mymaps.usercontent.google.com/hostedimage/m/*/3AE5a_GxW5js0925Fg6bp5DXG93R2cVXmhW6-rw35YzlF3kvsWwvXqqK9DhrF3k0cwYxMscbd7NH6M2Z-zFK2LM0FqAcjJkOMW33zydHZkAGslf5IWOcLVPV-kyfUNsxIRq7nFCggd6kYKK172JNl5xUd5NW5Ha63q4Z0pgHSJXwwJhq7O8Op0hBCZ5erSjTl6D-kC9t9E2_-UD-I31guXm3WZhwo4OHLjLLSw-yowHXM-8y1Tkyw459gnnk7evg?authuser=1&fife=s16383 https://mymaps.usercontent.google.com/hostedimage/m/*/3AE5a_GzCd1yB_ZS_eBQQPEbi-PWRTF2IFozMcVYHYEgbv6A4QjgjvmtMig8Fev9Uosq1uMX9okkT6GeHqQjrFI8UEctR1_p2hYVhdTpIN5WtdjoSVGE27A0QbaJQlsdowC4Mlhu69SebL3mDr-_U3uNMs5pSG7rQb_g6Bnz3MRmXjOCSyFzK7UbYtZlcUq2h53gX_KrGmRLhQe6cfh3GDAigyaVlThibPK2QCym59k50az-yH9VV3wsb0p8qukY?authuser=1&fife=s16383","","https://mymaps.usercontent.google.com/hostedimage/m/*/3AE5a_GzCvf4uj16iaJ3Ze92R9O-REW-v6YSamuAhU-mm435drfwPYl7wGxR-FVHWghhxK97mqyToPT6inUoljCw_OAK1khwQFC5ZEdd_0FJHPlz7na5JeBokZAhKurl07B9ruJ7pOaIguPlEsK1pNKpLs1mFXqDMMKu9mAIW9jH0RgpWmUjbrJmp_hGYZJRWiSiBtpPmHeznft08f4u3TsFUBYx6pobcZ8hTC5gKIzCBYG7SR7CwIF8msBSMA30?authuser=1&fife=s16383 https://mymaps.usercontent.google.com/hostedimage/m/*/3AE5a_GxW5js0925Fg6bp5DXG93R2cVXmhW6-rw35YzlF3kvsWwvXqqK9DhrF3k0cwYxMscbd7NH6M2Z-zFK2LM0FqAcjJkOMW33zydHZkAGslf5IWOcLVPV-kyfUNsxIRq7nFCggd6kYKK172JNl5xUd5NW5Ha63q4Z0pgHSJXwwJhq7O8Op0hBCZ5erSjTl6D-kC9t9E2_-UD-I31guXm3WZhwo4OHLjLLSw-yowHXM-8y1Tkyw459gnnk7evg?authuser=1&fife=s16383 https://mymaps.usercontent.google.com/hostedimage/m/*/3AE5a_GzCd1yB_ZS_eBQQPEbi-PWRTF2IFozMcVYHYEgbv6A4QjgjvmtMig8Fev9Uosq1uMX9okkT6GeHqQjrFI8UEctR1_p2hYVhdTpIN5WtdjoSVGE27A0QbaJQlsdowC4Mlhu69SebL3mDr-_U3uNMs5pSG7rQb_g6Bnz3MRmXjOCSyFzK7UbYtZlcUq2h53gX_KrGmRLhQe6cfh3GDAigyaVlThibPK2QCym59k50az-yH9VV3wsb0p8qukY?authuser=1&fife=s16383","400","http_error"
