path,filename,extension,file_size,width,height,sha256,expected_site,publication_status,used_currently,duplicate_group
assets/media/LIBYA/Leptis Magna/Leptis Magna_photo/20141203_102836.jpg,20141203_102836.jpg,.jpg,6967539,5312,2988,13c78e9fa9332f68b8a67fbf1da301225fcf0e563293b1840f706e5d9ebf945f,,source_or_local,no,DUP-0119
assets/media/LIBYA/Leptis Magna/Leptis Magna_photo/4  مدينة لبدة الاثرية.jpg,4  مدينة لبدة الاثرية.jpg,.jpg,109973,800,600,4e1c7a571344ae48ed61b63e08fd3031c3649b6d8195ad77763b9717640ceb1b,لبدة,source_or_local,no,DUP-0151
assets/media/LIBYA/Sabratha/published/amphitheatre/sabratha-amphitheatre-001.JPG,sabratha-amphitheatre-001.JPG,.jpg,13713408,5280,3956,a37938d4b1cfe62204533b988828e96d018125c71a97e841dc217d0acf346eaa,sabratha,published,yes,DUP-0160
assets/media/LIBYA/Sabratha/published/amphitheatre/sabratha-amphitheatre-002.JPG,sabratha-amphitheatre-002.JPG,.jpg,13586432,5280,3956,7c7fc13984546131c2b931bd8864fe06359d8e9fa319bde0c5907d698d55ef68,sabratha,published,yes,DUP-0161
assets/media/LIBYA/Sabratha/published/main-site/sabratha-main-aerial-001.JPG,sabratha-main-aerial-001.JPG,.jpg,12021760,5280,3956,eb3970495dd0618e3c722209f9701402e35eb2f992110fb65a24280039f1508e,ain,published,yes,DUP-0162
assets/media/LIBYA/Sabratha/published/main-site/sabratha-main-site-001.jpg,sabratha-main-site-001.jpg,.jpg,104934,800,600,e40fc1fcce86b63f8d1455ce4724a24d3436db4d6086790c06b215ecaed6448f,ain,published,yes,DUP-0163
assets/media/LIBYA/Sabratha/published/main-site/sabratha-main-site-002.jpg,sabratha-main-site-002.jpg,.jpg,60018,640,411,9b279cab28e912618c82235b3823b21ebc3473fcfa4c607adbd0b2e8e08335f4,ain,published,yes,DUP-0164
assets/media/LIBYA/Sabratha/published/main-site/sabratha-main-site-old-001.jpg,sabratha-main-site-old-001.jpg,.jpg,72487,640,417,222dbf8022824242a56571778c226ab51e5cb639e0f2a4c4412e21a5e1db22c0,ain,published,yes,DUP-0159
assets/media/LIBYA/Sabratha/published/punic-mausoleum/sabratha-punic-mausoleum-001.jpg,sabratha-punic-mausoleum-001.jpg,.jpg,1007536,3192,1815,b0b40b0dbe78ea04c12e638d9029e382538afd05490693c8c6b5ae489b03daf3,sabratha,published,yes,DUP-0165
assets/media/LIBYA/Sabratha/published/punic-mausoleum/sabratha-punic-mausoleum-002.jpg,sabratha-punic-mausoleum-002.jpg,.jpg,2388550,1454,2195,9b22295c56974ef94e23e614f2eb8a5aa3ccc9f7ae5dca25d873f3858133e33f,sabratha,published,yes,DUP-0166
assets/media/LIBYA/Sabratha/published/review-required/review-0286386d65.jpeg,review-0286386d65.jpeg,.jpeg,108988,1080,810,be5c5985d7584035044c9db388bfef786e18c598e7ac6f627a2842ed86700099,,review_required,no,DUP-0167
assets/media/LIBYA/Sabratha/published/review-required/review-0a04da54ac.jpeg,review-0a04da54ac.jpeg,.jpeg,82034,1080,607,35f36ef495f1489701843e7cf793eb0d9ae2edf524d7bf0db2837d2c729749e2,,review_required,no,DUP-0168
assets/media/LIBYA/Sabratha/published/review-required/review-0e5631ca11.jpeg,review-0e5631ca11.jpeg,.jpeg,138831,1080,810,7fe74187db4bec69faedef65d7420a80c765b86a671d7ccf465e399df6e7c7ce,,review_required,no,DUP-0169
assets/media/LIBYA/Sabratha/published/review-required/review-119563b65c.jpeg,review-119563b65c.jpeg,.jpeg,80177,1080,810,885ddc4369381c6c08e55c6d91d48e1d6ad625b82b55e753bb645b5d4b78484e,,review_required,no,DUP-0170
assets/media/LIBYA/Sabratha/published/review-required/review-2e5a6a8052.jpeg,review-2e5a6a8052.jpeg,.jpeg,56433,1080,607,79a714259abbb473aeb4475673a82a8c3beecf2d552499e5fdaad06e2b95741d,,review_required,no,DUP-0171
assets/media/LIBYA/Sabratha/published/review-required/review-3646e39e8e.jpg,review-3646e39e8e.jpg,.jpg,1055459,3215,1805,3ee7ec18fd8960e32a1c1ae918e6ba5d1c9a7a5b2f775e7178b92ffb5804a373,,review_required,no,DUP-0172
assets/media/LIBYA/Sabratha/published/review-required/review-43c51d10f6.jpeg,review-43c51d10f6.jpeg,.jpeg,95092,1080,810,8543d85120ab86d0886377648c50cf1a36d42a433be91446bce78c8a0b92bf34,,review_required,no,DUP-0173
assets/media/LIBYA/Sabratha/published/review-required/review-44361fec7f.jpeg,review-44361fec7f.jpeg,.jpeg,117111,1080,810,33e19243eabb3dee729072e3b12870aeace549fc8394085d929a115ab8fb8e81,,review_required,no,DUP-0174
assets/media/LIBYA/Sabratha/published/review-required/review-4923e38bb8.jpg,review-4923e38bb8.jpg,.jpg,1110852,1412,945,0ff696c7237f3719e11a7597c938755468286b6e6cf0d95412c4c5e8e28a5bb6,,review_required,no,DUP-0175
assets/media/LIBYA/Sabratha/published/review-required/review-4bec7597b4.jpeg,review-4bec7597b4.jpeg,.jpeg,87999,1080,719,45d3d3d92abb853bd0bfa803f628570541f6ff3139a4e68dd3cc7b0cde9c03aa,,review_required,no,DUP-0176
assets/media/LIBYA/Sabratha/published/review-required/review-569dd8105b.jpeg,review-569dd8105b.jpeg,.jpeg,106699,1080,810,9716ec8858b9c46b7ee7f7b8f46d974ab6d401aca3549394a94b59257bd46e80,,review_required,no,DUP-0177
assets/media/LIBYA/Sabratha/published/review-required/review-57ad4f2c65.jpeg,review-57ad4f2c65.jpeg,.jpeg,138785,1080,740,4ca3ffb2019318df3c83531a5caa2f5f6eff7a7eec5a511ab893d8767e354a32,,review_required,no,DUP-0178
assets/media/LIBYA/Sabratha/published/review-required/review-7adbb00cab.jpeg,review-7adbb00cab.jpeg,.jpeg,118588,719,1080,eccf6b71be56c86166401780e2402b7ff8fb439babc0499406fcf7dc211dd913,,review_required,no,DUP-0179
assets/media/LIBYA/Sabratha/published/review-required/review-822f3ba232.jpeg,review-822f3ba232.jpeg,.jpeg,168348,1080,810,b64f20b172d39393efde759f0634263baafb92bd21bb9bdb0dae6eb2411ce6d0,,review_required,no,DUP-0180
assets/media/LIBYA/Sabratha/published/review-required/review-8623ee6ba4.jpeg,review-8623ee6ba4.jpeg,.jpeg,140391,1080,810,5064cefce1d56fa525e4736a1268e9bf8362956b82462b6e5f1af9c89d1465be,,review_required,no,DUP-0181
assets/media/LIBYA/Sabratha/published/review-required/review-999071cb78.jpeg,review-999071cb78.jpeg,.jpeg,110208,1080,810,63d90877d817c844550d8bd658b831902afa3b5f46856af023de5593b3381164,,review_required,no,DUP-0182
assets/media/LIBYA/Sabratha/published/review-required/review-a365c04152.jpeg,review-a365c04152.jpeg,.jpeg,103099,1080,810,cde16931e4188669990933393c2af01813d78b49d3bd30f8a948dd661edd42b7,,review_required,no,DUP-0183
assets/media/LIBYA/Sabratha/published/review-required/review-b4428ee008.jpeg,review-b4428ee008.jpeg,.jpeg,146710,1080,810,c66222d8162179ac4c65cea6b0222b2be79039a0dee5f189dd0a5f282733a7fd,,review_required,no,DUP-0184
assets/media/LIBYA/Sabratha/published/review-required/review-c1a4c48ff8.jpeg,review-c1a4c48ff8.jpeg,.jpeg,110363,810,1080,7a2f06d9772faf06005d514b7d2d2e53430712b09e53b20c9c1646d9b59d0155,,review_required,no,DUP-0185
assets/media/LIBYA/Sabratha/published/review-required/review-ca2d4fcf78.jpeg,review-ca2d4fcf78.jpeg,.jpeg,167644,1080,810,18bdc7bd5a1a9c8097fbde2a5487633866702a3df92e7c271bbfb26851054864,,review_required,no,DUP-0186
assets/media/LIBYA/Sabratha/published/review-required/review-cd4edd67fd.jpeg,review-cd4edd67fd.jpeg,.jpeg,103605,1080,810,8d31133359bc0d2d9332e86089f8e7c21954851157fff9a09f868acc36bf8fe8,,review_required,no,DUP-0187
assets/media/LIBYA/Sabratha/published/review-required/review-d9c51f6aea.jpeg,review-d9c51f6aea.jpeg,.jpeg,133073,1080,810,b0e690a3a1e7811ca2e873279e41be5f748069dedc64d0a242263f331b2aac2d,,review_required,no,DUP-0188
assets/media/LIBYA/Sabratha/published/review-required/review-ecf53b4930.jpeg,review-ecf53b4930.jpeg,.jpeg,107496,719,1080,9f7b43ac2c740661dae8e7e57505c9168b6b3e07bd810de3c0cf7c7c24feac5b,,review_required,no,DUP-0189
assets/media/LIBYA/Sabratha/published/roman-museum/sabratha-roman-museum-001.jpg,sabratha-roman-museum-001.jpg,.jpg,52787,500,308,da4cce468fdabc9bd62e1027f3d36e3a253c9a9fefd7febddce76bbe395ebf0f,sabratha,published,yes,DUP-0190
assets/media/LIBYA/Sabratha/published/roman-museum/sabratha-roman-museum-002.JPG,sabratha-roman-museum-002.JPG,.jpg,12013568,5280,3956,dd67f5ff23017e2975795ef9a8437d1485202c0be67498250178f9b10527b334,sabratha,published,yes,DUP-0191
assets/media/LIBYA/Sabratha/published/theatre/sabratha-theatre-001.jpg,sabratha-theatre-001.jpg,.jpg,188686,1024,677,9d9393fc6999022a72361365fc1eab26eca02a8cdf8af0e481d4cd0ab4dbd617,sabratha,published,yes,DUP-0192
assets/media/LIBYA/Sabratha/published/theatre/sabratha-theatre-002.jpeg,sabratha-theatre-002.jpeg,.jpeg,166535,1280,878,5a9437742408113759cf95e84a702fdcb10f9450ce8d156c089f3ca3e8257f7a,sabratha,published,yes,DUP-0193
assets/media/LIBYA/Sabratha/published/theatre/sabratha-theatre-003.jpg,sabratha-theatre-003.jpg,.jpg,3955948,3840,2160,81e07c53392cb3a9f338a46b11f08c4e9c13c7b247291b67e0cac961a9a95b50,sabratha,published,yes,DUP-0194
assets/media/LIBYA/Sabratha/published/theatre/sabratha-theatre-004.jpg,sabratha-theatre-004.jpg,.jpg,150951,800,600,beed310631126a0e860260c4eea278401b097a6e34c0088b08e0be5ef7e36849,sabratha,published,yes,DUP-0195
assets/media/LIBYA/Sabratha/published/theatre/sabratha-theatre-005.jpg,sabratha-theatre-005.jpg,.jpg,201554,1024,677,52b65502e4686a4e446266e0065fff9e2a6215d4272e1d1da0f3a971e262429b,sabratha,published,yes,DUP-0196
assets/media/LIBYA/Sabratha/published/theatre/sabratha-theatre-006.jpg,sabratha-theatre-006.jpg,.jpg,149422,400,300,204859f82d17e1b02cb8040d7992c3b1f7202ca0c541e53df66189ab9625eeba,sabratha,published,yes,DUP-0197
assets/media/LIBYA/Sabratha/published/theatre/sabratha-theatre-007.JPG,sabratha-theatre-007.JPG,.jpg,10928128,5280,3956,704bad17eb02a3e0b40398d8aa335fa394830f6b81e4ed013af3fdb2c440a566,sabratha,published,yes,DUP-0198
assets/media/LIBYA/Sabratha/published/theatre/sabratha-theatre-008.JPG,sabratha-theatre-008.JPG,.jpg,12038144,5280,3956,467640aa178dd4897a0ad8d1ea3a1eec06d5f6d8117e6f635bfdc9f5ad094cd1,sabratha,published,yes,DUP-0199
assets/media/LIBYA/Sabratha/صور صبراتة/صبراتة 2.jpg,صبراتة 2.jpg,.jpg,72487,640,417,222dbf8022824242a56571778c226ab51e5cb639e0f2a4c4412e21a5e1db22c0,صبراتة,source_or_local,no,DUP-0159
assets/media/LIBYA/heritage/cyrene/published/main-site/cyrene-main-aerial-001.JPG,cyrene-main-aerial-001.JPG,.jpg,10944458,5472,3648,78ba295438d199f41fdc43493cb88025b3ea59a50ae1ae553039b1845194553d,cyrene,published,yes,DUP-0001
assets/media/LIBYA/heritage/cyrene/published/main-site/cyrene-main-aerial-002.JPG,cyrene-main-aerial-002.JPG,.jpg,10858808,5472,3648,99899ec2678c9df4f052ffccc94251da08f88f7b84654acf79c452273e9750b8,cyrene,published,yes,DUP-0002
assets/media/LIBYA/heritage/cyrene/published/review-required/review-053243a76d.jpg,review-053243a76d.jpg,.jpg,3152500,3840,2560,39bb48ef24484d32ebdac38a947051da5a3f781748f370d7b1f5e6dd504b181a,,review_required,no,DUP-0003
assets/media/LIBYA/heritage/cyrene/published/review-required/review-191c62ffa9.jpg,review-191c62ffa9.jpg,.jpg,3535125,3840,2560,d41e93c247dde0352acb608c30fe9f3fd68638e3a19832acde4cd48504be98fd,,review_required,no,DUP-0004
assets/media/LIBYA/heritage/cyrene/published/review-required/review-1d2324fa7c.jpg,review-1d2324fa7c.jpg,.jpg,3576939,3840,2560,cdc08285abc64c94240aa38eb07ca0150bcb7bac91358a2fc50ab6b6e457eb6b,,review_required,no,DUP-0005
assets/media/LIBYA/heritage/cyrene/published/review-required/review-1d49b988fd.jpg,review-1d49b988fd.jpg,.jpg,1097836,1225,908,d169f224f12bdeb5f3a3bf0a9a5e074a9f5faa83e41942f4b4daa3ae1696663e,,review_required,no,DUP-0006
assets/media/LIBYA/heritage/cyrene/published/review-required/review-1fce2ed081.jpg,review-1fce2ed081.jpg,.jpg,2041443,3840,2560,bcddcf4adc24db142740268d0198e789a5fde725eb67d3355dcee5c5753c9a37,,review_required,no,DUP-0007
assets/media/LIBYA/heritage/cyrene/published/review-required/review-2018e06bbc.jpg,review-2018e06bbc.jpg,.jpg,2412606,3840,2560,d29928ea1f263ad3454a985a3f7ac10a0aee242d635a5852841c6d0222ea5e2a,,review_required,no,DUP-0008
assets/media/LIBYA/heritage/cyrene/published/review-required/review-218fa90dc8.jpg,review-218fa90dc8.jpg,.jpg,2410048,3840,2560,abf1c997f81383f25a842713cf7ab9da926478b625c3839a444a1b953fd5fffb,,review_required,no,DUP-0009
assets/media/LIBYA/heritage/cyrene/published/review-required/review-234db99c0d.jpg,review-234db99c0d.jpg,.jpg,96240,499,600,b686098d30e75955bb0794549b5665d640682ab39f73430ed01c51fb3346db7a,,review_required,no,DUP-0010
assets/media/LIBYA/heritage/cyrene/published/review-required/review-38e6ec5fe0.jpg,review-38e6ec5fe0.jpg,.jpg,1770338,3840,2560,160b55f074aeb044486bac7eae786d849b235a02d805283a244f0d87e9d10d29,,review_required,no,DUP-0011
assets/media/LIBYA/heritage/cyrene/published/review-required/review-40c8a1af93.jpg,review-40c8a1af93.jpg,.jpg,1793006,3840,2560,b4e750bc9dbace7a51145fa786bd7b4fd9968560f967a6c530c904c3f86ccea5,,review_required,no,DUP-0012
assets/media/LIBYA/heritage/cyrene/published/review-required/review-4100b2f977.jpg,review-4100b2f977.jpg,.jpg,8388927,3264,2448,a6f80cf358a77b4ba3a67a3e47d5f7012e6bb49c117f86bfc951ada8f711eb5b,,review_required,no,DUP-0013
assets/media/LIBYA/heritage/cyrene/published/review-required/review-46e24b813f.jpg,review-46e24b813f.jpg,.jpg,2839454,3840,2560,3e94d600194c14793580683a38ff0ffafde268367bda94bf9f5844297e905234,,review_required,no,DUP-0014
assets/media/LIBYA/heritage/cyrene/published/review-required/review-4b17880953.jpg,review-4b17880953.jpg,.jpg,282782,1570,850,0c883f8a230a5e5f6bbbfa97426381b722ccd3421af40e0f5071134a7807760d,,review_required,no,DUP-0015
assets/media/LIBYA/heritage/cyrene/published/review-required/review-589616e041.jpg,review-589616e041.jpg,.jpg,1930559,3840,2560,a4a9d81308278952842455dd7ed9981c1d830232977349db5d973f0e6c362850,,review_required,no,DUP-0016
assets/media/LIBYA/heritage/cyrene/published/review-required/review-58df37bbd4.png,review-58df37bbd4.png,.png,651493,522,746,9466eab3c2a048d1cbaa5c6c62dc71108acfbe2d318c1f25121dd84a8857af96,,review_required,no,DUP-0017
assets/media/LIBYA/heritage/cyrene/published/review-required/review-5ca1846a47.jpg,review-5ca1846a47.jpg,.jpg,60852,560,420,351ebd0d6c9c973aa51e11391ee397c3df1bb4cbb72d312572deb596dfce695c,,review_required,no,DUP-0018
assets/media/LIBYA/heritage/cyrene/published/review-required/review-5ce8c7b1e3.jpg,review-5ce8c7b1e3.jpg,.jpg,2042060,3840,2560,aaca53b033c313ae9b34cc3ad244eb69a79e72e44c51cbba99575b40db650ea3,,review_required,no,DUP-0019
assets/media/LIBYA/heritage/cyrene/published/review-required/review-5d2bdc20c1.jpg,review-5d2bdc20c1.jpg,.jpg,3345228,3840,2560,ff77139ff6d27151b34d8f858bed8046dae1bbb3bb885139946d053d37060063,,review_required,no,DUP-0020
assets/media/LIBYA/heritage/cyrene/published/review-required/review-65ae438b74.jpg,review-65ae438b74.jpg,.jpg,11702,267,189,f1022a6058a1ad26610f1be495e5da433059eab7246073414f8a1e09ffc5e725,,review_required,no,DUP-0021
assets/media/LIBYA/heritage/cyrene/published/review-required/review-68d5861240.jpg,review-68d5861240.jpg,.jpg,3411047,3840,2560,08d125f309e7cbd7b76d6505de5e325449a06198045ae04c1e29ede684d00635,,review_required,no,DUP-0022
assets/media/LIBYA/heritage/cyrene/published/review-required/review-6918021678.jpg,review-6918021678.jpg,.jpg,103637,640,183,ecf5247b4446e099d31bbebbfca3084c080ae333208cd921d35c80a853e64822,,review_required,no,DUP-0023
assets/media/LIBYA/heritage/cyrene/published/review-required/review-6fd5b5712c.jpg,review-6fd5b5712c.jpg,.jpg,2219030,3840,2560,18159fac385f21937f9c2888a059048784a5550b3f859e560be4645d8feb5be8,,review_required,no,DUP-0024
assets/media/LIBYA/heritage/cyrene/published/review-required/review-72969284b0.jpg,review-72969284b0.jpg,.jpg,2691164,3840,2560,b9c46e481a7f8e41f1bdf515658c3547782b7e444ff6f0e2d58cd2faef62c220,,review_required,no,DUP-0025
assets/media/LIBYA/heritage/cyrene/published/review-required/review-76ccc697a4.jpg,review-76ccc697a4.jpg,.jpg,3020348,3840,2560,c7a9fd02311eba5fe4ce5a5052f8ceecb7262477fc65809acbeb47ba27cc3c49,,review_required,no,DUP-0026
assets/media/LIBYA/heritage/cyrene/published/review-required/review-78b4642f60.jpg,review-78b4642f60.jpg,.jpg,47774,580,400,ae2557533cfe00f28d176136b127704d59183d1ee6a5fbf4b6530e1b030a06a9,,review_required,no,DUP-0027
assets/media/LIBYA/heritage/cyrene/published/review-required/review-7d11f9bcf3.jpg,review-7d11f9bcf3.jpg,.jpg,2922465,3840,2560,48723337a3a41a7d873b724254312869e3321332948d987ede4f90c909ce50bd,,review_required,no,DUP-0028
assets/media/LIBYA/heritage/cyrene/published/review-required/review-85af1906ad.jpg,review-85af1906ad.jpg,.jpg,2567285,3840,2560,e148aab6e937e18b910fd4299f1ed280fd8491f8ece576e4c10a25c5888d6579,,review_required,no,DUP-0029
assets/media/LIBYA/heritage/cyrene/published/review-required/review-91be78e4ee.jpg,review-91be78e4ee.jpg,.jpg,3066615,3840,2560,97907accbcb83363300396af4e8641e2738719c72058ff29c2ac5bd8224a074a,,review_required,no,DUP-0030
assets/media/LIBYA/heritage/cyrene/published/review-required/review-99a16182b4.jpg,review-99a16182b4.jpg,.jpg,3062987,3840,2560,e0d7b8838c589609fc3d62465e907b184a5639bf18b5b155cc3e1bda9e6644b9,,review_required,no,DUP-0031
assets/media/LIBYA/heritage/cyrene/published/review-required/review-a3332bf382.jpg,review-a3332bf382.jpg,.jpg,75567,615,461,889723d9fe9ef4d252a35ff1eaf685352c60f8bc71883e438abea72e7abd5700,,review_required,no,DUP-0032
assets/media/LIBYA/heritage/cyrene/published/review-required/review-b02c7ab31a.jpg,review-b02c7ab31a.jpg,.jpg,2713516,3840,2560,c6ba773eb765917761d111e1bccfda580c1615b7c2e8f0d56d500d47d7de89da,,review_required,no,DUP-0033
assets/media/LIBYA/heritage/cyrene/published/review-required/review-b0b6bb1d6d.jpg,review-b0b6bb1d6d.jpg,.jpg,154259,1152,768,fc3009248fcae6e76cd2cb779d5041e34d3911fa2ce7a6dd6408e826022d5fe4,,review_required,no,DUP-0034
assets/media/LIBYA/heritage/cyrene/published/review-required/review-bc22f21551.jpg,review-bc22f21551.jpg,.jpg,74812,600,400,e8eaf1bf5928842b94ca497bedc977403e28fdefbe96dbeee3d7a52f186ccc8a,,review_required,no,DUP-0035
assets/media/LIBYA/heritage/cyrene/published/review-required/review-c0dd264185.jpg,review-c0dd264185.jpg,.jpg,4102399,3840,2560,ea76e0554692b13ce1f92698680ccede707c7b205199534380ebedb1aa2408ec,,review_required,no,DUP-0036
assets/media/LIBYA/heritage/cyrene/published/review-required/review-c778cfda13.jpg,review-c778cfda13.jpg,.jpg,2929510,1578,1113,c7829386455e43490508c32cc5d71e9c5f1e39b694619759580d0c9ac3936505,,review_required,no,DUP-0037
assets/media/LIBYA/heritage/cyrene/published/review-required/review-c7af1c2612.jpg,review-c7af1c2612.jpg,.jpg,11654,287,175,4908410acc2a41a712ff5548c6b564b0ef624b6803fd94e52430e1466fd00dc6,,review_required,no,DUP-0038
assets/media/LIBYA/heritage/cyrene/published/review-required/review-d4d5c57d0b.jpg,review-d4d5c57d0b.jpg,.jpg,4179896,1471,1071,4e98e1545e8e421e66843849a3cee4cdd2a96cffe0354a34dbc108fbf73a0041,,review_required,no,DUP-0039
assets/media/LIBYA/heritage/cyrene/published/review-required/review-dda9031860.jpg,review-dda9031860.jpg,.jpg,465287,1600,900,19dbcd6fedd5395165c401f4915d0269993766df9c418ae9059e9a5d46fb06bc,,review_required,no,DUP-0040
assets/media/LIBYA/heritage/cyrene/published/review-required/review-e10605e90c.jpg,review-e10605e90c.jpg,.jpg,2801333,3840,2560,028b501e907506aaed7bd60909abad94a4d663d2a3f6b8857af1f4cdb50505c2,,review_required,no,DUP-0041
assets/media/LIBYA/heritage/cyrene/published/review-required/review-e7f9585f09.jpg,review-e7f9585f09.jpg,.jpg,151978,640,360,7ca0bd5dee4c91f811fc950ae71db5763075f13c5668d436ce03f49e2bd2d709,,review_required,no,DUP-0042
assets/media/LIBYA/heritage/cyrene/published/review-required/review-e90f30b1b1.jpg,review-e90f30b1b1.jpg,.jpg,2586614,3840,2560,53ab374e7694bd85bc4f2a5ac693f9be1e90b1e70006b6af5f55a083b6e62f2e,,review_required,no,DUP-0043
assets/media/LIBYA/heritage/cyrene/published/review-required/review-f330cda104.jpg,review-f330cda104.jpg,.jpg,3233401,3840,2560,09f0487139c23ff7e54847784651589119c539a655633d917b2c1953311363a6,,review_required,no,DUP-0044
assets/media/LIBYA/heritage/cyrene/published/review-required/review-fd32703fc3.jpg,review-fd32703fc3.jpg,.jpg,3478860,3840,2560,ef29ec4fd9030e26abd5f318b98f8a98d1a5b718ac8c73ab54b05cb9f06408b7,,review_required,no,DUP-0045
assets/media/LIBYA/heritage/cyrene/published/review-required/review-fd56e5c439.jpg,review-fd56e5c439.jpg,.jpg,2627970,3840,2560,9deb1d6f974ef0e7d727fee77ebad8675b2cb0ce6a41778c3de9cc9fa0a17d70,,review_required,no,DUP-0046
assets/media/LIBYA/heritage/ghadames/published/ain-al-faras/ghadames-ain-al-faras-001.jpg,ghadames-ain-al-faras-001.jpg,.jpg,199555,1024,767,6f066c42758c6d432117001be7680452a63c760ac373287547b18bd948acac7e,ghadames,published,yes,DUP-0047
assets/media/LIBYA/heritage/ghadames/published/main-site/ghadames-main-site-001.jpg,ghadames-main-site-001.jpg,.jpg,26819,550,412,7aab1b4e10933e9d2545d9b9326b444888e90dbdcf6d80e0670e15fc17f9832a,ghadames,published,yes,DUP-0048
assets/media/LIBYA/heritage/ghadames/published/main-site/ghadames-main-site-002.jpg,ghadames-main-site-002.jpg,.jpg,137958,356,500,34513b16d682e7935f66a2de048be0bf22c5f9a130295c6d6f5e1040055953fd,ghadames,published,yes,DUP-0049
assets/media/LIBYA/heritage/ghadames/published/main-site/ghadames-main-site-003.jpg,ghadames-main-site-003.jpg,.jpg,32666,400,300,ce660462b54e52ff2b62408dbdca16435857c6e163a7e559ea5c1e57be39a2b9,ghadames,published,yes,DUP-0050
assets/media/LIBYA/heritage/ghadames/published/main-site/ghadames-main-site-004.jpg,ghadames-main-site-004.jpg,.jpg,91608,375,500,b4f82929b52590fad77d540ff57c6428dd13aa390e5ce0e5130b717cb549ce52,ghadames,published,yes,DUP-0051
assets/media/LIBYA/heritage/ghadames/published/review-required/review-060ac49d6a.jpg,review-060ac49d6a.jpg,.jpg,72777,375,500,f2152acc71c250869a53697f3f753825db11a5af8235b0e3c32fb0db15b59680,,review_required,no,DUP-0052
assets/media/LIBYA/heritage/ghadames/published/review-required/review-23f2dd21f6.jpg,review-23f2dd21f6.jpg,.jpg,47592,500,375,c7a3f09db11ca52a6d247355bc14f650fcf9abe73a49df9c03e96f9a476dfc6a,,review_required,no,DUP-0053
assets/media/LIBYA/heritage/ghadames/published/review-required/review-2a6daddc92.jpg,review-2a6daddc92.jpg,.jpg,2540200,1920,2880,aecb1de1bc79b2792fd73084ec936a6f6819ce799242395101226686c4cc01d8,,review_required,no,DUP-0054
assets/media/LIBYA/heritage/ghadames/published/review-required/review-2e6d83def8.jpg,review-2e6d83def8.jpg,.jpg,2006404,2880,1920,7b73cc47989fcec28d1298db9a8d7471a3de09f39c6d2496466dcc6bcb3eec34,,review_required,no,DUP-0055
assets/media/LIBYA/heritage/ghadames/published/review-required/review-3462831bec.jpg,review-3462831bec.jpg,.jpg,2925371,2880,1920,f09fffaba7bf2c3f77e16318f0b7be979a9c73efa019571d7f43c46c601fc9a4,,review_required,no,DUP-0056
assets/media/LIBYA/heritage/ghadames/published/review-required/review-349881fc61.jpg,review-349881fc61.jpg,.jpg,1450141,1920,2880,6a656d79b3c54805ebe75f936b9a9422b1d267c45f2d03a8e310f1b45906164e,,review_required,no,DUP-0057
assets/media/LIBYA/heritage/ghadames/published/review-required/review-41a0e0d6a4.jpg,review-41a0e0d6a4.jpg,.jpg,2150386,2880,1920,7cacaf262a2dbf7431a580ab9661954475b8dfa0fa62e610a9deaa96d32fc1d1,,review_required,no,DUP-0058
assets/media/LIBYA/heritage/ghadames/published/review-required/review-441cb93146.jpg,review-441cb93146.jpg,.jpg,73520,380,285,307def7ec95267a08372f47bd2d83e0ab34aa82c2c04626becd3be6d4d2df2f3,,review_required,no,DUP-0059
assets/media/LIBYA/heritage/ghadames/published/review-required/review-4b20eba7c5.jpg,review-4b20eba7c5.jpg,.jpg,115582,500,333,32ccd7647554775e30f296827c5a6ba16ee310518ebef8196ae87432f0936e08,,review_required,no,DUP-0060
assets/media/LIBYA/heritage/ghadames/published/review-required/review-51728977a8.jpg,review-51728977a8.jpg,.jpg,2569055,2880,1920,1f6ed14b121df10e7deec89ecbc44f37810ed01d3a809e1ce30e4dd38030d673,,review_required,no,DUP-0061
assets/media/LIBYA/heritage/ghadames/published/review-required/review-5229f80aee.jpg,review-5229f80aee.jpg,.jpg,15075,500,375,03f6915f70a868bbf29f8fedeff94554b549688cd2b568b1f9c1546981bf318b,,review_required,no,DUP-0062
assets/media/LIBYA/heritage/ghadames/published/review-required/review-52aa6baa6b.jpg,review-52aa6baa6b.jpg,.jpg,149410,375,500,92975d275bfd721bec06736f36f15bfd79d02b0b335a5714de2920b5c51e70f1,,review_required,no,DUP-0063
assets/media/LIBYA/heritage/ghadames/published/review-required/review-5d7f63bd55.jpg,review-5d7f63bd55.jpg,.jpg,66545,375,500,312a6989b83faab4d89668169c491a15d406534ed311d5ce6986685aeded2e0d,,review_required,no,DUP-0064
assets/media/LIBYA/heritage/ghadames/published/review-required/review-5e239b7fe0.jpg,review-5e239b7fe0.jpg,.jpg,1644703,2880,1920,75ee90bf1b00b9de2384f2dcd4b614dfaa7fd1b25eccfc678dcf896d3fcf691c,,review_required,no,DUP-0065
assets/media/LIBYA/heritage/ghadames/published/review-required/review-5fbc852006.jpg,review-5fbc852006.jpg,.jpg,4640188,2592,3872,bcfb83e058a36f7ab1477724455c503404749f108b74f0db5499e4dc7591c92a,,review_required,no,DUP-0066
assets/media/LIBYA/heritage/ghadames/published/review-required/review-759c4fe169.jpg,review-759c4fe169.jpg,.jpg,26819,550,412,7aab1b4e10933e9d2545d9b9326b444888e90dbdcf6d80e0670e15fc17f9832a,,review_required,no,DUP-0048
assets/media/LIBYA/heritage/ghadames/published/review-required/review-808c1d1577.jpg,review-808c1d1577.jpg,.jpg,2150386,2880,1920,7cacaf262a2dbf7431a580ab9661954475b8dfa0fa62e610a9deaa96d32fc1d1,,review_required,no,DUP-0058
assets/media/LIBYA/heritage/ghadames/published/review-required/review-85dfc6aec1.jpg,review-85dfc6aec1.jpg,.jpg,69044,375,500,c1a8b2318b67e9757d8fb35527651b034a017fcf8de7a92cb72934134f9bda65,,review_required,no,DUP-0067
assets/media/LIBYA/heritage/ghadames/published/review-required/review-8cd672225f.jpg,review-8cd672225f.jpg,.jpg,1239473,2056,1372,67b85a26d25ae861f02ec8d88846af8e649c3f9599a68f9d08d63eee3f1880b5,,review_required,no,DUP-0068
assets/media/LIBYA/heritage/ghadames/published/review-required/review-9007e5cbf7.jpg,review-9007e5cbf7.jpg,.jpg,73520,380,285,307def7ec95267a08372f47bd2d83e0ab34aa82c2c04626becd3be6d4d2df2f3,,review_required,no,DUP-0059
assets/media/LIBYA/heritage/ghadames/published/review-required/review-91c9cfd0b9.jpg,review-91c9cfd0b9.jpg,.jpg,583818,1440,810,22cbc73eea879a58aad189c591125ef2ac79918c5b8fe5e3d67d7f8be57cffd4,,review_required,no,DUP-0069
assets/media/LIBYA/heritage/ghadames/published/review-required/review-92a0245654.jpg,review-92a0245654.jpg,.jpg,324533,567,425,477b6ebfc69941686a38af61051d877036e2c78180cefea0475c3c3dc3d186b0,,review_required,no,DUP-0070
assets/media/LIBYA/heritage/ghadames/published/review-required/review-95dd057c60.jpg,review-95dd057c60.jpg,.jpg,29534,341,500,fb520bfd26cee3404be09ff9d41d4dae8243b20ae0167dfda1690ce097fd7289,,review_required,no,DUP-0071
assets/media/LIBYA/heritage/ghadames/published/review-required/review-a072e9c801.jpg,review-a072e9c801.jpg,.jpg,489866,1440,810,16de61ef105abf12b73a822d7f85238ead98c35729d0c3d3a2eebcb68ff49add,,review_required,no,DUP-0072
assets/media/LIBYA/heritage/ghadames/published/review-required/review-a194c030c6.jpg,review-a194c030c6.jpg,.jpg,2717547,1920,2880,c63e1dfc25331d38d136685f61a34f7dad8ed5dd76439ef59db0138903e440dc,,review_required,no,DUP-0073
assets/media/LIBYA/heritage/ghadames/published/review-required/review-b005f97c20.jpg,review-b005f97c20.jpg,.jpg,53967,375,500,aea8c2a3239b51c31fdcc7b97cba96687c1bf727c4649ac53ea806bfbea5c37c,,review_required,no,DUP-0074
assets/media/LIBYA/heritage/ghadames/published/review-required/review-b26ed0e368.jpg,review-b26ed0e368.jpg,.jpg,2378195,1920,2880,ffe3043eff05889392970595a89787c169cb44e9cb9739614209d41e07096af5,,review_required,no,DUP-0075
assets/media/LIBYA/heritage/ghadames/published/review-required/review-b46c9b457b.jpg,review-b46c9b457b.jpg,.jpg,22084,500,332,3da45b0cab7bceff3584b0f8159eb3f1d948fa9593c2303b4682c6a2b1e58756,,review_required,no,DUP-0076
assets/media/LIBYA/heritage/ghadames/published/review-required/review-b9f96ee33c.jpg,review-b9f96ee33c.jpg,.jpg,53687,500,375,5e686538a580a3d1930238985e393d64a0fcba8414e1d0458b6b839dae8343da,,review_required,no,DUP-0077
assets/media/LIBYA/heritage/ghadames/published/review-required/review-ca05fd32b6.jpg,review-ca05fd32b6.jpg,.jpg,40483,500,375,9d891c24d5e4381af073101882fc00eebf4f4d495a8e0e48fd4d3a1385cf0ce5,,review_required,no,DUP-0078
assets/media/LIBYA/heritage/ghadames/published/review-required/review-d443131ca8.jpg,review-d443131ca8.jpg,.jpg,29326,500,333,3b7ec64582d744a248b75ac33e25d037973c058091d2edab46c0e01175e2d7e6,,review_required,no,DUP-0079
assets/media/LIBYA/heritage/ghadames/published/review-required/review-e5319d7707.jpg,review-e5319d7707.jpg,.jpg,2201861,2880,1920,b9c359b47a5d52f8516c45ecf0c0310ef42718f8d36e955059db18b4a7c1b5b3,,review_required,no,DUP-0080
assets/media/LIBYA/heritage/ghadames/published/review-required/review-fff60bf7ee.jpg,review-fff60bf7ee.jpg,.jpg,1818176,2880,1920,8e6dd6e35d9714e087d50b60c387deacea88f9f8d7b2f600fcab43e0d7679d9d,,review_required,no,DUP-0081
assets/media/LIBYA/heritage/leptis-magna/official/leptis-official-001.jpeg,leptis-official-001.jpeg,.jpeg,141198,1080,810,02558e0ec9d8a4c49a75ec8d954fc7022f250d71ff1a439894080d752ac7a249,leptis,source_or_local,no,DUP-0082
assets/media/LIBYA/heritage/leptis-magna/official/leptis-official-002.jpeg,leptis-official-002.jpeg,.jpeg,174820,1080,1080,d5179154990536a1faf19b6e92581196a3f9b4cdd9cea0122ee5f6a76a717898,leptis,source_or_local,no,DUP-0083
assets/media/LIBYA/heritage/leptis-magna/official/leptis-official-003.jpeg,leptis-official-003.jpeg,.jpeg,124432,1080,1080,57d62df802ad2c6517f6f72d1a61ff67e364024010b6479d0f09032063064ef7,leptis,source_or_local,no,DUP-0084
assets/media/LIBYA/heritage/leptis-magna/official/leptis-official-004.jpeg,leptis-official-004.jpeg,.jpeg,174820,1080,1080,d5179154990536a1faf19b6e92581196a3f9b4cdd9cea0122ee5f6a76a717898,leptis,source_or_local,no,DUP-0083
assets/media/LIBYA/heritage/leptis-magna/official/leptis-official-005.jpeg,leptis-official-005.jpeg,.jpeg,96507,810,1080,c8c4add5e99e03a9e78adb8fb8c868fef158c9acbd44d66d7a069edb58f9dc34,leptis,source_or_local,no,DUP-0085
assets/media/LIBYA/heritage/leptis-magna/official/leptis-official-006.jpeg,leptis-official-006.jpeg,.jpeg,144618,836,1080,30524ac72571041e439ea9547f820f88634392bf2e40b1285033e54dbad89674,leptis,source_or_local,no,DUP-0086
assets/media/LIBYA/heritage/leptis-magna/official/leptis-official-007.jpeg,leptis-official-007.jpeg,.jpeg,85695,750,1000,4e78cad5e554177fc44ba4b9941ee13cef10f379f722ba1096db0f39c99d3544,leptis,source_or_local,no,DUP-0087
assets/media/LIBYA/heritage/leptis-magna/official/leptis-official-008.jpeg,leptis-official-008.jpeg,.jpeg,142567,1080,1080,72b85afa6ca0250d6afd0c2ba4dc098f4a300ec929ae439c537e7c4d7128d36e,leptis,source_or_local,no,DUP-0088
assets/media/LIBYA/heritage/leptis-magna/official/leptis-official-009.jpeg,leptis-official-009.jpeg,.jpeg,106007,750,1000,a3c461db57c74a23d1fdd58b7428ef8d293af0d06601c19c34a4d191cad62c8d,leptis,source_or_local,no,DUP-0089
assets/media/LIBYA/heritage/leptis-magna/official/leptis-official-010.jpeg,leptis-official-010.jpeg,.jpeg,129558,1080,811,3cde9251ae52d7c7e5bc45fcec714cb3f5e62424a6a427ba1199af28df218fb8,leptis,source_or_local,no,DUP-0090
assets/media/LIBYA/heritage/leptis-magna/official/leptis-official-011.jpeg,leptis-official-011.jpeg,.jpeg,135515,1000,750,124b33a5f5d5f40bafcc0469f5cb4961cf3591b7378ae443a8156907567934a8,leptis,source_or_local,no,DUP-0091
assets/media/LIBYA/heritage/leptis-magna/official/leptis-official-012.jpeg,leptis-official-012.jpeg,.jpeg,126593,1000,750,a921bdb1470142c4d92a90c47c8989e385d27bb281d59a8de1a6293fb7cc958c,leptis,source_or_local,no,DUP-0092
assets/media/LIBYA/heritage/leptis-magna/official/leptis-official-013.jpeg,leptis-official-013.jpeg,.jpeg,160976,1000,750,3d2566cf4235712803710c30fbce5f8ba15ab7aa1b6c71a894a6a537add37897,leptis,source_or_local,no,DUP-0093
assets/media/LIBYA/heritage/leptis-magna/official/leptis-official-014.jpeg,leptis-official-014.jpeg,.jpeg,113057,1000,563,d7df4a3e27fa596997963046d6c9e2737ddc6d36e4a7497b3278e622408f8899,leptis,source_or_local,no,DUP-0094
assets/media/LIBYA/heritage/leptis-magna/official/leptis-official-015.jpeg,leptis-official-015.jpeg,.jpeg,121115,1000,563,23ce781ae35fecbc3eaf12335d2f22c64e6dc487ac620e1b1965d7c5ae66b7d6,leptis,source_or_local,no,DUP-0095
assets/media/LIBYA/heritage/leptis-magna/official/leptis-official-016.jpeg,leptis-official-016.jpeg,.jpeg,82749,1000,563,5f35d972082346803d7d7c87d76f64c27967d7faac5005b780feb5746665a580,leptis,source_or_local,no,DUP-0096
assets/media/LIBYA/heritage/leptis-magna/official/leptis-official-017.jpeg,leptis-official-017.jpeg,.jpeg,78479,1080,811,342eb5deb4b9e970c9d74f0e81d12f472dd459c40056b44002a1826fb2dd422b,leptis,source_or_local,no,DUP-0097
assets/media/LIBYA/heritage/leptis-magna/official/leptis-official-018.jpeg,leptis-official-018.jpeg,.jpeg,90214,607,1080,89026cb82167fec95fd02d00aeecb065efb9bcf63a6faa995d30849013ee9e8c,leptis,source_or_local,no,DUP-0098
assets/media/LIBYA/heritage/leptis-magna/official/leptis-official-019.jpeg,leptis-official-019.jpeg,.jpeg,90495,1000,563,25fe3997b35164f597b16ef755cf002845fd98dd9b03a3e018c3dc6a5a075fdc,leptis,source_or_local,no,DUP-0099
assets/media/LIBYA/heritage/leptis-magna/official/leptis-official-020.jpeg,leptis-official-020.jpeg,.jpeg,105890,607,1080,ce9de34b394856c23fc2d5bc400570e0ef7a8dbe8d6a21c2563b209f36218e07,leptis,source_or_local,no,DUP-0100
assets/media/LIBYA/heritage/leptis-magna/official/leptis-official-021.jpeg,leptis-official-021.jpeg,.jpeg,85562,563,1000,18d4e02bb5fb34acf8a338c02d205ce46b9efb851727596a8ced02cb51fd9370,leptis,source_or_local,no,DUP-0101
assets/media/LIBYA/heritage/leptis-magna/official/leptis-official-022.jpeg,leptis-official-022.jpeg,.jpeg,92085,607,1080,3d16b05bdbc1b66a07836c4eaea5747eedafde1ecd2f2a6c670b608bf9e33cc7,leptis,source_or_local,no,DUP-0102
assets/media/LIBYA/heritage/leptis-magna/official/leptis-official-023.jpeg,leptis-official-023.jpeg,.jpeg,106958,1000,563,1fe0ecff517687d81277858fa2b59fa01e97cca1aec54f873414202d9fb9fb4c,leptis,source_or_local,no,DUP-0103
assets/media/LIBYA/heritage/leptis-magna/official/leptis-official-024.jpeg,leptis-official-024.jpeg,.jpeg,104949,563,1000,14d05c672b535953631c8f0b8b99058edbce9713566bd0393135aa2ae485e811,leptis,source_or_local,no,DUP-0104
assets/media/LIBYA/heritage/leptis-magna/official/leptis-official-025.jpeg,leptis-official-025.jpeg,.jpeg,105182,563,1000,c9d193f2b583e40f31b0955e08d7edaa7049e4df10289a31e0318ab4cce1234c,leptis,source_or_local,no,DUP-0105
assets/media/LIBYA/heritage/leptis-magna/official/leptis-official-026.jpeg,leptis-official-026.jpeg,.jpeg,91669,563,1000,52f0fa01105e904f63ae52322ff95329b280f75016409f7dee55769599beffc7,leptis,source_or_local,no,DUP-0106
assets/media/LIBYA/heritage/leptis-magna/official/leptis-official-027.jpeg,leptis-official-027.jpeg,.jpeg,91669,563,1000,52f0fa01105e904f63ae52322ff95329b280f75016409f7dee55769599beffc7,leptis,source_or_local,no,DUP-0106
assets/media/LIBYA/heritage/leptis-magna/official/leptis-official-028.jpeg,leptis-official-028.jpeg,.jpeg,97033,563,1000,ec977cc881363b23b308176057bae656cffe7229448d088362fe1c8c768b2d8e,leptis,source_or_local,no,DUP-0107
assets/media/LIBYA/heritage/leptis-magna/official/leptis-official-029.jpeg,leptis-official-029.jpeg,.jpeg,91452,563,1000,9be7b92905242aeb8d56edd99bb065e1f47c090bdc0251c05ace806edf841264,leptis,source_or_local,no,DUP-0108
assets/media/LIBYA/heritage/leptis-magna/official/leptis-official-030.jpeg,leptis-official-030.jpeg,.jpeg,99453,1000,563,6a770fed97fb7b2c771df245e0ad9ae3b68ed460ee7762ec3e91b6e7d4f1f7a4,leptis,source_or_local,no,DUP-0109
assets/media/LIBYA/heritage/leptis-magna/official/leptis-official-031.jpeg,leptis-official-031.jpeg,.jpeg,73312,563,1000,6b42697d83fe65b873a69bdeb194c72db5e19627a8429ab8483efa727dd4da16,leptis,source_or_local,no,DUP-0110
assets/media/LIBYA/heritage/leptis-magna/published/leptis-magna-colonnade.jpg,leptis-magna-colonnade.jpg,.jpg,96240,499,600,b686098d30e75955bb0794549b5665d640682ab39f73430ed01c51fb3346db7a,leptis,published,no,DUP-0010
assets/media/LIBYA/heritage/leptis-magna/published/leptis-magna-official-002.jpeg,leptis-magna-official-002.jpeg,.jpeg,174820,1080,1080,d5179154990536a1faf19b6e92581196a3f9b4cdd9cea0122ee5f6a76a717898,leptis,published,no,DUP-0083
assets/media/LIBYA/heritage/leptis-magna/published/leptis-magna-official-003.jpeg,leptis-magna-official-003.jpeg,.jpeg,124432,1080,1080,57d62df802ad2c6517f6f72d1a61ff67e364024010b6479d0f09032063064ef7,leptis,published,no,DUP-0084
assets/media/LIBYA/heritage/leptis-magna/published/leptis-magna-official-004.jpeg,leptis-magna-official-004.jpeg,.jpeg,174820,1080,1080,d5179154990536a1faf19b6e92581196a3f9b4cdd9cea0122ee5f6a76a717898,leptis,published,no,DUP-0083
assets/media/LIBYA/heritage/leptis-magna/published/leptis-magna-official-005.jpeg,leptis-magna-official-005.jpeg,.jpeg,96507,810,1080,c8c4add5e99e03a9e78adb8fb8c868fef158c9acbd44d66d7a069edb58f9dc34,leptis,published,no,DUP-0085
assets/media/LIBYA/heritage/leptis-magna/published/leptis-magna-official-007.jpeg,leptis-magna-official-007.jpeg,.jpeg,85695,750,1000,4e78cad5e554177fc44ba4b9941ee13cef10f379f722ba1096db0f39c99d3544,leptis,published,no,DUP-0087
assets/media/LIBYA/heritage/leptis-magna/published/leptis-magna-official-008.jpeg,leptis-magna-official-008.jpeg,.jpeg,142567,1080,1080,72b85afa6ca0250d6afd0c2ba4dc098f4a300ec929ae439c537e7c4d7128d36e,leptis,published,no,DUP-0088
assets/media/LIBYA/heritage/leptis-magna/published/leptis-magna-official-009.jpeg,leptis-magna-official-009.jpeg,.jpeg,106007,750,1000,a3c461db57c74a23d1fdd58b7428ef8d293af0d06601c19c34a4d191cad62c8d,leptis,published,no,DUP-0089
assets/media/LIBYA/heritage/leptis-magna/published/leptis-magna-official-010.jpeg,leptis-magna-official-010.jpeg,.jpeg,129558,1080,811,3cde9251ae52d7c7e5bc45fcec714cb3f5e62424a6a427ba1199af28df218fb8,leptis,published,no,DUP-0090
assets/media/LIBYA/heritage/leptis-magna/published/leptis-magna-official-011.jpeg,leptis-magna-official-011.jpeg,.jpeg,135515,1000,750,124b33a5f5d5f40bafcc0469f5cb4961cf3591b7378ae443a8156907567934a8,leptis,published,no,DUP-0091
assets/media/LIBYA/heritage/leptis-magna/published/leptis-magna-official-017.jpeg,leptis-magna-official-017.jpeg,.jpeg,78479,1080,811,342eb5deb4b9e970c9d74f0e81d12f472dd459c40056b44002a1826fb2dd422b,leptis,published,no,DUP-0097
assets/media/LIBYA/heritage/leptis-magna/published/leptis-magna-official-018.jpeg,leptis-magna-official-018.jpeg,.jpeg,90214,607,1080,89026cb82167fec95fd02d00aeecb065efb9bcf63a6faa995d30849013ee9e8c,leptis,published,no,DUP-0098
assets/media/LIBYA/heritage/leptis-magna/published/leptis-magna-official-019.jpeg,leptis-magna-official-019.jpeg,.jpeg,90495,1000,563,25fe3997b35164f597b16ef755cf002845fd98dd9b03a3e018c3dc6a5a075fdc,leptis,published,no,DUP-0099
assets/media/LIBYA/heritage/leptis-magna/published/leptis-magna-official-020.jpeg,leptis-magna-official-020.jpeg,.jpeg,105890,607,1080,ce9de34b394856c23fc2d5bc400570e0ef7a8dbe8d6a21c2563b209f36218e07,leptis,published,no,DUP-0100
assets/media/LIBYA/heritage/leptis-magna/published/leptis-magna-official-021.jpeg,leptis-magna-official-021.jpeg,.jpeg,85562,563,1000,18d4e02bb5fb34acf8a338c02d205ce46b9efb851727596a8ced02cb51fd9370,leptis,published,no,DUP-0101
assets/media/LIBYA/heritage/leptis-magna/published/leptis-magna-official-022.jpeg,leptis-magna-official-022.jpeg,.jpeg,92085,607,1080,3d16b05bdbc1b66a07836c4eaea5747eedafde1ecd2f2a6c670b608bf9e33cc7,leptis,published,no,DUP-0102
assets/media/LIBYA/heritage/leptis-magna/published/leptis-magna-official-023.jpeg,leptis-magna-official-023.jpeg,.jpeg,106958,1000,563,1fe0ecff517687d81277858fa2b59fa01e97cca1aec54f873414202d9fb9fb4c,leptis,published,no,DUP-0103
assets/media/LIBYA/heritage/leptis-magna/published/leptis-magna-official-024.jpeg,leptis-magna-official-024.jpeg,.jpeg,104949,563,1000,14d05c672b535953631c8f0b8b99058edbce9713566bd0393135aa2ae485e811,leptis,published,no,DUP-0104
assets/media/LIBYA/heritage/leptis-magna/published/leptis-magna-official-026.jpeg,leptis-magna-official-026.jpeg,.jpeg,91669,563,1000,52f0fa01105e904f63ae52322ff95329b280f75016409f7dee55769599beffc7,leptis,published,no,DUP-0106
assets/media/LIBYA/heritage/leptis-magna/published/leptis-magna-official-027.jpeg,leptis-magna-official-027.jpeg,.jpeg,91669,563,1000,52f0fa01105e904f63ae52322ff95329b280f75016409f7dee55769599beffc7,leptis,published,no,DUP-0106
assets/media/LIBYA/heritage/leptis-magna/published/leptis-magna-official-028.jpeg,leptis-magna-official-028.jpeg,.jpeg,97033,563,1000,ec977cc881363b23b308176057bae656cffe7229448d088362fe1c8c768b2d8e,leptis,published,no,DUP-0107
assets/media/LIBYA/heritage/leptis-magna/published/leptis-magna-official-029.jpeg,leptis-magna-official-029.jpeg,.jpeg,91452,563,1000,9be7b92905242aeb8d56edd99bb065e1f47c090bdc0251c05ace806edf841264,leptis,published,no,DUP-0108
assets/media/LIBYA/heritage/leptis-magna/published/leptis-magna-official-030.jpeg,leptis-magna-official-030.jpeg,.jpeg,99453,1000,563,6a770fed97fb7b2c771df245e0ad9ae3b68ed460ee7762ec3e91b6e7d4f1f7a4,leptis,published,no,DUP-0109
assets/media/LIBYA/heritage/leptis-magna/published/leptis-magna-official-031.jpeg,leptis-magna-official-031.jpeg,.jpeg,73312,563,1000,6b42697d83fe65b873a69bdeb194c72db5e19627a8429ab8483efa727dd4da16,leptis,published,no,DUP-0110
assets/media/LIBYA/heritage/leptis-magna/published/main-site/leptis-magna-colonnade.jpg,leptis-magna-colonnade.jpg,.jpg,96240,499,600,b686098d30e75955bb0794549b5665d640682ab39f73430ed01c51fb3346db7a,leptis,published,yes,DUP-0010
assets/media/LIBYA/heritage/leptis-magna/published/main-site/leptis-magna-official-002.jpeg,leptis-magna-official-002.jpeg,.jpeg,174820,1080,1080,d5179154990536a1faf19b6e92581196a3f9b4cdd9cea0122ee5f6a76a717898,leptis,published,yes,DUP-0083
assets/media/LIBYA/heritage/leptis-magna/published/main-site/leptis-magna-official-003.jpeg,leptis-magna-official-003.jpeg,.jpeg,124432,1080,1080,57d62df802ad2c6517f6f72d1a61ff67e364024010b6479d0f09032063064ef7,leptis,published,yes,DUP-0084
assets/media/LIBYA/heritage/leptis-magna/published/main-site/leptis-magna-official-004.jpeg,leptis-magna-official-004.jpeg,.jpeg,174820,1080,1080,d5179154990536a1faf19b6e92581196a3f9b4cdd9cea0122ee5f6a76a717898,leptis,published,yes,DUP-0083
assets/media/LIBYA/heritage/leptis-magna/published/main-site/leptis-magna-official-005.jpeg,leptis-magna-official-005.jpeg,.jpeg,96507,810,1080,c8c4add5e99e03a9e78adb8fb8c868fef158c9acbd44d66d7a069edb58f9dc34,leptis,published,yes,DUP-0085
assets/media/LIBYA/heritage/leptis-magna/published/main-site/leptis-magna-official-007.jpeg,leptis-magna-official-007.jpeg,.jpeg,85695,750,1000,4e78cad5e554177fc44ba4b9941ee13cef10f379f722ba1096db0f39c99d3544,leptis,published,yes,DUP-0087
assets/media/LIBYA/heritage/leptis-magna/published/main-site/leptis-magna-official-008.jpeg,leptis-magna-official-008.jpeg,.jpeg,142567,1080,1080,72b85afa6ca0250d6afd0c2ba4dc098f4a300ec929ae439c537e7c4d7128d36e,leptis,published,yes,DUP-0088
assets/media/LIBYA/heritage/leptis-magna/published/main-site/leptis-magna-official-009.jpeg,leptis-magna-official-009.jpeg,.jpeg,106007,750,1000,a3c461db57c74a23d1fdd58b7428ef8d293af0d06601c19c34a4d191cad62c8d,leptis,published,yes,DUP-0089
assets/media/LIBYA/heritage/leptis-magna/published/main-site/leptis-magna-official-010.jpeg,leptis-magna-official-010.jpeg,.jpeg,129558,1080,811,3cde9251ae52d7c7e5bc45fcec714cb3f5e62424a6a427ba1199af28df218fb8,leptis,published,yes,DUP-0090
assets/media/LIBYA/heritage/leptis-magna/published/main-site/leptis-magna-official-011.jpeg,leptis-magna-official-011.jpeg,.jpeg,135515,1000,750,124b33a5f5d5f40bafcc0469f5cb4961cf3591b7378ae443a8156907567934a8,leptis,published,yes,DUP-0091
assets/media/LIBYA/heritage/leptis-magna/published/main-site/leptis-magna-official-017.jpeg,leptis-magna-official-017.jpeg,.jpeg,78479,1080,811,342eb5deb4b9e970c9d74f0e81d12f472dd459c40056b44002a1826fb2dd422b,leptis,published,yes,DUP-0097
assets/media/LIBYA/heritage/leptis-magna/published/main-site/leptis-magna-official-018.jpeg,leptis-magna-official-018.jpeg,.jpeg,90214,607,1080,89026cb82167fec95fd02d00aeecb065efb9bcf63a6faa995d30849013ee9e8c,leptis,published,yes,DUP-0098
assets/media/LIBYA/heritage/leptis-magna/published/main-site/leptis-magna-official-019.jpeg,leptis-magna-official-019.jpeg,.jpeg,90495,1000,563,25fe3997b35164f597b16ef755cf002845fd98dd9b03a3e018c3dc6a5a075fdc,leptis,published,yes,DUP-0099
assets/media/LIBYA/heritage/leptis-magna/published/main-site/leptis-magna-official-020.jpeg,leptis-magna-official-020.jpeg,.jpeg,105890,607,1080,ce9de34b394856c23fc2d5bc400570e0ef7a8dbe8d6a21c2563b209f36218e07,leptis,published,yes,DUP-0100
assets/media/LIBYA/heritage/leptis-magna/published/main-site/leptis-magna-official-021.jpeg,leptis-magna-official-021.jpeg,.jpeg,85562,563,1000,18d4e02bb5fb34acf8a338c02d205ce46b9efb851727596a8ced02cb51fd9370,leptis,published,yes,DUP-0101
assets/media/LIBYA/heritage/leptis-magna/published/main-site/leptis-magna-official-022.jpeg,leptis-magna-official-022.jpeg,.jpeg,92085,607,1080,3d16b05bdbc1b66a07836c4eaea5747eedafde1ecd2f2a6c670b608bf9e33cc7,leptis,published,yes,DUP-0102
assets/media/LIBYA/heritage/leptis-magna/published/main-site/leptis-magna-official-023.jpeg,leptis-magna-official-023.jpeg,.jpeg,106958,1000,563,1fe0ecff517687d81277858fa2b59fa01e97cca1aec54f873414202d9fb9fb4c,leptis,published,yes,DUP-0103
assets/media/LIBYA/heritage/leptis-magna/published/main-site/leptis-magna-official-024.jpeg,leptis-magna-official-024.jpeg,.jpeg,104949,563,1000,14d05c672b535953631c8f0b8b99058edbce9713566bd0393135aa2ae485e811,leptis,published,yes,DUP-0104
assets/media/LIBYA/heritage/leptis-magna/published/main-site/leptis-magna-official-026.jpeg,leptis-magna-official-026.jpeg,.jpeg,91669,563,1000,52f0fa01105e904f63ae52322ff95329b280f75016409f7dee55769599beffc7,leptis,published,yes,DUP-0106
assets/media/LIBYA/heritage/leptis-magna/published/main-site/leptis-magna-official-027.jpeg,leptis-magna-official-027.jpeg,.jpeg,91669,563,1000,52f0fa01105e904f63ae52322ff95329b280f75016409f7dee55769599beffc7,leptis,published,yes,DUP-0106
assets/media/LIBYA/heritage/leptis-magna/published/main-site/leptis-magna-official-028.jpeg,leptis-magna-official-028.jpeg,.jpeg,97033,563,1000,ec977cc881363b23b308176057bae656cffe7229448d088362fe1c8c768b2d8e,leptis,published,yes,DUP-0107
assets/media/LIBYA/heritage/leptis-magna/published/main-site/leptis-magna-official-029.jpeg,leptis-magna-official-029.jpeg,.jpeg,91452,563,1000,9be7b92905242aeb8d56edd99bb065e1f47c090bdc0251c05ace806edf841264,leptis,published,yes,DUP-0108
assets/media/LIBYA/heritage/leptis-magna/published/main-site/leptis-magna-official-030.jpeg,leptis-magna-official-030.jpeg,.jpeg,99453,1000,563,6a770fed97fb7b2c771df245e0ad9ae3b68ed460ee7762ec3e91b6e7d4f1f7a4,leptis,published,yes,DUP-0109
assets/media/LIBYA/heritage/leptis-magna/published/main-site/leptis-magna-official-031.jpeg,leptis-magna-official-031.jpeg,.jpeg,73312,563,1000,6b42697d83fe65b873a69bdeb194c72db5e19627a8429ab8483efa727dd4da16,leptis,published,yes,DUP-0110
assets/media/LIBYA/heritage/leptis-magna/published/main-site/leptis-official-001.jpeg,leptis-official-001.jpeg,.jpeg,141198,1080,810,02558e0ec9d8a4c49a75ec8d954fc7022f250d71ff1a439894080d752ac7a249,leptis,published,yes,DUP-0082
assets/media/LIBYA/heritage/leptis-magna/published/main-site/leptis-official-002.jpeg,leptis-official-002.jpeg,.jpeg,174820,1080,1080,d5179154990536a1faf19b6e92581196a3f9b4cdd9cea0122ee5f6a76a717898,leptis,published,yes,DUP-0083
assets/media/LIBYA/heritage/leptis-magna/published/main-site/leptis-official-003.jpeg,leptis-official-003.jpeg,.jpeg,124432,1080,1080,57d62df802ad2c6517f6f72d1a61ff67e364024010b6479d0f09032063064ef7,leptis,published,yes,DUP-0084
assets/media/LIBYA/heritage/leptis-magna/published/main-site/leptis-official-004.jpeg,leptis-official-004.jpeg,.jpeg,174820,1080,1080,d5179154990536a1faf19b6e92581196a3f9b4cdd9cea0122ee5f6a76a717898,leptis,published,yes,DUP-0083
assets/media/LIBYA/heritage/leptis-magna/published/main-site/leptis-official-005.jpeg,leptis-official-005.jpeg,.jpeg,96507,810,1080,c8c4add5e99e03a9e78adb8fb8c868fef158c9acbd44d66d7a069edb58f9dc34,leptis,published,yes,DUP-0085
assets/media/LIBYA/heritage/leptis-magna/published/main-site/leptis-official-006.jpeg,leptis-official-006.jpeg,.jpeg,144618,836,1080,30524ac72571041e439ea9547f820f88634392bf2e40b1285033e54dbad89674,leptis,published,yes,DUP-0086
assets/media/LIBYA/heritage/leptis-magna/published/main-site/leptis-official-007.jpeg,leptis-official-007.jpeg,.jpeg,85695,750,1000,4e78cad5e554177fc44ba4b9941ee13cef10f379f722ba1096db0f39c99d3544,leptis,published,yes,DUP-0087
assets/media/LIBYA/heritage/leptis-magna/published/main-site/leptis-official-008.jpeg,leptis-official-008.jpeg,.jpeg,142567,1080,1080,72b85afa6ca0250d6afd0c2ba4dc098f4a300ec929ae439c537e7c4d7128d36e,leptis,published,yes,DUP-0088
assets/media/LIBYA/heritage/leptis-magna/published/main-site/leptis-official-009.jpeg,leptis-official-009.jpeg,.jpeg,106007,750,1000,a3c461db57c74a23d1fdd58b7428ef8d293af0d06601c19c34a4d191cad62c8d,leptis,published,yes,DUP-0089
assets/media/LIBYA/heritage/leptis-magna/published/main-site/leptis-official-010.jpeg,leptis-official-010.jpeg,.jpeg,129558,1080,811,3cde9251ae52d7c7e5bc45fcec714cb3f5e62424a6a427ba1199af28df218fb8,leptis,published,yes,DUP-0090
assets/media/LIBYA/heritage/leptis-magna/published/main-site/leptis-official-011.jpeg,leptis-official-011.jpeg,.jpeg,135515,1000,750,124b33a5f5d5f40bafcc0469f5cb4961cf3591b7378ae443a8156907567934a8,leptis,published,yes,DUP-0091
assets/media/LIBYA/heritage/leptis-magna/published/main-site/leptis-official-012.jpeg,leptis-official-012.jpeg,.jpeg,126593,1000,750,a921bdb1470142c4d92a90c47c8989e385d27bb281d59a8de1a6293fb7cc958c,leptis,published,yes,DUP-0092
assets/media/LIBYA/heritage/leptis-magna/published/main-site/leptis-official-013.jpeg,leptis-official-013.jpeg,.jpeg,160976,1000,750,3d2566cf4235712803710c30fbce5f8ba15ab7aa1b6c71a894a6a537add37897,leptis,published,yes,DUP-0093
assets/media/LIBYA/heritage/leptis-magna/published/main-site/leptis-official-014.jpeg,leptis-official-014.jpeg,.jpeg,113057,1000,563,d7df4a3e27fa596997963046d6c9e2737ddc6d36e4a7497b3278e622408f8899,leptis,published,yes,DUP-0094
assets/media/LIBYA/heritage/leptis-magna/published/main-site/leptis-official-015.jpeg,leptis-official-015.jpeg,.jpeg,121115,1000,563,23ce781ae35fecbc3eaf12335d2f22c64e6dc487ac620e1b1965d7c5ae66b7d6,leptis,published,yes,DUP-0095
assets/media/LIBYA/heritage/leptis-magna/published/main-site/leptis-official-016.jpeg,leptis-official-016.jpeg,.jpeg,82749,1000,563,5f35d972082346803d7d7c87d76f64c27967d7faac5005b780feb5746665a580,leptis,published,yes,DUP-0096
assets/media/LIBYA/heritage/leptis-magna/published/main-site/leptis-official-017.jpeg,leptis-official-017.jpeg,.jpeg,78479,1080,811,342eb5deb4b9e970c9d74f0e81d12f472dd459c40056b44002a1826fb2dd422b,leptis,published,yes,DUP-0097
assets/media/LIBYA/heritage/leptis-magna/published/main-site/leptis-official-018.jpeg,leptis-official-018.jpeg,.jpeg,90214,607,1080,89026cb82167fec95fd02d00aeecb065efb9bcf63a6faa995d30849013ee9e8c,leptis,published,yes,DUP-0098
assets/media/LIBYA/heritage/leptis-magna/published/main-site/leptis-official-019.jpeg,leptis-official-019.jpeg,.jpeg,90495,1000,563,25fe3997b35164f597b16ef755cf002845fd98dd9b03a3e018c3dc6a5a075fdc,leptis,published,yes,DUP-0099
assets/media/LIBYA/heritage/leptis-magna/published/main-site/leptis-official-020.jpeg,leptis-official-020.jpeg,.jpeg,105890,607,1080,ce9de34b394856c23fc2d5bc400570e0ef7a8dbe8d6a21c2563b209f36218e07,leptis,published,yes,DUP-0100
assets/media/LIBYA/heritage/leptis-magna/published/main-site/leptis-official-021.jpeg,leptis-official-021.jpeg,.jpeg,85562,563,1000,18d4e02bb5fb34acf8a338c02d205ce46b9efb851727596a8ced02cb51fd9370,leptis,published,yes,DUP-0101
assets/media/LIBYA/heritage/leptis-magna/published/main-site/leptis-official-022.jpeg,leptis-official-022.jpeg,.jpeg,92085,607,1080,3d16b05bdbc1b66a07836c4eaea5747eedafde1ecd2f2a6c670b608bf9e33cc7,leptis,published,yes,DUP-0102
assets/media/LIBYA/heritage/leptis-magna/published/main-site/leptis-official-023.jpeg,leptis-official-023.jpeg,.jpeg,106958,1000,563,1fe0ecff517687d81277858fa2b59fa01e97cca1aec54f873414202d9fb9fb4c,leptis,published,yes,DUP-0103
assets/media/LIBYA/heritage/leptis-magna/published/main-site/leptis-official-024.jpeg,leptis-official-024.jpeg,.jpeg,104949,563,1000,14d05c672b535953631c8f0b8b99058edbce9713566bd0393135aa2ae485e811,leptis,published,yes,DUP-0104
assets/media/LIBYA/heritage/leptis-magna/published/main-site/leptis-official-025.jpeg,leptis-official-025.jpeg,.jpeg,105182,563,1000,c9d193f2b583e40f31b0955e08d7edaa7049e4df10289a31e0318ab4cce1234c,leptis,published,yes,DUP-0105
assets/media/LIBYA/heritage/leptis-magna/published/main-site/leptis-official-026.jpeg,leptis-official-026.jpeg,.jpeg,91669,563,1000,52f0fa01105e904f63ae52322ff95329b280f75016409f7dee55769599beffc7,leptis,published,yes,DUP-0106
assets/media/LIBYA/heritage/leptis-magna/published/main-site/leptis-official-027.jpeg,leptis-official-027.jpeg,.jpeg,91669,563,1000,52f0fa01105e904f63ae52322ff95329b280f75016409f7dee55769599beffc7,leptis,published,yes,DUP-0106
assets/media/LIBYA/heritage/leptis-magna/published/main-site/leptis-official-028.jpeg,leptis-official-028.jpeg,.jpeg,97033,563,1000,ec977cc881363b23b308176057bae656cffe7229448d088362fe1c8c768b2d8e,leptis,published,yes,DUP-0107
assets/media/LIBYA/heritage/leptis-magna/published/main-site/leptis-official-029.jpeg,leptis-official-029.jpeg,.jpeg,91452,563,1000,9be7b92905242aeb8d56edd99bb065e1f47c090bdc0251c05ace806edf841264,leptis,published,yes,DUP-0108
assets/media/LIBYA/heritage/leptis-magna/published/main-site/leptis-official-030.jpeg,leptis-official-030.jpeg,.jpeg,99453,1000,563,6a770fed97fb7b2c771df245e0ad9ae3b68ed460ee7762ec3e91b6e7d4f1f7a4,leptis,published,yes,DUP-0109
assets/media/LIBYA/heritage/leptis-magna/published/main-site/leptis-official-031.jpeg,leptis-official-031.jpeg,.jpeg,73312,563,1000,6b42697d83fe65b873a69bdeb194c72db5e19627a8429ab8483efa727dd4da16,leptis,published,yes,DUP-0110
assets/media/LIBYA/heritage/leptis-magna/published/review-required/official-001.jpeg,official-001.jpeg,.jpeg,141198,1080,810,02558e0ec9d8a4c49a75ec8d954fc7022f250d71ff1a439894080d752ac7a249,,review_required,no,DUP-0082
assets/media/LIBYA/heritage/leptis-magna/published/review-required/official-002.jpeg,official-002.jpeg,.jpeg,174820,1080,1080,d5179154990536a1faf19b6e92581196a3f9b4cdd9cea0122ee5f6a76a717898,,review_required,no,DUP-0083
assets/media/LIBYA/heritage/leptis-magna/published/review-required/official-003.jpeg,official-003.jpeg,.jpeg,124432,1080,1080,57d62df802ad2c6517f6f72d1a61ff67e364024010b6479d0f09032063064ef7,,review_required,no,DUP-0084
assets/media/LIBYA/heritage/leptis-magna/published/review-required/official-004.jpeg,official-004.jpeg,.jpeg,174820,1080,1080,d5179154990536a1faf19b6e92581196a3f9b4cdd9cea0122ee5f6a76a717898,,review_required,no,DUP-0083
assets/media/LIBYA/heritage/leptis-magna/published/review-required/official-005.jpeg,official-005.jpeg,.jpeg,96507,810,1080,c8c4add5e99e03a9e78adb8fb8c868fef158c9acbd44d66d7a069edb58f9dc34,,review_required,no,DUP-0085
assets/media/LIBYA/heritage/leptis-magna/published/review-required/official-006.jpeg,official-006.jpeg,.jpeg,144618,836,1080,30524ac72571041e439ea9547f820f88634392bf2e40b1285033e54dbad89674,,review_required,no,DUP-0086
assets/media/LIBYA/heritage/leptis-magna/published/review-required/official-007.jpeg,official-007.jpeg,.jpeg,85695,750,1000,4e78cad5e554177fc44ba4b9941ee13cef10f379f722ba1096db0f39c99d3544,,review_required,no,DUP-0087
assets/media/LIBYA/heritage/leptis-magna/published/review-required/official-008.jpeg,official-008.jpeg,.jpeg,142567,1080,1080,72b85afa6ca0250d6afd0c2ba4dc098f4a300ec929ae439c537e7c4d7128d36e,,review_required,no,DUP-0088
assets/media/LIBYA/heritage/leptis-magna/published/review-required/official-009.jpeg,official-009.jpeg,.jpeg,106007,750,1000,a3c461db57c74a23d1fdd58b7428ef8d293af0d06601c19c34a4d191cad62c8d,,review_required,no,DUP-0089
assets/media/LIBYA/heritage/leptis-magna/published/review-required/official-010.jpeg,official-010.jpeg,.jpeg,129558,1080,811,3cde9251ae52d7c7e5bc45fcec714cb3f5e62424a6a427ba1199af28df218fb8,,review_required,no,DUP-0090
assets/media/LIBYA/heritage/leptis-magna/published/review-required/official-011.jpeg,official-011.jpeg,.jpeg,135515,1000,750,124b33a5f5d5f40bafcc0469f5cb4961cf3591b7378ae443a8156907567934a8,,review_required,no,DUP-0091
assets/media/LIBYA/heritage/leptis-magna/published/review-required/official-012.jpeg,official-012.jpeg,.jpeg,126593,1000,750,a921bdb1470142c4d92a90c47c8989e385d27bb281d59a8de1a6293fb7cc958c,,review_required,no,DUP-0092
assets/media/LIBYA/heritage/leptis-magna/published/review-required/official-013.jpeg,official-013.jpeg,.jpeg,160976,1000,750,3d2566cf4235712803710c30fbce5f8ba15ab7aa1b6c71a894a6a537add37897,,review_required,no,DUP-0093
assets/media/LIBYA/heritage/leptis-magna/published/review-required/official-014.jpeg,official-014.jpeg,.jpeg,113057,1000,563,d7df4a3e27fa596997963046d6c9e2737ddc6d36e4a7497b3278e622408f8899,,review_required,no,DUP-0094
assets/media/LIBYA/heritage/leptis-magna/published/review-required/official-015.jpeg,official-015.jpeg,.jpeg,121115,1000,563,23ce781ae35fecbc3eaf12335d2f22c64e6dc487ac620e1b1965d7c5ae66b7d6,,review_required,no,DUP-0095
assets/media/LIBYA/heritage/leptis-magna/published/review-required/official-016.jpeg,official-016.jpeg,.jpeg,82749,1000,563,5f35d972082346803d7d7c87d76f64c27967d7faac5005b780feb5746665a580,,review_required,no,DUP-0096
assets/media/LIBYA/heritage/leptis-magna/published/review-required/official-017.jpeg,official-017.jpeg,.jpeg,78479,1080,811,342eb5deb4b9e970c9d74f0e81d12f472dd459c40056b44002a1826fb2dd422b,,review_required,no,DUP-0097
assets/media/LIBYA/heritage/leptis-magna/published/review-required/official-018.jpeg,official-018.jpeg,.jpeg,90214,607,1080,89026cb82167fec95fd02d00aeecb065efb9bcf63a6faa995d30849013ee9e8c,,review_required,no,DUP-0098
assets/media/LIBYA/heritage/leptis-magna/published/review-required/official-019.jpeg,official-019.jpeg,.jpeg,90495,1000,563,25fe3997b35164f597b16ef755cf002845fd98dd9b03a3e018c3dc6a5a075fdc,,review_required,no,DUP-0099
assets/media/LIBYA/heritage/leptis-magna/published/review-required/official-020.jpeg,official-020.jpeg,.jpeg,105890,607,1080,ce9de34b394856c23fc2d5bc400570e0ef7a8dbe8d6a21c2563b209f36218e07,,review_required,no,DUP-0100
assets/media/LIBYA/heritage/leptis-magna/published/review-required/official-021.jpeg,official-021.jpeg,.jpeg,85562,563,1000,18d4e02bb5fb34acf8a338c02d205ce46b9efb851727596a8ced02cb51fd9370,,review_required,no,DUP-0101
assets/media/LIBYA/heritage/leptis-magna/published/review-required/official-022.jpeg,official-022.jpeg,.jpeg,92085,607,1080,3d16b05bdbc1b66a07836c4eaea5747eedafde1ecd2f2a6c670b608bf9e33cc7,,review_required,no,DUP-0102
assets/media/LIBYA/heritage/leptis-magna/published/review-required/official-023.jpeg,official-023.jpeg,.jpeg,106958,1000,563,1fe0ecff517687d81277858fa2b59fa01e97cca1aec54f873414202d9fb9fb4c,,review_required,no,DUP-0103
assets/media/LIBYA/heritage/leptis-magna/published/review-required/official-024.jpeg,official-024.jpeg,.jpeg,104949,563,1000,14d05c672b535953631c8f0b8b99058edbce9713566bd0393135aa2ae485e811,,review_required,no,DUP-0104
assets/media/LIBYA/heritage/leptis-magna/published/review-required/official-025.jpeg,official-025.jpeg,.jpeg,105182,563,1000,c9d193f2b583e40f31b0955e08d7edaa7049e4df10289a31e0318ab4cce1234c,,review_required,no,DUP-0105
assets/media/LIBYA/heritage/leptis-magna/published/review-required/official-026.jpeg,official-026.jpeg,.jpeg,91669,563,1000,52f0fa01105e904f63ae52322ff95329b280f75016409f7dee55769599beffc7,,review_required,no,DUP-0106
assets/media/LIBYA/heritage/leptis-magna/published/review-required/official-027.jpeg,official-027.jpeg,.jpeg,91669,563,1000,52f0fa01105e904f63ae52322ff95329b280f75016409f7dee55769599beffc7,,review_required,no,DUP-0106
assets/media/LIBYA/heritage/leptis-magna/published/review-required/official-028.jpeg,official-028.jpeg,.jpeg,97033,563,1000,ec977cc881363b23b308176057bae656cffe7229448d088362fe1c8c768b2d8e,,review_required,no,DUP-0107
assets/media/LIBYA/heritage/leptis-magna/published/review-required/official-029.jpeg,official-029.jpeg,.jpeg,91452,563,1000,9be7b92905242aeb8d56edd99bb065e1f47c090bdc0251c05ace806edf841264,,review_required,no,DUP-0108
assets/media/LIBYA/heritage/leptis-magna/published/review-required/official-030.jpeg,official-030.jpeg,.jpeg,99453,1000,563,6a770fed97fb7b2c771df245e0ad9ae3b68ed460ee7762ec3e91b6e7d4f1f7a4,,review_required,no,DUP-0109
assets/media/LIBYA/heritage/leptis-magna/published/review-required/official-031.jpeg,official-031.jpeg,.jpeg,73312,563,1000,6b42697d83fe65b873a69bdeb194c72db5e19627a8429ab8483efa727dd4da16,,review_required,no,DUP-0110
assets/media/LIBYA/heritage/leptis-magna/published/review-required/source-001.jpg,source-001.jpg,.jpg,59672,403,403,0ae3c9be7a1b48a089d4f82c78640a3ff9aab377d42cf15e4d1a03f4244b9f98,,review_required,no,DUP-0117
assets/media/LIBYA/heritage/leptis-magna/published/review-required/source-002.jpg,source-002.jpg,.jpg,105431,800,600,b94097b905c3f585a2b4fd8a1c7c31ee27d8393e5bbf55376481431527a92fba,,review_required,no,DUP-0118
assets/media/LIBYA/heritage/leptis-magna/published/review-required/source-003.jpg,source-003.jpg,.jpg,6967539,5312,2988,13c78e9fa9332f68b8a67fbf1da301225fcf0e563293b1840f706e5d9ebf945f,,review_required,no,DUP-0119
assets/media/LIBYA/heritage/leptis-magna/published/review-required/source-004.jpg,source-004.jpg,.jpg,2373361,2322,4128,1a0c122b7a3b86419a193bded86a23e113eb5608c29e94e9e3296098917257fd,,review_required,no,DUP-0120
assets/media/LIBYA/heritage/leptis-magna/published/review-required/source-005.jpg,source-005.jpg,.jpg,2105648,2322,4128,d5f692395c848a883d605718460449dd218bfeaf1ef75db8298ca25158d7fc51,,review_required,no,DUP-0121
assets/media/LIBYA/heritage/leptis-magna/published/review-required/source-006.jpg,source-006.jpg,.jpg,2040554,2322,4128,e07cdf1c589503bd21bbc0f51e293ce905af2a7e738ff1e4862be1076aaaf514,,review_required,no,DUP-0122
assets/media/LIBYA/heritage/leptis-magna/published/review-required/source-007.jpg,source-007.jpg,.jpg,2112098,4128,2322,21d3ddf85fb714f34c5a9aedb9686800ff9b0c3c4a56f8d46ec90f5da891931b,,review_required,no,DUP-0123
assets/media/LIBYA/heritage/leptis-magna/published/review-required/source-008.jpg,source-008.jpg,.jpg,2112098,4128,2322,21d3ddf85fb714f34c5a9aedb9686800ff9b0c3c4a56f8d46ec90f5da891931b,,review_required,no,DUP-0123
assets/media/LIBYA/heritage/leptis-magna/published/review-required/source-009.jpg,source-009.jpg,.jpg,4795922,4128,2322,abc7e0f8c187d388fd89f4abb51582c2d3ee39a3af3eadfc80e69a0740062945,,review_required,no,DUP-0124
assets/media/LIBYA/heritage/leptis-magna/published/review-required/source-010.jpg,source-010.jpg,.jpg,4056502,4128,2322,94b26e000ce922f864cb7688e4a6284ebdc8e807fcfdea7fee557af2c613b5e5,,review_required,no,DUP-0125
assets/media/LIBYA/heritage/leptis-magna/published/review-required/source-011.jpg,source-011.jpg,.jpg,3521495,4128,2322,d04dd28519cebaa4311e80bf18b08046750d28a0495b1062d7cfe1474ada1a4b,,review_required,no,DUP-0126
assets/media/LIBYA/heritage/leptis-magna/published/review-required/source-012.jpg,source-012.jpg,.jpg,4814122,4128,2322,6e0e7c5f330bef50c75dc48728b69bafab50ce54b50c2f4192173eab50dfde20,,review_required,no,DUP-0127
assets/media/LIBYA/heritage/leptis-magna/published/review-required/source-013.jpg,source-013.jpg,.jpg,4498386,4128,2322,3d5f0159ce21cead35c5f3a7db472619a0e55e22a724c25293fbaae2f0d901a1,,review_required,no,DUP-0128
assets/media/LIBYA/heritage/leptis-magna/published/review-required/source-014.jpg,source-014.jpg,.jpg,5182833,4128,2322,3ab957a06c0ecf66095f1079db9a9091bbc31426809be7c42d68ef4190d47972,,review_required,no,DUP-0129
assets/media/LIBYA/heritage/leptis-magna/published/review-required/source-015.jpg,source-015.jpg,.jpg,4987933,4128,2322,6a1ae961628330484151c9052d8afd06a8c2d75f110079fc353a02c9861cbbec,,review_required,no,DUP-0130
assets/media/LIBYA/heritage/leptis-magna/published/review-required/source-016.jpg,source-016.jpg,.jpg,4822358,4128,2322,65ef0570d4d784deda55e9883b013d29825336c341d232351e5805aa533b67c4,,review_required,no,DUP-0131
assets/media/LIBYA/heritage/leptis-magna/published/review-required/source-017.jpg,source-017.jpg,.jpg,4091110,4128,2322,e0424d18a7b757cdd266b2d25e8519f0e6f30cc7689a694e15888739ea4fc842,,review_required,no,DUP-0132
assets/media/LIBYA/heritage/leptis-magna/published/review-required/source-018.jpg,source-018.jpg,.jpg,4092452,4128,2322,0a3a118ed2f3dcf84e75ea53be0ea79f4c095cdba7c9ec4dbb59e48046e103ca,,review_required,no,DUP-0133
assets/media/LIBYA/heritage/leptis-magna/published/review-required/source-019.jpg,source-019.jpg,.jpg,4092452,4128,2322,0a3a118ed2f3dcf84e75ea53be0ea79f4c095cdba7c9ec4dbb59e48046e103ca,,review_required,no,DUP-0133
assets/media/LIBYA/heritage/leptis-magna/published/review-required/source-020.jpg,source-020.jpg,.jpg,2610681,2048,1536,1bf4b29ceee9dd1c9d92c9912b78a0d7c73e22bfdbf305f324c3e6eaa7853ce8,,review_required,no,DUP-0134
assets/media/LIBYA/heritage/leptis-magna/published/review-required/source-021.jpg,source-021.jpg,.jpg,49133,500,332,3f71541fd3afdbe3e881ffa105ccafb17834f1d384df2d4df7edba0b89904a53,,review_required,no,DUP-0135
assets/media/LIBYA/heritage/leptis-magna/published/review-required/source-022.jpg,source-022.jpg,.jpg,2195855,1536,2048,7bbabd7c64741ddbeb29839b38ff942ee47c257fd1aeb88e518a0bdd6f541dc4,,review_required,no,DUP-0136
assets/media/LIBYA/heritage/leptis-magna/published/review-required/source-023.jpg,source-023.jpg,.jpg,6111649,4608,3456,1a2e94705ad4906865066c6cd2fee1ad5ce191787b2f429e0886c3634d8f729c,,review_required,no,DUP-0137
assets/media/LIBYA/heritage/leptis-magna/published/review-required/source-024.jpg,source-024.jpg,.jpg,5982780,4608,3456,5a68702d2267590945645c78b13f9419beeaefcb78eff1cfc9c19c6804cf3ae8,,review_required,no,DUP-0138
assets/media/LIBYA/heritage/leptis-magna/published/review-required/source-025.jpg,source-025.jpg,.jpg,5318964,3456,4608,de1426f45b5c9aae7b3d4e954e8a2a1a5a066870f3b1279a88ac4ae950fcd323,,review_required,no,DUP-0139
assets/media/LIBYA/heritage/leptis-magna/published/review-required/source-026.jpg,source-026.jpg,.jpg,5304173,3456,4608,46c1061db33b416c6bc8c367834c360405b76f7dbe77c42e8247f39711393023,,review_required,no,DUP-0140
assets/media/LIBYA/heritage/leptis-magna/published/review-required/source-027.jpg,source-027.jpg,.jpg,6077407,4608,3456,4a7e2f26ac072ae4619db2fba45a35b20b0fe58b9bf122d7dc07ffb749660365,,review_required,no,DUP-0141
assets/media/LIBYA/heritage/leptis-magna/published/review-required/source-028.jpg,source-028.jpg,.jpg,6122923,4608,3456,b501e910cc105335b005b456fd53aed9aba1627d8a949d95a0a886c75236b76a,,review_required,no,DUP-0142
assets/media/LIBYA/heritage/leptis-magna/published/review-required/source-029.jpg,source-029.jpg,.jpg,64493,500,375,e28a5134025c231100e2c4c711c0437fbcbd425bd1e5994935d7bfcaffbbfe1a,,review_required,no,DUP-0143
assets/media/LIBYA/heritage/leptis-magna/published/review-required/source-030.jpg,source-030.jpg,.jpg,519897,1735,709,79022c6f560bb4d0198dc4a1f60b14db79c187beaeb009dff0eb1ee412c32778,,review_required,no,DUP-0144
assets/media/LIBYA/heritage/leptis-magna/published/review-required/source-031.jpg,source-031.jpg,.jpg,523531,1735,709,d10777e1f3591ebc2e844e8c3ffc791a0cddca68cfaead5daa6d328f211a7947,,review_required,no,DUP-0145
assets/media/LIBYA/heritage/leptis-magna/published/review-required/source-032.jpg,source-032.jpg,.jpg,182341,1024,768,d66304c2ce4dde7a82b307bc1f98cfbc8bc5f253150513578504a979fe4d731d,,review_required,no,DUP-0146
assets/media/LIBYA/heritage/leptis-magna/published/review-required/source-033.jpg,source-033.jpg,.jpg,53739,600,400,468e4dd944a47e486fa78fee7510329cc40bfc2c387420434c0f570b3bcb9f08,,review_required,no,DUP-0147
assets/media/LIBYA/heritage/leptis-magna/published/review-required/source-034.jpg,source-034.jpg,.jpg,190572,1024,768,25a424d78c693850fcfb600818355ac2c2ec1ff6b1796398658d3c234445e36c,,review_required,no,DUP-0148
assets/media/LIBYA/heritage/leptis-magna/published/review-required/source-035.jpg,source-035.jpg,.jpg,257668,1920,750,359ba770dbc376f8e92701107977fbb4dfcf450bf5a98d27ce6d691d49ea9e25,,review_required,no,DUP-0149
assets/media/LIBYA/heritage/leptis-magna/published/review-required/source-036.jpg,source-036.jpg,.jpg,268305,1850,640,cc9050741fec0f2bc4e6f227478613c773dcadc69feb46a1ad02b0897ef54c6b,,review_required,no,DUP-0150
assets/media/LIBYA/heritage/leptis-magna/published/review-required/source-037.jpg,source-037.jpg,.jpg,109973,800,600,4e1c7a571344ae48ed61b63e08fd3031c3649b6d8195ad77763b9717640ceb1b,,review_required,no,DUP-0151
assets/media/LIBYA/heritage/leptis-magna/published/review-required/source-038.jpg,source-038.jpg,.jpg,4168639,4128,2322,faa17fd560a029db7045f6bf566c840424d28dc36e698855a05da1178c402bb7,,review_required,no,DUP-0116
assets/media/LIBYA/heritage/leptis-magna/published/review-required/source-039.jpg,source-039.jpg,.jpg,164074,1024,768,ea523b86514bff39dcaeb2a5140dc240725501e030715da0ff71a3dea4420f6a,,review_required,no,DUP-0115
assets/media/LIBYA/heritage/leptis-magna/published/review-required/source-040.jpg,source-040.jpg,.jpg,4011586,3504,2336,329e6f036c58f5249113ea7e2a3a80b9d12b13487e27ca2bd7f57252d2034e02,,review_required,no,DUP-0114
assets/media/LIBYA/heritage/leptis-magna/published/review-required/source-041.jpg,source-041.jpg,.jpg,83927,740,493,cdbd255f1edfb0471df4a7e5f6abc98962cb8e84fc25977f765121e1903961fc,,review_required,no,DUP-0113
assets/media/LIBYA/heritage/leptis-magna/published/review-required/source-042.jpg,source-042.jpg,.jpg,6094741,4608,3456,f9463411702dc3fbf88fb076ff0e734f0bed5693359448cb3048881f1445e7a1,,review_required,no,DUP-0152
assets/media/LIBYA/heritage/leptis-magna/published/review-required/source-044.jpg,source-044.jpg,.jpg,32077,600,398,84b5e3b478d5c618c31f5d7c40a71fac732f82046649d93d01e08a00a6fb8be3,,review_required,no,DUP-0153
assets/media/LIBYA/heritage/leptis-magna/published/review-required/source-045.jpg,source-045.jpg,.jpg,162347,375,500,21b2da90f4acea9af3299f780bb3b95e0b18dd3a73e3f5beedf52626f7c84cca,,review_required,no,DUP-0154
assets/media/LIBYA/heritage/leptis-magna/published/review-required/source-046.jpg,source-046.jpg,.jpg,157533,333,500,fbc2a9e07f08bf486dacaf738f3746d49dc6bad2f3765d603c539dbbd980c6e8,,review_required,no,DUP-0155
assets/media/LIBYA/heritage/leptis-magna/published/review-required/source-047.jpg,source-047.jpg,.jpg,1950925,2336,3504,d54648cb1ecabcd0523a920873aaea7e0539df3495d89a3a09f7480fe85e61f2,,review_required,no,DUP-0112
assets/media/LIBYA/heritage/leptis-magna/published/review-required/source-048.jpg,source-048.jpg,.jpg,56885,313,480,9fbce3f1b1fbd7e93d91e612eba62e63af03d2102020dc1383c4bafb1a4892c2,,review_required,no,DUP-0156
assets/media/LIBYA/heritage/leptis-magna/published/review-required/source-049.jpg,source-049.jpg,.jpg,96240,499,600,b686098d30e75955bb0794549b5665d640682ab39f73430ed01c51fb3346db7a,,review_required,no,DUP-0010
assets/media/LIBYA/heritage/leptis-magna/published/review-required/source-050.jpg,source-050.jpg,.jpg,33851,300,450,0edc7bdb9dfa8b93f591c203c49bd186e58c374968923bd9ff9e09eeff8d3cdd,,review_required,no,DUP-0111
assets/media/LIBYA/heritage/leptis-magna/published/review-required/source-051.jpg,source-051.jpg,.jpg,62842,400,300,87b29b28a3dbb6236e2c47494ad177cadbb387ddbc07325c1f179065829c43b3,,review_required,no,DUP-0157
assets/media/LIBYA/heritage/leptis-magna/published/review-required/source-052.jpg,source-052.jpg,.jpg,61201,400,300,3970799e3123f03d34a6898baf825268c39d8e9f42a636bf38e84987268e87a8,,review_required,no,DUP-0158
assets/media/LIBYA/heritage/leptis-magna/published/roman-market/roman-market-001.jpg,roman-market-001.jpg,.jpg,53739,600,400,468e4dd944a47e486fa78fee7510329cc40bfc2c387420434c0f570b3bcb9f08,,published,yes,DUP-0147
assets/media/LIBYA/heritage/leptis-magna/published/septimius-severus-arch-official-006.jpeg,septimius-severus-arch-official-006.jpeg,.jpeg,144618,836,1080,30524ac72571041e439ea9547f820f88634392bf2e40b1285033e54dbad89674,,published,no,DUP-0086
assets/media/LIBYA/heritage/leptis-magna/published/septimius-severus-arch-official-016.jpeg,septimius-severus-arch-official-016.jpeg,.jpeg,82749,1000,563,5f35d972082346803d7d7c87d76f64c27967d7faac5005b780feb5746665a580,,published,no,DUP-0096
assets/media/LIBYA/heritage/leptis-magna/published/septimius-severus-arch-official-025.jpeg,septimius-severus-arch-official-025.jpeg,.jpeg,105182,563,1000,c9d193f2b583e40f31b0955e08d7edaa7049e4df10289a31e0318ab4cce1234c,,published,no,DUP-0105
assets/media/LIBYA/heritage/leptis-magna/published/septimius-severus-arch-portrait.jpg,septimius-severus-arch-portrait.jpg,.jpg,33851,300,450,0edc7bdb9dfa8b93f591c203c49bd186e58c374968923bd9ff9e09eeff8d3cdd,,published,no,DUP-0111
assets/media/LIBYA/heritage/leptis-magna/published/septimius-severus-arch-wide.jpg,septimius-severus-arch-wide.jpg,.jpg,1950925,2336,3504,d54648cb1ecabcd0523a920873aaea7e0539df3495d89a3a09f7480fe85e61f2,,published,no,DUP-0112
assets/media/LIBYA/heritage/leptis-magna/published/septimius-severus-arch/septimius-severus-arch-official-006.jpeg,septimius-severus-arch-official-006.jpeg,.jpeg,144618,836,1080,30524ac72571041e439ea9547f820f88634392bf2e40b1285033e54dbad89674,,published,yes,DUP-0086
assets/media/LIBYA/heritage/leptis-magna/published/septimius-severus-arch/septimius-severus-arch-official-016.jpeg,septimius-severus-arch-official-016.jpeg,.jpeg,82749,1000,563,5f35d972082346803d7d7c87d76f64c27967d7faac5005b780feb5746665a580,,published,yes,DUP-0096
assets/media/LIBYA/heritage/leptis-magna/published/septimius-severus-arch/septimius-severus-arch-official-025.jpeg,septimius-severus-arch-official-025.jpeg,.jpeg,105182,563,1000,c9d193f2b583e40f31b0955e08d7edaa7049e4df10289a31e0318ab4cce1234c,,published,yes,DUP-0105
assets/media/LIBYA/heritage/leptis-magna/published/septimius-severus-arch/septimius-severus-arch-portrait.jpg,septimius-severus-arch-portrait.jpg,.jpg,33851,300,450,0edc7bdb9dfa8b93f591c203c49bd186e58c374968923bd9ff9e09eeff8d3cdd,,published,yes,DUP-0111
assets/media/LIBYA/heritage/leptis-magna/published/septimius-severus-arch/septimius-severus-arch-wide.jpg,septimius-severus-arch-wide.jpg,.jpg,1950925,2336,3504,d54648cb1ecabcd0523a920873aaea7e0539df3495d89a3a09f7480fe85e61f2,,published,yes,DUP-0112
assets/media/LIBYA/heritage/leptis-magna/published/theatre-official-001.jpeg,theatre-official-001.jpeg,.jpeg,141198,1080,810,02558e0ec9d8a4c49a75ec8d954fc7022f250d71ff1a439894080d752ac7a249,,published,no,DUP-0082
assets/media/LIBYA/heritage/leptis-magna/published/theatre-official-012.jpeg,theatre-official-012.jpeg,.jpeg,126593,1000,750,a921bdb1470142c4d92a90c47c8989e385d27bb281d59a8de1a6293fb7cc958c,,published,no,DUP-0092
assets/media/LIBYA/heritage/leptis-magna/published/theatre-official-013.jpeg,theatre-official-013.jpeg,.jpeg,160976,1000,750,3d2566cf4235712803710c30fbce5f8ba15ab7aa1b6c71a894a6a537add37897,,published,no,DUP-0093
assets/media/LIBYA/heritage/leptis-magna/published/theatre-official-014.jpeg,theatre-official-014.jpeg,.jpeg,113057,1000,563,d7df4a3e27fa596997963046d6c9e2737ddc6d36e4a7497b3278e622408f8899,,published,no,DUP-0094
assets/media/LIBYA/heritage/leptis-magna/published/theatre-official-015.jpeg,theatre-official-015.jpeg,.jpeg,121115,1000,563,23ce781ae35fecbc3eaf12335d2f22c64e6dc487ac620e1b1965d7c5ae66b7d6,,published,no,DUP-0095
assets/media/LIBYA/heritage/leptis-magna/published/theatre-overview.jpg,theatre-overview.jpg,.jpg,83927,740,493,cdbd255f1edfb0471df4a7e5f6abc98962cb8e84fc25977f765121e1903961fc,,published,no,DUP-0113
assets/media/LIBYA/heritage/leptis-magna/published/theatre-panorama.jpg,theatre-panorama.jpg,.jpg,4011586,3504,2336,329e6f036c58f5249113ea7e2a3a80b9d12b13487e27ca2bd7f57252d2034e02,,published,no,DUP-0114
assets/media/LIBYA/heritage/leptis-magna/published/theatre-stage-front.jpg,theatre-stage-front.jpg,.jpg,164074,1024,768,ea523b86514bff39dcaeb2a5140dc240725501e030715da0ff71a3dea4420f6a,,published,no,DUP-0115
assets/media/LIBYA/heritage/leptis-magna/published/theatre-stage-wide.jpg,theatre-stage-wide.jpg,.jpg,4168639,4128,2322,faa17fd560a029db7045f6bf566c840424d28dc36e698855a05da1178c402bb7,,published,no,DUP-0116
assets/media/LIBYA/heritage/leptis-magna/published/theatre/leptis-official-001.jpeg,leptis-official-001.jpeg,.jpeg,141198,1080,810,02558e0ec9d8a4c49a75ec8d954fc7022f250d71ff1a439894080d752ac7a249,leptis,published,yes,DUP-0082
assets/media/LIBYA/heritage/leptis-magna/published/theatre/leptis-official-002.jpeg,leptis-official-002.jpeg,.jpeg,174820,1080,1080,d5179154990536a1faf19b6e92581196a3f9b4cdd9cea0122ee5f6a76a717898,leptis,published,no,DUP-0083
assets/media/LIBYA/heritage/leptis-magna/published/theatre/leptis-official-003.jpeg,leptis-official-003.jpeg,.jpeg,124432,1080,1080,57d62df802ad2c6517f6f72d1a61ff67e364024010b6479d0f09032063064ef7,leptis,published,no,DUP-0084
assets/media/LIBYA/heritage/leptis-magna/published/theatre/leptis-official-004.jpeg,leptis-official-004.jpeg,.jpeg,174820,1080,1080,d5179154990536a1faf19b6e92581196a3f9b4cdd9cea0122ee5f6a76a717898,leptis,published,no,DUP-0083
assets/media/LIBYA/heritage/leptis-magna/published/theatre/leptis-official-005.jpeg,leptis-official-005.jpeg,.jpeg,96507,810,1080,c8c4add5e99e03a9e78adb8fb8c868fef158c9acbd44d66d7a069edb58f9dc34,leptis,published,no,DUP-0085
assets/media/LIBYA/heritage/leptis-magna/published/theatre/leptis-official-006.jpeg,leptis-official-006.jpeg,.jpeg,144618,836,1080,30524ac72571041e439ea9547f820f88634392bf2e40b1285033e54dbad89674,leptis,published,no,DUP-0086
assets/media/LIBYA/heritage/leptis-magna/published/theatre/leptis-official-007.jpeg,leptis-official-007.jpeg,.jpeg,85695,750,1000,4e78cad5e554177fc44ba4b9941ee13cef10f379f722ba1096db0f39c99d3544,leptis,published,no,DUP-0087
assets/media/LIBYA/heritage/leptis-magna/published/theatre/leptis-official-008.jpeg,leptis-official-008.jpeg,.jpeg,142567,1080,1080,72b85afa6ca0250d6afd0c2ba4dc098f4a300ec929ae439c537e7c4d7128d36e,leptis,published,no,DUP-0088
assets/media/LIBYA/heritage/leptis-magna/published/theatre/leptis-official-009.jpeg,leptis-official-009.jpeg,.jpeg,106007,750,1000,a3c461db57c74a23d1fdd58b7428ef8d293af0d06601c19c34a4d191cad62c8d,leptis,published,no,DUP-0089
assets/media/LIBYA/heritage/leptis-magna/published/theatre/leptis-official-010.jpeg,leptis-official-010.jpeg,.jpeg,129558,1080,811,3cde9251ae52d7c7e5bc45fcec714cb3f5e62424a6a427ba1199af28df218fb8,leptis,published,no,DUP-0090
assets/media/LIBYA/heritage/leptis-magna/published/theatre/leptis-official-011.jpeg,leptis-official-011.jpeg,.jpeg,135515,1000,750,124b33a5f5d5f40bafcc0469f5cb4961cf3591b7378ae443a8156907567934a8,leptis,published,no,DUP-0091
assets/media/LIBYA/heritage/leptis-magna/published/theatre/leptis-official-012.jpeg,leptis-official-012.jpeg,.jpeg,126593,1000,750,a921bdb1470142c4d92a90c47c8989e385d27bb281d59a8de1a6293fb7cc958c,leptis,published,yes,DUP-0092
assets/media/LIBYA/heritage/leptis-magna/published/theatre/leptis-official-013.jpeg,leptis-official-013.jpeg,.jpeg,160976,1000,750,3d2566cf4235712803710c30fbce5f8ba15ab7aa1b6c71a894a6a537add37897,leptis,published,yes,DUP-0093
assets/media/LIBYA/heritage/leptis-magna/published/theatre/leptis-official-014.jpeg,leptis-official-014.jpeg,.jpeg,113057,1000,563,d7df4a3e27fa596997963046d6c9e2737ddc6d36e4a7497b3278e622408f8899,leptis,published,yes,DUP-0094
assets/media/LIBYA/heritage/leptis-magna/published/theatre/leptis-official-015.jpeg,leptis-official-015.jpeg,.jpeg,121115,1000,563,23ce781ae35fecbc3eaf12335d2f22c64e6dc487ac620e1b1965d7c5ae66b7d6,leptis,published,yes,DUP-0095
assets/media/LIBYA/heritage/leptis-magna/published/theatre/leptis-official-016.jpeg,leptis-official-016.jpeg,.jpeg,82749,1000,563,5f35d972082346803d7d7c87d76f64c27967d7faac5005b780feb5746665a580,leptis,published,no,DUP-0096
assets/media/LIBYA/heritage/leptis-magna/published/theatre/leptis-official-017.jpeg,leptis-official-017.jpeg,.jpeg,78479,1080,811,342eb5deb4b9e970c9d74f0e81d12f472dd459c40056b44002a1826fb2dd422b,leptis,published,no,DUP-0097
assets/media/LIBYA/heritage/leptis-magna/published/theatre/leptis-official-018.jpeg,leptis-official-018.jpeg,.jpeg,90214,607,1080,89026cb82167fec95fd02d00aeecb065efb9bcf63a6faa995d30849013ee9e8c,leptis,published,no,DUP-0098
assets/media/LIBYA/heritage/leptis-magna/published/theatre/leptis-official-019.jpeg,leptis-official-019.jpeg,.jpeg,90495,1000,563,25fe3997b35164f597b16ef755cf002845fd98dd9b03a3e018c3dc6a5a075fdc,leptis,published,no,DUP-0099
assets/media/LIBYA/heritage/leptis-magna/published/theatre/leptis-official-020.jpeg,leptis-official-020.jpeg,.jpeg,105890,607,1080,ce9de34b394856c23fc2d5bc400570e0ef7a8dbe8d6a21c2563b209f36218e07,leptis,published,no,DUP-0100
assets/media/LIBYA/heritage/leptis-magna/published/theatre/leptis-official-021.jpeg,leptis-official-021.jpeg,.jpeg,85562,563,1000,18d4e02bb5fb34acf8a338c02d205ce46b9efb851727596a8ced02cb51fd9370,leptis,published,no,DUP-0101
assets/media/LIBYA/heritage/leptis-magna/published/theatre/leptis-official-022.jpeg,leptis-official-022.jpeg,.jpeg,92085,607,1080,3d16b05bdbc1b66a07836c4eaea5747eedafde1ecd2f2a6c670b608bf9e33cc7,leptis,published,no,DUP-0102
assets/media/LIBYA/heritage/leptis-magna/published/theatre/leptis-official-023.jpeg,leptis-official-023.jpeg,.jpeg,106958,1000,563,1fe0ecff517687d81277858fa2b59fa01e97cca1aec54f873414202d9fb9fb4c,leptis,published,no,DUP-0103
assets/media/LIBYA/heritage/leptis-magna/published/theatre/leptis-official-024.jpeg,leptis-official-024.jpeg,.jpeg,104949,563,1000,14d05c672b535953631c8f0b8b99058edbce9713566bd0393135aa2ae485e811,leptis,published,no,DUP-0104
assets/media/LIBYA/heritage/leptis-magna/published/theatre/leptis-official-025.jpeg,leptis-official-025.jpeg,.jpeg,105182,563,1000,c9d193f2b583e40f31b0955e08d7edaa7049e4df10289a31e0318ab4cce1234c,leptis,published,no,DUP-0105
assets/media/LIBYA/heritage/leptis-magna/published/theatre/leptis-official-026.jpeg,leptis-official-026.jpeg,.jpeg,91669,563,1000,52f0fa01105e904f63ae52322ff95329b280f75016409f7dee55769599beffc7,leptis,published,no,DUP-0106
assets/media/LIBYA/heritage/leptis-magna/published/theatre/leptis-official-027.jpeg,leptis-official-027.jpeg,.jpeg,91669,563,1000,52f0fa01105e904f63ae52322ff95329b280f75016409f7dee55769599beffc7,leptis,published,no,DUP-0106
assets/media/LIBYA/heritage/leptis-magna/published/theatre/leptis-official-028.jpeg,leptis-official-028.jpeg,.jpeg,97033,563,1000,ec977cc881363b23b308176057bae656cffe7229448d088362fe1c8c768b2d8e,leptis,published,no,DUP-0107
assets/media/LIBYA/heritage/leptis-magna/published/theatre/leptis-official-029.jpeg,leptis-official-029.jpeg,.jpeg,91452,563,1000,9be7b92905242aeb8d56edd99bb065e1f47c090bdc0251c05ace806edf841264,leptis,published,no,DUP-0108
assets/media/LIBYA/heritage/leptis-magna/published/theatre/leptis-official-030.jpeg,leptis-official-030.jpeg,.jpeg,99453,1000,563,6a770fed97fb7b2c771df245e0ad9ae3b68ed460ee7762ec3e91b6e7d4f1f7a4,leptis,published,no,DUP-0109
assets/media/LIBYA/heritage/leptis-magna/published/theatre/leptis-official-031.jpeg,leptis-official-031.jpeg,.jpeg,73312,563,1000,6b42697d83fe65b873a69bdeb194c72db5e19627a8429ab8483efa727dd4da16,leptis,published,no,DUP-0110
assets/media/LIBYA/heritage/leptis-magna/published/theatre/theatre-official-001.jpeg,theatre-official-001.jpeg,.jpeg,141198,1080,810,02558e0ec9d8a4c49a75ec8d954fc7022f250d71ff1a439894080d752ac7a249,,published,yes,DUP-0082
assets/media/LIBYA/heritage/leptis-magna/published/theatre/theatre-official-012.jpeg,theatre-official-012.jpeg,.jpeg,126593,1000,750,a921bdb1470142c4d92a90c47c8989e385d27bb281d59a8de1a6293fb7cc958c,,published,yes,DUP-0092
assets/media/LIBYA/heritage/leptis-magna/published/theatre/theatre-official-013.jpeg,theatre-official-013.jpeg,.jpeg,160976,1000,750,3d2566cf4235712803710c30fbce5f8ba15ab7aa1b6c71a894a6a537add37897,,published,yes,DUP-0093
assets/media/LIBYA/heritage/leptis-magna/published/theatre/theatre-official-014.jpeg,theatre-official-014.jpeg,.jpeg,113057,1000,563,d7df4a3e27fa596997963046d6c9e2737ddc6d36e4a7497b3278e622408f8899,,published,yes,DUP-0094
assets/media/LIBYA/heritage/leptis-magna/published/theatre/theatre-official-015.jpeg,theatre-official-015.jpeg,.jpeg,121115,1000,563,23ce781ae35fecbc3eaf12335d2f22c64e6dc487ac620e1b1965d7c5ae66b7d6,,published,yes,DUP-0095
assets/media/LIBYA/heritage/leptis-magna/published/theatre/theatre-overview.jpg,theatre-overview.jpg,.jpg,83927,740,493,cdbd255f1edfb0471df4a7e5f6abc98962cb8e84fc25977f765121e1903961fc,,published,yes,DUP-0113
assets/media/LIBYA/heritage/leptis-magna/published/theatre/theatre-panorama.jpg,theatre-panorama.jpg,.jpg,4011586,3504,2336,329e6f036c58f5249113ea7e2a3a80b9d12b13487e27ca2bd7f57252d2034e02,,published,yes,DUP-0114
assets/media/LIBYA/heritage/leptis-magna/published/theatre/theatre-stage-front.jpg,theatre-stage-front.jpg,.jpg,164074,1024,768,ea523b86514bff39dcaeb2a5140dc240725501e030715da0ff71a3dea4420f6a,,published,yes,DUP-0115
assets/media/LIBYA/heritage/leptis-magna/published/theatre/theatre-stage-wide.jpg,theatre-stage-wide.jpg,.jpg,4168639,4128,2322,faa17fd560a029db7045f6bf566c840424d28dc36e698855a05da1178c402bb7,,published,yes,DUP-0116
assets/media/LIBYA/heritage/leptis-magna/source/004.jpg,004.jpg,.jpg,59672,403,403,0ae3c9be7a1b48a089d4f82c78640a3ff9aab377d42cf15e4d1a03f4244b9f98,,review_required,no,DUP-0117
assets/media/LIBYA/heritage/leptis-magna/source/04.jpg,04.jpg,.jpg,105431,800,600,b94097b905c3f585a2b4fd8a1c7c31ee27d8393e5bbf55376481431527a92fba,,review_required,no,DUP-0118
assets/media/LIBYA/heritage/leptis-magna/source/20141203_102836.jpg,20141203_102836.jpg,.jpg,6967539,5312,2988,13c78e9fa9332f68b8a67fbf1da301225fcf0e563293b1840f706e5d9ebf945f,,review_required,no,DUP-0119
assets/media/LIBYA/heritage/leptis-magna/source/20191205_133732.jpg,20191205_133732.jpg,.jpg,2373361,2322,4128,1a0c122b7a3b86419a193bded86a23e113eb5608c29e94e9e3296098917257fd,,review_required,no,DUP-0120
assets/media/LIBYA/heritage/leptis-magna/source/20191205_134402.jpg,20191205_134402.jpg,.jpg,2105648,2322,4128,d5f692395c848a883d605718460449dd218bfeaf1ef75db8298ca25158d7fc51,,review_required,no,DUP-0121
assets/media/LIBYA/heritage/leptis-magna/source/20191205_134404.jpg,20191205_134404.jpg,.jpg,2040554,2322,4128,e07cdf1c589503bd21bbc0f51e293ce905af2a7e738ff1e4862be1076aaaf514,,review_required,no,DUP-0122
assets/media/LIBYA/heritage/leptis-magna/source/20191205_134420 (2).jpg,20191205_134420 (2).jpg,.jpg,2112098,4128,2322,21d3ddf85fb714f34c5a9aedb9686800ff9b0c3c4a56f8d46ec90f5da891931b,,review_required,no,DUP-0123
assets/media/LIBYA/heritage/leptis-magna/source/20191205_134420.jpg,20191205_134420.jpg,.jpg,2112098,4128,2322,21d3ddf85fb714f34c5a9aedb9686800ff9b0c3c4a56f8d46ec90f5da891931b,,review_required,no,DUP-0123
assets/media/LIBYA/heritage/leptis-magna/source/20191205_134455.jpg,20191205_134455.jpg,.jpg,4795922,4128,2322,abc7e0f8c187d388fd89f4abb51582c2d3ee39a3af3eadfc80e69a0740062945,,review_required,no,DUP-0124
assets/media/LIBYA/heritage/leptis-magna/source/20191205_134629.jpg,20191205_134629.jpg,.jpg,4056502,4128,2322,94b26e000ce922f864cb7688e4a6284ebdc8e807fcfdea7fee557af2c613b5e5,,review_required,no,DUP-0125
assets/media/LIBYA/heritage/leptis-magna/source/20191205_134711.jpg,20191205_134711.jpg,.jpg,3521495,4128,2322,d04dd28519cebaa4311e80bf18b08046750d28a0495b1062d7cfe1474ada1a4b,,review_required,no,DUP-0126
assets/media/LIBYA/heritage/leptis-magna/source/20191205_135355.jpg,20191205_135355.jpg,.jpg,4814122,4128,2322,6e0e7c5f330bef50c75dc48728b69bafab50ce54b50c2f4192173eab50dfde20,,review_required,no,DUP-0127
assets/media/LIBYA/heritage/leptis-magna/source/20191205_135423.jpg,20191205_135423.jpg,.jpg,4498386,4128,2322,3d5f0159ce21cead35c5f3a7db472619a0e55e22a724c25293fbaae2f0d901a1,,review_required,no,DUP-0128
assets/media/LIBYA/heritage/leptis-magna/source/20191205_135841.jpg,20191205_135841.jpg,.jpg,5182833,4128,2322,3ab957a06c0ecf66095f1079db9a9091bbc31426809be7c42d68ef4190d47972,,review_required,no,DUP-0129
assets/media/LIBYA/heritage/leptis-magna/source/20191205_135843.jpg,20191205_135843.jpg,.jpg,4987933,4128,2322,6a1ae961628330484151c9052d8afd06a8c2d75f110079fc353a02c9861cbbec,,review_required,no,DUP-0130
assets/media/LIBYA/heritage/leptis-magna/source/20191205_135846.jpg,20191205_135846.jpg,.jpg,4822358,4128,2322,65ef0570d4d784deda55e9883b013d29825336c341d232351e5805aa533b67c4,,review_required,no,DUP-0131
assets/media/LIBYA/heritage/leptis-magna/source/20191205_140432.jpg,20191205_140432.jpg,.jpg,4091110,4128,2322,e0424d18a7b757cdd266b2d25e8519f0e6f30cc7689a694e15888739ea4fc842,,review_required,no,DUP-0132
assets/media/LIBYA/heritage/leptis-magna/source/20191205_140511 (2).jpg,20191205_140511 (2).jpg,.jpg,4092452,4128,2322,0a3a118ed2f3dcf84e75ea53be0ea79f4c095cdba7c9ec4dbb59e48046e103ca,,review_required,no,DUP-0133
assets/media/LIBYA/heritage/leptis-magna/source/20191205_140511.jpg,20191205_140511.jpg,.jpg,4092452,4128,2322,0a3a118ed2f3dcf84e75ea53be0ea79f4c095cdba7c9ec4dbb59e48046e103ca,,review_required,no,DUP-0133
assets/media/LIBYA/heritage/leptis-magna/source/28 مدينة لبدة الاثرية.jpg,28 مدينة لبدة الاثرية.jpg,.jpg,2610681,2048,1536,1bf4b29ceee9dd1c9d92c9912b78a0d7c73e22bfdbf305f324c3e6eaa7853ce8,لبدة,review_required,no,DUP-0134
assets/media/LIBYA/heritage/leptis-magna/source/638470.jpg,638470.jpg,.jpg,49133,500,332,3f71541fd3afdbe3e881ffa105ccafb17834f1d384df2d4df7edba0b89904a53,,review_required,no,DUP-0135
assets/media/LIBYA/heritage/leptis-magna/source/9.jpg,9.jpg,.jpg,2195855,1536,2048,7bbabd7c64741ddbeb29839b38ff942ee47c257fd1aeb88e518a0bdd6f541dc4,,review_required,no,DUP-0136
assets/media/LIBYA/heritage/leptis-magna/source/DSC00541.JPG,DSC00541.JPG,.jpg,6111649,4608,3456,1a2e94705ad4906865066c6cd2fee1ad5ce191787b2f429e0886c3634d8f729c,,review_required,no,DUP-0137
assets/media/LIBYA/heritage/leptis-magna/source/DSC00542.JPG,DSC00542.JPG,.jpg,5982780,4608,3456,5a68702d2267590945645c78b13f9419beeaefcb78eff1cfc9c19c6804cf3ae8,,review_required,no,DUP-0138
assets/media/LIBYA/heritage/leptis-magna/source/DSC00545.JPG,DSC00545.JPG,.jpg,5318964,3456,4608,de1426f45b5c9aae7b3d4e954e8a2a1a5a066870f3b1279a88ac4ae950fcd323,,review_required,no,DUP-0139
assets/media/LIBYA/heritage/leptis-magna/source/DSC00546.JPG,DSC00546.JPG,.jpg,5304173,3456,4608,46c1061db33b416c6bc8c367834c360405b76f7dbe77c42e8247f39711393023,,review_required,no,DUP-0140
assets/media/LIBYA/heritage/leptis-magna/source/DSC00547.JPG,DSC00547.JPG,.jpg,6077407,4608,3456,4a7e2f26ac072ae4619db2fba45a35b20b0fe58b9bf122d7dc07ffb749660365,,review_required,no,DUP-0141
assets/media/LIBYA/heritage/leptis-magna/source/DSC00548.JPG,DSC00548.JPG,.jpg,6122923,4608,3456,b501e910cc105335b005b456fd53aed9aba1627d8a949d95a0a886c75236b76a,,review_required,no,DUP-0142
assets/media/LIBYA/heritage/leptis-magna/source/IMG_0149.jpg,IMG_0149.jpg,.jpg,64493,500,375,e28a5134025c231100e2c4c711c0437fbcbd425bd1e5994935d7bfcaffbbfe1a,,review_required,no,DUP-0143
assets/media/LIBYA/heritage/leptis-magna/source/LEPTIS 010 (2).jpg,LEPTIS 010 (2).jpg,.jpg,519897,1735,709,79022c6f560bb4d0198dc4a1f60b14db79c187beaeb009dff0eb1ee412c32778,leptis,review_required,no,DUP-0144
assets/media/LIBYA/heritage/leptis-magna/source/LEPTIS 010.jpg,LEPTIS 010.jpg,.jpg,523531,1735,709,d10777e1f3591ebc2e844e8c3ffc791a0cddca68cfaead5daa6d328f211a7947,leptis,review_required,no,DUP-0145
assets/media/LIBYA/heritage/leptis-magna/source/LEPTIS MAGNA (2).jpg,LEPTIS MAGNA (2).jpg,.jpg,182341,1024,768,d66304c2ce4dde7a82b307bc1f98cfbc8bc5f253150513578504a979fe4d731d,leptis,review_required,no,DUP-0146
assets/media/LIBYA/heritage/leptis-magna/source/LIBIJA - LEPTIS MAGNA I SEBRATA 083 (2).jpg,LIBIJA - LEPTIS MAGNA I SEBRATA 083 (2).jpg,.jpg,190572,1024,768,25a424d78c693850fcfb600818355ac2c2ec1ff6b1796398658d3c234445e36c,leptis,review_required,no,DUP-0148
assets/media/LIBYA/heritage/leptis-magna/source/Leptis-Magna-il-mercato-Homs-Al-Murqub-Libya-400x600.jpg,Leptis-Magna-il-mercato-Homs-Al-Murqub-Libya-400x600.jpg,.jpg,53739,600,400,468e4dd944a47e486fa78fee7510329cc40bfc2c387420434c0f570b3bcb9f08,leptis,review_required,no,DUP-0147
assets/media/LIBYA/heritage/leptis-magna/source/Ptolemais.jpg,Ptolemais.jpg,.jpg,268305,1850,640,cc9050741fec0f2bc4e6f227478613c773dcadc69feb46a1ad02b0897ef54c6b,,review_required,no,DUP-0150
assets/media/LIBYA/heritage/leptis-magna/source/pic002.jpg,pic002.jpg,.jpg,257668,1920,750,359ba770dbc376f8e92701107977fbb4dfcf450bf5a98d27ce6d691d49ea9e25,,review_required,no,DUP-0149
assets/media/LIBYA/heritage/leptis-magna/source/السوق البونيقي.jpg,السوق البونيقي.jpg,.jpg,109973,800,600,4e1c7a571344ae48ed61b63e08fd3031c3649b6d8195ad77763b9717640ceb1b,,review_required,no,DUP-0151
assets/media/LIBYA/heritage/leptis-magna/source/المسرح 4.jpg,المسرح 4.jpg,.jpg,4168639,4128,2322,faa17fd560a029db7045f6bf566c840424d28dc36e698855a05da1178c402bb7,,review_required,no,DUP-0116
assets/media/LIBYA/heritage/leptis-magna/source/المسرح.jpg,المسرح.jpg,.jpg,164074,1024,768,ea523b86514bff39dcaeb2a5140dc240725501e030715da0ff71a3dea4420f6a,,review_required,no,DUP-0115
assets/media/LIBYA/heritage/leptis-magna/source/المسرح1.jpg,المسرح1.jpg,.jpg,4011586,3504,2336,329e6f036c58f5249113ea7e2a3a80b9d12b13487e27ca2bd7f57252d2034e02,,review_required,no,DUP-0114
assets/media/LIBYA/heritage/leptis-magna/source/المسرح2.jpg,المسرح2.jpg,.jpg,83927,740,493,cdbd255f1edfb0471df4a7e5f6abc98962cb8e84fc25977f765121e1903961fc,,review_required,no,DUP-0113
assets/media/LIBYA/heritage/leptis-magna/source/المصارعة.JPG,المصارعة.JPG,.jpg,6094741,4608,3456,f9463411702dc3fbf88fb076ff0e734f0bed5693359448cb3048881f1445e7a1,,review_required,no,DUP-0152
assets/media/LIBYA/heritage/leptis-magna/source/فيلا سيلن 1.jpg,فيلا سيلن 1.jpg,.jpg,32077,600,398,84b5e3b478d5c618c31f5d7c40a71fac732f82046649d93d01e08a00a6fb8be3,,review_required,no,DUP-0153
assets/media/LIBYA/heritage/leptis-magna/source/فيلا سيلن 2.jpg,فيلا سيلن 2.jpg,.jpg,162347,375,500,21b2da90f4acea9af3299f780bb3b95e0b18dd3a73e3f5beedf52626f7c84cca,,review_required,no,DUP-0154
assets/media/LIBYA/heritage/leptis-magna/source/فيلا سيلن 3.jpg,فيلا سيلن 3.jpg,.jpg,157533,333,500,fbc2a9e07f08bf486dacaf738f3746d49dc6bad2f3765d603c539dbbd980c6e8,,review_required,no,DUP-0155
assets/media/LIBYA/heritage/leptis-magna/source/قوس النصر.JPG,قوس النصر.JPG,.jpg,1950925,2336,3504,d54648cb1ecabcd0523a920873aaea7e0539df3495d89a3a09f7480fe85e61f2,,review_required,no,DUP-0112
assets/media/LIBYA/heritage/leptis-magna/source/لسبتموس سيفروس.jpg,لسبتموس سيفروس.jpg,.jpg,56885,313,480,9fbce3f1b1fbd7e93d91e612eba62e63af03d2102020dc1383c4bafb1a4892c2,,review_required,no,DUP-0156
assets/media/LIBYA/heritage/leptis-magna/source/مدينة لبدة الاثرية 1.jpg,مدينة لبدة الاثرية 1.jpg,.jpg,96240,499,600,b686098d30e75955bb0794549b5665d640682ab39f73430ed01c51fb3346db7a,لبدة,review_required,no,DUP-0010
assets/media/LIBYA/heritage/leptis-magna/source/مدينة لبدة الاثرية 2.jpg,مدينة لبدة الاثرية 2.jpg,.jpg,33851,300,450,0edc7bdb9dfa8b93f591c203c49bd186e58c374968923bd9ff9e09eeff8d3cdd,لبدة,review_required,no,DUP-0111
assets/media/LIBYA/heritage/leptis-magna/source/مدينة لبدة الاثرية 5.jpg,مدينة لبدة الاثرية 5.jpg,.jpg,62842,400,300,87b29b28a3dbb6236e2c47494ad177cadbb387ddbc07325c1f179065829c43b3,لبدة,review_required,no,DUP-0157
assets/media/LIBYA/heritage/leptis-magna/source/مدينة لبدة الاثرية 6.jpg,مدينة لبدة الاثرية 6.jpg,.jpg,61201,400,300,3970799e3123f03d34a6898baf825268c39d8e9f42a636bf38e84987268e87a8,لبدة,review_required,no,DUP-0158
assets/media/LIBYA/heritage/leptis-magna/theatre/leptis-theatre-01.jpg,leptis-theatre-01.jpg,.jpg,4168639,4128,2322,faa17fd560a029db7045f6bf566c840424d28dc36e698855a05da1178c402bb7,leptis,source_or_local,no,DUP-0116
assets/media/LIBYA/heritage/leptis-magna/theatre/leptis-theatre-02.jpg,leptis-theatre-02.jpg,.jpg,164074,1024,768,ea523b86514bff39dcaeb2a5140dc240725501e030715da0ff71a3dea4420f6a,leptis,source_or_local,no,DUP-0115
assets/media/LIBYA/heritage/leptis-magna/theatre/leptis-theatre-03.jpg,leptis-theatre-03.jpg,.jpg,4011586,3504,2336,329e6f036c58f5249113ea7e2a3a80b9d12b13487e27ca2bd7f57252d2034e02,leptis,source_or_local,no,DUP-0114
assets/media/LIBYA/heritage/leptis-magna/theatre/leptis-theatre-04.jpg,leptis-theatre-04.jpg,.jpg,83927,740,493,cdbd255f1edfb0471df4a7e5f6abc98962cb8e84fc25977f765121e1903961fc,leptis,source_or_local,no,DUP-0113
libtes/WhatsApp Image 2026-08-05 at 17.57.47.jpeg,WhatsApp Image 2026-08-05 at 17.57.47.jpeg,.jpeg,141198,1080,810,02558e0ec9d8a4c49a75ec8d954fc7022f250d71ff1a439894080d752ac7a249,,source_or_local,no,DUP-0082
libtes/WhatsApp Image 2026-08-05 at 17.59.48 (1).jpeg,WhatsApp Image 2026-08-05 at 17.59.48 (1).jpeg,.jpeg,174820,1080,1080,d5179154990536a1faf19b6e92581196a3f9b4cdd9cea0122ee5f6a76a717898,,source_or_local,no,DUP-0083
libtes/WhatsApp Image 2026-08-05 at 17.59.48 (2).jpeg,WhatsApp Image 2026-08-05 at 17.59.48 (2).jpeg,.jpeg,124432,1080,1080,57d62df802ad2c6517f6f72d1a61ff67e364024010b6479d0f09032063064ef7,,source_or_local,no,DUP-0084
libtes/WhatsApp Image 2026-08-05 at 17.59.48.jpeg,WhatsApp Image 2026-08-05 at 17.59.48.jpeg,.jpeg,174820,1080,1080,d5179154990536a1faf19b6e92581196a3f9b4cdd9cea0122ee5f6a76a717898,,source_or_local,no,DUP-0083
libtes/WhatsApp Image 2026-08-05 at 17.59.49 (1).jpeg,WhatsApp Image 2026-08-05 at 17.59.49 (1).jpeg,.jpeg,96507,810,1080,c8c4add5e99e03a9e78adb8fb8c868fef158c9acbd44d66d7a069edb58f9dc34,,source_or_local,no,DUP-0085
libtes/WhatsApp Image 2026-08-05 at 17.59.49 (2).jpeg,WhatsApp Image 2026-08-05 at 17.59.49 (2).jpeg,.jpeg,144618,836,1080,30524ac72571041e439ea9547f820f88634392bf2e40b1285033e54dbad89674,,source_or_local,no,DUP-0086
libtes/WhatsApp Image 2026-08-05 at 17.59.49 (3).jpeg,WhatsApp Image 2026-08-05 at 17.59.49 (3).jpeg,.jpeg,85695,750,1000,4e78cad5e554177fc44ba4b9941ee13cef10f379f722ba1096db0f39c99d3544,,source_or_local,no,DUP-0087
libtes/WhatsApp Image 2026-08-05 at 17.59.49.jpeg,WhatsApp Image 2026-08-05 at 17.59.49.jpeg,.jpeg,142567,1080,1080,72b85afa6ca0250d6afd0c2ba4dc098f4a300ec929ae439c537e7c4d7128d36e,,source_or_local,no,DUP-0088
libtes/WhatsApp Image 2026-08-05 at 17.59.50 (1).jpeg,WhatsApp Image 2026-08-05 at 17.59.50 (1).jpeg,.jpeg,106007,750,1000,a3c461db57c74a23d1fdd58b7428ef8d293af0d06601c19c34a4d191cad62c8d,,source_or_local,no,DUP-0089
libtes/WhatsApp Image 2026-08-05 at 17.59.50 (2).jpeg,WhatsApp Image 2026-08-05 at 17.59.50 (2).jpeg,.jpeg,129558,1080,811,3cde9251ae52d7c7e5bc45fcec714cb3f5e62424a6a427ba1199af28df218fb8,,source_or_local,no,DUP-0090
libtes/WhatsApp Image 2026-08-05 at 17.59.50 (3).jpeg,WhatsApp Image 2026-08-05 at 17.59.50 (3).jpeg,.jpeg,135515,1000,750,124b33a5f5d5f40bafcc0469f5cb4961cf3591b7378ae443a8156907567934a8,,source_or_local,no,DUP-0091
libtes/WhatsApp Image 2026-08-05 at 17.59.50.jpeg,WhatsApp Image 2026-08-05 at 17.59.50.jpeg,.jpeg,126593,1000,750,a921bdb1470142c4d92a90c47c8989e385d27bb281d59a8de1a6293fb7cc958c,,source_or_local,no,DUP-0092
libtes/WhatsApp Image 2026-08-05 at 17.59.51 (1).jpeg,WhatsApp Image 2026-08-05 at 17.59.51 (1).jpeg,.jpeg,160976,1000,750,3d2566cf4235712803710c30fbce5f8ba15ab7aa1b6c71a894a6a537add37897,,source_or_local,no,DUP-0093
libtes/WhatsApp Image 2026-08-05 at 17.59.51 (2).jpeg,WhatsApp Image 2026-08-05 at 17.59.51 (2).jpeg,.jpeg,113057,1000,563,d7df4a3e27fa596997963046d6c9e2737ddc6d36e4a7497b3278e622408f8899,,source_or_local,no,DUP-0094
libtes/WhatsApp Image 2026-08-05 at 17.59.51 (3).jpeg,WhatsApp Image 2026-08-05 at 17.59.51 (3).jpeg,.jpeg,121115,1000,563,23ce781ae35fecbc3eaf12335d2f22c64e6dc487ac620e1b1965d7c5ae66b7d6,,source_or_local,no,DUP-0095
libtes/WhatsApp Image 2026-08-05 at 17.59.51 (4).jpeg,WhatsApp Image 2026-08-05 at 17.59.51 (4).jpeg,.jpeg,82749,1000,563,5f35d972082346803d7d7c87d76f64c27967d7faac5005b780feb5746665a580,,source_or_local,no,DUP-0096
libtes/WhatsApp Image 2026-08-05 at 17.59.51.jpeg,WhatsApp Image 2026-08-05 at 17.59.51.jpeg,.jpeg,78479,1080,811,342eb5deb4b9e970c9d74f0e81d12f472dd459c40056b44002a1826fb2dd422b,,source_or_local,no,DUP-0097
libtes/WhatsApp Image 2026-08-05 at 17.59.53.jpeg,WhatsApp Image 2026-08-05 at 17.59.53.jpeg,.jpeg,90214,607,1080,89026cb82167fec95fd02d00aeecb065efb9bcf63a6faa995d30849013ee9e8c,,source_or_local,no,DUP-0098
libtes/WhatsApp Image 2026-08-05 at 17.59.54 (1).jpeg,WhatsApp Image 2026-08-05 at 17.59.54 (1).jpeg,.jpeg,90495,1000,563,25fe3997b35164f597b16ef755cf002845fd98dd9b03a3e018c3dc6a5a075fdc,,source_or_local,no,DUP-0099
libtes/WhatsApp Image 2026-08-05 at 17.59.54.jpeg,WhatsApp Image 2026-08-05 at 17.59.54.jpeg,.jpeg,105890,607,1080,ce9de34b394856c23fc2d5bc400570e0ef7a8dbe8d6a21c2563b209f36218e07,,source_or_local,no,DUP-0100
libtes/WhatsApp Image 2026-08-05 at 17.59.55 (1).jpeg,WhatsApp Image 2026-08-05 at 17.59.55 (1).jpeg,.jpeg,85562,563,1000,18d4e02bb5fb34acf8a338c02d205ce46b9efb851727596a8ced02cb51fd9370,,source_or_local,no,DUP-0101
libtes/WhatsApp Image 2026-08-05 at 17.59.55.jpeg,WhatsApp Image 2026-08-05 at 17.59.55.jpeg,.jpeg,92085,607,1080,3d16b05bdbc1b66a07836c4eaea5747eedafde1ecd2f2a6c670b608bf9e33cc7,,source_or_local,no,DUP-0102
libtes/WhatsApp Image 2026-08-05 at 17.59.57.jpeg,WhatsApp Image 2026-08-05 at 17.59.57.jpeg,.jpeg,106958,1000,563,1fe0ecff517687d81277858fa2b59fa01e97cca1aec54f873414202d9fb9fb4c,,source_or_local,no,DUP-0103
libtes/WhatsApp Image 2026-08-05 at 17.59.59 (1).jpeg,WhatsApp Image 2026-08-05 at 17.59.59 (1).jpeg,.jpeg,104949,563,1000,14d05c672b535953631c8f0b8b99058edbce9713566bd0393135aa2ae485e811,,source_or_local,no,DUP-0104
libtes/WhatsApp Image 2026-08-05 at 17.59.59.jpeg,WhatsApp Image 2026-08-05 at 17.59.59.jpeg,.jpeg,105182,563,1000,c9d193f2b583e40f31b0955e08d7edaa7049e4df10289a31e0318ab4cce1234c,,source_or_local,no,DUP-0105
libtes/WhatsApp Image 2026-08-05 at 18.00.00 (1).jpeg,WhatsApp Image 2026-08-05 at 18.00.00 (1).jpeg,.jpeg,91669,563,1000,52f0fa01105e904f63ae52322ff95329b280f75016409f7dee55769599beffc7,,source_or_local,no,DUP-0106
libtes/WhatsApp Image 2026-08-05 at 18.00.00.jpeg,WhatsApp Image 2026-08-05 at 18.00.00.jpeg,.jpeg,91669,563,1000,52f0fa01105e904f63ae52322ff95329b280f75016409f7dee55769599beffc7,,source_or_local,no,DUP-0106
libtes/WhatsApp Image 2026-08-05 at 18.00.01 (1).jpeg,WhatsApp Image 2026-08-05 at 18.00.01 (1).jpeg,.jpeg,97033,563,1000,ec977cc881363b23b308176057bae656cffe7229448d088362fe1c8c768b2d8e,,source_or_local,no,DUP-0107
libtes/WhatsApp Image 2026-08-05 at 18.00.01 (2).jpeg,WhatsApp Image 2026-08-05 at 18.00.01 (2).jpeg,.jpeg,91452,563,1000,9be7b92905242aeb8d56edd99bb065e1f47c090bdc0251c05ace806edf841264,,source_or_local,no,DUP-0108
libtes/WhatsApp Image 2026-08-05 at 18.00.01.jpeg,WhatsApp Image 2026-08-05 at 18.00.01.jpeg,.jpeg,99453,1000,563,6a770fed97fb7b2c771df245e0ad9ae3b68ed460ee7762ec3e91b6e7d4f1f7a4,,source_or_local,no,DUP-0109
libtes/WhatsApp Image 2026-08-05 at 18.00.02.jpeg,WhatsApp Image 2026-08-05 at 18.00.02.jpeg,.jpeg,73312,563,1000,6b42697d83fe65b873a69bdeb194c72db5e19627a8429ab8483efa727dd4da16,,source_or_local,no,DUP-0110
شحات/450A2244.JPG,450A2244.JPG,.jpg,2627970,3840,2560,9deb1d6f974ef0e7d727fee77ebad8675b2cb0ce6a41778c3de9cc9fa0a17d70,,source_or_local,no,DUP-0046
شحات/450A2245.JPG,450A2245.JPG,.jpg,3345228,3840,2560,ff77139ff6d27151b34d8f858bed8046dae1bbb3bb885139946d053d37060063,,source_or_local,no,DUP-0020
شحات/450A2246.JPG,450A2246.JPG,.jpg,3152500,3840,2560,39bb48ef24484d32ebdac38a947051da5a3f781748f370d7b1f5e6dd504b181a,,source_or_local,no,DUP-0003
شحات/450A2250.JPG,450A2250.JPG,.jpg,2042060,3840,2560,aaca53b033c313ae9b34cc3ad244eb69a79e72e44c51cbba99575b40db650ea3,,source_or_local,no,DUP-0019
شحات/450A2251.JPG,450A2251.JPG,.jpg,1793006,3840,2560,b4e750bc9dbace7a51145fa786bd7b4fd9968560f967a6c530c904c3f86ccea5,,source_or_local,no,DUP-0012
شحات/450A2252.JPG,450A2252.JPG,.jpg,2219030,3840,2560,18159fac385f21937f9c2888a059048784a5550b3f859e560be4645d8feb5be8,,source_or_local,no,DUP-0024
شحات/450A2254.JPG,450A2254.JPG,.jpg,3066615,3840,2560,97907accbcb83363300396af4e8641e2738719c72058ff29c2ac5bd8224a074a,,source_or_local,no,DUP-0030
شحات/450A2255.JPG,450A2255.JPG,.jpg,3576939,3840,2560,cdc08285abc64c94240aa38eb07ca0150bcb7bac91358a2fc50ab6b6e457eb6b,,source_or_local,no,DUP-0005
شحات/450A2259.JPG,450A2259.JPG,.jpg,2801333,3840,2560,028b501e907506aaed7bd60909abad94a4d663d2a3f6b8857af1f4cdb50505c2,,source_or_local,no,DUP-0041
شحات/450A2265.JPG,450A2265.JPG,.jpg,2412606,3840,2560,d29928ea1f263ad3454a985a3f7ac10a0aee242d635a5852841c6d0222ea5e2a,,source_or_local,no,DUP-0008
شحات/450A2266.JPG,450A2266.JPG,.jpg,2922465,3840,2560,48723337a3a41a7d873b724254312869e3321332948d987ede4f90c909ce50bd,,source_or_local,no,DUP-0028
شحات/450A2267.JPG,450A2267.JPG,.jpg,2410048,3840,2560,abf1c997f81383f25a842713cf7ab9da926478b625c3839a444a1b953fd5fffb,,source_or_local,no,DUP-0009
شحات/450A2268.JPG,450A2268.JPG,.jpg,3478860,3840,2560,ef29ec4fd9030e26abd5f318b98f8a98d1a5b718ac8c73ab54b05cb9f06408b7,,source_or_local,no,DUP-0045
شحات/450A2269.JPG,450A2269.JPG,.jpg,2041443,3840,2560,bcddcf4adc24db142740268d0198e789a5fde725eb67d3355dcee5c5753c9a37,,source_or_local,no,DUP-0007
شحات/450A2270.JPG,450A2270.JPG,.jpg,4102399,3840,2560,ea76e0554692b13ce1f92698680ccede707c7b205199534380ebedb1aa2408ec,,source_or_local,no,DUP-0036
شحات/450A2277.JPG,450A2277.JPG,.jpg,2586614,3840,2560,53ab374e7694bd85bc4f2a5ac693f9be1e90b1e70006b6af5f55a083b6e62f2e,,source_or_local,no,DUP-0043
شحات/450A2281.JPG,450A2281.JPG,.jpg,2839454,3840,2560,3e94d600194c14793580683a38ff0ffafde268367bda94bf9f5844297e905234,,source_or_local,no,DUP-0014
شحات/450A2282.JPG,450A2282.JPG,.jpg,3233401,3840,2560,09f0487139c23ff7e54847784651589119c539a655633d917b2c1953311363a6,,source_or_local,no,DUP-0044
شحات/450A2284.JPG,450A2284.JPG,.jpg,3411047,3840,2560,08d125f309e7cbd7b76d6505de5e325449a06198045ae04c1e29ede684d00635,,source_or_local,no,DUP-0022
شحات/450A2285.JPG,450A2285.JPG,.jpg,3535125,3840,2560,d41e93c247dde0352acb608c30fe9f3fd68638e3a19832acde4cd48504be98fd,,source_or_local,no,DUP-0004
شحات/450A2286.JPG,450A2286.JPG,.jpg,2713516,3840,2560,c6ba773eb765917761d111e1bccfda580c1615b7c2e8f0d56d500d47d7de89da,,source_or_local,no,DUP-0033
شحات/450A2310.JPG,450A2310.JPG,.jpg,1930559,3840,2560,a4a9d81308278952842455dd7ed9981c1d830232977349db5d973f0e6c362850,,source_or_local,no,DUP-0016
شحات/450A2321.JPG,450A2321.JPG,.jpg,3020348,3840,2560,c7a9fd02311eba5fe4ce5a5052f8ceecb7262477fc65809acbeb47ba27cc3c49,,source_or_local,no,DUP-0026
شحات/450A2323.JPG,450A2323.JPG,.jpg,1770338,3840,2560,160b55f074aeb044486bac7eae786d849b235a02d805283a244f0d87e9d10d29,,source_or_local,no,DUP-0011
شحات/450A2324.JPG,450A2324.JPG,.jpg,3062987,3840,2560,e0d7b8838c589609fc3d62465e907b184a5639bf18b5b155cc3e1bda9e6644b9,,source_or_local,no,DUP-0031
شحات/450A2325.JPG,450A2325.JPG,.jpg,2691164,3840,2560,b9c46e481a7f8e41f1bdf515658c3547782b7e444ff6f0e2d58cd2faef62c220,,source_or_local,no,DUP-0025
شحات/450A2326.JPG,450A2326.JPG,.jpg,2567285,3840,2560,e148aab6e937e18b910fd4299f1ed280fd8491f8ece576e4c10a25c5888d6579,,source_or_local,no,DUP-0029
شحات/DJI_0722.JPG,DJI_0722.JPG,.jpg,10944458,5472,3648,78ba295438d199f41fdc43493cb88025b3ea59a50ae1ae553039b1845194553d,,source_or_local,no,DUP-0001
شحات/DJI_0724.JPG,DJI_0724.JPG,.jpg,10858808,5472,3648,99899ec2678c9df4f052ffccc94251da08f88f7b84654acf79c452273e9750b8,,source_or_local,no,DUP-0002
شحات/FB_IMG_1648770111714.jpg,FB_IMG_1648770111714.jpg,.jpg,154259,1152,768,fc3009248fcae6e76cd2cb779d5041e34d3911fa2ce7a6dd6408e826022d5fe4,,source_or_local,no,DUP-0034
شحات/IMG_٢٠٢١٠٩٢٣_١٨٠٨٠٩.jpg,IMG_٢٠٢١٠٩٢٣_١٨٠٨٠٩.jpg,.jpg,8388927,3264,2448,a6f80cf358a77b4ba3a67a3e47d5f7012e6bb49c117f86bfc951ada8f711eb5b,,source_or_local,no,DUP-0013
شحات/images-11-1.jpg,images-11-1.jpg,.jpg,11702,267,189,f1022a6058a1ad26610f1be495e5da433059eab7246073414f8a1e09ffc5e725,,source_or_local,no,DUP-0021
شحات/images-5.jpg,images-5.jpg,.jpg,11654,287,175,4908410acc2a41a712ff5548c6b564b0ef624b6803fd94e52430e1466fd00dc6,,source_or_local,no,DUP-0038
شحات/ااا.png,ااا.png,.png,651493,522,746,9466eab3c2a048d1cbaa5c6c62dc71108acfbe2d318c1f25121dd84a8857af96,,source_or_local,no,DUP-0017
شحات/اااااا.jpg,اااااا.jpg,.jpg,282782,1570,850,0c883f8a230a5e5f6bbbfa97426381b722ccd3421af40e0f5071134a7807760d,,source_or_local,no,DUP-0015
شحات/شحات  1.jpg,شحات  1.jpg,.jpg,465287,1600,900,19dbcd6fedd5395165c401f4915d0269993766df9c418ae9059e9a5d46fb06bc,شحات,source_or_local,no,DUP-0040
شحات/شحات  3.jpg,شحات  3.jpg,.jpg,74812,600,400,e8eaf1bf5928842b94ca497bedc977403e28fdefbe96dbeee3d7a52f186ccc8a,شحات,source_or_local,no,DUP-0035
شحات/شحات  5.jpg,شحات  5.jpg,.jpg,47774,580,400,ae2557533cfe00f28d176136b127704d59183d1ee6a5fbf4b6530e1b030a06a9,شحات,source_or_local,no,DUP-0027
شحات/شحات 4.jpg,شحات 4.jpg,.jpg,60852,560,420,351ebd0d6c9c973aa51e11391ee397c3df1bb4cbb72d312572deb596dfce695c,شحات,source_or_local,no,DUP-0018
شحات/شحات 5.jpg,شحات 5.jpg,.jpg,151978,640,360,7ca0bd5dee4c91f811fc950ae71db5763075f13c5668d436ce03f49e2bd2d709,شحات,source_or_local,no,DUP-0042
شحات/شحات 52.jpg,شحات 52.jpg,.jpg,103637,640,183,ecf5247b4446e099d31bbebbfca3084c080ae333208cd921d35c80a853e64822,شحات,source_or_local,no,DUP-0023
شحات/شحات 7.jpg,شحات 7.jpg,.jpg,75567,615,461,889723d9fe9ef4d252a35ff1eaf685352c60f8bc71883e438abea72e7abd5700,شحات,source_or_local,no,DUP-0032
شحات/شحات.JPG,شحات.JPG,.jpg,96240,499,600,b686098d30e75955bb0794549b5665d640682ab39f73430ed01c51fb3346db7a,شحات,source_or_local,no,DUP-0010
شحات/شحات1 (2).jpg,شحات1 (2).jpg,.jpg,2929510,1578,1113,c7829386455e43490508c32cc5d71e9c5f1e39b694619759580d0c9ac3936505,شحات,source_or_local,no,DUP-0037
شحات/شحات2 (2).jpg,شحات2 (2).jpg,.jpg,4179896,1471,1071,4e98e1545e8e421e66843849a3cee4cdd2a96cffe0354a34dbc108fbf73a0041,شحات,source_or_local,no,DUP-0039
شحات/شحات4.jpg,شحات4.jpg,.jpg,1097836,1225,908,d169f224f12bdeb5f3a3bf0a9a5e074a9f5faa83e41942f4b4daa3ae1696663e,شحات,source_or_local,no,DUP-0006
شحات/معبد زيوس.jpeg,معبد زيوس.jpeg,.jpeg,141579,1280,853,3204f45b5ead6fe0df6f665aa5c8769e354073430e03b72c9475dd00f396653e,,source_or_local,no,
صبراتة/DJI_0288.JPG,DJI_0288.JPG,.jpg,12021760,5280,3956,eb3970495dd0618e3c722209f9701402e35eb2f992110fb65a24280039f1508e,,source_or_local,no,DUP-0162
صبراتة/WhatsApp Image 2026-08-05 at 21.59.06.jpeg,WhatsApp Image 2026-08-05 at 21.59.06.jpeg,.jpeg,138785,1080,740,4ca3ffb2019318df3c83531a5caa2f5f6eff7a7eec5a511ab893d8767e354a32,,source_or_local,no,DUP-0178
صبراتة/WhatsApp Image 2026-08-05 at 21.59.09 (1).jpeg,WhatsApp Image 2026-08-05 at 21.59.09 (1).jpeg,.jpeg,118588,719,1080,eccf6b71be56c86166401780e2402b7ff8fb439babc0499406fcf7dc211dd913,,source_or_local,no,DUP-0179
صبراتة/WhatsApp Image 2026-08-05 at 21.59.09 (10).jpeg,WhatsApp Image 2026-08-05 at 21.59.09 (10).jpeg,.jpeg,56433,1080,607,79a714259abbb473aeb4475673a82a8c3beecf2d552499e5fdaad06e2b95741d,,source_or_local,no,DUP-0171
صبراتة/WhatsApp Image 2026-08-05 at 21.59.09 (11).jpeg,WhatsApp Image 2026-08-05 at 21.59.09 (11).jpeg,.jpeg,103099,1080,810,cde16931e4188669990933393c2af01813d78b49d3bd30f8a948dd661edd42b7,,source_or_local,no,DUP-0183
صبراتة/WhatsApp Image 2026-08-05 at 21.59.09 (12).jpeg,WhatsApp Image 2026-08-05 at 21.59.09 (12).jpeg,.jpeg,95092,1080,810,8543d85120ab86d0886377648c50cf1a36d42a433be91446bce78c8a0b92bf34,,source_or_local,no,DUP-0173
صبراتة/WhatsApp Image 2026-08-05 at 21.59.09 (13).jpeg,WhatsApp Image 2026-08-05 at 21.59.09 (13).jpeg,.jpeg,133073,1080,810,b0e690a3a1e7811ca2e873279e41be5f748069dedc64d0a242263f331b2aac2d,,source_or_local,no,DUP-0188
صبراتة/WhatsApp Image 2026-08-05 at 21.59.09 (14).jpeg,WhatsApp Image 2026-08-05 at 21.59.09 (14).jpeg,.jpeg,140391,1080,810,5064cefce1d56fa525e4736a1268e9bf8362956b82462b6e5f1af9c89d1465be,,source_or_local,no,DUP-0181
صبراتة/WhatsApp Image 2026-08-05 at 21.59.09 (15).jpeg,WhatsApp Image 2026-08-05 at 21.59.09 (15).jpeg,.jpeg,168348,1080,810,b64f20b172d39393efde759f0634263baafb92bd21bb9bdb0dae6eb2411ce6d0,,source_or_local,no,DUP-0180
صبراتة/WhatsApp Image 2026-08-05 at 21.59.09 (16).jpeg,WhatsApp Image 2026-08-05 at 21.59.09 (16).jpeg,.jpeg,167644,1080,810,18bdc7bd5a1a9c8097fbde2a5487633866702a3df92e7c271bbfb26851054864,,source_or_local,no,DUP-0186
صبراتة/WhatsApp Image 2026-08-05 at 21.59.09 (17).jpeg,WhatsApp Image 2026-08-05 at 21.59.09 (17).jpeg,.jpeg,138831,1080,810,7fe74187db4bec69faedef65d7420a80c765b86a671d7ccf465e399df6e7c7ce,,source_or_local,no,DUP-0169
صبراتة/WhatsApp Image 2026-08-05 at 21.59.09 (18).jpeg,WhatsApp Image 2026-08-05 at 21.59.09 (18).jpeg,.jpeg,106699,1080,810,9716ec8858b9c46b7ee7f7b8f46d974ab6d401aca3549394a94b59257bd46e80,,source_or_local,no,DUP-0177
صبراتة/WhatsApp Image 2026-08-05 at 21.59.09 (19).jpeg,WhatsApp Image 2026-08-05 at 21.59.09 (19).jpeg,.jpeg,108988,1080,810,be5c5985d7584035044c9db388bfef786e18c598e7ac6f627a2842ed86700099,,source_or_local,no,DUP-0167
صبراتة/WhatsApp Image 2026-08-05 at 21.59.09 (2).jpeg,WhatsApp Image 2026-08-05 at 21.59.09 (2).jpeg,.jpeg,107496,719,1080,9f7b43ac2c740661dae8e7e57505c9168b6b3e07bd810de3c0cf7c7c24feac5b,,source_or_local,no,DUP-0189
صبراتة/WhatsApp Image 2026-08-05 at 21.59.09 (3).jpeg,WhatsApp Image 2026-08-05 at 21.59.09 (3).jpeg,.jpeg,110363,810,1080,7a2f06d9772faf06005d514b7d2d2e53430712b09e53b20c9c1646d9b59d0155,,source_or_local,no,DUP-0185
صبراتة/WhatsApp Image 2026-08-05 at 21.59.09 (4).jpeg,WhatsApp Image 2026-08-05 at 21.59.09 (4).jpeg,.jpeg,146710,1080,810,c66222d8162179ac4c65cea6b0222b2be79039a0dee5f189dd0a5f282733a7fd,,source_or_local,no,DUP-0184
صبراتة/WhatsApp Image 2026-08-05 at 21.59.09 (5).jpeg,WhatsApp Image 2026-08-05 at 21.59.09 (5).jpeg,.jpeg,80177,1080,810,885ddc4369381c6c08e55c6d91d48e1d6ad625b82b55e753bb645b5d4b78484e,,source_or_local,no,DUP-0170
صبراتة/WhatsApp Image 2026-08-05 at 21.59.09 (6).jpeg,WhatsApp Image 2026-08-05 at 21.59.09 (6).jpeg,.jpeg,117111,1080,810,33e19243eabb3dee729072e3b12870aeace549fc8394085d929a115ab8fb8e81,,source_or_local,no,DUP-0174
صبراتة/WhatsApp Image 2026-08-05 at 21.59.09 (7).jpeg,WhatsApp Image 2026-08-05 at 21.59.09 (7).jpeg,.jpeg,103605,1080,810,8d31133359bc0d2d9332e86089f8e7c21954851157fff9a09f868acc36bf8fe8,,source_or_local,no,DUP-0187
صبراتة/WhatsApp Image 2026-08-05 at 21.59.09 (8).jpeg,WhatsApp Image 2026-08-05 at 21.59.09 (8).jpeg,.jpeg,82034,1080,607,35f36ef495f1489701843e7cf793eb0d9ae2edf524d7bf0db2837d2c729749e2,,source_or_local,no,DUP-0168
صبراتة/WhatsApp Image 2026-08-05 at 21.59.09 (9).jpeg,WhatsApp Image 2026-08-05 at 21.59.09 (9).jpeg,.jpeg,110208,1080,810,63d90877d817c844550d8bd658b831902afa3b5f46856af023de5593b3381164,,source_or_local,no,DUP-0182
صبراتة/WhatsApp Image 2026-08-05 at 21.59.09.jpeg,WhatsApp Image 2026-08-05 at 21.59.09.jpeg,.jpeg,87999,1080,719,45d3d3d92abb853bd0bfa803f628570541f6ff3139a4e68dd3cc7b0cde9c03aa,,source_or_local,no,DUP-0176
صبراتة/sabratha-museum-entrance2[1].jpg,sabratha-museum-entrance2[1].jpg,.jpg,52787,500,308,da4cce468fdabc9bd62e1027f3d36e3a253c9a9fefd7febddce76bbe395ebf0f,sabratha,source_or_local,no,DUP-0190
صبراتة/الحمامات.jpg,الحمامات.jpg,.jpg,1055459,3215,1805,3ee7ec18fd8960e32a1c1ae918e6ba5d1c9a7a5b2f775e7178b92ffb5804a373,,source_or_local,no,DUP-0172
صبراتة/الضريح البونيقي.jpg,الضريح البونيقي.jpg,.jpg,1007536,3192,1815,b0b40b0dbe78ea04c12e638d9029e382538afd05490693c8c6b5ae489b03daf3,,source_or_local,no,DUP-0165
صبراتة/الضريح البونيقي1.jpg,الضريح البونيقي1.jpg,.jpg,2388550,1454,2195,9b22295c56974ef94e23e614f2eb8a5aa3ccc9f7ae5dca25d873f3858133e33f,,source_or_local,no,DUP-0166
صبراتة/المتحف.JPG,المتحف.JPG,.jpg,12013568,5280,3956,dd67f5ff23017e2975795ef9a8437d1485202c0be67498250178f9b10527b334,,source_or_local,no,DUP-0191
صبراتة/المسرح صبراتة 3.jpg,المسرح صبراتة 3.jpg,.jpg,188686,1024,677,9d9393fc6999022a72361365fc1eab26eca02a8cdf8af0e481d4cd0ab4dbd617,صبراتة,source_or_local,no,DUP-0192
صبراتة/المسرح صبراتة 4.jpeg,المسرح صبراتة 4.jpeg,.jpeg,166535,1280,878,5a9437742408113759cf95e84a702fdcb10f9450ce8d156c089f3ca3e8257f7a,صبراتة,source_or_local,no,DUP-0193
صبراتة/المسرح صبراتة1.jpg,المسرح صبراتة1.jpg,.jpg,3955948,3840,2160,81e07c53392cb3a9f338a46b11f08c4e9c13c7b247291b67e0cac961a9a95b50,صبراتة,source_or_local,no,DUP-0194
صبراتة/المسرح صبراتة2.jpg,المسرح صبراتة2.jpg,.jpg,150951,800,600,beed310631126a0e860260c4eea278401b097a6e34c0088b08e0be5ef7e36849,صبراتة,source_or_local,no,DUP-0195
صبراتة/المسرح صبراتة4.jpg,المسرح صبراتة4.jpg,.jpg,201554,1024,677,52b65502e4686a4e446266e0065fff9e2a6215d4272e1d1da0f3a971e262429b,صبراتة,source_or_local,no,DUP-0196
صبراتة/المسرح صبراتة5.jpg,المسرح صبراتة5.jpg,.jpg,149422,400,300,204859f82d17e1b02cb8040d7992c3b1f7202ca0c541e53df66189ab9625eeba,صبراتة,source_or_local,no,DUP-0197
صبراتة/المسرح صبراتة6.JPG,المسرح صبراتة6.JPG,.jpg,10928128,5280,3956,704bad17eb02a3e0b40398d8aa335fa394830f6b81e4ed013af3fdb2c440a566,صبراتة,source_or_local,no,DUP-0198
صبراتة/المسرح صبراتة8.JPG,المسرح صبراتة8.JPG,.jpg,12038144,5280,3956,467640aa178dd4897a0ad8d1ea3a1eec06d5f6d8117e6f635bfdc9f5ad094cd1,صبراتة,source_or_local,no,DUP-0199
صبراتة/صبراتة  5.jpg,صبراتة  5.jpg,.jpg,104934,800,600,e40fc1fcce86b63f8d1455ce4724a24d3436db4d6086790c06b215ecaed6448f,صبراتة,source_or_local,no,DUP-0163
صبراتة/صبراتة 6.jpg,صبراتة 6.jpg,.jpg,60018,640,411,9b279cab28e912618c82235b3823b21ebc3473fcfa4c607adbd0b2e8e08335f4,صبراتة,source_or_local,no,DUP-0164
صبراتة/فسيفساء صبراتة.jpg,فسيفساء صبراتة.jpg,.jpg,1110852,1412,945,0ff696c7237f3719e11a7597c938755468286b6e6cf0d95412c4c5e8e28a5bb6,صبراتة,source_or_local,no,DUP-0175
صبراتة/ميدان المصارعة.JPG,ميدان المصارعة.JPG,.jpg,13713408,5280,3956,a37938d4b1cfe62204533b988828e96d018125c71a97e841dc217d0acf346eaa,,source_or_local,no,DUP-0160
صبراتة/ميدان المصارعة1.JPG,ميدان المصارعة1.JPG,.jpg,13586432,5280,3956,7c7fc13984546131c2b931bd8864fe06359d8e9fa319bde0c5907d698d55ef68,,source_or_local,no,DUP-0161
غدامس/1300130.jpg,1300130.jpg,.jpg,115582,500,333,32ccd7647554775e30f296827c5a6ba16ee310518ebef8196ae87432f0936e08,,source_or_local,no,DUP-0060
غدامس/1459892.jpg,1459892.jpg,.jpg,149410,375,500,92975d275bfd721bec06736f36f15bfd79d02b0b335a5714de2920b5c51e70f1,,source_or_local,no,DUP-0063
غدامس/21311866.jpg,21311866.jpg,.jpg,47592,500,375,c7a3f09db11ca52a6d247355bc14f650fcf9abe73a49df9c03e96f9a476dfc6a,,source_or_local,no,DUP-0053
غدامس/21311876.jpg,21311876.jpg,.jpg,53687,500,375,5e686538a580a3d1930238985e393d64a0fcba8414e1d0458b6b839dae8343da,,source_or_local,no,DUP-0077
غدامس/21311890.jpg,21311890.jpg,.jpg,53967,375,500,aea8c2a3239b51c31fdcc7b97cba96687c1bf727c4649ac53ea806bfbea5c37c,,source_or_local,no,DUP-0074
غدامس/21311896.jpg,21311896.jpg,.jpg,66545,375,500,312a6989b83faab4d89668169c491a15d406534ed311d5ce6986685aeded2e0d,,source_or_local,no,DUP-0064
غدامس/274492.jpg,274492.jpg,.jpg,40483,500,375,9d891c24d5e4381af073101882fc00eebf4f4d495a8e0e48fd4d3a1385cf0ce5,,source_or_local,no,DUP-0078
غدامس/274526.jpg,274526.jpg,.jpg,72777,375,500,f2152acc71c250869a53697f3f753825db11a5af8235b0e3c32fb0db15b59680,,source_or_local,no,DUP-0052
غدامس/274527.jpg,274527.jpg,.jpg,69044,375,500,c1a8b2318b67e9757d8fb35527651b034a017fcf8de7a92cb72934134f9bda65,,source_or_local,no,DUP-0067
غدامس/27860001.jpg,27860001.jpg,.jpg,22084,500,332,3da45b0cab7bceff3584b0f8159eb3f1d948fa9593c2303b4682c6a2b1e58756,,source_or_local,no,DUP-0076
غدامس/311970_425424474161106_853650539_n (2).jpg,311970_425424474161106_853650539_n (2).jpg,.jpg,73520,380,285,307def7ec95267a08372f47bd2d83e0ab34aa82c2c04626becd3be6d4d2df2f3,,source_or_local,no,DUP-0059
غدامس/311970_425424474161106_853650539_n.jpg,311970_425424474161106_853650539_n.jpg,.jpg,73520,380,285,307def7ec95267a08372f47bd2d83e0ab34aa82c2c04626becd3be6d4d2df2f3,,source_or_local,no,DUP-0059
غدامس/450A4725.JPG,450A4725.JPG,.jpg,2569055,2880,1920,1f6ed14b121df10e7deec89ecbc44f37810ed01d3a809e1ce30e4dd38030d673,,source_or_local,no,DUP-0061
غدامس/450A4729.JPG,450A4729.JPG,.jpg,1450141,1920,2880,6a656d79b3c54805ebe75f936b9a9422b1d267c45f2d03a8e310f1b45906164e,,source_or_local,no,DUP-0057
غدامس/450A4841.JPG,450A4841.JPG,.jpg,1644703,2880,1920,75ee90bf1b00b9de2384f2dcd4b614dfaa7fd1b25eccfc678dcf896d3fcf691c,,source_or_local,no,DUP-0065
غدامس/450A4869.JPG,450A4869.JPG,.jpg,1818176,2880,1920,8e6dd6e35d9714e087d50b60c387deacea88f9f8d7b2f600fcab43e0d7679d9d,,source_or_local,no,DUP-0081
غدامس/450A4915.JPG,450A4915.JPG,.jpg,2201861,2880,1920,b9c359b47a5d52f8516c45ecf0c0310ef42718f8d36e955059db18b4a7c1b5b3,,source_or_local,no,DUP-0080
غدامس/450A4922.JPG,450A4922.JPG,.jpg,2540200,1920,2880,aecb1de1bc79b2792fd73084ec936a6f6819ce799242395101226686c4cc01d8,,source_or_local,no,DUP-0054
غدامس/450A4964.JPG,450A4964.JPG,.jpg,2006404,2880,1920,7b73cc47989fcec28d1298db9a8d7471a3de09f39c6d2496466dcc6bcb3eec34,,source_or_local,no,DUP-0055
غدامس/450A5010.JPG,450A5010.JPG,.jpg,2717547,1920,2880,c63e1dfc25331d38d136685f61a34f7dad8ed5dd76439ef59db0138903e440dc,,source_or_local,no,DUP-0073
غدامس/450A5043.JPG,450A5043.JPG,.jpg,2378195,1920,2880,ffe3043eff05889392970595a89787c169cb44e9cb9739614209d41e07096af5,,source_or_local,no,DUP-0075
غدامس/450A5140 (2).JPG,450A5140 (2).JPG,.jpg,2150386,2880,1920,7cacaf262a2dbf7431a580ab9661954475b8dfa0fa62e610a9deaa96d32fc1d1,,source_or_local,no,DUP-0058
غدامس/450A5140.JPG,450A5140.JPG,.jpg,2150386,2880,1920,7cacaf262a2dbf7431a580ab9661954475b8dfa0fa62e610a9deaa96d32fc1d1,,source_or_local,no,DUP-0058
غدامس/450A5211.JPG,450A5211.JPG,.jpg,2925371,2880,1920,f09fffaba7bf2c3f77e16318f0b7be979a9c73efa019571d7f43c46c601fc9a4,,source_or_local,no,DUP-0056
غدامس/46137521.jpg,46137521.jpg,.jpg,15075,500,375,03f6915f70a868bbf29f8fedeff94554b549688cd2b568b1f9c1546981bf318b,,source_or_local,no,DUP-0062
غدامس/61.jpg,61.jpg,.jpg,26819,550,412,7aab1b4e10933e9d2545d9b9326b444888e90dbdcf6d80e0670e15fc17f9832a,,source_or_local,no,DUP-0048
غدامس/62.jpg,62.jpg,.jpg,4640188,2592,3872,bcfb83e058a36f7ab1477724455c503404749f108b74f0db5499e4dc7591c92a,,source_or_local,no,DUP-0066
غدامس/63.JPG,63.JPG,.jpg,489866,1440,810,16de61ef105abf12b73a822d7f85238ead98c35729d0c3d3a2eebcb68ff49add,,source_or_local,no,DUP-0072
غدامس/65.JPG,65.JPG,.jpg,583818,1440,810,22cbc73eea879a58aad189c591125ef2ac79918c5b8fe5e3d67d7f8be57cffd4,,source_or_local,no,DUP-0069
غدامس/7206439.jpg,7206439.jpg,.jpg,29534,341,500,fb520bfd26cee3404be09ff9d41d4dae8243b20ae0167dfda1690ce097fd7289,,source_or_local,no,DUP-0071
غدامس/84220331.jpg,84220331.jpg,.jpg,29326,500,333,3b7ec64582d744a248b75ac33e25d037973c058091d2edab46c0e01175e2d7e6,,source_or_local,no,DUP-0079
غدامس/Ali (287).jpg,Ali (287).jpg,.jpg,1239473,2056,1372,67b85a26d25ae861f02ec8d88846af8e649c3f9599a68f9d08d63eee3f1880b5,,source_or_local,no,DUP-0068
غدامس/hosting-ee87349515.jpg,hosting-ee87349515.jpg,.jpg,324533,567,425,477b6ebfc69941686a38af61051d877036e2c78180cefea0475c3c3dc3d186b0,,source_or_local,no,DUP-0070
غدامس/عين الفرس.jpg,عين الفرس.jpg,.jpg,199555,1024,767,6f066c42758c6d432117001be7680452a63c760ac373287547b18bd948acac7e,عين,source_or_local,no,DUP-0047
غدامس/غدامس  1.jpg,غدامس  1.jpg,.jpg,26819,550,412,7aab1b4e10933e9d2545d9b9326b444888e90dbdcf6d80e0670e15fc17f9832a,غدامس,source_or_local,no,DUP-0048
غدامس/غدامس  3.jpg,غدامس  3.jpg,.jpg,137958,356,500,34513b16d682e7935f66a2de048be0bf22c5f9a130295c6d6f5e1040055953fd,غدامس,source_or_local,no,DUP-0049
غدامس/غدامس  4.jpg,غدامس  4.jpg,.jpg,32666,400,300,ce660462b54e52ff2b62408dbdca16435857c6e163a7e559ea5c1e57be39a2b9,غدامس,source_or_local,no,DUP-0050
غدامس/غدامس  5.jpg,غدامس  5.jpg,.jpg,91608,375,500,b4f82929b52590fad77d540ff57c6428dd13aa390e5ce0e5130b717cb549ce52,غدامس,source_or_local,no,DUP-0051
